Copyright 1986-2021 Xilinx, Inc. All Rights Reserved.
---------------------------------------------------------------------------------------------------------------------------------------------------------------------------------------------------------------------------
| Tool Version      : Vivado v.2021.2 (win64) Build 3367213 Tue Oct 19 02:48:09 MDT 2021
| Date              : Tue Sep 15 17:56:46 2026
| Host              : nc23 running 64-bit major release  (build 9200)
| Command           : report_timing_summary -delay_type max -max_paths 20 -file {E:/GPU ARCH/vector_core_sim/turbovla_w8a8_pack2/hw/v3_2026-09-15_174639_vivado_impl/reports/250MHz_impl/reports/synth_timing_summary.rpt}
| Design            : tvla_w8a8_pack2_system_top
| Device            : xczu7ev-ffvc1156
| Speed File        : -2  PRODUCTION 1.29 08-03-2020
| Temperature Grade : E
---------------------------------------------------------------------------------------------------------------------------------------------------------------------------------------------------------------------------

Timing Summary Report

------------------------------------------------------------------------------------------------
| Timer Settings
| --------------
------------------------------------------------------------------------------------------------

  Enable Multi Corner Analysis               :  Yes
  Enable Pessimism Removal                   :  Yes
  Pessimism Removal Resolution               :  Nearest Common Node
  Enable Input Delay Default Clock           :  No
  Enable Preset / Clear Arcs                 :  No
  Disable Flight Delays                      :  No
  Ignore I/O Paths                           :  No
  Timing Early Launch at Borrowing Latches   :  No
  Borrow Time for Max Delay Exceptions       :  Yes
  Merge Timing Exceptions                    :  Yes

  Corner  Analyze    Analyze    
  Name    Max Paths  Min Paths  
  ------  ---------  ---------  
  Slow    Yes        Yes        
  Fast    Yes        Yes        


------------------------------------------------------------------------------------------------
| Report Methodology
| ------------------
------------------------------------------------------------------------------------------------

No report available as report_methodology has not been run prior. Run report_methodology on the current design for the summary of methodology violations.



check_timing report

Table of Contents
-----------------
1. checking no_clock (0)
2. checking constant_clock (0)
3. checking pulse_width_clock (0)
4. checking unconstrained_internal_endpoints (0)
5. checking no_input_delay (1300)
6. checking no_output_delay (7365)
7. checking multiple_clock (0)
8. checking generated_clocks (0)
9. checking loops (0)
10. checking partial_input_delay (0)
11. checking partial_output_delay (0)
12. checking latch_loops (0)

1. checking no_clock (0)
------------------------
 There are 0 register/latch pins with no clock.


2. checking constant_clock (0)
------------------------------
 There are 0 register/latch pins with constant_clock.


3. checking pulse_width_clock (0)
---------------------------------
 There are 0 register/latch pins which need pulse_width check


4. checking unconstrained_internal_endpoints (0)
------------------------------------------------
 There are 0 pins that are not constrained for maximum delay.

 There are 0 pins that are not constrained for maximum delay due to constant clock.


5. checking no_input_delay (1300)
---------------------------------
 There are 1300 input ports with no input delay specified. (HIGH)

 There are 0 input ports with no input delay but user has a false path constraint.


6. checking no_output_delay (7365)
----------------------------------
 There are 7365 ports with no output delay specified. (HIGH)

 There are 0 ports with no output delay but user has a false path constraint

 There are 0 ports with no output delay but with a timing clock defined on it or propagating through it


7. checking multiple_clock (0)
------------------------------
 There are 0 register/latch pins with multiple clocks.


8. checking generated_clocks (0)
--------------------------------
 There are 0 generated clocks that are not connected to a clock source.


9. checking loops (0)
---------------------
 There are 0 combinational loops in the design.


10. checking partial_input_delay (0)
------------------------------------
 There are 0 input ports with partial input delay specified.


11. checking partial_output_delay (0)
-------------------------------------
 There are 0 ports with partial output delay specified.


12. checking latch_loops (0)
----------------------------
 There are 0 combinational latch loops in the design through latch input



------------------------------------------------------------------------------------------------
| Design Timing Summary
| ---------------------
------------------------------------------------------------------------------------------------

    WNS(ns)      TNS(ns)  TNS Failing Endpoints  TNS Total Endpoints     WPWS(ns)     TPWS(ns)  TPWS Failing Endpoints  TPWS Total Endpoints  
    -------      -------  ---------------------  -------------------     --------     --------  ----------------------  --------------------  
      1.820        0.000                      0               375842        1.468        0.000                       0                188821  


All user specified timing constraints are met.


------------------------------------------------------------------------------------------------
| Clock Summary
| -------------
------------------------------------------------------------------------------------------------

Clock  Waveform(ns)         Period(ns)      Frequency(MHz)
-----  ------------         ----------      --------------
clk    {0.000 2.000}        4.000           250.000         


------------------------------------------------------------------------------------------------
| Intra Clock Table
| -----------------
------------------------------------------------------------------------------------------------

Clock             WNS(ns)      TNS(ns)  TNS Failing Endpoints  TNS Total Endpoints     WPWS(ns)     TPWS(ns)  TPWS Failing Endpoints  TPWS Total Endpoints  
-----             -------      -------  ---------------------  -------------------     --------     --------  ----------------------  --------------------  
clk                 1.820        0.000                      0               375842        1.468        0.000                       0                188821  


------------------------------------------------------------------------------------------------
| Inter Clock Table
| -----------------
------------------------------------------------------------------------------------------------

From Clock    To Clock          WNS(ns)      TNS(ns)  TNS Failing Endpoints  TNS Total Endpoints  
----------    --------          -------      -------  ---------------------  -------------------  


------------------------------------------------------------------------------------------------
| Other Path Groups Table
| -----------------------
------------------------------------------------------------------------------------------------

Path Group    From Clock    To Clock          WNS(ns)      TNS(ns)  TNS Failing Endpoints  TNS Total Endpoints  
----------    ----------    --------          -------      -------  ---------------------  -------------------  


------------------------------------------------------------------------------------------------
| Timing Details
| --------------
------------------------------------------------------------------------------------------------


---------------------------------------------------------------------------------------------------
From Clock:  clk
  To Clock:  clk

Setup :            0  Failing Endpoints,  Worst Slack        1.820ns,  Total Violation        0.000ns
Hold  :           NA  Failing Endpoints,  Worst Slack           NA  ,  Total Violation           NA
PW    :            0  Failing Endpoints,  Worst Slack        1.468ns,  Total Violation        0.000ns
---------------------------------------------------------------------------------------------------


Max Delay Paths
--------------------------------------------------------------------------------------
Slack (MET) :             1.820ns  (required time - arrival time)
  Source:                 u_replay/result_valid_r_reg/C
                            (rising edge-triggered cell FDCE clocked by clk  {rise@0.000ns fall@2.000ns period=4.000ns})
  Destination:            u_replay/result_data_r_reg[0]/CE
                            (rising edge-triggered cell FDCE clocked by clk  {rise@0.000ns fall@2.000ns period=4.000ns})
  Path Group:             clk
  Path Type:              Setup (Max at Slow Process Corner)
  Requirement:            4.000ns  (clk rise@4.000ns - clk rise@0.000ns)
  Data Path Delay:        1.889ns  (logic 0.553ns (29.275%)  route 1.336ns (70.725%))
  Logic Levels:           5  (LUT3=2 LUT6=3)
  Clock Path Skew:        -0.145ns (DCD - SCD + CPR)
    Destination Clock Delay (DCD):    2.927ns = ( 6.927 - 4.000 ) 
    Source Clock Delay      (SCD):    3.355ns
    Clock Pessimism Removal (CPR):    0.283ns
  Clock Uncertainty:      0.085ns  ((TSJ^2 + TIJ^2)^1/2 + DJ) / 2 + PE + UU
    Total System Jitter     (TSJ):    0.071ns
    Total Input Jitter      (TIJ):    0.000ns
    Discrete Jitter          (DJ):    0.000ns
    Phase Error              (PE):    0.000ns
    User Uncertainty         (UU):    0.050ns

    Location             Delay type                Incr(ns)  Path(ns)    Netlist Resource(s)
  -------------------------------------------------------------------    -------------------
                         (clock clk rise edge)        0.000     0.000 r  
                                                      0.000     0.000 r  clk (IN)
                         net (fo=0)                   0.000     0.000    clk_IBUF_inst/I
                         INBUF (Prop_INBUF_PAD_O)     0.582     0.582 r  clk_IBUF_inst/INBUF_INST/O
                         net (fo=1, unplaced)         0.000     0.582    clk_IBUF_inst/OUT
                         IBUFCTRL (Prop_IBUFCTRL_I_O)
                                                      0.000     0.582 r  clk_IBUF_inst/IBUFCTRL_INST/O
                         net (fo=1, unplaced)         0.161     0.743    clk_IBUF
                         BUFGCE (Prop_BUFGCE_I_O)     0.028     0.771 r  clk_IBUF_BUFG_inst/O
                         net (fo=192660, unplaced)    2.584     3.355    u_replay/clk_IBUF_BUFG
                         FDCE                                         r  u_replay/result_valid_r_reg/C
  -------------------------------------------------------------------    -------------------
                         FDCE (Prop_FDCE_C_Q)         0.077     3.432 f  u_replay/result_valid_r_reg/Q
                         net (fo=5, unplaced)         0.172     3.604    u_replay/output_valid_OBUF
                         LUT6 (Prop_LUT6_I0_O)        0.150     3.754 r  u_replay/cmd_ready_OBUF_inst_i_3/O
                         net (fo=1, unplaced)         0.141     3.895    u_replay/cmd_ready_OBUF_inst_i_3_n_0
                         LUT6 (Prop_LUT6_I1_O)        0.100     3.995 r  u_replay/cmd_ready_OBUF_inst_i_1/O
                         net (fo=4, unplaced)         0.197     4.192    u_replay/cmd_ready_OBUF
                         LUT3 (Prop_LUT3_I1_O)        0.038     4.230 r  u_replay/fifo_head[3]_i_1/O
                         net (fo=561, unplaced)       0.230     4.460    u_replay/fifo_head
                         LUT6 (Prop_LUT6_I0_O)        0.150     4.610 r  u_replay/array_clr_i_1/O
                         net (fo=316, unplaced)       0.297     4.907    u_replay/array_feed_enable3_out
                         LUT3 (Prop_LUT3_I2_O)        0.038     4.945 r  u_replay/result_data_r[3071]_i_1/O
                         net (fo=2592, unplaced)      0.299     5.244    u_replay/result_valid_r
                         FDCE                                         r  u_replay/result_data_r_reg[0]/CE
  -------------------------------------------------------------------    -------------------

                         (clock clk rise edge)        4.000     4.000 r  
                                                      0.000     4.000 r  clk (IN)
                         net (fo=0)                   0.000     4.000    clk_IBUF_inst/I
                         INBUF (Prop_INBUF_PAD_O)     0.331     4.331 r  clk_IBUF_inst/INBUF_INST/O
                         net (fo=1, unplaced)         0.000     4.331    clk_IBUF_inst/OUT
                         IBUFCTRL (Prop_IBUFCTRL_I_O)
                                                      0.000     4.331 r  clk_IBUF_inst/IBUFCTRL_INST/O
                         net (fo=1, unplaced)         0.133     4.464    clk_IBUF
                         BUFGCE (Prop_BUFGCE_I_O)     0.024     4.488 r  clk_IBUF_BUFG_inst/O
                         net (fo=192660, unplaced)    2.439     6.927    u_replay/clk_IBUF_BUFG
                         FDCE                                         r  u_replay/result_data_r_reg[0]/C
                         clock pessimism              0.283     7.210    
                         clock uncertainty           -0.085     7.125    
                         FDCE (Setup_FDCE_C_CE)      -0.061     7.064    u_replay/result_data_r_reg[0]
  -------------------------------------------------------------------
                         required time                          7.064    
                         arrival time                          -5.244    
  -------------------------------------------------------------------
                         slack                                  1.820    

Slack (MET) :             1.820ns  (required time - arrival time)
  Source:                 u_replay/result_valid_r_reg/C
                            (rising edge-triggered cell FDCE clocked by clk  {rise@0.000ns fall@2.000ns period=4.000ns})
  Destination:            u_replay/result_data_r_reg[1000]/CE
                            (rising edge-triggered cell FDCE clocked by clk  {rise@0.000ns fall@2.000ns period=4.000ns})
  Path Group:             clk
  Path Type:              Setup (Max at Slow Process Corner)
  Requirement:            4.000ns  (clk rise@4.000ns - clk rise@0.000ns)
  Data Path Delay:        1.889ns  (logic 0.553ns (29.275%)  route 1.336ns (70.725%))
  Logic Levels:           5  (LUT3=2 LUT6=3)
  Clock Path Skew:        -0.145ns (DCD - SCD + CPR)
    Destination Clock Delay (DCD):    2.927ns = ( 6.927 - 4.000 ) 
    Source Clock Delay      (SCD):    3.355ns
    Clock Pessimism Removal (CPR):    0.283ns
  Clock Uncertainty:      0.085ns  ((TSJ^2 + TIJ^2)^1/2 + DJ) / 2 + PE + UU
    Total System Jitter     (TSJ):    0.071ns
    Total Input Jitter      (TIJ):    0.000ns
    Discrete Jitter          (DJ):    0.000ns
    Phase Error              (PE):    0.000ns
    User Uncertainty         (UU):    0.050ns

    Location             Delay type                Incr(ns)  Path(ns)    Netlist Resource(s)
  -------------------------------------------------------------------    -------------------
                         (clock clk rise edge)        0.000     0.000 r  
                                                      0.000     0.000 r  clk (IN)
                         net (fo=0)                   0.000     0.000    clk_IBUF_inst/I
                         INBUF (Prop_INBUF_PAD_O)     0.582     0.582 r  clk_IBUF_inst/INBUF_INST/O
                         net (fo=1, unplaced)         0.000     0.582    clk_IBUF_inst/OUT
                         IBUFCTRL (Prop_IBUFCTRL_I_O)
                                                      0.000     0.582 r  clk_IBUF_inst/IBUFCTRL_INST/O
                         net (fo=1, unplaced)         0.161     0.743    clk_IBUF
                         BUFGCE (Prop_BUFGCE_I_O)     0.028     0.771 r  clk_IBUF_BUFG_inst/O
                         net (fo=192660, unplaced)    2.584     3.355    u_replay/clk_IBUF_BUFG
                         FDCE                                         r  u_replay/result_valid_r_reg/C
  -------------------------------------------------------------------    -------------------
                         FDCE (Prop_FDCE_C_Q)         0.077     3.432 f  u_replay/result_valid_r_reg/Q
                         net (fo=5, unplaced)         0.172     3.604    u_replay/output_valid_OBUF
                         LUT6 (Prop_LUT6_I0_O)        0.150     3.754 r  u_replay/cmd_ready_OBUF_inst_i_3/O
                         net (fo=1, unplaced)         0.141     3.895    u_replay/cmd_ready_OBUF_inst_i_3_n_0
                         LUT6 (Prop_LUT6_I1_O)        0.100     3.995 r  u_replay/cmd_ready_OBUF_inst_i_1/O
                         net (fo=4, unplaced)         0.197     4.192    u_replay/cmd_ready_OBUF
                         LUT3 (Prop_LUT3_I1_O)        0.038     4.230 r  u_replay/fifo_head[3]_i_1/O
                         net (fo=561, unplaced)       0.230     4.460    u_replay/fifo_head
                         LUT6 (Prop_LUT6_I0_O)        0.150     4.610 r  u_replay/array_clr_i_1/O
                         net (fo=316, unplaced)       0.297     4.907    u_replay/array_feed_enable3_out
                         LUT3 (Prop_LUT3_I2_O)        0.038     4.945 r  u_replay/result_data_r[3071]_i_1/O
                         net (fo=2592, unplaced)      0.299     5.244    u_replay/result_valid_r
                         FDCE                                         r  u_replay/result_data_r_reg[1000]/CE
  -------------------------------------------------------------------    -------------------

                         (clock clk rise edge)        4.000     4.000 r  
                                                      0.000     4.000 r  clk (IN)
                         net (fo=0)                   0.000     4.000    clk_IBUF_inst/I
                         INBUF (Prop_INBUF_PAD_O)     0.331     4.331 r  clk_IBUF_inst/INBUF_INST/O
                         net (fo=1, unplaced)         0.000     4.331    clk_IBUF_inst/OUT
                         IBUFCTRL (Prop_IBUFCTRL_I_O)
                                                      0.000     4.331 r  clk_IBUF_inst/IBUFCTRL_INST/O
                         net (fo=1, unplaced)         0.133     4.464    clk_IBUF
                         BUFGCE (Prop_BUFGCE_I_O)     0.024     4.488 r  clk_IBUF_BUFG_inst/O
                         net (fo=192660, unplaced)    2.439     6.927    u_replay/clk_IBUF_BUFG
                         FDCE                                         r  u_replay/result_data_r_reg[1000]/C
                         clock pessimism              0.283     7.210    
                         clock uncertainty           -0.085     7.125    
                         FDCE (Setup_FDCE_C_CE)      -0.061     7.064    u_replay/result_data_r_reg[1000]
  -------------------------------------------------------------------
                         required time                          7.064    
                         arrival time                          -5.244    
  -------------------------------------------------------------------
                         slack                                  1.820    

Slack (MET) :             1.820ns  (required time - arrival time)
  Source:                 u_replay/result_valid_r_reg/C
                            (rising edge-triggered cell FDCE clocked by clk  {rise@0.000ns fall@2.000ns period=4.000ns})
  Destination:            u_replay/result_data_r_reg[1001]/CE
                            (rising edge-triggered cell FDCE clocked by clk  {rise@0.000ns fall@2.000ns period=4.000ns})
  Path Group:             clk
  Path Type:              Setup (Max at Slow Process Corner)
  Requirement:            4.000ns  (clk rise@4.000ns - clk rise@0.000ns)
  Data Path Delay:        1.889ns  (logic 0.553ns (29.275%)  route 1.336ns (70.725%))
  Logic Levels:           5  (LUT3=2 LUT6=3)
  Clock Path Skew:        -0.145ns (DCD - SCD + CPR)
    Destination Clock Delay (DCD):    2.927ns = ( 6.927 - 4.000 ) 
    Source Clock Delay      (SCD):    3.355ns
    Clock Pessimism Removal (CPR):    0.283ns
  Clock Uncertainty:      0.085ns  ((TSJ^2 + TIJ^2)^1/2 + DJ) / 2 + PE + UU
    Total System Jitter     (TSJ):    0.071ns
    Total Input Jitter      (TIJ):    0.000ns
    Discrete Jitter          (DJ):    0.000ns
    Phase Error              (PE):    0.000ns
    User Uncertainty         (UU):    0.050ns

    Location             Delay type                Incr(ns)  Path(ns)    Netlist Resource(s)
  -------------------------------------------------------------------    -------------------
                         (clock clk rise edge)        0.000     0.000 r  
                                                      0.000     0.000 r  clk (IN)
                         net (fo=0)                   0.000     0.000    clk_IBUF_inst/I
                         INBUF (Prop_INBUF_PAD_O)     0.582     0.582 r  clk_IBUF_inst/INBUF_INST/O
                         net (fo=1, unplaced)         0.000     0.582    clk_IBUF_inst/OUT
                         IBUFCTRL (Prop_IBUFCTRL_I_O)
                                                      0.000     0.582 r  clk_IBUF_inst/IBUFCTRL_INST/O
                         net (fo=1, unplaced)         0.161     0.743    clk_IBUF
                         BUFGCE (Prop_BUFGCE_I_O)     0.028     0.771 r  clk_IBUF_BUFG_inst/O
                         net (fo=192660, unplaced)    2.584     3.355    u_replay/clk_IBUF_BUFG
                         FDCE                                         r  u_replay/result_valid_r_reg/C
  -------------------------------------------------------------------    -------------------
                         FDCE (Prop_FDCE_C_Q)         0.077     3.432 f  u_replay/result_valid_r_reg/Q
                         net (fo=5, unplaced)         0.172     3.604    u_replay/output_valid_OBUF
                         LUT6 (Prop_LUT6_I0_O)        0.150     3.754 r  u_replay/cmd_ready_OBUF_inst_i_3/O
                         net (fo=1, unplaced)         0.141     3.895    u_replay/cmd_ready_OBUF_inst_i_3_n_0
                         LUT6 (Prop_LUT6_I1_O)        0.100     3.995 r  u_replay/cmd_ready_OBUF_inst_i_1/O
                         net (fo=4, unplaced)         0.197     4.192    u_replay/cmd_ready_OBUF
                         LUT3 (Prop_LUT3_I1_O)        0.038     4.230 r  u_replay/fifo_head[3]_i_1/O
                         net (fo=561, unplaced)       0.230     4.460    u_replay/fifo_head
                         LUT6 (Prop_LUT6_I0_O)        0.150     4.610 r  u_replay/array_clr_i_1/O
                         net (fo=316, unplaced)       0.297     4.907    u_replay/array_feed_enable3_out
                         LUT3 (Prop_LUT3_I2_O)        0.038     4.945 r  u_replay/result_data_r[3071]_i_1/O
                         net (fo=2592, unplaced)      0.299     5.244    u_replay/result_valid_r
                         FDCE                                         r  u_replay/result_data_r_reg[1001]/CE
  -------------------------------------------------------------------    -------------------

                         (clock clk rise edge)        4.000     4.000 r  
                                                      0.000     4.000 r  clk (IN)
                         net (fo=0)                   0.000     4.000    clk_IBUF_inst/I
                         INBUF (Prop_INBUF_PAD_O)     0.331     4.331 r  clk_IBUF_inst/INBUF_INST/O
                         net (fo=1, unplaced)         0.000     4.331    clk_IBUF_inst/OUT
                         IBUFCTRL (Prop_IBUFCTRL_I_O)
                                                      0.000     4.331 r  clk_IBUF_inst/IBUFCTRL_INST/O
                         net (fo=1, unplaced)         0.133     4.464    clk_IBUF
                         BUFGCE (Prop_BUFGCE_I_O)     0.024     4.488 r  clk_IBUF_BUFG_inst/O
                         net (fo=192660, unplaced)    2.439     6.927    u_replay/clk_IBUF_BUFG
                         FDCE                                         r  u_replay/result_data_r_reg[1001]/C
                         clock pessimism              0.283     7.210    
                         clock uncertainty           -0.085     7.125    
                         FDCE (Setup_FDCE_C_CE)      -0.061     7.064    u_replay/result_data_r_reg[1001]
  -------------------------------------------------------------------
                         required time                          7.064    
                         arrival time                          -5.244    
  -------------------------------------------------------------------
                         slack                                  1.820    

Slack (MET) :             1.820ns  (required time - arrival time)
  Source:                 u_replay/result_valid_r_reg/C
                            (rising edge-triggered cell FDCE clocked by clk  {rise@0.000ns fall@2.000ns period=4.000ns})
  Destination:            u_replay/result_data_r_reg[1002]/CE
                            (rising edge-triggered cell FDCE clocked by clk  {rise@0.000ns fall@2.000ns period=4.000ns})
  Path Group:             clk
  Path Type:              Setup (Max at Slow Process Corner)
  Requirement:            4.000ns  (clk rise@4.000ns - clk rise@0.000ns)
  Data Path Delay:        1.889ns  (logic 0.553ns (29.275%)  route 1.336ns (70.725%))
  Logic Levels:           5  (LUT3=2 LUT6=3)
  Clock Path Skew:        -0.145ns (DCD - SCD + CPR)
    Destination Clock Delay (DCD):    2.927ns = ( 6.927 - 4.000 ) 
    Source Clock Delay      (SCD):    3.355ns
    Clock Pessimism Removal (CPR):    0.283ns
  Clock Uncertainty:      0.085ns  ((TSJ^2 + TIJ^2)^1/2 + DJ) / 2 + PE + UU
    Total System Jitter     (TSJ):    0.071ns
    Total Input Jitter      (TIJ):    0.000ns
    Discrete Jitter          (DJ):    0.000ns
    Phase Error              (PE):    0.000ns
    User Uncertainty         (UU):    0.050ns

    Location             Delay type                Incr(ns)  Path(ns)    Netlist Resource(s)
  -------------------------------------------------------------------    -------------------
                         (clock clk rise edge)        0.000     0.000 r  
                                                      0.000     0.000 r  clk (IN)
                         net (fo=0)                   0.000     0.000    clk_IBUF_inst/I
                         INBUF (Prop_INBUF_PAD_O)     0.582     0.582 r  clk_IBUF_inst/INBUF_INST/O
                         net (fo=1, unplaced)         0.000     0.582    clk_IBUF_inst/OUT
                         IBUFCTRL (Prop_IBUFCTRL_I_O)
                                                      0.000     0.582 r  clk_IBUF_inst/IBUFCTRL_INST/O
                         net (fo=1, unplaced)         0.161     0.743    clk_IBUF
                         BUFGCE (Prop_BUFGCE_I_O)     0.028     0.771 r  clk_IBUF_BUFG_inst/O
                         net (fo=192660, unplaced)    2.584     3.355    u_replay/clk_IBUF_BUFG
                         FDCE                                         r  u_replay/result_valid_r_reg/C
  -------------------------------------------------------------------    -------------------
                         FDCE (Prop_FDCE_C_Q)         0.077     3.432 f  u_replay/result_valid_r_reg/Q
                         net (fo=5, unplaced)         0.172     3.604    u_replay/output_valid_OBUF
                         LUT6 (Prop_LUT6_I0_O)        0.150     3.754 r  u_replay/cmd_ready_OBUF_inst_i_3/O
                         net (fo=1, unplaced)         0.141     3.895    u_replay/cmd_ready_OBUF_inst_i_3_n_0
                         LUT6 (Prop_LUT6_I1_O)        0.100     3.995 r  u_replay/cmd_ready_OBUF_inst_i_1/O
                         net (fo=4, unplaced)         0.197     4.192    u_replay/cmd_ready_OBUF
                         LUT3 (Prop_LUT3_I1_O)        0.038     4.230 r  u_replay/fifo_head[3]_i_1/O
                         net (fo=561, unplaced)       0.230     4.460    u_replay/fifo_head
                         LUT6 (Prop_LUT6_I0_O)        0.150     4.610 r  u_replay/array_clr_i_1/O
                         net (fo=316, unplaced)       0.297     4.907    u_replay/array_feed_enable3_out
                         LUT3 (Prop_LUT3_I2_O)        0.038     4.945 r  u_replay/result_data_r[3071]_i_1/O
                         net (fo=2592, unplaced)      0.299     5.244    u_replay/result_valid_r
                         FDCE                                         r  u_replay/result_data_r_reg[1002]/CE
  -------------------------------------------------------------------    -------------------

                         (clock clk rise edge)        4.000     4.000 r  
                                                      0.000     4.000 r  clk (IN)
                         net (fo=0)                   0.000     4.000    clk_IBUF_inst/I
                         INBUF (Prop_INBUF_PAD_O)     0.331     4.331 r  clk_IBUF_inst/INBUF_INST/O
                         net (fo=1, unplaced)         0.000     4.331    clk_IBUF_inst/OUT
                         IBUFCTRL (Prop_IBUFCTRL_I_O)
                                                      0.000     4.331 r  clk_IBUF_inst/IBUFCTRL_INST/O
                         net (fo=1, unplaced)         0.133     4.464    clk_IBUF
                         BUFGCE (Prop_BUFGCE_I_O)     0.024     4.488 r  clk_IBUF_BUFG_inst/O
                         net (fo=192660, unplaced)    2.439     6.927    u_replay/clk_IBUF_BUFG
                         FDCE                                         r  u_replay/result_data_r_reg[1002]/C
                         clock pessimism              0.283     7.210    
                         clock uncertainty           -0.085     7.125    
                         FDCE (Setup_FDCE_C_CE)      -0.061     7.064    u_replay/result_data_r_reg[1002]
  -------------------------------------------------------------------
                         required time                          7.064    
                         arrival time                          -5.244    
  -------------------------------------------------------------------
                         slack                                  1.820    

Slack (MET) :             1.820ns  (required time - arrival time)
  Source:                 u_replay/result_valid_r_reg/C
                            (rising edge-triggered cell FDCE clocked by clk  {rise@0.000ns fall@2.000ns period=4.000ns})
  Destination:            u_replay/result_data_r_reg[1003]/CE
                            (rising edge-triggered cell FDCE clocked by clk  {rise@0.000ns fall@2.000ns period=4.000ns})
  Path Group:             clk
  Path Type:              Setup (Max at Slow Process Corner)
  Requirement:            4.000ns  (clk rise@4.000ns - clk rise@0.000ns)
  Data Path Delay:        1.889ns  (logic 0.553ns (29.275%)  route 1.336ns (70.725%))
  Logic Levels:           5  (LUT3=2 LUT6=3)
  Clock Path Skew:        -0.145ns (DCD - SCD + CPR)
    Destination Clock Delay (DCD):    2.927ns = ( 6.927 - 4.000 ) 
    Source Clock Delay      (SCD):    3.355ns
    Clock Pessimism Removal (CPR):    0.283ns
  Clock Uncertainty:      0.085ns  ((TSJ^2 + TIJ^2)^1/2 + DJ) / 2 + PE + UU
    Total System Jitter     (TSJ):    0.071ns
    Total Input Jitter      (TIJ):    0.000ns
    Discrete Jitter          (DJ):    0.000ns
    Phase Error              (PE):    0.000ns
    User Uncertainty         (UU):    0.050ns

    Location             Delay type                Incr(ns)  Path(ns)    Netlist Resource(s)
  -------------------------------------------------------------------    -------------------
                         (clock clk rise edge)        0.000     0.000 r  
                                                      0.000     0.000 r  clk (IN)
                         net (fo=0)                   0.000     0.000    clk_IBUF_inst/I
                         INBUF (Prop_INBUF_PAD_O)     0.582     0.582 r  clk_IBUF_inst/INBUF_INST/O
                         net (fo=1, unplaced)         0.000     0.582    clk_IBUF_inst/OUT
                         IBUFCTRL (Prop_IBUFCTRL_I_O)
                                                      0.000     0.582 r  clk_IBUF_inst/IBUFCTRL_INST/O
                         net (fo=1, unplaced)         0.161     0.743    clk_IBUF
                         BUFGCE (Prop_BUFGCE_I_O)     0.028     0.771 r  clk_IBUF_BUFG_inst/O
                         net (fo=192660, unplaced)    2.584     3.355    u_replay/clk_IBUF_BUFG
                         FDCE                                         r  u_replay/result_valid_r_reg/C
  -------------------------------------------------------------------    -------------------
                         FDCE (Prop_FDCE_C_Q)         0.077     3.432 f  u_replay/result_valid_r_reg/Q
                         net (fo=5, unplaced)         0.172     3.604    u_replay/output_valid_OBUF
                         LUT6 (Prop_LUT6_I0_O)        0.150     3.754 r  u_replay/cmd_ready_OBUF_inst_i_3/O
                         net (fo=1, unplaced)         0.141     3.895    u_replay/cmd_ready_OBUF_inst_i_3_n_0
                         LUT6 (Prop_LUT6_I1_O)        0.100     3.995 r  u_replay/cmd_ready_OBUF_inst_i_1/O
                         net (fo=4, unplaced)         0.197     4.192    u_replay/cmd_ready_OBUF
                         LUT3 (Prop_LUT3_I1_O)        0.038     4.230 r  u_replay/fifo_head[3]_i_1/O
                         net (fo=561, unplaced)       0.230     4.460    u_replay/fifo_head
                         LUT6 (Prop_LUT6_I0_O)        0.150     4.610 r  u_replay/array_clr_i_1/O
                         net (fo=316, unplaced)       0.297     4.907    u_replay/array_feed_enable3_out
                         LUT3 (Prop_LUT3_I2_O)        0.038     4.945 r  u_replay/result_data_r[3071]_i_1/O
                         net (fo=2592, unplaced)      0.299     5.244    u_replay/result_valid_r
                         FDCE                                         r  u_replay/result_data_r_reg[1003]/CE
  -------------------------------------------------------------------    -------------------

                         (clock clk rise edge)        4.000     4.000 r  
                                                      0.000     4.000 r  clk (IN)
                         net (fo=0)                   0.000     4.000    clk_IBUF_inst/I
                         INBUF (Prop_INBUF_PAD_O)     0.331     4.331 r  clk_IBUF_inst/INBUF_INST/O
                         net (fo=1, unplaced)         0.000     4.331    clk_IBUF_inst/OUT
                         IBUFCTRL (Prop_IBUFCTRL_I_O)
                                                      0.000     4.331 r  clk_IBUF_inst/IBUFCTRL_INST/O
                         net (fo=1, unplaced)         0.133     4.464    clk_IBUF
                         BUFGCE (Prop_BUFGCE_I_O)     0.024     4.488 r  clk_IBUF_BUFG_inst/O
                         net (fo=192660, unplaced)    2.439     6.927    u_replay/clk_IBUF_BUFG
                         FDCE                                         r  u_replay/result_data_r_reg[1003]/C
                         clock pessimism              0.283     7.210    
                         clock uncertainty           -0.085     7.125    
                         FDCE (Setup_FDCE_C_CE)      -0.061     7.064    u_replay/result_data_r_reg[1003]
  -------------------------------------------------------------------
                         required time                          7.064    
                         arrival time                          -5.244    
  -------------------------------------------------------------------
                         slack                                  1.820    

Slack (MET) :             1.820ns  (required time - arrival time)
  Source:                 u_replay/result_valid_r_reg/C
                            (rising edge-triggered cell FDCE clocked by clk  {rise@0.000ns fall@2.000ns period=4.000ns})
  Destination:            u_replay/result_data_r_reg[1004]/CE
                            (rising edge-triggered cell FDCE clocked by clk  {rise@0.000ns fall@2.000ns period=4.000ns})
  Path Group:             clk
  Path Type:              Setup (Max at Slow Process Corner)
  Requirement:            4.000ns  (clk rise@4.000ns - clk rise@0.000ns)
  Data Path Delay:        1.889ns  (logic 0.553ns (29.275%)  route 1.336ns (70.725%))
  Logic Levels:           5  (LUT3=2 LUT6=3)
  Clock Path Skew:        -0.145ns (DCD - SCD + CPR)
    Destination Clock Delay (DCD):    2.927ns = ( 6.927 - 4.000 ) 
    Source Clock Delay      (SCD):    3.355ns
    Clock Pessimism Removal (CPR):    0.283ns
  Clock Uncertainty:      0.085ns  ((TSJ^2 + TIJ^2)^1/2 + DJ) / 2 + PE + UU
    Total System Jitter     (TSJ):    0.071ns
    Total Input Jitter      (TIJ):    0.000ns
    Discrete Jitter          (DJ):    0.000ns
    Phase Error              (PE):    0.000ns
    User Uncertainty         (UU):    0.050ns

    Location             Delay type                Incr(ns)  Path(ns)    Netlist Resource(s)
  -------------------------------------------------------------------    -------------------
                         (clock clk rise edge)        0.000     0.000 r  
                                                      0.000     0.000 r  clk (IN)
                         net (fo=0)                   0.000     0.000    clk_IBUF_inst/I
                         INBUF (Prop_INBUF_PAD_O)     0.582     0.582 r  clk_IBUF_inst/INBUF_INST/O
                         net (fo=1, unplaced)         0.000     0.582    clk_IBUF_inst/OUT
                         IBUFCTRL (Prop_IBUFCTRL_I_O)
                                                      0.000     0.582 r  clk_IBUF_inst/IBUFCTRL_INST/O
                         net (fo=1, unplaced)         0.161     0.743    clk_IBUF
                         BUFGCE (Prop_BUFGCE_I_O)     0.028     0.771 r  clk_IBUF_BUFG_inst/O
                         net (fo=192660, unplaced)    2.584     3.355    u_replay/clk_IBUF_BUFG
                         FDCE                                         r  u_replay/result_valid_r_reg/C
  -------------------------------------------------------------------    -------------------
                         FDCE (Prop_FDCE_C_Q)         0.077     3.432 f  u_replay/result_valid_r_reg/Q
                         net (fo=5, unplaced)         0.172     3.604    u_replay/output_valid_OBUF
                         LUT6 (Prop_LUT6_I0_O)        0.150     3.754 r  u_replay/cmd_ready_OBUF_inst_i_3/O
                         net (fo=1, unplaced)         0.141     3.895    u_replay/cmd_ready_OBUF_inst_i_3_n_0
                         LUT6 (Prop_LUT6_I1_O)        0.100     3.995 r  u_replay/cmd_ready_OBUF_inst_i_1/O
                         net (fo=4, unplaced)         0.197     4.192    u_replay/cmd_ready_OBUF
                         LUT3 (Prop_LUT3_I1_O)        0.038     4.230 r  u_replay/fifo_head[3]_i_1/O
                         net (fo=561, unplaced)       0.230     4.460    u_replay/fifo_head
                         LUT6 (Prop_LUT6_I0_O)        0.150     4.610 r  u_replay/array_clr_i_1/O
                         net (fo=316, unplaced)       0.297     4.907    u_replay/array_feed_enable3_out
                         LUT3 (Prop_LUT3_I2_O)        0.038     4.945 r  u_replay/result_data_r[3071]_i_1/O
                         net (fo=2592, unplaced)      0.299     5.244    u_replay/result_valid_r
                         FDCE                                         r  u_replay/result_data_r_reg[1004]/CE
  -------------------------------------------------------------------    -------------------

                         (clock clk rise edge)        4.000     4.000 r  
                                                      0.000     4.000 r  clk (IN)
                         net (fo=0)                   0.000     4.000    clk_IBUF_inst/I
                         INBUF (Prop_INBUF_PAD_O)     0.331     4.331 r  clk_IBUF_inst/INBUF_INST/O
                         net (fo=1, unplaced)         0.000     4.331    clk_IBUF_inst/OUT
                         IBUFCTRL (Prop_IBUFCTRL_I_O)
                                                      0.000     4.331 r  clk_IBUF_inst/IBUFCTRL_INST/O
                         net (fo=1, unplaced)         0.133     4.464    clk_IBUF
                         BUFGCE (Prop_BUFGCE_I_O)     0.024     4.488 r  clk_IBUF_BUFG_inst/O
                         net (fo=192660, unplaced)    2.439     6.927    u_replay/clk_IBUF_BUFG
                         FDCE                                         r  u_replay/result_data_r_reg[1004]/C
                         clock pessimism              0.283     7.210    
                         clock uncertainty           -0.085     7.125    
                         FDCE (Setup_FDCE_C_CE)      -0.061     7.064    u_replay/result_data_r_reg[1004]
  -------------------------------------------------------------------
                         required time                          7.064    
                         arrival time                          -5.244    
  -------------------------------------------------------------------
                         slack                                  1.820    

Slack (MET) :             1.820ns  (required time - arrival time)
  Source:                 u_replay/result_valid_r_reg/C
                            (rising edge-triggered cell FDCE clocked by clk  {rise@0.000ns fall@2.000ns period=4.000ns})
  Destination:            u_replay/result_data_r_reg[1005]/CE
                            (rising edge-triggered cell FDCE clocked by clk  {rise@0.000ns fall@2.000ns period=4.000ns})
  Path Group:             clk
  Path Type:              Setup (Max at Slow Process Corner)
  Requirement:            4.000ns  (clk rise@4.000ns - clk rise@0.000ns)
  Data Path Delay:        1.889ns  (logic 0.553ns (29.275%)  route 1.336ns (70.725%))
  Logic Levels:           5  (LUT3=2 LUT6=3)
  Clock Path Skew:        -0.145ns (DCD - SCD + CPR)
    Destination Clock Delay (DCD):    2.927ns = ( 6.927 - 4.000 ) 
    Source Clock Delay      (SCD):    3.355ns
    Clock Pessimism Removal (CPR):    0.283ns
  Clock Uncertainty:      0.085ns  ((TSJ^2 + TIJ^2)^1/2 + DJ) / 2 + PE + UU
    Total System Jitter     (TSJ):    0.071ns
    Total Input Jitter      (TIJ):    0.000ns
    Discrete Jitter          (DJ):    0.000ns
    Phase Error              (PE):    0.000ns
    User Uncertainty         (UU):    0.050ns

    Location             Delay type                Incr(ns)  Path(ns)    Netlist Resource(s)
  -------------------------------------------------------------------    -------------------
                         (clock clk rise edge)        0.000     0.000 r  
                                                      0.000     0.000 r  clk (IN)
                         net (fo=0)                   0.000     0.000    clk_IBUF_inst/I
                         INBUF (Prop_INBUF_PAD_O)     0.582     0.582 r  clk_IBUF_inst/INBUF_INST/O
                         net (fo=1, unplaced)         0.000     0.582    clk_IBUF_inst/OUT
                         IBUFCTRL (Prop_IBUFCTRL_I_O)
                                                      0.000     0.582 r  clk_IBUF_inst/IBUFCTRL_INST/O
                         net (fo=1, unplaced)         0.161     0.743    clk_IBUF
                         BUFGCE (Prop_BUFGCE_I_O)     0.028     0.771 r  clk_IBUF_BUFG_inst/O
                         net (fo=192660, unplaced)    2.584     3.355    u_replay/clk_IBUF_BUFG
                         FDCE                                         r  u_replay/result_valid_r_reg/C
  -------------------------------------------------------------------    -------------------
                         FDCE (Prop_FDCE_C_Q)         0.077     3.432 f  u_replay/result_valid_r_reg/Q
                         net (fo=5, unplaced)         0.172     3.604    u_replay/output_valid_OBUF
                         LUT6 (Prop_LUT6_I0_O)        0.150     3.754 r  u_replay/cmd_ready_OBUF_inst_i_3/O
                         net (fo=1, unplaced)         0.141     3.895    u_replay/cmd_ready_OBUF_inst_i_3_n_0
                         LUT6 (Prop_LUT6_I1_O)        0.100     3.995 r  u_replay/cmd_ready_OBUF_inst_i_1/O
                         net (fo=4, unplaced)         0.197     4.192    u_replay/cmd_ready_OBUF
                         LUT3 (Prop_LUT3_I1_O)        0.038     4.230 r  u_replay/fifo_head[3]_i_1/O
                         net (fo=561, unplaced)       0.230     4.460    u_replay/fifo_head
                         LUT6 (Prop_LUT6_I0_O)        0.150     4.610 r  u_replay/array_clr_i_1/O
                         net (fo=316, unplaced)       0.297     4.907    u_replay/array_feed_enable3_out
                         LUT3 (Prop_LUT3_I2_O)        0.038     4.945 r  u_replay/result_data_r[3071]_i_1/O
                         net (fo=2592, unplaced)      0.299     5.244    u_replay/result_valid_r
                         FDCE                                         r  u_replay/result_data_r_reg[1005]/CE
  -------------------------------------------------------------------    -------------------

                         (clock clk rise edge)        4.000     4.000 r  
                                                      0.000     4.000 r  clk (IN)
                         net (fo=0)                   0.000     4.000    clk_IBUF_inst/I
                         INBUF (Prop_INBUF_PAD_O)     0.331     4.331 r  clk_IBUF_inst/INBUF_INST/O
                         net (fo=1, unplaced)         0.000     4.331    clk_IBUF_inst/OUT
                         IBUFCTRL (Prop_IBUFCTRL_I_O)
                                                      0.000     4.331 r  clk_IBUF_inst/IBUFCTRL_INST/O
                         net (fo=1, unplaced)         0.133     4.464    clk_IBUF
                         BUFGCE (Prop_BUFGCE_I_O)     0.024     4.488 r  clk_IBUF_BUFG_inst/O
                         net (fo=192660, unplaced)    2.439     6.927    u_replay/clk_IBUF_BUFG
                         FDCE                                         r  u_replay/result_data_r_reg[1005]/C
                         clock pessimism              0.283     7.210    
                         clock uncertainty           -0.085     7.125    
                         FDCE (Setup_FDCE_C_CE)      -0.061     7.064    u_replay/result_data_r_reg[1005]
  -------------------------------------------------------------------
                         required time                          7.064    
                         arrival time                          -5.244    
  -------------------------------------------------------------------
                         slack                                  1.820    

Slack (MET) :             1.820ns  (required time - arrival time)
  Source:                 u_replay/result_valid_r_reg/C
                            (rising edge-triggered cell FDCE clocked by clk  {rise@0.000ns fall@2.000ns period=4.000ns})
  Destination:            u_replay/result_data_r_reg[1006]/CE
                            (rising edge-triggered cell FDCE clocked by clk  {rise@0.000ns fall@2.000ns period=4.000ns})
  Path Group:             clk
  Path Type:              Setup (Max at Slow Process Corner)
  Requirement:            4.000ns  (clk rise@4.000ns - clk rise@0.000ns)
  Data Path Delay:        1.889ns  (logic 0.553ns (29.275%)  route 1.336ns (70.725%))
  Logic Levels:           5  (LUT3=2 LUT6=3)
  Clock Path Skew:        -0.145ns (DCD - SCD + CPR)
    Destination Clock Delay (DCD):    2.927ns = ( 6.927 - 4.000 ) 
    Source Clock Delay      (SCD):    3.355ns
    Clock Pessimism Removal (CPR):    0.283ns
  Clock Uncertainty:      0.085ns  ((TSJ^2 + TIJ^2)^1/2 + DJ) / 2 + PE + UU
    Total System Jitter     (TSJ):    0.071ns
    Total Input Jitter      (TIJ):    0.000ns
    Discrete Jitter          (DJ):    0.000ns
    Phase Error              (PE):    0.000ns
    User Uncertainty         (UU):    0.050ns

    Location             Delay type                Incr(ns)  Path(ns)    Netlist Resource(s)
  -------------------------------------------------------------------    -------------------
                         (clock clk rise edge)        0.000     0.000 r  
                                                      0.000     0.000 r  clk (IN)
                         net (fo=0)                   0.000     0.000    clk_IBUF_inst/I
                         INBUF (Prop_INBUF_PAD_O)     0.582     0.582 r  clk_IBUF_inst/INBUF_INST/O
                         net (fo=1, unplaced)         0.000     0.582    clk_IBUF_inst/OUT
                         IBUFCTRL (Prop_IBUFCTRL_I_O)
                                                      0.000     0.582 r  clk_IBUF_inst/IBUFCTRL_INST/O
                         net (fo=1, unplaced)         0.161     0.743    clk_IBUF
                         BUFGCE (Prop_BUFGCE_I_O)     0.028     0.771 r  clk_IBUF_BUFG_inst/O
                         net (fo=192660, unplaced)    2.584     3.355    u_replay/clk_IBUF_BUFG
                         FDCE                                         r  u_replay/result_valid_r_reg/C
  -------------------------------------------------------------------    -------------------
                         FDCE (Prop_FDCE_C_Q)         0.077     3.432 f  u_replay/result_valid_r_reg/Q
                         net (fo=5, unplaced)         0.172     3.604    u_replay/output_valid_OBUF
                         LUT6 (Prop_LUT6_I0_O)        0.150     3.754 r  u_replay/cmd_ready_OBUF_inst_i_3/O
                         net (fo=1, unplaced)         0.141     3.895    u_replay/cmd_ready_OBUF_inst_i_3_n_0
                         LUT6 (Prop_LUT6_I1_O)        0.100     3.995 r  u_replay/cmd_ready_OBUF_inst_i_1/O
                         net (fo=4, unplaced)         0.197     4.192    u_replay/cmd_ready_OBUF
                         LUT3 (Prop_LUT3_I1_O)        0.038     4.230 r  u_replay/fifo_head[3]_i_1/O
                         net (fo=561, unplaced)       0.230     4.460    u_replay/fifo_head
                         LUT6 (Prop_LUT6_I0_O)        0.150     4.610 r  u_replay/array_clr_i_1/O
                         net (fo=316, unplaced)       0.297     4.907    u_replay/array_feed_enable3_out
                         LUT3 (Prop_LUT3_I2_O)        0.038     4.945 r  u_replay/result_data_r[3071]_i_1/O
                         net (fo=2592, unplaced)      0.299     5.244    u_replay/result_valid_r
                         FDCE                                         r  u_replay/result_data_r_reg[1006]/CE
  -------------------------------------------------------------------    -------------------

                         (clock clk rise edge)        4.000     4.000 r  
                                                      0.000     4.000 r  clk (IN)
                         net (fo=0)                   0.000     4.000    clk_IBUF_inst/I
                         INBUF (Prop_INBUF_PAD_O)     0.331     4.331 r  clk_IBUF_inst/INBUF_INST/O
                         net (fo=1, unplaced)         0.000     4.331    clk_IBUF_inst/OUT
                         IBUFCTRL (Prop_IBUFCTRL_I_O)
                                                      0.000     4.331 r  clk_IBUF_inst/IBUFCTRL_INST/O
                         net (fo=1, unplaced)         0.133     4.464    clk_IBUF
                         BUFGCE (Prop_BUFGCE_I_O)     0.024     4.488 r  clk_IBUF_BUFG_inst/O
                         net (fo=192660, unplaced)    2.439     6.927    u_replay/clk_IBUF_BUFG
                         FDCE                                         r  u_replay/result_data_r_reg[1006]/C
                         clock pessimism              0.283     7.210    
                         clock uncertainty           -0.085     7.125    
                         FDCE (Setup_FDCE_C_CE)      -0.061     7.064    u_replay/result_data_r_reg[1006]
  -------------------------------------------------------------------
                         required time                          7.064    
                         arrival time                          -5.244    
  -------------------------------------------------------------------
                         slack                                  1.820    

Slack (MET) :             1.820ns  (required time - arrival time)
  Source:                 u_replay/result_valid_r_reg/C
                            (rising edge-triggered cell FDCE clocked by clk  {rise@0.000ns fall@2.000ns period=4.000ns})
  Destination:            u_replay/result_data_r_reg[1007]/CE
                            (rising edge-triggered cell FDCE clocked by clk  {rise@0.000ns fall@2.000ns period=4.000ns})
  Path Group:             clk
  Path Type:              Setup (Max at Slow Process Corner)
  Requirement:            4.000ns  (clk rise@4.000ns - clk rise@0.000ns)
  Data Path Delay:        1.889ns  (logic 0.553ns (29.275%)  route 1.336ns (70.725%))
  Logic Levels:           5  (LUT3=2 LUT6=3)
  Clock Path Skew:        -0.145ns (DCD - SCD + CPR)
    Destination Clock Delay (DCD):    2.927ns = ( 6.927 - 4.000 ) 
    Source Clock Delay      (SCD):    3.355ns
    Clock Pessimism Removal (CPR):    0.283ns
  Clock Uncertainty:      0.085ns  ((TSJ^2 + TIJ^2)^1/2 + DJ) / 2 + PE + UU
    Total System Jitter     (TSJ):    0.071ns
    Total Input Jitter      (TIJ):    0.000ns
    Discrete Jitter          (DJ):    0.000ns
    Phase Error              (PE):    0.000ns
    User Uncertainty         (UU):    0.050ns

    Location             Delay type                Incr(ns)  Path(ns)    Netlist Resource(s)
  -------------------------------------------------------------------    -------------------
                         (clock clk rise edge)        0.000     0.000 r  
                                                      0.000     0.000 r  clk (IN)
                         net (fo=0)                   0.000     0.000    clk_IBUF_inst/I
                         INBUF (Prop_INBUF_PAD_O)     0.582     0.582 r  clk_IBUF_inst/INBUF_INST/O
                         net (fo=1, unplaced)         0.000     0.582    clk_IBUF_inst/OUT
                         IBUFCTRL (Prop_IBUFCTRL_I_O)
                                                      0.000     0.582 r  clk_IBUF_inst/IBUFCTRL_INST/O
                         net (fo=1, unplaced)         0.161     0.743    clk_IBUF
                         BUFGCE (Prop_BUFGCE_I_O)     0.028     0.771 r  clk_IBUF_BUFG_inst/O
                         net (fo=192660, unplaced)    2.584     3.355    u_replay/clk_IBUF_BUFG
                         FDCE                                         r  u_replay/result_valid_r_reg/C
  -------------------------------------------------------------------    -------------------
                         FDCE (Prop_FDCE_C_Q)         0.077     3.432 f  u_replay/result_valid_r_reg/Q
                         net (fo=5, unplaced)         0.172     3.604    u_replay/output_valid_OBUF
                         LUT6 (Prop_LUT6_I0_O)        0.150     3.754 r  u_replay/cmd_ready_OBUF_inst_i_3/O
                         net (fo=1, unplaced)         0.141     3.895    u_replay/cmd_ready_OBUF_inst_i_3_n_0
                         LUT6 (Prop_LUT6_I1_O)        0.100     3.995 r  u_replay/cmd_ready_OBUF_inst_i_1/O
                         net (fo=4, unplaced)         0.197     4.192    u_replay/cmd_ready_OBUF
                         LUT3 (Prop_LUT3_I1_O)        0.038     4.230 r  u_replay/fifo_head[3]_i_1/O
                         net (fo=561, unplaced)       0.230     4.460    u_replay/fifo_head
                         LUT6 (Prop_LUT6_I0_O)        0.150     4.610 r  u_replay/array_clr_i_1/O
                         net (fo=316, unplaced)       0.297     4.907    u_replay/array_feed_enable3_out
                         LUT3 (Prop_LUT3_I2_O)        0.038     4.945 r  u_replay/result_data_r[3071]_i_1/O
                         net (fo=2592, unplaced)      0.299     5.244    u_replay/result_valid_r
                         FDCE                                         r  u_replay/result_data_r_reg[1007]/CE
  -------------------------------------------------------------------    -------------------

                         (clock clk rise edge)        4.000     4.000 r  
                                                      0.000     4.000 r  clk (IN)
                         net (fo=0)                   0.000     4.000    clk_IBUF_inst/I
                         INBUF (Prop_INBUF_PAD_O)     0.331     4.331 r  clk_IBUF_inst/INBUF_INST/O
                         net (fo=1, unplaced)         0.000     4.331    clk_IBUF_inst/OUT
                         IBUFCTRL (Prop_IBUFCTRL_I_O)
                                                      0.000     4.331 r  clk_IBUF_inst/IBUFCTRL_INST/O
                         net (fo=1, unplaced)         0.133     4.464    clk_IBUF
                         BUFGCE (Prop_BUFGCE_I_O)     0.024     4.488 r  clk_IBUF_BUFG_inst/O
                         net (fo=192660, unplaced)    2.439     6.927    u_replay/clk_IBUF_BUFG
                         FDCE                                         r  u_replay/result_data_r_reg[1007]/C
                         clock pessimism              0.283     7.210    
                         clock uncertainty           -0.085     7.125    
                         FDCE (Setup_FDCE_C_CE)      -0.061     7.064    u_replay/result_data_r_reg[1007]
  -------------------------------------------------------------------
                         required time                          7.064    
                         arrival time                          -5.244    
  -------------------------------------------------------------------
                         slack                                  1.820    

Slack (MET) :             1.820ns  (required time - arrival time)
  Source:                 u_replay/result_valid_r_reg/C
                            (rising edge-triggered cell FDCE clocked by clk  {rise@0.000ns fall@2.000ns period=4.000ns})
  Destination:            u_replay/result_data_r_reg[1008]/CE
                            (rising edge-triggered cell FDCE clocked by clk  {rise@0.000ns fall@2.000ns period=4.000ns})
  Path Group:             clk
  Path Type:              Setup (Max at Slow Process Corner)
  Requirement:            4.000ns  (clk rise@4.000ns - clk rise@0.000ns)
  Data Path Delay:        1.889ns  (logic 0.553ns (29.275%)  route 1.336ns (70.725%))
  Logic Levels:           5  (LUT3=2 LUT6=3)
  Clock Path Skew:        -0.145ns (DCD - SCD + CPR)
    Destination Clock Delay (DCD):    2.927ns = ( 6.927 - 4.000 ) 
    Source Clock Delay      (SCD):    3.355ns
    Clock Pessimism Removal (CPR):    0.283ns
  Clock Uncertainty:      0.085ns  ((TSJ^2 + TIJ^2)^1/2 + DJ) / 2 + PE + UU
    Total System Jitter     (TSJ):    0.071ns
    Total Input Jitter      (TIJ):    0.000ns
    Discrete Jitter          (DJ):    0.000ns
    Phase Error              (PE):    0.000ns
    User Uncertainty         (UU):    0.050ns

    Location             Delay type                Incr(ns)  Path(ns)    Netlist Resource(s)
  -------------------------------------------------------------------    -------------------
                         (clock clk rise edge)        0.000     0.000 r  
                                                      0.000     0.000 r  clk (IN)
                         net (fo=0)                   0.000     0.000    clk_IBUF_inst/I
                         INBUF (Prop_INBUF_PAD_O)     0.582     0.582 r  clk_IBUF_inst/INBUF_INST/O
                         net (fo=1, unplaced)         0.000     0.582    clk_IBUF_inst/OUT
                         IBUFCTRL (Prop_IBUFCTRL_I_O)
                                                      0.000     0.582 r  clk_IBUF_inst/IBUFCTRL_INST/O
                         net (fo=1, unplaced)         0.161     0.743    clk_IBUF
                         BUFGCE (Prop_BUFGCE_I_O)     0.028     0.771 r  clk_IBUF_BUFG_inst/O
                         net (fo=192660, unplaced)    2.584     3.355    u_replay/clk_IBUF_BUFG
                         FDCE                                         r  u_replay/result_valid_r_reg/C
  -------------------------------------------------------------------    -------------------
                         FDCE (Prop_FDCE_C_Q)         0.077     3.432 f  u_replay/result_valid_r_reg/Q
                         net (fo=5, unplaced)         0.172     3.604    u_replay/output_valid_OBUF
                         LUT6 (Prop_LUT6_I0_O)        0.150     3.754 r  u_replay/cmd_ready_OBUF_inst_i_3/O
                         net (fo=1, unplaced)         0.141     3.895    u_replay/cmd_ready_OBUF_inst_i_3_n_0
                         LUT6 (Prop_LUT6_I1_O)        0.100     3.995 r  u_replay/cmd_ready_OBUF_inst_i_1/O
                         net (fo=4, unplaced)         0.197     4.192    u_replay/cmd_ready_OBUF
                         LUT3 (Prop_LUT3_I1_O)        0.038     4.230 r  u_replay/fifo_head[3]_i_1/O
                         net (fo=561, unplaced)       0.230     4.460    u_replay/fifo_head
                         LUT6 (Prop_LUT6_I0_O)        0.150     4.610 r  u_replay/array_clr_i_1/O
                         net (fo=316, unplaced)       0.297     4.907    u_replay/array_feed_enable3_out
                         LUT3 (Prop_LUT3_I2_O)        0.038     4.945 r  u_replay/result_data_r[3071]_i_1/O
                         net (fo=2592, unplaced)      0.299     5.244    u_replay/result_valid_r
                         FDCE                                         r  u_replay/result_data_r_reg[1008]/CE
  -------------------------------------------------------------------    -------------------

                         (clock clk rise edge)        4.000     4.000 r  
                                                      0.000     4.000 r  clk (IN)
                         net (fo=0)                   0.000     4.000    clk_IBUF_inst/I
                         INBUF (Prop_INBUF_PAD_O)     0.331     4.331 r  clk_IBUF_inst/INBUF_INST/O
                         net (fo=1, unplaced)         0.000     4.331    clk_IBUF_inst/OUT
                         IBUFCTRL (Prop_IBUFCTRL_I_O)
                                                      0.000     4.331 r  clk_IBUF_inst/IBUFCTRL_INST/O
                         net (fo=1, unplaced)         0.133     4.464    clk_IBUF
                         BUFGCE (Prop_BUFGCE_I_O)     0.024     4.488 r  clk_IBUF_BUFG_inst/O
                         net (fo=192660, unplaced)    2.439     6.927    u_replay/clk_IBUF_BUFG
                         FDCE                                         r  u_replay/result_data_r_reg[1008]/C
                         clock pessimism              0.283     7.210    
                         clock uncertainty           -0.085     7.125    
                         FDCE (Setup_FDCE_C_CE)      -0.061     7.064    u_replay/result_data_r_reg[1008]
  -------------------------------------------------------------------
                         required time                          7.064    
                         arrival time                          -5.244    
  -------------------------------------------------------------------
                         slack                                  1.820    

Slack (MET) :             1.820ns  (required time - arrival time)
  Source:                 u_replay/result_valid_r_reg/C
                            (rising edge-triggered cell FDCE clocked by clk  {rise@0.000ns fall@2.000ns period=4.000ns})
  Destination:            u_replay/result_data_r_reg[1009]/CE
                            (rising edge-triggered cell FDCE clocked by clk  {rise@0.000ns fall@2.000ns period=4.000ns})
  Path Group:             clk
  Path Type:              Setup (Max at Slow Process Corner)
  Requirement:            4.000ns  (clk rise@4.000ns - clk rise@0.000ns)
  Data Path Delay:        1.889ns  (logic 0.553ns (29.275%)  route 1.336ns (70.725%))
  Logic Levels:           5  (LUT3=2 LUT6=3)
  Clock Path Skew:        -0.145ns (DCD - SCD + CPR)
    Destination Clock Delay (DCD):    2.927ns = ( 6.927 - 4.000 ) 
    Source Clock Delay      (SCD):    3.355ns
    Clock Pessimism Removal (CPR):    0.283ns
  Clock Uncertainty:      0.085ns  ((TSJ^2 + TIJ^2)^1/2 + DJ) / 2 + PE + UU
    Total System Jitter     (TSJ):    0.071ns
    Total Input Jitter      (TIJ):    0.000ns
    Discrete Jitter          (DJ):    0.000ns
    Phase Error              (PE):    0.000ns
    User Uncertainty         (UU):    0.050ns

    Location             Delay type                Incr(ns)  Path(ns)    Netlist Resource(s)
  -------------------------------------------------------------------    -------------------
                         (clock clk rise edge)        0.000     0.000 r  
                                                      0.000     0.000 r  clk (IN)
                         net (fo=0)                   0.000     0.000    clk_IBUF_inst/I
                         INBUF (Prop_INBUF_PAD_O)     0.582     0.582 r  clk_IBUF_inst/INBUF_INST/O
                         net (fo=1, unplaced)         0.000     0.582    clk_IBUF_inst/OUT
                         IBUFCTRL (Prop_IBUFCTRL_I_O)
                                                      0.000     0.582 r  clk_IBUF_inst/IBUFCTRL_INST/O
                         net (fo=1, unplaced)         0.161     0.743    clk_IBUF
                         BUFGCE (Prop_BUFGCE_I_O)     0.028     0.771 r  clk_IBUF_BUFG_inst/O
                         net (fo=192660, unplaced)    2.584     3.355    u_replay/clk_IBUF_BUFG
                         FDCE                                         r  u_replay/result_valid_r_reg/C
  -------------------------------------------------------------------    -------------------
                         FDCE (Prop_FDCE_C_Q)         0.077     3.432 f  u_replay/result_valid_r_reg/Q
                         net (fo=5, unplaced)         0.172     3.604    u_replay/output_valid_OBUF
                         LUT6 (Prop_LUT6_I0_O)        0.150     3.754 r  u_replay/cmd_ready_OBUF_inst_i_3/O
                         net (fo=1, unplaced)         0.141     3.895    u_replay/cmd_ready_OBUF_inst_i_3_n_0
                         LUT6 (Prop_LUT6_I1_O)        0.100     3.995 r  u_replay/cmd_ready_OBUF_inst_i_1/O
                         net (fo=4, unplaced)         0.197     4.192    u_replay/cmd_ready_OBUF
                         LUT3 (Prop_LUT3_I1_O)        0.038     4.230 r  u_replay/fifo_head[3]_i_1/O
                         net (fo=561, unplaced)       0.230     4.460    u_replay/fifo_head
                         LUT6 (Prop_LUT6_I0_O)        0.150     4.610 r  u_replay/array_clr_i_1/O
                         net (fo=316, unplaced)       0.297     4.907    u_replay/array_feed_enable3_out
                         LUT3 (Prop_LUT3_I2_O)        0.038     4.945 r  u_replay/result_data_r[3071]_i_1/O
                         net (fo=2592, unplaced)      0.299     5.244    u_replay/result_valid_r
                         FDCE                                         r  u_replay/result_data_r_reg[1009]/CE
  -------------------------------------------------------------------    -------------------

                         (clock clk rise edge)        4.000     4.000 r  
                                                      0.000     4.000 r  clk (IN)
                         net (fo=0)                   0.000     4.000    clk_IBUF_inst/I
                         INBUF (Prop_INBUF_PAD_O)     0.331     4.331 r  clk_IBUF_inst/INBUF_INST/O
                         net (fo=1, unplaced)         0.000     4.331    clk_IBUF_inst/OUT
                         IBUFCTRL (Prop_IBUFCTRL_I_O)
                                                      0.000     4.331 r  clk_IBUF_inst/IBUFCTRL_INST/O
                         net (fo=1, unplaced)         0.133     4.464    clk_IBUF
                         BUFGCE (Prop_BUFGCE_I_O)     0.024     4.488 r  clk_IBUF_BUFG_inst/O
                         net (fo=192660, unplaced)    2.439     6.927    u_replay/clk_IBUF_BUFG
                         FDCE                                         r  u_replay/result_data_r_reg[1009]/C
                         clock pessimism              0.283     7.210    
                         clock uncertainty           -0.085     7.125    
                         FDCE (Setup_FDCE_C_CE)      -0.061     7.064    u_replay/result_data_r_reg[1009]
  -------------------------------------------------------------------
                         required time                          7.064    
                         arrival time                          -5.244    
  -------------------------------------------------------------------
                         slack                                  1.820    

Slack (MET) :             1.820ns  (required time - arrival time)
  Source:                 u_replay/result_valid_r_reg/C
                            (rising edge-triggered cell FDCE clocked by clk  {rise@0.000ns fall@2.000ns period=4.000ns})
  Destination:            u_replay/result_data_r_reg[100]/CE
                            (rising edge-triggered cell FDCE clocked by clk  {rise@0.000ns fall@2.000ns period=4.000ns})
  Path Group:             clk
  Path Type:              Setup (Max at Slow Process Corner)
  Requirement:            4.000ns  (clk rise@4.000ns - clk rise@0.000ns)
  Data Path Delay:        1.889ns  (logic 0.553ns (29.275%)  route 1.336ns (70.725%))
  Logic Levels:           5  (LUT3=2 LUT6=3)
  Clock Path Skew:        -0.145ns (DCD - SCD + CPR)
    Destination Clock Delay (DCD):    2.927ns = ( 6.927 - 4.000 ) 
    Source Clock Delay      (SCD):    3.355ns
    Clock Pessimism Removal (CPR):    0.283ns
  Clock Uncertainty:      0.085ns  ((TSJ^2 + TIJ^2)^1/2 + DJ) / 2 + PE + UU
    Total System Jitter     (TSJ):    0.071ns
    Total Input Jitter      (TIJ):    0.000ns
    Discrete Jitter          (DJ):    0.000ns
    Phase Error              (PE):    0.000ns
    User Uncertainty         (UU):    0.050ns

    Location             Delay type                Incr(ns)  Path(ns)    Netlist Resource(s)
  -------------------------------------------------------------------    -------------------
                         (clock clk rise edge)        0.000     0.000 r  
                                                      0.000     0.000 r  clk (IN)
                         net (fo=0)                   0.000     0.000    clk_IBUF_inst/I
                         INBUF (Prop_INBUF_PAD_O)     0.582     0.582 r  clk_IBUF_inst/INBUF_INST/O
                         net (fo=1, unplaced)         0.000     0.582    clk_IBUF_inst/OUT
                         IBUFCTRL (Prop_IBUFCTRL_I_O)
                                                      0.000     0.582 r  clk_IBUF_inst/IBUFCTRL_INST/O
                         net (fo=1, unplaced)         0.161     0.743    clk_IBUF
                         BUFGCE (Prop_BUFGCE_I_O)     0.028     0.771 r  clk_IBUF_BUFG_inst/O
                         net (fo=192660, unplaced)    2.584     3.355    u_replay/clk_IBUF_BUFG
                         FDCE                                         r  u_replay/result_valid_r_reg/C
  -------------------------------------------------------------------    -------------------
                         FDCE (Prop_FDCE_C_Q)         0.077     3.432 f  u_replay/result_valid_r_reg/Q
                         net (fo=5, unplaced)         0.172     3.604    u_replay/output_valid_OBUF
                         LUT6 (Prop_LUT6_I0_O)        0.150     3.754 r  u_replay/cmd_ready_OBUF_inst_i_3/O
                         net (fo=1, unplaced)         0.141     3.895    u_replay/cmd_ready_OBUF_inst_i_3_n_0
                         LUT6 (Prop_LUT6_I1_O)        0.100     3.995 r  u_replay/cmd_ready_OBUF_inst_i_1/O
                         net (fo=4, unplaced)         0.197     4.192    u_replay/cmd_ready_OBUF
                         LUT3 (Prop_LUT3_I1_O)        0.038     4.230 r  u_replay/fifo_head[3]_i_1/O
                         net (fo=561, unplaced)       0.230     4.460    u_replay/fifo_head
                         LUT6 (Prop_LUT6_I0_O)        0.150     4.610 r  u_replay/array_clr_i_1/O
                         net (fo=316, unplaced)       0.297     4.907    u_replay/array_feed_enable3_out
                         LUT3 (Prop_LUT3_I2_O)        0.038     4.945 r  u_replay/result_data_r[3071]_i_1/O
                         net (fo=2592, unplaced)      0.299     5.244    u_replay/result_valid_r
                         FDCE                                         r  u_replay/result_data_r_reg[100]/CE
  -------------------------------------------------------------------    -------------------

                         (clock clk rise edge)        4.000     4.000 r  
                                                      0.000     4.000 r  clk (IN)
                         net (fo=0)                   0.000     4.000    clk_IBUF_inst/I
                         INBUF (Prop_INBUF_PAD_O)     0.331     4.331 r  clk_IBUF_inst/INBUF_INST/O
                         net (fo=1, unplaced)         0.000     4.331    clk_IBUF_inst/OUT
                         IBUFCTRL (Prop_IBUFCTRL_I_O)
                                                      0.000     4.331 r  clk_IBUF_inst/IBUFCTRL_INST/O
                         net (fo=1, unplaced)         0.133     4.464    clk_IBUF
                         BUFGCE (Prop_BUFGCE_I_O)     0.024     4.488 r  clk_IBUF_BUFG_inst/O
                         net (fo=192660, unplaced)    2.439     6.927    u_replay/clk_IBUF_BUFG
                         FDCE                                         r  u_replay/result_data_r_reg[100]/C
                         clock pessimism              0.283     7.210    
                         clock uncertainty           -0.085     7.125    
                         FDCE (Setup_FDCE_C_CE)      -0.061     7.064    u_replay/result_data_r_reg[100]
  -------------------------------------------------------------------
                         required time                          7.064    
                         arrival time                          -5.244    
  -------------------------------------------------------------------
                         slack                                  1.820    

Slack (MET) :             1.820ns  (required time - arrival time)
  Source:                 u_replay/result_valid_r_reg/C
                            (rising edge-triggered cell FDCE clocked by clk  {rise@0.000ns fall@2.000ns period=4.000ns})
  Destination:            u_replay/result_data_r_reg[1010]/CE
                            (rising edge-triggered cell FDCE clocked by clk  {rise@0.000ns fall@2.000ns period=4.000ns})
  Path Group:             clk
  Path Type:              Setup (Max at Slow Process Corner)
  Requirement:            4.000ns  (clk rise@4.000ns - clk rise@0.000ns)
  Data Path Delay:        1.889ns  (logic 0.553ns (29.275%)  route 1.336ns (70.725%))
  Logic Levels:           5  (LUT3=2 LUT6=3)
  Clock Path Skew:        -0.145ns (DCD - SCD + CPR)
    Destination Clock Delay (DCD):    2.927ns = ( 6.927 - 4.000 ) 
    Source Clock Delay      (SCD):    3.355ns
    Clock Pessimism Removal (CPR):    0.283ns
  Clock Uncertainty:      0.085ns  ((TSJ^2 + TIJ^2)^1/2 + DJ) / 2 + PE + UU
    Total System Jitter     (TSJ):    0.071ns
    Total Input Jitter      (TIJ):    0.000ns
    Discrete Jitter          (DJ):    0.000ns
    Phase Error              (PE):    0.000ns
    User Uncertainty         (UU):    0.050ns

    Location             Delay type                Incr(ns)  Path(ns)    Netlist Resource(s)
  -------------------------------------------------------------------    -------------------
                         (clock clk rise edge)        0.000     0.000 r  
                                                      0.000     0.000 r  clk (IN)
                         net (fo=0)                   0.000     0.000    clk_IBUF_inst/I
                         INBUF (Prop_INBUF_PAD_O)     0.582     0.582 r  clk_IBUF_inst/INBUF_INST/O
                         net (fo=1, unplaced)         0.000     0.582    clk_IBUF_inst/OUT
                         IBUFCTRL (Prop_IBUFCTRL_I_O)
                                                      0.000     0.582 r  clk_IBUF_inst/IBUFCTRL_INST/O
                         net (fo=1, unplaced)         0.161     0.743    clk_IBUF
                         BUFGCE (Prop_BUFGCE_I_O)     0.028     0.771 r  clk_IBUF_BUFG_inst/O
                         net (fo=192660, unplaced)    2.584     3.355    u_replay/clk_IBUF_BUFG
                         FDCE                                         r  u_replay/result_valid_r_reg/C
  -------------------------------------------------------------------    -------------------
                         FDCE (Prop_FDCE_C_Q)         0.077     3.432 f  u_replay/result_valid_r_reg/Q
                         net (fo=5, unplaced)         0.172     3.604    u_replay/output_valid_OBUF
                         LUT6 (Prop_LUT6_I0_O)        0.150     3.754 r  u_replay/cmd_ready_OBUF_inst_i_3/O
                         net (fo=1, unplaced)         0.141     3.895    u_replay/cmd_ready_OBUF_inst_i_3_n_0
                         LUT6 (Prop_LUT6_I1_O)        0.100     3.995 r  u_replay/cmd_ready_OBUF_inst_i_1/O
                         net (fo=4, unplaced)         0.197     4.192    u_replay/cmd_ready_OBUF
                         LUT3 (Prop_LUT3_I1_O)        0.038     4.230 r  u_replay/fifo_head[3]_i_1/O
                         net (fo=561, unplaced)       0.230     4.460    u_replay/fifo_head
                         LUT6 (Prop_LUT6_I0_O)        0.150     4.610 r  u_replay/array_clr_i_1/O
                         net (fo=316, unplaced)       0.297     4.907    u_replay/array_feed_enable3_out
                         LUT3 (Prop_LUT3_I2_O)        0.038     4.945 r  u_replay/result_data_r[3071]_i_1/O
                         net (fo=2592, unplaced)      0.299     5.244    u_replay/result_valid_r
                         FDCE                                         r  u_replay/result_data_r_reg[1010]/CE
  -------------------------------------------------------------------    -------------------

                         (clock clk rise edge)        4.000     4.000 r  
                                                      0.000     4.000 r  clk (IN)
                         net (fo=0)                   0.000     4.000    clk_IBUF_inst/I
                         INBUF (Prop_INBUF_PAD_O)     0.331     4.331 r  clk_IBUF_inst/INBUF_INST/O
                         net (fo=1, unplaced)         0.000     4.331    clk_IBUF_inst/OUT
                         IBUFCTRL (Prop_IBUFCTRL_I_O)
                                                      0.000     4.331 r  clk_IBUF_inst/IBUFCTRL_INST/O
                         net (fo=1, unplaced)         0.133     4.464    clk_IBUF
                         BUFGCE (Prop_BUFGCE_I_O)     0.024     4.488 r  clk_IBUF_BUFG_inst/O
                         net (fo=192660, unplaced)    2.439     6.927    u_replay/clk_IBUF_BUFG
                         FDCE                                         r  u_replay/result_data_r_reg[1010]/C
                         clock pessimism              0.283     7.210    
                         clock uncertainty           -0.085     7.125    
                         FDCE (Setup_FDCE_C_CE)      -0.061     7.064    u_replay/result_data_r_reg[1010]
  -------------------------------------------------------------------
                         required time                          7.064    
                         arrival time                          -5.244    
  -------------------------------------------------------------------
                         slack                                  1.820    

Slack (MET) :             1.820ns  (required time - arrival time)
  Source:                 u_replay/result_valid_r_reg/C
                            (rising edge-triggered cell FDCE clocked by clk  {rise@0.000ns fall@2.000ns period=4.000ns})
  Destination:            u_replay/result_data_r_reg[1011]/CE
                            (rising edge-triggered cell FDCE clocked by clk  {rise@0.000ns fall@2.000ns period=4.000ns})
  Path Group:             clk
  Path Type:              Setup (Max at Slow Process Corner)
  Requirement:            4.000ns  (clk rise@4.000ns - clk rise@0.000ns)
  Data Path Delay:        1.889ns  (logic 0.553ns (29.275%)  route 1.336ns (70.725%))
  Logic Levels:           5  (LUT3=2 LUT6=3)
  Clock Path Skew:        -0.145ns (DCD - SCD + CPR)
    Destination Clock Delay (DCD):    2.927ns = ( 6.927 - 4.000 ) 
    Source Clock Delay      (SCD):    3.355ns
    Clock Pessimism Removal (CPR):    0.283ns
  Clock Uncertainty:      0.085ns  ((TSJ^2 + TIJ^2)^1/2 + DJ) / 2 + PE + UU
    Total System Jitter     (TSJ):    0.071ns
    Total Input Jitter      (TIJ):    0.000ns
    Discrete Jitter          (DJ):    0.000ns
    Phase Error              (PE):    0.000ns
    User Uncertainty         (UU):    0.050ns

    Location             Delay type                Incr(ns)  Path(ns)    Netlist Resource(s)
  -------------------------------------------------------------------    -------------------
                         (clock clk rise edge)        0.000     0.000 r  
                                                      0.000     0.000 r  clk (IN)
                         net (fo=0)                   0.000     0.000    clk_IBUF_inst/I
                         INBUF (Prop_INBUF_PAD_O)     0.582     0.582 r  clk_IBUF_inst/INBUF_INST/O
                         net (fo=1, unplaced)         0.000     0.582    clk_IBUF_inst/OUT
                         IBUFCTRL (Prop_IBUFCTRL_I_O)
                                                      0.000     0.582 r  clk_IBUF_inst/IBUFCTRL_INST/O
                         net (fo=1, unplaced)         0.161     0.743    clk_IBUF
                         BUFGCE (Prop_BUFGCE_I_O)     0.028     0.771 r  clk_IBUF_BUFG_inst/O
                         net (fo=192660, unplaced)    2.584     3.355    u_replay/clk_IBUF_BUFG
                         FDCE                                         r  u_replay/result_valid_r_reg/C
  -------------------------------------------------------------------    -------------------
                         FDCE (Prop_FDCE_C_Q)         0.077     3.432 f  u_replay/result_valid_r_reg/Q
                         net (fo=5, unplaced)         0.172     3.604    u_replay/output_valid_OBUF
                         LUT6 (Prop_LUT6_I0_O)        0.150     3.754 r  u_replay/cmd_ready_OBUF_inst_i_3/O
                         net (fo=1, unplaced)         0.141     3.895    u_replay/cmd_ready_OBUF_inst_i_3_n_0
                         LUT6 (Prop_LUT6_I1_O)        0.100     3.995 r  u_replay/cmd_ready_OBUF_inst_i_1/O
                         net (fo=4, unplaced)         0.197     4.192    u_replay/cmd_ready_OBUF
                         LUT3 (Prop_LUT3_I1_O)        0.038     4.230 r  u_replay/fifo_head[3]_i_1/O
                         net (fo=561, unplaced)       0.230     4.460    u_replay/fifo_head
                         LUT6 (Prop_LUT6_I0_O)        0.150     4.610 r  u_replay/array_clr_i_1/O
                         net (fo=316, unplaced)       0.297     4.907    u_replay/array_feed_enable3_out
                         LUT3 (Prop_LUT3_I2_O)        0.038     4.945 r  u_replay/result_data_r[3071]_i_1/O
                         net (fo=2592, unplaced)      0.299     5.244    u_replay/result_valid_r
                         FDCE                                         r  u_replay/result_data_r_reg[1011]/CE
  -------------------------------------------------------------------    -------------------

                         (clock clk rise edge)        4.000     4.000 r  
                                                      0.000     4.000 r  clk (IN)
                         net (fo=0)                   0.000     4.000    clk_IBUF_inst/I
                         INBUF (Prop_INBUF_PAD_O)     0.331     4.331 r  clk_IBUF_inst/INBUF_INST/O
                         net (fo=1, unplaced)         0.000     4.331    clk_IBUF_inst/OUT
                         IBUFCTRL (Prop_IBUFCTRL_I_O)
                                                      0.000     4.331 r  clk_IBUF_inst/IBUFCTRL_INST/O
                         net (fo=1, unplaced)         0.133     4.464    clk_IBUF
                         BUFGCE (Prop_BUFGCE_I_O)     0.024     4.488 r  clk_IBUF_BUFG_inst/O
                         net (fo=192660, unplaced)    2.439     6.927    u_replay/clk_IBUF_BUFG
                         FDCE                                         r  u_replay/result_data_r_reg[1011]/C
                         clock pessimism              0.283     7.210    
                         clock uncertainty           -0.085     7.125    
                         FDCE (Setup_FDCE_C_CE)      -0.061     7.064    u_replay/result_data_r_reg[1011]
  -------------------------------------------------------------------
                         required time                          7.064    
                         arrival time                          -5.244    
  -------------------------------------------------------------------
                         slack                                  1.820    

Slack (MET) :             1.820ns  (required time - arrival time)
  Source:                 u_replay/result_valid_r_reg/C
                            (rising edge-triggered cell FDCE clocked by clk  {rise@0.000ns fall@2.000ns period=4.000ns})
  Destination:            u_replay/result_data_r_reg[1012]/CE
                            (rising edge-triggered cell FDCE clocked by clk  {rise@0.000ns fall@2.000ns period=4.000ns})
  Path Group:             clk
  Path Type:              Setup (Max at Slow Process Corner)
  Requirement:            4.000ns  (clk rise@4.000ns - clk rise@0.000ns)
  Data Path Delay:        1.889ns  (logic 0.553ns (29.275%)  route 1.336ns (70.725%))
  Logic Levels:           5  (LUT3=2 LUT6=3)
  Clock Path Skew:        -0.145ns (DCD - SCD + CPR)
    Destination Clock Delay (DCD):    2.927ns = ( 6.927 - 4.000 ) 
    Source Clock Delay      (SCD):    3.355ns
    Clock Pessimism Removal (CPR):    0.283ns
  Clock Uncertainty:      0.085ns  ((TSJ^2 + TIJ^2)^1/2 + DJ) / 2 + PE + UU
    Total System Jitter     (TSJ):    0.071ns
    Total Input Jitter      (TIJ):    0.000ns
    Discrete Jitter          (DJ):    0.000ns
    Phase Error              (PE):    0.000ns
    User Uncertainty         (UU):    0.050ns

    Location             Delay type                Incr(ns)  Path(ns)    Netlist Resource(s)
  -------------------------------------------------------------------    -------------------
                         (clock clk rise edge)        0.000     0.000 r  
                                                      0.000     0.000 r  clk (IN)
                         net (fo=0)                   0.000     0.000    clk_IBUF_inst/I
                         INBUF (Prop_INBUF_PAD_O)     0.582     0.582 r  clk_IBUF_inst/INBUF_INST/O
                         net (fo=1, unplaced)         0.000     0.582    clk_IBUF_inst/OUT
                         IBUFCTRL (Prop_IBUFCTRL_I_O)
                                                      0.000     0.582 r  clk_IBUF_inst/IBUFCTRL_INST/O
                         net (fo=1, unplaced)         0.161     0.743    clk_IBUF
                         BUFGCE (Prop_BUFGCE_I_O)     0.028     0.771 r  clk_IBUF_BUFG_inst/O
                         net (fo=192660, unplaced)    2.584     3.355    u_replay/clk_IBUF_BUFG
                         FDCE                                         r  u_replay/result_valid_r_reg/C
  -------------------------------------------------------------------    -------------------
                         FDCE (Prop_FDCE_C_Q)         0.077     3.432 f  u_replay/result_valid_r_reg/Q
                         net (fo=5, unplaced)         0.172     3.604    u_replay/output_valid_OBUF
                         LUT6 (Prop_LUT6_I0_O)        0.150     3.754 r  u_replay/cmd_ready_OBUF_inst_i_3/O
                         net (fo=1, unplaced)         0.141     3.895    u_replay/cmd_ready_OBUF_inst_i_3_n_0
                         LUT6 (Prop_LUT6_I1_O)        0.100     3.995 r  u_replay/cmd_ready_OBUF_inst_i_1/O
                         net (fo=4, unplaced)         0.197     4.192    u_replay/cmd_ready_OBUF
                         LUT3 (Prop_LUT3_I1_O)        0.038     4.230 r  u_replay/fifo_head[3]_i_1/O
                         net (fo=561, unplaced)       0.230     4.460    u_replay/fifo_head
                         LUT6 (Prop_LUT6_I0_O)        0.150     4.610 r  u_replay/array_clr_i_1/O
                         net (fo=316, unplaced)       0.297     4.907    u_replay/array_feed_enable3_out
                         LUT3 (Prop_LUT3_I2_O)        0.038     4.945 r  u_replay/result_data_r[3071]_i_1/O
                         net (fo=2592, unplaced)      0.299     5.244    u_replay/result_valid_r
                         FDCE                                         r  u_replay/result_data_r_reg[1012]/CE
  -------------------------------------------------------------------    -------------------

                         (clock clk rise edge)        4.000     4.000 r  
                                                      0.000     4.000 r  clk (IN)
                         net (fo=0)                   0.000     4.000    clk_IBUF_inst/I
                         INBUF (Prop_INBUF_PAD_O)     0.331     4.331 r  clk_IBUF_inst/INBUF_INST/O
                         net (fo=1, unplaced)         0.000     4.331    clk_IBUF_inst/OUT
                         IBUFCTRL (Prop_IBUFCTRL_I_O)
                                                      0.000     4.331 r  clk_IBUF_inst/IBUFCTRL_INST/O
                         net (fo=1, unplaced)         0.133     4.464    clk_IBUF
                         BUFGCE (Prop_BUFGCE_I_O)     0.024     4.488 r  clk_IBUF_BUFG_inst/O
                         net (fo=192660, unplaced)    2.439     6.927    u_replay/clk_IBUF_BUFG
                         FDCE                                         r  u_replay/result_data_r_reg[1012]/C
                         clock pessimism              0.283     7.210    
                         clock uncertainty           -0.085     7.125    
                         FDCE (Setup_FDCE_C_CE)      -0.061     7.064    u_replay/result_data_r_reg[1012]
  -------------------------------------------------------------------
                         required time                          7.064    
                         arrival time                          -5.244    
  -------------------------------------------------------------------
                         slack                                  1.820    

Slack (MET) :             1.820ns  (required time - arrival time)
  Source:                 u_replay/result_valid_r_reg/C
                            (rising edge-triggered cell FDCE clocked by clk  {rise@0.000ns fall@2.000ns period=4.000ns})
  Destination:            u_replay/result_data_r_reg[1013]/CE
                            (rising edge-triggered cell FDCE clocked by clk  {rise@0.000ns fall@2.000ns period=4.000ns})
  Path Group:             clk
  Path Type:              Setup (Max at Slow Process Corner)
  Requirement:            4.000ns  (clk rise@4.000ns - clk rise@0.000ns)
  Data Path Delay:        1.889ns  (logic 0.553ns (29.275%)  route 1.336ns (70.725%))
  Logic Levels:           5  (LUT3=2 LUT6=3)
  Clock Path Skew:        -0.145ns (DCD - SCD + CPR)
    Destination Clock Delay (DCD):    2.927ns = ( 6.927 - 4.000 ) 
    Source Clock Delay      (SCD):    3.355ns
    Clock Pessimism Removal (CPR):    0.283ns
  Clock Uncertainty:      0.085ns  ((TSJ^2 + TIJ^2)^1/2 + DJ) / 2 + PE + UU
    Total System Jitter     (TSJ):    0.071ns
    Total Input Jitter      (TIJ):    0.000ns
    Discrete Jitter          (DJ):    0.000ns
    Phase Error              (PE):    0.000ns
    User Uncertainty         (UU):    0.050ns

    Location             Delay type                Incr(ns)  Path(ns)    Netlist Resource(s)
  -------------------------------------------------------------------    -------------------
                         (clock clk rise edge)        0.000     0.000 r  
                                                      0.000     0.000 r  clk (IN)
                         net (fo=0)                   0.000     0.000    clk_IBUF_inst/I
                         INBUF (Prop_INBUF_PAD_O)     0.582     0.582 r  clk_IBUF_inst/INBUF_INST/O
                         net (fo=1, unplaced)         0.000     0.582    clk_IBUF_inst/OUT
                         IBUFCTRL (Prop_IBUFCTRL_I_O)
                                                      0.000     0.582 r  clk_IBUF_inst/IBUFCTRL_INST/O
                         net (fo=1, unplaced)         0.161     0.743    clk_IBUF
                         BUFGCE (Prop_BUFGCE_I_O)     0.028     0.771 r  clk_IBUF_BUFG_inst/O
                         net (fo=192660, unplaced)    2.584     3.355    u_replay/clk_IBUF_BUFG
                         FDCE                                         r  u_replay/result_valid_r_reg/C
  -------------------------------------------------------------------    -------------------
                         FDCE (Prop_FDCE_C_Q)         0.077     3.432 f  u_replay/result_valid_r_reg/Q
                         net (fo=5, unplaced)         0.172     3.604    u_replay/output_valid_OBUF
                         LUT6 (Prop_LUT6_I0_O)        0.150     3.754 r  u_replay/cmd_ready_OBUF_inst_i_3/O
                         net (fo=1, unplaced)         0.141     3.895    u_replay/cmd_ready_OBUF_inst_i_3_n_0
                         LUT6 (Prop_LUT6_I1_O)        0.100     3.995 r  u_replay/cmd_ready_OBUF_inst_i_1/O
                         net (fo=4, unplaced)         0.197     4.192    u_replay/cmd_ready_OBUF
                         LUT3 (Prop_LUT3_I1_O)        0.038     4.230 r  u_replay/fifo_head[3]_i_1/O
                         net (fo=561, unplaced)       0.230     4.460    u_replay/fifo_head
                         LUT6 (Prop_LUT6_I0_O)        0.150     4.610 r  u_replay/array_clr_i_1/O
                         net (fo=316, unplaced)       0.297     4.907    u_replay/array_feed_enable3_out
                         LUT3 (Prop_LUT3_I2_O)        0.038     4.945 r  u_replay/result_data_r[3071]_i_1/O
                         net (fo=2592, unplaced)      0.299     5.244    u_replay/result_valid_r
                         FDCE                                         r  u_replay/result_data_r_reg[1013]/CE
  -------------------------------------------------------------------    -------------------

                         (clock clk rise edge)        4.000     4.000 r  
                                                      0.000     4.000 r  clk (IN)
                         net (fo=0)                   0.000     4.000    clk_IBUF_inst/I
                         INBUF (Prop_INBUF_PAD_O)     0.331     4.331 r  clk_IBUF_inst/INBUF_INST/O
                         net (fo=1, unplaced)         0.000     4.331    clk_IBUF_inst/OUT
                         IBUFCTRL (Prop_IBUFCTRL_I_O)
                                                      0.000     4.331 r  clk_IBUF_inst/IBUFCTRL_INST/O
                         net (fo=1, unplaced)         0.133     4.464    clk_IBUF
                         BUFGCE (Prop_BUFGCE_I_O)     0.024     4.488 r  clk_IBUF_BUFG_inst/O
                         net (fo=192660, unplaced)    2.439     6.927    u_replay/clk_IBUF_BUFG
                         FDCE                                         r  u_replay/result_data_r_reg[1013]/C
                         clock pessimism              0.283     7.210    
                         clock uncertainty           -0.085     7.125    
                         FDCE (Setup_FDCE_C_CE)      -0.061     7.064    u_replay/result_data_r_reg[1013]
  -------------------------------------------------------------------
                         required time                          7.064    
                         arrival time                          -5.244    
  -------------------------------------------------------------------
                         slack                                  1.820    

Slack (MET) :             1.820ns  (required time - arrival time)
  Source:                 u_replay/result_valid_r_reg/C
                            (rising edge-triggered cell FDCE clocked by clk  {rise@0.000ns fall@2.000ns period=4.000ns})
  Destination:            u_replay/result_data_r_reg[1014]/CE
                            (rising edge-triggered cell FDCE clocked by clk  {rise@0.000ns fall@2.000ns period=4.000ns})
  Path Group:             clk
  Path Type:              Setup (Max at Slow Process Corner)
  Requirement:            4.000ns  (clk rise@4.000ns - clk rise@0.000ns)
  Data Path Delay:        1.889ns  (logic 0.553ns (29.275%)  route 1.336ns (70.725%))
  Logic Levels:           5  (LUT3=2 LUT6=3)
  Clock Path Skew:        -0.145ns (DCD - SCD + CPR)
    Destination Clock Delay (DCD):    2.927ns = ( 6.927 - 4.000 ) 
    Source Clock Delay      (SCD):    3.355ns
    Clock Pessimism Removal (CPR):    0.283ns
  Clock Uncertainty:      0.085ns  ((TSJ^2 + TIJ^2)^1/2 + DJ) / 2 + PE + UU
    Total System Jitter     (TSJ):    0.071ns
    Total Input Jitter      (TIJ):    0.000ns
    Discrete Jitter          (DJ):    0.000ns
    Phase Error              (PE):    0.000ns
    User Uncertainty         (UU):    0.050ns

    Location             Delay type                Incr(ns)  Path(ns)    Netlist Resource(s)
  -------------------------------------------------------------------    -------------------
                         (clock clk rise edge)        0.000     0.000 r  
                                                      0.000     0.000 r  clk (IN)
                         net (fo=0)                   0.000     0.000    clk_IBUF_inst/I
                         INBUF (Prop_INBUF_PAD_O)     0.582     0.582 r  clk_IBUF_inst/INBUF_INST/O
                         net (fo=1, unplaced)         0.000     0.582    clk_IBUF_inst/OUT
                         IBUFCTRL (Prop_IBUFCTRL_I_O)
                                                      0.000     0.582 r  clk_IBUF_inst/IBUFCTRL_INST/O
                         net (fo=1, unplaced)         0.161     0.743    clk_IBUF
                         BUFGCE (Prop_BUFGCE_I_O)     0.028     0.771 r  clk_IBUF_BUFG_inst/O
                         net (fo=192660, unplaced)    2.584     3.355    u_replay/clk_IBUF_BUFG
                         FDCE                                         r  u_replay/result_valid_r_reg/C
  -------------------------------------------------------------------    -------------------
                         FDCE (Prop_FDCE_C_Q)         0.077     3.432 f  u_replay/result_valid_r_reg/Q
                         net (fo=5, unplaced)         0.172     3.604    u_replay/output_valid_OBUF
                         LUT6 (Prop_LUT6_I0_O)        0.150     3.754 r  u_replay/cmd_ready_OBUF_inst_i_3/O
                         net (fo=1, unplaced)         0.141     3.895    u_replay/cmd_ready_OBUF_inst_i_3_n_0
                         LUT6 (Prop_LUT6_I1_O)        0.100     3.995 r  u_replay/cmd_ready_OBUF_inst_i_1/O
                         net (fo=4, unplaced)         0.197     4.192    u_replay/cmd_ready_OBUF
                         LUT3 (Prop_LUT3_I1_O)        0.038     4.230 r  u_replay/fifo_head[3]_i_1/O
                         net (fo=561, unplaced)       0.230     4.460    u_replay/fifo_head
                         LUT6 (Prop_LUT6_I0_O)        0.150     4.610 r  u_replay/array_clr_i_1/O
                         net (fo=316, unplaced)       0.297     4.907    u_replay/array_feed_enable3_out
                         LUT3 (Prop_LUT3_I2_O)        0.038     4.945 r  u_replay/result_data_r[3071]_i_1/O
                         net (fo=2592, unplaced)      0.299     5.244    u_replay/result_valid_r
                         FDCE                                         r  u_replay/result_data_r_reg[1014]/CE
  -------------------------------------------------------------------    -------------------

                         (clock clk rise edge)        4.000     4.000 r  
                                                      0.000     4.000 r  clk (IN)
                         net (fo=0)                   0.000     4.000    clk_IBUF_inst/I
                         INBUF (Prop_INBUF_PAD_O)     0.331     4.331 r  clk_IBUF_inst/INBUF_INST/O
                         net (fo=1, unplaced)         0.000     4.331    clk_IBUF_inst/OUT
                         IBUFCTRL (Prop_IBUFCTRL_I_O)
                                                      0.000     4.331 r  clk_IBUF_inst/IBUFCTRL_INST/O
                         net (fo=1, unplaced)         0.133     4.464    clk_IBUF
                         BUFGCE (Prop_BUFGCE_I_O)     0.024     4.488 r  clk_IBUF_BUFG_inst/O
                         net (fo=192660, unplaced)    2.439     6.927    u_replay/clk_IBUF_BUFG
                         FDCE                                         r  u_replay/result_data_r_reg[1014]/C
                         clock pessimism              0.283     7.210    
                         clock uncertainty           -0.085     7.125    
                         FDCE (Setup_FDCE_C_CE)      -0.061     7.064    u_replay/result_data_r_reg[1014]
  -------------------------------------------------------------------
                         required time                          7.064    
                         arrival time                          -5.244    
  -------------------------------------------------------------------
                         slack                                  1.820    

Slack (MET) :             1.820ns  (required time - arrival time)
  Source:                 u_replay/result_valid_r_reg/C
                            (rising edge-triggered cell FDCE clocked by clk  {rise@0.000ns fall@2.000ns period=4.000ns})
  Destination:            u_replay/result_data_r_reg[1015]/CE
                            (rising edge-triggered cell FDCE clocked by clk  {rise@0.000ns fall@2.000ns period=4.000ns})
  Path Group:             clk
  Path Type:              Setup (Max at Slow Process Corner)
  Requirement:            4.000ns  (clk rise@4.000ns - clk rise@0.000ns)
  Data Path Delay:        1.889ns  (logic 0.553ns (29.275%)  route 1.336ns (70.725%))
  Logic Levels:           5  (LUT3=2 LUT6=3)
  Clock Path Skew:        -0.145ns (DCD - SCD + CPR)
    Destination Clock Delay (DCD):    2.927ns = ( 6.927 - 4.000 ) 
    Source Clock Delay      (SCD):    3.355ns
    Clock Pessimism Removal (CPR):    0.283ns
  Clock Uncertainty:      0.085ns  ((TSJ^2 + TIJ^2)^1/2 + DJ) / 2 + PE + UU
    Total System Jitter     (TSJ):    0.071ns
    Total Input Jitter      (TIJ):    0.000ns
    Discrete Jitter          (DJ):    0.000ns
    Phase Error              (PE):    0.000ns
    User Uncertainty         (UU):    0.050ns

    Location             Delay type                Incr(ns)  Path(ns)    Netlist Resource(s)
  -------------------------------------------------------------------    -------------------
                         (clock clk rise edge)        0.000     0.000 r  
                                                      0.000     0.000 r  clk (IN)
                         net (fo=0)                   0.000     0.000    clk_IBUF_inst/I
                         INBUF (Prop_INBUF_PAD_O)     0.582     0.582 r  clk_IBUF_inst/INBUF_INST/O
                         net (fo=1, unplaced)         0.000     0.582    clk_IBUF_inst/OUT
                         IBUFCTRL (Prop_IBUFCTRL_I_O)
                                                      0.000     0.582 r  clk_IBUF_inst/IBUFCTRL_INST/O
                         net (fo=1, unplaced)         0.161     0.743    clk_IBUF
                         BUFGCE (Prop_BUFGCE_I_O)     0.028     0.771 r  clk_IBUF_BUFG_inst/O
                         net (fo=192660, unplaced)    2.584     3.355    u_replay/clk_IBUF_BUFG
                         FDCE                                         r  u_replay/result_valid_r_reg/C
  -------------------------------------------------------------------    -------------------
                         FDCE (Prop_FDCE_C_Q)         0.077     3.432 f  u_replay/result_valid_r_reg/Q
                         net (fo=5, unplaced)         0.172     3.604    u_replay/output_valid_OBUF
                         LUT6 (Prop_LUT6_I0_O)        0.150     3.754 r  u_replay/cmd_ready_OBUF_inst_i_3/O
                         net (fo=1, unplaced)         0.141     3.895    u_replay/cmd_ready_OBUF_inst_i_3_n_0
                         LUT6 (Prop_LUT6_I1_O)        0.100     3.995 r  u_replay/cmd_ready_OBUF_inst_i_1/O
                         net (fo=4, unplaced)         0.197     4.192    u_replay/cmd_ready_OBUF
                         LUT3 (Prop_LUT3_I1_O)        0.038     4.230 r  u_replay/fifo_head[3]_i_1/O
                         net (fo=561, unplaced)       0.230     4.460    u_replay/fifo_head
                         LUT6 (Prop_LUT6_I0_O)        0.150     4.610 r  u_replay/array_clr_i_1/O
                         net (fo=316, unplaced)       0.297     4.907    u_replay/array_feed_enable3_out
                         LUT3 (Prop_LUT3_I2_O)        0.038     4.945 r  u_replay/result_data_r[3071]_i_1/O
                         net (fo=2592, unplaced)      0.299     5.244    u_replay/result_valid_r
                         FDCE                                         r  u_replay/result_data_r_reg[1015]/CE
  -------------------------------------------------------------------    -------------------

                         (clock clk rise edge)        4.000     4.000 r  
                                                      0.000     4.000 r  clk (IN)
                         net (fo=0)                   0.000     4.000    clk_IBUF_inst/I
                         INBUF (Prop_INBUF_PAD_O)     0.331     4.331 r  clk_IBUF_inst/INBUF_INST/O
                         net (fo=1, unplaced)         0.000     4.331    clk_IBUF_inst/OUT
                         IBUFCTRL (Prop_IBUFCTRL_I_O)
                                                      0.000     4.331 r  clk_IBUF_inst/IBUFCTRL_INST/O
                         net (fo=1, unplaced)         0.133     4.464    clk_IBUF
                         BUFGCE (Prop_BUFGCE_I_O)     0.024     4.488 r  clk_IBUF_BUFG_inst/O
                         net (fo=192660, unplaced)    2.439     6.927    u_replay/clk_IBUF_BUFG
                         FDCE                                         r  u_replay/result_data_r_reg[1015]/C
                         clock pessimism              0.283     7.210    
                         clock uncertainty           -0.085     7.125    
                         FDCE (Setup_FDCE_C_CE)      -0.061     7.064    u_replay/result_data_r_reg[1015]
  -------------------------------------------------------------------
                         required time                          7.064    
                         arrival time                          -5.244    
  -------------------------------------------------------------------
                         slack                                  1.820    

Slack (MET) :             1.820ns  (required time - arrival time)
  Source:                 u_replay/result_valid_r_reg/C
                            (rising edge-triggered cell FDCE clocked by clk  {rise@0.000ns fall@2.000ns period=4.000ns})
  Destination:            u_replay/result_data_r_reg[1016]/CE
                            (rising edge-triggered cell FDCE clocked by clk  {rise@0.000ns fall@2.000ns period=4.000ns})
  Path Group:             clk
  Path Type:              Setup (Max at Slow Process Corner)
  Requirement:            4.000ns  (clk rise@4.000ns - clk rise@0.000ns)
  Data Path Delay:        1.889ns  (logic 0.553ns (29.275%)  route 1.336ns (70.725%))
  Logic Levels:           5  (LUT3=2 LUT6=3)
  Clock Path Skew:        -0.145ns (DCD - SCD + CPR)
    Destination Clock Delay (DCD):    2.927ns = ( 6.927 - 4.000 ) 
    Source Clock Delay      (SCD):    3.355ns
    Clock Pessimism Removal (CPR):    0.283ns
  Clock Uncertainty:      0.085ns  ((TSJ^2 + TIJ^2)^1/2 + DJ) / 2 + PE + UU
    Total System Jitter     (TSJ):    0.071ns
    Total Input Jitter      (TIJ):    0.000ns
    Discrete Jitter          (DJ):    0.000ns
    Phase Error              (PE):    0.000ns
    User Uncertainty         (UU):    0.050ns

    Location             Delay type                Incr(ns)  Path(ns)    Netlist Resource(s)
  -------------------------------------------------------------------    -------------------
                         (clock clk rise edge)        0.000     0.000 r  
                                                      0.000     0.000 r  clk (IN)
                         net (fo=0)                   0.000     0.000    clk_IBUF_inst/I
                         INBUF (Prop_INBUF_PAD_O)     0.582     0.582 r  clk_IBUF_inst/INBUF_INST/O
                         net (fo=1, unplaced)         0.000     0.582    clk_IBUF_inst/OUT
                         IBUFCTRL (Prop_IBUFCTRL_I_O)
                                                      0.000     0.582 r  clk_IBUF_inst/IBUFCTRL_INST/O
                         net (fo=1, unplaced)         0.161     0.743    clk_IBUF
                         BUFGCE (Prop_BUFGCE_I_O)     0.028     0.771 r  clk_IBUF_BUFG_inst/O
                         net (fo=192660, unplaced)    2.584     3.355    u_replay/clk_IBUF_BUFG
                         FDCE                                         r  u_replay/result_valid_r_reg/C
  -------------------------------------------------------------------    -------------------
                         FDCE (Prop_FDCE_C_Q)         0.077     3.432 f  u_replay/result_valid_r_reg/Q
                         net (fo=5, unplaced)         0.172     3.604    u_replay/output_valid_OBUF
                         LUT6 (Prop_LUT6_I0_O)        0.150     3.754 r  u_replay/cmd_ready_OBUF_inst_i_3/O
                         net (fo=1, unplaced)         0.141     3.895    u_replay/cmd_ready_OBUF_inst_i_3_n_0
                         LUT6 (Prop_LUT6_I1_O)        0.100     3.995 r  u_replay/cmd_ready_OBUF_inst_i_1/O
                         net (fo=4, unplaced)         0.197     4.192    u_replay/cmd_ready_OBUF
                         LUT3 (Prop_LUT3_I1_O)        0.038     4.230 r  u_replay/fifo_head[3]_i_1/O
                         net (fo=561, unplaced)       0.230     4.460    u_replay/fifo_head
                         LUT6 (Prop_LUT6_I0_O)        0.150     4.610 r  u_replay/array_clr_i_1/O
                         net (fo=316, unplaced)       0.297     4.907    u_replay/array_feed_enable3_out
                         LUT3 (Prop_LUT3_I2_O)        0.038     4.945 r  u_replay/result_data_r[3071]_i_1/O
                         net (fo=2592, unplaced)      0.299     5.244    u_replay/result_valid_r
                         FDCE                                         r  u_replay/result_data_r_reg[1016]/CE
  -------------------------------------------------------------------    -------------------

                         (clock clk rise edge)        4.000     4.000 r  
                                                      0.000     4.000 r  clk (IN)
                         net (fo=0)                   0.000     4.000    clk_IBUF_inst/I
                         INBUF (Prop_INBUF_PAD_O)     0.331     4.331 r  clk_IBUF_inst/INBUF_INST/O
                         net (fo=1, unplaced)         0.000     4.331    clk_IBUF_inst/OUT
                         IBUFCTRL (Prop_IBUFCTRL_I_O)
                                                      0.000     4.331 r  clk_IBUF_inst/IBUFCTRL_INST/O
                         net (fo=1, unplaced)         0.133     4.464    clk_IBUF
                         BUFGCE (Prop_BUFGCE_I_O)     0.024     4.488 r  clk_IBUF_BUFG_inst/O
                         net (fo=192660, unplaced)    2.439     6.927    u_replay/clk_IBUF_BUFG
                         FDCE                                         r  u_replay/result_data_r_reg[1016]/C
                         clock pessimism              0.283     7.210    
                         clock uncertainty           -0.085     7.125    
                         FDCE (Setup_FDCE_C_CE)      -0.061     7.064    u_replay/result_data_r_reg[1016]
  -------------------------------------------------------------------
                         required time                          7.064    
                         arrival time                          -5.244    
  -------------------------------------------------------------------
                         slack                                  1.820    

Slack (MET) :             1.820ns  (required time - arrival time)
  Source:                 u_replay/result_valid_r_reg/C
                            (rising edge-triggered cell FDCE clocked by clk  {rise@0.000ns fall@2.000ns period=4.000ns})
  Destination:            u_replay/result_data_r_reg[1017]/CE
                            (rising edge-triggered cell FDCE clocked by clk  {rise@0.000ns fall@2.000ns period=4.000ns})
  Path Group:             clk
  Path Type:              Setup (Max at Slow Process Corner)
  Requirement:            4.000ns  (clk rise@4.000ns - clk rise@0.000ns)
  Data Path Delay:        1.889ns  (logic 0.553ns (29.275%)  route 1.336ns (70.725%))
  Logic Levels:           5  (LUT3=2 LUT6=3)
  Clock Path Skew:        -0.145ns (DCD - SCD + CPR)
    Destination Clock Delay (DCD):    2.927ns = ( 6.927 - 4.000 ) 
    Source Clock Delay      (SCD):    3.355ns
    Clock Pessimism Removal (CPR):    0.283ns
  Clock Uncertainty:      0.085ns  ((TSJ^2 + TIJ^2)^1/2 + DJ) / 2 + PE + UU
    Total System Jitter     (TSJ):    0.071ns
    Total Input Jitter      (TIJ):    0.000ns
    Discrete Jitter          (DJ):    0.000ns
    Phase Error              (PE):    0.000ns
    User Uncertainty         (UU):    0.050ns

    Location             Delay type                Incr(ns)  Path(ns)    Netlist Resource(s)
  -------------------------------------------------------------------    -------------------
                         (clock clk rise edge)        0.000     0.000 r  
                                                      0.000     0.000 r  clk (IN)
                         net (fo=0)                   0.000     0.000    clk_IBUF_inst/I
                         INBUF (Prop_INBUF_PAD_O)     0.582     0.582 r  clk_IBUF_inst/INBUF_INST/O
                         net (fo=1, unplaced)         0.000     0.582    clk_IBUF_inst/OUT
                         IBUFCTRL (Prop_IBUFCTRL_I_O)
                                                      0.000     0.582 r  clk_IBUF_inst/IBUFCTRL_INST/O
                         net (fo=1, unplaced)         0.161     0.743    clk_IBUF
                         BUFGCE (Prop_BUFGCE_I_O)     0.028     0.771 r  clk_IBUF_BUFG_inst/O
                         net (fo=192660, unplaced)    2.584     3.355    u_replay/clk_IBUF_BUFG
                         FDCE                                         r  u_replay/result_valid_r_reg/C
  -------------------------------------------------------------------    -------------------
                         FDCE (Prop_FDCE_C_Q)         0.077     3.432 f  u_replay/result_valid_r_reg/Q
                         net (fo=5, unplaced)         0.172     3.604    u_replay/output_valid_OBUF
                         LUT6 (Prop_LUT6_I0_O)        0.150     3.754 r  u_replay/cmd_ready_OBUF_inst_i_3/O
                         net (fo=1, unplaced)         0.141     3.895    u_replay/cmd_ready_OBUF_inst_i_3_n_0
                         LUT6 (Prop_LUT6_I1_O)        0.100     3.995 r  u_replay/cmd_ready_OBUF_inst_i_1/O
                         net (fo=4, unplaced)         0.197     4.192    u_replay/cmd_ready_OBUF
                         LUT3 (Prop_LUT3_I1_O)        0.038     4.230 r  u_replay/fifo_head[3]_i_1/O
                         net (fo=561, unplaced)       0.230     4.460    u_replay/fifo_head
                         LUT6 (Prop_LUT6_I0_O)        0.150     4.610 r  u_replay/array_clr_i_1/O
                         net (fo=316, unplaced)       0.297     4.907    u_replay/array_feed_enable3_out
                         LUT3 (Prop_LUT3_I2_O)        0.038     4.945 r  u_replay/result_data_r[3071]_i_1/O
                         net (fo=2592, unplaced)      0.299     5.244    u_replay/result_valid_r
                         FDCE                                         r  u_replay/result_data_r_reg[1017]/CE
  -------------------------------------------------------------------    -------------------

                         (clock clk rise edge)        4.000     4.000 r  
                                                      0.000     4.000 r  clk (IN)
                         net (fo=0)                   0.000     4.000    clk_IBUF_inst/I
                         INBUF (Prop_INBUF_PAD_O)     0.331     4.331 r  clk_IBUF_inst/INBUF_INST/O
                         net (fo=1, unplaced)         0.000     4.331    clk_IBUF_inst/OUT
                         IBUFCTRL (Prop_IBUFCTRL_I_O)
                                                      0.000     4.331 r  clk_IBUF_inst/IBUFCTRL_INST/O
                         net (fo=1, unplaced)         0.133     4.464    clk_IBUF
                         BUFGCE (Prop_BUFGCE_I_O)     0.024     4.488 r  clk_IBUF_BUFG_inst/O
                         net (fo=192660, unplaced)    2.439     6.927    u_replay/clk_IBUF_BUFG
                         FDCE                                         r  u_replay/result_data_r_reg[1017]/C
                         clock pessimism              0.283     7.210    
                         clock uncertainty           -0.085     7.125    
                         FDCE (Setup_FDCE_C_CE)      -0.061     7.064    u_replay/result_data_r_reg[1017]
  -------------------------------------------------------------------
                         required time                          7.064    
                         arrival time                          -5.244    
  -------------------------------------------------------------------
                         slack                                  1.820    





Pulse Width Checks
--------------------------------------------------------------------------------------
Clock Name:         clk
Waveform(ns):       { 0.000 2.000 }
Period(ns):         4.000
Sources:            { clk }

Check Type        Corner  Lib Pin     Reference Pin  Required(ns)  Actual(ns)  Slack(ns)  Location  Pin
Min Period        n/a     BUFGCE/I    n/a            1.290         4.000       2.710                clk_IBUF_BUFG_inst/I
Min Period        n/a     SRL16E/CLK  n/a            1.064         4.000       2.936                u_replay/g_array.u_array/u_array/u_ref/adly_reg[10][10][0]_srl11/CLK
Min Period        n/a     SRL16E/CLK  n/a            1.064         4.000       2.936                u_replay/g_array.u_array/u_array/u_ref/adly_reg[10][10][1]_srl11/CLK
Min Period        n/a     SRL16E/CLK  n/a            1.064         4.000       2.936                u_replay/g_array.u_array/u_array/u_ref/adly_reg[10][10][2]_srl11/CLK
Min Period        n/a     SRL16E/CLK  n/a            1.064         4.000       2.936                u_replay/g_array.u_array/u_array/u_ref/adly_reg[10][10][3]_srl11/CLK
Min Period        n/a     SRL16E/CLK  n/a            1.064         4.000       2.936                u_replay/g_array.u_array/u_array/u_ref/adly_reg[10][10][4]_srl11/CLK
Min Period        n/a     SRL16E/CLK  n/a            1.064         4.000       2.936                u_replay/g_array.u_array/u_array/u_ref/adly_reg[10][10][5]_srl11/CLK
Min Period        n/a     SRL16E/CLK  n/a            1.064         4.000       2.936                u_replay/g_array.u_array/u_array/u_ref/adly_reg[10][10][6]_srl11/CLK
Min Period        n/a     SRL16E/CLK  n/a            1.064         4.000       2.936                u_replay/g_array.u_array/u_array/u_ref/adly_reg[10][10][7]_srl11/CLK
Min Period        n/a     SRL16E/CLK  n/a            1.064         4.000       2.936                u_replay/g_array.u_array/u_array/u_ref/adly_reg[11][11][0]_srl12/CLK
Min Period        n/a     SRL16E/CLK  n/a            1.064         4.000       2.936                u_replay/g_array.u_array/u_array/u_ref/adly_reg[11][11][1]_srl12/CLK
Min Period        n/a     SRL16E/CLK  n/a            1.064         4.000       2.936                u_replay/g_array.u_array/u_array/u_ref/adly_reg[11][11][2]_srl12/CLK
Min Period        n/a     SRL16E/CLK  n/a            1.064         4.000       2.936                u_replay/g_array.u_array/u_array/u_ref/adly_reg[11][11][3]_srl12/CLK
Min Period        n/a     SRL16E/CLK  n/a            1.064         4.000       2.936                u_replay/g_array.u_array/u_array/u_ref/adly_reg[11][11][4]_srl12/CLK
Min Period        n/a     SRL16E/CLK  n/a            1.064         4.000       2.936                u_replay/g_array.u_array/u_array/u_ref/adly_reg[11][11][5]_srl12/CLK
Min Period        n/a     SRL16E/CLK  n/a            1.064         4.000       2.936                u_replay/g_array.u_array/u_array/u_ref/adly_reg[11][11][6]_srl12/CLK
Min Period        n/a     SRL16E/CLK  n/a            1.064         4.000       2.936                u_replay/g_array.u_array/u_array/u_ref/adly_reg[11][11][7]_srl12/CLK
Min Period        n/a     SRL16E/CLK  n/a            1.064         4.000       2.936                u_replay/g_array.u_array/u_array/u_ref/adly_reg[12][12][0]_srl13/CLK
Min Period        n/a     SRL16E/CLK  n/a            1.064         4.000       2.936                u_replay/g_array.u_array/u_array/u_ref/adly_reg[12][12][1]_srl13/CLK
Min Period        n/a     SRL16E/CLK  n/a            1.064         4.000       2.936                u_replay/g_array.u_array/u_array/u_ref/adly_reg[12][12][2]_srl13/CLK
Low Pulse Width   Slow    SRL16E/CLK  n/a            0.532         2.000       1.468                u_replay/g_array.u_array/u_array/u_ref/adly_reg[10][10][0]_srl11/CLK
Low Pulse Width   Fast    SRL16E/CLK  n/a            0.532         2.000       1.468                u_replay/g_array.u_array/u_array/u_ref/adly_reg[10][10][0]_srl11/CLK
Low Pulse Width   Slow    SRL16E/CLK  n/a            0.532         2.000       1.468                u_replay/g_array.u_array/u_array/u_ref/adly_reg[10][10][1]_srl11/CLK
Low Pulse Width   Fast    SRL16E/CLK  n/a            0.532         2.000       1.468                u_replay/g_array.u_array/u_array/u_ref/adly_reg[10][10][1]_srl11/CLK
Low Pulse Width   Slow    SRL16E/CLK  n/a            0.532         2.000       1.468                u_replay/g_array.u_array/u_array/u_ref/adly_reg[10][10][2]_srl11/CLK
Low Pulse Width   Fast    SRL16E/CLK  n/a            0.532         2.000       1.468                u_replay/g_array.u_array/u_array/u_ref/adly_reg[10][10][2]_srl11/CLK
Low Pulse Width   Slow    SRL16E/CLK  n/a            0.532         2.000       1.468                u_replay/g_array.u_array/u_array/u_ref/adly_reg[10][10][3]_srl11/CLK
Low Pulse Width   Fast    SRL16E/CLK  n/a            0.532         2.000       1.468                u_replay/g_array.u_array/u_array/u_ref/adly_reg[10][10][3]_srl11/CLK
Low Pulse Width   Slow    SRL16E/CLK  n/a            0.532         2.000       1.468                u_replay/g_array.u_array/u_array/u_ref/adly_reg[10][10][4]_srl11/CLK
Low Pulse Width   Fast    SRL16E/CLK  n/a            0.532         2.000       1.468                u_replay/g_array.u_array/u_array/u_ref/adly_reg[10][10][4]_srl11/CLK
Low Pulse Width   Slow    SRL16E/CLK  n/a            0.532         2.000       1.468                u_replay/g_array.u_array/u_array/u_ref/adly_reg[10][10][5]_srl11/CLK
Low Pulse Width   Fast    SRL16E/CLK  n/a            0.532         2.000       1.468                u_replay/g_array.u_array/u_array/u_ref/adly_reg[10][10][5]_srl11/CLK
Low Pulse Width   Slow    SRL16E/CLK  n/a            0.532         2.000       1.468                u_replay/g_array.u_array/u_array/u_ref/adly_reg[10][10][6]_srl11/CLK
Low Pulse Width   Fast    SRL16E/CLK  n/a            0.532         2.000       1.468                u_replay/g_array.u_array/u_array/u_ref/adly_reg[10][10][6]_srl11/CLK
Low Pulse Width   Slow    SRL16E/CLK  n/a            0.532         2.000       1.468                u_replay/g_array.u_array/u_array/u_ref/adly_reg[10][10][7]_srl11/CLK
Low Pulse Width   Fast    SRL16E/CLK  n/a            0.532         2.000       1.468                u_replay/g_array.u_array/u_array/u_ref/adly_reg[10][10][7]_srl11/CLK
Low Pulse Width   Slow    SRL16E/CLK  n/a            0.532         2.000       1.468                u_replay/g_array.u_array/u_array/u_ref/adly_reg[11][11][0]_srl12/CLK
Low Pulse Width   Fast    SRL16E/CLK  n/a            0.532         2.000       1.468                u_replay/g_array.u_array/u_array/u_ref/adly_reg[11][11][0]_srl12/CLK
Low Pulse Width   Slow    SRL16E/CLK  n/a            0.532         2.000       1.468                u_replay/g_array.u_array/u_array/u_ref/adly_reg[11][11][1]_srl12/CLK
Low Pulse Width   Fast    SRL16E/CLK  n/a            0.532         2.000       1.468                u_replay/g_array.u_array/u_array/u_ref/adly_reg[11][11][1]_srl12/CLK
High Pulse Width  Slow    SRL16E/CLK  n/a            0.532         2.000       1.468                u_replay/g_array.u_array/u_array/u_ref/adly_reg[10][10][0]_srl11/CLK
High Pulse Width  Fast    SRL16E/CLK  n/a            0.532         2.000       1.468                u_replay/g_array.u_array/u_array/u_ref/adly_reg[10][10][0]_srl11/CLK
High Pulse Width  Slow    SRL16E/CLK  n/a            0.532         2.000       1.468                u_replay/g_array.u_array/u_array/u_ref/adly_reg[10][10][1]_srl11/CLK
High Pulse Width  Fast    SRL16E/CLK  n/a            0.532         2.000       1.468                u_replay/g_array.u_array/u_array/u_ref/adly_reg[10][10][1]_srl11/CLK
High Pulse Width  Slow    SRL16E/CLK  n/a            0.532         2.000       1.468                u_replay/g_array.u_array/u_array/u_ref/adly_reg[10][10][2]_srl11/CLK
High Pulse Width  Fast    SRL16E/CLK  n/a            0.532         2.000       1.468                u_replay/g_array.u_array/u_array/u_ref/adly_reg[10][10][2]_srl11/CLK
High Pulse Width  Slow    SRL16E/CLK  n/a            0.532         2.000       1.468                u_replay/g_array.u_array/u_array/u_ref/adly_reg[10][10][3]_srl11/CLK
High Pulse Width  Fast    SRL16E/CLK  n/a            0.532         2.000       1.468                u_replay/g_array.u_array/u_array/u_ref/adly_reg[10][10][3]_srl11/CLK
High Pulse Width  Slow    SRL16E/CLK  n/a            0.532         2.000       1.468                u_replay/g_array.u_array/u_array/u_ref/adly_reg[10][10][4]_srl11/CLK
High Pulse Width  Fast    SRL16E/CLK  n/a            0.532         2.000       1.468                u_replay/g_array.u_array/u_array/u_ref/adly_reg[10][10][4]_srl11/CLK
High Pulse Width  Slow    SRL16E/CLK  n/a            0.532         2.000       1.468                u_replay/g_array.u_array/u_array/u_ref/adly_reg[10][10][5]_srl11/CLK
High Pulse Width  Fast    SRL16E/CLK  n/a            0.532         2.000       1.468                u_replay/g_array.u_array/u_array/u_ref/adly_reg[10][10][5]_srl11/CLK
High Pulse Width  Slow    SRL16E/CLK  n/a            0.532         2.000       1.468                u_replay/g_array.u_array/u_array/u_ref/adly_reg[10][10][6]_srl11/CLK
High Pulse Width  Fast    SRL16E/CLK  n/a            0.532         2.000       1.468                u_replay/g_array.u_array/u_array/u_ref/adly_reg[10][10][6]_srl11/CLK
High Pulse Width  Slow    SRL16E/CLK  n/a            0.532         2.000       1.468                u_replay/g_array.u_array/u_array/u_ref/adly_reg[10][10][7]_srl11/CLK
High Pulse Width  Fast    SRL16E/CLK  n/a            0.532         2.000       1.468                u_replay/g_array.u_array/u_array/u_ref/adly_reg[10][10][7]_srl11/CLK
High Pulse Width  Slow    SRL16E/CLK  n/a            0.532         2.000       1.468                u_replay/g_array.u_array/u_array/u_ref/adly_reg[11][11][0]_srl12/CLK
High Pulse Width  Fast    SRL16E/CLK  n/a            0.532         2.000       1.468                u_replay/g_array.u_array/u_array/u_ref/adly_reg[11][11][0]_srl12/CLK
High Pulse Width  Slow    SRL16E/CLK  n/a            0.532         2.000       1.468                u_replay/g_array.u_array/u_array/u_ref/adly_reg[11][11][1]_srl12/CLK
High Pulse Width  Fast    SRL16E/CLK  n/a            0.532         2.000       1.468                u_replay/g_array.u_array/u_array/u_ref/adly_reg[11][11][1]_srl12/CLK



