Copyright 1986-2021 Xilinx, Inc. All Rights Reserved.
----------------------------------------------------------------------------------------------------------------------------------------------------------------------------------
| Tool Version : Vivado v.2021.2 (win64) Build 3367213 Tue Oct 19 02:48:09 MDT 2021
| Date         : Tue Sep 15 17:57:12 2026
| Host         : nc23 running 64-bit major release  (build 9200)
| Command      : report_methodology -file {E:/GPU ARCH/vector_core_sim/turbovla_w8a8_pack2/hw/v3_2026-09-15_174639_vivado_impl/reports/250MHz_impl/reports/synth_methodology.rpt}
| Design       : tvla_w8a8_pack2_system_top
| Device       : xczu7ev-ffvc1156-2-e
| Speed File   : -2
| Design State : Synthesized
----------------------------------------------------------------------------------------------------------------------------------------------------------------------------------

Report Methodology

Table of Contents
-----------------
1. REPORT SUMMARY
2. REPORT DETAILS

1. REPORT SUMMARY
-----------------
            Netlist: tvla_w8a8_pack2_system_top
          Floorplan: design_1
      Design limits: <entire design considered>
             Max violations: <unlimited>
             Violations found: 1768
+-----------+----------+-------------------------------+------------+
| Rule      | Severity | Description                   | Violations |
+-----------+----------+-------------------------------+------------+
| SYNTH-12  | Warning  | DSP input not registered      | 768        |
| TIMING-18 | Warning  | Missing input or output delay | 1000       |
+-----------+----------+-------------------------------+------------+

2. REPORT DETAILS
-----------------
SYNTH-12#1 Warning
DSP input not registered  
DSP instance u_replay/g_array.u_array/u_array/u_ref/g_row[0].g_col[0].u_pe/u_mul/u_dsp is not fully pipelined on the input side. AREG/BREG/CREG/DREG are not used.
Related violations: <none>

SYNTH-12#2 Warning
DSP input not registered  
DSP instance u_replay/g_array.u_array/u_array/u_ref/g_row[0].g_col[10].u_pe/u_mul/u_dsp is not fully pipelined on the input side. AREG/BREG/CREG/DREG are not used.
Related violations: <none>

SYNTH-12#3 Warning
DSP input not registered  
DSP instance u_replay/g_array.u_array/u_array/u_ref/g_row[0].g_col[11].u_pe/u_mul/u_dsp is not fully pipelined on the input side. AREG/BREG/CREG/DREG are not used.
Related violations: <none>

SYNTH-12#4 Warning
DSP input not registered  
DSP instance u_replay/g_array.u_array/u_array/u_ref/g_row[0].g_col[12].u_pe/u_mul/u_dsp is not fully pipelined on the input side. AREG/BREG/CREG/DREG are not used.
Related violations: <none>

SYNTH-12#5 Warning
DSP input not registered  
DSP instance u_replay/g_array.u_array/u_array/u_ref/g_row[0].g_col[13].u_pe/u_mul/u_dsp is not fully pipelined on the input side. AREG/BREG/CREG/DREG are not used.
Related violations: <none>

SYNTH-12#6 Warning
DSP input not registered  
DSP instance u_replay/g_array.u_array/u_array/u_ref/g_row[0].g_col[14].u_pe/u_mul/u_dsp is not fully pipelined on the input side. AREG/BREG/CREG/DREG are not used.
Related violations: <none>

SYNTH-12#7 Warning
DSP input not registered  
DSP instance u_replay/g_array.u_array/u_array/u_ref/g_row[0].g_col[15].u_pe/u_mul/u_dsp is not fully pipelined on the input side. AREG/BREG/CREG/DREG are not used.
Related violations: <none>

SYNTH-12#8 Warning
DSP input not registered  
DSP instance u_replay/g_array.u_array/u_array/u_ref/g_row[0].g_col[16].u_pe/u_mul/u_dsp is not fully pipelined on the input side. AREG/BREG/CREG/DREG are not used.
Related violations: <none>

SYNTH-12#9 Warning
DSP input not registered  
DSP instance u_replay/g_array.u_array/u_array/u_ref/g_row[0].g_col[17].u_pe/u_mul/u_dsp is not fully pipelined on the input side. AREG/BREG/CREG/DREG are not used.
Related violations: <none>

SYNTH-12#10 Warning
DSP input not registered  
DSP instance u_replay/g_array.u_array/u_array/u_ref/g_row[0].g_col[18].u_pe/u_mul/u_dsp is not fully pipelined on the input side. AREG/BREG/CREG/DREG are not used.
Related violations: <none>

SYNTH-12#11 Warning
DSP input not registered  
DSP instance u_replay/g_array.u_array/u_array/u_ref/g_row[0].g_col[19].u_pe/u_mul/u_dsp is not fully pipelined on the input side. AREG/BREG/CREG/DREG are not used.
Related violations: <none>

SYNTH-12#12 Warning
DSP input not registered  
DSP instance u_replay/g_array.u_array/u_array/u_ref/g_row[0].g_col[1].u_pe/u_mul/u_dsp is not fully pipelined on the input side. AREG/BREG/CREG/DREG are not used.
Related violations: <none>

SYNTH-12#13 Warning
DSP input not registered  
DSP instance u_replay/g_array.u_array/u_array/u_ref/g_row[0].g_col[20].u_pe/u_mul/u_dsp is not fully pipelined on the input side. AREG/BREG/CREG/DREG are not used.
Related violations: <none>

SYNTH-12#14 Warning
DSP input not registered  
DSP instance u_replay/g_array.u_array/u_array/u_ref/g_row[0].g_col[21].u_pe/u_mul/u_dsp is not fully pipelined on the input side. AREG/BREG/CREG/DREG are not used.
Related violations: <none>

SYNTH-12#15 Warning
DSP input not registered  
DSP instance u_replay/g_array.u_array/u_array/u_ref/g_row[0].g_col[22].u_pe/u_mul/u_dsp is not fully pipelined on the input side. AREG/BREG/CREG/DREG are not used.
Related violations: <none>

SYNTH-12#16 Warning
DSP input not registered  
DSP instance u_replay/g_array.u_array/u_array/u_ref/g_row[0].g_col[23].u_pe/u_mul/u_dsp is not fully pipelined on the input side. AREG/BREG/CREG/DREG are not used.
Related violations: <none>

SYNTH-12#17 Warning
DSP input not registered  
DSP instance u_replay/g_array.u_array/u_array/u_ref/g_row[0].g_col[24].u_pe/u_mul/u_dsp is not fully pipelined on the input side. AREG/BREG/CREG/DREG are not used.
Related violations: <none>

SYNTH-12#18 Warning
DSP input not registered  
DSP instance u_replay/g_array.u_array/u_array/u_ref/g_row[0].g_col[25].u_pe/u_mul/u_dsp is not fully pipelined on the input side. AREG/BREG/CREG/DREG are not used.
Related violations: <none>

SYNTH-12#19 Warning
DSP input not registered  
DSP instance u_replay/g_array.u_array/u_array/u_ref/g_row[0].g_col[26].u_pe/u_mul/u_dsp is not fully pipelined on the input side. AREG/BREG/CREG/DREG are not used.
Related violations: <none>

SYNTH-12#20 Warning
DSP input not registered  
DSP instance u_replay/g_array.u_array/u_array/u_ref/g_row[0].g_col[27].u_pe/u_mul/u_dsp is not fully pipelined on the input side. AREG/BREG/CREG/DREG are not used.
Related violations: <none>

SYNTH-12#21 Warning
DSP input not registered  
DSP instance u_replay/g_array.u_array/u_array/u_ref/g_row[0].g_col[28].u_pe/u_mul/u_dsp is not fully pipelined on the input side. AREG/BREG/CREG/DREG are not used.
Related violations: <none>

SYNTH-12#22 Warning
DSP input not registered  
DSP instance u_replay/g_array.u_array/u_array/u_ref/g_row[0].g_col[29].u_pe/u_mul/u_dsp is not fully pipelined on the input side. AREG/BREG/CREG/DREG are not used.
Related violations: <none>

SYNTH-12#23 Warning
DSP input not registered  
DSP instance u_replay/g_array.u_array/u_array/u_ref/g_row[0].g_col[2].u_pe/u_mul/u_dsp is not fully pipelined on the input side. AREG/BREG/CREG/DREG are not used.
Related violations: <none>

SYNTH-12#24 Warning
DSP input not registered  
DSP instance u_replay/g_array.u_array/u_array/u_ref/g_row[0].g_col[30].u_pe/u_mul/u_dsp is not fully pipelined on the input side. AREG/BREG/CREG/DREG are not used.
Related violations: <none>

SYNTH-12#25 Warning
DSP input not registered  
DSP instance u_replay/g_array.u_array/u_array/u_ref/g_row[0].g_col[31].u_pe/u_mul/u_dsp is not fully pipelined on the input side. AREG/BREG/CREG/DREG are not used.
Related violations: <none>

SYNTH-12#26 Warning
DSP input not registered  
DSP instance u_replay/g_array.u_array/u_array/u_ref/g_row[0].g_col[32].u_pe/u_mul/u_dsp is not fully pipelined on the input side. AREG/BREG/CREG/DREG are not used.
Related violations: <none>

SYNTH-12#27 Warning
DSP input not registered  
DSP instance u_replay/g_array.u_array/u_array/u_ref/g_row[0].g_col[33].u_pe/u_mul/u_dsp is not fully pipelined on the input side. AREG/BREG/CREG/DREG are not used.
Related violations: <none>

SYNTH-12#28 Warning
DSP input not registered  
DSP instance u_replay/g_array.u_array/u_array/u_ref/g_row[0].g_col[34].u_pe/u_mul/u_dsp is not fully pipelined on the input side. AREG/BREG/CREG/DREG are not used.
Related violations: <none>

SYNTH-12#29 Warning
DSP input not registered  
DSP instance u_replay/g_array.u_array/u_array/u_ref/g_row[0].g_col[35].u_pe/u_mul/u_dsp is not fully pipelined on the input side. AREG/BREG/CREG/DREG are not used.
Related violations: <none>

SYNTH-12#30 Warning
DSP input not registered  
DSP instance u_replay/g_array.u_array/u_array/u_ref/g_row[0].g_col[36].u_pe/u_mul/u_dsp is not fully pipelined on the input side. AREG/BREG/CREG/DREG are not used.
Related violations: <none>

SYNTH-12#31 Warning
DSP input not registered  
DSP instance u_replay/g_array.u_array/u_array/u_ref/g_row[0].g_col[37].u_pe/u_mul/u_dsp is not fully pipelined on the input side. AREG/BREG/CREG/DREG are not used.
Related violations: <none>

SYNTH-12#32 Warning
DSP input not registered  
DSP instance u_replay/g_array.u_array/u_array/u_ref/g_row[0].g_col[38].u_pe/u_mul/u_dsp is not fully pipelined on the input side. AREG/BREG/CREG/DREG are not used.
Related violations: <none>

SYNTH-12#33 Warning
DSP input not registered  
DSP instance u_replay/g_array.u_array/u_array/u_ref/g_row[0].g_col[39].u_pe/u_mul/u_dsp is not fully pipelined on the input side. AREG/BREG/CREG/DREG are not used.
Related violations: <none>

SYNTH-12#34 Warning
DSP input not registered  
DSP instance u_replay/g_array.u_array/u_array/u_ref/g_row[0].g_col[3].u_pe/u_mul/u_dsp is not fully pipelined on the input side. AREG/BREG/CREG/DREG are not used.
Related violations: <none>

SYNTH-12#35 Warning
DSP input not registered  
DSP instance u_replay/g_array.u_array/u_array/u_ref/g_row[0].g_col[40].u_pe/u_mul/u_dsp is not fully pipelined on the input side. AREG/BREG/CREG/DREG are not used.
Related violations: <none>

SYNTH-12#36 Warning
DSP input not registered  
DSP instance u_replay/g_array.u_array/u_array/u_ref/g_row[0].g_col[41].u_pe/u_mul/u_dsp is not fully pipelined on the input side. AREG/BREG/CREG/DREG are not used.
Related violations: <none>

SYNTH-12#37 Warning
DSP input not registered  
DSP instance u_replay/g_array.u_array/u_array/u_ref/g_row[0].g_col[42].u_pe/u_mul/u_dsp is not fully pipelined on the input side. AREG/BREG/CREG/DREG are not used.
Related violations: <none>

SYNTH-12#38 Warning
DSP input not registered  
DSP instance u_replay/g_array.u_array/u_array/u_ref/g_row[0].g_col[43].u_pe/u_mul/u_dsp is not fully pipelined on the input side. AREG/BREG/CREG/DREG are not used.
Related violations: <none>

SYNTH-12#39 Warning
DSP input not registered  
DSP instance u_replay/g_array.u_array/u_array/u_ref/g_row[0].g_col[44].u_pe/u_mul/u_dsp is not fully pipelined on the input side. AREG/BREG/CREG/DREG are not used.
Related violations: <none>

SYNTH-12#40 Warning
DSP input not registered  
DSP instance u_replay/g_array.u_array/u_array/u_ref/g_row[0].g_col[45].u_pe/u_mul/u_dsp is not fully pipelined on the input side. AREG/BREG/CREG/DREG are not used.
Related violations: <none>

SYNTH-12#41 Warning
DSP input not registered  
DSP instance u_replay/g_array.u_array/u_array/u_ref/g_row[0].g_col[46].u_pe/u_mul/u_dsp is not fully pipelined on the input side. AREG/BREG/CREG/DREG are not used.
Related violations: <none>

SYNTH-12#42 Warning
DSP input not registered  
DSP instance u_replay/g_array.u_array/u_array/u_ref/g_row[0].g_col[47].u_pe/u_mul/u_dsp is not fully pipelined on the input side. AREG/BREG/CREG/DREG are not used.
Related violations: <none>

SYNTH-12#43 Warning
DSP input not registered  
DSP instance u_replay/g_array.u_array/u_array/u_ref/g_row[0].g_col[4].u_pe/u_mul/u_dsp is not fully pipelined on the input side. AREG/BREG/CREG/DREG are not used.
Related violations: <none>

SYNTH-12#44 Warning
DSP input not registered  
DSP instance u_replay/g_array.u_array/u_array/u_ref/g_row[0].g_col[5].u_pe/u_mul/u_dsp is not fully pipelined on the input side. AREG/BREG/CREG/DREG are not used.
Related violations: <none>

SYNTH-12#45 Warning
DSP input not registered  
DSP instance u_replay/g_array.u_array/u_array/u_ref/g_row[0].g_col[6].u_pe/u_mul/u_dsp is not fully pipelined on the input side. AREG/BREG/CREG/DREG are not used.
Related violations: <none>

SYNTH-12#46 Warning
DSP input not registered  
DSP instance u_replay/g_array.u_array/u_array/u_ref/g_row[0].g_col[7].u_pe/u_mul/u_dsp is not fully pipelined on the input side. AREG/BREG/CREG/DREG are not used.
Related violations: <none>

SYNTH-12#47 Warning
DSP input not registered  
DSP instance u_replay/g_array.u_array/u_array/u_ref/g_row[0].g_col[8].u_pe/u_mul/u_dsp is not fully pipelined on the input side. AREG/BREG/CREG/DREG are not used.
Related violations: <none>

SYNTH-12#48 Warning
DSP input not registered  
DSP instance u_replay/g_array.u_array/u_array/u_ref/g_row[0].g_col[9].u_pe/u_mul/u_dsp is not fully pipelined on the input side. AREG/BREG/CREG/DREG are not used.
Related violations: <none>

SYNTH-12#49 Warning
DSP input not registered  
DSP instance u_replay/g_array.u_array/u_array/u_ref/g_row[10].g_col[0].u_pe/u_mul/u_dsp is not fully pipelined on the input side. AREG/BREG/CREG/DREG are not used.
Related violations: <none>

SYNTH-12#50 Warning
DSP input not registered  
DSP instance u_replay/g_array.u_array/u_array/u_ref/g_row[10].g_col[10].u_pe/u_mul/u_dsp is not fully pipelined on the input side. AREG/BREG/CREG/DREG are not used.
Related violations: <none>

SYNTH-12#51 Warning
DSP input not registered  
DSP instance u_replay/g_array.u_array/u_array/u_ref/g_row[10].g_col[11].u_pe/u_mul/u_dsp is not fully pipelined on the input side. AREG/BREG/CREG/DREG are not used.
Related violations: <none>

SYNTH-12#52 Warning
DSP input not registered  
DSP instance u_replay/g_array.u_array/u_array/u_ref/g_row[10].g_col[12].u_pe/u_mul/u_dsp is not fully pipelined on the input side. AREG/BREG/CREG/DREG are not used.
Related violations: <none>

SYNTH-12#53 Warning
DSP input not registered  
DSP instance u_replay/g_array.u_array/u_array/u_ref/g_row[10].g_col[13].u_pe/u_mul/u_dsp is not fully pipelined on the input side. AREG/BREG/CREG/DREG are not used.
Related violations: <none>

SYNTH-12#54 Warning
DSP input not registered  
DSP instance u_replay/g_array.u_array/u_array/u_ref/g_row[10].g_col[14].u_pe/u_mul/u_dsp is not fully pipelined on the input side. AREG/BREG/CREG/DREG are not used.
Related violations: <none>

SYNTH-12#55 Warning
DSP input not registered  
DSP instance u_replay/g_array.u_array/u_array/u_ref/g_row[10].g_col[15].u_pe/u_mul/u_dsp is not fully pipelined on the input side. AREG/BREG/CREG/DREG are not used.
Related violations: <none>

SYNTH-12#56 Warning
DSP input not registered  
DSP instance u_replay/g_array.u_array/u_array/u_ref/g_row[10].g_col[16].u_pe/u_mul/u_dsp is not fully pipelined on the input side. AREG/BREG/CREG/DREG are not used.
Related violations: <none>

SYNTH-12#57 Warning
DSP input not registered  
DSP instance u_replay/g_array.u_array/u_array/u_ref/g_row[10].g_col[17].u_pe/u_mul/u_dsp is not fully pipelined on the input side. AREG/BREG/CREG/DREG are not used.
Related violations: <none>

SYNTH-12#58 Warning
DSP input not registered  
DSP instance u_replay/g_array.u_array/u_array/u_ref/g_row[10].g_col[18].u_pe/u_mul/u_dsp is not fully pipelined on the input side. AREG/BREG/CREG/DREG are not used.
Related violations: <none>

SYNTH-12#59 Warning
DSP input not registered  
DSP instance u_replay/g_array.u_array/u_array/u_ref/g_row[10].g_col[19].u_pe/u_mul/u_dsp is not fully pipelined on the input side. AREG/BREG/CREG/DREG are not used.
Related violations: <none>

SYNTH-12#60 Warning
DSP input not registered  
DSP instance u_replay/g_array.u_array/u_array/u_ref/g_row[10].g_col[1].u_pe/u_mul/u_dsp is not fully pipelined on the input side. AREG/BREG/CREG/DREG are not used.
Related violations: <none>

SYNTH-12#61 Warning
DSP input not registered  
DSP instance u_replay/g_array.u_array/u_array/u_ref/g_row[10].g_col[20].u_pe/u_mul/u_dsp is not fully pipelined on the input side. AREG/BREG/CREG/DREG are not used.
Related violations: <none>

SYNTH-12#62 Warning
DSP input not registered  
DSP instance u_replay/g_array.u_array/u_array/u_ref/g_row[10].g_col[21].u_pe/u_mul/u_dsp is not fully pipelined on the input side. AREG/BREG/CREG/DREG are not used.
Related violations: <none>

SYNTH-12#63 Warning
DSP input not registered  
DSP instance u_replay/g_array.u_array/u_array/u_ref/g_row[10].g_col[22].u_pe/u_mul/u_dsp is not fully pipelined on the input side. AREG/BREG/CREG/DREG are not used.
Related violations: <none>

SYNTH-12#64 Warning
DSP input not registered  
DSP instance u_replay/g_array.u_array/u_array/u_ref/g_row[10].g_col[23].u_pe/u_mul/u_dsp is not fully pipelined on the input side. AREG/BREG/CREG/DREG are not used.
Related violations: <none>

SYNTH-12#65 Warning
DSP input not registered  
DSP instance u_replay/g_array.u_array/u_array/u_ref/g_row[10].g_col[24].u_pe/u_mul/u_dsp is not fully pipelined on the input side. AREG/BREG/CREG/DREG are not used.
Related violations: <none>

SYNTH-12#66 Warning
DSP input not registered  
DSP instance u_replay/g_array.u_array/u_array/u_ref/g_row[10].g_col[25].u_pe/u_mul/u_dsp is not fully pipelined on the input side. AREG/BREG/CREG/DREG are not used.
Related violations: <none>

SYNTH-12#67 Warning
DSP input not registered  
DSP instance u_replay/g_array.u_array/u_array/u_ref/g_row[10].g_col[26].u_pe/u_mul/u_dsp is not fully pipelined on the input side. AREG/BREG/CREG/DREG are not used.
Related violations: <none>

SYNTH-12#68 Warning
DSP input not registered  
DSP instance u_replay/g_array.u_array/u_array/u_ref/g_row[10].g_col[27].u_pe/u_mul/u_dsp is not fully pipelined on the input side. AREG/BREG/CREG/DREG are not used.
Related violations: <none>

SYNTH-12#69 Warning
DSP input not registered  
DSP instance u_replay/g_array.u_array/u_array/u_ref/g_row[10].g_col[28].u_pe/u_mul/u_dsp is not fully pipelined on the input side. AREG/BREG/CREG/DREG are not used.
Related violations: <none>

SYNTH-12#70 Warning
DSP input not registered  
DSP instance u_replay/g_array.u_array/u_array/u_ref/g_row[10].g_col[29].u_pe/u_mul/u_dsp is not fully pipelined on the input side. AREG/BREG/CREG/DREG are not used.
Related violations: <none>

SYNTH-12#71 Warning
DSP input not registered  
DSP instance u_replay/g_array.u_array/u_array/u_ref/g_row[10].g_col[2].u_pe/u_mul/u_dsp is not fully pipelined on the input side. AREG/BREG/CREG/DREG are not used.
Related violations: <none>

SYNTH-12#72 Warning
DSP input not registered  
DSP instance u_replay/g_array.u_array/u_array/u_ref/g_row[10].g_col[30].u_pe/u_mul/u_dsp is not fully pipelined on the input side. AREG/BREG/CREG/DREG are not used.
Related violations: <none>

SYNTH-12#73 Warning
DSP input not registered  
DSP instance u_replay/g_array.u_array/u_array/u_ref/g_row[10].g_col[31].u_pe/u_mul/u_dsp is not fully pipelined on the input side. AREG/BREG/CREG/DREG are not used.
Related violations: <none>

SYNTH-12#74 Warning
DSP input not registered  
DSP instance u_replay/g_array.u_array/u_array/u_ref/g_row[10].g_col[32].u_pe/u_mul/u_dsp is not fully pipelined on the input side. AREG/BREG/CREG/DREG are not used.
Related violations: <none>

SYNTH-12#75 Warning
DSP input not registered  
DSP instance u_replay/g_array.u_array/u_array/u_ref/g_row[10].g_col[33].u_pe/u_mul/u_dsp is not fully pipelined on the input side. AREG/BREG/CREG/DREG are not used.
Related violations: <none>

SYNTH-12#76 Warning
DSP input not registered  
DSP instance u_replay/g_array.u_array/u_array/u_ref/g_row[10].g_col[34].u_pe/u_mul/u_dsp is not fully pipelined on the input side. AREG/BREG/CREG/DREG are not used.
Related violations: <none>

SYNTH-12#77 Warning
DSP input not registered  
DSP instance u_replay/g_array.u_array/u_array/u_ref/g_row[10].g_col[35].u_pe/u_mul/u_dsp is not fully pipelined on the input side. AREG/BREG/CREG/DREG are not used.
Related violations: <none>

SYNTH-12#78 Warning
DSP input not registered  
DSP instance u_replay/g_array.u_array/u_array/u_ref/g_row[10].g_col[36].u_pe/u_mul/u_dsp is not fully pipelined on the input side. AREG/BREG/CREG/DREG are not used.
Related violations: <none>

SYNTH-12#79 Warning
DSP input not registered  
DSP instance u_replay/g_array.u_array/u_array/u_ref/g_row[10].g_col[37].u_pe/u_mul/u_dsp is not fully pipelined on the input side. AREG/BREG/CREG/DREG are not used.
Related violations: <none>

SYNTH-12#80 Warning
DSP input not registered  
DSP instance u_replay/g_array.u_array/u_array/u_ref/g_row[10].g_col[38].u_pe/u_mul/u_dsp is not fully pipelined on the input side. AREG/BREG/CREG/DREG are not used.
Related violations: <none>

SYNTH-12#81 Warning
DSP input not registered  
DSP instance u_replay/g_array.u_array/u_array/u_ref/g_row[10].g_col[39].u_pe/u_mul/u_dsp is not fully pipelined on the input side. AREG/BREG/CREG/DREG are not used.
Related violations: <none>

SYNTH-12#82 Warning
DSP input not registered  
DSP instance u_replay/g_array.u_array/u_array/u_ref/g_row[10].g_col[3].u_pe/u_mul/u_dsp is not fully pipelined on the input side. AREG/BREG/CREG/DREG are not used.
Related violations: <none>

SYNTH-12#83 Warning
DSP input not registered  
DSP instance u_replay/g_array.u_array/u_array/u_ref/g_row[10].g_col[40].u_pe/u_mul/u_dsp is not fully pipelined on the input side. AREG/BREG/CREG/DREG are not used.
Related violations: <none>

SYNTH-12#84 Warning
DSP input not registered  
DSP instance u_replay/g_array.u_array/u_array/u_ref/g_row[10].g_col[41].u_pe/u_mul/u_dsp is not fully pipelined on the input side. AREG/BREG/CREG/DREG are not used.
Related violations: <none>

SYNTH-12#85 Warning
DSP input not registered  
DSP instance u_replay/g_array.u_array/u_array/u_ref/g_row[10].g_col[42].u_pe/u_mul/u_dsp is not fully pipelined on the input side. AREG/BREG/CREG/DREG are not used.
Related violations: <none>

SYNTH-12#86 Warning
DSP input not registered  
DSP instance u_replay/g_array.u_array/u_array/u_ref/g_row[10].g_col[43].u_pe/u_mul/u_dsp is not fully pipelined on the input side. AREG/BREG/CREG/DREG are not used.
Related violations: <none>

SYNTH-12#87 Warning
DSP input not registered  
DSP instance u_replay/g_array.u_array/u_array/u_ref/g_row[10].g_col[44].u_pe/u_mul/u_dsp is not fully pipelined on the input side. AREG/BREG/CREG/DREG are not used.
Related violations: <none>

SYNTH-12#88 Warning
DSP input not registered  
DSP instance u_replay/g_array.u_array/u_array/u_ref/g_row[10].g_col[45].u_pe/u_mul/u_dsp is not fully pipelined on the input side. AREG/BREG/CREG/DREG are not used.
Related violations: <none>

SYNTH-12#89 Warning
DSP input not registered  
DSP instance u_replay/g_array.u_array/u_array/u_ref/g_row[10].g_col[46].u_pe/u_mul/u_dsp is not fully pipelined on the input side. AREG/BREG/CREG/DREG are not used.
Related violations: <none>

SYNTH-12#90 Warning
DSP input not registered  
DSP instance u_replay/g_array.u_array/u_array/u_ref/g_row[10].g_col[47].u_pe/u_mul/u_dsp is not fully pipelined on the input side. AREG/BREG/CREG/DREG are not used.
Related violations: <none>

SYNTH-12#91 Warning
DSP input not registered  
DSP instance u_replay/g_array.u_array/u_array/u_ref/g_row[10].g_col[4].u_pe/u_mul/u_dsp is not fully pipelined on the input side. AREG/BREG/CREG/DREG are not used.
Related violations: <none>

SYNTH-12#92 Warning
DSP input not registered  
DSP instance u_replay/g_array.u_array/u_array/u_ref/g_row[10].g_col[5].u_pe/u_mul/u_dsp is not fully pipelined on the input side. AREG/BREG/CREG/DREG are not used.
Related violations: <none>

SYNTH-12#93 Warning
DSP input not registered  
DSP instance u_replay/g_array.u_array/u_array/u_ref/g_row[10].g_col[6].u_pe/u_mul/u_dsp is not fully pipelined on the input side. AREG/BREG/CREG/DREG are not used.
Related violations: <none>

SYNTH-12#94 Warning
DSP input not registered  
DSP instance u_replay/g_array.u_array/u_array/u_ref/g_row[10].g_col[7].u_pe/u_mul/u_dsp is not fully pipelined on the input side. AREG/BREG/CREG/DREG are not used.
Related violations: <none>

SYNTH-12#95 Warning
DSP input not registered  
DSP instance u_replay/g_array.u_array/u_array/u_ref/g_row[10].g_col[8].u_pe/u_mul/u_dsp is not fully pipelined on the input side. AREG/BREG/CREG/DREG are not used.
Related violations: <none>

SYNTH-12#96 Warning
DSP input not registered  
DSP instance u_replay/g_array.u_array/u_array/u_ref/g_row[10].g_col[9].u_pe/u_mul/u_dsp is not fully pipelined on the input side. AREG/BREG/CREG/DREG are not used.
Related violations: <none>

SYNTH-12#97 Warning
DSP input not registered  
DSP instance u_replay/g_array.u_array/u_array/u_ref/g_row[11].g_col[0].u_pe/u_mul/u_dsp is not fully pipelined on the input side. AREG/BREG/CREG/DREG are not used.
Related violations: <none>

SYNTH-12#98 Warning
DSP input not registered  
DSP instance u_replay/g_array.u_array/u_array/u_ref/g_row[11].g_col[10].u_pe/u_mul/u_dsp is not fully pipelined on the input side. AREG/BREG/CREG/DREG are not used.
Related violations: <none>

SYNTH-12#99 Warning
DSP input not registered  
DSP instance u_replay/g_array.u_array/u_array/u_ref/g_row[11].g_col[11].u_pe/u_mul/u_dsp is not fully pipelined on the input side. AREG/BREG/CREG/DREG are not used.
Related violations: <none>

SYNTH-12#100 Warning
DSP input not registered  
DSP instance u_replay/g_array.u_array/u_array/u_ref/g_row[11].g_col[12].u_pe/u_mul/u_dsp is not fully pipelined on the input side. AREG/BREG/CREG/DREG are not used.
Related violations: <none>

SYNTH-12#101 Warning
DSP input not registered  
DSP instance u_replay/g_array.u_array/u_array/u_ref/g_row[11].g_col[13].u_pe/u_mul/u_dsp is not fully pipelined on the input side. AREG/BREG/CREG/DREG are not used.
Related violations: <none>

SYNTH-12#102 Warning
DSP input not registered  
DSP instance u_replay/g_array.u_array/u_array/u_ref/g_row[11].g_col[14].u_pe/u_mul/u_dsp is not fully pipelined on the input side. AREG/BREG/CREG/DREG are not used.
Related violations: <none>

SYNTH-12#103 Warning
DSP input not registered  
DSP instance u_replay/g_array.u_array/u_array/u_ref/g_row[11].g_col[15].u_pe/u_mul/u_dsp is not fully pipelined on the input side. AREG/BREG/CREG/DREG are not used.
Related violations: <none>

SYNTH-12#104 Warning
DSP input not registered  
DSP instance u_replay/g_array.u_array/u_array/u_ref/g_row[11].g_col[16].u_pe/u_mul/u_dsp is not fully pipelined on the input side. AREG/BREG/CREG/DREG are not used.
Related violations: <none>

SYNTH-12#105 Warning
DSP input not registered  
DSP instance u_replay/g_array.u_array/u_array/u_ref/g_row[11].g_col[17].u_pe/u_mul/u_dsp is not fully pipelined on the input side. AREG/BREG/CREG/DREG are not used.
Related violations: <none>

SYNTH-12#106 Warning
DSP input not registered  
DSP instance u_replay/g_array.u_array/u_array/u_ref/g_row[11].g_col[18].u_pe/u_mul/u_dsp is not fully pipelined on the input side. AREG/BREG/CREG/DREG are not used.
Related violations: <none>

SYNTH-12#107 Warning
DSP input not registered  
DSP instance u_replay/g_array.u_array/u_array/u_ref/g_row[11].g_col[19].u_pe/u_mul/u_dsp is not fully pipelined on the input side. AREG/BREG/CREG/DREG are not used.
Related violations: <none>

SYNTH-12#108 Warning
DSP input not registered  
DSP instance u_replay/g_array.u_array/u_array/u_ref/g_row[11].g_col[1].u_pe/u_mul/u_dsp is not fully pipelined on the input side. AREG/BREG/CREG/DREG are not used.
Related violations: <none>

SYNTH-12#109 Warning
DSP input not registered  
DSP instance u_replay/g_array.u_array/u_array/u_ref/g_row[11].g_col[20].u_pe/u_mul/u_dsp is not fully pipelined on the input side. AREG/BREG/CREG/DREG are not used.
Related violations: <none>

SYNTH-12#110 Warning
DSP input not registered  
DSP instance u_replay/g_array.u_array/u_array/u_ref/g_row[11].g_col[21].u_pe/u_mul/u_dsp is not fully pipelined on the input side. AREG/BREG/CREG/DREG are not used.
Related violations: <none>

SYNTH-12#111 Warning
DSP input not registered  
DSP instance u_replay/g_array.u_array/u_array/u_ref/g_row[11].g_col[22].u_pe/u_mul/u_dsp is not fully pipelined on the input side. AREG/BREG/CREG/DREG are not used.
Related violations: <none>

SYNTH-12#112 Warning
DSP input not registered  
DSP instance u_replay/g_array.u_array/u_array/u_ref/g_row[11].g_col[23].u_pe/u_mul/u_dsp is not fully pipelined on the input side. AREG/BREG/CREG/DREG are not used.
Related violations: <none>

SYNTH-12#113 Warning
DSP input not registered  
DSP instance u_replay/g_array.u_array/u_array/u_ref/g_row[11].g_col[24].u_pe/u_mul/u_dsp is not fully pipelined on the input side. AREG/BREG/CREG/DREG are not used.
Related violations: <none>

SYNTH-12#114 Warning
DSP input not registered  
DSP instance u_replay/g_array.u_array/u_array/u_ref/g_row[11].g_col[25].u_pe/u_mul/u_dsp is not fully pipelined on the input side. AREG/BREG/CREG/DREG are not used.
Related violations: <none>

SYNTH-12#115 Warning
DSP input not registered  
DSP instance u_replay/g_array.u_array/u_array/u_ref/g_row[11].g_col[26].u_pe/u_mul/u_dsp is not fully pipelined on the input side. AREG/BREG/CREG/DREG are not used.
Related violations: <none>

SYNTH-12#116 Warning
DSP input not registered  
DSP instance u_replay/g_array.u_array/u_array/u_ref/g_row[11].g_col[27].u_pe/u_mul/u_dsp is not fully pipelined on the input side. AREG/BREG/CREG/DREG are not used.
Related violations: <none>

SYNTH-12#117 Warning
DSP input not registered  
DSP instance u_replay/g_array.u_array/u_array/u_ref/g_row[11].g_col[28].u_pe/u_mul/u_dsp is not fully pipelined on the input side. AREG/BREG/CREG/DREG are not used.
Related violations: <none>

SYNTH-12#118 Warning
DSP input not registered  
DSP instance u_replay/g_array.u_array/u_array/u_ref/g_row[11].g_col[29].u_pe/u_mul/u_dsp is not fully pipelined on the input side. AREG/BREG/CREG/DREG are not used.
Related violations: <none>

SYNTH-12#119 Warning
DSP input not registered  
DSP instance u_replay/g_array.u_array/u_array/u_ref/g_row[11].g_col[2].u_pe/u_mul/u_dsp is not fully pipelined on the input side. AREG/BREG/CREG/DREG are not used.
Related violations: <none>

SYNTH-12#120 Warning
DSP input not registered  
DSP instance u_replay/g_array.u_array/u_array/u_ref/g_row[11].g_col[30].u_pe/u_mul/u_dsp is not fully pipelined on the input side. AREG/BREG/CREG/DREG are not used.
Related violations: <none>

SYNTH-12#121 Warning
DSP input not registered  
DSP instance u_replay/g_array.u_array/u_array/u_ref/g_row[11].g_col[31].u_pe/u_mul/u_dsp is not fully pipelined on the input side. AREG/BREG/CREG/DREG are not used.
Related violations: <none>

SYNTH-12#122 Warning
DSP input not registered  
DSP instance u_replay/g_array.u_array/u_array/u_ref/g_row[11].g_col[32].u_pe/u_mul/u_dsp is not fully pipelined on the input side. AREG/BREG/CREG/DREG are not used.
Related violations: <none>

SYNTH-12#123 Warning
DSP input not registered  
DSP instance u_replay/g_array.u_array/u_array/u_ref/g_row[11].g_col[33].u_pe/u_mul/u_dsp is not fully pipelined on the input side. AREG/BREG/CREG/DREG are not used.
Related violations: <none>

SYNTH-12#124 Warning
DSP input not registered  
DSP instance u_replay/g_array.u_array/u_array/u_ref/g_row[11].g_col[34].u_pe/u_mul/u_dsp is not fully pipelined on the input side. AREG/BREG/CREG/DREG are not used.
Related violations: <none>

SYNTH-12#125 Warning
DSP input not registered  
DSP instance u_replay/g_array.u_array/u_array/u_ref/g_row[11].g_col[35].u_pe/u_mul/u_dsp is not fully pipelined on the input side. AREG/BREG/CREG/DREG are not used.
Related violations: <none>

SYNTH-12#126 Warning
DSP input not registered  
DSP instance u_replay/g_array.u_array/u_array/u_ref/g_row[11].g_col[36].u_pe/u_mul/u_dsp is not fully pipelined on the input side. AREG/BREG/CREG/DREG are not used.
Related violations: <none>

SYNTH-12#127 Warning
DSP input not registered  
DSP instance u_replay/g_array.u_array/u_array/u_ref/g_row[11].g_col[37].u_pe/u_mul/u_dsp is not fully pipelined on the input side. AREG/BREG/CREG/DREG are not used.
Related violations: <none>

SYNTH-12#128 Warning
DSP input not registered  
DSP instance u_replay/g_array.u_array/u_array/u_ref/g_row[11].g_col[38].u_pe/u_mul/u_dsp is not fully pipelined on the input side. AREG/BREG/CREG/DREG are not used.
Related violations: <none>

SYNTH-12#129 Warning
DSP input not registered  
DSP instance u_replay/g_array.u_array/u_array/u_ref/g_row[11].g_col[39].u_pe/u_mul/u_dsp is not fully pipelined on the input side. AREG/BREG/CREG/DREG are not used.
Related violations: <none>

SYNTH-12#130 Warning
DSP input not registered  
DSP instance u_replay/g_array.u_array/u_array/u_ref/g_row[11].g_col[3].u_pe/u_mul/u_dsp is not fully pipelined on the input side. AREG/BREG/CREG/DREG are not used.
Related violations: <none>

SYNTH-12#131 Warning
DSP input not registered  
DSP instance u_replay/g_array.u_array/u_array/u_ref/g_row[11].g_col[40].u_pe/u_mul/u_dsp is not fully pipelined on the input side. AREG/BREG/CREG/DREG are not used.
Related violations: <none>

SYNTH-12#132 Warning
DSP input not registered  
DSP instance u_replay/g_array.u_array/u_array/u_ref/g_row[11].g_col[41].u_pe/u_mul/u_dsp is not fully pipelined on the input side. AREG/BREG/CREG/DREG are not used.
Related violations: <none>

SYNTH-12#133 Warning
DSP input not registered  
DSP instance u_replay/g_array.u_array/u_array/u_ref/g_row[11].g_col[42].u_pe/u_mul/u_dsp is not fully pipelined on the input side. AREG/BREG/CREG/DREG are not used.
Related violations: <none>

SYNTH-12#134 Warning
DSP input not registered  
DSP instance u_replay/g_array.u_array/u_array/u_ref/g_row[11].g_col[43].u_pe/u_mul/u_dsp is not fully pipelined on the input side. AREG/BREG/CREG/DREG are not used.
Related violations: <none>

SYNTH-12#135 Warning
DSP input not registered  
DSP instance u_replay/g_array.u_array/u_array/u_ref/g_row[11].g_col[44].u_pe/u_mul/u_dsp is not fully pipelined on the input side. AREG/BREG/CREG/DREG are not used.
Related violations: <none>

SYNTH-12#136 Warning
DSP input not registered  
DSP instance u_replay/g_array.u_array/u_array/u_ref/g_row[11].g_col[45].u_pe/u_mul/u_dsp is not fully pipelined on the input side. AREG/BREG/CREG/DREG are not used.
Related violations: <none>

SYNTH-12#137 Warning
DSP input not registered  
DSP instance u_replay/g_array.u_array/u_array/u_ref/g_row[11].g_col[46].u_pe/u_mul/u_dsp is not fully pipelined on the input side. AREG/BREG/CREG/DREG are not used.
Related violations: <none>

SYNTH-12#138 Warning
DSP input not registered  
DSP instance u_replay/g_array.u_array/u_array/u_ref/g_row[11].g_col[47].u_pe/u_mul/u_dsp is not fully pipelined on the input side. AREG/BREG/CREG/DREG are not used.
Related violations: <none>

SYNTH-12#139 Warning
DSP input not registered  
DSP instance u_replay/g_array.u_array/u_array/u_ref/g_row[11].g_col[4].u_pe/u_mul/u_dsp is not fully pipelined on the input side. AREG/BREG/CREG/DREG are not used.
Related violations: <none>

SYNTH-12#140 Warning
DSP input not registered  
DSP instance u_replay/g_array.u_array/u_array/u_ref/g_row[11].g_col[5].u_pe/u_mul/u_dsp is not fully pipelined on the input side. AREG/BREG/CREG/DREG are not used.
Related violations: <none>

SYNTH-12#141 Warning
DSP input not registered  
DSP instance u_replay/g_array.u_array/u_array/u_ref/g_row[11].g_col[6].u_pe/u_mul/u_dsp is not fully pipelined on the input side. AREG/BREG/CREG/DREG are not used.
Related violations: <none>

SYNTH-12#142 Warning
DSP input not registered  
DSP instance u_replay/g_array.u_array/u_array/u_ref/g_row[11].g_col[7].u_pe/u_mul/u_dsp is not fully pipelined on the input side. AREG/BREG/CREG/DREG are not used.
Related violations: <none>

SYNTH-12#143 Warning
DSP input not registered  
DSP instance u_replay/g_array.u_array/u_array/u_ref/g_row[11].g_col[8].u_pe/u_mul/u_dsp is not fully pipelined on the input side. AREG/BREG/CREG/DREG are not used.
Related violations: <none>

SYNTH-12#144 Warning
DSP input not registered  
DSP instance u_replay/g_array.u_array/u_array/u_ref/g_row[11].g_col[9].u_pe/u_mul/u_dsp is not fully pipelined on the input side. AREG/BREG/CREG/DREG are not used.
Related violations: <none>

SYNTH-12#145 Warning
DSP input not registered  
DSP instance u_replay/g_array.u_array/u_array/u_ref/g_row[12].g_col[0].u_pe/u_mul/u_dsp is not fully pipelined on the input side. AREG/BREG/CREG/DREG are not used.
Related violations: <none>

SYNTH-12#146 Warning
DSP input not registered  
DSP instance u_replay/g_array.u_array/u_array/u_ref/g_row[12].g_col[10].u_pe/u_mul/u_dsp is not fully pipelined on the input side. AREG/BREG/CREG/DREG are not used.
Related violations: <none>

SYNTH-12#147 Warning
DSP input not registered  
DSP instance u_replay/g_array.u_array/u_array/u_ref/g_row[12].g_col[11].u_pe/u_mul/u_dsp is not fully pipelined on the input side. AREG/BREG/CREG/DREG are not used.
Related violations: <none>

SYNTH-12#148 Warning
DSP input not registered  
DSP instance u_replay/g_array.u_array/u_array/u_ref/g_row[12].g_col[12].u_pe/u_mul/u_dsp is not fully pipelined on the input side. AREG/BREG/CREG/DREG are not used.
Related violations: <none>

SYNTH-12#149 Warning
DSP input not registered  
DSP instance u_replay/g_array.u_array/u_array/u_ref/g_row[12].g_col[13].u_pe/u_mul/u_dsp is not fully pipelined on the input side. AREG/BREG/CREG/DREG are not used.
Related violations: <none>

SYNTH-12#150 Warning
DSP input not registered  
DSP instance u_replay/g_array.u_array/u_array/u_ref/g_row[12].g_col[14].u_pe/u_mul/u_dsp is not fully pipelined on the input side. AREG/BREG/CREG/DREG are not used.
Related violations: <none>

SYNTH-12#151 Warning
DSP input not registered  
DSP instance u_replay/g_array.u_array/u_array/u_ref/g_row[12].g_col[15].u_pe/u_mul/u_dsp is not fully pipelined on the input side. AREG/BREG/CREG/DREG are not used.
Related violations: <none>

SYNTH-12#152 Warning
DSP input not registered  
DSP instance u_replay/g_array.u_array/u_array/u_ref/g_row[12].g_col[16].u_pe/u_mul/u_dsp is not fully pipelined on the input side. AREG/BREG/CREG/DREG are not used.
Related violations: <none>

SYNTH-12#153 Warning
DSP input not registered  
DSP instance u_replay/g_array.u_array/u_array/u_ref/g_row[12].g_col[17].u_pe/u_mul/u_dsp is not fully pipelined on the input side. AREG/BREG/CREG/DREG are not used.
Related violations: <none>

SYNTH-12#154 Warning
DSP input not registered  
DSP instance u_replay/g_array.u_array/u_array/u_ref/g_row[12].g_col[18].u_pe/u_mul/u_dsp is not fully pipelined on the input side. AREG/BREG/CREG/DREG are not used.
Related violations: <none>

SYNTH-12#155 Warning
DSP input not registered  
DSP instance u_replay/g_array.u_array/u_array/u_ref/g_row[12].g_col[19].u_pe/u_mul/u_dsp is not fully pipelined on the input side. AREG/BREG/CREG/DREG are not used.
Related violations: <none>

SYNTH-12#156 Warning
DSP input not registered  
DSP instance u_replay/g_array.u_array/u_array/u_ref/g_row[12].g_col[1].u_pe/u_mul/u_dsp is not fully pipelined on the input side. AREG/BREG/CREG/DREG are not used.
Related violations: <none>

SYNTH-12#157 Warning
DSP input not registered  
DSP instance u_replay/g_array.u_array/u_array/u_ref/g_row[12].g_col[20].u_pe/u_mul/u_dsp is not fully pipelined on the input side. AREG/BREG/CREG/DREG are not used.
Related violations: <none>

SYNTH-12#158 Warning
DSP input not registered  
DSP instance u_replay/g_array.u_array/u_array/u_ref/g_row[12].g_col[21].u_pe/u_mul/u_dsp is not fully pipelined on the input side. AREG/BREG/CREG/DREG are not used.
Related violations: <none>

SYNTH-12#159 Warning
DSP input not registered  
DSP instance u_replay/g_array.u_array/u_array/u_ref/g_row[12].g_col[22].u_pe/u_mul/u_dsp is not fully pipelined on the input side. AREG/BREG/CREG/DREG are not used.
Related violations: <none>

SYNTH-12#160 Warning
DSP input not registered  
DSP instance u_replay/g_array.u_array/u_array/u_ref/g_row[12].g_col[23].u_pe/u_mul/u_dsp is not fully pipelined on the input side. AREG/BREG/CREG/DREG are not used.
Related violations: <none>

SYNTH-12#161 Warning
DSP input not registered  
DSP instance u_replay/g_array.u_array/u_array/u_ref/g_row[12].g_col[24].u_pe/u_mul/u_dsp is not fully pipelined on the input side. AREG/BREG/CREG/DREG are not used.
Related violations: <none>

SYNTH-12#162 Warning
DSP input not registered  
DSP instance u_replay/g_array.u_array/u_array/u_ref/g_row[12].g_col[25].u_pe/u_mul/u_dsp is not fully pipelined on the input side. AREG/BREG/CREG/DREG are not used.
Related violations: <none>

SYNTH-12#163 Warning
DSP input not registered  
DSP instance u_replay/g_array.u_array/u_array/u_ref/g_row[12].g_col[26].u_pe/u_mul/u_dsp is not fully pipelined on the input side. AREG/BREG/CREG/DREG are not used.
Related violations: <none>

SYNTH-12#164 Warning
DSP input not registered  
DSP instance u_replay/g_array.u_array/u_array/u_ref/g_row[12].g_col[27].u_pe/u_mul/u_dsp is not fully pipelined on the input side. AREG/BREG/CREG/DREG are not used.
Related violations: <none>

SYNTH-12#165 Warning
DSP input not registered  
DSP instance u_replay/g_array.u_array/u_array/u_ref/g_row[12].g_col[28].u_pe/u_mul/u_dsp is not fully pipelined on the input side. AREG/BREG/CREG/DREG are not used.
Related violations: <none>

SYNTH-12#166 Warning
DSP input not registered  
DSP instance u_replay/g_array.u_array/u_array/u_ref/g_row[12].g_col[29].u_pe/u_mul/u_dsp is not fully pipelined on the input side. AREG/BREG/CREG/DREG are not used.
Related violations: <none>

SYNTH-12#167 Warning
DSP input not registered  
DSP instance u_replay/g_array.u_array/u_array/u_ref/g_row[12].g_col[2].u_pe/u_mul/u_dsp is not fully pipelined on the input side. AREG/BREG/CREG/DREG are not used.
Related violations: <none>

SYNTH-12#168 Warning
DSP input not registered  
DSP instance u_replay/g_array.u_array/u_array/u_ref/g_row[12].g_col[30].u_pe/u_mul/u_dsp is not fully pipelined on the input side. AREG/BREG/CREG/DREG are not used.
Related violations: <none>

SYNTH-12#169 Warning
DSP input not registered  
DSP instance u_replay/g_array.u_array/u_array/u_ref/g_row[12].g_col[31].u_pe/u_mul/u_dsp is not fully pipelined on the input side. AREG/BREG/CREG/DREG are not used.
Related violations: <none>

SYNTH-12#170 Warning
DSP input not registered  
DSP instance u_replay/g_array.u_array/u_array/u_ref/g_row[12].g_col[32].u_pe/u_mul/u_dsp is not fully pipelined on the input side. AREG/BREG/CREG/DREG are not used.
Related violations: <none>

SYNTH-12#171 Warning
DSP input not registered  
DSP instance u_replay/g_array.u_array/u_array/u_ref/g_row[12].g_col[33].u_pe/u_mul/u_dsp is not fully pipelined on the input side. AREG/BREG/CREG/DREG are not used.
Related violations: <none>

SYNTH-12#172 Warning
DSP input not registered  
DSP instance u_replay/g_array.u_array/u_array/u_ref/g_row[12].g_col[34].u_pe/u_mul/u_dsp is not fully pipelined on the input side. AREG/BREG/CREG/DREG are not used.
Related violations: <none>

SYNTH-12#173 Warning
DSP input not registered  
DSP instance u_replay/g_array.u_array/u_array/u_ref/g_row[12].g_col[35].u_pe/u_mul/u_dsp is not fully pipelined on the input side. AREG/BREG/CREG/DREG are not used.
Related violations: <none>

SYNTH-12#174 Warning
DSP input not registered  
DSP instance u_replay/g_array.u_array/u_array/u_ref/g_row[12].g_col[36].u_pe/u_mul/u_dsp is not fully pipelined on the input side. AREG/BREG/CREG/DREG are not used.
Related violations: <none>

SYNTH-12#175 Warning
DSP input not registered  
DSP instance u_replay/g_array.u_array/u_array/u_ref/g_row[12].g_col[37].u_pe/u_mul/u_dsp is not fully pipelined on the input side. AREG/BREG/CREG/DREG are not used.
Related violations: <none>

SYNTH-12#176 Warning
DSP input not registered  
DSP instance u_replay/g_array.u_array/u_array/u_ref/g_row[12].g_col[38].u_pe/u_mul/u_dsp is not fully pipelined on the input side. AREG/BREG/CREG/DREG are not used.
Related violations: <none>

SYNTH-12#177 Warning
DSP input not registered  
DSP instance u_replay/g_array.u_array/u_array/u_ref/g_row[12].g_col[39].u_pe/u_mul/u_dsp is not fully pipelined on the input side. AREG/BREG/CREG/DREG are not used.
Related violations: <none>

SYNTH-12#178 Warning
DSP input not registered  
DSP instance u_replay/g_array.u_array/u_array/u_ref/g_row[12].g_col[3].u_pe/u_mul/u_dsp is not fully pipelined on the input side. AREG/BREG/CREG/DREG are not used.
Related violations: <none>

SYNTH-12#179 Warning
DSP input not registered  
DSP instance u_replay/g_array.u_array/u_array/u_ref/g_row[12].g_col[40].u_pe/u_mul/u_dsp is not fully pipelined on the input side. AREG/BREG/CREG/DREG are not used.
Related violations: <none>

SYNTH-12#180 Warning
DSP input not registered  
DSP instance u_replay/g_array.u_array/u_array/u_ref/g_row[12].g_col[41].u_pe/u_mul/u_dsp is not fully pipelined on the input side. AREG/BREG/CREG/DREG are not used.
Related violations: <none>

SYNTH-12#181 Warning
DSP input not registered  
DSP instance u_replay/g_array.u_array/u_array/u_ref/g_row[12].g_col[42].u_pe/u_mul/u_dsp is not fully pipelined on the input side. AREG/BREG/CREG/DREG are not used.
Related violations: <none>

SYNTH-12#182 Warning
DSP input not registered  
DSP instance u_replay/g_array.u_array/u_array/u_ref/g_row[12].g_col[43].u_pe/u_mul/u_dsp is not fully pipelined on the input side. AREG/BREG/CREG/DREG are not used.
Related violations: <none>

SYNTH-12#183 Warning
DSP input not registered  
DSP instance u_replay/g_array.u_array/u_array/u_ref/g_row[12].g_col[44].u_pe/u_mul/u_dsp is not fully pipelined on the input side. AREG/BREG/CREG/DREG are not used.
Related violations: <none>

SYNTH-12#184 Warning
DSP input not registered  
DSP instance u_replay/g_array.u_array/u_array/u_ref/g_row[12].g_col[45].u_pe/u_mul/u_dsp is not fully pipelined on the input side. AREG/BREG/CREG/DREG are not used.
Related violations: <none>

SYNTH-12#185 Warning
DSP input not registered  
DSP instance u_replay/g_array.u_array/u_array/u_ref/g_row[12].g_col[46].u_pe/u_mul/u_dsp is not fully pipelined on the input side. AREG/BREG/CREG/DREG are not used.
Related violations: <none>

SYNTH-12#186 Warning
DSP input not registered  
DSP instance u_replay/g_array.u_array/u_array/u_ref/g_row[12].g_col[47].u_pe/u_mul/u_dsp is not fully pipelined on the input side. AREG/BREG/CREG/DREG are not used.
Related violations: <none>

SYNTH-12#187 Warning
DSP input not registered  
DSP instance u_replay/g_array.u_array/u_array/u_ref/g_row[12].g_col[4].u_pe/u_mul/u_dsp is not fully pipelined on the input side. AREG/BREG/CREG/DREG are not used.
Related violations: <none>

SYNTH-12#188 Warning
DSP input not registered  
DSP instance u_replay/g_array.u_array/u_array/u_ref/g_row[12].g_col[5].u_pe/u_mul/u_dsp is not fully pipelined on the input side. AREG/BREG/CREG/DREG are not used.
Related violations: <none>

SYNTH-12#189 Warning
DSP input not registered  
DSP instance u_replay/g_array.u_array/u_array/u_ref/g_row[12].g_col[6].u_pe/u_mul/u_dsp is not fully pipelined on the input side. AREG/BREG/CREG/DREG are not used.
Related violations: <none>

SYNTH-12#190 Warning
DSP input not registered  
DSP instance u_replay/g_array.u_array/u_array/u_ref/g_row[12].g_col[7].u_pe/u_mul/u_dsp is not fully pipelined on the input side. AREG/BREG/CREG/DREG are not used.
Related violations: <none>

SYNTH-12#191 Warning
DSP input not registered  
DSP instance u_replay/g_array.u_array/u_array/u_ref/g_row[12].g_col[8].u_pe/u_mul/u_dsp is not fully pipelined on the input side. AREG/BREG/CREG/DREG are not used.
Related violations: <none>

SYNTH-12#192 Warning
DSP input not registered  
DSP instance u_replay/g_array.u_array/u_array/u_ref/g_row[12].g_col[9].u_pe/u_mul/u_dsp is not fully pipelined on the input side. AREG/BREG/CREG/DREG are not used.
Related violations: <none>

SYNTH-12#193 Warning
DSP input not registered  
DSP instance u_replay/g_array.u_array/u_array/u_ref/g_row[13].g_col[0].u_pe/u_mul/u_dsp is not fully pipelined on the input side. AREG/BREG/CREG/DREG are not used.
Related violations: <none>

SYNTH-12#194 Warning
DSP input not registered  
DSP instance u_replay/g_array.u_array/u_array/u_ref/g_row[13].g_col[10].u_pe/u_mul/u_dsp is not fully pipelined on the input side. AREG/BREG/CREG/DREG are not used.
Related violations: <none>

SYNTH-12#195 Warning
DSP input not registered  
DSP instance u_replay/g_array.u_array/u_array/u_ref/g_row[13].g_col[11].u_pe/u_mul/u_dsp is not fully pipelined on the input side. AREG/BREG/CREG/DREG are not used.
Related violations: <none>

SYNTH-12#196 Warning
DSP input not registered  
DSP instance u_replay/g_array.u_array/u_array/u_ref/g_row[13].g_col[12].u_pe/u_mul/u_dsp is not fully pipelined on the input side. AREG/BREG/CREG/DREG are not used.
Related violations: <none>

SYNTH-12#197 Warning
DSP input not registered  
DSP instance u_replay/g_array.u_array/u_array/u_ref/g_row[13].g_col[13].u_pe/u_mul/u_dsp is not fully pipelined on the input side. AREG/BREG/CREG/DREG are not used.
Related violations: <none>

SYNTH-12#198 Warning
DSP input not registered  
DSP instance u_replay/g_array.u_array/u_array/u_ref/g_row[13].g_col[14].u_pe/u_mul/u_dsp is not fully pipelined on the input side. AREG/BREG/CREG/DREG are not used.
Related violations: <none>

SYNTH-12#199 Warning
DSP input not registered  
DSP instance u_replay/g_array.u_array/u_array/u_ref/g_row[13].g_col[15].u_pe/u_mul/u_dsp is not fully pipelined on the input side. AREG/BREG/CREG/DREG are not used.
Related violations: <none>

SYNTH-12#200 Warning
DSP input not registered  
DSP instance u_replay/g_array.u_array/u_array/u_ref/g_row[13].g_col[16].u_pe/u_mul/u_dsp is not fully pipelined on the input side. AREG/BREG/CREG/DREG are not used.
Related violations: <none>

SYNTH-12#201 Warning
DSP input not registered  
DSP instance u_replay/g_array.u_array/u_array/u_ref/g_row[13].g_col[17].u_pe/u_mul/u_dsp is not fully pipelined on the input side. AREG/BREG/CREG/DREG are not used.
Related violations: <none>

SYNTH-12#202 Warning
DSP input not registered  
DSP instance u_replay/g_array.u_array/u_array/u_ref/g_row[13].g_col[18].u_pe/u_mul/u_dsp is not fully pipelined on the input side. AREG/BREG/CREG/DREG are not used.
Related violations: <none>

SYNTH-12#203 Warning
DSP input not registered  
DSP instance u_replay/g_array.u_array/u_array/u_ref/g_row[13].g_col[19].u_pe/u_mul/u_dsp is not fully pipelined on the input side. AREG/BREG/CREG/DREG are not used.
Related violations: <none>

SYNTH-12#204 Warning
DSP input not registered  
DSP instance u_replay/g_array.u_array/u_array/u_ref/g_row[13].g_col[1].u_pe/u_mul/u_dsp is not fully pipelined on the input side. AREG/BREG/CREG/DREG are not used.
Related violations: <none>

SYNTH-12#205 Warning
DSP input not registered  
DSP instance u_replay/g_array.u_array/u_array/u_ref/g_row[13].g_col[20].u_pe/u_mul/u_dsp is not fully pipelined on the input side. AREG/BREG/CREG/DREG are not used.
Related violations: <none>

SYNTH-12#206 Warning
DSP input not registered  
DSP instance u_replay/g_array.u_array/u_array/u_ref/g_row[13].g_col[21].u_pe/u_mul/u_dsp is not fully pipelined on the input side. AREG/BREG/CREG/DREG are not used.
Related violations: <none>

SYNTH-12#207 Warning
DSP input not registered  
DSP instance u_replay/g_array.u_array/u_array/u_ref/g_row[13].g_col[22].u_pe/u_mul/u_dsp is not fully pipelined on the input side. AREG/BREG/CREG/DREG are not used.
Related violations: <none>

SYNTH-12#208 Warning
DSP input not registered  
DSP instance u_replay/g_array.u_array/u_array/u_ref/g_row[13].g_col[23].u_pe/u_mul/u_dsp is not fully pipelined on the input side. AREG/BREG/CREG/DREG are not used.
Related violations: <none>

SYNTH-12#209 Warning
DSP input not registered  
DSP instance u_replay/g_array.u_array/u_array/u_ref/g_row[13].g_col[24].u_pe/u_mul/u_dsp is not fully pipelined on the input side. AREG/BREG/CREG/DREG are not used.
Related violations: <none>

SYNTH-12#210 Warning
DSP input not registered  
DSP instance u_replay/g_array.u_array/u_array/u_ref/g_row[13].g_col[25].u_pe/u_mul/u_dsp is not fully pipelined on the input side. AREG/BREG/CREG/DREG are not used.
Related violations: <none>

SYNTH-12#211 Warning
DSP input not registered  
DSP instance u_replay/g_array.u_array/u_array/u_ref/g_row[13].g_col[26].u_pe/u_mul/u_dsp is not fully pipelined on the input side. AREG/BREG/CREG/DREG are not used.
Related violations: <none>

SYNTH-12#212 Warning
DSP input not registered  
DSP instance u_replay/g_array.u_array/u_array/u_ref/g_row[13].g_col[27].u_pe/u_mul/u_dsp is not fully pipelined on the input side. AREG/BREG/CREG/DREG are not used.
Related violations: <none>

SYNTH-12#213 Warning
DSP input not registered  
DSP instance u_replay/g_array.u_array/u_array/u_ref/g_row[13].g_col[28].u_pe/u_mul/u_dsp is not fully pipelined on the input side. AREG/BREG/CREG/DREG are not used.
Related violations: <none>

SYNTH-12#214 Warning
DSP input not registered  
DSP instance u_replay/g_array.u_array/u_array/u_ref/g_row[13].g_col[29].u_pe/u_mul/u_dsp is not fully pipelined on the input side. AREG/BREG/CREG/DREG are not used.
Related violations: <none>

SYNTH-12#215 Warning
DSP input not registered  
DSP instance u_replay/g_array.u_array/u_array/u_ref/g_row[13].g_col[2].u_pe/u_mul/u_dsp is not fully pipelined on the input side. AREG/BREG/CREG/DREG are not used.
Related violations: <none>

SYNTH-12#216 Warning
DSP input not registered  
DSP instance u_replay/g_array.u_array/u_array/u_ref/g_row[13].g_col[30].u_pe/u_mul/u_dsp is not fully pipelined on the input side. AREG/BREG/CREG/DREG are not used.
Related violations: <none>

SYNTH-12#217 Warning
DSP input not registered  
DSP instance u_replay/g_array.u_array/u_array/u_ref/g_row[13].g_col[31].u_pe/u_mul/u_dsp is not fully pipelined on the input side. AREG/BREG/CREG/DREG are not used.
Related violations: <none>

SYNTH-12#218 Warning
DSP input not registered  
DSP instance u_replay/g_array.u_array/u_array/u_ref/g_row[13].g_col[32].u_pe/u_mul/u_dsp is not fully pipelined on the input side. AREG/BREG/CREG/DREG are not used.
Related violations: <none>

SYNTH-12#219 Warning
DSP input not registered  
DSP instance u_replay/g_array.u_array/u_array/u_ref/g_row[13].g_col[33].u_pe/u_mul/u_dsp is not fully pipelined on the input side. AREG/BREG/CREG/DREG are not used.
Related violations: <none>

SYNTH-12#220 Warning
DSP input not registered  
DSP instance u_replay/g_array.u_array/u_array/u_ref/g_row[13].g_col[34].u_pe/u_mul/u_dsp is not fully pipelined on the input side. AREG/BREG/CREG/DREG are not used.
Related violations: <none>

SYNTH-12#221 Warning
DSP input not registered  
DSP instance u_replay/g_array.u_array/u_array/u_ref/g_row[13].g_col[35].u_pe/u_mul/u_dsp is not fully pipelined on the input side. AREG/BREG/CREG/DREG are not used.
Related violations: <none>

SYNTH-12#222 Warning
DSP input not registered  
DSP instance u_replay/g_array.u_array/u_array/u_ref/g_row[13].g_col[36].u_pe/u_mul/u_dsp is not fully pipelined on the input side. AREG/BREG/CREG/DREG are not used.
Related violations: <none>

SYNTH-12#223 Warning
DSP input not registered  
DSP instance u_replay/g_array.u_array/u_array/u_ref/g_row[13].g_col[37].u_pe/u_mul/u_dsp is not fully pipelined on the input side. AREG/BREG/CREG/DREG are not used.
Related violations: <none>

SYNTH-12#224 Warning
DSP input not registered  
DSP instance u_replay/g_array.u_array/u_array/u_ref/g_row[13].g_col[38].u_pe/u_mul/u_dsp is not fully pipelined on the input side. AREG/BREG/CREG/DREG are not used.
Related violations: <none>

SYNTH-12#225 Warning
DSP input not registered  
DSP instance u_replay/g_array.u_array/u_array/u_ref/g_row[13].g_col[39].u_pe/u_mul/u_dsp is not fully pipelined on the input side. AREG/BREG/CREG/DREG are not used.
Related violations: <none>

SYNTH-12#226 Warning
DSP input not registered  
DSP instance u_replay/g_array.u_array/u_array/u_ref/g_row[13].g_col[3].u_pe/u_mul/u_dsp is not fully pipelined on the input side. AREG/BREG/CREG/DREG are not used.
Related violations: <none>

SYNTH-12#227 Warning
DSP input not registered  
DSP instance u_replay/g_array.u_array/u_array/u_ref/g_row[13].g_col[40].u_pe/u_mul/u_dsp is not fully pipelined on the input side. AREG/BREG/CREG/DREG are not used.
Related violations: <none>

SYNTH-12#228 Warning
DSP input not registered  
DSP instance u_replay/g_array.u_array/u_array/u_ref/g_row[13].g_col[41].u_pe/u_mul/u_dsp is not fully pipelined on the input side. AREG/BREG/CREG/DREG are not used.
Related violations: <none>

SYNTH-12#229 Warning
DSP input not registered  
DSP instance u_replay/g_array.u_array/u_array/u_ref/g_row[13].g_col[42].u_pe/u_mul/u_dsp is not fully pipelined on the input side. AREG/BREG/CREG/DREG are not used.
Related violations: <none>

SYNTH-12#230 Warning
DSP input not registered  
DSP instance u_replay/g_array.u_array/u_array/u_ref/g_row[13].g_col[43].u_pe/u_mul/u_dsp is not fully pipelined on the input side. AREG/BREG/CREG/DREG are not used.
Related violations: <none>

SYNTH-12#231 Warning
DSP input not registered  
DSP instance u_replay/g_array.u_array/u_array/u_ref/g_row[13].g_col[44].u_pe/u_mul/u_dsp is not fully pipelined on the input side. AREG/BREG/CREG/DREG are not used.
Related violations: <none>

SYNTH-12#232 Warning
DSP input not registered  
DSP instance u_replay/g_array.u_array/u_array/u_ref/g_row[13].g_col[45].u_pe/u_mul/u_dsp is not fully pipelined on the input side. AREG/BREG/CREG/DREG are not used.
Related violations: <none>

SYNTH-12#233 Warning
DSP input not registered  
DSP instance u_replay/g_array.u_array/u_array/u_ref/g_row[13].g_col[46].u_pe/u_mul/u_dsp is not fully pipelined on the input side. AREG/BREG/CREG/DREG are not used.
Related violations: <none>

SYNTH-12#234 Warning
DSP input not registered  
DSP instance u_replay/g_array.u_array/u_array/u_ref/g_row[13].g_col[47].u_pe/u_mul/u_dsp is not fully pipelined on the input side. AREG/BREG/CREG/DREG are not used.
Related violations: <none>

SYNTH-12#235 Warning
DSP input not registered  
DSP instance u_replay/g_array.u_array/u_array/u_ref/g_row[13].g_col[4].u_pe/u_mul/u_dsp is not fully pipelined on the input side. AREG/BREG/CREG/DREG are not used.
Related violations: <none>

SYNTH-12#236 Warning
DSP input not registered  
DSP instance u_replay/g_array.u_array/u_array/u_ref/g_row[13].g_col[5].u_pe/u_mul/u_dsp is not fully pipelined on the input side. AREG/BREG/CREG/DREG are not used.
Related violations: <none>

SYNTH-12#237 Warning
DSP input not registered  
DSP instance u_replay/g_array.u_array/u_array/u_ref/g_row[13].g_col[6].u_pe/u_mul/u_dsp is not fully pipelined on the input side. AREG/BREG/CREG/DREG are not used.
Related violations: <none>

SYNTH-12#238 Warning
DSP input not registered  
DSP instance u_replay/g_array.u_array/u_array/u_ref/g_row[13].g_col[7].u_pe/u_mul/u_dsp is not fully pipelined on the input side. AREG/BREG/CREG/DREG are not used.
Related violations: <none>

SYNTH-12#239 Warning
DSP input not registered  
DSP instance u_replay/g_array.u_array/u_array/u_ref/g_row[13].g_col[8].u_pe/u_mul/u_dsp is not fully pipelined on the input side. AREG/BREG/CREG/DREG are not used.
Related violations: <none>

SYNTH-12#240 Warning
DSP input not registered  
DSP instance u_replay/g_array.u_array/u_array/u_ref/g_row[13].g_col[9].u_pe/u_mul/u_dsp is not fully pipelined on the input side. AREG/BREG/CREG/DREG are not used.
Related violations: <none>

SYNTH-12#241 Warning
DSP input not registered  
DSP instance u_replay/g_array.u_array/u_array/u_ref/g_row[14].g_col[0].u_pe/u_mul/u_dsp is not fully pipelined on the input side. AREG/BREG/CREG/DREG are not used.
Related violations: <none>

SYNTH-12#242 Warning
DSP input not registered  
DSP instance u_replay/g_array.u_array/u_array/u_ref/g_row[14].g_col[10].u_pe/u_mul/u_dsp is not fully pipelined on the input side. AREG/BREG/CREG/DREG are not used.
Related violations: <none>

SYNTH-12#243 Warning
DSP input not registered  
DSP instance u_replay/g_array.u_array/u_array/u_ref/g_row[14].g_col[11].u_pe/u_mul/u_dsp is not fully pipelined on the input side. AREG/BREG/CREG/DREG are not used.
Related violations: <none>

SYNTH-12#244 Warning
DSP input not registered  
DSP instance u_replay/g_array.u_array/u_array/u_ref/g_row[14].g_col[12].u_pe/u_mul/u_dsp is not fully pipelined on the input side. AREG/BREG/CREG/DREG are not used.
Related violations: <none>

SYNTH-12#245 Warning
DSP input not registered  
DSP instance u_replay/g_array.u_array/u_array/u_ref/g_row[14].g_col[13].u_pe/u_mul/u_dsp is not fully pipelined on the input side. AREG/BREG/CREG/DREG are not used.
Related violations: <none>

SYNTH-12#246 Warning
DSP input not registered  
DSP instance u_replay/g_array.u_array/u_array/u_ref/g_row[14].g_col[14].u_pe/u_mul/u_dsp is not fully pipelined on the input side. AREG/BREG/CREG/DREG are not used.
Related violations: <none>

SYNTH-12#247 Warning
DSP input not registered  
DSP instance u_replay/g_array.u_array/u_array/u_ref/g_row[14].g_col[15].u_pe/u_mul/u_dsp is not fully pipelined on the input side. AREG/BREG/CREG/DREG are not used.
Related violations: <none>

SYNTH-12#248 Warning
DSP input not registered  
DSP instance u_replay/g_array.u_array/u_array/u_ref/g_row[14].g_col[16].u_pe/u_mul/u_dsp is not fully pipelined on the input side. AREG/BREG/CREG/DREG are not used.
Related violations: <none>

SYNTH-12#249 Warning
DSP input not registered  
DSP instance u_replay/g_array.u_array/u_array/u_ref/g_row[14].g_col[17].u_pe/u_mul/u_dsp is not fully pipelined on the input side. AREG/BREG/CREG/DREG are not used.
Related violations: <none>

SYNTH-12#250 Warning
DSP input not registered  
DSP instance u_replay/g_array.u_array/u_array/u_ref/g_row[14].g_col[18].u_pe/u_mul/u_dsp is not fully pipelined on the input side. AREG/BREG/CREG/DREG are not used.
Related violations: <none>

SYNTH-12#251 Warning
DSP input not registered  
DSP instance u_replay/g_array.u_array/u_array/u_ref/g_row[14].g_col[19].u_pe/u_mul/u_dsp is not fully pipelined on the input side. AREG/BREG/CREG/DREG are not used.
Related violations: <none>

SYNTH-12#252 Warning
DSP input not registered  
DSP instance u_replay/g_array.u_array/u_array/u_ref/g_row[14].g_col[1].u_pe/u_mul/u_dsp is not fully pipelined on the input side. AREG/BREG/CREG/DREG are not used.
Related violations: <none>

SYNTH-12#253 Warning
DSP input not registered  
DSP instance u_replay/g_array.u_array/u_array/u_ref/g_row[14].g_col[20].u_pe/u_mul/u_dsp is not fully pipelined on the input side. AREG/BREG/CREG/DREG are not used.
Related violations: <none>

SYNTH-12#254 Warning
DSP input not registered  
DSP instance u_replay/g_array.u_array/u_array/u_ref/g_row[14].g_col[21].u_pe/u_mul/u_dsp is not fully pipelined on the input side. AREG/BREG/CREG/DREG are not used.
Related violations: <none>

SYNTH-12#255 Warning
DSP input not registered  
DSP instance u_replay/g_array.u_array/u_array/u_ref/g_row[14].g_col[22].u_pe/u_mul/u_dsp is not fully pipelined on the input side. AREG/BREG/CREG/DREG are not used.
Related violations: <none>

SYNTH-12#256 Warning
DSP input not registered  
DSP instance u_replay/g_array.u_array/u_array/u_ref/g_row[14].g_col[23].u_pe/u_mul/u_dsp is not fully pipelined on the input side. AREG/BREG/CREG/DREG are not used.
Related violations: <none>

SYNTH-12#257 Warning
DSP input not registered  
DSP instance u_replay/g_array.u_array/u_array/u_ref/g_row[14].g_col[24].u_pe/u_mul/u_dsp is not fully pipelined on the input side. AREG/BREG/CREG/DREG are not used.
Related violations: <none>

SYNTH-12#258 Warning
DSP input not registered  
DSP instance u_replay/g_array.u_array/u_array/u_ref/g_row[14].g_col[25].u_pe/u_mul/u_dsp is not fully pipelined on the input side. AREG/BREG/CREG/DREG are not used.
Related violations: <none>

SYNTH-12#259 Warning
DSP input not registered  
DSP instance u_replay/g_array.u_array/u_array/u_ref/g_row[14].g_col[26].u_pe/u_mul/u_dsp is not fully pipelined on the input side. AREG/BREG/CREG/DREG are not used.
Related violations: <none>

SYNTH-12#260 Warning
DSP input not registered  
DSP instance u_replay/g_array.u_array/u_array/u_ref/g_row[14].g_col[27].u_pe/u_mul/u_dsp is not fully pipelined on the input side. AREG/BREG/CREG/DREG are not used.
Related violations: <none>

SYNTH-12#261 Warning
DSP input not registered  
DSP instance u_replay/g_array.u_array/u_array/u_ref/g_row[14].g_col[28].u_pe/u_mul/u_dsp is not fully pipelined on the input side. AREG/BREG/CREG/DREG are not used.
Related violations: <none>

SYNTH-12#262 Warning
DSP input not registered  
DSP instance u_replay/g_array.u_array/u_array/u_ref/g_row[14].g_col[29].u_pe/u_mul/u_dsp is not fully pipelined on the input side. AREG/BREG/CREG/DREG are not used.
Related violations: <none>

SYNTH-12#263 Warning
DSP input not registered  
DSP instance u_replay/g_array.u_array/u_array/u_ref/g_row[14].g_col[2].u_pe/u_mul/u_dsp is not fully pipelined on the input side. AREG/BREG/CREG/DREG are not used.
Related violations: <none>

SYNTH-12#264 Warning
DSP input not registered  
DSP instance u_replay/g_array.u_array/u_array/u_ref/g_row[14].g_col[30].u_pe/u_mul/u_dsp is not fully pipelined on the input side. AREG/BREG/CREG/DREG are not used.
Related violations: <none>

SYNTH-12#265 Warning
DSP input not registered  
DSP instance u_replay/g_array.u_array/u_array/u_ref/g_row[14].g_col[31].u_pe/u_mul/u_dsp is not fully pipelined on the input side. AREG/BREG/CREG/DREG are not used.
Related violations: <none>

SYNTH-12#266 Warning
DSP input not registered  
DSP instance u_replay/g_array.u_array/u_array/u_ref/g_row[14].g_col[32].u_pe/u_mul/u_dsp is not fully pipelined on the input side. AREG/BREG/CREG/DREG are not used.
Related violations: <none>

SYNTH-12#267 Warning
DSP input not registered  
DSP instance u_replay/g_array.u_array/u_array/u_ref/g_row[14].g_col[33].u_pe/u_mul/u_dsp is not fully pipelined on the input side. AREG/BREG/CREG/DREG are not used.
Related violations: <none>

SYNTH-12#268 Warning
DSP input not registered  
DSP instance u_replay/g_array.u_array/u_array/u_ref/g_row[14].g_col[34].u_pe/u_mul/u_dsp is not fully pipelined on the input side. AREG/BREG/CREG/DREG are not used.
Related violations: <none>

SYNTH-12#269 Warning
DSP input not registered  
DSP instance u_replay/g_array.u_array/u_array/u_ref/g_row[14].g_col[35].u_pe/u_mul/u_dsp is not fully pipelined on the input side. AREG/BREG/CREG/DREG are not used.
Related violations: <none>

SYNTH-12#270 Warning
DSP input not registered  
DSP instance u_replay/g_array.u_array/u_array/u_ref/g_row[14].g_col[36].u_pe/u_mul/u_dsp is not fully pipelined on the input side. AREG/BREG/CREG/DREG are not used.
Related violations: <none>

SYNTH-12#271 Warning
DSP input not registered  
DSP instance u_replay/g_array.u_array/u_array/u_ref/g_row[14].g_col[37].u_pe/u_mul/u_dsp is not fully pipelined on the input side. AREG/BREG/CREG/DREG are not used.
Related violations: <none>

SYNTH-12#272 Warning
DSP input not registered  
DSP instance u_replay/g_array.u_array/u_array/u_ref/g_row[14].g_col[38].u_pe/u_mul/u_dsp is not fully pipelined on the input side. AREG/BREG/CREG/DREG are not used.
Related violations: <none>

SYNTH-12#273 Warning
DSP input not registered  
DSP instance u_replay/g_array.u_array/u_array/u_ref/g_row[14].g_col[39].u_pe/u_mul/u_dsp is not fully pipelined on the input side. AREG/BREG/CREG/DREG are not used.
Related violations: <none>

SYNTH-12#274 Warning
DSP input not registered  
DSP instance u_replay/g_array.u_array/u_array/u_ref/g_row[14].g_col[3].u_pe/u_mul/u_dsp is not fully pipelined on the input side. AREG/BREG/CREG/DREG are not used.
Related violations: <none>

SYNTH-12#275 Warning
DSP input not registered  
DSP instance u_replay/g_array.u_array/u_array/u_ref/g_row[14].g_col[40].u_pe/u_mul/u_dsp is not fully pipelined on the input side. AREG/BREG/CREG/DREG are not used.
Related violations: <none>

SYNTH-12#276 Warning
DSP input not registered  
DSP instance u_replay/g_array.u_array/u_array/u_ref/g_row[14].g_col[41].u_pe/u_mul/u_dsp is not fully pipelined on the input side. AREG/BREG/CREG/DREG are not used.
Related violations: <none>

SYNTH-12#277 Warning
DSP input not registered  
DSP instance u_replay/g_array.u_array/u_array/u_ref/g_row[14].g_col[42].u_pe/u_mul/u_dsp is not fully pipelined on the input side. AREG/BREG/CREG/DREG are not used.
Related violations: <none>

SYNTH-12#278 Warning
DSP input not registered  
DSP instance u_replay/g_array.u_array/u_array/u_ref/g_row[14].g_col[43].u_pe/u_mul/u_dsp is not fully pipelined on the input side. AREG/BREG/CREG/DREG are not used.
Related violations: <none>

SYNTH-12#279 Warning
DSP input not registered  
DSP instance u_replay/g_array.u_array/u_array/u_ref/g_row[14].g_col[44].u_pe/u_mul/u_dsp is not fully pipelined on the input side. AREG/BREG/CREG/DREG are not used.
Related violations: <none>

SYNTH-12#280 Warning
DSP input not registered  
DSP instance u_replay/g_array.u_array/u_array/u_ref/g_row[14].g_col[45].u_pe/u_mul/u_dsp is not fully pipelined on the input side. AREG/BREG/CREG/DREG are not used.
Related violations: <none>

SYNTH-12#281 Warning
DSP input not registered  
DSP instance u_replay/g_array.u_array/u_array/u_ref/g_row[14].g_col[46].u_pe/u_mul/u_dsp is not fully pipelined on the input side. AREG/BREG/CREG/DREG are not used.
Related violations: <none>

SYNTH-12#282 Warning
DSP input not registered  
DSP instance u_replay/g_array.u_array/u_array/u_ref/g_row[14].g_col[47].u_pe/u_mul/u_dsp is not fully pipelined on the input side. AREG/BREG/CREG/DREG are not used.
Related violations: <none>

SYNTH-12#283 Warning
DSP input not registered  
DSP instance u_replay/g_array.u_array/u_array/u_ref/g_row[14].g_col[4].u_pe/u_mul/u_dsp is not fully pipelined on the input side. AREG/BREG/CREG/DREG are not used.
Related violations: <none>

SYNTH-12#284 Warning
DSP input not registered  
DSP instance u_replay/g_array.u_array/u_array/u_ref/g_row[14].g_col[5].u_pe/u_mul/u_dsp is not fully pipelined on the input side. AREG/BREG/CREG/DREG are not used.
Related violations: <none>

SYNTH-12#285 Warning
DSP input not registered  
DSP instance u_replay/g_array.u_array/u_array/u_ref/g_row[14].g_col[6].u_pe/u_mul/u_dsp is not fully pipelined on the input side. AREG/BREG/CREG/DREG are not used.
Related violations: <none>

SYNTH-12#286 Warning
DSP input not registered  
DSP instance u_replay/g_array.u_array/u_array/u_ref/g_row[14].g_col[7].u_pe/u_mul/u_dsp is not fully pipelined on the input side. AREG/BREG/CREG/DREG are not used.
Related violations: <none>

SYNTH-12#287 Warning
DSP input not registered  
DSP instance u_replay/g_array.u_array/u_array/u_ref/g_row[14].g_col[8].u_pe/u_mul/u_dsp is not fully pipelined on the input side. AREG/BREG/CREG/DREG are not used.
Related violations: <none>

SYNTH-12#288 Warning
DSP input not registered  
DSP instance u_replay/g_array.u_array/u_array/u_ref/g_row[14].g_col[9].u_pe/u_mul/u_dsp is not fully pipelined on the input side. AREG/BREG/CREG/DREG are not used.
Related violations: <none>

SYNTH-12#289 Warning
DSP input not registered  
DSP instance u_replay/g_array.u_array/u_array/u_ref/g_row[15].g_col[0].u_pe/u_mul/u_dsp is not fully pipelined on the input side. AREG/BREG/CREG/DREG are not used.
Related violations: <none>

SYNTH-12#290 Warning
DSP input not registered  
DSP instance u_replay/g_array.u_array/u_array/u_ref/g_row[15].g_col[10].u_pe/u_mul/u_dsp is not fully pipelined on the input side. AREG/BREG/CREG/DREG are not used.
Related violations: <none>

SYNTH-12#291 Warning
DSP input not registered  
DSP instance u_replay/g_array.u_array/u_array/u_ref/g_row[15].g_col[11].u_pe/u_mul/u_dsp is not fully pipelined on the input side. AREG/BREG/CREG/DREG are not used.
Related violations: <none>

SYNTH-12#292 Warning
DSP input not registered  
DSP instance u_replay/g_array.u_array/u_array/u_ref/g_row[15].g_col[12].u_pe/u_mul/u_dsp is not fully pipelined on the input side. AREG/BREG/CREG/DREG are not used.
Related violations: <none>

SYNTH-12#293 Warning
DSP input not registered  
DSP instance u_replay/g_array.u_array/u_array/u_ref/g_row[15].g_col[13].u_pe/u_mul/u_dsp is not fully pipelined on the input side. AREG/BREG/CREG/DREG are not used.
Related violations: <none>

SYNTH-12#294 Warning
DSP input not registered  
DSP instance u_replay/g_array.u_array/u_array/u_ref/g_row[15].g_col[14].u_pe/u_mul/u_dsp is not fully pipelined on the input side. AREG/BREG/CREG/DREG are not used.
Related violations: <none>

SYNTH-12#295 Warning
DSP input not registered  
DSP instance u_replay/g_array.u_array/u_array/u_ref/g_row[15].g_col[15].u_pe/u_mul/u_dsp is not fully pipelined on the input side. AREG/BREG/CREG/DREG are not used.
Related violations: <none>

SYNTH-12#296 Warning
DSP input not registered  
DSP instance u_replay/g_array.u_array/u_array/u_ref/g_row[15].g_col[16].u_pe/u_mul/u_dsp is not fully pipelined on the input side. AREG/BREG/CREG/DREG are not used.
Related violations: <none>

SYNTH-12#297 Warning
DSP input not registered  
DSP instance u_replay/g_array.u_array/u_array/u_ref/g_row[15].g_col[17].u_pe/u_mul/u_dsp is not fully pipelined on the input side. AREG/BREG/CREG/DREG are not used.
Related violations: <none>

SYNTH-12#298 Warning
DSP input not registered  
DSP instance u_replay/g_array.u_array/u_array/u_ref/g_row[15].g_col[18].u_pe/u_mul/u_dsp is not fully pipelined on the input side. AREG/BREG/CREG/DREG are not used.
Related violations: <none>

SYNTH-12#299 Warning
DSP input not registered  
DSP instance u_replay/g_array.u_array/u_array/u_ref/g_row[15].g_col[19].u_pe/u_mul/u_dsp is not fully pipelined on the input side. AREG/BREG/CREG/DREG are not used.
Related violations: <none>

SYNTH-12#300 Warning
DSP input not registered  
DSP instance u_replay/g_array.u_array/u_array/u_ref/g_row[15].g_col[1].u_pe/u_mul/u_dsp is not fully pipelined on the input side. AREG/BREG/CREG/DREG are not used.
Related violations: <none>

SYNTH-12#301 Warning
DSP input not registered  
DSP instance u_replay/g_array.u_array/u_array/u_ref/g_row[15].g_col[20].u_pe/u_mul/u_dsp is not fully pipelined on the input side. AREG/BREG/CREG/DREG are not used.
Related violations: <none>

SYNTH-12#302 Warning
DSP input not registered  
DSP instance u_replay/g_array.u_array/u_array/u_ref/g_row[15].g_col[21].u_pe/u_mul/u_dsp is not fully pipelined on the input side. AREG/BREG/CREG/DREG are not used.
Related violations: <none>

SYNTH-12#303 Warning
DSP input not registered  
DSP instance u_replay/g_array.u_array/u_array/u_ref/g_row[15].g_col[22].u_pe/u_mul/u_dsp is not fully pipelined on the input side. AREG/BREG/CREG/DREG are not used.
Related violations: <none>

SYNTH-12#304 Warning
DSP input not registered  
DSP instance u_replay/g_array.u_array/u_array/u_ref/g_row[15].g_col[23].u_pe/u_mul/u_dsp is not fully pipelined on the input side. AREG/BREG/CREG/DREG are not used.
Related violations: <none>

SYNTH-12#305 Warning
DSP input not registered  
DSP instance u_replay/g_array.u_array/u_array/u_ref/g_row[15].g_col[24].u_pe/u_mul/u_dsp is not fully pipelined on the input side. AREG/BREG/CREG/DREG are not used.
Related violations: <none>

SYNTH-12#306 Warning
DSP input not registered  
DSP instance u_replay/g_array.u_array/u_array/u_ref/g_row[15].g_col[25].u_pe/u_mul/u_dsp is not fully pipelined on the input side. AREG/BREG/CREG/DREG are not used.
Related violations: <none>

SYNTH-12#307 Warning
DSP input not registered  
DSP instance u_replay/g_array.u_array/u_array/u_ref/g_row[15].g_col[26].u_pe/u_mul/u_dsp is not fully pipelined on the input side. AREG/BREG/CREG/DREG are not used.
Related violations: <none>

SYNTH-12#308 Warning
DSP input not registered  
DSP instance u_replay/g_array.u_array/u_array/u_ref/g_row[15].g_col[27].u_pe/u_mul/u_dsp is not fully pipelined on the input side. AREG/BREG/CREG/DREG are not used.
Related violations: <none>

SYNTH-12#309 Warning
DSP input not registered  
DSP instance u_replay/g_array.u_array/u_array/u_ref/g_row[15].g_col[28].u_pe/u_mul/u_dsp is not fully pipelined on the input side. AREG/BREG/CREG/DREG are not used.
Related violations: <none>

SYNTH-12#310 Warning
DSP input not registered  
DSP instance u_replay/g_array.u_array/u_array/u_ref/g_row[15].g_col[29].u_pe/u_mul/u_dsp is not fully pipelined on the input side. AREG/BREG/CREG/DREG are not used.
Related violations: <none>

SYNTH-12#311 Warning
DSP input not registered  
DSP instance u_replay/g_array.u_array/u_array/u_ref/g_row[15].g_col[2].u_pe/u_mul/u_dsp is not fully pipelined on the input side. AREG/BREG/CREG/DREG are not used.
Related violations: <none>

SYNTH-12#312 Warning
DSP input not registered  
DSP instance u_replay/g_array.u_array/u_array/u_ref/g_row[15].g_col[30].u_pe/u_mul/u_dsp is not fully pipelined on the input side. AREG/BREG/CREG/DREG are not used.
Related violations: <none>

SYNTH-12#313 Warning
DSP input not registered  
DSP instance u_replay/g_array.u_array/u_array/u_ref/g_row[15].g_col[31].u_pe/u_mul/u_dsp is not fully pipelined on the input side. AREG/BREG/CREG/DREG are not used.
Related violations: <none>

SYNTH-12#314 Warning
DSP input not registered  
DSP instance u_replay/g_array.u_array/u_array/u_ref/g_row[15].g_col[32].u_pe/u_mul/u_dsp is not fully pipelined on the input side. AREG/BREG/CREG/DREG are not used.
Related violations: <none>

SYNTH-12#315 Warning
DSP input not registered  
DSP instance u_replay/g_array.u_array/u_array/u_ref/g_row[15].g_col[33].u_pe/u_mul/u_dsp is not fully pipelined on the input side. AREG/BREG/CREG/DREG are not used.
Related violations: <none>

SYNTH-12#316 Warning
DSP input not registered  
DSP instance u_replay/g_array.u_array/u_array/u_ref/g_row[15].g_col[34].u_pe/u_mul/u_dsp is not fully pipelined on the input side. AREG/BREG/CREG/DREG are not used.
Related violations: <none>

SYNTH-12#317 Warning
DSP input not registered  
DSP instance u_replay/g_array.u_array/u_array/u_ref/g_row[15].g_col[35].u_pe/u_mul/u_dsp is not fully pipelined on the input side. AREG/BREG/CREG/DREG are not used.
Related violations: <none>

SYNTH-12#318 Warning
DSP input not registered  
DSP instance u_replay/g_array.u_array/u_array/u_ref/g_row[15].g_col[36].u_pe/u_mul/u_dsp is not fully pipelined on the input side. AREG/BREG/CREG/DREG are not used.
Related violations: <none>

SYNTH-12#319 Warning
DSP input not registered  
DSP instance u_replay/g_array.u_array/u_array/u_ref/g_row[15].g_col[37].u_pe/u_mul/u_dsp is not fully pipelined on the input side. AREG/BREG/CREG/DREG are not used.
Related violations: <none>

SYNTH-12#320 Warning
DSP input not registered  
DSP instance u_replay/g_array.u_array/u_array/u_ref/g_row[15].g_col[38].u_pe/u_mul/u_dsp is not fully pipelined on the input side. AREG/BREG/CREG/DREG are not used.
Related violations: <none>

SYNTH-12#321 Warning
DSP input not registered  
DSP instance u_replay/g_array.u_array/u_array/u_ref/g_row[15].g_col[39].u_pe/u_mul/u_dsp is not fully pipelined on the input side. AREG/BREG/CREG/DREG are not used.
Related violations: <none>

SYNTH-12#322 Warning
DSP input not registered  
DSP instance u_replay/g_array.u_array/u_array/u_ref/g_row[15].g_col[3].u_pe/u_mul/u_dsp is not fully pipelined on the input side. AREG/BREG/CREG/DREG are not used.
Related violations: <none>

SYNTH-12#323 Warning
DSP input not registered  
DSP instance u_replay/g_array.u_array/u_array/u_ref/g_row[15].g_col[40].u_pe/u_mul/u_dsp is not fully pipelined on the input side. AREG/BREG/CREG/DREG are not used.
Related violations: <none>

SYNTH-12#324 Warning
DSP input not registered  
DSP instance u_replay/g_array.u_array/u_array/u_ref/g_row[15].g_col[41].u_pe/u_mul/u_dsp is not fully pipelined on the input side. AREG/BREG/CREG/DREG are not used.
Related violations: <none>

SYNTH-12#325 Warning
DSP input not registered  
DSP instance u_replay/g_array.u_array/u_array/u_ref/g_row[15].g_col[42].u_pe/u_mul/u_dsp is not fully pipelined on the input side. AREG/BREG/CREG/DREG are not used.
Related violations: <none>

SYNTH-12#326 Warning
DSP input not registered  
DSP instance u_replay/g_array.u_array/u_array/u_ref/g_row[15].g_col[43].u_pe/u_mul/u_dsp is not fully pipelined on the input side. AREG/BREG/CREG/DREG are not used.
Related violations: <none>

SYNTH-12#327 Warning
DSP input not registered  
DSP instance u_replay/g_array.u_array/u_array/u_ref/g_row[15].g_col[44].u_pe/u_mul/u_dsp is not fully pipelined on the input side. AREG/BREG/CREG/DREG are not used.
Related violations: <none>

SYNTH-12#328 Warning
DSP input not registered  
DSP instance u_replay/g_array.u_array/u_array/u_ref/g_row[15].g_col[45].u_pe/u_mul/u_dsp is not fully pipelined on the input side. AREG/BREG/CREG/DREG are not used.
Related violations: <none>

SYNTH-12#329 Warning
DSP input not registered  
DSP instance u_replay/g_array.u_array/u_array/u_ref/g_row[15].g_col[46].u_pe/u_mul/u_dsp is not fully pipelined on the input side. AREG/BREG/CREG/DREG are not used.
Related violations: <none>

SYNTH-12#330 Warning
DSP input not registered  
DSP instance u_replay/g_array.u_array/u_array/u_ref/g_row[15].g_col[47].u_pe/u_mul/u_dsp is not fully pipelined on the input side. AREG/BREG/CREG/DREG are not used.
Related violations: <none>

SYNTH-12#331 Warning
DSP input not registered  
DSP instance u_replay/g_array.u_array/u_array/u_ref/g_row[15].g_col[4].u_pe/u_mul/u_dsp is not fully pipelined on the input side. AREG/BREG/CREG/DREG are not used.
Related violations: <none>

SYNTH-12#332 Warning
DSP input not registered  
DSP instance u_replay/g_array.u_array/u_array/u_ref/g_row[15].g_col[5].u_pe/u_mul/u_dsp is not fully pipelined on the input side. AREG/BREG/CREG/DREG are not used.
Related violations: <none>

SYNTH-12#333 Warning
DSP input not registered  
DSP instance u_replay/g_array.u_array/u_array/u_ref/g_row[15].g_col[6].u_pe/u_mul/u_dsp is not fully pipelined on the input side. AREG/BREG/CREG/DREG are not used.
Related violations: <none>

SYNTH-12#334 Warning
DSP input not registered  
DSP instance u_replay/g_array.u_array/u_array/u_ref/g_row[15].g_col[7].u_pe/u_mul/u_dsp is not fully pipelined on the input side. AREG/BREG/CREG/DREG are not used.
Related violations: <none>

SYNTH-12#335 Warning
DSP input not registered  
DSP instance u_replay/g_array.u_array/u_array/u_ref/g_row[15].g_col[8].u_pe/u_mul/u_dsp is not fully pipelined on the input side. AREG/BREG/CREG/DREG are not used.
Related violations: <none>

SYNTH-12#336 Warning
DSP input not registered  
DSP instance u_replay/g_array.u_array/u_array/u_ref/g_row[15].g_col[9].u_pe/u_mul/u_dsp is not fully pipelined on the input side. AREG/BREG/CREG/DREG are not used.
Related violations: <none>

SYNTH-12#337 Warning
DSP input not registered  
DSP instance u_replay/g_array.u_array/u_array/u_ref/g_row[1].g_col[0].u_pe/u_mul/u_dsp is not fully pipelined on the input side. AREG/BREG/CREG/DREG are not used.
Related violations: <none>

SYNTH-12#338 Warning
DSP input not registered  
DSP instance u_replay/g_array.u_array/u_array/u_ref/g_row[1].g_col[10].u_pe/u_mul/u_dsp is not fully pipelined on the input side. AREG/BREG/CREG/DREG are not used.
Related violations: <none>

SYNTH-12#339 Warning
DSP input not registered  
DSP instance u_replay/g_array.u_array/u_array/u_ref/g_row[1].g_col[11].u_pe/u_mul/u_dsp is not fully pipelined on the input side. AREG/BREG/CREG/DREG are not used.
Related violations: <none>

SYNTH-12#340 Warning
DSP input not registered  
DSP instance u_replay/g_array.u_array/u_array/u_ref/g_row[1].g_col[12].u_pe/u_mul/u_dsp is not fully pipelined on the input side. AREG/BREG/CREG/DREG are not used.
Related violations: <none>

SYNTH-12#341 Warning
DSP input not registered  
DSP instance u_replay/g_array.u_array/u_array/u_ref/g_row[1].g_col[13].u_pe/u_mul/u_dsp is not fully pipelined on the input side. AREG/BREG/CREG/DREG are not used.
Related violations: <none>

SYNTH-12#342 Warning
DSP input not registered  
DSP instance u_replay/g_array.u_array/u_array/u_ref/g_row[1].g_col[14].u_pe/u_mul/u_dsp is not fully pipelined on the input side. AREG/BREG/CREG/DREG are not used.
Related violations: <none>

SYNTH-12#343 Warning
DSP input not registered  
DSP instance u_replay/g_array.u_array/u_array/u_ref/g_row[1].g_col[15].u_pe/u_mul/u_dsp is not fully pipelined on the input side. AREG/BREG/CREG/DREG are not used.
Related violations: <none>

SYNTH-12#344 Warning
DSP input not registered  
DSP instance u_replay/g_array.u_array/u_array/u_ref/g_row[1].g_col[16].u_pe/u_mul/u_dsp is not fully pipelined on the input side. AREG/BREG/CREG/DREG are not used.
Related violations: <none>

SYNTH-12#345 Warning
DSP input not registered  
DSP instance u_replay/g_array.u_array/u_array/u_ref/g_row[1].g_col[17].u_pe/u_mul/u_dsp is not fully pipelined on the input side. AREG/BREG/CREG/DREG are not used.
Related violations: <none>

SYNTH-12#346 Warning
DSP input not registered  
DSP instance u_replay/g_array.u_array/u_array/u_ref/g_row[1].g_col[18].u_pe/u_mul/u_dsp is not fully pipelined on the input side. AREG/BREG/CREG/DREG are not used.
Related violations: <none>

SYNTH-12#347 Warning
DSP input not registered  
DSP instance u_replay/g_array.u_array/u_array/u_ref/g_row[1].g_col[19].u_pe/u_mul/u_dsp is not fully pipelined on the input side. AREG/BREG/CREG/DREG are not used.
Related violations: <none>

SYNTH-12#348 Warning
DSP input not registered  
DSP instance u_replay/g_array.u_array/u_array/u_ref/g_row[1].g_col[1].u_pe/u_mul/u_dsp is not fully pipelined on the input side. AREG/BREG/CREG/DREG are not used.
Related violations: <none>

SYNTH-12#349 Warning
DSP input not registered  
DSP instance u_replay/g_array.u_array/u_array/u_ref/g_row[1].g_col[20].u_pe/u_mul/u_dsp is not fully pipelined on the input side. AREG/BREG/CREG/DREG are not used.
Related violations: <none>

SYNTH-12#350 Warning
DSP input not registered  
DSP instance u_replay/g_array.u_array/u_array/u_ref/g_row[1].g_col[21].u_pe/u_mul/u_dsp is not fully pipelined on the input side. AREG/BREG/CREG/DREG are not used.
Related violations: <none>

SYNTH-12#351 Warning
DSP input not registered  
DSP instance u_replay/g_array.u_array/u_array/u_ref/g_row[1].g_col[22].u_pe/u_mul/u_dsp is not fully pipelined on the input side. AREG/BREG/CREG/DREG are not used.
Related violations: <none>

SYNTH-12#352 Warning
DSP input not registered  
DSP instance u_replay/g_array.u_array/u_array/u_ref/g_row[1].g_col[23].u_pe/u_mul/u_dsp is not fully pipelined on the input side. AREG/BREG/CREG/DREG are not used.
Related violations: <none>

SYNTH-12#353 Warning
DSP input not registered  
DSP instance u_replay/g_array.u_array/u_array/u_ref/g_row[1].g_col[24].u_pe/u_mul/u_dsp is not fully pipelined on the input side. AREG/BREG/CREG/DREG are not used.
Related violations: <none>

SYNTH-12#354 Warning
DSP input not registered  
DSP instance u_replay/g_array.u_array/u_array/u_ref/g_row[1].g_col[25].u_pe/u_mul/u_dsp is not fully pipelined on the input side. AREG/BREG/CREG/DREG are not used.
Related violations: <none>

SYNTH-12#355 Warning
DSP input not registered  
DSP instance u_replay/g_array.u_array/u_array/u_ref/g_row[1].g_col[26].u_pe/u_mul/u_dsp is not fully pipelined on the input side. AREG/BREG/CREG/DREG are not used.
Related violations: <none>

SYNTH-12#356 Warning
DSP input not registered  
DSP instance u_replay/g_array.u_array/u_array/u_ref/g_row[1].g_col[27].u_pe/u_mul/u_dsp is not fully pipelined on the input side. AREG/BREG/CREG/DREG are not used.
Related violations: <none>

SYNTH-12#357 Warning
DSP input not registered  
DSP instance u_replay/g_array.u_array/u_array/u_ref/g_row[1].g_col[28].u_pe/u_mul/u_dsp is not fully pipelined on the input side. AREG/BREG/CREG/DREG are not used.
Related violations: <none>

SYNTH-12#358 Warning
DSP input not registered  
DSP instance u_replay/g_array.u_array/u_array/u_ref/g_row[1].g_col[29].u_pe/u_mul/u_dsp is not fully pipelined on the input side. AREG/BREG/CREG/DREG are not used.
Related violations: <none>

SYNTH-12#359 Warning
DSP input not registered  
DSP instance u_replay/g_array.u_array/u_array/u_ref/g_row[1].g_col[2].u_pe/u_mul/u_dsp is not fully pipelined on the input side. AREG/BREG/CREG/DREG are not used.
Related violations: <none>

SYNTH-12#360 Warning
DSP input not registered  
DSP instance u_replay/g_array.u_array/u_array/u_ref/g_row[1].g_col[30].u_pe/u_mul/u_dsp is not fully pipelined on the input side. AREG/BREG/CREG/DREG are not used.
Related violations: <none>

SYNTH-12#361 Warning
DSP input not registered  
DSP instance u_replay/g_array.u_array/u_array/u_ref/g_row[1].g_col[31].u_pe/u_mul/u_dsp is not fully pipelined on the input side. AREG/BREG/CREG/DREG are not used.
Related violations: <none>

SYNTH-12#362 Warning
DSP input not registered  
DSP instance u_replay/g_array.u_array/u_array/u_ref/g_row[1].g_col[32].u_pe/u_mul/u_dsp is not fully pipelined on the input side. AREG/BREG/CREG/DREG are not used.
Related violations: <none>

SYNTH-12#363 Warning
DSP input not registered  
DSP instance u_replay/g_array.u_array/u_array/u_ref/g_row[1].g_col[33].u_pe/u_mul/u_dsp is not fully pipelined on the input side. AREG/BREG/CREG/DREG are not used.
Related violations: <none>

SYNTH-12#364 Warning
DSP input not registered  
DSP instance u_replay/g_array.u_array/u_array/u_ref/g_row[1].g_col[34].u_pe/u_mul/u_dsp is not fully pipelined on the input side. AREG/BREG/CREG/DREG are not used.
Related violations: <none>

SYNTH-12#365 Warning
DSP input not registered  
DSP instance u_replay/g_array.u_array/u_array/u_ref/g_row[1].g_col[35].u_pe/u_mul/u_dsp is not fully pipelined on the input side. AREG/BREG/CREG/DREG are not used.
Related violations: <none>

SYNTH-12#366 Warning
DSP input not registered  
DSP instance u_replay/g_array.u_array/u_array/u_ref/g_row[1].g_col[36].u_pe/u_mul/u_dsp is not fully pipelined on the input side. AREG/BREG/CREG/DREG are not used.
Related violations: <none>

SYNTH-12#367 Warning
DSP input not registered  
DSP instance u_replay/g_array.u_array/u_array/u_ref/g_row[1].g_col[37].u_pe/u_mul/u_dsp is not fully pipelined on the input side. AREG/BREG/CREG/DREG are not used.
Related violations: <none>

SYNTH-12#368 Warning
DSP input not registered  
DSP instance u_replay/g_array.u_array/u_array/u_ref/g_row[1].g_col[38].u_pe/u_mul/u_dsp is not fully pipelined on the input side. AREG/BREG/CREG/DREG are not used.
Related violations: <none>

SYNTH-12#369 Warning
DSP input not registered  
DSP instance u_replay/g_array.u_array/u_array/u_ref/g_row[1].g_col[39].u_pe/u_mul/u_dsp is not fully pipelined on the input side. AREG/BREG/CREG/DREG are not used.
Related violations: <none>

SYNTH-12#370 Warning
DSP input not registered  
DSP instance u_replay/g_array.u_array/u_array/u_ref/g_row[1].g_col[3].u_pe/u_mul/u_dsp is not fully pipelined on the input side. AREG/BREG/CREG/DREG are not used.
Related violations: <none>

SYNTH-12#371 Warning
DSP input not registered  
DSP instance u_replay/g_array.u_array/u_array/u_ref/g_row[1].g_col[40].u_pe/u_mul/u_dsp is not fully pipelined on the input side. AREG/BREG/CREG/DREG are not used.
Related violations: <none>

SYNTH-12#372 Warning
DSP input not registered  
DSP instance u_replay/g_array.u_array/u_array/u_ref/g_row[1].g_col[41].u_pe/u_mul/u_dsp is not fully pipelined on the input side. AREG/BREG/CREG/DREG are not used.
Related violations: <none>

SYNTH-12#373 Warning
DSP input not registered  
DSP instance u_replay/g_array.u_array/u_array/u_ref/g_row[1].g_col[42].u_pe/u_mul/u_dsp is not fully pipelined on the input side. AREG/BREG/CREG/DREG are not used.
Related violations: <none>

SYNTH-12#374 Warning
DSP input not registered  
DSP instance u_replay/g_array.u_array/u_array/u_ref/g_row[1].g_col[43].u_pe/u_mul/u_dsp is not fully pipelined on the input side. AREG/BREG/CREG/DREG are not used.
Related violations: <none>

SYNTH-12#375 Warning
DSP input not registered  
DSP instance u_replay/g_array.u_array/u_array/u_ref/g_row[1].g_col[44].u_pe/u_mul/u_dsp is not fully pipelined on the input side. AREG/BREG/CREG/DREG are not used.
Related violations: <none>

SYNTH-12#376 Warning
DSP input not registered  
DSP instance u_replay/g_array.u_array/u_array/u_ref/g_row[1].g_col[45].u_pe/u_mul/u_dsp is not fully pipelined on the input side. AREG/BREG/CREG/DREG are not used.
Related violations: <none>

SYNTH-12#377 Warning
DSP input not registered  
DSP instance u_replay/g_array.u_array/u_array/u_ref/g_row[1].g_col[46].u_pe/u_mul/u_dsp is not fully pipelined on the input side. AREG/BREG/CREG/DREG are not used.
Related violations: <none>

SYNTH-12#378 Warning
DSP input not registered  
DSP instance u_replay/g_array.u_array/u_array/u_ref/g_row[1].g_col[47].u_pe/u_mul/u_dsp is not fully pipelined on the input side. AREG/BREG/CREG/DREG are not used.
Related violations: <none>

SYNTH-12#379 Warning
DSP input not registered  
DSP instance u_replay/g_array.u_array/u_array/u_ref/g_row[1].g_col[4].u_pe/u_mul/u_dsp is not fully pipelined on the input side. AREG/BREG/CREG/DREG are not used.
Related violations: <none>

SYNTH-12#380 Warning
DSP input not registered  
DSP instance u_replay/g_array.u_array/u_array/u_ref/g_row[1].g_col[5].u_pe/u_mul/u_dsp is not fully pipelined on the input side. AREG/BREG/CREG/DREG are not used.
Related violations: <none>

SYNTH-12#381 Warning
DSP input not registered  
DSP instance u_replay/g_array.u_array/u_array/u_ref/g_row[1].g_col[6].u_pe/u_mul/u_dsp is not fully pipelined on the input side. AREG/BREG/CREG/DREG are not used.
Related violations: <none>

SYNTH-12#382 Warning
DSP input not registered  
DSP instance u_replay/g_array.u_array/u_array/u_ref/g_row[1].g_col[7].u_pe/u_mul/u_dsp is not fully pipelined on the input side. AREG/BREG/CREG/DREG are not used.
Related violations: <none>

SYNTH-12#383 Warning
DSP input not registered  
DSP instance u_replay/g_array.u_array/u_array/u_ref/g_row[1].g_col[8].u_pe/u_mul/u_dsp is not fully pipelined on the input side. AREG/BREG/CREG/DREG are not used.
Related violations: <none>

SYNTH-12#384 Warning
DSP input not registered  
DSP instance u_replay/g_array.u_array/u_array/u_ref/g_row[1].g_col[9].u_pe/u_mul/u_dsp is not fully pipelined on the input side. AREG/BREG/CREG/DREG are not used.
Related violations: <none>

SYNTH-12#385 Warning
DSP input not registered  
DSP instance u_replay/g_array.u_array/u_array/u_ref/g_row[2].g_col[0].u_pe/u_mul/u_dsp is not fully pipelined on the input side. AREG/BREG/CREG/DREG are not used.
Related violations: <none>

SYNTH-12#386 Warning
DSP input not registered  
DSP instance u_replay/g_array.u_array/u_array/u_ref/g_row[2].g_col[10].u_pe/u_mul/u_dsp is not fully pipelined on the input side. AREG/BREG/CREG/DREG are not used.
Related violations: <none>

SYNTH-12#387 Warning
DSP input not registered  
DSP instance u_replay/g_array.u_array/u_array/u_ref/g_row[2].g_col[11].u_pe/u_mul/u_dsp is not fully pipelined on the input side. AREG/BREG/CREG/DREG are not used.
Related violations: <none>

SYNTH-12#388 Warning
DSP input not registered  
DSP instance u_replay/g_array.u_array/u_array/u_ref/g_row[2].g_col[12].u_pe/u_mul/u_dsp is not fully pipelined on the input side. AREG/BREG/CREG/DREG are not used.
Related violations: <none>

SYNTH-12#389 Warning
DSP input not registered  
DSP instance u_replay/g_array.u_array/u_array/u_ref/g_row[2].g_col[13].u_pe/u_mul/u_dsp is not fully pipelined on the input side. AREG/BREG/CREG/DREG are not used.
Related violations: <none>

SYNTH-12#390 Warning
DSP input not registered  
DSP instance u_replay/g_array.u_array/u_array/u_ref/g_row[2].g_col[14].u_pe/u_mul/u_dsp is not fully pipelined on the input side. AREG/BREG/CREG/DREG are not used.
Related violations: <none>

SYNTH-12#391 Warning
DSP input not registered  
DSP instance u_replay/g_array.u_array/u_array/u_ref/g_row[2].g_col[15].u_pe/u_mul/u_dsp is not fully pipelined on the input side. AREG/BREG/CREG/DREG are not used.
Related violations: <none>

SYNTH-12#392 Warning
DSP input not registered  
DSP instance u_replay/g_array.u_array/u_array/u_ref/g_row[2].g_col[16].u_pe/u_mul/u_dsp is not fully pipelined on the input side. AREG/BREG/CREG/DREG are not used.
Related violations: <none>

SYNTH-12#393 Warning
DSP input not registered  
DSP instance u_replay/g_array.u_array/u_array/u_ref/g_row[2].g_col[17].u_pe/u_mul/u_dsp is not fully pipelined on the input side. AREG/BREG/CREG/DREG are not used.
Related violations: <none>

SYNTH-12#394 Warning
DSP input not registered  
DSP instance u_replay/g_array.u_array/u_array/u_ref/g_row[2].g_col[18].u_pe/u_mul/u_dsp is not fully pipelined on the input side. AREG/BREG/CREG/DREG are not used.
Related violations: <none>

SYNTH-12#395 Warning
DSP input not registered  
DSP instance u_replay/g_array.u_array/u_array/u_ref/g_row[2].g_col[19].u_pe/u_mul/u_dsp is not fully pipelined on the input side. AREG/BREG/CREG/DREG are not used.
Related violations: <none>

SYNTH-12#396 Warning
DSP input not registered  
DSP instance u_replay/g_array.u_array/u_array/u_ref/g_row[2].g_col[1].u_pe/u_mul/u_dsp is not fully pipelined on the input side. AREG/BREG/CREG/DREG are not used.
Related violations: <none>

SYNTH-12#397 Warning
DSP input not registered  
DSP instance u_replay/g_array.u_array/u_array/u_ref/g_row[2].g_col[20].u_pe/u_mul/u_dsp is not fully pipelined on the input side. AREG/BREG/CREG/DREG are not used.
Related violations: <none>

SYNTH-12#398 Warning
DSP input not registered  
DSP instance u_replay/g_array.u_array/u_array/u_ref/g_row[2].g_col[21].u_pe/u_mul/u_dsp is not fully pipelined on the input side. AREG/BREG/CREG/DREG are not used.
Related violations: <none>

SYNTH-12#399 Warning
DSP input not registered  
DSP instance u_replay/g_array.u_array/u_array/u_ref/g_row[2].g_col[22].u_pe/u_mul/u_dsp is not fully pipelined on the input side. AREG/BREG/CREG/DREG are not used.
Related violations: <none>

SYNTH-12#400 Warning
DSP input not registered  
DSP instance u_replay/g_array.u_array/u_array/u_ref/g_row[2].g_col[23].u_pe/u_mul/u_dsp is not fully pipelined on the input side. AREG/BREG/CREG/DREG are not used.
Related violations: <none>

SYNTH-12#401 Warning
DSP input not registered  
DSP instance u_replay/g_array.u_array/u_array/u_ref/g_row[2].g_col[24].u_pe/u_mul/u_dsp is not fully pipelined on the input side. AREG/BREG/CREG/DREG are not used.
Related violations: <none>

SYNTH-12#402 Warning
DSP input not registered  
DSP instance u_replay/g_array.u_array/u_array/u_ref/g_row[2].g_col[25].u_pe/u_mul/u_dsp is not fully pipelined on the input side. AREG/BREG/CREG/DREG are not used.
Related violations: <none>

SYNTH-12#403 Warning
DSP input not registered  
DSP instance u_replay/g_array.u_array/u_array/u_ref/g_row[2].g_col[26].u_pe/u_mul/u_dsp is not fully pipelined on the input side. AREG/BREG/CREG/DREG are not used.
Related violations: <none>

SYNTH-12#404 Warning
DSP input not registered  
DSP instance u_replay/g_array.u_array/u_array/u_ref/g_row[2].g_col[27].u_pe/u_mul/u_dsp is not fully pipelined on the input side. AREG/BREG/CREG/DREG are not used.
Related violations: <none>

SYNTH-12#405 Warning
DSP input not registered  
DSP instance u_replay/g_array.u_array/u_array/u_ref/g_row[2].g_col[28].u_pe/u_mul/u_dsp is not fully pipelined on the input side. AREG/BREG/CREG/DREG are not used.
Related violations: <none>

SYNTH-12#406 Warning
DSP input not registered  
DSP instance u_replay/g_array.u_array/u_array/u_ref/g_row[2].g_col[29].u_pe/u_mul/u_dsp is not fully pipelined on the input side. AREG/BREG/CREG/DREG are not used.
Related violations: <none>

SYNTH-12#407 Warning
DSP input not registered  
DSP instance u_replay/g_array.u_array/u_array/u_ref/g_row[2].g_col[2].u_pe/u_mul/u_dsp is not fully pipelined on the input side. AREG/BREG/CREG/DREG are not used.
Related violations: <none>

SYNTH-12#408 Warning
DSP input not registered  
DSP instance u_replay/g_array.u_array/u_array/u_ref/g_row[2].g_col[30].u_pe/u_mul/u_dsp is not fully pipelined on the input side. AREG/BREG/CREG/DREG are not used.
Related violations: <none>

SYNTH-12#409 Warning
DSP input not registered  
DSP instance u_replay/g_array.u_array/u_array/u_ref/g_row[2].g_col[31].u_pe/u_mul/u_dsp is not fully pipelined on the input side. AREG/BREG/CREG/DREG are not used.
Related violations: <none>

SYNTH-12#410 Warning
DSP input not registered  
DSP instance u_replay/g_array.u_array/u_array/u_ref/g_row[2].g_col[32].u_pe/u_mul/u_dsp is not fully pipelined on the input side. AREG/BREG/CREG/DREG are not used.
Related violations: <none>

SYNTH-12#411 Warning
DSP input not registered  
DSP instance u_replay/g_array.u_array/u_array/u_ref/g_row[2].g_col[33].u_pe/u_mul/u_dsp is not fully pipelined on the input side. AREG/BREG/CREG/DREG are not used.
Related violations: <none>

SYNTH-12#412 Warning
DSP input not registered  
DSP instance u_replay/g_array.u_array/u_array/u_ref/g_row[2].g_col[34].u_pe/u_mul/u_dsp is not fully pipelined on the input side. AREG/BREG/CREG/DREG are not used.
Related violations: <none>

SYNTH-12#413 Warning
DSP input not registered  
DSP instance u_replay/g_array.u_array/u_array/u_ref/g_row[2].g_col[35].u_pe/u_mul/u_dsp is not fully pipelined on the input side. AREG/BREG/CREG/DREG are not used.
Related violations: <none>

SYNTH-12#414 Warning
DSP input not registered  
DSP instance u_replay/g_array.u_array/u_array/u_ref/g_row[2].g_col[36].u_pe/u_mul/u_dsp is not fully pipelined on the input side. AREG/BREG/CREG/DREG are not used.
Related violations: <none>

SYNTH-12#415 Warning
DSP input not registered  
DSP instance u_replay/g_array.u_array/u_array/u_ref/g_row[2].g_col[37].u_pe/u_mul/u_dsp is not fully pipelined on the input side. AREG/BREG/CREG/DREG are not used.
Related violations: <none>

SYNTH-12#416 Warning
DSP input not registered  
DSP instance u_replay/g_array.u_array/u_array/u_ref/g_row[2].g_col[38].u_pe/u_mul/u_dsp is not fully pipelined on the input side. AREG/BREG/CREG/DREG are not used.
Related violations: <none>

SYNTH-12#417 Warning
DSP input not registered  
DSP instance u_replay/g_array.u_array/u_array/u_ref/g_row[2].g_col[39].u_pe/u_mul/u_dsp is not fully pipelined on the input side. AREG/BREG/CREG/DREG are not used.
Related violations: <none>

SYNTH-12#418 Warning
DSP input not registered  
DSP instance u_replay/g_array.u_array/u_array/u_ref/g_row[2].g_col[3].u_pe/u_mul/u_dsp is not fully pipelined on the input side. AREG/BREG/CREG/DREG are not used.
Related violations: <none>

SYNTH-12#419 Warning
DSP input not registered  
DSP instance u_replay/g_array.u_array/u_array/u_ref/g_row[2].g_col[40].u_pe/u_mul/u_dsp is not fully pipelined on the input side. AREG/BREG/CREG/DREG are not used.
Related violations: <none>

SYNTH-12#420 Warning
DSP input not registered  
DSP instance u_replay/g_array.u_array/u_array/u_ref/g_row[2].g_col[41].u_pe/u_mul/u_dsp is not fully pipelined on the input side. AREG/BREG/CREG/DREG are not used.
Related violations: <none>

SYNTH-12#421 Warning
DSP input not registered  
DSP instance u_replay/g_array.u_array/u_array/u_ref/g_row[2].g_col[42].u_pe/u_mul/u_dsp is not fully pipelined on the input side. AREG/BREG/CREG/DREG are not used.
Related violations: <none>

SYNTH-12#422 Warning
DSP input not registered  
DSP instance u_replay/g_array.u_array/u_array/u_ref/g_row[2].g_col[43].u_pe/u_mul/u_dsp is not fully pipelined on the input side. AREG/BREG/CREG/DREG are not used.
Related violations: <none>

SYNTH-12#423 Warning
DSP input not registered  
DSP instance u_replay/g_array.u_array/u_array/u_ref/g_row[2].g_col[44].u_pe/u_mul/u_dsp is not fully pipelined on the input side. AREG/BREG/CREG/DREG are not used.
Related violations: <none>

SYNTH-12#424 Warning
DSP input not registered  
DSP instance u_replay/g_array.u_array/u_array/u_ref/g_row[2].g_col[45].u_pe/u_mul/u_dsp is not fully pipelined on the input side. AREG/BREG/CREG/DREG are not used.
Related violations: <none>

SYNTH-12#425 Warning
DSP input not registered  
DSP instance u_replay/g_array.u_array/u_array/u_ref/g_row[2].g_col[46].u_pe/u_mul/u_dsp is not fully pipelined on the input side. AREG/BREG/CREG/DREG are not used.
Related violations: <none>

SYNTH-12#426 Warning
DSP input not registered  
DSP instance u_replay/g_array.u_array/u_array/u_ref/g_row[2].g_col[47].u_pe/u_mul/u_dsp is not fully pipelined on the input side. AREG/BREG/CREG/DREG are not used.
Related violations: <none>

SYNTH-12#427 Warning
DSP input not registered  
DSP instance u_replay/g_array.u_array/u_array/u_ref/g_row[2].g_col[4].u_pe/u_mul/u_dsp is not fully pipelined on the input side. AREG/BREG/CREG/DREG are not used.
Related violations: <none>

SYNTH-12#428 Warning
DSP input not registered  
DSP instance u_replay/g_array.u_array/u_array/u_ref/g_row[2].g_col[5].u_pe/u_mul/u_dsp is not fully pipelined on the input side. AREG/BREG/CREG/DREG are not used.
Related violations: <none>

SYNTH-12#429 Warning
DSP input not registered  
DSP instance u_replay/g_array.u_array/u_array/u_ref/g_row[2].g_col[6].u_pe/u_mul/u_dsp is not fully pipelined on the input side. AREG/BREG/CREG/DREG are not used.
Related violations: <none>

SYNTH-12#430 Warning
DSP input not registered  
DSP instance u_replay/g_array.u_array/u_array/u_ref/g_row[2].g_col[7].u_pe/u_mul/u_dsp is not fully pipelined on the input side. AREG/BREG/CREG/DREG are not used.
Related violations: <none>

SYNTH-12#431 Warning
DSP input not registered  
DSP instance u_replay/g_array.u_array/u_array/u_ref/g_row[2].g_col[8].u_pe/u_mul/u_dsp is not fully pipelined on the input side. AREG/BREG/CREG/DREG are not used.
Related violations: <none>

SYNTH-12#432 Warning
DSP input not registered  
DSP instance u_replay/g_array.u_array/u_array/u_ref/g_row[2].g_col[9].u_pe/u_mul/u_dsp is not fully pipelined on the input side. AREG/BREG/CREG/DREG are not used.
Related violations: <none>

SYNTH-12#433 Warning
DSP input not registered  
DSP instance u_replay/g_array.u_array/u_array/u_ref/g_row[3].g_col[0].u_pe/u_mul/u_dsp is not fully pipelined on the input side. AREG/BREG/CREG/DREG are not used.
Related violations: <none>

SYNTH-12#434 Warning
DSP input not registered  
DSP instance u_replay/g_array.u_array/u_array/u_ref/g_row[3].g_col[10].u_pe/u_mul/u_dsp is not fully pipelined on the input side. AREG/BREG/CREG/DREG are not used.
Related violations: <none>

SYNTH-12#435 Warning
DSP input not registered  
DSP instance u_replay/g_array.u_array/u_array/u_ref/g_row[3].g_col[11].u_pe/u_mul/u_dsp is not fully pipelined on the input side. AREG/BREG/CREG/DREG are not used.
Related violations: <none>

SYNTH-12#436 Warning
DSP input not registered  
DSP instance u_replay/g_array.u_array/u_array/u_ref/g_row[3].g_col[12].u_pe/u_mul/u_dsp is not fully pipelined on the input side. AREG/BREG/CREG/DREG are not used.
Related violations: <none>

SYNTH-12#437 Warning
DSP input not registered  
DSP instance u_replay/g_array.u_array/u_array/u_ref/g_row[3].g_col[13].u_pe/u_mul/u_dsp is not fully pipelined on the input side. AREG/BREG/CREG/DREG are not used.
Related violations: <none>

SYNTH-12#438 Warning
DSP input not registered  
DSP instance u_replay/g_array.u_array/u_array/u_ref/g_row[3].g_col[14].u_pe/u_mul/u_dsp is not fully pipelined on the input side. AREG/BREG/CREG/DREG are not used.
Related violations: <none>

SYNTH-12#439 Warning
DSP input not registered  
DSP instance u_replay/g_array.u_array/u_array/u_ref/g_row[3].g_col[15].u_pe/u_mul/u_dsp is not fully pipelined on the input side. AREG/BREG/CREG/DREG are not used.
Related violations: <none>

SYNTH-12#440 Warning
DSP input not registered  
DSP instance u_replay/g_array.u_array/u_array/u_ref/g_row[3].g_col[16].u_pe/u_mul/u_dsp is not fully pipelined on the input side. AREG/BREG/CREG/DREG are not used.
Related violations: <none>

SYNTH-12#441 Warning
DSP input not registered  
DSP instance u_replay/g_array.u_array/u_array/u_ref/g_row[3].g_col[17].u_pe/u_mul/u_dsp is not fully pipelined on the input side. AREG/BREG/CREG/DREG are not used.
Related violations: <none>

SYNTH-12#442 Warning
DSP input not registered  
DSP instance u_replay/g_array.u_array/u_array/u_ref/g_row[3].g_col[18].u_pe/u_mul/u_dsp is not fully pipelined on the input side. AREG/BREG/CREG/DREG are not used.
Related violations: <none>

SYNTH-12#443 Warning
DSP input not registered  
DSP instance u_replay/g_array.u_array/u_array/u_ref/g_row[3].g_col[19].u_pe/u_mul/u_dsp is not fully pipelined on the input side. AREG/BREG/CREG/DREG are not used.
Related violations: <none>

SYNTH-12#444 Warning
DSP input not registered  
DSP instance u_replay/g_array.u_array/u_array/u_ref/g_row[3].g_col[1].u_pe/u_mul/u_dsp is not fully pipelined on the input side. AREG/BREG/CREG/DREG are not used.
Related violations: <none>

SYNTH-12#445 Warning
DSP input not registered  
DSP instance u_replay/g_array.u_array/u_array/u_ref/g_row[3].g_col[20].u_pe/u_mul/u_dsp is not fully pipelined on the input side. AREG/BREG/CREG/DREG are not used.
Related violations: <none>

SYNTH-12#446 Warning
DSP input not registered  
DSP instance u_replay/g_array.u_array/u_array/u_ref/g_row[3].g_col[21].u_pe/u_mul/u_dsp is not fully pipelined on the input side. AREG/BREG/CREG/DREG are not used.
Related violations: <none>

SYNTH-12#447 Warning
DSP input not registered  
DSP instance u_replay/g_array.u_array/u_array/u_ref/g_row[3].g_col[22].u_pe/u_mul/u_dsp is not fully pipelined on the input side. AREG/BREG/CREG/DREG are not used.
Related violations: <none>

SYNTH-12#448 Warning
DSP input not registered  
DSP instance u_replay/g_array.u_array/u_array/u_ref/g_row[3].g_col[23].u_pe/u_mul/u_dsp is not fully pipelined on the input side. AREG/BREG/CREG/DREG are not used.
Related violations: <none>

SYNTH-12#449 Warning
DSP input not registered  
DSP instance u_replay/g_array.u_array/u_array/u_ref/g_row[3].g_col[24].u_pe/u_mul/u_dsp is not fully pipelined on the input side. AREG/BREG/CREG/DREG are not used.
Related violations: <none>

SYNTH-12#450 Warning
DSP input not registered  
DSP instance u_replay/g_array.u_array/u_array/u_ref/g_row[3].g_col[25].u_pe/u_mul/u_dsp is not fully pipelined on the input side. AREG/BREG/CREG/DREG are not used.
Related violations: <none>

SYNTH-12#451 Warning
DSP input not registered  
DSP instance u_replay/g_array.u_array/u_array/u_ref/g_row[3].g_col[26].u_pe/u_mul/u_dsp is not fully pipelined on the input side. AREG/BREG/CREG/DREG are not used.
Related violations: <none>

SYNTH-12#452 Warning
DSP input not registered  
DSP instance u_replay/g_array.u_array/u_array/u_ref/g_row[3].g_col[27].u_pe/u_mul/u_dsp is not fully pipelined on the input side. AREG/BREG/CREG/DREG are not used.
Related violations: <none>

SYNTH-12#453 Warning
DSP input not registered  
DSP instance u_replay/g_array.u_array/u_array/u_ref/g_row[3].g_col[28].u_pe/u_mul/u_dsp is not fully pipelined on the input side. AREG/BREG/CREG/DREG are not used.
Related violations: <none>

SYNTH-12#454 Warning
DSP input not registered  
DSP instance u_replay/g_array.u_array/u_array/u_ref/g_row[3].g_col[29].u_pe/u_mul/u_dsp is not fully pipelined on the input side. AREG/BREG/CREG/DREG are not used.
Related violations: <none>

SYNTH-12#455 Warning
DSP input not registered  
DSP instance u_replay/g_array.u_array/u_array/u_ref/g_row[3].g_col[2].u_pe/u_mul/u_dsp is not fully pipelined on the input side. AREG/BREG/CREG/DREG are not used.
Related violations: <none>

SYNTH-12#456 Warning
DSP input not registered  
DSP instance u_replay/g_array.u_array/u_array/u_ref/g_row[3].g_col[30].u_pe/u_mul/u_dsp is not fully pipelined on the input side. AREG/BREG/CREG/DREG are not used.
Related violations: <none>

SYNTH-12#457 Warning
DSP input not registered  
DSP instance u_replay/g_array.u_array/u_array/u_ref/g_row[3].g_col[31].u_pe/u_mul/u_dsp is not fully pipelined on the input side. AREG/BREG/CREG/DREG are not used.
Related violations: <none>

SYNTH-12#458 Warning
DSP input not registered  
DSP instance u_replay/g_array.u_array/u_array/u_ref/g_row[3].g_col[32].u_pe/u_mul/u_dsp is not fully pipelined on the input side. AREG/BREG/CREG/DREG are not used.
Related violations: <none>

SYNTH-12#459 Warning
DSP input not registered  
DSP instance u_replay/g_array.u_array/u_array/u_ref/g_row[3].g_col[33].u_pe/u_mul/u_dsp is not fully pipelined on the input side. AREG/BREG/CREG/DREG are not used.
Related violations: <none>

SYNTH-12#460 Warning
DSP input not registered  
DSP instance u_replay/g_array.u_array/u_array/u_ref/g_row[3].g_col[34].u_pe/u_mul/u_dsp is not fully pipelined on the input side. AREG/BREG/CREG/DREG are not used.
Related violations: <none>

SYNTH-12#461 Warning
DSP input not registered  
DSP instance u_replay/g_array.u_array/u_array/u_ref/g_row[3].g_col[35].u_pe/u_mul/u_dsp is not fully pipelined on the input side. AREG/BREG/CREG/DREG are not used.
Related violations: <none>

SYNTH-12#462 Warning
DSP input not registered  
DSP instance u_replay/g_array.u_array/u_array/u_ref/g_row[3].g_col[36].u_pe/u_mul/u_dsp is not fully pipelined on the input side. AREG/BREG/CREG/DREG are not used.
Related violations: <none>

SYNTH-12#463 Warning
DSP input not registered  
DSP instance u_replay/g_array.u_array/u_array/u_ref/g_row[3].g_col[37].u_pe/u_mul/u_dsp is not fully pipelined on the input side. AREG/BREG/CREG/DREG are not used.
Related violations: <none>

SYNTH-12#464 Warning
DSP input not registered  
DSP instance u_replay/g_array.u_array/u_array/u_ref/g_row[3].g_col[38].u_pe/u_mul/u_dsp is not fully pipelined on the input side. AREG/BREG/CREG/DREG are not used.
Related violations: <none>

SYNTH-12#465 Warning
DSP input not registered  
DSP instance u_replay/g_array.u_array/u_array/u_ref/g_row[3].g_col[39].u_pe/u_mul/u_dsp is not fully pipelined on the input side. AREG/BREG/CREG/DREG are not used.
Related violations: <none>

SYNTH-12#466 Warning
DSP input not registered  
DSP instance u_replay/g_array.u_array/u_array/u_ref/g_row[3].g_col[3].u_pe/u_mul/u_dsp is not fully pipelined on the input side. AREG/BREG/CREG/DREG are not used.
Related violations: <none>

SYNTH-12#467 Warning
DSP input not registered  
DSP instance u_replay/g_array.u_array/u_array/u_ref/g_row[3].g_col[40].u_pe/u_mul/u_dsp is not fully pipelined on the input side. AREG/BREG/CREG/DREG are not used.
Related violations: <none>

SYNTH-12#468 Warning
DSP input not registered  
DSP instance u_replay/g_array.u_array/u_array/u_ref/g_row[3].g_col[41].u_pe/u_mul/u_dsp is not fully pipelined on the input side. AREG/BREG/CREG/DREG are not used.
Related violations: <none>

SYNTH-12#469 Warning
DSP input not registered  
DSP instance u_replay/g_array.u_array/u_array/u_ref/g_row[3].g_col[42].u_pe/u_mul/u_dsp is not fully pipelined on the input side. AREG/BREG/CREG/DREG are not used.
Related violations: <none>

SYNTH-12#470 Warning
DSP input not registered  
DSP instance u_replay/g_array.u_array/u_array/u_ref/g_row[3].g_col[43].u_pe/u_mul/u_dsp is not fully pipelined on the input side. AREG/BREG/CREG/DREG are not used.
Related violations: <none>

SYNTH-12#471 Warning
DSP input not registered  
DSP instance u_replay/g_array.u_array/u_array/u_ref/g_row[3].g_col[44].u_pe/u_mul/u_dsp is not fully pipelined on the input side. AREG/BREG/CREG/DREG are not used.
Related violations: <none>

SYNTH-12#472 Warning
DSP input not registered  
DSP instance u_replay/g_array.u_array/u_array/u_ref/g_row[3].g_col[45].u_pe/u_mul/u_dsp is not fully pipelined on the input side. AREG/BREG/CREG/DREG are not used.
Related violations: <none>

SYNTH-12#473 Warning
DSP input not registered  
DSP instance u_replay/g_array.u_array/u_array/u_ref/g_row[3].g_col[46].u_pe/u_mul/u_dsp is not fully pipelined on the input side. AREG/BREG/CREG/DREG are not used.
Related violations: <none>

SYNTH-12#474 Warning
DSP input not registered  
DSP instance u_replay/g_array.u_array/u_array/u_ref/g_row[3].g_col[47].u_pe/u_mul/u_dsp is not fully pipelined on the input side. AREG/BREG/CREG/DREG are not used.
Related violations: <none>

SYNTH-12#475 Warning
DSP input not registered  
DSP instance u_replay/g_array.u_array/u_array/u_ref/g_row[3].g_col[4].u_pe/u_mul/u_dsp is not fully pipelined on the input side. AREG/BREG/CREG/DREG are not used.
Related violations: <none>

SYNTH-12#476 Warning
DSP input not registered  
DSP instance u_replay/g_array.u_array/u_array/u_ref/g_row[3].g_col[5].u_pe/u_mul/u_dsp is not fully pipelined on the input side. AREG/BREG/CREG/DREG are not used.
Related violations: <none>

SYNTH-12#477 Warning
DSP input not registered  
DSP instance u_replay/g_array.u_array/u_array/u_ref/g_row[3].g_col[6].u_pe/u_mul/u_dsp is not fully pipelined on the input side. AREG/BREG/CREG/DREG are not used.
Related violations: <none>

SYNTH-12#478 Warning
DSP input not registered  
DSP instance u_replay/g_array.u_array/u_array/u_ref/g_row[3].g_col[7].u_pe/u_mul/u_dsp is not fully pipelined on the input side. AREG/BREG/CREG/DREG are not used.
Related violations: <none>

SYNTH-12#479 Warning
DSP input not registered  
DSP instance u_replay/g_array.u_array/u_array/u_ref/g_row[3].g_col[8].u_pe/u_mul/u_dsp is not fully pipelined on the input side. AREG/BREG/CREG/DREG are not used.
Related violations: <none>

SYNTH-12#480 Warning
DSP input not registered  
DSP instance u_replay/g_array.u_array/u_array/u_ref/g_row[3].g_col[9].u_pe/u_mul/u_dsp is not fully pipelined on the input side. AREG/BREG/CREG/DREG are not used.
Related violations: <none>

SYNTH-12#481 Warning
DSP input not registered  
DSP instance u_replay/g_array.u_array/u_array/u_ref/g_row[4].g_col[0].u_pe/u_mul/u_dsp is not fully pipelined on the input side. AREG/BREG/CREG/DREG are not used.
Related violations: <none>

SYNTH-12#482 Warning
DSP input not registered  
DSP instance u_replay/g_array.u_array/u_array/u_ref/g_row[4].g_col[10].u_pe/u_mul/u_dsp is not fully pipelined on the input side. AREG/BREG/CREG/DREG are not used.
Related violations: <none>

SYNTH-12#483 Warning
DSP input not registered  
DSP instance u_replay/g_array.u_array/u_array/u_ref/g_row[4].g_col[11].u_pe/u_mul/u_dsp is not fully pipelined on the input side. AREG/BREG/CREG/DREG are not used.
Related violations: <none>

SYNTH-12#484 Warning
DSP input not registered  
DSP instance u_replay/g_array.u_array/u_array/u_ref/g_row[4].g_col[12].u_pe/u_mul/u_dsp is not fully pipelined on the input side. AREG/BREG/CREG/DREG are not used.
Related violations: <none>

SYNTH-12#485 Warning
DSP input not registered  
DSP instance u_replay/g_array.u_array/u_array/u_ref/g_row[4].g_col[13].u_pe/u_mul/u_dsp is not fully pipelined on the input side. AREG/BREG/CREG/DREG are not used.
Related violations: <none>

SYNTH-12#486 Warning
DSP input not registered  
DSP instance u_replay/g_array.u_array/u_array/u_ref/g_row[4].g_col[14].u_pe/u_mul/u_dsp is not fully pipelined on the input side. AREG/BREG/CREG/DREG are not used.
Related violations: <none>

SYNTH-12#487 Warning
DSP input not registered  
DSP instance u_replay/g_array.u_array/u_array/u_ref/g_row[4].g_col[15].u_pe/u_mul/u_dsp is not fully pipelined on the input side. AREG/BREG/CREG/DREG are not used.
Related violations: <none>

SYNTH-12#488 Warning
DSP input not registered  
DSP instance u_replay/g_array.u_array/u_array/u_ref/g_row[4].g_col[16].u_pe/u_mul/u_dsp is not fully pipelined on the input side. AREG/BREG/CREG/DREG are not used.
Related violations: <none>

SYNTH-12#489 Warning
DSP input not registered  
DSP instance u_replay/g_array.u_array/u_array/u_ref/g_row[4].g_col[17].u_pe/u_mul/u_dsp is not fully pipelined on the input side. AREG/BREG/CREG/DREG are not used.
Related violations: <none>

SYNTH-12#490 Warning
DSP input not registered  
DSP instance u_replay/g_array.u_array/u_array/u_ref/g_row[4].g_col[18].u_pe/u_mul/u_dsp is not fully pipelined on the input side. AREG/BREG/CREG/DREG are not used.
Related violations: <none>

SYNTH-12#491 Warning
DSP input not registered  
DSP instance u_replay/g_array.u_array/u_array/u_ref/g_row[4].g_col[19].u_pe/u_mul/u_dsp is not fully pipelined on the input side. AREG/BREG/CREG/DREG are not used.
Related violations: <none>

SYNTH-12#492 Warning
DSP input not registered  
DSP instance u_replay/g_array.u_array/u_array/u_ref/g_row[4].g_col[1].u_pe/u_mul/u_dsp is not fully pipelined on the input side. AREG/BREG/CREG/DREG are not used.
Related violations: <none>

SYNTH-12#493 Warning
DSP input not registered  
DSP instance u_replay/g_array.u_array/u_array/u_ref/g_row[4].g_col[20].u_pe/u_mul/u_dsp is not fully pipelined on the input side. AREG/BREG/CREG/DREG are not used.
Related violations: <none>

SYNTH-12#494 Warning
DSP input not registered  
DSP instance u_replay/g_array.u_array/u_array/u_ref/g_row[4].g_col[21].u_pe/u_mul/u_dsp is not fully pipelined on the input side. AREG/BREG/CREG/DREG are not used.
Related violations: <none>

SYNTH-12#495 Warning
DSP input not registered  
DSP instance u_replay/g_array.u_array/u_array/u_ref/g_row[4].g_col[22].u_pe/u_mul/u_dsp is not fully pipelined on the input side. AREG/BREG/CREG/DREG are not used.
Related violations: <none>

SYNTH-12#496 Warning
DSP input not registered  
DSP instance u_replay/g_array.u_array/u_array/u_ref/g_row[4].g_col[23].u_pe/u_mul/u_dsp is not fully pipelined on the input side. AREG/BREG/CREG/DREG are not used.
Related violations: <none>

SYNTH-12#497 Warning
DSP input not registered  
DSP instance u_replay/g_array.u_array/u_array/u_ref/g_row[4].g_col[24].u_pe/u_mul/u_dsp is not fully pipelined on the input side. AREG/BREG/CREG/DREG are not used.
Related violations: <none>

SYNTH-12#498 Warning
DSP input not registered  
DSP instance u_replay/g_array.u_array/u_array/u_ref/g_row[4].g_col[25].u_pe/u_mul/u_dsp is not fully pipelined on the input side. AREG/BREG/CREG/DREG are not used.
Related violations: <none>

SYNTH-12#499 Warning
DSP input not registered  
DSP instance u_replay/g_array.u_array/u_array/u_ref/g_row[4].g_col[26].u_pe/u_mul/u_dsp is not fully pipelined on the input side. AREG/BREG/CREG/DREG are not used.
Related violations: <none>

SYNTH-12#500 Warning
DSP input not registered  
DSP instance u_replay/g_array.u_array/u_array/u_ref/g_row[4].g_col[27].u_pe/u_mul/u_dsp is not fully pipelined on the input side. AREG/BREG/CREG/DREG are not used.
Related violations: <none>

SYNTH-12#501 Warning
DSP input not registered  
DSP instance u_replay/g_array.u_array/u_array/u_ref/g_row[4].g_col[28].u_pe/u_mul/u_dsp is not fully pipelined on the input side. AREG/BREG/CREG/DREG are not used.
Related violations: <none>

SYNTH-12#502 Warning
DSP input not registered  
DSP instance u_replay/g_array.u_array/u_array/u_ref/g_row[4].g_col[29].u_pe/u_mul/u_dsp is not fully pipelined on the input side. AREG/BREG/CREG/DREG are not used.
Related violations: <none>

SYNTH-12#503 Warning
DSP input not registered  
DSP instance u_replay/g_array.u_array/u_array/u_ref/g_row[4].g_col[2].u_pe/u_mul/u_dsp is not fully pipelined on the input side. AREG/BREG/CREG/DREG are not used.
Related violations: <none>

SYNTH-12#504 Warning
DSP input not registered  
DSP instance u_replay/g_array.u_array/u_array/u_ref/g_row[4].g_col[30].u_pe/u_mul/u_dsp is not fully pipelined on the input side. AREG/BREG/CREG/DREG are not used.
Related violations: <none>

SYNTH-12#505 Warning
DSP input not registered  
DSP instance u_replay/g_array.u_array/u_array/u_ref/g_row[4].g_col[31].u_pe/u_mul/u_dsp is not fully pipelined on the input side. AREG/BREG/CREG/DREG are not used.
Related violations: <none>

SYNTH-12#506 Warning
DSP input not registered  
DSP instance u_replay/g_array.u_array/u_array/u_ref/g_row[4].g_col[32].u_pe/u_mul/u_dsp is not fully pipelined on the input side. AREG/BREG/CREG/DREG are not used.
Related violations: <none>

SYNTH-12#507 Warning
DSP input not registered  
DSP instance u_replay/g_array.u_array/u_array/u_ref/g_row[4].g_col[33].u_pe/u_mul/u_dsp is not fully pipelined on the input side. AREG/BREG/CREG/DREG are not used.
Related violations: <none>

SYNTH-12#508 Warning
DSP input not registered  
DSP instance u_replay/g_array.u_array/u_array/u_ref/g_row[4].g_col[34].u_pe/u_mul/u_dsp is not fully pipelined on the input side. AREG/BREG/CREG/DREG are not used.
Related violations: <none>

SYNTH-12#509 Warning
DSP input not registered  
DSP instance u_replay/g_array.u_array/u_array/u_ref/g_row[4].g_col[35].u_pe/u_mul/u_dsp is not fully pipelined on the input side. AREG/BREG/CREG/DREG are not used.
Related violations: <none>

SYNTH-12#510 Warning
DSP input not registered  
DSP instance u_replay/g_array.u_array/u_array/u_ref/g_row[4].g_col[36].u_pe/u_mul/u_dsp is not fully pipelined on the input side. AREG/BREG/CREG/DREG are not used.
Related violations: <none>

SYNTH-12#511 Warning
DSP input not registered  
DSP instance u_replay/g_array.u_array/u_array/u_ref/g_row[4].g_col[37].u_pe/u_mul/u_dsp is not fully pipelined on the input side. AREG/BREG/CREG/DREG are not used.
Related violations: <none>

SYNTH-12#512 Warning
DSP input not registered  
DSP instance u_replay/g_array.u_array/u_array/u_ref/g_row[4].g_col[38].u_pe/u_mul/u_dsp is not fully pipelined on the input side. AREG/BREG/CREG/DREG are not used.
Related violations: <none>

SYNTH-12#513 Warning
DSP input not registered  
DSP instance u_replay/g_array.u_array/u_array/u_ref/g_row[4].g_col[39].u_pe/u_mul/u_dsp is not fully pipelined on the input side. AREG/BREG/CREG/DREG are not used.
Related violations: <none>

SYNTH-12#514 Warning
DSP input not registered  
DSP instance u_replay/g_array.u_array/u_array/u_ref/g_row[4].g_col[3].u_pe/u_mul/u_dsp is not fully pipelined on the input side. AREG/BREG/CREG/DREG are not used.
Related violations: <none>

SYNTH-12#515 Warning
DSP input not registered  
DSP instance u_replay/g_array.u_array/u_array/u_ref/g_row[4].g_col[40].u_pe/u_mul/u_dsp is not fully pipelined on the input side. AREG/BREG/CREG/DREG are not used.
Related violations: <none>

SYNTH-12#516 Warning
DSP input not registered  
DSP instance u_replay/g_array.u_array/u_array/u_ref/g_row[4].g_col[41].u_pe/u_mul/u_dsp is not fully pipelined on the input side. AREG/BREG/CREG/DREG are not used.
Related violations: <none>

SYNTH-12#517 Warning
DSP input not registered  
DSP instance u_replay/g_array.u_array/u_array/u_ref/g_row[4].g_col[42].u_pe/u_mul/u_dsp is not fully pipelined on the input side. AREG/BREG/CREG/DREG are not used.
Related violations: <none>

SYNTH-12#518 Warning
DSP input not registered  
DSP instance u_replay/g_array.u_array/u_array/u_ref/g_row[4].g_col[43].u_pe/u_mul/u_dsp is not fully pipelined on the input side. AREG/BREG/CREG/DREG are not used.
Related violations: <none>

SYNTH-12#519 Warning
DSP input not registered  
DSP instance u_replay/g_array.u_array/u_array/u_ref/g_row[4].g_col[44].u_pe/u_mul/u_dsp is not fully pipelined on the input side. AREG/BREG/CREG/DREG are not used.
Related violations: <none>

SYNTH-12#520 Warning
DSP input not registered  
DSP instance u_replay/g_array.u_array/u_array/u_ref/g_row[4].g_col[45].u_pe/u_mul/u_dsp is not fully pipelined on the input side. AREG/BREG/CREG/DREG are not used.
Related violations: <none>

SYNTH-12#521 Warning
DSP input not registered  
DSP instance u_replay/g_array.u_array/u_array/u_ref/g_row[4].g_col[46].u_pe/u_mul/u_dsp is not fully pipelined on the input side. AREG/BREG/CREG/DREG are not used.
Related violations: <none>

SYNTH-12#522 Warning
DSP input not registered  
DSP instance u_replay/g_array.u_array/u_array/u_ref/g_row[4].g_col[47].u_pe/u_mul/u_dsp is not fully pipelined on the input side. AREG/BREG/CREG/DREG are not used.
Related violations: <none>

SYNTH-12#523 Warning
DSP input not registered  
DSP instance u_replay/g_array.u_array/u_array/u_ref/g_row[4].g_col[4].u_pe/u_mul/u_dsp is not fully pipelined on the input side. AREG/BREG/CREG/DREG are not used.
Related violations: <none>

SYNTH-12#524 Warning
DSP input not registered  
DSP instance u_replay/g_array.u_array/u_array/u_ref/g_row[4].g_col[5].u_pe/u_mul/u_dsp is not fully pipelined on the input side. AREG/BREG/CREG/DREG are not used.
Related violations: <none>

SYNTH-12#525 Warning
DSP input not registered  
DSP instance u_replay/g_array.u_array/u_array/u_ref/g_row[4].g_col[6].u_pe/u_mul/u_dsp is not fully pipelined on the input side. AREG/BREG/CREG/DREG are not used.
Related violations: <none>

SYNTH-12#526 Warning
DSP input not registered  
DSP instance u_replay/g_array.u_array/u_array/u_ref/g_row[4].g_col[7].u_pe/u_mul/u_dsp is not fully pipelined on the input side. AREG/BREG/CREG/DREG are not used.
Related violations: <none>

SYNTH-12#527 Warning
DSP input not registered  
DSP instance u_replay/g_array.u_array/u_array/u_ref/g_row[4].g_col[8].u_pe/u_mul/u_dsp is not fully pipelined on the input side. AREG/BREG/CREG/DREG are not used.
Related violations: <none>

SYNTH-12#528 Warning
DSP input not registered  
DSP instance u_replay/g_array.u_array/u_array/u_ref/g_row[4].g_col[9].u_pe/u_mul/u_dsp is not fully pipelined on the input side. AREG/BREG/CREG/DREG are not used.
Related violations: <none>

SYNTH-12#529 Warning
DSP input not registered  
DSP instance u_replay/g_array.u_array/u_array/u_ref/g_row[5].g_col[0].u_pe/u_mul/u_dsp is not fully pipelined on the input side. AREG/BREG/CREG/DREG are not used.
Related violations: <none>

SYNTH-12#530 Warning
DSP input not registered  
DSP instance u_replay/g_array.u_array/u_array/u_ref/g_row[5].g_col[10].u_pe/u_mul/u_dsp is not fully pipelined on the input side. AREG/BREG/CREG/DREG are not used.
Related violations: <none>

SYNTH-12#531 Warning
DSP input not registered  
DSP instance u_replay/g_array.u_array/u_array/u_ref/g_row[5].g_col[11].u_pe/u_mul/u_dsp is not fully pipelined on the input side. AREG/BREG/CREG/DREG are not used.
Related violations: <none>

SYNTH-12#532 Warning
DSP input not registered  
DSP instance u_replay/g_array.u_array/u_array/u_ref/g_row[5].g_col[12].u_pe/u_mul/u_dsp is not fully pipelined on the input side. AREG/BREG/CREG/DREG are not used.
Related violations: <none>

SYNTH-12#533 Warning
DSP input not registered  
DSP instance u_replay/g_array.u_array/u_array/u_ref/g_row[5].g_col[13].u_pe/u_mul/u_dsp is not fully pipelined on the input side. AREG/BREG/CREG/DREG are not used.
Related violations: <none>

SYNTH-12#534 Warning
DSP input not registered  
DSP instance u_replay/g_array.u_array/u_array/u_ref/g_row[5].g_col[14].u_pe/u_mul/u_dsp is not fully pipelined on the input side. AREG/BREG/CREG/DREG are not used.
Related violations: <none>

SYNTH-12#535 Warning
DSP input not registered  
DSP instance u_replay/g_array.u_array/u_array/u_ref/g_row[5].g_col[15].u_pe/u_mul/u_dsp is not fully pipelined on the input side. AREG/BREG/CREG/DREG are not used.
Related violations: <none>

SYNTH-12#536 Warning
DSP input not registered  
DSP instance u_replay/g_array.u_array/u_array/u_ref/g_row[5].g_col[16].u_pe/u_mul/u_dsp is not fully pipelined on the input side. AREG/BREG/CREG/DREG are not used.
Related violations: <none>

SYNTH-12#537 Warning
DSP input not registered  
DSP instance u_replay/g_array.u_array/u_array/u_ref/g_row[5].g_col[17].u_pe/u_mul/u_dsp is not fully pipelined on the input side. AREG/BREG/CREG/DREG are not used.
Related violations: <none>

SYNTH-12#538 Warning
DSP input not registered  
DSP instance u_replay/g_array.u_array/u_array/u_ref/g_row[5].g_col[18].u_pe/u_mul/u_dsp is not fully pipelined on the input side. AREG/BREG/CREG/DREG are not used.
Related violations: <none>

SYNTH-12#539 Warning
DSP input not registered  
DSP instance u_replay/g_array.u_array/u_array/u_ref/g_row[5].g_col[19].u_pe/u_mul/u_dsp is not fully pipelined on the input side. AREG/BREG/CREG/DREG are not used.
Related violations: <none>

SYNTH-12#540 Warning
DSP input not registered  
DSP instance u_replay/g_array.u_array/u_array/u_ref/g_row[5].g_col[1].u_pe/u_mul/u_dsp is not fully pipelined on the input side. AREG/BREG/CREG/DREG are not used.
Related violations: <none>

SYNTH-12#541 Warning
DSP input not registered  
DSP instance u_replay/g_array.u_array/u_array/u_ref/g_row[5].g_col[20].u_pe/u_mul/u_dsp is not fully pipelined on the input side. AREG/BREG/CREG/DREG are not used.
Related violations: <none>

SYNTH-12#542 Warning
DSP input not registered  
DSP instance u_replay/g_array.u_array/u_array/u_ref/g_row[5].g_col[21].u_pe/u_mul/u_dsp is not fully pipelined on the input side. AREG/BREG/CREG/DREG are not used.
Related violations: <none>

SYNTH-12#543 Warning
DSP input not registered  
DSP instance u_replay/g_array.u_array/u_array/u_ref/g_row[5].g_col[22].u_pe/u_mul/u_dsp is not fully pipelined on the input side. AREG/BREG/CREG/DREG are not used.
Related violations: <none>

SYNTH-12#544 Warning
DSP input not registered  
DSP instance u_replay/g_array.u_array/u_array/u_ref/g_row[5].g_col[23].u_pe/u_mul/u_dsp is not fully pipelined on the input side. AREG/BREG/CREG/DREG are not used.
Related violations: <none>

SYNTH-12#545 Warning
DSP input not registered  
DSP instance u_replay/g_array.u_array/u_array/u_ref/g_row[5].g_col[24].u_pe/u_mul/u_dsp is not fully pipelined on the input side. AREG/BREG/CREG/DREG are not used.
Related violations: <none>

SYNTH-12#546 Warning
DSP input not registered  
DSP instance u_replay/g_array.u_array/u_array/u_ref/g_row[5].g_col[25].u_pe/u_mul/u_dsp is not fully pipelined on the input side. AREG/BREG/CREG/DREG are not used.
Related violations: <none>

SYNTH-12#547 Warning
DSP input not registered  
DSP instance u_replay/g_array.u_array/u_array/u_ref/g_row[5].g_col[26].u_pe/u_mul/u_dsp is not fully pipelined on the input side. AREG/BREG/CREG/DREG are not used.
Related violations: <none>

SYNTH-12#548 Warning
DSP input not registered  
DSP instance u_replay/g_array.u_array/u_array/u_ref/g_row[5].g_col[27].u_pe/u_mul/u_dsp is not fully pipelined on the input side. AREG/BREG/CREG/DREG are not used.
Related violations: <none>

SYNTH-12#549 Warning
DSP input not registered  
DSP instance u_replay/g_array.u_array/u_array/u_ref/g_row[5].g_col[28].u_pe/u_mul/u_dsp is not fully pipelined on the input side. AREG/BREG/CREG/DREG are not used.
Related violations: <none>

SYNTH-12#550 Warning
DSP input not registered  
DSP instance u_replay/g_array.u_array/u_array/u_ref/g_row[5].g_col[29].u_pe/u_mul/u_dsp is not fully pipelined on the input side. AREG/BREG/CREG/DREG are not used.
Related violations: <none>

SYNTH-12#551 Warning
DSP input not registered  
DSP instance u_replay/g_array.u_array/u_array/u_ref/g_row[5].g_col[2].u_pe/u_mul/u_dsp is not fully pipelined on the input side. AREG/BREG/CREG/DREG are not used.
Related violations: <none>

SYNTH-12#552 Warning
DSP input not registered  
DSP instance u_replay/g_array.u_array/u_array/u_ref/g_row[5].g_col[30].u_pe/u_mul/u_dsp is not fully pipelined on the input side. AREG/BREG/CREG/DREG are not used.
Related violations: <none>

SYNTH-12#553 Warning
DSP input not registered  
DSP instance u_replay/g_array.u_array/u_array/u_ref/g_row[5].g_col[31].u_pe/u_mul/u_dsp is not fully pipelined on the input side. AREG/BREG/CREG/DREG are not used.
Related violations: <none>

SYNTH-12#554 Warning
DSP input not registered  
DSP instance u_replay/g_array.u_array/u_array/u_ref/g_row[5].g_col[32].u_pe/u_mul/u_dsp is not fully pipelined on the input side. AREG/BREG/CREG/DREG are not used.
Related violations: <none>

SYNTH-12#555 Warning
DSP input not registered  
DSP instance u_replay/g_array.u_array/u_array/u_ref/g_row[5].g_col[33].u_pe/u_mul/u_dsp is not fully pipelined on the input side. AREG/BREG/CREG/DREG are not used.
Related violations: <none>

SYNTH-12#556 Warning
DSP input not registered  
DSP instance u_replay/g_array.u_array/u_array/u_ref/g_row[5].g_col[34].u_pe/u_mul/u_dsp is not fully pipelined on the input side. AREG/BREG/CREG/DREG are not used.
Related violations: <none>

SYNTH-12#557 Warning
DSP input not registered  
DSP instance u_replay/g_array.u_array/u_array/u_ref/g_row[5].g_col[35].u_pe/u_mul/u_dsp is not fully pipelined on the input side. AREG/BREG/CREG/DREG are not used.
Related violations: <none>

SYNTH-12#558 Warning
DSP input not registered  
DSP instance u_replay/g_array.u_array/u_array/u_ref/g_row[5].g_col[36].u_pe/u_mul/u_dsp is not fully pipelined on the input side. AREG/BREG/CREG/DREG are not used.
Related violations: <none>

SYNTH-12#559 Warning
DSP input not registered  
DSP instance u_replay/g_array.u_array/u_array/u_ref/g_row[5].g_col[37].u_pe/u_mul/u_dsp is not fully pipelined on the input side. AREG/BREG/CREG/DREG are not used.
Related violations: <none>

SYNTH-12#560 Warning
DSP input not registered  
DSP instance u_replay/g_array.u_array/u_array/u_ref/g_row[5].g_col[38].u_pe/u_mul/u_dsp is not fully pipelined on the input side. AREG/BREG/CREG/DREG are not used.
Related violations: <none>

SYNTH-12#561 Warning
DSP input not registered  
DSP instance u_replay/g_array.u_array/u_array/u_ref/g_row[5].g_col[39].u_pe/u_mul/u_dsp is not fully pipelined on the input side. AREG/BREG/CREG/DREG are not used.
Related violations: <none>

SYNTH-12#562 Warning
DSP input not registered  
DSP instance u_replay/g_array.u_array/u_array/u_ref/g_row[5].g_col[3].u_pe/u_mul/u_dsp is not fully pipelined on the input side. AREG/BREG/CREG/DREG are not used.
Related violations: <none>

SYNTH-12#563 Warning
DSP input not registered  
DSP instance u_replay/g_array.u_array/u_array/u_ref/g_row[5].g_col[40].u_pe/u_mul/u_dsp is not fully pipelined on the input side. AREG/BREG/CREG/DREG are not used.
Related violations: <none>

SYNTH-12#564 Warning
DSP input not registered  
DSP instance u_replay/g_array.u_array/u_array/u_ref/g_row[5].g_col[41].u_pe/u_mul/u_dsp is not fully pipelined on the input side. AREG/BREG/CREG/DREG are not used.
Related violations: <none>

SYNTH-12#565 Warning
DSP input not registered  
DSP instance u_replay/g_array.u_array/u_array/u_ref/g_row[5].g_col[42].u_pe/u_mul/u_dsp is not fully pipelined on the input side. AREG/BREG/CREG/DREG are not used.
Related violations: <none>

SYNTH-12#566 Warning
DSP input not registered  
DSP instance u_replay/g_array.u_array/u_array/u_ref/g_row[5].g_col[43].u_pe/u_mul/u_dsp is not fully pipelined on the input side. AREG/BREG/CREG/DREG are not used.
Related violations: <none>

SYNTH-12#567 Warning
DSP input not registered  
DSP instance u_replay/g_array.u_array/u_array/u_ref/g_row[5].g_col[44].u_pe/u_mul/u_dsp is not fully pipelined on the input side. AREG/BREG/CREG/DREG are not used.
Related violations: <none>

SYNTH-12#568 Warning
DSP input not registered  
DSP instance u_replay/g_array.u_array/u_array/u_ref/g_row[5].g_col[45].u_pe/u_mul/u_dsp is not fully pipelined on the input side. AREG/BREG/CREG/DREG are not used.
Related violations: <none>

SYNTH-12#569 Warning
DSP input not registered  
DSP instance u_replay/g_array.u_array/u_array/u_ref/g_row[5].g_col[46].u_pe/u_mul/u_dsp is not fully pipelined on the input side. AREG/BREG/CREG/DREG are not used.
Related violations: <none>

SYNTH-12#570 Warning
DSP input not registered  
DSP instance u_replay/g_array.u_array/u_array/u_ref/g_row[5].g_col[47].u_pe/u_mul/u_dsp is not fully pipelined on the input side. AREG/BREG/CREG/DREG are not used.
Related violations: <none>

SYNTH-12#571 Warning
DSP input not registered  
DSP instance u_replay/g_array.u_array/u_array/u_ref/g_row[5].g_col[4].u_pe/u_mul/u_dsp is not fully pipelined on the input side. AREG/BREG/CREG/DREG are not used.
Related violations: <none>

SYNTH-12#572 Warning
DSP input not registered  
DSP instance u_replay/g_array.u_array/u_array/u_ref/g_row[5].g_col[5].u_pe/u_mul/u_dsp is not fully pipelined on the input side. AREG/BREG/CREG/DREG are not used.
Related violations: <none>

SYNTH-12#573 Warning
DSP input not registered  
DSP instance u_replay/g_array.u_array/u_array/u_ref/g_row[5].g_col[6].u_pe/u_mul/u_dsp is not fully pipelined on the input side. AREG/BREG/CREG/DREG are not used.
Related violations: <none>

SYNTH-12#574 Warning
DSP input not registered  
DSP instance u_replay/g_array.u_array/u_array/u_ref/g_row[5].g_col[7].u_pe/u_mul/u_dsp is not fully pipelined on the input side. AREG/BREG/CREG/DREG are not used.
Related violations: <none>

SYNTH-12#575 Warning
DSP input not registered  
DSP instance u_replay/g_array.u_array/u_array/u_ref/g_row[5].g_col[8].u_pe/u_mul/u_dsp is not fully pipelined on the input side. AREG/BREG/CREG/DREG are not used.
Related violations: <none>

SYNTH-12#576 Warning
DSP input not registered  
DSP instance u_replay/g_array.u_array/u_array/u_ref/g_row[5].g_col[9].u_pe/u_mul/u_dsp is not fully pipelined on the input side. AREG/BREG/CREG/DREG are not used.
Related violations: <none>

SYNTH-12#577 Warning
DSP input not registered  
DSP instance u_replay/g_array.u_array/u_array/u_ref/g_row[6].g_col[0].u_pe/u_mul/u_dsp is not fully pipelined on the input side. AREG/BREG/CREG/DREG are not used.
Related violations: <none>

SYNTH-12#578 Warning
DSP input not registered  
DSP instance u_replay/g_array.u_array/u_array/u_ref/g_row[6].g_col[10].u_pe/u_mul/u_dsp is not fully pipelined on the input side. AREG/BREG/CREG/DREG are not used.
Related violations: <none>

SYNTH-12#579 Warning
DSP input not registered  
DSP instance u_replay/g_array.u_array/u_array/u_ref/g_row[6].g_col[11].u_pe/u_mul/u_dsp is not fully pipelined on the input side. AREG/BREG/CREG/DREG are not used.
Related violations: <none>

SYNTH-12#580 Warning
DSP input not registered  
DSP instance u_replay/g_array.u_array/u_array/u_ref/g_row[6].g_col[12].u_pe/u_mul/u_dsp is not fully pipelined on the input side. AREG/BREG/CREG/DREG are not used.
Related violations: <none>

SYNTH-12#581 Warning
DSP input not registered  
DSP instance u_replay/g_array.u_array/u_array/u_ref/g_row[6].g_col[13].u_pe/u_mul/u_dsp is not fully pipelined on the input side. AREG/BREG/CREG/DREG are not used.
Related violations: <none>

SYNTH-12#582 Warning
DSP input not registered  
DSP instance u_replay/g_array.u_array/u_array/u_ref/g_row[6].g_col[14].u_pe/u_mul/u_dsp is not fully pipelined on the input side. AREG/BREG/CREG/DREG are not used.
Related violations: <none>

SYNTH-12#583 Warning
DSP input not registered  
DSP instance u_replay/g_array.u_array/u_array/u_ref/g_row[6].g_col[15].u_pe/u_mul/u_dsp is not fully pipelined on the input side. AREG/BREG/CREG/DREG are not used.
Related violations: <none>

SYNTH-12#584 Warning
DSP input not registered  
DSP instance u_replay/g_array.u_array/u_array/u_ref/g_row[6].g_col[16].u_pe/u_mul/u_dsp is not fully pipelined on the input side. AREG/BREG/CREG/DREG are not used.
Related violations: <none>

SYNTH-12#585 Warning
DSP input not registered  
DSP instance u_replay/g_array.u_array/u_array/u_ref/g_row[6].g_col[17].u_pe/u_mul/u_dsp is not fully pipelined on the input side. AREG/BREG/CREG/DREG are not used.
Related violations: <none>

SYNTH-12#586 Warning
DSP input not registered  
DSP instance u_replay/g_array.u_array/u_array/u_ref/g_row[6].g_col[18].u_pe/u_mul/u_dsp is not fully pipelined on the input side. AREG/BREG/CREG/DREG are not used.
Related violations: <none>

SYNTH-12#587 Warning
DSP input not registered  
DSP instance u_replay/g_array.u_array/u_array/u_ref/g_row[6].g_col[19].u_pe/u_mul/u_dsp is not fully pipelined on the input side. AREG/BREG/CREG/DREG are not used.
Related violations: <none>

SYNTH-12#588 Warning
DSP input not registered  
DSP instance u_replay/g_array.u_array/u_array/u_ref/g_row[6].g_col[1].u_pe/u_mul/u_dsp is not fully pipelined on the input side. AREG/BREG/CREG/DREG are not used.
Related violations: <none>

SYNTH-12#589 Warning
DSP input not registered  
DSP instance u_replay/g_array.u_array/u_array/u_ref/g_row[6].g_col[20].u_pe/u_mul/u_dsp is not fully pipelined on the input side. AREG/BREG/CREG/DREG are not used.
Related violations: <none>

SYNTH-12#590 Warning
DSP input not registered  
DSP instance u_replay/g_array.u_array/u_array/u_ref/g_row[6].g_col[21].u_pe/u_mul/u_dsp is not fully pipelined on the input side. AREG/BREG/CREG/DREG are not used.
Related violations: <none>

SYNTH-12#591 Warning
DSP input not registered  
DSP instance u_replay/g_array.u_array/u_array/u_ref/g_row[6].g_col[22].u_pe/u_mul/u_dsp is not fully pipelined on the input side. AREG/BREG/CREG/DREG are not used.
Related violations: <none>

SYNTH-12#592 Warning
DSP input not registered  
DSP instance u_replay/g_array.u_array/u_array/u_ref/g_row[6].g_col[23].u_pe/u_mul/u_dsp is not fully pipelined on the input side. AREG/BREG/CREG/DREG are not used.
Related violations: <none>

SYNTH-12#593 Warning
DSP input not registered  
DSP instance u_replay/g_array.u_array/u_array/u_ref/g_row[6].g_col[24].u_pe/u_mul/u_dsp is not fully pipelined on the input side. AREG/BREG/CREG/DREG are not used.
Related violations: <none>

SYNTH-12#594 Warning
DSP input not registered  
DSP instance u_replay/g_array.u_array/u_array/u_ref/g_row[6].g_col[25].u_pe/u_mul/u_dsp is not fully pipelined on the input side. AREG/BREG/CREG/DREG are not used.
Related violations: <none>

SYNTH-12#595 Warning
DSP input not registered  
DSP instance u_replay/g_array.u_array/u_array/u_ref/g_row[6].g_col[26].u_pe/u_mul/u_dsp is not fully pipelined on the input side. AREG/BREG/CREG/DREG are not used.
Related violations: <none>

SYNTH-12#596 Warning
DSP input not registered  
DSP instance u_replay/g_array.u_array/u_array/u_ref/g_row[6].g_col[27].u_pe/u_mul/u_dsp is not fully pipelined on the input side. AREG/BREG/CREG/DREG are not used.
Related violations: <none>

SYNTH-12#597 Warning
DSP input not registered  
DSP instance u_replay/g_array.u_array/u_array/u_ref/g_row[6].g_col[28].u_pe/u_mul/u_dsp is not fully pipelined on the input side. AREG/BREG/CREG/DREG are not used.
Related violations: <none>

SYNTH-12#598 Warning
DSP input not registered  
DSP instance u_replay/g_array.u_array/u_array/u_ref/g_row[6].g_col[29].u_pe/u_mul/u_dsp is not fully pipelined on the input side. AREG/BREG/CREG/DREG are not used.
Related violations: <none>

SYNTH-12#599 Warning
DSP input not registered  
DSP instance u_replay/g_array.u_array/u_array/u_ref/g_row[6].g_col[2].u_pe/u_mul/u_dsp is not fully pipelined on the input side. AREG/BREG/CREG/DREG are not used.
Related violations: <none>

SYNTH-12#600 Warning
DSP input not registered  
DSP instance u_replay/g_array.u_array/u_array/u_ref/g_row[6].g_col[30].u_pe/u_mul/u_dsp is not fully pipelined on the input side. AREG/BREG/CREG/DREG are not used.
Related violations: <none>

SYNTH-12#601 Warning
DSP input not registered  
DSP instance u_replay/g_array.u_array/u_array/u_ref/g_row[6].g_col[31].u_pe/u_mul/u_dsp is not fully pipelined on the input side. AREG/BREG/CREG/DREG are not used.
Related violations: <none>

SYNTH-12#602 Warning
DSP input not registered  
DSP instance u_replay/g_array.u_array/u_array/u_ref/g_row[6].g_col[32].u_pe/u_mul/u_dsp is not fully pipelined on the input side. AREG/BREG/CREG/DREG are not used.
Related violations: <none>

SYNTH-12#603 Warning
DSP input not registered  
DSP instance u_replay/g_array.u_array/u_array/u_ref/g_row[6].g_col[33].u_pe/u_mul/u_dsp is not fully pipelined on the input side. AREG/BREG/CREG/DREG are not used.
Related violations: <none>

SYNTH-12#604 Warning
DSP input not registered  
DSP instance u_replay/g_array.u_array/u_array/u_ref/g_row[6].g_col[34].u_pe/u_mul/u_dsp is not fully pipelined on the input side. AREG/BREG/CREG/DREG are not used.
Related violations: <none>

SYNTH-12#605 Warning
DSP input not registered  
DSP instance u_replay/g_array.u_array/u_array/u_ref/g_row[6].g_col[35].u_pe/u_mul/u_dsp is not fully pipelined on the input side. AREG/BREG/CREG/DREG are not used.
Related violations: <none>

SYNTH-12#606 Warning
DSP input not registered  
DSP instance u_replay/g_array.u_array/u_array/u_ref/g_row[6].g_col[36].u_pe/u_mul/u_dsp is not fully pipelined on the input side. AREG/BREG/CREG/DREG are not used.
Related violations: <none>

SYNTH-12#607 Warning
DSP input not registered  
DSP instance u_replay/g_array.u_array/u_array/u_ref/g_row[6].g_col[37].u_pe/u_mul/u_dsp is not fully pipelined on the input side. AREG/BREG/CREG/DREG are not used.
Related violations: <none>

SYNTH-12#608 Warning
DSP input not registered  
DSP instance u_replay/g_array.u_array/u_array/u_ref/g_row[6].g_col[38].u_pe/u_mul/u_dsp is not fully pipelined on the input side. AREG/BREG/CREG/DREG are not used.
Related violations: <none>

SYNTH-12#609 Warning
DSP input not registered  
DSP instance u_replay/g_array.u_array/u_array/u_ref/g_row[6].g_col[39].u_pe/u_mul/u_dsp is not fully pipelined on the input side. AREG/BREG/CREG/DREG are not used.
Related violations: <none>

SYNTH-12#610 Warning
DSP input not registered  
DSP instance u_replay/g_array.u_array/u_array/u_ref/g_row[6].g_col[3].u_pe/u_mul/u_dsp is not fully pipelined on the input side. AREG/BREG/CREG/DREG are not used.
Related violations: <none>

SYNTH-12#611 Warning
DSP input not registered  
DSP instance u_replay/g_array.u_array/u_array/u_ref/g_row[6].g_col[40].u_pe/u_mul/u_dsp is not fully pipelined on the input side. AREG/BREG/CREG/DREG are not used.
Related violations: <none>

SYNTH-12#612 Warning
DSP input not registered  
DSP instance u_replay/g_array.u_array/u_array/u_ref/g_row[6].g_col[41].u_pe/u_mul/u_dsp is not fully pipelined on the input side. AREG/BREG/CREG/DREG are not used.
Related violations: <none>

SYNTH-12#613 Warning
DSP input not registered  
DSP instance u_replay/g_array.u_array/u_array/u_ref/g_row[6].g_col[42].u_pe/u_mul/u_dsp is not fully pipelined on the input side. AREG/BREG/CREG/DREG are not used.
Related violations: <none>

SYNTH-12#614 Warning
DSP input not registered  
DSP instance u_replay/g_array.u_array/u_array/u_ref/g_row[6].g_col[43].u_pe/u_mul/u_dsp is not fully pipelined on the input side. AREG/BREG/CREG/DREG are not used.
Related violations: <none>

SYNTH-12#615 Warning
DSP input not registered  
DSP instance u_replay/g_array.u_array/u_array/u_ref/g_row[6].g_col[44].u_pe/u_mul/u_dsp is not fully pipelined on the input side. AREG/BREG/CREG/DREG are not used.
Related violations: <none>

SYNTH-12#616 Warning
DSP input not registered  
DSP instance u_replay/g_array.u_array/u_array/u_ref/g_row[6].g_col[45].u_pe/u_mul/u_dsp is not fully pipelined on the input side. AREG/BREG/CREG/DREG are not used.
Related violations: <none>

SYNTH-12#617 Warning
DSP input not registered  
DSP instance u_replay/g_array.u_array/u_array/u_ref/g_row[6].g_col[46].u_pe/u_mul/u_dsp is not fully pipelined on the input side. AREG/BREG/CREG/DREG are not used.
Related violations: <none>

SYNTH-12#618 Warning
DSP input not registered  
DSP instance u_replay/g_array.u_array/u_array/u_ref/g_row[6].g_col[47].u_pe/u_mul/u_dsp is not fully pipelined on the input side. AREG/BREG/CREG/DREG are not used.
Related violations: <none>

SYNTH-12#619 Warning
DSP input not registered  
DSP instance u_replay/g_array.u_array/u_array/u_ref/g_row[6].g_col[4].u_pe/u_mul/u_dsp is not fully pipelined on the input side. AREG/BREG/CREG/DREG are not used.
Related violations: <none>

SYNTH-12#620 Warning
DSP input not registered  
DSP instance u_replay/g_array.u_array/u_array/u_ref/g_row[6].g_col[5].u_pe/u_mul/u_dsp is not fully pipelined on the input side. AREG/BREG/CREG/DREG are not used.
Related violations: <none>

SYNTH-12#621 Warning
DSP input not registered  
DSP instance u_replay/g_array.u_array/u_array/u_ref/g_row[6].g_col[6].u_pe/u_mul/u_dsp is not fully pipelined on the input side. AREG/BREG/CREG/DREG are not used.
Related violations: <none>

SYNTH-12#622 Warning
DSP input not registered  
DSP instance u_replay/g_array.u_array/u_array/u_ref/g_row[6].g_col[7].u_pe/u_mul/u_dsp is not fully pipelined on the input side. AREG/BREG/CREG/DREG are not used.
Related violations: <none>

SYNTH-12#623 Warning
DSP input not registered  
DSP instance u_replay/g_array.u_array/u_array/u_ref/g_row[6].g_col[8].u_pe/u_mul/u_dsp is not fully pipelined on the input side. AREG/BREG/CREG/DREG are not used.
Related violations: <none>

SYNTH-12#624 Warning
DSP input not registered  
DSP instance u_replay/g_array.u_array/u_array/u_ref/g_row[6].g_col[9].u_pe/u_mul/u_dsp is not fully pipelined on the input side. AREG/BREG/CREG/DREG are not used.
Related violations: <none>

SYNTH-12#625 Warning
DSP input not registered  
DSP instance u_replay/g_array.u_array/u_array/u_ref/g_row[7].g_col[0].u_pe/u_mul/u_dsp is not fully pipelined on the input side. AREG/BREG/CREG/DREG are not used.
Related violations: <none>

SYNTH-12#626 Warning
DSP input not registered  
DSP instance u_replay/g_array.u_array/u_array/u_ref/g_row[7].g_col[10].u_pe/u_mul/u_dsp is not fully pipelined on the input side. AREG/BREG/CREG/DREG are not used.
Related violations: <none>

SYNTH-12#627 Warning
DSP input not registered  
DSP instance u_replay/g_array.u_array/u_array/u_ref/g_row[7].g_col[11].u_pe/u_mul/u_dsp is not fully pipelined on the input side. AREG/BREG/CREG/DREG are not used.
Related violations: <none>

SYNTH-12#628 Warning
DSP input not registered  
DSP instance u_replay/g_array.u_array/u_array/u_ref/g_row[7].g_col[12].u_pe/u_mul/u_dsp is not fully pipelined on the input side. AREG/BREG/CREG/DREG are not used.
Related violations: <none>

SYNTH-12#629 Warning
DSP input not registered  
DSP instance u_replay/g_array.u_array/u_array/u_ref/g_row[7].g_col[13].u_pe/u_mul/u_dsp is not fully pipelined on the input side. AREG/BREG/CREG/DREG are not used.
Related violations: <none>

SYNTH-12#630 Warning
DSP input not registered  
DSP instance u_replay/g_array.u_array/u_array/u_ref/g_row[7].g_col[14].u_pe/u_mul/u_dsp is not fully pipelined on the input side. AREG/BREG/CREG/DREG are not used.
Related violations: <none>

SYNTH-12#631 Warning
DSP input not registered  
DSP instance u_replay/g_array.u_array/u_array/u_ref/g_row[7].g_col[15].u_pe/u_mul/u_dsp is not fully pipelined on the input side. AREG/BREG/CREG/DREG are not used.
Related violations: <none>

SYNTH-12#632 Warning
DSP input not registered  
DSP instance u_replay/g_array.u_array/u_array/u_ref/g_row[7].g_col[16].u_pe/u_mul/u_dsp is not fully pipelined on the input side. AREG/BREG/CREG/DREG are not used.
Related violations: <none>

SYNTH-12#633 Warning
DSP input not registered  
DSP instance u_replay/g_array.u_array/u_array/u_ref/g_row[7].g_col[17].u_pe/u_mul/u_dsp is not fully pipelined on the input side. AREG/BREG/CREG/DREG are not used.
Related violations: <none>

SYNTH-12#634 Warning
DSP input not registered  
DSP instance u_replay/g_array.u_array/u_array/u_ref/g_row[7].g_col[18].u_pe/u_mul/u_dsp is not fully pipelined on the input side. AREG/BREG/CREG/DREG are not used.
Related violations: <none>

SYNTH-12#635 Warning
DSP input not registered  
DSP instance u_replay/g_array.u_array/u_array/u_ref/g_row[7].g_col[19].u_pe/u_mul/u_dsp is not fully pipelined on the input side. AREG/BREG/CREG/DREG are not used.
Related violations: <none>

SYNTH-12#636 Warning
DSP input not registered  
DSP instance u_replay/g_array.u_array/u_array/u_ref/g_row[7].g_col[1].u_pe/u_mul/u_dsp is not fully pipelined on the input side. AREG/BREG/CREG/DREG are not used.
Related violations: <none>

SYNTH-12#637 Warning
DSP input not registered  
DSP instance u_replay/g_array.u_array/u_array/u_ref/g_row[7].g_col[20].u_pe/u_mul/u_dsp is not fully pipelined on the input side. AREG/BREG/CREG/DREG are not used.
Related violations: <none>

SYNTH-12#638 Warning
DSP input not registered  
DSP instance u_replay/g_array.u_array/u_array/u_ref/g_row[7].g_col[21].u_pe/u_mul/u_dsp is not fully pipelined on the input side. AREG/BREG/CREG/DREG are not used.
Related violations: <none>

SYNTH-12#639 Warning
DSP input not registered  
DSP instance u_replay/g_array.u_array/u_array/u_ref/g_row[7].g_col[22].u_pe/u_mul/u_dsp is not fully pipelined on the input side. AREG/BREG/CREG/DREG are not used.
Related violations: <none>

SYNTH-12#640 Warning
DSP input not registered  
DSP instance u_replay/g_array.u_array/u_array/u_ref/g_row[7].g_col[23].u_pe/u_mul/u_dsp is not fully pipelined on the input side. AREG/BREG/CREG/DREG are not used.
Related violations: <none>

SYNTH-12#641 Warning
DSP input not registered  
DSP instance u_replay/g_array.u_array/u_array/u_ref/g_row[7].g_col[24].u_pe/u_mul/u_dsp is not fully pipelined on the input side. AREG/BREG/CREG/DREG are not used.
Related violations: <none>

SYNTH-12#642 Warning
DSP input not registered  
DSP instance u_replay/g_array.u_array/u_array/u_ref/g_row[7].g_col[25].u_pe/u_mul/u_dsp is not fully pipelined on the input side. AREG/BREG/CREG/DREG are not used.
Related violations: <none>

SYNTH-12#643 Warning
DSP input not registered  
DSP instance u_replay/g_array.u_array/u_array/u_ref/g_row[7].g_col[26].u_pe/u_mul/u_dsp is not fully pipelined on the input side. AREG/BREG/CREG/DREG are not used.
Related violations: <none>

SYNTH-12#644 Warning
DSP input not registered  
DSP instance u_replay/g_array.u_array/u_array/u_ref/g_row[7].g_col[27].u_pe/u_mul/u_dsp is not fully pipelined on the input side. AREG/BREG/CREG/DREG are not used.
Related violations: <none>

SYNTH-12#645 Warning
DSP input not registered  
DSP instance u_replay/g_array.u_array/u_array/u_ref/g_row[7].g_col[28].u_pe/u_mul/u_dsp is not fully pipelined on the input side. AREG/BREG/CREG/DREG are not used.
Related violations: <none>

SYNTH-12#646 Warning
DSP input not registered  
DSP instance u_replay/g_array.u_array/u_array/u_ref/g_row[7].g_col[29].u_pe/u_mul/u_dsp is not fully pipelined on the input side. AREG/BREG/CREG/DREG are not used.
Related violations: <none>

SYNTH-12#647 Warning
DSP input not registered  
DSP instance u_replay/g_array.u_array/u_array/u_ref/g_row[7].g_col[2].u_pe/u_mul/u_dsp is not fully pipelined on the input side. AREG/BREG/CREG/DREG are not used.
Related violations: <none>

SYNTH-12#648 Warning
DSP input not registered  
DSP instance u_replay/g_array.u_array/u_array/u_ref/g_row[7].g_col[30].u_pe/u_mul/u_dsp is not fully pipelined on the input side. AREG/BREG/CREG/DREG are not used.
Related violations: <none>

SYNTH-12#649 Warning
DSP input not registered  
DSP instance u_replay/g_array.u_array/u_array/u_ref/g_row[7].g_col[31].u_pe/u_mul/u_dsp is not fully pipelined on the input side. AREG/BREG/CREG/DREG are not used.
Related violations: <none>

SYNTH-12#650 Warning
DSP input not registered  
DSP instance u_replay/g_array.u_array/u_array/u_ref/g_row[7].g_col[32].u_pe/u_mul/u_dsp is not fully pipelined on the input side. AREG/BREG/CREG/DREG are not used.
Related violations: <none>

SYNTH-12#651 Warning
DSP input not registered  
DSP instance u_replay/g_array.u_array/u_array/u_ref/g_row[7].g_col[33].u_pe/u_mul/u_dsp is not fully pipelined on the input side. AREG/BREG/CREG/DREG are not used.
Related violations: <none>

SYNTH-12#652 Warning
DSP input not registered  
DSP instance u_replay/g_array.u_array/u_array/u_ref/g_row[7].g_col[34].u_pe/u_mul/u_dsp is not fully pipelined on the input side. AREG/BREG/CREG/DREG are not used.
Related violations: <none>

SYNTH-12#653 Warning
DSP input not registered  
DSP instance u_replay/g_array.u_array/u_array/u_ref/g_row[7].g_col[35].u_pe/u_mul/u_dsp is not fully pipelined on the input side. AREG/BREG/CREG/DREG are not used.
Related violations: <none>

SYNTH-12#654 Warning
DSP input not registered  
DSP instance u_replay/g_array.u_array/u_array/u_ref/g_row[7].g_col[36].u_pe/u_mul/u_dsp is not fully pipelined on the input side. AREG/BREG/CREG/DREG are not used.
Related violations: <none>

SYNTH-12#655 Warning
DSP input not registered  
DSP instance u_replay/g_array.u_array/u_array/u_ref/g_row[7].g_col[37].u_pe/u_mul/u_dsp is not fully pipelined on the input side. AREG/BREG/CREG/DREG are not used.
Related violations: <none>

SYNTH-12#656 Warning
DSP input not registered  
DSP instance u_replay/g_array.u_array/u_array/u_ref/g_row[7].g_col[38].u_pe/u_mul/u_dsp is not fully pipelined on the input side. AREG/BREG/CREG/DREG are not used.
Related violations: <none>

SYNTH-12#657 Warning
DSP input not registered  
DSP instance u_replay/g_array.u_array/u_array/u_ref/g_row[7].g_col[39].u_pe/u_mul/u_dsp is not fully pipelined on the input side. AREG/BREG/CREG/DREG are not used.
Related violations: <none>

SYNTH-12#658 Warning
DSP input not registered  
DSP instance u_replay/g_array.u_array/u_array/u_ref/g_row[7].g_col[3].u_pe/u_mul/u_dsp is not fully pipelined on the input side. AREG/BREG/CREG/DREG are not used.
Related violations: <none>

SYNTH-12#659 Warning
DSP input not registered  
DSP instance u_replay/g_array.u_array/u_array/u_ref/g_row[7].g_col[40].u_pe/u_mul/u_dsp is not fully pipelined on the input side. AREG/BREG/CREG/DREG are not used.
Related violations: <none>

SYNTH-12#660 Warning
DSP input not registered  
DSP instance u_replay/g_array.u_array/u_array/u_ref/g_row[7].g_col[41].u_pe/u_mul/u_dsp is not fully pipelined on the input side. AREG/BREG/CREG/DREG are not used.
Related violations: <none>

SYNTH-12#661 Warning
DSP input not registered  
DSP instance u_replay/g_array.u_array/u_array/u_ref/g_row[7].g_col[42].u_pe/u_mul/u_dsp is not fully pipelined on the input side. AREG/BREG/CREG/DREG are not used.
Related violations: <none>

SYNTH-12#662 Warning
DSP input not registered  
DSP instance u_replay/g_array.u_array/u_array/u_ref/g_row[7].g_col[43].u_pe/u_mul/u_dsp is not fully pipelined on the input side. AREG/BREG/CREG/DREG are not used.
Related violations: <none>

SYNTH-12#663 Warning
DSP input not registered  
DSP instance u_replay/g_array.u_array/u_array/u_ref/g_row[7].g_col[44].u_pe/u_mul/u_dsp is not fully pipelined on the input side. AREG/BREG/CREG/DREG are not used.
Related violations: <none>

SYNTH-12#664 Warning
DSP input not registered  
DSP instance u_replay/g_array.u_array/u_array/u_ref/g_row[7].g_col[45].u_pe/u_mul/u_dsp is not fully pipelined on the input side. AREG/BREG/CREG/DREG are not used.
Related violations: <none>

SYNTH-12#665 Warning
DSP input not registered  
DSP instance u_replay/g_array.u_array/u_array/u_ref/g_row[7].g_col[46].u_pe/u_mul/u_dsp is not fully pipelined on the input side. AREG/BREG/CREG/DREG are not used.
Related violations: <none>

SYNTH-12#666 Warning
DSP input not registered  
DSP instance u_replay/g_array.u_array/u_array/u_ref/g_row[7].g_col[47].u_pe/u_mul/u_dsp is not fully pipelined on the input side. AREG/BREG/CREG/DREG are not used.
Related violations: <none>

SYNTH-12#667 Warning
DSP input not registered  
DSP instance u_replay/g_array.u_array/u_array/u_ref/g_row[7].g_col[4].u_pe/u_mul/u_dsp is not fully pipelined on the input side. AREG/BREG/CREG/DREG are not used.
Related violations: <none>

SYNTH-12#668 Warning
DSP input not registered  
DSP instance u_replay/g_array.u_array/u_array/u_ref/g_row[7].g_col[5].u_pe/u_mul/u_dsp is not fully pipelined on the input side. AREG/BREG/CREG/DREG are not used.
Related violations: <none>

SYNTH-12#669 Warning
DSP input not registered  
DSP instance u_replay/g_array.u_array/u_array/u_ref/g_row[7].g_col[6].u_pe/u_mul/u_dsp is not fully pipelined on the input side. AREG/BREG/CREG/DREG are not used.
Related violations: <none>

SYNTH-12#670 Warning
DSP input not registered  
DSP instance u_replay/g_array.u_array/u_array/u_ref/g_row[7].g_col[7].u_pe/u_mul/u_dsp is not fully pipelined on the input side. AREG/BREG/CREG/DREG are not used.
Related violations: <none>

SYNTH-12#671 Warning
DSP input not registered  
DSP instance u_replay/g_array.u_array/u_array/u_ref/g_row[7].g_col[8].u_pe/u_mul/u_dsp is not fully pipelined on the input side. AREG/BREG/CREG/DREG are not used.
Related violations: <none>

SYNTH-12#672 Warning
DSP input not registered  
DSP instance u_replay/g_array.u_array/u_array/u_ref/g_row[7].g_col[9].u_pe/u_mul/u_dsp is not fully pipelined on the input side. AREG/BREG/CREG/DREG are not used.
Related violations: <none>

SYNTH-12#673 Warning
DSP input not registered  
DSP instance u_replay/g_array.u_array/u_array/u_ref/g_row[8].g_col[0].u_pe/u_mul/u_dsp is not fully pipelined on the input side. AREG/BREG/CREG/DREG are not used.
Related violations: <none>

SYNTH-12#674 Warning
DSP input not registered  
DSP instance u_replay/g_array.u_array/u_array/u_ref/g_row[8].g_col[10].u_pe/u_mul/u_dsp is not fully pipelined on the input side. AREG/BREG/CREG/DREG are not used.
Related violations: <none>

SYNTH-12#675 Warning
DSP input not registered  
DSP instance u_replay/g_array.u_array/u_array/u_ref/g_row[8].g_col[11].u_pe/u_mul/u_dsp is not fully pipelined on the input side. AREG/BREG/CREG/DREG are not used.
Related violations: <none>

SYNTH-12#676 Warning
DSP input not registered  
DSP instance u_replay/g_array.u_array/u_array/u_ref/g_row[8].g_col[12].u_pe/u_mul/u_dsp is not fully pipelined on the input side. AREG/BREG/CREG/DREG are not used.
Related violations: <none>

SYNTH-12#677 Warning
DSP input not registered  
DSP instance u_replay/g_array.u_array/u_array/u_ref/g_row[8].g_col[13].u_pe/u_mul/u_dsp is not fully pipelined on the input side. AREG/BREG/CREG/DREG are not used.
Related violations: <none>

SYNTH-12#678 Warning
DSP input not registered  
DSP instance u_replay/g_array.u_array/u_array/u_ref/g_row[8].g_col[14].u_pe/u_mul/u_dsp is not fully pipelined on the input side. AREG/BREG/CREG/DREG are not used.
Related violations: <none>

SYNTH-12#679 Warning
DSP input not registered  
DSP instance u_replay/g_array.u_array/u_array/u_ref/g_row[8].g_col[15].u_pe/u_mul/u_dsp is not fully pipelined on the input side. AREG/BREG/CREG/DREG are not used.
Related violations: <none>

SYNTH-12#680 Warning
DSP input not registered  
DSP instance u_replay/g_array.u_array/u_array/u_ref/g_row[8].g_col[16].u_pe/u_mul/u_dsp is not fully pipelined on the input side. AREG/BREG/CREG/DREG are not used.
Related violations: <none>

SYNTH-12#681 Warning
DSP input not registered  
DSP instance u_replay/g_array.u_array/u_array/u_ref/g_row[8].g_col[17].u_pe/u_mul/u_dsp is not fully pipelined on the input side. AREG/BREG/CREG/DREG are not used.
Related violations: <none>

SYNTH-12#682 Warning
DSP input not registered  
DSP instance u_replay/g_array.u_array/u_array/u_ref/g_row[8].g_col[18].u_pe/u_mul/u_dsp is not fully pipelined on the input side. AREG/BREG/CREG/DREG are not used.
Related violations: <none>

SYNTH-12#683 Warning
DSP input not registered  
DSP instance u_replay/g_array.u_array/u_array/u_ref/g_row[8].g_col[19].u_pe/u_mul/u_dsp is not fully pipelined on the input side. AREG/BREG/CREG/DREG are not used.
Related violations: <none>

SYNTH-12#684 Warning
DSP input not registered  
DSP instance u_replay/g_array.u_array/u_array/u_ref/g_row[8].g_col[1].u_pe/u_mul/u_dsp is not fully pipelined on the input side. AREG/BREG/CREG/DREG are not used.
Related violations: <none>

SYNTH-12#685 Warning
DSP input not registered  
DSP instance u_replay/g_array.u_array/u_array/u_ref/g_row[8].g_col[20].u_pe/u_mul/u_dsp is not fully pipelined on the input side. AREG/BREG/CREG/DREG are not used.
Related violations: <none>

SYNTH-12#686 Warning
DSP input not registered  
DSP instance u_replay/g_array.u_array/u_array/u_ref/g_row[8].g_col[21].u_pe/u_mul/u_dsp is not fully pipelined on the input side. AREG/BREG/CREG/DREG are not used.
Related violations: <none>

SYNTH-12#687 Warning
DSP input not registered  
DSP instance u_replay/g_array.u_array/u_array/u_ref/g_row[8].g_col[22].u_pe/u_mul/u_dsp is not fully pipelined on the input side. AREG/BREG/CREG/DREG are not used.
Related violations: <none>

SYNTH-12#688 Warning
DSP input not registered  
DSP instance u_replay/g_array.u_array/u_array/u_ref/g_row[8].g_col[23].u_pe/u_mul/u_dsp is not fully pipelined on the input side. AREG/BREG/CREG/DREG are not used.
Related violations: <none>

SYNTH-12#689 Warning
DSP input not registered  
DSP instance u_replay/g_array.u_array/u_array/u_ref/g_row[8].g_col[24].u_pe/u_mul/u_dsp is not fully pipelined on the input side. AREG/BREG/CREG/DREG are not used.
Related violations: <none>

SYNTH-12#690 Warning
DSP input not registered  
DSP instance u_replay/g_array.u_array/u_array/u_ref/g_row[8].g_col[25].u_pe/u_mul/u_dsp is not fully pipelined on the input side. AREG/BREG/CREG/DREG are not used.
Related violations: <none>

SYNTH-12#691 Warning
DSP input not registered  
DSP instance u_replay/g_array.u_array/u_array/u_ref/g_row[8].g_col[26].u_pe/u_mul/u_dsp is not fully pipelined on the input side. AREG/BREG/CREG/DREG are not used.
Related violations: <none>

SYNTH-12#692 Warning
DSP input not registered  
DSP instance u_replay/g_array.u_array/u_array/u_ref/g_row[8].g_col[27].u_pe/u_mul/u_dsp is not fully pipelined on the input side. AREG/BREG/CREG/DREG are not used.
Related violations: <none>

SYNTH-12#693 Warning
DSP input not registered  
DSP instance u_replay/g_array.u_array/u_array/u_ref/g_row[8].g_col[28].u_pe/u_mul/u_dsp is not fully pipelined on the input side. AREG/BREG/CREG/DREG are not used.
Related violations: <none>

SYNTH-12#694 Warning
DSP input not registered  
DSP instance u_replay/g_array.u_array/u_array/u_ref/g_row[8].g_col[29].u_pe/u_mul/u_dsp is not fully pipelined on the input side. AREG/BREG/CREG/DREG are not used.
Related violations: <none>

SYNTH-12#695 Warning
DSP input not registered  
DSP instance u_replay/g_array.u_array/u_array/u_ref/g_row[8].g_col[2].u_pe/u_mul/u_dsp is not fully pipelined on the input side. AREG/BREG/CREG/DREG are not used.
Related violations: <none>

SYNTH-12#696 Warning
DSP input not registered  
DSP instance u_replay/g_array.u_array/u_array/u_ref/g_row[8].g_col[30].u_pe/u_mul/u_dsp is not fully pipelined on the input side. AREG/BREG/CREG/DREG are not used.
Related violations: <none>

SYNTH-12#697 Warning
DSP input not registered  
DSP instance u_replay/g_array.u_array/u_array/u_ref/g_row[8].g_col[31].u_pe/u_mul/u_dsp is not fully pipelined on the input side. AREG/BREG/CREG/DREG are not used.
Related violations: <none>

SYNTH-12#698 Warning
DSP input not registered  
DSP instance u_replay/g_array.u_array/u_array/u_ref/g_row[8].g_col[32].u_pe/u_mul/u_dsp is not fully pipelined on the input side. AREG/BREG/CREG/DREG are not used.
Related violations: <none>

SYNTH-12#699 Warning
DSP input not registered  
DSP instance u_replay/g_array.u_array/u_array/u_ref/g_row[8].g_col[33].u_pe/u_mul/u_dsp is not fully pipelined on the input side. AREG/BREG/CREG/DREG are not used.
Related violations: <none>

SYNTH-12#700 Warning
DSP input not registered  
DSP instance u_replay/g_array.u_array/u_array/u_ref/g_row[8].g_col[34].u_pe/u_mul/u_dsp is not fully pipelined on the input side. AREG/BREG/CREG/DREG are not used.
Related violations: <none>

SYNTH-12#701 Warning
DSP input not registered  
DSP instance u_replay/g_array.u_array/u_array/u_ref/g_row[8].g_col[35].u_pe/u_mul/u_dsp is not fully pipelined on the input side. AREG/BREG/CREG/DREG are not used.
Related violations: <none>

SYNTH-12#702 Warning
DSP input not registered  
DSP instance u_replay/g_array.u_array/u_array/u_ref/g_row[8].g_col[36].u_pe/u_mul/u_dsp is not fully pipelined on the input side. AREG/BREG/CREG/DREG are not used.
Related violations: <none>

SYNTH-12#703 Warning
DSP input not registered  
DSP instance u_replay/g_array.u_array/u_array/u_ref/g_row[8].g_col[37].u_pe/u_mul/u_dsp is not fully pipelined on the input side. AREG/BREG/CREG/DREG are not used.
Related violations: <none>

SYNTH-12#704 Warning
DSP input not registered  
DSP instance u_replay/g_array.u_array/u_array/u_ref/g_row[8].g_col[38].u_pe/u_mul/u_dsp is not fully pipelined on the input side. AREG/BREG/CREG/DREG are not used.
Related violations: <none>

SYNTH-12#705 Warning
DSP input not registered  
DSP instance u_replay/g_array.u_array/u_array/u_ref/g_row[8].g_col[39].u_pe/u_mul/u_dsp is not fully pipelined on the input side. AREG/BREG/CREG/DREG are not used.
Related violations: <none>

SYNTH-12#706 Warning
DSP input not registered  
DSP instance u_replay/g_array.u_array/u_array/u_ref/g_row[8].g_col[3].u_pe/u_mul/u_dsp is not fully pipelined on the input side. AREG/BREG/CREG/DREG are not used.
Related violations: <none>

SYNTH-12#707 Warning
DSP input not registered  
DSP instance u_replay/g_array.u_array/u_array/u_ref/g_row[8].g_col[40].u_pe/u_mul/u_dsp is not fully pipelined on the input side. AREG/BREG/CREG/DREG are not used.
Related violations: <none>

SYNTH-12#708 Warning
DSP input not registered  
DSP instance u_replay/g_array.u_array/u_array/u_ref/g_row[8].g_col[41].u_pe/u_mul/u_dsp is not fully pipelined on the input side. AREG/BREG/CREG/DREG are not used.
Related violations: <none>

SYNTH-12#709 Warning
DSP input not registered  
DSP instance u_replay/g_array.u_array/u_array/u_ref/g_row[8].g_col[42].u_pe/u_mul/u_dsp is not fully pipelined on the input side. AREG/BREG/CREG/DREG are not used.
Related violations: <none>

SYNTH-12#710 Warning
DSP input not registered  
DSP instance u_replay/g_array.u_array/u_array/u_ref/g_row[8].g_col[43].u_pe/u_mul/u_dsp is not fully pipelined on the input side. AREG/BREG/CREG/DREG are not used.
Related violations: <none>

SYNTH-12#711 Warning
DSP input not registered  
DSP instance u_replay/g_array.u_array/u_array/u_ref/g_row[8].g_col[44].u_pe/u_mul/u_dsp is not fully pipelined on the input side. AREG/BREG/CREG/DREG are not used.
Related violations: <none>

SYNTH-12#712 Warning
DSP input not registered  
DSP instance u_replay/g_array.u_array/u_array/u_ref/g_row[8].g_col[45].u_pe/u_mul/u_dsp is not fully pipelined on the input side. AREG/BREG/CREG/DREG are not used.
Related violations: <none>

SYNTH-12#713 Warning
DSP input not registered  
DSP instance u_replay/g_array.u_array/u_array/u_ref/g_row[8].g_col[46].u_pe/u_mul/u_dsp is not fully pipelined on the input side. AREG/BREG/CREG/DREG are not used.
Related violations: <none>

SYNTH-12#714 Warning
DSP input not registered  
DSP instance u_replay/g_array.u_array/u_array/u_ref/g_row[8].g_col[47].u_pe/u_mul/u_dsp is not fully pipelined on the input side. AREG/BREG/CREG/DREG are not used.
Related violations: <none>

SYNTH-12#715 Warning
DSP input not registered  
DSP instance u_replay/g_array.u_array/u_array/u_ref/g_row[8].g_col[4].u_pe/u_mul/u_dsp is not fully pipelined on the input side. AREG/BREG/CREG/DREG are not used.
Related violations: <none>

SYNTH-12#716 Warning
DSP input not registered  
DSP instance u_replay/g_array.u_array/u_array/u_ref/g_row[8].g_col[5].u_pe/u_mul/u_dsp is not fully pipelined on the input side. AREG/BREG/CREG/DREG are not used.
Related violations: <none>

SYNTH-12#717 Warning
DSP input not registered  
DSP instance u_replay/g_array.u_array/u_array/u_ref/g_row[8].g_col[6].u_pe/u_mul/u_dsp is not fully pipelined on the input side. AREG/BREG/CREG/DREG are not used.
Related violations: <none>

SYNTH-12#718 Warning
DSP input not registered  
DSP instance u_replay/g_array.u_array/u_array/u_ref/g_row[8].g_col[7].u_pe/u_mul/u_dsp is not fully pipelined on the input side. AREG/BREG/CREG/DREG are not used.
Related violations: <none>

SYNTH-12#719 Warning
DSP input not registered  
DSP instance u_replay/g_array.u_array/u_array/u_ref/g_row[8].g_col[8].u_pe/u_mul/u_dsp is not fully pipelined on the input side. AREG/BREG/CREG/DREG are not used.
Related violations: <none>

SYNTH-12#720 Warning
DSP input not registered  
DSP instance u_replay/g_array.u_array/u_array/u_ref/g_row[8].g_col[9].u_pe/u_mul/u_dsp is not fully pipelined on the input side. AREG/BREG/CREG/DREG are not used.
Related violations: <none>

SYNTH-12#721 Warning
DSP input not registered  
DSP instance u_replay/g_array.u_array/u_array/u_ref/g_row[9].g_col[0].u_pe/u_mul/u_dsp is not fully pipelined on the input side. AREG/BREG/CREG/DREG are not used.
Related violations: <none>

SYNTH-12#722 Warning
DSP input not registered  
DSP instance u_replay/g_array.u_array/u_array/u_ref/g_row[9].g_col[10].u_pe/u_mul/u_dsp is not fully pipelined on the input side. AREG/BREG/CREG/DREG are not used.
Related violations: <none>

SYNTH-12#723 Warning
DSP input not registered  
DSP instance u_replay/g_array.u_array/u_array/u_ref/g_row[9].g_col[11].u_pe/u_mul/u_dsp is not fully pipelined on the input side. AREG/BREG/CREG/DREG are not used.
Related violations: <none>

SYNTH-12#724 Warning
DSP input not registered  
DSP instance u_replay/g_array.u_array/u_array/u_ref/g_row[9].g_col[12].u_pe/u_mul/u_dsp is not fully pipelined on the input side. AREG/BREG/CREG/DREG are not used.
Related violations: <none>

SYNTH-12#725 Warning
DSP input not registered  
DSP instance u_replay/g_array.u_array/u_array/u_ref/g_row[9].g_col[13].u_pe/u_mul/u_dsp is not fully pipelined on the input side. AREG/BREG/CREG/DREG are not used.
Related violations: <none>

SYNTH-12#726 Warning
DSP input not registered  
DSP instance u_replay/g_array.u_array/u_array/u_ref/g_row[9].g_col[14].u_pe/u_mul/u_dsp is not fully pipelined on the input side. AREG/BREG/CREG/DREG are not used.
Related violations: <none>

SYNTH-12#727 Warning
DSP input not registered  
DSP instance u_replay/g_array.u_array/u_array/u_ref/g_row[9].g_col[15].u_pe/u_mul/u_dsp is not fully pipelined on the input side. AREG/BREG/CREG/DREG are not used.
Related violations: <none>

SYNTH-12#728 Warning
DSP input not registered  
DSP instance u_replay/g_array.u_array/u_array/u_ref/g_row[9].g_col[16].u_pe/u_mul/u_dsp is not fully pipelined on the input side. AREG/BREG/CREG/DREG are not used.
Related violations: <none>

SYNTH-12#729 Warning
DSP input not registered  
DSP instance u_replay/g_array.u_array/u_array/u_ref/g_row[9].g_col[17].u_pe/u_mul/u_dsp is not fully pipelined on the input side. AREG/BREG/CREG/DREG are not used.
Related violations: <none>

SYNTH-12#730 Warning
DSP input not registered  
DSP instance u_replay/g_array.u_array/u_array/u_ref/g_row[9].g_col[18].u_pe/u_mul/u_dsp is not fully pipelined on the input side. AREG/BREG/CREG/DREG are not used.
Related violations: <none>

SYNTH-12#731 Warning
DSP input not registered  
DSP instance u_replay/g_array.u_array/u_array/u_ref/g_row[9].g_col[19].u_pe/u_mul/u_dsp is not fully pipelined on the input side. AREG/BREG/CREG/DREG are not used.
Related violations: <none>

SYNTH-12#732 Warning
DSP input not registered  
DSP instance u_replay/g_array.u_array/u_array/u_ref/g_row[9].g_col[1].u_pe/u_mul/u_dsp is not fully pipelined on the input side. AREG/BREG/CREG/DREG are not used.
Related violations: <none>

SYNTH-12#733 Warning
DSP input not registered  
DSP instance u_replay/g_array.u_array/u_array/u_ref/g_row[9].g_col[20].u_pe/u_mul/u_dsp is not fully pipelined on the input side. AREG/BREG/CREG/DREG are not used.
Related violations: <none>

SYNTH-12#734 Warning
DSP input not registered  
DSP instance u_replay/g_array.u_array/u_array/u_ref/g_row[9].g_col[21].u_pe/u_mul/u_dsp is not fully pipelined on the input side. AREG/BREG/CREG/DREG are not used.
Related violations: <none>

SYNTH-12#735 Warning
DSP input not registered  
DSP instance u_replay/g_array.u_array/u_array/u_ref/g_row[9].g_col[22].u_pe/u_mul/u_dsp is not fully pipelined on the input side. AREG/BREG/CREG/DREG are not used.
Related violations: <none>

SYNTH-12#736 Warning
DSP input not registered  
DSP instance u_replay/g_array.u_array/u_array/u_ref/g_row[9].g_col[23].u_pe/u_mul/u_dsp is not fully pipelined on the input side. AREG/BREG/CREG/DREG are not used.
Related violations: <none>

SYNTH-12#737 Warning
DSP input not registered  
DSP instance u_replay/g_array.u_array/u_array/u_ref/g_row[9].g_col[24].u_pe/u_mul/u_dsp is not fully pipelined on the input side. AREG/BREG/CREG/DREG are not used.
Related violations: <none>

SYNTH-12#738 Warning
DSP input not registered  
DSP instance u_replay/g_array.u_array/u_array/u_ref/g_row[9].g_col[25].u_pe/u_mul/u_dsp is not fully pipelined on the input side. AREG/BREG/CREG/DREG are not used.
Related violations: <none>

SYNTH-12#739 Warning
DSP input not registered  
DSP instance u_replay/g_array.u_array/u_array/u_ref/g_row[9].g_col[26].u_pe/u_mul/u_dsp is not fully pipelined on the input side. AREG/BREG/CREG/DREG are not used.
Related violations: <none>

SYNTH-12#740 Warning
DSP input not registered  
DSP instance u_replay/g_array.u_array/u_array/u_ref/g_row[9].g_col[27].u_pe/u_mul/u_dsp is not fully pipelined on the input side. AREG/BREG/CREG/DREG are not used.
Related violations: <none>

SYNTH-12#741 Warning
DSP input not registered  
DSP instance u_replay/g_array.u_array/u_array/u_ref/g_row[9].g_col[28].u_pe/u_mul/u_dsp is not fully pipelined on the input side. AREG/BREG/CREG/DREG are not used.
Related violations: <none>

SYNTH-12#742 Warning
DSP input not registered  
DSP instance u_replay/g_array.u_array/u_array/u_ref/g_row[9].g_col[29].u_pe/u_mul/u_dsp is not fully pipelined on the input side. AREG/BREG/CREG/DREG are not used.
Related violations: <none>

SYNTH-12#743 Warning
DSP input not registered  
DSP instance u_replay/g_array.u_array/u_array/u_ref/g_row[9].g_col[2].u_pe/u_mul/u_dsp is not fully pipelined on the input side. AREG/BREG/CREG/DREG are not used.
Related violations: <none>

SYNTH-12#744 Warning
DSP input not registered  
DSP instance u_replay/g_array.u_array/u_array/u_ref/g_row[9].g_col[30].u_pe/u_mul/u_dsp is not fully pipelined on the input side. AREG/BREG/CREG/DREG are not used.
Related violations: <none>

SYNTH-12#745 Warning
DSP input not registered  
DSP instance u_replay/g_array.u_array/u_array/u_ref/g_row[9].g_col[31].u_pe/u_mul/u_dsp is not fully pipelined on the input side. AREG/BREG/CREG/DREG are not used.
Related violations: <none>

SYNTH-12#746 Warning
DSP input not registered  
DSP instance u_replay/g_array.u_array/u_array/u_ref/g_row[9].g_col[32].u_pe/u_mul/u_dsp is not fully pipelined on the input side. AREG/BREG/CREG/DREG are not used.
Related violations: <none>

SYNTH-12#747 Warning
DSP input not registered  
DSP instance u_replay/g_array.u_array/u_array/u_ref/g_row[9].g_col[33].u_pe/u_mul/u_dsp is not fully pipelined on the input side. AREG/BREG/CREG/DREG are not used.
Related violations: <none>

SYNTH-12#748 Warning
DSP input not registered  
DSP instance u_replay/g_array.u_array/u_array/u_ref/g_row[9].g_col[34].u_pe/u_mul/u_dsp is not fully pipelined on the input side. AREG/BREG/CREG/DREG are not used.
Related violations: <none>

SYNTH-12#749 Warning
DSP input not registered  
DSP instance u_replay/g_array.u_array/u_array/u_ref/g_row[9].g_col[35].u_pe/u_mul/u_dsp is not fully pipelined on the input side. AREG/BREG/CREG/DREG are not used.
Related violations: <none>

SYNTH-12#750 Warning
DSP input not registered  
DSP instance u_replay/g_array.u_array/u_array/u_ref/g_row[9].g_col[36].u_pe/u_mul/u_dsp is not fully pipelined on the input side. AREG/BREG/CREG/DREG are not used.
Related violations: <none>

SYNTH-12#751 Warning
DSP input not registered  
DSP instance u_replay/g_array.u_array/u_array/u_ref/g_row[9].g_col[37].u_pe/u_mul/u_dsp is not fully pipelined on the input side. AREG/BREG/CREG/DREG are not used.
Related violations: <none>

SYNTH-12#752 Warning
DSP input not registered  
DSP instance u_replay/g_array.u_array/u_array/u_ref/g_row[9].g_col[38].u_pe/u_mul/u_dsp is not fully pipelined on the input side. AREG/BREG/CREG/DREG are not used.
Related violations: <none>

SYNTH-12#753 Warning
DSP input not registered  
DSP instance u_replay/g_array.u_array/u_array/u_ref/g_row[9].g_col[39].u_pe/u_mul/u_dsp is not fully pipelined on the input side. AREG/BREG/CREG/DREG are not used.
Related violations: <none>

SYNTH-12#754 Warning
DSP input not registered  
DSP instance u_replay/g_array.u_array/u_array/u_ref/g_row[9].g_col[3].u_pe/u_mul/u_dsp is not fully pipelined on the input side. AREG/BREG/CREG/DREG are not used.
Related violations: <none>

SYNTH-12#755 Warning
DSP input not registered  
DSP instance u_replay/g_array.u_array/u_array/u_ref/g_row[9].g_col[40].u_pe/u_mul/u_dsp is not fully pipelined on the input side. AREG/BREG/CREG/DREG are not used.
Related violations: <none>

SYNTH-12#756 Warning
DSP input not registered  
DSP instance u_replay/g_array.u_array/u_array/u_ref/g_row[9].g_col[41].u_pe/u_mul/u_dsp is not fully pipelined on the input side. AREG/BREG/CREG/DREG are not used.
Related violations: <none>

SYNTH-12#757 Warning
DSP input not registered  
DSP instance u_replay/g_array.u_array/u_array/u_ref/g_row[9].g_col[42].u_pe/u_mul/u_dsp is not fully pipelined on the input side. AREG/BREG/CREG/DREG are not used.
Related violations: <none>

SYNTH-12#758 Warning
DSP input not registered  
DSP instance u_replay/g_array.u_array/u_array/u_ref/g_row[9].g_col[43].u_pe/u_mul/u_dsp is not fully pipelined on the input side. AREG/BREG/CREG/DREG are not used.
Related violations: <none>

SYNTH-12#759 Warning
DSP input not registered  
DSP instance u_replay/g_array.u_array/u_array/u_ref/g_row[9].g_col[44].u_pe/u_mul/u_dsp is not fully pipelined on the input side. AREG/BREG/CREG/DREG are not used.
Related violations: <none>

SYNTH-12#760 Warning
DSP input not registered  
DSP instance u_replay/g_array.u_array/u_array/u_ref/g_row[9].g_col[45].u_pe/u_mul/u_dsp is not fully pipelined on the input side. AREG/BREG/CREG/DREG are not used.
Related violations: <none>

SYNTH-12#761 Warning
DSP input not registered  
DSP instance u_replay/g_array.u_array/u_array/u_ref/g_row[9].g_col[46].u_pe/u_mul/u_dsp is not fully pipelined on the input side. AREG/BREG/CREG/DREG are not used.
Related violations: <none>

SYNTH-12#762 Warning
DSP input not registered  
DSP instance u_replay/g_array.u_array/u_array/u_ref/g_row[9].g_col[47].u_pe/u_mul/u_dsp is not fully pipelined on the input side. AREG/BREG/CREG/DREG are not used.
Related violations: <none>

SYNTH-12#763 Warning
DSP input not registered  
DSP instance u_replay/g_array.u_array/u_array/u_ref/g_row[9].g_col[4].u_pe/u_mul/u_dsp is not fully pipelined on the input side. AREG/BREG/CREG/DREG are not used.
Related violations: <none>

SYNTH-12#764 Warning
DSP input not registered  
DSP instance u_replay/g_array.u_array/u_array/u_ref/g_row[9].g_col[5].u_pe/u_mul/u_dsp is not fully pipelined on the input side. AREG/BREG/CREG/DREG are not used.
Related violations: <none>

SYNTH-12#765 Warning
DSP input not registered  
DSP instance u_replay/g_array.u_array/u_array/u_ref/g_row[9].g_col[6].u_pe/u_mul/u_dsp is not fully pipelined on the input side. AREG/BREG/CREG/DREG are not used.
Related violations: <none>

SYNTH-12#766 Warning
DSP input not registered  
DSP instance u_replay/g_array.u_array/u_array/u_ref/g_row[9].g_col[7].u_pe/u_mul/u_dsp is not fully pipelined on the input side. AREG/BREG/CREG/DREG are not used.
Related violations: <none>

SYNTH-12#767 Warning
DSP input not registered  
DSP instance u_replay/g_array.u_array/u_array/u_ref/g_row[9].g_col[8].u_pe/u_mul/u_dsp is not fully pipelined on the input side. AREG/BREG/CREG/DREG are not used.
Related violations: <none>

SYNTH-12#768 Warning
DSP input not registered  
DSP instance u_replay/g_array.u_array/u_array/u_ref/g_row[9].g_col[9].u_pe/u_mul/u_dsp is not fully pipelined on the input side. AREG/BREG/CREG/DREG are not used.
Related violations: <none>

TIMING-18#1 Warning
Missing input or output delay  
An input delay is missing on activation_data[0] relative to clock(s) clk
Related violations: <none>

TIMING-18#2 Warning
Missing input or output delay  
An input delay is missing on activation_data[100] relative to clock(s) clk
Related violations: <none>

TIMING-18#3 Warning
Missing input or output delay  
An input delay is missing on activation_data[101] relative to clock(s) clk
Related violations: <none>

TIMING-18#4 Warning
Missing input or output delay  
An input delay is missing on activation_data[102] relative to clock(s) clk
Related violations: <none>

TIMING-18#5 Warning
Missing input or output delay  
An input delay is missing on activation_data[103] relative to clock(s) clk
Related violations: <none>

TIMING-18#6 Warning
Missing input or output delay  
An input delay is missing on activation_data[104] relative to clock(s) clk
Related violations: <none>

TIMING-18#7 Warning
Missing input or output delay  
An input delay is missing on activation_data[105] relative to clock(s) clk
Related violations: <none>

TIMING-18#8 Warning
Missing input or output delay  
An input delay is missing on activation_data[106] relative to clock(s) clk
Related violations: <none>

TIMING-18#9 Warning
Missing input or output delay  
An input delay is missing on activation_data[107] relative to clock(s) clk
Related violations: <none>

TIMING-18#10 Warning
Missing input or output delay  
An input delay is missing on activation_data[108] relative to clock(s) clk
Related violations: <none>

TIMING-18#11 Warning
Missing input or output delay  
An input delay is missing on activation_data[109] relative to clock(s) clk
Related violations: <none>

TIMING-18#12 Warning
Missing input or output delay  
An input delay is missing on activation_data[10] relative to clock(s) clk
Related violations: <none>

TIMING-18#13 Warning
Missing input or output delay  
An input delay is missing on activation_data[110] relative to clock(s) clk
Related violations: <none>

TIMING-18#14 Warning
Missing input or output delay  
An input delay is missing on activation_data[111] relative to clock(s) clk
Related violations: <none>

TIMING-18#15 Warning
Missing input or output delay  
An input delay is missing on activation_data[112] relative to clock(s) clk
Related violations: <none>

TIMING-18#16 Warning
Missing input or output delay  
An input delay is missing on activation_data[113] relative to clock(s) clk
Related violations: <none>

TIMING-18#17 Warning
Missing input or output delay  
An input delay is missing on activation_data[114] relative to clock(s) clk
Related violations: <none>

TIMING-18#18 Warning
Missing input or output delay  
An input delay is missing on activation_data[115] relative to clock(s) clk
Related violations: <none>

TIMING-18#19 Warning
Missing input or output delay  
An input delay is missing on activation_data[116] relative to clock(s) clk
Related violations: <none>

TIMING-18#20 Warning
Missing input or output delay  
An input delay is missing on activation_data[117] relative to clock(s) clk
Related violations: <none>

TIMING-18#21 Warning
Missing input or output delay  
An input delay is missing on activation_data[118] relative to clock(s) clk
Related violations: <none>

TIMING-18#22 Warning
Missing input or output delay  
An input delay is missing on activation_data[119] relative to clock(s) clk
Related violations: <none>

TIMING-18#23 Warning
Missing input or output delay  
An input delay is missing on activation_data[11] relative to clock(s) clk
Related violations: <none>

TIMING-18#24 Warning
Missing input or output delay  
An input delay is missing on activation_data[120] relative to clock(s) clk
Related violations: <none>

TIMING-18#25 Warning
Missing input or output delay  
An input delay is missing on activation_data[121] relative to clock(s) clk
Related violations: <none>

TIMING-18#26 Warning
Missing input or output delay  
An input delay is missing on activation_data[122] relative to clock(s) clk
Related violations: <none>

TIMING-18#27 Warning
Missing input or output delay  
An input delay is missing on activation_data[123] relative to clock(s) clk
Related violations: <none>

TIMING-18#28 Warning
Missing input or output delay  
An input delay is missing on activation_data[124] relative to clock(s) clk
Related violations: <none>

TIMING-18#29 Warning
Missing input or output delay  
An input delay is missing on activation_data[125] relative to clock(s) clk
Related violations: <none>

TIMING-18#30 Warning
Missing input or output delay  
An input delay is missing on activation_data[126] relative to clock(s) clk
Related violations: <none>

TIMING-18#31 Warning
Missing input or output delay  
An input delay is missing on activation_data[127] relative to clock(s) clk
Related violations: <none>

TIMING-18#32 Warning
Missing input or output delay  
An input delay is missing on activation_data[12] relative to clock(s) clk
Related violations: <none>

TIMING-18#33 Warning
Missing input or output delay  
An input delay is missing on activation_data[13] relative to clock(s) clk
Related violations: <none>

TIMING-18#34 Warning
Missing input or output delay  
An input delay is missing on activation_data[14] relative to clock(s) clk
Related violations: <none>

TIMING-18#35 Warning
Missing input or output delay  
An input delay is missing on activation_data[15] relative to clock(s) clk
Related violations: <none>

TIMING-18#36 Warning
Missing input or output delay  
An input delay is missing on activation_data[16] relative to clock(s) clk
Related violations: <none>

TIMING-18#37 Warning
Missing input or output delay  
An input delay is missing on activation_data[17] relative to clock(s) clk
Related violations: <none>

TIMING-18#38 Warning
Missing input or output delay  
An input delay is missing on activation_data[18] relative to clock(s) clk
Related violations: <none>

TIMING-18#39 Warning
Missing input or output delay  
An input delay is missing on activation_data[19] relative to clock(s) clk
Related violations: <none>

TIMING-18#40 Warning
Missing input or output delay  
An input delay is missing on activation_data[1] relative to clock(s) clk
Related violations: <none>

TIMING-18#41 Warning
Missing input or output delay  
An input delay is missing on activation_data[20] relative to clock(s) clk
Related violations: <none>

TIMING-18#42 Warning
Missing input or output delay  
An input delay is missing on activation_data[21] relative to clock(s) clk
Related violations: <none>

TIMING-18#43 Warning
Missing input or output delay  
An input delay is missing on activation_data[22] relative to clock(s) clk
Related violations: <none>

TIMING-18#44 Warning
Missing input or output delay  
An input delay is missing on activation_data[23] relative to clock(s) clk
Related violations: <none>

TIMING-18#45 Warning
Missing input or output delay  
An input delay is missing on activation_data[24] relative to clock(s) clk
Related violations: <none>

TIMING-18#46 Warning
Missing input or output delay  
An input delay is missing on activation_data[25] relative to clock(s) clk
Related violations: <none>

TIMING-18#47 Warning
Missing input or output delay  
An input delay is missing on activation_data[26] relative to clock(s) clk
Related violations: <none>

TIMING-18#48 Warning
Missing input or output delay  
An input delay is missing on activation_data[27] relative to clock(s) clk
Related violations: <none>

TIMING-18#49 Warning
Missing input or output delay  
An input delay is missing on activation_data[28] relative to clock(s) clk
Related violations: <none>

TIMING-18#50 Warning
Missing input or output delay  
An input delay is missing on activation_data[29] relative to clock(s) clk
Related violations: <none>

TIMING-18#51 Warning
Missing input or output delay  
An input delay is missing on activation_data[2] relative to clock(s) clk
Related violations: <none>

TIMING-18#52 Warning
Missing input or output delay  
An input delay is missing on activation_data[30] relative to clock(s) clk
Related violations: <none>

TIMING-18#53 Warning
Missing input or output delay  
An input delay is missing on activation_data[31] relative to clock(s) clk
Related violations: <none>

TIMING-18#54 Warning
Missing input or output delay  
An input delay is missing on activation_data[32] relative to clock(s) clk
Related violations: <none>

TIMING-18#55 Warning
Missing input or output delay  
An input delay is missing on activation_data[33] relative to clock(s) clk
Related violations: <none>

TIMING-18#56 Warning
Missing input or output delay  
An input delay is missing on activation_data[34] relative to clock(s) clk
Related violations: <none>

TIMING-18#57 Warning
Missing input or output delay  
An input delay is missing on activation_data[35] relative to clock(s) clk
Related violations: <none>

TIMING-18#58 Warning
Missing input or output delay  
An input delay is missing on activation_data[36] relative to clock(s) clk
Related violations: <none>

TIMING-18#59 Warning
Missing input or output delay  
An input delay is missing on activation_data[37] relative to clock(s) clk
Related violations: <none>

TIMING-18#60 Warning
Missing input or output delay  
An input delay is missing on activation_data[38] relative to clock(s) clk
Related violations: <none>

TIMING-18#61 Warning
Missing input or output delay  
An input delay is missing on activation_data[39] relative to clock(s) clk
Related violations: <none>

TIMING-18#62 Warning
Missing input or output delay  
An input delay is missing on activation_data[3] relative to clock(s) clk
Related violations: <none>

TIMING-18#63 Warning
Missing input or output delay  
An input delay is missing on activation_data[40] relative to clock(s) clk
Related violations: <none>

TIMING-18#64 Warning
Missing input or output delay  
An input delay is missing on activation_data[41] relative to clock(s) clk
Related violations: <none>

TIMING-18#65 Warning
Missing input or output delay  
An input delay is missing on activation_data[42] relative to clock(s) clk
Related violations: <none>

TIMING-18#66 Warning
Missing input or output delay  
An input delay is missing on activation_data[43] relative to clock(s) clk
Related violations: <none>

TIMING-18#67 Warning
Missing input or output delay  
An input delay is missing on activation_data[44] relative to clock(s) clk
Related violations: <none>

TIMING-18#68 Warning
Missing input or output delay  
An input delay is missing on activation_data[45] relative to clock(s) clk
Related violations: <none>

TIMING-18#69 Warning
Missing input or output delay  
An input delay is missing on activation_data[46] relative to clock(s) clk
Related violations: <none>

TIMING-18#70 Warning
Missing input or output delay  
An input delay is missing on activation_data[47] relative to clock(s) clk
Related violations: <none>

TIMING-18#71 Warning
Missing input or output delay  
An input delay is missing on activation_data[48] relative to clock(s) clk
Related violations: <none>

TIMING-18#72 Warning
Missing input or output delay  
An input delay is missing on activation_data[49] relative to clock(s) clk
Related violations: <none>

TIMING-18#73 Warning
Missing input or output delay  
An input delay is missing on activation_data[4] relative to clock(s) clk
Related violations: <none>

TIMING-18#74 Warning
Missing input or output delay  
An input delay is missing on activation_data[50] relative to clock(s) clk
Related violations: <none>

TIMING-18#75 Warning
Missing input or output delay  
An input delay is missing on activation_data[51] relative to clock(s) clk
Related violations: <none>

TIMING-18#76 Warning
Missing input or output delay  
An input delay is missing on activation_data[52] relative to clock(s) clk
Related violations: <none>

TIMING-18#77 Warning
Missing input or output delay  
An input delay is missing on activation_data[53] relative to clock(s) clk
Related violations: <none>

TIMING-18#78 Warning
Missing input or output delay  
An input delay is missing on activation_data[54] relative to clock(s) clk
Related violations: <none>

TIMING-18#79 Warning
Missing input or output delay  
An input delay is missing on activation_data[55] relative to clock(s) clk
Related violations: <none>

TIMING-18#80 Warning
Missing input or output delay  
An input delay is missing on activation_data[56] relative to clock(s) clk
Related violations: <none>

TIMING-18#81 Warning
Missing input or output delay  
An input delay is missing on activation_data[57] relative to clock(s) clk
Related violations: <none>

TIMING-18#82 Warning
Missing input or output delay  
An input delay is missing on activation_data[58] relative to clock(s) clk
Related violations: <none>

TIMING-18#83 Warning
Missing input or output delay  
An input delay is missing on activation_data[59] relative to clock(s) clk
Related violations: <none>

TIMING-18#84 Warning
Missing input or output delay  
An input delay is missing on activation_data[5] relative to clock(s) clk
Related violations: <none>

TIMING-18#85 Warning
Missing input or output delay  
An input delay is missing on activation_data[60] relative to clock(s) clk
Related violations: <none>

TIMING-18#86 Warning
Missing input or output delay  
An input delay is missing on activation_data[61] relative to clock(s) clk
Related violations: <none>

TIMING-18#87 Warning
Missing input or output delay  
An input delay is missing on activation_data[62] relative to clock(s) clk
Related violations: <none>

TIMING-18#88 Warning
Missing input or output delay  
An input delay is missing on activation_data[63] relative to clock(s) clk
Related violations: <none>

TIMING-18#89 Warning
Missing input or output delay  
An input delay is missing on activation_data[64] relative to clock(s) clk
Related violations: <none>

TIMING-18#90 Warning
Missing input or output delay  
An input delay is missing on activation_data[65] relative to clock(s) clk
Related violations: <none>

TIMING-18#91 Warning
Missing input or output delay  
An input delay is missing on activation_data[66] relative to clock(s) clk
Related violations: <none>

TIMING-18#92 Warning
Missing input or output delay  
An input delay is missing on activation_data[67] relative to clock(s) clk
Related violations: <none>

TIMING-18#93 Warning
Missing input or output delay  
An input delay is missing on activation_data[68] relative to clock(s) clk
Related violations: <none>

TIMING-18#94 Warning
Missing input or output delay  
An input delay is missing on activation_data[69] relative to clock(s) clk
Related violations: <none>

TIMING-18#95 Warning
Missing input or output delay  
An input delay is missing on activation_data[6] relative to clock(s) clk
Related violations: <none>

TIMING-18#96 Warning
Missing input or output delay  
An input delay is missing on activation_data[70] relative to clock(s) clk
Related violations: <none>

TIMING-18#97 Warning
Missing input or output delay  
An input delay is missing on activation_data[71] relative to clock(s) clk
Related violations: <none>

TIMING-18#98 Warning
Missing input or output delay  
An input delay is missing on activation_data[72] relative to clock(s) clk
Related violations: <none>

TIMING-18#99 Warning
Missing input or output delay  
An input delay is missing on activation_data[73] relative to clock(s) clk
Related violations: <none>

TIMING-18#100 Warning
Missing input or output delay  
An input delay is missing on activation_data[74] relative to clock(s) clk
Related violations: <none>

TIMING-18#101 Warning
Missing input or output delay  
An input delay is missing on activation_data[75] relative to clock(s) clk
Related violations: <none>

TIMING-18#102 Warning
Missing input or output delay  
An input delay is missing on activation_data[76] relative to clock(s) clk
Related violations: <none>

TIMING-18#103 Warning
Missing input or output delay  
An input delay is missing on activation_data[77] relative to clock(s) clk
Related violations: <none>

TIMING-18#104 Warning
Missing input or output delay  
An input delay is missing on activation_data[78] relative to clock(s) clk
Related violations: <none>

TIMING-18#105 Warning
Missing input or output delay  
An input delay is missing on activation_data[79] relative to clock(s) clk
Related violations: <none>

TIMING-18#106 Warning
Missing input or output delay  
An input delay is missing on activation_data[7] relative to clock(s) clk
Related violations: <none>

TIMING-18#107 Warning
Missing input or output delay  
An input delay is missing on activation_data[80] relative to clock(s) clk
Related violations: <none>

TIMING-18#108 Warning
Missing input or output delay  
An input delay is missing on activation_data[81] relative to clock(s) clk
Related violations: <none>

TIMING-18#109 Warning
Missing input or output delay  
An input delay is missing on activation_data[82] relative to clock(s) clk
Related violations: <none>

TIMING-18#110 Warning
Missing input or output delay  
An input delay is missing on activation_data[83] relative to clock(s) clk
Related violations: <none>

TIMING-18#111 Warning
Missing input or output delay  
An input delay is missing on activation_data[84] relative to clock(s) clk
Related violations: <none>

TIMING-18#112 Warning
Missing input or output delay  
An input delay is missing on activation_data[85] relative to clock(s) clk
Related violations: <none>

TIMING-18#113 Warning
Missing input or output delay  
An input delay is missing on activation_data[86] relative to clock(s) clk
Related violations: <none>

TIMING-18#114 Warning
Missing input or output delay  
An input delay is missing on activation_data[87] relative to clock(s) clk
Related violations: <none>

TIMING-18#115 Warning
Missing input or output delay  
An input delay is missing on activation_data[88] relative to clock(s) clk
Related violations: <none>

TIMING-18#116 Warning
Missing input or output delay  
An input delay is missing on activation_data[89] relative to clock(s) clk
Related violations: <none>

TIMING-18#117 Warning
Missing input or output delay  
An input delay is missing on activation_data[8] relative to clock(s) clk
Related violations: <none>

TIMING-18#118 Warning
Missing input or output delay  
An input delay is missing on activation_data[90] relative to clock(s) clk
Related violations: <none>

TIMING-18#119 Warning
Missing input or output delay  
An input delay is missing on activation_data[91] relative to clock(s) clk
Related violations: <none>

TIMING-18#120 Warning
Missing input or output delay  
An input delay is missing on activation_data[92] relative to clock(s) clk
Related violations: <none>

TIMING-18#121 Warning
Missing input or output delay  
An input delay is missing on activation_data[93] relative to clock(s) clk
Related violations: <none>

TIMING-18#122 Warning
Missing input or output delay  
An input delay is missing on activation_data[94] relative to clock(s) clk
Related violations: <none>

TIMING-18#123 Warning
Missing input or output delay  
An input delay is missing on activation_data[95] relative to clock(s) clk
Related violations: <none>

TIMING-18#124 Warning
Missing input or output delay  
An input delay is missing on activation_data[96] relative to clock(s) clk
Related violations: <none>

TIMING-18#125 Warning
Missing input or output delay  
An input delay is missing on activation_data[97] relative to clock(s) clk
Related violations: <none>

TIMING-18#126 Warning
Missing input or output delay  
An input delay is missing on activation_data[98] relative to clock(s) clk
Related violations: <none>

TIMING-18#127 Warning
Missing input or output delay  
An input delay is missing on activation_data[99] relative to clock(s) clk
Related violations: <none>

TIMING-18#128 Warning
Missing input or output delay  
An input delay is missing on activation_data[9] relative to clock(s) clk
Related violations: <none>

TIMING-18#129 Warning
Missing input or output delay  
An input delay is missing on activation_valid relative to clock(s) clk
Related violations: <none>

TIMING-18#130 Warning
Missing input or output delay  
An output delay is missing on activation_ready relative to clock(s) clk
Related violations: <none>

TIMING-18#131 Warning
Missing input or output delay  
An output delay is missing on activity_optimization_hits[0] relative to clock(s) clk
Related violations: <none>

TIMING-18#132 Warning
Missing input or output delay  
An output delay is missing on activity_optimization_hits[10] relative to clock(s) clk
Related violations: <none>

TIMING-18#133 Warning
Missing input or output delay  
An output delay is missing on activity_optimization_hits[11] relative to clock(s) clk
Related violations: <none>

TIMING-18#134 Warning
Missing input or output delay  
An output delay is missing on activity_optimization_hits[12] relative to clock(s) clk
Related violations: <none>

TIMING-18#135 Warning
Missing input or output delay  
An output delay is missing on activity_optimization_hits[13] relative to clock(s) clk
Related violations: <none>

TIMING-18#136 Warning
Missing input or output delay  
An output delay is missing on activity_optimization_hits[14] relative to clock(s) clk
Related violations: <none>

TIMING-18#137 Warning
Missing input or output delay  
An output delay is missing on activity_optimization_hits[15] relative to clock(s) clk
Related violations: <none>

TIMING-18#138 Warning
Missing input or output delay  
An output delay is missing on activity_optimization_hits[16] relative to clock(s) clk
Related violations: <none>

TIMING-18#139 Warning
Missing input or output delay  
An output delay is missing on activity_optimization_hits[17] relative to clock(s) clk
Related violations: <none>

TIMING-18#140 Warning
Missing input or output delay  
An output delay is missing on activity_optimization_hits[18] relative to clock(s) clk
Related violations: <none>

TIMING-18#141 Warning
Missing input or output delay  
An output delay is missing on activity_optimization_hits[19] relative to clock(s) clk
Related violations: <none>

TIMING-18#142 Warning
Missing input or output delay  
An output delay is missing on activity_optimization_hits[1] relative to clock(s) clk
Related violations: <none>

TIMING-18#143 Warning
Missing input or output delay  
An output delay is missing on activity_optimization_hits[20] relative to clock(s) clk
Related violations: <none>

TIMING-18#144 Warning
Missing input or output delay  
An output delay is missing on activity_optimization_hits[21] relative to clock(s) clk
Related violations: <none>

TIMING-18#145 Warning
Missing input or output delay  
An output delay is missing on activity_optimization_hits[22] relative to clock(s) clk
Related violations: <none>

TIMING-18#146 Warning
Missing input or output delay  
An output delay is missing on activity_optimization_hits[23] relative to clock(s) clk
Related violations: <none>

TIMING-18#147 Warning
Missing input or output delay  
An output delay is missing on activity_optimization_hits[24] relative to clock(s) clk
Related violations: <none>

TIMING-18#148 Warning
Missing input or output delay  
An output delay is missing on activity_optimization_hits[25] relative to clock(s) clk
Related violations: <none>

TIMING-18#149 Warning
Missing input or output delay  
An output delay is missing on activity_optimization_hits[26] relative to clock(s) clk
Related violations: <none>

TIMING-18#150 Warning
Missing input or output delay  
An output delay is missing on activity_optimization_hits[27] relative to clock(s) clk
Related violations: <none>

TIMING-18#151 Warning
Missing input or output delay  
An output delay is missing on activity_optimization_hits[28] relative to clock(s) clk
Related violations: <none>

TIMING-18#152 Warning
Missing input or output delay  
An output delay is missing on activity_optimization_hits[29] relative to clock(s) clk
Related violations: <none>

TIMING-18#153 Warning
Missing input or output delay  
An output delay is missing on activity_optimization_hits[2] relative to clock(s) clk
Related violations: <none>

TIMING-18#154 Warning
Missing input or output delay  
An output delay is missing on activity_optimization_hits[30] relative to clock(s) clk
Related violations: <none>

TIMING-18#155 Warning
Missing input or output delay  
An output delay is missing on activity_optimization_hits[31] relative to clock(s) clk
Related violations: <none>

TIMING-18#156 Warning
Missing input or output delay  
An output delay is missing on activity_optimization_hits[32] relative to clock(s) clk
Related violations: <none>

TIMING-18#157 Warning
Missing input or output delay  
An output delay is missing on activity_optimization_hits[33] relative to clock(s) clk
Related violations: <none>

TIMING-18#158 Warning
Missing input or output delay  
An output delay is missing on activity_optimization_hits[34] relative to clock(s) clk
Related violations: <none>

TIMING-18#159 Warning
Missing input or output delay  
An output delay is missing on activity_optimization_hits[35] relative to clock(s) clk
Related violations: <none>

TIMING-18#160 Warning
Missing input or output delay  
An output delay is missing on activity_optimization_hits[36] relative to clock(s) clk
Related violations: <none>

TIMING-18#161 Warning
Missing input or output delay  
An output delay is missing on activity_optimization_hits[37] relative to clock(s) clk
Related violations: <none>

TIMING-18#162 Warning
Missing input or output delay  
An output delay is missing on activity_optimization_hits[38] relative to clock(s) clk
Related violations: <none>

TIMING-18#163 Warning
Missing input or output delay  
An output delay is missing on activity_optimization_hits[39] relative to clock(s) clk
Related violations: <none>

TIMING-18#164 Warning
Missing input or output delay  
An output delay is missing on activity_optimization_hits[3] relative to clock(s) clk
Related violations: <none>

TIMING-18#165 Warning
Missing input or output delay  
An output delay is missing on activity_optimization_hits[40] relative to clock(s) clk
Related violations: <none>

TIMING-18#166 Warning
Missing input or output delay  
An output delay is missing on activity_optimization_hits[41] relative to clock(s) clk
Related violations: <none>

TIMING-18#167 Warning
Missing input or output delay  
An output delay is missing on activity_optimization_hits[42] relative to clock(s) clk
Related violations: <none>

TIMING-18#168 Warning
Missing input or output delay  
An output delay is missing on activity_optimization_hits[43] relative to clock(s) clk
Related violations: <none>

TIMING-18#169 Warning
Missing input or output delay  
An output delay is missing on activity_optimization_hits[44] relative to clock(s) clk
Related violations: <none>

TIMING-18#170 Warning
Missing input or output delay  
An output delay is missing on activity_optimization_hits[45] relative to clock(s) clk
Related violations: <none>

TIMING-18#171 Warning
Missing input or output delay  
An output delay is missing on activity_optimization_hits[46] relative to clock(s) clk
Related violations: <none>

TIMING-18#172 Warning
Missing input or output delay  
An output delay is missing on activity_optimization_hits[47] relative to clock(s) clk
Related violations: <none>

TIMING-18#173 Warning
Missing input or output delay  
An output delay is missing on activity_optimization_hits[48] relative to clock(s) clk
Related violations: <none>

TIMING-18#174 Warning
Missing input or output delay  
An output delay is missing on activity_optimization_hits[49] relative to clock(s) clk
Related violations: <none>

TIMING-18#175 Warning
Missing input or output delay  
An output delay is missing on activity_optimization_hits[4] relative to clock(s) clk
Related violations: <none>

TIMING-18#176 Warning
Missing input or output delay  
An output delay is missing on activity_optimization_hits[50] relative to clock(s) clk
Related violations: <none>

TIMING-18#177 Warning
Missing input or output delay  
An output delay is missing on activity_optimization_hits[51] relative to clock(s) clk
Related violations: <none>

TIMING-18#178 Warning
Missing input or output delay  
An output delay is missing on activity_optimization_hits[52] relative to clock(s) clk
Related violations: <none>

TIMING-18#179 Warning
Missing input or output delay  
An output delay is missing on activity_optimization_hits[53] relative to clock(s) clk
Related violations: <none>

TIMING-18#180 Warning
Missing input or output delay  
An output delay is missing on activity_optimization_hits[54] relative to clock(s) clk
Related violations: <none>

TIMING-18#181 Warning
Missing input or output delay  
An output delay is missing on activity_optimization_hits[55] relative to clock(s) clk
Related violations: <none>

TIMING-18#182 Warning
Missing input or output delay  
An output delay is missing on activity_optimization_hits[56] relative to clock(s) clk
Related violations: <none>

TIMING-18#183 Warning
Missing input or output delay  
An output delay is missing on activity_optimization_hits[57] relative to clock(s) clk
Related violations: <none>

TIMING-18#184 Warning
Missing input or output delay  
An output delay is missing on activity_optimization_hits[58] relative to clock(s) clk
Related violations: <none>

TIMING-18#185 Warning
Missing input or output delay  
An output delay is missing on activity_optimization_hits[59] relative to clock(s) clk
Related violations: <none>

TIMING-18#186 Warning
Missing input or output delay  
An output delay is missing on activity_optimization_hits[5] relative to clock(s) clk
Related violations: <none>

TIMING-18#187 Warning
Missing input or output delay  
An output delay is missing on activity_optimization_hits[60] relative to clock(s) clk
Related violations: <none>

TIMING-18#188 Warning
Missing input or output delay  
An output delay is missing on activity_optimization_hits[61] relative to clock(s) clk
Related violations: <none>

TIMING-18#189 Warning
Missing input or output delay  
An output delay is missing on activity_optimization_hits[62] relative to clock(s) clk
Related violations: <none>

TIMING-18#190 Warning
Missing input or output delay  
An output delay is missing on activity_optimization_hits[63] relative to clock(s) clk
Related violations: <none>

TIMING-18#191 Warning
Missing input or output delay  
An output delay is missing on activity_optimization_hits[6] relative to clock(s) clk
Related violations: <none>

TIMING-18#192 Warning
Missing input or output delay  
An output delay is missing on activity_optimization_hits[7] relative to clock(s) clk
Related violations: <none>

TIMING-18#193 Warning
Missing input or output delay  
An output delay is missing on activity_optimization_hits[8] relative to clock(s) clk
Related violations: <none>

TIMING-18#194 Warning
Missing input or output delay  
An output delay is missing on activity_optimization_hits[9] relative to clock(s) clk
Related violations: <none>

TIMING-18#195 Warning
Missing input or output delay  
An output delay is missing on activity_output_bytes[0] relative to clock(s) clk
Related violations: <none>

TIMING-18#196 Warning
Missing input or output delay  
An output delay is missing on activity_output_bytes[10] relative to clock(s) clk
Related violations: <none>

TIMING-18#197 Warning
Missing input or output delay  
An output delay is missing on activity_output_bytes[11] relative to clock(s) clk
Related violations: <none>

TIMING-18#198 Warning
Missing input or output delay  
An output delay is missing on activity_output_bytes[12] relative to clock(s) clk
Related violations: <none>

TIMING-18#199 Warning
Missing input or output delay  
An output delay is missing on activity_output_bytes[13] relative to clock(s) clk
Related violations: <none>

TIMING-18#200 Warning
Missing input or output delay  
An output delay is missing on activity_output_bytes[14] relative to clock(s) clk
Related violations: <none>

TIMING-18#201 Warning
Missing input or output delay  
An output delay is missing on activity_output_bytes[15] relative to clock(s) clk
Related violations: <none>

TIMING-18#202 Warning
Missing input or output delay  
An output delay is missing on activity_output_bytes[16] relative to clock(s) clk
Related violations: <none>

TIMING-18#203 Warning
Missing input or output delay  
An output delay is missing on activity_output_bytes[17] relative to clock(s) clk
Related violations: <none>

TIMING-18#204 Warning
Missing input or output delay  
An output delay is missing on activity_output_bytes[18] relative to clock(s) clk
Related violations: <none>

TIMING-18#205 Warning
Missing input or output delay  
An output delay is missing on activity_output_bytes[19] relative to clock(s) clk
Related violations: <none>

TIMING-18#206 Warning
Missing input or output delay  
An output delay is missing on activity_output_bytes[1] relative to clock(s) clk
Related violations: <none>

TIMING-18#207 Warning
Missing input or output delay  
An output delay is missing on activity_output_bytes[20] relative to clock(s) clk
Related violations: <none>

TIMING-18#208 Warning
Missing input or output delay  
An output delay is missing on activity_output_bytes[21] relative to clock(s) clk
Related violations: <none>

TIMING-18#209 Warning
Missing input or output delay  
An output delay is missing on activity_output_bytes[22] relative to clock(s) clk
Related violations: <none>

TIMING-18#210 Warning
Missing input or output delay  
An output delay is missing on activity_output_bytes[23] relative to clock(s) clk
Related violations: <none>

TIMING-18#211 Warning
Missing input or output delay  
An output delay is missing on activity_output_bytes[24] relative to clock(s) clk
Related violations: <none>

TIMING-18#212 Warning
Missing input or output delay  
An output delay is missing on activity_output_bytes[25] relative to clock(s) clk
Related violations: <none>

TIMING-18#213 Warning
Missing input or output delay  
An output delay is missing on activity_output_bytes[26] relative to clock(s) clk
Related violations: <none>

TIMING-18#214 Warning
Missing input or output delay  
An output delay is missing on activity_output_bytes[27] relative to clock(s) clk
Related violations: <none>

TIMING-18#215 Warning
Missing input or output delay  
An output delay is missing on activity_output_bytes[28] relative to clock(s) clk
Related violations: <none>

TIMING-18#216 Warning
Missing input or output delay  
An output delay is missing on activity_output_bytes[29] relative to clock(s) clk
Related violations: <none>

TIMING-18#217 Warning
Missing input or output delay  
An output delay is missing on activity_output_bytes[2] relative to clock(s) clk
Related violations: <none>

TIMING-18#218 Warning
Missing input or output delay  
An output delay is missing on activity_output_bytes[30] relative to clock(s) clk
Related violations: <none>

TIMING-18#219 Warning
Missing input or output delay  
An output delay is missing on activity_output_bytes[31] relative to clock(s) clk
Related violations: <none>

TIMING-18#220 Warning
Missing input or output delay  
An output delay is missing on activity_output_bytes[32] relative to clock(s) clk
Related violations: <none>

TIMING-18#221 Warning
Missing input or output delay  
An output delay is missing on activity_output_bytes[33] relative to clock(s) clk
Related violations: <none>

TIMING-18#222 Warning
Missing input or output delay  
An output delay is missing on activity_output_bytes[34] relative to clock(s) clk
Related violations: <none>

TIMING-18#223 Warning
Missing input or output delay  
An output delay is missing on activity_output_bytes[35] relative to clock(s) clk
Related violations: <none>

TIMING-18#224 Warning
Missing input or output delay  
An output delay is missing on activity_output_bytes[36] relative to clock(s) clk
Related violations: <none>

TIMING-18#225 Warning
Missing input or output delay  
An output delay is missing on activity_output_bytes[37] relative to clock(s) clk
Related violations: <none>

TIMING-18#226 Warning
Missing input or output delay  
An output delay is missing on activity_output_bytes[38] relative to clock(s) clk
Related violations: <none>

TIMING-18#227 Warning
Missing input or output delay  
An output delay is missing on activity_output_bytes[39] relative to clock(s) clk
Related violations: <none>

TIMING-18#228 Warning
Missing input or output delay  
An output delay is missing on activity_output_bytes[3] relative to clock(s) clk
Related violations: <none>

TIMING-18#229 Warning
Missing input or output delay  
An output delay is missing on activity_output_bytes[40] relative to clock(s) clk
Related violations: <none>

TIMING-18#230 Warning
Missing input or output delay  
An output delay is missing on activity_output_bytes[41] relative to clock(s) clk
Related violations: <none>

TIMING-18#231 Warning
Missing input or output delay  
An output delay is missing on activity_output_bytes[42] relative to clock(s) clk
Related violations: <none>

TIMING-18#232 Warning
Missing input or output delay  
An output delay is missing on activity_output_bytes[43] relative to clock(s) clk
Related violations: <none>

TIMING-18#233 Warning
Missing input or output delay  
An output delay is missing on activity_output_bytes[44] relative to clock(s) clk
Related violations: <none>

TIMING-18#234 Warning
Missing input or output delay  
An output delay is missing on activity_output_bytes[45] relative to clock(s) clk
Related violations: <none>

TIMING-18#235 Warning
Missing input or output delay  
An output delay is missing on activity_output_bytes[46] relative to clock(s) clk
Related violations: <none>

TIMING-18#236 Warning
Missing input or output delay  
An output delay is missing on activity_output_bytes[47] relative to clock(s) clk
Related violations: <none>

TIMING-18#237 Warning
Missing input or output delay  
An output delay is missing on activity_output_bytes[48] relative to clock(s) clk
Related violations: <none>

TIMING-18#238 Warning
Missing input or output delay  
An output delay is missing on activity_output_bytes[49] relative to clock(s) clk
Related violations: <none>

TIMING-18#239 Warning
Missing input or output delay  
An output delay is missing on activity_output_bytes[4] relative to clock(s) clk
Related violations: <none>

TIMING-18#240 Warning
Missing input or output delay  
An output delay is missing on activity_output_bytes[50] relative to clock(s) clk
Related violations: <none>

TIMING-18#241 Warning
Missing input or output delay  
An output delay is missing on activity_output_bytes[51] relative to clock(s) clk
Related violations: <none>

TIMING-18#242 Warning
Missing input or output delay  
An output delay is missing on activity_output_bytes[52] relative to clock(s) clk
Related violations: <none>

TIMING-18#243 Warning
Missing input or output delay  
An output delay is missing on activity_output_bytes[53] relative to clock(s) clk
Related violations: <none>

TIMING-18#244 Warning
Missing input or output delay  
An output delay is missing on activity_output_bytes[54] relative to clock(s) clk
Related violations: <none>

TIMING-18#245 Warning
Missing input or output delay  
An output delay is missing on activity_output_bytes[55] relative to clock(s) clk
Related violations: <none>

TIMING-18#246 Warning
Missing input or output delay  
An output delay is missing on activity_output_bytes[56] relative to clock(s) clk
Related violations: <none>

TIMING-18#247 Warning
Missing input or output delay  
An output delay is missing on activity_output_bytes[57] relative to clock(s) clk
Related violations: <none>

TIMING-18#248 Warning
Missing input or output delay  
An output delay is missing on activity_output_bytes[58] relative to clock(s) clk
Related violations: <none>

TIMING-18#249 Warning
Missing input or output delay  
An output delay is missing on activity_output_bytes[59] relative to clock(s) clk
Related violations: <none>

TIMING-18#250 Warning
Missing input or output delay  
An output delay is missing on activity_output_bytes[5] relative to clock(s) clk
Related violations: <none>

TIMING-18#251 Warning
Missing input or output delay  
An output delay is missing on activity_output_bytes[60] relative to clock(s) clk
Related violations: <none>

TIMING-18#252 Warning
Missing input or output delay  
An output delay is missing on activity_output_bytes[61] relative to clock(s) clk
Related violations: <none>

TIMING-18#253 Warning
Missing input or output delay  
An output delay is missing on activity_output_bytes[62] relative to clock(s) clk
Related violations: <none>

TIMING-18#254 Warning
Missing input or output delay  
An output delay is missing on activity_output_bytes[63] relative to clock(s) clk
Related violations: <none>

TIMING-18#255 Warning
Missing input or output delay  
An output delay is missing on activity_output_bytes[6] relative to clock(s) clk
Related violations: <none>

TIMING-18#256 Warning
Missing input or output delay  
An output delay is missing on activity_output_bytes[7] relative to clock(s) clk
Related violations: <none>

TIMING-18#257 Warning
Missing input or output delay  
An output delay is missing on activity_output_bytes[8] relative to clock(s) clk
Related violations: <none>

TIMING-18#258 Warning
Missing input or output delay  
An output delay is missing on activity_output_bytes[9] relative to clock(s) clk
Related violations: <none>

TIMING-18#259 Warning
Missing input or output delay  
An output delay is missing on activity_queue_max_occupancy[0] relative to clock(s) clk
Related violations: <none>

TIMING-18#260 Warning
Missing input or output delay  
An output delay is missing on activity_queue_max_occupancy[10] relative to clock(s) clk
Related violations: <none>

TIMING-18#261 Warning
Missing input or output delay  
An output delay is missing on activity_queue_max_occupancy[11] relative to clock(s) clk
Related violations: <none>

TIMING-18#262 Warning
Missing input or output delay  
An output delay is missing on activity_queue_max_occupancy[12] relative to clock(s) clk
Related violations: <none>

TIMING-18#263 Warning
Missing input or output delay  
An output delay is missing on activity_queue_max_occupancy[13] relative to clock(s) clk
Related violations: <none>

TIMING-18#264 Warning
Missing input or output delay  
An output delay is missing on activity_queue_max_occupancy[14] relative to clock(s) clk
Related violations: <none>

TIMING-18#265 Warning
Missing input or output delay  
An output delay is missing on activity_queue_max_occupancy[15] relative to clock(s) clk
Related violations: <none>

TIMING-18#266 Warning
Missing input or output delay  
An output delay is missing on activity_queue_max_occupancy[16] relative to clock(s) clk
Related violations: <none>

TIMING-18#267 Warning
Missing input or output delay  
An output delay is missing on activity_queue_max_occupancy[17] relative to clock(s) clk
Related violations: <none>

TIMING-18#268 Warning
Missing input or output delay  
An output delay is missing on activity_queue_max_occupancy[18] relative to clock(s) clk
Related violations: <none>

TIMING-18#269 Warning
Missing input or output delay  
An output delay is missing on activity_queue_max_occupancy[19] relative to clock(s) clk
Related violations: <none>

TIMING-18#270 Warning
Missing input or output delay  
An output delay is missing on activity_queue_max_occupancy[1] relative to clock(s) clk
Related violations: <none>

TIMING-18#271 Warning
Missing input or output delay  
An output delay is missing on activity_queue_max_occupancy[20] relative to clock(s) clk
Related violations: <none>

TIMING-18#272 Warning
Missing input or output delay  
An output delay is missing on activity_queue_max_occupancy[21] relative to clock(s) clk
Related violations: <none>

TIMING-18#273 Warning
Missing input or output delay  
An output delay is missing on activity_queue_max_occupancy[22] relative to clock(s) clk
Related violations: <none>

TIMING-18#274 Warning
Missing input or output delay  
An output delay is missing on activity_queue_max_occupancy[23] relative to clock(s) clk
Related violations: <none>

TIMING-18#275 Warning
Missing input or output delay  
An output delay is missing on activity_queue_max_occupancy[24] relative to clock(s) clk
Related violations: <none>

TIMING-18#276 Warning
Missing input or output delay  
An output delay is missing on activity_queue_max_occupancy[25] relative to clock(s) clk
Related violations: <none>

TIMING-18#277 Warning
Missing input or output delay  
An output delay is missing on activity_queue_max_occupancy[26] relative to clock(s) clk
Related violations: <none>

TIMING-18#278 Warning
Missing input or output delay  
An output delay is missing on activity_queue_max_occupancy[27] relative to clock(s) clk
Related violations: <none>

TIMING-18#279 Warning
Missing input or output delay  
An output delay is missing on activity_queue_max_occupancy[28] relative to clock(s) clk
Related violations: <none>

TIMING-18#280 Warning
Missing input or output delay  
An output delay is missing on activity_queue_max_occupancy[29] relative to clock(s) clk
Related violations: <none>

TIMING-18#281 Warning
Missing input or output delay  
An output delay is missing on activity_queue_max_occupancy[2] relative to clock(s) clk
Related violations: <none>

TIMING-18#282 Warning
Missing input or output delay  
An output delay is missing on activity_queue_max_occupancy[30] relative to clock(s) clk
Related violations: <none>

TIMING-18#283 Warning
Missing input or output delay  
An output delay is missing on activity_queue_max_occupancy[31] relative to clock(s) clk
Related violations: <none>

TIMING-18#284 Warning
Missing input or output delay  
An output delay is missing on activity_queue_max_occupancy[32] relative to clock(s) clk
Related violations: <none>

TIMING-18#285 Warning
Missing input or output delay  
An output delay is missing on activity_queue_max_occupancy[33] relative to clock(s) clk
Related violations: <none>

TIMING-18#286 Warning
Missing input or output delay  
An output delay is missing on activity_queue_max_occupancy[34] relative to clock(s) clk
Related violations: <none>

TIMING-18#287 Warning
Missing input or output delay  
An output delay is missing on activity_queue_max_occupancy[35] relative to clock(s) clk
Related violations: <none>

TIMING-18#288 Warning
Missing input or output delay  
An output delay is missing on activity_queue_max_occupancy[36] relative to clock(s) clk
Related violations: <none>

TIMING-18#289 Warning
Missing input or output delay  
An output delay is missing on activity_queue_max_occupancy[37] relative to clock(s) clk
Related violations: <none>

TIMING-18#290 Warning
Missing input or output delay  
An output delay is missing on activity_queue_max_occupancy[38] relative to clock(s) clk
Related violations: <none>

TIMING-18#291 Warning
Missing input or output delay  
An output delay is missing on activity_queue_max_occupancy[39] relative to clock(s) clk
Related violations: <none>

TIMING-18#292 Warning
Missing input or output delay  
An output delay is missing on activity_queue_max_occupancy[3] relative to clock(s) clk
Related violations: <none>

TIMING-18#293 Warning
Missing input or output delay  
An output delay is missing on activity_queue_max_occupancy[40] relative to clock(s) clk
Related violations: <none>

TIMING-18#294 Warning
Missing input or output delay  
An output delay is missing on activity_queue_max_occupancy[41] relative to clock(s) clk
Related violations: <none>

TIMING-18#295 Warning
Missing input or output delay  
An output delay is missing on activity_queue_max_occupancy[42] relative to clock(s) clk
Related violations: <none>

TIMING-18#296 Warning
Missing input or output delay  
An output delay is missing on activity_queue_max_occupancy[43] relative to clock(s) clk
Related violations: <none>

TIMING-18#297 Warning
Missing input or output delay  
An output delay is missing on activity_queue_max_occupancy[44] relative to clock(s) clk
Related violations: <none>

TIMING-18#298 Warning
Missing input or output delay  
An output delay is missing on activity_queue_max_occupancy[45] relative to clock(s) clk
Related violations: <none>

TIMING-18#299 Warning
Missing input or output delay  
An output delay is missing on activity_queue_max_occupancy[46] relative to clock(s) clk
Related violations: <none>

TIMING-18#300 Warning
Missing input or output delay  
An output delay is missing on activity_queue_max_occupancy[47] relative to clock(s) clk
Related violations: <none>

TIMING-18#301 Warning
Missing input or output delay  
An output delay is missing on activity_queue_max_occupancy[48] relative to clock(s) clk
Related violations: <none>

TIMING-18#302 Warning
Missing input or output delay  
An output delay is missing on activity_queue_max_occupancy[49] relative to clock(s) clk
Related violations: <none>

TIMING-18#303 Warning
Missing input or output delay  
An output delay is missing on activity_queue_max_occupancy[4] relative to clock(s) clk
Related violations: <none>

TIMING-18#304 Warning
Missing input or output delay  
An output delay is missing on activity_queue_max_occupancy[50] relative to clock(s) clk
Related violations: <none>

TIMING-18#305 Warning
Missing input or output delay  
An output delay is missing on activity_queue_max_occupancy[51] relative to clock(s) clk
Related violations: <none>

TIMING-18#306 Warning
Missing input or output delay  
An output delay is missing on activity_queue_max_occupancy[52] relative to clock(s) clk
Related violations: <none>

TIMING-18#307 Warning
Missing input or output delay  
An output delay is missing on activity_queue_max_occupancy[53] relative to clock(s) clk
Related violations: <none>

TIMING-18#308 Warning
Missing input or output delay  
An output delay is missing on activity_queue_max_occupancy[54] relative to clock(s) clk
Related violations: <none>

TIMING-18#309 Warning
Missing input or output delay  
An output delay is missing on activity_queue_max_occupancy[55] relative to clock(s) clk
Related violations: <none>

TIMING-18#310 Warning
Missing input or output delay  
An output delay is missing on activity_queue_max_occupancy[56] relative to clock(s) clk
Related violations: <none>

TIMING-18#311 Warning
Missing input or output delay  
An output delay is missing on activity_queue_max_occupancy[57] relative to clock(s) clk
Related violations: <none>

TIMING-18#312 Warning
Missing input or output delay  
An output delay is missing on activity_queue_max_occupancy[58] relative to clock(s) clk
Related violations: <none>

TIMING-18#313 Warning
Missing input or output delay  
An output delay is missing on activity_queue_max_occupancy[59] relative to clock(s) clk
Related violations: <none>

TIMING-18#314 Warning
Missing input or output delay  
An output delay is missing on activity_queue_max_occupancy[5] relative to clock(s) clk
Related violations: <none>

TIMING-18#315 Warning
Missing input or output delay  
An output delay is missing on activity_queue_max_occupancy[60] relative to clock(s) clk
Related violations: <none>

TIMING-18#316 Warning
Missing input or output delay  
An output delay is missing on activity_queue_max_occupancy[61] relative to clock(s) clk
Related violations: <none>

TIMING-18#317 Warning
Missing input or output delay  
An output delay is missing on activity_queue_max_occupancy[62] relative to clock(s) clk
Related violations: <none>

TIMING-18#318 Warning
Missing input or output delay  
An output delay is missing on activity_queue_max_occupancy[63] relative to clock(s) clk
Related violations: <none>

TIMING-18#319 Warning
Missing input or output delay  
An output delay is missing on activity_queue_max_occupancy[6] relative to clock(s) clk
Related violations: <none>

TIMING-18#320 Warning
Missing input or output delay  
An output delay is missing on activity_queue_max_occupancy[7] relative to clock(s) clk
Related violations: <none>

TIMING-18#321 Warning
Missing input or output delay  
An output delay is missing on activity_queue_max_occupancy[8] relative to clock(s) clk
Related violations: <none>

TIMING-18#322 Warning
Missing input or output delay  
An output delay is missing on activity_queue_max_occupancy[9] relative to clock(s) clk
Related violations: <none>

TIMING-18#323 Warning
Missing input or output delay  
An output delay is missing on activity_snapshot[0] relative to clock(s) clk
Related violations: <none>

TIMING-18#324 Warning
Missing input or output delay  
An output delay is missing on activity_snapshot[1000] relative to clock(s) clk
Related violations: <none>

TIMING-18#325 Warning
Missing input or output delay  
An output delay is missing on activity_snapshot[1001] relative to clock(s) clk
Related violations: <none>

TIMING-18#326 Warning
Missing input or output delay  
An output delay is missing on activity_snapshot[1002] relative to clock(s) clk
Related violations: <none>

TIMING-18#327 Warning
Missing input or output delay  
An output delay is missing on activity_snapshot[1003] relative to clock(s) clk
Related violations: <none>

TIMING-18#328 Warning
Missing input or output delay  
An output delay is missing on activity_snapshot[1004] relative to clock(s) clk
Related violations: <none>

TIMING-18#329 Warning
Missing input or output delay  
An output delay is missing on activity_snapshot[1005] relative to clock(s) clk
Related violations: <none>

TIMING-18#330 Warning
Missing input or output delay  
An output delay is missing on activity_snapshot[1006] relative to clock(s) clk
Related violations: <none>

TIMING-18#331 Warning
Missing input or output delay  
An output delay is missing on activity_snapshot[1007] relative to clock(s) clk
Related violations: <none>

TIMING-18#332 Warning
Missing input or output delay  
An output delay is missing on activity_snapshot[1008] relative to clock(s) clk
Related violations: <none>

TIMING-18#333 Warning
Missing input or output delay  
An output delay is missing on activity_snapshot[1009] relative to clock(s) clk
Related violations: <none>

TIMING-18#334 Warning
Missing input or output delay  
An output delay is missing on activity_snapshot[100] relative to clock(s) clk
Related violations: <none>

TIMING-18#335 Warning
Missing input or output delay  
An output delay is missing on activity_snapshot[1010] relative to clock(s) clk
Related violations: <none>

TIMING-18#336 Warning
Missing input or output delay  
An output delay is missing on activity_snapshot[1011] relative to clock(s) clk
Related violations: <none>

TIMING-18#337 Warning
Missing input or output delay  
An output delay is missing on activity_snapshot[1012] relative to clock(s) clk
Related violations: <none>

TIMING-18#338 Warning
Missing input or output delay  
An output delay is missing on activity_snapshot[1013] relative to clock(s) clk
Related violations: <none>

TIMING-18#339 Warning
Missing input or output delay  
An output delay is missing on activity_snapshot[1014] relative to clock(s) clk
Related violations: <none>

TIMING-18#340 Warning
Missing input or output delay  
An output delay is missing on activity_snapshot[1015] relative to clock(s) clk
Related violations: <none>

TIMING-18#341 Warning
Missing input or output delay  
An output delay is missing on activity_snapshot[1016] relative to clock(s) clk
Related violations: <none>

TIMING-18#342 Warning
Missing input or output delay  
An output delay is missing on activity_snapshot[1017] relative to clock(s) clk
Related violations: <none>

TIMING-18#343 Warning
Missing input or output delay  
An output delay is missing on activity_snapshot[1018] relative to clock(s) clk
Related violations: <none>

TIMING-18#344 Warning
Missing input or output delay  
An output delay is missing on activity_snapshot[1019] relative to clock(s) clk
Related violations: <none>

TIMING-18#345 Warning
Missing input or output delay  
An output delay is missing on activity_snapshot[101] relative to clock(s) clk
Related violations: <none>

TIMING-18#346 Warning
Missing input or output delay  
An output delay is missing on activity_snapshot[1020] relative to clock(s) clk
Related violations: <none>

TIMING-18#347 Warning
Missing input or output delay  
An output delay is missing on activity_snapshot[1021] relative to clock(s) clk
Related violations: <none>

TIMING-18#348 Warning
Missing input or output delay  
An output delay is missing on activity_snapshot[1022] relative to clock(s) clk
Related violations: <none>

TIMING-18#349 Warning
Missing input or output delay  
An output delay is missing on activity_snapshot[1023] relative to clock(s) clk
Related violations: <none>

TIMING-18#350 Warning
Missing input or output delay  
An output delay is missing on activity_snapshot[102] relative to clock(s) clk
Related violations: <none>

TIMING-18#351 Warning
Missing input or output delay  
An output delay is missing on activity_snapshot[103] relative to clock(s) clk
Related violations: <none>

TIMING-18#352 Warning
Missing input or output delay  
An output delay is missing on activity_snapshot[104] relative to clock(s) clk
Related violations: <none>

TIMING-18#353 Warning
Missing input or output delay  
An output delay is missing on activity_snapshot[105] relative to clock(s) clk
Related violations: <none>

TIMING-18#354 Warning
Missing input or output delay  
An output delay is missing on activity_snapshot[106] relative to clock(s) clk
Related violations: <none>

TIMING-18#355 Warning
Missing input or output delay  
An output delay is missing on activity_snapshot[107] relative to clock(s) clk
Related violations: <none>

TIMING-18#356 Warning
Missing input or output delay  
An output delay is missing on activity_snapshot[108] relative to clock(s) clk
Related violations: <none>

TIMING-18#357 Warning
Missing input or output delay  
An output delay is missing on activity_snapshot[109] relative to clock(s) clk
Related violations: <none>

TIMING-18#358 Warning
Missing input or output delay  
An output delay is missing on activity_snapshot[10] relative to clock(s) clk
Related violations: <none>

TIMING-18#359 Warning
Missing input or output delay  
An output delay is missing on activity_snapshot[110] relative to clock(s) clk
Related violations: <none>

TIMING-18#360 Warning
Missing input or output delay  
An output delay is missing on activity_snapshot[111] relative to clock(s) clk
Related violations: <none>

TIMING-18#361 Warning
Missing input or output delay  
An output delay is missing on activity_snapshot[112] relative to clock(s) clk
Related violations: <none>

TIMING-18#362 Warning
Missing input or output delay  
An output delay is missing on activity_snapshot[113] relative to clock(s) clk
Related violations: <none>

TIMING-18#363 Warning
Missing input or output delay  
An output delay is missing on activity_snapshot[114] relative to clock(s) clk
Related violations: <none>

TIMING-18#364 Warning
Missing input or output delay  
An output delay is missing on activity_snapshot[115] relative to clock(s) clk
Related violations: <none>

TIMING-18#365 Warning
Missing input or output delay  
An output delay is missing on activity_snapshot[116] relative to clock(s) clk
Related violations: <none>

TIMING-18#366 Warning
Missing input or output delay  
An output delay is missing on activity_snapshot[117] relative to clock(s) clk
Related violations: <none>

TIMING-18#367 Warning
Missing input or output delay  
An output delay is missing on activity_snapshot[118] relative to clock(s) clk
Related violations: <none>

TIMING-18#368 Warning
Missing input or output delay  
An output delay is missing on activity_snapshot[119] relative to clock(s) clk
Related violations: <none>

TIMING-18#369 Warning
Missing input or output delay  
An output delay is missing on activity_snapshot[11] relative to clock(s) clk
Related violations: <none>

TIMING-18#370 Warning
Missing input or output delay  
An output delay is missing on activity_snapshot[120] relative to clock(s) clk
Related violations: <none>

TIMING-18#371 Warning
Missing input or output delay  
An output delay is missing on activity_snapshot[121] relative to clock(s) clk
Related violations: <none>

TIMING-18#372 Warning
Missing input or output delay  
An output delay is missing on activity_snapshot[122] relative to clock(s) clk
Related violations: <none>

TIMING-18#373 Warning
Missing input or output delay  
An output delay is missing on activity_snapshot[123] relative to clock(s) clk
Related violations: <none>

TIMING-18#374 Warning
Missing input or output delay  
An output delay is missing on activity_snapshot[124] relative to clock(s) clk
Related violations: <none>

TIMING-18#375 Warning
Missing input or output delay  
An output delay is missing on activity_snapshot[125] relative to clock(s) clk
Related violations: <none>

TIMING-18#376 Warning
Missing input or output delay  
An output delay is missing on activity_snapshot[126] relative to clock(s) clk
Related violations: <none>

TIMING-18#377 Warning
Missing input or output delay  
An output delay is missing on activity_snapshot[127] relative to clock(s) clk
Related violations: <none>

TIMING-18#378 Warning
Missing input or output delay  
An output delay is missing on activity_snapshot[128] relative to clock(s) clk
Related violations: <none>

TIMING-18#379 Warning
Missing input or output delay  
An output delay is missing on activity_snapshot[129] relative to clock(s) clk
Related violations: <none>

TIMING-18#380 Warning
Missing input or output delay  
An output delay is missing on activity_snapshot[12] relative to clock(s) clk
Related violations: <none>

TIMING-18#381 Warning
Missing input or output delay  
An output delay is missing on activity_snapshot[130] relative to clock(s) clk
Related violations: <none>

TIMING-18#382 Warning
Missing input or output delay  
An output delay is missing on activity_snapshot[131] relative to clock(s) clk
Related violations: <none>

TIMING-18#383 Warning
Missing input or output delay  
An output delay is missing on activity_snapshot[132] relative to clock(s) clk
Related violations: <none>

TIMING-18#384 Warning
Missing input or output delay  
An output delay is missing on activity_snapshot[133] relative to clock(s) clk
Related violations: <none>

TIMING-18#385 Warning
Missing input or output delay  
An output delay is missing on activity_snapshot[134] relative to clock(s) clk
Related violations: <none>

TIMING-18#386 Warning
Missing input or output delay  
An output delay is missing on activity_snapshot[135] relative to clock(s) clk
Related violations: <none>

TIMING-18#387 Warning
Missing input or output delay  
An output delay is missing on activity_snapshot[136] relative to clock(s) clk
Related violations: <none>

TIMING-18#388 Warning
Missing input or output delay  
An output delay is missing on activity_snapshot[137] relative to clock(s) clk
Related violations: <none>

TIMING-18#389 Warning
Missing input or output delay  
An output delay is missing on activity_snapshot[138] relative to clock(s) clk
Related violations: <none>

TIMING-18#390 Warning
Missing input or output delay  
An output delay is missing on activity_snapshot[139] relative to clock(s) clk
Related violations: <none>

TIMING-18#391 Warning
Missing input or output delay  
An output delay is missing on activity_snapshot[13] relative to clock(s) clk
Related violations: <none>

TIMING-18#392 Warning
Missing input or output delay  
An output delay is missing on activity_snapshot[140] relative to clock(s) clk
Related violations: <none>

TIMING-18#393 Warning
Missing input or output delay  
An output delay is missing on activity_snapshot[141] relative to clock(s) clk
Related violations: <none>

TIMING-18#394 Warning
Missing input or output delay  
An output delay is missing on activity_snapshot[142] relative to clock(s) clk
Related violations: <none>

TIMING-18#395 Warning
Missing input or output delay  
An output delay is missing on activity_snapshot[143] relative to clock(s) clk
Related violations: <none>

TIMING-18#396 Warning
Missing input or output delay  
An output delay is missing on activity_snapshot[144] relative to clock(s) clk
Related violations: <none>

TIMING-18#397 Warning
Missing input or output delay  
An output delay is missing on activity_snapshot[145] relative to clock(s) clk
Related violations: <none>

TIMING-18#398 Warning
Missing input or output delay  
An output delay is missing on activity_snapshot[146] relative to clock(s) clk
Related violations: <none>

TIMING-18#399 Warning
Missing input or output delay  
An output delay is missing on activity_snapshot[147] relative to clock(s) clk
Related violations: <none>

TIMING-18#400 Warning
Missing input or output delay  
An output delay is missing on activity_snapshot[148] relative to clock(s) clk
Related violations: <none>

TIMING-18#401 Warning
Missing input or output delay  
An output delay is missing on activity_snapshot[149] relative to clock(s) clk
Related violations: <none>

TIMING-18#402 Warning
Missing input or output delay  
An output delay is missing on activity_snapshot[14] relative to clock(s) clk
Related violations: <none>

TIMING-18#403 Warning
Missing input or output delay  
An output delay is missing on activity_snapshot[150] relative to clock(s) clk
Related violations: <none>

TIMING-18#404 Warning
Missing input or output delay  
An output delay is missing on activity_snapshot[151] relative to clock(s) clk
Related violations: <none>

TIMING-18#405 Warning
Missing input or output delay  
An output delay is missing on activity_snapshot[152] relative to clock(s) clk
Related violations: <none>

TIMING-18#406 Warning
Missing input or output delay  
An output delay is missing on activity_snapshot[153] relative to clock(s) clk
Related violations: <none>

TIMING-18#407 Warning
Missing input or output delay  
An output delay is missing on activity_snapshot[154] relative to clock(s) clk
Related violations: <none>

TIMING-18#408 Warning
Missing input or output delay  
An output delay is missing on activity_snapshot[155] relative to clock(s) clk
Related violations: <none>

TIMING-18#409 Warning
Missing input or output delay  
An output delay is missing on activity_snapshot[156] relative to clock(s) clk
Related violations: <none>

TIMING-18#410 Warning
Missing input or output delay  
An output delay is missing on activity_snapshot[157] relative to clock(s) clk
Related violations: <none>

TIMING-18#411 Warning
Missing input or output delay  
An output delay is missing on activity_snapshot[158] relative to clock(s) clk
Related violations: <none>

TIMING-18#412 Warning
Missing input or output delay  
An output delay is missing on activity_snapshot[159] relative to clock(s) clk
Related violations: <none>

TIMING-18#413 Warning
Missing input or output delay  
An output delay is missing on activity_snapshot[15] relative to clock(s) clk
Related violations: <none>

TIMING-18#414 Warning
Missing input or output delay  
An output delay is missing on activity_snapshot[160] relative to clock(s) clk
Related violations: <none>

TIMING-18#415 Warning
Missing input or output delay  
An output delay is missing on activity_snapshot[161] relative to clock(s) clk
Related violations: <none>

TIMING-18#416 Warning
Missing input or output delay  
An output delay is missing on activity_snapshot[162] relative to clock(s) clk
Related violations: <none>

TIMING-18#417 Warning
Missing input or output delay  
An output delay is missing on activity_snapshot[163] relative to clock(s) clk
Related violations: <none>

TIMING-18#418 Warning
Missing input or output delay  
An output delay is missing on activity_snapshot[164] relative to clock(s) clk
Related violations: <none>

TIMING-18#419 Warning
Missing input or output delay  
An output delay is missing on activity_snapshot[165] relative to clock(s) clk
Related violations: <none>

TIMING-18#420 Warning
Missing input or output delay  
An output delay is missing on activity_snapshot[166] relative to clock(s) clk
Related violations: <none>

TIMING-18#421 Warning
Missing input or output delay  
An output delay is missing on activity_snapshot[167] relative to clock(s) clk
Related violations: <none>

TIMING-18#422 Warning
Missing input or output delay  
An output delay is missing on activity_snapshot[168] relative to clock(s) clk
Related violations: <none>

TIMING-18#423 Warning
Missing input or output delay  
An output delay is missing on activity_snapshot[169] relative to clock(s) clk
Related violations: <none>

TIMING-18#424 Warning
Missing input or output delay  
An output delay is missing on activity_snapshot[16] relative to clock(s) clk
Related violations: <none>

TIMING-18#425 Warning
Missing input or output delay  
An output delay is missing on activity_snapshot[170] relative to clock(s) clk
Related violations: <none>

TIMING-18#426 Warning
Missing input or output delay  
An output delay is missing on activity_snapshot[171] relative to clock(s) clk
Related violations: <none>

TIMING-18#427 Warning
Missing input or output delay  
An output delay is missing on activity_snapshot[172] relative to clock(s) clk
Related violations: <none>

TIMING-18#428 Warning
Missing input or output delay  
An output delay is missing on activity_snapshot[173] relative to clock(s) clk
Related violations: <none>

TIMING-18#429 Warning
Missing input or output delay  
An output delay is missing on activity_snapshot[174] relative to clock(s) clk
Related violations: <none>

TIMING-18#430 Warning
Missing input or output delay  
An output delay is missing on activity_snapshot[175] relative to clock(s) clk
Related violations: <none>

TIMING-18#431 Warning
Missing input or output delay  
An output delay is missing on activity_snapshot[176] relative to clock(s) clk
Related violations: <none>

TIMING-18#432 Warning
Missing input or output delay  
An output delay is missing on activity_snapshot[177] relative to clock(s) clk
Related violations: <none>

TIMING-18#433 Warning
Missing input or output delay  
An output delay is missing on activity_snapshot[178] relative to clock(s) clk
Related violations: <none>

TIMING-18#434 Warning
Missing input or output delay  
An output delay is missing on activity_snapshot[179] relative to clock(s) clk
Related violations: <none>

TIMING-18#435 Warning
Missing input or output delay  
An output delay is missing on activity_snapshot[17] relative to clock(s) clk
Related violations: <none>

TIMING-18#436 Warning
Missing input or output delay  
An output delay is missing on activity_snapshot[180] relative to clock(s) clk
Related violations: <none>

TIMING-18#437 Warning
Missing input or output delay  
An output delay is missing on activity_snapshot[181] relative to clock(s) clk
Related violations: <none>

TIMING-18#438 Warning
Missing input or output delay  
An output delay is missing on activity_snapshot[182] relative to clock(s) clk
Related violations: <none>

TIMING-18#439 Warning
Missing input or output delay  
An output delay is missing on activity_snapshot[183] relative to clock(s) clk
Related violations: <none>

TIMING-18#440 Warning
Missing input or output delay  
An output delay is missing on activity_snapshot[184] relative to clock(s) clk
Related violations: <none>

TIMING-18#441 Warning
Missing input or output delay  
An output delay is missing on activity_snapshot[185] relative to clock(s) clk
Related violations: <none>

TIMING-18#442 Warning
Missing input or output delay  
An output delay is missing on activity_snapshot[186] relative to clock(s) clk
Related violations: <none>

TIMING-18#443 Warning
Missing input or output delay  
An output delay is missing on activity_snapshot[187] relative to clock(s) clk
Related violations: <none>

TIMING-18#444 Warning
Missing input or output delay  
An output delay is missing on activity_snapshot[188] relative to clock(s) clk
Related violations: <none>

TIMING-18#445 Warning
Missing input or output delay  
An output delay is missing on activity_snapshot[189] relative to clock(s) clk
Related violations: <none>

TIMING-18#446 Warning
Missing input or output delay  
An output delay is missing on activity_snapshot[18] relative to clock(s) clk
Related violations: <none>

TIMING-18#447 Warning
Missing input or output delay  
An output delay is missing on activity_snapshot[190] relative to clock(s) clk
Related violations: <none>

TIMING-18#448 Warning
Missing input or output delay  
An output delay is missing on activity_snapshot[191] relative to clock(s) clk
Related violations: <none>

TIMING-18#449 Warning
Missing input or output delay  
An output delay is missing on activity_snapshot[192] relative to clock(s) clk
Related violations: <none>

TIMING-18#450 Warning
Missing input or output delay  
An output delay is missing on activity_snapshot[193] relative to clock(s) clk
Related violations: <none>

TIMING-18#451 Warning
Missing input or output delay  
An output delay is missing on activity_snapshot[194] relative to clock(s) clk
Related violations: <none>

TIMING-18#452 Warning
Missing input or output delay  
An output delay is missing on activity_snapshot[195] relative to clock(s) clk
Related violations: <none>

TIMING-18#453 Warning
Missing input or output delay  
An output delay is missing on activity_snapshot[196] relative to clock(s) clk
Related violations: <none>

TIMING-18#454 Warning
Missing input or output delay  
An output delay is missing on activity_snapshot[197] relative to clock(s) clk
Related violations: <none>

TIMING-18#455 Warning
Missing input or output delay  
An output delay is missing on activity_snapshot[198] relative to clock(s) clk
Related violations: <none>

TIMING-18#456 Warning
Missing input or output delay  
An output delay is missing on activity_snapshot[199] relative to clock(s) clk
Related violations: <none>

TIMING-18#457 Warning
Missing input or output delay  
An output delay is missing on activity_snapshot[19] relative to clock(s) clk
Related violations: <none>

TIMING-18#458 Warning
Missing input or output delay  
An output delay is missing on activity_snapshot[1] relative to clock(s) clk
Related violations: <none>

TIMING-18#459 Warning
Missing input or output delay  
An output delay is missing on activity_snapshot[200] relative to clock(s) clk
Related violations: <none>

TIMING-18#460 Warning
Missing input or output delay  
An output delay is missing on activity_snapshot[201] relative to clock(s) clk
Related violations: <none>

TIMING-18#461 Warning
Missing input or output delay  
An output delay is missing on activity_snapshot[202] relative to clock(s) clk
Related violations: <none>

TIMING-18#462 Warning
Missing input or output delay  
An output delay is missing on activity_snapshot[203] relative to clock(s) clk
Related violations: <none>

TIMING-18#463 Warning
Missing input or output delay  
An output delay is missing on activity_snapshot[204] relative to clock(s) clk
Related violations: <none>

TIMING-18#464 Warning
Missing input or output delay  
An output delay is missing on activity_snapshot[205] relative to clock(s) clk
Related violations: <none>

TIMING-18#465 Warning
Missing input or output delay  
An output delay is missing on activity_snapshot[206] relative to clock(s) clk
Related violations: <none>

TIMING-18#466 Warning
Missing input or output delay  
An output delay is missing on activity_snapshot[207] relative to clock(s) clk
Related violations: <none>

TIMING-18#467 Warning
Missing input or output delay  
An output delay is missing on activity_snapshot[208] relative to clock(s) clk
Related violations: <none>

TIMING-18#468 Warning
Missing input or output delay  
An output delay is missing on activity_snapshot[209] relative to clock(s) clk
Related violations: <none>

TIMING-18#469 Warning
Missing input or output delay  
An output delay is missing on activity_snapshot[20] relative to clock(s) clk
Related violations: <none>

TIMING-18#470 Warning
Missing input or output delay  
An output delay is missing on activity_snapshot[210] relative to clock(s) clk
Related violations: <none>

TIMING-18#471 Warning
Missing input or output delay  
An output delay is missing on activity_snapshot[211] relative to clock(s) clk
Related violations: <none>

TIMING-18#472 Warning
Missing input or output delay  
An output delay is missing on activity_snapshot[212] relative to clock(s) clk
Related violations: <none>

TIMING-18#473 Warning
Missing input or output delay  
An output delay is missing on activity_snapshot[213] relative to clock(s) clk
Related violations: <none>

TIMING-18#474 Warning
Missing input or output delay  
An output delay is missing on activity_snapshot[214] relative to clock(s) clk
Related violations: <none>

TIMING-18#475 Warning
Missing input or output delay  
An output delay is missing on activity_snapshot[215] relative to clock(s) clk
Related violations: <none>

TIMING-18#476 Warning
Missing input or output delay  
An output delay is missing on activity_snapshot[216] relative to clock(s) clk
Related violations: <none>

TIMING-18#477 Warning
Missing input or output delay  
An output delay is missing on activity_snapshot[217] relative to clock(s) clk
Related violations: <none>

TIMING-18#478 Warning
Missing input or output delay  
An output delay is missing on activity_snapshot[218] relative to clock(s) clk
Related violations: <none>

TIMING-18#479 Warning
Missing input or output delay  
An output delay is missing on activity_snapshot[219] relative to clock(s) clk
Related violations: <none>

TIMING-18#480 Warning
Missing input or output delay  
An output delay is missing on activity_snapshot[21] relative to clock(s) clk
Related violations: <none>

TIMING-18#481 Warning
Missing input or output delay  
An output delay is missing on activity_snapshot[220] relative to clock(s) clk
Related violations: <none>

TIMING-18#482 Warning
Missing input or output delay  
An output delay is missing on activity_snapshot[221] relative to clock(s) clk
Related violations: <none>

TIMING-18#483 Warning
Missing input or output delay  
An output delay is missing on activity_snapshot[222] relative to clock(s) clk
Related violations: <none>

TIMING-18#484 Warning
Missing input or output delay  
An output delay is missing on activity_snapshot[223] relative to clock(s) clk
Related violations: <none>

TIMING-18#485 Warning
Missing input or output delay  
An output delay is missing on activity_snapshot[224] relative to clock(s) clk
Related violations: <none>

TIMING-18#486 Warning
Missing input or output delay  
An output delay is missing on activity_snapshot[225] relative to clock(s) clk
Related violations: <none>

TIMING-18#487 Warning
Missing input or output delay  
An output delay is missing on activity_snapshot[226] relative to clock(s) clk
Related violations: <none>

TIMING-18#488 Warning
Missing input or output delay  
An output delay is missing on activity_snapshot[227] relative to clock(s) clk
Related violations: <none>

TIMING-18#489 Warning
Missing input or output delay  
An output delay is missing on activity_snapshot[228] relative to clock(s) clk
Related violations: <none>

TIMING-18#490 Warning
Missing input or output delay  
An output delay is missing on activity_snapshot[229] relative to clock(s) clk
Related violations: <none>

TIMING-18#491 Warning
Missing input or output delay  
An output delay is missing on activity_snapshot[22] relative to clock(s) clk
Related violations: <none>

TIMING-18#492 Warning
Missing input or output delay  
An output delay is missing on activity_snapshot[230] relative to clock(s) clk
Related violations: <none>

TIMING-18#493 Warning
Missing input or output delay  
An output delay is missing on activity_snapshot[231] relative to clock(s) clk
Related violations: <none>

TIMING-18#494 Warning
Missing input or output delay  
An output delay is missing on activity_snapshot[232] relative to clock(s) clk
Related violations: <none>

TIMING-18#495 Warning
Missing input or output delay  
An output delay is missing on activity_snapshot[233] relative to clock(s) clk
Related violations: <none>

TIMING-18#496 Warning
Missing input or output delay  
An output delay is missing on activity_snapshot[234] relative to clock(s) clk
Related violations: <none>

TIMING-18#497 Warning
Missing input or output delay  
An output delay is missing on activity_snapshot[235] relative to clock(s) clk
Related violations: <none>

TIMING-18#498 Warning
Missing input or output delay  
An output delay is missing on activity_snapshot[236] relative to clock(s) clk
Related violations: <none>

TIMING-18#499 Warning
Missing input or output delay  
An output delay is missing on activity_snapshot[237] relative to clock(s) clk
Related violations: <none>

TIMING-18#500 Warning
Missing input or output delay  
An output delay is missing on activity_snapshot[238] relative to clock(s) clk
Related violations: <none>

TIMING-18#501 Warning
Missing input or output delay  
An output delay is missing on activity_snapshot[239] relative to clock(s) clk
Related violations: <none>

TIMING-18#502 Warning
Missing input or output delay  
An output delay is missing on activity_snapshot[23] relative to clock(s) clk
Related violations: <none>

TIMING-18#503 Warning
Missing input or output delay  
An output delay is missing on activity_snapshot[240] relative to clock(s) clk
Related violations: <none>

TIMING-18#504 Warning
Missing input or output delay  
An output delay is missing on activity_snapshot[241] relative to clock(s) clk
Related violations: <none>

TIMING-18#505 Warning
Missing input or output delay  
An output delay is missing on activity_snapshot[242] relative to clock(s) clk
Related violations: <none>

TIMING-18#506 Warning
Missing input or output delay  
An output delay is missing on activity_snapshot[243] relative to clock(s) clk
Related violations: <none>

TIMING-18#507 Warning
Missing input or output delay  
An output delay is missing on activity_snapshot[244] relative to clock(s) clk
Related violations: <none>

TIMING-18#508 Warning
Missing input or output delay  
An output delay is missing on activity_snapshot[245] relative to clock(s) clk
Related violations: <none>

TIMING-18#509 Warning
Missing input or output delay  
An output delay is missing on activity_snapshot[246] relative to clock(s) clk
Related violations: <none>

TIMING-18#510 Warning
Missing input or output delay  
An output delay is missing on activity_snapshot[247] relative to clock(s) clk
Related violations: <none>

TIMING-18#511 Warning
Missing input or output delay  
An output delay is missing on activity_snapshot[248] relative to clock(s) clk
Related violations: <none>

TIMING-18#512 Warning
Missing input or output delay  
An output delay is missing on activity_snapshot[249] relative to clock(s) clk
Related violations: <none>

TIMING-18#513 Warning
Missing input or output delay  
An output delay is missing on activity_snapshot[24] relative to clock(s) clk
Related violations: <none>

TIMING-18#514 Warning
Missing input or output delay  
An output delay is missing on activity_snapshot[250] relative to clock(s) clk
Related violations: <none>

TIMING-18#515 Warning
Missing input or output delay  
An output delay is missing on activity_snapshot[251] relative to clock(s) clk
Related violations: <none>

TIMING-18#516 Warning
Missing input or output delay  
An output delay is missing on activity_snapshot[252] relative to clock(s) clk
Related violations: <none>

TIMING-18#517 Warning
Missing input or output delay  
An output delay is missing on activity_snapshot[253] relative to clock(s) clk
Related violations: <none>

TIMING-18#518 Warning
Missing input or output delay  
An output delay is missing on activity_snapshot[254] relative to clock(s) clk
Related violations: <none>

TIMING-18#519 Warning
Missing input or output delay  
An output delay is missing on activity_snapshot[255] relative to clock(s) clk
Related violations: <none>

TIMING-18#520 Warning
Missing input or output delay  
An output delay is missing on activity_snapshot[256] relative to clock(s) clk
Related violations: <none>

TIMING-18#521 Warning
Missing input or output delay  
An output delay is missing on activity_snapshot[257] relative to clock(s) clk
Related violations: <none>

TIMING-18#522 Warning
Missing input or output delay  
An output delay is missing on activity_snapshot[258] relative to clock(s) clk
Related violations: <none>

TIMING-18#523 Warning
Missing input or output delay  
An output delay is missing on activity_snapshot[259] relative to clock(s) clk
Related violations: <none>

TIMING-18#524 Warning
Missing input or output delay  
An output delay is missing on activity_snapshot[25] relative to clock(s) clk
Related violations: <none>

TIMING-18#525 Warning
Missing input or output delay  
An output delay is missing on activity_snapshot[260] relative to clock(s) clk
Related violations: <none>

TIMING-18#526 Warning
Missing input or output delay  
An output delay is missing on activity_snapshot[261] relative to clock(s) clk
Related violations: <none>

TIMING-18#527 Warning
Missing input or output delay  
An output delay is missing on activity_snapshot[262] relative to clock(s) clk
Related violations: <none>

TIMING-18#528 Warning
Missing input or output delay  
An output delay is missing on activity_snapshot[263] relative to clock(s) clk
Related violations: <none>

TIMING-18#529 Warning
Missing input or output delay  
An output delay is missing on activity_snapshot[264] relative to clock(s) clk
Related violations: <none>

TIMING-18#530 Warning
Missing input or output delay  
An output delay is missing on activity_snapshot[265] relative to clock(s) clk
Related violations: <none>

TIMING-18#531 Warning
Missing input or output delay  
An output delay is missing on activity_snapshot[266] relative to clock(s) clk
Related violations: <none>

TIMING-18#532 Warning
Missing input or output delay  
An output delay is missing on activity_snapshot[267] relative to clock(s) clk
Related violations: <none>

TIMING-18#533 Warning
Missing input or output delay  
An output delay is missing on activity_snapshot[268] relative to clock(s) clk
Related violations: <none>

TIMING-18#534 Warning
Missing input or output delay  
An output delay is missing on activity_snapshot[269] relative to clock(s) clk
Related violations: <none>

TIMING-18#535 Warning
Missing input or output delay  
An output delay is missing on activity_snapshot[26] relative to clock(s) clk
Related violations: <none>

TIMING-18#536 Warning
Missing input or output delay  
An output delay is missing on activity_snapshot[270] relative to clock(s) clk
Related violations: <none>

TIMING-18#537 Warning
Missing input or output delay  
An output delay is missing on activity_snapshot[271] relative to clock(s) clk
Related violations: <none>

TIMING-18#538 Warning
Missing input or output delay  
An output delay is missing on activity_snapshot[272] relative to clock(s) clk
Related violations: <none>

TIMING-18#539 Warning
Missing input or output delay  
An output delay is missing on activity_snapshot[273] relative to clock(s) clk
Related violations: <none>

TIMING-18#540 Warning
Missing input or output delay  
An output delay is missing on activity_snapshot[274] relative to clock(s) clk
Related violations: <none>

TIMING-18#541 Warning
Missing input or output delay  
An output delay is missing on activity_snapshot[275] relative to clock(s) clk
Related violations: <none>

TIMING-18#542 Warning
Missing input or output delay  
An output delay is missing on activity_snapshot[276] relative to clock(s) clk
Related violations: <none>

TIMING-18#543 Warning
Missing input or output delay  
An output delay is missing on activity_snapshot[277] relative to clock(s) clk
Related violations: <none>

TIMING-18#544 Warning
Missing input or output delay  
An output delay is missing on activity_snapshot[278] relative to clock(s) clk
Related violations: <none>

TIMING-18#545 Warning
Missing input or output delay  
An output delay is missing on activity_snapshot[279] relative to clock(s) clk
Related violations: <none>

TIMING-18#546 Warning
Missing input or output delay  
An output delay is missing on activity_snapshot[27] relative to clock(s) clk
Related violations: <none>

TIMING-18#547 Warning
Missing input or output delay  
An output delay is missing on activity_snapshot[280] relative to clock(s) clk
Related violations: <none>

TIMING-18#548 Warning
Missing input or output delay  
An output delay is missing on activity_snapshot[281] relative to clock(s) clk
Related violations: <none>

TIMING-18#549 Warning
Missing input or output delay  
An output delay is missing on activity_snapshot[282] relative to clock(s) clk
Related violations: <none>

TIMING-18#550 Warning
Missing input or output delay  
An output delay is missing on activity_snapshot[283] relative to clock(s) clk
Related violations: <none>

TIMING-18#551 Warning
Missing input or output delay  
An output delay is missing on activity_snapshot[284] relative to clock(s) clk
Related violations: <none>

TIMING-18#552 Warning
Missing input or output delay  
An output delay is missing on activity_snapshot[285] relative to clock(s) clk
Related violations: <none>

TIMING-18#553 Warning
Missing input or output delay  
An output delay is missing on activity_snapshot[286] relative to clock(s) clk
Related violations: <none>

TIMING-18#554 Warning
Missing input or output delay  
An output delay is missing on activity_snapshot[287] relative to clock(s) clk
Related violations: <none>

TIMING-18#555 Warning
Missing input or output delay  
An output delay is missing on activity_snapshot[288] relative to clock(s) clk
Related violations: <none>

TIMING-18#556 Warning
Missing input or output delay  
An output delay is missing on activity_snapshot[289] relative to clock(s) clk
Related violations: <none>

TIMING-18#557 Warning
Missing input or output delay  
An output delay is missing on activity_snapshot[28] relative to clock(s) clk
Related violations: <none>

TIMING-18#558 Warning
Missing input or output delay  
An output delay is missing on activity_snapshot[290] relative to clock(s) clk
Related violations: <none>

TIMING-18#559 Warning
Missing input or output delay  
An output delay is missing on activity_snapshot[291] relative to clock(s) clk
Related violations: <none>

TIMING-18#560 Warning
Missing input or output delay  
An output delay is missing on activity_snapshot[292] relative to clock(s) clk
Related violations: <none>

TIMING-18#561 Warning
Missing input or output delay  
An output delay is missing on activity_snapshot[293] relative to clock(s) clk
Related violations: <none>

TIMING-18#562 Warning
Missing input or output delay  
An output delay is missing on activity_snapshot[294] relative to clock(s) clk
Related violations: <none>

TIMING-18#563 Warning
Missing input or output delay  
An output delay is missing on activity_snapshot[295] relative to clock(s) clk
Related violations: <none>

TIMING-18#564 Warning
Missing input or output delay  
An output delay is missing on activity_snapshot[296] relative to clock(s) clk
Related violations: <none>

TIMING-18#565 Warning
Missing input or output delay  
An output delay is missing on activity_snapshot[297] relative to clock(s) clk
Related violations: <none>

TIMING-18#566 Warning
Missing input or output delay  
An output delay is missing on activity_snapshot[298] relative to clock(s) clk
Related violations: <none>

TIMING-18#567 Warning
Missing input or output delay  
An output delay is missing on activity_snapshot[299] relative to clock(s) clk
Related violations: <none>

TIMING-18#568 Warning
Missing input or output delay  
An output delay is missing on activity_snapshot[29] relative to clock(s) clk
Related violations: <none>

TIMING-18#569 Warning
Missing input or output delay  
An output delay is missing on activity_snapshot[2] relative to clock(s) clk
Related violations: <none>

TIMING-18#570 Warning
Missing input or output delay  
An output delay is missing on activity_snapshot[300] relative to clock(s) clk
Related violations: <none>

TIMING-18#571 Warning
Missing input or output delay  
An output delay is missing on activity_snapshot[301] relative to clock(s) clk
Related violations: <none>

TIMING-18#572 Warning
Missing input or output delay  
An output delay is missing on activity_snapshot[302] relative to clock(s) clk
Related violations: <none>

TIMING-18#573 Warning
Missing input or output delay  
An output delay is missing on activity_snapshot[303] relative to clock(s) clk
Related violations: <none>

TIMING-18#574 Warning
Missing input or output delay  
An output delay is missing on activity_snapshot[304] relative to clock(s) clk
Related violations: <none>

TIMING-18#575 Warning
Missing input or output delay  
An output delay is missing on activity_snapshot[305] relative to clock(s) clk
Related violations: <none>

TIMING-18#576 Warning
Missing input or output delay  
An output delay is missing on activity_snapshot[306] relative to clock(s) clk
Related violations: <none>

TIMING-18#577 Warning
Missing input or output delay  
An output delay is missing on activity_snapshot[307] relative to clock(s) clk
Related violations: <none>

TIMING-18#578 Warning
Missing input or output delay  
An output delay is missing on activity_snapshot[308] relative to clock(s) clk
Related violations: <none>

TIMING-18#579 Warning
Missing input or output delay  
An output delay is missing on activity_snapshot[309] relative to clock(s) clk
Related violations: <none>

TIMING-18#580 Warning
Missing input or output delay  
An output delay is missing on activity_snapshot[30] relative to clock(s) clk
Related violations: <none>

TIMING-18#581 Warning
Missing input or output delay  
An output delay is missing on activity_snapshot[310] relative to clock(s) clk
Related violations: <none>

TIMING-18#582 Warning
Missing input or output delay  
An output delay is missing on activity_snapshot[311] relative to clock(s) clk
Related violations: <none>

TIMING-18#583 Warning
Missing input or output delay  
An output delay is missing on activity_snapshot[312] relative to clock(s) clk
Related violations: <none>

TIMING-18#584 Warning
Missing input or output delay  
An output delay is missing on activity_snapshot[313] relative to clock(s) clk
Related violations: <none>

TIMING-18#585 Warning
Missing input or output delay  
An output delay is missing on activity_snapshot[314] relative to clock(s) clk
Related violations: <none>

TIMING-18#586 Warning
Missing input or output delay  
An output delay is missing on activity_snapshot[315] relative to clock(s) clk
Related violations: <none>

TIMING-18#587 Warning
Missing input or output delay  
An output delay is missing on activity_snapshot[316] relative to clock(s) clk
Related violations: <none>

TIMING-18#588 Warning
Missing input or output delay  
An output delay is missing on activity_snapshot[317] relative to clock(s) clk
Related violations: <none>

TIMING-18#589 Warning
Missing input or output delay  
An output delay is missing on activity_snapshot[318] relative to clock(s) clk
Related violations: <none>

TIMING-18#590 Warning
Missing input or output delay  
An output delay is missing on activity_snapshot[319] relative to clock(s) clk
Related violations: <none>

TIMING-18#591 Warning
Missing input or output delay  
An output delay is missing on activity_snapshot[31] relative to clock(s) clk
Related violations: <none>

TIMING-18#592 Warning
Missing input or output delay  
An output delay is missing on activity_snapshot[320] relative to clock(s) clk
Related violations: <none>

TIMING-18#593 Warning
Missing input or output delay  
An output delay is missing on activity_snapshot[321] relative to clock(s) clk
Related violations: <none>

TIMING-18#594 Warning
Missing input or output delay  
An output delay is missing on activity_snapshot[322] relative to clock(s) clk
Related violations: <none>

TIMING-18#595 Warning
Missing input or output delay  
An output delay is missing on activity_snapshot[323] relative to clock(s) clk
Related violations: <none>

TIMING-18#596 Warning
Missing input or output delay  
An output delay is missing on activity_snapshot[324] relative to clock(s) clk
Related violations: <none>

TIMING-18#597 Warning
Missing input or output delay  
An output delay is missing on activity_snapshot[325] relative to clock(s) clk
Related violations: <none>

TIMING-18#598 Warning
Missing input or output delay  
An output delay is missing on activity_snapshot[326] relative to clock(s) clk
Related violations: <none>

TIMING-18#599 Warning
Missing input or output delay  
An output delay is missing on activity_snapshot[327] relative to clock(s) clk
Related violations: <none>

TIMING-18#600 Warning
Missing input or output delay  
An output delay is missing on activity_snapshot[328] relative to clock(s) clk
Related violations: <none>

TIMING-18#601 Warning
Missing input or output delay  
An output delay is missing on activity_snapshot[329] relative to clock(s) clk
Related violations: <none>

TIMING-18#602 Warning
Missing input or output delay  
An output delay is missing on activity_snapshot[32] relative to clock(s) clk
Related violations: <none>

TIMING-18#603 Warning
Missing input or output delay  
An output delay is missing on activity_snapshot[330] relative to clock(s) clk
Related violations: <none>

TIMING-18#604 Warning
Missing input or output delay  
An output delay is missing on activity_snapshot[331] relative to clock(s) clk
Related violations: <none>

TIMING-18#605 Warning
Missing input or output delay  
An output delay is missing on activity_snapshot[332] relative to clock(s) clk
Related violations: <none>

TIMING-18#606 Warning
Missing input or output delay  
An output delay is missing on activity_snapshot[333] relative to clock(s) clk
Related violations: <none>

TIMING-18#607 Warning
Missing input or output delay  
An output delay is missing on activity_snapshot[334] relative to clock(s) clk
Related violations: <none>

TIMING-18#608 Warning
Missing input or output delay  
An output delay is missing on activity_snapshot[335] relative to clock(s) clk
Related violations: <none>

TIMING-18#609 Warning
Missing input or output delay  
An output delay is missing on activity_snapshot[336] relative to clock(s) clk
Related violations: <none>

TIMING-18#610 Warning
Missing input or output delay  
An output delay is missing on activity_snapshot[337] relative to clock(s) clk
Related violations: <none>

TIMING-18#611 Warning
Missing input or output delay  
An output delay is missing on activity_snapshot[338] relative to clock(s) clk
Related violations: <none>

TIMING-18#612 Warning
Missing input or output delay  
An output delay is missing on activity_snapshot[339] relative to clock(s) clk
Related violations: <none>

TIMING-18#613 Warning
Missing input or output delay  
An output delay is missing on activity_snapshot[33] relative to clock(s) clk
Related violations: <none>

TIMING-18#614 Warning
Missing input or output delay  
An output delay is missing on activity_snapshot[340] relative to clock(s) clk
Related violations: <none>

TIMING-18#615 Warning
Missing input or output delay  
An output delay is missing on activity_snapshot[341] relative to clock(s) clk
Related violations: <none>

TIMING-18#616 Warning
Missing input or output delay  
An output delay is missing on activity_snapshot[342] relative to clock(s) clk
Related violations: <none>

TIMING-18#617 Warning
Missing input or output delay  
An output delay is missing on activity_snapshot[343] relative to clock(s) clk
Related violations: <none>

TIMING-18#618 Warning
Missing input or output delay  
An output delay is missing on activity_snapshot[344] relative to clock(s) clk
Related violations: <none>

TIMING-18#619 Warning
Missing input or output delay  
An output delay is missing on activity_snapshot[345] relative to clock(s) clk
Related violations: <none>

TIMING-18#620 Warning
Missing input or output delay  
An output delay is missing on activity_snapshot[346] relative to clock(s) clk
Related violations: <none>

TIMING-18#621 Warning
Missing input or output delay  
An output delay is missing on activity_snapshot[347] relative to clock(s) clk
Related violations: <none>

TIMING-18#622 Warning
Missing input or output delay  
An output delay is missing on activity_snapshot[348] relative to clock(s) clk
Related violations: <none>

TIMING-18#623 Warning
Missing input or output delay  
An output delay is missing on activity_snapshot[349] relative to clock(s) clk
Related violations: <none>

TIMING-18#624 Warning
Missing input or output delay  
An output delay is missing on activity_snapshot[34] relative to clock(s) clk
Related violations: <none>

TIMING-18#625 Warning
Missing input or output delay  
An output delay is missing on activity_snapshot[350] relative to clock(s) clk
Related violations: <none>

TIMING-18#626 Warning
Missing input or output delay  
An output delay is missing on activity_snapshot[351] relative to clock(s) clk
Related violations: <none>

TIMING-18#627 Warning
Missing input or output delay  
An output delay is missing on activity_snapshot[352] relative to clock(s) clk
Related violations: <none>

TIMING-18#628 Warning
Missing input or output delay  
An output delay is missing on activity_snapshot[353] relative to clock(s) clk
Related violations: <none>

TIMING-18#629 Warning
Missing input or output delay  
An output delay is missing on activity_snapshot[354] relative to clock(s) clk
Related violations: <none>

TIMING-18#630 Warning
Missing input or output delay  
An output delay is missing on activity_snapshot[355] relative to clock(s) clk
Related violations: <none>

TIMING-18#631 Warning
Missing input or output delay  
An output delay is missing on activity_snapshot[356] relative to clock(s) clk
Related violations: <none>

TIMING-18#632 Warning
Missing input or output delay  
An output delay is missing on activity_snapshot[357] relative to clock(s) clk
Related violations: <none>

TIMING-18#633 Warning
Missing input or output delay  
An output delay is missing on activity_snapshot[358] relative to clock(s) clk
Related violations: <none>

TIMING-18#634 Warning
Missing input or output delay  
An output delay is missing on activity_snapshot[359] relative to clock(s) clk
Related violations: <none>

TIMING-18#635 Warning
Missing input or output delay  
An output delay is missing on activity_snapshot[35] relative to clock(s) clk
Related violations: <none>

TIMING-18#636 Warning
Missing input or output delay  
An output delay is missing on activity_snapshot[360] relative to clock(s) clk
Related violations: <none>

TIMING-18#637 Warning
Missing input or output delay  
An output delay is missing on activity_snapshot[361] relative to clock(s) clk
Related violations: <none>

TIMING-18#638 Warning
Missing input or output delay  
An output delay is missing on activity_snapshot[362] relative to clock(s) clk
Related violations: <none>

TIMING-18#639 Warning
Missing input or output delay  
An output delay is missing on activity_snapshot[363] relative to clock(s) clk
Related violations: <none>

TIMING-18#640 Warning
Missing input or output delay  
An output delay is missing on activity_snapshot[364] relative to clock(s) clk
Related violations: <none>

TIMING-18#641 Warning
Missing input or output delay  
An output delay is missing on activity_snapshot[365] relative to clock(s) clk
Related violations: <none>

TIMING-18#642 Warning
Missing input or output delay  
An output delay is missing on activity_snapshot[366] relative to clock(s) clk
Related violations: <none>

TIMING-18#643 Warning
Missing input or output delay  
An output delay is missing on activity_snapshot[367] relative to clock(s) clk
Related violations: <none>

TIMING-18#644 Warning
Missing input or output delay  
An output delay is missing on activity_snapshot[368] relative to clock(s) clk
Related violations: <none>

TIMING-18#645 Warning
Missing input or output delay  
An output delay is missing on activity_snapshot[369] relative to clock(s) clk
Related violations: <none>

TIMING-18#646 Warning
Missing input or output delay  
An output delay is missing on activity_snapshot[36] relative to clock(s) clk
Related violations: <none>

TIMING-18#647 Warning
Missing input or output delay  
An output delay is missing on activity_snapshot[370] relative to clock(s) clk
Related violations: <none>

TIMING-18#648 Warning
Missing input or output delay  
An output delay is missing on activity_snapshot[371] relative to clock(s) clk
Related violations: <none>

TIMING-18#649 Warning
Missing input or output delay  
An output delay is missing on activity_snapshot[372] relative to clock(s) clk
Related violations: <none>

TIMING-18#650 Warning
Missing input or output delay  
An output delay is missing on activity_snapshot[373] relative to clock(s) clk
Related violations: <none>

TIMING-18#651 Warning
Missing input or output delay  
An output delay is missing on activity_snapshot[374] relative to clock(s) clk
Related violations: <none>

TIMING-18#652 Warning
Missing input or output delay  
An output delay is missing on activity_snapshot[375] relative to clock(s) clk
Related violations: <none>

TIMING-18#653 Warning
Missing input or output delay  
An output delay is missing on activity_snapshot[376] relative to clock(s) clk
Related violations: <none>

TIMING-18#654 Warning
Missing input or output delay  
An output delay is missing on activity_snapshot[377] relative to clock(s) clk
Related violations: <none>

TIMING-18#655 Warning
Missing input or output delay  
An output delay is missing on activity_snapshot[378] relative to clock(s) clk
Related violations: <none>

TIMING-18#656 Warning
Missing input or output delay  
An output delay is missing on activity_snapshot[379] relative to clock(s) clk
Related violations: <none>

TIMING-18#657 Warning
Missing input or output delay  
An output delay is missing on activity_snapshot[37] relative to clock(s) clk
Related violations: <none>

TIMING-18#658 Warning
Missing input or output delay  
An output delay is missing on activity_snapshot[380] relative to clock(s) clk
Related violations: <none>

TIMING-18#659 Warning
Missing input or output delay  
An output delay is missing on activity_snapshot[381] relative to clock(s) clk
Related violations: <none>

TIMING-18#660 Warning
Missing input or output delay  
An output delay is missing on activity_snapshot[382] relative to clock(s) clk
Related violations: <none>

TIMING-18#661 Warning
Missing input or output delay  
An output delay is missing on activity_snapshot[383] relative to clock(s) clk
Related violations: <none>

TIMING-18#662 Warning
Missing input or output delay  
An output delay is missing on activity_snapshot[384] relative to clock(s) clk
Related violations: <none>

TIMING-18#663 Warning
Missing input or output delay  
An output delay is missing on activity_snapshot[385] relative to clock(s) clk
Related violations: <none>

TIMING-18#664 Warning
Missing input or output delay  
An output delay is missing on activity_snapshot[386] relative to clock(s) clk
Related violations: <none>

TIMING-18#665 Warning
Missing input or output delay  
An output delay is missing on activity_snapshot[387] relative to clock(s) clk
Related violations: <none>

TIMING-18#666 Warning
Missing input or output delay  
An output delay is missing on activity_snapshot[388] relative to clock(s) clk
Related violations: <none>

TIMING-18#667 Warning
Missing input or output delay  
An output delay is missing on activity_snapshot[389] relative to clock(s) clk
Related violations: <none>

TIMING-18#668 Warning
Missing input or output delay  
An output delay is missing on activity_snapshot[38] relative to clock(s) clk
Related violations: <none>

TIMING-18#669 Warning
Missing input or output delay  
An output delay is missing on activity_snapshot[390] relative to clock(s) clk
Related violations: <none>

TIMING-18#670 Warning
Missing input or output delay  
An output delay is missing on activity_snapshot[391] relative to clock(s) clk
Related violations: <none>

TIMING-18#671 Warning
Missing input or output delay  
An output delay is missing on activity_snapshot[392] relative to clock(s) clk
Related violations: <none>

TIMING-18#672 Warning
Missing input or output delay  
An output delay is missing on activity_snapshot[393] relative to clock(s) clk
Related violations: <none>

TIMING-18#673 Warning
Missing input or output delay  
An output delay is missing on activity_snapshot[394] relative to clock(s) clk
Related violations: <none>

TIMING-18#674 Warning
Missing input or output delay  
An output delay is missing on activity_snapshot[395] relative to clock(s) clk
Related violations: <none>

TIMING-18#675 Warning
Missing input or output delay  
An output delay is missing on activity_snapshot[396] relative to clock(s) clk
Related violations: <none>

TIMING-18#676 Warning
Missing input or output delay  
An output delay is missing on activity_snapshot[397] relative to clock(s) clk
Related violations: <none>

TIMING-18#677 Warning
Missing input or output delay  
An output delay is missing on activity_snapshot[398] relative to clock(s) clk
Related violations: <none>

TIMING-18#678 Warning
Missing input or output delay  
An output delay is missing on activity_snapshot[399] relative to clock(s) clk
Related violations: <none>

TIMING-18#679 Warning
Missing input or output delay  
An output delay is missing on activity_snapshot[39] relative to clock(s) clk
Related violations: <none>

TIMING-18#680 Warning
Missing input or output delay  
An output delay is missing on activity_snapshot[3] relative to clock(s) clk
Related violations: <none>

TIMING-18#681 Warning
Missing input or output delay  
An output delay is missing on activity_snapshot[400] relative to clock(s) clk
Related violations: <none>

TIMING-18#682 Warning
Missing input or output delay  
An output delay is missing on activity_snapshot[401] relative to clock(s) clk
Related violations: <none>

TIMING-18#683 Warning
Missing input or output delay  
An output delay is missing on activity_snapshot[402] relative to clock(s) clk
Related violations: <none>

TIMING-18#684 Warning
Missing input or output delay  
An output delay is missing on activity_snapshot[403] relative to clock(s) clk
Related violations: <none>

TIMING-18#685 Warning
Missing input or output delay  
An output delay is missing on activity_snapshot[404] relative to clock(s) clk
Related violations: <none>

TIMING-18#686 Warning
Missing input or output delay  
An output delay is missing on activity_snapshot[405] relative to clock(s) clk
Related violations: <none>

TIMING-18#687 Warning
Missing input or output delay  
An output delay is missing on activity_snapshot[406] relative to clock(s) clk
Related violations: <none>

TIMING-18#688 Warning
Missing input or output delay  
An output delay is missing on activity_snapshot[407] relative to clock(s) clk
Related violations: <none>

TIMING-18#689 Warning
Missing input or output delay  
An output delay is missing on activity_snapshot[408] relative to clock(s) clk
Related violations: <none>

TIMING-18#690 Warning
Missing input or output delay  
An output delay is missing on activity_snapshot[409] relative to clock(s) clk
Related violations: <none>

TIMING-18#691 Warning
Missing input or output delay  
An output delay is missing on activity_snapshot[40] relative to clock(s) clk
Related violations: <none>

TIMING-18#692 Warning
Missing input or output delay  
An output delay is missing on activity_snapshot[410] relative to clock(s) clk
Related violations: <none>

TIMING-18#693 Warning
Missing input or output delay  
An output delay is missing on activity_snapshot[411] relative to clock(s) clk
Related violations: <none>

TIMING-18#694 Warning
Missing input or output delay  
An output delay is missing on activity_snapshot[412] relative to clock(s) clk
Related violations: <none>

TIMING-18#695 Warning
Missing input or output delay  
An output delay is missing on activity_snapshot[413] relative to clock(s) clk
Related violations: <none>

TIMING-18#696 Warning
Missing input or output delay  
An output delay is missing on activity_snapshot[414] relative to clock(s) clk
Related violations: <none>

TIMING-18#697 Warning
Missing input or output delay  
An output delay is missing on activity_snapshot[415] relative to clock(s) clk
Related violations: <none>

TIMING-18#698 Warning
Missing input or output delay  
An output delay is missing on activity_snapshot[416] relative to clock(s) clk
Related violations: <none>

TIMING-18#699 Warning
Missing input or output delay  
An output delay is missing on activity_snapshot[417] relative to clock(s) clk
Related violations: <none>

TIMING-18#700 Warning
Missing input or output delay  
An output delay is missing on activity_snapshot[418] relative to clock(s) clk
Related violations: <none>

TIMING-18#701 Warning
Missing input or output delay  
An output delay is missing on activity_snapshot[419] relative to clock(s) clk
Related violations: <none>

TIMING-18#702 Warning
Missing input or output delay  
An output delay is missing on activity_snapshot[41] relative to clock(s) clk
Related violations: <none>

TIMING-18#703 Warning
Missing input or output delay  
An output delay is missing on activity_snapshot[420] relative to clock(s) clk
Related violations: <none>

TIMING-18#704 Warning
Missing input or output delay  
An output delay is missing on activity_snapshot[421] relative to clock(s) clk
Related violations: <none>

TIMING-18#705 Warning
Missing input or output delay  
An output delay is missing on activity_snapshot[422] relative to clock(s) clk
Related violations: <none>

TIMING-18#706 Warning
Missing input or output delay  
An output delay is missing on activity_snapshot[423] relative to clock(s) clk
Related violations: <none>

TIMING-18#707 Warning
Missing input or output delay  
An output delay is missing on activity_snapshot[424] relative to clock(s) clk
Related violations: <none>

TIMING-18#708 Warning
Missing input or output delay  
An output delay is missing on activity_snapshot[425] relative to clock(s) clk
Related violations: <none>

TIMING-18#709 Warning
Missing input or output delay  
An output delay is missing on activity_snapshot[426] relative to clock(s) clk
Related violations: <none>

TIMING-18#710 Warning
Missing input or output delay  
An output delay is missing on activity_snapshot[427] relative to clock(s) clk
Related violations: <none>

TIMING-18#711 Warning
Missing input or output delay  
An output delay is missing on activity_snapshot[428] relative to clock(s) clk
Related violations: <none>

TIMING-18#712 Warning
Missing input or output delay  
An output delay is missing on activity_snapshot[429] relative to clock(s) clk
Related violations: <none>

TIMING-18#713 Warning
Missing input or output delay  
An output delay is missing on activity_snapshot[42] relative to clock(s) clk
Related violations: <none>

TIMING-18#714 Warning
Missing input or output delay  
An output delay is missing on activity_snapshot[430] relative to clock(s) clk
Related violations: <none>

TIMING-18#715 Warning
Missing input or output delay  
An output delay is missing on activity_snapshot[431] relative to clock(s) clk
Related violations: <none>

TIMING-18#716 Warning
Missing input or output delay  
An output delay is missing on activity_snapshot[432] relative to clock(s) clk
Related violations: <none>

TIMING-18#717 Warning
Missing input or output delay  
An output delay is missing on activity_snapshot[433] relative to clock(s) clk
Related violations: <none>

TIMING-18#718 Warning
Missing input or output delay  
An output delay is missing on activity_snapshot[434] relative to clock(s) clk
Related violations: <none>

TIMING-18#719 Warning
Missing input or output delay  
An output delay is missing on activity_snapshot[435] relative to clock(s) clk
Related violations: <none>

TIMING-18#720 Warning
Missing input or output delay  
An output delay is missing on activity_snapshot[436] relative to clock(s) clk
Related violations: <none>

TIMING-18#721 Warning
Missing input or output delay  
An output delay is missing on activity_snapshot[437] relative to clock(s) clk
Related violations: <none>

TIMING-18#722 Warning
Missing input or output delay  
An output delay is missing on activity_snapshot[438] relative to clock(s) clk
Related violations: <none>

TIMING-18#723 Warning
Missing input or output delay  
An output delay is missing on activity_snapshot[439] relative to clock(s) clk
Related violations: <none>

TIMING-18#724 Warning
Missing input or output delay  
An output delay is missing on activity_snapshot[43] relative to clock(s) clk
Related violations: <none>

TIMING-18#725 Warning
Missing input or output delay  
An output delay is missing on activity_snapshot[440] relative to clock(s) clk
Related violations: <none>

TIMING-18#726 Warning
Missing input or output delay  
An output delay is missing on activity_snapshot[441] relative to clock(s) clk
Related violations: <none>

TIMING-18#727 Warning
Missing input or output delay  
An output delay is missing on activity_snapshot[442] relative to clock(s) clk
Related violations: <none>

TIMING-18#728 Warning
Missing input or output delay  
An output delay is missing on activity_snapshot[443] relative to clock(s) clk
Related violations: <none>

TIMING-18#729 Warning
Missing input or output delay  
An output delay is missing on activity_snapshot[444] relative to clock(s) clk
Related violations: <none>

TIMING-18#730 Warning
Missing input or output delay  
An output delay is missing on activity_snapshot[445] relative to clock(s) clk
Related violations: <none>

TIMING-18#731 Warning
Missing input or output delay  
An output delay is missing on activity_snapshot[446] relative to clock(s) clk
Related violations: <none>

TIMING-18#732 Warning
Missing input or output delay  
An output delay is missing on activity_snapshot[447] relative to clock(s) clk
Related violations: <none>

TIMING-18#733 Warning
Missing input or output delay  
An output delay is missing on activity_snapshot[448] relative to clock(s) clk
Related violations: <none>

TIMING-18#734 Warning
Missing input or output delay  
An output delay is missing on activity_snapshot[449] relative to clock(s) clk
Related violations: <none>

TIMING-18#735 Warning
Missing input or output delay  
An output delay is missing on activity_snapshot[44] relative to clock(s) clk
Related violations: <none>

TIMING-18#736 Warning
Missing input or output delay  
An output delay is missing on activity_snapshot[450] relative to clock(s) clk
Related violations: <none>

TIMING-18#737 Warning
Missing input or output delay  
An output delay is missing on activity_snapshot[451] relative to clock(s) clk
Related violations: <none>

TIMING-18#738 Warning
Missing input or output delay  
An output delay is missing on activity_snapshot[452] relative to clock(s) clk
Related violations: <none>

TIMING-18#739 Warning
Missing input or output delay  
An output delay is missing on activity_snapshot[453] relative to clock(s) clk
Related violations: <none>

TIMING-18#740 Warning
Missing input or output delay  
An output delay is missing on activity_snapshot[454] relative to clock(s) clk
Related violations: <none>

TIMING-18#741 Warning
Missing input or output delay  
An output delay is missing on activity_snapshot[455] relative to clock(s) clk
Related violations: <none>

TIMING-18#742 Warning
Missing input or output delay  
An output delay is missing on activity_snapshot[456] relative to clock(s) clk
Related violations: <none>

TIMING-18#743 Warning
Missing input or output delay  
An output delay is missing on activity_snapshot[457] relative to clock(s) clk
Related violations: <none>

TIMING-18#744 Warning
Missing input or output delay  
An output delay is missing on activity_snapshot[458] relative to clock(s) clk
Related violations: <none>

TIMING-18#745 Warning
Missing input or output delay  
An output delay is missing on activity_snapshot[459] relative to clock(s) clk
Related violations: <none>

TIMING-18#746 Warning
Missing input or output delay  
An output delay is missing on activity_snapshot[45] relative to clock(s) clk
Related violations: <none>

TIMING-18#747 Warning
Missing input or output delay  
An output delay is missing on activity_snapshot[460] relative to clock(s) clk
Related violations: <none>

TIMING-18#748 Warning
Missing input or output delay  
An output delay is missing on activity_snapshot[461] relative to clock(s) clk
Related violations: <none>

TIMING-18#749 Warning
Missing input or output delay  
An output delay is missing on activity_snapshot[462] relative to clock(s) clk
Related violations: <none>

TIMING-18#750 Warning
Missing input or output delay  
An output delay is missing on activity_snapshot[463] relative to clock(s) clk
Related violations: <none>

TIMING-18#751 Warning
Missing input or output delay  
An output delay is missing on activity_snapshot[464] relative to clock(s) clk
Related violations: <none>

TIMING-18#752 Warning
Missing input or output delay  
An output delay is missing on activity_snapshot[465] relative to clock(s) clk
Related violations: <none>

TIMING-18#753 Warning
Missing input or output delay  
An output delay is missing on activity_snapshot[466] relative to clock(s) clk
Related violations: <none>

TIMING-18#754 Warning
Missing input or output delay  
An output delay is missing on activity_snapshot[467] relative to clock(s) clk
Related violations: <none>

TIMING-18#755 Warning
Missing input or output delay  
An output delay is missing on activity_snapshot[468] relative to clock(s) clk
Related violations: <none>

TIMING-18#756 Warning
Missing input or output delay  
An output delay is missing on activity_snapshot[469] relative to clock(s) clk
Related violations: <none>

TIMING-18#757 Warning
Missing input or output delay  
An output delay is missing on activity_snapshot[46] relative to clock(s) clk
Related violations: <none>

TIMING-18#758 Warning
Missing input or output delay  
An output delay is missing on activity_snapshot[470] relative to clock(s) clk
Related violations: <none>

TIMING-18#759 Warning
Missing input or output delay  
An output delay is missing on activity_snapshot[471] relative to clock(s) clk
Related violations: <none>

TIMING-18#760 Warning
Missing input or output delay  
An output delay is missing on activity_snapshot[472] relative to clock(s) clk
Related violations: <none>

TIMING-18#761 Warning
Missing input or output delay  
An output delay is missing on activity_snapshot[473] relative to clock(s) clk
Related violations: <none>

TIMING-18#762 Warning
Missing input or output delay  
An output delay is missing on activity_snapshot[474] relative to clock(s) clk
Related violations: <none>

TIMING-18#763 Warning
Missing input or output delay  
An output delay is missing on activity_snapshot[475] relative to clock(s) clk
Related violations: <none>

TIMING-18#764 Warning
Missing input or output delay  
An output delay is missing on activity_snapshot[476] relative to clock(s) clk
Related violations: <none>

TIMING-18#765 Warning
Missing input or output delay  
An output delay is missing on activity_snapshot[477] relative to clock(s) clk
Related violations: <none>

TIMING-18#766 Warning
Missing input or output delay  
An output delay is missing on activity_snapshot[478] relative to clock(s) clk
Related violations: <none>

TIMING-18#767 Warning
Missing input or output delay  
An output delay is missing on activity_snapshot[479] relative to clock(s) clk
Related violations: <none>

TIMING-18#768 Warning
Missing input or output delay  
An output delay is missing on activity_snapshot[47] relative to clock(s) clk
Related violations: <none>

TIMING-18#769 Warning
Missing input or output delay  
An output delay is missing on activity_snapshot[480] relative to clock(s) clk
Related violations: <none>

TIMING-18#770 Warning
Missing input or output delay  
An output delay is missing on activity_snapshot[481] relative to clock(s) clk
Related violations: <none>

TIMING-18#771 Warning
Missing input or output delay  
An output delay is missing on activity_snapshot[482] relative to clock(s) clk
Related violations: <none>

TIMING-18#772 Warning
Missing input or output delay  
An output delay is missing on activity_snapshot[483] relative to clock(s) clk
Related violations: <none>

TIMING-18#773 Warning
Missing input or output delay  
An output delay is missing on activity_snapshot[484] relative to clock(s) clk
Related violations: <none>

TIMING-18#774 Warning
Missing input or output delay  
An output delay is missing on activity_snapshot[485] relative to clock(s) clk
Related violations: <none>

TIMING-18#775 Warning
Missing input or output delay  
An output delay is missing on activity_snapshot[486] relative to clock(s) clk
Related violations: <none>

TIMING-18#776 Warning
Missing input or output delay  
An output delay is missing on activity_snapshot[487] relative to clock(s) clk
Related violations: <none>

TIMING-18#777 Warning
Missing input or output delay  
An output delay is missing on activity_snapshot[488] relative to clock(s) clk
Related violations: <none>

TIMING-18#778 Warning
Missing input or output delay  
An output delay is missing on activity_snapshot[489] relative to clock(s) clk
Related violations: <none>

TIMING-18#779 Warning
Missing input or output delay  
An output delay is missing on activity_snapshot[48] relative to clock(s) clk
Related violations: <none>

TIMING-18#780 Warning
Missing input or output delay  
An output delay is missing on activity_snapshot[490] relative to clock(s) clk
Related violations: <none>

TIMING-18#781 Warning
Missing input or output delay  
An output delay is missing on activity_snapshot[491] relative to clock(s) clk
Related violations: <none>

TIMING-18#782 Warning
Missing input or output delay  
An output delay is missing on activity_snapshot[492] relative to clock(s) clk
Related violations: <none>

TIMING-18#783 Warning
Missing input or output delay  
An output delay is missing on activity_snapshot[493] relative to clock(s) clk
Related violations: <none>

TIMING-18#784 Warning
Missing input or output delay  
An output delay is missing on activity_snapshot[494] relative to clock(s) clk
Related violations: <none>

TIMING-18#785 Warning
Missing input or output delay  
An output delay is missing on activity_snapshot[495] relative to clock(s) clk
Related violations: <none>

TIMING-18#786 Warning
Missing input or output delay  
An output delay is missing on activity_snapshot[496] relative to clock(s) clk
Related violations: <none>

TIMING-18#787 Warning
Missing input or output delay  
An output delay is missing on activity_snapshot[497] relative to clock(s) clk
Related violations: <none>

TIMING-18#788 Warning
Missing input or output delay  
An output delay is missing on activity_snapshot[498] relative to clock(s) clk
Related violations: <none>

TIMING-18#789 Warning
Missing input or output delay  
An output delay is missing on activity_snapshot[499] relative to clock(s) clk
Related violations: <none>

TIMING-18#790 Warning
Missing input or output delay  
An output delay is missing on activity_snapshot[49] relative to clock(s) clk
Related violations: <none>

TIMING-18#791 Warning
Missing input or output delay  
An output delay is missing on activity_snapshot[4] relative to clock(s) clk
Related violations: <none>

TIMING-18#792 Warning
Missing input or output delay  
An output delay is missing on activity_snapshot[500] relative to clock(s) clk
Related violations: <none>

TIMING-18#793 Warning
Missing input or output delay  
An output delay is missing on activity_snapshot[501] relative to clock(s) clk
Related violations: <none>

TIMING-18#794 Warning
Missing input or output delay  
An output delay is missing on activity_snapshot[502] relative to clock(s) clk
Related violations: <none>

TIMING-18#795 Warning
Missing input or output delay  
An output delay is missing on activity_snapshot[503] relative to clock(s) clk
Related violations: <none>

TIMING-18#796 Warning
Missing input or output delay  
An output delay is missing on activity_snapshot[504] relative to clock(s) clk
Related violations: <none>

TIMING-18#797 Warning
Missing input or output delay  
An output delay is missing on activity_snapshot[505] relative to clock(s) clk
Related violations: <none>

TIMING-18#798 Warning
Missing input or output delay  
An output delay is missing on activity_snapshot[506] relative to clock(s) clk
Related violations: <none>

TIMING-18#799 Warning
Missing input or output delay  
An output delay is missing on activity_snapshot[507] relative to clock(s) clk
Related violations: <none>

TIMING-18#800 Warning
Missing input or output delay  
An output delay is missing on activity_snapshot[508] relative to clock(s) clk
Related violations: <none>

TIMING-18#801 Warning
Missing input or output delay  
An output delay is missing on activity_snapshot[509] relative to clock(s) clk
Related violations: <none>

TIMING-18#802 Warning
Missing input or output delay  
An output delay is missing on activity_snapshot[50] relative to clock(s) clk
Related violations: <none>

TIMING-18#803 Warning
Missing input or output delay  
An output delay is missing on activity_snapshot[510] relative to clock(s) clk
Related violations: <none>

TIMING-18#804 Warning
Missing input or output delay  
An output delay is missing on activity_snapshot[511] relative to clock(s) clk
Related violations: <none>

TIMING-18#805 Warning
Missing input or output delay  
An output delay is missing on activity_snapshot[512] relative to clock(s) clk
Related violations: <none>

TIMING-18#806 Warning
Missing input or output delay  
An output delay is missing on activity_snapshot[513] relative to clock(s) clk
Related violations: <none>

TIMING-18#807 Warning
Missing input or output delay  
An output delay is missing on activity_snapshot[514] relative to clock(s) clk
Related violations: <none>

TIMING-18#808 Warning
Missing input or output delay  
An output delay is missing on activity_snapshot[515] relative to clock(s) clk
Related violations: <none>

TIMING-18#809 Warning
Missing input or output delay  
An output delay is missing on activity_snapshot[516] relative to clock(s) clk
Related violations: <none>

TIMING-18#810 Warning
Missing input or output delay  
An output delay is missing on activity_snapshot[517] relative to clock(s) clk
Related violations: <none>

TIMING-18#811 Warning
Missing input or output delay  
An output delay is missing on activity_snapshot[518] relative to clock(s) clk
Related violations: <none>

TIMING-18#812 Warning
Missing input or output delay  
An output delay is missing on activity_snapshot[519] relative to clock(s) clk
Related violations: <none>

TIMING-18#813 Warning
Missing input or output delay  
An output delay is missing on activity_snapshot[51] relative to clock(s) clk
Related violations: <none>

TIMING-18#814 Warning
Missing input or output delay  
An output delay is missing on activity_snapshot[520] relative to clock(s) clk
Related violations: <none>

TIMING-18#815 Warning
Missing input or output delay  
An output delay is missing on activity_snapshot[521] relative to clock(s) clk
Related violations: <none>

TIMING-18#816 Warning
Missing input or output delay  
An output delay is missing on activity_snapshot[522] relative to clock(s) clk
Related violations: <none>

TIMING-18#817 Warning
Missing input or output delay  
An output delay is missing on activity_snapshot[523] relative to clock(s) clk
Related violations: <none>

TIMING-18#818 Warning
Missing input or output delay  
An output delay is missing on activity_snapshot[524] relative to clock(s) clk
Related violations: <none>

TIMING-18#819 Warning
Missing input or output delay  
An output delay is missing on activity_snapshot[525] relative to clock(s) clk
Related violations: <none>

TIMING-18#820 Warning
Missing input or output delay  
An output delay is missing on activity_snapshot[526] relative to clock(s) clk
Related violations: <none>

TIMING-18#821 Warning
Missing input or output delay  
An output delay is missing on activity_snapshot[527] relative to clock(s) clk
Related violations: <none>

TIMING-18#822 Warning
Missing input or output delay  
An output delay is missing on activity_snapshot[528] relative to clock(s) clk
Related violations: <none>

TIMING-18#823 Warning
Missing input or output delay  
An output delay is missing on activity_snapshot[529] relative to clock(s) clk
Related violations: <none>

TIMING-18#824 Warning
Missing input or output delay  
An output delay is missing on activity_snapshot[52] relative to clock(s) clk
Related violations: <none>

TIMING-18#825 Warning
Missing input or output delay  
An output delay is missing on activity_snapshot[530] relative to clock(s) clk
Related violations: <none>

TIMING-18#826 Warning
Missing input or output delay  
An output delay is missing on activity_snapshot[531] relative to clock(s) clk
Related violations: <none>

TIMING-18#827 Warning
Missing input or output delay  
An output delay is missing on activity_snapshot[532] relative to clock(s) clk
Related violations: <none>

TIMING-18#828 Warning
Missing input or output delay  
An output delay is missing on activity_snapshot[533] relative to clock(s) clk
Related violations: <none>

TIMING-18#829 Warning
Missing input or output delay  
An output delay is missing on activity_snapshot[534] relative to clock(s) clk
Related violations: <none>

TIMING-18#830 Warning
Missing input or output delay  
An output delay is missing on activity_snapshot[535] relative to clock(s) clk
Related violations: <none>

TIMING-18#831 Warning
Missing input or output delay  
An output delay is missing on activity_snapshot[536] relative to clock(s) clk
Related violations: <none>

TIMING-18#832 Warning
Missing input or output delay  
An output delay is missing on activity_snapshot[537] relative to clock(s) clk
Related violations: <none>

TIMING-18#833 Warning
Missing input or output delay  
An output delay is missing on activity_snapshot[538] relative to clock(s) clk
Related violations: <none>

TIMING-18#834 Warning
Missing input or output delay  
An output delay is missing on activity_snapshot[539] relative to clock(s) clk
Related violations: <none>

TIMING-18#835 Warning
Missing input or output delay  
An output delay is missing on activity_snapshot[53] relative to clock(s) clk
Related violations: <none>

TIMING-18#836 Warning
Missing input or output delay  
An output delay is missing on activity_snapshot[540] relative to clock(s) clk
Related violations: <none>

TIMING-18#837 Warning
Missing input or output delay  
An output delay is missing on activity_snapshot[541] relative to clock(s) clk
Related violations: <none>

TIMING-18#838 Warning
Missing input or output delay  
An output delay is missing on activity_snapshot[542] relative to clock(s) clk
Related violations: <none>

TIMING-18#839 Warning
Missing input or output delay  
An output delay is missing on activity_snapshot[543] relative to clock(s) clk
Related violations: <none>

TIMING-18#840 Warning
Missing input or output delay  
An output delay is missing on activity_snapshot[544] relative to clock(s) clk
Related violations: <none>

TIMING-18#841 Warning
Missing input or output delay  
An output delay is missing on activity_snapshot[545] relative to clock(s) clk
Related violations: <none>

TIMING-18#842 Warning
Missing input or output delay  
An output delay is missing on activity_snapshot[546] relative to clock(s) clk
Related violations: <none>

TIMING-18#843 Warning
Missing input or output delay  
An output delay is missing on activity_snapshot[547] relative to clock(s) clk
Related violations: <none>

TIMING-18#844 Warning
Missing input or output delay  
An output delay is missing on activity_snapshot[548] relative to clock(s) clk
Related violations: <none>

TIMING-18#845 Warning
Missing input or output delay  
An output delay is missing on activity_snapshot[549] relative to clock(s) clk
Related violations: <none>

TIMING-18#846 Warning
Missing input or output delay  
An output delay is missing on activity_snapshot[54] relative to clock(s) clk
Related violations: <none>

TIMING-18#847 Warning
Missing input or output delay  
An output delay is missing on activity_snapshot[550] relative to clock(s) clk
Related violations: <none>

TIMING-18#848 Warning
Missing input or output delay  
An output delay is missing on activity_snapshot[551] relative to clock(s) clk
Related violations: <none>

TIMING-18#849 Warning
Missing input or output delay  
An output delay is missing on activity_snapshot[552] relative to clock(s) clk
Related violations: <none>

TIMING-18#850 Warning
Missing input or output delay  
An output delay is missing on activity_snapshot[553] relative to clock(s) clk
Related violations: <none>

TIMING-18#851 Warning
Missing input or output delay  
An output delay is missing on activity_snapshot[554] relative to clock(s) clk
Related violations: <none>

TIMING-18#852 Warning
Missing input or output delay  
An output delay is missing on activity_snapshot[555] relative to clock(s) clk
Related violations: <none>

TIMING-18#853 Warning
Missing input or output delay  
An output delay is missing on activity_snapshot[556] relative to clock(s) clk
Related violations: <none>

TIMING-18#854 Warning
Missing input or output delay  
An output delay is missing on activity_snapshot[557] relative to clock(s) clk
Related violations: <none>

TIMING-18#855 Warning
Missing input or output delay  
An output delay is missing on activity_snapshot[558] relative to clock(s) clk
Related violations: <none>

TIMING-18#856 Warning
Missing input or output delay  
An output delay is missing on activity_snapshot[559] relative to clock(s) clk
Related violations: <none>

TIMING-18#857 Warning
Missing input or output delay  
An output delay is missing on activity_snapshot[55] relative to clock(s) clk
Related violations: <none>

TIMING-18#858 Warning
Missing input or output delay  
An output delay is missing on activity_snapshot[560] relative to clock(s) clk
Related violations: <none>

TIMING-18#859 Warning
Missing input or output delay  
An output delay is missing on activity_snapshot[561] relative to clock(s) clk
Related violations: <none>

TIMING-18#860 Warning
Missing input or output delay  
An output delay is missing on activity_snapshot[562] relative to clock(s) clk
Related violations: <none>

TIMING-18#861 Warning
Missing input or output delay  
An output delay is missing on activity_snapshot[563] relative to clock(s) clk
Related violations: <none>

TIMING-18#862 Warning
Missing input or output delay  
An output delay is missing on activity_snapshot[564] relative to clock(s) clk
Related violations: <none>

TIMING-18#863 Warning
Missing input or output delay  
An output delay is missing on activity_snapshot[565] relative to clock(s) clk
Related violations: <none>

TIMING-18#864 Warning
Missing input or output delay  
An output delay is missing on activity_snapshot[566] relative to clock(s) clk
Related violations: <none>

TIMING-18#865 Warning
Missing input or output delay  
An output delay is missing on activity_snapshot[567] relative to clock(s) clk
Related violations: <none>

TIMING-18#866 Warning
Missing input or output delay  
An output delay is missing on activity_snapshot[568] relative to clock(s) clk
Related violations: <none>

TIMING-18#867 Warning
Missing input or output delay  
An output delay is missing on activity_snapshot[569] relative to clock(s) clk
Related violations: <none>

TIMING-18#868 Warning
Missing input or output delay  
An output delay is missing on activity_snapshot[56] relative to clock(s) clk
Related violations: <none>

TIMING-18#869 Warning
Missing input or output delay  
An output delay is missing on activity_snapshot[570] relative to clock(s) clk
Related violations: <none>

TIMING-18#870 Warning
Missing input or output delay  
An output delay is missing on activity_snapshot[571] relative to clock(s) clk
Related violations: <none>

TIMING-18#871 Warning
Missing input or output delay  
An output delay is missing on activity_snapshot[572] relative to clock(s) clk
Related violations: <none>

TIMING-18#872 Warning
Missing input or output delay  
An output delay is missing on activity_snapshot[573] relative to clock(s) clk
Related violations: <none>

TIMING-18#873 Warning
Missing input or output delay  
An output delay is missing on activity_snapshot[574] relative to clock(s) clk
Related violations: <none>

TIMING-18#874 Warning
Missing input or output delay  
An output delay is missing on activity_snapshot[575] relative to clock(s) clk
Related violations: <none>

TIMING-18#875 Warning
Missing input or output delay  
An output delay is missing on activity_snapshot[576] relative to clock(s) clk
Related violations: <none>

TIMING-18#876 Warning
Missing input or output delay  
An output delay is missing on activity_snapshot[577] relative to clock(s) clk
Related violations: <none>

TIMING-18#877 Warning
Missing input or output delay  
An output delay is missing on activity_snapshot[578] relative to clock(s) clk
Related violations: <none>

TIMING-18#878 Warning
Missing input or output delay  
An output delay is missing on activity_snapshot[579] relative to clock(s) clk
Related violations: <none>

TIMING-18#879 Warning
Missing input or output delay  
An output delay is missing on activity_snapshot[57] relative to clock(s) clk
Related violations: <none>

TIMING-18#880 Warning
Missing input or output delay  
An output delay is missing on activity_snapshot[580] relative to clock(s) clk
Related violations: <none>

TIMING-18#881 Warning
Missing input or output delay  
An output delay is missing on activity_snapshot[581] relative to clock(s) clk
Related violations: <none>

TIMING-18#882 Warning
Missing input or output delay  
An output delay is missing on activity_snapshot[582] relative to clock(s) clk
Related violations: <none>

TIMING-18#883 Warning
Missing input or output delay  
An output delay is missing on activity_snapshot[583] relative to clock(s) clk
Related violations: <none>

TIMING-18#884 Warning
Missing input or output delay  
An output delay is missing on activity_snapshot[584] relative to clock(s) clk
Related violations: <none>

TIMING-18#885 Warning
Missing input or output delay  
An output delay is missing on activity_snapshot[585] relative to clock(s) clk
Related violations: <none>

TIMING-18#886 Warning
Missing input or output delay  
An output delay is missing on activity_snapshot[586] relative to clock(s) clk
Related violations: <none>

TIMING-18#887 Warning
Missing input or output delay  
An output delay is missing on activity_snapshot[587] relative to clock(s) clk
Related violations: <none>

TIMING-18#888 Warning
Missing input or output delay  
An output delay is missing on activity_snapshot[588] relative to clock(s) clk
Related violations: <none>

TIMING-18#889 Warning
Missing input or output delay  
An output delay is missing on activity_snapshot[589] relative to clock(s) clk
Related violations: <none>

TIMING-18#890 Warning
Missing input or output delay  
An output delay is missing on activity_snapshot[58] relative to clock(s) clk
Related violations: <none>

TIMING-18#891 Warning
Missing input or output delay  
An output delay is missing on activity_snapshot[590] relative to clock(s) clk
Related violations: <none>

TIMING-18#892 Warning
Missing input or output delay  
An output delay is missing on activity_snapshot[591] relative to clock(s) clk
Related violations: <none>

TIMING-18#893 Warning
Missing input or output delay  
An output delay is missing on activity_snapshot[592] relative to clock(s) clk
Related violations: <none>

TIMING-18#894 Warning
Missing input or output delay  
An output delay is missing on activity_snapshot[593] relative to clock(s) clk
Related violations: <none>

TIMING-18#895 Warning
Missing input or output delay  
An output delay is missing on activity_snapshot[594] relative to clock(s) clk
Related violations: <none>

TIMING-18#896 Warning
Missing input or output delay  
An output delay is missing on activity_snapshot[595] relative to clock(s) clk
Related violations: <none>

TIMING-18#897 Warning
Missing input or output delay  
An output delay is missing on activity_snapshot[596] relative to clock(s) clk
Related violations: <none>

TIMING-18#898 Warning
Missing input or output delay  
An output delay is missing on activity_snapshot[597] relative to clock(s) clk
Related violations: <none>

TIMING-18#899 Warning
Missing input or output delay  
An output delay is missing on activity_snapshot[598] relative to clock(s) clk
Related violations: <none>

TIMING-18#900 Warning
Missing input or output delay  
An output delay is missing on activity_snapshot[599] relative to clock(s) clk
Related violations: <none>

TIMING-18#901 Warning
Missing input or output delay  
An output delay is missing on activity_snapshot[59] relative to clock(s) clk
Related violations: <none>

TIMING-18#902 Warning
Missing input or output delay  
An output delay is missing on activity_snapshot[5] relative to clock(s) clk
Related violations: <none>

TIMING-18#903 Warning
Missing input or output delay  
An output delay is missing on activity_snapshot[600] relative to clock(s) clk
Related violations: <none>

TIMING-18#904 Warning
Missing input or output delay  
An output delay is missing on activity_snapshot[601] relative to clock(s) clk
Related violations: <none>

TIMING-18#905 Warning
Missing input or output delay  
An output delay is missing on activity_snapshot[602] relative to clock(s) clk
Related violations: <none>

TIMING-18#906 Warning
Missing input or output delay  
An output delay is missing on activity_snapshot[603] relative to clock(s) clk
Related violations: <none>

TIMING-18#907 Warning
Missing input or output delay  
An output delay is missing on activity_snapshot[604] relative to clock(s) clk
Related violations: <none>

TIMING-18#908 Warning
Missing input or output delay  
An output delay is missing on activity_snapshot[605] relative to clock(s) clk
Related violations: <none>

TIMING-18#909 Warning
Missing input or output delay  
An output delay is missing on activity_snapshot[606] relative to clock(s) clk
Related violations: <none>

TIMING-18#910 Warning
Missing input or output delay  
An output delay is missing on activity_snapshot[607] relative to clock(s) clk
Related violations: <none>

TIMING-18#911 Warning
Missing input or output delay  
An output delay is missing on activity_snapshot[608] relative to clock(s) clk
Related violations: <none>

TIMING-18#912 Warning
Missing input or output delay  
An output delay is missing on activity_snapshot[609] relative to clock(s) clk
Related violations: <none>

TIMING-18#913 Warning
Missing input or output delay  
An output delay is missing on activity_snapshot[60] relative to clock(s) clk
Related violations: <none>

TIMING-18#914 Warning
Missing input or output delay  
An output delay is missing on activity_snapshot[610] relative to clock(s) clk
Related violations: <none>

TIMING-18#915 Warning
Missing input or output delay  
An output delay is missing on activity_snapshot[611] relative to clock(s) clk
Related violations: <none>

TIMING-18#916 Warning
Missing input or output delay  
An output delay is missing on activity_snapshot[612] relative to clock(s) clk
Related violations: <none>

TIMING-18#917 Warning
Missing input or output delay  
An output delay is missing on activity_snapshot[613] relative to clock(s) clk
Related violations: <none>

TIMING-18#918 Warning
Missing input or output delay  
An output delay is missing on activity_snapshot[614] relative to clock(s) clk
Related violations: <none>

TIMING-18#919 Warning
Missing input or output delay  
An output delay is missing on activity_snapshot[615] relative to clock(s) clk
Related violations: <none>

TIMING-18#920 Warning
Missing input or output delay  
An output delay is missing on activity_snapshot[616] relative to clock(s) clk
Related violations: <none>

TIMING-18#921 Warning
Missing input or output delay  
An output delay is missing on activity_snapshot[617] relative to clock(s) clk
Related violations: <none>

TIMING-18#922 Warning
Missing input or output delay  
An output delay is missing on activity_snapshot[618] relative to clock(s) clk
Related violations: <none>

TIMING-18#923 Warning
Missing input or output delay  
An output delay is missing on activity_snapshot[619] relative to clock(s) clk
Related violations: <none>

TIMING-18#924 Warning
Missing input or output delay  
An output delay is missing on activity_snapshot[61] relative to clock(s) clk
Related violations: <none>

TIMING-18#925 Warning
Missing input or output delay  
An output delay is missing on activity_snapshot[620] relative to clock(s) clk
Related violations: <none>

TIMING-18#926 Warning
Missing input or output delay  
An output delay is missing on activity_snapshot[621] relative to clock(s) clk
Related violations: <none>

TIMING-18#927 Warning
Missing input or output delay  
An output delay is missing on activity_snapshot[622] relative to clock(s) clk
Related violations: <none>

TIMING-18#928 Warning
Missing input or output delay  
An output delay is missing on activity_snapshot[623] relative to clock(s) clk
Related violations: <none>

TIMING-18#929 Warning
Missing input or output delay  
An output delay is missing on activity_snapshot[624] relative to clock(s) clk
Related violations: <none>

TIMING-18#930 Warning
Missing input or output delay  
An output delay is missing on activity_snapshot[625] relative to clock(s) clk
Related violations: <none>

TIMING-18#931 Warning
Missing input or output delay  
An output delay is missing on activity_snapshot[626] relative to clock(s) clk
Related violations: <none>

TIMING-18#932 Warning
Missing input or output delay  
An output delay is missing on activity_snapshot[627] relative to clock(s) clk
Related violations: <none>

TIMING-18#933 Warning
Missing input or output delay  
An output delay is missing on activity_snapshot[628] relative to clock(s) clk
Related violations: <none>

TIMING-18#934 Warning
Missing input or output delay  
An output delay is missing on activity_snapshot[629] relative to clock(s) clk
Related violations: <none>

TIMING-18#935 Warning
Missing input or output delay  
An output delay is missing on activity_snapshot[62] relative to clock(s) clk
Related violations: <none>

TIMING-18#936 Warning
Missing input or output delay  
An output delay is missing on activity_snapshot[630] relative to clock(s) clk
Related violations: <none>

TIMING-18#937 Warning
Missing input or output delay  
An output delay is missing on activity_snapshot[631] relative to clock(s) clk
Related violations: <none>

TIMING-18#938 Warning
Missing input or output delay  
An output delay is missing on activity_snapshot[632] relative to clock(s) clk
Related violations: <none>

TIMING-18#939 Warning
Missing input or output delay  
An output delay is missing on activity_snapshot[633] relative to clock(s) clk
Related violations: <none>

TIMING-18#940 Warning
Missing input or output delay  
An output delay is missing on activity_snapshot[634] relative to clock(s) clk
Related violations: <none>

TIMING-18#941 Warning
Missing input or output delay  
An output delay is missing on activity_snapshot[635] relative to clock(s) clk
Related violations: <none>

TIMING-18#942 Warning
Missing input or output delay  
An output delay is missing on activity_snapshot[636] relative to clock(s) clk
Related violations: <none>

TIMING-18#943 Warning
Missing input or output delay  
An output delay is missing on activity_snapshot[637] relative to clock(s) clk
Related violations: <none>

TIMING-18#944 Warning
Missing input or output delay  
An output delay is missing on activity_snapshot[638] relative to clock(s) clk
Related violations: <none>

TIMING-18#945 Warning
Missing input or output delay  
An output delay is missing on activity_snapshot[639] relative to clock(s) clk
Related violations: <none>

TIMING-18#946 Warning
Missing input or output delay  
An output delay is missing on activity_snapshot[63] relative to clock(s) clk
Related violations: <none>

TIMING-18#947 Warning
Missing input or output delay  
An output delay is missing on activity_snapshot[640] relative to clock(s) clk
Related violations: <none>

TIMING-18#948 Warning
Missing input or output delay  
An output delay is missing on activity_snapshot[641] relative to clock(s) clk
Related violations: <none>

TIMING-18#949 Warning
Missing input or output delay  
An output delay is missing on activity_snapshot[642] relative to clock(s) clk
Related violations: <none>

TIMING-18#950 Warning
Missing input or output delay  
An output delay is missing on activity_snapshot[643] relative to clock(s) clk
Related violations: <none>

TIMING-18#951 Warning
Missing input or output delay  
An output delay is missing on activity_snapshot[644] relative to clock(s) clk
Related violations: <none>

TIMING-18#952 Warning
Missing input or output delay  
An output delay is missing on activity_snapshot[645] relative to clock(s) clk
Related violations: <none>

TIMING-18#953 Warning
Missing input or output delay  
An output delay is missing on activity_snapshot[646] relative to clock(s) clk
Related violations: <none>

TIMING-18#954 Warning
Missing input or output delay  
An output delay is missing on activity_snapshot[647] relative to clock(s) clk
Related violations: <none>

TIMING-18#955 Warning
Missing input or output delay  
An output delay is missing on activity_snapshot[648] relative to clock(s) clk
Related violations: <none>

TIMING-18#956 Warning
Missing input or output delay  
An output delay is missing on activity_snapshot[649] relative to clock(s) clk
Related violations: <none>

TIMING-18#957 Warning
Missing input or output delay  
An output delay is missing on activity_snapshot[64] relative to clock(s) clk
Related violations: <none>

TIMING-18#958 Warning
Missing input or output delay  
An output delay is missing on activity_snapshot[650] relative to clock(s) clk
Related violations: <none>

TIMING-18#959 Warning
Missing input or output delay  
An output delay is missing on activity_snapshot[651] relative to clock(s) clk
Related violations: <none>

TIMING-18#960 Warning
Missing input or output delay  
An output delay is missing on activity_snapshot[652] relative to clock(s) clk
Related violations: <none>

TIMING-18#961 Warning
Missing input or output delay  
An output delay is missing on activity_snapshot[653] relative to clock(s) clk
Related violations: <none>

TIMING-18#962 Warning
Missing input or output delay  
An output delay is missing on activity_snapshot[654] relative to clock(s) clk
Related violations: <none>

TIMING-18#963 Warning
Missing input or output delay  
An output delay is missing on activity_snapshot[655] relative to clock(s) clk
Related violations: <none>

TIMING-18#964 Warning
Missing input or output delay  
An output delay is missing on activity_snapshot[656] relative to clock(s) clk
Related violations: <none>

TIMING-18#965 Warning
Missing input or output delay  
An output delay is missing on activity_snapshot[657] relative to clock(s) clk
Related violations: <none>

TIMING-18#966 Warning
Missing input or output delay  
An output delay is missing on activity_snapshot[658] relative to clock(s) clk
Related violations: <none>

TIMING-18#967 Warning
Missing input or output delay  
An output delay is missing on activity_snapshot[659] relative to clock(s) clk
Related violations: <none>

TIMING-18#968 Warning
Missing input or output delay  
An output delay is missing on activity_snapshot[65] relative to clock(s) clk
Related violations: <none>

TIMING-18#969 Warning
Missing input or output delay  
An output delay is missing on activity_snapshot[660] relative to clock(s) clk
Related violations: <none>

TIMING-18#970 Warning
Missing input or output delay  
An output delay is missing on activity_snapshot[661] relative to clock(s) clk
Related violations: <none>

TIMING-18#971 Warning
Missing input or output delay  
An output delay is missing on activity_snapshot[662] relative to clock(s) clk
Related violations: <none>

TIMING-18#972 Warning
Missing input or output delay  
An output delay is missing on activity_snapshot[663] relative to clock(s) clk
Related violations: <none>

TIMING-18#973 Warning
Missing input or output delay  
An output delay is missing on activity_snapshot[664] relative to clock(s) clk
Related violations: <none>

TIMING-18#974 Warning
Missing input or output delay  
An output delay is missing on activity_snapshot[665] relative to clock(s) clk
Related violations: <none>

TIMING-18#975 Warning
Missing input or output delay  
An output delay is missing on activity_snapshot[666] relative to clock(s) clk
Related violations: <none>

TIMING-18#976 Warning
Missing input or output delay  
An output delay is missing on activity_snapshot[667] relative to clock(s) clk
Related violations: <none>

TIMING-18#977 Warning
Missing input or output delay  
An output delay is missing on activity_snapshot[668] relative to clock(s) clk
Related violations: <none>

TIMING-18#978 Warning
Missing input or output delay  
An output delay is missing on activity_snapshot[669] relative to clock(s) clk
Related violations: <none>

TIMING-18#979 Warning
Missing input or output delay  
An output delay is missing on activity_snapshot[66] relative to clock(s) clk
Related violations: <none>

TIMING-18#980 Warning
Missing input or output delay  
An output delay is missing on activity_snapshot[670] relative to clock(s) clk
Related violations: <none>

TIMING-18#981 Warning
Missing input or output delay  
An output delay is missing on activity_snapshot[671] relative to clock(s) clk
Related violations: <none>

TIMING-18#982 Warning
Missing input or output delay  
An output delay is missing on activity_snapshot[672] relative to clock(s) clk
Related violations: <none>

TIMING-18#983 Warning
Missing input or output delay  
An output delay is missing on activity_snapshot[673] relative to clock(s) clk
Related violations: <none>

TIMING-18#984 Warning
Missing input or output delay  
An output delay is missing on activity_snapshot[674] relative to clock(s) clk
Related violations: <none>

TIMING-18#985 Warning
Missing input or output delay  
An output delay is missing on activity_snapshot[675] relative to clock(s) clk
Related violations: <none>

TIMING-18#986 Warning
Missing input or output delay  
An output delay is missing on activity_snapshot[676] relative to clock(s) clk
Related violations: <none>

TIMING-18#987 Warning
Missing input or output delay  
An output delay is missing on activity_snapshot[677] relative to clock(s) clk
Related violations: <none>

TIMING-18#988 Warning
Missing input or output delay  
An output delay is missing on activity_snapshot[678] relative to clock(s) clk
Related violations: <none>

TIMING-18#989 Warning
Missing input or output delay  
An output delay is missing on activity_snapshot[679] relative to clock(s) clk
Related violations: <none>

TIMING-18#990 Warning
Missing input or output delay  
An output delay is missing on activity_snapshot[67] relative to clock(s) clk
Related violations: <none>

TIMING-18#991 Warning
Missing input or output delay  
An output delay is missing on activity_snapshot[680] relative to clock(s) clk
Related violations: <none>

TIMING-18#992 Warning
Missing input or output delay  
An output delay is missing on activity_snapshot[681] relative to clock(s) clk
Related violations: <none>

TIMING-18#993 Warning
Missing input or output delay  
An output delay is missing on activity_snapshot[682] relative to clock(s) clk
Related violations: <none>

TIMING-18#994 Warning
Missing input or output delay  
An output delay is missing on activity_snapshot[683] relative to clock(s) clk
Related violations: <none>

TIMING-18#995 Warning
Missing input or output delay  
An output delay is missing on activity_snapshot[684] relative to clock(s) clk
Related violations: <none>

TIMING-18#996 Warning
Missing input or output delay  
An output delay is missing on activity_snapshot[685] relative to clock(s) clk
Related violations: <none>

TIMING-18#997 Warning
Missing input or output delay  
An output delay is missing on activity_snapshot[686] relative to clock(s) clk
Related violations: <none>

TIMING-18#998 Warning
Missing input or output delay  
An output delay is missing on activity_snapshot[687] relative to clock(s) clk
Related violations: <none>

TIMING-18#999 Warning
Missing input or output delay  
An output delay is missing on activity_snapshot[688] relative to clock(s) clk
Related violations: <none>

TIMING-18#1000 Warning
Missing input or output delay  
An output delay is missing on activity_snapshot[689] relative to clock(s) clk
Related violations: <none>


