mode,module,op,calls,m,n,k,batch,groups,int8_operand_bytes,a16_reference_operand_bytes,fp32_scale_bytes,int32_partial_bytes,spill_roundtrip_bytes,scale_merge_multiplications,scale_pair_multiplications,scale_merge_additions,dynamic_absmax_elements,dynamic_clipping_trial_elements,macs,array_ideal_cycles_1536mac,merge_cycles_if_24values_per_cycle,weight_static
group_128,text_encoder.bert.encoder.layer.0.attention.self.query,linear,72,21,768,768,1,6,605952,622080,18936,387072,774144,96768,96768,80640,16128,0,12386304,8064.0,4032.0,True
group_128,text_encoder.bert.encoder.layer.0.attention.self.key,linear,72,21,768,768,1,6,605952,622080,18936,387072,774144,96768,96768,80640,16128,0,12386304,8064.0,4032.0,True
group_128,text_encoder.bert.encoder.layer.0.attention.self.value,linear,72,21,768,768,1,6,605952,622080,18936,387072,774144,96768,96768,80640,16128,0,12386304,8064.0,4032.0,True
group_128,text_encoder.bert.encoder.layer.0.attention.self,attention_qk,72,21,21,64,12,1,32256,64512,2016,21168,42336,5292,5292,0,32256,0,338688,220.5,220.5,False
group_128,text_encoder.bert.encoder.layer.0.attention.self,attention_av,72,21,64,21,12,1,21420,42840,4080,64512,129024,16128,16128,0,21420,0,338688,220.5,672.0,False
group_128,text_encoder.bert.encoder.layer.0.attention.output.dense,linear,72,21,768,768,1,6,605952,622080,18936,387072,774144,96768,96768,80640,16128,0,12386304,8064.0,4032.0,True
group_128,text_encoder.bert.encoder.layer.0.intermediate.dense,linear,72,21,3072,768,1,6,2375424,2391552,74232,1548288,3096576,387072,387072,322560,16128,0,49545216,32256.0,16128.0,True
group_128,text_encoder.bert.encoder.layer.0.output.dense,linear,72,21,768,3072,1,24,2423808,2488320,75744,1548288,3096576,387072,387072,370944,64512,0,49545216,32256.0,16128.0,True
group_128,text_encoder.bert.encoder.layer.1.attention.self.query,linear,72,21,768,768,1,6,605952,622080,18936,387072,774144,96768,96768,80640,16128,0,12386304,8064.0,4032.0,True
group_128,text_encoder.bert.encoder.layer.1.attention.self.key,linear,72,21,768,768,1,6,605952,622080,18936,387072,774144,96768,96768,80640,16128,0,12386304,8064.0,4032.0,True
group_128,text_encoder.bert.encoder.layer.1.attention.self.value,linear,72,21,768,768,1,6,605952,622080,18936,387072,774144,96768,96768,80640,16128,0,12386304,8064.0,4032.0,True
group_128,text_encoder.bert.encoder.layer.1.attention.self,attention_qk,72,21,21,64,12,1,32256,64512,2016,21168,42336,5292,5292,0,32256,0,338688,220.5,220.5,False
group_128,text_encoder.bert.encoder.layer.1.attention.self,attention_av,72,21,64,21,12,1,21420,42840,4080,64512,129024,16128,16128,0,21420,0,338688,220.5,672.0,False
group_128,text_encoder.bert.encoder.layer.1.attention.output.dense,linear,72,21,768,768,1,6,605952,622080,18936,387072,774144,96768,96768,80640,16128,0,12386304,8064.0,4032.0,True
group_128,text_encoder.bert.encoder.layer.1.intermediate.dense,linear,72,21,3072,768,1,6,2375424,2391552,74232,1548288,3096576,387072,387072,322560,16128,0,49545216,32256.0,16128.0,True
group_128,text_encoder.bert.encoder.layer.1.output.dense,linear,72,21,768,3072,1,24,2423808,2488320,75744,1548288,3096576,387072,387072,370944,64512,0,49545216,32256.0,16128.0,True
group_128,text_encoder.bert.encoder.layer.2.attention.self.query,linear,72,21,768,768,1,6,605952,622080,18936,387072,774144,96768,96768,80640,16128,0,12386304,8064.0,4032.0,True
group_128,text_encoder.bert.encoder.layer.2.attention.self.key,linear,72,21,768,768,1,6,605952,622080,18936,387072,774144,96768,96768,80640,16128,0,12386304,8064.0,4032.0,True
group_128,text_encoder.bert.encoder.layer.2.attention.self.value,linear,72,21,768,768,1,6,605952,622080,18936,387072,774144,96768,96768,80640,16128,0,12386304,8064.0,4032.0,True
group_128,text_encoder.bert.encoder.layer.2.attention.self,attention_qk,72,21,21,64,12,1,32256,64512,2016,21168,42336,5292,5292,0,32256,0,338688,220.5,220.5,False
group_128,text_encoder.bert.encoder.layer.2.attention.self,attention_av,72,21,64,21,12,1,21420,42840,4080,64512,129024,16128,16128,0,21420,0,338688,220.5,672.0,False
group_128,text_encoder.bert.encoder.layer.2.attention.output.dense,linear,72,21,768,768,1,6,605952,622080,18936,387072,774144,96768,96768,80640,16128,0,12386304,8064.0,4032.0,True
group_128,text_encoder.bert.encoder.layer.2.intermediate.dense,linear,72,21,3072,768,1,6,2375424,2391552,74232,1548288,3096576,387072,387072,322560,16128,0,49545216,32256.0,16128.0,True
group_128,text_encoder.bert.encoder.layer.2.output.dense,linear,72,21,768,3072,1,24,2423808,2488320,75744,1548288,3096576,387072,387072,370944,64512,0,49545216,32256.0,16128.0,True
group_128,text_encoder.bert.encoder.layer.3.attention.self.query,linear,72,21,768,768,1,6,605952,622080,18936,387072,774144,96768,96768,80640,16128,0,12386304,8064.0,4032.0,True
group_128,text_encoder.bert.encoder.layer.3.attention.self.key,linear,72,21,768,768,1,6,605952,622080,18936,387072,774144,96768,96768,80640,16128,0,12386304,8064.0,4032.0,True
group_128,text_encoder.bert.encoder.layer.3.attention.self.value,linear,72,21,768,768,1,6,605952,622080,18936,387072,774144,96768,96768,80640,16128,0,12386304,8064.0,4032.0,True
group_128,text_encoder.bert.encoder.layer.3.attention.self,attention_qk,72,21,21,64,12,1,32256,64512,2016,21168,42336,5292,5292,0,32256,0,338688,220.5,220.5,False
group_128,text_encoder.bert.encoder.layer.3.attention.self,attention_av,72,21,64,21,12,1,21420,42840,4080,64512,129024,16128,16128,0,21420,0,338688,220.5,672.0,False
group_128,text_encoder.bert.encoder.layer.3.attention.output.dense,linear,72,21,768,768,1,6,605952,622080,18936,387072,774144,96768,96768,80640,16128,0,12386304,8064.0,4032.0,True
group_128,text_encoder.bert.encoder.layer.3.intermediate.dense,linear,72,21,3072,768,1,6,2375424,2391552,74232,1548288,3096576,387072,387072,322560,16128,0,49545216,32256.0,16128.0,True
group_128,text_encoder.bert.encoder.layer.3.output.dense,linear,72,21,768,3072,1,24,2423808,2488320,75744,1548288,3096576,387072,387072,370944,64512,0,49545216,32256.0,16128.0,True
group_128,text_encoder.bert.encoder.layer.4.attention.self.query,linear,72,21,768,768,1,6,605952,622080,18936,387072,774144,96768,96768,80640,16128,0,12386304,8064.0,4032.0,True
group_128,text_encoder.bert.encoder.layer.4.attention.self.key,linear,72,21,768,768,1,6,605952,622080,18936,387072,774144,96768,96768,80640,16128,0,12386304,8064.0,4032.0,True
group_128,text_encoder.bert.encoder.layer.4.attention.self.value,linear,72,21,768,768,1,6,605952,622080,18936,387072,774144,96768,96768,80640,16128,0,12386304,8064.0,4032.0,True
group_128,text_encoder.bert.encoder.layer.4.attention.self,attention_qk,72,21,21,64,12,1,32256,64512,2016,21168,42336,5292,5292,0,32256,0,338688,220.5,220.5,False
group_128,text_encoder.bert.encoder.layer.4.attention.self,attention_av,72,21,64,21,12,1,21420,42840,4080,64512,129024,16128,16128,0,21420,0,338688,220.5,672.0,False
group_128,text_encoder.bert.encoder.layer.4.attention.output.dense,linear,72,21,768,768,1,6,605952,622080,18936,387072,774144,96768,96768,80640,16128,0,12386304,8064.0,4032.0,True
group_128,text_encoder.bert.encoder.layer.4.intermediate.dense,linear,72,21,3072,768,1,6,2375424,2391552,74232,1548288,3096576,387072,387072,322560,16128,0,49545216,32256.0,16128.0,True
group_128,text_encoder.bert.encoder.layer.4.output.dense,linear,72,21,768,3072,1,24,2423808,2488320,75744,1548288,3096576,387072,387072,370944,64512,0,49545216,32256.0,16128.0,True
group_128,text_encoder.bert.encoder.layer.5.attention.self.query,linear,72,21,768,768,1,6,605952,622080,18936,387072,774144,96768,96768,80640,16128,0,12386304,8064.0,4032.0,True
group_128,text_encoder.bert.encoder.layer.5.attention.self.key,linear,72,21,768,768,1,6,605952,622080,18936,387072,774144,96768,96768,80640,16128,0,12386304,8064.0,4032.0,True
group_128,text_encoder.bert.encoder.layer.5.attention.self.value,linear,72,21,768,768,1,6,605952,622080,18936,387072,774144,96768,96768,80640,16128,0,12386304,8064.0,4032.0,True
group_128,text_encoder.bert.encoder.layer.5.attention.self,attention_qk,72,21,21,64,12,1,32256,64512,2016,21168,42336,5292,5292,0,32256,0,338688,220.5,220.5,False
group_128,text_encoder.bert.encoder.layer.5.attention.self,attention_av,72,21,64,21,12,1,21420,42840,4080,64512,129024,16128,16128,0,21420,0,338688,220.5,672.0,False
group_128,text_encoder.bert.encoder.layer.5.attention.output.dense,linear,72,21,768,768,1,6,605952,622080,18936,387072,774144,96768,96768,80640,16128,0,12386304,8064.0,4032.0,True
group_128,text_encoder.bert.encoder.layer.5.intermediate.dense,linear,72,21,3072,768,1,6,2375424,2391552,74232,1548288,3096576,387072,387072,322560,16128,0,49545216,32256.0,16128.0,True
group_128,text_encoder.bert.encoder.layer.5.output.dense,linear,72,21,768,3072,1,24,2423808,2488320,75744,1548288,3096576,387072,387072,370944,64512,0,49545216,32256.0,16128.0,True
group_128,text_encoder.bert.encoder.layer.6.attention.self.query,linear,72,21,768,768,1,6,605952,622080,18936,387072,774144,96768,96768,80640,16128,0,12386304,8064.0,4032.0,True
group_128,text_encoder.bert.encoder.layer.6.attention.self.key,linear,72,21,768,768,1,6,605952,622080,18936,387072,774144,96768,96768,80640,16128,0,12386304,8064.0,4032.0,True
group_128,text_encoder.bert.encoder.layer.6.attention.self.value,linear,72,21,768,768,1,6,605952,622080,18936,387072,774144,96768,96768,80640,16128,0,12386304,8064.0,4032.0,True
group_128,text_encoder.bert.encoder.layer.6.attention.self,attention_qk,72,21,21,64,12,1,32256,64512,2016,21168,42336,5292,5292,0,32256,0,338688,220.5,220.5,False
group_128,text_encoder.bert.encoder.layer.6.attention.self,attention_av,72,21,64,21,12,1,21420,42840,4080,64512,129024,16128,16128,0,21420,0,338688,220.5,672.0,False
group_128,text_encoder.bert.encoder.layer.6.attention.output.dense,linear,72,21,768,768,1,6,605952,622080,18936,387072,774144,96768,96768,80640,16128,0,12386304,8064.0,4032.0,True
group_128,text_encoder.bert.encoder.layer.6.intermediate.dense,linear,72,21,3072,768,1,6,2375424,2391552,74232,1548288,3096576,387072,387072,322560,16128,0,49545216,32256.0,16128.0,True
group_128,text_encoder.bert.encoder.layer.6.output.dense,linear,72,21,768,3072,1,24,2423808,2488320,75744,1548288,3096576,387072,387072,370944,64512,0,49545216,32256.0,16128.0,True
group_128,text_encoder.bert.encoder.layer.7.attention.self.query,linear,72,21,768,768,1,6,605952,622080,18936,387072,774144,96768,96768,80640,16128,0,12386304,8064.0,4032.0,True
group_128,text_encoder.bert.encoder.layer.7.attention.self.key,linear,72,21,768,768,1,6,605952,622080,18936,387072,774144,96768,96768,80640,16128,0,12386304,8064.0,4032.0,True
group_128,text_encoder.bert.encoder.layer.7.attention.self.value,linear,72,21,768,768,1,6,605952,622080,18936,387072,774144,96768,96768,80640,16128,0,12386304,8064.0,4032.0,True
group_128,text_encoder.bert.encoder.layer.7.attention.self,attention_qk,72,21,21,64,12,1,32256,64512,2016,21168,42336,5292,5292,0,32256,0,338688,220.5,220.5,False
group_128,text_encoder.bert.encoder.layer.7.attention.self,attention_av,72,21,64,21,12,1,21420,42840,4080,64512,129024,16128,16128,0,21420,0,338688,220.5,672.0,False
group_128,text_encoder.bert.encoder.layer.7.attention.output.dense,linear,72,21,768,768,1,6,605952,622080,18936,387072,774144,96768,96768,80640,16128,0,12386304,8064.0,4032.0,True
group_128,text_encoder.bert.encoder.layer.7.intermediate.dense,linear,72,21,3072,768,1,6,2375424,2391552,74232,1548288,3096576,387072,387072,322560,16128,0,49545216,32256.0,16128.0,True
group_128,text_encoder.bert.encoder.layer.7.output.dense,linear,72,21,768,3072,1,24,2423808,2488320,75744,1548288,3096576,387072,387072,370944,64512,0,49545216,32256.0,16128.0,True
group_128,text_encoder.bert.encoder.layer.8.attention.self.query,linear,72,21,768,768,1,6,605952,622080,18936,387072,774144,96768,96768,80640,16128,0,12386304,8064.0,4032.0,True
group_128,text_encoder.bert.encoder.layer.8.attention.self.key,linear,72,21,768,768,1,6,605952,622080,18936,387072,774144,96768,96768,80640,16128,0,12386304,8064.0,4032.0,True
group_128,text_encoder.bert.encoder.layer.8.attention.self.value,linear,72,21,768,768,1,6,605952,622080,18936,387072,774144,96768,96768,80640,16128,0,12386304,8064.0,4032.0,True
group_128,text_encoder.bert.encoder.layer.8.attention.self,attention_qk,72,21,21,64,12,1,32256,64512,2016,21168,42336,5292,5292,0,32256,0,338688,220.5,220.5,False
group_128,text_encoder.bert.encoder.layer.8.attention.self,attention_av,72,21,64,21,12,1,21420,42840,4080,64512,129024,16128,16128,0,21420,0,338688,220.5,672.0,False
group_128,text_encoder.bert.encoder.layer.8.attention.output.dense,linear,72,21,768,768,1,6,605952,622080,18936,387072,774144,96768,96768,80640,16128,0,12386304,8064.0,4032.0,True
group_128,text_encoder.bert.encoder.layer.8.intermediate.dense,linear,72,21,3072,768,1,6,2375424,2391552,74232,1548288,3096576,387072,387072,322560,16128,0,49545216,32256.0,16128.0,True
group_128,text_encoder.bert.encoder.layer.8.output.dense,linear,72,21,768,3072,1,24,2423808,2488320,75744,1548288,3096576,387072,387072,370944,64512,0,49545216,32256.0,16128.0,True
group_128,text_encoder.bert.encoder.layer.9.attention.self.query,linear,72,21,768,768,1,6,605952,622080,18936,387072,774144,96768,96768,80640,16128,0,12386304,8064.0,4032.0,True
group_128,text_encoder.bert.encoder.layer.9.attention.self.key,linear,72,21,768,768,1,6,605952,622080,18936,387072,774144,96768,96768,80640,16128,0,12386304,8064.0,4032.0,True
group_128,text_encoder.bert.encoder.layer.9.attention.self.value,linear,72,21,768,768,1,6,605952,622080,18936,387072,774144,96768,96768,80640,16128,0,12386304,8064.0,4032.0,True
group_128,text_encoder.bert.encoder.layer.9.attention.self,attention_qk,72,21,21,64,12,1,32256,64512,2016,21168,42336,5292,5292,0,32256,0,338688,220.5,220.5,False
group_128,text_encoder.bert.encoder.layer.9.attention.self,attention_av,72,21,64,21,12,1,21420,42840,4080,64512,129024,16128,16128,0,21420,0,338688,220.5,672.0,False
group_128,text_encoder.bert.encoder.layer.9.attention.output.dense,linear,72,21,768,768,1,6,605952,622080,18936,387072,774144,96768,96768,80640,16128,0,12386304,8064.0,4032.0,True
group_128,text_encoder.bert.encoder.layer.9.intermediate.dense,linear,72,21,3072,768,1,6,2375424,2391552,74232,1548288,3096576,387072,387072,322560,16128,0,49545216,32256.0,16128.0,True
group_128,text_encoder.bert.encoder.layer.9.output.dense,linear,72,21,768,3072,1,24,2423808,2488320,75744,1548288,3096576,387072,387072,370944,64512,0,49545216,32256.0,16128.0,True
group_128,text_encoder.bert.encoder.layer.10.attention.self.query,linear,72,21,768,768,1,6,605952,622080,18936,387072,774144,96768,96768,80640,16128,0,12386304,8064.0,4032.0,True
group_128,text_encoder.bert.encoder.layer.10.attention.self.key,linear,72,21,768,768,1,6,605952,622080,18936,387072,774144,96768,96768,80640,16128,0,12386304,8064.0,4032.0,True
group_128,text_encoder.bert.encoder.layer.10.attention.self.value,linear,72,21,768,768,1,6,605952,622080,18936,387072,774144,96768,96768,80640,16128,0,12386304,8064.0,4032.0,True
group_128,text_encoder.bert.encoder.layer.10.attention.self,attention_qk,72,21,21,64,12,1,32256,64512,2016,21168,42336,5292,5292,0,32256,0,338688,220.5,220.5,False
group_128,text_encoder.bert.encoder.layer.10.attention.self,attention_av,72,21,64,21,12,1,21420,42840,4080,64512,129024,16128,16128,0,21420,0,338688,220.5,672.0,False
group_128,text_encoder.bert.encoder.layer.10.attention.output.dense,linear,72,21,768,768,1,6,605952,622080,18936,387072,774144,96768,96768,80640,16128,0,12386304,8064.0,4032.0,True
group_128,text_encoder.bert.encoder.layer.10.intermediate.dense,linear,72,21,3072,768,1,6,2375424,2391552,74232,1548288,3096576,387072,387072,322560,16128,0,49545216,32256.0,16128.0,True
group_128,text_encoder.bert.encoder.layer.10.output.dense,linear,72,21,768,3072,1,24,2423808,2488320,75744,1548288,3096576,387072,387072,370944,64512,0,49545216,32256.0,16128.0,True
group_128,text_encoder.bert.encoder.layer.11.attention.self.query,linear,72,21,768,768,1,6,605952,622080,18936,387072,774144,96768,96768,80640,16128,0,12386304,8064.0,4032.0,True
group_128,text_encoder.bert.encoder.layer.11.attention.self.key,linear,72,21,768,768,1,6,605952,622080,18936,387072,774144,96768,96768,80640,16128,0,12386304,8064.0,4032.0,True
group_128,text_encoder.bert.encoder.layer.11.attention.self.value,linear,72,21,768,768,1,6,605952,622080,18936,387072,774144,96768,96768,80640,16128,0,12386304,8064.0,4032.0,True
group_128,text_encoder.bert.encoder.layer.11.attention.self,attention_qk,72,21,21,64,12,1,32256,64512,2016,21168,42336,5292,5292,0,32256,0,338688,220.5,220.5,False
group_128,text_encoder.bert.encoder.layer.11.attention.self,attention_av,72,21,64,21,12,1,21420,42840,4080,64512,129024,16128,16128,0,21420,0,338688,220.5,672.0,False
group_128,text_encoder.bert.encoder.layer.11.attention.output.dense,linear,72,21,768,768,1,6,605952,622080,18936,387072,774144,96768,96768,80640,16128,0,12386304,8064.0,4032.0,True
group_128,text_encoder.bert.encoder.layer.11.intermediate.dense,linear,72,21,3072,768,1,6,2375424,2391552,74232,1548288,3096576,387072,387072,322560,16128,0,49545216,32256.0,16128.0,True
group_128,text_encoder.bert.encoder.layer.11.output.dense,linear,72,21,768,3072,1,24,2423808,2488320,75744,1548288,3096576,387072,387072,370944,64512,0,49545216,32256.0,16128.0,True
group_128,text_encoder.bert.pooler.dense,linear,144,1,768,768,1,6,590592,591360,18456,18432,36864,4608,4608,3840,768,0,589824,384.0,192.0,True
group_128,text_encoder.text_projection,linear,144,21,256,768,1,6,212736,228864,6648,129024,258048,32256,32256,26880,16128,0,4128768,2688.0,1344.0,True
group_128,vision_encoder.backbone.embeddings.patch_embeddings,conv2d,288,256,768,768,1,6,786432,983040,24576,4718592,9437184,1179648,1179648,983040,196608,0,150994944,98304.0,49152.0,True
group_128,vision_encoder.backbone.layer.0.attention.q_proj,linear,288,261,768,768,1,6,790272,990720,24696,4810752,9621504,1202688,1202688,1002240,200448,0,153944064,100224.0,50112.0,True
group_128,vision_encoder.backbone.layer.0.attention.k_proj,linear,288,261,768,768,1,6,790272,990720,24696,4810752,9621504,1202688,1202688,1002240,200448,0,153944064,100224.0,50112.0,True
group_128,vision_encoder.backbone.layer.0.attention.v_proj,linear,288,261,768,768,1,6,790272,990720,24696,4810752,9621504,1202688,1202688,1002240,200448,0,153944064,100224.0,50112.0,True
group_128,vision_encoder.backbone.layer.0.attention,attention_qk,288,261,261,64,12,1,400896,801792,25056,3269808,6539616,817452,817452,0,400896,0,52316928,34060.5,34060.5,False
group_128,vision_encoder.backbone.layer.0.attention,attention_av,288,261,64,261,12,3,1017900,2035800,46800,2405376,4810752,601344,601344,400896,1017900,0,52316928,34060.5,25056.0,False
group_128,vision_encoder.backbone.layer.0.attention.o_proj,linear,288,261,768,768,1,6,790272,990720,24696,4810752,9621504,1202688,1202688,1002240,200448,0,153944064,100224.0,50112.0,True
group_128,vision_encoder.backbone.layer.0.mlp.up_proj,linear,288,261,3072,768,1,6,2559744,2760192,79992,19243008,38486016,4810752,4810752,4008960,200448,0,615776256,400896.0,200448.0,True
group_128,vision_encoder.backbone.layer.0.mlp.down_proj,linear,288,261,768,3072,1,24,3161088,3962880,98784,19243008,38486016,4810752,4810752,4610304,801792,0,615776256,400896.0,200448.0,True
group_128,vision_encoder.backbone.layer.1.attention.q_proj,linear,288,261,768,768,1,6,790272,990720,24696,4810752,9621504,1202688,1202688,1002240,200448,0,153944064,100224.0,50112.0,True
group_128,vision_encoder.backbone.layer.1.attention.k_proj,linear,288,261,768,768,1,6,790272,990720,24696,4810752,9621504,1202688,1202688,1002240,200448,0,153944064,100224.0,50112.0,True
group_128,vision_encoder.backbone.layer.1.attention.v_proj,linear,288,261,768,768,1,6,790272,990720,24696,4810752,9621504,1202688,1202688,1002240,200448,0,153944064,100224.0,50112.0,True
group_128,vision_encoder.backbone.layer.1.attention,attention_qk,288,261,261,64,12,1,400896,801792,25056,3269808,6539616,817452,817452,0,400896,0,52316928,34060.5,34060.5,False
group_128,vision_encoder.backbone.layer.1.attention,attention_av,288,261,64,261,12,3,1017900,2035800,46800,2405376,4810752,601344,601344,400896,1017900,0,52316928,34060.5,25056.0,False
group_128,vision_encoder.backbone.layer.1.attention.o_proj,linear,288,261,768,768,1,6,790272,990720,24696,4810752,9621504,1202688,1202688,1002240,200448,0,153944064,100224.0,50112.0,True
group_128,vision_encoder.backbone.layer.1.mlp.up_proj,linear,288,261,3072,768,1,6,2559744,2760192,79992,19243008,38486016,4810752,4810752,4008960,200448,0,615776256,400896.0,200448.0,True
group_128,vision_encoder.backbone.layer.1.mlp.down_proj,linear,288,261,768,3072,1,24,3161088,3962880,98784,19243008,38486016,4810752,4810752,4610304,801792,0,615776256,400896.0,200448.0,True
group_128,vision_encoder.backbone.layer.2.attention.q_proj,linear,288,261,768,768,1,6,790272,990720,24696,4810752,9621504,1202688,1202688,1002240,200448,0,153944064,100224.0,50112.0,True
group_128,vision_encoder.backbone.layer.2.attention.k_proj,linear,288,261,768,768,1,6,790272,990720,24696,4810752,9621504,1202688,1202688,1002240,200448,0,153944064,100224.0,50112.0,True
group_128,vision_encoder.backbone.layer.2.attention.v_proj,linear,288,261,768,768,1,6,790272,990720,24696,4810752,9621504,1202688,1202688,1002240,200448,0,153944064,100224.0,50112.0,True
group_128,vision_encoder.backbone.layer.2.attention,attention_qk,288,261,261,64,12,1,400896,801792,25056,3269808,6539616,817452,817452,0,400896,0,52316928,34060.5,34060.5,False
group_128,vision_encoder.backbone.layer.2.attention,attention_av,288,261,64,261,12,3,1017900,2035800,46800,2405376,4810752,601344,601344,400896,1017900,0,52316928,34060.5,25056.0,False
group_128,vision_encoder.backbone.layer.2.attention.o_proj,linear,288,261,768,768,1,6,790272,990720,24696,4810752,9621504,1202688,1202688,1002240,200448,0,153944064,100224.0,50112.0,True
group_128,vision_encoder.backbone.layer.2.mlp.up_proj,linear,288,261,3072,768,1,6,2559744,2760192,79992,19243008,38486016,4810752,4810752,4008960,200448,0,615776256,400896.0,200448.0,True
group_128,vision_encoder.backbone.layer.2.mlp.down_proj,linear,288,261,768,3072,1,24,3161088,3962880,98784,19243008,38486016,4810752,4810752,4610304,801792,0,615776256,400896.0,200448.0,True
group_128,vision_encoder.backbone.layer.3.attention.q_proj,linear,288,261,768,768,1,6,790272,990720,24696,4810752,9621504,1202688,1202688,1002240,200448,0,153944064,100224.0,50112.0,True
group_128,vision_encoder.backbone.layer.3.attention.k_proj,linear,288,261,768,768,1,6,790272,990720,24696,4810752,9621504,1202688,1202688,1002240,200448,0,153944064,100224.0,50112.0,True
group_128,vision_encoder.backbone.layer.3.attention.v_proj,linear,288,261,768,768,1,6,790272,990720,24696,4810752,9621504,1202688,1202688,1002240,200448,0,153944064,100224.0,50112.0,True
group_128,vision_encoder.backbone.layer.3.attention,attention_qk,288,261,261,64,12,1,400896,801792,25056,3269808,6539616,817452,817452,0,400896,0,52316928,34060.5,34060.5,False
group_128,vision_encoder.backbone.layer.3.attention,attention_av,288,261,64,261,12,3,1017900,2035800,46800,2405376,4810752,601344,601344,400896,1017900,0,52316928,34060.5,25056.0,False
group_128,vision_encoder.backbone.layer.3.attention.o_proj,linear,288,261,768,768,1,6,790272,990720,24696,4810752,9621504,1202688,1202688,1002240,200448,0,153944064,100224.0,50112.0,True
group_128,vision_encoder.backbone.layer.3.mlp.up_proj,linear,288,261,3072,768,1,6,2559744,2760192,79992,19243008,38486016,4810752,4810752,4008960,200448,0,615776256,400896.0,200448.0,True
group_128,vision_encoder.backbone.layer.3.mlp.down_proj,linear,288,261,768,3072,1,24,3161088,3962880,98784,19243008,38486016,4810752,4810752,4610304,801792,0,615776256,400896.0,200448.0,True
group_128,vision_encoder.backbone.layer.4.attention.q_proj,linear,288,261,768,768,1,6,790272,990720,24696,4810752,9621504,1202688,1202688,1002240,200448,0,153944064,100224.0,50112.0,True
group_128,vision_encoder.backbone.layer.4.attention.k_proj,linear,288,261,768,768,1,6,790272,990720,24696,4810752,9621504,1202688,1202688,1002240,200448,0,153944064,100224.0,50112.0,True
group_128,vision_encoder.backbone.layer.4.attention.v_proj,linear,288,261,768,768,1,6,790272,990720,24696,4810752,9621504,1202688,1202688,1002240,200448,0,153944064,100224.0,50112.0,True
group_128,vision_encoder.backbone.layer.4.attention,attention_qk,288,261,261,64,12,1,400896,801792,25056,3269808,6539616,817452,817452,0,400896,0,52316928,34060.5,34060.5,False
group_128,vision_encoder.backbone.layer.4.attention,attention_av,288,261,64,261,12,3,1017900,2035800,46800,2405376,4810752,601344,601344,400896,1017900,0,52316928,34060.5,25056.0,False
group_128,vision_encoder.backbone.layer.4.attention.o_proj,linear,288,261,768,768,1,6,790272,990720,24696,4810752,9621504,1202688,1202688,1002240,200448,0,153944064,100224.0,50112.0,True
group_128,vision_encoder.backbone.layer.4.mlp.up_proj,linear,288,261,3072,768,1,6,2559744,2760192,79992,19243008,38486016,4810752,4810752,4008960,200448,0,615776256,400896.0,200448.0,True
group_128,vision_encoder.backbone.layer.4.mlp.down_proj,linear,288,261,768,3072,1,24,3161088,3962880,98784,19243008,38486016,4810752,4810752,4610304,801792,0,615776256,400896.0,200448.0,True
group_128,vision_encoder.backbone.layer.5.attention.q_proj,linear,288,261,768,768,1,6,790272,990720,24696,4810752,9621504,1202688,1202688,1002240,200448,0,153944064,100224.0,50112.0,True
group_128,vision_encoder.backbone.layer.5.attention.k_proj,linear,288,261,768,768,1,6,790272,990720,24696,4810752,9621504,1202688,1202688,1002240,200448,0,153944064,100224.0,50112.0,True
group_128,vision_encoder.backbone.layer.5.attention.v_proj,linear,288,261,768,768,1,6,790272,990720,24696,4810752,9621504,1202688,1202688,1002240,200448,0,153944064,100224.0,50112.0,True
group_128,vision_encoder.backbone.layer.5.attention,attention_qk,288,261,261,64,12,1,400896,801792,25056,3269808,6539616,817452,817452,0,400896,0,52316928,34060.5,34060.5,False
group_128,vision_encoder.backbone.layer.5.attention,attention_av,288,261,64,261,12,3,1017900,2035800,46800,2405376,4810752,601344,601344,400896,1017900,0,52316928,34060.5,25056.0,False
group_128,vision_encoder.backbone.layer.5.attention.o_proj,linear,288,261,768,768,1,6,790272,990720,24696,4810752,9621504,1202688,1202688,1002240,200448,0,153944064,100224.0,50112.0,True
group_128,vision_encoder.backbone.layer.5.mlp.up_proj,linear,288,261,3072,768,1,6,2559744,2760192,79992,19243008,38486016,4810752,4810752,4008960,200448,0,615776256,400896.0,200448.0,True
group_128,vision_encoder.backbone.layer.5.mlp.down_proj,linear,288,261,768,3072,1,24,3161088,3962880,98784,19243008,38486016,4810752,4810752,4610304,801792,0,615776256,400896.0,200448.0,True
group_128,vision_encoder.backbone.layer.6.attention.q_proj,linear,288,261,768,768,1,6,790272,990720,24696,4810752,9621504,1202688,1202688,1002240,200448,0,153944064,100224.0,50112.0,True
group_128,vision_encoder.backbone.layer.6.attention.k_proj,linear,288,261,768,768,1,6,790272,990720,24696,4810752,9621504,1202688,1202688,1002240,200448,0,153944064,100224.0,50112.0,True
group_128,vision_encoder.backbone.layer.6.attention.v_proj,linear,288,261,768,768,1,6,790272,990720,24696,4810752,9621504,1202688,1202688,1002240,200448,0,153944064,100224.0,50112.0,True
group_128,vision_encoder.backbone.layer.6.attention,attention_qk,288,261,261,64,12,1,400896,801792,25056,3269808,6539616,817452,817452,0,400896,0,52316928,34060.5,34060.5,False
group_128,vision_encoder.backbone.layer.6.attention,attention_av,288,261,64,261,12,3,1017900,2035800,46800,2405376,4810752,601344,601344,400896,1017900,0,52316928,34060.5,25056.0,False
group_128,vision_encoder.backbone.layer.6.attention.o_proj,linear,288,261,768,768,1,6,790272,990720,24696,4810752,9621504,1202688,1202688,1002240,200448,0,153944064,100224.0,50112.0,True
group_128,vision_encoder.backbone.layer.6.mlp.up_proj,linear,288,261,3072,768,1,6,2559744,2760192,79992,19243008,38486016,4810752,4810752,4008960,200448,0,615776256,400896.0,200448.0,True
group_128,vision_encoder.backbone.layer.6.mlp.down_proj,linear,288,261,768,3072,1,24,3161088,3962880,98784,19243008,38486016,4810752,4810752,4610304,801792,0,615776256,400896.0,200448.0,True
group_128,vision_encoder.backbone.layer.7.attention.q_proj,linear,288,261,768,768,1,6,790272,990720,24696,4810752,9621504,1202688,1202688,1002240,200448,0,153944064,100224.0,50112.0,True
group_128,vision_encoder.backbone.layer.7.attention.k_proj,linear,288,261,768,768,1,6,790272,990720,24696,4810752,9621504,1202688,1202688,1002240,200448,0,153944064,100224.0,50112.0,True
group_128,vision_encoder.backbone.layer.7.attention.v_proj,linear,288,261,768,768,1,6,790272,990720,24696,4810752,9621504,1202688,1202688,1002240,200448,0,153944064,100224.0,50112.0,True
group_128,vision_encoder.backbone.layer.7.attention,attention_qk,288,261,261,64,12,1,400896,801792,25056,3269808,6539616,817452,817452,0,400896,0,52316928,34060.5,34060.5,False
group_128,vision_encoder.backbone.layer.7.attention,attention_av,288,261,64,261,12,3,1017900,2035800,46800,2405376,4810752,601344,601344,400896,1017900,0,52316928,34060.5,25056.0,False
group_128,vision_encoder.backbone.layer.7.attention.o_proj,linear,288,261,768,768,1,6,790272,990720,24696,4810752,9621504,1202688,1202688,1002240,200448,0,153944064,100224.0,50112.0,True
group_128,vision_encoder.backbone.layer.7.mlp.up_proj,linear,288,261,3072,768,1,6,2559744,2760192,79992,19243008,38486016,4810752,4810752,4008960,200448,0,615776256,400896.0,200448.0,True
group_128,vision_encoder.backbone.layer.7.mlp.down_proj,linear,288,261,768,3072,1,24,3161088,3962880,98784,19243008,38486016,4810752,4810752,4610304,801792,0,615776256,400896.0,200448.0,True
group_128,vision_encoder.backbone.layer.8.attention.q_proj,linear,288,261,768,768,1,6,790272,990720,24696,4810752,9621504,1202688,1202688,1002240,200448,0,153944064,100224.0,50112.0,True
group_128,vision_encoder.backbone.layer.8.attention.k_proj,linear,288,261,768,768,1,6,790272,990720,24696,4810752,9621504,1202688,1202688,1002240,200448,0,153944064,100224.0,50112.0,True
group_128,vision_encoder.backbone.layer.8.attention.v_proj,linear,288,261,768,768,1,6,790272,990720,24696,4810752,9621504,1202688,1202688,1002240,200448,0,153944064,100224.0,50112.0,True
group_128,vision_encoder.backbone.layer.8.attention,attention_qk,288,261,261,64,12,1,400896,801792,25056,3269808,6539616,817452,817452,0,400896,0,52316928,34060.5,34060.5,False
group_128,vision_encoder.backbone.layer.8.attention,attention_av,288,261,64,261,12,3,1017900,2035800,46800,2405376,4810752,601344,601344,400896,1017900,0,52316928,34060.5,25056.0,False
group_128,vision_encoder.backbone.layer.8.attention.o_proj,linear,288,261,768,768,1,6,790272,990720,24696,4810752,9621504,1202688,1202688,1002240,200448,0,153944064,100224.0,50112.0,True
group_128,vision_encoder.backbone.layer.8.mlp.up_proj,linear,288,261,3072,768,1,6,2559744,2760192,79992,19243008,38486016,4810752,4810752,4008960,200448,0,615776256,400896.0,200448.0,True
group_128,vision_encoder.backbone.layer.8.mlp.down_proj,linear,288,261,768,3072,1,24,3161088,3962880,98784,19243008,38486016,4810752,4810752,4610304,801792,0,615776256,400896.0,200448.0,True
group_128,vision_encoder.backbone.layer.9.attention.q_proj,linear,288,261,768,768,1,6,790272,990720,24696,4810752,9621504,1202688,1202688,1002240,200448,0,153944064,100224.0,50112.0,True
group_128,vision_encoder.backbone.layer.9.attention.k_proj,linear,288,261,768,768,1,6,790272,990720,24696,4810752,9621504,1202688,1202688,1002240,200448,0,153944064,100224.0,50112.0,True
group_128,vision_encoder.backbone.layer.9.attention.v_proj,linear,288,261,768,768,1,6,790272,990720,24696,4810752,9621504,1202688,1202688,1002240,200448,0,153944064,100224.0,50112.0,True
group_128,vision_encoder.backbone.layer.9.attention,attention_qk,288,261,261,64,12,1,400896,801792,25056,3269808,6539616,817452,817452,0,400896,0,52316928,34060.5,34060.5,False
group_128,vision_encoder.backbone.layer.9.attention,attention_av,288,261,64,261,12,3,1017900,2035800,46800,2405376,4810752,601344,601344,400896,1017900,0,52316928,34060.5,25056.0,False
group_128,vision_encoder.backbone.layer.9.attention.o_proj,linear,288,261,768,768,1,6,790272,990720,24696,4810752,9621504,1202688,1202688,1002240,200448,0,153944064,100224.0,50112.0,True
group_128,vision_encoder.backbone.layer.9.mlp.up_proj,linear,288,261,3072,768,1,6,2559744,2760192,79992,19243008,38486016,4810752,4810752,4008960,200448,0,615776256,400896.0,200448.0,True
group_128,vision_encoder.backbone.layer.9.mlp.down_proj,linear,288,261,768,3072,1,24,3161088,3962880,98784,19243008,38486016,4810752,4810752,4610304,801792,0,615776256,400896.0,200448.0,True
group_128,vision_encoder.backbone.layer.10.attention.q_proj,linear,288,261,768,768,1,6,790272,990720,24696,4810752,9621504,1202688,1202688,1002240,200448,0,153944064,100224.0,50112.0,True
group_128,vision_encoder.backbone.layer.10.attention.k_proj,linear,288,261,768,768,1,6,790272,990720,24696,4810752,9621504,1202688,1202688,1002240,200448,0,153944064,100224.0,50112.0,True
group_128,vision_encoder.backbone.layer.10.attention.v_proj,linear,288,261,768,768,1,6,790272,990720,24696,4810752,9621504,1202688,1202688,1002240,200448,0,153944064,100224.0,50112.0,True
group_128,vision_encoder.backbone.layer.10.attention,attention_qk,288,261,261,64,12,1,400896,801792,25056,3269808,6539616,817452,817452,0,400896,0,52316928,34060.5,34060.5,False
group_128,vision_encoder.backbone.layer.10.attention,attention_av,288,261,64,261,12,3,1017900,2035800,46800,2405376,4810752,601344,601344,400896,1017900,0,52316928,34060.5,25056.0,False
group_128,vision_encoder.backbone.layer.10.attention.o_proj,linear,288,261,768,768,1,6,790272,990720,24696,4810752,9621504,1202688,1202688,1002240,200448,0,153944064,100224.0,50112.0,True
group_128,vision_encoder.backbone.layer.10.mlp.up_proj,linear,288,261,3072,768,1,6,2559744,2760192,79992,19243008,38486016,4810752,4810752,4008960,200448,0,615776256,400896.0,200448.0,True
group_128,vision_encoder.backbone.layer.10.mlp.down_proj,linear,288,261,768,3072,1,24,3161088,3962880,98784,19243008,38486016,4810752,4810752,4610304,801792,0,615776256,400896.0,200448.0,True
group_128,vision_encoder.backbone.layer.11.attention.q_proj,linear,288,261,768,768,1,6,790272,990720,24696,4810752,9621504,1202688,1202688,1002240,200448,0,153944064,100224.0,50112.0,True
group_128,vision_encoder.backbone.layer.11.attention.k_proj,linear,288,261,768,768,1,6,790272,990720,24696,4810752,9621504,1202688,1202688,1002240,200448,0,153944064,100224.0,50112.0,True
group_128,vision_encoder.backbone.layer.11.attention.v_proj,linear,288,261,768,768,1,6,790272,990720,24696,4810752,9621504,1202688,1202688,1002240,200448,0,153944064,100224.0,50112.0,True
group_128,vision_encoder.backbone.layer.11.attention,attention_qk,288,261,261,64,12,1,400896,801792,25056,3269808,6539616,817452,817452,0,400896,0,52316928,34060.5,34060.5,False
group_128,vision_encoder.backbone.layer.11.attention,attention_av,288,261,64,261,12,3,1017900,2035800,46800,2405376,4810752,601344,601344,400896,1017900,0,52316928,34060.5,25056.0,False
group_128,vision_encoder.backbone.layer.11.attention.o_proj,linear,288,261,768,768,1,6,790272,990720,24696,4810752,9621504,1202688,1202688,1002240,200448,0,153944064,100224.0,50112.0,True
group_128,vision_encoder.backbone.layer.11.mlp.up_proj,linear,288,261,3072,768,1,6,2559744,2760192,79992,19243008,38486016,4810752,4810752,4008960,200448,0,615776256,400896.0,200448.0,True
group_128,vision_encoder.backbone.layer.11.mlp.down_proj,linear,288,261,768,3072,1,24,3161088,3962880,98784,19243008,38486016,4810752,4810752,4610304,801792,0,615776256,400896.0,200448.0,True
group_128,vision_projection.skip,linear,144,256,256,768,2,6,589824,983040,18432,3145728,6291456,786432,786432,655360,393216,0,100663296,65536.0,32768.0,True
group_128,vision_projection.mlp.0,linear,144,256,1024,768,2,6,1179648,1572864,36864,12582912,25165824,3145728,3145728,2621440,393216,0,402653184,262144.0,131072.0,True
group_128,vision_projection.mlp.3,linear,144,256,256,1024,2,8,786432,1310720,24576,4194304,8388608,1048576,1048576,917504,524288,0,134217728,87381.33333333333,43690.666666666664,True
group_128,vision_language_interaction.fusion_layers.0.attn.v_proj,linear,144,512,1024,256,1,2,393216,524288,12288,4194304,8388608,1048576,1048576,524288,131072,0,134217728,87381.33333333333,43690.666666666664,True
group_128,vision_language_interaction.fusion_layers.0.attn.l_proj,linear,144,21,1024,256,1,2,267520,272896,8360,172032,344064,43008,43008,21504,5376,0,5505024,3584.0,1792.0,True
group_128,vision_language_interaction.fusion_layers.0.attn.values_v_proj,linear,144,512,1024,256,1,2,393216,524288,12288,4194304,8388608,1048576,1048576,524288,131072,0,134217728,87381.33333333333,43690.666666666664,True
group_128,vision_language_interaction.fusion_layers.0.attn.values_l_proj,linear,144,21,1024,256,1,2,267520,272896,8360,172032,344064,43008,43008,21504,5376,0,5505024,3584.0,1792.0,True
group_128,vision_language_interaction.fusion_layers.0.attn,bmm,144,512,21,256,4,2,545792,1091584,17056,344064,688128,86016,86016,43008,545792,0,11010048,7168.0,3584.0,False
group_128,vision_language_interaction.fusion_layers.0.attn,bmm,144,512,256,21,4,1,64512,129024,12288,2097152,4194304,524288,524288,0,64512,0,11010048,7168.0,21845.333333333332,False
group_128,vision_language_interaction.fusion_layers.0.attn,bmm,144,21,256,512,4,4,567296,1134592,17728,344064,688128,86016,86016,64512,567296,0,11010048,7168.0,3584.0,False
group_128,vision_language_interaction.fusion_layers.0.attn.out_v_proj,linear,144,512,256,1024,1,8,786432,1310720,24576,4194304,8388608,1048576,1048576,917504,524288,0,134217728,87381.33333333333,43690.666666666664,True
group_128,vision_language_interaction.fusion_layers.0.attn.out_l_proj,linear,144,21,256,1024,1,8,283648,305152,8864,172032,344064,43008,43008,37632,21504,0,5505024,3584.0,1792.0,True
group_128,vision_language_interaction.text_layers.0.self_attn,linear,144,1,768,256,21,2,201984,207360,6312,129024,258048,32256,32256,16128,5376,0,4128768,2688.0,1344.0,True
group_128,vision_language_interaction.text_layers.0.self_attn,baddbmm,144,21,21,64,4,1,10752,21504,672,7056,14112,1764,1764,0,10752,0,112896,73.5,73.5,False
group_128,vision_language_interaction.text_layers.0.self_attn,bmm,144,21,64,21,4,1,7140,14280,1360,21504,43008,5376,5376,0,7140,0,112896,73.5,224.0,False
group_128,vision_language_interaction.text_layers.0.self_attn,linear,144,21,256,256,1,2,70912,76288,2216,43008,86016,10752,10752,5376,5376,0,1376256,896.0,448.0,True
group_128,vision_language_interaction.text_layers.0.linear1,linear,144,1,1024,256,21,2,267520,272896,8360,172032,344064,43008,43008,21504,5376,0,5505024,3584.0,1792.0,True
group_128,vision_language_interaction.text_layers.0.linear2,linear,144,1,256,1024,21,8,283648,305152,8864,172032,344064,43008,43008,37632,21504,0,5505024,3584.0,1792.0,True
group_128,vision_language_interaction.fusion_layers.1.attn.v_proj,linear,144,512,1024,256,1,2,393216,524288,12288,4194304,8388608,1048576,1048576,524288,131072,0,134217728,87381.33333333333,43690.666666666664,True
group_128,vision_language_interaction.fusion_layers.1.attn.l_proj,linear,144,21,1024,256,1,2,267520,272896,8360,172032,344064,43008,43008,21504,5376,0,5505024,3584.0,1792.0,True
group_128,vision_language_interaction.fusion_layers.1.attn.values_v_proj,linear,144,512,1024,256,1,2,393216,524288,12288,4194304,8388608,1048576,1048576,524288,131072,0,134217728,87381.33333333333,43690.666666666664,True
group_128,vision_language_interaction.fusion_layers.1.attn.values_l_proj,linear,144,21,1024,256,1,2,267520,272896,8360,172032,344064,43008,43008,21504,5376,0,5505024,3584.0,1792.0,True
group_128,vision_language_interaction.fusion_layers.1.attn,bmm,144,512,21,256,4,2,545792,1091584,17056,344064,688128,86016,86016,43008,545792,0,11010048,7168.0,3584.0,False
group_128,vision_language_interaction.fusion_layers.1.attn,bmm,144,512,256,21,4,1,64512,129024,12288,2097152,4194304,524288,524288,0,64512,0,11010048,7168.0,21845.333333333332,False
group_128,vision_language_interaction.fusion_layers.1.attn,bmm,144,21,256,512,4,4,567296,1134592,17728,344064,688128,86016,86016,64512,567296,0,11010048,7168.0,3584.0,False
group_128,vision_language_interaction.fusion_layers.1.attn.out_v_proj,linear,144,512,256,1024,1,8,786432,1310720,24576,4194304,8388608,1048576,1048576,917504,524288,0,134217728,87381.33333333333,43690.666666666664,True
group_128,vision_language_interaction.fusion_layers.1.attn.out_l_proj,linear,144,21,256,1024,1,8,283648,305152,8864,172032,344064,43008,43008,37632,21504,0,5505024,3584.0,1792.0,True
group_128,vision_language_interaction.text_layers.1.self_attn,linear,144,1,768,256,21,2,201984,207360,6312,129024,258048,32256,32256,16128,5376,0,4128768,2688.0,1344.0,True
group_128,vision_language_interaction.text_layers.1.self_attn,baddbmm,144,21,21,64,4,1,10752,21504,672,7056,14112,1764,1764,0,10752,0,112896,73.5,73.5,False
group_128,vision_language_interaction.text_layers.1.self_attn,bmm,144,21,64,21,4,1,7140,14280,1360,21504,43008,5376,5376,0,7140,0,112896,73.5,224.0,False
group_128,vision_language_interaction.text_layers.1.self_attn,linear,144,21,256,256,1,2,70912,76288,2216,43008,86016,10752,10752,5376,5376,0,1376256,896.0,448.0,True
group_128,vision_language_interaction.text_layers.1.linear1,linear,144,1,1024,256,21,2,267520,272896,8360,172032,344064,43008,43008,21504,5376,0,5505024,3584.0,1792.0,True
group_128,vision_language_interaction.text_layers.1.linear2,linear,144,1,256,1024,21,8,283648,305152,8864,172032,344064,43008,43008,37632,21504,0,5505024,3584.0,1792.0,True
group_128,vision_language_interaction.fusion_layers.2.attn.v_proj,linear,144,512,1024,256,1,2,393216,524288,12288,4194304,8388608,1048576,1048576,524288,131072,0,134217728,87381.33333333333,43690.666666666664,True
group_128,vision_language_interaction.fusion_layers.2.attn.l_proj,linear,144,21,1024,256,1,2,267520,272896,8360,172032,344064,43008,43008,21504,5376,0,5505024,3584.0,1792.0,True
group_128,vision_language_interaction.fusion_layers.2.attn.values_v_proj,linear,144,512,1024,256,1,2,393216,524288,12288,4194304,8388608,1048576,1048576,524288,131072,0,134217728,87381.33333333333,43690.666666666664,True
group_128,vision_language_interaction.fusion_layers.2.attn.values_l_proj,linear,144,21,1024,256,1,2,267520,272896,8360,172032,344064,43008,43008,21504,5376,0,5505024,3584.0,1792.0,True
group_128,vision_language_interaction.fusion_layers.2.attn,bmm,144,512,21,256,4,2,545792,1091584,17056,344064,688128,86016,86016,43008,545792,0,11010048,7168.0,3584.0,False
group_128,vision_language_interaction.fusion_layers.2.attn,bmm,144,512,256,21,4,1,64512,129024,12288,2097152,4194304,524288,524288,0,64512,0,11010048,7168.0,21845.333333333332,False
group_128,vision_language_interaction.fusion_layers.2.attn,bmm,144,21,256,512,4,4,567296,1134592,17728,344064,688128,86016,86016,64512,567296,0,11010048,7168.0,3584.0,False
group_128,vision_language_interaction.fusion_layers.2.attn.out_v_proj,linear,144,512,256,1024,1,8,786432,1310720,24576,4194304,8388608,1048576,1048576,917504,524288,0,134217728,87381.33333333333,43690.666666666664,True
group_128,vision_language_interaction.fusion_layers.2.attn.out_l_proj,linear,144,21,256,1024,1,8,283648,305152,8864,172032,344064,43008,43008,37632,21504,0,5505024,3584.0,1792.0,True
group_128,vision_language_interaction.text_layers.2.self_attn,linear,144,1,768,256,21,2,201984,207360,6312,129024,258048,32256,32256,16128,5376,0,4128768,2688.0,1344.0,True
group_128,vision_language_interaction.text_layers.2.self_attn,baddbmm,144,21,21,64,4,1,10752,21504,672,7056,14112,1764,1764,0,10752,0,112896,73.5,73.5,False
group_128,vision_language_interaction.text_layers.2.self_attn,bmm,144,21,64,21,4,1,7140,14280,1360,21504,43008,5376,5376,0,7140,0,112896,73.5,224.0,False
group_128,vision_language_interaction.text_layers.2.self_attn,linear,144,21,256,256,1,2,70912,76288,2216,43008,86016,10752,10752,5376,5376,0,1376256,896.0,448.0,True
group_128,vision_language_interaction.text_layers.2.linear1,linear,144,1,1024,256,21,2,267520,272896,8360,172032,344064,43008,43008,21504,5376,0,5505024,3584.0,1792.0,True
group_128,vision_language_interaction.text_layers.2.linear2,linear,144,1,256,1024,21,8,283648,305152,8864,172032,344064,43008,43008,37632,21504,0,5505024,3584.0,1792.0,True
group_128,vision_language_interaction.fusion_layers.3.attn.v_proj,linear,144,512,1024,256,1,2,393216,524288,12288,4194304,8388608,1048576,1048576,524288,131072,0,134217728,87381.33333333333,43690.666666666664,True
group_128,vision_language_interaction.fusion_layers.3.attn.l_proj,linear,144,21,1024,256,1,2,267520,272896,8360,172032,344064,43008,43008,21504,5376,0,5505024,3584.0,1792.0,True
group_128,vision_language_interaction.fusion_layers.3.attn.values_v_proj,linear,144,512,1024,256,1,2,393216,524288,12288,4194304,8388608,1048576,1048576,524288,131072,0,134217728,87381.33333333333,43690.666666666664,True
group_128,vision_language_interaction.fusion_layers.3.attn.values_l_proj,linear,144,21,1024,256,1,2,267520,272896,8360,172032,344064,43008,43008,21504,5376,0,5505024,3584.0,1792.0,True
group_128,vision_language_interaction.fusion_layers.3.attn,bmm,144,512,21,256,4,2,545792,1091584,17056,344064,688128,86016,86016,43008,545792,0,11010048,7168.0,3584.0,False
group_128,vision_language_interaction.fusion_layers.3.attn,bmm,144,512,256,21,4,1,64512,129024,12288,2097152,4194304,524288,524288,0,64512,0,11010048,7168.0,21845.333333333332,False
group_128,vision_language_interaction.fusion_layers.3.attn,bmm,144,21,256,512,4,4,567296,1134592,17728,344064,688128,86016,86016,64512,567296,0,11010048,7168.0,3584.0,False
group_128,vision_language_interaction.fusion_layers.3.attn.out_v_proj,linear,144,512,256,1024,1,8,786432,1310720,24576,4194304,8388608,1048576,1048576,917504,524288,0,134217728,87381.33333333333,43690.666666666664,True
group_128,vision_language_interaction.fusion_layers.3.attn.out_l_proj,linear,144,21,256,1024,1,8,283648,305152,8864,172032,344064,43008,43008,37632,21504,0,5505024,3584.0,1792.0,True
group_128,vision_language_interaction.text_layers.3.self_attn,linear,144,1,768,256,21,2,201984,207360,6312,129024,258048,32256,32256,16128,5376,0,4128768,2688.0,1344.0,True
group_128,vision_language_interaction.text_layers.3.self_attn,baddbmm,144,21,21,64,4,1,10752,21504,672,7056,14112,1764,1764,0,10752,0,112896,73.5,73.5,False
group_128,vision_language_interaction.text_layers.3.self_attn,bmm,144,21,64,21,4,1,7140,14280,1360,21504,43008,5376,5376,0,7140,0,112896,73.5,224.0,False
group_128,vision_language_interaction.text_layers.3.self_attn,linear,144,21,256,256,1,2,70912,76288,2216,43008,86016,10752,10752,5376,5376,0,1376256,896.0,448.0,True
group_128,vision_language_interaction.text_layers.3.linear1,linear,144,1,1024,256,21,2,267520,272896,8360,172032,344064,43008,43008,21504,5376,0,5505024,3584.0,1792.0,True
group_128,vision_language_interaction.text_layers.3.linear2,linear,144,1,256,1024,21,8,283648,305152,8864,172032,344064,43008,43008,37632,21504,0,5505024,3584.0,1792.0,True
group_128,vision_language_interaction.fusion_layers.4.attn.v_proj,linear,144,512,1024,256,1,2,393216,524288,12288,4194304,8388608,1048576,1048576,524288,131072,0,134217728,87381.33333333333,43690.666666666664,True
group_128,vision_language_interaction.fusion_layers.4.attn.l_proj,linear,144,21,1024,256,1,2,267520,272896,8360,172032,344064,43008,43008,21504,5376,0,5505024,3584.0,1792.0,True
group_128,vision_language_interaction.fusion_layers.4.attn.values_v_proj,linear,144,512,1024,256,1,2,393216,524288,12288,4194304,8388608,1048576,1048576,524288,131072,0,134217728,87381.33333333333,43690.666666666664,True
group_128,vision_language_interaction.fusion_layers.4.attn.values_l_proj,linear,144,21,1024,256,1,2,267520,272896,8360,172032,344064,43008,43008,21504,5376,0,5505024,3584.0,1792.0,True
group_128,vision_language_interaction.fusion_layers.4.attn,bmm,144,512,21,256,4,2,545792,1091584,17056,344064,688128,86016,86016,43008,545792,0,11010048,7168.0,3584.0,False
group_128,vision_language_interaction.fusion_layers.4.attn,bmm,144,512,256,21,4,1,64512,129024,12288,2097152,4194304,524288,524288,0,64512,0,11010048,7168.0,21845.333333333332,False
group_128,vision_language_interaction.fusion_layers.4.attn,bmm,144,21,256,512,4,4,567296,1134592,17728,344064,688128,86016,86016,64512,567296,0,11010048,7168.0,3584.0,False
group_128,vision_language_interaction.fusion_layers.4.attn.out_v_proj,linear,144,512,256,1024,1,8,786432,1310720,24576,4194304,8388608,1048576,1048576,917504,524288,0,134217728,87381.33333333333,43690.666666666664,True
group_128,vision_language_interaction.fusion_layers.4.attn.out_l_proj,linear,144,21,256,1024,1,8,283648,305152,8864,172032,344064,43008,43008,37632,21504,0,5505024,3584.0,1792.0,True
group_128,vision_language_interaction.text_layers.4.self_attn,linear,144,1,768,256,21,2,201984,207360,6312,129024,258048,32256,32256,16128,5376,0,4128768,2688.0,1344.0,True
group_128,vision_language_interaction.text_layers.4.self_attn,baddbmm,144,21,21,64,4,1,10752,21504,672,7056,14112,1764,1764,0,10752,0,112896,73.5,73.5,False
group_128,vision_language_interaction.text_layers.4.self_attn,bmm,144,21,64,21,4,1,7140,14280,1360,21504,43008,5376,5376,0,7140,0,112896,73.5,224.0,False
group_128,vision_language_interaction.text_layers.4.self_attn,linear,144,21,256,256,1,2,70912,76288,2216,43008,86016,10752,10752,5376,5376,0,1376256,896.0,448.0,True
group_128,vision_language_interaction.text_layers.4.linear1,linear,144,1,1024,256,21,2,267520,272896,8360,172032,344064,43008,43008,21504,5376,0,5505024,3584.0,1792.0,True
group_128,vision_language_interaction.text_layers.4.linear2,linear,144,1,256,1024,21,8,283648,305152,8864,172032,344064,43008,43008,37632,21504,0,5505024,3584.0,1792.0,True
group_128,vision_language_interaction.fusion_layers.5.attn.v_proj,linear,144,512,1024,256,1,2,393216,524288,12288,4194304,8388608,1048576,1048576,524288,131072,0,134217728,87381.33333333333,43690.666666666664,True
group_128,vision_language_interaction.fusion_layers.5.attn.l_proj,linear,144,21,1024,256,1,2,267520,272896,8360,172032,344064,43008,43008,21504,5376,0,5505024,3584.0,1792.0,True
group_128,vision_language_interaction.fusion_layers.5.attn.values_v_proj,linear,144,512,1024,256,1,2,393216,524288,12288,4194304,8388608,1048576,1048576,524288,131072,0,134217728,87381.33333333333,43690.666666666664,True
group_128,vision_language_interaction.fusion_layers.5.attn.values_l_proj,linear,144,21,1024,256,1,2,267520,272896,8360,172032,344064,43008,43008,21504,5376,0,5505024,3584.0,1792.0,True
group_128,vision_language_interaction.fusion_layers.5.attn,bmm,144,512,21,256,4,2,545792,1091584,17056,344064,688128,86016,86016,43008,545792,0,11010048,7168.0,3584.0,False
group_128,vision_language_interaction.fusion_layers.5.attn,bmm,144,512,256,21,4,1,64512,129024,12288,2097152,4194304,524288,524288,0,64512,0,11010048,7168.0,21845.333333333332,False
group_128,vision_language_interaction.fusion_layers.5.attn,bmm,144,21,256,512,4,4,567296,1134592,17728,344064,688128,86016,86016,64512,567296,0,11010048,7168.0,3584.0,False
group_128,vision_language_interaction.fusion_layers.5.attn.out_v_proj,linear,144,512,256,1024,1,8,786432,1310720,24576,4194304,8388608,1048576,1048576,917504,524288,0,134217728,87381.33333333333,43690.666666666664,True
group_128,vision_language_interaction.fusion_layers.5.attn.out_l_proj,linear,144,21,256,1024,1,8,283648,305152,8864,172032,344064,43008,43008,37632,21504,0,5505024,3584.0,1792.0,True
group_128,vision_language_interaction.text_layers.5.self_attn,linear,144,1,768,256,21,2,201984,207360,6312,129024,258048,32256,32256,16128,5376,0,4128768,2688.0,1344.0,True
group_128,vision_language_interaction.text_layers.5.self_attn,baddbmm,144,21,21,64,4,1,10752,21504,672,7056,14112,1764,1764,0,10752,0,112896,73.5,73.5,False
group_128,vision_language_interaction.text_layers.5.self_attn,bmm,144,21,64,21,4,1,7140,14280,1360,21504,43008,5376,5376,0,7140,0,112896,73.5,224.0,False
group_128,vision_language_interaction.text_layers.5.self_attn,linear,144,21,256,256,1,2,70912,76288,2216,43008,86016,10752,10752,5376,5376,0,1376256,896.0,448.0,True
group_128,vision_language_interaction.text_layers.5.linear1,linear,144,1,1024,256,21,2,267520,272896,8360,172032,344064,43008,43008,21504,5376,0,5505024,3584.0,1792.0,True
group_128,vision_language_interaction.text_layers.5.linear2,linear,144,1,256,1024,21,8,283648,305152,8864,172032,344064,43008,43008,37632,21504,0,5505024,3584.0,1792.0,True
group_128,action_head.state_projection.net.1,linear,144,1,256,8,1,1,2056,2064,1028,1024,2048,256,256,0,8,0,2048,1.3333333333333333,10.666666666666666,True
group_128,action_head.state_projection.net.4,linear,144,1,512,256,1,2,131328,131584,4104,4096,8192,1024,1024,512,256,0,131072,85.33333333333333,42.666666666666664,True
group_128,action_head.decoder.decoder.layers.0.self_attn,linear,144,1,768,256,12,2,199680,202752,6240,73728,147456,18432,18432,9216,3072,0,2359296,1536.0,768.0,True
group_128,action_head.decoder.decoder.layers.0.self_attn,attention_qk,144,12,12,32,8,1,6144,12288,768,4608,9216,1152,1152,0,6144,0,36864,24.0,48.0,False
group_128,action_head.decoder.decoder.layers.0.self_attn,attention_av,144,12,32,12,8,1,4224,8448,1408,12288,24576,3072,3072,0,4224,0,36864,24.0,128.0,False
group_128,action_head.decoder.decoder.layers.0.self_attn,linear,144,12,256,256,1,2,68608,71680,2144,24576,49152,6144,6144,3072,3072,0,786432,512.0,256.0,True
group_128,action_head.decoder.decoder.layers.0.multihead_attn,linear,144,1,256,256,12,2,68608,71680,2144,24576,49152,6144,6144,3072,3072,0,786432,512.0,256.0,True
group_128,action_head.decoder.decoder.layers.0.multihead_attn,linear,144,1,512,256,535,2,268032,404992,8376,2191360,4382720,547840,547840,273920,136960,0,70123520,45653.333333333336,22826.666666666668,True
group_128,action_head.decoder.decoder.layers.0.multihead_attn,attention_qk,144,12,535,32,8,1,140032,280064,17504,205440,410880,51360,51360,0,140032,0,1643520,1070.0,2140.0,False
group_128,action_head.decoder.decoder.layers.0.multihead_attn,attention_av,144,12,32,535,8,5,188320,376640,7040,61440,122880,15360,15360,12288,188320,0,1643520,1070.0,640.0,False
group_128,action_head.decoder.decoder.layers.0.multihead_attn,linear,144,12,256,256,1,2,68608,71680,2144,24576,49152,6144,6144,3072,3072,0,786432,512.0,256.0,True
group_128,action_head.decoder.decoder.layers.0.linear1,linear,144,12,2048,256,1,2,527360,530432,16480,196608,393216,49152,49152,24576,3072,0,6291456,4096.0,2048.0,True
group_128,action_head.decoder.decoder.layers.0.linear2,linear,144,12,256,2048,1,16,548864,573440,17152,196608,393216,49152,49152,46080,24576,0,6291456,4096.0,2048.0,True
group_128,action_head.decoder.decoder.layers.1.self_attn,linear,144,1,768,256,12,2,199680,202752,6240,73728,147456,18432,18432,9216,3072,0,2359296,1536.0,768.0,True
group_128,action_head.decoder.decoder.layers.1.self_attn,attention_qk,144,12,12,32,8,1,6144,12288,768,4608,9216,1152,1152,0,6144,0,36864,24.0,48.0,False
group_128,action_head.decoder.decoder.layers.1.self_attn,attention_av,144,12,32,12,8,1,4224,8448,1408,12288,24576,3072,3072,0,4224,0,36864,24.0,128.0,False
group_128,action_head.decoder.decoder.layers.1.self_attn,linear,144,12,256,256,1,2,68608,71680,2144,24576,49152,6144,6144,3072,3072,0,786432,512.0,256.0,True
group_128,action_head.decoder.decoder.layers.1.multihead_attn,linear,144,1,256,256,12,2,68608,71680,2144,24576,49152,6144,6144,3072,3072,0,786432,512.0,256.0,True
group_128,action_head.decoder.decoder.layers.1.multihead_attn,linear,144,1,512,256,535,2,268032,404992,8376,2191360,4382720,547840,547840,273920,136960,0,70123520,45653.333333333336,22826.666666666668,True
group_128,action_head.decoder.decoder.layers.1.multihead_attn,attention_qk,144,12,535,32,8,1,140032,280064,17504,205440,410880,51360,51360,0,140032,0,1643520,1070.0,2140.0,False
group_128,action_head.decoder.decoder.layers.1.multihead_attn,attention_av,144,12,32,535,8,5,188320,376640,7040,61440,122880,15360,15360,12288,188320,0,1643520,1070.0,640.0,False
group_128,action_head.decoder.decoder.layers.1.multihead_attn,linear,144,12,256,256,1,2,68608,71680,2144,24576,49152,6144,6144,3072,3072,0,786432,512.0,256.0,True
group_128,action_head.decoder.decoder.layers.1.linear1,linear,144,12,2048,256,1,2,527360,530432,16480,196608,393216,49152,49152,24576,3072,0,6291456,4096.0,2048.0,True
group_128,action_head.decoder.decoder.layers.1.linear2,linear,144,12,256,2048,1,16,548864,573440,17152,196608,393216,49152,49152,46080,24576,0,6291456,4096.0,2048.0,True
group_128,action_head.decoder.decoder.layers.2.self_attn,linear,144,1,768,256,12,2,199680,202752,6240,73728,147456,18432,18432,9216,3072,0,2359296,1536.0,768.0,True
group_128,action_head.decoder.decoder.layers.2.self_attn,attention_qk,144,12,12,32,8,1,6144,12288,768,4608,9216,1152,1152,0,6144,0,36864,24.0,48.0,False
group_128,action_head.decoder.decoder.layers.2.self_attn,attention_av,144,12,32,12,8,1,4224,8448,1408,12288,24576,3072,3072,0,4224,0,36864,24.0,128.0,False
group_128,action_head.decoder.decoder.layers.2.self_attn,linear,144,12,256,256,1,2,68608,71680,2144,24576,49152,6144,6144,3072,3072,0,786432,512.0,256.0,True
group_128,action_head.decoder.decoder.layers.2.multihead_attn,linear,144,1,256,256,12,2,68608,71680,2144,24576,49152,6144,6144,3072,3072,0,786432,512.0,256.0,True
group_128,action_head.decoder.decoder.layers.2.multihead_attn,linear,144,1,512,256,535,2,268032,404992,8376,2191360,4382720,547840,547840,273920,136960,0,70123520,45653.333333333336,22826.666666666668,True
group_128,action_head.decoder.decoder.layers.2.multihead_attn,attention_qk,144,12,535,32,8,1,140032,280064,17504,205440,410880,51360,51360,0,140032,0,1643520,1070.0,2140.0,False
group_128,action_head.decoder.decoder.layers.2.multihead_attn,attention_av,144,12,32,535,8,5,188320,376640,7040,61440,122880,15360,15360,12288,188320,0,1643520,1070.0,640.0,False
group_128,action_head.decoder.decoder.layers.2.multihead_attn,linear,144,12,256,256,1,2,68608,71680,2144,24576,49152,6144,6144,3072,3072,0,786432,512.0,256.0,True
group_128,action_head.decoder.decoder.layers.2.linear1,linear,144,12,2048,256,1,2,527360,530432,16480,196608,393216,49152,49152,24576,3072,0,6291456,4096.0,2048.0,True
group_128,action_head.decoder.decoder.layers.2.linear2,linear,144,12,256,2048,1,16,548864,573440,17152,196608,393216,49152,49152,46080,24576,0,6291456,4096.0,2048.0,True
group_128,action_head.decoder.action_projection.layers.0,linear,144,12,512,256,1,2,134144,137216,4192,49152,98304,12288,12288,6144,3072,0,1572864,1024.0,512.0,True
group_128,action_head.decoder.action_projection.layers.1,linear,144,12,512,512,1,4,268288,274432,8384,98304,196608,24576,24576,18432,6144,0,3145728,2048.0,1024.0,True
group_128,action_head.decoder.action_projection.layers.2,linear,144,12,7,512,1,4,9728,15872,304,1344,2688,336,336,252,6144,0,43008,28.0,14.0,True
group_128,text_encoder.bert.encoder.layer.0.attention.self.query,linear,36,11,768,768,1,6,598272,606720,18696,202752,405504,50688,50688,42240,8448,0,6488064,4224.0,2112.0,True
group_128,text_encoder.bert.encoder.layer.0.attention.self.key,linear,36,11,768,768,1,6,598272,606720,18696,202752,405504,50688,50688,42240,8448,0,6488064,4224.0,2112.0,True
group_128,text_encoder.bert.encoder.layer.0.attention.self.value,linear,36,11,768,768,1,6,598272,606720,18696,202752,405504,50688,50688,42240,8448,0,6488064,4224.0,2112.0,True
group_128,text_encoder.bert.encoder.layer.0.attention.self,attention_qk,36,11,11,64,12,1,16896,33792,1056,5808,11616,1452,1452,0,16896,0,92928,60.5,60.5,False
group_128,text_encoder.bert.encoder.layer.0.attention.self,attention_av,36,11,64,11,12,1,9900,19800,3600,33792,67584,8448,8448,0,9900,0,92928,60.5,352.0,False
group_128,text_encoder.bert.encoder.layer.0.attention.output.dense,linear,36,11,768,768,1,6,598272,606720,18696,202752,405504,50688,50688,42240,8448,0,6488064,4224.0,2112.0,True
group_128,text_encoder.bert.encoder.layer.0.intermediate.dense,linear,36,11,3072,768,1,6,2367744,2376192,73992,811008,1622016,202752,202752,168960,8448,0,25952256,16896.0,8448.0,True
group_128,text_encoder.bert.encoder.layer.0.output.dense,linear,36,11,768,3072,1,24,2393088,2426880,74784,811008,1622016,202752,202752,194304,33792,0,25952256,16896.0,8448.0,True
group_128,text_encoder.bert.encoder.layer.1.attention.self.query,linear,36,11,768,768,1,6,598272,606720,18696,202752,405504,50688,50688,42240,8448,0,6488064,4224.0,2112.0,True
group_128,text_encoder.bert.encoder.layer.1.attention.self.key,linear,36,11,768,768,1,6,598272,606720,18696,202752,405504,50688,50688,42240,8448,0,6488064,4224.0,2112.0,True
group_128,text_encoder.bert.encoder.layer.1.attention.self.value,linear,36,11,768,768,1,6,598272,606720,18696,202752,405504,50688,50688,42240,8448,0,6488064,4224.0,2112.0,True
group_128,text_encoder.bert.encoder.layer.1.attention.self,attention_qk,36,11,11,64,12,1,16896,33792,1056,5808,11616,1452,1452,0,16896,0,92928,60.5,60.5,False
group_128,text_encoder.bert.encoder.layer.1.attention.self,attention_av,36,11,64,11,12,1,9900,19800,3600,33792,67584,8448,8448,0,9900,0,92928,60.5,352.0,False
group_128,text_encoder.bert.encoder.layer.1.attention.output.dense,linear,36,11,768,768,1,6,598272,606720,18696,202752,405504,50688,50688,42240,8448,0,6488064,4224.0,2112.0,True
group_128,text_encoder.bert.encoder.layer.1.intermediate.dense,linear,36,11,3072,768,1,6,2367744,2376192,73992,811008,1622016,202752,202752,168960,8448,0,25952256,16896.0,8448.0,True
group_128,text_encoder.bert.encoder.layer.1.output.dense,linear,36,11,768,3072,1,24,2393088,2426880,74784,811008,1622016,202752,202752,194304,33792,0,25952256,16896.0,8448.0,True
group_128,text_encoder.bert.encoder.layer.2.attention.self.query,linear,36,11,768,768,1,6,598272,606720,18696,202752,405504,50688,50688,42240,8448,0,6488064,4224.0,2112.0,True
group_128,text_encoder.bert.encoder.layer.2.attention.self.key,linear,36,11,768,768,1,6,598272,606720,18696,202752,405504,50688,50688,42240,8448,0,6488064,4224.0,2112.0,True
group_128,text_encoder.bert.encoder.layer.2.attention.self.value,linear,36,11,768,768,1,6,598272,606720,18696,202752,405504,50688,50688,42240,8448,0,6488064,4224.0,2112.0,True
group_128,text_encoder.bert.encoder.layer.2.attention.self,attention_qk,36,11,11,64,12,1,16896,33792,1056,5808,11616,1452,1452,0,16896,0,92928,60.5,60.5,False
group_128,text_encoder.bert.encoder.layer.2.attention.self,attention_av,36,11,64,11,12,1,9900,19800,3600,33792,67584,8448,8448,0,9900,0,92928,60.5,352.0,False
group_128,text_encoder.bert.encoder.layer.2.attention.output.dense,linear,36,11,768,768,1,6,598272,606720,18696,202752,405504,50688,50688,42240,8448,0,6488064,4224.0,2112.0,True
group_128,text_encoder.bert.encoder.layer.2.intermediate.dense,linear,36,11,3072,768,1,6,2367744,2376192,73992,811008,1622016,202752,202752,168960,8448,0,25952256,16896.0,8448.0,True
group_128,text_encoder.bert.encoder.layer.2.output.dense,linear,36,11,768,3072,1,24,2393088,2426880,74784,811008,1622016,202752,202752,194304,33792,0,25952256,16896.0,8448.0,True
group_128,text_encoder.bert.encoder.layer.3.attention.self.query,linear,36,11,768,768,1,6,598272,606720,18696,202752,405504,50688,50688,42240,8448,0,6488064,4224.0,2112.0,True
group_128,text_encoder.bert.encoder.layer.3.attention.self.key,linear,36,11,768,768,1,6,598272,606720,18696,202752,405504,50688,50688,42240,8448,0,6488064,4224.0,2112.0,True
group_128,text_encoder.bert.encoder.layer.3.attention.self.value,linear,36,11,768,768,1,6,598272,606720,18696,202752,405504,50688,50688,42240,8448,0,6488064,4224.0,2112.0,True
group_128,text_encoder.bert.encoder.layer.3.attention.self,attention_qk,36,11,11,64,12,1,16896,33792,1056,5808,11616,1452,1452,0,16896,0,92928,60.5,60.5,False
group_128,text_encoder.bert.encoder.layer.3.attention.self,attention_av,36,11,64,11,12,1,9900,19800,3600,33792,67584,8448,8448,0,9900,0,92928,60.5,352.0,False
group_128,text_encoder.bert.encoder.layer.3.attention.output.dense,linear,36,11,768,768,1,6,598272,606720,18696,202752,405504,50688,50688,42240,8448,0,6488064,4224.0,2112.0,True
group_128,text_encoder.bert.encoder.layer.3.intermediate.dense,linear,36,11,3072,768,1,6,2367744,2376192,73992,811008,1622016,202752,202752,168960,8448,0,25952256,16896.0,8448.0,True
group_128,text_encoder.bert.encoder.layer.3.output.dense,linear,36,11,768,3072,1,24,2393088,2426880,74784,811008,1622016,202752,202752,194304,33792,0,25952256,16896.0,8448.0,True
group_128,text_encoder.bert.encoder.layer.4.attention.self.query,linear,36,11,768,768,1,6,598272,606720,18696,202752,405504,50688,50688,42240,8448,0,6488064,4224.0,2112.0,True
group_128,text_encoder.bert.encoder.layer.4.attention.self.key,linear,36,11,768,768,1,6,598272,606720,18696,202752,405504,50688,50688,42240,8448,0,6488064,4224.0,2112.0,True
group_128,text_encoder.bert.encoder.layer.4.attention.self.value,linear,36,11,768,768,1,6,598272,606720,18696,202752,405504,50688,50688,42240,8448,0,6488064,4224.0,2112.0,True
group_128,text_encoder.bert.encoder.layer.4.attention.self,attention_qk,36,11,11,64,12,1,16896,33792,1056,5808,11616,1452,1452,0,16896,0,92928,60.5,60.5,False
group_128,text_encoder.bert.encoder.layer.4.attention.self,attention_av,36,11,64,11,12,1,9900,19800,3600,33792,67584,8448,8448,0,9900,0,92928,60.5,352.0,False
group_128,text_encoder.bert.encoder.layer.4.attention.output.dense,linear,36,11,768,768,1,6,598272,606720,18696,202752,405504,50688,50688,42240,8448,0,6488064,4224.0,2112.0,True
group_128,text_encoder.bert.encoder.layer.4.intermediate.dense,linear,36,11,3072,768,1,6,2367744,2376192,73992,811008,1622016,202752,202752,168960,8448,0,25952256,16896.0,8448.0,True
group_128,text_encoder.bert.encoder.layer.4.output.dense,linear,36,11,768,3072,1,24,2393088,2426880,74784,811008,1622016,202752,202752,194304,33792,0,25952256,16896.0,8448.0,True
group_128,text_encoder.bert.encoder.layer.5.attention.self.query,linear,36,11,768,768,1,6,598272,606720,18696,202752,405504,50688,50688,42240,8448,0,6488064,4224.0,2112.0,True
group_128,text_encoder.bert.encoder.layer.5.attention.self.key,linear,36,11,768,768,1,6,598272,606720,18696,202752,405504,50688,50688,42240,8448,0,6488064,4224.0,2112.0,True
group_128,text_encoder.bert.encoder.layer.5.attention.self.value,linear,36,11,768,768,1,6,598272,606720,18696,202752,405504,50688,50688,42240,8448,0,6488064,4224.0,2112.0,True
group_128,text_encoder.bert.encoder.layer.5.attention.self,attention_qk,36,11,11,64,12,1,16896,33792,1056,5808,11616,1452,1452,0,16896,0,92928,60.5,60.5,False
group_128,text_encoder.bert.encoder.layer.5.attention.self,attention_av,36,11,64,11,12,1,9900,19800,3600,33792,67584,8448,8448,0,9900,0,92928,60.5,352.0,False
group_128,text_encoder.bert.encoder.layer.5.attention.output.dense,linear,36,11,768,768,1,6,598272,606720,18696,202752,405504,50688,50688,42240,8448,0,6488064,4224.0,2112.0,True
group_128,text_encoder.bert.encoder.layer.5.intermediate.dense,linear,36,11,3072,768,1,6,2367744,2376192,73992,811008,1622016,202752,202752,168960,8448,0,25952256,16896.0,8448.0,True
group_128,text_encoder.bert.encoder.layer.5.output.dense,linear,36,11,768,3072,1,24,2393088,2426880,74784,811008,1622016,202752,202752,194304,33792,0,25952256,16896.0,8448.0,True
group_128,text_encoder.bert.encoder.layer.6.attention.self.query,linear,36,11,768,768,1,6,598272,606720,18696,202752,405504,50688,50688,42240,8448,0,6488064,4224.0,2112.0,True
group_128,text_encoder.bert.encoder.layer.6.attention.self.key,linear,36,11,768,768,1,6,598272,606720,18696,202752,405504,50688,50688,42240,8448,0,6488064,4224.0,2112.0,True
group_128,text_encoder.bert.encoder.layer.6.attention.self.value,linear,36,11,768,768,1,6,598272,606720,18696,202752,405504,50688,50688,42240,8448,0,6488064,4224.0,2112.0,True
group_128,text_encoder.bert.encoder.layer.6.attention.self,attention_qk,36,11,11,64,12,1,16896,33792,1056,5808,11616,1452,1452,0,16896,0,92928,60.5,60.5,False
group_128,text_encoder.bert.encoder.layer.6.attention.self,attention_av,36,11,64,11,12,1,9900,19800,3600,33792,67584,8448,8448,0,9900,0,92928,60.5,352.0,False
group_128,text_encoder.bert.encoder.layer.6.attention.output.dense,linear,36,11,768,768,1,6,598272,606720,18696,202752,405504,50688,50688,42240,8448,0,6488064,4224.0,2112.0,True
group_128,text_encoder.bert.encoder.layer.6.intermediate.dense,linear,36,11,3072,768,1,6,2367744,2376192,73992,811008,1622016,202752,202752,168960,8448,0,25952256,16896.0,8448.0,True
group_128,text_encoder.bert.encoder.layer.6.output.dense,linear,36,11,768,3072,1,24,2393088,2426880,74784,811008,1622016,202752,202752,194304,33792,0,25952256,16896.0,8448.0,True
group_128,text_encoder.bert.encoder.layer.7.attention.self.query,linear,36,11,768,768,1,6,598272,606720,18696,202752,405504,50688,50688,42240,8448,0,6488064,4224.0,2112.0,True
group_128,text_encoder.bert.encoder.layer.7.attention.self.key,linear,36,11,768,768,1,6,598272,606720,18696,202752,405504,50688,50688,42240,8448,0,6488064,4224.0,2112.0,True
group_128,text_encoder.bert.encoder.layer.7.attention.self.value,linear,36,11,768,768,1,6,598272,606720,18696,202752,405504,50688,50688,42240,8448,0,6488064,4224.0,2112.0,True
group_128,text_encoder.bert.encoder.layer.7.attention.self,attention_qk,36,11,11,64,12,1,16896,33792,1056,5808,11616,1452,1452,0,16896,0,92928,60.5,60.5,False
group_128,text_encoder.bert.encoder.layer.7.attention.self,attention_av,36,11,64,11,12,1,9900,19800,3600,33792,67584,8448,8448,0,9900,0,92928,60.5,352.0,False
group_128,text_encoder.bert.encoder.layer.7.attention.output.dense,linear,36,11,768,768,1,6,598272,606720,18696,202752,405504,50688,50688,42240,8448,0,6488064,4224.0,2112.0,True
group_128,text_encoder.bert.encoder.layer.7.intermediate.dense,linear,36,11,3072,768,1,6,2367744,2376192,73992,811008,1622016,202752,202752,168960,8448,0,25952256,16896.0,8448.0,True
group_128,text_encoder.bert.encoder.layer.7.output.dense,linear,36,11,768,3072,1,24,2393088,2426880,74784,811008,1622016,202752,202752,194304,33792,0,25952256,16896.0,8448.0,True
group_128,text_encoder.bert.encoder.layer.8.attention.self.query,linear,36,11,768,768,1,6,598272,606720,18696,202752,405504,50688,50688,42240,8448,0,6488064,4224.0,2112.0,True
group_128,text_encoder.bert.encoder.layer.8.attention.self.key,linear,36,11,768,768,1,6,598272,606720,18696,202752,405504,50688,50688,42240,8448,0,6488064,4224.0,2112.0,True
group_128,text_encoder.bert.encoder.layer.8.attention.self.value,linear,36,11,768,768,1,6,598272,606720,18696,202752,405504,50688,50688,42240,8448,0,6488064,4224.0,2112.0,True
group_128,text_encoder.bert.encoder.layer.8.attention.self,attention_qk,36,11,11,64,12,1,16896,33792,1056,5808,11616,1452,1452,0,16896,0,92928,60.5,60.5,False
group_128,text_encoder.bert.encoder.layer.8.attention.self,attention_av,36,11,64,11,12,1,9900,19800,3600,33792,67584,8448,8448,0,9900,0,92928,60.5,352.0,False
group_128,text_encoder.bert.encoder.layer.8.attention.output.dense,linear,36,11,768,768,1,6,598272,606720,18696,202752,405504,50688,50688,42240,8448,0,6488064,4224.0,2112.0,True
group_128,text_encoder.bert.encoder.layer.8.intermediate.dense,linear,36,11,3072,768,1,6,2367744,2376192,73992,811008,1622016,202752,202752,168960,8448,0,25952256,16896.0,8448.0,True
group_128,text_encoder.bert.encoder.layer.8.output.dense,linear,36,11,768,3072,1,24,2393088,2426880,74784,811008,1622016,202752,202752,194304,33792,0,25952256,16896.0,8448.0,True
group_128,text_encoder.bert.encoder.layer.9.attention.self.query,linear,36,11,768,768,1,6,598272,606720,18696,202752,405504,50688,50688,42240,8448,0,6488064,4224.0,2112.0,True
group_128,text_encoder.bert.encoder.layer.9.attention.self.key,linear,36,11,768,768,1,6,598272,606720,18696,202752,405504,50688,50688,42240,8448,0,6488064,4224.0,2112.0,True
group_128,text_encoder.bert.encoder.layer.9.attention.self.value,linear,36,11,768,768,1,6,598272,606720,18696,202752,405504,50688,50688,42240,8448,0,6488064,4224.0,2112.0,True
group_128,text_encoder.bert.encoder.layer.9.attention.self,attention_qk,36,11,11,64,12,1,16896,33792,1056,5808,11616,1452,1452,0,16896,0,92928,60.5,60.5,False
group_128,text_encoder.bert.encoder.layer.9.attention.self,attention_av,36,11,64,11,12,1,9900,19800,3600,33792,67584,8448,8448,0,9900,0,92928,60.5,352.0,False
group_128,text_encoder.bert.encoder.layer.9.attention.output.dense,linear,36,11,768,768,1,6,598272,606720,18696,202752,405504,50688,50688,42240,8448,0,6488064,4224.0,2112.0,True
group_128,text_encoder.bert.encoder.layer.9.intermediate.dense,linear,36,11,3072,768,1,6,2367744,2376192,73992,811008,1622016,202752,202752,168960,8448,0,25952256,16896.0,8448.0,True
group_128,text_encoder.bert.encoder.layer.9.output.dense,linear,36,11,768,3072,1,24,2393088,2426880,74784,811008,1622016,202752,202752,194304,33792,0,25952256,16896.0,8448.0,True
group_128,text_encoder.bert.encoder.layer.10.attention.self.query,linear,36,11,768,768,1,6,598272,606720,18696,202752,405504,50688,50688,42240,8448,0,6488064,4224.0,2112.0,True
group_128,text_encoder.bert.encoder.layer.10.attention.self.key,linear,36,11,768,768,1,6,598272,606720,18696,202752,405504,50688,50688,42240,8448,0,6488064,4224.0,2112.0,True
group_128,text_encoder.bert.encoder.layer.10.attention.self.value,linear,36,11,768,768,1,6,598272,606720,18696,202752,405504,50688,50688,42240,8448,0,6488064,4224.0,2112.0,True
group_128,text_encoder.bert.encoder.layer.10.attention.self,attention_qk,36,11,11,64,12,1,16896,33792,1056,5808,11616,1452,1452,0,16896,0,92928,60.5,60.5,False
group_128,text_encoder.bert.encoder.layer.10.attention.self,attention_av,36,11,64,11,12,1,9900,19800,3600,33792,67584,8448,8448,0,9900,0,92928,60.5,352.0,False
group_128,text_encoder.bert.encoder.layer.10.attention.output.dense,linear,36,11,768,768,1,6,598272,606720,18696,202752,405504,50688,50688,42240,8448,0,6488064,4224.0,2112.0,True
group_128,text_encoder.bert.encoder.layer.10.intermediate.dense,linear,36,11,3072,768,1,6,2367744,2376192,73992,811008,1622016,202752,202752,168960,8448,0,25952256,16896.0,8448.0,True
group_128,text_encoder.bert.encoder.layer.10.output.dense,linear,36,11,768,3072,1,24,2393088,2426880,74784,811008,1622016,202752,202752,194304,33792,0,25952256,16896.0,8448.0,True
group_128,text_encoder.bert.encoder.layer.11.attention.self.query,linear,36,11,768,768,1,6,598272,606720,18696,202752,405504,50688,50688,42240,8448,0,6488064,4224.0,2112.0,True
group_128,text_encoder.bert.encoder.layer.11.attention.self.key,linear,36,11,768,768,1,6,598272,606720,18696,202752,405504,50688,50688,42240,8448,0,6488064,4224.0,2112.0,True
group_128,text_encoder.bert.encoder.layer.11.attention.self.value,linear,36,11,768,768,1,6,598272,606720,18696,202752,405504,50688,50688,42240,8448,0,6488064,4224.0,2112.0,True
group_128,text_encoder.bert.encoder.layer.11.attention.self,attention_qk,36,11,11,64,12,1,16896,33792,1056,5808,11616,1452,1452,0,16896,0,92928,60.5,60.5,False
group_128,text_encoder.bert.encoder.layer.11.attention.self,attention_av,36,11,64,11,12,1,9900,19800,3600,33792,67584,8448,8448,0,9900,0,92928,60.5,352.0,False
group_128,text_encoder.bert.encoder.layer.11.attention.output.dense,linear,36,11,768,768,1,6,598272,606720,18696,202752,405504,50688,50688,42240,8448,0,6488064,4224.0,2112.0,True
group_128,text_encoder.bert.encoder.layer.11.intermediate.dense,linear,36,11,3072,768,1,6,2367744,2376192,73992,811008,1622016,202752,202752,168960,8448,0,25952256,16896.0,8448.0,True
group_128,text_encoder.bert.encoder.layer.11.output.dense,linear,36,11,768,3072,1,24,2393088,2426880,74784,811008,1622016,202752,202752,194304,33792,0,25952256,16896.0,8448.0,True
group_128,text_encoder.bert.encoder.layer.0.attention.self.query,linear,36,14,768,768,1,6,600576,611328,18768,258048,516096,64512,64512,53760,10752,0,8257536,5376.0,2688.0,True
group_128,text_encoder.bert.encoder.layer.0.attention.self.key,linear,36,14,768,768,1,6,600576,611328,18768,258048,516096,64512,64512,53760,10752,0,8257536,5376.0,2688.0,True
group_128,text_encoder.bert.encoder.layer.0.attention.self.value,linear,36,14,768,768,1,6,600576,611328,18768,258048,516096,64512,64512,53760,10752,0,8257536,5376.0,2688.0,True
group_128,text_encoder.bert.encoder.layer.0.attention.self,attention_qk,36,14,14,64,12,1,21504,43008,1344,9408,18816,2352,2352,0,21504,0,150528,98.0,98.0,False
group_128,text_encoder.bert.encoder.layer.0.attention.self,attention_av,36,14,64,14,12,1,13104,26208,3744,43008,86016,10752,10752,0,13104,0,150528,98.0,448.0,False
group_128,text_encoder.bert.encoder.layer.0.attention.output.dense,linear,36,14,768,768,1,6,600576,611328,18768,258048,516096,64512,64512,53760,10752,0,8257536,5376.0,2688.0,True
group_128,text_encoder.bert.encoder.layer.0.intermediate.dense,linear,36,14,3072,768,1,6,2370048,2380800,74064,1032192,2064384,258048,258048,215040,10752,0,33030144,21504.0,10752.0,True
group_128,text_encoder.bert.encoder.layer.0.output.dense,linear,36,14,768,3072,1,24,2402304,2445312,75072,1032192,2064384,258048,258048,247296,43008,0,33030144,21504.0,10752.0,True
group_128,text_encoder.bert.encoder.layer.1.attention.self.query,linear,36,14,768,768,1,6,600576,611328,18768,258048,516096,64512,64512,53760,10752,0,8257536,5376.0,2688.0,True
group_128,text_encoder.bert.encoder.layer.1.attention.self.key,linear,36,14,768,768,1,6,600576,611328,18768,258048,516096,64512,64512,53760,10752,0,8257536,5376.0,2688.0,True
group_128,text_encoder.bert.encoder.layer.1.attention.self.value,linear,36,14,768,768,1,6,600576,611328,18768,258048,516096,64512,64512,53760,10752,0,8257536,5376.0,2688.0,True
group_128,text_encoder.bert.encoder.layer.1.attention.self,attention_qk,36,14,14,64,12,1,21504,43008,1344,9408,18816,2352,2352,0,21504,0,150528,98.0,98.0,False
group_128,text_encoder.bert.encoder.layer.1.attention.self,attention_av,36,14,64,14,12,1,13104,26208,3744,43008,86016,10752,10752,0,13104,0,150528,98.0,448.0,False
group_128,text_encoder.bert.encoder.layer.1.attention.output.dense,linear,36,14,768,768,1,6,600576,611328,18768,258048,516096,64512,64512,53760,10752,0,8257536,5376.0,2688.0,True
group_128,text_encoder.bert.encoder.layer.1.intermediate.dense,linear,36,14,3072,768,1,6,2370048,2380800,74064,1032192,2064384,258048,258048,215040,10752,0,33030144,21504.0,10752.0,True
group_128,text_encoder.bert.encoder.layer.1.output.dense,linear,36,14,768,3072,1,24,2402304,2445312,75072,1032192,2064384,258048,258048,247296,43008,0,33030144,21504.0,10752.0,True
group_128,text_encoder.bert.encoder.layer.2.attention.self.query,linear,36,14,768,768,1,6,600576,611328,18768,258048,516096,64512,64512,53760,10752,0,8257536,5376.0,2688.0,True
group_128,text_encoder.bert.encoder.layer.2.attention.self.key,linear,36,14,768,768,1,6,600576,611328,18768,258048,516096,64512,64512,53760,10752,0,8257536,5376.0,2688.0,True
group_128,text_encoder.bert.encoder.layer.2.attention.self.value,linear,36,14,768,768,1,6,600576,611328,18768,258048,516096,64512,64512,53760,10752,0,8257536,5376.0,2688.0,True
group_128,text_encoder.bert.encoder.layer.2.attention.self,attention_qk,36,14,14,64,12,1,21504,43008,1344,9408,18816,2352,2352,0,21504,0,150528,98.0,98.0,False
group_128,text_encoder.bert.encoder.layer.2.attention.self,attention_av,36,14,64,14,12,1,13104,26208,3744,43008,86016,10752,10752,0,13104,0,150528,98.0,448.0,False
group_128,text_encoder.bert.encoder.layer.2.attention.output.dense,linear,36,14,768,768,1,6,600576,611328,18768,258048,516096,64512,64512,53760,10752,0,8257536,5376.0,2688.0,True
group_128,text_encoder.bert.encoder.layer.2.intermediate.dense,linear,36,14,3072,768,1,6,2370048,2380800,74064,1032192,2064384,258048,258048,215040,10752,0,33030144,21504.0,10752.0,True
group_128,text_encoder.bert.encoder.layer.2.output.dense,linear,36,14,768,3072,1,24,2402304,2445312,75072,1032192,2064384,258048,258048,247296,43008,0,33030144,21504.0,10752.0,True
group_128,text_encoder.bert.encoder.layer.3.attention.self.query,linear,36,14,768,768,1,6,600576,611328,18768,258048,516096,64512,64512,53760,10752,0,8257536,5376.0,2688.0,True
group_128,text_encoder.bert.encoder.layer.3.attention.self.key,linear,36,14,768,768,1,6,600576,611328,18768,258048,516096,64512,64512,53760,10752,0,8257536,5376.0,2688.0,True
group_128,text_encoder.bert.encoder.layer.3.attention.self.value,linear,36,14,768,768,1,6,600576,611328,18768,258048,516096,64512,64512,53760,10752,0,8257536,5376.0,2688.0,True
group_128,text_encoder.bert.encoder.layer.3.attention.self,attention_qk,36,14,14,64,12,1,21504,43008,1344,9408,18816,2352,2352,0,21504,0,150528,98.0,98.0,False
group_128,text_encoder.bert.encoder.layer.3.attention.self,attention_av,36,14,64,14,12,1,13104,26208,3744,43008,86016,10752,10752,0,13104,0,150528,98.0,448.0,False
group_128,text_encoder.bert.encoder.layer.3.attention.output.dense,linear,36,14,768,768,1,6,600576,611328,18768,258048,516096,64512,64512,53760,10752,0,8257536,5376.0,2688.0,True
group_128,text_encoder.bert.encoder.layer.3.intermediate.dense,linear,36,14,3072,768,1,6,2370048,2380800,74064,1032192,2064384,258048,258048,215040,10752,0,33030144,21504.0,10752.0,True
group_128,text_encoder.bert.encoder.layer.3.output.dense,linear,36,14,768,3072,1,24,2402304,2445312,75072,1032192,2064384,258048,258048,247296,43008,0,33030144,21504.0,10752.0,True
group_128,text_encoder.bert.encoder.layer.4.attention.self.query,linear,36,14,768,768,1,6,600576,611328,18768,258048,516096,64512,64512,53760,10752,0,8257536,5376.0,2688.0,True
group_128,text_encoder.bert.encoder.layer.4.attention.self.key,linear,36,14,768,768,1,6,600576,611328,18768,258048,516096,64512,64512,53760,10752,0,8257536,5376.0,2688.0,True
group_128,text_encoder.bert.encoder.layer.4.attention.self.value,linear,36,14,768,768,1,6,600576,611328,18768,258048,516096,64512,64512,53760,10752,0,8257536,5376.0,2688.0,True
group_128,text_encoder.bert.encoder.layer.4.attention.self,attention_qk,36,14,14,64,12,1,21504,43008,1344,9408,18816,2352,2352,0,21504,0,150528,98.0,98.0,False
group_128,text_encoder.bert.encoder.layer.4.attention.self,attention_av,36,14,64,14,12,1,13104,26208,3744,43008,86016,10752,10752,0,13104,0,150528,98.0,448.0,False
group_128,text_encoder.bert.encoder.layer.4.attention.output.dense,linear,36,14,768,768,1,6,600576,611328,18768,258048,516096,64512,64512,53760,10752,0,8257536,5376.0,2688.0,True
group_128,text_encoder.bert.encoder.layer.4.intermediate.dense,linear,36,14,3072,768,1,6,2370048,2380800,74064,1032192,2064384,258048,258048,215040,10752,0,33030144,21504.0,10752.0,True
group_128,text_encoder.bert.encoder.layer.4.output.dense,linear,36,14,768,3072,1,24,2402304,2445312,75072,1032192,2064384,258048,258048,247296,43008,0,33030144,21504.0,10752.0,True
group_128,text_encoder.bert.encoder.layer.5.attention.self.query,linear,36,14,768,768,1,6,600576,611328,18768,258048,516096,64512,64512,53760,10752,0,8257536,5376.0,2688.0,True
group_128,text_encoder.bert.encoder.layer.5.attention.self.key,linear,36,14,768,768,1,6,600576,611328,18768,258048,516096,64512,64512,53760,10752,0,8257536,5376.0,2688.0,True
group_128,text_encoder.bert.encoder.layer.5.attention.self.value,linear,36,14,768,768,1,6,600576,611328,18768,258048,516096,64512,64512,53760,10752,0,8257536,5376.0,2688.0,True
group_128,text_encoder.bert.encoder.layer.5.attention.self,attention_qk,36,14,14,64,12,1,21504,43008,1344,9408,18816,2352,2352,0,21504,0,150528,98.0,98.0,False
group_128,text_encoder.bert.encoder.layer.5.attention.self,attention_av,36,14,64,14,12,1,13104,26208,3744,43008,86016,10752,10752,0,13104,0,150528,98.0,448.0,False
group_128,text_encoder.bert.encoder.layer.5.attention.output.dense,linear,36,14,768,768,1,6,600576,611328,18768,258048,516096,64512,64512,53760,10752,0,8257536,5376.0,2688.0,True
group_128,text_encoder.bert.encoder.layer.5.intermediate.dense,linear,36,14,3072,768,1,6,2370048,2380800,74064,1032192,2064384,258048,258048,215040,10752,0,33030144,21504.0,10752.0,True
group_128,text_encoder.bert.encoder.layer.5.output.dense,linear,36,14,768,3072,1,24,2402304,2445312,75072,1032192,2064384,258048,258048,247296,43008,0,33030144,21504.0,10752.0,True
group_128,text_encoder.bert.encoder.layer.6.attention.self.query,linear,36,14,768,768,1,6,600576,611328,18768,258048,516096,64512,64512,53760,10752,0,8257536,5376.0,2688.0,True
group_128,text_encoder.bert.encoder.layer.6.attention.self.key,linear,36,14,768,768,1,6,600576,611328,18768,258048,516096,64512,64512,53760,10752,0,8257536,5376.0,2688.0,True
group_128,text_encoder.bert.encoder.layer.6.attention.self.value,linear,36,14,768,768,1,6,600576,611328,18768,258048,516096,64512,64512,53760,10752,0,8257536,5376.0,2688.0,True
group_128,text_encoder.bert.encoder.layer.6.attention.self,attention_qk,36,14,14,64,12,1,21504,43008,1344,9408,18816,2352,2352,0,21504,0,150528,98.0,98.0,False
group_128,text_encoder.bert.encoder.layer.6.attention.self,attention_av,36,14,64,14,12,1,13104,26208,3744,43008,86016,10752,10752,0,13104,0,150528,98.0,448.0,False
group_128,text_encoder.bert.encoder.layer.6.attention.output.dense,linear,36,14,768,768,1,6,600576,611328,18768,258048,516096,64512,64512,53760,10752,0,8257536,5376.0,2688.0,True
group_128,text_encoder.bert.encoder.layer.6.intermediate.dense,linear,36,14,3072,768,1,6,2370048,2380800,74064,1032192,2064384,258048,258048,215040,10752,0,33030144,21504.0,10752.0,True
group_128,text_encoder.bert.encoder.layer.6.output.dense,linear,36,14,768,3072,1,24,2402304,2445312,75072,1032192,2064384,258048,258048,247296,43008,0,33030144,21504.0,10752.0,True
group_128,text_encoder.bert.encoder.layer.7.attention.self.query,linear,36,14,768,768,1,6,600576,611328,18768,258048,516096,64512,64512,53760,10752,0,8257536,5376.0,2688.0,True
group_128,text_encoder.bert.encoder.layer.7.attention.self.key,linear,36,14,768,768,1,6,600576,611328,18768,258048,516096,64512,64512,53760,10752,0,8257536,5376.0,2688.0,True
group_128,text_encoder.bert.encoder.layer.7.attention.self.value,linear,36,14,768,768,1,6,600576,611328,18768,258048,516096,64512,64512,53760,10752,0,8257536,5376.0,2688.0,True
group_128,text_encoder.bert.encoder.layer.7.attention.self,attention_qk,36,14,14,64,12,1,21504,43008,1344,9408,18816,2352,2352,0,21504,0,150528,98.0,98.0,False
group_128,text_encoder.bert.encoder.layer.7.attention.self,attention_av,36,14,64,14,12,1,13104,26208,3744,43008,86016,10752,10752,0,13104,0,150528,98.0,448.0,False
group_128,text_encoder.bert.encoder.layer.7.attention.output.dense,linear,36,14,768,768,1,6,600576,611328,18768,258048,516096,64512,64512,53760,10752,0,8257536,5376.0,2688.0,True
group_128,text_encoder.bert.encoder.layer.7.intermediate.dense,linear,36,14,3072,768,1,6,2370048,2380800,74064,1032192,2064384,258048,258048,215040,10752,0,33030144,21504.0,10752.0,True
group_128,text_encoder.bert.encoder.layer.7.output.dense,linear,36,14,768,3072,1,24,2402304,2445312,75072,1032192,2064384,258048,258048,247296,43008,0,33030144,21504.0,10752.0,True
group_128,text_encoder.bert.encoder.layer.8.attention.self.query,linear,36,14,768,768,1,6,600576,611328,18768,258048,516096,64512,64512,53760,10752,0,8257536,5376.0,2688.0,True
group_128,text_encoder.bert.encoder.layer.8.attention.self.key,linear,36,14,768,768,1,6,600576,611328,18768,258048,516096,64512,64512,53760,10752,0,8257536,5376.0,2688.0,True
group_128,text_encoder.bert.encoder.layer.8.attention.self.value,linear,36,14,768,768,1,6,600576,611328,18768,258048,516096,64512,64512,53760,10752,0,8257536,5376.0,2688.0,True
group_128,text_encoder.bert.encoder.layer.8.attention.self,attention_qk,36,14,14,64,12,1,21504,43008,1344,9408,18816,2352,2352,0,21504,0,150528,98.0,98.0,False
group_128,text_encoder.bert.encoder.layer.8.attention.self,attention_av,36,14,64,14,12,1,13104,26208,3744,43008,86016,10752,10752,0,13104,0,150528,98.0,448.0,False
group_128,text_encoder.bert.encoder.layer.8.attention.output.dense,linear,36,14,768,768,1,6,600576,611328,18768,258048,516096,64512,64512,53760,10752,0,8257536,5376.0,2688.0,True
group_128,text_encoder.bert.encoder.layer.8.intermediate.dense,linear,36,14,3072,768,1,6,2370048,2380800,74064,1032192,2064384,258048,258048,215040,10752,0,33030144,21504.0,10752.0,True
group_128,text_encoder.bert.encoder.layer.8.output.dense,linear,36,14,768,3072,1,24,2402304,2445312,75072,1032192,2064384,258048,258048,247296,43008,0,33030144,21504.0,10752.0,True
group_128,text_encoder.bert.encoder.layer.9.attention.self.query,linear,36,14,768,768,1,6,600576,611328,18768,258048,516096,64512,64512,53760,10752,0,8257536,5376.0,2688.0,True
group_128,text_encoder.bert.encoder.layer.9.attention.self.key,linear,36,14,768,768,1,6,600576,611328,18768,258048,516096,64512,64512,53760,10752,0,8257536,5376.0,2688.0,True
group_128,text_encoder.bert.encoder.layer.9.attention.self.value,linear,36,14,768,768,1,6,600576,611328,18768,258048,516096,64512,64512,53760,10752,0,8257536,5376.0,2688.0,True
group_128,text_encoder.bert.encoder.layer.9.attention.self,attention_qk,36,14,14,64,12,1,21504,43008,1344,9408,18816,2352,2352,0,21504,0,150528,98.0,98.0,False
group_128,text_encoder.bert.encoder.layer.9.attention.self,attention_av,36,14,64,14,12,1,13104,26208,3744,43008,86016,10752,10752,0,13104,0,150528,98.0,448.0,False
group_128,text_encoder.bert.encoder.layer.9.attention.output.dense,linear,36,14,768,768,1,6,600576,611328,18768,258048,516096,64512,64512,53760,10752,0,8257536,5376.0,2688.0,True
group_128,text_encoder.bert.encoder.layer.9.intermediate.dense,linear,36,14,3072,768,1,6,2370048,2380800,74064,1032192,2064384,258048,258048,215040,10752,0,33030144,21504.0,10752.0,True
group_128,text_encoder.bert.encoder.layer.9.output.dense,linear,36,14,768,3072,1,24,2402304,2445312,75072,1032192,2064384,258048,258048,247296,43008,0,33030144,21504.0,10752.0,True
group_128,text_encoder.bert.encoder.layer.10.attention.self.query,linear,36,14,768,768,1,6,600576,611328,18768,258048,516096,64512,64512,53760,10752,0,8257536,5376.0,2688.0,True
group_128,text_encoder.bert.encoder.layer.10.attention.self.key,linear,36,14,768,768,1,6,600576,611328,18768,258048,516096,64512,64512,53760,10752,0,8257536,5376.0,2688.0,True
group_128,text_encoder.bert.encoder.layer.10.attention.self.value,linear,36,14,768,768,1,6,600576,611328,18768,258048,516096,64512,64512,53760,10752,0,8257536,5376.0,2688.0,True
group_128,text_encoder.bert.encoder.layer.10.attention.self,attention_qk,36,14,14,64,12,1,21504,43008,1344,9408,18816,2352,2352,0,21504,0,150528,98.0,98.0,False
group_128,text_encoder.bert.encoder.layer.10.attention.self,attention_av,36,14,64,14,12,1,13104,26208,3744,43008,86016,10752,10752,0,13104,0,150528,98.0,448.0,False
group_128,text_encoder.bert.encoder.layer.10.attention.output.dense,linear,36,14,768,768,1,6,600576,611328,18768,258048,516096,64512,64512,53760,10752,0,8257536,5376.0,2688.0,True
group_128,text_encoder.bert.encoder.layer.10.intermediate.dense,linear,36,14,3072,768,1,6,2370048,2380800,74064,1032192,2064384,258048,258048,215040,10752,0,33030144,21504.0,10752.0,True
group_128,text_encoder.bert.encoder.layer.10.output.dense,linear,36,14,768,3072,1,24,2402304,2445312,75072,1032192,2064384,258048,258048,247296,43008,0,33030144,21504.0,10752.0,True
group_128,text_encoder.bert.encoder.layer.11.attention.self.query,linear,36,14,768,768,1,6,600576,611328,18768,258048,516096,64512,64512,53760,10752,0,8257536,5376.0,2688.0,True
group_128,text_encoder.bert.encoder.layer.11.attention.self.key,linear,36,14,768,768,1,6,600576,611328,18768,258048,516096,64512,64512,53760,10752,0,8257536,5376.0,2688.0,True
group_128,text_encoder.bert.encoder.layer.11.attention.self.value,linear,36,14,768,768,1,6,600576,611328,18768,258048,516096,64512,64512,53760,10752,0,8257536,5376.0,2688.0,True
group_128,text_encoder.bert.encoder.layer.11.attention.self,attention_qk,36,14,14,64,12,1,21504,43008,1344,9408,18816,2352,2352,0,21504,0,150528,98.0,98.0,False
group_128,text_encoder.bert.encoder.layer.11.attention.self,attention_av,36,14,64,14,12,1,13104,26208,3744,43008,86016,10752,10752,0,13104,0,150528,98.0,448.0,False
group_128,text_encoder.bert.encoder.layer.11.attention.output.dense,linear,36,14,768,768,1,6,600576,611328,18768,258048,516096,64512,64512,53760,10752,0,8257536,5376.0,2688.0,True
group_128,text_encoder.bert.encoder.layer.11.intermediate.dense,linear,36,14,3072,768,1,6,2370048,2380800,74064,1032192,2064384,258048,258048,215040,10752,0,33030144,21504.0,10752.0,True
group_128,text_encoder.bert.encoder.layer.11.output.dense,linear,36,14,768,3072,1,24,2402304,2445312,75072,1032192,2064384,258048,258048,247296,43008,0,33030144,21504.0,10752.0,True
group_32,text_encoder.bert.encoder.layer.0.attention.self.query,linear,72,21,768,768,1,24,605952,622080,75744,1548288,3096576,387072,387072,370944,16128,0,12386304,8064.0,16128.0,True
group_32,text_encoder.bert.encoder.layer.0.attention.self.key,linear,72,21,768,768,1,24,605952,622080,75744,1548288,3096576,387072,387072,370944,16128,0,12386304,8064.0,16128.0,True
group_32,text_encoder.bert.encoder.layer.0.attention.self.value,linear,72,21,768,768,1,24,605952,622080,75744,1548288,3096576,387072,387072,370944,16128,0,12386304,8064.0,16128.0,True
group_32,text_encoder.bert.encoder.layer.0.attention.self,attention_qk,72,21,21,64,12,2,32256,64512,4032,42336,84672,10584,10584,5292,32256,0,338688,220.5,441.0,False
group_32,text_encoder.bert.encoder.layer.0.attention.self,attention_av,72,21,64,21,12,1,21420,42840,4080,64512,129024,16128,16128,0,21420,0,338688,220.5,672.0,False
group_32,text_encoder.bert.encoder.layer.0.attention.output.dense,linear,72,21,768,768,1,24,605952,622080,75744,1548288,3096576,387072,387072,370944,16128,0,12386304,8064.0,16128.0,True
group_32,text_encoder.bert.encoder.layer.0.intermediate.dense,linear,72,21,3072,768,1,24,2375424,2391552,296928,6193152,12386304,1548288,1548288,1483776,16128,0,49545216,32256.0,64512.0,True
group_32,text_encoder.bert.encoder.layer.0.output.dense,linear,72,21,768,3072,1,96,2423808,2488320,302976,6193152,12386304,1548288,1548288,1532160,64512,0,49545216,32256.0,64512.0,True
group_32,text_encoder.bert.encoder.layer.1.attention.self.query,linear,72,21,768,768,1,24,605952,622080,75744,1548288,3096576,387072,387072,370944,16128,0,12386304,8064.0,16128.0,True
group_32,text_encoder.bert.encoder.layer.1.attention.self.key,linear,72,21,768,768,1,24,605952,622080,75744,1548288,3096576,387072,387072,370944,16128,0,12386304,8064.0,16128.0,True
group_32,text_encoder.bert.encoder.layer.1.attention.self.value,linear,72,21,768,768,1,24,605952,622080,75744,1548288,3096576,387072,387072,370944,16128,0,12386304,8064.0,16128.0,True
group_32,text_encoder.bert.encoder.layer.1.attention.self,attention_qk,72,21,21,64,12,2,32256,64512,4032,42336,84672,10584,10584,5292,32256,0,338688,220.5,441.0,False
group_32,text_encoder.bert.encoder.layer.1.attention.self,attention_av,72,21,64,21,12,1,21420,42840,4080,64512,129024,16128,16128,0,21420,0,338688,220.5,672.0,False
group_32,text_encoder.bert.encoder.layer.1.attention.output.dense,linear,72,21,768,768,1,24,605952,622080,75744,1548288,3096576,387072,387072,370944,16128,0,12386304,8064.0,16128.0,True
group_32,text_encoder.bert.encoder.layer.1.intermediate.dense,linear,72,21,3072,768,1,24,2375424,2391552,296928,6193152,12386304,1548288,1548288,1483776,16128,0,49545216,32256.0,64512.0,True
group_32,text_encoder.bert.encoder.layer.1.output.dense,linear,72,21,768,3072,1,96,2423808,2488320,302976,6193152,12386304,1548288,1548288,1532160,64512,0,49545216,32256.0,64512.0,True
group_32,text_encoder.bert.encoder.layer.2.attention.self.query,linear,72,21,768,768,1,24,605952,622080,75744,1548288,3096576,387072,387072,370944,16128,0,12386304,8064.0,16128.0,True
group_32,text_encoder.bert.encoder.layer.2.attention.self.key,linear,72,21,768,768,1,24,605952,622080,75744,1548288,3096576,387072,387072,370944,16128,0,12386304,8064.0,16128.0,True
group_32,text_encoder.bert.encoder.layer.2.attention.self.value,linear,72,21,768,768,1,24,605952,622080,75744,1548288,3096576,387072,387072,370944,16128,0,12386304,8064.0,16128.0,True
group_32,text_encoder.bert.encoder.layer.2.attention.self,attention_qk,72,21,21,64,12,2,32256,64512,4032,42336,84672,10584,10584,5292,32256,0,338688,220.5,441.0,False
group_32,text_encoder.bert.encoder.layer.2.attention.self,attention_av,72,21,64,21,12,1,21420,42840,4080,64512,129024,16128,16128,0,21420,0,338688,220.5,672.0,False
group_32,text_encoder.bert.encoder.layer.2.attention.output.dense,linear,72,21,768,768,1,24,605952,622080,75744,1548288,3096576,387072,387072,370944,16128,0,12386304,8064.0,16128.0,True
group_32,text_encoder.bert.encoder.layer.2.intermediate.dense,linear,72,21,3072,768,1,24,2375424,2391552,296928,6193152,12386304,1548288,1548288,1483776,16128,0,49545216,32256.0,64512.0,True
group_32,text_encoder.bert.encoder.layer.2.output.dense,linear,72,21,768,3072,1,96,2423808,2488320,302976,6193152,12386304,1548288,1548288,1532160,64512,0,49545216,32256.0,64512.0,True
group_32,text_encoder.bert.encoder.layer.3.attention.self.query,linear,72,21,768,768,1,24,605952,622080,75744,1548288,3096576,387072,387072,370944,16128,0,12386304,8064.0,16128.0,True
group_32,text_encoder.bert.encoder.layer.3.attention.self.key,linear,72,21,768,768,1,24,605952,622080,75744,1548288,3096576,387072,387072,370944,16128,0,12386304,8064.0,16128.0,True
group_32,text_encoder.bert.encoder.layer.3.attention.self.value,linear,72,21,768,768,1,24,605952,622080,75744,1548288,3096576,387072,387072,370944,16128,0,12386304,8064.0,16128.0,True
group_32,text_encoder.bert.encoder.layer.3.attention.self,attention_qk,72,21,21,64,12,2,32256,64512,4032,42336,84672,10584,10584,5292,32256,0,338688,220.5,441.0,False
group_32,text_encoder.bert.encoder.layer.3.attention.self,attention_av,72,21,64,21,12,1,21420,42840,4080,64512,129024,16128,16128,0,21420,0,338688,220.5,672.0,False
group_32,text_encoder.bert.encoder.layer.3.attention.output.dense,linear,72,21,768,768,1,24,605952,622080,75744,1548288,3096576,387072,387072,370944,16128,0,12386304,8064.0,16128.0,True
group_32,text_encoder.bert.encoder.layer.3.intermediate.dense,linear,72,21,3072,768,1,24,2375424,2391552,296928,6193152,12386304,1548288,1548288,1483776,16128,0,49545216,32256.0,64512.0,True
group_32,text_encoder.bert.encoder.layer.3.output.dense,linear,72,21,768,3072,1,96,2423808,2488320,302976,6193152,12386304,1548288,1548288,1532160,64512,0,49545216,32256.0,64512.0,True
group_32,text_encoder.bert.encoder.layer.4.attention.self.query,linear,72,21,768,768,1,24,605952,622080,75744,1548288,3096576,387072,387072,370944,16128,0,12386304,8064.0,16128.0,True
group_32,text_encoder.bert.encoder.layer.4.attention.self.key,linear,72,21,768,768,1,24,605952,622080,75744,1548288,3096576,387072,387072,370944,16128,0,12386304,8064.0,16128.0,True
group_32,text_encoder.bert.encoder.layer.4.attention.self.value,linear,72,21,768,768,1,24,605952,622080,75744,1548288,3096576,387072,387072,370944,16128,0,12386304,8064.0,16128.0,True
group_32,text_encoder.bert.encoder.layer.4.attention.self,attention_qk,72,21,21,64,12,2,32256,64512,4032,42336,84672,10584,10584,5292,32256,0,338688,220.5,441.0,False
group_32,text_encoder.bert.encoder.layer.4.attention.self,attention_av,72,21,64,21,12,1,21420,42840,4080,64512,129024,16128,16128,0,21420,0,338688,220.5,672.0,False
group_32,text_encoder.bert.encoder.layer.4.attention.output.dense,linear,72,21,768,768,1,24,605952,622080,75744,1548288,3096576,387072,387072,370944,16128,0,12386304,8064.0,16128.0,True
group_32,text_encoder.bert.encoder.layer.4.intermediate.dense,linear,72,21,3072,768,1,24,2375424,2391552,296928,6193152,12386304,1548288,1548288,1483776,16128,0,49545216,32256.0,64512.0,True
group_32,text_encoder.bert.encoder.layer.4.output.dense,linear,72,21,768,3072,1,96,2423808,2488320,302976,6193152,12386304,1548288,1548288,1532160,64512,0,49545216,32256.0,64512.0,True
group_32,text_encoder.bert.encoder.layer.5.attention.self.query,linear,72,21,768,768,1,24,605952,622080,75744,1548288,3096576,387072,387072,370944,16128,0,12386304,8064.0,16128.0,True
group_32,text_encoder.bert.encoder.layer.5.attention.self.key,linear,72,21,768,768,1,24,605952,622080,75744,1548288,3096576,387072,387072,370944,16128,0,12386304,8064.0,16128.0,True
group_32,text_encoder.bert.encoder.layer.5.attention.self.value,linear,72,21,768,768,1,24,605952,622080,75744,1548288,3096576,387072,387072,370944,16128,0,12386304,8064.0,16128.0,True
group_32,text_encoder.bert.encoder.layer.5.attention.self,attention_qk,72,21,21,64,12,2,32256,64512,4032,42336,84672,10584,10584,5292,32256,0,338688,220.5,441.0,False
group_32,text_encoder.bert.encoder.layer.5.attention.self,attention_av,72,21,64,21,12,1,21420,42840,4080,64512,129024,16128,16128,0,21420,0,338688,220.5,672.0,False
group_32,text_encoder.bert.encoder.layer.5.attention.output.dense,linear,72,21,768,768,1,24,605952,622080,75744,1548288,3096576,387072,387072,370944,16128,0,12386304,8064.0,16128.0,True
group_32,text_encoder.bert.encoder.layer.5.intermediate.dense,linear,72,21,3072,768,1,24,2375424,2391552,296928,6193152,12386304,1548288,1548288,1483776,16128,0,49545216,32256.0,64512.0,True
group_32,text_encoder.bert.encoder.layer.5.output.dense,linear,72,21,768,3072,1,96,2423808,2488320,302976,6193152,12386304,1548288,1548288,1532160,64512,0,49545216,32256.0,64512.0,True
group_32,text_encoder.bert.encoder.layer.6.attention.self.query,linear,72,21,768,768,1,24,605952,622080,75744,1548288,3096576,387072,387072,370944,16128,0,12386304,8064.0,16128.0,True
group_32,text_encoder.bert.encoder.layer.6.attention.self.key,linear,72,21,768,768,1,24,605952,622080,75744,1548288,3096576,387072,387072,370944,16128,0,12386304,8064.0,16128.0,True
group_32,text_encoder.bert.encoder.layer.6.attention.self.value,linear,72,21,768,768,1,24,605952,622080,75744,1548288,3096576,387072,387072,370944,16128,0,12386304,8064.0,16128.0,True
group_32,text_encoder.bert.encoder.layer.6.attention.self,attention_qk,72,21,21,64,12,2,32256,64512,4032,42336,84672,10584,10584,5292,32256,0,338688,220.5,441.0,False
group_32,text_encoder.bert.encoder.layer.6.attention.self,attention_av,72,21,64,21,12,1,21420,42840,4080,64512,129024,16128,16128,0,21420,0,338688,220.5,672.0,False
group_32,text_encoder.bert.encoder.layer.6.attention.output.dense,linear,72,21,768,768,1,24,605952,622080,75744,1548288,3096576,387072,387072,370944,16128,0,12386304,8064.0,16128.0,True
group_32,text_encoder.bert.encoder.layer.6.intermediate.dense,linear,72,21,3072,768,1,24,2375424,2391552,296928,6193152,12386304,1548288,1548288,1483776,16128,0,49545216,32256.0,64512.0,True
group_32,text_encoder.bert.encoder.layer.6.output.dense,linear,72,21,768,3072,1,96,2423808,2488320,302976,6193152,12386304,1548288,1548288,1532160,64512,0,49545216,32256.0,64512.0,True
group_32,text_encoder.bert.encoder.layer.7.attention.self.query,linear,72,21,768,768,1,24,605952,622080,75744,1548288,3096576,387072,387072,370944,16128,0,12386304,8064.0,16128.0,True
group_32,text_encoder.bert.encoder.layer.7.attention.self.key,linear,72,21,768,768,1,24,605952,622080,75744,1548288,3096576,387072,387072,370944,16128,0,12386304,8064.0,16128.0,True
group_32,text_encoder.bert.encoder.layer.7.attention.self.value,linear,72,21,768,768,1,24,605952,622080,75744,1548288,3096576,387072,387072,370944,16128,0,12386304,8064.0,16128.0,True
group_32,text_encoder.bert.encoder.layer.7.attention.self,attention_qk,72,21,21,64,12,2,32256,64512,4032,42336,84672,10584,10584,5292,32256,0,338688,220.5,441.0,False
group_32,text_encoder.bert.encoder.layer.7.attention.self,attention_av,72,21,64,21,12,1,21420,42840,4080,64512,129024,16128,16128,0,21420,0,338688,220.5,672.0,False
group_32,text_encoder.bert.encoder.layer.7.attention.output.dense,linear,72,21,768,768,1,24,605952,622080,75744,1548288,3096576,387072,387072,370944,16128,0,12386304,8064.0,16128.0,True
group_32,text_encoder.bert.encoder.layer.7.intermediate.dense,linear,72,21,3072,768,1,24,2375424,2391552,296928,6193152,12386304,1548288,1548288,1483776,16128,0,49545216,32256.0,64512.0,True
group_32,text_encoder.bert.encoder.layer.7.output.dense,linear,72,21,768,3072,1,96,2423808,2488320,302976,6193152,12386304,1548288,1548288,1532160,64512,0,49545216,32256.0,64512.0,True
group_32,text_encoder.bert.encoder.layer.8.attention.self.query,linear,72,21,768,768,1,24,605952,622080,75744,1548288,3096576,387072,387072,370944,16128,0,12386304,8064.0,16128.0,True
group_32,text_encoder.bert.encoder.layer.8.attention.self.key,linear,72,21,768,768,1,24,605952,622080,75744,1548288,3096576,387072,387072,370944,16128,0,12386304,8064.0,16128.0,True
group_32,text_encoder.bert.encoder.layer.8.attention.self.value,linear,72,21,768,768,1,24,605952,622080,75744,1548288,3096576,387072,387072,370944,16128,0,12386304,8064.0,16128.0,True
group_32,text_encoder.bert.encoder.layer.8.attention.self,attention_qk,72,21,21,64,12,2,32256,64512,4032,42336,84672,10584,10584,5292,32256,0,338688,220.5,441.0,False
group_32,text_encoder.bert.encoder.layer.8.attention.self,attention_av,72,21,64,21,12,1,21420,42840,4080,64512,129024,16128,16128,0,21420,0,338688,220.5,672.0,False
group_32,text_encoder.bert.encoder.layer.8.attention.output.dense,linear,72,21,768,768,1,24,605952,622080,75744,1548288,3096576,387072,387072,370944,16128,0,12386304,8064.0,16128.0,True
group_32,text_encoder.bert.encoder.layer.8.intermediate.dense,linear,72,21,3072,768,1,24,2375424,2391552,296928,6193152,12386304,1548288,1548288,1483776,16128,0,49545216,32256.0,64512.0,True
group_32,text_encoder.bert.encoder.layer.8.output.dense,linear,72,21,768,3072,1,96,2423808,2488320,302976,6193152,12386304,1548288,1548288,1532160,64512,0,49545216,32256.0,64512.0,True
group_32,text_encoder.bert.encoder.layer.9.attention.self.query,linear,72,21,768,768,1,24,605952,622080,75744,1548288,3096576,387072,387072,370944,16128,0,12386304,8064.0,16128.0,True
group_32,text_encoder.bert.encoder.layer.9.attention.self.key,linear,72,21,768,768,1,24,605952,622080,75744,1548288,3096576,387072,387072,370944,16128,0,12386304,8064.0,16128.0,True
group_32,text_encoder.bert.encoder.layer.9.attention.self.value,linear,72,21,768,768,1,24,605952,622080,75744,1548288,3096576,387072,387072,370944,16128,0,12386304,8064.0,16128.0,True
group_32,text_encoder.bert.encoder.layer.9.attention.self,attention_qk,72,21,21,64,12,2,32256,64512,4032,42336,84672,10584,10584,5292,32256,0,338688,220.5,441.0,False
group_32,text_encoder.bert.encoder.layer.9.attention.self,attention_av,72,21,64,21,12,1,21420,42840,4080,64512,129024,16128,16128,0,21420,0,338688,220.5,672.0,False
group_32,text_encoder.bert.encoder.layer.9.attention.output.dense,linear,72,21,768,768,1,24,605952,622080,75744,1548288,3096576,387072,387072,370944,16128,0,12386304,8064.0,16128.0,True
group_32,text_encoder.bert.encoder.layer.9.intermediate.dense,linear,72,21,3072,768,1,24,2375424,2391552,296928,6193152,12386304,1548288,1548288,1483776,16128,0,49545216,32256.0,64512.0,True
group_32,text_encoder.bert.encoder.layer.9.output.dense,linear,72,21,768,3072,1,96,2423808,2488320,302976,6193152,12386304,1548288,1548288,1532160,64512,0,49545216,32256.0,64512.0,True
group_32,text_encoder.bert.encoder.layer.10.attention.self.query,linear,72,21,768,768,1,24,605952,622080,75744,1548288,3096576,387072,387072,370944,16128,0,12386304,8064.0,16128.0,True
group_32,text_encoder.bert.encoder.layer.10.attention.self.key,linear,72,21,768,768,1,24,605952,622080,75744,1548288,3096576,387072,387072,370944,16128,0,12386304,8064.0,16128.0,True
group_32,text_encoder.bert.encoder.layer.10.attention.self.value,linear,72,21,768,768,1,24,605952,622080,75744,1548288,3096576,387072,387072,370944,16128,0,12386304,8064.0,16128.0,True
group_32,text_encoder.bert.encoder.layer.10.attention.self,attention_qk,72,21,21,64,12,2,32256,64512,4032,42336,84672,10584,10584,5292,32256,0,338688,220.5,441.0,False
group_32,text_encoder.bert.encoder.layer.10.attention.self,attention_av,72,21,64,21,12,1,21420,42840,4080,64512,129024,16128,16128,0,21420,0,338688,220.5,672.0,False
group_32,text_encoder.bert.encoder.layer.10.attention.output.dense,linear,72,21,768,768,1,24,605952,622080,75744,1548288,3096576,387072,387072,370944,16128,0,12386304,8064.0,16128.0,True
group_32,text_encoder.bert.encoder.layer.10.intermediate.dense,linear,72,21,3072,768,1,24,2375424,2391552,296928,6193152,12386304,1548288,1548288,1483776,16128,0,49545216,32256.0,64512.0,True
group_32,text_encoder.bert.encoder.layer.10.output.dense,linear,72,21,768,3072,1,96,2423808,2488320,302976,6193152,12386304,1548288,1548288,1532160,64512,0,49545216,32256.0,64512.0,True
group_32,text_encoder.bert.encoder.layer.11.attention.self.query,linear,72,21,768,768,1,24,605952,622080,75744,1548288,3096576,387072,387072,370944,16128,0,12386304,8064.0,16128.0,True
group_32,text_encoder.bert.encoder.layer.11.attention.self.key,linear,72,21,768,768,1,24,605952,622080,75744,1548288,3096576,387072,387072,370944,16128,0,12386304,8064.0,16128.0,True
group_32,text_encoder.bert.encoder.layer.11.attention.self.value,linear,72,21,768,768,1,24,605952,622080,75744,1548288,3096576,387072,387072,370944,16128,0,12386304,8064.0,16128.0,True
group_32,text_encoder.bert.encoder.layer.11.attention.self,attention_qk,72,21,21,64,12,2,32256,64512,4032,42336,84672,10584,10584,5292,32256,0,338688,220.5,441.0,False
group_32,text_encoder.bert.encoder.layer.11.attention.self,attention_av,72,21,64,21,12,1,21420,42840,4080,64512,129024,16128,16128,0,21420,0,338688,220.5,672.0,False
group_32,text_encoder.bert.encoder.layer.11.attention.output.dense,linear,72,21,768,768,1,24,605952,622080,75744,1548288,3096576,387072,387072,370944,16128,0,12386304,8064.0,16128.0,True
group_32,text_encoder.bert.encoder.layer.11.intermediate.dense,linear,72,21,3072,768,1,24,2375424,2391552,296928,6193152,12386304,1548288,1548288,1483776,16128,0,49545216,32256.0,64512.0,True
group_32,text_encoder.bert.encoder.layer.11.output.dense,linear,72,21,768,3072,1,96,2423808,2488320,302976,6193152,12386304,1548288,1548288,1532160,64512,0,49545216,32256.0,64512.0,True
group_32,text_encoder.bert.pooler.dense,linear,144,1,768,768,1,24,590592,591360,73824,73728,147456,18432,18432,17664,768,0,589824,384.0,768.0,True
group_32,text_encoder.text_projection,linear,144,21,256,768,1,24,212736,228864,26592,516096,1032192,129024,129024,123648,16128,0,4128768,2688.0,5376.0,True
group_32,vision_encoder.backbone.embeddings.patch_embeddings,conv2d,288,256,768,768,1,24,786432,983040,98304,18874368,37748736,4718592,4718592,4521984,196608,0,150994944,98304.0,196608.0,True
group_32,vision_encoder.backbone.layer.0.attention.q_proj,linear,288,261,768,768,1,24,790272,990720,98784,19243008,38486016,4810752,4810752,4610304,200448,0,153944064,100224.0,200448.0,True
group_32,vision_encoder.backbone.layer.0.attention.k_proj,linear,288,261,768,768,1,24,790272,990720,98784,19243008,38486016,4810752,4810752,4610304,200448,0,153944064,100224.0,200448.0,True
group_32,vision_encoder.backbone.layer.0.attention.v_proj,linear,288,261,768,768,1,24,790272,990720,98784,19243008,38486016,4810752,4810752,4610304,200448,0,153944064,100224.0,200448.0,True
group_32,vision_encoder.backbone.layer.0.attention,attention_qk,288,261,261,64,12,2,400896,801792,50112,6539616,13079232,1634904,1634904,817452,400896,0,52316928,34060.5,68121.0,False
group_32,vision_encoder.backbone.layer.0.attention,attention_av,288,261,64,261,12,9,1017900,2035800,140400,7216128,14432256,1804032,1804032,1603584,1017900,0,52316928,34060.5,75168.0,False
group_32,vision_encoder.backbone.layer.0.attention.o_proj,linear,288,261,768,768,1,24,790272,990720,98784,19243008,38486016,4810752,4810752,4610304,200448,0,153944064,100224.0,200448.0,True
group_32,vision_encoder.backbone.layer.0.mlp.up_proj,linear,288,261,3072,768,1,24,2559744,2760192,319968,76972032,153944064,19243008,19243008,18441216,200448,0,615776256,400896.0,801792.0,True
group_32,vision_encoder.backbone.layer.0.mlp.down_proj,linear,288,261,768,3072,1,96,3161088,3962880,395136,76972032,153944064,19243008,19243008,19042560,801792,0,615776256,400896.0,801792.0,True
group_32,vision_encoder.backbone.layer.1.attention.q_proj,linear,288,261,768,768,1,24,790272,990720,98784,19243008,38486016,4810752,4810752,4610304,200448,0,153944064,100224.0,200448.0,True
group_32,vision_encoder.backbone.layer.1.attention.k_proj,linear,288,261,768,768,1,24,790272,990720,98784,19243008,38486016,4810752,4810752,4610304,200448,0,153944064,100224.0,200448.0,True
group_32,vision_encoder.backbone.layer.1.attention.v_proj,linear,288,261,768,768,1,24,790272,990720,98784,19243008,38486016,4810752,4810752,4610304,200448,0,153944064,100224.0,200448.0,True
group_32,vision_encoder.backbone.layer.1.attention,attention_qk,288,261,261,64,12,2,400896,801792,50112,6539616,13079232,1634904,1634904,817452,400896,0,52316928,34060.5,68121.0,False
group_32,vision_encoder.backbone.layer.1.attention,attention_av,288,261,64,261,12,9,1017900,2035800,140400,7216128,14432256,1804032,1804032,1603584,1017900,0,52316928,34060.5,75168.0,False
group_32,vision_encoder.backbone.layer.1.attention.o_proj,linear,288,261,768,768,1,24,790272,990720,98784,19243008,38486016,4810752,4810752,4610304,200448,0,153944064,100224.0,200448.0,True
group_32,vision_encoder.backbone.layer.1.mlp.up_proj,linear,288,261,3072,768,1,24,2559744,2760192,319968,76972032,153944064,19243008,19243008,18441216,200448,0,615776256,400896.0,801792.0,True
group_32,vision_encoder.backbone.layer.1.mlp.down_proj,linear,288,261,768,3072,1,96,3161088,3962880,395136,76972032,153944064,19243008,19243008,19042560,801792,0,615776256,400896.0,801792.0,True
group_32,vision_encoder.backbone.layer.2.attention.q_proj,linear,288,261,768,768,1,24,790272,990720,98784,19243008,38486016,4810752,4810752,4610304,200448,0,153944064,100224.0,200448.0,True
group_32,vision_encoder.backbone.layer.2.attention.k_proj,linear,288,261,768,768,1,24,790272,990720,98784,19243008,38486016,4810752,4810752,4610304,200448,0,153944064,100224.0,200448.0,True
group_32,vision_encoder.backbone.layer.2.attention.v_proj,linear,288,261,768,768,1,24,790272,990720,98784,19243008,38486016,4810752,4810752,4610304,200448,0,153944064,100224.0,200448.0,True
group_32,vision_encoder.backbone.layer.2.attention,attention_qk,288,261,261,64,12,2,400896,801792,50112,6539616,13079232,1634904,1634904,817452,400896,0,52316928,34060.5,68121.0,False
group_32,vision_encoder.backbone.layer.2.attention,attention_av,288,261,64,261,12,9,1017900,2035800,140400,7216128,14432256,1804032,1804032,1603584,1017900,0,52316928,34060.5,75168.0,False
group_32,vision_encoder.backbone.layer.2.attention.o_proj,linear,288,261,768,768,1,24,790272,990720,98784,19243008,38486016,4810752,4810752,4610304,200448,0,153944064,100224.0,200448.0,True
group_32,vision_encoder.backbone.layer.2.mlp.up_proj,linear,288,261,3072,768,1,24,2559744,2760192,319968,76972032,153944064,19243008,19243008,18441216,200448,0,615776256,400896.0,801792.0,True
group_32,vision_encoder.backbone.layer.2.mlp.down_proj,linear,288,261,768,3072,1,96,3161088,3962880,395136,76972032,153944064,19243008,19243008,19042560,801792,0,615776256,400896.0,801792.0,True
group_32,vision_encoder.backbone.layer.3.attention.q_proj,linear,288,261,768,768,1,24,790272,990720,98784,19243008,38486016,4810752,4810752,4610304,200448,0,153944064,100224.0,200448.0,True
group_32,vision_encoder.backbone.layer.3.attention.k_proj,linear,288,261,768,768,1,24,790272,990720,98784,19243008,38486016,4810752,4810752,4610304,200448,0,153944064,100224.0,200448.0,True
group_32,vision_encoder.backbone.layer.3.attention.v_proj,linear,288,261,768,768,1,24,790272,990720,98784,19243008,38486016,4810752,4810752,4610304,200448,0,153944064,100224.0,200448.0,True
group_32,vision_encoder.backbone.layer.3.attention,attention_qk,288,261,261,64,12,2,400896,801792,50112,6539616,13079232,1634904,1634904,817452,400896,0,52316928,34060.5,68121.0,False
group_32,vision_encoder.backbone.layer.3.attention,attention_av,288,261,64,261,12,9,1017900,2035800,140400,7216128,14432256,1804032,1804032,1603584,1017900,0,52316928,34060.5,75168.0,False
group_32,vision_encoder.backbone.layer.3.attention.o_proj,linear,288,261,768,768,1,24,790272,990720,98784,19243008,38486016,4810752,4810752,4610304,200448,0,153944064,100224.0,200448.0,True
group_32,vision_encoder.backbone.layer.3.mlp.up_proj,linear,288,261,3072,768,1,24,2559744,2760192,319968,76972032,153944064,19243008,19243008,18441216,200448,0,615776256,400896.0,801792.0,True
group_32,vision_encoder.backbone.layer.3.mlp.down_proj,linear,288,261,768,3072,1,96,3161088,3962880,395136,76972032,153944064,19243008,19243008,19042560,801792,0,615776256,400896.0,801792.0,True
group_32,vision_encoder.backbone.layer.4.attention.q_proj,linear,288,261,768,768,1,24,790272,990720,98784,19243008,38486016,4810752,4810752,4610304,200448,0,153944064,100224.0,200448.0,True
group_32,vision_encoder.backbone.layer.4.attention.k_proj,linear,288,261,768,768,1,24,790272,990720,98784,19243008,38486016,4810752,4810752,4610304,200448,0,153944064,100224.0,200448.0,True
group_32,vision_encoder.backbone.layer.4.attention.v_proj,linear,288,261,768,768,1,24,790272,990720,98784,19243008,38486016,4810752,4810752,4610304,200448,0,153944064,100224.0,200448.0,True
group_32,vision_encoder.backbone.layer.4.attention,attention_qk,288,261,261,64,12,2,400896,801792,50112,6539616,13079232,1634904,1634904,817452,400896,0,52316928,34060.5,68121.0,False
group_32,vision_encoder.backbone.layer.4.attention,attention_av,288,261,64,261,12,9,1017900,2035800,140400,7216128,14432256,1804032,1804032,1603584,1017900,0,52316928,34060.5,75168.0,False
group_32,vision_encoder.backbone.layer.4.attention.o_proj,linear,288,261,768,768,1,24,790272,990720,98784,19243008,38486016,4810752,4810752,4610304,200448,0,153944064,100224.0,200448.0,True
group_32,vision_encoder.backbone.layer.4.mlp.up_proj,linear,288,261,3072,768,1,24,2559744,2760192,319968,76972032,153944064,19243008,19243008,18441216,200448,0,615776256,400896.0,801792.0,True
group_32,vision_encoder.backbone.layer.4.mlp.down_proj,linear,288,261,768,3072,1,96,3161088,3962880,395136,76972032,153944064,19243008,19243008,19042560,801792,0,615776256,400896.0,801792.0,True
group_32,vision_encoder.backbone.layer.5.attention.q_proj,linear,288,261,768,768,1,24,790272,990720,98784,19243008,38486016,4810752,4810752,4610304,200448,0,153944064,100224.0,200448.0,True
group_32,vision_encoder.backbone.layer.5.attention.k_proj,linear,288,261,768,768,1,24,790272,990720,98784,19243008,38486016,4810752,4810752,4610304,200448,0,153944064,100224.0,200448.0,True
group_32,vision_encoder.backbone.layer.5.attention.v_proj,linear,288,261,768,768,1,24,790272,990720,98784,19243008,38486016,4810752,4810752,4610304,200448,0,153944064,100224.0,200448.0,True
group_32,vision_encoder.backbone.layer.5.attention,attention_qk,288,261,261,64,12,2,400896,801792,50112,6539616,13079232,1634904,1634904,817452,400896,0,52316928,34060.5,68121.0,False
group_32,vision_encoder.backbone.layer.5.attention,attention_av,288,261,64,261,12,9,1017900,2035800,140400,7216128,14432256,1804032,1804032,1603584,1017900,0,52316928,34060.5,75168.0,False
group_32,vision_encoder.backbone.layer.5.attention.o_proj,linear,288,261,768,768,1,24,790272,990720,98784,19243008,38486016,4810752,4810752,4610304,200448,0,153944064,100224.0,200448.0,True
group_32,vision_encoder.backbone.layer.5.mlp.up_proj,linear,288,261,3072,768,1,24,2559744,2760192,319968,76972032,153944064,19243008,19243008,18441216,200448,0,615776256,400896.0,801792.0,True
group_32,vision_encoder.backbone.layer.5.mlp.down_proj,linear,288,261,768,3072,1,96,3161088,3962880,395136,76972032,153944064,19243008,19243008,19042560,801792,0,615776256,400896.0,801792.0,True
group_32,vision_encoder.backbone.layer.6.attention.q_proj,linear,288,261,768,768,1,24,790272,990720,98784,19243008,38486016,4810752,4810752,4610304,200448,0,153944064,100224.0,200448.0,True
group_32,vision_encoder.backbone.layer.6.attention.k_proj,linear,288,261,768,768,1,24,790272,990720,98784,19243008,38486016,4810752,4810752,4610304,200448,0,153944064,100224.0,200448.0,True
group_32,vision_encoder.backbone.layer.6.attention.v_proj,linear,288,261,768,768,1,24,790272,990720,98784,19243008,38486016,4810752,4810752,4610304,200448,0,153944064,100224.0,200448.0,True
group_32,vision_encoder.backbone.layer.6.attention,attention_qk,288,261,261,64,12,2,400896,801792,50112,6539616,13079232,1634904,1634904,817452,400896,0,52316928,34060.5,68121.0,False
group_32,vision_encoder.backbone.layer.6.attention,attention_av,288,261,64,261,12,9,1017900,2035800,140400,7216128,14432256,1804032,1804032,1603584,1017900,0,52316928,34060.5,75168.0,False
group_32,vision_encoder.backbone.layer.6.attention.o_proj,linear,288,261,768,768,1,24,790272,990720,98784,19243008,38486016,4810752,4810752,4610304,200448,0,153944064,100224.0,200448.0,True
group_32,vision_encoder.backbone.layer.6.mlp.up_proj,linear,288,261,3072,768,1,24,2559744,2760192,319968,76972032,153944064,19243008,19243008,18441216,200448,0,615776256,400896.0,801792.0,True
group_32,vision_encoder.backbone.layer.6.mlp.down_proj,linear,288,261,768,3072,1,96,3161088,3962880,395136,76972032,153944064,19243008,19243008,19042560,801792,0,615776256,400896.0,801792.0,True
group_32,vision_encoder.backbone.layer.7.attention.q_proj,linear,288,261,768,768,1,24,790272,990720,98784,19243008,38486016,4810752,4810752,4610304,200448,0,153944064,100224.0,200448.0,True
group_32,vision_encoder.backbone.layer.7.attention.k_proj,linear,288,261,768,768,1,24,790272,990720,98784,19243008,38486016,4810752,4810752,4610304,200448,0,153944064,100224.0,200448.0,True
group_32,vision_encoder.backbone.layer.7.attention.v_proj,linear,288,261,768,768,1,24,790272,990720,98784,19243008,38486016,4810752,4810752,4610304,200448,0,153944064,100224.0,200448.0,True
group_32,vision_encoder.backbone.layer.7.attention,attention_qk,288,261,261,64,12,2,400896,801792,50112,6539616,13079232,1634904,1634904,817452,400896,0,52316928,34060.5,68121.0,False
group_32,vision_encoder.backbone.layer.7.attention,attention_av,288,261,64,261,12,9,1017900,2035800,140400,7216128,14432256,1804032,1804032,1603584,1017900,0,52316928,34060.5,75168.0,False
group_32,vision_encoder.backbone.layer.7.attention.o_proj,linear,288,261,768,768,1,24,790272,990720,98784,19243008,38486016,4810752,4810752,4610304,200448,0,153944064,100224.0,200448.0,True
group_32,vision_encoder.backbone.layer.7.mlp.up_proj,linear,288,261,3072,768,1,24,2559744,2760192,319968,76972032,153944064,19243008,19243008,18441216,200448,0,615776256,400896.0,801792.0,True
group_32,vision_encoder.backbone.layer.7.mlp.down_proj,linear,288,261,768,3072,1,96,3161088,3962880,395136,76972032,153944064,19243008,19243008,19042560,801792,0,615776256,400896.0,801792.0,True
group_32,vision_encoder.backbone.layer.8.attention.q_proj,linear,288,261,768,768,1,24,790272,990720,98784,19243008,38486016,4810752,4810752,4610304,200448,0,153944064,100224.0,200448.0,True
group_32,vision_encoder.backbone.layer.8.attention.k_proj,linear,288,261,768,768,1,24,790272,990720,98784,19243008,38486016,4810752,4810752,4610304,200448,0,153944064,100224.0,200448.0,True
group_32,vision_encoder.backbone.layer.8.attention.v_proj,linear,288,261,768,768,1,24,790272,990720,98784,19243008,38486016,4810752,4810752,4610304,200448,0,153944064,100224.0,200448.0,True
group_32,vision_encoder.backbone.layer.8.attention,attention_qk,288,261,261,64,12,2,400896,801792,50112,6539616,13079232,1634904,1634904,817452,400896,0,52316928,34060.5,68121.0,False
group_32,vision_encoder.backbone.layer.8.attention,attention_av,288,261,64,261,12,9,1017900,2035800,140400,7216128,14432256,1804032,1804032,1603584,1017900,0,52316928,34060.5,75168.0,False
group_32,vision_encoder.backbone.layer.8.attention.o_proj,linear,288,261,768,768,1,24,790272,990720,98784,19243008,38486016,4810752,4810752,4610304,200448,0,153944064,100224.0,200448.0,True
group_32,vision_encoder.backbone.layer.8.mlp.up_proj,linear,288,261,3072,768,1,24,2559744,2760192,319968,76972032,153944064,19243008,19243008,18441216,200448,0,615776256,400896.0,801792.0,True
group_32,vision_encoder.backbone.layer.8.mlp.down_proj,linear,288,261,768,3072,1,96,3161088,3962880,395136,76972032,153944064,19243008,19243008,19042560,801792,0,615776256,400896.0,801792.0,True
group_32,vision_encoder.backbone.layer.9.attention.q_proj,linear,288,261,768,768,1,24,790272,990720,98784,19243008,38486016,4810752,4810752,4610304,200448,0,153944064,100224.0,200448.0,True
group_32,vision_encoder.backbone.layer.9.attention.k_proj,linear,288,261,768,768,1,24,790272,990720,98784,19243008,38486016,4810752,4810752,4610304,200448,0,153944064,100224.0,200448.0,True
group_32,vision_encoder.backbone.layer.9.attention.v_proj,linear,288,261,768,768,1,24,790272,990720,98784,19243008,38486016,4810752,4810752,4610304,200448,0,153944064,100224.0,200448.0,True
group_32,vision_encoder.backbone.layer.9.attention,attention_qk,288,261,261,64,12,2,400896,801792,50112,6539616,13079232,1634904,1634904,817452,400896,0,52316928,34060.5,68121.0,False
group_32,vision_encoder.backbone.layer.9.attention,attention_av,288,261,64,261,12,9,1017900,2035800,140400,7216128,14432256,1804032,1804032,1603584,1017900,0,52316928,34060.5,75168.0,False
group_32,vision_encoder.backbone.layer.9.attention.o_proj,linear,288,261,768,768,1,24,790272,990720,98784,19243008,38486016,4810752,4810752,4610304,200448,0,153944064,100224.0,200448.0,True
group_32,vision_encoder.backbone.layer.9.mlp.up_proj,linear,288,261,3072,768,1,24,2559744,2760192,319968,76972032,153944064,19243008,19243008,18441216,200448,0,615776256,400896.0,801792.0,True
group_32,vision_encoder.backbone.layer.9.mlp.down_proj,linear,288,261,768,3072,1,96,3161088,3962880,395136,76972032,153944064,19243008,19243008,19042560,801792,0,615776256,400896.0,801792.0,True
group_32,vision_encoder.backbone.layer.10.attention.q_proj,linear,288,261,768,768,1,24,790272,990720,98784,19243008,38486016,4810752,4810752,4610304,200448,0,153944064,100224.0,200448.0,True
group_32,vision_encoder.backbone.layer.10.attention.k_proj,linear,288,261,768,768,1,24,790272,990720,98784,19243008,38486016,4810752,4810752,4610304,200448,0,153944064,100224.0,200448.0,True
group_32,vision_encoder.backbone.layer.10.attention.v_proj,linear,288,261,768,768,1,24,790272,990720,98784,19243008,38486016,4810752,4810752,4610304,200448,0,153944064,100224.0,200448.0,True
group_32,vision_encoder.backbone.layer.10.attention,attention_qk,288,261,261,64,12,2,400896,801792,50112,6539616,13079232,1634904,1634904,817452,400896,0,52316928,34060.5,68121.0,False
group_32,vision_encoder.backbone.layer.10.attention,attention_av,288,261,64,261,12,9,1017900,2035800,140400,7216128,14432256,1804032,1804032,1603584,1017900,0,52316928,34060.5,75168.0,False
group_32,vision_encoder.backbone.layer.10.attention.o_proj,linear,288,261,768,768,1,24,790272,990720,98784,19243008,38486016,4810752,4810752,4610304,200448,0,153944064,100224.0,200448.0,True
group_32,vision_encoder.backbone.layer.10.mlp.up_proj,linear,288,261,3072,768,1,24,2559744,2760192,319968,76972032,153944064,19243008,19243008,18441216,200448,0,615776256,400896.0,801792.0,True
group_32,vision_encoder.backbone.layer.10.mlp.down_proj,linear,288,261,768,3072,1,96,3161088,3962880,395136,76972032,153944064,19243008,19243008,19042560,801792,0,615776256,400896.0,801792.0,True
group_32,vision_encoder.backbone.layer.11.attention.q_proj,linear,288,261,768,768,1,24,790272,990720,98784,19243008,38486016,4810752,4810752,4610304,200448,0,153944064,100224.0,200448.0,True
group_32,vision_encoder.backbone.layer.11.attention.k_proj,linear,288,261,768,768,1,24,790272,990720,98784,19243008,38486016,4810752,4810752,4610304,200448,0,153944064,100224.0,200448.0,True
group_32,vision_encoder.backbone.layer.11.attention.v_proj,linear,288,261,768,768,1,24,790272,990720,98784,19243008,38486016,4810752,4810752,4610304,200448,0,153944064,100224.0,200448.0,True
group_32,vision_encoder.backbone.layer.11.attention,attention_qk,288,261,261,64,12,2,400896,801792,50112,6539616,13079232,1634904,1634904,817452,400896,0,52316928,34060.5,68121.0,False
group_32,vision_encoder.backbone.layer.11.attention,attention_av,288,261,64,261,12,9,1017900,2035800,140400,7216128,14432256,1804032,1804032,1603584,1017900,0,52316928,34060.5,75168.0,False
group_32,vision_encoder.backbone.layer.11.attention.o_proj,linear,288,261,768,768,1,24,790272,990720,98784,19243008,38486016,4810752,4810752,4610304,200448,0,153944064,100224.0,200448.0,True
group_32,vision_encoder.backbone.layer.11.mlp.up_proj,linear,288,261,3072,768,1,24,2559744,2760192,319968,76972032,153944064,19243008,19243008,18441216,200448,0,615776256,400896.0,801792.0,True
group_32,vision_encoder.backbone.layer.11.mlp.down_proj,linear,288,261,768,3072,1,96,3161088,3962880,395136,76972032,153944064,19243008,19243008,19042560,801792,0,615776256,400896.0,801792.0,True
group_32,vision_projection.skip,linear,144,256,256,768,2,24,589824,983040,73728,12582912,25165824,3145728,3145728,3014656,393216,0,100663296,65536.0,131072.0,True
group_32,vision_projection.mlp.0,linear,144,256,1024,768,2,24,1179648,1572864,147456,50331648,100663296,12582912,12582912,12058624,393216,0,402653184,262144.0,524288.0,True
group_32,vision_projection.mlp.3,linear,144,256,256,1024,2,32,786432,1310720,98304,16777216,33554432,4194304,4194304,4063232,524288,0,134217728,87381.33333333333,174762.66666666666,True
group_32,vision_language_interaction.fusion_layers.0.attn.v_proj,linear,144,512,1024,256,1,8,393216,524288,49152,16777216,33554432,4194304,4194304,3670016,131072,0,134217728,87381.33333333333,174762.66666666666,True
group_32,vision_language_interaction.fusion_layers.0.attn.l_proj,linear,144,21,1024,256,1,8,267520,272896,33440,688128,1376256,172032,172032,150528,5376,0,5505024,3584.0,7168.0,True
group_32,vision_language_interaction.fusion_layers.0.attn.values_v_proj,linear,144,512,1024,256,1,8,393216,524288,49152,16777216,33554432,4194304,4194304,3670016,131072,0,134217728,87381.33333333333,174762.66666666666,True
group_32,vision_language_interaction.fusion_layers.0.attn.values_l_proj,linear,144,21,1024,256,1,8,267520,272896,33440,688128,1376256,172032,172032,150528,5376,0,5505024,3584.0,7168.0,True
group_32,vision_language_interaction.fusion_layers.0.attn,bmm,144,512,21,256,4,8,545792,1091584,68224,1376256,2752512,344064,344064,301056,545792,0,11010048,7168.0,14336.0,False
group_32,vision_language_interaction.fusion_layers.0.attn,bmm,144,512,256,21,4,1,64512,129024,12288,2097152,4194304,524288,524288,0,64512,0,11010048,7168.0,21845.333333333332,False
group_32,vision_language_interaction.fusion_layers.0.attn,bmm,144,21,256,512,4,16,567296,1134592,70912,1376256,2752512,344064,344064,322560,567296,0,11010048,7168.0,14336.0,False
group_32,vision_language_interaction.fusion_layers.0.attn.out_v_proj,linear,144,512,256,1024,1,32,786432,1310720,98304,16777216,33554432,4194304,4194304,4063232,524288,0,134217728,87381.33333333333,174762.66666666666,True
group_32,vision_language_interaction.fusion_layers.0.attn.out_l_proj,linear,144,21,256,1024,1,32,283648,305152,35456,688128,1376256,172032,172032,166656,21504,0,5505024,3584.0,7168.0,True
group_32,vision_language_interaction.text_layers.0.self_attn,linear,144,1,768,256,21,8,201984,207360,25248,516096,1032192,129024,129024,112896,5376,0,4128768,2688.0,5376.0,True
group_32,vision_language_interaction.text_layers.0.self_attn,baddbmm,144,21,21,64,4,2,10752,21504,1344,14112,28224,3528,3528,1764,10752,0,112896,73.5,147.0,False
group_32,vision_language_interaction.text_layers.0.self_attn,bmm,144,21,64,21,4,1,7140,14280,1360,21504,43008,5376,5376,0,7140,0,112896,73.5,224.0,False
group_32,vision_language_interaction.text_layers.0.self_attn,linear,144,21,256,256,1,8,70912,76288,8864,172032,344064,43008,43008,37632,5376,0,1376256,896.0,1792.0,True
group_32,vision_language_interaction.text_layers.0.linear1,linear,144,1,1024,256,21,8,267520,272896,33440,688128,1376256,172032,172032,150528,5376,0,5505024,3584.0,7168.0,True
group_32,vision_language_interaction.text_layers.0.linear2,linear,144,1,256,1024,21,32,283648,305152,35456,688128,1376256,172032,172032,166656,21504,0,5505024,3584.0,7168.0,True
group_32,vision_language_interaction.fusion_layers.1.attn.v_proj,linear,144,512,1024,256,1,8,393216,524288,49152,16777216,33554432,4194304,4194304,3670016,131072,0,134217728,87381.33333333333,174762.66666666666,True
group_32,vision_language_interaction.fusion_layers.1.attn.l_proj,linear,144,21,1024,256,1,8,267520,272896,33440,688128,1376256,172032,172032,150528,5376,0,5505024,3584.0,7168.0,True
group_32,vision_language_interaction.fusion_layers.1.attn.values_v_proj,linear,144,512,1024,256,1,8,393216,524288,49152,16777216,33554432,4194304,4194304,3670016,131072,0,134217728,87381.33333333333,174762.66666666666,True
group_32,vision_language_interaction.fusion_layers.1.attn.values_l_proj,linear,144,21,1024,256,1,8,267520,272896,33440,688128,1376256,172032,172032,150528,5376,0,5505024,3584.0,7168.0,True
group_32,vision_language_interaction.fusion_layers.1.attn,bmm,144,512,21,256,4,8,545792,1091584,68224,1376256,2752512,344064,344064,301056,545792,0,11010048,7168.0,14336.0,False
group_32,vision_language_interaction.fusion_layers.1.attn,bmm,144,512,256,21,4,1,64512,129024,12288,2097152,4194304,524288,524288,0,64512,0,11010048,7168.0,21845.333333333332,False
group_32,vision_language_interaction.fusion_layers.1.attn,bmm,144,21,256,512,4,16,567296,1134592,70912,1376256,2752512,344064,344064,322560,567296,0,11010048,7168.0,14336.0,False
group_32,vision_language_interaction.fusion_layers.1.attn.out_v_proj,linear,144,512,256,1024,1,32,786432,1310720,98304,16777216,33554432,4194304,4194304,4063232,524288,0,134217728,87381.33333333333,174762.66666666666,True
group_32,vision_language_interaction.fusion_layers.1.attn.out_l_proj,linear,144,21,256,1024,1,32,283648,305152,35456,688128,1376256,172032,172032,166656,21504,0,5505024,3584.0,7168.0,True
group_32,vision_language_interaction.text_layers.1.self_attn,linear,144,1,768,256,21,8,201984,207360,25248,516096,1032192,129024,129024,112896,5376,0,4128768,2688.0,5376.0,True
group_32,vision_language_interaction.text_layers.1.self_attn,baddbmm,144,21,21,64,4,2,10752,21504,1344,14112,28224,3528,3528,1764,10752,0,112896,73.5,147.0,False
group_32,vision_language_interaction.text_layers.1.self_attn,bmm,144,21,64,21,4,1,7140,14280,1360,21504,43008,5376,5376,0,7140,0,112896,73.5,224.0,False
group_32,vision_language_interaction.text_layers.1.self_attn,linear,144,21,256,256,1,8,70912,76288,8864,172032,344064,43008,43008,37632,5376,0,1376256,896.0,1792.0,True
group_32,vision_language_interaction.text_layers.1.linear1,linear,144,1,1024,256,21,8,267520,272896,33440,688128,1376256,172032,172032,150528,5376,0,5505024,3584.0,7168.0,True
group_32,vision_language_interaction.text_layers.1.linear2,linear,144,1,256,1024,21,32,283648,305152,35456,688128,1376256,172032,172032,166656,21504,0,5505024,3584.0,7168.0,True
group_32,vision_language_interaction.fusion_layers.2.attn.v_proj,linear,144,512,1024,256,1,8,393216,524288,49152,16777216,33554432,4194304,4194304,3670016,131072,0,134217728,87381.33333333333,174762.66666666666,True
group_32,vision_language_interaction.fusion_layers.2.attn.l_proj,linear,144,21,1024,256,1,8,267520,272896,33440,688128,1376256,172032,172032,150528,5376,0,5505024,3584.0,7168.0,True
group_32,vision_language_interaction.fusion_layers.2.attn.values_v_proj,linear,144,512,1024,256,1,8,393216,524288,49152,16777216,33554432,4194304,4194304,3670016,131072,0,134217728,87381.33333333333,174762.66666666666,True
group_32,vision_language_interaction.fusion_layers.2.attn.values_l_proj,linear,144,21,1024,256,1,8,267520,272896,33440,688128,1376256,172032,172032,150528,5376,0,5505024,3584.0,7168.0,True
group_32,vision_language_interaction.fusion_layers.2.attn,bmm,144,512,21,256,4,8,545792,1091584,68224,1376256,2752512,344064,344064,301056,545792,0,11010048,7168.0,14336.0,False
group_32,vision_language_interaction.fusion_layers.2.attn,bmm,144,512,256,21,4,1,64512,129024,12288,2097152,4194304,524288,524288,0,64512,0,11010048,7168.0,21845.333333333332,False
group_32,vision_language_interaction.fusion_layers.2.attn,bmm,144,21,256,512,4,16,567296,1134592,70912,1376256,2752512,344064,344064,322560,567296,0,11010048,7168.0,14336.0,False
group_32,vision_language_interaction.fusion_layers.2.attn.out_v_proj,linear,144,512,256,1024,1,32,786432,1310720,98304,16777216,33554432,4194304,4194304,4063232,524288,0,134217728,87381.33333333333,174762.66666666666,True
group_32,vision_language_interaction.fusion_layers.2.attn.out_l_proj,linear,144,21,256,1024,1,32,283648,305152,35456,688128,1376256,172032,172032,166656,21504,0,5505024,3584.0,7168.0,True
group_32,vision_language_interaction.text_layers.2.self_attn,linear,144,1,768,256,21,8,201984,207360,25248,516096,1032192,129024,129024,112896,5376,0,4128768,2688.0,5376.0,True
group_32,vision_language_interaction.text_layers.2.self_attn,baddbmm,144,21,21,64,4,2,10752,21504,1344,14112,28224,3528,3528,1764,10752,0,112896,73.5,147.0,False
group_32,vision_language_interaction.text_layers.2.self_attn,bmm,144,21,64,21,4,1,7140,14280,1360,21504,43008,5376,5376,0,7140,0,112896,73.5,224.0,False
group_32,vision_language_interaction.text_layers.2.self_attn,linear,144,21,256,256,1,8,70912,76288,8864,172032,344064,43008,43008,37632,5376,0,1376256,896.0,1792.0,True
group_32,vision_language_interaction.text_layers.2.linear1,linear,144,1,1024,256,21,8,267520,272896,33440,688128,1376256,172032,172032,150528,5376,0,5505024,3584.0,7168.0,True
group_32,vision_language_interaction.text_layers.2.linear2,linear,144,1,256,1024,21,32,283648,305152,35456,688128,1376256,172032,172032,166656,21504,0,5505024,3584.0,7168.0,True
group_32,vision_language_interaction.fusion_layers.3.attn.v_proj,linear,144,512,1024,256,1,8,393216,524288,49152,16777216,33554432,4194304,4194304,3670016,131072,0,134217728,87381.33333333333,174762.66666666666,True
group_32,vision_language_interaction.fusion_layers.3.attn.l_proj,linear,144,21,1024,256,1,8,267520,272896,33440,688128,1376256,172032,172032,150528,5376,0,5505024,3584.0,7168.0,True
group_32,vision_language_interaction.fusion_layers.3.attn.values_v_proj,linear,144,512,1024,256,1,8,393216,524288,49152,16777216,33554432,4194304,4194304,3670016,131072,0,134217728,87381.33333333333,174762.66666666666,True
group_32,vision_language_interaction.fusion_layers.3.attn.values_l_proj,linear,144,21,1024,256,1,8,267520,272896,33440,688128,1376256,172032,172032,150528,5376,0,5505024,3584.0,7168.0,True
group_32,vision_language_interaction.fusion_layers.3.attn,bmm,144,512,21,256,4,8,545792,1091584,68224,1376256,2752512,344064,344064,301056,545792,0,11010048,7168.0,14336.0,False
group_32,vision_language_interaction.fusion_layers.3.attn,bmm,144,512,256,21,4,1,64512,129024,12288,2097152,4194304,524288,524288,0,64512,0,11010048,7168.0,21845.333333333332,False
group_32,vision_language_interaction.fusion_layers.3.attn,bmm,144,21,256,512,4,16,567296,1134592,70912,1376256,2752512,344064,344064,322560,567296,0,11010048,7168.0,14336.0,False
group_32,vision_language_interaction.fusion_layers.3.attn.out_v_proj,linear,144,512,256,1024,1,32,786432,1310720,98304,16777216,33554432,4194304,4194304,4063232,524288,0,134217728,87381.33333333333,174762.66666666666,True
group_32,vision_language_interaction.fusion_layers.3.attn.out_l_proj,linear,144,21,256,1024,1,32,283648,305152,35456,688128,1376256,172032,172032,166656,21504,0,5505024,3584.0,7168.0,True
group_32,vision_language_interaction.text_layers.3.self_attn,linear,144,1,768,256,21,8,201984,207360,25248,516096,1032192,129024,129024,112896,5376,0,4128768,2688.0,5376.0,True
group_32,vision_language_interaction.text_layers.3.self_attn,baddbmm,144,21,21,64,4,2,10752,21504,1344,14112,28224,3528,3528,1764,10752,0,112896,73.5,147.0,False
group_32,vision_language_interaction.text_layers.3.self_attn,bmm,144,21,64,21,4,1,7140,14280,1360,21504,43008,5376,5376,0,7140,0,112896,73.5,224.0,False
group_32,vision_language_interaction.text_layers.3.self_attn,linear,144,21,256,256,1,8,70912,76288,8864,172032,344064,43008,43008,37632,5376,0,1376256,896.0,1792.0,True
group_32,vision_language_interaction.text_layers.3.linear1,linear,144,1,1024,256,21,8,267520,272896,33440,688128,1376256,172032,172032,150528,5376,0,5505024,3584.0,7168.0,True
group_32,vision_language_interaction.text_layers.3.linear2,linear,144,1,256,1024,21,32,283648,305152,35456,688128,1376256,172032,172032,166656,21504,0,5505024,3584.0,7168.0,True
group_32,vision_language_interaction.fusion_layers.4.attn.v_proj,linear,144,512,1024,256,1,8,393216,524288,49152,16777216,33554432,4194304,4194304,3670016,131072,0,134217728,87381.33333333333,174762.66666666666,True
group_32,vision_language_interaction.fusion_layers.4.attn.l_proj,linear,144,21,1024,256,1,8,267520,272896,33440,688128,1376256,172032,172032,150528,5376,0,5505024,3584.0,7168.0,True
group_32,vision_language_interaction.fusion_layers.4.attn.values_v_proj,linear,144,512,1024,256,1,8,393216,524288,49152,16777216,33554432,4194304,4194304,3670016,131072,0,134217728,87381.33333333333,174762.66666666666,True
group_32,vision_language_interaction.fusion_layers.4.attn.values_l_proj,linear,144,21,1024,256,1,8,267520,272896,33440,688128,1376256,172032,172032,150528,5376,0,5505024,3584.0,7168.0,True
group_32,vision_language_interaction.fusion_layers.4.attn,bmm,144,512,21,256,4,8,545792,1091584,68224,1376256,2752512,344064,344064,301056,545792,0,11010048,7168.0,14336.0,False
group_32,vision_language_interaction.fusion_layers.4.attn,bmm,144,512,256,21,4,1,64512,129024,12288,2097152,4194304,524288,524288,0,64512,0,11010048,7168.0,21845.333333333332,False
group_32,vision_language_interaction.fusion_layers.4.attn,bmm,144,21,256,512,4,16,567296,1134592,70912,1376256,2752512,344064,344064,322560,567296,0,11010048,7168.0,14336.0,False
group_32,vision_language_interaction.fusion_layers.4.attn.out_v_proj,linear,144,512,256,1024,1,32,786432,1310720,98304,16777216,33554432,4194304,4194304,4063232,524288,0,134217728,87381.33333333333,174762.66666666666,True
group_32,vision_language_interaction.fusion_layers.4.attn.out_l_proj,linear,144,21,256,1024,1,32,283648,305152,35456,688128,1376256,172032,172032,166656,21504,0,5505024,3584.0,7168.0,True
group_32,vision_language_interaction.text_layers.4.self_attn,linear,144,1,768,256,21,8,201984,207360,25248,516096,1032192,129024,129024,112896,5376,0,4128768,2688.0,5376.0,True
group_32,vision_language_interaction.text_layers.4.self_attn,baddbmm,144,21,21,64,4,2,10752,21504,1344,14112,28224,3528,3528,1764,10752,0,112896,73.5,147.0,False
group_32,vision_language_interaction.text_layers.4.self_attn,bmm,144,21,64,21,4,1,7140,14280,1360,21504,43008,5376,5376,0,7140,0,112896,73.5,224.0,False
group_32,vision_language_interaction.text_layers.4.self_attn,linear,144,21,256,256,1,8,70912,76288,8864,172032,344064,43008,43008,37632,5376,0,1376256,896.0,1792.0,True
group_32,vision_language_interaction.text_layers.4.linear1,linear,144,1,1024,256,21,8,267520,272896,33440,688128,1376256,172032,172032,150528,5376,0,5505024,3584.0,7168.0,True
group_32,vision_language_interaction.text_layers.4.linear2,linear,144,1,256,1024,21,32,283648,305152,35456,688128,1376256,172032,172032,166656,21504,0,5505024,3584.0,7168.0,True
group_32,vision_language_interaction.fusion_layers.5.attn.v_proj,linear,144,512,1024,256,1,8,393216,524288,49152,16777216,33554432,4194304,4194304,3670016,131072,0,134217728,87381.33333333333,174762.66666666666,True
group_32,vision_language_interaction.fusion_layers.5.attn.l_proj,linear,144,21,1024,256,1,8,267520,272896,33440,688128,1376256,172032,172032,150528,5376,0,5505024,3584.0,7168.0,True
group_32,vision_language_interaction.fusion_layers.5.attn.values_v_proj,linear,144,512,1024,256,1,8,393216,524288,49152,16777216,33554432,4194304,4194304,3670016,131072,0,134217728,87381.33333333333,174762.66666666666,True
group_32,vision_language_interaction.fusion_layers.5.attn.values_l_proj,linear,144,21,1024,256,1,8,267520,272896,33440,688128,1376256,172032,172032,150528,5376,0,5505024,3584.0,7168.0,True
group_32,vision_language_interaction.fusion_layers.5.attn,bmm,144,512,21,256,4,8,545792,1091584,68224,1376256,2752512,344064,344064,301056,545792,0,11010048,7168.0,14336.0,False
group_32,vision_language_interaction.fusion_layers.5.attn,bmm,144,512,256,21,4,1,64512,129024,12288,2097152,4194304,524288,524288,0,64512,0,11010048,7168.0,21845.333333333332,False
group_32,vision_language_interaction.fusion_layers.5.attn,bmm,144,21,256,512,4,16,567296,1134592,70912,1376256,2752512,344064,344064,322560,567296,0,11010048,7168.0,14336.0,False
group_32,vision_language_interaction.fusion_layers.5.attn.out_v_proj,linear,144,512,256,1024,1,32,786432,1310720,98304,16777216,33554432,4194304,4194304,4063232,524288,0,134217728,87381.33333333333,174762.66666666666,True
group_32,vision_language_interaction.fusion_layers.5.attn.out_l_proj,linear,144,21,256,1024,1,32,283648,305152,35456,688128,1376256,172032,172032,166656,21504,0,5505024,3584.0,7168.0,True
group_32,vision_language_interaction.text_layers.5.self_attn,linear,144,1,768,256,21,8,201984,207360,25248,516096,1032192,129024,129024,112896,5376,0,4128768,2688.0,5376.0,True
group_32,vision_language_interaction.text_layers.5.self_attn,baddbmm,144,21,21,64,4,2,10752,21504,1344,14112,28224,3528,3528,1764,10752,0,112896,73.5,147.0,False
group_32,vision_language_interaction.text_layers.5.self_attn,bmm,144,21,64,21,4,1,7140,14280,1360,21504,43008,5376,5376,0,7140,0,112896,73.5,224.0,False
group_32,vision_language_interaction.text_layers.5.self_attn,linear,144,21,256,256,1,8,70912,76288,8864,172032,344064,43008,43008,37632,5376,0,1376256,896.0,1792.0,True
group_32,vision_language_interaction.text_layers.5.linear1,linear,144,1,1024,256,21,8,267520,272896,33440,688128,1376256,172032,172032,150528,5376,0,5505024,3584.0,7168.0,True
group_32,vision_language_interaction.text_layers.5.linear2,linear,144,1,256,1024,21,32,283648,305152,35456,688128,1376256,172032,172032,166656,21504,0,5505024,3584.0,7168.0,True
group_32,action_head.state_projection.net.1,linear,144,1,256,8,1,1,2056,2064,1028,1024,2048,256,256,0,8,0,2048,1.3333333333333333,10.666666666666666,True
group_32,action_head.state_projection.net.4,linear,144,1,512,256,1,8,131328,131584,16416,16384,32768,4096,4096,3584,256,0,131072,85.33333333333333,170.66666666666666,True
group_32,action_head.decoder.decoder.layers.0.self_attn,linear,144,1,768,256,12,8,199680,202752,24960,294912,589824,73728,73728,64512,3072,0,2359296,1536.0,3072.0,True
group_32,action_head.decoder.decoder.layers.0.self_attn,attention_qk,144,12,12,32,8,1,6144,12288,768,4608,9216,1152,1152,0,6144,0,36864,24.0,48.0,False
group_32,action_head.decoder.decoder.layers.0.self_attn,attention_av,144,12,32,12,8,1,4224,8448,1408,12288,24576,3072,3072,0,4224,0,36864,24.0,128.0,False
group_32,action_head.decoder.decoder.layers.0.self_attn,linear,144,12,256,256,1,8,68608,71680,8576,98304,196608,24576,24576,21504,3072,0,786432,512.0,1024.0,True
group_32,action_head.decoder.decoder.layers.0.multihead_attn,linear,144,1,256,256,12,8,68608,71680,8576,98304,196608,24576,24576,21504,3072,0,786432,512.0,1024.0,True
group_32,action_head.decoder.decoder.layers.0.multihead_attn,linear,144,1,512,256,535,8,268032,404992,33504,8765440,17530880,2191360,2191360,1917440,136960,0,70123520,45653.333333333336,91306.66666666667,True
group_32,action_head.decoder.decoder.layers.0.multihead_attn,attention_qk,144,12,535,32,8,1,140032,280064,17504,205440,410880,51360,51360,0,140032,0,1643520,1070.0,2140.0,False
group_32,action_head.decoder.decoder.layers.0.multihead_attn,attention_av,144,12,32,535,8,17,188320,376640,23936,208896,417792,52224,52224,49152,188320,0,1643520,1070.0,2176.0,False
group_32,action_head.decoder.decoder.layers.0.multihead_attn,linear,144,12,256,256,1,8,68608,71680,8576,98304,196608,24576,24576,21504,3072,0,786432,512.0,1024.0,True
group_32,action_head.decoder.decoder.layers.0.linear1,linear,144,12,2048,256,1,8,527360,530432,65920,786432,1572864,196608,196608,172032,3072,0,6291456,4096.0,8192.0,True
group_32,action_head.decoder.decoder.layers.0.linear2,linear,144,12,256,2048,1,64,548864,573440,68608,786432,1572864,196608,196608,193536,24576,0,6291456,4096.0,8192.0,True
group_32,action_head.decoder.decoder.layers.1.self_attn,linear,144,1,768,256,12,8,199680,202752,24960,294912,589824,73728,73728,64512,3072,0,2359296,1536.0,3072.0,True
group_32,action_head.decoder.decoder.layers.1.self_attn,attention_qk,144,12,12,32,8,1,6144,12288,768,4608,9216,1152,1152,0,6144,0,36864,24.0,48.0,False
group_32,action_head.decoder.decoder.layers.1.self_attn,attention_av,144,12,32,12,8,1,4224,8448,1408,12288,24576,3072,3072,0,4224,0,36864,24.0,128.0,False
group_32,action_head.decoder.decoder.layers.1.self_attn,linear,144,12,256,256,1,8,68608,71680,8576,98304,196608,24576,24576,21504,3072,0,786432,512.0,1024.0,True
group_32,action_head.decoder.decoder.layers.1.multihead_attn,linear,144,1,256,256,12,8,68608,71680,8576,98304,196608,24576,24576,21504,3072,0,786432,512.0,1024.0,True
group_32,action_head.decoder.decoder.layers.1.multihead_attn,linear,144,1,512,256,535,8,268032,404992,33504,8765440,17530880,2191360,2191360,1917440,136960,0,70123520,45653.333333333336,91306.66666666667,True
group_32,action_head.decoder.decoder.layers.1.multihead_attn,attention_qk,144,12,535,32,8,1,140032,280064,17504,205440,410880,51360,51360,0,140032,0,1643520,1070.0,2140.0,False
group_32,action_head.decoder.decoder.layers.1.multihead_attn,attention_av,144,12,32,535,8,17,188320,376640,23936,208896,417792,52224,52224,49152,188320,0,1643520,1070.0,2176.0,False
group_32,action_head.decoder.decoder.layers.1.multihead_attn,linear,144,12,256,256,1,8,68608,71680,8576,98304,196608,24576,24576,21504,3072,0,786432,512.0,1024.0,True
group_32,action_head.decoder.decoder.layers.1.linear1,linear,144,12,2048,256,1,8,527360,530432,65920,786432,1572864,196608,196608,172032,3072,0,6291456,4096.0,8192.0,True
group_32,action_head.decoder.decoder.layers.1.linear2,linear,144,12,256,2048,1,64,548864,573440,68608,786432,1572864,196608,196608,193536,24576,0,6291456,4096.0,8192.0,True
group_32,action_head.decoder.decoder.layers.2.self_attn,linear,144,1,768,256,12,8,199680,202752,24960,294912,589824,73728,73728,64512,3072,0,2359296,1536.0,3072.0,True
group_32,action_head.decoder.decoder.layers.2.self_attn,attention_qk,144,12,12,32,8,1,6144,12288,768,4608,9216,1152,1152,0,6144,0,36864,24.0,48.0,False
group_32,action_head.decoder.decoder.layers.2.self_attn,attention_av,144,12,32,12,8,1,4224,8448,1408,12288,24576,3072,3072,0,4224,0,36864,24.0,128.0,False
group_32,action_head.decoder.decoder.layers.2.self_attn,linear,144,12,256,256,1,8,68608,71680,8576,98304,196608,24576,24576,21504,3072,0,786432,512.0,1024.0,True
group_32,action_head.decoder.decoder.layers.2.multihead_attn,linear,144,1,256,256,12,8,68608,71680,8576,98304,196608,24576,24576,21504,3072,0,786432,512.0,1024.0,True
group_32,action_head.decoder.decoder.layers.2.multihead_attn,linear,144,1,512,256,535,8,268032,404992,33504,8765440,17530880,2191360,2191360,1917440,136960,0,70123520,45653.333333333336,91306.66666666667,True
group_32,action_head.decoder.decoder.layers.2.multihead_attn,attention_qk,144,12,535,32,8,1,140032,280064,17504,205440,410880,51360,51360,0,140032,0,1643520,1070.0,2140.0,False
group_32,action_head.decoder.decoder.layers.2.multihead_attn,attention_av,144,12,32,535,8,17,188320,376640,23936,208896,417792,52224,52224,49152,188320,0,1643520,1070.0,2176.0,False
group_32,action_head.decoder.decoder.layers.2.multihead_attn,linear,144,12,256,256,1,8,68608,71680,8576,98304,196608,24576,24576,21504,3072,0,786432,512.0,1024.0,True
group_32,action_head.decoder.decoder.layers.2.linear1,linear,144,12,2048,256,1,8,527360,530432,65920,786432,1572864,196608,196608,172032,3072,0,6291456,4096.0,8192.0,True
group_32,action_head.decoder.decoder.layers.2.linear2,linear,144,12,256,2048,1,64,548864,573440,68608,786432,1572864,196608,196608,193536,24576,0,6291456,4096.0,8192.0,True
group_32,action_head.decoder.action_projection.layers.0,linear,144,12,512,256,1,8,134144,137216,16768,196608,393216,49152,49152,43008,3072,0,1572864,1024.0,2048.0,True
group_32,action_head.decoder.action_projection.layers.1,linear,144,12,512,512,1,16,268288,274432,33536,393216,786432,98304,98304,92160,6144,0,3145728,2048.0,4096.0,True
group_32,action_head.decoder.action_projection.layers.2,linear,144,12,7,512,1,16,9728,15872,1216,5376,10752,1344,1344,1260,6144,0,43008,28.0,56.0,True
group_32,text_encoder.bert.encoder.layer.0.attention.self.query,linear,36,11,768,768,1,24,598272,606720,74784,811008,1622016,202752,202752,194304,8448,0,6488064,4224.0,8448.0,True
group_32,text_encoder.bert.encoder.layer.0.attention.self.key,linear,36,11,768,768,1,24,598272,606720,74784,811008,1622016,202752,202752,194304,8448,0,6488064,4224.0,8448.0,True
group_32,text_encoder.bert.encoder.layer.0.attention.self.value,linear,36,11,768,768,1,24,598272,606720,74784,811008,1622016,202752,202752,194304,8448,0,6488064,4224.0,8448.0,True
group_32,text_encoder.bert.encoder.layer.0.attention.self,attention_qk,36,11,11,64,12,2,16896,33792,2112,11616,23232,2904,2904,1452,16896,0,92928,60.5,121.0,False
group_32,text_encoder.bert.encoder.layer.0.attention.self,attention_av,36,11,64,11,12,1,9900,19800,3600,33792,67584,8448,8448,0,9900,0,92928,60.5,352.0,False
group_32,text_encoder.bert.encoder.layer.0.attention.output.dense,linear,36,11,768,768,1,24,598272,606720,74784,811008,1622016,202752,202752,194304,8448,0,6488064,4224.0,8448.0,True
group_32,text_encoder.bert.encoder.layer.0.intermediate.dense,linear,36,11,3072,768,1,24,2367744,2376192,295968,3244032,6488064,811008,811008,777216,8448,0,25952256,16896.0,33792.0,True
group_32,text_encoder.bert.encoder.layer.0.output.dense,linear,36,11,768,3072,1,96,2393088,2426880,299136,3244032,6488064,811008,811008,802560,33792,0,25952256,16896.0,33792.0,True
group_32,text_encoder.bert.encoder.layer.1.attention.self.query,linear,36,11,768,768,1,24,598272,606720,74784,811008,1622016,202752,202752,194304,8448,0,6488064,4224.0,8448.0,True
group_32,text_encoder.bert.encoder.layer.1.attention.self.key,linear,36,11,768,768,1,24,598272,606720,74784,811008,1622016,202752,202752,194304,8448,0,6488064,4224.0,8448.0,True
group_32,text_encoder.bert.encoder.layer.1.attention.self.value,linear,36,11,768,768,1,24,598272,606720,74784,811008,1622016,202752,202752,194304,8448,0,6488064,4224.0,8448.0,True
group_32,text_encoder.bert.encoder.layer.1.attention.self,attention_qk,36,11,11,64,12,2,16896,33792,2112,11616,23232,2904,2904,1452,16896,0,92928,60.5,121.0,False
group_32,text_encoder.bert.encoder.layer.1.attention.self,attention_av,36,11,64,11,12,1,9900,19800,3600,33792,67584,8448,8448,0,9900,0,92928,60.5,352.0,False
group_32,text_encoder.bert.encoder.layer.1.attention.output.dense,linear,36,11,768,768,1,24,598272,606720,74784,811008,1622016,202752,202752,194304,8448,0,6488064,4224.0,8448.0,True
group_32,text_encoder.bert.encoder.layer.1.intermediate.dense,linear,36,11,3072,768,1,24,2367744,2376192,295968,3244032,6488064,811008,811008,777216,8448,0,25952256,16896.0,33792.0,True
group_32,text_encoder.bert.encoder.layer.1.output.dense,linear,36,11,768,3072,1,96,2393088,2426880,299136,3244032,6488064,811008,811008,802560,33792,0,25952256,16896.0,33792.0,True
group_32,text_encoder.bert.encoder.layer.2.attention.self.query,linear,36,11,768,768,1,24,598272,606720,74784,811008,1622016,202752,202752,194304,8448,0,6488064,4224.0,8448.0,True
group_32,text_encoder.bert.encoder.layer.2.attention.self.key,linear,36,11,768,768,1,24,598272,606720,74784,811008,1622016,202752,202752,194304,8448,0,6488064,4224.0,8448.0,True
group_32,text_encoder.bert.encoder.layer.2.attention.self.value,linear,36,11,768,768,1,24,598272,606720,74784,811008,1622016,202752,202752,194304,8448,0,6488064,4224.0,8448.0,True
group_32,text_encoder.bert.encoder.layer.2.attention.self,attention_qk,36,11,11,64,12,2,16896,33792,2112,11616,23232,2904,2904,1452,16896,0,92928,60.5,121.0,False
group_32,text_encoder.bert.encoder.layer.2.attention.self,attention_av,36,11,64,11,12,1,9900,19800,3600,33792,67584,8448,8448,0,9900,0,92928,60.5,352.0,False
group_32,text_encoder.bert.encoder.layer.2.attention.output.dense,linear,36,11,768,768,1,24,598272,606720,74784,811008,1622016,202752,202752,194304,8448,0,6488064,4224.0,8448.0,True
group_32,text_encoder.bert.encoder.layer.2.intermediate.dense,linear,36,11,3072,768,1,24,2367744,2376192,295968,3244032,6488064,811008,811008,777216,8448,0,25952256,16896.0,33792.0,True
group_32,text_encoder.bert.encoder.layer.2.output.dense,linear,36,11,768,3072,1,96,2393088,2426880,299136,3244032,6488064,811008,811008,802560,33792,0,25952256,16896.0,33792.0,True
group_32,text_encoder.bert.encoder.layer.3.attention.self.query,linear,36,11,768,768,1,24,598272,606720,74784,811008,1622016,202752,202752,194304,8448,0,6488064,4224.0,8448.0,True
group_32,text_encoder.bert.encoder.layer.3.attention.self.key,linear,36,11,768,768,1,24,598272,606720,74784,811008,1622016,202752,202752,194304,8448,0,6488064,4224.0,8448.0,True
group_32,text_encoder.bert.encoder.layer.3.attention.self.value,linear,36,11,768,768,1,24,598272,606720,74784,811008,1622016,202752,202752,194304,8448,0,6488064,4224.0,8448.0,True
group_32,text_encoder.bert.encoder.layer.3.attention.self,attention_qk,36,11,11,64,12,2,16896,33792,2112,11616,23232,2904,2904,1452,16896,0,92928,60.5,121.0,False
group_32,text_encoder.bert.encoder.layer.3.attention.self,attention_av,36,11,64,11,12,1,9900,19800,3600,33792,67584,8448,8448,0,9900,0,92928,60.5,352.0,False
group_32,text_encoder.bert.encoder.layer.3.attention.output.dense,linear,36,11,768,768,1,24,598272,606720,74784,811008,1622016,202752,202752,194304,8448,0,6488064,4224.0,8448.0,True
group_32,text_encoder.bert.encoder.layer.3.intermediate.dense,linear,36,11,3072,768,1,24,2367744,2376192,295968,3244032,6488064,811008,811008,777216,8448,0,25952256,16896.0,33792.0,True
group_32,text_encoder.bert.encoder.layer.3.output.dense,linear,36,11,768,3072,1,96,2393088,2426880,299136,3244032,6488064,811008,811008,802560,33792,0,25952256,16896.0,33792.0,True
group_32,text_encoder.bert.encoder.layer.4.attention.self.query,linear,36,11,768,768,1,24,598272,606720,74784,811008,1622016,202752,202752,194304,8448,0,6488064,4224.0,8448.0,True
group_32,text_encoder.bert.encoder.layer.4.attention.self.key,linear,36,11,768,768,1,24,598272,606720,74784,811008,1622016,202752,202752,194304,8448,0,6488064,4224.0,8448.0,True
group_32,text_encoder.bert.encoder.layer.4.attention.self.value,linear,36,11,768,768,1,24,598272,606720,74784,811008,1622016,202752,202752,194304,8448,0,6488064,4224.0,8448.0,True
group_32,text_encoder.bert.encoder.layer.4.attention.self,attention_qk,36,11,11,64,12,2,16896,33792,2112,11616,23232,2904,2904,1452,16896,0,92928,60.5,121.0,False
group_32,text_encoder.bert.encoder.layer.4.attention.self,attention_av,36,11,64,11,12,1,9900,19800,3600,33792,67584,8448,8448,0,9900,0,92928,60.5,352.0,False
group_32,text_encoder.bert.encoder.layer.4.attention.output.dense,linear,36,11,768,768,1,24,598272,606720,74784,811008,1622016,202752,202752,194304,8448,0,6488064,4224.0,8448.0,True
group_32,text_encoder.bert.encoder.layer.4.intermediate.dense,linear,36,11,3072,768,1,24,2367744,2376192,295968,3244032,6488064,811008,811008,777216,8448,0,25952256,16896.0,33792.0,True
group_32,text_encoder.bert.encoder.layer.4.output.dense,linear,36,11,768,3072,1,96,2393088,2426880,299136,3244032,6488064,811008,811008,802560,33792,0,25952256,16896.0,33792.0,True
group_32,text_encoder.bert.encoder.layer.5.attention.self.query,linear,36,11,768,768,1,24,598272,606720,74784,811008,1622016,202752,202752,194304,8448,0,6488064,4224.0,8448.0,True
group_32,text_encoder.bert.encoder.layer.5.attention.self.key,linear,36,11,768,768,1,24,598272,606720,74784,811008,1622016,202752,202752,194304,8448,0,6488064,4224.0,8448.0,True
group_32,text_encoder.bert.encoder.layer.5.attention.self.value,linear,36,11,768,768,1,24,598272,606720,74784,811008,1622016,202752,202752,194304,8448,0,6488064,4224.0,8448.0,True
group_32,text_encoder.bert.encoder.layer.5.attention.self,attention_qk,36,11,11,64,12,2,16896,33792,2112,11616,23232,2904,2904,1452,16896,0,92928,60.5,121.0,False
group_32,text_encoder.bert.encoder.layer.5.attention.self,attention_av,36,11,64,11,12,1,9900,19800,3600,33792,67584,8448,8448,0,9900,0,92928,60.5,352.0,False
group_32,text_encoder.bert.encoder.layer.5.attention.output.dense,linear,36,11,768,768,1,24,598272,606720,74784,811008,1622016,202752,202752,194304,8448,0,6488064,4224.0,8448.0,True
group_32,text_encoder.bert.encoder.layer.5.intermediate.dense,linear,36,11,3072,768,1,24,2367744,2376192,295968,3244032,6488064,811008,811008,777216,8448,0,25952256,16896.0,33792.0,True
group_32,text_encoder.bert.encoder.layer.5.output.dense,linear,36,11,768,3072,1,96,2393088,2426880,299136,3244032,6488064,811008,811008,802560,33792,0,25952256,16896.0,33792.0,True
group_32,text_encoder.bert.encoder.layer.6.attention.self.query,linear,36,11,768,768,1,24,598272,606720,74784,811008,1622016,202752,202752,194304,8448,0,6488064,4224.0,8448.0,True
group_32,text_encoder.bert.encoder.layer.6.attention.self.key,linear,36,11,768,768,1,24,598272,606720,74784,811008,1622016,202752,202752,194304,8448,0,6488064,4224.0,8448.0,True
group_32,text_encoder.bert.encoder.layer.6.attention.self.value,linear,36,11,768,768,1,24,598272,606720,74784,811008,1622016,202752,202752,194304,8448,0,6488064,4224.0,8448.0,True
group_32,text_encoder.bert.encoder.layer.6.attention.self,attention_qk,36,11,11,64,12,2,16896,33792,2112,11616,23232,2904,2904,1452,16896,0,92928,60.5,121.0,False
group_32,text_encoder.bert.encoder.layer.6.attention.self,attention_av,36,11,64,11,12,1,9900,19800,3600,33792,67584,8448,8448,0,9900,0,92928,60.5,352.0,False
group_32,text_encoder.bert.encoder.layer.6.attention.output.dense,linear,36,11,768,768,1,24,598272,606720,74784,811008,1622016,202752,202752,194304,8448,0,6488064,4224.0,8448.0,True
group_32,text_encoder.bert.encoder.layer.6.intermediate.dense,linear,36,11,3072,768,1,24,2367744,2376192,295968,3244032,6488064,811008,811008,777216,8448,0,25952256,16896.0,33792.0,True
group_32,text_encoder.bert.encoder.layer.6.output.dense,linear,36,11,768,3072,1,96,2393088,2426880,299136,3244032,6488064,811008,811008,802560,33792,0,25952256,16896.0,33792.0,True
group_32,text_encoder.bert.encoder.layer.7.attention.self.query,linear,36,11,768,768,1,24,598272,606720,74784,811008,1622016,202752,202752,194304,8448,0,6488064,4224.0,8448.0,True
group_32,text_encoder.bert.encoder.layer.7.attention.self.key,linear,36,11,768,768,1,24,598272,606720,74784,811008,1622016,202752,202752,194304,8448,0,6488064,4224.0,8448.0,True
group_32,text_encoder.bert.encoder.layer.7.attention.self.value,linear,36,11,768,768,1,24,598272,606720,74784,811008,1622016,202752,202752,194304,8448,0,6488064,4224.0,8448.0,True
group_32,text_encoder.bert.encoder.layer.7.attention.self,attention_qk,36,11,11,64,12,2,16896,33792,2112,11616,23232,2904,2904,1452,16896,0,92928,60.5,121.0,False
group_32,text_encoder.bert.encoder.layer.7.attention.self,attention_av,36,11,64,11,12,1,9900,19800,3600,33792,67584,8448,8448,0,9900,0,92928,60.5,352.0,False
group_32,text_encoder.bert.encoder.layer.7.attention.output.dense,linear,36,11,768,768,1,24,598272,606720,74784,811008,1622016,202752,202752,194304,8448,0,6488064,4224.0,8448.0,True
group_32,text_encoder.bert.encoder.layer.7.intermediate.dense,linear,36,11,3072,768,1,24,2367744,2376192,295968,3244032,6488064,811008,811008,777216,8448,0,25952256,16896.0,33792.0,True
group_32,text_encoder.bert.encoder.layer.7.output.dense,linear,36,11,768,3072,1,96,2393088,2426880,299136,3244032,6488064,811008,811008,802560,33792,0,25952256,16896.0,33792.0,True
group_32,text_encoder.bert.encoder.layer.8.attention.self.query,linear,36,11,768,768,1,24,598272,606720,74784,811008,1622016,202752,202752,194304,8448,0,6488064,4224.0,8448.0,True
group_32,text_encoder.bert.encoder.layer.8.attention.self.key,linear,36,11,768,768,1,24,598272,606720,74784,811008,1622016,202752,202752,194304,8448,0,6488064,4224.0,8448.0,True
group_32,text_encoder.bert.encoder.layer.8.attention.self.value,linear,36,11,768,768,1,24,598272,606720,74784,811008,1622016,202752,202752,194304,8448,0,6488064,4224.0,8448.0,True
group_32,text_encoder.bert.encoder.layer.8.attention.self,attention_qk,36,11,11,64,12,2,16896,33792,2112,11616,23232,2904,2904,1452,16896,0,92928,60.5,121.0,False
group_32,text_encoder.bert.encoder.layer.8.attention.self,attention_av,36,11,64,11,12,1,9900,19800,3600,33792,67584,8448,8448,0,9900,0,92928,60.5,352.0,False
group_32,text_encoder.bert.encoder.layer.8.attention.output.dense,linear,36,11,768,768,1,24,598272,606720,74784,811008,1622016,202752,202752,194304,8448,0,6488064,4224.0,8448.0,True
group_32,text_encoder.bert.encoder.layer.8.intermediate.dense,linear,36,11,3072,768,1,24,2367744,2376192,295968,3244032,6488064,811008,811008,777216,8448,0,25952256,16896.0,33792.0,True
group_32,text_encoder.bert.encoder.layer.8.output.dense,linear,36,11,768,3072,1,96,2393088,2426880,299136,3244032,6488064,811008,811008,802560,33792,0,25952256,16896.0,33792.0,True
group_32,text_encoder.bert.encoder.layer.9.attention.self.query,linear,36,11,768,768,1,24,598272,606720,74784,811008,1622016,202752,202752,194304,8448,0,6488064,4224.0,8448.0,True
group_32,text_encoder.bert.encoder.layer.9.attention.self.key,linear,36,11,768,768,1,24,598272,606720,74784,811008,1622016,202752,202752,194304,8448,0,6488064,4224.0,8448.0,True
group_32,text_encoder.bert.encoder.layer.9.attention.self.value,linear,36,11,768,768,1,24,598272,606720,74784,811008,1622016,202752,202752,194304,8448,0,6488064,4224.0,8448.0,True
group_32,text_encoder.bert.encoder.layer.9.attention.self,attention_qk,36,11,11,64,12,2,16896,33792,2112,11616,23232,2904,2904,1452,16896,0,92928,60.5,121.0,False
group_32,text_encoder.bert.encoder.layer.9.attention.self,attention_av,36,11,64,11,12,1,9900,19800,3600,33792,67584,8448,8448,0,9900,0,92928,60.5,352.0,False
group_32,text_encoder.bert.encoder.layer.9.attention.output.dense,linear,36,11,768,768,1,24,598272,606720,74784,811008,1622016,202752,202752,194304,8448,0,6488064,4224.0,8448.0,True
group_32,text_encoder.bert.encoder.layer.9.intermediate.dense,linear,36,11,3072,768,1,24,2367744,2376192,295968,3244032,6488064,811008,811008,777216,8448,0,25952256,16896.0,33792.0,True
group_32,text_encoder.bert.encoder.layer.9.output.dense,linear,36,11,768,3072,1,96,2393088,2426880,299136,3244032,6488064,811008,811008,802560,33792,0,25952256,16896.0,33792.0,True
group_32,text_encoder.bert.encoder.layer.10.attention.self.query,linear,36,11,768,768,1,24,598272,606720,74784,811008,1622016,202752,202752,194304,8448,0,6488064,4224.0,8448.0,True
group_32,text_encoder.bert.encoder.layer.10.attention.self.key,linear,36,11,768,768,1,24,598272,606720,74784,811008,1622016,202752,202752,194304,8448,0,6488064,4224.0,8448.0,True
group_32,text_encoder.bert.encoder.layer.10.attention.self.value,linear,36,11,768,768,1,24,598272,606720,74784,811008,1622016,202752,202752,194304,8448,0,6488064,4224.0,8448.0,True
group_32,text_encoder.bert.encoder.layer.10.attention.self,attention_qk,36,11,11,64,12,2,16896,33792,2112,11616,23232,2904,2904,1452,16896,0,92928,60.5,121.0,False
group_32,text_encoder.bert.encoder.layer.10.attention.self,attention_av,36,11,64,11,12,1,9900,19800,3600,33792,67584,8448,8448,0,9900,0,92928,60.5,352.0,False
group_32,text_encoder.bert.encoder.layer.10.attention.output.dense,linear,36,11,768,768,1,24,598272,606720,74784,811008,1622016,202752,202752,194304,8448,0,6488064,4224.0,8448.0,True
group_32,text_encoder.bert.encoder.layer.10.intermediate.dense,linear,36,11,3072,768,1,24,2367744,2376192,295968,3244032,6488064,811008,811008,777216,8448,0,25952256,16896.0,33792.0,True
group_32,text_encoder.bert.encoder.layer.10.output.dense,linear,36,11,768,3072,1,96,2393088,2426880,299136,3244032,6488064,811008,811008,802560,33792,0,25952256,16896.0,33792.0,True
group_32,text_encoder.bert.encoder.layer.11.attention.self.query,linear,36,11,768,768,1,24,598272,606720,74784,811008,1622016,202752,202752,194304,8448,0,6488064,4224.0,8448.0,True
group_32,text_encoder.bert.encoder.layer.11.attention.self.key,linear,36,11,768,768,1,24,598272,606720,74784,811008,1622016,202752,202752,194304,8448,0,6488064,4224.0,8448.0,True
group_32,text_encoder.bert.encoder.layer.11.attention.self.value,linear,36,11,768,768,1,24,598272,606720,74784,811008,1622016,202752,202752,194304,8448,0,6488064,4224.0,8448.0,True
group_32,text_encoder.bert.encoder.layer.11.attention.self,attention_qk,36,11,11,64,12,2,16896,33792,2112,11616,23232,2904,2904,1452,16896,0,92928,60.5,121.0,False
group_32,text_encoder.bert.encoder.layer.11.attention.self,attention_av,36,11,64,11,12,1,9900,19800,3600,33792,67584,8448,8448,0,9900,0,92928,60.5,352.0,False
group_32,text_encoder.bert.encoder.layer.11.attention.output.dense,linear,36,11,768,768,1,24,598272,606720,74784,811008,1622016,202752,202752,194304,8448,0,6488064,4224.0,8448.0,True
group_32,text_encoder.bert.encoder.layer.11.intermediate.dense,linear,36,11,3072,768,1,24,2367744,2376192,295968,3244032,6488064,811008,811008,777216,8448,0,25952256,16896.0,33792.0,True
group_32,text_encoder.bert.encoder.layer.11.output.dense,linear,36,11,768,3072,1,96,2393088,2426880,299136,3244032,6488064,811008,811008,802560,33792,0,25952256,16896.0,33792.0,True
group_32,text_encoder.bert.encoder.layer.0.attention.self.query,linear,36,14,768,768,1,24,600576,611328,75072,1032192,2064384,258048,258048,247296,10752,0,8257536,5376.0,10752.0,True
group_32,text_encoder.bert.encoder.layer.0.attention.self.key,linear,36,14,768,768,1,24,600576,611328,75072,1032192,2064384,258048,258048,247296,10752,0,8257536,5376.0,10752.0,True
group_32,text_encoder.bert.encoder.layer.0.attention.self.value,linear,36,14,768,768,1,24,600576,611328,75072,1032192,2064384,258048,258048,247296,10752,0,8257536,5376.0,10752.0,True
group_32,text_encoder.bert.encoder.layer.0.attention.self,attention_qk,36,14,14,64,12,2,21504,43008,2688,18816,37632,4704,4704,2352,21504,0,150528,98.0,196.0,False
group_32,text_encoder.bert.encoder.layer.0.attention.self,attention_av,36,14,64,14,12,1,13104,26208,3744,43008,86016,10752,10752,0,13104,0,150528,98.0,448.0,False
group_32,text_encoder.bert.encoder.layer.0.attention.output.dense,linear,36,14,768,768,1,24,600576,611328,75072,1032192,2064384,258048,258048,247296,10752,0,8257536,5376.0,10752.0,True
group_32,text_encoder.bert.encoder.layer.0.intermediate.dense,linear,36,14,3072,768,1,24,2370048,2380800,296256,4128768,8257536,1032192,1032192,989184,10752,0,33030144,21504.0,43008.0,True
group_32,text_encoder.bert.encoder.layer.0.output.dense,linear,36,14,768,3072,1,96,2402304,2445312,300288,4128768,8257536,1032192,1032192,1021440,43008,0,33030144,21504.0,43008.0,True
group_32,text_encoder.bert.encoder.layer.1.attention.self.query,linear,36,14,768,768,1,24,600576,611328,75072,1032192,2064384,258048,258048,247296,10752,0,8257536,5376.0,10752.0,True
group_32,text_encoder.bert.encoder.layer.1.attention.self.key,linear,36,14,768,768,1,24,600576,611328,75072,1032192,2064384,258048,258048,247296,10752,0,8257536,5376.0,10752.0,True
group_32,text_encoder.bert.encoder.layer.1.attention.self.value,linear,36,14,768,768,1,24,600576,611328,75072,1032192,2064384,258048,258048,247296,10752,0,8257536,5376.0,10752.0,True
group_32,text_encoder.bert.encoder.layer.1.attention.self,attention_qk,36,14,14,64,12,2,21504,43008,2688,18816,37632,4704,4704,2352,21504,0,150528,98.0,196.0,False
group_32,text_encoder.bert.encoder.layer.1.attention.self,attention_av,36,14,64,14,12,1,13104,26208,3744,43008,86016,10752,10752,0,13104,0,150528,98.0,448.0,False
group_32,text_encoder.bert.encoder.layer.1.attention.output.dense,linear,36,14,768,768,1,24,600576,611328,75072,1032192,2064384,258048,258048,247296,10752,0,8257536,5376.0,10752.0,True
group_32,text_encoder.bert.encoder.layer.1.intermediate.dense,linear,36,14,3072,768,1,24,2370048,2380800,296256,4128768,8257536,1032192,1032192,989184,10752,0,33030144,21504.0,43008.0,True
group_32,text_encoder.bert.encoder.layer.1.output.dense,linear,36,14,768,3072,1,96,2402304,2445312,300288,4128768,8257536,1032192,1032192,1021440,43008,0,33030144,21504.0,43008.0,True
group_32,text_encoder.bert.encoder.layer.2.attention.self.query,linear,36,14,768,768,1,24,600576,611328,75072,1032192,2064384,258048,258048,247296,10752,0,8257536,5376.0,10752.0,True
group_32,text_encoder.bert.encoder.layer.2.attention.self.key,linear,36,14,768,768,1,24,600576,611328,75072,1032192,2064384,258048,258048,247296,10752,0,8257536,5376.0,10752.0,True
group_32,text_encoder.bert.encoder.layer.2.attention.self.value,linear,36,14,768,768,1,24,600576,611328,75072,1032192,2064384,258048,258048,247296,10752,0,8257536,5376.0,10752.0,True
group_32,text_encoder.bert.encoder.layer.2.attention.self,attention_qk,36,14,14,64,12,2,21504,43008,2688,18816,37632,4704,4704,2352,21504,0,150528,98.0,196.0,False
group_32,text_encoder.bert.encoder.layer.2.attention.self,attention_av,36,14,64,14,12,1,13104,26208,3744,43008,86016,10752,10752,0,13104,0,150528,98.0,448.0,False
group_32,text_encoder.bert.encoder.layer.2.attention.output.dense,linear,36,14,768,768,1,24,600576,611328,75072,1032192,2064384,258048,258048,247296,10752,0,8257536,5376.0,10752.0,True
group_32,text_encoder.bert.encoder.layer.2.intermediate.dense,linear,36,14,3072,768,1,24,2370048,2380800,296256,4128768,8257536,1032192,1032192,989184,10752,0,33030144,21504.0,43008.0,True
group_32,text_encoder.bert.encoder.layer.2.output.dense,linear,36,14,768,3072,1,96,2402304,2445312,300288,4128768,8257536,1032192,1032192,1021440,43008,0,33030144,21504.0,43008.0,True
group_32,text_encoder.bert.encoder.layer.3.attention.self.query,linear,36,14,768,768,1,24,600576,611328,75072,1032192,2064384,258048,258048,247296,10752,0,8257536,5376.0,10752.0,True
group_32,text_encoder.bert.encoder.layer.3.attention.self.key,linear,36,14,768,768,1,24,600576,611328,75072,1032192,2064384,258048,258048,247296,10752,0,8257536,5376.0,10752.0,True
group_32,text_encoder.bert.encoder.layer.3.attention.self.value,linear,36,14,768,768,1,24,600576,611328,75072,1032192,2064384,258048,258048,247296,10752,0,8257536,5376.0,10752.0,True
group_32,text_encoder.bert.encoder.layer.3.attention.self,attention_qk,36,14,14,64,12,2,21504,43008,2688,18816,37632,4704,4704,2352,21504,0,150528,98.0,196.0,False
group_32,text_encoder.bert.encoder.layer.3.attention.self,attention_av,36,14,64,14,12,1,13104,26208,3744,43008,86016,10752,10752,0,13104,0,150528,98.0,448.0,False
group_32,text_encoder.bert.encoder.layer.3.attention.output.dense,linear,36,14,768,768,1,24,600576,611328,75072,1032192,2064384,258048,258048,247296,10752,0,8257536,5376.0,10752.0,True
group_32,text_encoder.bert.encoder.layer.3.intermediate.dense,linear,36,14,3072,768,1,24,2370048,2380800,296256,4128768,8257536,1032192,1032192,989184,10752,0,33030144,21504.0,43008.0,True
group_32,text_encoder.bert.encoder.layer.3.output.dense,linear,36,14,768,3072,1,96,2402304,2445312,300288,4128768,8257536,1032192,1032192,1021440,43008,0,33030144,21504.0,43008.0,True
group_32,text_encoder.bert.encoder.layer.4.attention.self.query,linear,36,14,768,768,1,24,600576,611328,75072,1032192,2064384,258048,258048,247296,10752,0,8257536,5376.0,10752.0,True
group_32,text_encoder.bert.encoder.layer.4.attention.self.key,linear,36,14,768,768,1,24,600576,611328,75072,1032192,2064384,258048,258048,247296,10752,0,8257536,5376.0,10752.0,True
group_32,text_encoder.bert.encoder.layer.4.attention.self.value,linear,36,14,768,768,1,24,600576,611328,75072,1032192,2064384,258048,258048,247296,10752,0,8257536,5376.0,10752.0,True
group_32,text_encoder.bert.encoder.layer.4.attention.self,attention_qk,36,14,14,64,12,2,21504,43008,2688,18816,37632,4704,4704,2352,21504,0,150528,98.0,196.0,False
group_32,text_encoder.bert.encoder.layer.4.attention.self,attention_av,36,14,64,14,12,1,13104,26208,3744,43008,86016,10752,10752,0,13104,0,150528,98.0,448.0,False
group_32,text_encoder.bert.encoder.layer.4.attention.output.dense,linear,36,14,768,768,1,24,600576,611328,75072,1032192,2064384,258048,258048,247296,10752,0,8257536,5376.0,10752.0,True
group_32,text_encoder.bert.encoder.layer.4.intermediate.dense,linear,36,14,3072,768,1,24,2370048,2380800,296256,4128768,8257536,1032192,1032192,989184,10752,0,33030144,21504.0,43008.0,True
group_32,text_encoder.bert.encoder.layer.4.output.dense,linear,36,14,768,3072,1,96,2402304,2445312,300288,4128768,8257536,1032192,1032192,1021440,43008,0,33030144,21504.0,43008.0,True
group_32,text_encoder.bert.encoder.layer.5.attention.self.query,linear,36,14,768,768,1,24,600576,611328,75072,1032192,2064384,258048,258048,247296,10752,0,8257536,5376.0,10752.0,True
group_32,text_encoder.bert.encoder.layer.5.attention.self.key,linear,36,14,768,768,1,24,600576,611328,75072,1032192,2064384,258048,258048,247296,10752,0,8257536,5376.0,10752.0,True
group_32,text_encoder.bert.encoder.layer.5.attention.self.value,linear,36,14,768,768,1,24,600576,611328,75072,1032192,2064384,258048,258048,247296,10752,0,8257536,5376.0,10752.0,True
group_32,text_encoder.bert.encoder.layer.5.attention.self,attention_qk,36,14,14,64,12,2,21504,43008,2688,18816,37632,4704,4704,2352,21504,0,150528,98.0,196.0,False
group_32,text_encoder.bert.encoder.layer.5.attention.self,attention_av,36,14,64,14,12,1,13104,26208,3744,43008,86016,10752,10752,0,13104,0,150528,98.0,448.0,False
group_32,text_encoder.bert.encoder.layer.5.attention.output.dense,linear,36,14,768,768,1,24,600576,611328,75072,1032192,2064384,258048,258048,247296,10752,0,8257536,5376.0,10752.0,True
group_32,text_encoder.bert.encoder.layer.5.intermediate.dense,linear,36,14,3072,768,1,24,2370048,2380800,296256,4128768,8257536,1032192,1032192,989184,10752,0,33030144,21504.0,43008.0,True
group_32,text_encoder.bert.encoder.layer.5.output.dense,linear,36,14,768,3072,1,96,2402304,2445312,300288,4128768,8257536,1032192,1032192,1021440,43008,0,33030144,21504.0,43008.0,True
group_32,text_encoder.bert.encoder.layer.6.attention.self.query,linear,36,14,768,768,1,24,600576,611328,75072,1032192,2064384,258048,258048,247296,10752,0,8257536,5376.0,10752.0,True
group_32,text_encoder.bert.encoder.layer.6.attention.self.key,linear,36,14,768,768,1,24,600576,611328,75072,1032192,2064384,258048,258048,247296,10752,0,8257536,5376.0,10752.0,True
group_32,text_encoder.bert.encoder.layer.6.attention.self.value,linear,36,14,768,768,1,24,600576,611328,75072,1032192,2064384,258048,258048,247296,10752,0,8257536,5376.0,10752.0,True
group_32,text_encoder.bert.encoder.layer.6.attention.self,attention_qk,36,14,14,64,12,2,21504,43008,2688,18816,37632,4704,4704,2352,21504,0,150528,98.0,196.0,False
group_32,text_encoder.bert.encoder.layer.6.attention.self,attention_av,36,14,64,14,12,1,13104,26208,3744,43008,86016,10752,10752,0,13104,0,150528,98.0,448.0,False
group_32,text_encoder.bert.encoder.layer.6.attention.output.dense,linear,36,14,768,768,1,24,600576,611328,75072,1032192,2064384,258048,258048,247296,10752,0,8257536,5376.0,10752.0,True
group_32,text_encoder.bert.encoder.layer.6.intermediate.dense,linear,36,14,3072,768,1,24,2370048,2380800,296256,4128768,8257536,1032192,1032192,989184,10752,0,33030144,21504.0,43008.0,True
group_32,text_encoder.bert.encoder.layer.6.output.dense,linear,36,14,768,3072,1,96,2402304,2445312,300288,4128768,8257536,1032192,1032192,1021440,43008,0,33030144,21504.0,43008.0,True
group_32,text_encoder.bert.encoder.layer.7.attention.self.query,linear,36,14,768,768,1,24,600576,611328,75072,1032192,2064384,258048,258048,247296,10752,0,8257536,5376.0,10752.0,True
group_32,text_encoder.bert.encoder.layer.7.attention.self.key,linear,36,14,768,768,1,24,600576,611328,75072,1032192,2064384,258048,258048,247296,10752,0,8257536,5376.0,10752.0,True
group_32,text_encoder.bert.encoder.layer.7.attention.self.value,linear,36,14,768,768,1,24,600576,611328,75072,1032192,2064384,258048,258048,247296,10752,0,8257536,5376.0,10752.0,True
group_32,text_encoder.bert.encoder.layer.7.attention.self,attention_qk,36,14,14,64,12,2,21504,43008,2688,18816,37632,4704,4704,2352,21504,0,150528,98.0,196.0,False
group_32,text_encoder.bert.encoder.layer.7.attention.self,attention_av,36,14,64,14,12,1,13104,26208,3744,43008,86016,10752,10752,0,13104,0,150528,98.0,448.0,False
group_32,text_encoder.bert.encoder.layer.7.attention.output.dense,linear,36,14,768,768,1,24,600576,611328,75072,1032192,2064384,258048,258048,247296,10752,0,8257536,5376.0,10752.0,True
group_32,text_encoder.bert.encoder.layer.7.intermediate.dense,linear,36,14,3072,768,1,24,2370048,2380800,296256,4128768,8257536,1032192,1032192,989184,10752,0,33030144,21504.0,43008.0,True
group_32,text_encoder.bert.encoder.layer.7.output.dense,linear,36,14,768,3072,1,96,2402304,2445312,300288,4128768,8257536,1032192,1032192,1021440,43008,0,33030144,21504.0,43008.0,True
group_32,text_encoder.bert.encoder.layer.8.attention.self.query,linear,36,14,768,768,1,24,600576,611328,75072,1032192,2064384,258048,258048,247296,10752,0,8257536,5376.0,10752.0,True
group_32,text_encoder.bert.encoder.layer.8.attention.self.key,linear,36,14,768,768,1,24,600576,611328,75072,1032192,2064384,258048,258048,247296,10752,0,8257536,5376.0,10752.0,True
group_32,text_encoder.bert.encoder.layer.8.attention.self.value,linear,36,14,768,768,1,24,600576,611328,75072,1032192,2064384,258048,258048,247296,10752,0,8257536,5376.0,10752.0,True
group_32,text_encoder.bert.encoder.layer.8.attention.self,attention_qk,36,14,14,64,12,2,21504,43008,2688,18816,37632,4704,4704,2352,21504,0,150528,98.0,196.0,False
group_32,text_encoder.bert.encoder.layer.8.attention.self,attention_av,36,14,64,14,12,1,13104,26208,3744,43008,86016,10752,10752,0,13104,0,150528,98.0,448.0,False
group_32,text_encoder.bert.encoder.layer.8.attention.output.dense,linear,36,14,768,768,1,24,600576,611328,75072,1032192,2064384,258048,258048,247296,10752,0,8257536,5376.0,10752.0,True
group_32,text_encoder.bert.encoder.layer.8.intermediate.dense,linear,36,14,3072,768,1,24,2370048,2380800,296256,4128768,8257536,1032192,1032192,989184,10752,0,33030144,21504.0,43008.0,True
group_32,text_encoder.bert.encoder.layer.8.output.dense,linear,36,14,768,3072,1,96,2402304,2445312,300288,4128768,8257536,1032192,1032192,1021440,43008,0,33030144,21504.0,43008.0,True
group_32,text_encoder.bert.encoder.layer.9.attention.self.query,linear,36,14,768,768,1,24,600576,611328,75072,1032192,2064384,258048,258048,247296,10752,0,8257536,5376.0,10752.0,True
group_32,text_encoder.bert.encoder.layer.9.attention.self.key,linear,36,14,768,768,1,24,600576,611328,75072,1032192,2064384,258048,258048,247296,10752,0,8257536,5376.0,10752.0,True
group_32,text_encoder.bert.encoder.layer.9.attention.self.value,linear,36,14,768,768,1,24,600576,611328,75072,1032192,2064384,258048,258048,247296,10752,0,8257536,5376.0,10752.0,True
group_32,text_encoder.bert.encoder.layer.9.attention.self,attention_qk,36,14,14,64,12,2,21504,43008,2688,18816,37632,4704,4704,2352,21504,0,150528,98.0,196.0,False
group_32,text_encoder.bert.encoder.layer.9.attention.self,attention_av,36,14,64,14,12,1,13104,26208,3744,43008,86016,10752,10752,0,13104,0,150528,98.0,448.0,False
group_32,text_encoder.bert.encoder.layer.9.attention.output.dense,linear,36,14,768,768,1,24,600576,611328,75072,1032192,2064384,258048,258048,247296,10752,0,8257536,5376.0,10752.0,True
group_32,text_encoder.bert.encoder.layer.9.intermediate.dense,linear,36,14,3072,768,1,24,2370048,2380800,296256,4128768,8257536,1032192,1032192,989184,10752,0,33030144,21504.0,43008.0,True
group_32,text_encoder.bert.encoder.layer.9.output.dense,linear,36,14,768,3072,1,96,2402304,2445312,300288,4128768,8257536,1032192,1032192,1021440,43008,0,33030144,21504.0,43008.0,True
group_32,text_encoder.bert.encoder.layer.10.attention.self.query,linear,36,14,768,768,1,24,600576,611328,75072,1032192,2064384,258048,258048,247296,10752,0,8257536,5376.0,10752.0,True
group_32,text_encoder.bert.encoder.layer.10.attention.self.key,linear,36,14,768,768,1,24,600576,611328,75072,1032192,2064384,258048,258048,247296,10752,0,8257536,5376.0,10752.0,True
group_32,text_encoder.bert.encoder.layer.10.attention.self.value,linear,36,14,768,768,1,24,600576,611328,75072,1032192,2064384,258048,258048,247296,10752,0,8257536,5376.0,10752.0,True
group_32,text_encoder.bert.encoder.layer.10.attention.self,attention_qk,36,14,14,64,12,2,21504,43008,2688,18816,37632,4704,4704,2352,21504,0,150528,98.0,196.0,False
group_32,text_encoder.bert.encoder.layer.10.attention.self,attention_av,36,14,64,14,12,1,13104,26208,3744,43008,86016,10752,10752,0,13104,0,150528,98.0,448.0,False
group_32,text_encoder.bert.encoder.layer.10.attention.output.dense,linear,36,14,768,768,1,24,600576,611328,75072,1032192,2064384,258048,258048,247296,10752,0,8257536,5376.0,10752.0,True
group_32,text_encoder.bert.encoder.layer.10.intermediate.dense,linear,36,14,3072,768,1,24,2370048,2380800,296256,4128768,8257536,1032192,1032192,989184,10752,0,33030144,21504.0,43008.0,True
group_32,text_encoder.bert.encoder.layer.10.output.dense,linear,36,14,768,3072,1,96,2402304,2445312,300288,4128768,8257536,1032192,1032192,1021440,43008,0,33030144,21504.0,43008.0,True
group_32,text_encoder.bert.encoder.layer.11.attention.self.query,linear,36,14,768,768,1,24,600576,611328,75072,1032192,2064384,258048,258048,247296,10752,0,8257536,5376.0,10752.0,True
group_32,text_encoder.bert.encoder.layer.11.attention.self.key,linear,36,14,768,768,1,24,600576,611328,75072,1032192,2064384,258048,258048,247296,10752,0,8257536,5376.0,10752.0,True
group_32,text_encoder.bert.encoder.layer.11.attention.self.value,linear,36,14,768,768,1,24,600576,611328,75072,1032192,2064384,258048,258048,247296,10752,0,8257536,5376.0,10752.0,True
group_32,text_encoder.bert.encoder.layer.11.attention.self,attention_qk,36,14,14,64,12,2,21504,43008,2688,18816,37632,4704,4704,2352,21504,0,150528,98.0,196.0,False
group_32,text_encoder.bert.encoder.layer.11.attention.self,attention_av,36,14,64,14,12,1,13104,26208,3744,43008,86016,10752,10752,0,13104,0,150528,98.0,448.0,False
group_32,text_encoder.bert.encoder.layer.11.attention.output.dense,linear,36,14,768,768,1,24,600576,611328,75072,1032192,2064384,258048,258048,247296,10752,0,8257536,5376.0,10752.0,True
group_32,text_encoder.bert.encoder.layer.11.intermediate.dense,linear,36,14,3072,768,1,24,2370048,2380800,296256,4128768,8257536,1032192,1032192,989184,10752,0,33030144,21504.0,43008.0,True
group_32,text_encoder.bert.encoder.layer.11.output.dense,linear,36,14,768,3072,1,96,2402304,2445312,300288,4128768,8257536,1032192,1032192,1021440,43008,0,33030144,21504.0,43008.0,True
group_32_mse,text_encoder.bert.encoder.layer.0.attention.self.query,linear,72,21,768,768,1,24,605952,622080,75744,1548288,3096576,387072,387072,370944,16128,96768,12386304,8064.0,16128.0,True
group_32_mse,text_encoder.bert.encoder.layer.0.attention.self.key,linear,72,21,768,768,1,24,605952,622080,75744,1548288,3096576,387072,387072,370944,16128,96768,12386304,8064.0,16128.0,True
group_32_mse,text_encoder.bert.encoder.layer.0.attention.self.value,linear,72,21,768,768,1,24,605952,622080,75744,1548288,3096576,387072,387072,370944,16128,96768,12386304,8064.0,16128.0,True
group_32_mse,text_encoder.bert.encoder.layer.0.attention.self,attention_qk,72,21,21,64,12,2,32256,64512,4032,42336,84672,10584,10584,5292,32256,193536,338688,220.5,441.0,False
group_32_mse,text_encoder.bert.encoder.layer.0.attention.self,attention_av,72,21,64,21,12,1,21420,42840,4080,64512,129024,16128,16128,0,21420,128520,338688,220.5,672.0,False
group_32_mse,text_encoder.bert.encoder.layer.0.attention.output.dense,linear,72,21,768,768,1,24,605952,622080,75744,1548288,3096576,387072,387072,370944,16128,96768,12386304,8064.0,16128.0,True
group_32_mse,text_encoder.bert.encoder.layer.0.intermediate.dense,linear,72,21,3072,768,1,24,2375424,2391552,296928,6193152,12386304,1548288,1548288,1483776,16128,96768,49545216,32256.0,64512.0,True
group_32_mse,text_encoder.bert.encoder.layer.0.output.dense,linear,72,21,768,3072,1,96,2423808,2488320,302976,6193152,12386304,1548288,1548288,1532160,64512,387072,49545216,32256.0,64512.0,True
group_32_mse,text_encoder.bert.encoder.layer.1.attention.self.query,linear,72,21,768,768,1,24,605952,622080,75744,1548288,3096576,387072,387072,370944,16128,96768,12386304,8064.0,16128.0,True
group_32_mse,text_encoder.bert.encoder.layer.1.attention.self.key,linear,72,21,768,768,1,24,605952,622080,75744,1548288,3096576,387072,387072,370944,16128,96768,12386304,8064.0,16128.0,True
group_32_mse,text_encoder.bert.encoder.layer.1.attention.self.value,linear,72,21,768,768,1,24,605952,622080,75744,1548288,3096576,387072,387072,370944,16128,96768,12386304,8064.0,16128.0,True
group_32_mse,text_encoder.bert.encoder.layer.1.attention.self,attention_qk,72,21,21,64,12,2,32256,64512,4032,42336,84672,10584,10584,5292,32256,193536,338688,220.5,441.0,False
group_32_mse,text_encoder.bert.encoder.layer.1.attention.self,attention_av,72,21,64,21,12,1,21420,42840,4080,64512,129024,16128,16128,0,21420,128520,338688,220.5,672.0,False
group_32_mse,text_encoder.bert.encoder.layer.1.attention.output.dense,linear,72,21,768,768,1,24,605952,622080,75744,1548288,3096576,387072,387072,370944,16128,96768,12386304,8064.0,16128.0,True
group_32_mse,text_encoder.bert.encoder.layer.1.intermediate.dense,linear,72,21,3072,768,1,24,2375424,2391552,296928,6193152,12386304,1548288,1548288,1483776,16128,96768,49545216,32256.0,64512.0,True
group_32_mse,text_encoder.bert.encoder.layer.1.output.dense,linear,72,21,768,3072,1,96,2423808,2488320,302976,6193152,12386304,1548288,1548288,1532160,64512,387072,49545216,32256.0,64512.0,True
group_32_mse,text_encoder.bert.encoder.layer.2.attention.self.query,linear,72,21,768,768,1,24,605952,622080,75744,1548288,3096576,387072,387072,370944,16128,96768,12386304,8064.0,16128.0,True
group_32_mse,text_encoder.bert.encoder.layer.2.attention.self.key,linear,72,21,768,768,1,24,605952,622080,75744,1548288,3096576,387072,387072,370944,16128,96768,12386304,8064.0,16128.0,True
group_32_mse,text_encoder.bert.encoder.layer.2.attention.self.value,linear,72,21,768,768,1,24,605952,622080,75744,1548288,3096576,387072,387072,370944,16128,96768,12386304,8064.0,16128.0,True
group_32_mse,text_encoder.bert.encoder.layer.2.attention.self,attention_qk,72,21,21,64,12,2,32256,64512,4032,42336,84672,10584,10584,5292,32256,193536,338688,220.5,441.0,False
group_32_mse,text_encoder.bert.encoder.layer.2.attention.self,attention_av,72,21,64,21,12,1,21420,42840,4080,64512,129024,16128,16128,0,21420,128520,338688,220.5,672.0,False
group_32_mse,text_encoder.bert.encoder.layer.2.attention.output.dense,linear,72,21,768,768,1,24,605952,622080,75744,1548288,3096576,387072,387072,370944,16128,96768,12386304,8064.0,16128.0,True
group_32_mse,text_encoder.bert.encoder.layer.2.intermediate.dense,linear,72,21,3072,768,1,24,2375424,2391552,296928,6193152,12386304,1548288,1548288,1483776,16128,96768,49545216,32256.0,64512.0,True
group_32_mse,text_encoder.bert.encoder.layer.2.output.dense,linear,72,21,768,3072,1,96,2423808,2488320,302976,6193152,12386304,1548288,1548288,1532160,64512,387072,49545216,32256.0,64512.0,True
group_32_mse,text_encoder.bert.encoder.layer.3.attention.self.query,linear,72,21,768,768,1,24,605952,622080,75744,1548288,3096576,387072,387072,370944,16128,96768,12386304,8064.0,16128.0,True
group_32_mse,text_encoder.bert.encoder.layer.3.attention.self.key,linear,72,21,768,768,1,24,605952,622080,75744,1548288,3096576,387072,387072,370944,16128,96768,12386304,8064.0,16128.0,True
group_32_mse,text_encoder.bert.encoder.layer.3.attention.self.value,linear,72,21,768,768,1,24,605952,622080,75744,1548288,3096576,387072,387072,370944,16128,96768,12386304,8064.0,16128.0,True
group_32_mse,text_encoder.bert.encoder.layer.3.attention.self,attention_qk,72,21,21,64,12,2,32256,64512,4032,42336,84672,10584,10584,5292,32256,193536,338688,220.5,441.0,False
group_32_mse,text_encoder.bert.encoder.layer.3.attention.self,attention_av,72,21,64,21,12,1,21420,42840,4080,64512,129024,16128,16128,0,21420,128520,338688,220.5,672.0,False
group_32_mse,text_encoder.bert.encoder.layer.3.attention.output.dense,linear,72,21,768,768,1,24,605952,622080,75744,1548288,3096576,387072,387072,370944,16128,96768,12386304,8064.0,16128.0,True
group_32_mse,text_encoder.bert.encoder.layer.3.intermediate.dense,linear,72,21,3072,768,1,24,2375424,2391552,296928,6193152,12386304,1548288,1548288,1483776,16128,96768,49545216,32256.0,64512.0,True
group_32_mse,text_encoder.bert.encoder.layer.3.output.dense,linear,72,21,768,3072,1,96,2423808,2488320,302976,6193152,12386304,1548288,1548288,1532160,64512,387072,49545216,32256.0,64512.0,True
group_32_mse,text_encoder.bert.encoder.layer.4.attention.self.query,linear,72,21,768,768,1,24,605952,622080,75744,1548288,3096576,387072,387072,370944,16128,96768,12386304,8064.0,16128.0,True
group_32_mse,text_encoder.bert.encoder.layer.4.attention.self.key,linear,72,21,768,768,1,24,605952,622080,75744,1548288,3096576,387072,387072,370944,16128,96768,12386304,8064.0,16128.0,True
group_32_mse,text_encoder.bert.encoder.layer.4.attention.self.value,linear,72,21,768,768,1,24,605952,622080,75744,1548288,3096576,387072,387072,370944,16128,96768,12386304,8064.0,16128.0,True
group_32_mse,text_encoder.bert.encoder.layer.4.attention.self,attention_qk,72,21,21,64,12,2,32256,64512,4032,42336,84672,10584,10584,5292,32256,193536,338688,220.5,441.0,False
group_32_mse,text_encoder.bert.encoder.layer.4.attention.self,attention_av,72,21,64,21,12,1,21420,42840,4080,64512,129024,16128,16128,0,21420,128520,338688,220.5,672.0,False
group_32_mse,text_encoder.bert.encoder.layer.4.attention.output.dense,linear,72,21,768,768,1,24,605952,622080,75744,1548288,3096576,387072,387072,370944,16128,96768,12386304,8064.0,16128.0,True
group_32_mse,text_encoder.bert.encoder.layer.4.intermediate.dense,linear,72,21,3072,768,1,24,2375424,2391552,296928,6193152,12386304,1548288,1548288,1483776,16128,96768,49545216,32256.0,64512.0,True
group_32_mse,text_encoder.bert.encoder.layer.4.output.dense,linear,72,21,768,3072,1,96,2423808,2488320,302976,6193152,12386304,1548288,1548288,1532160,64512,387072,49545216,32256.0,64512.0,True
group_32_mse,text_encoder.bert.encoder.layer.5.attention.self.query,linear,72,21,768,768,1,24,605952,622080,75744,1548288,3096576,387072,387072,370944,16128,96768,12386304,8064.0,16128.0,True
group_32_mse,text_encoder.bert.encoder.layer.5.attention.self.key,linear,72,21,768,768,1,24,605952,622080,75744,1548288,3096576,387072,387072,370944,16128,96768,12386304,8064.0,16128.0,True
group_32_mse,text_encoder.bert.encoder.layer.5.attention.self.value,linear,72,21,768,768,1,24,605952,622080,75744,1548288,3096576,387072,387072,370944,16128,96768,12386304,8064.0,16128.0,True
group_32_mse,text_encoder.bert.encoder.layer.5.attention.self,attention_qk,72,21,21,64,12,2,32256,64512,4032,42336,84672,10584,10584,5292,32256,193536,338688,220.5,441.0,False
group_32_mse,text_encoder.bert.encoder.layer.5.attention.self,attention_av,72,21,64,21,12,1,21420,42840,4080,64512,129024,16128,16128,0,21420,128520,338688,220.5,672.0,False
group_32_mse,text_encoder.bert.encoder.layer.5.attention.output.dense,linear,72,21,768,768,1,24,605952,622080,75744,1548288,3096576,387072,387072,370944,16128,96768,12386304,8064.0,16128.0,True
group_32_mse,text_encoder.bert.encoder.layer.5.intermediate.dense,linear,72,21,3072,768,1,24,2375424,2391552,296928,6193152,12386304,1548288,1548288,1483776,16128,96768,49545216,32256.0,64512.0,True
group_32_mse,text_encoder.bert.encoder.layer.5.output.dense,linear,72,21,768,3072,1,96,2423808,2488320,302976,6193152,12386304,1548288,1548288,1532160,64512,387072,49545216,32256.0,64512.0,True
group_32_mse,text_encoder.bert.encoder.layer.6.attention.self.query,linear,72,21,768,768,1,24,605952,622080,75744,1548288,3096576,387072,387072,370944,16128,96768,12386304,8064.0,16128.0,True
group_32_mse,text_encoder.bert.encoder.layer.6.attention.self.key,linear,72,21,768,768,1,24,605952,622080,75744,1548288,3096576,387072,387072,370944,16128,96768,12386304,8064.0,16128.0,True
group_32_mse,text_encoder.bert.encoder.layer.6.attention.self.value,linear,72,21,768,768,1,24,605952,622080,75744,1548288,3096576,387072,387072,370944,16128,96768,12386304,8064.0,16128.0,True
group_32_mse,text_encoder.bert.encoder.layer.6.attention.self,attention_qk,72,21,21,64,12,2,32256,64512,4032,42336,84672,10584,10584,5292,32256,193536,338688,220.5,441.0,False
group_32_mse,text_encoder.bert.encoder.layer.6.attention.self,attention_av,72,21,64,21,12,1,21420,42840,4080,64512,129024,16128,16128,0,21420,128520,338688,220.5,672.0,False
group_32_mse,text_encoder.bert.encoder.layer.6.attention.output.dense,linear,72,21,768,768,1,24,605952,622080,75744,1548288,3096576,387072,387072,370944,16128,96768,12386304,8064.0,16128.0,True
group_32_mse,text_encoder.bert.encoder.layer.6.intermediate.dense,linear,72,21,3072,768,1,24,2375424,2391552,296928,6193152,12386304,1548288,1548288,1483776,16128,96768,49545216,32256.0,64512.0,True
group_32_mse,text_encoder.bert.encoder.layer.6.output.dense,linear,72,21,768,3072,1,96,2423808,2488320,302976,6193152,12386304,1548288,1548288,1532160,64512,387072,49545216,32256.0,64512.0,True
group_32_mse,text_encoder.bert.encoder.layer.7.attention.self.query,linear,72,21,768,768,1,24,605952,622080,75744,1548288,3096576,387072,387072,370944,16128,96768,12386304,8064.0,16128.0,True
group_32_mse,text_encoder.bert.encoder.layer.7.attention.self.key,linear,72,21,768,768,1,24,605952,622080,75744,1548288,3096576,387072,387072,370944,16128,96768,12386304,8064.0,16128.0,True
group_32_mse,text_encoder.bert.encoder.layer.7.attention.self.value,linear,72,21,768,768,1,24,605952,622080,75744,1548288,3096576,387072,387072,370944,16128,96768,12386304,8064.0,16128.0,True
group_32_mse,text_encoder.bert.encoder.layer.7.attention.self,attention_qk,72,21,21,64,12,2,32256,64512,4032,42336,84672,10584,10584,5292,32256,193536,338688,220.5,441.0,False
group_32_mse,text_encoder.bert.encoder.layer.7.attention.self,attention_av,72,21,64,21,12,1,21420,42840,4080,64512,129024,16128,16128,0,21420,128520,338688,220.5,672.0,False
group_32_mse,text_encoder.bert.encoder.layer.7.attention.output.dense,linear,72,21,768,768,1,24,605952,622080,75744,1548288,3096576,387072,387072,370944,16128,96768,12386304,8064.0,16128.0,True
group_32_mse,text_encoder.bert.encoder.layer.7.intermediate.dense,linear,72,21,3072,768,1,24,2375424,2391552,296928,6193152,12386304,1548288,1548288,1483776,16128,96768,49545216,32256.0,64512.0,True
group_32_mse,text_encoder.bert.encoder.layer.7.output.dense,linear,72,21,768,3072,1,96,2423808,2488320,302976,6193152,12386304,1548288,1548288,1532160,64512,387072,49545216,32256.0,64512.0,True
group_32_mse,text_encoder.bert.encoder.layer.8.attention.self.query,linear,72,21,768,768,1,24,605952,622080,75744,1548288,3096576,387072,387072,370944,16128,96768,12386304,8064.0,16128.0,True
group_32_mse,text_encoder.bert.encoder.layer.8.attention.self.key,linear,72,21,768,768,1,24,605952,622080,75744,1548288,3096576,387072,387072,370944,16128,96768,12386304,8064.0,16128.0,True
group_32_mse,text_encoder.bert.encoder.layer.8.attention.self.value,linear,72,21,768,768,1,24,605952,622080,75744,1548288,3096576,387072,387072,370944,16128,96768,12386304,8064.0,16128.0,True
group_32_mse,text_encoder.bert.encoder.layer.8.attention.self,attention_qk,72,21,21,64,12,2,32256,64512,4032,42336,84672,10584,10584,5292,32256,193536,338688,220.5,441.0,False
group_32_mse,text_encoder.bert.encoder.layer.8.attention.self,attention_av,72,21,64,21,12,1,21420,42840,4080,64512,129024,16128,16128,0,21420,128520,338688,220.5,672.0,False
group_32_mse,text_encoder.bert.encoder.layer.8.attention.output.dense,linear,72,21,768,768,1,24,605952,622080,75744,1548288,3096576,387072,387072,370944,16128,96768,12386304,8064.0,16128.0,True
group_32_mse,text_encoder.bert.encoder.layer.8.intermediate.dense,linear,72,21,3072,768,1,24,2375424,2391552,296928,6193152,12386304,1548288,1548288,1483776,16128,96768,49545216,32256.0,64512.0,True
group_32_mse,text_encoder.bert.encoder.layer.8.output.dense,linear,72,21,768,3072,1,96,2423808,2488320,302976,6193152,12386304,1548288,1548288,1532160,64512,387072,49545216,32256.0,64512.0,True
group_32_mse,text_encoder.bert.encoder.layer.9.attention.self.query,linear,72,21,768,768,1,24,605952,622080,75744,1548288,3096576,387072,387072,370944,16128,96768,12386304,8064.0,16128.0,True
group_32_mse,text_encoder.bert.encoder.layer.9.attention.self.key,linear,72,21,768,768,1,24,605952,622080,75744,1548288,3096576,387072,387072,370944,16128,96768,12386304,8064.0,16128.0,True
group_32_mse,text_encoder.bert.encoder.layer.9.attention.self.value,linear,72,21,768,768,1,24,605952,622080,75744,1548288,3096576,387072,387072,370944,16128,96768,12386304,8064.0,16128.0,True
group_32_mse,text_encoder.bert.encoder.layer.9.attention.self,attention_qk,72,21,21,64,12,2,32256,64512,4032,42336,84672,10584,10584,5292,32256,193536,338688,220.5,441.0,False
group_32_mse,text_encoder.bert.encoder.layer.9.attention.self,attention_av,72,21,64,21,12,1,21420,42840,4080,64512,129024,16128,16128,0,21420,128520,338688,220.5,672.0,False
group_32_mse,text_encoder.bert.encoder.layer.9.attention.output.dense,linear,72,21,768,768,1,24,605952,622080,75744,1548288,3096576,387072,387072,370944,16128,96768,12386304,8064.0,16128.0,True
group_32_mse,text_encoder.bert.encoder.layer.9.intermediate.dense,linear,72,21,3072,768,1,24,2375424,2391552,296928,6193152,12386304,1548288,1548288,1483776,16128,96768,49545216,32256.0,64512.0,True
group_32_mse,text_encoder.bert.encoder.layer.9.output.dense,linear,72,21,768,3072,1,96,2423808,2488320,302976,6193152,12386304,1548288,1548288,1532160,64512,387072,49545216,32256.0,64512.0,True
group_32_mse,text_encoder.bert.encoder.layer.10.attention.self.query,linear,72,21,768,768,1,24,605952,622080,75744,1548288,3096576,387072,387072,370944,16128,96768,12386304,8064.0,16128.0,True
group_32_mse,text_encoder.bert.encoder.layer.10.attention.self.key,linear,72,21,768,768,1,24,605952,622080,75744,1548288,3096576,387072,387072,370944,16128,96768,12386304,8064.0,16128.0,True
group_32_mse,text_encoder.bert.encoder.layer.10.attention.self.value,linear,72,21,768,768,1,24,605952,622080,75744,1548288,3096576,387072,387072,370944,16128,96768,12386304,8064.0,16128.0,True
group_32_mse,text_encoder.bert.encoder.layer.10.attention.self,attention_qk,72,21,21,64,12,2,32256,64512,4032,42336,84672,10584,10584,5292,32256,193536,338688,220.5,441.0,False
group_32_mse,text_encoder.bert.encoder.layer.10.attention.self,attention_av,72,21,64,21,12,1,21420,42840,4080,64512,129024,16128,16128,0,21420,128520,338688,220.5,672.0,False
group_32_mse,text_encoder.bert.encoder.layer.10.attention.output.dense,linear,72,21,768,768,1,24,605952,622080,75744,1548288,3096576,387072,387072,370944,16128,96768,12386304,8064.0,16128.0,True
group_32_mse,text_encoder.bert.encoder.layer.10.intermediate.dense,linear,72,21,3072,768,1,24,2375424,2391552,296928,6193152,12386304,1548288,1548288,1483776,16128,96768,49545216,32256.0,64512.0,True
group_32_mse,text_encoder.bert.encoder.layer.10.output.dense,linear,72,21,768,3072,1,96,2423808,2488320,302976,6193152,12386304,1548288,1548288,1532160,64512,387072,49545216,32256.0,64512.0,True
group_32_mse,text_encoder.bert.encoder.layer.11.attention.self.query,linear,72,21,768,768,1,24,605952,622080,75744,1548288,3096576,387072,387072,370944,16128,96768,12386304,8064.0,16128.0,True
group_32_mse,text_encoder.bert.encoder.layer.11.attention.self.key,linear,72,21,768,768,1,24,605952,622080,75744,1548288,3096576,387072,387072,370944,16128,96768,12386304,8064.0,16128.0,True
group_32_mse,text_encoder.bert.encoder.layer.11.attention.self.value,linear,72,21,768,768,1,24,605952,622080,75744,1548288,3096576,387072,387072,370944,16128,96768,12386304,8064.0,16128.0,True
group_32_mse,text_encoder.bert.encoder.layer.11.attention.self,attention_qk,72,21,21,64,12,2,32256,64512,4032,42336,84672,10584,10584,5292,32256,193536,338688,220.5,441.0,False
group_32_mse,text_encoder.bert.encoder.layer.11.attention.self,attention_av,72,21,64,21,12,1,21420,42840,4080,64512,129024,16128,16128,0,21420,128520,338688,220.5,672.0,False
group_32_mse,text_encoder.bert.encoder.layer.11.attention.output.dense,linear,72,21,768,768,1,24,605952,622080,75744,1548288,3096576,387072,387072,370944,16128,96768,12386304,8064.0,16128.0,True
group_32_mse,text_encoder.bert.encoder.layer.11.intermediate.dense,linear,72,21,3072,768,1,24,2375424,2391552,296928,6193152,12386304,1548288,1548288,1483776,16128,96768,49545216,32256.0,64512.0,True
group_32_mse,text_encoder.bert.encoder.layer.11.output.dense,linear,72,21,768,3072,1,96,2423808,2488320,302976,6193152,12386304,1548288,1548288,1532160,64512,387072,49545216,32256.0,64512.0,True
group_32_mse,text_encoder.bert.pooler.dense,linear,144,1,768,768,1,24,590592,591360,73824,73728,147456,18432,18432,17664,768,4608,589824,384.0,768.0,True
group_32_mse,text_encoder.text_projection,linear,144,21,256,768,1,24,212736,228864,26592,516096,1032192,129024,129024,123648,16128,96768,4128768,2688.0,5376.0,True
group_32_mse,vision_encoder.backbone.embeddings.patch_embeddings,conv2d,288,256,768,768,1,24,786432,983040,98304,18874368,37748736,4718592,4718592,4521984,196608,1179648,150994944,98304.0,196608.0,True
group_32_mse,vision_encoder.backbone.layer.0.attention.q_proj,linear,288,261,768,768,1,24,790272,990720,98784,19243008,38486016,4810752,4810752,4610304,200448,1202688,153944064,100224.0,200448.0,True
group_32_mse,vision_encoder.backbone.layer.0.attention.k_proj,linear,288,261,768,768,1,24,790272,990720,98784,19243008,38486016,4810752,4810752,4610304,200448,1202688,153944064,100224.0,200448.0,True
group_32_mse,vision_encoder.backbone.layer.0.attention.v_proj,linear,288,261,768,768,1,24,790272,990720,98784,19243008,38486016,4810752,4810752,4610304,200448,1202688,153944064,100224.0,200448.0,True
group_32_mse,vision_encoder.backbone.layer.0.attention,attention_qk,288,261,261,64,12,2,400896,801792,50112,6539616,13079232,1634904,1634904,817452,400896,2405376,52316928,34060.5,68121.0,False
group_32_mse,vision_encoder.backbone.layer.0.attention,attention_av,288,261,64,261,12,9,1017900,2035800,140400,7216128,14432256,1804032,1804032,1603584,1017900,6107400,52316928,34060.5,75168.0,False
group_32_mse,vision_encoder.backbone.layer.0.attention.o_proj,linear,288,261,768,768,1,24,790272,990720,98784,19243008,38486016,4810752,4810752,4610304,200448,1202688,153944064,100224.0,200448.0,True
group_32_mse,vision_encoder.backbone.layer.0.mlp.up_proj,linear,288,261,3072,768,1,24,2559744,2760192,319968,76972032,153944064,19243008,19243008,18441216,200448,1202688,615776256,400896.0,801792.0,True
group_32_mse,vision_encoder.backbone.layer.0.mlp.down_proj,linear,288,261,768,3072,1,96,3161088,3962880,395136,76972032,153944064,19243008,19243008,19042560,801792,4810752,615776256,400896.0,801792.0,True
group_32_mse,vision_encoder.backbone.layer.1.attention.q_proj,linear,288,261,768,768,1,24,790272,990720,98784,19243008,38486016,4810752,4810752,4610304,200448,1202688,153944064,100224.0,200448.0,True
group_32_mse,vision_encoder.backbone.layer.1.attention.k_proj,linear,288,261,768,768,1,24,790272,990720,98784,19243008,38486016,4810752,4810752,4610304,200448,1202688,153944064,100224.0,200448.0,True
group_32_mse,vision_encoder.backbone.layer.1.attention.v_proj,linear,288,261,768,768,1,24,790272,990720,98784,19243008,38486016,4810752,4810752,4610304,200448,1202688,153944064,100224.0,200448.0,True
group_32_mse,vision_encoder.backbone.layer.1.attention,attention_qk,288,261,261,64,12,2,400896,801792,50112,6539616,13079232,1634904,1634904,817452,400896,2405376,52316928,34060.5,68121.0,False
group_32_mse,vision_encoder.backbone.layer.1.attention,attention_av,288,261,64,261,12,9,1017900,2035800,140400,7216128,14432256,1804032,1804032,1603584,1017900,6107400,52316928,34060.5,75168.0,False
group_32_mse,vision_encoder.backbone.layer.1.attention.o_proj,linear,288,261,768,768,1,24,790272,990720,98784,19243008,38486016,4810752,4810752,4610304,200448,1202688,153944064,100224.0,200448.0,True
group_32_mse,vision_encoder.backbone.layer.1.mlp.up_proj,linear,288,261,3072,768,1,24,2559744,2760192,319968,76972032,153944064,19243008,19243008,18441216,200448,1202688,615776256,400896.0,801792.0,True
group_32_mse,vision_encoder.backbone.layer.1.mlp.down_proj,linear,288,261,768,3072,1,96,3161088,3962880,395136,76972032,153944064,19243008,19243008,19042560,801792,4810752,615776256,400896.0,801792.0,True
group_32_mse,vision_encoder.backbone.layer.2.attention.q_proj,linear,288,261,768,768,1,24,790272,990720,98784,19243008,38486016,4810752,4810752,4610304,200448,1202688,153944064,100224.0,200448.0,True
group_32_mse,vision_encoder.backbone.layer.2.attention.k_proj,linear,288,261,768,768,1,24,790272,990720,98784,19243008,38486016,4810752,4810752,4610304,200448,1202688,153944064,100224.0,200448.0,True
group_32_mse,vision_encoder.backbone.layer.2.attention.v_proj,linear,288,261,768,768,1,24,790272,990720,98784,19243008,38486016,4810752,4810752,4610304,200448,1202688,153944064,100224.0,200448.0,True
group_32_mse,vision_encoder.backbone.layer.2.attention,attention_qk,288,261,261,64,12,2,400896,801792,50112,6539616,13079232,1634904,1634904,817452,400896,2405376,52316928,34060.5,68121.0,False
group_32_mse,vision_encoder.backbone.layer.2.attention,attention_av,288,261,64,261,12,9,1017900,2035800,140400,7216128,14432256,1804032,1804032,1603584,1017900,6107400,52316928,34060.5,75168.0,False
group_32_mse,vision_encoder.backbone.layer.2.attention.o_proj,linear,288,261,768,768,1,24,790272,990720,98784,19243008,38486016,4810752,4810752,4610304,200448,1202688,153944064,100224.0,200448.0,True
group_32_mse,vision_encoder.backbone.layer.2.mlp.up_proj,linear,288,261,3072,768,1,24,2559744,2760192,319968,76972032,153944064,19243008,19243008,18441216,200448,1202688,615776256,400896.0,801792.0,True
group_32_mse,vision_encoder.backbone.layer.2.mlp.down_proj,linear,288,261,768,3072,1,96,3161088,3962880,395136,76972032,153944064,19243008,19243008,19042560,801792,4810752,615776256,400896.0,801792.0,True
group_32_mse,vision_encoder.backbone.layer.3.attention.q_proj,linear,288,261,768,768,1,24,790272,990720,98784,19243008,38486016,4810752,4810752,4610304,200448,1202688,153944064,100224.0,200448.0,True
group_32_mse,vision_encoder.backbone.layer.3.attention.k_proj,linear,288,261,768,768,1,24,790272,990720,98784,19243008,38486016,4810752,4810752,4610304,200448,1202688,153944064,100224.0,200448.0,True
group_32_mse,vision_encoder.backbone.layer.3.attention.v_proj,linear,288,261,768,768,1,24,790272,990720,98784,19243008,38486016,4810752,4810752,4610304,200448,1202688,153944064,100224.0,200448.0,True
group_32_mse,vision_encoder.backbone.layer.3.attention,attention_qk,288,261,261,64,12,2,400896,801792,50112,6539616,13079232,1634904,1634904,817452,400896,2405376,52316928,34060.5,68121.0,False
group_32_mse,vision_encoder.backbone.layer.3.attention,attention_av,288,261,64,261,12,9,1017900,2035800,140400,7216128,14432256,1804032,1804032,1603584,1017900,6107400,52316928,34060.5,75168.0,False
group_32_mse,vision_encoder.backbone.layer.3.attention.o_proj,linear,288,261,768,768,1,24,790272,990720,98784,19243008,38486016,4810752,4810752,4610304,200448,1202688,153944064,100224.0,200448.0,True
group_32_mse,vision_encoder.backbone.layer.3.mlp.up_proj,linear,288,261,3072,768,1,24,2559744,2760192,319968,76972032,153944064,19243008,19243008,18441216,200448,1202688,615776256,400896.0,801792.0,True
group_32_mse,vision_encoder.backbone.layer.3.mlp.down_proj,linear,288,261,768,3072,1,96,3161088,3962880,395136,76972032,153944064,19243008,19243008,19042560,801792,4810752,615776256,400896.0,801792.0,True
group_32_mse,vision_encoder.backbone.layer.4.attention.q_proj,linear,288,261,768,768,1,24,790272,990720,98784,19243008,38486016,4810752,4810752,4610304,200448,1202688,153944064,100224.0,200448.0,True
group_32_mse,vision_encoder.backbone.layer.4.attention.k_proj,linear,288,261,768,768,1,24,790272,990720,98784,19243008,38486016,4810752,4810752,4610304,200448,1202688,153944064,100224.0,200448.0,True
group_32_mse,vision_encoder.backbone.layer.4.attention.v_proj,linear,288,261,768,768,1,24,790272,990720,98784,19243008,38486016,4810752,4810752,4610304,200448,1202688,153944064,100224.0,200448.0,True
group_32_mse,vision_encoder.backbone.layer.4.attention,attention_qk,288,261,261,64,12,2,400896,801792,50112,6539616,13079232,1634904,1634904,817452,400896,2405376,52316928,34060.5,68121.0,False
group_32_mse,vision_encoder.backbone.layer.4.attention,attention_av,288,261,64,261,12,9,1017900,2035800,140400,7216128,14432256,1804032,1804032,1603584,1017900,6107400,52316928,34060.5,75168.0,False
group_32_mse,vision_encoder.backbone.layer.4.attention.o_proj,linear,288,261,768,768,1,24,790272,990720,98784,19243008,38486016,4810752,4810752,4610304,200448,1202688,153944064,100224.0,200448.0,True
group_32_mse,vision_encoder.backbone.layer.4.mlp.up_proj,linear,288,261,3072,768,1,24,2559744,2760192,319968,76972032,153944064,19243008,19243008,18441216,200448,1202688,615776256,400896.0,801792.0,True
group_32_mse,vision_encoder.backbone.layer.4.mlp.down_proj,linear,288,261,768,3072,1,96,3161088,3962880,395136,76972032,153944064,19243008,19243008,19042560,801792,4810752,615776256,400896.0,801792.0,True
group_32_mse,vision_encoder.backbone.layer.5.attention.q_proj,linear,288,261,768,768,1,24,790272,990720,98784,19243008,38486016,4810752,4810752,4610304,200448,1202688,153944064,100224.0,200448.0,True
group_32_mse,vision_encoder.backbone.layer.5.attention.k_proj,linear,288,261,768,768,1,24,790272,990720,98784,19243008,38486016,4810752,4810752,4610304,200448,1202688,153944064,100224.0,200448.0,True
group_32_mse,vision_encoder.backbone.layer.5.attention.v_proj,linear,288,261,768,768,1,24,790272,990720,98784,19243008,38486016,4810752,4810752,4610304,200448,1202688,153944064,100224.0,200448.0,True
group_32_mse,vision_encoder.backbone.layer.5.attention,attention_qk,288,261,261,64,12,2,400896,801792,50112,6539616,13079232,1634904,1634904,817452,400896,2405376,52316928,34060.5,68121.0,False
group_32_mse,vision_encoder.backbone.layer.5.attention,attention_av,288,261,64,261,12,9,1017900,2035800,140400,7216128,14432256,1804032,1804032,1603584,1017900,6107400,52316928,34060.5,75168.0,False
group_32_mse,vision_encoder.backbone.layer.5.attention.o_proj,linear,288,261,768,768,1,24,790272,990720,98784,19243008,38486016,4810752,4810752,4610304,200448,1202688,153944064,100224.0,200448.0,True
group_32_mse,vision_encoder.backbone.layer.5.mlp.up_proj,linear,288,261,3072,768,1,24,2559744,2760192,319968,76972032,153944064,19243008,19243008,18441216,200448,1202688,615776256,400896.0,801792.0,True
group_32_mse,vision_encoder.backbone.layer.5.mlp.down_proj,linear,288,261,768,3072,1,96,3161088,3962880,395136,76972032,153944064,19243008,19243008,19042560,801792,4810752,615776256,400896.0,801792.0,True
group_32_mse,vision_encoder.backbone.layer.6.attention.q_proj,linear,288,261,768,768,1,24,790272,990720,98784,19243008,38486016,4810752,4810752,4610304,200448,1202688,153944064,100224.0,200448.0,True
group_32_mse,vision_encoder.backbone.layer.6.attention.k_proj,linear,288,261,768,768,1,24,790272,990720,98784,19243008,38486016,4810752,4810752,4610304,200448,1202688,153944064,100224.0,200448.0,True
group_32_mse,vision_encoder.backbone.layer.6.attention.v_proj,linear,288,261,768,768,1,24,790272,990720,98784,19243008,38486016,4810752,4810752,4610304,200448,1202688,153944064,100224.0,200448.0,True
group_32_mse,vision_encoder.backbone.layer.6.attention,attention_qk,288,261,261,64,12,2,400896,801792,50112,6539616,13079232,1634904,1634904,817452,400896,2405376,52316928,34060.5,68121.0,False
group_32_mse,vision_encoder.backbone.layer.6.attention,attention_av,288,261,64,261,12,9,1017900,2035800,140400,7216128,14432256,1804032,1804032,1603584,1017900,6107400,52316928,34060.5,75168.0,False
group_32_mse,vision_encoder.backbone.layer.6.attention.o_proj,linear,288,261,768,768,1,24,790272,990720,98784,19243008,38486016,4810752,4810752,4610304,200448,1202688,153944064,100224.0,200448.0,True
group_32_mse,vision_encoder.backbone.layer.6.mlp.up_proj,linear,288,261,3072,768,1,24,2559744,2760192,319968,76972032,153944064,19243008,19243008,18441216,200448,1202688,615776256,400896.0,801792.0,True
group_32_mse,vision_encoder.backbone.layer.6.mlp.down_proj,linear,288,261,768,3072,1,96,3161088,3962880,395136,76972032,153944064,19243008,19243008,19042560,801792,4810752,615776256,400896.0,801792.0,True
group_32_mse,vision_encoder.backbone.layer.7.attention.q_proj,linear,288,261,768,768,1,24,790272,990720,98784,19243008,38486016,4810752,4810752,4610304,200448,1202688,153944064,100224.0,200448.0,True
group_32_mse,vision_encoder.backbone.layer.7.attention.k_proj,linear,288,261,768,768,1,24,790272,990720,98784,19243008,38486016,4810752,4810752,4610304,200448,1202688,153944064,100224.0,200448.0,True
group_32_mse,vision_encoder.backbone.layer.7.attention.v_proj,linear,288,261,768,768,1,24,790272,990720,98784,19243008,38486016,4810752,4810752,4610304,200448,1202688,153944064,100224.0,200448.0,True
group_32_mse,vision_encoder.backbone.layer.7.attention,attention_qk,288,261,261,64,12,2,400896,801792,50112,6539616,13079232,1634904,1634904,817452,400896,2405376,52316928,34060.5,68121.0,False
group_32_mse,vision_encoder.backbone.layer.7.attention,attention_av,288,261,64,261,12,9,1017900,2035800,140400,7216128,14432256,1804032,1804032,1603584,1017900,6107400,52316928,34060.5,75168.0,False
group_32_mse,vision_encoder.backbone.layer.7.attention.o_proj,linear,288,261,768,768,1,24,790272,990720,98784,19243008,38486016,4810752,4810752,4610304,200448,1202688,153944064,100224.0,200448.0,True
group_32_mse,vision_encoder.backbone.layer.7.mlp.up_proj,linear,288,261,3072,768,1,24,2559744,2760192,319968,76972032,153944064,19243008,19243008,18441216,200448,1202688,615776256,400896.0,801792.0,True
group_32_mse,vision_encoder.backbone.layer.7.mlp.down_proj,linear,288,261,768,3072,1,96,3161088,3962880,395136,76972032,153944064,19243008,19243008,19042560,801792,4810752,615776256,400896.0,801792.0,True
group_32_mse,vision_encoder.backbone.layer.8.attention.q_proj,linear,288,261,768,768,1,24,790272,990720,98784,19243008,38486016,4810752,4810752,4610304,200448,1202688,153944064,100224.0,200448.0,True
group_32_mse,vision_encoder.backbone.layer.8.attention.k_proj,linear,288,261,768,768,1,24,790272,990720,98784,19243008,38486016,4810752,4810752,4610304,200448,1202688,153944064,100224.0,200448.0,True
group_32_mse,vision_encoder.backbone.layer.8.attention.v_proj,linear,288,261,768,768,1,24,790272,990720,98784,19243008,38486016,4810752,4810752,4610304,200448,1202688,153944064,100224.0,200448.0,True
group_32_mse,vision_encoder.backbone.layer.8.attention,attention_qk,288,261,261,64,12,2,400896,801792,50112,6539616,13079232,1634904,1634904,817452,400896,2405376,52316928,34060.5,68121.0,False
group_32_mse,vision_encoder.backbone.layer.8.attention,attention_av,288,261,64,261,12,9,1017900,2035800,140400,7216128,14432256,1804032,1804032,1603584,1017900,6107400,52316928,34060.5,75168.0,False
group_32_mse,vision_encoder.backbone.layer.8.attention.o_proj,linear,288,261,768,768,1,24,790272,990720,98784,19243008,38486016,4810752,4810752,4610304,200448,1202688,153944064,100224.0,200448.0,True
group_32_mse,vision_encoder.backbone.layer.8.mlp.up_proj,linear,288,261,3072,768,1,24,2559744,2760192,319968,76972032,153944064,19243008,19243008,18441216,200448,1202688,615776256,400896.0,801792.0,True
group_32_mse,vision_encoder.backbone.layer.8.mlp.down_proj,linear,288,261,768,3072,1,96,3161088,3962880,395136,76972032,153944064,19243008,19243008,19042560,801792,4810752,615776256,400896.0,801792.0,True
group_32_mse,vision_encoder.backbone.layer.9.attention.q_proj,linear,288,261,768,768,1,24,790272,990720,98784,19243008,38486016,4810752,4810752,4610304,200448,1202688,153944064,100224.0,200448.0,True
group_32_mse,vision_encoder.backbone.layer.9.attention.k_proj,linear,288,261,768,768,1,24,790272,990720,98784,19243008,38486016,4810752,4810752,4610304,200448,1202688,153944064,100224.0,200448.0,True
group_32_mse,vision_encoder.backbone.layer.9.attention.v_proj,linear,288,261,768,768,1,24,790272,990720,98784,19243008,38486016,4810752,4810752,4610304,200448,1202688,153944064,100224.0,200448.0,True
group_32_mse,vision_encoder.backbone.layer.9.attention,attention_qk,288,261,261,64,12,2,400896,801792,50112,6539616,13079232,1634904,1634904,817452,400896,2405376,52316928,34060.5,68121.0,False
group_32_mse,vision_encoder.backbone.layer.9.attention,attention_av,288,261,64,261,12,9,1017900,2035800,140400,7216128,14432256,1804032,1804032,1603584,1017900,6107400,52316928,34060.5,75168.0,False
group_32_mse,vision_encoder.backbone.layer.9.attention.o_proj,linear,288,261,768,768,1,24,790272,990720,98784,19243008,38486016,4810752,4810752,4610304,200448,1202688,153944064,100224.0,200448.0,True
group_32_mse,vision_encoder.backbone.layer.9.mlp.up_proj,linear,288,261,3072,768,1,24,2559744,2760192,319968,76972032,153944064,19243008,19243008,18441216,200448,1202688,615776256,400896.0,801792.0,True
group_32_mse,vision_encoder.backbone.layer.9.mlp.down_proj,linear,288,261,768,3072,1,96,3161088,3962880,395136,76972032,153944064,19243008,19243008,19042560,801792,4810752,615776256,400896.0,801792.0,True
group_32_mse,vision_encoder.backbone.layer.10.attention.q_proj,linear,288,261,768,768,1,24,790272,990720,98784,19243008,38486016,4810752,4810752,4610304,200448,1202688,153944064,100224.0,200448.0,True
group_32_mse,vision_encoder.backbone.layer.10.attention.k_proj,linear,288,261,768,768,1,24,790272,990720,98784,19243008,38486016,4810752,4810752,4610304,200448,1202688,153944064,100224.0,200448.0,True
group_32_mse,vision_encoder.backbone.layer.10.attention.v_proj,linear,288,261,768,768,1,24,790272,990720,98784,19243008,38486016,4810752,4810752,4610304,200448,1202688,153944064,100224.0,200448.0,True
group_32_mse,vision_encoder.backbone.layer.10.attention,attention_qk,288,261,261,64,12,2,400896,801792,50112,6539616,13079232,1634904,1634904,817452,400896,2405376,52316928,34060.5,68121.0,False
group_32_mse,vision_encoder.backbone.layer.10.attention,attention_av,288,261,64,261,12,9,1017900,2035800,140400,7216128,14432256,1804032,1804032,1603584,1017900,6107400,52316928,34060.5,75168.0,False
group_32_mse,vision_encoder.backbone.layer.10.attention.o_proj,linear,288,261,768,768,1,24,790272,990720,98784,19243008,38486016,4810752,4810752,4610304,200448,1202688,153944064,100224.0,200448.0,True
group_32_mse,vision_encoder.backbone.layer.10.mlp.up_proj,linear,288,261,3072,768,1,24,2559744,2760192,319968,76972032,153944064,19243008,19243008,18441216,200448,1202688,615776256,400896.0,801792.0,True
group_32_mse,vision_encoder.backbone.layer.10.mlp.down_proj,linear,288,261,768,3072,1,96,3161088,3962880,395136,76972032,153944064,19243008,19243008,19042560,801792,4810752,615776256,400896.0,801792.0,True
group_32_mse,vision_encoder.backbone.layer.11.attention.q_proj,linear,288,261,768,768,1,24,790272,990720,98784,19243008,38486016,4810752,4810752,4610304,200448,1202688,153944064,100224.0,200448.0,True
group_32_mse,vision_encoder.backbone.layer.11.attention.k_proj,linear,288,261,768,768,1,24,790272,990720,98784,19243008,38486016,4810752,4810752,4610304,200448,1202688,153944064,100224.0,200448.0,True
group_32_mse,vision_encoder.backbone.layer.11.attention.v_proj,linear,288,261,768,768,1,24,790272,990720,98784,19243008,38486016,4810752,4810752,4610304,200448,1202688,153944064,100224.0,200448.0,True
group_32_mse,vision_encoder.backbone.layer.11.attention,attention_qk,288,261,261,64,12,2,400896,801792,50112,6539616,13079232,1634904,1634904,817452,400896,2405376,52316928,34060.5,68121.0,False
group_32_mse,vision_encoder.backbone.layer.11.attention,attention_av,288,261,64,261,12,9,1017900,2035800,140400,7216128,14432256,1804032,1804032,1603584,1017900,6107400,52316928,34060.5,75168.0,False
group_32_mse,vision_encoder.backbone.layer.11.attention.o_proj,linear,288,261,768,768,1,24,790272,990720,98784,19243008,38486016,4810752,4810752,4610304,200448,1202688,153944064,100224.0,200448.0,True
group_32_mse,vision_encoder.backbone.layer.11.mlp.up_proj,linear,288,261,3072,768,1,24,2559744,2760192,319968,76972032,153944064,19243008,19243008,18441216,200448,1202688,615776256,400896.0,801792.0,True
group_32_mse,vision_encoder.backbone.layer.11.mlp.down_proj,linear,288,261,768,3072,1,96,3161088,3962880,395136,76972032,153944064,19243008,19243008,19042560,801792,4810752,615776256,400896.0,801792.0,True
group_32_mse,vision_projection.skip,linear,144,256,256,768,2,24,589824,983040,73728,12582912,25165824,3145728,3145728,3014656,393216,2359296,100663296,65536.0,131072.0,True
group_32_mse,vision_projection.mlp.0,linear,144,256,1024,768,2,24,1179648,1572864,147456,50331648,100663296,12582912,12582912,12058624,393216,2359296,402653184,262144.0,524288.0,True
group_32_mse,vision_projection.mlp.3,linear,144,256,256,1024,2,32,786432,1310720,98304,16777216,33554432,4194304,4194304,4063232,524288,3145728,134217728,87381.33333333333,174762.66666666666,True
group_32_mse,vision_language_interaction.fusion_layers.0.attn.v_proj,linear,144,512,1024,256,1,8,393216,524288,49152,16777216,33554432,4194304,4194304,3670016,131072,786432,134217728,87381.33333333333,174762.66666666666,True
group_32_mse,vision_language_interaction.fusion_layers.0.attn.l_proj,linear,144,21,1024,256,1,8,267520,272896,33440,688128,1376256,172032,172032,150528,5376,32256,5505024,3584.0,7168.0,True
group_32_mse,vision_language_interaction.fusion_layers.0.attn.values_v_proj,linear,144,512,1024,256,1,8,393216,524288,49152,16777216,33554432,4194304,4194304,3670016,131072,786432,134217728,87381.33333333333,174762.66666666666,True
group_32_mse,vision_language_interaction.fusion_layers.0.attn.values_l_proj,linear,144,21,1024,256,1,8,267520,272896,33440,688128,1376256,172032,172032,150528,5376,32256,5505024,3584.0,7168.0,True
group_32_mse,vision_language_interaction.fusion_layers.0.attn,bmm,144,512,21,256,4,8,545792,1091584,68224,1376256,2752512,344064,344064,301056,545792,3274752,11010048,7168.0,14336.0,False
group_32_mse,vision_language_interaction.fusion_layers.0.attn,bmm,144,512,256,21,4,1,64512,129024,12288,2097152,4194304,524288,524288,0,64512,387072,11010048,7168.0,21845.333333333332,False
group_32_mse,vision_language_interaction.fusion_layers.0.attn,bmm,144,21,256,512,4,16,567296,1134592,70912,1376256,2752512,344064,344064,322560,567296,3403776,11010048,7168.0,14336.0,False
group_32_mse,vision_language_interaction.fusion_layers.0.attn.out_v_proj,linear,144,512,256,1024,1,32,786432,1310720,98304,16777216,33554432,4194304,4194304,4063232,524288,3145728,134217728,87381.33333333333,174762.66666666666,True
group_32_mse,vision_language_interaction.fusion_layers.0.attn.out_l_proj,linear,144,21,256,1024,1,32,283648,305152,35456,688128,1376256,172032,172032,166656,21504,129024,5505024,3584.0,7168.0,True
group_32_mse,vision_language_interaction.text_layers.0.self_attn,linear,144,1,768,256,21,8,201984,207360,25248,516096,1032192,129024,129024,112896,5376,32256,4128768,2688.0,5376.0,True
group_32_mse,vision_language_interaction.text_layers.0.self_attn,baddbmm,144,21,21,64,4,2,10752,21504,1344,14112,28224,3528,3528,1764,10752,64512,112896,73.5,147.0,False
group_32_mse,vision_language_interaction.text_layers.0.self_attn,bmm,144,21,64,21,4,1,7140,14280,1360,21504,43008,5376,5376,0,7140,42840,112896,73.5,224.0,False
group_32_mse,vision_language_interaction.text_layers.0.self_attn,linear,144,21,256,256,1,8,70912,76288,8864,172032,344064,43008,43008,37632,5376,32256,1376256,896.0,1792.0,True
group_32_mse,vision_language_interaction.text_layers.0.linear1,linear,144,1,1024,256,21,8,267520,272896,33440,688128,1376256,172032,172032,150528,5376,32256,5505024,3584.0,7168.0,True
group_32_mse,vision_language_interaction.text_layers.0.linear2,linear,144,1,256,1024,21,32,283648,305152,35456,688128,1376256,172032,172032,166656,21504,129024,5505024,3584.0,7168.0,True
group_32_mse,vision_language_interaction.fusion_layers.1.attn.v_proj,linear,144,512,1024,256,1,8,393216,524288,49152,16777216,33554432,4194304,4194304,3670016,131072,786432,134217728,87381.33333333333,174762.66666666666,True
group_32_mse,vision_language_interaction.fusion_layers.1.attn.l_proj,linear,144,21,1024,256,1,8,267520,272896,33440,688128,1376256,172032,172032,150528,5376,32256,5505024,3584.0,7168.0,True
group_32_mse,vision_language_interaction.fusion_layers.1.attn.values_v_proj,linear,144,512,1024,256,1,8,393216,524288,49152,16777216,33554432,4194304,4194304,3670016,131072,786432,134217728,87381.33333333333,174762.66666666666,True
group_32_mse,vision_language_interaction.fusion_layers.1.attn.values_l_proj,linear,144,21,1024,256,1,8,267520,272896,33440,688128,1376256,172032,172032,150528,5376,32256,5505024,3584.0,7168.0,True
group_32_mse,vision_language_interaction.fusion_layers.1.attn,bmm,144,512,21,256,4,8,545792,1091584,68224,1376256,2752512,344064,344064,301056,545792,3274752,11010048,7168.0,14336.0,False
group_32_mse,vision_language_interaction.fusion_layers.1.attn,bmm,144,512,256,21,4,1,64512,129024,12288,2097152,4194304,524288,524288,0,64512,387072,11010048,7168.0,21845.333333333332,False
group_32_mse,vision_language_interaction.fusion_layers.1.attn,bmm,144,21,256,512,4,16,567296,1134592,70912,1376256,2752512,344064,344064,322560,567296,3403776,11010048,7168.0,14336.0,False
group_32_mse,vision_language_interaction.fusion_layers.1.attn.out_v_proj,linear,144,512,256,1024,1,32,786432,1310720,98304,16777216,33554432,4194304,4194304,4063232,524288,3145728,134217728,87381.33333333333,174762.66666666666,True
group_32_mse,vision_language_interaction.fusion_layers.1.attn.out_l_proj,linear,144,21,256,1024,1,32,283648,305152,35456,688128,1376256,172032,172032,166656,21504,129024,5505024,3584.0,7168.0,True
group_32_mse,vision_language_interaction.text_layers.1.self_attn,linear,144,1,768,256,21,8,201984,207360,25248,516096,1032192,129024,129024,112896,5376,32256,4128768,2688.0,5376.0,True
group_32_mse,vision_language_interaction.text_layers.1.self_attn,baddbmm,144,21,21,64,4,2,10752,21504,1344,14112,28224,3528,3528,1764,10752,64512,112896,73.5,147.0,False
group_32_mse,vision_language_interaction.text_layers.1.self_attn,bmm,144,21,64,21,4,1,7140,14280,1360,21504,43008,5376,5376,0,7140,42840,112896,73.5,224.0,False
group_32_mse,vision_language_interaction.text_layers.1.self_attn,linear,144,21,256,256,1,8,70912,76288,8864,172032,344064,43008,43008,37632,5376,32256,1376256,896.0,1792.0,True
group_32_mse,vision_language_interaction.text_layers.1.linear1,linear,144,1,1024,256,21,8,267520,272896,33440,688128,1376256,172032,172032,150528,5376,32256,5505024,3584.0,7168.0,True
group_32_mse,vision_language_interaction.text_layers.1.linear2,linear,144,1,256,1024,21,32,283648,305152,35456,688128,1376256,172032,172032,166656,21504,129024,5505024,3584.0,7168.0,True
group_32_mse,vision_language_interaction.fusion_layers.2.attn.v_proj,linear,144,512,1024,256,1,8,393216,524288,49152,16777216,33554432,4194304,4194304,3670016,131072,786432,134217728,87381.33333333333,174762.66666666666,True
group_32_mse,vision_language_interaction.fusion_layers.2.attn.l_proj,linear,144,21,1024,256,1,8,267520,272896,33440,688128,1376256,172032,172032,150528,5376,32256,5505024,3584.0,7168.0,True
group_32_mse,vision_language_interaction.fusion_layers.2.attn.values_v_proj,linear,144,512,1024,256,1,8,393216,524288,49152,16777216,33554432,4194304,4194304,3670016,131072,786432,134217728,87381.33333333333,174762.66666666666,True
group_32_mse,vision_language_interaction.fusion_layers.2.attn.values_l_proj,linear,144,21,1024,256,1,8,267520,272896,33440,688128,1376256,172032,172032,150528,5376,32256,5505024,3584.0,7168.0,True
group_32_mse,vision_language_interaction.fusion_layers.2.attn,bmm,144,512,21,256,4,8,545792,1091584,68224,1376256,2752512,344064,344064,301056,545792,3274752,11010048,7168.0,14336.0,False
group_32_mse,vision_language_interaction.fusion_layers.2.attn,bmm,144,512,256,21,4,1,64512,129024,12288,2097152,4194304,524288,524288,0,64512,387072,11010048,7168.0,21845.333333333332,False
group_32_mse,vision_language_interaction.fusion_layers.2.attn,bmm,144,21,256,512,4,16,567296,1134592,70912,1376256,2752512,344064,344064,322560,567296,3403776,11010048,7168.0,14336.0,False
group_32_mse,vision_language_interaction.fusion_layers.2.attn.out_v_proj,linear,144,512,256,1024,1,32,786432,1310720,98304,16777216,33554432,4194304,4194304,4063232,524288,3145728,134217728,87381.33333333333,174762.66666666666,True
group_32_mse,vision_language_interaction.fusion_layers.2.attn.out_l_proj,linear,144,21,256,1024,1,32,283648,305152,35456,688128,1376256,172032,172032,166656,21504,129024,5505024,3584.0,7168.0,True
group_32_mse,vision_language_interaction.text_layers.2.self_attn,linear,144,1,768,256,21,8,201984,207360,25248,516096,1032192,129024,129024,112896,5376,32256,4128768,2688.0,5376.0,True
group_32_mse,vision_language_interaction.text_layers.2.self_attn,baddbmm,144,21,21,64,4,2,10752,21504,1344,14112,28224,3528,3528,1764,10752,64512,112896,73.5,147.0,False
group_32_mse,vision_language_interaction.text_layers.2.self_attn,bmm,144,21,64,21,4,1,7140,14280,1360,21504,43008,5376,5376,0,7140,42840,112896,73.5,224.0,False
group_32_mse,vision_language_interaction.text_layers.2.self_attn,linear,144,21,256,256,1,8,70912,76288,8864,172032,344064,43008,43008,37632,5376,32256,1376256,896.0,1792.0,True
group_32_mse,vision_language_interaction.text_layers.2.linear1,linear,144,1,1024,256,21,8,267520,272896,33440,688128,1376256,172032,172032,150528,5376,32256,5505024,3584.0,7168.0,True
group_32_mse,vision_language_interaction.text_layers.2.linear2,linear,144,1,256,1024,21,32,283648,305152,35456,688128,1376256,172032,172032,166656,21504,129024,5505024,3584.0,7168.0,True
group_32_mse,vision_language_interaction.fusion_layers.3.attn.v_proj,linear,144,512,1024,256,1,8,393216,524288,49152,16777216,33554432,4194304,4194304,3670016,131072,786432,134217728,87381.33333333333,174762.66666666666,True
group_32_mse,vision_language_interaction.fusion_layers.3.attn.l_proj,linear,144,21,1024,256,1,8,267520,272896,33440,688128,1376256,172032,172032,150528,5376,32256,5505024,3584.0,7168.0,True
group_32_mse,vision_language_interaction.fusion_layers.3.attn.values_v_proj,linear,144,512,1024,256,1,8,393216,524288,49152,16777216,33554432,4194304,4194304,3670016,131072,786432,134217728,87381.33333333333,174762.66666666666,True
group_32_mse,vision_language_interaction.fusion_layers.3.attn.values_l_proj,linear,144,21,1024,256,1,8,267520,272896,33440,688128,1376256,172032,172032,150528,5376,32256,5505024,3584.0,7168.0,True
group_32_mse,vision_language_interaction.fusion_layers.3.attn,bmm,144,512,21,256,4,8,545792,1091584,68224,1376256,2752512,344064,344064,301056,545792,3274752,11010048,7168.0,14336.0,False
group_32_mse,vision_language_interaction.fusion_layers.3.attn,bmm,144,512,256,21,4,1,64512,129024,12288,2097152,4194304,524288,524288,0,64512,387072,11010048,7168.0,21845.333333333332,False
group_32_mse,vision_language_interaction.fusion_layers.3.attn,bmm,144,21,256,512,4,16,567296,1134592,70912,1376256,2752512,344064,344064,322560,567296,3403776,11010048,7168.0,14336.0,False
group_32_mse,vision_language_interaction.fusion_layers.3.attn.out_v_proj,linear,144,512,256,1024,1,32,786432,1310720,98304,16777216,33554432,4194304,4194304,4063232,524288,3145728,134217728,87381.33333333333,174762.66666666666,True
group_32_mse,vision_language_interaction.fusion_layers.3.attn.out_l_proj,linear,144,21,256,1024,1,32,283648,305152,35456,688128,1376256,172032,172032,166656,21504,129024,5505024,3584.0,7168.0,True
group_32_mse,vision_language_interaction.text_layers.3.self_attn,linear,144,1,768,256,21,8,201984,207360,25248,516096,1032192,129024,129024,112896,5376,32256,4128768,2688.0,5376.0,True
group_32_mse,vision_language_interaction.text_layers.3.self_attn,baddbmm,144,21,21,64,4,2,10752,21504,1344,14112,28224,3528,3528,1764,10752,64512,112896,73.5,147.0,False
group_32_mse,vision_language_interaction.text_layers.3.self_attn,bmm,144,21,64,21,4,1,7140,14280,1360,21504,43008,5376,5376,0,7140,42840,112896,73.5,224.0,False
group_32_mse,vision_language_interaction.text_layers.3.self_attn,linear,144,21,256,256,1,8,70912,76288,8864,172032,344064,43008,43008,37632,5376,32256,1376256,896.0,1792.0,True
group_32_mse,vision_language_interaction.text_layers.3.linear1,linear,144,1,1024,256,21,8,267520,272896,33440,688128,1376256,172032,172032,150528,5376,32256,5505024,3584.0,7168.0,True
group_32_mse,vision_language_interaction.text_layers.3.linear2,linear,144,1,256,1024,21,32,283648,305152,35456,688128,1376256,172032,172032,166656,21504,129024,5505024,3584.0,7168.0,True
group_32_mse,vision_language_interaction.fusion_layers.4.attn.v_proj,linear,144,512,1024,256,1,8,393216,524288,49152,16777216,33554432,4194304,4194304,3670016,131072,786432,134217728,87381.33333333333,174762.66666666666,True
group_32_mse,vision_language_interaction.fusion_layers.4.attn.l_proj,linear,144,21,1024,256,1,8,267520,272896,33440,688128,1376256,172032,172032,150528,5376,32256,5505024,3584.0,7168.0,True
group_32_mse,vision_language_interaction.fusion_layers.4.attn.values_v_proj,linear,144,512,1024,256,1,8,393216,524288,49152,16777216,33554432,4194304,4194304,3670016,131072,786432,134217728,87381.33333333333,174762.66666666666,True
group_32_mse,vision_language_interaction.fusion_layers.4.attn.values_l_proj,linear,144,21,1024,256,1,8,267520,272896,33440,688128,1376256,172032,172032,150528,5376,32256,5505024,3584.0,7168.0,True
group_32_mse,vision_language_interaction.fusion_layers.4.attn,bmm,144,512,21,256,4,8,545792,1091584,68224,1376256,2752512,344064,344064,301056,545792,3274752,11010048,7168.0,14336.0,False
group_32_mse,vision_language_interaction.fusion_layers.4.attn,bmm,144,512,256,21,4,1,64512,129024,12288,2097152,4194304,524288,524288,0,64512,387072,11010048,7168.0,21845.333333333332,False
group_32_mse,vision_language_interaction.fusion_layers.4.attn,bmm,144,21,256,512,4,16,567296,1134592,70912,1376256,2752512,344064,344064,322560,567296,3403776,11010048,7168.0,14336.0,False
group_32_mse,vision_language_interaction.fusion_layers.4.attn.out_v_proj,linear,144,512,256,1024,1,32,786432,1310720,98304,16777216,33554432,4194304,4194304,4063232,524288,3145728,134217728,87381.33333333333,174762.66666666666,True
group_32_mse,vision_language_interaction.fusion_layers.4.attn.out_l_proj,linear,144,21,256,1024,1,32,283648,305152,35456,688128,1376256,172032,172032,166656,21504,129024,5505024,3584.0,7168.0,True
group_32_mse,vision_language_interaction.text_layers.4.self_attn,linear,144,1,768,256,21,8,201984,207360,25248,516096,1032192,129024,129024,112896,5376,32256,4128768,2688.0,5376.0,True
group_32_mse,vision_language_interaction.text_layers.4.self_attn,baddbmm,144,21,21,64,4,2,10752,21504,1344,14112,28224,3528,3528,1764,10752,64512,112896,73.5,147.0,False
group_32_mse,vision_language_interaction.text_layers.4.self_attn,bmm,144,21,64,21,4,1,7140,14280,1360,21504,43008,5376,5376,0,7140,42840,112896,73.5,224.0,False
group_32_mse,vision_language_interaction.text_layers.4.self_attn,linear,144,21,256,256,1,8,70912,76288,8864,172032,344064,43008,43008,37632,5376,32256,1376256,896.0,1792.0,True
group_32_mse,vision_language_interaction.text_layers.4.linear1,linear,144,1,1024,256,21,8,267520,272896,33440,688128,1376256,172032,172032,150528,5376,32256,5505024,3584.0,7168.0,True
group_32_mse,vision_language_interaction.text_layers.4.linear2,linear,144,1,256,1024,21,32,283648,305152,35456,688128,1376256,172032,172032,166656,21504,129024,5505024,3584.0,7168.0,True
group_32_mse,vision_language_interaction.fusion_layers.5.attn.v_proj,linear,144,512,1024,256,1,8,393216,524288,49152,16777216,33554432,4194304,4194304,3670016,131072,786432,134217728,87381.33333333333,174762.66666666666,True
group_32_mse,vision_language_interaction.fusion_layers.5.attn.l_proj,linear,144,21,1024,256,1,8,267520,272896,33440,688128,1376256,172032,172032,150528,5376,32256,5505024,3584.0,7168.0,True
group_32_mse,vision_language_interaction.fusion_layers.5.attn.values_v_proj,linear,144,512,1024,256,1,8,393216,524288,49152,16777216,33554432,4194304,4194304,3670016,131072,786432,134217728,87381.33333333333,174762.66666666666,True
group_32_mse,vision_language_interaction.fusion_layers.5.attn.values_l_proj,linear,144,21,1024,256,1,8,267520,272896,33440,688128,1376256,172032,172032,150528,5376,32256,5505024,3584.0,7168.0,True
group_32_mse,vision_language_interaction.fusion_layers.5.attn,bmm,144,512,21,256,4,8,545792,1091584,68224,1376256,2752512,344064,344064,301056,545792,3274752,11010048,7168.0,14336.0,False
group_32_mse,vision_language_interaction.fusion_layers.5.attn,bmm,144,512,256,21,4,1,64512,129024,12288,2097152,4194304,524288,524288,0,64512,387072,11010048,7168.0,21845.333333333332,False
group_32_mse,vision_language_interaction.fusion_layers.5.attn,bmm,144,21,256,512,4,16,567296,1134592,70912,1376256,2752512,344064,344064,322560,567296,3403776,11010048,7168.0,14336.0,False
group_32_mse,vision_language_interaction.fusion_layers.5.attn.out_v_proj,linear,144,512,256,1024,1,32,786432,1310720,98304,16777216,33554432,4194304,4194304,4063232,524288,3145728,134217728,87381.33333333333,174762.66666666666,True
group_32_mse,vision_language_interaction.fusion_layers.5.attn.out_l_proj,linear,144,21,256,1024,1,32,283648,305152,35456,688128,1376256,172032,172032,166656,21504,129024,5505024,3584.0,7168.0,True
group_32_mse,vision_language_interaction.text_layers.5.self_attn,linear,144,1,768,256,21,8,201984,207360,25248,516096,1032192,129024,129024,112896,5376,32256,4128768,2688.0,5376.0,True
group_32_mse,vision_language_interaction.text_layers.5.self_attn,baddbmm,144,21,21,64,4,2,10752,21504,1344,14112,28224,3528,3528,1764,10752,64512,112896,73.5,147.0,False
group_32_mse,vision_language_interaction.text_layers.5.self_attn,bmm,144,21,64,21,4,1,7140,14280,1360,21504,43008,5376,5376,0,7140,42840,112896,73.5,224.0,False
group_32_mse,vision_language_interaction.text_layers.5.self_attn,linear,144,21,256,256,1,8,70912,76288,8864,172032,344064,43008,43008,37632,5376,32256,1376256,896.0,1792.0,True
group_32_mse,vision_language_interaction.text_layers.5.linear1,linear,144,1,1024,256,21,8,267520,272896,33440,688128,1376256,172032,172032,150528,5376,32256,5505024,3584.0,7168.0,True
group_32_mse,vision_language_interaction.text_layers.5.linear2,linear,144,1,256,1024,21,32,283648,305152,35456,688128,1376256,172032,172032,166656,21504,129024,5505024,3584.0,7168.0,True
group_32_mse,action_head.state_projection.net.1,linear,144,1,256,8,1,1,2056,2064,1028,1024,2048,256,256,0,8,48,2048,1.3333333333333333,10.666666666666666,True
group_32_mse,action_head.state_projection.net.4,linear,144,1,512,256,1,8,131328,131584,16416,16384,32768,4096,4096,3584,256,1536,131072,85.33333333333333,170.66666666666666,True
group_32_mse,action_head.decoder.decoder.layers.0.self_attn,linear,144,1,768,256,12,8,199680,202752,24960,294912,589824,73728,73728,64512,3072,18432,2359296,1536.0,3072.0,True
group_32_mse,action_head.decoder.decoder.layers.0.self_attn,attention_qk,144,12,12,32,8,1,6144,12288,768,4608,9216,1152,1152,0,6144,36864,36864,24.0,48.0,False
group_32_mse,action_head.decoder.decoder.layers.0.self_attn,attention_av,144,12,32,12,8,1,4224,8448,1408,12288,24576,3072,3072,0,4224,25344,36864,24.0,128.0,False
group_32_mse,action_head.decoder.decoder.layers.0.self_attn,linear,144,12,256,256,1,8,68608,71680,8576,98304,196608,24576,24576,21504,3072,18432,786432,512.0,1024.0,True
group_32_mse,action_head.decoder.decoder.layers.0.multihead_attn,linear,144,1,256,256,12,8,68608,71680,8576,98304,196608,24576,24576,21504,3072,18432,786432,512.0,1024.0,True
group_32_mse,action_head.decoder.decoder.layers.0.multihead_attn,linear,144,1,512,256,535,8,268032,404992,33504,8765440,17530880,2191360,2191360,1917440,136960,821760,70123520,45653.333333333336,91306.66666666667,True
group_32_mse,action_head.decoder.decoder.layers.0.multihead_attn,attention_qk,144,12,535,32,8,1,140032,280064,17504,205440,410880,51360,51360,0,140032,840192,1643520,1070.0,2140.0,False
group_32_mse,action_head.decoder.decoder.layers.0.multihead_attn,attention_av,144,12,32,535,8,17,188320,376640,23936,208896,417792,52224,52224,49152,188320,1129920,1643520,1070.0,2176.0,False
group_32_mse,action_head.decoder.decoder.layers.0.multihead_attn,linear,144,12,256,256,1,8,68608,71680,8576,98304,196608,24576,24576,21504,3072,18432,786432,512.0,1024.0,True
group_32_mse,action_head.decoder.decoder.layers.0.linear1,linear,144,12,2048,256,1,8,527360,530432,65920,786432,1572864,196608,196608,172032,3072,18432,6291456,4096.0,8192.0,True
group_32_mse,action_head.decoder.decoder.layers.0.linear2,linear,144,12,256,2048,1,64,548864,573440,68608,786432,1572864,196608,196608,193536,24576,147456,6291456,4096.0,8192.0,True
group_32_mse,action_head.decoder.decoder.layers.1.self_attn,linear,144,1,768,256,12,8,199680,202752,24960,294912,589824,73728,73728,64512,3072,18432,2359296,1536.0,3072.0,True
group_32_mse,action_head.decoder.decoder.layers.1.self_attn,attention_qk,144,12,12,32,8,1,6144,12288,768,4608,9216,1152,1152,0,6144,36864,36864,24.0,48.0,False
group_32_mse,action_head.decoder.decoder.layers.1.self_attn,attention_av,144,12,32,12,8,1,4224,8448,1408,12288,24576,3072,3072,0,4224,25344,36864,24.0,128.0,False
group_32_mse,action_head.decoder.decoder.layers.1.self_attn,linear,144,12,256,256,1,8,68608,71680,8576,98304,196608,24576,24576,21504,3072,18432,786432,512.0,1024.0,True
group_32_mse,action_head.decoder.decoder.layers.1.multihead_attn,linear,144,1,256,256,12,8,68608,71680,8576,98304,196608,24576,24576,21504,3072,18432,786432,512.0,1024.0,True
group_32_mse,action_head.decoder.decoder.layers.1.multihead_attn,linear,144,1,512,256,535,8,268032,404992,33504,8765440,17530880,2191360,2191360,1917440,136960,821760,70123520,45653.333333333336,91306.66666666667,True
group_32_mse,action_head.decoder.decoder.layers.1.multihead_attn,attention_qk,144,12,535,32,8,1,140032,280064,17504,205440,410880,51360,51360,0,140032,840192,1643520,1070.0,2140.0,False
group_32_mse,action_head.decoder.decoder.layers.1.multihead_attn,attention_av,144,12,32,535,8,17,188320,376640,23936,208896,417792,52224,52224,49152,188320,1129920,1643520,1070.0,2176.0,False
group_32_mse,action_head.decoder.decoder.layers.1.multihead_attn,linear,144,12,256,256,1,8,68608,71680,8576,98304,196608,24576,24576,21504,3072,18432,786432,512.0,1024.0,True
group_32_mse,action_head.decoder.decoder.layers.1.linear1,linear,144,12,2048,256,1,8,527360,530432,65920,786432,1572864,196608,196608,172032,3072,18432,6291456,4096.0,8192.0,True
group_32_mse,action_head.decoder.decoder.layers.1.linear2,linear,144,12,256,2048,1,64,548864,573440,68608,786432,1572864,196608,196608,193536,24576,147456,6291456,4096.0,8192.0,True
group_32_mse,action_head.decoder.decoder.layers.2.self_attn,linear,144,1,768,256,12,8,199680,202752,24960,294912,589824,73728,73728,64512,3072,18432,2359296,1536.0,3072.0,True
group_32_mse,action_head.decoder.decoder.layers.2.self_attn,attention_qk,144,12,12,32,8,1,6144,12288,768,4608,9216,1152,1152,0,6144,36864,36864,24.0,48.0,False
group_32_mse,action_head.decoder.decoder.layers.2.self_attn,attention_av,144,12,32,12,8,1,4224,8448,1408,12288,24576,3072,3072,0,4224,25344,36864,24.0,128.0,False
group_32_mse,action_head.decoder.decoder.layers.2.self_attn,linear,144,12,256,256,1,8,68608,71680,8576,98304,196608,24576,24576,21504,3072,18432,786432,512.0,1024.0,True
group_32_mse,action_head.decoder.decoder.layers.2.multihead_attn,linear,144,1,256,256,12,8,68608,71680,8576,98304,196608,24576,24576,21504,3072,18432,786432,512.0,1024.0,True
group_32_mse,action_head.decoder.decoder.layers.2.multihead_attn,linear,144,1,512,256,535,8,268032,404992,33504,8765440,17530880,2191360,2191360,1917440,136960,821760,70123520,45653.333333333336,91306.66666666667,True
group_32_mse,action_head.decoder.decoder.layers.2.multihead_attn,attention_qk,144,12,535,32,8,1,140032,280064,17504,205440,410880,51360,51360,0,140032,840192,1643520,1070.0,2140.0,False
group_32_mse,action_head.decoder.decoder.layers.2.multihead_attn,attention_av,144,12,32,535,8,17,188320,376640,23936,208896,417792,52224,52224,49152,188320,1129920,1643520,1070.0,2176.0,False
group_32_mse,action_head.decoder.decoder.layers.2.multihead_attn,linear,144,12,256,256,1,8,68608,71680,8576,98304,196608,24576,24576,21504,3072,18432,786432,512.0,1024.0,True
group_32_mse,action_head.decoder.decoder.layers.2.linear1,linear,144,12,2048,256,1,8,527360,530432,65920,786432,1572864,196608,196608,172032,3072,18432,6291456,4096.0,8192.0,True
group_32_mse,action_head.decoder.decoder.layers.2.linear2,linear,144,12,256,2048,1,64,548864,573440,68608,786432,1572864,196608,196608,193536,24576,147456,6291456,4096.0,8192.0,True
group_32_mse,action_head.decoder.action_projection.layers.0,linear,144,12,512,256,1,8,134144,137216,16768,196608,393216,49152,49152,43008,3072,18432,1572864,1024.0,2048.0,True
group_32_mse,action_head.decoder.action_projection.layers.1,linear,144,12,512,512,1,16,268288,274432,33536,393216,786432,98304,98304,92160,6144,36864,3145728,2048.0,4096.0,True
group_32_mse,action_head.decoder.action_projection.layers.2,linear,144,12,7,512,1,16,9728,15872,1216,5376,10752,1344,1344,1260,6144,36864,43008,28.0,56.0,True
group_32_mse,text_encoder.bert.encoder.layer.0.attention.self.query,linear,36,11,768,768,1,24,598272,606720,74784,811008,1622016,202752,202752,194304,8448,50688,6488064,4224.0,8448.0,True
group_32_mse,text_encoder.bert.encoder.layer.0.attention.self.key,linear,36,11,768,768,1,24,598272,606720,74784,811008,1622016,202752,202752,194304,8448,50688,6488064,4224.0,8448.0,True
group_32_mse,text_encoder.bert.encoder.layer.0.attention.self.value,linear,36,11,768,768,1,24,598272,606720,74784,811008,1622016,202752,202752,194304,8448,50688,6488064,4224.0,8448.0,True
group_32_mse,text_encoder.bert.encoder.layer.0.attention.self,attention_qk,36,11,11,64,12,2,16896,33792,2112,11616,23232,2904,2904,1452,16896,101376,92928,60.5,121.0,False
group_32_mse,text_encoder.bert.encoder.layer.0.attention.self,attention_av,36,11,64,11,12,1,9900,19800,3600,33792,67584,8448,8448,0,9900,59400,92928,60.5,352.0,False
group_32_mse,text_encoder.bert.encoder.layer.0.attention.output.dense,linear,36,11,768,768,1,24,598272,606720,74784,811008,1622016,202752,202752,194304,8448,50688,6488064,4224.0,8448.0,True
group_32_mse,text_encoder.bert.encoder.layer.0.intermediate.dense,linear,36,11,3072,768,1,24,2367744,2376192,295968,3244032,6488064,811008,811008,777216,8448,50688,25952256,16896.0,33792.0,True
group_32_mse,text_encoder.bert.encoder.layer.0.output.dense,linear,36,11,768,3072,1,96,2393088,2426880,299136,3244032,6488064,811008,811008,802560,33792,202752,25952256,16896.0,33792.0,True
group_32_mse,text_encoder.bert.encoder.layer.1.attention.self.query,linear,36,11,768,768,1,24,598272,606720,74784,811008,1622016,202752,202752,194304,8448,50688,6488064,4224.0,8448.0,True
group_32_mse,text_encoder.bert.encoder.layer.1.attention.self.key,linear,36,11,768,768,1,24,598272,606720,74784,811008,1622016,202752,202752,194304,8448,50688,6488064,4224.0,8448.0,True
group_32_mse,text_encoder.bert.encoder.layer.1.attention.self.value,linear,36,11,768,768,1,24,598272,606720,74784,811008,1622016,202752,202752,194304,8448,50688,6488064,4224.0,8448.0,True
group_32_mse,text_encoder.bert.encoder.layer.1.attention.self,attention_qk,36,11,11,64,12,2,16896,33792,2112,11616,23232,2904,2904,1452,16896,101376,92928,60.5,121.0,False
group_32_mse,text_encoder.bert.encoder.layer.1.attention.self,attention_av,36,11,64,11,12,1,9900,19800,3600,33792,67584,8448,8448,0,9900,59400,92928,60.5,352.0,False
group_32_mse,text_encoder.bert.encoder.layer.1.attention.output.dense,linear,36,11,768,768,1,24,598272,606720,74784,811008,1622016,202752,202752,194304,8448,50688,6488064,4224.0,8448.0,True
group_32_mse,text_encoder.bert.encoder.layer.1.intermediate.dense,linear,36,11,3072,768,1,24,2367744,2376192,295968,3244032,6488064,811008,811008,777216,8448,50688,25952256,16896.0,33792.0,True
group_32_mse,text_encoder.bert.encoder.layer.1.output.dense,linear,36,11,768,3072,1,96,2393088,2426880,299136,3244032,6488064,811008,811008,802560,33792,202752,25952256,16896.0,33792.0,True
group_32_mse,text_encoder.bert.encoder.layer.2.attention.self.query,linear,36,11,768,768,1,24,598272,606720,74784,811008,1622016,202752,202752,194304,8448,50688,6488064,4224.0,8448.0,True
group_32_mse,text_encoder.bert.encoder.layer.2.attention.self.key,linear,36,11,768,768,1,24,598272,606720,74784,811008,1622016,202752,202752,194304,8448,50688,6488064,4224.0,8448.0,True
group_32_mse,text_encoder.bert.encoder.layer.2.attention.self.value,linear,36,11,768,768,1,24,598272,606720,74784,811008,1622016,202752,202752,194304,8448,50688,6488064,4224.0,8448.0,True
group_32_mse,text_encoder.bert.encoder.layer.2.attention.self,attention_qk,36,11,11,64,12,2,16896,33792,2112,11616,23232,2904,2904,1452,16896,101376,92928,60.5,121.0,False
group_32_mse,text_encoder.bert.encoder.layer.2.attention.self,attention_av,36,11,64,11,12,1,9900,19800,3600,33792,67584,8448,8448,0,9900,59400,92928,60.5,352.0,False
group_32_mse,text_encoder.bert.encoder.layer.2.attention.output.dense,linear,36,11,768,768,1,24,598272,606720,74784,811008,1622016,202752,202752,194304,8448,50688,6488064,4224.0,8448.0,True
group_32_mse,text_encoder.bert.encoder.layer.2.intermediate.dense,linear,36,11,3072,768,1,24,2367744,2376192,295968,3244032,6488064,811008,811008,777216,8448,50688,25952256,16896.0,33792.0,True
group_32_mse,text_encoder.bert.encoder.layer.2.output.dense,linear,36,11,768,3072,1,96,2393088,2426880,299136,3244032,6488064,811008,811008,802560,33792,202752,25952256,16896.0,33792.0,True
group_32_mse,text_encoder.bert.encoder.layer.3.attention.self.query,linear,36,11,768,768,1,24,598272,606720,74784,811008,1622016,202752,202752,194304,8448,50688,6488064,4224.0,8448.0,True
group_32_mse,text_encoder.bert.encoder.layer.3.attention.self.key,linear,36,11,768,768,1,24,598272,606720,74784,811008,1622016,202752,202752,194304,8448,50688,6488064,4224.0,8448.0,True
group_32_mse,text_encoder.bert.encoder.layer.3.attention.self.value,linear,36,11,768,768,1,24,598272,606720,74784,811008,1622016,202752,202752,194304,8448,50688,6488064,4224.0,8448.0,True
group_32_mse,text_encoder.bert.encoder.layer.3.attention.self,attention_qk,36,11,11,64,12,2,16896,33792,2112,11616,23232,2904,2904,1452,16896,101376,92928,60.5,121.0,False
group_32_mse,text_encoder.bert.encoder.layer.3.attention.self,attention_av,36,11,64,11,12,1,9900,19800,3600,33792,67584,8448,8448,0,9900,59400,92928,60.5,352.0,False
group_32_mse,text_encoder.bert.encoder.layer.3.attention.output.dense,linear,36,11,768,768,1,24,598272,606720,74784,811008,1622016,202752,202752,194304,8448,50688,6488064,4224.0,8448.0,True
group_32_mse,text_encoder.bert.encoder.layer.3.intermediate.dense,linear,36,11,3072,768,1,24,2367744,2376192,295968,3244032,6488064,811008,811008,777216,8448,50688,25952256,16896.0,33792.0,True
group_32_mse,text_encoder.bert.encoder.layer.3.output.dense,linear,36,11,768,3072,1,96,2393088,2426880,299136,3244032,6488064,811008,811008,802560,33792,202752,25952256,16896.0,33792.0,True
group_32_mse,text_encoder.bert.encoder.layer.4.attention.self.query,linear,36,11,768,768,1,24,598272,606720,74784,811008,1622016,202752,202752,194304,8448,50688,6488064,4224.0,8448.0,True
group_32_mse,text_encoder.bert.encoder.layer.4.attention.self.key,linear,36,11,768,768,1,24,598272,606720,74784,811008,1622016,202752,202752,194304,8448,50688,6488064,4224.0,8448.0,True
group_32_mse,text_encoder.bert.encoder.layer.4.attention.self.value,linear,36,11,768,768,1,24,598272,606720,74784,811008,1622016,202752,202752,194304,8448,50688,6488064,4224.0,8448.0,True
group_32_mse,text_encoder.bert.encoder.layer.4.attention.self,attention_qk,36,11,11,64,12,2,16896,33792,2112,11616,23232,2904,2904,1452,16896,101376,92928,60.5,121.0,False
group_32_mse,text_encoder.bert.encoder.layer.4.attention.self,attention_av,36,11,64,11,12,1,9900,19800,3600,33792,67584,8448,8448,0,9900,59400,92928,60.5,352.0,False
group_32_mse,text_encoder.bert.encoder.layer.4.attention.output.dense,linear,36,11,768,768,1,24,598272,606720,74784,811008,1622016,202752,202752,194304,8448,50688,6488064,4224.0,8448.0,True
group_32_mse,text_encoder.bert.encoder.layer.4.intermediate.dense,linear,36,11,3072,768,1,24,2367744,2376192,295968,3244032,6488064,811008,811008,777216,8448,50688,25952256,16896.0,33792.0,True
group_32_mse,text_encoder.bert.encoder.layer.4.output.dense,linear,36,11,768,3072,1,96,2393088,2426880,299136,3244032,6488064,811008,811008,802560,33792,202752,25952256,16896.0,33792.0,True
group_32_mse,text_encoder.bert.encoder.layer.5.attention.self.query,linear,36,11,768,768,1,24,598272,606720,74784,811008,1622016,202752,202752,194304,8448,50688,6488064,4224.0,8448.0,True
group_32_mse,text_encoder.bert.encoder.layer.5.attention.self.key,linear,36,11,768,768,1,24,598272,606720,74784,811008,1622016,202752,202752,194304,8448,50688,6488064,4224.0,8448.0,True
group_32_mse,text_encoder.bert.encoder.layer.5.attention.self.value,linear,36,11,768,768,1,24,598272,606720,74784,811008,1622016,202752,202752,194304,8448,50688,6488064,4224.0,8448.0,True
group_32_mse,text_encoder.bert.encoder.layer.5.attention.self,attention_qk,36,11,11,64,12,2,16896,33792,2112,11616,23232,2904,2904,1452,16896,101376,92928,60.5,121.0,False
group_32_mse,text_encoder.bert.encoder.layer.5.attention.self,attention_av,36,11,64,11,12,1,9900,19800,3600,33792,67584,8448,8448,0,9900,59400,92928,60.5,352.0,False
group_32_mse,text_encoder.bert.encoder.layer.5.attention.output.dense,linear,36,11,768,768,1,24,598272,606720,74784,811008,1622016,202752,202752,194304,8448,50688,6488064,4224.0,8448.0,True
group_32_mse,text_encoder.bert.encoder.layer.5.intermediate.dense,linear,36,11,3072,768,1,24,2367744,2376192,295968,3244032,6488064,811008,811008,777216,8448,50688,25952256,16896.0,33792.0,True
group_32_mse,text_encoder.bert.encoder.layer.5.output.dense,linear,36,11,768,3072,1,96,2393088,2426880,299136,3244032,6488064,811008,811008,802560,33792,202752,25952256,16896.0,33792.0,True
group_32_mse,text_encoder.bert.encoder.layer.6.attention.self.query,linear,36,11,768,768,1,24,598272,606720,74784,811008,1622016,202752,202752,194304,8448,50688,6488064,4224.0,8448.0,True
group_32_mse,text_encoder.bert.encoder.layer.6.attention.self.key,linear,36,11,768,768,1,24,598272,606720,74784,811008,1622016,202752,202752,194304,8448,50688,6488064,4224.0,8448.0,True
group_32_mse,text_encoder.bert.encoder.layer.6.attention.self.value,linear,36,11,768,768,1,24,598272,606720,74784,811008,1622016,202752,202752,194304,8448,50688,6488064,4224.0,8448.0,True
group_32_mse,text_encoder.bert.encoder.layer.6.attention.self,attention_qk,36,11,11,64,12,2,16896,33792,2112,11616,23232,2904,2904,1452,16896,101376,92928,60.5,121.0,False
group_32_mse,text_encoder.bert.encoder.layer.6.attention.self,attention_av,36,11,64,11,12,1,9900,19800,3600,33792,67584,8448,8448,0,9900,59400,92928,60.5,352.0,False
group_32_mse,text_encoder.bert.encoder.layer.6.attention.output.dense,linear,36,11,768,768,1,24,598272,606720,74784,811008,1622016,202752,202752,194304,8448,50688,6488064,4224.0,8448.0,True
group_32_mse,text_encoder.bert.encoder.layer.6.intermediate.dense,linear,36,11,3072,768,1,24,2367744,2376192,295968,3244032,6488064,811008,811008,777216,8448,50688,25952256,16896.0,33792.0,True
group_32_mse,text_encoder.bert.encoder.layer.6.output.dense,linear,36,11,768,3072,1,96,2393088,2426880,299136,3244032,6488064,811008,811008,802560,33792,202752,25952256,16896.0,33792.0,True
group_32_mse,text_encoder.bert.encoder.layer.7.attention.self.query,linear,36,11,768,768,1,24,598272,606720,74784,811008,1622016,202752,202752,194304,8448,50688,6488064,4224.0,8448.0,True
group_32_mse,text_encoder.bert.encoder.layer.7.attention.self.key,linear,36,11,768,768,1,24,598272,606720,74784,811008,1622016,202752,202752,194304,8448,50688,6488064,4224.0,8448.0,True
group_32_mse,text_encoder.bert.encoder.layer.7.attention.self.value,linear,36,11,768,768,1,24,598272,606720,74784,811008,1622016,202752,202752,194304,8448,50688,6488064,4224.0,8448.0,True
group_32_mse,text_encoder.bert.encoder.layer.7.attention.self,attention_qk,36,11,11,64,12,2,16896,33792,2112,11616,23232,2904,2904,1452,16896,101376,92928,60.5,121.0,False
group_32_mse,text_encoder.bert.encoder.layer.7.attention.self,attention_av,36,11,64,11,12,1,9900,19800,3600,33792,67584,8448,8448,0,9900,59400,92928,60.5,352.0,False
group_32_mse,text_encoder.bert.encoder.layer.7.attention.output.dense,linear,36,11,768,768,1,24,598272,606720,74784,811008,1622016,202752,202752,194304,8448,50688,6488064,4224.0,8448.0,True
group_32_mse,text_encoder.bert.encoder.layer.7.intermediate.dense,linear,36,11,3072,768,1,24,2367744,2376192,295968,3244032,6488064,811008,811008,777216,8448,50688,25952256,16896.0,33792.0,True
group_32_mse,text_encoder.bert.encoder.layer.7.output.dense,linear,36,11,768,3072,1,96,2393088,2426880,299136,3244032,6488064,811008,811008,802560,33792,202752,25952256,16896.0,33792.0,True
group_32_mse,text_encoder.bert.encoder.layer.8.attention.self.query,linear,36,11,768,768,1,24,598272,606720,74784,811008,1622016,202752,202752,194304,8448,50688,6488064,4224.0,8448.0,True
group_32_mse,text_encoder.bert.encoder.layer.8.attention.self.key,linear,36,11,768,768,1,24,598272,606720,74784,811008,1622016,202752,202752,194304,8448,50688,6488064,4224.0,8448.0,True
group_32_mse,text_encoder.bert.encoder.layer.8.attention.self.value,linear,36,11,768,768,1,24,598272,606720,74784,811008,1622016,202752,202752,194304,8448,50688,6488064,4224.0,8448.0,True
group_32_mse,text_encoder.bert.encoder.layer.8.attention.self,attention_qk,36,11,11,64,12,2,16896,33792,2112,11616,23232,2904,2904,1452,16896,101376,92928,60.5,121.0,False
group_32_mse,text_encoder.bert.encoder.layer.8.attention.self,attention_av,36,11,64,11,12,1,9900,19800,3600,33792,67584,8448,8448,0,9900,59400,92928,60.5,352.0,False
group_32_mse,text_encoder.bert.encoder.layer.8.attention.output.dense,linear,36,11,768,768,1,24,598272,606720,74784,811008,1622016,202752,202752,194304,8448,50688,6488064,4224.0,8448.0,True
group_32_mse,text_encoder.bert.encoder.layer.8.intermediate.dense,linear,36,11,3072,768,1,24,2367744,2376192,295968,3244032,6488064,811008,811008,777216,8448,50688,25952256,16896.0,33792.0,True
group_32_mse,text_encoder.bert.encoder.layer.8.output.dense,linear,36,11,768,3072,1,96,2393088,2426880,299136,3244032,6488064,811008,811008,802560,33792,202752,25952256,16896.0,33792.0,True
group_32_mse,text_encoder.bert.encoder.layer.9.attention.self.query,linear,36,11,768,768,1,24,598272,606720,74784,811008,1622016,202752,202752,194304,8448,50688,6488064,4224.0,8448.0,True
group_32_mse,text_encoder.bert.encoder.layer.9.attention.self.key,linear,36,11,768,768,1,24,598272,606720,74784,811008,1622016,202752,202752,194304,8448,50688,6488064,4224.0,8448.0,True
group_32_mse,text_encoder.bert.encoder.layer.9.attention.self.value,linear,36,11,768,768,1,24,598272,606720,74784,811008,1622016,202752,202752,194304,8448,50688,6488064,4224.0,8448.0,True
group_32_mse,text_encoder.bert.encoder.layer.9.attention.self,attention_qk,36,11,11,64,12,2,16896,33792,2112,11616,23232,2904,2904,1452,16896,101376,92928,60.5,121.0,False
group_32_mse,text_encoder.bert.encoder.layer.9.attention.self,attention_av,36,11,64,11,12,1,9900,19800,3600,33792,67584,8448,8448,0,9900,59400,92928,60.5,352.0,False
group_32_mse,text_encoder.bert.encoder.layer.9.attention.output.dense,linear,36,11,768,768,1,24,598272,606720,74784,811008,1622016,202752,202752,194304,8448,50688,6488064,4224.0,8448.0,True
group_32_mse,text_encoder.bert.encoder.layer.9.intermediate.dense,linear,36,11,3072,768,1,24,2367744,2376192,295968,3244032,6488064,811008,811008,777216,8448,50688,25952256,16896.0,33792.0,True
group_32_mse,text_encoder.bert.encoder.layer.9.output.dense,linear,36,11,768,3072,1,96,2393088,2426880,299136,3244032,6488064,811008,811008,802560,33792,202752,25952256,16896.0,33792.0,True
group_32_mse,text_encoder.bert.encoder.layer.10.attention.self.query,linear,36,11,768,768,1,24,598272,606720,74784,811008,1622016,202752,202752,194304,8448,50688,6488064,4224.0,8448.0,True
group_32_mse,text_encoder.bert.encoder.layer.10.attention.self.key,linear,36,11,768,768,1,24,598272,606720,74784,811008,1622016,202752,202752,194304,8448,50688,6488064,4224.0,8448.0,True
group_32_mse,text_encoder.bert.encoder.layer.10.attention.self.value,linear,36,11,768,768,1,24,598272,606720,74784,811008,1622016,202752,202752,194304,8448,50688,6488064,4224.0,8448.0,True
group_32_mse,text_encoder.bert.encoder.layer.10.attention.self,attention_qk,36,11,11,64,12,2,16896,33792,2112,11616,23232,2904,2904,1452,16896,101376,92928,60.5,121.0,False
group_32_mse,text_encoder.bert.encoder.layer.10.attention.self,attention_av,36,11,64,11,12,1,9900,19800,3600,33792,67584,8448,8448,0,9900,59400,92928,60.5,352.0,False
group_32_mse,text_encoder.bert.encoder.layer.10.attention.output.dense,linear,36,11,768,768,1,24,598272,606720,74784,811008,1622016,202752,202752,194304,8448,50688,6488064,4224.0,8448.0,True
group_32_mse,text_encoder.bert.encoder.layer.10.intermediate.dense,linear,36,11,3072,768,1,24,2367744,2376192,295968,3244032,6488064,811008,811008,777216,8448,50688,25952256,16896.0,33792.0,True
group_32_mse,text_encoder.bert.encoder.layer.10.output.dense,linear,36,11,768,3072,1,96,2393088,2426880,299136,3244032,6488064,811008,811008,802560,33792,202752,25952256,16896.0,33792.0,True
group_32_mse,text_encoder.bert.encoder.layer.11.attention.self.query,linear,36,11,768,768,1,24,598272,606720,74784,811008,1622016,202752,202752,194304,8448,50688,6488064,4224.0,8448.0,True
group_32_mse,text_encoder.bert.encoder.layer.11.attention.self.key,linear,36,11,768,768,1,24,598272,606720,74784,811008,1622016,202752,202752,194304,8448,50688,6488064,4224.0,8448.0,True
group_32_mse,text_encoder.bert.encoder.layer.11.attention.self.value,linear,36,11,768,768,1,24,598272,606720,74784,811008,1622016,202752,202752,194304,8448,50688,6488064,4224.0,8448.0,True
group_32_mse,text_encoder.bert.encoder.layer.11.attention.self,attention_qk,36,11,11,64,12,2,16896,33792,2112,11616,23232,2904,2904,1452,16896,101376,92928,60.5,121.0,False
group_32_mse,text_encoder.bert.encoder.layer.11.attention.self,attention_av,36,11,64,11,12,1,9900,19800,3600,33792,67584,8448,8448,0,9900,59400,92928,60.5,352.0,False
group_32_mse,text_encoder.bert.encoder.layer.11.attention.output.dense,linear,36,11,768,768,1,24,598272,606720,74784,811008,1622016,202752,202752,194304,8448,50688,6488064,4224.0,8448.0,True
group_32_mse,text_encoder.bert.encoder.layer.11.intermediate.dense,linear,36,11,3072,768,1,24,2367744,2376192,295968,3244032,6488064,811008,811008,777216,8448,50688,25952256,16896.0,33792.0,True
group_32_mse,text_encoder.bert.encoder.layer.11.output.dense,linear,36,11,768,3072,1,96,2393088,2426880,299136,3244032,6488064,811008,811008,802560,33792,202752,25952256,16896.0,33792.0,True
group_32_mse,text_encoder.bert.encoder.layer.0.attention.self.query,linear,36,14,768,768,1,24,600576,611328,75072,1032192,2064384,258048,258048,247296,10752,64512,8257536,5376.0,10752.0,True
group_32_mse,text_encoder.bert.encoder.layer.0.attention.self.key,linear,36,14,768,768,1,24,600576,611328,75072,1032192,2064384,258048,258048,247296,10752,64512,8257536,5376.0,10752.0,True
group_32_mse,text_encoder.bert.encoder.layer.0.attention.self.value,linear,36,14,768,768,1,24,600576,611328,75072,1032192,2064384,258048,258048,247296,10752,64512,8257536,5376.0,10752.0,True
group_32_mse,text_encoder.bert.encoder.layer.0.attention.self,attention_qk,36,14,14,64,12,2,21504,43008,2688,18816,37632,4704,4704,2352,21504,129024,150528,98.0,196.0,False
group_32_mse,text_encoder.bert.encoder.layer.0.attention.self,attention_av,36,14,64,14,12,1,13104,26208,3744,43008,86016,10752,10752,0,13104,78624,150528,98.0,448.0,False
group_32_mse,text_encoder.bert.encoder.layer.0.attention.output.dense,linear,36,14,768,768,1,24,600576,611328,75072,1032192,2064384,258048,258048,247296,10752,64512,8257536,5376.0,10752.0,True
group_32_mse,text_encoder.bert.encoder.layer.0.intermediate.dense,linear,36,14,3072,768,1,24,2370048,2380800,296256,4128768,8257536,1032192,1032192,989184,10752,64512,33030144,21504.0,43008.0,True
group_32_mse,text_encoder.bert.encoder.layer.0.output.dense,linear,36,14,768,3072,1,96,2402304,2445312,300288,4128768,8257536,1032192,1032192,1021440,43008,258048,33030144,21504.0,43008.0,True
group_32_mse,text_encoder.bert.encoder.layer.1.attention.self.query,linear,36,14,768,768,1,24,600576,611328,75072,1032192,2064384,258048,258048,247296,10752,64512,8257536,5376.0,10752.0,True
group_32_mse,text_encoder.bert.encoder.layer.1.attention.self.key,linear,36,14,768,768,1,24,600576,611328,75072,1032192,2064384,258048,258048,247296,10752,64512,8257536,5376.0,10752.0,True
group_32_mse,text_encoder.bert.encoder.layer.1.attention.self.value,linear,36,14,768,768,1,24,600576,611328,75072,1032192,2064384,258048,258048,247296,10752,64512,8257536,5376.0,10752.0,True
group_32_mse,text_encoder.bert.encoder.layer.1.attention.self,attention_qk,36,14,14,64,12,2,21504,43008,2688,18816,37632,4704,4704,2352,21504,129024,150528,98.0,196.0,False
group_32_mse,text_encoder.bert.encoder.layer.1.attention.self,attention_av,36,14,64,14,12,1,13104,26208,3744,43008,86016,10752,10752,0,13104,78624,150528,98.0,448.0,False
group_32_mse,text_encoder.bert.encoder.layer.1.attention.output.dense,linear,36,14,768,768,1,24,600576,611328,75072,1032192,2064384,258048,258048,247296,10752,64512,8257536,5376.0,10752.0,True
group_32_mse,text_encoder.bert.encoder.layer.1.intermediate.dense,linear,36,14,3072,768,1,24,2370048,2380800,296256,4128768,8257536,1032192,1032192,989184,10752,64512,33030144,21504.0,43008.0,True
group_32_mse,text_encoder.bert.encoder.layer.1.output.dense,linear,36,14,768,3072,1,96,2402304,2445312,300288,4128768,8257536,1032192,1032192,1021440,43008,258048,33030144,21504.0,43008.0,True
group_32_mse,text_encoder.bert.encoder.layer.2.attention.self.query,linear,36,14,768,768,1,24,600576,611328,75072,1032192,2064384,258048,258048,247296,10752,64512,8257536,5376.0,10752.0,True
group_32_mse,text_encoder.bert.encoder.layer.2.attention.self.key,linear,36,14,768,768,1,24,600576,611328,75072,1032192,2064384,258048,258048,247296,10752,64512,8257536,5376.0,10752.0,True
group_32_mse,text_encoder.bert.encoder.layer.2.attention.self.value,linear,36,14,768,768,1,24,600576,611328,75072,1032192,2064384,258048,258048,247296,10752,64512,8257536,5376.0,10752.0,True
group_32_mse,text_encoder.bert.encoder.layer.2.attention.self,attention_qk,36,14,14,64,12,2,21504,43008,2688,18816,37632,4704,4704,2352,21504,129024,150528,98.0,196.0,False
group_32_mse,text_encoder.bert.encoder.layer.2.attention.self,attention_av,36,14,64,14,12,1,13104,26208,3744,43008,86016,10752,10752,0,13104,78624,150528,98.0,448.0,False
group_32_mse,text_encoder.bert.encoder.layer.2.attention.output.dense,linear,36,14,768,768,1,24,600576,611328,75072,1032192,2064384,258048,258048,247296,10752,64512,8257536,5376.0,10752.0,True
group_32_mse,text_encoder.bert.encoder.layer.2.intermediate.dense,linear,36,14,3072,768,1,24,2370048,2380800,296256,4128768,8257536,1032192,1032192,989184,10752,64512,33030144,21504.0,43008.0,True
group_32_mse,text_encoder.bert.encoder.layer.2.output.dense,linear,36,14,768,3072,1,96,2402304,2445312,300288,4128768,8257536,1032192,1032192,1021440,43008,258048,33030144,21504.0,43008.0,True
group_32_mse,text_encoder.bert.encoder.layer.3.attention.self.query,linear,36,14,768,768,1,24,600576,611328,75072,1032192,2064384,258048,258048,247296,10752,64512,8257536,5376.0,10752.0,True
group_32_mse,text_encoder.bert.encoder.layer.3.attention.self.key,linear,36,14,768,768,1,24,600576,611328,75072,1032192,2064384,258048,258048,247296,10752,64512,8257536,5376.0,10752.0,True
group_32_mse,text_encoder.bert.encoder.layer.3.attention.self.value,linear,36,14,768,768,1,24,600576,611328,75072,1032192,2064384,258048,258048,247296,10752,64512,8257536,5376.0,10752.0,True
group_32_mse,text_encoder.bert.encoder.layer.3.attention.self,attention_qk,36,14,14,64,12,2,21504,43008,2688,18816,37632,4704,4704,2352,21504,129024,150528,98.0,196.0,False
group_32_mse,text_encoder.bert.encoder.layer.3.attention.self,attention_av,36,14,64,14,12,1,13104,26208,3744,43008,86016,10752,10752,0,13104,78624,150528,98.0,448.0,False
group_32_mse,text_encoder.bert.encoder.layer.3.attention.output.dense,linear,36,14,768,768,1,24,600576,611328,75072,1032192,2064384,258048,258048,247296,10752,64512,8257536,5376.0,10752.0,True
group_32_mse,text_encoder.bert.encoder.layer.3.intermediate.dense,linear,36,14,3072,768,1,24,2370048,2380800,296256,4128768,8257536,1032192,1032192,989184,10752,64512,33030144,21504.0,43008.0,True
group_32_mse,text_encoder.bert.encoder.layer.3.output.dense,linear,36,14,768,3072,1,96,2402304,2445312,300288,4128768,8257536,1032192,1032192,1021440,43008,258048,33030144,21504.0,43008.0,True
group_32_mse,text_encoder.bert.encoder.layer.4.attention.self.query,linear,36,14,768,768,1,24,600576,611328,75072,1032192,2064384,258048,258048,247296,10752,64512,8257536,5376.0,10752.0,True
group_32_mse,text_encoder.bert.encoder.layer.4.attention.self.key,linear,36,14,768,768,1,24,600576,611328,75072,1032192,2064384,258048,258048,247296,10752,64512,8257536,5376.0,10752.0,True
group_32_mse,text_encoder.bert.encoder.layer.4.attention.self.value,linear,36,14,768,768,1,24,600576,611328,75072,1032192,2064384,258048,258048,247296,10752,64512,8257536,5376.0,10752.0,True
group_32_mse,text_encoder.bert.encoder.layer.4.attention.self,attention_qk,36,14,14,64,12,2,21504,43008,2688,18816,37632,4704,4704,2352,21504,129024,150528,98.0,196.0,False
group_32_mse,text_encoder.bert.encoder.layer.4.attention.self,attention_av,36,14,64,14,12,1,13104,26208,3744,43008,86016,10752,10752,0,13104,78624,150528,98.0,448.0,False
group_32_mse,text_encoder.bert.encoder.layer.4.attention.output.dense,linear,36,14,768,768,1,24,600576,611328,75072,1032192,2064384,258048,258048,247296,10752,64512,8257536,5376.0,10752.0,True
group_32_mse,text_encoder.bert.encoder.layer.4.intermediate.dense,linear,36,14,3072,768,1,24,2370048,2380800,296256,4128768,8257536,1032192,1032192,989184,10752,64512,33030144,21504.0,43008.0,True
group_32_mse,text_encoder.bert.encoder.layer.4.output.dense,linear,36,14,768,3072,1,96,2402304,2445312,300288,4128768,8257536,1032192,1032192,1021440,43008,258048,33030144,21504.0,43008.0,True
group_32_mse,text_encoder.bert.encoder.layer.5.attention.self.query,linear,36,14,768,768,1,24,600576,611328,75072,1032192,2064384,258048,258048,247296,10752,64512,8257536,5376.0,10752.0,True
group_32_mse,text_encoder.bert.encoder.layer.5.attention.self.key,linear,36,14,768,768,1,24,600576,611328,75072,1032192,2064384,258048,258048,247296,10752,64512,8257536,5376.0,10752.0,True
group_32_mse,text_encoder.bert.encoder.layer.5.attention.self.value,linear,36,14,768,768,1,24,600576,611328,75072,1032192,2064384,258048,258048,247296,10752,64512,8257536,5376.0,10752.0,True
group_32_mse,text_encoder.bert.encoder.layer.5.attention.self,attention_qk,36,14,14,64,12,2,21504,43008,2688,18816,37632,4704,4704,2352,21504,129024,150528,98.0,196.0,False
group_32_mse,text_encoder.bert.encoder.layer.5.attention.self,attention_av,36,14,64,14,12,1,13104,26208,3744,43008,86016,10752,10752,0,13104,78624,150528,98.0,448.0,False
group_32_mse,text_encoder.bert.encoder.layer.5.attention.output.dense,linear,36,14,768,768,1,24,600576,611328,75072,1032192,2064384,258048,258048,247296,10752,64512,8257536,5376.0,10752.0,True
group_32_mse,text_encoder.bert.encoder.layer.5.intermediate.dense,linear,36,14,3072,768,1,24,2370048,2380800,296256,4128768,8257536,1032192,1032192,989184,10752,64512,33030144,21504.0,43008.0,True
group_32_mse,text_encoder.bert.encoder.layer.5.output.dense,linear,36,14,768,3072,1,96,2402304,2445312,300288,4128768,8257536,1032192,1032192,1021440,43008,258048,33030144,21504.0,43008.0,True
group_32_mse,text_encoder.bert.encoder.layer.6.attention.self.query,linear,36,14,768,768,1,24,600576,611328,75072,1032192,2064384,258048,258048,247296,10752,64512,8257536,5376.0,10752.0,True
group_32_mse,text_encoder.bert.encoder.layer.6.attention.self.key,linear,36,14,768,768,1,24,600576,611328,75072,1032192,2064384,258048,258048,247296,10752,64512,8257536,5376.0,10752.0,True
group_32_mse,text_encoder.bert.encoder.layer.6.attention.self.value,linear,36,14,768,768,1,24,600576,611328,75072,1032192,2064384,258048,258048,247296,10752,64512,8257536,5376.0,10752.0,True
group_32_mse,text_encoder.bert.encoder.layer.6.attention.self,attention_qk,36,14,14,64,12,2,21504,43008,2688,18816,37632,4704,4704,2352,21504,129024,150528,98.0,196.0,False
group_32_mse,text_encoder.bert.encoder.layer.6.attention.self,attention_av,36,14,64,14,12,1,13104,26208,3744,43008,86016,10752,10752,0,13104,78624,150528,98.0,448.0,False
group_32_mse,text_encoder.bert.encoder.layer.6.attention.output.dense,linear,36,14,768,768,1,24,600576,611328,75072,1032192,2064384,258048,258048,247296,10752,64512,8257536,5376.0,10752.0,True
group_32_mse,text_encoder.bert.encoder.layer.6.intermediate.dense,linear,36,14,3072,768,1,24,2370048,2380800,296256,4128768,8257536,1032192,1032192,989184,10752,64512,33030144,21504.0,43008.0,True
group_32_mse,text_encoder.bert.encoder.layer.6.output.dense,linear,36,14,768,3072,1,96,2402304,2445312,300288,4128768,8257536,1032192,1032192,1021440,43008,258048,33030144,21504.0,43008.0,True
group_32_mse,text_encoder.bert.encoder.layer.7.attention.self.query,linear,36,14,768,768,1,24,600576,611328,75072,1032192,2064384,258048,258048,247296,10752,64512,8257536,5376.0,10752.0,True
group_32_mse,text_encoder.bert.encoder.layer.7.attention.self.key,linear,36,14,768,768,1,24,600576,611328,75072,1032192,2064384,258048,258048,247296,10752,64512,8257536,5376.0,10752.0,True
group_32_mse,text_encoder.bert.encoder.layer.7.attention.self.value,linear,36,14,768,768,1,24,600576,611328,75072,1032192,2064384,258048,258048,247296,10752,64512,8257536,5376.0,10752.0,True
group_32_mse,text_encoder.bert.encoder.layer.7.attention.self,attention_qk,36,14,14,64,12,2,21504,43008,2688,18816,37632,4704,4704,2352,21504,129024,150528,98.0,196.0,False
group_32_mse,text_encoder.bert.encoder.layer.7.attention.self,attention_av,36,14,64,14,12,1,13104,26208,3744,43008,86016,10752,10752,0,13104,78624,150528,98.0,448.0,False
group_32_mse,text_encoder.bert.encoder.layer.7.attention.output.dense,linear,36,14,768,768,1,24,600576,611328,75072,1032192,2064384,258048,258048,247296,10752,64512,8257536,5376.0,10752.0,True
group_32_mse,text_encoder.bert.encoder.layer.7.intermediate.dense,linear,36,14,3072,768,1,24,2370048,2380800,296256,4128768,8257536,1032192,1032192,989184,10752,64512,33030144,21504.0,43008.0,True
group_32_mse,text_encoder.bert.encoder.layer.7.output.dense,linear,36,14,768,3072,1,96,2402304,2445312,300288,4128768,8257536,1032192,1032192,1021440,43008,258048,33030144,21504.0,43008.0,True
group_32_mse,text_encoder.bert.encoder.layer.8.attention.self.query,linear,36,14,768,768,1,24,600576,611328,75072,1032192,2064384,258048,258048,247296,10752,64512,8257536,5376.0,10752.0,True
group_32_mse,text_encoder.bert.encoder.layer.8.attention.self.key,linear,36,14,768,768,1,24,600576,611328,75072,1032192,2064384,258048,258048,247296,10752,64512,8257536,5376.0,10752.0,True
group_32_mse,text_encoder.bert.encoder.layer.8.attention.self.value,linear,36,14,768,768,1,24,600576,611328,75072,1032192,2064384,258048,258048,247296,10752,64512,8257536,5376.0,10752.0,True
group_32_mse,text_encoder.bert.encoder.layer.8.attention.self,attention_qk,36,14,14,64,12,2,21504,43008,2688,18816,37632,4704,4704,2352,21504,129024,150528,98.0,196.0,False
group_32_mse,text_encoder.bert.encoder.layer.8.attention.self,attention_av,36,14,64,14,12,1,13104,26208,3744,43008,86016,10752,10752,0,13104,78624,150528,98.0,448.0,False
group_32_mse,text_encoder.bert.encoder.layer.8.attention.output.dense,linear,36,14,768,768,1,24,600576,611328,75072,1032192,2064384,258048,258048,247296,10752,64512,8257536,5376.0,10752.0,True
group_32_mse,text_encoder.bert.encoder.layer.8.intermediate.dense,linear,36,14,3072,768,1,24,2370048,2380800,296256,4128768,8257536,1032192,1032192,989184,10752,64512,33030144,21504.0,43008.0,True
group_32_mse,text_encoder.bert.encoder.layer.8.output.dense,linear,36,14,768,3072,1,96,2402304,2445312,300288,4128768,8257536,1032192,1032192,1021440,43008,258048,33030144,21504.0,43008.0,True
group_32_mse,text_encoder.bert.encoder.layer.9.attention.self.query,linear,36,14,768,768,1,24,600576,611328,75072,1032192,2064384,258048,258048,247296,10752,64512,8257536,5376.0,10752.0,True
group_32_mse,text_encoder.bert.encoder.layer.9.attention.self.key,linear,36,14,768,768,1,24,600576,611328,75072,1032192,2064384,258048,258048,247296,10752,64512,8257536,5376.0,10752.0,True
group_32_mse,text_encoder.bert.encoder.layer.9.attention.self.value,linear,36,14,768,768,1,24,600576,611328,75072,1032192,2064384,258048,258048,247296,10752,64512,8257536,5376.0,10752.0,True
group_32_mse,text_encoder.bert.encoder.layer.9.attention.self,attention_qk,36,14,14,64,12,2,21504,43008,2688,18816,37632,4704,4704,2352,21504,129024,150528,98.0,196.0,False
group_32_mse,text_encoder.bert.encoder.layer.9.attention.self,attention_av,36,14,64,14,12,1,13104,26208,3744,43008,86016,10752,10752,0,13104,78624,150528,98.0,448.0,False
group_32_mse,text_encoder.bert.encoder.layer.9.attention.output.dense,linear,36,14,768,768,1,24,600576,611328,75072,1032192,2064384,258048,258048,247296,10752,64512,8257536,5376.0,10752.0,True
group_32_mse,text_encoder.bert.encoder.layer.9.intermediate.dense,linear,36,14,3072,768,1,24,2370048,2380800,296256,4128768,8257536,1032192,1032192,989184,10752,64512,33030144,21504.0,43008.0,True
group_32_mse,text_encoder.bert.encoder.layer.9.output.dense,linear,36,14,768,3072,1,96,2402304,2445312,300288,4128768,8257536,1032192,1032192,1021440,43008,258048,33030144,21504.0,43008.0,True
group_32_mse,text_encoder.bert.encoder.layer.10.attention.self.query,linear,36,14,768,768,1,24,600576,611328,75072,1032192,2064384,258048,258048,247296,10752,64512,8257536,5376.0,10752.0,True
group_32_mse,text_encoder.bert.encoder.layer.10.attention.self.key,linear,36,14,768,768,1,24,600576,611328,75072,1032192,2064384,258048,258048,247296,10752,64512,8257536,5376.0,10752.0,True
group_32_mse,text_encoder.bert.encoder.layer.10.attention.self.value,linear,36,14,768,768,1,24,600576,611328,75072,1032192,2064384,258048,258048,247296,10752,64512,8257536,5376.0,10752.0,True
group_32_mse,text_encoder.bert.encoder.layer.10.attention.self,attention_qk,36,14,14,64,12,2,21504,43008,2688,18816,37632,4704,4704,2352,21504,129024,150528,98.0,196.0,False
group_32_mse,text_encoder.bert.encoder.layer.10.attention.self,attention_av,36,14,64,14,12,1,13104,26208,3744,43008,86016,10752,10752,0,13104,78624,150528,98.0,448.0,False
group_32_mse,text_encoder.bert.encoder.layer.10.attention.output.dense,linear,36,14,768,768,1,24,600576,611328,75072,1032192,2064384,258048,258048,247296,10752,64512,8257536,5376.0,10752.0,True
group_32_mse,text_encoder.bert.encoder.layer.10.intermediate.dense,linear,36,14,3072,768,1,24,2370048,2380800,296256,4128768,8257536,1032192,1032192,989184,10752,64512,33030144,21504.0,43008.0,True
group_32_mse,text_encoder.bert.encoder.layer.10.output.dense,linear,36,14,768,3072,1,96,2402304,2445312,300288,4128768,8257536,1032192,1032192,1021440,43008,258048,33030144,21504.0,43008.0,True
group_32_mse,text_encoder.bert.encoder.layer.11.attention.self.query,linear,36,14,768,768,1,24,600576,611328,75072,1032192,2064384,258048,258048,247296,10752,64512,8257536,5376.0,10752.0,True
group_32_mse,text_encoder.bert.encoder.layer.11.attention.self.key,linear,36,14,768,768,1,24,600576,611328,75072,1032192,2064384,258048,258048,247296,10752,64512,8257536,5376.0,10752.0,True
group_32_mse,text_encoder.bert.encoder.layer.11.attention.self.value,linear,36,14,768,768,1,24,600576,611328,75072,1032192,2064384,258048,258048,247296,10752,64512,8257536,5376.0,10752.0,True
group_32_mse,text_encoder.bert.encoder.layer.11.attention.self,attention_qk,36,14,14,64,12,2,21504,43008,2688,18816,37632,4704,4704,2352,21504,129024,150528,98.0,196.0,False
group_32_mse,text_encoder.bert.encoder.layer.11.attention.self,attention_av,36,14,64,14,12,1,13104,26208,3744,43008,86016,10752,10752,0,13104,78624,150528,98.0,448.0,False
group_32_mse,text_encoder.bert.encoder.layer.11.attention.output.dense,linear,36,14,768,768,1,24,600576,611328,75072,1032192,2064384,258048,258048,247296,10752,64512,8257536,5376.0,10752.0,True
group_32_mse,text_encoder.bert.encoder.layer.11.intermediate.dense,linear,36,14,3072,768,1,24,2370048,2380800,296256,4128768,8257536,1032192,1032192,989184,10752,64512,33030144,21504.0,43008.0,True
group_32_mse,text_encoder.bert.encoder.layer.11.output.dense,linear,36,14,768,3072,1,96,2402304,2445312,300288,4128768,8257536,1032192,1032192,1021440,43008,258048,33030144,21504.0,43008.0,True
group_64,text_encoder.bert.encoder.layer.0.attention.self.query,linear,72,21,768,768,1,12,605952,622080,37872,774144,1548288,193536,193536,177408,16128,0,12386304,8064.0,8064.0,True
group_64,text_encoder.bert.encoder.layer.0.attention.self.key,linear,72,21,768,768,1,12,605952,622080,37872,774144,1548288,193536,193536,177408,16128,0,12386304,8064.0,8064.0,True
group_64,text_encoder.bert.encoder.layer.0.attention.self.value,linear,72,21,768,768,1,12,605952,622080,37872,774144,1548288,193536,193536,177408,16128,0,12386304,8064.0,8064.0,True
group_64,text_encoder.bert.encoder.layer.0.attention.self,attention_qk,72,21,21,64,12,1,32256,64512,2016,21168,42336,5292,5292,0,32256,0,338688,220.5,220.5,False
group_64,text_encoder.bert.encoder.layer.0.attention.self,attention_av,72,21,64,21,12,1,21420,42840,4080,64512,129024,16128,16128,0,21420,0,338688,220.5,672.0,False
group_64,text_encoder.bert.encoder.layer.0.attention.output.dense,linear,72,21,768,768,1,12,605952,622080,37872,774144,1548288,193536,193536,177408,16128,0,12386304,8064.0,8064.0,True
group_64,text_encoder.bert.encoder.layer.0.intermediate.dense,linear,72,21,3072,768,1,12,2375424,2391552,148464,3096576,6193152,774144,774144,709632,16128,0,49545216,32256.0,32256.0,True
group_64,text_encoder.bert.encoder.layer.0.output.dense,linear,72,21,768,3072,1,48,2423808,2488320,151488,3096576,6193152,774144,774144,758016,64512,0,49545216,32256.0,32256.0,True
group_64,text_encoder.bert.encoder.layer.1.attention.self.query,linear,72,21,768,768,1,12,605952,622080,37872,774144,1548288,193536,193536,177408,16128,0,12386304,8064.0,8064.0,True
group_64,text_encoder.bert.encoder.layer.1.attention.self.key,linear,72,21,768,768,1,12,605952,622080,37872,774144,1548288,193536,193536,177408,16128,0,12386304,8064.0,8064.0,True
group_64,text_encoder.bert.encoder.layer.1.attention.self.value,linear,72,21,768,768,1,12,605952,622080,37872,774144,1548288,193536,193536,177408,16128,0,12386304,8064.0,8064.0,True
group_64,text_encoder.bert.encoder.layer.1.attention.self,attention_qk,72,21,21,64,12,1,32256,64512,2016,21168,42336,5292,5292,0,32256,0,338688,220.5,220.5,False
group_64,text_encoder.bert.encoder.layer.1.attention.self,attention_av,72,21,64,21,12,1,21420,42840,4080,64512,129024,16128,16128,0,21420,0,338688,220.5,672.0,False
group_64,text_encoder.bert.encoder.layer.1.attention.output.dense,linear,72,21,768,768,1,12,605952,622080,37872,774144,1548288,193536,193536,177408,16128,0,12386304,8064.0,8064.0,True
group_64,text_encoder.bert.encoder.layer.1.intermediate.dense,linear,72,21,3072,768,1,12,2375424,2391552,148464,3096576,6193152,774144,774144,709632,16128,0,49545216,32256.0,32256.0,True
group_64,text_encoder.bert.encoder.layer.1.output.dense,linear,72,21,768,3072,1,48,2423808,2488320,151488,3096576,6193152,774144,774144,758016,64512,0,49545216,32256.0,32256.0,True
group_64,text_encoder.bert.encoder.layer.2.attention.self.query,linear,72,21,768,768,1,12,605952,622080,37872,774144,1548288,193536,193536,177408,16128,0,12386304,8064.0,8064.0,True
group_64,text_encoder.bert.encoder.layer.2.attention.self.key,linear,72,21,768,768,1,12,605952,622080,37872,774144,1548288,193536,193536,177408,16128,0,12386304,8064.0,8064.0,True
group_64,text_encoder.bert.encoder.layer.2.attention.self.value,linear,72,21,768,768,1,12,605952,622080,37872,774144,1548288,193536,193536,177408,16128,0,12386304,8064.0,8064.0,True
group_64,text_encoder.bert.encoder.layer.2.attention.self,attention_qk,72,21,21,64,12,1,32256,64512,2016,21168,42336,5292,5292,0,32256,0,338688,220.5,220.5,False
group_64,text_encoder.bert.encoder.layer.2.attention.self,attention_av,72,21,64,21,12,1,21420,42840,4080,64512,129024,16128,16128,0,21420,0,338688,220.5,672.0,False
group_64,text_encoder.bert.encoder.layer.2.attention.output.dense,linear,72,21,768,768,1,12,605952,622080,37872,774144,1548288,193536,193536,177408,16128,0,12386304,8064.0,8064.0,True
group_64,text_encoder.bert.encoder.layer.2.intermediate.dense,linear,72,21,3072,768,1,12,2375424,2391552,148464,3096576,6193152,774144,774144,709632,16128,0,49545216,32256.0,32256.0,True
group_64,text_encoder.bert.encoder.layer.2.output.dense,linear,72,21,768,3072,1,48,2423808,2488320,151488,3096576,6193152,774144,774144,758016,64512,0,49545216,32256.0,32256.0,True
group_64,text_encoder.bert.encoder.layer.3.attention.self.query,linear,72,21,768,768,1,12,605952,622080,37872,774144,1548288,193536,193536,177408,16128,0,12386304,8064.0,8064.0,True
group_64,text_encoder.bert.encoder.layer.3.attention.self.key,linear,72,21,768,768,1,12,605952,622080,37872,774144,1548288,193536,193536,177408,16128,0,12386304,8064.0,8064.0,True
group_64,text_encoder.bert.encoder.layer.3.attention.self.value,linear,72,21,768,768,1,12,605952,622080,37872,774144,1548288,193536,193536,177408,16128,0,12386304,8064.0,8064.0,True
group_64,text_encoder.bert.encoder.layer.3.attention.self,attention_qk,72,21,21,64,12,1,32256,64512,2016,21168,42336,5292,5292,0,32256,0,338688,220.5,220.5,False
group_64,text_encoder.bert.encoder.layer.3.attention.self,attention_av,72,21,64,21,12,1,21420,42840,4080,64512,129024,16128,16128,0,21420,0,338688,220.5,672.0,False
group_64,text_encoder.bert.encoder.layer.3.attention.output.dense,linear,72,21,768,768,1,12,605952,622080,37872,774144,1548288,193536,193536,177408,16128,0,12386304,8064.0,8064.0,True
group_64,text_encoder.bert.encoder.layer.3.intermediate.dense,linear,72,21,3072,768,1,12,2375424,2391552,148464,3096576,6193152,774144,774144,709632,16128,0,49545216,32256.0,32256.0,True
group_64,text_encoder.bert.encoder.layer.3.output.dense,linear,72,21,768,3072,1,48,2423808,2488320,151488,3096576,6193152,774144,774144,758016,64512,0,49545216,32256.0,32256.0,True
group_64,text_encoder.bert.encoder.layer.4.attention.self.query,linear,72,21,768,768,1,12,605952,622080,37872,774144,1548288,193536,193536,177408,16128,0,12386304,8064.0,8064.0,True
group_64,text_encoder.bert.encoder.layer.4.attention.self.key,linear,72,21,768,768,1,12,605952,622080,37872,774144,1548288,193536,193536,177408,16128,0,12386304,8064.0,8064.0,True
group_64,text_encoder.bert.encoder.layer.4.attention.self.value,linear,72,21,768,768,1,12,605952,622080,37872,774144,1548288,193536,193536,177408,16128,0,12386304,8064.0,8064.0,True
group_64,text_encoder.bert.encoder.layer.4.attention.self,attention_qk,72,21,21,64,12,1,32256,64512,2016,21168,42336,5292,5292,0,32256,0,338688,220.5,220.5,False
group_64,text_encoder.bert.encoder.layer.4.attention.self,attention_av,72,21,64,21,12,1,21420,42840,4080,64512,129024,16128,16128,0,21420,0,338688,220.5,672.0,False
group_64,text_encoder.bert.encoder.layer.4.attention.output.dense,linear,72,21,768,768,1,12,605952,622080,37872,774144,1548288,193536,193536,177408,16128,0,12386304,8064.0,8064.0,True
group_64,text_encoder.bert.encoder.layer.4.intermediate.dense,linear,72,21,3072,768,1,12,2375424,2391552,148464,3096576,6193152,774144,774144,709632,16128,0,49545216,32256.0,32256.0,True
group_64,text_encoder.bert.encoder.layer.4.output.dense,linear,72,21,768,3072,1,48,2423808,2488320,151488,3096576,6193152,774144,774144,758016,64512,0,49545216,32256.0,32256.0,True
group_64,text_encoder.bert.encoder.layer.5.attention.self.query,linear,72,21,768,768,1,12,605952,622080,37872,774144,1548288,193536,193536,177408,16128,0,12386304,8064.0,8064.0,True
group_64,text_encoder.bert.encoder.layer.5.attention.self.key,linear,72,21,768,768,1,12,605952,622080,37872,774144,1548288,193536,193536,177408,16128,0,12386304,8064.0,8064.0,True
group_64,text_encoder.bert.encoder.layer.5.attention.self.value,linear,72,21,768,768,1,12,605952,622080,37872,774144,1548288,193536,193536,177408,16128,0,12386304,8064.0,8064.0,True
group_64,text_encoder.bert.encoder.layer.5.attention.self,attention_qk,72,21,21,64,12,1,32256,64512,2016,21168,42336,5292,5292,0,32256,0,338688,220.5,220.5,False
group_64,text_encoder.bert.encoder.layer.5.attention.self,attention_av,72,21,64,21,12,1,21420,42840,4080,64512,129024,16128,16128,0,21420,0,338688,220.5,672.0,False
group_64,text_encoder.bert.encoder.layer.5.attention.output.dense,linear,72,21,768,768,1,12,605952,622080,37872,774144,1548288,193536,193536,177408,16128,0,12386304,8064.0,8064.0,True
group_64,text_encoder.bert.encoder.layer.5.intermediate.dense,linear,72,21,3072,768,1,12,2375424,2391552,148464,3096576,6193152,774144,774144,709632,16128,0,49545216,32256.0,32256.0,True
group_64,text_encoder.bert.encoder.layer.5.output.dense,linear,72,21,768,3072,1,48,2423808,2488320,151488,3096576,6193152,774144,774144,758016,64512,0,49545216,32256.0,32256.0,True
group_64,text_encoder.bert.encoder.layer.6.attention.self.query,linear,72,21,768,768,1,12,605952,622080,37872,774144,1548288,193536,193536,177408,16128,0,12386304,8064.0,8064.0,True
group_64,text_encoder.bert.encoder.layer.6.attention.self.key,linear,72,21,768,768,1,12,605952,622080,37872,774144,1548288,193536,193536,177408,16128,0,12386304,8064.0,8064.0,True
group_64,text_encoder.bert.encoder.layer.6.attention.self.value,linear,72,21,768,768,1,12,605952,622080,37872,774144,1548288,193536,193536,177408,16128,0,12386304,8064.0,8064.0,True
group_64,text_encoder.bert.encoder.layer.6.attention.self,attention_qk,72,21,21,64,12,1,32256,64512,2016,21168,42336,5292,5292,0,32256,0,338688,220.5,220.5,False
group_64,text_encoder.bert.encoder.layer.6.attention.self,attention_av,72,21,64,21,12,1,21420,42840,4080,64512,129024,16128,16128,0,21420,0,338688,220.5,672.0,False
group_64,text_encoder.bert.encoder.layer.6.attention.output.dense,linear,72,21,768,768,1,12,605952,622080,37872,774144,1548288,193536,193536,177408,16128,0,12386304,8064.0,8064.0,True
group_64,text_encoder.bert.encoder.layer.6.intermediate.dense,linear,72,21,3072,768,1,12,2375424,2391552,148464,3096576,6193152,774144,774144,709632,16128,0,49545216,32256.0,32256.0,True
group_64,text_encoder.bert.encoder.layer.6.output.dense,linear,72,21,768,3072,1,48,2423808,2488320,151488,3096576,6193152,774144,774144,758016,64512,0,49545216,32256.0,32256.0,True
group_64,text_encoder.bert.encoder.layer.7.attention.self.query,linear,72,21,768,768,1,12,605952,622080,37872,774144,1548288,193536,193536,177408,16128,0,12386304,8064.0,8064.0,True
group_64,text_encoder.bert.encoder.layer.7.attention.self.key,linear,72,21,768,768,1,12,605952,622080,37872,774144,1548288,193536,193536,177408,16128,0,12386304,8064.0,8064.0,True
group_64,text_encoder.bert.encoder.layer.7.attention.self.value,linear,72,21,768,768,1,12,605952,622080,37872,774144,1548288,193536,193536,177408,16128,0,12386304,8064.0,8064.0,True
group_64,text_encoder.bert.encoder.layer.7.attention.self,attention_qk,72,21,21,64,12,1,32256,64512,2016,21168,42336,5292,5292,0,32256,0,338688,220.5,220.5,False
group_64,text_encoder.bert.encoder.layer.7.attention.self,attention_av,72,21,64,21,12,1,21420,42840,4080,64512,129024,16128,16128,0,21420,0,338688,220.5,672.0,False
group_64,text_encoder.bert.encoder.layer.7.attention.output.dense,linear,72,21,768,768,1,12,605952,622080,37872,774144,1548288,193536,193536,177408,16128,0,12386304,8064.0,8064.0,True
group_64,text_encoder.bert.encoder.layer.7.intermediate.dense,linear,72,21,3072,768,1,12,2375424,2391552,148464,3096576,6193152,774144,774144,709632,16128,0,49545216,32256.0,32256.0,True
group_64,text_encoder.bert.encoder.layer.7.output.dense,linear,72,21,768,3072,1,48,2423808,2488320,151488,3096576,6193152,774144,774144,758016,64512,0,49545216,32256.0,32256.0,True
group_64,text_encoder.bert.encoder.layer.8.attention.self.query,linear,72,21,768,768,1,12,605952,622080,37872,774144,1548288,193536,193536,177408,16128,0,12386304,8064.0,8064.0,True
group_64,text_encoder.bert.encoder.layer.8.attention.self.key,linear,72,21,768,768,1,12,605952,622080,37872,774144,1548288,193536,193536,177408,16128,0,12386304,8064.0,8064.0,True
group_64,text_encoder.bert.encoder.layer.8.attention.self.value,linear,72,21,768,768,1,12,605952,622080,37872,774144,1548288,193536,193536,177408,16128,0,12386304,8064.0,8064.0,True
group_64,text_encoder.bert.encoder.layer.8.attention.self,attention_qk,72,21,21,64,12,1,32256,64512,2016,21168,42336,5292,5292,0,32256,0,338688,220.5,220.5,False
group_64,text_encoder.bert.encoder.layer.8.attention.self,attention_av,72,21,64,21,12,1,21420,42840,4080,64512,129024,16128,16128,0,21420,0,338688,220.5,672.0,False
group_64,text_encoder.bert.encoder.layer.8.attention.output.dense,linear,72,21,768,768,1,12,605952,622080,37872,774144,1548288,193536,193536,177408,16128,0,12386304,8064.0,8064.0,True
group_64,text_encoder.bert.encoder.layer.8.intermediate.dense,linear,72,21,3072,768,1,12,2375424,2391552,148464,3096576,6193152,774144,774144,709632,16128,0,49545216,32256.0,32256.0,True
group_64,text_encoder.bert.encoder.layer.8.output.dense,linear,72,21,768,3072,1,48,2423808,2488320,151488,3096576,6193152,774144,774144,758016,64512,0,49545216,32256.0,32256.0,True
group_64,text_encoder.bert.encoder.layer.9.attention.self.query,linear,72,21,768,768,1,12,605952,622080,37872,774144,1548288,193536,193536,177408,16128,0,12386304,8064.0,8064.0,True
group_64,text_encoder.bert.encoder.layer.9.attention.self.key,linear,72,21,768,768,1,12,605952,622080,37872,774144,1548288,193536,193536,177408,16128,0,12386304,8064.0,8064.0,True
group_64,text_encoder.bert.encoder.layer.9.attention.self.value,linear,72,21,768,768,1,12,605952,622080,37872,774144,1548288,193536,193536,177408,16128,0,12386304,8064.0,8064.0,True
group_64,text_encoder.bert.encoder.layer.9.attention.self,attention_qk,72,21,21,64,12,1,32256,64512,2016,21168,42336,5292,5292,0,32256,0,338688,220.5,220.5,False
group_64,text_encoder.bert.encoder.layer.9.attention.self,attention_av,72,21,64,21,12,1,21420,42840,4080,64512,129024,16128,16128,0,21420,0,338688,220.5,672.0,False
group_64,text_encoder.bert.encoder.layer.9.attention.output.dense,linear,72,21,768,768,1,12,605952,622080,37872,774144,1548288,193536,193536,177408,16128,0,12386304,8064.0,8064.0,True
group_64,text_encoder.bert.encoder.layer.9.intermediate.dense,linear,72,21,3072,768,1,12,2375424,2391552,148464,3096576,6193152,774144,774144,709632,16128,0,49545216,32256.0,32256.0,True
group_64,text_encoder.bert.encoder.layer.9.output.dense,linear,72,21,768,3072,1,48,2423808,2488320,151488,3096576,6193152,774144,774144,758016,64512,0,49545216,32256.0,32256.0,True
group_64,text_encoder.bert.encoder.layer.10.attention.self.query,linear,72,21,768,768,1,12,605952,622080,37872,774144,1548288,193536,193536,177408,16128,0,12386304,8064.0,8064.0,True
group_64,text_encoder.bert.encoder.layer.10.attention.self.key,linear,72,21,768,768,1,12,605952,622080,37872,774144,1548288,193536,193536,177408,16128,0,12386304,8064.0,8064.0,True
group_64,text_encoder.bert.encoder.layer.10.attention.self.value,linear,72,21,768,768,1,12,605952,622080,37872,774144,1548288,193536,193536,177408,16128,0,12386304,8064.0,8064.0,True
group_64,text_encoder.bert.encoder.layer.10.attention.self,attention_qk,72,21,21,64,12,1,32256,64512,2016,21168,42336,5292,5292,0,32256,0,338688,220.5,220.5,False
group_64,text_encoder.bert.encoder.layer.10.attention.self,attention_av,72,21,64,21,12,1,21420,42840,4080,64512,129024,16128,16128,0,21420,0,338688,220.5,672.0,False
group_64,text_encoder.bert.encoder.layer.10.attention.output.dense,linear,72,21,768,768,1,12,605952,622080,37872,774144,1548288,193536,193536,177408,16128,0,12386304,8064.0,8064.0,True
group_64,text_encoder.bert.encoder.layer.10.intermediate.dense,linear,72,21,3072,768,1,12,2375424,2391552,148464,3096576,6193152,774144,774144,709632,16128,0,49545216,32256.0,32256.0,True
group_64,text_encoder.bert.encoder.layer.10.output.dense,linear,72,21,768,3072,1,48,2423808,2488320,151488,3096576,6193152,774144,774144,758016,64512,0,49545216,32256.0,32256.0,True
group_64,text_encoder.bert.encoder.layer.11.attention.self.query,linear,72,21,768,768,1,12,605952,622080,37872,774144,1548288,193536,193536,177408,16128,0,12386304,8064.0,8064.0,True
group_64,text_encoder.bert.encoder.layer.11.attention.self.key,linear,72,21,768,768,1,12,605952,622080,37872,774144,1548288,193536,193536,177408,16128,0,12386304,8064.0,8064.0,True
group_64,text_encoder.bert.encoder.layer.11.attention.self.value,linear,72,21,768,768,1,12,605952,622080,37872,774144,1548288,193536,193536,177408,16128,0,12386304,8064.0,8064.0,True
group_64,text_encoder.bert.encoder.layer.11.attention.self,attention_qk,72,21,21,64,12,1,32256,64512,2016,21168,42336,5292,5292,0,32256,0,338688,220.5,220.5,False
group_64,text_encoder.bert.encoder.layer.11.attention.self,attention_av,72,21,64,21,12,1,21420,42840,4080,64512,129024,16128,16128,0,21420,0,338688,220.5,672.0,False
group_64,text_encoder.bert.encoder.layer.11.attention.output.dense,linear,72,21,768,768,1,12,605952,622080,37872,774144,1548288,193536,193536,177408,16128,0,12386304,8064.0,8064.0,True
group_64,text_encoder.bert.encoder.layer.11.intermediate.dense,linear,72,21,3072,768,1,12,2375424,2391552,148464,3096576,6193152,774144,774144,709632,16128,0,49545216,32256.0,32256.0,True
group_64,text_encoder.bert.encoder.layer.11.output.dense,linear,72,21,768,3072,1,48,2423808,2488320,151488,3096576,6193152,774144,774144,758016,64512,0,49545216,32256.0,32256.0,True
group_64,text_encoder.bert.pooler.dense,linear,144,1,768,768,1,12,590592,591360,36912,36864,73728,9216,9216,8448,768,0,589824,384.0,384.0,True
group_64,text_encoder.text_projection,linear,144,21,256,768,1,12,212736,228864,13296,258048,516096,64512,64512,59136,16128,0,4128768,2688.0,2688.0,True
group_64,vision_encoder.backbone.embeddings.patch_embeddings,conv2d,288,256,768,768,1,12,786432,983040,49152,9437184,18874368,2359296,2359296,2162688,196608,0,150994944,98304.0,98304.0,True
group_64,vision_encoder.backbone.layer.0.attention.q_proj,linear,288,261,768,768,1,12,790272,990720,49392,9621504,19243008,2405376,2405376,2204928,200448,0,153944064,100224.0,100224.0,True
group_64,vision_encoder.backbone.layer.0.attention.k_proj,linear,288,261,768,768,1,12,790272,990720,49392,9621504,19243008,2405376,2405376,2204928,200448,0,153944064,100224.0,100224.0,True
group_64,vision_encoder.backbone.layer.0.attention.v_proj,linear,288,261,768,768,1,12,790272,990720,49392,9621504,19243008,2405376,2405376,2204928,200448,0,153944064,100224.0,100224.0,True
group_64,vision_encoder.backbone.layer.0.attention,attention_qk,288,261,261,64,12,1,400896,801792,25056,3269808,6539616,817452,817452,0,400896,0,52316928,34060.5,34060.5,False
group_64,vision_encoder.backbone.layer.0.attention,attention_av,288,261,64,261,12,5,1017900,2035800,78000,4008960,8017920,1002240,1002240,801792,1017900,0,52316928,34060.5,41760.0,False
group_64,vision_encoder.backbone.layer.0.attention.o_proj,linear,288,261,768,768,1,12,790272,990720,49392,9621504,19243008,2405376,2405376,2204928,200448,0,153944064,100224.0,100224.0,True
group_64,vision_encoder.backbone.layer.0.mlp.up_proj,linear,288,261,3072,768,1,12,2559744,2760192,159984,38486016,76972032,9621504,9621504,8819712,200448,0,615776256,400896.0,400896.0,True
group_64,vision_encoder.backbone.layer.0.mlp.down_proj,linear,288,261,768,3072,1,48,3161088,3962880,197568,38486016,76972032,9621504,9621504,9421056,801792,0,615776256,400896.0,400896.0,True
group_64,vision_encoder.backbone.layer.1.attention.q_proj,linear,288,261,768,768,1,12,790272,990720,49392,9621504,19243008,2405376,2405376,2204928,200448,0,153944064,100224.0,100224.0,True
group_64,vision_encoder.backbone.layer.1.attention.k_proj,linear,288,261,768,768,1,12,790272,990720,49392,9621504,19243008,2405376,2405376,2204928,200448,0,153944064,100224.0,100224.0,True
group_64,vision_encoder.backbone.layer.1.attention.v_proj,linear,288,261,768,768,1,12,790272,990720,49392,9621504,19243008,2405376,2405376,2204928,200448,0,153944064,100224.0,100224.0,True
group_64,vision_encoder.backbone.layer.1.attention,attention_qk,288,261,261,64,12,1,400896,801792,25056,3269808,6539616,817452,817452,0,400896,0,52316928,34060.5,34060.5,False
group_64,vision_encoder.backbone.layer.1.attention,attention_av,288,261,64,261,12,5,1017900,2035800,78000,4008960,8017920,1002240,1002240,801792,1017900,0,52316928,34060.5,41760.0,False
group_64,vision_encoder.backbone.layer.1.attention.o_proj,linear,288,261,768,768,1,12,790272,990720,49392,9621504,19243008,2405376,2405376,2204928,200448,0,153944064,100224.0,100224.0,True
group_64,vision_encoder.backbone.layer.1.mlp.up_proj,linear,288,261,3072,768,1,12,2559744,2760192,159984,38486016,76972032,9621504,9621504,8819712,200448,0,615776256,400896.0,400896.0,True
group_64,vision_encoder.backbone.layer.1.mlp.down_proj,linear,288,261,768,3072,1,48,3161088,3962880,197568,38486016,76972032,9621504,9621504,9421056,801792,0,615776256,400896.0,400896.0,True
group_64,vision_encoder.backbone.layer.2.attention.q_proj,linear,288,261,768,768,1,12,790272,990720,49392,9621504,19243008,2405376,2405376,2204928,200448,0,153944064,100224.0,100224.0,True
group_64,vision_encoder.backbone.layer.2.attention.k_proj,linear,288,261,768,768,1,12,790272,990720,49392,9621504,19243008,2405376,2405376,2204928,200448,0,153944064,100224.0,100224.0,True
group_64,vision_encoder.backbone.layer.2.attention.v_proj,linear,288,261,768,768,1,12,790272,990720,49392,9621504,19243008,2405376,2405376,2204928,200448,0,153944064,100224.0,100224.0,True
group_64,vision_encoder.backbone.layer.2.attention,attention_qk,288,261,261,64,12,1,400896,801792,25056,3269808,6539616,817452,817452,0,400896,0,52316928,34060.5,34060.5,False
group_64,vision_encoder.backbone.layer.2.attention,attention_av,288,261,64,261,12,5,1017900,2035800,78000,4008960,8017920,1002240,1002240,801792,1017900,0,52316928,34060.5,41760.0,False
group_64,vision_encoder.backbone.layer.2.attention.o_proj,linear,288,261,768,768,1,12,790272,990720,49392,9621504,19243008,2405376,2405376,2204928,200448,0,153944064,100224.0,100224.0,True
group_64,vision_encoder.backbone.layer.2.mlp.up_proj,linear,288,261,3072,768,1,12,2559744,2760192,159984,38486016,76972032,9621504,9621504,8819712,200448,0,615776256,400896.0,400896.0,True
group_64,vision_encoder.backbone.layer.2.mlp.down_proj,linear,288,261,768,3072,1,48,3161088,3962880,197568,38486016,76972032,9621504,9621504,9421056,801792,0,615776256,400896.0,400896.0,True
group_64,vision_encoder.backbone.layer.3.attention.q_proj,linear,288,261,768,768,1,12,790272,990720,49392,9621504,19243008,2405376,2405376,2204928,200448,0,153944064,100224.0,100224.0,True
group_64,vision_encoder.backbone.layer.3.attention.k_proj,linear,288,261,768,768,1,12,790272,990720,49392,9621504,19243008,2405376,2405376,2204928,200448,0,153944064,100224.0,100224.0,True
group_64,vision_encoder.backbone.layer.3.attention.v_proj,linear,288,261,768,768,1,12,790272,990720,49392,9621504,19243008,2405376,2405376,2204928,200448,0,153944064,100224.0,100224.0,True
group_64,vision_encoder.backbone.layer.3.attention,attention_qk,288,261,261,64,12,1,400896,801792,25056,3269808,6539616,817452,817452,0,400896,0,52316928,34060.5,34060.5,False
group_64,vision_encoder.backbone.layer.3.attention,attention_av,288,261,64,261,12,5,1017900,2035800,78000,4008960,8017920,1002240,1002240,801792,1017900,0,52316928,34060.5,41760.0,False
group_64,vision_encoder.backbone.layer.3.attention.o_proj,linear,288,261,768,768,1,12,790272,990720,49392,9621504,19243008,2405376,2405376,2204928,200448,0,153944064,100224.0,100224.0,True
group_64,vision_encoder.backbone.layer.3.mlp.up_proj,linear,288,261,3072,768,1,12,2559744,2760192,159984,38486016,76972032,9621504,9621504,8819712,200448,0,615776256,400896.0,400896.0,True
group_64,vision_encoder.backbone.layer.3.mlp.down_proj,linear,288,261,768,3072,1,48,3161088,3962880,197568,38486016,76972032,9621504,9621504,9421056,801792,0,615776256,400896.0,400896.0,True
group_64,vision_encoder.backbone.layer.4.attention.q_proj,linear,288,261,768,768,1,12,790272,990720,49392,9621504,19243008,2405376,2405376,2204928,200448,0,153944064,100224.0,100224.0,True
group_64,vision_encoder.backbone.layer.4.attention.k_proj,linear,288,261,768,768,1,12,790272,990720,49392,9621504,19243008,2405376,2405376,2204928,200448,0,153944064,100224.0,100224.0,True
group_64,vision_encoder.backbone.layer.4.attention.v_proj,linear,288,261,768,768,1,12,790272,990720,49392,9621504,19243008,2405376,2405376,2204928,200448,0,153944064,100224.0,100224.0,True
group_64,vision_encoder.backbone.layer.4.attention,attention_qk,288,261,261,64,12,1,400896,801792,25056,3269808,6539616,817452,817452,0,400896,0,52316928,34060.5,34060.5,False
group_64,vision_encoder.backbone.layer.4.attention,attention_av,288,261,64,261,12,5,1017900,2035800,78000,4008960,8017920,1002240,1002240,801792,1017900,0,52316928,34060.5,41760.0,False
group_64,vision_encoder.backbone.layer.4.attention.o_proj,linear,288,261,768,768,1,12,790272,990720,49392,9621504,19243008,2405376,2405376,2204928,200448,0,153944064,100224.0,100224.0,True
group_64,vision_encoder.backbone.layer.4.mlp.up_proj,linear,288,261,3072,768,1,12,2559744,2760192,159984,38486016,76972032,9621504,9621504,8819712,200448,0,615776256,400896.0,400896.0,True
group_64,vision_encoder.backbone.layer.4.mlp.down_proj,linear,288,261,768,3072,1,48,3161088,3962880,197568,38486016,76972032,9621504,9621504,9421056,801792,0,615776256,400896.0,400896.0,True
group_64,vision_encoder.backbone.layer.5.attention.q_proj,linear,288,261,768,768,1,12,790272,990720,49392,9621504,19243008,2405376,2405376,2204928,200448,0,153944064,100224.0,100224.0,True
group_64,vision_encoder.backbone.layer.5.attention.k_proj,linear,288,261,768,768,1,12,790272,990720,49392,9621504,19243008,2405376,2405376,2204928,200448,0,153944064,100224.0,100224.0,True
group_64,vision_encoder.backbone.layer.5.attention.v_proj,linear,288,261,768,768,1,12,790272,990720,49392,9621504,19243008,2405376,2405376,2204928,200448,0,153944064,100224.0,100224.0,True
group_64,vision_encoder.backbone.layer.5.attention,attention_qk,288,261,261,64,12,1,400896,801792,25056,3269808,6539616,817452,817452,0,400896,0,52316928,34060.5,34060.5,False
group_64,vision_encoder.backbone.layer.5.attention,attention_av,288,261,64,261,12,5,1017900,2035800,78000,4008960,8017920,1002240,1002240,801792,1017900,0,52316928,34060.5,41760.0,False
group_64,vision_encoder.backbone.layer.5.attention.o_proj,linear,288,261,768,768,1,12,790272,990720,49392,9621504,19243008,2405376,2405376,2204928,200448,0,153944064,100224.0,100224.0,True
group_64,vision_encoder.backbone.layer.5.mlp.up_proj,linear,288,261,3072,768,1,12,2559744,2760192,159984,38486016,76972032,9621504,9621504,8819712,200448,0,615776256,400896.0,400896.0,True
group_64,vision_encoder.backbone.layer.5.mlp.down_proj,linear,288,261,768,3072,1,48,3161088,3962880,197568,38486016,76972032,9621504,9621504,9421056,801792,0,615776256,400896.0,400896.0,True
group_64,vision_encoder.backbone.layer.6.attention.q_proj,linear,288,261,768,768,1,12,790272,990720,49392,9621504,19243008,2405376,2405376,2204928,200448,0,153944064,100224.0,100224.0,True
group_64,vision_encoder.backbone.layer.6.attention.k_proj,linear,288,261,768,768,1,12,790272,990720,49392,9621504,19243008,2405376,2405376,2204928,200448,0,153944064,100224.0,100224.0,True
group_64,vision_encoder.backbone.layer.6.attention.v_proj,linear,288,261,768,768,1,12,790272,990720,49392,9621504,19243008,2405376,2405376,2204928,200448,0,153944064,100224.0,100224.0,True
group_64,vision_encoder.backbone.layer.6.attention,attention_qk,288,261,261,64,12,1,400896,801792,25056,3269808,6539616,817452,817452,0,400896,0,52316928,34060.5,34060.5,False
group_64,vision_encoder.backbone.layer.6.attention,attention_av,288,261,64,261,12,5,1017900,2035800,78000,4008960,8017920,1002240,1002240,801792,1017900,0,52316928,34060.5,41760.0,False
group_64,vision_encoder.backbone.layer.6.attention.o_proj,linear,288,261,768,768,1,12,790272,990720,49392,9621504,19243008,2405376,2405376,2204928,200448,0,153944064,100224.0,100224.0,True
group_64,vision_encoder.backbone.layer.6.mlp.up_proj,linear,288,261,3072,768,1,12,2559744,2760192,159984,38486016,76972032,9621504,9621504,8819712,200448,0,615776256,400896.0,400896.0,True
group_64,vision_encoder.backbone.layer.6.mlp.down_proj,linear,288,261,768,3072,1,48,3161088,3962880,197568,38486016,76972032,9621504,9621504,9421056,801792,0,615776256,400896.0,400896.0,True
group_64,vision_encoder.backbone.layer.7.attention.q_proj,linear,288,261,768,768,1,12,790272,990720,49392,9621504,19243008,2405376,2405376,2204928,200448,0,153944064,100224.0,100224.0,True
group_64,vision_encoder.backbone.layer.7.attention.k_proj,linear,288,261,768,768,1,12,790272,990720,49392,9621504,19243008,2405376,2405376,2204928,200448,0,153944064,100224.0,100224.0,True
group_64,vision_encoder.backbone.layer.7.attention.v_proj,linear,288,261,768,768,1,12,790272,990720,49392,9621504,19243008,2405376,2405376,2204928,200448,0,153944064,100224.0,100224.0,True
group_64,vision_encoder.backbone.layer.7.attention,attention_qk,288,261,261,64,12,1,400896,801792,25056,3269808,6539616,817452,817452,0,400896,0,52316928,34060.5,34060.5,False
group_64,vision_encoder.backbone.layer.7.attention,attention_av,288,261,64,261,12,5,1017900,2035800,78000,4008960,8017920,1002240,1002240,801792,1017900,0,52316928,34060.5,41760.0,False
group_64,vision_encoder.backbone.layer.7.attention.o_proj,linear,288,261,768,768,1,12,790272,990720,49392,9621504,19243008,2405376,2405376,2204928,200448,0,153944064,100224.0,100224.0,True
group_64,vision_encoder.backbone.layer.7.mlp.up_proj,linear,288,261,3072,768,1,12,2559744,2760192,159984,38486016,76972032,9621504,9621504,8819712,200448,0,615776256,400896.0,400896.0,True
group_64,vision_encoder.backbone.layer.7.mlp.down_proj,linear,288,261,768,3072,1,48,3161088,3962880,197568,38486016,76972032,9621504,9621504,9421056,801792,0,615776256,400896.0,400896.0,True
group_64,vision_encoder.backbone.layer.8.attention.q_proj,linear,288,261,768,768,1,12,790272,990720,49392,9621504,19243008,2405376,2405376,2204928,200448,0,153944064,100224.0,100224.0,True
group_64,vision_encoder.backbone.layer.8.attention.k_proj,linear,288,261,768,768,1,12,790272,990720,49392,9621504,19243008,2405376,2405376,2204928,200448,0,153944064,100224.0,100224.0,True
group_64,vision_encoder.backbone.layer.8.attention.v_proj,linear,288,261,768,768,1,12,790272,990720,49392,9621504,19243008,2405376,2405376,2204928,200448,0,153944064,100224.0,100224.0,True
group_64,vision_encoder.backbone.layer.8.attention,attention_qk,288,261,261,64,12,1,400896,801792,25056,3269808,6539616,817452,817452,0,400896,0,52316928,34060.5,34060.5,False
group_64,vision_encoder.backbone.layer.8.attention,attention_av,288,261,64,261,12,5,1017900,2035800,78000,4008960,8017920,1002240,1002240,801792,1017900,0,52316928,34060.5,41760.0,False
group_64,vision_encoder.backbone.layer.8.attention.o_proj,linear,288,261,768,768,1,12,790272,990720,49392,9621504,19243008,2405376,2405376,2204928,200448,0,153944064,100224.0,100224.0,True
group_64,vision_encoder.backbone.layer.8.mlp.up_proj,linear,288,261,3072,768,1,12,2559744,2760192,159984,38486016,76972032,9621504,9621504,8819712,200448,0,615776256,400896.0,400896.0,True
group_64,vision_encoder.backbone.layer.8.mlp.down_proj,linear,288,261,768,3072,1,48,3161088,3962880,197568,38486016,76972032,9621504,9621504,9421056,801792,0,615776256,400896.0,400896.0,True
group_64,vision_encoder.backbone.layer.9.attention.q_proj,linear,288,261,768,768,1,12,790272,990720,49392,9621504,19243008,2405376,2405376,2204928,200448,0,153944064,100224.0,100224.0,True
group_64,vision_encoder.backbone.layer.9.attention.k_proj,linear,288,261,768,768,1,12,790272,990720,49392,9621504,19243008,2405376,2405376,2204928,200448,0,153944064,100224.0,100224.0,True
group_64,vision_encoder.backbone.layer.9.attention.v_proj,linear,288,261,768,768,1,12,790272,990720,49392,9621504,19243008,2405376,2405376,2204928,200448,0,153944064,100224.0,100224.0,True
group_64,vision_encoder.backbone.layer.9.attention,attention_qk,288,261,261,64,12,1,400896,801792,25056,3269808,6539616,817452,817452,0,400896,0,52316928,34060.5,34060.5,False
group_64,vision_encoder.backbone.layer.9.attention,attention_av,288,261,64,261,12,5,1017900,2035800,78000,4008960,8017920,1002240,1002240,801792,1017900,0,52316928,34060.5,41760.0,False
group_64,vision_encoder.backbone.layer.9.attention.o_proj,linear,288,261,768,768,1,12,790272,990720,49392,9621504,19243008,2405376,2405376,2204928,200448,0,153944064,100224.0,100224.0,True
group_64,vision_encoder.backbone.layer.9.mlp.up_proj,linear,288,261,3072,768,1,12,2559744,2760192,159984,38486016,76972032,9621504,9621504,8819712,200448,0,615776256,400896.0,400896.0,True
group_64,vision_encoder.backbone.layer.9.mlp.down_proj,linear,288,261,768,3072,1,48,3161088,3962880,197568,38486016,76972032,9621504,9621504,9421056,801792,0,615776256,400896.0,400896.0,True
group_64,vision_encoder.backbone.layer.10.attention.q_proj,linear,288,261,768,768,1,12,790272,990720,49392,9621504,19243008,2405376,2405376,2204928,200448,0,153944064,100224.0,100224.0,True
group_64,vision_encoder.backbone.layer.10.attention.k_proj,linear,288,261,768,768,1,12,790272,990720,49392,9621504,19243008,2405376,2405376,2204928,200448,0,153944064,100224.0,100224.0,True
group_64,vision_encoder.backbone.layer.10.attention.v_proj,linear,288,261,768,768,1,12,790272,990720,49392,9621504,19243008,2405376,2405376,2204928,200448,0,153944064,100224.0,100224.0,True
group_64,vision_encoder.backbone.layer.10.attention,attention_qk,288,261,261,64,12,1,400896,801792,25056,3269808,6539616,817452,817452,0,400896,0,52316928,34060.5,34060.5,False
group_64,vision_encoder.backbone.layer.10.attention,attention_av,288,261,64,261,12,5,1017900,2035800,78000,4008960,8017920,1002240,1002240,801792,1017900,0,52316928,34060.5,41760.0,False
group_64,vision_encoder.backbone.layer.10.attention.o_proj,linear,288,261,768,768,1,12,790272,990720,49392,9621504,19243008,2405376,2405376,2204928,200448,0,153944064,100224.0,100224.0,True
group_64,vision_encoder.backbone.layer.10.mlp.up_proj,linear,288,261,3072,768,1,12,2559744,2760192,159984,38486016,76972032,9621504,9621504,8819712,200448,0,615776256,400896.0,400896.0,True
group_64,vision_encoder.backbone.layer.10.mlp.down_proj,linear,288,261,768,3072,1,48,3161088,3962880,197568,38486016,76972032,9621504,9621504,9421056,801792,0,615776256,400896.0,400896.0,True
group_64,vision_encoder.backbone.layer.11.attention.q_proj,linear,288,261,768,768,1,12,790272,990720,49392,9621504,19243008,2405376,2405376,2204928,200448,0,153944064,100224.0,100224.0,True
group_64,vision_encoder.backbone.layer.11.attention.k_proj,linear,288,261,768,768,1,12,790272,990720,49392,9621504,19243008,2405376,2405376,2204928,200448,0,153944064,100224.0,100224.0,True
group_64,vision_encoder.backbone.layer.11.attention.v_proj,linear,288,261,768,768,1,12,790272,990720,49392,9621504,19243008,2405376,2405376,2204928,200448,0,153944064,100224.0,100224.0,True
group_64,vision_encoder.backbone.layer.11.attention,attention_qk,288,261,261,64,12,1,400896,801792,25056,3269808,6539616,817452,817452,0,400896,0,52316928,34060.5,34060.5,False
group_64,vision_encoder.backbone.layer.11.attention,attention_av,288,261,64,261,12,5,1017900,2035800,78000,4008960,8017920,1002240,1002240,801792,1017900,0,52316928,34060.5,41760.0,False
group_64,vision_encoder.backbone.layer.11.attention.o_proj,linear,288,261,768,768,1,12,790272,990720,49392,9621504,19243008,2405376,2405376,2204928,200448,0,153944064,100224.0,100224.0,True
group_64,vision_encoder.backbone.layer.11.mlp.up_proj,linear,288,261,3072,768,1,12,2559744,2760192,159984,38486016,76972032,9621504,9621504,8819712,200448,0,615776256,400896.0,400896.0,True
group_64,vision_encoder.backbone.layer.11.mlp.down_proj,linear,288,261,768,3072,1,48,3161088,3962880,197568,38486016,76972032,9621504,9621504,9421056,801792,0,615776256,400896.0,400896.0,True
group_64,vision_projection.skip,linear,144,256,256,768,2,12,589824,983040,36864,6291456,12582912,1572864,1572864,1441792,393216,0,100663296,65536.0,65536.0,True
group_64,vision_projection.mlp.0,linear,144,256,1024,768,2,12,1179648,1572864,73728,25165824,50331648,6291456,6291456,5767168,393216,0,402653184,262144.0,262144.0,True
group_64,vision_projection.mlp.3,linear,144,256,256,1024,2,16,786432,1310720,49152,8388608,16777216,2097152,2097152,1966080,524288,0,134217728,87381.33333333333,87381.33333333333,True
group_64,vision_language_interaction.fusion_layers.0.attn.v_proj,linear,144,512,1024,256,1,4,393216,524288,24576,8388608,16777216,2097152,2097152,1572864,131072,0,134217728,87381.33333333333,87381.33333333333,True
group_64,vision_language_interaction.fusion_layers.0.attn.l_proj,linear,144,21,1024,256,1,4,267520,272896,16720,344064,688128,86016,86016,64512,5376,0,5505024,3584.0,3584.0,True
group_64,vision_language_interaction.fusion_layers.0.attn.values_v_proj,linear,144,512,1024,256,1,4,393216,524288,24576,8388608,16777216,2097152,2097152,1572864,131072,0,134217728,87381.33333333333,87381.33333333333,True
group_64,vision_language_interaction.fusion_layers.0.attn.values_l_proj,linear,144,21,1024,256,1,4,267520,272896,16720,344064,688128,86016,86016,64512,5376,0,5505024,3584.0,3584.0,True
group_64,vision_language_interaction.fusion_layers.0.attn,bmm,144,512,21,256,4,4,545792,1091584,34112,688128,1376256,172032,172032,129024,545792,0,11010048,7168.0,7168.0,False
group_64,vision_language_interaction.fusion_layers.0.attn,bmm,144,512,256,21,4,1,64512,129024,12288,2097152,4194304,524288,524288,0,64512,0,11010048,7168.0,21845.333333333332,False
group_64,vision_language_interaction.fusion_layers.0.attn,bmm,144,21,256,512,4,8,567296,1134592,35456,688128,1376256,172032,172032,150528,567296,0,11010048,7168.0,7168.0,False
group_64,vision_language_interaction.fusion_layers.0.attn.out_v_proj,linear,144,512,256,1024,1,16,786432,1310720,49152,8388608,16777216,2097152,2097152,1966080,524288,0,134217728,87381.33333333333,87381.33333333333,True
group_64,vision_language_interaction.fusion_layers.0.attn.out_l_proj,linear,144,21,256,1024,1,16,283648,305152,17728,344064,688128,86016,86016,80640,21504,0,5505024,3584.0,3584.0,True
group_64,vision_language_interaction.text_layers.0.self_attn,linear,144,1,768,256,21,4,201984,207360,12624,258048,516096,64512,64512,48384,5376,0,4128768,2688.0,2688.0,True
group_64,vision_language_interaction.text_layers.0.self_attn,baddbmm,144,21,21,64,4,1,10752,21504,672,7056,14112,1764,1764,0,10752,0,112896,73.5,73.5,False
group_64,vision_language_interaction.text_layers.0.self_attn,bmm,144,21,64,21,4,1,7140,14280,1360,21504,43008,5376,5376,0,7140,0,112896,73.5,224.0,False
group_64,vision_language_interaction.text_layers.0.self_attn,linear,144,21,256,256,1,4,70912,76288,4432,86016,172032,21504,21504,16128,5376,0,1376256,896.0,896.0,True
group_64,vision_language_interaction.text_layers.0.linear1,linear,144,1,1024,256,21,4,267520,272896,16720,344064,688128,86016,86016,64512,5376,0,5505024,3584.0,3584.0,True
group_64,vision_language_interaction.text_layers.0.linear2,linear,144,1,256,1024,21,16,283648,305152,17728,344064,688128,86016,86016,80640,21504,0,5505024,3584.0,3584.0,True
group_64,vision_language_interaction.fusion_layers.1.attn.v_proj,linear,144,512,1024,256,1,4,393216,524288,24576,8388608,16777216,2097152,2097152,1572864,131072,0,134217728,87381.33333333333,87381.33333333333,True
group_64,vision_language_interaction.fusion_layers.1.attn.l_proj,linear,144,21,1024,256,1,4,267520,272896,16720,344064,688128,86016,86016,64512,5376,0,5505024,3584.0,3584.0,True
group_64,vision_language_interaction.fusion_layers.1.attn.values_v_proj,linear,144,512,1024,256,1,4,393216,524288,24576,8388608,16777216,2097152,2097152,1572864,131072,0,134217728,87381.33333333333,87381.33333333333,True
group_64,vision_language_interaction.fusion_layers.1.attn.values_l_proj,linear,144,21,1024,256,1,4,267520,272896,16720,344064,688128,86016,86016,64512,5376,0,5505024,3584.0,3584.0,True
group_64,vision_language_interaction.fusion_layers.1.attn,bmm,144,512,21,256,4,4,545792,1091584,34112,688128,1376256,172032,172032,129024,545792,0,11010048,7168.0,7168.0,False
group_64,vision_language_interaction.fusion_layers.1.attn,bmm,144,512,256,21,4,1,64512,129024,12288,2097152,4194304,524288,524288,0,64512,0,11010048,7168.0,21845.333333333332,False
group_64,vision_language_interaction.fusion_layers.1.attn,bmm,144,21,256,512,4,8,567296,1134592,35456,688128,1376256,172032,172032,150528,567296,0,11010048,7168.0,7168.0,False
group_64,vision_language_interaction.fusion_layers.1.attn.out_v_proj,linear,144,512,256,1024,1,16,786432,1310720,49152,8388608,16777216,2097152,2097152,1966080,524288,0,134217728,87381.33333333333,87381.33333333333,True
group_64,vision_language_interaction.fusion_layers.1.attn.out_l_proj,linear,144,21,256,1024,1,16,283648,305152,17728,344064,688128,86016,86016,80640,21504,0,5505024,3584.0,3584.0,True
group_64,vision_language_interaction.text_layers.1.self_attn,linear,144,1,768,256,21,4,201984,207360,12624,258048,516096,64512,64512,48384,5376,0,4128768,2688.0,2688.0,True
group_64,vision_language_interaction.text_layers.1.self_attn,baddbmm,144,21,21,64,4,1,10752,21504,672,7056,14112,1764,1764,0,10752,0,112896,73.5,73.5,False
group_64,vision_language_interaction.text_layers.1.self_attn,bmm,144,21,64,21,4,1,7140,14280,1360,21504,43008,5376,5376,0,7140,0,112896,73.5,224.0,False
group_64,vision_language_interaction.text_layers.1.self_attn,linear,144,21,256,256,1,4,70912,76288,4432,86016,172032,21504,21504,16128,5376,0,1376256,896.0,896.0,True
group_64,vision_language_interaction.text_layers.1.linear1,linear,144,1,1024,256,21,4,267520,272896,16720,344064,688128,86016,86016,64512,5376,0,5505024,3584.0,3584.0,True
group_64,vision_language_interaction.text_layers.1.linear2,linear,144,1,256,1024,21,16,283648,305152,17728,344064,688128,86016,86016,80640,21504,0,5505024,3584.0,3584.0,True
group_64,vision_language_interaction.fusion_layers.2.attn.v_proj,linear,144,512,1024,256,1,4,393216,524288,24576,8388608,16777216,2097152,2097152,1572864,131072,0,134217728,87381.33333333333,87381.33333333333,True
group_64,vision_language_interaction.fusion_layers.2.attn.l_proj,linear,144,21,1024,256,1,4,267520,272896,16720,344064,688128,86016,86016,64512,5376,0,5505024,3584.0,3584.0,True
group_64,vision_language_interaction.fusion_layers.2.attn.values_v_proj,linear,144,512,1024,256,1,4,393216,524288,24576,8388608,16777216,2097152,2097152,1572864,131072,0,134217728,87381.33333333333,87381.33333333333,True
group_64,vision_language_interaction.fusion_layers.2.attn.values_l_proj,linear,144,21,1024,256,1,4,267520,272896,16720,344064,688128,86016,86016,64512,5376,0,5505024,3584.0,3584.0,True
group_64,vision_language_interaction.fusion_layers.2.attn,bmm,144,512,21,256,4,4,545792,1091584,34112,688128,1376256,172032,172032,129024,545792,0,11010048,7168.0,7168.0,False
group_64,vision_language_interaction.fusion_layers.2.attn,bmm,144,512,256,21,4,1,64512,129024,12288,2097152,4194304,524288,524288,0,64512,0,11010048,7168.0,21845.333333333332,False
group_64,vision_language_interaction.fusion_layers.2.attn,bmm,144,21,256,512,4,8,567296,1134592,35456,688128,1376256,172032,172032,150528,567296,0,11010048,7168.0,7168.0,False
group_64,vision_language_interaction.fusion_layers.2.attn.out_v_proj,linear,144,512,256,1024,1,16,786432,1310720,49152,8388608,16777216,2097152,2097152,1966080,524288,0,134217728,87381.33333333333,87381.33333333333,True
group_64,vision_language_interaction.fusion_layers.2.attn.out_l_proj,linear,144,21,256,1024,1,16,283648,305152,17728,344064,688128,86016,86016,80640,21504,0,5505024,3584.0,3584.0,True
group_64,vision_language_interaction.text_layers.2.self_attn,linear,144,1,768,256,21,4,201984,207360,12624,258048,516096,64512,64512,48384,5376,0,4128768,2688.0,2688.0,True
group_64,vision_language_interaction.text_layers.2.self_attn,baddbmm,144,21,21,64,4,1,10752,21504,672,7056,14112,1764,1764,0,10752,0,112896,73.5,73.5,False
group_64,vision_language_interaction.text_layers.2.self_attn,bmm,144,21,64,21,4,1,7140,14280,1360,21504,43008,5376,5376,0,7140,0,112896,73.5,224.0,False
group_64,vision_language_interaction.text_layers.2.self_attn,linear,144,21,256,256,1,4,70912,76288,4432,86016,172032,21504,21504,16128,5376,0,1376256,896.0,896.0,True
group_64,vision_language_interaction.text_layers.2.linear1,linear,144,1,1024,256,21,4,267520,272896,16720,344064,688128,86016,86016,64512,5376,0,5505024,3584.0,3584.0,True
group_64,vision_language_interaction.text_layers.2.linear2,linear,144,1,256,1024,21,16,283648,305152,17728,344064,688128,86016,86016,80640,21504,0,5505024,3584.0,3584.0,True
group_64,vision_language_interaction.fusion_layers.3.attn.v_proj,linear,144,512,1024,256,1,4,393216,524288,24576,8388608,16777216,2097152,2097152,1572864,131072,0,134217728,87381.33333333333,87381.33333333333,True
group_64,vision_language_interaction.fusion_layers.3.attn.l_proj,linear,144,21,1024,256,1,4,267520,272896,16720,344064,688128,86016,86016,64512,5376,0,5505024,3584.0,3584.0,True
group_64,vision_language_interaction.fusion_layers.3.attn.values_v_proj,linear,144,512,1024,256,1,4,393216,524288,24576,8388608,16777216,2097152,2097152,1572864,131072,0,134217728,87381.33333333333,87381.33333333333,True
group_64,vision_language_interaction.fusion_layers.3.attn.values_l_proj,linear,144,21,1024,256,1,4,267520,272896,16720,344064,688128,86016,86016,64512,5376,0,5505024,3584.0,3584.0,True
group_64,vision_language_interaction.fusion_layers.3.attn,bmm,144,512,21,256,4,4,545792,1091584,34112,688128,1376256,172032,172032,129024,545792,0,11010048,7168.0,7168.0,False
group_64,vision_language_interaction.fusion_layers.3.attn,bmm,144,512,256,21,4,1,64512,129024,12288,2097152,4194304,524288,524288,0,64512,0,11010048,7168.0,21845.333333333332,False
group_64,vision_language_interaction.fusion_layers.3.attn,bmm,144,21,256,512,4,8,567296,1134592,35456,688128,1376256,172032,172032,150528,567296,0,11010048,7168.0,7168.0,False
group_64,vision_language_interaction.fusion_layers.3.attn.out_v_proj,linear,144,512,256,1024,1,16,786432,1310720,49152,8388608,16777216,2097152,2097152,1966080,524288,0,134217728,87381.33333333333,87381.33333333333,True
group_64,vision_language_interaction.fusion_layers.3.attn.out_l_proj,linear,144,21,256,1024,1,16,283648,305152,17728,344064,688128,86016,86016,80640,21504,0,5505024,3584.0,3584.0,True
group_64,vision_language_interaction.text_layers.3.self_attn,linear,144,1,768,256,21,4,201984,207360,12624,258048,516096,64512,64512,48384,5376,0,4128768,2688.0,2688.0,True
group_64,vision_language_interaction.text_layers.3.self_attn,baddbmm,144,21,21,64,4,1,10752,21504,672,7056,14112,1764,1764,0,10752,0,112896,73.5,73.5,False
group_64,vision_language_interaction.text_layers.3.self_attn,bmm,144,21,64,21,4,1,7140,14280,1360,21504,43008,5376,5376,0,7140,0,112896,73.5,224.0,False
group_64,vision_language_interaction.text_layers.3.self_attn,linear,144,21,256,256,1,4,70912,76288,4432,86016,172032,21504,21504,16128,5376,0,1376256,896.0,896.0,True
group_64,vision_language_interaction.text_layers.3.linear1,linear,144,1,1024,256,21,4,267520,272896,16720,344064,688128,86016,86016,64512,5376,0,5505024,3584.0,3584.0,True
group_64,vision_language_interaction.text_layers.3.linear2,linear,144,1,256,1024,21,16,283648,305152,17728,344064,688128,86016,86016,80640,21504,0,5505024,3584.0,3584.0,True
group_64,vision_language_interaction.fusion_layers.4.attn.v_proj,linear,144,512,1024,256,1,4,393216,524288,24576,8388608,16777216,2097152,2097152,1572864,131072,0,134217728,87381.33333333333,87381.33333333333,True
group_64,vision_language_interaction.fusion_layers.4.attn.l_proj,linear,144,21,1024,256,1,4,267520,272896,16720,344064,688128,86016,86016,64512,5376,0,5505024,3584.0,3584.0,True
group_64,vision_language_interaction.fusion_layers.4.attn.values_v_proj,linear,144,512,1024,256,1,4,393216,524288,24576,8388608,16777216,2097152,2097152,1572864,131072,0,134217728,87381.33333333333,87381.33333333333,True
group_64,vision_language_interaction.fusion_layers.4.attn.values_l_proj,linear,144,21,1024,256,1,4,267520,272896,16720,344064,688128,86016,86016,64512,5376,0,5505024,3584.0,3584.0,True
group_64,vision_language_interaction.fusion_layers.4.attn,bmm,144,512,21,256,4,4,545792,1091584,34112,688128,1376256,172032,172032,129024,545792,0,11010048,7168.0,7168.0,False
group_64,vision_language_interaction.fusion_layers.4.attn,bmm,144,512,256,21,4,1,64512,129024,12288,2097152,4194304,524288,524288,0,64512,0,11010048,7168.0,21845.333333333332,False
group_64,vision_language_interaction.fusion_layers.4.attn,bmm,144,21,256,512,4,8,567296,1134592,35456,688128,1376256,172032,172032,150528,567296,0,11010048,7168.0,7168.0,False
group_64,vision_language_interaction.fusion_layers.4.attn.out_v_proj,linear,144,512,256,1024,1,16,786432,1310720,49152,8388608,16777216,2097152,2097152,1966080,524288,0,134217728,87381.33333333333,87381.33333333333,True
group_64,vision_language_interaction.fusion_layers.4.attn.out_l_proj,linear,144,21,256,1024,1,16,283648,305152,17728,344064,688128,86016,86016,80640,21504,0,5505024,3584.0,3584.0,True
group_64,vision_language_interaction.text_layers.4.self_attn,linear,144,1,768,256,21,4,201984,207360,12624,258048,516096,64512,64512,48384,5376,0,4128768,2688.0,2688.0,True
group_64,vision_language_interaction.text_layers.4.self_attn,baddbmm,144,21,21,64,4,1,10752,21504,672,7056,14112,1764,1764,0,10752,0,112896,73.5,73.5,False
group_64,vision_language_interaction.text_layers.4.self_attn,bmm,144,21,64,21,4,1,7140,14280,1360,21504,43008,5376,5376,0,7140,0,112896,73.5,224.0,False
group_64,vision_language_interaction.text_layers.4.self_attn,linear,144,21,256,256,1,4,70912,76288,4432,86016,172032,21504,21504,16128,5376,0,1376256,896.0,896.0,True
group_64,vision_language_interaction.text_layers.4.linear1,linear,144,1,1024,256,21,4,267520,272896,16720,344064,688128,86016,86016,64512,5376,0,5505024,3584.0,3584.0,True
group_64,vision_language_interaction.text_layers.4.linear2,linear,144,1,256,1024,21,16,283648,305152,17728,344064,688128,86016,86016,80640,21504,0,5505024,3584.0,3584.0,True
group_64,vision_language_interaction.fusion_layers.5.attn.v_proj,linear,144,512,1024,256,1,4,393216,524288,24576,8388608,16777216,2097152,2097152,1572864,131072,0,134217728,87381.33333333333,87381.33333333333,True
group_64,vision_language_interaction.fusion_layers.5.attn.l_proj,linear,144,21,1024,256,1,4,267520,272896,16720,344064,688128,86016,86016,64512,5376,0,5505024,3584.0,3584.0,True
group_64,vision_language_interaction.fusion_layers.5.attn.values_v_proj,linear,144,512,1024,256,1,4,393216,524288,24576,8388608,16777216,2097152,2097152,1572864,131072,0,134217728,87381.33333333333,87381.33333333333,True
group_64,vision_language_interaction.fusion_layers.5.attn.values_l_proj,linear,144,21,1024,256,1,4,267520,272896,16720,344064,688128,86016,86016,64512,5376,0,5505024,3584.0,3584.0,True
group_64,vision_language_interaction.fusion_layers.5.attn,bmm,144,512,21,256,4,4,545792,1091584,34112,688128,1376256,172032,172032,129024,545792,0,11010048,7168.0,7168.0,False
group_64,vision_language_interaction.fusion_layers.5.attn,bmm,144,512,256,21,4,1,64512,129024,12288,2097152,4194304,524288,524288,0,64512,0,11010048,7168.0,21845.333333333332,False
group_64,vision_language_interaction.fusion_layers.5.attn,bmm,144,21,256,512,4,8,567296,1134592,35456,688128,1376256,172032,172032,150528,567296,0,11010048,7168.0,7168.0,False
group_64,vision_language_interaction.fusion_layers.5.attn.out_v_proj,linear,144,512,256,1024,1,16,786432,1310720,49152,8388608,16777216,2097152,2097152,1966080,524288,0,134217728,87381.33333333333,87381.33333333333,True
group_64,vision_language_interaction.fusion_layers.5.attn.out_l_proj,linear,144,21,256,1024,1,16,283648,305152,17728,344064,688128,86016,86016,80640,21504,0,5505024,3584.0,3584.0,True
group_64,vision_language_interaction.text_layers.5.self_attn,linear,144,1,768,256,21,4,201984,207360,12624,258048,516096,64512,64512,48384,5376,0,4128768,2688.0,2688.0,True
group_64,vision_language_interaction.text_layers.5.self_attn,baddbmm,144,21,21,64,4,1,10752,21504,672,7056,14112,1764,1764,0,10752,0,112896,73.5,73.5,False
group_64,vision_language_interaction.text_layers.5.self_attn,bmm,144,21,64,21,4,1,7140,14280,1360,21504,43008,5376,5376,0,7140,0,112896,73.5,224.0,False
group_64,vision_language_interaction.text_layers.5.self_attn,linear,144,21,256,256,1,4,70912,76288,4432,86016,172032,21504,21504,16128,5376,0,1376256,896.0,896.0,True
group_64,vision_language_interaction.text_layers.5.linear1,linear,144,1,1024,256,21,4,267520,272896,16720,344064,688128,86016,86016,64512,5376,0,5505024,3584.0,3584.0,True
group_64,vision_language_interaction.text_layers.5.linear2,linear,144,1,256,1024,21,16,283648,305152,17728,344064,688128,86016,86016,80640,21504,0,5505024,3584.0,3584.0,True
group_64,action_head.state_projection.net.1,linear,144,1,256,8,1,1,2056,2064,1028,1024,2048,256,256,0,8,0,2048,1.3333333333333333,10.666666666666666,True
group_64,action_head.state_projection.net.4,linear,144,1,512,256,1,4,131328,131584,8208,8192,16384,2048,2048,1536,256,0,131072,85.33333333333333,85.33333333333333,True
group_64,action_head.decoder.decoder.layers.0.self_attn,linear,144,1,768,256,12,4,199680,202752,12480,147456,294912,36864,36864,27648,3072,0,2359296,1536.0,1536.0,True
group_64,action_head.decoder.decoder.layers.0.self_attn,attention_qk,144,12,12,32,8,1,6144,12288,768,4608,9216,1152,1152,0,6144,0,36864,24.0,48.0,False
group_64,action_head.decoder.decoder.layers.0.self_attn,attention_av,144,12,32,12,8,1,4224,8448,1408,12288,24576,3072,3072,0,4224,0,36864,24.0,128.0,False
group_64,action_head.decoder.decoder.layers.0.self_attn,linear,144,12,256,256,1,4,68608,71680,4288,49152,98304,12288,12288,9216,3072,0,786432,512.0,512.0,True
group_64,action_head.decoder.decoder.layers.0.multihead_attn,linear,144,1,256,256,12,4,68608,71680,4288,49152,98304,12288,12288,9216,3072,0,786432,512.0,512.0,True
group_64,action_head.decoder.decoder.layers.0.multihead_attn,linear,144,1,512,256,535,4,268032,404992,16752,4382720,8765440,1095680,1095680,821760,136960,0,70123520,45653.333333333336,45653.333333333336,True
group_64,action_head.decoder.decoder.layers.0.multihead_attn,attention_qk,144,12,535,32,8,1,140032,280064,17504,205440,410880,51360,51360,0,140032,0,1643520,1070.0,2140.0,False
group_64,action_head.decoder.decoder.layers.0.multihead_attn,attention_av,144,12,32,535,8,9,188320,376640,12672,110592,221184,27648,27648,24576,188320,0,1643520,1070.0,1152.0,False
group_64,action_head.decoder.decoder.layers.0.multihead_attn,linear,144,12,256,256,1,4,68608,71680,4288,49152,98304,12288,12288,9216,3072,0,786432,512.0,512.0,True
group_64,action_head.decoder.decoder.layers.0.linear1,linear,144,12,2048,256,1,4,527360,530432,32960,393216,786432,98304,98304,73728,3072,0,6291456,4096.0,4096.0,True
group_64,action_head.decoder.decoder.layers.0.linear2,linear,144,12,256,2048,1,32,548864,573440,34304,393216,786432,98304,98304,95232,24576,0,6291456,4096.0,4096.0,True
group_64,action_head.decoder.decoder.layers.1.self_attn,linear,144,1,768,256,12,4,199680,202752,12480,147456,294912,36864,36864,27648,3072,0,2359296,1536.0,1536.0,True
group_64,action_head.decoder.decoder.layers.1.self_attn,attention_qk,144,12,12,32,8,1,6144,12288,768,4608,9216,1152,1152,0,6144,0,36864,24.0,48.0,False
group_64,action_head.decoder.decoder.layers.1.self_attn,attention_av,144,12,32,12,8,1,4224,8448,1408,12288,24576,3072,3072,0,4224,0,36864,24.0,128.0,False
group_64,action_head.decoder.decoder.layers.1.self_attn,linear,144,12,256,256,1,4,68608,71680,4288,49152,98304,12288,12288,9216,3072,0,786432,512.0,512.0,True
group_64,action_head.decoder.decoder.layers.1.multihead_attn,linear,144,1,256,256,12,4,68608,71680,4288,49152,98304,12288,12288,9216,3072,0,786432,512.0,512.0,True
group_64,action_head.decoder.decoder.layers.1.multihead_attn,linear,144,1,512,256,535,4,268032,404992,16752,4382720,8765440,1095680,1095680,821760,136960,0,70123520,45653.333333333336,45653.333333333336,True
group_64,action_head.decoder.decoder.layers.1.multihead_attn,attention_qk,144,12,535,32,8,1,140032,280064,17504,205440,410880,51360,51360,0,140032,0,1643520,1070.0,2140.0,False
group_64,action_head.decoder.decoder.layers.1.multihead_attn,attention_av,144,12,32,535,8,9,188320,376640,12672,110592,221184,27648,27648,24576,188320,0,1643520,1070.0,1152.0,False
group_64,action_head.decoder.decoder.layers.1.multihead_attn,linear,144,12,256,256,1,4,68608,71680,4288,49152,98304,12288,12288,9216,3072,0,786432,512.0,512.0,True
group_64,action_head.decoder.decoder.layers.1.linear1,linear,144,12,2048,256,1,4,527360,530432,32960,393216,786432,98304,98304,73728,3072,0,6291456,4096.0,4096.0,True
group_64,action_head.decoder.decoder.layers.1.linear2,linear,144,12,256,2048,1,32,548864,573440,34304,393216,786432,98304,98304,95232,24576,0,6291456,4096.0,4096.0,True
group_64,action_head.decoder.decoder.layers.2.self_attn,linear,144,1,768,256,12,4,199680,202752,12480,147456,294912,36864,36864,27648,3072,0,2359296,1536.0,1536.0,True
group_64,action_head.decoder.decoder.layers.2.self_attn,attention_qk,144,12,12,32,8,1,6144,12288,768,4608,9216,1152,1152,0,6144,0,36864,24.0,48.0,False
group_64,action_head.decoder.decoder.layers.2.self_attn,attention_av,144,12,32,12,8,1,4224,8448,1408,12288,24576,3072,3072,0,4224,0,36864,24.0,128.0,False
group_64,action_head.decoder.decoder.layers.2.self_attn,linear,144,12,256,256,1,4,68608,71680,4288,49152,98304,12288,12288,9216,3072,0,786432,512.0,512.0,True
group_64,action_head.decoder.decoder.layers.2.multihead_attn,linear,144,1,256,256,12,4,68608,71680,4288,49152,98304,12288,12288,9216,3072,0,786432,512.0,512.0,True
group_64,action_head.decoder.decoder.layers.2.multihead_attn,linear,144,1,512,256,535,4,268032,404992,16752,4382720,8765440,1095680,1095680,821760,136960,0,70123520,45653.333333333336,45653.333333333336,True
group_64,action_head.decoder.decoder.layers.2.multihead_attn,attention_qk,144,12,535,32,8,1,140032,280064,17504,205440,410880,51360,51360,0,140032,0,1643520,1070.0,2140.0,False
group_64,action_head.decoder.decoder.layers.2.multihead_attn,attention_av,144,12,32,535,8,9,188320,376640,12672,110592,221184,27648,27648,24576,188320,0,1643520,1070.0,1152.0,False
group_64,action_head.decoder.decoder.layers.2.multihead_attn,linear,144,12,256,256,1,4,68608,71680,4288,49152,98304,12288,12288,9216,3072,0,786432,512.0,512.0,True
group_64,action_head.decoder.decoder.layers.2.linear1,linear,144,12,2048,256,1,4,527360,530432,32960,393216,786432,98304,98304,73728,3072,0,6291456,4096.0,4096.0,True
group_64,action_head.decoder.decoder.layers.2.linear2,linear,144,12,256,2048,1,32,548864,573440,34304,393216,786432,98304,98304,95232,24576,0,6291456,4096.0,4096.0,True
group_64,action_head.decoder.action_projection.layers.0,linear,144,12,512,256,1,4,134144,137216,8384,98304,196608,24576,24576,18432,3072,0,1572864,1024.0,1024.0,True
group_64,action_head.decoder.action_projection.layers.1,linear,144,12,512,512,1,8,268288,274432,16768,196608,393216,49152,49152,43008,6144,0,3145728,2048.0,2048.0,True
group_64,action_head.decoder.action_projection.layers.2,linear,144,12,7,512,1,8,9728,15872,608,2688,5376,672,672,588,6144,0,43008,28.0,28.0,True
group_64,text_encoder.bert.encoder.layer.0.attention.self.query,linear,36,11,768,768,1,12,598272,606720,37392,405504,811008,101376,101376,92928,8448,0,6488064,4224.0,4224.0,True
group_64,text_encoder.bert.encoder.layer.0.attention.self.key,linear,36,11,768,768,1,12,598272,606720,37392,405504,811008,101376,101376,92928,8448,0,6488064,4224.0,4224.0,True
group_64,text_encoder.bert.encoder.layer.0.attention.self.value,linear,36,11,768,768,1,12,598272,606720,37392,405504,811008,101376,101376,92928,8448,0,6488064,4224.0,4224.0,True
group_64,text_encoder.bert.encoder.layer.0.attention.self,attention_qk,36,11,11,64,12,1,16896,33792,1056,5808,11616,1452,1452,0,16896,0,92928,60.5,60.5,False
group_64,text_encoder.bert.encoder.layer.0.attention.self,attention_av,36,11,64,11,12,1,9900,19800,3600,33792,67584,8448,8448,0,9900,0,92928,60.5,352.0,False
group_64,text_encoder.bert.encoder.layer.0.attention.output.dense,linear,36,11,768,768,1,12,598272,606720,37392,405504,811008,101376,101376,92928,8448,0,6488064,4224.0,4224.0,True
group_64,text_encoder.bert.encoder.layer.0.intermediate.dense,linear,36,11,3072,768,1,12,2367744,2376192,147984,1622016,3244032,405504,405504,371712,8448,0,25952256,16896.0,16896.0,True
group_64,text_encoder.bert.encoder.layer.0.output.dense,linear,36,11,768,3072,1,48,2393088,2426880,149568,1622016,3244032,405504,405504,397056,33792,0,25952256,16896.0,16896.0,True
group_64,text_encoder.bert.encoder.layer.1.attention.self.query,linear,36,11,768,768,1,12,598272,606720,37392,405504,811008,101376,101376,92928,8448,0,6488064,4224.0,4224.0,True
group_64,text_encoder.bert.encoder.layer.1.attention.self.key,linear,36,11,768,768,1,12,598272,606720,37392,405504,811008,101376,101376,92928,8448,0,6488064,4224.0,4224.0,True
group_64,text_encoder.bert.encoder.layer.1.attention.self.value,linear,36,11,768,768,1,12,598272,606720,37392,405504,811008,101376,101376,92928,8448,0,6488064,4224.0,4224.0,True
group_64,text_encoder.bert.encoder.layer.1.attention.self,attention_qk,36,11,11,64,12,1,16896,33792,1056,5808,11616,1452,1452,0,16896,0,92928,60.5,60.5,False
group_64,text_encoder.bert.encoder.layer.1.attention.self,attention_av,36,11,64,11,12,1,9900,19800,3600,33792,67584,8448,8448,0,9900,0,92928,60.5,352.0,False
group_64,text_encoder.bert.encoder.layer.1.attention.output.dense,linear,36,11,768,768,1,12,598272,606720,37392,405504,811008,101376,101376,92928,8448,0,6488064,4224.0,4224.0,True
group_64,text_encoder.bert.encoder.layer.1.intermediate.dense,linear,36,11,3072,768,1,12,2367744,2376192,147984,1622016,3244032,405504,405504,371712,8448,0,25952256,16896.0,16896.0,True
group_64,text_encoder.bert.encoder.layer.1.output.dense,linear,36,11,768,3072,1,48,2393088,2426880,149568,1622016,3244032,405504,405504,397056,33792,0,25952256,16896.0,16896.0,True
group_64,text_encoder.bert.encoder.layer.2.attention.self.query,linear,36,11,768,768,1,12,598272,606720,37392,405504,811008,101376,101376,92928,8448,0,6488064,4224.0,4224.0,True
group_64,text_encoder.bert.encoder.layer.2.attention.self.key,linear,36,11,768,768,1,12,598272,606720,37392,405504,811008,101376,101376,92928,8448,0,6488064,4224.0,4224.0,True
group_64,text_encoder.bert.encoder.layer.2.attention.self.value,linear,36,11,768,768,1,12,598272,606720,37392,405504,811008,101376,101376,92928,8448,0,6488064,4224.0,4224.0,True
group_64,text_encoder.bert.encoder.layer.2.attention.self,attention_qk,36,11,11,64,12,1,16896,33792,1056,5808,11616,1452,1452,0,16896,0,92928,60.5,60.5,False
group_64,text_encoder.bert.encoder.layer.2.attention.self,attention_av,36,11,64,11,12,1,9900,19800,3600,33792,67584,8448,8448,0,9900,0,92928,60.5,352.0,False
group_64,text_encoder.bert.encoder.layer.2.attention.output.dense,linear,36,11,768,768,1,12,598272,606720,37392,405504,811008,101376,101376,92928,8448,0,6488064,4224.0,4224.0,True
group_64,text_encoder.bert.encoder.layer.2.intermediate.dense,linear,36,11,3072,768,1,12,2367744,2376192,147984,1622016,3244032,405504,405504,371712,8448,0,25952256,16896.0,16896.0,True
group_64,text_encoder.bert.encoder.layer.2.output.dense,linear,36,11,768,3072,1,48,2393088,2426880,149568,1622016,3244032,405504,405504,397056,33792,0,25952256,16896.0,16896.0,True
group_64,text_encoder.bert.encoder.layer.3.attention.self.query,linear,36,11,768,768,1,12,598272,606720,37392,405504,811008,101376,101376,92928,8448,0,6488064,4224.0,4224.0,True
group_64,text_encoder.bert.encoder.layer.3.attention.self.key,linear,36,11,768,768,1,12,598272,606720,37392,405504,811008,101376,101376,92928,8448,0,6488064,4224.0,4224.0,True
group_64,text_encoder.bert.encoder.layer.3.attention.self.value,linear,36,11,768,768,1,12,598272,606720,37392,405504,811008,101376,101376,92928,8448,0,6488064,4224.0,4224.0,True
group_64,text_encoder.bert.encoder.layer.3.attention.self,attention_qk,36,11,11,64,12,1,16896,33792,1056,5808,11616,1452,1452,0,16896,0,92928,60.5,60.5,False
group_64,text_encoder.bert.encoder.layer.3.attention.self,attention_av,36,11,64,11,12,1,9900,19800,3600,33792,67584,8448,8448,0,9900,0,92928,60.5,352.0,False
group_64,text_encoder.bert.encoder.layer.3.attention.output.dense,linear,36,11,768,768,1,12,598272,606720,37392,405504,811008,101376,101376,92928,8448,0,6488064,4224.0,4224.0,True
group_64,text_encoder.bert.encoder.layer.3.intermediate.dense,linear,36,11,3072,768,1,12,2367744,2376192,147984,1622016,3244032,405504,405504,371712,8448,0,25952256,16896.0,16896.0,True
group_64,text_encoder.bert.encoder.layer.3.output.dense,linear,36,11,768,3072,1,48,2393088,2426880,149568,1622016,3244032,405504,405504,397056,33792,0,25952256,16896.0,16896.0,True
group_64,text_encoder.bert.encoder.layer.4.attention.self.query,linear,36,11,768,768,1,12,598272,606720,37392,405504,811008,101376,101376,92928,8448,0,6488064,4224.0,4224.0,True
group_64,text_encoder.bert.encoder.layer.4.attention.self.key,linear,36,11,768,768,1,12,598272,606720,37392,405504,811008,101376,101376,92928,8448,0,6488064,4224.0,4224.0,True
group_64,text_encoder.bert.encoder.layer.4.attention.self.value,linear,36,11,768,768,1,12,598272,606720,37392,405504,811008,101376,101376,92928,8448,0,6488064,4224.0,4224.0,True
group_64,text_encoder.bert.encoder.layer.4.attention.self,attention_qk,36,11,11,64,12,1,16896,33792,1056,5808,11616,1452,1452,0,16896,0,92928,60.5,60.5,False
group_64,text_encoder.bert.encoder.layer.4.attention.self,attention_av,36,11,64,11,12,1,9900,19800,3600,33792,67584,8448,8448,0,9900,0,92928,60.5,352.0,False
group_64,text_encoder.bert.encoder.layer.4.attention.output.dense,linear,36,11,768,768,1,12,598272,606720,37392,405504,811008,101376,101376,92928,8448,0,6488064,4224.0,4224.0,True
group_64,text_encoder.bert.encoder.layer.4.intermediate.dense,linear,36,11,3072,768,1,12,2367744,2376192,147984,1622016,3244032,405504,405504,371712,8448,0,25952256,16896.0,16896.0,True
group_64,text_encoder.bert.encoder.layer.4.output.dense,linear,36,11,768,3072,1,48,2393088,2426880,149568,1622016,3244032,405504,405504,397056,33792,0,25952256,16896.0,16896.0,True
group_64,text_encoder.bert.encoder.layer.5.attention.self.query,linear,36,11,768,768,1,12,598272,606720,37392,405504,811008,101376,101376,92928,8448,0,6488064,4224.0,4224.0,True
group_64,text_encoder.bert.encoder.layer.5.attention.self.key,linear,36,11,768,768,1,12,598272,606720,37392,405504,811008,101376,101376,92928,8448,0,6488064,4224.0,4224.0,True
group_64,text_encoder.bert.encoder.layer.5.attention.self.value,linear,36,11,768,768,1,12,598272,606720,37392,405504,811008,101376,101376,92928,8448,0,6488064,4224.0,4224.0,True
group_64,text_encoder.bert.encoder.layer.5.attention.self,attention_qk,36,11,11,64,12,1,16896,33792,1056,5808,11616,1452,1452,0,16896,0,92928,60.5,60.5,False
group_64,text_encoder.bert.encoder.layer.5.attention.self,attention_av,36,11,64,11,12,1,9900,19800,3600,33792,67584,8448,8448,0,9900,0,92928,60.5,352.0,False
group_64,text_encoder.bert.encoder.layer.5.attention.output.dense,linear,36,11,768,768,1,12,598272,606720,37392,405504,811008,101376,101376,92928,8448,0,6488064,4224.0,4224.0,True
group_64,text_encoder.bert.encoder.layer.5.intermediate.dense,linear,36,11,3072,768,1,12,2367744,2376192,147984,1622016,3244032,405504,405504,371712,8448,0,25952256,16896.0,16896.0,True
group_64,text_encoder.bert.encoder.layer.5.output.dense,linear,36,11,768,3072,1,48,2393088,2426880,149568,1622016,3244032,405504,405504,397056,33792,0,25952256,16896.0,16896.0,True
group_64,text_encoder.bert.encoder.layer.6.attention.self.query,linear,36,11,768,768,1,12,598272,606720,37392,405504,811008,101376,101376,92928,8448,0,6488064,4224.0,4224.0,True
group_64,text_encoder.bert.encoder.layer.6.attention.self.key,linear,36,11,768,768,1,12,598272,606720,37392,405504,811008,101376,101376,92928,8448,0,6488064,4224.0,4224.0,True
group_64,text_encoder.bert.encoder.layer.6.attention.self.value,linear,36,11,768,768,1,12,598272,606720,37392,405504,811008,101376,101376,92928,8448,0,6488064,4224.0,4224.0,True
group_64,text_encoder.bert.encoder.layer.6.attention.self,attention_qk,36,11,11,64,12,1,16896,33792,1056,5808,11616,1452,1452,0,16896,0,92928,60.5,60.5,False
group_64,text_encoder.bert.encoder.layer.6.attention.self,attention_av,36,11,64,11,12,1,9900,19800,3600,33792,67584,8448,8448,0,9900,0,92928,60.5,352.0,False
group_64,text_encoder.bert.encoder.layer.6.attention.output.dense,linear,36,11,768,768,1,12,598272,606720,37392,405504,811008,101376,101376,92928,8448,0,6488064,4224.0,4224.0,True
group_64,text_encoder.bert.encoder.layer.6.intermediate.dense,linear,36,11,3072,768,1,12,2367744,2376192,147984,1622016,3244032,405504,405504,371712,8448,0,25952256,16896.0,16896.0,True
group_64,text_encoder.bert.encoder.layer.6.output.dense,linear,36,11,768,3072,1,48,2393088,2426880,149568,1622016,3244032,405504,405504,397056,33792,0,25952256,16896.0,16896.0,True
group_64,text_encoder.bert.encoder.layer.7.attention.self.query,linear,36,11,768,768,1,12,598272,606720,37392,405504,811008,101376,101376,92928,8448,0,6488064,4224.0,4224.0,True
group_64,text_encoder.bert.encoder.layer.7.attention.self.key,linear,36,11,768,768,1,12,598272,606720,37392,405504,811008,101376,101376,92928,8448,0,6488064,4224.0,4224.0,True
group_64,text_encoder.bert.encoder.layer.7.attention.self.value,linear,36,11,768,768,1,12,598272,606720,37392,405504,811008,101376,101376,92928,8448,0,6488064,4224.0,4224.0,True
group_64,text_encoder.bert.encoder.layer.7.attention.self,attention_qk,36,11,11,64,12,1,16896,33792,1056,5808,11616,1452,1452,0,16896,0,92928,60.5,60.5,False
group_64,text_encoder.bert.encoder.layer.7.attention.self,attention_av,36,11,64,11,12,1,9900,19800,3600,33792,67584,8448,8448,0,9900,0,92928,60.5,352.0,False
group_64,text_encoder.bert.encoder.layer.7.attention.output.dense,linear,36,11,768,768,1,12,598272,606720,37392,405504,811008,101376,101376,92928,8448,0,6488064,4224.0,4224.0,True
group_64,text_encoder.bert.encoder.layer.7.intermediate.dense,linear,36,11,3072,768,1,12,2367744,2376192,147984,1622016,3244032,405504,405504,371712,8448,0,25952256,16896.0,16896.0,True
group_64,text_encoder.bert.encoder.layer.7.output.dense,linear,36,11,768,3072,1,48,2393088,2426880,149568,1622016,3244032,405504,405504,397056,33792,0,25952256,16896.0,16896.0,True
group_64,text_encoder.bert.encoder.layer.8.attention.self.query,linear,36,11,768,768,1,12,598272,606720,37392,405504,811008,101376,101376,92928,8448,0,6488064,4224.0,4224.0,True
group_64,text_encoder.bert.encoder.layer.8.attention.self.key,linear,36,11,768,768,1,12,598272,606720,37392,405504,811008,101376,101376,92928,8448,0,6488064,4224.0,4224.0,True
group_64,text_encoder.bert.encoder.layer.8.attention.self.value,linear,36,11,768,768,1,12,598272,606720,37392,405504,811008,101376,101376,92928,8448,0,6488064,4224.0,4224.0,True
group_64,text_encoder.bert.encoder.layer.8.attention.self,attention_qk,36,11,11,64,12,1,16896,33792,1056,5808,11616,1452,1452,0,16896,0,92928,60.5,60.5,False
group_64,text_encoder.bert.encoder.layer.8.attention.self,attention_av,36,11,64,11,12,1,9900,19800,3600,33792,67584,8448,8448,0,9900,0,92928,60.5,352.0,False
group_64,text_encoder.bert.encoder.layer.8.attention.output.dense,linear,36,11,768,768,1,12,598272,606720,37392,405504,811008,101376,101376,92928,8448,0,6488064,4224.0,4224.0,True
group_64,text_encoder.bert.encoder.layer.8.intermediate.dense,linear,36,11,3072,768,1,12,2367744,2376192,147984,1622016,3244032,405504,405504,371712,8448,0,25952256,16896.0,16896.0,True
group_64,text_encoder.bert.encoder.layer.8.output.dense,linear,36,11,768,3072,1,48,2393088,2426880,149568,1622016,3244032,405504,405504,397056,33792,0,25952256,16896.0,16896.0,True
group_64,text_encoder.bert.encoder.layer.9.attention.self.query,linear,36,11,768,768,1,12,598272,606720,37392,405504,811008,101376,101376,92928,8448,0,6488064,4224.0,4224.0,True
group_64,text_encoder.bert.encoder.layer.9.attention.self.key,linear,36,11,768,768,1,12,598272,606720,37392,405504,811008,101376,101376,92928,8448,0,6488064,4224.0,4224.0,True
group_64,text_encoder.bert.encoder.layer.9.attention.self.value,linear,36,11,768,768,1,12,598272,606720,37392,405504,811008,101376,101376,92928,8448,0,6488064,4224.0,4224.0,True
group_64,text_encoder.bert.encoder.layer.9.attention.self,attention_qk,36,11,11,64,12,1,16896,33792,1056,5808,11616,1452,1452,0,16896,0,92928,60.5,60.5,False
group_64,text_encoder.bert.encoder.layer.9.attention.self,attention_av,36,11,64,11,12,1,9900,19800,3600,33792,67584,8448,8448,0,9900,0,92928,60.5,352.0,False
group_64,text_encoder.bert.encoder.layer.9.attention.output.dense,linear,36,11,768,768,1,12,598272,606720,37392,405504,811008,101376,101376,92928,8448,0,6488064,4224.0,4224.0,True
group_64,text_encoder.bert.encoder.layer.9.intermediate.dense,linear,36,11,3072,768,1,12,2367744,2376192,147984,1622016,3244032,405504,405504,371712,8448,0,25952256,16896.0,16896.0,True
group_64,text_encoder.bert.encoder.layer.9.output.dense,linear,36,11,768,3072,1,48,2393088,2426880,149568,1622016,3244032,405504,405504,397056,33792,0,25952256,16896.0,16896.0,True
group_64,text_encoder.bert.encoder.layer.10.attention.self.query,linear,36,11,768,768,1,12,598272,606720,37392,405504,811008,101376,101376,92928,8448,0,6488064,4224.0,4224.0,True
group_64,text_encoder.bert.encoder.layer.10.attention.self.key,linear,36,11,768,768,1,12,598272,606720,37392,405504,811008,101376,101376,92928,8448,0,6488064,4224.0,4224.0,True
group_64,text_encoder.bert.encoder.layer.10.attention.self.value,linear,36,11,768,768,1,12,598272,606720,37392,405504,811008,101376,101376,92928,8448,0,6488064,4224.0,4224.0,True
group_64,text_encoder.bert.encoder.layer.10.attention.self,attention_qk,36,11,11,64,12,1,16896,33792,1056,5808,11616,1452,1452,0,16896,0,92928,60.5,60.5,False
group_64,text_encoder.bert.encoder.layer.10.attention.self,attention_av,36,11,64,11,12,1,9900,19800,3600,33792,67584,8448,8448,0,9900,0,92928,60.5,352.0,False
group_64,text_encoder.bert.encoder.layer.10.attention.output.dense,linear,36,11,768,768,1,12,598272,606720,37392,405504,811008,101376,101376,92928,8448,0,6488064,4224.0,4224.0,True
group_64,text_encoder.bert.encoder.layer.10.intermediate.dense,linear,36,11,3072,768,1,12,2367744,2376192,147984,1622016,3244032,405504,405504,371712,8448,0,25952256,16896.0,16896.0,True
group_64,text_encoder.bert.encoder.layer.10.output.dense,linear,36,11,768,3072,1,48,2393088,2426880,149568,1622016,3244032,405504,405504,397056,33792,0,25952256,16896.0,16896.0,True
group_64,text_encoder.bert.encoder.layer.11.attention.self.query,linear,36,11,768,768,1,12,598272,606720,37392,405504,811008,101376,101376,92928,8448,0,6488064,4224.0,4224.0,True
group_64,text_encoder.bert.encoder.layer.11.attention.self.key,linear,36,11,768,768,1,12,598272,606720,37392,405504,811008,101376,101376,92928,8448,0,6488064,4224.0,4224.0,True
group_64,text_encoder.bert.encoder.layer.11.attention.self.value,linear,36,11,768,768,1,12,598272,606720,37392,405504,811008,101376,101376,92928,8448,0,6488064,4224.0,4224.0,True
group_64,text_encoder.bert.encoder.layer.11.attention.self,attention_qk,36,11,11,64,12,1,16896,33792,1056,5808,11616,1452,1452,0,16896,0,92928,60.5,60.5,False
group_64,text_encoder.bert.encoder.layer.11.attention.self,attention_av,36,11,64,11,12,1,9900,19800,3600,33792,67584,8448,8448,0,9900,0,92928,60.5,352.0,False
group_64,text_encoder.bert.encoder.layer.11.attention.output.dense,linear,36,11,768,768,1,12,598272,606720,37392,405504,811008,101376,101376,92928,8448,0,6488064,4224.0,4224.0,True
group_64,text_encoder.bert.encoder.layer.11.intermediate.dense,linear,36,11,3072,768,1,12,2367744,2376192,147984,1622016,3244032,405504,405504,371712,8448,0,25952256,16896.0,16896.0,True
group_64,text_encoder.bert.encoder.layer.11.output.dense,linear,36,11,768,3072,1,48,2393088,2426880,149568,1622016,3244032,405504,405504,397056,33792,0,25952256,16896.0,16896.0,True
group_64,text_encoder.bert.encoder.layer.0.attention.self.query,linear,36,14,768,768,1,12,600576,611328,37536,516096,1032192,129024,129024,118272,10752,0,8257536,5376.0,5376.0,True
group_64,text_encoder.bert.encoder.layer.0.attention.self.key,linear,36,14,768,768,1,12,600576,611328,37536,516096,1032192,129024,129024,118272,10752,0,8257536,5376.0,5376.0,True
group_64,text_encoder.bert.encoder.layer.0.attention.self.value,linear,36,14,768,768,1,12,600576,611328,37536,516096,1032192,129024,129024,118272,10752,0,8257536,5376.0,5376.0,True
group_64,text_encoder.bert.encoder.layer.0.attention.self,attention_qk,36,14,14,64,12,1,21504,43008,1344,9408,18816,2352,2352,0,21504,0,150528,98.0,98.0,False
group_64,text_encoder.bert.encoder.layer.0.attention.self,attention_av,36,14,64,14,12,1,13104,26208,3744,43008,86016,10752,10752,0,13104,0,150528,98.0,448.0,False
group_64,text_encoder.bert.encoder.layer.0.attention.output.dense,linear,36,14,768,768,1,12,600576,611328,37536,516096,1032192,129024,129024,118272,10752,0,8257536,5376.0,5376.0,True
group_64,text_encoder.bert.encoder.layer.0.intermediate.dense,linear,36,14,3072,768,1,12,2370048,2380800,148128,2064384,4128768,516096,516096,473088,10752,0,33030144,21504.0,21504.0,True
group_64,text_encoder.bert.encoder.layer.0.output.dense,linear,36,14,768,3072,1,48,2402304,2445312,150144,2064384,4128768,516096,516096,505344,43008,0,33030144,21504.0,21504.0,True
group_64,text_encoder.bert.encoder.layer.1.attention.self.query,linear,36,14,768,768,1,12,600576,611328,37536,516096,1032192,129024,129024,118272,10752,0,8257536,5376.0,5376.0,True
group_64,text_encoder.bert.encoder.layer.1.attention.self.key,linear,36,14,768,768,1,12,600576,611328,37536,516096,1032192,129024,129024,118272,10752,0,8257536,5376.0,5376.0,True
group_64,text_encoder.bert.encoder.layer.1.attention.self.value,linear,36,14,768,768,1,12,600576,611328,37536,516096,1032192,129024,129024,118272,10752,0,8257536,5376.0,5376.0,True
group_64,text_encoder.bert.encoder.layer.1.attention.self,attention_qk,36,14,14,64,12,1,21504,43008,1344,9408,18816,2352,2352,0,21504,0,150528,98.0,98.0,False
group_64,text_encoder.bert.encoder.layer.1.attention.self,attention_av,36,14,64,14,12,1,13104,26208,3744,43008,86016,10752,10752,0,13104,0,150528,98.0,448.0,False
group_64,text_encoder.bert.encoder.layer.1.attention.output.dense,linear,36,14,768,768,1,12,600576,611328,37536,516096,1032192,129024,129024,118272,10752,0,8257536,5376.0,5376.0,True
group_64,text_encoder.bert.encoder.layer.1.intermediate.dense,linear,36,14,3072,768,1,12,2370048,2380800,148128,2064384,4128768,516096,516096,473088,10752,0,33030144,21504.0,21504.0,True
group_64,text_encoder.bert.encoder.layer.1.output.dense,linear,36,14,768,3072,1,48,2402304,2445312,150144,2064384,4128768,516096,516096,505344,43008,0,33030144,21504.0,21504.0,True
group_64,text_encoder.bert.encoder.layer.2.attention.self.query,linear,36,14,768,768,1,12,600576,611328,37536,516096,1032192,129024,129024,118272,10752,0,8257536,5376.0,5376.0,True
group_64,text_encoder.bert.encoder.layer.2.attention.self.key,linear,36,14,768,768,1,12,600576,611328,37536,516096,1032192,129024,129024,118272,10752,0,8257536,5376.0,5376.0,True
group_64,text_encoder.bert.encoder.layer.2.attention.self.value,linear,36,14,768,768,1,12,600576,611328,37536,516096,1032192,129024,129024,118272,10752,0,8257536,5376.0,5376.0,True
group_64,text_encoder.bert.encoder.layer.2.attention.self,attention_qk,36,14,14,64,12,1,21504,43008,1344,9408,18816,2352,2352,0,21504,0,150528,98.0,98.0,False
group_64,text_encoder.bert.encoder.layer.2.attention.self,attention_av,36,14,64,14,12,1,13104,26208,3744,43008,86016,10752,10752,0,13104,0,150528,98.0,448.0,False
group_64,text_encoder.bert.encoder.layer.2.attention.output.dense,linear,36,14,768,768,1,12,600576,611328,37536,516096,1032192,129024,129024,118272,10752,0,8257536,5376.0,5376.0,True
group_64,text_encoder.bert.encoder.layer.2.intermediate.dense,linear,36,14,3072,768,1,12,2370048,2380800,148128,2064384,4128768,516096,516096,473088,10752,0,33030144,21504.0,21504.0,True
group_64,text_encoder.bert.encoder.layer.2.output.dense,linear,36,14,768,3072,1,48,2402304,2445312,150144,2064384,4128768,516096,516096,505344,43008,0,33030144,21504.0,21504.0,True
group_64,text_encoder.bert.encoder.layer.3.attention.self.query,linear,36,14,768,768,1,12,600576,611328,37536,516096,1032192,129024,129024,118272,10752,0,8257536,5376.0,5376.0,True
group_64,text_encoder.bert.encoder.layer.3.attention.self.key,linear,36,14,768,768,1,12,600576,611328,37536,516096,1032192,129024,129024,118272,10752,0,8257536,5376.0,5376.0,True
group_64,text_encoder.bert.encoder.layer.3.attention.self.value,linear,36,14,768,768,1,12,600576,611328,37536,516096,1032192,129024,129024,118272,10752,0,8257536,5376.0,5376.0,True
group_64,text_encoder.bert.encoder.layer.3.attention.self,attention_qk,36,14,14,64,12,1,21504,43008,1344,9408,18816,2352,2352,0,21504,0,150528,98.0,98.0,False
group_64,text_encoder.bert.encoder.layer.3.attention.self,attention_av,36,14,64,14,12,1,13104,26208,3744,43008,86016,10752,10752,0,13104,0,150528,98.0,448.0,False
group_64,text_encoder.bert.encoder.layer.3.attention.output.dense,linear,36,14,768,768,1,12,600576,611328,37536,516096,1032192,129024,129024,118272,10752,0,8257536,5376.0,5376.0,True
group_64,text_encoder.bert.encoder.layer.3.intermediate.dense,linear,36,14,3072,768,1,12,2370048,2380800,148128,2064384,4128768,516096,516096,473088,10752,0,33030144,21504.0,21504.0,True
group_64,text_encoder.bert.encoder.layer.3.output.dense,linear,36,14,768,3072,1,48,2402304,2445312,150144,2064384,4128768,516096,516096,505344,43008,0,33030144,21504.0,21504.0,True
group_64,text_encoder.bert.encoder.layer.4.attention.self.query,linear,36,14,768,768,1,12,600576,611328,37536,516096,1032192,129024,129024,118272,10752,0,8257536,5376.0,5376.0,True
group_64,text_encoder.bert.encoder.layer.4.attention.self.key,linear,36,14,768,768,1,12,600576,611328,37536,516096,1032192,129024,129024,118272,10752,0,8257536,5376.0,5376.0,True
group_64,text_encoder.bert.encoder.layer.4.attention.self.value,linear,36,14,768,768,1,12,600576,611328,37536,516096,1032192,129024,129024,118272,10752,0,8257536,5376.0,5376.0,True
group_64,text_encoder.bert.encoder.layer.4.attention.self,attention_qk,36,14,14,64,12,1,21504,43008,1344,9408,18816,2352,2352,0,21504,0,150528,98.0,98.0,False
group_64,text_encoder.bert.encoder.layer.4.attention.self,attention_av,36,14,64,14,12,1,13104,26208,3744,43008,86016,10752,10752,0,13104,0,150528,98.0,448.0,False
group_64,text_encoder.bert.encoder.layer.4.attention.output.dense,linear,36,14,768,768,1,12,600576,611328,37536,516096,1032192,129024,129024,118272,10752,0,8257536,5376.0,5376.0,True
group_64,text_encoder.bert.encoder.layer.4.intermediate.dense,linear,36,14,3072,768,1,12,2370048,2380800,148128,2064384,4128768,516096,516096,473088,10752,0,33030144,21504.0,21504.0,True
group_64,text_encoder.bert.encoder.layer.4.output.dense,linear,36,14,768,3072,1,48,2402304,2445312,150144,2064384,4128768,516096,516096,505344,43008,0,33030144,21504.0,21504.0,True
group_64,text_encoder.bert.encoder.layer.5.attention.self.query,linear,36,14,768,768,1,12,600576,611328,37536,516096,1032192,129024,129024,118272,10752,0,8257536,5376.0,5376.0,True
group_64,text_encoder.bert.encoder.layer.5.attention.self.key,linear,36,14,768,768,1,12,600576,611328,37536,516096,1032192,129024,129024,118272,10752,0,8257536,5376.0,5376.0,True
group_64,text_encoder.bert.encoder.layer.5.attention.self.value,linear,36,14,768,768,1,12,600576,611328,37536,516096,1032192,129024,129024,118272,10752,0,8257536,5376.0,5376.0,True
group_64,text_encoder.bert.encoder.layer.5.attention.self,attention_qk,36,14,14,64,12,1,21504,43008,1344,9408,18816,2352,2352,0,21504,0,150528,98.0,98.0,False
group_64,text_encoder.bert.encoder.layer.5.attention.self,attention_av,36,14,64,14,12,1,13104,26208,3744,43008,86016,10752,10752,0,13104,0,150528,98.0,448.0,False
group_64,text_encoder.bert.encoder.layer.5.attention.output.dense,linear,36,14,768,768,1,12,600576,611328,37536,516096,1032192,129024,129024,118272,10752,0,8257536,5376.0,5376.0,True
group_64,text_encoder.bert.encoder.layer.5.intermediate.dense,linear,36,14,3072,768,1,12,2370048,2380800,148128,2064384,4128768,516096,516096,473088,10752,0,33030144,21504.0,21504.0,True
group_64,text_encoder.bert.encoder.layer.5.output.dense,linear,36,14,768,3072,1,48,2402304,2445312,150144,2064384,4128768,516096,516096,505344,43008,0,33030144,21504.0,21504.0,True
group_64,text_encoder.bert.encoder.layer.6.attention.self.query,linear,36,14,768,768,1,12,600576,611328,37536,516096,1032192,129024,129024,118272,10752,0,8257536,5376.0,5376.0,True
group_64,text_encoder.bert.encoder.layer.6.attention.self.key,linear,36,14,768,768,1,12,600576,611328,37536,516096,1032192,129024,129024,118272,10752,0,8257536,5376.0,5376.0,True
group_64,text_encoder.bert.encoder.layer.6.attention.self.value,linear,36,14,768,768,1,12,600576,611328,37536,516096,1032192,129024,129024,118272,10752,0,8257536,5376.0,5376.0,True
group_64,text_encoder.bert.encoder.layer.6.attention.self,attention_qk,36,14,14,64,12,1,21504,43008,1344,9408,18816,2352,2352,0,21504,0,150528,98.0,98.0,False
group_64,text_encoder.bert.encoder.layer.6.attention.self,attention_av,36,14,64,14,12,1,13104,26208,3744,43008,86016,10752,10752,0,13104,0,150528,98.0,448.0,False
group_64,text_encoder.bert.encoder.layer.6.attention.output.dense,linear,36,14,768,768,1,12,600576,611328,37536,516096,1032192,129024,129024,118272,10752,0,8257536,5376.0,5376.0,True
group_64,text_encoder.bert.encoder.layer.6.intermediate.dense,linear,36,14,3072,768,1,12,2370048,2380800,148128,2064384,4128768,516096,516096,473088,10752,0,33030144,21504.0,21504.0,True
group_64,text_encoder.bert.encoder.layer.6.output.dense,linear,36,14,768,3072,1,48,2402304,2445312,150144,2064384,4128768,516096,516096,505344,43008,0,33030144,21504.0,21504.0,True
group_64,text_encoder.bert.encoder.layer.7.attention.self.query,linear,36,14,768,768,1,12,600576,611328,37536,516096,1032192,129024,129024,118272,10752,0,8257536,5376.0,5376.0,True
group_64,text_encoder.bert.encoder.layer.7.attention.self.key,linear,36,14,768,768,1,12,600576,611328,37536,516096,1032192,129024,129024,118272,10752,0,8257536,5376.0,5376.0,True
group_64,text_encoder.bert.encoder.layer.7.attention.self.value,linear,36,14,768,768,1,12,600576,611328,37536,516096,1032192,129024,129024,118272,10752,0,8257536,5376.0,5376.0,True
group_64,text_encoder.bert.encoder.layer.7.attention.self,attention_qk,36,14,14,64,12,1,21504,43008,1344,9408,18816,2352,2352,0,21504,0,150528,98.0,98.0,False
group_64,text_encoder.bert.encoder.layer.7.attention.self,attention_av,36,14,64,14,12,1,13104,26208,3744,43008,86016,10752,10752,0,13104,0,150528,98.0,448.0,False
group_64,text_encoder.bert.encoder.layer.7.attention.output.dense,linear,36,14,768,768,1,12,600576,611328,37536,516096,1032192,129024,129024,118272,10752,0,8257536,5376.0,5376.0,True
group_64,text_encoder.bert.encoder.layer.7.intermediate.dense,linear,36,14,3072,768,1,12,2370048,2380800,148128,2064384,4128768,516096,516096,473088,10752,0,33030144,21504.0,21504.0,True
group_64,text_encoder.bert.encoder.layer.7.output.dense,linear,36,14,768,3072,1,48,2402304,2445312,150144,2064384,4128768,516096,516096,505344,43008,0,33030144,21504.0,21504.0,True
group_64,text_encoder.bert.encoder.layer.8.attention.self.query,linear,36,14,768,768,1,12,600576,611328,37536,516096,1032192,129024,129024,118272,10752,0,8257536,5376.0,5376.0,True
group_64,text_encoder.bert.encoder.layer.8.attention.self.key,linear,36,14,768,768,1,12,600576,611328,37536,516096,1032192,129024,129024,118272,10752,0,8257536,5376.0,5376.0,True
group_64,text_encoder.bert.encoder.layer.8.attention.self.value,linear,36,14,768,768,1,12,600576,611328,37536,516096,1032192,129024,129024,118272,10752,0,8257536,5376.0,5376.0,True
group_64,text_encoder.bert.encoder.layer.8.attention.self,attention_qk,36,14,14,64,12,1,21504,43008,1344,9408,18816,2352,2352,0,21504,0,150528,98.0,98.0,False
group_64,text_encoder.bert.encoder.layer.8.attention.self,attention_av,36,14,64,14,12,1,13104,26208,3744,43008,86016,10752,10752,0,13104,0,150528,98.0,448.0,False
group_64,text_encoder.bert.encoder.layer.8.attention.output.dense,linear,36,14,768,768,1,12,600576,611328,37536,516096,1032192,129024,129024,118272,10752,0,8257536,5376.0,5376.0,True
group_64,text_encoder.bert.encoder.layer.8.intermediate.dense,linear,36,14,3072,768,1,12,2370048,2380800,148128,2064384,4128768,516096,516096,473088,10752,0,33030144,21504.0,21504.0,True
group_64,text_encoder.bert.encoder.layer.8.output.dense,linear,36,14,768,3072,1,48,2402304,2445312,150144,2064384,4128768,516096,516096,505344,43008,0,33030144,21504.0,21504.0,True
group_64,text_encoder.bert.encoder.layer.9.attention.self.query,linear,36,14,768,768,1,12,600576,611328,37536,516096,1032192,129024,129024,118272,10752,0,8257536,5376.0,5376.0,True
group_64,text_encoder.bert.encoder.layer.9.attention.self.key,linear,36,14,768,768,1,12,600576,611328,37536,516096,1032192,129024,129024,118272,10752,0,8257536,5376.0,5376.0,True
group_64,text_encoder.bert.encoder.layer.9.attention.self.value,linear,36,14,768,768,1,12,600576,611328,37536,516096,1032192,129024,129024,118272,10752,0,8257536,5376.0,5376.0,True
group_64,text_encoder.bert.encoder.layer.9.attention.self,attention_qk,36,14,14,64,12,1,21504,43008,1344,9408,18816,2352,2352,0,21504,0,150528,98.0,98.0,False
group_64,text_encoder.bert.encoder.layer.9.attention.self,attention_av,36,14,64,14,12,1,13104,26208,3744,43008,86016,10752,10752,0,13104,0,150528,98.0,448.0,False
group_64,text_encoder.bert.encoder.layer.9.attention.output.dense,linear,36,14,768,768,1,12,600576,611328,37536,516096,1032192,129024,129024,118272,10752,0,8257536,5376.0,5376.0,True
group_64,text_encoder.bert.encoder.layer.9.intermediate.dense,linear,36,14,3072,768,1,12,2370048,2380800,148128,2064384,4128768,516096,516096,473088,10752,0,33030144,21504.0,21504.0,True
group_64,text_encoder.bert.encoder.layer.9.output.dense,linear,36,14,768,3072,1,48,2402304,2445312,150144,2064384,4128768,516096,516096,505344,43008,0,33030144,21504.0,21504.0,True
group_64,text_encoder.bert.encoder.layer.10.attention.self.query,linear,36,14,768,768,1,12,600576,611328,37536,516096,1032192,129024,129024,118272,10752,0,8257536,5376.0,5376.0,True
group_64,text_encoder.bert.encoder.layer.10.attention.self.key,linear,36,14,768,768,1,12,600576,611328,37536,516096,1032192,129024,129024,118272,10752,0,8257536,5376.0,5376.0,True
group_64,text_encoder.bert.encoder.layer.10.attention.self.value,linear,36,14,768,768,1,12,600576,611328,37536,516096,1032192,129024,129024,118272,10752,0,8257536,5376.0,5376.0,True
group_64,text_encoder.bert.encoder.layer.10.attention.self,attention_qk,36,14,14,64,12,1,21504,43008,1344,9408,18816,2352,2352,0,21504,0,150528,98.0,98.0,False
group_64,text_encoder.bert.encoder.layer.10.attention.self,attention_av,36,14,64,14,12,1,13104,26208,3744,43008,86016,10752,10752,0,13104,0,150528,98.0,448.0,False
group_64,text_encoder.bert.encoder.layer.10.attention.output.dense,linear,36,14,768,768,1,12,600576,611328,37536,516096,1032192,129024,129024,118272,10752,0,8257536,5376.0,5376.0,True
group_64,text_encoder.bert.encoder.layer.10.intermediate.dense,linear,36,14,3072,768,1,12,2370048,2380800,148128,2064384,4128768,516096,516096,473088,10752,0,33030144,21504.0,21504.0,True
group_64,text_encoder.bert.encoder.layer.10.output.dense,linear,36,14,768,3072,1,48,2402304,2445312,150144,2064384,4128768,516096,516096,505344,43008,0,33030144,21504.0,21504.0,True
group_64,text_encoder.bert.encoder.layer.11.attention.self.query,linear,36,14,768,768,1,12,600576,611328,37536,516096,1032192,129024,129024,118272,10752,0,8257536,5376.0,5376.0,True
group_64,text_encoder.bert.encoder.layer.11.attention.self.key,linear,36,14,768,768,1,12,600576,611328,37536,516096,1032192,129024,129024,118272,10752,0,8257536,5376.0,5376.0,True
group_64,text_encoder.bert.encoder.layer.11.attention.self.value,linear,36,14,768,768,1,12,600576,611328,37536,516096,1032192,129024,129024,118272,10752,0,8257536,5376.0,5376.0,True
group_64,text_encoder.bert.encoder.layer.11.attention.self,attention_qk,36,14,14,64,12,1,21504,43008,1344,9408,18816,2352,2352,0,21504,0,150528,98.0,98.0,False
group_64,text_encoder.bert.encoder.layer.11.attention.self,attention_av,36,14,64,14,12,1,13104,26208,3744,43008,86016,10752,10752,0,13104,0,150528,98.0,448.0,False
group_64,text_encoder.bert.encoder.layer.11.attention.output.dense,linear,36,14,768,768,1,12,600576,611328,37536,516096,1032192,129024,129024,118272,10752,0,8257536,5376.0,5376.0,True
group_64,text_encoder.bert.encoder.layer.11.intermediate.dense,linear,36,14,3072,768,1,12,2370048,2380800,148128,2064384,4128768,516096,516096,473088,10752,0,33030144,21504.0,21504.0,True
group_64,text_encoder.bert.encoder.layer.11.output.dense,linear,36,14,768,3072,1,48,2402304,2445312,150144,2064384,4128768,516096,516096,505344,43008,0,33030144,21504.0,21504.0,True
group_64_mse,text_encoder.bert.encoder.layer.0.attention.self.query,linear,72,21,768,768,1,12,605952,622080,37872,774144,1548288,193536,193536,177408,16128,96768,12386304,8064.0,8064.0,True
group_64_mse,text_encoder.bert.encoder.layer.0.attention.self.key,linear,72,21,768,768,1,12,605952,622080,37872,774144,1548288,193536,193536,177408,16128,96768,12386304,8064.0,8064.0,True
group_64_mse,text_encoder.bert.encoder.layer.0.attention.self.value,linear,72,21,768,768,1,12,605952,622080,37872,774144,1548288,193536,193536,177408,16128,96768,12386304,8064.0,8064.0,True
group_64_mse,text_encoder.bert.encoder.layer.0.attention.self,attention_qk,72,21,21,64,12,1,32256,64512,2016,21168,42336,5292,5292,0,32256,193536,338688,220.5,220.5,False
group_64_mse,text_encoder.bert.encoder.layer.0.attention.self,attention_av,72,21,64,21,12,1,21420,42840,4080,64512,129024,16128,16128,0,21420,128520,338688,220.5,672.0,False
group_64_mse,text_encoder.bert.encoder.layer.0.attention.output.dense,linear,72,21,768,768,1,12,605952,622080,37872,774144,1548288,193536,193536,177408,16128,96768,12386304,8064.0,8064.0,True
group_64_mse,text_encoder.bert.encoder.layer.0.intermediate.dense,linear,72,21,3072,768,1,12,2375424,2391552,148464,3096576,6193152,774144,774144,709632,16128,96768,49545216,32256.0,32256.0,True
group_64_mse,text_encoder.bert.encoder.layer.0.output.dense,linear,72,21,768,3072,1,48,2423808,2488320,151488,3096576,6193152,774144,774144,758016,64512,387072,49545216,32256.0,32256.0,True
group_64_mse,text_encoder.bert.encoder.layer.1.attention.self.query,linear,72,21,768,768,1,12,605952,622080,37872,774144,1548288,193536,193536,177408,16128,96768,12386304,8064.0,8064.0,True
group_64_mse,text_encoder.bert.encoder.layer.1.attention.self.key,linear,72,21,768,768,1,12,605952,622080,37872,774144,1548288,193536,193536,177408,16128,96768,12386304,8064.0,8064.0,True
group_64_mse,text_encoder.bert.encoder.layer.1.attention.self.value,linear,72,21,768,768,1,12,605952,622080,37872,774144,1548288,193536,193536,177408,16128,96768,12386304,8064.0,8064.0,True
group_64_mse,text_encoder.bert.encoder.layer.1.attention.self,attention_qk,72,21,21,64,12,1,32256,64512,2016,21168,42336,5292,5292,0,32256,193536,338688,220.5,220.5,False
group_64_mse,text_encoder.bert.encoder.layer.1.attention.self,attention_av,72,21,64,21,12,1,21420,42840,4080,64512,129024,16128,16128,0,21420,128520,338688,220.5,672.0,False
group_64_mse,text_encoder.bert.encoder.layer.1.attention.output.dense,linear,72,21,768,768,1,12,605952,622080,37872,774144,1548288,193536,193536,177408,16128,96768,12386304,8064.0,8064.0,True
group_64_mse,text_encoder.bert.encoder.layer.1.intermediate.dense,linear,72,21,3072,768,1,12,2375424,2391552,148464,3096576,6193152,774144,774144,709632,16128,96768,49545216,32256.0,32256.0,True
group_64_mse,text_encoder.bert.encoder.layer.1.output.dense,linear,72,21,768,3072,1,48,2423808,2488320,151488,3096576,6193152,774144,774144,758016,64512,387072,49545216,32256.0,32256.0,True
group_64_mse,text_encoder.bert.encoder.layer.2.attention.self.query,linear,72,21,768,768,1,12,605952,622080,37872,774144,1548288,193536,193536,177408,16128,96768,12386304,8064.0,8064.0,True
group_64_mse,text_encoder.bert.encoder.layer.2.attention.self.key,linear,72,21,768,768,1,12,605952,622080,37872,774144,1548288,193536,193536,177408,16128,96768,12386304,8064.0,8064.0,True
group_64_mse,text_encoder.bert.encoder.layer.2.attention.self.value,linear,72,21,768,768,1,12,605952,622080,37872,774144,1548288,193536,193536,177408,16128,96768,12386304,8064.0,8064.0,True
group_64_mse,text_encoder.bert.encoder.layer.2.attention.self,attention_qk,72,21,21,64,12,1,32256,64512,2016,21168,42336,5292,5292,0,32256,193536,338688,220.5,220.5,False
group_64_mse,text_encoder.bert.encoder.layer.2.attention.self,attention_av,72,21,64,21,12,1,21420,42840,4080,64512,129024,16128,16128,0,21420,128520,338688,220.5,672.0,False
group_64_mse,text_encoder.bert.encoder.layer.2.attention.output.dense,linear,72,21,768,768,1,12,605952,622080,37872,774144,1548288,193536,193536,177408,16128,96768,12386304,8064.0,8064.0,True
group_64_mse,text_encoder.bert.encoder.layer.2.intermediate.dense,linear,72,21,3072,768,1,12,2375424,2391552,148464,3096576,6193152,774144,774144,709632,16128,96768,49545216,32256.0,32256.0,True
group_64_mse,text_encoder.bert.encoder.layer.2.output.dense,linear,72,21,768,3072,1,48,2423808,2488320,151488,3096576,6193152,774144,774144,758016,64512,387072,49545216,32256.0,32256.0,True
group_64_mse,text_encoder.bert.encoder.layer.3.attention.self.query,linear,72,21,768,768,1,12,605952,622080,37872,774144,1548288,193536,193536,177408,16128,96768,12386304,8064.0,8064.0,True
group_64_mse,text_encoder.bert.encoder.layer.3.attention.self.key,linear,72,21,768,768,1,12,605952,622080,37872,774144,1548288,193536,193536,177408,16128,96768,12386304,8064.0,8064.0,True
group_64_mse,text_encoder.bert.encoder.layer.3.attention.self.value,linear,72,21,768,768,1,12,605952,622080,37872,774144,1548288,193536,193536,177408,16128,96768,12386304,8064.0,8064.0,True
group_64_mse,text_encoder.bert.encoder.layer.3.attention.self,attention_qk,72,21,21,64,12,1,32256,64512,2016,21168,42336,5292,5292,0,32256,193536,338688,220.5,220.5,False
group_64_mse,text_encoder.bert.encoder.layer.3.attention.self,attention_av,72,21,64,21,12,1,21420,42840,4080,64512,129024,16128,16128,0,21420,128520,338688,220.5,672.0,False
group_64_mse,text_encoder.bert.encoder.layer.3.attention.output.dense,linear,72,21,768,768,1,12,605952,622080,37872,774144,1548288,193536,193536,177408,16128,96768,12386304,8064.0,8064.0,True
group_64_mse,text_encoder.bert.encoder.layer.3.intermediate.dense,linear,72,21,3072,768,1,12,2375424,2391552,148464,3096576,6193152,774144,774144,709632,16128,96768,49545216,32256.0,32256.0,True
group_64_mse,text_encoder.bert.encoder.layer.3.output.dense,linear,72,21,768,3072,1,48,2423808,2488320,151488,3096576,6193152,774144,774144,758016,64512,387072,49545216,32256.0,32256.0,True
group_64_mse,text_encoder.bert.encoder.layer.4.attention.self.query,linear,72,21,768,768,1,12,605952,622080,37872,774144,1548288,193536,193536,177408,16128,96768,12386304,8064.0,8064.0,True
group_64_mse,text_encoder.bert.encoder.layer.4.attention.self.key,linear,72,21,768,768,1,12,605952,622080,37872,774144,1548288,193536,193536,177408,16128,96768,12386304,8064.0,8064.0,True
group_64_mse,text_encoder.bert.encoder.layer.4.attention.self.value,linear,72,21,768,768,1,12,605952,622080,37872,774144,1548288,193536,193536,177408,16128,96768,12386304,8064.0,8064.0,True
group_64_mse,text_encoder.bert.encoder.layer.4.attention.self,attention_qk,72,21,21,64,12,1,32256,64512,2016,21168,42336,5292,5292,0,32256,193536,338688,220.5,220.5,False
group_64_mse,text_encoder.bert.encoder.layer.4.attention.self,attention_av,72,21,64,21,12,1,21420,42840,4080,64512,129024,16128,16128,0,21420,128520,338688,220.5,672.0,False
group_64_mse,text_encoder.bert.encoder.layer.4.attention.output.dense,linear,72,21,768,768,1,12,605952,622080,37872,774144,1548288,193536,193536,177408,16128,96768,12386304,8064.0,8064.0,True
group_64_mse,text_encoder.bert.encoder.layer.4.intermediate.dense,linear,72,21,3072,768,1,12,2375424,2391552,148464,3096576,6193152,774144,774144,709632,16128,96768,49545216,32256.0,32256.0,True
group_64_mse,text_encoder.bert.encoder.layer.4.output.dense,linear,72,21,768,3072,1,48,2423808,2488320,151488,3096576,6193152,774144,774144,758016,64512,387072,49545216,32256.0,32256.0,True
group_64_mse,text_encoder.bert.encoder.layer.5.attention.self.query,linear,72,21,768,768,1,12,605952,622080,37872,774144,1548288,193536,193536,177408,16128,96768,12386304,8064.0,8064.0,True
group_64_mse,text_encoder.bert.encoder.layer.5.attention.self.key,linear,72,21,768,768,1,12,605952,622080,37872,774144,1548288,193536,193536,177408,16128,96768,12386304,8064.0,8064.0,True
group_64_mse,text_encoder.bert.encoder.layer.5.attention.self.value,linear,72,21,768,768,1,12,605952,622080,37872,774144,1548288,193536,193536,177408,16128,96768,12386304,8064.0,8064.0,True
group_64_mse,text_encoder.bert.encoder.layer.5.attention.self,attention_qk,72,21,21,64,12,1,32256,64512,2016,21168,42336,5292,5292,0,32256,193536,338688,220.5,220.5,False
group_64_mse,text_encoder.bert.encoder.layer.5.attention.self,attention_av,72,21,64,21,12,1,21420,42840,4080,64512,129024,16128,16128,0,21420,128520,338688,220.5,672.0,False
group_64_mse,text_encoder.bert.encoder.layer.5.attention.output.dense,linear,72,21,768,768,1,12,605952,622080,37872,774144,1548288,193536,193536,177408,16128,96768,12386304,8064.0,8064.0,True
group_64_mse,text_encoder.bert.encoder.layer.5.intermediate.dense,linear,72,21,3072,768,1,12,2375424,2391552,148464,3096576,6193152,774144,774144,709632,16128,96768,49545216,32256.0,32256.0,True
group_64_mse,text_encoder.bert.encoder.layer.5.output.dense,linear,72,21,768,3072,1,48,2423808,2488320,151488,3096576,6193152,774144,774144,758016,64512,387072,49545216,32256.0,32256.0,True
group_64_mse,text_encoder.bert.encoder.layer.6.attention.self.query,linear,72,21,768,768,1,12,605952,622080,37872,774144,1548288,193536,193536,177408,16128,96768,12386304,8064.0,8064.0,True
group_64_mse,text_encoder.bert.encoder.layer.6.attention.self.key,linear,72,21,768,768,1,12,605952,622080,37872,774144,1548288,193536,193536,177408,16128,96768,12386304,8064.0,8064.0,True
group_64_mse,text_encoder.bert.encoder.layer.6.attention.self.value,linear,72,21,768,768,1,12,605952,622080,37872,774144,1548288,193536,193536,177408,16128,96768,12386304,8064.0,8064.0,True
group_64_mse,text_encoder.bert.encoder.layer.6.attention.self,attention_qk,72,21,21,64,12,1,32256,64512,2016,21168,42336,5292,5292,0,32256,193536,338688,220.5,220.5,False
group_64_mse,text_encoder.bert.encoder.layer.6.attention.self,attention_av,72,21,64,21,12,1,21420,42840,4080,64512,129024,16128,16128,0,21420,128520,338688,220.5,672.0,False
group_64_mse,text_encoder.bert.encoder.layer.6.attention.output.dense,linear,72,21,768,768,1,12,605952,622080,37872,774144,1548288,193536,193536,177408,16128,96768,12386304,8064.0,8064.0,True
group_64_mse,text_encoder.bert.encoder.layer.6.intermediate.dense,linear,72,21,3072,768,1,12,2375424,2391552,148464,3096576,6193152,774144,774144,709632,16128,96768,49545216,32256.0,32256.0,True
group_64_mse,text_encoder.bert.encoder.layer.6.output.dense,linear,72,21,768,3072,1,48,2423808,2488320,151488,3096576,6193152,774144,774144,758016,64512,387072,49545216,32256.0,32256.0,True
group_64_mse,text_encoder.bert.encoder.layer.7.attention.self.query,linear,72,21,768,768,1,12,605952,622080,37872,774144,1548288,193536,193536,177408,16128,96768,12386304,8064.0,8064.0,True
group_64_mse,text_encoder.bert.encoder.layer.7.attention.self.key,linear,72,21,768,768,1,12,605952,622080,37872,774144,1548288,193536,193536,177408,16128,96768,12386304,8064.0,8064.0,True
group_64_mse,text_encoder.bert.encoder.layer.7.attention.self.value,linear,72,21,768,768,1,12,605952,622080,37872,774144,1548288,193536,193536,177408,16128,96768,12386304,8064.0,8064.0,True
group_64_mse,text_encoder.bert.encoder.layer.7.attention.self,attention_qk,72,21,21,64,12,1,32256,64512,2016,21168,42336,5292,5292,0,32256,193536,338688,220.5,220.5,False
group_64_mse,text_encoder.bert.encoder.layer.7.attention.self,attention_av,72,21,64,21,12,1,21420,42840,4080,64512,129024,16128,16128,0,21420,128520,338688,220.5,672.0,False
group_64_mse,text_encoder.bert.encoder.layer.7.attention.output.dense,linear,72,21,768,768,1,12,605952,622080,37872,774144,1548288,193536,193536,177408,16128,96768,12386304,8064.0,8064.0,True
group_64_mse,text_encoder.bert.encoder.layer.7.intermediate.dense,linear,72,21,3072,768,1,12,2375424,2391552,148464,3096576,6193152,774144,774144,709632,16128,96768,49545216,32256.0,32256.0,True
group_64_mse,text_encoder.bert.encoder.layer.7.output.dense,linear,72,21,768,3072,1,48,2423808,2488320,151488,3096576,6193152,774144,774144,758016,64512,387072,49545216,32256.0,32256.0,True
group_64_mse,text_encoder.bert.encoder.layer.8.attention.self.query,linear,72,21,768,768,1,12,605952,622080,37872,774144,1548288,193536,193536,177408,16128,96768,12386304,8064.0,8064.0,True
group_64_mse,text_encoder.bert.encoder.layer.8.attention.self.key,linear,72,21,768,768,1,12,605952,622080,37872,774144,1548288,193536,193536,177408,16128,96768,12386304,8064.0,8064.0,True
group_64_mse,text_encoder.bert.encoder.layer.8.attention.self.value,linear,72,21,768,768,1,12,605952,622080,37872,774144,1548288,193536,193536,177408,16128,96768,12386304,8064.0,8064.0,True
group_64_mse,text_encoder.bert.encoder.layer.8.attention.self,attention_qk,72,21,21,64,12,1,32256,64512,2016,21168,42336,5292,5292,0,32256,193536,338688,220.5,220.5,False
group_64_mse,text_encoder.bert.encoder.layer.8.attention.self,attention_av,72,21,64,21,12,1,21420,42840,4080,64512,129024,16128,16128,0,21420,128520,338688,220.5,672.0,False
group_64_mse,text_encoder.bert.encoder.layer.8.attention.output.dense,linear,72,21,768,768,1,12,605952,622080,37872,774144,1548288,193536,193536,177408,16128,96768,12386304,8064.0,8064.0,True
group_64_mse,text_encoder.bert.encoder.layer.8.intermediate.dense,linear,72,21,3072,768,1,12,2375424,2391552,148464,3096576,6193152,774144,774144,709632,16128,96768,49545216,32256.0,32256.0,True
group_64_mse,text_encoder.bert.encoder.layer.8.output.dense,linear,72,21,768,3072,1,48,2423808,2488320,151488,3096576,6193152,774144,774144,758016,64512,387072,49545216,32256.0,32256.0,True
group_64_mse,text_encoder.bert.encoder.layer.9.attention.self.query,linear,72,21,768,768,1,12,605952,622080,37872,774144,1548288,193536,193536,177408,16128,96768,12386304,8064.0,8064.0,True
group_64_mse,text_encoder.bert.encoder.layer.9.attention.self.key,linear,72,21,768,768,1,12,605952,622080,37872,774144,1548288,193536,193536,177408,16128,96768,12386304,8064.0,8064.0,True
group_64_mse,text_encoder.bert.encoder.layer.9.attention.self.value,linear,72,21,768,768,1,12,605952,622080,37872,774144,1548288,193536,193536,177408,16128,96768,12386304,8064.0,8064.0,True
group_64_mse,text_encoder.bert.encoder.layer.9.attention.self,attention_qk,72,21,21,64,12,1,32256,64512,2016,21168,42336,5292,5292,0,32256,193536,338688,220.5,220.5,False
group_64_mse,text_encoder.bert.encoder.layer.9.attention.self,attention_av,72,21,64,21,12,1,21420,42840,4080,64512,129024,16128,16128,0,21420,128520,338688,220.5,672.0,False
group_64_mse,text_encoder.bert.encoder.layer.9.attention.output.dense,linear,72,21,768,768,1,12,605952,622080,37872,774144,1548288,193536,193536,177408,16128,96768,12386304,8064.0,8064.0,True
group_64_mse,text_encoder.bert.encoder.layer.9.intermediate.dense,linear,72,21,3072,768,1,12,2375424,2391552,148464,3096576,6193152,774144,774144,709632,16128,96768,49545216,32256.0,32256.0,True
group_64_mse,text_encoder.bert.encoder.layer.9.output.dense,linear,72,21,768,3072,1,48,2423808,2488320,151488,3096576,6193152,774144,774144,758016,64512,387072,49545216,32256.0,32256.0,True
group_64_mse,text_encoder.bert.encoder.layer.10.attention.self.query,linear,72,21,768,768,1,12,605952,622080,37872,774144,1548288,193536,193536,177408,16128,96768,12386304,8064.0,8064.0,True
group_64_mse,text_encoder.bert.encoder.layer.10.attention.self.key,linear,72,21,768,768,1,12,605952,622080,37872,774144,1548288,193536,193536,177408,16128,96768,12386304,8064.0,8064.0,True
group_64_mse,text_encoder.bert.encoder.layer.10.attention.self.value,linear,72,21,768,768,1,12,605952,622080,37872,774144,1548288,193536,193536,177408,16128,96768,12386304,8064.0,8064.0,True
group_64_mse,text_encoder.bert.encoder.layer.10.attention.self,attention_qk,72,21,21,64,12,1,32256,64512,2016,21168,42336,5292,5292,0,32256,193536,338688,220.5,220.5,False
group_64_mse,text_encoder.bert.encoder.layer.10.attention.self,attention_av,72,21,64,21,12,1,21420,42840,4080,64512,129024,16128,16128,0,21420,128520,338688,220.5,672.0,False
group_64_mse,text_encoder.bert.encoder.layer.10.attention.output.dense,linear,72,21,768,768,1,12,605952,622080,37872,774144,1548288,193536,193536,177408,16128,96768,12386304,8064.0,8064.0,True
group_64_mse,text_encoder.bert.encoder.layer.10.intermediate.dense,linear,72,21,3072,768,1,12,2375424,2391552,148464,3096576,6193152,774144,774144,709632,16128,96768,49545216,32256.0,32256.0,True
group_64_mse,text_encoder.bert.encoder.layer.10.output.dense,linear,72,21,768,3072,1,48,2423808,2488320,151488,3096576,6193152,774144,774144,758016,64512,387072,49545216,32256.0,32256.0,True
group_64_mse,text_encoder.bert.encoder.layer.11.attention.self.query,linear,72,21,768,768,1,12,605952,622080,37872,774144,1548288,193536,193536,177408,16128,96768,12386304,8064.0,8064.0,True
group_64_mse,text_encoder.bert.encoder.layer.11.attention.self.key,linear,72,21,768,768,1,12,605952,622080,37872,774144,1548288,193536,193536,177408,16128,96768,12386304,8064.0,8064.0,True
group_64_mse,text_encoder.bert.encoder.layer.11.attention.self.value,linear,72,21,768,768,1,12,605952,622080,37872,774144,1548288,193536,193536,177408,16128,96768,12386304,8064.0,8064.0,True
group_64_mse,text_encoder.bert.encoder.layer.11.attention.self,attention_qk,72,21,21,64,12,1,32256,64512,2016,21168,42336,5292,5292,0,32256,193536,338688,220.5,220.5,False
group_64_mse,text_encoder.bert.encoder.layer.11.attention.self,attention_av,72,21,64,21,12,1,21420,42840,4080,64512,129024,16128,16128,0,21420,128520,338688,220.5,672.0,False
group_64_mse,text_encoder.bert.encoder.layer.11.attention.output.dense,linear,72,21,768,768,1,12,605952,622080,37872,774144,1548288,193536,193536,177408,16128,96768,12386304,8064.0,8064.0,True
group_64_mse,text_encoder.bert.encoder.layer.11.intermediate.dense,linear,72,21,3072,768,1,12,2375424,2391552,148464,3096576,6193152,774144,774144,709632,16128,96768,49545216,32256.0,32256.0,True
group_64_mse,text_encoder.bert.encoder.layer.11.output.dense,linear,72,21,768,3072,1,48,2423808,2488320,151488,3096576,6193152,774144,774144,758016,64512,387072,49545216,32256.0,32256.0,True
group_64_mse,text_encoder.bert.pooler.dense,linear,144,1,768,768,1,12,590592,591360,36912,36864,73728,9216,9216,8448,768,4608,589824,384.0,384.0,True
group_64_mse,text_encoder.text_projection,linear,144,21,256,768,1,12,212736,228864,13296,258048,516096,64512,64512,59136,16128,96768,4128768,2688.0,2688.0,True
group_64_mse,vision_encoder.backbone.embeddings.patch_embeddings,conv2d,288,256,768,768,1,12,786432,983040,49152,9437184,18874368,2359296,2359296,2162688,196608,1179648,150994944,98304.0,98304.0,True
group_64_mse,vision_encoder.backbone.layer.0.attention.q_proj,linear,288,261,768,768,1,12,790272,990720,49392,9621504,19243008,2405376,2405376,2204928,200448,1202688,153944064,100224.0,100224.0,True
group_64_mse,vision_encoder.backbone.layer.0.attention.k_proj,linear,288,261,768,768,1,12,790272,990720,49392,9621504,19243008,2405376,2405376,2204928,200448,1202688,153944064,100224.0,100224.0,True
group_64_mse,vision_encoder.backbone.layer.0.attention.v_proj,linear,288,261,768,768,1,12,790272,990720,49392,9621504,19243008,2405376,2405376,2204928,200448,1202688,153944064,100224.0,100224.0,True
group_64_mse,vision_encoder.backbone.layer.0.attention,attention_qk,288,261,261,64,12,1,400896,801792,25056,3269808,6539616,817452,817452,0,400896,2405376,52316928,34060.5,34060.5,False
group_64_mse,vision_encoder.backbone.layer.0.attention,attention_av,288,261,64,261,12,5,1017900,2035800,78000,4008960,8017920,1002240,1002240,801792,1017900,6107400,52316928,34060.5,41760.0,False
group_64_mse,vision_encoder.backbone.layer.0.attention.o_proj,linear,288,261,768,768,1,12,790272,990720,49392,9621504,19243008,2405376,2405376,2204928,200448,1202688,153944064,100224.0,100224.0,True
group_64_mse,vision_encoder.backbone.layer.0.mlp.up_proj,linear,288,261,3072,768,1,12,2559744,2760192,159984,38486016,76972032,9621504,9621504,8819712,200448,1202688,615776256,400896.0,400896.0,True
group_64_mse,vision_encoder.backbone.layer.0.mlp.down_proj,linear,288,261,768,3072,1,48,3161088,3962880,197568,38486016,76972032,9621504,9621504,9421056,801792,4810752,615776256,400896.0,400896.0,True
group_64_mse,vision_encoder.backbone.layer.1.attention.q_proj,linear,288,261,768,768,1,12,790272,990720,49392,9621504,19243008,2405376,2405376,2204928,200448,1202688,153944064,100224.0,100224.0,True
group_64_mse,vision_encoder.backbone.layer.1.attention.k_proj,linear,288,261,768,768,1,12,790272,990720,49392,9621504,19243008,2405376,2405376,2204928,200448,1202688,153944064,100224.0,100224.0,True
group_64_mse,vision_encoder.backbone.layer.1.attention.v_proj,linear,288,261,768,768,1,12,790272,990720,49392,9621504,19243008,2405376,2405376,2204928,200448,1202688,153944064,100224.0,100224.0,True
group_64_mse,vision_encoder.backbone.layer.1.attention,attention_qk,288,261,261,64,12,1,400896,801792,25056,3269808,6539616,817452,817452,0,400896,2405376,52316928,34060.5,34060.5,False
group_64_mse,vision_encoder.backbone.layer.1.attention,attention_av,288,261,64,261,12,5,1017900,2035800,78000,4008960,8017920,1002240,1002240,801792,1017900,6107400,52316928,34060.5,41760.0,False
group_64_mse,vision_encoder.backbone.layer.1.attention.o_proj,linear,288,261,768,768,1,12,790272,990720,49392,9621504,19243008,2405376,2405376,2204928,200448,1202688,153944064,100224.0,100224.0,True
group_64_mse,vision_encoder.backbone.layer.1.mlp.up_proj,linear,288,261,3072,768,1,12,2559744,2760192,159984,38486016,76972032,9621504,9621504,8819712,200448,1202688,615776256,400896.0,400896.0,True
group_64_mse,vision_encoder.backbone.layer.1.mlp.down_proj,linear,288,261,768,3072,1,48,3161088,3962880,197568,38486016,76972032,9621504,9621504,9421056,801792,4810752,615776256,400896.0,400896.0,True
group_64_mse,vision_encoder.backbone.layer.2.attention.q_proj,linear,288,261,768,768,1,12,790272,990720,49392,9621504,19243008,2405376,2405376,2204928,200448,1202688,153944064,100224.0,100224.0,True
group_64_mse,vision_encoder.backbone.layer.2.attention.k_proj,linear,288,261,768,768,1,12,790272,990720,49392,9621504,19243008,2405376,2405376,2204928,200448,1202688,153944064,100224.0,100224.0,True
group_64_mse,vision_encoder.backbone.layer.2.attention.v_proj,linear,288,261,768,768,1,12,790272,990720,49392,9621504,19243008,2405376,2405376,2204928,200448,1202688,153944064,100224.0,100224.0,True
group_64_mse,vision_encoder.backbone.layer.2.attention,attention_qk,288,261,261,64,12,1,400896,801792,25056,3269808,6539616,817452,817452,0,400896,2405376,52316928,34060.5,34060.5,False
group_64_mse,vision_encoder.backbone.layer.2.attention,attention_av,288,261,64,261,12,5,1017900,2035800,78000,4008960,8017920,1002240,1002240,801792,1017900,6107400,52316928,34060.5,41760.0,False
group_64_mse,vision_encoder.backbone.layer.2.attention.o_proj,linear,288,261,768,768,1,12,790272,990720,49392,9621504,19243008,2405376,2405376,2204928,200448,1202688,153944064,100224.0,100224.0,True
group_64_mse,vision_encoder.backbone.layer.2.mlp.up_proj,linear,288,261,3072,768,1,12,2559744,2760192,159984,38486016,76972032,9621504,9621504,8819712,200448,1202688,615776256,400896.0,400896.0,True
group_64_mse,vision_encoder.backbone.layer.2.mlp.down_proj,linear,288,261,768,3072,1,48,3161088,3962880,197568,38486016,76972032,9621504,9621504,9421056,801792,4810752,615776256,400896.0,400896.0,True
group_64_mse,vision_encoder.backbone.layer.3.attention.q_proj,linear,288,261,768,768,1,12,790272,990720,49392,9621504,19243008,2405376,2405376,2204928,200448,1202688,153944064,100224.0,100224.0,True
group_64_mse,vision_encoder.backbone.layer.3.attention.k_proj,linear,288,261,768,768,1,12,790272,990720,49392,9621504,19243008,2405376,2405376,2204928,200448,1202688,153944064,100224.0,100224.0,True
group_64_mse,vision_encoder.backbone.layer.3.attention.v_proj,linear,288,261,768,768,1,12,790272,990720,49392,9621504,19243008,2405376,2405376,2204928,200448,1202688,153944064,100224.0,100224.0,True
group_64_mse,vision_encoder.backbone.layer.3.attention,attention_qk,288,261,261,64,12,1,400896,801792,25056,3269808,6539616,817452,817452,0,400896,2405376,52316928,34060.5,34060.5,False
group_64_mse,vision_encoder.backbone.layer.3.attention,attention_av,288,261,64,261,12,5,1017900,2035800,78000,4008960,8017920,1002240,1002240,801792,1017900,6107400,52316928,34060.5,41760.0,False
group_64_mse,vision_encoder.backbone.layer.3.attention.o_proj,linear,288,261,768,768,1,12,790272,990720,49392,9621504,19243008,2405376,2405376,2204928,200448,1202688,153944064,100224.0,100224.0,True
group_64_mse,vision_encoder.backbone.layer.3.mlp.up_proj,linear,288,261,3072,768,1,12,2559744,2760192,159984,38486016,76972032,9621504,9621504,8819712,200448,1202688,615776256,400896.0,400896.0,True
group_64_mse,vision_encoder.backbone.layer.3.mlp.down_proj,linear,288,261,768,3072,1,48,3161088,3962880,197568,38486016,76972032,9621504,9621504,9421056,801792,4810752,615776256,400896.0,400896.0,True
group_64_mse,vision_encoder.backbone.layer.4.attention.q_proj,linear,288,261,768,768,1,12,790272,990720,49392,9621504,19243008,2405376,2405376,2204928,200448,1202688,153944064,100224.0,100224.0,True
group_64_mse,vision_encoder.backbone.layer.4.attention.k_proj,linear,288,261,768,768,1,12,790272,990720,49392,9621504,19243008,2405376,2405376,2204928,200448,1202688,153944064,100224.0,100224.0,True
group_64_mse,vision_encoder.backbone.layer.4.attention.v_proj,linear,288,261,768,768,1,12,790272,990720,49392,9621504,19243008,2405376,2405376,2204928,200448,1202688,153944064,100224.0,100224.0,True
group_64_mse,vision_encoder.backbone.layer.4.attention,attention_qk,288,261,261,64,12,1,400896,801792,25056,3269808,6539616,817452,817452,0,400896,2405376,52316928,34060.5,34060.5,False
group_64_mse,vision_encoder.backbone.layer.4.attention,attention_av,288,261,64,261,12,5,1017900,2035800,78000,4008960,8017920,1002240,1002240,801792,1017900,6107400,52316928,34060.5,41760.0,False
group_64_mse,vision_encoder.backbone.layer.4.attention.o_proj,linear,288,261,768,768,1,12,790272,990720,49392,9621504,19243008,2405376,2405376,2204928,200448,1202688,153944064,100224.0,100224.0,True
group_64_mse,vision_encoder.backbone.layer.4.mlp.up_proj,linear,288,261,3072,768,1,12,2559744,2760192,159984,38486016,76972032,9621504,9621504,8819712,200448,1202688,615776256,400896.0,400896.0,True
group_64_mse,vision_encoder.backbone.layer.4.mlp.down_proj,linear,288,261,768,3072,1,48,3161088,3962880,197568,38486016,76972032,9621504,9621504,9421056,801792,4810752,615776256,400896.0,400896.0,True
group_64_mse,vision_encoder.backbone.layer.5.attention.q_proj,linear,288,261,768,768,1,12,790272,990720,49392,9621504,19243008,2405376,2405376,2204928,200448,1202688,153944064,100224.0,100224.0,True
group_64_mse,vision_encoder.backbone.layer.5.attention.k_proj,linear,288,261,768,768,1,12,790272,990720,49392,9621504,19243008,2405376,2405376,2204928,200448,1202688,153944064,100224.0,100224.0,True
group_64_mse,vision_encoder.backbone.layer.5.attention.v_proj,linear,288,261,768,768,1,12,790272,990720,49392,9621504,19243008,2405376,2405376,2204928,200448,1202688,153944064,100224.0,100224.0,True
group_64_mse,vision_encoder.backbone.layer.5.attention,attention_qk,288,261,261,64,12,1,400896,801792,25056,3269808,6539616,817452,817452,0,400896,2405376,52316928,34060.5,34060.5,False
group_64_mse,vision_encoder.backbone.layer.5.attention,attention_av,288,261,64,261,12,5,1017900,2035800,78000,4008960,8017920,1002240,1002240,801792,1017900,6107400,52316928,34060.5,41760.0,False
group_64_mse,vision_encoder.backbone.layer.5.attention.o_proj,linear,288,261,768,768,1,12,790272,990720,49392,9621504,19243008,2405376,2405376,2204928,200448,1202688,153944064,100224.0,100224.0,True
group_64_mse,vision_encoder.backbone.layer.5.mlp.up_proj,linear,288,261,3072,768,1,12,2559744,2760192,159984,38486016,76972032,9621504,9621504,8819712,200448,1202688,615776256,400896.0,400896.0,True
group_64_mse,vision_encoder.backbone.layer.5.mlp.down_proj,linear,288,261,768,3072,1,48,3161088,3962880,197568,38486016,76972032,9621504,9621504,9421056,801792,4810752,615776256,400896.0,400896.0,True
group_64_mse,vision_encoder.backbone.layer.6.attention.q_proj,linear,288,261,768,768,1,12,790272,990720,49392,9621504,19243008,2405376,2405376,2204928,200448,1202688,153944064,100224.0,100224.0,True
group_64_mse,vision_encoder.backbone.layer.6.attention.k_proj,linear,288,261,768,768,1,12,790272,990720,49392,9621504,19243008,2405376,2405376,2204928,200448,1202688,153944064,100224.0,100224.0,True
group_64_mse,vision_encoder.backbone.layer.6.attention.v_proj,linear,288,261,768,768,1,12,790272,990720,49392,9621504,19243008,2405376,2405376,2204928,200448,1202688,153944064,100224.0,100224.0,True
group_64_mse,vision_encoder.backbone.layer.6.attention,attention_qk,288,261,261,64,12,1,400896,801792,25056,3269808,6539616,817452,817452,0,400896,2405376,52316928,34060.5,34060.5,False
group_64_mse,vision_encoder.backbone.layer.6.attention,attention_av,288,261,64,261,12,5,1017900,2035800,78000,4008960,8017920,1002240,1002240,801792,1017900,6107400,52316928,34060.5,41760.0,False
group_64_mse,vision_encoder.backbone.layer.6.attention.o_proj,linear,288,261,768,768,1,12,790272,990720,49392,9621504,19243008,2405376,2405376,2204928,200448,1202688,153944064,100224.0,100224.0,True
group_64_mse,vision_encoder.backbone.layer.6.mlp.up_proj,linear,288,261,3072,768,1,12,2559744,2760192,159984,38486016,76972032,9621504,9621504,8819712,200448,1202688,615776256,400896.0,400896.0,True
group_64_mse,vision_encoder.backbone.layer.6.mlp.down_proj,linear,288,261,768,3072,1,48,3161088,3962880,197568,38486016,76972032,9621504,9621504,9421056,801792,4810752,615776256,400896.0,400896.0,True
group_64_mse,vision_encoder.backbone.layer.7.attention.q_proj,linear,288,261,768,768,1,12,790272,990720,49392,9621504,19243008,2405376,2405376,2204928,200448,1202688,153944064,100224.0,100224.0,True
group_64_mse,vision_encoder.backbone.layer.7.attention.k_proj,linear,288,261,768,768,1,12,790272,990720,49392,9621504,19243008,2405376,2405376,2204928,200448,1202688,153944064,100224.0,100224.0,True
group_64_mse,vision_encoder.backbone.layer.7.attention.v_proj,linear,288,261,768,768,1,12,790272,990720,49392,9621504,19243008,2405376,2405376,2204928,200448,1202688,153944064,100224.0,100224.0,True
group_64_mse,vision_encoder.backbone.layer.7.attention,attention_qk,288,261,261,64,12,1,400896,801792,25056,3269808,6539616,817452,817452,0,400896,2405376,52316928,34060.5,34060.5,False
group_64_mse,vision_encoder.backbone.layer.7.attention,attention_av,288,261,64,261,12,5,1017900,2035800,78000,4008960,8017920,1002240,1002240,801792,1017900,6107400,52316928,34060.5,41760.0,False
group_64_mse,vision_encoder.backbone.layer.7.attention.o_proj,linear,288,261,768,768,1,12,790272,990720,49392,9621504,19243008,2405376,2405376,2204928,200448,1202688,153944064,100224.0,100224.0,True
group_64_mse,vision_encoder.backbone.layer.7.mlp.up_proj,linear,288,261,3072,768,1,12,2559744,2760192,159984,38486016,76972032,9621504,9621504,8819712,200448,1202688,615776256,400896.0,400896.0,True
group_64_mse,vision_encoder.backbone.layer.7.mlp.down_proj,linear,288,261,768,3072,1,48,3161088,3962880,197568,38486016,76972032,9621504,9621504,9421056,801792,4810752,615776256,400896.0,400896.0,True
group_64_mse,vision_encoder.backbone.layer.8.attention.q_proj,linear,288,261,768,768,1,12,790272,990720,49392,9621504,19243008,2405376,2405376,2204928,200448,1202688,153944064,100224.0,100224.0,True
group_64_mse,vision_encoder.backbone.layer.8.attention.k_proj,linear,288,261,768,768,1,12,790272,990720,49392,9621504,19243008,2405376,2405376,2204928,200448,1202688,153944064,100224.0,100224.0,True
group_64_mse,vision_encoder.backbone.layer.8.attention.v_proj,linear,288,261,768,768,1,12,790272,990720,49392,9621504,19243008,2405376,2405376,2204928,200448,1202688,153944064,100224.0,100224.0,True
group_64_mse,vision_encoder.backbone.layer.8.attention,attention_qk,288,261,261,64,12,1,400896,801792,25056,3269808,6539616,817452,817452,0,400896,2405376,52316928,34060.5,34060.5,False
group_64_mse,vision_encoder.backbone.layer.8.attention,attention_av,288,261,64,261,12,5,1017900,2035800,78000,4008960,8017920,1002240,1002240,801792,1017900,6107400,52316928,34060.5,41760.0,False
group_64_mse,vision_encoder.backbone.layer.8.attention.o_proj,linear,288,261,768,768,1,12,790272,990720,49392,9621504,19243008,2405376,2405376,2204928,200448,1202688,153944064,100224.0,100224.0,True
group_64_mse,vision_encoder.backbone.layer.8.mlp.up_proj,linear,288,261,3072,768,1,12,2559744,2760192,159984,38486016,76972032,9621504,9621504,8819712,200448,1202688,615776256,400896.0,400896.0,True
group_64_mse,vision_encoder.backbone.layer.8.mlp.down_proj,linear,288,261,768,3072,1,48,3161088,3962880,197568,38486016,76972032,9621504,9621504,9421056,801792,4810752,615776256,400896.0,400896.0,True
group_64_mse,vision_encoder.backbone.layer.9.attention.q_proj,linear,288,261,768,768,1,12,790272,990720,49392,9621504,19243008,2405376,2405376,2204928,200448,1202688,153944064,100224.0,100224.0,True
group_64_mse,vision_encoder.backbone.layer.9.attention.k_proj,linear,288,261,768,768,1,12,790272,990720,49392,9621504,19243008,2405376,2405376,2204928,200448,1202688,153944064,100224.0,100224.0,True
group_64_mse,vision_encoder.backbone.layer.9.attention.v_proj,linear,288,261,768,768,1,12,790272,990720,49392,9621504,19243008,2405376,2405376,2204928,200448,1202688,153944064,100224.0,100224.0,True
group_64_mse,vision_encoder.backbone.layer.9.attention,attention_qk,288,261,261,64,12,1,400896,801792,25056,3269808,6539616,817452,817452,0,400896,2405376,52316928,34060.5,34060.5,False
group_64_mse,vision_encoder.backbone.layer.9.attention,attention_av,288,261,64,261,12,5,1017900,2035800,78000,4008960,8017920,1002240,1002240,801792,1017900,6107400,52316928,34060.5,41760.0,False
group_64_mse,vision_encoder.backbone.layer.9.attention.o_proj,linear,288,261,768,768,1,12,790272,990720,49392,9621504,19243008,2405376,2405376,2204928,200448,1202688,153944064,100224.0,100224.0,True
group_64_mse,vision_encoder.backbone.layer.9.mlp.up_proj,linear,288,261,3072,768,1,12,2559744,2760192,159984,38486016,76972032,9621504,9621504,8819712,200448,1202688,615776256,400896.0,400896.0,True
group_64_mse,vision_encoder.backbone.layer.9.mlp.down_proj,linear,288,261,768,3072,1,48,3161088,3962880,197568,38486016,76972032,9621504,9621504,9421056,801792,4810752,615776256,400896.0,400896.0,True
group_64_mse,vision_encoder.backbone.layer.10.attention.q_proj,linear,288,261,768,768,1,12,790272,990720,49392,9621504,19243008,2405376,2405376,2204928,200448,1202688,153944064,100224.0,100224.0,True
group_64_mse,vision_encoder.backbone.layer.10.attention.k_proj,linear,288,261,768,768,1,12,790272,990720,49392,9621504,19243008,2405376,2405376,2204928,200448,1202688,153944064,100224.0,100224.0,True
group_64_mse,vision_encoder.backbone.layer.10.attention.v_proj,linear,288,261,768,768,1,12,790272,990720,49392,9621504,19243008,2405376,2405376,2204928,200448,1202688,153944064,100224.0,100224.0,True
group_64_mse,vision_encoder.backbone.layer.10.attention,attention_qk,288,261,261,64,12,1,400896,801792,25056,3269808,6539616,817452,817452,0,400896,2405376,52316928,34060.5,34060.5,False
group_64_mse,vision_encoder.backbone.layer.10.attention,attention_av,288,261,64,261,12,5,1017900,2035800,78000,4008960,8017920,1002240,1002240,801792,1017900,6107400,52316928,34060.5,41760.0,False
group_64_mse,vision_encoder.backbone.layer.10.attention.o_proj,linear,288,261,768,768,1,12,790272,990720,49392,9621504,19243008,2405376,2405376,2204928,200448,1202688,153944064,100224.0,100224.0,True
group_64_mse,vision_encoder.backbone.layer.10.mlp.up_proj,linear,288,261,3072,768,1,12,2559744,2760192,159984,38486016,76972032,9621504,9621504,8819712,200448,1202688,615776256,400896.0,400896.0,True
group_64_mse,vision_encoder.backbone.layer.10.mlp.down_proj,linear,288,261,768,3072,1,48,3161088,3962880,197568,38486016,76972032,9621504,9621504,9421056,801792,4810752,615776256,400896.0,400896.0,True
group_64_mse,vision_encoder.backbone.layer.11.attention.q_proj,linear,288,261,768,768,1,12,790272,990720,49392,9621504,19243008,2405376,2405376,2204928,200448,1202688,153944064,100224.0,100224.0,True
group_64_mse,vision_encoder.backbone.layer.11.attention.k_proj,linear,288,261,768,768,1,12,790272,990720,49392,9621504,19243008,2405376,2405376,2204928,200448,1202688,153944064,100224.0,100224.0,True
group_64_mse,vision_encoder.backbone.layer.11.attention.v_proj,linear,288,261,768,768,1,12,790272,990720,49392,9621504,19243008,2405376,2405376,2204928,200448,1202688,153944064,100224.0,100224.0,True
group_64_mse,vision_encoder.backbone.layer.11.attention,attention_qk,288,261,261,64,12,1,400896,801792,25056,3269808,6539616,817452,817452,0,400896,2405376,52316928,34060.5,34060.5,False
group_64_mse,vision_encoder.backbone.layer.11.attention,attention_av,288,261,64,261,12,5,1017900,2035800,78000,4008960,8017920,1002240,1002240,801792,1017900,6107400,52316928,34060.5,41760.0,False
group_64_mse,vision_encoder.backbone.layer.11.attention.o_proj,linear,288,261,768,768,1,12,790272,990720,49392,9621504,19243008,2405376,2405376,2204928,200448,1202688,153944064,100224.0,100224.0,True
group_64_mse,vision_encoder.backbone.layer.11.mlp.up_proj,linear,288,261,3072,768,1,12,2559744,2760192,159984,38486016,76972032,9621504,9621504,8819712,200448,1202688,615776256,400896.0,400896.0,True
group_64_mse,vision_encoder.backbone.layer.11.mlp.down_proj,linear,288,261,768,3072,1,48,3161088,3962880,197568,38486016,76972032,9621504,9621504,9421056,801792,4810752,615776256,400896.0,400896.0,True
group_64_mse,vision_projection.skip,linear,144,256,256,768,2,12,589824,983040,36864,6291456,12582912,1572864,1572864,1441792,393216,2359296,100663296,65536.0,65536.0,True
group_64_mse,vision_projection.mlp.0,linear,144,256,1024,768,2,12,1179648,1572864,73728,25165824,50331648,6291456,6291456,5767168,393216,2359296,402653184,262144.0,262144.0,True
group_64_mse,vision_projection.mlp.3,linear,144,256,256,1024,2,16,786432,1310720,49152,8388608,16777216,2097152,2097152,1966080,524288,3145728,134217728,87381.33333333333,87381.33333333333,True
group_64_mse,vision_language_interaction.fusion_layers.0.attn.v_proj,linear,144,512,1024,256,1,4,393216,524288,24576,8388608,16777216,2097152,2097152,1572864,131072,786432,134217728,87381.33333333333,87381.33333333333,True
group_64_mse,vision_language_interaction.fusion_layers.0.attn.l_proj,linear,144,21,1024,256,1,4,267520,272896,16720,344064,688128,86016,86016,64512,5376,32256,5505024,3584.0,3584.0,True
group_64_mse,vision_language_interaction.fusion_layers.0.attn.values_v_proj,linear,144,512,1024,256,1,4,393216,524288,24576,8388608,16777216,2097152,2097152,1572864,131072,786432,134217728,87381.33333333333,87381.33333333333,True
group_64_mse,vision_language_interaction.fusion_layers.0.attn.values_l_proj,linear,144,21,1024,256,1,4,267520,272896,16720,344064,688128,86016,86016,64512,5376,32256,5505024,3584.0,3584.0,True
group_64_mse,vision_language_interaction.fusion_layers.0.attn,bmm,144,512,21,256,4,4,545792,1091584,34112,688128,1376256,172032,172032,129024,545792,3274752,11010048,7168.0,7168.0,False
group_64_mse,vision_language_interaction.fusion_layers.0.attn,bmm,144,512,256,21,4,1,64512,129024,12288,2097152,4194304,524288,524288,0,64512,387072,11010048,7168.0,21845.333333333332,False
group_64_mse,vision_language_interaction.fusion_layers.0.attn,bmm,144,21,256,512,4,8,567296,1134592,35456,688128,1376256,172032,172032,150528,567296,3403776,11010048,7168.0,7168.0,False
group_64_mse,vision_language_interaction.fusion_layers.0.attn.out_v_proj,linear,144,512,256,1024,1,16,786432,1310720,49152,8388608,16777216,2097152,2097152,1966080,524288,3145728,134217728,87381.33333333333,87381.33333333333,True
group_64_mse,vision_language_interaction.fusion_layers.0.attn.out_l_proj,linear,144,21,256,1024,1,16,283648,305152,17728,344064,688128,86016,86016,80640,21504,129024,5505024,3584.0,3584.0,True
group_64_mse,vision_language_interaction.text_layers.0.self_attn,linear,144,1,768,256,21,4,201984,207360,12624,258048,516096,64512,64512,48384,5376,32256,4128768,2688.0,2688.0,True
group_64_mse,vision_language_interaction.text_layers.0.self_attn,baddbmm,144,21,21,64,4,1,10752,21504,672,7056,14112,1764,1764,0,10752,64512,112896,73.5,73.5,False
group_64_mse,vision_language_interaction.text_layers.0.self_attn,bmm,144,21,64,21,4,1,7140,14280,1360,21504,43008,5376,5376,0,7140,42840,112896,73.5,224.0,False
group_64_mse,vision_language_interaction.text_layers.0.self_attn,linear,144,21,256,256,1,4,70912,76288,4432,86016,172032,21504,21504,16128,5376,32256,1376256,896.0,896.0,True
group_64_mse,vision_language_interaction.text_layers.0.linear1,linear,144,1,1024,256,21,4,267520,272896,16720,344064,688128,86016,86016,64512,5376,32256,5505024,3584.0,3584.0,True
group_64_mse,vision_language_interaction.text_layers.0.linear2,linear,144,1,256,1024,21,16,283648,305152,17728,344064,688128,86016,86016,80640,21504,129024,5505024,3584.0,3584.0,True
group_64_mse,vision_language_interaction.fusion_layers.1.attn.v_proj,linear,144,512,1024,256,1,4,393216,524288,24576,8388608,16777216,2097152,2097152,1572864,131072,786432,134217728,87381.33333333333,87381.33333333333,True
group_64_mse,vision_language_interaction.fusion_layers.1.attn.l_proj,linear,144,21,1024,256,1,4,267520,272896,16720,344064,688128,86016,86016,64512,5376,32256,5505024,3584.0,3584.0,True
group_64_mse,vision_language_interaction.fusion_layers.1.attn.values_v_proj,linear,144,512,1024,256,1,4,393216,524288,24576,8388608,16777216,2097152,2097152,1572864,131072,786432,134217728,87381.33333333333,87381.33333333333,True
group_64_mse,vision_language_interaction.fusion_layers.1.attn.values_l_proj,linear,144,21,1024,256,1,4,267520,272896,16720,344064,688128,86016,86016,64512,5376,32256,5505024,3584.0,3584.0,True
group_64_mse,vision_language_interaction.fusion_layers.1.attn,bmm,144,512,21,256,4,4,545792,1091584,34112,688128,1376256,172032,172032,129024,545792,3274752,11010048,7168.0,7168.0,False
group_64_mse,vision_language_interaction.fusion_layers.1.attn,bmm,144,512,256,21,4,1,64512,129024,12288,2097152,4194304,524288,524288,0,64512,387072,11010048,7168.0,21845.333333333332,False
group_64_mse,vision_language_interaction.fusion_layers.1.attn,bmm,144,21,256,512,4,8,567296,1134592,35456,688128,1376256,172032,172032,150528,567296,3403776,11010048,7168.0,7168.0,False
group_64_mse,vision_language_interaction.fusion_layers.1.attn.out_v_proj,linear,144,512,256,1024,1,16,786432,1310720,49152,8388608,16777216,2097152,2097152,1966080,524288,3145728,134217728,87381.33333333333,87381.33333333333,True
group_64_mse,vision_language_interaction.fusion_layers.1.attn.out_l_proj,linear,144,21,256,1024,1,16,283648,305152,17728,344064,688128,86016,86016,80640,21504,129024,5505024,3584.0,3584.0,True
group_64_mse,vision_language_interaction.text_layers.1.self_attn,linear,144,1,768,256,21,4,201984,207360,12624,258048,516096,64512,64512,48384,5376,32256,4128768,2688.0,2688.0,True
group_64_mse,vision_language_interaction.text_layers.1.self_attn,baddbmm,144,21,21,64,4,1,10752,21504,672,7056,14112,1764,1764,0,10752,64512,112896,73.5,73.5,False
group_64_mse,vision_language_interaction.text_layers.1.self_attn,bmm,144,21,64,21,4,1,7140,14280,1360,21504,43008,5376,5376,0,7140,42840,112896,73.5,224.0,False
group_64_mse,vision_language_interaction.text_layers.1.self_attn,linear,144,21,256,256,1,4,70912,76288,4432,86016,172032,21504,21504,16128,5376,32256,1376256,896.0,896.0,True
group_64_mse,vision_language_interaction.text_layers.1.linear1,linear,144,1,1024,256,21,4,267520,272896,16720,344064,688128,86016,86016,64512,5376,32256,5505024,3584.0,3584.0,True
group_64_mse,vision_language_interaction.text_layers.1.linear2,linear,144,1,256,1024,21,16,283648,305152,17728,344064,688128,86016,86016,80640,21504,129024,5505024,3584.0,3584.0,True
group_64_mse,vision_language_interaction.fusion_layers.2.attn.v_proj,linear,144,512,1024,256,1,4,393216,524288,24576,8388608,16777216,2097152,2097152,1572864,131072,786432,134217728,87381.33333333333,87381.33333333333,True
group_64_mse,vision_language_interaction.fusion_layers.2.attn.l_proj,linear,144,21,1024,256,1,4,267520,272896,16720,344064,688128,86016,86016,64512,5376,32256,5505024,3584.0,3584.0,True
group_64_mse,vision_language_interaction.fusion_layers.2.attn.values_v_proj,linear,144,512,1024,256,1,4,393216,524288,24576,8388608,16777216,2097152,2097152,1572864,131072,786432,134217728,87381.33333333333,87381.33333333333,True
group_64_mse,vision_language_interaction.fusion_layers.2.attn.values_l_proj,linear,144,21,1024,256,1,4,267520,272896,16720,344064,688128,86016,86016,64512,5376,32256,5505024,3584.0,3584.0,True
group_64_mse,vision_language_interaction.fusion_layers.2.attn,bmm,144,512,21,256,4,4,545792,1091584,34112,688128,1376256,172032,172032,129024,545792,3274752,11010048,7168.0,7168.0,False
group_64_mse,vision_language_interaction.fusion_layers.2.attn,bmm,144,512,256,21,4,1,64512,129024,12288,2097152,4194304,524288,524288,0,64512,387072,11010048,7168.0,21845.333333333332,False
group_64_mse,vision_language_interaction.fusion_layers.2.attn,bmm,144,21,256,512,4,8,567296,1134592,35456,688128,1376256,172032,172032,150528,567296,3403776,11010048,7168.0,7168.0,False
group_64_mse,vision_language_interaction.fusion_layers.2.attn.out_v_proj,linear,144,512,256,1024,1,16,786432,1310720,49152,8388608,16777216,2097152,2097152,1966080,524288,3145728,134217728,87381.33333333333,87381.33333333333,True
group_64_mse,vision_language_interaction.fusion_layers.2.attn.out_l_proj,linear,144,21,256,1024,1,16,283648,305152,17728,344064,688128,86016,86016,80640,21504,129024,5505024,3584.0,3584.0,True
group_64_mse,vision_language_interaction.text_layers.2.self_attn,linear,144,1,768,256,21,4,201984,207360,12624,258048,516096,64512,64512,48384,5376,32256,4128768,2688.0,2688.0,True
group_64_mse,vision_language_interaction.text_layers.2.self_attn,baddbmm,144,21,21,64,4,1,10752,21504,672,7056,14112,1764,1764,0,10752,64512,112896,73.5,73.5,False
group_64_mse,vision_language_interaction.text_layers.2.self_attn,bmm,144,21,64,21,4,1,7140,14280,1360,21504,43008,5376,5376,0,7140,42840,112896,73.5,224.0,False
group_64_mse,vision_language_interaction.text_layers.2.self_attn,linear,144,21,256,256,1,4,70912,76288,4432,86016,172032,21504,21504,16128,5376,32256,1376256,896.0,896.0,True
group_64_mse,vision_language_interaction.text_layers.2.linear1,linear,144,1,1024,256,21,4,267520,272896,16720,344064,688128,86016,86016,64512,5376,32256,5505024,3584.0,3584.0,True
group_64_mse,vision_language_interaction.text_layers.2.linear2,linear,144,1,256,1024,21,16,283648,305152,17728,344064,688128,86016,86016,80640,21504,129024,5505024,3584.0,3584.0,True
group_64_mse,vision_language_interaction.fusion_layers.3.attn.v_proj,linear,144,512,1024,256,1,4,393216,524288,24576,8388608,16777216,2097152,2097152,1572864,131072,786432,134217728,87381.33333333333,87381.33333333333,True
group_64_mse,vision_language_interaction.fusion_layers.3.attn.l_proj,linear,144,21,1024,256,1,4,267520,272896,16720,344064,688128,86016,86016,64512,5376,32256,5505024,3584.0,3584.0,True
group_64_mse,vision_language_interaction.fusion_layers.3.attn.values_v_proj,linear,144,512,1024,256,1,4,393216,524288,24576,8388608,16777216,2097152,2097152,1572864,131072,786432,134217728,87381.33333333333,87381.33333333333,True
group_64_mse,vision_language_interaction.fusion_layers.3.attn.values_l_proj,linear,144,21,1024,256,1,4,267520,272896,16720,344064,688128,86016,86016,64512,5376,32256,5505024,3584.0,3584.0,True
group_64_mse,vision_language_interaction.fusion_layers.3.attn,bmm,144,512,21,256,4,4,545792,1091584,34112,688128,1376256,172032,172032,129024,545792,3274752,11010048,7168.0,7168.0,False
group_64_mse,vision_language_interaction.fusion_layers.3.attn,bmm,144,512,256,21,4,1,64512,129024,12288,2097152,4194304,524288,524288,0,64512,387072,11010048,7168.0,21845.333333333332,False
group_64_mse,vision_language_interaction.fusion_layers.3.attn,bmm,144,21,256,512,4,8,567296,1134592,35456,688128,1376256,172032,172032,150528,567296,3403776,11010048,7168.0,7168.0,False
group_64_mse,vision_language_interaction.fusion_layers.3.attn.out_v_proj,linear,144,512,256,1024,1,16,786432,1310720,49152,8388608,16777216,2097152,2097152,1966080,524288,3145728,134217728,87381.33333333333,87381.33333333333,True
group_64_mse,vision_language_interaction.fusion_layers.3.attn.out_l_proj,linear,144,21,256,1024,1,16,283648,305152,17728,344064,688128,86016,86016,80640,21504,129024,5505024,3584.0,3584.0,True
group_64_mse,vision_language_interaction.text_layers.3.self_attn,linear,144,1,768,256,21,4,201984,207360,12624,258048,516096,64512,64512,48384,5376,32256,4128768,2688.0,2688.0,True
group_64_mse,vision_language_interaction.text_layers.3.self_attn,baddbmm,144,21,21,64,4,1,10752,21504,672,7056,14112,1764,1764,0,10752,64512,112896,73.5,73.5,False
group_64_mse,vision_language_interaction.text_layers.3.self_attn,bmm,144,21,64,21,4,1,7140,14280,1360,21504,43008,5376,5376,0,7140,42840,112896,73.5,224.0,False
group_64_mse,vision_language_interaction.text_layers.3.self_attn,linear,144,21,256,256,1,4,70912,76288,4432,86016,172032,21504,21504,16128,5376,32256,1376256,896.0,896.0,True
group_64_mse,vision_language_interaction.text_layers.3.linear1,linear,144,1,1024,256,21,4,267520,272896,16720,344064,688128,86016,86016,64512,5376,32256,5505024,3584.0,3584.0,True
group_64_mse,vision_language_interaction.text_layers.3.linear2,linear,144,1,256,1024,21,16,283648,305152,17728,344064,688128,86016,86016,80640,21504,129024,5505024,3584.0,3584.0,True
group_64_mse,vision_language_interaction.fusion_layers.4.attn.v_proj,linear,144,512,1024,256,1,4,393216,524288,24576,8388608,16777216,2097152,2097152,1572864,131072,786432,134217728,87381.33333333333,87381.33333333333,True
group_64_mse,vision_language_interaction.fusion_layers.4.attn.l_proj,linear,144,21,1024,256,1,4,267520,272896,16720,344064,688128,86016,86016,64512,5376,32256,5505024,3584.0,3584.0,True
group_64_mse,vision_language_interaction.fusion_layers.4.attn.values_v_proj,linear,144,512,1024,256,1,4,393216,524288,24576,8388608,16777216,2097152,2097152,1572864,131072,786432,134217728,87381.33333333333,87381.33333333333,True
group_64_mse,vision_language_interaction.fusion_layers.4.attn.values_l_proj,linear,144,21,1024,256,1,4,267520,272896,16720,344064,688128,86016,86016,64512,5376,32256,5505024,3584.0,3584.0,True
group_64_mse,vision_language_interaction.fusion_layers.4.attn,bmm,144,512,21,256,4,4,545792,1091584,34112,688128,1376256,172032,172032,129024,545792,3274752,11010048,7168.0,7168.0,False
group_64_mse,vision_language_interaction.fusion_layers.4.attn,bmm,144,512,256,21,4,1,64512,129024,12288,2097152,4194304,524288,524288,0,64512,387072,11010048,7168.0,21845.333333333332,False
group_64_mse,vision_language_interaction.fusion_layers.4.attn,bmm,144,21,256,512,4,8,567296,1134592,35456,688128,1376256,172032,172032,150528,567296,3403776,11010048,7168.0,7168.0,False
group_64_mse,vision_language_interaction.fusion_layers.4.attn.out_v_proj,linear,144,512,256,1024,1,16,786432,1310720,49152,8388608,16777216,2097152,2097152,1966080,524288,3145728,134217728,87381.33333333333,87381.33333333333,True
group_64_mse,vision_language_interaction.fusion_layers.4.attn.out_l_proj,linear,144,21,256,1024,1,16,283648,305152,17728,344064,688128,86016,86016,80640,21504,129024,5505024,3584.0,3584.0,True
group_64_mse,vision_language_interaction.text_layers.4.self_attn,linear,144,1,768,256,21,4,201984,207360,12624,258048,516096,64512,64512,48384,5376,32256,4128768,2688.0,2688.0,True
group_64_mse,vision_language_interaction.text_layers.4.self_attn,baddbmm,144,21,21,64,4,1,10752,21504,672,7056,14112,1764,1764,0,10752,64512,112896,73.5,73.5,False
group_64_mse,vision_language_interaction.text_layers.4.self_attn,bmm,144,21,64,21,4,1,7140,14280,1360,21504,43008,5376,5376,0,7140,42840,112896,73.5,224.0,False
group_64_mse,vision_language_interaction.text_layers.4.self_attn,linear,144,21,256,256,1,4,70912,76288,4432,86016,172032,21504,21504,16128,5376,32256,1376256,896.0,896.0,True
group_64_mse,vision_language_interaction.text_layers.4.linear1,linear,144,1,1024,256,21,4,267520,272896,16720,344064,688128,86016,86016,64512,5376,32256,5505024,3584.0,3584.0,True
group_64_mse,vision_language_interaction.text_layers.4.linear2,linear,144,1,256,1024,21,16,283648,305152,17728,344064,688128,86016,86016,80640,21504,129024,5505024,3584.0,3584.0,True
group_64_mse,vision_language_interaction.fusion_layers.5.attn.v_proj,linear,144,512,1024,256,1,4,393216,524288,24576,8388608,16777216,2097152,2097152,1572864,131072,786432,134217728,87381.33333333333,87381.33333333333,True
group_64_mse,vision_language_interaction.fusion_layers.5.attn.l_proj,linear,144,21,1024,256,1,4,267520,272896,16720,344064,688128,86016,86016,64512,5376,32256,5505024,3584.0,3584.0,True
group_64_mse,vision_language_interaction.fusion_layers.5.attn.values_v_proj,linear,144,512,1024,256,1,4,393216,524288,24576,8388608,16777216,2097152,2097152,1572864,131072,786432,134217728,87381.33333333333,87381.33333333333,True
group_64_mse,vision_language_interaction.fusion_layers.5.attn.values_l_proj,linear,144,21,1024,256,1,4,267520,272896,16720,344064,688128,86016,86016,64512,5376,32256,5505024,3584.0,3584.0,True
group_64_mse,vision_language_interaction.fusion_layers.5.attn,bmm,144,512,21,256,4,4,545792,1091584,34112,688128,1376256,172032,172032,129024,545792,3274752,11010048,7168.0,7168.0,False
group_64_mse,vision_language_interaction.fusion_layers.5.attn,bmm,144,512,256,21,4,1,64512,129024,12288,2097152,4194304,524288,524288,0,64512,387072,11010048,7168.0,21845.333333333332,False
group_64_mse,vision_language_interaction.fusion_layers.5.attn,bmm,144,21,256,512,4,8,567296,1134592,35456,688128,1376256,172032,172032,150528,567296,3403776,11010048,7168.0,7168.0,False
group_64_mse,vision_language_interaction.fusion_layers.5.attn.out_v_proj,linear,144,512,256,1024,1,16,786432,1310720,49152,8388608,16777216,2097152,2097152,1966080,524288,3145728,134217728,87381.33333333333,87381.33333333333,True
group_64_mse,vision_language_interaction.fusion_layers.5.attn.out_l_proj,linear,144,21,256,1024,1,16,283648,305152,17728,344064,688128,86016,86016,80640,21504,129024,5505024,3584.0,3584.0,True
group_64_mse,vision_language_interaction.text_layers.5.self_attn,linear,144,1,768,256,21,4,201984,207360,12624,258048,516096,64512,64512,48384,5376,32256,4128768,2688.0,2688.0,True
group_64_mse,vision_language_interaction.text_layers.5.self_attn,baddbmm,144,21,21,64,4,1,10752,21504,672,7056,14112,1764,1764,0,10752,64512,112896,73.5,73.5,False
group_64_mse,vision_language_interaction.text_layers.5.self_attn,bmm,144,21,64,21,4,1,7140,14280,1360,21504,43008,5376,5376,0,7140,42840,112896,73.5,224.0,False
group_64_mse,vision_language_interaction.text_layers.5.self_attn,linear,144,21,256,256,1,4,70912,76288,4432,86016,172032,21504,21504,16128,5376,32256,1376256,896.0,896.0,True
group_64_mse,vision_language_interaction.text_layers.5.linear1,linear,144,1,1024,256,21,4,267520,272896,16720,344064,688128,86016,86016,64512,5376,32256,5505024,3584.0,3584.0,True
group_64_mse,vision_language_interaction.text_layers.5.linear2,linear,144,1,256,1024,21,16,283648,305152,17728,344064,688128,86016,86016,80640,21504,129024,5505024,3584.0,3584.0,True
group_64_mse,action_head.state_projection.net.1,linear,144,1,256,8,1,1,2056,2064,1028,1024,2048,256,256,0,8,48,2048,1.3333333333333333,10.666666666666666,True
group_64_mse,action_head.state_projection.net.4,linear,144,1,512,256,1,4,131328,131584,8208,8192,16384,2048,2048,1536,256,1536,131072,85.33333333333333,85.33333333333333,True
group_64_mse,action_head.decoder.decoder.layers.0.self_attn,linear,144,1,768,256,12,4,199680,202752,12480,147456,294912,36864,36864,27648,3072,18432,2359296,1536.0,1536.0,True
group_64_mse,action_head.decoder.decoder.layers.0.self_attn,attention_qk,144,12,12,32,8,1,6144,12288,768,4608,9216,1152,1152,0,6144,36864,36864,24.0,48.0,False
group_64_mse,action_head.decoder.decoder.layers.0.self_attn,attention_av,144,12,32,12,8,1,4224,8448,1408,12288,24576,3072,3072,0,4224,25344,36864,24.0,128.0,False
group_64_mse,action_head.decoder.decoder.layers.0.self_attn,linear,144,12,256,256,1,4,68608,71680,4288,49152,98304,12288,12288,9216,3072,18432,786432,512.0,512.0,True
group_64_mse,action_head.decoder.decoder.layers.0.multihead_attn,linear,144,1,256,256,12,4,68608,71680,4288,49152,98304,12288,12288,9216,3072,18432,786432,512.0,512.0,True
group_64_mse,action_head.decoder.decoder.layers.0.multihead_attn,linear,144,1,512,256,535,4,268032,404992,16752,4382720,8765440,1095680,1095680,821760,136960,821760,70123520,45653.333333333336,45653.333333333336,True
group_64_mse,action_head.decoder.decoder.layers.0.multihead_attn,attention_qk,144,12,535,32,8,1,140032,280064,17504,205440,410880,51360,51360,0,140032,840192,1643520,1070.0,2140.0,False
group_64_mse,action_head.decoder.decoder.layers.0.multihead_attn,attention_av,144,12,32,535,8,9,188320,376640,12672,110592,221184,27648,27648,24576,188320,1129920,1643520,1070.0,1152.0,False
group_64_mse,action_head.decoder.decoder.layers.0.multihead_attn,linear,144,12,256,256,1,4,68608,71680,4288,49152,98304,12288,12288,9216,3072,18432,786432,512.0,512.0,True
group_64_mse,action_head.decoder.decoder.layers.0.linear1,linear,144,12,2048,256,1,4,527360,530432,32960,393216,786432,98304,98304,73728,3072,18432,6291456,4096.0,4096.0,True
group_64_mse,action_head.decoder.decoder.layers.0.linear2,linear,144,12,256,2048,1,32,548864,573440,34304,393216,786432,98304,98304,95232,24576,147456,6291456,4096.0,4096.0,True
group_64_mse,action_head.decoder.decoder.layers.1.self_attn,linear,144,1,768,256,12,4,199680,202752,12480,147456,294912,36864,36864,27648,3072,18432,2359296,1536.0,1536.0,True
group_64_mse,action_head.decoder.decoder.layers.1.self_attn,attention_qk,144,12,12,32,8,1,6144,12288,768,4608,9216,1152,1152,0,6144,36864,36864,24.0,48.0,False
group_64_mse,action_head.decoder.decoder.layers.1.self_attn,attention_av,144,12,32,12,8,1,4224,8448,1408,12288,24576,3072,3072,0,4224,25344,36864,24.0,128.0,False
group_64_mse,action_head.decoder.decoder.layers.1.self_attn,linear,144,12,256,256,1,4,68608,71680,4288,49152,98304,12288,12288,9216,3072,18432,786432,512.0,512.0,True
group_64_mse,action_head.decoder.decoder.layers.1.multihead_attn,linear,144,1,256,256,12,4,68608,71680,4288,49152,98304,12288,12288,9216,3072,18432,786432,512.0,512.0,True
group_64_mse,action_head.decoder.decoder.layers.1.multihead_attn,linear,144,1,512,256,535,4,268032,404992,16752,4382720,8765440,1095680,1095680,821760,136960,821760,70123520,45653.333333333336,45653.333333333336,True
group_64_mse,action_head.decoder.decoder.layers.1.multihead_attn,attention_qk,144,12,535,32,8,1,140032,280064,17504,205440,410880,51360,51360,0,140032,840192,1643520,1070.0,2140.0,False
group_64_mse,action_head.decoder.decoder.layers.1.multihead_attn,attention_av,144,12,32,535,8,9,188320,376640,12672,110592,221184,27648,27648,24576,188320,1129920,1643520,1070.0,1152.0,False
group_64_mse,action_head.decoder.decoder.layers.1.multihead_attn,linear,144,12,256,256,1,4,68608,71680,4288,49152,98304,12288,12288,9216,3072,18432,786432,512.0,512.0,True
group_64_mse,action_head.decoder.decoder.layers.1.linear1,linear,144,12,2048,256,1,4,527360,530432,32960,393216,786432,98304,98304,73728,3072,18432,6291456,4096.0,4096.0,True
group_64_mse,action_head.decoder.decoder.layers.1.linear2,linear,144,12,256,2048,1,32,548864,573440,34304,393216,786432,98304,98304,95232,24576,147456,6291456,4096.0,4096.0,True
group_64_mse,action_head.decoder.decoder.layers.2.self_attn,linear,144,1,768,256,12,4,199680,202752,12480,147456,294912,36864,36864,27648,3072,18432,2359296,1536.0,1536.0,True
group_64_mse,action_head.decoder.decoder.layers.2.self_attn,attention_qk,144,12,12,32,8,1,6144,12288,768,4608,9216,1152,1152,0,6144,36864,36864,24.0,48.0,False
group_64_mse,action_head.decoder.decoder.layers.2.self_attn,attention_av,144,12,32,12,8,1,4224,8448,1408,12288,24576,3072,3072,0,4224,25344,36864,24.0,128.0,False
group_64_mse,action_head.decoder.decoder.layers.2.self_attn,linear,144,12,256,256,1,4,68608,71680,4288,49152,98304,12288,12288,9216,3072,18432,786432,512.0,512.0,True
group_64_mse,action_head.decoder.decoder.layers.2.multihead_attn,linear,144,1,256,256,12,4,68608,71680,4288,49152,98304,12288,12288,9216,3072,18432,786432,512.0,512.0,True
group_64_mse,action_head.decoder.decoder.layers.2.multihead_attn,linear,144,1,512,256,535,4,268032,404992,16752,4382720,8765440,1095680,1095680,821760,136960,821760,70123520,45653.333333333336,45653.333333333336,True
group_64_mse,action_head.decoder.decoder.layers.2.multihead_attn,attention_qk,144,12,535,32,8,1,140032,280064,17504,205440,410880,51360,51360,0,140032,840192,1643520,1070.0,2140.0,False
group_64_mse,action_head.decoder.decoder.layers.2.multihead_attn,attention_av,144,12,32,535,8,9,188320,376640,12672,110592,221184,27648,27648,24576,188320,1129920,1643520,1070.0,1152.0,False
group_64_mse,action_head.decoder.decoder.layers.2.multihead_attn,linear,144,12,256,256,1,4,68608,71680,4288,49152,98304,12288,12288,9216,3072,18432,786432,512.0,512.0,True
group_64_mse,action_head.decoder.decoder.layers.2.linear1,linear,144,12,2048,256,1,4,527360,530432,32960,393216,786432,98304,98304,73728,3072,18432,6291456,4096.0,4096.0,True
group_64_mse,action_head.decoder.decoder.layers.2.linear2,linear,144,12,256,2048,1,32,548864,573440,34304,393216,786432,98304,98304,95232,24576,147456,6291456,4096.0,4096.0,True
group_64_mse,action_head.decoder.action_projection.layers.0,linear,144,12,512,256,1,4,134144,137216,8384,98304,196608,24576,24576,18432,3072,18432,1572864,1024.0,1024.0,True
group_64_mse,action_head.decoder.action_projection.layers.1,linear,144,12,512,512,1,8,268288,274432,16768,196608,393216,49152,49152,43008,6144,36864,3145728,2048.0,2048.0,True
group_64_mse,action_head.decoder.action_projection.layers.2,linear,144,12,7,512,1,8,9728,15872,608,2688,5376,672,672,588,6144,36864,43008,28.0,28.0,True
group_64_mse,text_encoder.bert.encoder.layer.0.attention.self.query,linear,36,11,768,768,1,12,598272,606720,37392,405504,811008,101376,101376,92928,8448,50688,6488064,4224.0,4224.0,True
group_64_mse,text_encoder.bert.encoder.layer.0.attention.self.key,linear,36,11,768,768,1,12,598272,606720,37392,405504,811008,101376,101376,92928,8448,50688,6488064,4224.0,4224.0,True
group_64_mse,text_encoder.bert.encoder.layer.0.attention.self.value,linear,36,11,768,768,1,12,598272,606720,37392,405504,811008,101376,101376,92928,8448,50688,6488064,4224.0,4224.0,True
group_64_mse,text_encoder.bert.encoder.layer.0.attention.self,attention_qk,36,11,11,64,12,1,16896,33792,1056,5808,11616,1452,1452,0,16896,101376,92928,60.5,60.5,False
group_64_mse,text_encoder.bert.encoder.layer.0.attention.self,attention_av,36,11,64,11,12,1,9900,19800,3600,33792,67584,8448,8448,0,9900,59400,92928,60.5,352.0,False
group_64_mse,text_encoder.bert.encoder.layer.0.attention.output.dense,linear,36,11,768,768,1,12,598272,606720,37392,405504,811008,101376,101376,92928,8448,50688,6488064,4224.0,4224.0,True
group_64_mse,text_encoder.bert.encoder.layer.0.intermediate.dense,linear,36,11,3072,768,1,12,2367744,2376192,147984,1622016,3244032,405504,405504,371712,8448,50688,25952256,16896.0,16896.0,True
group_64_mse,text_encoder.bert.encoder.layer.0.output.dense,linear,36,11,768,3072,1,48,2393088,2426880,149568,1622016,3244032,405504,405504,397056,33792,202752,25952256,16896.0,16896.0,True
group_64_mse,text_encoder.bert.encoder.layer.1.attention.self.query,linear,36,11,768,768,1,12,598272,606720,37392,405504,811008,101376,101376,92928,8448,50688,6488064,4224.0,4224.0,True
group_64_mse,text_encoder.bert.encoder.layer.1.attention.self.key,linear,36,11,768,768,1,12,598272,606720,37392,405504,811008,101376,101376,92928,8448,50688,6488064,4224.0,4224.0,True
group_64_mse,text_encoder.bert.encoder.layer.1.attention.self.value,linear,36,11,768,768,1,12,598272,606720,37392,405504,811008,101376,101376,92928,8448,50688,6488064,4224.0,4224.0,True
group_64_mse,text_encoder.bert.encoder.layer.1.attention.self,attention_qk,36,11,11,64,12,1,16896,33792,1056,5808,11616,1452,1452,0,16896,101376,92928,60.5,60.5,False
group_64_mse,text_encoder.bert.encoder.layer.1.attention.self,attention_av,36,11,64,11,12,1,9900,19800,3600,33792,67584,8448,8448,0,9900,59400,92928,60.5,352.0,False
group_64_mse,text_encoder.bert.encoder.layer.1.attention.output.dense,linear,36,11,768,768,1,12,598272,606720,37392,405504,811008,101376,101376,92928,8448,50688,6488064,4224.0,4224.0,True
group_64_mse,text_encoder.bert.encoder.layer.1.intermediate.dense,linear,36,11,3072,768,1,12,2367744,2376192,147984,1622016,3244032,405504,405504,371712,8448,50688,25952256,16896.0,16896.0,True
group_64_mse,text_encoder.bert.encoder.layer.1.output.dense,linear,36,11,768,3072,1,48,2393088,2426880,149568,1622016,3244032,405504,405504,397056,33792,202752,25952256,16896.0,16896.0,True
group_64_mse,text_encoder.bert.encoder.layer.2.attention.self.query,linear,36,11,768,768,1,12,598272,606720,37392,405504,811008,101376,101376,92928,8448,50688,6488064,4224.0,4224.0,True
group_64_mse,text_encoder.bert.encoder.layer.2.attention.self.key,linear,36,11,768,768,1,12,598272,606720,37392,405504,811008,101376,101376,92928,8448,50688,6488064,4224.0,4224.0,True
group_64_mse,text_encoder.bert.encoder.layer.2.attention.self.value,linear,36,11,768,768,1,12,598272,606720,37392,405504,811008,101376,101376,92928,8448,50688,6488064,4224.0,4224.0,True
group_64_mse,text_encoder.bert.encoder.layer.2.attention.self,attention_qk,36,11,11,64,12,1,16896,33792,1056,5808,11616,1452,1452,0,16896,101376,92928,60.5,60.5,False
group_64_mse,text_encoder.bert.encoder.layer.2.attention.self,attention_av,36,11,64,11,12,1,9900,19800,3600,33792,67584,8448,8448,0,9900,59400,92928,60.5,352.0,False
group_64_mse,text_encoder.bert.encoder.layer.2.attention.output.dense,linear,36,11,768,768,1,12,598272,606720,37392,405504,811008,101376,101376,92928,8448,50688,6488064,4224.0,4224.0,True
group_64_mse,text_encoder.bert.encoder.layer.2.intermediate.dense,linear,36,11,3072,768,1,12,2367744,2376192,147984,1622016,3244032,405504,405504,371712,8448,50688,25952256,16896.0,16896.0,True
group_64_mse,text_encoder.bert.encoder.layer.2.output.dense,linear,36,11,768,3072,1,48,2393088,2426880,149568,1622016,3244032,405504,405504,397056,33792,202752,25952256,16896.0,16896.0,True
group_64_mse,text_encoder.bert.encoder.layer.3.attention.self.query,linear,36,11,768,768,1,12,598272,606720,37392,405504,811008,101376,101376,92928,8448,50688,6488064,4224.0,4224.0,True
group_64_mse,text_encoder.bert.encoder.layer.3.attention.self.key,linear,36,11,768,768,1,12,598272,606720,37392,405504,811008,101376,101376,92928,8448,50688,6488064,4224.0,4224.0,True
group_64_mse,text_encoder.bert.encoder.layer.3.attention.self.value,linear,36,11,768,768,1,12,598272,606720,37392,405504,811008,101376,101376,92928,8448,50688,6488064,4224.0,4224.0,True
group_64_mse,text_encoder.bert.encoder.layer.3.attention.self,attention_qk,36,11,11,64,12,1,16896,33792,1056,5808,11616,1452,1452,0,16896,101376,92928,60.5,60.5,False
group_64_mse,text_encoder.bert.encoder.layer.3.attention.self,attention_av,36,11,64,11,12,1,9900,19800,3600,33792,67584,8448,8448,0,9900,59400,92928,60.5,352.0,False
group_64_mse,text_encoder.bert.encoder.layer.3.attention.output.dense,linear,36,11,768,768,1,12,598272,606720,37392,405504,811008,101376,101376,92928,8448,50688,6488064,4224.0,4224.0,True
group_64_mse,text_encoder.bert.encoder.layer.3.intermediate.dense,linear,36,11,3072,768,1,12,2367744,2376192,147984,1622016,3244032,405504,405504,371712,8448,50688,25952256,16896.0,16896.0,True
group_64_mse,text_encoder.bert.encoder.layer.3.output.dense,linear,36,11,768,3072,1,48,2393088,2426880,149568,1622016,3244032,405504,405504,397056,33792,202752,25952256,16896.0,16896.0,True
group_64_mse,text_encoder.bert.encoder.layer.4.attention.self.query,linear,36,11,768,768,1,12,598272,606720,37392,405504,811008,101376,101376,92928,8448,50688,6488064,4224.0,4224.0,True
group_64_mse,text_encoder.bert.encoder.layer.4.attention.self.key,linear,36,11,768,768,1,12,598272,606720,37392,405504,811008,101376,101376,92928,8448,50688,6488064,4224.0,4224.0,True
group_64_mse,text_encoder.bert.encoder.layer.4.attention.self.value,linear,36,11,768,768,1,12,598272,606720,37392,405504,811008,101376,101376,92928,8448,50688,6488064,4224.0,4224.0,True
group_64_mse,text_encoder.bert.encoder.layer.4.attention.self,attention_qk,36,11,11,64,12,1,16896,33792,1056,5808,11616,1452,1452,0,16896,101376,92928,60.5,60.5,False
group_64_mse,text_encoder.bert.encoder.layer.4.attention.self,attention_av,36,11,64,11,12,1,9900,19800,3600,33792,67584,8448,8448,0,9900,59400,92928,60.5,352.0,False
group_64_mse,text_encoder.bert.encoder.layer.4.attention.output.dense,linear,36,11,768,768,1,12,598272,606720,37392,405504,811008,101376,101376,92928,8448,50688,6488064,4224.0,4224.0,True
group_64_mse,text_encoder.bert.encoder.layer.4.intermediate.dense,linear,36,11,3072,768,1,12,2367744,2376192,147984,1622016,3244032,405504,405504,371712,8448,50688,25952256,16896.0,16896.0,True
group_64_mse,text_encoder.bert.encoder.layer.4.output.dense,linear,36,11,768,3072,1,48,2393088,2426880,149568,1622016,3244032,405504,405504,397056,33792,202752,25952256,16896.0,16896.0,True
group_64_mse,text_encoder.bert.encoder.layer.5.attention.self.query,linear,36,11,768,768,1,12,598272,606720,37392,405504,811008,101376,101376,92928,8448,50688,6488064,4224.0,4224.0,True
group_64_mse,text_encoder.bert.encoder.layer.5.attention.self.key,linear,36,11,768,768,1,12,598272,606720,37392,405504,811008,101376,101376,92928,8448,50688,6488064,4224.0,4224.0,True
group_64_mse,text_encoder.bert.encoder.layer.5.attention.self.value,linear,36,11,768,768,1,12,598272,606720,37392,405504,811008,101376,101376,92928,8448,50688,6488064,4224.0,4224.0,True
group_64_mse,text_encoder.bert.encoder.layer.5.attention.self,attention_qk,36,11,11,64,12,1,16896,33792,1056,5808,11616,1452,1452,0,16896,101376,92928,60.5,60.5,False
group_64_mse,text_encoder.bert.encoder.layer.5.attention.self,attention_av,36,11,64,11,12,1,9900,19800,3600,33792,67584,8448,8448,0,9900,59400,92928,60.5,352.0,False
group_64_mse,text_encoder.bert.encoder.layer.5.attention.output.dense,linear,36,11,768,768,1,12,598272,606720,37392,405504,811008,101376,101376,92928,8448,50688,6488064,4224.0,4224.0,True
group_64_mse,text_encoder.bert.encoder.layer.5.intermediate.dense,linear,36,11,3072,768,1,12,2367744,2376192,147984,1622016,3244032,405504,405504,371712,8448,50688,25952256,16896.0,16896.0,True
group_64_mse,text_encoder.bert.encoder.layer.5.output.dense,linear,36,11,768,3072,1,48,2393088,2426880,149568,1622016,3244032,405504,405504,397056,33792,202752,25952256,16896.0,16896.0,True
group_64_mse,text_encoder.bert.encoder.layer.6.attention.self.query,linear,36,11,768,768,1,12,598272,606720,37392,405504,811008,101376,101376,92928,8448,50688,6488064,4224.0,4224.0,True
group_64_mse,text_encoder.bert.encoder.layer.6.attention.self.key,linear,36,11,768,768,1,12,598272,606720,37392,405504,811008,101376,101376,92928,8448,50688,6488064,4224.0,4224.0,True
group_64_mse,text_encoder.bert.encoder.layer.6.attention.self.value,linear,36,11,768,768,1,12,598272,606720,37392,405504,811008,101376,101376,92928,8448,50688,6488064,4224.0,4224.0,True
group_64_mse,text_encoder.bert.encoder.layer.6.attention.self,attention_qk,36,11,11,64,12,1,16896,33792,1056,5808,11616,1452,1452,0,16896,101376,92928,60.5,60.5,False
group_64_mse,text_encoder.bert.encoder.layer.6.attention.self,attention_av,36,11,64,11,12,1,9900,19800,3600,33792,67584,8448,8448,0,9900,59400,92928,60.5,352.0,False
group_64_mse,text_encoder.bert.encoder.layer.6.attention.output.dense,linear,36,11,768,768,1,12,598272,606720,37392,405504,811008,101376,101376,92928,8448,50688,6488064,4224.0,4224.0,True
group_64_mse,text_encoder.bert.encoder.layer.6.intermediate.dense,linear,36,11,3072,768,1,12,2367744,2376192,147984,1622016,3244032,405504,405504,371712,8448,50688,25952256,16896.0,16896.0,True
group_64_mse,text_encoder.bert.encoder.layer.6.output.dense,linear,36,11,768,3072,1,48,2393088,2426880,149568,1622016,3244032,405504,405504,397056,33792,202752,25952256,16896.0,16896.0,True
group_64_mse,text_encoder.bert.encoder.layer.7.attention.self.query,linear,36,11,768,768,1,12,598272,606720,37392,405504,811008,101376,101376,92928,8448,50688,6488064,4224.0,4224.0,True
group_64_mse,text_encoder.bert.encoder.layer.7.attention.self.key,linear,36,11,768,768,1,12,598272,606720,37392,405504,811008,101376,101376,92928,8448,50688,6488064,4224.0,4224.0,True
group_64_mse,text_encoder.bert.encoder.layer.7.attention.self.value,linear,36,11,768,768,1,12,598272,606720,37392,405504,811008,101376,101376,92928,8448,50688,6488064,4224.0,4224.0,True
group_64_mse,text_encoder.bert.encoder.layer.7.attention.self,attention_qk,36,11,11,64,12,1,16896,33792,1056,5808,11616,1452,1452,0,16896,101376,92928,60.5,60.5,False
group_64_mse,text_encoder.bert.encoder.layer.7.attention.self,attention_av,36,11,64,11,12,1,9900,19800,3600,33792,67584,8448,8448,0,9900,59400,92928,60.5,352.0,False
group_64_mse,text_encoder.bert.encoder.layer.7.attention.output.dense,linear,36,11,768,768,1,12,598272,606720,37392,405504,811008,101376,101376,92928,8448,50688,6488064,4224.0,4224.0,True
group_64_mse,text_encoder.bert.encoder.layer.7.intermediate.dense,linear,36,11,3072,768,1,12,2367744,2376192,147984,1622016,3244032,405504,405504,371712,8448,50688,25952256,16896.0,16896.0,True
group_64_mse,text_encoder.bert.encoder.layer.7.output.dense,linear,36,11,768,3072,1,48,2393088,2426880,149568,1622016,3244032,405504,405504,397056,33792,202752,25952256,16896.0,16896.0,True
group_64_mse,text_encoder.bert.encoder.layer.8.attention.self.query,linear,36,11,768,768,1,12,598272,606720,37392,405504,811008,101376,101376,92928,8448,50688,6488064,4224.0,4224.0,True
group_64_mse,text_encoder.bert.encoder.layer.8.attention.self.key,linear,36,11,768,768,1,12,598272,606720,37392,405504,811008,101376,101376,92928,8448,50688,6488064,4224.0,4224.0,True
group_64_mse,text_encoder.bert.encoder.layer.8.attention.self.value,linear,36,11,768,768,1,12,598272,606720,37392,405504,811008,101376,101376,92928,8448,50688,6488064,4224.0,4224.0,True
group_64_mse,text_encoder.bert.encoder.layer.8.attention.self,attention_qk,36,11,11,64,12,1,16896,33792,1056,5808,11616,1452,1452,0,16896,101376,92928,60.5,60.5,False
group_64_mse,text_encoder.bert.encoder.layer.8.attention.self,attention_av,36,11,64,11,12,1,9900,19800,3600,33792,67584,8448,8448,0,9900,59400,92928,60.5,352.0,False
group_64_mse,text_encoder.bert.encoder.layer.8.attention.output.dense,linear,36,11,768,768,1,12,598272,606720,37392,405504,811008,101376,101376,92928,8448,50688,6488064,4224.0,4224.0,True
group_64_mse,text_encoder.bert.encoder.layer.8.intermediate.dense,linear,36,11,3072,768,1,12,2367744,2376192,147984,1622016,3244032,405504,405504,371712,8448,50688,25952256,16896.0,16896.0,True
group_64_mse,text_encoder.bert.encoder.layer.8.output.dense,linear,36,11,768,3072,1,48,2393088,2426880,149568,1622016,3244032,405504,405504,397056,33792,202752,25952256,16896.0,16896.0,True
group_64_mse,text_encoder.bert.encoder.layer.9.attention.self.query,linear,36,11,768,768,1,12,598272,606720,37392,405504,811008,101376,101376,92928,8448,50688,6488064,4224.0,4224.0,True
group_64_mse,text_encoder.bert.encoder.layer.9.attention.self.key,linear,36,11,768,768,1,12,598272,606720,37392,405504,811008,101376,101376,92928,8448,50688,6488064,4224.0,4224.0,True
group_64_mse,text_encoder.bert.encoder.layer.9.attention.self.value,linear,36,11,768,768,1,12,598272,606720,37392,405504,811008,101376,101376,92928,8448,50688,6488064,4224.0,4224.0,True
group_64_mse,text_encoder.bert.encoder.layer.9.attention.self,attention_qk,36,11,11,64,12,1,16896,33792,1056,5808,11616,1452,1452,0,16896,101376,92928,60.5,60.5,False
group_64_mse,text_encoder.bert.encoder.layer.9.attention.self,attention_av,36,11,64,11,12,1,9900,19800,3600,33792,67584,8448,8448,0,9900,59400,92928,60.5,352.0,False
group_64_mse,text_encoder.bert.encoder.layer.9.attention.output.dense,linear,36,11,768,768,1,12,598272,606720,37392,405504,811008,101376,101376,92928,8448,50688,6488064,4224.0,4224.0,True
group_64_mse,text_encoder.bert.encoder.layer.9.intermediate.dense,linear,36,11,3072,768,1,12,2367744,2376192,147984,1622016,3244032,405504,405504,371712,8448,50688,25952256,16896.0,16896.0,True
group_64_mse,text_encoder.bert.encoder.layer.9.output.dense,linear,36,11,768,3072,1,48,2393088,2426880,149568,1622016,3244032,405504,405504,397056,33792,202752,25952256,16896.0,16896.0,True
group_64_mse,text_encoder.bert.encoder.layer.10.attention.self.query,linear,36,11,768,768,1,12,598272,606720,37392,405504,811008,101376,101376,92928,8448,50688,6488064,4224.0,4224.0,True
group_64_mse,text_encoder.bert.encoder.layer.10.attention.self.key,linear,36,11,768,768,1,12,598272,606720,37392,405504,811008,101376,101376,92928,8448,50688,6488064,4224.0,4224.0,True
group_64_mse,text_encoder.bert.encoder.layer.10.attention.self.value,linear,36,11,768,768,1,12,598272,606720,37392,405504,811008,101376,101376,92928,8448,50688,6488064,4224.0,4224.0,True
group_64_mse,text_encoder.bert.encoder.layer.10.attention.self,attention_qk,36,11,11,64,12,1,16896,33792,1056,5808,11616,1452,1452,0,16896,101376,92928,60.5,60.5,False
group_64_mse,text_encoder.bert.encoder.layer.10.attention.self,attention_av,36,11,64,11,12,1,9900,19800,3600,33792,67584,8448,8448,0,9900,59400,92928,60.5,352.0,False
group_64_mse,text_encoder.bert.encoder.layer.10.attention.output.dense,linear,36,11,768,768,1,12,598272,606720,37392,405504,811008,101376,101376,92928,8448,50688,6488064,4224.0,4224.0,True
group_64_mse,text_encoder.bert.encoder.layer.10.intermediate.dense,linear,36,11,3072,768,1,12,2367744,2376192,147984,1622016,3244032,405504,405504,371712,8448,50688,25952256,16896.0,16896.0,True
group_64_mse,text_encoder.bert.encoder.layer.10.output.dense,linear,36,11,768,3072,1,48,2393088,2426880,149568,1622016,3244032,405504,405504,397056,33792,202752,25952256,16896.0,16896.0,True
group_64_mse,text_encoder.bert.encoder.layer.11.attention.self.query,linear,36,11,768,768,1,12,598272,606720,37392,405504,811008,101376,101376,92928,8448,50688,6488064,4224.0,4224.0,True
group_64_mse,text_encoder.bert.encoder.layer.11.attention.self.key,linear,36,11,768,768,1,12,598272,606720,37392,405504,811008,101376,101376,92928,8448,50688,6488064,4224.0,4224.0,True
group_64_mse,text_encoder.bert.encoder.layer.11.attention.self.value,linear,36,11,768,768,1,12,598272,606720,37392,405504,811008,101376,101376,92928,8448,50688,6488064,4224.0,4224.0,True
group_64_mse,text_encoder.bert.encoder.layer.11.attention.self,attention_qk,36,11,11,64,12,1,16896,33792,1056,5808,11616,1452,1452,0,16896,101376,92928,60.5,60.5,False
group_64_mse,text_encoder.bert.encoder.layer.11.attention.self,attention_av,36,11,64,11,12,1,9900,19800,3600,33792,67584,8448,8448,0,9900,59400,92928,60.5,352.0,False
group_64_mse,text_encoder.bert.encoder.layer.11.attention.output.dense,linear,36,11,768,768,1,12,598272,606720,37392,405504,811008,101376,101376,92928,8448,50688,6488064,4224.0,4224.0,True
group_64_mse,text_encoder.bert.encoder.layer.11.intermediate.dense,linear,36,11,3072,768,1,12,2367744,2376192,147984,1622016,3244032,405504,405504,371712,8448,50688,25952256,16896.0,16896.0,True
group_64_mse,text_encoder.bert.encoder.layer.11.output.dense,linear,36,11,768,3072,1,48,2393088,2426880,149568,1622016,3244032,405504,405504,397056,33792,202752,25952256,16896.0,16896.0,True
group_64_mse,text_encoder.bert.encoder.layer.0.attention.self.query,linear,36,14,768,768,1,12,600576,611328,37536,516096,1032192,129024,129024,118272,10752,64512,8257536,5376.0,5376.0,True
group_64_mse,text_encoder.bert.encoder.layer.0.attention.self.key,linear,36,14,768,768,1,12,600576,611328,37536,516096,1032192,129024,129024,118272,10752,64512,8257536,5376.0,5376.0,True
group_64_mse,text_encoder.bert.encoder.layer.0.attention.self.value,linear,36,14,768,768,1,12,600576,611328,37536,516096,1032192,129024,129024,118272,10752,64512,8257536,5376.0,5376.0,True
group_64_mse,text_encoder.bert.encoder.layer.0.attention.self,attention_qk,36,14,14,64,12,1,21504,43008,1344,9408,18816,2352,2352,0,21504,129024,150528,98.0,98.0,False
group_64_mse,text_encoder.bert.encoder.layer.0.attention.self,attention_av,36,14,64,14,12,1,13104,26208,3744,43008,86016,10752,10752,0,13104,78624,150528,98.0,448.0,False
group_64_mse,text_encoder.bert.encoder.layer.0.attention.output.dense,linear,36,14,768,768,1,12,600576,611328,37536,516096,1032192,129024,129024,118272,10752,64512,8257536,5376.0,5376.0,True
group_64_mse,text_encoder.bert.encoder.layer.0.intermediate.dense,linear,36,14,3072,768,1,12,2370048,2380800,148128,2064384,4128768,516096,516096,473088,10752,64512,33030144,21504.0,21504.0,True
group_64_mse,text_encoder.bert.encoder.layer.0.output.dense,linear,36,14,768,3072,1,48,2402304,2445312,150144,2064384,4128768,516096,516096,505344,43008,258048,33030144,21504.0,21504.0,True
group_64_mse,text_encoder.bert.encoder.layer.1.attention.self.query,linear,36,14,768,768,1,12,600576,611328,37536,516096,1032192,129024,129024,118272,10752,64512,8257536,5376.0,5376.0,True
group_64_mse,text_encoder.bert.encoder.layer.1.attention.self.key,linear,36,14,768,768,1,12,600576,611328,37536,516096,1032192,129024,129024,118272,10752,64512,8257536,5376.0,5376.0,True
group_64_mse,text_encoder.bert.encoder.layer.1.attention.self.value,linear,36,14,768,768,1,12,600576,611328,37536,516096,1032192,129024,129024,118272,10752,64512,8257536,5376.0,5376.0,True
group_64_mse,text_encoder.bert.encoder.layer.1.attention.self,attention_qk,36,14,14,64,12,1,21504,43008,1344,9408,18816,2352,2352,0,21504,129024,150528,98.0,98.0,False
group_64_mse,text_encoder.bert.encoder.layer.1.attention.self,attention_av,36,14,64,14,12,1,13104,26208,3744,43008,86016,10752,10752,0,13104,78624,150528,98.0,448.0,False
group_64_mse,text_encoder.bert.encoder.layer.1.attention.output.dense,linear,36,14,768,768,1,12,600576,611328,37536,516096,1032192,129024,129024,118272,10752,64512,8257536,5376.0,5376.0,True
group_64_mse,text_encoder.bert.encoder.layer.1.intermediate.dense,linear,36,14,3072,768,1,12,2370048,2380800,148128,2064384,4128768,516096,516096,473088,10752,64512,33030144,21504.0,21504.0,True
group_64_mse,text_encoder.bert.encoder.layer.1.output.dense,linear,36,14,768,3072,1,48,2402304,2445312,150144,2064384,4128768,516096,516096,505344,43008,258048,33030144,21504.0,21504.0,True
group_64_mse,text_encoder.bert.encoder.layer.2.attention.self.query,linear,36,14,768,768,1,12,600576,611328,37536,516096,1032192,129024,129024,118272,10752,64512,8257536,5376.0,5376.0,True
group_64_mse,text_encoder.bert.encoder.layer.2.attention.self.key,linear,36,14,768,768,1,12,600576,611328,37536,516096,1032192,129024,129024,118272,10752,64512,8257536,5376.0,5376.0,True
group_64_mse,text_encoder.bert.encoder.layer.2.attention.self.value,linear,36,14,768,768,1,12,600576,611328,37536,516096,1032192,129024,129024,118272,10752,64512,8257536,5376.0,5376.0,True
group_64_mse,text_encoder.bert.encoder.layer.2.attention.self,attention_qk,36,14,14,64,12,1,21504,43008,1344,9408,18816,2352,2352,0,21504,129024,150528,98.0,98.0,False
group_64_mse,text_encoder.bert.encoder.layer.2.attention.self,attention_av,36,14,64,14,12,1,13104,26208,3744,43008,86016,10752,10752,0,13104,78624,150528,98.0,448.0,False
group_64_mse,text_encoder.bert.encoder.layer.2.attention.output.dense,linear,36,14,768,768,1,12,600576,611328,37536,516096,1032192,129024,129024,118272,10752,64512,8257536,5376.0,5376.0,True
group_64_mse,text_encoder.bert.encoder.layer.2.intermediate.dense,linear,36,14,3072,768,1,12,2370048,2380800,148128,2064384,4128768,516096,516096,473088,10752,64512,33030144,21504.0,21504.0,True
group_64_mse,text_encoder.bert.encoder.layer.2.output.dense,linear,36,14,768,3072,1,48,2402304,2445312,150144,2064384,4128768,516096,516096,505344,43008,258048,33030144,21504.0,21504.0,True
group_64_mse,text_encoder.bert.encoder.layer.3.attention.self.query,linear,36,14,768,768,1,12,600576,611328,37536,516096,1032192,129024,129024,118272,10752,64512,8257536,5376.0,5376.0,True
group_64_mse,text_encoder.bert.encoder.layer.3.attention.self.key,linear,36,14,768,768,1,12,600576,611328,37536,516096,1032192,129024,129024,118272,10752,64512,8257536,5376.0,5376.0,True
group_64_mse,text_encoder.bert.encoder.layer.3.attention.self.value,linear,36,14,768,768,1,12,600576,611328,37536,516096,1032192,129024,129024,118272,10752,64512,8257536,5376.0,5376.0,True
group_64_mse,text_encoder.bert.encoder.layer.3.attention.self,attention_qk,36,14,14,64,12,1,21504,43008,1344,9408,18816,2352,2352,0,21504,129024,150528,98.0,98.0,False
group_64_mse,text_encoder.bert.encoder.layer.3.attention.self,attention_av,36,14,64,14,12,1,13104,26208,3744,43008,86016,10752,10752,0,13104,78624,150528,98.0,448.0,False
group_64_mse,text_encoder.bert.encoder.layer.3.attention.output.dense,linear,36,14,768,768,1,12,600576,611328,37536,516096,1032192,129024,129024,118272,10752,64512,8257536,5376.0,5376.0,True
group_64_mse,text_encoder.bert.encoder.layer.3.intermediate.dense,linear,36,14,3072,768,1,12,2370048,2380800,148128,2064384,4128768,516096,516096,473088,10752,64512,33030144,21504.0,21504.0,True
group_64_mse,text_encoder.bert.encoder.layer.3.output.dense,linear,36,14,768,3072,1,48,2402304,2445312,150144,2064384,4128768,516096,516096,505344,43008,258048,33030144,21504.0,21504.0,True
group_64_mse,text_encoder.bert.encoder.layer.4.attention.self.query,linear,36,14,768,768,1,12,600576,611328,37536,516096,1032192,129024,129024,118272,10752,64512,8257536,5376.0,5376.0,True
group_64_mse,text_encoder.bert.encoder.layer.4.attention.self.key,linear,36,14,768,768,1,12,600576,611328,37536,516096,1032192,129024,129024,118272,10752,64512,8257536,5376.0,5376.0,True
group_64_mse,text_encoder.bert.encoder.layer.4.attention.self.value,linear,36,14,768,768,1,12,600576,611328,37536,516096,1032192,129024,129024,118272,10752,64512,8257536,5376.0,5376.0,True
group_64_mse,text_encoder.bert.encoder.layer.4.attention.self,attention_qk,36,14,14,64,12,1,21504,43008,1344,9408,18816,2352,2352,0,21504,129024,150528,98.0,98.0,False
group_64_mse,text_encoder.bert.encoder.layer.4.attention.self,attention_av,36,14,64,14,12,1,13104,26208,3744,43008,86016,10752,10752,0,13104,78624,150528,98.0,448.0,False
group_64_mse,text_encoder.bert.encoder.layer.4.attention.output.dense,linear,36,14,768,768,1,12,600576,611328,37536,516096,1032192,129024,129024,118272,10752,64512,8257536,5376.0,5376.0,True
group_64_mse,text_encoder.bert.encoder.layer.4.intermediate.dense,linear,36,14,3072,768,1,12,2370048,2380800,148128,2064384,4128768,516096,516096,473088,10752,64512,33030144,21504.0,21504.0,True
group_64_mse,text_encoder.bert.encoder.layer.4.output.dense,linear,36,14,768,3072,1,48,2402304,2445312,150144,2064384,4128768,516096,516096,505344,43008,258048,33030144,21504.0,21504.0,True
group_64_mse,text_encoder.bert.encoder.layer.5.attention.self.query,linear,36,14,768,768,1,12,600576,611328,37536,516096,1032192,129024,129024,118272,10752,64512,8257536,5376.0,5376.0,True
group_64_mse,text_encoder.bert.encoder.layer.5.attention.self.key,linear,36,14,768,768,1,12,600576,611328,37536,516096,1032192,129024,129024,118272,10752,64512,8257536,5376.0,5376.0,True
group_64_mse,text_encoder.bert.encoder.layer.5.attention.self.value,linear,36,14,768,768,1,12,600576,611328,37536,516096,1032192,129024,129024,118272,10752,64512,8257536,5376.0,5376.0,True
group_64_mse,text_encoder.bert.encoder.layer.5.attention.self,attention_qk,36,14,14,64,12,1,21504,43008,1344,9408,18816,2352,2352,0,21504,129024,150528,98.0,98.0,False
group_64_mse,text_encoder.bert.encoder.layer.5.attention.self,attention_av,36,14,64,14,12,1,13104,26208,3744,43008,86016,10752,10752,0,13104,78624,150528,98.0,448.0,False
group_64_mse,text_encoder.bert.encoder.layer.5.attention.output.dense,linear,36,14,768,768,1,12,600576,611328,37536,516096,1032192,129024,129024,118272,10752,64512,8257536,5376.0,5376.0,True
group_64_mse,text_encoder.bert.encoder.layer.5.intermediate.dense,linear,36,14,3072,768,1,12,2370048,2380800,148128,2064384,4128768,516096,516096,473088,10752,64512,33030144,21504.0,21504.0,True
group_64_mse,text_encoder.bert.encoder.layer.5.output.dense,linear,36,14,768,3072,1,48,2402304,2445312,150144,2064384,4128768,516096,516096,505344,43008,258048,33030144,21504.0,21504.0,True
group_64_mse,text_encoder.bert.encoder.layer.6.attention.self.query,linear,36,14,768,768,1,12,600576,611328,37536,516096,1032192,129024,129024,118272,10752,64512,8257536,5376.0,5376.0,True
group_64_mse,text_encoder.bert.encoder.layer.6.attention.self.key,linear,36,14,768,768,1,12,600576,611328,37536,516096,1032192,129024,129024,118272,10752,64512,8257536,5376.0,5376.0,True
group_64_mse,text_encoder.bert.encoder.layer.6.attention.self.value,linear,36,14,768,768,1,12,600576,611328,37536,516096,1032192,129024,129024,118272,10752,64512,8257536,5376.0,5376.0,True
group_64_mse,text_encoder.bert.encoder.layer.6.attention.self,attention_qk,36,14,14,64,12,1,21504,43008,1344,9408,18816,2352,2352,0,21504,129024,150528,98.0,98.0,False
group_64_mse,text_encoder.bert.encoder.layer.6.attention.self,attention_av,36,14,64,14,12,1,13104,26208,3744,43008,86016,10752,10752,0,13104,78624,150528,98.0,448.0,False
group_64_mse,text_encoder.bert.encoder.layer.6.attention.output.dense,linear,36,14,768,768,1,12,600576,611328,37536,516096,1032192,129024,129024,118272,10752,64512,8257536,5376.0,5376.0,True
group_64_mse,text_encoder.bert.encoder.layer.6.intermediate.dense,linear,36,14,3072,768,1,12,2370048,2380800,148128,2064384,4128768,516096,516096,473088,10752,64512,33030144,21504.0,21504.0,True
group_64_mse,text_encoder.bert.encoder.layer.6.output.dense,linear,36,14,768,3072,1,48,2402304,2445312,150144,2064384,4128768,516096,516096,505344,43008,258048,33030144,21504.0,21504.0,True
group_64_mse,text_encoder.bert.encoder.layer.7.attention.self.query,linear,36,14,768,768,1,12,600576,611328,37536,516096,1032192,129024,129024,118272,10752,64512,8257536,5376.0,5376.0,True
group_64_mse,text_encoder.bert.encoder.layer.7.attention.self.key,linear,36,14,768,768,1,12,600576,611328,37536,516096,1032192,129024,129024,118272,10752,64512,8257536,5376.0,5376.0,True
group_64_mse,text_encoder.bert.encoder.layer.7.attention.self.value,linear,36,14,768,768,1,12,600576,611328,37536,516096,1032192,129024,129024,118272,10752,64512,8257536,5376.0,5376.0,True
group_64_mse,text_encoder.bert.encoder.layer.7.attention.self,attention_qk,36,14,14,64,12,1,21504,43008,1344,9408,18816,2352,2352,0,21504,129024,150528,98.0,98.0,False
group_64_mse,text_encoder.bert.encoder.layer.7.attention.self,attention_av,36,14,64,14,12,1,13104,26208,3744,43008,86016,10752,10752,0,13104,78624,150528,98.0,448.0,False
group_64_mse,text_encoder.bert.encoder.layer.7.attention.output.dense,linear,36,14,768,768,1,12,600576,611328,37536,516096,1032192,129024,129024,118272,10752,64512,8257536,5376.0,5376.0,True
group_64_mse,text_encoder.bert.encoder.layer.7.intermediate.dense,linear,36,14,3072,768,1,12,2370048,2380800,148128,2064384,4128768,516096,516096,473088,10752,64512,33030144,21504.0,21504.0,True
group_64_mse,text_encoder.bert.encoder.layer.7.output.dense,linear,36,14,768,3072,1,48,2402304,2445312,150144,2064384,4128768,516096,516096,505344,43008,258048,33030144,21504.0,21504.0,True
group_64_mse,text_encoder.bert.encoder.layer.8.attention.self.query,linear,36,14,768,768,1,12,600576,611328,37536,516096,1032192,129024,129024,118272,10752,64512,8257536,5376.0,5376.0,True
group_64_mse,text_encoder.bert.encoder.layer.8.attention.self.key,linear,36,14,768,768,1,12,600576,611328,37536,516096,1032192,129024,129024,118272,10752,64512,8257536,5376.0,5376.0,True
group_64_mse,text_encoder.bert.encoder.layer.8.attention.self.value,linear,36,14,768,768,1,12,600576,611328,37536,516096,1032192,129024,129024,118272,10752,64512,8257536,5376.0,5376.0,True
group_64_mse,text_encoder.bert.encoder.layer.8.attention.self,attention_qk,36,14,14,64,12,1,21504,43008,1344,9408,18816,2352,2352,0,21504,129024,150528,98.0,98.0,False
group_64_mse,text_encoder.bert.encoder.layer.8.attention.self,attention_av,36,14,64,14,12,1,13104,26208,3744,43008,86016,10752,10752,0,13104,78624,150528,98.0,448.0,False
group_64_mse,text_encoder.bert.encoder.layer.8.attention.output.dense,linear,36,14,768,768,1,12,600576,611328,37536,516096,1032192,129024,129024,118272,10752,64512,8257536,5376.0,5376.0,True
group_64_mse,text_encoder.bert.encoder.layer.8.intermediate.dense,linear,36,14,3072,768,1,12,2370048,2380800,148128,2064384,4128768,516096,516096,473088,10752,64512,33030144,21504.0,21504.0,True
group_64_mse,text_encoder.bert.encoder.layer.8.output.dense,linear,36,14,768,3072,1,48,2402304,2445312,150144,2064384,4128768,516096,516096,505344,43008,258048,33030144,21504.0,21504.0,True
group_64_mse,text_encoder.bert.encoder.layer.9.attention.self.query,linear,36,14,768,768,1,12,600576,611328,37536,516096,1032192,129024,129024,118272,10752,64512,8257536,5376.0,5376.0,True
group_64_mse,text_encoder.bert.encoder.layer.9.attention.self.key,linear,36,14,768,768,1,12,600576,611328,37536,516096,1032192,129024,129024,118272,10752,64512,8257536,5376.0,5376.0,True
group_64_mse,text_encoder.bert.encoder.layer.9.attention.self.value,linear,36,14,768,768,1,12,600576,611328,37536,516096,1032192,129024,129024,118272,10752,64512,8257536,5376.0,5376.0,True
group_64_mse,text_encoder.bert.encoder.layer.9.attention.self,attention_qk,36,14,14,64,12,1,21504,43008,1344,9408,18816,2352,2352,0,21504,129024,150528,98.0,98.0,False
group_64_mse,text_encoder.bert.encoder.layer.9.attention.self,attention_av,36,14,64,14,12,1,13104,26208,3744,43008,86016,10752,10752,0,13104,78624,150528,98.0,448.0,False
group_64_mse,text_encoder.bert.encoder.layer.9.attention.output.dense,linear,36,14,768,768,1,12,600576,611328,37536,516096,1032192,129024,129024,118272,10752,64512,8257536,5376.0,5376.0,True
group_64_mse,text_encoder.bert.encoder.layer.9.intermediate.dense,linear,36,14,3072,768,1,12,2370048,2380800,148128,2064384,4128768,516096,516096,473088,10752,64512,33030144,21504.0,21504.0,True
group_64_mse,text_encoder.bert.encoder.layer.9.output.dense,linear,36,14,768,3072,1,48,2402304,2445312,150144,2064384,4128768,516096,516096,505344,43008,258048,33030144,21504.0,21504.0,True
group_64_mse,text_encoder.bert.encoder.layer.10.attention.self.query,linear,36,14,768,768,1,12,600576,611328,37536,516096,1032192,129024,129024,118272,10752,64512,8257536,5376.0,5376.0,True
group_64_mse,text_encoder.bert.encoder.layer.10.attention.self.key,linear,36,14,768,768,1,12,600576,611328,37536,516096,1032192,129024,129024,118272,10752,64512,8257536,5376.0,5376.0,True
group_64_mse,text_encoder.bert.encoder.layer.10.attention.self.value,linear,36,14,768,768,1,12,600576,611328,37536,516096,1032192,129024,129024,118272,10752,64512,8257536,5376.0,5376.0,True
group_64_mse,text_encoder.bert.encoder.layer.10.attention.self,attention_qk,36,14,14,64,12,1,21504,43008,1344,9408,18816,2352,2352,0,21504,129024,150528,98.0,98.0,False
group_64_mse,text_encoder.bert.encoder.layer.10.attention.self,attention_av,36,14,64,14,12,1,13104,26208,3744,43008,86016,10752,10752,0,13104,78624,150528,98.0,448.0,False
group_64_mse,text_encoder.bert.encoder.layer.10.attention.output.dense,linear,36,14,768,768,1,12,600576,611328,37536,516096,1032192,129024,129024,118272,10752,64512,8257536,5376.0,5376.0,True
group_64_mse,text_encoder.bert.encoder.layer.10.intermediate.dense,linear,36,14,3072,768,1,12,2370048,2380800,148128,2064384,4128768,516096,516096,473088,10752,64512,33030144,21504.0,21504.0,True
group_64_mse,text_encoder.bert.encoder.layer.10.output.dense,linear,36,14,768,3072,1,48,2402304,2445312,150144,2064384,4128768,516096,516096,505344,43008,258048,33030144,21504.0,21504.0,True
group_64_mse,text_encoder.bert.encoder.layer.11.attention.self.query,linear,36,14,768,768,1,12,600576,611328,37536,516096,1032192,129024,129024,118272,10752,64512,8257536,5376.0,5376.0,True
group_64_mse,text_encoder.bert.encoder.layer.11.attention.self.key,linear,36,14,768,768,1,12,600576,611328,37536,516096,1032192,129024,129024,118272,10752,64512,8257536,5376.0,5376.0,True
group_64_mse,text_encoder.bert.encoder.layer.11.attention.self.value,linear,36,14,768,768,1,12,600576,611328,37536,516096,1032192,129024,129024,118272,10752,64512,8257536,5376.0,5376.0,True
group_64_mse,text_encoder.bert.encoder.layer.11.attention.self,attention_qk,36,14,14,64,12,1,21504,43008,1344,9408,18816,2352,2352,0,21504,129024,150528,98.0,98.0,False
group_64_mse,text_encoder.bert.encoder.layer.11.attention.self,attention_av,36,14,64,14,12,1,13104,26208,3744,43008,86016,10752,10752,0,13104,78624,150528,98.0,448.0,False
group_64_mse,text_encoder.bert.encoder.layer.11.attention.output.dense,linear,36,14,768,768,1,12,600576,611328,37536,516096,1032192,129024,129024,118272,10752,64512,8257536,5376.0,5376.0,True
group_64_mse,text_encoder.bert.encoder.layer.11.intermediate.dense,linear,36,14,3072,768,1,12,2370048,2380800,148128,2064384,4128768,516096,516096,473088,10752,64512,33030144,21504.0,21504.0,True
group_64_mse,text_encoder.bert.encoder.layer.11.output.dense,linear,36,14,768,3072,1,48,2402304,2445312,150144,2064384,4128768,516096,516096,505344,43008,258048,33030144,21504.0,21504.0,True
smooth_0.25,text_encoder.bert.encoder.layer.0.attention.self.query,linear,72,21,768,768,1,1,605952,622080,3156,64512,129024,16128,16128,0,16128,0,12386304,8064.0,672.0,True
smooth_0.25,text_encoder.bert.encoder.layer.0.attention.self.key,linear,72,21,768,768,1,1,605952,622080,3156,64512,129024,16128,16128,0,16128,0,12386304,8064.0,672.0,True
smooth_0.25,text_encoder.bert.encoder.layer.0.attention.self.value,linear,72,21,768,768,1,1,605952,622080,3156,64512,129024,16128,16128,0,16128,0,12386304,8064.0,672.0,True
smooth_0.25,text_encoder.bert.encoder.layer.0.attention.self,attention_qk,72,21,21,64,12,1,32256,64512,2016,21168,42336,5292,5292,0,32256,0,338688,220.5,220.5,False
smooth_0.25,text_encoder.bert.encoder.layer.0.attention.self,attention_av,72,21,64,21,12,1,21420,42840,4080,64512,129024,16128,16128,0,21420,0,338688,220.5,672.0,False
smooth_0.25,text_encoder.bert.encoder.layer.0.attention.output.dense,linear,72,21,768,768,1,1,605952,622080,3156,64512,129024,16128,16128,0,16128,0,12386304,8064.0,672.0,True
smooth_0.25,text_encoder.bert.encoder.layer.0.intermediate.dense,linear,72,21,3072,768,1,1,2375424,2391552,12372,258048,516096,64512,64512,0,16128,0,49545216,32256.0,2688.0,True
smooth_0.25,text_encoder.bert.encoder.layer.0.output.dense,linear,72,21,768,3072,1,1,2423808,2488320,3156,64512,129024,16128,16128,0,64512,0,49545216,32256.0,672.0,True
smooth_0.25,text_encoder.bert.encoder.layer.1.attention.self.query,linear,72,21,768,768,1,1,605952,622080,3156,64512,129024,16128,16128,0,16128,0,12386304,8064.0,672.0,True
smooth_0.25,text_encoder.bert.encoder.layer.1.attention.self.key,linear,72,21,768,768,1,1,605952,622080,3156,64512,129024,16128,16128,0,16128,0,12386304,8064.0,672.0,True
smooth_0.25,text_encoder.bert.encoder.layer.1.attention.self.value,linear,72,21,768,768,1,1,605952,622080,3156,64512,129024,16128,16128,0,16128,0,12386304,8064.0,672.0,True
smooth_0.25,text_encoder.bert.encoder.layer.1.attention.self,attention_qk,72,21,21,64,12,1,32256,64512,2016,21168,42336,5292,5292,0,32256,0,338688,220.5,220.5,False
smooth_0.25,text_encoder.bert.encoder.layer.1.attention.self,attention_av,72,21,64,21,12,1,21420,42840,4080,64512,129024,16128,16128,0,21420,0,338688,220.5,672.0,False
smooth_0.25,text_encoder.bert.encoder.layer.1.attention.output.dense,linear,72,21,768,768,1,1,605952,622080,3156,64512,129024,16128,16128,0,16128,0,12386304,8064.0,672.0,True
smooth_0.25,text_encoder.bert.encoder.layer.1.intermediate.dense,linear,72,21,3072,768,1,1,2375424,2391552,12372,258048,516096,64512,64512,0,16128,0,49545216,32256.0,2688.0,True
smooth_0.25,text_encoder.bert.encoder.layer.1.output.dense,linear,72,21,768,3072,1,1,2423808,2488320,3156,64512,129024,16128,16128,0,64512,0,49545216,32256.0,672.0,True
smooth_0.25,text_encoder.bert.encoder.layer.2.attention.self.query,linear,72,21,768,768,1,1,605952,622080,3156,64512,129024,16128,16128,0,16128,0,12386304,8064.0,672.0,True
smooth_0.25,text_encoder.bert.encoder.layer.2.attention.self.key,linear,72,21,768,768,1,1,605952,622080,3156,64512,129024,16128,16128,0,16128,0,12386304,8064.0,672.0,True
smooth_0.25,text_encoder.bert.encoder.layer.2.attention.self.value,linear,72,21,768,768,1,1,605952,622080,3156,64512,129024,16128,16128,0,16128,0,12386304,8064.0,672.0,True
smooth_0.25,text_encoder.bert.encoder.layer.2.attention.self,attention_qk,72,21,21,64,12,1,32256,64512,2016,21168,42336,5292,5292,0,32256,0,338688,220.5,220.5,False
smooth_0.25,text_encoder.bert.encoder.layer.2.attention.self,attention_av,72,21,64,21,12,1,21420,42840,4080,64512,129024,16128,16128,0,21420,0,338688,220.5,672.0,False
smooth_0.25,text_encoder.bert.encoder.layer.2.attention.output.dense,linear,72,21,768,768,1,1,605952,622080,3156,64512,129024,16128,16128,0,16128,0,12386304,8064.0,672.0,True
smooth_0.25,text_encoder.bert.encoder.layer.2.intermediate.dense,linear,72,21,3072,768,1,1,2375424,2391552,12372,258048,516096,64512,64512,0,16128,0,49545216,32256.0,2688.0,True
smooth_0.25,text_encoder.bert.encoder.layer.2.output.dense,linear,72,21,768,3072,1,1,2423808,2488320,3156,64512,129024,16128,16128,0,64512,0,49545216,32256.0,672.0,True
smooth_0.25,text_encoder.bert.encoder.layer.3.attention.self.query,linear,72,21,768,768,1,1,605952,622080,3156,64512,129024,16128,16128,0,16128,0,12386304,8064.0,672.0,True
smooth_0.25,text_encoder.bert.encoder.layer.3.attention.self.key,linear,72,21,768,768,1,1,605952,622080,3156,64512,129024,16128,16128,0,16128,0,12386304,8064.0,672.0,True
smooth_0.25,text_encoder.bert.encoder.layer.3.attention.self.value,linear,72,21,768,768,1,1,605952,622080,3156,64512,129024,16128,16128,0,16128,0,12386304,8064.0,672.0,True
smooth_0.25,text_encoder.bert.encoder.layer.3.attention.self,attention_qk,72,21,21,64,12,1,32256,64512,2016,21168,42336,5292,5292,0,32256,0,338688,220.5,220.5,False
smooth_0.25,text_encoder.bert.encoder.layer.3.attention.self,attention_av,72,21,64,21,12,1,21420,42840,4080,64512,129024,16128,16128,0,21420,0,338688,220.5,672.0,False
smooth_0.25,text_encoder.bert.encoder.layer.3.attention.output.dense,linear,72,21,768,768,1,1,605952,622080,3156,64512,129024,16128,16128,0,16128,0,12386304,8064.0,672.0,True
smooth_0.25,text_encoder.bert.encoder.layer.3.intermediate.dense,linear,72,21,3072,768,1,1,2375424,2391552,12372,258048,516096,64512,64512,0,16128,0,49545216,32256.0,2688.0,True
smooth_0.25,text_encoder.bert.encoder.layer.3.output.dense,linear,72,21,768,3072,1,1,2423808,2488320,3156,64512,129024,16128,16128,0,64512,0,49545216,32256.0,672.0,True
smooth_0.25,text_encoder.bert.encoder.layer.4.attention.self.query,linear,72,21,768,768,1,1,605952,622080,3156,64512,129024,16128,16128,0,16128,0,12386304,8064.0,672.0,True
smooth_0.25,text_encoder.bert.encoder.layer.4.attention.self.key,linear,72,21,768,768,1,1,605952,622080,3156,64512,129024,16128,16128,0,16128,0,12386304,8064.0,672.0,True
smooth_0.25,text_encoder.bert.encoder.layer.4.attention.self.value,linear,72,21,768,768,1,1,605952,622080,3156,64512,129024,16128,16128,0,16128,0,12386304,8064.0,672.0,True
smooth_0.25,text_encoder.bert.encoder.layer.4.attention.self,attention_qk,72,21,21,64,12,1,32256,64512,2016,21168,42336,5292,5292,0,32256,0,338688,220.5,220.5,False
smooth_0.25,text_encoder.bert.encoder.layer.4.attention.self,attention_av,72,21,64,21,12,1,21420,42840,4080,64512,129024,16128,16128,0,21420,0,338688,220.5,672.0,False
smooth_0.25,text_encoder.bert.encoder.layer.4.attention.output.dense,linear,72,21,768,768,1,1,605952,622080,3156,64512,129024,16128,16128,0,16128,0,12386304,8064.0,672.0,True
smooth_0.25,text_encoder.bert.encoder.layer.4.intermediate.dense,linear,72,21,3072,768,1,1,2375424,2391552,12372,258048,516096,64512,64512,0,16128,0,49545216,32256.0,2688.0,True
smooth_0.25,text_encoder.bert.encoder.layer.4.output.dense,linear,72,21,768,3072,1,1,2423808,2488320,3156,64512,129024,16128,16128,0,64512,0,49545216,32256.0,672.0,True
smooth_0.25,text_encoder.bert.encoder.layer.5.attention.self.query,linear,72,21,768,768,1,1,605952,622080,3156,64512,129024,16128,16128,0,16128,0,12386304,8064.0,672.0,True
smooth_0.25,text_encoder.bert.encoder.layer.5.attention.self.key,linear,72,21,768,768,1,1,605952,622080,3156,64512,129024,16128,16128,0,16128,0,12386304,8064.0,672.0,True
smooth_0.25,text_encoder.bert.encoder.layer.5.attention.self.value,linear,72,21,768,768,1,1,605952,622080,3156,64512,129024,16128,16128,0,16128,0,12386304,8064.0,672.0,True
smooth_0.25,text_encoder.bert.encoder.layer.5.attention.self,attention_qk,72,21,21,64,12,1,32256,64512,2016,21168,42336,5292,5292,0,32256,0,338688,220.5,220.5,False
smooth_0.25,text_encoder.bert.encoder.layer.5.attention.self,attention_av,72,21,64,21,12,1,21420,42840,4080,64512,129024,16128,16128,0,21420,0,338688,220.5,672.0,False
smooth_0.25,text_encoder.bert.encoder.layer.5.attention.output.dense,linear,72,21,768,768,1,1,605952,622080,3156,64512,129024,16128,16128,0,16128,0,12386304,8064.0,672.0,True
smooth_0.25,text_encoder.bert.encoder.layer.5.intermediate.dense,linear,72,21,3072,768,1,1,2375424,2391552,12372,258048,516096,64512,64512,0,16128,0,49545216,32256.0,2688.0,True
smooth_0.25,text_encoder.bert.encoder.layer.5.output.dense,linear,72,21,768,3072,1,1,2423808,2488320,3156,64512,129024,16128,16128,0,64512,0,49545216,32256.0,672.0,True
smooth_0.25,text_encoder.bert.encoder.layer.6.attention.self.query,linear,72,21,768,768,1,1,605952,622080,3156,64512,129024,16128,16128,0,16128,0,12386304,8064.0,672.0,True
smooth_0.25,text_encoder.bert.encoder.layer.6.attention.self.key,linear,72,21,768,768,1,1,605952,622080,3156,64512,129024,16128,16128,0,16128,0,12386304,8064.0,672.0,True
smooth_0.25,text_encoder.bert.encoder.layer.6.attention.self.value,linear,72,21,768,768,1,1,605952,622080,3156,64512,129024,16128,16128,0,16128,0,12386304,8064.0,672.0,True
smooth_0.25,text_encoder.bert.encoder.layer.6.attention.self,attention_qk,72,21,21,64,12,1,32256,64512,2016,21168,42336,5292,5292,0,32256,0,338688,220.5,220.5,False
smooth_0.25,text_encoder.bert.encoder.layer.6.attention.self,attention_av,72,21,64,21,12,1,21420,42840,4080,64512,129024,16128,16128,0,21420,0,338688,220.5,672.0,False
smooth_0.25,text_encoder.bert.encoder.layer.6.attention.output.dense,linear,72,21,768,768,1,1,605952,622080,3156,64512,129024,16128,16128,0,16128,0,12386304,8064.0,672.0,True
smooth_0.25,text_encoder.bert.encoder.layer.6.intermediate.dense,linear,72,21,3072,768,1,1,2375424,2391552,12372,258048,516096,64512,64512,0,16128,0,49545216,32256.0,2688.0,True
smooth_0.25,text_encoder.bert.encoder.layer.6.output.dense,linear,72,21,768,3072,1,1,2423808,2488320,3156,64512,129024,16128,16128,0,64512,0,49545216,32256.0,672.0,True
smooth_0.25,text_encoder.bert.encoder.layer.7.attention.self.query,linear,72,21,768,768,1,1,605952,622080,3156,64512,129024,16128,16128,0,16128,0,12386304,8064.0,672.0,True
smooth_0.25,text_encoder.bert.encoder.layer.7.attention.self.key,linear,72,21,768,768,1,1,605952,622080,3156,64512,129024,16128,16128,0,16128,0,12386304,8064.0,672.0,True
smooth_0.25,text_encoder.bert.encoder.layer.7.attention.self.value,linear,72,21,768,768,1,1,605952,622080,3156,64512,129024,16128,16128,0,16128,0,12386304,8064.0,672.0,True
smooth_0.25,text_encoder.bert.encoder.layer.7.attention.self,attention_qk,72,21,21,64,12,1,32256,64512,2016,21168,42336,5292,5292,0,32256,0,338688,220.5,220.5,False
smooth_0.25,text_encoder.bert.encoder.layer.7.attention.self,attention_av,72,21,64,21,12,1,21420,42840,4080,64512,129024,16128,16128,0,21420,0,338688,220.5,672.0,False
smooth_0.25,text_encoder.bert.encoder.layer.7.attention.output.dense,linear,72,21,768,768,1,1,605952,622080,3156,64512,129024,16128,16128,0,16128,0,12386304,8064.0,672.0,True
smooth_0.25,text_encoder.bert.encoder.layer.7.intermediate.dense,linear,72,21,3072,768,1,1,2375424,2391552,12372,258048,516096,64512,64512,0,16128,0,49545216,32256.0,2688.0,True
smooth_0.25,text_encoder.bert.encoder.layer.7.output.dense,linear,72,21,768,3072,1,1,2423808,2488320,3156,64512,129024,16128,16128,0,64512,0,49545216,32256.0,672.0,True
smooth_0.25,text_encoder.bert.encoder.layer.8.attention.self.query,linear,72,21,768,768,1,1,605952,622080,3156,64512,129024,16128,16128,0,16128,0,12386304,8064.0,672.0,True
smooth_0.25,text_encoder.bert.encoder.layer.8.attention.self.key,linear,72,21,768,768,1,1,605952,622080,3156,64512,129024,16128,16128,0,16128,0,12386304,8064.0,672.0,True
smooth_0.25,text_encoder.bert.encoder.layer.8.attention.self.value,linear,72,21,768,768,1,1,605952,622080,3156,64512,129024,16128,16128,0,16128,0,12386304,8064.0,672.0,True
smooth_0.25,text_encoder.bert.encoder.layer.8.attention.self,attention_qk,72,21,21,64,12,1,32256,64512,2016,21168,42336,5292,5292,0,32256,0,338688,220.5,220.5,False
smooth_0.25,text_encoder.bert.encoder.layer.8.attention.self,attention_av,72,21,64,21,12,1,21420,42840,4080,64512,129024,16128,16128,0,21420,0,338688,220.5,672.0,False
smooth_0.25,text_encoder.bert.encoder.layer.8.attention.output.dense,linear,72,21,768,768,1,1,605952,622080,3156,64512,129024,16128,16128,0,16128,0,12386304,8064.0,672.0,True
smooth_0.25,text_encoder.bert.encoder.layer.8.intermediate.dense,linear,72,21,3072,768,1,1,2375424,2391552,12372,258048,516096,64512,64512,0,16128,0,49545216,32256.0,2688.0,True
smooth_0.25,text_encoder.bert.encoder.layer.8.output.dense,linear,72,21,768,3072,1,1,2423808,2488320,3156,64512,129024,16128,16128,0,64512,0,49545216,32256.0,672.0,True
smooth_0.25,text_encoder.bert.encoder.layer.9.attention.self.query,linear,72,21,768,768,1,1,605952,622080,3156,64512,129024,16128,16128,0,16128,0,12386304,8064.0,672.0,True
smooth_0.25,text_encoder.bert.encoder.layer.9.attention.self.key,linear,72,21,768,768,1,1,605952,622080,3156,64512,129024,16128,16128,0,16128,0,12386304,8064.0,672.0,True
smooth_0.25,text_encoder.bert.encoder.layer.9.attention.self.value,linear,72,21,768,768,1,1,605952,622080,3156,64512,129024,16128,16128,0,16128,0,12386304,8064.0,672.0,True
smooth_0.25,text_encoder.bert.encoder.layer.9.attention.self,attention_qk,72,21,21,64,12,1,32256,64512,2016,21168,42336,5292,5292,0,32256,0,338688,220.5,220.5,False
smooth_0.25,text_encoder.bert.encoder.layer.9.attention.self,attention_av,72,21,64,21,12,1,21420,42840,4080,64512,129024,16128,16128,0,21420,0,338688,220.5,672.0,False
smooth_0.25,text_encoder.bert.encoder.layer.9.attention.output.dense,linear,72,21,768,768,1,1,605952,622080,3156,64512,129024,16128,16128,0,16128,0,12386304,8064.0,672.0,True
smooth_0.25,text_encoder.bert.encoder.layer.9.intermediate.dense,linear,72,21,3072,768,1,1,2375424,2391552,12372,258048,516096,64512,64512,0,16128,0,49545216,32256.0,2688.0,True
smooth_0.25,text_encoder.bert.encoder.layer.9.output.dense,linear,72,21,768,3072,1,1,2423808,2488320,3156,64512,129024,16128,16128,0,64512,0,49545216,32256.0,672.0,True
smooth_0.25,text_encoder.bert.encoder.layer.10.attention.self.query,linear,72,21,768,768,1,1,605952,622080,3156,64512,129024,16128,16128,0,16128,0,12386304,8064.0,672.0,True
smooth_0.25,text_encoder.bert.encoder.layer.10.attention.self.key,linear,72,21,768,768,1,1,605952,622080,3156,64512,129024,16128,16128,0,16128,0,12386304,8064.0,672.0,True
smooth_0.25,text_encoder.bert.encoder.layer.10.attention.self.value,linear,72,21,768,768,1,1,605952,622080,3156,64512,129024,16128,16128,0,16128,0,12386304,8064.0,672.0,True
smooth_0.25,text_encoder.bert.encoder.layer.10.attention.self,attention_qk,72,21,21,64,12,1,32256,64512,2016,21168,42336,5292,5292,0,32256,0,338688,220.5,220.5,False
smooth_0.25,text_encoder.bert.encoder.layer.10.attention.self,attention_av,72,21,64,21,12,1,21420,42840,4080,64512,129024,16128,16128,0,21420,0,338688,220.5,672.0,False
smooth_0.25,text_encoder.bert.encoder.layer.10.attention.output.dense,linear,72,21,768,768,1,1,605952,622080,3156,64512,129024,16128,16128,0,16128,0,12386304,8064.0,672.0,True
smooth_0.25,text_encoder.bert.encoder.layer.10.intermediate.dense,linear,72,21,3072,768,1,1,2375424,2391552,12372,258048,516096,64512,64512,0,16128,0,49545216,32256.0,2688.0,True
smooth_0.25,text_encoder.bert.encoder.layer.10.output.dense,linear,72,21,768,3072,1,1,2423808,2488320,3156,64512,129024,16128,16128,0,64512,0,49545216,32256.0,672.0,True
smooth_0.25,text_encoder.bert.encoder.layer.11.attention.self.query,linear,72,21,768,768,1,1,605952,622080,3156,64512,129024,16128,16128,0,16128,0,12386304,8064.0,672.0,True
smooth_0.25,text_encoder.bert.encoder.layer.11.attention.self.key,linear,72,21,768,768,1,1,605952,622080,3156,64512,129024,16128,16128,0,16128,0,12386304,8064.0,672.0,True
smooth_0.25,text_encoder.bert.encoder.layer.11.attention.self.value,linear,72,21,768,768,1,1,605952,622080,3156,64512,129024,16128,16128,0,16128,0,12386304,8064.0,672.0,True
smooth_0.25,text_encoder.bert.encoder.layer.11.attention.self,attention_qk,72,21,21,64,12,1,32256,64512,2016,21168,42336,5292,5292,0,32256,0,338688,220.5,220.5,False
smooth_0.25,text_encoder.bert.encoder.layer.11.attention.self,attention_av,72,21,64,21,12,1,21420,42840,4080,64512,129024,16128,16128,0,21420,0,338688,220.5,672.0,False
smooth_0.25,text_encoder.bert.encoder.layer.11.attention.output.dense,linear,72,21,768,768,1,1,605952,622080,3156,64512,129024,16128,16128,0,16128,0,12386304,8064.0,672.0,True
smooth_0.25,text_encoder.bert.encoder.layer.11.intermediate.dense,linear,72,21,3072,768,1,1,2375424,2391552,12372,258048,516096,64512,64512,0,16128,0,49545216,32256.0,2688.0,True
smooth_0.25,text_encoder.bert.encoder.layer.11.output.dense,linear,72,21,768,3072,1,1,2423808,2488320,3156,64512,129024,16128,16128,0,64512,0,49545216,32256.0,672.0,True
smooth_0.25,text_encoder.bert.pooler.dense,linear,144,1,768,768,1,1,590592,591360,3076,3072,6144,768,768,0,768,0,589824,384.0,32.0,True
smooth_0.25,text_encoder.text_projection,linear,144,21,256,768,1,1,212736,228864,1108,21504,43008,5376,5376,0,16128,0,4128768,2688.0,224.0,True
smooth_0.25,vision_encoder.backbone.embeddings.patch_embeddings,conv2d,288,256,768,768,1,1,786432,983040,4096,786432,1572864,196608,196608,0,196608,0,150994944,98304.0,8192.0,True
smooth_0.25,vision_encoder.backbone.layer.0.attention.q_proj,linear,288,261,768,768,1,1,790272,990720,4116,801792,1603584,200448,200448,0,200448,0,153944064,100224.0,8352.0,True
smooth_0.25,vision_encoder.backbone.layer.0.attention.k_proj,linear,288,261,768,768,1,1,790272,990720,4116,801792,1603584,200448,200448,0,200448,0,153944064,100224.0,8352.0,True
smooth_0.25,vision_encoder.backbone.layer.0.attention.v_proj,linear,288,261,768,768,1,1,790272,990720,4116,801792,1603584,200448,200448,0,200448,0,153944064,100224.0,8352.0,True
smooth_0.25,vision_encoder.backbone.layer.0.attention,attention_qk,288,261,261,64,12,1,400896,801792,25056,3269808,6539616,817452,817452,0,400896,0,52316928,34060.5,34060.5,False
smooth_0.25,vision_encoder.backbone.layer.0.attention,attention_av,288,261,64,261,12,1,1017900,2035800,15600,801792,1603584,200448,200448,0,1017900,0,52316928,34060.5,8352.0,False
smooth_0.25,vision_encoder.backbone.layer.0.attention.o_proj,linear,288,261,768,768,1,1,790272,990720,4116,801792,1603584,200448,200448,0,200448,0,153944064,100224.0,8352.0,True
smooth_0.25,vision_encoder.backbone.layer.0.mlp.up_proj,linear,288,261,3072,768,1,1,2559744,2760192,13332,3207168,6414336,801792,801792,0,200448,0,615776256,400896.0,33408.0,True
smooth_0.25,vision_encoder.backbone.layer.0.mlp.down_proj,linear,288,261,768,3072,1,1,3161088,3962880,4116,801792,1603584,200448,200448,0,801792,0,615776256,400896.0,8352.0,True
smooth_0.25,vision_encoder.backbone.layer.1.attention.q_proj,linear,288,261,768,768,1,1,790272,990720,4116,801792,1603584,200448,200448,0,200448,0,153944064,100224.0,8352.0,True
smooth_0.25,vision_encoder.backbone.layer.1.attention.k_proj,linear,288,261,768,768,1,1,790272,990720,4116,801792,1603584,200448,200448,0,200448,0,153944064,100224.0,8352.0,True
smooth_0.25,vision_encoder.backbone.layer.1.attention.v_proj,linear,288,261,768,768,1,1,790272,990720,4116,801792,1603584,200448,200448,0,200448,0,153944064,100224.0,8352.0,True
smooth_0.25,vision_encoder.backbone.layer.1.attention,attention_qk,288,261,261,64,12,1,400896,801792,25056,3269808,6539616,817452,817452,0,400896,0,52316928,34060.5,34060.5,False
smooth_0.25,vision_encoder.backbone.layer.1.attention,attention_av,288,261,64,261,12,1,1017900,2035800,15600,801792,1603584,200448,200448,0,1017900,0,52316928,34060.5,8352.0,False
smooth_0.25,vision_encoder.backbone.layer.1.attention.o_proj,linear,288,261,768,768,1,1,790272,990720,4116,801792,1603584,200448,200448,0,200448,0,153944064,100224.0,8352.0,True
smooth_0.25,vision_encoder.backbone.layer.1.mlp.up_proj,linear,288,261,3072,768,1,1,2559744,2760192,13332,3207168,6414336,801792,801792,0,200448,0,615776256,400896.0,33408.0,True
smooth_0.25,vision_encoder.backbone.layer.1.mlp.down_proj,linear,288,261,768,3072,1,1,3161088,3962880,4116,801792,1603584,200448,200448,0,801792,0,615776256,400896.0,8352.0,True
smooth_0.25,vision_encoder.backbone.layer.2.attention.q_proj,linear,288,261,768,768,1,1,790272,990720,4116,801792,1603584,200448,200448,0,200448,0,153944064,100224.0,8352.0,True
smooth_0.25,vision_encoder.backbone.layer.2.attention.k_proj,linear,288,261,768,768,1,1,790272,990720,4116,801792,1603584,200448,200448,0,200448,0,153944064,100224.0,8352.0,True
smooth_0.25,vision_encoder.backbone.layer.2.attention.v_proj,linear,288,261,768,768,1,1,790272,990720,4116,801792,1603584,200448,200448,0,200448,0,153944064,100224.0,8352.0,True
smooth_0.25,vision_encoder.backbone.layer.2.attention,attention_qk,288,261,261,64,12,1,400896,801792,25056,3269808,6539616,817452,817452,0,400896,0,52316928,34060.5,34060.5,False
smooth_0.25,vision_encoder.backbone.layer.2.attention,attention_av,288,261,64,261,12,1,1017900,2035800,15600,801792,1603584,200448,200448,0,1017900,0,52316928,34060.5,8352.0,False
smooth_0.25,vision_encoder.backbone.layer.2.attention.o_proj,linear,288,261,768,768,1,1,790272,990720,4116,801792,1603584,200448,200448,0,200448,0,153944064,100224.0,8352.0,True
smooth_0.25,vision_encoder.backbone.layer.2.mlp.up_proj,linear,288,261,3072,768,1,1,2559744,2760192,13332,3207168,6414336,801792,801792,0,200448,0,615776256,400896.0,33408.0,True
smooth_0.25,vision_encoder.backbone.layer.2.mlp.down_proj,linear,288,261,768,3072,1,1,3161088,3962880,4116,801792,1603584,200448,200448,0,801792,0,615776256,400896.0,8352.0,True
smooth_0.25,vision_encoder.backbone.layer.3.attention.q_proj,linear,288,261,768,768,1,1,790272,990720,4116,801792,1603584,200448,200448,0,200448,0,153944064,100224.0,8352.0,True
smooth_0.25,vision_encoder.backbone.layer.3.attention.k_proj,linear,288,261,768,768,1,1,790272,990720,4116,801792,1603584,200448,200448,0,200448,0,153944064,100224.0,8352.0,True
smooth_0.25,vision_encoder.backbone.layer.3.attention.v_proj,linear,288,261,768,768,1,1,790272,990720,4116,801792,1603584,200448,200448,0,200448,0,153944064,100224.0,8352.0,True
smooth_0.25,vision_encoder.backbone.layer.3.attention,attention_qk,288,261,261,64,12,1,400896,801792,25056,3269808,6539616,817452,817452,0,400896,0,52316928,34060.5,34060.5,False
smooth_0.25,vision_encoder.backbone.layer.3.attention,attention_av,288,261,64,261,12,1,1017900,2035800,15600,801792,1603584,200448,200448,0,1017900,0,52316928,34060.5,8352.0,False
smooth_0.25,vision_encoder.backbone.layer.3.attention.o_proj,linear,288,261,768,768,1,1,790272,990720,4116,801792,1603584,200448,200448,0,200448,0,153944064,100224.0,8352.0,True
smooth_0.25,vision_encoder.backbone.layer.3.mlp.up_proj,linear,288,261,3072,768,1,1,2559744,2760192,13332,3207168,6414336,801792,801792,0,200448,0,615776256,400896.0,33408.0,True
smooth_0.25,vision_encoder.backbone.layer.3.mlp.down_proj,linear,288,261,768,3072,1,1,3161088,3962880,4116,801792,1603584,200448,200448,0,801792,0,615776256,400896.0,8352.0,True
smooth_0.25,vision_encoder.backbone.layer.4.attention.q_proj,linear,288,261,768,768,1,1,790272,990720,4116,801792,1603584,200448,200448,0,200448,0,153944064,100224.0,8352.0,True
smooth_0.25,vision_encoder.backbone.layer.4.attention.k_proj,linear,288,261,768,768,1,1,790272,990720,4116,801792,1603584,200448,200448,0,200448,0,153944064,100224.0,8352.0,True
smooth_0.25,vision_encoder.backbone.layer.4.attention.v_proj,linear,288,261,768,768,1,1,790272,990720,4116,801792,1603584,200448,200448,0,200448,0,153944064,100224.0,8352.0,True
smooth_0.25,vision_encoder.backbone.layer.4.attention,attention_qk,288,261,261,64,12,1,400896,801792,25056,3269808,6539616,817452,817452,0,400896,0,52316928,34060.5,34060.5,False
smooth_0.25,vision_encoder.backbone.layer.4.attention,attention_av,288,261,64,261,12,1,1017900,2035800,15600,801792,1603584,200448,200448,0,1017900,0,52316928,34060.5,8352.0,False
smooth_0.25,vision_encoder.backbone.layer.4.attention.o_proj,linear,288,261,768,768,1,1,790272,990720,4116,801792,1603584,200448,200448,0,200448,0,153944064,100224.0,8352.0,True
smooth_0.25,vision_encoder.backbone.layer.4.mlp.up_proj,linear,288,261,3072,768,1,1,2559744,2760192,13332,3207168,6414336,801792,801792,0,200448,0,615776256,400896.0,33408.0,True
smooth_0.25,vision_encoder.backbone.layer.4.mlp.down_proj,linear,288,261,768,3072,1,1,3161088,3962880,4116,801792,1603584,200448,200448,0,801792,0,615776256,400896.0,8352.0,True
smooth_0.25,vision_encoder.backbone.layer.5.attention.q_proj,linear,288,261,768,768,1,1,790272,990720,4116,801792,1603584,200448,200448,0,200448,0,153944064,100224.0,8352.0,True
smooth_0.25,vision_encoder.backbone.layer.5.attention.k_proj,linear,288,261,768,768,1,1,790272,990720,4116,801792,1603584,200448,200448,0,200448,0,153944064,100224.0,8352.0,True
smooth_0.25,vision_encoder.backbone.layer.5.attention.v_proj,linear,288,261,768,768,1,1,790272,990720,4116,801792,1603584,200448,200448,0,200448,0,153944064,100224.0,8352.0,True
smooth_0.25,vision_encoder.backbone.layer.5.attention,attention_qk,288,261,261,64,12,1,400896,801792,25056,3269808,6539616,817452,817452,0,400896,0,52316928,34060.5,34060.5,False
smooth_0.25,vision_encoder.backbone.layer.5.attention,attention_av,288,261,64,261,12,1,1017900,2035800,15600,801792,1603584,200448,200448,0,1017900,0,52316928,34060.5,8352.0,False
smooth_0.25,vision_encoder.backbone.layer.5.attention.o_proj,linear,288,261,768,768,1,1,790272,990720,4116,801792,1603584,200448,200448,0,200448,0,153944064,100224.0,8352.0,True
smooth_0.25,vision_encoder.backbone.layer.5.mlp.up_proj,linear,288,261,3072,768,1,1,2559744,2760192,13332,3207168,6414336,801792,801792,0,200448,0,615776256,400896.0,33408.0,True
smooth_0.25,vision_encoder.backbone.layer.5.mlp.down_proj,linear,288,261,768,3072,1,1,3161088,3962880,4116,801792,1603584,200448,200448,0,801792,0,615776256,400896.0,8352.0,True
smooth_0.25,vision_encoder.backbone.layer.6.attention.q_proj,linear,288,261,768,768,1,1,790272,990720,4116,801792,1603584,200448,200448,0,200448,0,153944064,100224.0,8352.0,True
smooth_0.25,vision_encoder.backbone.layer.6.attention.k_proj,linear,288,261,768,768,1,1,790272,990720,4116,801792,1603584,200448,200448,0,200448,0,153944064,100224.0,8352.0,True
smooth_0.25,vision_encoder.backbone.layer.6.attention.v_proj,linear,288,261,768,768,1,1,790272,990720,4116,801792,1603584,200448,200448,0,200448,0,153944064,100224.0,8352.0,True
smooth_0.25,vision_encoder.backbone.layer.6.attention,attention_qk,288,261,261,64,12,1,400896,801792,25056,3269808,6539616,817452,817452,0,400896,0,52316928,34060.5,34060.5,False
smooth_0.25,vision_encoder.backbone.layer.6.attention,attention_av,288,261,64,261,12,1,1017900,2035800,15600,801792,1603584,200448,200448,0,1017900,0,52316928,34060.5,8352.0,False
smooth_0.25,vision_encoder.backbone.layer.6.attention.o_proj,linear,288,261,768,768,1,1,790272,990720,4116,801792,1603584,200448,200448,0,200448,0,153944064,100224.0,8352.0,True
smooth_0.25,vision_encoder.backbone.layer.6.mlp.up_proj,linear,288,261,3072,768,1,1,2559744,2760192,13332,3207168,6414336,801792,801792,0,200448,0,615776256,400896.0,33408.0,True
smooth_0.25,vision_encoder.backbone.layer.6.mlp.down_proj,linear,288,261,768,3072,1,1,3161088,3962880,4116,801792,1603584,200448,200448,0,801792,0,615776256,400896.0,8352.0,True
smooth_0.25,vision_encoder.backbone.layer.7.attention.q_proj,linear,288,261,768,768,1,1,790272,990720,4116,801792,1603584,200448,200448,0,200448,0,153944064,100224.0,8352.0,True
smooth_0.25,vision_encoder.backbone.layer.7.attention.k_proj,linear,288,261,768,768,1,1,790272,990720,4116,801792,1603584,200448,200448,0,200448,0,153944064,100224.0,8352.0,True
smooth_0.25,vision_encoder.backbone.layer.7.attention.v_proj,linear,288,261,768,768,1,1,790272,990720,4116,801792,1603584,200448,200448,0,200448,0,153944064,100224.0,8352.0,True
smooth_0.25,vision_encoder.backbone.layer.7.attention,attention_qk,288,261,261,64,12,1,400896,801792,25056,3269808,6539616,817452,817452,0,400896,0,52316928,34060.5,34060.5,False
smooth_0.25,vision_encoder.backbone.layer.7.attention,attention_av,288,261,64,261,12,1,1017900,2035800,15600,801792,1603584,200448,200448,0,1017900,0,52316928,34060.5,8352.0,False
smooth_0.25,vision_encoder.backbone.layer.7.attention.o_proj,linear,288,261,768,768,1,1,790272,990720,4116,801792,1603584,200448,200448,0,200448,0,153944064,100224.0,8352.0,True
smooth_0.25,vision_encoder.backbone.layer.7.mlp.up_proj,linear,288,261,3072,768,1,1,2559744,2760192,13332,3207168,6414336,801792,801792,0,200448,0,615776256,400896.0,33408.0,True
smooth_0.25,vision_encoder.backbone.layer.7.mlp.down_proj,linear,288,261,768,3072,1,1,3161088,3962880,4116,801792,1603584,200448,200448,0,801792,0,615776256,400896.0,8352.0,True
smooth_0.25,vision_encoder.backbone.layer.8.attention.q_proj,linear,288,261,768,768,1,1,790272,990720,4116,801792,1603584,200448,200448,0,200448,0,153944064,100224.0,8352.0,True
smooth_0.25,vision_encoder.backbone.layer.8.attention.k_proj,linear,288,261,768,768,1,1,790272,990720,4116,801792,1603584,200448,200448,0,200448,0,153944064,100224.0,8352.0,True
smooth_0.25,vision_encoder.backbone.layer.8.attention.v_proj,linear,288,261,768,768,1,1,790272,990720,4116,801792,1603584,200448,200448,0,200448,0,153944064,100224.0,8352.0,True
smooth_0.25,vision_encoder.backbone.layer.8.attention,attention_qk,288,261,261,64,12,1,400896,801792,25056,3269808,6539616,817452,817452,0,400896,0,52316928,34060.5,34060.5,False
smooth_0.25,vision_encoder.backbone.layer.8.attention,attention_av,288,261,64,261,12,1,1017900,2035800,15600,801792,1603584,200448,200448,0,1017900,0,52316928,34060.5,8352.0,False
smooth_0.25,vision_encoder.backbone.layer.8.attention.o_proj,linear,288,261,768,768,1,1,790272,990720,4116,801792,1603584,200448,200448,0,200448,0,153944064,100224.0,8352.0,True
smooth_0.25,vision_encoder.backbone.layer.8.mlp.up_proj,linear,288,261,3072,768,1,1,2559744,2760192,13332,3207168,6414336,801792,801792,0,200448,0,615776256,400896.0,33408.0,True
smooth_0.25,vision_encoder.backbone.layer.8.mlp.down_proj,linear,288,261,768,3072,1,1,3161088,3962880,4116,801792,1603584,200448,200448,0,801792,0,615776256,400896.0,8352.0,True
smooth_0.25,vision_encoder.backbone.layer.9.attention.q_proj,linear,288,261,768,768,1,1,790272,990720,4116,801792,1603584,200448,200448,0,200448,0,153944064,100224.0,8352.0,True
smooth_0.25,vision_encoder.backbone.layer.9.attention.k_proj,linear,288,261,768,768,1,1,790272,990720,4116,801792,1603584,200448,200448,0,200448,0,153944064,100224.0,8352.0,True
smooth_0.25,vision_encoder.backbone.layer.9.attention.v_proj,linear,288,261,768,768,1,1,790272,990720,4116,801792,1603584,200448,200448,0,200448,0,153944064,100224.0,8352.0,True
smooth_0.25,vision_encoder.backbone.layer.9.attention,attention_qk,288,261,261,64,12,1,400896,801792,25056,3269808,6539616,817452,817452,0,400896,0,52316928,34060.5,34060.5,False
smooth_0.25,vision_encoder.backbone.layer.9.attention,attention_av,288,261,64,261,12,1,1017900,2035800,15600,801792,1603584,200448,200448,0,1017900,0,52316928,34060.5,8352.0,False
smooth_0.25,vision_encoder.backbone.layer.9.attention.o_proj,linear,288,261,768,768,1,1,790272,990720,4116,801792,1603584,200448,200448,0,200448,0,153944064,100224.0,8352.0,True
smooth_0.25,vision_encoder.backbone.layer.9.mlp.up_proj,linear,288,261,3072,768,1,1,2559744,2760192,13332,3207168,6414336,801792,801792,0,200448,0,615776256,400896.0,33408.0,True
smooth_0.25,vision_encoder.backbone.layer.9.mlp.down_proj,linear,288,261,768,3072,1,1,3161088,3962880,4116,801792,1603584,200448,200448,0,801792,0,615776256,400896.0,8352.0,True
smooth_0.25,vision_encoder.backbone.layer.10.attention.q_proj,linear,288,261,768,768,1,1,790272,990720,4116,801792,1603584,200448,200448,0,200448,0,153944064,100224.0,8352.0,True
smooth_0.25,vision_encoder.backbone.layer.10.attention.k_proj,linear,288,261,768,768,1,1,790272,990720,4116,801792,1603584,200448,200448,0,200448,0,153944064,100224.0,8352.0,True
smooth_0.25,vision_encoder.backbone.layer.10.attention.v_proj,linear,288,261,768,768,1,1,790272,990720,4116,801792,1603584,200448,200448,0,200448,0,153944064,100224.0,8352.0,True
smooth_0.25,vision_encoder.backbone.layer.10.attention,attention_qk,288,261,261,64,12,1,400896,801792,25056,3269808,6539616,817452,817452,0,400896,0,52316928,34060.5,34060.5,False
smooth_0.25,vision_encoder.backbone.layer.10.attention,attention_av,288,261,64,261,12,1,1017900,2035800,15600,801792,1603584,200448,200448,0,1017900,0,52316928,34060.5,8352.0,False
smooth_0.25,vision_encoder.backbone.layer.10.attention.o_proj,linear,288,261,768,768,1,1,790272,990720,4116,801792,1603584,200448,200448,0,200448,0,153944064,100224.0,8352.0,True
smooth_0.25,vision_encoder.backbone.layer.10.mlp.up_proj,linear,288,261,3072,768,1,1,2559744,2760192,13332,3207168,6414336,801792,801792,0,200448,0,615776256,400896.0,33408.0,True
smooth_0.25,vision_encoder.backbone.layer.10.mlp.down_proj,linear,288,261,768,3072,1,1,3161088,3962880,4116,801792,1603584,200448,200448,0,801792,0,615776256,400896.0,8352.0,True
smooth_0.25,vision_encoder.backbone.layer.11.attention.q_proj,linear,288,261,768,768,1,1,790272,990720,4116,801792,1603584,200448,200448,0,200448,0,153944064,100224.0,8352.0,True
smooth_0.25,vision_encoder.backbone.layer.11.attention.k_proj,linear,288,261,768,768,1,1,790272,990720,4116,801792,1603584,200448,200448,0,200448,0,153944064,100224.0,8352.0,True
smooth_0.25,vision_encoder.backbone.layer.11.attention.v_proj,linear,288,261,768,768,1,1,790272,990720,4116,801792,1603584,200448,200448,0,200448,0,153944064,100224.0,8352.0,True
smooth_0.25,vision_encoder.backbone.layer.11.attention,attention_qk,288,261,261,64,12,1,400896,801792,25056,3269808,6539616,817452,817452,0,400896,0,52316928,34060.5,34060.5,False
smooth_0.25,vision_encoder.backbone.layer.11.attention,attention_av,288,261,64,261,12,1,1017900,2035800,15600,801792,1603584,200448,200448,0,1017900,0,52316928,34060.5,8352.0,False
smooth_0.25,vision_encoder.backbone.layer.11.attention.o_proj,linear,288,261,768,768,1,1,790272,990720,4116,801792,1603584,200448,200448,0,200448,0,153944064,100224.0,8352.0,True
smooth_0.25,vision_encoder.backbone.layer.11.mlp.up_proj,linear,288,261,3072,768,1,1,2559744,2760192,13332,3207168,6414336,801792,801792,0,200448,0,615776256,400896.0,33408.0,True
smooth_0.25,vision_encoder.backbone.layer.11.mlp.down_proj,linear,288,261,768,3072,1,1,3161088,3962880,4116,801792,1603584,200448,200448,0,801792,0,615776256,400896.0,8352.0,True
smooth_0.25,vision_projection.skip,linear,144,256,256,768,2,1,589824,983040,3072,524288,1048576,131072,131072,0,393216,0,100663296,65536.0,5461.333333333333,True
smooth_0.25,vision_projection.mlp.0,linear,144,256,1024,768,2,1,1179648,1572864,6144,2097152,4194304,524288,524288,0,393216,0,402653184,262144.0,21845.333333333332,True
smooth_0.25,vision_projection.mlp.3,linear,144,256,256,1024,2,1,786432,1310720,3072,524288,1048576,131072,131072,0,524288,0,134217728,87381.33333333333,5461.333333333333,True
smooth_0.25,vision_language_interaction.fusion_layers.0.attn.v_proj,linear,144,512,1024,256,1,1,393216,524288,6144,2097152,4194304,524288,524288,0,131072,0,134217728,87381.33333333333,21845.333333333332,True
smooth_0.25,vision_language_interaction.fusion_layers.0.attn.l_proj,linear,144,21,1024,256,1,1,267520,272896,4180,86016,172032,21504,21504,0,5376,0,5505024,3584.0,896.0,True
smooth_0.25,vision_language_interaction.fusion_layers.0.attn.values_v_proj,linear,144,512,1024,256,1,1,393216,524288,6144,2097152,4194304,524288,524288,0,131072,0,134217728,87381.33333333333,21845.333333333332,True
smooth_0.25,vision_language_interaction.fusion_layers.0.attn.values_l_proj,linear,144,21,1024,256,1,1,267520,272896,4180,86016,172032,21504,21504,0,5376,0,5505024,3584.0,896.0,True
smooth_0.25,vision_language_interaction.fusion_layers.0.attn,bmm,144,512,21,256,4,1,545792,1091584,8528,172032,344064,43008,43008,0,545792,0,11010048,7168.0,1792.0,False
smooth_0.25,vision_language_interaction.fusion_layers.0.attn,bmm,144,512,256,21,4,1,64512,129024,12288,2097152,4194304,524288,524288,0,64512,0,11010048,7168.0,21845.333333333332,False
smooth_0.25,vision_language_interaction.fusion_layers.0.attn,bmm,144,21,256,512,4,1,567296,1134592,4432,86016,172032,21504,21504,0,567296,0,11010048,7168.0,896.0,False
smooth_0.25,vision_language_interaction.fusion_layers.0.attn.out_v_proj,linear,144,512,256,1024,1,1,786432,1310720,3072,524288,1048576,131072,131072,0,524288,0,134217728,87381.33333333333,5461.333333333333,True
smooth_0.25,vision_language_interaction.fusion_layers.0.attn.out_l_proj,linear,144,21,256,1024,1,1,283648,305152,1108,21504,43008,5376,5376,0,21504,0,5505024,3584.0,224.0,True
smooth_0.25,vision_language_interaction.text_layers.0.self_attn,linear,144,1,768,256,21,1,201984,207360,3156,64512,129024,16128,16128,0,5376,0,4128768,2688.0,672.0,True
smooth_0.25,vision_language_interaction.text_layers.0.self_attn,baddbmm,144,21,21,64,4,1,10752,21504,672,7056,14112,1764,1764,0,10752,0,112896,73.5,73.5,False
smooth_0.25,vision_language_interaction.text_layers.0.self_attn,bmm,144,21,64,21,4,1,7140,14280,1360,21504,43008,5376,5376,0,7140,0,112896,73.5,224.0,False
smooth_0.25,vision_language_interaction.text_layers.0.self_attn,linear,144,21,256,256,1,1,70912,76288,1108,21504,43008,5376,5376,0,5376,0,1376256,896.0,224.0,True
smooth_0.25,vision_language_interaction.text_layers.0.linear1,linear,144,1,1024,256,21,1,267520,272896,4180,86016,172032,21504,21504,0,5376,0,5505024,3584.0,896.0,True
smooth_0.25,vision_language_interaction.text_layers.0.linear2,linear,144,1,256,1024,21,1,283648,305152,1108,21504,43008,5376,5376,0,21504,0,5505024,3584.0,224.0,True
smooth_0.25,vision_language_interaction.fusion_layers.1.attn.v_proj,linear,144,512,1024,256,1,1,393216,524288,6144,2097152,4194304,524288,524288,0,131072,0,134217728,87381.33333333333,21845.333333333332,True
smooth_0.25,vision_language_interaction.fusion_layers.1.attn.l_proj,linear,144,21,1024,256,1,1,267520,272896,4180,86016,172032,21504,21504,0,5376,0,5505024,3584.0,896.0,True
smooth_0.25,vision_language_interaction.fusion_layers.1.attn.values_v_proj,linear,144,512,1024,256,1,1,393216,524288,6144,2097152,4194304,524288,524288,0,131072,0,134217728,87381.33333333333,21845.333333333332,True
smooth_0.25,vision_language_interaction.fusion_layers.1.attn.values_l_proj,linear,144,21,1024,256,1,1,267520,272896,4180,86016,172032,21504,21504,0,5376,0,5505024,3584.0,896.0,True
smooth_0.25,vision_language_interaction.fusion_layers.1.attn,bmm,144,512,21,256,4,1,545792,1091584,8528,172032,344064,43008,43008,0,545792,0,11010048,7168.0,1792.0,False
smooth_0.25,vision_language_interaction.fusion_layers.1.attn,bmm,144,512,256,21,4,1,64512,129024,12288,2097152,4194304,524288,524288,0,64512,0,11010048,7168.0,21845.333333333332,False
smooth_0.25,vision_language_interaction.fusion_layers.1.attn,bmm,144,21,256,512,4,1,567296,1134592,4432,86016,172032,21504,21504,0,567296,0,11010048,7168.0,896.0,False
smooth_0.25,vision_language_interaction.fusion_layers.1.attn.out_v_proj,linear,144,512,256,1024,1,1,786432,1310720,3072,524288,1048576,131072,131072,0,524288,0,134217728,87381.33333333333,5461.333333333333,True
smooth_0.25,vision_language_interaction.fusion_layers.1.attn.out_l_proj,linear,144,21,256,1024,1,1,283648,305152,1108,21504,43008,5376,5376,0,21504,0,5505024,3584.0,224.0,True
smooth_0.25,vision_language_interaction.text_layers.1.self_attn,linear,144,1,768,256,21,1,201984,207360,3156,64512,129024,16128,16128,0,5376,0,4128768,2688.0,672.0,True
smooth_0.25,vision_language_interaction.text_layers.1.self_attn,baddbmm,144,21,21,64,4,1,10752,21504,672,7056,14112,1764,1764,0,10752,0,112896,73.5,73.5,False
smooth_0.25,vision_language_interaction.text_layers.1.self_attn,bmm,144,21,64,21,4,1,7140,14280,1360,21504,43008,5376,5376,0,7140,0,112896,73.5,224.0,False
smooth_0.25,vision_language_interaction.text_layers.1.self_attn,linear,144,21,256,256,1,1,70912,76288,1108,21504,43008,5376,5376,0,5376,0,1376256,896.0,224.0,True
smooth_0.25,vision_language_interaction.text_layers.1.linear1,linear,144,1,1024,256,21,1,267520,272896,4180,86016,172032,21504,21504,0,5376,0,5505024,3584.0,896.0,True
smooth_0.25,vision_language_interaction.text_layers.1.linear2,linear,144,1,256,1024,21,1,283648,305152,1108,21504,43008,5376,5376,0,21504,0,5505024,3584.0,224.0,True
smooth_0.25,vision_language_interaction.fusion_layers.2.attn.v_proj,linear,144,512,1024,256,1,1,393216,524288,6144,2097152,4194304,524288,524288,0,131072,0,134217728,87381.33333333333,21845.333333333332,True
smooth_0.25,vision_language_interaction.fusion_layers.2.attn.l_proj,linear,144,21,1024,256,1,1,267520,272896,4180,86016,172032,21504,21504,0,5376,0,5505024,3584.0,896.0,True
smooth_0.25,vision_language_interaction.fusion_layers.2.attn.values_v_proj,linear,144,512,1024,256,1,1,393216,524288,6144,2097152,4194304,524288,524288,0,131072,0,134217728,87381.33333333333,21845.333333333332,True
smooth_0.25,vision_language_interaction.fusion_layers.2.attn.values_l_proj,linear,144,21,1024,256,1,1,267520,272896,4180,86016,172032,21504,21504,0,5376,0,5505024,3584.0,896.0,True
smooth_0.25,vision_language_interaction.fusion_layers.2.attn,bmm,144,512,21,256,4,1,545792,1091584,8528,172032,344064,43008,43008,0,545792,0,11010048,7168.0,1792.0,False
smooth_0.25,vision_language_interaction.fusion_layers.2.attn,bmm,144,512,256,21,4,1,64512,129024,12288,2097152,4194304,524288,524288,0,64512,0,11010048,7168.0,21845.333333333332,False
smooth_0.25,vision_language_interaction.fusion_layers.2.attn,bmm,144,21,256,512,4,1,567296,1134592,4432,86016,172032,21504,21504,0,567296,0,11010048,7168.0,896.0,False
smooth_0.25,vision_language_interaction.fusion_layers.2.attn.out_v_proj,linear,144,512,256,1024,1,1,786432,1310720,3072,524288,1048576,131072,131072,0,524288,0,134217728,87381.33333333333,5461.333333333333,True
smooth_0.25,vision_language_interaction.fusion_layers.2.attn.out_l_proj,linear,144,21,256,1024,1,1,283648,305152,1108,21504,43008,5376,5376,0,21504,0,5505024,3584.0,224.0,True
smooth_0.25,vision_language_interaction.text_layers.2.self_attn,linear,144,1,768,256,21,1,201984,207360,3156,64512,129024,16128,16128,0,5376,0,4128768,2688.0,672.0,True
smooth_0.25,vision_language_interaction.text_layers.2.self_attn,baddbmm,144,21,21,64,4,1,10752,21504,672,7056,14112,1764,1764,0,10752,0,112896,73.5,73.5,False
smooth_0.25,vision_language_interaction.text_layers.2.self_attn,bmm,144,21,64,21,4,1,7140,14280,1360,21504,43008,5376,5376,0,7140,0,112896,73.5,224.0,False
smooth_0.25,vision_language_interaction.text_layers.2.self_attn,linear,144,21,256,256,1,1,70912,76288,1108,21504,43008,5376,5376,0,5376,0,1376256,896.0,224.0,True
smooth_0.25,vision_language_interaction.text_layers.2.linear1,linear,144,1,1024,256,21,1,267520,272896,4180,86016,172032,21504,21504,0,5376,0,5505024,3584.0,896.0,True
smooth_0.25,vision_language_interaction.text_layers.2.linear2,linear,144,1,256,1024,21,1,283648,305152,1108,21504,43008,5376,5376,0,21504,0,5505024,3584.0,224.0,True
smooth_0.25,vision_language_interaction.fusion_layers.3.attn.v_proj,linear,144,512,1024,256,1,1,393216,524288,6144,2097152,4194304,524288,524288,0,131072,0,134217728,87381.33333333333,21845.333333333332,True
smooth_0.25,vision_language_interaction.fusion_layers.3.attn.l_proj,linear,144,21,1024,256,1,1,267520,272896,4180,86016,172032,21504,21504,0,5376,0,5505024,3584.0,896.0,True
smooth_0.25,vision_language_interaction.fusion_layers.3.attn.values_v_proj,linear,144,512,1024,256,1,1,393216,524288,6144,2097152,4194304,524288,524288,0,131072,0,134217728,87381.33333333333,21845.333333333332,True
smooth_0.25,vision_language_interaction.fusion_layers.3.attn.values_l_proj,linear,144,21,1024,256,1,1,267520,272896,4180,86016,172032,21504,21504,0,5376,0,5505024,3584.0,896.0,True
smooth_0.25,vision_language_interaction.fusion_layers.3.attn,bmm,144,512,21,256,4,1,545792,1091584,8528,172032,344064,43008,43008,0,545792,0,11010048,7168.0,1792.0,False
smooth_0.25,vision_language_interaction.fusion_layers.3.attn,bmm,144,512,256,21,4,1,64512,129024,12288,2097152,4194304,524288,524288,0,64512,0,11010048,7168.0,21845.333333333332,False
smooth_0.25,vision_language_interaction.fusion_layers.3.attn,bmm,144,21,256,512,4,1,567296,1134592,4432,86016,172032,21504,21504,0,567296,0,11010048,7168.0,896.0,False
smooth_0.25,vision_language_interaction.fusion_layers.3.attn.out_v_proj,linear,144,512,256,1024,1,1,786432,1310720,3072,524288,1048576,131072,131072,0,524288,0,134217728,87381.33333333333,5461.333333333333,True
smooth_0.25,vision_language_interaction.fusion_layers.3.attn.out_l_proj,linear,144,21,256,1024,1,1,283648,305152,1108,21504,43008,5376,5376,0,21504,0,5505024,3584.0,224.0,True
smooth_0.25,vision_language_interaction.text_layers.3.self_attn,linear,144,1,768,256,21,1,201984,207360,3156,64512,129024,16128,16128,0,5376,0,4128768,2688.0,672.0,True
smooth_0.25,vision_language_interaction.text_layers.3.self_attn,baddbmm,144,21,21,64,4,1,10752,21504,672,7056,14112,1764,1764,0,10752,0,112896,73.5,73.5,False
smooth_0.25,vision_language_interaction.text_layers.3.self_attn,bmm,144,21,64,21,4,1,7140,14280,1360,21504,43008,5376,5376,0,7140,0,112896,73.5,224.0,False
smooth_0.25,vision_language_interaction.text_layers.3.self_attn,linear,144,21,256,256,1,1,70912,76288,1108,21504,43008,5376,5376,0,5376,0,1376256,896.0,224.0,True
smooth_0.25,vision_language_interaction.text_layers.3.linear1,linear,144,1,1024,256,21,1,267520,272896,4180,86016,172032,21504,21504,0,5376,0,5505024,3584.0,896.0,True
smooth_0.25,vision_language_interaction.text_layers.3.linear2,linear,144,1,256,1024,21,1,283648,305152,1108,21504,43008,5376,5376,0,21504,0,5505024,3584.0,224.0,True
smooth_0.25,vision_language_interaction.fusion_layers.4.attn.v_proj,linear,144,512,1024,256,1,1,393216,524288,6144,2097152,4194304,524288,524288,0,131072,0,134217728,87381.33333333333,21845.333333333332,True
smooth_0.25,vision_language_interaction.fusion_layers.4.attn.l_proj,linear,144,21,1024,256,1,1,267520,272896,4180,86016,172032,21504,21504,0,5376,0,5505024,3584.0,896.0,True
smooth_0.25,vision_language_interaction.fusion_layers.4.attn.values_v_proj,linear,144,512,1024,256,1,1,393216,524288,6144,2097152,4194304,524288,524288,0,131072,0,134217728,87381.33333333333,21845.333333333332,True
smooth_0.25,vision_language_interaction.fusion_layers.4.attn.values_l_proj,linear,144,21,1024,256,1,1,267520,272896,4180,86016,172032,21504,21504,0,5376,0,5505024,3584.0,896.0,True
smooth_0.25,vision_language_interaction.fusion_layers.4.attn,bmm,144,512,21,256,4,1,545792,1091584,8528,172032,344064,43008,43008,0,545792,0,11010048,7168.0,1792.0,False
smooth_0.25,vision_language_interaction.fusion_layers.4.attn,bmm,144,512,256,21,4,1,64512,129024,12288,2097152,4194304,524288,524288,0,64512,0,11010048,7168.0,21845.333333333332,False
smooth_0.25,vision_language_interaction.fusion_layers.4.attn,bmm,144,21,256,512,4,1,567296,1134592,4432,86016,172032,21504,21504,0,567296,0,11010048,7168.0,896.0,False
smooth_0.25,vision_language_interaction.fusion_layers.4.attn.out_v_proj,linear,144,512,256,1024,1,1,786432,1310720,3072,524288,1048576,131072,131072,0,524288,0,134217728,87381.33333333333,5461.333333333333,True
smooth_0.25,vision_language_interaction.fusion_layers.4.attn.out_l_proj,linear,144,21,256,1024,1,1,283648,305152,1108,21504,43008,5376,5376,0,21504,0,5505024,3584.0,224.0,True
smooth_0.25,vision_language_interaction.text_layers.4.self_attn,linear,144,1,768,256,21,1,201984,207360,3156,64512,129024,16128,16128,0,5376,0,4128768,2688.0,672.0,True
smooth_0.25,vision_language_interaction.text_layers.4.self_attn,baddbmm,144,21,21,64,4,1,10752,21504,672,7056,14112,1764,1764,0,10752,0,112896,73.5,73.5,False
smooth_0.25,vision_language_interaction.text_layers.4.self_attn,bmm,144,21,64,21,4,1,7140,14280,1360,21504,43008,5376,5376,0,7140,0,112896,73.5,224.0,False
smooth_0.25,vision_language_interaction.text_layers.4.self_attn,linear,144,21,256,256,1,1,70912,76288,1108,21504,43008,5376,5376,0,5376,0,1376256,896.0,224.0,True
smooth_0.25,vision_language_interaction.text_layers.4.linear1,linear,144,1,1024,256,21,1,267520,272896,4180,86016,172032,21504,21504,0,5376,0,5505024,3584.0,896.0,True
smooth_0.25,vision_language_interaction.text_layers.4.linear2,linear,144,1,256,1024,21,1,283648,305152,1108,21504,43008,5376,5376,0,21504,0,5505024,3584.0,224.0,True
smooth_0.25,vision_language_interaction.fusion_layers.5.attn.v_proj,linear,144,512,1024,256,1,1,393216,524288,6144,2097152,4194304,524288,524288,0,131072,0,134217728,87381.33333333333,21845.333333333332,True
smooth_0.25,vision_language_interaction.fusion_layers.5.attn.l_proj,linear,144,21,1024,256,1,1,267520,272896,4180,86016,172032,21504,21504,0,5376,0,5505024,3584.0,896.0,True
smooth_0.25,vision_language_interaction.fusion_layers.5.attn.values_v_proj,linear,144,512,1024,256,1,1,393216,524288,6144,2097152,4194304,524288,524288,0,131072,0,134217728,87381.33333333333,21845.333333333332,True
smooth_0.25,vision_language_interaction.fusion_layers.5.attn.values_l_proj,linear,144,21,1024,256,1,1,267520,272896,4180,86016,172032,21504,21504,0,5376,0,5505024,3584.0,896.0,True
smooth_0.25,vision_language_interaction.fusion_layers.5.attn,bmm,144,512,21,256,4,1,545792,1091584,8528,172032,344064,43008,43008,0,545792,0,11010048,7168.0,1792.0,False
smooth_0.25,vision_language_interaction.fusion_layers.5.attn,bmm,144,512,256,21,4,1,64512,129024,12288,2097152,4194304,524288,524288,0,64512,0,11010048,7168.0,21845.333333333332,False
smooth_0.25,vision_language_interaction.fusion_layers.5.attn,bmm,144,21,256,512,4,1,567296,1134592,4432,86016,172032,21504,21504,0,567296,0,11010048,7168.0,896.0,False
smooth_0.25,vision_language_interaction.fusion_layers.5.attn.out_v_proj,linear,144,512,256,1024,1,1,786432,1310720,3072,524288,1048576,131072,131072,0,524288,0,134217728,87381.33333333333,5461.333333333333,True
smooth_0.25,vision_language_interaction.fusion_layers.5.attn.out_l_proj,linear,144,21,256,1024,1,1,283648,305152,1108,21504,43008,5376,5376,0,21504,0,5505024,3584.0,224.0,True
smooth_0.25,vision_language_interaction.text_layers.5.self_attn,linear,144,1,768,256,21,1,201984,207360,3156,64512,129024,16128,16128,0,5376,0,4128768,2688.0,672.0,True
smooth_0.25,vision_language_interaction.text_layers.5.self_attn,baddbmm,144,21,21,64,4,1,10752,21504,672,7056,14112,1764,1764,0,10752,0,112896,73.5,73.5,False
smooth_0.25,vision_language_interaction.text_layers.5.self_attn,bmm,144,21,64,21,4,1,7140,14280,1360,21504,43008,5376,5376,0,7140,0,112896,73.5,224.0,False
smooth_0.25,vision_language_interaction.text_layers.5.self_attn,linear,144,21,256,256,1,1,70912,76288,1108,21504,43008,5376,5376,0,5376,0,1376256,896.0,224.0,True
smooth_0.25,vision_language_interaction.text_layers.5.linear1,linear,144,1,1024,256,21,1,267520,272896,4180,86016,172032,21504,21504,0,5376,0,5505024,3584.0,896.0,True
smooth_0.25,vision_language_interaction.text_layers.5.linear2,linear,144,1,256,1024,21,1,283648,305152,1108,21504,43008,5376,5376,0,21504,0,5505024,3584.0,224.0,True
smooth_0.25,action_head.state_projection.net.1,linear,144,1,256,8,1,1,2056,2064,1028,1024,2048,256,256,0,8,0,2048,1.3333333333333333,10.666666666666666,True
smooth_0.25,action_head.state_projection.net.4,linear,144,1,512,256,1,1,131328,131584,2052,2048,4096,512,512,0,256,0,131072,85.33333333333333,21.333333333333332,True
smooth_0.25,action_head.decoder.decoder.layers.0.self_attn,linear,144,1,768,256,12,1,199680,202752,3120,36864,73728,9216,9216,0,3072,0,2359296,1536.0,384.0,True
smooth_0.25,action_head.decoder.decoder.layers.0.self_attn,attention_qk,144,12,12,32,8,1,6144,12288,768,4608,9216,1152,1152,0,6144,0,36864,24.0,48.0,False
smooth_0.25,action_head.decoder.decoder.layers.0.self_attn,attention_av,144,12,32,12,8,1,4224,8448,1408,12288,24576,3072,3072,0,4224,0,36864,24.0,128.0,False
smooth_0.25,action_head.decoder.decoder.layers.0.self_attn,linear,144,12,256,256,1,1,68608,71680,1072,12288,24576,3072,3072,0,3072,0,786432,512.0,128.0,True
smooth_0.25,action_head.decoder.decoder.layers.0.multihead_attn,linear,144,1,256,256,12,1,68608,71680,1072,12288,24576,3072,3072,0,3072,0,786432,512.0,128.0,True
smooth_0.25,action_head.decoder.decoder.layers.0.multihead_attn,linear,144,1,512,256,535,1,268032,404992,4188,1095680,2191360,273920,273920,0,136960,0,70123520,45653.333333333336,11413.333333333334,True
smooth_0.25,action_head.decoder.decoder.layers.0.multihead_attn,attention_qk,144,12,535,32,8,1,140032,280064,17504,205440,410880,51360,51360,0,140032,0,1643520,1070.0,2140.0,False
smooth_0.25,action_head.decoder.decoder.layers.0.multihead_attn,attention_av,144,12,32,535,8,1,188320,376640,1408,12288,24576,3072,3072,0,188320,0,1643520,1070.0,128.0,False
smooth_0.25,action_head.decoder.decoder.layers.0.multihead_attn,linear,144,12,256,256,1,1,68608,71680,1072,12288,24576,3072,3072,0,3072,0,786432,512.0,128.0,True
smooth_0.25,action_head.decoder.decoder.layers.0.linear1,linear,144,12,2048,256,1,1,527360,530432,8240,98304,196608,24576,24576,0,3072,0,6291456,4096.0,1024.0,True
smooth_0.25,action_head.decoder.decoder.layers.0.linear2,linear,144,12,256,2048,1,1,548864,573440,1072,12288,24576,3072,3072,0,24576,0,6291456,4096.0,128.0,True
smooth_0.25,action_head.decoder.decoder.layers.1.self_attn,linear,144,1,768,256,12,1,199680,202752,3120,36864,73728,9216,9216,0,3072,0,2359296,1536.0,384.0,True
smooth_0.25,action_head.decoder.decoder.layers.1.self_attn,attention_qk,144,12,12,32,8,1,6144,12288,768,4608,9216,1152,1152,0,6144,0,36864,24.0,48.0,False
smooth_0.25,action_head.decoder.decoder.layers.1.self_attn,attention_av,144,12,32,12,8,1,4224,8448,1408,12288,24576,3072,3072,0,4224,0,36864,24.0,128.0,False
smooth_0.25,action_head.decoder.decoder.layers.1.self_attn,linear,144,12,256,256,1,1,68608,71680,1072,12288,24576,3072,3072,0,3072,0,786432,512.0,128.0,True
smooth_0.25,action_head.decoder.decoder.layers.1.multihead_attn,linear,144,1,256,256,12,1,68608,71680,1072,12288,24576,3072,3072,0,3072,0,786432,512.0,128.0,True
smooth_0.25,action_head.decoder.decoder.layers.1.multihead_attn,linear,144,1,512,256,535,1,268032,404992,4188,1095680,2191360,273920,273920,0,136960,0,70123520,45653.333333333336,11413.333333333334,True
smooth_0.25,action_head.decoder.decoder.layers.1.multihead_attn,attention_qk,144,12,535,32,8,1,140032,280064,17504,205440,410880,51360,51360,0,140032,0,1643520,1070.0,2140.0,False
smooth_0.25,action_head.decoder.decoder.layers.1.multihead_attn,attention_av,144,12,32,535,8,1,188320,376640,1408,12288,24576,3072,3072,0,188320,0,1643520,1070.0,128.0,False
smooth_0.25,action_head.decoder.decoder.layers.1.multihead_attn,linear,144,12,256,256,1,1,68608,71680,1072,12288,24576,3072,3072,0,3072,0,786432,512.0,128.0,True
smooth_0.25,action_head.decoder.decoder.layers.1.linear1,linear,144,12,2048,256,1,1,527360,530432,8240,98304,196608,24576,24576,0,3072,0,6291456,4096.0,1024.0,True
smooth_0.25,action_head.decoder.decoder.layers.1.linear2,linear,144,12,256,2048,1,1,548864,573440,1072,12288,24576,3072,3072,0,24576,0,6291456,4096.0,128.0,True
smooth_0.25,action_head.decoder.decoder.layers.2.self_attn,linear,144,1,768,256,12,1,199680,202752,3120,36864,73728,9216,9216,0,3072,0,2359296,1536.0,384.0,True
smooth_0.25,action_head.decoder.decoder.layers.2.self_attn,attention_qk,144,12,12,32,8,1,6144,12288,768,4608,9216,1152,1152,0,6144,0,36864,24.0,48.0,False
smooth_0.25,action_head.decoder.decoder.layers.2.self_attn,attention_av,144,12,32,12,8,1,4224,8448,1408,12288,24576,3072,3072,0,4224,0,36864,24.0,128.0,False
smooth_0.25,action_head.decoder.decoder.layers.2.self_attn,linear,144,12,256,256,1,1,68608,71680,1072,12288,24576,3072,3072,0,3072,0,786432,512.0,128.0,True
smooth_0.25,action_head.decoder.decoder.layers.2.multihead_attn,linear,144,1,256,256,12,1,68608,71680,1072,12288,24576,3072,3072,0,3072,0,786432,512.0,128.0,True
smooth_0.25,action_head.decoder.decoder.layers.2.multihead_attn,linear,144,1,512,256,535,1,268032,404992,4188,1095680,2191360,273920,273920,0,136960,0,70123520,45653.333333333336,11413.333333333334,True
smooth_0.25,action_head.decoder.decoder.layers.2.multihead_attn,attention_qk,144,12,535,32,8,1,140032,280064,17504,205440,410880,51360,51360,0,140032,0,1643520,1070.0,2140.0,False
smooth_0.25,action_head.decoder.decoder.layers.2.multihead_attn,attention_av,144,12,32,535,8,1,188320,376640,1408,12288,24576,3072,3072,0,188320,0,1643520,1070.0,128.0,False
smooth_0.25,action_head.decoder.decoder.layers.2.multihead_attn,linear,144,12,256,256,1,1,68608,71680,1072,12288,24576,3072,3072,0,3072,0,786432,512.0,128.0,True
smooth_0.25,action_head.decoder.decoder.layers.2.linear1,linear,144,12,2048,256,1,1,527360,530432,8240,98304,196608,24576,24576,0,3072,0,6291456,4096.0,1024.0,True
smooth_0.25,action_head.decoder.decoder.layers.2.linear2,linear,144,12,256,2048,1,1,548864,573440,1072,12288,24576,3072,3072,0,24576,0,6291456,4096.0,128.0,True
smooth_0.25,action_head.decoder.action_projection.layers.0,linear,144,12,512,256,1,1,134144,137216,2096,24576,49152,6144,6144,0,3072,0,1572864,1024.0,256.0,True
smooth_0.25,action_head.decoder.action_projection.layers.1,linear,144,12,512,512,1,1,268288,274432,2096,24576,49152,6144,6144,0,6144,0,3145728,2048.0,256.0,True
smooth_0.25,action_head.decoder.action_projection.layers.2,linear,144,12,7,512,1,1,9728,15872,76,336,672,84,84,0,6144,0,43008,28.0,3.5,True
smooth_0.25,text_encoder.bert.encoder.layer.0.attention.self.query,linear,36,11,768,768,1,1,598272,606720,3116,33792,67584,8448,8448,0,8448,0,6488064,4224.0,352.0,True
smooth_0.25,text_encoder.bert.encoder.layer.0.attention.self.key,linear,36,11,768,768,1,1,598272,606720,3116,33792,67584,8448,8448,0,8448,0,6488064,4224.0,352.0,True
smooth_0.25,text_encoder.bert.encoder.layer.0.attention.self.value,linear,36,11,768,768,1,1,598272,606720,3116,33792,67584,8448,8448,0,8448,0,6488064,4224.0,352.0,True
smooth_0.25,text_encoder.bert.encoder.layer.0.attention.self,attention_qk,36,11,11,64,12,1,16896,33792,1056,5808,11616,1452,1452,0,16896,0,92928,60.5,60.5,False
smooth_0.25,text_encoder.bert.encoder.layer.0.attention.self,attention_av,36,11,64,11,12,1,9900,19800,3600,33792,67584,8448,8448,0,9900,0,92928,60.5,352.0,False
smooth_0.25,text_encoder.bert.encoder.layer.0.attention.output.dense,linear,36,11,768,768,1,1,598272,606720,3116,33792,67584,8448,8448,0,8448,0,6488064,4224.0,352.0,True
smooth_0.25,text_encoder.bert.encoder.layer.0.intermediate.dense,linear,36,11,3072,768,1,1,2367744,2376192,12332,135168,270336,33792,33792,0,8448,0,25952256,16896.0,1408.0,True
smooth_0.25,text_encoder.bert.encoder.layer.0.output.dense,linear,36,11,768,3072,1,1,2393088,2426880,3116,33792,67584,8448,8448,0,33792,0,25952256,16896.0,352.0,True
smooth_0.25,text_encoder.bert.encoder.layer.1.attention.self.query,linear,36,11,768,768,1,1,598272,606720,3116,33792,67584,8448,8448,0,8448,0,6488064,4224.0,352.0,True
smooth_0.25,text_encoder.bert.encoder.layer.1.attention.self.key,linear,36,11,768,768,1,1,598272,606720,3116,33792,67584,8448,8448,0,8448,0,6488064,4224.0,352.0,True
smooth_0.25,text_encoder.bert.encoder.layer.1.attention.self.value,linear,36,11,768,768,1,1,598272,606720,3116,33792,67584,8448,8448,0,8448,0,6488064,4224.0,352.0,True
smooth_0.25,text_encoder.bert.encoder.layer.1.attention.self,attention_qk,36,11,11,64,12,1,16896,33792,1056,5808,11616,1452,1452,0,16896,0,92928,60.5,60.5,False
smooth_0.25,text_encoder.bert.encoder.layer.1.attention.self,attention_av,36,11,64,11,12,1,9900,19800,3600,33792,67584,8448,8448,0,9900,0,92928,60.5,352.0,False
smooth_0.25,text_encoder.bert.encoder.layer.1.attention.output.dense,linear,36,11,768,768,1,1,598272,606720,3116,33792,67584,8448,8448,0,8448,0,6488064,4224.0,352.0,True
smooth_0.25,text_encoder.bert.encoder.layer.1.intermediate.dense,linear,36,11,3072,768,1,1,2367744,2376192,12332,135168,270336,33792,33792,0,8448,0,25952256,16896.0,1408.0,True
smooth_0.25,text_encoder.bert.encoder.layer.1.output.dense,linear,36,11,768,3072,1,1,2393088,2426880,3116,33792,67584,8448,8448,0,33792,0,25952256,16896.0,352.0,True
smooth_0.25,text_encoder.bert.encoder.layer.2.attention.self.query,linear,36,11,768,768,1,1,598272,606720,3116,33792,67584,8448,8448,0,8448,0,6488064,4224.0,352.0,True
smooth_0.25,text_encoder.bert.encoder.layer.2.attention.self.key,linear,36,11,768,768,1,1,598272,606720,3116,33792,67584,8448,8448,0,8448,0,6488064,4224.0,352.0,True
smooth_0.25,text_encoder.bert.encoder.layer.2.attention.self.value,linear,36,11,768,768,1,1,598272,606720,3116,33792,67584,8448,8448,0,8448,0,6488064,4224.0,352.0,True
smooth_0.25,text_encoder.bert.encoder.layer.2.attention.self,attention_qk,36,11,11,64,12,1,16896,33792,1056,5808,11616,1452,1452,0,16896,0,92928,60.5,60.5,False
smooth_0.25,text_encoder.bert.encoder.layer.2.attention.self,attention_av,36,11,64,11,12,1,9900,19800,3600,33792,67584,8448,8448,0,9900,0,92928,60.5,352.0,False
smooth_0.25,text_encoder.bert.encoder.layer.2.attention.output.dense,linear,36,11,768,768,1,1,598272,606720,3116,33792,67584,8448,8448,0,8448,0,6488064,4224.0,352.0,True
smooth_0.25,text_encoder.bert.encoder.layer.2.intermediate.dense,linear,36,11,3072,768,1,1,2367744,2376192,12332,135168,270336,33792,33792,0,8448,0,25952256,16896.0,1408.0,True
smooth_0.25,text_encoder.bert.encoder.layer.2.output.dense,linear,36,11,768,3072,1,1,2393088,2426880,3116,33792,67584,8448,8448,0,33792,0,25952256,16896.0,352.0,True
smooth_0.25,text_encoder.bert.encoder.layer.3.attention.self.query,linear,36,11,768,768,1,1,598272,606720,3116,33792,67584,8448,8448,0,8448,0,6488064,4224.0,352.0,True
smooth_0.25,text_encoder.bert.encoder.layer.3.attention.self.key,linear,36,11,768,768,1,1,598272,606720,3116,33792,67584,8448,8448,0,8448,0,6488064,4224.0,352.0,True
smooth_0.25,text_encoder.bert.encoder.layer.3.attention.self.value,linear,36,11,768,768,1,1,598272,606720,3116,33792,67584,8448,8448,0,8448,0,6488064,4224.0,352.0,True
smooth_0.25,text_encoder.bert.encoder.layer.3.attention.self,attention_qk,36,11,11,64,12,1,16896,33792,1056,5808,11616,1452,1452,0,16896,0,92928,60.5,60.5,False
smooth_0.25,text_encoder.bert.encoder.layer.3.attention.self,attention_av,36,11,64,11,12,1,9900,19800,3600,33792,67584,8448,8448,0,9900,0,92928,60.5,352.0,False
smooth_0.25,text_encoder.bert.encoder.layer.3.attention.output.dense,linear,36,11,768,768,1,1,598272,606720,3116,33792,67584,8448,8448,0,8448,0,6488064,4224.0,352.0,True
smooth_0.25,text_encoder.bert.encoder.layer.3.intermediate.dense,linear,36,11,3072,768,1,1,2367744,2376192,12332,135168,270336,33792,33792,0,8448,0,25952256,16896.0,1408.0,True
smooth_0.25,text_encoder.bert.encoder.layer.3.output.dense,linear,36,11,768,3072,1,1,2393088,2426880,3116,33792,67584,8448,8448,0,33792,0,25952256,16896.0,352.0,True
smooth_0.25,text_encoder.bert.encoder.layer.4.attention.self.query,linear,36,11,768,768,1,1,598272,606720,3116,33792,67584,8448,8448,0,8448,0,6488064,4224.0,352.0,True
smooth_0.25,text_encoder.bert.encoder.layer.4.attention.self.key,linear,36,11,768,768,1,1,598272,606720,3116,33792,67584,8448,8448,0,8448,0,6488064,4224.0,352.0,True
smooth_0.25,text_encoder.bert.encoder.layer.4.attention.self.value,linear,36,11,768,768,1,1,598272,606720,3116,33792,67584,8448,8448,0,8448,0,6488064,4224.0,352.0,True
smooth_0.25,text_encoder.bert.encoder.layer.4.attention.self,attention_qk,36,11,11,64,12,1,16896,33792,1056,5808,11616,1452,1452,0,16896,0,92928,60.5,60.5,False
smooth_0.25,text_encoder.bert.encoder.layer.4.attention.self,attention_av,36,11,64,11,12,1,9900,19800,3600,33792,67584,8448,8448,0,9900,0,92928,60.5,352.0,False
smooth_0.25,text_encoder.bert.encoder.layer.4.attention.output.dense,linear,36,11,768,768,1,1,598272,606720,3116,33792,67584,8448,8448,0,8448,0,6488064,4224.0,352.0,True
smooth_0.25,text_encoder.bert.encoder.layer.4.intermediate.dense,linear,36,11,3072,768,1,1,2367744,2376192,12332,135168,270336,33792,33792,0,8448,0,25952256,16896.0,1408.0,True
smooth_0.25,text_encoder.bert.encoder.layer.4.output.dense,linear,36,11,768,3072,1,1,2393088,2426880,3116,33792,67584,8448,8448,0,33792,0,25952256,16896.0,352.0,True
smooth_0.25,text_encoder.bert.encoder.layer.5.attention.self.query,linear,36,11,768,768,1,1,598272,606720,3116,33792,67584,8448,8448,0,8448,0,6488064,4224.0,352.0,True
smooth_0.25,text_encoder.bert.encoder.layer.5.attention.self.key,linear,36,11,768,768,1,1,598272,606720,3116,33792,67584,8448,8448,0,8448,0,6488064,4224.0,352.0,True
smooth_0.25,text_encoder.bert.encoder.layer.5.attention.self.value,linear,36,11,768,768,1,1,598272,606720,3116,33792,67584,8448,8448,0,8448,0,6488064,4224.0,352.0,True
smooth_0.25,text_encoder.bert.encoder.layer.5.attention.self,attention_qk,36,11,11,64,12,1,16896,33792,1056,5808,11616,1452,1452,0,16896,0,92928,60.5,60.5,False
smooth_0.25,text_encoder.bert.encoder.layer.5.attention.self,attention_av,36,11,64,11,12,1,9900,19800,3600,33792,67584,8448,8448,0,9900,0,92928,60.5,352.0,False
smooth_0.25,text_encoder.bert.encoder.layer.5.attention.output.dense,linear,36,11,768,768,1,1,598272,606720,3116,33792,67584,8448,8448,0,8448,0,6488064,4224.0,352.0,True
smooth_0.25,text_encoder.bert.encoder.layer.5.intermediate.dense,linear,36,11,3072,768,1,1,2367744,2376192,12332,135168,270336,33792,33792,0,8448,0,25952256,16896.0,1408.0,True
smooth_0.25,text_encoder.bert.encoder.layer.5.output.dense,linear,36,11,768,3072,1,1,2393088,2426880,3116,33792,67584,8448,8448,0,33792,0,25952256,16896.0,352.0,True
smooth_0.25,text_encoder.bert.encoder.layer.6.attention.self.query,linear,36,11,768,768,1,1,598272,606720,3116,33792,67584,8448,8448,0,8448,0,6488064,4224.0,352.0,True
smooth_0.25,text_encoder.bert.encoder.layer.6.attention.self.key,linear,36,11,768,768,1,1,598272,606720,3116,33792,67584,8448,8448,0,8448,0,6488064,4224.0,352.0,True
smooth_0.25,text_encoder.bert.encoder.layer.6.attention.self.value,linear,36,11,768,768,1,1,598272,606720,3116,33792,67584,8448,8448,0,8448,0,6488064,4224.0,352.0,True
smooth_0.25,text_encoder.bert.encoder.layer.6.attention.self,attention_qk,36,11,11,64,12,1,16896,33792,1056,5808,11616,1452,1452,0,16896,0,92928,60.5,60.5,False
smooth_0.25,text_encoder.bert.encoder.layer.6.attention.self,attention_av,36,11,64,11,12,1,9900,19800,3600,33792,67584,8448,8448,0,9900,0,92928,60.5,352.0,False
smooth_0.25,text_encoder.bert.encoder.layer.6.attention.output.dense,linear,36,11,768,768,1,1,598272,606720,3116,33792,67584,8448,8448,0,8448,0,6488064,4224.0,352.0,True
smooth_0.25,text_encoder.bert.encoder.layer.6.intermediate.dense,linear,36,11,3072,768,1,1,2367744,2376192,12332,135168,270336,33792,33792,0,8448,0,25952256,16896.0,1408.0,True
smooth_0.25,text_encoder.bert.encoder.layer.6.output.dense,linear,36,11,768,3072,1,1,2393088,2426880,3116,33792,67584,8448,8448,0,33792,0,25952256,16896.0,352.0,True
smooth_0.25,text_encoder.bert.encoder.layer.7.attention.self.query,linear,36,11,768,768,1,1,598272,606720,3116,33792,67584,8448,8448,0,8448,0,6488064,4224.0,352.0,True
smooth_0.25,text_encoder.bert.encoder.layer.7.attention.self.key,linear,36,11,768,768,1,1,598272,606720,3116,33792,67584,8448,8448,0,8448,0,6488064,4224.0,352.0,True
smooth_0.25,text_encoder.bert.encoder.layer.7.attention.self.value,linear,36,11,768,768,1,1,598272,606720,3116,33792,67584,8448,8448,0,8448,0,6488064,4224.0,352.0,True
smooth_0.25,text_encoder.bert.encoder.layer.7.attention.self,attention_qk,36,11,11,64,12,1,16896,33792,1056,5808,11616,1452,1452,0,16896,0,92928,60.5,60.5,False
smooth_0.25,text_encoder.bert.encoder.layer.7.attention.self,attention_av,36,11,64,11,12,1,9900,19800,3600,33792,67584,8448,8448,0,9900,0,92928,60.5,352.0,False
smooth_0.25,text_encoder.bert.encoder.layer.7.attention.output.dense,linear,36,11,768,768,1,1,598272,606720,3116,33792,67584,8448,8448,0,8448,0,6488064,4224.0,352.0,True
smooth_0.25,text_encoder.bert.encoder.layer.7.intermediate.dense,linear,36,11,3072,768,1,1,2367744,2376192,12332,135168,270336,33792,33792,0,8448,0,25952256,16896.0,1408.0,True
smooth_0.25,text_encoder.bert.encoder.layer.7.output.dense,linear,36,11,768,3072,1,1,2393088,2426880,3116,33792,67584,8448,8448,0,33792,0,25952256,16896.0,352.0,True
smooth_0.25,text_encoder.bert.encoder.layer.8.attention.self.query,linear,36,11,768,768,1,1,598272,606720,3116,33792,67584,8448,8448,0,8448,0,6488064,4224.0,352.0,True
smooth_0.25,text_encoder.bert.encoder.layer.8.attention.self.key,linear,36,11,768,768,1,1,598272,606720,3116,33792,67584,8448,8448,0,8448,0,6488064,4224.0,352.0,True
smooth_0.25,text_encoder.bert.encoder.layer.8.attention.self.value,linear,36,11,768,768,1,1,598272,606720,3116,33792,67584,8448,8448,0,8448,0,6488064,4224.0,352.0,True
smooth_0.25,text_encoder.bert.encoder.layer.8.attention.self,attention_qk,36,11,11,64,12,1,16896,33792,1056,5808,11616,1452,1452,0,16896,0,92928,60.5,60.5,False
smooth_0.25,text_encoder.bert.encoder.layer.8.attention.self,attention_av,36,11,64,11,12,1,9900,19800,3600,33792,67584,8448,8448,0,9900,0,92928,60.5,352.0,False
smooth_0.25,text_encoder.bert.encoder.layer.8.attention.output.dense,linear,36,11,768,768,1,1,598272,606720,3116,33792,67584,8448,8448,0,8448,0,6488064,4224.0,352.0,True
smooth_0.25,text_encoder.bert.encoder.layer.8.intermediate.dense,linear,36,11,3072,768,1,1,2367744,2376192,12332,135168,270336,33792,33792,0,8448,0,25952256,16896.0,1408.0,True
smooth_0.25,text_encoder.bert.encoder.layer.8.output.dense,linear,36,11,768,3072,1,1,2393088,2426880,3116,33792,67584,8448,8448,0,33792,0,25952256,16896.0,352.0,True
smooth_0.25,text_encoder.bert.encoder.layer.9.attention.self.query,linear,36,11,768,768,1,1,598272,606720,3116,33792,67584,8448,8448,0,8448,0,6488064,4224.0,352.0,True
smooth_0.25,text_encoder.bert.encoder.layer.9.attention.self.key,linear,36,11,768,768,1,1,598272,606720,3116,33792,67584,8448,8448,0,8448,0,6488064,4224.0,352.0,True
smooth_0.25,text_encoder.bert.encoder.layer.9.attention.self.value,linear,36,11,768,768,1,1,598272,606720,3116,33792,67584,8448,8448,0,8448,0,6488064,4224.0,352.0,True
smooth_0.25,text_encoder.bert.encoder.layer.9.attention.self,attention_qk,36,11,11,64,12,1,16896,33792,1056,5808,11616,1452,1452,0,16896,0,92928,60.5,60.5,False
smooth_0.25,text_encoder.bert.encoder.layer.9.attention.self,attention_av,36,11,64,11,12,1,9900,19800,3600,33792,67584,8448,8448,0,9900,0,92928,60.5,352.0,False
smooth_0.25,text_encoder.bert.encoder.layer.9.attention.output.dense,linear,36,11,768,768,1,1,598272,606720,3116,33792,67584,8448,8448,0,8448,0,6488064,4224.0,352.0,True
smooth_0.25,text_encoder.bert.encoder.layer.9.intermediate.dense,linear,36,11,3072,768,1,1,2367744,2376192,12332,135168,270336,33792,33792,0,8448,0,25952256,16896.0,1408.0,True
smooth_0.25,text_encoder.bert.encoder.layer.9.output.dense,linear,36,11,768,3072,1,1,2393088,2426880,3116,33792,67584,8448,8448,0,33792,0,25952256,16896.0,352.0,True
smooth_0.25,text_encoder.bert.encoder.layer.10.attention.self.query,linear,36,11,768,768,1,1,598272,606720,3116,33792,67584,8448,8448,0,8448,0,6488064,4224.0,352.0,True
smooth_0.25,text_encoder.bert.encoder.layer.10.attention.self.key,linear,36,11,768,768,1,1,598272,606720,3116,33792,67584,8448,8448,0,8448,0,6488064,4224.0,352.0,True
smooth_0.25,text_encoder.bert.encoder.layer.10.attention.self.value,linear,36,11,768,768,1,1,598272,606720,3116,33792,67584,8448,8448,0,8448,0,6488064,4224.0,352.0,True
smooth_0.25,text_encoder.bert.encoder.layer.10.attention.self,attention_qk,36,11,11,64,12,1,16896,33792,1056,5808,11616,1452,1452,0,16896,0,92928,60.5,60.5,False
smooth_0.25,text_encoder.bert.encoder.layer.10.attention.self,attention_av,36,11,64,11,12,1,9900,19800,3600,33792,67584,8448,8448,0,9900,0,92928,60.5,352.0,False
smooth_0.25,text_encoder.bert.encoder.layer.10.attention.output.dense,linear,36,11,768,768,1,1,598272,606720,3116,33792,67584,8448,8448,0,8448,0,6488064,4224.0,352.0,True
smooth_0.25,text_encoder.bert.encoder.layer.10.intermediate.dense,linear,36,11,3072,768,1,1,2367744,2376192,12332,135168,270336,33792,33792,0,8448,0,25952256,16896.0,1408.0,True
smooth_0.25,text_encoder.bert.encoder.layer.10.output.dense,linear,36,11,768,3072,1,1,2393088,2426880,3116,33792,67584,8448,8448,0,33792,0,25952256,16896.0,352.0,True
smooth_0.25,text_encoder.bert.encoder.layer.11.attention.self.query,linear,36,11,768,768,1,1,598272,606720,3116,33792,67584,8448,8448,0,8448,0,6488064,4224.0,352.0,True
smooth_0.25,text_encoder.bert.encoder.layer.11.attention.self.key,linear,36,11,768,768,1,1,598272,606720,3116,33792,67584,8448,8448,0,8448,0,6488064,4224.0,352.0,True
smooth_0.25,text_encoder.bert.encoder.layer.11.attention.self.value,linear,36,11,768,768,1,1,598272,606720,3116,33792,67584,8448,8448,0,8448,0,6488064,4224.0,352.0,True
smooth_0.25,text_encoder.bert.encoder.layer.11.attention.self,attention_qk,36,11,11,64,12,1,16896,33792,1056,5808,11616,1452,1452,0,16896,0,92928,60.5,60.5,False
smooth_0.25,text_encoder.bert.encoder.layer.11.attention.self,attention_av,36,11,64,11,12,1,9900,19800,3600,33792,67584,8448,8448,0,9900,0,92928,60.5,352.0,False
smooth_0.25,text_encoder.bert.encoder.layer.11.attention.output.dense,linear,36,11,768,768,1,1,598272,606720,3116,33792,67584,8448,8448,0,8448,0,6488064,4224.0,352.0,True
smooth_0.25,text_encoder.bert.encoder.layer.11.intermediate.dense,linear,36,11,3072,768,1,1,2367744,2376192,12332,135168,270336,33792,33792,0,8448,0,25952256,16896.0,1408.0,True
smooth_0.25,text_encoder.bert.encoder.layer.11.output.dense,linear,36,11,768,3072,1,1,2393088,2426880,3116,33792,67584,8448,8448,0,33792,0,25952256,16896.0,352.0,True
smooth_0.25,text_encoder.bert.encoder.layer.0.attention.self.query,linear,36,14,768,768,1,1,600576,611328,3128,43008,86016,10752,10752,0,10752,0,8257536,5376.0,448.0,True
smooth_0.25,text_encoder.bert.encoder.layer.0.attention.self.key,linear,36,14,768,768,1,1,600576,611328,3128,43008,86016,10752,10752,0,10752,0,8257536,5376.0,448.0,True
smooth_0.25,text_encoder.bert.encoder.layer.0.attention.self.value,linear,36,14,768,768,1,1,600576,611328,3128,43008,86016,10752,10752,0,10752,0,8257536,5376.0,448.0,True
smooth_0.25,text_encoder.bert.encoder.layer.0.attention.self,attention_qk,36,14,14,64,12,1,21504,43008,1344,9408,18816,2352,2352,0,21504,0,150528,98.0,98.0,False
smooth_0.25,text_encoder.bert.encoder.layer.0.attention.self,attention_av,36,14,64,14,12,1,13104,26208,3744,43008,86016,10752,10752,0,13104,0,150528,98.0,448.0,False
smooth_0.25,text_encoder.bert.encoder.layer.0.attention.output.dense,linear,36,14,768,768,1,1,600576,611328,3128,43008,86016,10752,10752,0,10752,0,8257536,5376.0,448.0,True
smooth_0.25,text_encoder.bert.encoder.layer.0.intermediate.dense,linear,36,14,3072,768,1,1,2370048,2380800,12344,172032,344064,43008,43008,0,10752,0,33030144,21504.0,1792.0,True
smooth_0.25,text_encoder.bert.encoder.layer.0.output.dense,linear,36,14,768,3072,1,1,2402304,2445312,3128,43008,86016,10752,10752,0,43008,0,33030144,21504.0,448.0,True
smooth_0.25,text_encoder.bert.encoder.layer.1.attention.self.query,linear,36,14,768,768,1,1,600576,611328,3128,43008,86016,10752,10752,0,10752,0,8257536,5376.0,448.0,True
smooth_0.25,text_encoder.bert.encoder.layer.1.attention.self.key,linear,36,14,768,768,1,1,600576,611328,3128,43008,86016,10752,10752,0,10752,0,8257536,5376.0,448.0,True
smooth_0.25,text_encoder.bert.encoder.layer.1.attention.self.value,linear,36,14,768,768,1,1,600576,611328,3128,43008,86016,10752,10752,0,10752,0,8257536,5376.0,448.0,True
smooth_0.25,text_encoder.bert.encoder.layer.1.attention.self,attention_qk,36,14,14,64,12,1,21504,43008,1344,9408,18816,2352,2352,0,21504,0,150528,98.0,98.0,False
smooth_0.25,text_encoder.bert.encoder.layer.1.attention.self,attention_av,36,14,64,14,12,1,13104,26208,3744,43008,86016,10752,10752,0,13104,0,150528,98.0,448.0,False
smooth_0.25,text_encoder.bert.encoder.layer.1.attention.output.dense,linear,36,14,768,768,1,1,600576,611328,3128,43008,86016,10752,10752,0,10752,0,8257536,5376.0,448.0,True
smooth_0.25,text_encoder.bert.encoder.layer.1.intermediate.dense,linear,36,14,3072,768,1,1,2370048,2380800,12344,172032,344064,43008,43008,0,10752,0,33030144,21504.0,1792.0,True
smooth_0.25,text_encoder.bert.encoder.layer.1.output.dense,linear,36,14,768,3072,1,1,2402304,2445312,3128,43008,86016,10752,10752,0,43008,0,33030144,21504.0,448.0,True
smooth_0.25,text_encoder.bert.encoder.layer.2.attention.self.query,linear,36,14,768,768,1,1,600576,611328,3128,43008,86016,10752,10752,0,10752,0,8257536,5376.0,448.0,True
smooth_0.25,text_encoder.bert.encoder.layer.2.attention.self.key,linear,36,14,768,768,1,1,600576,611328,3128,43008,86016,10752,10752,0,10752,0,8257536,5376.0,448.0,True
smooth_0.25,text_encoder.bert.encoder.layer.2.attention.self.value,linear,36,14,768,768,1,1,600576,611328,3128,43008,86016,10752,10752,0,10752,0,8257536,5376.0,448.0,True
smooth_0.25,text_encoder.bert.encoder.layer.2.attention.self,attention_qk,36,14,14,64,12,1,21504,43008,1344,9408,18816,2352,2352,0,21504,0,150528,98.0,98.0,False
smooth_0.25,text_encoder.bert.encoder.layer.2.attention.self,attention_av,36,14,64,14,12,1,13104,26208,3744,43008,86016,10752,10752,0,13104,0,150528,98.0,448.0,False
smooth_0.25,text_encoder.bert.encoder.layer.2.attention.output.dense,linear,36,14,768,768,1,1,600576,611328,3128,43008,86016,10752,10752,0,10752,0,8257536,5376.0,448.0,True
smooth_0.25,text_encoder.bert.encoder.layer.2.intermediate.dense,linear,36,14,3072,768,1,1,2370048,2380800,12344,172032,344064,43008,43008,0,10752,0,33030144,21504.0,1792.0,True
smooth_0.25,text_encoder.bert.encoder.layer.2.output.dense,linear,36,14,768,3072,1,1,2402304,2445312,3128,43008,86016,10752,10752,0,43008,0,33030144,21504.0,448.0,True
smooth_0.25,text_encoder.bert.encoder.layer.3.attention.self.query,linear,36,14,768,768,1,1,600576,611328,3128,43008,86016,10752,10752,0,10752,0,8257536,5376.0,448.0,True
smooth_0.25,text_encoder.bert.encoder.layer.3.attention.self.key,linear,36,14,768,768,1,1,600576,611328,3128,43008,86016,10752,10752,0,10752,0,8257536,5376.0,448.0,True
smooth_0.25,text_encoder.bert.encoder.layer.3.attention.self.value,linear,36,14,768,768,1,1,600576,611328,3128,43008,86016,10752,10752,0,10752,0,8257536,5376.0,448.0,True
smooth_0.25,text_encoder.bert.encoder.layer.3.attention.self,attention_qk,36,14,14,64,12,1,21504,43008,1344,9408,18816,2352,2352,0,21504,0,150528,98.0,98.0,False
smooth_0.25,text_encoder.bert.encoder.layer.3.attention.self,attention_av,36,14,64,14,12,1,13104,26208,3744,43008,86016,10752,10752,0,13104,0,150528,98.0,448.0,False
smooth_0.25,text_encoder.bert.encoder.layer.3.attention.output.dense,linear,36,14,768,768,1,1,600576,611328,3128,43008,86016,10752,10752,0,10752,0,8257536,5376.0,448.0,True
smooth_0.25,text_encoder.bert.encoder.layer.3.intermediate.dense,linear,36,14,3072,768,1,1,2370048,2380800,12344,172032,344064,43008,43008,0,10752,0,33030144,21504.0,1792.0,True
smooth_0.25,text_encoder.bert.encoder.layer.3.output.dense,linear,36,14,768,3072,1,1,2402304,2445312,3128,43008,86016,10752,10752,0,43008,0,33030144,21504.0,448.0,True
smooth_0.25,text_encoder.bert.encoder.layer.4.attention.self.query,linear,36,14,768,768,1,1,600576,611328,3128,43008,86016,10752,10752,0,10752,0,8257536,5376.0,448.0,True
smooth_0.25,text_encoder.bert.encoder.layer.4.attention.self.key,linear,36,14,768,768,1,1,600576,611328,3128,43008,86016,10752,10752,0,10752,0,8257536,5376.0,448.0,True
smooth_0.25,text_encoder.bert.encoder.layer.4.attention.self.value,linear,36,14,768,768,1,1,600576,611328,3128,43008,86016,10752,10752,0,10752,0,8257536,5376.0,448.0,True
smooth_0.25,text_encoder.bert.encoder.layer.4.attention.self,attention_qk,36,14,14,64,12,1,21504,43008,1344,9408,18816,2352,2352,0,21504,0,150528,98.0,98.0,False
smooth_0.25,text_encoder.bert.encoder.layer.4.attention.self,attention_av,36,14,64,14,12,1,13104,26208,3744,43008,86016,10752,10752,0,13104,0,150528,98.0,448.0,False
smooth_0.25,text_encoder.bert.encoder.layer.4.attention.output.dense,linear,36,14,768,768,1,1,600576,611328,3128,43008,86016,10752,10752,0,10752,0,8257536,5376.0,448.0,True
smooth_0.25,text_encoder.bert.encoder.layer.4.intermediate.dense,linear,36,14,3072,768,1,1,2370048,2380800,12344,172032,344064,43008,43008,0,10752,0,33030144,21504.0,1792.0,True
smooth_0.25,text_encoder.bert.encoder.layer.4.output.dense,linear,36,14,768,3072,1,1,2402304,2445312,3128,43008,86016,10752,10752,0,43008,0,33030144,21504.0,448.0,True
smooth_0.25,text_encoder.bert.encoder.layer.5.attention.self.query,linear,36,14,768,768,1,1,600576,611328,3128,43008,86016,10752,10752,0,10752,0,8257536,5376.0,448.0,True
smooth_0.25,text_encoder.bert.encoder.layer.5.attention.self.key,linear,36,14,768,768,1,1,600576,611328,3128,43008,86016,10752,10752,0,10752,0,8257536,5376.0,448.0,True
smooth_0.25,text_encoder.bert.encoder.layer.5.attention.self.value,linear,36,14,768,768,1,1,600576,611328,3128,43008,86016,10752,10752,0,10752,0,8257536,5376.0,448.0,True
smooth_0.25,text_encoder.bert.encoder.layer.5.attention.self,attention_qk,36,14,14,64,12,1,21504,43008,1344,9408,18816,2352,2352,0,21504,0,150528,98.0,98.0,False
smooth_0.25,text_encoder.bert.encoder.layer.5.attention.self,attention_av,36,14,64,14,12,1,13104,26208,3744,43008,86016,10752,10752,0,13104,0,150528,98.0,448.0,False
smooth_0.25,text_encoder.bert.encoder.layer.5.attention.output.dense,linear,36,14,768,768,1,1,600576,611328,3128,43008,86016,10752,10752,0,10752,0,8257536,5376.0,448.0,True
smooth_0.25,text_encoder.bert.encoder.layer.5.intermediate.dense,linear,36,14,3072,768,1,1,2370048,2380800,12344,172032,344064,43008,43008,0,10752,0,33030144,21504.0,1792.0,True
smooth_0.25,text_encoder.bert.encoder.layer.5.output.dense,linear,36,14,768,3072,1,1,2402304,2445312,3128,43008,86016,10752,10752,0,43008,0,33030144,21504.0,448.0,True
smooth_0.25,text_encoder.bert.encoder.layer.6.attention.self.query,linear,36,14,768,768,1,1,600576,611328,3128,43008,86016,10752,10752,0,10752,0,8257536,5376.0,448.0,True
smooth_0.25,text_encoder.bert.encoder.layer.6.attention.self.key,linear,36,14,768,768,1,1,600576,611328,3128,43008,86016,10752,10752,0,10752,0,8257536,5376.0,448.0,True
smooth_0.25,text_encoder.bert.encoder.layer.6.attention.self.value,linear,36,14,768,768,1,1,600576,611328,3128,43008,86016,10752,10752,0,10752,0,8257536,5376.0,448.0,True
smooth_0.25,text_encoder.bert.encoder.layer.6.attention.self,attention_qk,36,14,14,64,12,1,21504,43008,1344,9408,18816,2352,2352,0,21504,0,150528,98.0,98.0,False
smooth_0.25,text_encoder.bert.encoder.layer.6.attention.self,attention_av,36,14,64,14,12,1,13104,26208,3744,43008,86016,10752,10752,0,13104,0,150528,98.0,448.0,False
smooth_0.25,text_encoder.bert.encoder.layer.6.attention.output.dense,linear,36,14,768,768,1,1,600576,611328,3128,43008,86016,10752,10752,0,10752,0,8257536,5376.0,448.0,True
smooth_0.25,text_encoder.bert.encoder.layer.6.intermediate.dense,linear,36,14,3072,768,1,1,2370048,2380800,12344,172032,344064,43008,43008,0,10752,0,33030144,21504.0,1792.0,True
smooth_0.25,text_encoder.bert.encoder.layer.6.output.dense,linear,36,14,768,3072,1,1,2402304,2445312,3128,43008,86016,10752,10752,0,43008,0,33030144,21504.0,448.0,True
smooth_0.25,text_encoder.bert.encoder.layer.7.attention.self.query,linear,36,14,768,768,1,1,600576,611328,3128,43008,86016,10752,10752,0,10752,0,8257536,5376.0,448.0,True
smooth_0.25,text_encoder.bert.encoder.layer.7.attention.self.key,linear,36,14,768,768,1,1,600576,611328,3128,43008,86016,10752,10752,0,10752,0,8257536,5376.0,448.0,True
smooth_0.25,text_encoder.bert.encoder.layer.7.attention.self.value,linear,36,14,768,768,1,1,600576,611328,3128,43008,86016,10752,10752,0,10752,0,8257536,5376.0,448.0,True
smooth_0.25,text_encoder.bert.encoder.layer.7.attention.self,attention_qk,36,14,14,64,12,1,21504,43008,1344,9408,18816,2352,2352,0,21504,0,150528,98.0,98.0,False
smooth_0.25,text_encoder.bert.encoder.layer.7.attention.self,attention_av,36,14,64,14,12,1,13104,26208,3744,43008,86016,10752,10752,0,13104,0,150528,98.0,448.0,False
smooth_0.25,text_encoder.bert.encoder.layer.7.attention.output.dense,linear,36,14,768,768,1,1,600576,611328,3128,43008,86016,10752,10752,0,10752,0,8257536,5376.0,448.0,True
smooth_0.25,text_encoder.bert.encoder.layer.7.intermediate.dense,linear,36,14,3072,768,1,1,2370048,2380800,12344,172032,344064,43008,43008,0,10752,0,33030144,21504.0,1792.0,True
smooth_0.25,text_encoder.bert.encoder.layer.7.output.dense,linear,36,14,768,3072,1,1,2402304,2445312,3128,43008,86016,10752,10752,0,43008,0,33030144,21504.0,448.0,True
smooth_0.25,text_encoder.bert.encoder.layer.8.attention.self.query,linear,36,14,768,768,1,1,600576,611328,3128,43008,86016,10752,10752,0,10752,0,8257536,5376.0,448.0,True
smooth_0.25,text_encoder.bert.encoder.layer.8.attention.self.key,linear,36,14,768,768,1,1,600576,611328,3128,43008,86016,10752,10752,0,10752,0,8257536,5376.0,448.0,True
smooth_0.25,text_encoder.bert.encoder.layer.8.attention.self.value,linear,36,14,768,768,1,1,600576,611328,3128,43008,86016,10752,10752,0,10752,0,8257536,5376.0,448.0,True
smooth_0.25,text_encoder.bert.encoder.layer.8.attention.self,attention_qk,36,14,14,64,12,1,21504,43008,1344,9408,18816,2352,2352,0,21504,0,150528,98.0,98.0,False
smooth_0.25,text_encoder.bert.encoder.layer.8.attention.self,attention_av,36,14,64,14,12,1,13104,26208,3744,43008,86016,10752,10752,0,13104,0,150528,98.0,448.0,False
smooth_0.25,text_encoder.bert.encoder.layer.8.attention.output.dense,linear,36,14,768,768,1,1,600576,611328,3128,43008,86016,10752,10752,0,10752,0,8257536,5376.0,448.0,True
smooth_0.25,text_encoder.bert.encoder.layer.8.intermediate.dense,linear,36,14,3072,768,1,1,2370048,2380800,12344,172032,344064,43008,43008,0,10752,0,33030144,21504.0,1792.0,True
smooth_0.25,text_encoder.bert.encoder.layer.8.output.dense,linear,36,14,768,3072,1,1,2402304,2445312,3128,43008,86016,10752,10752,0,43008,0,33030144,21504.0,448.0,True
smooth_0.25,text_encoder.bert.encoder.layer.9.attention.self.query,linear,36,14,768,768,1,1,600576,611328,3128,43008,86016,10752,10752,0,10752,0,8257536,5376.0,448.0,True
smooth_0.25,text_encoder.bert.encoder.layer.9.attention.self.key,linear,36,14,768,768,1,1,600576,611328,3128,43008,86016,10752,10752,0,10752,0,8257536,5376.0,448.0,True
smooth_0.25,text_encoder.bert.encoder.layer.9.attention.self.value,linear,36,14,768,768,1,1,600576,611328,3128,43008,86016,10752,10752,0,10752,0,8257536,5376.0,448.0,True
smooth_0.25,text_encoder.bert.encoder.layer.9.attention.self,attention_qk,36,14,14,64,12,1,21504,43008,1344,9408,18816,2352,2352,0,21504,0,150528,98.0,98.0,False
smooth_0.25,text_encoder.bert.encoder.layer.9.attention.self,attention_av,36,14,64,14,12,1,13104,26208,3744,43008,86016,10752,10752,0,13104,0,150528,98.0,448.0,False
smooth_0.25,text_encoder.bert.encoder.layer.9.attention.output.dense,linear,36,14,768,768,1,1,600576,611328,3128,43008,86016,10752,10752,0,10752,0,8257536,5376.0,448.0,True
smooth_0.25,text_encoder.bert.encoder.layer.9.intermediate.dense,linear,36,14,3072,768,1,1,2370048,2380800,12344,172032,344064,43008,43008,0,10752,0,33030144,21504.0,1792.0,True
smooth_0.25,text_encoder.bert.encoder.layer.9.output.dense,linear,36,14,768,3072,1,1,2402304,2445312,3128,43008,86016,10752,10752,0,43008,0,33030144,21504.0,448.0,True
smooth_0.25,text_encoder.bert.encoder.layer.10.attention.self.query,linear,36,14,768,768,1,1,600576,611328,3128,43008,86016,10752,10752,0,10752,0,8257536,5376.0,448.0,True
smooth_0.25,text_encoder.bert.encoder.layer.10.attention.self.key,linear,36,14,768,768,1,1,600576,611328,3128,43008,86016,10752,10752,0,10752,0,8257536,5376.0,448.0,True
smooth_0.25,text_encoder.bert.encoder.layer.10.attention.self.value,linear,36,14,768,768,1,1,600576,611328,3128,43008,86016,10752,10752,0,10752,0,8257536,5376.0,448.0,True
smooth_0.25,text_encoder.bert.encoder.layer.10.attention.self,attention_qk,36,14,14,64,12,1,21504,43008,1344,9408,18816,2352,2352,0,21504,0,150528,98.0,98.0,False
smooth_0.25,text_encoder.bert.encoder.layer.10.attention.self,attention_av,36,14,64,14,12,1,13104,26208,3744,43008,86016,10752,10752,0,13104,0,150528,98.0,448.0,False
smooth_0.25,text_encoder.bert.encoder.layer.10.attention.output.dense,linear,36,14,768,768,1,1,600576,611328,3128,43008,86016,10752,10752,0,10752,0,8257536,5376.0,448.0,True
smooth_0.25,text_encoder.bert.encoder.layer.10.intermediate.dense,linear,36,14,3072,768,1,1,2370048,2380800,12344,172032,344064,43008,43008,0,10752,0,33030144,21504.0,1792.0,True
smooth_0.25,text_encoder.bert.encoder.layer.10.output.dense,linear,36,14,768,3072,1,1,2402304,2445312,3128,43008,86016,10752,10752,0,43008,0,33030144,21504.0,448.0,True
smooth_0.25,text_encoder.bert.encoder.layer.11.attention.self.query,linear,36,14,768,768,1,1,600576,611328,3128,43008,86016,10752,10752,0,10752,0,8257536,5376.0,448.0,True
smooth_0.25,text_encoder.bert.encoder.layer.11.attention.self.key,linear,36,14,768,768,1,1,600576,611328,3128,43008,86016,10752,10752,0,10752,0,8257536,5376.0,448.0,True
smooth_0.25,text_encoder.bert.encoder.layer.11.attention.self.value,linear,36,14,768,768,1,1,600576,611328,3128,43008,86016,10752,10752,0,10752,0,8257536,5376.0,448.0,True
smooth_0.25,text_encoder.bert.encoder.layer.11.attention.self,attention_qk,36,14,14,64,12,1,21504,43008,1344,9408,18816,2352,2352,0,21504,0,150528,98.0,98.0,False
smooth_0.25,text_encoder.bert.encoder.layer.11.attention.self,attention_av,36,14,64,14,12,1,13104,26208,3744,43008,86016,10752,10752,0,13104,0,150528,98.0,448.0,False
smooth_0.25,text_encoder.bert.encoder.layer.11.attention.output.dense,linear,36,14,768,768,1,1,600576,611328,3128,43008,86016,10752,10752,0,10752,0,8257536,5376.0,448.0,True
smooth_0.25,text_encoder.bert.encoder.layer.11.intermediate.dense,linear,36,14,3072,768,1,1,2370048,2380800,12344,172032,344064,43008,43008,0,10752,0,33030144,21504.0,1792.0,True
smooth_0.25,text_encoder.bert.encoder.layer.11.output.dense,linear,36,14,768,3072,1,1,2402304,2445312,3128,43008,86016,10752,10752,0,43008,0,33030144,21504.0,448.0,True
smooth_0.5,text_encoder.bert.encoder.layer.0.attention.self.query,linear,72,21,768,768,1,1,605952,622080,3156,64512,129024,16128,16128,0,16128,0,12386304,8064.0,672.0,True
smooth_0.5,text_encoder.bert.encoder.layer.0.attention.self.key,linear,72,21,768,768,1,1,605952,622080,3156,64512,129024,16128,16128,0,16128,0,12386304,8064.0,672.0,True
smooth_0.5,text_encoder.bert.encoder.layer.0.attention.self.value,linear,72,21,768,768,1,1,605952,622080,3156,64512,129024,16128,16128,0,16128,0,12386304,8064.0,672.0,True
smooth_0.5,text_encoder.bert.encoder.layer.0.attention.self,attention_qk,72,21,21,64,12,1,32256,64512,2016,21168,42336,5292,5292,0,32256,0,338688,220.5,220.5,False
smooth_0.5,text_encoder.bert.encoder.layer.0.attention.self,attention_av,72,21,64,21,12,1,21420,42840,4080,64512,129024,16128,16128,0,21420,0,338688,220.5,672.0,False
smooth_0.5,text_encoder.bert.encoder.layer.0.attention.output.dense,linear,72,21,768,768,1,1,605952,622080,3156,64512,129024,16128,16128,0,16128,0,12386304,8064.0,672.0,True
smooth_0.5,text_encoder.bert.encoder.layer.0.intermediate.dense,linear,72,21,3072,768,1,1,2375424,2391552,12372,258048,516096,64512,64512,0,16128,0,49545216,32256.0,2688.0,True
smooth_0.5,text_encoder.bert.encoder.layer.0.output.dense,linear,72,21,768,3072,1,1,2423808,2488320,3156,64512,129024,16128,16128,0,64512,0,49545216,32256.0,672.0,True
smooth_0.5,text_encoder.bert.encoder.layer.1.attention.self.query,linear,72,21,768,768,1,1,605952,622080,3156,64512,129024,16128,16128,0,16128,0,12386304,8064.0,672.0,True
smooth_0.5,text_encoder.bert.encoder.layer.1.attention.self.key,linear,72,21,768,768,1,1,605952,622080,3156,64512,129024,16128,16128,0,16128,0,12386304,8064.0,672.0,True
smooth_0.5,text_encoder.bert.encoder.layer.1.attention.self.value,linear,72,21,768,768,1,1,605952,622080,3156,64512,129024,16128,16128,0,16128,0,12386304,8064.0,672.0,True
smooth_0.5,text_encoder.bert.encoder.layer.1.attention.self,attention_qk,72,21,21,64,12,1,32256,64512,2016,21168,42336,5292,5292,0,32256,0,338688,220.5,220.5,False
smooth_0.5,text_encoder.bert.encoder.layer.1.attention.self,attention_av,72,21,64,21,12,1,21420,42840,4080,64512,129024,16128,16128,0,21420,0,338688,220.5,672.0,False
smooth_0.5,text_encoder.bert.encoder.layer.1.attention.output.dense,linear,72,21,768,768,1,1,605952,622080,3156,64512,129024,16128,16128,0,16128,0,12386304,8064.0,672.0,True
smooth_0.5,text_encoder.bert.encoder.layer.1.intermediate.dense,linear,72,21,3072,768,1,1,2375424,2391552,12372,258048,516096,64512,64512,0,16128,0,49545216,32256.0,2688.0,True
smooth_0.5,text_encoder.bert.encoder.layer.1.output.dense,linear,72,21,768,3072,1,1,2423808,2488320,3156,64512,129024,16128,16128,0,64512,0,49545216,32256.0,672.0,True
smooth_0.5,text_encoder.bert.encoder.layer.2.attention.self.query,linear,72,21,768,768,1,1,605952,622080,3156,64512,129024,16128,16128,0,16128,0,12386304,8064.0,672.0,True
smooth_0.5,text_encoder.bert.encoder.layer.2.attention.self.key,linear,72,21,768,768,1,1,605952,622080,3156,64512,129024,16128,16128,0,16128,0,12386304,8064.0,672.0,True
smooth_0.5,text_encoder.bert.encoder.layer.2.attention.self.value,linear,72,21,768,768,1,1,605952,622080,3156,64512,129024,16128,16128,0,16128,0,12386304,8064.0,672.0,True
smooth_0.5,text_encoder.bert.encoder.layer.2.attention.self,attention_qk,72,21,21,64,12,1,32256,64512,2016,21168,42336,5292,5292,0,32256,0,338688,220.5,220.5,False
smooth_0.5,text_encoder.bert.encoder.layer.2.attention.self,attention_av,72,21,64,21,12,1,21420,42840,4080,64512,129024,16128,16128,0,21420,0,338688,220.5,672.0,False
smooth_0.5,text_encoder.bert.encoder.layer.2.attention.output.dense,linear,72,21,768,768,1,1,605952,622080,3156,64512,129024,16128,16128,0,16128,0,12386304,8064.0,672.0,True
smooth_0.5,text_encoder.bert.encoder.layer.2.intermediate.dense,linear,72,21,3072,768,1,1,2375424,2391552,12372,258048,516096,64512,64512,0,16128,0,49545216,32256.0,2688.0,True
smooth_0.5,text_encoder.bert.encoder.layer.2.output.dense,linear,72,21,768,3072,1,1,2423808,2488320,3156,64512,129024,16128,16128,0,64512,0,49545216,32256.0,672.0,True
smooth_0.5,text_encoder.bert.encoder.layer.3.attention.self.query,linear,72,21,768,768,1,1,605952,622080,3156,64512,129024,16128,16128,0,16128,0,12386304,8064.0,672.0,True
smooth_0.5,text_encoder.bert.encoder.layer.3.attention.self.key,linear,72,21,768,768,1,1,605952,622080,3156,64512,129024,16128,16128,0,16128,0,12386304,8064.0,672.0,True
smooth_0.5,text_encoder.bert.encoder.layer.3.attention.self.value,linear,72,21,768,768,1,1,605952,622080,3156,64512,129024,16128,16128,0,16128,0,12386304,8064.0,672.0,True
smooth_0.5,text_encoder.bert.encoder.layer.3.attention.self,attention_qk,72,21,21,64,12,1,32256,64512,2016,21168,42336,5292,5292,0,32256,0,338688,220.5,220.5,False
smooth_0.5,text_encoder.bert.encoder.layer.3.attention.self,attention_av,72,21,64,21,12,1,21420,42840,4080,64512,129024,16128,16128,0,21420,0,338688,220.5,672.0,False
smooth_0.5,text_encoder.bert.encoder.layer.3.attention.output.dense,linear,72,21,768,768,1,1,605952,622080,3156,64512,129024,16128,16128,0,16128,0,12386304,8064.0,672.0,True
smooth_0.5,text_encoder.bert.encoder.layer.3.intermediate.dense,linear,72,21,3072,768,1,1,2375424,2391552,12372,258048,516096,64512,64512,0,16128,0,49545216,32256.0,2688.0,True
smooth_0.5,text_encoder.bert.encoder.layer.3.output.dense,linear,72,21,768,3072,1,1,2423808,2488320,3156,64512,129024,16128,16128,0,64512,0,49545216,32256.0,672.0,True
smooth_0.5,text_encoder.bert.encoder.layer.4.attention.self.query,linear,72,21,768,768,1,1,605952,622080,3156,64512,129024,16128,16128,0,16128,0,12386304,8064.0,672.0,True
smooth_0.5,text_encoder.bert.encoder.layer.4.attention.self.key,linear,72,21,768,768,1,1,605952,622080,3156,64512,129024,16128,16128,0,16128,0,12386304,8064.0,672.0,True
smooth_0.5,text_encoder.bert.encoder.layer.4.attention.self.value,linear,72,21,768,768,1,1,605952,622080,3156,64512,129024,16128,16128,0,16128,0,12386304,8064.0,672.0,True
smooth_0.5,text_encoder.bert.encoder.layer.4.attention.self,attention_qk,72,21,21,64,12,1,32256,64512,2016,21168,42336,5292,5292,0,32256,0,338688,220.5,220.5,False
smooth_0.5,text_encoder.bert.encoder.layer.4.attention.self,attention_av,72,21,64,21,12,1,21420,42840,4080,64512,129024,16128,16128,0,21420,0,338688,220.5,672.0,False
smooth_0.5,text_encoder.bert.encoder.layer.4.attention.output.dense,linear,72,21,768,768,1,1,605952,622080,3156,64512,129024,16128,16128,0,16128,0,12386304,8064.0,672.0,True
smooth_0.5,text_encoder.bert.encoder.layer.4.intermediate.dense,linear,72,21,3072,768,1,1,2375424,2391552,12372,258048,516096,64512,64512,0,16128,0,49545216,32256.0,2688.0,True
smooth_0.5,text_encoder.bert.encoder.layer.4.output.dense,linear,72,21,768,3072,1,1,2423808,2488320,3156,64512,129024,16128,16128,0,64512,0,49545216,32256.0,672.0,True
smooth_0.5,text_encoder.bert.encoder.layer.5.attention.self.query,linear,72,21,768,768,1,1,605952,622080,3156,64512,129024,16128,16128,0,16128,0,12386304,8064.0,672.0,True
smooth_0.5,text_encoder.bert.encoder.layer.5.attention.self.key,linear,72,21,768,768,1,1,605952,622080,3156,64512,129024,16128,16128,0,16128,0,12386304,8064.0,672.0,True
smooth_0.5,text_encoder.bert.encoder.layer.5.attention.self.value,linear,72,21,768,768,1,1,605952,622080,3156,64512,129024,16128,16128,0,16128,0,12386304,8064.0,672.0,True
smooth_0.5,text_encoder.bert.encoder.layer.5.attention.self,attention_qk,72,21,21,64,12,1,32256,64512,2016,21168,42336,5292,5292,0,32256,0,338688,220.5,220.5,False
smooth_0.5,text_encoder.bert.encoder.layer.5.attention.self,attention_av,72,21,64,21,12,1,21420,42840,4080,64512,129024,16128,16128,0,21420,0,338688,220.5,672.0,False
smooth_0.5,text_encoder.bert.encoder.layer.5.attention.output.dense,linear,72,21,768,768,1,1,605952,622080,3156,64512,129024,16128,16128,0,16128,0,12386304,8064.0,672.0,True
smooth_0.5,text_encoder.bert.encoder.layer.5.intermediate.dense,linear,72,21,3072,768,1,1,2375424,2391552,12372,258048,516096,64512,64512,0,16128,0,49545216,32256.0,2688.0,True
smooth_0.5,text_encoder.bert.encoder.layer.5.output.dense,linear,72,21,768,3072,1,1,2423808,2488320,3156,64512,129024,16128,16128,0,64512,0,49545216,32256.0,672.0,True
smooth_0.5,text_encoder.bert.encoder.layer.6.attention.self.query,linear,72,21,768,768,1,1,605952,622080,3156,64512,129024,16128,16128,0,16128,0,12386304,8064.0,672.0,True
smooth_0.5,text_encoder.bert.encoder.layer.6.attention.self.key,linear,72,21,768,768,1,1,605952,622080,3156,64512,129024,16128,16128,0,16128,0,12386304,8064.0,672.0,True
smooth_0.5,text_encoder.bert.encoder.layer.6.attention.self.value,linear,72,21,768,768,1,1,605952,622080,3156,64512,129024,16128,16128,0,16128,0,12386304,8064.0,672.0,True
smooth_0.5,text_encoder.bert.encoder.layer.6.attention.self,attention_qk,72,21,21,64,12,1,32256,64512,2016,21168,42336,5292,5292,0,32256,0,338688,220.5,220.5,False
smooth_0.5,text_encoder.bert.encoder.layer.6.attention.self,attention_av,72,21,64,21,12,1,21420,42840,4080,64512,129024,16128,16128,0,21420,0,338688,220.5,672.0,False
smooth_0.5,text_encoder.bert.encoder.layer.6.attention.output.dense,linear,72,21,768,768,1,1,605952,622080,3156,64512,129024,16128,16128,0,16128,0,12386304,8064.0,672.0,True
smooth_0.5,text_encoder.bert.encoder.layer.6.intermediate.dense,linear,72,21,3072,768,1,1,2375424,2391552,12372,258048,516096,64512,64512,0,16128,0,49545216,32256.0,2688.0,True
smooth_0.5,text_encoder.bert.encoder.layer.6.output.dense,linear,72,21,768,3072,1,1,2423808,2488320,3156,64512,129024,16128,16128,0,64512,0,49545216,32256.0,672.0,True
smooth_0.5,text_encoder.bert.encoder.layer.7.attention.self.query,linear,72,21,768,768,1,1,605952,622080,3156,64512,129024,16128,16128,0,16128,0,12386304,8064.0,672.0,True
smooth_0.5,text_encoder.bert.encoder.layer.7.attention.self.key,linear,72,21,768,768,1,1,605952,622080,3156,64512,129024,16128,16128,0,16128,0,12386304,8064.0,672.0,True
smooth_0.5,text_encoder.bert.encoder.layer.7.attention.self.value,linear,72,21,768,768,1,1,605952,622080,3156,64512,129024,16128,16128,0,16128,0,12386304,8064.0,672.0,True
smooth_0.5,text_encoder.bert.encoder.layer.7.attention.self,attention_qk,72,21,21,64,12,1,32256,64512,2016,21168,42336,5292,5292,0,32256,0,338688,220.5,220.5,False
smooth_0.5,text_encoder.bert.encoder.layer.7.attention.self,attention_av,72,21,64,21,12,1,21420,42840,4080,64512,129024,16128,16128,0,21420,0,338688,220.5,672.0,False
smooth_0.5,text_encoder.bert.encoder.layer.7.attention.output.dense,linear,72,21,768,768,1,1,605952,622080,3156,64512,129024,16128,16128,0,16128,0,12386304,8064.0,672.0,True
smooth_0.5,text_encoder.bert.encoder.layer.7.intermediate.dense,linear,72,21,3072,768,1,1,2375424,2391552,12372,258048,516096,64512,64512,0,16128,0,49545216,32256.0,2688.0,True
smooth_0.5,text_encoder.bert.encoder.layer.7.output.dense,linear,72,21,768,3072,1,1,2423808,2488320,3156,64512,129024,16128,16128,0,64512,0,49545216,32256.0,672.0,True
smooth_0.5,text_encoder.bert.encoder.layer.8.attention.self.query,linear,72,21,768,768,1,1,605952,622080,3156,64512,129024,16128,16128,0,16128,0,12386304,8064.0,672.0,True
smooth_0.5,text_encoder.bert.encoder.layer.8.attention.self.key,linear,72,21,768,768,1,1,605952,622080,3156,64512,129024,16128,16128,0,16128,0,12386304,8064.0,672.0,True
smooth_0.5,text_encoder.bert.encoder.layer.8.attention.self.value,linear,72,21,768,768,1,1,605952,622080,3156,64512,129024,16128,16128,0,16128,0,12386304,8064.0,672.0,True
smooth_0.5,text_encoder.bert.encoder.layer.8.attention.self,attention_qk,72,21,21,64,12,1,32256,64512,2016,21168,42336,5292,5292,0,32256,0,338688,220.5,220.5,False
smooth_0.5,text_encoder.bert.encoder.layer.8.attention.self,attention_av,72,21,64,21,12,1,21420,42840,4080,64512,129024,16128,16128,0,21420,0,338688,220.5,672.0,False
smooth_0.5,text_encoder.bert.encoder.layer.8.attention.output.dense,linear,72,21,768,768,1,1,605952,622080,3156,64512,129024,16128,16128,0,16128,0,12386304,8064.0,672.0,True
smooth_0.5,text_encoder.bert.encoder.layer.8.intermediate.dense,linear,72,21,3072,768,1,1,2375424,2391552,12372,258048,516096,64512,64512,0,16128,0,49545216,32256.0,2688.0,True
smooth_0.5,text_encoder.bert.encoder.layer.8.output.dense,linear,72,21,768,3072,1,1,2423808,2488320,3156,64512,129024,16128,16128,0,64512,0,49545216,32256.0,672.0,True
smooth_0.5,text_encoder.bert.encoder.layer.9.attention.self.query,linear,72,21,768,768,1,1,605952,622080,3156,64512,129024,16128,16128,0,16128,0,12386304,8064.0,672.0,True
smooth_0.5,text_encoder.bert.encoder.layer.9.attention.self.key,linear,72,21,768,768,1,1,605952,622080,3156,64512,129024,16128,16128,0,16128,0,12386304,8064.0,672.0,True
smooth_0.5,text_encoder.bert.encoder.layer.9.attention.self.value,linear,72,21,768,768,1,1,605952,622080,3156,64512,129024,16128,16128,0,16128,0,12386304,8064.0,672.0,True
smooth_0.5,text_encoder.bert.encoder.layer.9.attention.self,attention_qk,72,21,21,64,12,1,32256,64512,2016,21168,42336,5292,5292,0,32256,0,338688,220.5,220.5,False
smooth_0.5,text_encoder.bert.encoder.layer.9.attention.self,attention_av,72,21,64,21,12,1,21420,42840,4080,64512,129024,16128,16128,0,21420,0,338688,220.5,672.0,False
smooth_0.5,text_encoder.bert.encoder.layer.9.attention.output.dense,linear,72,21,768,768,1,1,605952,622080,3156,64512,129024,16128,16128,0,16128,0,12386304,8064.0,672.0,True
smooth_0.5,text_encoder.bert.encoder.layer.9.intermediate.dense,linear,72,21,3072,768,1,1,2375424,2391552,12372,258048,516096,64512,64512,0,16128,0,49545216,32256.0,2688.0,True
smooth_0.5,text_encoder.bert.encoder.layer.9.output.dense,linear,72,21,768,3072,1,1,2423808,2488320,3156,64512,129024,16128,16128,0,64512,0,49545216,32256.0,672.0,True
smooth_0.5,text_encoder.bert.encoder.layer.10.attention.self.query,linear,72,21,768,768,1,1,605952,622080,3156,64512,129024,16128,16128,0,16128,0,12386304,8064.0,672.0,True
smooth_0.5,text_encoder.bert.encoder.layer.10.attention.self.key,linear,72,21,768,768,1,1,605952,622080,3156,64512,129024,16128,16128,0,16128,0,12386304,8064.0,672.0,True
smooth_0.5,text_encoder.bert.encoder.layer.10.attention.self.value,linear,72,21,768,768,1,1,605952,622080,3156,64512,129024,16128,16128,0,16128,0,12386304,8064.0,672.0,True
smooth_0.5,text_encoder.bert.encoder.layer.10.attention.self,attention_qk,72,21,21,64,12,1,32256,64512,2016,21168,42336,5292,5292,0,32256,0,338688,220.5,220.5,False
smooth_0.5,text_encoder.bert.encoder.layer.10.attention.self,attention_av,72,21,64,21,12,1,21420,42840,4080,64512,129024,16128,16128,0,21420,0,338688,220.5,672.0,False
smooth_0.5,text_encoder.bert.encoder.layer.10.attention.output.dense,linear,72,21,768,768,1,1,605952,622080,3156,64512,129024,16128,16128,0,16128,0,12386304,8064.0,672.0,True
smooth_0.5,text_encoder.bert.encoder.layer.10.intermediate.dense,linear,72,21,3072,768,1,1,2375424,2391552,12372,258048,516096,64512,64512,0,16128,0,49545216,32256.0,2688.0,True
smooth_0.5,text_encoder.bert.encoder.layer.10.output.dense,linear,72,21,768,3072,1,1,2423808,2488320,3156,64512,129024,16128,16128,0,64512,0,49545216,32256.0,672.0,True
smooth_0.5,text_encoder.bert.encoder.layer.11.attention.self.query,linear,72,21,768,768,1,1,605952,622080,3156,64512,129024,16128,16128,0,16128,0,12386304,8064.0,672.0,True
smooth_0.5,text_encoder.bert.encoder.layer.11.attention.self.key,linear,72,21,768,768,1,1,605952,622080,3156,64512,129024,16128,16128,0,16128,0,12386304,8064.0,672.0,True
smooth_0.5,text_encoder.bert.encoder.layer.11.attention.self.value,linear,72,21,768,768,1,1,605952,622080,3156,64512,129024,16128,16128,0,16128,0,12386304,8064.0,672.0,True
smooth_0.5,text_encoder.bert.encoder.layer.11.attention.self,attention_qk,72,21,21,64,12,1,32256,64512,2016,21168,42336,5292,5292,0,32256,0,338688,220.5,220.5,False
smooth_0.5,text_encoder.bert.encoder.layer.11.attention.self,attention_av,72,21,64,21,12,1,21420,42840,4080,64512,129024,16128,16128,0,21420,0,338688,220.5,672.0,False
smooth_0.5,text_encoder.bert.encoder.layer.11.attention.output.dense,linear,72,21,768,768,1,1,605952,622080,3156,64512,129024,16128,16128,0,16128,0,12386304,8064.0,672.0,True
smooth_0.5,text_encoder.bert.encoder.layer.11.intermediate.dense,linear,72,21,3072,768,1,1,2375424,2391552,12372,258048,516096,64512,64512,0,16128,0,49545216,32256.0,2688.0,True
smooth_0.5,text_encoder.bert.encoder.layer.11.output.dense,linear,72,21,768,3072,1,1,2423808,2488320,3156,64512,129024,16128,16128,0,64512,0,49545216,32256.0,672.0,True
smooth_0.5,text_encoder.bert.pooler.dense,linear,144,1,768,768,1,1,590592,591360,3076,3072,6144,768,768,0,768,0,589824,384.0,32.0,True
smooth_0.5,text_encoder.text_projection,linear,144,21,256,768,1,1,212736,228864,1108,21504,43008,5376,5376,0,16128,0,4128768,2688.0,224.0,True
smooth_0.5,vision_encoder.backbone.embeddings.patch_embeddings,conv2d,288,256,768,768,1,1,786432,983040,4096,786432,1572864,196608,196608,0,196608,0,150994944,98304.0,8192.0,True
smooth_0.5,vision_encoder.backbone.layer.0.attention.q_proj,linear,288,261,768,768,1,1,790272,990720,4116,801792,1603584,200448,200448,0,200448,0,153944064,100224.0,8352.0,True
smooth_0.5,vision_encoder.backbone.layer.0.attention.k_proj,linear,288,261,768,768,1,1,790272,990720,4116,801792,1603584,200448,200448,0,200448,0,153944064,100224.0,8352.0,True
smooth_0.5,vision_encoder.backbone.layer.0.attention.v_proj,linear,288,261,768,768,1,1,790272,990720,4116,801792,1603584,200448,200448,0,200448,0,153944064,100224.0,8352.0,True
smooth_0.5,vision_encoder.backbone.layer.0.attention,attention_qk,288,261,261,64,12,1,400896,801792,25056,3269808,6539616,817452,817452,0,400896,0,52316928,34060.5,34060.5,False
smooth_0.5,vision_encoder.backbone.layer.0.attention,attention_av,288,261,64,261,12,1,1017900,2035800,15600,801792,1603584,200448,200448,0,1017900,0,52316928,34060.5,8352.0,False
smooth_0.5,vision_encoder.backbone.layer.0.attention.o_proj,linear,288,261,768,768,1,1,790272,990720,4116,801792,1603584,200448,200448,0,200448,0,153944064,100224.0,8352.0,True
smooth_0.5,vision_encoder.backbone.layer.0.mlp.up_proj,linear,288,261,3072,768,1,1,2559744,2760192,13332,3207168,6414336,801792,801792,0,200448,0,615776256,400896.0,33408.0,True
smooth_0.5,vision_encoder.backbone.layer.0.mlp.down_proj,linear,288,261,768,3072,1,1,3161088,3962880,4116,801792,1603584,200448,200448,0,801792,0,615776256,400896.0,8352.0,True
smooth_0.5,vision_encoder.backbone.layer.1.attention.q_proj,linear,288,261,768,768,1,1,790272,990720,4116,801792,1603584,200448,200448,0,200448,0,153944064,100224.0,8352.0,True
smooth_0.5,vision_encoder.backbone.layer.1.attention.k_proj,linear,288,261,768,768,1,1,790272,990720,4116,801792,1603584,200448,200448,0,200448,0,153944064,100224.0,8352.0,True
smooth_0.5,vision_encoder.backbone.layer.1.attention.v_proj,linear,288,261,768,768,1,1,790272,990720,4116,801792,1603584,200448,200448,0,200448,0,153944064,100224.0,8352.0,True
smooth_0.5,vision_encoder.backbone.layer.1.attention,attention_qk,288,261,261,64,12,1,400896,801792,25056,3269808,6539616,817452,817452,0,400896,0,52316928,34060.5,34060.5,False
smooth_0.5,vision_encoder.backbone.layer.1.attention,attention_av,288,261,64,261,12,1,1017900,2035800,15600,801792,1603584,200448,200448,0,1017900,0,52316928,34060.5,8352.0,False
smooth_0.5,vision_encoder.backbone.layer.1.attention.o_proj,linear,288,261,768,768,1,1,790272,990720,4116,801792,1603584,200448,200448,0,200448,0,153944064,100224.0,8352.0,True
smooth_0.5,vision_encoder.backbone.layer.1.mlp.up_proj,linear,288,261,3072,768,1,1,2559744,2760192,13332,3207168,6414336,801792,801792,0,200448,0,615776256,400896.0,33408.0,True
smooth_0.5,vision_encoder.backbone.layer.1.mlp.down_proj,linear,288,261,768,3072,1,1,3161088,3962880,4116,801792,1603584,200448,200448,0,801792,0,615776256,400896.0,8352.0,True
smooth_0.5,vision_encoder.backbone.layer.2.attention.q_proj,linear,288,261,768,768,1,1,790272,990720,4116,801792,1603584,200448,200448,0,200448,0,153944064,100224.0,8352.0,True
smooth_0.5,vision_encoder.backbone.layer.2.attention.k_proj,linear,288,261,768,768,1,1,790272,990720,4116,801792,1603584,200448,200448,0,200448,0,153944064,100224.0,8352.0,True
smooth_0.5,vision_encoder.backbone.layer.2.attention.v_proj,linear,288,261,768,768,1,1,790272,990720,4116,801792,1603584,200448,200448,0,200448,0,153944064,100224.0,8352.0,True
smooth_0.5,vision_encoder.backbone.layer.2.attention,attention_qk,288,261,261,64,12,1,400896,801792,25056,3269808,6539616,817452,817452,0,400896,0,52316928,34060.5,34060.5,False
smooth_0.5,vision_encoder.backbone.layer.2.attention,attention_av,288,261,64,261,12,1,1017900,2035800,15600,801792,1603584,200448,200448,0,1017900,0,52316928,34060.5,8352.0,False
smooth_0.5,vision_encoder.backbone.layer.2.attention.o_proj,linear,288,261,768,768,1,1,790272,990720,4116,801792,1603584,200448,200448,0,200448,0,153944064,100224.0,8352.0,True
smooth_0.5,vision_encoder.backbone.layer.2.mlp.up_proj,linear,288,261,3072,768,1,1,2559744,2760192,13332,3207168,6414336,801792,801792,0,200448,0,615776256,400896.0,33408.0,True
smooth_0.5,vision_encoder.backbone.layer.2.mlp.down_proj,linear,288,261,768,3072,1,1,3161088,3962880,4116,801792,1603584,200448,200448,0,801792,0,615776256,400896.0,8352.0,True
smooth_0.5,vision_encoder.backbone.layer.3.attention.q_proj,linear,288,261,768,768,1,1,790272,990720,4116,801792,1603584,200448,200448,0,200448,0,153944064,100224.0,8352.0,True
smooth_0.5,vision_encoder.backbone.layer.3.attention.k_proj,linear,288,261,768,768,1,1,790272,990720,4116,801792,1603584,200448,200448,0,200448,0,153944064,100224.0,8352.0,True
smooth_0.5,vision_encoder.backbone.layer.3.attention.v_proj,linear,288,261,768,768,1,1,790272,990720,4116,801792,1603584,200448,200448,0,200448,0,153944064,100224.0,8352.0,True
smooth_0.5,vision_encoder.backbone.layer.3.attention,attention_qk,288,261,261,64,12,1,400896,801792,25056,3269808,6539616,817452,817452,0,400896,0,52316928,34060.5,34060.5,False
smooth_0.5,vision_encoder.backbone.layer.3.attention,attention_av,288,261,64,261,12,1,1017900,2035800,15600,801792,1603584,200448,200448,0,1017900,0,52316928,34060.5,8352.0,False
smooth_0.5,vision_encoder.backbone.layer.3.attention.o_proj,linear,288,261,768,768,1,1,790272,990720,4116,801792,1603584,200448,200448,0,200448,0,153944064,100224.0,8352.0,True
smooth_0.5,vision_encoder.backbone.layer.3.mlp.up_proj,linear,288,261,3072,768,1,1,2559744,2760192,13332,3207168,6414336,801792,801792,0,200448,0,615776256,400896.0,33408.0,True
smooth_0.5,vision_encoder.backbone.layer.3.mlp.down_proj,linear,288,261,768,3072,1,1,3161088,3962880,4116,801792,1603584,200448,200448,0,801792,0,615776256,400896.0,8352.0,True
smooth_0.5,vision_encoder.backbone.layer.4.attention.q_proj,linear,288,261,768,768,1,1,790272,990720,4116,801792,1603584,200448,200448,0,200448,0,153944064,100224.0,8352.0,True
smooth_0.5,vision_encoder.backbone.layer.4.attention.k_proj,linear,288,261,768,768,1,1,790272,990720,4116,801792,1603584,200448,200448,0,200448,0,153944064,100224.0,8352.0,True
smooth_0.5,vision_encoder.backbone.layer.4.attention.v_proj,linear,288,261,768,768,1,1,790272,990720,4116,801792,1603584,200448,200448,0,200448,0,153944064,100224.0,8352.0,True
smooth_0.5,vision_encoder.backbone.layer.4.attention,attention_qk,288,261,261,64,12,1,400896,801792,25056,3269808,6539616,817452,817452,0,400896,0,52316928,34060.5,34060.5,False
smooth_0.5,vision_encoder.backbone.layer.4.attention,attention_av,288,261,64,261,12,1,1017900,2035800,15600,801792,1603584,200448,200448,0,1017900,0,52316928,34060.5,8352.0,False
smooth_0.5,vision_encoder.backbone.layer.4.attention.o_proj,linear,288,261,768,768,1,1,790272,990720,4116,801792,1603584,200448,200448,0,200448,0,153944064,100224.0,8352.0,True
smooth_0.5,vision_encoder.backbone.layer.4.mlp.up_proj,linear,288,261,3072,768,1,1,2559744,2760192,13332,3207168,6414336,801792,801792,0,200448,0,615776256,400896.0,33408.0,True
smooth_0.5,vision_encoder.backbone.layer.4.mlp.down_proj,linear,288,261,768,3072,1,1,3161088,3962880,4116,801792,1603584,200448,200448,0,801792,0,615776256,400896.0,8352.0,True
smooth_0.5,vision_encoder.backbone.layer.5.attention.q_proj,linear,288,261,768,768,1,1,790272,990720,4116,801792,1603584,200448,200448,0,200448,0,153944064,100224.0,8352.0,True
smooth_0.5,vision_encoder.backbone.layer.5.attention.k_proj,linear,288,261,768,768,1,1,790272,990720,4116,801792,1603584,200448,200448,0,200448,0,153944064,100224.0,8352.0,True
smooth_0.5,vision_encoder.backbone.layer.5.attention.v_proj,linear,288,261,768,768,1,1,790272,990720,4116,801792,1603584,200448,200448,0,200448,0,153944064,100224.0,8352.0,True
smooth_0.5,vision_encoder.backbone.layer.5.attention,attention_qk,288,261,261,64,12,1,400896,801792,25056,3269808,6539616,817452,817452,0,400896,0,52316928,34060.5,34060.5,False
smooth_0.5,vision_encoder.backbone.layer.5.attention,attention_av,288,261,64,261,12,1,1017900,2035800,15600,801792,1603584,200448,200448,0,1017900,0,52316928,34060.5,8352.0,False
smooth_0.5,vision_encoder.backbone.layer.5.attention.o_proj,linear,288,261,768,768,1,1,790272,990720,4116,801792,1603584,200448,200448,0,200448,0,153944064,100224.0,8352.0,True
smooth_0.5,vision_encoder.backbone.layer.5.mlp.up_proj,linear,288,261,3072,768,1,1,2559744,2760192,13332,3207168,6414336,801792,801792,0,200448,0,615776256,400896.0,33408.0,True
smooth_0.5,vision_encoder.backbone.layer.5.mlp.down_proj,linear,288,261,768,3072,1,1,3161088,3962880,4116,801792,1603584,200448,200448,0,801792,0,615776256,400896.0,8352.0,True
smooth_0.5,vision_encoder.backbone.layer.6.attention.q_proj,linear,288,261,768,768,1,1,790272,990720,4116,801792,1603584,200448,200448,0,200448,0,153944064,100224.0,8352.0,True
smooth_0.5,vision_encoder.backbone.layer.6.attention.k_proj,linear,288,261,768,768,1,1,790272,990720,4116,801792,1603584,200448,200448,0,200448,0,153944064,100224.0,8352.0,True
smooth_0.5,vision_encoder.backbone.layer.6.attention.v_proj,linear,288,261,768,768,1,1,790272,990720,4116,801792,1603584,200448,200448,0,200448,0,153944064,100224.0,8352.0,True
smooth_0.5,vision_encoder.backbone.layer.6.attention,attention_qk,288,261,261,64,12,1,400896,801792,25056,3269808,6539616,817452,817452,0,400896,0,52316928,34060.5,34060.5,False
smooth_0.5,vision_encoder.backbone.layer.6.attention,attention_av,288,261,64,261,12,1,1017900,2035800,15600,801792,1603584,200448,200448,0,1017900,0,52316928,34060.5,8352.0,False
smooth_0.5,vision_encoder.backbone.layer.6.attention.o_proj,linear,288,261,768,768,1,1,790272,990720,4116,801792,1603584,200448,200448,0,200448,0,153944064,100224.0,8352.0,True
smooth_0.5,vision_encoder.backbone.layer.6.mlp.up_proj,linear,288,261,3072,768,1,1,2559744,2760192,13332,3207168,6414336,801792,801792,0,200448,0,615776256,400896.0,33408.0,True
smooth_0.5,vision_encoder.backbone.layer.6.mlp.down_proj,linear,288,261,768,3072,1,1,3161088,3962880,4116,801792,1603584,200448,200448,0,801792,0,615776256,400896.0,8352.0,True
smooth_0.5,vision_encoder.backbone.layer.7.attention.q_proj,linear,288,261,768,768,1,1,790272,990720,4116,801792,1603584,200448,200448,0,200448,0,153944064,100224.0,8352.0,True
smooth_0.5,vision_encoder.backbone.layer.7.attention.k_proj,linear,288,261,768,768,1,1,790272,990720,4116,801792,1603584,200448,200448,0,200448,0,153944064,100224.0,8352.0,True
smooth_0.5,vision_encoder.backbone.layer.7.attention.v_proj,linear,288,261,768,768,1,1,790272,990720,4116,801792,1603584,200448,200448,0,200448,0,153944064,100224.0,8352.0,True
smooth_0.5,vision_encoder.backbone.layer.7.attention,attention_qk,288,261,261,64,12,1,400896,801792,25056,3269808,6539616,817452,817452,0,400896,0,52316928,34060.5,34060.5,False
smooth_0.5,vision_encoder.backbone.layer.7.attention,attention_av,288,261,64,261,12,1,1017900,2035800,15600,801792,1603584,200448,200448,0,1017900,0,52316928,34060.5,8352.0,False
smooth_0.5,vision_encoder.backbone.layer.7.attention.o_proj,linear,288,261,768,768,1,1,790272,990720,4116,801792,1603584,200448,200448,0,200448,0,153944064,100224.0,8352.0,True
smooth_0.5,vision_encoder.backbone.layer.7.mlp.up_proj,linear,288,261,3072,768,1,1,2559744,2760192,13332,3207168,6414336,801792,801792,0,200448,0,615776256,400896.0,33408.0,True
smooth_0.5,vision_encoder.backbone.layer.7.mlp.down_proj,linear,288,261,768,3072,1,1,3161088,3962880,4116,801792,1603584,200448,200448,0,801792,0,615776256,400896.0,8352.0,True
smooth_0.5,vision_encoder.backbone.layer.8.attention.q_proj,linear,288,261,768,768,1,1,790272,990720,4116,801792,1603584,200448,200448,0,200448,0,153944064,100224.0,8352.0,True
smooth_0.5,vision_encoder.backbone.layer.8.attention.k_proj,linear,288,261,768,768,1,1,790272,990720,4116,801792,1603584,200448,200448,0,200448,0,153944064,100224.0,8352.0,True
smooth_0.5,vision_encoder.backbone.layer.8.attention.v_proj,linear,288,261,768,768,1,1,790272,990720,4116,801792,1603584,200448,200448,0,200448,0,153944064,100224.0,8352.0,True
smooth_0.5,vision_encoder.backbone.layer.8.attention,attention_qk,288,261,261,64,12,1,400896,801792,25056,3269808,6539616,817452,817452,0,400896,0,52316928,34060.5,34060.5,False
smooth_0.5,vision_encoder.backbone.layer.8.attention,attention_av,288,261,64,261,12,1,1017900,2035800,15600,801792,1603584,200448,200448,0,1017900,0,52316928,34060.5,8352.0,False
smooth_0.5,vision_encoder.backbone.layer.8.attention.o_proj,linear,288,261,768,768,1,1,790272,990720,4116,801792,1603584,200448,200448,0,200448,0,153944064,100224.0,8352.0,True
smooth_0.5,vision_encoder.backbone.layer.8.mlp.up_proj,linear,288,261,3072,768,1,1,2559744,2760192,13332,3207168,6414336,801792,801792,0,200448,0,615776256,400896.0,33408.0,True
smooth_0.5,vision_encoder.backbone.layer.8.mlp.down_proj,linear,288,261,768,3072,1,1,3161088,3962880,4116,801792,1603584,200448,200448,0,801792,0,615776256,400896.0,8352.0,True
smooth_0.5,vision_encoder.backbone.layer.9.attention.q_proj,linear,288,261,768,768,1,1,790272,990720,4116,801792,1603584,200448,200448,0,200448,0,153944064,100224.0,8352.0,True
smooth_0.5,vision_encoder.backbone.layer.9.attention.k_proj,linear,288,261,768,768,1,1,790272,990720,4116,801792,1603584,200448,200448,0,200448,0,153944064,100224.0,8352.0,True
smooth_0.5,vision_encoder.backbone.layer.9.attention.v_proj,linear,288,261,768,768,1,1,790272,990720,4116,801792,1603584,200448,200448,0,200448,0,153944064,100224.0,8352.0,True
smooth_0.5,vision_encoder.backbone.layer.9.attention,attention_qk,288,261,261,64,12,1,400896,801792,25056,3269808,6539616,817452,817452,0,400896,0,52316928,34060.5,34060.5,False
smooth_0.5,vision_encoder.backbone.layer.9.attention,attention_av,288,261,64,261,12,1,1017900,2035800,15600,801792,1603584,200448,200448,0,1017900,0,52316928,34060.5,8352.0,False
smooth_0.5,vision_encoder.backbone.layer.9.attention.o_proj,linear,288,261,768,768,1,1,790272,990720,4116,801792,1603584,200448,200448,0,200448,0,153944064,100224.0,8352.0,True
smooth_0.5,vision_encoder.backbone.layer.9.mlp.up_proj,linear,288,261,3072,768,1,1,2559744,2760192,13332,3207168,6414336,801792,801792,0,200448,0,615776256,400896.0,33408.0,True
smooth_0.5,vision_encoder.backbone.layer.9.mlp.down_proj,linear,288,261,768,3072,1,1,3161088,3962880,4116,801792,1603584,200448,200448,0,801792,0,615776256,400896.0,8352.0,True
smooth_0.5,vision_encoder.backbone.layer.10.attention.q_proj,linear,288,261,768,768,1,1,790272,990720,4116,801792,1603584,200448,200448,0,200448,0,153944064,100224.0,8352.0,True
smooth_0.5,vision_encoder.backbone.layer.10.attention.k_proj,linear,288,261,768,768,1,1,790272,990720,4116,801792,1603584,200448,200448,0,200448,0,153944064,100224.0,8352.0,True
smooth_0.5,vision_encoder.backbone.layer.10.attention.v_proj,linear,288,261,768,768,1,1,790272,990720,4116,801792,1603584,200448,200448,0,200448,0,153944064,100224.0,8352.0,True
smooth_0.5,vision_encoder.backbone.layer.10.attention,attention_qk,288,261,261,64,12,1,400896,801792,25056,3269808,6539616,817452,817452,0,400896,0,52316928,34060.5,34060.5,False
smooth_0.5,vision_encoder.backbone.layer.10.attention,attention_av,288,261,64,261,12,1,1017900,2035800,15600,801792,1603584,200448,200448,0,1017900,0,52316928,34060.5,8352.0,False
smooth_0.5,vision_encoder.backbone.layer.10.attention.o_proj,linear,288,261,768,768,1,1,790272,990720,4116,801792,1603584,200448,200448,0,200448,0,153944064,100224.0,8352.0,True
smooth_0.5,vision_encoder.backbone.layer.10.mlp.up_proj,linear,288,261,3072,768,1,1,2559744,2760192,13332,3207168,6414336,801792,801792,0,200448,0,615776256,400896.0,33408.0,True
smooth_0.5,vision_encoder.backbone.layer.10.mlp.down_proj,linear,288,261,768,3072,1,1,3161088,3962880,4116,801792,1603584,200448,200448,0,801792,0,615776256,400896.0,8352.0,True
smooth_0.5,vision_encoder.backbone.layer.11.attention.q_proj,linear,288,261,768,768,1,1,790272,990720,4116,801792,1603584,200448,200448,0,200448,0,153944064,100224.0,8352.0,True
smooth_0.5,vision_encoder.backbone.layer.11.attention.k_proj,linear,288,261,768,768,1,1,790272,990720,4116,801792,1603584,200448,200448,0,200448,0,153944064,100224.0,8352.0,True
smooth_0.5,vision_encoder.backbone.layer.11.attention.v_proj,linear,288,261,768,768,1,1,790272,990720,4116,801792,1603584,200448,200448,0,200448,0,153944064,100224.0,8352.0,True
smooth_0.5,vision_encoder.backbone.layer.11.attention,attention_qk,288,261,261,64,12,1,400896,801792,25056,3269808,6539616,817452,817452,0,400896,0,52316928,34060.5,34060.5,False
smooth_0.5,vision_encoder.backbone.layer.11.attention,attention_av,288,261,64,261,12,1,1017900,2035800,15600,801792,1603584,200448,200448,0,1017900,0,52316928,34060.5,8352.0,False
smooth_0.5,vision_encoder.backbone.layer.11.attention.o_proj,linear,288,261,768,768,1,1,790272,990720,4116,801792,1603584,200448,200448,0,200448,0,153944064,100224.0,8352.0,True
smooth_0.5,vision_encoder.backbone.layer.11.mlp.up_proj,linear,288,261,3072,768,1,1,2559744,2760192,13332,3207168,6414336,801792,801792,0,200448,0,615776256,400896.0,33408.0,True
smooth_0.5,vision_encoder.backbone.layer.11.mlp.down_proj,linear,288,261,768,3072,1,1,3161088,3962880,4116,801792,1603584,200448,200448,0,801792,0,615776256,400896.0,8352.0,True
smooth_0.5,vision_projection.skip,linear,144,256,256,768,2,1,589824,983040,3072,524288,1048576,131072,131072,0,393216,0,100663296,65536.0,5461.333333333333,True
smooth_0.5,vision_projection.mlp.0,linear,144,256,1024,768,2,1,1179648,1572864,6144,2097152,4194304,524288,524288,0,393216,0,402653184,262144.0,21845.333333333332,True
smooth_0.5,vision_projection.mlp.3,linear,144,256,256,1024,2,1,786432,1310720,3072,524288,1048576,131072,131072,0,524288,0,134217728,87381.33333333333,5461.333333333333,True
smooth_0.5,vision_language_interaction.fusion_layers.0.attn.v_proj,linear,144,512,1024,256,1,1,393216,524288,6144,2097152,4194304,524288,524288,0,131072,0,134217728,87381.33333333333,21845.333333333332,True
smooth_0.5,vision_language_interaction.fusion_layers.0.attn.l_proj,linear,144,21,1024,256,1,1,267520,272896,4180,86016,172032,21504,21504,0,5376,0,5505024,3584.0,896.0,True
smooth_0.5,vision_language_interaction.fusion_layers.0.attn.values_v_proj,linear,144,512,1024,256,1,1,393216,524288,6144,2097152,4194304,524288,524288,0,131072,0,134217728,87381.33333333333,21845.333333333332,True
smooth_0.5,vision_language_interaction.fusion_layers.0.attn.values_l_proj,linear,144,21,1024,256,1,1,267520,272896,4180,86016,172032,21504,21504,0,5376,0,5505024,3584.0,896.0,True
smooth_0.5,vision_language_interaction.fusion_layers.0.attn,bmm,144,512,21,256,4,1,545792,1091584,8528,172032,344064,43008,43008,0,545792,0,11010048,7168.0,1792.0,False
smooth_0.5,vision_language_interaction.fusion_layers.0.attn,bmm,144,512,256,21,4,1,64512,129024,12288,2097152,4194304,524288,524288,0,64512,0,11010048,7168.0,21845.333333333332,False
smooth_0.5,vision_language_interaction.fusion_layers.0.attn,bmm,144,21,256,512,4,1,567296,1134592,4432,86016,172032,21504,21504,0,567296,0,11010048,7168.0,896.0,False
smooth_0.5,vision_language_interaction.fusion_layers.0.attn.out_v_proj,linear,144,512,256,1024,1,1,786432,1310720,3072,524288,1048576,131072,131072,0,524288,0,134217728,87381.33333333333,5461.333333333333,True
smooth_0.5,vision_language_interaction.fusion_layers.0.attn.out_l_proj,linear,144,21,256,1024,1,1,283648,305152,1108,21504,43008,5376,5376,0,21504,0,5505024,3584.0,224.0,True
smooth_0.5,vision_language_interaction.text_layers.0.self_attn,linear,144,1,768,256,21,1,201984,207360,3156,64512,129024,16128,16128,0,5376,0,4128768,2688.0,672.0,True
smooth_0.5,vision_language_interaction.text_layers.0.self_attn,baddbmm,144,21,21,64,4,1,10752,21504,672,7056,14112,1764,1764,0,10752,0,112896,73.5,73.5,False
smooth_0.5,vision_language_interaction.text_layers.0.self_attn,bmm,144,21,64,21,4,1,7140,14280,1360,21504,43008,5376,5376,0,7140,0,112896,73.5,224.0,False
smooth_0.5,vision_language_interaction.text_layers.0.self_attn,linear,144,21,256,256,1,1,70912,76288,1108,21504,43008,5376,5376,0,5376,0,1376256,896.0,224.0,True
smooth_0.5,vision_language_interaction.text_layers.0.linear1,linear,144,1,1024,256,21,1,267520,272896,4180,86016,172032,21504,21504,0,5376,0,5505024,3584.0,896.0,True
smooth_0.5,vision_language_interaction.text_layers.0.linear2,linear,144,1,256,1024,21,1,283648,305152,1108,21504,43008,5376,5376,0,21504,0,5505024,3584.0,224.0,True
smooth_0.5,vision_language_interaction.fusion_layers.1.attn.v_proj,linear,144,512,1024,256,1,1,393216,524288,6144,2097152,4194304,524288,524288,0,131072,0,134217728,87381.33333333333,21845.333333333332,True
smooth_0.5,vision_language_interaction.fusion_layers.1.attn.l_proj,linear,144,21,1024,256,1,1,267520,272896,4180,86016,172032,21504,21504,0,5376,0,5505024,3584.0,896.0,True
smooth_0.5,vision_language_interaction.fusion_layers.1.attn.values_v_proj,linear,144,512,1024,256,1,1,393216,524288,6144,2097152,4194304,524288,524288,0,131072,0,134217728,87381.33333333333,21845.333333333332,True
smooth_0.5,vision_language_interaction.fusion_layers.1.attn.values_l_proj,linear,144,21,1024,256,1,1,267520,272896,4180,86016,172032,21504,21504,0,5376,0,5505024,3584.0,896.0,True
smooth_0.5,vision_language_interaction.fusion_layers.1.attn,bmm,144,512,21,256,4,1,545792,1091584,8528,172032,344064,43008,43008,0,545792,0,11010048,7168.0,1792.0,False
smooth_0.5,vision_language_interaction.fusion_layers.1.attn,bmm,144,512,256,21,4,1,64512,129024,12288,2097152,4194304,524288,524288,0,64512,0,11010048,7168.0,21845.333333333332,False
smooth_0.5,vision_language_interaction.fusion_layers.1.attn,bmm,144,21,256,512,4,1,567296,1134592,4432,86016,172032,21504,21504,0,567296,0,11010048,7168.0,896.0,False
smooth_0.5,vision_language_interaction.fusion_layers.1.attn.out_v_proj,linear,144,512,256,1024,1,1,786432,1310720,3072,524288,1048576,131072,131072,0,524288,0,134217728,87381.33333333333,5461.333333333333,True
smooth_0.5,vision_language_interaction.fusion_layers.1.attn.out_l_proj,linear,144,21,256,1024,1,1,283648,305152,1108,21504,43008,5376,5376,0,21504,0,5505024,3584.0,224.0,True
smooth_0.5,vision_language_interaction.text_layers.1.self_attn,linear,144,1,768,256,21,1,201984,207360,3156,64512,129024,16128,16128,0,5376,0,4128768,2688.0,672.0,True
smooth_0.5,vision_language_interaction.text_layers.1.self_attn,baddbmm,144,21,21,64,4,1,10752,21504,672,7056,14112,1764,1764,0,10752,0,112896,73.5,73.5,False
smooth_0.5,vision_language_interaction.text_layers.1.self_attn,bmm,144,21,64,21,4,1,7140,14280,1360,21504,43008,5376,5376,0,7140,0,112896,73.5,224.0,False
smooth_0.5,vision_language_interaction.text_layers.1.self_attn,linear,144,21,256,256,1,1,70912,76288,1108,21504,43008,5376,5376,0,5376,0,1376256,896.0,224.0,True
smooth_0.5,vision_language_interaction.text_layers.1.linear1,linear,144,1,1024,256,21,1,267520,272896,4180,86016,172032,21504,21504,0,5376,0,5505024,3584.0,896.0,True
smooth_0.5,vision_language_interaction.text_layers.1.linear2,linear,144,1,256,1024,21,1,283648,305152,1108,21504,43008,5376,5376,0,21504,0,5505024,3584.0,224.0,True
smooth_0.5,vision_language_interaction.fusion_layers.2.attn.v_proj,linear,144,512,1024,256,1,1,393216,524288,6144,2097152,4194304,524288,524288,0,131072,0,134217728,87381.33333333333,21845.333333333332,True
smooth_0.5,vision_language_interaction.fusion_layers.2.attn.l_proj,linear,144,21,1024,256,1,1,267520,272896,4180,86016,172032,21504,21504,0,5376,0,5505024,3584.0,896.0,True
smooth_0.5,vision_language_interaction.fusion_layers.2.attn.values_v_proj,linear,144,512,1024,256,1,1,393216,524288,6144,2097152,4194304,524288,524288,0,131072,0,134217728,87381.33333333333,21845.333333333332,True
smooth_0.5,vision_language_interaction.fusion_layers.2.attn.values_l_proj,linear,144,21,1024,256,1,1,267520,272896,4180,86016,172032,21504,21504,0,5376,0,5505024,3584.0,896.0,True
smooth_0.5,vision_language_interaction.fusion_layers.2.attn,bmm,144,512,21,256,4,1,545792,1091584,8528,172032,344064,43008,43008,0,545792,0,11010048,7168.0,1792.0,False
smooth_0.5,vision_language_interaction.fusion_layers.2.attn,bmm,144,512,256,21,4,1,64512,129024,12288,2097152,4194304,524288,524288,0,64512,0,11010048,7168.0,21845.333333333332,False
smooth_0.5,vision_language_interaction.fusion_layers.2.attn,bmm,144,21,256,512,4,1,567296,1134592,4432,86016,172032,21504,21504,0,567296,0,11010048,7168.0,896.0,False
smooth_0.5,vision_language_interaction.fusion_layers.2.attn.out_v_proj,linear,144,512,256,1024,1,1,786432,1310720,3072,524288,1048576,131072,131072,0,524288,0,134217728,87381.33333333333,5461.333333333333,True
smooth_0.5,vision_language_interaction.fusion_layers.2.attn.out_l_proj,linear,144,21,256,1024,1,1,283648,305152,1108,21504,43008,5376,5376,0,21504,0,5505024,3584.0,224.0,True
smooth_0.5,vision_language_interaction.text_layers.2.self_attn,linear,144,1,768,256,21,1,201984,207360,3156,64512,129024,16128,16128,0,5376,0,4128768,2688.0,672.0,True
smooth_0.5,vision_language_interaction.text_layers.2.self_attn,baddbmm,144,21,21,64,4,1,10752,21504,672,7056,14112,1764,1764,0,10752,0,112896,73.5,73.5,False
smooth_0.5,vision_language_interaction.text_layers.2.self_attn,bmm,144,21,64,21,4,1,7140,14280,1360,21504,43008,5376,5376,0,7140,0,112896,73.5,224.0,False
smooth_0.5,vision_language_interaction.text_layers.2.self_attn,linear,144,21,256,256,1,1,70912,76288,1108,21504,43008,5376,5376,0,5376,0,1376256,896.0,224.0,True
smooth_0.5,vision_language_interaction.text_layers.2.linear1,linear,144,1,1024,256,21,1,267520,272896,4180,86016,172032,21504,21504,0,5376,0,5505024,3584.0,896.0,True
smooth_0.5,vision_language_interaction.text_layers.2.linear2,linear,144,1,256,1024,21,1,283648,305152,1108,21504,43008,5376,5376,0,21504,0,5505024,3584.0,224.0,True
smooth_0.5,vision_language_interaction.fusion_layers.3.attn.v_proj,linear,144,512,1024,256,1,1,393216,524288,6144,2097152,4194304,524288,524288,0,131072,0,134217728,87381.33333333333,21845.333333333332,True
smooth_0.5,vision_language_interaction.fusion_layers.3.attn.l_proj,linear,144,21,1024,256,1,1,267520,272896,4180,86016,172032,21504,21504,0,5376,0,5505024,3584.0,896.0,True
smooth_0.5,vision_language_interaction.fusion_layers.3.attn.values_v_proj,linear,144,512,1024,256,1,1,393216,524288,6144,2097152,4194304,524288,524288,0,131072,0,134217728,87381.33333333333,21845.333333333332,True
smooth_0.5,vision_language_interaction.fusion_layers.3.attn.values_l_proj,linear,144,21,1024,256,1,1,267520,272896,4180,86016,172032,21504,21504,0,5376,0,5505024,3584.0,896.0,True
smooth_0.5,vision_language_interaction.fusion_layers.3.attn,bmm,144,512,21,256,4,1,545792,1091584,8528,172032,344064,43008,43008,0,545792,0,11010048,7168.0,1792.0,False
smooth_0.5,vision_language_interaction.fusion_layers.3.attn,bmm,144,512,256,21,4,1,64512,129024,12288,2097152,4194304,524288,524288,0,64512,0,11010048,7168.0,21845.333333333332,False
smooth_0.5,vision_language_interaction.fusion_layers.3.attn,bmm,144,21,256,512,4,1,567296,1134592,4432,86016,172032,21504,21504,0,567296,0,11010048,7168.0,896.0,False
smooth_0.5,vision_language_interaction.fusion_layers.3.attn.out_v_proj,linear,144,512,256,1024,1,1,786432,1310720,3072,524288,1048576,131072,131072,0,524288,0,134217728,87381.33333333333,5461.333333333333,True
smooth_0.5,vision_language_interaction.fusion_layers.3.attn.out_l_proj,linear,144,21,256,1024,1,1,283648,305152,1108,21504,43008,5376,5376,0,21504,0,5505024,3584.0,224.0,True
smooth_0.5,vision_language_interaction.text_layers.3.self_attn,linear,144,1,768,256,21,1,201984,207360,3156,64512,129024,16128,16128,0,5376,0,4128768,2688.0,672.0,True
smooth_0.5,vision_language_interaction.text_layers.3.self_attn,baddbmm,144,21,21,64,4,1,10752,21504,672,7056,14112,1764,1764,0,10752,0,112896,73.5,73.5,False
smooth_0.5,vision_language_interaction.text_layers.3.self_attn,bmm,144,21,64,21,4,1,7140,14280,1360,21504,43008,5376,5376,0,7140,0,112896,73.5,224.0,False
smooth_0.5,vision_language_interaction.text_layers.3.self_attn,linear,144,21,256,256,1,1,70912,76288,1108,21504,43008,5376,5376,0,5376,0,1376256,896.0,224.0,True
smooth_0.5,vision_language_interaction.text_layers.3.linear1,linear,144,1,1024,256,21,1,267520,272896,4180,86016,172032,21504,21504,0,5376,0,5505024,3584.0,896.0,True
smooth_0.5,vision_language_interaction.text_layers.3.linear2,linear,144,1,256,1024,21,1,283648,305152,1108,21504,43008,5376,5376,0,21504,0,5505024,3584.0,224.0,True
smooth_0.5,vision_language_interaction.fusion_layers.4.attn.v_proj,linear,144,512,1024,256,1,1,393216,524288,6144,2097152,4194304,524288,524288,0,131072,0,134217728,87381.33333333333,21845.333333333332,True
smooth_0.5,vision_language_interaction.fusion_layers.4.attn.l_proj,linear,144,21,1024,256,1,1,267520,272896,4180,86016,172032,21504,21504,0,5376,0,5505024,3584.0,896.0,True
smooth_0.5,vision_language_interaction.fusion_layers.4.attn.values_v_proj,linear,144,512,1024,256,1,1,393216,524288,6144,2097152,4194304,524288,524288,0,131072,0,134217728,87381.33333333333,21845.333333333332,True
smooth_0.5,vision_language_interaction.fusion_layers.4.attn.values_l_proj,linear,144,21,1024,256,1,1,267520,272896,4180,86016,172032,21504,21504,0,5376,0,5505024,3584.0,896.0,True
smooth_0.5,vision_language_interaction.fusion_layers.4.attn,bmm,144,512,21,256,4,1,545792,1091584,8528,172032,344064,43008,43008,0,545792,0,11010048,7168.0,1792.0,False
smooth_0.5,vision_language_interaction.fusion_layers.4.attn,bmm,144,512,256,21,4,1,64512,129024,12288,2097152,4194304,524288,524288,0,64512,0,11010048,7168.0,21845.333333333332,False
smooth_0.5,vision_language_interaction.fusion_layers.4.attn,bmm,144,21,256,512,4,1,567296,1134592,4432,86016,172032,21504,21504,0,567296,0,11010048,7168.0,896.0,False
smooth_0.5,vision_language_interaction.fusion_layers.4.attn.out_v_proj,linear,144,512,256,1024,1,1,786432,1310720,3072,524288,1048576,131072,131072,0,524288,0,134217728,87381.33333333333,5461.333333333333,True
smooth_0.5,vision_language_interaction.fusion_layers.4.attn.out_l_proj,linear,144,21,256,1024,1,1,283648,305152,1108,21504,43008,5376,5376,0,21504,0,5505024,3584.0,224.0,True
smooth_0.5,vision_language_interaction.text_layers.4.self_attn,linear,144,1,768,256,21,1,201984,207360,3156,64512,129024,16128,16128,0,5376,0,4128768,2688.0,672.0,True
smooth_0.5,vision_language_interaction.text_layers.4.self_attn,baddbmm,144,21,21,64,4,1,10752,21504,672,7056,14112,1764,1764,0,10752,0,112896,73.5,73.5,False
smooth_0.5,vision_language_interaction.text_layers.4.self_attn,bmm,144,21,64,21,4,1,7140,14280,1360,21504,43008,5376,5376,0,7140,0,112896,73.5,224.0,False
smooth_0.5,vision_language_interaction.text_layers.4.self_attn,linear,144,21,256,256,1,1,70912,76288,1108,21504,43008,5376,5376,0,5376,0,1376256,896.0,224.0,True
smooth_0.5,vision_language_interaction.text_layers.4.linear1,linear,144,1,1024,256,21,1,267520,272896,4180,86016,172032,21504,21504,0,5376,0,5505024,3584.0,896.0,True
smooth_0.5,vision_language_interaction.text_layers.4.linear2,linear,144,1,256,1024,21,1,283648,305152,1108,21504,43008,5376,5376,0,21504,0,5505024,3584.0,224.0,True
smooth_0.5,vision_language_interaction.fusion_layers.5.attn.v_proj,linear,144,512,1024,256,1,1,393216,524288,6144,2097152,4194304,524288,524288,0,131072,0,134217728,87381.33333333333,21845.333333333332,True
smooth_0.5,vision_language_interaction.fusion_layers.5.attn.l_proj,linear,144,21,1024,256,1,1,267520,272896,4180,86016,172032,21504,21504,0,5376,0,5505024,3584.0,896.0,True
smooth_0.5,vision_language_interaction.fusion_layers.5.attn.values_v_proj,linear,144,512,1024,256,1,1,393216,524288,6144,2097152,4194304,524288,524288,0,131072,0,134217728,87381.33333333333,21845.333333333332,True
smooth_0.5,vision_language_interaction.fusion_layers.5.attn.values_l_proj,linear,144,21,1024,256,1,1,267520,272896,4180,86016,172032,21504,21504,0,5376,0,5505024,3584.0,896.0,True
smooth_0.5,vision_language_interaction.fusion_layers.5.attn,bmm,144,512,21,256,4,1,545792,1091584,8528,172032,344064,43008,43008,0,545792,0,11010048,7168.0,1792.0,False
smooth_0.5,vision_language_interaction.fusion_layers.5.attn,bmm,144,512,256,21,4,1,64512,129024,12288,2097152,4194304,524288,524288,0,64512,0,11010048,7168.0,21845.333333333332,False
smooth_0.5,vision_language_interaction.fusion_layers.5.attn,bmm,144,21,256,512,4,1,567296,1134592,4432,86016,172032,21504,21504,0,567296,0,11010048,7168.0,896.0,False
smooth_0.5,vision_language_interaction.fusion_layers.5.attn.out_v_proj,linear,144,512,256,1024,1,1,786432,1310720,3072,524288,1048576,131072,131072,0,524288,0,134217728,87381.33333333333,5461.333333333333,True
smooth_0.5,vision_language_interaction.fusion_layers.5.attn.out_l_proj,linear,144,21,256,1024,1,1,283648,305152,1108,21504,43008,5376,5376,0,21504,0,5505024,3584.0,224.0,True
smooth_0.5,vision_language_interaction.text_layers.5.self_attn,linear,144,1,768,256,21,1,201984,207360,3156,64512,129024,16128,16128,0,5376,0,4128768,2688.0,672.0,True
smooth_0.5,vision_language_interaction.text_layers.5.self_attn,baddbmm,144,21,21,64,4,1,10752,21504,672,7056,14112,1764,1764,0,10752,0,112896,73.5,73.5,False
smooth_0.5,vision_language_interaction.text_layers.5.self_attn,bmm,144,21,64,21,4,1,7140,14280,1360,21504,43008,5376,5376,0,7140,0,112896,73.5,224.0,False
smooth_0.5,vision_language_interaction.text_layers.5.self_attn,linear,144,21,256,256,1,1,70912,76288,1108,21504,43008,5376,5376,0,5376,0,1376256,896.0,224.0,True
smooth_0.5,vision_language_interaction.text_layers.5.linear1,linear,144,1,1024,256,21,1,267520,272896,4180,86016,172032,21504,21504,0,5376,0,5505024,3584.0,896.0,True
smooth_0.5,vision_language_interaction.text_layers.5.linear2,linear,144,1,256,1024,21,1,283648,305152,1108,21504,43008,5376,5376,0,21504,0,5505024,3584.0,224.0,True
smooth_0.5,action_head.state_projection.net.1,linear,144,1,256,8,1,1,2056,2064,1028,1024,2048,256,256,0,8,0,2048,1.3333333333333333,10.666666666666666,True
smooth_0.5,action_head.state_projection.net.4,linear,144,1,512,256,1,1,131328,131584,2052,2048,4096,512,512,0,256,0,131072,85.33333333333333,21.333333333333332,True
smooth_0.5,action_head.decoder.decoder.layers.0.self_attn,linear,144,1,768,256,12,1,199680,202752,3120,36864,73728,9216,9216,0,3072,0,2359296,1536.0,384.0,True
smooth_0.5,action_head.decoder.decoder.layers.0.self_attn,attention_qk,144,12,12,32,8,1,6144,12288,768,4608,9216,1152,1152,0,6144,0,36864,24.0,48.0,False
smooth_0.5,action_head.decoder.decoder.layers.0.self_attn,attention_av,144,12,32,12,8,1,4224,8448,1408,12288,24576,3072,3072,0,4224,0,36864,24.0,128.0,False
smooth_0.5,action_head.decoder.decoder.layers.0.self_attn,linear,144,12,256,256,1,1,68608,71680,1072,12288,24576,3072,3072,0,3072,0,786432,512.0,128.0,True
smooth_0.5,action_head.decoder.decoder.layers.0.multihead_attn,linear,144,1,256,256,12,1,68608,71680,1072,12288,24576,3072,3072,0,3072,0,786432,512.0,128.0,True
smooth_0.5,action_head.decoder.decoder.layers.0.multihead_attn,linear,144,1,512,256,535,1,268032,404992,4188,1095680,2191360,273920,273920,0,136960,0,70123520,45653.333333333336,11413.333333333334,True
smooth_0.5,action_head.decoder.decoder.layers.0.multihead_attn,attention_qk,144,12,535,32,8,1,140032,280064,17504,205440,410880,51360,51360,0,140032,0,1643520,1070.0,2140.0,False
smooth_0.5,action_head.decoder.decoder.layers.0.multihead_attn,attention_av,144,12,32,535,8,1,188320,376640,1408,12288,24576,3072,3072,0,188320,0,1643520,1070.0,128.0,False
smooth_0.5,action_head.decoder.decoder.layers.0.multihead_attn,linear,144,12,256,256,1,1,68608,71680,1072,12288,24576,3072,3072,0,3072,0,786432,512.0,128.0,True
smooth_0.5,action_head.decoder.decoder.layers.0.linear1,linear,144,12,2048,256,1,1,527360,530432,8240,98304,196608,24576,24576,0,3072,0,6291456,4096.0,1024.0,True
smooth_0.5,action_head.decoder.decoder.layers.0.linear2,linear,144,12,256,2048,1,1,548864,573440,1072,12288,24576,3072,3072,0,24576,0,6291456,4096.0,128.0,True
smooth_0.5,action_head.decoder.decoder.layers.1.self_attn,linear,144,1,768,256,12,1,199680,202752,3120,36864,73728,9216,9216,0,3072,0,2359296,1536.0,384.0,True
smooth_0.5,action_head.decoder.decoder.layers.1.self_attn,attention_qk,144,12,12,32,8,1,6144,12288,768,4608,9216,1152,1152,0,6144,0,36864,24.0,48.0,False
smooth_0.5,action_head.decoder.decoder.layers.1.self_attn,attention_av,144,12,32,12,8,1,4224,8448,1408,12288,24576,3072,3072,0,4224,0,36864,24.0,128.0,False
smooth_0.5,action_head.decoder.decoder.layers.1.self_attn,linear,144,12,256,256,1,1,68608,71680,1072,12288,24576,3072,3072,0,3072,0,786432,512.0,128.0,True
smooth_0.5,action_head.decoder.decoder.layers.1.multihead_attn,linear,144,1,256,256,12,1,68608,71680,1072,12288,24576,3072,3072,0,3072,0,786432,512.0,128.0,True
smooth_0.5,action_head.decoder.decoder.layers.1.multihead_attn,linear,144,1,512,256,535,1,268032,404992,4188,1095680,2191360,273920,273920,0,136960,0,70123520,45653.333333333336,11413.333333333334,True
smooth_0.5,action_head.decoder.decoder.layers.1.multihead_attn,attention_qk,144,12,535,32,8,1,140032,280064,17504,205440,410880,51360,51360,0,140032,0,1643520,1070.0,2140.0,False
smooth_0.5,action_head.decoder.decoder.layers.1.multihead_attn,attention_av,144,12,32,535,8,1,188320,376640,1408,12288,24576,3072,3072,0,188320,0,1643520,1070.0,128.0,False
smooth_0.5,action_head.decoder.decoder.layers.1.multihead_attn,linear,144,12,256,256,1,1,68608,71680,1072,12288,24576,3072,3072,0,3072,0,786432,512.0,128.0,True
smooth_0.5,action_head.decoder.decoder.layers.1.linear1,linear,144,12,2048,256,1,1,527360,530432,8240,98304,196608,24576,24576,0,3072,0,6291456,4096.0,1024.0,True
smooth_0.5,action_head.decoder.decoder.layers.1.linear2,linear,144,12,256,2048,1,1,548864,573440,1072,12288,24576,3072,3072,0,24576,0,6291456,4096.0,128.0,True
smooth_0.5,action_head.decoder.decoder.layers.2.self_attn,linear,144,1,768,256,12,1,199680,202752,3120,36864,73728,9216,9216,0,3072,0,2359296,1536.0,384.0,True
smooth_0.5,action_head.decoder.decoder.layers.2.self_attn,attention_qk,144,12,12,32,8,1,6144,12288,768,4608,9216,1152,1152,0,6144,0,36864,24.0,48.0,False
smooth_0.5,action_head.decoder.decoder.layers.2.self_attn,attention_av,144,12,32,12,8,1,4224,8448,1408,12288,24576,3072,3072,0,4224,0,36864,24.0,128.0,False
smooth_0.5,action_head.decoder.decoder.layers.2.self_attn,linear,144,12,256,256,1,1,68608,71680,1072,12288,24576,3072,3072,0,3072,0,786432,512.0,128.0,True
smooth_0.5,action_head.decoder.decoder.layers.2.multihead_attn,linear,144,1,256,256,12,1,68608,71680,1072,12288,24576,3072,3072,0,3072,0,786432,512.0,128.0,True
smooth_0.5,action_head.decoder.decoder.layers.2.multihead_attn,linear,144,1,512,256,535,1,268032,404992,4188,1095680,2191360,273920,273920,0,136960,0,70123520,45653.333333333336,11413.333333333334,True
smooth_0.5,action_head.decoder.decoder.layers.2.multihead_attn,attention_qk,144,12,535,32,8,1,140032,280064,17504,205440,410880,51360,51360,0,140032,0,1643520,1070.0,2140.0,False
smooth_0.5,action_head.decoder.decoder.layers.2.multihead_attn,attention_av,144,12,32,535,8,1,188320,376640,1408,12288,24576,3072,3072,0,188320,0,1643520,1070.0,128.0,False
smooth_0.5,action_head.decoder.decoder.layers.2.multihead_attn,linear,144,12,256,256,1,1,68608,71680,1072,12288,24576,3072,3072,0,3072,0,786432,512.0,128.0,True
smooth_0.5,action_head.decoder.decoder.layers.2.linear1,linear,144,12,2048,256,1,1,527360,530432,8240,98304,196608,24576,24576,0,3072,0,6291456,4096.0,1024.0,True
smooth_0.5,action_head.decoder.decoder.layers.2.linear2,linear,144,12,256,2048,1,1,548864,573440,1072,12288,24576,3072,3072,0,24576,0,6291456,4096.0,128.0,True
smooth_0.5,action_head.decoder.action_projection.layers.0,linear,144,12,512,256,1,1,134144,137216,2096,24576,49152,6144,6144,0,3072,0,1572864,1024.0,256.0,True
smooth_0.5,action_head.decoder.action_projection.layers.1,linear,144,12,512,512,1,1,268288,274432,2096,24576,49152,6144,6144,0,6144,0,3145728,2048.0,256.0,True
smooth_0.5,action_head.decoder.action_projection.layers.2,linear,144,12,7,512,1,1,9728,15872,76,336,672,84,84,0,6144,0,43008,28.0,3.5,True
smooth_0.5,text_encoder.bert.encoder.layer.0.attention.self.query,linear,36,11,768,768,1,1,598272,606720,3116,33792,67584,8448,8448,0,8448,0,6488064,4224.0,352.0,True
smooth_0.5,text_encoder.bert.encoder.layer.0.attention.self.key,linear,36,11,768,768,1,1,598272,606720,3116,33792,67584,8448,8448,0,8448,0,6488064,4224.0,352.0,True
smooth_0.5,text_encoder.bert.encoder.layer.0.attention.self.value,linear,36,11,768,768,1,1,598272,606720,3116,33792,67584,8448,8448,0,8448,0,6488064,4224.0,352.0,True
smooth_0.5,text_encoder.bert.encoder.layer.0.attention.self,attention_qk,36,11,11,64,12,1,16896,33792,1056,5808,11616,1452,1452,0,16896,0,92928,60.5,60.5,False
smooth_0.5,text_encoder.bert.encoder.layer.0.attention.self,attention_av,36,11,64,11,12,1,9900,19800,3600,33792,67584,8448,8448,0,9900,0,92928,60.5,352.0,False
smooth_0.5,text_encoder.bert.encoder.layer.0.attention.output.dense,linear,36,11,768,768,1,1,598272,606720,3116,33792,67584,8448,8448,0,8448,0,6488064,4224.0,352.0,True
smooth_0.5,text_encoder.bert.encoder.layer.0.intermediate.dense,linear,36,11,3072,768,1,1,2367744,2376192,12332,135168,270336,33792,33792,0,8448,0,25952256,16896.0,1408.0,True
smooth_0.5,text_encoder.bert.encoder.layer.0.output.dense,linear,36,11,768,3072,1,1,2393088,2426880,3116,33792,67584,8448,8448,0,33792,0,25952256,16896.0,352.0,True
smooth_0.5,text_encoder.bert.encoder.layer.1.attention.self.query,linear,36,11,768,768,1,1,598272,606720,3116,33792,67584,8448,8448,0,8448,0,6488064,4224.0,352.0,True
smooth_0.5,text_encoder.bert.encoder.layer.1.attention.self.key,linear,36,11,768,768,1,1,598272,606720,3116,33792,67584,8448,8448,0,8448,0,6488064,4224.0,352.0,True
smooth_0.5,text_encoder.bert.encoder.layer.1.attention.self.value,linear,36,11,768,768,1,1,598272,606720,3116,33792,67584,8448,8448,0,8448,0,6488064,4224.0,352.0,True
smooth_0.5,text_encoder.bert.encoder.layer.1.attention.self,attention_qk,36,11,11,64,12,1,16896,33792,1056,5808,11616,1452,1452,0,16896,0,92928,60.5,60.5,False
smooth_0.5,text_encoder.bert.encoder.layer.1.attention.self,attention_av,36,11,64,11,12,1,9900,19800,3600,33792,67584,8448,8448,0,9900,0,92928,60.5,352.0,False
smooth_0.5,text_encoder.bert.encoder.layer.1.attention.output.dense,linear,36,11,768,768,1,1,598272,606720,3116,33792,67584,8448,8448,0,8448,0,6488064,4224.0,352.0,True
smooth_0.5,text_encoder.bert.encoder.layer.1.intermediate.dense,linear,36,11,3072,768,1,1,2367744,2376192,12332,135168,270336,33792,33792,0,8448,0,25952256,16896.0,1408.0,True
smooth_0.5,text_encoder.bert.encoder.layer.1.output.dense,linear,36,11,768,3072,1,1,2393088,2426880,3116,33792,67584,8448,8448,0,33792,0,25952256,16896.0,352.0,True
smooth_0.5,text_encoder.bert.encoder.layer.2.attention.self.query,linear,36,11,768,768,1,1,598272,606720,3116,33792,67584,8448,8448,0,8448,0,6488064,4224.0,352.0,True
smooth_0.5,text_encoder.bert.encoder.layer.2.attention.self.key,linear,36,11,768,768,1,1,598272,606720,3116,33792,67584,8448,8448,0,8448,0,6488064,4224.0,352.0,True
smooth_0.5,text_encoder.bert.encoder.layer.2.attention.self.value,linear,36,11,768,768,1,1,598272,606720,3116,33792,67584,8448,8448,0,8448,0,6488064,4224.0,352.0,True
smooth_0.5,text_encoder.bert.encoder.layer.2.attention.self,attention_qk,36,11,11,64,12,1,16896,33792,1056,5808,11616,1452,1452,0,16896,0,92928,60.5,60.5,False
smooth_0.5,text_encoder.bert.encoder.layer.2.attention.self,attention_av,36,11,64,11,12,1,9900,19800,3600,33792,67584,8448,8448,0,9900,0,92928,60.5,352.0,False
smooth_0.5,text_encoder.bert.encoder.layer.2.attention.output.dense,linear,36,11,768,768,1,1,598272,606720,3116,33792,67584,8448,8448,0,8448,0,6488064,4224.0,352.0,True
smooth_0.5,text_encoder.bert.encoder.layer.2.intermediate.dense,linear,36,11,3072,768,1,1,2367744,2376192,12332,135168,270336,33792,33792,0,8448,0,25952256,16896.0,1408.0,True
smooth_0.5,text_encoder.bert.encoder.layer.2.output.dense,linear,36,11,768,3072,1,1,2393088,2426880,3116,33792,67584,8448,8448,0,33792,0,25952256,16896.0,352.0,True
smooth_0.5,text_encoder.bert.encoder.layer.3.attention.self.query,linear,36,11,768,768,1,1,598272,606720,3116,33792,67584,8448,8448,0,8448,0,6488064,4224.0,352.0,True
smooth_0.5,text_encoder.bert.encoder.layer.3.attention.self.key,linear,36,11,768,768,1,1,598272,606720,3116,33792,67584,8448,8448,0,8448,0,6488064,4224.0,352.0,True
smooth_0.5,text_encoder.bert.encoder.layer.3.attention.self.value,linear,36,11,768,768,1,1,598272,606720,3116,33792,67584,8448,8448,0,8448,0,6488064,4224.0,352.0,True
smooth_0.5,text_encoder.bert.encoder.layer.3.attention.self,attention_qk,36,11,11,64,12,1,16896,33792,1056,5808,11616,1452,1452,0,16896,0,92928,60.5,60.5,False
smooth_0.5,text_encoder.bert.encoder.layer.3.attention.self,attention_av,36,11,64,11,12,1,9900,19800,3600,33792,67584,8448,8448,0,9900,0,92928,60.5,352.0,False
smooth_0.5,text_encoder.bert.encoder.layer.3.attention.output.dense,linear,36,11,768,768,1,1,598272,606720,3116,33792,67584,8448,8448,0,8448,0,6488064,4224.0,352.0,True
smooth_0.5,text_encoder.bert.encoder.layer.3.intermediate.dense,linear,36,11,3072,768,1,1,2367744,2376192,12332,135168,270336,33792,33792,0,8448,0,25952256,16896.0,1408.0,True
smooth_0.5,text_encoder.bert.encoder.layer.3.output.dense,linear,36,11,768,3072,1,1,2393088,2426880,3116,33792,67584,8448,8448,0,33792,0,25952256,16896.0,352.0,True
smooth_0.5,text_encoder.bert.encoder.layer.4.attention.self.query,linear,36,11,768,768,1,1,598272,606720,3116,33792,67584,8448,8448,0,8448,0,6488064,4224.0,352.0,True
smooth_0.5,text_encoder.bert.encoder.layer.4.attention.self.key,linear,36,11,768,768,1,1,598272,606720,3116,33792,67584,8448,8448,0,8448,0,6488064,4224.0,352.0,True
smooth_0.5,text_encoder.bert.encoder.layer.4.attention.self.value,linear,36,11,768,768,1,1,598272,606720,3116,33792,67584,8448,8448,0,8448,0,6488064,4224.0,352.0,True
smooth_0.5,text_encoder.bert.encoder.layer.4.attention.self,attention_qk,36,11,11,64,12,1,16896,33792,1056,5808,11616,1452,1452,0,16896,0,92928,60.5,60.5,False
smooth_0.5,text_encoder.bert.encoder.layer.4.attention.self,attention_av,36,11,64,11,12,1,9900,19800,3600,33792,67584,8448,8448,0,9900,0,92928,60.5,352.0,False
smooth_0.5,text_encoder.bert.encoder.layer.4.attention.output.dense,linear,36,11,768,768,1,1,598272,606720,3116,33792,67584,8448,8448,0,8448,0,6488064,4224.0,352.0,True
smooth_0.5,text_encoder.bert.encoder.layer.4.intermediate.dense,linear,36,11,3072,768,1,1,2367744,2376192,12332,135168,270336,33792,33792,0,8448,0,25952256,16896.0,1408.0,True
smooth_0.5,text_encoder.bert.encoder.layer.4.output.dense,linear,36,11,768,3072,1,1,2393088,2426880,3116,33792,67584,8448,8448,0,33792,0,25952256,16896.0,352.0,True
smooth_0.5,text_encoder.bert.encoder.layer.5.attention.self.query,linear,36,11,768,768,1,1,598272,606720,3116,33792,67584,8448,8448,0,8448,0,6488064,4224.0,352.0,True
smooth_0.5,text_encoder.bert.encoder.layer.5.attention.self.key,linear,36,11,768,768,1,1,598272,606720,3116,33792,67584,8448,8448,0,8448,0,6488064,4224.0,352.0,True
smooth_0.5,text_encoder.bert.encoder.layer.5.attention.self.value,linear,36,11,768,768,1,1,598272,606720,3116,33792,67584,8448,8448,0,8448,0,6488064,4224.0,352.0,True
smooth_0.5,text_encoder.bert.encoder.layer.5.attention.self,attention_qk,36,11,11,64,12,1,16896,33792,1056,5808,11616,1452,1452,0,16896,0,92928,60.5,60.5,False
smooth_0.5,text_encoder.bert.encoder.layer.5.attention.self,attention_av,36,11,64,11,12,1,9900,19800,3600,33792,67584,8448,8448,0,9900,0,92928,60.5,352.0,False
smooth_0.5,text_encoder.bert.encoder.layer.5.attention.output.dense,linear,36,11,768,768,1,1,598272,606720,3116,33792,67584,8448,8448,0,8448,0,6488064,4224.0,352.0,True
smooth_0.5,text_encoder.bert.encoder.layer.5.intermediate.dense,linear,36,11,3072,768,1,1,2367744,2376192,12332,135168,270336,33792,33792,0,8448,0,25952256,16896.0,1408.0,True
smooth_0.5,text_encoder.bert.encoder.layer.5.output.dense,linear,36,11,768,3072,1,1,2393088,2426880,3116,33792,67584,8448,8448,0,33792,0,25952256,16896.0,352.0,True
smooth_0.5,text_encoder.bert.encoder.layer.6.attention.self.query,linear,36,11,768,768,1,1,598272,606720,3116,33792,67584,8448,8448,0,8448,0,6488064,4224.0,352.0,True
smooth_0.5,text_encoder.bert.encoder.layer.6.attention.self.key,linear,36,11,768,768,1,1,598272,606720,3116,33792,67584,8448,8448,0,8448,0,6488064,4224.0,352.0,True
smooth_0.5,text_encoder.bert.encoder.layer.6.attention.self.value,linear,36,11,768,768,1,1,598272,606720,3116,33792,67584,8448,8448,0,8448,0,6488064,4224.0,352.0,True
smooth_0.5,text_encoder.bert.encoder.layer.6.attention.self,attention_qk,36,11,11,64,12,1,16896,33792,1056,5808,11616,1452,1452,0,16896,0,92928,60.5,60.5,False
smooth_0.5,text_encoder.bert.encoder.layer.6.attention.self,attention_av,36,11,64,11,12,1,9900,19800,3600,33792,67584,8448,8448,0,9900,0,92928,60.5,352.0,False
smooth_0.5,text_encoder.bert.encoder.layer.6.attention.output.dense,linear,36,11,768,768,1,1,598272,606720,3116,33792,67584,8448,8448,0,8448,0,6488064,4224.0,352.0,True
smooth_0.5,text_encoder.bert.encoder.layer.6.intermediate.dense,linear,36,11,3072,768,1,1,2367744,2376192,12332,135168,270336,33792,33792,0,8448,0,25952256,16896.0,1408.0,True
smooth_0.5,text_encoder.bert.encoder.layer.6.output.dense,linear,36,11,768,3072,1,1,2393088,2426880,3116,33792,67584,8448,8448,0,33792,0,25952256,16896.0,352.0,True
smooth_0.5,text_encoder.bert.encoder.layer.7.attention.self.query,linear,36,11,768,768,1,1,598272,606720,3116,33792,67584,8448,8448,0,8448,0,6488064,4224.0,352.0,True
smooth_0.5,text_encoder.bert.encoder.layer.7.attention.self.key,linear,36,11,768,768,1,1,598272,606720,3116,33792,67584,8448,8448,0,8448,0,6488064,4224.0,352.0,True
smooth_0.5,text_encoder.bert.encoder.layer.7.attention.self.value,linear,36,11,768,768,1,1,598272,606720,3116,33792,67584,8448,8448,0,8448,0,6488064,4224.0,352.0,True
smooth_0.5,text_encoder.bert.encoder.layer.7.attention.self,attention_qk,36,11,11,64,12,1,16896,33792,1056,5808,11616,1452,1452,0,16896,0,92928,60.5,60.5,False
smooth_0.5,text_encoder.bert.encoder.layer.7.attention.self,attention_av,36,11,64,11,12,1,9900,19800,3600,33792,67584,8448,8448,0,9900,0,92928,60.5,352.0,False
smooth_0.5,text_encoder.bert.encoder.layer.7.attention.output.dense,linear,36,11,768,768,1,1,598272,606720,3116,33792,67584,8448,8448,0,8448,0,6488064,4224.0,352.0,True
smooth_0.5,text_encoder.bert.encoder.layer.7.intermediate.dense,linear,36,11,3072,768,1,1,2367744,2376192,12332,135168,270336,33792,33792,0,8448,0,25952256,16896.0,1408.0,True
smooth_0.5,text_encoder.bert.encoder.layer.7.output.dense,linear,36,11,768,3072,1,1,2393088,2426880,3116,33792,67584,8448,8448,0,33792,0,25952256,16896.0,352.0,True
smooth_0.5,text_encoder.bert.encoder.layer.8.attention.self.query,linear,36,11,768,768,1,1,598272,606720,3116,33792,67584,8448,8448,0,8448,0,6488064,4224.0,352.0,True
smooth_0.5,text_encoder.bert.encoder.layer.8.attention.self.key,linear,36,11,768,768,1,1,598272,606720,3116,33792,67584,8448,8448,0,8448,0,6488064,4224.0,352.0,True
smooth_0.5,text_encoder.bert.encoder.layer.8.attention.self.value,linear,36,11,768,768,1,1,598272,606720,3116,33792,67584,8448,8448,0,8448,0,6488064,4224.0,352.0,True
smooth_0.5,text_encoder.bert.encoder.layer.8.attention.self,attention_qk,36,11,11,64,12,1,16896,33792,1056,5808,11616,1452,1452,0,16896,0,92928,60.5,60.5,False
smooth_0.5,text_encoder.bert.encoder.layer.8.attention.self,attention_av,36,11,64,11,12,1,9900,19800,3600,33792,67584,8448,8448,0,9900,0,92928,60.5,352.0,False
smooth_0.5,text_encoder.bert.encoder.layer.8.attention.output.dense,linear,36,11,768,768,1,1,598272,606720,3116,33792,67584,8448,8448,0,8448,0,6488064,4224.0,352.0,True
smooth_0.5,text_encoder.bert.encoder.layer.8.intermediate.dense,linear,36,11,3072,768,1,1,2367744,2376192,12332,135168,270336,33792,33792,0,8448,0,25952256,16896.0,1408.0,True
smooth_0.5,text_encoder.bert.encoder.layer.8.output.dense,linear,36,11,768,3072,1,1,2393088,2426880,3116,33792,67584,8448,8448,0,33792,0,25952256,16896.0,352.0,True
smooth_0.5,text_encoder.bert.encoder.layer.9.attention.self.query,linear,36,11,768,768,1,1,598272,606720,3116,33792,67584,8448,8448,0,8448,0,6488064,4224.0,352.0,True
smooth_0.5,text_encoder.bert.encoder.layer.9.attention.self.key,linear,36,11,768,768,1,1,598272,606720,3116,33792,67584,8448,8448,0,8448,0,6488064,4224.0,352.0,True
smooth_0.5,text_encoder.bert.encoder.layer.9.attention.self.value,linear,36,11,768,768,1,1,598272,606720,3116,33792,67584,8448,8448,0,8448,0,6488064,4224.0,352.0,True
smooth_0.5,text_encoder.bert.encoder.layer.9.attention.self,attention_qk,36,11,11,64,12,1,16896,33792,1056,5808,11616,1452,1452,0,16896,0,92928,60.5,60.5,False
smooth_0.5,text_encoder.bert.encoder.layer.9.attention.self,attention_av,36,11,64,11,12,1,9900,19800,3600,33792,67584,8448,8448,0,9900,0,92928,60.5,352.0,False
smooth_0.5,text_encoder.bert.encoder.layer.9.attention.output.dense,linear,36,11,768,768,1,1,598272,606720,3116,33792,67584,8448,8448,0,8448,0,6488064,4224.0,352.0,True
smooth_0.5,text_encoder.bert.encoder.layer.9.intermediate.dense,linear,36,11,3072,768,1,1,2367744,2376192,12332,135168,270336,33792,33792,0,8448,0,25952256,16896.0,1408.0,True
smooth_0.5,text_encoder.bert.encoder.layer.9.output.dense,linear,36,11,768,3072,1,1,2393088,2426880,3116,33792,67584,8448,8448,0,33792,0,25952256,16896.0,352.0,True
smooth_0.5,text_encoder.bert.encoder.layer.10.attention.self.query,linear,36,11,768,768,1,1,598272,606720,3116,33792,67584,8448,8448,0,8448,0,6488064,4224.0,352.0,True
smooth_0.5,text_encoder.bert.encoder.layer.10.attention.self.key,linear,36,11,768,768,1,1,598272,606720,3116,33792,67584,8448,8448,0,8448,0,6488064,4224.0,352.0,True
smooth_0.5,text_encoder.bert.encoder.layer.10.attention.self.value,linear,36,11,768,768,1,1,598272,606720,3116,33792,67584,8448,8448,0,8448,0,6488064,4224.0,352.0,True
smooth_0.5,text_encoder.bert.encoder.layer.10.attention.self,attention_qk,36,11,11,64,12,1,16896,33792,1056,5808,11616,1452,1452,0,16896,0,92928,60.5,60.5,False
smooth_0.5,text_encoder.bert.encoder.layer.10.attention.self,attention_av,36,11,64,11,12,1,9900,19800,3600,33792,67584,8448,8448,0,9900,0,92928,60.5,352.0,False
smooth_0.5,text_encoder.bert.encoder.layer.10.attention.output.dense,linear,36,11,768,768,1,1,598272,606720,3116,33792,67584,8448,8448,0,8448,0,6488064,4224.0,352.0,True
smooth_0.5,text_encoder.bert.encoder.layer.10.intermediate.dense,linear,36,11,3072,768,1,1,2367744,2376192,12332,135168,270336,33792,33792,0,8448,0,25952256,16896.0,1408.0,True
smooth_0.5,text_encoder.bert.encoder.layer.10.output.dense,linear,36,11,768,3072,1,1,2393088,2426880,3116,33792,67584,8448,8448,0,33792,0,25952256,16896.0,352.0,True
smooth_0.5,text_encoder.bert.encoder.layer.11.attention.self.query,linear,36,11,768,768,1,1,598272,606720,3116,33792,67584,8448,8448,0,8448,0,6488064,4224.0,352.0,True
smooth_0.5,text_encoder.bert.encoder.layer.11.attention.self.key,linear,36,11,768,768,1,1,598272,606720,3116,33792,67584,8448,8448,0,8448,0,6488064,4224.0,352.0,True
smooth_0.5,text_encoder.bert.encoder.layer.11.attention.self.value,linear,36,11,768,768,1,1,598272,606720,3116,33792,67584,8448,8448,0,8448,0,6488064,4224.0,352.0,True
smooth_0.5,text_encoder.bert.encoder.layer.11.attention.self,attention_qk,36,11,11,64,12,1,16896,33792,1056,5808,11616,1452,1452,0,16896,0,92928,60.5,60.5,False
smooth_0.5,text_encoder.bert.encoder.layer.11.attention.self,attention_av,36,11,64,11,12,1,9900,19800,3600,33792,67584,8448,8448,0,9900,0,92928,60.5,352.0,False
smooth_0.5,text_encoder.bert.encoder.layer.11.attention.output.dense,linear,36,11,768,768,1,1,598272,606720,3116,33792,67584,8448,8448,0,8448,0,6488064,4224.0,352.0,True
smooth_0.5,text_encoder.bert.encoder.layer.11.intermediate.dense,linear,36,11,3072,768,1,1,2367744,2376192,12332,135168,270336,33792,33792,0,8448,0,25952256,16896.0,1408.0,True
smooth_0.5,text_encoder.bert.encoder.layer.11.output.dense,linear,36,11,768,3072,1,1,2393088,2426880,3116,33792,67584,8448,8448,0,33792,0,25952256,16896.0,352.0,True
smooth_0.5,text_encoder.bert.encoder.layer.0.attention.self.query,linear,36,14,768,768,1,1,600576,611328,3128,43008,86016,10752,10752,0,10752,0,8257536,5376.0,448.0,True
smooth_0.5,text_encoder.bert.encoder.layer.0.attention.self.key,linear,36,14,768,768,1,1,600576,611328,3128,43008,86016,10752,10752,0,10752,0,8257536,5376.0,448.0,True
smooth_0.5,text_encoder.bert.encoder.layer.0.attention.self.value,linear,36,14,768,768,1,1,600576,611328,3128,43008,86016,10752,10752,0,10752,0,8257536,5376.0,448.0,True
smooth_0.5,text_encoder.bert.encoder.layer.0.attention.self,attention_qk,36,14,14,64,12,1,21504,43008,1344,9408,18816,2352,2352,0,21504,0,150528,98.0,98.0,False
smooth_0.5,text_encoder.bert.encoder.layer.0.attention.self,attention_av,36,14,64,14,12,1,13104,26208,3744,43008,86016,10752,10752,0,13104,0,150528,98.0,448.0,False
smooth_0.5,text_encoder.bert.encoder.layer.0.attention.output.dense,linear,36,14,768,768,1,1,600576,611328,3128,43008,86016,10752,10752,0,10752,0,8257536,5376.0,448.0,True
smooth_0.5,text_encoder.bert.encoder.layer.0.intermediate.dense,linear,36,14,3072,768,1,1,2370048,2380800,12344,172032,344064,43008,43008,0,10752,0,33030144,21504.0,1792.0,True
smooth_0.5,text_encoder.bert.encoder.layer.0.output.dense,linear,36,14,768,3072,1,1,2402304,2445312,3128,43008,86016,10752,10752,0,43008,0,33030144,21504.0,448.0,True
smooth_0.5,text_encoder.bert.encoder.layer.1.attention.self.query,linear,36,14,768,768,1,1,600576,611328,3128,43008,86016,10752,10752,0,10752,0,8257536,5376.0,448.0,True
smooth_0.5,text_encoder.bert.encoder.layer.1.attention.self.key,linear,36,14,768,768,1,1,600576,611328,3128,43008,86016,10752,10752,0,10752,0,8257536,5376.0,448.0,True
smooth_0.5,text_encoder.bert.encoder.layer.1.attention.self.value,linear,36,14,768,768,1,1,600576,611328,3128,43008,86016,10752,10752,0,10752,0,8257536,5376.0,448.0,True
smooth_0.5,text_encoder.bert.encoder.layer.1.attention.self,attention_qk,36,14,14,64,12,1,21504,43008,1344,9408,18816,2352,2352,0,21504,0,150528,98.0,98.0,False
smooth_0.5,text_encoder.bert.encoder.layer.1.attention.self,attention_av,36,14,64,14,12,1,13104,26208,3744,43008,86016,10752,10752,0,13104,0,150528,98.0,448.0,False
smooth_0.5,text_encoder.bert.encoder.layer.1.attention.output.dense,linear,36,14,768,768,1,1,600576,611328,3128,43008,86016,10752,10752,0,10752,0,8257536,5376.0,448.0,True
smooth_0.5,text_encoder.bert.encoder.layer.1.intermediate.dense,linear,36,14,3072,768,1,1,2370048,2380800,12344,172032,344064,43008,43008,0,10752,0,33030144,21504.0,1792.0,True
smooth_0.5,text_encoder.bert.encoder.layer.1.output.dense,linear,36,14,768,3072,1,1,2402304,2445312,3128,43008,86016,10752,10752,0,43008,0,33030144,21504.0,448.0,True
smooth_0.5,text_encoder.bert.encoder.layer.2.attention.self.query,linear,36,14,768,768,1,1,600576,611328,3128,43008,86016,10752,10752,0,10752,0,8257536,5376.0,448.0,True
smooth_0.5,text_encoder.bert.encoder.layer.2.attention.self.key,linear,36,14,768,768,1,1,600576,611328,3128,43008,86016,10752,10752,0,10752,0,8257536,5376.0,448.0,True
smooth_0.5,text_encoder.bert.encoder.layer.2.attention.self.value,linear,36,14,768,768,1,1,600576,611328,3128,43008,86016,10752,10752,0,10752,0,8257536,5376.0,448.0,True
smooth_0.5,text_encoder.bert.encoder.layer.2.attention.self,attention_qk,36,14,14,64,12,1,21504,43008,1344,9408,18816,2352,2352,0,21504,0,150528,98.0,98.0,False
smooth_0.5,text_encoder.bert.encoder.layer.2.attention.self,attention_av,36,14,64,14,12,1,13104,26208,3744,43008,86016,10752,10752,0,13104,0,150528,98.0,448.0,False
smooth_0.5,text_encoder.bert.encoder.layer.2.attention.output.dense,linear,36,14,768,768,1,1,600576,611328,3128,43008,86016,10752,10752,0,10752,0,8257536,5376.0,448.0,True
smooth_0.5,text_encoder.bert.encoder.layer.2.intermediate.dense,linear,36,14,3072,768,1,1,2370048,2380800,12344,172032,344064,43008,43008,0,10752,0,33030144,21504.0,1792.0,True
smooth_0.5,text_encoder.bert.encoder.layer.2.output.dense,linear,36,14,768,3072,1,1,2402304,2445312,3128,43008,86016,10752,10752,0,43008,0,33030144,21504.0,448.0,True
smooth_0.5,text_encoder.bert.encoder.layer.3.attention.self.query,linear,36,14,768,768,1,1,600576,611328,3128,43008,86016,10752,10752,0,10752,0,8257536,5376.0,448.0,True
smooth_0.5,text_encoder.bert.encoder.layer.3.attention.self.key,linear,36,14,768,768,1,1,600576,611328,3128,43008,86016,10752,10752,0,10752,0,8257536,5376.0,448.0,True
smooth_0.5,text_encoder.bert.encoder.layer.3.attention.self.value,linear,36,14,768,768,1,1,600576,611328,3128,43008,86016,10752,10752,0,10752,0,8257536,5376.0,448.0,True
smooth_0.5,text_encoder.bert.encoder.layer.3.attention.self,attention_qk,36,14,14,64,12,1,21504,43008,1344,9408,18816,2352,2352,0,21504,0,150528,98.0,98.0,False
smooth_0.5,text_encoder.bert.encoder.layer.3.attention.self,attention_av,36,14,64,14,12,1,13104,26208,3744,43008,86016,10752,10752,0,13104,0,150528,98.0,448.0,False
smooth_0.5,text_encoder.bert.encoder.layer.3.attention.output.dense,linear,36,14,768,768,1,1,600576,611328,3128,43008,86016,10752,10752,0,10752,0,8257536,5376.0,448.0,True
smooth_0.5,text_encoder.bert.encoder.layer.3.intermediate.dense,linear,36,14,3072,768,1,1,2370048,2380800,12344,172032,344064,43008,43008,0,10752,0,33030144,21504.0,1792.0,True
smooth_0.5,text_encoder.bert.encoder.layer.3.output.dense,linear,36,14,768,3072,1,1,2402304,2445312,3128,43008,86016,10752,10752,0,43008,0,33030144,21504.0,448.0,True
smooth_0.5,text_encoder.bert.encoder.layer.4.attention.self.query,linear,36,14,768,768,1,1,600576,611328,3128,43008,86016,10752,10752,0,10752,0,8257536,5376.0,448.0,True
smooth_0.5,text_encoder.bert.encoder.layer.4.attention.self.key,linear,36,14,768,768,1,1,600576,611328,3128,43008,86016,10752,10752,0,10752,0,8257536,5376.0,448.0,True
smooth_0.5,text_encoder.bert.encoder.layer.4.attention.self.value,linear,36,14,768,768,1,1,600576,611328,3128,43008,86016,10752,10752,0,10752,0,8257536,5376.0,448.0,True
smooth_0.5,text_encoder.bert.encoder.layer.4.attention.self,attention_qk,36,14,14,64,12,1,21504,43008,1344,9408,18816,2352,2352,0,21504,0,150528,98.0,98.0,False
smooth_0.5,text_encoder.bert.encoder.layer.4.attention.self,attention_av,36,14,64,14,12,1,13104,26208,3744,43008,86016,10752,10752,0,13104,0,150528,98.0,448.0,False
smooth_0.5,text_encoder.bert.encoder.layer.4.attention.output.dense,linear,36,14,768,768,1,1,600576,611328,3128,43008,86016,10752,10752,0,10752,0,8257536,5376.0,448.0,True
smooth_0.5,text_encoder.bert.encoder.layer.4.intermediate.dense,linear,36,14,3072,768,1,1,2370048,2380800,12344,172032,344064,43008,43008,0,10752,0,33030144,21504.0,1792.0,True
smooth_0.5,text_encoder.bert.encoder.layer.4.output.dense,linear,36,14,768,3072,1,1,2402304,2445312,3128,43008,86016,10752,10752,0,43008,0,33030144,21504.0,448.0,True
smooth_0.5,text_encoder.bert.encoder.layer.5.attention.self.query,linear,36,14,768,768,1,1,600576,611328,3128,43008,86016,10752,10752,0,10752,0,8257536,5376.0,448.0,True
smooth_0.5,text_encoder.bert.encoder.layer.5.attention.self.key,linear,36,14,768,768,1,1,600576,611328,3128,43008,86016,10752,10752,0,10752,0,8257536,5376.0,448.0,True
smooth_0.5,text_encoder.bert.encoder.layer.5.attention.self.value,linear,36,14,768,768,1,1,600576,611328,3128,43008,86016,10752,10752,0,10752,0,8257536,5376.0,448.0,True
smooth_0.5,text_encoder.bert.encoder.layer.5.attention.self,attention_qk,36,14,14,64,12,1,21504,43008,1344,9408,18816,2352,2352,0,21504,0,150528,98.0,98.0,False
smooth_0.5,text_encoder.bert.encoder.layer.5.attention.self,attention_av,36,14,64,14,12,1,13104,26208,3744,43008,86016,10752,10752,0,13104,0,150528,98.0,448.0,False
smooth_0.5,text_encoder.bert.encoder.layer.5.attention.output.dense,linear,36,14,768,768,1,1,600576,611328,3128,43008,86016,10752,10752,0,10752,0,8257536,5376.0,448.0,True
smooth_0.5,text_encoder.bert.encoder.layer.5.intermediate.dense,linear,36,14,3072,768,1,1,2370048,2380800,12344,172032,344064,43008,43008,0,10752,0,33030144,21504.0,1792.0,True
smooth_0.5,text_encoder.bert.encoder.layer.5.output.dense,linear,36,14,768,3072,1,1,2402304,2445312,3128,43008,86016,10752,10752,0,43008,0,33030144,21504.0,448.0,True
smooth_0.5,text_encoder.bert.encoder.layer.6.attention.self.query,linear,36,14,768,768,1,1,600576,611328,3128,43008,86016,10752,10752,0,10752,0,8257536,5376.0,448.0,True
smooth_0.5,text_encoder.bert.encoder.layer.6.attention.self.key,linear,36,14,768,768,1,1,600576,611328,3128,43008,86016,10752,10752,0,10752,0,8257536,5376.0,448.0,True
smooth_0.5,text_encoder.bert.encoder.layer.6.attention.self.value,linear,36,14,768,768,1,1,600576,611328,3128,43008,86016,10752,10752,0,10752,0,8257536,5376.0,448.0,True
smooth_0.5,text_encoder.bert.encoder.layer.6.attention.self,attention_qk,36,14,14,64,12,1,21504,43008,1344,9408,18816,2352,2352,0,21504,0,150528,98.0,98.0,False
smooth_0.5,text_encoder.bert.encoder.layer.6.attention.self,attention_av,36,14,64,14,12,1,13104,26208,3744,43008,86016,10752,10752,0,13104,0,150528,98.0,448.0,False
smooth_0.5,text_encoder.bert.encoder.layer.6.attention.output.dense,linear,36,14,768,768,1,1,600576,611328,3128,43008,86016,10752,10752,0,10752,0,8257536,5376.0,448.0,True
smooth_0.5,text_encoder.bert.encoder.layer.6.intermediate.dense,linear,36,14,3072,768,1,1,2370048,2380800,12344,172032,344064,43008,43008,0,10752,0,33030144,21504.0,1792.0,True
smooth_0.5,text_encoder.bert.encoder.layer.6.output.dense,linear,36,14,768,3072,1,1,2402304,2445312,3128,43008,86016,10752,10752,0,43008,0,33030144,21504.0,448.0,True
smooth_0.5,text_encoder.bert.encoder.layer.7.attention.self.query,linear,36,14,768,768,1,1,600576,611328,3128,43008,86016,10752,10752,0,10752,0,8257536,5376.0,448.0,True
smooth_0.5,text_encoder.bert.encoder.layer.7.attention.self.key,linear,36,14,768,768,1,1,600576,611328,3128,43008,86016,10752,10752,0,10752,0,8257536,5376.0,448.0,True
smooth_0.5,text_encoder.bert.encoder.layer.7.attention.self.value,linear,36,14,768,768,1,1,600576,611328,3128,43008,86016,10752,10752,0,10752,0,8257536,5376.0,448.0,True
smooth_0.5,text_encoder.bert.encoder.layer.7.attention.self,attention_qk,36,14,14,64,12,1,21504,43008,1344,9408,18816,2352,2352,0,21504,0,150528,98.0,98.0,False
smooth_0.5,text_encoder.bert.encoder.layer.7.attention.self,attention_av,36,14,64,14,12,1,13104,26208,3744,43008,86016,10752,10752,0,13104,0,150528,98.0,448.0,False
smooth_0.5,text_encoder.bert.encoder.layer.7.attention.output.dense,linear,36,14,768,768,1,1,600576,611328,3128,43008,86016,10752,10752,0,10752,0,8257536,5376.0,448.0,True
smooth_0.5,text_encoder.bert.encoder.layer.7.intermediate.dense,linear,36,14,3072,768,1,1,2370048,2380800,12344,172032,344064,43008,43008,0,10752,0,33030144,21504.0,1792.0,True
smooth_0.5,text_encoder.bert.encoder.layer.7.output.dense,linear,36,14,768,3072,1,1,2402304,2445312,3128,43008,86016,10752,10752,0,43008,0,33030144,21504.0,448.0,True
smooth_0.5,text_encoder.bert.encoder.layer.8.attention.self.query,linear,36,14,768,768,1,1,600576,611328,3128,43008,86016,10752,10752,0,10752,0,8257536,5376.0,448.0,True
smooth_0.5,text_encoder.bert.encoder.layer.8.attention.self.key,linear,36,14,768,768,1,1,600576,611328,3128,43008,86016,10752,10752,0,10752,0,8257536,5376.0,448.0,True
smooth_0.5,text_encoder.bert.encoder.layer.8.attention.self.value,linear,36,14,768,768,1,1,600576,611328,3128,43008,86016,10752,10752,0,10752,0,8257536,5376.0,448.0,True
smooth_0.5,text_encoder.bert.encoder.layer.8.attention.self,attention_qk,36,14,14,64,12,1,21504,43008,1344,9408,18816,2352,2352,0,21504,0,150528,98.0,98.0,False
smooth_0.5,text_encoder.bert.encoder.layer.8.attention.self,attention_av,36,14,64,14,12,1,13104,26208,3744,43008,86016,10752,10752,0,13104,0,150528,98.0,448.0,False
smooth_0.5,text_encoder.bert.encoder.layer.8.attention.output.dense,linear,36,14,768,768,1,1,600576,611328,3128,43008,86016,10752,10752,0,10752,0,8257536,5376.0,448.0,True
smooth_0.5,text_encoder.bert.encoder.layer.8.intermediate.dense,linear,36,14,3072,768,1,1,2370048,2380800,12344,172032,344064,43008,43008,0,10752,0,33030144,21504.0,1792.0,True
smooth_0.5,text_encoder.bert.encoder.layer.8.output.dense,linear,36,14,768,3072,1,1,2402304,2445312,3128,43008,86016,10752,10752,0,43008,0,33030144,21504.0,448.0,True
smooth_0.5,text_encoder.bert.encoder.layer.9.attention.self.query,linear,36,14,768,768,1,1,600576,611328,3128,43008,86016,10752,10752,0,10752,0,8257536,5376.0,448.0,True
smooth_0.5,text_encoder.bert.encoder.layer.9.attention.self.key,linear,36,14,768,768,1,1,600576,611328,3128,43008,86016,10752,10752,0,10752,0,8257536,5376.0,448.0,True
smooth_0.5,text_encoder.bert.encoder.layer.9.attention.self.value,linear,36,14,768,768,1,1,600576,611328,3128,43008,86016,10752,10752,0,10752,0,8257536,5376.0,448.0,True
smooth_0.5,text_encoder.bert.encoder.layer.9.attention.self,attention_qk,36,14,14,64,12,1,21504,43008,1344,9408,18816,2352,2352,0,21504,0,150528,98.0,98.0,False
smooth_0.5,text_encoder.bert.encoder.layer.9.attention.self,attention_av,36,14,64,14,12,1,13104,26208,3744,43008,86016,10752,10752,0,13104,0,150528,98.0,448.0,False
smooth_0.5,text_encoder.bert.encoder.layer.9.attention.output.dense,linear,36,14,768,768,1,1,600576,611328,3128,43008,86016,10752,10752,0,10752,0,8257536,5376.0,448.0,True
smooth_0.5,text_encoder.bert.encoder.layer.9.intermediate.dense,linear,36,14,3072,768,1,1,2370048,2380800,12344,172032,344064,43008,43008,0,10752,0,33030144,21504.0,1792.0,True
smooth_0.5,text_encoder.bert.encoder.layer.9.output.dense,linear,36,14,768,3072,1,1,2402304,2445312,3128,43008,86016,10752,10752,0,43008,0,33030144,21504.0,448.0,True
smooth_0.5,text_encoder.bert.encoder.layer.10.attention.self.query,linear,36,14,768,768,1,1,600576,611328,3128,43008,86016,10752,10752,0,10752,0,8257536,5376.0,448.0,True
smooth_0.5,text_encoder.bert.encoder.layer.10.attention.self.key,linear,36,14,768,768,1,1,600576,611328,3128,43008,86016,10752,10752,0,10752,0,8257536,5376.0,448.0,True
smooth_0.5,text_encoder.bert.encoder.layer.10.attention.self.value,linear,36,14,768,768,1,1,600576,611328,3128,43008,86016,10752,10752,0,10752,0,8257536,5376.0,448.0,True
smooth_0.5,text_encoder.bert.encoder.layer.10.attention.self,attention_qk,36,14,14,64,12,1,21504,43008,1344,9408,18816,2352,2352,0,21504,0,150528,98.0,98.0,False
smooth_0.5,text_encoder.bert.encoder.layer.10.attention.self,attention_av,36,14,64,14,12,1,13104,26208,3744,43008,86016,10752,10752,0,13104,0,150528,98.0,448.0,False
smooth_0.5,text_encoder.bert.encoder.layer.10.attention.output.dense,linear,36,14,768,768,1,1,600576,611328,3128,43008,86016,10752,10752,0,10752,0,8257536,5376.0,448.0,True
smooth_0.5,text_encoder.bert.encoder.layer.10.intermediate.dense,linear,36,14,3072,768,1,1,2370048,2380800,12344,172032,344064,43008,43008,0,10752,0,33030144,21504.0,1792.0,True
smooth_0.5,text_encoder.bert.encoder.layer.10.output.dense,linear,36,14,768,3072,1,1,2402304,2445312,3128,43008,86016,10752,10752,0,43008,0,33030144,21504.0,448.0,True
smooth_0.5,text_encoder.bert.encoder.layer.11.attention.self.query,linear,36,14,768,768,1,1,600576,611328,3128,43008,86016,10752,10752,0,10752,0,8257536,5376.0,448.0,True
smooth_0.5,text_encoder.bert.encoder.layer.11.attention.self.key,linear,36,14,768,768,1,1,600576,611328,3128,43008,86016,10752,10752,0,10752,0,8257536,5376.0,448.0,True
smooth_0.5,text_encoder.bert.encoder.layer.11.attention.self.value,linear,36,14,768,768,1,1,600576,611328,3128,43008,86016,10752,10752,0,10752,0,8257536,5376.0,448.0,True
smooth_0.5,text_encoder.bert.encoder.layer.11.attention.self,attention_qk,36,14,14,64,12,1,21504,43008,1344,9408,18816,2352,2352,0,21504,0,150528,98.0,98.0,False
smooth_0.5,text_encoder.bert.encoder.layer.11.attention.self,attention_av,36,14,64,14,12,1,13104,26208,3744,43008,86016,10752,10752,0,13104,0,150528,98.0,448.0,False
smooth_0.5,text_encoder.bert.encoder.layer.11.attention.output.dense,linear,36,14,768,768,1,1,600576,611328,3128,43008,86016,10752,10752,0,10752,0,8257536,5376.0,448.0,True
smooth_0.5,text_encoder.bert.encoder.layer.11.intermediate.dense,linear,36,14,3072,768,1,1,2370048,2380800,12344,172032,344064,43008,43008,0,10752,0,33030144,21504.0,1792.0,True
smooth_0.5,text_encoder.bert.encoder.layer.11.output.dense,linear,36,14,768,3072,1,1,2402304,2445312,3128,43008,86016,10752,10752,0,43008,0,33030144,21504.0,448.0,True
smooth_0.75,text_encoder.bert.encoder.layer.0.attention.self.query,linear,72,21,768,768,1,1,605952,622080,3156,64512,129024,16128,16128,0,16128,0,12386304,8064.0,672.0,True
smooth_0.75,text_encoder.bert.encoder.layer.0.attention.self.key,linear,72,21,768,768,1,1,605952,622080,3156,64512,129024,16128,16128,0,16128,0,12386304,8064.0,672.0,True
smooth_0.75,text_encoder.bert.encoder.layer.0.attention.self.value,linear,72,21,768,768,1,1,605952,622080,3156,64512,129024,16128,16128,0,16128,0,12386304,8064.0,672.0,True
smooth_0.75,text_encoder.bert.encoder.layer.0.attention.self,attention_qk,72,21,21,64,12,1,32256,64512,2016,21168,42336,5292,5292,0,32256,0,338688,220.5,220.5,False
smooth_0.75,text_encoder.bert.encoder.layer.0.attention.self,attention_av,72,21,64,21,12,1,21420,42840,4080,64512,129024,16128,16128,0,21420,0,338688,220.5,672.0,False
smooth_0.75,text_encoder.bert.encoder.layer.0.attention.output.dense,linear,72,21,768,768,1,1,605952,622080,3156,64512,129024,16128,16128,0,16128,0,12386304,8064.0,672.0,True
smooth_0.75,text_encoder.bert.encoder.layer.0.intermediate.dense,linear,72,21,3072,768,1,1,2375424,2391552,12372,258048,516096,64512,64512,0,16128,0,49545216,32256.0,2688.0,True
smooth_0.75,text_encoder.bert.encoder.layer.0.output.dense,linear,72,21,768,3072,1,1,2423808,2488320,3156,64512,129024,16128,16128,0,64512,0,49545216,32256.0,672.0,True
smooth_0.75,text_encoder.bert.encoder.layer.1.attention.self.query,linear,72,21,768,768,1,1,605952,622080,3156,64512,129024,16128,16128,0,16128,0,12386304,8064.0,672.0,True
smooth_0.75,text_encoder.bert.encoder.layer.1.attention.self.key,linear,72,21,768,768,1,1,605952,622080,3156,64512,129024,16128,16128,0,16128,0,12386304,8064.0,672.0,True
smooth_0.75,text_encoder.bert.encoder.layer.1.attention.self.value,linear,72,21,768,768,1,1,605952,622080,3156,64512,129024,16128,16128,0,16128,0,12386304,8064.0,672.0,True
smooth_0.75,text_encoder.bert.encoder.layer.1.attention.self,attention_qk,72,21,21,64,12,1,32256,64512,2016,21168,42336,5292,5292,0,32256,0,338688,220.5,220.5,False
smooth_0.75,text_encoder.bert.encoder.layer.1.attention.self,attention_av,72,21,64,21,12,1,21420,42840,4080,64512,129024,16128,16128,0,21420,0,338688,220.5,672.0,False
smooth_0.75,text_encoder.bert.encoder.layer.1.attention.output.dense,linear,72,21,768,768,1,1,605952,622080,3156,64512,129024,16128,16128,0,16128,0,12386304,8064.0,672.0,True
smooth_0.75,text_encoder.bert.encoder.layer.1.intermediate.dense,linear,72,21,3072,768,1,1,2375424,2391552,12372,258048,516096,64512,64512,0,16128,0,49545216,32256.0,2688.0,True
smooth_0.75,text_encoder.bert.encoder.layer.1.output.dense,linear,72,21,768,3072,1,1,2423808,2488320,3156,64512,129024,16128,16128,0,64512,0,49545216,32256.0,672.0,True
smooth_0.75,text_encoder.bert.encoder.layer.2.attention.self.query,linear,72,21,768,768,1,1,605952,622080,3156,64512,129024,16128,16128,0,16128,0,12386304,8064.0,672.0,True
smooth_0.75,text_encoder.bert.encoder.layer.2.attention.self.key,linear,72,21,768,768,1,1,605952,622080,3156,64512,129024,16128,16128,0,16128,0,12386304,8064.0,672.0,True
smooth_0.75,text_encoder.bert.encoder.layer.2.attention.self.value,linear,72,21,768,768,1,1,605952,622080,3156,64512,129024,16128,16128,0,16128,0,12386304,8064.0,672.0,True
smooth_0.75,text_encoder.bert.encoder.layer.2.attention.self,attention_qk,72,21,21,64,12,1,32256,64512,2016,21168,42336,5292,5292,0,32256,0,338688,220.5,220.5,False
smooth_0.75,text_encoder.bert.encoder.layer.2.attention.self,attention_av,72,21,64,21,12,1,21420,42840,4080,64512,129024,16128,16128,0,21420,0,338688,220.5,672.0,False
smooth_0.75,text_encoder.bert.encoder.layer.2.attention.output.dense,linear,72,21,768,768,1,1,605952,622080,3156,64512,129024,16128,16128,0,16128,0,12386304,8064.0,672.0,True
smooth_0.75,text_encoder.bert.encoder.layer.2.intermediate.dense,linear,72,21,3072,768,1,1,2375424,2391552,12372,258048,516096,64512,64512,0,16128,0,49545216,32256.0,2688.0,True
smooth_0.75,text_encoder.bert.encoder.layer.2.output.dense,linear,72,21,768,3072,1,1,2423808,2488320,3156,64512,129024,16128,16128,0,64512,0,49545216,32256.0,672.0,True
smooth_0.75,text_encoder.bert.encoder.layer.3.attention.self.query,linear,72,21,768,768,1,1,605952,622080,3156,64512,129024,16128,16128,0,16128,0,12386304,8064.0,672.0,True
smooth_0.75,text_encoder.bert.encoder.layer.3.attention.self.key,linear,72,21,768,768,1,1,605952,622080,3156,64512,129024,16128,16128,0,16128,0,12386304,8064.0,672.0,True
smooth_0.75,text_encoder.bert.encoder.layer.3.attention.self.value,linear,72,21,768,768,1,1,605952,622080,3156,64512,129024,16128,16128,0,16128,0,12386304,8064.0,672.0,True
smooth_0.75,text_encoder.bert.encoder.layer.3.attention.self,attention_qk,72,21,21,64,12,1,32256,64512,2016,21168,42336,5292,5292,0,32256,0,338688,220.5,220.5,False
smooth_0.75,text_encoder.bert.encoder.layer.3.attention.self,attention_av,72,21,64,21,12,1,21420,42840,4080,64512,129024,16128,16128,0,21420,0,338688,220.5,672.0,False
smooth_0.75,text_encoder.bert.encoder.layer.3.attention.output.dense,linear,72,21,768,768,1,1,605952,622080,3156,64512,129024,16128,16128,0,16128,0,12386304,8064.0,672.0,True
smooth_0.75,text_encoder.bert.encoder.layer.3.intermediate.dense,linear,72,21,3072,768,1,1,2375424,2391552,12372,258048,516096,64512,64512,0,16128,0,49545216,32256.0,2688.0,True
smooth_0.75,text_encoder.bert.encoder.layer.3.output.dense,linear,72,21,768,3072,1,1,2423808,2488320,3156,64512,129024,16128,16128,0,64512,0,49545216,32256.0,672.0,True
smooth_0.75,text_encoder.bert.encoder.layer.4.attention.self.query,linear,72,21,768,768,1,1,605952,622080,3156,64512,129024,16128,16128,0,16128,0,12386304,8064.0,672.0,True
smooth_0.75,text_encoder.bert.encoder.layer.4.attention.self.key,linear,72,21,768,768,1,1,605952,622080,3156,64512,129024,16128,16128,0,16128,0,12386304,8064.0,672.0,True
smooth_0.75,text_encoder.bert.encoder.layer.4.attention.self.value,linear,72,21,768,768,1,1,605952,622080,3156,64512,129024,16128,16128,0,16128,0,12386304,8064.0,672.0,True
smooth_0.75,text_encoder.bert.encoder.layer.4.attention.self,attention_qk,72,21,21,64,12,1,32256,64512,2016,21168,42336,5292,5292,0,32256,0,338688,220.5,220.5,False
smooth_0.75,text_encoder.bert.encoder.layer.4.attention.self,attention_av,72,21,64,21,12,1,21420,42840,4080,64512,129024,16128,16128,0,21420,0,338688,220.5,672.0,False
smooth_0.75,text_encoder.bert.encoder.layer.4.attention.output.dense,linear,72,21,768,768,1,1,605952,622080,3156,64512,129024,16128,16128,0,16128,0,12386304,8064.0,672.0,True
smooth_0.75,text_encoder.bert.encoder.layer.4.intermediate.dense,linear,72,21,3072,768,1,1,2375424,2391552,12372,258048,516096,64512,64512,0,16128,0,49545216,32256.0,2688.0,True
smooth_0.75,text_encoder.bert.encoder.layer.4.output.dense,linear,72,21,768,3072,1,1,2423808,2488320,3156,64512,129024,16128,16128,0,64512,0,49545216,32256.0,672.0,True
smooth_0.75,text_encoder.bert.encoder.layer.5.attention.self.query,linear,72,21,768,768,1,1,605952,622080,3156,64512,129024,16128,16128,0,16128,0,12386304,8064.0,672.0,True
smooth_0.75,text_encoder.bert.encoder.layer.5.attention.self.key,linear,72,21,768,768,1,1,605952,622080,3156,64512,129024,16128,16128,0,16128,0,12386304,8064.0,672.0,True
smooth_0.75,text_encoder.bert.encoder.layer.5.attention.self.value,linear,72,21,768,768,1,1,605952,622080,3156,64512,129024,16128,16128,0,16128,0,12386304,8064.0,672.0,True
smooth_0.75,text_encoder.bert.encoder.layer.5.attention.self,attention_qk,72,21,21,64,12,1,32256,64512,2016,21168,42336,5292,5292,0,32256,0,338688,220.5,220.5,False
smooth_0.75,text_encoder.bert.encoder.layer.5.attention.self,attention_av,72,21,64,21,12,1,21420,42840,4080,64512,129024,16128,16128,0,21420,0,338688,220.5,672.0,False
smooth_0.75,text_encoder.bert.encoder.layer.5.attention.output.dense,linear,72,21,768,768,1,1,605952,622080,3156,64512,129024,16128,16128,0,16128,0,12386304,8064.0,672.0,True
smooth_0.75,text_encoder.bert.encoder.layer.5.intermediate.dense,linear,72,21,3072,768,1,1,2375424,2391552,12372,258048,516096,64512,64512,0,16128,0,49545216,32256.0,2688.0,True
smooth_0.75,text_encoder.bert.encoder.layer.5.output.dense,linear,72,21,768,3072,1,1,2423808,2488320,3156,64512,129024,16128,16128,0,64512,0,49545216,32256.0,672.0,True
smooth_0.75,text_encoder.bert.encoder.layer.6.attention.self.query,linear,72,21,768,768,1,1,605952,622080,3156,64512,129024,16128,16128,0,16128,0,12386304,8064.0,672.0,True
smooth_0.75,text_encoder.bert.encoder.layer.6.attention.self.key,linear,72,21,768,768,1,1,605952,622080,3156,64512,129024,16128,16128,0,16128,0,12386304,8064.0,672.0,True
smooth_0.75,text_encoder.bert.encoder.layer.6.attention.self.value,linear,72,21,768,768,1,1,605952,622080,3156,64512,129024,16128,16128,0,16128,0,12386304,8064.0,672.0,True
smooth_0.75,text_encoder.bert.encoder.layer.6.attention.self,attention_qk,72,21,21,64,12,1,32256,64512,2016,21168,42336,5292,5292,0,32256,0,338688,220.5,220.5,False
smooth_0.75,text_encoder.bert.encoder.layer.6.attention.self,attention_av,72,21,64,21,12,1,21420,42840,4080,64512,129024,16128,16128,0,21420,0,338688,220.5,672.0,False
smooth_0.75,text_encoder.bert.encoder.layer.6.attention.output.dense,linear,72,21,768,768,1,1,605952,622080,3156,64512,129024,16128,16128,0,16128,0,12386304,8064.0,672.0,True
smooth_0.75,text_encoder.bert.encoder.layer.6.intermediate.dense,linear,72,21,3072,768,1,1,2375424,2391552,12372,258048,516096,64512,64512,0,16128,0,49545216,32256.0,2688.0,True
smooth_0.75,text_encoder.bert.encoder.layer.6.output.dense,linear,72,21,768,3072,1,1,2423808,2488320,3156,64512,129024,16128,16128,0,64512,0,49545216,32256.0,672.0,True
smooth_0.75,text_encoder.bert.encoder.layer.7.attention.self.query,linear,72,21,768,768,1,1,605952,622080,3156,64512,129024,16128,16128,0,16128,0,12386304,8064.0,672.0,True
smooth_0.75,text_encoder.bert.encoder.layer.7.attention.self.key,linear,72,21,768,768,1,1,605952,622080,3156,64512,129024,16128,16128,0,16128,0,12386304,8064.0,672.0,True
smooth_0.75,text_encoder.bert.encoder.layer.7.attention.self.value,linear,72,21,768,768,1,1,605952,622080,3156,64512,129024,16128,16128,0,16128,0,12386304,8064.0,672.0,True
smooth_0.75,text_encoder.bert.encoder.layer.7.attention.self,attention_qk,72,21,21,64,12,1,32256,64512,2016,21168,42336,5292,5292,0,32256,0,338688,220.5,220.5,False
smooth_0.75,text_encoder.bert.encoder.layer.7.attention.self,attention_av,72,21,64,21,12,1,21420,42840,4080,64512,129024,16128,16128,0,21420,0,338688,220.5,672.0,False
smooth_0.75,text_encoder.bert.encoder.layer.7.attention.output.dense,linear,72,21,768,768,1,1,605952,622080,3156,64512,129024,16128,16128,0,16128,0,12386304,8064.0,672.0,True
smooth_0.75,text_encoder.bert.encoder.layer.7.intermediate.dense,linear,72,21,3072,768,1,1,2375424,2391552,12372,258048,516096,64512,64512,0,16128,0,49545216,32256.0,2688.0,True
smooth_0.75,text_encoder.bert.encoder.layer.7.output.dense,linear,72,21,768,3072,1,1,2423808,2488320,3156,64512,129024,16128,16128,0,64512,0,49545216,32256.0,672.0,True
smooth_0.75,text_encoder.bert.encoder.layer.8.attention.self.query,linear,72,21,768,768,1,1,605952,622080,3156,64512,129024,16128,16128,0,16128,0,12386304,8064.0,672.0,True
smooth_0.75,text_encoder.bert.encoder.layer.8.attention.self.key,linear,72,21,768,768,1,1,605952,622080,3156,64512,129024,16128,16128,0,16128,0,12386304,8064.0,672.0,True
smooth_0.75,text_encoder.bert.encoder.layer.8.attention.self.value,linear,72,21,768,768,1,1,605952,622080,3156,64512,129024,16128,16128,0,16128,0,12386304,8064.0,672.0,True
smooth_0.75,text_encoder.bert.encoder.layer.8.attention.self,attention_qk,72,21,21,64,12,1,32256,64512,2016,21168,42336,5292,5292,0,32256,0,338688,220.5,220.5,False
smooth_0.75,text_encoder.bert.encoder.layer.8.attention.self,attention_av,72,21,64,21,12,1,21420,42840,4080,64512,129024,16128,16128,0,21420,0,338688,220.5,672.0,False
smooth_0.75,text_encoder.bert.encoder.layer.8.attention.output.dense,linear,72,21,768,768,1,1,605952,622080,3156,64512,129024,16128,16128,0,16128,0,12386304,8064.0,672.0,True
smooth_0.75,text_encoder.bert.encoder.layer.8.intermediate.dense,linear,72,21,3072,768,1,1,2375424,2391552,12372,258048,516096,64512,64512,0,16128,0,49545216,32256.0,2688.0,True
smooth_0.75,text_encoder.bert.encoder.layer.8.output.dense,linear,72,21,768,3072,1,1,2423808,2488320,3156,64512,129024,16128,16128,0,64512,0,49545216,32256.0,672.0,True
smooth_0.75,text_encoder.bert.encoder.layer.9.attention.self.query,linear,72,21,768,768,1,1,605952,622080,3156,64512,129024,16128,16128,0,16128,0,12386304,8064.0,672.0,True
smooth_0.75,text_encoder.bert.encoder.layer.9.attention.self.key,linear,72,21,768,768,1,1,605952,622080,3156,64512,129024,16128,16128,0,16128,0,12386304,8064.0,672.0,True
smooth_0.75,text_encoder.bert.encoder.layer.9.attention.self.value,linear,72,21,768,768,1,1,605952,622080,3156,64512,129024,16128,16128,0,16128,0,12386304,8064.0,672.0,True
smooth_0.75,text_encoder.bert.encoder.layer.9.attention.self,attention_qk,72,21,21,64,12,1,32256,64512,2016,21168,42336,5292,5292,0,32256,0,338688,220.5,220.5,False
smooth_0.75,text_encoder.bert.encoder.layer.9.attention.self,attention_av,72,21,64,21,12,1,21420,42840,4080,64512,129024,16128,16128,0,21420,0,338688,220.5,672.0,False
smooth_0.75,text_encoder.bert.encoder.layer.9.attention.output.dense,linear,72,21,768,768,1,1,605952,622080,3156,64512,129024,16128,16128,0,16128,0,12386304,8064.0,672.0,True
smooth_0.75,text_encoder.bert.encoder.layer.9.intermediate.dense,linear,72,21,3072,768,1,1,2375424,2391552,12372,258048,516096,64512,64512,0,16128,0,49545216,32256.0,2688.0,True
smooth_0.75,text_encoder.bert.encoder.layer.9.output.dense,linear,72,21,768,3072,1,1,2423808,2488320,3156,64512,129024,16128,16128,0,64512,0,49545216,32256.0,672.0,True
smooth_0.75,text_encoder.bert.encoder.layer.10.attention.self.query,linear,72,21,768,768,1,1,605952,622080,3156,64512,129024,16128,16128,0,16128,0,12386304,8064.0,672.0,True
smooth_0.75,text_encoder.bert.encoder.layer.10.attention.self.key,linear,72,21,768,768,1,1,605952,622080,3156,64512,129024,16128,16128,0,16128,0,12386304,8064.0,672.0,True
smooth_0.75,text_encoder.bert.encoder.layer.10.attention.self.value,linear,72,21,768,768,1,1,605952,622080,3156,64512,129024,16128,16128,0,16128,0,12386304,8064.0,672.0,True
smooth_0.75,text_encoder.bert.encoder.layer.10.attention.self,attention_qk,72,21,21,64,12,1,32256,64512,2016,21168,42336,5292,5292,0,32256,0,338688,220.5,220.5,False
smooth_0.75,text_encoder.bert.encoder.layer.10.attention.self,attention_av,72,21,64,21,12,1,21420,42840,4080,64512,129024,16128,16128,0,21420,0,338688,220.5,672.0,False
smooth_0.75,text_encoder.bert.encoder.layer.10.attention.output.dense,linear,72,21,768,768,1,1,605952,622080,3156,64512,129024,16128,16128,0,16128,0,12386304,8064.0,672.0,True
smooth_0.75,text_encoder.bert.encoder.layer.10.intermediate.dense,linear,72,21,3072,768,1,1,2375424,2391552,12372,258048,516096,64512,64512,0,16128,0,49545216,32256.0,2688.0,True
smooth_0.75,text_encoder.bert.encoder.layer.10.output.dense,linear,72,21,768,3072,1,1,2423808,2488320,3156,64512,129024,16128,16128,0,64512,0,49545216,32256.0,672.0,True
smooth_0.75,text_encoder.bert.encoder.layer.11.attention.self.query,linear,72,21,768,768,1,1,605952,622080,3156,64512,129024,16128,16128,0,16128,0,12386304,8064.0,672.0,True
smooth_0.75,text_encoder.bert.encoder.layer.11.attention.self.key,linear,72,21,768,768,1,1,605952,622080,3156,64512,129024,16128,16128,0,16128,0,12386304,8064.0,672.0,True
smooth_0.75,text_encoder.bert.encoder.layer.11.attention.self.value,linear,72,21,768,768,1,1,605952,622080,3156,64512,129024,16128,16128,0,16128,0,12386304,8064.0,672.0,True
smooth_0.75,text_encoder.bert.encoder.layer.11.attention.self,attention_qk,72,21,21,64,12,1,32256,64512,2016,21168,42336,5292,5292,0,32256,0,338688,220.5,220.5,False
smooth_0.75,text_encoder.bert.encoder.layer.11.attention.self,attention_av,72,21,64,21,12,1,21420,42840,4080,64512,129024,16128,16128,0,21420,0,338688,220.5,672.0,False
smooth_0.75,text_encoder.bert.encoder.layer.11.attention.output.dense,linear,72,21,768,768,1,1,605952,622080,3156,64512,129024,16128,16128,0,16128,0,12386304,8064.0,672.0,True
smooth_0.75,text_encoder.bert.encoder.layer.11.intermediate.dense,linear,72,21,3072,768,1,1,2375424,2391552,12372,258048,516096,64512,64512,0,16128,0,49545216,32256.0,2688.0,True
smooth_0.75,text_encoder.bert.encoder.layer.11.output.dense,linear,72,21,768,3072,1,1,2423808,2488320,3156,64512,129024,16128,16128,0,64512,0,49545216,32256.0,672.0,True
smooth_0.75,text_encoder.bert.pooler.dense,linear,144,1,768,768,1,1,590592,591360,3076,3072,6144,768,768,0,768,0,589824,384.0,32.0,True
smooth_0.75,text_encoder.text_projection,linear,144,21,256,768,1,1,212736,228864,1108,21504,43008,5376,5376,0,16128,0,4128768,2688.0,224.0,True
smooth_0.75,vision_encoder.backbone.embeddings.patch_embeddings,conv2d,288,256,768,768,1,1,786432,983040,4096,786432,1572864,196608,196608,0,196608,0,150994944,98304.0,8192.0,True
smooth_0.75,vision_encoder.backbone.layer.0.attention.q_proj,linear,288,261,768,768,1,1,790272,990720,4116,801792,1603584,200448,200448,0,200448,0,153944064,100224.0,8352.0,True
smooth_0.75,vision_encoder.backbone.layer.0.attention.k_proj,linear,288,261,768,768,1,1,790272,990720,4116,801792,1603584,200448,200448,0,200448,0,153944064,100224.0,8352.0,True
smooth_0.75,vision_encoder.backbone.layer.0.attention.v_proj,linear,288,261,768,768,1,1,790272,990720,4116,801792,1603584,200448,200448,0,200448,0,153944064,100224.0,8352.0,True
smooth_0.75,vision_encoder.backbone.layer.0.attention,attention_qk,288,261,261,64,12,1,400896,801792,25056,3269808,6539616,817452,817452,0,400896,0,52316928,34060.5,34060.5,False
smooth_0.75,vision_encoder.backbone.layer.0.attention,attention_av,288,261,64,261,12,1,1017900,2035800,15600,801792,1603584,200448,200448,0,1017900,0,52316928,34060.5,8352.0,False
smooth_0.75,vision_encoder.backbone.layer.0.attention.o_proj,linear,288,261,768,768,1,1,790272,990720,4116,801792,1603584,200448,200448,0,200448,0,153944064,100224.0,8352.0,True
smooth_0.75,vision_encoder.backbone.layer.0.mlp.up_proj,linear,288,261,3072,768,1,1,2559744,2760192,13332,3207168,6414336,801792,801792,0,200448,0,615776256,400896.0,33408.0,True
smooth_0.75,vision_encoder.backbone.layer.0.mlp.down_proj,linear,288,261,768,3072,1,1,3161088,3962880,4116,801792,1603584,200448,200448,0,801792,0,615776256,400896.0,8352.0,True
smooth_0.75,vision_encoder.backbone.layer.1.attention.q_proj,linear,288,261,768,768,1,1,790272,990720,4116,801792,1603584,200448,200448,0,200448,0,153944064,100224.0,8352.0,True
smooth_0.75,vision_encoder.backbone.layer.1.attention.k_proj,linear,288,261,768,768,1,1,790272,990720,4116,801792,1603584,200448,200448,0,200448,0,153944064,100224.0,8352.0,True
smooth_0.75,vision_encoder.backbone.layer.1.attention.v_proj,linear,288,261,768,768,1,1,790272,990720,4116,801792,1603584,200448,200448,0,200448,0,153944064,100224.0,8352.0,True
smooth_0.75,vision_encoder.backbone.layer.1.attention,attention_qk,288,261,261,64,12,1,400896,801792,25056,3269808,6539616,817452,817452,0,400896,0,52316928,34060.5,34060.5,False
smooth_0.75,vision_encoder.backbone.layer.1.attention,attention_av,288,261,64,261,12,1,1017900,2035800,15600,801792,1603584,200448,200448,0,1017900,0,52316928,34060.5,8352.0,False
smooth_0.75,vision_encoder.backbone.layer.1.attention.o_proj,linear,288,261,768,768,1,1,790272,990720,4116,801792,1603584,200448,200448,0,200448,0,153944064,100224.0,8352.0,True
smooth_0.75,vision_encoder.backbone.layer.1.mlp.up_proj,linear,288,261,3072,768,1,1,2559744,2760192,13332,3207168,6414336,801792,801792,0,200448,0,615776256,400896.0,33408.0,True
smooth_0.75,vision_encoder.backbone.layer.1.mlp.down_proj,linear,288,261,768,3072,1,1,3161088,3962880,4116,801792,1603584,200448,200448,0,801792,0,615776256,400896.0,8352.0,True
smooth_0.75,vision_encoder.backbone.layer.2.attention.q_proj,linear,288,261,768,768,1,1,790272,990720,4116,801792,1603584,200448,200448,0,200448,0,153944064,100224.0,8352.0,True
smooth_0.75,vision_encoder.backbone.layer.2.attention.k_proj,linear,288,261,768,768,1,1,790272,990720,4116,801792,1603584,200448,200448,0,200448,0,153944064,100224.0,8352.0,True
smooth_0.75,vision_encoder.backbone.layer.2.attention.v_proj,linear,288,261,768,768,1,1,790272,990720,4116,801792,1603584,200448,200448,0,200448,0,153944064,100224.0,8352.0,True
smooth_0.75,vision_encoder.backbone.layer.2.attention,attention_qk,288,261,261,64,12,1,400896,801792,25056,3269808,6539616,817452,817452,0,400896,0,52316928,34060.5,34060.5,False
smooth_0.75,vision_encoder.backbone.layer.2.attention,attention_av,288,261,64,261,12,1,1017900,2035800,15600,801792,1603584,200448,200448,0,1017900,0,52316928,34060.5,8352.0,False
smooth_0.75,vision_encoder.backbone.layer.2.attention.o_proj,linear,288,261,768,768,1,1,790272,990720,4116,801792,1603584,200448,200448,0,200448,0,153944064,100224.0,8352.0,True
smooth_0.75,vision_encoder.backbone.layer.2.mlp.up_proj,linear,288,261,3072,768,1,1,2559744,2760192,13332,3207168,6414336,801792,801792,0,200448,0,615776256,400896.0,33408.0,True
smooth_0.75,vision_encoder.backbone.layer.2.mlp.down_proj,linear,288,261,768,3072,1,1,3161088,3962880,4116,801792,1603584,200448,200448,0,801792,0,615776256,400896.0,8352.0,True
smooth_0.75,vision_encoder.backbone.layer.3.attention.q_proj,linear,288,261,768,768,1,1,790272,990720,4116,801792,1603584,200448,200448,0,200448,0,153944064,100224.0,8352.0,True
smooth_0.75,vision_encoder.backbone.layer.3.attention.k_proj,linear,288,261,768,768,1,1,790272,990720,4116,801792,1603584,200448,200448,0,200448,0,153944064,100224.0,8352.0,True
smooth_0.75,vision_encoder.backbone.layer.3.attention.v_proj,linear,288,261,768,768,1,1,790272,990720,4116,801792,1603584,200448,200448,0,200448,0,153944064,100224.0,8352.0,True
smooth_0.75,vision_encoder.backbone.layer.3.attention,attention_qk,288,261,261,64,12,1,400896,801792,25056,3269808,6539616,817452,817452,0,400896,0,52316928,34060.5,34060.5,False
smooth_0.75,vision_encoder.backbone.layer.3.attention,attention_av,288,261,64,261,12,1,1017900,2035800,15600,801792,1603584,200448,200448,0,1017900,0,52316928,34060.5,8352.0,False
smooth_0.75,vision_encoder.backbone.layer.3.attention.o_proj,linear,288,261,768,768,1,1,790272,990720,4116,801792,1603584,200448,200448,0,200448,0,153944064,100224.0,8352.0,True
smooth_0.75,vision_encoder.backbone.layer.3.mlp.up_proj,linear,288,261,3072,768,1,1,2559744,2760192,13332,3207168,6414336,801792,801792,0,200448,0,615776256,400896.0,33408.0,True
smooth_0.75,vision_encoder.backbone.layer.3.mlp.down_proj,linear,288,261,768,3072,1,1,3161088,3962880,4116,801792,1603584,200448,200448,0,801792,0,615776256,400896.0,8352.0,True
smooth_0.75,vision_encoder.backbone.layer.4.attention.q_proj,linear,288,261,768,768,1,1,790272,990720,4116,801792,1603584,200448,200448,0,200448,0,153944064,100224.0,8352.0,True
smooth_0.75,vision_encoder.backbone.layer.4.attention.k_proj,linear,288,261,768,768,1,1,790272,990720,4116,801792,1603584,200448,200448,0,200448,0,153944064,100224.0,8352.0,True
smooth_0.75,vision_encoder.backbone.layer.4.attention.v_proj,linear,288,261,768,768,1,1,790272,990720,4116,801792,1603584,200448,200448,0,200448,0,153944064,100224.0,8352.0,True
smooth_0.75,vision_encoder.backbone.layer.4.attention,attention_qk,288,261,261,64,12,1,400896,801792,25056,3269808,6539616,817452,817452,0,400896,0,52316928,34060.5,34060.5,False
smooth_0.75,vision_encoder.backbone.layer.4.attention,attention_av,288,261,64,261,12,1,1017900,2035800,15600,801792,1603584,200448,200448,0,1017900,0,52316928,34060.5,8352.0,False
smooth_0.75,vision_encoder.backbone.layer.4.attention.o_proj,linear,288,261,768,768,1,1,790272,990720,4116,801792,1603584,200448,200448,0,200448,0,153944064,100224.0,8352.0,True
smooth_0.75,vision_encoder.backbone.layer.4.mlp.up_proj,linear,288,261,3072,768,1,1,2559744,2760192,13332,3207168,6414336,801792,801792,0,200448,0,615776256,400896.0,33408.0,True
smooth_0.75,vision_encoder.backbone.layer.4.mlp.down_proj,linear,288,261,768,3072,1,1,3161088,3962880,4116,801792,1603584,200448,200448,0,801792,0,615776256,400896.0,8352.0,True
smooth_0.75,vision_encoder.backbone.layer.5.attention.q_proj,linear,288,261,768,768,1,1,790272,990720,4116,801792,1603584,200448,200448,0,200448,0,153944064,100224.0,8352.0,True
smooth_0.75,vision_encoder.backbone.layer.5.attention.k_proj,linear,288,261,768,768,1,1,790272,990720,4116,801792,1603584,200448,200448,0,200448,0,153944064,100224.0,8352.0,True
smooth_0.75,vision_encoder.backbone.layer.5.attention.v_proj,linear,288,261,768,768,1,1,790272,990720,4116,801792,1603584,200448,200448,0,200448,0,153944064,100224.0,8352.0,True
smooth_0.75,vision_encoder.backbone.layer.5.attention,attention_qk,288,261,261,64,12,1,400896,801792,25056,3269808,6539616,817452,817452,0,400896,0,52316928,34060.5,34060.5,False
smooth_0.75,vision_encoder.backbone.layer.5.attention,attention_av,288,261,64,261,12,1,1017900,2035800,15600,801792,1603584,200448,200448,0,1017900,0,52316928,34060.5,8352.0,False
smooth_0.75,vision_encoder.backbone.layer.5.attention.o_proj,linear,288,261,768,768,1,1,790272,990720,4116,801792,1603584,200448,200448,0,200448,0,153944064,100224.0,8352.0,True
smooth_0.75,vision_encoder.backbone.layer.5.mlp.up_proj,linear,288,261,3072,768,1,1,2559744,2760192,13332,3207168,6414336,801792,801792,0,200448,0,615776256,400896.0,33408.0,True
smooth_0.75,vision_encoder.backbone.layer.5.mlp.down_proj,linear,288,261,768,3072,1,1,3161088,3962880,4116,801792,1603584,200448,200448,0,801792,0,615776256,400896.0,8352.0,True
smooth_0.75,vision_encoder.backbone.layer.6.attention.q_proj,linear,288,261,768,768,1,1,790272,990720,4116,801792,1603584,200448,200448,0,200448,0,153944064,100224.0,8352.0,True
smooth_0.75,vision_encoder.backbone.layer.6.attention.k_proj,linear,288,261,768,768,1,1,790272,990720,4116,801792,1603584,200448,200448,0,200448,0,153944064,100224.0,8352.0,True
smooth_0.75,vision_encoder.backbone.layer.6.attention.v_proj,linear,288,261,768,768,1,1,790272,990720,4116,801792,1603584,200448,200448,0,200448,0,153944064,100224.0,8352.0,True
smooth_0.75,vision_encoder.backbone.layer.6.attention,attention_qk,288,261,261,64,12,1,400896,801792,25056,3269808,6539616,817452,817452,0,400896,0,52316928,34060.5,34060.5,False
smooth_0.75,vision_encoder.backbone.layer.6.attention,attention_av,288,261,64,261,12,1,1017900,2035800,15600,801792,1603584,200448,200448,0,1017900,0,52316928,34060.5,8352.0,False
smooth_0.75,vision_encoder.backbone.layer.6.attention.o_proj,linear,288,261,768,768,1,1,790272,990720,4116,801792,1603584,200448,200448,0,200448,0,153944064,100224.0,8352.0,True
smooth_0.75,vision_encoder.backbone.layer.6.mlp.up_proj,linear,288,261,3072,768,1,1,2559744,2760192,13332,3207168,6414336,801792,801792,0,200448,0,615776256,400896.0,33408.0,True
smooth_0.75,vision_encoder.backbone.layer.6.mlp.down_proj,linear,288,261,768,3072,1,1,3161088,3962880,4116,801792,1603584,200448,200448,0,801792,0,615776256,400896.0,8352.0,True
smooth_0.75,vision_encoder.backbone.layer.7.attention.q_proj,linear,288,261,768,768,1,1,790272,990720,4116,801792,1603584,200448,200448,0,200448,0,153944064,100224.0,8352.0,True
smooth_0.75,vision_encoder.backbone.layer.7.attention.k_proj,linear,288,261,768,768,1,1,790272,990720,4116,801792,1603584,200448,200448,0,200448,0,153944064,100224.0,8352.0,True
smooth_0.75,vision_encoder.backbone.layer.7.attention.v_proj,linear,288,261,768,768,1,1,790272,990720,4116,801792,1603584,200448,200448,0,200448,0,153944064,100224.0,8352.0,True
smooth_0.75,vision_encoder.backbone.layer.7.attention,attention_qk,288,261,261,64,12,1,400896,801792,25056,3269808,6539616,817452,817452,0,400896,0,52316928,34060.5,34060.5,False
smooth_0.75,vision_encoder.backbone.layer.7.attention,attention_av,288,261,64,261,12,1,1017900,2035800,15600,801792,1603584,200448,200448,0,1017900,0,52316928,34060.5,8352.0,False
smooth_0.75,vision_encoder.backbone.layer.7.attention.o_proj,linear,288,261,768,768,1,1,790272,990720,4116,801792,1603584,200448,200448,0,200448,0,153944064,100224.0,8352.0,True
smooth_0.75,vision_encoder.backbone.layer.7.mlp.up_proj,linear,288,261,3072,768,1,1,2559744,2760192,13332,3207168,6414336,801792,801792,0,200448,0,615776256,400896.0,33408.0,True
smooth_0.75,vision_encoder.backbone.layer.7.mlp.down_proj,linear,288,261,768,3072,1,1,3161088,3962880,4116,801792,1603584,200448,200448,0,801792,0,615776256,400896.0,8352.0,True
smooth_0.75,vision_encoder.backbone.layer.8.attention.q_proj,linear,288,261,768,768,1,1,790272,990720,4116,801792,1603584,200448,200448,0,200448,0,153944064,100224.0,8352.0,True
smooth_0.75,vision_encoder.backbone.layer.8.attention.k_proj,linear,288,261,768,768,1,1,790272,990720,4116,801792,1603584,200448,200448,0,200448,0,153944064,100224.0,8352.0,True
smooth_0.75,vision_encoder.backbone.layer.8.attention.v_proj,linear,288,261,768,768,1,1,790272,990720,4116,801792,1603584,200448,200448,0,200448,0,153944064,100224.0,8352.0,True
smooth_0.75,vision_encoder.backbone.layer.8.attention,attention_qk,288,261,261,64,12,1,400896,801792,25056,3269808,6539616,817452,817452,0,400896,0,52316928,34060.5,34060.5,False
smooth_0.75,vision_encoder.backbone.layer.8.attention,attention_av,288,261,64,261,12,1,1017900,2035800,15600,801792,1603584,200448,200448,0,1017900,0,52316928,34060.5,8352.0,False
smooth_0.75,vision_encoder.backbone.layer.8.attention.o_proj,linear,288,261,768,768,1,1,790272,990720,4116,801792,1603584,200448,200448,0,200448,0,153944064,100224.0,8352.0,True
smooth_0.75,vision_encoder.backbone.layer.8.mlp.up_proj,linear,288,261,3072,768,1,1,2559744,2760192,13332,3207168,6414336,801792,801792,0,200448,0,615776256,400896.0,33408.0,True
smooth_0.75,vision_encoder.backbone.layer.8.mlp.down_proj,linear,288,261,768,3072,1,1,3161088,3962880,4116,801792,1603584,200448,200448,0,801792,0,615776256,400896.0,8352.0,True
smooth_0.75,vision_encoder.backbone.layer.9.attention.q_proj,linear,288,261,768,768,1,1,790272,990720,4116,801792,1603584,200448,200448,0,200448,0,153944064,100224.0,8352.0,True
smooth_0.75,vision_encoder.backbone.layer.9.attention.k_proj,linear,288,261,768,768,1,1,790272,990720,4116,801792,1603584,200448,200448,0,200448,0,153944064,100224.0,8352.0,True
smooth_0.75,vision_encoder.backbone.layer.9.attention.v_proj,linear,288,261,768,768,1,1,790272,990720,4116,801792,1603584,200448,200448,0,200448,0,153944064,100224.0,8352.0,True
smooth_0.75,vision_encoder.backbone.layer.9.attention,attention_qk,288,261,261,64,12,1,400896,801792,25056,3269808,6539616,817452,817452,0,400896,0,52316928,34060.5,34060.5,False
smooth_0.75,vision_encoder.backbone.layer.9.attention,attention_av,288,261,64,261,12,1,1017900,2035800,15600,801792,1603584,200448,200448,0,1017900,0,52316928,34060.5,8352.0,False
smooth_0.75,vision_encoder.backbone.layer.9.attention.o_proj,linear,288,261,768,768,1,1,790272,990720,4116,801792,1603584,200448,200448,0,200448,0,153944064,100224.0,8352.0,True
smooth_0.75,vision_encoder.backbone.layer.9.mlp.up_proj,linear,288,261,3072,768,1,1,2559744,2760192,13332,3207168,6414336,801792,801792,0,200448,0,615776256,400896.0,33408.0,True
smooth_0.75,vision_encoder.backbone.layer.9.mlp.down_proj,linear,288,261,768,3072,1,1,3161088,3962880,4116,801792,1603584,200448,200448,0,801792,0,615776256,400896.0,8352.0,True
smooth_0.75,vision_encoder.backbone.layer.10.attention.q_proj,linear,288,261,768,768,1,1,790272,990720,4116,801792,1603584,200448,200448,0,200448,0,153944064,100224.0,8352.0,True
smooth_0.75,vision_encoder.backbone.layer.10.attention.k_proj,linear,288,261,768,768,1,1,790272,990720,4116,801792,1603584,200448,200448,0,200448,0,153944064,100224.0,8352.0,True
smooth_0.75,vision_encoder.backbone.layer.10.attention.v_proj,linear,288,261,768,768,1,1,790272,990720,4116,801792,1603584,200448,200448,0,200448,0,153944064,100224.0,8352.0,True
smooth_0.75,vision_encoder.backbone.layer.10.attention,attention_qk,288,261,261,64,12,1,400896,801792,25056,3269808,6539616,817452,817452,0,400896,0,52316928,34060.5,34060.5,False
smooth_0.75,vision_encoder.backbone.layer.10.attention,attention_av,288,261,64,261,12,1,1017900,2035800,15600,801792,1603584,200448,200448,0,1017900,0,52316928,34060.5,8352.0,False
smooth_0.75,vision_encoder.backbone.layer.10.attention.o_proj,linear,288,261,768,768,1,1,790272,990720,4116,801792,1603584,200448,200448,0,200448,0,153944064,100224.0,8352.0,True
smooth_0.75,vision_encoder.backbone.layer.10.mlp.up_proj,linear,288,261,3072,768,1,1,2559744,2760192,13332,3207168,6414336,801792,801792,0,200448,0,615776256,400896.0,33408.0,True
smooth_0.75,vision_encoder.backbone.layer.10.mlp.down_proj,linear,288,261,768,3072,1,1,3161088,3962880,4116,801792,1603584,200448,200448,0,801792,0,615776256,400896.0,8352.0,True
smooth_0.75,vision_encoder.backbone.layer.11.attention.q_proj,linear,288,261,768,768,1,1,790272,990720,4116,801792,1603584,200448,200448,0,200448,0,153944064,100224.0,8352.0,True
smooth_0.75,vision_encoder.backbone.layer.11.attention.k_proj,linear,288,261,768,768,1,1,790272,990720,4116,801792,1603584,200448,200448,0,200448,0,153944064,100224.0,8352.0,True
smooth_0.75,vision_encoder.backbone.layer.11.attention.v_proj,linear,288,261,768,768,1,1,790272,990720,4116,801792,1603584,200448,200448,0,200448,0,153944064,100224.0,8352.0,True
smooth_0.75,vision_encoder.backbone.layer.11.attention,attention_qk,288,261,261,64,12,1,400896,801792,25056,3269808,6539616,817452,817452,0,400896,0,52316928,34060.5,34060.5,False
smooth_0.75,vision_encoder.backbone.layer.11.attention,attention_av,288,261,64,261,12,1,1017900,2035800,15600,801792,1603584,200448,200448,0,1017900,0,52316928,34060.5,8352.0,False
smooth_0.75,vision_encoder.backbone.layer.11.attention.o_proj,linear,288,261,768,768,1,1,790272,990720,4116,801792,1603584,200448,200448,0,200448,0,153944064,100224.0,8352.0,True
smooth_0.75,vision_encoder.backbone.layer.11.mlp.up_proj,linear,288,261,3072,768,1,1,2559744,2760192,13332,3207168,6414336,801792,801792,0,200448,0,615776256,400896.0,33408.0,True
smooth_0.75,vision_encoder.backbone.layer.11.mlp.down_proj,linear,288,261,768,3072,1,1,3161088,3962880,4116,801792,1603584,200448,200448,0,801792,0,615776256,400896.0,8352.0,True
smooth_0.75,vision_projection.skip,linear,144,256,256,768,2,1,589824,983040,3072,524288,1048576,131072,131072,0,393216,0,100663296,65536.0,5461.333333333333,True
smooth_0.75,vision_projection.mlp.0,linear,144,256,1024,768,2,1,1179648,1572864,6144,2097152,4194304,524288,524288,0,393216,0,402653184,262144.0,21845.333333333332,True
smooth_0.75,vision_projection.mlp.3,linear,144,256,256,1024,2,1,786432,1310720,3072,524288,1048576,131072,131072,0,524288,0,134217728,87381.33333333333,5461.333333333333,True
smooth_0.75,vision_language_interaction.fusion_layers.0.attn.v_proj,linear,144,512,1024,256,1,1,393216,524288,6144,2097152,4194304,524288,524288,0,131072,0,134217728,87381.33333333333,21845.333333333332,True
smooth_0.75,vision_language_interaction.fusion_layers.0.attn.l_proj,linear,144,21,1024,256,1,1,267520,272896,4180,86016,172032,21504,21504,0,5376,0,5505024,3584.0,896.0,True
smooth_0.75,vision_language_interaction.fusion_layers.0.attn.values_v_proj,linear,144,512,1024,256,1,1,393216,524288,6144,2097152,4194304,524288,524288,0,131072,0,134217728,87381.33333333333,21845.333333333332,True
smooth_0.75,vision_language_interaction.fusion_layers.0.attn.values_l_proj,linear,144,21,1024,256,1,1,267520,272896,4180,86016,172032,21504,21504,0,5376,0,5505024,3584.0,896.0,True
smooth_0.75,vision_language_interaction.fusion_layers.0.attn,bmm,144,512,21,256,4,1,545792,1091584,8528,172032,344064,43008,43008,0,545792,0,11010048,7168.0,1792.0,False
smooth_0.75,vision_language_interaction.fusion_layers.0.attn,bmm,144,512,256,21,4,1,64512,129024,12288,2097152,4194304,524288,524288,0,64512,0,11010048,7168.0,21845.333333333332,False
smooth_0.75,vision_language_interaction.fusion_layers.0.attn,bmm,144,21,256,512,4,1,567296,1134592,4432,86016,172032,21504,21504,0,567296,0,11010048,7168.0,896.0,False
smooth_0.75,vision_language_interaction.fusion_layers.0.attn.out_v_proj,linear,144,512,256,1024,1,1,786432,1310720,3072,524288,1048576,131072,131072,0,524288,0,134217728,87381.33333333333,5461.333333333333,True
smooth_0.75,vision_language_interaction.fusion_layers.0.attn.out_l_proj,linear,144,21,256,1024,1,1,283648,305152,1108,21504,43008,5376,5376,0,21504,0,5505024,3584.0,224.0,True
smooth_0.75,vision_language_interaction.text_layers.0.self_attn,linear,144,1,768,256,21,1,201984,207360,3156,64512,129024,16128,16128,0,5376,0,4128768,2688.0,672.0,True
smooth_0.75,vision_language_interaction.text_layers.0.self_attn,baddbmm,144,21,21,64,4,1,10752,21504,672,7056,14112,1764,1764,0,10752,0,112896,73.5,73.5,False
smooth_0.75,vision_language_interaction.text_layers.0.self_attn,bmm,144,21,64,21,4,1,7140,14280,1360,21504,43008,5376,5376,0,7140,0,112896,73.5,224.0,False
smooth_0.75,vision_language_interaction.text_layers.0.self_attn,linear,144,21,256,256,1,1,70912,76288,1108,21504,43008,5376,5376,0,5376,0,1376256,896.0,224.0,True
smooth_0.75,vision_language_interaction.text_layers.0.linear1,linear,144,1,1024,256,21,1,267520,272896,4180,86016,172032,21504,21504,0,5376,0,5505024,3584.0,896.0,True
smooth_0.75,vision_language_interaction.text_layers.0.linear2,linear,144,1,256,1024,21,1,283648,305152,1108,21504,43008,5376,5376,0,21504,0,5505024,3584.0,224.0,True
smooth_0.75,vision_language_interaction.fusion_layers.1.attn.v_proj,linear,144,512,1024,256,1,1,393216,524288,6144,2097152,4194304,524288,524288,0,131072,0,134217728,87381.33333333333,21845.333333333332,True
smooth_0.75,vision_language_interaction.fusion_layers.1.attn.l_proj,linear,144,21,1024,256,1,1,267520,272896,4180,86016,172032,21504,21504,0,5376,0,5505024,3584.0,896.0,True
smooth_0.75,vision_language_interaction.fusion_layers.1.attn.values_v_proj,linear,144,512,1024,256,1,1,393216,524288,6144,2097152,4194304,524288,524288,0,131072,0,134217728,87381.33333333333,21845.333333333332,True
smooth_0.75,vision_language_interaction.fusion_layers.1.attn.values_l_proj,linear,144,21,1024,256,1,1,267520,272896,4180,86016,172032,21504,21504,0,5376,0,5505024,3584.0,896.0,True
smooth_0.75,vision_language_interaction.fusion_layers.1.attn,bmm,144,512,21,256,4,1,545792,1091584,8528,172032,344064,43008,43008,0,545792,0,11010048,7168.0,1792.0,False
smooth_0.75,vision_language_interaction.fusion_layers.1.attn,bmm,144,512,256,21,4,1,64512,129024,12288,2097152,4194304,524288,524288,0,64512,0,11010048,7168.0,21845.333333333332,False
smooth_0.75,vision_language_interaction.fusion_layers.1.attn,bmm,144,21,256,512,4,1,567296,1134592,4432,86016,172032,21504,21504,0,567296,0,11010048,7168.0,896.0,False
smooth_0.75,vision_language_interaction.fusion_layers.1.attn.out_v_proj,linear,144,512,256,1024,1,1,786432,1310720,3072,524288,1048576,131072,131072,0,524288,0,134217728,87381.33333333333,5461.333333333333,True
smooth_0.75,vision_language_interaction.fusion_layers.1.attn.out_l_proj,linear,144,21,256,1024,1,1,283648,305152,1108,21504,43008,5376,5376,0,21504,0,5505024,3584.0,224.0,True
smooth_0.75,vision_language_interaction.text_layers.1.self_attn,linear,144,1,768,256,21,1,201984,207360,3156,64512,129024,16128,16128,0,5376,0,4128768,2688.0,672.0,True
smooth_0.75,vision_language_interaction.text_layers.1.self_attn,baddbmm,144,21,21,64,4,1,10752,21504,672,7056,14112,1764,1764,0,10752,0,112896,73.5,73.5,False
smooth_0.75,vision_language_interaction.text_layers.1.self_attn,bmm,144,21,64,21,4,1,7140,14280,1360,21504,43008,5376,5376,0,7140,0,112896,73.5,224.0,False
smooth_0.75,vision_language_interaction.text_layers.1.self_attn,linear,144,21,256,256,1,1,70912,76288,1108,21504,43008,5376,5376,0,5376,0,1376256,896.0,224.0,True
smooth_0.75,vision_language_interaction.text_layers.1.linear1,linear,144,1,1024,256,21,1,267520,272896,4180,86016,172032,21504,21504,0,5376,0,5505024,3584.0,896.0,True
smooth_0.75,vision_language_interaction.text_layers.1.linear2,linear,144,1,256,1024,21,1,283648,305152,1108,21504,43008,5376,5376,0,21504,0,5505024,3584.0,224.0,True
smooth_0.75,vision_language_interaction.fusion_layers.2.attn.v_proj,linear,144,512,1024,256,1,1,393216,524288,6144,2097152,4194304,524288,524288,0,131072,0,134217728,87381.33333333333,21845.333333333332,True
smooth_0.75,vision_language_interaction.fusion_layers.2.attn.l_proj,linear,144,21,1024,256,1,1,267520,272896,4180,86016,172032,21504,21504,0,5376,0,5505024,3584.0,896.0,True
smooth_0.75,vision_language_interaction.fusion_layers.2.attn.values_v_proj,linear,144,512,1024,256,1,1,393216,524288,6144,2097152,4194304,524288,524288,0,131072,0,134217728,87381.33333333333,21845.333333333332,True
smooth_0.75,vision_language_interaction.fusion_layers.2.attn.values_l_proj,linear,144,21,1024,256,1,1,267520,272896,4180,86016,172032,21504,21504,0,5376,0,5505024,3584.0,896.0,True
smooth_0.75,vision_language_interaction.fusion_layers.2.attn,bmm,144,512,21,256,4,1,545792,1091584,8528,172032,344064,43008,43008,0,545792,0,11010048,7168.0,1792.0,False
smooth_0.75,vision_language_interaction.fusion_layers.2.attn,bmm,144,512,256,21,4,1,64512,129024,12288,2097152,4194304,524288,524288,0,64512,0,11010048,7168.0,21845.333333333332,False
smooth_0.75,vision_language_interaction.fusion_layers.2.attn,bmm,144,21,256,512,4,1,567296,1134592,4432,86016,172032,21504,21504,0,567296,0,11010048,7168.0,896.0,False
smooth_0.75,vision_language_interaction.fusion_layers.2.attn.out_v_proj,linear,144,512,256,1024,1,1,786432,1310720,3072,524288,1048576,131072,131072,0,524288,0,134217728,87381.33333333333,5461.333333333333,True
smooth_0.75,vision_language_interaction.fusion_layers.2.attn.out_l_proj,linear,144,21,256,1024,1,1,283648,305152,1108,21504,43008,5376,5376,0,21504,0,5505024,3584.0,224.0,True
smooth_0.75,vision_language_interaction.text_layers.2.self_attn,linear,144,1,768,256,21,1,201984,207360,3156,64512,129024,16128,16128,0,5376,0,4128768,2688.0,672.0,True
smooth_0.75,vision_language_interaction.text_layers.2.self_attn,baddbmm,144,21,21,64,4,1,10752,21504,672,7056,14112,1764,1764,0,10752,0,112896,73.5,73.5,False
smooth_0.75,vision_language_interaction.text_layers.2.self_attn,bmm,144,21,64,21,4,1,7140,14280,1360,21504,43008,5376,5376,0,7140,0,112896,73.5,224.0,False
smooth_0.75,vision_language_interaction.text_layers.2.self_attn,linear,144,21,256,256,1,1,70912,76288,1108,21504,43008,5376,5376,0,5376,0,1376256,896.0,224.0,True
smooth_0.75,vision_language_interaction.text_layers.2.linear1,linear,144,1,1024,256,21,1,267520,272896,4180,86016,172032,21504,21504,0,5376,0,5505024,3584.0,896.0,True
smooth_0.75,vision_language_interaction.text_layers.2.linear2,linear,144,1,256,1024,21,1,283648,305152,1108,21504,43008,5376,5376,0,21504,0,5505024,3584.0,224.0,True
smooth_0.75,vision_language_interaction.fusion_layers.3.attn.v_proj,linear,144,512,1024,256,1,1,393216,524288,6144,2097152,4194304,524288,524288,0,131072,0,134217728,87381.33333333333,21845.333333333332,True
smooth_0.75,vision_language_interaction.fusion_layers.3.attn.l_proj,linear,144,21,1024,256,1,1,267520,272896,4180,86016,172032,21504,21504,0,5376,0,5505024,3584.0,896.0,True
smooth_0.75,vision_language_interaction.fusion_layers.3.attn.values_v_proj,linear,144,512,1024,256,1,1,393216,524288,6144,2097152,4194304,524288,524288,0,131072,0,134217728,87381.33333333333,21845.333333333332,True
smooth_0.75,vision_language_interaction.fusion_layers.3.attn.values_l_proj,linear,144,21,1024,256,1,1,267520,272896,4180,86016,172032,21504,21504,0,5376,0,5505024,3584.0,896.0,True
smooth_0.75,vision_language_interaction.fusion_layers.3.attn,bmm,144,512,21,256,4,1,545792,1091584,8528,172032,344064,43008,43008,0,545792,0,11010048,7168.0,1792.0,False
smooth_0.75,vision_language_interaction.fusion_layers.3.attn,bmm,144,512,256,21,4,1,64512,129024,12288,2097152,4194304,524288,524288,0,64512,0,11010048,7168.0,21845.333333333332,False
smooth_0.75,vision_language_interaction.fusion_layers.3.attn,bmm,144,21,256,512,4,1,567296,1134592,4432,86016,172032,21504,21504,0,567296,0,11010048,7168.0,896.0,False
smooth_0.75,vision_language_interaction.fusion_layers.3.attn.out_v_proj,linear,144,512,256,1024,1,1,786432,1310720,3072,524288,1048576,131072,131072,0,524288,0,134217728,87381.33333333333,5461.333333333333,True
smooth_0.75,vision_language_interaction.fusion_layers.3.attn.out_l_proj,linear,144,21,256,1024,1,1,283648,305152,1108,21504,43008,5376,5376,0,21504,0,5505024,3584.0,224.0,True
smooth_0.75,vision_language_interaction.text_layers.3.self_attn,linear,144,1,768,256,21,1,201984,207360,3156,64512,129024,16128,16128,0,5376,0,4128768,2688.0,672.0,True
smooth_0.75,vision_language_interaction.text_layers.3.self_attn,baddbmm,144,21,21,64,4,1,10752,21504,672,7056,14112,1764,1764,0,10752,0,112896,73.5,73.5,False
smooth_0.75,vision_language_interaction.text_layers.3.self_attn,bmm,144,21,64,21,4,1,7140,14280,1360,21504,43008,5376,5376,0,7140,0,112896,73.5,224.0,False
smooth_0.75,vision_language_interaction.text_layers.3.self_attn,linear,144,21,256,256,1,1,70912,76288,1108,21504,43008,5376,5376,0,5376,0,1376256,896.0,224.0,True
smooth_0.75,vision_language_interaction.text_layers.3.linear1,linear,144,1,1024,256,21,1,267520,272896,4180,86016,172032,21504,21504,0,5376,0,5505024,3584.0,896.0,True
smooth_0.75,vision_language_interaction.text_layers.3.linear2,linear,144,1,256,1024,21,1,283648,305152,1108,21504,43008,5376,5376,0,21504,0,5505024,3584.0,224.0,True
smooth_0.75,vision_language_interaction.fusion_layers.4.attn.v_proj,linear,144,512,1024,256,1,1,393216,524288,6144,2097152,4194304,524288,524288,0,131072,0,134217728,87381.33333333333,21845.333333333332,True
smooth_0.75,vision_language_interaction.fusion_layers.4.attn.l_proj,linear,144,21,1024,256,1,1,267520,272896,4180,86016,172032,21504,21504,0,5376,0,5505024,3584.0,896.0,True
smooth_0.75,vision_language_interaction.fusion_layers.4.attn.values_v_proj,linear,144,512,1024,256,1,1,393216,524288,6144,2097152,4194304,524288,524288,0,131072,0,134217728,87381.33333333333,21845.333333333332,True
smooth_0.75,vision_language_interaction.fusion_layers.4.attn.values_l_proj,linear,144,21,1024,256,1,1,267520,272896,4180,86016,172032,21504,21504,0,5376,0,5505024,3584.0,896.0,True
smooth_0.75,vision_language_interaction.fusion_layers.4.attn,bmm,144,512,21,256,4,1,545792,1091584,8528,172032,344064,43008,43008,0,545792,0,11010048,7168.0,1792.0,False
smooth_0.75,vision_language_interaction.fusion_layers.4.attn,bmm,144,512,256,21,4,1,64512,129024,12288,2097152,4194304,524288,524288,0,64512,0,11010048,7168.0,21845.333333333332,False
smooth_0.75,vision_language_interaction.fusion_layers.4.attn,bmm,144,21,256,512,4,1,567296,1134592,4432,86016,172032,21504,21504,0,567296,0,11010048,7168.0,896.0,False
smooth_0.75,vision_language_interaction.fusion_layers.4.attn.out_v_proj,linear,144,512,256,1024,1,1,786432,1310720,3072,524288,1048576,131072,131072,0,524288,0,134217728,87381.33333333333,5461.333333333333,True
smooth_0.75,vision_language_interaction.fusion_layers.4.attn.out_l_proj,linear,144,21,256,1024,1,1,283648,305152,1108,21504,43008,5376,5376,0,21504,0,5505024,3584.0,224.0,True
smooth_0.75,vision_language_interaction.text_layers.4.self_attn,linear,144,1,768,256,21,1,201984,207360,3156,64512,129024,16128,16128,0,5376,0,4128768,2688.0,672.0,True
smooth_0.75,vision_language_interaction.text_layers.4.self_attn,baddbmm,144,21,21,64,4,1,10752,21504,672,7056,14112,1764,1764,0,10752,0,112896,73.5,73.5,False
smooth_0.75,vision_language_interaction.text_layers.4.self_attn,bmm,144,21,64,21,4,1,7140,14280,1360,21504,43008,5376,5376,0,7140,0,112896,73.5,224.0,False
smooth_0.75,vision_language_interaction.text_layers.4.self_attn,linear,144,21,256,256,1,1,70912,76288,1108,21504,43008,5376,5376,0,5376,0,1376256,896.0,224.0,True
smooth_0.75,vision_language_interaction.text_layers.4.linear1,linear,144,1,1024,256,21,1,267520,272896,4180,86016,172032,21504,21504,0,5376,0,5505024,3584.0,896.0,True
smooth_0.75,vision_language_interaction.text_layers.4.linear2,linear,144,1,256,1024,21,1,283648,305152,1108,21504,43008,5376,5376,0,21504,0,5505024,3584.0,224.0,True
smooth_0.75,vision_language_interaction.fusion_layers.5.attn.v_proj,linear,144,512,1024,256,1,1,393216,524288,6144,2097152,4194304,524288,524288,0,131072,0,134217728,87381.33333333333,21845.333333333332,True
smooth_0.75,vision_language_interaction.fusion_layers.5.attn.l_proj,linear,144,21,1024,256,1,1,267520,272896,4180,86016,172032,21504,21504,0,5376,0,5505024,3584.0,896.0,True
smooth_0.75,vision_language_interaction.fusion_layers.5.attn.values_v_proj,linear,144,512,1024,256,1,1,393216,524288,6144,2097152,4194304,524288,524288,0,131072,0,134217728,87381.33333333333,21845.333333333332,True
smooth_0.75,vision_language_interaction.fusion_layers.5.attn.values_l_proj,linear,144,21,1024,256,1,1,267520,272896,4180,86016,172032,21504,21504,0,5376,0,5505024,3584.0,896.0,True
smooth_0.75,vision_language_interaction.fusion_layers.5.attn,bmm,144,512,21,256,4,1,545792,1091584,8528,172032,344064,43008,43008,0,545792,0,11010048,7168.0,1792.0,False
smooth_0.75,vision_language_interaction.fusion_layers.5.attn,bmm,144,512,256,21,4,1,64512,129024,12288,2097152,4194304,524288,524288,0,64512,0,11010048,7168.0,21845.333333333332,False
smooth_0.75,vision_language_interaction.fusion_layers.5.attn,bmm,144,21,256,512,4,1,567296,1134592,4432,86016,172032,21504,21504,0,567296,0,11010048,7168.0,896.0,False
smooth_0.75,vision_language_interaction.fusion_layers.5.attn.out_v_proj,linear,144,512,256,1024,1,1,786432,1310720,3072,524288,1048576,131072,131072,0,524288,0,134217728,87381.33333333333,5461.333333333333,True
smooth_0.75,vision_language_interaction.fusion_layers.5.attn.out_l_proj,linear,144,21,256,1024,1,1,283648,305152,1108,21504,43008,5376,5376,0,21504,0,5505024,3584.0,224.0,True
smooth_0.75,vision_language_interaction.text_layers.5.self_attn,linear,144,1,768,256,21,1,201984,207360,3156,64512,129024,16128,16128,0,5376,0,4128768,2688.0,672.0,True
smooth_0.75,vision_language_interaction.text_layers.5.self_attn,baddbmm,144,21,21,64,4,1,10752,21504,672,7056,14112,1764,1764,0,10752,0,112896,73.5,73.5,False
smooth_0.75,vision_language_interaction.text_layers.5.self_attn,bmm,144,21,64,21,4,1,7140,14280,1360,21504,43008,5376,5376,0,7140,0,112896,73.5,224.0,False
smooth_0.75,vision_language_interaction.text_layers.5.self_attn,linear,144,21,256,256,1,1,70912,76288,1108,21504,43008,5376,5376,0,5376,0,1376256,896.0,224.0,True
smooth_0.75,vision_language_interaction.text_layers.5.linear1,linear,144,1,1024,256,21,1,267520,272896,4180,86016,172032,21504,21504,0,5376,0,5505024,3584.0,896.0,True
smooth_0.75,vision_language_interaction.text_layers.5.linear2,linear,144,1,256,1024,21,1,283648,305152,1108,21504,43008,5376,5376,0,21504,0,5505024,3584.0,224.0,True
smooth_0.75,action_head.state_projection.net.1,linear,144,1,256,8,1,1,2056,2064,1028,1024,2048,256,256,0,8,0,2048,1.3333333333333333,10.666666666666666,True
smooth_0.75,action_head.state_projection.net.4,linear,144,1,512,256,1,1,131328,131584,2052,2048,4096,512,512,0,256,0,131072,85.33333333333333,21.333333333333332,True
smooth_0.75,action_head.decoder.decoder.layers.0.self_attn,linear,144,1,768,256,12,1,199680,202752,3120,36864,73728,9216,9216,0,3072,0,2359296,1536.0,384.0,True
smooth_0.75,action_head.decoder.decoder.layers.0.self_attn,attention_qk,144,12,12,32,8,1,6144,12288,768,4608,9216,1152,1152,0,6144,0,36864,24.0,48.0,False
smooth_0.75,action_head.decoder.decoder.layers.0.self_attn,attention_av,144,12,32,12,8,1,4224,8448,1408,12288,24576,3072,3072,0,4224,0,36864,24.0,128.0,False
smooth_0.75,action_head.decoder.decoder.layers.0.self_attn,linear,144,12,256,256,1,1,68608,71680,1072,12288,24576,3072,3072,0,3072,0,786432,512.0,128.0,True
smooth_0.75,action_head.decoder.decoder.layers.0.multihead_attn,linear,144,1,256,256,12,1,68608,71680,1072,12288,24576,3072,3072,0,3072,0,786432,512.0,128.0,True
smooth_0.75,action_head.decoder.decoder.layers.0.multihead_attn,linear,144,1,512,256,535,1,268032,404992,4188,1095680,2191360,273920,273920,0,136960,0,70123520,45653.333333333336,11413.333333333334,True
smooth_0.75,action_head.decoder.decoder.layers.0.multihead_attn,attention_qk,144,12,535,32,8,1,140032,280064,17504,205440,410880,51360,51360,0,140032,0,1643520,1070.0,2140.0,False
smooth_0.75,action_head.decoder.decoder.layers.0.multihead_attn,attention_av,144,12,32,535,8,1,188320,376640,1408,12288,24576,3072,3072,0,188320,0,1643520,1070.0,128.0,False
smooth_0.75,action_head.decoder.decoder.layers.0.multihead_attn,linear,144,12,256,256,1,1,68608,71680,1072,12288,24576,3072,3072,0,3072,0,786432,512.0,128.0,True
smooth_0.75,action_head.decoder.decoder.layers.0.linear1,linear,144,12,2048,256,1,1,527360,530432,8240,98304,196608,24576,24576,0,3072,0,6291456,4096.0,1024.0,True
smooth_0.75,action_head.decoder.decoder.layers.0.linear2,linear,144,12,256,2048,1,1,548864,573440,1072,12288,24576,3072,3072,0,24576,0,6291456,4096.0,128.0,True
smooth_0.75,action_head.decoder.decoder.layers.1.self_attn,linear,144,1,768,256,12,1,199680,202752,3120,36864,73728,9216,9216,0,3072,0,2359296,1536.0,384.0,True
smooth_0.75,action_head.decoder.decoder.layers.1.self_attn,attention_qk,144,12,12,32,8,1,6144,12288,768,4608,9216,1152,1152,0,6144,0,36864,24.0,48.0,False
smooth_0.75,action_head.decoder.decoder.layers.1.self_attn,attention_av,144,12,32,12,8,1,4224,8448,1408,12288,24576,3072,3072,0,4224,0,36864,24.0,128.0,False
smooth_0.75,action_head.decoder.decoder.layers.1.self_attn,linear,144,12,256,256,1,1,68608,71680,1072,12288,24576,3072,3072,0,3072,0,786432,512.0,128.0,True
smooth_0.75,action_head.decoder.decoder.layers.1.multihead_attn,linear,144,1,256,256,12,1,68608,71680,1072,12288,24576,3072,3072,0,3072,0,786432,512.0,128.0,True
smooth_0.75,action_head.decoder.decoder.layers.1.multihead_attn,linear,144,1,512,256,535,1,268032,404992,4188,1095680,2191360,273920,273920,0,136960,0,70123520,45653.333333333336,11413.333333333334,True
smooth_0.75,action_head.decoder.decoder.layers.1.multihead_attn,attention_qk,144,12,535,32,8,1,140032,280064,17504,205440,410880,51360,51360,0,140032,0,1643520,1070.0,2140.0,False
smooth_0.75,action_head.decoder.decoder.layers.1.multihead_attn,attention_av,144,12,32,535,8,1,188320,376640,1408,12288,24576,3072,3072,0,188320,0,1643520,1070.0,128.0,False
smooth_0.75,action_head.decoder.decoder.layers.1.multihead_attn,linear,144,12,256,256,1,1,68608,71680,1072,12288,24576,3072,3072,0,3072,0,786432,512.0,128.0,True
smooth_0.75,action_head.decoder.decoder.layers.1.linear1,linear,144,12,2048,256,1,1,527360,530432,8240,98304,196608,24576,24576,0,3072,0,6291456,4096.0,1024.0,True
smooth_0.75,action_head.decoder.decoder.layers.1.linear2,linear,144,12,256,2048,1,1,548864,573440,1072,12288,24576,3072,3072,0,24576,0,6291456,4096.0,128.0,True
smooth_0.75,action_head.decoder.decoder.layers.2.self_attn,linear,144,1,768,256,12,1,199680,202752,3120,36864,73728,9216,9216,0,3072,0,2359296,1536.0,384.0,True
smooth_0.75,action_head.decoder.decoder.layers.2.self_attn,attention_qk,144,12,12,32,8,1,6144,12288,768,4608,9216,1152,1152,0,6144,0,36864,24.0,48.0,False
smooth_0.75,action_head.decoder.decoder.layers.2.self_attn,attention_av,144,12,32,12,8,1,4224,8448,1408,12288,24576,3072,3072,0,4224,0,36864,24.0,128.0,False
smooth_0.75,action_head.decoder.decoder.layers.2.self_attn,linear,144,12,256,256,1,1,68608,71680,1072,12288,24576,3072,3072,0,3072,0,786432,512.0,128.0,True
smooth_0.75,action_head.decoder.decoder.layers.2.multihead_attn,linear,144,1,256,256,12,1,68608,71680,1072,12288,24576,3072,3072,0,3072,0,786432,512.0,128.0,True
smooth_0.75,action_head.decoder.decoder.layers.2.multihead_attn,linear,144,1,512,256,535,1,268032,404992,4188,1095680,2191360,273920,273920,0,136960,0,70123520,45653.333333333336,11413.333333333334,True
smooth_0.75,action_head.decoder.decoder.layers.2.multihead_attn,attention_qk,144,12,535,32,8,1,140032,280064,17504,205440,410880,51360,51360,0,140032,0,1643520,1070.0,2140.0,False
smooth_0.75,action_head.decoder.decoder.layers.2.multihead_attn,attention_av,144,12,32,535,8,1,188320,376640,1408,12288,24576,3072,3072,0,188320,0,1643520,1070.0,128.0,False
smooth_0.75,action_head.decoder.decoder.layers.2.multihead_attn,linear,144,12,256,256,1,1,68608,71680,1072,12288,24576,3072,3072,0,3072,0,786432,512.0,128.0,True
smooth_0.75,action_head.decoder.decoder.layers.2.linear1,linear,144,12,2048,256,1,1,527360,530432,8240,98304,196608,24576,24576,0,3072,0,6291456,4096.0,1024.0,True
smooth_0.75,action_head.decoder.decoder.layers.2.linear2,linear,144,12,256,2048,1,1,548864,573440,1072,12288,24576,3072,3072,0,24576,0,6291456,4096.0,128.0,True
smooth_0.75,action_head.decoder.action_projection.layers.0,linear,144,12,512,256,1,1,134144,137216,2096,24576,49152,6144,6144,0,3072,0,1572864,1024.0,256.0,True
smooth_0.75,action_head.decoder.action_projection.layers.1,linear,144,12,512,512,1,1,268288,274432,2096,24576,49152,6144,6144,0,6144,0,3145728,2048.0,256.0,True
smooth_0.75,action_head.decoder.action_projection.layers.2,linear,144,12,7,512,1,1,9728,15872,76,336,672,84,84,0,6144,0,43008,28.0,3.5,True
smooth_0.75,text_encoder.bert.encoder.layer.0.attention.self.query,linear,36,11,768,768,1,1,598272,606720,3116,33792,67584,8448,8448,0,8448,0,6488064,4224.0,352.0,True
smooth_0.75,text_encoder.bert.encoder.layer.0.attention.self.key,linear,36,11,768,768,1,1,598272,606720,3116,33792,67584,8448,8448,0,8448,0,6488064,4224.0,352.0,True
smooth_0.75,text_encoder.bert.encoder.layer.0.attention.self.value,linear,36,11,768,768,1,1,598272,606720,3116,33792,67584,8448,8448,0,8448,0,6488064,4224.0,352.0,True
smooth_0.75,text_encoder.bert.encoder.layer.0.attention.self,attention_qk,36,11,11,64,12,1,16896,33792,1056,5808,11616,1452,1452,0,16896,0,92928,60.5,60.5,False
smooth_0.75,text_encoder.bert.encoder.layer.0.attention.self,attention_av,36,11,64,11,12,1,9900,19800,3600,33792,67584,8448,8448,0,9900,0,92928,60.5,352.0,False
smooth_0.75,text_encoder.bert.encoder.layer.0.attention.output.dense,linear,36,11,768,768,1,1,598272,606720,3116,33792,67584,8448,8448,0,8448,0,6488064,4224.0,352.0,True
smooth_0.75,text_encoder.bert.encoder.layer.0.intermediate.dense,linear,36,11,3072,768,1,1,2367744,2376192,12332,135168,270336,33792,33792,0,8448,0,25952256,16896.0,1408.0,True
smooth_0.75,text_encoder.bert.encoder.layer.0.output.dense,linear,36,11,768,3072,1,1,2393088,2426880,3116,33792,67584,8448,8448,0,33792,0,25952256,16896.0,352.0,True
smooth_0.75,text_encoder.bert.encoder.layer.1.attention.self.query,linear,36,11,768,768,1,1,598272,606720,3116,33792,67584,8448,8448,0,8448,0,6488064,4224.0,352.0,True
smooth_0.75,text_encoder.bert.encoder.layer.1.attention.self.key,linear,36,11,768,768,1,1,598272,606720,3116,33792,67584,8448,8448,0,8448,0,6488064,4224.0,352.0,True
smooth_0.75,text_encoder.bert.encoder.layer.1.attention.self.value,linear,36,11,768,768,1,1,598272,606720,3116,33792,67584,8448,8448,0,8448,0,6488064,4224.0,352.0,True
smooth_0.75,text_encoder.bert.encoder.layer.1.attention.self,attention_qk,36,11,11,64,12,1,16896,33792,1056,5808,11616,1452,1452,0,16896,0,92928,60.5,60.5,False
smooth_0.75,text_encoder.bert.encoder.layer.1.attention.self,attention_av,36,11,64,11,12,1,9900,19800,3600,33792,67584,8448,8448,0,9900,0,92928,60.5,352.0,False
smooth_0.75,text_encoder.bert.encoder.layer.1.attention.output.dense,linear,36,11,768,768,1,1,598272,606720,3116,33792,67584,8448,8448,0,8448,0,6488064,4224.0,352.0,True
smooth_0.75,text_encoder.bert.encoder.layer.1.intermediate.dense,linear,36,11,3072,768,1,1,2367744,2376192,12332,135168,270336,33792,33792,0,8448,0,25952256,16896.0,1408.0,True
smooth_0.75,text_encoder.bert.encoder.layer.1.output.dense,linear,36,11,768,3072,1,1,2393088,2426880,3116,33792,67584,8448,8448,0,33792,0,25952256,16896.0,352.0,True
smooth_0.75,text_encoder.bert.encoder.layer.2.attention.self.query,linear,36,11,768,768,1,1,598272,606720,3116,33792,67584,8448,8448,0,8448,0,6488064,4224.0,352.0,True
smooth_0.75,text_encoder.bert.encoder.layer.2.attention.self.key,linear,36,11,768,768,1,1,598272,606720,3116,33792,67584,8448,8448,0,8448,0,6488064,4224.0,352.0,True
smooth_0.75,text_encoder.bert.encoder.layer.2.attention.self.value,linear,36,11,768,768,1,1,598272,606720,3116,33792,67584,8448,8448,0,8448,0,6488064,4224.0,352.0,True
smooth_0.75,text_encoder.bert.encoder.layer.2.attention.self,attention_qk,36,11,11,64,12,1,16896,33792,1056,5808,11616,1452,1452,0,16896,0,92928,60.5,60.5,False
smooth_0.75,text_encoder.bert.encoder.layer.2.attention.self,attention_av,36,11,64,11,12,1,9900,19800,3600,33792,67584,8448,8448,0,9900,0,92928,60.5,352.0,False
smooth_0.75,text_encoder.bert.encoder.layer.2.attention.output.dense,linear,36,11,768,768,1,1,598272,606720,3116,33792,67584,8448,8448,0,8448,0,6488064,4224.0,352.0,True
smooth_0.75,text_encoder.bert.encoder.layer.2.intermediate.dense,linear,36,11,3072,768,1,1,2367744,2376192,12332,135168,270336,33792,33792,0,8448,0,25952256,16896.0,1408.0,True
smooth_0.75,text_encoder.bert.encoder.layer.2.output.dense,linear,36,11,768,3072,1,1,2393088,2426880,3116,33792,67584,8448,8448,0,33792,0,25952256,16896.0,352.0,True
smooth_0.75,text_encoder.bert.encoder.layer.3.attention.self.query,linear,36,11,768,768,1,1,598272,606720,3116,33792,67584,8448,8448,0,8448,0,6488064,4224.0,352.0,True
smooth_0.75,text_encoder.bert.encoder.layer.3.attention.self.key,linear,36,11,768,768,1,1,598272,606720,3116,33792,67584,8448,8448,0,8448,0,6488064,4224.0,352.0,True
smooth_0.75,text_encoder.bert.encoder.layer.3.attention.self.value,linear,36,11,768,768,1,1,598272,606720,3116,33792,67584,8448,8448,0,8448,0,6488064,4224.0,352.0,True
smooth_0.75,text_encoder.bert.encoder.layer.3.attention.self,attention_qk,36,11,11,64,12,1,16896,33792,1056,5808,11616,1452,1452,0,16896,0,92928,60.5,60.5,False
smooth_0.75,text_encoder.bert.encoder.layer.3.attention.self,attention_av,36,11,64,11,12,1,9900,19800,3600,33792,67584,8448,8448,0,9900,0,92928,60.5,352.0,False
smooth_0.75,text_encoder.bert.encoder.layer.3.attention.output.dense,linear,36,11,768,768,1,1,598272,606720,3116,33792,67584,8448,8448,0,8448,0,6488064,4224.0,352.0,True
smooth_0.75,text_encoder.bert.encoder.layer.3.intermediate.dense,linear,36,11,3072,768,1,1,2367744,2376192,12332,135168,270336,33792,33792,0,8448,0,25952256,16896.0,1408.0,True
smooth_0.75,text_encoder.bert.encoder.layer.3.output.dense,linear,36,11,768,3072,1,1,2393088,2426880,3116,33792,67584,8448,8448,0,33792,0,25952256,16896.0,352.0,True
smooth_0.75,text_encoder.bert.encoder.layer.4.attention.self.query,linear,36,11,768,768,1,1,598272,606720,3116,33792,67584,8448,8448,0,8448,0,6488064,4224.0,352.0,True
smooth_0.75,text_encoder.bert.encoder.layer.4.attention.self.key,linear,36,11,768,768,1,1,598272,606720,3116,33792,67584,8448,8448,0,8448,0,6488064,4224.0,352.0,True
smooth_0.75,text_encoder.bert.encoder.layer.4.attention.self.value,linear,36,11,768,768,1,1,598272,606720,3116,33792,67584,8448,8448,0,8448,0,6488064,4224.0,352.0,True
smooth_0.75,text_encoder.bert.encoder.layer.4.attention.self,attention_qk,36,11,11,64,12,1,16896,33792,1056,5808,11616,1452,1452,0,16896,0,92928,60.5,60.5,False
smooth_0.75,text_encoder.bert.encoder.layer.4.attention.self,attention_av,36,11,64,11,12,1,9900,19800,3600,33792,67584,8448,8448,0,9900,0,92928,60.5,352.0,False
smooth_0.75,text_encoder.bert.encoder.layer.4.attention.output.dense,linear,36,11,768,768,1,1,598272,606720,3116,33792,67584,8448,8448,0,8448,0,6488064,4224.0,352.0,True
smooth_0.75,text_encoder.bert.encoder.layer.4.intermediate.dense,linear,36,11,3072,768,1,1,2367744,2376192,12332,135168,270336,33792,33792,0,8448,0,25952256,16896.0,1408.0,True
smooth_0.75,text_encoder.bert.encoder.layer.4.output.dense,linear,36,11,768,3072,1,1,2393088,2426880,3116,33792,67584,8448,8448,0,33792,0,25952256,16896.0,352.0,True
smooth_0.75,text_encoder.bert.encoder.layer.5.attention.self.query,linear,36,11,768,768,1,1,598272,606720,3116,33792,67584,8448,8448,0,8448,0,6488064,4224.0,352.0,True
smooth_0.75,text_encoder.bert.encoder.layer.5.attention.self.key,linear,36,11,768,768,1,1,598272,606720,3116,33792,67584,8448,8448,0,8448,0,6488064,4224.0,352.0,True
smooth_0.75,text_encoder.bert.encoder.layer.5.attention.self.value,linear,36,11,768,768,1,1,598272,606720,3116,33792,67584,8448,8448,0,8448,0,6488064,4224.0,352.0,True
smooth_0.75,text_encoder.bert.encoder.layer.5.attention.self,attention_qk,36,11,11,64,12,1,16896,33792,1056,5808,11616,1452,1452,0,16896,0,92928,60.5,60.5,False
smooth_0.75,text_encoder.bert.encoder.layer.5.attention.self,attention_av,36,11,64,11,12,1,9900,19800,3600,33792,67584,8448,8448,0,9900,0,92928,60.5,352.0,False
smooth_0.75,text_encoder.bert.encoder.layer.5.attention.output.dense,linear,36,11,768,768,1,1,598272,606720,3116,33792,67584,8448,8448,0,8448,0,6488064,4224.0,352.0,True
smooth_0.75,text_encoder.bert.encoder.layer.5.intermediate.dense,linear,36,11,3072,768,1,1,2367744,2376192,12332,135168,270336,33792,33792,0,8448,0,25952256,16896.0,1408.0,True
smooth_0.75,text_encoder.bert.encoder.layer.5.output.dense,linear,36,11,768,3072,1,1,2393088,2426880,3116,33792,67584,8448,8448,0,33792,0,25952256,16896.0,352.0,True
smooth_0.75,text_encoder.bert.encoder.layer.6.attention.self.query,linear,36,11,768,768,1,1,598272,606720,3116,33792,67584,8448,8448,0,8448,0,6488064,4224.0,352.0,True
smooth_0.75,text_encoder.bert.encoder.layer.6.attention.self.key,linear,36,11,768,768,1,1,598272,606720,3116,33792,67584,8448,8448,0,8448,0,6488064,4224.0,352.0,True
smooth_0.75,text_encoder.bert.encoder.layer.6.attention.self.value,linear,36,11,768,768,1,1,598272,606720,3116,33792,67584,8448,8448,0,8448,0,6488064,4224.0,352.0,True
smooth_0.75,text_encoder.bert.encoder.layer.6.attention.self,attention_qk,36,11,11,64,12,1,16896,33792,1056,5808,11616,1452,1452,0,16896,0,92928,60.5,60.5,False
smooth_0.75,text_encoder.bert.encoder.layer.6.attention.self,attention_av,36,11,64,11,12,1,9900,19800,3600,33792,67584,8448,8448,0,9900,0,92928,60.5,352.0,False
smooth_0.75,text_encoder.bert.encoder.layer.6.attention.output.dense,linear,36,11,768,768,1,1,598272,606720,3116,33792,67584,8448,8448,0,8448,0,6488064,4224.0,352.0,True
smooth_0.75,text_encoder.bert.encoder.layer.6.intermediate.dense,linear,36,11,3072,768,1,1,2367744,2376192,12332,135168,270336,33792,33792,0,8448,0,25952256,16896.0,1408.0,True
smooth_0.75,text_encoder.bert.encoder.layer.6.output.dense,linear,36,11,768,3072,1,1,2393088,2426880,3116,33792,67584,8448,8448,0,33792,0,25952256,16896.0,352.0,True
smooth_0.75,text_encoder.bert.encoder.layer.7.attention.self.query,linear,36,11,768,768,1,1,598272,606720,3116,33792,67584,8448,8448,0,8448,0,6488064,4224.0,352.0,True
smooth_0.75,text_encoder.bert.encoder.layer.7.attention.self.key,linear,36,11,768,768,1,1,598272,606720,3116,33792,67584,8448,8448,0,8448,0,6488064,4224.0,352.0,True
smooth_0.75,text_encoder.bert.encoder.layer.7.attention.self.value,linear,36,11,768,768,1,1,598272,606720,3116,33792,67584,8448,8448,0,8448,0,6488064,4224.0,352.0,True
smooth_0.75,text_encoder.bert.encoder.layer.7.attention.self,attention_qk,36,11,11,64,12,1,16896,33792,1056,5808,11616,1452,1452,0,16896,0,92928,60.5,60.5,False
smooth_0.75,text_encoder.bert.encoder.layer.7.attention.self,attention_av,36,11,64,11,12,1,9900,19800,3600,33792,67584,8448,8448,0,9900,0,92928,60.5,352.0,False
smooth_0.75,text_encoder.bert.encoder.layer.7.attention.output.dense,linear,36,11,768,768,1,1,598272,606720,3116,33792,67584,8448,8448,0,8448,0,6488064,4224.0,352.0,True
smooth_0.75,text_encoder.bert.encoder.layer.7.intermediate.dense,linear,36,11,3072,768,1,1,2367744,2376192,12332,135168,270336,33792,33792,0,8448,0,25952256,16896.0,1408.0,True
smooth_0.75,text_encoder.bert.encoder.layer.7.output.dense,linear,36,11,768,3072,1,1,2393088,2426880,3116,33792,67584,8448,8448,0,33792,0,25952256,16896.0,352.0,True
smooth_0.75,text_encoder.bert.encoder.layer.8.attention.self.query,linear,36,11,768,768,1,1,598272,606720,3116,33792,67584,8448,8448,0,8448,0,6488064,4224.0,352.0,True
smooth_0.75,text_encoder.bert.encoder.layer.8.attention.self.key,linear,36,11,768,768,1,1,598272,606720,3116,33792,67584,8448,8448,0,8448,0,6488064,4224.0,352.0,True
smooth_0.75,text_encoder.bert.encoder.layer.8.attention.self.value,linear,36,11,768,768,1,1,598272,606720,3116,33792,67584,8448,8448,0,8448,0,6488064,4224.0,352.0,True
smooth_0.75,text_encoder.bert.encoder.layer.8.attention.self,attention_qk,36,11,11,64,12,1,16896,33792,1056,5808,11616,1452,1452,0,16896,0,92928,60.5,60.5,False
smooth_0.75,text_encoder.bert.encoder.layer.8.attention.self,attention_av,36,11,64,11,12,1,9900,19800,3600,33792,67584,8448,8448,0,9900,0,92928,60.5,352.0,False
smooth_0.75,text_encoder.bert.encoder.layer.8.attention.output.dense,linear,36,11,768,768,1,1,598272,606720,3116,33792,67584,8448,8448,0,8448,0,6488064,4224.0,352.0,True
smooth_0.75,text_encoder.bert.encoder.layer.8.intermediate.dense,linear,36,11,3072,768,1,1,2367744,2376192,12332,135168,270336,33792,33792,0,8448,0,25952256,16896.0,1408.0,True
smooth_0.75,text_encoder.bert.encoder.layer.8.output.dense,linear,36,11,768,3072,1,1,2393088,2426880,3116,33792,67584,8448,8448,0,33792,0,25952256,16896.0,352.0,True
smooth_0.75,text_encoder.bert.encoder.layer.9.attention.self.query,linear,36,11,768,768,1,1,598272,606720,3116,33792,67584,8448,8448,0,8448,0,6488064,4224.0,352.0,True
smooth_0.75,text_encoder.bert.encoder.layer.9.attention.self.key,linear,36,11,768,768,1,1,598272,606720,3116,33792,67584,8448,8448,0,8448,0,6488064,4224.0,352.0,True
smooth_0.75,text_encoder.bert.encoder.layer.9.attention.self.value,linear,36,11,768,768,1,1,598272,606720,3116,33792,67584,8448,8448,0,8448,0,6488064,4224.0,352.0,True
smooth_0.75,text_encoder.bert.encoder.layer.9.attention.self,attention_qk,36,11,11,64,12,1,16896,33792,1056,5808,11616,1452,1452,0,16896,0,92928,60.5,60.5,False
smooth_0.75,text_encoder.bert.encoder.layer.9.attention.self,attention_av,36,11,64,11,12,1,9900,19800,3600,33792,67584,8448,8448,0,9900,0,92928,60.5,352.0,False
smooth_0.75,text_encoder.bert.encoder.layer.9.attention.output.dense,linear,36,11,768,768,1,1,598272,606720,3116,33792,67584,8448,8448,0,8448,0,6488064,4224.0,352.0,True
smooth_0.75,text_encoder.bert.encoder.layer.9.intermediate.dense,linear,36,11,3072,768,1,1,2367744,2376192,12332,135168,270336,33792,33792,0,8448,0,25952256,16896.0,1408.0,True
smooth_0.75,text_encoder.bert.encoder.layer.9.output.dense,linear,36,11,768,3072,1,1,2393088,2426880,3116,33792,67584,8448,8448,0,33792,0,25952256,16896.0,352.0,True
smooth_0.75,text_encoder.bert.encoder.layer.10.attention.self.query,linear,36,11,768,768,1,1,598272,606720,3116,33792,67584,8448,8448,0,8448,0,6488064,4224.0,352.0,True
smooth_0.75,text_encoder.bert.encoder.layer.10.attention.self.key,linear,36,11,768,768,1,1,598272,606720,3116,33792,67584,8448,8448,0,8448,0,6488064,4224.0,352.0,True
smooth_0.75,text_encoder.bert.encoder.layer.10.attention.self.value,linear,36,11,768,768,1,1,598272,606720,3116,33792,67584,8448,8448,0,8448,0,6488064,4224.0,352.0,True
smooth_0.75,text_encoder.bert.encoder.layer.10.attention.self,attention_qk,36,11,11,64,12,1,16896,33792,1056,5808,11616,1452,1452,0,16896,0,92928,60.5,60.5,False
smooth_0.75,text_encoder.bert.encoder.layer.10.attention.self,attention_av,36,11,64,11,12,1,9900,19800,3600,33792,67584,8448,8448,0,9900,0,92928,60.5,352.0,False
smooth_0.75,text_encoder.bert.encoder.layer.10.attention.output.dense,linear,36,11,768,768,1,1,598272,606720,3116,33792,67584,8448,8448,0,8448,0,6488064,4224.0,352.0,True
smooth_0.75,text_encoder.bert.encoder.layer.10.intermediate.dense,linear,36,11,3072,768,1,1,2367744,2376192,12332,135168,270336,33792,33792,0,8448,0,25952256,16896.0,1408.0,True
smooth_0.75,text_encoder.bert.encoder.layer.10.output.dense,linear,36,11,768,3072,1,1,2393088,2426880,3116,33792,67584,8448,8448,0,33792,0,25952256,16896.0,352.0,True
smooth_0.75,text_encoder.bert.encoder.layer.11.attention.self.query,linear,36,11,768,768,1,1,598272,606720,3116,33792,67584,8448,8448,0,8448,0,6488064,4224.0,352.0,True
smooth_0.75,text_encoder.bert.encoder.layer.11.attention.self.key,linear,36,11,768,768,1,1,598272,606720,3116,33792,67584,8448,8448,0,8448,0,6488064,4224.0,352.0,True
smooth_0.75,text_encoder.bert.encoder.layer.11.attention.self.value,linear,36,11,768,768,1,1,598272,606720,3116,33792,67584,8448,8448,0,8448,0,6488064,4224.0,352.0,True
smooth_0.75,text_encoder.bert.encoder.layer.11.attention.self,attention_qk,36,11,11,64,12,1,16896,33792,1056,5808,11616,1452,1452,0,16896,0,92928,60.5,60.5,False
smooth_0.75,text_encoder.bert.encoder.layer.11.attention.self,attention_av,36,11,64,11,12,1,9900,19800,3600,33792,67584,8448,8448,0,9900,0,92928,60.5,352.0,False
smooth_0.75,text_encoder.bert.encoder.layer.11.attention.output.dense,linear,36,11,768,768,1,1,598272,606720,3116,33792,67584,8448,8448,0,8448,0,6488064,4224.0,352.0,True
smooth_0.75,text_encoder.bert.encoder.layer.11.intermediate.dense,linear,36,11,3072,768,1,1,2367744,2376192,12332,135168,270336,33792,33792,0,8448,0,25952256,16896.0,1408.0,True
smooth_0.75,text_encoder.bert.encoder.layer.11.output.dense,linear,36,11,768,3072,1,1,2393088,2426880,3116,33792,67584,8448,8448,0,33792,0,25952256,16896.0,352.0,True
smooth_0.75,text_encoder.bert.encoder.layer.0.attention.self.query,linear,36,14,768,768,1,1,600576,611328,3128,43008,86016,10752,10752,0,10752,0,8257536,5376.0,448.0,True
smooth_0.75,text_encoder.bert.encoder.layer.0.attention.self.key,linear,36,14,768,768,1,1,600576,611328,3128,43008,86016,10752,10752,0,10752,0,8257536,5376.0,448.0,True
smooth_0.75,text_encoder.bert.encoder.layer.0.attention.self.value,linear,36,14,768,768,1,1,600576,611328,3128,43008,86016,10752,10752,0,10752,0,8257536,5376.0,448.0,True
smooth_0.75,text_encoder.bert.encoder.layer.0.attention.self,attention_qk,36,14,14,64,12,1,21504,43008,1344,9408,18816,2352,2352,0,21504,0,150528,98.0,98.0,False
smooth_0.75,text_encoder.bert.encoder.layer.0.attention.self,attention_av,36,14,64,14,12,1,13104,26208,3744,43008,86016,10752,10752,0,13104,0,150528,98.0,448.0,False
smooth_0.75,text_encoder.bert.encoder.layer.0.attention.output.dense,linear,36,14,768,768,1,1,600576,611328,3128,43008,86016,10752,10752,0,10752,0,8257536,5376.0,448.0,True
smooth_0.75,text_encoder.bert.encoder.layer.0.intermediate.dense,linear,36,14,3072,768,1,1,2370048,2380800,12344,172032,344064,43008,43008,0,10752,0,33030144,21504.0,1792.0,True
smooth_0.75,text_encoder.bert.encoder.layer.0.output.dense,linear,36,14,768,3072,1,1,2402304,2445312,3128,43008,86016,10752,10752,0,43008,0,33030144,21504.0,448.0,True
smooth_0.75,text_encoder.bert.encoder.layer.1.attention.self.query,linear,36,14,768,768,1,1,600576,611328,3128,43008,86016,10752,10752,0,10752,0,8257536,5376.0,448.0,True
smooth_0.75,text_encoder.bert.encoder.layer.1.attention.self.key,linear,36,14,768,768,1,1,600576,611328,3128,43008,86016,10752,10752,0,10752,0,8257536,5376.0,448.0,True
smooth_0.75,text_encoder.bert.encoder.layer.1.attention.self.value,linear,36,14,768,768,1,1,600576,611328,3128,43008,86016,10752,10752,0,10752,0,8257536,5376.0,448.0,True
smooth_0.75,text_encoder.bert.encoder.layer.1.attention.self,attention_qk,36,14,14,64,12,1,21504,43008,1344,9408,18816,2352,2352,0,21504,0,150528,98.0,98.0,False
smooth_0.75,text_encoder.bert.encoder.layer.1.attention.self,attention_av,36,14,64,14,12,1,13104,26208,3744,43008,86016,10752,10752,0,13104,0,150528,98.0,448.0,False
smooth_0.75,text_encoder.bert.encoder.layer.1.attention.output.dense,linear,36,14,768,768,1,1,600576,611328,3128,43008,86016,10752,10752,0,10752,0,8257536,5376.0,448.0,True
smooth_0.75,text_encoder.bert.encoder.layer.1.intermediate.dense,linear,36,14,3072,768,1,1,2370048,2380800,12344,172032,344064,43008,43008,0,10752,0,33030144,21504.0,1792.0,True
smooth_0.75,text_encoder.bert.encoder.layer.1.output.dense,linear,36,14,768,3072,1,1,2402304,2445312,3128,43008,86016,10752,10752,0,43008,0,33030144,21504.0,448.0,True
smooth_0.75,text_encoder.bert.encoder.layer.2.attention.self.query,linear,36,14,768,768,1,1,600576,611328,3128,43008,86016,10752,10752,0,10752,0,8257536,5376.0,448.0,True
smooth_0.75,text_encoder.bert.encoder.layer.2.attention.self.key,linear,36,14,768,768,1,1,600576,611328,3128,43008,86016,10752,10752,0,10752,0,8257536,5376.0,448.0,True
smooth_0.75,text_encoder.bert.encoder.layer.2.attention.self.value,linear,36,14,768,768,1,1,600576,611328,3128,43008,86016,10752,10752,0,10752,0,8257536,5376.0,448.0,True
smooth_0.75,text_encoder.bert.encoder.layer.2.attention.self,attention_qk,36,14,14,64,12,1,21504,43008,1344,9408,18816,2352,2352,0,21504,0,150528,98.0,98.0,False
smooth_0.75,text_encoder.bert.encoder.layer.2.attention.self,attention_av,36,14,64,14,12,1,13104,26208,3744,43008,86016,10752,10752,0,13104,0,150528,98.0,448.0,False
smooth_0.75,text_encoder.bert.encoder.layer.2.attention.output.dense,linear,36,14,768,768,1,1,600576,611328,3128,43008,86016,10752,10752,0,10752,0,8257536,5376.0,448.0,True
smooth_0.75,text_encoder.bert.encoder.layer.2.intermediate.dense,linear,36,14,3072,768,1,1,2370048,2380800,12344,172032,344064,43008,43008,0,10752,0,33030144,21504.0,1792.0,True
smooth_0.75,text_encoder.bert.encoder.layer.2.output.dense,linear,36,14,768,3072,1,1,2402304,2445312,3128,43008,86016,10752,10752,0,43008,0,33030144,21504.0,448.0,True
smooth_0.75,text_encoder.bert.encoder.layer.3.attention.self.query,linear,36,14,768,768,1,1,600576,611328,3128,43008,86016,10752,10752,0,10752,0,8257536,5376.0,448.0,True
smooth_0.75,text_encoder.bert.encoder.layer.3.attention.self.key,linear,36,14,768,768,1,1,600576,611328,3128,43008,86016,10752,10752,0,10752,0,8257536,5376.0,448.0,True
smooth_0.75,text_encoder.bert.encoder.layer.3.attention.self.value,linear,36,14,768,768,1,1,600576,611328,3128,43008,86016,10752,10752,0,10752,0,8257536,5376.0,448.0,True
smooth_0.75,text_encoder.bert.encoder.layer.3.attention.self,attention_qk,36,14,14,64,12,1,21504,43008,1344,9408,18816,2352,2352,0,21504,0,150528,98.0,98.0,False
smooth_0.75,text_encoder.bert.encoder.layer.3.attention.self,attention_av,36,14,64,14,12,1,13104,26208,3744,43008,86016,10752,10752,0,13104,0,150528,98.0,448.0,False
smooth_0.75,text_encoder.bert.encoder.layer.3.attention.output.dense,linear,36,14,768,768,1,1,600576,611328,3128,43008,86016,10752,10752,0,10752,0,8257536,5376.0,448.0,True
smooth_0.75,text_encoder.bert.encoder.layer.3.intermediate.dense,linear,36,14,3072,768,1,1,2370048,2380800,12344,172032,344064,43008,43008,0,10752,0,33030144,21504.0,1792.0,True
smooth_0.75,text_encoder.bert.encoder.layer.3.output.dense,linear,36,14,768,3072,1,1,2402304,2445312,3128,43008,86016,10752,10752,0,43008,0,33030144,21504.0,448.0,True
smooth_0.75,text_encoder.bert.encoder.layer.4.attention.self.query,linear,36,14,768,768,1,1,600576,611328,3128,43008,86016,10752,10752,0,10752,0,8257536,5376.0,448.0,True
smooth_0.75,text_encoder.bert.encoder.layer.4.attention.self.key,linear,36,14,768,768,1,1,600576,611328,3128,43008,86016,10752,10752,0,10752,0,8257536,5376.0,448.0,True
smooth_0.75,text_encoder.bert.encoder.layer.4.attention.self.value,linear,36,14,768,768,1,1,600576,611328,3128,43008,86016,10752,10752,0,10752,0,8257536,5376.0,448.0,True
smooth_0.75,text_encoder.bert.encoder.layer.4.attention.self,attention_qk,36,14,14,64,12,1,21504,43008,1344,9408,18816,2352,2352,0,21504,0,150528,98.0,98.0,False
smooth_0.75,text_encoder.bert.encoder.layer.4.attention.self,attention_av,36,14,64,14,12,1,13104,26208,3744,43008,86016,10752,10752,0,13104,0,150528,98.0,448.0,False
smooth_0.75,text_encoder.bert.encoder.layer.4.attention.output.dense,linear,36,14,768,768,1,1,600576,611328,3128,43008,86016,10752,10752,0,10752,0,8257536,5376.0,448.0,True
smooth_0.75,text_encoder.bert.encoder.layer.4.intermediate.dense,linear,36,14,3072,768,1,1,2370048,2380800,12344,172032,344064,43008,43008,0,10752,0,33030144,21504.0,1792.0,True
smooth_0.75,text_encoder.bert.encoder.layer.4.output.dense,linear,36,14,768,3072,1,1,2402304,2445312,3128,43008,86016,10752,10752,0,43008,0,33030144,21504.0,448.0,True
smooth_0.75,text_encoder.bert.encoder.layer.5.attention.self.query,linear,36,14,768,768,1,1,600576,611328,3128,43008,86016,10752,10752,0,10752,0,8257536,5376.0,448.0,True
smooth_0.75,text_encoder.bert.encoder.layer.5.attention.self.key,linear,36,14,768,768,1,1,600576,611328,3128,43008,86016,10752,10752,0,10752,0,8257536,5376.0,448.0,True
smooth_0.75,text_encoder.bert.encoder.layer.5.attention.self.value,linear,36,14,768,768,1,1,600576,611328,3128,43008,86016,10752,10752,0,10752,0,8257536,5376.0,448.0,True
smooth_0.75,text_encoder.bert.encoder.layer.5.attention.self,attention_qk,36,14,14,64,12,1,21504,43008,1344,9408,18816,2352,2352,0,21504,0,150528,98.0,98.0,False
smooth_0.75,text_encoder.bert.encoder.layer.5.attention.self,attention_av,36,14,64,14,12,1,13104,26208,3744,43008,86016,10752,10752,0,13104,0,150528,98.0,448.0,False
smooth_0.75,text_encoder.bert.encoder.layer.5.attention.output.dense,linear,36,14,768,768,1,1,600576,611328,3128,43008,86016,10752,10752,0,10752,0,8257536,5376.0,448.0,True
smooth_0.75,text_encoder.bert.encoder.layer.5.intermediate.dense,linear,36,14,3072,768,1,1,2370048,2380800,12344,172032,344064,43008,43008,0,10752,0,33030144,21504.0,1792.0,True
smooth_0.75,text_encoder.bert.encoder.layer.5.output.dense,linear,36,14,768,3072,1,1,2402304,2445312,3128,43008,86016,10752,10752,0,43008,0,33030144,21504.0,448.0,True
smooth_0.75,text_encoder.bert.encoder.layer.6.attention.self.query,linear,36,14,768,768,1,1,600576,611328,3128,43008,86016,10752,10752,0,10752,0,8257536,5376.0,448.0,True
smooth_0.75,text_encoder.bert.encoder.layer.6.attention.self.key,linear,36,14,768,768,1,1,600576,611328,3128,43008,86016,10752,10752,0,10752,0,8257536,5376.0,448.0,True
smooth_0.75,text_encoder.bert.encoder.layer.6.attention.self.value,linear,36,14,768,768,1,1,600576,611328,3128,43008,86016,10752,10752,0,10752,0,8257536,5376.0,448.0,True
smooth_0.75,text_encoder.bert.encoder.layer.6.attention.self,attention_qk,36,14,14,64,12,1,21504,43008,1344,9408,18816,2352,2352,0,21504,0,150528,98.0,98.0,False
smooth_0.75,text_encoder.bert.encoder.layer.6.attention.self,attention_av,36,14,64,14,12,1,13104,26208,3744,43008,86016,10752,10752,0,13104,0,150528,98.0,448.0,False
smooth_0.75,text_encoder.bert.encoder.layer.6.attention.output.dense,linear,36,14,768,768,1,1,600576,611328,3128,43008,86016,10752,10752,0,10752,0,8257536,5376.0,448.0,True
smooth_0.75,text_encoder.bert.encoder.layer.6.intermediate.dense,linear,36,14,3072,768,1,1,2370048,2380800,12344,172032,344064,43008,43008,0,10752,0,33030144,21504.0,1792.0,True
smooth_0.75,text_encoder.bert.encoder.layer.6.output.dense,linear,36,14,768,3072,1,1,2402304,2445312,3128,43008,86016,10752,10752,0,43008,0,33030144,21504.0,448.0,True
smooth_0.75,text_encoder.bert.encoder.layer.7.attention.self.query,linear,36,14,768,768,1,1,600576,611328,3128,43008,86016,10752,10752,0,10752,0,8257536,5376.0,448.0,True
smooth_0.75,text_encoder.bert.encoder.layer.7.attention.self.key,linear,36,14,768,768,1,1,600576,611328,3128,43008,86016,10752,10752,0,10752,0,8257536,5376.0,448.0,True
smooth_0.75,text_encoder.bert.encoder.layer.7.attention.self.value,linear,36,14,768,768,1,1,600576,611328,3128,43008,86016,10752,10752,0,10752,0,8257536,5376.0,448.0,True
smooth_0.75,text_encoder.bert.encoder.layer.7.attention.self,attention_qk,36,14,14,64,12,1,21504,43008,1344,9408,18816,2352,2352,0,21504,0,150528,98.0,98.0,False
smooth_0.75,text_encoder.bert.encoder.layer.7.attention.self,attention_av,36,14,64,14,12,1,13104,26208,3744,43008,86016,10752,10752,0,13104,0,150528,98.0,448.0,False
smooth_0.75,text_encoder.bert.encoder.layer.7.attention.output.dense,linear,36,14,768,768,1,1,600576,611328,3128,43008,86016,10752,10752,0,10752,0,8257536,5376.0,448.0,True
smooth_0.75,text_encoder.bert.encoder.layer.7.intermediate.dense,linear,36,14,3072,768,1,1,2370048,2380800,12344,172032,344064,43008,43008,0,10752,0,33030144,21504.0,1792.0,True
smooth_0.75,text_encoder.bert.encoder.layer.7.output.dense,linear,36,14,768,3072,1,1,2402304,2445312,3128,43008,86016,10752,10752,0,43008,0,33030144,21504.0,448.0,True
smooth_0.75,text_encoder.bert.encoder.layer.8.attention.self.query,linear,36,14,768,768,1,1,600576,611328,3128,43008,86016,10752,10752,0,10752,0,8257536,5376.0,448.0,True
smooth_0.75,text_encoder.bert.encoder.layer.8.attention.self.key,linear,36,14,768,768,1,1,600576,611328,3128,43008,86016,10752,10752,0,10752,0,8257536,5376.0,448.0,True
smooth_0.75,text_encoder.bert.encoder.layer.8.attention.self.value,linear,36,14,768,768,1,1,600576,611328,3128,43008,86016,10752,10752,0,10752,0,8257536,5376.0,448.0,True
smooth_0.75,text_encoder.bert.encoder.layer.8.attention.self,attention_qk,36,14,14,64,12,1,21504,43008,1344,9408,18816,2352,2352,0,21504,0,150528,98.0,98.0,False
smooth_0.75,text_encoder.bert.encoder.layer.8.attention.self,attention_av,36,14,64,14,12,1,13104,26208,3744,43008,86016,10752,10752,0,13104,0,150528,98.0,448.0,False
smooth_0.75,text_encoder.bert.encoder.layer.8.attention.output.dense,linear,36,14,768,768,1,1,600576,611328,3128,43008,86016,10752,10752,0,10752,0,8257536,5376.0,448.0,True
smooth_0.75,text_encoder.bert.encoder.layer.8.intermediate.dense,linear,36,14,3072,768,1,1,2370048,2380800,12344,172032,344064,43008,43008,0,10752,0,33030144,21504.0,1792.0,True
smooth_0.75,text_encoder.bert.encoder.layer.8.output.dense,linear,36,14,768,3072,1,1,2402304,2445312,3128,43008,86016,10752,10752,0,43008,0,33030144,21504.0,448.0,True
smooth_0.75,text_encoder.bert.encoder.layer.9.attention.self.query,linear,36,14,768,768,1,1,600576,611328,3128,43008,86016,10752,10752,0,10752,0,8257536,5376.0,448.0,True
smooth_0.75,text_encoder.bert.encoder.layer.9.attention.self.key,linear,36,14,768,768,1,1,600576,611328,3128,43008,86016,10752,10752,0,10752,0,8257536,5376.0,448.0,True
smooth_0.75,text_encoder.bert.encoder.layer.9.attention.self.value,linear,36,14,768,768,1,1,600576,611328,3128,43008,86016,10752,10752,0,10752,0,8257536,5376.0,448.0,True
smooth_0.75,text_encoder.bert.encoder.layer.9.attention.self,attention_qk,36,14,14,64,12,1,21504,43008,1344,9408,18816,2352,2352,0,21504,0,150528,98.0,98.0,False
smooth_0.75,text_encoder.bert.encoder.layer.9.attention.self,attention_av,36,14,64,14,12,1,13104,26208,3744,43008,86016,10752,10752,0,13104,0,150528,98.0,448.0,False
smooth_0.75,text_encoder.bert.encoder.layer.9.attention.output.dense,linear,36,14,768,768,1,1,600576,611328,3128,43008,86016,10752,10752,0,10752,0,8257536,5376.0,448.0,True
smooth_0.75,text_encoder.bert.encoder.layer.9.intermediate.dense,linear,36,14,3072,768,1,1,2370048,2380800,12344,172032,344064,43008,43008,0,10752,0,33030144,21504.0,1792.0,True
smooth_0.75,text_encoder.bert.encoder.layer.9.output.dense,linear,36,14,768,3072,1,1,2402304,2445312,3128,43008,86016,10752,10752,0,43008,0,33030144,21504.0,448.0,True
smooth_0.75,text_encoder.bert.encoder.layer.10.attention.self.query,linear,36,14,768,768,1,1,600576,611328,3128,43008,86016,10752,10752,0,10752,0,8257536,5376.0,448.0,True
smooth_0.75,text_encoder.bert.encoder.layer.10.attention.self.key,linear,36,14,768,768,1,1,600576,611328,3128,43008,86016,10752,10752,0,10752,0,8257536,5376.0,448.0,True
smooth_0.75,text_encoder.bert.encoder.layer.10.attention.self.value,linear,36,14,768,768,1,1,600576,611328,3128,43008,86016,10752,10752,0,10752,0,8257536,5376.0,448.0,True
smooth_0.75,text_encoder.bert.encoder.layer.10.attention.self,attention_qk,36,14,14,64,12,1,21504,43008,1344,9408,18816,2352,2352,0,21504,0,150528,98.0,98.0,False
smooth_0.75,text_encoder.bert.encoder.layer.10.attention.self,attention_av,36,14,64,14,12,1,13104,26208,3744,43008,86016,10752,10752,0,13104,0,150528,98.0,448.0,False
smooth_0.75,text_encoder.bert.encoder.layer.10.attention.output.dense,linear,36,14,768,768,1,1,600576,611328,3128,43008,86016,10752,10752,0,10752,0,8257536,5376.0,448.0,True
smooth_0.75,text_encoder.bert.encoder.layer.10.intermediate.dense,linear,36,14,3072,768,1,1,2370048,2380800,12344,172032,344064,43008,43008,0,10752,0,33030144,21504.0,1792.0,True
smooth_0.75,text_encoder.bert.encoder.layer.10.output.dense,linear,36,14,768,3072,1,1,2402304,2445312,3128,43008,86016,10752,10752,0,43008,0,33030144,21504.0,448.0,True
smooth_0.75,text_encoder.bert.encoder.layer.11.attention.self.query,linear,36,14,768,768,1,1,600576,611328,3128,43008,86016,10752,10752,0,10752,0,8257536,5376.0,448.0,True
smooth_0.75,text_encoder.bert.encoder.layer.11.attention.self.key,linear,36,14,768,768,1,1,600576,611328,3128,43008,86016,10752,10752,0,10752,0,8257536,5376.0,448.0,True
smooth_0.75,text_encoder.bert.encoder.layer.11.attention.self.value,linear,36,14,768,768,1,1,600576,611328,3128,43008,86016,10752,10752,0,10752,0,8257536,5376.0,448.0,True
smooth_0.75,text_encoder.bert.encoder.layer.11.attention.self,attention_qk,36,14,14,64,12,1,21504,43008,1344,9408,18816,2352,2352,0,21504,0,150528,98.0,98.0,False
smooth_0.75,text_encoder.bert.encoder.layer.11.attention.self,attention_av,36,14,64,14,12,1,13104,26208,3744,43008,86016,10752,10752,0,13104,0,150528,98.0,448.0,False
smooth_0.75,text_encoder.bert.encoder.layer.11.attention.output.dense,linear,36,14,768,768,1,1,600576,611328,3128,43008,86016,10752,10752,0,10752,0,8257536,5376.0,448.0,True
smooth_0.75,text_encoder.bert.encoder.layer.11.intermediate.dense,linear,36,14,3072,768,1,1,2370048,2380800,12344,172032,344064,43008,43008,0,10752,0,33030144,21504.0,1792.0,True
smooth_0.75,text_encoder.bert.encoder.layer.11.output.dense,linear,36,14,768,3072,1,1,2402304,2445312,3128,43008,86016,10752,10752,0,43008,0,33030144,21504.0,448.0,True
tensor,text_encoder.bert.encoder.layer.0.attention.self.query,linear,72,21,768,768,1,1,605952,622080,3076,64512,129024,16128,16128,0,16128,0,12386304,8064.0,672.0,True
tensor,text_encoder.bert.encoder.layer.0.attention.self.key,linear,72,21,768,768,1,1,605952,622080,3076,64512,129024,16128,16128,0,16128,0,12386304,8064.0,672.0,True
tensor,text_encoder.bert.encoder.layer.0.attention.self.value,linear,72,21,768,768,1,1,605952,622080,3076,64512,129024,16128,16128,0,16128,0,12386304,8064.0,672.0,True
tensor,text_encoder.bert.encoder.layer.0.attention.self,attention_qk,72,21,21,64,12,1,32256,64512,1012,21168,42336,5292,5292,0,32256,0,338688,220.5,220.5,False
tensor,text_encoder.bert.encoder.layer.0.attention.self,attention_av,72,21,64,21,12,1,21420,42840,3076,64512,129024,16128,16128,0,21420,0,338688,220.5,672.0,False
tensor,text_encoder.bert.encoder.layer.0.attention.output.dense,linear,72,21,768,768,1,1,605952,622080,3076,64512,129024,16128,16128,0,16128,0,12386304,8064.0,672.0,True
tensor,text_encoder.bert.encoder.layer.0.intermediate.dense,linear,72,21,3072,768,1,1,2375424,2391552,12292,258048,516096,64512,64512,0,16128,0,49545216,32256.0,2688.0,True
tensor,text_encoder.bert.encoder.layer.0.output.dense,linear,72,21,768,3072,1,1,2423808,2488320,3076,64512,129024,16128,16128,0,64512,0,49545216,32256.0,672.0,True
tensor,text_encoder.bert.encoder.layer.1.attention.self.query,linear,72,21,768,768,1,1,605952,622080,3076,64512,129024,16128,16128,0,16128,0,12386304,8064.0,672.0,True
tensor,text_encoder.bert.encoder.layer.1.attention.self.key,linear,72,21,768,768,1,1,605952,622080,3076,64512,129024,16128,16128,0,16128,0,12386304,8064.0,672.0,True
tensor,text_encoder.bert.encoder.layer.1.attention.self.value,linear,72,21,768,768,1,1,605952,622080,3076,64512,129024,16128,16128,0,16128,0,12386304,8064.0,672.0,True
tensor,text_encoder.bert.encoder.layer.1.attention.self,attention_qk,72,21,21,64,12,1,32256,64512,1012,21168,42336,5292,5292,0,32256,0,338688,220.5,220.5,False
tensor,text_encoder.bert.encoder.layer.1.attention.self,attention_av,72,21,64,21,12,1,21420,42840,3076,64512,129024,16128,16128,0,21420,0,338688,220.5,672.0,False
tensor,text_encoder.bert.encoder.layer.1.attention.output.dense,linear,72,21,768,768,1,1,605952,622080,3076,64512,129024,16128,16128,0,16128,0,12386304,8064.0,672.0,True
tensor,text_encoder.bert.encoder.layer.1.intermediate.dense,linear,72,21,3072,768,1,1,2375424,2391552,12292,258048,516096,64512,64512,0,16128,0,49545216,32256.0,2688.0,True
tensor,text_encoder.bert.encoder.layer.1.output.dense,linear,72,21,768,3072,1,1,2423808,2488320,3076,64512,129024,16128,16128,0,64512,0,49545216,32256.0,672.0,True
tensor,text_encoder.bert.encoder.layer.2.attention.self.query,linear,72,21,768,768,1,1,605952,622080,3076,64512,129024,16128,16128,0,16128,0,12386304,8064.0,672.0,True
tensor,text_encoder.bert.encoder.layer.2.attention.self.key,linear,72,21,768,768,1,1,605952,622080,3076,64512,129024,16128,16128,0,16128,0,12386304,8064.0,672.0,True
tensor,text_encoder.bert.encoder.layer.2.attention.self.value,linear,72,21,768,768,1,1,605952,622080,3076,64512,129024,16128,16128,0,16128,0,12386304,8064.0,672.0,True
tensor,text_encoder.bert.encoder.layer.2.attention.self,attention_qk,72,21,21,64,12,1,32256,64512,1012,21168,42336,5292,5292,0,32256,0,338688,220.5,220.5,False
tensor,text_encoder.bert.encoder.layer.2.attention.self,attention_av,72,21,64,21,12,1,21420,42840,3076,64512,129024,16128,16128,0,21420,0,338688,220.5,672.0,False
tensor,text_encoder.bert.encoder.layer.2.attention.output.dense,linear,72,21,768,768,1,1,605952,622080,3076,64512,129024,16128,16128,0,16128,0,12386304,8064.0,672.0,True
tensor,text_encoder.bert.encoder.layer.2.intermediate.dense,linear,72,21,3072,768,1,1,2375424,2391552,12292,258048,516096,64512,64512,0,16128,0,49545216,32256.0,2688.0,True
tensor,text_encoder.bert.encoder.layer.2.output.dense,linear,72,21,768,3072,1,1,2423808,2488320,3076,64512,129024,16128,16128,0,64512,0,49545216,32256.0,672.0,True
tensor,text_encoder.bert.encoder.layer.3.attention.self.query,linear,72,21,768,768,1,1,605952,622080,3076,64512,129024,16128,16128,0,16128,0,12386304,8064.0,672.0,True
tensor,text_encoder.bert.encoder.layer.3.attention.self.key,linear,72,21,768,768,1,1,605952,622080,3076,64512,129024,16128,16128,0,16128,0,12386304,8064.0,672.0,True
tensor,text_encoder.bert.encoder.layer.3.attention.self.value,linear,72,21,768,768,1,1,605952,622080,3076,64512,129024,16128,16128,0,16128,0,12386304,8064.0,672.0,True
tensor,text_encoder.bert.encoder.layer.3.attention.self,attention_qk,72,21,21,64,12,1,32256,64512,1012,21168,42336,5292,5292,0,32256,0,338688,220.5,220.5,False
tensor,text_encoder.bert.encoder.layer.3.attention.self,attention_av,72,21,64,21,12,1,21420,42840,3076,64512,129024,16128,16128,0,21420,0,338688,220.5,672.0,False
tensor,text_encoder.bert.encoder.layer.3.attention.output.dense,linear,72,21,768,768,1,1,605952,622080,3076,64512,129024,16128,16128,0,16128,0,12386304,8064.0,672.0,True
tensor,text_encoder.bert.encoder.layer.3.intermediate.dense,linear,72,21,3072,768,1,1,2375424,2391552,12292,258048,516096,64512,64512,0,16128,0,49545216,32256.0,2688.0,True
tensor,text_encoder.bert.encoder.layer.3.output.dense,linear,72,21,768,3072,1,1,2423808,2488320,3076,64512,129024,16128,16128,0,64512,0,49545216,32256.0,672.0,True
tensor,text_encoder.bert.encoder.layer.4.attention.self.query,linear,72,21,768,768,1,1,605952,622080,3076,64512,129024,16128,16128,0,16128,0,12386304,8064.0,672.0,True
tensor,text_encoder.bert.encoder.layer.4.attention.self.key,linear,72,21,768,768,1,1,605952,622080,3076,64512,129024,16128,16128,0,16128,0,12386304,8064.0,672.0,True
tensor,text_encoder.bert.encoder.layer.4.attention.self.value,linear,72,21,768,768,1,1,605952,622080,3076,64512,129024,16128,16128,0,16128,0,12386304,8064.0,672.0,True
tensor,text_encoder.bert.encoder.layer.4.attention.self,attention_qk,72,21,21,64,12,1,32256,64512,1012,21168,42336,5292,5292,0,32256,0,338688,220.5,220.5,False
tensor,text_encoder.bert.encoder.layer.4.attention.self,attention_av,72,21,64,21,12,1,21420,42840,3076,64512,129024,16128,16128,0,21420,0,338688,220.5,672.0,False
tensor,text_encoder.bert.encoder.layer.4.attention.output.dense,linear,72,21,768,768,1,1,605952,622080,3076,64512,129024,16128,16128,0,16128,0,12386304,8064.0,672.0,True
tensor,text_encoder.bert.encoder.layer.4.intermediate.dense,linear,72,21,3072,768,1,1,2375424,2391552,12292,258048,516096,64512,64512,0,16128,0,49545216,32256.0,2688.0,True
tensor,text_encoder.bert.encoder.layer.4.output.dense,linear,72,21,768,3072,1,1,2423808,2488320,3076,64512,129024,16128,16128,0,64512,0,49545216,32256.0,672.0,True
tensor,text_encoder.bert.encoder.layer.5.attention.self.query,linear,72,21,768,768,1,1,605952,622080,3076,64512,129024,16128,16128,0,16128,0,12386304,8064.0,672.0,True
tensor,text_encoder.bert.encoder.layer.5.attention.self.key,linear,72,21,768,768,1,1,605952,622080,3076,64512,129024,16128,16128,0,16128,0,12386304,8064.0,672.0,True
tensor,text_encoder.bert.encoder.layer.5.attention.self.value,linear,72,21,768,768,1,1,605952,622080,3076,64512,129024,16128,16128,0,16128,0,12386304,8064.0,672.0,True
tensor,text_encoder.bert.encoder.layer.5.attention.self,attention_qk,72,21,21,64,12,1,32256,64512,1012,21168,42336,5292,5292,0,32256,0,338688,220.5,220.5,False
tensor,text_encoder.bert.encoder.layer.5.attention.self,attention_av,72,21,64,21,12,1,21420,42840,3076,64512,129024,16128,16128,0,21420,0,338688,220.5,672.0,False
tensor,text_encoder.bert.encoder.layer.5.attention.output.dense,linear,72,21,768,768,1,1,605952,622080,3076,64512,129024,16128,16128,0,16128,0,12386304,8064.0,672.0,True
tensor,text_encoder.bert.encoder.layer.5.intermediate.dense,linear,72,21,3072,768,1,1,2375424,2391552,12292,258048,516096,64512,64512,0,16128,0,49545216,32256.0,2688.0,True
tensor,text_encoder.bert.encoder.layer.5.output.dense,linear,72,21,768,3072,1,1,2423808,2488320,3076,64512,129024,16128,16128,0,64512,0,49545216,32256.0,672.0,True
tensor,text_encoder.bert.encoder.layer.6.attention.self.query,linear,72,21,768,768,1,1,605952,622080,3076,64512,129024,16128,16128,0,16128,0,12386304,8064.0,672.0,True
tensor,text_encoder.bert.encoder.layer.6.attention.self.key,linear,72,21,768,768,1,1,605952,622080,3076,64512,129024,16128,16128,0,16128,0,12386304,8064.0,672.0,True
tensor,text_encoder.bert.encoder.layer.6.attention.self.value,linear,72,21,768,768,1,1,605952,622080,3076,64512,129024,16128,16128,0,16128,0,12386304,8064.0,672.0,True
tensor,text_encoder.bert.encoder.layer.6.attention.self,attention_qk,72,21,21,64,12,1,32256,64512,1012,21168,42336,5292,5292,0,32256,0,338688,220.5,220.5,False
tensor,text_encoder.bert.encoder.layer.6.attention.self,attention_av,72,21,64,21,12,1,21420,42840,3076,64512,129024,16128,16128,0,21420,0,338688,220.5,672.0,False
tensor,text_encoder.bert.encoder.layer.6.attention.output.dense,linear,72,21,768,768,1,1,605952,622080,3076,64512,129024,16128,16128,0,16128,0,12386304,8064.0,672.0,True
tensor,text_encoder.bert.encoder.layer.6.intermediate.dense,linear,72,21,3072,768,1,1,2375424,2391552,12292,258048,516096,64512,64512,0,16128,0,49545216,32256.0,2688.0,True
tensor,text_encoder.bert.encoder.layer.6.output.dense,linear,72,21,768,3072,1,1,2423808,2488320,3076,64512,129024,16128,16128,0,64512,0,49545216,32256.0,672.0,True
tensor,text_encoder.bert.encoder.layer.7.attention.self.query,linear,72,21,768,768,1,1,605952,622080,3076,64512,129024,16128,16128,0,16128,0,12386304,8064.0,672.0,True
tensor,text_encoder.bert.encoder.layer.7.attention.self.key,linear,72,21,768,768,1,1,605952,622080,3076,64512,129024,16128,16128,0,16128,0,12386304,8064.0,672.0,True
tensor,text_encoder.bert.encoder.layer.7.attention.self.value,linear,72,21,768,768,1,1,605952,622080,3076,64512,129024,16128,16128,0,16128,0,12386304,8064.0,672.0,True
tensor,text_encoder.bert.encoder.layer.7.attention.self,attention_qk,72,21,21,64,12,1,32256,64512,1012,21168,42336,5292,5292,0,32256,0,338688,220.5,220.5,False
tensor,text_encoder.bert.encoder.layer.7.attention.self,attention_av,72,21,64,21,12,1,21420,42840,3076,64512,129024,16128,16128,0,21420,0,338688,220.5,672.0,False
tensor,text_encoder.bert.encoder.layer.7.attention.output.dense,linear,72,21,768,768,1,1,605952,622080,3076,64512,129024,16128,16128,0,16128,0,12386304,8064.0,672.0,True
tensor,text_encoder.bert.encoder.layer.7.intermediate.dense,linear,72,21,3072,768,1,1,2375424,2391552,12292,258048,516096,64512,64512,0,16128,0,49545216,32256.0,2688.0,True
tensor,text_encoder.bert.encoder.layer.7.output.dense,linear,72,21,768,3072,1,1,2423808,2488320,3076,64512,129024,16128,16128,0,64512,0,49545216,32256.0,672.0,True
tensor,text_encoder.bert.encoder.layer.8.attention.self.query,linear,72,21,768,768,1,1,605952,622080,3076,64512,129024,16128,16128,0,16128,0,12386304,8064.0,672.0,True
tensor,text_encoder.bert.encoder.layer.8.attention.self.key,linear,72,21,768,768,1,1,605952,622080,3076,64512,129024,16128,16128,0,16128,0,12386304,8064.0,672.0,True
tensor,text_encoder.bert.encoder.layer.8.attention.self.value,linear,72,21,768,768,1,1,605952,622080,3076,64512,129024,16128,16128,0,16128,0,12386304,8064.0,672.0,True
tensor,text_encoder.bert.encoder.layer.8.attention.self,attention_qk,72,21,21,64,12,1,32256,64512,1012,21168,42336,5292,5292,0,32256,0,338688,220.5,220.5,False
tensor,text_encoder.bert.encoder.layer.8.attention.self,attention_av,72,21,64,21,12,1,21420,42840,3076,64512,129024,16128,16128,0,21420,0,338688,220.5,672.0,False
tensor,text_encoder.bert.encoder.layer.8.attention.output.dense,linear,72,21,768,768,1,1,605952,622080,3076,64512,129024,16128,16128,0,16128,0,12386304,8064.0,672.0,True
tensor,text_encoder.bert.encoder.layer.8.intermediate.dense,linear,72,21,3072,768,1,1,2375424,2391552,12292,258048,516096,64512,64512,0,16128,0,49545216,32256.0,2688.0,True
tensor,text_encoder.bert.encoder.layer.8.output.dense,linear,72,21,768,3072,1,1,2423808,2488320,3076,64512,129024,16128,16128,0,64512,0,49545216,32256.0,672.0,True
tensor,text_encoder.bert.encoder.layer.9.attention.self.query,linear,72,21,768,768,1,1,605952,622080,3076,64512,129024,16128,16128,0,16128,0,12386304,8064.0,672.0,True
tensor,text_encoder.bert.encoder.layer.9.attention.self.key,linear,72,21,768,768,1,1,605952,622080,3076,64512,129024,16128,16128,0,16128,0,12386304,8064.0,672.0,True
tensor,text_encoder.bert.encoder.layer.9.attention.self.value,linear,72,21,768,768,1,1,605952,622080,3076,64512,129024,16128,16128,0,16128,0,12386304,8064.0,672.0,True
tensor,text_encoder.bert.encoder.layer.9.attention.self,attention_qk,72,21,21,64,12,1,32256,64512,1012,21168,42336,5292,5292,0,32256,0,338688,220.5,220.5,False
tensor,text_encoder.bert.encoder.layer.9.attention.self,attention_av,72,21,64,21,12,1,21420,42840,3076,64512,129024,16128,16128,0,21420,0,338688,220.5,672.0,False
tensor,text_encoder.bert.encoder.layer.9.attention.output.dense,linear,72,21,768,768,1,1,605952,622080,3076,64512,129024,16128,16128,0,16128,0,12386304,8064.0,672.0,True
tensor,text_encoder.bert.encoder.layer.9.intermediate.dense,linear,72,21,3072,768,1,1,2375424,2391552,12292,258048,516096,64512,64512,0,16128,0,49545216,32256.0,2688.0,True
tensor,text_encoder.bert.encoder.layer.9.output.dense,linear,72,21,768,3072,1,1,2423808,2488320,3076,64512,129024,16128,16128,0,64512,0,49545216,32256.0,672.0,True
tensor,text_encoder.bert.encoder.layer.10.attention.self.query,linear,72,21,768,768,1,1,605952,622080,3076,64512,129024,16128,16128,0,16128,0,12386304,8064.0,672.0,True
tensor,text_encoder.bert.encoder.layer.10.attention.self.key,linear,72,21,768,768,1,1,605952,622080,3076,64512,129024,16128,16128,0,16128,0,12386304,8064.0,672.0,True
tensor,text_encoder.bert.encoder.layer.10.attention.self.value,linear,72,21,768,768,1,1,605952,622080,3076,64512,129024,16128,16128,0,16128,0,12386304,8064.0,672.0,True
tensor,text_encoder.bert.encoder.layer.10.attention.self,attention_qk,72,21,21,64,12,1,32256,64512,1012,21168,42336,5292,5292,0,32256,0,338688,220.5,220.5,False
tensor,text_encoder.bert.encoder.layer.10.attention.self,attention_av,72,21,64,21,12,1,21420,42840,3076,64512,129024,16128,16128,0,21420,0,338688,220.5,672.0,False
tensor,text_encoder.bert.encoder.layer.10.attention.output.dense,linear,72,21,768,768,1,1,605952,622080,3076,64512,129024,16128,16128,0,16128,0,12386304,8064.0,672.0,True
tensor,text_encoder.bert.encoder.layer.10.intermediate.dense,linear,72,21,3072,768,1,1,2375424,2391552,12292,258048,516096,64512,64512,0,16128,0,49545216,32256.0,2688.0,True
tensor,text_encoder.bert.encoder.layer.10.output.dense,linear,72,21,768,3072,1,1,2423808,2488320,3076,64512,129024,16128,16128,0,64512,0,49545216,32256.0,672.0,True
tensor,text_encoder.bert.encoder.layer.11.attention.self.query,linear,72,21,768,768,1,1,605952,622080,3076,64512,129024,16128,16128,0,16128,0,12386304,8064.0,672.0,True
tensor,text_encoder.bert.encoder.layer.11.attention.self.key,linear,72,21,768,768,1,1,605952,622080,3076,64512,129024,16128,16128,0,16128,0,12386304,8064.0,672.0,True
tensor,text_encoder.bert.encoder.layer.11.attention.self.value,linear,72,21,768,768,1,1,605952,622080,3076,64512,129024,16128,16128,0,16128,0,12386304,8064.0,672.0,True
tensor,text_encoder.bert.encoder.layer.11.attention.self,attention_qk,72,21,21,64,12,1,32256,64512,1012,21168,42336,5292,5292,0,32256,0,338688,220.5,220.5,False
tensor,text_encoder.bert.encoder.layer.11.attention.self,attention_av,72,21,64,21,12,1,21420,42840,3076,64512,129024,16128,16128,0,21420,0,338688,220.5,672.0,False
tensor,text_encoder.bert.encoder.layer.11.attention.output.dense,linear,72,21,768,768,1,1,605952,622080,3076,64512,129024,16128,16128,0,16128,0,12386304,8064.0,672.0,True
tensor,text_encoder.bert.encoder.layer.11.intermediate.dense,linear,72,21,3072,768,1,1,2375424,2391552,12292,258048,516096,64512,64512,0,16128,0,49545216,32256.0,2688.0,True
tensor,text_encoder.bert.encoder.layer.11.output.dense,linear,72,21,768,3072,1,1,2423808,2488320,3076,64512,129024,16128,16128,0,64512,0,49545216,32256.0,672.0,True
tensor,text_encoder.bert.pooler.dense,linear,144,1,768,768,1,1,590592,591360,3076,3072,6144,768,768,0,768,0,589824,384.0,32.0,True
tensor,text_encoder.text_projection,linear,144,21,256,768,1,1,212736,228864,1028,21504,43008,5376,5376,0,16128,0,4128768,2688.0,224.0,True
tensor,vision_encoder.backbone.embeddings.patch_embeddings,conv2d,288,256,768,768,1,1,786432,983040,3076,786432,1572864,196608,196608,0,196608,0,150994944,98304.0,8192.0,True
tensor,vision_encoder.backbone.layer.0.attention.q_proj,linear,288,261,768,768,1,1,790272,990720,3076,801792,1603584,200448,200448,0,200448,0,153944064,100224.0,8352.0,True
tensor,vision_encoder.backbone.layer.0.attention.k_proj,linear,288,261,768,768,1,1,790272,990720,3076,801792,1603584,200448,200448,0,200448,0,153944064,100224.0,8352.0,True
tensor,vision_encoder.backbone.layer.0.attention.v_proj,linear,288,261,768,768,1,1,790272,990720,3076,801792,1603584,200448,200448,0,200448,0,153944064,100224.0,8352.0,True
tensor,vision_encoder.backbone.layer.0.attention,attention_qk,288,261,261,64,12,1,400896,801792,12532,3269808,6539616,817452,817452,0,400896,0,52316928,34060.5,34060.5,False
tensor,vision_encoder.backbone.layer.0.attention,attention_av,288,261,64,261,12,1,1017900,2035800,3076,801792,1603584,200448,200448,0,1017900,0,52316928,34060.5,8352.0,False
tensor,vision_encoder.backbone.layer.0.attention.o_proj,linear,288,261,768,768,1,1,790272,990720,3076,801792,1603584,200448,200448,0,200448,0,153944064,100224.0,8352.0,True
tensor,vision_encoder.backbone.layer.0.mlp.up_proj,linear,288,261,3072,768,1,1,2559744,2760192,12292,3207168,6414336,801792,801792,0,200448,0,615776256,400896.0,33408.0,True
tensor,vision_encoder.backbone.layer.0.mlp.down_proj,linear,288,261,768,3072,1,1,3161088,3962880,3076,801792,1603584,200448,200448,0,801792,0,615776256,400896.0,8352.0,True
tensor,vision_encoder.backbone.layer.1.attention.q_proj,linear,288,261,768,768,1,1,790272,990720,3076,801792,1603584,200448,200448,0,200448,0,153944064,100224.0,8352.0,True
tensor,vision_encoder.backbone.layer.1.attention.k_proj,linear,288,261,768,768,1,1,790272,990720,3076,801792,1603584,200448,200448,0,200448,0,153944064,100224.0,8352.0,True
tensor,vision_encoder.backbone.layer.1.attention.v_proj,linear,288,261,768,768,1,1,790272,990720,3076,801792,1603584,200448,200448,0,200448,0,153944064,100224.0,8352.0,True
tensor,vision_encoder.backbone.layer.1.attention,attention_qk,288,261,261,64,12,1,400896,801792,12532,3269808,6539616,817452,817452,0,400896,0,52316928,34060.5,34060.5,False
tensor,vision_encoder.backbone.layer.1.attention,attention_av,288,261,64,261,12,1,1017900,2035800,3076,801792,1603584,200448,200448,0,1017900,0,52316928,34060.5,8352.0,False
tensor,vision_encoder.backbone.layer.1.attention.o_proj,linear,288,261,768,768,1,1,790272,990720,3076,801792,1603584,200448,200448,0,200448,0,153944064,100224.0,8352.0,True
tensor,vision_encoder.backbone.layer.1.mlp.up_proj,linear,288,261,3072,768,1,1,2559744,2760192,12292,3207168,6414336,801792,801792,0,200448,0,615776256,400896.0,33408.0,True
tensor,vision_encoder.backbone.layer.1.mlp.down_proj,linear,288,261,768,3072,1,1,3161088,3962880,3076,801792,1603584,200448,200448,0,801792,0,615776256,400896.0,8352.0,True
tensor,vision_encoder.backbone.layer.2.attention.q_proj,linear,288,261,768,768,1,1,790272,990720,3076,801792,1603584,200448,200448,0,200448,0,153944064,100224.0,8352.0,True
tensor,vision_encoder.backbone.layer.2.attention.k_proj,linear,288,261,768,768,1,1,790272,990720,3076,801792,1603584,200448,200448,0,200448,0,153944064,100224.0,8352.0,True
tensor,vision_encoder.backbone.layer.2.attention.v_proj,linear,288,261,768,768,1,1,790272,990720,3076,801792,1603584,200448,200448,0,200448,0,153944064,100224.0,8352.0,True
tensor,vision_encoder.backbone.layer.2.attention,attention_qk,288,261,261,64,12,1,400896,801792,12532,3269808,6539616,817452,817452,0,400896,0,52316928,34060.5,34060.5,False
tensor,vision_encoder.backbone.layer.2.attention,attention_av,288,261,64,261,12,1,1017900,2035800,3076,801792,1603584,200448,200448,0,1017900,0,52316928,34060.5,8352.0,False
tensor,vision_encoder.backbone.layer.2.attention.o_proj,linear,288,261,768,768,1,1,790272,990720,3076,801792,1603584,200448,200448,0,200448,0,153944064,100224.0,8352.0,True
tensor,vision_encoder.backbone.layer.2.mlp.up_proj,linear,288,261,3072,768,1,1,2559744,2760192,12292,3207168,6414336,801792,801792,0,200448,0,615776256,400896.0,33408.0,True
tensor,vision_encoder.backbone.layer.2.mlp.down_proj,linear,288,261,768,3072,1,1,3161088,3962880,3076,801792,1603584,200448,200448,0,801792,0,615776256,400896.0,8352.0,True
tensor,vision_encoder.backbone.layer.3.attention.q_proj,linear,288,261,768,768,1,1,790272,990720,3076,801792,1603584,200448,200448,0,200448,0,153944064,100224.0,8352.0,True
tensor,vision_encoder.backbone.layer.3.attention.k_proj,linear,288,261,768,768,1,1,790272,990720,3076,801792,1603584,200448,200448,0,200448,0,153944064,100224.0,8352.0,True
tensor,vision_encoder.backbone.layer.3.attention.v_proj,linear,288,261,768,768,1,1,790272,990720,3076,801792,1603584,200448,200448,0,200448,0,153944064,100224.0,8352.0,True
tensor,vision_encoder.backbone.layer.3.attention,attention_qk,288,261,261,64,12,1,400896,801792,12532,3269808,6539616,817452,817452,0,400896,0,52316928,34060.5,34060.5,False
tensor,vision_encoder.backbone.layer.3.attention,attention_av,288,261,64,261,12,1,1017900,2035800,3076,801792,1603584,200448,200448,0,1017900,0,52316928,34060.5,8352.0,False
tensor,vision_encoder.backbone.layer.3.attention.o_proj,linear,288,261,768,768,1,1,790272,990720,3076,801792,1603584,200448,200448,0,200448,0,153944064,100224.0,8352.0,True
tensor,vision_encoder.backbone.layer.3.mlp.up_proj,linear,288,261,3072,768,1,1,2559744,2760192,12292,3207168,6414336,801792,801792,0,200448,0,615776256,400896.0,33408.0,True
tensor,vision_encoder.backbone.layer.3.mlp.down_proj,linear,288,261,768,3072,1,1,3161088,3962880,3076,801792,1603584,200448,200448,0,801792,0,615776256,400896.0,8352.0,True
tensor,vision_encoder.backbone.layer.4.attention.q_proj,linear,288,261,768,768,1,1,790272,990720,3076,801792,1603584,200448,200448,0,200448,0,153944064,100224.0,8352.0,True
tensor,vision_encoder.backbone.layer.4.attention.k_proj,linear,288,261,768,768,1,1,790272,990720,3076,801792,1603584,200448,200448,0,200448,0,153944064,100224.0,8352.0,True
tensor,vision_encoder.backbone.layer.4.attention.v_proj,linear,288,261,768,768,1,1,790272,990720,3076,801792,1603584,200448,200448,0,200448,0,153944064,100224.0,8352.0,True
tensor,vision_encoder.backbone.layer.4.attention,attention_qk,288,261,261,64,12,1,400896,801792,12532,3269808,6539616,817452,817452,0,400896,0,52316928,34060.5,34060.5,False
tensor,vision_encoder.backbone.layer.4.attention,attention_av,288,261,64,261,12,1,1017900,2035800,3076,801792,1603584,200448,200448,0,1017900,0,52316928,34060.5,8352.0,False
tensor,vision_encoder.backbone.layer.4.attention.o_proj,linear,288,261,768,768,1,1,790272,990720,3076,801792,1603584,200448,200448,0,200448,0,153944064,100224.0,8352.0,True
tensor,vision_encoder.backbone.layer.4.mlp.up_proj,linear,288,261,3072,768,1,1,2559744,2760192,12292,3207168,6414336,801792,801792,0,200448,0,615776256,400896.0,33408.0,True
tensor,vision_encoder.backbone.layer.4.mlp.down_proj,linear,288,261,768,3072,1,1,3161088,3962880,3076,801792,1603584,200448,200448,0,801792,0,615776256,400896.0,8352.0,True
tensor,vision_encoder.backbone.layer.5.attention.q_proj,linear,288,261,768,768,1,1,790272,990720,3076,801792,1603584,200448,200448,0,200448,0,153944064,100224.0,8352.0,True
tensor,vision_encoder.backbone.layer.5.attention.k_proj,linear,288,261,768,768,1,1,790272,990720,3076,801792,1603584,200448,200448,0,200448,0,153944064,100224.0,8352.0,True
tensor,vision_encoder.backbone.layer.5.attention.v_proj,linear,288,261,768,768,1,1,790272,990720,3076,801792,1603584,200448,200448,0,200448,0,153944064,100224.0,8352.0,True
tensor,vision_encoder.backbone.layer.5.attention,attention_qk,288,261,261,64,12,1,400896,801792,12532,3269808,6539616,817452,817452,0,400896,0,52316928,34060.5,34060.5,False
tensor,vision_encoder.backbone.layer.5.attention,attention_av,288,261,64,261,12,1,1017900,2035800,3076,801792,1603584,200448,200448,0,1017900,0,52316928,34060.5,8352.0,False
tensor,vision_encoder.backbone.layer.5.attention.o_proj,linear,288,261,768,768,1,1,790272,990720,3076,801792,1603584,200448,200448,0,200448,0,153944064,100224.0,8352.0,True
tensor,vision_encoder.backbone.layer.5.mlp.up_proj,linear,288,261,3072,768,1,1,2559744,2760192,12292,3207168,6414336,801792,801792,0,200448,0,615776256,400896.0,33408.0,True
tensor,vision_encoder.backbone.layer.5.mlp.down_proj,linear,288,261,768,3072,1,1,3161088,3962880,3076,801792,1603584,200448,200448,0,801792,0,615776256,400896.0,8352.0,True
tensor,vision_encoder.backbone.layer.6.attention.q_proj,linear,288,261,768,768,1,1,790272,990720,3076,801792,1603584,200448,200448,0,200448,0,153944064,100224.0,8352.0,True
tensor,vision_encoder.backbone.layer.6.attention.k_proj,linear,288,261,768,768,1,1,790272,990720,3076,801792,1603584,200448,200448,0,200448,0,153944064,100224.0,8352.0,True
tensor,vision_encoder.backbone.layer.6.attention.v_proj,linear,288,261,768,768,1,1,790272,990720,3076,801792,1603584,200448,200448,0,200448,0,153944064,100224.0,8352.0,True
tensor,vision_encoder.backbone.layer.6.attention,attention_qk,288,261,261,64,12,1,400896,801792,12532,3269808,6539616,817452,817452,0,400896,0,52316928,34060.5,34060.5,False
tensor,vision_encoder.backbone.layer.6.attention,attention_av,288,261,64,261,12,1,1017900,2035800,3076,801792,1603584,200448,200448,0,1017900,0,52316928,34060.5,8352.0,False
tensor,vision_encoder.backbone.layer.6.attention.o_proj,linear,288,261,768,768,1,1,790272,990720,3076,801792,1603584,200448,200448,0,200448,0,153944064,100224.0,8352.0,True
tensor,vision_encoder.backbone.layer.6.mlp.up_proj,linear,288,261,3072,768,1,1,2559744,2760192,12292,3207168,6414336,801792,801792,0,200448,0,615776256,400896.0,33408.0,True
tensor,vision_encoder.backbone.layer.6.mlp.down_proj,linear,288,261,768,3072,1,1,3161088,3962880,3076,801792,1603584,200448,200448,0,801792,0,615776256,400896.0,8352.0,True
tensor,vision_encoder.backbone.layer.7.attention.q_proj,linear,288,261,768,768,1,1,790272,990720,3076,801792,1603584,200448,200448,0,200448,0,153944064,100224.0,8352.0,True
tensor,vision_encoder.backbone.layer.7.attention.k_proj,linear,288,261,768,768,1,1,790272,990720,3076,801792,1603584,200448,200448,0,200448,0,153944064,100224.0,8352.0,True
tensor,vision_encoder.backbone.layer.7.attention.v_proj,linear,288,261,768,768,1,1,790272,990720,3076,801792,1603584,200448,200448,0,200448,0,153944064,100224.0,8352.0,True
tensor,vision_encoder.backbone.layer.7.attention,attention_qk,288,261,261,64,12,1,400896,801792,12532,3269808,6539616,817452,817452,0,400896,0,52316928,34060.5,34060.5,False
tensor,vision_encoder.backbone.layer.7.attention,attention_av,288,261,64,261,12,1,1017900,2035800,3076,801792,1603584,200448,200448,0,1017900,0,52316928,34060.5,8352.0,False
tensor,vision_encoder.backbone.layer.7.attention.o_proj,linear,288,261,768,768,1,1,790272,990720,3076,801792,1603584,200448,200448,0,200448,0,153944064,100224.0,8352.0,True
tensor,vision_encoder.backbone.layer.7.mlp.up_proj,linear,288,261,3072,768,1,1,2559744,2760192,12292,3207168,6414336,801792,801792,0,200448,0,615776256,400896.0,33408.0,True
tensor,vision_encoder.backbone.layer.7.mlp.down_proj,linear,288,261,768,3072,1,1,3161088,3962880,3076,801792,1603584,200448,200448,0,801792,0,615776256,400896.0,8352.0,True
tensor,vision_encoder.backbone.layer.8.attention.q_proj,linear,288,261,768,768,1,1,790272,990720,3076,801792,1603584,200448,200448,0,200448,0,153944064,100224.0,8352.0,True
tensor,vision_encoder.backbone.layer.8.attention.k_proj,linear,288,261,768,768,1,1,790272,990720,3076,801792,1603584,200448,200448,0,200448,0,153944064,100224.0,8352.0,True
tensor,vision_encoder.backbone.layer.8.attention.v_proj,linear,288,261,768,768,1,1,790272,990720,3076,801792,1603584,200448,200448,0,200448,0,153944064,100224.0,8352.0,True
tensor,vision_encoder.backbone.layer.8.attention,attention_qk,288,261,261,64,12,1,400896,801792,12532,3269808,6539616,817452,817452,0,400896,0,52316928,34060.5,34060.5,False
tensor,vision_encoder.backbone.layer.8.attention,attention_av,288,261,64,261,12,1,1017900,2035800,3076,801792,1603584,200448,200448,0,1017900,0,52316928,34060.5,8352.0,False
tensor,vision_encoder.backbone.layer.8.attention.o_proj,linear,288,261,768,768,1,1,790272,990720,3076,801792,1603584,200448,200448,0,200448,0,153944064,100224.0,8352.0,True
tensor,vision_encoder.backbone.layer.8.mlp.up_proj,linear,288,261,3072,768,1,1,2559744,2760192,12292,3207168,6414336,801792,801792,0,200448,0,615776256,400896.0,33408.0,True
tensor,vision_encoder.backbone.layer.8.mlp.down_proj,linear,288,261,768,3072,1,1,3161088,3962880,3076,801792,1603584,200448,200448,0,801792,0,615776256,400896.0,8352.0,True
tensor,vision_encoder.backbone.layer.9.attention.q_proj,linear,288,261,768,768,1,1,790272,990720,3076,801792,1603584,200448,200448,0,200448,0,153944064,100224.0,8352.0,True
tensor,vision_encoder.backbone.layer.9.attention.k_proj,linear,288,261,768,768,1,1,790272,990720,3076,801792,1603584,200448,200448,0,200448,0,153944064,100224.0,8352.0,True
tensor,vision_encoder.backbone.layer.9.attention.v_proj,linear,288,261,768,768,1,1,790272,990720,3076,801792,1603584,200448,200448,0,200448,0,153944064,100224.0,8352.0,True
tensor,vision_encoder.backbone.layer.9.attention,attention_qk,288,261,261,64,12,1,400896,801792,12532,3269808,6539616,817452,817452,0,400896,0,52316928,34060.5,34060.5,False
tensor,vision_encoder.backbone.layer.9.attention,attention_av,288,261,64,261,12,1,1017900,2035800,3076,801792,1603584,200448,200448,0,1017900,0,52316928,34060.5,8352.0,False
tensor,vision_encoder.backbone.layer.9.attention.o_proj,linear,288,261,768,768,1,1,790272,990720,3076,801792,1603584,200448,200448,0,200448,0,153944064,100224.0,8352.0,True
tensor,vision_encoder.backbone.layer.9.mlp.up_proj,linear,288,261,3072,768,1,1,2559744,2760192,12292,3207168,6414336,801792,801792,0,200448,0,615776256,400896.0,33408.0,True
tensor,vision_encoder.backbone.layer.9.mlp.down_proj,linear,288,261,768,3072,1,1,3161088,3962880,3076,801792,1603584,200448,200448,0,801792,0,615776256,400896.0,8352.0,True
tensor,vision_encoder.backbone.layer.10.attention.q_proj,linear,288,261,768,768,1,1,790272,990720,3076,801792,1603584,200448,200448,0,200448,0,153944064,100224.0,8352.0,True
tensor,vision_encoder.backbone.layer.10.attention.k_proj,linear,288,261,768,768,1,1,790272,990720,3076,801792,1603584,200448,200448,0,200448,0,153944064,100224.0,8352.0,True
tensor,vision_encoder.backbone.layer.10.attention.v_proj,linear,288,261,768,768,1,1,790272,990720,3076,801792,1603584,200448,200448,0,200448,0,153944064,100224.0,8352.0,True
tensor,vision_encoder.backbone.layer.10.attention,attention_qk,288,261,261,64,12,1,400896,801792,12532,3269808,6539616,817452,817452,0,400896,0,52316928,34060.5,34060.5,False
tensor,vision_encoder.backbone.layer.10.attention,attention_av,288,261,64,261,12,1,1017900,2035800,3076,801792,1603584,200448,200448,0,1017900,0,52316928,34060.5,8352.0,False
tensor,vision_encoder.backbone.layer.10.attention.o_proj,linear,288,261,768,768,1,1,790272,990720,3076,801792,1603584,200448,200448,0,200448,0,153944064,100224.0,8352.0,True
tensor,vision_encoder.backbone.layer.10.mlp.up_proj,linear,288,261,3072,768,1,1,2559744,2760192,12292,3207168,6414336,801792,801792,0,200448,0,615776256,400896.0,33408.0,True
tensor,vision_encoder.backbone.layer.10.mlp.down_proj,linear,288,261,768,3072,1,1,3161088,3962880,3076,801792,1603584,200448,200448,0,801792,0,615776256,400896.0,8352.0,True
tensor,vision_encoder.backbone.layer.11.attention.q_proj,linear,288,261,768,768,1,1,790272,990720,3076,801792,1603584,200448,200448,0,200448,0,153944064,100224.0,8352.0,True
tensor,vision_encoder.backbone.layer.11.attention.k_proj,linear,288,261,768,768,1,1,790272,990720,3076,801792,1603584,200448,200448,0,200448,0,153944064,100224.0,8352.0,True
tensor,vision_encoder.backbone.layer.11.attention.v_proj,linear,288,261,768,768,1,1,790272,990720,3076,801792,1603584,200448,200448,0,200448,0,153944064,100224.0,8352.0,True
tensor,vision_encoder.backbone.layer.11.attention,attention_qk,288,261,261,64,12,1,400896,801792,12532,3269808,6539616,817452,817452,0,400896,0,52316928,34060.5,34060.5,False
tensor,vision_encoder.backbone.layer.11.attention,attention_av,288,261,64,261,12,1,1017900,2035800,3076,801792,1603584,200448,200448,0,1017900,0,52316928,34060.5,8352.0,False
tensor,vision_encoder.backbone.layer.11.attention.o_proj,linear,288,261,768,768,1,1,790272,990720,3076,801792,1603584,200448,200448,0,200448,0,153944064,100224.0,8352.0,True
tensor,vision_encoder.backbone.layer.11.mlp.up_proj,linear,288,261,3072,768,1,1,2559744,2760192,12292,3207168,6414336,801792,801792,0,200448,0,615776256,400896.0,33408.0,True
tensor,vision_encoder.backbone.layer.11.mlp.down_proj,linear,288,261,768,3072,1,1,3161088,3962880,3076,801792,1603584,200448,200448,0,801792,0,615776256,400896.0,8352.0,True
tensor,vision_projection.skip,linear,144,256,256,768,2,1,589824,983040,1028,524288,1048576,131072,131072,0,393216,0,100663296,65536.0,5461.333333333333,True
tensor,vision_projection.mlp.0,linear,144,256,1024,768,2,1,1179648,1572864,4100,2097152,4194304,524288,524288,0,393216,0,402653184,262144.0,21845.333333333332,True
tensor,vision_projection.mlp.3,linear,144,256,256,1024,2,1,786432,1310720,1028,524288,1048576,131072,131072,0,524288,0,134217728,87381.33333333333,5461.333333333333,True
tensor,vision_language_interaction.fusion_layers.0.attn.v_proj,linear,144,512,1024,256,1,1,393216,524288,4100,2097152,4194304,524288,524288,0,131072,0,134217728,87381.33333333333,21845.333333333332,True
tensor,vision_language_interaction.fusion_layers.0.attn.l_proj,linear,144,21,1024,256,1,1,267520,272896,4100,86016,172032,21504,21504,0,5376,0,5505024,3584.0,896.0,True
tensor,vision_language_interaction.fusion_layers.0.attn.values_v_proj,linear,144,512,1024,256,1,1,393216,524288,4100,2097152,4194304,524288,524288,0,131072,0,134217728,87381.33333333333,21845.333333333332,True
tensor,vision_language_interaction.fusion_layers.0.attn.values_l_proj,linear,144,21,1024,256,1,1,267520,272896,4100,86016,172032,21504,21504,0,5376,0,5505024,3584.0,896.0,True
tensor,vision_language_interaction.fusion_layers.0.attn,bmm,144,512,21,256,4,1,545792,1091584,340,172032,344064,43008,43008,0,545792,0,11010048,7168.0,1792.0,False
tensor,vision_language_interaction.fusion_layers.0.attn,bmm,144,512,256,21,4,1,64512,129024,4100,2097152,4194304,524288,524288,0,64512,0,11010048,7168.0,21845.333333333332,False
tensor,vision_language_interaction.fusion_layers.0.attn,bmm,144,21,256,512,4,1,567296,1134592,4100,86016,172032,21504,21504,0,567296,0,11010048,7168.0,896.0,False
tensor,vision_language_interaction.fusion_layers.0.attn.out_v_proj,linear,144,512,256,1024,1,1,786432,1310720,1028,524288,1048576,131072,131072,0,524288,0,134217728,87381.33333333333,5461.333333333333,True
tensor,vision_language_interaction.fusion_layers.0.attn.out_l_proj,linear,144,21,256,1024,1,1,283648,305152,1028,21504,43008,5376,5376,0,21504,0,5505024,3584.0,224.0,True
tensor,vision_language_interaction.text_layers.0.self_attn,linear,144,1,768,256,21,1,201984,207360,3076,64512,129024,16128,16128,0,5376,0,4128768,2688.0,672.0,True
tensor,vision_language_interaction.text_layers.0.self_attn,baddbmm,144,21,21,64,4,1,10752,21504,340,7056,14112,1764,1764,0,10752,0,112896,73.5,73.5,False
tensor,vision_language_interaction.text_layers.0.self_attn,bmm,144,21,64,21,4,1,7140,14280,1028,21504,43008,5376,5376,0,7140,0,112896,73.5,224.0,False
tensor,vision_language_interaction.text_layers.0.self_attn,linear,144,21,256,256,1,1,70912,76288,1028,21504,43008,5376,5376,0,5376,0,1376256,896.0,224.0,True
tensor,vision_language_interaction.text_layers.0.linear1,linear,144,1,1024,256,21,1,267520,272896,4100,86016,172032,21504,21504,0,5376,0,5505024,3584.0,896.0,True
tensor,vision_language_interaction.text_layers.0.linear2,linear,144,1,256,1024,21,1,283648,305152,1028,21504,43008,5376,5376,0,21504,0,5505024,3584.0,224.0,True
tensor,vision_language_interaction.fusion_layers.1.attn.v_proj,linear,144,512,1024,256,1,1,393216,524288,4100,2097152,4194304,524288,524288,0,131072,0,134217728,87381.33333333333,21845.333333333332,True
tensor,vision_language_interaction.fusion_layers.1.attn.l_proj,linear,144,21,1024,256,1,1,267520,272896,4100,86016,172032,21504,21504,0,5376,0,5505024,3584.0,896.0,True
tensor,vision_language_interaction.fusion_layers.1.attn.values_v_proj,linear,144,512,1024,256,1,1,393216,524288,4100,2097152,4194304,524288,524288,0,131072,0,134217728,87381.33333333333,21845.333333333332,True
tensor,vision_language_interaction.fusion_layers.1.attn.values_l_proj,linear,144,21,1024,256,1,1,267520,272896,4100,86016,172032,21504,21504,0,5376,0,5505024,3584.0,896.0,True
tensor,vision_language_interaction.fusion_layers.1.attn,bmm,144,512,21,256,4,1,545792,1091584,340,172032,344064,43008,43008,0,545792,0,11010048,7168.0,1792.0,False
tensor,vision_language_interaction.fusion_layers.1.attn,bmm,144,512,256,21,4,1,64512,129024,4100,2097152,4194304,524288,524288,0,64512,0,11010048,7168.0,21845.333333333332,False
tensor,vision_language_interaction.fusion_layers.1.attn,bmm,144,21,256,512,4,1,567296,1134592,4100,86016,172032,21504,21504,0,567296,0,11010048,7168.0,896.0,False
tensor,vision_language_interaction.fusion_layers.1.attn.out_v_proj,linear,144,512,256,1024,1,1,786432,1310720,1028,524288,1048576,131072,131072,0,524288,0,134217728,87381.33333333333,5461.333333333333,True
tensor,vision_language_interaction.fusion_layers.1.attn.out_l_proj,linear,144,21,256,1024,1,1,283648,305152,1028,21504,43008,5376,5376,0,21504,0,5505024,3584.0,224.0,True
tensor,vision_language_interaction.text_layers.1.self_attn,linear,144,1,768,256,21,1,201984,207360,3076,64512,129024,16128,16128,0,5376,0,4128768,2688.0,672.0,True
tensor,vision_language_interaction.text_layers.1.self_attn,baddbmm,144,21,21,64,4,1,10752,21504,340,7056,14112,1764,1764,0,10752,0,112896,73.5,73.5,False
tensor,vision_language_interaction.text_layers.1.self_attn,bmm,144,21,64,21,4,1,7140,14280,1028,21504,43008,5376,5376,0,7140,0,112896,73.5,224.0,False
tensor,vision_language_interaction.text_layers.1.self_attn,linear,144,21,256,256,1,1,70912,76288,1028,21504,43008,5376,5376,0,5376,0,1376256,896.0,224.0,True
tensor,vision_language_interaction.text_layers.1.linear1,linear,144,1,1024,256,21,1,267520,272896,4100,86016,172032,21504,21504,0,5376,0,5505024,3584.0,896.0,True
tensor,vision_language_interaction.text_layers.1.linear2,linear,144,1,256,1024,21,1,283648,305152,1028,21504,43008,5376,5376,0,21504,0,5505024,3584.0,224.0,True
tensor,vision_language_interaction.fusion_layers.2.attn.v_proj,linear,144,512,1024,256,1,1,393216,524288,4100,2097152,4194304,524288,524288,0,131072,0,134217728,87381.33333333333,21845.333333333332,True
tensor,vision_language_interaction.fusion_layers.2.attn.l_proj,linear,144,21,1024,256,1,1,267520,272896,4100,86016,172032,21504,21504,0,5376,0,5505024,3584.0,896.0,True
tensor,vision_language_interaction.fusion_layers.2.attn.values_v_proj,linear,144,512,1024,256,1,1,393216,524288,4100,2097152,4194304,524288,524288,0,131072,0,134217728,87381.33333333333,21845.333333333332,True
tensor,vision_language_interaction.fusion_layers.2.attn.values_l_proj,linear,144,21,1024,256,1,1,267520,272896,4100,86016,172032,21504,21504,0,5376,0,5505024,3584.0,896.0,True
tensor,vision_language_interaction.fusion_layers.2.attn,bmm,144,512,21,256,4,1,545792,1091584,340,172032,344064,43008,43008,0,545792,0,11010048,7168.0,1792.0,False
tensor,vision_language_interaction.fusion_layers.2.attn,bmm,144,512,256,21,4,1,64512,129024,4100,2097152,4194304,524288,524288,0,64512,0,11010048,7168.0,21845.333333333332,False
tensor,vision_language_interaction.fusion_layers.2.attn,bmm,144,21,256,512,4,1,567296,1134592,4100,86016,172032,21504,21504,0,567296,0,11010048,7168.0,896.0,False
tensor,vision_language_interaction.fusion_layers.2.attn.out_v_proj,linear,144,512,256,1024,1,1,786432,1310720,1028,524288,1048576,131072,131072,0,524288,0,134217728,87381.33333333333,5461.333333333333,True
tensor,vision_language_interaction.fusion_layers.2.attn.out_l_proj,linear,144,21,256,1024,1,1,283648,305152,1028,21504,43008,5376,5376,0,21504,0,5505024,3584.0,224.0,True
tensor,vision_language_interaction.text_layers.2.self_attn,linear,144,1,768,256,21,1,201984,207360,3076,64512,129024,16128,16128,0,5376,0,4128768,2688.0,672.0,True
tensor,vision_language_interaction.text_layers.2.self_attn,baddbmm,144,21,21,64,4,1,10752,21504,340,7056,14112,1764,1764,0,10752,0,112896,73.5,73.5,False
tensor,vision_language_interaction.text_layers.2.self_attn,bmm,144,21,64,21,4,1,7140,14280,1028,21504,43008,5376,5376,0,7140,0,112896,73.5,224.0,False
tensor,vision_language_interaction.text_layers.2.self_attn,linear,144,21,256,256,1,1,70912,76288,1028,21504,43008,5376,5376,0,5376,0,1376256,896.0,224.0,True
tensor,vision_language_interaction.text_layers.2.linear1,linear,144,1,1024,256,21,1,267520,272896,4100,86016,172032,21504,21504,0,5376,0,5505024,3584.0,896.0,True
tensor,vision_language_interaction.text_layers.2.linear2,linear,144,1,256,1024,21,1,283648,305152,1028,21504,43008,5376,5376,0,21504,0,5505024,3584.0,224.0,True
tensor,vision_language_interaction.fusion_layers.3.attn.v_proj,linear,144,512,1024,256,1,1,393216,524288,4100,2097152,4194304,524288,524288,0,131072,0,134217728,87381.33333333333,21845.333333333332,True
tensor,vision_language_interaction.fusion_layers.3.attn.l_proj,linear,144,21,1024,256,1,1,267520,272896,4100,86016,172032,21504,21504,0,5376,0,5505024,3584.0,896.0,True
tensor,vision_language_interaction.fusion_layers.3.attn.values_v_proj,linear,144,512,1024,256,1,1,393216,524288,4100,2097152,4194304,524288,524288,0,131072,0,134217728,87381.33333333333,21845.333333333332,True
tensor,vision_language_interaction.fusion_layers.3.attn.values_l_proj,linear,144,21,1024,256,1,1,267520,272896,4100,86016,172032,21504,21504,0,5376,0,5505024,3584.0,896.0,True
tensor,vision_language_interaction.fusion_layers.3.attn,bmm,144,512,21,256,4,1,545792,1091584,340,172032,344064,43008,43008,0,545792,0,11010048,7168.0,1792.0,False
tensor,vision_language_interaction.fusion_layers.3.attn,bmm,144,512,256,21,4,1,64512,129024,4100,2097152,4194304,524288,524288,0,64512,0,11010048,7168.0,21845.333333333332,False
tensor,vision_language_interaction.fusion_layers.3.attn,bmm,144,21,256,512,4,1,567296,1134592,4100,86016,172032,21504,21504,0,567296,0,11010048,7168.0,896.0,False
tensor,vision_language_interaction.fusion_layers.3.attn.out_v_proj,linear,144,512,256,1024,1,1,786432,1310720,1028,524288,1048576,131072,131072,0,524288,0,134217728,87381.33333333333,5461.333333333333,True
tensor,vision_language_interaction.fusion_layers.3.attn.out_l_proj,linear,144,21,256,1024,1,1,283648,305152,1028,21504,43008,5376,5376,0,21504,0,5505024,3584.0,224.0,True
tensor,vision_language_interaction.text_layers.3.self_attn,linear,144,1,768,256,21,1,201984,207360,3076,64512,129024,16128,16128,0,5376,0,4128768,2688.0,672.0,True
tensor,vision_language_interaction.text_layers.3.self_attn,baddbmm,144,21,21,64,4,1,10752,21504,340,7056,14112,1764,1764,0,10752,0,112896,73.5,73.5,False
tensor,vision_language_interaction.text_layers.3.self_attn,bmm,144,21,64,21,4,1,7140,14280,1028,21504,43008,5376,5376,0,7140,0,112896,73.5,224.0,False
tensor,vision_language_interaction.text_layers.3.self_attn,linear,144,21,256,256,1,1,70912,76288,1028,21504,43008,5376,5376,0,5376,0,1376256,896.0,224.0,True
tensor,vision_language_interaction.text_layers.3.linear1,linear,144,1,1024,256,21,1,267520,272896,4100,86016,172032,21504,21504,0,5376,0,5505024,3584.0,896.0,True
tensor,vision_language_interaction.text_layers.3.linear2,linear,144,1,256,1024,21,1,283648,305152,1028,21504,43008,5376,5376,0,21504,0,5505024,3584.0,224.0,True
tensor,vision_language_interaction.fusion_layers.4.attn.v_proj,linear,144,512,1024,256,1,1,393216,524288,4100,2097152,4194304,524288,524288,0,131072,0,134217728,87381.33333333333,21845.333333333332,True
tensor,vision_language_interaction.fusion_layers.4.attn.l_proj,linear,144,21,1024,256,1,1,267520,272896,4100,86016,172032,21504,21504,0,5376,0,5505024,3584.0,896.0,True
tensor,vision_language_interaction.fusion_layers.4.attn.values_v_proj,linear,144,512,1024,256,1,1,393216,524288,4100,2097152,4194304,524288,524288,0,131072,0,134217728,87381.33333333333,21845.333333333332,True
tensor,vision_language_interaction.fusion_layers.4.attn.values_l_proj,linear,144,21,1024,256,1,1,267520,272896,4100,86016,172032,21504,21504,0,5376,0,5505024,3584.0,896.0,True
tensor,vision_language_interaction.fusion_layers.4.attn,bmm,144,512,21,256,4,1,545792,1091584,340,172032,344064,43008,43008,0,545792,0,11010048,7168.0,1792.0,False
tensor,vision_language_interaction.fusion_layers.4.attn,bmm,144,512,256,21,4,1,64512,129024,4100,2097152,4194304,524288,524288,0,64512,0,11010048,7168.0,21845.333333333332,False
tensor,vision_language_interaction.fusion_layers.4.attn,bmm,144,21,256,512,4,1,567296,1134592,4100,86016,172032,21504,21504,0,567296,0,11010048,7168.0,896.0,False
tensor,vision_language_interaction.fusion_layers.4.attn.out_v_proj,linear,144,512,256,1024,1,1,786432,1310720,1028,524288,1048576,131072,131072,0,524288,0,134217728,87381.33333333333,5461.333333333333,True
tensor,vision_language_interaction.fusion_layers.4.attn.out_l_proj,linear,144,21,256,1024,1,1,283648,305152,1028,21504,43008,5376,5376,0,21504,0,5505024,3584.0,224.0,True
tensor,vision_language_interaction.text_layers.4.self_attn,linear,144,1,768,256,21,1,201984,207360,3076,64512,129024,16128,16128,0,5376,0,4128768,2688.0,672.0,True
tensor,vision_language_interaction.text_layers.4.self_attn,baddbmm,144,21,21,64,4,1,10752,21504,340,7056,14112,1764,1764,0,10752,0,112896,73.5,73.5,False
tensor,vision_language_interaction.text_layers.4.self_attn,bmm,144,21,64,21,4,1,7140,14280,1028,21504,43008,5376,5376,0,7140,0,112896,73.5,224.0,False
tensor,vision_language_interaction.text_layers.4.self_attn,linear,144,21,256,256,1,1,70912,76288,1028,21504,43008,5376,5376,0,5376,0,1376256,896.0,224.0,True
tensor,vision_language_interaction.text_layers.4.linear1,linear,144,1,1024,256,21,1,267520,272896,4100,86016,172032,21504,21504,0,5376,0,5505024,3584.0,896.0,True
tensor,vision_language_interaction.text_layers.4.linear2,linear,144,1,256,1024,21,1,283648,305152,1028,21504,43008,5376,5376,0,21504,0,5505024,3584.0,224.0,True
tensor,vision_language_interaction.fusion_layers.5.attn.v_proj,linear,144,512,1024,256,1,1,393216,524288,4100,2097152,4194304,524288,524288,0,131072,0,134217728,87381.33333333333,21845.333333333332,True
tensor,vision_language_interaction.fusion_layers.5.attn.l_proj,linear,144,21,1024,256,1,1,267520,272896,4100,86016,172032,21504,21504,0,5376,0,5505024,3584.0,896.0,True
tensor,vision_language_interaction.fusion_layers.5.attn.values_v_proj,linear,144,512,1024,256,1,1,393216,524288,4100,2097152,4194304,524288,524288,0,131072,0,134217728,87381.33333333333,21845.333333333332,True
tensor,vision_language_interaction.fusion_layers.5.attn.values_l_proj,linear,144,21,1024,256,1,1,267520,272896,4100,86016,172032,21504,21504,0,5376,0,5505024,3584.0,896.0,True
tensor,vision_language_interaction.fusion_layers.5.attn,bmm,144,512,21,256,4,1,545792,1091584,340,172032,344064,43008,43008,0,545792,0,11010048,7168.0,1792.0,False
tensor,vision_language_interaction.fusion_layers.5.attn,bmm,144,512,256,21,4,1,64512,129024,4100,2097152,4194304,524288,524288,0,64512,0,11010048,7168.0,21845.333333333332,False
tensor,vision_language_interaction.fusion_layers.5.attn,bmm,144,21,256,512,4,1,567296,1134592,4100,86016,172032,21504,21504,0,567296,0,11010048,7168.0,896.0,False
tensor,vision_language_interaction.fusion_layers.5.attn.out_v_proj,linear,144,512,256,1024,1,1,786432,1310720,1028,524288,1048576,131072,131072,0,524288,0,134217728,87381.33333333333,5461.333333333333,True
tensor,vision_language_interaction.fusion_layers.5.attn.out_l_proj,linear,144,21,256,1024,1,1,283648,305152,1028,21504,43008,5376,5376,0,21504,0,5505024,3584.0,224.0,True
tensor,vision_language_interaction.text_layers.5.self_attn,linear,144,1,768,256,21,1,201984,207360,3076,64512,129024,16128,16128,0,5376,0,4128768,2688.0,672.0,True
tensor,vision_language_interaction.text_layers.5.self_attn,baddbmm,144,21,21,64,4,1,10752,21504,340,7056,14112,1764,1764,0,10752,0,112896,73.5,73.5,False
tensor,vision_language_interaction.text_layers.5.self_attn,bmm,144,21,64,21,4,1,7140,14280,1028,21504,43008,5376,5376,0,7140,0,112896,73.5,224.0,False
tensor,vision_language_interaction.text_layers.5.self_attn,linear,144,21,256,256,1,1,70912,76288,1028,21504,43008,5376,5376,0,5376,0,1376256,896.0,224.0,True
tensor,vision_language_interaction.text_layers.5.linear1,linear,144,1,1024,256,21,1,267520,272896,4100,86016,172032,21504,21504,0,5376,0,5505024,3584.0,896.0,True
tensor,vision_language_interaction.text_layers.5.linear2,linear,144,1,256,1024,21,1,283648,305152,1028,21504,43008,5376,5376,0,21504,0,5505024,3584.0,224.0,True
tensor,action_head.state_projection.net.1,linear,144,1,256,8,1,1,2056,2064,1028,1024,2048,256,256,0,8,0,2048,1.3333333333333333,10.666666666666666,True
tensor,action_head.state_projection.net.4,linear,144,1,512,256,1,1,131328,131584,2052,2048,4096,512,512,0,256,0,131072,85.33333333333333,21.333333333333332,True
tensor,action_head.decoder.decoder.layers.0.self_attn,linear,144,1,768,256,12,1,199680,202752,3076,36864,73728,9216,9216,0,3072,0,2359296,1536.0,384.0,True
tensor,action_head.decoder.decoder.layers.0.self_attn,attention_qk,144,12,12,32,8,1,6144,12288,388,4608,9216,1152,1152,0,6144,0,36864,24.0,48.0,False
tensor,action_head.decoder.decoder.layers.0.self_attn,attention_av,144,12,32,12,8,1,4224,8448,1028,12288,24576,3072,3072,0,4224,0,36864,24.0,128.0,False
tensor,action_head.decoder.decoder.layers.0.self_attn,linear,144,12,256,256,1,1,68608,71680,1028,12288,24576,3072,3072,0,3072,0,786432,512.0,128.0,True
tensor,action_head.decoder.decoder.layers.0.multihead_attn,linear,144,1,256,256,12,1,68608,71680,1028,12288,24576,3072,3072,0,3072,0,786432,512.0,128.0,True
tensor,action_head.decoder.decoder.layers.0.multihead_attn,linear,144,1,512,256,535,1,268032,404992,2052,1095680,2191360,273920,273920,0,136960,0,70123520,45653.333333333336,11413.333333333334,True
tensor,action_head.decoder.decoder.layers.0.multihead_attn,attention_qk,144,12,535,32,8,1,140032,280064,17124,205440,410880,51360,51360,0,140032,0,1643520,1070.0,2140.0,False
tensor,action_head.decoder.decoder.layers.0.multihead_attn,attention_av,144,12,32,535,8,1,188320,376640,1028,12288,24576,3072,3072,0,188320,0,1643520,1070.0,128.0,False
tensor,action_head.decoder.decoder.layers.0.multihead_attn,linear,144,12,256,256,1,1,68608,71680,1028,12288,24576,3072,3072,0,3072,0,786432,512.0,128.0,True
tensor,action_head.decoder.decoder.layers.0.linear1,linear,144,12,2048,256,1,1,527360,530432,8196,98304,196608,24576,24576,0,3072,0,6291456,4096.0,1024.0,True
tensor,action_head.decoder.decoder.layers.0.linear2,linear,144,12,256,2048,1,1,548864,573440,1028,12288,24576,3072,3072,0,24576,0,6291456,4096.0,128.0,True
tensor,action_head.decoder.decoder.layers.1.self_attn,linear,144,1,768,256,12,1,199680,202752,3076,36864,73728,9216,9216,0,3072,0,2359296,1536.0,384.0,True
tensor,action_head.decoder.decoder.layers.1.self_attn,attention_qk,144,12,12,32,8,1,6144,12288,388,4608,9216,1152,1152,0,6144,0,36864,24.0,48.0,False
tensor,action_head.decoder.decoder.layers.1.self_attn,attention_av,144,12,32,12,8,1,4224,8448,1028,12288,24576,3072,3072,0,4224,0,36864,24.0,128.0,False
tensor,action_head.decoder.decoder.layers.1.self_attn,linear,144,12,256,256,1,1,68608,71680,1028,12288,24576,3072,3072,0,3072,0,786432,512.0,128.0,True
tensor,action_head.decoder.decoder.layers.1.multihead_attn,linear,144,1,256,256,12,1,68608,71680,1028,12288,24576,3072,3072,0,3072,0,786432,512.0,128.0,True
tensor,action_head.decoder.decoder.layers.1.multihead_attn,linear,144,1,512,256,535,1,268032,404992,2052,1095680,2191360,273920,273920,0,136960,0,70123520,45653.333333333336,11413.333333333334,True
tensor,action_head.decoder.decoder.layers.1.multihead_attn,attention_qk,144,12,535,32,8,1,140032,280064,17124,205440,410880,51360,51360,0,140032,0,1643520,1070.0,2140.0,False
tensor,action_head.decoder.decoder.layers.1.multihead_attn,attention_av,144,12,32,535,8,1,188320,376640,1028,12288,24576,3072,3072,0,188320,0,1643520,1070.0,128.0,False
tensor,action_head.decoder.decoder.layers.1.multihead_attn,linear,144,12,256,256,1,1,68608,71680,1028,12288,24576,3072,3072,0,3072,0,786432,512.0,128.0,True
tensor,action_head.decoder.decoder.layers.1.linear1,linear,144,12,2048,256,1,1,527360,530432,8196,98304,196608,24576,24576,0,3072,0,6291456,4096.0,1024.0,True
tensor,action_head.decoder.decoder.layers.1.linear2,linear,144,12,256,2048,1,1,548864,573440,1028,12288,24576,3072,3072,0,24576,0,6291456,4096.0,128.0,True
tensor,action_head.decoder.decoder.layers.2.self_attn,linear,144,1,768,256,12,1,199680,202752,3076,36864,73728,9216,9216,0,3072,0,2359296,1536.0,384.0,True
tensor,action_head.decoder.decoder.layers.2.self_attn,attention_qk,144,12,12,32,8,1,6144,12288,388,4608,9216,1152,1152,0,6144,0,36864,24.0,48.0,False
tensor,action_head.decoder.decoder.layers.2.self_attn,attention_av,144,12,32,12,8,1,4224,8448,1028,12288,24576,3072,3072,0,4224,0,36864,24.0,128.0,False
tensor,action_head.decoder.decoder.layers.2.self_attn,linear,144,12,256,256,1,1,68608,71680,1028,12288,24576,3072,3072,0,3072,0,786432,512.0,128.0,True
tensor,action_head.decoder.decoder.layers.2.multihead_attn,linear,144,1,256,256,12,1,68608,71680,1028,12288,24576,3072,3072,0,3072,0,786432,512.0,128.0,True
tensor,action_head.decoder.decoder.layers.2.multihead_attn,linear,144,1,512,256,535,1,268032,404992,2052,1095680,2191360,273920,273920,0,136960,0,70123520,45653.333333333336,11413.333333333334,True
tensor,action_head.decoder.decoder.layers.2.multihead_attn,attention_qk,144,12,535,32,8,1,140032,280064,17124,205440,410880,51360,51360,0,140032,0,1643520,1070.0,2140.0,False
tensor,action_head.decoder.decoder.layers.2.multihead_attn,attention_av,144,12,32,535,8,1,188320,376640,1028,12288,24576,3072,3072,0,188320,0,1643520,1070.0,128.0,False
tensor,action_head.decoder.decoder.layers.2.multihead_attn,linear,144,12,256,256,1,1,68608,71680,1028,12288,24576,3072,3072,0,3072,0,786432,512.0,128.0,True
tensor,action_head.decoder.decoder.layers.2.linear1,linear,144,12,2048,256,1,1,527360,530432,8196,98304,196608,24576,24576,0,3072,0,6291456,4096.0,1024.0,True
tensor,action_head.decoder.decoder.layers.2.linear2,linear,144,12,256,2048,1,1,548864,573440,1028,12288,24576,3072,3072,0,24576,0,6291456,4096.0,128.0,True
tensor,action_head.decoder.action_projection.layers.0,linear,144,12,512,256,1,1,134144,137216,2052,24576,49152,6144,6144,0,3072,0,1572864,1024.0,256.0,True
tensor,action_head.decoder.action_projection.layers.1,linear,144,12,512,512,1,1,268288,274432,2052,24576,49152,6144,6144,0,6144,0,3145728,2048.0,256.0,True
tensor,action_head.decoder.action_projection.layers.2,linear,144,12,7,512,1,1,9728,15872,32,336,672,84,84,0,6144,0,43008,28.0,3.5,True
tensor,text_encoder.bert.encoder.layer.0.attention.self.query,linear,36,11,768,768,1,1,598272,606720,3076,33792,67584,8448,8448,0,8448,0,6488064,4224.0,352.0,True
tensor,text_encoder.bert.encoder.layer.0.attention.self.key,linear,36,11,768,768,1,1,598272,606720,3076,33792,67584,8448,8448,0,8448,0,6488064,4224.0,352.0,True
tensor,text_encoder.bert.encoder.layer.0.attention.self.value,linear,36,11,768,768,1,1,598272,606720,3076,33792,67584,8448,8448,0,8448,0,6488064,4224.0,352.0,True
tensor,text_encoder.bert.encoder.layer.0.attention.self,attention_qk,36,11,11,64,12,1,16896,33792,532,5808,11616,1452,1452,0,16896,0,92928,60.5,60.5,False
tensor,text_encoder.bert.encoder.layer.0.attention.self,attention_av,36,11,64,11,12,1,9900,19800,3076,33792,67584,8448,8448,0,9900,0,92928,60.5,352.0,False
tensor,text_encoder.bert.encoder.layer.0.attention.output.dense,linear,36,11,768,768,1,1,598272,606720,3076,33792,67584,8448,8448,0,8448,0,6488064,4224.0,352.0,True
tensor,text_encoder.bert.encoder.layer.0.intermediate.dense,linear,36,11,3072,768,1,1,2367744,2376192,12292,135168,270336,33792,33792,0,8448,0,25952256,16896.0,1408.0,True
tensor,text_encoder.bert.encoder.layer.0.output.dense,linear,36,11,768,3072,1,1,2393088,2426880,3076,33792,67584,8448,8448,0,33792,0,25952256,16896.0,352.0,True
tensor,text_encoder.bert.encoder.layer.1.attention.self.query,linear,36,11,768,768,1,1,598272,606720,3076,33792,67584,8448,8448,0,8448,0,6488064,4224.0,352.0,True
tensor,text_encoder.bert.encoder.layer.1.attention.self.key,linear,36,11,768,768,1,1,598272,606720,3076,33792,67584,8448,8448,0,8448,0,6488064,4224.0,352.0,True
tensor,text_encoder.bert.encoder.layer.1.attention.self.value,linear,36,11,768,768,1,1,598272,606720,3076,33792,67584,8448,8448,0,8448,0,6488064,4224.0,352.0,True
tensor,text_encoder.bert.encoder.layer.1.attention.self,attention_qk,36,11,11,64,12,1,16896,33792,532,5808,11616,1452,1452,0,16896,0,92928,60.5,60.5,False
tensor,text_encoder.bert.encoder.layer.1.attention.self,attention_av,36,11,64,11,12,1,9900,19800,3076,33792,67584,8448,8448,0,9900,0,92928,60.5,352.0,False
tensor,text_encoder.bert.encoder.layer.1.attention.output.dense,linear,36,11,768,768,1,1,598272,606720,3076,33792,67584,8448,8448,0,8448,0,6488064,4224.0,352.0,True
tensor,text_encoder.bert.encoder.layer.1.intermediate.dense,linear,36,11,3072,768,1,1,2367744,2376192,12292,135168,270336,33792,33792,0,8448,0,25952256,16896.0,1408.0,True
tensor,text_encoder.bert.encoder.layer.1.output.dense,linear,36,11,768,3072,1,1,2393088,2426880,3076,33792,67584,8448,8448,0,33792,0,25952256,16896.0,352.0,True
tensor,text_encoder.bert.encoder.layer.2.attention.self.query,linear,36,11,768,768,1,1,598272,606720,3076,33792,67584,8448,8448,0,8448,0,6488064,4224.0,352.0,True
tensor,text_encoder.bert.encoder.layer.2.attention.self.key,linear,36,11,768,768,1,1,598272,606720,3076,33792,67584,8448,8448,0,8448,0,6488064,4224.0,352.0,True
tensor,text_encoder.bert.encoder.layer.2.attention.self.value,linear,36,11,768,768,1,1,598272,606720,3076,33792,67584,8448,8448,0,8448,0,6488064,4224.0,352.0,True
tensor,text_encoder.bert.encoder.layer.2.attention.self,attention_qk,36,11,11,64,12,1,16896,33792,532,5808,11616,1452,1452,0,16896,0,92928,60.5,60.5,False
tensor,text_encoder.bert.encoder.layer.2.attention.self,attention_av,36,11,64,11,12,1,9900,19800,3076,33792,67584,8448,8448,0,9900,0,92928,60.5,352.0,False
tensor,text_encoder.bert.encoder.layer.2.attention.output.dense,linear,36,11,768,768,1,1,598272,606720,3076,33792,67584,8448,8448,0,8448,0,6488064,4224.0,352.0,True
tensor,text_encoder.bert.encoder.layer.2.intermediate.dense,linear,36,11,3072,768,1,1,2367744,2376192,12292,135168,270336,33792,33792,0,8448,0,25952256,16896.0,1408.0,True
tensor,text_encoder.bert.encoder.layer.2.output.dense,linear,36,11,768,3072,1,1,2393088,2426880,3076,33792,67584,8448,8448,0,33792,0,25952256,16896.0,352.0,True
tensor,text_encoder.bert.encoder.layer.3.attention.self.query,linear,36,11,768,768,1,1,598272,606720,3076,33792,67584,8448,8448,0,8448,0,6488064,4224.0,352.0,True
tensor,text_encoder.bert.encoder.layer.3.attention.self.key,linear,36,11,768,768,1,1,598272,606720,3076,33792,67584,8448,8448,0,8448,0,6488064,4224.0,352.0,True
tensor,text_encoder.bert.encoder.layer.3.attention.self.value,linear,36,11,768,768,1,1,598272,606720,3076,33792,67584,8448,8448,0,8448,0,6488064,4224.0,352.0,True
tensor,text_encoder.bert.encoder.layer.3.attention.self,attention_qk,36,11,11,64,12,1,16896,33792,532,5808,11616,1452,1452,0,16896,0,92928,60.5,60.5,False
tensor,text_encoder.bert.encoder.layer.3.attention.self,attention_av,36,11,64,11,12,1,9900,19800,3076,33792,67584,8448,8448,0,9900,0,92928,60.5,352.0,False
tensor,text_encoder.bert.encoder.layer.3.attention.output.dense,linear,36,11,768,768,1,1,598272,606720,3076,33792,67584,8448,8448,0,8448,0,6488064,4224.0,352.0,True
tensor,text_encoder.bert.encoder.layer.3.intermediate.dense,linear,36,11,3072,768,1,1,2367744,2376192,12292,135168,270336,33792,33792,0,8448,0,25952256,16896.0,1408.0,True
tensor,text_encoder.bert.encoder.layer.3.output.dense,linear,36,11,768,3072,1,1,2393088,2426880,3076,33792,67584,8448,8448,0,33792,0,25952256,16896.0,352.0,True
tensor,text_encoder.bert.encoder.layer.4.attention.self.query,linear,36,11,768,768,1,1,598272,606720,3076,33792,67584,8448,8448,0,8448,0,6488064,4224.0,352.0,True
tensor,text_encoder.bert.encoder.layer.4.attention.self.key,linear,36,11,768,768,1,1,598272,606720,3076,33792,67584,8448,8448,0,8448,0,6488064,4224.0,352.0,True
tensor,text_encoder.bert.encoder.layer.4.attention.self.value,linear,36,11,768,768,1,1,598272,606720,3076,33792,67584,8448,8448,0,8448,0,6488064,4224.0,352.0,True
tensor,text_encoder.bert.encoder.layer.4.attention.self,attention_qk,36,11,11,64,12,1,16896,33792,532,5808,11616,1452,1452,0,16896,0,92928,60.5,60.5,False
tensor,text_encoder.bert.encoder.layer.4.attention.self,attention_av,36,11,64,11,12,1,9900,19800,3076,33792,67584,8448,8448,0,9900,0,92928,60.5,352.0,False
tensor,text_encoder.bert.encoder.layer.4.attention.output.dense,linear,36,11,768,768,1,1,598272,606720,3076,33792,67584,8448,8448,0,8448,0,6488064,4224.0,352.0,True
tensor,text_encoder.bert.encoder.layer.4.intermediate.dense,linear,36,11,3072,768,1,1,2367744,2376192,12292,135168,270336,33792,33792,0,8448,0,25952256,16896.0,1408.0,True
tensor,text_encoder.bert.encoder.layer.4.output.dense,linear,36,11,768,3072,1,1,2393088,2426880,3076,33792,67584,8448,8448,0,33792,0,25952256,16896.0,352.0,True
tensor,text_encoder.bert.encoder.layer.5.attention.self.query,linear,36,11,768,768,1,1,598272,606720,3076,33792,67584,8448,8448,0,8448,0,6488064,4224.0,352.0,True
tensor,text_encoder.bert.encoder.layer.5.attention.self.key,linear,36,11,768,768,1,1,598272,606720,3076,33792,67584,8448,8448,0,8448,0,6488064,4224.0,352.0,True
tensor,text_encoder.bert.encoder.layer.5.attention.self.value,linear,36,11,768,768,1,1,598272,606720,3076,33792,67584,8448,8448,0,8448,0,6488064,4224.0,352.0,True
tensor,text_encoder.bert.encoder.layer.5.attention.self,attention_qk,36,11,11,64,12,1,16896,33792,532,5808,11616,1452,1452,0,16896,0,92928,60.5,60.5,False
tensor,text_encoder.bert.encoder.layer.5.attention.self,attention_av,36,11,64,11,12,1,9900,19800,3076,33792,67584,8448,8448,0,9900,0,92928,60.5,352.0,False
tensor,text_encoder.bert.encoder.layer.5.attention.output.dense,linear,36,11,768,768,1,1,598272,606720,3076,33792,67584,8448,8448,0,8448,0,6488064,4224.0,352.0,True
tensor,text_encoder.bert.encoder.layer.5.intermediate.dense,linear,36,11,3072,768,1,1,2367744,2376192,12292,135168,270336,33792,33792,0,8448,0,25952256,16896.0,1408.0,True
tensor,text_encoder.bert.encoder.layer.5.output.dense,linear,36,11,768,3072,1,1,2393088,2426880,3076,33792,67584,8448,8448,0,33792,0,25952256,16896.0,352.0,True
tensor,text_encoder.bert.encoder.layer.6.attention.self.query,linear,36,11,768,768,1,1,598272,606720,3076,33792,67584,8448,8448,0,8448,0,6488064,4224.0,352.0,True
tensor,text_encoder.bert.encoder.layer.6.attention.self.key,linear,36,11,768,768,1,1,598272,606720,3076,33792,67584,8448,8448,0,8448,0,6488064,4224.0,352.0,True
tensor,text_encoder.bert.encoder.layer.6.attention.self.value,linear,36,11,768,768,1,1,598272,606720,3076,33792,67584,8448,8448,0,8448,0,6488064,4224.0,352.0,True
tensor,text_encoder.bert.encoder.layer.6.attention.self,attention_qk,36,11,11,64,12,1,16896,33792,532,5808,11616,1452,1452,0,16896,0,92928,60.5,60.5,False
tensor,text_encoder.bert.encoder.layer.6.attention.self,attention_av,36,11,64,11,12,1,9900,19800,3076,33792,67584,8448,8448,0,9900,0,92928,60.5,352.0,False
tensor,text_encoder.bert.encoder.layer.6.attention.output.dense,linear,36,11,768,768,1,1,598272,606720,3076,33792,67584,8448,8448,0,8448,0,6488064,4224.0,352.0,True
tensor,text_encoder.bert.encoder.layer.6.intermediate.dense,linear,36,11,3072,768,1,1,2367744,2376192,12292,135168,270336,33792,33792,0,8448,0,25952256,16896.0,1408.0,True
tensor,text_encoder.bert.encoder.layer.6.output.dense,linear,36,11,768,3072,1,1,2393088,2426880,3076,33792,67584,8448,8448,0,33792,0,25952256,16896.0,352.0,True
tensor,text_encoder.bert.encoder.layer.7.attention.self.query,linear,36,11,768,768,1,1,598272,606720,3076,33792,67584,8448,8448,0,8448,0,6488064,4224.0,352.0,True
tensor,text_encoder.bert.encoder.layer.7.attention.self.key,linear,36,11,768,768,1,1,598272,606720,3076,33792,67584,8448,8448,0,8448,0,6488064,4224.0,352.0,True
tensor,text_encoder.bert.encoder.layer.7.attention.self.value,linear,36,11,768,768,1,1,598272,606720,3076,33792,67584,8448,8448,0,8448,0,6488064,4224.0,352.0,True
tensor,text_encoder.bert.encoder.layer.7.attention.self,attention_qk,36,11,11,64,12,1,16896,33792,532,5808,11616,1452,1452,0,16896,0,92928,60.5,60.5,False
tensor,text_encoder.bert.encoder.layer.7.attention.self,attention_av,36,11,64,11,12,1,9900,19800,3076,33792,67584,8448,8448,0,9900,0,92928,60.5,352.0,False
tensor,text_encoder.bert.encoder.layer.7.attention.output.dense,linear,36,11,768,768,1,1,598272,606720,3076,33792,67584,8448,8448,0,8448,0,6488064,4224.0,352.0,True
tensor,text_encoder.bert.encoder.layer.7.intermediate.dense,linear,36,11,3072,768,1,1,2367744,2376192,12292,135168,270336,33792,33792,0,8448,0,25952256,16896.0,1408.0,True
tensor,text_encoder.bert.encoder.layer.7.output.dense,linear,36,11,768,3072,1,1,2393088,2426880,3076,33792,67584,8448,8448,0,33792,0,25952256,16896.0,352.0,True
tensor,text_encoder.bert.encoder.layer.8.attention.self.query,linear,36,11,768,768,1,1,598272,606720,3076,33792,67584,8448,8448,0,8448,0,6488064,4224.0,352.0,True
tensor,text_encoder.bert.encoder.layer.8.attention.self.key,linear,36,11,768,768,1,1,598272,606720,3076,33792,67584,8448,8448,0,8448,0,6488064,4224.0,352.0,True
tensor,text_encoder.bert.encoder.layer.8.attention.self.value,linear,36,11,768,768,1,1,598272,606720,3076,33792,67584,8448,8448,0,8448,0,6488064,4224.0,352.0,True
tensor,text_encoder.bert.encoder.layer.8.attention.self,attention_qk,36,11,11,64,12,1,16896,33792,532,5808,11616,1452,1452,0,16896,0,92928,60.5,60.5,False
tensor,text_encoder.bert.encoder.layer.8.attention.self,attention_av,36,11,64,11,12,1,9900,19800,3076,33792,67584,8448,8448,0,9900,0,92928,60.5,352.0,False
tensor,text_encoder.bert.encoder.layer.8.attention.output.dense,linear,36,11,768,768,1,1,598272,606720,3076,33792,67584,8448,8448,0,8448,0,6488064,4224.0,352.0,True
tensor,text_encoder.bert.encoder.layer.8.intermediate.dense,linear,36,11,3072,768,1,1,2367744,2376192,12292,135168,270336,33792,33792,0,8448,0,25952256,16896.0,1408.0,True
tensor,text_encoder.bert.encoder.layer.8.output.dense,linear,36,11,768,3072,1,1,2393088,2426880,3076,33792,67584,8448,8448,0,33792,0,25952256,16896.0,352.0,True
tensor,text_encoder.bert.encoder.layer.9.attention.self.query,linear,36,11,768,768,1,1,598272,606720,3076,33792,67584,8448,8448,0,8448,0,6488064,4224.0,352.0,True
tensor,text_encoder.bert.encoder.layer.9.attention.self.key,linear,36,11,768,768,1,1,598272,606720,3076,33792,67584,8448,8448,0,8448,0,6488064,4224.0,352.0,True
tensor,text_encoder.bert.encoder.layer.9.attention.self.value,linear,36,11,768,768,1,1,598272,606720,3076,33792,67584,8448,8448,0,8448,0,6488064,4224.0,352.0,True
tensor,text_encoder.bert.encoder.layer.9.attention.self,attention_qk,36,11,11,64,12,1,16896,33792,532,5808,11616,1452,1452,0,16896,0,92928,60.5,60.5,False
tensor,text_encoder.bert.encoder.layer.9.attention.self,attention_av,36,11,64,11,12,1,9900,19800,3076,33792,67584,8448,8448,0,9900,0,92928,60.5,352.0,False
tensor,text_encoder.bert.encoder.layer.9.attention.output.dense,linear,36,11,768,768,1,1,598272,606720,3076,33792,67584,8448,8448,0,8448,0,6488064,4224.0,352.0,True
tensor,text_encoder.bert.encoder.layer.9.intermediate.dense,linear,36,11,3072,768,1,1,2367744,2376192,12292,135168,270336,33792,33792,0,8448,0,25952256,16896.0,1408.0,True
tensor,text_encoder.bert.encoder.layer.9.output.dense,linear,36,11,768,3072,1,1,2393088,2426880,3076,33792,67584,8448,8448,0,33792,0,25952256,16896.0,352.0,True
tensor,text_encoder.bert.encoder.layer.10.attention.self.query,linear,36,11,768,768,1,1,598272,606720,3076,33792,67584,8448,8448,0,8448,0,6488064,4224.0,352.0,True
tensor,text_encoder.bert.encoder.layer.10.attention.self.key,linear,36,11,768,768,1,1,598272,606720,3076,33792,67584,8448,8448,0,8448,0,6488064,4224.0,352.0,True
tensor,text_encoder.bert.encoder.layer.10.attention.self.value,linear,36,11,768,768,1,1,598272,606720,3076,33792,67584,8448,8448,0,8448,0,6488064,4224.0,352.0,True
tensor,text_encoder.bert.encoder.layer.10.attention.self,attention_qk,36,11,11,64,12,1,16896,33792,532,5808,11616,1452,1452,0,16896,0,92928,60.5,60.5,False
tensor,text_encoder.bert.encoder.layer.10.attention.self,attention_av,36,11,64,11,12,1,9900,19800,3076,33792,67584,8448,8448,0,9900,0,92928,60.5,352.0,False
tensor,text_encoder.bert.encoder.layer.10.attention.output.dense,linear,36,11,768,768,1,1,598272,606720,3076,33792,67584,8448,8448,0,8448,0,6488064,4224.0,352.0,True
tensor,text_encoder.bert.encoder.layer.10.intermediate.dense,linear,36,11,3072,768,1,1,2367744,2376192,12292,135168,270336,33792,33792,0,8448,0,25952256,16896.0,1408.0,True
tensor,text_encoder.bert.encoder.layer.10.output.dense,linear,36,11,768,3072,1,1,2393088,2426880,3076,33792,67584,8448,8448,0,33792,0,25952256,16896.0,352.0,True
tensor,text_encoder.bert.encoder.layer.11.attention.self.query,linear,36,11,768,768,1,1,598272,606720,3076,33792,67584,8448,8448,0,8448,0,6488064,4224.0,352.0,True
tensor,text_encoder.bert.encoder.layer.11.attention.self.key,linear,36,11,768,768,1,1,598272,606720,3076,33792,67584,8448,8448,0,8448,0,6488064,4224.0,352.0,True
tensor,text_encoder.bert.encoder.layer.11.attention.self.value,linear,36,11,768,768,1,1,598272,606720,3076,33792,67584,8448,8448,0,8448,0,6488064,4224.0,352.0,True
tensor,text_encoder.bert.encoder.layer.11.attention.self,attention_qk,36,11,11,64,12,1,16896,33792,532,5808,11616,1452,1452,0,16896,0,92928,60.5,60.5,False
tensor,text_encoder.bert.encoder.layer.11.attention.self,attention_av,36,11,64,11,12,1,9900,19800,3076,33792,67584,8448,8448,0,9900,0,92928,60.5,352.0,False
tensor,text_encoder.bert.encoder.layer.11.attention.output.dense,linear,36,11,768,768,1,1,598272,606720,3076,33792,67584,8448,8448,0,8448,0,6488064,4224.0,352.0,True
tensor,text_encoder.bert.encoder.layer.11.intermediate.dense,linear,36,11,3072,768,1,1,2367744,2376192,12292,135168,270336,33792,33792,0,8448,0,25952256,16896.0,1408.0,True
tensor,text_encoder.bert.encoder.layer.11.output.dense,linear,36,11,768,3072,1,1,2393088,2426880,3076,33792,67584,8448,8448,0,33792,0,25952256,16896.0,352.0,True
tensor,text_encoder.bert.encoder.layer.0.attention.self.query,linear,36,14,768,768,1,1,600576,611328,3076,43008,86016,10752,10752,0,10752,0,8257536,5376.0,448.0,True
tensor,text_encoder.bert.encoder.layer.0.attention.self.key,linear,36,14,768,768,1,1,600576,611328,3076,43008,86016,10752,10752,0,10752,0,8257536,5376.0,448.0,True
tensor,text_encoder.bert.encoder.layer.0.attention.self.value,linear,36,14,768,768,1,1,600576,611328,3076,43008,86016,10752,10752,0,10752,0,8257536,5376.0,448.0,True
tensor,text_encoder.bert.encoder.layer.0.attention.self,attention_qk,36,14,14,64,12,1,21504,43008,676,9408,18816,2352,2352,0,21504,0,150528,98.0,98.0,False
tensor,text_encoder.bert.encoder.layer.0.attention.self,attention_av,36,14,64,14,12,1,13104,26208,3076,43008,86016,10752,10752,0,13104,0,150528,98.0,448.0,False
tensor,text_encoder.bert.encoder.layer.0.attention.output.dense,linear,36,14,768,768,1,1,600576,611328,3076,43008,86016,10752,10752,0,10752,0,8257536,5376.0,448.0,True
tensor,text_encoder.bert.encoder.layer.0.intermediate.dense,linear,36,14,3072,768,1,1,2370048,2380800,12292,172032,344064,43008,43008,0,10752,0,33030144,21504.0,1792.0,True
tensor,text_encoder.bert.encoder.layer.0.output.dense,linear,36,14,768,3072,1,1,2402304,2445312,3076,43008,86016,10752,10752,0,43008,0,33030144,21504.0,448.0,True
tensor,text_encoder.bert.encoder.layer.1.attention.self.query,linear,36,14,768,768,1,1,600576,611328,3076,43008,86016,10752,10752,0,10752,0,8257536,5376.0,448.0,True
tensor,text_encoder.bert.encoder.layer.1.attention.self.key,linear,36,14,768,768,1,1,600576,611328,3076,43008,86016,10752,10752,0,10752,0,8257536,5376.0,448.0,True
tensor,text_encoder.bert.encoder.layer.1.attention.self.value,linear,36,14,768,768,1,1,600576,611328,3076,43008,86016,10752,10752,0,10752,0,8257536,5376.0,448.0,True
tensor,text_encoder.bert.encoder.layer.1.attention.self,attention_qk,36,14,14,64,12,1,21504,43008,676,9408,18816,2352,2352,0,21504,0,150528,98.0,98.0,False
tensor,text_encoder.bert.encoder.layer.1.attention.self,attention_av,36,14,64,14,12,1,13104,26208,3076,43008,86016,10752,10752,0,13104,0,150528,98.0,448.0,False
tensor,text_encoder.bert.encoder.layer.1.attention.output.dense,linear,36,14,768,768,1,1,600576,611328,3076,43008,86016,10752,10752,0,10752,0,8257536,5376.0,448.0,True
tensor,text_encoder.bert.encoder.layer.1.intermediate.dense,linear,36,14,3072,768,1,1,2370048,2380800,12292,172032,344064,43008,43008,0,10752,0,33030144,21504.0,1792.0,True
tensor,text_encoder.bert.encoder.layer.1.output.dense,linear,36,14,768,3072,1,1,2402304,2445312,3076,43008,86016,10752,10752,0,43008,0,33030144,21504.0,448.0,True
tensor,text_encoder.bert.encoder.layer.2.attention.self.query,linear,36,14,768,768,1,1,600576,611328,3076,43008,86016,10752,10752,0,10752,0,8257536,5376.0,448.0,True
tensor,text_encoder.bert.encoder.layer.2.attention.self.key,linear,36,14,768,768,1,1,600576,611328,3076,43008,86016,10752,10752,0,10752,0,8257536,5376.0,448.0,True
tensor,text_encoder.bert.encoder.layer.2.attention.self.value,linear,36,14,768,768,1,1,600576,611328,3076,43008,86016,10752,10752,0,10752,0,8257536,5376.0,448.0,True
tensor,text_encoder.bert.encoder.layer.2.attention.self,attention_qk,36,14,14,64,12,1,21504,43008,676,9408,18816,2352,2352,0,21504,0,150528,98.0,98.0,False
tensor,text_encoder.bert.encoder.layer.2.attention.self,attention_av,36,14,64,14,12,1,13104,26208,3076,43008,86016,10752,10752,0,13104,0,150528,98.0,448.0,False
tensor,text_encoder.bert.encoder.layer.2.attention.output.dense,linear,36,14,768,768,1,1,600576,611328,3076,43008,86016,10752,10752,0,10752,0,8257536,5376.0,448.0,True
tensor,text_encoder.bert.encoder.layer.2.intermediate.dense,linear,36,14,3072,768,1,1,2370048,2380800,12292,172032,344064,43008,43008,0,10752,0,33030144,21504.0,1792.0,True
tensor,text_encoder.bert.encoder.layer.2.output.dense,linear,36,14,768,3072,1,1,2402304,2445312,3076,43008,86016,10752,10752,0,43008,0,33030144,21504.0,448.0,True
tensor,text_encoder.bert.encoder.layer.3.attention.self.query,linear,36,14,768,768,1,1,600576,611328,3076,43008,86016,10752,10752,0,10752,0,8257536,5376.0,448.0,True
tensor,text_encoder.bert.encoder.layer.3.attention.self.key,linear,36,14,768,768,1,1,600576,611328,3076,43008,86016,10752,10752,0,10752,0,8257536,5376.0,448.0,True
tensor,text_encoder.bert.encoder.layer.3.attention.self.value,linear,36,14,768,768,1,1,600576,611328,3076,43008,86016,10752,10752,0,10752,0,8257536,5376.0,448.0,True
tensor,text_encoder.bert.encoder.layer.3.attention.self,attention_qk,36,14,14,64,12,1,21504,43008,676,9408,18816,2352,2352,0,21504,0,150528,98.0,98.0,False
tensor,text_encoder.bert.encoder.layer.3.attention.self,attention_av,36,14,64,14,12,1,13104,26208,3076,43008,86016,10752,10752,0,13104,0,150528,98.0,448.0,False
tensor,text_encoder.bert.encoder.layer.3.attention.output.dense,linear,36,14,768,768,1,1,600576,611328,3076,43008,86016,10752,10752,0,10752,0,8257536,5376.0,448.0,True
tensor,text_encoder.bert.encoder.layer.3.intermediate.dense,linear,36,14,3072,768,1,1,2370048,2380800,12292,172032,344064,43008,43008,0,10752,0,33030144,21504.0,1792.0,True
tensor,text_encoder.bert.encoder.layer.3.output.dense,linear,36,14,768,3072,1,1,2402304,2445312,3076,43008,86016,10752,10752,0,43008,0,33030144,21504.0,448.0,True
tensor,text_encoder.bert.encoder.layer.4.attention.self.query,linear,36,14,768,768,1,1,600576,611328,3076,43008,86016,10752,10752,0,10752,0,8257536,5376.0,448.0,True
tensor,text_encoder.bert.encoder.layer.4.attention.self.key,linear,36,14,768,768,1,1,600576,611328,3076,43008,86016,10752,10752,0,10752,0,8257536,5376.0,448.0,True
tensor,text_encoder.bert.encoder.layer.4.attention.self.value,linear,36,14,768,768,1,1,600576,611328,3076,43008,86016,10752,10752,0,10752,0,8257536,5376.0,448.0,True
tensor,text_encoder.bert.encoder.layer.4.attention.self,attention_qk,36,14,14,64,12,1,21504,43008,676,9408,18816,2352,2352,0,21504,0,150528,98.0,98.0,False
tensor,text_encoder.bert.encoder.layer.4.attention.self,attention_av,36,14,64,14,12,1,13104,26208,3076,43008,86016,10752,10752,0,13104,0,150528,98.0,448.0,False
tensor,text_encoder.bert.encoder.layer.4.attention.output.dense,linear,36,14,768,768,1,1,600576,611328,3076,43008,86016,10752,10752,0,10752,0,8257536,5376.0,448.0,True
tensor,text_encoder.bert.encoder.layer.4.intermediate.dense,linear,36,14,3072,768,1,1,2370048,2380800,12292,172032,344064,43008,43008,0,10752,0,33030144,21504.0,1792.0,True
tensor,text_encoder.bert.encoder.layer.4.output.dense,linear,36,14,768,3072,1,1,2402304,2445312,3076,43008,86016,10752,10752,0,43008,0,33030144,21504.0,448.0,True
tensor,text_encoder.bert.encoder.layer.5.attention.self.query,linear,36,14,768,768,1,1,600576,611328,3076,43008,86016,10752,10752,0,10752,0,8257536,5376.0,448.0,True
tensor,text_encoder.bert.encoder.layer.5.attention.self.key,linear,36,14,768,768,1,1,600576,611328,3076,43008,86016,10752,10752,0,10752,0,8257536,5376.0,448.0,True
tensor,text_encoder.bert.encoder.layer.5.attention.self.value,linear,36,14,768,768,1,1,600576,611328,3076,43008,86016,10752,10752,0,10752,0,8257536,5376.0,448.0,True
tensor,text_encoder.bert.encoder.layer.5.attention.self,attention_qk,36,14,14,64,12,1,21504,43008,676,9408,18816,2352,2352,0,21504,0,150528,98.0,98.0,False
tensor,text_encoder.bert.encoder.layer.5.attention.self,attention_av,36,14,64,14,12,1,13104,26208,3076,43008,86016,10752,10752,0,13104,0,150528,98.0,448.0,False
tensor,text_encoder.bert.encoder.layer.5.attention.output.dense,linear,36,14,768,768,1,1,600576,611328,3076,43008,86016,10752,10752,0,10752,0,8257536,5376.0,448.0,True
tensor,text_encoder.bert.encoder.layer.5.intermediate.dense,linear,36,14,3072,768,1,1,2370048,2380800,12292,172032,344064,43008,43008,0,10752,0,33030144,21504.0,1792.0,True
tensor,text_encoder.bert.encoder.layer.5.output.dense,linear,36,14,768,3072,1,1,2402304,2445312,3076,43008,86016,10752,10752,0,43008,0,33030144,21504.0,448.0,True
tensor,text_encoder.bert.encoder.layer.6.attention.self.query,linear,36,14,768,768,1,1,600576,611328,3076,43008,86016,10752,10752,0,10752,0,8257536,5376.0,448.0,True
tensor,text_encoder.bert.encoder.layer.6.attention.self.key,linear,36,14,768,768,1,1,600576,611328,3076,43008,86016,10752,10752,0,10752,0,8257536,5376.0,448.0,True
tensor,text_encoder.bert.encoder.layer.6.attention.self.value,linear,36,14,768,768,1,1,600576,611328,3076,43008,86016,10752,10752,0,10752,0,8257536,5376.0,448.0,True
tensor,text_encoder.bert.encoder.layer.6.attention.self,attention_qk,36,14,14,64,12,1,21504,43008,676,9408,18816,2352,2352,0,21504,0,150528,98.0,98.0,False
tensor,text_encoder.bert.encoder.layer.6.attention.self,attention_av,36,14,64,14,12,1,13104,26208,3076,43008,86016,10752,10752,0,13104,0,150528,98.0,448.0,False
tensor,text_encoder.bert.encoder.layer.6.attention.output.dense,linear,36,14,768,768,1,1,600576,611328,3076,43008,86016,10752,10752,0,10752,0,8257536,5376.0,448.0,True
tensor,text_encoder.bert.encoder.layer.6.intermediate.dense,linear,36,14,3072,768,1,1,2370048,2380800,12292,172032,344064,43008,43008,0,10752,0,33030144,21504.0,1792.0,True
tensor,text_encoder.bert.encoder.layer.6.output.dense,linear,36,14,768,3072,1,1,2402304,2445312,3076,43008,86016,10752,10752,0,43008,0,33030144,21504.0,448.0,True
tensor,text_encoder.bert.encoder.layer.7.attention.self.query,linear,36,14,768,768,1,1,600576,611328,3076,43008,86016,10752,10752,0,10752,0,8257536,5376.0,448.0,True
tensor,text_encoder.bert.encoder.layer.7.attention.self.key,linear,36,14,768,768,1,1,600576,611328,3076,43008,86016,10752,10752,0,10752,0,8257536,5376.0,448.0,True
tensor,text_encoder.bert.encoder.layer.7.attention.self.value,linear,36,14,768,768,1,1,600576,611328,3076,43008,86016,10752,10752,0,10752,0,8257536,5376.0,448.0,True
tensor,text_encoder.bert.encoder.layer.7.attention.self,attention_qk,36,14,14,64,12,1,21504,43008,676,9408,18816,2352,2352,0,21504,0,150528,98.0,98.0,False
tensor,text_encoder.bert.encoder.layer.7.attention.self,attention_av,36,14,64,14,12,1,13104,26208,3076,43008,86016,10752,10752,0,13104,0,150528,98.0,448.0,False
tensor,text_encoder.bert.encoder.layer.7.attention.output.dense,linear,36,14,768,768,1,1,600576,611328,3076,43008,86016,10752,10752,0,10752,0,8257536,5376.0,448.0,True
tensor,text_encoder.bert.encoder.layer.7.intermediate.dense,linear,36,14,3072,768,1,1,2370048,2380800,12292,172032,344064,43008,43008,0,10752,0,33030144,21504.0,1792.0,True
tensor,text_encoder.bert.encoder.layer.7.output.dense,linear,36,14,768,3072,1,1,2402304,2445312,3076,43008,86016,10752,10752,0,43008,0,33030144,21504.0,448.0,True
tensor,text_encoder.bert.encoder.layer.8.attention.self.query,linear,36,14,768,768,1,1,600576,611328,3076,43008,86016,10752,10752,0,10752,0,8257536,5376.0,448.0,True
tensor,text_encoder.bert.encoder.layer.8.attention.self.key,linear,36,14,768,768,1,1,600576,611328,3076,43008,86016,10752,10752,0,10752,0,8257536,5376.0,448.0,True
tensor,text_encoder.bert.encoder.layer.8.attention.self.value,linear,36,14,768,768,1,1,600576,611328,3076,43008,86016,10752,10752,0,10752,0,8257536,5376.0,448.0,True
tensor,text_encoder.bert.encoder.layer.8.attention.self,attention_qk,36,14,14,64,12,1,21504,43008,676,9408,18816,2352,2352,0,21504,0,150528,98.0,98.0,False
tensor,text_encoder.bert.encoder.layer.8.attention.self,attention_av,36,14,64,14,12,1,13104,26208,3076,43008,86016,10752,10752,0,13104,0,150528,98.0,448.0,False
tensor,text_encoder.bert.encoder.layer.8.attention.output.dense,linear,36,14,768,768,1,1,600576,611328,3076,43008,86016,10752,10752,0,10752,0,8257536,5376.0,448.0,True
tensor,text_encoder.bert.encoder.layer.8.intermediate.dense,linear,36,14,3072,768,1,1,2370048,2380800,12292,172032,344064,43008,43008,0,10752,0,33030144,21504.0,1792.0,True
tensor,text_encoder.bert.encoder.layer.8.output.dense,linear,36,14,768,3072,1,1,2402304,2445312,3076,43008,86016,10752,10752,0,43008,0,33030144,21504.0,448.0,True
tensor,text_encoder.bert.encoder.layer.9.attention.self.query,linear,36,14,768,768,1,1,600576,611328,3076,43008,86016,10752,10752,0,10752,0,8257536,5376.0,448.0,True
tensor,text_encoder.bert.encoder.layer.9.attention.self.key,linear,36,14,768,768,1,1,600576,611328,3076,43008,86016,10752,10752,0,10752,0,8257536,5376.0,448.0,True
tensor,text_encoder.bert.encoder.layer.9.attention.self.value,linear,36,14,768,768,1,1,600576,611328,3076,43008,86016,10752,10752,0,10752,0,8257536,5376.0,448.0,True
tensor,text_encoder.bert.encoder.layer.9.attention.self,attention_qk,36,14,14,64,12,1,21504,43008,676,9408,18816,2352,2352,0,21504,0,150528,98.0,98.0,False
tensor,text_encoder.bert.encoder.layer.9.attention.self,attention_av,36,14,64,14,12,1,13104,26208,3076,43008,86016,10752,10752,0,13104,0,150528,98.0,448.0,False
tensor,text_encoder.bert.encoder.layer.9.attention.output.dense,linear,36,14,768,768,1,1,600576,611328,3076,43008,86016,10752,10752,0,10752,0,8257536,5376.0,448.0,True
tensor,text_encoder.bert.encoder.layer.9.intermediate.dense,linear,36,14,3072,768,1,1,2370048,2380800,12292,172032,344064,43008,43008,0,10752,0,33030144,21504.0,1792.0,True
tensor,text_encoder.bert.encoder.layer.9.output.dense,linear,36,14,768,3072,1,1,2402304,2445312,3076,43008,86016,10752,10752,0,43008,0,33030144,21504.0,448.0,True
tensor,text_encoder.bert.encoder.layer.10.attention.self.query,linear,36,14,768,768,1,1,600576,611328,3076,43008,86016,10752,10752,0,10752,0,8257536,5376.0,448.0,True
tensor,text_encoder.bert.encoder.layer.10.attention.self.key,linear,36,14,768,768,1,1,600576,611328,3076,43008,86016,10752,10752,0,10752,0,8257536,5376.0,448.0,True
tensor,text_encoder.bert.encoder.layer.10.attention.self.value,linear,36,14,768,768,1,1,600576,611328,3076,43008,86016,10752,10752,0,10752,0,8257536,5376.0,448.0,True
tensor,text_encoder.bert.encoder.layer.10.attention.self,attention_qk,36,14,14,64,12,1,21504,43008,676,9408,18816,2352,2352,0,21504,0,150528,98.0,98.0,False
tensor,text_encoder.bert.encoder.layer.10.attention.self,attention_av,36,14,64,14,12,1,13104,26208,3076,43008,86016,10752,10752,0,13104,0,150528,98.0,448.0,False
tensor,text_encoder.bert.encoder.layer.10.attention.output.dense,linear,36,14,768,768,1,1,600576,611328,3076,43008,86016,10752,10752,0,10752,0,8257536,5376.0,448.0,True
tensor,text_encoder.bert.encoder.layer.10.intermediate.dense,linear,36,14,3072,768,1,1,2370048,2380800,12292,172032,344064,43008,43008,0,10752,0,33030144,21504.0,1792.0,True
tensor,text_encoder.bert.encoder.layer.10.output.dense,linear,36,14,768,3072,1,1,2402304,2445312,3076,43008,86016,10752,10752,0,43008,0,33030144,21504.0,448.0,True
tensor,text_encoder.bert.encoder.layer.11.attention.self.query,linear,36,14,768,768,1,1,600576,611328,3076,43008,86016,10752,10752,0,10752,0,8257536,5376.0,448.0,True
tensor,text_encoder.bert.encoder.layer.11.attention.self.key,linear,36,14,768,768,1,1,600576,611328,3076,43008,86016,10752,10752,0,10752,0,8257536,5376.0,448.0,True
tensor,text_encoder.bert.encoder.layer.11.attention.self.value,linear,36,14,768,768,1,1,600576,611328,3076,43008,86016,10752,10752,0,10752,0,8257536,5376.0,448.0,True
tensor,text_encoder.bert.encoder.layer.11.attention.self,attention_qk,36,14,14,64,12,1,21504,43008,676,9408,18816,2352,2352,0,21504,0,150528,98.0,98.0,False
tensor,text_encoder.bert.encoder.layer.11.attention.self,attention_av,36,14,64,14,12,1,13104,26208,3076,43008,86016,10752,10752,0,13104,0,150528,98.0,448.0,False
tensor,text_encoder.bert.encoder.layer.11.attention.output.dense,linear,36,14,768,768,1,1,600576,611328,3076,43008,86016,10752,10752,0,10752,0,8257536,5376.0,448.0,True
tensor,text_encoder.bert.encoder.layer.11.intermediate.dense,linear,36,14,3072,768,1,1,2370048,2380800,12292,172032,344064,43008,43008,0,10752,0,33030144,21504.0,1792.0,True
tensor,text_encoder.bert.encoder.layer.11.output.dense,linear,36,14,768,3072,1,1,2402304,2445312,3076,43008,86016,10752,10752,0,43008,0,33030144,21504.0,448.0,True
token,text_encoder.bert.encoder.layer.0.attention.self.query,linear,72,21,768,768,1,1,605952,622080,3156,64512,129024,16128,16128,0,16128,0,12386304,8064.0,672.0,True
token,text_encoder.bert.encoder.layer.0.attention.self.key,linear,72,21,768,768,1,1,605952,622080,3156,64512,129024,16128,16128,0,16128,0,12386304,8064.0,672.0,True
token,text_encoder.bert.encoder.layer.0.attention.self.value,linear,72,21,768,768,1,1,605952,622080,3156,64512,129024,16128,16128,0,16128,0,12386304,8064.0,672.0,True
token,text_encoder.bert.encoder.layer.0.attention.self,attention_qk,72,21,21,64,12,1,32256,64512,2016,21168,42336,5292,5292,0,32256,0,338688,220.5,220.5,False
token,text_encoder.bert.encoder.layer.0.attention.self,attention_av,72,21,64,21,12,1,21420,42840,4080,64512,129024,16128,16128,0,21420,0,338688,220.5,672.0,False
token,text_encoder.bert.encoder.layer.0.attention.output.dense,linear,72,21,768,768,1,1,605952,622080,3156,64512,129024,16128,16128,0,16128,0,12386304,8064.0,672.0,True
token,text_encoder.bert.encoder.layer.0.intermediate.dense,linear,72,21,3072,768,1,1,2375424,2391552,12372,258048,516096,64512,64512,0,16128,0,49545216,32256.0,2688.0,True
token,text_encoder.bert.encoder.layer.0.output.dense,linear,72,21,768,3072,1,1,2423808,2488320,3156,64512,129024,16128,16128,0,64512,0,49545216,32256.0,672.0,True
token,text_encoder.bert.encoder.layer.1.attention.self.query,linear,72,21,768,768,1,1,605952,622080,3156,64512,129024,16128,16128,0,16128,0,12386304,8064.0,672.0,True
token,text_encoder.bert.encoder.layer.1.attention.self.key,linear,72,21,768,768,1,1,605952,622080,3156,64512,129024,16128,16128,0,16128,0,12386304,8064.0,672.0,True
token,text_encoder.bert.encoder.layer.1.attention.self.value,linear,72,21,768,768,1,1,605952,622080,3156,64512,129024,16128,16128,0,16128,0,12386304,8064.0,672.0,True
token,text_encoder.bert.encoder.layer.1.attention.self,attention_qk,72,21,21,64,12,1,32256,64512,2016,21168,42336,5292,5292,0,32256,0,338688,220.5,220.5,False
token,text_encoder.bert.encoder.layer.1.attention.self,attention_av,72,21,64,21,12,1,21420,42840,4080,64512,129024,16128,16128,0,21420,0,338688,220.5,672.0,False
token,text_encoder.bert.encoder.layer.1.attention.output.dense,linear,72,21,768,768,1,1,605952,622080,3156,64512,129024,16128,16128,0,16128,0,12386304,8064.0,672.0,True
token,text_encoder.bert.encoder.layer.1.intermediate.dense,linear,72,21,3072,768,1,1,2375424,2391552,12372,258048,516096,64512,64512,0,16128,0,49545216,32256.0,2688.0,True
token,text_encoder.bert.encoder.layer.1.output.dense,linear,72,21,768,3072,1,1,2423808,2488320,3156,64512,129024,16128,16128,0,64512,0,49545216,32256.0,672.0,True
token,text_encoder.bert.encoder.layer.2.attention.self.query,linear,72,21,768,768,1,1,605952,622080,3156,64512,129024,16128,16128,0,16128,0,12386304,8064.0,672.0,True
token,text_encoder.bert.encoder.layer.2.attention.self.key,linear,72,21,768,768,1,1,605952,622080,3156,64512,129024,16128,16128,0,16128,0,12386304,8064.0,672.0,True
token,text_encoder.bert.encoder.layer.2.attention.self.value,linear,72,21,768,768,1,1,605952,622080,3156,64512,129024,16128,16128,0,16128,0,12386304,8064.0,672.0,True
token,text_encoder.bert.encoder.layer.2.attention.self,attention_qk,72,21,21,64,12,1,32256,64512,2016,21168,42336,5292,5292,0,32256,0,338688,220.5,220.5,False
token,text_encoder.bert.encoder.layer.2.attention.self,attention_av,72,21,64,21,12,1,21420,42840,4080,64512,129024,16128,16128,0,21420,0,338688,220.5,672.0,False
token,text_encoder.bert.encoder.layer.2.attention.output.dense,linear,72,21,768,768,1,1,605952,622080,3156,64512,129024,16128,16128,0,16128,0,12386304,8064.0,672.0,True
token,text_encoder.bert.encoder.layer.2.intermediate.dense,linear,72,21,3072,768,1,1,2375424,2391552,12372,258048,516096,64512,64512,0,16128,0,49545216,32256.0,2688.0,True
token,text_encoder.bert.encoder.layer.2.output.dense,linear,72,21,768,3072,1,1,2423808,2488320,3156,64512,129024,16128,16128,0,64512,0,49545216,32256.0,672.0,True
token,text_encoder.bert.encoder.layer.3.attention.self.query,linear,72,21,768,768,1,1,605952,622080,3156,64512,129024,16128,16128,0,16128,0,12386304,8064.0,672.0,True
token,text_encoder.bert.encoder.layer.3.attention.self.key,linear,72,21,768,768,1,1,605952,622080,3156,64512,129024,16128,16128,0,16128,0,12386304,8064.0,672.0,True
token,text_encoder.bert.encoder.layer.3.attention.self.value,linear,72,21,768,768,1,1,605952,622080,3156,64512,129024,16128,16128,0,16128,0,12386304,8064.0,672.0,True
token,text_encoder.bert.encoder.layer.3.attention.self,attention_qk,72,21,21,64,12,1,32256,64512,2016,21168,42336,5292,5292,0,32256,0,338688,220.5,220.5,False
token,text_encoder.bert.encoder.layer.3.attention.self,attention_av,72,21,64,21,12,1,21420,42840,4080,64512,129024,16128,16128,0,21420,0,338688,220.5,672.0,False
token,text_encoder.bert.encoder.layer.3.attention.output.dense,linear,72,21,768,768,1,1,605952,622080,3156,64512,129024,16128,16128,0,16128,0,12386304,8064.0,672.0,True
token,text_encoder.bert.encoder.layer.3.intermediate.dense,linear,72,21,3072,768,1,1,2375424,2391552,12372,258048,516096,64512,64512,0,16128,0,49545216,32256.0,2688.0,True
token,text_encoder.bert.encoder.layer.3.output.dense,linear,72,21,768,3072,1,1,2423808,2488320,3156,64512,129024,16128,16128,0,64512,0,49545216,32256.0,672.0,True
token,text_encoder.bert.encoder.layer.4.attention.self.query,linear,72,21,768,768,1,1,605952,622080,3156,64512,129024,16128,16128,0,16128,0,12386304,8064.0,672.0,True
token,text_encoder.bert.encoder.layer.4.attention.self.key,linear,72,21,768,768,1,1,605952,622080,3156,64512,129024,16128,16128,0,16128,0,12386304,8064.0,672.0,True
token,text_encoder.bert.encoder.layer.4.attention.self.value,linear,72,21,768,768,1,1,605952,622080,3156,64512,129024,16128,16128,0,16128,0,12386304,8064.0,672.0,True
token,text_encoder.bert.encoder.layer.4.attention.self,attention_qk,72,21,21,64,12,1,32256,64512,2016,21168,42336,5292,5292,0,32256,0,338688,220.5,220.5,False
token,text_encoder.bert.encoder.layer.4.attention.self,attention_av,72,21,64,21,12,1,21420,42840,4080,64512,129024,16128,16128,0,21420,0,338688,220.5,672.0,False
token,text_encoder.bert.encoder.layer.4.attention.output.dense,linear,72,21,768,768,1,1,605952,622080,3156,64512,129024,16128,16128,0,16128,0,12386304,8064.0,672.0,True
token,text_encoder.bert.encoder.layer.4.intermediate.dense,linear,72,21,3072,768,1,1,2375424,2391552,12372,258048,516096,64512,64512,0,16128,0,49545216,32256.0,2688.0,True
token,text_encoder.bert.encoder.layer.4.output.dense,linear,72,21,768,3072,1,1,2423808,2488320,3156,64512,129024,16128,16128,0,64512,0,49545216,32256.0,672.0,True
token,text_encoder.bert.encoder.layer.5.attention.self.query,linear,72,21,768,768,1,1,605952,622080,3156,64512,129024,16128,16128,0,16128,0,12386304,8064.0,672.0,True
token,text_encoder.bert.encoder.layer.5.attention.self.key,linear,72,21,768,768,1,1,605952,622080,3156,64512,129024,16128,16128,0,16128,0,12386304,8064.0,672.0,True
token,text_encoder.bert.encoder.layer.5.attention.self.value,linear,72,21,768,768,1,1,605952,622080,3156,64512,129024,16128,16128,0,16128,0,12386304,8064.0,672.0,True
token,text_encoder.bert.encoder.layer.5.attention.self,attention_qk,72,21,21,64,12,1,32256,64512,2016,21168,42336,5292,5292,0,32256,0,338688,220.5,220.5,False
token,text_encoder.bert.encoder.layer.5.attention.self,attention_av,72,21,64,21,12,1,21420,42840,4080,64512,129024,16128,16128,0,21420,0,338688,220.5,672.0,False
token,text_encoder.bert.encoder.layer.5.attention.output.dense,linear,72,21,768,768,1,1,605952,622080,3156,64512,129024,16128,16128,0,16128,0,12386304,8064.0,672.0,True
token,text_encoder.bert.encoder.layer.5.intermediate.dense,linear,72,21,3072,768,1,1,2375424,2391552,12372,258048,516096,64512,64512,0,16128,0,49545216,32256.0,2688.0,True
token,text_encoder.bert.encoder.layer.5.output.dense,linear,72,21,768,3072,1,1,2423808,2488320,3156,64512,129024,16128,16128,0,64512,0,49545216,32256.0,672.0,True
token,text_encoder.bert.encoder.layer.6.attention.self.query,linear,72,21,768,768,1,1,605952,622080,3156,64512,129024,16128,16128,0,16128,0,12386304,8064.0,672.0,True
token,text_encoder.bert.encoder.layer.6.attention.self.key,linear,72,21,768,768,1,1,605952,622080,3156,64512,129024,16128,16128,0,16128,0,12386304,8064.0,672.0,True
token,text_encoder.bert.encoder.layer.6.attention.self.value,linear,72,21,768,768,1,1,605952,622080,3156,64512,129024,16128,16128,0,16128,0,12386304,8064.0,672.0,True
token,text_encoder.bert.encoder.layer.6.attention.self,attention_qk,72,21,21,64,12,1,32256,64512,2016,21168,42336,5292,5292,0,32256,0,338688,220.5,220.5,False
token,text_encoder.bert.encoder.layer.6.attention.self,attention_av,72,21,64,21,12,1,21420,42840,4080,64512,129024,16128,16128,0,21420,0,338688,220.5,672.0,False
token,text_encoder.bert.encoder.layer.6.attention.output.dense,linear,72,21,768,768,1,1,605952,622080,3156,64512,129024,16128,16128,0,16128,0,12386304,8064.0,672.0,True
token,text_encoder.bert.encoder.layer.6.intermediate.dense,linear,72,21,3072,768,1,1,2375424,2391552,12372,258048,516096,64512,64512,0,16128,0,49545216,32256.0,2688.0,True
token,text_encoder.bert.encoder.layer.6.output.dense,linear,72,21,768,3072,1,1,2423808,2488320,3156,64512,129024,16128,16128,0,64512,0,49545216,32256.0,672.0,True
token,text_encoder.bert.encoder.layer.7.attention.self.query,linear,72,21,768,768,1,1,605952,622080,3156,64512,129024,16128,16128,0,16128,0,12386304,8064.0,672.0,True
token,text_encoder.bert.encoder.layer.7.attention.self.key,linear,72,21,768,768,1,1,605952,622080,3156,64512,129024,16128,16128,0,16128,0,12386304,8064.0,672.0,True
token,text_encoder.bert.encoder.layer.7.attention.self.value,linear,72,21,768,768,1,1,605952,622080,3156,64512,129024,16128,16128,0,16128,0,12386304,8064.0,672.0,True
token,text_encoder.bert.encoder.layer.7.attention.self,attention_qk,72,21,21,64,12,1,32256,64512,2016,21168,42336,5292,5292,0,32256,0,338688,220.5,220.5,False
token,text_encoder.bert.encoder.layer.7.attention.self,attention_av,72,21,64,21,12,1,21420,42840,4080,64512,129024,16128,16128,0,21420,0,338688,220.5,672.0,False
token,text_encoder.bert.encoder.layer.7.attention.output.dense,linear,72,21,768,768,1,1,605952,622080,3156,64512,129024,16128,16128,0,16128,0,12386304,8064.0,672.0,True
token,text_encoder.bert.encoder.layer.7.intermediate.dense,linear,72,21,3072,768,1,1,2375424,2391552,12372,258048,516096,64512,64512,0,16128,0,49545216,32256.0,2688.0,True
token,text_encoder.bert.encoder.layer.7.output.dense,linear,72,21,768,3072,1,1,2423808,2488320,3156,64512,129024,16128,16128,0,64512,0,49545216,32256.0,672.0,True
token,text_encoder.bert.encoder.layer.8.attention.self.query,linear,72,21,768,768,1,1,605952,622080,3156,64512,129024,16128,16128,0,16128,0,12386304,8064.0,672.0,True
token,text_encoder.bert.encoder.layer.8.attention.self.key,linear,72,21,768,768,1,1,605952,622080,3156,64512,129024,16128,16128,0,16128,0,12386304,8064.0,672.0,True
token,text_encoder.bert.encoder.layer.8.attention.self.value,linear,72,21,768,768,1,1,605952,622080,3156,64512,129024,16128,16128,0,16128,0,12386304,8064.0,672.0,True
token,text_encoder.bert.encoder.layer.8.attention.self,attention_qk,72,21,21,64,12,1,32256,64512,2016,21168,42336,5292,5292,0,32256,0,338688,220.5,220.5,False
token,text_encoder.bert.encoder.layer.8.attention.self,attention_av,72,21,64,21,12,1,21420,42840,4080,64512,129024,16128,16128,0,21420,0,338688,220.5,672.0,False
token,text_encoder.bert.encoder.layer.8.attention.output.dense,linear,72,21,768,768,1,1,605952,622080,3156,64512,129024,16128,16128,0,16128,0,12386304,8064.0,672.0,True
token,text_encoder.bert.encoder.layer.8.intermediate.dense,linear,72,21,3072,768,1,1,2375424,2391552,12372,258048,516096,64512,64512,0,16128,0,49545216,32256.0,2688.0,True
token,text_encoder.bert.encoder.layer.8.output.dense,linear,72,21,768,3072,1,1,2423808,2488320,3156,64512,129024,16128,16128,0,64512,0,49545216,32256.0,672.0,True
token,text_encoder.bert.encoder.layer.9.attention.self.query,linear,72,21,768,768,1,1,605952,622080,3156,64512,129024,16128,16128,0,16128,0,12386304,8064.0,672.0,True
token,text_encoder.bert.encoder.layer.9.attention.self.key,linear,72,21,768,768,1,1,605952,622080,3156,64512,129024,16128,16128,0,16128,0,12386304,8064.0,672.0,True
token,text_encoder.bert.encoder.layer.9.attention.self.value,linear,72,21,768,768,1,1,605952,622080,3156,64512,129024,16128,16128,0,16128,0,12386304,8064.0,672.0,True
token,text_encoder.bert.encoder.layer.9.attention.self,attention_qk,72,21,21,64,12,1,32256,64512,2016,21168,42336,5292,5292,0,32256,0,338688,220.5,220.5,False
token,text_encoder.bert.encoder.layer.9.attention.self,attention_av,72,21,64,21,12,1,21420,42840,4080,64512,129024,16128,16128,0,21420,0,338688,220.5,672.0,False
token,text_encoder.bert.encoder.layer.9.attention.output.dense,linear,72,21,768,768,1,1,605952,622080,3156,64512,129024,16128,16128,0,16128,0,12386304,8064.0,672.0,True
token,text_encoder.bert.encoder.layer.9.intermediate.dense,linear,72,21,3072,768,1,1,2375424,2391552,12372,258048,516096,64512,64512,0,16128,0,49545216,32256.0,2688.0,True
token,text_encoder.bert.encoder.layer.9.output.dense,linear,72,21,768,3072,1,1,2423808,2488320,3156,64512,129024,16128,16128,0,64512,0,49545216,32256.0,672.0,True
token,text_encoder.bert.encoder.layer.10.attention.self.query,linear,72,21,768,768,1,1,605952,622080,3156,64512,129024,16128,16128,0,16128,0,12386304,8064.0,672.0,True
token,text_encoder.bert.encoder.layer.10.attention.self.key,linear,72,21,768,768,1,1,605952,622080,3156,64512,129024,16128,16128,0,16128,0,12386304,8064.0,672.0,True
token,text_encoder.bert.encoder.layer.10.attention.self.value,linear,72,21,768,768,1,1,605952,622080,3156,64512,129024,16128,16128,0,16128,0,12386304,8064.0,672.0,True
token,text_encoder.bert.encoder.layer.10.attention.self,attention_qk,72,21,21,64,12,1,32256,64512,2016,21168,42336,5292,5292,0,32256,0,338688,220.5,220.5,False
token,text_encoder.bert.encoder.layer.10.attention.self,attention_av,72,21,64,21,12,1,21420,42840,4080,64512,129024,16128,16128,0,21420,0,338688,220.5,672.0,False
token,text_encoder.bert.encoder.layer.10.attention.output.dense,linear,72,21,768,768,1,1,605952,622080,3156,64512,129024,16128,16128,0,16128,0,12386304,8064.0,672.0,True
token,text_encoder.bert.encoder.layer.10.intermediate.dense,linear,72,21,3072,768,1,1,2375424,2391552,12372,258048,516096,64512,64512,0,16128,0,49545216,32256.0,2688.0,True
token,text_encoder.bert.encoder.layer.10.output.dense,linear,72,21,768,3072,1,1,2423808,2488320,3156,64512,129024,16128,16128,0,64512,0,49545216,32256.0,672.0,True
token,text_encoder.bert.encoder.layer.11.attention.self.query,linear,72,21,768,768,1,1,605952,622080,3156,64512,129024,16128,16128,0,16128,0,12386304,8064.0,672.0,True
token,text_encoder.bert.encoder.layer.11.attention.self.key,linear,72,21,768,768,1,1,605952,622080,3156,64512,129024,16128,16128,0,16128,0,12386304,8064.0,672.0,True
token,text_encoder.bert.encoder.layer.11.attention.self.value,linear,72,21,768,768,1,1,605952,622080,3156,64512,129024,16128,16128,0,16128,0,12386304,8064.0,672.0,True
token,text_encoder.bert.encoder.layer.11.attention.self,attention_qk,72,21,21,64,12,1,32256,64512,2016,21168,42336,5292,5292,0,32256,0,338688,220.5,220.5,False
token,text_encoder.bert.encoder.layer.11.attention.self,attention_av,72,21,64,21,12,1,21420,42840,4080,64512,129024,16128,16128,0,21420,0,338688,220.5,672.0,False
token,text_encoder.bert.encoder.layer.11.attention.output.dense,linear,72,21,768,768,1,1,605952,622080,3156,64512,129024,16128,16128,0,16128,0,12386304,8064.0,672.0,True
token,text_encoder.bert.encoder.layer.11.intermediate.dense,linear,72,21,3072,768,1,1,2375424,2391552,12372,258048,516096,64512,64512,0,16128,0,49545216,32256.0,2688.0,True
token,text_encoder.bert.encoder.layer.11.output.dense,linear,72,21,768,3072,1,1,2423808,2488320,3156,64512,129024,16128,16128,0,64512,0,49545216,32256.0,672.0,True
token,text_encoder.bert.pooler.dense,linear,144,1,768,768,1,1,590592,591360,3076,3072,6144,768,768,0,768,0,589824,384.0,32.0,True
token,text_encoder.text_projection,linear,144,21,256,768,1,1,212736,228864,1108,21504,43008,5376,5376,0,16128,0,4128768,2688.0,224.0,True
token,vision_encoder.backbone.embeddings.patch_embeddings,conv2d,288,256,768,768,1,1,786432,983040,4096,786432,1572864,196608,196608,0,196608,0,150994944,98304.0,8192.0,True
token,vision_encoder.backbone.layer.0.attention.q_proj,linear,288,261,768,768,1,1,790272,990720,4116,801792,1603584,200448,200448,0,200448,0,153944064,100224.0,8352.0,True
token,vision_encoder.backbone.layer.0.attention.k_proj,linear,288,261,768,768,1,1,790272,990720,4116,801792,1603584,200448,200448,0,200448,0,153944064,100224.0,8352.0,True
token,vision_encoder.backbone.layer.0.attention.v_proj,linear,288,261,768,768,1,1,790272,990720,4116,801792,1603584,200448,200448,0,200448,0,153944064,100224.0,8352.0,True
token,vision_encoder.backbone.layer.0.attention,attention_qk,288,261,261,64,12,1,400896,801792,25056,3269808,6539616,817452,817452,0,400896,0,52316928,34060.5,34060.5,False
token,vision_encoder.backbone.layer.0.attention,attention_av,288,261,64,261,12,1,1017900,2035800,15600,801792,1603584,200448,200448,0,1017900,0,52316928,34060.5,8352.0,False
token,vision_encoder.backbone.layer.0.attention.o_proj,linear,288,261,768,768,1,1,790272,990720,4116,801792,1603584,200448,200448,0,200448,0,153944064,100224.0,8352.0,True
token,vision_encoder.backbone.layer.0.mlp.up_proj,linear,288,261,3072,768,1,1,2559744,2760192,13332,3207168,6414336,801792,801792,0,200448,0,615776256,400896.0,33408.0,True
token,vision_encoder.backbone.layer.0.mlp.down_proj,linear,288,261,768,3072,1,1,3161088,3962880,4116,801792,1603584,200448,200448,0,801792,0,615776256,400896.0,8352.0,True
token,vision_encoder.backbone.layer.1.attention.q_proj,linear,288,261,768,768,1,1,790272,990720,4116,801792,1603584,200448,200448,0,200448,0,153944064,100224.0,8352.0,True
token,vision_encoder.backbone.layer.1.attention.k_proj,linear,288,261,768,768,1,1,790272,990720,4116,801792,1603584,200448,200448,0,200448,0,153944064,100224.0,8352.0,True
token,vision_encoder.backbone.layer.1.attention.v_proj,linear,288,261,768,768,1,1,790272,990720,4116,801792,1603584,200448,200448,0,200448,0,153944064,100224.0,8352.0,True
token,vision_encoder.backbone.layer.1.attention,attention_qk,288,261,261,64,12,1,400896,801792,25056,3269808,6539616,817452,817452,0,400896,0,52316928,34060.5,34060.5,False
token,vision_encoder.backbone.layer.1.attention,attention_av,288,261,64,261,12,1,1017900,2035800,15600,801792,1603584,200448,200448,0,1017900,0,52316928,34060.5,8352.0,False
token,vision_encoder.backbone.layer.1.attention.o_proj,linear,288,261,768,768,1,1,790272,990720,4116,801792,1603584,200448,200448,0,200448,0,153944064,100224.0,8352.0,True
token,vision_encoder.backbone.layer.1.mlp.up_proj,linear,288,261,3072,768,1,1,2559744,2760192,13332,3207168,6414336,801792,801792,0,200448,0,615776256,400896.0,33408.0,True
token,vision_encoder.backbone.layer.1.mlp.down_proj,linear,288,261,768,3072,1,1,3161088,3962880,4116,801792,1603584,200448,200448,0,801792,0,615776256,400896.0,8352.0,True
token,vision_encoder.backbone.layer.2.attention.q_proj,linear,288,261,768,768,1,1,790272,990720,4116,801792,1603584,200448,200448,0,200448,0,153944064,100224.0,8352.0,True
token,vision_encoder.backbone.layer.2.attention.k_proj,linear,288,261,768,768,1,1,790272,990720,4116,801792,1603584,200448,200448,0,200448,0,153944064,100224.0,8352.0,True
token,vision_encoder.backbone.layer.2.attention.v_proj,linear,288,261,768,768,1,1,790272,990720,4116,801792,1603584,200448,200448,0,200448,0,153944064,100224.0,8352.0,True
token,vision_encoder.backbone.layer.2.attention,attention_qk,288,261,261,64,12,1,400896,801792,25056,3269808,6539616,817452,817452,0,400896,0,52316928,34060.5,34060.5,False
token,vision_encoder.backbone.layer.2.attention,attention_av,288,261,64,261,12,1,1017900,2035800,15600,801792,1603584,200448,200448,0,1017900,0,52316928,34060.5,8352.0,False
token,vision_encoder.backbone.layer.2.attention.o_proj,linear,288,261,768,768,1,1,790272,990720,4116,801792,1603584,200448,200448,0,200448,0,153944064,100224.0,8352.0,True
token,vision_encoder.backbone.layer.2.mlp.up_proj,linear,288,261,3072,768,1,1,2559744,2760192,13332,3207168,6414336,801792,801792,0,200448,0,615776256,400896.0,33408.0,True
token,vision_encoder.backbone.layer.2.mlp.down_proj,linear,288,261,768,3072,1,1,3161088,3962880,4116,801792,1603584,200448,200448,0,801792,0,615776256,400896.0,8352.0,True
token,vision_encoder.backbone.layer.3.attention.q_proj,linear,288,261,768,768,1,1,790272,990720,4116,801792,1603584,200448,200448,0,200448,0,153944064,100224.0,8352.0,True
token,vision_encoder.backbone.layer.3.attention.k_proj,linear,288,261,768,768,1,1,790272,990720,4116,801792,1603584,200448,200448,0,200448,0,153944064,100224.0,8352.0,True
token,vision_encoder.backbone.layer.3.attention.v_proj,linear,288,261,768,768,1,1,790272,990720,4116,801792,1603584,200448,200448,0,200448,0,153944064,100224.0,8352.0,True
token,vision_encoder.backbone.layer.3.attention,attention_qk,288,261,261,64,12,1,400896,801792,25056,3269808,6539616,817452,817452,0,400896,0,52316928,34060.5,34060.5,False
token,vision_encoder.backbone.layer.3.attention,attention_av,288,261,64,261,12,1,1017900,2035800,15600,801792,1603584,200448,200448,0,1017900,0,52316928,34060.5,8352.0,False
token,vision_encoder.backbone.layer.3.attention.o_proj,linear,288,261,768,768,1,1,790272,990720,4116,801792,1603584,200448,200448,0,200448,0,153944064,100224.0,8352.0,True
token,vision_encoder.backbone.layer.3.mlp.up_proj,linear,288,261,3072,768,1,1,2559744,2760192,13332,3207168,6414336,801792,801792,0,200448,0,615776256,400896.0,33408.0,True
token,vision_encoder.backbone.layer.3.mlp.down_proj,linear,288,261,768,3072,1,1,3161088,3962880,4116,801792,1603584,200448,200448,0,801792,0,615776256,400896.0,8352.0,True
token,vision_encoder.backbone.layer.4.attention.q_proj,linear,288,261,768,768,1,1,790272,990720,4116,801792,1603584,200448,200448,0,200448,0,153944064,100224.0,8352.0,True
token,vision_encoder.backbone.layer.4.attention.k_proj,linear,288,261,768,768,1,1,790272,990720,4116,801792,1603584,200448,200448,0,200448,0,153944064,100224.0,8352.0,True
token,vision_encoder.backbone.layer.4.attention.v_proj,linear,288,261,768,768,1,1,790272,990720,4116,801792,1603584,200448,200448,0,200448,0,153944064,100224.0,8352.0,True
token,vision_encoder.backbone.layer.4.attention,attention_qk,288,261,261,64,12,1,400896,801792,25056,3269808,6539616,817452,817452,0,400896,0,52316928,34060.5,34060.5,False
token,vision_encoder.backbone.layer.4.attention,attention_av,288,261,64,261,12,1,1017900,2035800,15600,801792,1603584,200448,200448,0,1017900,0,52316928,34060.5,8352.0,False
token,vision_encoder.backbone.layer.4.attention.o_proj,linear,288,261,768,768,1,1,790272,990720,4116,801792,1603584,200448,200448,0,200448,0,153944064,100224.0,8352.0,True
token,vision_encoder.backbone.layer.4.mlp.up_proj,linear,288,261,3072,768,1,1,2559744,2760192,13332,3207168,6414336,801792,801792,0,200448,0,615776256,400896.0,33408.0,True
token,vision_encoder.backbone.layer.4.mlp.down_proj,linear,288,261,768,3072,1,1,3161088,3962880,4116,801792,1603584,200448,200448,0,801792,0,615776256,400896.0,8352.0,True
token,vision_encoder.backbone.layer.5.attention.q_proj,linear,288,261,768,768,1,1,790272,990720,4116,801792,1603584,200448,200448,0,200448,0,153944064,100224.0,8352.0,True
token,vision_encoder.backbone.layer.5.attention.k_proj,linear,288,261,768,768,1,1,790272,990720,4116,801792,1603584,200448,200448,0,200448,0,153944064,100224.0,8352.0,True
token,vision_encoder.backbone.layer.5.attention.v_proj,linear,288,261,768,768,1,1,790272,990720,4116,801792,1603584,200448,200448,0,200448,0,153944064,100224.0,8352.0,True
token,vision_encoder.backbone.layer.5.attention,attention_qk,288,261,261,64,12,1,400896,801792,25056,3269808,6539616,817452,817452,0,400896,0,52316928,34060.5,34060.5,False
token,vision_encoder.backbone.layer.5.attention,attention_av,288,261,64,261,12,1,1017900,2035800,15600,801792,1603584,200448,200448,0,1017900,0,52316928,34060.5,8352.0,False
token,vision_encoder.backbone.layer.5.attention.o_proj,linear,288,261,768,768,1,1,790272,990720,4116,801792,1603584,200448,200448,0,200448,0,153944064,100224.0,8352.0,True
token,vision_encoder.backbone.layer.5.mlp.up_proj,linear,288,261,3072,768,1,1,2559744,2760192,13332,3207168,6414336,801792,801792,0,200448,0,615776256,400896.0,33408.0,True
token,vision_encoder.backbone.layer.5.mlp.down_proj,linear,288,261,768,3072,1,1,3161088,3962880,4116,801792,1603584,200448,200448,0,801792,0,615776256,400896.0,8352.0,True
token,vision_encoder.backbone.layer.6.attention.q_proj,linear,288,261,768,768,1,1,790272,990720,4116,801792,1603584,200448,200448,0,200448,0,153944064,100224.0,8352.0,True
token,vision_encoder.backbone.layer.6.attention.k_proj,linear,288,261,768,768,1,1,790272,990720,4116,801792,1603584,200448,200448,0,200448,0,153944064,100224.0,8352.0,True
token,vision_encoder.backbone.layer.6.attention.v_proj,linear,288,261,768,768,1,1,790272,990720,4116,801792,1603584,200448,200448,0,200448,0,153944064,100224.0,8352.0,True
token,vision_encoder.backbone.layer.6.attention,attention_qk,288,261,261,64,12,1,400896,801792,25056,3269808,6539616,817452,817452,0,400896,0,52316928,34060.5,34060.5,False
token,vision_encoder.backbone.layer.6.attention,attention_av,288,261,64,261,12,1,1017900,2035800,15600,801792,1603584,200448,200448,0,1017900,0,52316928,34060.5,8352.0,False
token,vision_encoder.backbone.layer.6.attention.o_proj,linear,288,261,768,768,1,1,790272,990720,4116,801792,1603584,200448,200448,0,200448,0,153944064,100224.0,8352.0,True
token,vision_encoder.backbone.layer.6.mlp.up_proj,linear,288,261,3072,768,1,1,2559744,2760192,13332,3207168,6414336,801792,801792,0,200448,0,615776256,400896.0,33408.0,True
token,vision_encoder.backbone.layer.6.mlp.down_proj,linear,288,261,768,3072,1,1,3161088,3962880,4116,801792,1603584,200448,200448,0,801792,0,615776256,400896.0,8352.0,True
token,vision_encoder.backbone.layer.7.attention.q_proj,linear,288,261,768,768,1,1,790272,990720,4116,801792,1603584,200448,200448,0,200448,0,153944064,100224.0,8352.0,True
token,vision_encoder.backbone.layer.7.attention.k_proj,linear,288,261,768,768,1,1,790272,990720,4116,801792,1603584,200448,200448,0,200448,0,153944064,100224.0,8352.0,True
token,vision_encoder.backbone.layer.7.attention.v_proj,linear,288,261,768,768,1,1,790272,990720,4116,801792,1603584,200448,200448,0,200448,0,153944064,100224.0,8352.0,True
token,vision_encoder.backbone.layer.7.attention,attention_qk,288,261,261,64,12,1,400896,801792,25056,3269808,6539616,817452,817452,0,400896,0,52316928,34060.5,34060.5,False
token,vision_encoder.backbone.layer.7.attention,attention_av,288,261,64,261,12,1,1017900,2035800,15600,801792,1603584,200448,200448,0,1017900,0,52316928,34060.5,8352.0,False
token,vision_encoder.backbone.layer.7.attention.o_proj,linear,288,261,768,768,1,1,790272,990720,4116,801792,1603584,200448,200448,0,200448,0,153944064,100224.0,8352.0,True
token,vision_encoder.backbone.layer.7.mlp.up_proj,linear,288,261,3072,768,1,1,2559744,2760192,13332,3207168,6414336,801792,801792,0,200448,0,615776256,400896.0,33408.0,True
token,vision_encoder.backbone.layer.7.mlp.down_proj,linear,288,261,768,3072,1,1,3161088,3962880,4116,801792,1603584,200448,200448,0,801792,0,615776256,400896.0,8352.0,True
token,vision_encoder.backbone.layer.8.attention.q_proj,linear,288,261,768,768,1,1,790272,990720,4116,801792,1603584,200448,200448,0,200448,0,153944064,100224.0,8352.0,True
token,vision_encoder.backbone.layer.8.attention.k_proj,linear,288,261,768,768,1,1,790272,990720,4116,801792,1603584,200448,200448,0,200448,0,153944064,100224.0,8352.0,True
token,vision_encoder.backbone.layer.8.attention.v_proj,linear,288,261,768,768,1,1,790272,990720,4116,801792,1603584,200448,200448,0,200448,0,153944064,100224.0,8352.0,True
token,vision_encoder.backbone.layer.8.attention,attention_qk,288,261,261,64,12,1,400896,801792,25056,3269808,6539616,817452,817452,0,400896,0,52316928,34060.5,34060.5,False
token,vision_encoder.backbone.layer.8.attention,attention_av,288,261,64,261,12,1,1017900,2035800,15600,801792,1603584,200448,200448,0,1017900,0,52316928,34060.5,8352.0,False
token,vision_encoder.backbone.layer.8.attention.o_proj,linear,288,261,768,768,1,1,790272,990720,4116,801792,1603584,200448,200448,0,200448,0,153944064,100224.0,8352.0,True
token,vision_encoder.backbone.layer.8.mlp.up_proj,linear,288,261,3072,768,1,1,2559744,2760192,13332,3207168,6414336,801792,801792,0,200448,0,615776256,400896.0,33408.0,True
token,vision_encoder.backbone.layer.8.mlp.down_proj,linear,288,261,768,3072,1,1,3161088,3962880,4116,801792,1603584,200448,200448,0,801792,0,615776256,400896.0,8352.0,True
token,vision_encoder.backbone.layer.9.attention.q_proj,linear,288,261,768,768,1,1,790272,990720,4116,801792,1603584,200448,200448,0,200448,0,153944064,100224.0,8352.0,True
token,vision_encoder.backbone.layer.9.attention.k_proj,linear,288,261,768,768,1,1,790272,990720,4116,801792,1603584,200448,200448,0,200448,0,153944064,100224.0,8352.0,True
token,vision_encoder.backbone.layer.9.attention.v_proj,linear,288,261,768,768,1,1,790272,990720,4116,801792,1603584,200448,200448,0,200448,0,153944064,100224.0,8352.0,True
token,vision_encoder.backbone.layer.9.attention,attention_qk,288,261,261,64,12,1,400896,801792,25056,3269808,6539616,817452,817452,0,400896,0,52316928,34060.5,34060.5,False
token,vision_encoder.backbone.layer.9.attention,attention_av,288,261,64,261,12,1,1017900,2035800,15600,801792,1603584,200448,200448,0,1017900,0,52316928,34060.5,8352.0,False
token,vision_encoder.backbone.layer.9.attention.o_proj,linear,288,261,768,768,1,1,790272,990720,4116,801792,1603584,200448,200448,0,200448,0,153944064,100224.0,8352.0,True
token,vision_encoder.backbone.layer.9.mlp.up_proj,linear,288,261,3072,768,1,1,2559744,2760192,13332,3207168,6414336,801792,801792,0,200448,0,615776256,400896.0,33408.0,True
token,vision_encoder.backbone.layer.9.mlp.down_proj,linear,288,261,768,3072,1,1,3161088,3962880,4116,801792,1603584,200448,200448,0,801792,0,615776256,400896.0,8352.0,True
token,vision_encoder.backbone.layer.10.attention.q_proj,linear,288,261,768,768,1,1,790272,990720,4116,801792,1603584,200448,200448,0,200448,0,153944064,100224.0,8352.0,True
token,vision_encoder.backbone.layer.10.attention.k_proj,linear,288,261,768,768,1,1,790272,990720,4116,801792,1603584,200448,200448,0,200448,0,153944064,100224.0,8352.0,True
token,vision_encoder.backbone.layer.10.attention.v_proj,linear,288,261,768,768,1,1,790272,990720,4116,801792,1603584,200448,200448,0,200448,0,153944064,100224.0,8352.0,True
token,vision_encoder.backbone.layer.10.attention,attention_qk,288,261,261,64,12,1,400896,801792,25056,3269808,6539616,817452,817452,0,400896,0,52316928,34060.5,34060.5,False
token,vision_encoder.backbone.layer.10.attention,attention_av,288,261,64,261,12,1,1017900,2035800,15600,801792,1603584,200448,200448,0,1017900,0,52316928,34060.5,8352.0,False
token,vision_encoder.backbone.layer.10.attention.o_proj,linear,288,261,768,768,1,1,790272,990720,4116,801792,1603584,200448,200448,0,200448,0,153944064,100224.0,8352.0,True
token,vision_encoder.backbone.layer.10.mlp.up_proj,linear,288,261,3072,768,1,1,2559744,2760192,13332,3207168,6414336,801792,801792,0,200448,0,615776256,400896.0,33408.0,True
token,vision_encoder.backbone.layer.10.mlp.down_proj,linear,288,261,768,3072,1,1,3161088,3962880,4116,801792,1603584,200448,200448,0,801792,0,615776256,400896.0,8352.0,True
token,vision_encoder.backbone.layer.11.attention.q_proj,linear,288,261,768,768,1,1,790272,990720,4116,801792,1603584,200448,200448,0,200448,0,153944064,100224.0,8352.0,True
token,vision_encoder.backbone.layer.11.attention.k_proj,linear,288,261,768,768,1,1,790272,990720,4116,801792,1603584,200448,200448,0,200448,0,153944064,100224.0,8352.0,True
token,vision_encoder.backbone.layer.11.attention.v_proj,linear,288,261,768,768,1,1,790272,990720,4116,801792,1603584,200448,200448,0,200448,0,153944064,100224.0,8352.0,True
token,vision_encoder.backbone.layer.11.attention,attention_qk,288,261,261,64,12,1,400896,801792,25056,3269808,6539616,817452,817452,0,400896,0,52316928,34060.5,34060.5,False
token,vision_encoder.backbone.layer.11.attention,attention_av,288,261,64,261,12,1,1017900,2035800,15600,801792,1603584,200448,200448,0,1017900,0,52316928,34060.5,8352.0,False
token,vision_encoder.backbone.layer.11.attention.o_proj,linear,288,261,768,768,1,1,790272,990720,4116,801792,1603584,200448,200448,0,200448,0,153944064,100224.0,8352.0,True
token,vision_encoder.backbone.layer.11.mlp.up_proj,linear,288,261,3072,768,1,1,2559744,2760192,13332,3207168,6414336,801792,801792,0,200448,0,615776256,400896.0,33408.0,True
token,vision_encoder.backbone.layer.11.mlp.down_proj,linear,288,261,768,3072,1,1,3161088,3962880,4116,801792,1603584,200448,200448,0,801792,0,615776256,400896.0,8352.0,True
token,vision_projection.skip,linear,144,256,256,768,2,1,589824,983040,3072,524288,1048576,131072,131072,0,393216,0,100663296,65536.0,5461.333333333333,True
token,vision_projection.mlp.0,linear,144,256,1024,768,2,1,1179648,1572864,6144,2097152,4194304,524288,524288,0,393216,0,402653184,262144.0,21845.333333333332,True
token,vision_projection.mlp.3,linear,144,256,256,1024,2,1,786432,1310720,3072,524288,1048576,131072,131072,0,524288,0,134217728,87381.33333333333,5461.333333333333,True
token,vision_language_interaction.fusion_layers.0.attn.v_proj,linear,144,512,1024,256,1,1,393216,524288,6144,2097152,4194304,524288,524288,0,131072,0,134217728,87381.33333333333,21845.333333333332,True
token,vision_language_interaction.fusion_layers.0.attn.l_proj,linear,144,21,1024,256,1,1,267520,272896,4180,86016,172032,21504,21504,0,5376,0,5505024,3584.0,896.0,True
token,vision_language_interaction.fusion_layers.0.attn.values_v_proj,linear,144,512,1024,256,1,1,393216,524288,6144,2097152,4194304,524288,524288,0,131072,0,134217728,87381.33333333333,21845.333333333332,True
token,vision_language_interaction.fusion_layers.0.attn.values_l_proj,linear,144,21,1024,256,1,1,267520,272896,4180,86016,172032,21504,21504,0,5376,0,5505024,3584.0,896.0,True
token,vision_language_interaction.fusion_layers.0.attn,bmm,144,512,21,256,4,1,545792,1091584,8528,172032,344064,43008,43008,0,545792,0,11010048,7168.0,1792.0,False
token,vision_language_interaction.fusion_layers.0.attn,bmm,144,512,256,21,4,1,64512,129024,12288,2097152,4194304,524288,524288,0,64512,0,11010048,7168.0,21845.333333333332,False
token,vision_language_interaction.fusion_layers.0.attn,bmm,144,21,256,512,4,1,567296,1134592,4432,86016,172032,21504,21504,0,567296,0,11010048,7168.0,896.0,False
token,vision_language_interaction.fusion_layers.0.attn.out_v_proj,linear,144,512,256,1024,1,1,786432,1310720,3072,524288,1048576,131072,131072,0,524288,0,134217728,87381.33333333333,5461.333333333333,True
token,vision_language_interaction.fusion_layers.0.attn.out_l_proj,linear,144,21,256,1024,1,1,283648,305152,1108,21504,43008,5376,5376,0,21504,0,5505024,3584.0,224.0,True
token,vision_language_interaction.text_layers.0.self_attn,linear,144,1,768,256,21,1,201984,207360,3156,64512,129024,16128,16128,0,5376,0,4128768,2688.0,672.0,True
token,vision_language_interaction.text_layers.0.self_attn,baddbmm,144,21,21,64,4,1,10752,21504,672,7056,14112,1764,1764,0,10752,0,112896,73.5,73.5,False
token,vision_language_interaction.text_layers.0.self_attn,bmm,144,21,64,21,4,1,7140,14280,1360,21504,43008,5376,5376,0,7140,0,112896,73.5,224.0,False
token,vision_language_interaction.text_layers.0.self_attn,linear,144,21,256,256,1,1,70912,76288,1108,21504,43008,5376,5376,0,5376,0,1376256,896.0,224.0,True
token,vision_language_interaction.text_layers.0.linear1,linear,144,1,1024,256,21,1,267520,272896,4180,86016,172032,21504,21504,0,5376,0,5505024,3584.0,896.0,True
token,vision_language_interaction.text_layers.0.linear2,linear,144,1,256,1024,21,1,283648,305152,1108,21504,43008,5376,5376,0,21504,0,5505024,3584.0,224.0,True
token,vision_language_interaction.fusion_layers.1.attn.v_proj,linear,144,512,1024,256,1,1,393216,524288,6144,2097152,4194304,524288,524288,0,131072,0,134217728,87381.33333333333,21845.333333333332,True
token,vision_language_interaction.fusion_layers.1.attn.l_proj,linear,144,21,1024,256,1,1,267520,272896,4180,86016,172032,21504,21504,0,5376,0,5505024,3584.0,896.0,True
token,vision_language_interaction.fusion_layers.1.attn.values_v_proj,linear,144,512,1024,256,1,1,393216,524288,6144,2097152,4194304,524288,524288,0,131072,0,134217728,87381.33333333333,21845.333333333332,True
token,vision_language_interaction.fusion_layers.1.attn.values_l_proj,linear,144,21,1024,256,1,1,267520,272896,4180,86016,172032,21504,21504,0,5376,0,5505024,3584.0,896.0,True
token,vision_language_interaction.fusion_layers.1.attn,bmm,144,512,21,256,4,1,545792,1091584,8528,172032,344064,43008,43008,0,545792,0,11010048,7168.0,1792.0,False
token,vision_language_interaction.fusion_layers.1.attn,bmm,144,512,256,21,4,1,64512,129024,12288,2097152,4194304,524288,524288,0,64512,0,11010048,7168.0,21845.333333333332,False
token,vision_language_interaction.fusion_layers.1.attn,bmm,144,21,256,512,4,1,567296,1134592,4432,86016,172032,21504,21504,0,567296,0,11010048,7168.0,896.0,False
token,vision_language_interaction.fusion_layers.1.attn.out_v_proj,linear,144,512,256,1024,1,1,786432,1310720,3072,524288,1048576,131072,131072,0,524288,0,134217728,87381.33333333333,5461.333333333333,True
token,vision_language_interaction.fusion_layers.1.attn.out_l_proj,linear,144,21,256,1024,1,1,283648,305152,1108,21504,43008,5376,5376,0,21504,0,5505024,3584.0,224.0,True
token,vision_language_interaction.text_layers.1.self_attn,linear,144,1,768,256,21,1,201984,207360,3156,64512,129024,16128,16128,0,5376,0,4128768,2688.0,672.0,True
token,vision_language_interaction.text_layers.1.self_attn,baddbmm,144,21,21,64,4,1,10752,21504,672,7056,14112,1764,1764,0,10752,0,112896,73.5,73.5,False
token,vision_language_interaction.text_layers.1.self_attn,bmm,144,21,64,21,4,1,7140,14280,1360,21504,43008,5376,5376,0,7140,0,112896,73.5,224.0,False
token,vision_language_interaction.text_layers.1.self_attn,linear,144,21,256,256,1,1,70912,76288,1108,21504,43008,5376,5376,0,5376,0,1376256,896.0,224.0,True
token,vision_language_interaction.text_layers.1.linear1,linear,144,1,1024,256,21,1,267520,272896,4180,86016,172032,21504,21504,0,5376,0,5505024,3584.0,896.0,True
token,vision_language_interaction.text_layers.1.linear2,linear,144,1,256,1024,21,1,283648,305152,1108,21504,43008,5376,5376,0,21504,0,5505024,3584.0,224.0,True
token,vision_language_interaction.fusion_layers.2.attn.v_proj,linear,144,512,1024,256,1,1,393216,524288,6144,2097152,4194304,524288,524288,0,131072,0,134217728,87381.33333333333,21845.333333333332,True
token,vision_language_interaction.fusion_layers.2.attn.l_proj,linear,144,21,1024,256,1,1,267520,272896,4180,86016,172032,21504,21504,0,5376,0,5505024,3584.0,896.0,True
token,vision_language_interaction.fusion_layers.2.attn.values_v_proj,linear,144,512,1024,256,1,1,393216,524288,6144,2097152,4194304,524288,524288,0,131072,0,134217728,87381.33333333333,21845.333333333332,True
token,vision_language_interaction.fusion_layers.2.attn.values_l_proj,linear,144,21,1024,256,1,1,267520,272896,4180,86016,172032,21504,21504,0,5376,0,5505024,3584.0,896.0,True
token,vision_language_interaction.fusion_layers.2.attn,bmm,144,512,21,256,4,1,545792,1091584,8528,172032,344064,43008,43008,0,545792,0,11010048,7168.0,1792.0,False
token,vision_language_interaction.fusion_layers.2.attn,bmm,144,512,256,21,4,1,64512,129024,12288,2097152,4194304,524288,524288,0,64512,0,11010048,7168.0,21845.333333333332,False
token,vision_language_interaction.fusion_layers.2.attn,bmm,144,21,256,512,4,1,567296,1134592,4432,86016,172032,21504,21504,0,567296,0,11010048,7168.0,896.0,False
token,vision_language_interaction.fusion_layers.2.attn.out_v_proj,linear,144,512,256,1024,1,1,786432,1310720,3072,524288,1048576,131072,131072,0,524288,0,134217728,87381.33333333333,5461.333333333333,True
token,vision_language_interaction.fusion_layers.2.attn.out_l_proj,linear,144,21,256,1024,1,1,283648,305152,1108,21504,43008,5376,5376,0,21504,0,5505024,3584.0,224.0,True
token,vision_language_interaction.text_layers.2.self_attn,linear,144,1,768,256,21,1,201984,207360,3156,64512,129024,16128,16128,0,5376,0,4128768,2688.0,672.0,True
token,vision_language_interaction.text_layers.2.self_attn,baddbmm,144,21,21,64,4,1,10752,21504,672,7056,14112,1764,1764,0,10752,0,112896,73.5,73.5,False
token,vision_language_interaction.text_layers.2.self_attn,bmm,144,21,64,21,4,1,7140,14280,1360,21504,43008,5376,5376,0,7140,0,112896,73.5,224.0,False
token,vision_language_interaction.text_layers.2.self_attn,linear,144,21,256,256,1,1,70912,76288,1108,21504,43008,5376,5376,0,5376,0,1376256,896.0,224.0,True
token,vision_language_interaction.text_layers.2.linear1,linear,144,1,1024,256,21,1,267520,272896,4180,86016,172032,21504,21504,0,5376,0,5505024,3584.0,896.0,True
token,vision_language_interaction.text_layers.2.linear2,linear,144,1,256,1024,21,1,283648,305152,1108,21504,43008,5376,5376,0,21504,0,5505024,3584.0,224.0,True
token,vision_language_interaction.fusion_layers.3.attn.v_proj,linear,144,512,1024,256,1,1,393216,524288,6144,2097152,4194304,524288,524288,0,131072,0,134217728,87381.33333333333,21845.333333333332,True
token,vision_language_interaction.fusion_layers.3.attn.l_proj,linear,144,21,1024,256,1,1,267520,272896,4180,86016,172032,21504,21504,0,5376,0,5505024,3584.0,896.0,True
token,vision_language_interaction.fusion_layers.3.attn.values_v_proj,linear,144,512,1024,256,1,1,393216,524288,6144,2097152,4194304,524288,524288,0,131072,0,134217728,87381.33333333333,21845.333333333332,True
token,vision_language_interaction.fusion_layers.3.attn.values_l_proj,linear,144,21,1024,256,1,1,267520,272896,4180,86016,172032,21504,21504,0,5376,0,5505024,3584.0,896.0,True
token,vision_language_interaction.fusion_layers.3.attn,bmm,144,512,21,256,4,1,545792,1091584,8528,172032,344064,43008,43008,0,545792,0,11010048,7168.0,1792.0,False
token,vision_language_interaction.fusion_layers.3.attn,bmm,144,512,256,21,4,1,64512,129024,12288,2097152,4194304,524288,524288,0,64512,0,11010048,7168.0,21845.333333333332,False
token,vision_language_interaction.fusion_layers.3.attn,bmm,144,21,256,512,4,1,567296,1134592,4432,86016,172032,21504,21504,0,567296,0,11010048,7168.0,896.0,False
token,vision_language_interaction.fusion_layers.3.attn.out_v_proj,linear,144,512,256,1024,1,1,786432,1310720,3072,524288,1048576,131072,131072,0,524288,0,134217728,87381.33333333333,5461.333333333333,True
token,vision_language_interaction.fusion_layers.3.attn.out_l_proj,linear,144,21,256,1024,1,1,283648,305152,1108,21504,43008,5376,5376,0,21504,0,5505024,3584.0,224.0,True
token,vision_language_interaction.text_layers.3.self_attn,linear,144,1,768,256,21,1,201984,207360,3156,64512,129024,16128,16128,0,5376,0,4128768,2688.0,672.0,True
token,vision_language_interaction.text_layers.3.self_attn,baddbmm,144,21,21,64,4,1,10752,21504,672,7056,14112,1764,1764,0,10752,0,112896,73.5,73.5,False
token,vision_language_interaction.text_layers.3.self_attn,bmm,144,21,64,21,4,1,7140,14280,1360,21504,43008,5376,5376,0,7140,0,112896,73.5,224.0,False
token,vision_language_interaction.text_layers.3.self_attn,linear,144,21,256,256,1,1,70912,76288,1108,21504,43008,5376,5376,0,5376,0,1376256,896.0,224.0,True
token,vision_language_interaction.text_layers.3.linear1,linear,144,1,1024,256,21,1,267520,272896,4180,86016,172032,21504,21504,0,5376,0,5505024,3584.0,896.0,True
token,vision_language_interaction.text_layers.3.linear2,linear,144,1,256,1024,21,1,283648,305152,1108,21504,43008,5376,5376,0,21504,0,5505024,3584.0,224.0,True
token,vision_language_interaction.fusion_layers.4.attn.v_proj,linear,144,512,1024,256,1,1,393216,524288,6144,2097152,4194304,524288,524288,0,131072,0,134217728,87381.33333333333,21845.333333333332,True
token,vision_language_interaction.fusion_layers.4.attn.l_proj,linear,144,21,1024,256,1,1,267520,272896,4180,86016,172032,21504,21504,0,5376,0,5505024,3584.0,896.0,True
token,vision_language_interaction.fusion_layers.4.attn.values_v_proj,linear,144,512,1024,256,1,1,393216,524288,6144,2097152,4194304,524288,524288,0,131072,0,134217728,87381.33333333333,21845.333333333332,True
token,vision_language_interaction.fusion_layers.4.attn.values_l_proj,linear,144,21,1024,256,1,1,267520,272896,4180,86016,172032,21504,21504,0,5376,0,5505024,3584.0,896.0,True
token,vision_language_interaction.fusion_layers.4.attn,bmm,144,512,21,256,4,1,545792,1091584,8528,172032,344064,43008,43008,0,545792,0,11010048,7168.0,1792.0,False
token,vision_language_interaction.fusion_layers.4.attn,bmm,144,512,256,21,4,1,64512,129024,12288,2097152,4194304,524288,524288,0,64512,0,11010048,7168.0,21845.333333333332,False
token,vision_language_interaction.fusion_layers.4.attn,bmm,144,21,256,512,4,1,567296,1134592,4432,86016,172032,21504,21504,0,567296,0,11010048,7168.0,896.0,False
token,vision_language_interaction.fusion_layers.4.attn.out_v_proj,linear,144,512,256,1024,1,1,786432,1310720,3072,524288,1048576,131072,131072,0,524288,0,134217728,87381.33333333333,5461.333333333333,True
token,vision_language_interaction.fusion_layers.4.attn.out_l_proj,linear,144,21,256,1024,1,1,283648,305152,1108,21504,43008,5376,5376,0,21504,0,5505024,3584.0,224.0,True
token,vision_language_interaction.text_layers.4.self_attn,linear,144,1,768,256,21,1,201984,207360,3156,64512,129024,16128,16128,0,5376,0,4128768,2688.0,672.0,True
token,vision_language_interaction.text_layers.4.self_attn,baddbmm,144,21,21,64,4,1,10752,21504,672,7056,14112,1764,1764,0,10752,0,112896,73.5,73.5,False
token,vision_language_interaction.text_layers.4.self_attn,bmm,144,21,64,21,4,1,7140,14280,1360,21504,43008,5376,5376,0,7140,0,112896,73.5,224.0,False
token,vision_language_interaction.text_layers.4.self_attn,linear,144,21,256,256,1,1,70912,76288,1108,21504,43008,5376,5376,0,5376,0,1376256,896.0,224.0,True
token,vision_language_interaction.text_layers.4.linear1,linear,144,1,1024,256,21,1,267520,272896,4180,86016,172032,21504,21504,0,5376,0,5505024,3584.0,896.0,True
token,vision_language_interaction.text_layers.4.linear2,linear,144,1,256,1024,21,1,283648,305152,1108,21504,43008,5376,5376,0,21504,0,5505024,3584.0,224.0,True
token,vision_language_interaction.fusion_layers.5.attn.v_proj,linear,144,512,1024,256,1,1,393216,524288,6144,2097152,4194304,524288,524288,0,131072,0,134217728,87381.33333333333,21845.333333333332,True
token,vision_language_interaction.fusion_layers.5.attn.l_proj,linear,144,21,1024,256,1,1,267520,272896,4180,86016,172032,21504,21504,0,5376,0,5505024,3584.0,896.0,True
token,vision_language_interaction.fusion_layers.5.attn.values_v_proj,linear,144,512,1024,256,1,1,393216,524288,6144,2097152,4194304,524288,524288,0,131072,0,134217728,87381.33333333333,21845.333333333332,True
token,vision_language_interaction.fusion_layers.5.attn.values_l_proj,linear,144,21,1024,256,1,1,267520,272896,4180,86016,172032,21504,21504,0,5376,0,5505024,3584.0,896.0,True
token,vision_language_interaction.fusion_layers.5.attn,bmm,144,512,21,256,4,1,545792,1091584,8528,172032,344064,43008,43008,0,545792,0,11010048,7168.0,1792.0,False
token,vision_language_interaction.fusion_layers.5.attn,bmm,144,512,256,21,4,1,64512,129024,12288,2097152,4194304,524288,524288,0,64512,0,11010048,7168.0,21845.333333333332,False
token,vision_language_interaction.fusion_layers.5.attn,bmm,144,21,256,512,4,1,567296,1134592,4432,86016,172032,21504,21504,0,567296,0,11010048,7168.0,896.0,False
token,vision_language_interaction.fusion_layers.5.attn.out_v_proj,linear,144,512,256,1024,1,1,786432,1310720,3072,524288,1048576,131072,131072,0,524288,0,134217728,87381.33333333333,5461.333333333333,True
token,vision_language_interaction.fusion_layers.5.attn.out_l_proj,linear,144,21,256,1024,1,1,283648,305152,1108,21504,43008,5376,5376,0,21504,0,5505024,3584.0,224.0,True
token,vision_language_interaction.text_layers.5.self_attn,linear,144,1,768,256,21,1,201984,207360,3156,64512,129024,16128,16128,0,5376,0,4128768,2688.0,672.0,True
token,vision_language_interaction.text_layers.5.self_attn,baddbmm,144,21,21,64,4,1,10752,21504,672,7056,14112,1764,1764,0,10752,0,112896,73.5,73.5,False
token,vision_language_interaction.text_layers.5.self_attn,bmm,144,21,64,21,4,1,7140,14280,1360,21504,43008,5376,5376,0,7140,0,112896,73.5,224.0,False
token,vision_language_interaction.text_layers.5.self_attn,linear,144,21,256,256,1,1,70912,76288,1108,21504,43008,5376,5376,0,5376,0,1376256,896.0,224.0,True
token,vision_language_interaction.text_layers.5.linear1,linear,144,1,1024,256,21,1,267520,272896,4180,86016,172032,21504,21504,0,5376,0,5505024,3584.0,896.0,True
token,vision_language_interaction.text_layers.5.linear2,linear,144,1,256,1024,21,1,283648,305152,1108,21504,43008,5376,5376,0,21504,0,5505024,3584.0,224.0,True
token,action_head.state_projection.net.1,linear,144,1,256,8,1,1,2056,2064,1028,1024,2048,256,256,0,8,0,2048,1.3333333333333333,10.666666666666666,True
token,action_head.state_projection.net.4,linear,144,1,512,256,1,1,131328,131584,2052,2048,4096,512,512,0,256,0,131072,85.33333333333333,21.333333333333332,True
token,action_head.decoder.decoder.layers.0.self_attn,linear,144,1,768,256,12,1,199680,202752,3120,36864,73728,9216,9216,0,3072,0,2359296,1536.0,384.0,True
token,action_head.decoder.decoder.layers.0.self_attn,attention_qk,144,12,12,32,8,1,6144,12288,768,4608,9216,1152,1152,0,6144,0,36864,24.0,48.0,False
token,action_head.decoder.decoder.layers.0.self_attn,attention_av,144,12,32,12,8,1,4224,8448,1408,12288,24576,3072,3072,0,4224,0,36864,24.0,128.0,False
token,action_head.decoder.decoder.layers.0.self_attn,linear,144,12,256,256,1,1,68608,71680,1072,12288,24576,3072,3072,0,3072,0,786432,512.0,128.0,True
token,action_head.decoder.decoder.layers.0.multihead_attn,linear,144,1,256,256,12,1,68608,71680,1072,12288,24576,3072,3072,0,3072,0,786432,512.0,128.0,True
token,action_head.decoder.decoder.layers.0.multihead_attn,linear,144,1,512,256,535,1,268032,404992,4188,1095680,2191360,273920,273920,0,136960,0,70123520,45653.333333333336,11413.333333333334,True
token,action_head.decoder.decoder.layers.0.multihead_attn,attention_qk,144,12,535,32,8,1,140032,280064,17504,205440,410880,51360,51360,0,140032,0,1643520,1070.0,2140.0,False
token,action_head.decoder.decoder.layers.0.multihead_attn,attention_av,144,12,32,535,8,1,188320,376640,1408,12288,24576,3072,3072,0,188320,0,1643520,1070.0,128.0,False
token,action_head.decoder.decoder.layers.0.multihead_attn,linear,144,12,256,256,1,1,68608,71680,1072,12288,24576,3072,3072,0,3072,0,786432,512.0,128.0,True
token,action_head.decoder.decoder.layers.0.linear1,linear,144,12,2048,256,1,1,527360,530432,8240,98304,196608,24576,24576,0,3072,0,6291456,4096.0,1024.0,True
token,action_head.decoder.decoder.layers.0.linear2,linear,144,12,256,2048,1,1,548864,573440,1072,12288,24576,3072,3072,0,24576,0,6291456,4096.0,128.0,True
token,action_head.decoder.decoder.layers.1.self_attn,linear,144,1,768,256,12,1,199680,202752,3120,36864,73728,9216,9216,0,3072,0,2359296,1536.0,384.0,True
token,action_head.decoder.decoder.layers.1.self_attn,attention_qk,144,12,12,32,8,1,6144,12288,768,4608,9216,1152,1152,0,6144,0,36864,24.0,48.0,False
token,action_head.decoder.decoder.layers.1.self_attn,attention_av,144,12,32,12,8,1,4224,8448,1408,12288,24576,3072,3072,0,4224,0,36864,24.0,128.0,False
token,action_head.decoder.decoder.layers.1.self_attn,linear,144,12,256,256,1,1,68608,71680,1072,12288,24576,3072,3072,0,3072,0,786432,512.0,128.0,True
token,action_head.decoder.decoder.layers.1.multihead_attn,linear,144,1,256,256,12,1,68608,71680,1072,12288,24576,3072,3072,0,3072,0,786432,512.0,128.0,True
token,action_head.decoder.decoder.layers.1.multihead_attn,linear,144,1,512,256,535,1,268032,404992,4188,1095680,2191360,273920,273920,0,136960,0,70123520,45653.333333333336,11413.333333333334,True
token,action_head.decoder.decoder.layers.1.multihead_attn,attention_qk,144,12,535,32,8,1,140032,280064,17504,205440,410880,51360,51360,0,140032,0,1643520,1070.0,2140.0,False
token,action_head.decoder.decoder.layers.1.multihead_attn,attention_av,144,12,32,535,8,1,188320,376640,1408,12288,24576,3072,3072,0,188320,0,1643520,1070.0,128.0,False
token,action_head.decoder.decoder.layers.1.multihead_attn,linear,144,12,256,256,1,1,68608,71680,1072,12288,24576,3072,3072,0,3072,0,786432,512.0,128.0,True
token,action_head.decoder.decoder.layers.1.linear1,linear,144,12,2048,256,1,1,527360,530432,8240,98304,196608,24576,24576,0,3072,0,6291456,4096.0,1024.0,True
token,action_head.decoder.decoder.layers.1.linear2,linear,144,12,256,2048,1,1,548864,573440,1072,12288,24576,3072,3072,0,24576,0,6291456,4096.0,128.0,True
token,action_head.decoder.decoder.layers.2.self_attn,linear,144,1,768,256,12,1,199680,202752,3120,36864,73728,9216,9216,0,3072,0,2359296,1536.0,384.0,True
token,action_head.decoder.decoder.layers.2.self_attn,attention_qk,144,12,12,32,8,1,6144,12288,768,4608,9216,1152,1152,0,6144,0,36864,24.0,48.0,False
token,action_head.decoder.decoder.layers.2.self_attn,attention_av,144,12,32,12,8,1,4224,8448,1408,12288,24576,3072,3072,0,4224,0,36864,24.0,128.0,False
token,action_head.decoder.decoder.layers.2.self_attn,linear,144,12,256,256,1,1,68608,71680,1072,12288,24576,3072,3072,0,3072,0,786432,512.0,128.0,True
token,action_head.decoder.decoder.layers.2.multihead_attn,linear,144,1,256,256,12,1,68608,71680,1072,12288,24576,3072,3072,0,3072,0,786432,512.0,128.0,True
token,action_head.decoder.decoder.layers.2.multihead_attn,linear,144,1,512,256,535,1,268032,404992,4188,1095680,2191360,273920,273920,0,136960,0,70123520,45653.333333333336,11413.333333333334,True
token,action_head.decoder.decoder.layers.2.multihead_attn,attention_qk,144,12,535,32,8,1,140032,280064,17504,205440,410880,51360,51360,0,140032,0,1643520,1070.0,2140.0,False
token,action_head.decoder.decoder.layers.2.multihead_attn,attention_av,144,12,32,535,8,1,188320,376640,1408,12288,24576,3072,3072,0,188320,0,1643520,1070.0,128.0,False
token,action_head.decoder.decoder.layers.2.multihead_attn,linear,144,12,256,256,1,1,68608,71680,1072,12288,24576,3072,3072,0,3072,0,786432,512.0,128.0,True
token,action_head.decoder.decoder.layers.2.linear1,linear,144,12,2048,256,1,1,527360,530432,8240,98304,196608,24576,24576,0,3072,0,6291456,4096.0,1024.0,True
token,action_head.decoder.decoder.layers.2.linear2,linear,144,12,256,2048,1,1,548864,573440,1072,12288,24576,3072,3072,0,24576,0,6291456,4096.0,128.0,True
token,action_head.decoder.action_projection.layers.0,linear,144,12,512,256,1,1,134144,137216,2096,24576,49152,6144,6144,0,3072,0,1572864,1024.0,256.0,True
token,action_head.decoder.action_projection.layers.1,linear,144,12,512,512,1,1,268288,274432,2096,24576,49152,6144,6144,0,6144,0,3145728,2048.0,256.0,True
token,action_head.decoder.action_projection.layers.2,linear,144,12,7,512,1,1,9728,15872,76,336,672,84,84,0,6144,0,43008,28.0,3.5,True
token,text_encoder.bert.encoder.layer.0.attention.self.query,linear,36,11,768,768,1,1,598272,606720,3116,33792,67584,8448,8448,0,8448,0,6488064,4224.0,352.0,True
token,text_encoder.bert.encoder.layer.0.attention.self.key,linear,36,11,768,768,1,1,598272,606720,3116,33792,67584,8448,8448,0,8448,0,6488064,4224.0,352.0,True
token,text_encoder.bert.encoder.layer.0.attention.self.value,linear,36,11,768,768,1,1,598272,606720,3116,33792,67584,8448,8448,0,8448,0,6488064,4224.0,352.0,True
token,text_encoder.bert.encoder.layer.0.attention.self,attention_qk,36,11,11,64,12,1,16896,33792,1056,5808,11616,1452,1452,0,16896,0,92928,60.5,60.5,False
token,text_encoder.bert.encoder.layer.0.attention.self,attention_av,36,11,64,11,12,1,9900,19800,3600,33792,67584,8448,8448,0,9900,0,92928,60.5,352.0,False
token,text_encoder.bert.encoder.layer.0.attention.output.dense,linear,36,11,768,768,1,1,598272,606720,3116,33792,67584,8448,8448,0,8448,0,6488064,4224.0,352.0,True
token,text_encoder.bert.encoder.layer.0.intermediate.dense,linear,36,11,3072,768,1,1,2367744,2376192,12332,135168,270336,33792,33792,0,8448,0,25952256,16896.0,1408.0,True
token,text_encoder.bert.encoder.layer.0.output.dense,linear,36,11,768,3072,1,1,2393088,2426880,3116,33792,67584,8448,8448,0,33792,0,25952256,16896.0,352.0,True
token,text_encoder.bert.encoder.layer.1.attention.self.query,linear,36,11,768,768,1,1,598272,606720,3116,33792,67584,8448,8448,0,8448,0,6488064,4224.0,352.0,True
token,text_encoder.bert.encoder.layer.1.attention.self.key,linear,36,11,768,768,1,1,598272,606720,3116,33792,67584,8448,8448,0,8448,0,6488064,4224.0,352.0,True
token,text_encoder.bert.encoder.layer.1.attention.self.value,linear,36,11,768,768,1,1,598272,606720,3116,33792,67584,8448,8448,0,8448,0,6488064,4224.0,352.0,True
token,text_encoder.bert.encoder.layer.1.attention.self,attention_qk,36,11,11,64,12,1,16896,33792,1056,5808,11616,1452,1452,0,16896,0,92928,60.5,60.5,False
token,text_encoder.bert.encoder.layer.1.attention.self,attention_av,36,11,64,11,12,1,9900,19800,3600,33792,67584,8448,8448,0,9900,0,92928,60.5,352.0,False
token,text_encoder.bert.encoder.layer.1.attention.output.dense,linear,36,11,768,768,1,1,598272,606720,3116,33792,67584,8448,8448,0,8448,0,6488064,4224.0,352.0,True
token,text_encoder.bert.encoder.layer.1.intermediate.dense,linear,36,11,3072,768,1,1,2367744,2376192,12332,135168,270336,33792,33792,0,8448,0,25952256,16896.0,1408.0,True
token,text_encoder.bert.encoder.layer.1.output.dense,linear,36,11,768,3072,1,1,2393088,2426880,3116,33792,67584,8448,8448,0,33792,0,25952256,16896.0,352.0,True
token,text_encoder.bert.encoder.layer.2.attention.self.query,linear,36,11,768,768,1,1,598272,606720,3116,33792,67584,8448,8448,0,8448,0,6488064,4224.0,352.0,True
token,text_encoder.bert.encoder.layer.2.attention.self.key,linear,36,11,768,768,1,1,598272,606720,3116,33792,67584,8448,8448,0,8448,0,6488064,4224.0,352.0,True
token,text_encoder.bert.encoder.layer.2.attention.self.value,linear,36,11,768,768,1,1,598272,606720,3116,33792,67584,8448,8448,0,8448,0,6488064,4224.0,352.0,True
token,text_encoder.bert.encoder.layer.2.attention.self,attention_qk,36,11,11,64,12,1,16896,33792,1056,5808,11616,1452,1452,0,16896,0,92928,60.5,60.5,False
token,text_encoder.bert.encoder.layer.2.attention.self,attention_av,36,11,64,11,12,1,9900,19800,3600,33792,67584,8448,8448,0,9900,0,92928,60.5,352.0,False
token,text_encoder.bert.encoder.layer.2.attention.output.dense,linear,36,11,768,768,1,1,598272,606720,3116,33792,67584,8448,8448,0,8448,0,6488064,4224.0,352.0,True
token,text_encoder.bert.encoder.layer.2.intermediate.dense,linear,36,11,3072,768,1,1,2367744,2376192,12332,135168,270336,33792,33792,0,8448,0,25952256,16896.0,1408.0,True
token,text_encoder.bert.encoder.layer.2.output.dense,linear,36,11,768,3072,1,1,2393088,2426880,3116,33792,67584,8448,8448,0,33792,0,25952256,16896.0,352.0,True
token,text_encoder.bert.encoder.layer.3.attention.self.query,linear,36,11,768,768,1,1,598272,606720,3116,33792,67584,8448,8448,0,8448,0,6488064,4224.0,352.0,True
token,text_encoder.bert.encoder.layer.3.attention.self.key,linear,36,11,768,768,1,1,598272,606720,3116,33792,67584,8448,8448,0,8448,0,6488064,4224.0,352.0,True
token,text_encoder.bert.encoder.layer.3.attention.self.value,linear,36,11,768,768,1,1,598272,606720,3116,33792,67584,8448,8448,0,8448,0,6488064,4224.0,352.0,True
token,text_encoder.bert.encoder.layer.3.attention.self,attention_qk,36,11,11,64,12,1,16896,33792,1056,5808,11616,1452,1452,0,16896,0,92928,60.5,60.5,False
token,text_encoder.bert.encoder.layer.3.attention.self,attention_av,36,11,64,11,12,1,9900,19800,3600,33792,67584,8448,8448,0,9900,0,92928,60.5,352.0,False
token,text_encoder.bert.encoder.layer.3.attention.output.dense,linear,36,11,768,768,1,1,598272,606720,3116,33792,67584,8448,8448,0,8448,0,6488064,4224.0,352.0,True
token,text_encoder.bert.encoder.layer.3.intermediate.dense,linear,36,11,3072,768,1,1,2367744,2376192,12332,135168,270336,33792,33792,0,8448,0,25952256,16896.0,1408.0,True
token,text_encoder.bert.encoder.layer.3.output.dense,linear,36,11,768,3072,1,1,2393088,2426880,3116,33792,67584,8448,8448,0,33792,0,25952256,16896.0,352.0,True
token,text_encoder.bert.encoder.layer.4.attention.self.query,linear,36,11,768,768,1,1,598272,606720,3116,33792,67584,8448,8448,0,8448,0,6488064,4224.0,352.0,True
token,text_encoder.bert.encoder.layer.4.attention.self.key,linear,36,11,768,768,1,1,598272,606720,3116,33792,67584,8448,8448,0,8448,0,6488064,4224.0,352.0,True
token,text_encoder.bert.encoder.layer.4.attention.self.value,linear,36,11,768,768,1,1,598272,606720,3116,33792,67584,8448,8448,0,8448,0,6488064,4224.0,352.0,True
token,text_encoder.bert.encoder.layer.4.attention.self,attention_qk,36,11,11,64,12,1,16896,33792,1056,5808,11616,1452,1452,0,16896,0,92928,60.5,60.5,False
token,text_encoder.bert.encoder.layer.4.attention.self,attention_av,36,11,64,11,12,1,9900,19800,3600,33792,67584,8448,8448,0,9900,0,92928,60.5,352.0,False
token,text_encoder.bert.encoder.layer.4.attention.output.dense,linear,36,11,768,768,1,1,598272,606720,3116,33792,67584,8448,8448,0,8448,0,6488064,4224.0,352.0,True
token,text_encoder.bert.encoder.layer.4.intermediate.dense,linear,36,11,3072,768,1,1,2367744,2376192,12332,135168,270336,33792,33792,0,8448,0,25952256,16896.0,1408.0,True
token,text_encoder.bert.encoder.layer.4.output.dense,linear,36,11,768,3072,1,1,2393088,2426880,3116,33792,67584,8448,8448,0,33792,0,25952256,16896.0,352.0,True
token,text_encoder.bert.encoder.layer.5.attention.self.query,linear,36,11,768,768,1,1,598272,606720,3116,33792,67584,8448,8448,0,8448,0,6488064,4224.0,352.0,True
token,text_encoder.bert.encoder.layer.5.attention.self.key,linear,36,11,768,768,1,1,598272,606720,3116,33792,67584,8448,8448,0,8448,0,6488064,4224.0,352.0,True
token,text_encoder.bert.encoder.layer.5.attention.self.value,linear,36,11,768,768,1,1,598272,606720,3116,33792,67584,8448,8448,0,8448,0,6488064,4224.0,352.0,True
token,text_encoder.bert.encoder.layer.5.attention.self,attention_qk,36,11,11,64,12,1,16896,33792,1056,5808,11616,1452,1452,0,16896,0,92928,60.5,60.5,False
token,text_encoder.bert.encoder.layer.5.attention.self,attention_av,36,11,64,11,12,1,9900,19800,3600,33792,67584,8448,8448,0,9900,0,92928,60.5,352.0,False
token,text_encoder.bert.encoder.layer.5.attention.output.dense,linear,36,11,768,768,1,1,598272,606720,3116,33792,67584,8448,8448,0,8448,0,6488064,4224.0,352.0,True
token,text_encoder.bert.encoder.layer.5.intermediate.dense,linear,36,11,3072,768,1,1,2367744,2376192,12332,135168,270336,33792,33792,0,8448,0,25952256,16896.0,1408.0,True
token,text_encoder.bert.encoder.layer.5.output.dense,linear,36,11,768,3072,1,1,2393088,2426880,3116,33792,67584,8448,8448,0,33792,0,25952256,16896.0,352.0,True
token,text_encoder.bert.encoder.layer.6.attention.self.query,linear,36,11,768,768,1,1,598272,606720,3116,33792,67584,8448,8448,0,8448,0,6488064,4224.0,352.0,True
token,text_encoder.bert.encoder.layer.6.attention.self.key,linear,36,11,768,768,1,1,598272,606720,3116,33792,67584,8448,8448,0,8448,0,6488064,4224.0,352.0,True
token,text_encoder.bert.encoder.layer.6.attention.self.value,linear,36,11,768,768,1,1,598272,606720,3116,33792,67584,8448,8448,0,8448,0,6488064,4224.0,352.0,True
token,text_encoder.bert.encoder.layer.6.attention.self,attention_qk,36,11,11,64,12,1,16896,33792,1056,5808,11616,1452,1452,0,16896,0,92928,60.5,60.5,False
token,text_encoder.bert.encoder.layer.6.attention.self,attention_av,36,11,64,11,12,1,9900,19800,3600,33792,67584,8448,8448,0,9900,0,92928,60.5,352.0,False
token,text_encoder.bert.encoder.layer.6.attention.output.dense,linear,36,11,768,768,1,1,598272,606720,3116,33792,67584,8448,8448,0,8448,0,6488064,4224.0,352.0,True
token,text_encoder.bert.encoder.layer.6.intermediate.dense,linear,36,11,3072,768,1,1,2367744,2376192,12332,135168,270336,33792,33792,0,8448,0,25952256,16896.0,1408.0,True
token,text_encoder.bert.encoder.layer.6.output.dense,linear,36,11,768,3072,1,1,2393088,2426880,3116,33792,67584,8448,8448,0,33792,0,25952256,16896.0,352.0,True
token,text_encoder.bert.encoder.layer.7.attention.self.query,linear,36,11,768,768,1,1,598272,606720,3116,33792,67584,8448,8448,0,8448,0,6488064,4224.0,352.0,True
token,text_encoder.bert.encoder.layer.7.attention.self.key,linear,36,11,768,768,1,1,598272,606720,3116,33792,67584,8448,8448,0,8448,0,6488064,4224.0,352.0,True
token,text_encoder.bert.encoder.layer.7.attention.self.value,linear,36,11,768,768,1,1,598272,606720,3116,33792,67584,8448,8448,0,8448,0,6488064,4224.0,352.0,True
token,text_encoder.bert.encoder.layer.7.attention.self,attention_qk,36,11,11,64,12,1,16896,33792,1056,5808,11616,1452,1452,0,16896,0,92928,60.5,60.5,False
token,text_encoder.bert.encoder.layer.7.attention.self,attention_av,36,11,64,11,12,1,9900,19800,3600,33792,67584,8448,8448,0,9900,0,92928,60.5,352.0,False
token,text_encoder.bert.encoder.layer.7.attention.output.dense,linear,36,11,768,768,1,1,598272,606720,3116,33792,67584,8448,8448,0,8448,0,6488064,4224.0,352.0,True
token,text_encoder.bert.encoder.layer.7.intermediate.dense,linear,36,11,3072,768,1,1,2367744,2376192,12332,135168,270336,33792,33792,0,8448,0,25952256,16896.0,1408.0,True
token,text_encoder.bert.encoder.layer.7.output.dense,linear,36,11,768,3072,1,1,2393088,2426880,3116,33792,67584,8448,8448,0,33792,0,25952256,16896.0,352.0,True
token,text_encoder.bert.encoder.layer.8.attention.self.query,linear,36,11,768,768,1,1,598272,606720,3116,33792,67584,8448,8448,0,8448,0,6488064,4224.0,352.0,True
token,text_encoder.bert.encoder.layer.8.attention.self.key,linear,36,11,768,768,1,1,598272,606720,3116,33792,67584,8448,8448,0,8448,0,6488064,4224.0,352.0,True
token,text_encoder.bert.encoder.layer.8.attention.self.value,linear,36,11,768,768,1,1,598272,606720,3116,33792,67584,8448,8448,0,8448,0,6488064,4224.0,352.0,True
token,text_encoder.bert.encoder.layer.8.attention.self,attention_qk,36,11,11,64,12,1,16896,33792,1056,5808,11616,1452,1452,0,16896,0,92928,60.5,60.5,False
token,text_encoder.bert.encoder.layer.8.attention.self,attention_av,36,11,64,11,12,1,9900,19800,3600,33792,67584,8448,8448,0,9900,0,92928,60.5,352.0,False
token,text_encoder.bert.encoder.layer.8.attention.output.dense,linear,36,11,768,768,1,1,598272,606720,3116,33792,67584,8448,8448,0,8448,0,6488064,4224.0,352.0,True
token,text_encoder.bert.encoder.layer.8.intermediate.dense,linear,36,11,3072,768,1,1,2367744,2376192,12332,135168,270336,33792,33792,0,8448,0,25952256,16896.0,1408.0,True
token,text_encoder.bert.encoder.layer.8.output.dense,linear,36,11,768,3072,1,1,2393088,2426880,3116,33792,67584,8448,8448,0,33792,0,25952256,16896.0,352.0,True
token,text_encoder.bert.encoder.layer.9.attention.self.query,linear,36,11,768,768,1,1,598272,606720,3116,33792,67584,8448,8448,0,8448,0,6488064,4224.0,352.0,True
token,text_encoder.bert.encoder.layer.9.attention.self.key,linear,36,11,768,768,1,1,598272,606720,3116,33792,67584,8448,8448,0,8448,0,6488064,4224.0,352.0,True
token,text_encoder.bert.encoder.layer.9.attention.self.value,linear,36,11,768,768,1,1,598272,606720,3116,33792,67584,8448,8448,0,8448,0,6488064,4224.0,352.0,True
token,text_encoder.bert.encoder.layer.9.attention.self,attention_qk,36,11,11,64,12,1,16896,33792,1056,5808,11616,1452,1452,0,16896,0,92928,60.5,60.5,False
token,text_encoder.bert.encoder.layer.9.attention.self,attention_av,36,11,64,11,12,1,9900,19800,3600,33792,67584,8448,8448,0,9900,0,92928,60.5,352.0,False
token,text_encoder.bert.encoder.layer.9.attention.output.dense,linear,36,11,768,768,1,1,598272,606720,3116,33792,67584,8448,8448,0,8448,0,6488064,4224.0,352.0,True
token,text_encoder.bert.encoder.layer.9.intermediate.dense,linear,36,11,3072,768,1,1,2367744,2376192,12332,135168,270336,33792,33792,0,8448,0,25952256,16896.0,1408.0,True
token,text_encoder.bert.encoder.layer.9.output.dense,linear,36,11,768,3072,1,1,2393088,2426880,3116,33792,67584,8448,8448,0,33792,0,25952256,16896.0,352.0,True
token,text_encoder.bert.encoder.layer.10.attention.self.query,linear,36,11,768,768,1,1,598272,606720,3116,33792,67584,8448,8448,0,8448,0,6488064,4224.0,352.0,True
token,text_encoder.bert.encoder.layer.10.attention.self.key,linear,36,11,768,768,1,1,598272,606720,3116,33792,67584,8448,8448,0,8448,0,6488064,4224.0,352.0,True
token,text_encoder.bert.encoder.layer.10.attention.self.value,linear,36,11,768,768,1,1,598272,606720,3116,33792,67584,8448,8448,0,8448,0,6488064,4224.0,352.0,True
token,text_encoder.bert.encoder.layer.10.attention.self,attention_qk,36,11,11,64,12,1,16896,33792,1056,5808,11616,1452,1452,0,16896,0,92928,60.5,60.5,False
token,text_encoder.bert.encoder.layer.10.attention.self,attention_av,36,11,64,11,12,1,9900,19800,3600,33792,67584,8448,8448,0,9900,0,92928,60.5,352.0,False
token,text_encoder.bert.encoder.layer.10.attention.output.dense,linear,36,11,768,768,1,1,598272,606720,3116,33792,67584,8448,8448,0,8448,0,6488064,4224.0,352.0,True
token,text_encoder.bert.encoder.layer.10.intermediate.dense,linear,36,11,3072,768,1,1,2367744,2376192,12332,135168,270336,33792,33792,0,8448,0,25952256,16896.0,1408.0,True
token,text_encoder.bert.encoder.layer.10.output.dense,linear,36,11,768,3072,1,1,2393088,2426880,3116,33792,67584,8448,8448,0,33792,0,25952256,16896.0,352.0,True
token,text_encoder.bert.encoder.layer.11.attention.self.query,linear,36,11,768,768,1,1,598272,606720,3116,33792,67584,8448,8448,0,8448,0,6488064,4224.0,352.0,True
token,text_encoder.bert.encoder.layer.11.attention.self.key,linear,36,11,768,768,1,1,598272,606720,3116,33792,67584,8448,8448,0,8448,0,6488064,4224.0,352.0,True
token,text_encoder.bert.encoder.layer.11.attention.self.value,linear,36,11,768,768,1,1,598272,606720,3116,33792,67584,8448,8448,0,8448,0,6488064,4224.0,352.0,True
token,text_encoder.bert.encoder.layer.11.attention.self,attention_qk,36,11,11,64,12,1,16896,33792,1056,5808,11616,1452,1452,0,16896,0,92928,60.5,60.5,False
token,text_encoder.bert.encoder.layer.11.attention.self,attention_av,36,11,64,11,12,1,9900,19800,3600,33792,67584,8448,8448,0,9900,0,92928,60.5,352.0,False
token,text_encoder.bert.encoder.layer.11.attention.output.dense,linear,36,11,768,768,1,1,598272,606720,3116,33792,67584,8448,8448,0,8448,0,6488064,4224.0,352.0,True
token,text_encoder.bert.encoder.layer.11.intermediate.dense,linear,36,11,3072,768,1,1,2367744,2376192,12332,135168,270336,33792,33792,0,8448,0,25952256,16896.0,1408.0,True
token,text_encoder.bert.encoder.layer.11.output.dense,linear,36,11,768,3072,1,1,2393088,2426880,3116,33792,67584,8448,8448,0,33792,0,25952256,16896.0,352.0,True
token,text_encoder.bert.encoder.layer.0.attention.self.query,linear,36,14,768,768,1,1,600576,611328,3128,43008,86016,10752,10752,0,10752,0,8257536,5376.0,448.0,True
token,text_encoder.bert.encoder.layer.0.attention.self.key,linear,36,14,768,768,1,1,600576,611328,3128,43008,86016,10752,10752,0,10752,0,8257536,5376.0,448.0,True
token,text_encoder.bert.encoder.layer.0.attention.self.value,linear,36,14,768,768,1,1,600576,611328,3128,43008,86016,10752,10752,0,10752,0,8257536,5376.0,448.0,True
token,text_encoder.bert.encoder.layer.0.attention.self,attention_qk,36,14,14,64,12,1,21504,43008,1344,9408,18816,2352,2352,0,21504,0,150528,98.0,98.0,False
token,text_encoder.bert.encoder.layer.0.attention.self,attention_av,36,14,64,14,12,1,13104,26208,3744,43008,86016,10752,10752,0,13104,0,150528,98.0,448.0,False
token,text_encoder.bert.encoder.layer.0.attention.output.dense,linear,36,14,768,768,1,1,600576,611328,3128,43008,86016,10752,10752,0,10752,0,8257536,5376.0,448.0,True
token,text_encoder.bert.encoder.layer.0.intermediate.dense,linear,36,14,3072,768,1,1,2370048,2380800,12344,172032,344064,43008,43008,0,10752,0,33030144,21504.0,1792.0,True
token,text_encoder.bert.encoder.layer.0.output.dense,linear,36,14,768,3072,1,1,2402304,2445312,3128,43008,86016,10752,10752,0,43008,0,33030144,21504.0,448.0,True
token,text_encoder.bert.encoder.layer.1.attention.self.query,linear,36,14,768,768,1,1,600576,611328,3128,43008,86016,10752,10752,0,10752,0,8257536,5376.0,448.0,True
token,text_encoder.bert.encoder.layer.1.attention.self.key,linear,36,14,768,768,1,1,600576,611328,3128,43008,86016,10752,10752,0,10752,0,8257536,5376.0,448.0,True
token,text_encoder.bert.encoder.layer.1.attention.self.value,linear,36,14,768,768,1,1,600576,611328,3128,43008,86016,10752,10752,0,10752,0,8257536,5376.0,448.0,True
token,text_encoder.bert.encoder.layer.1.attention.self,attention_qk,36,14,14,64,12,1,21504,43008,1344,9408,18816,2352,2352,0,21504,0,150528,98.0,98.0,False
token,text_encoder.bert.encoder.layer.1.attention.self,attention_av,36,14,64,14,12,1,13104,26208,3744,43008,86016,10752,10752,0,13104,0,150528,98.0,448.0,False
token,text_encoder.bert.encoder.layer.1.attention.output.dense,linear,36,14,768,768,1,1,600576,611328,3128,43008,86016,10752,10752,0,10752,0,8257536,5376.0,448.0,True
token,text_encoder.bert.encoder.layer.1.intermediate.dense,linear,36,14,3072,768,1,1,2370048,2380800,12344,172032,344064,43008,43008,0,10752,0,33030144,21504.0,1792.0,True
token,text_encoder.bert.encoder.layer.1.output.dense,linear,36,14,768,3072,1,1,2402304,2445312,3128,43008,86016,10752,10752,0,43008,0,33030144,21504.0,448.0,True
token,text_encoder.bert.encoder.layer.2.attention.self.query,linear,36,14,768,768,1,1,600576,611328,3128,43008,86016,10752,10752,0,10752,0,8257536,5376.0,448.0,True
token,text_encoder.bert.encoder.layer.2.attention.self.key,linear,36,14,768,768,1,1,600576,611328,3128,43008,86016,10752,10752,0,10752,0,8257536,5376.0,448.0,True
token,text_encoder.bert.encoder.layer.2.attention.self.value,linear,36,14,768,768,1,1,600576,611328,3128,43008,86016,10752,10752,0,10752,0,8257536,5376.0,448.0,True
token,text_encoder.bert.encoder.layer.2.attention.self,attention_qk,36,14,14,64,12,1,21504,43008,1344,9408,18816,2352,2352,0,21504,0,150528,98.0,98.0,False
token,text_encoder.bert.encoder.layer.2.attention.self,attention_av,36,14,64,14,12,1,13104,26208,3744,43008,86016,10752,10752,0,13104,0,150528,98.0,448.0,False
token,text_encoder.bert.encoder.layer.2.attention.output.dense,linear,36,14,768,768,1,1,600576,611328,3128,43008,86016,10752,10752,0,10752,0,8257536,5376.0,448.0,True
token,text_encoder.bert.encoder.layer.2.intermediate.dense,linear,36,14,3072,768,1,1,2370048,2380800,12344,172032,344064,43008,43008,0,10752,0,33030144,21504.0,1792.0,True
token,text_encoder.bert.encoder.layer.2.output.dense,linear,36,14,768,3072,1,1,2402304,2445312,3128,43008,86016,10752,10752,0,43008,0,33030144,21504.0,448.0,True
token,text_encoder.bert.encoder.layer.3.attention.self.query,linear,36,14,768,768,1,1,600576,611328,3128,43008,86016,10752,10752,0,10752,0,8257536,5376.0,448.0,True
token,text_encoder.bert.encoder.layer.3.attention.self.key,linear,36,14,768,768,1,1,600576,611328,3128,43008,86016,10752,10752,0,10752,0,8257536,5376.0,448.0,True
token,text_encoder.bert.encoder.layer.3.attention.self.value,linear,36,14,768,768,1,1,600576,611328,3128,43008,86016,10752,10752,0,10752,0,8257536,5376.0,448.0,True
token,text_encoder.bert.encoder.layer.3.attention.self,attention_qk,36,14,14,64,12,1,21504,43008,1344,9408,18816,2352,2352,0,21504,0,150528,98.0,98.0,False
token,text_encoder.bert.encoder.layer.3.attention.self,attention_av,36,14,64,14,12,1,13104,26208,3744,43008,86016,10752,10752,0,13104,0,150528,98.0,448.0,False
token,text_encoder.bert.encoder.layer.3.attention.output.dense,linear,36,14,768,768,1,1,600576,611328,3128,43008,86016,10752,10752,0,10752,0,8257536,5376.0,448.0,True
token,text_encoder.bert.encoder.layer.3.intermediate.dense,linear,36,14,3072,768,1,1,2370048,2380800,12344,172032,344064,43008,43008,0,10752,0,33030144,21504.0,1792.0,True
token,text_encoder.bert.encoder.layer.3.output.dense,linear,36,14,768,3072,1,1,2402304,2445312,3128,43008,86016,10752,10752,0,43008,0,33030144,21504.0,448.0,True
token,text_encoder.bert.encoder.layer.4.attention.self.query,linear,36,14,768,768,1,1,600576,611328,3128,43008,86016,10752,10752,0,10752,0,8257536,5376.0,448.0,True
token,text_encoder.bert.encoder.layer.4.attention.self.key,linear,36,14,768,768,1,1,600576,611328,3128,43008,86016,10752,10752,0,10752,0,8257536,5376.0,448.0,True
token,text_encoder.bert.encoder.layer.4.attention.self.value,linear,36,14,768,768,1,1,600576,611328,3128,43008,86016,10752,10752,0,10752,0,8257536,5376.0,448.0,True
token,text_encoder.bert.encoder.layer.4.attention.self,attention_qk,36,14,14,64,12,1,21504,43008,1344,9408,18816,2352,2352,0,21504,0,150528,98.0,98.0,False
token,text_encoder.bert.encoder.layer.4.attention.self,attention_av,36,14,64,14,12,1,13104,26208,3744,43008,86016,10752,10752,0,13104,0,150528,98.0,448.0,False
token,text_encoder.bert.encoder.layer.4.attention.output.dense,linear,36,14,768,768,1,1,600576,611328,3128,43008,86016,10752,10752,0,10752,0,8257536,5376.0,448.0,True
token,text_encoder.bert.encoder.layer.4.intermediate.dense,linear,36,14,3072,768,1,1,2370048,2380800,12344,172032,344064,43008,43008,0,10752,0,33030144,21504.0,1792.0,True
token,text_encoder.bert.encoder.layer.4.output.dense,linear,36,14,768,3072,1,1,2402304,2445312,3128,43008,86016,10752,10752,0,43008,0,33030144,21504.0,448.0,True
token,text_encoder.bert.encoder.layer.5.attention.self.query,linear,36,14,768,768,1,1,600576,611328,3128,43008,86016,10752,10752,0,10752,0,8257536,5376.0,448.0,True
token,text_encoder.bert.encoder.layer.5.attention.self.key,linear,36,14,768,768,1,1,600576,611328,3128,43008,86016,10752,10752,0,10752,0,8257536,5376.0,448.0,True
token,text_encoder.bert.encoder.layer.5.attention.self.value,linear,36,14,768,768,1,1,600576,611328,3128,43008,86016,10752,10752,0,10752,0,8257536,5376.0,448.0,True
token,text_encoder.bert.encoder.layer.5.attention.self,attention_qk,36,14,14,64,12,1,21504,43008,1344,9408,18816,2352,2352,0,21504,0,150528,98.0,98.0,False
token,text_encoder.bert.encoder.layer.5.attention.self,attention_av,36,14,64,14,12,1,13104,26208,3744,43008,86016,10752,10752,0,13104,0,150528,98.0,448.0,False
token,text_encoder.bert.encoder.layer.5.attention.output.dense,linear,36,14,768,768,1,1,600576,611328,3128,43008,86016,10752,10752,0,10752,0,8257536,5376.0,448.0,True
token,text_encoder.bert.encoder.layer.5.intermediate.dense,linear,36,14,3072,768,1,1,2370048,2380800,12344,172032,344064,43008,43008,0,10752,0,33030144,21504.0,1792.0,True
token,text_encoder.bert.encoder.layer.5.output.dense,linear,36,14,768,3072,1,1,2402304,2445312,3128,43008,86016,10752,10752,0,43008,0,33030144,21504.0,448.0,True
token,text_encoder.bert.encoder.layer.6.attention.self.query,linear,36,14,768,768,1,1,600576,611328,3128,43008,86016,10752,10752,0,10752,0,8257536,5376.0,448.0,True
token,text_encoder.bert.encoder.layer.6.attention.self.key,linear,36,14,768,768,1,1,600576,611328,3128,43008,86016,10752,10752,0,10752,0,8257536,5376.0,448.0,True
token,text_encoder.bert.encoder.layer.6.attention.self.value,linear,36,14,768,768,1,1,600576,611328,3128,43008,86016,10752,10752,0,10752,0,8257536,5376.0,448.0,True
token,text_encoder.bert.encoder.layer.6.attention.self,attention_qk,36,14,14,64,12,1,21504,43008,1344,9408,18816,2352,2352,0,21504,0,150528,98.0,98.0,False
token,text_encoder.bert.encoder.layer.6.attention.self,attention_av,36,14,64,14,12,1,13104,26208,3744,43008,86016,10752,10752,0,13104,0,150528,98.0,448.0,False
token,text_encoder.bert.encoder.layer.6.attention.output.dense,linear,36,14,768,768,1,1,600576,611328,3128,43008,86016,10752,10752,0,10752,0,8257536,5376.0,448.0,True
token,text_encoder.bert.encoder.layer.6.intermediate.dense,linear,36,14,3072,768,1,1,2370048,2380800,12344,172032,344064,43008,43008,0,10752,0,33030144,21504.0,1792.0,True
token,text_encoder.bert.encoder.layer.6.output.dense,linear,36,14,768,3072,1,1,2402304,2445312,3128,43008,86016,10752,10752,0,43008,0,33030144,21504.0,448.0,True
token,text_encoder.bert.encoder.layer.7.attention.self.query,linear,36,14,768,768,1,1,600576,611328,3128,43008,86016,10752,10752,0,10752,0,8257536,5376.0,448.0,True
token,text_encoder.bert.encoder.layer.7.attention.self.key,linear,36,14,768,768,1,1,600576,611328,3128,43008,86016,10752,10752,0,10752,0,8257536,5376.0,448.0,True
token,text_encoder.bert.encoder.layer.7.attention.self.value,linear,36,14,768,768,1,1,600576,611328,3128,43008,86016,10752,10752,0,10752,0,8257536,5376.0,448.0,True
token,text_encoder.bert.encoder.layer.7.attention.self,attention_qk,36,14,14,64,12,1,21504,43008,1344,9408,18816,2352,2352,0,21504,0,150528,98.0,98.0,False
token,text_encoder.bert.encoder.layer.7.attention.self,attention_av,36,14,64,14,12,1,13104,26208,3744,43008,86016,10752,10752,0,13104,0,150528,98.0,448.0,False
token,text_encoder.bert.encoder.layer.7.attention.output.dense,linear,36,14,768,768,1,1,600576,611328,3128,43008,86016,10752,10752,0,10752,0,8257536,5376.0,448.0,True
token,text_encoder.bert.encoder.layer.7.intermediate.dense,linear,36,14,3072,768,1,1,2370048,2380800,12344,172032,344064,43008,43008,0,10752,0,33030144,21504.0,1792.0,True
token,text_encoder.bert.encoder.layer.7.output.dense,linear,36,14,768,3072,1,1,2402304,2445312,3128,43008,86016,10752,10752,0,43008,0,33030144,21504.0,448.0,True
token,text_encoder.bert.encoder.layer.8.attention.self.query,linear,36,14,768,768,1,1,600576,611328,3128,43008,86016,10752,10752,0,10752,0,8257536,5376.0,448.0,True
token,text_encoder.bert.encoder.layer.8.attention.self.key,linear,36,14,768,768,1,1,600576,611328,3128,43008,86016,10752,10752,0,10752,0,8257536,5376.0,448.0,True
token,text_encoder.bert.encoder.layer.8.attention.self.value,linear,36,14,768,768,1,1,600576,611328,3128,43008,86016,10752,10752,0,10752,0,8257536,5376.0,448.0,True
token,text_encoder.bert.encoder.layer.8.attention.self,attention_qk,36,14,14,64,12,1,21504,43008,1344,9408,18816,2352,2352,0,21504,0,150528,98.0,98.0,False
token,text_encoder.bert.encoder.layer.8.attention.self,attention_av,36,14,64,14,12,1,13104,26208,3744,43008,86016,10752,10752,0,13104,0,150528,98.0,448.0,False
token,text_encoder.bert.encoder.layer.8.attention.output.dense,linear,36,14,768,768,1,1,600576,611328,3128,43008,86016,10752,10752,0,10752,0,8257536,5376.0,448.0,True
token,text_encoder.bert.encoder.layer.8.intermediate.dense,linear,36,14,3072,768,1,1,2370048,2380800,12344,172032,344064,43008,43008,0,10752,0,33030144,21504.0,1792.0,True
token,text_encoder.bert.encoder.layer.8.output.dense,linear,36,14,768,3072,1,1,2402304,2445312,3128,43008,86016,10752,10752,0,43008,0,33030144,21504.0,448.0,True
token,text_encoder.bert.encoder.layer.9.attention.self.query,linear,36,14,768,768,1,1,600576,611328,3128,43008,86016,10752,10752,0,10752,0,8257536,5376.0,448.0,True
token,text_encoder.bert.encoder.layer.9.attention.self.key,linear,36,14,768,768,1,1,600576,611328,3128,43008,86016,10752,10752,0,10752,0,8257536,5376.0,448.0,True
token,text_encoder.bert.encoder.layer.9.attention.self.value,linear,36,14,768,768,1,1,600576,611328,3128,43008,86016,10752,10752,0,10752,0,8257536,5376.0,448.0,True
token,text_encoder.bert.encoder.layer.9.attention.self,attention_qk,36,14,14,64,12,1,21504,43008,1344,9408,18816,2352,2352,0,21504,0,150528,98.0,98.0,False
token,text_encoder.bert.encoder.layer.9.attention.self,attention_av,36,14,64,14,12,1,13104,26208,3744,43008,86016,10752,10752,0,13104,0,150528,98.0,448.0,False
token,text_encoder.bert.encoder.layer.9.attention.output.dense,linear,36,14,768,768,1,1,600576,611328,3128,43008,86016,10752,10752,0,10752,0,8257536,5376.0,448.0,True
token,text_encoder.bert.encoder.layer.9.intermediate.dense,linear,36,14,3072,768,1,1,2370048,2380800,12344,172032,344064,43008,43008,0,10752,0,33030144,21504.0,1792.0,True
token,text_encoder.bert.encoder.layer.9.output.dense,linear,36,14,768,3072,1,1,2402304,2445312,3128,43008,86016,10752,10752,0,43008,0,33030144,21504.0,448.0,True
token,text_encoder.bert.encoder.layer.10.attention.self.query,linear,36,14,768,768,1,1,600576,611328,3128,43008,86016,10752,10752,0,10752,0,8257536,5376.0,448.0,True
token,text_encoder.bert.encoder.layer.10.attention.self.key,linear,36,14,768,768,1,1,600576,611328,3128,43008,86016,10752,10752,0,10752,0,8257536,5376.0,448.0,True
token,text_encoder.bert.encoder.layer.10.attention.self.value,linear,36,14,768,768,1,1,600576,611328,3128,43008,86016,10752,10752,0,10752,0,8257536,5376.0,448.0,True
token,text_encoder.bert.encoder.layer.10.attention.self,attention_qk,36,14,14,64,12,1,21504,43008,1344,9408,18816,2352,2352,0,21504,0,150528,98.0,98.0,False
token,text_encoder.bert.encoder.layer.10.attention.self,attention_av,36,14,64,14,12,1,13104,26208,3744,43008,86016,10752,10752,0,13104,0,150528,98.0,448.0,False
token,text_encoder.bert.encoder.layer.10.attention.output.dense,linear,36,14,768,768,1,1,600576,611328,3128,43008,86016,10752,10752,0,10752,0,8257536,5376.0,448.0,True
token,text_encoder.bert.encoder.layer.10.intermediate.dense,linear,36,14,3072,768,1,1,2370048,2380800,12344,172032,344064,43008,43008,0,10752,0,33030144,21504.0,1792.0,True
token,text_encoder.bert.encoder.layer.10.output.dense,linear,36,14,768,3072,1,1,2402304,2445312,3128,43008,86016,10752,10752,0,43008,0,33030144,21504.0,448.0,True
token,text_encoder.bert.encoder.layer.11.attention.self.query,linear,36,14,768,768,1,1,600576,611328,3128,43008,86016,10752,10752,0,10752,0,8257536,5376.0,448.0,True
token,text_encoder.bert.encoder.layer.11.attention.self.key,linear,36,14,768,768,1,1,600576,611328,3128,43008,86016,10752,10752,0,10752,0,8257536,5376.0,448.0,True
token,text_encoder.bert.encoder.layer.11.attention.self.value,linear,36,14,768,768,1,1,600576,611328,3128,43008,86016,10752,10752,0,10752,0,8257536,5376.0,448.0,True
token,text_encoder.bert.encoder.layer.11.attention.self,attention_qk,36,14,14,64,12,1,21504,43008,1344,9408,18816,2352,2352,0,21504,0,150528,98.0,98.0,False
token,text_encoder.bert.encoder.layer.11.attention.self,attention_av,36,14,64,14,12,1,13104,26208,3744,43008,86016,10752,10752,0,13104,0,150528,98.0,448.0,False
token,text_encoder.bert.encoder.layer.11.attention.output.dense,linear,36,14,768,768,1,1,600576,611328,3128,43008,86016,10752,10752,0,10752,0,8257536,5376.0,448.0,True
token,text_encoder.bert.encoder.layer.11.intermediate.dense,linear,36,14,3072,768,1,1,2370048,2380800,12344,172032,344064,43008,43008,0,10752,0,33030144,21504.0,1792.0,True
token,text_encoder.bert.encoder.layer.11.output.dense,linear,36,14,768,3072,1,1,2402304,2445312,3128,43008,86016,10752,10752,0,43008,0,33030144,21504.0,448.0,True
