module,op,shape,tensor_a_zero_fraction,tensor_b_zero_fraction,tensor_a_endpoint_fraction,tensor_b_endpoint_fraction,tensor_output_nrmse,tensor_output_mae,tensor_output_max,token_a_zero_fraction,token_b_zero_fraction,token_a_endpoint_fraction,token_b_endpoint_fraction,token_output_nrmse,token_output_mae,token_output_max,group_32_a_zero_fraction,group_32_b_zero_fraction,group_32_a_endpoint_fraction,group_32_b_endpoint_fraction,group_32_output_nrmse,group_32_output_mae,group_32_output_max
action_head.decoder.decoder.layers.0.multihead_attn,attention_av,"[1, 8, 12, 535] x [1, 8, 535, 32]",0.8961448073387146,0.0070677571929991245,1.9470404367893934e-05,0.0021028039045631886,0.589176595211029,0.16107948124408722,1.2699275016784668,0.13039329648017883,0.006571261677891016,0.002102803671732545,0.0020516940858215094,0.04125465452671051,0.004482487216591835,0.26782095432281494,0.0166015625,0.019021427258849144,0.03454350680112839,0.03412942215800285,0.001644688076339662,0.0002952762588392943,0.0153418630361557
vision_encoder.backbone.layer.10.mlp.up_proj,linear,"[1, 261, 768] x [768, 3072]",0.8050267100334167,0.0117323137819767,4.988824912288692e-06,0.001354217529296875,0.530150294303894,0.6348060369491577,4.859130859375,0.028775542974472046,0.0117323137819767,0.0013419939205050468,0.001354217529296875,0.018959974870085716,0.01632789336144924,1.1756904125213623,0.009573554620146751,0.007599724922329187,0.03161418437957764,0.0318044014275074,0.007522462867200375,0.008332459256052971,0.31941652297973633
vision_encoder.backbone.layer.4.mlp.down_proj,linear,"[1, 261, 3072] x [3072, 768]",0.9298009872436523,0.017519209533929825,1.247206228072173e-06,0.000335693359375,0.516937255859375,0.4342448115348816,5.622313499450684,0.11266637593507767,0.017519209533929825,0.000337992882123217,0.000335693359375,0.038770366460084915,0.02084191143512726,3.3037710189819336,0.05046570673584938,0.008647494949400425,0.03378432244062424,0.03172047808766365,0.009441370144486427,0.007503915578126907,0.19404947757720947
action_head.decoder.decoder.layers.1.multihead_attn,attention_av,"[1, 8, 12, 535] x [1, 8, 535, 32]",0.8378698825836182,0.007184579502791166,1.9470404367893934e-05,0.0020224882755428553,0.4832914471626282,0.13408172130584717,0.970960259437561,0.11341510713100433,0.00668078288435936,0.0019859811291098595,0.002132009482011199,0.032705266028642654,0.0038921870291233063,0.1781165897846222,0.01656326651573181,0.019200941547751427,0.03370098024606705,0.034050438553094864,0.0013371504610404372,0.0002672528207767755,0.008021563291549683
vision_encoder.backbone.layer.9.mlp.up_proj,linear,"[1, 261, 768] x [768, 3072]",0.7131325602531433,0.01178020890802145,4.988824912288692e-06,0.0013563368702307343,0.4565025866031647,0.46141937375068665,3.515547513961792,0.029468988999724388,0.01178020890802145,0.0013070721179246902,0.0013563368702307343,0.02270597219467163,0.015639066696166992,1.1728827953338623,0.009483756497502327,0.0076671177521348,0.03175387158989906,0.031817544251680374,0.00788911059498787,0.0076538389548659325,0.26531505584716797
vision_encoder.backbone.layer.8.mlp.up_proj,linear,"[1, 261, 768] x [768, 3072]",0.7599925994873047,0.011743334122002125,4.988824912288692e-06,0.0013440450420603156,0.45015087723731995,0.4136277735233307,3.5199313163757324,0.03384917601943016,0.011743334122002125,0.0013220385881140828,0.0013440450420603156,0.022608181461691856,0.014448233880102634,1.2135131359100342,0.01040169969201088,0.00763617642223835,0.03171395882964134,0.03179677203297615,0.007962357252836227,0.006901692599058151,0.2678956985473633
vision_encoder.backbone.layer.5.mlp.up_proj,linear,"[1, 261, 768] x [768, 3072]",0.7777727842330933,0.013379414565861225,4.988824912288692e-06,0.0013385348720476031,0.42884430289268494,0.33838313817977905,2.662689208984375,0.03774046152830124,0.013379414565861225,0.0013120609801262617,0.0013385348720476031,0.022440992295742035,0.012955812737345695,1.0762650966644287,0.011783604510128498,0.008320702239871025,0.031579263508319855,0.031794656068086624,0.007616758346557617,0.005980447866022587,0.21423107385635376
vision_encoder.backbone.layer.6.mlp.up_proj,linear,"[1, 261, 768] x [768, 3072]",0.7295258641242981,0.013036091811954975,4.988824912288692e-06,0.0013508267002180219,0.41380560398101807,0.3522680103778839,2.8813421726226807,0.0390625,0.013036091811954975,0.0013170497259125113,0.0013508267002180219,0.02443143166601658,0.014101257547736168,1.1700043678283691,0.011788593605160713,0.00816938653588295,0.03162914887070656,0.031779397279024124,0.007917211391031742,0.006227236241102219,0.2211284637451172
vision_encoder.backbone.layer.7.mlp.up_proj,linear,"[1, 261, 768] x [768, 3072]",0.7236539721488953,0.01265631802380085,4.988824912288692e-06,0.0013474358711391687,0.4051504135131836,0.3485623300075531,3.447455644607544,0.03975095599889755,0.01265631802380085,0.0013120609801262617,0.0013474358711391687,0.023661980405449867,0.0150923365727067,0.9875555038452148,0.01149425283074379,0.0079867048189044,0.0316341370344162,0.031739551573991776,0.008101481013000011,0.006691610906273127,0.21240007877349854
action_head.decoder.decoder.layers.2.multihead_attn,attention_av,"[1, 8, 12, 535] x [1, 8, 535, 32]",0.526635468006134,0.007206483744084835,1.9470404367893934e-05,0.00200058426707983,0.21765069663524628,0.06264419853687286,0.4717986285686493,0.10858644545078278,0.006549357902258635,0.0019080996280536056,0.002117406576871872,0.018686069175601006,0.002831007121130824,0.07482840865850449,0.016659008339047432,0.019021427258849144,0.033930759876966476,0.03396426886320114,0.0010800976306200027,0.0002443578268866986,0.004145026206970215
vision_encoder.backbone.layer.11.mlp.down_proj,linear,"[1, 261, 3072] x [3072, 768]",0.49427157640457153,0.01538043562322855,1.247206228072173e-06,0.00033315023756586015,0.18003465235233307,0.1286299079656601,1.2373766899108887,0.3309299647808075,0.01538043562322855,0.00032926243147812784,0.00033315023756586015,0.02705800160765648,0.0296768918633461,0.6949176788330078,0.20017535984516144,0.008119795471429825,0.032540857791900635,0.031782787293195724,0.008880083449184895,0.010085208341479301,0.11560392379760742
text_encoder.bert.encoder.layer.2.output.dense,linear,"[1, 21, 3072] x [3072, 768]",0.977647602558136,0.0167804304510355,1.550099295855034e-05,0.00033399794483557343,0.17068934440612793,0.14574149250984192,6.891621112823486,0.2705853283405304,0.0167804304510355,0.00032552084303461015,0.00033399794483557343,0.03435754030942917,0.015835430473089218,4.524218559265137,0.0862320214509964,0.008099449798464775,0.0351562537252903,0.031766679137945175,0.0033364302944391966,0.0033592521212995052,0.05727839469909668
vision_encoder.backbone.layer.7.attention,attention_av,"[1, 12, 261, 261] x [1, 12, 261, 64]",0.8101552724838257,0.00954362191259861,1.223313461196085e-06,0.0039361827075481415,0.16700008511543274,0.042542122304439545,0.6416627764701843,0.571574866771698,0.009783085435628891,0.0038546607829630375,0.003976093605160713,0.025259964168071747,0.006482228171080351,0.37312158942222595,0.29402250051498413,0.09974049031734467,0.03148281201720238,0.03200050815939903,0.008321767672896385,0.002349501708522439,0.05078577995300293
vision_encoder.backbone.layer.5.attention,attention_av,"[1, 12, 261, 261] x [1, 12, 261, 64]",0.8305075168609619,0.010950470343232155,1.223313461196085e-06,0.004006026312708855,0.16232836246490479,0.03952832892537117,1.155153512954712,0.704596757888794,0.011110113002359867,0.0038473207969218493,0.003921216353774071,0.02313026413321495,0.006701740901917219,0.21689113974571228,0.38080477714538574,0.10056333243846893,0.031422946602106094,0.0317925363779068,0.008399219252169132,0.002759900875389576,0.04411216080188751
vision_encoder.backbone.layer.11.attention,attention_av,"[1, 12, 261, 261] x [1, 12, 261, 64]",0.7699962854385376,0.009827985428273678,1.223313461196085e-06,0.003941171802580357,0.16224804520606995,0.0596378929913044,0.7369022369384766,0.7795699834823608,0.010042504407465458,0.003846097504720092,0.0039511495269834995,0.02444051392376423,0.012349680066108704,0.1735808253288269,0.4701313376426697,0.0994466170668602,0.03141186013817787,0.032045718282461166,0.007623498793691397,0.004202335607260466,0.05337423086166382
vision_encoder.backbone.layer.4.mlp.up_proj,linear,"[1, 261, 768] x [768, 3072]",0.3450520634651184,0.0147607596591115,4.988824912288692e-06,0.0013364156475290656,0.15643692016601562,0.1275922805070877,0.9387401938438416,0.03544061258435249,0.0147607596591115,0.0013170497259125113,0.0013364156475290656,0.019259510561823845,0.011949840933084488,0.8268595933914185,0.011748682707548141,0.008898841217160225,0.031569283455610275,0.031731076538562775,0.007520380895584822,0.005640189163386822,0.16920149326324463
vision_encoder.backbone.layer.8.attention,attention_av,"[1, 12, 261, 261] x [1, 12, 261, 64]",0.8346741199493408,0.0101871807128191,1.223313461196085e-06,0.0039511495269834995,0.14883582293987274,0.039075709879398346,0.5515159964561462,0.6958096623420715,0.009718230925500393,0.0038509906735271215,0.003956138156354427,0.029425034299492836,0.008253875188529491,0.42941200733184814,0.3307424783706665,0.09961389750242233,0.03144179284572601,0.031919125467538834,0.009040918201208115,0.0028721296694129705,0.057294756174087524
vision_encoder.backbone.layer.10.attention,attention_av,"[1, 12, 261, 261] x [1, 12, 261, 64]",0.8284229636192322,0.009912795387208462,2.44662692239217e-06,0.003941171802580357,0.14581459760665894,0.03887511417269707,0.335762083530426,0.6931037306785583,0.009398946538567543,0.003862000536173582,0.003996048588305712,0.02861958183348179,0.00897596962749958,0.15263596177101135,0.3319065272808075,0.09976761788129807,0.03144622594118118,0.03194625303149223,0.008613908663392067,0.0028640106320381165,0.04217474162578583
vision_encoder.backbone.layer.3.attention,attention_av,"[1, 12, 261, 261] x [1, 12, 261, 64]",0.8540501594543457,0.011623961851000786,0.00017371050489600748,0.0039262049831449986,0.13939784467220306,0.03760533034801483,1.0856454372406006,0.6609538197517395,0.011279732920229435,0.003849767381325364,0.0040259817615151405,0.02236366830766201,0.007578609511256218,0.4445326328277588,0.4478822946548462,0.1007080078125,0.029998358339071274,0.031769927591085434,0.006171473301947117,0.0027478181291371584,0.08100253343582153
text_encoder.bert.encoder.layer.2.output.dense,linear,"[1, 14, 3072] x [3072, 768]",0.9742838740348816,0.0167804304510355,2.325148852833081e-05,0.00033399794483557343,0.13823114335536957,0.14763721823692322,7.249367713928223,0.3250558078289032,0.0167804304510355,0.00032552084303461015,0.00033399794483557343,0.0372307188808918,0.020904486998915672,4.8314056396484375,0.109375,0.008099449798464775,0.0347842276096344,0.031766679137945175,0.0033537151757627726,0.004018957260996103,0.06154337525367737
vision_language_interaction.fusion_layers.1.attn,bmm,"[4, 21, 512] x [4, 512, 256]",0.899972140789032,0.0065784454345703125,2.325148852833081e-05,0.00209808349609375,0.13552074134349823,0.08893290162086487,0.6563968658447266,0.6629232168197632,0.005718231201171875,0.001953125,0.0021457672119140625,0.019535966217517853,0.009162100963294506,0.28896427154541016,0.1243722140789032,0.002536773681640625,0.0317150317132473,0.033447265625,0.00315867830067873,0.0017296295845881104,0.03233444690704346
vision_encoder.backbone.layer.9.attention,attention_av,"[1, 12, 261, 261] x [1, 12, 261, 64]",0.8507680296897888,0.009842951782047749,1.223313461196085e-06,0.004020992666482925,0.13032026588916779,0.03783753886818886,0.4496558904647827,0.7296514511108398,0.008994851261377335,0.0038571073673665524,0.003991059958934784,0.03193594515323639,0.00930919498205185,0.22683602571487427,0.3205541670322418,0.09963198006153107,0.03145842254161835,0.03200502693653107,0.009961818344891071,0.00308942305855453,0.051399827003479004
vision_encoder.backbone.layer.6.attention,attention_av,"[1, 12, 261, 261] x [1, 12, 261, 64]",0.8518763780593872,0.010122326202690601,1.223313461196085e-06,0.003981082234531641,0.1295434683561325,0.0324304923415184,0.7922255992889404,0.6742732524871826,0.010711006820201874,0.003849767381325364,0.003971104510128498,0.02324087917804718,0.0058348216116428375,0.4268409311771393,0.3871605396270752,0.10007505118846893,0.0314362496137619,0.03194625303149223,0.008496278896927834,0.0023783850483596325,0.06346219778060913
text_encoder.bert.encoder.layer.2.output.dense,linear,"[1, 11, 3072] x [3072, 768]",0.9773615598678589,0.0167804304510355,2.9592803912237287e-05,0.00033399794483557343,0.1292422115802765,0.1489918828010559,7.353903293609619,0.3043324053287506,0.0167804304510355,0.00032552084303461015,0.00033399794483557343,0.03652920573949814,0.022381385788321495,4.7571516036987305,0.08049242943525314,0.008099449798464775,0.03465317189693451,0.031766679137945175,0.003217316698282957,0.004078481812030077,0.0624665692448616
vision_encoder.backbone.layer.3.mlp.down_proj,linear,"[1, 261, 3072] x [3072, 768]",0.2642131447792053,0.019310422241687775,1.247206228072173e-06,0.00033611722756177187,0.11984516680240631,0.10117539763450623,0.6788930892944336,0.07846423983573914,0.019310422241687775,0.0003404873132240027,0.00033611722756177187,0.025877902284264565,0.020170044153928757,0.478179931640625,0.03421959653496742,0.0090323556214571,0.03498538210988045,0.031725142151117325,0.008934924378991127,0.007294800598174334,0.06257233023643494
vision_encoder.backbone.layer.2.attention.o_proj,linear,"[1, 261, 768] x [768, 768]",0.36626455187797546,0.0209927037358284,4.988824912288692e-06,0.0013275146484375,0.11899246275424957,0.09441382437944412,0.5546537637710571,0.057605959475040436,0.0209927037358284,0.0013220385881140828,0.0013275146484375,0.021518046036362648,0.015291761606931686,0.3953976631164551,0.013115620240569115,0.008304172195494175,0.03166407346725464,0.031729806214571,0.008238649927079678,0.005975961685180664,0.2862110137939453
text_encoder.bert.encoder.layer.5.intermediate.dense,linear,"[1, 21, 768] x [768, 3072]",0.424913227558136,0.010998619720339775,6.200397183420137e-05,0.0013474358711391687,0.11605653166770935,0.1866064965724945,1.5286273956298828,0.0993303656578064,0.010998619720339775,0.0013020833721384406,0.0013474358711391687,0.02737364172935486,0.03412725403904915,1.4517847299575806,0.017113097012043,0.007435692939907312,0.0317460335791111,0.031834498047828674,0.006318791303783655,0.009870907291769981,0.14169645309448242
text_encoder.bert.encoder.layer.7.intermediate.dense,linear,"[1, 11, 768] x [768, 3072]",0.41607481241226196,0.010739644058048725,0.00011837121564894915,0.0013533697929233313,0.11510270088911057,0.1790086030960083,1.2611112594604492,0.15897254645824432,0.010739644058048725,0.0013020833721384406,0.0013533697929233313,0.04513463005423546,0.052911579608917236,1.0534822940826416,0.014322916977107525,0.0073759290389716625,0.031486742198467255,0.0318264439702034,0.007820560596883297,0.011046129278838634,0.14751315116882324
vision_encoder.backbone.layer.3.mlp.up_proj,linear,"[1, 261, 768] x [768, 3072]",0.26100534200668335,0.016606224700808525,4.988824912288692e-06,0.0013444689102470875,0.11498163640499115,0.06622745096683502,0.5480863451957703,0.026156408712267876,0.016606224700808525,0.001332016196101904,0.0013444689102470875,0.014883399941027164,0.009067877195775509,0.2961781620979309,0.01074592862278223,0.0097117954865098,0.03169899433851242,0.031719207763671875,0.007171045523136854,0.0050202603451907635,0.08962047100067139
text_encoder.bert.encoder.layer.4.intermediate.dense,linear,"[1, 21, 768] x [768, 3072]",0.4838789999485016,0.0110634695738554,6.200397183420137e-05,0.0013584560947492719,0.11443036794662476,0.20289915800094604,2.705364227294922,0.1356646865606308,0.0110634695738554,0.0013020833721384406,0.0013584560947492719,0.03702738881111145,0.05006499961018562,0.9223966598510742,0.0143229179084301,0.007411109283566475,0.0314360149204731,0.031819239258766174,0.007399158086627722,0.0115992845967412,0.12036323547363281
vision_encoder.backbone.layer.4.attention,attention_av,"[1, 12, 261, 261] x [1, 12, 261, 64]",0.858992338180542,0.011100135743618011,5.504910586751066e-05,0.0039511495269834995,0.11350098997354507,0.03766821324825287,1.1202805042266846,0.6672074198722839,0.010526420548558235,0.00385343749076128,0.0039511495269834995,0.02145959809422493,0.0069390046410262585,0.42674291133880615,0.4217308759689331,0.1001519113779068,0.03125443309545517,0.03183774650096893,0.007339939475059509,0.0027847550809383392,0.07479381561279297
text_encoder.bert.encoder.layer.7.intermediate.dense,linear,"[1, 14, 768] x [768, 3072]",0.4054129421710968,0.010739644058048725,9.300595411332324e-05,0.0013533697929233313,0.11319823563098907,0.17774295806884766,1.2230713367462158,0.1420200914144516,0.010739644058048725,0.0013020833721384406,0.0013533697929233313,0.04497646912932396,0.051957689225673676,1.1399791240692139,0.014415922574698925,0.0073759290389716625,0.0316220261156559,0.0318264439702034,0.007879781536757946,0.010943247936666012,0.13981080055236816
text_encoder.bert.encoder.layer.6.intermediate.dense,linear,"[1, 11, 768] x [768, 3072]",0.4314630925655365,0.010766771622002125,0.00011837121564894915,0.0013529459247365594,0.11102417856454849,0.18145154416561127,1.7447062730789185,0.14358428120613098,0.010766771622002125,0.0013020833721384406,0.0013529459247365594,0.031006179749965668,0.04034942016005516,1.745808482170105,0.012902462854981422,0.007260216865688562,0.03207859769463539,0.031837038695812225,0.006723719649016857,0.01055361982434988,0.2135484218597412
text_encoder.bert.encoder.layer.6.intermediate.dense,linear,"[1, 21, 768] x [768, 3072]",0.409908264875412,0.010766771622002125,6.200397183420137e-05,0.0013529459247365594,0.11053372174501419,0.1770107001066208,1.4668426513671875,0.0985863134264946,0.010766771622002125,0.0013020833721384406,0.0013529459247365594,0.026827478781342506,0.032612238079309464,1.7009673118591309,0.011346726678311825,0.007260216865688562,0.0318700410425663,0.031837038695812225,0.005726844072341919,0.009684514254331589,0.17512261867523193
text_encoder.bert.encoder.layer.6.intermediate.dense,linear,"[1, 14, 768] x [768, 3072]",0.4222470223903656,0.010766771622002125,9.300595411332324e-05,0.0013529459247365594,0.1087271049618721,0.1824379414319992,1.6063809394836426,0.134858638048172,0.010766771622002125,0.0013020833721384406,0.0013529459247365594,0.03116247057914734,0.04129961133003235,1.7435258626937866,0.01413690485060215,0.007260216865688562,0.0319010429084301,0.031837038695812225,0.006509456317871809,0.010382716543972492,0.13447165489196777
text_encoder.bert.encoder.layer.4.intermediate.dense,linear,"[1, 14, 768] x [768, 3072]",0.474702388048172,0.0110634695738554,9.300595411332324e-05,0.0013584560947492719,0.10807352513074875,0.2043883502483368,2.2227773666381836,0.1585751473903656,0.0110634695738554,0.0013020833721384406,0.0013584560947492719,0.03587285801768303,0.053576402366161346,1.0505971908569336,0.01515997014939785,0.007411109283566475,0.0318080373108387,0.031819239258766174,0.007158016320317984,0.01220562681555748,0.1628875732421875
text_encoder.bert.encoder.layer.7.intermediate.dense,linear,"[1, 21, 768] x [768, 3072]",0.3967014253139496,0.010739644058048725,6.200397183420137e-05,0.0013533697929233313,0.10804062336683273,0.17984019219875336,1.322321891784668,0.110243059694767,0.010739644058048725,0.0013020833721384406,0.0013533697929233313,0.03774167224764824,0.04181007295846939,1.1369397640228271,0.012338790111243725,0.0073759290389716625,0.0316840298473835,0.0318264439702034,0.006991098169237375,0.01013052836060524,0.15297389030456543
text_encoder.bert.encoder.layer.8.intermediate.dense,linear,"[1, 11, 768] x [768, 3072]",0.4005681872367859,0.010584937408566475,0.00011837121564894915,0.001354217529296875,0.10791019350290298,0.1660921275615692,1.3344106674194336,0.1658380776643753,0.010584937408566475,0.0013020833721384406,0.001354217529296875,0.04207393899559975,0.05726421996951103,0.983036994934082,0.014322916977107525,0.0073606702499091625,0.03136837109923363,0.031837038695812225,0.008553728461265564,0.012276492081582546,0.13199913501739502
text_encoder.bert.encoder.layer.5.intermediate.dense,linear,"[1, 11, 768] x [768, 3072]",0.444365531206131,0.010998619720339775,0.00011837121564894915,0.0013474358711391687,0.10637719184160233,0.18523462116718292,1.3581714630126953,0.15198864042758942,0.010998619720339775,0.0013020833721384406,0.0013474358711391687,0.03467591851949692,0.04567311331629753,1.886392593383789,0.015269886702299118,0.007435692939907312,0.03184185549616814,0.031834498047828674,0.006683238781988621,0.010932935401797295,0.13080310821533203
text_encoder.bert.encoder.layer.5.intermediate.dense,linear,"[1, 14, 768] x [768, 3072]",0.4370349645614624,0.010998619720339775,9.300595411332324e-05,0.0013474358711391687,0.10620323568582535,0.1853610724210739,1.7226448059082031,0.1351376473903656,0.010998619720339775,0.0013020833721384406,0.0013474358711391687,0.031139342114329338,0.04383121430873871,1.7885503768920898,0.013857887126505375,0.007435692939907312,0.0314360111951828,0.031834498047828674,0.006468896754086018,0.010656616650521755,0.12413549423217773
text_encoder.bert.encoder.layer.4.intermediate.dense,linear,"[1, 11, 768] x [768, 3072]",0.49159565567970276,0.0110634695738554,0.00011837121564894915,0.0013584560947492719,0.10570989549160004,0.20237323641777039,2.807894706726074,0.18347539007663727,0.0110634695738554,0.0013020833721384406,0.0013584560947492719,0.03972519189119339,0.059385865926742554,1.1627388000488281,0.014796402305364609,0.007411109283566475,0.031486742198467255,0.031819239258766174,0.007583716884255409,0.012855042703449726,0.136260986328125
text_encoder.bert.encoder.layer.8.intermediate.dense,linear,"[1, 14, 768] x [768, 3072]",0.3838355839252472,0.010584937408566475,9.300595411332324e-05,0.001354217529296875,0.10552062094211578,0.1679123491048813,0.9520742893218994,0.1536458432674408,0.010584937408566475,0.0013020833721384406,0.001354217529296875,0.04209958016872406,0.05773484334349632,0.8408100605010986,0.012276786379516125,0.0073606702499091625,0.0319010429084301,0.031837038695812225,0.008421583101153374,0.01228182390332222,0.13682842254638672
vision_language_interaction.fusion_layers.5.attn,bmm,"[4, 21, 512] x [4, 512, 256]",0.8386114239692688,0.0062541961669921875,2.325148852833081e-05,0.0020771026611328125,0.10344357788562775,0.08669649064540863,0.7977834939956665,0.4753301739692688,0.005615234375,0.0020461310632526875,0.0021648406982421875,0.03404875472187996,0.023726118728518486,0.31389331817626953,0.0492466539144516,0.0021686553955078125,0.0316917784512043,0.0335540771484375,0.0032133229542523623,0.002276647137477994,0.04271841049194336
vision_encoder.backbone.layer.10.mlp.down_proj,linear,"[1, 261, 3072] x [3072, 768]",0.7556173801422119,0.017962561920285225,1.247206228072173e-06,0.0003365410666447133,0.10139121860265732,0.11511276662349701,0.9178981781005859,0.48654887080192566,0.017962561920285225,0.000333004049025476,0.0003365410666447133,0.016172604635357857,0.017828719690442085,0.7153244018554688,0.32860517501831055,0.009065840393304825,0.03338521718978882,0.031718362122774124,0.005929158069193363,0.005907729733735323,0.3202584981918335
text_encoder.bert.encoder.layer.8.intermediate.dense,linear,"[1, 21, 768] x [768, 3072]",0.3913690745830536,0.010584937408566475,6.200397183420137e-05,0.001354217529296875,0.10115591436624527,0.16496358811855316,1.7838618755340576,0.1305183619260788,0.010584937408566475,0.0013020833721384406,0.001354217529296875,0.032663241028785706,0.04711737856268883,0.7538667917251587,0.014756944961845875,0.0073606702499091625,0.0316220261156559,0.031837038695812225,0.0074861603789031506,0.011285260319709778,0.14327335357666016
text_encoder.bert.encoder.layer.3.intermediate.dense,linear,"[1, 21, 768] x [768, 3072]",0.4657738506793976,0.011090596206486225,6.200397183420137e-05,0.0013571844901889563,0.09637787938117981,0.190354123711586,3.1411995887756348,0.1799355298280716,0.011090596206486225,0.0013020833721384406,0.0013571844901889563,0.04321170598268509,0.0630905032157898,2.186002731323242,0.014570933766663074,0.007479773834347725,0.0314360149204731,0.031825173646211624,0.00944972038269043,0.015066989697515965,0.28421831130981445
vision_language_interaction.fusion_layers.4.attn,bmm,"[4, 21, 512] x [4, 512, 256]",0.746465802192688,0.006168365478515625,0.00016276042151730508,0.0020771026611328125,0.09634103626012802,0.08512851595878601,0.7524383068084717,0.3868350088596344,0.0051116943359375,0.0019763766322284937,0.002155303955078125,0.017365988343954086,0.012489786371588707,0.18198269605636597,0.02887834794819355,0.0021514892578125,0.0315987728536129,0.03363990783691406,0.003306184196844697,0.002457244787365198,0.03720831871032715
text_encoder.bert.encoder.layer.1.output.dense,linear,"[1, 14, 3072] x [3072, 768]",0.4970238208770752,0.01662614569067955,2.325148852833081e-05,0.0003348456521052867,0.09554256498813629,0.031010491773486137,0.6299039125442505,0.3532598614692688,0.01662614569067955,0.00032552084303461015,0.0003348456521052867,0.04455556720495224,0.013801143504679203,0.20418494939804077,0.127394899725914,0.0080422293394804,0.034691222012043,0.03175438940525055,0.009789466857910156,0.0032525777351111174,0.054393768310546875
text_encoder.bert.encoder.layer.1.output.dense,linear,"[1, 21, 3072] x [3072, 768]",0.520430326461792,0.01662614569067955,1.550099295855034e-05,0.0003348456521052867,0.09494961053133011,0.029003996402025223,0.49331891536712646,0.3733104169368744,0.01662614569067955,0.00032552084303461015,0.0003348456521052867,0.04671523720026016,0.013147242367267609,0.13998794555664062,0.1303633451461792,0.0080422293394804,0.0339936763048172,0.03175438940525055,0.010040106251835823,0.0029698298312723637,0.039692699909210205
vision_encoder.backbone.layer.11.mlp.up_proj,linear,"[1, 261, 768] x [768, 3072]",0.17420975863933563,0.011807335540652275,4.988824912288692e-06,0.0013508267002180219,0.09486933052539825,0.08391707390546799,0.6602838039398193,0.02492915838956833,0.011807335540652275,0.0013270274503156543,0.0013508267002180219,0.01450391672551632,0.014655674807727337,0.4088588058948517,0.009593510068953037,0.0077306958846747875,0.03167404979467392,0.031809065490961075,0.006993595045059919,0.007508864160627127,0.1269700527191162
text_encoder.bert.encoder.layer.3.intermediate.dense,linear,"[1, 14, 768] x [768, 3072]",0.4381510615348816,0.011090596206486225,9.300595411332324e-05,0.0013571844901889563,0.09312759339809418,0.19272872805595398,2.616222381591797,0.1628534197807312,0.011090596206486225,0.0013020833721384406,0.0013571844901889563,0.03595252335071564,0.057249151170253754,1.4271607398986816,0.01311383955180645,0.007479773834347725,0.0315290167927742,0.031825173646211624,0.008435040712356567,0.013956609182059765,0.27443408966064453
vision_encoder.backbone.layer.7.mlp.down_proj,linear,"[1, 261, 3072] x [3072, 768]",0.45290422439575195,0.017966801300644875,1.247206228072173e-06,0.00033696493483148515,0.09229852259159088,0.09592735767364502,1.3101041316986084,0.20896317064762115,0.017966801300644875,0.00032926243147812784,0.00033696493483148515,0.016011660918593407,0.016473833471536636,0.6750755310058594,0.10778356343507767,0.008516100235283375,0.03408489748835564,0.031748030334711075,0.00635237293317914,0.006132082082331181,0.3027522563934326
vision_encoder.backbone.layer.6.attention.v_proj,linear,"[1, 261, 768] x [768, 768]",0.18077506124973297,0.012788561172783375,4.988824912288692e-06,0.0013648138847202063,0.09050682187080383,0.0630464181303978,0.46547287702560425,0.07119552046060562,0.012788561172783375,0.0013120609801262617,0.0013648138847202063,0.034097395837306976,0.024444278329610825,0.2524474263191223,0.016308467835187912,0.0082227922976017,0.03160420432686806,0.0318230539560318,0.012147440575063229,0.008957650512456894,0.06059896945953369
vision_encoder.backbone.layer.5.attention.v_proj,linear,"[1, 261, 768] x [768, 768]",0.1893109381198883,0.01319207064807415,4.988824912288692e-06,0.0013444689102470875,0.0904754027724266,0.06240576505661011,0.3770768642425537,0.05710209161043167,0.01319207064807415,0.0013170497259125113,0.0013444689102470875,0.026557572185993195,0.0206274576485157,0.24213933944702148,0.015056273899972439,0.008517795242369175,0.031589239835739136,0.0317654088139534,0.01028752513229847,0.008217977359890938,0.05857086181640625
text_encoder.bert.encoder.layer.3.intermediate.dense,linear,"[1, 11, 768] x [768, 3072]",0.4669744372367859,0.011090596206486225,0.00011837121564894915,0.0013571844901889563,0.08992835879325867,0.18872258067131042,2.805008888244629,0.20324337482452393,0.011090596206486225,0.0013020833721384406,0.0013571844901889563,0.04261982440948486,0.06722363829612732,1.4947319030761719,0.014796402305364609,0.007479773834347725,0.03172348439693451,0.031825173646211624,0.009044528938829899,0.015192686580121517,0.34058666229248047
vision_encoder.backbone.layer.1.mlp.down_proj,linear,"[1, 261, 3072] x [3072, 768]",0.26832520961761475,0.0231764055788517,1.247206228072173e-06,0.0003386603493709117,0.0890214592218399,0.10802090167999268,1.2840824127197266,0.07276824861764908,0.0231764055788517,0.00032801524503156543,0.0003386603493709117,0.022397976368665695,0.024052990600466728,0.8967757225036621,0.033867884427309036,0.0103840297088027,0.03311457112431526,0.031686995178461075,0.007264633662998676,0.007977648638188839,0.08017265796661377
text_encoder.bert.encoder.layer.1.output.dense,linear,"[1, 11, 3072] x [3072, 768]",0.5024561882019043,0.01662614569067955,2.9592803912237287e-05,0.0003348456521052867,0.08860994130373001,0.029663244262337685,0.4782163202762604,0.36967331171035767,0.01662614569067955,0.00032552084303461015,0.0003348456521052867,0.04606645181775093,0.01449008472263813,0.26100587844848633,0.12038352340459824,0.0080422293394804,0.0341796875,0.03175438940525055,0.009633105248212814,0.0032292972318828106,0.04053628444671631
vision_encoder.backbone.layer.1.attention,attention_av,"[1, 12, 261, 261] x [1, 12, 261, 64]",0.7720845341682434,0.01508620660752058,3.669940269901417e-06,0.003946160431951284,0.08809632062911987,0.020903995260596275,0.5609232783317566,0.48420825600624084,0.016228647902607918,0.0039035931695252657,0.003956138156354427,0.02918587066233158,0.00447531184181571,0.23758351802825928,0.2841823101043701,0.10277415812015533,0.03186528757214546,0.03210901468992233,0.0051421369425952435,0.0009985516080632806,0.06557917594909668
vision_encoder.backbone.layer.2.attention,attention_av,"[1, 12, 261, 261] x [1, 12, 261, 64]",0.8137322068214417,0.015580100007355213,0.00030827498994767666,0.003911238629370928,0.08297719061374664,0.02495858445763588,0.6554812788963318,0.48521995544433594,0.01690213941037655,0.0038607772439718246,0.003921216353774071,0.011242176406085491,0.003272402798756957,0.16912636160850525,0.3583916425704956,0.10261140018701553,0.029907451942563057,0.031797055155038834,0.005411098245531321,0.0016270863125100732,0.06113046407699585
text_encoder.bert.encoder.layer.8.output.dense,linear,"[1, 21, 3072] x [3072, 768]",0.3408823311328888,0.014437357895076275,1.550099295855034e-05,0.0003386603493709117,0.08211222290992737,0.021826907992362976,0.4327554702758789,0.196025550365448,0.014437357895076275,0.00032552084303461015,0.0003386603493709117,0.03680522367358208,0.00904251541942358,0.1901538372039795,0.0706845298409462,0.0077913072891533375,0.0367683544754982,0.031774308532476425,0.010141860693693161,0.0024831679183989763,0.020106017589569092
vision_encoder.backbone.layer.0.mlp.down_proj,linear,"[1, 261, 3072] x [3072, 768]",0.5023983716964722,0.024271223694086075,1.247206228072173e-06,0.000339508056640625,0.08046074211597443,0.12692931294441223,1.3277097940444946,0.2122732549905777,0.024271223694086075,0.000333004049025476,0.000339508056640625,0.020377343520522118,0.029614930972456932,0.6584815979003906,0.15374186635017395,0.0113750034943223,0.03618394583463669,0.0316857248544693,0.0062034036964178085,0.008860246278345585,0.1339864730834961
vision_encoder.backbone.layer.0.mlp.up_proj,linear,"[1, 261, 768] x [768, 3072]",0.7119901180267334,0.019298553466796875,4.988824912288692e-06,0.0013508267002180219,0.08009442687034607,0.1297779530286789,1.696519374847412,0.554587721824646,0.019298553466796875,0.0013020832557231188,0.0013508267002180219,0.04953845217823982,0.07775720953941345,1.6912813186645508,0.06536857038736343,0.011515299789607525,0.03150941804051399,0.0317060686647892,0.011061820201575756,0.01765619032084942,0.18715548515319824
vision_encoder.backbone.layer.0.attention,attention_av,"[1, 12, 261, 261] x [1, 12, 261, 64]",0.9722944498062134,0.006724935956299305,0.0034803268499672413,0.0042005907744169235,0.07808506488800049,0.03754958510398865,6.543237209320068,0.9405592083930969,0.0065952264703810215,0.0038363109342753887,0.004305355716496706,0.013678625226020813,0.007696741726249456,1.8857033252716064,0.9313094019889832,0.097547747194767,0.005866858176887035,0.03516529127955437,0.0038931427989155054,0.004162891302257776,0.27905961871147156
text_encoder.bert.encoder.layer.1.intermediate.dense,linear,"[1, 11, 768] x [768, 3072]",0.3359375,0.01107109896838665,0.00011837121564894915,0.0013415018329396844,0.07730680704116821,0.1424926519393921,0.8593096733093262,0.22668087482452393,0.01107109896838665,0.0013020833721384406,0.0013415018329396844,0.051384855061769485,0.08393813669681549,1.10024893283844,0.014204545877873898,0.007556067779660225,0.031960226595401764,0.03182898834347725,0.013177436776459217,0.02150910533964634,0.193084716796875
vision_encoder.backbone.layer.8.attention.v_proj,linear,"[1, 261, 768] x [768, 768]",0.1532966047525406,0.01235114224255085,4.988824912288692e-06,0.0013376871356740594,0.07717058807611465,0.06039171293377876,0.3736703395843506,0.051774024963378906,0.01235114224255085,0.0013120609801262617,0.0013376871356740594,0.02620008774101734,0.021322373300790787,0.23306171596050262,0.013584570027887821,0.00806342251598835,0.03151939436793327,0.0317671038210392,0.010067787021398544,0.008445353247225285,0.06420992314815521
text_encoder.bert.encoder.layer.1.intermediate.dense,linear,"[1, 14, 768] x [768, 3072]",0.3042224645614624,0.01107109896838665,9.300595411332324e-05,0.0013415018329396844,0.07710298150777817,0.14167197048664093,0.9702448844909668,0.170944944024086,0.01107109896838665,0.0013020833721384406,0.0013415018329396844,0.04471883922815323,0.07123229652643204,1.2289648056030273,0.013392857275903225,0.007556067779660225,0.0318080373108387,0.03182898834347725,0.010953587479889393,0.017754847183823586,0.20044755935668945
text_encoder.bert.encoder.layer.11.attention.self.value,linear,"[1, 21, 768] x [768, 768]",0.187065988779068,0.011678059585392475,6.200397183420137e-05,0.0013444689102470875,0.07678613811731339,0.03537449985742569,0.18214425444602966,0.070870541036129,0.011678059585392475,0.0013020833721384406,0.0013444689102470875,0.051135774701833725,0.02459644339978695,0.15070602297782898,0.0096726194024086,0.008021037094295025,0.0315600223839283,0.0317959263920784,0.011053179390728474,0.0056909071281552315,0.03766229748725891
text_encoder.bert.encoder.layer.1.intermediate.dense,linear,"[1, 21, 768] x [768, 3072]",0.3319072723388672,0.01107109896838665,6.200397183420137e-05,0.0013415018329396844,0.07659000158309937,0.14430324733257294,0.9022626876831055,0.2268725335597992,0.01107109896838665,0.0013020833721384406,0.0013415018329396844,0.05122637748718262,0.08532610535621643,1.0346845388412476,0.014260913245379925,0.007556067779660225,0.0314980186522007,0.03182898834347725,0.0132620083168149,0.022027527913451195,0.18717193603515625
vision_encoder.backbone.layer.3.attention.v_proj,linear,"[1, 261, 768] x [768, 768]",0.22435744106769562,0.01368035189807415,1.9955299649154767e-05,0.0013393826084211469,0.07324628531932831,0.04781024903059006,0.31864821910858154,0.12555375695228577,0.01368035189807415,0.0013170497259125113,0.0013393826084211469,0.04176957905292511,0.033531684428453445,0.2372894287109375,0.029029972851276398,0.0087432861328125,0.03140963986515999,0.0317450650036335,0.014663788489997387,0.011856076307594776,0.08802315592765808
vision_encoder.backbone.layer.5.mlp.down_proj,linear,"[1, 261, 3072] x [3072, 768]",0.4715113043785095,0.0175433699041605,1.247206228072173e-06,0.00033230253029614687,0.07057419419288635,0.11284133791923523,1.212188720703125,0.13929547369480133,0.0175433699041605,0.0003679258516058326,0.00033230253029614687,0.013599623925983906,0.01839289627969265,1.211578369140625,0.06291157752275467,0.008565266616642475,0.03479081764817238,0.0317586250603199,0.005325522739440203,0.006539629772305489,0.38643646240234375
vision_encoder.backbone.layer.4.attention.v_proj,linear,"[1, 261, 768] x [768, 768]",0.18024125695228577,0.01314629428088665,4.988824912288692e-06,0.0013292101211845875,0.06985735148191452,0.05425997078418732,0.3571425676345825,0.08147748559713364,0.01314629428088665,0.0013070721179246902,0.0013292101211845875,0.031938765197992325,0.024437101557850838,0.21202579140663147,0.019850533455610275,0.0082550048828125,0.03152438625693321,0.0317552350461483,0.011902451515197754,0.009317722171545029,0.06495118141174316
vision_encoder.backbone.layer.2.mlp.down_proj,linear,"[1, 261, 3072] x [3072, 768]",0.9995123147964478,0.02100457064807415,3.741618684216519e-06,0.0003390842175576836,0.06741797924041748,0.9538460969924927,25.324249267578125,0.09202386438846588,0.02100457064807415,0.000337992882123217,0.0003390842175576836,0.020870013162493706,0.053038664162158966,25.73616600036621,0.044335685670375824,0.00967364851385355,0.03540069982409477,0.03171200305223465,0.005420204252004623,0.017193207517266273,4.707307815551758
text_encoder.bert.encoder.layer.6.output.dense,linear,"[1, 14, 3072] x [3072, 768]",0.3932059109210968,0.016984304413199425,2.325148852833081e-05,0.00033399794483557343,0.06729700416326523,0.027687476947903633,0.27260494232177734,0.2776692807674408,0.016984304413199425,0.00032552084303461015,0.00033399794483557343,0.03339223563671112,0.011592740193009377,0.19725137948989868,0.1110723614692688,0.008295695297420025,0.0355282761156559,0.031742945313453674,0.007733460515737534,0.003061111783608794,0.02054893970489502
text_encoder.bert.encoder.layer.0.output.dense,linear,"[1, 14, 3072] x [3072, 768]",0.5395740270614624,0.0161599051207304,2.325148852833081e-05,0.00033823648118413985,0.06679399311542511,0.028899338096380234,0.32725393772125244,0.4308035671710968,0.0161599051207304,0.00032552084303461015,0.00033823648118413985,0.043922364711761475,0.017678778618574142,0.37142229080200195,0.1630859375,0.0081689627841115,0.0339704230427742,0.031771767884492874,0.009154501371085644,0.003915214911103249,0.03465476632118225
text_encoder.bert.encoder.layer.0.output.dense,linear,"[1, 11, 3072] x [3072, 768]",0.5434718728065491,0.0161599051207304,2.9592803912237287e-05,0.00033823648118413985,0.06651775538921356,0.028772922232747078,0.4591348171234131,0.4314334988594055,0.0161599051207304,0.00032552084303461015,0.00033823648118413985,0.03920820355415344,0.01598624885082245,0.391582727432251,0.17640270292758942,0.0081689627841115,0.03382457420229912,0.031771767884492874,0.008500311523675919,0.0037744594737887383,0.023596763610839844
text_encoder.bert.encoder.layer.0.output.dense,linear,"[1, 21, 3072] x [3072, 768]",0.5605003833770752,0.0161599051207304,1.550099295855034e-05,0.00033823648118413985,0.06645568460226059,0.028000447899103165,0.45146483182907104,0.4608135223388672,0.0161599051207304,0.00032552084303461015,0.00033823648118413985,0.03826003149151802,0.015217259526252747,0.3588993549346924,0.2003193348646164,0.0081689627841115,0.0336061529815197,0.031771767884492874,0.008739101700484753,0.003710605902597308,0.038068175315856934
text_encoder.bert.encoder.layer.8.output.dense,linear,"[1, 14, 3072] x [3072, 768]",0.3284505307674408,0.014437357895076275,2.325148852833081e-05,0.0003386603493709117,0.06566990911960602,0.022154541686177254,0.2921190857887268,0.2061244398355484,0.014437357895076275,0.00032552084303461015,0.0003386603493709117,0.035121239721775055,0.010726978071033955,0.2272796630859375,0.06689453125,0.0077913072891533375,0.0361095629632473,0.031774308532476425,0.010618606582283974,0.0031234805937856436,0.06582915782928467
vision_encoder.backbone.layer.2.attention.v_proj,linear,"[1, 261, 768] x [768, 768]",0.1624511033296585,0.01930576004087925,4.988824912288692e-06,0.0013410780811682343,0.06516768783330917,0.042527783662080765,0.283519983291626,0.12627214193344116,0.01930576004087925,0.0013170497259125113,0.0013410780811682343,0.04678408056497574,0.02927895076572895,0.20754122734069824,0.02796236425638199,0.011720445938408375,0.031554318964481354,0.0317416712641716,0.016466639935970306,0.010411051101982594,0.06888175010681152
text_encoder.bert.encoder.layer.11.output.dense,linear,"[1, 14, 3072] x [3072, 768]",0.1939174085855484,0.013682471588253975,2.325148852833081e-05,0.00034205117844976485,0.06516198813915253,0.027930848300457,0.1835627555847168,0.081101194024086,0.013682471588253975,0.00032552084303461015,0.00034205117844976485,0.03429366275668144,0.015902943909168243,0.1907181739807129,0.01629929430782795,0.0074793496169149876,0.0374116450548172,0.03181542456150055,0.009218556806445122,0.004200272262096405,0.07212519645690918
text_encoder.bert.encoder.layer.9.intermediate.dense,linear,"[1, 14, 768] x [768, 3072]",0.2253534197807312,0.01054339949041605,9.300595411332324e-05,0.0013525221729651093,0.0647457018494606,0.10022837668657303,1.636979579925537,0.0858444944024086,0.01054339949041605,0.0013020833721384406,0.0013525221729651093,0.02813517116010189,0.039392147213220596,0.9232101440429688,0.0126488097012043,0.0072653028182685375,0.0315290167927742,0.0317959263920784,0.0067978776060044765,0.009754269383847713,0.17906570434570312
text_encoder.bert.encoder.layer.9.intermediate.dense,linear,"[1, 21, 768] x [768, 3072]",0.2185640037059784,0.01054339949041605,6.200397183420137e-05,0.0013525221729651093,0.06395497173070908,0.10039161145687103,1.7008495330810547,0.084697425365448,0.01054339949041605,0.0013020833721384406,0.0013525221729651093,0.023218359798192978,0.03502725437283516,0.4256610870361328,0.01190476305782795,0.0072653028182685375,0.0313740111887455,0.0317959263920784,0.0056662834249436855,0.00885053165256977,0.20752525329589844
text_encoder.bert.encoder.layer.7.output.dense,linear,"[1, 21, 3072] x [3072, 768]",0.3164837658405304,0.0158394705504179,1.550099295855034e-05,0.00033823648118413985,0.06387310475111008,0.018007444217801094,0.19715118408203125,0.172898069024086,0.0158394705504179,0.00032552084303461015,0.00033823648118413985,0.035920340567827225,0.008878191001713276,0.1581418514251709,0.0810236930847168,0.007997301407158375,0.0367218516767025,0.0317721888422966,0.010822798125445843,0.0026788616087287664,0.022188901901245117
text_encoder.bert.encoder.layer.9.intermediate.dense,linear,"[1, 11, 768] x [768, 3072]",0.22549717128276825,0.01054339949041605,0.00011837121564894915,0.0013525221729651093,0.06331926584243774,0.09940753877162933,0.8157100677490234,0.09150095283985138,0.01054339949041605,0.0013020833721384406,0.0013525221729651093,0.02824804000556469,0.03962641954421997,0.7161483764648438,0.010416666977107525,0.0072653028182685375,0.03160511329770088,0.0317959263920784,0.006522804498672485,0.009584114886820316,0.1511249542236328
text_encoder.bert.encoder.layer.11.attention.self.value,linear,"[1, 11, 768] x [768, 768]",0.16240531206130981,0.011678059585392475,0.00011837121564894915,0.0013444689102470875,0.06303319334983826,0.03104613907635212,0.1922098994255066,0.08238636702299118,0.011678059585392475,0.0013020833721384406,0.0013444689102470875,0.04003167524933815,0.017930269241333008,0.12623023986816406,0.012192235328257084,0.008021037094295025,0.03136837109923363,0.0317959263920784,0.011421837843954563,0.005716286599636078,0.030652165412902832
text_encoder.bert.encoder.layer.2.intermediate.dense,linear,"[1, 11, 768] x [768, 3072]",0.26491478085517883,0.011189354583621025,0.00011837121564894915,0.0013537936611101031,0.06300871074199677,0.10691656917333603,1.0964422225952148,0.1979166716337204,0.011189354583621025,0.0013020833721384406,0.0013537936611101031,0.04712232947349548,0.07307372242212296,0.7608696818351746,0.014796402305364609,0.0075509813614189625,0.031960226595401764,0.031824324280023575,0.010625424794852734,0.01666015014052391,0.18675518035888672
vision_encoder.backbone.layer.10.attention.v_proj,linear,"[1, 261, 768] x [768, 768]",0.11160500347614288,0.01142205111682415,4.988824912288692e-06,0.0013749864883720875,0.06292165070772171,0.05065647512674332,0.29831182956695557,0.048276860266923904,0.01142205111682415,0.0013070721179246902,0.0013749864883720875,0.027382653206586838,0.02309112250804901,0.21868205070495605,0.014243095181882381,0.00782097689807415,0.03161917254328728,0.0317942313849926,0.011286051012575626,0.009724965319037437,0.07210183143615723
text_encoder.bert.encoder.layer.2.intermediate.dense,linear,"[1, 21, 768] x [768, 3072]",0.2696552872657776,0.011189354583621025,6.200397183420137e-05,0.0013537936611101031,0.06249826401472092,0.10755661875009537,1.3533306121826172,0.2035590410232544,0.011189354583621025,0.0013020833721384406,0.0013537936611101031,0.04971384257078171,0.07730720937252045,1.4869790077209473,0.013764881528913975,0.0075509813614189625,0.0323040708899498,0.031824324280023575,0.011237205937504768,0.017625844106078148,0.22418880462646484
text_encoder.bert.encoder.layer.0.intermediate.dense,linear,"[1, 14, 768] x [768, 3072]",0.2260974794626236,0.010812547989189625,9.300595411332324e-05,0.0013622707920148969,0.06249043717980385,0.11867114901542664,0.7110824584960938,0.1156063973903656,0.010812547989189625,0.0013020833721384406,0.0013622707920148969,0.03463054448366165,0.056155357509851456,0.6136269569396973,0.013950892724096775,0.0073034497909247875,0.0315290167927742,0.031827714294195175,0.007895312272012234,0.013866451568901539,0.16056537628173828
text_encoder.bert.encoder.layer.4.output.dense,linear,"[1, 21, 3072] x [3072, 768]",0.4452815353870392,0.017218271270394325,1.550099295855034e-05,0.00033781264210119843,0.06236156448721886,0.03394277021288872,0.40571993589401245,0.2245628833770752,0.017218271270394325,0.00032552084303461015,0.00033781264210119843,0.018578728660941124,0.0157461054623127,0.3731783628463745,0.0975787490606308,0.0083601213991642,0.0340091772377491,0.031775157898664474,0.006800095550715923,0.004503037314862013,0.05788356065750122
text_encoder.bert.encoder.layer.11.attention.self.value,linear,"[1, 14, 768] x [768, 768]",0.1715959906578064,0.011678059585392475,9.300595411332324e-05,0.0013444689102470875,0.062099311500787735,0.028943942859768867,0.14765095710754395,0.0905878022313118,0.011678059585392475,0.0013020833721384406,0.0013444689102470875,0.03666754439473152,0.01720115728676319,0.11303544044494629,0.010044642724096775,0.008021037094295025,0.0314360111951828,0.0317959263920784,0.010900757275521755,0.005452481564134359,0.031289808452129364
text_encoder.bert.encoder.layer.3.attention.self.value,linear,"[1, 21, 768] x [768, 768]",0.1476934552192688,0.0118408203125,6.200397183420137e-05,0.0013580322265625,0.06192341074347496,0.02252005599439144,0.1567874550819397,0.0914558619260788,0.0118408203125,0.0013020833721384406,0.0013580322265625,0.03869682177901268,0.014402518980205059,0.10591433942317963,0.010850694961845875,0.007815890945494175,0.0318700410425663,0.0318061001598835,0.010711891576647758,0.004151664208620787,0.0296095572412014
text_encoder.bert.encoder.layer.2.intermediate.dense,linear,"[1, 14, 768] x [768, 3072]",0.2420014888048172,0.011189354583621025,9.300595411332324e-05,0.0013537936611101031,0.061687130481004715,0.10786084085702896,1.0795373916625977,0.1590401828289032,0.011189354583621025,0.0013020833721384406,0.0013537936611101031,0.04042242839932442,0.06412360072135925,0.9290304183959961,0.012834821827709675,0.0075509813614189625,0.0322730652987957,0.031824324280023575,0.009423336014151573,0.015308989211916924,0.17466449737548828
vision_encoder.backbone.layer.7.attention.v_proj,linear,"[1, 261, 768] x [768, 768]",0.13334131240844727,0.01250542514026165,4.988824912288692e-06,0.0013631185283884406,0.06151343137025833,0.04980960860848427,0.29860538244247437,0.05940193682909012,0.01250542514026165,0.0013170497259125113,0.0013631185283884406,0.027127930894494057,0.021861575543880463,0.19319164752960205,0.014851732179522514,0.0080718994140625,0.03149944171309471,0.031729806214571,0.010119433514773846,0.008385117165744305,0.05819356441497803
text_encoder.bert.encoder.layer.0.intermediate.dense,linear,"[1, 11, 768] x [768, 3072]",0.2443181872367859,0.010812547989189625,0.00011837121564894915,0.0013622707920148969,0.0613689124584198,0.11920426040887833,0.7203385829925537,0.15553978085517883,0.010812547989189625,0.0013020833721384406,0.0013622707920148969,0.03801959007978439,0.06499308347702026,0.6098613739013672,0.015861742198467255,0.0073034497909247875,0.03160511329770088,0.031827714294195175,0.008700180798768997,0.015793759375810623,0.16679835319519043
text_encoder.bert.encoder.layer.3.attention.self.value,linear,"[1, 11, 768] x [768, 768]",0.1541193276643753,0.0118408203125,0.00011837121564894915,0.0013580322265625,0.06127053126692772,0.02252420224249363,0.12354481220245361,0.10949337482452393,0.0118408203125,0.0013020833721384406,0.0013580322265625,0.038860902190208435,0.014552205801010132,0.09608897566795349,0.01302083395421505,0.007815890945494175,0.03172348439693451,0.0318061001598835,0.01073903776705265,0.004202231764793396,0.02292349934577942
text_encoder.bert.encoder.layer.0.intermediate.dense,linear,"[1, 21, 768] x [768, 3072]",0.2464657872915268,0.010812547989189625,6.200397183420137e-05,0.0013622707920148969,0.059795089066028595,0.12014948576688766,0.6803228855133057,0.1520337462425232,0.010812547989189625,0.0013020833721384406,0.0013622707920148969,0.03717653453350067,0.0661306157708168,0.5564028024673462,0.01698908768594265,0.0073034497909247875,0.0316840298473835,0.031827714294195175,0.008454778231680393,0.01577150635421276,0.16632723808288574
text_encoder.bert.encoder.layer.7.output.dense,linear,"[1, 14, 3072] x [3072, 768]",0.2720889151096344,0.0158394705504179,2.325148852833081e-05,0.00033823648118413985,0.05877989903092384,0.017835509032011032,0.2565547823905945,0.187941774725914,0.0158394705504179,0.00032552084303461015,0.00033823648118413985,0.037302933633327484,0.011135881766676903,0.22157347202301025,0.063499815762043,0.007997301407158375,0.0350632444024086,0.0317721888422966,0.011225185357034206,0.003212067298591137,0.029999732971191406
vision_encoder.backbone.layer.1.attention.v_proj,linear,"[1, 261, 768] x [768, 768]",0.19203484058380127,0.0242140032351017,4.988824912288692e-06,0.0013342963065952063,0.0583055280148983,0.02622806280851364,0.1855875849723816,0.16877692937850952,0.0242140032351017,0.0013020832557231188,0.0013342963065952063,0.0500517375767231,0.02161874622106552,0.140461727976799,0.05168422684073448,0.0142669677734375,0.03145952895283699,0.0316094309091568,0.015958625823259354,0.00688876211643219,0.051223039627075195
vision_language_interaction.fusion_layers.3.attn,bmm,"[4, 21, 512] x [4, 512, 256]",0.6523669958114624,0.0065822601318359375,2.325148852833081e-05,0.002079010009765625,0.05784930661320686,0.042316123843193054,0.3098483085632324,0.4427083432674408,0.0059833526611328125,0.0021391368936747313,0.0021495819091796875,0.02433389611542225,0.01420349720865488,0.20316097140312195,0.0543154776096344,0.002483367919921875,0.0315987728536129,0.03351020812988281,0.0053965141996741295,0.00320739415474236,0.053476572036743164
text_encoder.bert.encoder.layer.11.output.dense,linear,"[1, 21, 3072] x [3072, 768]",0.1533978283405304,0.013682471588253975,1.550099295855034e-05,0.00034205117844976485,0.0576934814453125,0.02215859480202198,0.18064618110656738,0.070979043841362,0.013682471588253975,0.00032552084303461015,0.00034205117844976485,0.027954047545790672,0.011832194402813911,0.17071431875228882,0.013346354477107525,0.0074793496169149876,0.0390625037252903,0.03181542456150055,0.0071470970287919044,0.003276957431808114,0.05614733695983887
text_encoder.bert.encoder.layer.3.output.dense,linear,"[1, 21, 3072] x [3072, 768]",0.4180927872657776,0.016482459381222725,1.550099295855034e-05,0.00033781264210119843,0.057558100670576096,0.017761768773198128,0.3458144962787628,0.2361731231212616,0.016482459381222725,0.00032552084303461015,0.00033781264210119843,0.042807407677173615,0.01466082688421011,0.4446753263473511,0.1004464328289032,0.00805706437677145,0.0370163694024086,0.0317637138068676,0.006250816397368908,0.0031651854515075684,0.035151004791259766
text_encoder.bert.encoder.layer.11.intermediate.dense,linear,"[1, 21, 768] x [768, 3072]",0.18204365670681,0.010675218887627125,6.200397183420137e-05,0.0013639662647619843,0.05753006413578987,0.07252772152423859,0.49448394775390625,0.1229538768529892,0.010675218887627125,0.0013020833721384406,0.0013639662647619843,0.043546341359615326,0.05180440470576286,0.29039621353149414,0.011222719214856625,0.0073305764235556126,0.0314980186522007,0.031829833984375,0.009149397723376751,0.009902623482048512,0.07002174854278564
vision_encoder.backbone.layer.9.attention.v_proj,linear,"[1, 261, 768] x [768, 768]",0.11001356691122055,0.011822170577943325,4.988824912288692e-06,0.0013427734375,0.05752919986844063,0.04675053060054779,0.2779928743839264,0.04840157926082611,0.011822170577943325,0.0013170497259125113,0.0013427734375,0.026031136512756348,0.021609092131257057,0.22969436645507812,0.013245330192148685,0.007754855789244175,0.031594227999448776,0.0317552350461483,0.010514413937926292,0.008902516216039658,0.059880733489990234
text_encoder.bert.encoder.layer.11.attention.self.key,linear,"[1, 21, 768] x [768, 768]",0.187065988779068,0.011408488266170025,6.200397183420137e-05,0.0013478597393259406,0.056554168462753296,0.040880925953388214,0.24128490686416626,0.070870541036129,0.011408488266170025,0.0013020833721384406,0.0013478597393259406,0.03535955771803856,0.02728775329887867,0.15244805812835693,0.0096726194024086,0.00730048306286335,0.0315600223839283,0.0317654088139534,0.008128074929118156,0.006316453218460083,0.044108569622039795
text_encoder.bert.encoder.layer.10.intermediate.dense,linear,"[1, 21, 768] x [768, 3072]",0.1822916716337204,0.010579003021121025,6.200397183420137e-05,0.0013584560947492719,0.05611767992377281,0.08240053802728653,1.5644826889038086,0.078063003718853,0.010579003021121025,0.0013020833721384406,0.0013584560947492719,0.025313105434179306,0.03719889372587204,1.2593536376953125,0.0116567462682724,0.007328033447265625,0.0316840298473835,0.031792957335710526,0.006775291170924902,0.010090792551636696,0.1593770980834961
text_encoder.bert.encoder.layer.3.attention.self.value,linear,"[1, 14, 768] x [768, 768]",0.1346726268529892,0.0118408203125,9.300595411332324e-05,0.0013580322265625,0.056041963398456573,0.022742288187146187,0.14237932860851288,0.0896577388048172,0.0118408203125,0.0013020833721384406,0.0013580322265625,0.03334975615143776,0.013732027262449265,0.12498479336500168,0.010881696827709675,0.007815890945494175,0.0319940485060215,0.0318061001598835,0.009546087123453617,0.004127890802919865,0.030085982754826546
text_encoder.bert.encoder.layer.5.attention.self.value,linear,"[1, 21, 768] x [768, 768]",0.1282242089509964,0.011888292618095875,6.200397183420137e-05,0.0013427734375,0.055723223835229874,0.026020290330052376,0.14766186475753784,0.0768229216337204,0.011888292618095875,0.0013020833721384406,0.0013427734375,0.023848488926887512,0.01627197675406933,0.11101570725440979,0.013330853544175625,0.0077684191055595875,0.0314980186522007,0.0317925363779068,0.008662671782076359,0.005423090886324644,0.03658205270767212
text_encoder.bert.encoder.layer.10.intermediate.dense,linear,"[1, 11, 768] x [768, 3072]",0.18844696879386902,0.010579003021121025,0.00011837121564894915,0.0013584560947492719,0.05496298521757126,0.08437903970479965,0.99591064453125,0.10108901560306549,0.010579003021121025,0.0013020833721384406,0.0013584560947492719,0.02795317769050598,0.042135488241910934,0.7540416717529297,0.012665719725191593,0.007328033447265625,0.031486742198467255,0.031792957335710526,0.007582773920148611,0.010807872749865055,0.11040186882019043
text_encoder.bert.encoder.layer.6.output.dense,linear,"[1, 21, 3072] x [3072, 768]",0.3578094244003296,0.016984304413199425,1.550099295855034e-05,0.00033399794483557343,0.05466622859239578,0.028728200122714043,0.3403855562210083,0.2455977350473404,0.016984304413199425,0.00032552084303461015,0.00033399794483557343,0.03167879208922386,0.011600873433053493,0.16361349821090698,0.1396329402923584,0.008295695297420025,0.035001240670681,0.031742945313453674,0.008277852088212967,0.0027001122944056988,0.03484690189361572
text_encoder.bert.encoder.layer.11.attention.self.query,linear,"[1, 21, 768] x [768, 768]",0.187065988779068,0.014190673828125,6.200397183420137e-05,0.0013241238193586469,0.054076071828603745,0.04270036146044731,0.21598190069198608,0.070870541036129,0.014190673828125,0.0013020833721384406,0.0013241238193586469,0.034113895148038864,0.028460156172513962,0.19787311553955078,0.0096726194024086,0.007637871894985437,0.0315600223839283,0.0318332239985466,0.008077286183834076,0.006558504421263933,0.04074561595916748
text_encoder.bert.encoder.layer.5.output.dense,linear,"[1, 14, 3072] x [3072, 768]",0.4204566776752472,0.017389509826898575,2.325148852833081e-05,0.0003348456521052867,0.05402863025665283,0.03170420601963997,0.6594582200050354,0.2935732901096344,0.017389509826898575,0.00032552084303461015,0.0003348456521052867,0.027368247509002686,0.013603588566184044,0.4657333493232727,0.1356259286403656,0.0083626639097929,0.0337611623108387,0.031725991517305374,0.007413740735501051,0.004047021735459566,0.057533085346221924
text_encoder.bert.encoder.layer.4.attention.self.value,linear,"[1, 11, 768] x [768, 768]",0.16110321879386902,0.011571248061954975,0.00011837121564894915,0.0013648138847202063,0.05368347838521004,0.024515850469470024,0.12460695207118988,0.11742424964904785,0.011571248061954975,0.0013020833721384406,0.0013648138847202063,0.03777774050831795,0.018619894981384277,0.09860184788703918,0.01408617477864027,0.007571750320494175,0.03172348439693451,0.0318433977663517,0.010084227658808231,0.005241477396339178,0.03129100799560547
text_encoder.bert.encoder.layer.4.attention.self.value,linear,"[1, 21, 768] x [768, 768]",0.1363467276096344,0.011571248061954975,0.0004340278101153672,0.0013648138847202063,0.05358656495809555,0.024540286511182785,0.15036484599113464,0.0992063581943512,0.011571248061954975,0.0013020833721384406,0.0013648138847202063,0.03808477893471718,0.019212419167160988,0.12239163368940353,0.012276786379516125,0.007571750320494175,0.0321180559694767,0.0318433977663517,0.010394294746220112,0.0053375898860394955,0.0296211838722229
vision_encoder.backbone.layer.5.attention.q_proj,linear,"[1, 261, 768] x [768, 768]",0.1893109381198883,0.01418389193713665,4.988824912288692e-06,0.0013359917793422937,0.05296938121318817,0.05374669283628464,0.35688304901123047,0.05710209161043167,0.01418389193713665,0.0013170497259125113,0.0013359917793422937,0.01590617559850216,0.017895624041557312,0.21761715412139893,0.015056273899972439,0.0085127092897892,0.031589239835739136,0.0317247174680233,0.006129112094640732,0.007087262813001871,0.060267090797424316
text_encoder.bert.encoder.layer.7.output.dense,linear,"[1, 11, 3072] x [3072, 768]",0.2431344836950302,0.0158394705504179,2.9592803912237287e-05,0.00033823648118413985,0.052503135055303574,0.01726529188454151,0.1711197793483734,0.20040246844291687,0.0158394705504179,0.00032552084303461015,0.00033823648118413985,0.03617693856358528,0.010347952134907246,0.17309975624084473,0.07626065611839294,0.007997301407158375,0.03565932810306549,0.0317721888422966,0.011114985682070255,0.0028116549365222454,0.06957656145095825
text_encoder.bert.encoder.layer.10.intermediate.dense,linear,"[1, 14, 768] x [768, 3072]",0.1785714328289032,0.010579003021121025,9.300595411332324e-05,0.0013584560947492719,0.05228329822421074,0.08013321459293365,0.8545551300048828,0.0951450914144516,0.010579003021121025,0.0013020833721384406,0.0013584560947492719,0.028423914685845375,0.04227955639362335,1.6648483276367188,0.01311383955180645,0.007328033447265625,0.0316220261156559,0.031792957335710526,0.007446661125868559,0.01081691775470972,0.11725974082946777
text_encoder.bert.encoder.layer.8.output.dense,linear,"[1, 11, 3072] x [3072, 768]",0.24520596861839294,0.014437357895076275,2.9592803912237287e-05,0.0003386603493709117,0.05218446999788284,0.01626288890838623,0.15563392639160156,0.18078243732452393,0.014437357895076275,0.00032552084303461015,0.0003386603493709117,0.028266509994864464,0.009259553626179695,0.1289665699005127,0.06392045319080353,0.0077913072891533375,0.036547113209962845,0.031774308532476425,0.0095168836414814,0.002544460352510214,0.03851926326751709
text_encoder.bert.encoder.layer.5.attention.self.value,linear,"[1, 11, 768] x [768, 768]",0.1557765156030655,0.011888292618095875,0.00011837121564894915,0.0013427734375,0.05192495882511139,0.024890083819627762,0.12060427665710449,0.1145833358168602,0.011888292618095875,0.0013020833721384406,0.0013427734375,0.03333967924118042,0.018386313691735268,0.11230224370956421,0.012784091755747795,0.0077684191055595875,0.031960226595401764,0.0317925363779068,0.009268988855183125,0.005473880097270012,0.030234456062316895
text_encoder.bert.encoder.layer.11.output.dense,linear,"[1, 11, 3072] x [3072, 768]",0.18128551542758942,0.013682471588253975,2.9592803912237287e-05,0.00034205117844976485,0.05174274742603302,0.023336471989750862,0.18035221099853516,0.08478338271379471,0.013682471588253975,0.00032552084303461015,0.00034205117844976485,0.02964317426085472,0.013158641755580902,0.1480543613433838,0.016808712854981422,0.0074793496169149876,0.03779001161456108,0.03181542456150055,0.008633776567876339,0.003660781541839242,0.05914664268493652
vision_encoder.backbone.layer.8.attention.q_proj,linear,"[1, 261, 768] x [768, 768]",0.1532966047525406,0.013346354477107525,4.988824912288692e-06,0.0013580322265625,0.05125562474131584,0.05002317577600479,0.3266415596008301,0.051774024963378906,0.013346354477107525,0.0013120609801262617,0.0013580322265625,0.017483239993453026,0.01777196303009987,0.23035812377929688,0.013584570027887821,0.00815497525036335,0.03151939436793327,0.0317704938352108,0.006730106193572283,0.007036601193249226,0.06742614507675171
vision_language_interaction.fusion_layers.2.attn.values_l_proj,linear,"[1, 21, 256] x [256, 1024]",0.1117931604385376,0.010478973388671875,0.0007440476329065859,0.004047393798828125,0.05093168467283249,0.020494971424341202,0.12641185522079468,0.0848214328289032,0.010478973388671875,0.00390625,0.004047393798828125,0.0393332876265049,0.019860509783029556,0.13100382685661316,0.013392857275903225,0.00791168212890625,0.0316220261156559,0.031879425048828125,0.015778889879584312,0.007690833415836096,0.04513174295425415
text_encoder.bert.encoder.layer.10.attention.self.value,linear,"[1, 21, 768] x [768, 768]",0.1058407798409462,0.01177130825817585,6.200397183420137e-05,0.0013597276993095875,0.050745852291584015,0.02416820637881756,0.12208220362663269,0.0528273843228817,0.01177130825817585,0.0013020833721384406,0.0013597276993095875,0.0338134802877903,0.016295434907078743,0.09441018104553223,0.009300596080720425,0.007939656265079975,0.0318700410425663,0.0318247489631176,0.009577489458024502,0.004844348412007093,0.03304082155227661
text_encoder.bert.encoder.layer.4.output.dense,linear,"[1, 14, 3072] x [3072, 768]",0.4747721552848816,0.017218271270394325,2.325148852833081e-05,0.00033781264210119843,0.05043281614780426,0.03180282190442085,0.4400169849395752,0.2952474057674408,0.017218271270394325,0.00032552084303461015,0.00033781264210119843,0.021046435460448265,0.01351829431951046,0.31548839807510376,0.132417231798172,0.0083601213991642,0.0344819575548172,0.031775157898664474,0.00583232706412673,0.003971950616687536,0.04020488262176514
text_encoder.bert.encoder.layer.11.intermediate.dense,linear,"[1, 11, 768] x [768, 3072]",0.16856060922145844,0.010675218887627125,0.00011837121564894915,0.0013639662647619843,0.05035347491502762,0.06573697179555893,0.37789320945739746,0.10878314822912216,0.010675218887627125,0.0013020833721384406,0.0013639662647619843,0.039453741163015366,0.04631626233458519,0.393373966217041,0.012192235328257084,0.0073305764235556126,0.03160511329770088,0.031829833984375,0.009568233042955399,0.01068810559809208,0.06456071138381958
text_encoder.bert.encoder.layer.11.intermediate.dense,linear,"[1, 14, 768] x [768, 3072]",0.168061763048172,0.010675218887627125,9.300595411332324e-05,0.0013639662647619843,0.05024717003107071,0.06431791186332703,0.522578239440918,0.121651791036129,0.010675218887627125,0.0013020833721384406,0.0013639662647619843,0.04158259928226471,0.045848120003938675,0.3268648684024811,0.0127418152987957,0.0073305764235556126,0.0317150317132473,0.031829833984375,0.009867988526821136,0.010849077254533768,0.06986474990844727
text_encoder.bert.encoder.layer.5.attention.self.value,linear,"[1, 14, 768] x [768, 768]",0.1329985111951828,0.011888292618095875,9.300595411332324e-05,0.0013427734375,0.05011420696973801,0.02530231699347496,0.14477145671844482,0.0958891361951828,0.011888292618095875,0.0013020833721384406,0.0013427734375,0.03203795477747917,0.017831964418292046,0.10280454158782959,0.011904762126505375,0.0077684191055595875,0.0314360111951828,0.0317925363779068,0.009115447290241718,0.0052930996753275394,0.03261995315551758
vision_encoder.backbone.layer.5.attention.k_proj,linear,"[1, 261, 768] x [768, 768]",0.1893109381198883,0.016510009765625,4.988824912288692e-06,0.0013410780811682343,0.04992508515715599,0.05365502089262009,0.3731006383895874,0.05710209161043167,0.016510009765625,0.0013170497259125113,0.0013410780811682343,0.015248474664986134,0.018320489674806595,0.3274106979370117,0.015056273899972439,0.009029812179505825,0.031589239835739136,0.0317196324467659,0.005876360461115837,0.00726414704695344,0.06118917465209961
text_encoder.bert.encoder.layer.4.attention.self.value,linear,"[1, 14, 768] x [768, 768]",0.1363467276096344,0.011571248061954975,9.300595411332324e-05,0.0013648138847202063,0.04942801967263222,0.024541860446333885,0.1305224448442459,0.092819944024086,0.011571248061954975,0.0013020833721384406,0.0013648138847202063,0.03366994485259056,0.017594249919056892,0.11811327934265137,0.0096726194024086,0.007571750320494175,0.0317150317132473,0.0318433977663517,0.009321709163486958,0.005117001943290234,0.03045576810836792
vision_encoder.backbone.layer.8.attention.k_proj,linear,"[1, 261, 768] x [768, 768]",0.1532966047525406,0.0147077776491642,4.988824912288692e-06,0.0013376871356740594,0.04903322458267212,0.050203051418066025,0.32605552673339844,0.051774024963378906,0.0147077776491642,0.0013120609801262617,0.0013376871356740594,0.016507716849446297,0.01802421361207962,0.2248401939868927,0.013584570027887821,0.008434719406068325,0.03151939436793327,0.0318094901740551,0.006302346009761095,0.007054852321743965,0.05113045871257782
vision_encoder.backbone.layer.0.attention.v_proj,linear,"[1, 261, 768] x [768, 768]",0.38467830419540405,0.0412970669567585,4.988824912288692e-06,0.0013258192921057343,0.04901418462395668,0.07324643433094025,1.2434616088867188,0.26019716262817383,0.0412970669567585,0.0013070721179246902,0.0013258192921057343,0.03621351346373558,0.05053725466132164,1.0588667392730713,0.08536378294229507,0.0222947858273983,0.031559307128190994,0.031707763671875,0.011297371238470078,0.01728488691151142,0.35728931427001953
text_encoder.bert.encoder.layer.6.output.dense,linear,"[1, 11, 3072] x [3072, 768]",0.3665068745613098,0.016984304413199425,2.9592803912237287e-05,0.00033399794483557343,0.048947323113679886,0.02700093761086464,0.1550198197364807,0.28261128067970276,0.016984304413199425,0.00035511364694684744,0.00033399794483557343,0.02988402172923088,0.011668706312775612,0.3124625086784363,0.11774976551532745,0.008295695297420025,0.03527462109923363,0.031742945313453674,0.006780653260648251,0.0028557670302689075,0.02032962441444397
vision_encoder.backbone.layer.6.mlp.down_proj,linear,"[1, 261, 3072] x [3072, 768]",0.41413357853889465,0.017981210723519325,1.247206228072173e-06,0.00033611722756177187,0.04874546453356743,0.07097723335027695,0.9880056381225586,0.20108456909656525,0.017981210723519325,0.00032801524503156543,0.00033611722756177187,0.013151919469237328,0.016809562221169472,0.9355969429016113,0.10211999714374542,0.00863435585051775,0.034400440752506256,0.0316941998898983,0.005457423161715269,0.006115808617323637,0.4608612060546875
vision_encoder.backbone.layer.6.attention.q_proj,linear,"[1, 261, 768] x [768, 768]",0.18077506124973297,0.014551798813045025,4.988824912288692e-06,0.0013461642665788531,0.047431666404008865,0.052738018333911896,0.337108314037323,0.07119552046060562,0.014551798813045025,0.0013120609801262617,0.0013461642665788531,0.01909775473177433,0.020683715119957924,0.28682196140289307,0.016308467835187912,0.00855339877307415,0.03160420432686806,0.0317501500248909,0.006735552102327347,0.007520709652453661,0.07847735285758972
text_encoder.bert.encoder.layer.9.attention.self.value,linear,"[1, 21, 768] x [768, 768]",0.0863095298409462,0.011211819015443325,6.200397183420137e-05,0.0013529459247365594,0.04696910083293915,0.019357014447450638,0.09809532761573792,0.0510292686522007,0.011211819015443325,0.0013020833721384406,0.0013529459247365594,0.029492367058992386,0.01360450778156519,0.09116435050964355,0.010292659513652325,0.0074564614333212376,0.0321180559694767,0.0318383127450943,0.009281599894165993,0.004365009255707264,0.02688300609588623
text_encoder.bert.encoder.layer.11.attention.self.key,linear,"[1, 11, 768] x [768, 768]",0.16240531206130981,0.011408488266170025,0.00011837121564894915,0.0013478597393259406,0.046246256679296494,0.03624773025512695,0.1837066411972046,0.08238636702299118,0.011408488266170025,0.0013020833721384406,0.0013478597393259406,0.03202325105667114,0.020846789702773094,0.1260836124420166,0.012192235328257084,0.00730048306286335,0.03136837109923363,0.0317654088139534,0.008899111300706863,0.00646852096542716,0.035858988761901855
text_encoder.bert.encoder.layer.5.output.dense,linear,"[1, 21, 3072] x [3072, 768]",0.3595455288887024,0.017389509826898575,1.550099295855034e-05,0.0003348456521052867,0.046243250370025635,0.031634725630283356,0.48968619108200073,0.3168712854385376,0.017389509826898575,0.00032552084303461015,0.0003348456521052867,0.029591325670480728,0.01755761355161667,0.3747534155845642,0.132859006524086,0.0083626639097929,0.0343191996216774,0.031725991517305374,0.00941807683557272,0.005927355028688908,0.06292939186096191
text_encoder.bert.encoder.layer.3.output.dense,linear,"[1, 11, 3072] x [3072, 768]",0.43575403094291687,0.016482459381222725,2.9592803912237287e-05,0.00033781264210119843,0.04615757614374161,0.017335841432213783,0.44216668605804443,0.287138968706131,0.016482459381222725,0.00032552084303461015,0.00033781264210119843,0.03212350979447365,0.01339048333466053,0.579863429069519,0.13094815611839294,0.00805706437677145,0.03527462109923363,0.0317637138068676,0.004812657833099365,0.0032459774520248175,0.0371902696788311
vision_encoder.backbone.layer.9.mlp.down_proj,linear,"[1, 261, 3072] x [3072, 768]",0.5973207354545593,0.0177739467471838,1.247206228072173e-06,0.00033823648118413985,0.046001072973012924,0.04383983835577965,0.3900570869445801,0.47463929653167725,0.0177739467471838,0.00033425126457586884,0.00033823648118413985,0.01678960584104061,0.014929872006177902,0.3969184160232544,0.30742761492729187,0.009074741043150425,0.03349372372031212,0.031698014587163925,0.005953928455710411,0.0048537179827690125,0.2549104690551758
text_encoder.bert.encoder.layer.4.output.dense,linear,"[1, 11, 3072] x [3072, 768]",0.4721531867980957,0.017218271270394325,2.9592803912237287e-05,0.00033781264210119843,0.04561087489128113,0.03275188058614731,0.474589467048645,0.2891808748245239,0.017218271270394325,0.00032552084303461015,0.00033781264210119843,0.021312760189175606,0.013774783350527287,0.5918285846710205,0.13417376577854156,0.0083601213991642,0.03400213271379471,0.031775157898664474,0.005543368402868509,0.004420418292284012,0.04026508331298828
text_encoder.bert.encoder.layer.0.attention.self.value,linear,"[1, 21, 768] x [768, 768]",0.0875496119260788,0.011537340469658375,6.200397183420137e-05,0.0013529459247365594,0.04559952765703201,0.01601383648812771,0.09732350707054138,0.0560515895485878,0.011537340469658375,0.0013020833721384406,0.0013529459247365594,0.02981395833194256,0.009604697115719318,0.07303355634212494,0.0096726194024086,0.007809109054505825,0.0316840298473835,0.0318247489631176,0.009100640192627907,0.003205315675586462,0.02352684736251831
text_encoder.text_projection,linear,"[1, 21, 768] x [768, 256]",0.068452388048172,0.01013692282140255,6.200397183420137e-05,0.0013682048302143812,0.04552065581083298,0.07199882715940475,0.5453557968139648,0.0417286716401577,0.01013692282140255,0.0013020833721384406,0.0013682048302143812,0.028243226930499077,0.045326992869377136,0.28304314613342285,0.012772818095982075,0.007029215805232525,0.0314980186522007,0.0317789725959301,0.008607340976595879,0.015333982184529305,0.1943800449371338
text_encoder.bert.encoder.layer.11.attention.self.query,linear,"[1, 11, 768] x [768, 768]",0.16240531206130981,0.014190673828125,0.00011837121564894915,0.0013241238193586469,0.04502076283097267,0.03811148554086685,0.17944347858428955,0.08238636702299118,0.014190673828125,0.0013020833721384406,0.0013241238193586469,0.029248656705021858,0.0210427213460207,0.12776310741901398,0.012192235328257084,0.007637871894985437,0.03136837109923363,0.0318332239985466,0.008758836425840855,0.006594968028366566,0.03699766844511032
text_encoder.bert.encoder.layer.6.attention.self.value,linear,"[1, 14, 768] x [768, 768]",0.12109375,0.011138916015625,9.300595411332324e-05,0.0013529459247365594,0.04462709277868271,0.024212457239627838,0.12345582246780396,0.091796875,0.011138916015625,0.0013020833721384406,0.0013529459247365594,0.030070150271058083,0.016326427459716797,0.09973931312561035,0.012462797574698925,0.0076751708984375,0.0316220261156559,0.0317772775888443,0.00924152135848999,0.005300250835716724,0.034045398235321045
text_encoder.bert.encoder.layer.3.attention.self.query,linear,"[1, 21, 768] x [768, 768]",0.1476934552192688,0.011296589858829975,6.200397183420137e-05,0.0013376871356740594,0.044469524174928665,0.03123324364423752,0.1718134880065918,0.0914558619260788,0.011296589858829975,0.0013020833721384406,0.0013376871356740594,0.028629936277866364,0.01966688223183155,0.14765959978103638,0.010850694961845875,0.00740729458630085,0.0318700410425663,0.0317840576171875,0.008188756182789803,0.005777072627097368,0.031911641359329224
text_encoder.bert.encoder.layer.7.attention.self.value,linear,"[1, 14, 768] x [768, 768]",0.1080729216337204,0.010976155288517475,9.300595411332324e-05,0.0013410780811682343,0.044335704296827316,0.020371712744235992,0.12162125110626221,0.0797991082072258,0.010976155288517475,0.0013020833721384406,0.0013410780811682343,0.03131696954369545,0.01444823108613491,0.0947948470711708,0.010881696827709675,0.0074259438551962376,0.0313430055975914,0.0317772775888443,0.010356839746236801,0.005048824939876795,0.028636030852794647
text_encoder.bert.encoder.layer.7.attention.self.value,linear,"[1, 21, 768] x [768, 768]",0.0958581417798996,0.010976155288517475,6.200397183420137e-05,0.0013410780811682343,0.04424005746841431,0.02083110436797142,0.10557621717453003,0.0598338320851326,0.010976155288517475,0.0013020833721384406,0.0013410780811682343,0.02677433378994465,0.012741167098283768,0.08503429591655731,0.010292659513652325,0.0074259438551962376,0.0314360149204731,0.0317772775888443,0.01001440454274416,0.004865813534706831,0.029425442218780518
text_encoder.bert.encoder.layer.3.attention.self.query,linear,"[1, 11, 768] x [768, 768]",0.1541193276643753,0.011296589858829975,0.00011837121564894915,0.0013376871356740594,0.0442364476621151,0.0312228761613369,0.15234634280204773,0.10949337482452393,0.011296589858829975,0.0013020833721384406,0.0013376871356740594,0.0288152527064085,0.0198476891964674,0.1335574984550476,0.01302083395421505,0.00740729458630085,0.03172348439693451,0.0317840576171875,0.008342520333826542,0.0059322165325284,0.033747315406799316
text_encoder.bert.encoder.layer.0.attention.self.value,linear,"[1, 11, 768] x [768, 768]",0.08416193723678589,0.011537340469658375,0.00011837121564894915,0.0013529459247365594,0.04422365874052048,0.016208548098802567,0.08343541622161865,0.05764678120613098,0.011537340469658375,0.0013020833721384406,0.0013529459247365594,0.028095029294490814,0.00950066652148962,0.07303357124328613,0.009232955053448677,0.007809109054505825,0.03184185549616814,0.0318247489631176,0.008760874159634113,0.003184044500812888,0.019057370722293854
text_encoder.bert.encoder.layer.8.attention.self.value,linear,"[1, 21, 768] x [768, 768]",0.0894097238779068,0.0108184814453125,6.200397183420137e-05,0.0013326009502634406,0.04410979524254799,0.021732090041041374,0.1481945514678955,0.0569196455180645,0.0108184814453125,0.0013640873366966844,0.0013326009502634406,0.02481725811958313,0.012815781868994236,0.09956967830657959,0.00998263992369175,0.0075242784805595875,0.0314980186522007,0.0317976213991642,0.009257783181965351,0.004890259355306625,0.025001049041748047
text_encoder.bert.encoder.layer.10.attention.self.key,linear,"[1, 21, 768] x [768, 768]",0.1058407798409462,0.01105414517223835,6.200397183420137e-05,0.0013563368702307343,0.04406624287366867,0.0315040722489357,0.15166079998016357,0.0528273843228817,0.01105414517223835,0.0013020833721384406,0.0013563368702307343,0.027012944221496582,0.020947124809026718,0.12111881375312805,0.009300596080720425,0.0075056287460029125,0.0318700410425663,0.0317925363779068,0.00774720823392272,0.006244029384106398,0.038832902908325195
vision_encoder.backbone.layer.6.attention.k_proj,linear,"[1, 261, 768] x [768, 768]",0.18077506124973297,0.01631673239171505,4.988824912288692e-06,0.0013309054775163531,0.044010210782289505,0.05285181477665901,0.3375861942768097,0.07119552046060562,0.01631673239171505,0.0013120609801262617,0.0013309054775163531,0.018096143379807472,0.020912127569317818,0.2856566905975342,0.016308467835187912,0.0089094378054142,0.03160420432686806,0.0317484550178051,0.006425919942557812,0.007631025277078152,0.08382953703403473
vision_language_interaction.fusion_layers.2.attn.l_proj,linear,"[1, 21, 256] x [256, 1024]",0.1117931604385376,0.009876251220703125,0.0007440476329065859,0.004016876220703125,0.043905340135097504,0.025418009608983994,0.126316100358963,0.0848214328289032,0.009876251220703125,0.00390625,0.004016876220703125,0.03778025507926941,0.0256616473197937,0.1427597552537918,0.013392857275903225,0.0075531005859375,0.0316220261156559,0.031703948974609375,0.015459850430488586,0.010151107795536518,0.05481910705566406
text_encoder.bert.encoder.layer.11.attention.self.query,linear,"[1, 14, 768] x [768, 768]",0.1715959906578064,0.014190673828125,9.300595411332324e-05,0.0013241238193586469,0.04370124265551567,0.03420433774590492,0.1663728952407837,0.0905878022313118,0.014190673828125,0.0013020833721384406,0.0013241238193586469,0.02912994846701622,0.02053224854171276,0.13511785864830017,0.010044642724096775,0.007637871894985437,0.0314360111951828,0.0318332239985466,0.008628026582300663,0.006316418759524822,0.03497767448425293
text_encoder.bert.encoder.layer.2.attention.self.value,linear,"[1, 11, 768] x [768, 768]",0.11032197624444962,0.0113677978515625,0.00011837121564894915,0.0013478597393259406,0.043624211102724075,0.01587221957743168,0.08104904741048813,0.09588068723678589,0.0113677978515625,0.0013020833721384406,0.0013478597393259406,0.035912640392780304,0.012820885516703129,0.07870142161846161,0.01195549312978983,0.00759040005505085,0.03207859769463539,0.0317637138068676,0.009915195405483246,0.0036575011909008026,0.027985572814941406
text_encoder.bert.encoder.layer.2.attention.self.value,linear,"[1, 21, 768] x [768, 768]",0.1164434626698494,0.0113677978515625,6.200397183420137e-05,0.0013478597393259406,0.04362098127603531,0.0159414391964674,0.08636771142482758,0.0998883992433548,0.0113677978515625,0.0013020833721384406,0.0013478597393259406,0.0369098000228405,0.013045928440988064,0.09588605165481567,0.01109871082007885,0.00759040005505085,0.0317460335791111,0.0317637138068676,0.00993149634450674,0.0036733534652739763,0.01917911320924759
text_encoder.bert.encoder.layer.4.attention.self.key,linear,"[1, 21, 768] x [768, 768]",0.1363467276096344,0.011754353530704975,0.0004340278101153672,0.0013614230556413531,0.04353155195713043,0.030198698863387108,0.1429433822631836,0.0992063581943512,0.011754353530704975,0.0013020833721384406,0.0013614230556413531,0.030805379152297974,0.022509712725877762,0.15302219986915588,0.012276786379516125,0.0075853136368095875,0.0321180559694767,0.0318128801882267,0.008463533595204353,0.006367448251694441,0.03573727607727051
text_encoder.bert.encoder.layer.11.attention.self.key,linear,"[1, 14, 768] x [768, 768]",0.1715959906578064,0.011408488266170025,9.300595411332324e-05,0.0013478597393259406,0.043513212352991104,0.033023614436388016,0.16499921679496765,0.0905878022313118,0.011408488266170025,0.0013020833721384406,0.0013478597393259406,0.029142724350094795,0.020027540624141693,0.13946402072906494,0.010044642724096775,0.00730048306286335,0.0314360111951828,0.0317654088139534,0.008438336662948132,0.006177770439535379,0.0393451452255249
text_encoder.bert.encoder.layer.6.attention.self.value,linear,"[1, 21, 768] x [768, 768]",0.1080109179019928,0.011138916015625,6.200397183420137e-05,0.0013529459247365594,0.0433717779815197,0.02467072755098343,0.14571422338485718,0.067894347012043,0.011138916015625,0.0013020833721384406,0.0013529459247365594,0.023979978635907173,0.0137430215254426,0.1098814457654953,0.012276786379516125,0.0076751708984375,0.0314360149204731,0.0317772775888443,0.00846816599369049,0.005220580846071243,0.03255045413970947
text_encoder.bert.encoder.layer.3.output.dense,linear,"[1, 14, 3072] x [3072, 768]",0.4583333432674408,0.016482459381222725,2.325148852833081e-05,0.00033781264210119843,0.04302128031849861,0.01720527559518814,0.4457108974456787,0.308500736951828,0.016482459381222725,0.00032552084303461015,0.00033781264210119843,0.03273843601346016,0.013598073273897171,0.4705859124660492,0.145066037774086,0.00805706437677145,0.0345749631524086,0.0317637138068676,0.006013183854520321,0.00363213405944407,0.044200122356414795
vision_encoder.backbone.layer.7.attention.q_proj,linear,"[1, 261, 768] x [768, 768]",0.13334131240844727,0.01435004360973835,4.988824912288692e-06,0.0013529459247365594,0.04286907985806465,0.041233621537685394,0.3570314645767212,0.05940193682909012,0.01435004360973835,0.0013170497259125113,0.0013529459247365594,0.019229860976338387,0.018382733687758446,0.20633846521377563,0.014851732179522514,0.00846184603869915,0.03149944171309471,0.0317213274538517,0.0071175238117575645,0.007022757548838854,0.05994987487792969
vision_encoder.backbone.layer.10.attention.q_proj,linear,"[1, 261, 768] x [768, 768]",0.11160500347614288,0.01526557095348835,4.988824912288692e-06,0.0013427734375,0.04260614514350891,0.03846364468336105,0.26249241828918457,0.048276860266923904,0.01526557095348835,0.0013070721179246902,0.0013427734375,0.018012775108218193,0.01808043383061886,0.18961307406425476,0.014243095181882381,0.0085601806640625,0.03161917254328728,0.0317874476313591,0.007235251367092133,0.007441035006195307,0.05676645040512085
text_encoder.bert.encoder.layer.5.output.dense,linear,"[1, 11, 3072] x [3072, 768]",0.400390625,0.017389509826898575,2.9592803912237287e-05,0.0003348456521052867,0.04231179505586624,0.03195801377296448,0.6347067356109619,0.30300071835517883,0.017389509826898575,0.00032552084303461015,0.0003348456521052867,0.026983652263879776,0.017327716574072838,0.6781108379364014,0.14331795275211334,0.0083626639097929,0.03406131640076637,0.031725991517305374,0.007754760794341564,0.004968545865267515,0.0848926305770874
text_encoder.bert.encoder.layer.4.attention.self.key,linear,"[1, 11, 768] x [768, 768]",0.16110321879386902,0.011754353530704975,0.00011837121564894915,0.0013614230556413531,0.04183119907975197,0.029416251927614212,0.17318549752235413,0.11742424964904785,0.011754353530704975,0.0013020833721384406,0.0013614230556413531,0.030699118971824646,0.02235802263021469,0.159676194190979,0.01408617477864027,0.0075853136368095875,0.03172348439693451,0.0318128801882267,0.008432377129793167,0.0063512250781059265,0.03408202528953552
vision_encoder.backbone.layer.8.mlp.down_proj,linear,"[1, 261, 3072] x [3072, 768]",0.500568687915802,0.017305586487054825,1.247206228072173e-06,0.0003348456521052867,0.0415959432721138,0.0465974360704422,0.8411445617675781,0.3653678297996521,0.017305586487054825,0.00033425126457586884,0.0003348456521052867,0.014721126295626163,0.0152865219861269,0.9116134643554688,0.21093250811100006,0.008768717758357525,0.034059956669807434,0.031725142151117325,0.0053183878771960735,0.005117248278111219,0.29634857177734375
text_encoder.bert.encoder.layer.9.output.dense,linear,"[1, 21, 3072] x [3072, 768]",0.6724175810813904,0.016600290313363075,1.550099295855034e-05,0.0003348456521052867,0.04147570952773094,0.09709247201681137,1.602203369140625,0.1793464869260788,0.016600290313363075,0.00032552084303461015,0.0003348456521052867,0.011315909214317799,0.011693299748003483,1.1246566772460938,0.0578962080180645,0.0079328753054142,0.0376054085791111,0.0318247489631176,0.0024473967496305704,0.0027373656630516052,0.06400299072265625
text_encoder.bert.encoder.layer.9.attention.self.value,linear,"[1, 11, 768] x [768, 768]",0.08357007801532745,0.011211819015443325,0.00011837121564894915,0.0013529459247365594,0.04139040783047676,0.018802018836140633,0.10534080862998962,0.05433238670229912,0.011211819015443325,0.0013020833721384406,0.0013529459247365594,0.025755060836672783,0.01146914903074503,0.06852269172668457,0.011126894503831863,0.0074564614333212376,0.03136837109923363,0.0318383127450943,0.009238575585186481,0.0044023930095136166,0.02113121747970581
text_encoder.bert.encoder.layer.3.attention.self.key,linear,"[1, 11, 768] x [768, 768]",0.1541193276643753,0.011693318374454975,0.00011837121564894915,0.0013326009502634406,0.04137728735804558,0.03169345483183861,0.15815234184265137,0.10949337482452393,0.011693318374454975,0.0013020833721384406,0.0013326009502634406,0.02486814744770527,0.020126452669501305,0.1333634853363037,0.01302083395421505,0.0076616075821220875,0.03172348439693451,0.0318145751953125,0.006902096327394247,0.0058226073160767555,0.028603672981262207
text_encoder.bert.encoder.layer.3.attention.self.query,linear,"[1, 14, 768] x [768, 768]",0.1346726268529892,0.011296589858829975,9.300595411332324e-05,0.0013376871356740594,0.04135362431406975,0.0317838080227375,0.1843309998512268,0.0896577388048172,0.011296589858829975,0.0013020833721384406,0.0013376871356740594,0.02537420019507408,0.0187505055218935,0.13803109526634216,0.010881696827709675,0.00740729458630085,0.0319940485060215,0.0317840576171875,0.0073360237292945385,0.005682485178112984,0.031242549419403076
text_encoder.bert.encoder.layer.0.attention.self.value,linear,"[1, 14, 768] x [768, 768]",0.0753348246216774,0.011537340469658375,9.300595411332324e-05,0.0013529459247365594,0.04128304868936539,0.015890683978796005,0.09732350707054138,0.0439918152987957,0.011537340469658375,0.0013020833721384406,0.0013529459247365594,0.02259557507932186,0.0078101996332407,0.07303357124328613,0.008556547574698925,0.007809109054505825,0.0319010429084301,0.0318247489631176,0.007943965494632721,0.0030417826492339373,0.017092138528823853
text_encoder.bert.encoder.layer.3.attention.self.key,linear,"[1, 14, 768] x [768, 768]",0.1346726268529892,0.011693318374454975,9.300595411332324e-05,0.0013326009502634406,0.040849823504686356,0.03150452300906181,0.1800609827041626,0.0896577388048172,0.011693318374454975,0.0013020833721384406,0.0013326009502634406,0.023626558482646942,0.01894526556134224,0.1505313515663147,0.010881696827709675,0.0076616075821220875,0.0319940485060215,0.0318145751953125,0.00681247329339385,0.005692618433386087,0.033854544162750244
text_encoder.bert.encoder.layer.1.attention.self.value,linear,"[1, 11, 768] x [768, 768]",0.08948864042758942,0.010989719070494175,0.00011837121564894915,0.0013546413974836469,0.040738195180892944,0.014450841583311558,0.06816881895065308,0.07149621099233627,0.010989719070494175,0.0013020833721384406,0.0013546413974836469,0.032015834003686905,0.010861430317163467,0.06833920627832413,0.010416666977107525,0.007458156906068325,0.03172348439693451,0.0318077951669693,0.009549004957079887,0.003407190553843975,0.01799967885017395
vision_encoder.backbone.layer.7.attention.k_proj,linear,"[1, 261, 768] x [768, 768]",0.13334131240844727,0.0154876708984375,4.988824912288692e-06,0.0013427734375,0.04072029888629913,0.04145226255059242,0.31173238158226013,0.05940193682909012,0.0154876708984375,0.0013170497259125113,0.0013427734375,0.01811137981712818,0.018587425351142883,0.22142183780670166,0.014851732179522514,0.008550007827579975,0.03149944171309471,0.0317721888422966,0.006717784330248833,0.007098356261849403,0.07332050800323486
text_encoder.bert.encoder.layer.10.attention.self.value,linear,"[1, 11, 768] x [768, 768]",0.09434185922145844,0.01177130825817585,0.00011837121564894915,0.0013597276993095875,0.040718890726566315,0.019932864233851433,0.1092897355556488,0.04983428120613098,0.01177130825817585,0.0013020833721384406,0.0013597276993095875,0.02866554446518421,0.013120479881763458,0.09351447224617004,0.010890152305364609,0.007939656265079975,0.031486742198467255,0.0318247489631176,0.009985636919736862,0.004880585242062807,0.031269073486328125
text_encoder.bert.encoder.layer.5.attention.self.key,linear,"[1, 21, 768] x [768, 768]",0.1282242089509964,0.01158820278942585,6.200397183420137e-05,0.0013512505684047937,0.04056341201066971,0.0322180800139904,0.16086846590042114,0.0768229216337204,0.01158820278942585,0.0013020833721384406,0.0013512505684047937,0.024990549311041832,0.02068384177982807,0.1490190625190735,0.013330853544175625,0.0075395372696220875,0.0314980186522007,0.0318705253303051,0.007794003933668137,0.006831369362771511,0.035125285387039185
vision_encoder.backbone.layer.10.attention.k_proj,linear,"[1, 261, 768] x [768, 768]",0.11160500347614288,0.014797634445130825,4.988824912288692e-06,0.0013326009502634406,0.04056236147880554,0.03934479504823685,0.27363741397857666,0.048276860266923904,0.014797634445130825,0.0013070721179246902,0.0013326009502634406,0.016471417620778084,0.018379298970103264,0.21565616130828857,0.014243095181882381,0.0081329345703125,0.03161917254328728,0.0317467600107193,0.0065897321328520775,0.007506691850721836,0.06654548645019531
text_encoder.bert.encoder.layer.5.attention.self.query,linear,"[1, 21, 768] x [768, 768]",0.1282242089509964,0.011379665695130825,6.200397183420137e-05,0.0013546413974836469,0.040548548102378845,0.03201861307024956,0.1803063154220581,0.0768229216337204,0.011379665695130825,0.0013020833721384406,0.0013546413974836469,0.025164522230625153,0.021104760468006134,0.13437741994857788,0.013330853544175625,0.0074327257461845875,0.0314980186522007,0.0318061001598835,0.008128730580210686,0.006805336568504572,0.03361663222312927
text_encoder.bert.encoder.layer.4.attention.self.key,linear,"[1, 14, 768] x [768, 768]",0.1363467276096344,0.011754353530704975,9.300595411332324e-05,0.0013614230556413531,0.04043223708868027,0.029558684676885605,0.15262135863304138,0.092819944024086,0.011754353530704975,0.0013020833721384406,0.0013614230556413531,0.027947187423706055,0.020756619051098824,0.13179323077201843,0.0096726194024086,0.0075853136368095875,0.0317150317132473,0.0318128801882267,0.008000764064490795,0.006094607524573803,0.033926963806152344
text_encoder.bert.encoder.layer.4.attention.self.query,linear,"[1, 21, 768] x [768, 768]",0.1363467276096344,0.011689928360283375,0.0004340278101153672,0.0013461642665788531,0.04039664566516876,0.030781615525484085,0.1533869504928589,0.0992063581943512,0.011689928360283375,0.0013020833721384406,0.0013461642665788531,0.03033776953816414,0.0226056557148695,0.11790192127227783,0.012276786379516125,0.0074462890625,0.0321180559694767,0.0318569615483284,0.00831200834363699,0.006361949257552624,0.0352015495300293
text_encoder.bert.encoder.layer.10.attention.self.query,linear,"[1, 21, 768] x [768, 768]",0.1058407798409462,0.0121595598757267,6.200397183420137e-05,0.0013478597393259406,0.04033424332737923,0.03182820975780487,0.17977403104305267,0.0528273843228817,0.0121595598757267,0.0013020833721384406,0.0013478597393259406,0.025156518444418907,0.02148238942027092,0.12553465366363525,0.009300596080720425,0.0074971518479287624,0.0318700410425663,0.0318569615483284,0.007263417821377516,0.0062691704370081425,0.0359455943107605
text_encoder.bert.encoder.layer.8.attention.self.value,linear,"[1, 14, 768] x [768, 768]",0.10546875,0.0108184814453125,9.300595411332324e-05,0.0013326009502634406,0.039954543113708496,0.020473163574934006,0.11960947513580322,0.0724516361951828,0.0108184814453125,0.0013020833721384406,0.0013326009502634406,0.027451131492853165,0.01394391618669033,0.0824827179312706,0.011811756528913975,0.0075242784805595875,0.0319010429084301,0.0317976213991642,0.009293715469539165,0.005025484133511782,0.02658367156982422
text_encoder.bert.encoder.layer.10.attention.self.value,linear,"[1, 14, 768] x [768, 768]",0.0857514888048172,0.01177130825817585,9.300595411332324e-05,0.0013597276993095875,0.03991321474313736,0.01967945694923401,0.11835382878780365,0.0454799123108387,0.01177130825817585,0.0013020833721384406,0.0013597276993095875,0.026731600984930992,0.012680375017225742,0.10241258144378662,0.0116257444024086,0.007939656265079975,0.0319010429084301,0.0318247489631176,0.00953543558716774,0.00490895751863718,0.030646800994873047
text_encoder.bert.encoder.layer.7.attention.self.value,linear,"[1, 11, 768] x [768, 768]",0.10724432021379471,0.010976155288517475,0.00011837121564894915,0.0013410780811682343,0.03974951058626175,0.019951369613409042,0.10061720013618469,0.08357007801532745,0.010976155288517475,0.0013020833721384406,0.0013410780811682343,0.029967237263917923,0.013767058029770851,0.11594545841217041,0.012073864229023457,0.0074259438551962376,0.03172348439693451,0.0317772775888443,0.010127508081495762,0.004893565084785223,0.026111900806427002
text_encoder.bert.encoder.layer.1.attention.self.value,linear,"[1, 21, 768] x [768, 768]",0.090401791036129,0.010989719070494175,6.200397183420137e-05,0.0013546413974836469,0.039458561688661575,0.014449113979935646,0.07539701461791992,0.0698784738779068,0.010989719070494175,0.0013020833721384406,0.0013546413974836469,0.03135767951607704,0.010918582789599895,0.06374356895685196,0.009858631528913975,0.007458156906068325,0.0318700410425663,0.0318077951669693,0.009185859933495522,0.0033612640108913183,0.02002716064453125
text_encoder.bert.encoder.layer.5.attention.self.key,linear,"[1, 11, 768] x [768, 768]",0.1557765156030655,0.01158820278942585,0.00011837121564894915,0.0013512505684047937,0.039316799491643906,0.031099623069167137,0.15870416164398193,0.1145833358168602,0.01158820278942585,0.0013020833721384406,0.0013512505684047937,0.02664785459637642,0.02234044298529625,0.13332253694534302,0.012784091755747795,0.0075395372696220875,0.031960226595401764,0.0318705253303051,0.008012941107153893,0.006793277803808451,0.040431395173072815
text_encoder.bert.encoder.layer.3.attention.self.key,linear,"[1, 21, 768] x [768, 768]",0.1476934552192688,0.011693318374454975,6.200397183420137e-05,0.0013326009502634406,0.039308950304985046,0.030979087576270103,0.1455860137939453,0.0914558619260788,0.011693318374454975,0.0013020833721384406,0.0013326009502634406,0.023598039522767067,0.01949908398091793,0.13682860136032104,0.010850694961845875,0.0076616075821220875,0.0318700410425663,0.0318145751953125,0.006679048296064138,0.005783508997410536,0.03365708887577057
vision_encoder.backbone.layer.9.attention.q_proj,linear,"[1, 261, 768] x [768, 768]",0.11001356691122055,0.013824462890625,4.988824912288692e-06,0.0013309054775163531,0.03926706314086914,0.03788894787430763,0.26451611518859863,0.04840157926082611,0.013824462890625,0.0013170497259125113,0.0013309054775163531,0.017580877989530563,0.017647497355937958,0.16726477444171906,0.013245330192148685,0.008182101882994175,0.031594227999448776,0.0317637138068676,0.007029457949101925,0.007190530188381672,0.05550104379653931
text_encoder.bert.encoder.layer.6.attention.self.value,linear,"[1, 11, 768] x [768, 768]",0.1276041716337204,0.011138916015625,0.00011837121564894915,0.0013529459247365594,0.03919825330376625,0.023884447291493416,0.1388293206691742,0.09907671064138412,0.011138916015625,0.0013020833721384406,0.0013529459247365594,0.027813326567411423,0.01560487225651741,0.10642537474632263,0.010535038076341152,0.0076751708984375,0.03207859769463539,0.0317772775888443,0.009188186377286911,0.0052837892435491085,0.02689915895462036
text_encoder.bert.encoder.layer.5.attention.self.query,linear,"[1, 11, 768] x [768, 768]",0.1557765156030655,0.011379665695130825,0.00011837121564894915,0.0013546413974836469,0.03901974856853485,0.03174401819705963,0.18827247619628906,0.1145833358168602,0.011379665695130825,0.0013020833721384406,0.0013546413974836469,0.027109285816550255,0.022164756432175636,0.13252604007720947,0.012784091755747795,0.0074327257461845875,0.031960226595401764,0.0318061001598835,0.007944084703922272,0.006677727214992046,0.032647550106048584
text_encoder.bert.encoder.layer.2.attention.self.value,linear,"[1, 14, 768] x [768, 768]",0.0892857164144516,0.0113677978515625,9.300595411332324e-05,0.0013478597393259406,0.038866475224494934,0.01596447452902794,0.09845495223999023,0.0734747052192688,0.0113677978515625,0.0013020833721384406,0.0013478597393259406,0.029889291152358055,0.011966952122747898,0.07149870693683624,0.01023065485060215,0.00759040005505085,0.0317150317132473,0.0317637138068676,0.00890005100518465,0.0036718568298965693,0.01916571334004402
text_encoder.bert.encoder.layer.4.attention.self.query,linear,"[1, 11, 768] x [768, 768]",0.16110321879386902,0.011689928360283375,0.00011837121564894915,0.0013461642665788531,0.03815534710884094,0.02945565991103649,0.16390351951122284,0.11742424964904785,0.011689928360283375,0.0013020833721384406,0.0013461642665788531,0.029386144131422043,0.022393319755792618,0.13532555103302002,0.01408617477864027,0.0074462890625,0.03172348439693451,0.0318569615483284,0.008047077804803848,0.006265715230256319,0.04537162929773331
vision_encoder.backbone.layer.11.attention.v_proj,linear,"[1, 261, 768] x [768, 768]",0.07116558402776718,0.012134128250181675,4.988824912288692e-06,0.0013461642665788531,0.037590354681015015,0.03894145414233208,0.23916812241077423,0.04455020651221275,0.012134128250181675,0.0013070721179246902,0.0013461642665788531,0.024980321526527405,0.025751754641532898,0.23154139518737793,0.014008620753884315,0.007854885421693325,0.031594227999448776,0.0317789725959301,0.010822211392223835,0.011374174617230892,0.08322674036026001
text_encoder.bert.encoder.layer.5.attention.self.query,linear,"[1, 14, 768] x [768, 768]",0.1329985111951828,0.011379665695130825,9.300595411332324e-05,0.0013546413974836469,0.03748209401965141,0.03157678246498108,0.174218088388443,0.0958891361951828,0.011379665695130825,0.0013020833721384406,0.0013546413974836469,0.026776906102895737,0.022610154002904892,0.13183724880218506,0.011904762126505375,0.0074327257461845875,0.0314360111951828,0.0318061001598835,0.0077445246279239655,0.006646524183452129,0.03660339117050171
text_encoder.bert.encoder.layer.5.attention.self.key,linear,"[1, 14, 768] x [768, 768]",0.1329985111951828,0.01158820278942585,9.300595411332324e-05,0.0013512505684047937,0.03745798021554947,0.031390298157930374,0.171783447265625,0.0958891361951828,0.01158820278942585,0.0013020833721384406,0.0013512505684047937,0.026890018954873085,0.022201981395483017,0.11757946014404297,0.011904762126505375,0.0075395372696220875,0.0314360111951828,0.0318705253303051,0.007936174981296062,0.006683304440230131,0.03675520420074463
text_encoder.bert.encoder.layer.2.attention.self.query,linear,"[1, 11, 768] x [768, 768]",0.11032197624444962,0.0120832659304142,0.00011837121564894915,0.0013444689102470875,0.03741453215479851,0.027510913088917732,0.1728818416595459,0.09588068723678589,0.0120832659304142,0.0013020833721384406,0.0013444689102470875,0.03000020608305931,0.021455686539411545,0.1376069188117981,0.01195549312978983,0.007659912109375,0.03207859769463539,0.0318061001598835,0.008906438946723938,0.006510953418910503,0.03933316469192505
text_encoder.bert.encoder.layer.4.attention.self.query,linear,"[1, 14, 768] x [768, 768]",0.1363467276096344,0.011689928360283375,9.300595411332324e-05,0.0013461642665788531,0.03735790401697159,0.03021989017724991,0.17588698863983154,0.092819944024086,0.011689928360283375,0.0013020833721384406,0.0013461642665788531,0.026759570464491844,0.021213248372077942,0.13486450910568237,0.0096726194024086,0.0074462890625,0.0317150317132473,0.0318569615483284,0.007608249317854643,0.006212708540260792,0.034458257257938385
vision_encoder.backbone.layer.9.attention.k_proj,linear,"[1, 261, 768] x [768, 768]",0.11001356691122055,0.01471625454723835,4.988824912288692e-06,0.0013410780811682343,0.03643345460295677,0.038073182106018066,0.2663789391517639,0.04840157926082611,0.01471625454723835,0.0013170497259125113,0.0013410780811682343,0.016009962186217308,0.017847442999482155,0.15964078903198242,0.013245330192148685,0.0083143450319767,0.031594227999448776,0.0317586250603199,0.006326561328023672,0.007188488729298115,0.060560405254364014
vision_encoder.backbone.layer.4.attention.q_proj,linear,"[1, 261, 768] x [768, 768]",0.18024125695228577,0.0152265764772892,4.988824912288692e-06,0.0013393826084211469,0.036421943455934525,0.04559755697846413,0.34987592697143555,0.08147748559713364,0.0152265764772892,0.0013070721179246902,0.0013393826084211469,0.016845257952809334,0.02067345194518566,0.22089004516601562,0.019850533455610275,0.008760240860283375,0.03152438625693321,0.0317264124751091,0.006185411941260099,0.007830055430531502,0.05719456076622009
text_encoder.bert.encoder.layer.0.attention.self.query,linear,"[1, 14, 768] x [768, 768]",0.0753348246216774,0.01291741244494915,9.300595411332324e-05,0.0013546413974836469,0.03605933487415314,0.024731414392590523,0.13393890857696533,0.0439918152987957,0.01291741244494915,0.0013020833721384406,0.0013546413974836469,0.02005169354379177,0.012353030033409595,0.11674535274505615,0.008556547574698925,0.007744683418422937,0.0319010429084301,0.03179931640625,0.006963217630982399,0.00465903477743268,0.029717564582824707
text_encoder.bert.encoder.layer.9.attention.self.value,linear,"[1, 14, 768] x [768, 768]",0.0757998526096344,0.011211819015443325,9.300595411332324e-05,0.0013529459247365594,0.035821251571178436,0.016751250252127647,0.09316372871398926,0.0516183041036129,0.011211819015443325,0.0013020833721384406,0.0013529459247365594,0.024894125759601593,0.011555292643606663,0.08222737908363342,0.00930059514939785,0.0074564614333212376,0.0316220261156559,0.0318383127450943,0.008853745646774769,0.004389140754938126,0.02676546573638916
text_encoder.bert.encoder.layer.6.attention.self.key,linear,"[1, 21, 768] x [768, 768]",0.1080109179019928,0.011584811843931675,6.200397183420137e-05,0.0013495550956577063,0.03574623167514801,0.032224901020526886,0.13794904947280884,0.067894347012043,0.011584811843931675,0.0013020833721384406,0.0013495550956577063,0.022490564733743668,0.017302416265010834,0.1282476782798767,0.012276786379516125,0.0076192221604287624,0.0314360149204731,0.0318196602165699,0.007856080308556557,0.006469685584306717,0.03585672378540039
text_encoder.bert.encoder.layer.6.attention.self.key,linear,"[1, 14, 768] x [768, 768]",0.12109375,0.011584811843931675,9.300595411332324e-05,0.0013495550956577063,0.03550812229514122,0.030761511996388435,0.16585785150527954,0.091796875,0.011584811843931675,0.0013020833721384406,0.0013495550956577063,0.025492362678050995,0.02092471532523632,0.1590905487537384,0.012462797574698925,0.0076192221604287624,0.0316220261156559,0.0318196602165699,0.007887784391641617,0.006758627016097307,0.03460705280303955
text_encoder.bert.encoder.layer.8.attention.self.key,linear,"[1, 21, 768] x [768, 768]",0.0894097238779068,0.011728922836482525,6.200397183420137e-05,0.0013444689102470875,0.03532194346189499,0.027414429932832718,0.13376036286354065,0.0569196455180645,0.011728922836482525,0.0013640873366966844,0.0013444689102470875,0.021220680326223373,0.015732772648334503,0.13096174597740173,0.00998263992369175,0.0076429578475654125,0.0314980186522007,0.0317959263920784,0.007412259466946125,0.005912459455430508,0.03639054298400879
text_encoder.bert.encoder.layer.8.attention.self.value,linear,"[1, 11, 768] x [768, 768]",0.0950520858168602,0.0108184814453125,0.00011837121564894915,0.0013326009502634406,0.03528265282511711,0.01926027424633503,0.10459047555923462,0.07954545319080353,0.0108184814453125,0.0013020833721384406,0.0013326009502634406,0.025517579168081284,0.012991655617952347,0.08581811189651489,0.011126894503831863,0.0075242784805595875,0.03172348439693451,0.0317976213991642,0.00883178599178791,0.004769998136907816,0.028220176696777344
text_encoder.bert.encoder.layer.2.attention.self.query,linear,"[1, 21, 768] x [768, 768]",0.1164434626698494,0.0120832659304142,6.200397183420137e-05,0.0013444689102470875,0.035004306584596634,0.026670169085264206,0.18616271018981934,0.0998883992433548,0.0120832659304142,0.0013020833721384406,0.0013444689102470875,0.030840279534459114,0.022254234179854393,0.1840628981590271,0.01109871082007885,0.007659912109375,0.0317460335791111,0.0318061001598835,0.008640513755381107,0.00646868534386158,0.052274465560913086
text_encoder.bert.encoder.layer.0.attention.self.query,linear,"[1, 11, 768] x [768, 768]",0.08416193723678589,0.01291741244494915,0.00011837121564894915,0.0013546413974836469,0.034953221678733826,0.02439238131046295,0.14579316973686218,0.05764678120613098,0.01291741244494915,0.0013020833721384406,0.0013546413974836469,0.02289700135588646,0.01465413998812437,0.11674535274505615,0.009232955053448677,0.007744683418422937,0.03184185549616814,0.03179931640625,0.007310275919735432,0.004990887362509966,0.035321593284606934
text_encoder.bert.encoder.layer.9.output.dense,linear,"[1, 14, 3072] x [3072, 768]",0.6607142686843872,0.016600290313363075,2.325148852833081e-05,0.0003348456521052867,0.0349053256213665,0.10125035792589188,1.6625289916992188,0.2079148143529892,0.016600290313363075,0.00032552084303461015,0.0003348456521052867,0.011732477694749832,0.018648309633135796,1.3169174194335938,0.0517578125,0.0079328753054142,0.0368536077439785,0.0318247489631176,0.002820667577907443,0.0035810647532343864,0.118438720703125
text_encoder.bert.encoder.layer.6.attention.self.query,linear,"[1, 21, 768] x [768, 768]",0.1080109179019928,0.011140611954033375,6.200397183420137e-05,0.0013427734375,0.03475693613290787,0.031783994287252426,0.15461349487304688,0.067894347012043,0.011140611954033375,0.0013020833721384406,0.0013427734375,0.019865401089191437,0.01738818921148777,0.13079190254211426,0.012276786379516125,0.0074717202223837376,0.0314360149204731,0.0318230539560318,0.006847159471362829,0.0065701487474143505,0.036577701568603516
text_encoder.bert.encoder.layer.1.attention.self.value,linear,"[1, 14, 768] x [768, 768]",0.0760788694024086,0.010989719070494175,9.300595411332324e-05,0.0013546413974836469,0.0346088632941246,0.01425250992178917,0.08861774206161499,0.0555245541036129,0.010989719070494175,0.0013020833721384406,0.0013546413974836469,0.025054482743144035,0.009818250313401222,0.06279797106981277,0.009021577425301075,0.007458156906068325,0.0319010429084301,0.0318077951669693,0.008055083453655243,0.0033115900587290525,0.020381927490234375
text_encoder.bert.encoder.layer.0.attention.self.query,linear,"[1, 21, 768] x [768, 768]",0.0875496119260788,0.01291741244494915,6.200397183420137e-05,0.0013546413974836469,0.034508250653743744,0.024197693914175034,0.13393914699554443,0.0560515895485878,0.01291741244494915,0.0013020833721384406,0.0013546413974836469,0.022880196571350098,0.014638504944741726,0.1167452335357666,0.0096726194024086,0.007744683418422937,0.0316840298473835,0.03179931640625,0.007399968337267637,0.005080695264041424,0.029717445373535156
vision_encoder.backbone.layer.4.attention.k_proj,linear,"[1, 261, 768] x [768, 768]",0.18024125695228577,0.01570977084338665,4.988824912288692e-06,0.0013326009502634406,0.034481339156627655,0.045634105801582336,0.3630175292491913,0.08147748559713364,0.01570977084338665,0.0013070721179246902,0.0013326009502634406,0.015976563096046448,0.020750783383846283,0.24500411748886108,0.019850533455610275,0.0086805559694767,0.03152438625693321,0.0317281074821949,0.005827616434544325,0.007817557081580162,0.06399428844451904
text_encoder.bert.encoder.layer.6.attention.self.key,linear,"[1, 11, 768] x [768, 768]",0.1276041716337204,0.011584811843931675,0.00011837121564894915,0.0013495550956577063,0.03409771993756294,0.030171679332852364,0.14523440599441528,0.09907671064138412,0.011584811843931675,0.0013020833721384406,0.0013495550956577063,0.02412363886833191,0.01974935457110405,0.13594770431518555,0.010535038076341152,0.0076192221604287624,0.03207859769463539,0.0318196602165699,0.008148248307406902,0.006827334873378277,0.04779723286628723
text_encoder.bert.encoder.layer.7.attention.self.key,linear,"[1, 21, 768] x [768, 768]",0.0958581417798996,0.0113983154296875,6.200397183420137e-05,0.0013529459247365594,0.033960383385419846,0.026982614770531654,0.13194513320922852,0.0598338320851326,0.0113983154296875,0.0013020833721384406,0.0013529459247365594,0.022541390731930733,0.017239689826965332,0.10955280065536499,0.010292659513652325,0.0074208579026162624,0.0314360149204731,0.03179931640625,0.007400474976748228,0.006171190179884434,0.035492002964019775
text_encoder.bert.encoder.layer.9.attention.self.key,linear,"[1, 21, 768] x [768, 768]",0.0863095298409462,0.012101915664970875,6.200397183420137e-05,0.0013393826084211469,0.03395294025540352,0.025761932134628296,0.12305420637130737,0.0510292686522007,0.012101915664970875,0.0013020833721384406,0.0013393826084211469,0.02331393212080002,0.017694465816020966,0.1352527141571045,0.010292659513652325,0.0075242784805595875,0.0321180559694767,0.0318366177380085,0.0075984918512403965,0.005967822391539812,0.04191160202026367
vision_language_interaction.text_layers.2.self_attn,linear,"[21, 1, 256] x [256, 768]",0.0669642835855484,0.01152547262609005,0.0013020833721384406,0.004007975570857525,0.03389022871851921,0.0152884004637599,0.0934174656867981,0.0530133955180645,0.01152547262609005,0.00390625,0.004007975570857525,0.02664390206336975,0.014292504638433456,0.11802136898040771,0.012276786379516125,0.007929484359920025,0.0316220261156559,0.0317281112074852,0.010962639935314655,0.005889656487852335,0.03533172607421875
text_encoder.bert.encoder.layer.6.attention.self.query,linear,"[1, 14, 768] x [768, 768]",0.12109375,0.011140611954033375,9.300595411332324e-05,0.0013427734375,0.033762648701667786,0.030862044543027878,0.19205164909362793,0.091796875,0.011140611954033375,0.0013020833721384406,0.0013427734375,0.023770760744810104,0.0211489275097847,0.15015262365341187,0.012462797574698925,0.0074717202223837376,0.0316220261156559,0.0318230539560318,0.007208985276520252,0.006730097346007824,0.03758585453033447
vision_encoder.backbone.layer.3.attention.o_proj,linear,"[1, 261, 768] x [768, 768]",0.0880078598856926,0.014582316391170025,4.988824912288692e-06,0.0013342963065952063,0.03364366665482521,0.021935896947979927,0.15229132771492004,0.04592712223529816,0.014582316391170025,0.0013569603906944394,0.0013342963065952063,0.018082210794091225,0.016720328480005264,0.11624550819396973,0.014248084276914597,0.007965087890625,0.031579263508319855,0.0318010114133358,0.008719838224351406,0.00816098228096962,0.05133971571922302
text_encoder.bert.encoder.layer.2.attention.self.query,linear,"[1, 14, 768] x [768, 768]",0.0892857164144516,0.0120832659304142,9.300595411332324e-05,0.0013444689102470875,0.03340058773756027,0.027596335858106613,0.20878052711486816,0.0734747052192688,0.0120832659304142,0.0013020833721384406,0.0013444689102470875,0.026730503886938095,0.02113545499742031,0.18230056762695312,0.01023065485060215,0.007659912109375,0.0317150317132473,0.0318061001598835,0.0078086163848638535,0.006429008208215237,0.05569016933441162
text_encoder.bert.encoder.layer.9.attention.self.query,linear,"[1, 21, 768] x [768, 768]",0.0863095298409462,0.010538737289607525,6.200397183420137e-05,0.0013495550956577063,0.033381324261426926,0.025658151134848595,0.13457858562469482,0.0510292686522007,0.010538737289607525,0.0013020833721384406,0.0013495550956577063,0.02143552526831627,0.018120862543582916,0.10357886552810669,0.010292659513652325,0.00716315396130085,0.0321180559694767,0.0318400077521801,0.006753876805305481,0.005800295155495405,0.03464174270629883
text_encoder.bert.encoder.layer.10.attention.self.key,linear,"[1, 11, 768] x [768, 768]",0.09434185922145844,0.01105414517223835,0.00011837121564894915,0.0013563368702307343,0.03323827683925629,0.025325797498226166,0.1265711784362793,0.04983428120613098,0.01105414517223835,0.0013020833721384406,0.0013563368702307343,0.023524068295955658,0.016937926411628723,0.1024756133556366,0.010890152305364609,0.0075056287460029125,0.031486742198467255,0.0317925363779068,0.007996355183422565,0.0062867747619748116,0.0337824821472168
text_encoder.bert.encoder.layer.9.output.dense,linear,"[1, 11, 3072] x [3072, 768]",0.7278941869735718,0.016600290313363075,2.9592803912237287e-05,0.0003348456521052867,0.0329187773168087,0.1212131679058075,1.5178909301757812,0.1935369372367859,0.016600290313363075,0.00032552084303461015,0.0003348456521052867,0.012900996021926403,0.02326793037354946,1.8315048217773438,0.05015980079770088,0.0079328753054142,0.037050191313028336,0.0318247489631176,0.001911727013066411,0.003386367578059435,0.2118377685546875
text_encoder.bert.encoder.layer.7.attention.self.key,linear,"[1, 11, 768] x [768, 768]",0.10724432021379471,0.0113983154296875,0.00011837121564894915,0.0013529459247365594,0.03277134895324707,0.025732023641467094,0.12832987308502197,0.08357007801532745,0.0113983154296875,0.0013020833721384406,0.0013529459247365594,0.02300046570599079,0.018091769888997078,0.11475861072540283,0.012073864229023457,0.0074208579026162624,0.03172348439693451,0.03179931640625,0.007879150100052357,0.006511750631034374,0.033645033836364746
text_encoder.bert.encoder.layer.7.attention.self.key,linear,"[1, 14, 768] x [768, 768]",0.1080729216337204,0.0113983154296875,9.300595411332324e-05,0.0013529459247365594,0.03259820491075516,0.02695940062403679,0.14153650403022766,0.0797991082072258,0.0113983154296875,0.0013020833721384406,0.0013529459247365594,0.02473362721502781,0.019873064011335373,0.1119561493396759,0.010881696827709675,0.0074208579026162624,0.0313430055975914,0.03179931640625,0.007943450473248959,0.006577357184141874,0.03431802988052368
text_encoder.bert.encoder.layer.10.attention.self.key,linear,"[1, 14, 768] x [768, 768]",0.0857514888048172,0.01105414517223835,9.300595411332324e-05,0.0013563368702307343,0.03237300366163254,0.02488715387880802,0.12480431795120239,0.0454799123108387,0.01105414517223835,0.0013020833721384406,0.0013563368702307343,0.02226860634982586,0.016770735383033752,0.1251072883605957,0.0116257444024086,0.0075056287460029125,0.0319010429084301,0.0317925363779068,0.007746631279587746,0.006320228334516287,0.03098011016845703
text_encoder.bert.encoder.layer.8.attention.self.key,linear,"[1, 14, 768] x [768, 768]",0.10546875,0.011728922836482525,9.300595411332324e-05,0.0013444689102470875,0.032255131751298904,0.025976793840527534,0.17292165756225586,0.0724516361951828,0.011728922836482525,0.0013020833721384406,0.0013444689102470875,0.022137483581900597,0.017516253516077995,0.10347762703895569,0.011811756528913975,0.0076429578475654125,0.0319010429084301,0.0317959263920784,0.007693382445722818,0.006259740795940161,0.033203333616256714
vision_language_interaction.fusion_layers.1.attn.values_l_proj,linear,"[1, 21, 256] x [256, 1024]",0.0608258955180645,0.00994110107421875,0.00037202381645329297,0.00405120849609375,0.03220319375395775,0.024595091119408607,0.12231422960758209,0.0572916679084301,0.00994110107421875,0.00390625,0.00405120849609375,0.02724897302687168,0.020593570545315742,0.12251406908035278,0.0135788694024086,0.00750732421875,0.0318080373108387,0.03177642822265625,0.012874195352196693,0.009380687028169632,0.04709064960479736
text_encoder.bert.encoder.layer.6.attention.self.query,linear,"[1, 11, 768] x [768, 768]",0.1276041716337204,0.011140611954033375,0.00011837121564894915,0.0013427734375,0.03208216279745102,0.029959095641970634,0.17531538009643555,0.09907671064138412,0.011140611954033375,0.0013020833721384406,0.0013427734375,0.02237529493868351,0.01988818123936653,0.13339638710021973,0.010535038076341152,0.0074717202223837376,0.03207859769463539,0.0318230539560318,0.007264467887580395,0.006853817496448755,0.045208752155303955
text_encoder.bert.encoder.layer.8.attention.self.query,linear,"[1, 14, 768] x [768, 768]",0.10546875,0.011027018539607525,9.300595411332324e-05,0.0013461642665788531,0.03192686662077904,0.025999654084444046,0.14588236808776855,0.0724516361951828,0.011027018539607525,0.0013020833721384406,0.0013461642665788531,0.021988965570926666,0.017606638371944427,0.12065482139587402,0.011811756528913975,0.0073954262770712376,0.0319010429084301,0.031821358948946,0.0073340702801942825,0.006168542895466089,0.04320305585861206
text_encoder.bert.encoder.layer.10.attention.self.query,linear,"[1, 11, 768] x [768, 768]",0.09434185922145844,0.0121595598757267,0.00011837121564894915,0.0013478597393259406,0.031737320125103,0.02606557495892048,0.12668782472610474,0.04983428120613098,0.0121595598757267,0.0013020833721384406,0.0013478597393259406,0.022140294313430786,0.0170952919870615,0.09743410348892212,0.010890152305364609,0.0074971518479287624,0.031486742198467255,0.0318569615483284,0.007706786505877972,0.006310745608061552,0.036309003829956055
text_encoder.bert.encoder.layer.7.attention.self.query,linear,"[1, 21, 768] x [768, 768]",0.0958581417798996,0.011018541641533375,6.200397183420137e-05,0.0013580322265625,0.03160753473639488,0.027729440480470657,0.17169535160064697,0.0598338320851326,0.011018541641533375,0.0013020833721384406,0.0013580322265625,0.019854523241519928,0.01689179427921772,0.1309962272644043,0.010292659513652325,0.007434421218931675,0.0314360149204731,0.0317925363779068,0.006618513260036707,0.006267243064939976,0.035573720932006836
text_encoder.bert.encoder.layer.7.attention.self.query,linear,"[1, 14, 768] x [768, 768]",0.1080729216337204,0.011018541641533375,9.300595411332324e-05,0.0013580322265625,0.031529176980257034,0.026933057233691216,0.13857170939445496,0.0797991082072258,0.011018541641533375,0.0013020833721384406,0.0013580322265625,0.022875051945447922,0.019520148634910583,0.1295238733291626,0.010881696827709675,0.007434421218931675,0.0313430055975914,0.0317925363779068,0.0073729404248297215,0.006515222135931253,0.03835272789001465
text_encoder.bert.encoder.layer.2.attention.self.key,linear,"[1, 14, 768] x [768, 768]",0.0892857164144516,0.01244438998401165,9.300595411332324e-05,0.0013580322265625,0.03148246929049492,0.02680041454732418,0.1772899627685547,0.0734747052192688,0.01244438998401165,0.0013020833721384406,0.0013580322265625,0.025051545351743698,0.02065218798816204,0.16711735725402832,0.01023065485060215,0.007859972305595875,0.0317150317132473,0.0318010114133358,0.007321095559746027,0.006310733966529369,0.043883562088012695
text_encoder.bert.encoder.layer.9.attention.self.key,linear,"[1, 11, 768] x [768, 768]",0.08357007801532745,0.012101915664970875,0.00011837121564894915,0.0013393826084211469,0.03135448321700096,0.024721449241042137,0.12958699464797974,0.05433238670229912,0.012101915664970875,0.0013020833721384406,0.0013393826084211469,0.02016892470419407,0.015509843826293945,0.12045985460281372,0.011126894503831863,0.0075242784805595875,0.03136837109923363,0.0318366177380085,0.007319749798625708,0.005831163376569748,0.03551572561264038
text_encoder.bert.encoder.layer.8.attention.self.query,linear,"[1, 21, 768] x [768, 768]",0.0894097238779068,0.011027018539607525,6.200397183420137e-05,0.0013461642665788531,0.03133273869752884,0.027417728677392006,0.1645587682723999,0.0569196455180645,0.011027018539607525,0.0013640873366966844,0.0013461642665788531,0.01917228102684021,0.01568908430635929,0.10948681831359863,0.00998263992369175,0.0073954262770712376,0.0314980186522007,0.031821358948946,0.006686534732580185,0.006027995143085718,0.03515717387199402
text_encoder.bert.encoder.layer.2.attention.self.key,linear,"[1, 11, 768] x [768, 768]",0.11032197624444962,0.01244438998401165,0.00011837121564894915,0.0013580322265625,0.031255092471838,0.026087917387485504,0.15952938795089722,0.09588068723678589,0.01244438998401165,0.0013020833721384406,0.0013580322265625,0.02552260085940361,0.021229440346360207,0.1703014373779297,0.01195549312978983,0.007859972305595875,0.03207859769463539,0.0318010114133358,0.007562616840004921,0.00633437791839242,0.058229029178619385
vision_projection.skip,linear,"[1, 2, 256, 768] x [768, 256]",0.07458750903606415,0.006052653305232525,2.543131586207892e-06,0.001373291015625,0.031162437051534653,0.5714811086654663,3.1551666259765625,0.0322418212890625,0.006052653305232525,0.00130462646484375,0.001373291015625,0.013063819147646427,0.36238807439804077,2.804309844970703,0.0114415492862463,0.004923502914607525,0.0317331962287426,0.0323079451918602,0.005523934029042721,0.15831857919692993,1.069314956665039
text_encoder.bert.encoder.layer.10.attention.self.query,linear,"[1, 14, 768] x [768, 768]",0.0857514888048172,0.0121595598757267,9.300595411332324e-05,0.0013478597393259406,0.031143032014369965,0.025518445298075676,0.1327454298734665,0.0454799123108387,0.0121595598757267,0.0013020833721384406,0.0013478597393259406,0.021548038348555565,0.01705131120979786,0.13961565494537354,0.0116257444024086,0.0074971518479287624,0.0319010429084301,0.0318569615483284,0.007230097893625498,0.006166406441479921,0.04427492618560791
text_encoder.bert.encoder.layer.9.attention.self.query,linear,"[1, 11, 768] x [768, 768]",0.08357007801532745,0.010538737289607525,0.00011837121564894915,0.0013495550956577063,0.031131187453866005,0.025006169453263283,0.1276567578315735,0.05433238670229912,0.010538737289607525,0.0013020833721384406,0.0013495550956577063,0.01985132321715355,0.015181181021034718,0.084503173828125,0.011126894503831863,0.00716315396130085,0.03136837109923363,0.0318400077521801,0.006978842429816723,0.005694876424968243,0.0334552526473999
vision_encoder.backbone.layer.1.attention.o_proj,linear,"[1, 261, 768] x [768, 768]",0.08482997864484787,0.02791171707212925,4.988824912288692e-06,0.0013292101211845875,0.03106936626136303,0.017940018326044083,0.135181725025177,0.03628372400999069,0.02791171707212925,0.0013220385881140828,0.0013292101211845875,0.01694926992058754,0.009386181831359863,0.11192333698272705,0.015210927464067936,0.008282131515443325,0.03169400617480278,0.0318094901740551,0.007400354836136103,0.004066588822752237,0.04899704456329346
text_encoder.bert.encoder.layer.1.attention.self.query,linear,"[1, 11, 768] x [768, 768]",0.08948864042758942,0.0121137835085392,0.00011837121564894915,0.0013427734375,0.030710870400071144,0.021871712058782578,0.10699278116226196,0.07149621099233627,0.0121137835085392,0.0013020833721384406,0.0013427734375,0.02417689934372902,0.01632833480834961,0.10458439588546753,0.010416666977107525,0.0076649985276162624,0.03172348439693451,0.0317857526242733,0.007427340839058161,0.005281973630189896,0.028645575046539307
text_encoder.bert.encoder.layer.1.attention.self.query,linear,"[1, 21, 768] x [768, 768]",0.090401791036129,0.0121137835085392,6.200397183420137e-05,0.0013427734375,0.030644647777080536,0.022311735898256302,0.11756529659032822,0.0698784738779068,0.0121137835085392,0.0013020833721384406,0.0013427734375,0.02363685704767704,0.01631566882133484,0.09341540932655334,0.009858631528913975,0.0076649985276162624,0.0318700410425663,0.0317857526242733,0.007161418441683054,0.005204853136092424,0.025387883186340332
vision_encoder.backbone.layer.11.attention.q_proj,linear,"[1, 261, 768] x [768, 768]",0.07116558402776718,0.01584370993077755,4.988824912288692e-06,0.0013309054775163531,0.030488725751638412,0.022915611043572426,0.15428222715854645,0.04455020651221275,0.01584370993077755,0.0013070721179246902,0.0013309054775163531,0.016683027148246765,0.015591427683830261,0.13318389654159546,0.014008620753884315,0.008928087539970875,0.031594227999448776,0.03167724609375,0.0069292630068957806,0.006668162997812033,0.05065760016441345
text_encoder.bert.encoder.layer.7.attention.self.query,linear,"[1, 11, 768] x [768, 768]",0.10724432021379471,0.011018541641533375,0.00011837121564894915,0.0013580322265625,0.030347248539328575,0.026255059987306595,0.1340179294347763,0.08357007801532745,0.011018541641533375,0.0013020833721384406,0.0013580322265625,0.021368855610489845,0.017783792689442635,0.13220930099487305,0.012073864229023457,0.007434421218931675,0.03172348439693451,0.0317925363779068,0.007158995606005192,0.006385440938174725,0.032998085021972656
text_encoder.bert.encoder.layer.0.attention.self.key,linear,"[1, 14, 768] x [768, 768]",0.0753348246216774,0.013293796218931675,9.300595411332324e-05,0.0013376871356740594,0.03026505932211876,0.0245499387383461,0.1368425190448761,0.0439918152987957,0.013293796218931675,0.0013020833721384406,0.0013376871356740594,0.016925303265452385,0.01234260480850935,0.10524320602416992,0.008556547574698925,0.0079176165163517,0.0319010429084301,0.0317738838493824,0.005815495271235704,0.0046269758604466915,0.03376638889312744
text_encoder.bert.encoder.layer.2.attention.self.key,linear,"[1, 21, 768] x [768, 768]",0.1164434626698494,0.01244438998401165,6.200397183420137e-05,0.0013580322265625,0.029463835060596466,0.02626563049852848,0.16098308563232422,0.0998883992433548,0.01244438998401165,0.0013020833721384406,0.0013580322265625,0.025651516392827034,0.021977504715323448,0.18354925513267517,0.01109871082007885,0.007859972305595875,0.0317460335791111,0.0318010114133358,0.007005209103226662,0.006237315945327282,0.051915645599365234
text_encoder.bert.encoder.layer.8.attention.self.key,linear,"[1, 11, 768] x [768, 768]",0.0950520858168602,0.011728922836482525,0.00011837121564894915,0.0013444689102470875,0.029438689351081848,0.023673197254538536,0.11271727085113525,0.07954545319080353,0.011728922836482525,0.0013020833721384406,0.0013444689102470875,0.02146117016673088,0.01637776382267475,0.12411201000213623,0.011126894503831863,0.0076429578475654125,0.03172348439693451,0.0317959263920784,0.007456857245415449,0.005958120338618755,0.03232148289680481
vision_encoder.backbone.layer.1.mlp.up_proj,linear,"[1, 261, 768] x [768, 3072]",0.10197657346725464,0.018375396728515625,4.988824912288692e-06,0.0013453165302053094,0.029308324679732323,0.02221839502453804,0.1844131350517273,0.058508940041065216,0.018375396728515625,0.0013020832557231188,0.0013453165302053094,0.01559465005993843,0.010593595914542675,0.16757041215896606,0.028087085112929344,0.01104736328125,0.031589239835739136,0.0317111536860466,0.007186402101069689,0.004833179526031017,0.058264926075935364
text_encoder.bert.encoder.layer.0.attention.self.key,linear,"[1, 11, 768] x [768, 768]",0.08416193723678589,0.013293796218931675,0.00011837121564894915,0.0013376871356740594,0.02926674485206604,0.024064674973487854,0.11794302612543106,0.05764678120613098,0.013293796218931675,0.0013020833721384406,0.0013376871356740594,0.019389085471630096,0.014572085812687874,0.10262209177017212,0.009232955053448677,0.0079176165163517,0.03184185549616814,0.0317738838493824,0.006102107930928469,0.004947309382259846,0.03376638889312744
vision_encoder.backbone.layer.3.attention.q_proj,linear,"[1, 261, 768] x [768, 768]",0.22435744106769562,0.0158216692507267,1.9955299649154767e-05,0.0013495550956577063,0.029218733310699463,0.04159870743751526,0.3097594976425171,0.12555375695228577,0.0158216692507267,0.0013170497259125113,0.0013495550956577063,0.019837625324726105,0.029218880459666252,0.2386520951986313,0.029029972851276398,0.008875529281795025,0.03140963986515999,0.0317806676030159,0.007028120569884777,0.01048525795340538,0.0881345272064209
text_encoder.bert.encoder.layer.0.attention.self.key,linear,"[1, 21, 768] x [768, 768]",0.0875496119260788,0.013293796218931675,6.200397183420137e-05,0.0013376871356740594,0.029185814782977104,0.023896299302577972,0.1368424892425537,0.0560515895485878,0.013293796218931675,0.0013020833721384406,0.0013376871356740594,0.020475687459111214,0.015307164750993252,0.10914790630340576,0.0096726194024086,0.0079176165163517,0.0316840298473835,0.0317738838493824,0.006077494937926531,0.00494090560823679,0.03376626968383789
text_encoder.bert.encoder.layer.9.attention.self.query,linear,"[1, 14, 768] x [768, 768]",0.0757998526096344,0.010538737289607525,9.300595411332324e-05,0.0013495550956577063,0.028873484581708908,0.022545641288161278,0.11232343316078186,0.0516183041036129,0.010538737289607525,0.0013020833721384406,0.0013495550956577063,0.01984960027039051,0.015254750847816467,0.09392274916172028,0.00930059514939785,0.00716315396130085,0.0316220261156559,0.0318400077521801,0.006969927344471216,0.005790600087493658,0.030804693698883057
text_encoder.bert.encoder.layer.1.attention.self.query,linear,"[1, 14, 768] x [768, 768]",0.0760788694024086,0.0121137835085392,9.300595411332324e-05,0.0013427734375,0.028684133663773537,0.021674182265996933,0.12387043237686157,0.0555245541036129,0.0121137835085392,0.0013020833721384406,0.0013427734375,0.020661966875195503,0.014827447943389416,0.09790480136871338,0.009021577425301075,0.0076649985276162624,0.0319010429084301,0.0317857526242733,0.006875046994537115,0.005180544685572386,0.028063058853149414
vision_encoder.backbone.layer.11.attention.k_proj,linear,"[1, 261, 768] x [768, 768]",0.07116558402776718,0.01569281704723835,4.988824912288692e-06,0.0013393826084211469,0.028495468199253082,0.024588553234934807,0.16904330253601074,0.04455020651221275,0.01569281704723835,0.0013070721179246902,0.0013393826084211469,0.014455664902925491,0.016635071486234665,0.17772197723388672,0.014008620753884315,0.009028117172420025,0.031594227999448776,0.0317467600107193,0.0060015288181602955,0.00709779467433691,0.05687224864959717
text_encoder.bert.encoder.layer.1.attention.self.key,linear,"[1, 11, 768] x [768, 768]",0.08948864042758942,0.01253424771130085,0.00011837121564894915,0.0013512505684047937,0.02844819240272045,0.02221187762916088,0.12250232696533203,0.07149621099233627,0.01253424771130085,0.0013020833721384406,0.0013512505684047937,0.02159089408814907,0.016117284074425697,0.09673096984624863,0.010416666977107525,0.00791252963244915,0.03172348439693451,0.031790841370821,0.00685892254114151,0.005353078246116638,0.029105305671691895
vision_language_interaction.fusion_layers.1.attn.l_proj,linear,"[1, 21, 256] x [256, 1024]",0.0608258955180645,0.0098876953125,0.00037202381645329297,0.00408172607421875,0.028067685663700104,0.030574560165405273,0.2252521514892578,0.0572916679084301,0.0098876953125,0.00390625,0.00408172607421875,0.02260378934442997,0.025762291625142097,0.15545278787612915,0.0135788694024086,0.0075225830078125,0.0318080373108387,0.0317840576171875,0.010597522370517254,0.011621910147368908,0.06521010398864746
text_encoder.bert.encoder.layer.8.attention.self.query,linear,"[1, 11, 768] x [768, 768]",0.0950520858168602,0.011027018539607525,0.00011837121564894915,0.0013461642665788531,0.02769998461008072,0.02372434176504612,0.12264463305473328,0.07954545319080353,0.011027018539607525,0.0013020833721384406,0.0013461642665788531,0.02018020860850811,0.01611708104610443,0.10234102606773376,0.011126894503831863,0.0073954262770712376,0.03172348439693451,0.031821358948946,0.006837558001279831,0.005784061271697283,0.03225407004356384
text_encoder.bert.encoder.layer.9.attention.self.key,linear,"[1, 14, 768] x [768, 768]",0.0757998526096344,0.012101915664970875,9.300595411332324e-05,0.0013393826084211469,0.02765844762325287,0.022430051118135452,0.11169815063476562,0.0516183041036129,0.012101915664970875,0.0013020833721384406,0.0013393826084211469,0.019118551164865494,0.01536481361836195,0.08573174476623535,0.00930059514939785,0.0075242784805595875,0.0316220261156559,0.0318366177380085,0.007087059784680605,0.005798985715955496,0.035272687673568726
text_encoder.bert.encoder.layer.1.attention.self.key,linear,"[1, 21, 768] x [768, 768]",0.090401791036129,0.01253424771130085,6.200397183420137e-05,0.0013512505684047937,0.027490969747304916,0.02209566719830036,0.12035104632377625,0.0698784738779068,0.01253424771130085,0.0013020833721384406,0.0013512505684047937,0.02167494036257267,0.016745541244745255,0.10122700780630112,0.009858631528913975,0.00791252963244915,0.0318700410425663,0.031790841370821,0.006461723241955042,0.00523506011813879,0.02633833885192871
vision_language_interaction.fusion_layers.2.attn,bmm,"[4, 21, 512] x [4, 512, 256]",0.4785621464252472,0.00618743896484375,0.00016276042151730508,0.0020904541015625,0.02714116871356964,0.025033490732312202,0.17237192392349243,0.3915783166885376,0.00568389892578125,0.0019996280316263437,0.00213623046875,0.021248796954751015,0.01243520062416792,0.2441413402557373,0.03059895895421505,0.0023326873779296875,0.0314825139939785,0.033477783203125,0.0026788150426000357,0.001704000518657267,0.05694699287414551
text_encoder.bert.encoder.layer.1.attention.self.key,linear,"[1, 14, 768] x [768, 768]",0.0760788694024086,0.01253424771130085,9.300595411332324e-05,0.0013512505684047937,0.026993557810783386,0.021566662937402725,0.10724020004272461,0.0555245541036129,0.01253424771130085,0.0013020833721384406,0.0013512505684047937,0.019665736705064774,0.014906191267073154,0.1207999587059021,0.009021577425301075,0.00791252963244915,0.0319010429084301,0.031790841370821,0.006523698568344116,0.0052087330259382725,0.029664315283298492
text_encoder.bert.encoder.layer.10.output.dense,linear,"[1, 21, 3072] x [3072, 768]",0.9869017004966736,0.013261583633720875,1.550099295855034e-05,0.000347137451171875,0.02624266967177391,0.16633357107639313,2.5569229125976562,0.1665736734867096,0.013261583633720875,0.00032552084303461015,0.000347137451171875,0.008608855307102203,0.017080482095479965,1.6698455810546875,0.0395895354449749,0.007584466133266687,0.0395585335791111,0.03184085339307785,0.0011755895102396607,0.0030421344563364983,0.10350394248962402
text_encoder.bert.encoder.layer.4.attention.output.dense,linear,"[1, 14, 768] x [768, 768]",0.077194944024086,0.011174519546329975,9.300595411332324e-05,0.0013614230556413531,0.026137160137295723,0.005236044060438871,0.034601807594299316,0.0215773805975914,0.011174519546329975,0.0013020833721384406,0.0013614230556413531,0.012393507175147533,0.002678208751603961,0.0338137149810791,0.011346726678311825,0.0072309705428779125,0.0316220261156559,0.0318128801882267,0.006862593814730644,0.0015356424264609814,0.01728147268295288
vision_projection.mlp.0,linear,"[1, 2, 256, 768] x [768, 1024]",0.06035614013671875,0.006121317856013775,2.543131586207892e-06,0.0013898214092478156,0.025987733155488968,0.016820069402456284,0.11034515500068665,0.03285471722483635,0.006121317856013775,0.0013071696739643812,0.0013898214092478156,0.013999506831169128,0.009555637836456299,0.07018184661865234,0.011355082504451275,0.0048688254319131374,0.03166453167796135,0.03217315673828125,0.006007022224366665,0.004165098536759615,0.02442781627178192
vision_encoder.backbone.layer.2.attention.q_proj,linear,"[1, 261, 768] x [768, 768]",0.1624511033296585,0.01930576004087925,4.988824912288692e-06,0.0013427734375,0.02592015080153942,0.035947032272815704,0.25279486179351807,0.12627214193344116,0.01930576004087925,0.0013170497259125113,0.0013427734375,0.01809423416852951,0.024888239800930023,0.22581860423088074,0.02796236425638199,0.0101301409304142,0.031554318964481354,0.0316670723259449,0.006404822692275047,0.008970382623374462,0.06986534595489502
text_encoder.bert.encoder.layer.11.attention.output.dense,linear,"[1, 14, 768] x [768, 768]",0.1124441996216774,0.010799831710755825,9.300595411332324e-05,0.0013512505684047937,0.025506941601634026,0.004039133433252573,0.029029957950115204,0.0568266361951828,0.010799831710755825,0.0013020833721384406,0.0013512505684047937,0.01780128851532936,0.0035760102327913046,0.031182467937469482,0.009021577425301075,0.00722418911755085,0.0314360111951828,0.0318044014275074,0.008321755565702915,0.0019098889315500855,0.0163346529006958
vision_encoder.backbone.layer.3.attention.k_proj,linear,"[1, 261, 768] x [768, 768]",0.22435744106769562,0.0175035260617733,1.9955299649154767e-05,0.0013342963065952063,0.025435268878936768,0.04182402789592743,0.31158435344696045,0.12555375695228577,0.0175035260617733,0.0013170497259125113,0.0013342963065952063,0.017700351774692535,0.029355429112911224,0.2381432056427002,0.029029972851276398,0.009190876968204975,0.03140963986515999,0.0317179374396801,0.006177390925586224,0.010400060564279556,0.09105825424194336
text_encoder.bert.encoder.layer.11.attention.self,attention_av,"[1, 12, 14, 14] x [1, 12, 14, 64]",0.5276360511779785,0.0155319944024086,0.010204081423580647,0.0728236585855484,0.025244789198040962,0.004003485664725304,0.04011029750108719,0.31887754797935486,0.0232514888048172,0.0714285671710968,0.0716145858168602,0.014086742885410786,0.0029812296852469444,0.029166407883167267,0.7081473469734192,0.5691325068473816,0.03125,0.0315755233168602,0.011898893862962723,0.0029681120067834854,0.03465259447693825
text_encoder.bert.encoder.layer.10.attention.output.dense,linear,"[1, 14, 768] x [768, 768]",0.068824402987957,0.011384752579033375,9.300595411332324e-05,0.0013631185283884406,0.025092197582125664,0.004434737376868725,0.024272501468658447,0.0415736623108387,0.011384752579033375,0.0013020833721384406,0.0013631185283884406,0.017264600843191147,0.002951635280624032,0.02458137273788452,0.011904762126505375,0.007210625801235437,0.0314360111951828,0.0318654365837574,0.00831826962530613,0.001547078718431294,0.015886865556240082
vision_encoder.backbone.layer.1.attention.k_proj,linear,"[1, 261, 768] x [768, 768]",0.19203484058380127,0.01773749478161335,4.988824912288692e-06,0.0013393826084211469,0.02497202157974243,0.025053463876247406,0.1797674298286438,0.16877692937850952,0.01773749478161335,0.0013020832557231188,0.0013393826084211469,0.02116485871374607,0.02068967930972576,0.14994966983795166,0.05168422684073448,0.010030110366642475,0.03145952895283699,0.0316941998898983,0.006218521390110254,0.006078152451664209,0.04957860708236694
text_encoder.bert.encoder.layer.10.output.dense,linear,"[1, 14, 3072] x [3072, 768]",0.9817941188812256,0.013261583633720875,2.325148852833081e-05,0.000347137451171875,0.02489660680294037,0.1739022135734558,3.2039794921875,0.2689732313156128,0.013261583633720875,0.00032552084303461015,0.000347137451171875,0.009474229998886585,0.038432154804468155,1.9131393432617188,0.045921690762043,0.007584466133266687,0.038109190762043,0.03184085339307785,0.0012380443513393402,0.004158482886850834,0.11008685827255249
vision_encoder.backbone.layer.4.attention.o_proj,linear,"[1, 261, 768] x [768, 768]",0.055849894881248474,0.012949625961482525,4.988824912288692e-06,0.0013529459247365594,0.024058829993009567,0.018457595258951187,0.12338799238204956,0.03623383492231369,0.012949625961482525,0.0013370050583034754,0.0013529459247365594,0.017949853092432022,0.013481304049491882,0.09960126876831055,0.010257024317979813,0.007632785476744175,0.03164411708712578,0.0318230539560318,0.00811133161187172,0.006192977074533701,0.03999781608581543
text_encoder.bert.encoder.layer.3.attention.self,attention_av,"[1, 12, 14, 14] x [1, 12, 14, 64]",0.46003401279449463,0.010509672574698925,0.010204081423580647,0.0723586305975914,0.023786408826708794,0.003358811140060425,0.02423340082168579,0.37542515993118286,0.009393601678311825,0.07185374200344086,0.072265625,0.011082101613283157,0.0020615134853869677,0.017920970916748047,0.7256324291229248,0.5672607421875,0.0318080373108387,0.0315348319709301,0.011030520312488079,0.0020445336122065783,0.017122775316238403
text_encoder.bert.encoder.layer.4.attention.output.dense,linear,"[1, 11, 768] x [768, 768]",0.07658617943525314,0.011174519546329975,0.00011837121564894915,0.0013614230556413531,0.02359718084335327,0.0052893804386258125,0.03098607063293457,0.028290720656514168,0.011174519546329975,0.0013020833721384406,0.0013614230556413531,0.01319287158548832,0.0031584291718900204,0.026761174201965332,0.009351326152682304,0.0072309705428779125,0.03160511329770088,0.0318128801882267,0.007193881087005138,0.0017582966247573495,0.018793821334838867
vision_language_interaction.text_layers.4.self_attn,linear,"[21, 1, 256] x [256, 768]",0.0465029776096344,0.01140340231359005,0.0013020833721384406,0.004007975570857525,0.02353384904563427,0.015899261459708214,0.08794677257537842,0.0505952388048172,0.01140340231359005,0.00390625,0.004007975570857525,0.019969092682003975,0.013658260926604271,0.08372843265533447,0.015252976678311825,0.0080413818359375,0.0318080373108387,0.0316925048828125,0.009543396532535553,0.00674577197059989,0.04259335994720459
text_encoder.bert.encoder.layer.4.attention.output.dense,linear,"[1, 21, 768] x [768, 768]",0.064546138048172,0.011174519546329975,6.200397183420137e-05,0.0013614230556413531,0.02306169643998146,0.005137478932738304,0.02970743179321289,0.02077133022248745,0.011174519546329975,0.0013020833721384406,0.0013614230556413531,0.01257296185940504,0.003484024666249752,0.02848130464553833,0.0105406753718853,0.0072309705428779125,0.0318080373108387,0.0318128801882267,0.00730197224766016,0.001934026600793004,0.02219367027282715
vision_encoder.backbone.layer.2.attention.k_proj,linear,"[1, 261, 768] x [768, 768]",0.1624511033296585,0.01813761331140995,4.988824912288692e-06,0.0013512505684047937,0.02302877977490425,0.03652230650186539,0.32093697786331177,0.12627214193344116,0.01813761331140995,0.0013170497259125113,0.0013512505684047937,0.01607487164437771,0.025103459134697914,0.20932511985301971,0.02796236425638199,0.00998602993786335,0.031554318964481354,0.0316806361079216,0.0056806765496730804,0.008997843600809574,0.07169729471206665
vision_encoder.backbone.layer.1.attention.q_proj,linear,"[1, 261, 768] x [768, 768]",0.19203484058380127,0.0204739049077034,4.988824912288692e-06,0.0013410780811682343,0.022866737097501755,0.02471490576863289,0.1681542992591858,0.16877692937850952,0.0204739049077034,0.0013020832557231188,0.0013410780811682343,0.019382497295737267,0.020475735887885094,0.1461583375930786,0.05168422684073448,0.010904948227107525,0.03145952895283699,0.0316263847053051,0.005734278354793787,0.0060388450510799885,0.04690730571746826
vision_encoder.backbone.layer.5.attention.o_proj,linear,"[1, 261, 768] x [768, 768]",0.04323315620422363,0.0127105712890625,4.988824912288692e-06,0.0013631185283884406,0.022821666672825813,0.011416028253734112,0.07109439373016357,0.027837643399834633,0.0127105712890625,0.0013569603906944394,0.0013631185283884406,0.01541141513735056,0.009946675039827824,0.0748516321182251,0.00900482852011919,0.00762939453125,0.03174888342618942,0.0318247489631176,0.007649802602827549,0.005017644725739956,0.037780702114105225
text_encoder.bert.encoder.layer.10.output.dense,linear,"[1, 11, 3072] x [3072, 768]",0.9862985610961914,0.013261583633720875,2.9592803912237287e-05,0.000347137451171875,0.02197233960032463,0.17039409279823303,2.4901885986328125,0.2063802182674408,0.013261583633720875,0.00035511364694684744,0.000347137451171875,0.008934848010540009,0.02999161370098591,2.39996337890625,0.040127843618392944,0.007584466133266687,0.0390625,0.03184085339307785,0.0011306063970550895,0.004488070961087942,0.12097564339637756
vision_language_interaction.fusion_layers.3.attn.l_proj,linear,"[1, 21, 256] x [256, 1024]",0.0453869067132473,0.010234832763671875,0.00018601190822664648,0.004024505615234375,0.021915003657341003,0.010231693275272846,0.05720078945159912,0.0461309514939785,0.010234832763671875,0.00390625,0.004024505615234375,0.017682189121842384,0.009629967622458935,0.05936121940612793,0.009486607275903225,0.00762176513671875,0.0318080373108387,0.03185272216796875,0.008480040356516838,0.004768611863255501,0.026994824409484863
text_encoder.bert.encoder.layer.10.attention.self,attention_av,"[1, 12, 14, 14] x [1, 12, 14, 64]",0.46088433265686035,0.01116071455180645,0.010204081423580647,0.0724516361951828,0.02175069972872734,0.004026507958769798,0.03509989380836487,0.4447278678417206,0.01125372014939785,0.0714285671710968,0.0719866082072258,0.016645479947328568,0.0029715357813984156,0.0439896434545517,0.7594866156578064,0.5673421621322632,0.03125,0.0316569022834301,0.015835685655474663,0.0032107180450111628,0.05670227110385895
text_encoder.bert.pooler.dense,linear,"[1, 768] x [768, 768]",0.06640625,0.0118696428835392,0.0013020833721384406,0.0013478597393259406,0.021690547466278076,0.00928154494613409,0.06175971031188965,0.0377604179084301,0.0118696428835392,0.0013020833721384406,0.0013478597393259406,0.012896522879600525,0.005526932887732983,0.043712615966796875,0.00911458395421505,0.007954915054142475,0.0325520858168602,0.0317755825817585,0.003803069470450282,0.0020166297908872366,0.021857500076293945
text_encoder.bert.encoder.layer.3.attention.self,attention_av,"[1, 12, 21, 21] x [1, 12, 21, 64]",0.7010582089424133,0.010726687498390675,0.01814058981835842,0.0487351231276989,0.02136683277785778,0.00312619935721159,0.03470394015312195,0.658730149269104,0.01109871082007885,0.0476190485060215,0.048363097012043,0.012324965558946133,0.0021935247350484133,0.015483647584915161,0.7730655074119568,0.3528645932674408,0.0314980186522007,0.0317789725959301,0.012103745713829994,0.002170549239963293,0.017304599285125732
vision_language_interaction.fusion_layers.3.attn.values_l_proj,linear,"[1, 21, 256] x [256, 1024]",0.0453869067132473,0.01024627685546875,0.00018601190822664648,0.00403594970703125,0.021236039698123932,0.009157382883131504,0.05309745669364929,0.0461309514939785,0.01024627685546875,0.00390625,0.00403594970703125,0.015902353450655937,0.008921579457819462,0.051151931285858154,0.009486607275903225,0.00765228271484375,0.0318080373108387,0.031810760498046875,0.007750103250145912,0.0044243475422263145,0.03154873847961426
vision_encoder.backbone.layer.6.attention.o_proj,linear,"[1, 261, 768] x [768, 768]",0.03496667370200157,0.012395222671329975,9.977649824577384e-06,0.0013597276993095875,0.021115338429808617,0.011146110482513905,0.06537950038909912,0.03040189854800701,0.012395222671329975,0.0013120609801262617,0.0013597276993095875,0.016805613413453102,0.009223035536706448,0.07205060124397278,0.009369012899696827,0.00738525390625,0.03174888342618942,0.0318654365837574,0.007700630463659763,0.004294975660741329,0.03043586015701294
vision_encoder.backbone.layer.8.attention.o_proj,linear,"[1, 261, 768] x [768, 768]",0.039112389087677,0.011928982101380825,9.977649824577384e-06,0.0013393826084211469,0.020893385633826256,0.011720242910087109,0.07475056499242783,0.02365201897919178,0.011928982101380825,0.0013170497259125113,0.0013393826084211469,0.013880561105906963,0.009187857620418072,0.07567200064659119,0.008386214263737202,0.007290310226380825,0.031788792461156845,0.0318366177380085,0.0072509534657001495,0.004825123120099306,0.034688860177993774
text_encoder.bert.encoder.layer.5.attention.output.dense,linear,"[1, 14, 768] x [768, 768]",0.0809151828289032,0.0111982561647892,9.300595411332324e-05,0.0013478597393259406,0.020837673917412758,0.00527610257267952,0.040070176124572754,0.0270647332072258,0.0111982561647892,0.0013950893189758062,0.0013478597393259406,0.011125529184937477,0.0030255517922341824,0.04415792226791382,0.008463541977107525,0.00725470669567585,0.0319010429084301,0.0318993479013443,0.006613135803490877,0.0017899097874760628,0.024490296840667725
vision_language_interaction.text_layers.2.linear1,linear,"[21, 1, 256] x [256, 1024]",0.1103050634264946,0.008235931396484375,0.0013020833721384406,0.0041046142578125,0.020500194281339645,0.038642995059490204,0.2799936532974243,0.0792410746216774,0.008235931396484375,0.00390625,0.0041046142578125,0.016618428751826286,0.03327745944261551,0.2741730213165283,0.02176339365541935,0.006465911865234375,0.0318080373108387,0.032001495361328125,0.0062461672350764275,0.012229334563016891,0.09803390502929688
text_encoder.bert.encoder.layer.3.attention.output.dense,linear,"[1, 14, 768] x [768, 768]",0.0399925597012043,0.01119316928088665,9.300595411332324e-05,0.0013580322265625,0.02046867273747921,0.0027625213842839003,0.01645195484161377,0.0240885429084301,0.01119316928088665,0.0013950893189758062,0.0013580322265625,0.013868401758372784,0.0023982892744243145,0.021168410778045654,0.009858631528913975,0.007378472480922937,0.0318080373108387,0.03179931640625,0.006941813509911299,0.0011926970910280943,0.009460151195526123
text_encoder.bert.encoder.layer.10.attention.output.dense,linear,"[1, 21, 768] x [768, 768]",0.0557415708899498,0.011384752579033375,6.200397183420137e-05,0.0013631185283884406,0.020437059924006462,0.005404464900493622,0.02946484088897705,0.0435887910425663,0.011384752579033375,0.0013640873366966844,0.0013631185283884406,0.015251794829964638,0.004202099051326513,0.026553750038146973,0.0078125,0.007210625801235437,0.0316220261156559,0.0318654365837574,0.008155064657330513,0.0022363350726664066,0.019321560859680176
text_encoder.bert.encoder.layer.9.attention.output.dense,linear,"[1, 14, 768] x [768, 768]",0.0526413694024086,0.010623508132994175,9.300595411332324e-05,0.0013478597393259406,0.020412638783454895,0.0038622887805104256,0.0315721333026886,0.0272507444024086,0.010623508132994175,0.0013950893189758062,0.0013478597393259406,0.013706610538065434,0.002587128197774291,0.025310099124908447,0.010044642724096775,0.00710211880505085,0.0319940485060215,0.0318840891122818,0.007497070357203484,0.0014299281174317002,0.014328092336654663
text_encoder.bert.encoder.layer.4.attention.self,attention_av,"[1, 12, 14, 14] x [1, 12, 14, 64]",0.425595223903656,0.011439732275903225,0.010204081423580647,0.0723586305975914,0.020273687317967415,0.004046159330755472,0.027036845684051514,0.3966836631298065,0.012927827425301075,0.07185374200344086,0.0724516361951828,0.013150985352694988,0.002943685045465827,0.025489777326583862,0.7332589626312256,0.56982421875,0.0314360111951828,0.0315348319709301,0.01256568729877472,0.0029415066819638014,0.024442054331302643
text_encoder.bert.encoder.layer.9.attention.self,attention_av,"[1, 12, 14, 14] x [1, 12, 14, 64]",0.38435372710227966,0.010044642724096775,0.010204081423580647,0.0724516361951828,0.01998871937394142,0.0037119335029274225,0.034206509590148926,0.3460884392261505,0.009765625,0.0714285671710968,0.0719866082072258,0.012866316363215446,0.0024743182584643364,0.02451646327972412,0.7313988208770752,0.5668538808822632,0.03125,0.031494140625,0.012757651507854462,0.0026890032459050417,0.03225147724151611
vision_language_interaction.text_layers.1.self_attn,linear,"[21, 1, 256] x [256, 768]",0.0626860111951828,0.0098724365234375,0.00037202381645329297,0.0040130615234375,0.019823459908366203,0.024028802290558815,0.13469362258911133,0.0459449402987957,0.0098724365234375,0.00390625,0.0040130615234375,0.01531539112329483,0.017165306955575943,0.11530065536499023,0.012462797574698925,0.007319132797420025,0.0329241082072258,0.0317840576171875,0.006596947554498911,0.007315250113606453,0.05094456672668457
text_encoder.bert.encoder.layer.6.attention.output.dense,linear,"[1, 14, 768] x [768, 768]",0.0880766361951828,0.011338976211845875,9.300595411332324e-05,0.0013597276993095875,0.019697245210409164,0.00612071854993701,0.04981064796447754,0.02594866044819355,0.011338976211845875,0.0013020833721384406,0.0013597276993095875,0.010871176607906818,0.002856615697965026,0.032651662826538086,0.007905506528913975,0.0072920056991279125,0.0315290167927742,0.0318332239985466,0.006934621371328831,0.0018046683399006724,0.021915078163146973
vision_encoder.backbone.layer.9.attention.o_proj,linear,"[1, 261, 768] x [768, 768]",0.038703303784132004,0.011525471694767475,4.988824912288692e-06,0.0013512505684047937,0.019635707139968872,0.011313537135720253,0.08228951692581177,0.022664232179522514,0.011525471694767475,0.0013469827827066183,0.0013512505684047937,0.01282310951501131,0.008601224981248379,0.06739687919616699,0.00737847201526165,0.007327609695494175,0.03172892704606056,0.0317942313849926,0.007200521882623434,0.004856457933783531,0.03484177589416504
text_encoder.bert.encoder.layer.3.attention.output.dense,linear,"[1, 21, 768] x [768, 768]",0.0328621044754982,0.01119316928088665,6.200397183420137e-05,0.0013580322265625,0.019314896315336227,0.002675255760550499,0.01823732629418373,0.0218874029815197,0.01119316928088665,0.0013020833721384406,0.0013580322265625,0.014318466186523438,0.0022240609396249056,0.018210530281066895,0.01302083395421505,0.007378472480922937,0.0318080373108387,0.03179931640625,0.006996155716478825,0.0010962843662127852,0.007562220096588135
text_encoder.bert.encoder.layer.8.attention.output.dense,linear,"[1, 14, 768] x [768, 768]",0.0645461305975914,0.011211819015443325,9.300595411332324e-05,0.0013393826084211469,0.019065581262111664,0.004391157999634743,0.04573696851730347,0.0213913694024086,0.011211819015443325,0.0013020833721384406,0.0013393826084211469,0.013067211024463177,0.0028308171313256025,0.028692245483398438,0.00837053544819355,0.0075700548477470875,0.0319940485060215,0.0317874476313591,0.00775108952075243,0.001741599990054965,0.021265864372253418
vision_encoder.backbone.layer.0.attention.o_proj,linear,"[1, 261, 768] x [768, 768]",0.22069065272808075,0.02412753738462925,4.988824912288692e-06,0.0013427734375,0.018862975761294365,0.03777926415205002,0.4568643569946289,0.2040678858757019,0.02412753738462925,0.0013070721179246902,0.0013427734375,0.017739541828632355,0.0374847874045372,0.4112272262573242,0.033060941845178604,0.00902472622692585,0.03126995638012886,0.0318128801882267,0.007304363884031773,0.01480826549232006,0.21546638011932373
text_encoder.bert.encoder.layer.7.attention.output.dense,linear,"[1, 14, 768] x [768, 768]",0.0748697966337204,0.0111372210085392,9.300595411332324e-05,0.0013512505684047937,0.018693357706069946,0.004252600483596325,0.02812597155570984,0.03050595335662365,0.0111372210085392,0.0013020833721384406,0.0013512505684047937,0.011799857951700687,0.0024002757854759693,0.02089512348175049,0.0086495541036129,0.0072784423828125,0.0321800597012043,0.0317620187997818,0.006888600066304207,0.0014221627498045564,0.021221160888671875
vision_encoder.backbone.layer.7.attention.o_proj,linear,"[1, 261, 768] x [768, 768]",0.03338022902607918,0.012508816085755825,4.988824912288692e-06,0.0013376871356740594,0.01864958368241787,0.009574993513524532,0.05858033895492554,0.027842631563544273,0.012508816085755825,0.0013270274503156543,0.0013376871356740594,0.015423569828271866,0.009261012077331543,0.06304335594177246,0.009523666463792324,0.007556491531431675,0.031763847917318344,0.0318433977663517,0.007622963283210993,0.004630638752132654,0.029404103755950928
text_encoder.bert.encoder.layer.8.attention.self,attention_av,"[1, 12, 14, 14] x [1, 12, 14, 64]",0.38562923669815063,0.013764881528913975,0.010204081423580647,0.0723586305975914,0.0186313409358263,0.004182760138064623,0.03585535287857056,0.34778910875320435,0.01302083395421505,0.0714285671710968,0.072265625,0.012408390641212463,0.0028031060937792063,0.0296555757522583,0.7250744104385376,0.5685221552848816,0.03125,0.0316162109375,0.011589846573770046,0.0028972921427339315,0.026635676622390747
text_encoder.bert.encoder.layer.11.attention.output.dense,linear,"[1, 21, 768] x [768, 768]",0.1095610186457634,0.010799831710755825,0.0004340278101153672,0.0013512505684047937,0.018589036539196968,0.00508461520075798,0.026242971420288086,0.0337921641767025,0.010799831710755825,0.0013020833721384406,0.0013512505684047937,0.013628114946186543,0.004075714852660894,0.03916049003601074,0.007068452890962362,0.00722418911755085,0.0320560522377491,0.0318044014275074,0.008456513285636902,0.0026020461227744818,0.01828712224960327
text_encoder.bert.encoder.layer.5.attention.output.dense,linear,"[1, 11, 768] x [768, 768]",0.0794270858168602,0.0111982561647892,0.00011837121564894915,0.0013478597393259406,0.018552033230662346,0.00523022236302495,0.03140731155872345,0.03172348439693451,0.0111982561647892,0.0013020833721384406,0.0013478597393259406,0.011214683763682842,0.0037262628320604563,0.04829144477844238,0.007694128900766373,0.00725470669567585,0.03136837109923363,0.0318993479013443,0.006515225861221552,0.002161335200071335,0.02619612216949463
vision_projection.mlp.3,linear,"[1, 2, 256, 1024] x [1024, 256]",0.029247283935546875,0.006500244140625,1.9073486328125e-06,0.00102996826171875,0.01821611262857914,0.00496832188218832,0.030946075916290283,0.019380569458007812,0.006500244140625,0.0009899139404296875,0.00102996826171875,0.010447726584970951,0.003462598891928792,0.02589300274848938,0.008737564086914062,0.005035400390625,0.03145027160644531,0.0322113037109375,0.005320250988006592,0.001829120796173811,0.010949507355690002
text_encoder.bert.encoder.layer.11.attention.output.dense,linear,"[1, 11, 768] x [768, 768]",0.12062026560306549,0.010799831710755825,0.0002367424312978983,0.0013512505684047937,0.018101859837770462,0.005108669865876436,0.026522329077124596,0.03870738670229912,0.010799831710755825,0.0013020833721384406,0.0013512505684047937,0.014679291285574436,0.0036338900681585073,0.029784277081489563,0.008167614229023457,0.00722418911755085,0.03184185549616814,0.0318044014275074,0.008288438431918621,0.0022858097217977047,0.019546687602996826
text_encoder.bert.encoder.layer.10.attention.output.dense,linear,"[1, 11, 768] x [768, 768]",0.05125473812222481,0.011384752579033375,0.0002367424312978983,0.0013631185283884406,0.01793612353503704,0.004772956017404795,0.022786438465118408,0.037050191313028336,0.011384752579033375,0.0013020833721384406,0.0013631185283884406,0.015280320309102535,0.003309298073872924,0.02437347173690796,0.01124526560306549,0.007210625801235437,0.03184185549616814,0.0318654365837574,0.007804130669683218,0.0017428011633455753,0.012240588665008545
vision_encoder.backbone.layer.11.attention.o_proj,linear,"[1, 261, 768] x [768, 768]",0.029209569096565247,0.011500041000545025,4.988824912288692e-06,0.0013342963065952063,0.017925335094332695,0.013307829387485981,0.08063939213752747,0.023741817101836205,0.011500041000545025,0.001371926860883832,0.0013342963065952063,0.012418737635016441,0.015489153563976288,0.09738588333129883,0.006969388574361801,0.007556491531431675,0.03194843605160713,0.0318790003657341,0.007026687264442444,0.00898912362754345,0.06604719161987305
text_encoder.bert.encoder.layer.1.attention.output.dense,linear,"[1, 14, 768] x [768, 768]",0.0356212817132473,0.011713664047420025,9.300595411332324e-05,0.0013546413974836469,0.017911845818161964,0.0033100582659244537,0.0314348042011261,0.02287946455180645,0.011713664047420025,0.0013950893189758062,0.0013546413974836469,0.013253703713417053,0.002389701781794429,0.021692901849746704,0.010509672574698925,0.007397121749818325,0.0319010429084301,0.0317721888422966,0.00674835778772831,0.001251466921530664,0.008958712220191956
vision_language_interaction.text_layers.3.self_attn,linear,"[21, 1, 256] x [256, 768]",0.0331101194024086,0.01068115234375,0.00018601190822664648,0.004007975570857525,0.017904916778206825,0.005288324318826199,0.03522896766662598,0.02659970335662365,0.01068115234375,0.00390625,0.004007975570857525,0.012764974497258663,0.0048838406801223755,0.03179669380187988,0.01116071455180645,0.0072784423828125,0.0314360111951828,0.0319112166762352,0.007512242998927832,0.002939158584922552,0.02419149875640869
text_encoder.bert.encoder.layer.3.attention.output.dense,linear,"[1, 11, 768] x [768, 768]",0.03894412890076637,0.01119316928088665,0.00011837121564894915,0.0013580322265625,0.017858169972896576,0.002621018560603261,0.01963183283805847,0.028290720656514168,0.01119316928088665,0.0013020833721384406,0.0013580322265625,0.014519098214805126,0.002519932109862566,0.020993292331695557,0.010771780274808407,0.007378472480922937,0.031486742198467255,0.03179931640625,0.0070655555464327335,0.001232228009030223,0.012807846069335938
text_encoder.bert.encoder.layer.8.attention.output.dense,linear,"[1, 11, 768] x [768, 768]",0.06794507801532745,0.011211819015443325,0.00011837121564894915,0.0013393826084211469,0.017729870975017548,0.00579827232286334,0.05443572998046875,0.02083333395421505,0.011211819015443325,0.0013020833721384406,0.0013393826084211469,0.012126557528972626,0.003148379735648632,0.023943506181240082,0.008641098625957966,0.0075700548477470875,0.03172348439693451,0.0317874476313591,0.007923908531665802,0.001909351092763245,0.016801297664642334
text_encoder.bert.encoder.layer.9.attention.output.dense,linear,"[1, 21, 768] x [768, 768]",0.0329241082072258,0.010623508132994175,6.200397183420137e-05,0.0013478597393259406,0.017675718292593956,0.0038464332465082407,0.027981460094451904,0.02430555783212185,0.010623508132994175,0.0013020833721384406,0.0013478597393259406,0.01404416374862194,0.0035693433601409197,0.024102091789245605,0.008928571827709675,0.00710211880505085,0.0317460335791111,0.0318840891122818,0.007995755411684513,0.0019801368471235037,0.012747973203659058
text_encoder.bert.encoder.layer.1.attention.output.dense,linear,"[1, 11, 768] x [768, 768]",0.031486742198467255,0.011713664047420025,0.00011837121564894915,0.0013546413974836469,0.017640553414821625,0.0030040384735912085,0.02281874418258667,0.017992425709962845,0.011713664047420025,0.0013020833721384406,0.0013546413974836469,0.012502278201282024,0.002093207323923707,0.014519959688186646,0.00887784082442522,0.007397121749818325,0.03207859769463539,0.0317721888422966,0.006561575923115015,0.0011142982402816415,0.007668748497962952
text_encoder.bert.encoder.layer.2.attention.output.dense,linear,"[1, 14, 768] x [768, 768]",0.0365513414144516,0.01169501431286335,9.300595411332324e-05,0.0013512505684047937,0.017591340467333794,0.003143592271953821,0.021146222949028015,0.02957589365541935,0.01169501431286335,0.0013020833721384406,0.0013512505684047937,0.014767838642001152,0.0026102853007614613,0.019748002290725708,0.011904762126505375,0.007464938797056675,0.0319010429084301,0.0318332239985466,0.006631447933614254,0.001185914734378457,0.00903552770614624
text_encoder.bert.encoder.layer.2.attention.output.dense,linear,"[1, 11, 768] x [768, 768]",0.03551136329770088,0.01169501431286335,0.0002367424312978983,0.0013512505684047937,0.017380010336637497,0.003078869776800275,0.01835078001022339,0.026633523404598236,0.01169501431286335,0.0013020833721384406,0.0013512505684047937,0.014055401086807251,0.002498902613297105,0.019928481429815292,0.012547348625957966,0.007464938797056675,0.031486742198467255,0.0318332239985466,0.0064044832251966,0.001134646823629737,0.007855191826820374
vision_language_interaction.fusion_layers.4.attn.values_l_proj,linear,"[1, 21, 256] x [256, 1024]",0.0271577388048172,0.010074615478515625,0.00018601190822664648,0.004024505615234375,0.01733793132007122,0.007312266621738672,0.04401974380016327,0.03069196455180645,0.010074615478515625,0.00390625,0.004024505615234375,0.01696491613984108,0.006766526494175196,0.03857554495334625,0.010974702425301075,0.00765228271484375,0.0316220261156559,0.03179931640625,0.009496425278484821,0.003888776758685708,0.022017359733581543
text_encoder.bert.encoder.layer.0.attention.output.dense,linear,"[1, 11, 768] x [768, 768]",0.038352273404598236,0.011739094741642475,0.00011837121564894915,0.0013427734375,0.01720716804265976,0.004268438555300236,0.04691886901855469,0.022727273404598236,0.011739094741642475,0.0013020833721384406,0.0013427734375,0.01206236518919468,0.0028971119318157434,0.027813613414764404,0.010061553679406643,0.0074920654296875,0.031960226595401764,0.0318196602165699,0.005986772011965513,0.0014690476236864924,0.012511372566223145
text_encoder.bert.encoder.layer.1.attention.self,attention_av,"[1, 12, 21, 21] x [1, 12, 21, 64]",0.6504157185554504,0.009796627797186375,0.01814058981835842,0.0492311529815197,0.017039906233549118,0.003101932816207409,0.037856459617614746,0.6396447420120239,0.011408730410039425,0.0476190485060215,0.0489831380546093,0.011311949230730534,0.002039896557107568,0.03275851905345917,0.7640129327774048,0.3509114682674408,0.03125,0.0322265625,0.010992410592734814,0.0020080721005797386,0.02484831213951111
text_encoder.bert.encoder.layer.3.attention.self,attention_av,"[1, 12, 11, 11] x [1, 12, 11, 64]",0.5206611752510071,0.009943181648850441,0.024793388321995735,0.09268466383218765,0.016989929601550102,0.002539247740060091,0.020071720704436302,0.5034435391426086,0.012310606427490711,0.09090909361839294,0.09232954680919647,0.009895013645291328,0.0018680994398891926,0.01638258993625641,0.828125,0.6597086787223816,0.031486742198467255,0.0319417342543602,0.00968192145228386,0.0018496121047064662,0.014967560768127441
text_encoder.bert.encoder.layer.0.attention.output.dense,linear,"[1, 14, 768] x [768, 768]",0.0377604179084301,0.011739094741642475,9.300595411332324e-05,0.0013427734375,0.01691816933453083,0.003716310253366828,0.0355985164642334,0.0222284235060215,0.011739094741642475,0.0013020833721384406,0.0013427734375,0.011168287135660648,0.002366865985095501,0.03194534778594971,0.00837053544819355,0.0074920654296875,0.0316220261156559,0.0318196602165699,0.005909442435950041,0.0013005055952817202,0.011625051498413086
vision_encoder.backbone.layer.10.attention.o_proj,linear,"[1, 261, 768] x [768, 768]",0.029384179040789604,0.011508517898619175,4.988824912288692e-06,0.0013495550956577063,0.016879022121429443,0.00925395917147398,0.05605196952819824,0.02234494686126709,0.011508517898619175,0.0013419939205050468,0.0013495550956577063,0.012514092959463596,0.00904445443302393,0.06983089447021484,0.0073435502126812935,0.0072614881210029125,0.03187360242009163,0.0318332239985466,0.006832547951489687,0.004989924840629101,0.03699147701263428
text_encoder.bert.encoder.layer.2.attention.self,attention_av,"[1, 12, 14, 14] x [1, 12, 14, 64]",0.42431971430778503,0.00930059514939785,0.018707482144236565,0.0719866082072258,0.016874516382813454,0.0032130132894963026,0.051238201558589935,0.4026360511779785,0.01013764925301075,0.0714285671710968,0.0718936026096344,0.01071619801223278,0.002027935814112425,0.02598576247692108,0.7410714626312256,0.56689453125,0.03125,0.0316162109375,0.011041495949029922,0.002091306960210204,0.04047951102256775
vision_language_interaction.text_layers.3.linear1,linear,"[21, 1, 256] x [256, 1024]",0.0457589291036129,0.009479522705078125,0.00018601190822664648,0.004062652587890625,0.01684054173529148,0.029931891709566116,0.17747163772583008,0.0452008955180645,0.009479522705078125,0.00390625,0.004062652587890625,0.015531450510025024,0.027765506878495216,0.2031436562538147,0.010044642724096775,0.007266998291015625,0.03125,0.03182220458984375,0.006670468021184206,0.011728201992809772,0.07453346252441406
text_encoder.bert.encoder.layer.7.attention.self,attention_av,"[1, 12, 14, 14] x [1, 12, 14, 64]",0.46173468232154846,0.011904762126505375,0.010204081423580647,0.0723586305975914,0.01673627458512783,0.0037309713661670685,0.023583024740219116,0.43920066952705383,0.0126488097012043,0.0714285671710968,0.072730652987957,0.013380710035562515,0.0028642772231251,0.020074594765901566,0.7516741156578064,0.5685221552848816,0.03125,0.0316569022834301,0.012590525671839714,0.0028518042527139187,0.027811940759420395
text_encoder.bert.encoder.layer.1.attention.self,attention_av,"[1, 12, 14, 14] x [1, 12, 14, 64]",0.35076528787612915,0.007998512126505375,0.010204081423580647,0.0720796138048172,0.016671963036060333,0.0033046386670321226,0.031555116176605225,0.33886054158210754,0.008463541977107525,0.0714285671710968,0.0721726194024086,0.010339058004319668,0.0019044912187382579,0.02950763702392578,0.711495578289032,0.5665690302848816,0.03125,0.0315348319709301,0.010282381437718868,0.0019044234650209546,0.02585911750793457
vision_language_interaction.fusion_layers.4.attn.l_proj,linear,"[1, 21, 256] x [256, 1024]",0.0271577388048172,0.009883880615234375,0.00018601190822664648,0.003997802734375,0.0165860652923584,0.008703183382749557,0.052042603492736816,0.03069196455180645,0.009883880615234375,0.00390625,0.003997802734375,0.016453001648187637,0.008213158696889877,0.04544830322265625,0.010974702425301075,0.0074310302734375,0.0316220261156559,0.031787872314453125,0.008301137946546078,0.004406909458339214,0.026241779327392578
text_encoder.bert.encoder.layer.5.attention.output.dense,linear,"[1, 21, 768] x [768, 768]",0.0585317499935627,0.0111982561647892,6.200397183420137e-05,0.0013478597393259406,0.016538089141249657,0.004724748898297548,0.03138875961303711,0.02473958395421505,0.0111982561647892,0.0013640873366966844,0.0013478597393259406,0.00943123921751976,0.004975659307092428,0.06801734864711761,0.00812252052128315,0.00725470669567585,0.0314980186522007,0.0318993479013443,0.006688809022307396,0.002748842816799879,0.025769919157028198
text_encoder.bert.encoder.layer.5.attention.self,attention_av,"[1, 12, 14, 14] x [1, 12, 14, 64]",0.4506802558898926,0.013299851678311825,0.010204081423580647,0.0719866082072258,0.016526365652680397,0.003930520731955767,0.029310785233974457,0.43197277188301086,0.013671875,0.07185374200344086,0.0724516361951828,0.011181192472577095,0.003150188596919179,0.0253450907766819,0.750372052192688,0.5695394277572632,0.0314360111951828,0.0318603515625,0.010448603890836239,0.003209795570001006,0.025678254663944244
text_encoder.bert.encoder.layer.2.attention.output.dense,linear,"[1, 21, 768] x [768, 768]",0.0380084365606308,0.01169501431286335,0.0004340278101153672,0.0013512505684047937,0.016501907259225845,0.00296528497710824,0.016621679067611694,0.0279637910425663,0.01169501431286335,0.0013020833721384406,0.0013512505684047937,0.015474868938326836,0.0026979967951774597,0.018407028168439865,0.017113097012043,0.007464938797056675,0.0317460335791111,0.0318332239985466,0.0067191035486757755,0.0011858221841976047,0.010476410388946533
text_encoder.bert.encoder.layer.1.attention.output.dense,linear,"[1, 21, 768] x [768, 768]",0.0269717276096344,0.011713664047420025,6.200397183420137e-05,0.0013546413974836469,0.016472456976771355,0.0028752880170941353,0.023356661200523376,0.02046131156384945,0.011713664047420025,0.0013020833721384406,0.0013546413974836469,0.012594122439622879,0.002085681539028883,0.020005375146865845,0.01295883022248745,0.007397121749818325,0.0314360149204731,0.0317721888422966,0.006798586808145046,0.0011614665854722261,0.0074231624603271484
vision_language_interaction.fusion_layers.5.attn.values_v_proj,linear,"[1, 512, 256] x [256, 1024]",0.0253753662109375,0.01000213623046875,7.62939453125e-06,0.004032135009765625,0.016325566917657852,0.019148092716932297,0.13041210174560547,0.0129852294921875,0.01000213623046875,0.0040283203125,0.004032135009765625,0.010528409853577614,0.012788107618689537,0.08783295750617981,0.009002685546875,0.00759124755859375,0.03173065185546875,0.03179168701171875,0.00788902211934328,0.009630730375647545,0.06334066390991211
text_encoder.bert.encoder.layer.0.attention.output.dense,linear,"[1, 21, 768] x [768, 768]",0.0319320447742939,0.011739094741642475,6.200397183420137e-05,0.0013427734375,0.016233475878834724,0.0038005555979907513,0.03522992134094238,0.01872519962489605,0.011739094741642475,0.0013640873366966844,0.0013427734375,0.011226306669414043,0.0025518613401800394,0.02455759048461914,0.0096726194024086,0.0074920654296875,0.0316220261156559,0.0318196602165699,0.005859094671905041,0.0013681028503924608,0.009900927543640137
text_encoder.bert.encoder.layer.2.attention.self,attention_av,"[1, 12, 21, 21] x [1, 12, 21, 64]",0.6857520937919617,0.014198909513652325,0.02173091471195221,0.0507192499935627,0.016164174303412437,0.0030684215016663074,0.029516786336898804,0.6770597100257874,0.012152778916060925,0.04780801385641098,0.0486731193959713,0.011182639747858047,0.0021534780971705914,0.02069762349128723,0.7880704998970032,0.3546142578125,0.03125,0.0327962264418602,0.011323696933686733,0.0021810324396938086,0.02570299804210663
vision_language_interaction.fusion_layers.5.attn.v_proj,linear,"[1, 512, 256] x [256, 1024]",0.0253753662109375,0.00966644287109375,7.62939453125e-06,0.004032135009765625,0.015943577513098717,0.017195023596286774,0.1275286078453064,0.0129852294921875,0.00966644287109375,0.0040283203125,0.004032135009765625,0.010068359784781933,0.011391790583729744,0.08104705810546875,0.009002685546875,0.007389068603515625,0.03173065185546875,0.03180694580078125,0.007493000477552414,0.008487417362630367,0.06185173988342285
vision_language_interaction.fusion_layers.1.attn.values_v_proj,linear,"[1, 512, 256] x [256, 1024]",0.0159149169921875,0.0094146728515625,7.62939453125e-06,0.0040283203125,0.015676425769925117,0.012884918600320816,0.08536040782928467,0.0101165771484375,0.0094146728515625,0.00397491455078125,0.0040283203125,0.010817090049386024,0.0096665034070611,0.05818986892700195,0.00809478759765625,0.007289886474609375,0.031646728515625,0.0319061279296875,0.008106873370707035,0.007268025539815426,0.04484748840332031
text_encoder.bert.encoder.layer.4.attention.self,attention_av,"[1, 12, 21, 21] x [1, 12, 21, 64]",0.7080498933792114,0.01097470335662365,0.01814058981835842,0.0503472238779068,0.015463339164853096,0.003619016148149967,0.037491247057914734,0.6759259104728699,0.01109871082007885,0.0476190485060215,0.0528273843228817,0.009342958219349384,0.002865806920453906,0.025924906134605408,0.7870784401893616,0.3520914912223816,0.03125,0.0336100272834301,0.009811054915189743,0.0029160056728869677,0.03855195268988609
text_encoder.bert.encoder.layer.8.attention.output.dense,linear,"[1, 21, 768] x [768, 768]",0.0491071455180645,0.011211819015443325,0.0004340278101153672,0.0013393826084211469,0.015405490063130856,0.004760100040584803,0.02538163587450981,0.02151537872850895,0.011211819015443325,0.0017361112404614687,0.0013393826084211469,0.011898585595190525,0.003649340011179447,0.04691267013549805,0.00923859141767025,0.0075700548477470875,0.0320560522377491,0.0317874476313591,0.00832359492778778,0.00225947261787951,0.020632311701774597
text_encoder.bert.encoder.layer.9.attention.output.dense,linear,"[1, 11, 768] x [768, 768]",0.03243371471762657,0.010623508132994175,0.0002367424312978983,0.0013478597393259406,0.015382558107376099,0.0037391074001789093,0.021960794925689697,0.02473958395421505,0.010623508132994175,0.0013020833721384406,0.0013478597393259406,0.013684972189366817,0.0031377985142171383,0.019968047738075256,0.007930871099233627,0.00710211880505085,0.031960226595401764,0.0318840891122818,0.007471457589417696,0.0017393995076417923,0.014747262001037598
text_encoder.bert.encoder.layer.0.attention.self,attention_av,"[1, 12, 14, 14] x [1, 12, 14, 64]",0.2908163070678711,0.009858631528913975,0.010204081423580647,0.0724516361951828,0.015302573330700397,0.0030426529701799154,0.03252089023590088,0.2767857015132904,0.0096726194024086,0.0714285671710968,0.072730652987957,0.007386848330497742,0.001373487408272922,0.013018911704421043,0.683407723903656,0.5662028193473816,0.0316220261156559,0.0316569022834301,0.007434885483235121,0.0013801968889310956,0.014763487502932549
vision_language_interaction.text_layers.4.linear1,linear,"[21, 1, 256] x [256, 1024]",0.0535714291036129,0.0099029541015625,0.00018601190822664648,0.004039764404296875,0.015010957606136799,0.03262556344270706,0.1962904930114746,0.0292038694024086,0.0099029541015625,0.00390625,0.004039764404296875,0.010677963495254517,0.022950150072574615,0.1471261978149414,0.011346726678311825,0.00763702392578125,0.03125,0.031772613525390625,0.005589584819972515,0.011942269280552864,0.06436443328857422
text_encoder.bert.encoder.layer.9.attention.self,attention_av,"[1, 12, 21, 21] x [1, 12, 21, 64]",0.6477702260017395,0.007502480410039425,0.01814058981835842,0.0589657761156559,0.015007752925157547,0.003245551371946931,0.04778239130973816,0.6506047248840332,0.009362599812448025,0.0476190485060215,0.0629960373044014,0.008447328582406044,0.002437662100419402,0.02633821964263916,0.77504962682724,0.3496500849723816,0.03125,0.0405680350959301,0.009314886294305325,0.002561986679211259,0.048380762338638306
vision_language_interaction.text_layers.1.linear1,linear,"[21, 1, 256] x [256, 1024]",0.1106770858168602,0.0075225830078125,0.00018601190822664648,0.00409698486328125,0.014904404059052467,0.033353038132190704,0.303385853767395,0.0786830335855484,0.0075225830078125,0.00390625,0.00409698486328125,0.011552349664270878,0.025623273104429245,0.202589750289917,0.0241815485060215,0.006000518798828125,0.0314360111951828,0.032073974609375,0.005297126714140177,0.011107739992439747,0.12024354934692383
action_head.decoder.decoder.layers.0.multihead_attn,linear,"[12, 256] x [256, 256]",0.1083984375,0.0048828125,0.00032552084303461015,0.004119873046875,0.014648077078163624,0.002105899853631854,0.008894294500350952,0.01009114645421505,0.0048828125,0.00390625,0.004119873046875,0.008439184166491032,0.00194348837248981,0.010243706405162811,0.007486979477107525,0.0044097900390625,0.0319010429084301,0.0326385498046875,0.005908335093408823,0.0013850328978151083,0.006488204002380371
text_encoder.bert.encoder.layer.6.attention.output.dense,linear,"[1, 21, 768] x [768, 768]",0.0698164701461792,0.011338976211845875,0.0004340278101153672,0.0013597276993095875,0.014492655172944069,0.006402670871466398,0.0349886417388916,0.0242435522377491,0.011338976211845875,0.0013640873366966844,0.0013597276993095875,0.009791121818125248,0.004145669285207987,0.03902769088745117,0.0085565485060215,0.0072920056991279125,0.0314980186522007,0.0318332239985466,0.0067877136170864105,0.002560968976467848,0.022943198680877686
vision_language_interaction.fusion_layers.3.attn.values_v_proj,linear,"[1, 512, 256] x [256, 1024]",0.0187225341796875,0.009822845458984375,7.62939453125e-06,0.004047393798828125,0.014474831521511078,0.014048238284885883,0.09080678224563599,0.0122833251953125,0.009822845458984375,0.00397491455078125,0.004047393798828125,0.010454361326992512,0.010878004133701324,0.08015310764312744,0.00907135009765625,0.007427215576171875,0.0319366455078125,0.031818389892578125,0.0078094578348100185,0.008131694979965687,0.05841973423957825
action_head.decoder.decoder.layers.1.multihead_attn,linear,"[12, 256] x [256, 256]",0.0416666679084301,0.0047149658203125,0.00032552084303461015,0.0040435791015625,0.01439178828150034,0.0022864851634949446,0.011165350675582886,0.0087890625,0.0047149658203125,0.00390625,0.0040435791015625,0.00935124047100544,0.002059739548712969,0.010807588696479797,0.009765625,0.0039825439453125,0.0322265625,0.0324554443359375,0.006047260481864214,0.001347046229057014,0.006631433963775635
text_encoder.bert.encoder.layer.10.attention.self,attention_av,"[1, 12, 21, 21] x [1, 12, 21, 64]",0.6895313858985901,0.00824652798473835,0.01814058981835842,0.0623759962618351,0.014134272001683712,0.003597320057451725,0.06358671188354492,0.692365825176239,0.010292659513652325,0.0476190485060215,0.0616939514875412,0.011281578801572323,0.003005692968145013,0.03780679404735565,0.7999752163887024,0.3494466245174408,0.03125,0.0426839217543602,0.010647689923644066,0.0030257264152169228,0.034811586141586304
text_encoder.bert.encoder.layer.6.attention.output.dense,linear,"[1, 11, 768] x [768, 768]",0.09718276560306549,0.011338976211845875,0.0002367424312978983,0.0013597276993095875,0.014095934107899666,0.0068720681592822075,0.058849215507507324,0.022727273404598236,0.011338976211845875,0.0013020833721384406,0.0013597276993095875,0.009918066672980785,0.003467402420938015,0.03936028480529785,0.01065340917557478,0.0072920056991279125,0.031960226595401764,0.0318332239985466,0.0067738695070147514,0.0020566924940794706,0.02827143669128418
text_encoder.bert.encoder.layer.6.attention.self,attention_av,"[1, 12, 14, 14] x [1, 12, 14, 64]",0.4485544264316559,0.013299851678311825,0.010204081423580647,0.0724516361951828,0.014068329706788063,0.0041069528087973595,0.03275461494922638,0.4179421663284302,0.0127418152987957,0.0714285671710968,0.072265625,0.01082554180175066,0.0030877080280333757,0.0243334099650383,0.7481399178504944,0.5690104365348816,0.03125,0.0317789725959301,0.010947578586637974,0.0032122156117111444,0.024848829954862595
vision_language_interaction.text_layers.5.linear1,linear,"[21, 1, 256] x [256, 1024]",0.0241815485060215,0.010158538818359375,0.00018601190822664648,0.0040283203125,0.013963591307401657,0.021855436265468597,0.12130314111709595,0.0347842276096344,0.010158538818359375,0.00390625,0.0040283203125,0.012986337766051292,0.02036689966917038,0.1171879768371582,0.01171875,0.007701873779296875,0.03125,0.031768798828125,0.00669701024889946,0.01053503155708313,0.0632408857345581
vision_language_interaction.fusion_layers.0.attn,bmm,"[4, 21, 512] x [4, 512, 256]",0.216448113322258,0.006114959716796875,0.00016276042151730508,0.0020809173583984375,0.01395854726433754,0.006690065376460552,0.06857681274414062,0.0960984006524086,0.0056438446044921875,0.0019763766322284937,0.002140045166015625,0.0038322466425597668,0.0012516725109890103,0.047759294509887695,0.00034877232974395156,0.002410888671875,0.0325055792927742,0.03336524963378906,0.0005185813643038273,0.000274442951194942,0.004451751708984375
text_encoder.bert.encoder.layer.0.attention.self,attention_av,"[1, 12, 21, 21] x [1, 12, 21, 64]",0.6201814413070679,0.00923859141767025,0.01814058981835842,0.0495411716401577,0.013809742406010628,0.0029018339700996876,0.031422898173332214,0.6113001108169556,0.0106646828353405,0.0476190485060215,0.0497271865606308,0.007800095248967409,0.001606085686944425,0.015552639961242676,0.7445436716079712,0.3499349057674408,0.0314980186522007,0.0326334647834301,0.007362270727753639,0.0015352802583947778,0.013998866081237793
vision_encoder.backbone.embeddings.patch_embeddings,conv2d,"[1, 256, 768] x [768, 768]",0.005335490219295025,0.010989719070494175,5.086263172415784e-06,0.0013546413974836469,0.013805177994072437,0.005862660706043243,0.05145736783742905,0.0014546712627634406,0.010989719070494175,0.0226999931037426,0.0013546413974836469,0.012165118008852005,0.004960902966558933,0.054477155208587646,0.00038655599928461015,0.00701056607067585,0.1650899350643158,0.0319112129509449,0.008464891463518143,0.0034445184282958508,0.03963341563940048
action_head.decoder.decoder.layers.1.self_attn,attention_av,"[1, 8, 12, 12] x [1, 8, 12, 32]",0.0,0.005533854477107525,0.0008680555620230734,0.0846354216337204,0.013732550665736198,0.001589626306667924,0.0078022778034210205,0.0,0.006510416977107525,0.0842013880610466,0.083984375,0.005747395567595959,0.0007894334266893566,0.0063136667013168335,0.625,0.6282958984375,0.03125,0.031494140625,0.005550314672291279,0.0007719490677118301,0.005073953419923782
text_encoder.bert.encoder.layer.5.attention.self,attention_av,"[1, 12, 21, 21] x [1, 12, 21, 64]",0.7059713006019592,0.0095486119389534,0.01814058981835842,0.0541294664144516,0.013580556027591228,0.0036248043179512024,0.02801249921321869,0.6906651854515076,0.013516865670681,0.0476190485060215,0.1068328469991684,0.005878601223230362,0.003018941730260849,0.030915070325136185,0.7987351417541504,0.3529459834098816,0.03125,0.057373046875,0.007047020830214024,0.0030971996020525694,0.029117127880454063
text_encoder.bert.encoder.layer.11.attention.self,attention_av,"[1, 12, 21, 21] x [1, 12, 21, 64]",0.7681406140327454,0.0144469253718853,0.01814058981835842,0.0936259999871254,0.013498949818313122,0.003454042598605156,0.08266756683588028,0.6318972110748291,0.01202877052128315,0.0476190485060215,0.087983638048172,0.008304696530103683,0.00260993093252182,0.034398630261421204,0.7643849849700928,0.3509114682674408,0.03125,0.0630289763212204,0.008165855892002583,0.0027667763642966747,0.03506213426589966
vision_language_interaction.fusion_layers.1.attn.v_proj,linear,"[1, 512, 256] x [256, 1024]",0.0159149169921875,0.00959014892578125,7.62939453125e-06,0.004024505615234375,0.013477930799126625,0.013108395040035248,0.08291923999786377,0.0101165771484375,0.00959014892578125,0.00397491455078125,0.004024505615234375,0.010127374902367592,0.009836554527282715,0.07341396808624268,0.00809478759765625,0.007320404052734375,0.031646728515625,0.03179168701171875,0.0075644850730896,0.007404624484479427,0.04383167624473572
text_encoder.bert.encoder.layer.7.attention.output.dense,linear,"[1, 21, 768] x [768, 768]",0.0559895858168602,0.0111372210085392,0.0004340278101153672,0.0013512505684047937,0.013468959368765354,0.0045477827079594135,0.02292346954345703,0.0248635932803154,0.0111372210085392,0.0014260913012549281,0.0013512505684047937,0.011386859230697155,0.003555857576429844,0.028476953506469727,0.007998512126505375,0.0072784423828125,0.0313740111887455,0.0317620187997818,0.007155340630561113,0.001929001184180379,0.019118189811706543
action_head.decoder.decoder.layers.1.multihead_attn,linear,"[535, 1, 256] x [256, 512]",0.02372225560247898,0.004180908203125,7.301402092707576e-06,0.00431060791015625,0.013420666567981243,0.006792163942009211,0.037976980209350586,0.013390771113336086,0.004180908203125,0.003971962723881006,0.00431060791015625,0.008218704722821712,0.004228133242577314,0.02676483988761902,0.00955023430287838,0.00371551513671875,0.03180490806698799,0.03269195556640625,0.006257040426135063,0.003215134609490633,0.01864767074584961
text_encoder.bert.encoder.layer.4.attention.self,attention_av,"[1, 12, 11, 11] x [1, 12, 11, 64]",0.560606062412262,0.01171875,0.024793388321995735,0.09315814822912216,0.013417827896773815,0.002980255289003253,0.023501724004745483,0.5399448871612549,0.01171875,0.09090909361839294,0.09398674219846725,0.010625921189785004,0.002725431928411126,0.02290979027748108,0.8409091234207153,0.6614583730697632,0.03125,0.0320638045668602,0.00988142378628254,0.002685945713892579,0.028719160705804825
action_head.decoder.decoder.layers.0.multihead_attn,linear,"[535, 1, 256] x [256, 512]",0.02372225560247898,0.0048065185546875,7.301402092707576e-06,0.00415802001953125,0.013408146798610687,0.006728672422468662,0.039968132972717285,0.013390771113336086,0.0048065185546875,0.003971962723881006,0.00415802001953125,0.008348004892468452,0.004181858617812395,0.025917887687683105,0.00955023430287838,0.00426483154296875,0.03180490806698799,0.03260040283203125,0.006304464768618345,0.0031557539477944374,0.017654359340667725
text_encoder.bert.encoder.layer.1.attention.self,attention_av,"[1, 12, 11, 11] x [1, 12, 11, 64]",0.48415979743003845,0.008049242198467255,0.024793388321995735,0.0924479216337204,0.013391809538006783,0.002367155160754919,0.022920161485671997,0.4779614508152008,0.007930871099233627,0.09090909361839294,0.09339489042758942,0.009473090060055256,0.0016330282669514418,0.018885936588048935,0.8203125,0.658935546875,0.03125,0.0319417342543602,0.009928932413458824,0.0017117862589657307,0.02338317036628723
vision_language_interaction.fusion_layers.2.attn.values_v_proj,linear,"[1, 512, 256] x [256, 1024]",0.01723480224609375,0.00970458984375,7.62939453125e-06,0.00406646728515625,0.013375088572502136,0.01568843610584736,0.10754907131195068,0.0104217529296875,0.00970458984375,0.00399017333984375,0.00406646728515625,0.009852736257016659,0.011903215199708939,0.07764732837677002,0.00743865966796875,0.007511138916015625,0.03168487548828125,0.031826019287109375,0.0073515791445970535,0.00885705091059208,0.059180788695812225
action_head.decoder.decoder.layers.2.multihead_attn,linear,"[535, 1, 256] x [256, 512]",0.02372225560247898,0.00466156005859375,7.301402092707576e-06,0.00417327880859375,0.013374115340411663,0.006909744348376989,0.04016375541687012,0.013390771113336086,0.00466156005859375,0.003971962723881006,0.00417327880859375,0.008205581456422806,0.004325059242546558,0.031371861696243286,0.00955023430287838,0.00409698486328125,0.03180490806698799,0.03267669677734375,0.006224794778972864,0.0032782196067273617,0.02023172378540039
action_head.decoder.decoder.layers.0.self_attn,attention_av,"[1, 8, 12, 12] x [1, 8, 12, 32]",0.0,0.0068359375,0.0008680555620230734,0.0833333358168602,0.013341018930077553,0.0009500765590928495,0.0051957229152321815,0.0,0.0061848959885537624,0.0850694477558136,0.0843098983168602,0.009481254033744335,0.0006629795534536242,0.004469767212867737,0.625,0.6278076171875,0.0315755233168602,0.0313720703125,0.008635688573122025,0.0006099552847445011,0.0037160106003284454
vision_language_interaction.fusion_layers.0.attn.values_v_proj,linear,"[1, 512, 256] x [256, 1024]",0.0156097412109375,0.009975433349609375,7.62939453125e-06,0.00399017333984375,0.013240852393209934,0.010114356875419617,0.08382666110992432,0.0100860595703125,0.009975433349609375,0.00400543212890625,0.00399017333984375,0.01036922074854374,0.007721221074461937,0.05784714221954346,0.007476806640625,0.007720947265625,0.03182220458984375,0.03186798095703125,0.007765711285173893,0.005780843086540699,0.038352664560079575
text_encoder.bert.encoder.layer.7.attention.output.dense,linear,"[1, 11, 768] x [768, 768]",0.07658617943525314,0.0111372210085392,0.00011837121564894915,0.0013512505684047937,0.012955612502992153,0.0048415157943964005,0.03118908405303955,0.02769886516034603,0.0111372210085392,0.0013020833721384406,0.0013512505684047937,0.011002464219927788,0.002858562394976616,0.024034254252910614,0.006628788076341152,0.0072784423828125,0.031486742198467255,0.0317620187997818,0.007047844585031271,0.0016889733960852027,0.020025968551635742
vision_language_interaction.fusion_layers.0.attn.v_proj,linear,"[1, 512, 256] x [256, 1024]",0.0156097412109375,0.00966644287109375,7.62939453125e-06,0.0040435791015625,0.012908605858683586,0.009812681004405022,0.06533002853393555,0.0100860595703125,0.00966644287109375,0.00400543212890625,0.0040435791015625,0.009854188188910484,0.007473492994904518,0.05469965934753418,0.007476806640625,0.007251739501953125,0.03182220458984375,0.03179168701171875,0.007356798276305199,0.005610312335193157,0.03475618362426758
text_encoder.bert.encoder.layer.2.attention.self,attention_av,"[1, 12, 11, 11] x [1, 12, 11, 64]",0.5371900796890259,0.009943181648850441,0.03168044239282608,0.09327651560306549,0.012908386066555977,0.002436060691252351,0.0230138897895813,0.5296143293380737,0.009943181648850441,0.09090909361839294,0.09232954680919647,0.009650597348809242,0.001831150148063898,0.021142438054084778,0.8383049368858337,0.6602376699447632,0.03125,0.0319417342543602,0.009653572924435139,0.0018025076715275645,0.019837290048599243
action_head.decoder.decoder.layers.1.self_attn,linear,"[12, 256] x [256, 256]",0.01497395895421505,0.0047607421875,0.00032552084303461015,0.00421142578125,0.012531465850770473,0.0008680580067448318,0.0037751588970422745,0.010416666977107525,0.0047607421875,0.00390625,0.00421142578125,0.008166829124093056,0.0006952156545594335,0.003435049206018448,0.01009114645421505,0.0042724609375,0.0319010429084301,0.032623291015625,0.006592555437237024,0.0005622089374810457,0.002827182412147522
vision_language_interaction.fusion_layers.4.attn.v_proj,linear,"[1, 512, 256] x [256, 1024]",0.0181732177734375,0.009670257568359375,7.62939453125e-06,0.004062652587890625,0.0125149330124259,0.014118234626948833,0.10905742645263672,0.01168060302734375,0.009670257568359375,0.00400543212890625,0.004062652587890625,0.009848741814494133,0.011448641307651997,0.0817410945892334,0.00839996337890625,0.0074462890625,0.03167724609375,0.031810760498046875,0.00724270474165678,0.008424131199717522,0.06540942192077637
vision_language_interaction.fusion_layers.3.attn.v_proj,linear,"[1, 512, 256] x [256, 1024]",0.0187225341796875,0.009456634521484375,7.62939453125e-06,0.004024505615234375,0.012503969483077526,0.014287942089140415,0.0968012809753418,0.0122833251953125,0.009456634521484375,0.00397491455078125,0.004024505615234375,0.009909337386488914,0.010952658951282501,0.0762099027633667,0.00907135009765625,0.0072479248046875,0.0319366455078125,0.0318145751953125,0.007458292879164219,0.008322704583406448,0.06144309043884277
vision_language_interaction.fusion_layers.2.attn.v_proj,linear,"[1, 512, 256] x [256, 1024]",0.01723480224609375,0.0095367431640625,7.62939453125e-06,0.004024505615234375,0.012501697055995464,0.01385977491736412,0.08826899528503418,0.0104217529296875,0.0095367431640625,0.00399017333984375,0.004024505615234375,0.009426729753613472,0.01049769762903452,0.07196366786956787,0.00743865966796875,0.00731658935546875,0.03168487548828125,0.031757354736328125,0.006982589606195688,0.007793365977704525,0.04924899339675903
vision_language_interaction.fusion_layers.4.attn.values_v_proj,linear,"[1, 512, 256] x [256, 1024]",0.0181732177734375,0.00982666015625,7.62939453125e-06,0.00399017333984375,0.012453749775886536,0.01699713058769703,0.10461187362670898,0.01168060302734375,0.00982666015625,0.00400543212890625,0.00399017333984375,0.009596372954547405,0.01379171758890152,0.09305858612060547,0.00839996337890625,0.007450103759765625,0.03167724609375,0.031887054443359375,0.0070457058027386665,0.010156214237213135,0.07013654708862305
text_encoder.bert.encoder.layer.5.attention.self,attention_av,"[1, 12, 11, 11] x [1, 12, 11, 64]",0.5406336188316345,0.012547348625957966,0.024793388321995735,0.09540720283985138,0.012078825384378433,0.0031134861055761576,0.028559930622577667,0.5241047143936157,0.01455965917557478,0.09090909361839294,0.10369318723678589,0.008093212731182575,0.002713640918955207,0.027607811614871025,0.8371212482452393,0.6614176630973816,0.03125,0.0362141951918602,0.007557484786957502,0.002818694803863764,0.029211334884166718
text_encoder.bert.encoder.layer.8.attention.self,attention_av,"[1, 12, 21, 21] x [1, 12, 21, 64]",0.6638321876525879,0.011780754663050175,0.01814058981835842,0.0673983171582222,0.011812328360974789,0.003570868633687496,0.054202377796173096,0.656273603439331,0.012772818095982075,0.04780801385641098,0.06876240670681,0.008378091268241405,0.0027834889478981495,0.034254223108291626,0.7800099849700928,0.3519694209098816,0.0313740111887455,0.0431722030043602,0.009195526130497456,0.0029214853420853615,0.0353696346282959
vision_language_interaction.text_layers.4.linear2,linear,"[21, 1, 1024] x [1024, 256]",0.94140625,0.013576507568359375,4.650297705666162e-05,0.001018524169921875,0.01176657248288393,0.0075894808396697044,0.12059926986694336,0.9296875,0.013576507568359375,0.0009765625,0.001018524169921875,0.008123527280986309,0.006062137428671122,0.0866861343383789,0.9258277416229248,0.0083770751953125,0.0292503722012043,0.03171539306640625,0.003979331348091364,0.0034743817523121834,0.023160696029663086
action_head.decoder.decoder.layers.0.self_attn,linear,"[12, 1, 256] x [256, 768]",0.011393229477107525,0.0043080649338662624,0.00032552084303461015,0.0045166015625,0.011705825105309486,0.005014172289520502,0.024251937866210938,0.01009114645421505,0.0043080649338662624,0.00390625,0.0045166015625,0.010400677099823952,0.004405828658491373,0.024251937866210938,0.0068359375,0.0039265952073037624,0.0322265625,0.0330861434340477,0.008431979455053806,0.0035968583542853594,0.017886996269226074
text_encoder.bert.encoder.layer.9.attention.self,attention_av,"[1, 12, 11, 11] x [1, 12, 11, 64]",0.4779614508152008,0.009706439450383186,0.024793388321995735,0.09848485141992569,0.011642254889011383,0.0029059951193630695,0.03272673487663269,0.469696968793869,0.009469697251915932,0.09090909361839294,0.09730114042758942,0.008514088578522205,0.0021031154319643974,0.01902937889099121,0.825757622718811,0.6603190302848816,0.03125,0.033203125,0.009400741197168827,0.002458809409290552,0.025505900382995605
text_encoder.bert.encoder.layer.11.attention.self,attention_av,"[1, 12, 11, 11] x [1, 12, 11, 64]",0.6219008564949036,0.014796402305364609,0.025482093915343285,0.10771780461072922,0.011599024757742882,0.003097533481195569,0.051459312438964844,0.4779614508152008,0.019649621099233627,0.09090909361839294,0.10973011702299118,0.00923730619251728,0.002297982107847929,0.030644088983535767,0.826231062412262,0.6627197265625,0.03125,0.0382893905043602,0.00820812489837408,0.00250511197373271,0.03287055343389511
vision_language_interaction.fusion_layers.5.attn.values_l_proj,linear,"[1, 21, 256] x [256, 1024]",0.01302083395421505,0.0095977783203125,0.00018601190822664648,0.004024505615234375,0.01157636009156704,0.004362962208688259,0.024840950965881348,0.011346726678311825,0.0095977783203125,0.004092262126505375,0.004024505615234375,0.011473242193460464,0.004463728982955217,0.029168248176574707,0.0087425597012043,0.007137298583984375,0.0325520820915699,0.031894683837890625,0.008300701156258583,0.0030992308165878057,0.021177947521209717
vision_language_interaction.fusion_layers.1.attn,bmm,"[4, 512, 21] x [4, 21, 256]",0.6380441188812256,0.004138764925301075,0.00011625744082266465,0.1045851930975914,0.011484569869935513,0.005281739868223667,0.05366992950439453,0.7155413031578064,0.0088355652987957,0.0477120541036129,0.067847840487957,0.006921167951077223,0.004349417053163052,0.049297332763671875,0.81304931640625,0.3470458984375,0.0313262939453125,0.0394287109375,0.0065500917844474316,0.004183775745332241,0.04994910955429077
text_encoder.bert.encoder.layer.10.attention.self,attention_av,"[1, 12, 11, 11] x [1, 12, 11, 64]",0.5303030610084534,0.011008523404598236,0.024793388321995735,0.09883996844291687,0.011444658041000366,0.0030094152316451073,0.04977388679981232,0.5220385789871216,0.013494318351149559,0.09090909361839294,0.09966856241226196,0.01026967167854309,0.002405355917289853,0.025249063968658447,0.8411458730697632,0.6604411005973816,0.031486742198467255,0.0342203788459301,0.010214688256382942,0.0025395145639777184,0.02153739705681801
text_encoder.bert.encoder.layer.0.attention.self,attention_av,"[1, 12, 11, 11] x [1, 12, 11, 64]",0.457988977432251,0.007339015603065491,0.024793388321995735,0.09280303120613098,0.010870181955397129,0.002411665627732873,0.02164226770401001,0.455234169960022,0.008404356427490711,0.09090909361839294,0.09256628900766373,0.006332727149128914,0.0013701367424800992,0.01353086531162262,0.8127367496490479,0.6590169668197632,0.03125,0.0318603515625,0.006459670141339302,0.0013890023110434413,0.018800467252731323
action_head.decoder.decoder.layers.2.self_attn,linear,"[12, 256] x [256, 256]",0.0126953125,0.0049285888671875,0.00032552084303461015,0.0041961669921875,0.01084920670837164,0.0010287654586136341,0.0051778703927993774,0.012369791977107525,0.0049285888671875,0.00390625,0.0041961669921875,0.008908595889806747,0.0009381106356158853,0.0040751174092292786,0.00813802145421505,0.0044097900390625,0.0315755233168602,0.0324859619140625,0.007764330133795738,0.0008222536998800933,0.003742888569831848
vision_language_interaction.text_layers.5.self_attn,linear,"[21, 1, 256] x [256, 768]",0.012276786379516125,0.0110321044921875,0.0013020833721384406,0.0040130615234375,0.01064590085297823,0.006743268575519323,0.04348146915435791,0.012276786379516125,0.0110321044921875,0.00390625,0.0040130615234375,0.011590213514864445,0.007168728392571211,0.04726207256317139,0.010416666977107525,0.0076141357421875,0.0316220261156559,0.0317891463637352,0.007619320880621672,0.004938238766044378,0.031023025512695312
text_encoder.bert.encoder.layer.7.attention.self,attention_av,"[1, 12, 21, 21] x [1, 12, 21, 64]",0.713718831539154,0.0106646828353405,0.01814058981835842,0.07266865670681,0.010503794997930527,0.0032658763229846954,0.02870779111981392,0.6969009637832642,0.01016865111887455,0.0476190485060215,0.0706225261092186,0.008524002507328987,0.002753960434347391,0.03168962150812149,0.8028274178504944,0.3513997495174408,0.03125,0.0415445975959301,0.00902274064719677,0.0027443021535873413,0.024318542331457138
action_head.decoder.decoder.layers.2.multihead_attn,linear,"[12, 256] x [256, 256]",0.0211588554084301,0.005157470703125,0.00032552084303461015,0.00421142578125,0.010489393025636673,0.002395679010078311,0.010775089263916016,0.01692708395421505,0.005157470703125,0.00390625,0.00421142578125,0.01058935560286045,0.0022921597119420767,0.011753097176551819,0.0078125,0.00433349609375,0.0315755233168602,0.0325469970703125,0.006736856885254383,0.0014457812067121267,0.006391346454620361
action_head.decoder.decoder.layers.1.self_attn,linear,"[12, 1, 256] x [256, 768]",0.013671875,0.004547119140625,0.00032552084303461015,0.0042775473557412624,0.010447160340845585,0.005145897623151541,0.02717486023902893,0.00911458395421505,0.004547119140625,0.00390625,0.0042775473557412624,0.00911343190819025,0.004455434624105692,0.02319878339767456,0.0078125,0.004130045883357525,0.0315755233168602,0.0327301025390625,0.00725415488705039,0.0035570557229220867,0.020059704780578613
vision_language_interaction.fusion_layers.0.attn,bmm,"[4, 512, 21] x [4, 21, 256]",0.4951637089252472,0.005580357275903225,2.325148852833081e-05,0.0857979953289032,0.010445704683661461,0.0046707578003406525,0.049019455909729004,0.4730980396270752,0.007626488339155912,0.0476888045668602,0.070824034512043,0.007173424120992422,0.0029944125562906265,0.03774315118789673,0.6507415771484375,0.348419189453125,0.03131103515625,0.05279541015625,0.00750981830060482,0.0031170337460935116,0.03844742476940155
vision_encoder.backbone.layer.2.mlp.up_proj,linear,"[1, 261, 768] x [768, 3072]",0.10776859521865845,0.022471534088253975,4.988824912288692e-06,0.0013423495693132281,0.010312538594007492,0.035994261503219604,1.4288330078125,0.026755068451166153,0.022471534088253975,0.0013220385881140828,0.0013423495693132281,0.0030951122753322124,0.010128415189683437,1.11407470703125,0.014682111330330372,0.012715233489871025,0.0316840261220932,0.03167809545993805,0.0017229871591553092,0.005663466174155474,1.3145751953125
vision_language_interaction.fusion_layers.2.attn,bmm,"[4, 512, 21] x [4, 21, 256]",0.4185035526752472,0.004929315764456987,4.650297705666162e-05,0.1026785746216774,0.01030753180384636,0.002789316466078162,0.030707329511642456,0.4203171730041504,0.0058128722012043,0.0477585569024086,0.0811476930975914,0.0066629014909267426,0.00210104719735682,0.03259257972240448,0.6273651123046875,0.34771728515625,0.031402587890625,0.04827880859375,0.006258878856897354,0.0021080689039081335,0.03234407305717468
action_head.decoder.decoder.layers.2.self_attn,linear,"[12, 1, 256] x [256, 768]",0.01595052145421505,0.004633585922420025,0.00032552084303461015,0.0043080649338662624,0.01014791801571846,0.005650742910802364,0.029985910281538963,0.01009114645421505,0.004633585922420025,0.0042317709885537624,0.0043080649338662624,0.008354521356523037,0.004450419917702675,0.02289062738418579,0.0068359375,0.004191081039607525,0.0315755233168602,0.0326639823615551,0.0067075095139443874,0.0035888764541596174,0.0187646746635437
text_encoder.bert.encoder.layer.8.attention.self,attention_av,"[1, 12, 11, 11] x [1, 12, 11, 64]",0.49931129813194275,0.013139205053448677,0.024793388321995735,0.10132575780153275,0.010068613104522228,0.003290145890787244,0.0274202823638916,0.48691460490226746,0.013612689450383186,0.09090909361839294,0.10298296064138412,0.009229034185409546,0.002595591126009822,0.023937225341796875,0.8307291865348816,0.6617025136947632,0.03125,0.0343424491584301,0.0094881821423769,0.0027452255599200726,0.025049883872270584
action_head.decoder.decoder.layers.0.self_attn,linear,"[12, 256] x [256, 256]",0.0224609375,0.0047607421875,0.00032552084303461015,0.0041961669921875,0.010006572119891644,0.0006115775904618204,0.00273345410823822,0.01790364645421505,0.0047607421875,0.00390625,0.0041961669921875,0.006568124517798424,0.0003849869535770267,0.0021362006664276123,0.01106770895421505,0.004150390625,0.03125,0.0325927734375,0.00464473245665431,0.0002784417592920363,0.0014254003763198853
vision_language_interaction.fusion_layers.0.attn.values_l_proj,linear,"[1, 21, 256] x [256, 1024]",0.0186011902987957,0.009876251220703125,0.00018601190822664648,0.004070281982421875,0.009920555166900158,0.00676481518894434,0.04316428303718567,0.011532737873494625,0.009876251220703125,0.00390625,0.004070281982421875,0.008905300870537758,0.005927439779043198,0.03733979910612106,0.0135788694024086,0.007495880126953125,0.0319940485060215,0.031864166259765625,0.0062250178307294846,0.004349640570580959,0.025214433670043945
action_head.decoder.decoder.layers.2.linear2,linear,"[1, 12, 2048] x [2048, 256]",0.850341796875,0.009668350219726562,4.069010537932627e-05,0.000522613525390625,0.009811978787183762,0.0009425486205145717,0.004472710192203522,0.8712158203125,0.009668350219726562,0.00048828125,0.000522613525390625,0.006982805207371712,0.0006754423375241458,0.004005134105682373,0.8700358271598816,0.0061092376708984375,0.03108724020421505,0.03189659118652344,0.0038059335201978683,0.00036996370181441307,0.0021158456802368164
vision_language_interaction.fusion_layers.0.attn.l_proj,linear,"[1, 21, 256] x [256, 1024]",0.0186011902987957,0.01038360595703125,0.00018601190822664648,0.004047393798828125,0.009265466593205929,0.0076938834972679615,0.03718620538711548,0.011532737873494625,0.01038360595703125,0.00390625,0.004047393798828125,0.00806228257715702,0.006393229588866234,0.03932666778564453,0.0135788694024086,0.007617950439453125,0.0319940485060215,0.03183746337890625,0.00603508809581399,0.00496249832212925,0.024950742721557617
vision_language_interaction.text_layers.1.self_attn,linear,"[21, 256] x [256, 256]",0.01506696455180645,0.0125732421875,0.00018601190822664648,0.004058837890625,0.008987462148070335,0.0017451161984354258,0.018786907196044922,0.01692708395421505,0.0125732421875,0.004092262126505375,0.004058837890625,0.007613719906657934,0.0017741899937391281,0.017557263374328613,0.012276786379516125,0.0084075927734375,0.03125,0.0319061279296875,0.0051415301859378815,0.00119389861356467,0.009504854679107666
vision_language_interaction.fusion_layers.5.attn.l_proj,linear,"[1, 21, 256] x [256, 1024]",0.01302083395421505,0.010234832763671875,0.00018601190822664648,0.004032135009765625,0.00897524505853653,0.005253997165709734,0.03402817249298096,0.011346726678311825,0.010234832763671875,0.004092262126505375,0.004032135009765625,0.008867566473782063,0.0054321433417499065,0.034019529819488525,0.0087425597012043,0.00736236572265625,0.0325520820915699,0.0318450927734375,0.006512208376079798,0.0039917645044624805,0.02767053246498108
vision_language_interaction.text_layers.0.self_attn,linear,"[21, 1, 256] x [256, 768]",0.0154389888048172,0.009765625,0.00018601190822664648,0.0040181479416787624,0.008949806913733482,0.004446278791874647,0.02727089822292328,0.010044642724096775,0.009765625,0.00390625,0.0040181479416787624,0.008121908642351627,0.003876244882121682,0.02352944388985634,0.0078125,0.0071309409104287624,0.0325520820915699,0.0318450927734375,0.005704931914806366,0.0028650318272411823,0.015998609364032745
text_encoder.bert.encoder.layer.7.attention.self,attention_av,"[1, 12, 11, 11] x [1, 12, 11, 64]",0.5482093691825867,0.01124526560306549,0.024793388321995735,0.10475852340459824,0.008918643929064274,0.0029505270067602396,0.022166218608617783,0.5344352722167969,0.012547348625957966,0.09090909361839294,0.10321970283985138,0.009313460439443588,0.0025569372810423374,0.018308471888303757,0.8404356241226196,0.6611735224723816,0.03125,0.0340576171875,0.00927878636866808,0.002574159763753414,0.01635800302028656
text_encoder.bert.encoder.layer.6.attention.self,attention_av,"[1, 12, 21, 21] x [1, 12, 21, 64]",0.6957672238349915,0.01097470335662365,0.01814058981835842,0.0898437574505806,0.008898328058421612,0.003624438541010022,0.026714988052845,0.6764928102493286,0.011222719214856625,0.0476190485060215,0.0905257984995842,0.0071864137426018715,0.003056216984987259,0.036448121070861816,0.79228675365448,0.3519287109375,0.03125,0.0575358085334301,0.007246588822454214,0.0030899120029062033,0.02711397409439087
vision_encoder.backbone.layer.7.attention,attention_qk,"[1, 12, 261, 64] x [1, 12, 64, 261]",0.035016562789678574,0.015101172961294651,4.988824912288692e-06,0.01580958627164364,0.008742853067815304,0.20434542000293732,1.9243831634521484,0.015041307546198368,0.016777418553829193,0.015744730830192566,0.015749720856547356,0.005123771261423826,0.125840961933136,1.3880844116210938,0.012227609753608704,0.01280631311237812,0.03152937442064285,0.031539350748062134,0.004162515047937632,0.10309340059757233,1.3039474487304688
action_head.decoder.decoder.layers.0.linear1,linear,"[1, 12, 256] x [256, 2048]",0.01204427145421505,0.0048427581787109375,0.00032552084303461015,0.0041790008544921875,0.008730314671993256,0.0042890142649412155,0.026717424392700195,0.0087890625,0.0048427581787109375,0.00390625,0.0041790008544921875,0.007155184634029865,0.0037906705401837826,0.02043745666742325,0.0068359375,0.0042476654052734375,0.0322265625,0.03244972229003906,0.005642083939164877,0.0029952290933579206,0.01657213270664215
vision_language_interaction.text_layers.2.linear2,linear,"[21, 1, 1024] x [1024, 256]",0.9862816333770752,0.015537261962890625,4.650297705666162e-05,0.000995635986328125,0.008615442551672459,0.002161965239793062,0.040943145751953125,0.9852585792541504,0.015537261962890625,0.0009765625,0.000995635986328125,0.007495010271668434,0.0019155163317918777,0.046837806701660156,0.9785621166229248,0.008846282958984375,0.0163225457072258,0.0316619873046875,0.0032508319709450006,0.0011429619044065475,0.010994672775268555
vision_language_interaction.fusion_layers.3.attn,bmm,"[4, 512, 21] x [4, 21, 256]",0.391996830701828,0.003627232275903225,2.325148852833081e-05,0.080078125,0.00827708188444376,0.003083739895373583,0.054888129234313965,0.4376162588596344,0.0047898064367473125,0.0478980652987957,0.0789620578289032,0.004663095809519291,0.0019327716436237097,0.04537820816040039,0.64013671875,0.34637451171875,0.0313720703125,0.04571533203125,0.00466624042019248,0.0020984397269785404,0.04969286918640137
action_head.decoder.decoder.layers.2.self_attn,attention_av,"[1, 8, 12, 12] x [1, 8, 12, 32]",0.0026041667442768812,0.0071614584885537624,0.0008680555620230734,0.0836588591337204,0.008240822702646255,0.001568184932693839,0.007861312478780746,0.0,0.0052083334885537624,0.0850694477558136,0.083984375,0.003937225788831711,0.0008038356900215149,0.004900425672531128,0.625,0.626708984375,0.0315755233168602,0.0316162109375,0.003915455657988787,0.0008020092500373721,0.004692673683166504
action_head.decoder.decoder.layers.1.linear1,linear,"[1, 12, 256] x [256, 2048]",0.01497395895421505,0.0050525665283203125,0.00032552084303461015,0.004169464111328125,0.00814877264201641,0.004747088998556137,0.023626983165740967,0.009765625,0.0050525665283203125,0.00390625,0.004169464111328125,0.005951618775725365,0.0037863876204937696,0.021232247352600098,0.0052083334885537624,0.00439453125,0.0315755233168602,0.03234672546386719,0.004792583640664816,0.0030539557337760925,0.016014844179153442
vision_language_interaction.text_layers.5.linear2,linear,"[21, 1, 1024] x [1024, 256]",0.7928757667541504,0.01468658447265625,0.00032552084303461015,0.001010894775390625,0.008123034611344337,0.02307938225567341,0.5347061157226562,0.806640625,0.01468658447265625,0.0010230655316263437,0.001010894775390625,0.005352788604795933,0.014584421180188656,0.1304473876953125,0.8022693395614624,0.00850677490234375,0.0313430055975914,0.031642913818359375,0.003399061970412731,0.008226720616221428,0.1665496826171875
vision_language_interaction.text_layers.0.self_attn,bmm,"[4, 21, 21] x [4, 21, 64]",0.6218820810317993,0.0074404762126505375,0.01814058981835842,0.0809151828289032,0.008099956437945366,0.0010953593300655484,0.011662721633911133,0.6445578336715698,0.0059523810632526875,0.0476190485060215,0.0719866082072258,0.00552272517234087,0.000695035036187619,0.011394143104553223,0.773809552192688,0.3470458984375,0.03125,0.052978515625,0.005146647337824106,0.0006805578013882041,0.01475435495376587
vision_language_interaction.text_layers.3.self_attn,linear,"[21, 256] x [256, 256]",0.0176711305975914,0.009063720703125,0.00037202381645329297,0.0040435791015625,0.00809941254556179,0.0015816651284694672,0.009457409381866455,0.010416666977107525,0.009063720703125,0.00390625,0.0040435791015625,0.007378749083727598,0.0016073648585006595,0.008809320628643036,0.00632440485060215,0.0071563720703125,0.0336681567132473,0.0318450927734375,0.005150326061993837,0.0011882663238793612,0.005803138017654419
vision_language_interaction.text_layers.1.linear2,linear,"[21, 1, 1024] x [1024, 256]",0.9991164803504944,0.014797210693359375,4.650297705666162e-05,0.00099945068359375,0.008055341430008411,0.00023276612046174705,0.007210969924926758,0.997256338596344,0.014797210693359375,0.0009300595265813172,0.00099945068359375,0.007721242494881153,0.0004440366174094379,0.006982751190662384,0.9972098469734192,0.007877349853515625,0.002697172574698925,0.031627655029296875,0.003854835871607065,0.0001993328332901001,0.0034882426261901855
vision_language_interaction.text_layers.0.linear2,linear,"[21, 1, 1024] x [1024, 256]",0.998418927192688,0.01668548583984375,4.650297705666162e-05,0.001003265380859375,0.008048693649470806,0.0007134769111871719,0.02677631378173828,0.9960472583770752,0.01668548583984375,0.0009765625,0.001003265380859375,0.008359820581972599,0.0012735712807625532,0.02315157651901245,0.997256338596344,0.00885009765625,0.002697172574698925,0.03159332275390625,0.00383549346588552,0.00047722336603328586,0.005642950534820557
action_head.decoder.decoder.layers.1.linear2,linear,"[1, 12, 2048] x [2048, 256]",0.8993327021598816,0.009103775024414062,4.069010537932627e-05,0.0005207061767578125,0.008041458204388618,0.0007722798618488014,0.004493389278650284,0.9047445058822632,0.009103775024414062,0.00048828125,0.0005207061767578125,0.006018457934260368,0.0005072153871878982,0.0030277669429779053,0.9038900136947632,0.0059356689453125,0.030029296875,0.032054901123046875,0.003174956887960434,0.0002712609712034464,0.001507490873336792
text_encoder.bert.encoder.layer.6.attention.self,attention_av,"[1, 12, 11, 11] x [1, 12, 11, 64]",0.5495867729187012,0.014204545877873898,0.024793388321995735,0.11482007801532745,0.007870728150010109,0.003371298313140869,0.030236780643463135,0.5371900796890259,0.011600378900766373,0.09090909361839294,0.11517519503831863,0.007360477466136217,0.00277710915543139,0.025724142789840698,0.8432765603065491,0.6616618037223816,0.031486742198467255,0.0373128280043602,0.0083229448646307,0.0029317191801965237,0.0297124981880188
vision_language_interaction.text_layers.2.self_attn,baddbmm,"[4, 21, 64] x [4, 64, 21]",0.01171875,0.00911458395421505,0.00018601190822664648,0.015625,0.007832515984773636,0.0038063644897192717,0.026669681072235107,0.008556547574698925,0.0074404762126505375,0.015625,0.015625,0.0038023758679628372,0.003971889615058899,0.020719051361083984,0.00911458395421505,0.007068452425301075,0.03125,0.0319940485060215,0.0030877673998475075,0.003945395350456238,0.017020225524902344
action_head.decoder.decoder.layers.1.self_attn,attention_qk,"[1, 8, 12, 32] x [1, 8, 32, 12]",0.015625,0.0087890625,0.00032552084303461015,0.0315755233168602,0.007675176486372948,0.022216796875,0.09558320045471191,0.00813802145421505,0.0068359375,0.0319010429084301,0.0315755233168602,0.005532431416213512,0.015088002197444439,0.08017778396606445,0.0061848959885537624,0.005859375,0.03125,0.0322265625,0.0053140404634177685,0.014546487480401993,0.0725102424621582
vision_encoder.backbone.layer.5.attention,attention_qk,"[1, 12, 261, 64] x [1, 12, 64, 261]",0.02972840704023838,0.015315692871809006,4.988824912288692e-06,0.015759697183966637,0.0076607828959822655,0.1898694485425949,2.0813446044921875,0.013858955353498459,0.01582954078912735,0.015754709020256996,0.015734754502773285,0.005124001298099756,0.15715621411800385,2.322525978088379,0.011464319191873074,0.012781369499862194,0.03149444982409477,0.031549327075481415,0.004275910090655088,0.1313103586435318,3.0094451904296875
vision_encoder.backbone.layer.11.attention,attention_qk,"[1, 12, 261, 64] x [1, 12, 64, 261]",0.027932431548833847,0.018358875066041946,4.988824912288692e-06,0.015754709020256996,0.007650876883417368,0.1289941519498825,1.2357025146484375,0.012092911638319492,0.01928180828690529,0.015804598107933998,0.015724776312708855,0.00441318191587925,0.14238345623016357,1.4798583984375,0.010431633330881596,0.014836764894425869,0.0316341370344162,0.03148447349667549,0.003358523827046156,0.11158673465251923,1.1126708984375
action_head.decoder.decoder.layers.2.multihead_attn,linear,"[12, 1, 256] x [256, 256]",0.0126953125,0.005157470703125,0.00032552084303461015,0.0040740966796875,0.007613769732415676,0.006077153142541647,0.02861855737864971,0.011393229477107525,0.005157470703125,0.00390625,0.0040740966796875,0.006150060333311558,0.004909572657197714,0.021897193044424057,0.0061848959885537624,0.00469970703125,0.0319010429084301,0.0322113037109375,0.005037823226302862,0.004009828437119722,0.018903672695159912
action_head.decoder.action_projection.layers.0,linear,"[1, 12, 256] x [256, 512]",0.014322916977107525,0.005279541015625,0.00032552084303461015,0.00414276123046875,0.007606657687574625,0.004768550395965576,0.02087247371673584,0.0068359375,0.005279541015625,0.0042317709885537624,0.00414276123046875,0.005788293667137623,0.004842942114919424,0.025222957134246826,0.00813802145421505,0.00445556640625,0.0319010429084301,0.03227996826171875,0.004721864126622677,0.003961320035159588,0.01750624179840088
vision_language_interaction.fusion_layers.4.attn,bmm,"[4, 512, 21] x [4, 21, 256]",0.4057849645614624,0.003813244169577956,4.650297705666162e-05,0.1199776828289032,0.007513611111789942,0.0025376928970217705,0.04491996765136719,0.4277576208114624,0.005673363339155912,0.0481770858168602,0.0666852667927742,0.003607050981372595,0.00121078931260854,0.02563917636871338,0.628082275390625,0.346099853515625,0.0315399169921875,0.0384521484375,0.0036288267001509666,0.0012345793657004833,0.029421210289001465
vision_language_interaction.text_layers.3.self_attn,bmm,"[4, 21, 21] x [4, 21, 64]",0.5986394882202148,0.0035342262126505375,0.01814058981835842,0.085007444024086,0.0075047495774924755,0.0010184354614466429,0.01515960693359375,0.5986394882202148,0.0022321429569274187,0.04818594083189964,0.0760788694024086,0.00288066896609962,0.0004921831423416734,0.0031355321407318115,0.7366071343421936,0.3450927734375,0.03125,0.0494384765625,0.002998213516548276,0.0005439387750811875,0.0037720799446105957
vision_encoder.backbone.layer.8.attention,attention_qk,"[1, 12, 261, 64] x [1, 12, 64, 261]",0.02475454844534397,0.014537435956299305,4.988824912288692e-06,0.015764687210321426,0.0074763549491763115,0.16062863171100616,1.3351173400878906,0.013375039212405682,0.015719788148999214,0.01582954078912735,0.015759697183966637,0.005100897513329983,0.13585540652275085,1.1947097778320312,0.01063617505133152,0.012871168553829193,0.031589239835739136,0.03160420432686806,0.004186500795185566,0.1114242747426033,1.008859634399414
vision_encoder.backbone.layer.9.attention,attention_qk,"[1, 12, 261, 64] x [1, 12, 64, 261]",0.02843630127608776,0.01692209392786026,4.988824912288692e-06,0.015779653564095497,0.0073358770459890366,0.1842724233865738,1.5191154479980469,0.013479804620146751,0.01819923333823681,0.015744730830192566,0.015779653564095497,0.004664362408220768,0.1385568231344223,1.4881439208984375,0.011843469925224781,0.01441271509975195,0.031554318964481354,0.03148447349667549,0.003849400207400322,0.11440488696098328,1.211639404296875
action_head.decoder.decoder.layers.1.multihead_attn,linear,"[12, 1, 256] x [256, 256]",0.0107421875,0.004974365234375,0.00032552084303461015,0.0041961669921875,0.00724890548735857,0.00557062029838562,0.03237628936767578,0.0087890625,0.004974365234375,0.00390625,0.0041961669921875,0.006637080572545528,0.0049784244038164616,0.023254990577697754,0.0052083334885537624,0.00445556640625,0.0319010429084301,0.032623291015625,0.005190253257751465,0.0038799864705652,0.019093334674835205
vision_encoder.backbone.layer.6.attention,attention_qk,"[1, 12, 261, 64] x [1, 12, 64, 261]",0.0280322078615427,0.015545178204774857,4.988824912288692e-06,0.01580958627164364,0.007225630804896355,0.2208150178194046,1.9417076110839844,0.014736988581717014,0.015470346435904503,0.015804598107933998,0.015729764476418495,0.004941133316606283,0.14910398423671722,1.6178512573242188,0.011873403564095497,0.012536916881799698,0.03148447349667549,0.031569283455610275,0.004117015283554792,0.12499180436134338,1.3780593872070312
vision_encoder.backbone.layer.4.attention,attention_qk,"[1, 12, 261, 64] x [1, 12, 64, 261]",0.036129068583250046,0.014467592351138592,4.988824912288692e-06,0.015914350748062134,0.007191444281488657,0.3072625398635864,3.2561492919921875,0.013789111748337746,0.014278016984462738,0.015804598107933998,0.01584949716925621,0.004551181569695473,0.17971985042095184,2.9576492309570312,0.012152777053415775,0.012362307868897915,0.031559307128190994,0.031589239835739136,0.003895982401445508,0.15708667039871216,2.6673583984375
text_encoder.bert.encoder.layer.10.attention.self,attention_qk,"[1, 12, 21, 64] x [1, 12, 64, 21]",0.01599702425301075,0.010850694961845875,6.200397183420137e-05,0.01574900932610035,0.007171421777456999,0.08391866087913513,0.4709205627441406,0.013144842348992825,0.0078125,0.01599702425301075,0.01587301678955555,0.004307539202272892,0.0724700540304184,0.4024782180786133,0.008432540111243725,0.00812252052128315,0.0317460335791111,0.0321800597012043,0.0037902765907347202,0.06319047510623932,0.4342460632324219
action_head.decoder.decoder.layers.2.linear1,linear,"[1, 12, 256] x [256, 2048]",0.0107421875,0.0052471160888671875,0.00032552084303461015,0.0041790008544921875,0.00712537532672286,0.004402415361255407,0.02674052119255066,0.007486979477107525,0.0052471160888671875,0.00390625,0.0041790008544921875,0.005864520091563463,0.00388205680064857,0.01929914951324463,0.0071614584885537624,0.004520416259765625,0.0319010429084301,0.03230476379394531,0.004738847725093365,0.0031263388227671385,0.017641395330429077
action_head.decoder.decoder.layers.2.self_attn,attention_qk,"[1, 8, 12, 32] x [1, 8, 32, 12]",0.0126953125,0.0068359375,0.00032552084303461015,0.03125,0.00709468312561512,0.02882600575685501,0.12692677974700928,0.0078125,0.009765625,0.0315755233168602,0.03125,0.006086258217692375,0.01883086748421192,0.09081268310546875,0.006510416977107525,0.0068359375,0.0322265625,0.0315755233168602,0.0057428921572864056,0.017734194174408913,0.09457051753997803
text_encoder.bert.encoder.layer.4.attention.self,attention_qk,"[1, 12, 14, 64] x [1, 12, 64, 14]",0.02008928544819355,0.011439732275903225,9.300595411332324e-05,0.01590401865541935,0.007059250492602587,0.09077837318181992,0.4249305725097656,0.01013764925301075,0.01106770895421505,0.0157180055975914,0.01581101305782795,0.004804213996976614,0.06104946509003639,0.3773937225341797,0.008556547574698925,0.00827752985060215,0.0314360111951828,0.0319010429084301,0.004278669599443674,0.053266145288944244,0.3421592712402344
action_head.state_projection.net.4,linear,"[1, 256] x [256, 512]",0.00390625,0.00514984130859375,0.00390625,0.004241943359375,0.007053494919091463,0.0021838624961674213,0.007974445819854736,0.00390625,0.00514984130859375,0.00390625,0.004241943359375,0.007053494919091463,0.0021838624961674213,0.007974445819854736,0.00390625,0.0045623779296875,0.03125,0.03218841552734375,0.004776085261255503,0.0014764536172151566,0.006819732487201691
vision_language_interaction.text_layers.0.linear1,linear,"[21, 1, 256] x [256, 1024]",0.0489211305975914,0.0079803466796875,0.00037202381645329297,0.004058837890625,0.007005630526691675,0.021908771246671677,0.25009632110595703,0.0455729179084301,0.0079803466796875,0.00390625,0.004058837890625,0.0065163602121174335,0.019737863913178444,0.16042184829711914,0.01990327425301075,0.0063934326171875,0.0314360111951828,0.0319366455078125,0.0038557297084480524,0.011440872214734554,0.09512138366699219
vision_language_interaction.text_layers.4.self_attn,linear,"[21, 256] x [256, 256]",0.012276786379516125,0.0098876953125,0.0013020833721384406,0.0040435791015625,0.007002908270806074,0.0025579757057130337,0.017470359802246094,0.00911458395421505,0.0098876953125,0.004092262126505375,0.0040435791015625,0.007337313145399094,0.0031406856141984463,0.01857757568359375,0.00539434514939785,0.0075225830078125,0.03125,0.0317230224609375,0.005112298298627138,0.0022457398008555174,0.011258155107498169
vision_language_interaction.text_layers.5.self_attn,bmm,"[4, 21, 21] x [4, 21, 64]",0.5986394882202148,0.0009300595265813172,0.01814058981835842,0.1013764888048172,0.006985335610806942,0.0020503904670476913,0.02853548526763916,0.5986394882202148,0.0009300595265813172,0.04931972920894623,0.0626860111951828,0.002285982482135296,0.0007229757611639798,0.00600588321685791,0.7366071343421936,0.34619140625,0.0316220261156559,0.0438232421875,0.0021762712858617306,0.0006996506708674133,0.005518317222595215
vision_language_interaction.text_layers.2.self_attn,linear,"[21, 256] x [256, 256]",0.014880952425301075,0.0103302001953125,0.0013020833721384406,0.0040130615234375,0.0069792671129107475,0.0012236072216182947,0.012509822845458984,0.01171875,0.0103302001953125,0.00390625,0.0040130615234375,0.006677898112684488,0.001108965720050037,0.007239282131195068,0.011904762126505375,0.0077056884765625,0.0314360111951828,0.031982421875,0.005084690637886524,0.0008187379571609199,0.005425691604614258
action_head.decoder.decoder.layers.0.self_attn,attention_qk,"[1, 8, 12, 32] x [1, 8, 32, 12]",0.015625,0.00813802145421505,0.00032552084303461015,0.03125,0.006933608558028936,0.01612812466919422,0.08450651168823242,0.01009114645421505,0.0071614584885537624,0.0319010429084301,0.03125,0.005363522097468376,0.012509801425039768,0.05574178695678711,0.00911458395421505,0.0068359375,0.03125,0.0319010429084301,0.005370992701500654,0.012325835414230824,0.05811119079589844
vision_language_interaction.text_layers.4.self_attn,bmm,"[4, 21, 21] x [4, 21, 64]",0.6020408272743225,0.004092262126505375,0.01814058981835842,0.1056547611951828,0.0069113848730921745,0.0019170092418789864,0.021160125732421875,0.6292517185211182,0.0035342262126505375,0.04818594083189964,0.0559895858168602,0.0030195103026926517,0.0009692900348454714,0.009898662567138672,0.7578125,0.346435546875,0.0316220261156559,0.0394287109375,0.002938109915703535,0.0009564352803863585,0.007505178451538086
vision_language_interaction.text_layers.0.self_attn,linear,"[21, 256] x [256, 256]",0.0202752985060215,0.01129150390625,0.00018601190822664648,0.0040130615234375,0.006890828255563974,0.001475104596465826,0.01804327964782715,0.015625,0.01129150390625,0.00390625,0.0040130615234375,0.0059731947258114815,0.0011470485478639603,0.017085790634155273,0.0066964286379516125,0.007904052734375,0.0314360111951828,0.0317840576171875,0.003630292834714055,0.0008048457675613463,0.009433209896087646
vision_language_interaction.text_layers.1.self_attn,bmm,"[4, 21, 21] x [4, 21, 64]",0.8543084263801575,0.00539434514939785,0.021541951224207878,0.0892857164144516,0.006855370476841927,0.0012362226843833923,0.012674808502197266,0.8418367505073547,0.0087425597012043,0.0476190485060215,0.0691964328289032,0.0052038091234862804,0.001161367865279317,0.010175228118896484,0.9114583730697632,0.3466796875,0.03125,0.0416259765625,0.005264786537736654,0.001230371999554336,0.010948717594146729
action_head.decoder.decoder.layers.0.multihead_attn,linear,"[12, 1, 256] x [256, 256]",0.00911458395421505,0.0050811767578125,0.00032552084303461015,0.0042572021484375,0.006855253130197525,0.005041896365582943,0.028849482536315918,0.0078125,0.0050811767578125,0.00390625,0.0042572021484375,0.0064803180284798145,0.004840570967644453,0.021270036697387695,0.005533854477107525,0.004425048828125,0.0325520858168602,0.0325775146484375,0.005133559927344322,0.0038030154537409544,0.016899824142456055
vision_language_interaction.text_layers.2.self_attn,bmm,"[4, 21, 21] x [4, 21, 64]",0.5986394882202148,0.006138393189758062,0.01814058981835842,0.103050597012043,0.006854366976767778,0.0009361576521769166,0.010663151741027832,0.5986394882202148,0.005580357275903225,0.0476190485060215,0.065476194024086,0.004117073491215706,0.0006646485417149961,0.004363052546977997,0.7366071343421936,0.348388671875,0.03125,0.0457763671875,0.00405622273683548,0.0006562615744769573,0.005760520696640015
text_encoder.bert.encoder.layer.4.attention.self,attention_qk,"[1, 12, 21, 64] x [1, 12, 64, 21]",0.0261656753718853,0.01116071455180645,6.200397183420137e-05,0.01574900932610035,0.00680669117718935,0.08563905954360962,0.47509002685546875,0.010726687498390675,0.009920635260641575,0.01581101305782795,0.01593502052128315,0.004476354457437992,0.055014487355947495,0.3338909149169922,0.0078125,0.011346726678311825,0.0314360149204731,0.0315600223839283,0.0037294889334589243,0.04821372032165527,0.26938819885253906
text_encoder.bert.encoder.layer.7.attention.self,attention_qk,"[1, 12, 11, 64] x [1, 12, 64, 11]",0.019886363297700882,0.009706439450383186,0.00011837121564894915,0.015743371099233627,0.006805652752518654,0.10577038675546646,0.511749267578125,0.011126894503831863,0.009943181648850441,0.015625,0.01609848439693451,0.004447537008672953,0.06950140744447708,0.39145374298095703,0.010298295877873898,0.007930871099233627,0.031960226595401764,0.03184185549616814,0.004349854774773121,0.06587226688861847,0.3043975830078125
text_encoder.bert.encoder.layer.0.attention.self,attention_qk,"[1, 12, 14, 64] x [1, 12, 64, 14]",0.02297247014939785,0.012369791977107525,9.300595411332324e-05,0.0157180055975914,0.006678035948425531,0.09228496253490448,0.5121994018554688,0.0106956847012043,0.012276786379516125,0.01627604104578495,0.015625,0.004359403625130653,0.05846325680613518,0.33128923177719116,0.008463541977107525,0.00911458395421505,0.0319010429084301,0.0319010429084301,0.0039517078548669815,0.051275502890348434,0.3195970058441162
vision_encoder.backbone.layer.10.attention,attention_qk,"[1, 12, 261, 64] x [1, 12, 64, 261]",0.023906448855996132,0.01689714938402176,9.977649824577384e-06,0.01581457443535328,0.006536640226840973,0.14385205507278442,1.2654266357421875,0.01278635859489441,0.017750238999724388,0.01586945168673992,0.01579960808157921,0.004697984550148249,0.13500532507896423,1.4245986938476562,0.010805794969201088,0.013893877156078815,0.031559307128190994,0.031589239835739136,0.003856439609080553,0.11178793013095856,1.2399864196777344
text_encoder.bert.encoder.layer.7.attention.self,attention_qk,"[1, 12, 14, 64] x [1, 12, 64, 14]",0.01990327425301075,0.0088355652987957,9.300595411332324e-05,0.0157180055975914,0.006412315182387829,0.10099495947360992,0.4480133056640625,0.011439732275903225,0.00930059514939785,0.01599702425301075,0.01581101305782795,0.004790636710822582,0.07324818521738052,0.41840362548828125,0.0071614584885537624,0.00837053544819355,0.0314360111951828,0.0314360111951828,0.00436459481716156,0.06099076569080353,0.3844261169433594
text_encoder.bert.encoder.layer.5.attention.self,attention_qk,"[1, 12, 14, 64] x [1, 12, 64, 14]",0.01702008955180645,0.010416666977107525,9.300595411332324e-05,0.01627604104578495,0.006380582228302956,0.09588797390460968,0.5811805725097656,0.0096726194024086,0.0106026791036129,0.01590401865541935,0.01590401865541935,0.004925824701786041,0.06981737911701202,0.44611549377441406,0.00837053544819355,0.0106956847012043,0.0319010429084301,0.0317150317132473,0.0043642339296638966,0.058725059032440186,0.3734743595123291
vision_language_interaction.fusion_layers.3.attn.out_v_proj,linear,"[1, 512, 1024] x [1024, 256]",0.01531982421875,0.011798858642578125,1.9073486328125e-06,0.0010223388671875,0.006340244319289923,0.019435901194810867,0.11667084693908691,0.0131378173828125,0.011798858642578125,0.001178741455078125,0.0010223388671875,0.005402811802923679,0.022667337208986282,0.1303098201751709,0.0068359375,0.007015228271484375,0.0322113037109375,0.031871795654296875,0.003379208967089653,0.015430398285388947,0.09557175636291504
text_encoder.bert.encoder.layer.10.attention.self,attention_qk,"[1, 12, 14, 64] x [1, 12, 64, 14]",0.01813616044819355,0.0086495541036129,9.300595411332324e-05,0.0157180055975914,0.006325879599899054,0.08396502584218979,0.4046497344970703,0.00930059514939785,0.0096726194024086,0.01627604104578495,0.0157180055975914,0.0043600378558039665,0.06264300644397736,0.42519569396972656,0.0087425597012043,0.0077194944024086,0.0318080373108387,0.0319010429084301,0.003932674881070852,0.059109654277563095,0.30432605743408203
text_encoder.bert.encoder.layer.7.attention.self,attention_qk,"[1, 12, 21, 64] x [1, 12, 64, 21]",0.0202132947742939,0.007378472480922937,6.200397183420137e-05,0.01568700559437275,0.0062973108142614365,0.1115175262093544,0.5350284576416016,0.012214782647788525,0.011842758394777775,0.01587301678955555,0.01568700559437275,0.005259813275188208,0.06809840351343155,0.41368532180786133,0.0095486119389534,0.01004464365541935,0.0316840298473835,0.0319940485060215,0.00504715833812952,0.07168062776327133,0.3819713592529297
text_encoder.bert.encoder.layer.6.attention.self,attention_qk,"[1, 12, 11, 64] x [1, 12, 64, 11]",0.021780304610729218,0.009469697251915932,0.00011837121564894915,0.015861742198467255,0.006200258620083332,0.10892931371927261,0.47334766387939453,0.01408617477864027,0.009706439450383186,0.015861742198467255,0.015861742198467255,0.004557012114673853,0.07521390169858932,0.39463233947753906,0.011008523404598236,0.010771780274808407,0.03160511329770088,0.03136837109923363,0.004321178421378136,0.06994330883026123,0.34636878967285156
text_encoder.bert.encoder.layer.0.attention.self,attention_qk,"[1, 12, 21, 64] x [1, 12, 64, 21]",0.0232514888048172,0.0125248022377491,6.200397183420137e-05,0.01574900932610035,0.006185160484164953,0.09104780107736588,0.3978767395019531,0.011222719214856625,0.0155009925365448,0.01599702425301075,0.01568700559437275,0.004017386119812727,0.05651265010237694,0.3511127233505249,0.00917658768594265,0.0115947425365448,0.0318700410425663,0.0313740111887455,0.003707160009071231,0.05249588564038277,0.39060211181640625
text_encoder.bert.encoder.layer.4.attention.self,attention_qk,"[1, 12, 11, 64] x [1, 12, 64, 11]",0.020596591755747795,0.011837121099233627,0.00011837121564894915,0.015861742198467255,0.006152630317956209,0.08392135798931122,0.4823455810546875,0.01017992477864027,0.01065340917557478,0.015861742198467255,0.015861742198467255,0.004135068506002426,0.05963058024644852,0.33774423599243164,0.008049242198467255,0.01017992477864027,0.03136837109923363,0.03172348439693451,0.003461529267951846,0.04891413077712059,0.2657051086425781
text_encoder.bert.encoder.layer.6.attention.self,attention_qk,"[1, 12, 14, 64] x [1, 12, 64, 14]",0.017578125,0.0096726194024086,9.300595411332324e-05,0.0157180055975914,0.0060811531729996204,0.10510143637657166,0.5861349105834961,0.0107886902987957,0.0096726194024086,0.015625,0.0157180055975914,0.005058153532445431,0.07645721733570099,0.41878223419189453,0.00911458395421505,0.0096726194024086,0.0317150317132473,0.0319010429084301,0.004750390071421862,0.06852007657289505,0.3358182907104492
vision_language_interaction.text_layers.3.linear2,linear,"[21, 1, 1024] x [1024, 256]",0.8682105541229248,0.013698577880859375,4.650297705666162e-05,0.00101470947265625,0.006065143272280693,0.01311990525573492,0.23491668701171875,0.8697916865348816,0.013698577880859375,0.0010230655316263437,0.00101470947265625,0.005172860808670521,0.010852848179638386,0.118621826171875,0.8599795699119568,0.008697509765625,0.0309709832072258,0.031734466552734375,0.0030796194914728403,0.006966827902942896,0.06555938720703125
text_encoder.bert.encoder.layer.3.attention.self,attention_qk,"[1, 12, 21, 64] x [1, 12, 64, 21]",0.0399925634264946,0.0135788694024086,6.200397183420137e-05,0.01574900932610035,0.006054534111171961,0.13144102692604065,0.6196937561035156,0.01004464365541935,0.012772818095982075,0.01581101305782795,0.01599702425301075,0.0031468875240534544,0.06206529214978218,0.39916229248046875,0.011222719214856625,0.013206846080720425,0.0315600223839283,0.0313740111887455,0.0026632240042090416,0.05493541806936264,0.324493408203125
text_encoder.bert.encoder.layer.5.attention.self,attention_qk,"[1, 12, 11, 64] x [1, 12, 64, 11]",0.02118844725191593,0.009351326152682304,0.00011837121564894915,0.015625,0.006020162720233202,0.09406917542219162,0.38517260551452637,0.009943181648850441,0.010298295877873898,0.015861742198467255,0.015625,0.004216380883008242,0.06666261702775955,0.3456993103027344,0.008522727526724339,0.008522727526724339,0.031486742198467255,0.03219696879386902,0.003925634548068047,0.05799321085214615,0.27207183837890625
text_encoder.bert.encoder.layer.10.attention.self,attention_qk,"[1, 12, 11, 64] x [1, 12, 64, 11]",0.017163826152682304,0.009232955053448677,0.00011837121564894915,0.015861742198467255,0.005940529052168131,0.08405455201864243,0.4043126106262207,0.008996212854981422,0.009469697251915932,0.015980113297700882,0.015743371099233627,0.004023060668259859,0.05642591416835785,0.3244941830635071,0.006273674312978983,0.007694128900766373,0.03160511329770088,0.03160511329770088,0.003704342758283019,0.057965099811553955,0.2525825500488281
text_encoder.bert.encoder.layer.8.attention.self,attention_qk,"[1, 12, 14, 64] x [1, 12, 64, 14]",0.0146949402987957,0.009393601678311825,9.300595411332324e-05,0.01609002985060215,0.005933620035648346,0.08845831453800201,0.5243573188781738,0.0106026791036129,0.01171875,0.01590401865541935,0.01599702425301075,0.004481435753405094,0.06787081062793732,0.38997983932495117,0.0106026791036129,0.00827752985060215,0.0319010429084301,0.0319940485060215,0.004228757228702307,0.05917128548026085,0.3700634837150574
text_encoder.bert.encoder.layer.8.attention.self,attention_qk,"[1, 12, 21, 64] x [1, 12, 64, 21]",0.02064732275903225,0.010354663245379925,0.0004340278101153672,0.01568700559437275,0.0059281508438289165,0.10232003033161163,0.48894691467285156,0.00998263992369175,0.009486607275903225,0.01568700559437275,0.01587301678955555,0.004726208746433258,0.06346645206212997,0.28038978576660156,0.011718750931322575,0.008804564364254475,0.0319940485060215,0.0316220261156559,0.004117896780371666,0.05909914895892143,0.34705305099487305
vision_language_interaction.fusion_layers.5.attn,bmm,"[4, 512, 21] x [4, 21, 256]",0.4487769901752472,0.0042782737873494625,2.325148852833081e-05,0.0613839291036129,0.005812636576592922,0.0022822809405624866,0.037132978439331055,0.4359886646270752,0.003627232275903225,0.0478515625,0.0663597509264946,0.003659740323200822,0.00122741237282753,0.02953314781188965,0.6316680908203125,0.34600830078125,0.03143310546875,0.04339599609375,0.003937686327844858,0.0012257243506610394,0.03555643558502197
text_encoder.bert.encoder.layer.2.attention.self,attention_qk,"[1, 12, 21, 64] x [1, 12, 64, 21]",0.0336061529815197,0.01686508022248745,6.200397183420137e-05,0.01593502052128315,0.005789290647953749,0.12996971607208252,0.7899246215820312,0.009486607275903225,0.014198909513652325,0.0163070447742939,0.0161210335791111,0.003112735925242305,0.06222565472126007,0.5829753875732422,0.007998512126505375,0.0097346231341362,0.0316220261156559,0.0315600223839283,0.0028714968357235193,0.05724870413541794,0.7185478210449219
text_encoder.bert.encoder.layer.1.attention.self,attention_qk,"[1, 12, 14, 64] x [1, 12, 64, 14]",0.02380952425301075,0.012369791977107525,9.300595411332324e-05,0.01590401865541935,0.005775369703769684,0.0983632504940033,0.5373449325561523,0.009951637126505375,0.011346726678311825,0.01599702425301075,0.01599702425301075,0.0035567269660532475,0.05630345270037651,0.5231781005859375,0.008463541977107525,0.00920758955180645,0.0315290167927742,0.0317150317132473,0.003244157647714019,0.051120392978191376,0.4090576171875
text_encoder.bert.encoder.layer.6.attention.self,attention_qk,"[1, 12, 21, 64] x [1, 12, 64, 21]",0.0201512910425663,0.0096726194024086,6.200397183420137e-05,0.01593502052128315,0.00575997494161129,0.11637461930513382,0.5771081447601318,0.011222719214856625,0.013144842348992825,0.01574900932610035,0.01568700559437275,0.005571046844124794,0.07278044521808624,0.37782764434814453,0.00998263992369175,0.009362599812448025,0.0314360149204731,0.0321180559694767,0.0050298902206122875,0.064939945936203,0.38749027252197266
text_encoder.bert.encoder.layer.3.attention.self,attention_qk,"[1, 12, 14, 64] x [1, 12, 64, 14]",0.02883184514939785,0.011346726678311825,0.00018601190822664648,0.01590401865541935,0.005747716408222914,0.10891102254390717,0.5844216346740723,0.011532737873494625,0.01302083395421505,0.0157180055975914,0.0157180055975914,0.0035176165401935577,0.06478628516197205,0.452392578125,0.0086495541036129,0.0116257444024086,0.0317150317132473,0.0319010429084301,0.002861051820218563,0.05289191007614136,0.342803955078125
text_encoder.bert.encoder.layer.9.attention.self,attention_qk,"[1, 12, 14, 64] x [1, 12, 64, 14]",0.0224144347012043,0.009021577425301075,9.300595411332324e-05,0.01590401865541935,0.005729360971599817,0.09502657502889633,0.5198678970336914,0.0088355652987957,0.0087425597012043,0.0157180055975914,0.01627604104578495,0.003944722004234791,0.06322582811117172,0.3841819763183594,0.009486607275903225,0.0077194944024086,0.0317150317132473,0.0317150317132473,0.003924567252397537,0.058828845620155334,0.4280436038970947
vision_language_interaction.fusion_layers.4.attn.out_v_proj,linear,"[1, 512, 1024] x [1024, 256]",0.012662887573242188,0.011127471923828125,1.9073486328125e-06,0.001018524169921875,0.005692599341273308,0.014851399697363377,0.0880439281463623,0.014371871948242188,0.011127471923828125,0.0010089874267578125,0.001018524169921875,0.005188144743442535,0.01501501351594925,0.0932680144906044,0.007122039794921875,0.007205963134765625,0.03188133239746094,0.031871795654296875,0.0033498238772153854,0.010012016631662846,0.05594444274902344
text_encoder.bert.encoder.layer.5.attention.self,attention_qk,"[1, 12, 21, 64] x [1, 12, 64, 21]",0.0201512910425663,0.010416666977107525,6.200397183420137e-05,0.01581101305782795,0.005667474586516619,0.09408093243837357,0.5297937393188477,0.009610615670681,0.009362599812448025,0.01593502052128315,0.01587301678955555,0.005590573884546757,0.06755431741476059,0.38205766677856445,0.0066964291036129,0.006944444961845875,0.0314980186522007,0.0326760932803154,0.004410884343087673,0.06618405133485794,0.3797025680541992
text_encoder.bert.encoder.layer.9.attention.self,attention_qk,"[1, 12, 11, 64] x [1, 12, 64, 11]",0.02130681835114956,0.00911458395421505,0.00011837121564894915,0.016216857358813286,0.005558460485190153,0.08760254085063934,0.4519527554512024,0.011126894503831863,0.0078125,0.01609848439693451,0.015980113297700882,0.0040151262655854225,0.061688415706157684,0.36224889755249023,0.01017992477864027,0.007220644038170576,0.03160511329770088,0.03184185549616814,0.003829694353044033,0.057116348296403885,0.4034571647644043
text_encoder.bert.encoder.layer.0.attention.self,attention_qk,"[1, 12, 11, 64] x [1, 12, 64, 11]",0.02118844725191593,0.012547348625957966,0.0002367424312978983,0.015861742198467255,0.005524090491235256,0.08423604816198349,0.41956233978271484,0.010416666977107525,0.013612689450383186,0.016216857358813286,0.015861742198467255,0.004123203456401825,0.059612926095724106,0.382904052734375,0.009351326152682304,0.010890152305364609,0.03172348439693451,0.031960226595401764,0.003483880776911974,0.050506267696619034,0.28001976013183594
text_encoder.bert.encoder.layer.2.attention.self,attention_qk,"[1, 12, 14, 64] x [1, 12, 64, 14]",0.02492559514939785,0.014415922574698925,9.300595411332324e-05,0.01599702425301075,0.005449420306831598,0.11630191653966904,0.70361328125,0.01013764925301075,0.01032366044819355,0.0157180055975914,0.01590401865541935,0.0035081300884485245,0.06714772433042526,0.7295913696289062,0.0087425597012043,0.009858631528913975,0.0315290167927742,0.0318080373108387,0.0030765908304601908,0.05755028501152992,0.7040596008300781
text_encoder.bert.encoder.layer.8.attention.self,attention_qk,"[1, 12, 11, 64] x [1, 12, 64, 11]",0.013731060549616814,0.008522727526724339,0.0002367424312978983,0.015861742198467255,0.005363568663597107,0.0849582776427269,0.3500947952270508,0.011126894503831863,0.009469697251915932,0.015625,0.01609848439693451,0.004052205476909876,0.06376390904188156,0.3591632843017578,0.009469697251915932,0.008522727526724339,0.031960226595401764,0.03219696879386902,0.003884931793436408,0.05977272242307663,0.38852500915527344
vision_encoder.backbone.layer.3.attention,attention_qk,"[1, 12, 261, 64] x [1, 12, 64, 261]",0.04930954426527023,0.016996925696730614,4.988824912288692e-06,0.015804598107933998,0.005358658265322447,0.416248619556427,5.304290771484375,0.01778516173362732,0.01604406163096428,0.01580958627164364,0.01582954078912735,0.00394169008359313,0.2700254023075104,5.121807098388672,0.014053519815206528,0.013290229253470898,0.03152438625693321,0.03150442987680435,0.003353835316374898,0.23610462248325348,4.213287353515625
vision_language_interaction.text_layers.0.self_attn,baddbmm,"[4, 21, 64] x [4, 64, 21]",0.011346726678311825,0.0037202381063252687,0.00018601190822664648,0.015625,0.005288270302116871,0.005157900974154472,0.023304879665374756,0.00930059514939785,0.004650297574698925,0.01581101305782795,0.0174851194024086,0.002868534764274955,0.0035557199735194445,0.020416438579559326,0.0096726194024086,0.0059523810632526875,0.0316220261156559,0.0314360111951828,0.0023322245106101036,0.003416727064177394,0.020017147064208984
vision_language_interaction.fusion_layers.0.attn,bmm,"[4, 512, 256] x [4, 256, 21]",0.01418304443359375,0.0074404762126505375,1.9073486328125e-06,0.0040457588620483875,0.005242764949798584,0.010198456235229969,0.05130147933959961,0.010019302368164062,0.00934709794819355,0.00399017333984375,0.003952753264456987,0.004168902523815632,0.007894052192568779,0.04720771312713623,0.0074329376220703125,0.0061848959885537624,0.03177833557128906,0.0315290167927742,0.003282681806012988,0.006609492469578981,0.03485107421875
action_head.decoder.decoder.layers.2.multihead_attn,attention_qk,"[1, 8, 12, 32] x [1, 8, 32, 535]",0.0146484375,0.0074912384152412415,0.00032552084303461015,0.03170998767018318,0.005198655184358358,0.03422561660408974,0.1906142234802246,0.00813802145421505,0.007031250279396772,0.0319010429084301,0.03188522160053253,0.003212912939488888,0.023181920871138573,0.17338943481445312,0.009440104477107525,0.00689982483163476,0.0315755233168602,0.031958237290382385,0.0031727405730634928,0.02260037697851658,0.16483592987060547
vision_language_interaction.fusion_layers.1.attn,bmm,"[4, 512, 256] x [4, 256, 21]",0.015771865844726562,0.0076729911379516125,1.9073486328125e-06,0.003952753264456987,0.0051704151555895805,0.01791417971253395,0.1002955436706543,0.009130477905273438,0.0096261166036129,0.004047393798828125,0.0039992560632526875,0.00332527793943882,0.0137186823412776,0.08579349517822266,0.007312774658203125,0.008882069028913975,0.031810760498046875,0.0322730652987957,0.003172124270349741,0.01146211102604866,0.06676632165908813
vision_language_interaction.fusion_layers.4.attn.out_l_proj,linear,"[1, 21, 1024] x [1024, 256]",0.013439360074698925,0.01177978515625,4.650297705666162e-05,0.0010223388671875,0.005144116003066301,0.05302857235074043,0.26113128662109375,0.011486235074698925,0.01177978515625,0.0010230655316263437,0.0010223388671875,0.00475346902385354,0.053043730556964874,0.3357353210449219,0.00925409235060215,0.007572174072265625,0.0318080373108387,0.031818389892578125,0.0030627832747995853,0.035121798515319824,0.17432022094726562
vision_language_interaction.text_layers.3.self_attn,baddbmm,"[4, 21, 64] x [4, 64, 21]",0.0050223213620483875,0.007998512126505375,0.00018601190822664648,0.015625,0.0051274714060127735,0.0015385831939056516,0.009830474853515625,0.0052083334885537624,0.0087425597012043,0.01711309514939785,0.015625,0.004441186785697937,0.002357879187911749,0.011653730645775795,0.013392857275903225,0.008928571827709675,0.0319940485060215,0.0316220261156559,0.003809299785643816,0.0021369410678744316,0.012314796447753906
action_head.state_projection.net.1,linear,"[1, 8] x [8, 256]",0.0,0.00244140625,0.125,0.126953125,0.005108005832880735,0.0023774653673171997,0.00890117883682251,0.0,0.00244140625,0.125,0.126953125,0.005108005832880735,0.0023774653673171997,0.00890117883682251,0.75,0.7506103515625,0.03125,0.03173828125,0.005108005832880735,0.0023774653673171997,0.00890117883682251
vision_language_interaction.fusion_layers.2.attn.out_v_proj,linear,"[1, 512, 1024] x [1024, 256]",0.019071578979492188,0.01201629638671875,1.9073486328125e-06,0.001010894775390625,0.005107254721224308,0.01212827768176794,0.07041847705841064,0.013402938842773438,0.01201629638671875,0.001018524169921875,0.001010894775390625,0.003912120126187801,0.01235685683786869,0.08430731296539307,0.0067348480224609375,0.007129669189453125,0.03198814392089844,0.031764984130859375,0.0024751853197813034,0.008294109255075455,0.05671447515487671
vision_language_interaction.text_layers.5.self_attn,baddbmm,"[4, 21, 64] x [4, 64, 21]",0.007626488339155912,0.007626488339155912,0.00037202381645329297,0.015625,0.005065061617642641,0.006591479294002056,0.030762016773223877,0.00911458395421505,0.010044642724096775,0.015625,0.01599702425301075,0.003723304718732834,0.005554250441491604,0.025475263595581055,0.007998512126505375,0.0066964286379516125,0.0318080373108387,0.0329241082072258,0.0031701154075562954,0.004796843975782394,0.025663137435913086
vision_encoder.backbone.layer.2.attention,attention_qk,"[1, 12, 261, 64] x [1, 12, 64, 261]",0.04942428693175316,0.015610032714903355,4.988824912288692e-06,0.015789631754159927,0.005035497713834047,0.418293297290802,6.2015380859375,0.016193725168704987,0.014732000418007374,0.01587444171309471,0.01585947349667549,0.00367669016122818,0.23382128775119781,5.792083740234375,0.013704301789402962,0.013180475682020187,0.031564295291900635,0.031569283455610275,0.0031252724584192038,0.20604251325130463,6.12298583984375
text_encoder.bert.encoder.layer.1.attention.self,attention_qk,"[1, 12, 21, 64] x [1, 12, 64, 21]",0.02077133022248745,0.01190476305782795,6.200397183420137e-05,0.01605902798473835,0.0049796937964856625,0.09763532876968384,0.5632057189941406,0.01004464365541935,0.01568700559437275,0.0162450410425663,0.01587301678955555,0.003069187281653285,0.05665206536650658,0.478424072265625,0.010292659513652325,0.0106646828353405,0.0316220261156559,0.0314980186522007,0.0025325417518615723,0.047167882323265076,0.3643684387207031
action_head.decoder.decoder.layers.0.linear2,linear,"[1, 12, 2048] x [2048, 256]",0.9296875,0.007841110229492188,4.069010537932627e-05,0.0005207061767578125,0.004873539321124554,0.0003682311507873237,0.0018171146512031555,0.9374593496322632,0.007841110229492188,0.0005289713735692203,0.0005207061767578125,0.004713159520179033,0.00028411037055775523,0.0014480352401733398,0.93798828125,0.00543212890625,0.0267333984375,0.032016754150390625,0.002505313837900758,0.0001507686683908105,0.0008439794182777405
vision_language_interaction.fusion_layers.0.attn.out_v_proj,linear,"[1, 512, 1024] x [1024, 256]",0.01480865478515625,0.011577606201171875,3.814697265625e-06,0.001018524169921875,0.004858378320932388,0.022675596177577972,0.12841743230819702,0.012453079223632812,0.011577606201171875,0.00104522705078125,0.001018524169921875,0.004547444172203541,0.019805217161774635,0.12376952171325684,0.0071811676025390625,0.0073089599609375,0.03170013427734375,0.031864166259765625,0.0030707428231835365,0.01311546005308628,0.07526600360870361
vision_language_interaction.fusion_layers.1.attn.out_v_proj,linear,"[1, 512, 1024] x [1024, 256]",0.016386032104492188,0.011348724365234375,3.814697265625e-06,0.001010894775390625,0.004808216821402311,0.016582060605287552,0.09849739074707031,0.014112472534179688,0.011348724365234375,0.0009899139404296875,0.001010894775390625,0.00403413875028491,0.019203506410121918,0.12722551822662354,0.0073699951171875,0.00732421875,0.0319671630859375,0.031780242919921875,0.002513441490009427,0.012205658480525017,0.08473038673400879
text_encoder.bert.encoder.layer.9.attention.self,attention_qk,"[1, 12, 21, 64] x [1, 12, 64, 21]",0.01767113246023655,0.009486607275903225,6.200397183420137e-05,0.01581101305782795,0.004779701586812735,0.08309918642044067,0.3911628723144531,0.00923859141767025,0.008804564364254475,0.01587301678955555,0.01574900932610035,0.005131824873387814,0.06979695707559586,0.34726619720458984,0.009300596080720425,0.005518353544175625,0.0323660746216774,0.0328621044754982,0.004357016645371914,0.05892032012343407,0.3477325439453125
vision_language_interaction.fusion_layers.2.attn.out_l_proj,linear,"[1, 21, 1024] x [1024, 256]",0.01404389925301075,0.0113372802734375,4.650297705666162e-05,0.001018524169921875,0.004774990491569042,0.042219050228595734,0.1968402862548828,0.0098121277987957,0.0113372802734375,0.0009765625,0.001018524169921875,0.004808751400560141,0.04380422458052635,0.22854137420654297,0.00818452425301075,0.007076263427734375,0.0320405513048172,0.03182220458984375,0.0030183095950633287,0.02807207964360714,0.15059661865234375
text_encoder.bert.encoder.layer.2.attention.self,attention_qk,"[1, 12, 11, 64] x [1, 12, 64, 11]",0.024857955053448677,0.01408617477864027,0.00011837121564894915,0.015861742198467255,0.004549373872578144,0.10043385624885559,0.5769953727722168,0.010771780274808407,0.013257576152682304,0.015980113297700882,0.016216857358813286,0.003080203430727124,0.06140349060297012,0.4994850158691406,0.005918560549616814,0.01171875,0.03160511329770088,0.03172348439693451,0.0025974733289331198,0.051471877843141556,0.3867197036743164
text_encoder.bert.encoder.layer.11.attention.self,attention_qk,"[1, 12, 11, 64] x [1, 12, 64, 11]",0.01787405274808407,0.010298295877873898,0.00011837121564894915,0.015861742198467255,0.004522054921835661,0.10998009145259857,0.4788360595703125,0.00887784082442522,0.010890152305364609,0.015625,0.015861742198467255,0.0034631381276994944,0.05001099780201912,0.2933502197265625,0.0078125,0.009588068351149559,0.03136837109923363,0.031960226595401764,0.0029141807463020086,0.04943688586354256,0.2557106018066406
text_encoder.bert.encoder.layer.11.attention.self,attention_qk,"[1, 12, 21, 64] x [1, 12, 64, 21]",0.01897321455180645,0.008928571827709675,0.00012400794366840273,0.01581101305782795,0.004516054876148701,0.09421658515930176,0.43053436279296875,0.010416666977107525,0.013702877797186375,0.0162450410425663,0.01568700559437275,0.003982738126069307,0.08406220376491547,0.4445953369140625,0.0078125,0.00824652798473835,0.0315600223839283,0.0313120074570179,0.0027135557029396296,0.054288994520902634,0.2925748825073242
vision_language_interaction.fusion_layers.5.attn.out_l_proj,linear,"[1, 21, 1024] x [1024, 256]",0.013857887126505375,0.012577056884765625,0.00032552084303461015,0.00101470947265625,0.004481163341552019,0.034414563328027725,0.1813969612121582,0.0116722472012043,0.012577056884765625,0.0009765625,0.00101470947265625,0.0042637670412659645,0.03311402350664139,0.19958114624023438,0.00539434514939785,0.007259368896484375,0.0320870541036129,0.031768798828125,0.0027503762394189835,0.022156674414873123,0.12946224212646484
vision_encoder.backbone.layer.0.attention.k_proj,linear,"[1, 261, 768] x [768, 768]",0.38467830419540405,0.01642862893640995,4.988824912288692e-06,0.0013682047137990594,0.0044651394709944725,0.12956149876117706,1.3138275146484375,0.26019716262817383,0.01642862893640995,0.0013070721179246902,0.0013682047137990594,0.003013883950188756,0.0827309861779213,1.2946624755859375,0.08536378294229507,0.0106641985476017,0.031559307128190994,0.0319196917116642,0.0010956005426123738,0.03091125562787056,0.43613433837890625
vision_language_interaction.text_layers.5.self_attn,linear,"[21, 256] x [256, 256]",0.00930059514939785,0.0093231201171875,0.0013020833721384406,0.00396728515625,0.004462262149900198,0.0027392355259507895,0.021646976470947266,0.0106026791036129,0.0093231201171875,0.0042782737873494625,0.00396728515625,0.004759298637509346,0.0027996525168418884,0.02134847640991211,0.015625,0.006805419921875,0.0316220261156559,0.0318450927734375,0.0035077882930636406,0.0021617694292217493,0.013483047485351562
action_head.decoder.action_projection.layers.1,linear,"[1, 12, 512] x [512, 512]",0.7459310293197632,0.006626129150390625,0.00016276042151730508,0.002048492431640625,0.004457294940948486,0.0013004934880882502,0.007219672203063965,0.7942708730697632,0.006626129150390625,0.001953125,0.002048492431640625,0.005154631100594997,0.001416058512404561,0.009057581424713135,0.7960612177848816,0.004932403564453125,0.0315755233168602,0.03208160400390625,0.0033950847573578358,0.0009226260590367019,0.0054544806480407715
vision_language_interaction.fusion_layers.0.attn.out_l_proj,linear,"[1, 21, 1024] x [1024, 256]",0.014415922574698925,0.012035369873046875,4.650297705666162e-05,0.00099945068359375,0.004420052748173475,0.0245235376060009,0.14192110300064087,0.01218377985060215,0.012035369873046875,0.0009765625,0.00099945068359375,0.003983668517321348,0.022062646225094795,0.15793895721435547,0.007486979477107525,0.007171630859375,0.0317150317132473,0.03176116943359375,0.0027974084950983524,0.01565418764948845,0.08127164840698242
text_encoder.bert.encoder.layer.3.attention.self,attention_qk,"[1, 12, 11, 64] x [1, 12, 64, 11]",0.025331439450383186,0.010061553679406643,0.00011837121564894915,0.016216857358813286,0.004340723622590303,0.0884322077035904,0.557398796081543,0.009469697251915932,0.013612689450383186,0.01609848439693451,0.015743371099233627,0.002863965230062604,0.05724706873297691,0.48040771484375,0.009469697251915932,0.01195549312978983,0.03207859769463539,0.03160511329770088,0.0024675328750163317,0.04817147180438042,0.333343505859375
text_encoder.bert.encoder.layer.1.attention.self,attention_qk,"[1, 12, 11, 64] x [1, 12, 64, 11]",0.02130681835114956,0.012547348625957966,0.00011837121564894915,0.016216857358813286,0.004303285386413336,0.08097296953201294,0.4783973693847656,0.00911458395421505,0.012192235328257084,0.016216857358813286,0.015980113297700882,0.0029717814177274704,0.052445560693740845,0.4375762939453125,0.01017992477864027,0.009943181648850441,0.03160511329770088,0.03184185549616814,0.0026911753229796886,0.04722076654434204,0.382720947265625
vision_language_interaction.fusion_layers.3.attn.out_l_proj,linear,"[1, 21, 1024] x [1024, 256]",0.014276414178311825,0.01091766357421875,4.650297705666162e-05,0.00099945068359375,0.004285430070012808,0.02378142438828945,0.16390609741210938,0.012323289178311825,0.01091766357421875,0.0009765625,0.00099945068359375,0.004162311553955078,0.02459103986620903,0.1734485626220703,0.006045387126505375,0.006927490234375,0.0319475457072258,0.031887054443359375,0.002499779686331749,0.014513416215777397,0.10660552978515625
text_encoder.bert.encoder.layer.11.attention.self,attention_qk,"[1, 12, 14, 64] x [1, 12, 64, 14]",0.01906622014939785,0.010416666977107525,0.00018601190822664648,0.01581101305782795,0.00426876125857234,0.08489268273115158,0.5063343048095703,0.00920758955180645,0.007905506528913975,0.0157180055975914,0.01618303544819355,0.0036574038676917553,0.05115894228219986,0.3008155822753906,0.00818452425301075,0.008556547574698925,0.0316220261156559,0.0313430055975914,0.003352898173034191,0.0496554970741272,0.27896881103515625
action_head.decoder.decoder.layers.1.multihead_attn,attention_qk,"[1, 8, 12, 32] x [1, 8, 32, 535]",0.01171875,0.007089661434292793,0.00032552084303461015,0.03167348355054855,0.0042481799609959126,0.030051110312342644,0.22068405151367188,0.007486979477107525,0.007535046897828579,0.0315755233168602,0.03193633258342743,0.00306529039517045,0.021110495552420616,0.14276504516601562,0.0071614584885537624,0.006834112573415041,0.0315755233168602,0.03191442787647247,0.0030632822308689356,0.020840508863329887,0.17282867431640625
vision_language_interaction.fusion_layers.3.attn,bmm,"[4, 512, 256] x [4, 256, 21]",0.017248153686523438,0.0086495541036129,1.9073486328125e-06,0.0039992560632526875,0.004151655361056328,0.010441696271300316,0.061893463134765625,0.008960723876953125,0.0069289435632526875,0.00403594970703125,0.0039992560632526875,0.0024365028366446495,0.007679869886487722,0.052277326583862305,0.007038116455078125,0.008091517724096775,0.03193855285644531,0.0316220261156559,0.0019133640453219414,0.0059562972746789455,0.043730735778808594
vision_encoder.backbone.layer.1.attention,attention_qk,"[1, 12, 261, 64] x [1, 12, 64, 261]",0.043527498841285706,0.017825070768594742,1.9955299649154767e-05,0.015789631754159927,0.003915050998330116,0.2061767280101776,2.033538818359375,0.02149185724556446,0.017725294455885887,0.01581457443535328,0.01584949716925621,0.002526039956137538,0.12008912861347198,2.015167236328125,0.018713083118200302,0.015385536476969719,0.031579263508319855,0.031584251672029495,0.0021279421634972095,0.10102839022874832,1.81414794921875
vision_language_interaction.fusion_layers.5.attn.out_v_proj,linear,"[1, 512, 1024] x [1024, 256]",0.016910552978515625,0.01123809814453125,1.9073486328125e-06,0.001010894775390625,0.00385720725171268,0.014993696473538876,0.0862579345703125,0.015752792358398438,0.01123809814453125,0.0009765625,0.001010894775390625,0.004110030829906464,0.012905456125736237,0.06813812255859375,0.0063018798828125,0.007099151611328125,0.031711578369140625,0.031871795654296875,0.002623405307531357,0.007829840295016766,0.04167190194129944
vision_language_interaction.fusion_layers.2.attn,bmm,"[4, 512, 256] x [4, 256, 21]",0.013256072998046875,0.01209077425301075,1.9073486328125e-06,0.00390625,0.0036748326383531094,0.011497731320559978,0.06826639175415039,0.008985519409179688,0.01209077425301075,0.0040740966796875,0.00390625,0.002467936370521784,0.009575827978551388,0.05258512496948242,0.0068340301513671875,0.0078125,0.03190803527832031,0.0315755195915699,0.002078845165669918,0.007542451843619347,0.053365230560302734
vision_encoder.backbone.layer.0.attention.q_proj,linear,"[1, 261, 768] x [768, 768]",0.38467830419540405,0.0152570940554142,4.988824912288692e-06,0.0020718045998364687,0.0035406562965363264,0.16852065920829773,2.734405517578125,0.26019716262817383,0.0152570940554142,0.0013070721179246902,0.0020718045998364687,0.002525168936699629,0.11013845354318619,3.003662109375,0.08536378294229507,0.010357326827943325,0.031559307128190994,0.0351460762321949,0.0007877149619162083,0.03652459383010864,0.713958740234375
vision_language_interaction.fusion_layers.5.attn,bmm,"[4, 512, 256] x [4, 256, 21]",0.017190933227539062,0.007486979477107525,1.9073486328125e-06,0.0040457588620483875,0.0035147331655025482,0.010924123227596283,0.08595430850982666,0.009555816650390625,0.008510044775903225,0.0040073394775390625,0.00432477705180645,0.002284168964251876,0.008089983835816383,0.061110496520996094,0.00780487060546875,0.0058128722012043,0.031887054443359375,0.0319475457072258,0.0019564481917768717,0.0069540031254291534,0.05326652526855469
action_head.decoder.decoder.layers.0.multihead_attn,attention_qk,"[1, 8, 12, 32] x [1, 8, 32, 535]",0.015299479477107525,0.0069801402278244495,0.00032552084303461015,0.03181951120495796,0.003514433978125453,0.02825193665921688,0.17294037342071533,0.005859375,0.007009346038103104,0.0322265625,0.03183411434292793,0.002528751501813531,0.019404994323849678,0.20343017578125,0.0052083334885537624,0.007023948710411787,0.0322265625,0.03182681277394295,0.0026104229036718607,0.01950671151280403,0.16639995574951172
vision_language_interaction.fusion_layers.4.attn,bmm,"[4, 512, 256] x [4, 256, 21]",0.016004562377929688,0.0106026791036129,1.9073486328125e-06,0.003952753264456987,0.003471672534942627,0.010927009396255016,0.07014751434326172,0.009555816650390625,0.009068080224096775,0.004039764404296875,0.003952753264456987,0.0021931021474301815,0.006904157809913158,0.056986331939697266,0.007366180419921875,0.0061848959885537624,0.03177833557128906,0.0316220261156559,0.0017763394862413406,0.006093974690884352,0.05881786346435547
vision_language_interaction.text_layers.4.self_attn,baddbmm,"[4, 21, 64] x [4, 64, 21]",0.01209077425301075,0.004464285913854837,0.0013020833721384406,0.0172991082072258,0.0031966930255293846,0.008109237998723984,0.038340091705322266,0.007068452425301075,0.0066964286379516125,0.01599702425301075,0.01599702425301075,0.004407113417983055,0.007157581392675638,0.032329440116882324,0.004650297574698925,0.0059523810632526875,0.032738097012043,0.0316220261156559,0.003836139338091016,0.006588788703083992,0.03130650520324707
vision_language_interaction.fusion_layers.1.attn.out_l_proj,linear,"[1, 21, 1024] x [1024, 256]",0.0146949402987957,0.0096893310546875,4.650297705666162e-05,0.00103759765625,0.0029947564471513033,0.013716625981032848,0.11370086669921875,0.0087425597012043,0.0096893310546875,0.0009765625,0.00103759765625,0.0027045500464737415,0.01593288592994213,0.1385793685913086,0.003673735074698925,0.0064697265625,0.031761534512043,0.03202056884765625,0.0017479786183685064,0.01059418823570013,0.08074188232421875
vision_language_interaction.text_layers.1.self_attn,baddbmm,"[4, 21, 64] x [4, 64, 21]",0.015252976678311825,0.004464285913854837,0.00018601190822664648,0.01599702425301075,0.002774657215923071,0.03249434009194374,0.11345386505126953,0.0059523810632526875,0.0087425597012043,0.01599702425301075,0.01599702425301075,0.0023027670104056597,0.019222646951675415,0.08027076721191406,0.00390625,0.0059523810632526875,0.0318080373108387,0.0329241082072258,0.001731079537421465,0.013213700614869595,0.08866405487060547
action_head.decoder.action_projection.layers.2,linear,"[1, 12, 512] x [512, 7]",0.5618489980697632,0.02929687686264515,0.00016276042151730508,0.001953125,0.001910824910737574,0.002661902690306306,0.01595592498779297,0.5582682490348816,0.02929687686264515,0.001953125,0.001953125,0.0015230653807520866,0.0019212744664400816,0.009781837463378906,0.5576171875,0.0133928582072258,0.0315755233168602,0.0315290205180645,0.0010553981410339475,0.0010360520100221038,0.010398387908935547
vision_encoder.backbone.layer.0.attention,attention_qk,"[1, 12, 261, 64] x [1, 12, 64, 261]",0.14640206098556519,0.03793502599000931,2.993294947373215e-05,0.01674748584628105,0.0011582095175981522,197.76202392578125,2675.75,0.04880068451166153,0.03790010139346123,0.017006903886795044,0.01674748584628105,0.0009713154868222773,155.47393798828125,2438.9375,0.0442957766354084,0.03279653564095497,0.03276161476969719,0.03234255313873291,0.0009066230268217623,143.85513305664062,2268.625
