Copyright 1986-2021 Xilinx, Inc. All Rights Reserved.
----------------------------------------------------------------------------------------------------------------------------------------------
| Tool Version : Vivado v.2021.2 (win64) Build 3367213 Tue Oct 19 02:48:09 MDT 2021
| Date         : Mon Sep 14 12:26:48 2026
| Host         : nc23 running 64-bit major release  (build 9200)
| Command      : report_drc -file {E:/GPU ARCH/vector_core_sim/turbovla_w8a8_pack2/hw/v1_2026-09-14_115230_pack2_rtl/synth/ooc_16x48/drc.rpt}
| Design       : tvla_w8a8_pack2_array_top
| Device       : xczu7ev-ffvc1156-2-e
| Speed File   : -2
| Design State : Synthesized
----------------------------------------------------------------------------------------------------------------------------------------------

Report DRC

Table of Contents
-----------------
1. REPORT SUMMARY
2. REPORT DETAILS

1. REPORT SUMMARY
-----------------
            Netlist: tvla_w8a8_pack2_array_top
          Floorplan: design_1
      Design limits: <entire design considered>
           Ruledeck: default
             Max violations: <unlimited>
             Violations found: 768
+--------+----------+------------------+------------+
| Rule   | Severity | Description      | Violations |
+--------+----------+------------------+------------+
| DPIP-2 | Warning  | Input pipelining | 768        |
+--------+----------+------------------+------------+

2. REPORT DETAILS
-----------------
DPIP-2#1 Warning
Input pipelining  
DSP u_array/u_ref/g_row[0].g_col[0].u_pe/u_mul/u_dsp input u_array/u_ref/g_row[0].g_col[0].u_pe/u_mul/u_dsp/B[17:0] is not pipelined. Pipelining DSP48 input will improve performance.
Related violations: <none>

DPIP-2#2 Warning
Input pipelining  
DSP u_array/u_ref/g_row[0].g_col[10].u_pe/u_mul/u_dsp input u_array/u_ref/g_row[0].g_col[10].u_pe/u_mul/u_dsp/B[17:0] is not pipelined. Pipelining DSP48 input will improve performance.
Related violations: <none>

DPIP-2#3 Warning
Input pipelining  
DSP u_array/u_ref/g_row[0].g_col[11].u_pe/u_mul/u_dsp input u_array/u_ref/g_row[0].g_col[11].u_pe/u_mul/u_dsp/B[17:0] is not pipelined. Pipelining DSP48 input will improve performance.
Related violations: <none>

DPIP-2#4 Warning
Input pipelining  
DSP u_array/u_ref/g_row[0].g_col[12].u_pe/u_mul/u_dsp input u_array/u_ref/g_row[0].g_col[12].u_pe/u_mul/u_dsp/B[17:0] is not pipelined. Pipelining DSP48 input will improve performance.
Related violations: <none>

DPIP-2#5 Warning
Input pipelining  
DSP u_array/u_ref/g_row[0].g_col[13].u_pe/u_mul/u_dsp input u_array/u_ref/g_row[0].g_col[13].u_pe/u_mul/u_dsp/B[17:0] is not pipelined. Pipelining DSP48 input will improve performance.
Related violations: <none>

DPIP-2#6 Warning
Input pipelining  
DSP u_array/u_ref/g_row[0].g_col[14].u_pe/u_mul/u_dsp input u_array/u_ref/g_row[0].g_col[14].u_pe/u_mul/u_dsp/B[17:0] is not pipelined. Pipelining DSP48 input will improve performance.
Related violations: <none>

DPIP-2#7 Warning
Input pipelining  
DSP u_array/u_ref/g_row[0].g_col[15].u_pe/u_mul/u_dsp input u_array/u_ref/g_row[0].g_col[15].u_pe/u_mul/u_dsp/B[17:0] is not pipelined. Pipelining DSP48 input will improve performance.
Related violations: <none>

DPIP-2#8 Warning
Input pipelining  
DSP u_array/u_ref/g_row[0].g_col[16].u_pe/u_mul/u_dsp input u_array/u_ref/g_row[0].g_col[16].u_pe/u_mul/u_dsp/B[17:0] is not pipelined. Pipelining DSP48 input will improve performance.
Related violations: <none>

DPIP-2#9 Warning
Input pipelining  
DSP u_array/u_ref/g_row[0].g_col[17].u_pe/u_mul/u_dsp input u_array/u_ref/g_row[0].g_col[17].u_pe/u_mul/u_dsp/B[17:0] is not pipelined. Pipelining DSP48 input will improve performance.
Related violations: <none>

DPIP-2#10 Warning
Input pipelining  
DSP u_array/u_ref/g_row[0].g_col[18].u_pe/u_mul/u_dsp input u_array/u_ref/g_row[0].g_col[18].u_pe/u_mul/u_dsp/B[17:0] is not pipelined. Pipelining DSP48 input will improve performance.
Related violations: <none>

DPIP-2#11 Warning
Input pipelining  
DSP u_array/u_ref/g_row[0].g_col[19].u_pe/u_mul/u_dsp input u_array/u_ref/g_row[0].g_col[19].u_pe/u_mul/u_dsp/B[17:0] is not pipelined. Pipelining DSP48 input will improve performance.
Related violations: <none>

DPIP-2#12 Warning
Input pipelining  
DSP u_array/u_ref/g_row[0].g_col[1].u_pe/u_mul/u_dsp input u_array/u_ref/g_row[0].g_col[1].u_pe/u_mul/u_dsp/B[17:0] is not pipelined. Pipelining DSP48 input will improve performance.
Related violations: <none>

DPIP-2#13 Warning
Input pipelining  
DSP u_array/u_ref/g_row[0].g_col[20].u_pe/u_mul/u_dsp input u_array/u_ref/g_row[0].g_col[20].u_pe/u_mul/u_dsp/B[17:0] is not pipelined. Pipelining DSP48 input will improve performance.
Related violations: <none>

DPIP-2#14 Warning
Input pipelining  
DSP u_array/u_ref/g_row[0].g_col[21].u_pe/u_mul/u_dsp input u_array/u_ref/g_row[0].g_col[21].u_pe/u_mul/u_dsp/B[17:0] is not pipelined. Pipelining DSP48 input will improve performance.
Related violations: <none>

DPIP-2#15 Warning
Input pipelining  
DSP u_array/u_ref/g_row[0].g_col[22].u_pe/u_mul/u_dsp input u_array/u_ref/g_row[0].g_col[22].u_pe/u_mul/u_dsp/B[17:0] is not pipelined. Pipelining DSP48 input will improve performance.
Related violations: <none>

DPIP-2#16 Warning
Input pipelining  
DSP u_array/u_ref/g_row[0].g_col[23].u_pe/u_mul/u_dsp input u_array/u_ref/g_row[0].g_col[23].u_pe/u_mul/u_dsp/B[17:0] is not pipelined. Pipelining DSP48 input will improve performance.
Related violations: <none>

DPIP-2#17 Warning
Input pipelining  
DSP u_array/u_ref/g_row[0].g_col[24].u_pe/u_mul/u_dsp input u_array/u_ref/g_row[0].g_col[24].u_pe/u_mul/u_dsp/B[17:0] is not pipelined. Pipelining DSP48 input will improve performance.
Related violations: <none>

DPIP-2#18 Warning
Input pipelining  
DSP u_array/u_ref/g_row[0].g_col[25].u_pe/u_mul/u_dsp input u_array/u_ref/g_row[0].g_col[25].u_pe/u_mul/u_dsp/B[17:0] is not pipelined. Pipelining DSP48 input will improve performance.
Related violations: <none>

DPIP-2#19 Warning
Input pipelining  
DSP u_array/u_ref/g_row[0].g_col[26].u_pe/u_mul/u_dsp input u_array/u_ref/g_row[0].g_col[26].u_pe/u_mul/u_dsp/B[17:0] is not pipelined. Pipelining DSP48 input will improve performance.
Related violations: <none>

DPIP-2#20 Warning
Input pipelining  
DSP u_array/u_ref/g_row[0].g_col[27].u_pe/u_mul/u_dsp input u_array/u_ref/g_row[0].g_col[27].u_pe/u_mul/u_dsp/B[17:0] is not pipelined. Pipelining DSP48 input will improve performance.
Related violations: <none>

DPIP-2#21 Warning
Input pipelining  
DSP u_array/u_ref/g_row[0].g_col[28].u_pe/u_mul/u_dsp input u_array/u_ref/g_row[0].g_col[28].u_pe/u_mul/u_dsp/B[17:0] is not pipelined. Pipelining DSP48 input will improve performance.
Related violations: <none>

DPIP-2#22 Warning
Input pipelining  
DSP u_array/u_ref/g_row[0].g_col[29].u_pe/u_mul/u_dsp input u_array/u_ref/g_row[0].g_col[29].u_pe/u_mul/u_dsp/B[17:0] is not pipelined. Pipelining DSP48 input will improve performance.
Related violations: <none>

DPIP-2#23 Warning
Input pipelining  
DSP u_array/u_ref/g_row[0].g_col[2].u_pe/u_mul/u_dsp input u_array/u_ref/g_row[0].g_col[2].u_pe/u_mul/u_dsp/B[17:0] is not pipelined. Pipelining DSP48 input will improve performance.
Related violations: <none>

DPIP-2#24 Warning
Input pipelining  
DSP u_array/u_ref/g_row[0].g_col[30].u_pe/u_mul/u_dsp input u_array/u_ref/g_row[0].g_col[30].u_pe/u_mul/u_dsp/B[17:0] is not pipelined. Pipelining DSP48 input will improve performance.
Related violations: <none>

DPIP-2#25 Warning
Input pipelining  
DSP u_array/u_ref/g_row[0].g_col[31].u_pe/u_mul/u_dsp input u_array/u_ref/g_row[0].g_col[31].u_pe/u_mul/u_dsp/B[17:0] is not pipelined. Pipelining DSP48 input will improve performance.
Related violations: <none>

DPIP-2#26 Warning
Input pipelining  
DSP u_array/u_ref/g_row[0].g_col[32].u_pe/u_mul/u_dsp input u_array/u_ref/g_row[0].g_col[32].u_pe/u_mul/u_dsp/B[17:0] is not pipelined. Pipelining DSP48 input will improve performance.
Related violations: <none>

DPIP-2#27 Warning
Input pipelining  
DSP u_array/u_ref/g_row[0].g_col[33].u_pe/u_mul/u_dsp input u_array/u_ref/g_row[0].g_col[33].u_pe/u_mul/u_dsp/B[17:0] is not pipelined. Pipelining DSP48 input will improve performance.
Related violations: <none>

DPIP-2#28 Warning
Input pipelining  
DSP u_array/u_ref/g_row[0].g_col[34].u_pe/u_mul/u_dsp input u_array/u_ref/g_row[0].g_col[34].u_pe/u_mul/u_dsp/B[17:0] is not pipelined. Pipelining DSP48 input will improve performance.
Related violations: <none>

DPIP-2#29 Warning
Input pipelining  
DSP u_array/u_ref/g_row[0].g_col[35].u_pe/u_mul/u_dsp input u_array/u_ref/g_row[0].g_col[35].u_pe/u_mul/u_dsp/B[17:0] is not pipelined. Pipelining DSP48 input will improve performance.
Related violations: <none>

DPIP-2#30 Warning
Input pipelining  
DSP u_array/u_ref/g_row[0].g_col[36].u_pe/u_mul/u_dsp input u_array/u_ref/g_row[0].g_col[36].u_pe/u_mul/u_dsp/B[17:0] is not pipelined. Pipelining DSP48 input will improve performance.
Related violations: <none>

DPIP-2#31 Warning
Input pipelining  
DSP u_array/u_ref/g_row[0].g_col[37].u_pe/u_mul/u_dsp input u_array/u_ref/g_row[0].g_col[37].u_pe/u_mul/u_dsp/B[17:0] is not pipelined. Pipelining DSP48 input will improve performance.
Related violations: <none>

DPIP-2#32 Warning
Input pipelining  
DSP u_array/u_ref/g_row[0].g_col[38].u_pe/u_mul/u_dsp input u_array/u_ref/g_row[0].g_col[38].u_pe/u_mul/u_dsp/B[17:0] is not pipelined. Pipelining DSP48 input will improve performance.
Related violations: <none>

DPIP-2#33 Warning
Input pipelining  
DSP u_array/u_ref/g_row[0].g_col[39].u_pe/u_mul/u_dsp input u_array/u_ref/g_row[0].g_col[39].u_pe/u_mul/u_dsp/B[17:0] is not pipelined. Pipelining DSP48 input will improve performance.
Related violations: <none>

DPIP-2#34 Warning
Input pipelining  
DSP u_array/u_ref/g_row[0].g_col[3].u_pe/u_mul/u_dsp input u_array/u_ref/g_row[0].g_col[3].u_pe/u_mul/u_dsp/B[17:0] is not pipelined. Pipelining DSP48 input will improve performance.
Related violations: <none>

DPIP-2#35 Warning
Input pipelining  
DSP u_array/u_ref/g_row[0].g_col[40].u_pe/u_mul/u_dsp input u_array/u_ref/g_row[0].g_col[40].u_pe/u_mul/u_dsp/B[17:0] is not pipelined. Pipelining DSP48 input will improve performance.
Related violations: <none>

DPIP-2#36 Warning
Input pipelining  
DSP u_array/u_ref/g_row[0].g_col[41].u_pe/u_mul/u_dsp input u_array/u_ref/g_row[0].g_col[41].u_pe/u_mul/u_dsp/B[17:0] is not pipelined. Pipelining DSP48 input will improve performance.
Related violations: <none>

DPIP-2#37 Warning
Input pipelining  
DSP u_array/u_ref/g_row[0].g_col[42].u_pe/u_mul/u_dsp input u_array/u_ref/g_row[0].g_col[42].u_pe/u_mul/u_dsp/B[17:0] is not pipelined. Pipelining DSP48 input will improve performance.
Related violations: <none>

DPIP-2#38 Warning
Input pipelining  
DSP u_array/u_ref/g_row[0].g_col[43].u_pe/u_mul/u_dsp input u_array/u_ref/g_row[0].g_col[43].u_pe/u_mul/u_dsp/B[17:0] is not pipelined. Pipelining DSP48 input will improve performance.
Related violations: <none>

DPIP-2#39 Warning
Input pipelining  
DSP u_array/u_ref/g_row[0].g_col[44].u_pe/u_mul/u_dsp input u_array/u_ref/g_row[0].g_col[44].u_pe/u_mul/u_dsp/B[17:0] is not pipelined. Pipelining DSP48 input will improve performance.
Related violations: <none>

DPIP-2#40 Warning
Input pipelining  
DSP u_array/u_ref/g_row[0].g_col[45].u_pe/u_mul/u_dsp input u_array/u_ref/g_row[0].g_col[45].u_pe/u_mul/u_dsp/B[17:0] is not pipelined. Pipelining DSP48 input will improve performance.
Related violations: <none>

DPIP-2#41 Warning
Input pipelining  
DSP u_array/u_ref/g_row[0].g_col[46].u_pe/u_mul/u_dsp input u_array/u_ref/g_row[0].g_col[46].u_pe/u_mul/u_dsp/B[17:0] is not pipelined. Pipelining DSP48 input will improve performance.
Related violations: <none>

DPIP-2#42 Warning
Input pipelining  
DSP u_array/u_ref/g_row[0].g_col[47].u_pe/u_mul/u_dsp input u_array/u_ref/g_row[0].g_col[47].u_pe/u_mul/u_dsp/B[17:0] is not pipelined. Pipelining DSP48 input will improve performance.
Related violations: <none>

DPIP-2#43 Warning
Input pipelining  
DSP u_array/u_ref/g_row[0].g_col[4].u_pe/u_mul/u_dsp input u_array/u_ref/g_row[0].g_col[4].u_pe/u_mul/u_dsp/B[17:0] is not pipelined. Pipelining DSP48 input will improve performance.
Related violations: <none>

DPIP-2#44 Warning
Input pipelining  
DSP u_array/u_ref/g_row[0].g_col[5].u_pe/u_mul/u_dsp input u_array/u_ref/g_row[0].g_col[5].u_pe/u_mul/u_dsp/B[17:0] is not pipelined. Pipelining DSP48 input will improve performance.
Related violations: <none>

DPIP-2#45 Warning
Input pipelining  
DSP u_array/u_ref/g_row[0].g_col[6].u_pe/u_mul/u_dsp input u_array/u_ref/g_row[0].g_col[6].u_pe/u_mul/u_dsp/B[17:0] is not pipelined. Pipelining DSP48 input will improve performance.
Related violations: <none>

DPIP-2#46 Warning
Input pipelining  
DSP u_array/u_ref/g_row[0].g_col[7].u_pe/u_mul/u_dsp input u_array/u_ref/g_row[0].g_col[7].u_pe/u_mul/u_dsp/B[17:0] is not pipelined. Pipelining DSP48 input will improve performance.
Related violations: <none>

DPIP-2#47 Warning
Input pipelining  
DSP u_array/u_ref/g_row[0].g_col[8].u_pe/u_mul/u_dsp input u_array/u_ref/g_row[0].g_col[8].u_pe/u_mul/u_dsp/B[17:0] is not pipelined. Pipelining DSP48 input will improve performance.
Related violations: <none>

DPIP-2#48 Warning
Input pipelining  
DSP u_array/u_ref/g_row[0].g_col[9].u_pe/u_mul/u_dsp input u_array/u_ref/g_row[0].g_col[9].u_pe/u_mul/u_dsp/B[17:0] is not pipelined. Pipelining DSP48 input will improve performance.
Related violations: <none>

DPIP-2#49 Warning
Input pipelining  
DSP u_array/u_ref/g_row[10].g_col[0].u_pe/u_mul/u_dsp input u_array/u_ref/g_row[10].g_col[0].u_pe/u_mul/u_dsp/B[17:0] is not pipelined. Pipelining DSP48 input will improve performance.
Related violations: <none>

DPIP-2#50 Warning
Input pipelining  
DSP u_array/u_ref/g_row[10].g_col[10].u_pe/u_mul/u_dsp input u_array/u_ref/g_row[10].g_col[10].u_pe/u_mul/u_dsp/B[17:0] is not pipelined. Pipelining DSP48 input will improve performance.
Related violations: <none>

DPIP-2#51 Warning
Input pipelining  
DSP u_array/u_ref/g_row[10].g_col[11].u_pe/u_mul/u_dsp input u_array/u_ref/g_row[10].g_col[11].u_pe/u_mul/u_dsp/B[17:0] is not pipelined. Pipelining DSP48 input will improve performance.
Related violations: <none>

DPIP-2#52 Warning
Input pipelining  
DSP u_array/u_ref/g_row[10].g_col[12].u_pe/u_mul/u_dsp input u_array/u_ref/g_row[10].g_col[12].u_pe/u_mul/u_dsp/B[17:0] is not pipelined. Pipelining DSP48 input will improve performance.
Related violations: <none>

DPIP-2#53 Warning
Input pipelining  
DSP u_array/u_ref/g_row[10].g_col[13].u_pe/u_mul/u_dsp input u_array/u_ref/g_row[10].g_col[13].u_pe/u_mul/u_dsp/B[17:0] is not pipelined. Pipelining DSP48 input will improve performance.
Related violations: <none>

DPIP-2#54 Warning
Input pipelining  
DSP u_array/u_ref/g_row[10].g_col[14].u_pe/u_mul/u_dsp input u_array/u_ref/g_row[10].g_col[14].u_pe/u_mul/u_dsp/B[17:0] is not pipelined. Pipelining DSP48 input will improve performance.
Related violations: <none>

DPIP-2#55 Warning
Input pipelining  
DSP u_array/u_ref/g_row[10].g_col[15].u_pe/u_mul/u_dsp input u_array/u_ref/g_row[10].g_col[15].u_pe/u_mul/u_dsp/B[17:0] is not pipelined. Pipelining DSP48 input will improve performance.
Related violations: <none>

DPIP-2#56 Warning
Input pipelining  
DSP u_array/u_ref/g_row[10].g_col[16].u_pe/u_mul/u_dsp input u_array/u_ref/g_row[10].g_col[16].u_pe/u_mul/u_dsp/B[17:0] is not pipelined. Pipelining DSP48 input will improve performance.
Related violations: <none>

DPIP-2#57 Warning
Input pipelining  
DSP u_array/u_ref/g_row[10].g_col[17].u_pe/u_mul/u_dsp input u_array/u_ref/g_row[10].g_col[17].u_pe/u_mul/u_dsp/B[17:0] is not pipelined. Pipelining DSP48 input will improve performance.
Related violations: <none>

DPIP-2#58 Warning
Input pipelining  
DSP u_array/u_ref/g_row[10].g_col[18].u_pe/u_mul/u_dsp input u_array/u_ref/g_row[10].g_col[18].u_pe/u_mul/u_dsp/B[17:0] is not pipelined. Pipelining DSP48 input will improve performance.
Related violations: <none>

DPIP-2#59 Warning
Input pipelining  
DSP u_array/u_ref/g_row[10].g_col[19].u_pe/u_mul/u_dsp input u_array/u_ref/g_row[10].g_col[19].u_pe/u_mul/u_dsp/B[17:0] is not pipelined. Pipelining DSP48 input will improve performance.
Related violations: <none>

DPIP-2#60 Warning
Input pipelining  
DSP u_array/u_ref/g_row[10].g_col[1].u_pe/u_mul/u_dsp input u_array/u_ref/g_row[10].g_col[1].u_pe/u_mul/u_dsp/B[17:0] is not pipelined. Pipelining DSP48 input will improve performance.
Related violations: <none>

DPIP-2#61 Warning
Input pipelining  
DSP u_array/u_ref/g_row[10].g_col[20].u_pe/u_mul/u_dsp input u_array/u_ref/g_row[10].g_col[20].u_pe/u_mul/u_dsp/B[17:0] is not pipelined. Pipelining DSP48 input will improve performance.
Related violations: <none>

DPIP-2#62 Warning
Input pipelining  
DSP u_array/u_ref/g_row[10].g_col[21].u_pe/u_mul/u_dsp input u_array/u_ref/g_row[10].g_col[21].u_pe/u_mul/u_dsp/B[17:0] is not pipelined. Pipelining DSP48 input will improve performance.
Related violations: <none>

DPIP-2#63 Warning
Input pipelining  
DSP u_array/u_ref/g_row[10].g_col[22].u_pe/u_mul/u_dsp input u_array/u_ref/g_row[10].g_col[22].u_pe/u_mul/u_dsp/B[17:0] is not pipelined. Pipelining DSP48 input will improve performance.
Related violations: <none>

DPIP-2#64 Warning
Input pipelining  
DSP u_array/u_ref/g_row[10].g_col[23].u_pe/u_mul/u_dsp input u_array/u_ref/g_row[10].g_col[23].u_pe/u_mul/u_dsp/B[17:0] is not pipelined. Pipelining DSP48 input will improve performance.
Related violations: <none>

DPIP-2#65 Warning
Input pipelining  
DSP u_array/u_ref/g_row[10].g_col[24].u_pe/u_mul/u_dsp input u_array/u_ref/g_row[10].g_col[24].u_pe/u_mul/u_dsp/B[17:0] is not pipelined. Pipelining DSP48 input will improve performance.
Related violations: <none>

DPIP-2#66 Warning
Input pipelining  
DSP u_array/u_ref/g_row[10].g_col[25].u_pe/u_mul/u_dsp input u_array/u_ref/g_row[10].g_col[25].u_pe/u_mul/u_dsp/B[17:0] is not pipelined. Pipelining DSP48 input will improve performance.
Related violations: <none>

DPIP-2#67 Warning
Input pipelining  
DSP u_array/u_ref/g_row[10].g_col[26].u_pe/u_mul/u_dsp input u_array/u_ref/g_row[10].g_col[26].u_pe/u_mul/u_dsp/B[17:0] is not pipelined. Pipelining DSP48 input will improve performance.
Related violations: <none>

DPIP-2#68 Warning
Input pipelining  
DSP u_array/u_ref/g_row[10].g_col[27].u_pe/u_mul/u_dsp input u_array/u_ref/g_row[10].g_col[27].u_pe/u_mul/u_dsp/B[17:0] is not pipelined. Pipelining DSP48 input will improve performance.
Related violations: <none>

DPIP-2#69 Warning
Input pipelining  
DSP u_array/u_ref/g_row[10].g_col[28].u_pe/u_mul/u_dsp input u_array/u_ref/g_row[10].g_col[28].u_pe/u_mul/u_dsp/B[17:0] is not pipelined. Pipelining DSP48 input will improve performance.
Related violations: <none>

DPIP-2#70 Warning
Input pipelining  
DSP u_array/u_ref/g_row[10].g_col[29].u_pe/u_mul/u_dsp input u_array/u_ref/g_row[10].g_col[29].u_pe/u_mul/u_dsp/B[17:0] is not pipelined. Pipelining DSP48 input will improve performance.
Related violations: <none>

DPIP-2#71 Warning
Input pipelining  
DSP u_array/u_ref/g_row[10].g_col[2].u_pe/u_mul/u_dsp input u_array/u_ref/g_row[10].g_col[2].u_pe/u_mul/u_dsp/B[17:0] is not pipelined. Pipelining DSP48 input will improve performance.
Related violations: <none>

DPIP-2#72 Warning
Input pipelining  
DSP u_array/u_ref/g_row[10].g_col[30].u_pe/u_mul/u_dsp input u_array/u_ref/g_row[10].g_col[30].u_pe/u_mul/u_dsp/B[17:0] is not pipelined. Pipelining DSP48 input will improve performance.
Related violations: <none>

DPIP-2#73 Warning
Input pipelining  
DSP u_array/u_ref/g_row[10].g_col[31].u_pe/u_mul/u_dsp input u_array/u_ref/g_row[10].g_col[31].u_pe/u_mul/u_dsp/B[17:0] is not pipelined. Pipelining DSP48 input will improve performance.
Related violations: <none>

DPIP-2#74 Warning
Input pipelining  
DSP u_array/u_ref/g_row[10].g_col[32].u_pe/u_mul/u_dsp input u_array/u_ref/g_row[10].g_col[32].u_pe/u_mul/u_dsp/B[17:0] is not pipelined. Pipelining DSP48 input will improve performance.
Related violations: <none>

DPIP-2#75 Warning
Input pipelining  
DSP u_array/u_ref/g_row[10].g_col[33].u_pe/u_mul/u_dsp input u_array/u_ref/g_row[10].g_col[33].u_pe/u_mul/u_dsp/B[17:0] is not pipelined. Pipelining DSP48 input will improve performance.
Related violations: <none>

DPIP-2#76 Warning
Input pipelining  
DSP u_array/u_ref/g_row[10].g_col[34].u_pe/u_mul/u_dsp input u_array/u_ref/g_row[10].g_col[34].u_pe/u_mul/u_dsp/B[17:0] is not pipelined. Pipelining DSP48 input will improve performance.
Related violations: <none>

DPIP-2#77 Warning
Input pipelining  
DSP u_array/u_ref/g_row[10].g_col[35].u_pe/u_mul/u_dsp input u_array/u_ref/g_row[10].g_col[35].u_pe/u_mul/u_dsp/B[17:0] is not pipelined. Pipelining DSP48 input will improve performance.
Related violations: <none>

DPIP-2#78 Warning
Input pipelining  
DSP u_array/u_ref/g_row[10].g_col[36].u_pe/u_mul/u_dsp input u_array/u_ref/g_row[10].g_col[36].u_pe/u_mul/u_dsp/B[17:0] is not pipelined. Pipelining DSP48 input will improve performance.
Related violations: <none>

DPIP-2#79 Warning
Input pipelining  
DSP u_array/u_ref/g_row[10].g_col[37].u_pe/u_mul/u_dsp input u_array/u_ref/g_row[10].g_col[37].u_pe/u_mul/u_dsp/B[17:0] is not pipelined. Pipelining DSP48 input will improve performance.
Related violations: <none>

DPIP-2#80 Warning
Input pipelining  
DSP u_array/u_ref/g_row[10].g_col[38].u_pe/u_mul/u_dsp input u_array/u_ref/g_row[10].g_col[38].u_pe/u_mul/u_dsp/B[17:0] is not pipelined. Pipelining DSP48 input will improve performance.
Related violations: <none>

DPIP-2#81 Warning
Input pipelining  
DSP u_array/u_ref/g_row[10].g_col[39].u_pe/u_mul/u_dsp input u_array/u_ref/g_row[10].g_col[39].u_pe/u_mul/u_dsp/B[17:0] is not pipelined. Pipelining DSP48 input will improve performance.
Related violations: <none>

DPIP-2#82 Warning
Input pipelining  
DSP u_array/u_ref/g_row[10].g_col[3].u_pe/u_mul/u_dsp input u_array/u_ref/g_row[10].g_col[3].u_pe/u_mul/u_dsp/B[17:0] is not pipelined. Pipelining DSP48 input will improve performance.
Related violations: <none>

DPIP-2#83 Warning
Input pipelining  
DSP u_array/u_ref/g_row[10].g_col[40].u_pe/u_mul/u_dsp input u_array/u_ref/g_row[10].g_col[40].u_pe/u_mul/u_dsp/B[17:0] is not pipelined. Pipelining DSP48 input will improve performance.
Related violations: <none>

DPIP-2#84 Warning
Input pipelining  
DSP u_array/u_ref/g_row[10].g_col[41].u_pe/u_mul/u_dsp input u_array/u_ref/g_row[10].g_col[41].u_pe/u_mul/u_dsp/B[17:0] is not pipelined. Pipelining DSP48 input will improve performance.
Related violations: <none>

DPIP-2#85 Warning
Input pipelining  
DSP u_array/u_ref/g_row[10].g_col[42].u_pe/u_mul/u_dsp input u_array/u_ref/g_row[10].g_col[42].u_pe/u_mul/u_dsp/B[17:0] is not pipelined. Pipelining DSP48 input will improve performance.
Related violations: <none>

DPIP-2#86 Warning
Input pipelining  
DSP u_array/u_ref/g_row[10].g_col[43].u_pe/u_mul/u_dsp input u_array/u_ref/g_row[10].g_col[43].u_pe/u_mul/u_dsp/B[17:0] is not pipelined. Pipelining DSP48 input will improve performance.
Related violations: <none>

DPIP-2#87 Warning
Input pipelining  
DSP u_array/u_ref/g_row[10].g_col[44].u_pe/u_mul/u_dsp input u_array/u_ref/g_row[10].g_col[44].u_pe/u_mul/u_dsp/B[17:0] is not pipelined. Pipelining DSP48 input will improve performance.
Related violations: <none>

DPIP-2#88 Warning
Input pipelining  
DSP u_array/u_ref/g_row[10].g_col[45].u_pe/u_mul/u_dsp input u_array/u_ref/g_row[10].g_col[45].u_pe/u_mul/u_dsp/B[17:0] is not pipelined. Pipelining DSP48 input will improve performance.
Related violations: <none>

DPIP-2#89 Warning
Input pipelining  
DSP u_array/u_ref/g_row[10].g_col[46].u_pe/u_mul/u_dsp input u_array/u_ref/g_row[10].g_col[46].u_pe/u_mul/u_dsp/B[17:0] is not pipelined. Pipelining DSP48 input will improve performance.
Related violations: <none>

DPIP-2#90 Warning
Input pipelining  
DSP u_array/u_ref/g_row[10].g_col[47].u_pe/u_mul/u_dsp input u_array/u_ref/g_row[10].g_col[47].u_pe/u_mul/u_dsp/B[17:0] is not pipelined. Pipelining DSP48 input will improve performance.
Related violations: <none>

DPIP-2#91 Warning
Input pipelining  
DSP u_array/u_ref/g_row[10].g_col[4].u_pe/u_mul/u_dsp input u_array/u_ref/g_row[10].g_col[4].u_pe/u_mul/u_dsp/B[17:0] is not pipelined. Pipelining DSP48 input will improve performance.
Related violations: <none>

DPIP-2#92 Warning
Input pipelining  
DSP u_array/u_ref/g_row[10].g_col[5].u_pe/u_mul/u_dsp input u_array/u_ref/g_row[10].g_col[5].u_pe/u_mul/u_dsp/B[17:0] is not pipelined. Pipelining DSP48 input will improve performance.
Related violations: <none>

DPIP-2#93 Warning
Input pipelining  
DSP u_array/u_ref/g_row[10].g_col[6].u_pe/u_mul/u_dsp input u_array/u_ref/g_row[10].g_col[6].u_pe/u_mul/u_dsp/B[17:0] is not pipelined. Pipelining DSP48 input will improve performance.
Related violations: <none>

DPIP-2#94 Warning
Input pipelining  
DSP u_array/u_ref/g_row[10].g_col[7].u_pe/u_mul/u_dsp input u_array/u_ref/g_row[10].g_col[7].u_pe/u_mul/u_dsp/B[17:0] is not pipelined. Pipelining DSP48 input will improve performance.
Related violations: <none>

DPIP-2#95 Warning
Input pipelining  
DSP u_array/u_ref/g_row[10].g_col[8].u_pe/u_mul/u_dsp input u_array/u_ref/g_row[10].g_col[8].u_pe/u_mul/u_dsp/B[17:0] is not pipelined. Pipelining DSP48 input will improve performance.
Related violations: <none>

DPIP-2#96 Warning
Input pipelining  
DSP u_array/u_ref/g_row[10].g_col[9].u_pe/u_mul/u_dsp input u_array/u_ref/g_row[10].g_col[9].u_pe/u_mul/u_dsp/B[17:0] is not pipelined. Pipelining DSP48 input will improve performance.
Related violations: <none>

DPIP-2#97 Warning
Input pipelining  
DSP u_array/u_ref/g_row[11].g_col[0].u_pe/u_mul/u_dsp input u_array/u_ref/g_row[11].g_col[0].u_pe/u_mul/u_dsp/B[17:0] is not pipelined. Pipelining DSP48 input will improve performance.
Related violations: <none>

DPIP-2#98 Warning
Input pipelining  
DSP u_array/u_ref/g_row[11].g_col[10].u_pe/u_mul/u_dsp input u_array/u_ref/g_row[11].g_col[10].u_pe/u_mul/u_dsp/B[17:0] is not pipelined. Pipelining DSP48 input will improve performance.
Related violations: <none>

DPIP-2#99 Warning
Input pipelining  
DSP u_array/u_ref/g_row[11].g_col[11].u_pe/u_mul/u_dsp input u_array/u_ref/g_row[11].g_col[11].u_pe/u_mul/u_dsp/B[17:0] is not pipelined. Pipelining DSP48 input will improve performance.
Related violations: <none>

DPIP-2#100 Warning
Input pipelining  
DSP u_array/u_ref/g_row[11].g_col[12].u_pe/u_mul/u_dsp input u_array/u_ref/g_row[11].g_col[12].u_pe/u_mul/u_dsp/B[17:0] is not pipelined. Pipelining DSP48 input will improve performance.
Related violations: <none>

DPIP-2#101 Warning
Input pipelining  
DSP u_array/u_ref/g_row[11].g_col[13].u_pe/u_mul/u_dsp input u_array/u_ref/g_row[11].g_col[13].u_pe/u_mul/u_dsp/B[17:0] is not pipelined. Pipelining DSP48 input will improve performance.
Related violations: <none>

DPIP-2#102 Warning
Input pipelining  
DSP u_array/u_ref/g_row[11].g_col[14].u_pe/u_mul/u_dsp input u_array/u_ref/g_row[11].g_col[14].u_pe/u_mul/u_dsp/B[17:0] is not pipelined. Pipelining DSP48 input will improve performance.
Related violations: <none>

DPIP-2#103 Warning
Input pipelining  
DSP u_array/u_ref/g_row[11].g_col[15].u_pe/u_mul/u_dsp input u_array/u_ref/g_row[11].g_col[15].u_pe/u_mul/u_dsp/B[17:0] is not pipelined. Pipelining DSP48 input will improve performance.
Related violations: <none>

DPIP-2#104 Warning
Input pipelining  
DSP u_array/u_ref/g_row[11].g_col[16].u_pe/u_mul/u_dsp input u_array/u_ref/g_row[11].g_col[16].u_pe/u_mul/u_dsp/B[17:0] is not pipelined. Pipelining DSP48 input will improve performance.
Related violations: <none>

DPIP-2#105 Warning
Input pipelining  
DSP u_array/u_ref/g_row[11].g_col[17].u_pe/u_mul/u_dsp input u_array/u_ref/g_row[11].g_col[17].u_pe/u_mul/u_dsp/B[17:0] is not pipelined. Pipelining DSP48 input will improve performance.
Related violations: <none>

DPIP-2#106 Warning
Input pipelining  
DSP u_array/u_ref/g_row[11].g_col[18].u_pe/u_mul/u_dsp input u_array/u_ref/g_row[11].g_col[18].u_pe/u_mul/u_dsp/B[17:0] is not pipelined. Pipelining DSP48 input will improve performance.
Related violations: <none>

DPIP-2#107 Warning
Input pipelining  
DSP u_array/u_ref/g_row[11].g_col[19].u_pe/u_mul/u_dsp input u_array/u_ref/g_row[11].g_col[19].u_pe/u_mul/u_dsp/B[17:0] is not pipelined. Pipelining DSP48 input will improve performance.
Related violations: <none>

DPIP-2#108 Warning
Input pipelining  
DSP u_array/u_ref/g_row[11].g_col[1].u_pe/u_mul/u_dsp input u_array/u_ref/g_row[11].g_col[1].u_pe/u_mul/u_dsp/B[17:0] is not pipelined. Pipelining DSP48 input will improve performance.
Related violations: <none>

DPIP-2#109 Warning
Input pipelining  
DSP u_array/u_ref/g_row[11].g_col[20].u_pe/u_mul/u_dsp input u_array/u_ref/g_row[11].g_col[20].u_pe/u_mul/u_dsp/B[17:0] is not pipelined. Pipelining DSP48 input will improve performance.
Related violations: <none>

DPIP-2#110 Warning
Input pipelining  
DSP u_array/u_ref/g_row[11].g_col[21].u_pe/u_mul/u_dsp input u_array/u_ref/g_row[11].g_col[21].u_pe/u_mul/u_dsp/B[17:0] is not pipelined. Pipelining DSP48 input will improve performance.
Related violations: <none>

DPIP-2#111 Warning
Input pipelining  
DSP u_array/u_ref/g_row[11].g_col[22].u_pe/u_mul/u_dsp input u_array/u_ref/g_row[11].g_col[22].u_pe/u_mul/u_dsp/B[17:0] is not pipelined. Pipelining DSP48 input will improve performance.
Related violations: <none>

DPIP-2#112 Warning
Input pipelining  
DSP u_array/u_ref/g_row[11].g_col[23].u_pe/u_mul/u_dsp input u_array/u_ref/g_row[11].g_col[23].u_pe/u_mul/u_dsp/B[17:0] is not pipelined. Pipelining DSP48 input will improve performance.
Related violations: <none>

DPIP-2#113 Warning
Input pipelining  
DSP u_array/u_ref/g_row[11].g_col[24].u_pe/u_mul/u_dsp input u_array/u_ref/g_row[11].g_col[24].u_pe/u_mul/u_dsp/B[17:0] is not pipelined. Pipelining DSP48 input will improve performance.
Related violations: <none>

DPIP-2#114 Warning
Input pipelining  
DSP u_array/u_ref/g_row[11].g_col[25].u_pe/u_mul/u_dsp input u_array/u_ref/g_row[11].g_col[25].u_pe/u_mul/u_dsp/B[17:0] is not pipelined. Pipelining DSP48 input will improve performance.
Related violations: <none>

DPIP-2#115 Warning
Input pipelining  
DSP u_array/u_ref/g_row[11].g_col[26].u_pe/u_mul/u_dsp input u_array/u_ref/g_row[11].g_col[26].u_pe/u_mul/u_dsp/B[17:0] is not pipelined. Pipelining DSP48 input will improve performance.
Related violations: <none>

DPIP-2#116 Warning
Input pipelining  
DSP u_array/u_ref/g_row[11].g_col[27].u_pe/u_mul/u_dsp input u_array/u_ref/g_row[11].g_col[27].u_pe/u_mul/u_dsp/B[17:0] is not pipelined. Pipelining DSP48 input will improve performance.
Related violations: <none>

DPIP-2#117 Warning
Input pipelining  
DSP u_array/u_ref/g_row[11].g_col[28].u_pe/u_mul/u_dsp input u_array/u_ref/g_row[11].g_col[28].u_pe/u_mul/u_dsp/B[17:0] is not pipelined. Pipelining DSP48 input will improve performance.
Related violations: <none>

DPIP-2#118 Warning
Input pipelining  
DSP u_array/u_ref/g_row[11].g_col[29].u_pe/u_mul/u_dsp input u_array/u_ref/g_row[11].g_col[29].u_pe/u_mul/u_dsp/B[17:0] is not pipelined. Pipelining DSP48 input will improve performance.
Related violations: <none>

DPIP-2#119 Warning
Input pipelining  
DSP u_array/u_ref/g_row[11].g_col[2].u_pe/u_mul/u_dsp input u_array/u_ref/g_row[11].g_col[2].u_pe/u_mul/u_dsp/B[17:0] is not pipelined. Pipelining DSP48 input will improve performance.
Related violations: <none>

DPIP-2#120 Warning
Input pipelining  
DSP u_array/u_ref/g_row[11].g_col[30].u_pe/u_mul/u_dsp input u_array/u_ref/g_row[11].g_col[30].u_pe/u_mul/u_dsp/B[17:0] is not pipelined. Pipelining DSP48 input will improve performance.
Related violations: <none>

DPIP-2#121 Warning
Input pipelining  
DSP u_array/u_ref/g_row[11].g_col[31].u_pe/u_mul/u_dsp input u_array/u_ref/g_row[11].g_col[31].u_pe/u_mul/u_dsp/B[17:0] is not pipelined. Pipelining DSP48 input will improve performance.
Related violations: <none>

DPIP-2#122 Warning
Input pipelining  
DSP u_array/u_ref/g_row[11].g_col[32].u_pe/u_mul/u_dsp input u_array/u_ref/g_row[11].g_col[32].u_pe/u_mul/u_dsp/B[17:0] is not pipelined. Pipelining DSP48 input will improve performance.
Related violations: <none>

DPIP-2#123 Warning
Input pipelining  
DSP u_array/u_ref/g_row[11].g_col[33].u_pe/u_mul/u_dsp input u_array/u_ref/g_row[11].g_col[33].u_pe/u_mul/u_dsp/B[17:0] is not pipelined. Pipelining DSP48 input will improve performance.
Related violations: <none>

DPIP-2#124 Warning
Input pipelining  
DSP u_array/u_ref/g_row[11].g_col[34].u_pe/u_mul/u_dsp input u_array/u_ref/g_row[11].g_col[34].u_pe/u_mul/u_dsp/B[17:0] is not pipelined. Pipelining DSP48 input will improve performance.
Related violations: <none>

DPIP-2#125 Warning
Input pipelining  
DSP u_array/u_ref/g_row[11].g_col[35].u_pe/u_mul/u_dsp input u_array/u_ref/g_row[11].g_col[35].u_pe/u_mul/u_dsp/B[17:0] is not pipelined. Pipelining DSP48 input will improve performance.
Related violations: <none>

DPIP-2#126 Warning
Input pipelining  
DSP u_array/u_ref/g_row[11].g_col[36].u_pe/u_mul/u_dsp input u_array/u_ref/g_row[11].g_col[36].u_pe/u_mul/u_dsp/B[17:0] is not pipelined. Pipelining DSP48 input will improve performance.
Related violations: <none>

DPIP-2#127 Warning
Input pipelining  
DSP u_array/u_ref/g_row[11].g_col[37].u_pe/u_mul/u_dsp input u_array/u_ref/g_row[11].g_col[37].u_pe/u_mul/u_dsp/B[17:0] is not pipelined. Pipelining DSP48 input will improve performance.
Related violations: <none>

DPIP-2#128 Warning
Input pipelining  
DSP u_array/u_ref/g_row[11].g_col[38].u_pe/u_mul/u_dsp input u_array/u_ref/g_row[11].g_col[38].u_pe/u_mul/u_dsp/B[17:0] is not pipelined. Pipelining DSP48 input will improve performance.
Related violations: <none>

DPIP-2#129 Warning
Input pipelining  
DSP u_array/u_ref/g_row[11].g_col[39].u_pe/u_mul/u_dsp input u_array/u_ref/g_row[11].g_col[39].u_pe/u_mul/u_dsp/B[17:0] is not pipelined. Pipelining DSP48 input will improve performance.
Related violations: <none>

DPIP-2#130 Warning
Input pipelining  
DSP u_array/u_ref/g_row[11].g_col[3].u_pe/u_mul/u_dsp input u_array/u_ref/g_row[11].g_col[3].u_pe/u_mul/u_dsp/B[17:0] is not pipelined. Pipelining DSP48 input will improve performance.
Related violations: <none>

DPIP-2#131 Warning
Input pipelining  
DSP u_array/u_ref/g_row[11].g_col[40].u_pe/u_mul/u_dsp input u_array/u_ref/g_row[11].g_col[40].u_pe/u_mul/u_dsp/B[17:0] is not pipelined. Pipelining DSP48 input will improve performance.
Related violations: <none>

DPIP-2#132 Warning
Input pipelining  
DSP u_array/u_ref/g_row[11].g_col[41].u_pe/u_mul/u_dsp input u_array/u_ref/g_row[11].g_col[41].u_pe/u_mul/u_dsp/B[17:0] is not pipelined. Pipelining DSP48 input will improve performance.
Related violations: <none>

DPIP-2#133 Warning
Input pipelining  
DSP u_array/u_ref/g_row[11].g_col[42].u_pe/u_mul/u_dsp input u_array/u_ref/g_row[11].g_col[42].u_pe/u_mul/u_dsp/B[17:0] is not pipelined. Pipelining DSP48 input will improve performance.
Related violations: <none>

DPIP-2#134 Warning
Input pipelining  
DSP u_array/u_ref/g_row[11].g_col[43].u_pe/u_mul/u_dsp input u_array/u_ref/g_row[11].g_col[43].u_pe/u_mul/u_dsp/B[17:0] is not pipelined. Pipelining DSP48 input will improve performance.
Related violations: <none>

DPIP-2#135 Warning
Input pipelining  
DSP u_array/u_ref/g_row[11].g_col[44].u_pe/u_mul/u_dsp input u_array/u_ref/g_row[11].g_col[44].u_pe/u_mul/u_dsp/B[17:0] is not pipelined. Pipelining DSP48 input will improve performance.
Related violations: <none>

DPIP-2#136 Warning
Input pipelining  
DSP u_array/u_ref/g_row[11].g_col[45].u_pe/u_mul/u_dsp input u_array/u_ref/g_row[11].g_col[45].u_pe/u_mul/u_dsp/B[17:0] is not pipelined. Pipelining DSP48 input will improve performance.
Related violations: <none>

DPIP-2#137 Warning
Input pipelining  
DSP u_array/u_ref/g_row[11].g_col[46].u_pe/u_mul/u_dsp input u_array/u_ref/g_row[11].g_col[46].u_pe/u_mul/u_dsp/B[17:0] is not pipelined. Pipelining DSP48 input will improve performance.
Related violations: <none>

DPIP-2#138 Warning
Input pipelining  
DSP u_array/u_ref/g_row[11].g_col[47].u_pe/u_mul/u_dsp input u_array/u_ref/g_row[11].g_col[47].u_pe/u_mul/u_dsp/B[17:0] is not pipelined. Pipelining DSP48 input will improve performance.
Related violations: <none>

DPIP-2#139 Warning
Input pipelining  
DSP u_array/u_ref/g_row[11].g_col[4].u_pe/u_mul/u_dsp input u_array/u_ref/g_row[11].g_col[4].u_pe/u_mul/u_dsp/B[17:0] is not pipelined. Pipelining DSP48 input will improve performance.
Related violations: <none>

DPIP-2#140 Warning
Input pipelining  
DSP u_array/u_ref/g_row[11].g_col[5].u_pe/u_mul/u_dsp input u_array/u_ref/g_row[11].g_col[5].u_pe/u_mul/u_dsp/B[17:0] is not pipelined. Pipelining DSP48 input will improve performance.
Related violations: <none>

DPIP-2#141 Warning
Input pipelining  
DSP u_array/u_ref/g_row[11].g_col[6].u_pe/u_mul/u_dsp input u_array/u_ref/g_row[11].g_col[6].u_pe/u_mul/u_dsp/B[17:0] is not pipelined. Pipelining DSP48 input will improve performance.
Related violations: <none>

DPIP-2#142 Warning
Input pipelining  
DSP u_array/u_ref/g_row[11].g_col[7].u_pe/u_mul/u_dsp input u_array/u_ref/g_row[11].g_col[7].u_pe/u_mul/u_dsp/B[17:0] is not pipelined. Pipelining DSP48 input will improve performance.
Related violations: <none>

DPIP-2#143 Warning
Input pipelining  
DSP u_array/u_ref/g_row[11].g_col[8].u_pe/u_mul/u_dsp input u_array/u_ref/g_row[11].g_col[8].u_pe/u_mul/u_dsp/B[17:0] is not pipelined. Pipelining DSP48 input will improve performance.
Related violations: <none>

DPIP-2#144 Warning
Input pipelining  
DSP u_array/u_ref/g_row[11].g_col[9].u_pe/u_mul/u_dsp input u_array/u_ref/g_row[11].g_col[9].u_pe/u_mul/u_dsp/B[17:0] is not pipelined. Pipelining DSP48 input will improve performance.
Related violations: <none>

DPIP-2#145 Warning
Input pipelining  
DSP u_array/u_ref/g_row[12].g_col[0].u_pe/u_mul/u_dsp input u_array/u_ref/g_row[12].g_col[0].u_pe/u_mul/u_dsp/B[17:0] is not pipelined. Pipelining DSP48 input will improve performance.
Related violations: <none>

DPIP-2#146 Warning
Input pipelining  
DSP u_array/u_ref/g_row[12].g_col[10].u_pe/u_mul/u_dsp input u_array/u_ref/g_row[12].g_col[10].u_pe/u_mul/u_dsp/B[17:0] is not pipelined. Pipelining DSP48 input will improve performance.
Related violations: <none>

DPIP-2#147 Warning
Input pipelining  
DSP u_array/u_ref/g_row[12].g_col[11].u_pe/u_mul/u_dsp input u_array/u_ref/g_row[12].g_col[11].u_pe/u_mul/u_dsp/B[17:0] is not pipelined. Pipelining DSP48 input will improve performance.
Related violations: <none>

DPIP-2#148 Warning
Input pipelining  
DSP u_array/u_ref/g_row[12].g_col[12].u_pe/u_mul/u_dsp input u_array/u_ref/g_row[12].g_col[12].u_pe/u_mul/u_dsp/B[17:0] is not pipelined. Pipelining DSP48 input will improve performance.
Related violations: <none>

DPIP-2#149 Warning
Input pipelining  
DSP u_array/u_ref/g_row[12].g_col[13].u_pe/u_mul/u_dsp input u_array/u_ref/g_row[12].g_col[13].u_pe/u_mul/u_dsp/B[17:0] is not pipelined. Pipelining DSP48 input will improve performance.
Related violations: <none>

DPIP-2#150 Warning
Input pipelining  
DSP u_array/u_ref/g_row[12].g_col[14].u_pe/u_mul/u_dsp input u_array/u_ref/g_row[12].g_col[14].u_pe/u_mul/u_dsp/B[17:0] is not pipelined. Pipelining DSP48 input will improve performance.
Related violations: <none>

DPIP-2#151 Warning
Input pipelining  
DSP u_array/u_ref/g_row[12].g_col[15].u_pe/u_mul/u_dsp input u_array/u_ref/g_row[12].g_col[15].u_pe/u_mul/u_dsp/B[17:0] is not pipelined. Pipelining DSP48 input will improve performance.
Related violations: <none>

DPIP-2#152 Warning
Input pipelining  
DSP u_array/u_ref/g_row[12].g_col[16].u_pe/u_mul/u_dsp input u_array/u_ref/g_row[12].g_col[16].u_pe/u_mul/u_dsp/B[17:0] is not pipelined. Pipelining DSP48 input will improve performance.
Related violations: <none>

DPIP-2#153 Warning
Input pipelining  
DSP u_array/u_ref/g_row[12].g_col[17].u_pe/u_mul/u_dsp input u_array/u_ref/g_row[12].g_col[17].u_pe/u_mul/u_dsp/B[17:0] is not pipelined. Pipelining DSP48 input will improve performance.
Related violations: <none>

DPIP-2#154 Warning
Input pipelining  
DSP u_array/u_ref/g_row[12].g_col[18].u_pe/u_mul/u_dsp input u_array/u_ref/g_row[12].g_col[18].u_pe/u_mul/u_dsp/B[17:0] is not pipelined. Pipelining DSP48 input will improve performance.
Related violations: <none>

DPIP-2#155 Warning
Input pipelining  
DSP u_array/u_ref/g_row[12].g_col[19].u_pe/u_mul/u_dsp input u_array/u_ref/g_row[12].g_col[19].u_pe/u_mul/u_dsp/B[17:0] is not pipelined. Pipelining DSP48 input will improve performance.
Related violations: <none>

DPIP-2#156 Warning
Input pipelining  
DSP u_array/u_ref/g_row[12].g_col[1].u_pe/u_mul/u_dsp input u_array/u_ref/g_row[12].g_col[1].u_pe/u_mul/u_dsp/B[17:0] is not pipelined. Pipelining DSP48 input will improve performance.
Related violations: <none>

DPIP-2#157 Warning
Input pipelining  
DSP u_array/u_ref/g_row[12].g_col[20].u_pe/u_mul/u_dsp input u_array/u_ref/g_row[12].g_col[20].u_pe/u_mul/u_dsp/B[17:0] is not pipelined. Pipelining DSP48 input will improve performance.
Related violations: <none>

DPIP-2#158 Warning
Input pipelining  
DSP u_array/u_ref/g_row[12].g_col[21].u_pe/u_mul/u_dsp input u_array/u_ref/g_row[12].g_col[21].u_pe/u_mul/u_dsp/B[17:0] is not pipelined. Pipelining DSP48 input will improve performance.
Related violations: <none>

DPIP-2#159 Warning
Input pipelining  
DSP u_array/u_ref/g_row[12].g_col[22].u_pe/u_mul/u_dsp input u_array/u_ref/g_row[12].g_col[22].u_pe/u_mul/u_dsp/B[17:0] is not pipelined. Pipelining DSP48 input will improve performance.
Related violations: <none>

DPIP-2#160 Warning
Input pipelining  
DSP u_array/u_ref/g_row[12].g_col[23].u_pe/u_mul/u_dsp input u_array/u_ref/g_row[12].g_col[23].u_pe/u_mul/u_dsp/B[17:0] is not pipelined. Pipelining DSP48 input will improve performance.
Related violations: <none>

DPIP-2#161 Warning
Input pipelining  
DSP u_array/u_ref/g_row[12].g_col[24].u_pe/u_mul/u_dsp input u_array/u_ref/g_row[12].g_col[24].u_pe/u_mul/u_dsp/B[17:0] is not pipelined. Pipelining DSP48 input will improve performance.
Related violations: <none>

DPIP-2#162 Warning
Input pipelining  
DSP u_array/u_ref/g_row[12].g_col[25].u_pe/u_mul/u_dsp input u_array/u_ref/g_row[12].g_col[25].u_pe/u_mul/u_dsp/B[17:0] is not pipelined. Pipelining DSP48 input will improve performance.
Related violations: <none>

DPIP-2#163 Warning
Input pipelining  
DSP u_array/u_ref/g_row[12].g_col[26].u_pe/u_mul/u_dsp input u_array/u_ref/g_row[12].g_col[26].u_pe/u_mul/u_dsp/B[17:0] is not pipelined. Pipelining DSP48 input will improve performance.
Related violations: <none>

DPIP-2#164 Warning
Input pipelining  
DSP u_array/u_ref/g_row[12].g_col[27].u_pe/u_mul/u_dsp input u_array/u_ref/g_row[12].g_col[27].u_pe/u_mul/u_dsp/B[17:0] is not pipelined. Pipelining DSP48 input will improve performance.
Related violations: <none>

DPIP-2#165 Warning
Input pipelining  
DSP u_array/u_ref/g_row[12].g_col[28].u_pe/u_mul/u_dsp input u_array/u_ref/g_row[12].g_col[28].u_pe/u_mul/u_dsp/B[17:0] is not pipelined. Pipelining DSP48 input will improve performance.
Related violations: <none>

DPIP-2#166 Warning
Input pipelining  
DSP u_array/u_ref/g_row[12].g_col[29].u_pe/u_mul/u_dsp input u_array/u_ref/g_row[12].g_col[29].u_pe/u_mul/u_dsp/B[17:0] is not pipelined. Pipelining DSP48 input will improve performance.
Related violations: <none>

DPIP-2#167 Warning
Input pipelining  
DSP u_array/u_ref/g_row[12].g_col[2].u_pe/u_mul/u_dsp input u_array/u_ref/g_row[12].g_col[2].u_pe/u_mul/u_dsp/B[17:0] is not pipelined. Pipelining DSP48 input will improve performance.
Related violations: <none>

DPIP-2#168 Warning
Input pipelining  
DSP u_array/u_ref/g_row[12].g_col[30].u_pe/u_mul/u_dsp input u_array/u_ref/g_row[12].g_col[30].u_pe/u_mul/u_dsp/B[17:0] is not pipelined. Pipelining DSP48 input will improve performance.
Related violations: <none>

DPIP-2#169 Warning
Input pipelining  
DSP u_array/u_ref/g_row[12].g_col[31].u_pe/u_mul/u_dsp input u_array/u_ref/g_row[12].g_col[31].u_pe/u_mul/u_dsp/B[17:0] is not pipelined. Pipelining DSP48 input will improve performance.
Related violations: <none>

DPIP-2#170 Warning
Input pipelining  
DSP u_array/u_ref/g_row[12].g_col[32].u_pe/u_mul/u_dsp input u_array/u_ref/g_row[12].g_col[32].u_pe/u_mul/u_dsp/B[17:0] is not pipelined. Pipelining DSP48 input will improve performance.
Related violations: <none>

DPIP-2#171 Warning
Input pipelining  
DSP u_array/u_ref/g_row[12].g_col[33].u_pe/u_mul/u_dsp input u_array/u_ref/g_row[12].g_col[33].u_pe/u_mul/u_dsp/B[17:0] is not pipelined. Pipelining DSP48 input will improve performance.
Related violations: <none>

DPIP-2#172 Warning
Input pipelining  
DSP u_array/u_ref/g_row[12].g_col[34].u_pe/u_mul/u_dsp input u_array/u_ref/g_row[12].g_col[34].u_pe/u_mul/u_dsp/B[17:0] is not pipelined. Pipelining DSP48 input will improve performance.
Related violations: <none>

DPIP-2#173 Warning
Input pipelining  
DSP u_array/u_ref/g_row[12].g_col[35].u_pe/u_mul/u_dsp input u_array/u_ref/g_row[12].g_col[35].u_pe/u_mul/u_dsp/B[17:0] is not pipelined. Pipelining DSP48 input will improve performance.
Related violations: <none>

DPIP-2#174 Warning
Input pipelining  
DSP u_array/u_ref/g_row[12].g_col[36].u_pe/u_mul/u_dsp input u_array/u_ref/g_row[12].g_col[36].u_pe/u_mul/u_dsp/B[17:0] is not pipelined. Pipelining DSP48 input will improve performance.
Related violations: <none>

DPIP-2#175 Warning
Input pipelining  
DSP u_array/u_ref/g_row[12].g_col[37].u_pe/u_mul/u_dsp input u_array/u_ref/g_row[12].g_col[37].u_pe/u_mul/u_dsp/B[17:0] is not pipelined. Pipelining DSP48 input will improve performance.
Related violations: <none>

DPIP-2#176 Warning
Input pipelining  
DSP u_array/u_ref/g_row[12].g_col[38].u_pe/u_mul/u_dsp input u_array/u_ref/g_row[12].g_col[38].u_pe/u_mul/u_dsp/B[17:0] is not pipelined. Pipelining DSP48 input will improve performance.
Related violations: <none>

DPIP-2#177 Warning
Input pipelining  
DSP u_array/u_ref/g_row[12].g_col[39].u_pe/u_mul/u_dsp input u_array/u_ref/g_row[12].g_col[39].u_pe/u_mul/u_dsp/B[17:0] is not pipelined. Pipelining DSP48 input will improve performance.
Related violations: <none>

DPIP-2#178 Warning
Input pipelining  
DSP u_array/u_ref/g_row[12].g_col[3].u_pe/u_mul/u_dsp input u_array/u_ref/g_row[12].g_col[3].u_pe/u_mul/u_dsp/B[17:0] is not pipelined. Pipelining DSP48 input will improve performance.
Related violations: <none>

DPIP-2#179 Warning
Input pipelining  
DSP u_array/u_ref/g_row[12].g_col[40].u_pe/u_mul/u_dsp input u_array/u_ref/g_row[12].g_col[40].u_pe/u_mul/u_dsp/B[17:0] is not pipelined. Pipelining DSP48 input will improve performance.
Related violations: <none>

DPIP-2#180 Warning
Input pipelining  
DSP u_array/u_ref/g_row[12].g_col[41].u_pe/u_mul/u_dsp input u_array/u_ref/g_row[12].g_col[41].u_pe/u_mul/u_dsp/B[17:0] is not pipelined. Pipelining DSP48 input will improve performance.
Related violations: <none>

DPIP-2#181 Warning
Input pipelining  
DSP u_array/u_ref/g_row[12].g_col[42].u_pe/u_mul/u_dsp input u_array/u_ref/g_row[12].g_col[42].u_pe/u_mul/u_dsp/B[17:0] is not pipelined. Pipelining DSP48 input will improve performance.
Related violations: <none>

DPIP-2#182 Warning
Input pipelining  
DSP u_array/u_ref/g_row[12].g_col[43].u_pe/u_mul/u_dsp input u_array/u_ref/g_row[12].g_col[43].u_pe/u_mul/u_dsp/B[17:0] is not pipelined. Pipelining DSP48 input will improve performance.
Related violations: <none>

DPIP-2#183 Warning
Input pipelining  
DSP u_array/u_ref/g_row[12].g_col[44].u_pe/u_mul/u_dsp input u_array/u_ref/g_row[12].g_col[44].u_pe/u_mul/u_dsp/B[17:0] is not pipelined. Pipelining DSP48 input will improve performance.
Related violations: <none>

DPIP-2#184 Warning
Input pipelining  
DSP u_array/u_ref/g_row[12].g_col[45].u_pe/u_mul/u_dsp input u_array/u_ref/g_row[12].g_col[45].u_pe/u_mul/u_dsp/B[17:0] is not pipelined. Pipelining DSP48 input will improve performance.
Related violations: <none>

DPIP-2#185 Warning
Input pipelining  
DSP u_array/u_ref/g_row[12].g_col[46].u_pe/u_mul/u_dsp input u_array/u_ref/g_row[12].g_col[46].u_pe/u_mul/u_dsp/B[17:0] is not pipelined. Pipelining DSP48 input will improve performance.
Related violations: <none>

DPIP-2#186 Warning
Input pipelining  
DSP u_array/u_ref/g_row[12].g_col[47].u_pe/u_mul/u_dsp input u_array/u_ref/g_row[12].g_col[47].u_pe/u_mul/u_dsp/B[17:0] is not pipelined. Pipelining DSP48 input will improve performance.
Related violations: <none>

DPIP-2#187 Warning
Input pipelining  
DSP u_array/u_ref/g_row[12].g_col[4].u_pe/u_mul/u_dsp input u_array/u_ref/g_row[12].g_col[4].u_pe/u_mul/u_dsp/B[17:0] is not pipelined. Pipelining DSP48 input will improve performance.
Related violations: <none>

DPIP-2#188 Warning
Input pipelining  
DSP u_array/u_ref/g_row[12].g_col[5].u_pe/u_mul/u_dsp input u_array/u_ref/g_row[12].g_col[5].u_pe/u_mul/u_dsp/B[17:0] is not pipelined. Pipelining DSP48 input will improve performance.
Related violations: <none>

DPIP-2#189 Warning
Input pipelining  
DSP u_array/u_ref/g_row[12].g_col[6].u_pe/u_mul/u_dsp input u_array/u_ref/g_row[12].g_col[6].u_pe/u_mul/u_dsp/B[17:0] is not pipelined. Pipelining DSP48 input will improve performance.
Related violations: <none>

DPIP-2#190 Warning
Input pipelining  
DSP u_array/u_ref/g_row[12].g_col[7].u_pe/u_mul/u_dsp input u_array/u_ref/g_row[12].g_col[7].u_pe/u_mul/u_dsp/B[17:0] is not pipelined. Pipelining DSP48 input will improve performance.
Related violations: <none>

DPIP-2#191 Warning
Input pipelining  
DSP u_array/u_ref/g_row[12].g_col[8].u_pe/u_mul/u_dsp input u_array/u_ref/g_row[12].g_col[8].u_pe/u_mul/u_dsp/B[17:0] is not pipelined. Pipelining DSP48 input will improve performance.
Related violations: <none>

DPIP-2#192 Warning
Input pipelining  
DSP u_array/u_ref/g_row[12].g_col[9].u_pe/u_mul/u_dsp input u_array/u_ref/g_row[12].g_col[9].u_pe/u_mul/u_dsp/B[17:0] is not pipelined. Pipelining DSP48 input will improve performance.
Related violations: <none>

DPIP-2#193 Warning
Input pipelining  
DSP u_array/u_ref/g_row[13].g_col[0].u_pe/u_mul/u_dsp input u_array/u_ref/g_row[13].g_col[0].u_pe/u_mul/u_dsp/B[17:0] is not pipelined. Pipelining DSP48 input will improve performance.
Related violations: <none>

DPIP-2#194 Warning
Input pipelining  
DSP u_array/u_ref/g_row[13].g_col[10].u_pe/u_mul/u_dsp input u_array/u_ref/g_row[13].g_col[10].u_pe/u_mul/u_dsp/B[17:0] is not pipelined. Pipelining DSP48 input will improve performance.
Related violations: <none>

DPIP-2#195 Warning
Input pipelining  
DSP u_array/u_ref/g_row[13].g_col[11].u_pe/u_mul/u_dsp input u_array/u_ref/g_row[13].g_col[11].u_pe/u_mul/u_dsp/B[17:0] is not pipelined. Pipelining DSP48 input will improve performance.
Related violations: <none>

DPIP-2#196 Warning
Input pipelining  
DSP u_array/u_ref/g_row[13].g_col[12].u_pe/u_mul/u_dsp input u_array/u_ref/g_row[13].g_col[12].u_pe/u_mul/u_dsp/B[17:0] is not pipelined. Pipelining DSP48 input will improve performance.
Related violations: <none>

DPIP-2#197 Warning
Input pipelining  
DSP u_array/u_ref/g_row[13].g_col[13].u_pe/u_mul/u_dsp input u_array/u_ref/g_row[13].g_col[13].u_pe/u_mul/u_dsp/B[17:0] is not pipelined. Pipelining DSP48 input will improve performance.
Related violations: <none>

DPIP-2#198 Warning
Input pipelining  
DSP u_array/u_ref/g_row[13].g_col[14].u_pe/u_mul/u_dsp input u_array/u_ref/g_row[13].g_col[14].u_pe/u_mul/u_dsp/B[17:0] is not pipelined. Pipelining DSP48 input will improve performance.
Related violations: <none>

DPIP-2#199 Warning
Input pipelining  
DSP u_array/u_ref/g_row[13].g_col[15].u_pe/u_mul/u_dsp input u_array/u_ref/g_row[13].g_col[15].u_pe/u_mul/u_dsp/B[17:0] is not pipelined. Pipelining DSP48 input will improve performance.
Related violations: <none>

DPIP-2#200 Warning
Input pipelining  
DSP u_array/u_ref/g_row[13].g_col[16].u_pe/u_mul/u_dsp input u_array/u_ref/g_row[13].g_col[16].u_pe/u_mul/u_dsp/B[17:0] is not pipelined. Pipelining DSP48 input will improve performance.
Related violations: <none>

DPIP-2#201 Warning
Input pipelining  
DSP u_array/u_ref/g_row[13].g_col[17].u_pe/u_mul/u_dsp input u_array/u_ref/g_row[13].g_col[17].u_pe/u_mul/u_dsp/B[17:0] is not pipelined. Pipelining DSP48 input will improve performance.
Related violations: <none>

DPIP-2#202 Warning
Input pipelining  
DSP u_array/u_ref/g_row[13].g_col[18].u_pe/u_mul/u_dsp input u_array/u_ref/g_row[13].g_col[18].u_pe/u_mul/u_dsp/B[17:0] is not pipelined. Pipelining DSP48 input will improve performance.
Related violations: <none>

DPIP-2#203 Warning
Input pipelining  
DSP u_array/u_ref/g_row[13].g_col[19].u_pe/u_mul/u_dsp input u_array/u_ref/g_row[13].g_col[19].u_pe/u_mul/u_dsp/B[17:0] is not pipelined. Pipelining DSP48 input will improve performance.
Related violations: <none>

DPIP-2#204 Warning
Input pipelining  
DSP u_array/u_ref/g_row[13].g_col[1].u_pe/u_mul/u_dsp input u_array/u_ref/g_row[13].g_col[1].u_pe/u_mul/u_dsp/B[17:0] is not pipelined. Pipelining DSP48 input will improve performance.
Related violations: <none>

DPIP-2#205 Warning
Input pipelining  
DSP u_array/u_ref/g_row[13].g_col[20].u_pe/u_mul/u_dsp input u_array/u_ref/g_row[13].g_col[20].u_pe/u_mul/u_dsp/B[17:0] is not pipelined. Pipelining DSP48 input will improve performance.
Related violations: <none>

DPIP-2#206 Warning
Input pipelining  
DSP u_array/u_ref/g_row[13].g_col[21].u_pe/u_mul/u_dsp input u_array/u_ref/g_row[13].g_col[21].u_pe/u_mul/u_dsp/B[17:0] is not pipelined. Pipelining DSP48 input will improve performance.
Related violations: <none>

DPIP-2#207 Warning
Input pipelining  
DSP u_array/u_ref/g_row[13].g_col[22].u_pe/u_mul/u_dsp input u_array/u_ref/g_row[13].g_col[22].u_pe/u_mul/u_dsp/B[17:0] is not pipelined. Pipelining DSP48 input will improve performance.
Related violations: <none>

DPIP-2#208 Warning
Input pipelining  
DSP u_array/u_ref/g_row[13].g_col[23].u_pe/u_mul/u_dsp input u_array/u_ref/g_row[13].g_col[23].u_pe/u_mul/u_dsp/B[17:0] is not pipelined. Pipelining DSP48 input will improve performance.
Related violations: <none>

DPIP-2#209 Warning
Input pipelining  
DSP u_array/u_ref/g_row[13].g_col[24].u_pe/u_mul/u_dsp input u_array/u_ref/g_row[13].g_col[24].u_pe/u_mul/u_dsp/B[17:0] is not pipelined. Pipelining DSP48 input will improve performance.
Related violations: <none>

DPIP-2#210 Warning
Input pipelining  
DSP u_array/u_ref/g_row[13].g_col[25].u_pe/u_mul/u_dsp input u_array/u_ref/g_row[13].g_col[25].u_pe/u_mul/u_dsp/B[17:0] is not pipelined. Pipelining DSP48 input will improve performance.
Related violations: <none>

DPIP-2#211 Warning
Input pipelining  
DSP u_array/u_ref/g_row[13].g_col[26].u_pe/u_mul/u_dsp input u_array/u_ref/g_row[13].g_col[26].u_pe/u_mul/u_dsp/B[17:0] is not pipelined. Pipelining DSP48 input will improve performance.
Related violations: <none>

DPIP-2#212 Warning
Input pipelining  
DSP u_array/u_ref/g_row[13].g_col[27].u_pe/u_mul/u_dsp input u_array/u_ref/g_row[13].g_col[27].u_pe/u_mul/u_dsp/B[17:0] is not pipelined. Pipelining DSP48 input will improve performance.
Related violations: <none>

DPIP-2#213 Warning
Input pipelining  
DSP u_array/u_ref/g_row[13].g_col[28].u_pe/u_mul/u_dsp input u_array/u_ref/g_row[13].g_col[28].u_pe/u_mul/u_dsp/B[17:0] is not pipelined. Pipelining DSP48 input will improve performance.
Related violations: <none>

DPIP-2#214 Warning
Input pipelining  
DSP u_array/u_ref/g_row[13].g_col[29].u_pe/u_mul/u_dsp input u_array/u_ref/g_row[13].g_col[29].u_pe/u_mul/u_dsp/B[17:0] is not pipelined. Pipelining DSP48 input will improve performance.
Related violations: <none>

DPIP-2#215 Warning
Input pipelining  
DSP u_array/u_ref/g_row[13].g_col[2].u_pe/u_mul/u_dsp input u_array/u_ref/g_row[13].g_col[2].u_pe/u_mul/u_dsp/B[17:0] is not pipelined. Pipelining DSP48 input will improve performance.
Related violations: <none>

DPIP-2#216 Warning
Input pipelining  
DSP u_array/u_ref/g_row[13].g_col[30].u_pe/u_mul/u_dsp input u_array/u_ref/g_row[13].g_col[30].u_pe/u_mul/u_dsp/B[17:0] is not pipelined. Pipelining DSP48 input will improve performance.
Related violations: <none>

DPIP-2#217 Warning
Input pipelining  
DSP u_array/u_ref/g_row[13].g_col[31].u_pe/u_mul/u_dsp input u_array/u_ref/g_row[13].g_col[31].u_pe/u_mul/u_dsp/B[17:0] is not pipelined. Pipelining DSP48 input will improve performance.
Related violations: <none>

DPIP-2#218 Warning
Input pipelining  
DSP u_array/u_ref/g_row[13].g_col[32].u_pe/u_mul/u_dsp input u_array/u_ref/g_row[13].g_col[32].u_pe/u_mul/u_dsp/B[17:0] is not pipelined. Pipelining DSP48 input will improve performance.
Related violations: <none>

DPIP-2#219 Warning
Input pipelining  
DSP u_array/u_ref/g_row[13].g_col[33].u_pe/u_mul/u_dsp input u_array/u_ref/g_row[13].g_col[33].u_pe/u_mul/u_dsp/B[17:0] is not pipelined. Pipelining DSP48 input will improve performance.
Related violations: <none>

DPIP-2#220 Warning
Input pipelining  
DSP u_array/u_ref/g_row[13].g_col[34].u_pe/u_mul/u_dsp input u_array/u_ref/g_row[13].g_col[34].u_pe/u_mul/u_dsp/B[17:0] is not pipelined. Pipelining DSP48 input will improve performance.
Related violations: <none>

DPIP-2#221 Warning
Input pipelining  
DSP u_array/u_ref/g_row[13].g_col[35].u_pe/u_mul/u_dsp input u_array/u_ref/g_row[13].g_col[35].u_pe/u_mul/u_dsp/B[17:0] is not pipelined. Pipelining DSP48 input will improve performance.
Related violations: <none>

DPIP-2#222 Warning
Input pipelining  
DSP u_array/u_ref/g_row[13].g_col[36].u_pe/u_mul/u_dsp input u_array/u_ref/g_row[13].g_col[36].u_pe/u_mul/u_dsp/B[17:0] is not pipelined. Pipelining DSP48 input will improve performance.
Related violations: <none>

DPIP-2#223 Warning
Input pipelining  
DSP u_array/u_ref/g_row[13].g_col[37].u_pe/u_mul/u_dsp input u_array/u_ref/g_row[13].g_col[37].u_pe/u_mul/u_dsp/B[17:0] is not pipelined. Pipelining DSP48 input will improve performance.
Related violations: <none>

DPIP-2#224 Warning
Input pipelining  
DSP u_array/u_ref/g_row[13].g_col[38].u_pe/u_mul/u_dsp input u_array/u_ref/g_row[13].g_col[38].u_pe/u_mul/u_dsp/B[17:0] is not pipelined. Pipelining DSP48 input will improve performance.
Related violations: <none>

DPIP-2#225 Warning
Input pipelining  
DSP u_array/u_ref/g_row[13].g_col[39].u_pe/u_mul/u_dsp input u_array/u_ref/g_row[13].g_col[39].u_pe/u_mul/u_dsp/B[17:0] is not pipelined. Pipelining DSP48 input will improve performance.
Related violations: <none>

DPIP-2#226 Warning
Input pipelining  
DSP u_array/u_ref/g_row[13].g_col[3].u_pe/u_mul/u_dsp input u_array/u_ref/g_row[13].g_col[3].u_pe/u_mul/u_dsp/B[17:0] is not pipelined. Pipelining DSP48 input will improve performance.
Related violations: <none>

DPIP-2#227 Warning
Input pipelining  
DSP u_array/u_ref/g_row[13].g_col[40].u_pe/u_mul/u_dsp input u_array/u_ref/g_row[13].g_col[40].u_pe/u_mul/u_dsp/B[17:0] is not pipelined. Pipelining DSP48 input will improve performance.
Related violations: <none>

DPIP-2#228 Warning
Input pipelining  
DSP u_array/u_ref/g_row[13].g_col[41].u_pe/u_mul/u_dsp input u_array/u_ref/g_row[13].g_col[41].u_pe/u_mul/u_dsp/B[17:0] is not pipelined. Pipelining DSP48 input will improve performance.
Related violations: <none>

DPIP-2#229 Warning
Input pipelining  
DSP u_array/u_ref/g_row[13].g_col[42].u_pe/u_mul/u_dsp input u_array/u_ref/g_row[13].g_col[42].u_pe/u_mul/u_dsp/B[17:0] is not pipelined. Pipelining DSP48 input will improve performance.
Related violations: <none>

DPIP-2#230 Warning
Input pipelining  
DSP u_array/u_ref/g_row[13].g_col[43].u_pe/u_mul/u_dsp input u_array/u_ref/g_row[13].g_col[43].u_pe/u_mul/u_dsp/B[17:0] is not pipelined. Pipelining DSP48 input will improve performance.
Related violations: <none>

DPIP-2#231 Warning
Input pipelining  
DSP u_array/u_ref/g_row[13].g_col[44].u_pe/u_mul/u_dsp input u_array/u_ref/g_row[13].g_col[44].u_pe/u_mul/u_dsp/B[17:0] is not pipelined. Pipelining DSP48 input will improve performance.
Related violations: <none>

DPIP-2#232 Warning
Input pipelining  
DSP u_array/u_ref/g_row[13].g_col[45].u_pe/u_mul/u_dsp input u_array/u_ref/g_row[13].g_col[45].u_pe/u_mul/u_dsp/B[17:0] is not pipelined. Pipelining DSP48 input will improve performance.
Related violations: <none>

DPIP-2#233 Warning
Input pipelining  
DSP u_array/u_ref/g_row[13].g_col[46].u_pe/u_mul/u_dsp input u_array/u_ref/g_row[13].g_col[46].u_pe/u_mul/u_dsp/B[17:0] is not pipelined. Pipelining DSP48 input will improve performance.
Related violations: <none>

DPIP-2#234 Warning
Input pipelining  
DSP u_array/u_ref/g_row[13].g_col[47].u_pe/u_mul/u_dsp input u_array/u_ref/g_row[13].g_col[47].u_pe/u_mul/u_dsp/B[17:0] is not pipelined. Pipelining DSP48 input will improve performance.
Related violations: <none>

DPIP-2#235 Warning
Input pipelining  
DSP u_array/u_ref/g_row[13].g_col[4].u_pe/u_mul/u_dsp input u_array/u_ref/g_row[13].g_col[4].u_pe/u_mul/u_dsp/B[17:0] is not pipelined. Pipelining DSP48 input will improve performance.
Related violations: <none>

DPIP-2#236 Warning
Input pipelining  
DSP u_array/u_ref/g_row[13].g_col[5].u_pe/u_mul/u_dsp input u_array/u_ref/g_row[13].g_col[5].u_pe/u_mul/u_dsp/B[17:0] is not pipelined. Pipelining DSP48 input will improve performance.
Related violations: <none>

DPIP-2#237 Warning
Input pipelining  
DSP u_array/u_ref/g_row[13].g_col[6].u_pe/u_mul/u_dsp input u_array/u_ref/g_row[13].g_col[6].u_pe/u_mul/u_dsp/B[17:0] is not pipelined. Pipelining DSP48 input will improve performance.
Related violations: <none>

DPIP-2#238 Warning
Input pipelining  
DSP u_array/u_ref/g_row[13].g_col[7].u_pe/u_mul/u_dsp input u_array/u_ref/g_row[13].g_col[7].u_pe/u_mul/u_dsp/B[17:0] is not pipelined. Pipelining DSP48 input will improve performance.
Related violations: <none>

DPIP-2#239 Warning
Input pipelining  
DSP u_array/u_ref/g_row[13].g_col[8].u_pe/u_mul/u_dsp input u_array/u_ref/g_row[13].g_col[8].u_pe/u_mul/u_dsp/B[17:0] is not pipelined. Pipelining DSP48 input will improve performance.
Related violations: <none>

DPIP-2#240 Warning
Input pipelining  
DSP u_array/u_ref/g_row[13].g_col[9].u_pe/u_mul/u_dsp input u_array/u_ref/g_row[13].g_col[9].u_pe/u_mul/u_dsp/B[17:0] is not pipelined. Pipelining DSP48 input will improve performance.
Related violations: <none>

DPIP-2#241 Warning
Input pipelining  
DSP u_array/u_ref/g_row[14].g_col[0].u_pe/u_mul/u_dsp input u_array/u_ref/g_row[14].g_col[0].u_pe/u_mul/u_dsp/B[17:0] is not pipelined. Pipelining DSP48 input will improve performance.
Related violations: <none>

DPIP-2#242 Warning
Input pipelining  
DSP u_array/u_ref/g_row[14].g_col[10].u_pe/u_mul/u_dsp input u_array/u_ref/g_row[14].g_col[10].u_pe/u_mul/u_dsp/B[17:0] is not pipelined. Pipelining DSP48 input will improve performance.
Related violations: <none>

DPIP-2#243 Warning
Input pipelining  
DSP u_array/u_ref/g_row[14].g_col[11].u_pe/u_mul/u_dsp input u_array/u_ref/g_row[14].g_col[11].u_pe/u_mul/u_dsp/B[17:0] is not pipelined. Pipelining DSP48 input will improve performance.
Related violations: <none>

DPIP-2#244 Warning
Input pipelining  
DSP u_array/u_ref/g_row[14].g_col[12].u_pe/u_mul/u_dsp input u_array/u_ref/g_row[14].g_col[12].u_pe/u_mul/u_dsp/B[17:0] is not pipelined. Pipelining DSP48 input will improve performance.
Related violations: <none>

DPIP-2#245 Warning
Input pipelining  
DSP u_array/u_ref/g_row[14].g_col[13].u_pe/u_mul/u_dsp input u_array/u_ref/g_row[14].g_col[13].u_pe/u_mul/u_dsp/B[17:0] is not pipelined. Pipelining DSP48 input will improve performance.
Related violations: <none>

DPIP-2#246 Warning
Input pipelining  
DSP u_array/u_ref/g_row[14].g_col[14].u_pe/u_mul/u_dsp input u_array/u_ref/g_row[14].g_col[14].u_pe/u_mul/u_dsp/B[17:0] is not pipelined. Pipelining DSP48 input will improve performance.
Related violations: <none>

DPIP-2#247 Warning
Input pipelining  
DSP u_array/u_ref/g_row[14].g_col[15].u_pe/u_mul/u_dsp input u_array/u_ref/g_row[14].g_col[15].u_pe/u_mul/u_dsp/B[17:0] is not pipelined. Pipelining DSP48 input will improve performance.
Related violations: <none>

DPIP-2#248 Warning
Input pipelining  
DSP u_array/u_ref/g_row[14].g_col[16].u_pe/u_mul/u_dsp input u_array/u_ref/g_row[14].g_col[16].u_pe/u_mul/u_dsp/B[17:0] is not pipelined. Pipelining DSP48 input will improve performance.
Related violations: <none>

DPIP-2#249 Warning
Input pipelining  
DSP u_array/u_ref/g_row[14].g_col[17].u_pe/u_mul/u_dsp input u_array/u_ref/g_row[14].g_col[17].u_pe/u_mul/u_dsp/B[17:0] is not pipelined. Pipelining DSP48 input will improve performance.
Related violations: <none>

DPIP-2#250 Warning
Input pipelining  
DSP u_array/u_ref/g_row[14].g_col[18].u_pe/u_mul/u_dsp input u_array/u_ref/g_row[14].g_col[18].u_pe/u_mul/u_dsp/B[17:0] is not pipelined. Pipelining DSP48 input will improve performance.
Related violations: <none>

DPIP-2#251 Warning
Input pipelining  
DSP u_array/u_ref/g_row[14].g_col[19].u_pe/u_mul/u_dsp input u_array/u_ref/g_row[14].g_col[19].u_pe/u_mul/u_dsp/B[17:0] is not pipelined. Pipelining DSP48 input will improve performance.
Related violations: <none>

DPIP-2#252 Warning
Input pipelining  
DSP u_array/u_ref/g_row[14].g_col[1].u_pe/u_mul/u_dsp input u_array/u_ref/g_row[14].g_col[1].u_pe/u_mul/u_dsp/B[17:0] is not pipelined. Pipelining DSP48 input will improve performance.
Related violations: <none>

DPIP-2#253 Warning
Input pipelining  
DSP u_array/u_ref/g_row[14].g_col[20].u_pe/u_mul/u_dsp input u_array/u_ref/g_row[14].g_col[20].u_pe/u_mul/u_dsp/B[17:0] is not pipelined. Pipelining DSP48 input will improve performance.
Related violations: <none>

DPIP-2#254 Warning
Input pipelining  
DSP u_array/u_ref/g_row[14].g_col[21].u_pe/u_mul/u_dsp input u_array/u_ref/g_row[14].g_col[21].u_pe/u_mul/u_dsp/B[17:0] is not pipelined. Pipelining DSP48 input will improve performance.
Related violations: <none>

DPIP-2#255 Warning
Input pipelining  
DSP u_array/u_ref/g_row[14].g_col[22].u_pe/u_mul/u_dsp input u_array/u_ref/g_row[14].g_col[22].u_pe/u_mul/u_dsp/B[17:0] is not pipelined. Pipelining DSP48 input will improve performance.
Related violations: <none>

DPIP-2#256 Warning
Input pipelining  
DSP u_array/u_ref/g_row[14].g_col[23].u_pe/u_mul/u_dsp input u_array/u_ref/g_row[14].g_col[23].u_pe/u_mul/u_dsp/B[17:0] is not pipelined. Pipelining DSP48 input will improve performance.
Related violations: <none>

DPIP-2#257 Warning
Input pipelining  
DSP u_array/u_ref/g_row[14].g_col[24].u_pe/u_mul/u_dsp input u_array/u_ref/g_row[14].g_col[24].u_pe/u_mul/u_dsp/B[17:0] is not pipelined. Pipelining DSP48 input will improve performance.
Related violations: <none>

DPIP-2#258 Warning
Input pipelining  
DSP u_array/u_ref/g_row[14].g_col[25].u_pe/u_mul/u_dsp input u_array/u_ref/g_row[14].g_col[25].u_pe/u_mul/u_dsp/B[17:0] is not pipelined. Pipelining DSP48 input will improve performance.
Related violations: <none>

DPIP-2#259 Warning
Input pipelining  
DSP u_array/u_ref/g_row[14].g_col[26].u_pe/u_mul/u_dsp input u_array/u_ref/g_row[14].g_col[26].u_pe/u_mul/u_dsp/B[17:0] is not pipelined. Pipelining DSP48 input will improve performance.
Related violations: <none>

DPIP-2#260 Warning
Input pipelining  
DSP u_array/u_ref/g_row[14].g_col[27].u_pe/u_mul/u_dsp input u_array/u_ref/g_row[14].g_col[27].u_pe/u_mul/u_dsp/B[17:0] is not pipelined. Pipelining DSP48 input will improve performance.
Related violations: <none>

DPIP-2#261 Warning
Input pipelining  
DSP u_array/u_ref/g_row[14].g_col[28].u_pe/u_mul/u_dsp input u_array/u_ref/g_row[14].g_col[28].u_pe/u_mul/u_dsp/B[17:0] is not pipelined. Pipelining DSP48 input will improve performance.
Related violations: <none>

DPIP-2#262 Warning
Input pipelining  
DSP u_array/u_ref/g_row[14].g_col[29].u_pe/u_mul/u_dsp input u_array/u_ref/g_row[14].g_col[29].u_pe/u_mul/u_dsp/B[17:0] is not pipelined. Pipelining DSP48 input will improve performance.
Related violations: <none>

DPIP-2#263 Warning
Input pipelining  
DSP u_array/u_ref/g_row[14].g_col[2].u_pe/u_mul/u_dsp input u_array/u_ref/g_row[14].g_col[2].u_pe/u_mul/u_dsp/B[17:0] is not pipelined. Pipelining DSP48 input will improve performance.
Related violations: <none>

DPIP-2#264 Warning
Input pipelining  
DSP u_array/u_ref/g_row[14].g_col[30].u_pe/u_mul/u_dsp input u_array/u_ref/g_row[14].g_col[30].u_pe/u_mul/u_dsp/B[17:0] is not pipelined. Pipelining DSP48 input will improve performance.
Related violations: <none>

DPIP-2#265 Warning
Input pipelining  
DSP u_array/u_ref/g_row[14].g_col[31].u_pe/u_mul/u_dsp input u_array/u_ref/g_row[14].g_col[31].u_pe/u_mul/u_dsp/B[17:0] is not pipelined. Pipelining DSP48 input will improve performance.
Related violations: <none>

DPIP-2#266 Warning
Input pipelining  
DSP u_array/u_ref/g_row[14].g_col[32].u_pe/u_mul/u_dsp input u_array/u_ref/g_row[14].g_col[32].u_pe/u_mul/u_dsp/B[17:0] is not pipelined. Pipelining DSP48 input will improve performance.
Related violations: <none>

DPIP-2#267 Warning
Input pipelining  
DSP u_array/u_ref/g_row[14].g_col[33].u_pe/u_mul/u_dsp input u_array/u_ref/g_row[14].g_col[33].u_pe/u_mul/u_dsp/B[17:0] is not pipelined. Pipelining DSP48 input will improve performance.
Related violations: <none>

DPIP-2#268 Warning
Input pipelining  
DSP u_array/u_ref/g_row[14].g_col[34].u_pe/u_mul/u_dsp input u_array/u_ref/g_row[14].g_col[34].u_pe/u_mul/u_dsp/B[17:0] is not pipelined. Pipelining DSP48 input will improve performance.
Related violations: <none>

DPIP-2#269 Warning
Input pipelining  
DSP u_array/u_ref/g_row[14].g_col[35].u_pe/u_mul/u_dsp input u_array/u_ref/g_row[14].g_col[35].u_pe/u_mul/u_dsp/B[17:0] is not pipelined. Pipelining DSP48 input will improve performance.
Related violations: <none>

DPIP-2#270 Warning
Input pipelining  
DSP u_array/u_ref/g_row[14].g_col[36].u_pe/u_mul/u_dsp input u_array/u_ref/g_row[14].g_col[36].u_pe/u_mul/u_dsp/B[17:0] is not pipelined. Pipelining DSP48 input will improve performance.
Related violations: <none>

DPIP-2#271 Warning
Input pipelining  
DSP u_array/u_ref/g_row[14].g_col[37].u_pe/u_mul/u_dsp input u_array/u_ref/g_row[14].g_col[37].u_pe/u_mul/u_dsp/B[17:0] is not pipelined. Pipelining DSP48 input will improve performance.
Related violations: <none>

DPIP-2#272 Warning
Input pipelining  
DSP u_array/u_ref/g_row[14].g_col[38].u_pe/u_mul/u_dsp input u_array/u_ref/g_row[14].g_col[38].u_pe/u_mul/u_dsp/B[17:0] is not pipelined. Pipelining DSP48 input will improve performance.
Related violations: <none>

DPIP-2#273 Warning
Input pipelining  
DSP u_array/u_ref/g_row[14].g_col[39].u_pe/u_mul/u_dsp input u_array/u_ref/g_row[14].g_col[39].u_pe/u_mul/u_dsp/B[17:0] is not pipelined. Pipelining DSP48 input will improve performance.
Related violations: <none>

DPIP-2#274 Warning
Input pipelining  
DSP u_array/u_ref/g_row[14].g_col[3].u_pe/u_mul/u_dsp input u_array/u_ref/g_row[14].g_col[3].u_pe/u_mul/u_dsp/B[17:0] is not pipelined. Pipelining DSP48 input will improve performance.
Related violations: <none>

DPIP-2#275 Warning
Input pipelining  
DSP u_array/u_ref/g_row[14].g_col[40].u_pe/u_mul/u_dsp input u_array/u_ref/g_row[14].g_col[40].u_pe/u_mul/u_dsp/B[17:0] is not pipelined. Pipelining DSP48 input will improve performance.
Related violations: <none>

DPIP-2#276 Warning
Input pipelining  
DSP u_array/u_ref/g_row[14].g_col[41].u_pe/u_mul/u_dsp input u_array/u_ref/g_row[14].g_col[41].u_pe/u_mul/u_dsp/B[17:0] is not pipelined. Pipelining DSP48 input will improve performance.
Related violations: <none>

DPIP-2#277 Warning
Input pipelining  
DSP u_array/u_ref/g_row[14].g_col[42].u_pe/u_mul/u_dsp input u_array/u_ref/g_row[14].g_col[42].u_pe/u_mul/u_dsp/B[17:0] is not pipelined. Pipelining DSP48 input will improve performance.
Related violations: <none>

DPIP-2#278 Warning
Input pipelining  
DSP u_array/u_ref/g_row[14].g_col[43].u_pe/u_mul/u_dsp input u_array/u_ref/g_row[14].g_col[43].u_pe/u_mul/u_dsp/B[17:0] is not pipelined. Pipelining DSP48 input will improve performance.
Related violations: <none>

DPIP-2#279 Warning
Input pipelining  
DSP u_array/u_ref/g_row[14].g_col[44].u_pe/u_mul/u_dsp input u_array/u_ref/g_row[14].g_col[44].u_pe/u_mul/u_dsp/B[17:0] is not pipelined. Pipelining DSP48 input will improve performance.
Related violations: <none>

DPIP-2#280 Warning
Input pipelining  
DSP u_array/u_ref/g_row[14].g_col[45].u_pe/u_mul/u_dsp input u_array/u_ref/g_row[14].g_col[45].u_pe/u_mul/u_dsp/B[17:0] is not pipelined. Pipelining DSP48 input will improve performance.
Related violations: <none>

DPIP-2#281 Warning
Input pipelining  
DSP u_array/u_ref/g_row[14].g_col[46].u_pe/u_mul/u_dsp input u_array/u_ref/g_row[14].g_col[46].u_pe/u_mul/u_dsp/B[17:0] is not pipelined. Pipelining DSP48 input will improve performance.
Related violations: <none>

DPIP-2#282 Warning
Input pipelining  
DSP u_array/u_ref/g_row[14].g_col[47].u_pe/u_mul/u_dsp input u_array/u_ref/g_row[14].g_col[47].u_pe/u_mul/u_dsp/B[17:0] is not pipelined. Pipelining DSP48 input will improve performance.
Related violations: <none>

DPIP-2#283 Warning
Input pipelining  
DSP u_array/u_ref/g_row[14].g_col[4].u_pe/u_mul/u_dsp input u_array/u_ref/g_row[14].g_col[4].u_pe/u_mul/u_dsp/B[17:0] is not pipelined. Pipelining DSP48 input will improve performance.
Related violations: <none>

DPIP-2#284 Warning
Input pipelining  
DSP u_array/u_ref/g_row[14].g_col[5].u_pe/u_mul/u_dsp input u_array/u_ref/g_row[14].g_col[5].u_pe/u_mul/u_dsp/B[17:0] is not pipelined. Pipelining DSP48 input will improve performance.
Related violations: <none>

DPIP-2#285 Warning
Input pipelining  
DSP u_array/u_ref/g_row[14].g_col[6].u_pe/u_mul/u_dsp input u_array/u_ref/g_row[14].g_col[6].u_pe/u_mul/u_dsp/B[17:0] is not pipelined. Pipelining DSP48 input will improve performance.
Related violations: <none>

DPIP-2#286 Warning
Input pipelining  
DSP u_array/u_ref/g_row[14].g_col[7].u_pe/u_mul/u_dsp input u_array/u_ref/g_row[14].g_col[7].u_pe/u_mul/u_dsp/B[17:0] is not pipelined. Pipelining DSP48 input will improve performance.
Related violations: <none>

DPIP-2#287 Warning
Input pipelining  
DSP u_array/u_ref/g_row[14].g_col[8].u_pe/u_mul/u_dsp input u_array/u_ref/g_row[14].g_col[8].u_pe/u_mul/u_dsp/B[17:0] is not pipelined. Pipelining DSP48 input will improve performance.
Related violations: <none>

DPIP-2#288 Warning
Input pipelining  
DSP u_array/u_ref/g_row[14].g_col[9].u_pe/u_mul/u_dsp input u_array/u_ref/g_row[14].g_col[9].u_pe/u_mul/u_dsp/B[17:0] is not pipelined. Pipelining DSP48 input will improve performance.
Related violations: <none>

DPIP-2#289 Warning
Input pipelining  
DSP u_array/u_ref/g_row[15].g_col[0].u_pe/u_mul/u_dsp input u_array/u_ref/g_row[15].g_col[0].u_pe/u_mul/u_dsp/B[17:0] is not pipelined. Pipelining DSP48 input will improve performance.
Related violations: <none>

DPIP-2#290 Warning
Input pipelining  
DSP u_array/u_ref/g_row[15].g_col[10].u_pe/u_mul/u_dsp input u_array/u_ref/g_row[15].g_col[10].u_pe/u_mul/u_dsp/B[17:0] is not pipelined. Pipelining DSP48 input will improve performance.
Related violations: <none>

DPIP-2#291 Warning
Input pipelining  
DSP u_array/u_ref/g_row[15].g_col[11].u_pe/u_mul/u_dsp input u_array/u_ref/g_row[15].g_col[11].u_pe/u_mul/u_dsp/B[17:0] is not pipelined. Pipelining DSP48 input will improve performance.
Related violations: <none>

DPIP-2#292 Warning
Input pipelining  
DSP u_array/u_ref/g_row[15].g_col[12].u_pe/u_mul/u_dsp input u_array/u_ref/g_row[15].g_col[12].u_pe/u_mul/u_dsp/B[17:0] is not pipelined. Pipelining DSP48 input will improve performance.
Related violations: <none>

DPIP-2#293 Warning
Input pipelining  
DSP u_array/u_ref/g_row[15].g_col[13].u_pe/u_mul/u_dsp input u_array/u_ref/g_row[15].g_col[13].u_pe/u_mul/u_dsp/B[17:0] is not pipelined. Pipelining DSP48 input will improve performance.
Related violations: <none>

DPIP-2#294 Warning
Input pipelining  
DSP u_array/u_ref/g_row[15].g_col[14].u_pe/u_mul/u_dsp input u_array/u_ref/g_row[15].g_col[14].u_pe/u_mul/u_dsp/B[17:0] is not pipelined. Pipelining DSP48 input will improve performance.
Related violations: <none>

DPIP-2#295 Warning
Input pipelining  
DSP u_array/u_ref/g_row[15].g_col[15].u_pe/u_mul/u_dsp input u_array/u_ref/g_row[15].g_col[15].u_pe/u_mul/u_dsp/B[17:0] is not pipelined. Pipelining DSP48 input will improve performance.
Related violations: <none>

DPIP-2#296 Warning
Input pipelining  
DSP u_array/u_ref/g_row[15].g_col[16].u_pe/u_mul/u_dsp input u_array/u_ref/g_row[15].g_col[16].u_pe/u_mul/u_dsp/B[17:0] is not pipelined. Pipelining DSP48 input will improve performance.
Related violations: <none>

DPIP-2#297 Warning
Input pipelining  
DSP u_array/u_ref/g_row[15].g_col[17].u_pe/u_mul/u_dsp input u_array/u_ref/g_row[15].g_col[17].u_pe/u_mul/u_dsp/B[17:0] is not pipelined. Pipelining DSP48 input will improve performance.
Related violations: <none>

DPIP-2#298 Warning
Input pipelining  
DSP u_array/u_ref/g_row[15].g_col[18].u_pe/u_mul/u_dsp input u_array/u_ref/g_row[15].g_col[18].u_pe/u_mul/u_dsp/B[17:0] is not pipelined. Pipelining DSP48 input will improve performance.
Related violations: <none>

DPIP-2#299 Warning
Input pipelining  
DSP u_array/u_ref/g_row[15].g_col[19].u_pe/u_mul/u_dsp input u_array/u_ref/g_row[15].g_col[19].u_pe/u_mul/u_dsp/B[17:0] is not pipelined. Pipelining DSP48 input will improve performance.
Related violations: <none>

DPIP-2#300 Warning
Input pipelining  
DSP u_array/u_ref/g_row[15].g_col[1].u_pe/u_mul/u_dsp input u_array/u_ref/g_row[15].g_col[1].u_pe/u_mul/u_dsp/B[17:0] is not pipelined. Pipelining DSP48 input will improve performance.
Related violations: <none>

DPIP-2#301 Warning
Input pipelining  
DSP u_array/u_ref/g_row[15].g_col[20].u_pe/u_mul/u_dsp input u_array/u_ref/g_row[15].g_col[20].u_pe/u_mul/u_dsp/B[17:0] is not pipelined. Pipelining DSP48 input will improve performance.
Related violations: <none>

DPIP-2#302 Warning
Input pipelining  
DSP u_array/u_ref/g_row[15].g_col[21].u_pe/u_mul/u_dsp input u_array/u_ref/g_row[15].g_col[21].u_pe/u_mul/u_dsp/B[17:0] is not pipelined. Pipelining DSP48 input will improve performance.
Related violations: <none>

DPIP-2#303 Warning
Input pipelining  
DSP u_array/u_ref/g_row[15].g_col[22].u_pe/u_mul/u_dsp input u_array/u_ref/g_row[15].g_col[22].u_pe/u_mul/u_dsp/B[17:0] is not pipelined. Pipelining DSP48 input will improve performance.
Related violations: <none>

DPIP-2#304 Warning
Input pipelining  
DSP u_array/u_ref/g_row[15].g_col[23].u_pe/u_mul/u_dsp input u_array/u_ref/g_row[15].g_col[23].u_pe/u_mul/u_dsp/B[17:0] is not pipelined. Pipelining DSP48 input will improve performance.
Related violations: <none>

DPIP-2#305 Warning
Input pipelining  
DSP u_array/u_ref/g_row[15].g_col[24].u_pe/u_mul/u_dsp input u_array/u_ref/g_row[15].g_col[24].u_pe/u_mul/u_dsp/B[17:0] is not pipelined. Pipelining DSP48 input will improve performance.
Related violations: <none>

DPIP-2#306 Warning
Input pipelining  
DSP u_array/u_ref/g_row[15].g_col[25].u_pe/u_mul/u_dsp input u_array/u_ref/g_row[15].g_col[25].u_pe/u_mul/u_dsp/B[17:0] is not pipelined. Pipelining DSP48 input will improve performance.
Related violations: <none>

DPIP-2#307 Warning
Input pipelining  
DSP u_array/u_ref/g_row[15].g_col[26].u_pe/u_mul/u_dsp input u_array/u_ref/g_row[15].g_col[26].u_pe/u_mul/u_dsp/B[17:0] is not pipelined. Pipelining DSP48 input will improve performance.
Related violations: <none>

DPIP-2#308 Warning
Input pipelining  
DSP u_array/u_ref/g_row[15].g_col[27].u_pe/u_mul/u_dsp input u_array/u_ref/g_row[15].g_col[27].u_pe/u_mul/u_dsp/B[17:0] is not pipelined. Pipelining DSP48 input will improve performance.
Related violations: <none>

DPIP-2#309 Warning
Input pipelining  
DSP u_array/u_ref/g_row[15].g_col[28].u_pe/u_mul/u_dsp input u_array/u_ref/g_row[15].g_col[28].u_pe/u_mul/u_dsp/B[17:0] is not pipelined. Pipelining DSP48 input will improve performance.
Related violations: <none>

DPIP-2#310 Warning
Input pipelining  
DSP u_array/u_ref/g_row[15].g_col[29].u_pe/u_mul/u_dsp input u_array/u_ref/g_row[15].g_col[29].u_pe/u_mul/u_dsp/B[17:0] is not pipelined. Pipelining DSP48 input will improve performance.
Related violations: <none>

DPIP-2#311 Warning
Input pipelining  
DSP u_array/u_ref/g_row[15].g_col[2].u_pe/u_mul/u_dsp input u_array/u_ref/g_row[15].g_col[2].u_pe/u_mul/u_dsp/B[17:0] is not pipelined. Pipelining DSP48 input will improve performance.
Related violations: <none>

DPIP-2#312 Warning
Input pipelining  
DSP u_array/u_ref/g_row[15].g_col[30].u_pe/u_mul/u_dsp input u_array/u_ref/g_row[15].g_col[30].u_pe/u_mul/u_dsp/B[17:0] is not pipelined. Pipelining DSP48 input will improve performance.
Related violations: <none>

DPIP-2#313 Warning
Input pipelining  
DSP u_array/u_ref/g_row[15].g_col[31].u_pe/u_mul/u_dsp input u_array/u_ref/g_row[15].g_col[31].u_pe/u_mul/u_dsp/B[17:0] is not pipelined. Pipelining DSP48 input will improve performance.
Related violations: <none>

DPIP-2#314 Warning
Input pipelining  
DSP u_array/u_ref/g_row[15].g_col[32].u_pe/u_mul/u_dsp input u_array/u_ref/g_row[15].g_col[32].u_pe/u_mul/u_dsp/B[17:0] is not pipelined. Pipelining DSP48 input will improve performance.
Related violations: <none>

DPIP-2#315 Warning
Input pipelining  
DSP u_array/u_ref/g_row[15].g_col[33].u_pe/u_mul/u_dsp input u_array/u_ref/g_row[15].g_col[33].u_pe/u_mul/u_dsp/B[17:0] is not pipelined. Pipelining DSP48 input will improve performance.
Related violations: <none>

DPIP-2#316 Warning
Input pipelining  
DSP u_array/u_ref/g_row[15].g_col[34].u_pe/u_mul/u_dsp input u_array/u_ref/g_row[15].g_col[34].u_pe/u_mul/u_dsp/B[17:0] is not pipelined. Pipelining DSP48 input will improve performance.
Related violations: <none>

DPIP-2#317 Warning
Input pipelining  
DSP u_array/u_ref/g_row[15].g_col[35].u_pe/u_mul/u_dsp input u_array/u_ref/g_row[15].g_col[35].u_pe/u_mul/u_dsp/B[17:0] is not pipelined. Pipelining DSP48 input will improve performance.
Related violations: <none>

DPIP-2#318 Warning
Input pipelining  
DSP u_array/u_ref/g_row[15].g_col[36].u_pe/u_mul/u_dsp input u_array/u_ref/g_row[15].g_col[36].u_pe/u_mul/u_dsp/B[17:0] is not pipelined. Pipelining DSP48 input will improve performance.
Related violations: <none>

DPIP-2#319 Warning
Input pipelining  
DSP u_array/u_ref/g_row[15].g_col[37].u_pe/u_mul/u_dsp input u_array/u_ref/g_row[15].g_col[37].u_pe/u_mul/u_dsp/B[17:0] is not pipelined. Pipelining DSP48 input will improve performance.
Related violations: <none>

DPIP-2#320 Warning
Input pipelining  
DSP u_array/u_ref/g_row[15].g_col[38].u_pe/u_mul/u_dsp input u_array/u_ref/g_row[15].g_col[38].u_pe/u_mul/u_dsp/B[17:0] is not pipelined. Pipelining DSP48 input will improve performance.
Related violations: <none>

DPIP-2#321 Warning
Input pipelining  
DSP u_array/u_ref/g_row[15].g_col[39].u_pe/u_mul/u_dsp input u_array/u_ref/g_row[15].g_col[39].u_pe/u_mul/u_dsp/B[17:0] is not pipelined. Pipelining DSP48 input will improve performance.
Related violations: <none>

DPIP-2#322 Warning
Input pipelining  
DSP u_array/u_ref/g_row[15].g_col[3].u_pe/u_mul/u_dsp input u_array/u_ref/g_row[15].g_col[3].u_pe/u_mul/u_dsp/B[17:0] is not pipelined. Pipelining DSP48 input will improve performance.
Related violations: <none>

DPIP-2#323 Warning
Input pipelining  
DSP u_array/u_ref/g_row[15].g_col[40].u_pe/u_mul/u_dsp input u_array/u_ref/g_row[15].g_col[40].u_pe/u_mul/u_dsp/B[17:0] is not pipelined. Pipelining DSP48 input will improve performance.
Related violations: <none>

DPIP-2#324 Warning
Input pipelining  
DSP u_array/u_ref/g_row[15].g_col[41].u_pe/u_mul/u_dsp input u_array/u_ref/g_row[15].g_col[41].u_pe/u_mul/u_dsp/B[17:0] is not pipelined. Pipelining DSP48 input will improve performance.
Related violations: <none>

DPIP-2#325 Warning
Input pipelining  
DSP u_array/u_ref/g_row[15].g_col[42].u_pe/u_mul/u_dsp input u_array/u_ref/g_row[15].g_col[42].u_pe/u_mul/u_dsp/B[17:0] is not pipelined. Pipelining DSP48 input will improve performance.
Related violations: <none>

DPIP-2#326 Warning
Input pipelining  
DSP u_array/u_ref/g_row[15].g_col[43].u_pe/u_mul/u_dsp input u_array/u_ref/g_row[15].g_col[43].u_pe/u_mul/u_dsp/B[17:0] is not pipelined. Pipelining DSP48 input will improve performance.
Related violations: <none>

DPIP-2#327 Warning
Input pipelining  
DSP u_array/u_ref/g_row[15].g_col[44].u_pe/u_mul/u_dsp input u_array/u_ref/g_row[15].g_col[44].u_pe/u_mul/u_dsp/B[17:0] is not pipelined. Pipelining DSP48 input will improve performance.
Related violations: <none>

DPIP-2#328 Warning
Input pipelining  
DSP u_array/u_ref/g_row[15].g_col[45].u_pe/u_mul/u_dsp input u_array/u_ref/g_row[15].g_col[45].u_pe/u_mul/u_dsp/B[17:0] is not pipelined. Pipelining DSP48 input will improve performance.
Related violations: <none>

DPIP-2#329 Warning
Input pipelining  
DSP u_array/u_ref/g_row[15].g_col[46].u_pe/u_mul/u_dsp input u_array/u_ref/g_row[15].g_col[46].u_pe/u_mul/u_dsp/B[17:0] is not pipelined. Pipelining DSP48 input will improve performance.
Related violations: <none>

DPIP-2#330 Warning
Input pipelining  
DSP u_array/u_ref/g_row[15].g_col[47].u_pe/u_mul/u_dsp input u_array/u_ref/g_row[15].g_col[47].u_pe/u_mul/u_dsp/B[17:0] is not pipelined. Pipelining DSP48 input will improve performance.
Related violations: <none>

DPIP-2#331 Warning
Input pipelining  
DSP u_array/u_ref/g_row[15].g_col[4].u_pe/u_mul/u_dsp input u_array/u_ref/g_row[15].g_col[4].u_pe/u_mul/u_dsp/B[17:0] is not pipelined. Pipelining DSP48 input will improve performance.
Related violations: <none>

DPIP-2#332 Warning
Input pipelining  
DSP u_array/u_ref/g_row[15].g_col[5].u_pe/u_mul/u_dsp input u_array/u_ref/g_row[15].g_col[5].u_pe/u_mul/u_dsp/B[17:0] is not pipelined. Pipelining DSP48 input will improve performance.
Related violations: <none>

DPIP-2#333 Warning
Input pipelining  
DSP u_array/u_ref/g_row[15].g_col[6].u_pe/u_mul/u_dsp input u_array/u_ref/g_row[15].g_col[6].u_pe/u_mul/u_dsp/B[17:0] is not pipelined. Pipelining DSP48 input will improve performance.
Related violations: <none>

DPIP-2#334 Warning
Input pipelining  
DSP u_array/u_ref/g_row[15].g_col[7].u_pe/u_mul/u_dsp input u_array/u_ref/g_row[15].g_col[7].u_pe/u_mul/u_dsp/B[17:0] is not pipelined. Pipelining DSP48 input will improve performance.
Related violations: <none>

DPIP-2#335 Warning
Input pipelining  
DSP u_array/u_ref/g_row[15].g_col[8].u_pe/u_mul/u_dsp input u_array/u_ref/g_row[15].g_col[8].u_pe/u_mul/u_dsp/B[17:0] is not pipelined. Pipelining DSP48 input will improve performance.
Related violations: <none>

DPIP-2#336 Warning
Input pipelining  
DSP u_array/u_ref/g_row[15].g_col[9].u_pe/u_mul/u_dsp input u_array/u_ref/g_row[15].g_col[9].u_pe/u_mul/u_dsp/B[17:0] is not pipelined. Pipelining DSP48 input will improve performance.
Related violations: <none>

DPIP-2#337 Warning
Input pipelining  
DSP u_array/u_ref/g_row[1].g_col[0].u_pe/u_mul/u_dsp input u_array/u_ref/g_row[1].g_col[0].u_pe/u_mul/u_dsp/B[17:0] is not pipelined. Pipelining DSP48 input will improve performance.
Related violations: <none>

DPIP-2#338 Warning
Input pipelining  
DSP u_array/u_ref/g_row[1].g_col[10].u_pe/u_mul/u_dsp input u_array/u_ref/g_row[1].g_col[10].u_pe/u_mul/u_dsp/B[17:0] is not pipelined. Pipelining DSP48 input will improve performance.
Related violations: <none>

DPIP-2#339 Warning
Input pipelining  
DSP u_array/u_ref/g_row[1].g_col[11].u_pe/u_mul/u_dsp input u_array/u_ref/g_row[1].g_col[11].u_pe/u_mul/u_dsp/B[17:0] is not pipelined. Pipelining DSP48 input will improve performance.
Related violations: <none>

DPIP-2#340 Warning
Input pipelining  
DSP u_array/u_ref/g_row[1].g_col[12].u_pe/u_mul/u_dsp input u_array/u_ref/g_row[1].g_col[12].u_pe/u_mul/u_dsp/B[17:0] is not pipelined. Pipelining DSP48 input will improve performance.
Related violations: <none>

DPIP-2#341 Warning
Input pipelining  
DSP u_array/u_ref/g_row[1].g_col[13].u_pe/u_mul/u_dsp input u_array/u_ref/g_row[1].g_col[13].u_pe/u_mul/u_dsp/B[17:0] is not pipelined. Pipelining DSP48 input will improve performance.
Related violations: <none>

DPIP-2#342 Warning
Input pipelining  
DSP u_array/u_ref/g_row[1].g_col[14].u_pe/u_mul/u_dsp input u_array/u_ref/g_row[1].g_col[14].u_pe/u_mul/u_dsp/B[17:0] is not pipelined. Pipelining DSP48 input will improve performance.
Related violations: <none>

DPIP-2#343 Warning
Input pipelining  
DSP u_array/u_ref/g_row[1].g_col[15].u_pe/u_mul/u_dsp input u_array/u_ref/g_row[1].g_col[15].u_pe/u_mul/u_dsp/B[17:0] is not pipelined. Pipelining DSP48 input will improve performance.
Related violations: <none>

DPIP-2#344 Warning
Input pipelining  
DSP u_array/u_ref/g_row[1].g_col[16].u_pe/u_mul/u_dsp input u_array/u_ref/g_row[1].g_col[16].u_pe/u_mul/u_dsp/B[17:0] is not pipelined. Pipelining DSP48 input will improve performance.
Related violations: <none>

DPIP-2#345 Warning
Input pipelining  
DSP u_array/u_ref/g_row[1].g_col[17].u_pe/u_mul/u_dsp input u_array/u_ref/g_row[1].g_col[17].u_pe/u_mul/u_dsp/B[17:0] is not pipelined. Pipelining DSP48 input will improve performance.
Related violations: <none>

DPIP-2#346 Warning
Input pipelining  
DSP u_array/u_ref/g_row[1].g_col[18].u_pe/u_mul/u_dsp input u_array/u_ref/g_row[1].g_col[18].u_pe/u_mul/u_dsp/B[17:0] is not pipelined. Pipelining DSP48 input will improve performance.
Related violations: <none>

DPIP-2#347 Warning
Input pipelining  
DSP u_array/u_ref/g_row[1].g_col[19].u_pe/u_mul/u_dsp input u_array/u_ref/g_row[1].g_col[19].u_pe/u_mul/u_dsp/B[17:0] is not pipelined. Pipelining DSP48 input will improve performance.
Related violations: <none>

DPIP-2#348 Warning
Input pipelining  
DSP u_array/u_ref/g_row[1].g_col[1].u_pe/u_mul/u_dsp input u_array/u_ref/g_row[1].g_col[1].u_pe/u_mul/u_dsp/B[17:0] is not pipelined. Pipelining DSP48 input will improve performance.
Related violations: <none>

DPIP-2#349 Warning
Input pipelining  
DSP u_array/u_ref/g_row[1].g_col[20].u_pe/u_mul/u_dsp input u_array/u_ref/g_row[1].g_col[20].u_pe/u_mul/u_dsp/B[17:0] is not pipelined. Pipelining DSP48 input will improve performance.
Related violations: <none>

DPIP-2#350 Warning
Input pipelining  
DSP u_array/u_ref/g_row[1].g_col[21].u_pe/u_mul/u_dsp input u_array/u_ref/g_row[1].g_col[21].u_pe/u_mul/u_dsp/B[17:0] is not pipelined. Pipelining DSP48 input will improve performance.
Related violations: <none>

DPIP-2#351 Warning
Input pipelining  
DSP u_array/u_ref/g_row[1].g_col[22].u_pe/u_mul/u_dsp input u_array/u_ref/g_row[1].g_col[22].u_pe/u_mul/u_dsp/B[17:0] is not pipelined. Pipelining DSP48 input will improve performance.
Related violations: <none>

DPIP-2#352 Warning
Input pipelining  
DSP u_array/u_ref/g_row[1].g_col[23].u_pe/u_mul/u_dsp input u_array/u_ref/g_row[1].g_col[23].u_pe/u_mul/u_dsp/B[17:0] is not pipelined. Pipelining DSP48 input will improve performance.
Related violations: <none>

DPIP-2#353 Warning
Input pipelining  
DSP u_array/u_ref/g_row[1].g_col[24].u_pe/u_mul/u_dsp input u_array/u_ref/g_row[1].g_col[24].u_pe/u_mul/u_dsp/B[17:0] is not pipelined. Pipelining DSP48 input will improve performance.
Related violations: <none>

DPIP-2#354 Warning
Input pipelining  
DSP u_array/u_ref/g_row[1].g_col[25].u_pe/u_mul/u_dsp input u_array/u_ref/g_row[1].g_col[25].u_pe/u_mul/u_dsp/B[17:0] is not pipelined. Pipelining DSP48 input will improve performance.
Related violations: <none>

DPIP-2#355 Warning
Input pipelining  
DSP u_array/u_ref/g_row[1].g_col[26].u_pe/u_mul/u_dsp input u_array/u_ref/g_row[1].g_col[26].u_pe/u_mul/u_dsp/B[17:0] is not pipelined. Pipelining DSP48 input will improve performance.
Related violations: <none>

DPIP-2#356 Warning
Input pipelining  
DSP u_array/u_ref/g_row[1].g_col[27].u_pe/u_mul/u_dsp input u_array/u_ref/g_row[1].g_col[27].u_pe/u_mul/u_dsp/B[17:0] is not pipelined. Pipelining DSP48 input will improve performance.
Related violations: <none>

DPIP-2#357 Warning
Input pipelining  
DSP u_array/u_ref/g_row[1].g_col[28].u_pe/u_mul/u_dsp input u_array/u_ref/g_row[1].g_col[28].u_pe/u_mul/u_dsp/B[17:0] is not pipelined. Pipelining DSP48 input will improve performance.
Related violations: <none>

DPIP-2#358 Warning
Input pipelining  
DSP u_array/u_ref/g_row[1].g_col[29].u_pe/u_mul/u_dsp input u_array/u_ref/g_row[1].g_col[29].u_pe/u_mul/u_dsp/B[17:0] is not pipelined. Pipelining DSP48 input will improve performance.
Related violations: <none>

DPIP-2#359 Warning
Input pipelining  
DSP u_array/u_ref/g_row[1].g_col[2].u_pe/u_mul/u_dsp input u_array/u_ref/g_row[1].g_col[2].u_pe/u_mul/u_dsp/B[17:0] is not pipelined. Pipelining DSP48 input will improve performance.
Related violations: <none>

DPIP-2#360 Warning
Input pipelining  
DSP u_array/u_ref/g_row[1].g_col[30].u_pe/u_mul/u_dsp input u_array/u_ref/g_row[1].g_col[30].u_pe/u_mul/u_dsp/B[17:0] is not pipelined. Pipelining DSP48 input will improve performance.
Related violations: <none>

DPIP-2#361 Warning
Input pipelining  
DSP u_array/u_ref/g_row[1].g_col[31].u_pe/u_mul/u_dsp input u_array/u_ref/g_row[1].g_col[31].u_pe/u_mul/u_dsp/B[17:0] is not pipelined. Pipelining DSP48 input will improve performance.
Related violations: <none>

DPIP-2#362 Warning
Input pipelining  
DSP u_array/u_ref/g_row[1].g_col[32].u_pe/u_mul/u_dsp input u_array/u_ref/g_row[1].g_col[32].u_pe/u_mul/u_dsp/B[17:0] is not pipelined. Pipelining DSP48 input will improve performance.
Related violations: <none>

DPIP-2#363 Warning
Input pipelining  
DSP u_array/u_ref/g_row[1].g_col[33].u_pe/u_mul/u_dsp input u_array/u_ref/g_row[1].g_col[33].u_pe/u_mul/u_dsp/B[17:0] is not pipelined. Pipelining DSP48 input will improve performance.
Related violations: <none>

DPIP-2#364 Warning
Input pipelining  
DSP u_array/u_ref/g_row[1].g_col[34].u_pe/u_mul/u_dsp input u_array/u_ref/g_row[1].g_col[34].u_pe/u_mul/u_dsp/B[17:0] is not pipelined. Pipelining DSP48 input will improve performance.
Related violations: <none>

DPIP-2#365 Warning
Input pipelining  
DSP u_array/u_ref/g_row[1].g_col[35].u_pe/u_mul/u_dsp input u_array/u_ref/g_row[1].g_col[35].u_pe/u_mul/u_dsp/B[17:0] is not pipelined. Pipelining DSP48 input will improve performance.
Related violations: <none>

DPIP-2#366 Warning
Input pipelining  
DSP u_array/u_ref/g_row[1].g_col[36].u_pe/u_mul/u_dsp input u_array/u_ref/g_row[1].g_col[36].u_pe/u_mul/u_dsp/B[17:0] is not pipelined. Pipelining DSP48 input will improve performance.
Related violations: <none>

DPIP-2#367 Warning
Input pipelining  
DSP u_array/u_ref/g_row[1].g_col[37].u_pe/u_mul/u_dsp input u_array/u_ref/g_row[1].g_col[37].u_pe/u_mul/u_dsp/B[17:0] is not pipelined. Pipelining DSP48 input will improve performance.
Related violations: <none>

DPIP-2#368 Warning
Input pipelining  
DSP u_array/u_ref/g_row[1].g_col[38].u_pe/u_mul/u_dsp input u_array/u_ref/g_row[1].g_col[38].u_pe/u_mul/u_dsp/B[17:0] is not pipelined. Pipelining DSP48 input will improve performance.
Related violations: <none>

DPIP-2#369 Warning
Input pipelining  
DSP u_array/u_ref/g_row[1].g_col[39].u_pe/u_mul/u_dsp input u_array/u_ref/g_row[1].g_col[39].u_pe/u_mul/u_dsp/B[17:0] is not pipelined. Pipelining DSP48 input will improve performance.
Related violations: <none>

DPIP-2#370 Warning
Input pipelining  
DSP u_array/u_ref/g_row[1].g_col[3].u_pe/u_mul/u_dsp input u_array/u_ref/g_row[1].g_col[3].u_pe/u_mul/u_dsp/B[17:0] is not pipelined. Pipelining DSP48 input will improve performance.
Related violations: <none>

DPIP-2#371 Warning
Input pipelining  
DSP u_array/u_ref/g_row[1].g_col[40].u_pe/u_mul/u_dsp input u_array/u_ref/g_row[1].g_col[40].u_pe/u_mul/u_dsp/B[17:0] is not pipelined. Pipelining DSP48 input will improve performance.
Related violations: <none>

DPIP-2#372 Warning
Input pipelining  
DSP u_array/u_ref/g_row[1].g_col[41].u_pe/u_mul/u_dsp input u_array/u_ref/g_row[1].g_col[41].u_pe/u_mul/u_dsp/B[17:0] is not pipelined. Pipelining DSP48 input will improve performance.
Related violations: <none>

DPIP-2#373 Warning
Input pipelining  
DSP u_array/u_ref/g_row[1].g_col[42].u_pe/u_mul/u_dsp input u_array/u_ref/g_row[1].g_col[42].u_pe/u_mul/u_dsp/B[17:0] is not pipelined. Pipelining DSP48 input will improve performance.
Related violations: <none>

DPIP-2#374 Warning
Input pipelining  
DSP u_array/u_ref/g_row[1].g_col[43].u_pe/u_mul/u_dsp input u_array/u_ref/g_row[1].g_col[43].u_pe/u_mul/u_dsp/B[17:0] is not pipelined. Pipelining DSP48 input will improve performance.
Related violations: <none>

DPIP-2#375 Warning
Input pipelining  
DSP u_array/u_ref/g_row[1].g_col[44].u_pe/u_mul/u_dsp input u_array/u_ref/g_row[1].g_col[44].u_pe/u_mul/u_dsp/B[17:0] is not pipelined. Pipelining DSP48 input will improve performance.
Related violations: <none>

DPIP-2#376 Warning
Input pipelining  
DSP u_array/u_ref/g_row[1].g_col[45].u_pe/u_mul/u_dsp input u_array/u_ref/g_row[1].g_col[45].u_pe/u_mul/u_dsp/B[17:0] is not pipelined. Pipelining DSP48 input will improve performance.
Related violations: <none>

DPIP-2#377 Warning
Input pipelining  
DSP u_array/u_ref/g_row[1].g_col[46].u_pe/u_mul/u_dsp input u_array/u_ref/g_row[1].g_col[46].u_pe/u_mul/u_dsp/B[17:0] is not pipelined. Pipelining DSP48 input will improve performance.
Related violations: <none>

DPIP-2#378 Warning
Input pipelining  
DSP u_array/u_ref/g_row[1].g_col[47].u_pe/u_mul/u_dsp input u_array/u_ref/g_row[1].g_col[47].u_pe/u_mul/u_dsp/B[17:0] is not pipelined. Pipelining DSP48 input will improve performance.
Related violations: <none>

DPIP-2#379 Warning
Input pipelining  
DSP u_array/u_ref/g_row[1].g_col[4].u_pe/u_mul/u_dsp input u_array/u_ref/g_row[1].g_col[4].u_pe/u_mul/u_dsp/B[17:0] is not pipelined. Pipelining DSP48 input will improve performance.
Related violations: <none>

DPIP-2#380 Warning
Input pipelining  
DSP u_array/u_ref/g_row[1].g_col[5].u_pe/u_mul/u_dsp input u_array/u_ref/g_row[1].g_col[5].u_pe/u_mul/u_dsp/B[17:0] is not pipelined. Pipelining DSP48 input will improve performance.
Related violations: <none>

DPIP-2#381 Warning
Input pipelining  
DSP u_array/u_ref/g_row[1].g_col[6].u_pe/u_mul/u_dsp input u_array/u_ref/g_row[1].g_col[6].u_pe/u_mul/u_dsp/B[17:0] is not pipelined. Pipelining DSP48 input will improve performance.
Related violations: <none>

DPIP-2#382 Warning
Input pipelining  
DSP u_array/u_ref/g_row[1].g_col[7].u_pe/u_mul/u_dsp input u_array/u_ref/g_row[1].g_col[7].u_pe/u_mul/u_dsp/B[17:0] is not pipelined. Pipelining DSP48 input will improve performance.
Related violations: <none>

DPIP-2#383 Warning
Input pipelining  
DSP u_array/u_ref/g_row[1].g_col[8].u_pe/u_mul/u_dsp input u_array/u_ref/g_row[1].g_col[8].u_pe/u_mul/u_dsp/B[17:0] is not pipelined. Pipelining DSP48 input will improve performance.
Related violations: <none>

DPIP-2#384 Warning
Input pipelining  
DSP u_array/u_ref/g_row[1].g_col[9].u_pe/u_mul/u_dsp input u_array/u_ref/g_row[1].g_col[9].u_pe/u_mul/u_dsp/B[17:0] is not pipelined. Pipelining DSP48 input will improve performance.
Related violations: <none>

DPIP-2#385 Warning
Input pipelining  
DSP u_array/u_ref/g_row[2].g_col[0].u_pe/u_mul/u_dsp input u_array/u_ref/g_row[2].g_col[0].u_pe/u_mul/u_dsp/B[17:0] is not pipelined. Pipelining DSP48 input will improve performance.
Related violations: <none>

DPIP-2#386 Warning
Input pipelining  
DSP u_array/u_ref/g_row[2].g_col[10].u_pe/u_mul/u_dsp input u_array/u_ref/g_row[2].g_col[10].u_pe/u_mul/u_dsp/B[17:0] is not pipelined. Pipelining DSP48 input will improve performance.
Related violations: <none>

DPIP-2#387 Warning
Input pipelining  
DSP u_array/u_ref/g_row[2].g_col[11].u_pe/u_mul/u_dsp input u_array/u_ref/g_row[2].g_col[11].u_pe/u_mul/u_dsp/B[17:0] is not pipelined. Pipelining DSP48 input will improve performance.
Related violations: <none>

DPIP-2#388 Warning
Input pipelining  
DSP u_array/u_ref/g_row[2].g_col[12].u_pe/u_mul/u_dsp input u_array/u_ref/g_row[2].g_col[12].u_pe/u_mul/u_dsp/B[17:0] is not pipelined. Pipelining DSP48 input will improve performance.
Related violations: <none>

DPIP-2#389 Warning
Input pipelining  
DSP u_array/u_ref/g_row[2].g_col[13].u_pe/u_mul/u_dsp input u_array/u_ref/g_row[2].g_col[13].u_pe/u_mul/u_dsp/B[17:0] is not pipelined. Pipelining DSP48 input will improve performance.
Related violations: <none>

DPIP-2#390 Warning
Input pipelining  
DSP u_array/u_ref/g_row[2].g_col[14].u_pe/u_mul/u_dsp input u_array/u_ref/g_row[2].g_col[14].u_pe/u_mul/u_dsp/B[17:0] is not pipelined. Pipelining DSP48 input will improve performance.
Related violations: <none>

DPIP-2#391 Warning
Input pipelining  
DSP u_array/u_ref/g_row[2].g_col[15].u_pe/u_mul/u_dsp input u_array/u_ref/g_row[2].g_col[15].u_pe/u_mul/u_dsp/B[17:0] is not pipelined. Pipelining DSP48 input will improve performance.
Related violations: <none>

DPIP-2#392 Warning
Input pipelining  
DSP u_array/u_ref/g_row[2].g_col[16].u_pe/u_mul/u_dsp input u_array/u_ref/g_row[2].g_col[16].u_pe/u_mul/u_dsp/B[17:0] is not pipelined. Pipelining DSP48 input will improve performance.
Related violations: <none>

DPIP-2#393 Warning
Input pipelining  
DSP u_array/u_ref/g_row[2].g_col[17].u_pe/u_mul/u_dsp input u_array/u_ref/g_row[2].g_col[17].u_pe/u_mul/u_dsp/B[17:0] is not pipelined. Pipelining DSP48 input will improve performance.
Related violations: <none>

DPIP-2#394 Warning
Input pipelining  
DSP u_array/u_ref/g_row[2].g_col[18].u_pe/u_mul/u_dsp input u_array/u_ref/g_row[2].g_col[18].u_pe/u_mul/u_dsp/B[17:0] is not pipelined. Pipelining DSP48 input will improve performance.
Related violations: <none>

DPIP-2#395 Warning
Input pipelining  
DSP u_array/u_ref/g_row[2].g_col[19].u_pe/u_mul/u_dsp input u_array/u_ref/g_row[2].g_col[19].u_pe/u_mul/u_dsp/B[17:0] is not pipelined. Pipelining DSP48 input will improve performance.
Related violations: <none>

DPIP-2#396 Warning
Input pipelining  
DSP u_array/u_ref/g_row[2].g_col[1].u_pe/u_mul/u_dsp input u_array/u_ref/g_row[2].g_col[1].u_pe/u_mul/u_dsp/B[17:0] is not pipelined. Pipelining DSP48 input will improve performance.
Related violations: <none>

DPIP-2#397 Warning
Input pipelining  
DSP u_array/u_ref/g_row[2].g_col[20].u_pe/u_mul/u_dsp input u_array/u_ref/g_row[2].g_col[20].u_pe/u_mul/u_dsp/B[17:0] is not pipelined. Pipelining DSP48 input will improve performance.
Related violations: <none>

DPIP-2#398 Warning
Input pipelining  
DSP u_array/u_ref/g_row[2].g_col[21].u_pe/u_mul/u_dsp input u_array/u_ref/g_row[2].g_col[21].u_pe/u_mul/u_dsp/B[17:0] is not pipelined. Pipelining DSP48 input will improve performance.
Related violations: <none>

DPIP-2#399 Warning
Input pipelining  
DSP u_array/u_ref/g_row[2].g_col[22].u_pe/u_mul/u_dsp input u_array/u_ref/g_row[2].g_col[22].u_pe/u_mul/u_dsp/B[17:0] is not pipelined. Pipelining DSP48 input will improve performance.
Related violations: <none>

DPIP-2#400 Warning
Input pipelining  
DSP u_array/u_ref/g_row[2].g_col[23].u_pe/u_mul/u_dsp input u_array/u_ref/g_row[2].g_col[23].u_pe/u_mul/u_dsp/B[17:0] is not pipelined. Pipelining DSP48 input will improve performance.
Related violations: <none>

DPIP-2#401 Warning
Input pipelining  
DSP u_array/u_ref/g_row[2].g_col[24].u_pe/u_mul/u_dsp input u_array/u_ref/g_row[2].g_col[24].u_pe/u_mul/u_dsp/B[17:0] is not pipelined. Pipelining DSP48 input will improve performance.
Related violations: <none>

DPIP-2#402 Warning
Input pipelining  
DSP u_array/u_ref/g_row[2].g_col[25].u_pe/u_mul/u_dsp input u_array/u_ref/g_row[2].g_col[25].u_pe/u_mul/u_dsp/B[17:0] is not pipelined. Pipelining DSP48 input will improve performance.
Related violations: <none>

DPIP-2#403 Warning
Input pipelining  
DSP u_array/u_ref/g_row[2].g_col[26].u_pe/u_mul/u_dsp input u_array/u_ref/g_row[2].g_col[26].u_pe/u_mul/u_dsp/B[17:0] is not pipelined. Pipelining DSP48 input will improve performance.
Related violations: <none>

DPIP-2#404 Warning
Input pipelining  
DSP u_array/u_ref/g_row[2].g_col[27].u_pe/u_mul/u_dsp input u_array/u_ref/g_row[2].g_col[27].u_pe/u_mul/u_dsp/B[17:0] is not pipelined. Pipelining DSP48 input will improve performance.
Related violations: <none>

DPIP-2#405 Warning
Input pipelining  
DSP u_array/u_ref/g_row[2].g_col[28].u_pe/u_mul/u_dsp input u_array/u_ref/g_row[2].g_col[28].u_pe/u_mul/u_dsp/B[17:0] is not pipelined. Pipelining DSP48 input will improve performance.
Related violations: <none>

DPIP-2#406 Warning
Input pipelining  
DSP u_array/u_ref/g_row[2].g_col[29].u_pe/u_mul/u_dsp input u_array/u_ref/g_row[2].g_col[29].u_pe/u_mul/u_dsp/B[17:0] is not pipelined. Pipelining DSP48 input will improve performance.
Related violations: <none>

DPIP-2#407 Warning
Input pipelining  
DSP u_array/u_ref/g_row[2].g_col[2].u_pe/u_mul/u_dsp input u_array/u_ref/g_row[2].g_col[2].u_pe/u_mul/u_dsp/B[17:0] is not pipelined. Pipelining DSP48 input will improve performance.
Related violations: <none>

DPIP-2#408 Warning
Input pipelining  
DSP u_array/u_ref/g_row[2].g_col[30].u_pe/u_mul/u_dsp input u_array/u_ref/g_row[2].g_col[30].u_pe/u_mul/u_dsp/B[17:0] is not pipelined. Pipelining DSP48 input will improve performance.
Related violations: <none>

DPIP-2#409 Warning
Input pipelining  
DSP u_array/u_ref/g_row[2].g_col[31].u_pe/u_mul/u_dsp input u_array/u_ref/g_row[2].g_col[31].u_pe/u_mul/u_dsp/B[17:0] is not pipelined. Pipelining DSP48 input will improve performance.
Related violations: <none>

DPIP-2#410 Warning
Input pipelining  
DSP u_array/u_ref/g_row[2].g_col[32].u_pe/u_mul/u_dsp input u_array/u_ref/g_row[2].g_col[32].u_pe/u_mul/u_dsp/B[17:0] is not pipelined. Pipelining DSP48 input will improve performance.
Related violations: <none>

DPIP-2#411 Warning
Input pipelining  
DSP u_array/u_ref/g_row[2].g_col[33].u_pe/u_mul/u_dsp input u_array/u_ref/g_row[2].g_col[33].u_pe/u_mul/u_dsp/B[17:0] is not pipelined. Pipelining DSP48 input will improve performance.
Related violations: <none>

DPIP-2#412 Warning
Input pipelining  
DSP u_array/u_ref/g_row[2].g_col[34].u_pe/u_mul/u_dsp input u_array/u_ref/g_row[2].g_col[34].u_pe/u_mul/u_dsp/B[17:0] is not pipelined. Pipelining DSP48 input will improve performance.
Related violations: <none>

DPIP-2#413 Warning
Input pipelining  
DSP u_array/u_ref/g_row[2].g_col[35].u_pe/u_mul/u_dsp input u_array/u_ref/g_row[2].g_col[35].u_pe/u_mul/u_dsp/B[17:0] is not pipelined. Pipelining DSP48 input will improve performance.
Related violations: <none>

DPIP-2#414 Warning
Input pipelining  
DSP u_array/u_ref/g_row[2].g_col[36].u_pe/u_mul/u_dsp input u_array/u_ref/g_row[2].g_col[36].u_pe/u_mul/u_dsp/B[17:0] is not pipelined. Pipelining DSP48 input will improve performance.
Related violations: <none>

DPIP-2#415 Warning
Input pipelining  
DSP u_array/u_ref/g_row[2].g_col[37].u_pe/u_mul/u_dsp input u_array/u_ref/g_row[2].g_col[37].u_pe/u_mul/u_dsp/B[17:0] is not pipelined. Pipelining DSP48 input will improve performance.
Related violations: <none>

DPIP-2#416 Warning
Input pipelining  
DSP u_array/u_ref/g_row[2].g_col[38].u_pe/u_mul/u_dsp input u_array/u_ref/g_row[2].g_col[38].u_pe/u_mul/u_dsp/B[17:0] is not pipelined. Pipelining DSP48 input will improve performance.
Related violations: <none>

DPIP-2#417 Warning
Input pipelining  
DSP u_array/u_ref/g_row[2].g_col[39].u_pe/u_mul/u_dsp input u_array/u_ref/g_row[2].g_col[39].u_pe/u_mul/u_dsp/B[17:0] is not pipelined. Pipelining DSP48 input will improve performance.
Related violations: <none>

DPIP-2#418 Warning
Input pipelining  
DSP u_array/u_ref/g_row[2].g_col[3].u_pe/u_mul/u_dsp input u_array/u_ref/g_row[2].g_col[3].u_pe/u_mul/u_dsp/B[17:0] is not pipelined. Pipelining DSP48 input will improve performance.
Related violations: <none>

DPIP-2#419 Warning
Input pipelining  
DSP u_array/u_ref/g_row[2].g_col[40].u_pe/u_mul/u_dsp input u_array/u_ref/g_row[2].g_col[40].u_pe/u_mul/u_dsp/B[17:0] is not pipelined. Pipelining DSP48 input will improve performance.
Related violations: <none>

DPIP-2#420 Warning
Input pipelining  
DSP u_array/u_ref/g_row[2].g_col[41].u_pe/u_mul/u_dsp input u_array/u_ref/g_row[2].g_col[41].u_pe/u_mul/u_dsp/B[17:0] is not pipelined. Pipelining DSP48 input will improve performance.
Related violations: <none>

DPIP-2#421 Warning
Input pipelining  
DSP u_array/u_ref/g_row[2].g_col[42].u_pe/u_mul/u_dsp input u_array/u_ref/g_row[2].g_col[42].u_pe/u_mul/u_dsp/B[17:0] is not pipelined. Pipelining DSP48 input will improve performance.
Related violations: <none>

DPIP-2#422 Warning
Input pipelining  
DSP u_array/u_ref/g_row[2].g_col[43].u_pe/u_mul/u_dsp input u_array/u_ref/g_row[2].g_col[43].u_pe/u_mul/u_dsp/B[17:0] is not pipelined. Pipelining DSP48 input will improve performance.
Related violations: <none>

DPIP-2#423 Warning
Input pipelining  
DSP u_array/u_ref/g_row[2].g_col[44].u_pe/u_mul/u_dsp input u_array/u_ref/g_row[2].g_col[44].u_pe/u_mul/u_dsp/B[17:0] is not pipelined. Pipelining DSP48 input will improve performance.
Related violations: <none>

DPIP-2#424 Warning
Input pipelining  
DSP u_array/u_ref/g_row[2].g_col[45].u_pe/u_mul/u_dsp input u_array/u_ref/g_row[2].g_col[45].u_pe/u_mul/u_dsp/B[17:0] is not pipelined. Pipelining DSP48 input will improve performance.
Related violations: <none>

DPIP-2#425 Warning
Input pipelining  
DSP u_array/u_ref/g_row[2].g_col[46].u_pe/u_mul/u_dsp input u_array/u_ref/g_row[2].g_col[46].u_pe/u_mul/u_dsp/B[17:0] is not pipelined. Pipelining DSP48 input will improve performance.
Related violations: <none>

DPIP-2#426 Warning
Input pipelining  
DSP u_array/u_ref/g_row[2].g_col[47].u_pe/u_mul/u_dsp input u_array/u_ref/g_row[2].g_col[47].u_pe/u_mul/u_dsp/B[17:0] is not pipelined. Pipelining DSP48 input will improve performance.
Related violations: <none>

DPIP-2#427 Warning
Input pipelining  
DSP u_array/u_ref/g_row[2].g_col[4].u_pe/u_mul/u_dsp input u_array/u_ref/g_row[2].g_col[4].u_pe/u_mul/u_dsp/B[17:0] is not pipelined. Pipelining DSP48 input will improve performance.
Related violations: <none>

DPIP-2#428 Warning
Input pipelining  
DSP u_array/u_ref/g_row[2].g_col[5].u_pe/u_mul/u_dsp input u_array/u_ref/g_row[2].g_col[5].u_pe/u_mul/u_dsp/B[17:0] is not pipelined. Pipelining DSP48 input will improve performance.
Related violations: <none>

DPIP-2#429 Warning
Input pipelining  
DSP u_array/u_ref/g_row[2].g_col[6].u_pe/u_mul/u_dsp input u_array/u_ref/g_row[2].g_col[6].u_pe/u_mul/u_dsp/B[17:0] is not pipelined. Pipelining DSP48 input will improve performance.
Related violations: <none>

DPIP-2#430 Warning
Input pipelining  
DSP u_array/u_ref/g_row[2].g_col[7].u_pe/u_mul/u_dsp input u_array/u_ref/g_row[2].g_col[7].u_pe/u_mul/u_dsp/B[17:0] is not pipelined. Pipelining DSP48 input will improve performance.
Related violations: <none>

DPIP-2#431 Warning
Input pipelining  
DSP u_array/u_ref/g_row[2].g_col[8].u_pe/u_mul/u_dsp input u_array/u_ref/g_row[2].g_col[8].u_pe/u_mul/u_dsp/B[17:0] is not pipelined. Pipelining DSP48 input will improve performance.
Related violations: <none>

DPIP-2#432 Warning
Input pipelining  
DSP u_array/u_ref/g_row[2].g_col[9].u_pe/u_mul/u_dsp input u_array/u_ref/g_row[2].g_col[9].u_pe/u_mul/u_dsp/B[17:0] is not pipelined. Pipelining DSP48 input will improve performance.
Related violations: <none>

DPIP-2#433 Warning
Input pipelining  
DSP u_array/u_ref/g_row[3].g_col[0].u_pe/u_mul/u_dsp input u_array/u_ref/g_row[3].g_col[0].u_pe/u_mul/u_dsp/B[17:0] is not pipelined. Pipelining DSP48 input will improve performance.
Related violations: <none>

DPIP-2#434 Warning
Input pipelining  
DSP u_array/u_ref/g_row[3].g_col[10].u_pe/u_mul/u_dsp input u_array/u_ref/g_row[3].g_col[10].u_pe/u_mul/u_dsp/B[17:0] is not pipelined. Pipelining DSP48 input will improve performance.
Related violations: <none>

DPIP-2#435 Warning
Input pipelining  
DSP u_array/u_ref/g_row[3].g_col[11].u_pe/u_mul/u_dsp input u_array/u_ref/g_row[3].g_col[11].u_pe/u_mul/u_dsp/B[17:0] is not pipelined. Pipelining DSP48 input will improve performance.
Related violations: <none>

DPIP-2#436 Warning
Input pipelining  
DSP u_array/u_ref/g_row[3].g_col[12].u_pe/u_mul/u_dsp input u_array/u_ref/g_row[3].g_col[12].u_pe/u_mul/u_dsp/B[17:0] is not pipelined. Pipelining DSP48 input will improve performance.
Related violations: <none>

DPIP-2#437 Warning
Input pipelining  
DSP u_array/u_ref/g_row[3].g_col[13].u_pe/u_mul/u_dsp input u_array/u_ref/g_row[3].g_col[13].u_pe/u_mul/u_dsp/B[17:0] is not pipelined. Pipelining DSP48 input will improve performance.
Related violations: <none>

DPIP-2#438 Warning
Input pipelining  
DSP u_array/u_ref/g_row[3].g_col[14].u_pe/u_mul/u_dsp input u_array/u_ref/g_row[3].g_col[14].u_pe/u_mul/u_dsp/B[17:0] is not pipelined. Pipelining DSP48 input will improve performance.
Related violations: <none>

DPIP-2#439 Warning
Input pipelining  
DSP u_array/u_ref/g_row[3].g_col[15].u_pe/u_mul/u_dsp input u_array/u_ref/g_row[3].g_col[15].u_pe/u_mul/u_dsp/B[17:0] is not pipelined. Pipelining DSP48 input will improve performance.
Related violations: <none>

DPIP-2#440 Warning
Input pipelining  
DSP u_array/u_ref/g_row[3].g_col[16].u_pe/u_mul/u_dsp input u_array/u_ref/g_row[3].g_col[16].u_pe/u_mul/u_dsp/B[17:0] is not pipelined. Pipelining DSP48 input will improve performance.
Related violations: <none>

DPIP-2#441 Warning
Input pipelining  
DSP u_array/u_ref/g_row[3].g_col[17].u_pe/u_mul/u_dsp input u_array/u_ref/g_row[3].g_col[17].u_pe/u_mul/u_dsp/B[17:0] is not pipelined. Pipelining DSP48 input will improve performance.
Related violations: <none>

DPIP-2#442 Warning
Input pipelining  
DSP u_array/u_ref/g_row[3].g_col[18].u_pe/u_mul/u_dsp input u_array/u_ref/g_row[3].g_col[18].u_pe/u_mul/u_dsp/B[17:0] is not pipelined. Pipelining DSP48 input will improve performance.
Related violations: <none>

DPIP-2#443 Warning
Input pipelining  
DSP u_array/u_ref/g_row[3].g_col[19].u_pe/u_mul/u_dsp input u_array/u_ref/g_row[3].g_col[19].u_pe/u_mul/u_dsp/B[17:0] is not pipelined. Pipelining DSP48 input will improve performance.
Related violations: <none>

DPIP-2#444 Warning
Input pipelining  
DSP u_array/u_ref/g_row[3].g_col[1].u_pe/u_mul/u_dsp input u_array/u_ref/g_row[3].g_col[1].u_pe/u_mul/u_dsp/B[17:0] is not pipelined. Pipelining DSP48 input will improve performance.
Related violations: <none>

DPIP-2#445 Warning
Input pipelining  
DSP u_array/u_ref/g_row[3].g_col[20].u_pe/u_mul/u_dsp input u_array/u_ref/g_row[3].g_col[20].u_pe/u_mul/u_dsp/B[17:0] is not pipelined. Pipelining DSP48 input will improve performance.
Related violations: <none>

DPIP-2#446 Warning
Input pipelining  
DSP u_array/u_ref/g_row[3].g_col[21].u_pe/u_mul/u_dsp input u_array/u_ref/g_row[3].g_col[21].u_pe/u_mul/u_dsp/B[17:0] is not pipelined. Pipelining DSP48 input will improve performance.
Related violations: <none>

DPIP-2#447 Warning
Input pipelining  
DSP u_array/u_ref/g_row[3].g_col[22].u_pe/u_mul/u_dsp input u_array/u_ref/g_row[3].g_col[22].u_pe/u_mul/u_dsp/B[17:0] is not pipelined. Pipelining DSP48 input will improve performance.
Related violations: <none>

DPIP-2#448 Warning
Input pipelining  
DSP u_array/u_ref/g_row[3].g_col[23].u_pe/u_mul/u_dsp input u_array/u_ref/g_row[3].g_col[23].u_pe/u_mul/u_dsp/B[17:0] is not pipelined. Pipelining DSP48 input will improve performance.
Related violations: <none>

DPIP-2#449 Warning
Input pipelining  
DSP u_array/u_ref/g_row[3].g_col[24].u_pe/u_mul/u_dsp input u_array/u_ref/g_row[3].g_col[24].u_pe/u_mul/u_dsp/B[17:0] is not pipelined. Pipelining DSP48 input will improve performance.
Related violations: <none>

DPIP-2#450 Warning
Input pipelining  
DSP u_array/u_ref/g_row[3].g_col[25].u_pe/u_mul/u_dsp input u_array/u_ref/g_row[3].g_col[25].u_pe/u_mul/u_dsp/B[17:0] is not pipelined. Pipelining DSP48 input will improve performance.
Related violations: <none>

DPIP-2#451 Warning
Input pipelining  
DSP u_array/u_ref/g_row[3].g_col[26].u_pe/u_mul/u_dsp input u_array/u_ref/g_row[3].g_col[26].u_pe/u_mul/u_dsp/B[17:0] is not pipelined. Pipelining DSP48 input will improve performance.
Related violations: <none>

DPIP-2#452 Warning
Input pipelining  
DSP u_array/u_ref/g_row[3].g_col[27].u_pe/u_mul/u_dsp input u_array/u_ref/g_row[3].g_col[27].u_pe/u_mul/u_dsp/B[17:0] is not pipelined. Pipelining DSP48 input will improve performance.
Related violations: <none>

DPIP-2#453 Warning
Input pipelining  
DSP u_array/u_ref/g_row[3].g_col[28].u_pe/u_mul/u_dsp input u_array/u_ref/g_row[3].g_col[28].u_pe/u_mul/u_dsp/B[17:0] is not pipelined. Pipelining DSP48 input will improve performance.
Related violations: <none>

DPIP-2#454 Warning
Input pipelining  
DSP u_array/u_ref/g_row[3].g_col[29].u_pe/u_mul/u_dsp input u_array/u_ref/g_row[3].g_col[29].u_pe/u_mul/u_dsp/B[17:0] is not pipelined. Pipelining DSP48 input will improve performance.
Related violations: <none>

DPIP-2#455 Warning
Input pipelining  
DSP u_array/u_ref/g_row[3].g_col[2].u_pe/u_mul/u_dsp input u_array/u_ref/g_row[3].g_col[2].u_pe/u_mul/u_dsp/B[17:0] is not pipelined. Pipelining DSP48 input will improve performance.
Related violations: <none>

DPIP-2#456 Warning
Input pipelining  
DSP u_array/u_ref/g_row[3].g_col[30].u_pe/u_mul/u_dsp input u_array/u_ref/g_row[3].g_col[30].u_pe/u_mul/u_dsp/B[17:0] is not pipelined. Pipelining DSP48 input will improve performance.
Related violations: <none>

DPIP-2#457 Warning
Input pipelining  
DSP u_array/u_ref/g_row[3].g_col[31].u_pe/u_mul/u_dsp input u_array/u_ref/g_row[3].g_col[31].u_pe/u_mul/u_dsp/B[17:0] is not pipelined. Pipelining DSP48 input will improve performance.
Related violations: <none>

DPIP-2#458 Warning
Input pipelining  
DSP u_array/u_ref/g_row[3].g_col[32].u_pe/u_mul/u_dsp input u_array/u_ref/g_row[3].g_col[32].u_pe/u_mul/u_dsp/B[17:0] is not pipelined. Pipelining DSP48 input will improve performance.
Related violations: <none>

DPIP-2#459 Warning
Input pipelining  
DSP u_array/u_ref/g_row[3].g_col[33].u_pe/u_mul/u_dsp input u_array/u_ref/g_row[3].g_col[33].u_pe/u_mul/u_dsp/B[17:0] is not pipelined. Pipelining DSP48 input will improve performance.
Related violations: <none>

DPIP-2#460 Warning
Input pipelining  
DSP u_array/u_ref/g_row[3].g_col[34].u_pe/u_mul/u_dsp input u_array/u_ref/g_row[3].g_col[34].u_pe/u_mul/u_dsp/B[17:0] is not pipelined. Pipelining DSP48 input will improve performance.
Related violations: <none>

DPIP-2#461 Warning
Input pipelining  
DSP u_array/u_ref/g_row[3].g_col[35].u_pe/u_mul/u_dsp input u_array/u_ref/g_row[3].g_col[35].u_pe/u_mul/u_dsp/B[17:0] is not pipelined. Pipelining DSP48 input will improve performance.
Related violations: <none>

DPIP-2#462 Warning
Input pipelining  
DSP u_array/u_ref/g_row[3].g_col[36].u_pe/u_mul/u_dsp input u_array/u_ref/g_row[3].g_col[36].u_pe/u_mul/u_dsp/B[17:0] is not pipelined. Pipelining DSP48 input will improve performance.
Related violations: <none>

DPIP-2#463 Warning
Input pipelining  
DSP u_array/u_ref/g_row[3].g_col[37].u_pe/u_mul/u_dsp input u_array/u_ref/g_row[3].g_col[37].u_pe/u_mul/u_dsp/B[17:0] is not pipelined. Pipelining DSP48 input will improve performance.
Related violations: <none>

DPIP-2#464 Warning
Input pipelining  
DSP u_array/u_ref/g_row[3].g_col[38].u_pe/u_mul/u_dsp input u_array/u_ref/g_row[3].g_col[38].u_pe/u_mul/u_dsp/B[17:0] is not pipelined. Pipelining DSP48 input will improve performance.
Related violations: <none>

DPIP-2#465 Warning
Input pipelining  
DSP u_array/u_ref/g_row[3].g_col[39].u_pe/u_mul/u_dsp input u_array/u_ref/g_row[3].g_col[39].u_pe/u_mul/u_dsp/B[17:0] is not pipelined. Pipelining DSP48 input will improve performance.
Related violations: <none>

DPIP-2#466 Warning
Input pipelining  
DSP u_array/u_ref/g_row[3].g_col[3].u_pe/u_mul/u_dsp input u_array/u_ref/g_row[3].g_col[3].u_pe/u_mul/u_dsp/B[17:0] is not pipelined. Pipelining DSP48 input will improve performance.
Related violations: <none>

DPIP-2#467 Warning
Input pipelining  
DSP u_array/u_ref/g_row[3].g_col[40].u_pe/u_mul/u_dsp input u_array/u_ref/g_row[3].g_col[40].u_pe/u_mul/u_dsp/B[17:0] is not pipelined. Pipelining DSP48 input will improve performance.
Related violations: <none>

DPIP-2#468 Warning
Input pipelining  
DSP u_array/u_ref/g_row[3].g_col[41].u_pe/u_mul/u_dsp input u_array/u_ref/g_row[3].g_col[41].u_pe/u_mul/u_dsp/B[17:0] is not pipelined. Pipelining DSP48 input will improve performance.
Related violations: <none>

DPIP-2#469 Warning
Input pipelining  
DSP u_array/u_ref/g_row[3].g_col[42].u_pe/u_mul/u_dsp input u_array/u_ref/g_row[3].g_col[42].u_pe/u_mul/u_dsp/B[17:0] is not pipelined. Pipelining DSP48 input will improve performance.
Related violations: <none>

DPIP-2#470 Warning
Input pipelining  
DSP u_array/u_ref/g_row[3].g_col[43].u_pe/u_mul/u_dsp input u_array/u_ref/g_row[3].g_col[43].u_pe/u_mul/u_dsp/B[17:0] is not pipelined. Pipelining DSP48 input will improve performance.
Related violations: <none>

DPIP-2#471 Warning
Input pipelining  
DSP u_array/u_ref/g_row[3].g_col[44].u_pe/u_mul/u_dsp input u_array/u_ref/g_row[3].g_col[44].u_pe/u_mul/u_dsp/B[17:0] is not pipelined. Pipelining DSP48 input will improve performance.
Related violations: <none>

DPIP-2#472 Warning
Input pipelining  
DSP u_array/u_ref/g_row[3].g_col[45].u_pe/u_mul/u_dsp input u_array/u_ref/g_row[3].g_col[45].u_pe/u_mul/u_dsp/B[17:0] is not pipelined. Pipelining DSP48 input will improve performance.
Related violations: <none>

DPIP-2#473 Warning
Input pipelining  
DSP u_array/u_ref/g_row[3].g_col[46].u_pe/u_mul/u_dsp input u_array/u_ref/g_row[3].g_col[46].u_pe/u_mul/u_dsp/B[17:0] is not pipelined. Pipelining DSP48 input will improve performance.
Related violations: <none>

DPIP-2#474 Warning
Input pipelining  
DSP u_array/u_ref/g_row[3].g_col[47].u_pe/u_mul/u_dsp input u_array/u_ref/g_row[3].g_col[47].u_pe/u_mul/u_dsp/B[17:0] is not pipelined. Pipelining DSP48 input will improve performance.
Related violations: <none>

DPIP-2#475 Warning
Input pipelining  
DSP u_array/u_ref/g_row[3].g_col[4].u_pe/u_mul/u_dsp input u_array/u_ref/g_row[3].g_col[4].u_pe/u_mul/u_dsp/B[17:0] is not pipelined. Pipelining DSP48 input will improve performance.
Related violations: <none>

DPIP-2#476 Warning
Input pipelining  
DSP u_array/u_ref/g_row[3].g_col[5].u_pe/u_mul/u_dsp input u_array/u_ref/g_row[3].g_col[5].u_pe/u_mul/u_dsp/B[17:0] is not pipelined. Pipelining DSP48 input will improve performance.
Related violations: <none>

DPIP-2#477 Warning
Input pipelining  
DSP u_array/u_ref/g_row[3].g_col[6].u_pe/u_mul/u_dsp input u_array/u_ref/g_row[3].g_col[6].u_pe/u_mul/u_dsp/B[17:0] is not pipelined. Pipelining DSP48 input will improve performance.
Related violations: <none>

DPIP-2#478 Warning
Input pipelining  
DSP u_array/u_ref/g_row[3].g_col[7].u_pe/u_mul/u_dsp input u_array/u_ref/g_row[3].g_col[7].u_pe/u_mul/u_dsp/B[17:0] is not pipelined. Pipelining DSP48 input will improve performance.
Related violations: <none>

DPIP-2#479 Warning
Input pipelining  
DSP u_array/u_ref/g_row[3].g_col[8].u_pe/u_mul/u_dsp input u_array/u_ref/g_row[3].g_col[8].u_pe/u_mul/u_dsp/B[17:0] is not pipelined. Pipelining DSP48 input will improve performance.
Related violations: <none>

DPIP-2#480 Warning
Input pipelining  
DSP u_array/u_ref/g_row[3].g_col[9].u_pe/u_mul/u_dsp input u_array/u_ref/g_row[3].g_col[9].u_pe/u_mul/u_dsp/B[17:0] is not pipelined. Pipelining DSP48 input will improve performance.
Related violations: <none>

DPIP-2#481 Warning
Input pipelining  
DSP u_array/u_ref/g_row[4].g_col[0].u_pe/u_mul/u_dsp input u_array/u_ref/g_row[4].g_col[0].u_pe/u_mul/u_dsp/B[17:0] is not pipelined. Pipelining DSP48 input will improve performance.
Related violations: <none>

DPIP-2#482 Warning
Input pipelining  
DSP u_array/u_ref/g_row[4].g_col[10].u_pe/u_mul/u_dsp input u_array/u_ref/g_row[4].g_col[10].u_pe/u_mul/u_dsp/B[17:0] is not pipelined. Pipelining DSP48 input will improve performance.
Related violations: <none>

DPIP-2#483 Warning
Input pipelining  
DSP u_array/u_ref/g_row[4].g_col[11].u_pe/u_mul/u_dsp input u_array/u_ref/g_row[4].g_col[11].u_pe/u_mul/u_dsp/B[17:0] is not pipelined. Pipelining DSP48 input will improve performance.
Related violations: <none>

DPIP-2#484 Warning
Input pipelining  
DSP u_array/u_ref/g_row[4].g_col[12].u_pe/u_mul/u_dsp input u_array/u_ref/g_row[4].g_col[12].u_pe/u_mul/u_dsp/B[17:0] is not pipelined. Pipelining DSP48 input will improve performance.
Related violations: <none>

DPIP-2#485 Warning
Input pipelining  
DSP u_array/u_ref/g_row[4].g_col[13].u_pe/u_mul/u_dsp input u_array/u_ref/g_row[4].g_col[13].u_pe/u_mul/u_dsp/B[17:0] is not pipelined. Pipelining DSP48 input will improve performance.
Related violations: <none>

DPIP-2#486 Warning
Input pipelining  
DSP u_array/u_ref/g_row[4].g_col[14].u_pe/u_mul/u_dsp input u_array/u_ref/g_row[4].g_col[14].u_pe/u_mul/u_dsp/B[17:0] is not pipelined. Pipelining DSP48 input will improve performance.
Related violations: <none>

DPIP-2#487 Warning
Input pipelining  
DSP u_array/u_ref/g_row[4].g_col[15].u_pe/u_mul/u_dsp input u_array/u_ref/g_row[4].g_col[15].u_pe/u_mul/u_dsp/B[17:0] is not pipelined. Pipelining DSP48 input will improve performance.
Related violations: <none>

DPIP-2#488 Warning
Input pipelining  
DSP u_array/u_ref/g_row[4].g_col[16].u_pe/u_mul/u_dsp input u_array/u_ref/g_row[4].g_col[16].u_pe/u_mul/u_dsp/B[17:0] is not pipelined. Pipelining DSP48 input will improve performance.
Related violations: <none>

DPIP-2#489 Warning
Input pipelining  
DSP u_array/u_ref/g_row[4].g_col[17].u_pe/u_mul/u_dsp input u_array/u_ref/g_row[4].g_col[17].u_pe/u_mul/u_dsp/B[17:0] is not pipelined. Pipelining DSP48 input will improve performance.
Related violations: <none>

DPIP-2#490 Warning
Input pipelining  
DSP u_array/u_ref/g_row[4].g_col[18].u_pe/u_mul/u_dsp input u_array/u_ref/g_row[4].g_col[18].u_pe/u_mul/u_dsp/B[17:0] is not pipelined. Pipelining DSP48 input will improve performance.
Related violations: <none>

DPIP-2#491 Warning
Input pipelining  
DSP u_array/u_ref/g_row[4].g_col[19].u_pe/u_mul/u_dsp input u_array/u_ref/g_row[4].g_col[19].u_pe/u_mul/u_dsp/B[17:0] is not pipelined. Pipelining DSP48 input will improve performance.
Related violations: <none>

DPIP-2#492 Warning
Input pipelining  
DSP u_array/u_ref/g_row[4].g_col[1].u_pe/u_mul/u_dsp input u_array/u_ref/g_row[4].g_col[1].u_pe/u_mul/u_dsp/B[17:0] is not pipelined. Pipelining DSP48 input will improve performance.
Related violations: <none>

DPIP-2#493 Warning
Input pipelining  
DSP u_array/u_ref/g_row[4].g_col[20].u_pe/u_mul/u_dsp input u_array/u_ref/g_row[4].g_col[20].u_pe/u_mul/u_dsp/B[17:0] is not pipelined. Pipelining DSP48 input will improve performance.
Related violations: <none>

DPIP-2#494 Warning
Input pipelining  
DSP u_array/u_ref/g_row[4].g_col[21].u_pe/u_mul/u_dsp input u_array/u_ref/g_row[4].g_col[21].u_pe/u_mul/u_dsp/B[17:0] is not pipelined. Pipelining DSP48 input will improve performance.
Related violations: <none>

DPIP-2#495 Warning
Input pipelining  
DSP u_array/u_ref/g_row[4].g_col[22].u_pe/u_mul/u_dsp input u_array/u_ref/g_row[4].g_col[22].u_pe/u_mul/u_dsp/B[17:0] is not pipelined. Pipelining DSP48 input will improve performance.
Related violations: <none>

DPIP-2#496 Warning
Input pipelining  
DSP u_array/u_ref/g_row[4].g_col[23].u_pe/u_mul/u_dsp input u_array/u_ref/g_row[4].g_col[23].u_pe/u_mul/u_dsp/B[17:0] is not pipelined. Pipelining DSP48 input will improve performance.
Related violations: <none>

DPIP-2#497 Warning
Input pipelining  
DSP u_array/u_ref/g_row[4].g_col[24].u_pe/u_mul/u_dsp input u_array/u_ref/g_row[4].g_col[24].u_pe/u_mul/u_dsp/B[17:0] is not pipelined. Pipelining DSP48 input will improve performance.
Related violations: <none>

DPIP-2#498 Warning
Input pipelining  
DSP u_array/u_ref/g_row[4].g_col[25].u_pe/u_mul/u_dsp input u_array/u_ref/g_row[4].g_col[25].u_pe/u_mul/u_dsp/B[17:0] is not pipelined. Pipelining DSP48 input will improve performance.
Related violations: <none>

DPIP-2#499 Warning
Input pipelining  
DSP u_array/u_ref/g_row[4].g_col[26].u_pe/u_mul/u_dsp input u_array/u_ref/g_row[4].g_col[26].u_pe/u_mul/u_dsp/B[17:0] is not pipelined. Pipelining DSP48 input will improve performance.
Related violations: <none>

DPIP-2#500 Warning
Input pipelining  
DSP u_array/u_ref/g_row[4].g_col[27].u_pe/u_mul/u_dsp input u_array/u_ref/g_row[4].g_col[27].u_pe/u_mul/u_dsp/B[17:0] is not pipelined. Pipelining DSP48 input will improve performance.
Related violations: <none>

DPIP-2#501 Warning
Input pipelining  
DSP u_array/u_ref/g_row[4].g_col[28].u_pe/u_mul/u_dsp input u_array/u_ref/g_row[4].g_col[28].u_pe/u_mul/u_dsp/B[17:0] is not pipelined. Pipelining DSP48 input will improve performance.
Related violations: <none>

DPIP-2#502 Warning
Input pipelining  
DSP u_array/u_ref/g_row[4].g_col[29].u_pe/u_mul/u_dsp input u_array/u_ref/g_row[4].g_col[29].u_pe/u_mul/u_dsp/B[17:0] is not pipelined. Pipelining DSP48 input will improve performance.
Related violations: <none>

DPIP-2#503 Warning
Input pipelining  
DSP u_array/u_ref/g_row[4].g_col[2].u_pe/u_mul/u_dsp input u_array/u_ref/g_row[4].g_col[2].u_pe/u_mul/u_dsp/B[17:0] is not pipelined. Pipelining DSP48 input will improve performance.
Related violations: <none>

DPIP-2#504 Warning
Input pipelining  
DSP u_array/u_ref/g_row[4].g_col[30].u_pe/u_mul/u_dsp input u_array/u_ref/g_row[4].g_col[30].u_pe/u_mul/u_dsp/B[17:0] is not pipelined. Pipelining DSP48 input will improve performance.
Related violations: <none>

DPIP-2#505 Warning
Input pipelining  
DSP u_array/u_ref/g_row[4].g_col[31].u_pe/u_mul/u_dsp input u_array/u_ref/g_row[4].g_col[31].u_pe/u_mul/u_dsp/B[17:0] is not pipelined. Pipelining DSP48 input will improve performance.
Related violations: <none>

DPIP-2#506 Warning
Input pipelining  
DSP u_array/u_ref/g_row[4].g_col[32].u_pe/u_mul/u_dsp input u_array/u_ref/g_row[4].g_col[32].u_pe/u_mul/u_dsp/B[17:0] is not pipelined. Pipelining DSP48 input will improve performance.
Related violations: <none>

DPIP-2#507 Warning
Input pipelining  
DSP u_array/u_ref/g_row[4].g_col[33].u_pe/u_mul/u_dsp input u_array/u_ref/g_row[4].g_col[33].u_pe/u_mul/u_dsp/B[17:0] is not pipelined. Pipelining DSP48 input will improve performance.
Related violations: <none>

DPIP-2#508 Warning
Input pipelining  
DSP u_array/u_ref/g_row[4].g_col[34].u_pe/u_mul/u_dsp input u_array/u_ref/g_row[4].g_col[34].u_pe/u_mul/u_dsp/B[17:0] is not pipelined. Pipelining DSP48 input will improve performance.
Related violations: <none>

DPIP-2#509 Warning
Input pipelining  
DSP u_array/u_ref/g_row[4].g_col[35].u_pe/u_mul/u_dsp input u_array/u_ref/g_row[4].g_col[35].u_pe/u_mul/u_dsp/B[17:0] is not pipelined. Pipelining DSP48 input will improve performance.
Related violations: <none>

DPIP-2#510 Warning
Input pipelining  
DSP u_array/u_ref/g_row[4].g_col[36].u_pe/u_mul/u_dsp input u_array/u_ref/g_row[4].g_col[36].u_pe/u_mul/u_dsp/B[17:0] is not pipelined. Pipelining DSP48 input will improve performance.
Related violations: <none>

DPIP-2#511 Warning
Input pipelining  
DSP u_array/u_ref/g_row[4].g_col[37].u_pe/u_mul/u_dsp input u_array/u_ref/g_row[4].g_col[37].u_pe/u_mul/u_dsp/B[17:0] is not pipelined. Pipelining DSP48 input will improve performance.
Related violations: <none>

DPIP-2#512 Warning
Input pipelining  
DSP u_array/u_ref/g_row[4].g_col[38].u_pe/u_mul/u_dsp input u_array/u_ref/g_row[4].g_col[38].u_pe/u_mul/u_dsp/B[17:0] is not pipelined. Pipelining DSP48 input will improve performance.
Related violations: <none>

DPIP-2#513 Warning
Input pipelining  
DSP u_array/u_ref/g_row[4].g_col[39].u_pe/u_mul/u_dsp input u_array/u_ref/g_row[4].g_col[39].u_pe/u_mul/u_dsp/B[17:0] is not pipelined. Pipelining DSP48 input will improve performance.
Related violations: <none>

DPIP-2#514 Warning
Input pipelining  
DSP u_array/u_ref/g_row[4].g_col[3].u_pe/u_mul/u_dsp input u_array/u_ref/g_row[4].g_col[3].u_pe/u_mul/u_dsp/B[17:0] is not pipelined. Pipelining DSP48 input will improve performance.
Related violations: <none>

DPIP-2#515 Warning
Input pipelining  
DSP u_array/u_ref/g_row[4].g_col[40].u_pe/u_mul/u_dsp input u_array/u_ref/g_row[4].g_col[40].u_pe/u_mul/u_dsp/B[17:0] is not pipelined. Pipelining DSP48 input will improve performance.
Related violations: <none>

DPIP-2#516 Warning
Input pipelining  
DSP u_array/u_ref/g_row[4].g_col[41].u_pe/u_mul/u_dsp input u_array/u_ref/g_row[4].g_col[41].u_pe/u_mul/u_dsp/B[17:0] is not pipelined. Pipelining DSP48 input will improve performance.
Related violations: <none>

DPIP-2#517 Warning
Input pipelining  
DSP u_array/u_ref/g_row[4].g_col[42].u_pe/u_mul/u_dsp input u_array/u_ref/g_row[4].g_col[42].u_pe/u_mul/u_dsp/B[17:0] is not pipelined. Pipelining DSP48 input will improve performance.
Related violations: <none>

DPIP-2#518 Warning
Input pipelining  
DSP u_array/u_ref/g_row[4].g_col[43].u_pe/u_mul/u_dsp input u_array/u_ref/g_row[4].g_col[43].u_pe/u_mul/u_dsp/B[17:0] is not pipelined. Pipelining DSP48 input will improve performance.
Related violations: <none>

DPIP-2#519 Warning
Input pipelining  
DSP u_array/u_ref/g_row[4].g_col[44].u_pe/u_mul/u_dsp input u_array/u_ref/g_row[4].g_col[44].u_pe/u_mul/u_dsp/B[17:0] is not pipelined. Pipelining DSP48 input will improve performance.
Related violations: <none>

DPIP-2#520 Warning
Input pipelining  
DSP u_array/u_ref/g_row[4].g_col[45].u_pe/u_mul/u_dsp input u_array/u_ref/g_row[4].g_col[45].u_pe/u_mul/u_dsp/B[17:0] is not pipelined. Pipelining DSP48 input will improve performance.
Related violations: <none>

DPIP-2#521 Warning
Input pipelining  
DSP u_array/u_ref/g_row[4].g_col[46].u_pe/u_mul/u_dsp input u_array/u_ref/g_row[4].g_col[46].u_pe/u_mul/u_dsp/B[17:0] is not pipelined. Pipelining DSP48 input will improve performance.
Related violations: <none>

DPIP-2#522 Warning
Input pipelining  
DSP u_array/u_ref/g_row[4].g_col[47].u_pe/u_mul/u_dsp input u_array/u_ref/g_row[4].g_col[47].u_pe/u_mul/u_dsp/B[17:0] is not pipelined. Pipelining DSP48 input will improve performance.
Related violations: <none>

DPIP-2#523 Warning
Input pipelining  
DSP u_array/u_ref/g_row[4].g_col[4].u_pe/u_mul/u_dsp input u_array/u_ref/g_row[4].g_col[4].u_pe/u_mul/u_dsp/B[17:0] is not pipelined. Pipelining DSP48 input will improve performance.
Related violations: <none>

DPIP-2#524 Warning
Input pipelining  
DSP u_array/u_ref/g_row[4].g_col[5].u_pe/u_mul/u_dsp input u_array/u_ref/g_row[4].g_col[5].u_pe/u_mul/u_dsp/B[17:0] is not pipelined. Pipelining DSP48 input will improve performance.
Related violations: <none>

DPIP-2#525 Warning
Input pipelining  
DSP u_array/u_ref/g_row[4].g_col[6].u_pe/u_mul/u_dsp input u_array/u_ref/g_row[4].g_col[6].u_pe/u_mul/u_dsp/B[17:0] is not pipelined. Pipelining DSP48 input will improve performance.
Related violations: <none>

DPIP-2#526 Warning
Input pipelining  
DSP u_array/u_ref/g_row[4].g_col[7].u_pe/u_mul/u_dsp input u_array/u_ref/g_row[4].g_col[7].u_pe/u_mul/u_dsp/B[17:0] is not pipelined. Pipelining DSP48 input will improve performance.
Related violations: <none>

DPIP-2#527 Warning
Input pipelining  
DSP u_array/u_ref/g_row[4].g_col[8].u_pe/u_mul/u_dsp input u_array/u_ref/g_row[4].g_col[8].u_pe/u_mul/u_dsp/B[17:0] is not pipelined. Pipelining DSP48 input will improve performance.
Related violations: <none>

DPIP-2#528 Warning
Input pipelining  
DSP u_array/u_ref/g_row[4].g_col[9].u_pe/u_mul/u_dsp input u_array/u_ref/g_row[4].g_col[9].u_pe/u_mul/u_dsp/B[17:0] is not pipelined. Pipelining DSP48 input will improve performance.
Related violations: <none>

DPIP-2#529 Warning
Input pipelining  
DSP u_array/u_ref/g_row[5].g_col[0].u_pe/u_mul/u_dsp input u_array/u_ref/g_row[5].g_col[0].u_pe/u_mul/u_dsp/B[17:0] is not pipelined. Pipelining DSP48 input will improve performance.
Related violations: <none>

DPIP-2#530 Warning
Input pipelining  
DSP u_array/u_ref/g_row[5].g_col[10].u_pe/u_mul/u_dsp input u_array/u_ref/g_row[5].g_col[10].u_pe/u_mul/u_dsp/B[17:0] is not pipelined. Pipelining DSP48 input will improve performance.
Related violations: <none>

DPIP-2#531 Warning
Input pipelining  
DSP u_array/u_ref/g_row[5].g_col[11].u_pe/u_mul/u_dsp input u_array/u_ref/g_row[5].g_col[11].u_pe/u_mul/u_dsp/B[17:0] is not pipelined. Pipelining DSP48 input will improve performance.
Related violations: <none>

DPIP-2#532 Warning
Input pipelining  
DSP u_array/u_ref/g_row[5].g_col[12].u_pe/u_mul/u_dsp input u_array/u_ref/g_row[5].g_col[12].u_pe/u_mul/u_dsp/B[17:0] is not pipelined. Pipelining DSP48 input will improve performance.
Related violations: <none>

DPIP-2#533 Warning
Input pipelining  
DSP u_array/u_ref/g_row[5].g_col[13].u_pe/u_mul/u_dsp input u_array/u_ref/g_row[5].g_col[13].u_pe/u_mul/u_dsp/B[17:0] is not pipelined. Pipelining DSP48 input will improve performance.
Related violations: <none>

DPIP-2#534 Warning
Input pipelining  
DSP u_array/u_ref/g_row[5].g_col[14].u_pe/u_mul/u_dsp input u_array/u_ref/g_row[5].g_col[14].u_pe/u_mul/u_dsp/B[17:0] is not pipelined. Pipelining DSP48 input will improve performance.
Related violations: <none>

DPIP-2#535 Warning
Input pipelining  
DSP u_array/u_ref/g_row[5].g_col[15].u_pe/u_mul/u_dsp input u_array/u_ref/g_row[5].g_col[15].u_pe/u_mul/u_dsp/B[17:0] is not pipelined. Pipelining DSP48 input will improve performance.
Related violations: <none>

DPIP-2#536 Warning
Input pipelining  
DSP u_array/u_ref/g_row[5].g_col[16].u_pe/u_mul/u_dsp input u_array/u_ref/g_row[5].g_col[16].u_pe/u_mul/u_dsp/B[17:0] is not pipelined. Pipelining DSP48 input will improve performance.
Related violations: <none>

DPIP-2#537 Warning
Input pipelining  
DSP u_array/u_ref/g_row[5].g_col[17].u_pe/u_mul/u_dsp input u_array/u_ref/g_row[5].g_col[17].u_pe/u_mul/u_dsp/B[17:0] is not pipelined. Pipelining DSP48 input will improve performance.
Related violations: <none>

DPIP-2#538 Warning
Input pipelining  
DSP u_array/u_ref/g_row[5].g_col[18].u_pe/u_mul/u_dsp input u_array/u_ref/g_row[5].g_col[18].u_pe/u_mul/u_dsp/B[17:0] is not pipelined. Pipelining DSP48 input will improve performance.
Related violations: <none>

DPIP-2#539 Warning
Input pipelining  
DSP u_array/u_ref/g_row[5].g_col[19].u_pe/u_mul/u_dsp input u_array/u_ref/g_row[5].g_col[19].u_pe/u_mul/u_dsp/B[17:0] is not pipelined. Pipelining DSP48 input will improve performance.
Related violations: <none>

DPIP-2#540 Warning
Input pipelining  
DSP u_array/u_ref/g_row[5].g_col[1].u_pe/u_mul/u_dsp input u_array/u_ref/g_row[5].g_col[1].u_pe/u_mul/u_dsp/B[17:0] is not pipelined. Pipelining DSP48 input will improve performance.
Related violations: <none>

DPIP-2#541 Warning
Input pipelining  
DSP u_array/u_ref/g_row[5].g_col[20].u_pe/u_mul/u_dsp input u_array/u_ref/g_row[5].g_col[20].u_pe/u_mul/u_dsp/B[17:0] is not pipelined. Pipelining DSP48 input will improve performance.
Related violations: <none>

DPIP-2#542 Warning
Input pipelining  
DSP u_array/u_ref/g_row[5].g_col[21].u_pe/u_mul/u_dsp input u_array/u_ref/g_row[5].g_col[21].u_pe/u_mul/u_dsp/B[17:0] is not pipelined. Pipelining DSP48 input will improve performance.
Related violations: <none>

DPIP-2#543 Warning
Input pipelining  
DSP u_array/u_ref/g_row[5].g_col[22].u_pe/u_mul/u_dsp input u_array/u_ref/g_row[5].g_col[22].u_pe/u_mul/u_dsp/B[17:0] is not pipelined. Pipelining DSP48 input will improve performance.
Related violations: <none>

DPIP-2#544 Warning
Input pipelining  
DSP u_array/u_ref/g_row[5].g_col[23].u_pe/u_mul/u_dsp input u_array/u_ref/g_row[5].g_col[23].u_pe/u_mul/u_dsp/B[17:0] is not pipelined. Pipelining DSP48 input will improve performance.
Related violations: <none>

DPIP-2#545 Warning
Input pipelining  
DSP u_array/u_ref/g_row[5].g_col[24].u_pe/u_mul/u_dsp input u_array/u_ref/g_row[5].g_col[24].u_pe/u_mul/u_dsp/B[17:0] is not pipelined. Pipelining DSP48 input will improve performance.
Related violations: <none>

DPIP-2#546 Warning
Input pipelining  
DSP u_array/u_ref/g_row[5].g_col[25].u_pe/u_mul/u_dsp input u_array/u_ref/g_row[5].g_col[25].u_pe/u_mul/u_dsp/B[17:0] is not pipelined. Pipelining DSP48 input will improve performance.
Related violations: <none>

DPIP-2#547 Warning
Input pipelining  
DSP u_array/u_ref/g_row[5].g_col[26].u_pe/u_mul/u_dsp input u_array/u_ref/g_row[5].g_col[26].u_pe/u_mul/u_dsp/B[17:0] is not pipelined. Pipelining DSP48 input will improve performance.
Related violations: <none>

DPIP-2#548 Warning
Input pipelining  
DSP u_array/u_ref/g_row[5].g_col[27].u_pe/u_mul/u_dsp input u_array/u_ref/g_row[5].g_col[27].u_pe/u_mul/u_dsp/B[17:0] is not pipelined. Pipelining DSP48 input will improve performance.
Related violations: <none>

DPIP-2#549 Warning
Input pipelining  
DSP u_array/u_ref/g_row[5].g_col[28].u_pe/u_mul/u_dsp input u_array/u_ref/g_row[5].g_col[28].u_pe/u_mul/u_dsp/B[17:0] is not pipelined. Pipelining DSP48 input will improve performance.
Related violations: <none>

DPIP-2#550 Warning
Input pipelining  
DSP u_array/u_ref/g_row[5].g_col[29].u_pe/u_mul/u_dsp input u_array/u_ref/g_row[5].g_col[29].u_pe/u_mul/u_dsp/B[17:0] is not pipelined. Pipelining DSP48 input will improve performance.
Related violations: <none>

DPIP-2#551 Warning
Input pipelining  
DSP u_array/u_ref/g_row[5].g_col[2].u_pe/u_mul/u_dsp input u_array/u_ref/g_row[5].g_col[2].u_pe/u_mul/u_dsp/B[17:0] is not pipelined. Pipelining DSP48 input will improve performance.
Related violations: <none>

DPIP-2#552 Warning
Input pipelining  
DSP u_array/u_ref/g_row[5].g_col[30].u_pe/u_mul/u_dsp input u_array/u_ref/g_row[5].g_col[30].u_pe/u_mul/u_dsp/B[17:0] is not pipelined. Pipelining DSP48 input will improve performance.
Related violations: <none>

DPIP-2#553 Warning
Input pipelining  
DSP u_array/u_ref/g_row[5].g_col[31].u_pe/u_mul/u_dsp input u_array/u_ref/g_row[5].g_col[31].u_pe/u_mul/u_dsp/B[17:0] is not pipelined. Pipelining DSP48 input will improve performance.
Related violations: <none>

DPIP-2#554 Warning
Input pipelining  
DSP u_array/u_ref/g_row[5].g_col[32].u_pe/u_mul/u_dsp input u_array/u_ref/g_row[5].g_col[32].u_pe/u_mul/u_dsp/B[17:0] is not pipelined. Pipelining DSP48 input will improve performance.
Related violations: <none>

DPIP-2#555 Warning
Input pipelining  
DSP u_array/u_ref/g_row[5].g_col[33].u_pe/u_mul/u_dsp input u_array/u_ref/g_row[5].g_col[33].u_pe/u_mul/u_dsp/B[17:0] is not pipelined. Pipelining DSP48 input will improve performance.
Related violations: <none>

DPIP-2#556 Warning
Input pipelining  
DSP u_array/u_ref/g_row[5].g_col[34].u_pe/u_mul/u_dsp input u_array/u_ref/g_row[5].g_col[34].u_pe/u_mul/u_dsp/B[17:0] is not pipelined. Pipelining DSP48 input will improve performance.
Related violations: <none>

DPIP-2#557 Warning
Input pipelining  
DSP u_array/u_ref/g_row[5].g_col[35].u_pe/u_mul/u_dsp input u_array/u_ref/g_row[5].g_col[35].u_pe/u_mul/u_dsp/B[17:0] is not pipelined. Pipelining DSP48 input will improve performance.
Related violations: <none>

DPIP-2#558 Warning
Input pipelining  
DSP u_array/u_ref/g_row[5].g_col[36].u_pe/u_mul/u_dsp input u_array/u_ref/g_row[5].g_col[36].u_pe/u_mul/u_dsp/B[17:0] is not pipelined. Pipelining DSP48 input will improve performance.
Related violations: <none>

DPIP-2#559 Warning
Input pipelining  
DSP u_array/u_ref/g_row[5].g_col[37].u_pe/u_mul/u_dsp input u_array/u_ref/g_row[5].g_col[37].u_pe/u_mul/u_dsp/B[17:0] is not pipelined. Pipelining DSP48 input will improve performance.
Related violations: <none>

DPIP-2#560 Warning
Input pipelining  
DSP u_array/u_ref/g_row[5].g_col[38].u_pe/u_mul/u_dsp input u_array/u_ref/g_row[5].g_col[38].u_pe/u_mul/u_dsp/B[17:0] is not pipelined. Pipelining DSP48 input will improve performance.
Related violations: <none>

DPIP-2#561 Warning
Input pipelining  
DSP u_array/u_ref/g_row[5].g_col[39].u_pe/u_mul/u_dsp input u_array/u_ref/g_row[5].g_col[39].u_pe/u_mul/u_dsp/B[17:0] is not pipelined. Pipelining DSP48 input will improve performance.
Related violations: <none>

DPIP-2#562 Warning
Input pipelining  
DSP u_array/u_ref/g_row[5].g_col[3].u_pe/u_mul/u_dsp input u_array/u_ref/g_row[5].g_col[3].u_pe/u_mul/u_dsp/B[17:0] is not pipelined. Pipelining DSP48 input will improve performance.
Related violations: <none>

DPIP-2#563 Warning
Input pipelining  
DSP u_array/u_ref/g_row[5].g_col[40].u_pe/u_mul/u_dsp input u_array/u_ref/g_row[5].g_col[40].u_pe/u_mul/u_dsp/B[17:0] is not pipelined. Pipelining DSP48 input will improve performance.
Related violations: <none>

DPIP-2#564 Warning
Input pipelining  
DSP u_array/u_ref/g_row[5].g_col[41].u_pe/u_mul/u_dsp input u_array/u_ref/g_row[5].g_col[41].u_pe/u_mul/u_dsp/B[17:0] is not pipelined. Pipelining DSP48 input will improve performance.
Related violations: <none>

DPIP-2#565 Warning
Input pipelining  
DSP u_array/u_ref/g_row[5].g_col[42].u_pe/u_mul/u_dsp input u_array/u_ref/g_row[5].g_col[42].u_pe/u_mul/u_dsp/B[17:0] is not pipelined. Pipelining DSP48 input will improve performance.
Related violations: <none>

DPIP-2#566 Warning
Input pipelining  
DSP u_array/u_ref/g_row[5].g_col[43].u_pe/u_mul/u_dsp input u_array/u_ref/g_row[5].g_col[43].u_pe/u_mul/u_dsp/B[17:0] is not pipelined. Pipelining DSP48 input will improve performance.
Related violations: <none>

DPIP-2#567 Warning
Input pipelining  
DSP u_array/u_ref/g_row[5].g_col[44].u_pe/u_mul/u_dsp input u_array/u_ref/g_row[5].g_col[44].u_pe/u_mul/u_dsp/B[17:0] is not pipelined. Pipelining DSP48 input will improve performance.
Related violations: <none>

DPIP-2#568 Warning
Input pipelining  
DSP u_array/u_ref/g_row[5].g_col[45].u_pe/u_mul/u_dsp input u_array/u_ref/g_row[5].g_col[45].u_pe/u_mul/u_dsp/B[17:0] is not pipelined. Pipelining DSP48 input will improve performance.
Related violations: <none>

DPIP-2#569 Warning
Input pipelining  
DSP u_array/u_ref/g_row[5].g_col[46].u_pe/u_mul/u_dsp input u_array/u_ref/g_row[5].g_col[46].u_pe/u_mul/u_dsp/B[17:0] is not pipelined. Pipelining DSP48 input will improve performance.
Related violations: <none>

DPIP-2#570 Warning
Input pipelining  
DSP u_array/u_ref/g_row[5].g_col[47].u_pe/u_mul/u_dsp input u_array/u_ref/g_row[5].g_col[47].u_pe/u_mul/u_dsp/B[17:0] is not pipelined. Pipelining DSP48 input will improve performance.
Related violations: <none>

DPIP-2#571 Warning
Input pipelining  
DSP u_array/u_ref/g_row[5].g_col[4].u_pe/u_mul/u_dsp input u_array/u_ref/g_row[5].g_col[4].u_pe/u_mul/u_dsp/B[17:0] is not pipelined. Pipelining DSP48 input will improve performance.
Related violations: <none>

DPIP-2#572 Warning
Input pipelining  
DSP u_array/u_ref/g_row[5].g_col[5].u_pe/u_mul/u_dsp input u_array/u_ref/g_row[5].g_col[5].u_pe/u_mul/u_dsp/B[17:0] is not pipelined. Pipelining DSP48 input will improve performance.
Related violations: <none>

DPIP-2#573 Warning
Input pipelining  
DSP u_array/u_ref/g_row[5].g_col[6].u_pe/u_mul/u_dsp input u_array/u_ref/g_row[5].g_col[6].u_pe/u_mul/u_dsp/B[17:0] is not pipelined. Pipelining DSP48 input will improve performance.
Related violations: <none>

DPIP-2#574 Warning
Input pipelining  
DSP u_array/u_ref/g_row[5].g_col[7].u_pe/u_mul/u_dsp input u_array/u_ref/g_row[5].g_col[7].u_pe/u_mul/u_dsp/B[17:0] is not pipelined. Pipelining DSP48 input will improve performance.
Related violations: <none>

DPIP-2#575 Warning
Input pipelining  
DSP u_array/u_ref/g_row[5].g_col[8].u_pe/u_mul/u_dsp input u_array/u_ref/g_row[5].g_col[8].u_pe/u_mul/u_dsp/B[17:0] is not pipelined. Pipelining DSP48 input will improve performance.
Related violations: <none>

DPIP-2#576 Warning
Input pipelining  
DSP u_array/u_ref/g_row[5].g_col[9].u_pe/u_mul/u_dsp input u_array/u_ref/g_row[5].g_col[9].u_pe/u_mul/u_dsp/B[17:0] is not pipelined. Pipelining DSP48 input will improve performance.
Related violations: <none>

DPIP-2#577 Warning
Input pipelining  
DSP u_array/u_ref/g_row[6].g_col[0].u_pe/u_mul/u_dsp input u_array/u_ref/g_row[6].g_col[0].u_pe/u_mul/u_dsp/B[17:0] is not pipelined. Pipelining DSP48 input will improve performance.
Related violations: <none>

DPIP-2#578 Warning
Input pipelining  
DSP u_array/u_ref/g_row[6].g_col[10].u_pe/u_mul/u_dsp input u_array/u_ref/g_row[6].g_col[10].u_pe/u_mul/u_dsp/B[17:0] is not pipelined. Pipelining DSP48 input will improve performance.
Related violations: <none>

DPIP-2#579 Warning
Input pipelining  
DSP u_array/u_ref/g_row[6].g_col[11].u_pe/u_mul/u_dsp input u_array/u_ref/g_row[6].g_col[11].u_pe/u_mul/u_dsp/B[17:0] is not pipelined. Pipelining DSP48 input will improve performance.
Related violations: <none>

DPIP-2#580 Warning
Input pipelining  
DSP u_array/u_ref/g_row[6].g_col[12].u_pe/u_mul/u_dsp input u_array/u_ref/g_row[6].g_col[12].u_pe/u_mul/u_dsp/B[17:0] is not pipelined. Pipelining DSP48 input will improve performance.
Related violations: <none>

DPIP-2#581 Warning
Input pipelining  
DSP u_array/u_ref/g_row[6].g_col[13].u_pe/u_mul/u_dsp input u_array/u_ref/g_row[6].g_col[13].u_pe/u_mul/u_dsp/B[17:0] is not pipelined. Pipelining DSP48 input will improve performance.
Related violations: <none>

DPIP-2#582 Warning
Input pipelining  
DSP u_array/u_ref/g_row[6].g_col[14].u_pe/u_mul/u_dsp input u_array/u_ref/g_row[6].g_col[14].u_pe/u_mul/u_dsp/B[17:0] is not pipelined. Pipelining DSP48 input will improve performance.
Related violations: <none>

DPIP-2#583 Warning
Input pipelining  
DSP u_array/u_ref/g_row[6].g_col[15].u_pe/u_mul/u_dsp input u_array/u_ref/g_row[6].g_col[15].u_pe/u_mul/u_dsp/B[17:0] is not pipelined. Pipelining DSP48 input will improve performance.
Related violations: <none>

DPIP-2#584 Warning
Input pipelining  
DSP u_array/u_ref/g_row[6].g_col[16].u_pe/u_mul/u_dsp input u_array/u_ref/g_row[6].g_col[16].u_pe/u_mul/u_dsp/B[17:0] is not pipelined. Pipelining DSP48 input will improve performance.
Related violations: <none>

DPIP-2#585 Warning
Input pipelining  
DSP u_array/u_ref/g_row[6].g_col[17].u_pe/u_mul/u_dsp input u_array/u_ref/g_row[6].g_col[17].u_pe/u_mul/u_dsp/B[17:0] is not pipelined. Pipelining DSP48 input will improve performance.
Related violations: <none>

DPIP-2#586 Warning
Input pipelining  
DSP u_array/u_ref/g_row[6].g_col[18].u_pe/u_mul/u_dsp input u_array/u_ref/g_row[6].g_col[18].u_pe/u_mul/u_dsp/B[17:0] is not pipelined. Pipelining DSP48 input will improve performance.
Related violations: <none>

DPIP-2#587 Warning
Input pipelining  
DSP u_array/u_ref/g_row[6].g_col[19].u_pe/u_mul/u_dsp input u_array/u_ref/g_row[6].g_col[19].u_pe/u_mul/u_dsp/B[17:0] is not pipelined. Pipelining DSP48 input will improve performance.
Related violations: <none>

DPIP-2#588 Warning
Input pipelining  
DSP u_array/u_ref/g_row[6].g_col[1].u_pe/u_mul/u_dsp input u_array/u_ref/g_row[6].g_col[1].u_pe/u_mul/u_dsp/B[17:0] is not pipelined. Pipelining DSP48 input will improve performance.
Related violations: <none>

DPIP-2#589 Warning
Input pipelining  
DSP u_array/u_ref/g_row[6].g_col[20].u_pe/u_mul/u_dsp input u_array/u_ref/g_row[6].g_col[20].u_pe/u_mul/u_dsp/B[17:0] is not pipelined. Pipelining DSP48 input will improve performance.
Related violations: <none>

DPIP-2#590 Warning
Input pipelining  
DSP u_array/u_ref/g_row[6].g_col[21].u_pe/u_mul/u_dsp input u_array/u_ref/g_row[6].g_col[21].u_pe/u_mul/u_dsp/B[17:0] is not pipelined. Pipelining DSP48 input will improve performance.
Related violations: <none>

DPIP-2#591 Warning
Input pipelining  
DSP u_array/u_ref/g_row[6].g_col[22].u_pe/u_mul/u_dsp input u_array/u_ref/g_row[6].g_col[22].u_pe/u_mul/u_dsp/B[17:0] is not pipelined. Pipelining DSP48 input will improve performance.
Related violations: <none>

DPIP-2#592 Warning
Input pipelining  
DSP u_array/u_ref/g_row[6].g_col[23].u_pe/u_mul/u_dsp input u_array/u_ref/g_row[6].g_col[23].u_pe/u_mul/u_dsp/B[17:0] is not pipelined. Pipelining DSP48 input will improve performance.
Related violations: <none>

DPIP-2#593 Warning
Input pipelining  
DSP u_array/u_ref/g_row[6].g_col[24].u_pe/u_mul/u_dsp input u_array/u_ref/g_row[6].g_col[24].u_pe/u_mul/u_dsp/B[17:0] is not pipelined. Pipelining DSP48 input will improve performance.
Related violations: <none>

DPIP-2#594 Warning
Input pipelining  
DSP u_array/u_ref/g_row[6].g_col[25].u_pe/u_mul/u_dsp input u_array/u_ref/g_row[6].g_col[25].u_pe/u_mul/u_dsp/B[17:0] is not pipelined. Pipelining DSP48 input will improve performance.
Related violations: <none>

DPIP-2#595 Warning
Input pipelining  
DSP u_array/u_ref/g_row[6].g_col[26].u_pe/u_mul/u_dsp input u_array/u_ref/g_row[6].g_col[26].u_pe/u_mul/u_dsp/B[17:0] is not pipelined. Pipelining DSP48 input will improve performance.
Related violations: <none>

DPIP-2#596 Warning
Input pipelining  
DSP u_array/u_ref/g_row[6].g_col[27].u_pe/u_mul/u_dsp input u_array/u_ref/g_row[6].g_col[27].u_pe/u_mul/u_dsp/B[17:0] is not pipelined. Pipelining DSP48 input will improve performance.
Related violations: <none>

DPIP-2#597 Warning
Input pipelining  
DSP u_array/u_ref/g_row[6].g_col[28].u_pe/u_mul/u_dsp input u_array/u_ref/g_row[6].g_col[28].u_pe/u_mul/u_dsp/B[17:0] is not pipelined. Pipelining DSP48 input will improve performance.
Related violations: <none>

DPIP-2#598 Warning
Input pipelining  
DSP u_array/u_ref/g_row[6].g_col[29].u_pe/u_mul/u_dsp input u_array/u_ref/g_row[6].g_col[29].u_pe/u_mul/u_dsp/B[17:0] is not pipelined. Pipelining DSP48 input will improve performance.
Related violations: <none>

DPIP-2#599 Warning
Input pipelining  
DSP u_array/u_ref/g_row[6].g_col[2].u_pe/u_mul/u_dsp input u_array/u_ref/g_row[6].g_col[2].u_pe/u_mul/u_dsp/B[17:0] is not pipelined. Pipelining DSP48 input will improve performance.
Related violations: <none>

DPIP-2#600 Warning
Input pipelining  
DSP u_array/u_ref/g_row[6].g_col[30].u_pe/u_mul/u_dsp input u_array/u_ref/g_row[6].g_col[30].u_pe/u_mul/u_dsp/B[17:0] is not pipelined. Pipelining DSP48 input will improve performance.
Related violations: <none>

DPIP-2#601 Warning
Input pipelining  
DSP u_array/u_ref/g_row[6].g_col[31].u_pe/u_mul/u_dsp input u_array/u_ref/g_row[6].g_col[31].u_pe/u_mul/u_dsp/B[17:0] is not pipelined. Pipelining DSP48 input will improve performance.
Related violations: <none>

DPIP-2#602 Warning
Input pipelining  
DSP u_array/u_ref/g_row[6].g_col[32].u_pe/u_mul/u_dsp input u_array/u_ref/g_row[6].g_col[32].u_pe/u_mul/u_dsp/B[17:0] is not pipelined. Pipelining DSP48 input will improve performance.
Related violations: <none>

DPIP-2#603 Warning
Input pipelining  
DSP u_array/u_ref/g_row[6].g_col[33].u_pe/u_mul/u_dsp input u_array/u_ref/g_row[6].g_col[33].u_pe/u_mul/u_dsp/B[17:0] is not pipelined. Pipelining DSP48 input will improve performance.
Related violations: <none>

DPIP-2#604 Warning
Input pipelining  
DSP u_array/u_ref/g_row[6].g_col[34].u_pe/u_mul/u_dsp input u_array/u_ref/g_row[6].g_col[34].u_pe/u_mul/u_dsp/B[17:0] is not pipelined. Pipelining DSP48 input will improve performance.
Related violations: <none>

DPIP-2#605 Warning
Input pipelining  
DSP u_array/u_ref/g_row[6].g_col[35].u_pe/u_mul/u_dsp input u_array/u_ref/g_row[6].g_col[35].u_pe/u_mul/u_dsp/B[17:0] is not pipelined. Pipelining DSP48 input will improve performance.
Related violations: <none>

DPIP-2#606 Warning
Input pipelining  
DSP u_array/u_ref/g_row[6].g_col[36].u_pe/u_mul/u_dsp input u_array/u_ref/g_row[6].g_col[36].u_pe/u_mul/u_dsp/B[17:0] is not pipelined. Pipelining DSP48 input will improve performance.
Related violations: <none>

DPIP-2#607 Warning
Input pipelining  
DSP u_array/u_ref/g_row[6].g_col[37].u_pe/u_mul/u_dsp input u_array/u_ref/g_row[6].g_col[37].u_pe/u_mul/u_dsp/B[17:0] is not pipelined. Pipelining DSP48 input will improve performance.
Related violations: <none>

DPIP-2#608 Warning
Input pipelining  
DSP u_array/u_ref/g_row[6].g_col[38].u_pe/u_mul/u_dsp input u_array/u_ref/g_row[6].g_col[38].u_pe/u_mul/u_dsp/B[17:0] is not pipelined. Pipelining DSP48 input will improve performance.
Related violations: <none>

DPIP-2#609 Warning
Input pipelining  
DSP u_array/u_ref/g_row[6].g_col[39].u_pe/u_mul/u_dsp input u_array/u_ref/g_row[6].g_col[39].u_pe/u_mul/u_dsp/B[17:0] is not pipelined. Pipelining DSP48 input will improve performance.
Related violations: <none>

DPIP-2#610 Warning
Input pipelining  
DSP u_array/u_ref/g_row[6].g_col[3].u_pe/u_mul/u_dsp input u_array/u_ref/g_row[6].g_col[3].u_pe/u_mul/u_dsp/B[17:0] is not pipelined. Pipelining DSP48 input will improve performance.
Related violations: <none>

DPIP-2#611 Warning
Input pipelining  
DSP u_array/u_ref/g_row[6].g_col[40].u_pe/u_mul/u_dsp input u_array/u_ref/g_row[6].g_col[40].u_pe/u_mul/u_dsp/B[17:0] is not pipelined. Pipelining DSP48 input will improve performance.
Related violations: <none>

DPIP-2#612 Warning
Input pipelining  
DSP u_array/u_ref/g_row[6].g_col[41].u_pe/u_mul/u_dsp input u_array/u_ref/g_row[6].g_col[41].u_pe/u_mul/u_dsp/B[17:0] is not pipelined. Pipelining DSP48 input will improve performance.
Related violations: <none>

DPIP-2#613 Warning
Input pipelining  
DSP u_array/u_ref/g_row[6].g_col[42].u_pe/u_mul/u_dsp input u_array/u_ref/g_row[6].g_col[42].u_pe/u_mul/u_dsp/B[17:0] is not pipelined. Pipelining DSP48 input will improve performance.
Related violations: <none>

DPIP-2#614 Warning
Input pipelining  
DSP u_array/u_ref/g_row[6].g_col[43].u_pe/u_mul/u_dsp input u_array/u_ref/g_row[6].g_col[43].u_pe/u_mul/u_dsp/B[17:0] is not pipelined. Pipelining DSP48 input will improve performance.
Related violations: <none>

DPIP-2#615 Warning
Input pipelining  
DSP u_array/u_ref/g_row[6].g_col[44].u_pe/u_mul/u_dsp input u_array/u_ref/g_row[6].g_col[44].u_pe/u_mul/u_dsp/B[17:0] is not pipelined. Pipelining DSP48 input will improve performance.
Related violations: <none>

DPIP-2#616 Warning
Input pipelining  
DSP u_array/u_ref/g_row[6].g_col[45].u_pe/u_mul/u_dsp input u_array/u_ref/g_row[6].g_col[45].u_pe/u_mul/u_dsp/B[17:0] is not pipelined. Pipelining DSP48 input will improve performance.
Related violations: <none>

DPIP-2#617 Warning
Input pipelining  
DSP u_array/u_ref/g_row[6].g_col[46].u_pe/u_mul/u_dsp input u_array/u_ref/g_row[6].g_col[46].u_pe/u_mul/u_dsp/B[17:0] is not pipelined. Pipelining DSP48 input will improve performance.
Related violations: <none>

DPIP-2#618 Warning
Input pipelining  
DSP u_array/u_ref/g_row[6].g_col[47].u_pe/u_mul/u_dsp input u_array/u_ref/g_row[6].g_col[47].u_pe/u_mul/u_dsp/B[17:0] is not pipelined. Pipelining DSP48 input will improve performance.
Related violations: <none>

DPIP-2#619 Warning
Input pipelining  
DSP u_array/u_ref/g_row[6].g_col[4].u_pe/u_mul/u_dsp input u_array/u_ref/g_row[6].g_col[4].u_pe/u_mul/u_dsp/B[17:0] is not pipelined. Pipelining DSP48 input will improve performance.
Related violations: <none>

DPIP-2#620 Warning
Input pipelining  
DSP u_array/u_ref/g_row[6].g_col[5].u_pe/u_mul/u_dsp input u_array/u_ref/g_row[6].g_col[5].u_pe/u_mul/u_dsp/B[17:0] is not pipelined. Pipelining DSP48 input will improve performance.
Related violations: <none>

DPIP-2#621 Warning
Input pipelining  
DSP u_array/u_ref/g_row[6].g_col[6].u_pe/u_mul/u_dsp input u_array/u_ref/g_row[6].g_col[6].u_pe/u_mul/u_dsp/B[17:0] is not pipelined. Pipelining DSP48 input will improve performance.
Related violations: <none>

DPIP-2#622 Warning
Input pipelining  
DSP u_array/u_ref/g_row[6].g_col[7].u_pe/u_mul/u_dsp input u_array/u_ref/g_row[6].g_col[7].u_pe/u_mul/u_dsp/B[17:0] is not pipelined. Pipelining DSP48 input will improve performance.
Related violations: <none>

DPIP-2#623 Warning
Input pipelining  
DSP u_array/u_ref/g_row[6].g_col[8].u_pe/u_mul/u_dsp input u_array/u_ref/g_row[6].g_col[8].u_pe/u_mul/u_dsp/B[17:0] is not pipelined. Pipelining DSP48 input will improve performance.
Related violations: <none>

DPIP-2#624 Warning
Input pipelining  
DSP u_array/u_ref/g_row[6].g_col[9].u_pe/u_mul/u_dsp input u_array/u_ref/g_row[6].g_col[9].u_pe/u_mul/u_dsp/B[17:0] is not pipelined. Pipelining DSP48 input will improve performance.
Related violations: <none>

DPIP-2#625 Warning
Input pipelining  
DSP u_array/u_ref/g_row[7].g_col[0].u_pe/u_mul/u_dsp input u_array/u_ref/g_row[7].g_col[0].u_pe/u_mul/u_dsp/B[17:0] is not pipelined. Pipelining DSP48 input will improve performance.
Related violations: <none>

DPIP-2#626 Warning
Input pipelining  
DSP u_array/u_ref/g_row[7].g_col[10].u_pe/u_mul/u_dsp input u_array/u_ref/g_row[7].g_col[10].u_pe/u_mul/u_dsp/B[17:0] is not pipelined. Pipelining DSP48 input will improve performance.
Related violations: <none>

DPIP-2#627 Warning
Input pipelining  
DSP u_array/u_ref/g_row[7].g_col[11].u_pe/u_mul/u_dsp input u_array/u_ref/g_row[7].g_col[11].u_pe/u_mul/u_dsp/B[17:0] is not pipelined. Pipelining DSP48 input will improve performance.
Related violations: <none>

DPIP-2#628 Warning
Input pipelining  
DSP u_array/u_ref/g_row[7].g_col[12].u_pe/u_mul/u_dsp input u_array/u_ref/g_row[7].g_col[12].u_pe/u_mul/u_dsp/B[17:0] is not pipelined. Pipelining DSP48 input will improve performance.
Related violations: <none>

DPIP-2#629 Warning
Input pipelining  
DSP u_array/u_ref/g_row[7].g_col[13].u_pe/u_mul/u_dsp input u_array/u_ref/g_row[7].g_col[13].u_pe/u_mul/u_dsp/B[17:0] is not pipelined. Pipelining DSP48 input will improve performance.
Related violations: <none>

DPIP-2#630 Warning
Input pipelining  
DSP u_array/u_ref/g_row[7].g_col[14].u_pe/u_mul/u_dsp input u_array/u_ref/g_row[7].g_col[14].u_pe/u_mul/u_dsp/B[17:0] is not pipelined. Pipelining DSP48 input will improve performance.
Related violations: <none>

DPIP-2#631 Warning
Input pipelining  
DSP u_array/u_ref/g_row[7].g_col[15].u_pe/u_mul/u_dsp input u_array/u_ref/g_row[7].g_col[15].u_pe/u_mul/u_dsp/B[17:0] is not pipelined. Pipelining DSP48 input will improve performance.
Related violations: <none>

DPIP-2#632 Warning
Input pipelining  
DSP u_array/u_ref/g_row[7].g_col[16].u_pe/u_mul/u_dsp input u_array/u_ref/g_row[7].g_col[16].u_pe/u_mul/u_dsp/B[17:0] is not pipelined. Pipelining DSP48 input will improve performance.
Related violations: <none>

DPIP-2#633 Warning
Input pipelining  
DSP u_array/u_ref/g_row[7].g_col[17].u_pe/u_mul/u_dsp input u_array/u_ref/g_row[7].g_col[17].u_pe/u_mul/u_dsp/B[17:0] is not pipelined. Pipelining DSP48 input will improve performance.
Related violations: <none>

DPIP-2#634 Warning
Input pipelining  
DSP u_array/u_ref/g_row[7].g_col[18].u_pe/u_mul/u_dsp input u_array/u_ref/g_row[7].g_col[18].u_pe/u_mul/u_dsp/B[17:0] is not pipelined. Pipelining DSP48 input will improve performance.
Related violations: <none>

DPIP-2#635 Warning
Input pipelining  
DSP u_array/u_ref/g_row[7].g_col[19].u_pe/u_mul/u_dsp input u_array/u_ref/g_row[7].g_col[19].u_pe/u_mul/u_dsp/B[17:0] is not pipelined. Pipelining DSP48 input will improve performance.
Related violations: <none>

DPIP-2#636 Warning
Input pipelining  
DSP u_array/u_ref/g_row[7].g_col[1].u_pe/u_mul/u_dsp input u_array/u_ref/g_row[7].g_col[1].u_pe/u_mul/u_dsp/B[17:0] is not pipelined. Pipelining DSP48 input will improve performance.
Related violations: <none>

DPIP-2#637 Warning
Input pipelining  
DSP u_array/u_ref/g_row[7].g_col[20].u_pe/u_mul/u_dsp input u_array/u_ref/g_row[7].g_col[20].u_pe/u_mul/u_dsp/B[17:0] is not pipelined. Pipelining DSP48 input will improve performance.
Related violations: <none>

DPIP-2#638 Warning
Input pipelining  
DSP u_array/u_ref/g_row[7].g_col[21].u_pe/u_mul/u_dsp input u_array/u_ref/g_row[7].g_col[21].u_pe/u_mul/u_dsp/B[17:0] is not pipelined. Pipelining DSP48 input will improve performance.
Related violations: <none>

DPIP-2#639 Warning
Input pipelining  
DSP u_array/u_ref/g_row[7].g_col[22].u_pe/u_mul/u_dsp input u_array/u_ref/g_row[7].g_col[22].u_pe/u_mul/u_dsp/B[17:0] is not pipelined. Pipelining DSP48 input will improve performance.
Related violations: <none>

DPIP-2#640 Warning
Input pipelining  
DSP u_array/u_ref/g_row[7].g_col[23].u_pe/u_mul/u_dsp input u_array/u_ref/g_row[7].g_col[23].u_pe/u_mul/u_dsp/B[17:0] is not pipelined. Pipelining DSP48 input will improve performance.
Related violations: <none>

DPIP-2#641 Warning
Input pipelining  
DSP u_array/u_ref/g_row[7].g_col[24].u_pe/u_mul/u_dsp input u_array/u_ref/g_row[7].g_col[24].u_pe/u_mul/u_dsp/B[17:0] is not pipelined. Pipelining DSP48 input will improve performance.
Related violations: <none>

DPIP-2#642 Warning
Input pipelining  
DSP u_array/u_ref/g_row[7].g_col[25].u_pe/u_mul/u_dsp input u_array/u_ref/g_row[7].g_col[25].u_pe/u_mul/u_dsp/B[17:0] is not pipelined. Pipelining DSP48 input will improve performance.
Related violations: <none>

DPIP-2#643 Warning
Input pipelining  
DSP u_array/u_ref/g_row[7].g_col[26].u_pe/u_mul/u_dsp input u_array/u_ref/g_row[7].g_col[26].u_pe/u_mul/u_dsp/B[17:0] is not pipelined. Pipelining DSP48 input will improve performance.
Related violations: <none>

DPIP-2#644 Warning
Input pipelining  
DSP u_array/u_ref/g_row[7].g_col[27].u_pe/u_mul/u_dsp input u_array/u_ref/g_row[7].g_col[27].u_pe/u_mul/u_dsp/B[17:0] is not pipelined. Pipelining DSP48 input will improve performance.
Related violations: <none>

DPIP-2#645 Warning
Input pipelining  
DSP u_array/u_ref/g_row[7].g_col[28].u_pe/u_mul/u_dsp input u_array/u_ref/g_row[7].g_col[28].u_pe/u_mul/u_dsp/B[17:0] is not pipelined. Pipelining DSP48 input will improve performance.
Related violations: <none>

DPIP-2#646 Warning
Input pipelining  
DSP u_array/u_ref/g_row[7].g_col[29].u_pe/u_mul/u_dsp input u_array/u_ref/g_row[7].g_col[29].u_pe/u_mul/u_dsp/B[17:0] is not pipelined. Pipelining DSP48 input will improve performance.
Related violations: <none>

DPIP-2#647 Warning
Input pipelining  
DSP u_array/u_ref/g_row[7].g_col[2].u_pe/u_mul/u_dsp input u_array/u_ref/g_row[7].g_col[2].u_pe/u_mul/u_dsp/B[17:0] is not pipelined. Pipelining DSP48 input will improve performance.
Related violations: <none>

DPIP-2#648 Warning
Input pipelining  
DSP u_array/u_ref/g_row[7].g_col[30].u_pe/u_mul/u_dsp input u_array/u_ref/g_row[7].g_col[30].u_pe/u_mul/u_dsp/B[17:0] is not pipelined. Pipelining DSP48 input will improve performance.
Related violations: <none>

DPIP-2#649 Warning
Input pipelining  
DSP u_array/u_ref/g_row[7].g_col[31].u_pe/u_mul/u_dsp input u_array/u_ref/g_row[7].g_col[31].u_pe/u_mul/u_dsp/B[17:0] is not pipelined. Pipelining DSP48 input will improve performance.
Related violations: <none>

DPIP-2#650 Warning
Input pipelining  
DSP u_array/u_ref/g_row[7].g_col[32].u_pe/u_mul/u_dsp input u_array/u_ref/g_row[7].g_col[32].u_pe/u_mul/u_dsp/B[17:0] is not pipelined. Pipelining DSP48 input will improve performance.
Related violations: <none>

DPIP-2#651 Warning
Input pipelining  
DSP u_array/u_ref/g_row[7].g_col[33].u_pe/u_mul/u_dsp input u_array/u_ref/g_row[7].g_col[33].u_pe/u_mul/u_dsp/B[17:0] is not pipelined. Pipelining DSP48 input will improve performance.
Related violations: <none>

DPIP-2#652 Warning
Input pipelining  
DSP u_array/u_ref/g_row[7].g_col[34].u_pe/u_mul/u_dsp input u_array/u_ref/g_row[7].g_col[34].u_pe/u_mul/u_dsp/B[17:0] is not pipelined. Pipelining DSP48 input will improve performance.
Related violations: <none>

DPIP-2#653 Warning
Input pipelining  
DSP u_array/u_ref/g_row[7].g_col[35].u_pe/u_mul/u_dsp input u_array/u_ref/g_row[7].g_col[35].u_pe/u_mul/u_dsp/B[17:0] is not pipelined. Pipelining DSP48 input will improve performance.
Related violations: <none>

DPIP-2#654 Warning
Input pipelining  
DSP u_array/u_ref/g_row[7].g_col[36].u_pe/u_mul/u_dsp input u_array/u_ref/g_row[7].g_col[36].u_pe/u_mul/u_dsp/B[17:0] is not pipelined. Pipelining DSP48 input will improve performance.
Related violations: <none>

DPIP-2#655 Warning
Input pipelining  
DSP u_array/u_ref/g_row[7].g_col[37].u_pe/u_mul/u_dsp input u_array/u_ref/g_row[7].g_col[37].u_pe/u_mul/u_dsp/B[17:0] is not pipelined. Pipelining DSP48 input will improve performance.
Related violations: <none>

DPIP-2#656 Warning
Input pipelining  
DSP u_array/u_ref/g_row[7].g_col[38].u_pe/u_mul/u_dsp input u_array/u_ref/g_row[7].g_col[38].u_pe/u_mul/u_dsp/B[17:0] is not pipelined. Pipelining DSP48 input will improve performance.
Related violations: <none>

DPIP-2#657 Warning
Input pipelining  
DSP u_array/u_ref/g_row[7].g_col[39].u_pe/u_mul/u_dsp input u_array/u_ref/g_row[7].g_col[39].u_pe/u_mul/u_dsp/B[17:0] is not pipelined. Pipelining DSP48 input will improve performance.
Related violations: <none>

DPIP-2#658 Warning
Input pipelining  
DSP u_array/u_ref/g_row[7].g_col[3].u_pe/u_mul/u_dsp input u_array/u_ref/g_row[7].g_col[3].u_pe/u_mul/u_dsp/B[17:0] is not pipelined. Pipelining DSP48 input will improve performance.
Related violations: <none>

DPIP-2#659 Warning
Input pipelining  
DSP u_array/u_ref/g_row[7].g_col[40].u_pe/u_mul/u_dsp input u_array/u_ref/g_row[7].g_col[40].u_pe/u_mul/u_dsp/B[17:0] is not pipelined. Pipelining DSP48 input will improve performance.
Related violations: <none>

DPIP-2#660 Warning
Input pipelining  
DSP u_array/u_ref/g_row[7].g_col[41].u_pe/u_mul/u_dsp input u_array/u_ref/g_row[7].g_col[41].u_pe/u_mul/u_dsp/B[17:0] is not pipelined. Pipelining DSP48 input will improve performance.
Related violations: <none>

DPIP-2#661 Warning
Input pipelining  
DSP u_array/u_ref/g_row[7].g_col[42].u_pe/u_mul/u_dsp input u_array/u_ref/g_row[7].g_col[42].u_pe/u_mul/u_dsp/B[17:0] is not pipelined. Pipelining DSP48 input will improve performance.
Related violations: <none>

DPIP-2#662 Warning
Input pipelining  
DSP u_array/u_ref/g_row[7].g_col[43].u_pe/u_mul/u_dsp input u_array/u_ref/g_row[7].g_col[43].u_pe/u_mul/u_dsp/B[17:0] is not pipelined. Pipelining DSP48 input will improve performance.
Related violations: <none>

DPIP-2#663 Warning
Input pipelining  
DSP u_array/u_ref/g_row[7].g_col[44].u_pe/u_mul/u_dsp input u_array/u_ref/g_row[7].g_col[44].u_pe/u_mul/u_dsp/B[17:0] is not pipelined. Pipelining DSP48 input will improve performance.
Related violations: <none>

DPIP-2#664 Warning
Input pipelining  
DSP u_array/u_ref/g_row[7].g_col[45].u_pe/u_mul/u_dsp input u_array/u_ref/g_row[7].g_col[45].u_pe/u_mul/u_dsp/B[17:0] is not pipelined. Pipelining DSP48 input will improve performance.
Related violations: <none>

DPIP-2#665 Warning
Input pipelining  
DSP u_array/u_ref/g_row[7].g_col[46].u_pe/u_mul/u_dsp input u_array/u_ref/g_row[7].g_col[46].u_pe/u_mul/u_dsp/B[17:0] is not pipelined. Pipelining DSP48 input will improve performance.
Related violations: <none>

DPIP-2#666 Warning
Input pipelining  
DSP u_array/u_ref/g_row[7].g_col[47].u_pe/u_mul/u_dsp input u_array/u_ref/g_row[7].g_col[47].u_pe/u_mul/u_dsp/B[17:0] is not pipelined. Pipelining DSP48 input will improve performance.
Related violations: <none>

DPIP-2#667 Warning
Input pipelining  
DSP u_array/u_ref/g_row[7].g_col[4].u_pe/u_mul/u_dsp input u_array/u_ref/g_row[7].g_col[4].u_pe/u_mul/u_dsp/B[17:0] is not pipelined. Pipelining DSP48 input will improve performance.
Related violations: <none>

DPIP-2#668 Warning
Input pipelining  
DSP u_array/u_ref/g_row[7].g_col[5].u_pe/u_mul/u_dsp input u_array/u_ref/g_row[7].g_col[5].u_pe/u_mul/u_dsp/B[17:0] is not pipelined. Pipelining DSP48 input will improve performance.
Related violations: <none>

DPIP-2#669 Warning
Input pipelining  
DSP u_array/u_ref/g_row[7].g_col[6].u_pe/u_mul/u_dsp input u_array/u_ref/g_row[7].g_col[6].u_pe/u_mul/u_dsp/B[17:0] is not pipelined. Pipelining DSP48 input will improve performance.
Related violations: <none>

DPIP-2#670 Warning
Input pipelining  
DSP u_array/u_ref/g_row[7].g_col[7].u_pe/u_mul/u_dsp input u_array/u_ref/g_row[7].g_col[7].u_pe/u_mul/u_dsp/B[17:0] is not pipelined. Pipelining DSP48 input will improve performance.
Related violations: <none>

DPIP-2#671 Warning
Input pipelining  
DSP u_array/u_ref/g_row[7].g_col[8].u_pe/u_mul/u_dsp input u_array/u_ref/g_row[7].g_col[8].u_pe/u_mul/u_dsp/B[17:0] is not pipelined. Pipelining DSP48 input will improve performance.
Related violations: <none>

DPIP-2#672 Warning
Input pipelining  
DSP u_array/u_ref/g_row[7].g_col[9].u_pe/u_mul/u_dsp input u_array/u_ref/g_row[7].g_col[9].u_pe/u_mul/u_dsp/B[17:0] is not pipelined. Pipelining DSP48 input will improve performance.
Related violations: <none>

DPIP-2#673 Warning
Input pipelining  
DSP u_array/u_ref/g_row[8].g_col[0].u_pe/u_mul/u_dsp input u_array/u_ref/g_row[8].g_col[0].u_pe/u_mul/u_dsp/B[17:0] is not pipelined. Pipelining DSP48 input will improve performance.
Related violations: <none>

DPIP-2#674 Warning
Input pipelining  
DSP u_array/u_ref/g_row[8].g_col[10].u_pe/u_mul/u_dsp input u_array/u_ref/g_row[8].g_col[10].u_pe/u_mul/u_dsp/B[17:0] is not pipelined. Pipelining DSP48 input will improve performance.
Related violations: <none>

DPIP-2#675 Warning
Input pipelining  
DSP u_array/u_ref/g_row[8].g_col[11].u_pe/u_mul/u_dsp input u_array/u_ref/g_row[8].g_col[11].u_pe/u_mul/u_dsp/B[17:0] is not pipelined. Pipelining DSP48 input will improve performance.
Related violations: <none>

DPIP-2#676 Warning
Input pipelining  
DSP u_array/u_ref/g_row[8].g_col[12].u_pe/u_mul/u_dsp input u_array/u_ref/g_row[8].g_col[12].u_pe/u_mul/u_dsp/B[17:0] is not pipelined. Pipelining DSP48 input will improve performance.
Related violations: <none>

DPIP-2#677 Warning
Input pipelining  
DSP u_array/u_ref/g_row[8].g_col[13].u_pe/u_mul/u_dsp input u_array/u_ref/g_row[8].g_col[13].u_pe/u_mul/u_dsp/B[17:0] is not pipelined. Pipelining DSP48 input will improve performance.
Related violations: <none>

DPIP-2#678 Warning
Input pipelining  
DSP u_array/u_ref/g_row[8].g_col[14].u_pe/u_mul/u_dsp input u_array/u_ref/g_row[8].g_col[14].u_pe/u_mul/u_dsp/B[17:0] is not pipelined. Pipelining DSP48 input will improve performance.
Related violations: <none>

DPIP-2#679 Warning
Input pipelining  
DSP u_array/u_ref/g_row[8].g_col[15].u_pe/u_mul/u_dsp input u_array/u_ref/g_row[8].g_col[15].u_pe/u_mul/u_dsp/B[17:0] is not pipelined. Pipelining DSP48 input will improve performance.
Related violations: <none>

DPIP-2#680 Warning
Input pipelining  
DSP u_array/u_ref/g_row[8].g_col[16].u_pe/u_mul/u_dsp input u_array/u_ref/g_row[8].g_col[16].u_pe/u_mul/u_dsp/B[17:0] is not pipelined. Pipelining DSP48 input will improve performance.
Related violations: <none>

DPIP-2#681 Warning
Input pipelining  
DSP u_array/u_ref/g_row[8].g_col[17].u_pe/u_mul/u_dsp input u_array/u_ref/g_row[8].g_col[17].u_pe/u_mul/u_dsp/B[17:0] is not pipelined. Pipelining DSP48 input will improve performance.
Related violations: <none>

DPIP-2#682 Warning
Input pipelining  
DSP u_array/u_ref/g_row[8].g_col[18].u_pe/u_mul/u_dsp input u_array/u_ref/g_row[8].g_col[18].u_pe/u_mul/u_dsp/B[17:0] is not pipelined. Pipelining DSP48 input will improve performance.
Related violations: <none>

DPIP-2#683 Warning
Input pipelining  
DSP u_array/u_ref/g_row[8].g_col[19].u_pe/u_mul/u_dsp input u_array/u_ref/g_row[8].g_col[19].u_pe/u_mul/u_dsp/B[17:0] is not pipelined. Pipelining DSP48 input will improve performance.
Related violations: <none>

DPIP-2#684 Warning
Input pipelining  
DSP u_array/u_ref/g_row[8].g_col[1].u_pe/u_mul/u_dsp input u_array/u_ref/g_row[8].g_col[1].u_pe/u_mul/u_dsp/B[17:0] is not pipelined. Pipelining DSP48 input will improve performance.
Related violations: <none>

DPIP-2#685 Warning
Input pipelining  
DSP u_array/u_ref/g_row[8].g_col[20].u_pe/u_mul/u_dsp input u_array/u_ref/g_row[8].g_col[20].u_pe/u_mul/u_dsp/B[17:0] is not pipelined. Pipelining DSP48 input will improve performance.
Related violations: <none>

DPIP-2#686 Warning
Input pipelining  
DSP u_array/u_ref/g_row[8].g_col[21].u_pe/u_mul/u_dsp input u_array/u_ref/g_row[8].g_col[21].u_pe/u_mul/u_dsp/B[17:0] is not pipelined. Pipelining DSP48 input will improve performance.
Related violations: <none>

DPIP-2#687 Warning
Input pipelining  
DSP u_array/u_ref/g_row[8].g_col[22].u_pe/u_mul/u_dsp input u_array/u_ref/g_row[8].g_col[22].u_pe/u_mul/u_dsp/B[17:0] is not pipelined. Pipelining DSP48 input will improve performance.
Related violations: <none>

DPIP-2#688 Warning
Input pipelining  
DSP u_array/u_ref/g_row[8].g_col[23].u_pe/u_mul/u_dsp input u_array/u_ref/g_row[8].g_col[23].u_pe/u_mul/u_dsp/B[17:0] is not pipelined. Pipelining DSP48 input will improve performance.
Related violations: <none>

DPIP-2#689 Warning
Input pipelining  
DSP u_array/u_ref/g_row[8].g_col[24].u_pe/u_mul/u_dsp input u_array/u_ref/g_row[8].g_col[24].u_pe/u_mul/u_dsp/B[17:0] is not pipelined. Pipelining DSP48 input will improve performance.
Related violations: <none>

DPIP-2#690 Warning
Input pipelining  
DSP u_array/u_ref/g_row[8].g_col[25].u_pe/u_mul/u_dsp input u_array/u_ref/g_row[8].g_col[25].u_pe/u_mul/u_dsp/B[17:0] is not pipelined. Pipelining DSP48 input will improve performance.
Related violations: <none>

DPIP-2#691 Warning
Input pipelining  
DSP u_array/u_ref/g_row[8].g_col[26].u_pe/u_mul/u_dsp input u_array/u_ref/g_row[8].g_col[26].u_pe/u_mul/u_dsp/B[17:0] is not pipelined. Pipelining DSP48 input will improve performance.
Related violations: <none>

DPIP-2#692 Warning
Input pipelining  
DSP u_array/u_ref/g_row[8].g_col[27].u_pe/u_mul/u_dsp input u_array/u_ref/g_row[8].g_col[27].u_pe/u_mul/u_dsp/B[17:0] is not pipelined. Pipelining DSP48 input will improve performance.
Related violations: <none>

DPIP-2#693 Warning
Input pipelining  
DSP u_array/u_ref/g_row[8].g_col[28].u_pe/u_mul/u_dsp input u_array/u_ref/g_row[8].g_col[28].u_pe/u_mul/u_dsp/B[17:0] is not pipelined. Pipelining DSP48 input will improve performance.
Related violations: <none>

DPIP-2#694 Warning
Input pipelining  
DSP u_array/u_ref/g_row[8].g_col[29].u_pe/u_mul/u_dsp input u_array/u_ref/g_row[8].g_col[29].u_pe/u_mul/u_dsp/B[17:0] is not pipelined. Pipelining DSP48 input will improve performance.
Related violations: <none>

DPIP-2#695 Warning
Input pipelining  
DSP u_array/u_ref/g_row[8].g_col[2].u_pe/u_mul/u_dsp input u_array/u_ref/g_row[8].g_col[2].u_pe/u_mul/u_dsp/B[17:0] is not pipelined. Pipelining DSP48 input will improve performance.
Related violations: <none>

DPIP-2#696 Warning
Input pipelining  
DSP u_array/u_ref/g_row[8].g_col[30].u_pe/u_mul/u_dsp input u_array/u_ref/g_row[8].g_col[30].u_pe/u_mul/u_dsp/B[17:0] is not pipelined. Pipelining DSP48 input will improve performance.
Related violations: <none>

DPIP-2#697 Warning
Input pipelining  
DSP u_array/u_ref/g_row[8].g_col[31].u_pe/u_mul/u_dsp input u_array/u_ref/g_row[8].g_col[31].u_pe/u_mul/u_dsp/B[17:0] is not pipelined. Pipelining DSP48 input will improve performance.
Related violations: <none>

DPIP-2#698 Warning
Input pipelining  
DSP u_array/u_ref/g_row[8].g_col[32].u_pe/u_mul/u_dsp input u_array/u_ref/g_row[8].g_col[32].u_pe/u_mul/u_dsp/B[17:0] is not pipelined. Pipelining DSP48 input will improve performance.
Related violations: <none>

DPIP-2#699 Warning
Input pipelining  
DSP u_array/u_ref/g_row[8].g_col[33].u_pe/u_mul/u_dsp input u_array/u_ref/g_row[8].g_col[33].u_pe/u_mul/u_dsp/B[17:0] is not pipelined. Pipelining DSP48 input will improve performance.
Related violations: <none>

DPIP-2#700 Warning
Input pipelining  
DSP u_array/u_ref/g_row[8].g_col[34].u_pe/u_mul/u_dsp input u_array/u_ref/g_row[8].g_col[34].u_pe/u_mul/u_dsp/B[17:0] is not pipelined. Pipelining DSP48 input will improve performance.
Related violations: <none>

DPIP-2#701 Warning
Input pipelining  
DSP u_array/u_ref/g_row[8].g_col[35].u_pe/u_mul/u_dsp input u_array/u_ref/g_row[8].g_col[35].u_pe/u_mul/u_dsp/B[17:0] is not pipelined. Pipelining DSP48 input will improve performance.
Related violations: <none>

DPIP-2#702 Warning
Input pipelining  
DSP u_array/u_ref/g_row[8].g_col[36].u_pe/u_mul/u_dsp input u_array/u_ref/g_row[8].g_col[36].u_pe/u_mul/u_dsp/B[17:0] is not pipelined. Pipelining DSP48 input will improve performance.
Related violations: <none>

DPIP-2#703 Warning
Input pipelining  
DSP u_array/u_ref/g_row[8].g_col[37].u_pe/u_mul/u_dsp input u_array/u_ref/g_row[8].g_col[37].u_pe/u_mul/u_dsp/B[17:0] is not pipelined. Pipelining DSP48 input will improve performance.
Related violations: <none>

DPIP-2#704 Warning
Input pipelining  
DSP u_array/u_ref/g_row[8].g_col[38].u_pe/u_mul/u_dsp input u_array/u_ref/g_row[8].g_col[38].u_pe/u_mul/u_dsp/B[17:0] is not pipelined. Pipelining DSP48 input will improve performance.
Related violations: <none>

DPIP-2#705 Warning
Input pipelining  
DSP u_array/u_ref/g_row[8].g_col[39].u_pe/u_mul/u_dsp input u_array/u_ref/g_row[8].g_col[39].u_pe/u_mul/u_dsp/B[17:0] is not pipelined. Pipelining DSP48 input will improve performance.
Related violations: <none>

DPIP-2#706 Warning
Input pipelining  
DSP u_array/u_ref/g_row[8].g_col[3].u_pe/u_mul/u_dsp input u_array/u_ref/g_row[8].g_col[3].u_pe/u_mul/u_dsp/B[17:0] is not pipelined. Pipelining DSP48 input will improve performance.
Related violations: <none>

DPIP-2#707 Warning
Input pipelining  
DSP u_array/u_ref/g_row[8].g_col[40].u_pe/u_mul/u_dsp input u_array/u_ref/g_row[8].g_col[40].u_pe/u_mul/u_dsp/B[17:0] is not pipelined. Pipelining DSP48 input will improve performance.
Related violations: <none>

DPIP-2#708 Warning
Input pipelining  
DSP u_array/u_ref/g_row[8].g_col[41].u_pe/u_mul/u_dsp input u_array/u_ref/g_row[8].g_col[41].u_pe/u_mul/u_dsp/B[17:0] is not pipelined. Pipelining DSP48 input will improve performance.
Related violations: <none>

DPIP-2#709 Warning
Input pipelining  
DSP u_array/u_ref/g_row[8].g_col[42].u_pe/u_mul/u_dsp input u_array/u_ref/g_row[8].g_col[42].u_pe/u_mul/u_dsp/B[17:0] is not pipelined. Pipelining DSP48 input will improve performance.
Related violations: <none>

DPIP-2#710 Warning
Input pipelining  
DSP u_array/u_ref/g_row[8].g_col[43].u_pe/u_mul/u_dsp input u_array/u_ref/g_row[8].g_col[43].u_pe/u_mul/u_dsp/B[17:0] is not pipelined. Pipelining DSP48 input will improve performance.
Related violations: <none>

DPIP-2#711 Warning
Input pipelining  
DSP u_array/u_ref/g_row[8].g_col[44].u_pe/u_mul/u_dsp input u_array/u_ref/g_row[8].g_col[44].u_pe/u_mul/u_dsp/B[17:0] is not pipelined. Pipelining DSP48 input will improve performance.
Related violations: <none>

DPIP-2#712 Warning
Input pipelining  
DSP u_array/u_ref/g_row[8].g_col[45].u_pe/u_mul/u_dsp input u_array/u_ref/g_row[8].g_col[45].u_pe/u_mul/u_dsp/B[17:0] is not pipelined. Pipelining DSP48 input will improve performance.
Related violations: <none>

DPIP-2#713 Warning
Input pipelining  
DSP u_array/u_ref/g_row[8].g_col[46].u_pe/u_mul/u_dsp input u_array/u_ref/g_row[8].g_col[46].u_pe/u_mul/u_dsp/B[17:0] is not pipelined. Pipelining DSP48 input will improve performance.
Related violations: <none>

DPIP-2#714 Warning
Input pipelining  
DSP u_array/u_ref/g_row[8].g_col[47].u_pe/u_mul/u_dsp input u_array/u_ref/g_row[8].g_col[47].u_pe/u_mul/u_dsp/B[17:0] is not pipelined. Pipelining DSP48 input will improve performance.
Related violations: <none>

DPIP-2#715 Warning
Input pipelining  
DSP u_array/u_ref/g_row[8].g_col[4].u_pe/u_mul/u_dsp input u_array/u_ref/g_row[8].g_col[4].u_pe/u_mul/u_dsp/B[17:0] is not pipelined. Pipelining DSP48 input will improve performance.
Related violations: <none>

DPIP-2#716 Warning
Input pipelining  
DSP u_array/u_ref/g_row[8].g_col[5].u_pe/u_mul/u_dsp input u_array/u_ref/g_row[8].g_col[5].u_pe/u_mul/u_dsp/B[17:0] is not pipelined. Pipelining DSP48 input will improve performance.
Related violations: <none>

DPIP-2#717 Warning
Input pipelining  
DSP u_array/u_ref/g_row[8].g_col[6].u_pe/u_mul/u_dsp input u_array/u_ref/g_row[8].g_col[6].u_pe/u_mul/u_dsp/B[17:0] is not pipelined. Pipelining DSP48 input will improve performance.
Related violations: <none>

DPIP-2#718 Warning
Input pipelining  
DSP u_array/u_ref/g_row[8].g_col[7].u_pe/u_mul/u_dsp input u_array/u_ref/g_row[8].g_col[7].u_pe/u_mul/u_dsp/B[17:0] is not pipelined. Pipelining DSP48 input will improve performance.
Related violations: <none>

DPIP-2#719 Warning
Input pipelining  
DSP u_array/u_ref/g_row[8].g_col[8].u_pe/u_mul/u_dsp input u_array/u_ref/g_row[8].g_col[8].u_pe/u_mul/u_dsp/B[17:0] is not pipelined. Pipelining DSP48 input will improve performance.
Related violations: <none>

DPIP-2#720 Warning
Input pipelining  
DSP u_array/u_ref/g_row[8].g_col[9].u_pe/u_mul/u_dsp input u_array/u_ref/g_row[8].g_col[9].u_pe/u_mul/u_dsp/B[17:0] is not pipelined. Pipelining DSP48 input will improve performance.
Related violations: <none>

DPIP-2#721 Warning
Input pipelining  
DSP u_array/u_ref/g_row[9].g_col[0].u_pe/u_mul/u_dsp input u_array/u_ref/g_row[9].g_col[0].u_pe/u_mul/u_dsp/B[17:0] is not pipelined. Pipelining DSP48 input will improve performance.
Related violations: <none>

DPIP-2#722 Warning
Input pipelining  
DSP u_array/u_ref/g_row[9].g_col[10].u_pe/u_mul/u_dsp input u_array/u_ref/g_row[9].g_col[10].u_pe/u_mul/u_dsp/B[17:0] is not pipelined. Pipelining DSP48 input will improve performance.
Related violations: <none>

DPIP-2#723 Warning
Input pipelining  
DSP u_array/u_ref/g_row[9].g_col[11].u_pe/u_mul/u_dsp input u_array/u_ref/g_row[9].g_col[11].u_pe/u_mul/u_dsp/B[17:0] is not pipelined. Pipelining DSP48 input will improve performance.
Related violations: <none>

DPIP-2#724 Warning
Input pipelining  
DSP u_array/u_ref/g_row[9].g_col[12].u_pe/u_mul/u_dsp input u_array/u_ref/g_row[9].g_col[12].u_pe/u_mul/u_dsp/B[17:0] is not pipelined. Pipelining DSP48 input will improve performance.
Related violations: <none>

DPIP-2#725 Warning
Input pipelining  
DSP u_array/u_ref/g_row[9].g_col[13].u_pe/u_mul/u_dsp input u_array/u_ref/g_row[9].g_col[13].u_pe/u_mul/u_dsp/B[17:0] is not pipelined. Pipelining DSP48 input will improve performance.
Related violations: <none>

DPIP-2#726 Warning
Input pipelining  
DSP u_array/u_ref/g_row[9].g_col[14].u_pe/u_mul/u_dsp input u_array/u_ref/g_row[9].g_col[14].u_pe/u_mul/u_dsp/B[17:0] is not pipelined. Pipelining DSP48 input will improve performance.
Related violations: <none>

DPIP-2#727 Warning
Input pipelining  
DSP u_array/u_ref/g_row[9].g_col[15].u_pe/u_mul/u_dsp input u_array/u_ref/g_row[9].g_col[15].u_pe/u_mul/u_dsp/B[17:0] is not pipelined. Pipelining DSP48 input will improve performance.
Related violations: <none>

DPIP-2#728 Warning
Input pipelining  
DSP u_array/u_ref/g_row[9].g_col[16].u_pe/u_mul/u_dsp input u_array/u_ref/g_row[9].g_col[16].u_pe/u_mul/u_dsp/B[17:0] is not pipelined. Pipelining DSP48 input will improve performance.
Related violations: <none>

DPIP-2#729 Warning
Input pipelining  
DSP u_array/u_ref/g_row[9].g_col[17].u_pe/u_mul/u_dsp input u_array/u_ref/g_row[9].g_col[17].u_pe/u_mul/u_dsp/B[17:0] is not pipelined. Pipelining DSP48 input will improve performance.
Related violations: <none>

DPIP-2#730 Warning
Input pipelining  
DSP u_array/u_ref/g_row[9].g_col[18].u_pe/u_mul/u_dsp input u_array/u_ref/g_row[9].g_col[18].u_pe/u_mul/u_dsp/B[17:0] is not pipelined. Pipelining DSP48 input will improve performance.
Related violations: <none>

DPIP-2#731 Warning
Input pipelining  
DSP u_array/u_ref/g_row[9].g_col[19].u_pe/u_mul/u_dsp input u_array/u_ref/g_row[9].g_col[19].u_pe/u_mul/u_dsp/B[17:0] is not pipelined. Pipelining DSP48 input will improve performance.
Related violations: <none>

DPIP-2#732 Warning
Input pipelining  
DSP u_array/u_ref/g_row[9].g_col[1].u_pe/u_mul/u_dsp input u_array/u_ref/g_row[9].g_col[1].u_pe/u_mul/u_dsp/B[17:0] is not pipelined. Pipelining DSP48 input will improve performance.
Related violations: <none>

DPIP-2#733 Warning
Input pipelining  
DSP u_array/u_ref/g_row[9].g_col[20].u_pe/u_mul/u_dsp input u_array/u_ref/g_row[9].g_col[20].u_pe/u_mul/u_dsp/B[17:0] is not pipelined. Pipelining DSP48 input will improve performance.
Related violations: <none>

DPIP-2#734 Warning
Input pipelining  
DSP u_array/u_ref/g_row[9].g_col[21].u_pe/u_mul/u_dsp input u_array/u_ref/g_row[9].g_col[21].u_pe/u_mul/u_dsp/B[17:0] is not pipelined. Pipelining DSP48 input will improve performance.
Related violations: <none>

DPIP-2#735 Warning
Input pipelining  
DSP u_array/u_ref/g_row[9].g_col[22].u_pe/u_mul/u_dsp input u_array/u_ref/g_row[9].g_col[22].u_pe/u_mul/u_dsp/B[17:0] is not pipelined. Pipelining DSP48 input will improve performance.
Related violations: <none>

DPIP-2#736 Warning
Input pipelining  
DSP u_array/u_ref/g_row[9].g_col[23].u_pe/u_mul/u_dsp input u_array/u_ref/g_row[9].g_col[23].u_pe/u_mul/u_dsp/B[17:0] is not pipelined. Pipelining DSP48 input will improve performance.
Related violations: <none>

DPIP-2#737 Warning
Input pipelining  
DSP u_array/u_ref/g_row[9].g_col[24].u_pe/u_mul/u_dsp input u_array/u_ref/g_row[9].g_col[24].u_pe/u_mul/u_dsp/B[17:0] is not pipelined. Pipelining DSP48 input will improve performance.
Related violations: <none>

DPIP-2#738 Warning
Input pipelining  
DSP u_array/u_ref/g_row[9].g_col[25].u_pe/u_mul/u_dsp input u_array/u_ref/g_row[9].g_col[25].u_pe/u_mul/u_dsp/B[17:0] is not pipelined. Pipelining DSP48 input will improve performance.
Related violations: <none>

DPIP-2#739 Warning
Input pipelining  
DSP u_array/u_ref/g_row[9].g_col[26].u_pe/u_mul/u_dsp input u_array/u_ref/g_row[9].g_col[26].u_pe/u_mul/u_dsp/B[17:0] is not pipelined. Pipelining DSP48 input will improve performance.
Related violations: <none>

DPIP-2#740 Warning
Input pipelining  
DSP u_array/u_ref/g_row[9].g_col[27].u_pe/u_mul/u_dsp input u_array/u_ref/g_row[9].g_col[27].u_pe/u_mul/u_dsp/B[17:0] is not pipelined. Pipelining DSP48 input will improve performance.
Related violations: <none>

DPIP-2#741 Warning
Input pipelining  
DSP u_array/u_ref/g_row[9].g_col[28].u_pe/u_mul/u_dsp input u_array/u_ref/g_row[9].g_col[28].u_pe/u_mul/u_dsp/B[17:0] is not pipelined. Pipelining DSP48 input will improve performance.
Related violations: <none>

DPIP-2#742 Warning
Input pipelining  
DSP u_array/u_ref/g_row[9].g_col[29].u_pe/u_mul/u_dsp input u_array/u_ref/g_row[9].g_col[29].u_pe/u_mul/u_dsp/B[17:0] is not pipelined. Pipelining DSP48 input will improve performance.
Related violations: <none>

DPIP-2#743 Warning
Input pipelining  
DSP u_array/u_ref/g_row[9].g_col[2].u_pe/u_mul/u_dsp input u_array/u_ref/g_row[9].g_col[2].u_pe/u_mul/u_dsp/B[17:0] is not pipelined. Pipelining DSP48 input will improve performance.
Related violations: <none>

DPIP-2#744 Warning
Input pipelining  
DSP u_array/u_ref/g_row[9].g_col[30].u_pe/u_mul/u_dsp input u_array/u_ref/g_row[9].g_col[30].u_pe/u_mul/u_dsp/B[17:0] is not pipelined. Pipelining DSP48 input will improve performance.
Related violations: <none>

DPIP-2#745 Warning
Input pipelining  
DSP u_array/u_ref/g_row[9].g_col[31].u_pe/u_mul/u_dsp input u_array/u_ref/g_row[9].g_col[31].u_pe/u_mul/u_dsp/B[17:0] is not pipelined. Pipelining DSP48 input will improve performance.
Related violations: <none>

DPIP-2#746 Warning
Input pipelining  
DSP u_array/u_ref/g_row[9].g_col[32].u_pe/u_mul/u_dsp input u_array/u_ref/g_row[9].g_col[32].u_pe/u_mul/u_dsp/B[17:0] is not pipelined. Pipelining DSP48 input will improve performance.
Related violations: <none>

DPIP-2#747 Warning
Input pipelining  
DSP u_array/u_ref/g_row[9].g_col[33].u_pe/u_mul/u_dsp input u_array/u_ref/g_row[9].g_col[33].u_pe/u_mul/u_dsp/B[17:0] is not pipelined. Pipelining DSP48 input will improve performance.
Related violations: <none>

DPIP-2#748 Warning
Input pipelining  
DSP u_array/u_ref/g_row[9].g_col[34].u_pe/u_mul/u_dsp input u_array/u_ref/g_row[9].g_col[34].u_pe/u_mul/u_dsp/B[17:0] is not pipelined. Pipelining DSP48 input will improve performance.
Related violations: <none>

DPIP-2#749 Warning
Input pipelining  
DSP u_array/u_ref/g_row[9].g_col[35].u_pe/u_mul/u_dsp input u_array/u_ref/g_row[9].g_col[35].u_pe/u_mul/u_dsp/B[17:0] is not pipelined. Pipelining DSP48 input will improve performance.
Related violations: <none>

DPIP-2#750 Warning
Input pipelining  
DSP u_array/u_ref/g_row[9].g_col[36].u_pe/u_mul/u_dsp input u_array/u_ref/g_row[9].g_col[36].u_pe/u_mul/u_dsp/B[17:0] is not pipelined. Pipelining DSP48 input will improve performance.
Related violations: <none>

DPIP-2#751 Warning
Input pipelining  
DSP u_array/u_ref/g_row[9].g_col[37].u_pe/u_mul/u_dsp input u_array/u_ref/g_row[9].g_col[37].u_pe/u_mul/u_dsp/B[17:0] is not pipelined. Pipelining DSP48 input will improve performance.
Related violations: <none>

DPIP-2#752 Warning
Input pipelining  
DSP u_array/u_ref/g_row[9].g_col[38].u_pe/u_mul/u_dsp input u_array/u_ref/g_row[9].g_col[38].u_pe/u_mul/u_dsp/B[17:0] is not pipelined. Pipelining DSP48 input will improve performance.
Related violations: <none>

DPIP-2#753 Warning
Input pipelining  
DSP u_array/u_ref/g_row[9].g_col[39].u_pe/u_mul/u_dsp input u_array/u_ref/g_row[9].g_col[39].u_pe/u_mul/u_dsp/B[17:0] is not pipelined. Pipelining DSP48 input will improve performance.
Related violations: <none>

DPIP-2#754 Warning
Input pipelining  
DSP u_array/u_ref/g_row[9].g_col[3].u_pe/u_mul/u_dsp input u_array/u_ref/g_row[9].g_col[3].u_pe/u_mul/u_dsp/B[17:0] is not pipelined. Pipelining DSP48 input will improve performance.
Related violations: <none>

DPIP-2#755 Warning
Input pipelining  
DSP u_array/u_ref/g_row[9].g_col[40].u_pe/u_mul/u_dsp input u_array/u_ref/g_row[9].g_col[40].u_pe/u_mul/u_dsp/B[17:0] is not pipelined. Pipelining DSP48 input will improve performance.
Related violations: <none>

DPIP-2#756 Warning
Input pipelining  
DSP u_array/u_ref/g_row[9].g_col[41].u_pe/u_mul/u_dsp input u_array/u_ref/g_row[9].g_col[41].u_pe/u_mul/u_dsp/B[17:0] is not pipelined. Pipelining DSP48 input will improve performance.
Related violations: <none>

DPIP-2#757 Warning
Input pipelining  
DSP u_array/u_ref/g_row[9].g_col[42].u_pe/u_mul/u_dsp input u_array/u_ref/g_row[9].g_col[42].u_pe/u_mul/u_dsp/B[17:0] is not pipelined. Pipelining DSP48 input will improve performance.
Related violations: <none>

DPIP-2#758 Warning
Input pipelining  
DSP u_array/u_ref/g_row[9].g_col[43].u_pe/u_mul/u_dsp input u_array/u_ref/g_row[9].g_col[43].u_pe/u_mul/u_dsp/B[17:0] is not pipelined. Pipelining DSP48 input will improve performance.
Related violations: <none>

DPIP-2#759 Warning
Input pipelining  
DSP u_array/u_ref/g_row[9].g_col[44].u_pe/u_mul/u_dsp input u_array/u_ref/g_row[9].g_col[44].u_pe/u_mul/u_dsp/B[17:0] is not pipelined. Pipelining DSP48 input will improve performance.
Related violations: <none>

DPIP-2#760 Warning
Input pipelining  
DSP u_array/u_ref/g_row[9].g_col[45].u_pe/u_mul/u_dsp input u_array/u_ref/g_row[9].g_col[45].u_pe/u_mul/u_dsp/B[17:0] is not pipelined. Pipelining DSP48 input will improve performance.
Related violations: <none>

DPIP-2#761 Warning
Input pipelining  
DSP u_array/u_ref/g_row[9].g_col[46].u_pe/u_mul/u_dsp input u_array/u_ref/g_row[9].g_col[46].u_pe/u_mul/u_dsp/B[17:0] is not pipelined. Pipelining DSP48 input will improve performance.
Related violations: <none>

DPIP-2#762 Warning
Input pipelining  
DSP u_array/u_ref/g_row[9].g_col[47].u_pe/u_mul/u_dsp input u_array/u_ref/g_row[9].g_col[47].u_pe/u_mul/u_dsp/B[17:0] is not pipelined. Pipelining DSP48 input will improve performance.
Related violations: <none>

DPIP-2#763 Warning
Input pipelining  
DSP u_array/u_ref/g_row[9].g_col[4].u_pe/u_mul/u_dsp input u_array/u_ref/g_row[9].g_col[4].u_pe/u_mul/u_dsp/B[17:0] is not pipelined. Pipelining DSP48 input will improve performance.
Related violations: <none>

DPIP-2#764 Warning
Input pipelining  
DSP u_array/u_ref/g_row[9].g_col[5].u_pe/u_mul/u_dsp input u_array/u_ref/g_row[9].g_col[5].u_pe/u_mul/u_dsp/B[17:0] is not pipelined. Pipelining DSP48 input will improve performance.
Related violations: <none>

DPIP-2#765 Warning
Input pipelining  
DSP u_array/u_ref/g_row[9].g_col[6].u_pe/u_mul/u_dsp input u_array/u_ref/g_row[9].g_col[6].u_pe/u_mul/u_dsp/B[17:0] is not pipelined. Pipelining DSP48 input will improve performance.
Related violations: <none>

DPIP-2#766 Warning
Input pipelining  
DSP u_array/u_ref/g_row[9].g_col[7].u_pe/u_mul/u_dsp input u_array/u_ref/g_row[9].g_col[7].u_pe/u_mul/u_dsp/B[17:0] is not pipelined. Pipelining DSP48 input will improve performance.
Related violations: <none>

DPIP-2#767 Warning
Input pipelining  
DSP u_array/u_ref/g_row[9].g_col[8].u_pe/u_mul/u_dsp input u_array/u_ref/g_row[9].g_col[8].u_pe/u_mul/u_dsp/B[17:0] is not pipelined. Pipelining DSP48 input will improve performance.
Related violations: <none>

DPIP-2#768 Warning
Input pipelining  
DSP u_array/u_ref/g_row[9].g_col[9].u_pe/u_mul/u_dsp input u_array/u_ref/g_row[9].g_col[9].u_pe/u_mul/u_dsp/B[17:0] is not pipelined. Pipelining DSP48 input will improve performance.
Related violations: <none>


