Copyright 1986-2021 Xilinx, Inc. All Rights Reserved.
------------------------------------------------------------------------------------------------------------------------------------------------------------------------
| Tool Version : Vivado v.2021.2 (win64) Build 3367213 Tue Oct 19 02:48:09 MDT 2021
| Date         : Mon Sep 14 01:55:43 2026
| Host         : nc23 running 64-bit major release  (build 9200)
| Command      : report_utilization -hierarchical -file turbovla_w8a16/data/v9_2026-09-14_010956/vivado_runs_2026-09-14_0147_fifo_fix/array_on_trace_on/utilization.rpt
| Design       : tvla_replay_top
| Device       : xczu7ev-ffvc1156-2-e
| Speed File   : -2
| Design State : Synthesized
------------------------------------------------------------------------------------------------------------------------------------------------------------------------

Utilization Design Information

Table of Contents
-----------------
1. Utilization by Hierarchy

1. Utilization by Hierarchy
---------------------------

+----------------------------------+-----------------+------------+------------+---------+------+--------+--------+--------+------+------------+
|             Instance             |      Module     | Total LUTs | Logic LUTs | LUTRAMs | SRLs |   FFs  | RAMB36 | RAMB18 | URAM | DSP Blocks |
+----------------------------------+-----------------+------------+------------+---------+------+--------+--------+--------+------+------------+
| tvla_replay_top                  |           (top) |      60419 |      58971 |       0 | 1448 | 119214 |      0 |      0 |    0 |        768 |
|   (tvla_replay_top)              |           (top) |       2224 |       2224 |       0 |    0 |   9333 |      0 |      0 |    0 |          0 |
|   g_array.u_array                |    w8a16_sysarr |      58195 |      56747 |       0 | 1448 | 109881 |      0 |      0 |    0 |        768 |
|     (g_array.u_array)            |    w8a16_sysarr |       9044 |       8364 |       0 |  680 |   1610 |      0 |      0 |    0 |          0 |
|     g_row[0].g_col[0].u_pe       |   w8a16_pe__661 |         63 |         62 |       0 |    1 |    140 |      0 |      0 |    0 |          1 |
|       (g_row[0].g_col[0].u_pe)   |   w8a16_pe__661 |         62 |         62 |       0 |    0 |    139 |      0 |      0 |    0 |          0 |
|       u_mult                     | w8a16_mult__661 |          1 |          0 |       0 |    1 |      1 |      0 |      0 |    0 |          1 |
|     g_row[0].g_col[10].u_pe      |   w8a16_pe__388 |         64 |         63 |       0 |    1 |    141 |      0 |      0 |    0 |          1 |
|       (g_row[0].g_col[10].u_pe)  |   w8a16_pe__388 |         63 |         63 |       0 |    0 |    140 |      0 |      0 |    0 |          0 |
|       u_mult                     | w8a16_mult__388 |          1 |          0 |       0 |    1 |      1 |      0 |      0 |    0 |          1 |
|     g_row[0].g_col[11].u_pe      |   w8a16_pe__471 |         64 |         63 |       0 |    1 |    141 |      0 |      0 |    0 |          1 |
|       (g_row[0].g_col[11].u_pe)  |   w8a16_pe__471 |         63 |         63 |       0 |    0 |    140 |      0 |      0 |    0 |          0 |
|       u_mult                     | w8a16_mult__471 |          1 |          0 |       0 |    1 |      1 |      0 |      0 |    0 |          1 |
|     g_row[0].g_col[12].u_pe      |   w8a16_pe__470 |         64 |         63 |       0 |    1 |    141 |      0 |      0 |    0 |          1 |
|       (g_row[0].g_col[12].u_pe)  |   w8a16_pe__470 |         63 |         63 |       0 |    0 |    140 |      0 |      0 |    0 |          0 |
|       u_mult                     | w8a16_mult__470 |          1 |          0 |       0 |    1 |      1 |      0 |      0 |    0 |          1 |
|     g_row[0].g_col[13].u_pe      |   w8a16_pe__391 |         64 |         63 |       0 |    1 |    141 |      0 |      0 |    0 |          1 |
|       (g_row[0].g_col[13].u_pe)  |   w8a16_pe__391 |         63 |         63 |       0 |    0 |    140 |      0 |      0 |    0 |          0 |
|       u_mult                     | w8a16_mult__391 |          1 |          0 |       0 |    1 |      1 |      0 |      0 |    0 |          1 |
|     g_row[0].g_col[14].u_pe      |   w8a16_pe__394 |         64 |         63 |       0 |    1 |    141 |      0 |      0 |    0 |          1 |
|       (g_row[0].g_col[14].u_pe)  |   w8a16_pe__394 |         63 |         63 |       0 |    0 |    140 |      0 |      0 |    0 |          0 |
|       u_mult                     | w8a16_mult__394 |          1 |          0 |       0 |    1 |      1 |      0 |      0 |    0 |          1 |
|     g_row[0].g_col[15].u_pe      |   w8a16_pe__556 |         64 |         63 |       0 |    1 |    141 |      0 |      0 |    0 |          1 |
|       (g_row[0].g_col[15].u_pe)  |   w8a16_pe__556 |         63 |         63 |       0 |    0 |    140 |      0 |      0 |    0 |          0 |
|       u_mult                     | w8a16_mult__556 |          1 |          0 |       0 |    1 |      1 |      0 |      0 |    0 |          1 |
|     g_row[0].g_col[16].u_pe      |   w8a16_pe__555 |         64 |         63 |       0 |    1 |    141 |      0 |      0 |    0 |          1 |
|       (g_row[0].g_col[16].u_pe)  |   w8a16_pe__555 |         63 |         63 |       0 |    0 |    140 |      0 |      0 |    0 |          0 |
|       u_mult                     | w8a16_mult__555 |          1 |          0 |       0 |    1 |      1 |      0 |      0 |    0 |          1 |
|     g_row[0].g_col[17].u_pe      |   w8a16_pe__554 |         64 |         63 |       0 |    1 |    141 |      0 |      0 |    0 |          1 |
|       (g_row[0].g_col[17].u_pe)  |   w8a16_pe__554 |         63 |         63 |       0 |    0 |    140 |      0 |      0 |    0 |          0 |
|       u_mult                     | w8a16_mult__554 |          1 |          0 |       0 |    1 |      1 |      0 |      0 |    0 |          1 |
|     g_row[0].g_col[18].u_pe      |   w8a16_pe__553 |         64 |         63 |       0 |    1 |    141 |      0 |      0 |    0 |          1 |
|       (g_row[0].g_col[18].u_pe)  |   w8a16_pe__553 |         63 |         63 |       0 |    0 |    140 |      0 |      0 |    0 |          0 |
|       u_mult                     | w8a16_mult__553 |          1 |          0 |       0 |    1 |      1 |      0 |      0 |    0 |          1 |
|     g_row[0].g_col[19].u_pe      |   w8a16_pe__578 |         64 |         63 |       0 |    1 |    141 |      0 |      0 |    0 |          1 |
|       (g_row[0].g_col[19].u_pe)  |   w8a16_pe__578 |         63 |         63 |       0 |    0 |    140 |      0 |      0 |    0 |          0 |
|       u_mult                     | w8a16_mult__578 |          1 |          0 |       0 |    1 |      1 |      0 |      0 |    0 |          1 |
|     g_row[0].g_col[1].u_pe       |   w8a16_pe__648 |         64 |         63 |       0 |    1 |    141 |      0 |      0 |    0 |          1 |
|       (g_row[0].g_col[1].u_pe)   |   w8a16_pe__648 |         63 |         63 |       0 |    0 |    140 |      0 |      0 |    0 |          0 |
|       u_mult                     | w8a16_mult__648 |          1 |          0 |       0 |    1 |      1 |      0 |      0 |    0 |          1 |
|     g_row[0].g_col[20].u_pe      |   w8a16_pe__588 |         64 |         63 |       0 |    1 |    141 |      0 |      0 |    0 |          1 |
|       (g_row[0].g_col[20].u_pe)  |   w8a16_pe__588 |         63 |         63 |       0 |    0 |    140 |      0 |      0 |    0 |          0 |
|       u_mult                     | w8a16_mult__588 |          1 |          0 |       0 |    1 |      1 |      0 |      0 |    0 |          1 |
|     g_row[0].g_col[21].u_pe      |   w8a16_pe__589 |         64 |         63 |       0 |    1 |    141 |      0 |      0 |    0 |          1 |
|       (g_row[0].g_col[21].u_pe)  |   w8a16_pe__589 |         63 |         63 |       0 |    0 |    140 |      0 |      0 |    0 |          0 |
|       u_mult                     | w8a16_mult__589 |          1 |          0 |       0 |    1 |      1 |      0 |      0 |    0 |          1 |
|     g_row[0].g_col[22].u_pe      |   w8a16_pe__590 |         64 |         63 |       0 |    1 |    141 |      0 |      0 |    0 |          1 |
|       (g_row[0].g_col[22].u_pe)  |   w8a16_pe__590 |         63 |         63 |       0 |    0 |    140 |      0 |      0 |    0 |          0 |
|       u_mult                     | w8a16_mult__590 |          1 |          0 |       0 |    1 |      1 |      0 |      0 |    0 |          1 |
|     g_row[0].g_col[23].u_pe      |   w8a16_pe__591 |         64 |         63 |       0 |    1 |    141 |      0 |      0 |    0 |          1 |
|       (g_row[0].g_col[23].u_pe)  |   w8a16_pe__591 |         63 |         63 |       0 |    0 |    140 |      0 |      0 |    0 |          0 |
|       u_mult                     | w8a16_mult__591 |          1 |          0 |       0 |    1 |      1 |      0 |      0 |    0 |          1 |
|     g_row[0].g_col[24].u_pe      |   w8a16_pe__357 |         64 |         63 |       0 |    1 |    141 |      0 |      0 |    0 |          1 |
|       (g_row[0].g_col[24].u_pe)  |   w8a16_pe__357 |         63 |         63 |       0 |    0 |    140 |      0 |      0 |    0 |          0 |
|       u_mult                     | w8a16_mult__357 |          1 |          0 |       0 |    1 |      1 |      0 |      0 |    0 |          1 |
|     g_row[0].g_col[25].u_pe      |   w8a16_pe__358 |         64 |         63 |       0 |    1 |    141 |      0 |      0 |    0 |          1 |
|       (g_row[0].g_col[25].u_pe)  |   w8a16_pe__358 |         63 |         63 |       0 |    0 |    140 |      0 |      0 |    0 |          0 |
|       u_mult                     | w8a16_mult__358 |          1 |          0 |       0 |    1 |      1 |      0 |      0 |    0 |          1 |
|     g_row[0].g_col[26].u_pe      |   w8a16_pe__359 |         64 |         63 |       0 |    1 |    141 |      0 |      0 |    0 |          1 |
|       (g_row[0].g_col[26].u_pe)  |   w8a16_pe__359 |         63 |         63 |       0 |    0 |    140 |      0 |      0 |    0 |          0 |
|       u_mult                     | w8a16_mult__359 |          1 |          0 |       0 |    1 |      1 |      0 |      0 |    0 |          1 |
|     g_row[0].g_col[27].u_pe      |   w8a16_pe__360 |         64 |         63 |       0 |    1 |    141 |      0 |      0 |    0 |          1 |
|       (g_row[0].g_col[27].u_pe)  |   w8a16_pe__360 |         63 |         63 |       0 |    0 |    140 |      0 |      0 |    0 |          0 |
|       u_mult                     | w8a16_mult__360 |          1 |          0 |       0 |    1 |      1 |      0 |      0 |    0 |          1 |
|     g_row[0].g_col[28].u_pe      |   w8a16_pe__361 |         64 |         63 |       0 |    1 |    141 |      0 |      0 |    0 |          1 |
|       (g_row[0].g_col[28].u_pe)  |   w8a16_pe__361 |         63 |         63 |       0 |    0 |    140 |      0 |      0 |    0 |          0 |
|       u_mult                     | w8a16_mult__361 |          1 |          0 |       0 |    1 |      1 |      0 |      0 |    0 |          1 |
|     g_row[0].g_col[29].u_pe      |   w8a16_pe__362 |         64 |         63 |       0 |    1 |    141 |      0 |      0 |    0 |          1 |
|       (g_row[0].g_col[29].u_pe)  |   w8a16_pe__362 |         63 |         63 |       0 |    0 |    140 |      0 |      0 |    0 |          0 |
|       u_mult                     | w8a16_mult__362 |          1 |          0 |       0 |    1 |      1 |      0 |      0 |    0 |          1 |
|     g_row[0].g_col[2].u_pe       |   w8a16_pe__647 |         64 |         63 |       0 |    1 |    141 |      0 |      0 |    0 |          1 |
|       (g_row[0].g_col[2].u_pe)   |   w8a16_pe__647 |         63 |         63 |       0 |    0 |    140 |      0 |      0 |    0 |          0 |
|       u_mult                     | w8a16_mult__647 |          1 |          0 |       0 |    1 |      1 |      0 |      0 |    0 |          1 |
|     g_row[0].g_col[30].u_pe      |   w8a16_pe__363 |         64 |         63 |       0 |    1 |    141 |      0 |      0 |    0 |          1 |
|       (g_row[0].g_col[30].u_pe)  |   w8a16_pe__363 |         63 |         63 |       0 |    0 |    140 |      0 |      0 |    0 |          0 |
|       u_mult                     | w8a16_mult__363 |          1 |          0 |       0 |    1 |      1 |      0 |      0 |    0 |          1 |
|     g_row[0].g_col[31].u_pe      |   w8a16_pe__364 |         64 |         63 |       0 |    1 |    141 |      0 |      0 |    0 |          1 |
|       (g_row[0].g_col[31].u_pe)  |   w8a16_pe__364 |         63 |         63 |       0 |    0 |    140 |      0 |      0 |    0 |          0 |
|       u_mult                     | w8a16_mult__364 |          1 |          0 |       0 |    1 |      1 |      0 |      0 |    0 |          1 |
|     g_row[0].g_col[32].u_pe      |   w8a16_pe__244 |         64 |         63 |       0 |    1 |    141 |      0 |      0 |    0 |          1 |
|       (g_row[0].g_col[32].u_pe)  |   w8a16_pe__244 |         63 |         63 |       0 |    0 |    140 |      0 |      0 |    0 |          0 |
|       u_mult                     | w8a16_mult__244 |          1 |          0 |       0 |    1 |      1 |      0 |      0 |    0 |          1 |
|     g_row[0].g_col[33].u_pe      |   w8a16_pe__243 |         64 |         63 |       0 |    1 |    141 |      0 |      0 |    0 |          1 |
|       (g_row[0].g_col[33].u_pe)  |   w8a16_pe__243 |         63 |         63 |       0 |    0 |    140 |      0 |      0 |    0 |          0 |
|       u_mult                     | w8a16_mult__243 |          1 |          0 |       0 |    1 |      1 |      0 |      0 |    0 |          1 |
|     g_row[0].g_col[34].u_pe      |   w8a16_pe__242 |         64 |         63 |       0 |    1 |    141 |      0 |      0 |    0 |          1 |
|       (g_row[0].g_col[34].u_pe)  |   w8a16_pe__242 |         63 |         63 |       0 |    0 |    140 |      0 |      0 |    0 |          0 |
|       u_mult                     | w8a16_mult__242 |          1 |          0 |       0 |    1 |      1 |      0 |      0 |    0 |          1 |
|     g_row[0].g_col[35].u_pe      |   w8a16_pe__235 |         64 |         63 |       0 |    1 |    141 |      0 |      0 |    0 |          1 |
|       (g_row[0].g_col[35].u_pe)  |   w8a16_pe__235 |         63 |         63 |       0 |    0 |    140 |      0 |      0 |    0 |          0 |
|       u_mult                     | w8a16_mult__235 |          1 |          0 |       0 |    1 |      1 |      0 |      0 |    0 |          1 |
|     g_row[0].g_col[36].u_pe      |   w8a16_pe__236 |         64 |         63 |       0 |    1 |    141 |      0 |      0 |    0 |          1 |
|       (g_row[0].g_col[36].u_pe)  |   w8a16_pe__236 |         63 |         63 |       0 |    0 |    140 |      0 |      0 |    0 |          0 |
|       u_mult                     | w8a16_mult__236 |          1 |          0 |       0 |    1 |      1 |      0 |      0 |    0 |          1 |
|     g_row[0].g_col[37].u_pe      |   w8a16_pe__176 |         64 |         63 |       0 |    1 |    141 |      0 |      0 |    0 |          1 |
|       (g_row[0].g_col[37].u_pe)  |   w8a16_pe__176 |         63 |         63 |       0 |    0 |    140 |      0 |      0 |    0 |          0 |
|       u_mult                     | w8a16_mult__176 |          1 |          0 |       0 |    1 |      1 |      0 |      0 |    0 |          1 |
|     g_row[0].g_col[38].u_pe      |   w8a16_pe__175 |         64 |         63 |       0 |    1 |    141 |      0 |      0 |    0 |          1 |
|       (g_row[0].g_col[38].u_pe)  |   w8a16_pe__175 |         63 |         63 |       0 |    0 |    140 |      0 |      0 |    0 |          0 |
|       u_mult                     | w8a16_mult__175 |          1 |          0 |       0 |    1 |      1 |      0 |      0 |    0 |          1 |
|     g_row[0].g_col[39].u_pe      |   w8a16_pe__174 |         64 |         63 |       0 |    1 |    141 |      0 |      0 |    0 |          1 |
|       (g_row[0].g_col[39].u_pe)  |   w8a16_pe__174 |         63 |         63 |       0 |    0 |    140 |      0 |      0 |    0 |          0 |
|       u_mult                     | w8a16_mult__174 |          1 |          0 |       0 |    1 |      1 |      0 |      0 |    0 |          1 |
|     g_row[0].g_col[3].u_pe       |   w8a16_pe__717 |         64 |         63 |       0 |    1 |    141 |      0 |      0 |    0 |          1 |
|       (g_row[0].g_col[3].u_pe)   |   w8a16_pe__717 |         63 |         63 |       0 |    0 |    140 |      0 |      0 |    0 |          0 |
|       u_mult                     | w8a16_mult__717 |          1 |          0 |       0 |    1 |      1 |      0 |      0 |    0 |          1 |
|     g_row[0].g_col[40].u_pe      |   w8a16_pe__173 |         64 |         63 |       0 |    1 |    141 |      0 |      0 |    0 |          1 |
|       (g_row[0].g_col[40].u_pe)  |   w8a16_pe__173 |         63 |         63 |       0 |    0 |    140 |      0 |      0 |    0 |          0 |
|       u_mult                     | w8a16_mult__173 |          1 |          0 |       0 |    1 |      1 |      0 |      0 |    0 |          1 |
|     g_row[0].g_col[41].u_pe      |   w8a16_pe__110 |         64 |         63 |       0 |    1 |    141 |      0 |      0 |    0 |          1 |
|       (g_row[0].g_col[41].u_pe)  |   w8a16_pe__110 |         63 |         63 |       0 |    0 |    140 |      0 |      0 |    0 |          0 |
|       u_mult                     | w8a16_mult__110 |          1 |          0 |       0 |    1 |      1 |      0 |      0 |    0 |          1 |
|     g_row[0].g_col[42].u_pe      |   w8a16_pe__109 |         64 |         63 |       0 |    1 |    141 |      0 |      0 |    0 |          1 |
|       (g_row[0].g_col[42].u_pe)  |   w8a16_pe__109 |         63 |         63 |       0 |    0 |    140 |      0 |      0 |    0 |          0 |
|       u_mult                     | w8a16_mult__109 |          1 |          0 |       0 |    1 |      1 |      0 |      0 |    0 |          1 |
|     g_row[0].g_col[43].u_pe      |    w8a16_pe__39 |         64 |         63 |       0 |    1 |    141 |      0 |      0 |    0 |          1 |
|       (g_row[0].g_col[43].u_pe)  |    w8a16_pe__39 |         63 |         63 |       0 |    0 |    140 |      0 |      0 |    0 |          0 |
|       u_mult                     |  w8a16_mult__39 |          1 |          0 |       0 |    1 |      1 |      0 |      0 |    0 |          1 |
|     g_row[0].g_col[44].u_pe      |    w8a16_pe__40 |         64 |         63 |       0 |    1 |    141 |      0 |      0 |    0 |          1 |
|       (g_row[0].g_col[44].u_pe)  |    w8a16_pe__40 |         63 |         63 |       0 |    0 |    140 |      0 |      0 |    0 |          0 |
|       u_mult                     |  w8a16_mult__40 |          1 |          0 |       0 |    1 |      1 |      0 |      0 |    0 |          1 |
|     g_row[0].g_col[45].u_pe      |    w8a16_pe__41 |         64 |         63 |       0 |    1 |    141 |      0 |      0 |    0 |          1 |
|       (g_row[0].g_col[45].u_pe)  |    w8a16_pe__41 |         63 |         63 |       0 |    0 |    140 |      0 |      0 |    0 |          0 |
|       u_mult                     |  w8a16_mult__41 |          1 |          0 |       0 |    1 |      1 |      0 |      0 |    0 |          1 |
|     g_row[0].g_col[46].u_pe      |    w8a16_pe__42 |         64 |         63 |       0 |    1 |    141 |      0 |      0 |    0 |          1 |
|       (g_row[0].g_col[46].u_pe)  |    w8a16_pe__42 |         63 |         63 |       0 |    0 |    140 |      0 |      0 |    0 |          0 |
|       u_mult                     |  w8a16_mult__42 |          1 |          0 |       0 |    1 |      1 |      0 |      0 |    0 |          1 |
|     g_row[0].g_col[47].u_pe      |    w8a16_pe__79 |         64 |         63 |       0 |    1 |    140 |      0 |      0 |    0 |          1 |
|       (g_row[0].g_col[47].u_pe)  |    w8a16_pe__79 |         63 |         63 |       0 |    0 |    139 |      0 |      0 |    0 |          0 |
|       u_mult                     |  w8a16_mult__79 |          1 |          0 |       0 |    1 |      1 |      0 |      0 |    0 |          1 |
|     g_row[0].g_col[4].u_pe       |   w8a16_pe__720 |         64 |         63 |       0 |    1 |    141 |      0 |      0 |    0 |          1 |
|       (g_row[0].g_col[4].u_pe)   |   w8a16_pe__720 |         63 |         63 |       0 |    0 |    140 |      0 |      0 |    0 |          0 |
|       u_mult                     | w8a16_mult__720 |          1 |          0 |       0 |    1 |      1 |      0 |      0 |    0 |          1 |
|     g_row[0].g_col[5].u_pe       |   w8a16_pe__721 |         64 |         63 |       0 |    1 |    141 |      0 |      0 |    0 |          1 |
|       (g_row[0].g_col[5].u_pe)   |   w8a16_pe__721 |         63 |         63 |       0 |    0 |    140 |      0 |      0 |    0 |          0 |
|       u_mult                     | w8a16_mult__721 |          1 |          0 |       0 |    1 |      1 |      0 |      0 |    0 |          1 |
|     g_row[0].g_col[6].u_pe       |   w8a16_pe__722 |         64 |         63 |       0 |    1 |    141 |      0 |      0 |    0 |          1 |
|       (g_row[0].g_col[6].u_pe)   |   w8a16_pe__722 |         63 |         63 |       0 |    0 |    140 |      0 |      0 |    0 |          0 |
|       u_mult                     | w8a16_mult__722 |          1 |          0 |       0 |    1 |      1 |      0 |      0 |    0 |          1 |
|     g_row[0].g_col[7].u_pe       |   w8a16_pe__723 |         64 |         63 |       0 |    1 |    141 |      0 |      0 |    0 |          1 |
|       (g_row[0].g_col[7].u_pe)   |   w8a16_pe__723 |         63 |         63 |       0 |    0 |    140 |      0 |      0 |    0 |          0 |
|       u_mult                     | w8a16_mult__723 |          1 |          0 |       0 |    1 |      1 |      0 |      0 |    0 |          1 |
|     g_row[0].g_col[8].u_pe       |   w8a16_pe__496 |         64 |         63 |       0 |    1 |    141 |      0 |      0 |    0 |          1 |
|       (g_row[0].g_col[8].u_pe)   |   w8a16_pe__496 |         63 |         63 |       0 |    0 |    140 |      0 |      0 |    0 |          0 |
|       u_mult                     | w8a16_mult__496 |          1 |          0 |       0 |    1 |      1 |      0 |      0 |    0 |          1 |
|     g_row[0].g_col[9].u_pe       |   w8a16_pe__492 |         64 |         63 |       0 |    1 |    141 |      0 |      0 |    0 |          1 |
|       (g_row[0].g_col[9].u_pe)   |   w8a16_pe__492 |         63 |         63 |       0 |    0 |    140 |      0 |      0 |    0 |          0 |
|       u_mult                     | w8a16_mult__492 |          1 |          0 |       0 |    1 |      1 |      0 |      0 |    0 |          1 |
|     g_row[10].g_col[0].u_pe      |   w8a16_pe__658 |         64 |         63 |       0 |    1 |    141 |      0 |      0 |    0 |          1 |
|       (g_row[10].g_col[0].u_pe)  |   w8a16_pe__658 |         63 |         63 |       0 |    0 |    140 |      0 |      0 |    0 |          0 |
|       u_mult                     | w8a16_mult__658 |          1 |          0 |       0 |    1 |      1 |      0 |      0 |    0 |          1 |
|     g_row[10].g_col[10].u_pe     |   w8a16_pe__420 |         64 |         63 |       0 |    1 |    141 |      0 |      0 |    0 |          1 |
|       (g_row[10].g_col[10].u_pe) |   w8a16_pe__420 |         63 |         63 |       0 |    0 |    140 |      0 |      0 |    0 |          0 |
|       u_mult                     | w8a16_mult__420 |          1 |          0 |       0 |    1 |      1 |      0 |      0 |    0 |          1 |
|     g_row[10].g_col[11].u_pe     |   w8a16_pe__415 |         64 |         63 |       0 |    1 |    141 |      0 |      0 |    0 |          1 |
|       (g_row[10].g_col[11].u_pe) |   w8a16_pe__415 |         63 |         63 |       0 |    0 |    140 |      0 |      0 |    0 |          0 |
|       u_mult                     | w8a16_mult__415 |          1 |          0 |       0 |    1 |      1 |      0 |      0 |    0 |          1 |
|     g_row[10].g_col[12].u_pe     |   w8a16_pe__465 |         64 |         63 |       0 |    1 |    141 |      0 |      0 |    0 |          1 |
|       (g_row[10].g_col[12].u_pe) |   w8a16_pe__465 |         63 |         63 |       0 |    0 |    140 |      0 |      0 |    0 |          0 |
|       u_mult                     | w8a16_mult__465 |          1 |          0 |       0 |    1 |      1 |      0 |      0 |    0 |          1 |
|     g_row[10].g_col[13].u_pe     |   w8a16_pe__466 |         64 |         63 |       0 |    1 |    141 |      0 |      0 |    0 |          1 |
|       (g_row[10].g_col[13].u_pe) |   w8a16_pe__466 |         63 |         63 |       0 |    0 |    140 |      0 |      0 |    0 |          0 |
|       u_mult                     | w8a16_mult__466 |          1 |          0 |       0 |    1 |      1 |      0 |      0 |    0 |          1 |
|     g_row[10].g_col[14].u_pe     |   w8a16_pe__467 |         64 |         63 |       0 |    1 |    141 |      0 |      0 |    0 |          1 |
|       (g_row[10].g_col[14].u_pe) |   w8a16_pe__467 |         63 |         63 |       0 |    0 |    140 |      0 |      0 |    0 |          0 |
|       u_mult                     | w8a16_mult__467 |          1 |          0 |       0 |    1 |      1 |      0 |      0 |    0 |          1 |
|     g_row[10].g_col[15].u_pe     |   w8a16_pe__557 |         64 |         63 |       0 |    1 |    141 |      0 |      0 |    0 |          1 |
|       (g_row[10].g_col[15].u_pe) |   w8a16_pe__557 |         63 |         63 |       0 |    0 |    140 |      0 |      0 |    0 |          0 |
|       u_mult                     | w8a16_mult__557 |          1 |          0 |       0 |    1 |      1 |      0 |      0 |    0 |          1 |
|     g_row[10].g_col[16].u_pe     |   w8a16_pe__558 |         64 |         63 |       0 |    1 |    141 |      0 |      0 |    0 |          1 |
|       (g_row[10].g_col[16].u_pe) |   w8a16_pe__558 |         63 |         63 |       0 |    0 |    140 |      0 |      0 |    0 |          0 |
|       u_mult                     | w8a16_mult__558 |          1 |          0 |       0 |    1 |      1 |      0 |      0 |    0 |          1 |
|     g_row[10].g_col[17].u_pe     |   w8a16_pe__559 |         64 |         63 |       0 |    1 |    141 |      0 |      0 |    0 |          1 |
|       (g_row[10].g_col[17].u_pe) |   w8a16_pe__559 |         63 |         63 |       0 |    0 |    140 |      0 |      0 |    0 |          0 |
|       u_mult                     | w8a16_mult__559 |          1 |          0 |       0 |    1 |      1 |      0 |      0 |    0 |          1 |
|     g_row[10].g_col[18].u_pe     |   w8a16_pe__560 |         64 |         63 |       0 |    1 |    141 |      0 |      0 |    0 |          1 |
|       (g_row[10].g_col[18].u_pe) |   w8a16_pe__560 |         63 |         63 |       0 |    0 |    140 |      0 |      0 |    0 |          0 |
|       u_mult                     | w8a16_mult__560 |          1 |          0 |       0 |    1 |      1 |      0 |      0 |    0 |          1 |
|     g_row[10].g_col[19].u_pe     |   w8a16_pe__561 |         64 |         63 |       0 |    1 |    141 |      0 |      0 |    0 |          1 |
|       (g_row[10].g_col[19].u_pe) |   w8a16_pe__561 |         63 |         63 |       0 |    0 |    140 |      0 |      0 |    0 |          0 |
|       u_mult                     | w8a16_mult__561 |          1 |          0 |       0 |    1 |      1 |      0 |      0 |    0 |          1 |
|     g_row[10].g_col[1].u_pe      |   w8a16_pe__659 |         64 |         63 |       0 |    1 |    141 |      0 |      0 |    0 |          1 |
|       (g_row[10].g_col[1].u_pe)  |   w8a16_pe__659 |         63 |         63 |       0 |    0 |    140 |      0 |      0 |    0 |          0 |
|       u_mult                     | w8a16_mult__659 |          1 |          0 |       0 |    1 |      1 |      0 |      0 |    0 |          1 |
|     g_row[10].g_col[20].u_pe     |   w8a16_pe__562 |         64 |         63 |       0 |    1 |    141 |      0 |      0 |    0 |          1 |
|       (g_row[10].g_col[20].u_pe) |   w8a16_pe__562 |         63 |         63 |       0 |    0 |    140 |      0 |      0 |    0 |          0 |
|       u_mult                     | w8a16_mult__562 |          1 |          0 |       0 |    1 |      1 |      0 |      0 |    0 |          1 |
|     g_row[10].g_col[21].u_pe     |   w8a16_pe__563 |         64 |         63 |       0 |    1 |    141 |      0 |      0 |    0 |          1 |
|       (g_row[10].g_col[21].u_pe) |   w8a16_pe__563 |         63 |         63 |       0 |    0 |    140 |      0 |      0 |    0 |          0 |
|       u_mult                     | w8a16_mult__563 |          1 |          0 |       0 |    1 |      1 |      0 |      0 |    0 |          1 |
|     g_row[10].g_col[22].u_pe     |   w8a16_pe__564 |         64 |         63 |       0 |    1 |    141 |      0 |      0 |    0 |          1 |
|       (g_row[10].g_col[22].u_pe) |   w8a16_pe__564 |         63 |         63 |       0 |    0 |    140 |      0 |      0 |    0 |          0 |
|       u_mult                     | w8a16_mult__564 |          1 |          0 |       0 |    1 |      1 |      0 |      0 |    0 |          1 |
|     g_row[10].g_col[23].u_pe     |   w8a16_pe__565 |         64 |         63 |       0 |    1 |    141 |      0 |      0 |    0 |          1 |
|       (g_row[10].g_col[23].u_pe) |   w8a16_pe__565 |         63 |         63 |       0 |    0 |    140 |      0 |      0 |    0 |          0 |
|       u_mult                     | w8a16_mult__565 |          1 |          0 |       0 |    1 |      1 |      0 |      0 |    0 |          1 |
|     g_row[10].g_col[24].u_pe     |   w8a16_pe__257 |         64 |         63 |       0 |    1 |    141 |      0 |      0 |    0 |          1 |
|       (g_row[10].g_col[24].u_pe) |   w8a16_pe__257 |         63 |         63 |       0 |    0 |    140 |      0 |      0 |    0 |          0 |
|       u_mult                     | w8a16_mult__257 |          1 |          0 |       0 |    1 |      1 |      0 |      0 |    0 |          1 |
|     g_row[10].g_col[25].u_pe     |   w8a16_pe__258 |         64 |         63 |       0 |    1 |    141 |      0 |      0 |    0 |          1 |
|       (g_row[10].g_col[25].u_pe) |   w8a16_pe__258 |         63 |         63 |       0 |    0 |    140 |      0 |      0 |    0 |          0 |
|       u_mult                     | w8a16_mult__258 |          1 |          0 |       0 |    1 |      1 |      0 |      0 |    0 |          1 |
|     g_row[10].g_col[26].u_pe     |   w8a16_pe__259 |         64 |         63 |       0 |    1 |    141 |      0 |      0 |    0 |          1 |
|       (g_row[10].g_col[26].u_pe) |   w8a16_pe__259 |         63 |         63 |       0 |    0 |    140 |      0 |      0 |    0 |          0 |
|       u_mult                     | w8a16_mult__259 |          1 |          0 |       0 |    1 |      1 |      0 |      0 |    0 |          1 |
|     g_row[10].g_col[27].u_pe     |   w8a16_pe__265 |         64 |         63 |       0 |    1 |    141 |      0 |      0 |    0 |          1 |
|       (g_row[10].g_col[27].u_pe) |   w8a16_pe__265 |         63 |         63 |       0 |    0 |    140 |      0 |      0 |    0 |          0 |
|       u_mult                     | w8a16_mult__265 |          1 |          0 |       0 |    1 |      1 |      0 |      0 |    0 |          1 |
|     g_row[10].g_col[28].u_pe     |   w8a16_pe__266 |         64 |         63 |       0 |    1 |    141 |      0 |      0 |    0 |          1 |
|       (g_row[10].g_col[28].u_pe) |   w8a16_pe__266 |         63 |         63 |       0 |    0 |    140 |      0 |      0 |    0 |          0 |
|       u_mult                     | w8a16_mult__266 |          1 |          0 |       0 |    1 |      1 |      0 |      0 |    0 |          1 |
|     g_row[10].g_col[29].u_pe     |   w8a16_pe__340 |         64 |         63 |       0 |    1 |    141 |      0 |      0 |    0 |          1 |
|       (g_row[10].g_col[29].u_pe) |   w8a16_pe__340 |         63 |         63 |       0 |    0 |    140 |      0 |      0 |    0 |          0 |
|       u_mult                     | w8a16_mult__340 |          1 |          0 |       0 |    1 |      1 |      0 |      0 |    0 |          1 |
|     g_row[10].g_col[2].u_pe      |   w8a16_pe__660 |         64 |         63 |       0 |    1 |    141 |      0 |      0 |    0 |          1 |
|       (g_row[10].g_col[2].u_pe)  |   w8a16_pe__660 |         63 |         63 |       0 |    0 |    140 |      0 |      0 |    0 |          0 |
|       u_mult                     | w8a16_mult__660 |          1 |          0 |       0 |    1 |      1 |      0 |      0 |    0 |          1 |
|     g_row[10].g_col[30].u_pe     |   w8a16_pe__339 |         64 |         63 |       0 |    1 |    141 |      0 |      0 |    0 |          1 |
|       (g_row[10].g_col[30].u_pe) |   w8a16_pe__339 |         63 |         63 |       0 |    0 |    140 |      0 |      0 |    0 |          0 |
|       u_mult                     | w8a16_mult__339 |          1 |          0 |       0 |    1 |      1 |      0 |      0 |    0 |          1 |
|     g_row[10].g_col[31].u_pe     |   w8a16_pe__343 |         64 |         63 |       0 |    1 |    141 |      0 |      0 |    0 |          1 |
|       (g_row[10].g_col[31].u_pe) |   w8a16_pe__343 |         63 |         63 |       0 |    0 |    140 |      0 |      0 |    0 |          0 |
|       u_mult                     | w8a16_mult__343 |          1 |          0 |       0 |    1 |      1 |      0 |      0 |    0 |          1 |
|     g_row[10].g_col[32].u_pe     |   w8a16_pe__189 |         64 |         63 |       0 |    1 |    141 |      0 |      0 |    0 |          1 |
|       (g_row[10].g_col[32].u_pe) |   w8a16_pe__189 |         63 |         63 |       0 |    0 |    140 |      0 |      0 |    0 |          0 |
|       u_mult                     | w8a16_mult__189 |          1 |          0 |       0 |    1 |      1 |      0 |      0 |    0 |          1 |
|     g_row[10].g_col[33].u_pe     |   w8a16_pe__190 |         64 |         63 |       0 |    1 |    141 |      0 |      0 |    0 |          1 |
|       (g_row[10].g_col[33].u_pe) |   w8a16_pe__190 |         63 |         63 |       0 |    0 |    140 |      0 |      0 |    0 |          0 |
|       u_mult                     | w8a16_mult__190 |          1 |          0 |       0 |    1 |      1 |      0 |      0 |    0 |          1 |
|     g_row[10].g_col[34].u_pe     |   w8a16_pe__191 |         64 |         63 |       0 |    1 |    141 |      0 |      0 |    0 |          1 |
|       (g_row[10].g_col[34].u_pe) |   w8a16_pe__191 |         63 |         63 |       0 |    0 |    140 |      0 |      0 |    0 |          0 |
|       u_mult                     | w8a16_mult__191 |          1 |          0 |       0 |    1 |      1 |      0 |      0 |    0 |          1 |
|     g_row[10].g_col[35].u_pe     |   w8a16_pe__192 |         64 |         63 |       0 |    1 |    141 |      0 |      0 |    0 |          1 |
|       (g_row[10].g_col[35].u_pe) |   w8a16_pe__192 |         63 |         63 |       0 |    0 |    140 |      0 |      0 |    0 |          0 |
|       u_mult                     | w8a16_mult__192 |          1 |          0 |       0 |    1 |      1 |      0 |      0 |    0 |          1 |
|     g_row[10].g_col[36].u_pe     |   w8a16_pe__196 |         64 |         63 |       0 |    1 |    141 |      0 |      0 |    0 |          1 |
|       (g_row[10].g_col[36].u_pe) |   w8a16_pe__196 |         63 |         63 |       0 |    0 |    140 |      0 |      0 |    0 |          0 |
|       u_mult                     | w8a16_mult__196 |          1 |          0 |       0 |    1 |      1 |      0 |      0 |    0 |          1 |
|     g_row[10].g_col[37].u_pe     |   w8a16_pe__138 |         64 |         63 |       0 |    1 |    141 |      0 |      0 |    0 |          1 |
|       (g_row[10].g_col[37].u_pe) |   w8a16_pe__138 |         63 |         63 |       0 |    0 |    140 |      0 |      0 |    0 |          0 |
|       u_mult                     | w8a16_mult__138 |          1 |          0 |       0 |    1 |      1 |      0 |      0 |    0 |          1 |
|     g_row[10].g_col[38].u_pe     |   w8a16_pe__137 |         64 |         63 |       0 |    1 |    141 |      0 |      0 |    0 |          1 |
|       (g_row[10].g_col[38].u_pe) |   w8a16_pe__137 |         63 |         63 |       0 |    0 |    140 |      0 |      0 |    0 |          0 |
|       u_mult                     | w8a16_mult__137 |          1 |          0 |       0 |    1 |      1 |      0 |      0 |    0 |          1 |
|     g_row[10].g_col[39].u_pe     |   w8a16_pe__136 |         64 |         63 |       0 |    1 |    141 |      0 |      0 |    0 |          1 |
|       (g_row[10].g_col[39].u_pe) |   w8a16_pe__136 |         63 |         63 |       0 |    0 |    140 |      0 |      0 |    0 |          0 |
|       u_mult                     | w8a16_mult__136 |          1 |          0 |       0 |    1 |      1 |      0 |      0 |    0 |          1 |
|     g_row[10].g_col[3].u_pe      |   w8a16_pe__708 |         64 |         63 |       0 |    1 |    141 |      0 |      0 |    0 |          1 |
|       (g_row[10].g_col[3].u_pe)  |   w8a16_pe__708 |         63 |         63 |       0 |    0 |    140 |      0 |      0 |    0 |          0 |
|       u_mult                     | w8a16_mult__708 |          1 |          0 |       0 |    1 |      1 |      0 |      0 |    0 |          1 |
|     g_row[10].g_col[40].u_pe     |   w8a16_pe__135 |         64 |         63 |       0 |    1 |    141 |      0 |      0 |    0 |          1 |
|       (g_row[10].g_col[40].u_pe) |   w8a16_pe__135 |         63 |         63 |       0 |    0 |    140 |      0 |      0 |    0 |          0 |
|       u_mult                     | w8a16_mult__135 |          1 |          0 |       0 |    1 |      1 |      0 |      0 |    0 |          1 |
|     g_row[10].g_col[41].u_pe     |    w8a16_pe__98 |         64 |         63 |       0 |    1 |    141 |      0 |      0 |    0 |          1 |
|       (g_row[10].g_col[41].u_pe) |    w8a16_pe__98 |         63 |         63 |       0 |    0 |    140 |      0 |      0 |    0 |          0 |
|       u_mult                     |  w8a16_mult__98 |          1 |          0 |       0 |    1 |      1 |      0 |      0 |    0 |          1 |
|     g_row[10].g_col[42].u_pe     |    w8a16_pe__15 |         64 |         63 |       0 |    1 |    141 |      0 |      0 |    0 |          1 |
|       (g_row[10].g_col[42].u_pe) |    w8a16_pe__15 |         63 |         63 |       0 |    0 |    140 |      0 |      0 |    0 |          0 |
|       u_mult                     |  w8a16_mult__15 |          1 |          0 |       0 |    1 |      1 |      0 |      0 |    0 |          1 |
|     g_row[10].g_col[43].u_pe     |    w8a16_pe__66 |         64 |         63 |       0 |    1 |    141 |      0 |      0 |    0 |          1 |
|       (g_row[10].g_col[43].u_pe) |    w8a16_pe__66 |         63 |         63 |       0 |    0 |    140 |      0 |      0 |    0 |          0 |
|       u_mult                     |  w8a16_mult__66 |          1 |          0 |       0 |    1 |      1 |      0 |      0 |    0 |          1 |
|     g_row[10].g_col[44].u_pe     |    w8a16_pe__65 |         64 |         63 |       0 |    1 |    141 |      0 |      0 |    0 |          1 |
|       (g_row[10].g_col[44].u_pe) |    w8a16_pe__65 |         63 |         63 |       0 |    0 |    140 |      0 |      0 |    0 |          0 |
|       u_mult                     |  w8a16_mult__65 |          1 |          0 |       0 |    1 |      1 |      0 |      0 |    0 |          1 |
|     g_row[10].g_col[45].u_pe     |    w8a16_pe__48 |         64 |         63 |       0 |    1 |    141 |      0 |      0 |    0 |          1 |
|       (g_row[10].g_col[45].u_pe) |    w8a16_pe__48 |         63 |         63 |       0 |    0 |    140 |      0 |      0 |    0 |          0 |
|       u_mult                     |  w8a16_mult__48 |          1 |          0 |       0 |    1 |      1 |      0 |      0 |    0 |          1 |
|     g_row[10].g_col[46].u_pe     |    w8a16_pe__47 |         64 |         63 |       0 |    1 |    141 |      0 |      0 |    0 |          1 |
|       (g_row[10].g_col[46].u_pe) |    w8a16_pe__47 |         63 |         63 |       0 |    0 |    140 |      0 |      0 |    0 |          0 |
|       u_mult                     |  w8a16_mult__47 |          1 |          0 |       0 |    1 |      1 |      0 |      0 |    0 |          1 |
|     g_row[10].g_col[47].u_pe     |    w8a16_pe__31 |         64 |         63 |       0 |    1 |    140 |      0 |      0 |    0 |          1 |
|       (g_row[10].g_col[47].u_pe) |    w8a16_pe__31 |         63 |         63 |       0 |    0 |    139 |      0 |      0 |    0 |          0 |
|       u_mult                     |  w8a16_mult__31 |          1 |          0 |       0 |    1 |      1 |      0 |      0 |    0 |          1 |
|     g_row[10].g_col[4].u_pe      |   w8a16_pe__707 |         64 |         63 |       0 |    1 |    141 |      0 |      0 |    0 |          1 |
|       (g_row[10].g_col[4].u_pe)  |   w8a16_pe__707 |         63 |         63 |       0 |    0 |    140 |      0 |      0 |    0 |          0 |
|       u_mult                     | w8a16_mult__707 |          1 |          0 |       0 |    1 |      1 |      0 |      0 |    0 |          1 |
|     g_row[10].g_col[5].u_pe      |   w8a16_pe__756 |         64 |         63 |       0 |    1 |    141 |      0 |      0 |    0 |          1 |
|       (g_row[10].g_col[5].u_pe)  |   w8a16_pe__756 |         63 |         63 |       0 |    0 |    140 |      0 |      0 |    0 |          0 |
|       u_mult                     | w8a16_mult__756 |          1 |          0 |       0 |    1 |      1 |      0 |      0 |    0 |          1 |
|     g_row[10].g_col[6].u_pe      |   w8a16_pe__755 |         64 |         63 |       0 |    1 |    141 |      0 |      0 |    0 |          1 |
|       (g_row[10].g_col[6].u_pe)  |   w8a16_pe__755 |         63 |         63 |       0 |    0 |    140 |      0 |      0 |    0 |          0 |
|       u_mult                     | w8a16_mult__755 |          1 |          0 |       0 |    1 |      1 |      0 |      0 |    0 |          1 |
|     g_row[10].g_col[7].u_pe      |   w8a16_pe__754 |         64 |         63 |       0 |    1 |    141 |      0 |      0 |    0 |          1 |
|       (g_row[10].g_col[7].u_pe)  |   w8a16_pe__754 |         63 |         63 |       0 |    0 |    140 |      0 |      0 |    0 |          0 |
|       u_mult                     | w8a16_mult__754 |          1 |          0 |       0 |    1 |      1 |      0 |      0 |    0 |          1 |
|     g_row[10].g_col[8].u_pe      |   w8a16_pe__484 |         64 |         63 |       0 |    1 |    141 |      0 |      0 |    0 |          1 |
|       (g_row[10].g_col[8].u_pe)  |   w8a16_pe__484 |         63 |         63 |       0 |    0 |    140 |      0 |      0 |    0 |          0 |
|       u_mult                     | w8a16_mult__484 |          1 |          0 |       0 |    1 |      1 |      0 |      0 |    0 |          1 |
|     g_row[10].g_col[9].u_pe      |   w8a16_pe__444 |         64 |         63 |       0 |    1 |    141 |      0 |      0 |    0 |          1 |
|       (g_row[10].g_col[9].u_pe)  |   w8a16_pe__444 |         63 |         63 |       0 |    0 |    140 |      0 |      0 |    0 |          0 |
|       u_mult                     | w8a16_mult__444 |          1 |          0 |       0 |    1 |      1 |      0 |      0 |    0 |          1 |
|     g_row[11].g_col[0].u_pe      |   w8a16_pe__664 |         64 |         63 |       0 |    1 |    141 |      0 |      0 |    0 |          1 |
|       (g_row[11].g_col[0].u_pe)  |   w8a16_pe__664 |         63 |         63 |       0 |    0 |    140 |      0 |      0 |    0 |          0 |
|       u_mult                     | w8a16_mult__664 |          1 |          0 |       0 |    1 |      1 |      0 |      0 |    0 |          1 |
|     g_row[11].g_col[10].u_pe     |   w8a16_pe__402 |         64 |         63 |       0 |    1 |    141 |      0 |      0 |    0 |          1 |
|       (g_row[11].g_col[10].u_pe) |   w8a16_pe__402 |         63 |         63 |       0 |    0 |    140 |      0 |      0 |    0 |          0 |
|       u_mult                     | w8a16_mult__402 |          1 |          0 |       0 |    1 |      1 |      0 |      0 |    0 |          1 |
|     g_row[11].g_col[11].u_pe     |   w8a16_pe__416 |         64 |         63 |       0 |    1 |    141 |      0 |      0 |    0 |          1 |
|       (g_row[11].g_col[11].u_pe) |   w8a16_pe__416 |         63 |         63 |       0 |    0 |    140 |      0 |      0 |    0 |          0 |
|       u_mult                     | w8a16_mult__416 |          1 |          0 |       0 |    1 |      1 |      0 |      0 |    0 |          1 |
|     g_row[11].g_col[12].u_pe     |   w8a16_pe__454 |         64 |         63 |       0 |    1 |    141 |      0 |      0 |    0 |          1 |
|       (g_row[11].g_col[12].u_pe) |   w8a16_pe__454 |         63 |         63 |       0 |    0 |    140 |      0 |      0 |    0 |          0 |
|       u_mult                     | w8a16_mult__454 |          1 |          0 |       0 |    1 |      1 |      0 |      0 |    0 |          1 |
|     g_row[11].g_col[13].u_pe     |   w8a16_pe__450 |         64 |         63 |       0 |    1 |    141 |      0 |      0 |    0 |          1 |
|       (g_row[11].g_col[13].u_pe) |   w8a16_pe__450 |         63 |         63 |       0 |    0 |    140 |      0 |      0 |    0 |          0 |
|       u_mult                     | w8a16_mult__450 |          1 |          0 |       0 |    1 |      1 |      0 |      0 |    0 |          1 |
|     g_row[11].g_col[14].u_pe     |   w8a16_pe__448 |         64 |         63 |       0 |    1 |    141 |      0 |      0 |    0 |          1 |
|       (g_row[11].g_col[14].u_pe) |   w8a16_pe__448 |         63 |         63 |       0 |    0 |    140 |      0 |      0 |    0 |          0 |
|       u_mult                     | w8a16_mult__448 |          1 |          0 |       0 |    1 |      1 |      0 |      0 |    0 |          1 |
|     g_row[11].g_col[15].u_pe     |   w8a16_pe__549 |         64 |         63 |       0 |    1 |    141 |      0 |      0 |    0 |          1 |
|       (g_row[11].g_col[15].u_pe) |   w8a16_pe__549 |         63 |         63 |       0 |    0 |    140 |      0 |      0 |    0 |          0 |
|       u_mult                     | w8a16_mult__549 |          1 |          0 |       0 |    1 |      1 |      0 |      0 |    0 |          1 |
|     g_row[11].g_col[16].u_pe     |   w8a16_pe__548 |         64 |         63 |       0 |    1 |    141 |      0 |      0 |    0 |          1 |
|       (g_row[11].g_col[16].u_pe) |   w8a16_pe__548 |         63 |         63 |       0 |    0 |    140 |      0 |      0 |    0 |          0 |
|       u_mult                     | w8a16_mult__548 |          1 |          0 |       0 |    1 |      1 |      0 |      0 |    0 |          1 |
|     g_row[11].g_col[17].u_pe     |   w8a16_pe__547 |         64 |         63 |       0 |    1 |    141 |      0 |      0 |    0 |          1 |
|       (g_row[11].g_col[17].u_pe) |   w8a16_pe__547 |         63 |         63 |       0 |    0 |    140 |      0 |      0 |    0 |          0 |
|       u_mult                     | w8a16_mult__547 |          1 |          0 |       0 |    1 |      1 |      0 |      0 |    0 |          1 |
|     g_row[11].g_col[18].u_pe     |   w8a16_pe__546 |         64 |         63 |       0 |    1 |    141 |      0 |      0 |    0 |          1 |
|       (g_row[11].g_col[18].u_pe) |   w8a16_pe__546 |         63 |         63 |       0 |    0 |    140 |      0 |      0 |    0 |          0 |
|       u_mult                     | w8a16_mult__546 |          1 |          0 |       0 |    1 |      1 |      0 |      0 |    0 |          1 |
|     g_row[11].g_col[19].u_pe     |   w8a16_pe__571 |         64 |         63 |       0 |    1 |    141 |      0 |      0 |    0 |          1 |
|       (g_row[11].g_col[19].u_pe) |   w8a16_pe__571 |         63 |         63 |       0 |    0 |    140 |      0 |      0 |    0 |          0 |
|       u_mult                     | w8a16_mult__571 |          1 |          0 |       0 |    1 |      1 |      0 |      0 |    0 |          1 |
|     g_row[11].g_col[1].u_pe      |   w8a16_pe__665 |         64 |         63 |       0 |    1 |    141 |      0 |      0 |    0 |          1 |
|       (g_row[11].g_col[1].u_pe)  |   w8a16_pe__665 |         63 |         63 |       0 |    0 |    140 |      0 |      0 |    0 |          0 |
|       u_mult                     | w8a16_mult__665 |          1 |          0 |       0 |    1 |      1 |      0 |      0 |    0 |          1 |
|     g_row[11].g_col[20].u_pe     |   w8a16_pe__572 |         64 |         63 |       0 |    1 |    141 |      0 |      0 |    0 |          1 |
|       (g_row[11].g_col[20].u_pe) |   w8a16_pe__572 |         63 |         63 |       0 |    0 |    140 |      0 |      0 |    0 |          0 |
|       u_mult                     | w8a16_mult__572 |          1 |          0 |       0 |    1 |      1 |      0 |      0 |    0 |          1 |
|     g_row[11].g_col[21].u_pe     |   w8a16_pe__573 |         64 |         63 |       0 |    1 |    141 |      0 |      0 |    0 |          1 |
|       (g_row[11].g_col[21].u_pe) |   w8a16_pe__573 |         63 |         63 |       0 |    0 |    140 |      0 |      0 |    0 |          0 |
|       u_mult                     | w8a16_mult__573 |          1 |          0 |       0 |    1 |      1 |      0 |      0 |    0 |          1 |
|     g_row[11].g_col[22].u_pe     |   w8a16_pe__640 |         64 |         63 |       0 |    1 |    141 |      0 |      0 |    0 |          1 |
|       (g_row[11].g_col[22].u_pe) |   w8a16_pe__640 |         63 |         63 |       0 |    0 |    140 |      0 |      0 |    0 |          0 |
|       u_mult                     | w8a16_mult__640 |          1 |          0 |       0 |    1 |      1 |      0 |      0 |    0 |          1 |
|     g_row[11].g_col[23].u_pe     |   w8a16_pe__575 |         64 |         63 |       0 |    1 |    141 |      0 |      0 |    0 |          1 |
|       (g_row[11].g_col[23].u_pe) |   w8a16_pe__575 |         63 |         63 |       0 |    0 |    140 |      0 |      0 |    0 |          0 |
|       u_mult                     | w8a16_mult__575 |          1 |          0 |       0 |    1 |      1 |      0 |      0 |    0 |          1 |
|     g_row[11].g_col[24].u_pe     |   w8a16_pe__267 |         64 |         63 |       0 |    1 |    141 |      0 |      0 |    0 |          1 |
|       (g_row[11].g_col[24].u_pe) |   w8a16_pe__267 |         63 |         63 |       0 |    0 |    140 |      0 |      0 |    0 |          0 |
|       u_mult                     | w8a16_mult__267 |          1 |          0 |       0 |    1 |      1 |      0 |      0 |    0 |          1 |
|     g_row[11].g_col[25].u_pe     |   w8a16_pe__268 |         64 |         63 |       0 |    1 |    141 |      0 |      0 |    0 |          1 |
|       (g_row[11].g_col[25].u_pe) |   w8a16_pe__268 |         63 |         63 |       0 |    0 |    140 |      0 |      0 |    0 |          0 |
|       u_mult                     | w8a16_mult__268 |          1 |          0 |       0 |    1 |      1 |      0 |      0 |    0 |          1 |
|     g_row[11].g_col[26].u_pe     |   w8a16_pe__274 |         64 |         63 |       0 |    1 |    141 |      0 |      0 |    0 |          1 |
|       (g_row[11].g_col[26].u_pe) |   w8a16_pe__274 |         63 |         63 |       0 |    0 |    140 |      0 |      0 |    0 |          0 |
|       u_mult                     | w8a16_mult__274 |          1 |          0 |       0 |    1 |      1 |      0 |      0 |    0 |          1 |
|     g_row[11].g_col[27].u_pe     |   w8a16_pe__275 |         64 |         63 |       0 |    1 |    141 |      0 |      0 |    0 |          1 |
|       (g_row[11].g_col[27].u_pe) |   w8a16_pe__275 |         63 |         63 |       0 |    0 |    140 |      0 |      0 |    0 |          0 |
|       u_mult                     | w8a16_mult__275 |          1 |          0 |       0 |    1 |      1 |      0 |      0 |    0 |          1 |
|     g_row[11].g_col[28].u_pe     |   w8a16_pe__276 |         64 |         63 |       0 |    1 |    141 |      0 |      0 |    0 |          1 |
|       (g_row[11].g_col[28].u_pe) |   w8a16_pe__276 |         63 |         63 |       0 |    0 |    140 |      0 |      0 |    0 |          0 |
|       u_mult                     | w8a16_mult__276 |          1 |          0 |       0 |    1 |      1 |      0 |      0 |    0 |          1 |
|     g_row[11].g_col[29].u_pe     |   w8a16_pe__334 |         64 |         63 |       0 |    1 |    141 |      0 |      0 |    0 |          1 |
|       (g_row[11].g_col[29].u_pe) |   w8a16_pe__334 |         63 |         63 |       0 |    0 |    140 |      0 |      0 |    0 |          0 |
|       u_mult                     | w8a16_mult__334 |          1 |          0 |       0 |    1 |      1 |      0 |      0 |    0 |          1 |
|     g_row[11].g_col[2].u_pe      |   w8a16_pe__666 |         64 |         63 |       0 |    1 |    141 |      0 |      0 |    0 |          1 |
|       (g_row[11].g_col[2].u_pe)  |   w8a16_pe__666 |         63 |         63 |       0 |    0 |    140 |      0 |      0 |    0 |          0 |
|       u_mult                     | w8a16_mult__666 |          1 |          0 |       0 |    1 |      1 |      0 |      0 |    0 |          1 |
|     g_row[11].g_col[30].u_pe     |   w8a16_pe__333 |         64 |         63 |       0 |    1 |    141 |      0 |      0 |    0 |          1 |
|       (g_row[11].g_col[30].u_pe) |   w8a16_pe__333 |         63 |         63 |       0 |    0 |    140 |      0 |      0 |    0 |          0 |
|       u_mult                     | w8a16_mult__333 |          1 |          0 |       0 |    1 |      1 |      0 |      0 |    0 |          1 |
|     g_row[11].g_col[31].u_pe     |   w8a16_pe__344 |         64 |         63 |       0 |    1 |    141 |      0 |      0 |    0 |          1 |
|       (g_row[11].g_col[31].u_pe) |   w8a16_pe__344 |         63 |         63 |       0 |    0 |    140 |      0 |      0 |    0 |          0 |
|       u_mult                     | w8a16_mult__344 |          1 |          0 |       0 |    1 |      1 |      0 |      0 |    0 |          1 |
|     g_row[11].g_col[32].u_pe     |   w8a16_pe__200 |         64 |         63 |       0 |    1 |    141 |      0 |      0 |    0 |          1 |
|       (g_row[11].g_col[32].u_pe) |   w8a16_pe__200 |         63 |         63 |       0 |    0 |    140 |      0 |      0 |    0 |          0 |
|       u_mult                     | w8a16_mult__200 |          1 |          0 |       0 |    1 |      1 |      0 |      0 |    0 |          1 |
|     g_row[11].g_col[33].u_pe     |   w8a16_pe__201 |         64 |         63 |       0 |    1 |    141 |      0 |      0 |    0 |          1 |
|       (g_row[11].g_col[33].u_pe) |   w8a16_pe__201 |         63 |         63 |       0 |    0 |    140 |      0 |      0 |    0 |          0 |
|       u_mult                     | w8a16_mult__201 |          1 |          0 |       0 |    1 |      1 |      0 |      0 |    0 |          1 |
|     g_row[11].g_col[34].u_pe     |   w8a16_pe__202 |         64 |         63 |       0 |    1 |    141 |      0 |      0 |    0 |          1 |
|       (g_row[11].g_col[34].u_pe) |   w8a16_pe__202 |         63 |         63 |       0 |    0 |    140 |      0 |      0 |    0 |          0 |
|       u_mult                     | w8a16_mult__202 |          1 |          0 |       0 |    1 |      1 |      0 |      0 |    0 |          1 |
|     g_row[11].g_col[35].u_pe     |   w8a16_pe__203 |         64 |         63 |       0 |    1 |    141 |      0 |      0 |    0 |          1 |
|       (g_row[11].g_col[35].u_pe) |   w8a16_pe__203 |         63 |         63 |       0 |    0 |    140 |      0 |      0 |    0 |          0 |
|       u_mult                     | w8a16_mult__203 |          1 |          0 |       0 |    1 |      1 |      0 |      0 |    0 |          1 |
|     g_row[11].g_col[36].u_pe     |   w8a16_pe__204 |         64 |         63 |       0 |    1 |    141 |      0 |      0 |    0 |          1 |
|       (g_row[11].g_col[36].u_pe) |   w8a16_pe__204 |         63 |         63 |       0 |    0 |    140 |      0 |      0 |    0 |          0 |
|       u_mult                     | w8a16_mult__204 |          1 |          0 |       0 |    1 |      1 |      0 |      0 |    0 |          1 |
|     g_row[11].g_col[37].u_pe     |   w8a16_pe__113 |         64 |         63 |       0 |    1 |    141 |      0 |      0 |    0 |          1 |
|       (g_row[11].g_col[37].u_pe) |   w8a16_pe__113 |         63 |         63 |       0 |    0 |    140 |      0 |      0 |    0 |          0 |
|       u_mult                     | w8a16_mult__113 |          1 |          0 |       0 |    1 |      1 |      0 |      0 |    0 |          1 |
|     g_row[11].g_col[38].u_pe     |   w8a16_pe__114 |         64 |         63 |       0 |    1 |    141 |      0 |      0 |    0 |          1 |
|       (g_row[11].g_col[38].u_pe) |   w8a16_pe__114 |         63 |         63 |       0 |    0 |    140 |      0 |      0 |    0 |          0 |
|       u_mult                     | w8a16_mult__114 |          1 |          0 |       0 |    1 |      1 |      0 |      0 |    0 |          1 |
|     g_row[11].g_col[39].u_pe     |   w8a16_pe__115 |         64 |         63 |       0 |    1 |    141 |      0 |      0 |    0 |          1 |
|       (g_row[11].g_col[39].u_pe) |   w8a16_pe__115 |         63 |         63 |       0 |    0 |    140 |      0 |      0 |    0 |          0 |
|       u_mult                     | w8a16_mult__115 |          1 |          0 |       0 |    1 |      1 |      0 |      0 |    0 |          1 |
|     g_row[11].g_col[3].u_pe      |   w8a16_pe__706 |         64 |         63 |       0 |    1 |    141 |      0 |      0 |    0 |          1 |
|       (g_row[11].g_col[3].u_pe)  |   w8a16_pe__706 |         63 |         63 |       0 |    0 |    140 |      0 |      0 |    0 |          0 |
|       u_mult                     | w8a16_mult__706 |          1 |          0 |       0 |    1 |      1 |      0 |      0 |    0 |          1 |
|     g_row[11].g_col[40].u_pe     |   w8a16_pe__116 |         64 |         63 |       0 |    1 |    141 |      0 |      0 |    0 |          1 |
|       (g_row[11].g_col[40].u_pe) |   w8a16_pe__116 |         63 |         63 |       0 |    0 |    140 |      0 |      0 |    0 |          0 |
|       u_mult                     | w8a16_mult__116 |          1 |          0 |       0 |    1 |      1 |      0 |      0 |    0 |          1 |
|     g_row[11].g_col[41].u_pe     |   w8a16_pe__104 |         64 |         63 |       0 |    1 |    141 |      0 |      0 |    0 |          1 |
|       (g_row[11].g_col[41].u_pe) |   w8a16_pe__104 |         63 |         63 |       0 |    0 |    140 |      0 |      0 |    0 |          0 |
|       u_mult                     | w8a16_mult__104 |          1 |          0 |       0 |    1 |      1 |      0 |      0 |    0 |          1 |
|     g_row[11].g_col[42].u_pe     |    w8a16_pe__64 |         64 |         63 |       0 |    1 |    141 |      0 |      0 |    0 |          1 |
|       (g_row[11].g_col[42].u_pe) |    w8a16_pe__64 |         63 |         63 |       0 |    0 |    140 |      0 |      0 |    0 |          0 |
|       u_mult                     |  w8a16_mult__64 |          1 |          0 |       0 |    1 |      1 |      0 |      0 |    0 |          1 |
|     g_row[11].g_col[43].u_pe     |    w8a16_pe__62 |         64 |         63 |       0 |    1 |    141 |      0 |      0 |    0 |          1 |
|       (g_row[11].g_col[43].u_pe) |    w8a16_pe__62 |         63 |         63 |       0 |    0 |    140 |      0 |      0 |    0 |          0 |
|       u_mult                     |  w8a16_mult__62 |          1 |          0 |       0 |    1 |      1 |      0 |      0 |    0 |          1 |
|     g_row[11].g_col[44].u_pe     |    w8a16_pe__61 |         64 |         63 |       0 |    1 |    141 |      0 |      0 |    0 |          1 |
|       (g_row[11].g_col[44].u_pe) |    w8a16_pe__61 |         63 |         63 |       0 |    0 |    140 |      0 |      0 |    0 |          0 |
|       u_mult                     |  w8a16_mult__61 |          1 |          0 |       0 |    1 |      1 |      0 |      0 |    0 |          1 |
|     g_row[11].g_col[45].u_pe     |    w8a16_pe__25 |         64 |         63 |       0 |    1 |    141 |      0 |      0 |    0 |          1 |
|       (g_row[11].g_col[45].u_pe) |    w8a16_pe__25 |         63 |         63 |       0 |    0 |    140 |      0 |      0 |    0 |          0 |
|       u_mult                     |  w8a16_mult__25 |          1 |          0 |       0 |    1 |      1 |      0 |      0 |    0 |          1 |
|     g_row[11].g_col[46].u_pe     |    w8a16_pe__24 |         64 |         63 |       0 |    1 |    141 |      0 |      0 |    0 |          1 |
|       (g_row[11].g_col[46].u_pe) |    w8a16_pe__24 |         63 |         63 |       0 |    0 |    140 |      0 |      0 |    0 |          0 |
|       u_mult                     |  w8a16_mult__24 |          1 |          0 |       0 |    1 |      1 |      0 |      0 |    0 |          1 |
|     g_row[11].g_col[47].u_pe     |    w8a16_pe__16 |         64 |         63 |       0 |    1 |    140 |      0 |      0 |    0 |          1 |
|       (g_row[11].g_col[47].u_pe) |    w8a16_pe__16 |         63 |         63 |       0 |    0 |    139 |      0 |      0 |    0 |          0 |
|       u_mult                     |  w8a16_mult__16 |          1 |          0 |       0 |    1 |      1 |      0 |      0 |    0 |          1 |
|     g_row[11].g_col[4].u_pe      |   w8a16_pe__703 |         64 |         63 |       0 |    1 |    141 |      0 |      0 |    0 |          1 |
|       (g_row[11].g_col[4].u_pe)  |   w8a16_pe__703 |         63 |         63 |       0 |    0 |    140 |      0 |      0 |    0 |          0 |
|       u_mult                     | w8a16_mult__703 |          1 |          0 |       0 |    1 |      1 |      0 |      0 |    0 |          1 |
|     g_row[11].g_col[5].u_pe      |   w8a16_pe__750 |         64 |         63 |       0 |    1 |    141 |      0 |      0 |    0 |          1 |
|       (g_row[11].g_col[5].u_pe)  |   w8a16_pe__750 |         63 |         63 |       0 |    0 |    140 |      0 |      0 |    0 |          0 |
|       u_mult                     | w8a16_mult__750 |          1 |          0 |       0 |    1 |      1 |      0 |      0 |    0 |          1 |
|     g_row[11].g_col[6].u_pe      |   w8a16_pe__749 |         64 |         63 |       0 |    1 |    141 |      0 |      0 |    0 |          1 |
|       (g_row[11].g_col[6].u_pe)  |   w8a16_pe__749 |         63 |         63 |       0 |    0 |    140 |      0 |      0 |    0 |          0 |
|       u_mult                     | w8a16_mult__749 |          1 |          0 |       0 |    1 |      1 |      0 |      0 |    0 |          1 |
|     g_row[11].g_col[7].u_pe      |   w8a16_pe__748 |         64 |         63 |       0 |    1 |    141 |      0 |      0 |    0 |          1 |
|       (g_row[11].g_col[7].u_pe)  |   w8a16_pe__748 |         63 |         63 |       0 |    0 |    140 |      0 |      0 |    0 |          0 |
|       u_mult                     | w8a16_mult__748 |          1 |          0 |       0 |    1 |      1 |      0 |      0 |    0 |          1 |
|     g_row[11].g_col[8].u_pe      |   w8a16_pe__489 |         64 |         63 |       0 |    1 |    141 |      0 |      0 |    0 |          1 |
|       (g_row[11].g_col[8].u_pe)  |   w8a16_pe__489 |         63 |         63 |       0 |    0 |    140 |      0 |      0 |    0 |          0 |
|       u_mult                     | w8a16_mult__489 |          1 |          0 |       0 |    1 |      1 |      0 |      0 |    0 |          1 |
|     g_row[11].g_col[9].u_pe      |   w8a16_pe__464 |         64 |         63 |       0 |    1 |    141 |      0 |      0 |    0 |          1 |
|       (g_row[11].g_col[9].u_pe)  |   w8a16_pe__464 |         63 |         63 |       0 |    0 |    140 |      0 |      0 |    0 |          0 |
|       u_mult                     | w8a16_mult__464 |          1 |          0 |       0 |    1 |      1 |      0 |      0 |    0 |          1 |
|     g_row[12].g_col[0].u_pe      |   w8a16_pe__676 |         64 |         63 |       0 |    1 |    141 |      0 |      0 |    0 |          1 |
|       (g_row[12].g_col[0].u_pe)  |   w8a16_pe__676 |         63 |         63 |       0 |    0 |    140 |      0 |      0 |    0 |          0 |
|       u_mult                     | w8a16_mult__676 |          1 |          0 |       0 |    1 |      1 |      0 |      0 |    0 |          1 |
|     g_row[12].g_col[10].u_pe     |   w8a16_pe__433 |         64 |         63 |       0 |    1 |    141 |      0 |      0 |    0 |          1 |
|       (g_row[12].g_col[10].u_pe) |   w8a16_pe__433 |         63 |         63 |       0 |    0 |    140 |      0 |      0 |    0 |          0 |
|       u_mult                     | w8a16_mult__433 |          1 |          0 |       0 |    1 |      1 |      0 |      0 |    0 |          1 |
|     g_row[12].g_col[11].u_pe     |   w8a16_pe__434 |         64 |         63 |       0 |    1 |    141 |      0 |      0 |    0 |          1 |
|       (g_row[12].g_col[11].u_pe) |   w8a16_pe__434 |         63 |         63 |       0 |    0 |    140 |      0 |      0 |    0 |          0 |
|       u_mult                     | w8a16_mult__434 |          1 |          0 |       0 |    1 |      1 |      0 |      0 |    0 |          1 |
|     g_row[12].g_col[12].u_pe     |   w8a16_pe__438 |         64 |         63 |       0 |    1 |    141 |      0 |      0 |    0 |          1 |
|       (g_row[12].g_col[12].u_pe) |   w8a16_pe__438 |         63 |         63 |       0 |    0 |    140 |      0 |      0 |    0 |          0 |
|       u_mult                     | w8a16_mult__438 |          1 |          0 |       0 |    1 |      1 |      0 |      0 |    0 |          1 |
|     g_row[12].g_col[13].u_pe     |   w8a16_pe__435 |         64 |         63 |       0 |    1 |    141 |      0 |      0 |    0 |          1 |
|       (g_row[12].g_col[13].u_pe) |   w8a16_pe__435 |         63 |         63 |       0 |    0 |    140 |      0 |      0 |    0 |          0 |
|       u_mult                     | w8a16_mult__435 |          1 |          0 |       0 |    1 |      1 |      0 |      0 |    0 |          1 |
|     g_row[12].g_col[14].u_pe     |   w8a16_pe__436 |         64 |         63 |       0 |    1 |    141 |      0 |      0 |    0 |          1 |
|       (g_row[12].g_col[14].u_pe) |   w8a16_pe__436 |         63 |         63 |       0 |    0 |    140 |      0 |      0 |    0 |          0 |
|       u_mult                     | w8a16_mult__436 |          1 |          0 |       0 |    1 |      1 |      0 |      0 |    0 |          1 |
|     g_row[12].g_col[15].u_pe     |   w8a16_pe__529 |         64 |         63 |       0 |    1 |    141 |      0 |      0 |    0 |          1 |
|       (g_row[12].g_col[15].u_pe) |   w8a16_pe__529 |         63 |         63 |       0 |    0 |    140 |      0 |      0 |    0 |          0 |
|       u_mult                     | w8a16_mult__529 |          1 |          0 |       0 |    1 |      1 |      0 |      0 |    0 |          1 |
|     g_row[12].g_col[16].u_pe     |   w8a16_pe__528 |         64 |         63 |       0 |    1 |    141 |      0 |      0 |    0 |          1 |
|       (g_row[12].g_col[16].u_pe) |   w8a16_pe__528 |         63 |         63 |       0 |    0 |    140 |      0 |      0 |    0 |          0 |
|       u_mult                     | w8a16_mult__528 |          1 |          0 |       0 |    1 |      1 |      0 |      0 |    0 |          1 |
|     g_row[12].g_col[17].u_pe     |   w8a16_pe__527 |         64 |         63 |       0 |    1 |    141 |      0 |      0 |    0 |          1 |
|       (g_row[12].g_col[17].u_pe) |   w8a16_pe__527 |         63 |         63 |       0 |    0 |    140 |      0 |      0 |    0 |          0 |
|       u_mult                     | w8a16_mult__527 |          1 |          0 |       0 |    1 |      1 |      0 |      0 |    0 |          1 |
|     g_row[12].g_col[18].u_pe     |   w8a16_pe__526 |         64 |         63 |       0 |    1 |    141 |      0 |      0 |    0 |          1 |
|       (g_row[12].g_col[18].u_pe) |   w8a16_pe__526 |         63 |         63 |       0 |    0 |    140 |      0 |      0 |    0 |          0 |
|       u_mult                     | w8a16_mult__526 |          1 |          0 |       0 |    1 |      1 |      0 |      0 |    0 |          1 |
|     g_row[12].g_col[19].u_pe     |   w8a16_pe__579 |         64 |         63 |       0 |    1 |    141 |      0 |      0 |    0 |          1 |
|       (g_row[12].g_col[19].u_pe) |   w8a16_pe__579 |         63 |         63 |       0 |    0 |    140 |      0 |      0 |    0 |          0 |
|       u_mult                     | w8a16_mult__579 |          1 |          0 |       0 |    1 |      1 |      0 |      0 |    0 |          1 |
|     g_row[12].g_col[1].u_pe      |   w8a16_pe__677 |         64 |         63 |       0 |    1 |    141 |      0 |      0 |    0 |          1 |
|       (g_row[12].g_col[1].u_pe)  |   w8a16_pe__677 |         63 |         63 |       0 |    0 |    140 |      0 |      0 |    0 |          0 |
|       u_mult                     | w8a16_mult__677 |          1 |          0 |       0 |    1 |      1 |      0 |      0 |    0 |          1 |
|     g_row[12].g_col[20].u_pe     |   w8a16_pe__587 |         64 |         63 |       0 |    1 |    141 |      0 |      0 |    0 |          1 |
|       (g_row[12].g_col[20].u_pe) |   w8a16_pe__587 |         63 |         63 |       0 |    0 |    140 |      0 |      0 |    0 |          0 |
|       u_mult                     | w8a16_mult__587 |          1 |          0 |       0 |    1 |      1 |      0 |      0 |    0 |          1 |
|     g_row[12].g_col[21].u_pe     |   w8a16_pe__639 |         64 |         63 |       0 |    1 |    141 |      0 |      0 |    0 |          1 |
|       (g_row[12].g_col[21].u_pe) |   w8a16_pe__639 |         63 |         63 |       0 |    0 |    140 |      0 |      0 |    0 |          0 |
|       u_mult                     | w8a16_mult__639 |          1 |          0 |       0 |    1 |      1 |      0 |      0 |    0 |          1 |
|     g_row[12].g_col[22].u_pe     |   w8a16_pe__638 |         64 |         63 |       0 |    1 |    141 |      0 |      0 |    0 |          1 |
|       (g_row[12].g_col[22].u_pe) |   w8a16_pe__638 |         63 |         63 |       0 |    0 |    140 |      0 |      0 |    0 |          0 |
|       u_mult                     | w8a16_mult__638 |          1 |          0 |       0 |    1 |      1 |      0 |      0 |    0 |          1 |
|     g_row[12].g_col[23].u_pe     |   w8a16_pe__637 |         64 |         63 |       0 |    1 |    141 |      0 |      0 |    0 |          1 |
|       (g_row[12].g_col[23].u_pe) |   w8a16_pe__637 |         63 |         63 |       0 |    0 |    140 |      0 |      0 |    0 |          0 |
|       u_mult                     | w8a16_mult__637 |          1 |          0 |       0 |    1 |      1 |      0 |      0 |    0 |          1 |
|     g_row[12].g_col[24].u_pe     |   w8a16_pe__279 |         64 |         63 |       0 |    1 |    141 |      0 |      0 |    0 |          1 |
|       (g_row[12].g_col[24].u_pe) |   w8a16_pe__279 |         63 |         63 |       0 |    0 |    140 |      0 |      0 |    0 |          0 |
|       u_mult                     | w8a16_mult__279 |          1 |          0 |       0 |    1 |      1 |      0 |      0 |    0 |          1 |
|     g_row[12].g_col[25].u_pe     |   w8a16_pe__280 |         64 |         63 |       0 |    1 |    141 |      0 |      0 |    0 |          1 |
|       (g_row[12].g_col[25].u_pe) |   w8a16_pe__280 |         63 |         63 |       0 |    0 |    140 |      0 |      0 |    0 |          0 |
|       u_mult                     | w8a16_mult__280 |          1 |          0 |       0 |    1 |      1 |      0 |      0 |    0 |          1 |
|     g_row[12].g_col[26].u_pe     |   w8a16_pe__281 |         64 |         63 |       0 |    1 |    141 |      0 |      0 |    0 |          1 |
|       (g_row[12].g_col[26].u_pe) |   w8a16_pe__281 |         63 |         63 |       0 |    0 |    140 |      0 |      0 |    0 |          0 |
|       u_mult                     | w8a16_mult__281 |          1 |          0 |       0 |    1 |      1 |      0 |      0 |    0 |          1 |
|     g_row[12].g_col[27].u_pe     |   w8a16_pe__282 |         64 |         63 |       0 |    1 |    141 |      0 |      0 |    0 |          1 |
|       (g_row[12].g_col[27].u_pe) |   w8a16_pe__282 |         63 |         63 |       0 |    0 |    140 |      0 |      0 |    0 |          0 |
|       u_mult                     | w8a16_mult__282 |          1 |          0 |       0 |    1 |      1 |      0 |      0 |    0 |          1 |
|     g_row[12].g_col[28].u_pe     |   w8a16_pe__289 |         64 |         63 |       0 |    1 |    141 |      0 |      0 |    0 |          1 |
|       (g_row[12].g_col[28].u_pe) |   w8a16_pe__289 |         63 |         63 |       0 |    0 |    140 |      0 |      0 |    0 |          0 |
|       u_mult                     | w8a16_mult__289 |          1 |          0 |       0 |    1 |      1 |      0 |      0 |    0 |          1 |
|     g_row[12].g_col[29].u_pe     |   w8a16_pe__290 |         64 |         63 |       0 |    1 |    141 |      0 |      0 |    0 |          1 |
|       (g_row[12].g_col[29].u_pe) |   w8a16_pe__290 |         63 |         63 |       0 |    0 |    140 |      0 |      0 |    0 |          0 |
|       u_mult                     | w8a16_mult__290 |          1 |          0 |       0 |    1 |      1 |      0 |      0 |    0 |          1 |
|     g_row[12].g_col[2].u_pe      |   w8a16_pe__678 |         64 |         63 |       0 |    1 |    141 |      0 |      0 |    0 |          1 |
|       (g_row[12].g_col[2].u_pe)  |   w8a16_pe__678 |         63 |         63 |       0 |    0 |    140 |      0 |      0 |    0 |          0 |
|       u_mult                     | w8a16_mult__678 |          1 |          0 |       0 |    1 |      1 |      0 |      0 |    0 |          1 |
|     g_row[12].g_col[30].u_pe     |   w8a16_pe__328 |         64 |         63 |       0 |    1 |    141 |      0 |      0 |    0 |          1 |
|       (g_row[12].g_col[30].u_pe) |   w8a16_pe__328 |         63 |         63 |       0 |    0 |    140 |      0 |      0 |    0 |          0 |
|       u_mult                     | w8a16_mult__328 |          1 |          0 |       0 |    1 |      1 |      0 |      0 |    0 |          1 |
|     g_row[12].g_col[31].u_pe     |   w8a16_pe__345 |         64 |         63 |       0 |    1 |    141 |      0 |      0 |    0 |          1 |
|       (g_row[12].g_col[31].u_pe) |   w8a16_pe__345 |         63 |         63 |       0 |    0 |    140 |      0 |      0 |    0 |          0 |
|       u_mult                     | w8a16_mult__345 |          1 |          0 |       0 |    1 |      1 |      0 |      0 |    0 |          1 |
|     g_row[12].g_col[32].u_pe     |   w8a16_pe__205 |         64 |         63 |       0 |    1 |    141 |      0 |      0 |    0 |          1 |
|       (g_row[12].g_col[32].u_pe) |   w8a16_pe__205 |         63 |         63 |       0 |    0 |    140 |      0 |      0 |    0 |          0 |
|       u_mult                     | w8a16_mult__205 |          1 |          0 |       0 |    1 |      1 |      0 |      0 |    0 |          1 |
|     g_row[12].g_col[33].u_pe     |   w8a16_pe__206 |         64 |         63 |       0 |    1 |    141 |      0 |      0 |    0 |          1 |
|       (g_row[12].g_col[33].u_pe) |   w8a16_pe__206 |         63 |         63 |       0 |    0 |    140 |      0 |      0 |    0 |          0 |
|       u_mult                     | w8a16_mult__206 |          1 |          0 |       0 |    1 |      1 |      0 |      0 |    0 |          1 |
|     g_row[12].g_col[34].u_pe     |   w8a16_pe__207 |         64 |         63 |       0 |    1 |    141 |      0 |      0 |    0 |          1 |
|       (g_row[12].g_col[34].u_pe) |   w8a16_pe__207 |         63 |         63 |       0 |    0 |    140 |      0 |      0 |    0 |          0 |
|       u_mult                     | w8a16_mult__207 |          1 |          0 |       0 |    1 |      1 |      0 |      0 |    0 |          1 |
|     g_row[12].g_col[35].u_pe     |   w8a16_pe__208 |         64 |         63 |       0 |    1 |    141 |      0 |      0 |    0 |          1 |
|       (g_row[12].g_col[35].u_pe) |   w8a16_pe__208 |         63 |         63 |       0 |    0 |    140 |      0 |      0 |    0 |          0 |
|       u_mult                     | w8a16_mult__208 |          1 |          0 |       0 |    1 |      1 |      0 |      0 |    0 |          1 |
|     g_row[12].g_col[36].u_pe     |   w8a16_pe__209 |         64 |         63 |       0 |    1 |    141 |      0 |      0 |    0 |          1 |
|       (g_row[12].g_col[36].u_pe) |   w8a16_pe__209 |         63 |         63 |       0 |    0 |    140 |      0 |      0 |    0 |          0 |
|       u_mult                     | w8a16_mult__209 |          1 |          0 |       0 |    1 |      1 |      0 |      0 |    0 |          1 |
|     g_row[12].g_col[37].u_pe     |   w8a16_pe__117 |         64 |         63 |       0 |    1 |    141 |      0 |      0 |    0 |          1 |
|       (g_row[12].g_col[37].u_pe) |   w8a16_pe__117 |         63 |         63 |       0 |    0 |    140 |      0 |      0 |    0 |          0 |
|       u_mult                     | w8a16_mult__117 |          1 |          0 |       0 |    1 |      1 |      0 |      0 |    0 |          1 |
|     g_row[12].g_col[38].u_pe     |   w8a16_pe__118 |         64 |         63 |       0 |    1 |    141 |      0 |      0 |    0 |          1 |
|       (g_row[12].g_col[38].u_pe) |   w8a16_pe__118 |         63 |         63 |       0 |    0 |    140 |      0 |      0 |    0 |          0 |
|       u_mult                     | w8a16_mult__118 |          1 |          0 |       0 |    1 |      1 |      0 |      0 |    0 |          1 |
|     g_row[12].g_col[39].u_pe     |   w8a16_pe__126 |         64 |         63 |       0 |    1 |    141 |      0 |      0 |    0 |          1 |
|       (g_row[12].g_col[39].u_pe) |   w8a16_pe__126 |         63 |         63 |       0 |    0 |    140 |      0 |      0 |    0 |          0 |
|       u_mult                     | w8a16_mult__126 |          1 |          0 |       0 |    1 |      1 |      0 |      0 |    0 |          1 |
|     g_row[12].g_col[3].u_pe      |   w8a16_pe__696 |         64 |         63 |       0 |    1 |    141 |      0 |      0 |    0 |          1 |
|       (g_row[12].g_col[3].u_pe)  |   w8a16_pe__696 |         63 |         63 |       0 |    0 |    140 |      0 |      0 |    0 |          0 |
|       u_mult                     | w8a16_mult__696 |          1 |          0 |       0 |    1 |      1 |      0 |      0 |    0 |          1 |
|     g_row[12].g_col[40].u_pe     |   w8a16_pe__127 |         64 |         63 |       0 |    1 |    141 |      0 |      0 |    0 |          1 |
|       (g_row[12].g_col[40].u_pe) |   w8a16_pe__127 |         63 |         63 |       0 |    0 |    140 |      0 |      0 |    0 |          0 |
|       u_mult                     | w8a16_mult__127 |          1 |          0 |       0 |    1 |      1 |      0 |      0 |    0 |          1 |
|     g_row[12].g_col[41].u_pe     |    w8a16_pe__95 |         64 |         63 |       0 |    1 |    141 |      0 |      0 |    0 |          1 |
|       (g_row[12].g_col[41].u_pe) |    w8a16_pe__95 |         63 |         63 |       0 |    0 |    140 |      0 |      0 |    0 |          0 |
|       u_mult                     |  w8a16_mult__95 |          1 |          0 |       0 |    1 |      1 |      0 |      0 |    0 |          1 |
|     g_row[12].g_col[42].u_pe     |     w8a16_pe__1 |         64 |         63 |       0 |    1 |    141 |      0 |      0 |    0 |          1 |
|       (g_row[12].g_col[42].u_pe) |     w8a16_pe__1 |         63 |         63 |       0 |    0 |    140 |      0 |      0 |    0 |          0 |
|       u_mult                     |   w8a16_mult__1 |          1 |          0 |       0 |    1 |      1 |      0 |      0 |    0 |          1 |
|     g_row[12].g_col[43].u_pe     |    w8a16_pe__10 |         64 |         63 |       0 |    1 |    141 |      0 |      0 |    0 |          1 |
|       (g_row[12].g_col[43].u_pe) |    w8a16_pe__10 |         63 |         63 |       0 |    0 |    140 |      0 |      0 |    0 |          0 |
|       u_mult                     |  w8a16_mult__10 |          1 |          0 |       0 |    1 |      1 |      0 |      0 |    0 |          1 |
|     g_row[12].g_col[44].u_pe     |    w8a16_pe__11 |         64 |         63 |       0 |    1 |    141 |      0 |      0 |    0 |          1 |
|       (g_row[12].g_col[44].u_pe) |    w8a16_pe__11 |         63 |         63 |       0 |    0 |    140 |      0 |      0 |    0 |          0 |
|       u_mult                     |  w8a16_mult__11 |          1 |          0 |       0 |    1 |      1 |      0 |      0 |    0 |          1 |
|     g_row[12].g_col[45].u_pe     |    w8a16_pe__12 |         64 |         63 |       0 |    1 |    141 |      0 |      0 |    0 |          1 |
|       (g_row[12].g_col[45].u_pe) |    w8a16_pe__12 |         63 |         63 |       0 |    0 |    140 |      0 |      0 |    0 |          0 |
|       u_mult                     |  w8a16_mult__12 |          1 |          0 |       0 |    1 |      1 |      0 |      0 |    0 |          1 |
|     g_row[12].g_col[46].u_pe     |    w8a16_pe__13 |         64 |         63 |       0 |    1 |    141 |      0 |      0 |    0 |          1 |
|       (g_row[12].g_col[46].u_pe) |    w8a16_pe__13 |         63 |         63 |       0 |    0 |    140 |      0 |      0 |    0 |          0 |
|       u_mult                     |  w8a16_mult__13 |          1 |          0 |       0 |    1 |      1 |      0 |      0 |    0 |          1 |
|     g_row[12].g_col[47].u_pe     |    w8a16_pe__14 |         64 |         63 |       0 |    1 |    140 |      0 |      0 |    0 |          1 |
|       (g_row[12].g_col[47].u_pe) |    w8a16_pe__14 |         63 |         63 |       0 |    0 |    139 |      0 |      0 |    0 |          0 |
|       u_mult                     |  w8a16_mult__14 |          1 |          0 |       0 |    1 |      1 |      0 |      0 |    0 |          1 |
|     g_row[12].g_col[4].u_pe      |   w8a16_pe__693 |         64 |         63 |       0 |    1 |    141 |      0 |      0 |    0 |          1 |
|       (g_row[12].g_col[4].u_pe)  |   w8a16_pe__693 |         63 |         63 |       0 |    0 |    140 |      0 |      0 |    0 |          0 |
|       u_mult                     | w8a16_mult__693 |          1 |          0 |       0 |    1 |      1 |      0 |      0 |    0 |          1 |
|     g_row[12].g_col[5].u_pe      |   w8a16_pe__747 |         64 |         63 |       0 |    1 |    141 |      0 |      0 |    0 |          1 |
|       (g_row[12].g_col[5].u_pe)  |   w8a16_pe__747 |         63 |         63 |       0 |    0 |    140 |      0 |      0 |    0 |          0 |
|       u_mult                     | w8a16_mult__747 |          1 |          0 |       0 |    1 |      1 |      0 |      0 |    0 |          1 |
|     g_row[12].g_col[6].u_pe      |   w8a16_pe__746 |         64 |         63 |       0 |    1 |    141 |      0 |      0 |    0 |          1 |
|       (g_row[12].g_col[6].u_pe)  |   w8a16_pe__746 |         63 |         63 |       0 |    0 |    140 |      0 |      0 |    0 |          0 |
|       u_mult                     | w8a16_mult__746 |          1 |          0 |       0 |    1 |      1 |      0 |      0 |    0 |          1 |
|     g_row[12].g_col[7].u_pe      |   w8a16_pe__745 |         64 |         63 |       0 |    1 |    141 |      0 |      0 |    0 |          1 |
|       (g_row[12].g_col[7].u_pe)  |   w8a16_pe__745 |         63 |         63 |       0 |    0 |    140 |      0 |      0 |    0 |          0 |
|       u_mult                     | w8a16_mult__745 |          1 |          0 |       0 |    1 |      1 |      0 |      0 |    0 |          1 |
|     g_row[12].g_col[8].u_pe      |   w8a16_pe__481 |         64 |         63 |       0 |    1 |    141 |      0 |      0 |    0 |          1 |
|       (g_row[12].g_col[8].u_pe)  |   w8a16_pe__481 |         63 |         63 |       0 |    0 |    140 |      0 |      0 |    0 |          0 |
|       u_mult                     | w8a16_mult__481 |          1 |          0 |       0 |    1 |      1 |      0 |      0 |    0 |          1 |
|     g_row[12].g_col[9].u_pe      |   w8a16_pe__439 |         64 |         63 |       0 |    1 |    141 |      0 |      0 |    0 |          1 |
|       (g_row[12].g_col[9].u_pe)  |   w8a16_pe__439 |         63 |         63 |       0 |    0 |    140 |      0 |      0 |    0 |          0 |
|       u_mult                     | w8a16_mult__439 |          1 |          0 |       0 |    1 |      1 |      0 |      0 |    0 |          1 |
|     g_row[13].g_col[0].u_pe      |   w8a16_pe__684 |         64 |         63 |       0 |    1 |    141 |      0 |      0 |    0 |          1 |
|       (g_row[13].g_col[0].u_pe)  |   w8a16_pe__684 |         63 |         63 |       0 |    0 |    140 |      0 |      0 |    0 |          0 |
|       u_mult                     | w8a16_mult__684 |          1 |          0 |       0 |    1 |      1 |      0 |      0 |    0 |          1 |
|     g_row[13].g_col[10].u_pe     |   w8a16_pe__389 |         64 |         63 |       0 |    1 |    141 |      0 |      0 |    0 |          1 |
|       (g_row[13].g_col[10].u_pe) |   w8a16_pe__389 |         63 |         63 |       0 |    0 |    140 |      0 |      0 |    0 |          0 |
|       u_mult                     | w8a16_mult__389 |          1 |          0 |       0 |    1 |      1 |      0 |      0 |    0 |          1 |
|     g_row[13].g_col[11].u_pe     |   w8a16_pe__404 |         64 |         63 |       0 |    1 |    141 |      0 |      0 |    0 |          1 |
|       (g_row[13].g_col[11].u_pe) |   w8a16_pe__404 |         63 |         63 |       0 |    0 |    140 |      0 |      0 |    0 |          0 |
|       u_mult                     | w8a16_mult__404 |          1 |          0 |       0 |    1 |      1 |      0 |      0 |    0 |          1 |
|     g_row[13].g_col[12].u_pe     |   w8a16_pe__452 |         64 |         63 |       0 |    1 |    141 |      0 |      0 |    0 |          1 |
|       (g_row[13].g_col[12].u_pe) |   w8a16_pe__452 |         63 |         63 |       0 |    0 |    140 |      0 |      0 |    0 |          0 |
|       u_mult                     | w8a16_mult__452 |          1 |          0 |       0 |    1 |      1 |      0 |      0 |    0 |          1 |
|     g_row[13].g_col[13].u_pe     |   w8a16_pe__443 |         64 |         63 |       0 |    1 |    141 |      0 |      0 |    0 |          1 |
|       (g_row[13].g_col[13].u_pe) |   w8a16_pe__443 |         63 |         63 |       0 |    0 |    140 |      0 |      0 |    0 |          0 |
|       u_mult                     | w8a16_mult__443 |          1 |          0 |       0 |    1 |      1 |      0 |      0 |    0 |          1 |
|     g_row[13].g_col[14].u_pe     |   w8a16_pe__442 |         64 |         63 |       0 |    1 |    141 |      0 |      0 |    0 |          1 |
|       (g_row[13].g_col[14].u_pe) |   w8a16_pe__442 |         63 |         63 |       0 |    0 |    140 |      0 |      0 |    0 |          0 |
|       u_mult                     | w8a16_mult__442 |          1 |          0 |       0 |    1 |      1 |      0 |      0 |    0 |          1 |
|     g_row[13].g_col[15].u_pe     |   w8a16_pe__506 |         64 |         63 |       0 |    1 |    141 |      0 |      0 |    0 |          1 |
|       (g_row[13].g_col[15].u_pe) |   w8a16_pe__506 |         63 |         63 |       0 |    0 |    140 |      0 |      0 |    0 |          0 |
|       u_mult                     | w8a16_mult__506 |          1 |          0 |       0 |    1 |      1 |      0 |      0 |    0 |          1 |
|     g_row[13].g_col[16].u_pe     |   w8a16_pe__505 |         64 |         63 |       0 |    1 |    141 |      0 |      0 |    0 |          1 |
|       (g_row[13].g_col[16].u_pe) |   w8a16_pe__505 |         63 |         63 |       0 |    0 |    140 |      0 |      0 |    0 |          0 |
|       u_mult                     | w8a16_mult__505 |          1 |          0 |       0 |    1 |      1 |      0 |      0 |    0 |          1 |
|     g_row[13].g_col[17].u_pe     |   w8a16_pe__504 |         64 |         63 |       0 |    1 |    141 |      0 |      0 |    0 |          1 |
|       (g_row[13].g_col[17].u_pe) |   w8a16_pe__504 |         63 |         63 |       0 |    0 |    140 |      0 |      0 |    0 |          0 |
|       u_mult                     | w8a16_mult__504 |          1 |          0 |       0 |    1 |      1 |      0 |      0 |    0 |          1 |
|     g_row[13].g_col[18].u_pe     |   w8a16_pe__503 |         64 |         63 |       0 |    1 |    141 |      0 |      0 |    0 |          1 |
|       (g_row[13].g_col[18].u_pe) |   w8a16_pe__503 |         63 |         63 |       0 |    0 |    140 |      0 |      0 |    0 |          0 |
|       u_mult                     | w8a16_mult__503 |          1 |          0 |       0 |    1 |      1 |      0 |      0 |    0 |          1 |
|     g_row[13].g_col[19].u_pe     |   w8a16_pe__636 |         64 |         63 |       0 |    1 |    141 |      0 |      0 |    0 |          1 |
|       (g_row[13].g_col[19].u_pe) |   w8a16_pe__636 |         63 |         63 |       0 |    0 |    140 |      0 |      0 |    0 |          0 |
|       u_mult                     | w8a16_mult__636 |          1 |          0 |       0 |    1 |      1 |      0 |      0 |    0 |          1 |
|     g_row[13].g_col[1].u_pe      |   w8a16_pe__685 |         64 |         63 |       0 |    1 |    141 |      0 |      0 |    0 |          1 |
|       (g_row[13].g_col[1].u_pe)  |   w8a16_pe__685 |         63 |         63 |       0 |    0 |    140 |      0 |      0 |    0 |          0 |
|       u_mult                     | w8a16_mult__685 |          1 |          0 |       0 |    1 |      1 |      0 |      0 |    0 |          1 |
|     g_row[13].g_col[20].u_pe     |   w8a16_pe__635 |         64 |         63 |       0 |    1 |    141 |      0 |      0 |    0 |          1 |
|       (g_row[13].g_col[20].u_pe) |   w8a16_pe__635 |         63 |         63 |       0 |    0 |    140 |      0 |      0 |    0 |          0 |
|       u_mult                     | w8a16_mult__635 |          1 |          0 |       0 |    1 |      1 |      0 |      0 |    0 |          1 |
|     g_row[13].g_col[21].u_pe     |   w8a16_pe__634 |         64 |         63 |       0 |    1 |    141 |      0 |      0 |    0 |          1 |
|       (g_row[13].g_col[21].u_pe) |   w8a16_pe__634 |         63 |         63 |       0 |    0 |    140 |      0 |      0 |    0 |          0 |
|       u_mult                     | w8a16_mult__634 |          1 |          0 |       0 |    1 |      1 |      0 |      0 |    0 |          1 |
|     g_row[13].g_col[22].u_pe     |   w8a16_pe__633 |         64 |         63 |       0 |    1 |    141 |      0 |      0 |    0 |          1 |
|       (g_row[13].g_col[22].u_pe) |   w8a16_pe__633 |         63 |         63 |       0 |    0 |    140 |      0 |      0 |    0 |          0 |
|       u_mult                     | w8a16_mult__633 |          1 |          0 |       0 |    1 |      1 |      0 |      0 |    0 |          1 |
|     g_row[13].g_col[23].u_pe     |   w8a16_pe__632 |         64 |         63 |       0 |    1 |    141 |      0 |      0 |    0 |          1 |
|       (g_row[13].g_col[23].u_pe) |   w8a16_pe__632 |         63 |         63 |       0 |    0 |    140 |      0 |      0 |    0 |          0 |
|       u_mult                     | w8a16_mult__632 |          1 |          0 |       0 |    1 |      1 |      0 |      0 |    0 |          1 |
|     g_row[13].g_col[24].u_pe     |   w8a16_pe__291 |         64 |         63 |       0 |    1 |    141 |      0 |      0 |    0 |          1 |
|       (g_row[13].g_col[24].u_pe) |   w8a16_pe__291 |         63 |         63 |       0 |    0 |    140 |      0 |      0 |    0 |          0 |
|       u_mult                     | w8a16_mult__291 |          1 |          0 |       0 |    1 |      1 |      0 |      0 |    0 |          1 |
|     g_row[13].g_col[25].u_pe     |   w8a16_pe__299 |         64 |         63 |       0 |    1 |    141 |      0 |      0 |    0 |          1 |
|       (g_row[13].g_col[25].u_pe) |   w8a16_pe__299 |         63 |         63 |       0 |    0 |    140 |      0 |      0 |    0 |          0 |
|       u_mult                     | w8a16_mult__299 |          1 |          0 |       0 |    1 |      1 |      0 |      0 |    0 |          1 |
|     g_row[13].g_col[26].u_pe     |   w8a16_pe__305 |         64 |         63 |       0 |    1 |    141 |      0 |      0 |    0 |          1 |
|       (g_row[13].g_col[26].u_pe) |   w8a16_pe__305 |         63 |         63 |       0 |    0 |    140 |      0 |      0 |    0 |          0 |
|       u_mult                     | w8a16_mult__305 |          1 |          0 |       0 |    1 |      1 |      0 |      0 |    0 |          1 |
|     g_row[13].g_col[27].u_pe     |   w8a16_pe__318 |         64 |         63 |       0 |    1 |    141 |      0 |      0 |    0 |          1 |
|       (g_row[13].g_col[27].u_pe) |   w8a16_pe__318 |         63 |         63 |       0 |    0 |    140 |      0 |      0 |    0 |          0 |
|       u_mult                     | w8a16_mult__318 |          1 |          0 |       0 |    1 |      1 |      0 |      0 |    0 |          1 |
|     g_row[13].g_col[28].u_pe     |   w8a16_pe__324 |         64 |         63 |       0 |    1 |    141 |      0 |      0 |    0 |          1 |
|       (g_row[13].g_col[28].u_pe) |   w8a16_pe__324 |         63 |         63 |       0 |    0 |    140 |      0 |      0 |    0 |          0 |
|       u_mult                     | w8a16_mult__324 |          1 |          0 |       0 |    1 |      1 |      0 |      0 |    0 |          1 |
|     g_row[13].g_col[29].u_pe     |   w8a16_pe__323 |         64 |         63 |       0 |    1 |    141 |      0 |      0 |    0 |          1 |
|       (g_row[13].g_col[29].u_pe) |   w8a16_pe__323 |         63 |         63 |       0 |    0 |    140 |      0 |      0 |    0 |          0 |
|       u_mult                     | w8a16_mult__323 |          1 |          0 |       0 |    1 |      1 |      0 |      0 |    0 |          1 |
|     g_row[13].g_col[2].u_pe      |   w8a16_pe__686 |         64 |         63 |       0 |    1 |    141 |      0 |      0 |    0 |          1 |
|       (g_row[13].g_col[2].u_pe)  |   w8a16_pe__686 |         63 |         63 |       0 |    0 |    140 |      0 |      0 |    0 |          0 |
|       u_mult                     | w8a16_mult__686 |          1 |          0 |       0 |    1 |      1 |      0 |      0 |    0 |          1 |
|     g_row[13].g_col[30].u_pe     |   w8a16_pe__322 |         64 |         63 |       0 |    1 |    141 |      0 |      0 |    0 |          1 |
|       (g_row[13].g_col[30].u_pe) |   w8a16_pe__322 |         63 |         63 |       0 |    0 |    140 |      0 |      0 |    0 |          0 |
|       u_mult                     | w8a16_mult__322 |          1 |          0 |       0 |    1 |      1 |      0 |      0 |    0 |          1 |
|     g_row[13].g_col[31].u_pe     |   w8a16_pe__347 |         64 |         63 |       0 |    1 |    141 |      0 |      0 |    0 |          1 |
|       (g_row[13].g_col[31].u_pe) |   w8a16_pe__347 |         63 |         63 |       0 |    0 |    140 |      0 |      0 |    0 |          0 |
|       u_mult                     | w8a16_mult__347 |          1 |          0 |       0 |    1 |      1 |      0 |      0 |    0 |          1 |
|     g_row[13].g_col[32].u_pe     |   w8a16_pe__215 |         64 |         63 |       0 |    1 |    141 |      0 |      0 |    0 |          1 |
|       (g_row[13].g_col[32].u_pe) |   w8a16_pe__215 |         63 |         63 |       0 |    0 |    140 |      0 |      0 |    0 |          0 |
|       u_mult                     | w8a16_mult__215 |          1 |          0 |       0 |    1 |      1 |      0 |      0 |    0 |          1 |
|     g_row[13].g_col[33].u_pe     |   w8a16_pe__216 |         64 |         63 |       0 |    1 |    141 |      0 |      0 |    0 |          1 |
|       (g_row[13].g_col[33].u_pe) |   w8a16_pe__216 |         63 |         63 |       0 |    0 |    140 |      0 |      0 |    0 |          0 |
|       u_mult                     | w8a16_mult__216 |          1 |          0 |       0 |    1 |      1 |      0 |      0 |    0 |          1 |
|     g_row[13].g_col[34].u_pe     |   w8a16_pe__217 |         64 |         63 |       0 |    1 |    141 |      0 |      0 |    0 |          1 |
|       (g_row[13].g_col[34].u_pe) |   w8a16_pe__217 |         63 |         63 |       0 |    0 |    140 |      0 |      0 |    0 |          0 |
|       u_mult                     | w8a16_mult__217 |          1 |          0 |       0 |    1 |      1 |      0 |      0 |    0 |          1 |
|     g_row[13].g_col[35].u_pe     |   w8a16_pe__218 |         64 |         63 |       0 |    1 |    141 |      0 |      0 |    0 |          1 |
|       (g_row[13].g_col[35].u_pe) |   w8a16_pe__218 |         63 |         63 |       0 |    0 |    140 |      0 |      0 |    0 |          0 |
|       u_mult                     | w8a16_mult__218 |          1 |          0 |       0 |    1 |      1 |      0 |      0 |    0 |          1 |
|     g_row[13].g_col[36].u_pe     |   w8a16_pe__219 |         64 |         63 |       0 |    1 |    141 |      0 |      0 |    0 |          1 |
|       (g_row[13].g_col[36].u_pe) |   w8a16_pe__219 |         63 |         63 |       0 |    0 |    140 |      0 |      0 |    0 |          0 |
|       u_mult                     | w8a16_mult__219 |          1 |          0 |       0 |    1 |      1 |      0 |      0 |    0 |          1 |
|     g_row[13].g_col[37].u_pe     |   w8a16_pe__132 |         64 |         63 |       0 |    1 |    141 |      0 |      0 |    0 |          1 |
|       (g_row[13].g_col[37].u_pe) |   w8a16_pe__132 |         63 |         63 |       0 |    0 |    140 |      0 |      0 |    0 |          0 |
|       u_mult                     | w8a16_mult__132 |          1 |          0 |       0 |    1 |      1 |      0 |      0 |    0 |          1 |
|     g_row[13].g_col[38].u_pe     |   w8a16_pe__133 |         64 |         63 |       0 |    1 |    141 |      0 |      0 |    0 |          1 |
|       (g_row[13].g_col[38].u_pe) |   w8a16_pe__133 |         63 |         63 |       0 |    0 |    140 |      0 |      0 |    0 |          0 |
|       u_mult                     | w8a16_mult__133 |          1 |          0 |       0 |    1 |      1 |      0 |      0 |    0 |          1 |
|     g_row[13].g_col[39].u_pe     |   w8a16_pe__134 |         64 |         63 |       0 |    1 |    141 |      0 |      0 |    0 |          1 |
|       (g_row[13].g_col[39].u_pe) |   w8a16_pe__134 |         63 |         63 |       0 |    0 |    140 |      0 |      0 |    0 |          0 |
|       u_mult                     | w8a16_mult__134 |          1 |          0 |       0 |    1 |      1 |      0 |      0 |    0 |          1 |
|     g_row[13].g_col[3].u_pe      |   w8a16_pe__692 |         64 |         63 |       0 |    1 |    141 |      0 |      0 |    0 |          1 |
|       (g_row[13].g_col[3].u_pe)  |   w8a16_pe__692 |         63 |         63 |       0 |    0 |    140 |      0 |      0 |    0 |          0 |
|       u_mult                     | w8a16_mult__692 |          1 |          0 |       0 |    1 |      1 |      0 |      0 |    0 |          1 |
|     g_row[13].g_col[40].u_pe     |   w8a16_pe__140 |         64 |         63 |       0 |    1 |    141 |      0 |      0 |    0 |          1 |
|       (g_row[13].g_col[40].u_pe) |   w8a16_pe__140 |         63 |         63 |       0 |    0 |    140 |      0 |      0 |    0 |          0 |
|       u_mult                     | w8a16_mult__140 |          1 |          0 |       0 |    1 |      1 |      0 |      0 |    0 |          1 |
|     g_row[13].g_col[41].u_pe     |    w8a16_pe__17 |         64 |         63 |       0 |    1 |    141 |      0 |      0 |    0 |          1 |
|       (g_row[13].g_col[41].u_pe) |    w8a16_pe__17 |         63 |         63 |       0 |    0 |    140 |      0 |      0 |    0 |          0 |
|       u_mult                     |  w8a16_mult__17 |          1 |          0 |       0 |    1 |      1 |      0 |      0 |    0 |          1 |
|     g_row[13].g_col[42].u_pe     |    w8a16_pe__18 |         64 |         63 |       0 |    1 |    141 |      0 |      0 |    0 |          1 |
|       (g_row[13].g_col[42].u_pe) |    w8a16_pe__18 |         63 |         63 |       0 |    0 |    140 |      0 |      0 |    0 |          0 |
|       u_mult                     |  w8a16_mult__18 |          1 |          0 |       0 |    1 |      1 |      0 |      0 |    0 |          1 |
|     g_row[13].g_col[43].u_pe     |    w8a16_pe__88 |         64 |         63 |       0 |    1 |    141 |      0 |      0 |    0 |          1 |
|       (g_row[13].g_col[43].u_pe) |    w8a16_pe__88 |         63 |         63 |       0 |    0 |    140 |      0 |      0 |    0 |          0 |
|       u_mult                     |  w8a16_mult__88 |          1 |          0 |       0 |    1 |      1 |      0 |      0 |    0 |          1 |
|     g_row[13].g_col[44].u_pe     |    w8a16_pe__87 |         64 |         63 |       0 |    1 |    141 |      0 |      0 |    0 |          1 |
|       (g_row[13].g_col[44].u_pe) |    w8a16_pe__87 |         63 |         63 |       0 |    0 |    140 |      0 |      0 |    0 |          0 |
|       u_mult                     |  w8a16_mult__87 |          1 |          0 |       0 |    1 |      1 |      0 |      0 |    0 |          1 |
|     g_row[13].g_col[45].u_pe     |    w8a16_pe__86 |         64 |         63 |       0 |    1 |    141 |      0 |      0 |    0 |          1 |
|       (g_row[13].g_col[45].u_pe) |    w8a16_pe__86 |         63 |         63 |       0 |    0 |    140 |      0 |      0 |    0 |          0 |
|       u_mult                     |  w8a16_mult__86 |          1 |          0 |       0 |    1 |      1 |      0 |      0 |    0 |          1 |
|     g_row[13].g_col[46].u_pe     |    w8a16_pe__85 |         64 |         63 |       0 |    1 |    141 |      0 |      0 |    0 |          1 |
|       (g_row[13].g_col[46].u_pe) |    w8a16_pe__85 |         63 |         63 |       0 |    0 |    140 |      0 |      0 |    0 |          0 |
|       u_mult                     |  w8a16_mult__85 |          1 |          0 |       0 |    1 |      1 |      0 |      0 |    0 |          1 |
|     g_row[13].g_col[47].u_pe     |    w8a16_pe__84 |         64 |         63 |       0 |    1 |    140 |      0 |      0 |    0 |          1 |
|       (g_row[13].g_col[47].u_pe) |    w8a16_pe__84 |         63 |         63 |       0 |    0 |    139 |      0 |      0 |    0 |          0 |
|       u_mult                     |  w8a16_mult__84 |          1 |          0 |       0 |    1 |      1 |      0 |      0 |    0 |          1 |
|     g_row[13].g_col[4].u_pe      |   w8a16_pe__691 |         64 |         63 |       0 |    1 |    141 |      0 |      0 |    0 |          1 |
|       (g_row[13].g_col[4].u_pe)  |   w8a16_pe__691 |         63 |         63 |       0 |    0 |    140 |      0 |      0 |    0 |          0 |
|       u_mult                     | w8a16_mult__691 |          1 |          0 |       0 |    1 |      1 |      0 |      0 |    0 |          1 |
|     g_row[13].g_col[5].u_pe      |   w8a16_pe__741 |         64 |         63 |       0 |    1 |    141 |      0 |      0 |    0 |          1 |
|       (g_row[13].g_col[5].u_pe)  |   w8a16_pe__741 |         63 |         63 |       0 |    0 |    140 |      0 |      0 |    0 |          0 |
|       u_mult                     | w8a16_mult__741 |          1 |          0 |       0 |    1 |      1 |      0 |      0 |    0 |          1 |
|     g_row[13].g_col[6].u_pe      |   w8a16_pe__740 |         64 |         63 |       0 |    1 |    141 |      0 |      0 |    0 |          1 |
|       (g_row[13].g_col[6].u_pe)  |   w8a16_pe__740 |         63 |         63 |       0 |    0 |    140 |      0 |      0 |    0 |          0 |
|       u_mult                     | w8a16_mult__740 |          1 |          0 |       0 |    1 |      1 |      0 |      0 |    0 |          1 |
|     g_row[13].g_col[7].u_pe      |   w8a16_pe__739 |         64 |         63 |       0 |    1 |    141 |      0 |      0 |    0 |          1 |
|       (g_row[13].g_col[7].u_pe)  |   w8a16_pe__739 |         63 |         63 |       0 |    0 |    140 |      0 |      0 |    0 |          0 |
|       u_mult                     | w8a16_mult__739 |          1 |          0 |       0 |    1 |      1 |      0 |      0 |    0 |          1 |
|     g_row[13].g_col[8].u_pe      |   w8a16_pe__411 |         64 |         63 |       0 |    1 |    141 |      0 |      0 |    0 |          1 |
|       (g_row[13].g_col[8].u_pe)  |   w8a16_pe__411 |         63 |         63 |       0 |    0 |    140 |      0 |      0 |    0 |          0 |
|       u_mult                     | w8a16_mult__411 |          1 |          0 |       0 |    1 |      1 |      0 |      0 |    0 |          1 |
|     g_row[13].g_col[9].u_pe      |   w8a16_pe__390 |         64 |         63 |       0 |    1 |    141 |      0 |      0 |    0 |          1 |
|       (g_row[13].g_col[9].u_pe)  |   w8a16_pe__390 |         63 |         63 |       0 |    0 |    140 |      0 |      0 |    0 |          0 |
|       u_mult                     | w8a16_mult__390 |          1 |          0 |       0 |    1 |      1 |      0 |      0 |    0 |          1 |
|     g_row[14].g_col[0].u_pe      |   w8a16_pe__682 |         64 |         63 |       0 |    1 |    141 |      0 |      0 |    0 |          1 |
|       (g_row[14].g_col[0].u_pe)  |   w8a16_pe__682 |         63 |         63 |       0 |    0 |    140 |      0 |      0 |    0 |          0 |
|       u_mult                     | w8a16_mult__682 |          1 |          0 |       0 |    1 |      1 |      0 |      0 |    0 |          1 |
|     g_row[14].g_col[10].u_pe     |   w8a16_pe__403 |         64 |         63 |       0 |    1 |    141 |      0 |      0 |    0 |          1 |
|       (g_row[14].g_col[10].u_pe) |   w8a16_pe__403 |         63 |         63 |       0 |    0 |    140 |      0 |      0 |    0 |          0 |
|       u_mult                     | w8a16_mult__403 |          1 |          0 |       0 |    1 |      1 |      0 |      0 |    0 |          1 |
|     g_row[14].g_col[11].u_pe     |   w8a16_pe__408 |         64 |         63 |       0 |    1 |    141 |      0 |      0 |    0 |          1 |
|       (g_row[14].g_col[11].u_pe) |   w8a16_pe__408 |         63 |         63 |       0 |    0 |    140 |      0 |      0 |    0 |          0 |
|       u_mult                     | w8a16_mult__408 |          1 |          0 |       0 |    1 |      1 |      0 |      0 |    0 |          1 |
|     g_row[14].g_col[12].u_pe     |   w8a16_pe__486 |         64 |         63 |       0 |    1 |    141 |      0 |      0 |    0 |          1 |
|       (g_row[14].g_col[12].u_pe) |   w8a16_pe__486 |         63 |         63 |       0 |    0 |    140 |      0 |      0 |    0 |          0 |
|       u_mult                     | w8a16_mult__486 |          1 |          0 |       0 |    1 |      1 |      0 |      0 |    0 |          1 |
|     g_row[14].g_col[13].u_pe     |   w8a16_pe__424 |         64 |         63 |       0 |    1 |    141 |      0 |      0 |    0 |          1 |
|       (g_row[14].g_col[13].u_pe) |   w8a16_pe__424 |         63 |         63 |       0 |    0 |    140 |      0 |      0 |    0 |          0 |
|       u_mult                     | w8a16_mult__424 |          1 |          0 |       0 |    1 |      1 |      0 |      0 |    0 |          1 |
|     g_row[14].g_col[14].u_pe     |   w8a16_pe__426 |         64 |         63 |       0 |    1 |    141 |      0 |      0 |    0 |          1 |
|       (g_row[14].g_col[14].u_pe) |   w8a16_pe__426 |         63 |         63 |       0 |    0 |    140 |      0 |      0 |    0 |          0 |
|       u_mult                     | w8a16_mult__426 |          1 |          0 |       0 |    1 |      1 |      0 |      0 |    0 |          1 |
|     g_row[14].g_col[15].u_pe     |   w8a16_pe__501 |         64 |         63 |       0 |    1 |    141 |      0 |      0 |    0 |          1 |
|       (g_row[14].g_col[15].u_pe) |   w8a16_pe__501 |         63 |         63 |       0 |    0 |    140 |      0 |      0 |    0 |          0 |
|       u_mult                     | w8a16_mult__501 |          1 |          0 |       0 |    1 |      1 |      0 |      0 |    0 |          1 |
|     g_row[14].g_col[16].u_pe     |   w8a16_pe__502 |         64 |         63 |       0 |    1 |    141 |      0 |      0 |    0 |          1 |
|       (g_row[14].g_col[16].u_pe) |   w8a16_pe__502 |         63 |         63 |       0 |    0 |    140 |      0 |      0 |    0 |          0 |
|       u_mult                     | w8a16_mult__502 |          1 |          0 |       0 |    1 |      1 |      0 |      0 |    0 |          1 |
|     g_row[14].g_col[17].u_pe     |   w8a16_pe__507 |         64 |         63 |       0 |    1 |    141 |      0 |      0 |    0 |          1 |
|       (g_row[14].g_col[17].u_pe) |   w8a16_pe__507 |         63 |         63 |       0 |    0 |    140 |      0 |      0 |    0 |          0 |
|       u_mult                     | w8a16_mult__507 |          1 |          0 |       0 |    1 |      1 |      0 |      0 |    0 |          1 |
|     g_row[14].g_col[18].u_pe     |   w8a16_pe__508 |         64 |         63 |       0 |    1 |    141 |      0 |      0 |    0 |          1 |
|       (g_row[14].g_col[18].u_pe) |   w8a16_pe__508 |         63 |         63 |       0 |    0 |    140 |      0 |      0 |    0 |          0 |
|       u_mult                     | w8a16_mult__508 |          1 |          0 |       0 |    1 |      1 |      0 |      0 |    0 |          1 |
|     g_row[14].g_col[19].u_pe     |   w8a16_pe__631 |         64 |         63 |       0 |    1 |    141 |      0 |      0 |    0 |          1 |
|       (g_row[14].g_col[19].u_pe) |   w8a16_pe__631 |         63 |         63 |       0 |    0 |    140 |      0 |      0 |    0 |          0 |
|       u_mult                     | w8a16_mult__631 |          1 |          0 |       0 |    1 |      1 |      0 |      0 |    0 |          1 |
|     g_row[14].g_col[1].u_pe      |   w8a16_pe__681 |         64 |         63 |       0 |    1 |    141 |      0 |      0 |    0 |          1 |
|       (g_row[14].g_col[1].u_pe)  |   w8a16_pe__681 |         63 |         63 |       0 |    0 |    140 |      0 |      0 |    0 |          0 |
|       u_mult                     | w8a16_mult__681 |          1 |          0 |       0 |    1 |      1 |      0 |      0 |    0 |          1 |
|     g_row[14].g_col[20].u_pe     |   w8a16_pe__630 |         64 |         63 |       0 |    1 |    141 |      0 |      0 |    0 |          1 |
|       (g_row[14].g_col[20].u_pe) |   w8a16_pe__630 |         63 |         63 |       0 |    0 |    140 |      0 |      0 |    0 |          0 |
|       u_mult                     | w8a16_mult__630 |          1 |          0 |       0 |    1 |      1 |      0 |      0 |    0 |          1 |
|     g_row[14].g_col[21].u_pe     |   w8a16_pe__629 |         64 |         63 |       0 |    1 |    141 |      0 |      0 |    0 |          1 |
|       (g_row[14].g_col[21].u_pe) |   w8a16_pe__629 |         63 |         63 |       0 |    0 |    140 |      0 |      0 |    0 |          0 |
|       u_mult                     | w8a16_mult__629 |          1 |          0 |       0 |    1 |      1 |      0 |      0 |    0 |          1 |
|     g_row[14].g_col[22].u_pe     |   w8a16_pe__628 |         64 |         63 |       0 |    1 |    141 |      0 |      0 |    0 |          1 |
|       (g_row[14].g_col[22].u_pe) |   w8a16_pe__628 |         63 |         63 |       0 |    0 |    140 |      0 |      0 |    0 |          0 |
|       u_mult                     | w8a16_mult__628 |          1 |          0 |       0 |    1 |      1 |      0 |      0 |    0 |          1 |
|     g_row[14].g_col[23].u_pe     |   w8a16_pe__627 |         64 |         63 |       0 |    1 |    141 |      0 |      0 |    0 |          1 |
|       (g_row[14].g_col[23].u_pe) |   w8a16_pe__627 |         63 |         63 |       0 |    0 |    140 |      0 |      0 |    0 |          0 |
|       u_mult                     | w8a16_mult__627 |          1 |          0 |       0 |    1 |      1 |      0 |      0 |    0 |          1 |
|     g_row[14].g_col[24].u_pe     |   w8a16_pe__321 |         64 |         63 |       0 |    1 |    141 |      0 |      0 |    0 |          1 |
|       (g_row[14].g_col[24].u_pe) |   w8a16_pe__321 |         63 |         63 |       0 |    0 |    140 |      0 |      0 |    0 |          0 |
|       u_mult                     | w8a16_mult__321 |          1 |          0 |       0 |    1 |      1 |      0 |      0 |    0 |          1 |
|     g_row[14].g_col[25].u_pe     |   w8a16_pe__320 |         64 |         63 |       0 |    1 |    141 |      0 |      0 |    0 |          1 |
|       (g_row[14].g_col[25].u_pe) |   w8a16_pe__320 |         63 |         63 |       0 |    0 |    140 |      0 |      0 |    0 |          0 |
|       u_mult                     | w8a16_mult__320 |          1 |          0 |       0 |    1 |      1 |      0 |      0 |    0 |          1 |
|     g_row[14].g_col[26].u_pe     |   w8a16_pe__317 |         64 |         63 |       0 |    1 |    141 |      0 |      0 |    0 |          1 |
|       (g_row[14].g_col[26].u_pe) |   w8a16_pe__317 |         63 |         63 |       0 |    0 |    140 |      0 |      0 |    0 |          0 |
|       u_mult                     | w8a16_mult__317 |          1 |          0 |       0 |    1 |      1 |      0 |      0 |    0 |          1 |
|     g_row[14].g_col[27].u_pe     |   w8a16_pe__316 |         64 |         63 |       0 |    1 |    141 |      0 |      0 |    0 |          1 |
|       (g_row[14].g_col[27].u_pe) |   w8a16_pe__316 |         63 |         63 |       0 |    0 |    140 |      0 |      0 |    0 |          0 |
|       u_mult                     | w8a16_mult__316 |          1 |          0 |       0 |    1 |      1 |      0 |      0 |    0 |          1 |
|     g_row[14].g_col[28].u_pe     |   w8a16_pe__315 |         64 |         63 |       0 |    1 |    141 |      0 |      0 |    0 |          1 |
|       (g_row[14].g_col[28].u_pe) |   w8a16_pe__315 |         63 |         63 |       0 |    0 |    140 |      0 |      0 |    0 |          0 |
|       u_mult                     | w8a16_mult__315 |          1 |          0 |       0 |    1 |      1 |      0 |      0 |    0 |          1 |
|     g_row[14].g_col[29].u_pe     |   w8a16_pe__314 |         64 |         63 |       0 |    1 |    141 |      0 |      0 |    0 |          1 |
|       (g_row[14].g_col[29].u_pe) |   w8a16_pe__314 |         63 |         63 |       0 |    0 |    140 |      0 |      0 |    0 |          0 |
|       u_mult                     | w8a16_mult__314 |          1 |          0 |       0 |    1 |      1 |      0 |      0 |    0 |          1 |
|     g_row[14].g_col[2].u_pe      |   w8a16_pe__680 |         64 |         63 |       0 |    1 |    141 |      0 |      0 |    0 |          1 |
|       (g_row[14].g_col[2].u_pe)  |   w8a16_pe__680 |         63 |         63 |       0 |    0 |    140 |      0 |      0 |    0 |          0 |
|       u_mult                     | w8a16_mult__680 |          1 |          0 |       0 |    1 |      1 |      0 |      0 |    0 |          1 |
|     g_row[14].g_col[30].u_pe     |   w8a16_pe__313 |         64 |         63 |       0 |    1 |    141 |      0 |      0 |    0 |          1 |
|       (g_row[14].g_col[30].u_pe) |   w8a16_pe__313 |         63 |         63 |       0 |    0 |    140 |      0 |      0 |    0 |          0 |
|       u_mult                     | w8a16_mult__313 |          1 |          0 |       0 |    1 |      1 |      0 |      0 |    0 |          1 |
|     g_row[14].g_col[31].u_pe     |   w8a16_pe__351 |         64 |         63 |       0 |    1 |    141 |      0 |      0 |    0 |          1 |
|       (g_row[14].g_col[31].u_pe) |   w8a16_pe__351 |         63 |         63 |       0 |    0 |    140 |      0 |      0 |    0 |          0 |
|       u_mult                     | w8a16_mult__351 |          1 |          0 |       0 |    1 |      1 |      0 |      0 |    0 |          1 |
|     g_row[14].g_col[32].u_pe     |   w8a16_pe__220 |         64 |         63 |       0 |    1 |    141 |      0 |      0 |    0 |          1 |
|       (g_row[14].g_col[32].u_pe) |   w8a16_pe__220 |         63 |         63 |       0 |    0 |    140 |      0 |      0 |    0 |          0 |
|       u_mult                     | w8a16_mult__220 |          1 |          0 |       0 |    1 |      1 |      0 |      0 |    0 |          1 |
|     g_row[14].g_col[33].u_pe     |   w8a16_pe__221 |         64 |         63 |       0 |    1 |    141 |      0 |      0 |    0 |          1 |
|       (g_row[14].g_col[33].u_pe) |   w8a16_pe__221 |         63 |         63 |       0 |    0 |    140 |      0 |      0 |    0 |          0 |
|       u_mult                     | w8a16_mult__221 |          1 |          0 |       0 |    1 |      1 |      0 |      0 |    0 |          1 |
|     g_row[14].g_col[34].u_pe     |   w8a16_pe__222 |         64 |         63 |       0 |    1 |    141 |      0 |      0 |    0 |          1 |
|       (g_row[14].g_col[34].u_pe) |   w8a16_pe__222 |         63 |         63 |       0 |    0 |    140 |      0 |      0 |    0 |          0 |
|       u_mult                     | w8a16_mult__222 |          1 |          0 |       0 |    1 |      1 |      0 |      0 |    0 |          1 |
|     g_row[14].g_col[35].u_pe     |   w8a16_pe__223 |         64 |         63 |       0 |    1 |    141 |      0 |      0 |    0 |          1 |
|       (g_row[14].g_col[35].u_pe) |   w8a16_pe__223 |         63 |         63 |       0 |    0 |    140 |      0 |      0 |    0 |          0 |
|       u_mult                     | w8a16_mult__223 |          1 |          0 |       0 |    1 |      1 |      0 |      0 |    0 |          1 |
|     g_row[14].g_col[36].u_pe     |   w8a16_pe__224 |         64 |         63 |       0 |    1 |    141 |      0 |      0 |    0 |          1 |
|       (g_row[14].g_col[36].u_pe) |   w8a16_pe__224 |         63 |         63 |       0 |    0 |    140 |      0 |      0 |    0 |          0 |
|       u_mult                     | w8a16_mult__224 |          1 |          0 |       0 |    1 |      1 |      0 |      0 |    0 |          1 |
|     g_row[14].g_col[37].u_pe     |   w8a16_pe__141 |         64 |         63 |       0 |    1 |    141 |      0 |      0 |    0 |          1 |
|       (g_row[14].g_col[37].u_pe) |   w8a16_pe__141 |         63 |         63 |       0 |    0 |    140 |      0 |      0 |    0 |          0 |
|       u_mult                     | w8a16_mult__141 |          1 |          0 |       0 |    1 |      1 |      0 |      0 |    0 |          1 |
|     g_row[14].g_col[38].u_pe     |   w8a16_pe__142 |         64 |         63 |       0 |    1 |    141 |      0 |      0 |    0 |          1 |
|       (g_row[14].g_col[38].u_pe) |   w8a16_pe__142 |         63 |         63 |       0 |    0 |    140 |      0 |      0 |    0 |          0 |
|       u_mult                     | w8a16_mult__142 |          1 |          0 |       0 |    1 |      1 |      0 |      0 |    0 |          1 |
|     g_row[14].g_col[39].u_pe     |   w8a16_pe__143 |         64 |         63 |       0 |    1 |    141 |      0 |      0 |    0 |          1 |
|       (g_row[14].g_col[39].u_pe) |   w8a16_pe__143 |         63 |         63 |       0 |    0 |    140 |      0 |      0 |    0 |          0 |
|       u_mult                     | w8a16_mult__143 |          1 |          0 |       0 |    1 |      1 |      0 |      0 |    0 |          1 |
|     g_row[14].g_col[3].u_pe      |   w8a16_pe__694 |         64 |         63 |       0 |    1 |    141 |      0 |      0 |    0 |          1 |
|       (g_row[14].g_col[3].u_pe)  |   w8a16_pe__694 |         63 |         63 |       0 |    0 |    140 |      0 |      0 |    0 |          0 |
|       u_mult                     | w8a16_mult__694 |          1 |          0 |       0 |    1 |      1 |      0 |      0 |    0 |          1 |
|     g_row[14].g_col[40].u_pe     |   w8a16_pe__144 |         64 |         63 |       0 |    1 |    141 |      0 |      0 |    0 |          1 |
|       (g_row[14].g_col[40].u_pe) |   w8a16_pe__144 |         63 |         63 |       0 |    0 |    140 |      0 |      0 |    0 |          0 |
|       u_mult                     | w8a16_mult__144 |          1 |          0 |       0 |    1 |      1 |      0 |      0 |    0 |          1 |
|     g_row[14].g_col[41].u_pe     |    w8a16_pe__83 |         64 |         63 |       0 |    1 |    141 |      0 |      0 |    0 |          1 |
|       (g_row[14].g_col[41].u_pe) |    w8a16_pe__83 |         63 |         63 |       0 |    0 |    140 |      0 |      0 |    0 |          0 |
|       u_mult                     |  w8a16_mult__83 |          1 |          0 |       0 |    1 |      1 |      0 |      0 |    0 |          1 |
|     g_row[14].g_col[42].u_pe     |    w8a16_pe__82 |         64 |         63 |       0 |    1 |    141 |      0 |      0 |    0 |          1 |
|       (g_row[14].g_col[42].u_pe) |    w8a16_pe__82 |         63 |         63 |       0 |    0 |    140 |      0 |      0 |    0 |          0 |
|       u_mult                     |  w8a16_mult__82 |          1 |          0 |       0 |    1 |      1 |      0 |      0 |    0 |          1 |
|     g_row[14].g_col[43].u_pe     |    w8a16_pe__72 |         64 |         63 |       0 |    1 |    141 |      0 |      0 |    0 |          1 |
|       (g_row[14].g_col[43].u_pe) |    w8a16_pe__72 |         63 |         63 |       0 |    0 |    140 |      0 |      0 |    0 |          0 |
|       u_mult                     |  w8a16_mult__72 |          1 |          0 |       0 |    1 |      1 |      0 |      0 |    0 |          1 |
|     g_row[14].g_col[44].u_pe     |    w8a16_pe__71 |         64 |         63 |       0 |    1 |    141 |      0 |      0 |    0 |          1 |
|       (g_row[14].g_col[44].u_pe) |    w8a16_pe__71 |         63 |         63 |       0 |    0 |    140 |      0 |      0 |    0 |          0 |
|       u_mult                     |  w8a16_mult__71 |          1 |          0 |       0 |    1 |      1 |      0 |      0 |    0 |          1 |
|     g_row[14].g_col[45].u_pe     |    w8a16_pe__70 |         64 |         63 |       0 |    1 |    141 |      0 |      0 |    0 |          1 |
|       (g_row[14].g_col[45].u_pe) |    w8a16_pe__70 |         63 |         63 |       0 |    0 |    140 |      0 |      0 |    0 |          0 |
|       u_mult                     |  w8a16_mult__70 |          1 |          0 |       0 |    1 |      1 |      0 |      0 |    0 |          1 |
|     g_row[14].g_col[46].u_pe     |    w8a16_pe__69 |         64 |         63 |       0 |    1 |    141 |      0 |      0 |    0 |          1 |
|       (g_row[14].g_col[46].u_pe) |    w8a16_pe__69 |         63 |         63 |       0 |    0 |    140 |      0 |      0 |    0 |          0 |
|       u_mult                     |  w8a16_mult__69 |          1 |          0 |       0 |    1 |      1 |      0 |      0 |    0 |          1 |
|     g_row[14].g_col[47].u_pe     |    w8a16_pe__68 |         64 |         63 |       0 |    1 |    140 |      0 |      0 |    0 |          1 |
|       (g_row[14].g_col[47].u_pe) |    w8a16_pe__68 |         63 |         63 |       0 |    0 |    139 |      0 |      0 |    0 |          0 |
|       u_mult                     |  w8a16_mult__68 |          1 |          0 |       0 |    1 |      1 |      0 |      0 |    0 |          1 |
|     g_row[14].g_col[4].u_pe      |   w8a16_pe__695 |         64 |         63 |       0 |    1 |    141 |      0 |      0 |    0 |          1 |
|       (g_row[14].g_col[4].u_pe)  |   w8a16_pe__695 |         63 |         63 |       0 |    0 |    140 |      0 |      0 |    0 |          0 |
|       u_mult                     | w8a16_mult__695 |          1 |          0 |       0 |    1 |      1 |      0 |      0 |    0 |          1 |
|     g_row[14].g_col[5].u_pe      |   w8a16_pe__738 |         64 |         63 |       0 |    1 |    141 |      0 |      0 |    0 |          1 |
|       (g_row[14].g_col[5].u_pe)  |   w8a16_pe__738 |         63 |         63 |       0 |    0 |    140 |      0 |      0 |    0 |          0 |
|       u_mult                     | w8a16_mult__738 |          1 |          0 |       0 |    1 |      1 |      0 |      0 |    0 |          1 |
|     g_row[14].g_col[6].u_pe      |   w8a16_pe__737 |         64 |         63 |       0 |    1 |    141 |      0 |      0 |    0 |          1 |
|       (g_row[14].g_col[6].u_pe)  |   w8a16_pe__737 |         63 |         63 |       0 |    0 |    140 |      0 |      0 |    0 |          0 |
|       u_mult                     | w8a16_mult__737 |          1 |          0 |       0 |    1 |      1 |      0 |      0 |    0 |          1 |
|     g_row[14].g_col[7].u_pe      |   w8a16_pe__736 |         64 |         63 |       0 |    1 |    141 |      0 |      0 |    0 |          1 |
|       (g_row[14].g_col[7].u_pe)  |   w8a16_pe__736 |         63 |         63 |       0 |    0 |    140 |      0 |      0 |    0 |          0 |
|       u_mult                     | w8a16_mult__736 |          1 |          0 |       0 |    1 |      1 |      0 |      0 |    0 |          1 |
|     g_row[14].g_col[8].u_pe      |   w8a16_pe__396 |         64 |         63 |       0 |    1 |    141 |      0 |      0 |    0 |          1 |
|       (g_row[14].g_col[8].u_pe)  |   w8a16_pe__396 |         63 |         63 |       0 |    0 |    140 |      0 |      0 |    0 |          0 |
|       u_mult                     | w8a16_mult__396 |          1 |          0 |       0 |    1 |      1 |      0 |      0 |    0 |          1 |
|     g_row[14].g_col[9].u_pe      |   w8a16_pe__400 |         64 |         63 |       0 |    1 |    141 |      0 |      0 |    0 |          1 |
|       (g_row[14].g_col[9].u_pe)  |   w8a16_pe__400 |         63 |         63 |       0 |    0 |    140 |      0 |      0 |    0 |          0 |
|       u_mult                     | w8a16_mult__400 |          1 |          0 |       0 |    1 |      1 |      0 |      0 |    0 |          1 |
|     g_row[15].g_col[0].u_pe      |   w8a16_pe__679 |         64 |         63 |       0 |    1 |    141 |      0 |      0 |    0 |          1 |
|       (g_row[15].g_col[0].u_pe)  |   w8a16_pe__679 |         63 |         63 |       0 |    0 |    140 |      0 |      0 |    0 |          0 |
|       u_mult                     | w8a16_mult__679 |          1 |          0 |       0 |    1 |      1 |      0 |      0 |    0 |          1 |
|     g_row[15].g_col[10].u_pe     |   w8a16_pe__399 |         64 |         63 |       0 |    1 |    141 |      0 |      0 |    0 |          1 |
|       (g_row[15].g_col[10].u_pe) |   w8a16_pe__399 |         63 |         63 |       0 |    0 |    140 |      0 |      0 |    0 |          0 |
|       u_mult                     | w8a16_mult__399 |          1 |          0 |       0 |    1 |      1 |      0 |      0 |    0 |          1 |
|     g_row[15].g_col[11].u_pe     |   w8a16_pe__401 |         64 |         63 |       0 |    1 |    141 |      0 |      0 |    0 |          1 |
|       (g_row[15].g_col[11].u_pe) |   w8a16_pe__401 |         63 |         63 |       0 |    0 |    140 |      0 |      0 |    0 |          0 |
|       u_mult                     | w8a16_mult__401 |          1 |          0 |       0 |    1 |      1 |      0 |      0 |    0 |          1 |
|     g_row[15].g_col[12].u_pe     |   w8a16_pe__477 |         64 |         63 |       0 |    1 |    141 |      0 |      0 |    0 |          1 |
|       (g_row[15].g_col[12].u_pe) |   w8a16_pe__477 |         63 |         63 |       0 |    0 |    140 |      0 |      0 |    0 |          0 |
|       u_mult                     | w8a16_mult__477 |          1 |          0 |       0 |    1 |      1 |      0 |      0 |    0 |          1 |
|     g_row[15].g_col[13].u_pe     |   w8a16_pe__407 |         64 |         63 |       0 |    1 |    141 |      0 |      0 |    0 |          1 |
|       (g_row[15].g_col[13].u_pe) |   w8a16_pe__407 |         63 |         63 |       0 |    0 |    140 |      0 |      0 |    0 |          0 |
|       u_mult                     | w8a16_mult__407 |          1 |          0 |       0 |    1 |      1 |      0 |      0 |    0 |          1 |
|     g_row[15].g_col[14].u_pe     |   w8a16_pe__409 |         64 |         63 |       0 |    1 |    141 |      0 |      0 |    0 |          1 |
|       (g_row[15].g_col[14].u_pe) |   w8a16_pe__409 |         63 |         63 |       0 |    0 |    140 |      0 |      0 |    0 |          0 |
|       u_mult                     | w8a16_mult__409 |          1 |          0 |       0 |    1 |      1 |      0 |      0 |    0 |          1 |
|     g_row[15].g_col[15].u_pe     |   w8a16_pe__513 |         64 |         63 |       0 |    1 |    141 |      0 |      0 |    0 |          1 |
|       (g_row[15].g_col[15].u_pe) |   w8a16_pe__513 |         63 |         63 |       0 |    0 |    140 |      0 |      0 |    0 |          0 |
|       u_mult                     | w8a16_mult__513 |          1 |          0 |       0 |    1 |      1 |      0 |      0 |    0 |          1 |
|     g_row[15].g_col[16].u_pe     |   w8a16_pe__514 |         64 |         63 |       0 |    1 |    141 |      0 |      0 |    0 |          1 |
|       (g_row[15].g_col[16].u_pe) |   w8a16_pe__514 |         63 |         63 |       0 |    0 |    140 |      0 |      0 |    0 |          0 |
|       u_mult                     | w8a16_mult__514 |          1 |          0 |       0 |    1 |      1 |      0 |      0 |    0 |          1 |
|     g_row[15].g_col[17].u_pe     |   w8a16_pe__515 |         64 |         63 |       0 |    1 |    141 |      0 |      0 |    0 |          1 |
|       (g_row[15].g_col[17].u_pe) |   w8a16_pe__515 |         63 |         63 |       0 |    0 |    140 |      0 |      0 |    0 |          0 |
|       u_mult                     | w8a16_mult__515 |          1 |          0 |       0 |    1 |      1 |      0 |      0 |    0 |          1 |
|     g_row[15].g_col[18].u_pe     |   w8a16_pe__516 |         64 |         63 |       0 |    1 |    141 |      0 |      0 |    0 |          1 |
|       (g_row[15].g_col[18].u_pe) |   w8a16_pe__516 |         63 |         63 |       0 |    0 |    140 |      0 |      0 |    0 |          0 |
|       u_mult                     | w8a16_mult__516 |          1 |          0 |       0 |    1 |      1 |      0 |      0 |    0 |          1 |
|     g_row[15].g_col[19].u_pe     |   w8a16_pe__626 |         64 |         63 |       0 |    1 |    141 |      0 |      0 |    0 |          1 |
|       (g_row[15].g_col[19].u_pe) |   w8a16_pe__626 |         63 |         63 |       0 |    0 |    140 |      0 |      0 |    0 |          0 |
|       u_mult                     | w8a16_mult__626 |          1 |          0 |       0 |    1 |      1 |      0 |      0 |    0 |          1 |
|     g_row[15].g_col[1].u_pe      |   w8a16_pe__675 |         64 |         63 |       0 |    1 |    141 |      0 |      0 |    0 |          1 |
|       (g_row[15].g_col[1].u_pe)  |   w8a16_pe__675 |         63 |         63 |       0 |    0 |    140 |      0 |      0 |    0 |          0 |
|       u_mult                     | w8a16_mult__675 |          1 |          0 |       0 |    1 |      1 |      0 |      0 |    0 |          1 |
|     g_row[15].g_col[20].u_pe     |   w8a16_pe__625 |         64 |         63 |       0 |    1 |    141 |      0 |      0 |    0 |          1 |
|       (g_row[15].g_col[20].u_pe) |   w8a16_pe__625 |         63 |         63 |       0 |    0 |    140 |      0 |      0 |    0 |          0 |
|       u_mult                     | w8a16_mult__625 |          1 |          0 |       0 |    1 |      1 |      0 |      0 |    0 |          1 |
|     g_row[15].g_col[21].u_pe     |   w8a16_pe__624 |         64 |         63 |       0 |    1 |    141 |      0 |      0 |    0 |          1 |
|       (g_row[15].g_col[21].u_pe) |   w8a16_pe__624 |         63 |         63 |       0 |    0 |    140 |      0 |      0 |    0 |          0 |
|       u_mult                     | w8a16_mult__624 |          1 |          0 |       0 |    1 |      1 |      0 |      0 |    0 |          1 |
|     g_row[15].g_col[22].u_pe     |   w8a16_pe__623 |         64 |         63 |       0 |    1 |    141 |      0 |      0 |    0 |          1 |
|       (g_row[15].g_col[22].u_pe) |   w8a16_pe__623 |         63 |         63 |       0 |    0 |    140 |      0 |      0 |    0 |          0 |
|       u_mult                     | w8a16_mult__623 |          1 |          0 |       0 |    1 |      1 |      0 |      0 |    0 |          1 |
|     g_row[15].g_col[23].u_pe     |   w8a16_pe__622 |         64 |         63 |       0 |    1 |    141 |      0 |      0 |    0 |          1 |
|       (g_row[15].g_col[23].u_pe) |   w8a16_pe__622 |         63 |         63 |       0 |    0 |    140 |      0 |      0 |    0 |          0 |
|       u_mult                     | w8a16_mult__622 |          1 |          0 |       0 |    1 |      1 |      0 |      0 |    0 |          1 |
|     g_row[15].g_col[24].u_pe     |   w8a16_pe__312 |         64 |         63 |       0 |    1 |    141 |      0 |      0 |    0 |          1 |
|       (g_row[15].g_col[24].u_pe) |   w8a16_pe__312 |         63 |         63 |       0 |    0 |    140 |      0 |      0 |    0 |          0 |
|       u_mult                     | w8a16_mult__312 |          1 |          0 |       0 |    1 |      1 |      0 |      0 |    0 |          1 |
|     g_row[15].g_col[25].u_pe     |   w8a16_pe__311 |         64 |         63 |       0 |    1 |    141 |      0 |      0 |    0 |          1 |
|       (g_row[15].g_col[25].u_pe) |   w8a16_pe__311 |         63 |         63 |       0 |    0 |    140 |      0 |      0 |    0 |          0 |
|       u_mult                     | w8a16_mult__311 |          1 |          0 |       0 |    1 |      1 |      0 |      0 |    0 |          1 |
|     g_row[15].g_col[26].u_pe     |   w8a16_pe__310 |         64 |         63 |       0 |    1 |    141 |      0 |      0 |    0 |          1 |
|       (g_row[15].g_col[26].u_pe) |   w8a16_pe__310 |         63 |         63 |       0 |    0 |    140 |      0 |      0 |    0 |          0 |
|       u_mult                     | w8a16_mult__310 |          1 |          0 |       0 |    1 |      1 |      0 |      0 |    0 |          1 |
|     g_row[15].g_col[27].u_pe     |   w8a16_pe__309 |         64 |         63 |       0 |    1 |    141 |      0 |      0 |    0 |          1 |
|       (g_row[15].g_col[27].u_pe) |   w8a16_pe__309 |         63 |         63 |       0 |    0 |    140 |      0 |      0 |    0 |          0 |
|       u_mult                     | w8a16_mult__309 |          1 |          0 |       0 |    1 |      1 |      0 |      0 |    0 |          1 |
|     g_row[15].g_col[28].u_pe     |   w8a16_pe__308 |         64 |         63 |       0 |    1 |    141 |      0 |      0 |    0 |          1 |
|       (g_row[15].g_col[28].u_pe) |   w8a16_pe__308 |         63 |         63 |       0 |    0 |    140 |      0 |      0 |    0 |          0 |
|       u_mult                     | w8a16_mult__308 |          1 |          0 |       0 |    1 |      1 |      0 |      0 |    0 |          1 |
|     g_row[15].g_col[29].u_pe     |   w8a16_pe__307 |         64 |         63 |       0 |    1 |    141 |      0 |      0 |    0 |          1 |
|       (g_row[15].g_col[29].u_pe) |   w8a16_pe__307 |         63 |         63 |       0 |    0 |    140 |      0 |      0 |    0 |          0 |
|       u_mult                     | w8a16_mult__307 |          1 |          0 |       0 |    1 |      1 |      0 |      0 |    0 |          1 |
|     g_row[15].g_col[2].u_pe      |   w8a16_pe__674 |         64 |         63 |       0 |    1 |    141 |      0 |      0 |    0 |          1 |
|       (g_row[15].g_col[2].u_pe)  |   w8a16_pe__674 |         63 |         63 |       0 |    0 |    140 |      0 |      0 |    0 |          0 |
|       u_mult                     | w8a16_mult__674 |          1 |          0 |       0 |    1 |      1 |      0 |      0 |    0 |          1 |
|     g_row[15].g_col[30].u_pe     |   w8a16_pe__306 |         64 |         63 |       0 |    1 |    141 |      0 |      0 |    0 |          1 |
|       (g_row[15].g_col[30].u_pe) |   w8a16_pe__306 |         63 |         63 |       0 |    0 |    140 |      0 |      0 |    0 |          0 |
|       u_mult                     | w8a16_mult__306 |          1 |          0 |       0 |    1 |      1 |      0 |      0 |    0 |          1 |
|     g_row[15].g_col[31].u_pe     |   w8a16_pe__352 |         64 |         63 |       0 |    1 |    141 |      0 |      0 |    0 |          1 |
|       (g_row[15].g_col[31].u_pe) |   w8a16_pe__352 |         63 |         63 |       0 |    0 |    140 |      0 |      0 |    0 |          0 |
|       u_mult                     | w8a16_mult__352 |          1 |          0 |       0 |    1 |      1 |      0 |      0 |    0 |          1 |
|     g_row[15].g_col[32].u_pe     |   w8a16_pe__229 |         64 |         63 |       0 |    1 |    141 |      0 |      0 |    0 |          1 |
|       (g_row[15].g_col[32].u_pe) |   w8a16_pe__229 |         63 |         63 |       0 |    0 |    140 |      0 |      0 |    0 |          0 |
|       u_mult                     | w8a16_mult__229 |          1 |          0 |       0 |    1 |      1 |      0 |      0 |    0 |          1 |
|     g_row[15].g_col[33].u_pe     |   w8a16_pe__230 |         64 |         63 |       0 |    1 |    141 |      0 |      0 |    0 |          1 |
|       (g_row[15].g_col[33].u_pe) |   w8a16_pe__230 |         63 |         63 |       0 |    0 |    140 |      0 |      0 |    0 |          0 |
|       u_mult                     | w8a16_mult__230 |          1 |          0 |       0 |    1 |      1 |      0 |      0 |    0 |          1 |
|     g_row[15].g_col[34].u_pe     |   w8a16_pe__231 |         64 |         63 |       0 |    1 |    141 |      0 |      0 |    0 |          1 |
|       (g_row[15].g_col[34].u_pe) |   w8a16_pe__231 |         63 |         63 |       0 |    0 |    140 |      0 |      0 |    0 |          0 |
|       u_mult                     | w8a16_mult__231 |          1 |          0 |       0 |    1 |      1 |      0 |      0 |    0 |          1 |
|     g_row[15].g_col[35].u_pe     |   w8a16_pe__232 |         64 |         63 |       0 |    1 |    141 |      0 |      0 |    0 |          1 |
|       (g_row[15].g_col[35].u_pe) |   w8a16_pe__232 |         63 |         63 |       0 |    0 |    140 |      0 |      0 |    0 |          0 |
|       u_mult                     | w8a16_mult__232 |          1 |          0 |       0 |    1 |      1 |      0 |      0 |    0 |          1 |
|     g_row[15].g_col[36].u_pe     |   w8a16_pe__233 |         64 |         63 |       0 |    1 |    141 |      0 |      0 |    0 |          1 |
|       (g_row[15].g_col[36].u_pe) |   w8a16_pe__233 |         63 |         63 |       0 |    0 |    140 |      0 |      0 |    0 |          0 |
|       u_mult                     | w8a16_mult__233 |          1 |          0 |       0 |    1 |      1 |      0 |      0 |    0 |          1 |
|     g_row[15].g_col[37].u_pe     |   w8a16_pe__160 |         64 |         63 |       0 |    1 |    141 |      0 |      0 |    0 |          1 |
|       (g_row[15].g_col[37].u_pe) |   w8a16_pe__160 |         63 |         63 |       0 |    0 |    140 |      0 |      0 |    0 |          0 |
|       u_mult                     | w8a16_mult__160 |          1 |          0 |       0 |    1 |      1 |      0 |      0 |    0 |          1 |
|     g_row[15].g_col[38].u_pe     |   w8a16_pe__161 |         64 |         63 |       0 |    1 |    141 |      0 |      0 |    0 |          1 |
|       (g_row[15].g_col[38].u_pe) |   w8a16_pe__161 |         63 |         63 |       0 |    0 |    140 |      0 |      0 |    0 |          0 |
|       u_mult                     | w8a16_mult__161 |          1 |          0 |       0 |    1 |      1 |      0 |      0 |    0 |          1 |
|     g_row[15].g_col[39].u_pe     |   w8a16_pe__162 |         64 |         63 |       0 |    1 |    141 |      0 |      0 |    0 |          1 |
|       (g_row[15].g_col[39].u_pe) |   w8a16_pe__162 |         63 |         63 |       0 |    0 |    140 |      0 |      0 |    0 |          0 |
|       u_mult                     | w8a16_mult__162 |          1 |          0 |       0 |    1 |      1 |      0 |      0 |    0 |          1 |
|     g_row[15].g_col[3].u_pe      |   w8a16_pe__697 |         64 |         63 |       0 |    1 |    141 |      0 |      0 |    0 |          1 |
|       (g_row[15].g_col[3].u_pe)  |   w8a16_pe__697 |         63 |         63 |       0 |    0 |    140 |      0 |      0 |    0 |          0 |
|       u_mult                     | w8a16_mult__697 |          1 |          0 |       0 |    1 |      1 |      0 |      0 |    0 |          1 |
|     g_row[15].g_col[40].u_pe     |   w8a16_pe__163 |         64 |         63 |       0 |    1 |    141 |      0 |      0 |    0 |          1 |
|       (g_row[15].g_col[40].u_pe) |   w8a16_pe__163 |         63 |         63 |       0 |    0 |    140 |      0 |      0 |    0 |          0 |
|       u_mult                     | w8a16_mult__163 |          1 |          0 |       0 |    1 |      1 |      0 |      0 |    0 |          1 |
|     g_row[15].g_col[41].u_pe     |    w8a16_pe__67 |         64 |         63 |       0 |    1 |    141 |      0 |      0 |    0 |          1 |
|       (g_row[15].g_col[41].u_pe) |    w8a16_pe__67 |         63 |         63 |       0 |    0 |    140 |      0 |      0 |    0 |          0 |
|       u_mult                     |  w8a16_mult__67 |          1 |          0 |       0 |    1 |      1 |      0 |      0 |    0 |          1 |
|     g_row[15].g_col[42].u_pe     |    w8a16_pe__73 |         64 |         63 |       0 |    1 |    141 |      0 |      0 |    0 |          1 |
|       (g_row[15].g_col[42].u_pe) |    w8a16_pe__73 |         63 |         63 |       0 |    0 |    140 |      0 |      0 |    0 |          0 |
|       u_mult                     |  w8a16_mult__73 |          1 |          0 |       0 |    1 |      1 |      0 |      0 |    0 |          1 |
|     g_row[15].g_col[43].u_pe     |    w8a16_pe__74 |         64 |         63 |       0 |    1 |    141 |      0 |      0 |    0 |          1 |
|       (g_row[15].g_col[43].u_pe) |    w8a16_pe__74 |         63 |         63 |       0 |    0 |    140 |      0 |      0 |    0 |          0 |
|       u_mult                     |  w8a16_mult__74 |          1 |          0 |       0 |    1 |      1 |      0 |      0 |    0 |          1 |
|     g_row[15].g_col[44].u_pe     |    w8a16_pe__75 |         64 |         63 |       0 |    1 |    141 |      0 |      0 |    0 |          1 |
|       (g_row[15].g_col[44].u_pe) |    w8a16_pe__75 |         63 |         63 |       0 |    0 |    140 |      0 |      0 |    0 |          0 |
|       u_mult                     |  w8a16_mult__75 |          1 |          0 |       0 |    1 |      1 |      0 |      0 |    0 |          1 |
|     g_row[15].g_col[45].u_pe     |    w8a16_pe__76 |         64 |         63 |       0 |    1 |    141 |      0 |      0 |    0 |          1 |
|       (g_row[15].g_col[45].u_pe) |    w8a16_pe__76 |         63 |         63 |       0 |    0 |    140 |      0 |      0 |    0 |          0 |
|       u_mult                     |  w8a16_mult__76 |          1 |          0 |       0 |    1 |      1 |      0 |      0 |    0 |          1 |
|     g_row[15].g_col[46].u_pe     |    w8a16_pe__77 |         64 |         63 |       0 |    1 |    141 |      0 |      0 |    0 |          1 |
|       (g_row[15].g_col[46].u_pe) |    w8a16_pe__77 |         63 |         63 |       0 |    0 |    140 |      0 |      0 |    0 |          0 |
|       u_mult                     |  w8a16_mult__77 |          1 |          0 |       0 |    1 |      1 |      0 |      0 |    0 |          1 |
|     g_row[15].g_col[47].u_pe     |    w8a16_pe__78 |         64 |         63 |       0 |    1 |    140 |      0 |      0 |    0 |          1 |
|       (g_row[15].g_col[47].u_pe) |    w8a16_pe__78 |         63 |         63 |       0 |    0 |    139 |      0 |      0 |    0 |          0 |
|       u_mult                     |  w8a16_mult__78 |          1 |          0 |       0 |    1 |      1 |      0 |      0 |    0 |          1 |
|     g_row[15].g_col[4].u_pe      |   w8a16_pe__698 |         64 |         63 |       0 |    1 |    141 |      0 |      0 |    0 |          1 |
|       (g_row[15].g_col[4].u_pe)  |   w8a16_pe__698 |         63 |         63 |       0 |    0 |    140 |      0 |      0 |    0 |          0 |
|       u_mult                     | w8a16_mult__698 |          1 |          0 |       0 |    1 |      1 |      0 |      0 |    0 |          1 |
|     g_row[15].g_col[5].u_pe      |   w8a16_pe__732 |         64 |         63 |       0 |    1 |    141 |      0 |      0 |    0 |          1 |
|       (g_row[15].g_col[5].u_pe)  |   w8a16_pe__732 |         63 |         63 |       0 |    0 |    140 |      0 |      0 |    0 |          0 |
|       u_mult                     | w8a16_mult__732 |          1 |          0 |       0 |    1 |      1 |      0 |      0 |    0 |          1 |
|     g_row[15].g_col[6].u_pe      |   w8a16_pe__731 |         64 |         63 |       0 |    1 |    141 |      0 |      0 |    0 |          1 |
|       (g_row[15].g_col[6].u_pe)  |   w8a16_pe__731 |         63 |         63 |       0 |    0 |    140 |      0 |      0 |    0 |          0 |
|       u_mult                     | w8a16_mult__731 |          1 |          0 |       0 |    1 |      1 |      0 |      0 |    0 |          1 |
|     g_row[15].g_col[7].u_pe      |   w8a16_pe__730 |         64 |         63 |       0 |    1 |    141 |      0 |      0 |    0 |          1 |
|       (g_row[15].g_col[7].u_pe)  |   w8a16_pe__730 |         63 |         63 |       0 |    0 |    140 |      0 |      0 |    0 |          0 |
|       u_mult                     | w8a16_mult__730 |          1 |          0 |       0 |    1 |      1 |      0 |      0 |    0 |          1 |
|     g_row[15].g_col[8].u_pe      |   w8a16_pe__397 |         64 |         63 |       0 |    1 |    141 |      0 |      0 |    0 |          1 |
|       (g_row[15].g_col[8].u_pe)  |   w8a16_pe__397 |         63 |         63 |       0 |    0 |    140 |      0 |      0 |    0 |          0 |
|       u_mult                     | w8a16_mult__397 |          1 |          0 |       0 |    1 |      1 |      0 |      0 |    0 |          1 |
|     g_row[15].g_col[9].u_pe      |   w8a16_pe__398 |         64 |         63 |       0 |    1 |    141 |      0 |      0 |    0 |          1 |
|       (g_row[15].g_col[9].u_pe)  |   w8a16_pe__398 |         63 |         63 |       0 |    0 |    140 |      0 |      0 |    0 |          0 |
|       u_mult                     | w8a16_mult__398 |          1 |          0 |       0 |    1 |      1 |      0 |      0 |    0 |          1 |
|     g_row[1].g_col[0].u_pe       |   w8a16_pe__652 |         64 |         63 |       0 |    1 |    141 |      0 |      0 |    0 |          1 |
|       (g_row[1].g_col[0].u_pe)   |   w8a16_pe__652 |         63 |         63 |       0 |    0 |    140 |      0 |      0 |    0 |          0 |
|       u_mult                     | w8a16_mult__652 |          1 |          0 |       0 |    1 |      1 |      0 |      0 |    0 |          1 |
|     g_row[1].g_col[10].u_pe      |   w8a16_pe__410 |         64 |         63 |       0 |    1 |    141 |      0 |      0 |    0 |          1 |
|       (g_row[1].g_col[10].u_pe)  |   w8a16_pe__410 |         63 |         63 |       0 |    0 |    140 |      0 |      0 |    0 |          0 |
|       u_mult                     | w8a16_mult__410 |          1 |          0 |       0 |    1 |      1 |      0 |      0 |    0 |          1 |
|     g_row[1].g_col[11].u_pe      |   w8a16_pe__460 |         64 |         63 |       0 |    1 |    141 |      0 |      0 |    0 |          1 |
|       (g_row[1].g_col[11].u_pe)  |   w8a16_pe__460 |         63 |         63 |       0 |    0 |    140 |      0 |      0 |    0 |          0 |
|       u_mult                     | w8a16_mult__460 |          1 |          0 |       0 |    1 |      1 |      0 |      0 |    0 |          1 |
|     g_row[1].g_col[12].u_pe      |   w8a16_pe__455 |         64 |         63 |       0 |    1 |    141 |      0 |      0 |    0 |          1 |
|       (g_row[1].g_col[12].u_pe)  |   w8a16_pe__455 |         63 |         63 |       0 |    0 |    140 |      0 |      0 |    0 |          0 |
|       u_mult                     | w8a16_mult__455 |          1 |          0 |       0 |    1 |      1 |      0 |      0 |    0 |          1 |
|     g_row[1].g_col[13].u_pe      |   w8a16_pe__413 |         64 |         63 |       0 |    1 |    141 |      0 |      0 |    0 |          1 |
|       (g_row[1].g_col[13].u_pe)  |   w8a16_pe__413 |         63 |         63 |       0 |    0 |    140 |      0 |      0 |    0 |          0 |
|       u_mult                     | w8a16_mult__413 |          1 |          0 |       0 |    1 |      1 |      0 |      0 |    0 |          1 |
|     g_row[1].g_col[14].u_pe      |   w8a16_pe__414 |         64 |         63 |       0 |    1 |    141 |      0 |      0 |    0 |          1 |
|       (g_row[1].g_col[14].u_pe)  |   w8a16_pe__414 |         63 |         63 |       0 |    0 |    140 |      0 |      0 |    0 |          0 |
|       u_mult                     | w8a16_mult__414 |          1 |          0 |       0 |    1 |      1 |      0 |      0 |    0 |          1 |
|     g_row[1].g_col[15].u_pe      |   w8a16_pe__552 |         64 |         63 |       0 |    1 |    141 |      0 |      0 |    0 |          1 |
|       (g_row[1].g_col[15].u_pe)  |   w8a16_pe__552 |         63 |         63 |       0 |    0 |    140 |      0 |      0 |    0 |          0 |
|       u_mult                     | w8a16_mult__552 |          1 |          0 |       0 |    1 |      1 |      0 |      0 |    0 |          1 |
|     g_row[1].g_col[16].u_pe      |   w8a16_pe__551 |         64 |         63 |       0 |    1 |    141 |      0 |      0 |    0 |          1 |
|       (g_row[1].g_col[16].u_pe)  |   w8a16_pe__551 |         63 |         63 |       0 |    0 |    140 |      0 |      0 |    0 |          0 |
|       u_mult                     | w8a16_mult__551 |          1 |          0 |       0 |    1 |      1 |      0 |      0 |    0 |          1 |
|     g_row[1].g_col[17].u_pe      |   w8a16_pe__550 |         64 |         63 |       0 |    1 |    141 |      0 |      0 |    0 |          1 |
|       (g_row[1].g_col[17].u_pe)  |   w8a16_pe__550 |         63 |         63 |       0 |    0 |    140 |      0 |      0 |    0 |          0 |
|       u_mult                     | w8a16_mult__550 |          1 |          0 |       0 |    1 |      1 |      0 |      0 |    0 |          1 |
|     g_row[1].g_col[18].u_pe      |   w8a16_pe__545 |         64 |         63 |       0 |    1 |    141 |      0 |      0 |    0 |          1 |
|       (g_row[1].g_col[18].u_pe)  |   w8a16_pe__545 |         63 |         63 |       0 |    0 |    140 |      0 |      0 |    0 |          0 |
|       u_mult                     | w8a16_mult__545 |          1 |          0 |       0 |    1 |      1 |      0 |      0 |    0 |          1 |
|     g_row[1].g_col[19].u_pe      |   w8a16_pe__595 |         64 |         63 |       0 |    1 |    141 |      0 |      0 |    0 |          1 |
|       (g_row[1].g_col[19].u_pe)  |   w8a16_pe__595 |         63 |         63 |       0 |    0 |    140 |      0 |      0 |    0 |          0 |
|       u_mult                     | w8a16_mult__595 |          1 |          0 |       0 |    1 |      1 |      0 |      0 |    0 |          1 |
|     g_row[1].g_col[1].u_pe       |   w8a16_pe__653 |         64 |         63 |       0 |    1 |    141 |      0 |      0 |    0 |          1 |
|       (g_row[1].g_col[1].u_pe)   |   w8a16_pe__653 |         63 |         63 |       0 |    0 |    140 |      0 |      0 |    0 |          0 |
|       u_mult                     | w8a16_mult__653 |          1 |          0 |       0 |    1 |      1 |      0 |      0 |    0 |          1 |
|     g_row[1].g_col[20].u_pe      |   w8a16_pe__596 |         64 |         63 |       0 |    1 |    141 |      0 |      0 |    0 |          1 |
|       (g_row[1].g_col[20].u_pe)  |   w8a16_pe__596 |         63 |         63 |       0 |    0 |    140 |      0 |      0 |    0 |          0 |
|       u_mult                     | w8a16_mult__596 |          1 |          0 |       0 |    1 |      1 |      0 |      0 |    0 |          1 |
|     g_row[1].g_col[21].u_pe      |   w8a16_pe__597 |         64 |         63 |       0 |    1 |    141 |      0 |      0 |    0 |          1 |
|       (g_row[1].g_col[21].u_pe)  |   w8a16_pe__597 |         63 |         63 |       0 |    0 |    140 |      0 |      0 |    0 |          0 |
|       u_mult                     | w8a16_mult__597 |          1 |          0 |       0 |    1 |      1 |      0 |      0 |    0 |          1 |
|     g_row[1].g_col[22].u_pe      |   w8a16_pe__598 |         64 |         63 |       0 |    1 |    141 |      0 |      0 |    0 |          1 |
|       (g_row[1].g_col[22].u_pe)  |   w8a16_pe__598 |         63 |         63 |       0 |    0 |    140 |      0 |      0 |    0 |          0 |
|       u_mult                     | w8a16_mult__598 |          1 |          0 |       0 |    1 |      1 |      0 |      0 |    0 |          1 |
|     g_row[1].g_col[23].u_pe      |   w8a16_pe__602 |         64 |         63 |       0 |    1 |    141 |      0 |      0 |    0 |          1 |
|       (g_row[1].g_col[23].u_pe)  |   w8a16_pe__602 |         63 |         63 |       0 |    0 |    140 |      0 |      0 |    0 |          0 |
|       u_mult                     | w8a16_mult__602 |          1 |          0 |       0 |    1 |      1 |      0 |      0 |    0 |          1 |
|     g_row[1].g_col[24].u_pe      |   w8a16_pe__365 |         64 |         63 |       0 |    1 |    141 |      0 |      0 |    0 |          1 |
|       (g_row[1].g_col[24].u_pe)  |   w8a16_pe__365 |         63 |         63 |       0 |    0 |    140 |      0 |      0 |    0 |          0 |
|       u_mult                     | w8a16_mult__365 |          1 |          0 |       0 |    1 |      1 |      0 |      0 |    0 |          1 |
|     g_row[1].g_col[25].u_pe      |   w8a16_pe__366 |         64 |         63 |       0 |    1 |    141 |      0 |      0 |    0 |          1 |
|       (g_row[1].g_col[25].u_pe)  |   w8a16_pe__366 |         63 |         63 |       0 |    0 |    140 |      0 |      0 |    0 |          0 |
|       u_mult                     | w8a16_mult__366 |          1 |          0 |       0 |    1 |      1 |      0 |      0 |    0 |          1 |
|     g_row[1].g_col[26].u_pe      |   w8a16_pe__367 |         64 |         63 |       0 |    1 |    141 |      0 |      0 |    0 |          1 |
|       (g_row[1].g_col[26].u_pe)  |   w8a16_pe__367 |         63 |         63 |       0 |    0 |    140 |      0 |      0 |    0 |          0 |
|       u_mult                     | w8a16_mult__367 |          1 |          0 |       0 |    1 |      1 |      0 |      0 |    0 |          1 |
|     g_row[1].g_col[27].u_pe      |   w8a16_pe__368 |         64 |         63 |       0 |    1 |    141 |      0 |      0 |    0 |          1 |
|       (g_row[1].g_col[27].u_pe)  |   w8a16_pe__368 |         63 |         63 |       0 |    0 |    140 |      0 |      0 |    0 |          0 |
|       u_mult                     | w8a16_mult__368 |          1 |          0 |       0 |    1 |      1 |      0 |      0 |    0 |          1 |
|     g_row[1].g_col[28].u_pe      |   w8a16_pe__369 |         64 |         63 |       0 |    1 |    141 |      0 |      0 |    0 |          1 |
|       (g_row[1].g_col[28].u_pe)  |   w8a16_pe__369 |         63 |         63 |       0 |    0 |    140 |      0 |      0 |    0 |          0 |
|       u_mult                     | w8a16_mult__369 |          1 |          0 |       0 |    1 |      1 |      0 |      0 |    0 |          1 |
|     g_row[1].g_col[29].u_pe      |   w8a16_pe__370 |         64 |         63 |       0 |    1 |    141 |      0 |      0 |    0 |          1 |
|       (g_row[1].g_col[29].u_pe)  |   w8a16_pe__370 |         63 |         63 |       0 |    0 |    140 |      0 |      0 |    0 |          0 |
|       u_mult                     | w8a16_mult__370 |          1 |          0 |       0 |    1 |      1 |      0 |      0 |    0 |          1 |
|     g_row[1].g_col[2].u_pe       |   w8a16_pe__654 |         64 |         63 |       0 |    1 |    141 |      0 |      0 |    0 |          1 |
|       (g_row[1].g_col[2].u_pe)   |   w8a16_pe__654 |         63 |         63 |       0 |    0 |    140 |      0 |      0 |    0 |          0 |
|       u_mult                     | w8a16_mult__654 |          1 |          0 |       0 |    1 |      1 |      0 |      0 |    0 |          1 |
|     g_row[1].g_col[30].u_pe      |   w8a16_pe__371 |         64 |         63 |       0 |    1 |    141 |      0 |      0 |    0 |          1 |
|       (g_row[1].g_col[30].u_pe)  |   w8a16_pe__371 |         63 |         63 |       0 |    0 |    140 |      0 |      0 |    0 |          0 |
|       u_mult                     | w8a16_mult__371 |          1 |          0 |       0 |    1 |      1 |      0 |      0 |    0 |          1 |
|     g_row[1].g_col[31].u_pe      |   w8a16_pe__372 |         64 |         63 |       0 |    1 |    141 |      0 |      0 |    0 |          1 |
|       (g_row[1].g_col[31].u_pe)  |   w8a16_pe__372 |         63 |         63 |       0 |    0 |    140 |      0 |      0 |    0 |          0 |
|       u_mult                     | w8a16_mult__372 |          1 |          0 |       0 |    1 |      1 |      0 |      0 |    0 |          1 |
|     g_row[1].g_col[32].u_pe      |   w8a16_pe__245 |         64 |         63 |       0 |    1 |    141 |      0 |      0 |    0 |          1 |
|       (g_row[1].g_col[32].u_pe)  |   w8a16_pe__245 |         63 |         63 |       0 |    0 |    140 |      0 |      0 |    0 |          0 |
|       u_mult                     | w8a16_mult__245 |          1 |          0 |       0 |    1 |      1 |      0 |      0 |    0 |          1 |
|     g_row[1].g_col[33].u_pe      |   w8a16_pe__246 |         64 |         63 |       0 |    1 |    141 |      0 |      0 |    0 |          1 |
|       (g_row[1].g_col[33].u_pe)  |   w8a16_pe__246 |         63 |         63 |       0 |    0 |    140 |      0 |      0 |    0 |          0 |
|       u_mult                     | w8a16_mult__246 |          1 |          0 |       0 |    1 |      1 |      0 |      0 |    0 |          1 |
|     g_row[1].g_col[34].u_pe      |   w8a16_pe__227 |         64 |         63 |       0 |    1 |    141 |      0 |      0 |    0 |          1 |
|       (g_row[1].g_col[34].u_pe)  |   w8a16_pe__227 |         63 |         63 |       0 |    0 |    140 |      0 |      0 |    0 |          0 |
|       u_mult                     | w8a16_mult__227 |          1 |          0 |       0 |    1 |      1 |      0 |      0 |    0 |          1 |
|     g_row[1].g_col[35].u_pe      |   w8a16_pe__226 |         64 |         63 |       0 |    1 |    141 |      0 |      0 |    0 |          1 |
|       (g_row[1].g_col[35].u_pe)  |   w8a16_pe__226 |         63 |         63 |       0 |    0 |    140 |      0 |      0 |    0 |          0 |
|       u_mult                     | w8a16_mult__226 |          1 |          0 |       0 |    1 |      1 |      0 |      0 |    0 |          1 |
|     g_row[1].g_col[36].u_pe      |   w8a16_pe__225 |         64 |         63 |       0 |    1 |    141 |      0 |      0 |    0 |          1 |
|       (g_row[1].g_col[36].u_pe)  |   w8a16_pe__225 |         63 |         63 |       0 |    0 |    140 |      0 |      0 |    0 |          0 |
|       u_mult                     | w8a16_mult__225 |          1 |          0 |       0 |    1 |      1 |      0 |      0 |    0 |          1 |
|     g_row[1].g_col[37].u_pe      |   w8a16_pe__148 |         64 |         63 |       0 |    1 |    141 |      0 |      0 |    0 |          1 |
|       (g_row[1].g_col[37].u_pe)  |   w8a16_pe__148 |         63 |         63 |       0 |    0 |    140 |      0 |      0 |    0 |          0 |
|       u_mult                     | w8a16_mult__148 |          1 |          0 |       0 |    1 |      1 |      0 |      0 |    0 |          1 |
|     g_row[1].g_col[38].u_pe      |   w8a16_pe__147 |         64 |         63 |       0 |    1 |    141 |      0 |      0 |    0 |          1 |
|       (g_row[1].g_col[38].u_pe)  |   w8a16_pe__147 |         63 |         63 |       0 |    0 |    140 |      0 |      0 |    0 |          0 |
|       u_mult                     | w8a16_mult__147 |          1 |          0 |       0 |    1 |      1 |      0 |      0 |    0 |          1 |
|     g_row[1].g_col[39].u_pe      |   w8a16_pe__146 |         64 |         63 |       0 |    1 |    141 |      0 |      0 |    0 |          1 |
|       (g_row[1].g_col[39].u_pe)  |   w8a16_pe__146 |         63 |         63 |       0 |    0 |    140 |      0 |      0 |    0 |          0 |
|       u_mult                     | w8a16_mult__146 |          1 |          0 |       0 |    1 |      1 |      0 |      0 |    0 |          1 |
|     g_row[1].g_col[3].u_pe       |   w8a16_pe__710 |         64 |         63 |       0 |    1 |    141 |      0 |      0 |    0 |          1 |
|       (g_row[1].g_col[3].u_pe)   |   w8a16_pe__710 |         63 |         63 |       0 |    0 |    140 |      0 |      0 |    0 |          0 |
|       u_mult                     | w8a16_mult__710 |          1 |          0 |       0 |    1 |      1 |      0 |      0 |    0 |          1 |
|     g_row[1].g_col[40].u_pe      |   w8a16_pe__145 |         64 |         63 |       0 |    1 |    141 |      0 |      0 |    0 |          1 |
|       (g_row[1].g_col[40].u_pe)  |   w8a16_pe__145 |         63 |         63 |       0 |    0 |    140 |      0 |      0 |    0 |          0 |
|       u_mult                     | w8a16_mult__145 |          1 |          0 |       0 |    1 |      1 |      0 |      0 |    0 |          1 |
|     g_row[1].g_col[41].u_pe      |   w8a16_pe__100 |         64 |         63 |       0 |    1 |    141 |      0 |      0 |    0 |          1 |
|       (g_row[1].g_col[41].u_pe)  |   w8a16_pe__100 |         63 |         63 |       0 |    0 |    140 |      0 |      0 |    0 |          0 |
|       u_mult                     | w8a16_mult__100 |          1 |          0 |       0 |    1 |      1 |      0 |      0 |    0 |          1 |
|     g_row[1].g_col[42].u_pe      |    w8a16_pe__99 |         64 |         63 |       0 |    1 |    141 |      0 |      0 |    0 |          1 |
|       (g_row[1].g_col[42].u_pe)  |    w8a16_pe__99 |         63 |         63 |       0 |    0 |    140 |      0 |      0 |    0 |          0 |
|       u_mult                     |  w8a16_mult__99 |          1 |          0 |       0 |    1 |      1 |      0 |      0 |    0 |          1 |
|     g_row[1].g_col[43].u_pe      |    w8a16_pe__23 |         64 |         63 |       0 |    1 |    141 |      0 |      0 |    0 |          1 |
|       (g_row[1].g_col[43].u_pe)  |    w8a16_pe__23 |         63 |         63 |       0 |    0 |    140 |      0 |      0 |    0 |          0 |
|       u_mult                     |  w8a16_mult__23 |          1 |          0 |       0 |    1 |      1 |      0 |      0 |    0 |          1 |
|     g_row[1].g_col[44].u_pe      |    w8a16_pe__22 |         64 |         63 |       0 |    1 |    141 |      0 |      0 |    0 |          1 |
|       (g_row[1].g_col[44].u_pe)  |    w8a16_pe__22 |         63 |         63 |       0 |    0 |    140 |      0 |      0 |    0 |          0 |
|       u_mult                     |  w8a16_mult__22 |          1 |          0 |       0 |    1 |      1 |      0 |      0 |    0 |          1 |
|     g_row[1].g_col[45].u_pe      |    w8a16_pe__21 |         64 |         63 |       0 |    1 |    141 |      0 |      0 |    0 |          1 |
|       (g_row[1].g_col[45].u_pe)  |    w8a16_pe__21 |         63 |         63 |       0 |    0 |    140 |      0 |      0 |    0 |          0 |
|       u_mult                     |  w8a16_mult__21 |          1 |          0 |       0 |    1 |      1 |      0 |      0 |    0 |          1 |
|     g_row[1].g_col[46].u_pe      |    w8a16_pe__20 |         64 |         63 |       0 |    1 |    141 |      0 |      0 |    0 |          1 |
|       (g_row[1].g_col[46].u_pe)  |    w8a16_pe__20 |         63 |         63 |       0 |    0 |    140 |      0 |      0 |    0 |          0 |
|       u_mult                     |  w8a16_mult__20 |          1 |          0 |       0 |    1 |      1 |      0 |      0 |    0 |          1 |
|     g_row[1].g_col[47].u_pe      |    w8a16_pe__81 |         64 |         63 |       0 |    1 |    140 |      0 |      0 |    0 |          1 |
|       (g_row[1].g_col[47].u_pe)  |    w8a16_pe__81 |         63 |         63 |       0 |    0 |    139 |      0 |      0 |    0 |          0 |
|       u_mult                     |  w8a16_mult__81 |          1 |          0 |       0 |    1 |      1 |      0 |      0 |    0 |          1 |
|     g_row[1].g_col[4].u_pe       |   w8a16_pe__709 |         64 |         63 |       0 |    1 |    141 |      0 |      0 |    0 |          1 |
|       (g_row[1].g_col[4].u_pe)   |   w8a16_pe__709 |         63 |         63 |       0 |    0 |    140 |      0 |      0 |    0 |          0 |
|       u_mult                     | w8a16_mult__709 |          1 |          0 |       0 |    1 |      1 |      0 |      0 |    0 |          1 |
|     g_row[1].g_col[5].u_pe       |   w8a16_pe__724 |         64 |         63 |       0 |    1 |    141 |      0 |      0 |    0 |          1 |
|       (g_row[1].g_col[5].u_pe)   |   w8a16_pe__724 |         63 |         63 |       0 |    0 |    140 |      0 |      0 |    0 |          0 |
|       u_mult                     | w8a16_mult__724 |          1 |          0 |       0 |    1 |      1 |      0 |      0 |    0 |          1 |
|     g_row[1].g_col[6].u_pe       |   w8a16_pe__725 |         64 |         63 |       0 |    1 |    141 |      0 |      0 |    0 |          1 |
|       (g_row[1].g_col[6].u_pe)   |   w8a16_pe__725 |         63 |         63 |       0 |    0 |    140 |      0 |      0 |    0 |          0 |
|       u_mult                     | w8a16_mult__725 |          1 |          0 |       0 |    1 |      1 |      0 |      0 |    0 |          1 |
|     g_row[1].g_col[7].u_pe       |   w8a16_pe__726 |         64 |         63 |       0 |    1 |    141 |      0 |      0 |    0 |          1 |
|       (g_row[1].g_col[7].u_pe)   |   w8a16_pe__726 |         63 |         63 |       0 |    0 |    140 |      0 |      0 |    0 |          0 |
|       u_mult                     | w8a16_mult__726 |          1 |          0 |       0 |    1 |      1 |      0 |      0 |    0 |          1 |
|     g_row[1].g_col[8].u_pe       |   w8a16_pe__487 |         64 |         63 |       0 |    1 |    141 |      0 |      0 |    0 |          1 |
|       (g_row[1].g_col[8].u_pe)   |   w8a16_pe__487 |         63 |         63 |       0 |    0 |    140 |      0 |      0 |    0 |          0 |
|       u_mult                     | w8a16_mult__487 |          1 |          0 |       0 |    1 |      1 |      0 |      0 |    0 |          1 |
|     g_row[1].g_col[9].u_pe       |   w8a16_pe__485 |         64 |         63 |       0 |    1 |    141 |      0 |      0 |    0 |          1 |
|       (g_row[1].g_col[9].u_pe)   |   w8a16_pe__485 |         63 |         63 |       0 |    0 |    140 |      0 |      0 |    0 |          0 |
|       u_mult                     | w8a16_mult__485 |          1 |          0 |       0 |    1 |      1 |      0 |      0 |    0 |          1 |
|     g_row[2].g_col[0].u_pe       |   w8a16_pe__662 |         64 |         63 |       0 |    1 |    141 |      0 |      0 |    0 |          1 |
|       (g_row[2].g_col[0].u_pe)   |   w8a16_pe__662 |         63 |         63 |       0 |    0 |    140 |      0 |      0 |    0 |          0 |
|       u_mult                     | w8a16_mult__662 |          1 |          0 |       0 |    1 |      1 |      0 |      0 |    0 |          1 |
|     g_row[2].g_col[10].u_pe      |   w8a16_pe__428 |         64 |         63 |       0 |    1 |    141 |      0 |      0 |    0 |          1 |
|       (g_row[2].g_col[10].u_pe)  |   w8a16_pe__428 |         63 |         63 |       0 |    0 |    140 |      0 |      0 |    0 |          0 |
|       u_mult                     | w8a16_mult__428 |          1 |          0 |       0 |    1 |      1 |      0 |      0 |    0 |          1 |
|     g_row[2].g_col[11].u_pe      |   w8a16_pe__441 |         64 |         63 |       0 |    1 |    141 |      0 |      0 |    0 |          1 |
|       (g_row[2].g_col[11].u_pe)  |   w8a16_pe__441 |         63 |         63 |       0 |    0 |    140 |      0 |      0 |    0 |          0 |
|       u_mult                     | w8a16_mult__441 |          1 |          0 |       0 |    1 |      1 |      0 |      0 |    0 |          1 |
|     g_row[2].g_col[12].u_pe      |   w8a16_pe__440 |         64 |         63 |       0 |    1 |    141 |      0 |      0 |    0 |          1 |
|       (g_row[2].g_col[12].u_pe)  |   w8a16_pe__440 |         63 |         63 |       0 |    0 |    140 |      0 |      0 |    0 |          0 |
|       u_mult                     | w8a16_mult__440 |          1 |          0 |       0 |    1 |      1 |      0 |      0 |    0 |          1 |
|     g_row[2].g_col[13].u_pe      |   w8a16_pe__423 |         64 |         63 |       0 |    1 |    141 |      0 |      0 |    0 |          1 |
|       (g_row[2].g_col[13].u_pe)  |   w8a16_pe__423 |         63 |         63 |       0 |    0 |    140 |      0 |      0 |    0 |          0 |
|       u_mult                     | w8a16_mult__423 |          1 |          0 |       0 |    1 |      1 |      0 |      0 |    0 |          1 |
|     g_row[2].g_col[14].u_pe      |   w8a16_pe__422 |         64 |         63 |       0 |    1 |    141 |      0 |      0 |    0 |          1 |
|       (g_row[2].g_col[14].u_pe)  |   w8a16_pe__422 |         63 |         63 |       0 |    0 |    140 |      0 |      0 |    0 |          0 |
|       u_mult                     | w8a16_mult__422 |          1 |          0 |       0 |    1 |      1 |      0 |      0 |    0 |          1 |
|     g_row[2].g_col[15].u_pe      |   w8a16_pe__520 |         64 |         63 |       0 |    1 |    141 |      0 |      0 |    0 |          1 |
|       (g_row[2].g_col[15].u_pe)  |   w8a16_pe__520 |         63 |         63 |       0 |    0 |    140 |      0 |      0 |    0 |          0 |
|       u_mult                     | w8a16_mult__520 |          1 |          0 |       0 |    1 |      1 |      0 |      0 |    0 |          1 |
|     g_row[2].g_col[16].u_pe      |   w8a16_pe__519 |         64 |         63 |       0 |    1 |    141 |      0 |      0 |    0 |          1 |
|       (g_row[2].g_col[16].u_pe)  |   w8a16_pe__519 |         63 |         63 |       0 |    0 |    140 |      0 |      0 |    0 |          0 |
|       u_mult                     | w8a16_mult__519 |          1 |          0 |       0 |    1 |      1 |      0 |      0 |    0 |          1 |
|     g_row[2].g_col[17].u_pe      |   w8a16_pe__518 |         64 |         63 |       0 |    1 |    141 |      0 |      0 |    0 |          1 |
|       (g_row[2].g_col[17].u_pe)  |   w8a16_pe__518 |         63 |         63 |       0 |    0 |    140 |      0 |      0 |    0 |          0 |
|       u_mult                     | w8a16_mult__518 |          1 |          0 |       0 |    1 |      1 |      0 |      0 |    0 |          1 |
|     g_row[2].g_col[18].u_pe      |   w8a16_pe__517 |         64 |         63 |       0 |    1 |    141 |      0 |      0 |    0 |          1 |
|       (g_row[2].g_col[18].u_pe)  |   w8a16_pe__517 |         63 |         63 |       0 |    0 |    140 |      0 |      0 |    0 |          0 |
|       u_mult                     | w8a16_mult__517 |          1 |          0 |       0 |    1 |      1 |      0 |      0 |    0 |          1 |
|     g_row[2].g_col[19].u_pe      |   w8a16_pe__621 |         64 |         63 |       0 |    1 |    141 |      0 |      0 |    0 |          1 |
|       (g_row[2].g_col[19].u_pe)  |   w8a16_pe__621 |         63 |         63 |       0 |    0 |    140 |      0 |      0 |    0 |          0 |
|       u_mult                     | w8a16_mult__621 |          1 |          0 |       0 |    1 |      1 |      0 |      0 |    0 |          1 |
|     g_row[2].g_col[1].u_pe       |   w8a16_pe__663 |         64 |         63 |       0 |    1 |    141 |      0 |      0 |    0 |          1 |
|       (g_row[2].g_col[1].u_pe)   |   w8a16_pe__663 |         63 |         63 |       0 |    0 |    140 |      0 |      0 |    0 |          0 |
|       u_mult                     | w8a16_mult__663 |          1 |          0 |       0 |    1 |      1 |      0 |      0 |    0 |          1 |
|     g_row[2].g_col[20].u_pe      |   w8a16_pe__620 |         64 |         63 |       0 |    1 |    141 |      0 |      0 |    0 |          1 |
|       (g_row[2].g_col[20].u_pe)  |   w8a16_pe__620 |         63 |         63 |       0 |    0 |    140 |      0 |      0 |    0 |          0 |
|       u_mult                     | w8a16_mult__620 |          1 |          0 |       0 |    1 |      1 |      0 |      0 |    0 |          1 |
|     g_row[2].g_col[21].u_pe      |   w8a16_pe__617 |         64 |         63 |       0 |    1 |    141 |      0 |      0 |    0 |          1 |
|       (g_row[2].g_col[21].u_pe)  |   w8a16_pe__617 |         63 |         63 |       0 |    0 |    140 |      0 |      0 |    0 |          0 |
|       u_mult                     | w8a16_mult__617 |          1 |          0 |       0 |    1 |      1 |      0 |      0 |    0 |          1 |
|     g_row[2].g_col[22].u_pe      |   w8a16_pe__616 |         64 |         63 |       0 |    1 |    141 |      0 |      0 |    0 |          1 |
|       (g_row[2].g_col[22].u_pe)  |   w8a16_pe__616 |         63 |         63 |       0 |    0 |    140 |      0 |      0 |    0 |          0 |
|       u_mult                     | w8a16_mult__616 |          1 |          0 |       0 |    1 |      1 |      0 |      0 |    0 |          1 |
|     g_row[2].g_col[23].u_pe      |   w8a16_pe__615 |         64 |         63 |       0 |    1 |    141 |      0 |      0 |    0 |          1 |
|       (g_row[2].g_col[23].u_pe)  |   w8a16_pe__615 |         63 |         63 |       0 |    0 |    140 |      0 |      0 |    0 |          0 |
|       u_mult                     | w8a16_mult__615 |          1 |          0 |       0 |    1 |      1 |      0 |      0 |    0 |          1 |
|     g_row[2].g_col[24].u_pe      |   w8a16_pe__373 |         64 |         63 |       0 |    1 |    141 |      0 |      0 |    0 |          1 |
|       (g_row[2].g_col[24].u_pe)  |   w8a16_pe__373 |         63 |         63 |       0 |    0 |    140 |      0 |      0 |    0 |          0 |
|       u_mult                     | w8a16_mult__373 |          1 |          0 |       0 |    1 |      1 |      0 |      0 |    0 |          1 |
|     g_row[2].g_col[25].u_pe      |   w8a16_pe__374 |         64 |         63 |       0 |    1 |    141 |      0 |      0 |    0 |          1 |
|       (g_row[2].g_col[25].u_pe)  |   w8a16_pe__374 |         63 |         63 |       0 |    0 |    140 |      0 |      0 |    0 |          0 |
|       u_mult                     | w8a16_mult__374 |          1 |          0 |       0 |    1 |      1 |      0 |      0 |    0 |          1 |
|     g_row[2].g_col[26].u_pe      |   w8a16_pe__375 |         64 |         63 |       0 |    1 |    141 |      0 |      0 |    0 |          1 |
|       (g_row[2].g_col[26].u_pe)  |   w8a16_pe__375 |         63 |         63 |       0 |    0 |    140 |      0 |      0 |    0 |          0 |
|       u_mult                     | w8a16_mult__375 |          1 |          0 |       0 |    1 |      1 |      0 |      0 |    0 |          1 |
|     g_row[2].g_col[27].u_pe      |   w8a16_pe__376 |         64 |         63 |       0 |    1 |    141 |      0 |      0 |    0 |          1 |
|       (g_row[2].g_col[27].u_pe)  |   w8a16_pe__376 |         63 |         63 |       0 |    0 |    140 |      0 |      0 |    0 |          0 |
|       u_mult                     | w8a16_mult__376 |          1 |          0 |       0 |    1 |      1 |      0 |      0 |    0 |          1 |
|     g_row[2].g_col[28].u_pe      |   w8a16_pe__377 |         64 |         63 |       0 |    1 |    141 |      0 |      0 |    0 |          1 |
|       (g_row[2].g_col[28].u_pe)  |   w8a16_pe__377 |         63 |         63 |       0 |    0 |    140 |      0 |      0 |    0 |          0 |
|       u_mult                     | w8a16_mult__377 |          1 |          0 |       0 |    1 |      1 |      0 |      0 |    0 |          1 |
|     g_row[2].g_col[29].u_pe      |   w8a16_pe__378 |         64 |         63 |       0 |    1 |    141 |      0 |      0 |    0 |          1 |
|       (g_row[2].g_col[29].u_pe)  |   w8a16_pe__378 |         63 |         63 |       0 |    0 |    140 |      0 |      0 |    0 |          0 |
|       u_mult                     | w8a16_mult__378 |          1 |          0 |       0 |    1 |      1 |      0 |      0 |    0 |          1 |
|     g_row[2].g_col[2].u_pe       |   w8a16_pe__667 |         64 |         63 |       0 |    1 |    141 |      0 |      0 |    0 |          1 |
|       (g_row[2].g_col[2].u_pe)   |   w8a16_pe__667 |         63 |         63 |       0 |    0 |    140 |      0 |      0 |    0 |          0 |
|       u_mult                     | w8a16_mult__667 |          1 |          0 |       0 |    1 |      1 |      0 |      0 |    0 |          1 |
|     g_row[2].g_col[30].u_pe      |   w8a16_pe__379 |         64 |         63 |       0 |    1 |    141 |      0 |      0 |    0 |          1 |
|       (g_row[2].g_col[30].u_pe)  |   w8a16_pe__379 |         63 |         63 |       0 |    0 |    140 |      0 |      0 |    0 |          0 |
|       u_mult                     | w8a16_mult__379 |          1 |          0 |       0 |    1 |      1 |      0 |      0 |    0 |          1 |
|     g_row[2].g_col[31].u_pe      |   w8a16_pe__380 |         64 |         63 |       0 |    1 |    141 |      0 |      0 |    0 |          1 |
|       (g_row[2].g_col[31].u_pe)  |   w8a16_pe__380 |         63 |         63 |       0 |    0 |    140 |      0 |      0 |    0 |          0 |
|       u_mult                     | w8a16_mult__380 |          1 |          0 |       0 |    1 |      1 |      0 |      0 |    0 |          1 |
|     g_row[2].g_col[32].u_pe      |   w8a16_pe__247 |         64 |         63 |       0 |    1 |    141 |      0 |      0 |    0 |          1 |
|       (g_row[2].g_col[32].u_pe)  |   w8a16_pe__247 |         63 |         63 |       0 |    0 |    140 |      0 |      0 |    0 |          0 |
|       u_mult                     | w8a16_mult__247 |          1 |          0 |       0 |    1 |      1 |      0 |      0 |    0 |          1 |
|     g_row[2].g_col[33].u_pe      |   w8a16_pe__248 |         64 |         63 |       0 |    1 |    141 |      0 |      0 |    0 |          1 |
|       (g_row[2].g_col[33].u_pe)  |   w8a16_pe__248 |         63 |         63 |       0 |    0 |    140 |      0 |      0 |    0 |          0 |
|       u_mult                     | w8a16_mult__248 |          1 |          0 |       0 |    1 |      1 |      0 |      0 |    0 |          1 |
|     g_row[2].g_col[34].u_pe      |   w8a16_pe__212 |         64 |         63 |       0 |    1 |    141 |      0 |      0 |    0 |          1 |
|       (g_row[2].g_col[34].u_pe)  |   w8a16_pe__212 |         63 |         63 |       0 |    0 |    140 |      0 |      0 |    0 |          0 |
|       u_mult                     | w8a16_mult__212 |          1 |          0 |       0 |    1 |      1 |      0 |      0 |    0 |          1 |
|     g_row[2].g_col[35].u_pe      |   w8a16_pe__211 |         64 |         63 |       0 |    1 |    141 |      0 |      0 |    0 |          1 |
|       (g_row[2].g_col[35].u_pe)  |   w8a16_pe__211 |         63 |         63 |       0 |    0 |    140 |      0 |      0 |    0 |          0 |
|       u_mult                     | w8a16_mult__211 |          1 |          0 |       0 |    1 |      1 |      0 |      0 |    0 |          1 |
|     g_row[2].g_col[36].u_pe      |   w8a16_pe__210 |         64 |         63 |       0 |    1 |    141 |      0 |      0 |    0 |          1 |
|       (g_row[2].g_col[36].u_pe)  |   w8a16_pe__210 |         63 |         63 |       0 |    0 |    140 |      0 |      0 |    0 |          0 |
|       u_mult                     | w8a16_mult__210 |          1 |          0 |       0 |    1 |      1 |      0 |      0 |    0 |          1 |
|     g_row[2].g_col[37].u_pe      |   w8a16_pe__131 |         64 |         63 |       0 |    1 |    141 |      0 |      0 |    0 |          1 |
|       (g_row[2].g_col[37].u_pe)  |   w8a16_pe__131 |         63 |         63 |       0 |    0 |    140 |      0 |      0 |    0 |          0 |
|       u_mult                     | w8a16_mult__131 |          1 |          0 |       0 |    1 |      1 |      0 |      0 |    0 |          1 |
|     g_row[2].g_col[38].u_pe      |   w8a16_pe__130 |         64 |         63 |       0 |    1 |    141 |      0 |      0 |    0 |          1 |
|       (g_row[2].g_col[38].u_pe)  |   w8a16_pe__130 |         63 |         63 |       0 |    0 |    140 |      0 |      0 |    0 |          0 |
|       u_mult                     | w8a16_mult__130 |          1 |          0 |       0 |    1 |      1 |      0 |      0 |    0 |          1 |
|     g_row[2].g_col[39].u_pe      |   w8a16_pe__129 |         64 |         63 |       0 |    1 |    141 |      0 |      0 |    0 |          1 |
|       (g_row[2].g_col[39].u_pe)  |   w8a16_pe__129 |         63 |         63 |       0 |    0 |    140 |      0 |      0 |    0 |          0 |
|       u_mult                     | w8a16_mult__129 |          1 |          0 |       0 |    1 |      1 |      0 |      0 |    0 |          1 |
|     g_row[2].g_col[3].u_pe       |   w8a16_pe__705 |         64 |         63 |       0 |    1 |    141 |      0 |      0 |    0 |          1 |
|       (g_row[2].g_col[3].u_pe)   |   w8a16_pe__705 |         63 |         63 |       0 |    0 |    140 |      0 |      0 |    0 |          0 |
|       u_mult                     | w8a16_mult__705 |          1 |          0 |       0 |    1 |      1 |      0 |      0 |    0 |          1 |
|     g_row[2].g_col[40].u_pe      |   w8a16_pe__128 |         64 |         63 |       0 |    1 |    141 |      0 |      0 |    0 |          1 |
|       (g_row[2].g_col[40].u_pe)  |   w8a16_pe__128 |         63 |         63 |       0 |    0 |    140 |      0 |      0 |    0 |          0 |
|       u_mult                     | w8a16_mult__128 |          1 |          0 |       0 |    1 |      1 |      0 |      0 |    0 |          1 |
|     g_row[2].g_col[41].u_pe      |    w8a16_pe__97 |         64 |         63 |       0 |    1 |    141 |      0 |      0 |    0 |          1 |
|       (g_row[2].g_col[41].u_pe)  |    w8a16_pe__97 |         63 |         63 |       0 |    0 |    140 |      0 |      0 |    0 |          0 |
|       u_mult                     |  w8a16_mult__97 |          1 |          0 |       0 |    1 |      1 |      0 |      0 |    0 |          1 |
|     g_row[2].g_col[42].u_pe      |    w8a16_pe__96 |         64 |         63 |       0 |    1 |    141 |      0 |      0 |    0 |          1 |
|       (g_row[2].g_col[42].u_pe)  |    w8a16_pe__96 |         63 |         63 |       0 |    0 |    140 |      0 |      0 |    0 |          0 |
|       u_mult                     |  w8a16_mult__96 |          1 |          0 |       0 |    1 |      1 |      0 |      0 |    0 |          1 |
|     g_row[2].g_col[43].u_pe      |     w8a16_pe__5 |         64 |         63 |       0 |    1 |    141 |      0 |      0 |    0 |          1 |
|       (g_row[2].g_col[43].u_pe)  |     w8a16_pe__5 |         63 |         63 |       0 |    0 |    140 |      0 |      0 |    0 |          0 |
|       u_mult                     |   w8a16_mult__5 |          1 |          0 |       0 |    1 |      1 |      0 |      0 |    0 |          1 |
|     g_row[2].g_col[44].u_pe      |     w8a16_pe__4 |         64 |         63 |       0 |    1 |    141 |      0 |      0 |    0 |          1 |
|       (g_row[2].g_col[44].u_pe)  |     w8a16_pe__4 |         63 |         63 |       0 |    0 |    140 |      0 |      0 |    0 |          0 |
|       u_mult                     |   w8a16_mult__4 |          1 |          0 |       0 |    1 |      1 |      0 |      0 |    0 |          1 |
|     g_row[2].g_col[45].u_pe      |     w8a16_pe__3 |         64 |         63 |       0 |    1 |    141 |      0 |      0 |    0 |          1 |
|       (g_row[2].g_col[45].u_pe)  |     w8a16_pe__3 |         63 |         63 |       0 |    0 |    140 |      0 |      0 |    0 |          0 |
|       u_mult                     |   w8a16_mult__3 |          1 |          0 |       0 |    1 |      1 |      0 |      0 |    0 |          1 |
|     g_row[2].g_col[46].u_pe      |     w8a16_pe__2 |         64 |         63 |       0 |    1 |    141 |      0 |      0 |    0 |          1 |
|       (g_row[2].g_col[46].u_pe)  |     w8a16_pe__2 |         63 |         63 |       0 |    0 |    140 |      0 |      0 |    0 |          0 |
|       u_mult                     |   w8a16_mult__2 |          1 |          0 |       0 |    1 |      1 |      0 |      0 |    0 |          1 |
|     g_row[2].g_col[47].u_pe      |    w8a16_pe__90 |         64 |         63 |       0 |    1 |    140 |      0 |      0 |    0 |          1 |
|       (g_row[2].g_col[47].u_pe)  |    w8a16_pe__90 |         63 |         63 |       0 |    0 |    139 |      0 |      0 |    0 |          0 |
|       u_mult                     |  w8a16_mult__90 |          1 |          0 |       0 |    1 |      1 |      0 |      0 |    0 |          1 |
|     g_row[2].g_col[4].u_pe       |   w8a16_pe__704 |         64 |         63 |       0 |    1 |    141 |      0 |      0 |    0 |          1 |
|       (g_row[2].g_col[4].u_pe)   |   w8a16_pe__704 |         63 |         63 |       0 |    0 |    140 |      0 |      0 |    0 |          0 |
|       u_mult                     | w8a16_mult__704 |          1 |          0 |       0 |    1 |      1 |      0 |      0 |    0 |          1 |
|     g_row[2].g_col[5].u_pe       |   w8a16_pe__727 |         64 |         63 |       0 |    1 |    141 |      0 |      0 |    0 |          1 |
|       (g_row[2].g_col[5].u_pe)   |   w8a16_pe__727 |         63 |         63 |       0 |    0 |    140 |      0 |      0 |    0 |          0 |
|       u_mult                     | w8a16_mult__727 |          1 |          0 |       0 |    1 |      1 |      0 |      0 |    0 |          1 |
|     g_row[2].g_col[6].u_pe       |   w8a16_pe__728 |         64 |         63 |       0 |    1 |    141 |      0 |      0 |    0 |          1 |
|       (g_row[2].g_col[6].u_pe)   |   w8a16_pe__728 |         63 |         63 |       0 |    0 |    140 |      0 |      0 |    0 |          0 |
|       u_mult                     | w8a16_mult__728 |          1 |          0 |       0 |    1 |      1 |      0 |      0 |    0 |          1 |
|     g_row[2].g_col[7].u_pe       |   w8a16_pe__729 |         64 |         63 |       0 |    1 |    141 |      0 |      0 |    0 |          1 |
|       (g_row[2].g_col[7].u_pe)   |   w8a16_pe__729 |         63 |         63 |       0 |    0 |    140 |      0 |      0 |    0 |          0 |
|       u_mult                     | w8a16_mult__729 |          1 |          0 |       0 |    1 |      1 |      0 |      0 |    0 |          1 |
|     g_row[2].g_col[8].u_pe       |   w8a16_pe__483 |         64 |         63 |       0 |    1 |    141 |      0 |      0 |    0 |          1 |
|       (g_row[2].g_col[8].u_pe)   |   w8a16_pe__483 |         63 |         63 |       0 |    0 |    140 |      0 |      0 |    0 |          0 |
|       u_mult                     | w8a16_mult__483 |          1 |          0 |       0 |    1 |      1 |      0 |      0 |    0 |          1 |
|     g_row[2].g_col[9].u_pe       |   w8a16_pe__482 |         64 |         63 |       0 |    1 |    141 |      0 |      0 |    0 |          1 |
|       (g_row[2].g_col[9].u_pe)   |   w8a16_pe__482 |         63 |         63 |       0 |    0 |    140 |      0 |      0 |    0 |          0 |
|       u_mult                     | w8a16_mult__482 |          1 |          0 |       0 |    1 |      1 |      0 |      0 |    0 |          1 |
|     g_row[3].g_col[0].u_pe       |   w8a16_pe__668 |         64 |         63 |       0 |    1 |    141 |      0 |      0 |    0 |          1 |
|       (g_row[3].g_col[0].u_pe)   |   w8a16_pe__668 |         63 |         63 |       0 |    0 |    140 |      0 |      0 |    0 |          0 |
|       u_mult                     | w8a16_mult__668 |          1 |          0 |       0 |    1 |      1 |      0 |      0 |    0 |          1 |
|     g_row[3].g_col[10].u_pe      |   w8a16_pe__385 |         64 |         63 |       0 |    1 |    141 |      0 |      0 |    0 |          1 |
|       (g_row[3].g_col[10].u_pe)  |   w8a16_pe__385 |         63 |         63 |       0 |    0 |    140 |      0 |      0 |    0 |          0 |
|       u_mult                     | w8a16_mult__385 |          1 |          0 |       0 |    1 |      1 |      0 |      0 |    0 |          1 |
|     g_row[3].g_col[11].u_pe      |   w8a16_pe__474 |         64 |         63 |       0 |    1 |    141 |      0 |      0 |    0 |          1 |
|       (g_row[3].g_col[11].u_pe)  |   w8a16_pe__474 |         63 |         63 |       0 |    0 |    140 |      0 |      0 |    0 |          0 |
|       u_mult                     | w8a16_mult__474 |          1 |          0 |       0 |    1 |      1 |      0 |      0 |    0 |          1 |
|     g_row[3].g_col[12].u_pe      |   w8a16_pe__472 |         64 |         63 |       0 |    1 |    141 |      0 |      0 |    0 |          1 |
|       (g_row[3].g_col[12].u_pe)  |   w8a16_pe__472 |         63 |         63 |       0 |    0 |    140 |      0 |      0 |    0 |          0 |
|       u_mult                     | w8a16_mult__472 |          1 |          0 |       0 |    1 |      1 |      0 |      0 |    0 |          1 |
|     g_row[3].g_col[13].u_pe      |   w8a16_pe__395 |         64 |         63 |       0 |    1 |    141 |      0 |      0 |    0 |          1 |
|       (g_row[3].g_col[13].u_pe)  |   w8a16_pe__395 |         63 |         63 |       0 |    0 |    140 |      0 |      0 |    0 |          0 |
|       u_mult                     | w8a16_mult__395 |          1 |          0 |       0 |    1 |      1 |      0 |      0 |    0 |          1 |
|     g_row[3].g_col[14].u_pe      |   w8a16_pe__387 |         64 |         63 |       0 |    1 |    141 |      0 |      0 |    0 |          1 |
|       (g_row[3].g_col[14].u_pe)  |   w8a16_pe__387 |         63 |         63 |       0 |    0 |    140 |      0 |      0 |    0 |          0 |
|       u_mult                     | w8a16_mult__387 |          1 |          0 |       0 |    1 |      1 |      0 |      0 |    0 |          1 |
|     g_row[3].g_col[15].u_pe      |   w8a16_pe__500 |         64 |         63 |       0 |    1 |    141 |      0 |      0 |    0 |          1 |
|       (g_row[3].g_col[15].u_pe)  |   w8a16_pe__500 |         63 |         63 |       0 |    0 |    140 |      0 |      0 |    0 |          0 |
|       u_mult                     | w8a16_mult__500 |          1 |          0 |       0 |    1 |      1 |      0 |      0 |    0 |          1 |
|     g_row[3].g_col[16].u_pe      |   w8a16_pe__499 |         64 |         63 |       0 |    1 |    141 |      0 |      0 |    0 |          1 |
|       (g_row[3].g_col[16].u_pe)  |   w8a16_pe__499 |         63 |         63 |       0 |    0 |    140 |      0 |      0 |    0 |          0 |
|       u_mult                     | w8a16_mult__499 |          1 |          0 |       0 |    1 |      1 |      0 |      0 |    0 |          1 |
|     g_row[3].g_col[17].u_pe      |   w8a16_pe__498 |         64 |         63 |       0 |    1 |    141 |      0 |      0 |    0 |          1 |
|       (g_row[3].g_col[17].u_pe)  |   w8a16_pe__498 |         63 |         63 |       0 |    0 |    140 |      0 |      0 |    0 |          0 |
|       u_mult                     | w8a16_mult__498 |          1 |          0 |       0 |    1 |      1 |      0 |      0 |    0 |          1 |
|     g_row[3].g_col[18].u_pe      |   w8a16_pe__497 |         64 |         63 |       0 |    1 |    141 |      0 |      0 |    0 |          1 |
|       (g_row[3].g_col[18].u_pe)  |   w8a16_pe__497 |         63 |         63 |       0 |    0 |    140 |      0 |      0 |    0 |          0 |
|       u_mult                     | w8a16_mult__497 |          1 |          0 |       0 |    1 |      1 |      0 |      0 |    0 |          1 |
|     g_row[3].g_col[19].u_pe      |   w8a16_pe__604 |         64 |         63 |       0 |    1 |    141 |      0 |      0 |    0 |          1 |
|       (g_row[3].g_col[19].u_pe)  |   w8a16_pe__604 |         63 |         63 |       0 |    0 |    140 |      0 |      0 |    0 |          0 |
|       u_mult                     | w8a16_mult__604 |          1 |          0 |       0 |    1 |      1 |      0 |      0 |    0 |          1 |
|     g_row[3].g_col[1].u_pe       |   w8a16_pe__669 |         64 |         63 |       0 |    1 |    141 |      0 |      0 |    0 |          1 |
|       (g_row[3].g_col[1].u_pe)   |   w8a16_pe__669 |         63 |         63 |       0 |    0 |    140 |      0 |      0 |    0 |          0 |
|       u_mult                     | w8a16_mult__669 |          1 |          0 |       0 |    1 |      1 |      0 |      0 |    0 |          1 |
|     g_row[3].g_col[20].u_pe      |   w8a16_pe__603 |         64 |         63 |       0 |    1 |    141 |      0 |      0 |    0 |          1 |
|       (g_row[3].g_col[20].u_pe)  |   w8a16_pe__603 |         63 |         63 |       0 |    0 |    140 |      0 |      0 |    0 |          0 |
|       u_mult                     | w8a16_mult__603 |          1 |          0 |       0 |    1 |      1 |      0 |      0 |    0 |          1 |
|     g_row[3].g_col[21].u_pe      |   w8a16_pe__594 |         64 |         63 |       0 |    1 |    141 |      0 |      0 |    0 |          1 |
|       (g_row[3].g_col[21].u_pe)  |   w8a16_pe__594 |         63 |         63 |       0 |    0 |    140 |      0 |      0 |    0 |          0 |
|       u_mult                     | w8a16_mult__594 |          1 |          0 |       0 |    1 |      1 |      0 |      0 |    0 |          1 |
|     g_row[3].g_col[22].u_pe      |   w8a16_pe__593 |         64 |         63 |       0 |    1 |    141 |      0 |      0 |    0 |          1 |
|       (g_row[3].g_col[22].u_pe)  |   w8a16_pe__593 |         63 |         63 |       0 |    0 |    140 |      0 |      0 |    0 |          0 |
|       u_mult                     | w8a16_mult__593 |          1 |          0 |       0 |    1 |      1 |      0 |      0 |    0 |          1 |
|     g_row[3].g_col[23].u_pe      |   w8a16_pe__592 |         64 |         63 |       0 |    1 |    141 |      0 |      0 |    0 |          1 |
|       (g_row[3].g_col[23].u_pe)  |   w8a16_pe__592 |         63 |         63 |       0 |    0 |    140 |      0 |      0 |    0 |          0 |
|       u_mult                     | w8a16_mult__592 |          1 |          0 |       0 |    1 |      1 |      0 |      0 |    0 |          1 |
|     g_row[3].g_col[24].u_pe      |   w8a16_pe__381 |         64 |         63 |       0 |    1 |    141 |      0 |      0 |    0 |          1 |
|       (g_row[3].g_col[24].u_pe)  |   w8a16_pe__381 |         63 |         63 |       0 |    0 |    140 |      0 |      0 |    0 |          0 |
|       u_mult                     | w8a16_mult__381 |          1 |          0 |       0 |    1 |      1 |      0 |      0 |    0 |          1 |
|     g_row[3].g_col[25].u_pe      |   w8a16_pe__278 |         64 |         63 |       0 |    1 |    141 |      0 |      0 |    0 |          1 |
|       (g_row[3].g_col[25].u_pe)  |   w8a16_pe__278 |         63 |         63 |       0 |    0 |    140 |      0 |      0 |    0 |          0 |
|       u_mult                     | w8a16_mult__278 |          1 |          0 |       0 |    1 |      1 |      0 |      0 |    0 |          1 |
|     g_row[3].g_col[26].u_pe      |   w8a16_pe__277 |         64 |         63 |       0 |    1 |    141 |      0 |      0 |    0 |          1 |
|       (g_row[3].g_col[26].u_pe)  |   w8a16_pe__277 |         63 |         63 |       0 |    0 |    140 |      0 |      0 |    0 |          0 |
|       u_mult                     | w8a16_mult__277 |          1 |          0 |       0 |    1 |      1 |      0 |      0 |    0 |          1 |
|     g_row[3].g_col[27].u_pe      |   w8a16_pe__337 |         64 |         63 |       0 |    1 |    141 |      0 |      0 |    0 |          1 |
|       (g_row[3].g_col[27].u_pe)  |   w8a16_pe__337 |         63 |         63 |       0 |    0 |    140 |      0 |      0 |    0 |          0 |
|       u_mult                     | w8a16_mult__337 |          1 |          0 |       0 |    1 |      1 |      0 |      0 |    0 |          1 |
|     g_row[3].g_col[28].u_pe      |   w8a16_pe__338 |         64 |         63 |       0 |    1 |    141 |      0 |      0 |    0 |          1 |
|       (g_row[3].g_col[28].u_pe)  |   w8a16_pe__338 |         63 |         63 |       0 |    0 |    140 |      0 |      0 |    0 |          0 |
|       u_mult                     | w8a16_mult__338 |          1 |          0 |       0 |    1 |      1 |      0 |      0 |    0 |          1 |
|     g_row[3].g_col[29].u_pe      |   w8a16_pe__382 |         64 |         63 |       0 |    1 |    141 |      0 |      0 |    0 |          1 |
|       (g_row[3].g_col[29].u_pe)  |   w8a16_pe__382 |         63 |         63 |       0 |    0 |    140 |      0 |      0 |    0 |          0 |
|       u_mult                     | w8a16_mult__382 |          1 |          0 |       0 |    1 |      1 |      0 |      0 |    0 |          1 |
|     g_row[3].g_col[2].u_pe       |   w8a16_pe__673 |         64 |         63 |       0 |    1 |    141 |      0 |      0 |    0 |          1 |
|       (g_row[3].g_col[2].u_pe)   |   w8a16_pe__673 |         63 |         63 |       0 |    0 |    140 |      0 |      0 |    0 |          0 |
|       u_mult                     | w8a16_mult__673 |          1 |          0 |       0 |    1 |      1 |      0 |      0 |    0 |          1 |
|     g_row[3].g_col[30].u_pe      |   w8a16_pe__383 |         64 |         63 |       0 |    1 |    141 |      0 |      0 |    0 |          1 |
|       (g_row[3].g_col[30].u_pe)  |   w8a16_pe__383 |         63 |         63 |       0 |    0 |    140 |      0 |      0 |    0 |          0 |
|       u_mult                     | w8a16_mult__383 |          1 |          0 |       0 |    1 |      1 |      0 |      0 |    0 |          1 |
|     g_row[3].g_col[31].u_pe      |   w8a16_pe__384 |         64 |         63 |       0 |    1 |    141 |      0 |      0 |    0 |          1 |
|       (g_row[3].g_col[31].u_pe)  |   w8a16_pe__384 |         63 |         63 |       0 |    0 |    140 |      0 |      0 |    0 |          0 |
|       u_mult                     | w8a16_mult__384 |          1 |          0 |       0 |    1 |      1 |      0 |      0 |    0 |          1 |
|     g_row[3].g_col[32].u_pe      |   w8a16_pe__250 |         64 |         63 |       0 |    1 |    141 |      0 |      0 |    0 |          1 |
|       (g_row[3].g_col[32].u_pe)  |   w8a16_pe__250 |         63 |         63 |       0 |    0 |    140 |      0 |      0 |    0 |          0 |
|       u_mult                     | w8a16_mult__250 |          1 |          0 |       0 |    1 |      1 |      0 |      0 |    0 |          1 |
|     g_row[3].g_col[33].u_pe      |   w8a16_pe__251 |         64 |         63 |       0 |    1 |    141 |      0 |      0 |    0 |          1 |
|       (g_row[3].g_col[33].u_pe)  |   w8a16_pe__251 |         63 |         63 |       0 |    0 |    140 |      0 |      0 |    0 |          0 |
|       u_mult                     | w8a16_mult__251 |          1 |          0 |       0 |    1 |      1 |      0 |      0 |    0 |          1 |
|     g_row[3].g_col[34].u_pe      |   w8a16_pe__199 |         64 |         63 |       0 |    1 |    141 |      0 |      0 |    0 |          1 |
|       (g_row[3].g_col[34].u_pe)  |   w8a16_pe__199 |         63 |         63 |       0 |    0 |    140 |      0 |      0 |    0 |          0 |
|       u_mult                     | w8a16_mult__199 |          1 |          0 |       0 |    1 |      1 |      0 |      0 |    0 |          1 |
|     g_row[3].g_col[35].u_pe      |   w8a16_pe__198 |         64 |         63 |       0 |    1 |    141 |      0 |      0 |    0 |          1 |
|       (g_row[3].g_col[35].u_pe)  |   w8a16_pe__198 |         63 |         63 |       0 |    0 |    140 |      0 |      0 |    0 |          0 |
|       u_mult                     | w8a16_mult__198 |          1 |          0 |       0 |    1 |      1 |      0 |      0 |    0 |          1 |
|     g_row[3].g_col[36].u_pe      |   w8a16_pe__197 |         64 |         63 |       0 |    1 |    141 |      0 |      0 |    0 |          1 |
|       (g_row[3].g_col[36].u_pe)  |   w8a16_pe__197 |         63 |         63 |       0 |    0 |    140 |      0 |      0 |    0 |          0 |
|       u_mult                     | w8a16_mult__197 |          1 |          0 |       0 |    1 |      1 |      0 |      0 |    0 |          1 |
|     g_row[3].g_col[37].u_pe      |   w8a16_pe__122 |         64 |         63 |       0 |    1 |    141 |      0 |      0 |    0 |          1 |
|       (g_row[3].g_col[37].u_pe)  |   w8a16_pe__122 |         63 |         63 |       0 |    0 |    140 |      0 |      0 |    0 |          0 |
|       u_mult                     | w8a16_mult__122 |          1 |          0 |       0 |    1 |      1 |      0 |      0 |    0 |          1 |
|     g_row[3].g_col[38].u_pe      |   w8a16_pe__123 |         64 |         63 |       0 |    1 |    141 |      0 |      0 |    0 |          1 |
|       (g_row[3].g_col[38].u_pe)  |   w8a16_pe__123 |         63 |         63 |       0 |    0 |    140 |      0 |      0 |    0 |          0 |
|       u_mult                     | w8a16_mult__123 |          1 |          0 |       0 |    1 |      1 |      0 |      0 |    0 |          1 |
|     g_row[3].g_col[39].u_pe      |   w8a16_pe__124 |         64 |         63 |       0 |    1 |    141 |      0 |      0 |    0 |          1 |
|       (g_row[3].g_col[39].u_pe)  |   w8a16_pe__124 |         63 |         63 |       0 |    0 |    140 |      0 |      0 |    0 |          0 |
|       u_mult                     | w8a16_mult__124 |          1 |          0 |       0 |    1 |      1 |      0 |      0 |    0 |          1 |
|     g_row[3].g_col[3].u_pe       |   w8a16_pe__700 |         64 |         63 |       0 |    1 |    141 |      0 |      0 |    0 |          1 |
|       (g_row[3].g_col[3].u_pe)   |   w8a16_pe__700 |         63 |         63 |       0 |    0 |    140 |      0 |      0 |    0 |          0 |
|       u_mult                     | w8a16_mult__700 |          1 |          0 |       0 |    1 |      1 |      0 |      0 |    0 |          1 |
|     g_row[3].g_col[40].u_pe      |   w8a16_pe__125 |         64 |         63 |       0 |    1 |    141 |      0 |      0 |    0 |          1 |
|       (g_row[3].g_col[40].u_pe)  |   w8a16_pe__125 |         63 |         63 |       0 |    0 |    140 |      0 |      0 |    0 |          0 |
|       u_mult                     | w8a16_mult__125 |          1 |          0 |       0 |    1 |      1 |      0 |      0 |    0 |          1 |
|     g_row[3].g_col[41].u_pe      |    w8a16_pe__93 |         64 |         63 |       0 |    1 |    141 |      0 |      0 |    0 |          1 |
|       (g_row[3].g_col[41].u_pe)  |    w8a16_pe__93 |         63 |         63 |       0 |    0 |    140 |      0 |      0 |    0 |          0 |
|       u_mult                     |  w8a16_mult__93 |          1 |          0 |       0 |    1 |      1 |      0 |      0 |    0 |          1 |
|     g_row[3].g_col[42].u_pe      |    w8a16_pe__94 |         64 |         63 |       0 |    1 |    141 |      0 |      0 |    0 |          1 |
|       (g_row[3].g_col[42].u_pe)  |    w8a16_pe__94 |         63 |         63 |       0 |    0 |    140 |      0 |      0 |    0 |          0 |
|       u_mult                     |  w8a16_mult__94 |          1 |          0 |       0 |    1 |      1 |      0 |      0 |    0 |          1 |
|     g_row[3].g_col[43].u_pe      |     w8a16_pe__6 |         64 |         63 |       0 |    1 |    141 |      0 |      0 |    0 |          1 |
|       (g_row[3].g_col[43].u_pe)  |     w8a16_pe__6 |         63 |         63 |       0 |    0 |    140 |      0 |      0 |    0 |          0 |
|       u_mult                     |   w8a16_mult__6 |          1 |          0 |       0 |    1 |      1 |      0 |      0 |    0 |          1 |
|     g_row[3].g_col[44].u_pe      |     w8a16_pe__7 |         64 |         63 |       0 |    1 |    141 |      0 |      0 |    0 |          1 |
|       (g_row[3].g_col[44].u_pe)  |     w8a16_pe__7 |         63 |         63 |       0 |    0 |    140 |      0 |      0 |    0 |          0 |
|       u_mult                     |   w8a16_mult__7 |          1 |          0 |       0 |    1 |      1 |      0 |      0 |    0 |          1 |
|     g_row[3].g_col[45].u_pe      |     w8a16_pe__8 |         64 |         63 |       0 |    1 |    141 |      0 |      0 |    0 |          1 |
|       (g_row[3].g_col[45].u_pe)  |     w8a16_pe__8 |         63 |         63 |       0 |    0 |    140 |      0 |      0 |    0 |          0 |
|       u_mult                     |   w8a16_mult__8 |          1 |          0 |       0 |    1 |      1 |      0 |      0 |    0 |          1 |
|     g_row[3].g_col[46].u_pe      |     w8a16_pe__9 |         64 |         63 |       0 |    1 |    141 |      0 |      0 |    0 |          1 |
|       (g_row[3].g_col[46].u_pe)  |     w8a16_pe__9 |         63 |         63 |       0 |    0 |    140 |      0 |      0 |    0 |          0 |
|       u_mult                     |   w8a16_mult__9 |          1 |          0 |       0 |    1 |      1 |      0 |      0 |    0 |          1 |
|     g_row[3].g_col[47].u_pe      |    w8a16_pe__89 |         64 |         63 |       0 |    1 |    140 |      0 |      0 |    0 |          1 |
|       (g_row[3].g_col[47].u_pe)  |    w8a16_pe__89 |         63 |         63 |       0 |    0 |    139 |      0 |      0 |    0 |          0 |
|       u_mult                     |  w8a16_mult__89 |          1 |          0 |       0 |    1 |      1 |      0 |      0 |    0 |          1 |
|     g_row[3].g_col[4].u_pe       |   w8a16_pe__699 |         64 |         63 |       0 |    1 |    141 |      0 |      0 |    0 |          1 |
|       (g_row[3].g_col[4].u_pe)   |   w8a16_pe__699 |         63 |         63 |       0 |    0 |    140 |      0 |      0 |    0 |          0 |
|       u_mult                     | w8a16_mult__699 |          1 |          0 |       0 |    1 |      1 |      0 |      0 |    0 |          1 |
|     g_row[3].g_col[5].u_pe       |   w8a16_pe__733 |         64 |         63 |       0 |    1 |    141 |      0 |      0 |    0 |          1 |
|       (g_row[3].g_col[5].u_pe)   |   w8a16_pe__733 |         63 |         63 |       0 |    0 |    140 |      0 |      0 |    0 |          0 |
|       u_mult                     | w8a16_mult__733 |          1 |          0 |       0 |    1 |      1 |      0 |      0 |    0 |          1 |
|     g_row[3].g_col[6].u_pe       |   w8a16_pe__734 |         64 |         63 |       0 |    1 |    141 |      0 |      0 |    0 |          1 |
|       (g_row[3].g_col[6].u_pe)   |   w8a16_pe__734 |         63 |         63 |       0 |    0 |    140 |      0 |      0 |    0 |          0 |
|       u_mult                     | w8a16_mult__734 |          1 |          0 |       0 |    1 |      1 |      0 |      0 |    0 |          1 |
|     g_row[3].g_col[7].u_pe       |   w8a16_pe__735 |         64 |         63 |       0 |    1 |    141 |      0 |      0 |    0 |          1 |
|       (g_row[3].g_col[7].u_pe)   |   w8a16_pe__735 |         63 |         63 |       0 |    0 |    140 |      0 |      0 |    0 |          0 |
|       u_mult                     | w8a16_mult__735 |          1 |          0 |       0 |    1 |      1 |      0 |      0 |    0 |          1 |
|     g_row[3].g_col[8].u_pe       |   w8a16_pe__476 |         64 |         63 |       0 |    1 |    141 |      0 |      0 |    0 |          1 |
|       (g_row[3].g_col[8].u_pe)   |   w8a16_pe__476 |         63 |         63 |       0 |    0 |    140 |      0 |      0 |    0 |          0 |
|       u_mult                     | w8a16_mult__476 |          1 |          0 |       0 |    1 |      1 |      0 |      0 |    0 |          1 |
|     g_row[3].g_col[9].u_pe       |   w8a16_pe__475 |         64 |         63 |       0 |    1 |    141 |      0 |      0 |    0 |          1 |
|       (g_row[3].g_col[9].u_pe)   |   w8a16_pe__475 |         63 |         63 |       0 |    0 |    140 |      0 |      0 |    0 |          0 |
|       u_mult                     | w8a16_mult__475 |          1 |          0 |       0 |    1 |      1 |      0 |      0 |    0 |          1 |
|     g_row[4].g_col[0].u_pe       |   w8a16_pe__683 |         64 |         63 |       0 |    1 |    141 |      0 |      0 |    0 |          1 |
|       (g_row[4].g_col[0].u_pe)   |   w8a16_pe__683 |         63 |         63 |       0 |    0 |    140 |      0 |      0 |    0 |          0 |
|       u_mult                     | w8a16_mult__683 |          1 |          0 |       0 |    1 |      1 |      0 |      0 |    0 |          1 |
|     g_row[4].g_col[10].u_pe      |   w8a16_pe__421 |         64 |         63 |       0 |    1 |    141 |      0 |      0 |    0 |          1 |
|       (g_row[4].g_col[10].u_pe)  |   w8a16_pe__421 |         63 |         63 |       0 |    0 |    140 |      0 |      0 |    0 |          0 |
|       u_mult                     | w8a16_mult__421 |          1 |          0 |       0 |    1 |      1 |      0 |      0 |    0 |          1 |
|     g_row[4].g_col[11].u_pe      |   w8a16_pe__446 |         64 |         63 |       0 |    1 |    141 |      0 |      0 |    0 |          1 |
|       (g_row[4].g_col[11].u_pe)  |   w8a16_pe__446 |         63 |         63 |       0 |    0 |    140 |      0 |      0 |    0 |          0 |
|       u_mult                     | w8a16_mult__446 |          1 |          0 |       0 |    1 |      1 |      0 |      0 |    0 |          1 |
|     g_row[4].g_col[12].u_pe      |   w8a16_pe__437 |         64 |         63 |       0 |    1 |    141 |      0 |      0 |    0 |          1 |
|       (g_row[4].g_col[12].u_pe)  |   w8a16_pe__437 |         63 |         63 |       0 |    0 |    140 |      0 |      0 |    0 |          0 |
|       u_mult                     | w8a16_mult__437 |          1 |          0 |       0 |    1 |      1 |      0 |      0 |    0 |          1 |
|     g_row[4].g_col[13].u_pe      |   w8a16_pe__431 |         64 |         63 |       0 |    1 |    141 |      0 |      0 |    0 |          1 |
|       (g_row[4].g_col[13].u_pe)  |   w8a16_pe__431 |         63 |         63 |       0 |    0 |    140 |      0 |      0 |    0 |          0 |
|       u_mult                     | w8a16_mult__431 |          1 |          0 |       0 |    1 |      1 |      0 |      0 |    0 |          1 |
|     g_row[4].g_col[14].u_pe      |   w8a16_pe__430 |         64 |         63 |       0 |    1 |    141 |      0 |      0 |    0 |          1 |
|       (g_row[4].g_col[14].u_pe)  |   w8a16_pe__430 |         63 |         63 |       0 |    0 |    140 |      0 |      0 |    0 |          0 |
|       u_mult                     | w8a16_mult__430 |          1 |          0 |       0 |    1 |      1 |      0 |      0 |    0 |          1 |
|     g_row[4].g_col[15].u_pe      |   w8a16_pe__536 |         64 |         63 |       0 |    1 |    141 |      0 |      0 |    0 |          1 |
|       (g_row[4].g_col[15].u_pe)  |   w8a16_pe__536 |         63 |         63 |       0 |    0 |    140 |      0 |      0 |    0 |          0 |
|       u_mult                     | w8a16_mult__536 |          1 |          0 |       0 |    1 |      1 |      0 |      0 |    0 |          1 |
|     g_row[4].g_col[16].u_pe      |   w8a16_pe__537 |         64 |         63 |       0 |    1 |    141 |      0 |      0 |    0 |          1 |
|       (g_row[4].g_col[16].u_pe)  |   w8a16_pe__537 |         63 |         63 |       0 |    0 |    140 |      0 |      0 |    0 |          0 |
|       u_mult                     | w8a16_mult__537 |          1 |          0 |       0 |    1 |      1 |      0 |      0 |    0 |          1 |
|     g_row[4].g_col[17].u_pe      |   w8a16_pe__538 |         64 |         63 |       0 |    1 |    141 |      0 |      0 |    0 |          1 |
|       (g_row[4].g_col[17].u_pe)  |   w8a16_pe__538 |         63 |         63 |       0 |    0 |    140 |      0 |      0 |    0 |          0 |
|       u_mult                     | w8a16_mult__538 |          1 |          0 |       0 |    1 |      1 |      0 |      0 |    0 |          1 |
|     g_row[4].g_col[18].u_pe      |   w8a16_pe__539 |         64 |         63 |       0 |    1 |    141 |      0 |      0 |    0 |          1 |
|       (g_row[4].g_col[18].u_pe)  |   w8a16_pe__539 |         63 |         63 |       0 |    0 |    140 |      0 |      0 |    0 |          0 |
|       u_mult                     | w8a16_mult__539 |          1 |          0 |       0 |    1 |      1 |      0 |      0 |    0 |          1 |
|     g_row[4].g_col[19].u_pe      |   w8a16_pe__577 |         64 |         63 |       0 |    1 |    141 |      0 |      0 |    0 |          1 |
|       (g_row[4].g_col[19].u_pe)  |   w8a16_pe__577 |         63 |         63 |       0 |    0 |    140 |      0 |      0 |    0 |          0 |
|       u_mult                     | w8a16_mult__577 |          1 |          0 |       0 |    1 |      1 |      0 |      0 |    0 |          1 |
|     g_row[4].g_col[1].u_pe       |   w8a16_pe__687 |         64 |         63 |       0 |    1 |    141 |      0 |      0 |    0 |          1 |
|       (g_row[4].g_col[1].u_pe)   |   w8a16_pe__687 |         63 |         63 |       0 |    0 |    140 |      0 |      0 |    0 |          0 |
|       u_mult                     | w8a16_mult__687 |          1 |          0 |       0 |    1 |      1 |      0 |      0 |    0 |          1 |
|     g_row[4].g_col[20].u_pe      |   w8a16_pe__576 |         64 |         63 |       0 |    1 |    141 |      0 |      0 |    0 |          1 |
|       (g_row[4].g_col[20].u_pe)  |   w8a16_pe__576 |         63 |         63 |       0 |    0 |    140 |      0 |      0 |    0 |          0 |
|       u_mult                     | w8a16_mult__576 |          1 |          0 |       0 |    1 |      1 |      0 |      0 |    0 |          1 |
|     g_row[4].g_col[21].u_pe      |   w8a16_pe__569 |         64 |         63 |       0 |    1 |    141 |      0 |      0 |    0 |          1 |
|       (g_row[4].g_col[21].u_pe)  |   w8a16_pe__569 |         63 |         63 |       0 |    0 |    140 |      0 |      0 |    0 |          0 |
|       u_mult                     | w8a16_mult__569 |          1 |          0 |       0 |    1 |      1 |      0 |      0 |    0 |          1 |
|     g_row[4].g_col[22].u_pe      |   w8a16_pe__568 |         64 |         63 |       0 |    1 |    141 |      0 |      0 |    0 |          1 |
|       (g_row[4].g_col[22].u_pe)  |   w8a16_pe__568 |         63 |         63 |       0 |    0 |    140 |      0 |      0 |    0 |          0 |
|       u_mult                     | w8a16_mult__568 |          1 |          0 |       0 |    1 |      1 |      0 |      0 |    0 |          1 |
|     g_row[4].g_col[23].u_pe      |   w8a16_pe__566 |         64 |         63 |       0 |    1 |    141 |      0 |      0 |    0 |          1 |
|       (g_row[4].g_col[23].u_pe)  |   w8a16_pe__566 |         63 |         63 |       0 |    0 |    140 |      0 |      0 |    0 |          0 |
|       u_mult                     | w8a16_mult__566 |          1 |          0 |       0 |    1 |      1 |      0 |      0 |    0 |          1 |
|     g_row[4].g_col[24].u_pe      |   w8a16_pe__296 |         64 |         63 |       0 |    1 |    141 |      0 |      0 |    0 |          1 |
|       (g_row[4].g_col[24].u_pe)  |   w8a16_pe__296 |         63 |         63 |       0 |    0 |    140 |      0 |      0 |    0 |          0 |
|       u_mult                     | w8a16_mult__296 |          1 |          0 |       0 |    1 |      1 |      0 |      0 |    0 |          1 |
|     g_row[4].g_col[25].u_pe      |   w8a16_pe__297 |         64 |         63 |       0 |    1 |    141 |      0 |      0 |    0 |          1 |
|       (g_row[4].g_col[25].u_pe)  |   w8a16_pe__297 |         63 |         63 |       0 |    0 |    140 |      0 |      0 |    0 |          0 |
|       u_mult                     | w8a16_mult__297 |          1 |          0 |       0 |    1 |      1 |      0 |      0 |    0 |          1 |
|     g_row[4].g_col[26].u_pe      |   w8a16_pe__298 |         64 |         63 |       0 |    1 |    141 |      0 |      0 |    0 |          1 |
|       (g_row[4].g_col[26].u_pe)  |   w8a16_pe__298 |         63 |         63 |       0 |    0 |    140 |      0 |      0 |    0 |          0 |
|       u_mult                     | w8a16_mult__298 |          1 |          0 |       0 |    1 |      1 |      0 |      0 |    0 |          1 |
|     g_row[4].g_col[27].u_pe      |   w8a16_pe__319 |         64 |         63 |       0 |    1 |    141 |      0 |      0 |    0 |          1 |
|       (g_row[4].g_col[27].u_pe)  |   w8a16_pe__319 |         63 |         63 |       0 |    0 |    140 |      0 |      0 |    0 |          0 |
|       u_mult                     | w8a16_mult__319 |          1 |          0 |       0 |    1 |      1 |      0 |      0 |    0 |          1 |
|     g_row[4].g_col[28].u_pe      |   w8a16_pe__325 |         64 |         63 |       0 |    1 |    141 |      0 |      0 |    0 |          1 |
|       (g_row[4].g_col[28].u_pe)  |   w8a16_pe__325 |         63 |         63 |       0 |    0 |    140 |      0 |      0 |    0 |          0 |
|       u_mult                     | w8a16_mult__325 |          1 |          0 |       0 |    1 |      1 |      0 |      0 |    0 |          1 |
|     g_row[4].g_col[29].u_pe      |   w8a16_pe__348 |         64 |         63 |       0 |    1 |    141 |      0 |      0 |    0 |          1 |
|       (g_row[4].g_col[29].u_pe)  |   w8a16_pe__348 |         63 |         63 |       0 |    0 |    140 |      0 |      0 |    0 |          0 |
|       u_mult                     | w8a16_mult__348 |          1 |          0 |       0 |    1 |      1 |      0 |      0 |    0 |          1 |
|     g_row[4].g_col[2].u_pe       |   w8a16_pe__688 |         64 |         63 |       0 |    1 |    141 |      0 |      0 |    0 |          1 |
|       (g_row[4].g_col[2].u_pe)   |   w8a16_pe__688 |         63 |         63 |       0 |    0 |    140 |      0 |      0 |    0 |          0 |
|       u_mult                     | w8a16_mult__688 |          1 |          0 |       0 |    1 |      1 |      0 |      0 |    0 |          1 |
|     g_row[4].g_col[30].u_pe      |   w8a16_pe__349 |         64 |         63 |       0 |    1 |    141 |      0 |      0 |    0 |          1 |
|       (g_row[4].g_col[30].u_pe)  |   w8a16_pe__349 |         63 |         63 |       0 |    0 |    140 |      0 |      0 |    0 |          0 |
|       u_mult                     | w8a16_mult__349 |          1 |          0 |       0 |    1 |      1 |      0 |      0 |    0 |          1 |
|     g_row[4].g_col[31].u_pe      |   w8a16_pe__350 |         64 |         63 |       0 |    1 |    141 |      0 |      0 |    0 |          1 |
|       (g_row[4].g_col[31].u_pe)  |   w8a16_pe__350 |         63 |         63 |       0 |    0 |    140 |      0 |      0 |    0 |          0 |
|       u_mult                     | w8a16_mult__350 |          1 |          0 |       0 |    1 |      1 |      0 |      0 |    0 |          1 |
|     g_row[4].g_col[32].u_pe      |   w8a16_pe__255 |         64 |         63 |       0 |    1 |    141 |      0 |      0 |    0 |          1 |
|       (g_row[4].g_col[32].u_pe)  |   w8a16_pe__255 |         63 |         63 |       0 |    0 |    140 |      0 |      0 |    0 |          0 |
|       u_mult                     | w8a16_mult__255 |          1 |          0 |       0 |    1 |      1 |      0 |      0 |    0 |          1 |
|     g_row[4].g_col[33].u_pe      |   w8a16_pe__256 |         64 |         63 |       0 |    1 |    141 |      0 |      0 |    0 |          1 |
|       (g_row[4].g_col[33].u_pe)  |   w8a16_pe__256 |         63 |         63 |       0 |    0 |    140 |      0 |      0 |    0 |          0 |
|       u_mult                     | w8a16_mult__256 |          1 |          0 |       0 |    1 |      1 |      0 |      0 |    0 |          1 |
|     g_row[4].g_col[34].u_pe      |   w8a16_pe__179 |         64 |         63 |       0 |    1 |    141 |      0 |      0 |    0 |          1 |
|       (g_row[4].g_col[34].u_pe)  |   w8a16_pe__179 |         63 |         63 |       0 |    0 |    140 |      0 |      0 |    0 |          0 |
|       u_mult                     | w8a16_mult__179 |          1 |          0 |       0 |    1 |      1 |      0 |      0 |    0 |          1 |
|     g_row[4].g_col[35].u_pe      |   w8a16_pe__178 |         64 |         63 |       0 |    1 |    141 |      0 |      0 |    0 |          1 |
|       (g_row[4].g_col[35].u_pe)  |   w8a16_pe__178 |         63 |         63 |       0 |    0 |    140 |      0 |      0 |    0 |          0 |
|       u_mult                     | w8a16_mult__178 |          1 |          0 |       0 |    1 |      1 |      0 |      0 |    0 |          1 |
|     g_row[4].g_col[36].u_pe      |   w8a16_pe__177 |         64 |         63 |       0 |    1 |    141 |      0 |      0 |    0 |          1 |
|       (g_row[4].g_col[36].u_pe)  |   w8a16_pe__177 |         63 |         63 |       0 |    0 |    140 |      0 |      0 |    0 |          0 |
|       u_mult                     | w8a16_mult__177 |          1 |          0 |       0 |    1 |      1 |      0 |      0 |    0 |          1 |
|     g_row[4].g_col[37].u_pe      |   w8a16_pe__169 |         64 |         63 |       0 |    1 |    141 |      0 |      0 |    0 |          1 |
|       (g_row[4].g_col[37].u_pe)  |   w8a16_pe__169 |         63 |         63 |       0 |    0 |    140 |      0 |      0 |    0 |          0 |
|       u_mult                     | w8a16_mult__169 |          1 |          0 |       0 |    1 |      1 |      0 |      0 |    0 |          1 |
|     g_row[4].g_col[38].u_pe      |   w8a16_pe__170 |         64 |         63 |       0 |    1 |    141 |      0 |      0 |    0 |          1 |
|       (g_row[4].g_col[38].u_pe)  |   w8a16_pe__170 |         63 |         63 |       0 |    0 |    140 |      0 |      0 |    0 |          0 |
|       u_mult                     | w8a16_mult__170 |          1 |          0 |       0 |    1 |      1 |      0 |      0 |    0 |          1 |
|     g_row[4].g_col[39].u_pe      |   w8a16_pe__171 |         64 |         63 |       0 |    1 |    141 |      0 |      0 |    0 |          1 |
|       (g_row[4].g_col[39].u_pe)  |   w8a16_pe__171 |         63 |         63 |       0 |    0 |    140 |      0 |      0 |    0 |          0 |
|       u_mult                     | w8a16_mult__171 |          1 |          0 |       0 |    1 |      1 |      0 |      0 |    0 |          1 |
|     g_row[4].g_col[3].u_pe       |   w8a16_pe__690 |         64 |         63 |       0 |    1 |    141 |      0 |      0 |    0 |          1 |
|       (g_row[4].g_col[3].u_pe)   |   w8a16_pe__690 |         63 |         63 |       0 |    0 |    140 |      0 |      0 |    0 |          0 |
|       u_mult                     | w8a16_mult__690 |          1 |          0 |       0 |    1 |      1 |      0 |      0 |    0 |          1 |
|     g_row[4].g_col[40].u_pe      |   w8a16_pe__172 |         64 |         63 |       0 |    1 |    141 |      0 |      0 |    0 |          1 |
|       (g_row[4].g_col[40].u_pe)  |   w8a16_pe__172 |         63 |         63 |       0 |    0 |    140 |      0 |      0 |    0 |          0 |
|       u_mult                     | w8a16_mult__172 |          1 |          0 |       0 |    1 |      1 |      0 |      0 |    0 |          1 |
|     g_row[4].g_col[41].u_pe      |   w8a16_pe__107 |         64 |         63 |       0 |    1 |    141 |      0 |      0 |    0 |          1 |
|       (g_row[4].g_col[41].u_pe)  |   w8a16_pe__107 |         63 |         63 |       0 |    0 |    140 |      0 |      0 |    0 |          0 |
|       u_mult                     | w8a16_mult__107 |          1 |          0 |       0 |    1 |      1 |      0 |      0 |    0 |          1 |
|     g_row[4].g_col[42].u_pe      |   w8a16_pe__108 |         64 |         63 |       0 |    1 |    141 |      0 |      0 |    0 |          1 |
|       (g_row[4].g_col[42].u_pe)  |   w8a16_pe__108 |         63 |         63 |       0 |    0 |    140 |      0 |      0 |    0 |          0 |
|       u_mult                     | w8a16_mult__108 |          1 |          0 |       0 |    1 |      1 |      0 |      0 |    0 |          1 |
|     g_row[4].g_col[43].u_pe      |    w8a16_pe__46 |         64 |         63 |       0 |    1 |    141 |      0 |      0 |    0 |          1 |
|       (g_row[4].g_col[43].u_pe)  |    w8a16_pe__46 |         63 |         63 |       0 |    0 |    140 |      0 |      0 |    0 |          0 |
|       u_mult                     |  w8a16_mult__46 |          1 |          0 |       0 |    1 |      1 |      0 |      0 |    0 |          1 |
|     g_row[4].g_col[44].u_pe      |    w8a16_pe__36 |         64 |         63 |       0 |    1 |    141 |      0 |      0 |    0 |          1 |
|       (g_row[4].g_col[44].u_pe)  |    w8a16_pe__36 |         63 |         63 |       0 |    0 |    140 |      0 |      0 |    0 |          0 |
|       u_mult                     |  w8a16_mult__36 |          1 |          0 |       0 |    1 |      1 |      0 |      0 |    0 |          1 |
|     g_row[4].g_col[45].u_pe      |    w8a16_pe__35 |         64 |         63 |       0 |    1 |    141 |      0 |      0 |    0 |          1 |
|       (g_row[4].g_col[45].u_pe)  |    w8a16_pe__35 |         63 |         63 |       0 |    0 |    140 |      0 |      0 |    0 |          0 |
|       u_mult                     |  w8a16_mult__35 |          1 |          0 |       0 |    1 |      1 |      0 |      0 |    0 |          1 |
|     g_row[4].g_col[46].u_pe      |    w8a16_pe__34 |         64 |         63 |       0 |    1 |    141 |      0 |      0 |    0 |          1 |
|       (g_row[4].g_col[46].u_pe)  |    w8a16_pe__34 |         63 |         63 |       0 |    0 |    140 |      0 |      0 |    0 |          0 |
|       u_mult                     |  w8a16_mult__34 |          1 |          0 |       0 |    1 |      1 |      0 |      0 |    0 |          1 |
|     g_row[4].g_col[47].u_pe      |    w8a16_pe__80 |         64 |         63 |       0 |    1 |    140 |      0 |      0 |    0 |          1 |
|       (g_row[4].g_col[47].u_pe)  |    w8a16_pe__80 |         63 |         63 |       0 |    0 |    139 |      0 |      0 |    0 |          0 |
|       u_mult                     |  w8a16_mult__80 |          1 |          0 |       0 |    1 |      1 |      0 |      0 |    0 |          1 |
|     g_row[4].g_col[4].u_pe       |   w8a16_pe__689 |         64 |         63 |       0 |    1 |    141 |      0 |      0 |    0 |          1 |
|       (g_row[4].g_col[4].u_pe)   |   w8a16_pe__689 |         63 |         63 |       0 |    0 |    140 |      0 |      0 |    0 |          0 |
|       u_mult                     | w8a16_mult__689 |          1 |          0 |       0 |    1 |      1 |      0 |      0 |    0 |          1 |
|     g_row[4].g_col[5].u_pe       |   w8a16_pe__742 |         64 |         63 |       0 |    1 |    141 |      0 |      0 |    0 |          1 |
|       (g_row[4].g_col[5].u_pe)   |   w8a16_pe__742 |         63 |         63 |       0 |    0 |    140 |      0 |      0 |    0 |          0 |
|       u_mult                     | w8a16_mult__742 |          1 |          0 |       0 |    1 |      1 |      0 |      0 |    0 |          1 |
|     g_row[4].g_col[6].u_pe       |   w8a16_pe__743 |         64 |         63 |       0 |    1 |    141 |      0 |      0 |    0 |          1 |
|       (g_row[4].g_col[6].u_pe)   |   w8a16_pe__743 |         63 |         63 |       0 |    0 |    140 |      0 |      0 |    0 |          0 |
|       u_mult                     | w8a16_mult__743 |          1 |          0 |       0 |    1 |      1 |      0 |      0 |    0 |          1 |
|     g_row[4].g_col[7].u_pe       |   w8a16_pe__744 |         64 |         63 |       0 |    1 |    141 |      0 |      0 |    0 |          1 |
|       (g_row[4].g_col[7].u_pe)   |   w8a16_pe__744 |         63 |         63 |       0 |    0 |    140 |      0 |      0 |    0 |          0 |
|       u_mult                     | w8a16_mult__744 |          1 |          0 |       0 |    1 |      1 |      0 |      0 |    0 |          1 |
|     g_row[4].g_col[8].u_pe       |   w8a16_pe__479 |         64 |         63 |       0 |    1 |    141 |      0 |      0 |    0 |          1 |
|       (g_row[4].g_col[8].u_pe)   |   w8a16_pe__479 |         63 |         63 |       0 |    0 |    140 |      0 |      0 |    0 |          0 |
|       u_mult                     | w8a16_mult__479 |          1 |          0 |       0 |    1 |      1 |      0 |      0 |    0 |          1 |
|     g_row[4].g_col[9].u_pe       |   w8a16_pe__480 |         64 |         63 |       0 |    1 |    141 |      0 |      0 |    0 |          1 |
|       (g_row[4].g_col[9].u_pe)   |   w8a16_pe__480 |         63 |         63 |       0 |    0 |    140 |      0 |      0 |    0 |          0 |
|       u_mult                     | w8a16_mult__480 |          1 |          0 |       0 |    1 |      1 |      0 |      0 |    0 |          1 |
|     g_row[5].g_col[0].u_pe       |   w8a16_pe__672 |         64 |         63 |       0 |    1 |    141 |      0 |      0 |    0 |          1 |
|       (g_row[5].g_col[0].u_pe)   |   w8a16_pe__672 |         63 |         63 |       0 |    0 |    140 |      0 |      0 |    0 |          0 |
|       u_mult                     | w8a16_mult__672 |          1 |          0 |       0 |    1 |      1 |      0 |      0 |    0 |          1 |
|     g_row[5].g_col[10].u_pe      |   w8a16_pe__393 |         64 |         63 |       0 |    1 |    141 |      0 |      0 |    0 |          1 |
|       (g_row[5].g_col[10].u_pe)  |   w8a16_pe__393 |         63 |         63 |       0 |    0 |    140 |      0 |      0 |    0 |          0 |
|       u_mult                     | w8a16_mult__393 |          1 |          0 |       0 |    1 |      1 |      0 |      0 |    0 |          1 |
|     g_row[5].g_col[11].u_pe      |   w8a16_pe__392 |         64 |         63 |       0 |    1 |    141 |      0 |      0 |    0 |          1 |
|       (g_row[5].g_col[11].u_pe)  |   w8a16_pe__392 |         63 |         63 |       0 |    0 |    140 |      0 |      0 |    0 |          0 |
|       u_mult                     | w8a16_mult__392 |          1 |          0 |       0 |    1 |      1 |      0 |      0 |    0 |          1 |
|     g_row[5].g_col[12].u_pe      |   w8a16_pe__473 |         64 |         63 |       0 |    1 |    141 |      0 |      0 |    0 |          1 |
|       (g_row[5].g_col[12].u_pe)  |   w8a16_pe__473 |         63 |         63 |       0 |    0 |    140 |      0 |      0 |    0 |          0 |
|       u_mult                     | w8a16_mult__473 |          1 |          0 |       0 |    1 |      1 |      0 |      0 |    0 |          1 |
|     g_row[5].g_col[13].u_pe      |   w8a16_pe__425 |         64 |         63 |       0 |    1 |    141 |      0 |      0 |    0 |          1 |
|       (g_row[5].g_col[13].u_pe)  |   w8a16_pe__425 |         63 |         63 |       0 |    0 |    140 |      0 |      0 |    0 |          0 |
|       u_mult                     | w8a16_mult__425 |          1 |          0 |       0 |    1 |      1 |      0 |      0 |    0 |          1 |
|     g_row[5].g_col[14].u_pe      |   w8a16_pe__429 |         64 |         63 |       0 |    1 |    141 |      0 |      0 |    0 |          1 |
|       (g_row[5].g_col[14].u_pe)  |   w8a16_pe__429 |         63 |         63 |       0 |    0 |    140 |      0 |      0 |    0 |          0 |
|       u_mult                     | w8a16_mult__429 |          1 |          0 |       0 |    1 |      1 |      0 |      0 |    0 |          1 |
|     g_row[5].g_col[15].u_pe      |   w8a16_pe__541 |         64 |         63 |       0 |    1 |    141 |      0 |      0 |    0 |          1 |
|       (g_row[5].g_col[15].u_pe)  |   w8a16_pe__541 |         63 |         63 |       0 |    0 |    140 |      0 |      0 |    0 |          0 |
|       u_mult                     | w8a16_mult__541 |          1 |          0 |       0 |    1 |      1 |      0 |      0 |    0 |          1 |
|     g_row[5].g_col[16].u_pe      |   w8a16_pe__540 |         64 |         63 |       0 |    1 |    141 |      0 |      0 |    0 |          1 |
|       (g_row[5].g_col[16].u_pe)  |   w8a16_pe__540 |         63 |         63 |       0 |    0 |    140 |      0 |      0 |    0 |          0 |
|       u_mult                     | w8a16_mult__540 |          1 |          0 |       0 |    1 |      1 |      0 |      0 |    0 |          1 |
|     g_row[5].g_col[17].u_pe      |   w8a16_pe__535 |         64 |         63 |       0 |    1 |    141 |      0 |      0 |    0 |          1 |
|       (g_row[5].g_col[17].u_pe)  |   w8a16_pe__535 |         63 |         63 |       0 |    0 |    140 |      0 |      0 |    0 |          0 |
|       u_mult                     | w8a16_mult__535 |          1 |          0 |       0 |    1 |      1 |      0 |      0 |    0 |          1 |
|     g_row[5].g_col[18].u_pe      |   w8a16_pe__525 |         64 |         63 |       0 |    1 |    141 |      0 |      0 |    0 |          1 |
|       (g_row[5].g_col[18].u_pe)  |   w8a16_pe__525 |         63 |         63 |       0 |    0 |    140 |      0 |      0 |    0 |          0 |
|       u_mult                     | w8a16_mult__525 |          1 |          0 |       0 |    1 |      1 |      0 |      0 |    0 |          1 |
|     g_row[5].g_col[19].u_pe      |   w8a16_pe__580 |         64 |         63 |       0 |    1 |    141 |      0 |      0 |    0 |          1 |
|       (g_row[5].g_col[19].u_pe)  |   w8a16_pe__580 |         63 |         63 |       0 |    0 |    140 |      0 |      0 |    0 |          0 |
|       u_mult                     | w8a16_mult__580 |          1 |          0 |       0 |    1 |      1 |      0 |      0 |    0 |          1 |
|     g_row[5].g_col[1].u_pe       |   w8a16_pe__671 |         64 |         63 |       0 |    1 |    141 |      0 |      0 |    0 |          1 |
|       (g_row[5].g_col[1].u_pe)   |   w8a16_pe__671 |         63 |         63 |       0 |    0 |    140 |      0 |      0 |    0 |          0 |
|       u_mult                     | w8a16_mult__671 |          1 |          0 |       0 |    1 |      1 |      0 |      0 |    0 |          1 |
|     g_row[5].g_col[20].u_pe      |   w8a16_pe__581 |         64 |         63 |       0 |    1 |    141 |      0 |      0 |    0 |          1 |
|       (g_row[5].g_col[20].u_pe)  |   w8a16_pe__581 |         63 |         63 |       0 |    0 |    140 |      0 |      0 |    0 |          0 |
|       u_mult                     | w8a16_mult__581 |          1 |          0 |       0 |    1 |      1 |      0 |      0 |    0 |          1 |
|     g_row[5].g_col[21].u_pe      |   w8a16_pe__599 |         64 |         63 |       0 |    1 |    141 |      0 |      0 |    0 |          1 |
|       (g_row[5].g_col[21].u_pe)  |   w8a16_pe__599 |         63 |         63 |       0 |    0 |    140 |      0 |      0 |    0 |          0 |
|       u_mult                     | w8a16_mult__599 |          1 |          0 |       0 |    1 |      1 |      0 |      0 |    0 |          1 |
|     g_row[5].g_col[22].u_pe      |   w8a16_pe__600 |         64 |         63 |       0 |    1 |    141 |      0 |      0 |    0 |          1 |
|       (g_row[5].g_col[22].u_pe)  |   w8a16_pe__600 |         63 |         63 |       0 |    0 |    140 |      0 |      0 |    0 |          0 |
|       u_mult                     | w8a16_mult__600 |          1 |          0 |       0 |    1 |      1 |      0 |      0 |    0 |          1 |
|     g_row[5].g_col[23].u_pe      |   w8a16_pe__601 |         64 |         63 |       0 |    1 |    141 |      0 |      0 |    0 |          1 |
|       (g_row[5].g_col[23].u_pe)  |   w8a16_pe__601 |         63 |         63 |       0 |    0 |    140 |      0 |      0 |    0 |          0 |
|       u_mult                     | w8a16_mult__601 |          1 |          0 |       0 |    1 |      1 |      0 |      0 |    0 |          1 |
|     g_row[5].g_col[24].u_pe      |   w8a16_pe__295 |         64 |         63 |       0 |    1 |    141 |      0 |      0 |    0 |          1 |
|       (g_row[5].g_col[24].u_pe)  |   w8a16_pe__295 |         63 |         63 |       0 |    0 |    140 |      0 |      0 |    0 |          0 |
|       u_mult                     | w8a16_mult__295 |          1 |          0 |       0 |    1 |      1 |      0 |      0 |    0 |          1 |
|     g_row[5].g_col[25].u_pe      |   w8a16_pe__294 |         64 |         63 |       0 |    1 |    141 |      0 |      0 |    0 |          1 |
|       (g_row[5].g_col[25].u_pe)  |   w8a16_pe__294 |         63 |         63 |       0 |    0 |    140 |      0 |      0 |    0 |          0 |
|       u_mult                     | w8a16_mult__294 |          1 |          0 |       0 |    1 |      1 |      0 |      0 |    0 |          1 |
|     g_row[5].g_col[26].u_pe      |   w8a16_pe__293 |         64 |         63 |       0 |    1 |    141 |      0 |      0 |    0 |          1 |
|       (g_row[5].g_col[26].u_pe)  |   w8a16_pe__293 |         63 |         63 |       0 |    0 |    140 |      0 |      0 |    0 |          0 |
|       u_mult                     | w8a16_mult__293 |          1 |          0 |       0 |    1 |      1 |      0 |      0 |    0 |          1 |
|     g_row[5].g_col[27].u_pe      |   w8a16_pe__292 |         64 |         63 |       0 |    1 |    141 |      0 |      0 |    0 |          1 |
|       (g_row[5].g_col[27].u_pe)  |   w8a16_pe__292 |         63 |         63 |       0 |    0 |    140 |      0 |      0 |    0 |          0 |
|       u_mult                     | w8a16_mult__292 |          1 |          0 |       0 |    1 |      1 |      0 |      0 |    0 |          1 |
|     g_row[5].g_col[28].u_pe      |   w8a16_pe__283 |         64 |         63 |       0 |    1 |    141 |      0 |      0 |    0 |          1 |
|       (g_row[5].g_col[28].u_pe)  |   w8a16_pe__283 |         63 |         63 |       0 |    0 |    140 |      0 |      0 |    0 |          0 |
|       u_mult                     | w8a16_mult__283 |          1 |          0 |       0 |    1 |      1 |      0 |      0 |    0 |          1 |
|     g_row[5].g_col[29].u_pe      |   w8a16_pe__331 |         64 |         63 |       0 |    1 |    141 |      0 |      0 |    0 |          1 |
|       (g_row[5].g_col[29].u_pe)  |   w8a16_pe__331 |         63 |         63 |       0 |    0 |    140 |      0 |      0 |    0 |          0 |
|       u_mult                     | w8a16_mult__331 |          1 |          0 |       0 |    1 |      1 |      0 |      0 |    0 |          1 |
|     g_row[5].g_col[2].u_pe       |   w8a16_pe__670 |         64 |         63 |       0 |    1 |    141 |      0 |      0 |    0 |          1 |
|       (g_row[5].g_col[2].u_pe)   |   w8a16_pe__670 |         63 |         63 |       0 |    0 |    140 |      0 |      0 |    0 |          0 |
|       u_mult                     | w8a16_mult__670 |          1 |          0 |       0 |    1 |      1 |      0 |      0 |    0 |          1 |
|     g_row[5].g_col[30].u_pe      |   w8a16_pe__332 |         64 |         63 |       0 |    1 |    141 |      0 |      0 |    0 |          1 |
|       (g_row[5].g_col[30].u_pe)  |   w8a16_pe__332 |         63 |         63 |       0 |    0 |    140 |      0 |      0 |    0 |          0 |
|       u_mult                     | w8a16_mult__332 |          1 |          0 |       0 |    1 |      1 |      0 |      0 |    0 |          1 |
|     g_row[5].g_col[31].u_pe      |   w8a16_pe__354 |         64 |         63 |       0 |    1 |    141 |      0 |      0 |    0 |          1 |
|       (g_row[5].g_col[31].u_pe)  |   w8a16_pe__354 |         63 |         63 |       0 |    0 |    140 |      0 |      0 |    0 |          0 |
|       u_mult                     | w8a16_mult__354 |          1 |          0 |       0 |    1 |      1 |      0 |      0 |    0 |          1 |
|     g_row[5].g_col[32].u_pe      |   w8a16_pe__253 |         64 |         63 |       0 |    1 |    141 |      0 |      0 |    0 |          1 |
|       (g_row[5].g_col[32].u_pe)  |   w8a16_pe__253 |         63 |         63 |       0 |    0 |    140 |      0 |      0 |    0 |          0 |
|       u_mult                     | w8a16_mult__253 |          1 |          0 |       0 |    1 |      1 |      0 |      0 |    0 |          1 |
|     g_row[5].g_col[33].u_pe      |   w8a16_pe__252 |         64 |         63 |       0 |    1 |    141 |      0 |      0 |    0 |          1 |
|       (g_row[5].g_col[33].u_pe)  |   w8a16_pe__252 |         63 |         63 |       0 |    0 |    140 |      0 |      0 |    0 |          0 |
|       u_mult                     | w8a16_mult__252 |          1 |          0 |       0 |    1 |      1 |      0 |      0 |    0 |          1 |
|     g_row[5].g_col[34].u_pe      |   w8a16_pe__193 |         64 |         63 |       0 |    1 |    141 |      0 |      0 |    0 |          1 |
|       (g_row[5].g_col[34].u_pe)  |   w8a16_pe__193 |         63 |         63 |       0 |    0 |    140 |      0 |      0 |    0 |          0 |
|       u_mult                     | w8a16_mult__193 |          1 |          0 |       0 |    1 |      1 |      0 |      0 |    0 |          1 |
|     g_row[5].g_col[35].u_pe      |   w8a16_pe__194 |         64 |         63 |       0 |    1 |    141 |      0 |      0 |    0 |          1 |
|       (g_row[5].g_col[35].u_pe)  |   w8a16_pe__194 |         63 |         63 |       0 |    0 |    140 |      0 |      0 |    0 |          0 |
|       u_mult                     | w8a16_mult__194 |          1 |          0 |       0 |    1 |      1 |      0 |      0 |    0 |          1 |
|     g_row[5].g_col[36].u_pe      |   w8a16_pe__195 |         64 |         63 |       0 |    1 |    141 |      0 |      0 |    0 |          1 |
|       (g_row[5].g_col[36].u_pe)  |   w8a16_pe__195 |         63 |         63 |       0 |    0 |    140 |      0 |      0 |    0 |          0 |
|       u_mult                     | w8a16_mult__195 |          1 |          0 |       0 |    1 |      1 |      0 |      0 |    0 |          1 |
|     g_row[5].g_col[37].u_pe      |   w8a16_pe__139 |         64 |         63 |       0 |    1 |    141 |      0 |      0 |    0 |          1 |
|       (g_row[5].g_col[37].u_pe)  |   w8a16_pe__139 |         63 |         63 |       0 |    0 |    140 |      0 |      0 |    0 |          0 |
|       u_mult                     | w8a16_mult__139 |          1 |          0 |       0 |    1 |      1 |      0 |      0 |    0 |          1 |
|     g_row[5].g_col[38].u_pe      |   w8a16_pe__121 |         64 |         63 |       0 |    1 |    141 |      0 |      0 |    0 |          1 |
|       (g_row[5].g_col[38].u_pe)  |   w8a16_pe__121 |         63 |         63 |       0 |    0 |    140 |      0 |      0 |    0 |          0 |
|       u_mult                     | w8a16_mult__121 |          1 |          0 |       0 |    1 |      1 |      0 |      0 |    0 |          1 |
|     g_row[5].g_col[39].u_pe      |   w8a16_pe__120 |         64 |         63 |       0 |    1 |    141 |      0 |      0 |    0 |          1 |
|       (g_row[5].g_col[39].u_pe)  |   w8a16_pe__120 |         63 |         63 |       0 |    0 |    140 |      0 |      0 |    0 |          0 |
|       u_mult                     | w8a16_mult__120 |          1 |          0 |       0 |    1 |      1 |      0 |      0 |    0 |          1 |
|     g_row[5].g_col[3].u_pe       |   w8a16_pe__701 |         64 |         63 |       0 |    1 |    141 |      0 |      0 |    0 |          1 |
|       (g_row[5].g_col[3].u_pe)   |   w8a16_pe__701 |         63 |         63 |       0 |    0 |    140 |      0 |      0 |    0 |          0 |
|       u_mult                     | w8a16_mult__701 |          1 |          0 |       0 |    1 |      1 |      0 |      0 |    0 |          1 |
|     g_row[5].g_col[40].u_pe      |   w8a16_pe__119 |         64 |         63 |       0 |    1 |    141 |      0 |      0 |    0 |          1 |
|       (g_row[5].g_col[40].u_pe)  |   w8a16_pe__119 |         63 |         63 |       0 |    0 |    140 |      0 |      0 |    0 |          0 |
|       u_mult                     | w8a16_mult__119 |          1 |          0 |       0 |    1 |      1 |      0 |      0 |    0 |          1 |
|     g_row[5].g_col[41].u_pe      |    w8a16_pe__91 |         64 |         63 |       0 |    1 |    141 |      0 |      0 |    0 |          1 |
|       (g_row[5].g_col[41].u_pe)  |    w8a16_pe__91 |         63 |         63 |       0 |    0 |    140 |      0 |      0 |    0 |          0 |
|       u_mult                     |  w8a16_mult__91 |          1 |          0 |       0 |    1 |      1 |      0 |      0 |    0 |          1 |
|     g_row[5].g_col[42].u_pe      |    w8a16_pe__92 |         64 |         63 |       0 |    1 |    141 |      0 |      0 |    0 |          1 |
|       (g_row[5].g_col[42].u_pe)  |    w8a16_pe__92 |         63 |         63 |       0 |    0 |    140 |      0 |      0 |    0 |          0 |
|       u_mult                     |  w8a16_mult__92 |          1 |          0 |       0 |    1 |      1 |      0 |      0 |    0 |          1 |
|     g_row[5].g_col[43].u_pe      |    w8a16_pe__32 |         64 |         63 |       0 |    1 |    141 |      0 |      0 |    0 |          1 |
|       (g_row[5].g_col[43].u_pe)  |    w8a16_pe__32 |         63 |         63 |       0 |    0 |    140 |      0 |      0 |    0 |          0 |
|       u_mult                     |  w8a16_mult__32 |          1 |          0 |       0 |    1 |      1 |      0 |      0 |    0 |          1 |
|     g_row[5].g_col[44].u_pe      |    w8a16_pe__37 |         64 |         63 |       0 |    1 |    141 |      0 |      0 |    0 |          1 |
|       (g_row[5].g_col[44].u_pe)  |    w8a16_pe__37 |         63 |         63 |       0 |    0 |    140 |      0 |      0 |    0 |          0 |
|       u_mult                     |  w8a16_mult__37 |          1 |          0 |       0 |    1 |      1 |      0 |      0 |    0 |          1 |
|     g_row[5].g_col[45].u_pe      |    w8a16_pe__38 |         64 |         63 |       0 |    1 |    141 |      0 |      0 |    0 |          1 |
|       (g_row[5].g_col[45].u_pe)  |    w8a16_pe__38 |         63 |         63 |       0 |    0 |    140 |      0 |      0 |    0 |          0 |
|       u_mult                     |  w8a16_mult__38 |          1 |          0 |       0 |    1 |      1 |      0 |      0 |    0 |          1 |
|     g_row[5].g_col[46].u_pe      |    w8a16_pe__44 |         64 |         63 |       0 |    1 |    141 |      0 |      0 |    0 |          1 |
|       (g_row[5].g_col[46].u_pe)  |    w8a16_pe__44 |         63 |         63 |       0 |    0 |    140 |      0 |      0 |    0 |          0 |
|       u_mult                     |  w8a16_mult__44 |          1 |          0 |       0 |    1 |      1 |      0 |      0 |    0 |          1 |
|     g_row[5].g_col[47].u_pe      |    w8a16_pe__45 |         64 |         63 |       0 |    1 |    140 |      0 |      0 |    0 |          1 |
|       (g_row[5].g_col[47].u_pe)  |    w8a16_pe__45 |         63 |         63 |       0 |    0 |    139 |      0 |      0 |    0 |          0 |
|       u_mult                     |  w8a16_mult__45 |          1 |          0 |       0 |    1 |      1 |      0 |      0 |    0 |          1 |
|     g_row[5].g_col[4].u_pe       |   w8a16_pe__702 |         64 |         63 |       0 |    1 |    141 |      0 |      0 |    0 |          1 |
|       (g_row[5].g_col[4].u_pe)   |   w8a16_pe__702 |         63 |         63 |       0 |    0 |    140 |      0 |      0 |    0 |          0 |
|       u_mult                     | w8a16_mult__702 |          1 |          0 |       0 |    1 |      1 |      0 |      0 |    0 |          1 |
|     g_row[5].g_col[5].u_pe       |   w8a16_pe__751 |         64 |         63 |       0 |    1 |    141 |      0 |      0 |    0 |          1 |
|       (g_row[5].g_col[5].u_pe)   |   w8a16_pe__751 |         63 |         63 |       0 |    0 |    140 |      0 |      0 |    0 |          0 |
|       u_mult                     | w8a16_mult__751 |          1 |          0 |       0 |    1 |      1 |      0 |      0 |    0 |          1 |
|     g_row[5].g_col[6].u_pe       |   w8a16_pe__752 |         64 |         63 |       0 |    1 |    141 |      0 |      0 |    0 |          1 |
|       (g_row[5].g_col[6].u_pe)   |   w8a16_pe__752 |         63 |         63 |       0 |    0 |    140 |      0 |      0 |    0 |          0 |
|       u_mult                     | w8a16_mult__752 |          1 |          0 |       0 |    1 |      1 |      0 |      0 |    0 |          1 |
|     g_row[5].g_col[7].u_pe       |   w8a16_pe__753 |         64 |         63 |       0 |    1 |    141 |      0 |      0 |    0 |          1 |
|       (g_row[5].g_col[7].u_pe)   |   w8a16_pe__753 |         63 |         63 |       0 |    0 |    140 |      0 |      0 |    0 |          0 |
|       u_mult                     | w8a16_mult__753 |          1 |          0 |       0 |    1 |      1 |      0 |      0 |    0 |          1 |
|     g_row[5].g_col[8].u_pe       |   w8a16_pe__490 |         64 |         63 |       0 |    1 |    141 |      0 |      0 |    0 |          1 |
|       (g_row[5].g_col[8].u_pe)   |   w8a16_pe__490 |         63 |         63 |       0 |    0 |    140 |      0 |      0 |    0 |          0 |
|       u_mult                     | w8a16_mult__490 |          1 |          0 |       0 |    1 |      1 |      0 |      0 |    0 |          1 |
|     g_row[5].g_col[9].u_pe       |   w8a16_pe__491 |         64 |         63 |       0 |    1 |    141 |      0 |      0 |    0 |          1 |
|       (g_row[5].g_col[9].u_pe)   |   w8a16_pe__491 |         63 |         63 |       0 |    0 |    140 |      0 |      0 |    0 |          0 |
|       u_mult                     | w8a16_mult__491 |          1 |          0 |       0 |    1 |      1 |      0 |      0 |    0 |          1 |
|     g_row[6].g_col[0].u_pe       |   w8a16_pe__657 |         64 |         63 |       0 |    1 |    141 |      0 |      0 |    0 |          1 |
|       (g_row[6].g_col[0].u_pe)   |   w8a16_pe__657 |         63 |         63 |       0 |    0 |    140 |      0 |      0 |    0 |          0 |
|       u_mult                     | w8a16_mult__657 |          1 |          0 |       0 |    1 |      1 |      0 |      0 |    0 |          1 |
|     g_row[6].g_col[10].u_pe      |   w8a16_pe__386 |         64 |         63 |       0 |    1 |    141 |      0 |      0 |    0 |          1 |
|       (g_row[6].g_col[10].u_pe)  |   w8a16_pe__386 |         63 |         63 |       0 |    0 |    140 |      0 |      0 |    0 |          0 |
|       u_mult                     | w8a16_mult__386 |          1 |          0 |       0 |    1 |      1 |      0 |      0 |    0 |          1 |
|     g_row[6].g_col[11].u_pe      |   w8a16_pe__419 |         64 |         63 |       0 |    1 |    141 |      0 |      0 |    0 |          1 |
|       (g_row[6].g_col[11].u_pe)  |   w8a16_pe__419 |         63 |         63 |       0 |    0 |    140 |      0 |      0 |    0 |          0 |
|       u_mult                     | w8a16_mult__419 |          1 |          0 |       0 |    1 |      1 |      0 |      0 |    0 |          1 |
|     g_row[6].g_col[12].u_pe      |   w8a16_pe__449 |         64 |         63 |       0 |    1 |    141 |      0 |      0 |    0 |          1 |
|       (g_row[6].g_col[12].u_pe)  |   w8a16_pe__449 |         63 |         63 |       0 |    0 |    140 |      0 |      0 |    0 |          0 |
|       u_mult                     | w8a16_mult__449 |          1 |          0 |       0 |    1 |      1 |      0 |      0 |    0 |          1 |
|     g_row[6].g_col[13].u_pe      |   w8a16_pe__451 |         64 |         63 |       0 |    1 |    141 |      0 |      0 |    0 |          1 |
|       (g_row[6].g_col[13].u_pe)  |   w8a16_pe__451 |         63 |         63 |       0 |    0 |    140 |      0 |      0 |    0 |          0 |
|       u_mult                     | w8a16_mult__451 |          1 |          0 |       0 |    1 |      1 |      0 |      0 |    0 |          1 |
|     g_row[6].g_col[14].u_pe      |   w8a16_pe__418 |         64 |         63 |       0 |    1 |    141 |      0 |      0 |    0 |          1 |
|       (g_row[6].g_col[14].u_pe)  |   w8a16_pe__418 |         63 |         63 |       0 |    0 |    140 |      0 |      0 |    0 |          0 |
|       u_mult                     | w8a16_mult__418 |          1 |          0 |       0 |    1 |      1 |      0 |      0 |    0 |          1 |
|     g_row[6].g_col[15].u_pe      |   w8a16_pe__530 |         64 |         63 |       0 |    1 |    141 |      0 |      0 |    0 |          1 |
|       (g_row[6].g_col[15].u_pe)  |   w8a16_pe__530 |         63 |         63 |       0 |    0 |    140 |      0 |      0 |    0 |          0 |
|       u_mult                     | w8a16_mult__530 |          1 |          0 |       0 |    1 |      1 |      0 |      0 |    0 |          1 |
|     g_row[6].g_col[16].u_pe      |   w8a16_pe__531 |         64 |         63 |       0 |    1 |    141 |      0 |      0 |    0 |          1 |
|       (g_row[6].g_col[16].u_pe)  |   w8a16_pe__531 |         63 |         63 |       0 |    0 |    140 |      0 |      0 |    0 |          0 |
|       u_mult                     | w8a16_mult__531 |          1 |          0 |       0 |    1 |      1 |      0 |      0 |    0 |          1 |
|     g_row[6].g_col[17].u_pe      |   w8a16_pe__532 |         64 |         63 |       0 |    1 |    141 |      0 |      0 |    0 |          1 |
|       (g_row[6].g_col[17].u_pe)  |   w8a16_pe__532 |         63 |         63 |       0 |    0 |    140 |      0 |      0 |    0 |          0 |
|       u_mult                     | w8a16_mult__532 |          1 |          0 |       0 |    1 |      1 |      0 |      0 |    0 |          1 |
|     g_row[6].g_col[18].u_pe      |   w8a16_pe__533 |         64 |         63 |       0 |    1 |    141 |      0 |      0 |    0 |          1 |
|       (g_row[6].g_col[18].u_pe)  |   w8a16_pe__533 |         63 |         63 |       0 |    0 |    140 |      0 |      0 |    0 |          0 |
|       u_mult                     | w8a16_mult__533 |          1 |          0 |       0 |    1 |      1 |      0 |      0 |    0 |          1 |
|     g_row[6].g_col[19].u_pe      |   w8a16_pe__619 |         64 |         63 |       0 |    1 |    141 |      0 |      0 |    0 |          1 |
|       (g_row[6].g_col[19].u_pe)  |   w8a16_pe__619 |         63 |         63 |       0 |    0 |    140 |      0 |      0 |    0 |          0 |
|       u_mult                     | w8a16_mult__619 |          1 |          0 |       0 |    1 |      1 |      0 |      0 |    0 |          1 |
|     g_row[6].g_col[1].u_pe       |   w8a16_pe__656 |         64 |         63 |       0 |    1 |    141 |      0 |      0 |    0 |          1 |
|       (g_row[6].g_col[1].u_pe)   |   w8a16_pe__656 |         63 |         63 |       0 |    0 |    140 |      0 |      0 |    0 |          0 |
|       u_mult                     | w8a16_mult__656 |          1 |          0 |       0 |    1 |      1 |      0 |      0 |    0 |          1 |
|     g_row[6].g_col[20].u_pe      |   w8a16_pe__618 |         64 |         63 |       0 |    1 |    141 |      0 |      0 |    0 |          1 |
|       (g_row[6].g_col[20].u_pe)  |   w8a16_pe__618 |         63 |         63 |       0 |    0 |    140 |      0 |      0 |    0 |          0 |
|       u_mult                     | w8a16_mult__618 |          1 |          0 |       0 |    1 |      1 |      0 |      0 |    0 |          1 |
|     g_row[6].g_col[21].u_pe      |   w8a16_pe__574 |         64 |         63 |       0 |    1 |    141 |      0 |      0 |    0 |          1 |
|       (g_row[6].g_col[21].u_pe)  |   w8a16_pe__574 |         63 |         63 |       0 |    0 |    140 |      0 |      0 |    0 |          0 |
|       u_mult                     | w8a16_mult__574 |          1 |          0 |       0 |    1 |      1 |      0 |      0 |    0 |          1 |
|     g_row[6].g_col[22].u_pe      |   w8a16_pe__570 |         64 |         63 |       0 |    1 |    141 |      0 |      0 |    0 |          1 |
|       (g_row[6].g_col[22].u_pe)  |   w8a16_pe__570 |         63 |         63 |       0 |    0 |    140 |      0 |      0 |    0 |          0 |
|       u_mult                     | w8a16_mult__570 |          1 |          0 |       0 |    1 |      1 |      0 |      0 |    0 |          1 |
|     g_row[6].g_col[23].u_pe      |   w8a16_pe__567 |         64 |         63 |       0 |    1 |    141 |      0 |      0 |    0 |          1 |
|       (g_row[6].g_col[23].u_pe)  |   w8a16_pe__567 |         63 |         63 |       0 |    0 |    140 |      0 |      0 |    0 |          0 |
|       u_mult                     | w8a16_mult__567 |          1 |          0 |       0 |    1 |      1 |      0 |      0 |    0 |          1 |
|     g_row[6].g_col[24].u_pe      |   w8a16_pe__273 |         64 |         63 |       0 |    1 |    141 |      0 |      0 |    0 |          1 |
|       (g_row[6].g_col[24].u_pe)  |   w8a16_pe__273 |         63 |         63 |       0 |    0 |    140 |      0 |      0 |    0 |          0 |
|       u_mult                     | w8a16_mult__273 |          1 |          0 |       0 |    1 |      1 |      0 |      0 |    0 |          1 |
|     g_row[6].g_col[25].u_pe      |   w8a16_pe__272 |         64 |         63 |       0 |    1 |    141 |      0 |      0 |    0 |          1 |
|       (g_row[6].g_col[25].u_pe)  |   w8a16_pe__272 |         63 |         63 |       0 |    0 |    140 |      0 |      0 |    0 |          0 |
|       u_mult                     | w8a16_mult__272 |          1 |          0 |       0 |    1 |      1 |      0 |      0 |    0 |          1 |
|     g_row[6].g_col[26].u_pe      |   w8a16_pe__271 |         64 |         63 |       0 |    1 |    141 |      0 |      0 |    0 |          1 |
|       (g_row[6].g_col[26].u_pe)  |   w8a16_pe__271 |         63 |         63 |       0 |    0 |    140 |      0 |      0 |    0 |          0 |
|       u_mult                     | w8a16_mult__271 |          1 |          0 |       0 |    1 |      1 |      0 |      0 |    0 |          1 |
|     g_row[6].g_col[27].u_pe      |   w8a16_pe__270 |         64 |         63 |       0 |    1 |    141 |      0 |      0 |    0 |          1 |
|       (g_row[6].g_col[27].u_pe)  |   w8a16_pe__270 |         63 |         63 |       0 |    0 |    140 |      0 |      0 |    0 |          0 |
|       u_mult                     | w8a16_mult__270 |          1 |          0 |       0 |    1 |      1 |      0 |      0 |    0 |          1 |
|     g_row[6].g_col[28].u_pe      |   w8a16_pe__269 |         64 |         63 |       0 |    1 |    141 |      0 |      0 |    0 |          1 |
|       (g_row[6].g_col[28].u_pe)  |   w8a16_pe__269 |         63 |         63 |       0 |    0 |    140 |      0 |      0 |    0 |          0 |
|       u_mult                     | w8a16_mult__269 |          1 |          0 |       0 |    1 |      1 |      0 |      0 |    0 |          1 |
|     g_row[6].g_col[29].u_pe      |   w8a16_pe__335 |         64 |         63 |       0 |    1 |    141 |      0 |      0 |    0 |          1 |
|       (g_row[6].g_col[29].u_pe)  |   w8a16_pe__335 |         63 |         63 |       0 |    0 |    140 |      0 |      0 |    0 |          0 |
|       u_mult                     | w8a16_mult__335 |          1 |          0 |       0 |    1 |      1 |      0 |      0 |    0 |          1 |
|     g_row[6].g_col[2].u_pe       |   w8a16_pe__655 |         64 |         63 |       0 |    1 |    141 |      0 |      0 |    0 |          1 |
|       (g_row[6].g_col[2].u_pe)   |   w8a16_pe__655 |         63 |         63 |       0 |    0 |    140 |      0 |      0 |    0 |          0 |
|       u_mult                     | w8a16_mult__655 |          1 |          0 |       0 |    1 |      1 |      0 |      0 |    0 |          1 |
|     g_row[6].g_col[30].u_pe      |   w8a16_pe__336 |         64 |         63 |       0 |    1 |    141 |      0 |      0 |    0 |          1 |
|       (g_row[6].g_col[30].u_pe)  |   w8a16_pe__336 |         63 |         63 |       0 |    0 |    140 |      0 |      0 |    0 |          0 |
|       u_mult                     | w8a16_mult__336 |          1 |          0 |       0 |    1 |      1 |      0 |      0 |    0 |          1 |
|     g_row[6].g_col[31].u_pe      |   w8a16_pe__355 |         64 |         63 |       0 |    1 |    141 |      0 |      0 |    0 |          1 |
|       (g_row[6].g_col[31].u_pe)  |   w8a16_pe__355 |         63 |         63 |       0 |    0 |    140 |      0 |      0 |    0 |          0 |
|       u_mult                     | w8a16_mult__355 |          1 |          0 |       0 |    1 |      1 |      0 |      0 |    0 |          1 |
|     g_row[6].g_col[32].u_pe      |   w8a16_pe__241 |         64 |         63 |       0 |    1 |    141 |      0 |      0 |    0 |          1 |
|       (g_row[6].g_col[32].u_pe)  |   w8a16_pe__241 |         63 |         63 |       0 |    0 |    140 |      0 |      0 |    0 |          0 |
|       u_mult                     | w8a16_mult__241 |          1 |          0 |       0 |    1 |      1 |      0 |      0 |    0 |          1 |
|     g_row[6].g_col[33].u_pe      |   w8a16_pe__240 |         64 |         63 |       0 |    1 |    141 |      0 |      0 |    0 |          1 |
|       (g_row[6].g_col[33].u_pe)  |   w8a16_pe__240 |         63 |         63 |       0 |    0 |    140 |      0 |      0 |    0 |          0 |
|       u_mult                     | w8a16_mult__240 |          1 |          0 |       0 |    1 |      1 |      0 |      0 |    0 |          1 |
|     g_row[6].g_col[34].u_pe      |   w8a16_pe__237 |         64 |         63 |       0 |    1 |    141 |      0 |      0 |    0 |          1 |
|       (g_row[6].g_col[34].u_pe)  |   w8a16_pe__237 |         63 |         63 |       0 |    0 |    140 |      0 |      0 |    0 |          0 |
|       u_mult                     | w8a16_mult__237 |          1 |          0 |       0 |    1 |      1 |      0 |      0 |    0 |          1 |
|     g_row[6].g_col[35].u_pe      |   w8a16_pe__238 |         64 |         63 |       0 |    1 |    141 |      0 |      0 |    0 |          1 |
|       (g_row[6].g_col[35].u_pe)  |   w8a16_pe__238 |         63 |         63 |       0 |    0 |    140 |      0 |      0 |    0 |          0 |
|       u_mult                     | w8a16_mult__238 |          1 |          0 |       0 |    1 |      1 |      0 |      0 |    0 |          1 |
|     g_row[6].g_col[36].u_pe      |   w8a16_pe__239 |         64 |         63 |       0 |    1 |    141 |      0 |      0 |    0 |          1 |
|       (g_row[6].g_col[36].u_pe)  |   w8a16_pe__239 |         63 |         63 |       0 |    0 |    140 |      0 |      0 |    0 |          0 |
|       u_mult                     | w8a16_mult__239 |          1 |          0 |       0 |    1 |      1 |      0 |      0 |    0 |          1 |
|     g_row[6].g_col[37].u_pe      |   w8a16_pe__165 |         64 |         63 |       0 |    1 |    141 |      0 |      0 |    0 |          1 |
|       (g_row[6].g_col[37].u_pe)  |   w8a16_pe__165 |         63 |         63 |       0 |    0 |    140 |      0 |      0 |    0 |          0 |
|       u_mult                     | w8a16_mult__165 |          1 |          0 |       0 |    1 |      1 |      0 |      0 |    0 |          1 |
|     g_row[6].g_col[38].u_pe      |   w8a16_pe__166 |         64 |         63 |       0 |    1 |    141 |      0 |      0 |    0 |          1 |
|       (g_row[6].g_col[38].u_pe)  |   w8a16_pe__166 |         63 |         63 |       0 |    0 |    140 |      0 |      0 |    0 |          0 |
|       u_mult                     | w8a16_mult__166 |          1 |          0 |       0 |    1 |      1 |      0 |      0 |    0 |          1 |
|     g_row[6].g_col[39].u_pe      |   w8a16_pe__167 |         64 |         63 |       0 |    1 |    141 |      0 |      0 |    0 |          1 |
|       (g_row[6].g_col[39].u_pe)  |   w8a16_pe__167 |         63 |         63 |       0 |    0 |    140 |      0 |      0 |    0 |          0 |
|       u_mult                     | w8a16_mult__167 |          1 |          0 |       0 |    1 |      1 |      0 |      0 |    0 |          1 |
|     g_row[6].g_col[3].u_pe       |   w8a16_pe__711 |         64 |         63 |       0 |    1 |    141 |      0 |      0 |    0 |          1 |
|       (g_row[6].g_col[3].u_pe)   |   w8a16_pe__711 |         63 |         63 |       0 |    0 |    140 |      0 |      0 |    0 |          0 |
|       u_mult                     | w8a16_mult__711 |          1 |          0 |       0 |    1 |      1 |      0 |      0 |    0 |          1 |
|     g_row[6].g_col[40].u_pe      |   w8a16_pe__168 |         64 |         63 |       0 |    1 |    141 |      0 |      0 |    0 |          1 |
|       (g_row[6].g_col[40].u_pe)  |   w8a16_pe__168 |         63 |         63 |       0 |    0 |    140 |      0 |      0 |    0 |          0 |
|       u_mult                     | w8a16_mult__168 |          1 |          0 |       0 |    1 |      1 |      0 |      0 |    0 |          1 |
|     g_row[6].g_col[41].u_pe      |   w8a16_pe__111 |         64 |         63 |       0 |    1 |    141 |      0 |      0 |    0 |          1 |
|       (g_row[6].g_col[41].u_pe)  |   w8a16_pe__111 |         63 |         63 |       0 |    0 |    140 |      0 |      0 |    0 |          0 |
|       u_mult                     | w8a16_mult__111 |          1 |          0 |       0 |    1 |      1 |      0 |      0 |    0 |          1 |
|     g_row[6].g_col[42].u_pe      |   w8a16_pe__112 |         64 |         63 |       0 |    1 |    141 |      0 |      0 |    0 |          1 |
|       (g_row[6].g_col[42].u_pe)  |   w8a16_pe__112 |         63 |         63 |       0 |    0 |    140 |      0 |      0 |    0 |          0 |
|       u_mult                     | w8a16_mult__112 |          1 |          0 |       0 |    1 |      1 |      0 |      0 |    0 |          1 |
|     g_row[6].g_col[43].u_pe      |    w8a16_pe__30 |         64 |         63 |       0 |    1 |    141 |      0 |      0 |    0 |          1 |
|       (g_row[6].g_col[43].u_pe)  |    w8a16_pe__30 |         63 |         63 |       0 |    0 |    140 |      0 |      0 |    0 |          0 |
|       u_mult                     |  w8a16_mult__30 |          1 |          0 |       0 |    1 |      1 |      0 |      0 |    0 |          1 |
|     g_row[6].g_col[44].u_pe      |    w8a16_pe__29 |         64 |         63 |       0 |    1 |    141 |      0 |      0 |    0 |          1 |
|       (g_row[6].g_col[44].u_pe)  |    w8a16_pe__29 |         63 |         63 |       0 |    0 |    140 |      0 |      0 |    0 |          0 |
|       u_mult                     |  w8a16_mult__29 |          1 |          0 |       0 |    1 |      1 |      0 |      0 |    0 |          1 |
|     g_row[6].g_col[45].u_pe      |    w8a16_pe__28 |         64 |         63 |       0 |    1 |    141 |      0 |      0 |    0 |          1 |
|       (g_row[6].g_col[45].u_pe)  |    w8a16_pe__28 |         63 |         63 |       0 |    0 |    140 |      0 |      0 |    0 |          0 |
|       u_mult                     |  w8a16_mult__28 |          1 |          0 |       0 |    1 |      1 |      0 |      0 |    0 |          1 |
|     g_row[6].g_col[46].u_pe      |    w8a16_pe__27 |         64 |         63 |       0 |    1 |    141 |      0 |      0 |    0 |          1 |
|       (g_row[6].g_col[46].u_pe)  |    w8a16_pe__27 |         63 |         63 |       0 |    0 |    140 |      0 |      0 |    0 |          0 |
|       u_mult                     |  w8a16_mult__27 |          1 |          0 |       0 |    1 |      1 |      0 |      0 |    0 |          1 |
|     g_row[6].g_col[47].u_pe      |    w8a16_pe__26 |         64 |         63 |       0 |    1 |    140 |      0 |      0 |    0 |          1 |
|       (g_row[6].g_col[47].u_pe)  |    w8a16_pe__26 |         63 |         63 |       0 |    0 |    139 |      0 |      0 |    0 |          0 |
|       u_mult                     |  w8a16_mult__26 |          1 |          0 |       0 |    1 |      1 |      0 |      0 |    0 |          1 |
|     g_row[6].g_col[4].u_pe       |   w8a16_pe__712 |         64 |         63 |       0 |    1 |    141 |      0 |      0 |    0 |          1 |
|       (g_row[6].g_col[4].u_pe)   |   w8a16_pe__712 |         63 |         63 |       0 |    0 |    140 |      0 |      0 |    0 |          0 |
|       u_mult                     | w8a16_mult__712 |          1 |          0 |       0 |    1 |      1 |      0 |      0 |    0 |          1 |
|     g_row[6].g_col[5].u_pe       |   w8a16_pe__760 |         64 |         63 |       0 |    1 |    141 |      0 |      0 |    0 |          1 |
|       (g_row[6].g_col[5].u_pe)   |   w8a16_pe__760 |         63 |         63 |       0 |    0 |    140 |      0 |      0 |    0 |          0 |
|       u_mult                     | w8a16_mult__760 |          1 |          0 |       0 |    1 |      1 |      0 |      0 |    0 |          1 |
|     g_row[6].g_col[6].u_pe       |   w8a16_pe__761 |         64 |         63 |       0 |    1 |    141 |      0 |      0 |    0 |          1 |
|       (g_row[6].g_col[6].u_pe)   |   w8a16_pe__761 |         63 |         63 |       0 |    0 |    140 |      0 |      0 |    0 |          0 |
|       u_mult                     | w8a16_mult__761 |          1 |          0 |       0 |    1 |      1 |      0 |      0 |    0 |          1 |
|     g_row[6].g_col[7].u_pe       |   w8a16_pe__762 |         64 |         63 |       0 |    1 |    141 |      0 |      0 |    0 |          1 |
|       (g_row[6].g_col[7].u_pe)   |   w8a16_pe__762 |         63 |         63 |       0 |    0 |    140 |      0 |      0 |    0 |          0 |
|       u_mult                     | w8a16_mult__762 |          1 |          0 |       0 |    1 |      1 |      0 |      0 |    0 |          1 |
|     g_row[6].g_col[8].u_pe       |   w8a16_pe__494 |         64 |         63 |       0 |    1 |    141 |      0 |      0 |    0 |          1 |
|       (g_row[6].g_col[8].u_pe)   |   w8a16_pe__494 |         63 |         63 |       0 |    0 |    140 |      0 |      0 |    0 |          0 |
|       u_mult                     | w8a16_mult__494 |          1 |          0 |       0 |    1 |      1 |      0 |      0 |    0 |          1 |
|     g_row[6].g_col[9].u_pe       |   w8a16_pe__495 |         64 |         63 |       0 |    1 |    141 |      0 |      0 |    0 |          1 |
|       (g_row[6].g_col[9].u_pe)   |   w8a16_pe__495 |         63 |         63 |       0 |    0 |    140 |      0 |      0 |    0 |          0 |
|       u_mult                     | w8a16_mult__495 |          1 |          0 |       0 |    1 |      1 |      0 |      0 |    0 |          1 |
|     g_row[7].g_col[0].u_pe       |   w8a16_pe__643 |         64 |         63 |       0 |    1 |    141 |      0 |      0 |    0 |          1 |
|       (g_row[7].g_col[0].u_pe)   |   w8a16_pe__643 |         63 |         63 |       0 |    0 |    140 |      0 |      0 |    0 |          0 |
|       u_mult                     | w8a16_mult__643 |          1 |          0 |       0 |    1 |      1 |      0 |      0 |    0 |          1 |
|     g_row[7].g_col[10].u_pe      |   w8a16_pe__405 |         64 |         63 |       0 |    1 |    141 |      0 |      0 |    0 |          1 |
|       (g_row[7].g_col[10].u_pe)  |   w8a16_pe__405 |         63 |         63 |       0 |    0 |    140 |      0 |      0 |    0 |          0 |
|       u_mult                     | w8a16_mult__405 |          1 |          0 |       0 |    1 |      1 |      0 |      0 |    0 |          1 |
|     g_row[7].g_col[11].u_pe      |   w8a16_pe__406 |         64 |         63 |       0 |    1 |    141 |      0 |      0 |    0 |          1 |
|       (g_row[7].g_col[11].u_pe)  |   w8a16_pe__406 |         63 |         63 |       0 |    0 |    140 |      0 |      0 |    0 |          0 |
|       u_mult                     | w8a16_mult__406 |          1 |          0 |       0 |    1 |      1 |      0 |      0 |    0 |          1 |
|     g_row[7].g_col[12].u_pe      |   w8a16_pe__462 |         64 |         63 |       0 |    1 |    141 |      0 |      0 |    0 |          1 |
|       (g_row[7].g_col[12].u_pe)  |   w8a16_pe__462 |         63 |         63 |       0 |    0 |    140 |      0 |      0 |    0 |          0 |
|       u_mult                     | w8a16_mult__462 |          1 |          0 |       0 |    1 |      1 |      0 |      0 |    0 |          1 |
|     g_row[7].g_col[13].u_pe      |   w8a16_pe__447 |         64 |         63 |       0 |    1 |    141 |      0 |      0 |    0 |          1 |
|       (g_row[7].g_col[13].u_pe)  |   w8a16_pe__447 |         63 |         63 |       0 |    0 |    140 |      0 |      0 |    0 |          0 |
|       u_mult                     | w8a16_mult__447 |          1 |          0 |       0 |    1 |      1 |      0 |      0 |    0 |          1 |
|     g_row[7].g_col[14].u_pe      |   w8a16_pe__445 |         64 |         63 |       0 |    1 |    141 |      0 |      0 |    0 |          1 |
|       (g_row[7].g_col[14].u_pe)  |   w8a16_pe__445 |         63 |         63 |       0 |    0 |    140 |      0 |      0 |    0 |          0 |
|       u_mult                     | w8a16_mult__445 |          1 |          0 |       0 |    1 |      1 |      0 |      0 |    0 |          1 |
|     g_row[7].g_col[15].u_pe      |   w8a16_pe__544 |         64 |         63 |       0 |    1 |    141 |      0 |      0 |    0 |          1 |
|       (g_row[7].g_col[15].u_pe)  |   w8a16_pe__544 |         63 |         63 |       0 |    0 |    140 |      0 |      0 |    0 |          0 |
|       u_mult                     | w8a16_mult__544 |          1 |          0 |       0 |    1 |      1 |      0 |      0 |    0 |          1 |
|     g_row[7].g_col[16].u_pe      |   w8a16_pe__543 |         64 |         63 |       0 |    1 |    141 |      0 |      0 |    0 |          1 |
|       (g_row[7].g_col[16].u_pe)  |   w8a16_pe__543 |         63 |         63 |       0 |    0 |    140 |      0 |      0 |    0 |          0 |
|       u_mult                     | w8a16_mult__543 |          1 |          0 |       0 |    1 |      1 |      0 |      0 |    0 |          1 |
|     g_row[7].g_col[17].u_pe      |   w8a16_pe__542 |         64 |         63 |       0 |    1 |    141 |      0 |      0 |    0 |          1 |
|       (g_row[7].g_col[17].u_pe)  |   w8a16_pe__542 |         63 |         63 |       0 |    0 |    140 |      0 |      0 |    0 |          0 |
|       u_mult                     | w8a16_mult__542 |          1 |          0 |       0 |    1 |      1 |      0 |      0 |    0 |          1 |
|     g_row[7].g_col[18].u_pe      |   w8a16_pe__534 |         64 |         63 |       0 |    1 |    141 |      0 |      0 |    0 |          1 |
|       (g_row[7].g_col[18].u_pe)  |   w8a16_pe__534 |         63 |         63 |       0 |    0 |    140 |      0 |      0 |    0 |          0 |
|       u_mult                     | w8a16_mult__534 |          1 |          0 |       0 |    1 |      1 |      0 |      0 |    0 |          1 |
|     g_row[7].g_col[19].u_pe      |   w8a16_pe__605 |         64 |         63 |       0 |    1 |    141 |      0 |      0 |    0 |          1 |
|       (g_row[7].g_col[19].u_pe)  |   w8a16_pe__605 |         63 |         63 |       0 |    0 |    140 |      0 |      0 |    0 |          0 |
|       u_mult                     | w8a16_mult__605 |          1 |          0 |       0 |    1 |      1 |      0 |      0 |    0 |          1 |
|     g_row[7].g_col[1].u_pe       |   w8a16_pe__642 |         64 |         63 |       0 |    1 |    141 |      0 |      0 |    0 |          1 |
|       (g_row[7].g_col[1].u_pe)   |   w8a16_pe__642 |         63 |         63 |       0 |    0 |    140 |      0 |      0 |    0 |          0 |
|       u_mult                     | w8a16_mult__642 |          1 |          0 |       0 |    1 |      1 |      0 |      0 |    0 |          1 |
|     g_row[7].g_col[20].u_pe      |   w8a16_pe__611 |         64 |         63 |       0 |    1 |    141 |      0 |      0 |    0 |          1 |
|       (g_row[7].g_col[20].u_pe)  |   w8a16_pe__611 |         63 |         63 |       0 |    0 |    140 |      0 |      0 |    0 |          0 |
|       u_mult                     | w8a16_mult__611 |          1 |          0 |       0 |    1 |      1 |      0 |      0 |    0 |          1 |
|     g_row[7].g_col[21].u_pe      |   w8a16_pe__612 |         64 |         63 |       0 |    1 |    141 |      0 |      0 |    0 |          1 |
|       (g_row[7].g_col[21].u_pe)  |   w8a16_pe__612 |         63 |         63 |       0 |    0 |    140 |      0 |      0 |    0 |          0 |
|       u_mult                     | w8a16_mult__612 |          1 |          0 |       0 |    1 |      1 |      0 |      0 |    0 |          1 |
|     g_row[7].g_col[22].u_pe      |   w8a16_pe__613 |         64 |         63 |       0 |    1 |    141 |      0 |      0 |    0 |          1 |
|       (g_row[7].g_col[22].u_pe)  |   w8a16_pe__613 |         63 |         63 |       0 |    0 |    140 |      0 |      0 |    0 |          0 |
|       u_mult                     | w8a16_mult__613 |          1 |          0 |       0 |    1 |      1 |      0 |      0 |    0 |          1 |
|     g_row[7].g_col[23].u_pe      |   w8a16_pe__614 |         64 |         63 |       0 |    1 |    141 |      0 |      0 |    0 |          1 |
|       (g_row[7].g_col[23].u_pe)  |   w8a16_pe__614 |         63 |         63 |       0 |    0 |    140 |      0 |      0 |    0 |          0 |
|       u_mult                     | w8a16_mult__614 |          1 |          0 |       0 |    1 |      1 |      0 |      0 |    0 |          1 |
|     g_row[7].g_col[24].u_pe      |   w8a16_pe__260 |         64 |         63 |       0 |    1 |    141 |      0 |      0 |    0 |          1 |
|       (g_row[7].g_col[24].u_pe)  |   w8a16_pe__260 |         63 |         63 |       0 |    0 |    140 |      0 |      0 |    0 |          0 |
|       u_mult                     | w8a16_mult__260 |          1 |          0 |       0 |    1 |      1 |      0 |      0 |    0 |          1 |
|     g_row[7].g_col[25].u_pe      |   w8a16_pe__261 |         64 |         63 |       0 |    1 |    141 |      0 |      0 |    0 |          1 |
|       (g_row[7].g_col[25].u_pe)  |   w8a16_pe__261 |         63 |         63 |       0 |    0 |    140 |      0 |      0 |    0 |          0 |
|       u_mult                     | w8a16_mult__261 |          1 |          0 |       0 |    1 |      1 |      0 |      0 |    0 |          1 |
|     g_row[7].g_col[26].u_pe      |   w8a16_pe__262 |         64 |         63 |       0 |    1 |    141 |      0 |      0 |    0 |          1 |
|       (g_row[7].g_col[26].u_pe)  |   w8a16_pe__262 |         63 |         63 |       0 |    0 |    140 |      0 |      0 |    0 |          0 |
|       u_mult                     | w8a16_mult__262 |          1 |          0 |       0 |    1 |      1 |      0 |      0 |    0 |          1 |
|     g_row[7].g_col[27].u_pe      |   w8a16_pe__263 |         64 |         63 |       0 |    1 |    141 |      0 |      0 |    0 |          1 |
|       (g_row[7].g_col[27].u_pe)  |   w8a16_pe__263 |         63 |         63 |       0 |    0 |    140 |      0 |      0 |    0 |          0 |
|       u_mult                     | w8a16_mult__263 |          1 |          0 |       0 |    1 |      1 |      0 |      0 |    0 |          1 |
|     g_row[7].g_col[28].u_pe      |   w8a16_pe__264 |         64 |         63 |       0 |    1 |    141 |      0 |      0 |    0 |          1 |
|       (g_row[7].g_col[28].u_pe)  |   w8a16_pe__264 |         63 |         63 |       0 |    0 |    140 |      0 |      0 |    0 |          0 |
|       u_mult                     | w8a16_mult__264 |          1 |          0 |       0 |    1 |      1 |      0 |      0 |    0 |          1 |
|     g_row[7].g_col[29].u_pe      |   w8a16_pe__342 |         64 |         63 |       0 |    1 |    141 |      0 |      0 |    0 |          1 |
|       (g_row[7].g_col[29].u_pe)  |   w8a16_pe__342 |         63 |         63 |       0 |    0 |    140 |      0 |      0 |    0 |          0 |
|       u_mult                     | w8a16_mult__342 |          1 |          0 |       0 |    1 |      1 |      0 |      0 |    0 |          1 |
|     g_row[7].g_col[2].u_pe       |   w8a16_pe__641 |         64 |         63 |       0 |    1 |    141 |      0 |      0 |    0 |          1 |
|       (g_row[7].g_col[2].u_pe)   |   w8a16_pe__641 |         63 |         63 |       0 |    0 |    140 |      0 |      0 |    0 |          0 |
|       u_mult                     | w8a16_mult__641 |          1 |          0 |       0 |    1 |      1 |      0 |      0 |    0 |          1 |
|     g_row[7].g_col[30].u_pe      |   w8a16_pe__341 |         64 |         63 |       0 |    1 |    141 |      0 |      0 |    0 |          1 |
|       (g_row[7].g_col[30].u_pe)  |   w8a16_pe__341 |         63 |         63 |       0 |    0 |    140 |      0 |      0 |    0 |          0 |
|       u_mult                     | w8a16_mult__341 |          1 |          0 |       0 |    1 |      1 |      0 |      0 |    0 |          1 |
|     g_row[7].g_col[31].u_pe      |   w8a16_pe__356 |         64 |         63 |       0 |    1 |    141 |      0 |      0 |    0 |          1 |
|       (g_row[7].g_col[31].u_pe)  |   w8a16_pe__356 |         63 |         63 |       0 |    0 |    140 |      0 |      0 |    0 |          0 |
|       u_mult                     | w8a16_mult__356 |          1 |          0 |       0 |    1 |      1 |      0 |      0 |    0 |          1 |
|     g_row[7].g_col[32].u_pe      |   w8a16_pe__249 |         64 |         63 |       0 |    1 |    141 |      0 |      0 |    0 |          1 |
|       (g_row[7].g_col[32].u_pe)  |   w8a16_pe__249 |         63 |         63 |       0 |    0 |    140 |      0 |      0 |    0 |          0 |
|       u_mult                     | w8a16_mult__249 |          1 |          0 |       0 |    1 |      1 |      0 |      0 |    0 |          1 |
|     g_row[7].g_col[33].u_pe      |   w8a16_pe__213 |         64 |         63 |       0 |    1 |    141 |      0 |      0 |    0 |          1 |
|       (g_row[7].g_col[33].u_pe)  |   w8a16_pe__213 |         63 |         63 |       0 |    0 |    140 |      0 |      0 |    0 |          0 |
|       u_mult                     | w8a16_mult__213 |          1 |          0 |       0 |    1 |      1 |      0 |      0 |    0 |          1 |
|     g_row[7].g_col[34].u_pe      |   w8a16_pe__214 |         64 |         63 |       0 |    1 |    141 |      0 |      0 |    0 |          1 |
|       (g_row[7].g_col[34].u_pe)  |   w8a16_pe__214 |         63 |         63 |       0 |    0 |    140 |      0 |      0 |    0 |          0 |
|       u_mult                     | w8a16_mult__214 |          1 |          0 |       0 |    1 |      1 |      0 |      0 |    0 |          1 |
|     g_row[7].g_col[35].u_pe      |   w8a16_pe__228 |         64 |         63 |       0 |    1 |    141 |      0 |      0 |    0 |          1 |
|       (g_row[7].g_col[35].u_pe)  |   w8a16_pe__228 |         63 |         63 |       0 |    0 |    140 |      0 |      0 |    0 |          0 |
|       u_mult                     | w8a16_mult__228 |          1 |          0 |       0 |    1 |      1 |      0 |      0 |    0 |          1 |
|     g_row[7].g_col[36].u_pe      |   w8a16_pe__234 |         64 |         63 |       0 |    1 |    141 |      0 |      0 |    0 |          1 |
|       (g_row[7].g_col[36].u_pe)  |   w8a16_pe__234 |         63 |         63 |       0 |    0 |    140 |      0 |      0 |    0 |          0 |
|       u_mult                     | w8a16_mult__234 |          1 |          0 |       0 |    1 |      1 |      0 |      0 |    0 |          1 |
|     g_row[7].g_col[37].u_pe      |   w8a16_pe__164 |         64 |         63 |       0 |    1 |    141 |      0 |      0 |    0 |          1 |
|       (g_row[7].g_col[37].u_pe)  |   w8a16_pe__164 |         63 |         63 |       0 |    0 |    140 |      0 |      0 |    0 |          0 |
|       u_mult                     | w8a16_mult__164 |          1 |          0 |       0 |    1 |      1 |      0 |      0 |    0 |          1 |
|     g_row[7].g_col[38].u_pe      |   w8a16_pe__159 |         64 |         63 |       0 |    1 |    141 |      0 |      0 |    0 |          1 |
|       (g_row[7].g_col[38].u_pe)  |   w8a16_pe__159 |         63 |         63 |       0 |    0 |    140 |      0 |      0 |    0 |          0 |
|       u_mult                     | w8a16_mult__159 |          1 |          0 |       0 |    1 |      1 |      0 |      0 |    0 |          1 |
|     g_row[7].g_col[39].u_pe      |   w8a16_pe__150 |         64 |         63 |       0 |    1 |    141 |      0 |      0 |    0 |          1 |
|       (g_row[7].g_col[39].u_pe)  |   w8a16_pe__150 |         63 |         63 |       0 |    0 |    140 |      0 |      0 |    0 |          0 |
|       u_mult                     | w8a16_mult__150 |          1 |          0 |       0 |    1 |      1 |      0 |      0 |    0 |          1 |
|     g_row[7].g_col[3].u_pe       |   w8a16_pe__718 |         64 |         63 |       0 |    1 |    141 |      0 |      0 |    0 |          1 |
|       (g_row[7].g_col[3].u_pe)   |   w8a16_pe__718 |         63 |         63 |       0 |    0 |    140 |      0 |      0 |    0 |          0 |
|       u_mult                     | w8a16_mult__718 |          1 |          0 |       0 |    1 |      1 |      0 |      0 |    0 |          1 |
|     g_row[7].g_col[40].u_pe      |   w8a16_pe__149 |         64 |         63 |       0 |    1 |    141 |      0 |      0 |    0 |          1 |
|       (g_row[7].g_col[40].u_pe)  |   w8a16_pe__149 |         63 |         63 |       0 |    0 |    140 |      0 |      0 |    0 |          0 |
|       u_mult                     | w8a16_mult__149 |          1 |          0 |       0 |    1 |      1 |      0 |      0 |    0 |          1 |
|     g_row[7].g_col[41].u_pe      |   w8a16_pe__102 |         64 |         63 |       0 |    1 |    141 |      0 |      0 |    0 |          1 |
|       (g_row[7].g_col[41].u_pe)  |   w8a16_pe__102 |         63 |         63 |       0 |    0 |    140 |      0 |      0 |    0 |          0 |
|       u_mult                     | w8a16_mult__102 |          1 |          0 |       0 |    1 |      1 |      0 |      0 |    0 |          1 |
|     g_row[7].g_col[42].u_pe      |   w8a16_pe__101 |         64 |         63 |       0 |    1 |    141 |      0 |      0 |    0 |          1 |
|       (g_row[7].g_col[42].u_pe)  |   w8a16_pe__101 |         63 |         63 |       0 |    0 |    140 |      0 |      0 |    0 |          0 |
|       u_mult                     | w8a16_mult__101 |          1 |          0 |       0 |    1 |      1 |      0 |      0 |    0 |          1 |
|     g_row[7].g_col[43].u_pe      |    w8a16_pe__60 |         64 |         63 |       0 |    1 |    141 |      0 |      0 |    0 |          1 |
|       (g_row[7].g_col[43].u_pe)  |    w8a16_pe__60 |         63 |         63 |       0 |    0 |    140 |      0 |      0 |    0 |          0 |
|       u_mult                     |  w8a16_mult__60 |          1 |          0 |       0 |    1 |      1 |      0 |      0 |    0 |          1 |
|     g_row[7].g_col[44].u_pe      |    w8a16_pe__59 |         64 |         63 |       0 |    1 |    141 |      0 |      0 |    0 |          1 |
|       (g_row[7].g_col[44].u_pe)  |    w8a16_pe__59 |         63 |         63 |       0 |    0 |    140 |      0 |      0 |    0 |          0 |
|       u_mult                     |  w8a16_mult__59 |          1 |          0 |       0 |    1 |      1 |      0 |      0 |    0 |          1 |
|     g_row[7].g_col[45].u_pe      |    w8a16_pe__58 |         64 |         63 |       0 |    1 |    141 |      0 |      0 |    0 |          1 |
|       (g_row[7].g_col[45].u_pe)  |    w8a16_pe__58 |         63 |         63 |       0 |    0 |    140 |      0 |      0 |    0 |          0 |
|       u_mult                     |  w8a16_mult__58 |          1 |          0 |       0 |    1 |      1 |      0 |      0 |    0 |          1 |
|     g_row[7].g_col[46].u_pe      |    w8a16_pe__57 |         64 |         63 |       0 |    1 |    141 |      0 |      0 |    0 |          1 |
|       (g_row[7].g_col[46].u_pe)  |    w8a16_pe__57 |         63 |         63 |       0 |    0 |    140 |      0 |      0 |    0 |          0 |
|       u_mult                     |  w8a16_mult__57 |          1 |          0 |       0 |    1 |      1 |      0 |      0 |    0 |          1 |
|     g_row[7].g_col[47].u_pe      |    w8a16_pe__56 |         64 |         63 |       0 |    1 |    140 |      0 |      0 |    0 |          1 |
|       (g_row[7].g_col[47].u_pe)  |    w8a16_pe__56 |         63 |         63 |       0 |    0 |    139 |      0 |      0 |    0 |          0 |
|       u_mult                     |  w8a16_mult__56 |          1 |          0 |       0 |    1 |      1 |      0 |      0 |    0 |          1 |
|     g_row[7].g_col[4].u_pe       |   w8a16_pe__719 |         64 |         63 |       0 |    1 |    141 |      0 |      0 |    0 |          1 |
|       (g_row[7].g_col[4].u_pe)   |   w8a16_pe__719 |         63 |         63 |       0 |    0 |    140 |      0 |      0 |    0 |          0 |
|       u_mult                     | w8a16_mult__719 |          1 |          0 |       0 |    1 |      1 |      0 |      0 |    0 |          1 |
|     g_row[7].g_col[5].u_pe       |        w8a16_pe |         64 |         63 |       0 |    1 |    141 |      0 |      0 |    0 |          1 |
|       (g_row[7].g_col[5].u_pe)   |        w8a16_pe |         63 |         63 |       0 |    0 |    140 |      0 |      0 |    0 |          0 |
|       u_mult                     |      w8a16_mult |          1 |          0 |       0 |    1 |      1 |      0 |      0 |    0 |          1 |
|     g_row[7].g_col[6].u_pe       |   w8a16_pe__767 |         64 |         63 |       0 |    1 |    141 |      0 |      0 |    0 |          1 |
|       (g_row[7].g_col[6].u_pe)   |   w8a16_pe__767 |         63 |         63 |       0 |    0 |    140 |      0 |      0 |    0 |          0 |
|       u_mult                     | w8a16_mult__767 |          1 |          0 |       0 |    1 |      1 |      0 |      0 |    0 |          1 |
|     g_row[7].g_col[7].u_pe       |   w8a16_pe__766 |         64 |         63 |       0 |    1 |    141 |      0 |      0 |    0 |          1 |
|       (g_row[7].g_col[7].u_pe)   |   w8a16_pe__766 |         63 |         63 |       0 |    0 |    140 |      0 |      0 |    0 |          0 |
|       u_mult                     | w8a16_mult__766 |          1 |          0 |       0 |    1 |      1 |      0 |      0 |    0 |          1 |
|     g_row[7].g_col[8].u_pe       |   w8a16_pe__488 |         64 |         63 |       0 |    1 |    141 |      0 |      0 |    0 |          1 |
|       (g_row[7].g_col[8].u_pe)   |   w8a16_pe__488 |         63 |         63 |       0 |    0 |    140 |      0 |      0 |    0 |          0 |
|       u_mult                     | w8a16_mult__488 |          1 |          0 |       0 |    1 |      1 |      0 |      0 |    0 |          1 |
|     g_row[7].g_col[9].u_pe       |   w8a16_pe__463 |         64 |         63 |       0 |    1 |    141 |      0 |      0 |    0 |          1 |
|       (g_row[7].g_col[9].u_pe)   |   w8a16_pe__463 |         63 |         63 |       0 |    0 |    140 |      0 |      0 |    0 |          0 |
|       u_mult                     | w8a16_mult__463 |          1 |          0 |       0 |    1 |      1 |      0 |      0 |    0 |          1 |
|     g_row[8].g_col[0].u_pe       |   w8a16_pe__644 |         64 |         63 |       0 |    1 |    141 |      0 |      0 |    0 |          1 |
|       (g_row[8].g_col[0].u_pe)   |   w8a16_pe__644 |         63 |         63 |       0 |    0 |    140 |      0 |      0 |    0 |          0 |
|       u_mult                     | w8a16_mult__644 |          1 |          0 |       0 |    1 |      1 |      0 |      0 |    0 |          1 |
|     g_row[8].g_col[10].u_pe      |   w8a16_pe__417 |         64 |         63 |       0 |    1 |    141 |      0 |      0 |    0 |          1 |
|       (g_row[8].g_col[10].u_pe)  |   w8a16_pe__417 |         63 |         63 |       0 |    0 |    140 |      0 |      0 |    0 |          0 |
|       u_mult                     | w8a16_mult__417 |          1 |          0 |       0 |    1 |      1 |      0 |      0 |    0 |          1 |
|     g_row[8].g_col[11].u_pe      |   w8a16_pe__412 |         64 |         63 |       0 |    1 |    141 |      0 |      0 |    0 |          1 |
|       (g_row[8].g_col[11].u_pe)  |   w8a16_pe__412 |         63 |         63 |       0 |    0 |    140 |      0 |      0 |    0 |          0 |
|       u_mult                     | w8a16_mult__412 |          1 |          0 |       0 |    1 |      1 |      0 |      0 |    0 |          1 |
|     g_row[8].g_col[12].u_pe      |   w8a16_pe__456 |         64 |         63 |       0 |    1 |    141 |      0 |      0 |    0 |          1 |
|       (g_row[8].g_col[12].u_pe)  |   w8a16_pe__456 |         63 |         63 |       0 |    0 |    140 |      0 |      0 |    0 |          0 |
|       u_mult                     | w8a16_mult__456 |          1 |          0 |       0 |    1 |      1 |      0 |      0 |    0 |          1 |
|     g_row[8].g_col[13].u_pe      |   w8a16_pe__468 |         64 |         63 |       0 |    1 |    141 |      0 |      0 |    0 |          1 |
|       (g_row[8].g_col[13].u_pe)  |   w8a16_pe__468 |         63 |         63 |       0 |    0 |    140 |      0 |      0 |    0 |          0 |
|       u_mult                     | w8a16_mult__468 |          1 |          0 |       0 |    1 |      1 |      0 |      0 |    0 |          1 |
|     g_row[8].g_col[14].u_pe      |   w8a16_pe__469 |         64 |         63 |       0 |    1 |    141 |      0 |      0 |    0 |          1 |
|       (g_row[8].g_col[14].u_pe)  |   w8a16_pe__469 |         63 |         63 |       0 |    0 |    140 |      0 |      0 |    0 |          0 |
|       u_mult                     | w8a16_mult__469 |          1 |          0 |       0 |    1 |      1 |      0 |      0 |    0 |          1 |
|     g_row[8].g_col[15].u_pe      |   w8a16_pe__512 |         64 |         63 |       0 |    1 |    141 |      0 |      0 |    0 |          1 |
|       (g_row[8].g_col[15].u_pe)  |   w8a16_pe__512 |         63 |         63 |       0 |    0 |    140 |      0 |      0 |    0 |          0 |
|       u_mult                     | w8a16_mult__512 |          1 |          0 |       0 |    1 |      1 |      0 |      0 |    0 |          1 |
|     g_row[8].g_col[16].u_pe      |   w8a16_pe__511 |         64 |         63 |       0 |    1 |    141 |      0 |      0 |    0 |          1 |
|       (g_row[8].g_col[16].u_pe)  |   w8a16_pe__511 |         63 |         63 |       0 |    0 |    140 |      0 |      0 |    0 |          0 |
|       u_mult                     | w8a16_mult__511 |          1 |          0 |       0 |    1 |      1 |      0 |      0 |    0 |          1 |
|     g_row[8].g_col[17].u_pe      |   w8a16_pe__510 |         64 |         63 |       0 |    1 |    141 |      0 |      0 |    0 |          1 |
|       (g_row[8].g_col[17].u_pe)  |   w8a16_pe__510 |         63 |         63 |       0 |    0 |    140 |      0 |      0 |    0 |          0 |
|       u_mult                     | w8a16_mult__510 |          1 |          0 |       0 |    1 |      1 |      0 |      0 |    0 |          1 |
|     g_row[8].g_col[18].u_pe      |   w8a16_pe__509 |         64 |         63 |       0 |    1 |    141 |      0 |      0 |    0 |          1 |
|       (g_row[8].g_col[18].u_pe)  |   w8a16_pe__509 |         63 |         63 |       0 |    0 |    140 |      0 |      0 |    0 |          0 |
|       u_mult                     | w8a16_mult__509 |          1 |          0 |       0 |    1 |      1 |      0 |      0 |    0 |          1 |
|     g_row[8].g_col[19].u_pe      |   w8a16_pe__610 |         64 |         63 |       0 |    1 |    141 |      0 |      0 |    0 |          1 |
|       (g_row[8].g_col[19].u_pe)  |   w8a16_pe__610 |         63 |         63 |       0 |    0 |    140 |      0 |      0 |    0 |          0 |
|       u_mult                     | w8a16_mult__610 |          1 |          0 |       0 |    1 |      1 |      0 |      0 |    0 |          1 |
|     g_row[8].g_col[1].u_pe       |   w8a16_pe__645 |         64 |         63 |       0 |    1 |    141 |      0 |      0 |    0 |          1 |
|       (g_row[8].g_col[1].u_pe)   |   w8a16_pe__645 |         63 |         63 |       0 |    0 |    140 |      0 |      0 |    0 |          0 |
|       u_mult                     | w8a16_mult__645 |          1 |          0 |       0 |    1 |      1 |      0 |      0 |    0 |          1 |
|     g_row[8].g_col[20].u_pe      |   w8a16_pe__609 |         64 |         63 |       0 |    1 |    141 |      0 |      0 |    0 |          1 |
|       (g_row[8].g_col[20].u_pe)  |   w8a16_pe__609 |         63 |         63 |       0 |    0 |    140 |      0 |      0 |    0 |          0 |
|       u_mult                     | w8a16_mult__609 |          1 |          0 |       0 |    1 |      1 |      0 |      0 |    0 |          1 |
|     g_row[8].g_col[21].u_pe      |   w8a16_pe__608 |         64 |         63 |       0 |    1 |    141 |      0 |      0 |    0 |          1 |
|       (g_row[8].g_col[21].u_pe)  |   w8a16_pe__608 |         63 |         63 |       0 |    0 |    140 |      0 |      0 |    0 |          0 |
|       u_mult                     | w8a16_mult__608 |          1 |          0 |       0 |    1 |      1 |      0 |      0 |    0 |          1 |
|     g_row[8].g_col[22].u_pe      |   w8a16_pe__607 |         64 |         63 |       0 |    1 |    141 |      0 |      0 |    0 |          1 |
|       (g_row[8].g_col[22].u_pe)  |   w8a16_pe__607 |         63 |         63 |       0 |    0 |    140 |      0 |      0 |    0 |          0 |
|       u_mult                     | w8a16_mult__607 |          1 |          0 |       0 |    1 |      1 |      0 |      0 |    0 |          1 |
|     g_row[8].g_col[23].u_pe      |   w8a16_pe__606 |         64 |         63 |       0 |    1 |    141 |      0 |      0 |    0 |          1 |
|       (g_row[8].g_col[23].u_pe)  |   w8a16_pe__606 |         63 |         63 |       0 |    0 |    140 |      0 |      0 |    0 |          0 |
|       u_mult                     | w8a16_mult__606 |          1 |          0 |       0 |    1 |      1 |      0 |      0 |    0 |          1 |
|     g_row[8].g_col[24].u_pe      |   w8a16_pe__284 |         64 |         63 |       0 |    1 |    141 |      0 |      0 |    0 |          1 |
|       (g_row[8].g_col[24].u_pe)  |   w8a16_pe__284 |         63 |         63 |       0 |    0 |    140 |      0 |      0 |    0 |          0 |
|       u_mult                     | w8a16_mult__284 |          1 |          0 |       0 |    1 |      1 |      0 |      0 |    0 |          1 |
|     g_row[8].g_col[25].u_pe      |   w8a16_pe__285 |         64 |         63 |       0 |    1 |    141 |      0 |      0 |    0 |          1 |
|       (g_row[8].g_col[25].u_pe)  |   w8a16_pe__285 |         63 |         63 |       0 |    0 |    140 |      0 |      0 |    0 |          0 |
|       u_mult                     | w8a16_mult__285 |          1 |          0 |       0 |    1 |      1 |      0 |      0 |    0 |          1 |
|     g_row[8].g_col[26].u_pe      |   w8a16_pe__286 |         64 |         63 |       0 |    1 |    141 |      0 |      0 |    0 |          1 |
|       (g_row[8].g_col[26].u_pe)  |   w8a16_pe__286 |         63 |         63 |       0 |    0 |    140 |      0 |      0 |    0 |          0 |
|       u_mult                     | w8a16_mult__286 |          1 |          0 |       0 |    1 |      1 |      0 |      0 |    0 |          1 |
|     g_row[8].g_col[27].u_pe      |   w8a16_pe__287 |         64 |         63 |       0 |    1 |    141 |      0 |      0 |    0 |          1 |
|       (g_row[8].g_col[27].u_pe)  |   w8a16_pe__287 |         63 |         63 |       0 |    0 |    140 |      0 |      0 |    0 |          0 |
|       u_mult                     | w8a16_mult__287 |          1 |          0 |       0 |    1 |      1 |      0 |      0 |    0 |          1 |
|     g_row[8].g_col[28].u_pe      |   w8a16_pe__288 |         64 |         63 |       0 |    1 |    141 |      0 |      0 |    0 |          1 |
|       (g_row[8].g_col[28].u_pe)  |   w8a16_pe__288 |         63 |         63 |       0 |    0 |    140 |      0 |      0 |    0 |          0 |
|       u_mult                     | w8a16_mult__288 |          1 |          0 |       0 |    1 |      1 |      0 |      0 |    0 |          1 |
|     g_row[8].g_col[29].u_pe      |   w8a16_pe__330 |         64 |         63 |       0 |    1 |    141 |      0 |      0 |    0 |          1 |
|       (g_row[8].g_col[29].u_pe)  |   w8a16_pe__330 |         63 |         63 |       0 |    0 |    140 |      0 |      0 |    0 |          0 |
|       u_mult                     | w8a16_mult__330 |          1 |          0 |       0 |    1 |      1 |      0 |      0 |    0 |          1 |
|     g_row[8].g_col[2].u_pe       |   w8a16_pe__646 |         64 |         63 |       0 |    1 |    141 |      0 |      0 |    0 |          1 |
|       (g_row[8].g_col[2].u_pe)   |   w8a16_pe__646 |         63 |         63 |       0 |    0 |    140 |      0 |      0 |    0 |          0 |
|       u_mult                     | w8a16_mult__646 |          1 |          0 |       0 |    1 |      1 |      0 |      0 |    0 |          1 |
|     g_row[8].g_col[30].u_pe      |   w8a16_pe__329 |         64 |         63 |       0 |    1 |    141 |      0 |      0 |    0 |          1 |
|       (g_row[8].g_col[30].u_pe)  |   w8a16_pe__329 |         63 |         63 |       0 |    0 |    140 |      0 |      0 |    0 |          0 |
|       u_mult                     | w8a16_mult__329 |          1 |          0 |       0 |    1 |      1 |      0 |      0 |    0 |          1 |
|     g_row[8].g_col[31].u_pe      |   w8a16_pe__353 |         64 |         63 |       0 |    1 |    141 |      0 |      0 |    0 |          1 |
|       (g_row[8].g_col[31].u_pe)  |   w8a16_pe__353 |         63 |         63 |       0 |    0 |    140 |      0 |      0 |    0 |          0 |
|       u_mult                     | w8a16_mult__353 |          1 |          0 |       0 |    1 |      1 |      0 |      0 |    0 |          1 |
|     g_row[8].g_col[32].u_pe      |   w8a16_pe__254 |         64 |         63 |       0 |    1 |    141 |      0 |      0 |    0 |          1 |
|       (g_row[8].g_col[32].u_pe)  |   w8a16_pe__254 |         63 |         63 |       0 |    0 |    140 |      0 |      0 |    0 |          0 |
|       u_mult                     | w8a16_mult__254 |          1 |          0 |       0 |    1 |      1 |      0 |      0 |    0 |          1 |
|     g_row[8].g_col[33].u_pe      |   w8a16_pe__188 |         64 |         63 |       0 |    1 |    141 |      0 |      0 |    0 |          1 |
|       (g_row[8].g_col[33].u_pe)  |   w8a16_pe__188 |         63 |         63 |       0 |    0 |    140 |      0 |      0 |    0 |          0 |
|       u_mult                     | w8a16_mult__188 |          1 |          0 |       0 |    1 |      1 |      0 |      0 |    0 |          1 |
|     g_row[8].g_col[34].u_pe      |   w8a16_pe__187 |         64 |         63 |       0 |    1 |    141 |      0 |      0 |    0 |          1 |
|       (g_row[8].g_col[34].u_pe)  |   w8a16_pe__187 |         63 |         63 |       0 |    0 |    140 |      0 |      0 |    0 |          0 |
|       u_mult                     | w8a16_mult__187 |          1 |          0 |       0 |    1 |      1 |      0 |      0 |    0 |          1 |
|     g_row[8].g_col[35].u_pe      |   w8a16_pe__186 |         64 |         63 |       0 |    1 |    141 |      0 |      0 |    0 |          1 |
|       (g_row[8].g_col[35].u_pe)  |   w8a16_pe__186 |         63 |         63 |       0 |    0 |    140 |      0 |      0 |    0 |          0 |
|       u_mult                     | w8a16_mult__186 |          1 |          0 |       0 |    1 |      1 |      0 |      0 |    0 |          1 |
|     g_row[8].g_col[36].u_pe      |   w8a16_pe__185 |         64 |         63 |       0 |    1 |    141 |      0 |      0 |    0 |          1 |
|       (g_row[8].g_col[36].u_pe)  |   w8a16_pe__185 |         63 |         63 |       0 |    0 |    140 |      0 |      0 |    0 |          0 |
|       u_mult                     | w8a16_mult__185 |          1 |          0 |       0 |    1 |      1 |      0 |      0 |    0 |          1 |
|     g_row[8].g_col[37].u_pe      |   w8a16_pe__155 |         64 |         63 |       0 |    1 |    141 |      0 |      0 |    0 |          1 |
|       (g_row[8].g_col[37].u_pe)  |   w8a16_pe__155 |         63 |         63 |       0 |    0 |    140 |      0 |      0 |    0 |          0 |
|       u_mult                     | w8a16_mult__155 |          1 |          0 |       0 |    1 |      1 |      0 |      0 |    0 |          1 |
|     g_row[8].g_col[38].u_pe      |   w8a16_pe__156 |         64 |         63 |       0 |    1 |    141 |      0 |      0 |    0 |          1 |
|       (g_row[8].g_col[38].u_pe)  |   w8a16_pe__156 |         63 |         63 |       0 |    0 |    140 |      0 |      0 |    0 |          0 |
|       u_mult                     | w8a16_mult__156 |          1 |          0 |       0 |    1 |      1 |      0 |      0 |    0 |          1 |
|     g_row[8].g_col[39].u_pe      |   w8a16_pe__157 |         64 |         63 |       0 |    1 |    141 |      0 |      0 |    0 |          1 |
|       (g_row[8].g_col[39].u_pe)  |   w8a16_pe__157 |         63 |         63 |       0 |    0 |    140 |      0 |      0 |    0 |          0 |
|       u_mult                     | w8a16_mult__157 |          1 |          0 |       0 |    1 |      1 |      0 |      0 |    0 |          1 |
|     g_row[8].g_col[3].u_pe       |   w8a16_pe__716 |         64 |         63 |       0 |    1 |    141 |      0 |      0 |    0 |          1 |
|       (g_row[8].g_col[3].u_pe)   |   w8a16_pe__716 |         63 |         63 |       0 |    0 |    140 |      0 |      0 |    0 |          0 |
|       u_mult                     | w8a16_mult__716 |          1 |          0 |       0 |    1 |      1 |      0 |      0 |    0 |          1 |
|     g_row[8].g_col[40].u_pe      |   w8a16_pe__158 |         64 |         63 |       0 |    1 |    141 |      0 |      0 |    0 |          1 |
|       (g_row[8].g_col[40].u_pe)  |   w8a16_pe__158 |         63 |         63 |       0 |    0 |    140 |      0 |      0 |    0 |          0 |
|       u_mult                     | w8a16_mult__158 |          1 |          0 |       0 |    1 |      1 |      0 |      0 |    0 |          1 |
|     g_row[8].g_col[41].u_pe      |   w8a16_pe__105 |         64 |         63 |       0 |    1 |    141 |      0 |      0 |    0 |          1 |
|       (g_row[8].g_col[41].u_pe)  |   w8a16_pe__105 |         63 |         63 |       0 |    0 |    140 |      0 |      0 |    0 |          0 |
|       u_mult                     | w8a16_mult__105 |          1 |          0 |       0 |    1 |      1 |      0 |      0 |    0 |          1 |
|     g_row[8].g_col[42].u_pe      |   w8a16_pe__106 |         64 |         63 |       0 |    1 |    141 |      0 |      0 |    0 |          1 |
|       (g_row[8].g_col[42].u_pe)  |   w8a16_pe__106 |         63 |         63 |       0 |    0 |    140 |      0 |      0 |    0 |          0 |
|       u_mult                     | w8a16_mult__106 |          1 |          0 |       0 |    1 |      1 |      0 |      0 |    0 |          1 |
|     g_row[8].g_col[43].u_pe      |    w8a16_pe__53 |         64 |         63 |       0 |    1 |    141 |      0 |      0 |    0 |          1 |
|       (g_row[8].g_col[43].u_pe)  |    w8a16_pe__53 |         63 |         63 |       0 |    0 |    140 |      0 |      0 |    0 |          0 |
|       u_mult                     |  w8a16_mult__53 |          1 |          0 |       0 |    1 |      1 |      0 |      0 |    0 |          1 |
|     g_row[8].g_col[44].u_pe      |    w8a16_pe__52 |         64 |         63 |       0 |    1 |    141 |      0 |      0 |    0 |          1 |
|       (g_row[8].g_col[44].u_pe)  |    w8a16_pe__52 |         63 |         63 |       0 |    0 |    140 |      0 |      0 |    0 |          0 |
|       u_mult                     |  w8a16_mult__52 |          1 |          0 |       0 |    1 |      1 |      0 |      0 |    0 |          1 |
|     g_row[8].g_col[45].u_pe      |    w8a16_pe__51 |         64 |         63 |       0 |    1 |    141 |      0 |      0 |    0 |          1 |
|       (g_row[8].g_col[45].u_pe)  |    w8a16_pe__51 |         63 |         63 |       0 |    0 |    140 |      0 |      0 |    0 |          0 |
|       u_mult                     |  w8a16_mult__51 |          1 |          0 |       0 |    1 |      1 |      0 |      0 |    0 |          1 |
|     g_row[8].g_col[46].u_pe      |    w8a16_pe__50 |         64 |         63 |       0 |    1 |    141 |      0 |      0 |    0 |          1 |
|       (g_row[8].g_col[46].u_pe)  |    w8a16_pe__50 |         63 |         63 |       0 |    0 |    140 |      0 |      0 |    0 |          0 |
|       u_mult                     |  w8a16_mult__50 |          1 |          0 |       0 |    1 |      1 |      0 |      0 |    0 |          1 |
|     g_row[8].g_col[47].u_pe      |    w8a16_pe__49 |         64 |         63 |       0 |    1 |    140 |      0 |      0 |    0 |          1 |
|       (g_row[8].g_col[47].u_pe)  |    w8a16_pe__49 |         63 |         63 |       0 |    0 |    139 |      0 |      0 |    0 |          0 |
|       u_mult                     |  w8a16_mult__49 |          1 |          0 |       0 |    1 |      1 |      0 |      0 |    0 |          1 |
|     g_row[8].g_col[4].u_pe       |   w8a16_pe__715 |         64 |         63 |       0 |    1 |    141 |      0 |      0 |    0 |          1 |
|       (g_row[8].g_col[4].u_pe)   |   w8a16_pe__715 |         63 |         63 |       0 |    0 |    140 |      0 |      0 |    0 |          0 |
|       u_mult                     | w8a16_mult__715 |          1 |          0 |       0 |    1 |      1 |      0 |      0 |    0 |          1 |
|     g_row[8].g_col[5].u_pe       |   w8a16_pe__765 |         64 |         63 |       0 |    1 |    141 |      0 |      0 |    0 |          1 |
|       (g_row[8].g_col[5].u_pe)   |   w8a16_pe__765 |         63 |         63 |       0 |    0 |    140 |      0 |      0 |    0 |          0 |
|       u_mult                     | w8a16_mult__765 |          1 |          0 |       0 |    1 |      1 |      0 |      0 |    0 |          1 |
|     g_row[8].g_col[6].u_pe       |   w8a16_pe__764 |         64 |         63 |       0 |    1 |    141 |      0 |      0 |    0 |          1 |
|       (g_row[8].g_col[6].u_pe)   |   w8a16_pe__764 |         63 |         63 |       0 |    0 |    140 |      0 |      0 |    0 |          0 |
|       u_mult                     | w8a16_mult__764 |          1 |          0 |       0 |    1 |      1 |      0 |      0 |    0 |          1 |
|     g_row[8].g_col[7].u_pe       |   w8a16_pe__763 |         64 |         63 |       0 |    1 |    141 |      0 |      0 |    0 |          1 |
|       (g_row[8].g_col[7].u_pe)   |   w8a16_pe__763 |         63 |         63 |       0 |    0 |    140 |      0 |      0 |    0 |          0 |
|       u_mult                     | w8a16_mult__763 |          1 |          0 |       0 |    1 |      1 |      0 |      0 |    0 |          1 |
|     g_row[8].g_col[8].u_pe       |   w8a16_pe__478 |         64 |         63 |       0 |    1 |    141 |      0 |      0 |    0 |          1 |
|       (g_row[8].g_col[8].u_pe)   |   w8a16_pe__478 |         63 |         63 |       0 |    0 |    140 |      0 |      0 |    0 |          0 |
|       u_mult                     | w8a16_mult__478 |          1 |          0 |       0 |    1 |      1 |      0 |      0 |    0 |          1 |
|     g_row[8].g_col[9].u_pe       |   w8a16_pe__453 |         64 |         63 |       0 |    1 |    141 |      0 |      0 |    0 |          1 |
|       (g_row[8].g_col[9].u_pe)   |   w8a16_pe__453 |         63 |         63 |       0 |    0 |    140 |      0 |      0 |    0 |          0 |
|       u_mult                     | w8a16_mult__453 |          1 |          0 |       0 |    1 |      1 |      0 |      0 |    0 |          1 |
|     g_row[9].g_col[0].u_pe       |   w8a16_pe__649 |         64 |         63 |       0 |    1 |    141 |      0 |      0 |    0 |          1 |
|       (g_row[9].g_col[0].u_pe)   |   w8a16_pe__649 |         63 |         63 |       0 |    0 |    140 |      0 |      0 |    0 |          0 |
|       u_mult                     | w8a16_mult__649 |          1 |          0 |       0 |    1 |      1 |      0 |      0 |    0 |          1 |
|     g_row[9].g_col[10].u_pe      |   w8a16_pe__427 |         64 |         63 |       0 |    1 |    141 |      0 |      0 |    0 |          1 |
|       (g_row[9].g_col[10].u_pe)  |   w8a16_pe__427 |         63 |         63 |       0 |    0 |    140 |      0 |      0 |    0 |          0 |
|       u_mult                     | w8a16_mult__427 |          1 |          0 |       0 |    1 |      1 |      0 |      0 |    0 |          1 |
|     g_row[9].g_col[11].u_pe      |   w8a16_pe__432 |         64 |         63 |       0 |    1 |    141 |      0 |      0 |    0 |          1 |
|       (g_row[9].g_col[11].u_pe)  |   w8a16_pe__432 |         63 |         63 |       0 |    0 |    140 |      0 |      0 |    0 |          0 |
|       u_mult                     | w8a16_mult__432 |          1 |          0 |       0 |    1 |      1 |      0 |      0 |    0 |          1 |
|     g_row[9].g_col[12].u_pe      |   w8a16_pe__459 |         64 |         63 |       0 |    1 |    141 |      0 |      0 |    0 |          1 |
|       (g_row[9].g_col[12].u_pe)  |   w8a16_pe__459 |         63 |         63 |       0 |    0 |    140 |      0 |      0 |    0 |          0 |
|       u_mult                     | w8a16_mult__459 |          1 |          0 |       0 |    1 |      1 |      0 |      0 |    0 |          1 |
|     g_row[9].g_col[13].u_pe      |   w8a16_pe__458 |         64 |         63 |       0 |    1 |    141 |      0 |      0 |    0 |          1 |
|       (g_row[9].g_col[13].u_pe)  |   w8a16_pe__458 |         63 |         63 |       0 |    0 |    140 |      0 |      0 |    0 |          0 |
|       u_mult                     | w8a16_mult__458 |          1 |          0 |       0 |    1 |      1 |      0 |      0 |    0 |          1 |
|     g_row[9].g_col[14].u_pe      |   w8a16_pe__457 |         64 |         63 |       0 |    1 |    141 |      0 |      0 |    0 |          1 |
|       (g_row[9].g_col[14].u_pe)  |   w8a16_pe__457 |         63 |         63 |       0 |    0 |    140 |      0 |      0 |    0 |          0 |
|       u_mult                     | w8a16_mult__457 |          1 |          0 |       0 |    1 |      1 |      0 |      0 |    0 |          1 |
|     g_row[9].g_col[15].u_pe      |   w8a16_pe__521 |         64 |         63 |       0 |    1 |    141 |      0 |      0 |    0 |          1 |
|       (g_row[9].g_col[15].u_pe)  |   w8a16_pe__521 |         63 |         63 |       0 |    0 |    140 |      0 |      0 |    0 |          0 |
|       u_mult                     | w8a16_mult__521 |          1 |          0 |       0 |    1 |      1 |      0 |      0 |    0 |          1 |
|     g_row[9].g_col[16].u_pe      |   w8a16_pe__522 |         64 |         63 |       0 |    1 |    141 |      0 |      0 |    0 |          1 |
|       (g_row[9].g_col[16].u_pe)  |   w8a16_pe__522 |         63 |         63 |       0 |    0 |    140 |      0 |      0 |    0 |          0 |
|       u_mult                     | w8a16_mult__522 |          1 |          0 |       0 |    1 |      1 |      0 |      0 |    0 |          1 |
|     g_row[9].g_col[17].u_pe      |   w8a16_pe__523 |         64 |         63 |       0 |    1 |    141 |      0 |      0 |    0 |          1 |
|       (g_row[9].g_col[17].u_pe)  |   w8a16_pe__523 |         63 |         63 |       0 |    0 |    140 |      0 |      0 |    0 |          0 |
|       u_mult                     | w8a16_mult__523 |          1 |          0 |       0 |    1 |      1 |      0 |      0 |    0 |          1 |
|     g_row[9].g_col[18].u_pe      |   w8a16_pe__524 |         64 |         63 |       0 |    1 |    141 |      0 |      0 |    0 |          1 |
|       (g_row[9].g_col[18].u_pe)  |   w8a16_pe__524 |         63 |         63 |       0 |    0 |    140 |      0 |      0 |    0 |          0 |
|       u_mult                     | w8a16_mult__524 |          1 |          0 |       0 |    1 |      1 |      0 |      0 |    0 |          1 |
|     g_row[9].g_col[19].u_pe      |   w8a16_pe__586 |         64 |         63 |       0 |    1 |    141 |      0 |      0 |    0 |          1 |
|       (g_row[9].g_col[19].u_pe)  |   w8a16_pe__586 |         63 |         63 |       0 |    0 |    140 |      0 |      0 |    0 |          0 |
|       u_mult                     | w8a16_mult__586 |          1 |          0 |       0 |    1 |      1 |      0 |      0 |    0 |          1 |
|     g_row[9].g_col[1].u_pe       |   w8a16_pe__650 |         64 |         63 |       0 |    1 |    141 |      0 |      0 |    0 |          1 |
|       (g_row[9].g_col[1].u_pe)   |   w8a16_pe__650 |         63 |         63 |       0 |    0 |    140 |      0 |      0 |    0 |          0 |
|       u_mult                     | w8a16_mult__650 |          1 |          0 |       0 |    1 |      1 |      0 |      0 |    0 |          1 |
|     g_row[9].g_col[20].u_pe      |   w8a16_pe__585 |         64 |         63 |       0 |    1 |    141 |      0 |      0 |    0 |          1 |
|       (g_row[9].g_col[20].u_pe)  |   w8a16_pe__585 |         63 |         63 |       0 |    0 |    140 |      0 |      0 |    0 |          0 |
|       u_mult                     | w8a16_mult__585 |          1 |          0 |       0 |    1 |      1 |      0 |      0 |    0 |          1 |
|     g_row[9].g_col[21].u_pe      |   w8a16_pe__584 |         64 |         63 |       0 |    1 |    141 |      0 |      0 |    0 |          1 |
|       (g_row[9].g_col[21].u_pe)  |   w8a16_pe__584 |         63 |         63 |       0 |    0 |    140 |      0 |      0 |    0 |          0 |
|       u_mult                     | w8a16_mult__584 |          1 |          0 |       0 |    1 |      1 |      0 |      0 |    0 |          1 |
|     g_row[9].g_col[22].u_pe      |   w8a16_pe__583 |         64 |         63 |       0 |    1 |    141 |      0 |      0 |    0 |          1 |
|       (g_row[9].g_col[22].u_pe)  |   w8a16_pe__583 |         63 |         63 |       0 |    0 |    140 |      0 |      0 |    0 |          0 |
|       u_mult                     | w8a16_mult__583 |          1 |          0 |       0 |    1 |      1 |      0 |      0 |    0 |          1 |
|     g_row[9].g_col[23].u_pe      |   w8a16_pe__582 |         64 |         63 |       0 |    1 |    141 |      0 |      0 |    0 |          1 |
|       (g_row[9].g_col[23].u_pe)  |   w8a16_pe__582 |         63 |         63 |       0 |    0 |    140 |      0 |      0 |    0 |          0 |
|       u_mult                     | w8a16_mult__582 |          1 |          0 |       0 |    1 |      1 |      0 |      0 |    0 |          1 |
|     g_row[9].g_col[24].u_pe      |   w8a16_pe__304 |         64 |         63 |       0 |    1 |    141 |      0 |      0 |    0 |          1 |
|       (g_row[9].g_col[24].u_pe)  |   w8a16_pe__304 |         63 |         63 |       0 |    0 |    140 |      0 |      0 |    0 |          0 |
|       u_mult                     | w8a16_mult__304 |          1 |          0 |       0 |    1 |      1 |      0 |      0 |    0 |          1 |
|     g_row[9].g_col[25].u_pe      |   w8a16_pe__303 |         64 |         63 |       0 |    1 |    141 |      0 |      0 |    0 |          1 |
|       (g_row[9].g_col[25].u_pe)  |   w8a16_pe__303 |         63 |         63 |       0 |    0 |    140 |      0 |      0 |    0 |          0 |
|       u_mult                     | w8a16_mult__303 |          1 |          0 |       0 |    1 |      1 |      0 |      0 |    0 |          1 |
|     g_row[9].g_col[26].u_pe      |   w8a16_pe__302 |         64 |         63 |       0 |    1 |    141 |      0 |      0 |    0 |          1 |
|       (g_row[9].g_col[26].u_pe)  |   w8a16_pe__302 |         63 |         63 |       0 |    0 |    140 |      0 |      0 |    0 |          0 |
|       u_mult                     | w8a16_mult__302 |          1 |          0 |       0 |    1 |      1 |      0 |      0 |    0 |          1 |
|     g_row[9].g_col[27].u_pe      |   w8a16_pe__301 |         64 |         63 |       0 |    1 |    141 |      0 |      0 |    0 |          1 |
|       (g_row[9].g_col[27].u_pe)  |   w8a16_pe__301 |         63 |         63 |       0 |    0 |    140 |      0 |      0 |    0 |          0 |
|       u_mult                     | w8a16_mult__301 |          1 |          0 |       0 |    1 |      1 |      0 |      0 |    0 |          1 |
|     g_row[9].g_col[28].u_pe      |   w8a16_pe__300 |         64 |         63 |       0 |    1 |    141 |      0 |      0 |    0 |          1 |
|       (g_row[9].g_col[28].u_pe)  |   w8a16_pe__300 |         63 |         63 |       0 |    0 |    140 |      0 |      0 |    0 |          0 |
|       u_mult                     | w8a16_mult__300 |          1 |          0 |       0 |    1 |      1 |      0 |      0 |    0 |          1 |
|     g_row[9].g_col[29].u_pe      |   w8a16_pe__326 |         64 |         63 |       0 |    1 |    141 |      0 |      0 |    0 |          1 |
|       (g_row[9].g_col[29].u_pe)  |   w8a16_pe__326 |         63 |         63 |       0 |    0 |    140 |      0 |      0 |    0 |          0 |
|       u_mult                     | w8a16_mult__326 |          1 |          0 |       0 |    1 |      1 |      0 |      0 |    0 |          1 |
|     g_row[9].g_col[2].u_pe       |   w8a16_pe__651 |         64 |         63 |       0 |    1 |    141 |      0 |      0 |    0 |          1 |
|       (g_row[9].g_col[2].u_pe)   |   w8a16_pe__651 |         63 |         63 |       0 |    0 |    140 |      0 |      0 |    0 |          0 |
|       u_mult                     | w8a16_mult__651 |          1 |          0 |       0 |    1 |      1 |      0 |      0 |    0 |          1 |
|     g_row[9].g_col[30].u_pe      |   w8a16_pe__327 |         64 |         63 |       0 |    1 |    141 |      0 |      0 |    0 |          1 |
|       (g_row[9].g_col[30].u_pe)  |   w8a16_pe__327 |         63 |         63 |       0 |    0 |    140 |      0 |      0 |    0 |          0 |
|       u_mult                     | w8a16_mult__327 |          1 |          0 |       0 |    1 |      1 |      0 |      0 |    0 |          1 |
|     g_row[9].g_col[31].u_pe      |   w8a16_pe__346 |         64 |         63 |       0 |    1 |    141 |      0 |      0 |    0 |          1 |
|       (g_row[9].g_col[31].u_pe)  |   w8a16_pe__346 |         63 |         63 |       0 |    0 |    140 |      0 |      0 |    0 |          0 |
|       u_mult                     | w8a16_mult__346 |          1 |          0 |       0 |    1 |      1 |      0 |      0 |    0 |          1 |
|     g_row[9].g_col[32].u_pe      |   w8a16_pe__180 |         64 |         63 |       0 |    1 |    141 |      0 |      0 |    0 |          1 |
|       (g_row[9].g_col[32].u_pe)  |   w8a16_pe__180 |         63 |         63 |       0 |    0 |    140 |      0 |      0 |    0 |          0 |
|       u_mult                     | w8a16_mult__180 |          1 |          0 |       0 |    1 |      1 |      0 |      0 |    0 |          1 |
|     g_row[9].g_col[33].u_pe      |   w8a16_pe__181 |         64 |         63 |       0 |    1 |    141 |      0 |      0 |    0 |          1 |
|       (g_row[9].g_col[33].u_pe)  |   w8a16_pe__181 |         63 |         63 |       0 |    0 |    140 |      0 |      0 |    0 |          0 |
|       u_mult                     | w8a16_mult__181 |          1 |          0 |       0 |    1 |      1 |      0 |      0 |    0 |          1 |
|     g_row[9].g_col[34].u_pe      |   w8a16_pe__182 |         64 |         63 |       0 |    1 |    141 |      0 |      0 |    0 |          1 |
|       (g_row[9].g_col[34].u_pe)  |   w8a16_pe__182 |         63 |         63 |       0 |    0 |    140 |      0 |      0 |    0 |          0 |
|       u_mult                     | w8a16_mult__182 |          1 |          0 |       0 |    1 |      1 |      0 |      0 |    0 |          1 |
|     g_row[9].g_col[35].u_pe      |   w8a16_pe__183 |         64 |         63 |       0 |    1 |    141 |      0 |      0 |    0 |          1 |
|       (g_row[9].g_col[35].u_pe)  |   w8a16_pe__183 |         63 |         63 |       0 |    0 |    140 |      0 |      0 |    0 |          0 |
|       u_mult                     | w8a16_mult__183 |          1 |          0 |       0 |    1 |      1 |      0 |      0 |    0 |          1 |
|     g_row[9].g_col[36].u_pe      |   w8a16_pe__184 |         64 |         63 |       0 |    1 |    141 |      0 |      0 |    0 |          1 |
|       (g_row[9].g_col[36].u_pe)  |   w8a16_pe__184 |         63 |         63 |       0 |    0 |    140 |      0 |      0 |    0 |          0 |
|       u_mult                     | w8a16_mult__184 |          1 |          0 |       0 |    1 |      1 |      0 |      0 |    0 |          1 |
|     g_row[9].g_col[37].u_pe      |   w8a16_pe__154 |         64 |         63 |       0 |    1 |    141 |      0 |      0 |    0 |          1 |
|       (g_row[9].g_col[37].u_pe)  |   w8a16_pe__154 |         63 |         63 |       0 |    0 |    140 |      0 |      0 |    0 |          0 |
|       u_mult                     | w8a16_mult__154 |          1 |          0 |       0 |    1 |      1 |      0 |      0 |    0 |          1 |
|     g_row[9].g_col[38].u_pe      |   w8a16_pe__153 |         64 |         63 |       0 |    1 |    141 |      0 |      0 |    0 |          1 |
|       (g_row[9].g_col[38].u_pe)  |   w8a16_pe__153 |         63 |         63 |       0 |    0 |    140 |      0 |      0 |    0 |          0 |
|       u_mult                     | w8a16_mult__153 |          1 |          0 |       0 |    1 |      1 |      0 |      0 |    0 |          1 |
|     g_row[9].g_col[39].u_pe      |   w8a16_pe__152 |         64 |         63 |       0 |    1 |    141 |      0 |      0 |    0 |          1 |
|       (g_row[9].g_col[39].u_pe)  |   w8a16_pe__152 |         63 |         63 |       0 |    0 |    140 |      0 |      0 |    0 |          0 |
|       u_mult                     | w8a16_mult__152 |          1 |          0 |       0 |    1 |      1 |      0 |      0 |    0 |          1 |
|     g_row[9].g_col[3].u_pe       |   w8a16_pe__714 |         64 |         63 |       0 |    1 |    141 |      0 |      0 |    0 |          1 |
|       (g_row[9].g_col[3].u_pe)   |   w8a16_pe__714 |         63 |         63 |       0 |    0 |    140 |      0 |      0 |    0 |          0 |
|       u_mult                     | w8a16_mult__714 |          1 |          0 |       0 |    1 |      1 |      0 |      0 |    0 |          1 |
|     g_row[9].g_col[40].u_pe      |   w8a16_pe__151 |         64 |         63 |       0 |    1 |    141 |      0 |      0 |    0 |          1 |
|       (g_row[9].g_col[40].u_pe)  |   w8a16_pe__151 |         63 |         63 |       0 |    0 |    140 |      0 |      0 |    0 |          0 |
|       u_mult                     | w8a16_mult__151 |          1 |          0 |       0 |    1 |      1 |      0 |      0 |    0 |          1 |
|     g_row[9].g_col[41].u_pe      |   w8a16_pe__103 |         64 |         63 |       0 |    1 |    141 |      0 |      0 |    0 |          1 |
|       (g_row[9].g_col[41].u_pe)  |   w8a16_pe__103 |         63 |         63 |       0 |    0 |    140 |      0 |      0 |    0 |          0 |
|       u_mult                     | w8a16_mult__103 |          1 |          0 |       0 |    1 |      1 |      0 |      0 |    0 |          1 |
|     g_row[9].g_col[42].u_pe      |    w8a16_pe__63 |         64 |         63 |       0 |    1 |    141 |      0 |      0 |    0 |          1 |
|       (g_row[9].g_col[42].u_pe)  |    w8a16_pe__63 |         63 |         63 |       0 |    0 |    140 |      0 |      0 |    0 |          0 |
|       u_mult                     |  w8a16_mult__63 |          1 |          0 |       0 |    1 |      1 |      0 |      0 |    0 |          1 |
|     g_row[9].g_col[43].u_pe      |    w8a16_pe__55 |         64 |         63 |       0 |    1 |    141 |      0 |      0 |    0 |          1 |
|       (g_row[9].g_col[43].u_pe)  |    w8a16_pe__55 |         63 |         63 |       0 |    0 |    140 |      0 |      0 |    0 |          0 |
|       u_mult                     |  w8a16_mult__55 |          1 |          0 |       0 |    1 |      1 |      0 |      0 |    0 |          1 |
|     g_row[9].g_col[44].u_pe      |    w8a16_pe__54 |         64 |         63 |       0 |    1 |    141 |      0 |      0 |    0 |          1 |
|       (g_row[9].g_col[44].u_pe)  |    w8a16_pe__54 |         63 |         63 |       0 |    0 |    140 |      0 |      0 |    0 |          0 |
|       u_mult                     |  w8a16_mult__54 |          1 |          0 |       0 |    1 |      1 |      0 |      0 |    0 |          1 |
|     g_row[9].g_col[45].u_pe      |    w8a16_pe__43 |         64 |         63 |       0 |    1 |    141 |      0 |      0 |    0 |          1 |
|       (g_row[9].g_col[45].u_pe)  |    w8a16_pe__43 |         63 |         63 |       0 |    0 |    140 |      0 |      0 |    0 |          0 |
|       u_mult                     |  w8a16_mult__43 |          1 |          0 |       0 |    1 |      1 |      0 |      0 |    0 |          1 |
|     g_row[9].g_col[46].u_pe      |    w8a16_pe__33 |         64 |         63 |       0 |    1 |    141 |      0 |      0 |    0 |          1 |
|       (g_row[9].g_col[46].u_pe)  |    w8a16_pe__33 |         63 |         63 |       0 |    0 |    140 |      0 |      0 |    0 |          0 |
|       u_mult                     |  w8a16_mult__33 |          1 |          0 |       0 |    1 |      1 |      0 |      0 |    0 |          1 |
|     g_row[9].g_col[47].u_pe      |    w8a16_pe__19 |         64 |         63 |       0 |    1 |    140 |      0 |      0 |    0 |          1 |
|       (g_row[9].g_col[47].u_pe)  |    w8a16_pe__19 |         63 |         63 |       0 |    0 |    139 |      0 |      0 |    0 |          0 |
|       u_mult                     |  w8a16_mult__19 |          1 |          0 |       0 |    1 |      1 |      0 |      0 |    0 |          1 |
|     g_row[9].g_col[4].u_pe       |   w8a16_pe__713 |         64 |         63 |       0 |    1 |    141 |      0 |      0 |    0 |          1 |
|       (g_row[9].g_col[4].u_pe)   |   w8a16_pe__713 |         63 |         63 |       0 |    0 |    140 |      0 |      0 |    0 |          0 |
|       u_mult                     | w8a16_mult__713 |          1 |          0 |       0 |    1 |      1 |      0 |      0 |    0 |          1 |
|     g_row[9].g_col[5].u_pe       |   w8a16_pe__759 |         64 |         63 |       0 |    1 |    141 |      0 |      0 |    0 |          1 |
|       (g_row[9].g_col[5].u_pe)   |   w8a16_pe__759 |         63 |         63 |       0 |    0 |    140 |      0 |      0 |    0 |          0 |
|       u_mult                     | w8a16_mult__759 |          1 |          0 |       0 |    1 |      1 |      0 |      0 |    0 |          1 |
|     g_row[9].g_col[6].u_pe       |   w8a16_pe__758 |         64 |         63 |       0 |    1 |    141 |      0 |      0 |    0 |          1 |
|       (g_row[9].g_col[6].u_pe)   |   w8a16_pe__758 |         63 |         63 |       0 |    0 |    140 |      0 |      0 |    0 |          0 |
|       u_mult                     | w8a16_mult__758 |          1 |          0 |       0 |    1 |      1 |      0 |      0 |    0 |          1 |
|     g_row[9].g_col[7].u_pe       |   w8a16_pe__757 |         64 |         63 |       0 |    1 |    141 |      0 |      0 |    0 |          1 |
|       (g_row[9].g_col[7].u_pe)   |   w8a16_pe__757 |         63 |         63 |       0 |    0 |    140 |      0 |      0 |    0 |          0 |
|       u_mult                     | w8a16_mult__757 |          1 |          0 |       0 |    1 |      1 |      0 |      0 |    0 |          1 |
|     g_row[9].g_col[8].u_pe       |   w8a16_pe__493 |         64 |         63 |       0 |    1 |    141 |      0 |      0 |    0 |          1 |
|       (g_row[9].g_col[8].u_pe)   |   w8a16_pe__493 |         63 |         63 |       0 |    0 |    140 |      0 |      0 |    0 |          0 |
|       u_mult                     | w8a16_mult__493 |          1 |          0 |       0 |    1 |      1 |      0 |      0 |    0 |          1 |
|     g_row[9].g_col[9].u_pe       |   w8a16_pe__461 |         64 |         63 |       0 |    1 |    141 |      0 |      0 |    0 |          1 |
|       (g_row[9].g_col[9].u_pe)   |   w8a16_pe__461 |         63 |         63 |       0 |    0 |    140 |      0 |      0 |    0 |          0 |
|       u_mult                     | w8a16_mult__461 |          1 |          0 |       0 |    1 |      1 |      0 |      0 |    0 |          1 |
+----------------------------------+-----------------+------------+------------+---------+------+--------+--------+--------+------+------------+


