Copyright 1986-2021 Xilinx, Inc. All Rights Reserved.
---------------------------------------------------------------------------------------------------------------------------------------------------------------------------------------------------------------------------
| Tool Version      : Vivado v.2021.2 (win64) Build 3367213 Tue Oct 19 02:48:09 MDT 2021
| Date              : Tue Sep 15 19:14:54 2026
| Host              : nc23 running 64-bit major release  (build 9200)
| Command           : report_timing_summary -delay_type max -max_paths 50 -file {E:/GPU ARCH/vector_core_sim/turbovla_w8a8_pack2/hw/v3_2026-09-15_174639_vivado_impl/reports/303MHz_real4/reports/impl_timing_summary.rpt}
| Design            : tvla_w8a8_pack2_impl_top
| Device            : xczu7ev-ffvc1156
| Speed File        : -2  PRODUCTION 1.29 08-03-2020
| Temperature Grade : E
---------------------------------------------------------------------------------------------------------------------------------------------------------------------------------------------------------------------------

Timing Summary Report

------------------------------------------------------------------------------------------------
| Timer Settings
| --------------
------------------------------------------------------------------------------------------------

  Enable Multi Corner Analysis               :  Yes
  Enable Pessimism Removal                   :  Yes
  Pessimism Removal Resolution               :  Nearest Common Node
  Enable Input Delay Default Clock           :  No
  Enable Preset / Clear Arcs                 :  No
  Disable Flight Delays                      :  No
  Ignore I/O Paths                           :  No
  Timing Early Launch at Borrowing Latches   :  No
  Borrow Time for Max Delay Exceptions       :  Yes
  Merge Timing Exceptions                    :  Yes

  Corner  Analyze    Analyze    
  Name    Max Paths  Min Paths  
  ------  ---------  ---------  
  Slow    Yes        Yes        
  Fast    Yes        Yes        


------------------------------------------------------------------------------------------------
| Report Methodology
| ------------------
------------------------------------------------------------------------------------------------

Rule       Severity  Description                    Violations  
---------  --------  -----------------------------  ----------  
SYNTH-12   Warning   DSP input not registered       768         
TIMING-18  Warning   Missing input or output delay  338         

Note: This report is based on the most recent report_methodology run and may not be up-to-date. Run report_methodology on the current design for the latest report.



check_timing report

Table of Contents
-----------------
1. checking no_clock (0)
2. checking constant_clock (0)
3. checking pulse_width_clock (0)
4. checking unconstrained_internal_endpoints (0)
5. checking no_input_delay (163)
6. checking no_output_delay (109)
7. checking multiple_clock (0)
8. checking generated_clocks (0)
9. checking loops (0)
10. checking partial_input_delay (0)
11. checking partial_output_delay (0)
12. checking latch_loops (0)

1. checking no_clock (0)
------------------------
 There are 0 register/latch pins with no clock.


2. checking constant_clock (0)
------------------------------
 There are 0 register/latch pins with constant_clock.


3. checking pulse_width_clock (0)
---------------------------------
 There are 0 register/latch pins which need pulse_width check


4. checking unconstrained_internal_endpoints (0)
------------------------------------------------
 There are 0 pins that are not constrained for maximum delay.

 There are 0 pins that are not constrained for maximum delay due to constant clock.


5. checking no_input_delay (163)
--------------------------------
 There are 163 input ports with no input delay specified. (HIGH)

 There are 0 input ports with no input delay but user has a false path constraint.


6. checking no_output_delay (109)
---------------------------------
 There are 109 ports with no output delay specified. (HIGH)

 There are 0 ports with no output delay but user has a false path constraint

 There are 0 ports with no output delay but with a timing clock defined on it or propagating through it


7. checking multiple_clock (0)
------------------------------
 There are 0 register/latch pins with multiple clocks.


8. checking generated_clocks (0)
--------------------------------
 There are 0 generated clocks that are not connected to a clock source.


9. checking loops (0)
---------------------
 There are 0 combinational loops in the design.


10. checking partial_input_delay (0)
------------------------------------
 There are 0 input ports with partial input delay specified.


11. checking partial_output_delay (0)
-------------------------------------
 There are 0 ports with partial output delay specified.


12. checking latch_loops (0)
----------------------------
 There are 0 combinational latch loops in the design through latch input



------------------------------------------------------------------------------------------------
| Design Timing Summary
| ---------------------
------------------------------------------------------------------------------------------------

    WNS(ns)      TNS(ns)  TNS Failing Endpoints  TNS Total Endpoints     WPWS(ns)     TPWS(ns)  TPWS Failing Endpoints  TPWS Total Endpoints  
    -------      -------  ---------------------  -------------------     --------     --------  ----------------------  --------------------  
      0.103        0.000                      0               368387        1.117        0.000                       0                181705  


All user specified timing constraints are met.


------------------------------------------------------------------------------------------------
| Clock Summary
| -------------
------------------------------------------------------------------------------------------------

Clock  Waveform(ns)         Period(ns)      Frequency(MHz)
-----  ------------         ----------      --------------
clk    {0.000 1.649}        3.298           303.214         


------------------------------------------------------------------------------------------------
| Intra Clock Table
| -----------------
------------------------------------------------------------------------------------------------

Clock             WNS(ns)      TNS(ns)  TNS Failing Endpoints  TNS Total Endpoints     WPWS(ns)     TPWS(ns)  TPWS Failing Endpoints  TPWS Total Endpoints  
-----             -------      -------  ---------------------  -------------------     --------     --------  ----------------------  --------------------  
clk                 0.103        0.000                      0               368387        1.117        0.000                       0                181705  


------------------------------------------------------------------------------------------------
| Inter Clock Table
| -----------------
------------------------------------------------------------------------------------------------

From Clock    To Clock          WNS(ns)      TNS(ns)  TNS Failing Endpoints  TNS Total Endpoints  
----------    --------          -------      -------  ---------------------  -------------------  


------------------------------------------------------------------------------------------------
| Other Path Groups Table
| -----------------------
------------------------------------------------------------------------------------------------

Path Group    From Clock    To Clock          WNS(ns)      TNS(ns)  TNS Failing Endpoints  TNS Total Endpoints  
----------    ----------    --------          -------      -------  ---------------------  -------------------  


------------------------------------------------------------------------------------------------
| Timing Details
| --------------
------------------------------------------------------------------------------------------------


---------------------------------------------------------------------------------------------------
From Clock:  clk
  To Clock:  clk

Setup :            0  Failing Endpoints,  Worst Slack        0.103ns,  Total Violation        0.000ns
Hold  :           NA  Failing Endpoints,  Worst Slack           NA  ,  Total Violation           NA
PW    :            0  Failing Endpoints,  Worst Slack        1.117ns,  Total Violation        0.000ns
---------------------------------------------------------------------------------------------------


Max Delay Paths
--------------------------------------------------------------------------------------
Slack (MET) :             0.103ns  (required time - arrival time)
  Source:                 u_system/u_replay/g_array.u_array/drain_row_rep_r_reg[47]_rep__5/C
                            (rising edge-triggered cell FDCE clocked by clk  {rise@0.000ns fall@1.649ns period=3.298ns})
  Destination:            u_system/u_replay/g_array.u_array/g_output_pipe.acc_row_reg[455]/D
                            (rising edge-triggered cell FDCE clocked by clk  {rise@0.000ns fall@1.649ns period=3.298ns})
  Path Group:             clk
  Path Type:              Setup (Max at Slow Process Corner)
  Requirement:            3.298ns  (clk rise@3.298ns - clk rise@0.000ns)
  Data Path Delay:        2.993ns  (logic 0.148ns (4.945%)  route 2.845ns (95.055%))
  Logic Levels:           1  (MUXF8=1)
  Clock Path Skew:        -0.142ns (DCD - SCD + CPR)
    Destination Clock Delay (DCD):    1.926ns = ( 5.224 - 3.298 ) 
    Source Clock Delay      (SCD):    2.373ns
    Clock Pessimism Removal (CPR):    0.305ns
  Clock Uncertainty:      0.085ns  ((TSJ^2 + TIJ^2)^1/2 + DJ) / 2 + PE + UU
    Total System Jitter     (TSJ):    0.071ns
    Total Input Jitter      (TIJ):    0.000ns
    Discrete Jitter          (DJ):    0.000ns
    Phase Error              (PE):    0.000ns
    User Uncertainty         (UU):    0.050ns
  Clock Net Delay (Source):      1.444ns (routing 0.171ns, distribution 1.273ns)
  Clock Net Delay (Destination): 1.286ns (routing 0.155ns, distribution 1.131ns)

    Location             Delay type                Incr(ns)  Path(ns)    Netlist Resource(s)
  -------------------------------------------------------------------    -------------------
                         (clock clk rise edge)        0.000     0.000 r  
    AJ20                                              0.000     0.000 r  clk (IN)
                         net (fo=0)                   0.000     0.000    clk_IBUF_inst/I
    AJ20                 INBUF (Prop_INBUF_HPIOB_M_PAD_O)
                                                      0.565     0.565 r  clk_IBUF_inst/INBUF_INST/O
                         net (fo=1, routed)           0.000     0.565    clk_IBUF_inst/OUT
    AJ20                 IBUFCTRL (Prop_IBUFCTRL_HPIOB_M_I_O)
                                                      0.000     0.565 r  clk_IBUF_inst/IBUFCTRL_INST/O
                         net (fo=1, routed)           0.336     0.901    clk_IBUF
    BUFGCE_X1Y71         BUFGCE (Prop_BUFCE_BUFGCE_I_O)
                                                      0.028     0.929 r  clk_IBUF_BUFG_inst/O
    X2Y2 (CLOCK_ROOT)    net (fo=185544, routed)      1.444     2.373    u_system/u_replay/g_array.u_array/clk_IBUF_BUFG
    SLICE_X65Y237        FDCE                                         r  u_system/u_replay/g_array.u_array/drain_row_rep_r_reg[47]_rep__5/C
  -------------------------------------------------------------------    -------------------
    SLICE_X65Y237        FDCE (Prop_AFF_SLICEL_C_Q)
                                                      0.079     2.452 r  u_system/u_replay/g_array.u_array/drain_row_rep_r_reg[47]_rep__5/Q
                         net (fo=96, routed)          2.811     5.263    u_system/u_replay/g_array.u_array/u_array/u_ref/g_row[3].g_col[7].u_pe/g_output_pipe.acc_row_reg[487]
    SLICE_X107Y140       MUXF8 (Prop_F8MUX_BOT_SLICEL_S_O)
                                                      0.069     5.332 r  u_system/u_replay/g_array.u_array/u_array/u_ref/g_row[3].g_col[7].u_pe/g_output_pipe.acc_row_reg[455]_i_1/O
                         net (fo=1, routed)           0.034     5.366    u_system/u_replay/g_array.u_array/acc_row_i[455]
    SLICE_X107Y140       FDCE                                         r  u_system/u_replay/g_array.u_array/g_output_pipe.acc_row_reg[455]/D
  -------------------------------------------------------------------    -------------------

                         (clock clk rise edge)        3.298     3.298 r  
    AJ20                                              0.000     3.298 r  clk (IN)
                         net (fo=0)                   0.000     3.298    clk_IBUF_inst/I
    AJ20                 INBUF (Prop_INBUF_HPIOB_M_PAD_O)
                                                      0.315     3.613 r  clk_IBUF_inst/INBUF_INST/O
                         net (fo=1, routed)           0.000     3.613    clk_IBUF_inst/OUT
    AJ20                 IBUFCTRL (Prop_IBUFCTRL_HPIOB_M_I_O)
                                                      0.000     3.613 r  clk_IBUF_inst/IBUFCTRL_INST/O
                         net (fo=1, routed)           0.301     3.914    clk_IBUF
    BUFGCE_X1Y71         BUFGCE (Prop_BUFCE_BUFGCE_I_O)
                                                      0.024     3.938 r  clk_IBUF_BUFG_inst/O
    X2Y2 (CLOCK_ROOT)    net (fo=185544, routed)      1.286     5.224    u_system/u_replay/g_array.u_array/clk_IBUF_BUFG
    SLICE_X107Y140       FDCE                                         r  u_system/u_replay/g_array.u_array/g_output_pipe.acc_row_reg[455]/C
                         clock pessimism              0.305     5.529    
                         clock uncertainty           -0.085     5.444    
    SLICE_X107Y140       FDCE (Setup_CFF_SLICEL_C_D)
                                                      0.025     5.469    u_system/u_replay/g_array.u_array/g_output_pipe.acc_row_reg[455]
  -------------------------------------------------------------------
                         required time                          5.469    
                         arrival time                          -5.366    
  -------------------------------------------------------------------
                         slack                                  0.103    

Slack (MET) :             0.125ns  (required time - arrival time)
  Source:                 u_system/u_replay/g_array.u_array/drain_row_rep_r_reg[47]_rep__10/C
                            (rising edge-triggered cell FDCE clocked by clk  {rise@0.000ns fall@1.649ns period=3.298ns})
  Destination:            u_system/u_replay/g_array.u_array/g_output_pipe.acc_row_reg[2060]/D
                            (rising edge-triggered cell FDCE clocked by clk  {rise@0.000ns fall@1.649ns period=3.298ns})
  Path Group:             clk
  Path Type:              Setup (Max at Slow Process Corner)
  Requirement:            3.298ns  (clk rise@3.298ns - clk rise@0.000ns)
  Data Path Delay:        3.294ns  (logic 0.146ns (4.432%)  route 3.148ns (95.568%))
  Logic Levels:           1  (MUXF8=1)
  Clock Path Skew:        0.181ns (DCD - SCD + CPR)
    Destination Clock Delay (DCD):    2.144ns = ( 5.442 - 3.298 ) 
    Source Clock Delay      (SCD):    2.268ns
    Clock Pessimism Removal (CPR):    0.305ns
  Clock Uncertainty:      0.085ns  ((TSJ^2 + TIJ^2)^1/2 + DJ) / 2 + PE + UU
    Total System Jitter     (TSJ):    0.071ns
    Total Input Jitter      (TIJ):    0.000ns
    Discrete Jitter          (DJ):    0.000ns
    Phase Error              (PE):    0.000ns
    User Uncertainty         (UU):    0.050ns
  Clock Net Delay (Source):      1.339ns (routing 0.171ns, distribution 1.168ns)
  Clock Net Delay (Destination): 1.504ns (routing 0.155ns, distribution 1.349ns)

    Location             Delay type                Incr(ns)  Path(ns)    Netlist Resource(s)
  -------------------------------------------------------------------    -------------------
                         (clock clk rise edge)        0.000     0.000 r  
    AJ20                                              0.000     0.000 r  clk (IN)
                         net (fo=0)                   0.000     0.000    clk_IBUF_inst/I
    AJ20                 INBUF (Prop_INBUF_HPIOB_M_PAD_O)
                                                      0.565     0.565 r  clk_IBUF_inst/INBUF_INST/O
                         net (fo=1, routed)           0.000     0.565    clk_IBUF_inst/OUT
    AJ20                 IBUFCTRL (Prop_IBUFCTRL_HPIOB_M_I_O)
                                                      0.000     0.565 r  clk_IBUF_inst/IBUFCTRL_INST/O
                         net (fo=1, routed)           0.336     0.901    clk_IBUF
    BUFGCE_X1Y71         BUFGCE (Prop_BUFCE_BUFGCE_I_O)
                                                      0.028     0.929 r  clk_IBUF_BUFG_inst/O
    X2Y2 (CLOCK_ROOT)    net (fo=185544, routed)      1.339     2.268    u_system/u_replay/g_array.u_array/clk_IBUF_BUFG
    SLICE_X74Y209        FDCE                                         r  u_system/u_replay/g_array.u_array/drain_row_rep_r_reg[47]_rep__10/C
  -------------------------------------------------------------------    -------------------
    SLICE_X74Y209        FDCE (Prop_AFF_SLICEM_C_Q)
                                                      0.077     2.345 r  u_system/u_replay/g_array.u_array/drain_row_rep_r_reg[47]_rep__10/Q
                         net (fo=96, routed)          3.114     5.459    u_system/u_replay/g_array.u_array/u_array/u_ref/g_row[3].g_col[32].u_pe/g_output_pipe.acc_row_reg[2092]
    SLICE_X14Y309        MUXF8 (Prop_F8MUX_BOT_SLICEL_S_O)
                                                      0.069     5.528 r  u_system/u_replay/g_array.u_array/u_array/u_ref/g_row[3].g_col[32].u_pe/g_output_pipe.acc_row_reg[2060]_i_1/O
                         net (fo=1, routed)           0.034     5.562    u_system/u_replay/g_array.u_array/acc_row_i[2060]
    SLICE_X14Y309        FDCE                                         r  u_system/u_replay/g_array.u_array/g_output_pipe.acc_row_reg[2060]/D
  -------------------------------------------------------------------    -------------------

                         (clock clk rise edge)        3.298     3.298 r  
    AJ20                                              0.000     3.298 r  clk (IN)
                         net (fo=0)                   0.000     3.298    clk_IBUF_inst/I
    AJ20                 INBUF (Prop_INBUF_HPIOB_M_PAD_O)
                                                      0.315     3.613 r  clk_IBUF_inst/INBUF_INST/O
                         net (fo=1, routed)           0.000     3.613    clk_IBUF_inst/OUT
    AJ20                 IBUFCTRL (Prop_IBUFCTRL_HPIOB_M_I_O)
                                                      0.000     3.613 r  clk_IBUF_inst/IBUFCTRL_INST/O
                         net (fo=1, routed)           0.301     3.914    clk_IBUF
    BUFGCE_X1Y71         BUFGCE (Prop_BUFCE_BUFGCE_I_O)
                                                      0.024     3.938 r  clk_IBUF_BUFG_inst/O
    X2Y2 (CLOCK_ROOT)    net (fo=185544, routed)      1.504     5.442    u_system/u_replay/g_array.u_array/clk_IBUF_BUFG
    SLICE_X14Y309        FDCE                                         r  u_system/u_replay/g_array.u_array/g_output_pipe.acc_row_reg[2060]/C
                         clock pessimism              0.305     5.747    
                         clock uncertainty           -0.085     5.662    
    SLICE_X14Y309        FDCE (Setup_CFF_SLICEL_C_D)
                                                      0.025     5.687    u_system/u_replay/g_array.u_array/g_output_pipe.acc_row_reg[2060]
  -------------------------------------------------------------------
                         required time                          5.687    
                         arrival time                          -5.562    
  -------------------------------------------------------------------
                         slack                                  0.125    

Slack (MET) :             0.131ns  (required time - arrival time)
  Source:                 u_system/u_replay/g_array.u_array/drain_row_rep_r_reg[47]_rep__10/C
                            (rising edge-triggered cell FDCE clocked by clk  {rise@0.000ns fall@1.649ns period=3.298ns})
  Destination:            u_system/u_replay/g_array.u_array/g_output_pipe.acc_row_reg[2348]/D
                            (rising edge-triggered cell FDCE clocked by clk  {rise@0.000ns fall@1.649ns period=3.298ns})
  Path Group:             clk
  Path Type:              Setup (Max at Slow Process Corner)
  Requirement:            3.298ns  (clk rise@3.298ns - clk rise@0.000ns)
  Data Path Delay:        3.125ns  (logic 0.151ns (4.832%)  route 2.974ns (95.168%))
  Logic Levels:           1  (MUXF8=1)
  Clock Path Skew:        0.018ns (DCD - SCD + CPR)
    Destination Clock Delay (DCD):    1.981ns = ( 5.279 - 3.298 ) 
    Source Clock Delay      (SCD):    2.268ns
    Clock Pessimism Removal (CPR):    0.305ns
  Clock Uncertainty:      0.085ns  ((TSJ^2 + TIJ^2)^1/2 + DJ) / 2 + PE + UU
    Total System Jitter     (TSJ):    0.071ns
    Total Input Jitter      (TIJ):    0.000ns
    Discrete Jitter          (DJ):    0.000ns
    Phase Error              (PE):    0.000ns
    User Uncertainty         (UU):    0.050ns
  Clock Net Delay (Source):      1.339ns (routing 0.171ns, distribution 1.168ns)
  Clock Net Delay (Destination): 1.341ns (routing 0.155ns, distribution 1.186ns)

    Location             Delay type                Incr(ns)  Path(ns)    Netlist Resource(s)
  -------------------------------------------------------------------    -------------------
                         (clock clk rise edge)        0.000     0.000 r  
    AJ20                                              0.000     0.000 r  clk (IN)
                         net (fo=0)                   0.000     0.000    clk_IBUF_inst/I
    AJ20                 INBUF (Prop_INBUF_HPIOB_M_PAD_O)
                                                      0.565     0.565 r  clk_IBUF_inst/INBUF_INST/O
                         net (fo=1, routed)           0.000     0.565    clk_IBUF_inst/OUT
    AJ20                 IBUFCTRL (Prop_IBUFCTRL_HPIOB_M_I_O)
                                                      0.000     0.565 r  clk_IBUF_inst/IBUFCTRL_INST/O
                         net (fo=1, routed)           0.336     0.901    clk_IBUF
    BUFGCE_X1Y71         BUFGCE (Prop_BUFCE_BUFGCE_I_O)
                                                      0.028     0.929 r  clk_IBUF_BUFG_inst/O
    X2Y2 (CLOCK_ROOT)    net (fo=185544, routed)      1.339     2.268    u_system/u_replay/g_array.u_array/clk_IBUF_BUFG
    SLICE_X74Y209        FDCE                                         r  u_system/u_replay/g_array.u_array/drain_row_rep_r_reg[47]_rep__10/C
  -------------------------------------------------------------------    -------------------
    SLICE_X74Y209        FDCE (Prop_AFF_SLICEM_C_Q)
                                                      0.077     2.345 r  u_system/u_replay/g_array.u_array/drain_row_rep_r_reg[47]_rep__10/Q
                         net (fo=96, routed)          2.934     5.279    u_system/u_replay/g_array.u_array/u_array/u_ref/g_row[3].g_col[36].u_pe/g_output_pipe.acc_row_reg[2316]
    SLICE_X49Y348        MUXF8 (Prop_F8MUX_TOP_SLICEM_S_O)
                                                      0.074     5.353 r  u_system/u_replay/g_array.u_array/u_array/u_ref/g_row[3].g_col[36].u_pe/g_output_pipe.acc_row_reg[2348]_i_1/O
                         net (fo=1, routed)           0.040     5.393    u_system/u_replay/g_array.u_array/acc_row_i[2348]
    SLICE_X49Y348        FDCE                                         r  u_system/u_replay/g_array.u_array/g_output_pipe.acc_row_reg[2348]/D
  -------------------------------------------------------------------    -------------------

                         (clock clk rise edge)        3.298     3.298 r  
    AJ20                                              0.000     3.298 r  clk (IN)
                         net (fo=0)                   0.000     3.298    clk_IBUF_inst/I
    AJ20                 INBUF (Prop_INBUF_HPIOB_M_PAD_O)
                                                      0.315     3.613 r  clk_IBUF_inst/INBUF_INST/O
                         net (fo=1, routed)           0.000     3.613    clk_IBUF_inst/OUT
    AJ20                 IBUFCTRL (Prop_IBUFCTRL_HPIOB_M_I_O)
                                                      0.000     3.613 r  clk_IBUF_inst/IBUFCTRL_INST/O
                         net (fo=1, routed)           0.301     3.914    clk_IBUF
    BUFGCE_X1Y71         BUFGCE (Prop_BUFCE_BUFGCE_I_O)
                                                      0.024     3.938 r  clk_IBUF_BUFG_inst/O
    X2Y2 (CLOCK_ROOT)    net (fo=185544, routed)      1.341     5.279    u_system/u_replay/g_array.u_array/clk_IBUF_BUFG
    SLICE_X49Y348        FDCE                                         r  u_system/u_replay/g_array.u_array/g_output_pipe.acc_row_reg[2348]/C
                         clock pessimism              0.305     5.584    
                         clock uncertainty           -0.085     5.499    
    SLICE_X49Y348        FDCE (Setup_GFF_SLICEM_C_D)
                                                      0.025     5.524    u_system/u_replay/g_array.u_array/g_output_pipe.acc_row_reg[2348]
  -------------------------------------------------------------------
                         required time                          5.524    
                         arrival time                          -5.393    
  -------------------------------------------------------------------
                         slack                                  0.131    

Slack (MET) :             0.136ns  (required time - arrival time)
  Source:                 u_system/u_replay/g_array.u_array/drain_row_rep_r_reg[47]_rep__3/C
                            (rising edge-triggered cell FDCE clocked by clk  {rise@0.000ns fall@1.649ns period=3.298ns})
  Destination:            u_system/u_replay/g_array.u_array/g_output_pipe.acc_row_reg[1733]/D
                            (rising edge-triggered cell FDCE clocked by clk  {rise@0.000ns fall@1.649ns period=3.298ns})
  Path Group:             clk
  Path Type:              Setup (Max at Slow Process Corner)
  Requirement:            3.298ns  (clk rise@3.298ns - clk rise@0.000ns)
  Data Path Delay:        3.113ns  (logic 0.151ns (4.851%)  route 2.962ns (95.149%))
  Logic Levels:           1  (MUXF8=1)
  Clock Path Skew:        0.011ns (DCD - SCD + CPR)
    Destination Clock Delay (DCD):    2.059ns = ( 5.357 - 3.298 ) 
    Source Clock Delay      (SCD):    2.353ns
    Clock Pessimism Removal (CPR):    0.305ns
  Clock Uncertainty:      0.085ns  ((TSJ^2 + TIJ^2)^1/2 + DJ) / 2 + PE + UU
    Total System Jitter     (TSJ):    0.071ns
    Total Input Jitter      (TIJ):    0.000ns
    Discrete Jitter          (DJ):    0.000ns
    Phase Error              (PE):    0.000ns
    User Uncertainty         (UU):    0.050ns
  Clock Net Delay (Source):      1.424ns (routing 0.171ns, distribution 1.253ns)
  Clock Net Delay (Destination): 1.419ns (routing 0.155ns, distribution 1.264ns)

    Location             Delay type                Incr(ns)  Path(ns)    Netlist Resource(s)
  -------------------------------------------------------------------    -------------------
                         (clock clk rise edge)        0.000     0.000 r  
    AJ20                                              0.000     0.000 r  clk (IN)
                         net (fo=0)                   0.000     0.000    clk_IBUF_inst/I
    AJ20                 INBUF (Prop_INBUF_HPIOB_M_PAD_O)
                                                      0.565     0.565 r  clk_IBUF_inst/INBUF_INST/O
                         net (fo=1, routed)           0.000     0.565    clk_IBUF_inst/OUT
    AJ20                 IBUFCTRL (Prop_IBUFCTRL_HPIOB_M_I_O)
                                                      0.000     0.565 r  clk_IBUF_inst/IBUFCTRL_INST/O
                         net (fo=1, routed)           0.336     0.901    clk_IBUF
    BUFGCE_X1Y71         BUFGCE (Prop_BUFCE_BUFGCE_I_O)
                                                      0.028     0.929 r  clk_IBUF_BUFG_inst/O
    X2Y2 (CLOCK_ROOT)    net (fo=185544, routed)      1.424     2.353    u_system/u_replay/g_array.u_array/clk_IBUF_BUFG
    SLICE_X93Y225        FDCE                                         r  u_system/u_replay/g_array.u_array/drain_row_rep_r_reg[47]_rep__3/C
  -------------------------------------------------------------------    -------------------
    SLICE_X93Y225        FDCE (Prop_AFF_SLICEM_C_Q)
                                                      0.077     2.430 r  u_system/u_replay/g_array.u_array/drain_row_rep_r_reg[47]_rep__3/Q
                         net (fo=96, routed)          2.923     5.353    u_system/u_replay/g_array.u_array/u_array/u_ref/g_row[3].g_col[27].u_pe/g_output_pipe.acc_row_reg[1765]
    SLICE_X31Y326        MUXF8 (Prop_F8MUX_BOT_SLICEM_S_O)
                                                      0.074     5.427 r  u_system/u_replay/g_array.u_array/u_array/u_ref/g_row[3].g_col[27].u_pe/g_output_pipe.acc_row_reg[1733]_i_1/O
                         net (fo=1, routed)           0.039     5.466    u_system/u_replay/g_array.u_array/acc_row_i[1733]
    SLICE_X31Y326        FDCE                                         r  u_system/u_replay/g_array.u_array/g_output_pipe.acc_row_reg[1733]/D
  -------------------------------------------------------------------    -------------------

                         (clock clk rise edge)        3.298     3.298 r  
    AJ20                                              0.000     3.298 r  clk (IN)
                         net (fo=0)                   0.000     3.298    clk_IBUF_inst/I
    AJ20                 INBUF (Prop_INBUF_HPIOB_M_PAD_O)
                                                      0.315     3.613 r  clk_IBUF_inst/INBUF_INST/O
                         net (fo=1, routed)           0.000     3.613    clk_IBUF_inst/OUT
    AJ20                 IBUFCTRL (Prop_IBUFCTRL_HPIOB_M_I_O)
                                                      0.000     3.613 r  clk_IBUF_inst/IBUFCTRL_INST/O
                         net (fo=1, routed)           0.301     3.914    clk_IBUF
    BUFGCE_X1Y71         BUFGCE (Prop_BUFCE_BUFGCE_I_O)
                                                      0.024     3.938 r  clk_IBUF_BUFG_inst/O
    X2Y2 (CLOCK_ROOT)    net (fo=185544, routed)      1.419     5.357    u_system/u_replay/g_array.u_array/clk_IBUF_BUFG
    SLICE_X31Y326        FDCE                                         r  u_system/u_replay/g_array.u_array/g_output_pipe.acc_row_reg[1733]/C
                         clock pessimism              0.305     5.662    
                         clock uncertainty           -0.085     5.577    
    SLICE_X31Y326        FDCE (Setup_CFF_SLICEM_C_D)
                                                      0.025     5.602    u_system/u_replay/g_array.u_array/g_output_pipe.acc_row_reg[1733]
  -------------------------------------------------------------------
                         required time                          5.602    
                         arrival time                          -5.466    
  -------------------------------------------------------------------
                         slack                                  0.136    

Slack (MET) :             0.138ns  (required time - arrival time)
  Source:                 u_system/u_replay/g_array.u_array/drain_row_rep_r_reg[47]_rep__19/C
                            (rising edge-triggered cell FDCE clocked by clk  {rise@0.000ns fall@1.649ns period=3.298ns})
  Destination:            u_system/u_replay/g_array.u_array/g_output_pipe.acc_row_reg[1013]/D
                            (rising edge-triggered cell FDCE clocked by clk  {rise@0.000ns fall@1.649ns period=3.298ns})
  Path Group:             clk
  Path Type:              Setup (Max at Slow Process Corner)
  Requirement:            3.298ns  (clk rise@3.298ns - clk rise@0.000ns)
  Data Path Delay:        2.818ns  (logic 0.153ns (5.429%)  route 2.665ns (94.571%))
  Logic Levels:           1  (MUXF8=1)
  Clock Path Skew:        -0.282ns (DCD - SCD + CPR)
    Destination Clock Delay (DCD):    1.788ns = ( 5.086 - 3.298 ) 
    Source Clock Delay      (SCD):    2.375ns
    Clock Pessimism Removal (CPR):    0.305ns
  Clock Uncertainty:      0.085ns  ((TSJ^2 + TIJ^2)^1/2 + DJ) / 2 + PE + UU
    Total System Jitter     (TSJ):    0.071ns
    Total Input Jitter      (TIJ):    0.000ns
    Discrete Jitter          (DJ):    0.000ns
    Phase Error              (PE):    0.000ns
    User Uncertainty         (UU):    0.050ns
  Clock Net Delay (Source):      1.446ns (routing 0.171ns, distribution 1.275ns)
  Clock Net Delay (Destination): 1.148ns (routing 0.155ns, distribution 0.993ns)

    Location             Delay type                Incr(ns)  Path(ns)    Netlist Resource(s)
  -------------------------------------------------------------------    -------------------
                         (clock clk rise edge)        0.000     0.000 r  
    AJ20                                              0.000     0.000 r  clk (IN)
                         net (fo=0)                   0.000     0.000    clk_IBUF_inst/I
    AJ20                 INBUF (Prop_INBUF_HPIOB_M_PAD_O)
                                                      0.565     0.565 r  clk_IBUF_inst/INBUF_INST/O
                         net (fo=1, routed)           0.000     0.565    clk_IBUF_inst/OUT
    AJ20                 IBUFCTRL (Prop_IBUFCTRL_HPIOB_M_I_O)
                                                      0.000     0.565 r  clk_IBUF_inst/IBUFCTRL_INST/O
                         net (fo=1, routed)           0.336     0.901    clk_IBUF
    BUFGCE_X1Y71         BUFGCE (Prop_BUFCE_BUFGCE_I_O)
                                                      0.028     0.929 r  clk_IBUF_BUFG_inst/O
    X2Y2 (CLOCK_ROOT)    net (fo=185544, routed)      1.446     2.375    u_system/u_replay/g_array.u_array/clk_IBUF_BUFG
    SLICE_X65Y228        FDCE                                         r  u_system/u_replay/g_array.u_array/drain_row_rep_r_reg[47]_rep__19/C
  -------------------------------------------------------------------    -------------------
    SLICE_X65Y228        FDCE (Prop_FFF_SLICEL_C_Q)
                                                      0.079     2.454 r  u_system/u_replay/g_array.u_array/drain_row_rep_r_reg[47]_rep__19/Q
                         net (fo=96, routed)          2.626     5.080    u_system/u_replay/g_array.u_array/u_array/u_ref/g_row[3].g_col[15].u_pe/g_output_pipe.acc_row_reg[1013]
    SLICE_X73Y83         MUXF8 (Prop_F8MUX_BOT_SLICEM_S_O)
                                                      0.074     5.154 r  u_system/u_replay/g_array.u_array/u_array/u_ref/g_row[3].g_col[15].u_pe/g_output_pipe.acc_row_reg[1013]_i_1/O
                         net (fo=1, routed)           0.039     5.193    u_system/u_replay/g_array.u_array/acc_row_i[1013]
    SLICE_X73Y83         FDCE                                         r  u_system/u_replay/g_array.u_array/g_output_pipe.acc_row_reg[1013]/D
  -------------------------------------------------------------------    -------------------

                         (clock clk rise edge)        3.298     3.298 r  
    AJ20                                              0.000     3.298 r  clk (IN)
                         net (fo=0)                   0.000     3.298    clk_IBUF_inst/I
    AJ20                 INBUF (Prop_INBUF_HPIOB_M_PAD_O)
                                                      0.315     3.613 r  clk_IBUF_inst/INBUF_INST/O
                         net (fo=1, routed)           0.000     3.613    clk_IBUF_inst/OUT
    AJ20                 IBUFCTRL (Prop_IBUFCTRL_HPIOB_M_I_O)
                                                      0.000     3.613 r  clk_IBUF_inst/IBUFCTRL_INST/O
                         net (fo=1, routed)           0.301     3.914    clk_IBUF
    BUFGCE_X1Y71         BUFGCE (Prop_BUFCE_BUFGCE_I_O)
                                                      0.024     3.938 r  clk_IBUF_BUFG_inst/O
    X2Y2 (CLOCK_ROOT)    net (fo=185544, routed)      1.148     5.086    u_system/u_replay/g_array.u_array/clk_IBUF_BUFG
    SLICE_X73Y83         FDCE                                         r  u_system/u_replay/g_array.u_array/g_output_pipe.acc_row_reg[1013]/C
                         clock pessimism              0.305     5.391    
                         clock uncertainty           -0.085     5.306    
    SLICE_X73Y83         FDCE (Setup_CFF_SLICEM_C_D)
                                                      0.025     5.331    u_system/u_replay/g_array.u_array/g_output_pipe.acc_row_reg[1013]
  -------------------------------------------------------------------
                         required time                          5.331    
                         arrival time                          -5.193    
  -------------------------------------------------------------------
                         slack                                  0.138    

Slack (MET) :             0.153ns  (required time - arrival time)
  Source:                 u_system/u_replay/g_array.u_array/drain_row_rep_r_reg[47]_rep__10/C
                            (rising edge-triggered cell FDCE clocked by clk  {rise@0.000ns fall@1.649ns period=3.298ns})
  Destination:            u_system/u_replay/g_array.u_array/g_output_pipe.acc_row_reg[1932]/D
                            (rising edge-triggered cell FDCE clocked by clk  {rise@0.000ns fall@1.649ns period=3.298ns})
  Path Group:             clk
  Path Type:              Setup (Max at Slow Process Corner)
  Requirement:            3.298ns  (clk rise@3.298ns - clk rise@0.000ns)
  Data Path Delay:        3.203ns  (logic 0.146ns (4.558%)  route 3.057ns (95.442%))
  Logic Levels:           1  (MUXF8=1)
  Clock Path Skew:        0.118ns (DCD - SCD + CPR)
    Destination Clock Delay (DCD):    2.081ns = ( 5.379 - 3.298 ) 
    Source Clock Delay      (SCD):    2.268ns
    Clock Pessimism Removal (CPR):    0.305ns
  Clock Uncertainty:      0.085ns  ((TSJ^2 + TIJ^2)^1/2 + DJ) / 2 + PE + UU
    Total System Jitter     (TSJ):    0.071ns
    Total Input Jitter      (TIJ):    0.000ns
    Discrete Jitter          (DJ):    0.000ns
    Phase Error              (PE):    0.000ns
    User Uncertainty         (UU):    0.050ns
  Clock Net Delay (Source):      1.339ns (routing 0.171ns, distribution 1.168ns)
  Clock Net Delay (Destination): 1.441ns (routing 0.155ns, distribution 1.286ns)

    Location             Delay type                Incr(ns)  Path(ns)    Netlist Resource(s)
  -------------------------------------------------------------------    -------------------
                         (clock clk rise edge)        0.000     0.000 r  
    AJ20                                              0.000     0.000 r  clk (IN)
                         net (fo=0)                   0.000     0.000    clk_IBUF_inst/I
    AJ20                 INBUF (Prop_INBUF_HPIOB_M_PAD_O)
                                                      0.565     0.565 r  clk_IBUF_inst/INBUF_INST/O
                         net (fo=1, routed)           0.000     0.565    clk_IBUF_inst/OUT
    AJ20                 IBUFCTRL (Prop_IBUFCTRL_HPIOB_M_I_O)
                                                      0.000     0.565 r  clk_IBUF_inst/IBUFCTRL_INST/O
                         net (fo=1, routed)           0.336     0.901    clk_IBUF
    BUFGCE_X1Y71         BUFGCE (Prop_BUFCE_BUFGCE_I_O)
                                                      0.028     0.929 r  clk_IBUF_BUFG_inst/O
    X2Y2 (CLOCK_ROOT)    net (fo=185544, routed)      1.339     2.268    u_system/u_replay/g_array.u_array/clk_IBUF_BUFG
    SLICE_X74Y209        FDCE                                         r  u_system/u_replay/g_array.u_array/drain_row_rep_r_reg[47]_rep__10/C
  -------------------------------------------------------------------    -------------------
    SLICE_X74Y209        FDCE (Prop_AFF_SLICEM_C_Q)
                                                      0.077     2.345 r  u_system/u_replay/g_array.u_array/drain_row_rep_r_reg[47]_rep__10/Q
                         net (fo=96, routed)          3.023     5.368    u_system/u_replay/g_array.u_array/u_array/u_ref/g_row[3].g_col[30].u_pe/g_output_pipe.acc_row_reg[1964]
    SLICE_X18Y334        MUXF8 (Prop_F8MUX_TOP_SLICEL_S_O)
                                                      0.069     5.437 r  u_system/u_replay/g_array.u_array/u_array/u_ref/g_row[3].g_col[30].u_pe/g_output_pipe.acc_row_reg[1932]_i_1/O
                         net (fo=1, routed)           0.034     5.471    u_system/u_replay/g_array.u_array/acc_row_i[1932]
    SLICE_X18Y334        FDCE                                         r  u_system/u_replay/g_array.u_array/g_output_pipe.acc_row_reg[1932]/D
  -------------------------------------------------------------------    -------------------

                         (clock clk rise edge)        3.298     3.298 r  
    AJ20                                              0.000     3.298 r  clk (IN)
                         net (fo=0)                   0.000     3.298    clk_IBUF_inst/I
    AJ20                 INBUF (Prop_INBUF_HPIOB_M_PAD_O)
                                                      0.315     3.613 r  clk_IBUF_inst/INBUF_INST/O
                         net (fo=1, routed)           0.000     3.613    clk_IBUF_inst/OUT
    AJ20                 IBUFCTRL (Prop_IBUFCTRL_HPIOB_M_I_O)
                                                      0.000     3.613 r  clk_IBUF_inst/IBUFCTRL_INST/O
                         net (fo=1, routed)           0.301     3.914    clk_IBUF
    BUFGCE_X1Y71         BUFGCE (Prop_BUFCE_BUFGCE_I_O)
                                                      0.024     3.938 r  clk_IBUF_BUFG_inst/O
    X2Y2 (CLOCK_ROOT)    net (fo=185544, routed)      1.441     5.379    u_system/u_replay/g_array.u_array/clk_IBUF_BUFG
    SLICE_X18Y334        FDCE                                         r  u_system/u_replay/g_array.u_array/g_output_pipe.acc_row_reg[1932]/C
                         clock pessimism              0.305     5.684    
                         clock uncertainty           -0.085     5.599    
    SLICE_X18Y334        FDCE (Setup_GFF_SLICEL_C_D)
                                                      0.025     5.624    u_system/u_replay/g_array.u_array/g_output_pipe.acc_row_reg[1932]
  -------------------------------------------------------------------
                         required time                          5.624    
                         arrival time                          -5.471    
  -------------------------------------------------------------------
                         slack                                  0.153    

Slack (MET) :             0.154ns  (required time - arrival time)
  Source:                 u_system/u_replay/g_array.u_array/drain_row_rep_r_reg[47]_rep__8/C
                            (rising edge-triggered cell FDCE clocked by clk  {rise@0.000ns fall@1.649ns period=3.298ns})
  Destination:            u_system/u_replay/g_array.u_array/g_output_pipe.acc_row_reg[1962]/D
                            (rising edge-triggered cell FDCE clocked by clk  {rise@0.000ns fall@1.649ns period=3.298ns})
  Path Group:             clk
  Path Type:              Setup (Max at Slow Process Corner)
  Requirement:            3.298ns  (clk rise@3.298ns - clk rise@0.000ns)
  Data Path Delay:        3.229ns  (logic 0.148ns (4.583%)  route 3.081ns (95.417%))
  Logic Levels:           1  (MUXF8=1)
  Clock Path Skew:        0.145ns (DCD - SCD + CPR)
    Destination Clock Delay (DCD):    2.091ns = ( 5.389 - 3.298 ) 
    Source Clock Delay      (SCD):    2.251ns
    Clock Pessimism Removal (CPR):    0.305ns
  Clock Uncertainty:      0.085ns  ((TSJ^2 + TIJ^2)^1/2 + DJ) / 2 + PE + UU
    Total System Jitter     (TSJ):    0.071ns
    Total Input Jitter      (TIJ):    0.000ns
    Discrete Jitter          (DJ):    0.000ns
    Phase Error              (PE):    0.000ns
    User Uncertainty         (UU):    0.050ns
  Clock Net Delay (Source):      1.322ns (routing 0.171ns, distribution 1.151ns)
  Clock Net Delay (Destination): 1.451ns (routing 0.155ns, distribution 1.296ns)

    Location             Delay type                Incr(ns)  Path(ns)    Netlist Resource(s)
  -------------------------------------------------------------------    -------------------
                         (clock clk rise edge)        0.000     0.000 r  
    AJ20                                              0.000     0.000 r  clk (IN)
                         net (fo=0)                   0.000     0.000    clk_IBUF_inst/I
    AJ20                 INBUF (Prop_INBUF_HPIOB_M_PAD_O)
                                                      0.565     0.565 r  clk_IBUF_inst/INBUF_INST/O
                         net (fo=1, routed)           0.000     0.565    clk_IBUF_inst/OUT
    AJ20                 IBUFCTRL (Prop_IBUFCTRL_HPIOB_M_I_O)
                                                      0.000     0.565 r  clk_IBUF_inst/IBUFCTRL_INST/O
                         net (fo=1, routed)           0.336     0.901    clk_IBUF
    BUFGCE_X1Y71         BUFGCE (Prop_BUFCE_BUFGCE_I_O)
                                                      0.028     0.929 r  clk_IBUF_BUFG_inst/O
    X2Y2 (CLOCK_ROOT)    net (fo=185544, routed)      1.322     2.251    u_system/u_replay/g_array.u_array/clk_IBUF_BUFG
    SLICE_X68Y216        FDCE                                         r  u_system/u_replay/g_array.u_array/drain_row_rep_r_reg[47]_rep__8/C
  -------------------------------------------------------------------    -------------------
    SLICE_X68Y216        FDCE (Prop_AFF_SLICEL_C_Q)
                                                      0.079     2.330 r  u_system/u_replay/g_array.u_array/drain_row_rep_r_reg[47]_rep__8/Q
                         net (fo=96, routed)          3.047     5.377    u_system/u_replay/g_array.u_array/u_array/u_ref/g_row[3].g_col[30].u_pe/g_output_pipe.acc_row_reg[1962]
    SLICE_X20Y321        MUXF8 (Prop_F8MUX_BOT_SLICEL_S_O)
                                                      0.069     5.446 r  u_system/u_replay/g_array.u_array/u_array/u_ref/g_row[3].g_col[30].u_pe/g_output_pipe.acc_row_reg[1962]_i_1/O
                         net (fo=1, routed)           0.034     5.480    u_system/u_replay/g_array.u_array/acc_row_i[1962]
    SLICE_X20Y321        FDCE                                         r  u_system/u_replay/g_array.u_array/g_output_pipe.acc_row_reg[1962]/D
  -------------------------------------------------------------------    -------------------

                         (clock clk rise edge)        3.298     3.298 r  
    AJ20                                              0.000     3.298 r  clk (IN)
                         net (fo=0)                   0.000     3.298    clk_IBUF_inst/I
    AJ20                 INBUF (Prop_INBUF_HPIOB_M_PAD_O)
                                                      0.315     3.613 r  clk_IBUF_inst/INBUF_INST/O
                         net (fo=1, routed)           0.000     3.613    clk_IBUF_inst/OUT
    AJ20                 IBUFCTRL (Prop_IBUFCTRL_HPIOB_M_I_O)
                                                      0.000     3.613 r  clk_IBUF_inst/IBUFCTRL_INST/O
                         net (fo=1, routed)           0.301     3.914    clk_IBUF
    BUFGCE_X1Y71         BUFGCE (Prop_BUFCE_BUFGCE_I_O)
                                                      0.024     3.938 r  clk_IBUF_BUFG_inst/O
    X2Y2 (CLOCK_ROOT)    net (fo=185544, routed)      1.451     5.389    u_system/u_replay/g_array.u_array/clk_IBUF_BUFG
    SLICE_X20Y321        FDCE                                         r  u_system/u_replay/g_array.u_array/g_output_pipe.acc_row_reg[1962]/C
                         clock pessimism              0.305     5.694    
                         clock uncertainty           -0.085     5.609    
    SLICE_X20Y321        FDCE (Setup_CFF_SLICEL_C_D)
                                                      0.025     5.634    u_system/u_replay/g_array.u_array/g_output_pipe.acc_row_reg[1962]
  -------------------------------------------------------------------
                         required time                          5.634    
                         arrival time                          -5.480    
  -------------------------------------------------------------------
                         slack                                  0.154    

Slack (MET) :             0.155ns  (required time - arrival time)
  Source:                 u_system/u_replay/g_array.u_array/drain_row_rep_r_reg[47]_rep__8/C
                            (rising edge-triggered cell FDCE clocked by clk  {rise@0.000ns fall@1.649ns period=3.298ns})
  Destination:            u_system/u_replay/g_array.u_array/g_output_pipe.acc_row_reg[2954]/D
                            (rising edge-triggered cell FDCE clocked by clk  {rise@0.000ns fall@1.649ns period=3.298ns})
  Path Group:             clk
  Path Type:              Setup (Max at Slow Process Corner)
  Requirement:            3.298ns  (clk rise@3.298ns - clk rise@0.000ns)
  Data Path Delay:        3.125ns  (logic 0.148ns (4.736%)  route 2.977ns (95.264%))
  Logic Levels:           1  (MUXF8=1)
  Clock Path Skew:        0.042ns (DCD - SCD + CPR)
    Destination Clock Delay (DCD):    1.988ns = ( 5.286 - 3.298 ) 
    Source Clock Delay      (SCD):    2.251ns
    Clock Pessimism Removal (CPR):    0.305ns
  Clock Uncertainty:      0.085ns  ((TSJ^2 + TIJ^2)^1/2 + DJ) / 2 + PE + UU
    Total System Jitter     (TSJ):    0.071ns
    Total Input Jitter      (TIJ):    0.000ns
    Discrete Jitter          (DJ):    0.000ns
    Phase Error              (PE):    0.000ns
    User Uncertainty         (UU):    0.050ns
  Clock Net Delay (Source):      1.322ns (routing 0.171ns, distribution 1.151ns)
  Clock Net Delay (Destination): 1.348ns (routing 0.155ns, distribution 1.193ns)

    Location             Delay type                Incr(ns)  Path(ns)    Netlist Resource(s)
  -------------------------------------------------------------------    -------------------
                         (clock clk rise edge)        0.000     0.000 r  
    AJ20                                              0.000     0.000 r  clk (IN)
                         net (fo=0)                   0.000     0.000    clk_IBUF_inst/I
    AJ20                 INBUF (Prop_INBUF_HPIOB_M_PAD_O)
                                                      0.565     0.565 r  clk_IBUF_inst/INBUF_INST/O
                         net (fo=1, routed)           0.000     0.565    clk_IBUF_inst/OUT
    AJ20                 IBUFCTRL (Prop_IBUFCTRL_HPIOB_M_I_O)
                                                      0.000     0.565 r  clk_IBUF_inst/IBUFCTRL_INST/O
                         net (fo=1, routed)           0.336     0.901    clk_IBUF
    BUFGCE_X1Y71         BUFGCE (Prop_BUFCE_BUFGCE_I_O)
                                                      0.028     0.929 r  clk_IBUF_BUFG_inst/O
    X2Y2 (CLOCK_ROOT)    net (fo=185544, routed)      1.322     2.251    u_system/u_replay/g_array.u_array/clk_IBUF_BUFG
    SLICE_X68Y216        FDCE                                         r  u_system/u_replay/g_array.u_array/drain_row_rep_r_reg[47]_rep__8/C
  -------------------------------------------------------------------    -------------------
    SLICE_X68Y216        FDCE (Prop_AFF_SLICEL_C_Q)
                                                      0.079     2.330 r  u_system/u_replay/g_array.u_array/drain_row_rep_r_reg[47]_rep__8/Q
                         net (fo=96, routed)          2.943     5.273    u_system/u_replay/g_array.u_array/u_array/u_ref/g_row[3].g_col[46].u_pe/g_output_pipe.acc_row_reg[2986]
    SLICE_X110Y343       MUXF8 (Prop_F8MUX_BOT_SLICEL_S_O)
                                                      0.069     5.342 r  u_system/u_replay/g_array.u_array/u_array/u_ref/g_row[3].g_col[46].u_pe/g_output_pipe.acc_row_reg[2954]_i_1/O
                         net (fo=1, routed)           0.034     5.376    u_system/u_replay/g_array.u_array/acc_row_i[2954]
    SLICE_X110Y343       FDCE                                         r  u_system/u_replay/g_array.u_array/g_output_pipe.acc_row_reg[2954]/D
  -------------------------------------------------------------------    -------------------

                         (clock clk rise edge)        3.298     3.298 r  
    AJ20                                              0.000     3.298 r  clk (IN)
                         net (fo=0)                   0.000     3.298    clk_IBUF_inst/I
    AJ20                 INBUF (Prop_INBUF_HPIOB_M_PAD_O)
                                                      0.315     3.613 r  clk_IBUF_inst/INBUF_INST/O
                         net (fo=1, routed)           0.000     3.613    clk_IBUF_inst/OUT
    AJ20                 IBUFCTRL (Prop_IBUFCTRL_HPIOB_M_I_O)
                                                      0.000     3.613 r  clk_IBUF_inst/IBUFCTRL_INST/O
                         net (fo=1, routed)           0.301     3.914    clk_IBUF
    BUFGCE_X1Y71         BUFGCE (Prop_BUFCE_BUFGCE_I_O)
                                                      0.024     3.938 r  clk_IBUF_BUFG_inst/O
    X2Y2 (CLOCK_ROOT)    net (fo=185544, routed)      1.348     5.286    u_system/u_replay/g_array.u_array/clk_IBUF_BUFG
    SLICE_X110Y343       FDCE                                         r  u_system/u_replay/g_array.u_array/g_output_pipe.acc_row_reg[2954]/C
                         clock pessimism              0.305     5.591    
                         clock uncertainty           -0.085     5.506    
    SLICE_X110Y343       FDCE (Setup_CFF_SLICEL_C_D)
                                                      0.025     5.531    u_system/u_replay/g_array.u_array/g_output_pipe.acc_row_reg[2954]
  -------------------------------------------------------------------
                         required time                          5.531    
                         arrival time                          -5.376    
  -------------------------------------------------------------------
                         slack                                  0.155    

Slack (MET) :             0.164ns  (required time - arrival time)
  Source:                 u_system/u_replay/g_array.u_array/drain_row_rep_r_reg[47]_rep__8/C
                            (rising edge-triggered cell FDCE clocked by clk  {rise@0.000ns fall@1.649ns period=3.298ns})
  Destination:            u_system/u_replay/g_array.u_array/g_output_pipe.acc_row_reg[1994]/D
                            (rising edge-triggered cell FDCE clocked by clk  {rise@0.000ns fall@1.649ns period=3.298ns})
  Path Group:             clk
  Path Type:              Setup (Max at Slow Process Corner)
  Requirement:            3.298ns  (clk rise@3.298ns - clk rise@0.000ns)
  Data Path Delay:        3.205ns  (logic 0.148ns (4.618%)  route 3.057ns (95.382%))
  Logic Levels:           1  (MUXF8=1)
  Clock Path Skew:        0.131ns (DCD - SCD + CPR)
    Destination Clock Delay (DCD):    2.077ns = ( 5.375 - 3.298 ) 
    Source Clock Delay      (SCD):    2.251ns
    Clock Pessimism Removal (CPR):    0.305ns
  Clock Uncertainty:      0.085ns  ((TSJ^2 + TIJ^2)^1/2 + DJ) / 2 + PE + UU
    Total System Jitter     (TSJ):    0.071ns
    Total Input Jitter      (TIJ):    0.000ns
    Discrete Jitter          (DJ):    0.000ns
    Phase Error              (PE):    0.000ns
    User Uncertainty         (UU):    0.050ns
  Clock Net Delay (Source):      1.322ns (routing 0.171ns, distribution 1.151ns)
  Clock Net Delay (Destination): 1.437ns (routing 0.155ns, distribution 1.282ns)

    Location             Delay type                Incr(ns)  Path(ns)    Netlist Resource(s)
  -------------------------------------------------------------------    -------------------
                         (clock clk rise edge)        0.000     0.000 r  
    AJ20                                              0.000     0.000 r  clk (IN)
                         net (fo=0)                   0.000     0.000    clk_IBUF_inst/I
    AJ20                 INBUF (Prop_INBUF_HPIOB_M_PAD_O)
                                                      0.565     0.565 r  clk_IBUF_inst/INBUF_INST/O
                         net (fo=1, routed)           0.000     0.565    clk_IBUF_inst/OUT
    AJ20                 IBUFCTRL (Prop_IBUFCTRL_HPIOB_M_I_O)
                                                      0.000     0.565 r  clk_IBUF_inst/IBUFCTRL_INST/O
                         net (fo=1, routed)           0.336     0.901    clk_IBUF
    BUFGCE_X1Y71         BUFGCE (Prop_BUFCE_BUFGCE_I_O)
                                                      0.028     0.929 r  clk_IBUF_BUFG_inst/O
    X2Y2 (CLOCK_ROOT)    net (fo=185544, routed)      1.322     2.251    u_system/u_replay/g_array.u_array/clk_IBUF_BUFG
    SLICE_X68Y216        FDCE                                         r  u_system/u_replay/g_array.u_array/drain_row_rep_r_reg[47]_rep__8/C
  -------------------------------------------------------------------    -------------------
    SLICE_X68Y216        FDCE (Prop_AFF_SLICEL_C_Q)
                                                      0.079     2.330 r  u_system/u_replay/g_array.u_array/drain_row_rep_r_reg[47]_rep__8/Q
                         net (fo=96, routed)          3.023     5.353    u_system/u_replay/g_array.u_array/u_array/u_ref/g_row[3].g_col[31].u_pe/g_output_pipe.acc_row_reg[2026]
    SLICE_X24Y315        MUXF8 (Prop_F8MUX_BOT_SLICEL_S_O)
                                                      0.069     5.422 r  u_system/u_replay/g_array.u_array/u_array/u_ref/g_row[3].g_col[31].u_pe/g_output_pipe.acc_row_reg[1994]_i_1/O
                         net (fo=1, routed)           0.034     5.456    u_system/u_replay/g_array.u_array/acc_row_i[1994]
    SLICE_X24Y315        FDCE                                         r  u_system/u_replay/g_array.u_array/g_output_pipe.acc_row_reg[1994]/D
  -------------------------------------------------------------------    -------------------

                         (clock clk rise edge)        3.298     3.298 r  
    AJ20                                              0.000     3.298 r  clk (IN)
                         net (fo=0)                   0.000     3.298    clk_IBUF_inst/I
    AJ20                 INBUF (Prop_INBUF_HPIOB_M_PAD_O)
                                                      0.315     3.613 r  clk_IBUF_inst/INBUF_INST/O
                         net (fo=1, routed)           0.000     3.613    clk_IBUF_inst/OUT
    AJ20                 IBUFCTRL (Prop_IBUFCTRL_HPIOB_M_I_O)
                                                      0.000     3.613 r  clk_IBUF_inst/IBUFCTRL_INST/O
                         net (fo=1, routed)           0.301     3.914    clk_IBUF
    BUFGCE_X1Y71         BUFGCE (Prop_BUFCE_BUFGCE_I_O)
                                                      0.024     3.938 r  clk_IBUF_BUFG_inst/O
    X2Y2 (CLOCK_ROOT)    net (fo=185544, routed)      1.437     5.375    u_system/u_replay/g_array.u_array/clk_IBUF_BUFG
    SLICE_X24Y315        FDCE                                         r  u_system/u_replay/g_array.u_array/g_output_pipe.acc_row_reg[1994]/C
                         clock pessimism              0.305     5.680    
                         clock uncertainty           -0.085     5.595    
    SLICE_X24Y315        FDCE (Setup_CFF_SLICEL_C_D)
                                                      0.025     5.620    u_system/u_replay/g_array.u_array/g_output_pipe.acc_row_reg[1994]
  -------------------------------------------------------------------
                         required time                          5.620    
                         arrival time                          -5.456    
  -------------------------------------------------------------------
                         slack                                  0.164    

Slack (MET) :             0.165ns  (required time - arrival time)
  Source:                 u_system/u_replay/g_array.u_array/drain_row_rep_r_reg[47]_rep__10/C
                            (rising edge-triggered cell FDCE clocked by clk  {rise@0.000ns fall@1.649ns period=3.298ns})
  Destination:            u_system/u_replay/g_array.u_array/g_output_pipe.acc_row_reg[1548]/D
                            (rising edge-triggered cell FDCE clocked by clk  {rise@0.000ns fall@1.649ns period=3.298ns})
  Path Group:             clk
  Path Type:              Setup (Max at Slow Process Corner)
  Requirement:            3.298ns  (clk rise@3.298ns - clk rise@0.000ns)
  Data Path Delay:        3.160ns  (logic 0.146ns (4.620%)  route 3.014ns (95.380%))
  Logic Levels:           1  (MUXF8=1)
  Clock Path Skew:        0.087ns (DCD - SCD + CPR)
    Destination Clock Delay (DCD):    2.050ns = ( 5.348 - 3.298 ) 
    Source Clock Delay      (SCD):    2.268ns
    Clock Pessimism Removal (CPR):    0.305ns
  Clock Uncertainty:      0.085ns  ((TSJ^2 + TIJ^2)^1/2 + DJ) / 2 + PE + UU
    Total System Jitter     (TSJ):    0.071ns
    Total Input Jitter      (TIJ):    0.000ns
    Discrete Jitter          (DJ):    0.000ns
    Phase Error              (PE):    0.000ns
    User Uncertainty         (UU):    0.050ns
  Clock Net Delay (Source):      1.339ns (routing 0.171ns, distribution 1.168ns)
  Clock Net Delay (Destination): 1.410ns (routing 0.155ns, distribution 1.255ns)

    Location             Delay type                Incr(ns)  Path(ns)    Netlist Resource(s)
  -------------------------------------------------------------------    -------------------
                         (clock clk rise edge)        0.000     0.000 r  
    AJ20                                              0.000     0.000 r  clk (IN)
                         net (fo=0)                   0.000     0.000    clk_IBUF_inst/I
    AJ20                 INBUF (Prop_INBUF_HPIOB_M_PAD_O)
                                                      0.565     0.565 r  clk_IBUF_inst/INBUF_INST/O
                         net (fo=1, routed)           0.000     0.565    clk_IBUF_inst/OUT
    AJ20                 IBUFCTRL (Prop_IBUFCTRL_HPIOB_M_I_O)
                                                      0.000     0.565 r  clk_IBUF_inst/IBUFCTRL_INST/O
                         net (fo=1, routed)           0.336     0.901    clk_IBUF
    BUFGCE_X1Y71         BUFGCE (Prop_BUFCE_BUFGCE_I_O)
                                                      0.028     0.929 r  clk_IBUF_BUFG_inst/O
    X2Y2 (CLOCK_ROOT)    net (fo=185544, routed)      1.339     2.268    u_system/u_replay/g_array.u_array/clk_IBUF_BUFG
    SLICE_X74Y209        FDCE                                         r  u_system/u_replay/g_array.u_array/drain_row_rep_r_reg[47]_rep__10/C
  -------------------------------------------------------------------    -------------------
    SLICE_X74Y209        FDCE (Prop_AFF_SLICEM_C_Q)
                                                      0.077     2.345 r  u_system/u_replay/g_array.u_array/drain_row_rep_r_reg[47]_rep__10/Q
                         net (fo=96, routed)          2.980     5.325    u_system/u_replay/g_array.u_array/u_array/u_ref/g_row[3].g_col[24].u_pe/g_output_pipe.acc_row_reg[1580]
    SLICE_X30Y279        MUXF8 (Prop_F8MUX_BOT_SLICEL_S_O)
                                                      0.069     5.394 r  u_system/u_replay/g_array.u_array/u_array/u_ref/g_row[3].g_col[24].u_pe/g_output_pipe.acc_row_reg[1548]_i_1/O
                         net (fo=1, routed)           0.034     5.428    u_system/u_replay/g_array.u_array/acc_row_i[1548]
    SLICE_X30Y279        FDCE                                         r  u_system/u_replay/g_array.u_array/g_output_pipe.acc_row_reg[1548]/D
  -------------------------------------------------------------------    -------------------

                         (clock clk rise edge)        3.298     3.298 r  
    AJ20                                              0.000     3.298 r  clk (IN)
                         net (fo=0)                   0.000     3.298    clk_IBUF_inst/I
    AJ20                 INBUF (Prop_INBUF_HPIOB_M_PAD_O)
                                                      0.315     3.613 r  clk_IBUF_inst/INBUF_INST/O
                         net (fo=1, routed)           0.000     3.613    clk_IBUF_inst/OUT
    AJ20                 IBUFCTRL (Prop_IBUFCTRL_HPIOB_M_I_O)
                                                      0.000     3.613 r  clk_IBUF_inst/IBUFCTRL_INST/O
                         net (fo=1, routed)           0.301     3.914    clk_IBUF
    BUFGCE_X1Y71         BUFGCE (Prop_BUFCE_BUFGCE_I_O)
                                                      0.024     3.938 r  clk_IBUF_BUFG_inst/O
    X2Y2 (CLOCK_ROOT)    net (fo=185544, routed)      1.410     5.348    u_system/u_replay/g_array.u_array/clk_IBUF_BUFG
    SLICE_X30Y279        FDCE                                         r  u_system/u_replay/g_array.u_array/g_output_pipe.acc_row_reg[1548]/C
                         clock pessimism              0.305     5.653    
                         clock uncertainty           -0.085     5.568    
    SLICE_X30Y279        FDCE (Setup_CFF_SLICEL_C_D)
                                                      0.025     5.593    u_system/u_replay/g_array.u_array/g_output_pipe.acc_row_reg[1548]
  -------------------------------------------------------------------
                         required time                          5.593    
                         arrival time                          -5.428    
  -------------------------------------------------------------------
                         slack                                  0.165    

Slack (MET) :             0.168ns  (required time - arrival time)
  Source:                 u_system/u_replay/g_array.u_array/drain_row_rep_r_reg[47]_rep__8/C
                            (rising edge-triggered cell FDCE clocked by clk  {rise@0.000ns fall@1.649ns period=3.298ns})
  Destination:            u_system/u_replay/g_array.u_array/g_output_pipe.acc_row_reg[2986]/D
                            (rising edge-triggered cell FDCE clocked by clk  {rise@0.000ns fall@1.649ns period=3.298ns})
  Path Group:             clk
  Path Type:              Setup (Max at Slow Process Corner)
  Requirement:            3.298ns  (clk rise@3.298ns - clk rise@0.000ns)
  Data Path Delay:        3.102ns  (logic 0.148ns (4.771%)  route 2.954ns (95.229%))
  Logic Levels:           1  (MUXF8=1)
  Clock Path Skew:        0.032ns (DCD - SCD + CPR)
    Destination Clock Delay (DCD):    1.978ns = ( 5.276 - 3.298 ) 
    Source Clock Delay      (SCD):    2.251ns
    Clock Pessimism Removal (CPR):    0.305ns
  Clock Uncertainty:      0.085ns  ((TSJ^2 + TIJ^2)^1/2 + DJ) / 2 + PE + UU
    Total System Jitter     (TSJ):    0.071ns
    Total Input Jitter      (TIJ):    0.000ns
    Discrete Jitter          (DJ):    0.000ns
    Phase Error              (PE):    0.000ns
    User Uncertainty         (UU):    0.050ns
  Clock Net Delay (Source):      1.322ns (routing 0.171ns, distribution 1.151ns)
  Clock Net Delay (Destination): 1.338ns (routing 0.155ns, distribution 1.183ns)

    Location             Delay type                Incr(ns)  Path(ns)    Netlist Resource(s)
  -------------------------------------------------------------------    -------------------
                         (clock clk rise edge)        0.000     0.000 r  
    AJ20                                              0.000     0.000 r  clk (IN)
                         net (fo=0)                   0.000     0.000    clk_IBUF_inst/I
    AJ20                 INBUF (Prop_INBUF_HPIOB_M_PAD_O)
                                                      0.565     0.565 r  clk_IBUF_inst/INBUF_INST/O
                         net (fo=1, routed)           0.000     0.565    clk_IBUF_inst/OUT
    AJ20                 IBUFCTRL (Prop_IBUFCTRL_HPIOB_M_I_O)
                                                      0.000     0.565 r  clk_IBUF_inst/IBUFCTRL_INST/O
                         net (fo=1, routed)           0.336     0.901    clk_IBUF
    BUFGCE_X1Y71         BUFGCE (Prop_BUFCE_BUFGCE_I_O)
                                                      0.028     0.929 r  clk_IBUF_BUFG_inst/O
    X2Y2 (CLOCK_ROOT)    net (fo=185544, routed)      1.322     2.251    u_system/u_replay/g_array.u_array/clk_IBUF_BUFG
    SLICE_X68Y216        FDCE                                         r  u_system/u_replay/g_array.u_array/drain_row_rep_r_reg[47]_rep__8/C
  -------------------------------------------------------------------    -------------------
    SLICE_X68Y216        FDCE (Prop_AFF_SLICEL_C_Q)
                                                      0.079     2.330 r  u_system/u_replay/g_array.u_array/drain_row_rep_r_reg[47]_rep__8/Q
                         net (fo=96, routed)          2.920     5.250    u_system/u_replay/g_array.u_array/u_array/u_ref/g_row[3].g_col[46].u_pe/g_output_pipe.acc_row_reg[2986]
    SLICE_X103Y346       MUXF8 (Prop_F8MUX_TOP_SLICEL_S_O)
                                                      0.069     5.319 r  u_system/u_replay/g_array.u_array/u_array/u_ref/g_row[3].g_col[46].u_pe/g_output_pipe.acc_row_reg[2986]_i_1/O
                         net (fo=1, routed)           0.034     5.353    u_system/u_replay/g_array.u_array/acc_row_i[2986]
    SLICE_X103Y346       FDCE                                         r  u_system/u_replay/g_array.u_array/g_output_pipe.acc_row_reg[2986]/D
  -------------------------------------------------------------------    -------------------

                         (clock clk rise edge)        3.298     3.298 r  
    AJ20                                              0.000     3.298 r  clk (IN)
                         net (fo=0)                   0.000     3.298    clk_IBUF_inst/I
    AJ20                 INBUF (Prop_INBUF_HPIOB_M_PAD_O)
                                                      0.315     3.613 r  clk_IBUF_inst/INBUF_INST/O
                         net (fo=1, routed)           0.000     3.613    clk_IBUF_inst/OUT
    AJ20                 IBUFCTRL (Prop_IBUFCTRL_HPIOB_M_I_O)
                                                      0.000     3.613 r  clk_IBUF_inst/IBUFCTRL_INST/O
                         net (fo=1, routed)           0.301     3.914    clk_IBUF
    BUFGCE_X1Y71         BUFGCE (Prop_BUFCE_BUFGCE_I_O)
                                                      0.024     3.938 r  clk_IBUF_BUFG_inst/O
    X2Y2 (CLOCK_ROOT)    net (fo=185544, routed)      1.338     5.276    u_system/u_replay/g_array.u_array/clk_IBUF_BUFG
    SLICE_X103Y346       FDCE                                         r  u_system/u_replay/g_array.u_array/g_output_pipe.acc_row_reg[2986]/C
                         clock pessimism              0.305     5.581    
                         clock uncertainty           -0.085     5.496    
    SLICE_X103Y346       FDCE (Setup_GFF_SLICEL_C_D)
                                                      0.025     5.521    u_system/u_replay/g_array.u_array/g_output_pipe.acc_row_reg[2986]
  -------------------------------------------------------------------
                         required time                          5.521    
                         arrival time                          -5.353    
  -------------------------------------------------------------------
                         slack                                  0.168    

Slack (MET) :             0.169ns  (required time - arrival time)
  Source:                 u_system/u_replay/g_array.u_array/u_array/u_ref/g_row[14].g_col[18].u_pe/u_mul/w0_s0_reg[2]/C
                            (rising edge-triggered cell FDRE clocked by clk  {rise@0.000ns fall@1.649ns period=3.298ns})
  Destination:            u_system/u_replay/g_array.u_array/u_array/u_ref/g_row[14].g_col[18].u_pe/u_mul/u_dsp/DSP_M_DATA_INST/U[10]
                            (rising edge-triggered cell DSP_M_DATA clocked by clk  {rise@0.000ns fall@1.649ns period=3.298ns})
  Path Group:             clk
  Path Type:              Setup (Max at Slow Process Corner)
  Requirement:            3.298ns  (clk rise@3.298ns - clk rise@0.000ns)
  Data Path Delay:        2.895ns  (logic 1.506ns (52.021%)  route 1.389ns (47.979%))
  Logic Levels:           4  (DSP_MULTIPLIER=1 DSP_PREADD=1 DSP_PREADD_DATA=2)
  Clock Path Skew:        -0.164ns (DCD - SCD + CPR)
    Destination Clock Delay (DCD):    1.791ns = ( 5.089 - 3.298 ) 
    Source Clock Delay      (SCD):    2.260ns
    Clock Pessimism Removal (CPR):    0.305ns
  Clock Uncertainty:      0.085ns  ((TSJ^2 + TIJ^2)^1/2 + DJ) / 2 + PE + UU
    Total System Jitter     (TSJ):    0.071ns
    Total Input Jitter      (TIJ):    0.000ns
    Discrete Jitter          (DJ):    0.000ns
    Phase Error              (PE):    0.000ns
    User Uncertainty         (UU):    0.050ns
  Clock Net Delay (Source):      1.331ns (routing 0.171ns, distribution 1.160ns)
  Clock Net Delay (Destination): 1.151ns (routing 0.155ns, distribution 0.996ns)

    Location             Delay type                Incr(ns)  Path(ns)    Netlist Resource(s)
  -------------------------------------------------------------------    -------------------
                         (clock clk rise edge)        0.000     0.000 r  
    AJ20                                              0.000     0.000 r  clk (IN)
                         net (fo=0)                   0.000     0.000    clk_IBUF_inst/I
    AJ20                 INBUF (Prop_INBUF_HPIOB_M_PAD_O)
                                                      0.565     0.565 r  clk_IBUF_inst/INBUF_INST/O
                         net (fo=1, routed)           0.000     0.565    clk_IBUF_inst/OUT
    AJ20                 IBUFCTRL (Prop_IBUFCTRL_HPIOB_M_I_O)
                                                      0.000     0.565 r  clk_IBUF_inst/IBUFCTRL_INST/O
                         net (fo=1, routed)           0.336     0.901    clk_IBUF
    BUFGCE_X1Y71         BUFGCE (Prop_BUFCE_BUFGCE_I_O)
                                                      0.028     0.929 r  clk_IBUF_BUFG_inst/O
    X2Y2 (CLOCK_ROOT)    net (fo=185544, routed)      1.331     2.260    u_system/u_replay/g_array.u_array/u_array/u_ref/g_row[14].g_col[18].u_pe/u_mul/clk_IBUF_BUFG
    SLICE_X80Y89         FDRE                                         r  u_system/u_replay/g_array.u_array/u_array/u_ref/g_row[14].g_col[18].u_pe/u_mul/w0_s0_reg[2]/C
  -------------------------------------------------------------------    -------------------
    SLICE_X80Y89         FDRE (Prop_BFF2_SLICEL_C_Q)
                                                      0.080     2.340 f  u_system/u_replay/g_array.u_array/u_array/u_ref/g_row[14].g_col[18].u_pe/u_mul/w0_s0_reg[2]/Q
                         net (fo=1, routed)           1.389     3.729    u_system/u_replay/g_array.u_array/u_array/u_ref/g_row[14].g_col[18].u_pe/u_mul/u_dsp/D[2]
    DSP48E2_X7Y57        DSP_PREADD_DATA (Prop_DSP_PREADD_DATA_DSP48E2_DIN[2]_D_DATA[2])
                                                      0.240     3.969 r  u_system/u_replay/g_array.u_array/u_array/u_ref/g_row[14].g_col[18].u_pe/u_mul/u_dsp/DSP_PREADD_DATA_INST/D_DATA[2]
                         net (fo=1, routed)           0.000     3.969    u_system/u_replay/g_array.u_array/u_array/u_ref/g_row[14].g_col[18].u_pe/u_mul/u_dsp/DSP_PREADD_DATA.D_DATA<2>
    DSP48E2_X7Y57        DSP_PREADD (Prop_DSP_PREADD_DSP48E2_D_DATA[2]_AD[9])
                                                      0.524     4.493 f  u_system/u_replay/g_array.u_array/u_array/u_ref/g_row[14].g_col[18].u_pe/u_mul/u_dsp/DSP_PREADD_INST/AD[9]
                         net (fo=1, routed)           0.000     4.493    u_system/u_replay/g_array.u_array/u_array/u_ref/g_row[14].g_col[18].u_pe/u_mul/u_dsp/DSP_PREADD.AD<9>
    DSP48E2_X7Y57        DSP_PREADD_DATA (Prop_DSP_PREADD_DATA_DSP48E2_AD[9]_AD_DATA[9])
                                                      0.050     4.543 r  u_system/u_replay/g_array.u_array/u_array/u_ref/g_row[14].g_col[18].u_pe/u_mul/u_dsp/DSP_PREADD_DATA_INST/AD_DATA[9]
                         net (fo=1, routed)           0.000     4.543    u_system/u_replay/g_array.u_array/u_array/u_ref/g_row[14].g_col[18].u_pe/u_mul/u_dsp/DSP_PREADD_DATA.AD_DATA<9>
    DSP48E2_X7Y57        DSP_MULTIPLIER (Prop_DSP_MULTIPLIER_DSP48E2_AD_DATA[9]_U[10])
                                                      0.612     5.155 r  u_system/u_replay/g_array.u_array/u_array/u_ref/g_row[14].g_col[18].u_pe/u_mul/u_dsp/DSP_MULTIPLIER_INST/U[10]
                         net (fo=1, routed)           0.000     5.155    u_system/u_replay/g_array.u_array/u_array/u_ref/g_row[14].g_col[18].u_pe/u_mul/u_dsp/DSP_MULTIPLIER.U<10>
    DSP48E2_X7Y57        DSP_M_DATA                                   r  u_system/u_replay/g_array.u_array/u_array/u_ref/g_row[14].g_col[18].u_pe/u_mul/u_dsp/DSP_M_DATA_INST/U[10]
  -------------------------------------------------------------------    -------------------

                         (clock clk rise edge)        3.298     3.298 r  
    AJ20                                              0.000     3.298 r  clk (IN)
                         net (fo=0)                   0.000     3.298    clk_IBUF_inst/I
    AJ20                 INBUF (Prop_INBUF_HPIOB_M_PAD_O)
                                                      0.315     3.613 r  clk_IBUF_inst/INBUF_INST/O
                         net (fo=1, routed)           0.000     3.613    clk_IBUF_inst/OUT
    AJ20                 IBUFCTRL (Prop_IBUFCTRL_HPIOB_M_I_O)
                                                      0.000     3.613 r  clk_IBUF_inst/IBUFCTRL_INST/O
                         net (fo=1, routed)           0.301     3.914    clk_IBUF
    BUFGCE_X1Y71         BUFGCE (Prop_BUFCE_BUFGCE_I_O)
                                                      0.024     3.938 r  clk_IBUF_BUFG_inst/O
    X2Y2 (CLOCK_ROOT)    net (fo=185544, routed)      1.151     5.089    u_system/u_replay/g_array.u_array/u_array/u_ref/g_row[14].g_col[18].u_pe/u_mul/u_dsp/CLK
    DSP48E2_X7Y57        DSP_M_DATA                                   r  u_system/u_replay/g_array.u_array/u_array/u_ref/g_row[14].g_col[18].u_pe/u_mul/u_dsp/DSP_M_DATA_INST/CLK
                         clock pessimism              0.305     5.394    
                         clock uncertainty           -0.085     5.309    
    DSP48E2_X7Y57        DSP_M_DATA (Setup_DSP_M_DATA_DSP48E2_CLK_U[10])
                                                      0.015     5.324    u_system/u_replay/g_array.u_array/u_array/u_ref/g_row[14].g_col[18].u_pe/u_mul/u_dsp/DSP_M_DATA_INST
  -------------------------------------------------------------------
                         required time                          5.324    
                         arrival time                          -5.155    
  -------------------------------------------------------------------
                         slack                                  0.169    

Slack (MET) :             0.169ns  (required time - arrival time)
  Source:                 u_system/u_replay/g_array.u_array/u_array/u_ref/g_row[14].g_col[18].u_pe/u_mul/w0_s0_reg[2]/C
                            (rising edge-triggered cell FDRE clocked by clk  {rise@0.000ns fall@1.649ns period=3.298ns})
  Destination:            u_system/u_replay/g_array.u_array/u_array/u_ref/g_row[14].g_col[18].u_pe/u_mul/u_dsp/DSP_M_DATA_INST/U[11]
                            (rising edge-triggered cell DSP_M_DATA clocked by clk  {rise@0.000ns fall@1.649ns period=3.298ns})
  Path Group:             clk
  Path Type:              Setup (Max at Slow Process Corner)
  Requirement:            3.298ns  (clk rise@3.298ns - clk rise@0.000ns)
  Data Path Delay:        2.895ns  (logic 1.506ns (52.021%)  route 1.389ns (47.979%))
  Logic Levels:           4  (DSP_MULTIPLIER=1 DSP_PREADD=1 DSP_PREADD_DATA=2)
  Clock Path Skew:        -0.164ns (DCD - SCD + CPR)
    Destination Clock Delay (DCD):    1.791ns = ( 5.089 - 3.298 ) 
    Source Clock Delay      (SCD):    2.260ns
    Clock Pessimism Removal (CPR):    0.305ns
  Clock Uncertainty:      0.085ns  ((TSJ^2 + TIJ^2)^1/2 + DJ) / 2 + PE + UU
    Total System Jitter     (TSJ):    0.071ns
    Total Input Jitter      (TIJ):    0.000ns
    Discrete Jitter          (DJ):    0.000ns
    Phase Error              (PE):    0.000ns
    User Uncertainty         (UU):    0.050ns
  Clock Net Delay (Source):      1.331ns (routing 0.171ns, distribution 1.160ns)
  Clock Net Delay (Destination): 1.151ns (routing 0.155ns, distribution 0.996ns)

    Location             Delay type                Incr(ns)  Path(ns)    Netlist Resource(s)
  -------------------------------------------------------------------    -------------------
                         (clock clk rise edge)        0.000     0.000 r  
    AJ20                                              0.000     0.000 r  clk (IN)
                         net (fo=0)                   0.000     0.000    clk_IBUF_inst/I
    AJ20                 INBUF (Prop_INBUF_HPIOB_M_PAD_O)
                                                      0.565     0.565 r  clk_IBUF_inst/INBUF_INST/O
                         net (fo=1, routed)           0.000     0.565    clk_IBUF_inst/OUT
    AJ20                 IBUFCTRL (Prop_IBUFCTRL_HPIOB_M_I_O)
                                                      0.000     0.565 r  clk_IBUF_inst/IBUFCTRL_INST/O
                         net (fo=1, routed)           0.336     0.901    clk_IBUF
    BUFGCE_X1Y71         BUFGCE (Prop_BUFCE_BUFGCE_I_O)
                                                      0.028     0.929 r  clk_IBUF_BUFG_inst/O
    X2Y2 (CLOCK_ROOT)    net (fo=185544, routed)      1.331     2.260    u_system/u_replay/g_array.u_array/u_array/u_ref/g_row[14].g_col[18].u_pe/u_mul/clk_IBUF_BUFG
    SLICE_X80Y89         FDRE                                         r  u_system/u_replay/g_array.u_array/u_array/u_ref/g_row[14].g_col[18].u_pe/u_mul/w0_s0_reg[2]/C
  -------------------------------------------------------------------    -------------------
    SLICE_X80Y89         FDRE (Prop_BFF2_SLICEL_C_Q)
                                                      0.080     2.340 f  u_system/u_replay/g_array.u_array/u_array/u_ref/g_row[14].g_col[18].u_pe/u_mul/w0_s0_reg[2]/Q
                         net (fo=1, routed)           1.389     3.729    u_system/u_replay/g_array.u_array/u_array/u_ref/g_row[14].g_col[18].u_pe/u_mul/u_dsp/D[2]
    DSP48E2_X7Y57        DSP_PREADD_DATA (Prop_DSP_PREADD_DATA_DSP48E2_DIN[2]_D_DATA[2])
                                                      0.240     3.969 r  u_system/u_replay/g_array.u_array/u_array/u_ref/g_row[14].g_col[18].u_pe/u_mul/u_dsp/DSP_PREADD_DATA_INST/D_DATA[2]
                         net (fo=1, routed)           0.000     3.969    u_system/u_replay/g_array.u_array/u_array/u_ref/g_row[14].g_col[18].u_pe/u_mul/u_dsp/DSP_PREADD_DATA.D_DATA<2>
    DSP48E2_X7Y57        DSP_PREADD (Prop_DSP_PREADD_DSP48E2_D_DATA[2]_AD[10])
                                                      0.524     4.493 f  u_system/u_replay/g_array.u_array/u_array/u_ref/g_row[14].g_col[18].u_pe/u_mul/u_dsp/DSP_PREADD_INST/AD[10]
                         net (fo=1, routed)           0.000     4.493    u_system/u_replay/g_array.u_array/u_array/u_ref/g_row[14].g_col[18].u_pe/u_mul/u_dsp/DSP_PREADD.AD<10>
    DSP48E2_X7Y57        DSP_PREADD_DATA (Prop_DSP_PREADD_DATA_DSP48E2_AD[10]_AD_DATA[10])
                                                      0.050     4.543 r  u_system/u_replay/g_array.u_array/u_array/u_ref/g_row[14].g_col[18].u_pe/u_mul/u_dsp/DSP_PREADD_DATA_INST/AD_DATA[10]
                         net (fo=1, routed)           0.000     4.543    u_system/u_replay/g_array.u_array/u_array/u_ref/g_row[14].g_col[18].u_pe/u_mul/u_dsp/DSP_PREADD_DATA.AD_DATA<10>
    DSP48E2_X7Y57        DSP_MULTIPLIER (Prop_DSP_MULTIPLIER_DSP48E2_AD_DATA[10]_U[11])
                                                      0.612     5.155 r  u_system/u_replay/g_array.u_array/u_array/u_ref/g_row[14].g_col[18].u_pe/u_mul/u_dsp/DSP_MULTIPLIER_INST/U[11]
                         net (fo=1, routed)           0.000     5.155    u_system/u_replay/g_array.u_array/u_array/u_ref/g_row[14].g_col[18].u_pe/u_mul/u_dsp/DSP_MULTIPLIER.U<11>
    DSP48E2_X7Y57        DSP_M_DATA                                   r  u_system/u_replay/g_array.u_array/u_array/u_ref/g_row[14].g_col[18].u_pe/u_mul/u_dsp/DSP_M_DATA_INST/U[11]
  -------------------------------------------------------------------    -------------------

                         (clock clk rise edge)        3.298     3.298 r  
    AJ20                                              0.000     3.298 r  clk (IN)
                         net (fo=0)                   0.000     3.298    clk_IBUF_inst/I
    AJ20                 INBUF (Prop_INBUF_HPIOB_M_PAD_O)
                                                      0.315     3.613 r  clk_IBUF_inst/INBUF_INST/O
                         net (fo=1, routed)           0.000     3.613    clk_IBUF_inst/OUT
    AJ20                 IBUFCTRL (Prop_IBUFCTRL_HPIOB_M_I_O)
                                                      0.000     3.613 r  clk_IBUF_inst/IBUFCTRL_INST/O
                         net (fo=1, routed)           0.301     3.914    clk_IBUF
    BUFGCE_X1Y71         BUFGCE (Prop_BUFCE_BUFGCE_I_O)
                                                      0.024     3.938 r  clk_IBUF_BUFG_inst/O
    X2Y2 (CLOCK_ROOT)    net (fo=185544, routed)      1.151     5.089    u_system/u_replay/g_array.u_array/u_array/u_ref/g_row[14].g_col[18].u_pe/u_mul/u_dsp/CLK
    DSP48E2_X7Y57        DSP_M_DATA                                   r  u_system/u_replay/g_array.u_array/u_array/u_ref/g_row[14].g_col[18].u_pe/u_mul/u_dsp/DSP_M_DATA_INST/CLK
                         clock pessimism              0.305     5.394    
                         clock uncertainty           -0.085     5.309    
    DSP48E2_X7Y57        DSP_M_DATA (Setup_DSP_M_DATA_DSP48E2_CLK_U[11])
                                                      0.015     5.324    u_system/u_replay/g_array.u_array/u_array/u_ref/g_row[14].g_col[18].u_pe/u_mul/u_dsp/DSP_M_DATA_INST
  -------------------------------------------------------------------
                         required time                          5.324    
                         arrival time                          -5.155    
  -------------------------------------------------------------------
                         slack                                  0.169    

Slack (MET) :             0.169ns  (required time - arrival time)
  Source:                 u_system/u_replay/g_array.u_array/u_array/u_ref/g_row[14].g_col[18].u_pe/u_mul/w0_s0_reg[2]/C
                            (rising edge-triggered cell FDRE clocked by clk  {rise@0.000ns fall@1.649ns period=3.298ns})
  Destination:            u_system/u_replay/g_array.u_array/u_array/u_ref/g_row[14].g_col[18].u_pe/u_mul/u_dsp/DSP_M_DATA_INST/U[12]
                            (rising edge-triggered cell DSP_M_DATA clocked by clk  {rise@0.000ns fall@1.649ns period=3.298ns})
  Path Group:             clk
  Path Type:              Setup (Max at Slow Process Corner)
  Requirement:            3.298ns  (clk rise@3.298ns - clk rise@0.000ns)
  Data Path Delay:        2.895ns  (logic 1.506ns (52.021%)  route 1.389ns (47.979%))
  Logic Levels:           4  (DSP_MULTIPLIER=1 DSP_PREADD=1 DSP_PREADD_DATA=2)
  Clock Path Skew:        -0.164ns (DCD - SCD + CPR)
    Destination Clock Delay (DCD):    1.791ns = ( 5.089 - 3.298 ) 
    Source Clock Delay      (SCD):    2.260ns
    Clock Pessimism Removal (CPR):    0.305ns
  Clock Uncertainty:      0.085ns  ((TSJ^2 + TIJ^2)^1/2 + DJ) / 2 + PE + UU
    Total System Jitter     (TSJ):    0.071ns
    Total Input Jitter      (TIJ):    0.000ns
    Discrete Jitter          (DJ):    0.000ns
    Phase Error              (PE):    0.000ns
    User Uncertainty         (UU):    0.050ns
  Clock Net Delay (Source):      1.331ns (routing 0.171ns, distribution 1.160ns)
  Clock Net Delay (Destination): 1.151ns (routing 0.155ns, distribution 0.996ns)

    Location             Delay type                Incr(ns)  Path(ns)    Netlist Resource(s)
  -------------------------------------------------------------------    -------------------
                         (clock clk rise edge)        0.000     0.000 r  
    AJ20                                              0.000     0.000 r  clk (IN)
                         net (fo=0)                   0.000     0.000    clk_IBUF_inst/I
    AJ20                 INBUF (Prop_INBUF_HPIOB_M_PAD_O)
                                                      0.565     0.565 r  clk_IBUF_inst/INBUF_INST/O
                         net (fo=1, routed)           0.000     0.565    clk_IBUF_inst/OUT
    AJ20                 IBUFCTRL (Prop_IBUFCTRL_HPIOB_M_I_O)
                                                      0.000     0.565 r  clk_IBUF_inst/IBUFCTRL_INST/O
                         net (fo=1, routed)           0.336     0.901    clk_IBUF
    BUFGCE_X1Y71         BUFGCE (Prop_BUFCE_BUFGCE_I_O)
                                                      0.028     0.929 r  clk_IBUF_BUFG_inst/O
    X2Y2 (CLOCK_ROOT)    net (fo=185544, routed)      1.331     2.260    u_system/u_replay/g_array.u_array/u_array/u_ref/g_row[14].g_col[18].u_pe/u_mul/clk_IBUF_BUFG
    SLICE_X80Y89         FDRE                                         r  u_system/u_replay/g_array.u_array/u_array/u_ref/g_row[14].g_col[18].u_pe/u_mul/w0_s0_reg[2]/C
  -------------------------------------------------------------------    -------------------
    SLICE_X80Y89         FDRE (Prop_BFF2_SLICEL_C_Q)
                                                      0.080     2.340 f  u_system/u_replay/g_array.u_array/u_array/u_ref/g_row[14].g_col[18].u_pe/u_mul/w0_s0_reg[2]/Q
                         net (fo=1, routed)           1.389     3.729    u_system/u_replay/g_array.u_array/u_array/u_ref/g_row[14].g_col[18].u_pe/u_mul/u_dsp/D[2]
    DSP48E2_X7Y57        DSP_PREADD_DATA (Prop_DSP_PREADD_DATA_DSP48E2_DIN[2]_D_DATA[2])
                                                      0.240     3.969 r  u_system/u_replay/g_array.u_array/u_array/u_ref/g_row[14].g_col[18].u_pe/u_mul/u_dsp/DSP_PREADD_DATA_INST/D_DATA[2]
                         net (fo=1, routed)           0.000     3.969    u_system/u_replay/g_array.u_array/u_array/u_ref/g_row[14].g_col[18].u_pe/u_mul/u_dsp/DSP_PREADD_DATA.D_DATA<2>
    DSP48E2_X7Y57        DSP_PREADD (Prop_DSP_PREADD_DSP48E2_D_DATA[2]_AD[11])
                                                      0.524     4.493 f  u_system/u_replay/g_array.u_array/u_array/u_ref/g_row[14].g_col[18].u_pe/u_mul/u_dsp/DSP_PREADD_INST/AD[11]
                         net (fo=1, routed)           0.000     4.493    u_system/u_replay/g_array.u_array/u_array/u_ref/g_row[14].g_col[18].u_pe/u_mul/u_dsp/DSP_PREADD.AD<11>
    DSP48E2_X7Y57        DSP_PREADD_DATA (Prop_DSP_PREADD_DATA_DSP48E2_AD[11]_AD_DATA[11])
                                                      0.050     4.543 r  u_system/u_replay/g_array.u_array/u_array/u_ref/g_row[14].g_col[18].u_pe/u_mul/u_dsp/DSP_PREADD_DATA_INST/AD_DATA[11]
                         net (fo=1, routed)           0.000     4.543    u_system/u_replay/g_array.u_array/u_array/u_ref/g_row[14].g_col[18].u_pe/u_mul/u_dsp/DSP_PREADD_DATA.AD_DATA<11>
    DSP48E2_X7Y57        DSP_MULTIPLIER (Prop_DSP_MULTIPLIER_DSP48E2_AD_DATA[11]_U[12])
                                                      0.612     5.155 r  u_system/u_replay/g_array.u_array/u_array/u_ref/g_row[14].g_col[18].u_pe/u_mul/u_dsp/DSP_MULTIPLIER_INST/U[12]
                         net (fo=1, routed)           0.000     5.155    u_system/u_replay/g_array.u_array/u_array/u_ref/g_row[14].g_col[18].u_pe/u_mul/u_dsp/DSP_MULTIPLIER.U<12>
    DSP48E2_X7Y57        DSP_M_DATA                                   r  u_system/u_replay/g_array.u_array/u_array/u_ref/g_row[14].g_col[18].u_pe/u_mul/u_dsp/DSP_M_DATA_INST/U[12]
  -------------------------------------------------------------------    -------------------

                         (clock clk rise edge)        3.298     3.298 r  
    AJ20                                              0.000     3.298 r  clk (IN)
                         net (fo=0)                   0.000     3.298    clk_IBUF_inst/I
    AJ20                 INBUF (Prop_INBUF_HPIOB_M_PAD_O)
                                                      0.315     3.613 r  clk_IBUF_inst/INBUF_INST/O
                         net (fo=1, routed)           0.000     3.613    clk_IBUF_inst/OUT
    AJ20                 IBUFCTRL (Prop_IBUFCTRL_HPIOB_M_I_O)
                                                      0.000     3.613 r  clk_IBUF_inst/IBUFCTRL_INST/O
                         net (fo=1, routed)           0.301     3.914    clk_IBUF
    BUFGCE_X1Y71         BUFGCE (Prop_BUFCE_BUFGCE_I_O)
                                                      0.024     3.938 r  clk_IBUF_BUFG_inst/O
    X2Y2 (CLOCK_ROOT)    net (fo=185544, routed)      1.151     5.089    u_system/u_replay/g_array.u_array/u_array/u_ref/g_row[14].g_col[18].u_pe/u_mul/u_dsp/CLK
    DSP48E2_X7Y57        DSP_M_DATA                                   r  u_system/u_replay/g_array.u_array/u_array/u_ref/g_row[14].g_col[18].u_pe/u_mul/u_dsp/DSP_M_DATA_INST/CLK
                         clock pessimism              0.305     5.394    
                         clock uncertainty           -0.085     5.309    
    DSP48E2_X7Y57        DSP_M_DATA (Setup_DSP_M_DATA_DSP48E2_CLK_U[12])
                                                      0.015     5.324    u_system/u_replay/g_array.u_array/u_array/u_ref/g_row[14].g_col[18].u_pe/u_mul/u_dsp/DSP_M_DATA_INST
  -------------------------------------------------------------------
                         required time                          5.324    
                         arrival time                          -5.155    
  -------------------------------------------------------------------
                         slack                                  0.169    

Slack (MET) :             0.169ns  (required time - arrival time)
  Source:                 u_system/u_replay/g_array.u_array/u_array/u_ref/g_row[14].g_col[18].u_pe/u_mul/w0_s0_reg[2]/C
                            (rising edge-triggered cell FDRE clocked by clk  {rise@0.000ns fall@1.649ns period=3.298ns})
  Destination:            u_system/u_replay/g_array.u_array/u_array/u_ref/g_row[14].g_col[18].u_pe/u_mul/u_dsp/DSP_M_DATA_INST/U[13]
                            (rising edge-triggered cell DSP_M_DATA clocked by clk  {rise@0.000ns fall@1.649ns period=3.298ns})
  Path Group:             clk
  Path Type:              Setup (Max at Slow Process Corner)
  Requirement:            3.298ns  (clk rise@3.298ns - clk rise@0.000ns)
  Data Path Delay:        2.895ns  (logic 1.506ns (52.021%)  route 1.389ns (47.979%))
  Logic Levels:           4  (DSP_MULTIPLIER=1 DSP_PREADD=1 DSP_PREADD_DATA=2)
  Clock Path Skew:        -0.164ns (DCD - SCD + CPR)
    Destination Clock Delay (DCD):    1.791ns = ( 5.089 - 3.298 ) 
    Source Clock Delay      (SCD):    2.260ns
    Clock Pessimism Removal (CPR):    0.305ns
  Clock Uncertainty:      0.085ns  ((TSJ^2 + TIJ^2)^1/2 + DJ) / 2 + PE + UU
    Total System Jitter     (TSJ):    0.071ns
    Total Input Jitter      (TIJ):    0.000ns
    Discrete Jitter          (DJ):    0.000ns
    Phase Error              (PE):    0.000ns
    User Uncertainty         (UU):    0.050ns
  Clock Net Delay (Source):      1.331ns (routing 0.171ns, distribution 1.160ns)
  Clock Net Delay (Destination): 1.151ns (routing 0.155ns, distribution 0.996ns)

    Location             Delay type                Incr(ns)  Path(ns)    Netlist Resource(s)
  -------------------------------------------------------------------    -------------------
                         (clock clk rise edge)        0.000     0.000 r  
    AJ20                                              0.000     0.000 r  clk (IN)
                         net (fo=0)                   0.000     0.000    clk_IBUF_inst/I
    AJ20                 INBUF (Prop_INBUF_HPIOB_M_PAD_O)
                                                      0.565     0.565 r  clk_IBUF_inst/INBUF_INST/O
                         net (fo=1, routed)           0.000     0.565    clk_IBUF_inst/OUT
    AJ20                 IBUFCTRL (Prop_IBUFCTRL_HPIOB_M_I_O)
                                                      0.000     0.565 r  clk_IBUF_inst/IBUFCTRL_INST/O
                         net (fo=1, routed)           0.336     0.901    clk_IBUF
    BUFGCE_X1Y71         BUFGCE (Prop_BUFCE_BUFGCE_I_O)
                                                      0.028     0.929 r  clk_IBUF_BUFG_inst/O
    X2Y2 (CLOCK_ROOT)    net (fo=185544, routed)      1.331     2.260    u_system/u_replay/g_array.u_array/u_array/u_ref/g_row[14].g_col[18].u_pe/u_mul/clk_IBUF_BUFG
    SLICE_X80Y89         FDRE                                         r  u_system/u_replay/g_array.u_array/u_array/u_ref/g_row[14].g_col[18].u_pe/u_mul/w0_s0_reg[2]/C
  -------------------------------------------------------------------    -------------------
    SLICE_X80Y89         FDRE (Prop_BFF2_SLICEL_C_Q)
                                                      0.080     2.340 f  u_system/u_replay/g_array.u_array/u_array/u_ref/g_row[14].g_col[18].u_pe/u_mul/w0_s0_reg[2]/Q
                         net (fo=1, routed)           1.389     3.729    u_system/u_replay/g_array.u_array/u_array/u_ref/g_row[14].g_col[18].u_pe/u_mul/u_dsp/D[2]
    DSP48E2_X7Y57        DSP_PREADD_DATA (Prop_DSP_PREADD_DATA_DSP48E2_DIN[2]_D_DATA[2])
                                                      0.240     3.969 r  u_system/u_replay/g_array.u_array/u_array/u_ref/g_row[14].g_col[18].u_pe/u_mul/u_dsp/DSP_PREADD_DATA_INST/D_DATA[2]
                         net (fo=1, routed)           0.000     3.969    u_system/u_replay/g_array.u_array/u_array/u_ref/g_row[14].g_col[18].u_pe/u_mul/u_dsp/DSP_PREADD_DATA.D_DATA<2>
    DSP48E2_X7Y57        DSP_PREADD (Prop_DSP_PREADD_DSP48E2_D_DATA[2]_AD[12])
                                                      0.524     4.493 f  u_system/u_replay/g_array.u_array/u_array/u_ref/g_row[14].g_col[18].u_pe/u_mul/u_dsp/DSP_PREADD_INST/AD[12]
                         net (fo=1, routed)           0.000     4.493    u_system/u_replay/g_array.u_array/u_array/u_ref/g_row[14].g_col[18].u_pe/u_mul/u_dsp/DSP_PREADD.AD<12>
    DSP48E2_X7Y57        DSP_PREADD_DATA (Prop_DSP_PREADD_DATA_DSP48E2_AD[12]_AD_DATA[12])
                                                      0.050     4.543 r  u_system/u_replay/g_array.u_array/u_array/u_ref/g_row[14].g_col[18].u_pe/u_mul/u_dsp/DSP_PREADD_DATA_INST/AD_DATA[12]
                         net (fo=1, routed)           0.000     4.543    u_system/u_replay/g_array.u_array/u_array/u_ref/g_row[14].g_col[18].u_pe/u_mul/u_dsp/DSP_PREADD_DATA.AD_DATA<12>
    DSP48E2_X7Y57        DSP_MULTIPLIER (Prop_DSP_MULTIPLIER_DSP48E2_AD_DATA[12]_U[13])
                                                      0.612     5.155 r  u_system/u_replay/g_array.u_array/u_array/u_ref/g_row[14].g_col[18].u_pe/u_mul/u_dsp/DSP_MULTIPLIER_INST/U[13]
                         net (fo=1, routed)           0.000     5.155    u_system/u_replay/g_array.u_array/u_array/u_ref/g_row[14].g_col[18].u_pe/u_mul/u_dsp/DSP_MULTIPLIER.U<13>
    DSP48E2_X7Y57        DSP_M_DATA                                   r  u_system/u_replay/g_array.u_array/u_array/u_ref/g_row[14].g_col[18].u_pe/u_mul/u_dsp/DSP_M_DATA_INST/U[13]
  -------------------------------------------------------------------    -------------------

                         (clock clk rise edge)        3.298     3.298 r  
    AJ20                                              0.000     3.298 r  clk (IN)
                         net (fo=0)                   0.000     3.298    clk_IBUF_inst/I
    AJ20                 INBUF (Prop_INBUF_HPIOB_M_PAD_O)
                                                      0.315     3.613 r  clk_IBUF_inst/INBUF_INST/O
                         net (fo=1, routed)           0.000     3.613    clk_IBUF_inst/OUT
    AJ20                 IBUFCTRL (Prop_IBUFCTRL_HPIOB_M_I_O)
                                                      0.000     3.613 r  clk_IBUF_inst/IBUFCTRL_INST/O
                         net (fo=1, routed)           0.301     3.914    clk_IBUF
    BUFGCE_X1Y71         BUFGCE (Prop_BUFCE_BUFGCE_I_O)
                                                      0.024     3.938 r  clk_IBUF_BUFG_inst/O
    X2Y2 (CLOCK_ROOT)    net (fo=185544, routed)      1.151     5.089    u_system/u_replay/g_array.u_array/u_array/u_ref/g_row[14].g_col[18].u_pe/u_mul/u_dsp/CLK
    DSP48E2_X7Y57        DSP_M_DATA                                   r  u_system/u_replay/g_array.u_array/u_array/u_ref/g_row[14].g_col[18].u_pe/u_mul/u_dsp/DSP_M_DATA_INST/CLK
                         clock pessimism              0.305     5.394    
                         clock uncertainty           -0.085     5.309    
    DSP48E2_X7Y57        DSP_M_DATA (Setup_DSP_M_DATA_DSP48E2_CLK_U[13])
                                                      0.015     5.324    u_system/u_replay/g_array.u_array/u_array/u_ref/g_row[14].g_col[18].u_pe/u_mul/u_dsp/DSP_M_DATA_INST
  -------------------------------------------------------------------
                         required time                          5.324    
                         arrival time                          -5.155    
  -------------------------------------------------------------------
                         slack                                  0.169    

Slack (MET) :             0.169ns  (required time - arrival time)
  Source:                 u_system/u_replay/g_array.u_array/u_array/u_ref/g_row[14].g_col[18].u_pe/u_mul/w0_s0_reg[2]/C
                            (rising edge-triggered cell FDRE clocked by clk  {rise@0.000ns fall@1.649ns period=3.298ns})
  Destination:            u_system/u_replay/g_array.u_array/u_array/u_ref/g_row[14].g_col[18].u_pe/u_mul/u_dsp/DSP_M_DATA_INST/U[14]
                            (rising edge-triggered cell DSP_M_DATA clocked by clk  {rise@0.000ns fall@1.649ns period=3.298ns})
  Path Group:             clk
  Path Type:              Setup (Max at Slow Process Corner)
  Requirement:            3.298ns  (clk rise@3.298ns - clk rise@0.000ns)
  Data Path Delay:        2.895ns  (logic 1.506ns (52.021%)  route 1.389ns (47.979%))
  Logic Levels:           4  (DSP_MULTIPLIER=1 DSP_PREADD=1 DSP_PREADD_DATA=2)
  Clock Path Skew:        -0.164ns (DCD - SCD + CPR)
    Destination Clock Delay (DCD):    1.791ns = ( 5.089 - 3.298 ) 
    Source Clock Delay      (SCD):    2.260ns
    Clock Pessimism Removal (CPR):    0.305ns
  Clock Uncertainty:      0.085ns  ((TSJ^2 + TIJ^2)^1/2 + DJ) / 2 + PE + UU
    Total System Jitter     (TSJ):    0.071ns
    Total Input Jitter      (TIJ):    0.000ns
    Discrete Jitter          (DJ):    0.000ns
    Phase Error              (PE):    0.000ns
    User Uncertainty         (UU):    0.050ns
  Clock Net Delay (Source):      1.331ns (routing 0.171ns, distribution 1.160ns)
  Clock Net Delay (Destination): 1.151ns (routing 0.155ns, distribution 0.996ns)

    Location             Delay type                Incr(ns)  Path(ns)    Netlist Resource(s)
  -------------------------------------------------------------------    -------------------
                         (clock clk rise edge)        0.000     0.000 r  
    AJ20                                              0.000     0.000 r  clk (IN)
                         net (fo=0)                   0.000     0.000    clk_IBUF_inst/I
    AJ20                 INBUF (Prop_INBUF_HPIOB_M_PAD_O)
                                                      0.565     0.565 r  clk_IBUF_inst/INBUF_INST/O
                         net (fo=1, routed)           0.000     0.565    clk_IBUF_inst/OUT
    AJ20                 IBUFCTRL (Prop_IBUFCTRL_HPIOB_M_I_O)
                                                      0.000     0.565 r  clk_IBUF_inst/IBUFCTRL_INST/O
                         net (fo=1, routed)           0.336     0.901    clk_IBUF
    BUFGCE_X1Y71         BUFGCE (Prop_BUFCE_BUFGCE_I_O)
                                                      0.028     0.929 r  clk_IBUF_BUFG_inst/O
    X2Y2 (CLOCK_ROOT)    net (fo=185544, routed)      1.331     2.260    u_system/u_replay/g_array.u_array/u_array/u_ref/g_row[14].g_col[18].u_pe/u_mul/clk_IBUF_BUFG
    SLICE_X80Y89         FDRE                                         r  u_system/u_replay/g_array.u_array/u_array/u_ref/g_row[14].g_col[18].u_pe/u_mul/w0_s0_reg[2]/C
  -------------------------------------------------------------------    -------------------
    SLICE_X80Y89         FDRE (Prop_BFF2_SLICEL_C_Q)
                                                      0.080     2.340 f  u_system/u_replay/g_array.u_array/u_array/u_ref/g_row[14].g_col[18].u_pe/u_mul/w0_s0_reg[2]/Q
                         net (fo=1, routed)           1.389     3.729    u_system/u_replay/g_array.u_array/u_array/u_ref/g_row[14].g_col[18].u_pe/u_mul/u_dsp/D[2]
    DSP48E2_X7Y57        DSP_PREADD_DATA (Prop_DSP_PREADD_DATA_DSP48E2_DIN[2]_D_DATA[2])
                                                      0.240     3.969 r  u_system/u_replay/g_array.u_array/u_array/u_ref/g_row[14].g_col[18].u_pe/u_mul/u_dsp/DSP_PREADD_DATA_INST/D_DATA[2]
                         net (fo=1, routed)           0.000     3.969    u_system/u_replay/g_array.u_array/u_array/u_ref/g_row[14].g_col[18].u_pe/u_mul/u_dsp/DSP_PREADD_DATA.D_DATA<2>
    DSP48E2_X7Y57        DSP_PREADD (Prop_DSP_PREADD_DSP48E2_D_DATA[2]_AD[13])
                                                      0.524     4.493 f  u_system/u_replay/g_array.u_array/u_array/u_ref/g_row[14].g_col[18].u_pe/u_mul/u_dsp/DSP_PREADD_INST/AD[13]
                         net (fo=1, routed)           0.000     4.493    u_system/u_replay/g_array.u_array/u_array/u_ref/g_row[14].g_col[18].u_pe/u_mul/u_dsp/DSP_PREADD.AD<13>
    DSP48E2_X7Y57        DSP_PREADD_DATA (Prop_DSP_PREADD_DATA_DSP48E2_AD[13]_AD_DATA[13])
                                                      0.050     4.543 r  u_system/u_replay/g_array.u_array/u_array/u_ref/g_row[14].g_col[18].u_pe/u_mul/u_dsp/DSP_PREADD_DATA_INST/AD_DATA[13]
                         net (fo=1, routed)           0.000     4.543    u_system/u_replay/g_array.u_array/u_array/u_ref/g_row[14].g_col[18].u_pe/u_mul/u_dsp/DSP_PREADD_DATA.AD_DATA<13>
    DSP48E2_X7Y57        DSP_MULTIPLIER (Prop_DSP_MULTIPLIER_DSP48E2_AD_DATA[13]_U[14])
                                                      0.612     5.155 r  u_system/u_replay/g_array.u_array/u_array/u_ref/g_row[14].g_col[18].u_pe/u_mul/u_dsp/DSP_MULTIPLIER_INST/U[14]
                         net (fo=1, routed)           0.000     5.155    u_system/u_replay/g_array.u_array/u_array/u_ref/g_row[14].g_col[18].u_pe/u_mul/u_dsp/DSP_MULTIPLIER.U<14>
    DSP48E2_X7Y57        DSP_M_DATA                                   r  u_system/u_replay/g_array.u_array/u_array/u_ref/g_row[14].g_col[18].u_pe/u_mul/u_dsp/DSP_M_DATA_INST/U[14]
  -------------------------------------------------------------------    -------------------

                         (clock clk rise edge)        3.298     3.298 r  
    AJ20                                              0.000     3.298 r  clk (IN)
                         net (fo=0)                   0.000     3.298    clk_IBUF_inst/I
    AJ20                 INBUF (Prop_INBUF_HPIOB_M_PAD_O)
                                                      0.315     3.613 r  clk_IBUF_inst/INBUF_INST/O
                         net (fo=1, routed)           0.000     3.613    clk_IBUF_inst/OUT
    AJ20                 IBUFCTRL (Prop_IBUFCTRL_HPIOB_M_I_O)
                                                      0.000     3.613 r  clk_IBUF_inst/IBUFCTRL_INST/O
                         net (fo=1, routed)           0.301     3.914    clk_IBUF
    BUFGCE_X1Y71         BUFGCE (Prop_BUFCE_BUFGCE_I_O)
                                                      0.024     3.938 r  clk_IBUF_BUFG_inst/O
    X2Y2 (CLOCK_ROOT)    net (fo=185544, routed)      1.151     5.089    u_system/u_replay/g_array.u_array/u_array/u_ref/g_row[14].g_col[18].u_pe/u_mul/u_dsp/CLK
    DSP48E2_X7Y57        DSP_M_DATA                                   r  u_system/u_replay/g_array.u_array/u_array/u_ref/g_row[14].g_col[18].u_pe/u_mul/u_dsp/DSP_M_DATA_INST/CLK
                         clock pessimism              0.305     5.394    
                         clock uncertainty           -0.085     5.309    
    DSP48E2_X7Y57        DSP_M_DATA (Setup_DSP_M_DATA_DSP48E2_CLK_U[14])
                                                      0.015     5.324    u_system/u_replay/g_array.u_array/u_array/u_ref/g_row[14].g_col[18].u_pe/u_mul/u_dsp/DSP_M_DATA_INST
  -------------------------------------------------------------------
                         required time                          5.324    
                         arrival time                          -5.155    
  -------------------------------------------------------------------
                         slack                                  0.169    

Slack (MET) :             0.169ns  (required time - arrival time)
  Source:                 u_system/u_replay/g_array.u_array/u_array/u_ref/g_row[14].g_col[18].u_pe/u_mul/w0_s0_reg[2]/C
                            (rising edge-triggered cell FDRE clocked by clk  {rise@0.000ns fall@1.649ns period=3.298ns})
  Destination:            u_system/u_replay/g_array.u_array/u_array/u_ref/g_row[14].g_col[18].u_pe/u_mul/u_dsp/DSP_M_DATA_INST/U[15]
                            (rising edge-triggered cell DSP_M_DATA clocked by clk  {rise@0.000ns fall@1.649ns period=3.298ns})
  Path Group:             clk
  Path Type:              Setup (Max at Slow Process Corner)
  Requirement:            3.298ns  (clk rise@3.298ns - clk rise@0.000ns)
  Data Path Delay:        2.895ns  (logic 1.506ns (52.021%)  route 1.389ns (47.979%))
  Logic Levels:           4  (DSP_MULTIPLIER=1 DSP_PREADD=1 DSP_PREADD_DATA=2)
  Clock Path Skew:        -0.164ns (DCD - SCD + CPR)
    Destination Clock Delay (DCD):    1.791ns = ( 5.089 - 3.298 ) 
    Source Clock Delay      (SCD):    2.260ns
    Clock Pessimism Removal (CPR):    0.305ns
  Clock Uncertainty:      0.085ns  ((TSJ^2 + TIJ^2)^1/2 + DJ) / 2 + PE + UU
    Total System Jitter     (TSJ):    0.071ns
    Total Input Jitter      (TIJ):    0.000ns
    Discrete Jitter          (DJ):    0.000ns
    Phase Error              (PE):    0.000ns
    User Uncertainty         (UU):    0.050ns
  Clock Net Delay (Source):      1.331ns (routing 0.171ns, distribution 1.160ns)
  Clock Net Delay (Destination): 1.151ns (routing 0.155ns, distribution 0.996ns)

    Location             Delay type                Incr(ns)  Path(ns)    Netlist Resource(s)
  -------------------------------------------------------------------    -------------------
                         (clock clk rise edge)        0.000     0.000 r  
    AJ20                                              0.000     0.000 r  clk (IN)
                         net (fo=0)                   0.000     0.000    clk_IBUF_inst/I
    AJ20                 INBUF (Prop_INBUF_HPIOB_M_PAD_O)
                                                      0.565     0.565 r  clk_IBUF_inst/INBUF_INST/O
                         net (fo=1, routed)           0.000     0.565    clk_IBUF_inst/OUT
    AJ20                 IBUFCTRL (Prop_IBUFCTRL_HPIOB_M_I_O)
                                                      0.000     0.565 r  clk_IBUF_inst/IBUFCTRL_INST/O
                         net (fo=1, routed)           0.336     0.901    clk_IBUF
    BUFGCE_X1Y71         BUFGCE (Prop_BUFCE_BUFGCE_I_O)
                                                      0.028     0.929 r  clk_IBUF_BUFG_inst/O
    X2Y2 (CLOCK_ROOT)    net (fo=185544, routed)      1.331     2.260    u_system/u_replay/g_array.u_array/u_array/u_ref/g_row[14].g_col[18].u_pe/u_mul/clk_IBUF_BUFG
    SLICE_X80Y89         FDRE                                         r  u_system/u_replay/g_array.u_array/u_array/u_ref/g_row[14].g_col[18].u_pe/u_mul/w0_s0_reg[2]/C
  -------------------------------------------------------------------    -------------------
    SLICE_X80Y89         FDRE (Prop_BFF2_SLICEL_C_Q)
                                                      0.080     2.340 f  u_system/u_replay/g_array.u_array/u_array/u_ref/g_row[14].g_col[18].u_pe/u_mul/w0_s0_reg[2]/Q
                         net (fo=1, routed)           1.389     3.729    u_system/u_replay/g_array.u_array/u_array/u_ref/g_row[14].g_col[18].u_pe/u_mul/u_dsp/D[2]
    DSP48E2_X7Y57        DSP_PREADD_DATA (Prop_DSP_PREADD_DATA_DSP48E2_DIN[2]_D_DATA[2])
                                                      0.240     3.969 r  u_system/u_replay/g_array.u_array/u_array/u_ref/g_row[14].g_col[18].u_pe/u_mul/u_dsp/DSP_PREADD_DATA_INST/D_DATA[2]
                         net (fo=1, routed)           0.000     3.969    u_system/u_replay/g_array.u_array/u_array/u_ref/g_row[14].g_col[18].u_pe/u_mul/u_dsp/DSP_PREADD_DATA.D_DATA<2>
    DSP48E2_X7Y57        DSP_PREADD (Prop_DSP_PREADD_DSP48E2_D_DATA[2]_AD[14])
                                                      0.524     4.493 f  u_system/u_replay/g_array.u_array/u_array/u_ref/g_row[14].g_col[18].u_pe/u_mul/u_dsp/DSP_PREADD_INST/AD[14]
                         net (fo=1, routed)           0.000     4.493    u_system/u_replay/g_array.u_array/u_array/u_ref/g_row[14].g_col[18].u_pe/u_mul/u_dsp/DSP_PREADD.AD<14>
    DSP48E2_X7Y57        DSP_PREADD_DATA (Prop_DSP_PREADD_DATA_DSP48E2_AD[14]_AD_DATA[14])
                                                      0.050     4.543 r  u_system/u_replay/g_array.u_array/u_array/u_ref/g_row[14].g_col[18].u_pe/u_mul/u_dsp/DSP_PREADD_DATA_INST/AD_DATA[14]
                         net (fo=1, routed)           0.000     4.543    u_system/u_replay/g_array.u_array/u_array/u_ref/g_row[14].g_col[18].u_pe/u_mul/u_dsp/DSP_PREADD_DATA.AD_DATA<14>
    DSP48E2_X7Y57        DSP_MULTIPLIER (Prop_DSP_MULTIPLIER_DSP48E2_AD_DATA[14]_U[15])
                                                      0.612     5.155 r  u_system/u_replay/g_array.u_array/u_array/u_ref/g_row[14].g_col[18].u_pe/u_mul/u_dsp/DSP_MULTIPLIER_INST/U[15]
                         net (fo=1, routed)           0.000     5.155    u_system/u_replay/g_array.u_array/u_array/u_ref/g_row[14].g_col[18].u_pe/u_mul/u_dsp/DSP_MULTIPLIER.U<15>
    DSP48E2_X7Y57        DSP_M_DATA                                   r  u_system/u_replay/g_array.u_array/u_array/u_ref/g_row[14].g_col[18].u_pe/u_mul/u_dsp/DSP_M_DATA_INST/U[15]
  -------------------------------------------------------------------    -------------------

                         (clock clk rise edge)        3.298     3.298 r  
    AJ20                                              0.000     3.298 r  clk (IN)
                         net (fo=0)                   0.000     3.298    clk_IBUF_inst/I
    AJ20                 INBUF (Prop_INBUF_HPIOB_M_PAD_O)
                                                      0.315     3.613 r  clk_IBUF_inst/INBUF_INST/O
                         net (fo=1, routed)           0.000     3.613    clk_IBUF_inst/OUT
    AJ20                 IBUFCTRL (Prop_IBUFCTRL_HPIOB_M_I_O)
                                                      0.000     3.613 r  clk_IBUF_inst/IBUFCTRL_INST/O
                         net (fo=1, routed)           0.301     3.914    clk_IBUF
    BUFGCE_X1Y71         BUFGCE (Prop_BUFCE_BUFGCE_I_O)
                                                      0.024     3.938 r  clk_IBUF_BUFG_inst/O
    X2Y2 (CLOCK_ROOT)    net (fo=185544, routed)      1.151     5.089    u_system/u_replay/g_array.u_array/u_array/u_ref/g_row[14].g_col[18].u_pe/u_mul/u_dsp/CLK
    DSP48E2_X7Y57        DSP_M_DATA                                   r  u_system/u_replay/g_array.u_array/u_array/u_ref/g_row[14].g_col[18].u_pe/u_mul/u_dsp/DSP_M_DATA_INST/CLK
                         clock pessimism              0.305     5.394    
                         clock uncertainty           -0.085     5.309    
    DSP48E2_X7Y57        DSP_M_DATA (Setup_DSP_M_DATA_DSP48E2_CLK_U[15])
                                                      0.015     5.324    u_system/u_replay/g_array.u_array/u_array/u_ref/g_row[14].g_col[18].u_pe/u_mul/u_dsp/DSP_M_DATA_INST
  -------------------------------------------------------------------
                         required time                          5.324    
                         arrival time                          -5.155    
  -------------------------------------------------------------------
                         slack                                  0.169    

Slack (MET) :             0.169ns  (required time - arrival time)
  Source:                 u_system/u_replay/g_array.u_array/u_array/u_ref/g_row[14].g_col[18].u_pe/u_mul/w0_s0_reg[2]/C
                            (rising edge-triggered cell FDRE clocked by clk  {rise@0.000ns fall@1.649ns period=3.298ns})
  Destination:            u_system/u_replay/g_array.u_array/u_array/u_ref/g_row[14].g_col[18].u_pe/u_mul/u_dsp/DSP_M_DATA_INST/U[16]
                            (rising edge-triggered cell DSP_M_DATA clocked by clk  {rise@0.000ns fall@1.649ns period=3.298ns})
  Path Group:             clk
  Path Type:              Setup (Max at Slow Process Corner)
  Requirement:            3.298ns  (clk rise@3.298ns - clk rise@0.000ns)
  Data Path Delay:        2.895ns  (logic 1.506ns (52.021%)  route 1.389ns (47.979%))
  Logic Levels:           4  (DSP_MULTIPLIER=1 DSP_PREADD=1 DSP_PREADD_DATA=2)
  Clock Path Skew:        -0.164ns (DCD - SCD + CPR)
    Destination Clock Delay (DCD):    1.791ns = ( 5.089 - 3.298 ) 
    Source Clock Delay      (SCD):    2.260ns
    Clock Pessimism Removal (CPR):    0.305ns
  Clock Uncertainty:      0.085ns  ((TSJ^2 + TIJ^2)^1/2 + DJ) / 2 + PE + UU
    Total System Jitter     (TSJ):    0.071ns
    Total Input Jitter      (TIJ):    0.000ns
    Discrete Jitter          (DJ):    0.000ns
    Phase Error              (PE):    0.000ns
    User Uncertainty         (UU):    0.050ns
  Clock Net Delay (Source):      1.331ns (routing 0.171ns, distribution 1.160ns)
  Clock Net Delay (Destination): 1.151ns (routing 0.155ns, distribution 0.996ns)

    Location             Delay type                Incr(ns)  Path(ns)    Netlist Resource(s)
  -------------------------------------------------------------------    -------------------
                         (clock clk rise edge)        0.000     0.000 r  
    AJ20                                              0.000     0.000 r  clk (IN)
                         net (fo=0)                   0.000     0.000    clk_IBUF_inst/I
    AJ20                 INBUF (Prop_INBUF_HPIOB_M_PAD_O)
                                                      0.565     0.565 r  clk_IBUF_inst/INBUF_INST/O
                         net (fo=1, routed)           0.000     0.565    clk_IBUF_inst/OUT
    AJ20                 IBUFCTRL (Prop_IBUFCTRL_HPIOB_M_I_O)
                                                      0.000     0.565 r  clk_IBUF_inst/IBUFCTRL_INST/O
                         net (fo=1, routed)           0.336     0.901    clk_IBUF
    BUFGCE_X1Y71         BUFGCE (Prop_BUFCE_BUFGCE_I_O)
                                                      0.028     0.929 r  clk_IBUF_BUFG_inst/O
    X2Y2 (CLOCK_ROOT)    net (fo=185544, routed)      1.331     2.260    u_system/u_replay/g_array.u_array/u_array/u_ref/g_row[14].g_col[18].u_pe/u_mul/clk_IBUF_BUFG
    SLICE_X80Y89         FDRE                                         r  u_system/u_replay/g_array.u_array/u_array/u_ref/g_row[14].g_col[18].u_pe/u_mul/w0_s0_reg[2]/C
  -------------------------------------------------------------------    -------------------
    SLICE_X80Y89         FDRE (Prop_BFF2_SLICEL_C_Q)
                                                      0.080     2.340 f  u_system/u_replay/g_array.u_array/u_array/u_ref/g_row[14].g_col[18].u_pe/u_mul/w0_s0_reg[2]/Q
                         net (fo=1, routed)           1.389     3.729    u_system/u_replay/g_array.u_array/u_array/u_ref/g_row[14].g_col[18].u_pe/u_mul/u_dsp/D[2]
    DSP48E2_X7Y57        DSP_PREADD_DATA (Prop_DSP_PREADD_DATA_DSP48E2_DIN[2]_D_DATA[2])
                                                      0.240     3.969 r  u_system/u_replay/g_array.u_array/u_array/u_ref/g_row[14].g_col[18].u_pe/u_mul/u_dsp/DSP_PREADD_DATA_INST/D_DATA[2]
                         net (fo=1, routed)           0.000     3.969    u_system/u_replay/g_array.u_array/u_array/u_ref/g_row[14].g_col[18].u_pe/u_mul/u_dsp/DSP_PREADD_DATA.D_DATA<2>
    DSP48E2_X7Y57        DSP_PREADD (Prop_DSP_PREADD_DSP48E2_D_DATA[2]_AD[15])
                                                      0.524     4.493 f  u_system/u_replay/g_array.u_array/u_array/u_ref/g_row[14].g_col[18].u_pe/u_mul/u_dsp/DSP_PREADD_INST/AD[15]
                         net (fo=1, routed)           0.000     4.493    u_system/u_replay/g_array.u_array/u_array/u_ref/g_row[14].g_col[18].u_pe/u_mul/u_dsp/DSP_PREADD.AD<15>
    DSP48E2_X7Y57        DSP_PREADD_DATA (Prop_DSP_PREADD_DATA_DSP48E2_AD[15]_AD_DATA[15])
                                                      0.050     4.543 r  u_system/u_replay/g_array.u_array/u_array/u_ref/g_row[14].g_col[18].u_pe/u_mul/u_dsp/DSP_PREADD_DATA_INST/AD_DATA[15]
                         net (fo=1, routed)           0.000     4.543    u_system/u_replay/g_array.u_array/u_array/u_ref/g_row[14].g_col[18].u_pe/u_mul/u_dsp/DSP_PREADD_DATA.AD_DATA<15>
    DSP48E2_X7Y57        DSP_MULTIPLIER (Prop_DSP_MULTIPLIER_DSP48E2_AD_DATA[15]_U[16])
                                                      0.612     5.155 r  u_system/u_replay/g_array.u_array/u_array/u_ref/g_row[14].g_col[18].u_pe/u_mul/u_dsp/DSP_MULTIPLIER_INST/U[16]
                         net (fo=1, routed)           0.000     5.155    u_system/u_replay/g_array.u_array/u_array/u_ref/g_row[14].g_col[18].u_pe/u_mul/u_dsp/DSP_MULTIPLIER.U<16>
    DSP48E2_X7Y57        DSP_M_DATA                                   r  u_system/u_replay/g_array.u_array/u_array/u_ref/g_row[14].g_col[18].u_pe/u_mul/u_dsp/DSP_M_DATA_INST/U[16]
  -------------------------------------------------------------------    -------------------

                         (clock clk rise edge)        3.298     3.298 r  
    AJ20                                              0.000     3.298 r  clk (IN)
                         net (fo=0)                   0.000     3.298    clk_IBUF_inst/I
    AJ20                 INBUF (Prop_INBUF_HPIOB_M_PAD_O)
                                                      0.315     3.613 r  clk_IBUF_inst/INBUF_INST/O
                         net (fo=1, routed)           0.000     3.613    clk_IBUF_inst/OUT
    AJ20                 IBUFCTRL (Prop_IBUFCTRL_HPIOB_M_I_O)
                                                      0.000     3.613 r  clk_IBUF_inst/IBUFCTRL_INST/O
                         net (fo=1, routed)           0.301     3.914    clk_IBUF
    BUFGCE_X1Y71         BUFGCE (Prop_BUFCE_BUFGCE_I_O)
                                                      0.024     3.938 r  clk_IBUF_BUFG_inst/O
    X2Y2 (CLOCK_ROOT)    net (fo=185544, routed)      1.151     5.089    u_system/u_replay/g_array.u_array/u_array/u_ref/g_row[14].g_col[18].u_pe/u_mul/u_dsp/CLK
    DSP48E2_X7Y57        DSP_M_DATA                                   r  u_system/u_replay/g_array.u_array/u_array/u_ref/g_row[14].g_col[18].u_pe/u_mul/u_dsp/DSP_M_DATA_INST/CLK
                         clock pessimism              0.305     5.394    
                         clock uncertainty           -0.085     5.309    
    DSP48E2_X7Y57        DSP_M_DATA (Setup_DSP_M_DATA_DSP48E2_CLK_U[16])
                                                      0.015     5.324    u_system/u_replay/g_array.u_array/u_array/u_ref/g_row[14].g_col[18].u_pe/u_mul/u_dsp/DSP_M_DATA_INST
  -------------------------------------------------------------------
                         required time                          5.324    
                         arrival time                          -5.155    
  -------------------------------------------------------------------
                         slack                                  0.169    

Slack (MET) :             0.169ns  (required time - arrival time)
  Source:                 u_system/u_replay/g_array.u_array/u_array/u_ref/g_row[14].g_col[18].u_pe/u_mul/w0_s0_reg[2]/C
                            (rising edge-triggered cell FDRE clocked by clk  {rise@0.000ns fall@1.649ns period=3.298ns})
  Destination:            u_system/u_replay/g_array.u_array/u_array/u_ref/g_row[14].g_col[18].u_pe/u_mul/u_dsp/DSP_M_DATA_INST/U[17]
                            (rising edge-triggered cell DSP_M_DATA clocked by clk  {rise@0.000ns fall@1.649ns period=3.298ns})
  Path Group:             clk
  Path Type:              Setup (Max at Slow Process Corner)
  Requirement:            3.298ns  (clk rise@3.298ns - clk rise@0.000ns)
  Data Path Delay:        2.895ns  (logic 1.506ns (52.021%)  route 1.389ns (47.979%))
  Logic Levels:           4  (DSP_MULTIPLIER=1 DSP_PREADD=1 DSP_PREADD_DATA=2)
  Clock Path Skew:        -0.164ns (DCD - SCD + CPR)
    Destination Clock Delay (DCD):    1.791ns = ( 5.089 - 3.298 ) 
    Source Clock Delay      (SCD):    2.260ns
    Clock Pessimism Removal (CPR):    0.305ns
  Clock Uncertainty:      0.085ns  ((TSJ^2 + TIJ^2)^1/2 + DJ) / 2 + PE + UU
    Total System Jitter     (TSJ):    0.071ns
    Total Input Jitter      (TIJ):    0.000ns
    Discrete Jitter          (DJ):    0.000ns
    Phase Error              (PE):    0.000ns
    User Uncertainty         (UU):    0.050ns
  Clock Net Delay (Source):      1.331ns (routing 0.171ns, distribution 1.160ns)
  Clock Net Delay (Destination): 1.151ns (routing 0.155ns, distribution 0.996ns)

    Location             Delay type                Incr(ns)  Path(ns)    Netlist Resource(s)
  -------------------------------------------------------------------    -------------------
                         (clock clk rise edge)        0.000     0.000 r  
    AJ20                                              0.000     0.000 r  clk (IN)
                         net (fo=0)                   0.000     0.000    clk_IBUF_inst/I
    AJ20                 INBUF (Prop_INBUF_HPIOB_M_PAD_O)
                                                      0.565     0.565 r  clk_IBUF_inst/INBUF_INST/O
                         net (fo=1, routed)           0.000     0.565    clk_IBUF_inst/OUT
    AJ20                 IBUFCTRL (Prop_IBUFCTRL_HPIOB_M_I_O)
                                                      0.000     0.565 r  clk_IBUF_inst/IBUFCTRL_INST/O
                         net (fo=1, routed)           0.336     0.901    clk_IBUF
    BUFGCE_X1Y71         BUFGCE (Prop_BUFCE_BUFGCE_I_O)
                                                      0.028     0.929 r  clk_IBUF_BUFG_inst/O
    X2Y2 (CLOCK_ROOT)    net (fo=185544, routed)      1.331     2.260    u_system/u_replay/g_array.u_array/u_array/u_ref/g_row[14].g_col[18].u_pe/u_mul/clk_IBUF_BUFG
    SLICE_X80Y89         FDRE                                         r  u_system/u_replay/g_array.u_array/u_array/u_ref/g_row[14].g_col[18].u_pe/u_mul/w0_s0_reg[2]/C
  -------------------------------------------------------------------    -------------------
    SLICE_X80Y89         FDRE (Prop_BFF2_SLICEL_C_Q)
                                                      0.080     2.340 f  u_system/u_replay/g_array.u_array/u_array/u_ref/g_row[14].g_col[18].u_pe/u_mul/w0_s0_reg[2]/Q
                         net (fo=1, routed)           1.389     3.729    u_system/u_replay/g_array.u_array/u_array/u_ref/g_row[14].g_col[18].u_pe/u_mul/u_dsp/D[2]
    DSP48E2_X7Y57        DSP_PREADD_DATA (Prop_DSP_PREADD_DATA_DSP48E2_DIN[2]_D_DATA[2])
                                                      0.240     3.969 r  u_system/u_replay/g_array.u_array/u_array/u_ref/g_row[14].g_col[18].u_pe/u_mul/u_dsp/DSP_PREADD_DATA_INST/D_DATA[2]
                         net (fo=1, routed)           0.000     3.969    u_system/u_replay/g_array.u_array/u_array/u_ref/g_row[14].g_col[18].u_pe/u_mul/u_dsp/DSP_PREADD_DATA.D_DATA<2>
    DSP48E2_X7Y57        DSP_PREADD (Prop_DSP_PREADD_DSP48E2_D_DATA[2]_AD[16])
                                                      0.524     4.493 f  u_system/u_replay/g_array.u_array/u_array/u_ref/g_row[14].g_col[18].u_pe/u_mul/u_dsp/DSP_PREADD_INST/AD[16]
                         net (fo=1, routed)           0.000     4.493    u_system/u_replay/g_array.u_array/u_array/u_ref/g_row[14].g_col[18].u_pe/u_mul/u_dsp/DSP_PREADD.AD<16>
    DSP48E2_X7Y57        DSP_PREADD_DATA (Prop_DSP_PREADD_DATA_DSP48E2_AD[16]_AD_DATA[16])
                                                      0.050     4.543 r  u_system/u_replay/g_array.u_array/u_array/u_ref/g_row[14].g_col[18].u_pe/u_mul/u_dsp/DSP_PREADD_DATA_INST/AD_DATA[16]
                         net (fo=1, routed)           0.000     4.543    u_system/u_replay/g_array.u_array/u_array/u_ref/g_row[14].g_col[18].u_pe/u_mul/u_dsp/DSP_PREADD_DATA.AD_DATA<16>
    DSP48E2_X7Y57        DSP_MULTIPLIER (Prop_DSP_MULTIPLIER_DSP48E2_AD_DATA[16]_U[17])
                                                      0.612     5.155 r  u_system/u_replay/g_array.u_array/u_array/u_ref/g_row[14].g_col[18].u_pe/u_mul/u_dsp/DSP_MULTIPLIER_INST/U[17]
                         net (fo=1, routed)           0.000     5.155    u_system/u_replay/g_array.u_array/u_array/u_ref/g_row[14].g_col[18].u_pe/u_mul/u_dsp/DSP_MULTIPLIER.U<17>
    DSP48E2_X7Y57        DSP_M_DATA                                   r  u_system/u_replay/g_array.u_array/u_array/u_ref/g_row[14].g_col[18].u_pe/u_mul/u_dsp/DSP_M_DATA_INST/U[17]
  -------------------------------------------------------------------    -------------------

                         (clock clk rise edge)        3.298     3.298 r  
    AJ20                                              0.000     3.298 r  clk (IN)
                         net (fo=0)                   0.000     3.298    clk_IBUF_inst/I
    AJ20                 INBUF (Prop_INBUF_HPIOB_M_PAD_O)
                                                      0.315     3.613 r  clk_IBUF_inst/INBUF_INST/O
                         net (fo=1, routed)           0.000     3.613    clk_IBUF_inst/OUT
    AJ20                 IBUFCTRL (Prop_IBUFCTRL_HPIOB_M_I_O)
                                                      0.000     3.613 r  clk_IBUF_inst/IBUFCTRL_INST/O
                         net (fo=1, routed)           0.301     3.914    clk_IBUF
    BUFGCE_X1Y71         BUFGCE (Prop_BUFCE_BUFGCE_I_O)
                                                      0.024     3.938 r  clk_IBUF_BUFG_inst/O
    X2Y2 (CLOCK_ROOT)    net (fo=185544, routed)      1.151     5.089    u_system/u_replay/g_array.u_array/u_array/u_ref/g_row[14].g_col[18].u_pe/u_mul/u_dsp/CLK
    DSP48E2_X7Y57        DSP_M_DATA                                   r  u_system/u_replay/g_array.u_array/u_array/u_ref/g_row[14].g_col[18].u_pe/u_mul/u_dsp/DSP_M_DATA_INST/CLK
                         clock pessimism              0.305     5.394    
                         clock uncertainty           -0.085     5.309    
    DSP48E2_X7Y57        DSP_M_DATA (Setup_DSP_M_DATA_DSP48E2_CLK_U[17])
                                                      0.015     5.324    u_system/u_replay/g_array.u_array/u_array/u_ref/g_row[14].g_col[18].u_pe/u_mul/u_dsp/DSP_M_DATA_INST
  -------------------------------------------------------------------
                         required time                          5.324    
                         arrival time                          -5.155    
  -------------------------------------------------------------------
                         slack                                  0.169    

Slack (MET) :             0.169ns  (required time - arrival time)
  Source:                 u_system/u_replay/g_array.u_array/u_array/u_ref/g_row[14].g_col[18].u_pe/u_mul/w0_s0_reg[2]/C
                            (rising edge-triggered cell FDRE clocked by clk  {rise@0.000ns fall@1.649ns period=3.298ns})
  Destination:            u_system/u_replay/g_array.u_array/u_array/u_ref/g_row[14].g_col[18].u_pe/u_mul/u_dsp/DSP_M_DATA_INST/U[18]
                            (rising edge-triggered cell DSP_M_DATA clocked by clk  {rise@0.000ns fall@1.649ns period=3.298ns})
  Path Group:             clk
  Path Type:              Setup (Max at Slow Process Corner)
  Requirement:            3.298ns  (clk rise@3.298ns - clk rise@0.000ns)
  Data Path Delay:        2.895ns  (logic 1.506ns (52.021%)  route 1.389ns (47.979%))
  Logic Levels:           4  (DSP_MULTIPLIER=1 DSP_PREADD=1 DSP_PREADD_DATA=2)
  Clock Path Skew:        -0.164ns (DCD - SCD + CPR)
    Destination Clock Delay (DCD):    1.791ns = ( 5.089 - 3.298 ) 
    Source Clock Delay      (SCD):    2.260ns
    Clock Pessimism Removal (CPR):    0.305ns
  Clock Uncertainty:      0.085ns  ((TSJ^2 + TIJ^2)^1/2 + DJ) / 2 + PE + UU
    Total System Jitter     (TSJ):    0.071ns
    Total Input Jitter      (TIJ):    0.000ns
    Discrete Jitter          (DJ):    0.000ns
    Phase Error              (PE):    0.000ns
    User Uncertainty         (UU):    0.050ns
  Clock Net Delay (Source):      1.331ns (routing 0.171ns, distribution 1.160ns)
  Clock Net Delay (Destination): 1.151ns (routing 0.155ns, distribution 0.996ns)

    Location             Delay type                Incr(ns)  Path(ns)    Netlist Resource(s)
  -------------------------------------------------------------------    -------------------
                         (clock clk rise edge)        0.000     0.000 r  
    AJ20                                              0.000     0.000 r  clk (IN)
                         net (fo=0)                   0.000     0.000    clk_IBUF_inst/I
    AJ20                 INBUF (Prop_INBUF_HPIOB_M_PAD_O)
                                                      0.565     0.565 r  clk_IBUF_inst/INBUF_INST/O
                         net (fo=1, routed)           0.000     0.565    clk_IBUF_inst/OUT
    AJ20                 IBUFCTRL (Prop_IBUFCTRL_HPIOB_M_I_O)
                                                      0.000     0.565 r  clk_IBUF_inst/IBUFCTRL_INST/O
                         net (fo=1, routed)           0.336     0.901    clk_IBUF
    BUFGCE_X1Y71         BUFGCE (Prop_BUFCE_BUFGCE_I_O)
                                                      0.028     0.929 r  clk_IBUF_BUFG_inst/O
    X2Y2 (CLOCK_ROOT)    net (fo=185544, routed)      1.331     2.260    u_system/u_replay/g_array.u_array/u_array/u_ref/g_row[14].g_col[18].u_pe/u_mul/clk_IBUF_BUFG
    SLICE_X80Y89         FDRE                                         r  u_system/u_replay/g_array.u_array/u_array/u_ref/g_row[14].g_col[18].u_pe/u_mul/w0_s0_reg[2]/C
  -------------------------------------------------------------------    -------------------
    SLICE_X80Y89         FDRE (Prop_BFF2_SLICEL_C_Q)
                                                      0.080     2.340 f  u_system/u_replay/g_array.u_array/u_array/u_ref/g_row[14].g_col[18].u_pe/u_mul/w0_s0_reg[2]/Q
                         net (fo=1, routed)           1.389     3.729    u_system/u_replay/g_array.u_array/u_array/u_ref/g_row[14].g_col[18].u_pe/u_mul/u_dsp/D[2]
    DSP48E2_X7Y57        DSP_PREADD_DATA (Prop_DSP_PREADD_DATA_DSP48E2_DIN[2]_D_DATA[2])
                                                      0.240     3.969 r  u_system/u_replay/g_array.u_array/u_array/u_ref/g_row[14].g_col[18].u_pe/u_mul/u_dsp/DSP_PREADD_DATA_INST/D_DATA[2]
                         net (fo=1, routed)           0.000     3.969    u_system/u_replay/g_array.u_array/u_array/u_ref/g_row[14].g_col[18].u_pe/u_mul/u_dsp/DSP_PREADD_DATA.D_DATA<2>
    DSP48E2_X7Y57        DSP_PREADD (Prop_DSP_PREADD_DSP48E2_D_DATA[2]_AD[17])
                                                      0.524     4.493 f  u_system/u_replay/g_array.u_array/u_array/u_ref/g_row[14].g_col[18].u_pe/u_mul/u_dsp/DSP_PREADD_INST/AD[17]
                         net (fo=1, routed)           0.000     4.493    u_system/u_replay/g_array.u_array/u_array/u_ref/g_row[14].g_col[18].u_pe/u_mul/u_dsp/DSP_PREADD.AD<17>
    DSP48E2_X7Y57        DSP_PREADD_DATA (Prop_DSP_PREADD_DATA_DSP48E2_AD[17]_AD_DATA[17])
                                                      0.050     4.543 r  u_system/u_replay/g_array.u_array/u_array/u_ref/g_row[14].g_col[18].u_pe/u_mul/u_dsp/DSP_PREADD_DATA_INST/AD_DATA[17]
                         net (fo=1, routed)           0.000     4.543    u_system/u_replay/g_array.u_array/u_array/u_ref/g_row[14].g_col[18].u_pe/u_mul/u_dsp/DSP_PREADD_DATA.AD_DATA<17>
    DSP48E2_X7Y57        DSP_MULTIPLIER (Prop_DSP_MULTIPLIER_DSP48E2_AD_DATA[17]_U[18])
                                                      0.612     5.155 r  u_system/u_replay/g_array.u_array/u_array/u_ref/g_row[14].g_col[18].u_pe/u_mul/u_dsp/DSP_MULTIPLIER_INST/U[18]
                         net (fo=1, routed)           0.000     5.155    u_system/u_replay/g_array.u_array/u_array/u_ref/g_row[14].g_col[18].u_pe/u_mul/u_dsp/DSP_MULTIPLIER.U<18>
    DSP48E2_X7Y57        DSP_M_DATA                                   r  u_system/u_replay/g_array.u_array/u_array/u_ref/g_row[14].g_col[18].u_pe/u_mul/u_dsp/DSP_M_DATA_INST/U[18]
  -------------------------------------------------------------------    -------------------

                         (clock clk rise edge)        3.298     3.298 r  
    AJ20                                              0.000     3.298 r  clk (IN)
                         net (fo=0)                   0.000     3.298    clk_IBUF_inst/I
    AJ20                 INBUF (Prop_INBUF_HPIOB_M_PAD_O)
                                                      0.315     3.613 r  clk_IBUF_inst/INBUF_INST/O
                         net (fo=1, routed)           0.000     3.613    clk_IBUF_inst/OUT
    AJ20                 IBUFCTRL (Prop_IBUFCTRL_HPIOB_M_I_O)
                                                      0.000     3.613 r  clk_IBUF_inst/IBUFCTRL_INST/O
                         net (fo=1, routed)           0.301     3.914    clk_IBUF
    BUFGCE_X1Y71         BUFGCE (Prop_BUFCE_BUFGCE_I_O)
                                                      0.024     3.938 r  clk_IBUF_BUFG_inst/O
    X2Y2 (CLOCK_ROOT)    net (fo=185544, routed)      1.151     5.089    u_system/u_replay/g_array.u_array/u_array/u_ref/g_row[14].g_col[18].u_pe/u_mul/u_dsp/CLK
    DSP48E2_X7Y57        DSP_M_DATA                                   r  u_system/u_replay/g_array.u_array/u_array/u_ref/g_row[14].g_col[18].u_pe/u_mul/u_dsp/DSP_M_DATA_INST/CLK
                         clock pessimism              0.305     5.394    
                         clock uncertainty           -0.085     5.309    
    DSP48E2_X7Y57        DSP_M_DATA (Setup_DSP_M_DATA_DSP48E2_CLK_U[18])
                                                      0.015     5.324    u_system/u_replay/g_array.u_array/u_array/u_ref/g_row[14].g_col[18].u_pe/u_mul/u_dsp/DSP_M_DATA_INST
  -------------------------------------------------------------------
                         required time                          5.324    
                         arrival time                          -5.155    
  -------------------------------------------------------------------
                         slack                                  0.169    

Slack (MET) :             0.169ns  (required time - arrival time)
  Source:                 u_system/u_replay/g_array.u_array/u_array/u_ref/g_row[14].g_col[18].u_pe/u_mul/w0_s0_reg[2]/C
                            (rising edge-triggered cell FDRE clocked by clk  {rise@0.000ns fall@1.649ns period=3.298ns})
  Destination:            u_system/u_replay/g_array.u_array/u_array/u_ref/g_row[14].g_col[18].u_pe/u_mul/u_dsp/DSP_M_DATA_INST/U[19]
                            (rising edge-triggered cell DSP_M_DATA clocked by clk  {rise@0.000ns fall@1.649ns period=3.298ns})
  Path Group:             clk
  Path Type:              Setup (Max at Slow Process Corner)
  Requirement:            3.298ns  (clk rise@3.298ns - clk rise@0.000ns)
  Data Path Delay:        2.895ns  (logic 1.506ns (52.021%)  route 1.389ns (47.979%))
  Logic Levels:           4  (DSP_MULTIPLIER=1 DSP_PREADD=1 DSP_PREADD_DATA=2)
  Clock Path Skew:        -0.164ns (DCD - SCD + CPR)
    Destination Clock Delay (DCD):    1.791ns = ( 5.089 - 3.298 ) 
    Source Clock Delay      (SCD):    2.260ns
    Clock Pessimism Removal (CPR):    0.305ns
  Clock Uncertainty:      0.085ns  ((TSJ^2 + TIJ^2)^1/2 + DJ) / 2 + PE + UU
    Total System Jitter     (TSJ):    0.071ns
    Total Input Jitter      (TIJ):    0.000ns
    Discrete Jitter          (DJ):    0.000ns
    Phase Error              (PE):    0.000ns
    User Uncertainty         (UU):    0.050ns
  Clock Net Delay (Source):      1.331ns (routing 0.171ns, distribution 1.160ns)
  Clock Net Delay (Destination): 1.151ns (routing 0.155ns, distribution 0.996ns)

    Location             Delay type                Incr(ns)  Path(ns)    Netlist Resource(s)
  -------------------------------------------------------------------    -------------------
                         (clock clk rise edge)        0.000     0.000 r  
    AJ20                                              0.000     0.000 r  clk (IN)
                         net (fo=0)                   0.000     0.000    clk_IBUF_inst/I
    AJ20                 INBUF (Prop_INBUF_HPIOB_M_PAD_O)
                                                      0.565     0.565 r  clk_IBUF_inst/INBUF_INST/O
                         net (fo=1, routed)           0.000     0.565    clk_IBUF_inst/OUT
    AJ20                 IBUFCTRL (Prop_IBUFCTRL_HPIOB_M_I_O)
                                                      0.000     0.565 r  clk_IBUF_inst/IBUFCTRL_INST/O
                         net (fo=1, routed)           0.336     0.901    clk_IBUF
    BUFGCE_X1Y71         BUFGCE (Prop_BUFCE_BUFGCE_I_O)
                                                      0.028     0.929 r  clk_IBUF_BUFG_inst/O
    X2Y2 (CLOCK_ROOT)    net (fo=185544, routed)      1.331     2.260    u_system/u_replay/g_array.u_array/u_array/u_ref/g_row[14].g_col[18].u_pe/u_mul/clk_IBUF_BUFG
    SLICE_X80Y89         FDRE                                         r  u_system/u_replay/g_array.u_array/u_array/u_ref/g_row[14].g_col[18].u_pe/u_mul/w0_s0_reg[2]/C
  -------------------------------------------------------------------    -------------------
    SLICE_X80Y89         FDRE (Prop_BFF2_SLICEL_C_Q)
                                                      0.080     2.340 f  u_system/u_replay/g_array.u_array/u_array/u_ref/g_row[14].g_col[18].u_pe/u_mul/w0_s0_reg[2]/Q
                         net (fo=1, routed)           1.389     3.729    u_system/u_replay/g_array.u_array/u_array/u_ref/g_row[14].g_col[18].u_pe/u_mul/u_dsp/D[2]
    DSP48E2_X7Y57        DSP_PREADD_DATA (Prop_DSP_PREADD_DATA_DSP48E2_DIN[2]_D_DATA[2])
                                                      0.240     3.969 r  u_system/u_replay/g_array.u_array/u_array/u_ref/g_row[14].g_col[18].u_pe/u_mul/u_dsp/DSP_PREADD_DATA_INST/D_DATA[2]
                         net (fo=1, routed)           0.000     3.969    u_system/u_replay/g_array.u_array/u_array/u_ref/g_row[14].g_col[18].u_pe/u_mul/u_dsp/DSP_PREADD_DATA.D_DATA<2>
    DSP48E2_X7Y57        DSP_PREADD (Prop_DSP_PREADD_DSP48E2_D_DATA[2]_AD[18])
                                                      0.524     4.493 f  u_system/u_replay/g_array.u_array/u_array/u_ref/g_row[14].g_col[18].u_pe/u_mul/u_dsp/DSP_PREADD_INST/AD[18]
                         net (fo=1, routed)           0.000     4.493    u_system/u_replay/g_array.u_array/u_array/u_ref/g_row[14].g_col[18].u_pe/u_mul/u_dsp/DSP_PREADD.AD<18>
    DSP48E2_X7Y57        DSP_PREADD_DATA (Prop_DSP_PREADD_DATA_DSP48E2_AD[18]_AD_DATA[18])
                                                      0.050     4.543 r  u_system/u_replay/g_array.u_array/u_array/u_ref/g_row[14].g_col[18].u_pe/u_mul/u_dsp/DSP_PREADD_DATA_INST/AD_DATA[18]
                         net (fo=1, routed)           0.000     4.543    u_system/u_replay/g_array.u_array/u_array/u_ref/g_row[14].g_col[18].u_pe/u_mul/u_dsp/DSP_PREADD_DATA.AD_DATA<18>
    DSP48E2_X7Y57        DSP_MULTIPLIER (Prop_DSP_MULTIPLIER_DSP48E2_AD_DATA[18]_U[19])
                                                      0.612     5.155 r  u_system/u_replay/g_array.u_array/u_array/u_ref/g_row[14].g_col[18].u_pe/u_mul/u_dsp/DSP_MULTIPLIER_INST/U[19]
                         net (fo=1, routed)           0.000     5.155    u_system/u_replay/g_array.u_array/u_array/u_ref/g_row[14].g_col[18].u_pe/u_mul/u_dsp/DSP_MULTIPLIER.U<19>
    DSP48E2_X7Y57        DSP_M_DATA                                   r  u_system/u_replay/g_array.u_array/u_array/u_ref/g_row[14].g_col[18].u_pe/u_mul/u_dsp/DSP_M_DATA_INST/U[19]
  -------------------------------------------------------------------    -------------------

                         (clock clk rise edge)        3.298     3.298 r  
    AJ20                                              0.000     3.298 r  clk (IN)
                         net (fo=0)                   0.000     3.298    clk_IBUF_inst/I
    AJ20                 INBUF (Prop_INBUF_HPIOB_M_PAD_O)
                                                      0.315     3.613 r  clk_IBUF_inst/INBUF_INST/O
                         net (fo=1, routed)           0.000     3.613    clk_IBUF_inst/OUT
    AJ20                 IBUFCTRL (Prop_IBUFCTRL_HPIOB_M_I_O)
                                                      0.000     3.613 r  clk_IBUF_inst/IBUFCTRL_INST/O
                         net (fo=1, routed)           0.301     3.914    clk_IBUF
    BUFGCE_X1Y71         BUFGCE (Prop_BUFCE_BUFGCE_I_O)
                                                      0.024     3.938 r  clk_IBUF_BUFG_inst/O
    X2Y2 (CLOCK_ROOT)    net (fo=185544, routed)      1.151     5.089    u_system/u_replay/g_array.u_array/u_array/u_ref/g_row[14].g_col[18].u_pe/u_mul/u_dsp/CLK
    DSP48E2_X7Y57        DSP_M_DATA                                   r  u_system/u_replay/g_array.u_array/u_array/u_ref/g_row[14].g_col[18].u_pe/u_mul/u_dsp/DSP_M_DATA_INST/CLK
                         clock pessimism              0.305     5.394    
                         clock uncertainty           -0.085     5.309    
    DSP48E2_X7Y57        DSP_M_DATA (Setup_DSP_M_DATA_DSP48E2_CLK_U[19])
                                                      0.015     5.324    u_system/u_replay/g_array.u_array/u_array/u_ref/g_row[14].g_col[18].u_pe/u_mul/u_dsp/DSP_M_DATA_INST
  -------------------------------------------------------------------
                         required time                          5.324    
                         arrival time                          -5.155    
  -------------------------------------------------------------------
                         slack                                  0.169    

Slack (MET) :             0.169ns  (required time - arrival time)
  Source:                 u_system/u_replay/g_array.u_array/u_array/u_ref/g_row[14].g_col[18].u_pe/u_mul/w0_s0_reg[2]/C
                            (rising edge-triggered cell FDRE clocked by clk  {rise@0.000ns fall@1.649ns period=3.298ns})
  Destination:            u_system/u_replay/g_array.u_array/u_array/u_ref/g_row[14].g_col[18].u_pe/u_mul/u_dsp/DSP_M_DATA_INST/U[20]
                            (rising edge-triggered cell DSP_M_DATA clocked by clk  {rise@0.000ns fall@1.649ns period=3.298ns})
  Path Group:             clk
  Path Type:              Setup (Max at Slow Process Corner)
  Requirement:            3.298ns  (clk rise@3.298ns - clk rise@0.000ns)
  Data Path Delay:        2.895ns  (logic 1.506ns (52.021%)  route 1.389ns (47.979%))
  Logic Levels:           4  (DSP_MULTIPLIER=1 DSP_PREADD=1 DSP_PREADD_DATA=2)
  Clock Path Skew:        -0.164ns (DCD - SCD + CPR)
    Destination Clock Delay (DCD):    1.791ns = ( 5.089 - 3.298 ) 
    Source Clock Delay      (SCD):    2.260ns
    Clock Pessimism Removal (CPR):    0.305ns
  Clock Uncertainty:      0.085ns  ((TSJ^2 + TIJ^2)^1/2 + DJ) / 2 + PE + UU
    Total System Jitter     (TSJ):    0.071ns
    Total Input Jitter      (TIJ):    0.000ns
    Discrete Jitter          (DJ):    0.000ns
    Phase Error              (PE):    0.000ns
    User Uncertainty         (UU):    0.050ns
  Clock Net Delay (Source):      1.331ns (routing 0.171ns, distribution 1.160ns)
  Clock Net Delay (Destination): 1.151ns (routing 0.155ns, distribution 0.996ns)

    Location             Delay type                Incr(ns)  Path(ns)    Netlist Resource(s)
  -------------------------------------------------------------------    -------------------
                         (clock clk rise edge)        0.000     0.000 r  
    AJ20                                              0.000     0.000 r  clk (IN)
                         net (fo=0)                   0.000     0.000    clk_IBUF_inst/I
    AJ20                 INBUF (Prop_INBUF_HPIOB_M_PAD_O)
                                                      0.565     0.565 r  clk_IBUF_inst/INBUF_INST/O
                         net (fo=1, routed)           0.000     0.565    clk_IBUF_inst/OUT
    AJ20                 IBUFCTRL (Prop_IBUFCTRL_HPIOB_M_I_O)
                                                      0.000     0.565 r  clk_IBUF_inst/IBUFCTRL_INST/O
                         net (fo=1, routed)           0.336     0.901    clk_IBUF
    BUFGCE_X1Y71         BUFGCE (Prop_BUFCE_BUFGCE_I_O)
                                                      0.028     0.929 r  clk_IBUF_BUFG_inst/O
    X2Y2 (CLOCK_ROOT)    net (fo=185544, routed)      1.331     2.260    u_system/u_replay/g_array.u_array/u_array/u_ref/g_row[14].g_col[18].u_pe/u_mul/clk_IBUF_BUFG
    SLICE_X80Y89         FDRE                                         r  u_system/u_replay/g_array.u_array/u_array/u_ref/g_row[14].g_col[18].u_pe/u_mul/w0_s0_reg[2]/C
  -------------------------------------------------------------------    -------------------
    SLICE_X80Y89         FDRE (Prop_BFF2_SLICEL_C_Q)
                                                      0.080     2.340 f  u_system/u_replay/g_array.u_array/u_array/u_ref/g_row[14].g_col[18].u_pe/u_mul/w0_s0_reg[2]/Q
                         net (fo=1, routed)           1.389     3.729    u_system/u_replay/g_array.u_array/u_array/u_ref/g_row[14].g_col[18].u_pe/u_mul/u_dsp/D[2]
    DSP48E2_X7Y57        DSP_PREADD_DATA (Prop_DSP_PREADD_DATA_DSP48E2_DIN[2]_D_DATA[2])
                                                      0.240     3.969 r  u_system/u_replay/g_array.u_array/u_array/u_ref/g_row[14].g_col[18].u_pe/u_mul/u_dsp/DSP_PREADD_DATA_INST/D_DATA[2]
                         net (fo=1, routed)           0.000     3.969    u_system/u_replay/g_array.u_array/u_array/u_ref/g_row[14].g_col[18].u_pe/u_mul/u_dsp/DSP_PREADD_DATA.D_DATA<2>
    DSP48E2_X7Y57        DSP_PREADD (Prop_DSP_PREADD_DSP48E2_D_DATA[2]_AD[19])
                                                      0.524     4.493 f  u_system/u_replay/g_array.u_array/u_array/u_ref/g_row[14].g_col[18].u_pe/u_mul/u_dsp/DSP_PREADD_INST/AD[19]
                         net (fo=1, routed)           0.000     4.493    u_system/u_replay/g_array.u_array/u_array/u_ref/g_row[14].g_col[18].u_pe/u_mul/u_dsp/DSP_PREADD.AD<19>
    DSP48E2_X7Y57        DSP_PREADD_DATA (Prop_DSP_PREADD_DATA_DSP48E2_AD[19]_AD_DATA[19])
                                                      0.050     4.543 r  u_system/u_replay/g_array.u_array/u_array/u_ref/g_row[14].g_col[18].u_pe/u_mul/u_dsp/DSP_PREADD_DATA_INST/AD_DATA[19]
                         net (fo=1, routed)           0.000     4.543    u_system/u_replay/g_array.u_array/u_array/u_ref/g_row[14].g_col[18].u_pe/u_mul/u_dsp/DSP_PREADD_DATA.AD_DATA<19>
    DSP48E2_X7Y57        DSP_MULTIPLIER (Prop_DSP_MULTIPLIER_DSP48E2_AD_DATA[19]_U[20])
                                                      0.612     5.155 r  u_system/u_replay/g_array.u_array/u_array/u_ref/g_row[14].g_col[18].u_pe/u_mul/u_dsp/DSP_MULTIPLIER_INST/U[20]
                         net (fo=1, routed)           0.000     5.155    u_system/u_replay/g_array.u_array/u_array/u_ref/g_row[14].g_col[18].u_pe/u_mul/u_dsp/DSP_MULTIPLIER.U<20>
    DSP48E2_X7Y57        DSP_M_DATA                                   r  u_system/u_replay/g_array.u_array/u_array/u_ref/g_row[14].g_col[18].u_pe/u_mul/u_dsp/DSP_M_DATA_INST/U[20]
  -------------------------------------------------------------------    -------------------

                         (clock clk rise edge)        3.298     3.298 r  
    AJ20                                              0.000     3.298 r  clk (IN)
                         net (fo=0)                   0.000     3.298    clk_IBUF_inst/I
    AJ20                 INBUF (Prop_INBUF_HPIOB_M_PAD_O)
                                                      0.315     3.613 r  clk_IBUF_inst/INBUF_INST/O
                         net (fo=1, routed)           0.000     3.613    clk_IBUF_inst/OUT
    AJ20                 IBUFCTRL (Prop_IBUFCTRL_HPIOB_M_I_O)
                                                      0.000     3.613 r  clk_IBUF_inst/IBUFCTRL_INST/O
                         net (fo=1, routed)           0.301     3.914    clk_IBUF
    BUFGCE_X1Y71         BUFGCE (Prop_BUFCE_BUFGCE_I_O)
                                                      0.024     3.938 r  clk_IBUF_BUFG_inst/O
    X2Y2 (CLOCK_ROOT)    net (fo=185544, routed)      1.151     5.089    u_system/u_replay/g_array.u_array/u_array/u_ref/g_row[14].g_col[18].u_pe/u_mul/u_dsp/CLK
    DSP48E2_X7Y57        DSP_M_DATA                                   r  u_system/u_replay/g_array.u_array/u_array/u_ref/g_row[14].g_col[18].u_pe/u_mul/u_dsp/DSP_M_DATA_INST/CLK
                         clock pessimism              0.305     5.394    
                         clock uncertainty           -0.085     5.309    
    DSP48E2_X7Y57        DSP_M_DATA (Setup_DSP_M_DATA_DSP48E2_CLK_U[20])
                                                      0.015     5.324    u_system/u_replay/g_array.u_array/u_array/u_ref/g_row[14].g_col[18].u_pe/u_mul/u_dsp/DSP_M_DATA_INST
  -------------------------------------------------------------------
                         required time                          5.324    
                         arrival time                          -5.155    
  -------------------------------------------------------------------
                         slack                                  0.169    

Slack (MET) :             0.169ns  (required time - arrival time)
  Source:                 u_system/u_replay/g_array.u_array/u_array/u_ref/g_row[14].g_col[18].u_pe/u_mul/w0_s0_reg[2]/C
                            (rising edge-triggered cell FDRE clocked by clk  {rise@0.000ns fall@1.649ns period=3.298ns})
  Destination:            u_system/u_replay/g_array.u_array/u_array/u_ref/g_row[14].g_col[18].u_pe/u_mul/u_dsp/DSP_M_DATA_INST/U[21]
                            (rising edge-triggered cell DSP_M_DATA clocked by clk  {rise@0.000ns fall@1.649ns period=3.298ns})
  Path Group:             clk
  Path Type:              Setup (Max at Slow Process Corner)
  Requirement:            3.298ns  (clk rise@3.298ns - clk rise@0.000ns)
  Data Path Delay:        2.895ns  (logic 1.506ns (52.021%)  route 1.389ns (47.979%))
  Logic Levels:           4  (DSP_MULTIPLIER=1 DSP_PREADD=1 DSP_PREADD_DATA=2)
  Clock Path Skew:        -0.164ns (DCD - SCD + CPR)
    Destination Clock Delay (DCD):    1.791ns = ( 5.089 - 3.298 ) 
    Source Clock Delay      (SCD):    2.260ns
    Clock Pessimism Removal (CPR):    0.305ns
  Clock Uncertainty:      0.085ns  ((TSJ^2 + TIJ^2)^1/2 + DJ) / 2 + PE + UU
    Total System Jitter     (TSJ):    0.071ns
    Total Input Jitter      (TIJ):    0.000ns
    Discrete Jitter          (DJ):    0.000ns
    Phase Error              (PE):    0.000ns
    User Uncertainty         (UU):    0.050ns
  Clock Net Delay (Source):      1.331ns (routing 0.171ns, distribution 1.160ns)
  Clock Net Delay (Destination): 1.151ns (routing 0.155ns, distribution 0.996ns)

    Location             Delay type                Incr(ns)  Path(ns)    Netlist Resource(s)
  -------------------------------------------------------------------    -------------------
                         (clock clk rise edge)        0.000     0.000 r  
    AJ20                                              0.000     0.000 r  clk (IN)
                         net (fo=0)                   0.000     0.000    clk_IBUF_inst/I
    AJ20                 INBUF (Prop_INBUF_HPIOB_M_PAD_O)
                                                      0.565     0.565 r  clk_IBUF_inst/INBUF_INST/O
                         net (fo=1, routed)           0.000     0.565    clk_IBUF_inst/OUT
    AJ20                 IBUFCTRL (Prop_IBUFCTRL_HPIOB_M_I_O)
                                                      0.000     0.565 r  clk_IBUF_inst/IBUFCTRL_INST/O
                         net (fo=1, routed)           0.336     0.901    clk_IBUF
    BUFGCE_X1Y71         BUFGCE (Prop_BUFCE_BUFGCE_I_O)
                                                      0.028     0.929 r  clk_IBUF_BUFG_inst/O
    X2Y2 (CLOCK_ROOT)    net (fo=185544, routed)      1.331     2.260    u_system/u_replay/g_array.u_array/u_array/u_ref/g_row[14].g_col[18].u_pe/u_mul/clk_IBUF_BUFG
    SLICE_X80Y89         FDRE                                         r  u_system/u_replay/g_array.u_array/u_array/u_ref/g_row[14].g_col[18].u_pe/u_mul/w0_s0_reg[2]/C
  -------------------------------------------------------------------    -------------------
    SLICE_X80Y89         FDRE (Prop_BFF2_SLICEL_C_Q)
                                                      0.080     2.340 f  u_system/u_replay/g_array.u_array/u_array/u_ref/g_row[14].g_col[18].u_pe/u_mul/w0_s0_reg[2]/Q
                         net (fo=1, routed)           1.389     3.729    u_system/u_replay/g_array.u_array/u_array/u_ref/g_row[14].g_col[18].u_pe/u_mul/u_dsp/D[2]
    DSP48E2_X7Y57        DSP_PREADD_DATA (Prop_DSP_PREADD_DATA_DSP48E2_DIN[2]_D_DATA[2])
                                                      0.240     3.969 r  u_system/u_replay/g_array.u_array/u_array/u_ref/g_row[14].g_col[18].u_pe/u_mul/u_dsp/DSP_PREADD_DATA_INST/D_DATA[2]
                         net (fo=1, routed)           0.000     3.969    u_system/u_replay/g_array.u_array/u_array/u_ref/g_row[14].g_col[18].u_pe/u_mul/u_dsp/DSP_PREADD_DATA.D_DATA<2>
    DSP48E2_X7Y57        DSP_PREADD (Prop_DSP_PREADD_DSP48E2_D_DATA[2]_AD[20])
                                                      0.524     4.493 f  u_system/u_replay/g_array.u_array/u_array/u_ref/g_row[14].g_col[18].u_pe/u_mul/u_dsp/DSP_PREADD_INST/AD[20]
                         net (fo=1, routed)           0.000     4.493    u_system/u_replay/g_array.u_array/u_array/u_ref/g_row[14].g_col[18].u_pe/u_mul/u_dsp/DSP_PREADD.AD<20>
    DSP48E2_X7Y57        DSP_PREADD_DATA (Prop_DSP_PREADD_DATA_DSP48E2_AD[20]_AD_DATA[20])
                                                      0.050     4.543 r  u_system/u_replay/g_array.u_array/u_array/u_ref/g_row[14].g_col[18].u_pe/u_mul/u_dsp/DSP_PREADD_DATA_INST/AD_DATA[20]
                         net (fo=1, routed)           0.000     4.543    u_system/u_replay/g_array.u_array/u_array/u_ref/g_row[14].g_col[18].u_pe/u_mul/u_dsp/DSP_PREADD_DATA.AD_DATA<20>
    DSP48E2_X7Y57        DSP_MULTIPLIER (Prop_DSP_MULTIPLIER_DSP48E2_AD_DATA[20]_U[21])
                                                      0.612     5.155 r  u_system/u_replay/g_array.u_array/u_array/u_ref/g_row[14].g_col[18].u_pe/u_mul/u_dsp/DSP_MULTIPLIER_INST/U[21]
                         net (fo=1, routed)           0.000     5.155    u_system/u_replay/g_array.u_array/u_array/u_ref/g_row[14].g_col[18].u_pe/u_mul/u_dsp/DSP_MULTIPLIER.U<21>
    DSP48E2_X7Y57        DSP_M_DATA                                   r  u_system/u_replay/g_array.u_array/u_array/u_ref/g_row[14].g_col[18].u_pe/u_mul/u_dsp/DSP_M_DATA_INST/U[21]
  -------------------------------------------------------------------    -------------------

                         (clock clk rise edge)        3.298     3.298 r  
    AJ20                                              0.000     3.298 r  clk (IN)
                         net (fo=0)                   0.000     3.298    clk_IBUF_inst/I
    AJ20                 INBUF (Prop_INBUF_HPIOB_M_PAD_O)
                                                      0.315     3.613 r  clk_IBUF_inst/INBUF_INST/O
                         net (fo=1, routed)           0.000     3.613    clk_IBUF_inst/OUT
    AJ20                 IBUFCTRL (Prop_IBUFCTRL_HPIOB_M_I_O)
                                                      0.000     3.613 r  clk_IBUF_inst/IBUFCTRL_INST/O
                         net (fo=1, routed)           0.301     3.914    clk_IBUF
    BUFGCE_X1Y71         BUFGCE (Prop_BUFCE_BUFGCE_I_O)
                                                      0.024     3.938 r  clk_IBUF_BUFG_inst/O
    X2Y2 (CLOCK_ROOT)    net (fo=185544, routed)      1.151     5.089    u_system/u_replay/g_array.u_array/u_array/u_ref/g_row[14].g_col[18].u_pe/u_mul/u_dsp/CLK
    DSP48E2_X7Y57        DSP_M_DATA                                   r  u_system/u_replay/g_array.u_array/u_array/u_ref/g_row[14].g_col[18].u_pe/u_mul/u_dsp/DSP_M_DATA_INST/CLK
                         clock pessimism              0.305     5.394    
                         clock uncertainty           -0.085     5.309    
    DSP48E2_X7Y57        DSP_M_DATA (Setup_DSP_M_DATA_DSP48E2_CLK_U[21])
                                                      0.015     5.324    u_system/u_replay/g_array.u_array/u_array/u_ref/g_row[14].g_col[18].u_pe/u_mul/u_dsp/DSP_M_DATA_INST
  -------------------------------------------------------------------
                         required time                          5.324    
                         arrival time                          -5.155    
  -------------------------------------------------------------------
                         slack                                  0.169    

Slack (MET) :             0.169ns  (required time - arrival time)
  Source:                 u_system/u_replay/g_array.u_array/u_array/u_ref/g_row[14].g_col[18].u_pe/u_mul/w0_s0_reg[2]/C
                            (rising edge-triggered cell FDRE clocked by clk  {rise@0.000ns fall@1.649ns period=3.298ns})
  Destination:            u_system/u_replay/g_array.u_array/u_array/u_ref/g_row[14].g_col[18].u_pe/u_mul/u_dsp/DSP_M_DATA_INST/U[22]
                            (rising edge-triggered cell DSP_M_DATA clocked by clk  {rise@0.000ns fall@1.649ns period=3.298ns})
  Path Group:             clk
  Path Type:              Setup (Max at Slow Process Corner)
  Requirement:            3.298ns  (clk rise@3.298ns - clk rise@0.000ns)
  Data Path Delay:        2.895ns  (logic 1.506ns (52.021%)  route 1.389ns (47.979%))
  Logic Levels:           4  (DSP_MULTIPLIER=1 DSP_PREADD=1 DSP_PREADD_DATA=2)
  Clock Path Skew:        -0.164ns (DCD - SCD + CPR)
    Destination Clock Delay (DCD):    1.791ns = ( 5.089 - 3.298 ) 
    Source Clock Delay      (SCD):    2.260ns
    Clock Pessimism Removal (CPR):    0.305ns
  Clock Uncertainty:      0.085ns  ((TSJ^2 + TIJ^2)^1/2 + DJ) / 2 + PE + UU
    Total System Jitter     (TSJ):    0.071ns
    Total Input Jitter      (TIJ):    0.000ns
    Discrete Jitter          (DJ):    0.000ns
    Phase Error              (PE):    0.000ns
    User Uncertainty         (UU):    0.050ns
  Clock Net Delay (Source):      1.331ns (routing 0.171ns, distribution 1.160ns)
  Clock Net Delay (Destination): 1.151ns (routing 0.155ns, distribution 0.996ns)

    Location             Delay type                Incr(ns)  Path(ns)    Netlist Resource(s)
  -------------------------------------------------------------------    -------------------
                         (clock clk rise edge)        0.000     0.000 r  
    AJ20                                              0.000     0.000 r  clk (IN)
                         net (fo=0)                   0.000     0.000    clk_IBUF_inst/I
    AJ20                 INBUF (Prop_INBUF_HPIOB_M_PAD_O)
                                                      0.565     0.565 r  clk_IBUF_inst/INBUF_INST/O
                         net (fo=1, routed)           0.000     0.565    clk_IBUF_inst/OUT
    AJ20                 IBUFCTRL (Prop_IBUFCTRL_HPIOB_M_I_O)
                                                      0.000     0.565 r  clk_IBUF_inst/IBUFCTRL_INST/O
                         net (fo=1, routed)           0.336     0.901    clk_IBUF
    BUFGCE_X1Y71         BUFGCE (Prop_BUFCE_BUFGCE_I_O)
                                                      0.028     0.929 r  clk_IBUF_BUFG_inst/O
    X2Y2 (CLOCK_ROOT)    net (fo=185544, routed)      1.331     2.260    u_system/u_replay/g_array.u_array/u_array/u_ref/g_row[14].g_col[18].u_pe/u_mul/clk_IBUF_BUFG
    SLICE_X80Y89         FDRE                                         r  u_system/u_replay/g_array.u_array/u_array/u_ref/g_row[14].g_col[18].u_pe/u_mul/w0_s0_reg[2]/C
  -------------------------------------------------------------------    -------------------
    SLICE_X80Y89         FDRE (Prop_BFF2_SLICEL_C_Q)
                                                      0.080     2.340 f  u_system/u_replay/g_array.u_array/u_array/u_ref/g_row[14].g_col[18].u_pe/u_mul/w0_s0_reg[2]/Q
                         net (fo=1, routed)           1.389     3.729    u_system/u_replay/g_array.u_array/u_array/u_ref/g_row[14].g_col[18].u_pe/u_mul/u_dsp/D[2]
    DSP48E2_X7Y57        DSP_PREADD_DATA (Prop_DSP_PREADD_DATA_DSP48E2_DIN[2]_D_DATA[2])
                                                      0.240     3.969 r  u_system/u_replay/g_array.u_array/u_array/u_ref/g_row[14].g_col[18].u_pe/u_mul/u_dsp/DSP_PREADD_DATA_INST/D_DATA[2]
                         net (fo=1, routed)           0.000     3.969    u_system/u_replay/g_array.u_array/u_array/u_ref/g_row[14].g_col[18].u_pe/u_mul/u_dsp/DSP_PREADD_DATA.D_DATA<2>
    DSP48E2_X7Y57        DSP_PREADD (Prop_DSP_PREADD_DSP48E2_D_DATA[2]_AD[21])
                                                      0.524     4.493 f  u_system/u_replay/g_array.u_array/u_array/u_ref/g_row[14].g_col[18].u_pe/u_mul/u_dsp/DSP_PREADD_INST/AD[21]
                         net (fo=1, routed)           0.000     4.493    u_system/u_replay/g_array.u_array/u_array/u_ref/g_row[14].g_col[18].u_pe/u_mul/u_dsp/DSP_PREADD.AD<21>
    DSP48E2_X7Y57        DSP_PREADD_DATA (Prop_DSP_PREADD_DATA_DSP48E2_AD[21]_AD_DATA[21])
                                                      0.050     4.543 r  u_system/u_replay/g_array.u_array/u_array/u_ref/g_row[14].g_col[18].u_pe/u_mul/u_dsp/DSP_PREADD_DATA_INST/AD_DATA[21]
                         net (fo=1, routed)           0.000     4.543    u_system/u_replay/g_array.u_array/u_array/u_ref/g_row[14].g_col[18].u_pe/u_mul/u_dsp/DSP_PREADD_DATA.AD_DATA<21>
    DSP48E2_X7Y57        DSP_MULTIPLIER (Prop_DSP_MULTIPLIER_DSP48E2_AD_DATA[21]_U[22])
                                                      0.612     5.155 r  u_system/u_replay/g_array.u_array/u_array/u_ref/g_row[14].g_col[18].u_pe/u_mul/u_dsp/DSP_MULTIPLIER_INST/U[22]
                         net (fo=1, routed)           0.000     5.155    u_system/u_replay/g_array.u_array/u_array/u_ref/g_row[14].g_col[18].u_pe/u_mul/u_dsp/DSP_MULTIPLIER.U<22>
    DSP48E2_X7Y57        DSP_M_DATA                                   r  u_system/u_replay/g_array.u_array/u_array/u_ref/g_row[14].g_col[18].u_pe/u_mul/u_dsp/DSP_M_DATA_INST/U[22]
  -------------------------------------------------------------------    -------------------

                         (clock clk rise edge)        3.298     3.298 r  
    AJ20                                              0.000     3.298 r  clk (IN)
                         net (fo=0)                   0.000     3.298    clk_IBUF_inst/I
    AJ20                 INBUF (Prop_INBUF_HPIOB_M_PAD_O)
                                                      0.315     3.613 r  clk_IBUF_inst/INBUF_INST/O
                         net (fo=1, routed)           0.000     3.613    clk_IBUF_inst/OUT
    AJ20                 IBUFCTRL (Prop_IBUFCTRL_HPIOB_M_I_O)
                                                      0.000     3.613 r  clk_IBUF_inst/IBUFCTRL_INST/O
                         net (fo=1, routed)           0.301     3.914    clk_IBUF
    BUFGCE_X1Y71         BUFGCE (Prop_BUFCE_BUFGCE_I_O)
                                                      0.024     3.938 r  clk_IBUF_BUFG_inst/O
    X2Y2 (CLOCK_ROOT)    net (fo=185544, routed)      1.151     5.089    u_system/u_replay/g_array.u_array/u_array/u_ref/g_row[14].g_col[18].u_pe/u_mul/u_dsp/CLK
    DSP48E2_X7Y57        DSP_M_DATA                                   r  u_system/u_replay/g_array.u_array/u_array/u_ref/g_row[14].g_col[18].u_pe/u_mul/u_dsp/DSP_M_DATA_INST/CLK
                         clock pessimism              0.305     5.394    
                         clock uncertainty           -0.085     5.309    
    DSP48E2_X7Y57        DSP_M_DATA (Setup_DSP_M_DATA_DSP48E2_CLK_U[22])
                                                      0.015     5.324    u_system/u_replay/g_array.u_array/u_array/u_ref/g_row[14].g_col[18].u_pe/u_mul/u_dsp/DSP_M_DATA_INST
  -------------------------------------------------------------------
                         required time                          5.324    
                         arrival time                          -5.155    
  -------------------------------------------------------------------
                         slack                                  0.169    

Slack (MET) :             0.169ns  (required time - arrival time)
  Source:                 u_system/u_replay/g_array.u_array/u_array/u_ref/g_row[14].g_col[18].u_pe/u_mul/w0_s0_reg[2]/C
                            (rising edge-triggered cell FDRE clocked by clk  {rise@0.000ns fall@1.649ns period=3.298ns})
  Destination:            u_system/u_replay/g_array.u_array/u_array/u_ref/g_row[14].g_col[18].u_pe/u_mul/u_dsp/DSP_M_DATA_INST/U[23]
                            (rising edge-triggered cell DSP_M_DATA clocked by clk  {rise@0.000ns fall@1.649ns period=3.298ns})
  Path Group:             clk
  Path Type:              Setup (Max at Slow Process Corner)
  Requirement:            3.298ns  (clk rise@3.298ns - clk rise@0.000ns)
  Data Path Delay:        2.895ns  (logic 1.506ns (52.021%)  route 1.389ns (47.979%))
  Logic Levels:           4  (DSP_MULTIPLIER=1 DSP_PREADD=1 DSP_PREADD_DATA=2)
  Clock Path Skew:        -0.164ns (DCD - SCD + CPR)
    Destination Clock Delay (DCD):    1.791ns = ( 5.089 - 3.298 ) 
    Source Clock Delay      (SCD):    2.260ns
    Clock Pessimism Removal (CPR):    0.305ns
  Clock Uncertainty:      0.085ns  ((TSJ^2 + TIJ^2)^1/2 + DJ) / 2 + PE + UU
    Total System Jitter     (TSJ):    0.071ns
    Total Input Jitter      (TIJ):    0.000ns
    Discrete Jitter          (DJ):    0.000ns
    Phase Error              (PE):    0.000ns
    User Uncertainty         (UU):    0.050ns
  Clock Net Delay (Source):      1.331ns (routing 0.171ns, distribution 1.160ns)
  Clock Net Delay (Destination): 1.151ns (routing 0.155ns, distribution 0.996ns)

    Location             Delay type                Incr(ns)  Path(ns)    Netlist Resource(s)
  -------------------------------------------------------------------    -------------------
                         (clock clk rise edge)        0.000     0.000 r  
    AJ20                                              0.000     0.000 r  clk (IN)
                         net (fo=0)                   0.000     0.000    clk_IBUF_inst/I
    AJ20                 INBUF (Prop_INBUF_HPIOB_M_PAD_O)
                                                      0.565     0.565 r  clk_IBUF_inst/INBUF_INST/O
                         net (fo=1, routed)           0.000     0.565    clk_IBUF_inst/OUT
    AJ20                 IBUFCTRL (Prop_IBUFCTRL_HPIOB_M_I_O)
                                                      0.000     0.565 r  clk_IBUF_inst/IBUFCTRL_INST/O
                         net (fo=1, routed)           0.336     0.901    clk_IBUF
    BUFGCE_X1Y71         BUFGCE (Prop_BUFCE_BUFGCE_I_O)
                                                      0.028     0.929 r  clk_IBUF_BUFG_inst/O
    X2Y2 (CLOCK_ROOT)    net (fo=185544, routed)      1.331     2.260    u_system/u_replay/g_array.u_array/u_array/u_ref/g_row[14].g_col[18].u_pe/u_mul/clk_IBUF_BUFG
    SLICE_X80Y89         FDRE                                         r  u_system/u_replay/g_array.u_array/u_array/u_ref/g_row[14].g_col[18].u_pe/u_mul/w0_s0_reg[2]/C
  -------------------------------------------------------------------    -------------------
    SLICE_X80Y89         FDRE (Prop_BFF2_SLICEL_C_Q)
                                                      0.080     2.340 f  u_system/u_replay/g_array.u_array/u_array/u_ref/g_row[14].g_col[18].u_pe/u_mul/w0_s0_reg[2]/Q
                         net (fo=1, routed)           1.389     3.729    u_system/u_replay/g_array.u_array/u_array/u_ref/g_row[14].g_col[18].u_pe/u_mul/u_dsp/D[2]
    DSP48E2_X7Y57        DSP_PREADD_DATA (Prop_DSP_PREADD_DATA_DSP48E2_DIN[2]_D_DATA[2])
                                                      0.240     3.969 r  u_system/u_replay/g_array.u_array/u_array/u_ref/g_row[14].g_col[18].u_pe/u_mul/u_dsp/DSP_PREADD_DATA_INST/D_DATA[2]
                         net (fo=1, routed)           0.000     3.969    u_system/u_replay/g_array.u_array/u_array/u_ref/g_row[14].g_col[18].u_pe/u_mul/u_dsp/DSP_PREADD_DATA.D_DATA<2>
    DSP48E2_X7Y57        DSP_PREADD (Prop_DSP_PREADD_DSP48E2_D_DATA[2]_AD[22])
                                                      0.524     4.493 f  u_system/u_replay/g_array.u_array/u_array/u_ref/g_row[14].g_col[18].u_pe/u_mul/u_dsp/DSP_PREADD_INST/AD[22]
                         net (fo=1, routed)           0.000     4.493    u_system/u_replay/g_array.u_array/u_array/u_ref/g_row[14].g_col[18].u_pe/u_mul/u_dsp/DSP_PREADD.AD<22>
    DSP48E2_X7Y57        DSP_PREADD_DATA (Prop_DSP_PREADD_DATA_DSP48E2_AD[22]_AD_DATA[22])
                                                      0.050     4.543 r  u_system/u_replay/g_array.u_array/u_array/u_ref/g_row[14].g_col[18].u_pe/u_mul/u_dsp/DSP_PREADD_DATA_INST/AD_DATA[22]
                         net (fo=1, routed)           0.000     4.543    u_system/u_replay/g_array.u_array/u_array/u_ref/g_row[14].g_col[18].u_pe/u_mul/u_dsp/DSP_PREADD_DATA.AD_DATA<22>
    DSP48E2_X7Y57        DSP_MULTIPLIER (Prop_DSP_MULTIPLIER_DSP48E2_AD_DATA[22]_U[23])
                                                      0.612     5.155 r  u_system/u_replay/g_array.u_array/u_array/u_ref/g_row[14].g_col[18].u_pe/u_mul/u_dsp/DSP_MULTIPLIER_INST/U[23]
                         net (fo=1, routed)           0.000     5.155    u_system/u_replay/g_array.u_array/u_array/u_ref/g_row[14].g_col[18].u_pe/u_mul/u_dsp/DSP_MULTIPLIER.U<23>
    DSP48E2_X7Y57        DSP_M_DATA                                   r  u_system/u_replay/g_array.u_array/u_array/u_ref/g_row[14].g_col[18].u_pe/u_mul/u_dsp/DSP_M_DATA_INST/U[23]
  -------------------------------------------------------------------    -------------------

                         (clock clk rise edge)        3.298     3.298 r  
    AJ20                                              0.000     3.298 r  clk (IN)
                         net (fo=0)                   0.000     3.298    clk_IBUF_inst/I
    AJ20                 INBUF (Prop_INBUF_HPIOB_M_PAD_O)
                                                      0.315     3.613 r  clk_IBUF_inst/INBUF_INST/O
                         net (fo=1, routed)           0.000     3.613    clk_IBUF_inst/OUT
    AJ20                 IBUFCTRL (Prop_IBUFCTRL_HPIOB_M_I_O)
                                                      0.000     3.613 r  clk_IBUF_inst/IBUFCTRL_INST/O
                         net (fo=1, routed)           0.301     3.914    clk_IBUF
    BUFGCE_X1Y71         BUFGCE (Prop_BUFCE_BUFGCE_I_O)
                                                      0.024     3.938 r  clk_IBUF_BUFG_inst/O
    X2Y2 (CLOCK_ROOT)    net (fo=185544, routed)      1.151     5.089    u_system/u_replay/g_array.u_array/u_array/u_ref/g_row[14].g_col[18].u_pe/u_mul/u_dsp/CLK
    DSP48E2_X7Y57        DSP_M_DATA                                   r  u_system/u_replay/g_array.u_array/u_array/u_ref/g_row[14].g_col[18].u_pe/u_mul/u_dsp/DSP_M_DATA_INST/CLK
                         clock pessimism              0.305     5.394    
                         clock uncertainty           -0.085     5.309    
    DSP48E2_X7Y57        DSP_M_DATA (Setup_DSP_M_DATA_DSP48E2_CLK_U[23])
                                                      0.015     5.324    u_system/u_replay/g_array.u_array/u_array/u_ref/g_row[14].g_col[18].u_pe/u_mul/u_dsp/DSP_M_DATA_INST
  -------------------------------------------------------------------
                         required time                          5.324    
                         arrival time                          -5.155    
  -------------------------------------------------------------------
                         slack                                  0.169    

Slack (MET) :             0.169ns  (required time - arrival time)
  Source:                 u_system/u_replay/g_array.u_array/u_array/u_ref/g_row[14].g_col[18].u_pe/u_mul/w0_s0_reg[2]/C
                            (rising edge-triggered cell FDRE clocked by clk  {rise@0.000ns fall@1.649ns period=3.298ns})
  Destination:            u_system/u_replay/g_array.u_array/u_array/u_ref/g_row[14].g_col[18].u_pe/u_mul/u_dsp/DSP_M_DATA_INST/U[24]
                            (rising edge-triggered cell DSP_M_DATA clocked by clk  {rise@0.000ns fall@1.649ns period=3.298ns})
  Path Group:             clk
  Path Type:              Setup (Max at Slow Process Corner)
  Requirement:            3.298ns  (clk rise@3.298ns - clk rise@0.000ns)
  Data Path Delay:        2.895ns  (logic 1.506ns (52.021%)  route 1.389ns (47.979%))
  Logic Levels:           4  (DSP_MULTIPLIER=1 DSP_PREADD=1 DSP_PREADD_DATA=2)
  Clock Path Skew:        -0.164ns (DCD - SCD + CPR)
    Destination Clock Delay (DCD):    1.791ns = ( 5.089 - 3.298 ) 
    Source Clock Delay      (SCD):    2.260ns
    Clock Pessimism Removal (CPR):    0.305ns
  Clock Uncertainty:      0.085ns  ((TSJ^2 + TIJ^2)^1/2 + DJ) / 2 + PE + UU
    Total System Jitter     (TSJ):    0.071ns
    Total Input Jitter      (TIJ):    0.000ns
    Discrete Jitter          (DJ):    0.000ns
    Phase Error              (PE):    0.000ns
    User Uncertainty         (UU):    0.050ns
  Clock Net Delay (Source):      1.331ns (routing 0.171ns, distribution 1.160ns)
  Clock Net Delay (Destination): 1.151ns (routing 0.155ns, distribution 0.996ns)

    Location             Delay type                Incr(ns)  Path(ns)    Netlist Resource(s)
  -------------------------------------------------------------------    -------------------
                         (clock clk rise edge)        0.000     0.000 r  
    AJ20                                              0.000     0.000 r  clk (IN)
                         net (fo=0)                   0.000     0.000    clk_IBUF_inst/I
    AJ20                 INBUF (Prop_INBUF_HPIOB_M_PAD_O)
                                                      0.565     0.565 r  clk_IBUF_inst/INBUF_INST/O
                         net (fo=1, routed)           0.000     0.565    clk_IBUF_inst/OUT
    AJ20                 IBUFCTRL (Prop_IBUFCTRL_HPIOB_M_I_O)
                                                      0.000     0.565 r  clk_IBUF_inst/IBUFCTRL_INST/O
                         net (fo=1, routed)           0.336     0.901    clk_IBUF
    BUFGCE_X1Y71         BUFGCE (Prop_BUFCE_BUFGCE_I_O)
                                                      0.028     0.929 r  clk_IBUF_BUFG_inst/O
    X2Y2 (CLOCK_ROOT)    net (fo=185544, routed)      1.331     2.260    u_system/u_replay/g_array.u_array/u_array/u_ref/g_row[14].g_col[18].u_pe/u_mul/clk_IBUF_BUFG
    SLICE_X80Y89         FDRE                                         r  u_system/u_replay/g_array.u_array/u_array/u_ref/g_row[14].g_col[18].u_pe/u_mul/w0_s0_reg[2]/C
  -------------------------------------------------------------------    -------------------
    SLICE_X80Y89         FDRE (Prop_BFF2_SLICEL_C_Q)
                                                      0.080     2.340 f  u_system/u_replay/g_array.u_array/u_array/u_ref/g_row[14].g_col[18].u_pe/u_mul/w0_s0_reg[2]/Q
                         net (fo=1, routed)           1.389     3.729    u_system/u_replay/g_array.u_array/u_array/u_ref/g_row[14].g_col[18].u_pe/u_mul/u_dsp/D[2]
    DSP48E2_X7Y57        DSP_PREADD_DATA (Prop_DSP_PREADD_DATA_DSP48E2_DIN[2]_D_DATA[2])
                                                      0.240     3.969 r  u_system/u_replay/g_array.u_array/u_array/u_ref/g_row[14].g_col[18].u_pe/u_mul/u_dsp/DSP_PREADD_DATA_INST/D_DATA[2]
                         net (fo=1, routed)           0.000     3.969    u_system/u_replay/g_array.u_array/u_array/u_ref/g_row[14].g_col[18].u_pe/u_mul/u_dsp/DSP_PREADD_DATA.D_DATA<2>
    DSP48E2_X7Y57        DSP_PREADD (Prop_DSP_PREADD_DSP48E2_D_DATA[2]_AD[23])
                                                      0.524     4.493 f  u_system/u_replay/g_array.u_array/u_array/u_ref/g_row[14].g_col[18].u_pe/u_mul/u_dsp/DSP_PREADD_INST/AD[23]
                         net (fo=1, routed)           0.000     4.493    u_system/u_replay/g_array.u_array/u_array/u_ref/g_row[14].g_col[18].u_pe/u_mul/u_dsp/DSP_PREADD.AD<23>
    DSP48E2_X7Y57        DSP_PREADD_DATA (Prop_DSP_PREADD_DATA_DSP48E2_AD[23]_AD_DATA[23])
                                                      0.050     4.543 r  u_system/u_replay/g_array.u_array/u_array/u_ref/g_row[14].g_col[18].u_pe/u_mul/u_dsp/DSP_PREADD_DATA_INST/AD_DATA[23]
                         net (fo=1, routed)           0.000     4.543    u_system/u_replay/g_array.u_array/u_array/u_ref/g_row[14].g_col[18].u_pe/u_mul/u_dsp/DSP_PREADD_DATA.AD_DATA<23>
    DSP48E2_X7Y57        DSP_MULTIPLIER (Prop_DSP_MULTIPLIER_DSP48E2_AD_DATA[23]_U[24])
                                                      0.612     5.155 r  u_system/u_replay/g_array.u_array/u_array/u_ref/g_row[14].g_col[18].u_pe/u_mul/u_dsp/DSP_MULTIPLIER_INST/U[24]
                         net (fo=1, routed)           0.000     5.155    u_system/u_replay/g_array.u_array/u_array/u_ref/g_row[14].g_col[18].u_pe/u_mul/u_dsp/DSP_MULTIPLIER.U<24>
    DSP48E2_X7Y57        DSP_M_DATA                                   r  u_system/u_replay/g_array.u_array/u_array/u_ref/g_row[14].g_col[18].u_pe/u_mul/u_dsp/DSP_M_DATA_INST/U[24]
  -------------------------------------------------------------------    -------------------

                         (clock clk rise edge)        3.298     3.298 r  
    AJ20                                              0.000     3.298 r  clk (IN)
                         net (fo=0)                   0.000     3.298    clk_IBUF_inst/I
    AJ20                 INBUF (Prop_INBUF_HPIOB_M_PAD_O)
                                                      0.315     3.613 r  clk_IBUF_inst/INBUF_INST/O
                         net (fo=1, routed)           0.000     3.613    clk_IBUF_inst/OUT
    AJ20                 IBUFCTRL (Prop_IBUFCTRL_HPIOB_M_I_O)
                                                      0.000     3.613 r  clk_IBUF_inst/IBUFCTRL_INST/O
                         net (fo=1, routed)           0.301     3.914    clk_IBUF
    BUFGCE_X1Y71         BUFGCE (Prop_BUFCE_BUFGCE_I_O)
                                                      0.024     3.938 r  clk_IBUF_BUFG_inst/O
    X2Y2 (CLOCK_ROOT)    net (fo=185544, routed)      1.151     5.089    u_system/u_replay/g_array.u_array/u_array/u_ref/g_row[14].g_col[18].u_pe/u_mul/u_dsp/CLK
    DSP48E2_X7Y57        DSP_M_DATA                                   r  u_system/u_replay/g_array.u_array/u_array/u_ref/g_row[14].g_col[18].u_pe/u_mul/u_dsp/DSP_M_DATA_INST/CLK
                         clock pessimism              0.305     5.394    
                         clock uncertainty           -0.085     5.309    
    DSP48E2_X7Y57        DSP_M_DATA (Setup_DSP_M_DATA_DSP48E2_CLK_U[24])
                                                      0.015     5.324    u_system/u_replay/g_array.u_array/u_array/u_ref/g_row[14].g_col[18].u_pe/u_mul/u_dsp/DSP_M_DATA_INST
  -------------------------------------------------------------------
                         required time                          5.324    
                         arrival time                          -5.155    
  -------------------------------------------------------------------
                         slack                                  0.169    

Slack (MET) :             0.169ns  (required time - arrival time)
  Source:                 u_system/u_replay/g_array.u_array/u_array/u_ref/g_row[14].g_col[18].u_pe/u_mul/w0_s0_reg[2]/C
                            (rising edge-triggered cell FDRE clocked by clk  {rise@0.000ns fall@1.649ns period=3.298ns})
  Destination:            u_system/u_replay/g_array.u_array/u_array/u_ref/g_row[14].g_col[18].u_pe/u_mul/u_dsp/DSP_M_DATA_INST/U[25]
                            (rising edge-triggered cell DSP_M_DATA clocked by clk  {rise@0.000ns fall@1.649ns period=3.298ns})
  Path Group:             clk
  Path Type:              Setup (Max at Slow Process Corner)
  Requirement:            3.298ns  (clk rise@3.298ns - clk rise@0.000ns)
  Data Path Delay:        2.895ns  (logic 1.506ns (52.021%)  route 1.389ns (47.979%))
  Logic Levels:           4  (DSP_MULTIPLIER=1 DSP_PREADD=1 DSP_PREADD_DATA=2)
  Clock Path Skew:        -0.164ns (DCD - SCD + CPR)
    Destination Clock Delay (DCD):    1.791ns = ( 5.089 - 3.298 ) 
    Source Clock Delay      (SCD):    2.260ns
    Clock Pessimism Removal (CPR):    0.305ns
  Clock Uncertainty:      0.085ns  ((TSJ^2 + TIJ^2)^1/2 + DJ) / 2 + PE + UU
    Total System Jitter     (TSJ):    0.071ns
    Total Input Jitter      (TIJ):    0.000ns
    Discrete Jitter          (DJ):    0.000ns
    Phase Error              (PE):    0.000ns
    User Uncertainty         (UU):    0.050ns
  Clock Net Delay (Source):      1.331ns (routing 0.171ns, distribution 1.160ns)
  Clock Net Delay (Destination): 1.151ns (routing 0.155ns, distribution 0.996ns)

    Location             Delay type                Incr(ns)  Path(ns)    Netlist Resource(s)
  -------------------------------------------------------------------    -------------------
                         (clock clk rise edge)        0.000     0.000 r  
    AJ20                                              0.000     0.000 r  clk (IN)
                         net (fo=0)                   0.000     0.000    clk_IBUF_inst/I
    AJ20                 INBUF (Prop_INBUF_HPIOB_M_PAD_O)
                                                      0.565     0.565 r  clk_IBUF_inst/INBUF_INST/O
                         net (fo=1, routed)           0.000     0.565    clk_IBUF_inst/OUT
    AJ20                 IBUFCTRL (Prop_IBUFCTRL_HPIOB_M_I_O)
                                                      0.000     0.565 r  clk_IBUF_inst/IBUFCTRL_INST/O
                         net (fo=1, routed)           0.336     0.901    clk_IBUF
    BUFGCE_X1Y71         BUFGCE (Prop_BUFCE_BUFGCE_I_O)
                                                      0.028     0.929 r  clk_IBUF_BUFG_inst/O
    X2Y2 (CLOCK_ROOT)    net (fo=185544, routed)      1.331     2.260    u_system/u_replay/g_array.u_array/u_array/u_ref/g_row[14].g_col[18].u_pe/u_mul/clk_IBUF_BUFG
    SLICE_X80Y89         FDRE                                         r  u_system/u_replay/g_array.u_array/u_array/u_ref/g_row[14].g_col[18].u_pe/u_mul/w0_s0_reg[2]/C
  -------------------------------------------------------------------    -------------------
    SLICE_X80Y89         FDRE (Prop_BFF2_SLICEL_C_Q)
                                                      0.080     2.340 f  u_system/u_replay/g_array.u_array/u_array/u_ref/g_row[14].g_col[18].u_pe/u_mul/w0_s0_reg[2]/Q
                         net (fo=1, routed)           1.389     3.729    u_system/u_replay/g_array.u_array/u_array/u_ref/g_row[14].g_col[18].u_pe/u_mul/u_dsp/D[2]
    DSP48E2_X7Y57        DSP_PREADD_DATA (Prop_DSP_PREADD_DATA_DSP48E2_DIN[2]_D_DATA[2])
                                                      0.240     3.969 r  u_system/u_replay/g_array.u_array/u_array/u_ref/g_row[14].g_col[18].u_pe/u_mul/u_dsp/DSP_PREADD_DATA_INST/D_DATA[2]
                         net (fo=1, routed)           0.000     3.969    u_system/u_replay/g_array.u_array/u_array/u_ref/g_row[14].g_col[18].u_pe/u_mul/u_dsp/DSP_PREADD_DATA.D_DATA<2>
    DSP48E2_X7Y57        DSP_PREADD (Prop_DSP_PREADD_DSP48E2_D_DATA[2]_AD[24])
                                                      0.524     4.493 f  u_system/u_replay/g_array.u_array/u_array/u_ref/g_row[14].g_col[18].u_pe/u_mul/u_dsp/DSP_PREADD_INST/AD[24]
                         net (fo=1, routed)           0.000     4.493    u_system/u_replay/g_array.u_array/u_array/u_ref/g_row[14].g_col[18].u_pe/u_mul/u_dsp/DSP_PREADD.AD<24>
    DSP48E2_X7Y57        DSP_PREADD_DATA (Prop_DSP_PREADD_DATA_DSP48E2_AD[24]_AD_DATA[24])
                                                      0.050     4.543 r  u_system/u_replay/g_array.u_array/u_array/u_ref/g_row[14].g_col[18].u_pe/u_mul/u_dsp/DSP_PREADD_DATA_INST/AD_DATA[24]
                         net (fo=1, routed)           0.000     4.543    u_system/u_replay/g_array.u_array/u_array/u_ref/g_row[14].g_col[18].u_pe/u_mul/u_dsp/DSP_PREADD_DATA.AD_DATA<24>
    DSP48E2_X7Y57        DSP_MULTIPLIER (Prop_DSP_MULTIPLIER_DSP48E2_AD_DATA[24]_U[25])
                                                      0.612     5.155 r  u_system/u_replay/g_array.u_array/u_array/u_ref/g_row[14].g_col[18].u_pe/u_mul/u_dsp/DSP_MULTIPLIER_INST/U[25]
                         net (fo=1, routed)           0.000     5.155    u_system/u_replay/g_array.u_array/u_array/u_ref/g_row[14].g_col[18].u_pe/u_mul/u_dsp/DSP_MULTIPLIER.U<25>
    DSP48E2_X7Y57        DSP_M_DATA                                   r  u_system/u_replay/g_array.u_array/u_array/u_ref/g_row[14].g_col[18].u_pe/u_mul/u_dsp/DSP_M_DATA_INST/U[25]
  -------------------------------------------------------------------    -------------------

                         (clock clk rise edge)        3.298     3.298 r  
    AJ20                                              0.000     3.298 r  clk (IN)
                         net (fo=0)                   0.000     3.298    clk_IBUF_inst/I
    AJ20                 INBUF (Prop_INBUF_HPIOB_M_PAD_O)
                                                      0.315     3.613 r  clk_IBUF_inst/INBUF_INST/O
                         net (fo=1, routed)           0.000     3.613    clk_IBUF_inst/OUT
    AJ20                 IBUFCTRL (Prop_IBUFCTRL_HPIOB_M_I_O)
                                                      0.000     3.613 r  clk_IBUF_inst/IBUFCTRL_INST/O
                         net (fo=1, routed)           0.301     3.914    clk_IBUF
    BUFGCE_X1Y71         BUFGCE (Prop_BUFCE_BUFGCE_I_O)
                                                      0.024     3.938 r  clk_IBUF_BUFG_inst/O
    X2Y2 (CLOCK_ROOT)    net (fo=185544, routed)      1.151     5.089    u_system/u_replay/g_array.u_array/u_array/u_ref/g_row[14].g_col[18].u_pe/u_mul/u_dsp/CLK
    DSP48E2_X7Y57        DSP_M_DATA                                   r  u_system/u_replay/g_array.u_array/u_array/u_ref/g_row[14].g_col[18].u_pe/u_mul/u_dsp/DSP_M_DATA_INST/CLK
                         clock pessimism              0.305     5.394    
                         clock uncertainty           -0.085     5.309    
    DSP48E2_X7Y57        DSP_M_DATA (Setup_DSP_M_DATA_DSP48E2_CLK_U[25])
                                                      0.015     5.324    u_system/u_replay/g_array.u_array/u_array/u_ref/g_row[14].g_col[18].u_pe/u_mul/u_dsp/DSP_M_DATA_INST
  -------------------------------------------------------------------
                         required time                          5.324    
                         arrival time                          -5.155    
  -------------------------------------------------------------------
                         slack                                  0.169    

Slack (MET) :             0.169ns  (required time - arrival time)
  Source:                 u_system/u_replay/g_array.u_array/u_array/u_ref/g_row[14].g_col[18].u_pe/u_mul/w0_s0_reg[2]/C
                            (rising edge-triggered cell FDRE clocked by clk  {rise@0.000ns fall@1.649ns period=3.298ns})
  Destination:            u_system/u_replay/g_array.u_array/u_array/u_ref/g_row[14].g_col[18].u_pe/u_mul/u_dsp/DSP_M_DATA_INST/U[26]
                            (rising edge-triggered cell DSP_M_DATA clocked by clk  {rise@0.000ns fall@1.649ns period=3.298ns})
  Path Group:             clk
  Path Type:              Setup (Max at Slow Process Corner)
  Requirement:            3.298ns  (clk rise@3.298ns - clk rise@0.000ns)
  Data Path Delay:        2.895ns  (logic 1.506ns (52.021%)  route 1.389ns (47.979%))
  Logic Levels:           4  (DSP_MULTIPLIER=1 DSP_PREADD=1 DSP_PREADD_DATA=2)
  Clock Path Skew:        -0.164ns (DCD - SCD + CPR)
    Destination Clock Delay (DCD):    1.791ns = ( 5.089 - 3.298 ) 
    Source Clock Delay      (SCD):    2.260ns
    Clock Pessimism Removal (CPR):    0.305ns
  Clock Uncertainty:      0.085ns  ((TSJ^2 + TIJ^2)^1/2 + DJ) / 2 + PE + UU
    Total System Jitter     (TSJ):    0.071ns
    Total Input Jitter      (TIJ):    0.000ns
    Discrete Jitter          (DJ):    0.000ns
    Phase Error              (PE):    0.000ns
    User Uncertainty         (UU):    0.050ns
  Clock Net Delay (Source):      1.331ns (routing 0.171ns, distribution 1.160ns)
  Clock Net Delay (Destination): 1.151ns (routing 0.155ns, distribution 0.996ns)

    Location             Delay type                Incr(ns)  Path(ns)    Netlist Resource(s)
  -------------------------------------------------------------------    -------------------
                         (clock clk rise edge)        0.000     0.000 r  
    AJ20                                              0.000     0.000 r  clk (IN)
                         net (fo=0)                   0.000     0.000    clk_IBUF_inst/I
    AJ20                 INBUF (Prop_INBUF_HPIOB_M_PAD_O)
                                                      0.565     0.565 r  clk_IBUF_inst/INBUF_INST/O
                         net (fo=1, routed)           0.000     0.565    clk_IBUF_inst/OUT
    AJ20                 IBUFCTRL (Prop_IBUFCTRL_HPIOB_M_I_O)
                                                      0.000     0.565 r  clk_IBUF_inst/IBUFCTRL_INST/O
                         net (fo=1, routed)           0.336     0.901    clk_IBUF
    BUFGCE_X1Y71         BUFGCE (Prop_BUFCE_BUFGCE_I_O)
                                                      0.028     0.929 r  clk_IBUF_BUFG_inst/O
    X2Y2 (CLOCK_ROOT)    net (fo=185544, routed)      1.331     2.260    u_system/u_replay/g_array.u_array/u_array/u_ref/g_row[14].g_col[18].u_pe/u_mul/clk_IBUF_BUFG
    SLICE_X80Y89         FDRE                                         r  u_system/u_replay/g_array.u_array/u_array/u_ref/g_row[14].g_col[18].u_pe/u_mul/w0_s0_reg[2]/C
  -------------------------------------------------------------------    -------------------
    SLICE_X80Y89         FDRE (Prop_BFF2_SLICEL_C_Q)
                                                      0.080     2.340 f  u_system/u_replay/g_array.u_array/u_array/u_ref/g_row[14].g_col[18].u_pe/u_mul/w0_s0_reg[2]/Q
                         net (fo=1, routed)           1.389     3.729    u_system/u_replay/g_array.u_array/u_array/u_ref/g_row[14].g_col[18].u_pe/u_mul/u_dsp/D[2]
    DSP48E2_X7Y57        DSP_PREADD_DATA (Prop_DSP_PREADD_DATA_DSP48E2_DIN[2]_D_DATA[2])
                                                      0.240     3.969 r  u_system/u_replay/g_array.u_array/u_array/u_ref/g_row[14].g_col[18].u_pe/u_mul/u_dsp/DSP_PREADD_DATA_INST/D_DATA[2]
                         net (fo=1, routed)           0.000     3.969    u_system/u_replay/g_array.u_array/u_array/u_ref/g_row[14].g_col[18].u_pe/u_mul/u_dsp/DSP_PREADD_DATA.D_DATA<2>
    DSP48E2_X7Y57        DSP_PREADD (Prop_DSP_PREADD_DSP48E2_D_DATA[2]_AD[25])
                                                      0.524     4.493 f  u_system/u_replay/g_array.u_array/u_array/u_ref/g_row[14].g_col[18].u_pe/u_mul/u_dsp/DSP_PREADD_INST/AD[25]
                         net (fo=1, routed)           0.000     4.493    u_system/u_replay/g_array.u_array/u_array/u_ref/g_row[14].g_col[18].u_pe/u_mul/u_dsp/DSP_PREADD.AD<25>
    DSP48E2_X7Y57        DSP_PREADD_DATA (Prop_DSP_PREADD_DATA_DSP48E2_AD[25]_AD_DATA[25])
                                                      0.050     4.543 r  u_system/u_replay/g_array.u_array/u_array/u_ref/g_row[14].g_col[18].u_pe/u_mul/u_dsp/DSP_PREADD_DATA_INST/AD_DATA[25]
                         net (fo=1, routed)           0.000     4.543    u_system/u_replay/g_array.u_array/u_array/u_ref/g_row[14].g_col[18].u_pe/u_mul/u_dsp/DSP_PREADD_DATA.AD_DATA<25>
    DSP48E2_X7Y57        DSP_MULTIPLIER (Prop_DSP_MULTIPLIER_DSP48E2_AD_DATA[25]_U[26])
                                                      0.612     5.155 r  u_system/u_replay/g_array.u_array/u_array/u_ref/g_row[14].g_col[18].u_pe/u_mul/u_dsp/DSP_MULTIPLIER_INST/U[26]
                         net (fo=1, routed)           0.000     5.155    u_system/u_replay/g_array.u_array/u_array/u_ref/g_row[14].g_col[18].u_pe/u_mul/u_dsp/DSP_MULTIPLIER.U<26>
    DSP48E2_X7Y57        DSP_M_DATA                                   r  u_system/u_replay/g_array.u_array/u_array/u_ref/g_row[14].g_col[18].u_pe/u_mul/u_dsp/DSP_M_DATA_INST/U[26]
  -------------------------------------------------------------------    -------------------

                         (clock clk rise edge)        3.298     3.298 r  
    AJ20                                              0.000     3.298 r  clk (IN)
                         net (fo=0)                   0.000     3.298    clk_IBUF_inst/I
    AJ20                 INBUF (Prop_INBUF_HPIOB_M_PAD_O)
                                                      0.315     3.613 r  clk_IBUF_inst/INBUF_INST/O
                         net (fo=1, routed)           0.000     3.613    clk_IBUF_inst/OUT
    AJ20                 IBUFCTRL (Prop_IBUFCTRL_HPIOB_M_I_O)
                                                      0.000     3.613 r  clk_IBUF_inst/IBUFCTRL_INST/O
                         net (fo=1, routed)           0.301     3.914    clk_IBUF
    BUFGCE_X1Y71         BUFGCE (Prop_BUFCE_BUFGCE_I_O)
                                                      0.024     3.938 r  clk_IBUF_BUFG_inst/O
    X2Y2 (CLOCK_ROOT)    net (fo=185544, routed)      1.151     5.089    u_system/u_replay/g_array.u_array/u_array/u_ref/g_row[14].g_col[18].u_pe/u_mul/u_dsp/CLK
    DSP48E2_X7Y57        DSP_M_DATA                                   r  u_system/u_replay/g_array.u_array/u_array/u_ref/g_row[14].g_col[18].u_pe/u_mul/u_dsp/DSP_M_DATA_INST/CLK
                         clock pessimism              0.305     5.394    
                         clock uncertainty           -0.085     5.309    
    DSP48E2_X7Y57        DSP_M_DATA (Setup_DSP_M_DATA_DSP48E2_CLK_U[26])
                                                      0.015     5.324    u_system/u_replay/g_array.u_array/u_array/u_ref/g_row[14].g_col[18].u_pe/u_mul/u_dsp/DSP_M_DATA_INST
  -------------------------------------------------------------------
                         required time                          5.324    
                         arrival time                          -5.155    
  -------------------------------------------------------------------
                         slack                                  0.169    

Slack (MET) :             0.169ns  (required time - arrival time)
  Source:                 u_system/u_replay/g_array.u_array/u_array/u_ref/g_row[14].g_col[18].u_pe/u_mul/w0_s0_reg[2]/C
                            (rising edge-triggered cell FDRE clocked by clk  {rise@0.000ns fall@1.649ns period=3.298ns})
  Destination:            u_system/u_replay/g_array.u_array/u_array/u_ref/g_row[14].g_col[18].u_pe/u_mul/u_dsp/DSP_M_DATA_INST/U[27]
                            (rising edge-triggered cell DSP_M_DATA clocked by clk  {rise@0.000ns fall@1.649ns period=3.298ns})
  Path Group:             clk
  Path Type:              Setup (Max at Slow Process Corner)
  Requirement:            3.298ns  (clk rise@3.298ns - clk rise@0.000ns)
  Data Path Delay:        2.895ns  (logic 1.506ns (52.021%)  route 1.389ns (47.979%))
  Logic Levels:           4  (DSP_MULTIPLIER=1 DSP_PREADD=1 DSP_PREADD_DATA=2)
  Clock Path Skew:        -0.164ns (DCD - SCD + CPR)
    Destination Clock Delay (DCD):    1.791ns = ( 5.089 - 3.298 ) 
    Source Clock Delay      (SCD):    2.260ns
    Clock Pessimism Removal (CPR):    0.305ns
  Clock Uncertainty:      0.085ns  ((TSJ^2 + TIJ^2)^1/2 + DJ) / 2 + PE + UU
    Total System Jitter     (TSJ):    0.071ns
    Total Input Jitter      (TIJ):    0.000ns
    Discrete Jitter          (DJ):    0.000ns
    Phase Error              (PE):    0.000ns
    User Uncertainty         (UU):    0.050ns
  Clock Net Delay (Source):      1.331ns (routing 0.171ns, distribution 1.160ns)
  Clock Net Delay (Destination): 1.151ns (routing 0.155ns, distribution 0.996ns)

    Location             Delay type                Incr(ns)  Path(ns)    Netlist Resource(s)
  -------------------------------------------------------------------    -------------------
                         (clock clk rise edge)        0.000     0.000 r  
    AJ20                                              0.000     0.000 r  clk (IN)
                         net (fo=0)                   0.000     0.000    clk_IBUF_inst/I
    AJ20                 INBUF (Prop_INBUF_HPIOB_M_PAD_O)
                                                      0.565     0.565 r  clk_IBUF_inst/INBUF_INST/O
                         net (fo=1, routed)           0.000     0.565    clk_IBUF_inst/OUT
    AJ20                 IBUFCTRL (Prop_IBUFCTRL_HPIOB_M_I_O)
                                                      0.000     0.565 r  clk_IBUF_inst/IBUFCTRL_INST/O
                         net (fo=1, routed)           0.336     0.901    clk_IBUF
    BUFGCE_X1Y71         BUFGCE (Prop_BUFCE_BUFGCE_I_O)
                                                      0.028     0.929 r  clk_IBUF_BUFG_inst/O
    X2Y2 (CLOCK_ROOT)    net (fo=185544, routed)      1.331     2.260    u_system/u_replay/g_array.u_array/u_array/u_ref/g_row[14].g_col[18].u_pe/u_mul/clk_IBUF_BUFG
    SLICE_X80Y89         FDRE                                         r  u_system/u_replay/g_array.u_array/u_array/u_ref/g_row[14].g_col[18].u_pe/u_mul/w0_s0_reg[2]/C
  -------------------------------------------------------------------    -------------------
    SLICE_X80Y89         FDRE (Prop_BFF2_SLICEL_C_Q)
                                                      0.080     2.340 f  u_system/u_replay/g_array.u_array/u_array/u_ref/g_row[14].g_col[18].u_pe/u_mul/w0_s0_reg[2]/Q
                         net (fo=1, routed)           1.389     3.729    u_system/u_replay/g_array.u_array/u_array/u_ref/g_row[14].g_col[18].u_pe/u_mul/u_dsp/D[2]
    DSP48E2_X7Y57        DSP_PREADD_DATA (Prop_DSP_PREADD_DATA_DSP48E2_DIN[2]_D_DATA[2])
                                                      0.240     3.969 r  u_system/u_replay/g_array.u_array/u_array/u_ref/g_row[14].g_col[18].u_pe/u_mul/u_dsp/DSP_PREADD_DATA_INST/D_DATA[2]
                         net (fo=1, routed)           0.000     3.969    u_system/u_replay/g_array.u_array/u_array/u_ref/g_row[14].g_col[18].u_pe/u_mul/u_dsp/DSP_PREADD_DATA.D_DATA<2>
    DSP48E2_X7Y57        DSP_PREADD (Prop_DSP_PREADD_DSP48E2_D_DATA[2]_AD[26])
                                                      0.524     4.493 f  u_system/u_replay/g_array.u_array/u_array/u_ref/g_row[14].g_col[18].u_pe/u_mul/u_dsp/DSP_PREADD_INST/AD[26]
                         net (fo=1, routed)           0.000     4.493    u_system/u_replay/g_array.u_array/u_array/u_ref/g_row[14].g_col[18].u_pe/u_mul/u_dsp/DSP_PREADD.AD<26>
    DSP48E2_X7Y57        DSP_PREADD_DATA (Prop_DSP_PREADD_DATA_DSP48E2_AD[26]_AD_DATA[26])
                                                      0.050     4.543 r  u_system/u_replay/g_array.u_array/u_array/u_ref/g_row[14].g_col[18].u_pe/u_mul/u_dsp/DSP_PREADD_DATA_INST/AD_DATA[26]
                         net (fo=1, routed)           0.000     4.543    u_system/u_replay/g_array.u_array/u_array/u_ref/g_row[14].g_col[18].u_pe/u_mul/u_dsp/DSP_PREADD_DATA.AD_DATA<26>
    DSP48E2_X7Y57        DSP_MULTIPLIER (Prop_DSP_MULTIPLIER_DSP48E2_AD_DATA[26]_U[27])
                                                      0.612     5.155 r  u_system/u_replay/g_array.u_array/u_array/u_ref/g_row[14].g_col[18].u_pe/u_mul/u_dsp/DSP_MULTIPLIER_INST/U[27]
                         net (fo=1, routed)           0.000     5.155    u_system/u_replay/g_array.u_array/u_array/u_ref/g_row[14].g_col[18].u_pe/u_mul/u_dsp/DSP_MULTIPLIER.U<27>
    DSP48E2_X7Y57        DSP_M_DATA                                   r  u_system/u_replay/g_array.u_array/u_array/u_ref/g_row[14].g_col[18].u_pe/u_mul/u_dsp/DSP_M_DATA_INST/U[27]
  -------------------------------------------------------------------    -------------------

                         (clock clk rise edge)        3.298     3.298 r  
    AJ20                                              0.000     3.298 r  clk (IN)
                         net (fo=0)                   0.000     3.298    clk_IBUF_inst/I
    AJ20                 INBUF (Prop_INBUF_HPIOB_M_PAD_O)
                                                      0.315     3.613 r  clk_IBUF_inst/INBUF_INST/O
                         net (fo=1, routed)           0.000     3.613    clk_IBUF_inst/OUT
    AJ20                 IBUFCTRL (Prop_IBUFCTRL_HPIOB_M_I_O)
                                                      0.000     3.613 r  clk_IBUF_inst/IBUFCTRL_INST/O
                         net (fo=1, routed)           0.301     3.914    clk_IBUF
    BUFGCE_X1Y71         BUFGCE (Prop_BUFCE_BUFGCE_I_O)
                                                      0.024     3.938 r  clk_IBUF_BUFG_inst/O
    X2Y2 (CLOCK_ROOT)    net (fo=185544, routed)      1.151     5.089    u_system/u_replay/g_array.u_array/u_array/u_ref/g_row[14].g_col[18].u_pe/u_mul/u_dsp/CLK
    DSP48E2_X7Y57        DSP_M_DATA                                   r  u_system/u_replay/g_array.u_array/u_array/u_ref/g_row[14].g_col[18].u_pe/u_mul/u_dsp/DSP_M_DATA_INST/CLK
                         clock pessimism              0.305     5.394    
                         clock uncertainty           -0.085     5.309    
    DSP48E2_X7Y57        DSP_M_DATA (Setup_DSP_M_DATA_DSP48E2_CLK_U[27])
                                                      0.015     5.324    u_system/u_replay/g_array.u_array/u_array/u_ref/g_row[14].g_col[18].u_pe/u_mul/u_dsp/DSP_M_DATA_INST
  -------------------------------------------------------------------
                         required time                          5.324    
                         arrival time                          -5.155    
  -------------------------------------------------------------------
                         slack                                  0.169    

Slack (MET) :             0.169ns  (required time - arrival time)
  Source:                 u_system/u_replay/g_array.u_array/u_array/u_ref/g_row[14].g_col[18].u_pe/u_mul/w0_s0_reg[2]/C
                            (rising edge-triggered cell FDRE clocked by clk  {rise@0.000ns fall@1.649ns period=3.298ns})
  Destination:            u_system/u_replay/g_array.u_array/u_array/u_ref/g_row[14].g_col[18].u_pe/u_mul/u_dsp/DSP_M_DATA_INST/U[28]
                            (rising edge-triggered cell DSP_M_DATA clocked by clk  {rise@0.000ns fall@1.649ns period=3.298ns})
  Path Group:             clk
  Path Type:              Setup (Max at Slow Process Corner)
  Requirement:            3.298ns  (clk rise@3.298ns - clk rise@0.000ns)
  Data Path Delay:        2.895ns  (logic 1.506ns (52.021%)  route 1.389ns (47.979%))
  Logic Levels:           4  (DSP_MULTIPLIER=1 DSP_PREADD=1 DSP_PREADD_DATA=2)
  Clock Path Skew:        -0.164ns (DCD - SCD + CPR)
    Destination Clock Delay (DCD):    1.791ns = ( 5.089 - 3.298 ) 
    Source Clock Delay      (SCD):    2.260ns
    Clock Pessimism Removal (CPR):    0.305ns
  Clock Uncertainty:      0.085ns  ((TSJ^2 + TIJ^2)^1/2 + DJ) / 2 + PE + UU
    Total System Jitter     (TSJ):    0.071ns
    Total Input Jitter      (TIJ):    0.000ns
    Discrete Jitter          (DJ):    0.000ns
    Phase Error              (PE):    0.000ns
    User Uncertainty         (UU):    0.050ns
  Clock Net Delay (Source):      1.331ns (routing 0.171ns, distribution 1.160ns)
  Clock Net Delay (Destination): 1.151ns (routing 0.155ns, distribution 0.996ns)

    Location             Delay type                Incr(ns)  Path(ns)    Netlist Resource(s)
  -------------------------------------------------------------------    -------------------
                         (clock clk rise edge)        0.000     0.000 r  
    AJ20                                              0.000     0.000 r  clk (IN)
                         net (fo=0)                   0.000     0.000    clk_IBUF_inst/I
    AJ20                 INBUF (Prop_INBUF_HPIOB_M_PAD_O)
                                                      0.565     0.565 r  clk_IBUF_inst/INBUF_INST/O
                         net (fo=1, routed)           0.000     0.565    clk_IBUF_inst/OUT
    AJ20                 IBUFCTRL (Prop_IBUFCTRL_HPIOB_M_I_O)
                                                      0.000     0.565 r  clk_IBUF_inst/IBUFCTRL_INST/O
                         net (fo=1, routed)           0.336     0.901    clk_IBUF
    BUFGCE_X1Y71         BUFGCE (Prop_BUFCE_BUFGCE_I_O)
                                                      0.028     0.929 r  clk_IBUF_BUFG_inst/O
    X2Y2 (CLOCK_ROOT)    net (fo=185544, routed)      1.331     2.260    u_system/u_replay/g_array.u_array/u_array/u_ref/g_row[14].g_col[18].u_pe/u_mul/clk_IBUF_BUFG
    SLICE_X80Y89         FDRE                                         r  u_system/u_replay/g_array.u_array/u_array/u_ref/g_row[14].g_col[18].u_pe/u_mul/w0_s0_reg[2]/C
  -------------------------------------------------------------------    -------------------
    SLICE_X80Y89         FDRE (Prop_BFF2_SLICEL_C_Q)
                                                      0.080     2.340 f  u_system/u_replay/g_array.u_array/u_array/u_ref/g_row[14].g_col[18].u_pe/u_mul/w0_s0_reg[2]/Q
                         net (fo=1, routed)           1.389     3.729    u_system/u_replay/g_array.u_array/u_array/u_ref/g_row[14].g_col[18].u_pe/u_mul/u_dsp/D[2]
    DSP48E2_X7Y57        DSP_PREADD_DATA (Prop_DSP_PREADD_DATA_DSP48E2_DIN[2]_D_DATA[2])
                                                      0.240     3.969 r  u_system/u_replay/g_array.u_array/u_array/u_ref/g_row[14].g_col[18].u_pe/u_mul/u_dsp/DSP_PREADD_DATA_INST/D_DATA[2]
                         net (fo=1, routed)           0.000     3.969    u_system/u_replay/g_array.u_array/u_array/u_ref/g_row[14].g_col[18].u_pe/u_mul/u_dsp/DSP_PREADD_DATA.D_DATA<2>
    DSP48E2_X7Y57        DSP_PREADD (Prop_DSP_PREADD_DSP48E2_D_DATA[2]_AD[26])
                                                      0.524     4.493 f  u_system/u_replay/g_array.u_array/u_array/u_ref/g_row[14].g_col[18].u_pe/u_mul/u_dsp/DSP_PREADD_INST/AD[26]
                         net (fo=1, routed)           0.000     4.493    u_system/u_replay/g_array.u_array/u_array/u_ref/g_row[14].g_col[18].u_pe/u_mul/u_dsp/DSP_PREADD.AD<26>
    DSP48E2_X7Y57        DSP_PREADD_DATA (Prop_DSP_PREADD_DATA_DSP48E2_AD[26]_AD_DATA[26])
                                                      0.050     4.543 r  u_system/u_replay/g_array.u_array/u_array/u_ref/g_row[14].g_col[18].u_pe/u_mul/u_dsp/DSP_PREADD_DATA_INST/AD_DATA[26]
                         net (fo=1, routed)           0.000     4.543    u_system/u_replay/g_array.u_array/u_array/u_ref/g_row[14].g_col[18].u_pe/u_mul/u_dsp/DSP_PREADD_DATA.AD_DATA<26>
    DSP48E2_X7Y57        DSP_MULTIPLIER (Prop_DSP_MULTIPLIER_DSP48E2_AD_DATA[26]_U[28])
                                                      0.612     5.155 r  u_system/u_replay/g_array.u_array/u_array/u_ref/g_row[14].g_col[18].u_pe/u_mul/u_dsp/DSP_MULTIPLIER_INST/U[28]
                         net (fo=1, routed)           0.000     5.155    u_system/u_replay/g_array.u_array/u_array/u_ref/g_row[14].g_col[18].u_pe/u_mul/u_dsp/DSP_MULTIPLIER.U<28>
    DSP48E2_X7Y57        DSP_M_DATA                                   r  u_system/u_replay/g_array.u_array/u_array/u_ref/g_row[14].g_col[18].u_pe/u_mul/u_dsp/DSP_M_DATA_INST/U[28]
  -------------------------------------------------------------------    -------------------

                         (clock clk rise edge)        3.298     3.298 r  
    AJ20                                              0.000     3.298 r  clk (IN)
                         net (fo=0)                   0.000     3.298    clk_IBUF_inst/I
    AJ20                 INBUF (Prop_INBUF_HPIOB_M_PAD_O)
                                                      0.315     3.613 r  clk_IBUF_inst/INBUF_INST/O
                         net (fo=1, routed)           0.000     3.613    clk_IBUF_inst/OUT
    AJ20                 IBUFCTRL (Prop_IBUFCTRL_HPIOB_M_I_O)
                                                      0.000     3.613 r  clk_IBUF_inst/IBUFCTRL_INST/O
                         net (fo=1, routed)           0.301     3.914    clk_IBUF
    BUFGCE_X1Y71         BUFGCE (Prop_BUFCE_BUFGCE_I_O)
                                                      0.024     3.938 r  clk_IBUF_BUFG_inst/O
    X2Y2 (CLOCK_ROOT)    net (fo=185544, routed)      1.151     5.089    u_system/u_replay/g_array.u_array/u_array/u_ref/g_row[14].g_col[18].u_pe/u_mul/u_dsp/CLK
    DSP48E2_X7Y57        DSP_M_DATA                                   r  u_system/u_replay/g_array.u_array/u_array/u_ref/g_row[14].g_col[18].u_pe/u_mul/u_dsp/DSP_M_DATA_INST/CLK
                         clock pessimism              0.305     5.394    
                         clock uncertainty           -0.085     5.309    
    DSP48E2_X7Y57        DSP_M_DATA (Setup_DSP_M_DATA_DSP48E2_CLK_U[28])
                                                      0.015     5.324    u_system/u_replay/g_array.u_array/u_array/u_ref/g_row[14].g_col[18].u_pe/u_mul/u_dsp/DSP_M_DATA_INST
  -------------------------------------------------------------------
                         required time                          5.324    
                         arrival time                          -5.155    
  -------------------------------------------------------------------
                         slack                                  0.169    

Slack (MET) :             0.169ns  (required time - arrival time)
  Source:                 u_system/u_replay/g_array.u_array/u_array/u_ref/g_row[14].g_col[18].u_pe/u_mul/w0_s0_reg[2]/C
                            (rising edge-triggered cell FDRE clocked by clk  {rise@0.000ns fall@1.649ns period=3.298ns})
  Destination:            u_system/u_replay/g_array.u_array/u_array/u_ref/g_row[14].g_col[18].u_pe/u_mul/u_dsp/DSP_M_DATA_INST/U[29]
                            (rising edge-triggered cell DSP_M_DATA clocked by clk  {rise@0.000ns fall@1.649ns period=3.298ns})
  Path Group:             clk
  Path Type:              Setup (Max at Slow Process Corner)
  Requirement:            3.298ns  (clk rise@3.298ns - clk rise@0.000ns)
  Data Path Delay:        2.895ns  (logic 1.506ns (52.021%)  route 1.389ns (47.979%))
  Logic Levels:           4  (DSP_MULTIPLIER=1 DSP_PREADD=1 DSP_PREADD_DATA=2)
  Clock Path Skew:        -0.164ns (DCD - SCD + CPR)
    Destination Clock Delay (DCD):    1.791ns = ( 5.089 - 3.298 ) 
    Source Clock Delay      (SCD):    2.260ns
    Clock Pessimism Removal (CPR):    0.305ns
  Clock Uncertainty:      0.085ns  ((TSJ^2 + TIJ^2)^1/2 + DJ) / 2 + PE + UU
    Total System Jitter     (TSJ):    0.071ns
    Total Input Jitter      (TIJ):    0.000ns
    Discrete Jitter          (DJ):    0.000ns
    Phase Error              (PE):    0.000ns
    User Uncertainty         (UU):    0.050ns
  Clock Net Delay (Source):      1.331ns (routing 0.171ns, distribution 1.160ns)
  Clock Net Delay (Destination): 1.151ns (routing 0.155ns, distribution 0.996ns)

    Location             Delay type                Incr(ns)  Path(ns)    Netlist Resource(s)
  -------------------------------------------------------------------    -------------------
                         (clock clk rise edge)        0.000     0.000 r  
    AJ20                                              0.000     0.000 r  clk (IN)
                         net (fo=0)                   0.000     0.000    clk_IBUF_inst/I
    AJ20                 INBUF (Prop_INBUF_HPIOB_M_PAD_O)
                                                      0.565     0.565 r  clk_IBUF_inst/INBUF_INST/O
                         net (fo=1, routed)           0.000     0.565    clk_IBUF_inst/OUT
    AJ20                 IBUFCTRL (Prop_IBUFCTRL_HPIOB_M_I_O)
                                                      0.000     0.565 r  clk_IBUF_inst/IBUFCTRL_INST/O
                         net (fo=1, routed)           0.336     0.901    clk_IBUF
    BUFGCE_X1Y71         BUFGCE (Prop_BUFCE_BUFGCE_I_O)
                                                      0.028     0.929 r  clk_IBUF_BUFG_inst/O
    X2Y2 (CLOCK_ROOT)    net (fo=185544, routed)      1.331     2.260    u_system/u_replay/g_array.u_array/u_array/u_ref/g_row[14].g_col[18].u_pe/u_mul/clk_IBUF_BUFG
    SLICE_X80Y89         FDRE                                         r  u_system/u_replay/g_array.u_array/u_array/u_ref/g_row[14].g_col[18].u_pe/u_mul/w0_s0_reg[2]/C
  -------------------------------------------------------------------    -------------------
    SLICE_X80Y89         FDRE (Prop_BFF2_SLICEL_C_Q)
                                                      0.080     2.340 f  u_system/u_replay/g_array.u_array/u_array/u_ref/g_row[14].g_col[18].u_pe/u_mul/w0_s0_reg[2]/Q
                         net (fo=1, routed)           1.389     3.729    u_system/u_replay/g_array.u_array/u_array/u_ref/g_row[14].g_col[18].u_pe/u_mul/u_dsp/D[2]
    DSP48E2_X7Y57        DSP_PREADD_DATA (Prop_DSP_PREADD_DATA_DSP48E2_DIN[2]_D_DATA[2])
                                                      0.240     3.969 r  u_system/u_replay/g_array.u_array/u_array/u_ref/g_row[14].g_col[18].u_pe/u_mul/u_dsp/DSP_PREADD_DATA_INST/D_DATA[2]
                         net (fo=1, routed)           0.000     3.969    u_system/u_replay/g_array.u_array/u_array/u_ref/g_row[14].g_col[18].u_pe/u_mul/u_dsp/DSP_PREADD_DATA.D_DATA<2>
    DSP48E2_X7Y57        DSP_PREADD (Prop_DSP_PREADD_DSP48E2_D_DATA[2]_AD[26])
                                                      0.524     4.493 f  u_system/u_replay/g_array.u_array/u_array/u_ref/g_row[14].g_col[18].u_pe/u_mul/u_dsp/DSP_PREADD_INST/AD[26]
                         net (fo=1, routed)           0.000     4.493    u_system/u_replay/g_array.u_array/u_array/u_ref/g_row[14].g_col[18].u_pe/u_mul/u_dsp/DSP_PREADD.AD<26>
    DSP48E2_X7Y57        DSP_PREADD_DATA (Prop_DSP_PREADD_DATA_DSP48E2_AD[26]_AD_DATA[26])
                                                      0.050     4.543 r  u_system/u_replay/g_array.u_array/u_array/u_ref/g_row[14].g_col[18].u_pe/u_mul/u_dsp/DSP_PREADD_DATA_INST/AD_DATA[26]
                         net (fo=1, routed)           0.000     4.543    u_system/u_replay/g_array.u_array/u_array/u_ref/g_row[14].g_col[18].u_pe/u_mul/u_dsp/DSP_PREADD_DATA.AD_DATA<26>
    DSP48E2_X7Y57        DSP_MULTIPLIER (Prop_DSP_MULTIPLIER_DSP48E2_AD_DATA[26]_U[29])
                                                      0.612     5.155 r  u_system/u_replay/g_array.u_array/u_array/u_ref/g_row[14].g_col[18].u_pe/u_mul/u_dsp/DSP_MULTIPLIER_INST/U[29]
                         net (fo=1, routed)           0.000     5.155    u_system/u_replay/g_array.u_array/u_array/u_ref/g_row[14].g_col[18].u_pe/u_mul/u_dsp/DSP_MULTIPLIER.U<29>
    DSP48E2_X7Y57        DSP_M_DATA                                   r  u_system/u_replay/g_array.u_array/u_array/u_ref/g_row[14].g_col[18].u_pe/u_mul/u_dsp/DSP_M_DATA_INST/U[29]
  -------------------------------------------------------------------    -------------------

                         (clock clk rise edge)        3.298     3.298 r  
    AJ20                                              0.000     3.298 r  clk (IN)
                         net (fo=0)                   0.000     3.298    clk_IBUF_inst/I
    AJ20                 INBUF (Prop_INBUF_HPIOB_M_PAD_O)
                                                      0.315     3.613 r  clk_IBUF_inst/INBUF_INST/O
                         net (fo=1, routed)           0.000     3.613    clk_IBUF_inst/OUT
    AJ20                 IBUFCTRL (Prop_IBUFCTRL_HPIOB_M_I_O)
                                                      0.000     3.613 r  clk_IBUF_inst/IBUFCTRL_INST/O
                         net (fo=1, routed)           0.301     3.914    clk_IBUF
    BUFGCE_X1Y71         BUFGCE (Prop_BUFCE_BUFGCE_I_O)
                                                      0.024     3.938 r  clk_IBUF_BUFG_inst/O
    X2Y2 (CLOCK_ROOT)    net (fo=185544, routed)      1.151     5.089    u_system/u_replay/g_array.u_array/u_array/u_ref/g_row[14].g_col[18].u_pe/u_mul/u_dsp/CLK
    DSP48E2_X7Y57        DSP_M_DATA                                   r  u_system/u_replay/g_array.u_array/u_array/u_ref/g_row[14].g_col[18].u_pe/u_mul/u_dsp/DSP_M_DATA_INST/CLK
                         clock pessimism              0.305     5.394    
                         clock uncertainty           -0.085     5.309    
    DSP48E2_X7Y57        DSP_M_DATA (Setup_DSP_M_DATA_DSP48E2_CLK_U[29])
                                                      0.015     5.324    u_system/u_replay/g_array.u_array/u_array/u_ref/g_row[14].g_col[18].u_pe/u_mul/u_dsp/DSP_M_DATA_INST
  -------------------------------------------------------------------
                         required time                          5.324    
                         arrival time                          -5.155    
  -------------------------------------------------------------------
                         slack                                  0.169    

Slack (MET) :             0.169ns  (required time - arrival time)
  Source:                 u_system/u_replay/g_array.u_array/u_array/u_ref/g_row[14].g_col[18].u_pe/u_mul/w0_s0_reg[2]/C
                            (rising edge-triggered cell FDRE clocked by clk  {rise@0.000ns fall@1.649ns period=3.298ns})
  Destination:            u_system/u_replay/g_array.u_array/u_array/u_ref/g_row[14].g_col[18].u_pe/u_mul/u_dsp/DSP_M_DATA_INST/U[2]
                            (rising edge-triggered cell DSP_M_DATA clocked by clk  {rise@0.000ns fall@1.649ns period=3.298ns})
  Path Group:             clk
  Path Type:              Setup (Max at Slow Process Corner)
  Requirement:            3.298ns  (clk rise@3.298ns - clk rise@0.000ns)
  Data Path Delay:        2.895ns  (logic 1.506ns (52.021%)  route 1.389ns (47.979%))
  Logic Levels:           4  (DSP_MULTIPLIER=1 DSP_PREADD=1 DSP_PREADD_DATA=2)
  Clock Path Skew:        -0.164ns (DCD - SCD + CPR)
    Destination Clock Delay (DCD):    1.791ns = ( 5.089 - 3.298 ) 
    Source Clock Delay      (SCD):    2.260ns
    Clock Pessimism Removal (CPR):    0.305ns
  Clock Uncertainty:      0.085ns  ((TSJ^2 + TIJ^2)^1/2 + DJ) / 2 + PE + UU
    Total System Jitter     (TSJ):    0.071ns
    Total Input Jitter      (TIJ):    0.000ns
    Discrete Jitter          (DJ):    0.000ns
    Phase Error              (PE):    0.000ns
    User Uncertainty         (UU):    0.050ns
  Clock Net Delay (Source):      1.331ns (routing 0.171ns, distribution 1.160ns)
  Clock Net Delay (Destination): 1.151ns (routing 0.155ns, distribution 0.996ns)

    Location             Delay type                Incr(ns)  Path(ns)    Netlist Resource(s)
  -------------------------------------------------------------------    -------------------
                         (clock clk rise edge)        0.000     0.000 r  
    AJ20                                              0.000     0.000 r  clk (IN)
                         net (fo=0)                   0.000     0.000    clk_IBUF_inst/I
    AJ20                 INBUF (Prop_INBUF_HPIOB_M_PAD_O)
                                                      0.565     0.565 r  clk_IBUF_inst/INBUF_INST/O
                         net (fo=1, routed)           0.000     0.565    clk_IBUF_inst/OUT
    AJ20                 IBUFCTRL (Prop_IBUFCTRL_HPIOB_M_I_O)
                                                      0.000     0.565 r  clk_IBUF_inst/IBUFCTRL_INST/O
                         net (fo=1, routed)           0.336     0.901    clk_IBUF
    BUFGCE_X1Y71         BUFGCE (Prop_BUFCE_BUFGCE_I_O)
                                                      0.028     0.929 r  clk_IBUF_BUFG_inst/O
    X2Y2 (CLOCK_ROOT)    net (fo=185544, routed)      1.331     2.260    u_system/u_replay/g_array.u_array/u_array/u_ref/g_row[14].g_col[18].u_pe/u_mul/clk_IBUF_BUFG
    SLICE_X80Y89         FDRE                                         r  u_system/u_replay/g_array.u_array/u_array/u_ref/g_row[14].g_col[18].u_pe/u_mul/w0_s0_reg[2]/C
  -------------------------------------------------------------------    -------------------
    SLICE_X80Y89         FDRE (Prop_BFF2_SLICEL_C_Q)
                                                      0.080     2.340 f  u_system/u_replay/g_array.u_array/u_array/u_ref/g_row[14].g_col[18].u_pe/u_mul/w0_s0_reg[2]/Q
                         net (fo=1, routed)           1.389     3.729    u_system/u_replay/g_array.u_array/u_array/u_ref/g_row[14].g_col[18].u_pe/u_mul/u_dsp/D[2]
    DSP48E2_X7Y57        DSP_PREADD_DATA (Prop_DSP_PREADD_DATA_DSP48E2_DIN[2]_D_DATA[2])
                                                      0.240     3.969 r  u_system/u_replay/g_array.u_array/u_array/u_ref/g_row[14].g_col[18].u_pe/u_mul/u_dsp/DSP_PREADD_DATA_INST/D_DATA[2]
                         net (fo=1, routed)           0.000     3.969    u_system/u_replay/g_array.u_array/u_array/u_ref/g_row[14].g_col[18].u_pe/u_mul/u_dsp/DSP_PREADD_DATA.D_DATA<2>
    DSP48E2_X7Y57        DSP_PREADD (Prop_DSP_PREADD_DSP48E2_D_DATA[2]_AD[2])
                                                      0.524     4.493 f  u_system/u_replay/g_array.u_array/u_array/u_ref/g_row[14].g_col[18].u_pe/u_mul/u_dsp/DSP_PREADD_INST/AD[2]
                         net (fo=1, routed)           0.000     4.493    u_system/u_replay/g_array.u_array/u_array/u_ref/g_row[14].g_col[18].u_pe/u_mul/u_dsp/DSP_PREADD.AD<2>
    DSP48E2_X7Y57        DSP_PREADD_DATA (Prop_DSP_PREADD_DATA_DSP48E2_AD[2]_AD_DATA[2])
                                                      0.050     4.543 r  u_system/u_replay/g_array.u_array/u_array/u_ref/g_row[14].g_col[18].u_pe/u_mul/u_dsp/DSP_PREADD_DATA_INST/AD_DATA[2]
                         net (fo=1, routed)           0.000     4.543    u_system/u_replay/g_array.u_array/u_array/u_ref/g_row[14].g_col[18].u_pe/u_mul/u_dsp/DSP_PREADD_DATA.AD_DATA<2>
    DSP48E2_X7Y57        DSP_MULTIPLIER (Prop_DSP_MULTIPLIER_DSP48E2_AD_DATA[2]_U[2])
                                                      0.612     5.155 r  u_system/u_replay/g_array.u_array/u_array/u_ref/g_row[14].g_col[18].u_pe/u_mul/u_dsp/DSP_MULTIPLIER_INST/U[2]
                         net (fo=1, routed)           0.000     5.155    u_system/u_replay/g_array.u_array/u_array/u_ref/g_row[14].g_col[18].u_pe/u_mul/u_dsp/DSP_MULTIPLIER.U<2>
    DSP48E2_X7Y57        DSP_M_DATA                                   r  u_system/u_replay/g_array.u_array/u_array/u_ref/g_row[14].g_col[18].u_pe/u_mul/u_dsp/DSP_M_DATA_INST/U[2]
  -------------------------------------------------------------------    -------------------

                         (clock clk rise edge)        3.298     3.298 r  
    AJ20                                              0.000     3.298 r  clk (IN)
                         net (fo=0)                   0.000     3.298    clk_IBUF_inst/I
    AJ20                 INBUF (Prop_INBUF_HPIOB_M_PAD_O)
                                                      0.315     3.613 r  clk_IBUF_inst/INBUF_INST/O
                         net (fo=1, routed)           0.000     3.613    clk_IBUF_inst/OUT
    AJ20                 IBUFCTRL (Prop_IBUFCTRL_HPIOB_M_I_O)
                                                      0.000     3.613 r  clk_IBUF_inst/IBUFCTRL_INST/O
                         net (fo=1, routed)           0.301     3.914    clk_IBUF
    BUFGCE_X1Y71         BUFGCE (Prop_BUFCE_BUFGCE_I_O)
                                                      0.024     3.938 r  clk_IBUF_BUFG_inst/O
    X2Y2 (CLOCK_ROOT)    net (fo=185544, routed)      1.151     5.089    u_system/u_replay/g_array.u_array/u_array/u_ref/g_row[14].g_col[18].u_pe/u_mul/u_dsp/CLK
    DSP48E2_X7Y57        DSP_M_DATA                                   r  u_system/u_replay/g_array.u_array/u_array/u_ref/g_row[14].g_col[18].u_pe/u_mul/u_dsp/DSP_M_DATA_INST/CLK
                         clock pessimism              0.305     5.394    
                         clock uncertainty           -0.085     5.309    
    DSP48E2_X7Y57        DSP_M_DATA (Setup_DSP_M_DATA_DSP48E2_CLK_U[2])
                                                      0.015     5.324    u_system/u_replay/g_array.u_array/u_array/u_ref/g_row[14].g_col[18].u_pe/u_mul/u_dsp/DSP_M_DATA_INST
  -------------------------------------------------------------------
                         required time                          5.324    
                         arrival time                          -5.155    
  -------------------------------------------------------------------
                         slack                                  0.169    

Slack (MET) :             0.169ns  (required time - arrival time)
  Source:                 u_system/u_replay/g_array.u_array/u_array/u_ref/g_row[14].g_col[18].u_pe/u_mul/w0_s0_reg[2]/C
                            (rising edge-triggered cell FDRE clocked by clk  {rise@0.000ns fall@1.649ns period=3.298ns})
  Destination:            u_system/u_replay/g_array.u_array/u_array/u_ref/g_row[14].g_col[18].u_pe/u_mul/u_dsp/DSP_M_DATA_INST/U[30]
                            (rising edge-triggered cell DSP_M_DATA clocked by clk  {rise@0.000ns fall@1.649ns period=3.298ns})
  Path Group:             clk
  Path Type:              Setup (Max at Slow Process Corner)
  Requirement:            3.298ns  (clk rise@3.298ns - clk rise@0.000ns)
  Data Path Delay:        2.895ns  (logic 1.506ns (52.021%)  route 1.389ns (47.979%))
  Logic Levels:           4  (DSP_MULTIPLIER=1 DSP_PREADD=1 DSP_PREADD_DATA=2)
  Clock Path Skew:        -0.164ns (DCD - SCD + CPR)
    Destination Clock Delay (DCD):    1.791ns = ( 5.089 - 3.298 ) 
    Source Clock Delay      (SCD):    2.260ns
    Clock Pessimism Removal (CPR):    0.305ns
  Clock Uncertainty:      0.085ns  ((TSJ^2 + TIJ^2)^1/2 + DJ) / 2 + PE + UU
    Total System Jitter     (TSJ):    0.071ns
    Total Input Jitter      (TIJ):    0.000ns
    Discrete Jitter          (DJ):    0.000ns
    Phase Error              (PE):    0.000ns
    User Uncertainty         (UU):    0.050ns
  Clock Net Delay (Source):      1.331ns (routing 0.171ns, distribution 1.160ns)
  Clock Net Delay (Destination): 1.151ns (routing 0.155ns, distribution 0.996ns)

    Location             Delay type                Incr(ns)  Path(ns)    Netlist Resource(s)
  -------------------------------------------------------------------    -------------------
                         (clock clk rise edge)        0.000     0.000 r  
    AJ20                                              0.000     0.000 r  clk (IN)
                         net (fo=0)                   0.000     0.000    clk_IBUF_inst/I
    AJ20                 INBUF (Prop_INBUF_HPIOB_M_PAD_O)
                                                      0.565     0.565 r  clk_IBUF_inst/INBUF_INST/O
                         net (fo=1, routed)           0.000     0.565    clk_IBUF_inst/OUT
    AJ20                 IBUFCTRL (Prop_IBUFCTRL_HPIOB_M_I_O)
                                                      0.000     0.565 r  clk_IBUF_inst/IBUFCTRL_INST/O
                         net (fo=1, routed)           0.336     0.901    clk_IBUF
    BUFGCE_X1Y71         BUFGCE (Prop_BUFCE_BUFGCE_I_O)
                                                      0.028     0.929 r  clk_IBUF_BUFG_inst/O
    X2Y2 (CLOCK_ROOT)    net (fo=185544, routed)      1.331     2.260    u_system/u_replay/g_array.u_array/u_array/u_ref/g_row[14].g_col[18].u_pe/u_mul/clk_IBUF_BUFG
    SLICE_X80Y89         FDRE                                         r  u_system/u_replay/g_array.u_array/u_array/u_ref/g_row[14].g_col[18].u_pe/u_mul/w0_s0_reg[2]/C
  -------------------------------------------------------------------    -------------------
    SLICE_X80Y89         FDRE (Prop_BFF2_SLICEL_C_Q)
                                                      0.080     2.340 f  u_system/u_replay/g_array.u_array/u_array/u_ref/g_row[14].g_col[18].u_pe/u_mul/w0_s0_reg[2]/Q
                         net (fo=1, routed)           1.389     3.729    u_system/u_replay/g_array.u_array/u_array/u_ref/g_row[14].g_col[18].u_pe/u_mul/u_dsp/D[2]
    DSP48E2_X7Y57        DSP_PREADD_DATA (Prop_DSP_PREADD_DATA_DSP48E2_DIN[2]_D_DATA[2])
                                                      0.240     3.969 r  u_system/u_replay/g_array.u_array/u_array/u_ref/g_row[14].g_col[18].u_pe/u_mul/u_dsp/DSP_PREADD_DATA_INST/D_DATA[2]
                         net (fo=1, routed)           0.000     3.969    u_system/u_replay/g_array.u_array/u_array/u_ref/g_row[14].g_col[18].u_pe/u_mul/u_dsp/DSP_PREADD_DATA.D_DATA<2>
    DSP48E2_X7Y57        DSP_PREADD (Prop_DSP_PREADD_DSP48E2_D_DATA[2]_AD[26])
                                                      0.524     4.493 f  u_system/u_replay/g_array.u_array/u_array/u_ref/g_row[14].g_col[18].u_pe/u_mul/u_dsp/DSP_PREADD_INST/AD[26]
                         net (fo=1, routed)           0.000     4.493    u_system/u_replay/g_array.u_array/u_array/u_ref/g_row[14].g_col[18].u_pe/u_mul/u_dsp/DSP_PREADD.AD<26>
    DSP48E2_X7Y57        DSP_PREADD_DATA (Prop_DSP_PREADD_DATA_DSP48E2_AD[26]_AD_DATA[26])
                                                      0.050     4.543 r  u_system/u_replay/g_array.u_array/u_array/u_ref/g_row[14].g_col[18].u_pe/u_mul/u_dsp/DSP_PREADD_DATA_INST/AD_DATA[26]
                         net (fo=1, routed)           0.000     4.543    u_system/u_replay/g_array.u_array/u_array/u_ref/g_row[14].g_col[18].u_pe/u_mul/u_dsp/DSP_PREADD_DATA.AD_DATA<26>
    DSP48E2_X7Y57        DSP_MULTIPLIER (Prop_DSP_MULTIPLIER_DSP48E2_AD_DATA[26]_U[30])
                                                      0.612     5.155 r  u_system/u_replay/g_array.u_array/u_array/u_ref/g_row[14].g_col[18].u_pe/u_mul/u_dsp/DSP_MULTIPLIER_INST/U[30]
                         net (fo=1, routed)           0.000     5.155    u_system/u_replay/g_array.u_array/u_array/u_ref/g_row[14].g_col[18].u_pe/u_mul/u_dsp/DSP_MULTIPLIER.U<30>
    DSP48E2_X7Y57        DSP_M_DATA                                   r  u_system/u_replay/g_array.u_array/u_array/u_ref/g_row[14].g_col[18].u_pe/u_mul/u_dsp/DSP_M_DATA_INST/U[30]
  -------------------------------------------------------------------    -------------------

                         (clock clk rise edge)        3.298     3.298 r  
    AJ20                                              0.000     3.298 r  clk (IN)
                         net (fo=0)                   0.000     3.298    clk_IBUF_inst/I
    AJ20                 INBUF (Prop_INBUF_HPIOB_M_PAD_O)
                                                      0.315     3.613 r  clk_IBUF_inst/INBUF_INST/O
                         net (fo=1, routed)           0.000     3.613    clk_IBUF_inst/OUT
    AJ20                 IBUFCTRL (Prop_IBUFCTRL_HPIOB_M_I_O)
                                                      0.000     3.613 r  clk_IBUF_inst/IBUFCTRL_INST/O
                         net (fo=1, routed)           0.301     3.914    clk_IBUF
    BUFGCE_X1Y71         BUFGCE (Prop_BUFCE_BUFGCE_I_O)
                                                      0.024     3.938 r  clk_IBUF_BUFG_inst/O
    X2Y2 (CLOCK_ROOT)    net (fo=185544, routed)      1.151     5.089    u_system/u_replay/g_array.u_array/u_array/u_ref/g_row[14].g_col[18].u_pe/u_mul/u_dsp/CLK
    DSP48E2_X7Y57        DSP_M_DATA                                   r  u_system/u_replay/g_array.u_array/u_array/u_ref/g_row[14].g_col[18].u_pe/u_mul/u_dsp/DSP_M_DATA_INST/CLK
                         clock pessimism              0.305     5.394    
                         clock uncertainty           -0.085     5.309    
    DSP48E2_X7Y57        DSP_M_DATA (Setup_DSP_M_DATA_DSP48E2_CLK_U[30])
                                                      0.015     5.324    u_system/u_replay/g_array.u_array/u_array/u_ref/g_row[14].g_col[18].u_pe/u_mul/u_dsp/DSP_M_DATA_INST
  -------------------------------------------------------------------
                         required time                          5.324    
                         arrival time                          -5.155    
  -------------------------------------------------------------------
                         slack                                  0.169    

Slack (MET) :             0.169ns  (required time - arrival time)
  Source:                 u_system/u_replay/g_array.u_array/u_array/u_ref/g_row[14].g_col[18].u_pe/u_mul/w0_s0_reg[2]/C
                            (rising edge-triggered cell FDRE clocked by clk  {rise@0.000ns fall@1.649ns period=3.298ns})
  Destination:            u_system/u_replay/g_array.u_array/u_array/u_ref/g_row[14].g_col[18].u_pe/u_mul/u_dsp/DSP_M_DATA_INST/U[31]
                            (rising edge-triggered cell DSP_M_DATA clocked by clk  {rise@0.000ns fall@1.649ns period=3.298ns})
  Path Group:             clk
  Path Type:              Setup (Max at Slow Process Corner)
  Requirement:            3.298ns  (clk rise@3.298ns - clk rise@0.000ns)
  Data Path Delay:        2.895ns  (logic 1.506ns (52.021%)  route 1.389ns (47.979%))
  Logic Levels:           4  (DSP_MULTIPLIER=1 DSP_PREADD=1 DSP_PREADD_DATA=2)
  Clock Path Skew:        -0.164ns (DCD - SCD + CPR)
    Destination Clock Delay (DCD):    1.791ns = ( 5.089 - 3.298 ) 
    Source Clock Delay      (SCD):    2.260ns
    Clock Pessimism Removal (CPR):    0.305ns
  Clock Uncertainty:      0.085ns  ((TSJ^2 + TIJ^2)^1/2 + DJ) / 2 + PE + UU
    Total System Jitter     (TSJ):    0.071ns
    Total Input Jitter      (TIJ):    0.000ns
    Discrete Jitter          (DJ):    0.000ns
    Phase Error              (PE):    0.000ns
    User Uncertainty         (UU):    0.050ns
  Clock Net Delay (Source):      1.331ns (routing 0.171ns, distribution 1.160ns)
  Clock Net Delay (Destination): 1.151ns (routing 0.155ns, distribution 0.996ns)

    Location             Delay type                Incr(ns)  Path(ns)    Netlist Resource(s)
  -------------------------------------------------------------------    -------------------
                         (clock clk rise edge)        0.000     0.000 r  
    AJ20                                              0.000     0.000 r  clk (IN)
                         net (fo=0)                   0.000     0.000    clk_IBUF_inst/I
    AJ20                 INBUF (Prop_INBUF_HPIOB_M_PAD_O)
                                                      0.565     0.565 r  clk_IBUF_inst/INBUF_INST/O
                         net (fo=1, routed)           0.000     0.565    clk_IBUF_inst/OUT
    AJ20                 IBUFCTRL (Prop_IBUFCTRL_HPIOB_M_I_O)
                                                      0.000     0.565 r  clk_IBUF_inst/IBUFCTRL_INST/O
                         net (fo=1, routed)           0.336     0.901    clk_IBUF
    BUFGCE_X1Y71         BUFGCE (Prop_BUFCE_BUFGCE_I_O)
                                                      0.028     0.929 r  clk_IBUF_BUFG_inst/O
    X2Y2 (CLOCK_ROOT)    net (fo=185544, routed)      1.331     2.260    u_system/u_replay/g_array.u_array/u_array/u_ref/g_row[14].g_col[18].u_pe/u_mul/clk_IBUF_BUFG
    SLICE_X80Y89         FDRE                                         r  u_system/u_replay/g_array.u_array/u_array/u_ref/g_row[14].g_col[18].u_pe/u_mul/w0_s0_reg[2]/C
  -------------------------------------------------------------------    -------------------
    SLICE_X80Y89         FDRE (Prop_BFF2_SLICEL_C_Q)
                                                      0.080     2.340 f  u_system/u_replay/g_array.u_array/u_array/u_ref/g_row[14].g_col[18].u_pe/u_mul/w0_s0_reg[2]/Q
                         net (fo=1, routed)           1.389     3.729    u_system/u_replay/g_array.u_array/u_array/u_ref/g_row[14].g_col[18].u_pe/u_mul/u_dsp/D[2]
    DSP48E2_X7Y57        DSP_PREADD_DATA (Prop_DSP_PREADD_DATA_DSP48E2_DIN[2]_D_DATA[2])
                                                      0.240     3.969 r  u_system/u_replay/g_array.u_array/u_array/u_ref/g_row[14].g_col[18].u_pe/u_mul/u_dsp/DSP_PREADD_DATA_INST/D_DATA[2]
                         net (fo=1, routed)           0.000     3.969    u_system/u_replay/g_array.u_array/u_array/u_ref/g_row[14].g_col[18].u_pe/u_mul/u_dsp/DSP_PREADD_DATA.D_DATA<2>
    DSP48E2_X7Y57        DSP_PREADD (Prop_DSP_PREADD_DSP48E2_D_DATA[2]_AD[26])
                                                      0.524     4.493 f  u_system/u_replay/g_array.u_array/u_array/u_ref/g_row[14].g_col[18].u_pe/u_mul/u_dsp/DSP_PREADD_INST/AD[26]
                         net (fo=1, routed)           0.000     4.493    u_system/u_replay/g_array.u_array/u_array/u_ref/g_row[14].g_col[18].u_pe/u_mul/u_dsp/DSP_PREADD.AD<26>
    DSP48E2_X7Y57        DSP_PREADD_DATA (Prop_DSP_PREADD_DATA_DSP48E2_AD[26]_AD_DATA[26])
                                                      0.050     4.543 r  u_system/u_replay/g_array.u_array/u_array/u_ref/g_row[14].g_col[18].u_pe/u_mul/u_dsp/DSP_PREADD_DATA_INST/AD_DATA[26]
                         net (fo=1, routed)           0.000     4.543    u_system/u_replay/g_array.u_array/u_array/u_ref/g_row[14].g_col[18].u_pe/u_mul/u_dsp/DSP_PREADD_DATA.AD_DATA<26>
    DSP48E2_X7Y57        DSP_MULTIPLIER (Prop_DSP_MULTIPLIER_DSP48E2_AD_DATA[26]_U[31])
                                                      0.612     5.155 r  u_system/u_replay/g_array.u_array/u_array/u_ref/g_row[14].g_col[18].u_pe/u_mul/u_dsp/DSP_MULTIPLIER_INST/U[31]
                         net (fo=1, routed)           0.000     5.155    u_system/u_replay/g_array.u_array/u_array/u_ref/g_row[14].g_col[18].u_pe/u_mul/u_dsp/DSP_MULTIPLIER.U<31>
    DSP48E2_X7Y57        DSP_M_DATA                                   r  u_system/u_replay/g_array.u_array/u_array/u_ref/g_row[14].g_col[18].u_pe/u_mul/u_dsp/DSP_M_DATA_INST/U[31]
  -------------------------------------------------------------------    -------------------

                         (clock clk rise edge)        3.298     3.298 r  
    AJ20                                              0.000     3.298 r  clk (IN)
                         net (fo=0)                   0.000     3.298    clk_IBUF_inst/I
    AJ20                 INBUF (Prop_INBUF_HPIOB_M_PAD_O)
                                                      0.315     3.613 r  clk_IBUF_inst/INBUF_INST/O
                         net (fo=1, routed)           0.000     3.613    clk_IBUF_inst/OUT
    AJ20                 IBUFCTRL (Prop_IBUFCTRL_HPIOB_M_I_O)
                                                      0.000     3.613 r  clk_IBUF_inst/IBUFCTRL_INST/O
                         net (fo=1, routed)           0.301     3.914    clk_IBUF
    BUFGCE_X1Y71         BUFGCE (Prop_BUFCE_BUFGCE_I_O)
                                                      0.024     3.938 r  clk_IBUF_BUFG_inst/O
    X2Y2 (CLOCK_ROOT)    net (fo=185544, routed)      1.151     5.089    u_system/u_replay/g_array.u_array/u_array/u_ref/g_row[14].g_col[18].u_pe/u_mul/u_dsp/CLK
    DSP48E2_X7Y57        DSP_M_DATA                                   r  u_system/u_replay/g_array.u_array/u_array/u_ref/g_row[14].g_col[18].u_pe/u_mul/u_dsp/DSP_M_DATA_INST/CLK
                         clock pessimism              0.305     5.394    
                         clock uncertainty           -0.085     5.309    
    DSP48E2_X7Y57        DSP_M_DATA (Setup_DSP_M_DATA_DSP48E2_CLK_U[31])
                                                      0.015     5.324    u_system/u_replay/g_array.u_array/u_array/u_ref/g_row[14].g_col[18].u_pe/u_mul/u_dsp/DSP_M_DATA_INST
  -------------------------------------------------------------------
                         required time                          5.324    
                         arrival time                          -5.155    
  -------------------------------------------------------------------
                         slack                                  0.169    

Slack (MET) :             0.169ns  (required time - arrival time)
  Source:                 u_system/u_replay/g_array.u_array/u_array/u_ref/g_row[14].g_col[18].u_pe/u_mul/w0_s0_reg[2]/C
                            (rising edge-triggered cell FDRE clocked by clk  {rise@0.000ns fall@1.649ns period=3.298ns})
  Destination:            u_system/u_replay/g_array.u_array/u_array/u_ref/g_row[14].g_col[18].u_pe/u_mul/u_dsp/DSP_M_DATA_INST/U[32]
                            (rising edge-triggered cell DSP_M_DATA clocked by clk  {rise@0.000ns fall@1.649ns period=3.298ns})
  Path Group:             clk
  Path Type:              Setup (Max at Slow Process Corner)
  Requirement:            3.298ns  (clk rise@3.298ns - clk rise@0.000ns)
  Data Path Delay:        2.895ns  (logic 1.506ns (52.021%)  route 1.389ns (47.979%))
  Logic Levels:           4  (DSP_MULTIPLIER=1 DSP_PREADD=1 DSP_PREADD_DATA=2)
  Clock Path Skew:        -0.164ns (DCD - SCD + CPR)
    Destination Clock Delay (DCD):    1.791ns = ( 5.089 - 3.298 ) 
    Source Clock Delay      (SCD):    2.260ns
    Clock Pessimism Removal (CPR):    0.305ns
  Clock Uncertainty:      0.085ns  ((TSJ^2 + TIJ^2)^1/2 + DJ) / 2 + PE + UU
    Total System Jitter     (TSJ):    0.071ns
    Total Input Jitter      (TIJ):    0.000ns
    Discrete Jitter          (DJ):    0.000ns
    Phase Error              (PE):    0.000ns
    User Uncertainty         (UU):    0.050ns
  Clock Net Delay (Source):      1.331ns (routing 0.171ns, distribution 1.160ns)
  Clock Net Delay (Destination): 1.151ns (routing 0.155ns, distribution 0.996ns)

    Location             Delay type                Incr(ns)  Path(ns)    Netlist Resource(s)
  -------------------------------------------------------------------    -------------------
                         (clock clk rise edge)        0.000     0.000 r  
    AJ20                                              0.000     0.000 r  clk (IN)
                         net (fo=0)                   0.000     0.000    clk_IBUF_inst/I
    AJ20                 INBUF (Prop_INBUF_HPIOB_M_PAD_O)
                                                      0.565     0.565 r  clk_IBUF_inst/INBUF_INST/O
                         net (fo=1, routed)           0.000     0.565    clk_IBUF_inst/OUT
    AJ20                 IBUFCTRL (Prop_IBUFCTRL_HPIOB_M_I_O)
                                                      0.000     0.565 r  clk_IBUF_inst/IBUFCTRL_INST/O
                         net (fo=1, routed)           0.336     0.901    clk_IBUF
    BUFGCE_X1Y71         BUFGCE (Prop_BUFCE_BUFGCE_I_O)
                                                      0.028     0.929 r  clk_IBUF_BUFG_inst/O
    X2Y2 (CLOCK_ROOT)    net (fo=185544, routed)      1.331     2.260    u_system/u_replay/g_array.u_array/u_array/u_ref/g_row[14].g_col[18].u_pe/u_mul/clk_IBUF_BUFG
    SLICE_X80Y89         FDRE                                         r  u_system/u_replay/g_array.u_array/u_array/u_ref/g_row[14].g_col[18].u_pe/u_mul/w0_s0_reg[2]/C
  -------------------------------------------------------------------    -------------------
    SLICE_X80Y89         FDRE (Prop_BFF2_SLICEL_C_Q)
                                                      0.080     2.340 f  u_system/u_replay/g_array.u_array/u_array/u_ref/g_row[14].g_col[18].u_pe/u_mul/w0_s0_reg[2]/Q
                         net (fo=1, routed)           1.389     3.729    u_system/u_replay/g_array.u_array/u_array/u_ref/g_row[14].g_col[18].u_pe/u_mul/u_dsp/D[2]
    DSP48E2_X7Y57        DSP_PREADD_DATA (Prop_DSP_PREADD_DATA_DSP48E2_DIN[2]_D_DATA[2])
                                                      0.240     3.969 r  u_system/u_replay/g_array.u_array/u_array/u_ref/g_row[14].g_col[18].u_pe/u_mul/u_dsp/DSP_PREADD_DATA_INST/D_DATA[2]
                         net (fo=1, routed)           0.000     3.969    u_system/u_replay/g_array.u_array/u_array/u_ref/g_row[14].g_col[18].u_pe/u_mul/u_dsp/DSP_PREADD_DATA.D_DATA<2>
    DSP48E2_X7Y57        DSP_PREADD (Prop_DSP_PREADD_DSP48E2_D_DATA[2]_AD[26])
                                                      0.524     4.493 f  u_system/u_replay/g_array.u_array/u_array/u_ref/g_row[14].g_col[18].u_pe/u_mul/u_dsp/DSP_PREADD_INST/AD[26]
                         net (fo=1, routed)           0.000     4.493    u_system/u_replay/g_array.u_array/u_array/u_ref/g_row[14].g_col[18].u_pe/u_mul/u_dsp/DSP_PREADD.AD<26>
    DSP48E2_X7Y57        DSP_PREADD_DATA (Prop_DSP_PREADD_DATA_DSP48E2_AD[26]_AD_DATA[26])
                                                      0.050     4.543 r  u_system/u_replay/g_array.u_array/u_array/u_ref/g_row[14].g_col[18].u_pe/u_mul/u_dsp/DSP_PREADD_DATA_INST/AD_DATA[26]
                         net (fo=1, routed)           0.000     4.543    u_system/u_replay/g_array.u_array/u_array/u_ref/g_row[14].g_col[18].u_pe/u_mul/u_dsp/DSP_PREADD_DATA.AD_DATA<26>
    DSP48E2_X7Y57        DSP_MULTIPLIER (Prop_DSP_MULTIPLIER_DSP48E2_AD_DATA[26]_U[32])
                                                      0.612     5.155 r  u_system/u_replay/g_array.u_array/u_array/u_ref/g_row[14].g_col[18].u_pe/u_mul/u_dsp/DSP_MULTIPLIER_INST/U[32]
                         net (fo=1, routed)           0.000     5.155    u_system/u_replay/g_array.u_array/u_array/u_ref/g_row[14].g_col[18].u_pe/u_mul/u_dsp/DSP_MULTIPLIER.U<32>
    DSP48E2_X7Y57        DSP_M_DATA                                   r  u_system/u_replay/g_array.u_array/u_array/u_ref/g_row[14].g_col[18].u_pe/u_mul/u_dsp/DSP_M_DATA_INST/U[32]
  -------------------------------------------------------------------    -------------------

                         (clock clk rise edge)        3.298     3.298 r  
    AJ20                                              0.000     3.298 r  clk (IN)
                         net (fo=0)                   0.000     3.298    clk_IBUF_inst/I
    AJ20                 INBUF (Prop_INBUF_HPIOB_M_PAD_O)
                                                      0.315     3.613 r  clk_IBUF_inst/INBUF_INST/O
                         net (fo=1, routed)           0.000     3.613    clk_IBUF_inst/OUT
    AJ20                 IBUFCTRL (Prop_IBUFCTRL_HPIOB_M_I_O)
                                                      0.000     3.613 r  clk_IBUF_inst/IBUFCTRL_INST/O
                         net (fo=1, routed)           0.301     3.914    clk_IBUF
    BUFGCE_X1Y71         BUFGCE (Prop_BUFCE_BUFGCE_I_O)
                                                      0.024     3.938 r  clk_IBUF_BUFG_inst/O
    X2Y2 (CLOCK_ROOT)    net (fo=185544, routed)      1.151     5.089    u_system/u_replay/g_array.u_array/u_array/u_ref/g_row[14].g_col[18].u_pe/u_mul/u_dsp/CLK
    DSP48E2_X7Y57        DSP_M_DATA                                   r  u_system/u_replay/g_array.u_array/u_array/u_ref/g_row[14].g_col[18].u_pe/u_mul/u_dsp/DSP_M_DATA_INST/CLK
                         clock pessimism              0.305     5.394    
                         clock uncertainty           -0.085     5.309    
    DSP48E2_X7Y57        DSP_M_DATA (Setup_DSP_M_DATA_DSP48E2_CLK_U[32])
                                                      0.015     5.324    u_system/u_replay/g_array.u_array/u_array/u_ref/g_row[14].g_col[18].u_pe/u_mul/u_dsp/DSP_M_DATA_INST
  -------------------------------------------------------------------
                         required time                          5.324    
                         arrival time                          -5.155    
  -------------------------------------------------------------------
                         slack                                  0.169    

Slack (MET) :             0.169ns  (required time - arrival time)
  Source:                 u_system/u_replay/g_array.u_array/u_array/u_ref/g_row[14].g_col[18].u_pe/u_mul/w0_s0_reg[2]/C
                            (rising edge-triggered cell FDRE clocked by clk  {rise@0.000ns fall@1.649ns period=3.298ns})
  Destination:            u_system/u_replay/g_array.u_array/u_array/u_ref/g_row[14].g_col[18].u_pe/u_mul/u_dsp/DSP_M_DATA_INST/U[33]
                            (rising edge-triggered cell DSP_M_DATA clocked by clk  {rise@0.000ns fall@1.649ns period=3.298ns})
  Path Group:             clk
  Path Type:              Setup (Max at Slow Process Corner)
  Requirement:            3.298ns  (clk rise@3.298ns - clk rise@0.000ns)
  Data Path Delay:        2.895ns  (logic 1.506ns (52.021%)  route 1.389ns (47.979%))
  Logic Levels:           4  (DSP_MULTIPLIER=1 DSP_PREADD=1 DSP_PREADD_DATA=2)
  Clock Path Skew:        -0.164ns (DCD - SCD + CPR)
    Destination Clock Delay (DCD):    1.791ns = ( 5.089 - 3.298 ) 
    Source Clock Delay      (SCD):    2.260ns
    Clock Pessimism Removal (CPR):    0.305ns
  Clock Uncertainty:      0.085ns  ((TSJ^2 + TIJ^2)^1/2 + DJ) / 2 + PE + UU
    Total System Jitter     (TSJ):    0.071ns
    Total Input Jitter      (TIJ):    0.000ns
    Discrete Jitter          (DJ):    0.000ns
    Phase Error              (PE):    0.000ns
    User Uncertainty         (UU):    0.050ns
  Clock Net Delay (Source):      1.331ns (routing 0.171ns, distribution 1.160ns)
  Clock Net Delay (Destination): 1.151ns (routing 0.155ns, distribution 0.996ns)

    Location             Delay type                Incr(ns)  Path(ns)    Netlist Resource(s)
  -------------------------------------------------------------------    -------------------
                         (clock clk rise edge)        0.000     0.000 r  
    AJ20                                              0.000     0.000 r  clk (IN)
                         net (fo=0)                   0.000     0.000    clk_IBUF_inst/I
    AJ20                 INBUF (Prop_INBUF_HPIOB_M_PAD_O)
                                                      0.565     0.565 r  clk_IBUF_inst/INBUF_INST/O
                         net (fo=1, routed)           0.000     0.565    clk_IBUF_inst/OUT
    AJ20                 IBUFCTRL (Prop_IBUFCTRL_HPIOB_M_I_O)
                                                      0.000     0.565 r  clk_IBUF_inst/IBUFCTRL_INST/O
                         net (fo=1, routed)           0.336     0.901    clk_IBUF
    BUFGCE_X1Y71         BUFGCE (Prop_BUFCE_BUFGCE_I_O)
                                                      0.028     0.929 r  clk_IBUF_BUFG_inst/O
    X2Y2 (CLOCK_ROOT)    net (fo=185544, routed)      1.331     2.260    u_system/u_replay/g_array.u_array/u_array/u_ref/g_row[14].g_col[18].u_pe/u_mul/clk_IBUF_BUFG
    SLICE_X80Y89         FDRE                                         r  u_system/u_replay/g_array.u_array/u_array/u_ref/g_row[14].g_col[18].u_pe/u_mul/w0_s0_reg[2]/C
  -------------------------------------------------------------------    -------------------
    SLICE_X80Y89         FDRE (Prop_BFF2_SLICEL_C_Q)
                                                      0.080     2.340 f  u_system/u_replay/g_array.u_array/u_array/u_ref/g_row[14].g_col[18].u_pe/u_mul/w0_s0_reg[2]/Q
                         net (fo=1, routed)           1.389     3.729    u_system/u_replay/g_array.u_array/u_array/u_ref/g_row[14].g_col[18].u_pe/u_mul/u_dsp/D[2]
    DSP48E2_X7Y57        DSP_PREADD_DATA (Prop_DSP_PREADD_DATA_DSP48E2_DIN[2]_D_DATA[2])
                                                      0.240     3.969 r  u_system/u_replay/g_array.u_array/u_array/u_ref/g_row[14].g_col[18].u_pe/u_mul/u_dsp/DSP_PREADD_DATA_INST/D_DATA[2]
                         net (fo=1, routed)           0.000     3.969    u_system/u_replay/g_array.u_array/u_array/u_ref/g_row[14].g_col[18].u_pe/u_mul/u_dsp/DSP_PREADD_DATA.D_DATA<2>
    DSP48E2_X7Y57        DSP_PREADD (Prop_DSP_PREADD_DSP48E2_D_DATA[2]_AD[26])
                                                      0.524     4.493 f  u_system/u_replay/g_array.u_array/u_array/u_ref/g_row[14].g_col[18].u_pe/u_mul/u_dsp/DSP_PREADD_INST/AD[26]
                         net (fo=1, routed)           0.000     4.493    u_system/u_replay/g_array.u_array/u_array/u_ref/g_row[14].g_col[18].u_pe/u_mul/u_dsp/DSP_PREADD.AD<26>
    DSP48E2_X7Y57        DSP_PREADD_DATA (Prop_DSP_PREADD_DATA_DSP48E2_AD[26]_AD_DATA[26])
                                                      0.050     4.543 r  u_system/u_replay/g_array.u_array/u_array/u_ref/g_row[14].g_col[18].u_pe/u_mul/u_dsp/DSP_PREADD_DATA_INST/AD_DATA[26]
                         net (fo=1, routed)           0.000     4.543    u_system/u_replay/g_array.u_array/u_array/u_ref/g_row[14].g_col[18].u_pe/u_mul/u_dsp/DSP_PREADD_DATA.AD_DATA<26>
    DSP48E2_X7Y57        DSP_MULTIPLIER (Prop_DSP_MULTIPLIER_DSP48E2_AD_DATA[26]_U[33])
                                                      0.612     5.155 r  u_system/u_replay/g_array.u_array/u_array/u_ref/g_row[14].g_col[18].u_pe/u_mul/u_dsp/DSP_MULTIPLIER_INST/U[33]
                         net (fo=1, routed)           0.000     5.155    u_system/u_replay/g_array.u_array/u_array/u_ref/g_row[14].g_col[18].u_pe/u_mul/u_dsp/DSP_MULTIPLIER.U<33>
    DSP48E2_X7Y57        DSP_M_DATA                                   r  u_system/u_replay/g_array.u_array/u_array/u_ref/g_row[14].g_col[18].u_pe/u_mul/u_dsp/DSP_M_DATA_INST/U[33]
  -------------------------------------------------------------------    -------------------

                         (clock clk rise edge)        3.298     3.298 r  
    AJ20                                              0.000     3.298 r  clk (IN)
                         net (fo=0)                   0.000     3.298    clk_IBUF_inst/I
    AJ20                 INBUF (Prop_INBUF_HPIOB_M_PAD_O)
                                                      0.315     3.613 r  clk_IBUF_inst/INBUF_INST/O
                         net (fo=1, routed)           0.000     3.613    clk_IBUF_inst/OUT
    AJ20                 IBUFCTRL (Prop_IBUFCTRL_HPIOB_M_I_O)
                                                      0.000     3.613 r  clk_IBUF_inst/IBUFCTRL_INST/O
                         net (fo=1, routed)           0.301     3.914    clk_IBUF
    BUFGCE_X1Y71         BUFGCE (Prop_BUFCE_BUFGCE_I_O)
                                                      0.024     3.938 r  clk_IBUF_BUFG_inst/O
    X2Y2 (CLOCK_ROOT)    net (fo=185544, routed)      1.151     5.089    u_system/u_replay/g_array.u_array/u_array/u_ref/g_row[14].g_col[18].u_pe/u_mul/u_dsp/CLK
    DSP48E2_X7Y57        DSP_M_DATA                                   r  u_system/u_replay/g_array.u_array/u_array/u_ref/g_row[14].g_col[18].u_pe/u_mul/u_dsp/DSP_M_DATA_INST/CLK
                         clock pessimism              0.305     5.394    
                         clock uncertainty           -0.085     5.309    
    DSP48E2_X7Y57        DSP_M_DATA (Setup_DSP_M_DATA_DSP48E2_CLK_U[33])
                                                      0.015     5.324    u_system/u_replay/g_array.u_array/u_array/u_ref/g_row[14].g_col[18].u_pe/u_mul/u_dsp/DSP_M_DATA_INST
  -------------------------------------------------------------------
                         required time                          5.324    
                         arrival time                          -5.155    
  -------------------------------------------------------------------
                         slack                                  0.169    

Slack (MET) :             0.169ns  (required time - arrival time)
  Source:                 u_system/u_replay/g_array.u_array/u_array/u_ref/g_row[14].g_col[18].u_pe/u_mul/w0_s0_reg[2]/C
                            (rising edge-triggered cell FDRE clocked by clk  {rise@0.000ns fall@1.649ns period=3.298ns})
  Destination:            u_system/u_replay/g_array.u_array/u_array/u_ref/g_row[14].g_col[18].u_pe/u_mul/u_dsp/DSP_M_DATA_INST/U[34]
                            (rising edge-triggered cell DSP_M_DATA clocked by clk  {rise@0.000ns fall@1.649ns period=3.298ns})
  Path Group:             clk
  Path Type:              Setup (Max at Slow Process Corner)
  Requirement:            3.298ns  (clk rise@3.298ns - clk rise@0.000ns)
  Data Path Delay:        2.895ns  (logic 1.506ns (52.021%)  route 1.389ns (47.979%))
  Logic Levels:           4  (DSP_MULTIPLIER=1 DSP_PREADD=1 DSP_PREADD_DATA=2)
  Clock Path Skew:        -0.164ns (DCD - SCD + CPR)
    Destination Clock Delay (DCD):    1.791ns = ( 5.089 - 3.298 ) 
    Source Clock Delay      (SCD):    2.260ns
    Clock Pessimism Removal (CPR):    0.305ns
  Clock Uncertainty:      0.085ns  ((TSJ^2 + TIJ^2)^1/2 + DJ) / 2 + PE + UU
    Total System Jitter     (TSJ):    0.071ns
    Total Input Jitter      (TIJ):    0.000ns
    Discrete Jitter          (DJ):    0.000ns
    Phase Error              (PE):    0.000ns
    User Uncertainty         (UU):    0.050ns
  Clock Net Delay (Source):      1.331ns (routing 0.171ns, distribution 1.160ns)
  Clock Net Delay (Destination): 1.151ns (routing 0.155ns, distribution 0.996ns)

    Location             Delay type                Incr(ns)  Path(ns)    Netlist Resource(s)
  -------------------------------------------------------------------    -------------------
                         (clock clk rise edge)        0.000     0.000 r  
    AJ20                                              0.000     0.000 r  clk (IN)
                         net (fo=0)                   0.000     0.000    clk_IBUF_inst/I
    AJ20                 INBUF (Prop_INBUF_HPIOB_M_PAD_O)
                                                      0.565     0.565 r  clk_IBUF_inst/INBUF_INST/O
                         net (fo=1, routed)           0.000     0.565    clk_IBUF_inst/OUT
    AJ20                 IBUFCTRL (Prop_IBUFCTRL_HPIOB_M_I_O)
                                                      0.000     0.565 r  clk_IBUF_inst/IBUFCTRL_INST/O
                         net (fo=1, routed)           0.336     0.901    clk_IBUF
    BUFGCE_X1Y71         BUFGCE (Prop_BUFCE_BUFGCE_I_O)
                                                      0.028     0.929 r  clk_IBUF_BUFG_inst/O
    X2Y2 (CLOCK_ROOT)    net (fo=185544, routed)      1.331     2.260    u_system/u_replay/g_array.u_array/u_array/u_ref/g_row[14].g_col[18].u_pe/u_mul/clk_IBUF_BUFG
    SLICE_X80Y89         FDRE                                         r  u_system/u_replay/g_array.u_array/u_array/u_ref/g_row[14].g_col[18].u_pe/u_mul/w0_s0_reg[2]/C
  -------------------------------------------------------------------    -------------------
    SLICE_X80Y89         FDRE (Prop_BFF2_SLICEL_C_Q)
                                                      0.080     2.340 f  u_system/u_replay/g_array.u_array/u_array/u_ref/g_row[14].g_col[18].u_pe/u_mul/w0_s0_reg[2]/Q
                         net (fo=1, routed)           1.389     3.729    u_system/u_replay/g_array.u_array/u_array/u_ref/g_row[14].g_col[18].u_pe/u_mul/u_dsp/D[2]
    DSP48E2_X7Y57        DSP_PREADD_DATA (Prop_DSP_PREADD_DATA_DSP48E2_DIN[2]_D_DATA[2])
                                                      0.240     3.969 r  u_system/u_replay/g_array.u_array/u_array/u_ref/g_row[14].g_col[18].u_pe/u_mul/u_dsp/DSP_PREADD_DATA_INST/D_DATA[2]
                         net (fo=1, routed)           0.000     3.969    u_system/u_replay/g_array.u_array/u_array/u_ref/g_row[14].g_col[18].u_pe/u_mul/u_dsp/DSP_PREADD_DATA.D_DATA<2>
    DSP48E2_X7Y57        DSP_PREADD (Prop_DSP_PREADD_DSP48E2_D_DATA[2]_AD[26])
                                                      0.524     4.493 f  u_system/u_replay/g_array.u_array/u_array/u_ref/g_row[14].g_col[18].u_pe/u_mul/u_dsp/DSP_PREADD_INST/AD[26]
                         net (fo=1, routed)           0.000     4.493    u_system/u_replay/g_array.u_array/u_array/u_ref/g_row[14].g_col[18].u_pe/u_mul/u_dsp/DSP_PREADD.AD<26>
    DSP48E2_X7Y57        DSP_PREADD_DATA (Prop_DSP_PREADD_DATA_DSP48E2_AD[26]_AD_DATA[26])
                                                      0.050     4.543 r  u_system/u_replay/g_array.u_array/u_array/u_ref/g_row[14].g_col[18].u_pe/u_mul/u_dsp/DSP_PREADD_DATA_INST/AD_DATA[26]
                         net (fo=1, routed)           0.000     4.543    u_system/u_replay/g_array.u_array/u_array/u_ref/g_row[14].g_col[18].u_pe/u_mul/u_dsp/DSP_PREADD_DATA.AD_DATA<26>
    DSP48E2_X7Y57        DSP_MULTIPLIER (Prop_DSP_MULTIPLIER_DSP48E2_AD_DATA[26]_U[34])
                                                      0.612     5.155 r  u_system/u_replay/g_array.u_array/u_array/u_ref/g_row[14].g_col[18].u_pe/u_mul/u_dsp/DSP_MULTIPLIER_INST/U[34]
                         net (fo=1, routed)           0.000     5.155    u_system/u_replay/g_array.u_array/u_array/u_ref/g_row[14].g_col[18].u_pe/u_mul/u_dsp/DSP_MULTIPLIER.U<34>
    DSP48E2_X7Y57        DSP_M_DATA                                   r  u_system/u_replay/g_array.u_array/u_array/u_ref/g_row[14].g_col[18].u_pe/u_mul/u_dsp/DSP_M_DATA_INST/U[34]
  -------------------------------------------------------------------    -------------------

                         (clock clk rise edge)        3.298     3.298 r  
    AJ20                                              0.000     3.298 r  clk (IN)
                         net (fo=0)                   0.000     3.298    clk_IBUF_inst/I
    AJ20                 INBUF (Prop_INBUF_HPIOB_M_PAD_O)
                                                      0.315     3.613 r  clk_IBUF_inst/INBUF_INST/O
                         net (fo=1, routed)           0.000     3.613    clk_IBUF_inst/OUT
    AJ20                 IBUFCTRL (Prop_IBUFCTRL_HPIOB_M_I_O)
                                                      0.000     3.613 r  clk_IBUF_inst/IBUFCTRL_INST/O
                         net (fo=1, routed)           0.301     3.914    clk_IBUF
    BUFGCE_X1Y71         BUFGCE (Prop_BUFCE_BUFGCE_I_O)
                                                      0.024     3.938 r  clk_IBUF_BUFG_inst/O
    X2Y2 (CLOCK_ROOT)    net (fo=185544, routed)      1.151     5.089    u_system/u_replay/g_array.u_array/u_array/u_ref/g_row[14].g_col[18].u_pe/u_mul/u_dsp/CLK
    DSP48E2_X7Y57        DSP_M_DATA                                   r  u_system/u_replay/g_array.u_array/u_array/u_ref/g_row[14].g_col[18].u_pe/u_mul/u_dsp/DSP_M_DATA_INST/CLK
                         clock pessimism              0.305     5.394    
                         clock uncertainty           -0.085     5.309    
    DSP48E2_X7Y57        DSP_M_DATA (Setup_DSP_M_DATA_DSP48E2_CLK_U[34])
                                                      0.015     5.324    u_system/u_replay/g_array.u_array/u_array/u_ref/g_row[14].g_col[18].u_pe/u_mul/u_dsp/DSP_M_DATA_INST
  -------------------------------------------------------------------
                         required time                          5.324    
                         arrival time                          -5.155    
  -------------------------------------------------------------------
                         slack                                  0.169    

Slack (MET) :             0.169ns  (required time - arrival time)
  Source:                 u_system/u_replay/g_array.u_array/u_array/u_ref/g_row[14].g_col[18].u_pe/u_mul/w0_s0_reg[2]/C
                            (rising edge-triggered cell FDRE clocked by clk  {rise@0.000ns fall@1.649ns period=3.298ns})
  Destination:            u_system/u_replay/g_array.u_array/u_array/u_ref/g_row[14].g_col[18].u_pe/u_mul/u_dsp/DSP_M_DATA_INST/U[35]
                            (rising edge-triggered cell DSP_M_DATA clocked by clk  {rise@0.000ns fall@1.649ns period=3.298ns})
  Path Group:             clk
  Path Type:              Setup (Max at Slow Process Corner)
  Requirement:            3.298ns  (clk rise@3.298ns - clk rise@0.000ns)
  Data Path Delay:        2.895ns  (logic 1.506ns (52.021%)  route 1.389ns (47.979%))
  Logic Levels:           4  (DSP_MULTIPLIER=1 DSP_PREADD=1 DSP_PREADD_DATA=2)
  Clock Path Skew:        -0.164ns (DCD - SCD + CPR)
    Destination Clock Delay (DCD):    1.791ns = ( 5.089 - 3.298 ) 
    Source Clock Delay      (SCD):    2.260ns
    Clock Pessimism Removal (CPR):    0.305ns
  Clock Uncertainty:      0.085ns  ((TSJ^2 + TIJ^2)^1/2 + DJ) / 2 + PE + UU
    Total System Jitter     (TSJ):    0.071ns
    Total Input Jitter      (TIJ):    0.000ns
    Discrete Jitter          (DJ):    0.000ns
    Phase Error              (PE):    0.000ns
    User Uncertainty         (UU):    0.050ns
  Clock Net Delay (Source):      1.331ns (routing 0.171ns, distribution 1.160ns)
  Clock Net Delay (Destination): 1.151ns (routing 0.155ns, distribution 0.996ns)

    Location             Delay type                Incr(ns)  Path(ns)    Netlist Resource(s)
  -------------------------------------------------------------------    -------------------
                         (clock clk rise edge)        0.000     0.000 r  
    AJ20                                              0.000     0.000 r  clk (IN)
                         net (fo=0)                   0.000     0.000    clk_IBUF_inst/I
    AJ20                 INBUF (Prop_INBUF_HPIOB_M_PAD_O)
                                                      0.565     0.565 r  clk_IBUF_inst/INBUF_INST/O
                         net (fo=1, routed)           0.000     0.565    clk_IBUF_inst/OUT
    AJ20                 IBUFCTRL (Prop_IBUFCTRL_HPIOB_M_I_O)
                                                      0.000     0.565 r  clk_IBUF_inst/IBUFCTRL_INST/O
                         net (fo=1, routed)           0.336     0.901    clk_IBUF
    BUFGCE_X1Y71         BUFGCE (Prop_BUFCE_BUFGCE_I_O)
                                                      0.028     0.929 r  clk_IBUF_BUFG_inst/O
    X2Y2 (CLOCK_ROOT)    net (fo=185544, routed)      1.331     2.260    u_system/u_replay/g_array.u_array/u_array/u_ref/g_row[14].g_col[18].u_pe/u_mul/clk_IBUF_BUFG
    SLICE_X80Y89         FDRE                                         r  u_system/u_replay/g_array.u_array/u_array/u_ref/g_row[14].g_col[18].u_pe/u_mul/w0_s0_reg[2]/C
  -------------------------------------------------------------------    -------------------
    SLICE_X80Y89         FDRE (Prop_BFF2_SLICEL_C_Q)
                                                      0.080     2.340 f  u_system/u_replay/g_array.u_array/u_array/u_ref/g_row[14].g_col[18].u_pe/u_mul/w0_s0_reg[2]/Q
                         net (fo=1, routed)           1.389     3.729    u_system/u_replay/g_array.u_array/u_array/u_ref/g_row[14].g_col[18].u_pe/u_mul/u_dsp/D[2]
    DSP48E2_X7Y57        DSP_PREADD_DATA (Prop_DSP_PREADD_DATA_DSP48E2_DIN[2]_D_DATA[2])
                                                      0.240     3.969 r  u_system/u_replay/g_array.u_array/u_array/u_ref/g_row[14].g_col[18].u_pe/u_mul/u_dsp/DSP_PREADD_DATA_INST/D_DATA[2]
                         net (fo=1, routed)           0.000     3.969    u_system/u_replay/g_array.u_array/u_array/u_ref/g_row[14].g_col[18].u_pe/u_mul/u_dsp/DSP_PREADD_DATA.D_DATA<2>
    DSP48E2_X7Y57        DSP_PREADD (Prop_DSP_PREADD_DSP48E2_D_DATA[2]_AD[26])
                                                      0.524     4.493 f  u_system/u_replay/g_array.u_array/u_array/u_ref/g_row[14].g_col[18].u_pe/u_mul/u_dsp/DSP_PREADD_INST/AD[26]
                         net (fo=1, routed)           0.000     4.493    u_system/u_replay/g_array.u_array/u_array/u_ref/g_row[14].g_col[18].u_pe/u_mul/u_dsp/DSP_PREADD.AD<26>
    DSP48E2_X7Y57        DSP_PREADD_DATA (Prop_DSP_PREADD_DATA_DSP48E2_AD[26]_AD_DATA[26])
                                                      0.050     4.543 r  u_system/u_replay/g_array.u_array/u_array/u_ref/g_row[14].g_col[18].u_pe/u_mul/u_dsp/DSP_PREADD_DATA_INST/AD_DATA[26]
                         net (fo=1, routed)           0.000     4.543    u_system/u_replay/g_array.u_array/u_array/u_ref/g_row[14].g_col[18].u_pe/u_mul/u_dsp/DSP_PREADD_DATA.AD_DATA<26>
    DSP48E2_X7Y57        DSP_MULTIPLIER (Prop_DSP_MULTIPLIER_DSP48E2_AD_DATA[26]_U[35])
                                                      0.612     5.155 r  u_system/u_replay/g_array.u_array/u_array/u_ref/g_row[14].g_col[18].u_pe/u_mul/u_dsp/DSP_MULTIPLIER_INST/U[35]
                         net (fo=1, routed)           0.000     5.155    u_system/u_replay/g_array.u_array/u_array/u_ref/g_row[14].g_col[18].u_pe/u_mul/u_dsp/DSP_MULTIPLIER.U<35>
    DSP48E2_X7Y57        DSP_M_DATA                                   r  u_system/u_replay/g_array.u_array/u_array/u_ref/g_row[14].g_col[18].u_pe/u_mul/u_dsp/DSP_M_DATA_INST/U[35]
  -------------------------------------------------------------------    -------------------

                         (clock clk rise edge)        3.298     3.298 r  
    AJ20                                              0.000     3.298 r  clk (IN)
                         net (fo=0)                   0.000     3.298    clk_IBUF_inst/I
    AJ20                 INBUF (Prop_INBUF_HPIOB_M_PAD_O)
                                                      0.315     3.613 r  clk_IBUF_inst/INBUF_INST/O
                         net (fo=1, routed)           0.000     3.613    clk_IBUF_inst/OUT
    AJ20                 IBUFCTRL (Prop_IBUFCTRL_HPIOB_M_I_O)
                                                      0.000     3.613 r  clk_IBUF_inst/IBUFCTRL_INST/O
                         net (fo=1, routed)           0.301     3.914    clk_IBUF
    BUFGCE_X1Y71         BUFGCE (Prop_BUFCE_BUFGCE_I_O)
                                                      0.024     3.938 r  clk_IBUF_BUFG_inst/O
    X2Y2 (CLOCK_ROOT)    net (fo=185544, routed)      1.151     5.089    u_system/u_replay/g_array.u_array/u_array/u_ref/g_row[14].g_col[18].u_pe/u_mul/u_dsp/CLK
    DSP48E2_X7Y57        DSP_M_DATA                                   r  u_system/u_replay/g_array.u_array/u_array/u_ref/g_row[14].g_col[18].u_pe/u_mul/u_dsp/DSP_M_DATA_INST/CLK
                         clock pessimism              0.305     5.394    
                         clock uncertainty           -0.085     5.309    
    DSP48E2_X7Y57        DSP_M_DATA (Setup_DSP_M_DATA_DSP48E2_CLK_U[35])
                                                      0.015     5.324    u_system/u_replay/g_array.u_array/u_array/u_ref/g_row[14].g_col[18].u_pe/u_mul/u_dsp/DSP_M_DATA_INST
  -------------------------------------------------------------------
                         required time                          5.324    
                         arrival time                          -5.155    
  -------------------------------------------------------------------
                         slack                                  0.169    

Slack (MET) :             0.169ns  (required time - arrival time)
  Source:                 u_system/u_replay/g_array.u_array/u_array/u_ref/g_row[14].g_col[18].u_pe/u_mul/w0_s0_reg[2]/C
                            (rising edge-triggered cell FDRE clocked by clk  {rise@0.000ns fall@1.649ns period=3.298ns})
  Destination:            u_system/u_replay/g_array.u_array/u_array/u_ref/g_row[14].g_col[18].u_pe/u_mul/u_dsp/DSP_M_DATA_INST/U[36]
                            (rising edge-triggered cell DSP_M_DATA clocked by clk  {rise@0.000ns fall@1.649ns period=3.298ns})
  Path Group:             clk
  Path Type:              Setup (Max at Slow Process Corner)
  Requirement:            3.298ns  (clk rise@3.298ns - clk rise@0.000ns)
  Data Path Delay:        2.895ns  (logic 1.506ns (52.021%)  route 1.389ns (47.979%))
  Logic Levels:           4  (DSP_MULTIPLIER=1 DSP_PREADD=1 DSP_PREADD_DATA=2)
  Clock Path Skew:        -0.164ns (DCD - SCD + CPR)
    Destination Clock Delay (DCD):    1.791ns = ( 5.089 - 3.298 ) 
    Source Clock Delay      (SCD):    2.260ns
    Clock Pessimism Removal (CPR):    0.305ns
  Clock Uncertainty:      0.085ns  ((TSJ^2 + TIJ^2)^1/2 + DJ) / 2 + PE + UU
    Total System Jitter     (TSJ):    0.071ns
    Total Input Jitter      (TIJ):    0.000ns
    Discrete Jitter          (DJ):    0.000ns
    Phase Error              (PE):    0.000ns
    User Uncertainty         (UU):    0.050ns
  Clock Net Delay (Source):      1.331ns (routing 0.171ns, distribution 1.160ns)
  Clock Net Delay (Destination): 1.151ns (routing 0.155ns, distribution 0.996ns)

    Location             Delay type                Incr(ns)  Path(ns)    Netlist Resource(s)
  -------------------------------------------------------------------    -------------------
                         (clock clk rise edge)        0.000     0.000 r  
    AJ20                                              0.000     0.000 r  clk (IN)
                         net (fo=0)                   0.000     0.000    clk_IBUF_inst/I
    AJ20                 INBUF (Prop_INBUF_HPIOB_M_PAD_O)
                                                      0.565     0.565 r  clk_IBUF_inst/INBUF_INST/O
                         net (fo=1, routed)           0.000     0.565    clk_IBUF_inst/OUT
    AJ20                 IBUFCTRL (Prop_IBUFCTRL_HPIOB_M_I_O)
                                                      0.000     0.565 r  clk_IBUF_inst/IBUFCTRL_INST/O
                         net (fo=1, routed)           0.336     0.901    clk_IBUF
    BUFGCE_X1Y71         BUFGCE (Prop_BUFCE_BUFGCE_I_O)
                                                      0.028     0.929 r  clk_IBUF_BUFG_inst/O
    X2Y2 (CLOCK_ROOT)    net (fo=185544, routed)      1.331     2.260    u_system/u_replay/g_array.u_array/u_array/u_ref/g_row[14].g_col[18].u_pe/u_mul/clk_IBUF_BUFG
    SLICE_X80Y89         FDRE                                         r  u_system/u_replay/g_array.u_array/u_array/u_ref/g_row[14].g_col[18].u_pe/u_mul/w0_s0_reg[2]/C
  -------------------------------------------------------------------    -------------------
    SLICE_X80Y89         FDRE (Prop_BFF2_SLICEL_C_Q)
                                                      0.080     2.340 f  u_system/u_replay/g_array.u_array/u_array/u_ref/g_row[14].g_col[18].u_pe/u_mul/w0_s0_reg[2]/Q
                         net (fo=1, routed)           1.389     3.729    u_system/u_replay/g_array.u_array/u_array/u_ref/g_row[14].g_col[18].u_pe/u_mul/u_dsp/D[2]
    DSP48E2_X7Y57        DSP_PREADD_DATA (Prop_DSP_PREADD_DATA_DSP48E2_DIN[2]_D_DATA[2])
                                                      0.240     3.969 r  u_system/u_replay/g_array.u_array/u_array/u_ref/g_row[14].g_col[18].u_pe/u_mul/u_dsp/DSP_PREADD_DATA_INST/D_DATA[2]
                         net (fo=1, routed)           0.000     3.969    u_system/u_replay/g_array.u_array/u_array/u_ref/g_row[14].g_col[18].u_pe/u_mul/u_dsp/DSP_PREADD_DATA.D_DATA<2>
    DSP48E2_X7Y57        DSP_PREADD (Prop_DSP_PREADD_DSP48E2_D_DATA[2]_AD[26])
                                                      0.524     4.493 f  u_system/u_replay/g_array.u_array/u_array/u_ref/g_row[14].g_col[18].u_pe/u_mul/u_dsp/DSP_PREADD_INST/AD[26]
                         net (fo=1, routed)           0.000     4.493    u_system/u_replay/g_array.u_array/u_array/u_ref/g_row[14].g_col[18].u_pe/u_mul/u_dsp/DSP_PREADD.AD<26>
    DSP48E2_X7Y57        DSP_PREADD_DATA (Prop_DSP_PREADD_DATA_DSP48E2_AD[26]_AD_DATA[26])
                                                      0.050     4.543 r  u_system/u_replay/g_array.u_array/u_array/u_ref/g_row[14].g_col[18].u_pe/u_mul/u_dsp/DSP_PREADD_DATA_INST/AD_DATA[26]
                         net (fo=1, routed)           0.000     4.543    u_system/u_replay/g_array.u_array/u_array/u_ref/g_row[14].g_col[18].u_pe/u_mul/u_dsp/DSP_PREADD_DATA.AD_DATA<26>
    DSP48E2_X7Y57        DSP_MULTIPLIER (Prop_DSP_MULTIPLIER_DSP48E2_AD_DATA[26]_U[36])
                                                      0.612     5.155 r  u_system/u_replay/g_array.u_array/u_array/u_ref/g_row[14].g_col[18].u_pe/u_mul/u_dsp/DSP_MULTIPLIER_INST/U[36]
                         net (fo=1, routed)           0.000     5.155    u_system/u_replay/g_array.u_array/u_array/u_ref/g_row[14].g_col[18].u_pe/u_mul/u_dsp/DSP_MULTIPLIER.U<36>
    DSP48E2_X7Y57        DSP_M_DATA                                   r  u_system/u_replay/g_array.u_array/u_array/u_ref/g_row[14].g_col[18].u_pe/u_mul/u_dsp/DSP_M_DATA_INST/U[36]
  -------------------------------------------------------------------    -------------------

                         (clock clk rise edge)        3.298     3.298 r  
    AJ20                                              0.000     3.298 r  clk (IN)
                         net (fo=0)                   0.000     3.298    clk_IBUF_inst/I
    AJ20                 INBUF (Prop_INBUF_HPIOB_M_PAD_O)
                                                      0.315     3.613 r  clk_IBUF_inst/INBUF_INST/O
                         net (fo=1, routed)           0.000     3.613    clk_IBUF_inst/OUT
    AJ20                 IBUFCTRL (Prop_IBUFCTRL_HPIOB_M_I_O)
                                                      0.000     3.613 r  clk_IBUF_inst/IBUFCTRL_INST/O
                         net (fo=1, routed)           0.301     3.914    clk_IBUF
    BUFGCE_X1Y71         BUFGCE (Prop_BUFCE_BUFGCE_I_O)
                                                      0.024     3.938 r  clk_IBUF_BUFG_inst/O
    X2Y2 (CLOCK_ROOT)    net (fo=185544, routed)      1.151     5.089    u_system/u_replay/g_array.u_array/u_array/u_ref/g_row[14].g_col[18].u_pe/u_mul/u_dsp/CLK
    DSP48E2_X7Y57        DSP_M_DATA                                   r  u_system/u_replay/g_array.u_array/u_array/u_ref/g_row[14].g_col[18].u_pe/u_mul/u_dsp/DSP_M_DATA_INST/CLK
                         clock pessimism              0.305     5.394    
                         clock uncertainty           -0.085     5.309    
    DSP48E2_X7Y57        DSP_M_DATA (Setup_DSP_M_DATA_DSP48E2_CLK_U[36])
                                                      0.015     5.324    u_system/u_replay/g_array.u_array/u_array/u_ref/g_row[14].g_col[18].u_pe/u_mul/u_dsp/DSP_M_DATA_INST
  -------------------------------------------------------------------
                         required time                          5.324    
                         arrival time                          -5.155    
  -------------------------------------------------------------------
                         slack                                  0.169    

Slack (MET) :             0.169ns  (required time - arrival time)
  Source:                 u_system/u_replay/g_array.u_array/u_array/u_ref/g_row[14].g_col[18].u_pe/u_mul/w0_s0_reg[2]/C
                            (rising edge-triggered cell FDRE clocked by clk  {rise@0.000ns fall@1.649ns period=3.298ns})
  Destination:            u_system/u_replay/g_array.u_array/u_array/u_ref/g_row[14].g_col[18].u_pe/u_mul/u_dsp/DSP_M_DATA_INST/U[37]
                            (rising edge-triggered cell DSP_M_DATA clocked by clk  {rise@0.000ns fall@1.649ns period=3.298ns})
  Path Group:             clk
  Path Type:              Setup (Max at Slow Process Corner)
  Requirement:            3.298ns  (clk rise@3.298ns - clk rise@0.000ns)
  Data Path Delay:        2.895ns  (logic 1.506ns (52.021%)  route 1.389ns (47.979%))
  Logic Levels:           4  (DSP_MULTIPLIER=1 DSP_PREADD=1 DSP_PREADD_DATA=2)
  Clock Path Skew:        -0.164ns (DCD - SCD + CPR)
    Destination Clock Delay (DCD):    1.791ns = ( 5.089 - 3.298 ) 
    Source Clock Delay      (SCD):    2.260ns
    Clock Pessimism Removal (CPR):    0.305ns
  Clock Uncertainty:      0.085ns  ((TSJ^2 + TIJ^2)^1/2 + DJ) / 2 + PE + UU
    Total System Jitter     (TSJ):    0.071ns
    Total Input Jitter      (TIJ):    0.000ns
    Discrete Jitter          (DJ):    0.000ns
    Phase Error              (PE):    0.000ns
    User Uncertainty         (UU):    0.050ns
  Clock Net Delay (Source):      1.331ns (routing 0.171ns, distribution 1.160ns)
  Clock Net Delay (Destination): 1.151ns (routing 0.155ns, distribution 0.996ns)

    Location             Delay type                Incr(ns)  Path(ns)    Netlist Resource(s)
  -------------------------------------------------------------------    -------------------
                         (clock clk rise edge)        0.000     0.000 r  
    AJ20                                              0.000     0.000 r  clk (IN)
                         net (fo=0)                   0.000     0.000    clk_IBUF_inst/I
    AJ20                 INBUF (Prop_INBUF_HPIOB_M_PAD_O)
                                                      0.565     0.565 r  clk_IBUF_inst/INBUF_INST/O
                         net (fo=1, routed)           0.000     0.565    clk_IBUF_inst/OUT
    AJ20                 IBUFCTRL (Prop_IBUFCTRL_HPIOB_M_I_O)
                                                      0.000     0.565 r  clk_IBUF_inst/IBUFCTRL_INST/O
                         net (fo=1, routed)           0.336     0.901    clk_IBUF
    BUFGCE_X1Y71         BUFGCE (Prop_BUFCE_BUFGCE_I_O)
                                                      0.028     0.929 r  clk_IBUF_BUFG_inst/O
    X2Y2 (CLOCK_ROOT)    net (fo=185544, routed)      1.331     2.260    u_system/u_replay/g_array.u_array/u_array/u_ref/g_row[14].g_col[18].u_pe/u_mul/clk_IBUF_BUFG
    SLICE_X80Y89         FDRE                                         r  u_system/u_replay/g_array.u_array/u_array/u_ref/g_row[14].g_col[18].u_pe/u_mul/w0_s0_reg[2]/C
  -------------------------------------------------------------------    -------------------
    SLICE_X80Y89         FDRE (Prop_BFF2_SLICEL_C_Q)
                                                      0.080     2.340 f  u_system/u_replay/g_array.u_array/u_array/u_ref/g_row[14].g_col[18].u_pe/u_mul/w0_s0_reg[2]/Q
                         net (fo=1, routed)           1.389     3.729    u_system/u_replay/g_array.u_array/u_array/u_ref/g_row[14].g_col[18].u_pe/u_mul/u_dsp/D[2]
    DSP48E2_X7Y57        DSP_PREADD_DATA (Prop_DSP_PREADD_DATA_DSP48E2_DIN[2]_D_DATA[2])
                                                      0.240     3.969 r  u_system/u_replay/g_array.u_array/u_array/u_ref/g_row[14].g_col[18].u_pe/u_mul/u_dsp/DSP_PREADD_DATA_INST/D_DATA[2]
                         net (fo=1, routed)           0.000     3.969    u_system/u_replay/g_array.u_array/u_array/u_ref/g_row[14].g_col[18].u_pe/u_mul/u_dsp/DSP_PREADD_DATA.D_DATA<2>
    DSP48E2_X7Y57        DSP_PREADD (Prop_DSP_PREADD_DSP48E2_D_DATA[2]_AD[26])
                                                      0.524     4.493 f  u_system/u_replay/g_array.u_array/u_array/u_ref/g_row[14].g_col[18].u_pe/u_mul/u_dsp/DSP_PREADD_INST/AD[26]
                         net (fo=1, routed)           0.000     4.493    u_system/u_replay/g_array.u_array/u_array/u_ref/g_row[14].g_col[18].u_pe/u_mul/u_dsp/DSP_PREADD.AD<26>
    DSP48E2_X7Y57        DSP_PREADD_DATA (Prop_DSP_PREADD_DATA_DSP48E2_AD[26]_AD_DATA[26])
                                                      0.050     4.543 r  u_system/u_replay/g_array.u_array/u_array/u_ref/g_row[14].g_col[18].u_pe/u_mul/u_dsp/DSP_PREADD_DATA_INST/AD_DATA[26]
                         net (fo=1, routed)           0.000     4.543    u_system/u_replay/g_array.u_array/u_array/u_ref/g_row[14].g_col[18].u_pe/u_mul/u_dsp/DSP_PREADD_DATA.AD_DATA<26>
    DSP48E2_X7Y57        DSP_MULTIPLIER (Prop_DSP_MULTIPLIER_DSP48E2_AD_DATA[26]_U[37])
                                                      0.612     5.155 r  u_system/u_replay/g_array.u_array/u_array/u_ref/g_row[14].g_col[18].u_pe/u_mul/u_dsp/DSP_MULTIPLIER_INST/U[37]
                         net (fo=1, routed)           0.000     5.155    u_system/u_replay/g_array.u_array/u_array/u_ref/g_row[14].g_col[18].u_pe/u_mul/u_dsp/DSP_MULTIPLIER.U<37>
    DSP48E2_X7Y57        DSP_M_DATA                                   r  u_system/u_replay/g_array.u_array/u_array/u_ref/g_row[14].g_col[18].u_pe/u_mul/u_dsp/DSP_M_DATA_INST/U[37]
  -------------------------------------------------------------------    -------------------

                         (clock clk rise edge)        3.298     3.298 r  
    AJ20                                              0.000     3.298 r  clk (IN)
                         net (fo=0)                   0.000     3.298    clk_IBUF_inst/I
    AJ20                 INBUF (Prop_INBUF_HPIOB_M_PAD_O)
                                                      0.315     3.613 r  clk_IBUF_inst/INBUF_INST/O
                         net (fo=1, routed)           0.000     3.613    clk_IBUF_inst/OUT
    AJ20                 IBUFCTRL (Prop_IBUFCTRL_HPIOB_M_I_O)
                                                      0.000     3.613 r  clk_IBUF_inst/IBUFCTRL_INST/O
                         net (fo=1, routed)           0.301     3.914    clk_IBUF
    BUFGCE_X1Y71         BUFGCE (Prop_BUFCE_BUFGCE_I_O)
                                                      0.024     3.938 r  clk_IBUF_BUFG_inst/O
    X2Y2 (CLOCK_ROOT)    net (fo=185544, routed)      1.151     5.089    u_system/u_replay/g_array.u_array/u_array/u_ref/g_row[14].g_col[18].u_pe/u_mul/u_dsp/CLK
    DSP48E2_X7Y57        DSP_M_DATA                                   r  u_system/u_replay/g_array.u_array/u_array/u_ref/g_row[14].g_col[18].u_pe/u_mul/u_dsp/DSP_M_DATA_INST/CLK
                         clock pessimism              0.305     5.394    
                         clock uncertainty           -0.085     5.309    
    DSP48E2_X7Y57        DSP_M_DATA (Setup_DSP_M_DATA_DSP48E2_CLK_U[37])
                                                      0.015     5.324    u_system/u_replay/g_array.u_array/u_array/u_ref/g_row[14].g_col[18].u_pe/u_mul/u_dsp/DSP_M_DATA_INST
  -------------------------------------------------------------------
                         required time                          5.324    
                         arrival time                          -5.155    
  -------------------------------------------------------------------
                         slack                                  0.169    

Slack (MET) :             0.169ns  (required time - arrival time)
  Source:                 u_system/u_replay/g_array.u_array/u_array/u_ref/g_row[14].g_col[18].u_pe/u_mul/w0_s0_reg[2]/C
                            (rising edge-triggered cell FDRE clocked by clk  {rise@0.000ns fall@1.649ns period=3.298ns})
  Destination:            u_system/u_replay/g_array.u_array/u_array/u_ref/g_row[14].g_col[18].u_pe/u_mul/u_dsp/DSP_M_DATA_INST/U[38]
                            (rising edge-triggered cell DSP_M_DATA clocked by clk  {rise@0.000ns fall@1.649ns period=3.298ns})
  Path Group:             clk
  Path Type:              Setup (Max at Slow Process Corner)
  Requirement:            3.298ns  (clk rise@3.298ns - clk rise@0.000ns)
  Data Path Delay:        2.895ns  (logic 1.506ns (52.021%)  route 1.389ns (47.979%))
  Logic Levels:           4  (DSP_MULTIPLIER=1 DSP_PREADD=1 DSP_PREADD_DATA=2)
  Clock Path Skew:        -0.164ns (DCD - SCD + CPR)
    Destination Clock Delay (DCD):    1.791ns = ( 5.089 - 3.298 ) 
    Source Clock Delay      (SCD):    2.260ns
    Clock Pessimism Removal (CPR):    0.305ns
  Clock Uncertainty:      0.085ns  ((TSJ^2 + TIJ^2)^1/2 + DJ) / 2 + PE + UU
    Total System Jitter     (TSJ):    0.071ns
    Total Input Jitter      (TIJ):    0.000ns
    Discrete Jitter          (DJ):    0.000ns
    Phase Error              (PE):    0.000ns
    User Uncertainty         (UU):    0.050ns
  Clock Net Delay (Source):      1.331ns (routing 0.171ns, distribution 1.160ns)
  Clock Net Delay (Destination): 1.151ns (routing 0.155ns, distribution 0.996ns)

    Location             Delay type                Incr(ns)  Path(ns)    Netlist Resource(s)
  -------------------------------------------------------------------    -------------------
                         (clock clk rise edge)        0.000     0.000 r  
    AJ20                                              0.000     0.000 r  clk (IN)
                         net (fo=0)                   0.000     0.000    clk_IBUF_inst/I
    AJ20                 INBUF (Prop_INBUF_HPIOB_M_PAD_O)
                                                      0.565     0.565 r  clk_IBUF_inst/INBUF_INST/O
                         net (fo=1, routed)           0.000     0.565    clk_IBUF_inst/OUT
    AJ20                 IBUFCTRL (Prop_IBUFCTRL_HPIOB_M_I_O)
                                                      0.000     0.565 r  clk_IBUF_inst/IBUFCTRL_INST/O
                         net (fo=1, routed)           0.336     0.901    clk_IBUF
    BUFGCE_X1Y71         BUFGCE (Prop_BUFCE_BUFGCE_I_O)
                                                      0.028     0.929 r  clk_IBUF_BUFG_inst/O
    X2Y2 (CLOCK_ROOT)    net (fo=185544, routed)      1.331     2.260    u_system/u_replay/g_array.u_array/u_array/u_ref/g_row[14].g_col[18].u_pe/u_mul/clk_IBUF_BUFG
    SLICE_X80Y89         FDRE                                         r  u_system/u_replay/g_array.u_array/u_array/u_ref/g_row[14].g_col[18].u_pe/u_mul/w0_s0_reg[2]/C
  -------------------------------------------------------------------    -------------------
    SLICE_X80Y89         FDRE (Prop_BFF2_SLICEL_C_Q)
                                                      0.080     2.340 f  u_system/u_replay/g_array.u_array/u_array/u_ref/g_row[14].g_col[18].u_pe/u_mul/w0_s0_reg[2]/Q
                         net (fo=1, routed)           1.389     3.729    u_system/u_replay/g_array.u_array/u_array/u_ref/g_row[14].g_col[18].u_pe/u_mul/u_dsp/D[2]
    DSP48E2_X7Y57        DSP_PREADD_DATA (Prop_DSP_PREADD_DATA_DSP48E2_DIN[2]_D_DATA[2])
                                                      0.240     3.969 r  u_system/u_replay/g_array.u_array/u_array/u_ref/g_row[14].g_col[18].u_pe/u_mul/u_dsp/DSP_PREADD_DATA_INST/D_DATA[2]
                         net (fo=1, routed)           0.000     3.969    u_system/u_replay/g_array.u_array/u_array/u_ref/g_row[14].g_col[18].u_pe/u_mul/u_dsp/DSP_PREADD_DATA.D_DATA<2>
    DSP48E2_X7Y57        DSP_PREADD (Prop_DSP_PREADD_DSP48E2_D_DATA[2]_AD[26])
                                                      0.524     4.493 f  u_system/u_replay/g_array.u_array/u_array/u_ref/g_row[14].g_col[18].u_pe/u_mul/u_dsp/DSP_PREADD_INST/AD[26]
                         net (fo=1, routed)           0.000     4.493    u_system/u_replay/g_array.u_array/u_array/u_ref/g_row[14].g_col[18].u_pe/u_mul/u_dsp/DSP_PREADD.AD<26>
    DSP48E2_X7Y57        DSP_PREADD_DATA (Prop_DSP_PREADD_DATA_DSP48E2_AD[26]_AD_DATA[26])
                                                      0.050     4.543 r  u_system/u_replay/g_array.u_array/u_array/u_ref/g_row[14].g_col[18].u_pe/u_mul/u_dsp/DSP_PREADD_DATA_INST/AD_DATA[26]
                         net (fo=1, routed)           0.000     4.543    u_system/u_replay/g_array.u_array/u_array/u_ref/g_row[14].g_col[18].u_pe/u_mul/u_dsp/DSP_PREADD_DATA.AD_DATA<26>
    DSP48E2_X7Y57        DSP_MULTIPLIER (Prop_DSP_MULTIPLIER_DSP48E2_AD_DATA[26]_U[38])
                                                      0.612     5.155 r  u_system/u_replay/g_array.u_array/u_array/u_ref/g_row[14].g_col[18].u_pe/u_mul/u_dsp/DSP_MULTIPLIER_INST/U[38]
                         net (fo=1, routed)           0.000     5.155    u_system/u_replay/g_array.u_array/u_array/u_ref/g_row[14].g_col[18].u_pe/u_mul/u_dsp/DSP_MULTIPLIER.U<38>
    DSP48E2_X7Y57        DSP_M_DATA                                   r  u_system/u_replay/g_array.u_array/u_array/u_ref/g_row[14].g_col[18].u_pe/u_mul/u_dsp/DSP_M_DATA_INST/U[38]
  -------------------------------------------------------------------    -------------------

                         (clock clk rise edge)        3.298     3.298 r  
    AJ20                                              0.000     3.298 r  clk (IN)
                         net (fo=0)                   0.000     3.298    clk_IBUF_inst/I
    AJ20                 INBUF (Prop_INBUF_HPIOB_M_PAD_O)
                                                      0.315     3.613 r  clk_IBUF_inst/INBUF_INST/O
                         net (fo=1, routed)           0.000     3.613    clk_IBUF_inst/OUT
    AJ20                 IBUFCTRL (Prop_IBUFCTRL_HPIOB_M_I_O)
                                                      0.000     3.613 r  clk_IBUF_inst/IBUFCTRL_INST/O
                         net (fo=1, routed)           0.301     3.914    clk_IBUF
    BUFGCE_X1Y71         BUFGCE (Prop_BUFCE_BUFGCE_I_O)
                                                      0.024     3.938 r  clk_IBUF_BUFG_inst/O
    X2Y2 (CLOCK_ROOT)    net (fo=185544, routed)      1.151     5.089    u_system/u_replay/g_array.u_array/u_array/u_ref/g_row[14].g_col[18].u_pe/u_mul/u_dsp/CLK
    DSP48E2_X7Y57        DSP_M_DATA                                   r  u_system/u_replay/g_array.u_array/u_array/u_ref/g_row[14].g_col[18].u_pe/u_mul/u_dsp/DSP_M_DATA_INST/CLK
                         clock pessimism              0.305     5.394    
                         clock uncertainty           -0.085     5.309    
    DSP48E2_X7Y57        DSP_M_DATA (Setup_DSP_M_DATA_DSP48E2_CLK_U[38])
                                                      0.015     5.324    u_system/u_replay/g_array.u_array/u_array/u_ref/g_row[14].g_col[18].u_pe/u_mul/u_dsp/DSP_M_DATA_INST
  -------------------------------------------------------------------
                         required time                          5.324    
                         arrival time                          -5.155    
  -------------------------------------------------------------------
                         slack                                  0.169    

Slack (MET) :             0.169ns  (required time - arrival time)
  Source:                 u_system/u_replay/g_array.u_array/u_array/u_ref/g_row[14].g_col[18].u_pe/u_mul/w0_s0_reg[2]/C
                            (rising edge-triggered cell FDRE clocked by clk  {rise@0.000ns fall@1.649ns period=3.298ns})
  Destination:            u_system/u_replay/g_array.u_array/u_array/u_ref/g_row[14].g_col[18].u_pe/u_mul/u_dsp/DSP_M_DATA_INST/U[39]
                            (rising edge-triggered cell DSP_M_DATA clocked by clk  {rise@0.000ns fall@1.649ns period=3.298ns})
  Path Group:             clk
  Path Type:              Setup (Max at Slow Process Corner)
  Requirement:            3.298ns  (clk rise@3.298ns - clk rise@0.000ns)
  Data Path Delay:        2.895ns  (logic 1.506ns (52.021%)  route 1.389ns (47.979%))
  Logic Levels:           4  (DSP_MULTIPLIER=1 DSP_PREADD=1 DSP_PREADD_DATA=2)
  Clock Path Skew:        -0.164ns (DCD - SCD + CPR)
    Destination Clock Delay (DCD):    1.791ns = ( 5.089 - 3.298 ) 
    Source Clock Delay      (SCD):    2.260ns
    Clock Pessimism Removal (CPR):    0.305ns
  Clock Uncertainty:      0.085ns  ((TSJ^2 + TIJ^2)^1/2 + DJ) / 2 + PE + UU
    Total System Jitter     (TSJ):    0.071ns
    Total Input Jitter      (TIJ):    0.000ns
    Discrete Jitter          (DJ):    0.000ns
    Phase Error              (PE):    0.000ns
    User Uncertainty         (UU):    0.050ns
  Clock Net Delay (Source):      1.331ns (routing 0.171ns, distribution 1.160ns)
  Clock Net Delay (Destination): 1.151ns (routing 0.155ns, distribution 0.996ns)

    Location             Delay type                Incr(ns)  Path(ns)    Netlist Resource(s)
  -------------------------------------------------------------------    -------------------
                         (clock clk rise edge)        0.000     0.000 r  
    AJ20                                              0.000     0.000 r  clk (IN)
                         net (fo=0)                   0.000     0.000    clk_IBUF_inst/I
    AJ20                 INBUF (Prop_INBUF_HPIOB_M_PAD_O)
                                                      0.565     0.565 r  clk_IBUF_inst/INBUF_INST/O
                         net (fo=1, routed)           0.000     0.565    clk_IBUF_inst/OUT
    AJ20                 IBUFCTRL (Prop_IBUFCTRL_HPIOB_M_I_O)
                                                      0.000     0.565 r  clk_IBUF_inst/IBUFCTRL_INST/O
                         net (fo=1, routed)           0.336     0.901    clk_IBUF
    BUFGCE_X1Y71         BUFGCE (Prop_BUFCE_BUFGCE_I_O)
                                                      0.028     0.929 r  clk_IBUF_BUFG_inst/O
    X2Y2 (CLOCK_ROOT)    net (fo=185544, routed)      1.331     2.260    u_system/u_replay/g_array.u_array/u_array/u_ref/g_row[14].g_col[18].u_pe/u_mul/clk_IBUF_BUFG
    SLICE_X80Y89         FDRE                                         r  u_system/u_replay/g_array.u_array/u_array/u_ref/g_row[14].g_col[18].u_pe/u_mul/w0_s0_reg[2]/C
  -------------------------------------------------------------------    -------------------
    SLICE_X80Y89         FDRE (Prop_BFF2_SLICEL_C_Q)
                                                      0.080     2.340 f  u_system/u_replay/g_array.u_array/u_array/u_ref/g_row[14].g_col[18].u_pe/u_mul/w0_s0_reg[2]/Q
                         net (fo=1, routed)           1.389     3.729    u_system/u_replay/g_array.u_array/u_array/u_ref/g_row[14].g_col[18].u_pe/u_mul/u_dsp/D[2]
    DSP48E2_X7Y57        DSP_PREADD_DATA (Prop_DSP_PREADD_DATA_DSP48E2_DIN[2]_D_DATA[2])
                                                      0.240     3.969 r  u_system/u_replay/g_array.u_array/u_array/u_ref/g_row[14].g_col[18].u_pe/u_mul/u_dsp/DSP_PREADD_DATA_INST/D_DATA[2]
                         net (fo=1, routed)           0.000     3.969    u_system/u_replay/g_array.u_array/u_array/u_ref/g_row[14].g_col[18].u_pe/u_mul/u_dsp/DSP_PREADD_DATA.D_DATA<2>
    DSP48E2_X7Y57        DSP_PREADD (Prop_DSP_PREADD_DSP48E2_D_DATA[2]_AD[26])
                                                      0.524     4.493 f  u_system/u_replay/g_array.u_array/u_array/u_ref/g_row[14].g_col[18].u_pe/u_mul/u_dsp/DSP_PREADD_INST/AD[26]
                         net (fo=1, routed)           0.000     4.493    u_system/u_replay/g_array.u_array/u_array/u_ref/g_row[14].g_col[18].u_pe/u_mul/u_dsp/DSP_PREADD.AD<26>
    DSP48E2_X7Y57        DSP_PREADD_DATA (Prop_DSP_PREADD_DATA_DSP48E2_AD[26]_AD_DATA[26])
                                                      0.050     4.543 r  u_system/u_replay/g_array.u_array/u_array/u_ref/g_row[14].g_col[18].u_pe/u_mul/u_dsp/DSP_PREADD_DATA_INST/AD_DATA[26]
                         net (fo=1, routed)           0.000     4.543    u_system/u_replay/g_array.u_array/u_array/u_ref/g_row[14].g_col[18].u_pe/u_mul/u_dsp/DSP_PREADD_DATA.AD_DATA<26>
    DSP48E2_X7Y57        DSP_MULTIPLIER (Prop_DSP_MULTIPLIER_DSP48E2_AD_DATA[26]_U[39])
                                                      0.612     5.155 r  u_system/u_replay/g_array.u_array/u_array/u_ref/g_row[14].g_col[18].u_pe/u_mul/u_dsp/DSP_MULTIPLIER_INST/U[39]
                         net (fo=1, routed)           0.000     5.155    u_system/u_replay/g_array.u_array/u_array/u_ref/g_row[14].g_col[18].u_pe/u_mul/u_dsp/DSP_MULTIPLIER.U<39>
    DSP48E2_X7Y57        DSP_M_DATA                                   r  u_system/u_replay/g_array.u_array/u_array/u_ref/g_row[14].g_col[18].u_pe/u_mul/u_dsp/DSP_M_DATA_INST/U[39]
  -------------------------------------------------------------------    -------------------

                         (clock clk rise edge)        3.298     3.298 r  
    AJ20                                              0.000     3.298 r  clk (IN)
                         net (fo=0)                   0.000     3.298    clk_IBUF_inst/I
    AJ20                 INBUF (Prop_INBUF_HPIOB_M_PAD_O)
                                                      0.315     3.613 r  clk_IBUF_inst/INBUF_INST/O
                         net (fo=1, routed)           0.000     3.613    clk_IBUF_inst/OUT
    AJ20                 IBUFCTRL (Prop_IBUFCTRL_HPIOB_M_I_O)
                                                      0.000     3.613 r  clk_IBUF_inst/IBUFCTRL_INST/O
                         net (fo=1, routed)           0.301     3.914    clk_IBUF
    BUFGCE_X1Y71         BUFGCE (Prop_BUFCE_BUFGCE_I_O)
                                                      0.024     3.938 r  clk_IBUF_BUFG_inst/O
    X2Y2 (CLOCK_ROOT)    net (fo=185544, routed)      1.151     5.089    u_system/u_replay/g_array.u_array/u_array/u_ref/g_row[14].g_col[18].u_pe/u_mul/u_dsp/CLK
    DSP48E2_X7Y57        DSP_M_DATA                                   r  u_system/u_replay/g_array.u_array/u_array/u_ref/g_row[14].g_col[18].u_pe/u_mul/u_dsp/DSP_M_DATA_INST/CLK
                         clock pessimism              0.305     5.394    
                         clock uncertainty           -0.085     5.309    
    DSP48E2_X7Y57        DSP_M_DATA (Setup_DSP_M_DATA_DSP48E2_CLK_U[39])
                                                      0.015     5.324    u_system/u_replay/g_array.u_array/u_array/u_ref/g_row[14].g_col[18].u_pe/u_mul/u_dsp/DSP_M_DATA_INST
  -------------------------------------------------------------------
                         required time                          5.324    
                         arrival time                          -5.155    
  -------------------------------------------------------------------
                         slack                                  0.169    

Slack (MET) :             0.169ns  (required time - arrival time)
  Source:                 u_system/u_replay/g_array.u_array/u_array/u_ref/g_row[14].g_col[18].u_pe/u_mul/w0_s0_reg[2]/C
                            (rising edge-triggered cell FDRE clocked by clk  {rise@0.000ns fall@1.649ns period=3.298ns})
  Destination:            u_system/u_replay/g_array.u_array/u_array/u_ref/g_row[14].g_col[18].u_pe/u_mul/u_dsp/DSP_M_DATA_INST/U[3]
                            (rising edge-triggered cell DSP_M_DATA clocked by clk  {rise@0.000ns fall@1.649ns period=3.298ns})
  Path Group:             clk
  Path Type:              Setup (Max at Slow Process Corner)
  Requirement:            3.298ns  (clk rise@3.298ns - clk rise@0.000ns)
  Data Path Delay:        2.895ns  (logic 1.506ns (52.021%)  route 1.389ns (47.979%))
  Logic Levels:           4  (DSP_MULTIPLIER=1 DSP_PREADD=1 DSP_PREADD_DATA=2)
  Clock Path Skew:        -0.164ns (DCD - SCD + CPR)
    Destination Clock Delay (DCD):    1.791ns = ( 5.089 - 3.298 ) 
    Source Clock Delay      (SCD):    2.260ns
    Clock Pessimism Removal (CPR):    0.305ns
  Clock Uncertainty:      0.085ns  ((TSJ^2 + TIJ^2)^1/2 + DJ) / 2 + PE + UU
    Total System Jitter     (TSJ):    0.071ns
    Total Input Jitter      (TIJ):    0.000ns
    Discrete Jitter          (DJ):    0.000ns
    Phase Error              (PE):    0.000ns
    User Uncertainty         (UU):    0.050ns
  Clock Net Delay (Source):      1.331ns (routing 0.171ns, distribution 1.160ns)
  Clock Net Delay (Destination): 1.151ns (routing 0.155ns, distribution 0.996ns)

    Location             Delay type                Incr(ns)  Path(ns)    Netlist Resource(s)
  -------------------------------------------------------------------    -------------------
                         (clock clk rise edge)        0.000     0.000 r  
    AJ20                                              0.000     0.000 r  clk (IN)
                         net (fo=0)                   0.000     0.000    clk_IBUF_inst/I
    AJ20                 INBUF (Prop_INBUF_HPIOB_M_PAD_O)
                                                      0.565     0.565 r  clk_IBUF_inst/INBUF_INST/O
                         net (fo=1, routed)           0.000     0.565    clk_IBUF_inst/OUT
    AJ20                 IBUFCTRL (Prop_IBUFCTRL_HPIOB_M_I_O)
                                                      0.000     0.565 r  clk_IBUF_inst/IBUFCTRL_INST/O
                         net (fo=1, routed)           0.336     0.901    clk_IBUF
    BUFGCE_X1Y71         BUFGCE (Prop_BUFCE_BUFGCE_I_O)
                                                      0.028     0.929 r  clk_IBUF_BUFG_inst/O
    X2Y2 (CLOCK_ROOT)    net (fo=185544, routed)      1.331     2.260    u_system/u_replay/g_array.u_array/u_array/u_ref/g_row[14].g_col[18].u_pe/u_mul/clk_IBUF_BUFG
    SLICE_X80Y89         FDRE                                         r  u_system/u_replay/g_array.u_array/u_array/u_ref/g_row[14].g_col[18].u_pe/u_mul/w0_s0_reg[2]/C
  -------------------------------------------------------------------    -------------------
    SLICE_X80Y89         FDRE (Prop_BFF2_SLICEL_C_Q)
                                                      0.080     2.340 f  u_system/u_replay/g_array.u_array/u_array/u_ref/g_row[14].g_col[18].u_pe/u_mul/w0_s0_reg[2]/Q
                         net (fo=1, routed)           1.389     3.729    u_system/u_replay/g_array.u_array/u_array/u_ref/g_row[14].g_col[18].u_pe/u_mul/u_dsp/D[2]
    DSP48E2_X7Y57        DSP_PREADD_DATA (Prop_DSP_PREADD_DATA_DSP48E2_DIN[2]_D_DATA[2])
                                                      0.240     3.969 r  u_system/u_replay/g_array.u_array/u_array/u_ref/g_row[14].g_col[18].u_pe/u_mul/u_dsp/DSP_PREADD_DATA_INST/D_DATA[2]
                         net (fo=1, routed)           0.000     3.969    u_system/u_replay/g_array.u_array/u_array/u_ref/g_row[14].g_col[18].u_pe/u_mul/u_dsp/DSP_PREADD_DATA.D_DATA<2>
    DSP48E2_X7Y57        DSP_PREADD (Prop_DSP_PREADD_DSP48E2_D_DATA[2]_AD[3])
                                                      0.524     4.493 f  u_system/u_replay/g_array.u_array/u_array/u_ref/g_row[14].g_col[18].u_pe/u_mul/u_dsp/DSP_PREADD_INST/AD[3]
                         net (fo=1, routed)           0.000     4.493    u_system/u_replay/g_array.u_array/u_array/u_ref/g_row[14].g_col[18].u_pe/u_mul/u_dsp/DSP_PREADD.AD<3>
    DSP48E2_X7Y57        DSP_PREADD_DATA (Prop_DSP_PREADD_DATA_DSP48E2_AD[3]_AD_DATA[3])
                                                      0.050     4.543 r  u_system/u_replay/g_array.u_array/u_array/u_ref/g_row[14].g_col[18].u_pe/u_mul/u_dsp/DSP_PREADD_DATA_INST/AD_DATA[3]
                         net (fo=1, routed)           0.000     4.543    u_system/u_replay/g_array.u_array/u_array/u_ref/g_row[14].g_col[18].u_pe/u_mul/u_dsp/DSP_PREADD_DATA.AD_DATA<3>
    DSP48E2_X7Y57        DSP_MULTIPLIER (Prop_DSP_MULTIPLIER_DSP48E2_AD_DATA[3]_U[3])
                                                      0.612     5.155 r  u_system/u_replay/g_array.u_array/u_array/u_ref/g_row[14].g_col[18].u_pe/u_mul/u_dsp/DSP_MULTIPLIER_INST/U[3]
                         net (fo=1, routed)           0.000     5.155    u_system/u_replay/g_array.u_array/u_array/u_ref/g_row[14].g_col[18].u_pe/u_mul/u_dsp/DSP_MULTIPLIER.U<3>
    DSP48E2_X7Y57        DSP_M_DATA                                   r  u_system/u_replay/g_array.u_array/u_array/u_ref/g_row[14].g_col[18].u_pe/u_mul/u_dsp/DSP_M_DATA_INST/U[3]
  -------------------------------------------------------------------    -------------------

                         (clock clk rise edge)        3.298     3.298 r  
    AJ20                                              0.000     3.298 r  clk (IN)
                         net (fo=0)                   0.000     3.298    clk_IBUF_inst/I
    AJ20                 INBUF (Prop_INBUF_HPIOB_M_PAD_O)
                                                      0.315     3.613 r  clk_IBUF_inst/INBUF_INST/O
                         net (fo=1, routed)           0.000     3.613    clk_IBUF_inst/OUT
    AJ20                 IBUFCTRL (Prop_IBUFCTRL_HPIOB_M_I_O)
                                                      0.000     3.613 r  clk_IBUF_inst/IBUFCTRL_INST/O
                         net (fo=1, routed)           0.301     3.914    clk_IBUF
    BUFGCE_X1Y71         BUFGCE (Prop_BUFCE_BUFGCE_I_O)
                                                      0.024     3.938 r  clk_IBUF_BUFG_inst/O
    X2Y2 (CLOCK_ROOT)    net (fo=185544, routed)      1.151     5.089    u_system/u_replay/g_array.u_array/u_array/u_ref/g_row[14].g_col[18].u_pe/u_mul/u_dsp/CLK
    DSP48E2_X7Y57        DSP_M_DATA                                   r  u_system/u_replay/g_array.u_array/u_array/u_ref/g_row[14].g_col[18].u_pe/u_mul/u_dsp/DSP_M_DATA_INST/CLK
                         clock pessimism              0.305     5.394    
                         clock uncertainty           -0.085     5.309    
    DSP48E2_X7Y57        DSP_M_DATA (Setup_DSP_M_DATA_DSP48E2_CLK_U[3])
                                                      0.015     5.324    u_system/u_replay/g_array.u_array/u_array/u_ref/g_row[14].g_col[18].u_pe/u_mul/u_dsp/DSP_M_DATA_INST
  -------------------------------------------------------------------
                         required time                          5.324    
                         arrival time                          -5.155    
  -------------------------------------------------------------------
                         slack                                  0.169    

Slack (MET) :             0.169ns  (required time - arrival time)
  Source:                 u_system/u_replay/g_array.u_array/u_array/u_ref/g_row[14].g_col[18].u_pe/u_mul/w0_s0_reg[2]/C
                            (rising edge-triggered cell FDRE clocked by clk  {rise@0.000ns fall@1.649ns period=3.298ns})
  Destination:            u_system/u_replay/g_array.u_array/u_array/u_ref/g_row[14].g_col[18].u_pe/u_mul/u_dsp/DSP_M_DATA_INST/U[40]
                            (rising edge-triggered cell DSP_M_DATA clocked by clk  {rise@0.000ns fall@1.649ns period=3.298ns})
  Path Group:             clk
  Path Type:              Setup (Max at Slow Process Corner)
  Requirement:            3.298ns  (clk rise@3.298ns - clk rise@0.000ns)
  Data Path Delay:        2.895ns  (logic 1.506ns (52.021%)  route 1.389ns (47.979%))
  Logic Levels:           4  (DSP_MULTIPLIER=1 DSP_PREADD=1 DSP_PREADD_DATA=2)
  Clock Path Skew:        -0.164ns (DCD - SCD + CPR)
    Destination Clock Delay (DCD):    1.791ns = ( 5.089 - 3.298 ) 
    Source Clock Delay      (SCD):    2.260ns
    Clock Pessimism Removal (CPR):    0.305ns
  Clock Uncertainty:      0.085ns  ((TSJ^2 + TIJ^2)^1/2 + DJ) / 2 + PE + UU
    Total System Jitter     (TSJ):    0.071ns
    Total Input Jitter      (TIJ):    0.000ns
    Discrete Jitter          (DJ):    0.000ns
    Phase Error              (PE):    0.000ns
    User Uncertainty         (UU):    0.050ns
  Clock Net Delay (Source):      1.331ns (routing 0.171ns, distribution 1.160ns)
  Clock Net Delay (Destination): 1.151ns (routing 0.155ns, distribution 0.996ns)

    Location             Delay type                Incr(ns)  Path(ns)    Netlist Resource(s)
  -------------------------------------------------------------------    -------------------
                         (clock clk rise edge)        0.000     0.000 r  
    AJ20                                              0.000     0.000 r  clk (IN)
                         net (fo=0)                   0.000     0.000    clk_IBUF_inst/I
    AJ20                 INBUF (Prop_INBUF_HPIOB_M_PAD_O)
                                                      0.565     0.565 r  clk_IBUF_inst/INBUF_INST/O
                         net (fo=1, routed)           0.000     0.565    clk_IBUF_inst/OUT
    AJ20                 IBUFCTRL (Prop_IBUFCTRL_HPIOB_M_I_O)
                                                      0.000     0.565 r  clk_IBUF_inst/IBUFCTRL_INST/O
                         net (fo=1, routed)           0.336     0.901    clk_IBUF
    BUFGCE_X1Y71         BUFGCE (Prop_BUFCE_BUFGCE_I_O)
                                                      0.028     0.929 r  clk_IBUF_BUFG_inst/O
    X2Y2 (CLOCK_ROOT)    net (fo=185544, routed)      1.331     2.260    u_system/u_replay/g_array.u_array/u_array/u_ref/g_row[14].g_col[18].u_pe/u_mul/clk_IBUF_BUFG
    SLICE_X80Y89         FDRE                                         r  u_system/u_replay/g_array.u_array/u_array/u_ref/g_row[14].g_col[18].u_pe/u_mul/w0_s0_reg[2]/C
  -------------------------------------------------------------------    -------------------
    SLICE_X80Y89         FDRE (Prop_BFF2_SLICEL_C_Q)
                                                      0.080     2.340 f  u_system/u_replay/g_array.u_array/u_array/u_ref/g_row[14].g_col[18].u_pe/u_mul/w0_s0_reg[2]/Q
                         net (fo=1, routed)           1.389     3.729    u_system/u_replay/g_array.u_array/u_array/u_ref/g_row[14].g_col[18].u_pe/u_mul/u_dsp/D[2]
    DSP48E2_X7Y57        DSP_PREADD_DATA (Prop_DSP_PREADD_DATA_DSP48E2_DIN[2]_D_DATA[2])
                                                      0.240     3.969 r  u_system/u_replay/g_array.u_array/u_array/u_ref/g_row[14].g_col[18].u_pe/u_mul/u_dsp/DSP_PREADD_DATA_INST/D_DATA[2]
                         net (fo=1, routed)           0.000     3.969    u_system/u_replay/g_array.u_array/u_array/u_ref/g_row[14].g_col[18].u_pe/u_mul/u_dsp/DSP_PREADD_DATA.D_DATA<2>
    DSP48E2_X7Y57        DSP_PREADD (Prop_DSP_PREADD_DSP48E2_D_DATA[2]_AD[26])
                                                      0.524     4.493 f  u_system/u_replay/g_array.u_array/u_array/u_ref/g_row[14].g_col[18].u_pe/u_mul/u_dsp/DSP_PREADD_INST/AD[26]
                         net (fo=1, routed)           0.000     4.493    u_system/u_replay/g_array.u_array/u_array/u_ref/g_row[14].g_col[18].u_pe/u_mul/u_dsp/DSP_PREADD.AD<26>
    DSP48E2_X7Y57        DSP_PREADD_DATA (Prop_DSP_PREADD_DATA_DSP48E2_AD[26]_AD_DATA[26])
                                                      0.050     4.543 r  u_system/u_replay/g_array.u_array/u_array/u_ref/g_row[14].g_col[18].u_pe/u_mul/u_dsp/DSP_PREADD_DATA_INST/AD_DATA[26]
                         net (fo=1, routed)           0.000     4.543    u_system/u_replay/g_array.u_array/u_array/u_ref/g_row[14].g_col[18].u_pe/u_mul/u_dsp/DSP_PREADD_DATA.AD_DATA<26>
    DSP48E2_X7Y57        DSP_MULTIPLIER (Prop_DSP_MULTIPLIER_DSP48E2_AD_DATA[26]_U[40])
                                                      0.612     5.155 r  u_system/u_replay/g_array.u_array/u_array/u_ref/g_row[14].g_col[18].u_pe/u_mul/u_dsp/DSP_MULTIPLIER_INST/U[40]
                         net (fo=1, routed)           0.000     5.155    u_system/u_replay/g_array.u_array/u_array/u_ref/g_row[14].g_col[18].u_pe/u_mul/u_dsp/DSP_MULTIPLIER.U<40>
    DSP48E2_X7Y57        DSP_M_DATA                                   r  u_system/u_replay/g_array.u_array/u_array/u_ref/g_row[14].g_col[18].u_pe/u_mul/u_dsp/DSP_M_DATA_INST/U[40]
  -------------------------------------------------------------------    -------------------

                         (clock clk rise edge)        3.298     3.298 r  
    AJ20                                              0.000     3.298 r  clk (IN)
                         net (fo=0)                   0.000     3.298    clk_IBUF_inst/I
    AJ20                 INBUF (Prop_INBUF_HPIOB_M_PAD_O)
                                                      0.315     3.613 r  clk_IBUF_inst/INBUF_INST/O
                         net (fo=1, routed)           0.000     3.613    clk_IBUF_inst/OUT
    AJ20                 IBUFCTRL (Prop_IBUFCTRL_HPIOB_M_I_O)
                                                      0.000     3.613 r  clk_IBUF_inst/IBUFCTRL_INST/O
                         net (fo=1, routed)           0.301     3.914    clk_IBUF
    BUFGCE_X1Y71         BUFGCE (Prop_BUFCE_BUFGCE_I_O)
                                                      0.024     3.938 r  clk_IBUF_BUFG_inst/O
    X2Y2 (CLOCK_ROOT)    net (fo=185544, routed)      1.151     5.089    u_system/u_replay/g_array.u_array/u_array/u_ref/g_row[14].g_col[18].u_pe/u_mul/u_dsp/CLK
    DSP48E2_X7Y57        DSP_M_DATA                                   r  u_system/u_replay/g_array.u_array/u_array/u_ref/g_row[14].g_col[18].u_pe/u_mul/u_dsp/DSP_M_DATA_INST/CLK
                         clock pessimism              0.305     5.394    
                         clock uncertainty           -0.085     5.309    
    DSP48E2_X7Y57        DSP_M_DATA (Setup_DSP_M_DATA_DSP48E2_CLK_U[40])
                                                      0.015     5.324    u_system/u_replay/g_array.u_array/u_array/u_ref/g_row[14].g_col[18].u_pe/u_mul/u_dsp/DSP_M_DATA_INST
  -------------------------------------------------------------------
                         required time                          5.324    
                         arrival time                          -5.155    
  -------------------------------------------------------------------
                         slack                                  0.169    

Slack (MET) :             0.169ns  (required time - arrival time)
  Source:                 u_system/u_replay/g_array.u_array/u_array/u_ref/g_row[14].g_col[18].u_pe/u_mul/w0_s0_reg[2]/C
                            (rising edge-triggered cell FDRE clocked by clk  {rise@0.000ns fall@1.649ns period=3.298ns})
  Destination:            u_system/u_replay/g_array.u_array/u_array/u_ref/g_row[14].g_col[18].u_pe/u_mul/u_dsp/DSP_M_DATA_INST/U[41]
                            (rising edge-triggered cell DSP_M_DATA clocked by clk  {rise@0.000ns fall@1.649ns period=3.298ns})
  Path Group:             clk
  Path Type:              Setup (Max at Slow Process Corner)
  Requirement:            3.298ns  (clk rise@3.298ns - clk rise@0.000ns)
  Data Path Delay:        2.895ns  (logic 1.506ns (52.021%)  route 1.389ns (47.979%))
  Logic Levels:           4  (DSP_MULTIPLIER=1 DSP_PREADD=1 DSP_PREADD_DATA=2)
  Clock Path Skew:        -0.164ns (DCD - SCD + CPR)
    Destination Clock Delay (DCD):    1.791ns = ( 5.089 - 3.298 ) 
    Source Clock Delay      (SCD):    2.260ns
    Clock Pessimism Removal (CPR):    0.305ns
  Clock Uncertainty:      0.085ns  ((TSJ^2 + TIJ^2)^1/2 + DJ) / 2 + PE + UU
    Total System Jitter     (TSJ):    0.071ns
    Total Input Jitter      (TIJ):    0.000ns
    Discrete Jitter          (DJ):    0.000ns
    Phase Error              (PE):    0.000ns
    User Uncertainty         (UU):    0.050ns
  Clock Net Delay (Source):      1.331ns (routing 0.171ns, distribution 1.160ns)
  Clock Net Delay (Destination): 1.151ns (routing 0.155ns, distribution 0.996ns)

    Location             Delay type                Incr(ns)  Path(ns)    Netlist Resource(s)
  -------------------------------------------------------------------    -------------------
                         (clock clk rise edge)        0.000     0.000 r  
    AJ20                                              0.000     0.000 r  clk (IN)
                         net (fo=0)                   0.000     0.000    clk_IBUF_inst/I
    AJ20                 INBUF (Prop_INBUF_HPIOB_M_PAD_O)
                                                      0.565     0.565 r  clk_IBUF_inst/INBUF_INST/O
                         net (fo=1, routed)           0.000     0.565    clk_IBUF_inst/OUT
    AJ20                 IBUFCTRL (Prop_IBUFCTRL_HPIOB_M_I_O)
                                                      0.000     0.565 r  clk_IBUF_inst/IBUFCTRL_INST/O
                         net (fo=1, routed)           0.336     0.901    clk_IBUF
    BUFGCE_X1Y71         BUFGCE (Prop_BUFCE_BUFGCE_I_O)
                                                      0.028     0.929 r  clk_IBUF_BUFG_inst/O
    X2Y2 (CLOCK_ROOT)    net (fo=185544, routed)      1.331     2.260    u_system/u_replay/g_array.u_array/u_array/u_ref/g_row[14].g_col[18].u_pe/u_mul/clk_IBUF_BUFG
    SLICE_X80Y89         FDRE                                         r  u_system/u_replay/g_array.u_array/u_array/u_ref/g_row[14].g_col[18].u_pe/u_mul/w0_s0_reg[2]/C
  -------------------------------------------------------------------    -------------------
    SLICE_X80Y89         FDRE (Prop_BFF2_SLICEL_C_Q)
                                                      0.080     2.340 f  u_system/u_replay/g_array.u_array/u_array/u_ref/g_row[14].g_col[18].u_pe/u_mul/w0_s0_reg[2]/Q
                         net (fo=1, routed)           1.389     3.729    u_system/u_replay/g_array.u_array/u_array/u_ref/g_row[14].g_col[18].u_pe/u_mul/u_dsp/D[2]
    DSP48E2_X7Y57        DSP_PREADD_DATA (Prop_DSP_PREADD_DATA_DSP48E2_DIN[2]_D_DATA[2])
                                                      0.240     3.969 r  u_system/u_replay/g_array.u_array/u_array/u_ref/g_row[14].g_col[18].u_pe/u_mul/u_dsp/DSP_PREADD_DATA_INST/D_DATA[2]
                         net (fo=1, routed)           0.000     3.969    u_system/u_replay/g_array.u_array/u_array/u_ref/g_row[14].g_col[18].u_pe/u_mul/u_dsp/DSP_PREADD_DATA.D_DATA<2>
    DSP48E2_X7Y57        DSP_PREADD (Prop_DSP_PREADD_DSP48E2_D_DATA[2]_AD[26])
                                                      0.524     4.493 f  u_system/u_replay/g_array.u_array/u_array/u_ref/g_row[14].g_col[18].u_pe/u_mul/u_dsp/DSP_PREADD_INST/AD[26]
                         net (fo=1, routed)           0.000     4.493    u_system/u_replay/g_array.u_array/u_array/u_ref/g_row[14].g_col[18].u_pe/u_mul/u_dsp/DSP_PREADD.AD<26>
    DSP48E2_X7Y57        DSP_PREADD_DATA (Prop_DSP_PREADD_DATA_DSP48E2_AD[26]_AD_DATA[26])
                                                      0.050     4.543 r  u_system/u_replay/g_array.u_array/u_array/u_ref/g_row[14].g_col[18].u_pe/u_mul/u_dsp/DSP_PREADD_DATA_INST/AD_DATA[26]
                         net (fo=1, routed)           0.000     4.543    u_system/u_replay/g_array.u_array/u_array/u_ref/g_row[14].g_col[18].u_pe/u_mul/u_dsp/DSP_PREADD_DATA.AD_DATA<26>
    DSP48E2_X7Y57        DSP_MULTIPLIER (Prop_DSP_MULTIPLIER_DSP48E2_AD_DATA[26]_U[41])
                                                      0.612     5.155 r  u_system/u_replay/g_array.u_array/u_array/u_ref/g_row[14].g_col[18].u_pe/u_mul/u_dsp/DSP_MULTIPLIER_INST/U[41]
                         net (fo=1, routed)           0.000     5.155    u_system/u_replay/g_array.u_array/u_array/u_ref/g_row[14].g_col[18].u_pe/u_mul/u_dsp/DSP_MULTIPLIER.U<41>
    DSP48E2_X7Y57        DSP_M_DATA                                   r  u_system/u_replay/g_array.u_array/u_array/u_ref/g_row[14].g_col[18].u_pe/u_mul/u_dsp/DSP_M_DATA_INST/U[41]
  -------------------------------------------------------------------    -------------------

                         (clock clk rise edge)        3.298     3.298 r  
    AJ20                                              0.000     3.298 r  clk (IN)
                         net (fo=0)                   0.000     3.298    clk_IBUF_inst/I
    AJ20                 INBUF (Prop_INBUF_HPIOB_M_PAD_O)
                                                      0.315     3.613 r  clk_IBUF_inst/INBUF_INST/O
                         net (fo=1, routed)           0.000     3.613    clk_IBUF_inst/OUT
    AJ20                 IBUFCTRL (Prop_IBUFCTRL_HPIOB_M_I_O)
                                                      0.000     3.613 r  clk_IBUF_inst/IBUFCTRL_INST/O
                         net (fo=1, routed)           0.301     3.914    clk_IBUF
    BUFGCE_X1Y71         BUFGCE (Prop_BUFCE_BUFGCE_I_O)
                                                      0.024     3.938 r  clk_IBUF_BUFG_inst/O
    X2Y2 (CLOCK_ROOT)    net (fo=185544, routed)      1.151     5.089    u_system/u_replay/g_array.u_array/u_array/u_ref/g_row[14].g_col[18].u_pe/u_mul/u_dsp/CLK
    DSP48E2_X7Y57        DSP_M_DATA                                   r  u_system/u_replay/g_array.u_array/u_array/u_ref/g_row[14].g_col[18].u_pe/u_mul/u_dsp/DSP_M_DATA_INST/CLK
                         clock pessimism              0.305     5.394    
                         clock uncertainty           -0.085     5.309    
    DSP48E2_X7Y57        DSP_M_DATA (Setup_DSP_M_DATA_DSP48E2_CLK_U[41])
                                                      0.015     5.324    u_system/u_replay/g_array.u_array/u_array/u_ref/g_row[14].g_col[18].u_pe/u_mul/u_dsp/DSP_M_DATA_INST
  -------------------------------------------------------------------
                         required time                          5.324    
                         arrival time                          -5.155    
  -------------------------------------------------------------------
                         slack                                  0.169    

Slack (MET) :             0.169ns  (required time - arrival time)
  Source:                 u_system/u_replay/g_array.u_array/u_array/u_ref/g_row[14].g_col[18].u_pe/u_mul/w0_s0_reg[2]/C
                            (rising edge-triggered cell FDRE clocked by clk  {rise@0.000ns fall@1.649ns period=3.298ns})
  Destination:            u_system/u_replay/g_array.u_array/u_array/u_ref/g_row[14].g_col[18].u_pe/u_mul/u_dsp/DSP_M_DATA_INST/U[42]
                            (rising edge-triggered cell DSP_M_DATA clocked by clk  {rise@0.000ns fall@1.649ns period=3.298ns})
  Path Group:             clk
  Path Type:              Setup (Max at Slow Process Corner)
  Requirement:            3.298ns  (clk rise@3.298ns - clk rise@0.000ns)
  Data Path Delay:        2.895ns  (logic 1.506ns (52.021%)  route 1.389ns (47.979%))
  Logic Levels:           4  (DSP_MULTIPLIER=1 DSP_PREADD=1 DSP_PREADD_DATA=2)
  Clock Path Skew:        -0.164ns (DCD - SCD + CPR)
    Destination Clock Delay (DCD):    1.791ns = ( 5.089 - 3.298 ) 
    Source Clock Delay      (SCD):    2.260ns
    Clock Pessimism Removal (CPR):    0.305ns
  Clock Uncertainty:      0.085ns  ((TSJ^2 + TIJ^2)^1/2 + DJ) / 2 + PE + UU
    Total System Jitter     (TSJ):    0.071ns
    Total Input Jitter      (TIJ):    0.000ns
    Discrete Jitter          (DJ):    0.000ns
    Phase Error              (PE):    0.000ns
    User Uncertainty         (UU):    0.050ns
  Clock Net Delay (Source):      1.331ns (routing 0.171ns, distribution 1.160ns)
  Clock Net Delay (Destination): 1.151ns (routing 0.155ns, distribution 0.996ns)

    Location             Delay type                Incr(ns)  Path(ns)    Netlist Resource(s)
  -------------------------------------------------------------------    -------------------
                         (clock clk rise edge)        0.000     0.000 r  
    AJ20                                              0.000     0.000 r  clk (IN)
                         net (fo=0)                   0.000     0.000    clk_IBUF_inst/I
    AJ20                 INBUF (Prop_INBUF_HPIOB_M_PAD_O)
                                                      0.565     0.565 r  clk_IBUF_inst/INBUF_INST/O
                         net (fo=1, routed)           0.000     0.565    clk_IBUF_inst/OUT
    AJ20                 IBUFCTRL (Prop_IBUFCTRL_HPIOB_M_I_O)
                                                      0.000     0.565 r  clk_IBUF_inst/IBUFCTRL_INST/O
                         net (fo=1, routed)           0.336     0.901    clk_IBUF
    BUFGCE_X1Y71         BUFGCE (Prop_BUFCE_BUFGCE_I_O)
                                                      0.028     0.929 r  clk_IBUF_BUFG_inst/O
    X2Y2 (CLOCK_ROOT)    net (fo=185544, routed)      1.331     2.260    u_system/u_replay/g_array.u_array/u_array/u_ref/g_row[14].g_col[18].u_pe/u_mul/clk_IBUF_BUFG
    SLICE_X80Y89         FDRE                                         r  u_system/u_replay/g_array.u_array/u_array/u_ref/g_row[14].g_col[18].u_pe/u_mul/w0_s0_reg[2]/C
  -------------------------------------------------------------------    -------------------
    SLICE_X80Y89         FDRE (Prop_BFF2_SLICEL_C_Q)
                                                      0.080     2.340 f  u_system/u_replay/g_array.u_array/u_array/u_ref/g_row[14].g_col[18].u_pe/u_mul/w0_s0_reg[2]/Q
                         net (fo=1, routed)           1.389     3.729    u_system/u_replay/g_array.u_array/u_array/u_ref/g_row[14].g_col[18].u_pe/u_mul/u_dsp/D[2]
    DSP48E2_X7Y57        DSP_PREADD_DATA (Prop_DSP_PREADD_DATA_DSP48E2_DIN[2]_D_DATA[2])
                                                      0.240     3.969 r  u_system/u_replay/g_array.u_array/u_array/u_ref/g_row[14].g_col[18].u_pe/u_mul/u_dsp/DSP_PREADD_DATA_INST/D_DATA[2]
                         net (fo=1, routed)           0.000     3.969    u_system/u_replay/g_array.u_array/u_array/u_ref/g_row[14].g_col[18].u_pe/u_mul/u_dsp/DSP_PREADD_DATA.D_DATA<2>
    DSP48E2_X7Y57        DSP_PREADD (Prop_DSP_PREADD_DSP48E2_D_DATA[2]_AD[26])
                                                      0.524     4.493 f  u_system/u_replay/g_array.u_array/u_array/u_ref/g_row[14].g_col[18].u_pe/u_mul/u_dsp/DSP_PREADD_INST/AD[26]
                         net (fo=1, routed)           0.000     4.493    u_system/u_replay/g_array.u_array/u_array/u_ref/g_row[14].g_col[18].u_pe/u_mul/u_dsp/DSP_PREADD.AD<26>
    DSP48E2_X7Y57        DSP_PREADD_DATA (Prop_DSP_PREADD_DATA_DSP48E2_AD[26]_AD_DATA[26])
                                                      0.050     4.543 r  u_system/u_replay/g_array.u_array/u_array/u_ref/g_row[14].g_col[18].u_pe/u_mul/u_dsp/DSP_PREADD_DATA_INST/AD_DATA[26]
                         net (fo=1, routed)           0.000     4.543    u_system/u_replay/g_array.u_array/u_array/u_ref/g_row[14].g_col[18].u_pe/u_mul/u_dsp/DSP_PREADD_DATA.AD_DATA<26>
    DSP48E2_X7Y57        DSP_MULTIPLIER (Prop_DSP_MULTIPLIER_DSP48E2_AD_DATA[26]_U[42])
                                                      0.612     5.155 r  u_system/u_replay/g_array.u_array/u_array/u_ref/g_row[14].g_col[18].u_pe/u_mul/u_dsp/DSP_MULTIPLIER_INST/U[42]
                         net (fo=1, routed)           0.000     5.155    u_system/u_replay/g_array.u_array/u_array/u_ref/g_row[14].g_col[18].u_pe/u_mul/u_dsp/DSP_MULTIPLIER.U<42>
    DSP48E2_X7Y57        DSP_M_DATA                                   r  u_system/u_replay/g_array.u_array/u_array/u_ref/g_row[14].g_col[18].u_pe/u_mul/u_dsp/DSP_M_DATA_INST/U[42]
  -------------------------------------------------------------------    -------------------

                         (clock clk rise edge)        3.298     3.298 r  
    AJ20                                              0.000     3.298 r  clk (IN)
                         net (fo=0)                   0.000     3.298    clk_IBUF_inst/I
    AJ20                 INBUF (Prop_INBUF_HPIOB_M_PAD_O)
                                                      0.315     3.613 r  clk_IBUF_inst/INBUF_INST/O
                         net (fo=1, routed)           0.000     3.613    clk_IBUF_inst/OUT
    AJ20                 IBUFCTRL (Prop_IBUFCTRL_HPIOB_M_I_O)
                                                      0.000     3.613 r  clk_IBUF_inst/IBUFCTRL_INST/O
                         net (fo=1, routed)           0.301     3.914    clk_IBUF
    BUFGCE_X1Y71         BUFGCE (Prop_BUFCE_BUFGCE_I_O)
                                                      0.024     3.938 r  clk_IBUF_BUFG_inst/O
    X2Y2 (CLOCK_ROOT)    net (fo=185544, routed)      1.151     5.089    u_system/u_replay/g_array.u_array/u_array/u_ref/g_row[14].g_col[18].u_pe/u_mul/u_dsp/CLK
    DSP48E2_X7Y57        DSP_M_DATA                                   r  u_system/u_replay/g_array.u_array/u_array/u_ref/g_row[14].g_col[18].u_pe/u_mul/u_dsp/DSP_M_DATA_INST/CLK
                         clock pessimism              0.305     5.394    
                         clock uncertainty           -0.085     5.309    
    DSP48E2_X7Y57        DSP_M_DATA (Setup_DSP_M_DATA_DSP48E2_CLK_U[42])
                                                      0.015     5.324    u_system/u_replay/g_array.u_array/u_array/u_ref/g_row[14].g_col[18].u_pe/u_mul/u_dsp/DSP_M_DATA_INST
  -------------------------------------------------------------------
                         required time                          5.324    
                         arrival time                          -5.155    
  -------------------------------------------------------------------
                         slack                                  0.169    

Slack (MET) :             0.169ns  (required time - arrival time)
  Source:                 u_system/u_replay/g_array.u_array/u_array/u_ref/g_row[14].g_col[18].u_pe/u_mul/w0_s0_reg[2]/C
                            (rising edge-triggered cell FDRE clocked by clk  {rise@0.000ns fall@1.649ns period=3.298ns})
  Destination:            u_system/u_replay/g_array.u_array/u_array/u_ref/g_row[14].g_col[18].u_pe/u_mul/u_dsp/DSP_M_DATA_INST/U[43]
                            (rising edge-triggered cell DSP_M_DATA clocked by clk  {rise@0.000ns fall@1.649ns period=3.298ns})
  Path Group:             clk
  Path Type:              Setup (Max at Slow Process Corner)
  Requirement:            3.298ns  (clk rise@3.298ns - clk rise@0.000ns)
  Data Path Delay:        2.895ns  (logic 1.506ns (52.021%)  route 1.389ns (47.979%))
  Logic Levels:           4  (DSP_MULTIPLIER=1 DSP_PREADD=1 DSP_PREADD_DATA=2)
  Clock Path Skew:        -0.164ns (DCD - SCD + CPR)
    Destination Clock Delay (DCD):    1.791ns = ( 5.089 - 3.298 ) 
    Source Clock Delay      (SCD):    2.260ns
    Clock Pessimism Removal (CPR):    0.305ns
  Clock Uncertainty:      0.085ns  ((TSJ^2 + TIJ^2)^1/2 + DJ) / 2 + PE + UU
    Total System Jitter     (TSJ):    0.071ns
    Total Input Jitter      (TIJ):    0.000ns
    Discrete Jitter          (DJ):    0.000ns
    Phase Error              (PE):    0.000ns
    User Uncertainty         (UU):    0.050ns
  Clock Net Delay (Source):      1.331ns (routing 0.171ns, distribution 1.160ns)
  Clock Net Delay (Destination): 1.151ns (routing 0.155ns, distribution 0.996ns)

    Location             Delay type                Incr(ns)  Path(ns)    Netlist Resource(s)
  -------------------------------------------------------------------    -------------------
                         (clock clk rise edge)        0.000     0.000 r  
    AJ20                                              0.000     0.000 r  clk (IN)
                         net (fo=0)                   0.000     0.000    clk_IBUF_inst/I
    AJ20                 INBUF (Prop_INBUF_HPIOB_M_PAD_O)
                                                      0.565     0.565 r  clk_IBUF_inst/INBUF_INST/O
                         net (fo=1, routed)           0.000     0.565    clk_IBUF_inst/OUT
    AJ20                 IBUFCTRL (Prop_IBUFCTRL_HPIOB_M_I_O)
                                                      0.000     0.565 r  clk_IBUF_inst/IBUFCTRL_INST/O
                         net (fo=1, routed)           0.336     0.901    clk_IBUF
    BUFGCE_X1Y71         BUFGCE (Prop_BUFCE_BUFGCE_I_O)
                                                      0.028     0.929 r  clk_IBUF_BUFG_inst/O
    X2Y2 (CLOCK_ROOT)    net (fo=185544, routed)      1.331     2.260    u_system/u_replay/g_array.u_array/u_array/u_ref/g_row[14].g_col[18].u_pe/u_mul/clk_IBUF_BUFG
    SLICE_X80Y89         FDRE                                         r  u_system/u_replay/g_array.u_array/u_array/u_ref/g_row[14].g_col[18].u_pe/u_mul/w0_s0_reg[2]/C
  -------------------------------------------------------------------    -------------------
    SLICE_X80Y89         FDRE (Prop_BFF2_SLICEL_C_Q)
                                                      0.080     2.340 f  u_system/u_replay/g_array.u_array/u_array/u_ref/g_row[14].g_col[18].u_pe/u_mul/w0_s0_reg[2]/Q
                         net (fo=1, routed)           1.389     3.729    u_system/u_replay/g_array.u_array/u_array/u_ref/g_row[14].g_col[18].u_pe/u_mul/u_dsp/D[2]
    DSP48E2_X7Y57        DSP_PREADD_DATA (Prop_DSP_PREADD_DATA_DSP48E2_DIN[2]_D_DATA[2])
                                                      0.240     3.969 r  u_system/u_replay/g_array.u_array/u_array/u_ref/g_row[14].g_col[18].u_pe/u_mul/u_dsp/DSP_PREADD_DATA_INST/D_DATA[2]
                         net (fo=1, routed)           0.000     3.969    u_system/u_replay/g_array.u_array/u_array/u_ref/g_row[14].g_col[18].u_pe/u_mul/u_dsp/DSP_PREADD_DATA.D_DATA<2>
    DSP48E2_X7Y57        DSP_PREADD (Prop_DSP_PREADD_DSP48E2_D_DATA[2]_AD[26])
                                                      0.524     4.493 f  u_system/u_replay/g_array.u_array/u_array/u_ref/g_row[14].g_col[18].u_pe/u_mul/u_dsp/DSP_PREADD_INST/AD[26]
                         net (fo=1, routed)           0.000     4.493    u_system/u_replay/g_array.u_array/u_array/u_ref/g_row[14].g_col[18].u_pe/u_mul/u_dsp/DSP_PREADD.AD<26>
    DSP48E2_X7Y57        DSP_PREADD_DATA (Prop_DSP_PREADD_DATA_DSP48E2_AD[26]_AD_DATA[26])
                                                      0.050     4.543 r  u_system/u_replay/g_array.u_array/u_array/u_ref/g_row[14].g_col[18].u_pe/u_mul/u_dsp/DSP_PREADD_DATA_INST/AD_DATA[26]
                         net (fo=1, routed)           0.000     4.543    u_system/u_replay/g_array.u_array/u_array/u_ref/g_row[14].g_col[18].u_pe/u_mul/u_dsp/DSP_PREADD_DATA.AD_DATA<26>
    DSP48E2_X7Y57        DSP_MULTIPLIER (Prop_DSP_MULTIPLIER_DSP48E2_AD_DATA[26]_U[43])
                                                      0.612     5.155 r  u_system/u_replay/g_array.u_array/u_array/u_ref/g_row[14].g_col[18].u_pe/u_mul/u_dsp/DSP_MULTIPLIER_INST/U[43]
                         net (fo=1, routed)           0.000     5.155    u_system/u_replay/g_array.u_array/u_array/u_ref/g_row[14].g_col[18].u_pe/u_mul/u_dsp/DSP_MULTIPLIER.U<43>
    DSP48E2_X7Y57        DSP_M_DATA                                   r  u_system/u_replay/g_array.u_array/u_array/u_ref/g_row[14].g_col[18].u_pe/u_mul/u_dsp/DSP_M_DATA_INST/U[43]
  -------------------------------------------------------------------    -------------------

                         (clock clk rise edge)        3.298     3.298 r  
    AJ20                                              0.000     3.298 r  clk (IN)
                         net (fo=0)                   0.000     3.298    clk_IBUF_inst/I
    AJ20                 INBUF (Prop_INBUF_HPIOB_M_PAD_O)
                                                      0.315     3.613 r  clk_IBUF_inst/INBUF_INST/O
                         net (fo=1, routed)           0.000     3.613    clk_IBUF_inst/OUT
    AJ20                 IBUFCTRL (Prop_IBUFCTRL_HPIOB_M_I_O)
                                                      0.000     3.613 r  clk_IBUF_inst/IBUFCTRL_INST/O
                         net (fo=1, routed)           0.301     3.914    clk_IBUF
    BUFGCE_X1Y71         BUFGCE (Prop_BUFCE_BUFGCE_I_O)
                                                      0.024     3.938 r  clk_IBUF_BUFG_inst/O
    X2Y2 (CLOCK_ROOT)    net (fo=185544, routed)      1.151     5.089    u_system/u_replay/g_array.u_array/u_array/u_ref/g_row[14].g_col[18].u_pe/u_mul/u_dsp/CLK
    DSP48E2_X7Y57        DSP_M_DATA                                   r  u_system/u_replay/g_array.u_array/u_array/u_ref/g_row[14].g_col[18].u_pe/u_mul/u_dsp/DSP_M_DATA_INST/CLK
                         clock pessimism              0.305     5.394    
                         clock uncertainty           -0.085     5.309    
    DSP48E2_X7Y57        DSP_M_DATA (Setup_DSP_M_DATA_DSP48E2_CLK_U[43])
                                                      0.015     5.324    u_system/u_replay/g_array.u_array/u_array/u_ref/g_row[14].g_col[18].u_pe/u_mul/u_dsp/DSP_M_DATA_INST
  -------------------------------------------------------------------
                         required time                          5.324    
                         arrival time                          -5.155    
  -------------------------------------------------------------------
                         slack                                  0.169    

Slack (MET) :             0.169ns  (required time - arrival time)
  Source:                 u_system/u_replay/g_array.u_array/u_array/u_ref/g_row[14].g_col[18].u_pe/u_mul/w0_s0_reg[2]/C
                            (rising edge-triggered cell FDRE clocked by clk  {rise@0.000ns fall@1.649ns period=3.298ns})
  Destination:            u_system/u_replay/g_array.u_array/u_array/u_ref/g_row[14].g_col[18].u_pe/u_mul/u_dsp/DSP_M_DATA_INST/U[4]
                            (rising edge-triggered cell DSP_M_DATA clocked by clk  {rise@0.000ns fall@1.649ns period=3.298ns})
  Path Group:             clk
  Path Type:              Setup (Max at Slow Process Corner)
  Requirement:            3.298ns  (clk rise@3.298ns - clk rise@0.000ns)
  Data Path Delay:        2.895ns  (logic 1.506ns (52.021%)  route 1.389ns (47.979%))
  Logic Levels:           4  (DSP_MULTIPLIER=1 DSP_PREADD=1 DSP_PREADD_DATA=2)
  Clock Path Skew:        -0.164ns (DCD - SCD + CPR)
    Destination Clock Delay (DCD):    1.791ns = ( 5.089 - 3.298 ) 
    Source Clock Delay      (SCD):    2.260ns
    Clock Pessimism Removal (CPR):    0.305ns
  Clock Uncertainty:      0.085ns  ((TSJ^2 + TIJ^2)^1/2 + DJ) / 2 + PE + UU
    Total System Jitter     (TSJ):    0.071ns
    Total Input Jitter      (TIJ):    0.000ns
    Discrete Jitter          (DJ):    0.000ns
    Phase Error              (PE):    0.000ns
    User Uncertainty         (UU):    0.050ns
  Clock Net Delay (Source):      1.331ns (routing 0.171ns, distribution 1.160ns)
  Clock Net Delay (Destination): 1.151ns (routing 0.155ns, distribution 0.996ns)

    Location             Delay type                Incr(ns)  Path(ns)    Netlist Resource(s)
  -------------------------------------------------------------------    -------------------
                         (clock clk rise edge)        0.000     0.000 r  
    AJ20                                              0.000     0.000 r  clk (IN)
                         net (fo=0)                   0.000     0.000    clk_IBUF_inst/I
    AJ20                 INBUF (Prop_INBUF_HPIOB_M_PAD_O)
                                                      0.565     0.565 r  clk_IBUF_inst/INBUF_INST/O
                         net (fo=1, routed)           0.000     0.565    clk_IBUF_inst/OUT
    AJ20                 IBUFCTRL (Prop_IBUFCTRL_HPIOB_M_I_O)
                                                      0.000     0.565 r  clk_IBUF_inst/IBUFCTRL_INST/O
                         net (fo=1, routed)           0.336     0.901    clk_IBUF
    BUFGCE_X1Y71         BUFGCE (Prop_BUFCE_BUFGCE_I_O)
                                                      0.028     0.929 r  clk_IBUF_BUFG_inst/O
    X2Y2 (CLOCK_ROOT)    net (fo=185544, routed)      1.331     2.260    u_system/u_replay/g_array.u_array/u_array/u_ref/g_row[14].g_col[18].u_pe/u_mul/clk_IBUF_BUFG
    SLICE_X80Y89         FDRE                                         r  u_system/u_replay/g_array.u_array/u_array/u_ref/g_row[14].g_col[18].u_pe/u_mul/w0_s0_reg[2]/C
  -------------------------------------------------------------------    -------------------
    SLICE_X80Y89         FDRE (Prop_BFF2_SLICEL_C_Q)
                                                      0.080     2.340 f  u_system/u_replay/g_array.u_array/u_array/u_ref/g_row[14].g_col[18].u_pe/u_mul/w0_s0_reg[2]/Q
                         net (fo=1, routed)           1.389     3.729    u_system/u_replay/g_array.u_array/u_array/u_ref/g_row[14].g_col[18].u_pe/u_mul/u_dsp/D[2]
    DSP48E2_X7Y57        DSP_PREADD_DATA (Prop_DSP_PREADD_DATA_DSP48E2_DIN[2]_D_DATA[2])
                                                      0.240     3.969 r  u_system/u_replay/g_array.u_array/u_array/u_ref/g_row[14].g_col[18].u_pe/u_mul/u_dsp/DSP_PREADD_DATA_INST/D_DATA[2]
                         net (fo=1, routed)           0.000     3.969    u_system/u_replay/g_array.u_array/u_array/u_ref/g_row[14].g_col[18].u_pe/u_mul/u_dsp/DSP_PREADD_DATA.D_DATA<2>
    DSP48E2_X7Y57        DSP_PREADD (Prop_DSP_PREADD_DSP48E2_D_DATA[2]_AD[3])
                                                      0.524     4.493 f  u_system/u_replay/g_array.u_array/u_array/u_ref/g_row[14].g_col[18].u_pe/u_mul/u_dsp/DSP_PREADD_INST/AD[3]
                         net (fo=1, routed)           0.000     4.493    u_system/u_replay/g_array.u_array/u_array/u_ref/g_row[14].g_col[18].u_pe/u_mul/u_dsp/DSP_PREADD.AD<3>
    DSP48E2_X7Y57        DSP_PREADD_DATA (Prop_DSP_PREADD_DATA_DSP48E2_AD[3]_AD_DATA[3])
                                                      0.050     4.543 r  u_system/u_replay/g_array.u_array/u_array/u_ref/g_row[14].g_col[18].u_pe/u_mul/u_dsp/DSP_PREADD_DATA_INST/AD_DATA[3]
                         net (fo=1, routed)           0.000     4.543    u_system/u_replay/g_array.u_array/u_array/u_ref/g_row[14].g_col[18].u_pe/u_mul/u_dsp/DSP_PREADD_DATA.AD_DATA<3>
    DSP48E2_X7Y57        DSP_MULTIPLIER (Prop_DSP_MULTIPLIER_DSP48E2_AD_DATA[3]_U[4])
                                                      0.612     5.155 r  u_system/u_replay/g_array.u_array/u_array/u_ref/g_row[14].g_col[18].u_pe/u_mul/u_dsp/DSP_MULTIPLIER_INST/U[4]
                         net (fo=1, routed)           0.000     5.155    u_system/u_replay/g_array.u_array/u_array/u_ref/g_row[14].g_col[18].u_pe/u_mul/u_dsp/DSP_MULTIPLIER.U<4>
    DSP48E2_X7Y57        DSP_M_DATA                                   r  u_system/u_replay/g_array.u_array/u_array/u_ref/g_row[14].g_col[18].u_pe/u_mul/u_dsp/DSP_M_DATA_INST/U[4]
  -------------------------------------------------------------------    -------------------

                         (clock clk rise edge)        3.298     3.298 r  
    AJ20                                              0.000     3.298 r  clk (IN)
                         net (fo=0)                   0.000     3.298    clk_IBUF_inst/I
    AJ20                 INBUF (Prop_INBUF_HPIOB_M_PAD_O)
                                                      0.315     3.613 r  clk_IBUF_inst/INBUF_INST/O
                         net (fo=1, routed)           0.000     3.613    clk_IBUF_inst/OUT
    AJ20                 IBUFCTRL (Prop_IBUFCTRL_HPIOB_M_I_O)
                                                      0.000     3.613 r  clk_IBUF_inst/IBUFCTRL_INST/O
                         net (fo=1, routed)           0.301     3.914    clk_IBUF
    BUFGCE_X1Y71         BUFGCE (Prop_BUFCE_BUFGCE_I_O)
                                                      0.024     3.938 r  clk_IBUF_BUFG_inst/O
    X2Y2 (CLOCK_ROOT)    net (fo=185544, routed)      1.151     5.089    u_system/u_replay/g_array.u_array/u_array/u_ref/g_row[14].g_col[18].u_pe/u_mul/u_dsp/CLK
    DSP48E2_X7Y57        DSP_M_DATA                                   r  u_system/u_replay/g_array.u_array/u_array/u_ref/g_row[14].g_col[18].u_pe/u_mul/u_dsp/DSP_M_DATA_INST/CLK
                         clock pessimism              0.305     5.394    
                         clock uncertainty           -0.085     5.309    
    DSP48E2_X7Y57        DSP_M_DATA (Setup_DSP_M_DATA_DSP48E2_CLK_U[4])
                                                      0.015     5.324    u_system/u_replay/g_array.u_array/u_array/u_ref/g_row[14].g_col[18].u_pe/u_mul/u_dsp/DSP_M_DATA_INST
  -------------------------------------------------------------------
                         required time                          5.324    
                         arrival time                          -5.155    
  -------------------------------------------------------------------
                         slack                                  0.169    

Slack (MET) :             0.169ns  (required time - arrival time)
  Source:                 u_system/u_replay/g_array.u_array/u_array/u_ref/g_row[14].g_col[18].u_pe/u_mul/w0_s0_reg[2]/C
                            (rising edge-triggered cell FDRE clocked by clk  {rise@0.000ns fall@1.649ns period=3.298ns})
  Destination:            u_system/u_replay/g_array.u_array/u_array/u_ref/g_row[14].g_col[18].u_pe/u_mul/u_dsp/DSP_M_DATA_INST/U[5]
                            (rising edge-triggered cell DSP_M_DATA clocked by clk  {rise@0.000ns fall@1.649ns period=3.298ns})
  Path Group:             clk
  Path Type:              Setup (Max at Slow Process Corner)
  Requirement:            3.298ns  (clk rise@3.298ns - clk rise@0.000ns)
  Data Path Delay:        2.895ns  (logic 1.506ns (52.021%)  route 1.389ns (47.979%))
  Logic Levels:           4  (DSP_MULTIPLIER=1 DSP_PREADD=1 DSP_PREADD_DATA=2)
  Clock Path Skew:        -0.164ns (DCD - SCD + CPR)
    Destination Clock Delay (DCD):    1.791ns = ( 5.089 - 3.298 ) 
    Source Clock Delay      (SCD):    2.260ns
    Clock Pessimism Removal (CPR):    0.305ns
  Clock Uncertainty:      0.085ns  ((TSJ^2 + TIJ^2)^1/2 + DJ) / 2 + PE + UU
    Total System Jitter     (TSJ):    0.071ns
    Total Input Jitter      (TIJ):    0.000ns
    Discrete Jitter          (DJ):    0.000ns
    Phase Error              (PE):    0.000ns
    User Uncertainty         (UU):    0.050ns
  Clock Net Delay (Source):      1.331ns (routing 0.171ns, distribution 1.160ns)
  Clock Net Delay (Destination): 1.151ns (routing 0.155ns, distribution 0.996ns)

    Location             Delay type                Incr(ns)  Path(ns)    Netlist Resource(s)
  -------------------------------------------------------------------    -------------------
                         (clock clk rise edge)        0.000     0.000 r  
    AJ20                                              0.000     0.000 r  clk (IN)
                         net (fo=0)                   0.000     0.000    clk_IBUF_inst/I
    AJ20                 INBUF (Prop_INBUF_HPIOB_M_PAD_O)
                                                      0.565     0.565 r  clk_IBUF_inst/INBUF_INST/O
                         net (fo=1, routed)           0.000     0.565    clk_IBUF_inst/OUT
    AJ20                 IBUFCTRL (Prop_IBUFCTRL_HPIOB_M_I_O)
                                                      0.000     0.565 r  clk_IBUF_inst/IBUFCTRL_INST/O
                         net (fo=1, routed)           0.336     0.901    clk_IBUF
    BUFGCE_X1Y71         BUFGCE (Prop_BUFCE_BUFGCE_I_O)
                                                      0.028     0.929 r  clk_IBUF_BUFG_inst/O
    X2Y2 (CLOCK_ROOT)    net (fo=185544, routed)      1.331     2.260    u_system/u_replay/g_array.u_array/u_array/u_ref/g_row[14].g_col[18].u_pe/u_mul/clk_IBUF_BUFG
    SLICE_X80Y89         FDRE                                         r  u_system/u_replay/g_array.u_array/u_array/u_ref/g_row[14].g_col[18].u_pe/u_mul/w0_s0_reg[2]/C
  -------------------------------------------------------------------    -------------------
    SLICE_X80Y89         FDRE (Prop_BFF2_SLICEL_C_Q)
                                                      0.080     2.340 f  u_system/u_replay/g_array.u_array/u_array/u_ref/g_row[14].g_col[18].u_pe/u_mul/w0_s0_reg[2]/Q
                         net (fo=1, routed)           1.389     3.729    u_system/u_replay/g_array.u_array/u_array/u_ref/g_row[14].g_col[18].u_pe/u_mul/u_dsp/D[2]
    DSP48E2_X7Y57        DSP_PREADD_DATA (Prop_DSP_PREADD_DATA_DSP48E2_DIN[2]_D_DATA[2])
                                                      0.240     3.969 r  u_system/u_replay/g_array.u_array/u_array/u_ref/g_row[14].g_col[18].u_pe/u_mul/u_dsp/DSP_PREADD_DATA_INST/D_DATA[2]
                         net (fo=1, routed)           0.000     3.969    u_system/u_replay/g_array.u_array/u_array/u_ref/g_row[14].g_col[18].u_pe/u_mul/u_dsp/DSP_PREADD_DATA.D_DATA<2>
    DSP48E2_X7Y57        DSP_PREADD (Prop_DSP_PREADD_DSP48E2_D_DATA[2]_AD[4])
                                                      0.524     4.493 f  u_system/u_replay/g_array.u_array/u_array/u_ref/g_row[14].g_col[18].u_pe/u_mul/u_dsp/DSP_PREADD_INST/AD[4]
                         net (fo=1, routed)           0.000     4.493    u_system/u_replay/g_array.u_array/u_array/u_ref/g_row[14].g_col[18].u_pe/u_mul/u_dsp/DSP_PREADD.AD<4>
    DSP48E2_X7Y57        DSP_PREADD_DATA (Prop_DSP_PREADD_DATA_DSP48E2_AD[4]_AD_DATA[4])
                                                      0.050     4.543 r  u_system/u_replay/g_array.u_array/u_array/u_ref/g_row[14].g_col[18].u_pe/u_mul/u_dsp/DSP_PREADD_DATA_INST/AD_DATA[4]
                         net (fo=1, routed)           0.000     4.543    u_system/u_replay/g_array.u_array/u_array/u_ref/g_row[14].g_col[18].u_pe/u_mul/u_dsp/DSP_PREADD_DATA.AD_DATA<4>
    DSP48E2_X7Y57        DSP_MULTIPLIER (Prop_DSP_MULTIPLIER_DSP48E2_AD_DATA[4]_U[5])
                                                      0.612     5.155 r  u_system/u_replay/g_array.u_array/u_array/u_ref/g_row[14].g_col[18].u_pe/u_mul/u_dsp/DSP_MULTIPLIER_INST/U[5]
                         net (fo=1, routed)           0.000     5.155    u_system/u_replay/g_array.u_array/u_array/u_ref/g_row[14].g_col[18].u_pe/u_mul/u_dsp/DSP_MULTIPLIER.U<5>
    DSP48E2_X7Y57        DSP_M_DATA                                   r  u_system/u_replay/g_array.u_array/u_array/u_ref/g_row[14].g_col[18].u_pe/u_mul/u_dsp/DSP_M_DATA_INST/U[5]
  -------------------------------------------------------------------    -------------------

                         (clock clk rise edge)        3.298     3.298 r  
    AJ20                                              0.000     3.298 r  clk (IN)
                         net (fo=0)                   0.000     3.298    clk_IBUF_inst/I
    AJ20                 INBUF (Prop_INBUF_HPIOB_M_PAD_O)
                                                      0.315     3.613 r  clk_IBUF_inst/INBUF_INST/O
                         net (fo=1, routed)           0.000     3.613    clk_IBUF_inst/OUT
    AJ20                 IBUFCTRL (Prop_IBUFCTRL_HPIOB_M_I_O)
                                                      0.000     3.613 r  clk_IBUF_inst/IBUFCTRL_INST/O
                         net (fo=1, routed)           0.301     3.914    clk_IBUF
    BUFGCE_X1Y71         BUFGCE (Prop_BUFCE_BUFGCE_I_O)
                                                      0.024     3.938 r  clk_IBUF_BUFG_inst/O
    X2Y2 (CLOCK_ROOT)    net (fo=185544, routed)      1.151     5.089    u_system/u_replay/g_array.u_array/u_array/u_ref/g_row[14].g_col[18].u_pe/u_mul/u_dsp/CLK
    DSP48E2_X7Y57        DSP_M_DATA                                   r  u_system/u_replay/g_array.u_array/u_array/u_ref/g_row[14].g_col[18].u_pe/u_mul/u_dsp/DSP_M_DATA_INST/CLK
                         clock pessimism              0.305     5.394    
                         clock uncertainty           -0.085     5.309    
    DSP48E2_X7Y57        DSP_M_DATA (Setup_DSP_M_DATA_DSP48E2_CLK_U[5])
                                                      0.015     5.324    u_system/u_replay/g_array.u_array/u_array/u_ref/g_row[14].g_col[18].u_pe/u_mul/u_dsp/DSP_M_DATA_INST
  -------------------------------------------------------------------
                         required time                          5.324    
                         arrival time                          -5.155    
  -------------------------------------------------------------------
                         slack                                  0.169    

Slack (MET) :             0.169ns  (required time - arrival time)
  Source:                 u_system/u_replay/g_array.u_array/u_array/u_ref/g_row[14].g_col[18].u_pe/u_mul/w0_s0_reg[2]/C
                            (rising edge-triggered cell FDRE clocked by clk  {rise@0.000ns fall@1.649ns period=3.298ns})
  Destination:            u_system/u_replay/g_array.u_array/u_array/u_ref/g_row[14].g_col[18].u_pe/u_mul/u_dsp/DSP_M_DATA_INST/U[6]
                            (rising edge-triggered cell DSP_M_DATA clocked by clk  {rise@0.000ns fall@1.649ns period=3.298ns})
  Path Group:             clk
  Path Type:              Setup (Max at Slow Process Corner)
  Requirement:            3.298ns  (clk rise@3.298ns - clk rise@0.000ns)
  Data Path Delay:        2.895ns  (logic 1.506ns (52.021%)  route 1.389ns (47.979%))
  Logic Levels:           4  (DSP_MULTIPLIER=1 DSP_PREADD=1 DSP_PREADD_DATA=2)
  Clock Path Skew:        -0.164ns (DCD - SCD + CPR)
    Destination Clock Delay (DCD):    1.791ns = ( 5.089 - 3.298 ) 
    Source Clock Delay      (SCD):    2.260ns
    Clock Pessimism Removal (CPR):    0.305ns
  Clock Uncertainty:      0.085ns  ((TSJ^2 + TIJ^2)^1/2 + DJ) / 2 + PE + UU
    Total System Jitter     (TSJ):    0.071ns
    Total Input Jitter      (TIJ):    0.000ns
    Discrete Jitter          (DJ):    0.000ns
    Phase Error              (PE):    0.000ns
    User Uncertainty         (UU):    0.050ns
  Clock Net Delay (Source):      1.331ns (routing 0.171ns, distribution 1.160ns)
  Clock Net Delay (Destination): 1.151ns (routing 0.155ns, distribution 0.996ns)

    Location             Delay type                Incr(ns)  Path(ns)    Netlist Resource(s)
  -------------------------------------------------------------------    -------------------
                         (clock clk rise edge)        0.000     0.000 r  
    AJ20                                              0.000     0.000 r  clk (IN)
                         net (fo=0)                   0.000     0.000    clk_IBUF_inst/I
    AJ20                 INBUF (Prop_INBUF_HPIOB_M_PAD_O)
                                                      0.565     0.565 r  clk_IBUF_inst/INBUF_INST/O
                         net (fo=1, routed)           0.000     0.565    clk_IBUF_inst/OUT
    AJ20                 IBUFCTRL (Prop_IBUFCTRL_HPIOB_M_I_O)
                                                      0.000     0.565 r  clk_IBUF_inst/IBUFCTRL_INST/O
                         net (fo=1, routed)           0.336     0.901    clk_IBUF
    BUFGCE_X1Y71         BUFGCE (Prop_BUFCE_BUFGCE_I_O)
                                                      0.028     0.929 r  clk_IBUF_BUFG_inst/O
    X2Y2 (CLOCK_ROOT)    net (fo=185544, routed)      1.331     2.260    u_system/u_replay/g_array.u_array/u_array/u_ref/g_row[14].g_col[18].u_pe/u_mul/clk_IBUF_BUFG
    SLICE_X80Y89         FDRE                                         r  u_system/u_replay/g_array.u_array/u_array/u_ref/g_row[14].g_col[18].u_pe/u_mul/w0_s0_reg[2]/C
  -------------------------------------------------------------------    -------------------
    SLICE_X80Y89         FDRE (Prop_BFF2_SLICEL_C_Q)
                                                      0.080     2.340 f  u_system/u_replay/g_array.u_array/u_array/u_ref/g_row[14].g_col[18].u_pe/u_mul/w0_s0_reg[2]/Q
                         net (fo=1, routed)           1.389     3.729    u_system/u_replay/g_array.u_array/u_array/u_ref/g_row[14].g_col[18].u_pe/u_mul/u_dsp/D[2]
    DSP48E2_X7Y57        DSP_PREADD_DATA (Prop_DSP_PREADD_DATA_DSP48E2_DIN[2]_D_DATA[2])
                                                      0.240     3.969 r  u_system/u_replay/g_array.u_array/u_array/u_ref/g_row[14].g_col[18].u_pe/u_mul/u_dsp/DSP_PREADD_DATA_INST/D_DATA[2]
                         net (fo=1, routed)           0.000     3.969    u_system/u_replay/g_array.u_array/u_array/u_ref/g_row[14].g_col[18].u_pe/u_mul/u_dsp/DSP_PREADD_DATA.D_DATA<2>
    DSP48E2_X7Y57        DSP_PREADD (Prop_DSP_PREADD_DSP48E2_D_DATA[2]_AD[5])
                                                      0.524     4.493 f  u_system/u_replay/g_array.u_array/u_array/u_ref/g_row[14].g_col[18].u_pe/u_mul/u_dsp/DSP_PREADD_INST/AD[5]
                         net (fo=1, routed)           0.000     4.493    u_system/u_replay/g_array.u_array/u_array/u_ref/g_row[14].g_col[18].u_pe/u_mul/u_dsp/DSP_PREADD.AD<5>
    DSP48E2_X7Y57        DSP_PREADD_DATA (Prop_DSP_PREADD_DATA_DSP48E2_AD[5]_AD_DATA[5])
                                                      0.050     4.543 r  u_system/u_replay/g_array.u_array/u_array/u_ref/g_row[14].g_col[18].u_pe/u_mul/u_dsp/DSP_PREADD_DATA_INST/AD_DATA[5]
                         net (fo=1, routed)           0.000     4.543    u_system/u_replay/g_array.u_array/u_array/u_ref/g_row[14].g_col[18].u_pe/u_mul/u_dsp/DSP_PREADD_DATA.AD_DATA<5>
    DSP48E2_X7Y57        DSP_MULTIPLIER (Prop_DSP_MULTIPLIER_DSP48E2_AD_DATA[5]_U[6])
                                                      0.612     5.155 r  u_system/u_replay/g_array.u_array/u_array/u_ref/g_row[14].g_col[18].u_pe/u_mul/u_dsp/DSP_MULTIPLIER_INST/U[6]
                         net (fo=1, routed)           0.000     5.155    u_system/u_replay/g_array.u_array/u_array/u_ref/g_row[14].g_col[18].u_pe/u_mul/u_dsp/DSP_MULTIPLIER.U<6>
    DSP48E2_X7Y57        DSP_M_DATA                                   r  u_system/u_replay/g_array.u_array/u_array/u_ref/g_row[14].g_col[18].u_pe/u_mul/u_dsp/DSP_M_DATA_INST/U[6]
  -------------------------------------------------------------------    -------------------

                         (clock clk rise edge)        3.298     3.298 r  
    AJ20                                              0.000     3.298 r  clk (IN)
                         net (fo=0)                   0.000     3.298    clk_IBUF_inst/I
    AJ20                 INBUF (Prop_INBUF_HPIOB_M_PAD_O)
                                                      0.315     3.613 r  clk_IBUF_inst/INBUF_INST/O
                         net (fo=1, routed)           0.000     3.613    clk_IBUF_inst/OUT
    AJ20                 IBUFCTRL (Prop_IBUFCTRL_HPIOB_M_I_O)
                                                      0.000     3.613 r  clk_IBUF_inst/IBUFCTRL_INST/O
                         net (fo=1, routed)           0.301     3.914    clk_IBUF
    BUFGCE_X1Y71         BUFGCE (Prop_BUFCE_BUFGCE_I_O)
                                                      0.024     3.938 r  clk_IBUF_BUFG_inst/O
    X2Y2 (CLOCK_ROOT)    net (fo=185544, routed)      1.151     5.089    u_system/u_replay/g_array.u_array/u_array/u_ref/g_row[14].g_col[18].u_pe/u_mul/u_dsp/CLK
    DSP48E2_X7Y57        DSP_M_DATA                                   r  u_system/u_replay/g_array.u_array/u_array/u_ref/g_row[14].g_col[18].u_pe/u_mul/u_dsp/DSP_M_DATA_INST/CLK
                         clock pessimism              0.305     5.394    
                         clock uncertainty           -0.085     5.309    
    DSP48E2_X7Y57        DSP_M_DATA (Setup_DSP_M_DATA_DSP48E2_CLK_U[6])
                                                      0.015     5.324    u_system/u_replay/g_array.u_array/u_array/u_ref/g_row[14].g_col[18].u_pe/u_mul/u_dsp/DSP_M_DATA_INST
  -------------------------------------------------------------------
                         required time                          5.324    
                         arrival time                          -5.155    
  -------------------------------------------------------------------
                         slack                                  0.169    





Pulse Width Checks
--------------------------------------------------------------------------------------
Clock Name:         clk
Waveform(ns):       { 0.000 1.649 }
Period(ns):         3.298
Sources:            { clk }

Check Type        Corner  Lib Pin     Reference Pin  Required(ns)  Actual(ns)  Slack(ns)  Location        Pin
Min Period        n/a     BUFGCE/I    n/a            1.290         3.298       2.008      BUFGCE_X1Y71    clk_IBUF_BUFG_inst/I
Min Period        n/a     SRL16E/CLK  n/a            1.064         3.298       2.234      SLICE_X89Y226   u_system/u_replay/g_array.u_array/u_array/u_ref/adly_reg[10][10][0]_srl8/CLK
Min Period        n/a     SRL16E/CLK  n/a            1.064         3.298       2.234      SLICE_X89Y226   u_system/u_replay/g_array.u_array/u_array/u_ref/adly_reg[10][10][1]_srl8/CLK
Min Period        n/a     SRL16E/CLK  n/a            1.064         3.298       2.234      SLICE_X89Y226   u_system/u_replay/g_array.u_array/u_array/u_ref/adly_reg[10][10][2]_srl8/CLK
Min Period        n/a     SRL16E/CLK  n/a            1.064         3.298       2.234      SLICE_X89Y226   u_system/u_replay/g_array.u_array/u_array/u_ref/adly_reg[10][10][3]_srl8/CLK
Min Period        n/a     SRL16E/CLK  n/a            1.064         3.298       2.234      SLICE_X89Y226   u_system/u_replay/g_array.u_array/u_array/u_ref/adly_reg[10][10][4]_srl8/CLK
Min Period        n/a     SRL16E/CLK  n/a            1.064         3.298       2.234      SLICE_X89Y226   u_system/u_replay/g_array.u_array/u_array/u_ref/adly_reg[10][10][5]_srl8/CLK
Min Period        n/a     SRL16E/CLK  n/a            1.064         3.298       2.234      SLICE_X89Y226   u_system/u_replay/g_array.u_array/u_array/u_ref/adly_reg[10][10][6]_srl8/CLK
Min Period        n/a     SRL16E/CLK  n/a            1.064         3.298       2.234      SLICE_X89Y226   u_system/u_replay/g_array.u_array/u_array/u_ref/adly_reg[10][10][7]_srl8/CLK
Min Period        n/a     SRL16E/CLK  n/a            1.064         3.298       2.234      SLICE_X88Y216   u_system/u_replay/g_array.u_array/u_array/u_ref/adly_reg[11][11][0]_srl8/CLK
Min Period        n/a     SRL16E/CLK  n/a            1.064         3.298       2.234      SLICE_X88Y216   u_system/u_replay/g_array.u_array/u_array/u_ref/adly_reg[11][11][1]_srl8/CLK
Min Period        n/a     SRL16E/CLK  n/a            1.064         3.298       2.234      SLICE_X88Y216   u_system/u_replay/g_array.u_array/u_array/u_ref/adly_reg[11][11][2]_srl8/CLK
Min Period        n/a     SRL16E/CLK  n/a            1.064         3.298       2.234      SLICE_X88Y216   u_system/u_replay/g_array.u_array/u_array/u_ref/adly_reg[11][11][3]_srl8/CLK
Min Period        n/a     SRL16E/CLK  n/a            1.064         3.298       2.234      SLICE_X88Y216   u_system/u_replay/g_array.u_array/u_array/u_ref/adly_reg[11][11][4]_srl8/CLK
Min Period        n/a     SRL16E/CLK  n/a            1.064         3.298       2.234      SLICE_X88Y216   u_system/u_replay/g_array.u_array/u_array/u_ref/adly_reg[11][11][5]_srl8/CLK
Min Period        n/a     SRL16E/CLK  n/a            1.064         3.298       2.234      SLICE_X88Y216   u_system/u_replay/g_array.u_array/u_array/u_ref/adly_reg[11][11][6]_srl8/CLK
Min Period        n/a     SRL16E/CLK  n/a            1.064         3.298       2.234      SLICE_X88Y216   u_system/u_replay/g_array.u_array/u_array/u_ref/adly_reg[11][11][7]_srl8/CLK
Min Period        n/a     SRL16E/CLK  n/a            1.064         3.298       2.234      SLICE_X89Y227   u_system/u_replay/g_array.u_array/u_array/u_ref/adly_reg[12][12][0]_srl8/CLK
Min Period        n/a     SRL16E/CLK  n/a            1.064         3.298       2.234      SLICE_X89Y227   u_system/u_replay/g_array.u_array/u_array/u_ref/adly_reg[12][12][1]_srl8/CLK
Min Period        n/a     SRL16E/CLK  n/a            1.064         3.298       2.234      SLICE_X89Y227   u_system/u_replay/g_array.u_array/u_array/u_ref/adly_reg[12][12][2]_srl8/CLK
Min Period        n/a     SRL16E/CLK  n/a            1.064         3.298       2.234      SLICE_X89Y227   u_system/u_replay/g_array.u_array/u_array/u_ref/adly_reg[12][12][3]_srl8/CLK
Min Period        n/a     SRL16E/CLK  n/a            1.064         3.298       2.234      SLICE_X89Y227   u_system/u_replay/g_array.u_array/u_array/u_ref/adly_reg[12][12][4]_srl8/CLK
Min Period        n/a     SRL16E/CLK  n/a            1.064         3.298       2.234      SLICE_X89Y227   u_system/u_replay/g_array.u_array/u_array/u_ref/adly_reg[12][12][5]_srl8/CLK
Min Period        n/a     SRL16E/CLK  n/a            1.064         3.298       2.234      SLICE_X89Y227   u_system/u_replay/g_array.u_array/u_array/u_ref/adly_reg[12][12][6]_srl8/CLK
Min Period        n/a     SRL16E/CLK  n/a            1.064         3.298       2.234      SLICE_X89Y227   u_system/u_replay/g_array.u_array/u_array/u_ref/adly_reg[12][12][7]_srl8/CLK
Min Period        n/a     SRL16E/CLK  n/a            1.064         3.298       2.234      SLICE_X104Y227  u_system/u_replay/g_array.u_array/u_array/u_ref/adly_reg[13][13][0]_srl8/CLK
Min Period        n/a     SRL16E/CLK  n/a            1.064         3.298       2.234      SLICE_X104Y227  u_system/u_replay/g_array.u_array/u_array/u_ref/adly_reg[13][13][1]_srl8/CLK
Min Period        n/a     SRL16E/CLK  n/a            1.064         3.298       2.234      SLICE_X104Y227  u_system/u_replay/g_array.u_array/u_array/u_ref/adly_reg[13][13][2]_srl8/CLK
Min Period        n/a     SRL16E/CLK  n/a            1.064         3.298       2.234      SLICE_X104Y227  u_system/u_replay/g_array.u_array/u_array/u_ref/adly_reg[13][13][3]_srl8/CLK
Min Period        n/a     SRL16E/CLK  n/a            1.064         3.298       2.234      SLICE_X104Y227  u_system/u_replay/g_array.u_array/u_array/u_ref/adly_reg[13][13][4]_srl8/CLK
Min Period        n/a     SRL16E/CLK  n/a            1.064         3.298       2.234      SLICE_X104Y227  u_system/u_replay/g_array.u_array/u_array/u_ref/adly_reg[13][13][5]_srl8/CLK
Min Period        n/a     SRL16E/CLK  n/a            1.064         3.298       2.234      SLICE_X104Y227  u_system/u_replay/g_array.u_array/u_array/u_ref/adly_reg[13][13][6]_srl8/CLK
Min Period        n/a     SRL16E/CLK  n/a            1.064         3.298       2.234      SLICE_X104Y227  u_system/u_replay/g_array.u_array/u_array/u_ref/adly_reg[13][13][7]_srl8/CLK
Min Period        n/a     SRL16E/CLK  n/a            1.064         3.298       2.234      SLICE_X93Y229   u_system/u_replay/g_array.u_array/u_array/u_ref/adly_reg[14][14][0]_srl8/CLK
Min Period        n/a     SRL16E/CLK  n/a            1.064         3.298       2.234      SLICE_X93Y229   u_system/u_replay/g_array.u_array/u_array/u_ref/adly_reg[14][14][1]_srl8/CLK
Min Period        n/a     SRL16E/CLK  n/a            1.064         3.298       2.234      SLICE_X93Y229   u_system/u_replay/g_array.u_array/u_array/u_ref/adly_reg[14][14][2]_srl8/CLK
Min Period        n/a     SRL16E/CLK  n/a            1.064         3.298       2.234      SLICE_X93Y229   u_system/u_replay/g_array.u_array/u_array/u_ref/adly_reg[14][14][3]_srl8/CLK
Min Period        n/a     SRL16E/CLK  n/a            1.064         3.298       2.234      SLICE_X93Y229   u_system/u_replay/g_array.u_array/u_array/u_ref/adly_reg[14][14][4]_srl8/CLK
Min Period        n/a     SRL16E/CLK  n/a            1.064         3.298       2.234      SLICE_X93Y229   u_system/u_replay/g_array.u_array/u_array/u_ref/adly_reg[14][14][5]_srl8/CLK
Min Period        n/a     SRL16E/CLK  n/a            1.064         3.298       2.234      SLICE_X93Y229   u_system/u_replay/g_array.u_array/u_array/u_ref/adly_reg[14][14][6]_srl8/CLK
Min Period        n/a     SRL16E/CLK  n/a            1.064         3.298       2.234      SLICE_X93Y229   u_system/u_replay/g_array.u_array/u_array/u_ref/adly_reg[14][14][7]_srl8/CLK
Min Period        n/a     SRL16E/CLK  n/a            1.064         3.298       2.234      SLICE_X93Y230   u_system/u_replay/g_array.u_array/u_array/u_ref/adly_reg[15][15][0]_srl8/CLK
Min Period        n/a     SRL16E/CLK  n/a            1.064         3.298       2.234      SLICE_X93Y230   u_system/u_replay/g_array.u_array/u_array/u_ref/adly_reg[15][15][1]_srl8/CLK
Min Period        n/a     SRL16E/CLK  n/a            1.064         3.298       2.234      SLICE_X93Y230   u_system/u_replay/g_array.u_array/u_array/u_ref/adly_reg[15][15][2]_srl8/CLK
Min Period        n/a     SRL16E/CLK  n/a            1.064         3.298       2.234      SLICE_X93Y230   u_system/u_replay/g_array.u_array/u_array/u_ref/adly_reg[15][15][3]_srl8/CLK
Min Period        n/a     SRL16E/CLK  n/a            1.064         3.298       2.234      SLICE_X93Y230   u_system/u_replay/g_array.u_array/u_array/u_ref/adly_reg[15][15][4]_srl8/CLK
Min Period        n/a     SRL16E/CLK  n/a            1.064         3.298       2.234      SLICE_X93Y230   u_system/u_replay/g_array.u_array/u_array/u_ref/adly_reg[15][15][5]_srl8/CLK
Min Period        n/a     SRL16E/CLK  n/a            1.064         3.298       2.234      SLICE_X93Y230   u_system/u_replay/g_array.u_array/u_array/u_ref/adly_reg[15][15][6]_srl8/CLK
Min Period        n/a     SRL16E/CLK  n/a            1.064         3.298       2.234      SLICE_X93Y230   u_system/u_replay/g_array.u_array/u_array/u_ref/adly_reg[15][15][7]_srl8/CLK
Min Period        n/a     SRL16E/CLK  n/a            1.064         3.298       2.234      SLICE_X84Y226   u_system/u_replay/g_array.u_array/u_array/u_ref/adly_reg[1][2][0]_srl2/CLK
Low Pulse Width   Slow    SRL16E/CLK  n/a            0.532         1.649       1.117      SLICE_X89Y226   u_system/u_replay/g_array.u_array/u_array/u_ref/adly_reg[10][10][0]_srl8/CLK
Low Pulse Width   Fast    SRL16E/CLK  n/a            0.532         1.649       1.117      SLICE_X89Y226   u_system/u_replay/g_array.u_array/u_array/u_ref/adly_reg[10][10][0]_srl8/CLK
Low Pulse Width   Slow    SRL16E/CLK  n/a            0.532         1.649       1.117      SLICE_X89Y226   u_system/u_replay/g_array.u_array/u_array/u_ref/adly_reg[10][10][1]_srl8/CLK
Low Pulse Width   Fast    SRL16E/CLK  n/a            0.532         1.649       1.117      SLICE_X89Y226   u_system/u_replay/g_array.u_array/u_array/u_ref/adly_reg[10][10][1]_srl8/CLK
Low Pulse Width   Slow    SRL16E/CLK  n/a            0.532         1.649       1.117      SLICE_X89Y226   u_system/u_replay/g_array.u_array/u_array/u_ref/adly_reg[10][10][2]_srl8/CLK
Low Pulse Width   Fast    SRL16E/CLK  n/a            0.532         1.649       1.117      SLICE_X89Y226   u_system/u_replay/g_array.u_array/u_array/u_ref/adly_reg[10][10][2]_srl8/CLK
Low Pulse Width   Slow    SRL16E/CLK  n/a            0.532         1.649       1.117      SLICE_X89Y226   u_system/u_replay/g_array.u_array/u_array/u_ref/adly_reg[10][10][3]_srl8/CLK
Low Pulse Width   Fast    SRL16E/CLK  n/a            0.532         1.649       1.117      SLICE_X89Y226   u_system/u_replay/g_array.u_array/u_array/u_ref/adly_reg[10][10][3]_srl8/CLK
Low Pulse Width   Slow    SRL16E/CLK  n/a            0.532         1.649       1.117      SLICE_X89Y226   u_system/u_replay/g_array.u_array/u_array/u_ref/adly_reg[10][10][4]_srl8/CLK
Low Pulse Width   Fast    SRL16E/CLK  n/a            0.532         1.649       1.117      SLICE_X89Y226   u_system/u_replay/g_array.u_array/u_array/u_ref/adly_reg[10][10][4]_srl8/CLK
Low Pulse Width   Slow    SRL16E/CLK  n/a            0.532         1.649       1.117      SLICE_X89Y226   u_system/u_replay/g_array.u_array/u_array/u_ref/adly_reg[10][10][5]_srl8/CLK
Low Pulse Width   Fast    SRL16E/CLK  n/a            0.532         1.649       1.117      SLICE_X89Y226   u_system/u_replay/g_array.u_array/u_array/u_ref/adly_reg[10][10][5]_srl8/CLK
Low Pulse Width   Slow    SRL16E/CLK  n/a            0.532         1.649       1.117      SLICE_X89Y226   u_system/u_replay/g_array.u_array/u_array/u_ref/adly_reg[10][10][6]_srl8/CLK
Low Pulse Width   Fast    SRL16E/CLK  n/a            0.532         1.649       1.117      SLICE_X89Y226   u_system/u_replay/g_array.u_array/u_array/u_ref/adly_reg[10][10][6]_srl8/CLK
Low Pulse Width   Slow    SRL16E/CLK  n/a            0.532         1.649       1.117      SLICE_X89Y226   u_system/u_replay/g_array.u_array/u_array/u_ref/adly_reg[10][10][7]_srl8/CLK
Low Pulse Width   Fast    SRL16E/CLK  n/a            0.532         1.649       1.117      SLICE_X89Y226   u_system/u_replay/g_array.u_array/u_array/u_ref/adly_reg[10][10][7]_srl8/CLK
Low Pulse Width   Slow    SRL16E/CLK  n/a            0.532         1.649       1.117      SLICE_X88Y216   u_system/u_replay/g_array.u_array/u_array/u_ref/adly_reg[11][11][0]_srl8/CLK
Low Pulse Width   Fast    SRL16E/CLK  n/a            0.532         1.649       1.117      SLICE_X88Y216   u_system/u_replay/g_array.u_array/u_array/u_ref/adly_reg[11][11][0]_srl8/CLK
Low Pulse Width   Slow    SRL16E/CLK  n/a            0.532         1.649       1.117      SLICE_X88Y216   u_system/u_replay/g_array.u_array/u_array/u_ref/adly_reg[11][11][1]_srl8/CLK
Low Pulse Width   Fast    SRL16E/CLK  n/a            0.532         1.649       1.117      SLICE_X88Y216   u_system/u_replay/g_array.u_array/u_array/u_ref/adly_reg[11][11][1]_srl8/CLK
Low Pulse Width   Slow    SRL16E/CLK  n/a            0.532         1.649       1.117      SLICE_X88Y216   u_system/u_replay/g_array.u_array/u_array/u_ref/adly_reg[11][11][2]_srl8/CLK
Low Pulse Width   Fast    SRL16E/CLK  n/a            0.532         1.649       1.117      SLICE_X88Y216   u_system/u_replay/g_array.u_array/u_array/u_ref/adly_reg[11][11][2]_srl8/CLK
Low Pulse Width   Slow    SRL16E/CLK  n/a            0.532         1.649       1.117      SLICE_X88Y216   u_system/u_replay/g_array.u_array/u_array/u_ref/adly_reg[11][11][3]_srl8/CLK
Low Pulse Width   Fast    SRL16E/CLK  n/a            0.532         1.649       1.117      SLICE_X88Y216   u_system/u_replay/g_array.u_array/u_array/u_ref/adly_reg[11][11][3]_srl8/CLK
Low Pulse Width   Slow    SRL16E/CLK  n/a            0.532         1.649       1.117      SLICE_X88Y216   u_system/u_replay/g_array.u_array/u_array/u_ref/adly_reg[11][11][4]_srl8/CLK
Low Pulse Width   Fast    SRL16E/CLK  n/a            0.532         1.649       1.117      SLICE_X88Y216   u_system/u_replay/g_array.u_array/u_array/u_ref/adly_reg[11][11][4]_srl8/CLK
Low Pulse Width   Slow    SRL16E/CLK  n/a            0.532         1.649       1.117      SLICE_X88Y216   u_system/u_replay/g_array.u_array/u_array/u_ref/adly_reg[11][11][5]_srl8/CLK
Low Pulse Width   Fast    SRL16E/CLK  n/a            0.532         1.649       1.117      SLICE_X88Y216   u_system/u_replay/g_array.u_array/u_array/u_ref/adly_reg[11][11][5]_srl8/CLK
Low Pulse Width   Slow    SRL16E/CLK  n/a            0.532         1.649       1.117      SLICE_X88Y216   u_system/u_replay/g_array.u_array/u_array/u_ref/adly_reg[11][11][6]_srl8/CLK
Low Pulse Width   Fast    SRL16E/CLK  n/a            0.532         1.649       1.117      SLICE_X88Y216   u_system/u_replay/g_array.u_array/u_array/u_ref/adly_reg[11][11][6]_srl8/CLK
Low Pulse Width   Slow    SRL16E/CLK  n/a            0.532         1.649       1.117      SLICE_X88Y216   u_system/u_replay/g_array.u_array/u_array/u_ref/adly_reg[11][11][7]_srl8/CLK
Low Pulse Width   Fast    SRL16E/CLK  n/a            0.532         1.649       1.117      SLICE_X88Y216   u_system/u_replay/g_array.u_array/u_array/u_ref/adly_reg[11][11][7]_srl8/CLK
Low Pulse Width   Slow    SRL16E/CLK  n/a            0.532         1.649       1.117      SLICE_X89Y227   u_system/u_replay/g_array.u_array/u_array/u_ref/adly_reg[12][12][0]_srl8/CLK
Low Pulse Width   Fast    SRL16E/CLK  n/a            0.532         1.649       1.117      SLICE_X89Y227   u_system/u_replay/g_array.u_array/u_array/u_ref/adly_reg[12][12][0]_srl8/CLK
Low Pulse Width   Slow    SRL16E/CLK  n/a            0.532         1.649       1.117      SLICE_X89Y227   u_system/u_replay/g_array.u_array/u_array/u_ref/adly_reg[12][12][1]_srl8/CLK
Low Pulse Width   Fast    SRL16E/CLK  n/a            0.532         1.649       1.117      SLICE_X89Y227   u_system/u_replay/g_array.u_array/u_array/u_ref/adly_reg[12][12][1]_srl8/CLK
Low Pulse Width   Slow    SRL16E/CLK  n/a            0.532         1.649       1.117      SLICE_X89Y227   u_system/u_replay/g_array.u_array/u_array/u_ref/adly_reg[12][12][2]_srl8/CLK
Low Pulse Width   Fast    SRL16E/CLK  n/a            0.532         1.649       1.117      SLICE_X89Y227   u_system/u_replay/g_array.u_array/u_array/u_ref/adly_reg[12][12][2]_srl8/CLK
Low Pulse Width   Slow    SRL16E/CLK  n/a            0.532         1.649       1.117      SLICE_X89Y227   u_system/u_replay/g_array.u_array/u_array/u_ref/adly_reg[12][12][3]_srl8/CLK
Low Pulse Width   Fast    SRL16E/CLK  n/a            0.532         1.649       1.117      SLICE_X89Y227   u_system/u_replay/g_array.u_array/u_array/u_ref/adly_reg[12][12][3]_srl8/CLK
Low Pulse Width   Slow    SRL16E/CLK  n/a            0.532         1.649       1.117      SLICE_X89Y227   u_system/u_replay/g_array.u_array/u_array/u_ref/adly_reg[12][12][4]_srl8/CLK
Low Pulse Width   Fast    SRL16E/CLK  n/a            0.532         1.649       1.117      SLICE_X89Y227   u_system/u_replay/g_array.u_array/u_array/u_ref/adly_reg[12][12][4]_srl8/CLK
Low Pulse Width   Slow    SRL16E/CLK  n/a            0.532         1.649       1.117      SLICE_X89Y227   u_system/u_replay/g_array.u_array/u_array/u_ref/adly_reg[12][12][5]_srl8/CLK
Low Pulse Width   Fast    SRL16E/CLK  n/a            0.532         1.649       1.117      SLICE_X89Y227   u_system/u_replay/g_array.u_array/u_array/u_ref/adly_reg[12][12][5]_srl8/CLK
Low Pulse Width   Slow    SRL16E/CLK  n/a            0.532         1.649       1.117      SLICE_X89Y227   u_system/u_replay/g_array.u_array/u_array/u_ref/adly_reg[12][12][6]_srl8/CLK
Low Pulse Width   Fast    SRL16E/CLK  n/a            0.532         1.649       1.117      SLICE_X89Y227   u_system/u_replay/g_array.u_array/u_array/u_ref/adly_reg[12][12][6]_srl8/CLK
Low Pulse Width   Slow    SRL16E/CLK  n/a            0.532         1.649       1.117      SLICE_X89Y227   u_system/u_replay/g_array.u_array/u_array/u_ref/adly_reg[12][12][7]_srl8/CLK
Low Pulse Width   Fast    SRL16E/CLK  n/a            0.532         1.649       1.117      SLICE_X89Y227   u_system/u_replay/g_array.u_array/u_array/u_ref/adly_reg[12][12][7]_srl8/CLK
Low Pulse Width   Slow    SRL16E/CLK  n/a            0.532         1.649       1.117      SLICE_X104Y227  u_system/u_replay/g_array.u_array/u_array/u_ref/adly_reg[13][13][0]_srl8/CLK
Low Pulse Width   Fast    SRL16E/CLK  n/a            0.532         1.649       1.117      SLICE_X104Y227  u_system/u_replay/g_array.u_array/u_array/u_ref/adly_reg[13][13][0]_srl8/CLK
High Pulse Width  Slow    SRL16E/CLK  n/a            0.532         1.649       1.117      SLICE_X89Y226   u_system/u_replay/g_array.u_array/u_array/u_ref/adly_reg[10][10][0]_srl8/CLK
High Pulse Width  Fast    SRL16E/CLK  n/a            0.532         1.649       1.117      SLICE_X89Y226   u_system/u_replay/g_array.u_array/u_array/u_ref/adly_reg[10][10][0]_srl8/CLK
High Pulse Width  Slow    SRL16E/CLK  n/a            0.532         1.649       1.117      SLICE_X89Y226   u_system/u_replay/g_array.u_array/u_array/u_ref/adly_reg[10][10][1]_srl8/CLK
High Pulse Width  Fast    SRL16E/CLK  n/a            0.532         1.649       1.117      SLICE_X89Y226   u_system/u_replay/g_array.u_array/u_array/u_ref/adly_reg[10][10][1]_srl8/CLK
High Pulse Width  Slow    SRL16E/CLK  n/a            0.532         1.649       1.117      SLICE_X89Y226   u_system/u_replay/g_array.u_array/u_array/u_ref/adly_reg[10][10][2]_srl8/CLK
High Pulse Width  Fast    SRL16E/CLK  n/a            0.532         1.649       1.117      SLICE_X89Y226   u_system/u_replay/g_array.u_array/u_array/u_ref/adly_reg[10][10][2]_srl8/CLK
High Pulse Width  Slow    SRL16E/CLK  n/a            0.532         1.649       1.117      SLICE_X89Y226   u_system/u_replay/g_array.u_array/u_array/u_ref/adly_reg[10][10][3]_srl8/CLK
High Pulse Width  Fast    SRL16E/CLK  n/a            0.532         1.649       1.117      SLICE_X89Y226   u_system/u_replay/g_array.u_array/u_array/u_ref/adly_reg[10][10][3]_srl8/CLK
High Pulse Width  Slow    SRL16E/CLK  n/a            0.532         1.649       1.117      SLICE_X89Y226   u_system/u_replay/g_array.u_array/u_array/u_ref/adly_reg[10][10][4]_srl8/CLK
High Pulse Width  Fast    SRL16E/CLK  n/a            0.532         1.649       1.117      SLICE_X89Y226   u_system/u_replay/g_array.u_array/u_array/u_ref/adly_reg[10][10][4]_srl8/CLK
High Pulse Width  Slow    SRL16E/CLK  n/a            0.532         1.649       1.117      SLICE_X89Y226   u_system/u_replay/g_array.u_array/u_array/u_ref/adly_reg[10][10][5]_srl8/CLK
High Pulse Width  Fast    SRL16E/CLK  n/a            0.532         1.649       1.117      SLICE_X89Y226   u_system/u_replay/g_array.u_array/u_array/u_ref/adly_reg[10][10][5]_srl8/CLK
High Pulse Width  Slow    SRL16E/CLK  n/a            0.532         1.649       1.117      SLICE_X89Y226   u_system/u_replay/g_array.u_array/u_array/u_ref/adly_reg[10][10][6]_srl8/CLK
High Pulse Width  Fast    SRL16E/CLK  n/a            0.532         1.649       1.117      SLICE_X89Y226   u_system/u_replay/g_array.u_array/u_array/u_ref/adly_reg[10][10][6]_srl8/CLK
High Pulse Width  Slow    SRL16E/CLK  n/a            0.532         1.649       1.117      SLICE_X89Y226   u_system/u_replay/g_array.u_array/u_array/u_ref/adly_reg[10][10][7]_srl8/CLK
High Pulse Width  Fast    SRL16E/CLK  n/a            0.532         1.649       1.117      SLICE_X89Y226   u_system/u_replay/g_array.u_array/u_array/u_ref/adly_reg[10][10][7]_srl8/CLK
High Pulse Width  Slow    SRL16E/CLK  n/a            0.532         1.649       1.117      SLICE_X88Y216   u_system/u_replay/g_array.u_array/u_array/u_ref/adly_reg[11][11][0]_srl8/CLK
High Pulse Width  Fast    SRL16E/CLK  n/a            0.532         1.649       1.117      SLICE_X88Y216   u_system/u_replay/g_array.u_array/u_array/u_ref/adly_reg[11][11][0]_srl8/CLK
High Pulse Width  Slow    SRL16E/CLK  n/a            0.532         1.649       1.117      SLICE_X88Y216   u_system/u_replay/g_array.u_array/u_array/u_ref/adly_reg[11][11][1]_srl8/CLK
High Pulse Width  Fast    SRL16E/CLK  n/a            0.532         1.649       1.117      SLICE_X88Y216   u_system/u_replay/g_array.u_array/u_array/u_ref/adly_reg[11][11][1]_srl8/CLK
High Pulse Width  Slow    SRL16E/CLK  n/a            0.532         1.649       1.117      SLICE_X88Y216   u_system/u_replay/g_array.u_array/u_array/u_ref/adly_reg[11][11][2]_srl8/CLK
High Pulse Width  Fast    SRL16E/CLK  n/a            0.532         1.649       1.117      SLICE_X88Y216   u_system/u_replay/g_array.u_array/u_array/u_ref/adly_reg[11][11][2]_srl8/CLK
High Pulse Width  Slow    SRL16E/CLK  n/a            0.532         1.649       1.117      SLICE_X88Y216   u_system/u_replay/g_array.u_array/u_array/u_ref/adly_reg[11][11][3]_srl8/CLK
High Pulse Width  Fast    SRL16E/CLK  n/a            0.532         1.649       1.117      SLICE_X88Y216   u_system/u_replay/g_array.u_array/u_array/u_ref/adly_reg[11][11][3]_srl8/CLK
High Pulse Width  Slow    SRL16E/CLK  n/a            0.532         1.649       1.117      SLICE_X88Y216   u_system/u_replay/g_array.u_array/u_array/u_ref/adly_reg[11][11][4]_srl8/CLK
High Pulse Width  Fast    SRL16E/CLK  n/a            0.532         1.649       1.117      SLICE_X88Y216   u_system/u_replay/g_array.u_array/u_array/u_ref/adly_reg[11][11][4]_srl8/CLK
High Pulse Width  Slow    SRL16E/CLK  n/a            0.532         1.649       1.117      SLICE_X88Y216   u_system/u_replay/g_array.u_array/u_array/u_ref/adly_reg[11][11][5]_srl8/CLK
High Pulse Width  Fast    SRL16E/CLK  n/a            0.532         1.649       1.117      SLICE_X88Y216   u_system/u_replay/g_array.u_array/u_array/u_ref/adly_reg[11][11][5]_srl8/CLK
High Pulse Width  Slow    SRL16E/CLK  n/a            0.532         1.649       1.117      SLICE_X88Y216   u_system/u_replay/g_array.u_array/u_array/u_ref/adly_reg[11][11][6]_srl8/CLK
High Pulse Width  Fast    SRL16E/CLK  n/a            0.532         1.649       1.117      SLICE_X88Y216   u_system/u_replay/g_array.u_array/u_array/u_ref/adly_reg[11][11][6]_srl8/CLK
High Pulse Width  Slow    SRL16E/CLK  n/a            0.532         1.649       1.117      SLICE_X88Y216   u_system/u_replay/g_array.u_array/u_array/u_ref/adly_reg[11][11][7]_srl8/CLK
High Pulse Width  Fast    SRL16E/CLK  n/a            0.532         1.649       1.117      SLICE_X88Y216   u_system/u_replay/g_array.u_array/u_array/u_ref/adly_reg[11][11][7]_srl8/CLK
High Pulse Width  Slow    SRL16E/CLK  n/a            0.532         1.649       1.117      SLICE_X89Y227   u_system/u_replay/g_array.u_array/u_array/u_ref/adly_reg[12][12][0]_srl8/CLK
High Pulse Width  Fast    SRL16E/CLK  n/a            0.532         1.649       1.117      SLICE_X89Y227   u_system/u_replay/g_array.u_array/u_array/u_ref/adly_reg[12][12][0]_srl8/CLK
High Pulse Width  Slow    SRL16E/CLK  n/a            0.532         1.649       1.117      SLICE_X89Y227   u_system/u_replay/g_array.u_array/u_array/u_ref/adly_reg[12][12][1]_srl8/CLK
High Pulse Width  Fast    SRL16E/CLK  n/a            0.532         1.649       1.117      SLICE_X89Y227   u_system/u_replay/g_array.u_array/u_array/u_ref/adly_reg[12][12][1]_srl8/CLK
High Pulse Width  Slow    SRL16E/CLK  n/a            0.532         1.649       1.117      SLICE_X89Y227   u_system/u_replay/g_array.u_array/u_array/u_ref/adly_reg[12][12][2]_srl8/CLK
High Pulse Width  Fast    SRL16E/CLK  n/a            0.532         1.649       1.117      SLICE_X89Y227   u_system/u_replay/g_array.u_array/u_array/u_ref/adly_reg[12][12][2]_srl8/CLK
High Pulse Width  Slow    SRL16E/CLK  n/a            0.532         1.649       1.117      SLICE_X89Y227   u_system/u_replay/g_array.u_array/u_array/u_ref/adly_reg[12][12][3]_srl8/CLK
High Pulse Width  Fast    SRL16E/CLK  n/a            0.532         1.649       1.117      SLICE_X89Y227   u_system/u_replay/g_array.u_array/u_array/u_ref/adly_reg[12][12][3]_srl8/CLK
High Pulse Width  Slow    SRL16E/CLK  n/a            0.532         1.649       1.117      SLICE_X89Y227   u_system/u_replay/g_array.u_array/u_array/u_ref/adly_reg[12][12][4]_srl8/CLK
High Pulse Width  Fast    SRL16E/CLK  n/a            0.532         1.649       1.117      SLICE_X89Y227   u_system/u_replay/g_array.u_array/u_array/u_ref/adly_reg[12][12][4]_srl8/CLK
High Pulse Width  Slow    SRL16E/CLK  n/a            0.532         1.649       1.117      SLICE_X89Y227   u_system/u_replay/g_array.u_array/u_array/u_ref/adly_reg[12][12][5]_srl8/CLK
High Pulse Width  Fast    SRL16E/CLK  n/a            0.532         1.649       1.117      SLICE_X89Y227   u_system/u_replay/g_array.u_array/u_array/u_ref/adly_reg[12][12][5]_srl8/CLK
High Pulse Width  Slow    SRL16E/CLK  n/a            0.532         1.649       1.117      SLICE_X89Y227   u_system/u_replay/g_array.u_array/u_array/u_ref/adly_reg[12][12][6]_srl8/CLK
High Pulse Width  Fast    SRL16E/CLK  n/a            0.532         1.649       1.117      SLICE_X89Y227   u_system/u_replay/g_array.u_array/u_array/u_ref/adly_reg[12][12][6]_srl8/CLK
High Pulse Width  Slow    SRL16E/CLK  n/a            0.532         1.649       1.117      SLICE_X89Y227   u_system/u_replay/g_array.u_array/u_array/u_ref/adly_reg[12][12][7]_srl8/CLK
High Pulse Width  Fast    SRL16E/CLK  n/a            0.532         1.649       1.117      SLICE_X89Y227   u_system/u_replay/g_array.u_array/u_array/u_ref/adly_reg[12][12][7]_srl8/CLK
High Pulse Width  Slow    SRL16E/CLK  n/a            0.532         1.649       1.117      SLICE_X104Y227  u_system/u_replay/g_array.u_array/u_array/u_ref/adly_reg[13][13][0]_srl8/CLK
High Pulse Width  Fast    SRL16E/CLK  n/a            0.532         1.649       1.117      SLICE_X104Y227  u_system/u_replay/g_array.u_array/u_array/u_ref/adly_reg[13][13][0]_srl8/CLK



