Copyright 1986-2021 Xilinx, Inc. All Rights Reserved.
----------------------------------------------------------------------------------------------------------------------------------------------------------------------------------------------------------------
| Tool Version      : Vivado v.2021.2 (win64) Build 3367213 Tue Oct 19 02:48:09 MDT 2021
| Date              : Tue Sep 15 19:14:55 2026
| Host              : nc23 running 64-bit major release  (build 9200)
| Command           : report_timing -max_paths 20 -sort_by group -file {E:/GPU ARCH/vector_core_sim/turbovla_w8a8_pack2/hw/v3_2026-09-15_174639_vivado_impl/reports/303MHz_real4/reports/impl_timing_paths.rpt}
| Design            : tvla_w8a8_pack2_impl_top
| Device            : xczu7ev-ffvc1156
| Speed File        : -2  PRODUCTION 1.29 08-03-2020
| Temperature Grade : E
----------------------------------------------------------------------------------------------------------------------------------------------------------------------------------------------------------------

Timing Report

Slack (MET) :             0.103ns  (required time - arrival time)
  Source:                 u_system/u_replay/g_array.u_array/drain_row_rep_r_reg[47]_rep__5/C
                            (rising edge-triggered cell FDCE clocked by clk  {rise@0.000ns fall@1.649ns period=3.298ns})
  Destination:            u_system/u_replay/g_array.u_array/g_output_pipe.acc_row_reg[455]/D
                            (rising edge-triggered cell FDCE clocked by clk  {rise@0.000ns fall@1.649ns period=3.298ns})
  Path Group:             clk
  Path Type:              Setup (Max at Slow Process Corner)
  Requirement:            3.298ns  (clk rise@3.298ns - clk rise@0.000ns)
  Data Path Delay:        2.993ns  (logic 0.148ns (4.945%)  route 2.845ns (95.055%))
  Logic Levels:           1  (MUXF8=1)
  Clock Path Skew:        -0.142ns (DCD - SCD + CPR)
    Destination Clock Delay (DCD):    1.926ns = ( 5.224 - 3.298 ) 
    Source Clock Delay      (SCD):    2.373ns
    Clock Pessimism Removal (CPR):    0.305ns
  Clock Uncertainty:      0.085ns  ((TSJ^2 + TIJ^2)^1/2 + DJ) / 2 + PE + UU
    Total System Jitter     (TSJ):    0.071ns
    Total Input Jitter      (TIJ):    0.000ns
    Discrete Jitter          (DJ):    0.000ns
    Phase Error              (PE):    0.000ns
    User Uncertainty         (UU):    0.050ns
  Clock Net Delay (Source):      1.444ns (routing 0.171ns, distribution 1.273ns)
  Clock Net Delay (Destination): 1.286ns (routing 0.155ns, distribution 1.131ns)

    Location             Delay type                Incr(ns)  Path(ns)    Netlist Resource(s)
  -------------------------------------------------------------------    -------------------
                         (clock clk rise edge)        0.000     0.000 r  
    AJ20                                              0.000     0.000 r  clk (IN)
                         net (fo=0)                   0.000     0.000    clk_IBUF_inst/I
    AJ20                 INBUF (Prop_INBUF_HPIOB_M_PAD_O)
                                                      0.565     0.565 r  clk_IBUF_inst/INBUF_INST/O
                         net (fo=1, routed)           0.000     0.565    clk_IBUF_inst/OUT
    AJ20                 IBUFCTRL (Prop_IBUFCTRL_HPIOB_M_I_O)
                                                      0.000     0.565 r  clk_IBUF_inst/IBUFCTRL_INST/O
                         net (fo=1, routed)           0.336     0.901    clk_IBUF
    BUFGCE_X1Y71         BUFGCE (Prop_BUFCE_BUFGCE_I_O)
                                                      0.028     0.929 r  clk_IBUF_BUFG_inst/O
    X2Y2 (CLOCK_ROOT)    net (fo=185544, routed)      1.444     2.373    u_system/u_replay/g_array.u_array/clk_IBUF_BUFG
    SLICE_X65Y237        FDCE                                         r  u_system/u_replay/g_array.u_array/drain_row_rep_r_reg[47]_rep__5/C
  -------------------------------------------------------------------    -------------------
    SLICE_X65Y237        FDCE (Prop_AFF_SLICEL_C_Q)
                                                      0.079     2.452 r  u_system/u_replay/g_array.u_array/drain_row_rep_r_reg[47]_rep__5/Q
                         net (fo=96, routed)          2.811     5.263    u_system/u_replay/g_array.u_array/u_array/u_ref/g_row[3].g_col[7].u_pe/g_output_pipe.acc_row_reg[487]
    SLICE_X107Y140       MUXF8 (Prop_F8MUX_BOT_SLICEL_S_O)
                                                      0.069     5.332 r  u_system/u_replay/g_array.u_array/u_array/u_ref/g_row[3].g_col[7].u_pe/g_output_pipe.acc_row_reg[455]_i_1/O
                         net (fo=1, routed)           0.034     5.366    u_system/u_replay/g_array.u_array/acc_row_i[455]
    SLICE_X107Y140       FDCE                                         r  u_system/u_replay/g_array.u_array/g_output_pipe.acc_row_reg[455]/D
  -------------------------------------------------------------------    -------------------

                         (clock clk rise edge)        3.298     3.298 r  
    AJ20                                              0.000     3.298 r  clk (IN)
                         net (fo=0)                   0.000     3.298    clk_IBUF_inst/I
    AJ20                 INBUF (Prop_INBUF_HPIOB_M_PAD_O)
                                                      0.315     3.613 r  clk_IBUF_inst/INBUF_INST/O
                         net (fo=1, routed)           0.000     3.613    clk_IBUF_inst/OUT
    AJ20                 IBUFCTRL (Prop_IBUFCTRL_HPIOB_M_I_O)
                                                      0.000     3.613 r  clk_IBUF_inst/IBUFCTRL_INST/O
                         net (fo=1, routed)           0.301     3.914    clk_IBUF
    BUFGCE_X1Y71         BUFGCE (Prop_BUFCE_BUFGCE_I_O)
                                                      0.024     3.938 r  clk_IBUF_BUFG_inst/O
    X2Y2 (CLOCK_ROOT)    net (fo=185544, routed)      1.286     5.224    u_system/u_replay/g_array.u_array/clk_IBUF_BUFG
    SLICE_X107Y140       FDCE                                         r  u_system/u_replay/g_array.u_array/g_output_pipe.acc_row_reg[455]/C
                         clock pessimism              0.305     5.529    
                         clock uncertainty           -0.085     5.444    
    SLICE_X107Y140       FDCE (Setup_CFF_SLICEL_C_D)
                                                      0.025     5.469    u_system/u_replay/g_array.u_array/g_output_pipe.acc_row_reg[455]
  -------------------------------------------------------------------
                         required time                          5.469    
                         arrival time                          -5.366    
  -------------------------------------------------------------------
                         slack                                  0.103    

Slack (MET) :             0.125ns  (required time - arrival time)
  Source:                 u_system/u_replay/g_array.u_array/drain_row_rep_r_reg[47]_rep__10/C
                            (rising edge-triggered cell FDCE clocked by clk  {rise@0.000ns fall@1.649ns period=3.298ns})
  Destination:            u_system/u_replay/g_array.u_array/g_output_pipe.acc_row_reg[2060]/D
                            (rising edge-triggered cell FDCE clocked by clk  {rise@0.000ns fall@1.649ns period=3.298ns})
  Path Group:             clk
  Path Type:              Setup (Max at Slow Process Corner)
  Requirement:            3.298ns  (clk rise@3.298ns - clk rise@0.000ns)
  Data Path Delay:        3.294ns  (logic 0.146ns (4.432%)  route 3.148ns (95.568%))
  Logic Levels:           1  (MUXF8=1)
  Clock Path Skew:        0.181ns (DCD - SCD + CPR)
    Destination Clock Delay (DCD):    2.144ns = ( 5.442 - 3.298 ) 
    Source Clock Delay      (SCD):    2.268ns
    Clock Pessimism Removal (CPR):    0.305ns
  Clock Uncertainty:      0.085ns  ((TSJ^2 + TIJ^2)^1/2 + DJ) / 2 + PE + UU
    Total System Jitter     (TSJ):    0.071ns
    Total Input Jitter      (TIJ):    0.000ns
    Discrete Jitter          (DJ):    0.000ns
    Phase Error              (PE):    0.000ns
    User Uncertainty         (UU):    0.050ns
  Clock Net Delay (Source):      1.339ns (routing 0.171ns, distribution 1.168ns)
  Clock Net Delay (Destination): 1.504ns (routing 0.155ns, distribution 1.349ns)

    Location             Delay type                Incr(ns)  Path(ns)    Netlist Resource(s)
  -------------------------------------------------------------------    -------------------
                         (clock clk rise edge)        0.000     0.000 r  
    AJ20                                              0.000     0.000 r  clk (IN)
                         net (fo=0)                   0.000     0.000    clk_IBUF_inst/I
    AJ20                 INBUF (Prop_INBUF_HPIOB_M_PAD_O)
                                                      0.565     0.565 r  clk_IBUF_inst/INBUF_INST/O
                         net (fo=1, routed)           0.000     0.565    clk_IBUF_inst/OUT
    AJ20                 IBUFCTRL (Prop_IBUFCTRL_HPIOB_M_I_O)
                                                      0.000     0.565 r  clk_IBUF_inst/IBUFCTRL_INST/O
                         net (fo=1, routed)           0.336     0.901    clk_IBUF
    BUFGCE_X1Y71         BUFGCE (Prop_BUFCE_BUFGCE_I_O)
                                                      0.028     0.929 r  clk_IBUF_BUFG_inst/O
    X2Y2 (CLOCK_ROOT)    net (fo=185544, routed)      1.339     2.268    u_system/u_replay/g_array.u_array/clk_IBUF_BUFG
    SLICE_X74Y209        FDCE                                         r  u_system/u_replay/g_array.u_array/drain_row_rep_r_reg[47]_rep__10/C
  -------------------------------------------------------------------    -------------------
    SLICE_X74Y209        FDCE (Prop_AFF_SLICEM_C_Q)
                                                      0.077     2.345 r  u_system/u_replay/g_array.u_array/drain_row_rep_r_reg[47]_rep__10/Q
                         net (fo=96, routed)          3.114     5.459    u_system/u_replay/g_array.u_array/u_array/u_ref/g_row[3].g_col[32].u_pe/g_output_pipe.acc_row_reg[2092]
    SLICE_X14Y309        MUXF8 (Prop_F8MUX_BOT_SLICEL_S_O)
                                                      0.069     5.528 r  u_system/u_replay/g_array.u_array/u_array/u_ref/g_row[3].g_col[32].u_pe/g_output_pipe.acc_row_reg[2060]_i_1/O
                         net (fo=1, routed)           0.034     5.562    u_system/u_replay/g_array.u_array/acc_row_i[2060]
    SLICE_X14Y309        FDCE                                         r  u_system/u_replay/g_array.u_array/g_output_pipe.acc_row_reg[2060]/D
  -------------------------------------------------------------------    -------------------

                         (clock clk rise edge)        3.298     3.298 r  
    AJ20                                              0.000     3.298 r  clk (IN)
                         net (fo=0)                   0.000     3.298    clk_IBUF_inst/I
    AJ20                 INBUF (Prop_INBUF_HPIOB_M_PAD_O)
                                                      0.315     3.613 r  clk_IBUF_inst/INBUF_INST/O
                         net (fo=1, routed)           0.000     3.613    clk_IBUF_inst/OUT
    AJ20                 IBUFCTRL (Prop_IBUFCTRL_HPIOB_M_I_O)
                                                      0.000     3.613 r  clk_IBUF_inst/IBUFCTRL_INST/O
                         net (fo=1, routed)           0.301     3.914    clk_IBUF
    BUFGCE_X1Y71         BUFGCE (Prop_BUFCE_BUFGCE_I_O)
                                                      0.024     3.938 r  clk_IBUF_BUFG_inst/O
    X2Y2 (CLOCK_ROOT)    net (fo=185544, routed)      1.504     5.442    u_system/u_replay/g_array.u_array/clk_IBUF_BUFG
    SLICE_X14Y309        FDCE                                         r  u_system/u_replay/g_array.u_array/g_output_pipe.acc_row_reg[2060]/C
                         clock pessimism              0.305     5.747    
                         clock uncertainty           -0.085     5.662    
    SLICE_X14Y309        FDCE (Setup_CFF_SLICEL_C_D)
                                                      0.025     5.687    u_system/u_replay/g_array.u_array/g_output_pipe.acc_row_reg[2060]
  -------------------------------------------------------------------
                         required time                          5.687    
                         arrival time                          -5.562    
  -------------------------------------------------------------------
                         slack                                  0.125    

Slack (MET) :             0.131ns  (required time - arrival time)
  Source:                 u_system/u_replay/g_array.u_array/drain_row_rep_r_reg[47]_rep__10/C
                            (rising edge-triggered cell FDCE clocked by clk  {rise@0.000ns fall@1.649ns period=3.298ns})
  Destination:            u_system/u_replay/g_array.u_array/g_output_pipe.acc_row_reg[2348]/D
                            (rising edge-triggered cell FDCE clocked by clk  {rise@0.000ns fall@1.649ns period=3.298ns})
  Path Group:             clk
  Path Type:              Setup (Max at Slow Process Corner)
  Requirement:            3.298ns  (clk rise@3.298ns - clk rise@0.000ns)
  Data Path Delay:        3.125ns  (logic 0.151ns (4.832%)  route 2.974ns (95.168%))
  Logic Levels:           1  (MUXF8=1)
  Clock Path Skew:        0.018ns (DCD - SCD + CPR)
    Destination Clock Delay (DCD):    1.981ns = ( 5.279 - 3.298 ) 
    Source Clock Delay      (SCD):    2.268ns
    Clock Pessimism Removal (CPR):    0.305ns
  Clock Uncertainty:      0.085ns  ((TSJ^2 + TIJ^2)^1/2 + DJ) / 2 + PE + UU
    Total System Jitter     (TSJ):    0.071ns
    Total Input Jitter      (TIJ):    0.000ns
    Discrete Jitter          (DJ):    0.000ns
    Phase Error              (PE):    0.000ns
    User Uncertainty         (UU):    0.050ns
  Clock Net Delay (Source):      1.339ns (routing 0.171ns, distribution 1.168ns)
  Clock Net Delay (Destination): 1.341ns (routing 0.155ns, distribution 1.186ns)

    Location             Delay type                Incr(ns)  Path(ns)    Netlist Resource(s)
  -------------------------------------------------------------------    -------------------
                         (clock clk rise edge)        0.000     0.000 r  
    AJ20                                              0.000     0.000 r  clk (IN)
                         net (fo=0)                   0.000     0.000    clk_IBUF_inst/I
    AJ20                 INBUF (Prop_INBUF_HPIOB_M_PAD_O)
                                                      0.565     0.565 r  clk_IBUF_inst/INBUF_INST/O
                         net (fo=1, routed)           0.000     0.565    clk_IBUF_inst/OUT
    AJ20                 IBUFCTRL (Prop_IBUFCTRL_HPIOB_M_I_O)
                                                      0.000     0.565 r  clk_IBUF_inst/IBUFCTRL_INST/O
                         net (fo=1, routed)           0.336     0.901    clk_IBUF
    BUFGCE_X1Y71         BUFGCE (Prop_BUFCE_BUFGCE_I_O)
                                                      0.028     0.929 r  clk_IBUF_BUFG_inst/O
    X2Y2 (CLOCK_ROOT)    net (fo=185544, routed)      1.339     2.268    u_system/u_replay/g_array.u_array/clk_IBUF_BUFG
    SLICE_X74Y209        FDCE                                         r  u_system/u_replay/g_array.u_array/drain_row_rep_r_reg[47]_rep__10/C
  -------------------------------------------------------------------    -------------------
    SLICE_X74Y209        FDCE (Prop_AFF_SLICEM_C_Q)
                                                      0.077     2.345 r  u_system/u_replay/g_array.u_array/drain_row_rep_r_reg[47]_rep__10/Q
                         net (fo=96, routed)          2.934     5.279    u_system/u_replay/g_array.u_array/u_array/u_ref/g_row[3].g_col[36].u_pe/g_output_pipe.acc_row_reg[2316]
    SLICE_X49Y348        MUXF8 (Prop_F8MUX_TOP_SLICEM_S_O)
                                                      0.074     5.353 r  u_system/u_replay/g_array.u_array/u_array/u_ref/g_row[3].g_col[36].u_pe/g_output_pipe.acc_row_reg[2348]_i_1/O
                         net (fo=1, routed)           0.040     5.393    u_system/u_replay/g_array.u_array/acc_row_i[2348]
    SLICE_X49Y348        FDCE                                         r  u_system/u_replay/g_array.u_array/g_output_pipe.acc_row_reg[2348]/D
  -------------------------------------------------------------------    -------------------

                         (clock clk rise edge)        3.298     3.298 r  
    AJ20                                              0.000     3.298 r  clk (IN)
                         net (fo=0)                   0.000     3.298    clk_IBUF_inst/I
    AJ20                 INBUF (Prop_INBUF_HPIOB_M_PAD_O)
                                                      0.315     3.613 r  clk_IBUF_inst/INBUF_INST/O
                         net (fo=1, routed)           0.000     3.613    clk_IBUF_inst/OUT
    AJ20                 IBUFCTRL (Prop_IBUFCTRL_HPIOB_M_I_O)
                                                      0.000     3.613 r  clk_IBUF_inst/IBUFCTRL_INST/O
                         net (fo=1, routed)           0.301     3.914    clk_IBUF
    BUFGCE_X1Y71         BUFGCE (Prop_BUFCE_BUFGCE_I_O)
                                                      0.024     3.938 r  clk_IBUF_BUFG_inst/O
    X2Y2 (CLOCK_ROOT)    net (fo=185544, routed)      1.341     5.279    u_system/u_replay/g_array.u_array/clk_IBUF_BUFG
    SLICE_X49Y348        FDCE                                         r  u_system/u_replay/g_array.u_array/g_output_pipe.acc_row_reg[2348]/C
                         clock pessimism              0.305     5.584    
                         clock uncertainty           -0.085     5.499    
    SLICE_X49Y348        FDCE (Setup_GFF_SLICEM_C_D)
                                                      0.025     5.524    u_system/u_replay/g_array.u_array/g_output_pipe.acc_row_reg[2348]
  -------------------------------------------------------------------
                         required time                          5.524    
                         arrival time                          -5.393    
  -------------------------------------------------------------------
                         slack                                  0.131    

Slack (MET) :             0.136ns  (required time - arrival time)
  Source:                 u_system/u_replay/g_array.u_array/drain_row_rep_r_reg[47]_rep__3/C
                            (rising edge-triggered cell FDCE clocked by clk  {rise@0.000ns fall@1.649ns period=3.298ns})
  Destination:            u_system/u_replay/g_array.u_array/g_output_pipe.acc_row_reg[1733]/D
                            (rising edge-triggered cell FDCE clocked by clk  {rise@0.000ns fall@1.649ns period=3.298ns})
  Path Group:             clk
  Path Type:              Setup (Max at Slow Process Corner)
  Requirement:            3.298ns  (clk rise@3.298ns - clk rise@0.000ns)
  Data Path Delay:        3.113ns  (logic 0.151ns (4.851%)  route 2.962ns (95.149%))
  Logic Levels:           1  (MUXF8=1)
  Clock Path Skew:        0.011ns (DCD - SCD + CPR)
    Destination Clock Delay (DCD):    2.059ns = ( 5.357 - 3.298 ) 
    Source Clock Delay      (SCD):    2.353ns
    Clock Pessimism Removal (CPR):    0.305ns
  Clock Uncertainty:      0.085ns  ((TSJ^2 + TIJ^2)^1/2 + DJ) / 2 + PE + UU
    Total System Jitter     (TSJ):    0.071ns
    Total Input Jitter      (TIJ):    0.000ns
    Discrete Jitter          (DJ):    0.000ns
    Phase Error              (PE):    0.000ns
    User Uncertainty         (UU):    0.050ns
  Clock Net Delay (Source):      1.424ns (routing 0.171ns, distribution 1.253ns)
  Clock Net Delay (Destination): 1.419ns (routing 0.155ns, distribution 1.264ns)

    Location             Delay type                Incr(ns)  Path(ns)    Netlist Resource(s)
  -------------------------------------------------------------------    -------------------
                         (clock clk rise edge)        0.000     0.000 r  
    AJ20                                              0.000     0.000 r  clk (IN)
                         net (fo=0)                   0.000     0.000    clk_IBUF_inst/I
    AJ20                 INBUF (Prop_INBUF_HPIOB_M_PAD_O)
                                                      0.565     0.565 r  clk_IBUF_inst/INBUF_INST/O
                         net (fo=1, routed)           0.000     0.565    clk_IBUF_inst/OUT
    AJ20                 IBUFCTRL (Prop_IBUFCTRL_HPIOB_M_I_O)
                                                      0.000     0.565 r  clk_IBUF_inst/IBUFCTRL_INST/O
                         net (fo=1, routed)           0.336     0.901    clk_IBUF
    BUFGCE_X1Y71         BUFGCE (Prop_BUFCE_BUFGCE_I_O)
                                                      0.028     0.929 r  clk_IBUF_BUFG_inst/O
    X2Y2 (CLOCK_ROOT)    net (fo=185544, routed)      1.424     2.353    u_system/u_replay/g_array.u_array/clk_IBUF_BUFG
    SLICE_X93Y225        FDCE                                         r  u_system/u_replay/g_array.u_array/drain_row_rep_r_reg[47]_rep__3/C
  -------------------------------------------------------------------    -------------------
    SLICE_X93Y225        FDCE (Prop_AFF_SLICEM_C_Q)
                                                      0.077     2.430 r  u_system/u_replay/g_array.u_array/drain_row_rep_r_reg[47]_rep__3/Q
                         net (fo=96, routed)          2.923     5.353    u_system/u_replay/g_array.u_array/u_array/u_ref/g_row[3].g_col[27].u_pe/g_output_pipe.acc_row_reg[1765]
    SLICE_X31Y326        MUXF8 (Prop_F8MUX_BOT_SLICEM_S_O)
                                                      0.074     5.427 r  u_system/u_replay/g_array.u_array/u_array/u_ref/g_row[3].g_col[27].u_pe/g_output_pipe.acc_row_reg[1733]_i_1/O
                         net (fo=1, routed)           0.039     5.466    u_system/u_replay/g_array.u_array/acc_row_i[1733]
    SLICE_X31Y326        FDCE                                         r  u_system/u_replay/g_array.u_array/g_output_pipe.acc_row_reg[1733]/D
  -------------------------------------------------------------------    -------------------

                         (clock clk rise edge)        3.298     3.298 r  
    AJ20                                              0.000     3.298 r  clk (IN)
                         net (fo=0)                   0.000     3.298    clk_IBUF_inst/I
    AJ20                 INBUF (Prop_INBUF_HPIOB_M_PAD_O)
                                                      0.315     3.613 r  clk_IBUF_inst/INBUF_INST/O
                         net (fo=1, routed)           0.000     3.613    clk_IBUF_inst/OUT
    AJ20                 IBUFCTRL (Prop_IBUFCTRL_HPIOB_M_I_O)
                                                      0.000     3.613 r  clk_IBUF_inst/IBUFCTRL_INST/O
                         net (fo=1, routed)           0.301     3.914    clk_IBUF
    BUFGCE_X1Y71         BUFGCE (Prop_BUFCE_BUFGCE_I_O)
                                                      0.024     3.938 r  clk_IBUF_BUFG_inst/O
    X2Y2 (CLOCK_ROOT)    net (fo=185544, routed)      1.419     5.357    u_system/u_replay/g_array.u_array/clk_IBUF_BUFG
    SLICE_X31Y326        FDCE                                         r  u_system/u_replay/g_array.u_array/g_output_pipe.acc_row_reg[1733]/C
                         clock pessimism              0.305     5.662    
                         clock uncertainty           -0.085     5.577    
    SLICE_X31Y326        FDCE (Setup_CFF_SLICEM_C_D)
                                                      0.025     5.602    u_system/u_replay/g_array.u_array/g_output_pipe.acc_row_reg[1733]
  -------------------------------------------------------------------
                         required time                          5.602    
                         arrival time                          -5.466    
  -------------------------------------------------------------------
                         slack                                  0.136    

Slack (MET) :             0.138ns  (required time - arrival time)
  Source:                 u_system/u_replay/g_array.u_array/drain_row_rep_r_reg[47]_rep__19/C
                            (rising edge-triggered cell FDCE clocked by clk  {rise@0.000ns fall@1.649ns period=3.298ns})
  Destination:            u_system/u_replay/g_array.u_array/g_output_pipe.acc_row_reg[1013]/D
                            (rising edge-triggered cell FDCE clocked by clk  {rise@0.000ns fall@1.649ns period=3.298ns})
  Path Group:             clk
  Path Type:              Setup (Max at Slow Process Corner)
  Requirement:            3.298ns  (clk rise@3.298ns - clk rise@0.000ns)
  Data Path Delay:        2.818ns  (logic 0.153ns (5.429%)  route 2.665ns (94.571%))
  Logic Levels:           1  (MUXF8=1)
  Clock Path Skew:        -0.282ns (DCD - SCD + CPR)
    Destination Clock Delay (DCD):    1.788ns = ( 5.086 - 3.298 ) 
    Source Clock Delay      (SCD):    2.375ns
    Clock Pessimism Removal (CPR):    0.305ns
  Clock Uncertainty:      0.085ns  ((TSJ^2 + TIJ^2)^1/2 + DJ) / 2 + PE + UU
    Total System Jitter     (TSJ):    0.071ns
    Total Input Jitter      (TIJ):    0.000ns
    Discrete Jitter          (DJ):    0.000ns
    Phase Error              (PE):    0.000ns
    User Uncertainty         (UU):    0.050ns
  Clock Net Delay (Source):      1.446ns (routing 0.171ns, distribution 1.275ns)
  Clock Net Delay (Destination): 1.148ns (routing 0.155ns, distribution 0.993ns)

    Location             Delay type                Incr(ns)  Path(ns)    Netlist Resource(s)
  -------------------------------------------------------------------    -------------------
                         (clock clk rise edge)        0.000     0.000 r  
    AJ20                                              0.000     0.000 r  clk (IN)
                         net (fo=0)                   0.000     0.000    clk_IBUF_inst/I
    AJ20                 INBUF (Prop_INBUF_HPIOB_M_PAD_O)
                                                      0.565     0.565 r  clk_IBUF_inst/INBUF_INST/O
                         net (fo=1, routed)           0.000     0.565    clk_IBUF_inst/OUT
    AJ20                 IBUFCTRL (Prop_IBUFCTRL_HPIOB_M_I_O)
                                                      0.000     0.565 r  clk_IBUF_inst/IBUFCTRL_INST/O
                         net (fo=1, routed)           0.336     0.901    clk_IBUF
    BUFGCE_X1Y71         BUFGCE (Prop_BUFCE_BUFGCE_I_O)
                                                      0.028     0.929 r  clk_IBUF_BUFG_inst/O
    X2Y2 (CLOCK_ROOT)    net (fo=185544, routed)      1.446     2.375    u_system/u_replay/g_array.u_array/clk_IBUF_BUFG
    SLICE_X65Y228        FDCE                                         r  u_system/u_replay/g_array.u_array/drain_row_rep_r_reg[47]_rep__19/C
  -------------------------------------------------------------------    -------------------
    SLICE_X65Y228        FDCE (Prop_FFF_SLICEL_C_Q)
                                                      0.079     2.454 r  u_system/u_replay/g_array.u_array/drain_row_rep_r_reg[47]_rep__19/Q
                         net (fo=96, routed)          2.626     5.080    u_system/u_replay/g_array.u_array/u_array/u_ref/g_row[3].g_col[15].u_pe/g_output_pipe.acc_row_reg[1013]
    SLICE_X73Y83         MUXF8 (Prop_F8MUX_BOT_SLICEM_S_O)
                                                      0.074     5.154 r  u_system/u_replay/g_array.u_array/u_array/u_ref/g_row[3].g_col[15].u_pe/g_output_pipe.acc_row_reg[1013]_i_1/O
                         net (fo=1, routed)           0.039     5.193    u_system/u_replay/g_array.u_array/acc_row_i[1013]
    SLICE_X73Y83         FDCE                                         r  u_system/u_replay/g_array.u_array/g_output_pipe.acc_row_reg[1013]/D
  -------------------------------------------------------------------    -------------------

                         (clock clk rise edge)        3.298     3.298 r  
    AJ20                                              0.000     3.298 r  clk (IN)
                         net (fo=0)                   0.000     3.298    clk_IBUF_inst/I
    AJ20                 INBUF (Prop_INBUF_HPIOB_M_PAD_O)
                                                      0.315     3.613 r  clk_IBUF_inst/INBUF_INST/O
                         net (fo=1, routed)           0.000     3.613    clk_IBUF_inst/OUT
    AJ20                 IBUFCTRL (Prop_IBUFCTRL_HPIOB_M_I_O)
                                                      0.000     3.613 r  clk_IBUF_inst/IBUFCTRL_INST/O
                         net (fo=1, routed)           0.301     3.914    clk_IBUF
    BUFGCE_X1Y71         BUFGCE (Prop_BUFCE_BUFGCE_I_O)
                                                      0.024     3.938 r  clk_IBUF_BUFG_inst/O
    X2Y2 (CLOCK_ROOT)    net (fo=185544, routed)      1.148     5.086    u_system/u_replay/g_array.u_array/clk_IBUF_BUFG
    SLICE_X73Y83         FDCE                                         r  u_system/u_replay/g_array.u_array/g_output_pipe.acc_row_reg[1013]/C
                         clock pessimism              0.305     5.391    
                         clock uncertainty           -0.085     5.306    
    SLICE_X73Y83         FDCE (Setup_CFF_SLICEM_C_D)
                                                      0.025     5.331    u_system/u_replay/g_array.u_array/g_output_pipe.acc_row_reg[1013]
  -------------------------------------------------------------------
                         required time                          5.331    
                         arrival time                          -5.193    
  -------------------------------------------------------------------
                         slack                                  0.138    

Slack (MET) :             0.153ns  (required time - arrival time)
  Source:                 u_system/u_replay/g_array.u_array/drain_row_rep_r_reg[47]_rep__10/C
                            (rising edge-triggered cell FDCE clocked by clk  {rise@0.000ns fall@1.649ns period=3.298ns})
  Destination:            u_system/u_replay/g_array.u_array/g_output_pipe.acc_row_reg[1932]/D
                            (rising edge-triggered cell FDCE clocked by clk  {rise@0.000ns fall@1.649ns period=3.298ns})
  Path Group:             clk
  Path Type:              Setup (Max at Slow Process Corner)
  Requirement:            3.298ns  (clk rise@3.298ns - clk rise@0.000ns)
  Data Path Delay:        3.203ns  (logic 0.146ns (4.558%)  route 3.057ns (95.442%))
  Logic Levels:           1  (MUXF8=1)
  Clock Path Skew:        0.118ns (DCD - SCD + CPR)
    Destination Clock Delay (DCD):    2.081ns = ( 5.379 - 3.298 ) 
    Source Clock Delay      (SCD):    2.268ns
    Clock Pessimism Removal (CPR):    0.305ns
  Clock Uncertainty:      0.085ns  ((TSJ^2 + TIJ^2)^1/2 + DJ) / 2 + PE + UU
    Total System Jitter     (TSJ):    0.071ns
    Total Input Jitter      (TIJ):    0.000ns
    Discrete Jitter          (DJ):    0.000ns
    Phase Error              (PE):    0.000ns
    User Uncertainty         (UU):    0.050ns
  Clock Net Delay (Source):      1.339ns (routing 0.171ns, distribution 1.168ns)
  Clock Net Delay (Destination): 1.441ns (routing 0.155ns, distribution 1.286ns)

    Location             Delay type                Incr(ns)  Path(ns)    Netlist Resource(s)
  -------------------------------------------------------------------    -------------------
                         (clock clk rise edge)        0.000     0.000 r  
    AJ20                                              0.000     0.000 r  clk (IN)
                         net (fo=0)                   0.000     0.000    clk_IBUF_inst/I
    AJ20                 INBUF (Prop_INBUF_HPIOB_M_PAD_O)
                                                      0.565     0.565 r  clk_IBUF_inst/INBUF_INST/O
                         net (fo=1, routed)           0.000     0.565    clk_IBUF_inst/OUT
    AJ20                 IBUFCTRL (Prop_IBUFCTRL_HPIOB_M_I_O)
                                                      0.000     0.565 r  clk_IBUF_inst/IBUFCTRL_INST/O
                         net (fo=1, routed)           0.336     0.901    clk_IBUF
    BUFGCE_X1Y71         BUFGCE (Prop_BUFCE_BUFGCE_I_O)
                                                      0.028     0.929 r  clk_IBUF_BUFG_inst/O
    X2Y2 (CLOCK_ROOT)    net (fo=185544, routed)      1.339     2.268    u_system/u_replay/g_array.u_array/clk_IBUF_BUFG
    SLICE_X74Y209        FDCE                                         r  u_system/u_replay/g_array.u_array/drain_row_rep_r_reg[47]_rep__10/C
  -------------------------------------------------------------------    -------------------
    SLICE_X74Y209        FDCE (Prop_AFF_SLICEM_C_Q)
                                                      0.077     2.345 r  u_system/u_replay/g_array.u_array/drain_row_rep_r_reg[47]_rep__10/Q
                         net (fo=96, routed)          3.023     5.368    u_system/u_replay/g_array.u_array/u_array/u_ref/g_row[3].g_col[30].u_pe/g_output_pipe.acc_row_reg[1964]
    SLICE_X18Y334        MUXF8 (Prop_F8MUX_TOP_SLICEL_S_O)
                                                      0.069     5.437 r  u_system/u_replay/g_array.u_array/u_array/u_ref/g_row[3].g_col[30].u_pe/g_output_pipe.acc_row_reg[1932]_i_1/O
                         net (fo=1, routed)           0.034     5.471    u_system/u_replay/g_array.u_array/acc_row_i[1932]
    SLICE_X18Y334        FDCE                                         r  u_system/u_replay/g_array.u_array/g_output_pipe.acc_row_reg[1932]/D
  -------------------------------------------------------------------    -------------------

                         (clock clk rise edge)        3.298     3.298 r  
    AJ20                                              0.000     3.298 r  clk (IN)
                         net (fo=0)                   0.000     3.298    clk_IBUF_inst/I
    AJ20                 INBUF (Prop_INBUF_HPIOB_M_PAD_O)
                                                      0.315     3.613 r  clk_IBUF_inst/INBUF_INST/O
                         net (fo=1, routed)           0.000     3.613    clk_IBUF_inst/OUT
    AJ20                 IBUFCTRL (Prop_IBUFCTRL_HPIOB_M_I_O)
                                                      0.000     3.613 r  clk_IBUF_inst/IBUFCTRL_INST/O
                         net (fo=1, routed)           0.301     3.914    clk_IBUF
    BUFGCE_X1Y71         BUFGCE (Prop_BUFCE_BUFGCE_I_O)
                                                      0.024     3.938 r  clk_IBUF_BUFG_inst/O
    X2Y2 (CLOCK_ROOT)    net (fo=185544, routed)      1.441     5.379    u_system/u_replay/g_array.u_array/clk_IBUF_BUFG
    SLICE_X18Y334        FDCE                                         r  u_system/u_replay/g_array.u_array/g_output_pipe.acc_row_reg[1932]/C
                         clock pessimism              0.305     5.684    
                         clock uncertainty           -0.085     5.599    
    SLICE_X18Y334        FDCE (Setup_GFF_SLICEL_C_D)
                                                      0.025     5.624    u_system/u_replay/g_array.u_array/g_output_pipe.acc_row_reg[1932]
  -------------------------------------------------------------------
                         required time                          5.624    
                         arrival time                          -5.471    
  -------------------------------------------------------------------
                         slack                                  0.153    

Slack (MET) :             0.154ns  (required time - arrival time)
  Source:                 u_system/u_replay/g_array.u_array/drain_row_rep_r_reg[47]_rep__8/C
                            (rising edge-triggered cell FDCE clocked by clk  {rise@0.000ns fall@1.649ns period=3.298ns})
  Destination:            u_system/u_replay/g_array.u_array/g_output_pipe.acc_row_reg[1962]/D
                            (rising edge-triggered cell FDCE clocked by clk  {rise@0.000ns fall@1.649ns period=3.298ns})
  Path Group:             clk
  Path Type:              Setup (Max at Slow Process Corner)
  Requirement:            3.298ns  (clk rise@3.298ns - clk rise@0.000ns)
  Data Path Delay:        3.229ns  (logic 0.148ns (4.583%)  route 3.081ns (95.417%))
  Logic Levels:           1  (MUXF8=1)
  Clock Path Skew:        0.145ns (DCD - SCD + CPR)
    Destination Clock Delay (DCD):    2.091ns = ( 5.389 - 3.298 ) 
    Source Clock Delay      (SCD):    2.251ns
    Clock Pessimism Removal (CPR):    0.305ns
  Clock Uncertainty:      0.085ns  ((TSJ^2 + TIJ^2)^1/2 + DJ) / 2 + PE + UU
    Total System Jitter     (TSJ):    0.071ns
    Total Input Jitter      (TIJ):    0.000ns
    Discrete Jitter          (DJ):    0.000ns
    Phase Error              (PE):    0.000ns
    User Uncertainty         (UU):    0.050ns
  Clock Net Delay (Source):      1.322ns (routing 0.171ns, distribution 1.151ns)
  Clock Net Delay (Destination): 1.451ns (routing 0.155ns, distribution 1.296ns)

    Location             Delay type                Incr(ns)  Path(ns)    Netlist Resource(s)
  -------------------------------------------------------------------    -------------------
                         (clock clk rise edge)        0.000     0.000 r  
    AJ20                                              0.000     0.000 r  clk (IN)
                         net (fo=0)                   0.000     0.000    clk_IBUF_inst/I
    AJ20                 INBUF (Prop_INBUF_HPIOB_M_PAD_O)
                                                      0.565     0.565 r  clk_IBUF_inst/INBUF_INST/O
                         net (fo=1, routed)           0.000     0.565    clk_IBUF_inst/OUT
    AJ20                 IBUFCTRL (Prop_IBUFCTRL_HPIOB_M_I_O)
                                                      0.000     0.565 r  clk_IBUF_inst/IBUFCTRL_INST/O
                         net (fo=1, routed)           0.336     0.901    clk_IBUF
    BUFGCE_X1Y71         BUFGCE (Prop_BUFCE_BUFGCE_I_O)
                                                      0.028     0.929 r  clk_IBUF_BUFG_inst/O
    X2Y2 (CLOCK_ROOT)    net (fo=185544, routed)      1.322     2.251    u_system/u_replay/g_array.u_array/clk_IBUF_BUFG
    SLICE_X68Y216        FDCE                                         r  u_system/u_replay/g_array.u_array/drain_row_rep_r_reg[47]_rep__8/C
  -------------------------------------------------------------------    -------------------
    SLICE_X68Y216        FDCE (Prop_AFF_SLICEL_C_Q)
                                                      0.079     2.330 r  u_system/u_replay/g_array.u_array/drain_row_rep_r_reg[47]_rep__8/Q
                         net (fo=96, routed)          3.047     5.377    u_system/u_replay/g_array.u_array/u_array/u_ref/g_row[3].g_col[30].u_pe/g_output_pipe.acc_row_reg[1962]
    SLICE_X20Y321        MUXF8 (Prop_F8MUX_BOT_SLICEL_S_O)
                                                      0.069     5.446 r  u_system/u_replay/g_array.u_array/u_array/u_ref/g_row[3].g_col[30].u_pe/g_output_pipe.acc_row_reg[1962]_i_1/O
                         net (fo=1, routed)           0.034     5.480    u_system/u_replay/g_array.u_array/acc_row_i[1962]
    SLICE_X20Y321        FDCE                                         r  u_system/u_replay/g_array.u_array/g_output_pipe.acc_row_reg[1962]/D
  -------------------------------------------------------------------    -------------------

                         (clock clk rise edge)        3.298     3.298 r  
    AJ20                                              0.000     3.298 r  clk (IN)
                         net (fo=0)                   0.000     3.298    clk_IBUF_inst/I
    AJ20                 INBUF (Prop_INBUF_HPIOB_M_PAD_O)
                                                      0.315     3.613 r  clk_IBUF_inst/INBUF_INST/O
                         net (fo=1, routed)           0.000     3.613    clk_IBUF_inst/OUT
    AJ20                 IBUFCTRL (Prop_IBUFCTRL_HPIOB_M_I_O)
                                                      0.000     3.613 r  clk_IBUF_inst/IBUFCTRL_INST/O
                         net (fo=1, routed)           0.301     3.914    clk_IBUF
    BUFGCE_X1Y71         BUFGCE (Prop_BUFCE_BUFGCE_I_O)
                                                      0.024     3.938 r  clk_IBUF_BUFG_inst/O
    X2Y2 (CLOCK_ROOT)    net (fo=185544, routed)      1.451     5.389    u_system/u_replay/g_array.u_array/clk_IBUF_BUFG
    SLICE_X20Y321        FDCE                                         r  u_system/u_replay/g_array.u_array/g_output_pipe.acc_row_reg[1962]/C
                         clock pessimism              0.305     5.694    
                         clock uncertainty           -0.085     5.609    
    SLICE_X20Y321        FDCE (Setup_CFF_SLICEL_C_D)
                                                      0.025     5.634    u_system/u_replay/g_array.u_array/g_output_pipe.acc_row_reg[1962]
  -------------------------------------------------------------------
                         required time                          5.634    
                         arrival time                          -5.480    
  -------------------------------------------------------------------
                         slack                                  0.154    

Slack (MET) :             0.155ns  (required time - arrival time)
  Source:                 u_system/u_replay/g_array.u_array/drain_row_rep_r_reg[47]_rep__8/C
                            (rising edge-triggered cell FDCE clocked by clk  {rise@0.000ns fall@1.649ns period=3.298ns})
  Destination:            u_system/u_replay/g_array.u_array/g_output_pipe.acc_row_reg[2954]/D
                            (rising edge-triggered cell FDCE clocked by clk  {rise@0.000ns fall@1.649ns period=3.298ns})
  Path Group:             clk
  Path Type:              Setup (Max at Slow Process Corner)
  Requirement:            3.298ns  (clk rise@3.298ns - clk rise@0.000ns)
  Data Path Delay:        3.125ns  (logic 0.148ns (4.736%)  route 2.977ns (95.264%))
  Logic Levels:           1  (MUXF8=1)
  Clock Path Skew:        0.042ns (DCD - SCD + CPR)
    Destination Clock Delay (DCD):    1.988ns = ( 5.286 - 3.298 ) 
    Source Clock Delay      (SCD):    2.251ns
    Clock Pessimism Removal (CPR):    0.305ns
  Clock Uncertainty:      0.085ns  ((TSJ^2 + TIJ^2)^1/2 + DJ) / 2 + PE + UU
    Total System Jitter     (TSJ):    0.071ns
    Total Input Jitter      (TIJ):    0.000ns
    Discrete Jitter          (DJ):    0.000ns
    Phase Error              (PE):    0.000ns
    User Uncertainty         (UU):    0.050ns
  Clock Net Delay (Source):      1.322ns (routing 0.171ns, distribution 1.151ns)
  Clock Net Delay (Destination): 1.348ns (routing 0.155ns, distribution 1.193ns)

    Location             Delay type                Incr(ns)  Path(ns)    Netlist Resource(s)
  -------------------------------------------------------------------    -------------------
                         (clock clk rise edge)        0.000     0.000 r  
    AJ20                                              0.000     0.000 r  clk (IN)
                         net (fo=0)                   0.000     0.000    clk_IBUF_inst/I
    AJ20                 INBUF (Prop_INBUF_HPIOB_M_PAD_O)
                                                      0.565     0.565 r  clk_IBUF_inst/INBUF_INST/O
                         net (fo=1, routed)           0.000     0.565    clk_IBUF_inst/OUT
    AJ20                 IBUFCTRL (Prop_IBUFCTRL_HPIOB_M_I_O)
                                                      0.000     0.565 r  clk_IBUF_inst/IBUFCTRL_INST/O
                         net (fo=1, routed)           0.336     0.901    clk_IBUF
    BUFGCE_X1Y71         BUFGCE (Prop_BUFCE_BUFGCE_I_O)
                                                      0.028     0.929 r  clk_IBUF_BUFG_inst/O
    X2Y2 (CLOCK_ROOT)    net (fo=185544, routed)      1.322     2.251    u_system/u_replay/g_array.u_array/clk_IBUF_BUFG
    SLICE_X68Y216        FDCE                                         r  u_system/u_replay/g_array.u_array/drain_row_rep_r_reg[47]_rep__8/C
  -------------------------------------------------------------------    -------------------
    SLICE_X68Y216        FDCE (Prop_AFF_SLICEL_C_Q)
                                                      0.079     2.330 r  u_system/u_replay/g_array.u_array/drain_row_rep_r_reg[47]_rep__8/Q
                         net (fo=96, routed)          2.943     5.273    u_system/u_replay/g_array.u_array/u_array/u_ref/g_row[3].g_col[46].u_pe/g_output_pipe.acc_row_reg[2986]
    SLICE_X110Y343       MUXF8 (Prop_F8MUX_BOT_SLICEL_S_O)
                                                      0.069     5.342 r  u_system/u_replay/g_array.u_array/u_array/u_ref/g_row[3].g_col[46].u_pe/g_output_pipe.acc_row_reg[2954]_i_1/O
                         net (fo=1, routed)           0.034     5.376    u_system/u_replay/g_array.u_array/acc_row_i[2954]
    SLICE_X110Y343       FDCE                                         r  u_system/u_replay/g_array.u_array/g_output_pipe.acc_row_reg[2954]/D
  -------------------------------------------------------------------    -------------------

                         (clock clk rise edge)        3.298     3.298 r  
    AJ20                                              0.000     3.298 r  clk (IN)
                         net (fo=0)                   0.000     3.298    clk_IBUF_inst/I
    AJ20                 INBUF (Prop_INBUF_HPIOB_M_PAD_O)
                                                      0.315     3.613 r  clk_IBUF_inst/INBUF_INST/O
                         net (fo=1, routed)           0.000     3.613    clk_IBUF_inst/OUT
    AJ20                 IBUFCTRL (Prop_IBUFCTRL_HPIOB_M_I_O)
                                                      0.000     3.613 r  clk_IBUF_inst/IBUFCTRL_INST/O
                         net (fo=1, routed)           0.301     3.914    clk_IBUF
    BUFGCE_X1Y71         BUFGCE (Prop_BUFCE_BUFGCE_I_O)
                                                      0.024     3.938 r  clk_IBUF_BUFG_inst/O
    X2Y2 (CLOCK_ROOT)    net (fo=185544, routed)      1.348     5.286    u_system/u_replay/g_array.u_array/clk_IBUF_BUFG
    SLICE_X110Y343       FDCE                                         r  u_system/u_replay/g_array.u_array/g_output_pipe.acc_row_reg[2954]/C
                         clock pessimism              0.305     5.591    
                         clock uncertainty           -0.085     5.506    
    SLICE_X110Y343       FDCE (Setup_CFF_SLICEL_C_D)
                                                      0.025     5.531    u_system/u_replay/g_array.u_array/g_output_pipe.acc_row_reg[2954]
  -------------------------------------------------------------------
                         required time                          5.531    
                         arrival time                          -5.376    
  -------------------------------------------------------------------
                         slack                                  0.155    

Slack (MET) :             0.164ns  (required time - arrival time)
  Source:                 u_system/u_replay/g_array.u_array/drain_row_rep_r_reg[47]_rep__8/C
                            (rising edge-triggered cell FDCE clocked by clk  {rise@0.000ns fall@1.649ns period=3.298ns})
  Destination:            u_system/u_replay/g_array.u_array/g_output_pipe.acc_row_reg[1994]/D
                            (rising edge-triggered cell FDCE clocked by clk  {rise@0.000ns fall@1.649ns period=3.298ns})
  Path Group:             clk
  Path Type:              Setup (Max at Slow Process Corner)
  Requirement:            3.298ns  (clk rise@3.298ns - clk rise@0.000ns)
  Data Path Delay:        3.205ns  (logic 0.148ns (4.618%)  route 3.057ns (95.382%))
  Logic Levels:           1  (MUXF8=1)
  Clock Path Skew:        0.131ns (DCD - SCD + CPR)
    Destination Clock Delay (DCD):    2.077ns = ( 5.375 - 3.298 ) 
    Source Clock Delay      (SCD):    2.251ns
    Clock Pessimism Removal (CPR):    0.305ns
  Clock Uncertainty:      0.085ns  ((TSJ^2 + TIJ^2)^1/2 + DJ) / 2 + PE + UU
    Total System Jitter     (TSJ):    0.071ns
    Total Input Jitter      (TIJ):    0.000ns
    Discrete Jitter          (DJ):    0.000ns
    Phase Error              (PE):    0.000ns
    User Uncertainty         (UU):    0.050ns
  Clock Net Delay (Source):      1.322ns (routing 0.171ns, distribution 1.151ns)
  Clock Net Delay (Destination): 1.437ns (routing 0.155ns, distribution 1.282ns)

    Location             Delay type                Incr(ns)  Path(ns)    Netlist Resource(s)
  -------------------------------------------------------------------    -------------------
                         (clock clk rise edge)        0.000     0.000 r  
    AJ20                                              0.000     0.000 r  clk (IN)
                         net (fo=0)                   0.000     0.000    clk_IBUF_inst/I
    AJ20                 INBUF (Prop_INBUF_HPIOB_M_PAD_O)
                                                      0.565     0.565 r  clk_IBUF_inst/INBUF_INST/O
                         net (fo=1, routed)           0.000     0.565    clk_IBUF_inst/OUT
    AJ20                 IBUFCTRL (Prop_IBUFCTRL_HPIOB_M_I_O)
                                                      0.000     0.565 r  clk_IBUF_inst/IBUFCTRL_INST/O
                         net (fo=1, routed)           0.336     0.901    clk_IBUF
    BUFGCE_X1Y71         BUFGCE (Prop_BUFCE_BUFGCE_I_O)
                                                      0.028     0.929 r  clk_IBUF_BUFG_inst/O
    X2Y2 (CLOCK_ROOT)    net (fo=185544, routed)      1.322     2.251    u_system/u_replay/g_array.u_array/clk_IBUF_BUFG
    SLICE_X68Y216        FDCE                                         r  u_system/u_replay/g_array.u_array/drain_row_rep_r_reg[47]_rep__8/C
  -------------------------------------------------------------------    -------------------
    SLICE_X68Y216        FDCE (Prop_AFF_SLICEL_C_Q)
                                                      0.079     2.330 r  u_system/u_replay/g_array.u_array/drain_row_rep_r_reg[47]_rep__8/Q
                         net (fo=96, routed)          3.023     5.353    u_system/u_replay/g_array.u_array/u_array/u_ref/g_row[3].g_col[31].u_pe/g_output_pipe.acc_row_reg[2026]
    SLICE_X24Y315        MUXF8 (Prop_F8MUX_BOT_SLICEL_S_O)
                                                      0.069     5.422 r  u_system/u_replay/g_array.u_array/u_array/u_ref/g_row[3].g_col[31].u_pe/g_output_pipe.acc_row_reg[1994]_i_1/O
                         net (fo=1, routed)           0.034     5.456    u_system/u_replay/g_array.u_array/acc_row_i[1994]
    SLICE_X24Y315        FDCE                                         r  u_system/u_replay/g_array.u_array/g_output_pipe.acc_row_reg[1994]/D
  -------------------------------------------------------------------    -------------------

                         (clock clk rise edge)        3.298     3.298 r  
    AJ20                                              0.000     3.298 r  clk (IN)
                         net (fo=0)                   0.000     3.298    clk_IBUF_inst/I
    AJ20                 INBUF (Prop_INBUF_HPIOB_M_PAD_O)
                                                      0.315     3.613 r  clk_IBUF_inst/INBUF_INST/O
                         net (fo=1, routed)           0.000     3.613    clk_IBUF_inst/OUT
    AJ20                 IBUFCTRL (Prop_IBUFCTRL_HPIOB_M_I_O)
                                                      0.000     3.613 r  clk_IBUF_inst/IBUFCTRL_INST/O
                         net (fo=1, routed)           0.301     3.914    clk_IBUF
    BUFGCE_X1Y71         BUFGCE (Prop_BUFCE_BUFGCE_I_O)
                                                      0.024     3.938 r  clk_IBUF_BUFG_inst/O
    X2Y2 (CLOCK_ROOT)    net (fo=185544, routed)      1.437     5.375    u_system/u_replay/g_array.u_array/clk_IBUF_BUFG
    SLICE_X24Y315        FDCE                                         r  u_system/u_replay/g_array.u_array/g_output_pipe.acc_row_reg[1994]/C
                         clock pessimism              0.305     5.680    
                         clock uncertainty           -0.085     5.595    
    SLICE_X24Y315        FDCE (Setup_CFF_SLICEL_C_D)
                                                      0.025     5.620    u_system/u_replay/g_array.u_array/g_output_pipe.acc_row_reg[1994]
  -------------------------------------------------------------------
                         required time                          5.620    
                         arrival time                          -5.456    
  -------------------------------------------------------------------
                         slack                                  0.164    

Slack (MET) :             0.165ns  (required time - arrival time)
  Source:                 u_system/u_replay/g_array.u_array/drain_row_rep_r_reg[47]_rep__10/C
                            (rising edge-triggered cell FDCE clocked by clk  {rise@0.000ns fall@1.649ns period=3.298ns})
  Destination:            u_system/u_replay/g_array.u_array/g_output_pipe.acc_row_reg[1548]/D
                            (rising edge-triggered cell FDCE clocked by clk  {rise@0.000ns fall@1.649ns period=3.298ns})
  Path Group:             clk
  Path Type:              Setup (Max at Slow Process Corner)
  Requirement:            3.298ns  (clk rise@3.298ns - clk rise@0.000ns)
  Data Path Delay:        3.160ns  (logic 0.146ns (4.620%)  route 3.014ns (95.380%))
  Logic Levels:           1  (MUXF8=1)
  Clock Path Skew:        0.087ns (DCD - SCD + CPR)
    Destination Clock Delay (DCD):    2.050ns = ( 5.348 - 3.298 ) 
    Source Clock Delay      (SCD):    2.268ns
    Clock Pessimism Removal (CPR):    0.305ns
  Clock Uncertainty:      0.085ns  ((TSJ^2 + TIJ^2)^1/2 + DJ) / 2 + PE + UU
    Total System Jitter     (TSJ):    0.071ns
    Total Input Jitter      (TIJ):    0.000ns
    Discrete Jitter          (DJ):    0.000ns
    Phase Error              (PE):    0.000ns
    User Uncertainty         (UU):    0.050ns
  Clock Net Delay (Source):      1.339ns (routing 0.171ns, distribution 1.168ns)
  Clock Net Delay (Destination): 1.410ns (routing 0.155ns, distribution 1.255ns)

    Location             Delay type                Incr(ns)  Path(ns)    Netlist Resource(s)
  -------------------------------------------------------------------    -------------------
                         (clock clk rise edge)        0.000     0.000 r  
    AJ20                                              0.000     0.000 r  clk (IN)
                         net (fo=0)                   0.000     0.000    clk_IBUF_inst/I
    AJ20                 INBUF (Prop_INBUF_HPIOB_M_PAD_O)
                                                      0.565     0.565 r  clk_IBUF_inst/INBUF_INST/O
                         net (fo=1, routed)           0.000     0.565    clk_IBUF_inst/OUT
    AJ20                 IBUFCTRL (Prop_IBUFCTRL_HPIOB_M_I_O)
                                                      0.000     0.565 r  clk_IBUF_inst/IBUFCTRL_INST/O
                         net (fo=1, routed)           0.336     0.901    clk_IBUF
    BUFGCE_X1Y71         BUFGCE (Prop_BUFCE_BUFGCE_I_O)
                                                      0.028     0.929 r  clk_IBUF_BUFG_inst/O
    X2Y2 (CLOCK_ROOT)    net (fo=185544, routed)      1.339     2.268    u_system/u_replay/g_array.u_array/clk_IBUF_BUFG
    SLICE_X74Y209        FDCE                                         r  u_system/u_replay/g_array.u_array/drain_row_rep_r_reg[47]_rep__10/C
  -------------------------------------------------------------------    -------------------
    SLICE_X74Y209        FDCE (Prop_AFF_SLICEM_C_Q)
                                                      0.077     2.345 r  u_system/u_replay/g_array.u_array/drain_row_rep_r_reg[47]_rep__10/Q
                         net (fo=96, routed)          2.980     5.325    u_system/u_replay/g_array.u_array/u_array/u_ref/g_row[3].g_col[24].u_pe/g_output_pipe.acc_row_reg[1580]
    SLICE_X30Y279        MUXF8 (Prop_F8MUX_BOT_SLICEL_S_O)
                                                      0.069     5.394 r  u_system/u_replay/g_array.u_array/u_array/u_ref/g_row[3].g_col[24].u_pe/g_output_pipe.acc_row_reg[1548]_i_1/O
                         net (fo=1, routed)           0.034     5.428    u_system/u_replay/g_array.u_array/acc_row_i[1548]
    SLICE_X30Y279        FDCE                                         r  u_system/u_replay/g_array.u_array/g_output_pipe.acc_row_reg[1548]/D
  -------------------------------------------------------------------    -------------------

                         (clock clk rise edge)        3.298     3.298 r  
    AJ20                                              0.000     3.298 r  clk (IN)
                         net (fo=0)                   0.000     3.298    clk_IBUF_inst/I
    AJ20                 INBUF (Prop_INBUF_HPIOB_M_PAD_O)
                                                      0.315     3.613 r  clk_IBUF_inst/INBUF_INST/O
                         net (fo=1, routed)           0.000     3.613    clk_IBUF_inst/OUT
    AJ20                 IBUFCTRL (Prop_IBUFCTRL_HPIOB_M_I_O)
                                                      0.000     3.613 r  clk_IBUF_inst/IBUFCTRL_INST/O
                         net (fo=1, routed)           0.301     3.914    clk_IBUF
    BUFGCE_X1Y71         BUFGCE (Prop_BUFCE_BUFGCE_I_O)
                                                      0.024     3.938 r  clk_IBUF_BUFG_inst/O
    X2Y2 (CLOCK_ROOT)    net (fo=185544, routed)      1.410     5.348    u_system/u_replay/g_array.u_array/clk_IBUF_BUFG
    SLICE_X30Y279        FDCE                                         r  u_system/u_replay/g_array.u_array/g_output_pipe.acc_row_reg[1548]/C
                         clock pessimism              0.305     5.653    
                         clock uncertainty           -0.085     5.568    
    SLICE_X30Y279        FDCE (Setup_CFF_SLICEL_C_D)
                                                      0.025     5.593    u_system/u_replay/g_array.u_array/g_output_pipe.acc_row_reg[1548]
  -------------------------------------------------------------------
                         required time                          5.593    
                         arrival time                          -5.428    
  -------------------------------------------------------------------
                         slack                                  0.165    

Slack (MET) :             0.168ns  (required time - arrival time)
  Source:                 u_system/u_replay/g_array.u_array/drain_row_rep_r_reg[47]_rep__8/C
                            (rising edge-triggered cell FDCE clocked by clk  {rise@0.000ns fall@1.649ns period=3.298ns})
  Destination:            u_system/u_replay/g_array.u_array/g_output_pipe.acc_row_reg[2986]/D
                            (rising edge-triggered cell FDCE clocked by clk  {rise@0.000ns fall@1.649ns period=3.298ns})
  Path Group:             clk
  Path Type:              Setup (Max at Slow Process Corner)
  Requirement:            3.298ns  (clk rise@3.298ns - clk rise@0.000ns)
  Data Path Delay:        3.102ns  (logic 0.148ns (4.771%)  route 2.954ns (95.229%))
  Logic Levels:           1  (MUXF8=1)
  Clock Path Skew:        0.032ns (DCD - SCD + CPR)
    Destination Clock Delay (DCD):    1.978ns = ( 5.276 - 3.298 ) 
    Source Clock Delay      (SCD):    2.251ns
    Clock Pessimism Removal (CPR):    0.305ns
  Clock Uncertainty:      0.085ns  ((TSJ^2 + TIJ^2)^1/2 + DJ) / 2 + PE + UU
    Total System Jitter     (TSJ):    0.071ns
    Total Input Jitter      (TIJ):    0.000ns
    Discrete Jitter          (DJ):    0.000ns
    Phase Error              (PE):    0.000ns
    User Uncertainty         (UU):    0.050ns
  Clock Net Delay (Source):      1.322ns (routing 0.171ns, distribution 1.151ns)
  Clock Net Delay (Destination): 1.338ns (routing 0.155ns, distribution 1.183ns)

    Location             Delay type                Incr(ns)  Path(ns)    Netlist Resource(s)
  -------------------------------------------------------------------    -------------------
                         (clock clk rise edge)        0.000     0.000 r  
    AJ20                                              0.000     0.000 r  clk (IN)
                         net (fo=0)                   0.000     0.000    clk_IBUF_inst/I
    AJ20                 INBUF (Prop_INBUF_HPIOB_M_PAD_O)
                                                      0.565     0.565 r  clk_IBUF_inst/INBUF_INST/O
                         net (fo=1, routed)           0.000     0.565    clk_IBUF_inst/OUT
    AJ20                 IBUFCTRL (Prop_IBUFCTRL_HPIOB_M_I_O)
                                                      0.000     0.565 r  clk_IBUF_inst/IBUFCTRL_INST/O
                         net (fo=1, routed)           0.336     0.901    clk_IBUF
    BUFGCE_X1Y71         BUFGCE (Prop_BUFCE_BUFGCE_I_O)
                                                      0.028     0.929 r  clk_IBUF_BUFG_inst/O
    X2Y2 (CLOCK_ROOT)    net (fo=185544, routed)      1.322     2.251    u_system/u_replay/g_array.u_array/clk_IBUF_BUFG
    SLICE_X68Y216        FDCE                                         r  u_system/u_replay/g_array.u_array/drain_row_rep_r_reg[47]_rep__8/C
  -------------------------------------------------------------------    -------------------
    SLICE_X68Y216        FDCE (Prop_AFF_SLICEL_C_Q)
                                                      0.079     2.330 r  u_system/u_replay/g_array.u_array/drain_row_rep_r_reg[47]_rep__8/Q
                         net (fo=96, routed)          2.920     5.250    u_system/u_replay/g_array.u_array/u_array/u_ref/g_row[3].g_col[46].u_pe/g_output_pipe.acc_row_reg[2986]
    SLICE_X103Y346       MUXF8 (Prop_F8MUX_TOP_SLICEL_S_O)
                                                      0.069     5.319 r  u_system/u_replay/g_array.u_array/u_array/u_ref/g_row[3].g_col[46].u_pe/g_output_pipe.acc_row_reg[2986]_i_1/O
                         net (fo=1, routed)           0.034     5.353    u_system/u_replay/g_array.u_array/acc_row_i[2986]
    SLICE_X103Y346       FDCE                                         r  u_system/u_replay/g_array.u_array/g_output_pipe.acc_row_reg[2986]/D
  -------------------------------------------------------------------    -------------------

                         (clock clk rise edge)        3.298     3.298 r  
    AJ20                                              0.000     3.298 r  clk (IN)
                         net (fo=0)                   0.000     3.298    clk_IBUF_inst/I
    AJ20                 INBUF (Prop_INBUF_HPIOB_M_PAD_O)
                                                      0.315     3.613 r  clk_IBUF_inst/INBUF_INST/O
                         net (fo=1, routed)           0.000     3.613    clk_IBUF_inst/OUT
    AJ20                 IBUFCTRL (Prop_IBUFCTRL_HPIOB_M_I_O)
                                                      0.000     3.613 r  clk_IBUF_inst/IBUFCTRL_INST/O
                         net (fo=1, routed)           0.301     3.914    clk_IBUF
    BUFGCE_X1Y71         BUFGCE (Prop_BUFCE_BUFGCE_I_O)
                                                      0.024     3.938 r  clk_IBUF_BUFG_inst/O
    X2Y2 (CLOCK_ROOT)    net (fo=185544, routed)      1.338     5.276    u_system/u_replay/g_array.u_array/clk_IBUF_BUFG
    SLICE_X103Y346       FDCE                                         r  u_system/u_replay/g_array.u_array/g_output_pipe.acc_row_reg[2986]/C
                         clock pessimism              0.305     5.581    
                         clock uncertainty           -0.085     5.496    
    SLICE_X103Y346       FDCE (Setup_GFF_SLICEL_C_D)
                                                      0.025     5.521    u_system/u_replay/g_array.u_array/g_output_pipe.acc_row_reg[2986]
  -------------------------------------------------------------------
                         required time                          5.521    
                         arrival time                          -5.353    
  -------------------------------------------------------------------
                         slack                                  0.168    

Slack (MET) :             0.169ns  (required time - arrival time)
  Source:                 u_system/u_replay/g_array.u_array/u_array/u_ref/g_row[14].g_col[18].u_pe/u_mul/w0_s0_reg[2]/C
                            (rising edge-triggered cell FDRE clocked by clk  {rise@0.000ns fall@1.649ns period=3.298ns})
  Destination:            u_system/u_replay/g_array.u_array/u_array/u_ref/g_row[14].g_col[18].u_pe/u_mul/u_dsp/DSP_M_DATA_INST/U[10]
                            (rising edge-triggered cell DSP_M_DATA clocked by clk  {rise@0.000ns fall@1.649ns period=3.298ns})
  Path Group:             clk
  Path Type:              Setup (Max at Slow Process Corner)
  Requirement:            3.298ns  (clk rise@3.298ns - clk rise@0.000ns)
  Data Path Delay:        2.895ns  (logic 1.506ns (52.021%)  route 1.389ns (47.979%))
  Logic Levels:           4  (DSP_MULTIPLIER=1 DSP_PREADD=1 DSP_PREADD_DATA=2)
  Clock Path Skew:        -0.164ns (DCD - SCD + CPR)
    Destination Clock Delay (DCD):    1.791ns = ( 5.089 - 3.298 ) 
    Source Clock Delay      (SCD):    2.260ns
    Clock Pessimism Removal (CPR):    0.305ns
  Clock Uncertainty:      0.085ns  ((TSJ^2 + TIJ^2)^1/2 + DJ) / 2 + PE + UU
    Total System Jitter     (TSJ):    0.071ns
    Total Input Jitter      (TIJ):    0.000ns
    Discrete Jitter          (DJ):    0.000ns
    Phase Error              (PE):    0.000ns
    User Uncertainty         (UU):    0.050ns
  Clock Net Delay (Source):      1.331ns (routing 0.171ns, distribution 1.160ns)
  Clock Net Delay (Destination): 1.151ns (routing 0.155ns, distribution 0.996ns)

    Location             Delay type                Incr(ns)  Path(ns)    Netlist Resource(s)
  -------------------------------------------------------------------    -------------------
                         (clock clk rise edge)        0.000     0.000 r  
    AJ20                                              0.000     0.000 r  clk (IN)
                         net (fo=0)                   0.000     0.000    clk_IBUF_inst/I
    AJ20                 INBUF (Prop_INBUF_HPIOB_M_PAD_O)
                                                      0.565     0.565 r  clk_IBUF_inst/INBUF_INST/O
                         net (fo=1, routed)           0.000     0.565    clk_IBUF_inst/OUT
    AJ20                 IBUFCTRL (Prop_IBUFCTRL_HPIOB_M_I_O)
                                                      0.000     0.565 r  clk_IBUF_inst/IBUFCTRL_INST/O
                         net (fo=1, routed)           0.336     0.901    clk_IBUF
    BUFGCE_X1Y71         BUFGCE (Prop_BUFCE_BUFGCE_I_O)
                                                      0.028     0.929 r  clk_IBUF_BUFG_inst/O
    X2Y2 (CLOCK_ROOT)    net (fo=185544, routed)      1.331     2.260    u_system/u_replay/g_array.u_array/u_array/u_ref/g_row[14].g_col[18].u_pe/u_mul/clk_IBUF_BUFG
    SLICE_X80Y89         FDRE                                         r  u_system/u_replay/g_array.u_array/u_array/u_ref/g_row[14].g_col[18].u_pe/u_mul/w0_s0_reg[2]/C
  -------------------------------------------------------------------    -------------------
    SLICE_X80Y89         FDRE (Prop_BFF2_SLICEL_C_Q)
                                                      0.080     2.340 f  u_system/u_replay/g_array.u_array/u_array/u_ref/g_row[14].g_col[18].u_pe/u_mul/w0_s0_reg[2]/Q
                         net (fo=1, routed)           1.389     3.729    u_system/u_replay/g_array.u_array/u_array/u_ref/g_row[14].g_col[18].u_pe/u_mul/u_dsp/D[2]
    DSP48E2_X7Y57        DSP_PREADD_DATA (Prop_DSP_PREADD_DATA_DSP48E2_DIN[2]_D_DATA[2])
                                                      0.240     3.969 r  u_system/u_replay/g_array.u_array/u_array/u_ref/g_row[14].g_col[18].u_pe/u_mul/u_dsp/DSP_PREADD_DATA_INST/D_DATA[2]
                         net (fo=1, routed)           0.000     3.969    u_system/u_replay/g_array.u_array/u_array/u_ref/g_row[14].g_col[18].u_pe/u_mul/u_dsp/DSP_PREADD_DATA.D_DATA<2>
    DSP48E2_X7Y57        DSP_PREADD (Prop_DSP_PREADD_DSP48E2_D_DATA[2]_AD[9])
                                                      0.524     4.493 f  u_system/u_replay/g_array.u_array/u_array/u_ref/g_row[14].g_col[18].u_pe/u_mul/u_dsp/DSP_PREADD_INST/AD[9]
                         net (fo=1, routed)           0.000     4.493    u_system/u_replay/g_array.u_array/u_array/u_ref/g_row[14].g_col[18].u_pe/u_mul/u_dsp/DSP_PREADD.AD<9>
    DSP48E2_X7Y57        DSP_PREADD_DATA (Prop_DSP_PREADD_DATA_DSP48E2_AD[9]_AD_DATA[9])
                                                      0.050     4.543 r  u_system/u_replay/g_array.u_array/u_array/u_ref/g_row[14].g_col[18].u_pe/u_mul/u_dsp/DSP_PREADD_DATA_INST/AD_DATA[9]
                         net (fo=1, routed)           0.000     4.543    u_system/u_replay/g_array.u_array/u_array/u_ref/g_row[14].g_col[18].u_pe/u_mul/u_dsp/DSP_PREADD_DATA.AD_DATA<9>
    DSP48E2_X7Y57        DSP_MULTIPLIER (Prop_DSP_MULTIPLIER_DSP48E2_AD_DATA[9]_U[10])
                                                      0.612     5.155 r  u_system/u_replay/g_array.u_array/u_array/u_ref/g_row[14].g_col[18].u_pe/u_mul/u_dsp/DSP_MULTIPLIER_INST/U[10]
                         net (fo=1, routed)           0.000     5.155    u_system/u_replay/g_array.u_array/u_array/u_ref/g_row[14].g_col[18].u_pe/u_mul/u_dsp/DSP_MULTIPLIER.U<10>
    DSP48E2_X7Y57        DSP_M_DATA                                   r  u_system/u_replay/g_array.u_array/u_array/u_ref/g_row[14].g_col[18].u_pe/u_mul/u_dsp/DSP_M_DATA_INST/U[10]
  -------------------------------------------------------------------    -------------------

                         (clock clk rise edge)        3.298     3.298 r  
    AJ20                                              0.000     3.298 r  clk (IN)
                         net (fo=0)                   0.000     3.298    clk_IBUF_inst/I
    AJ20                 INBUF (Prop_INBUF_HPIOB_M_PAD_O)
                                                      0.315     3.613 r  clk_IBUF_inst/INBUF_INST/O
                         net (fo=1, routed)           0.000     3.613    clk_IBUF_inst/OUT
    AJ20                 IBUFCTRL (Prop_IBUFCTRL_HPIOB_M_I_O)
                                                      0.000     3.613 r  clk_IBUF_inst/IBUFCTRL_INST/O
                         net (fo=1, routed)           0.301     3.914    clk_IBUF
    BUFGCE_X1Y71         BUFGCE (Prop_BUFCE_BUFGCE_I_O)
                                                      0.024     3.938 r  clk_IBUF_BUFG_inst/O
    X2Y2 (CLOCK_ROOT)    net (fo=185544, routed)      1.151     5.089    u_system/u_replay/g_array.u_array/u_array/u_ref/g_row[14].g_col[18].u_pe/u_mul/u_dsp/CLK
    DSP48E2_X7Y57        DSP_M_DATA                                   r  u_system/u_replay/g_array.u_array/u_array/u_ref/g_row[14].g_col[18].u_pe/u_mul/u_dsp/DSP_M_DATA_INST/CLK
                         clock pessimism              0.305     5.394    
                         clock uncertainty           -0.085     5.309    
    DSP48E2_X7Y57        DSP_M_DATA (Setup_DSP_M_DATA_DSP48E2_CLK_U[10])
                                                      0.015     5.324    u_system/u_replay/g_array.u_array/u_array/u_ref/g_row[14].g_col[18].u_pe/u_mul/u_dsp/DSP_M_DATA_INST
  -------------------------------------------------------------------
                         required time                          5.324    
                         arrival time                          -5.155    
  -------------------------------------------------------------------
                         slack                                  0.169    

Slack (MET) :             0.169ns  (required time - arrival time)
  Source:                 u_system/u_replay/g_array.u_array/u_array/u_ref/g_row[14].g_col[18].u_pe/u_mul/w0_s0_reg[2]/C
                            (rising edge-triggered cell FDRE clocked by clk  {rise@0.000ns fall@1.649ns period=3.298ns})
  Destination:            u_system/u_replay/g_array.u_array/u_array/u_ref/g_row[14].g_col[18].u_pe/u_mul/u_dsp/DSP_M_DATA_INST/U[11]
                            (rising edge-triggered cell DSP_M_DATA clocked by clk  {rise@0.000ns fall@1.649ns period=3.298ns})
  Path Group:             clk
  Path Type:              Setup (Max at Slow Process Corner)
  Requirement:            3.298ns  (clk rise@3.298ns - clk rise@0.000ns)
  Data Path Delay:        2.895ns  (logic 1.506ns (52.021%)  route 1.389ns (47.979%))
  Logic Levels:           4  (DSP_MULTIPLIER=1 DSP_PREADD=1 DSP_PREADD_DATA=2)
  Clock Path Skew:        -0.164ns (DCD - SCD + CPR)
    Destination Clock Delay (DCD):    1.791ns = ( 5.089 - 3.298 ) 
    Source Clock Delay      (SCD):    2.260ns
    Clock Pessimism Removal (CPR):    0.305ns
  Clock Uncertainty:      0.085ns  ((TSJ^2 + TIJ^2)^1/2 + DJ) / 2 + PE + UU
    Total System Jitter     (TSJ):    0.071ns
    Total Input Jitter      (TIJ):    0.000ns
    Discrete Jitter          (DJ):    0.000ns
    Phase Error              (PE):    0.000ns
    User Uncertainty         (UU):    0.050ns
  Clock Net Delay (Source):      1.331ns (routing 0.171ns, distribution 1.160ns)
  Clock Net Delay (Destination): 1.151ns (routing 0.155ns, distribution 0.996ns)

    Location             Delay type                Incr(ns)  Path(ns)    Netlist Resource(s)
  -------------------------------------------------------------------    -------------------
                         (clock clk rise edge)        0.000     0.000 r  
    AJ20                                              0.000     0.000 r  clk (IN)
                         net (fo=0)                   0.000     0.000    clk_IBUF_inst/I
    AJ20                 INBUF (Prop_INBUF_HPIOB_M_PAD_O)
                                                      0.565     0.565 r  clk_IBUF_inst/INBUF_INST/O
                         net (fo=1, routed)           0.000     0.565    clk_IBUF_inst/OUT
    AJ20                 IBUFCTRL (Prop_IBUFCTRL_HPIOB_M_I_O)
                                                      0.000     0.565 r  clk_IBUF_inst/IBUFCTRL_INST/O
                         net (fo=1, routed)           0.336     0.901    clk_IBUF
    BUFGCE_X1Y71         BUFGCE (Prop_BUFCE_BUFGCE_I_O)
                                                      0.028     0.929 r  clk_IBUF_BUFG_inst/O
    X2Y2 (CLOCK_ROOT)    net (fo=185544, routed)      1.331     2.260    u_system/u_replay/g_array.u_array/u_array/u_ref/g_row[14].g_col[18].u_pe/u_mul/clk_IBUF_BUFG
    SLICE_X80Y89         FDRE                                         r  u_system/u_replay/g_array.u_array/u_array/u_ref/g_row[14].g_col[18].u_pe/u_mul/w0_s0_reg[2]/C
  -------------------------------------------------------------------    -------------------
    SLICE_X80Y89         FDRE (Prop_BFF2_SLICEL_C_Q)
                                                      0.080     2.340 f  u_system/u_replay/g_array.u_array/u_array/u_ref/g_row[14].g_col[18].u_pe/u_mul/w0_s0_reg[2]/Q
                         net (fo=1, routed)           1.389     3.729    u_system/u_replay/g_array.u_array/u_array/u_ref/g_row[14].g_col[18].u_pe/u_mul/u_dsp/D[2]
    DSP48E2_X7Y57        DSP_PREADD_DATA (Prop_DSP_PREADD_DATA_DSP48E2_DIN[2]_D_DATA[2])
                                                      0.240     3.969 r  u_system/u_replay/g_array.u_array/u_array/u_ref/g_row[14].g_col[18].u_pe/u_mul/u_dsp/DSP_PREADD_DATA_INST/D_DATA[2]
                         net (fo=1, routed)           0.000     3.969    u_system/u_replay/g_array.u_array/u_array/u_ref/g_row[14].g_col[18].u_pe/u_mul/u_dsp/DSP_PREADD_DATA.D_DATA<2>
    DSP48E2_X7Y57        DSP_PREADD (Prop_DSP_PREADD_DSP48E2_D_DATA[2]_AD[10])
                                                      0.524     4.493 f  u_system/u_replay/g_array.u_array/u_array/u_ref/g_row[14].g_col[18].u_pe/u_mul/u_dsp/DSP_PREADD_INST/AD[10]
                         net (fo=1, routed)           0.000     4.493    u_system/u_replay/g_array.u_array/u_array/u_ref/g_row[14].g_col[18].u_pe/u_mul/u_dsp/DSP_PREADD.AD<10>
    DSP48E2_X7Y57        DSP_PREADD_DATA (Prop_DSP_PREADD_DATA_DSP48E2_AD[10]_AD_DATA[10])
                                                      0.050     4.543 r  u_system/u_replay/g_array.u_array/u_array/u_ref/g_row[14].g_col[18].u_pe/u_mul/u_dsp/DSP_PREADD_DATA_INST/AD_DATA[10]
                         net (fo=1, routed)           0.000     4.543    u_system/u_replay/g_array.u_array/u_array/u_ref/g_row[14].g_col[18].u_pe/u_mul/u_dsp/DSP_PREADD_DATA.AD_DATA<10>
    DSP48E2_X7Y57        DSP_MULTIPLIER (Prop_DSP_MULTIPLIER_DSP48E2_AD_DATA[10]_U[11])
                                                      0.612     5.155 r  u_system/u_replay/g_array.u_array/u_array/u_ref/g_row[14].g_col[18].u_pe/u_mul/u_dsp/DSP_MULTIPLIER_INST/U[11]
                         net (fo=1, routed)           0.000     5.155    u_system/u_replay/g_array.u_array/u_array/u_ref/g_row[14].g_col[18].u_pe/u_mul/u_dsp/DSP_MULTIPLIER.U<11>
    DSP48E2_X7Y57        DSP_M_DATA                                   r  u_system/u_replay/g_array.u_array/u_array/u_ref/g_row[14].g_col[18].u_pe/u_mul/u_dsp/DSP_M_DATA_INST/U[11]
  -------------------------------------------------------------------    -------------------

                         (clock clk rise edge)        3.298     3.298 r  
    AJ20                                              0.000     3.298 r  clk (IN)
                         net (fo=0)                   0.000     3.298    clk_IBUF_inst/I
    AJ20                 INBUF (Prop_INBUF_HPIOB_M_PAD_O)
                                                      0.315     3.613 r  clk_IBUF_inst/INBUF_INST/O
                         net (fo=1, routed)           0.000     3.613    clk_IBUF_inst/OUT
    AJ20                 IBUFCTRL (Prop_IBUFCTRL_HPIOB_M_I_O)
                                                      0.000     3.613 r  clk_IBUF_inst/IBUFCTRL_INST/O
                         net (fo=1, routed)           0.301     3.914    clk_IBUF
    BUFGCE_X1Y71         BUFGCE (Prop_BUFCE_BUFGCE_I_O)
                                                      0.024     3.938 r  clk_IBUF_BUFG_inst/O
    X2Y2 (CLOCK_ROOT)    net (fo=185544, routed)      1.151     5.089    u_system/u_replay/g_array.u_array/u_array/u_ref/g_row[14].g_col[18].u_pe/u_mul/u_dsp/CLK
    DSP48E2_X7Y57        DSP_M_DATA                                   r  u_system/u_replay/g_array.u_array/u_array/u_ref/g_row[14].g_col[18].u_pe/u_mul/u_dsp/DSP_M_DATA_INST/CLK
                         clock pessimism              0.305     5.394    
                         clock uncertainty           -0.085     5.309    
    DSP48E2_X7Y57        DSP_M_DATA (Setup_DSP_M_DATA_DSP48E2_CLK_U[11])
                                                      0.015     5.324    u_system/u_replay/g_array.u_array/u_array/u_ref/g_row[14].g_col[18].u_pe/u_mul/u_dsp/DSP_M_DATA_INST
  -------------------------------------------------------------------
                         required time                          5.324    
                         arrival time                          -5.155    
  -------------------------------------------------------------------
                         slack                                  0.169    

Slack (MET) :             0.169ns  (required time - arrival time)
  Source:                 u_system/u_replay/g_array.u_array/u_array/u_ref/g_row[14].g_col[18].u_pe/u_mul/w0_s0_reg[2]/C
                            (rising edge-triggered cell FDRE clocked by clk  {rise@0.000ns fall@1.649ns period=3.298ns})
  Destination:            u_system/u_replay/g_array.u_array/u_array/u_ref/g_row[14].g_col[18].u_pe/u_mul/u_dsp/DSP_M_DATA_INST/U[12]
                            (rising edge-triggered cell DSP_M_DATA clocked by clk  {rise@0.000ns fall@1.649ns period=3.298ns})
  Path Group:             clk
  Path Type:              Setup (Max at Slow Process Corner)
  Requirement:            3.298ns  (clk rise@3.298ns - clk rise@0.000ns)
  Data Path Delay:        2.895ns  (logic 1.506ns (52.021%)  route 1.389ns (47.979%))
  Logic Levels:           4  (DSP_MULTIPLIER=1 DSP_PREADD=1 DSP_PREADD_DATA=2)
  Clock Path Skew:        -0.164ns (DCD - SCD + CPR)
    Destination Clock Delay (DCD):    1.791ns = ( 5.089 - 3.298 ) 
    Source Clock Delay      (SCD):    2.260ns
    Clock Pessimism Removal (CPR):    0.305ns
  Clock Uncertainty:      0.085ns  ((TSJ^2 + TIJ^2)^1/2 + DJ) / 2 + PE + UU
    Total System Jitter     (TSJ):    0.071ns
    Total Input Jitter      (TIJ):    0.000ns
    Discrete Jitter          (DJ):    0.000ns
    Phase Error              (PE):    0.000ns
    User Uncertainty         (UU):    0.050ns
  Clock Net Delay (Source):      1.331ns (routing 0.171ns, distribution 1.160ns)
  Clock Net Delay (Destination): 1.151ns (routing 0.155ns, distribution 0.996ns)

    Location             Delay type                Incr(ns)  Path(ns)    Netlist Resource(s)
  -------------------------------------------------------------------    -------------------
                         (clock clk rise edge)        0.000     0.000 r  
    AJ20                                              0.000     0.000 r  clk (IN)
                         net (fo=0)                   0.000     0.000    clk_IBUF_inst/I
    AJ20                 INBUF (Prop_INBUF_HPIOB_M_PAD_O)
                                                      0.565     0.565 r  clk_IBUF_inst/INBUF_INST/O
                         net (fo=1, routed)           0.000     0.565    clk_IBUF_inst/OUT
    AJ20                 IBUFCTRL (Prop_IBUFCTRL_HPIOB_M_I_O)
                                                      0.000     0.565 r  clk_IBUF_inst/IBUFCTRL_INST/O
                         net (fo=1, routed)           0.336     0.901    clk_IBUF
    BUFGCE_X1Y71         BUFGCE (Prop_BUFCE_BUFGCE_I_O)
                                                      0.028     0.929 r  clk_IBUF_BUFG_inst/O
    X2Y2 (CLOCK_ROOT)    net (fo=185544, routed)      1.331     2.260    u_system/u_replay/g_array.u_array/u_array/u_ref/g_row[14].g_col[18].u_pe/u_mul/clk_IBUF_BUFG
    SLICE_X80Y89         FDRE                                         r  u_system/u_replay/g_array.u_array/u_array/u_ref/g_row[14].g_col[18].u_pe/u_mul/w0_s0_reg[2]/C
  -------------------------------------------------------------------    -------------------
    SLICE_X80Y89         FDRE (Prop_BFF2_SLICEL_C_Q)
                                                      0.080     2.340 f  u_system/u_replay/g_array.u_array/u_array/u_ref/g_row[14].g_col[18].u_pe/u_mul/w0_s0_reg[2]/Q
                         net (fo=1, routed)           1.389     3.729    u_system/u_replay/g_array.u_array/u_array/u_ref/g_row[14].g_col[18].u_pe/u_mul/u_dsp/D[2]
    DSP48E2_X7Y57        DSP_PREADD_DATA (Prop_DSP_PREADD_DATA_DSP48E2_DIN[2]_D_DATA[2])
                                                      0.240     3.969 r  u_system/u_replay/g_array.u_array/u_array/u_ref/g_row[14].g_col[18].u_pe/u_mul/u_dsp/DSP_PREADD_DATA_INST/D_DATA[2]
                         net (fo=1, routed)           0.000     3.969    u_system/u_replay/g_array.u_array/u_array/u_ref/g_row[14].g_col[18].u_pe/u_mul/u_dsp/DSP_PREADD_DATA.D_DATA<2>
    DSP48E2_X7Y57        DSP_PREADD (Prop_DSP_PREADD_DSP48E2_D_DATA[2]_AD[11])
                                                      0.524     4.493 f  u_system/u_replay/g_array.u_array/u_array/u_ref/g_row[14].g_col[18].u_pe/u_mul/u_dsp/DSP_PREADD_INST/AD[11]
                         net (fo=1, routed)           0.000     4.493    u_system/u_replay/g_array.u_array/u_array/u_ref/g_row[14].g_col[18].u_pe/u_mul/u_dsp/DSP_PREADD.AD<11>
    DSP48E2_X7Y57        DSP_PREADD_DATA (Prop_DSP_PREADD_DATA_DSP48E2_AD[11]_AD_DATA[11])
                                                      0.050     4.543 r  u_system/u_replay/g_array.u_array/u_array/u_ref/g_row[14].g_col[18].u_pe/u_mul/u_dsp/DSP_PREADD_DATA_INST/AD_DATA[11]
                         net (fo=1, routed)           0.000     4.543    u_system/u_replay/g_array.u_array/u_array/u_ref/g_row[14].g_col[18].u_pe/u_mul/u_dsp/DSP_PREADD_DATA.AD_DATA<11>
    DSP48E2_X7Y57        DSP_MULTIPLIER (Prop_DSP_MULTIPLIER_DSP48E2_AD_DATA[11]_U[12])
                                                      0.612     5.155 r  u_system/u_replay/g_array.u_array/u_array/u_ref/g_row[14].g_col[18].u_pe/u_mul/u_dsp/DSP_MULTIPLIER_INST/U[12]
                         net (fo=1, routed)           0.000     5.155    u_system/u_replay/g_array.u_array/u_array/u_ref/g_row[14].g_col[18].u_pe/u_mul/u_dsp/DSP_MULTIPLIER.U<12>
    DSP48E2_X7Y57        DSP_M_DATA                                   r  u_system/u_replay/g_array.u_array/u_array/u_ref/g_row[14].g_col[18].u_pe/u_mul/u_dsp/DSP_M_DATA_INST/U[12]
  -------------------------------------------------------------------    -------------------

                         (clock clk rise edge)        3.298     3.298 r  
    AJ20                                              0.000     3.298 r  clk (IN)
                         net (fo=0)                   0.000     3.298    clk_IBUF_inst/I
    AJ20                 INBUF (Prop_INBUF_HPIOB_M_PAD_O)
                                                      0.315     3.613 r  clk_IBUF_inst/INBUF_INST/O
                         net (fo=1, routed)           0.000     3.613    clk_IBUF_inst/OUT
    AJ20                 IBUFCTRL (Prop_IBUFCTRL_HPIOB_M_I_O)
                                                      0.000     3.613 r  clk_IBUF_inst/IBUFCTRL_INST/O
                         net (fo=1, routed)           0.301     3.914    clk_IBUF
    BUFGCE_X1Y71         BUFGCE (Prop_BUFCE_BUFGCE_I_O)
                                                      0.024     3.938 r  clk_IBUF_BUFG_inst/O
    X2Y2 (CLOCK_ROOT)    net (fo=185544, routed)      1.151     5.089    u_system/u_replay/g_array.u_array/u_array/u_ref/g_row[14].g_col[18].u_pe/u_mul/u_dsp/CLK
    DSP48E2_X7Y57        DSP_M_DATA                                   r  u_system/u_replay/g_array.u_array/u_array/u_ref/g_row[14].g_col[18].u_pe/u_mul/u_dsp/DSP_M_DATA_INST/CLK
                         clock pessimism              0.305     5.394    
                         clock uncertainty           -0.085     5.309    
    DSP48E2_X7Y57        DSP_M_DATA (Setup_DSP_M_DATA_DSP48E2_CLK_U[12])
                                                      0.015     5.324    u_system/u_replay/g_array.u_array/u_array/u_ref/g_row[14].g_col[18].u_pe/u_mul/u_dsp/DSP_M_DATA_INST
  -------------------------------------------------------------------
                         required time                          5.324    
                         arrival time                          -5.155    
  -------------------------------------------------------------------
                         slack                                  0.169    

Slack (MET) :             0.169ns  (required time - arrival time)
  Source:                 u_system/u_replay/g_array.u_array/u_array/u_ref/g_row[14].g_col[18].u_pe/u_mul/w0_s0_reg[2]/C
                            (rising edge-triggered cell FDRE clocked by clk  {rise@0.000ns fall@1.649ns period=3.298ns})
  Destination:            u_system/u_replay/g_array.u_array/u_array/u_ref/g_row[14].g_col[18].u_pe/u_mul/u_dsp/DSP_M_DATA_INST/U[13]
                            (rising edge-triggered cell DSP_M_DATA clocked by clk  {rise@0.000ns fall@1.649ns period=3.298ns})
  Path Group:             clk
  Path Type:              Setup (Max at Slow Process Corner)
  Requirement:            3.298ns  (clk rise@3.298ns - clk rise@0.000ns)
  Data Path Delay:        2.895ns  (logic 1.506ns (52.021%)  route 1.389ns (47.979%))
  Logic Levels:           4  (DSP_MULTIPLIER=1 DSP_PREADD=1 DSP_PREADD_DATA=2)
  Clock Path Skew:        -0.164ns (DCD - SCD + CPR)
    Destination Clock Delay (DCD):    1.791ns = ( 5.089 - 3.298 ) 
    Source Clock Delay      (SCD):    2.260ns
    Clock Pessimism Removal (CPR):    0.305ns
  Clock Uncertainty:      0.085ns  ((TSJ^2 + TIJ^2)^1/2 + DJ) / 2 + PE + UU
    Total System Jitter     (TSJ):    0.071ns
    Total Input Jitter      (TIJ):    0.000ns
    Discrete Jitter          (DJ):    0.000ns
    Phase Error              (PE):    0.000ns
    User Uncertainty         (UU):    0.050ns
  Clock Net Delay (Source):      1.331ns (routing 0.171ns, distribution 1.160ns)
  Clock Net Delay (Destination): 1.151ns (routing 0.155ns, distribution 0.996ns)

    Location             Delay type                Incr(ns)  Path(ns)    Netlist Resource(s)
  -------------------------------------------------------------------    -------------------
                         (clock clk rise edge)        0.000     0.000 r  
    AJ20                                              0.000     0.000 r  clk (IN)
                         net (fo=0)                   0.000     0.000    clk_IBUF_inst/I
    AJ20                 INBUF (Prop_INBUF_HPIOB_M_PAD_O)
                                                      0.565     0.565 r  clk_IBUF_inst/INBUF_INST/O
                         net (fo=1, routed)           0.000     0.565    clk_IBUF_inst/OUT
    AJ20                 IBUFCTRL (Prop_IBUFCTRL_HPIOB_M_I_O)
                                                      0.000     0.565 r  clk_IBUF_inst/IBUFCTRL_INST/O
                         net (fo=1, routed)           0.336     0.901    clk_IBUF
    BUFGCE_X1Y71         BUFGCE (Prop_BUFCE_BUFGCE_I_O)
                                                      0.028     0.929 r  clk_IBUF_BUFG_inst/O
    X2Y2 (CLOCK_ROOT)    net (fo=185544, routed)      1.331     2.260    u_system/u_replay/g_array.u_array/u_array/u_ref/g_row[14].g_col[18].u_pe/u_mul/clk_IBUF_BUFG
    SLICE_X80Y89         FDRE                                         r  u_system/u_replay/g_array.u_array/u_array/u_ref/g_row[14].g_col[18].u_pe/u_mul/w0_s0_reg[2]/C
  -------------------------------------------------------------------    -------------------
    SLICE_X80Y89         FDRE (Prop_BFF2_SLICEL_C_Q)
                                                      0.080     2.340 f  u_system/u_replay/g_array.u_array/u_array/u_ref/g_row[14].g_col[18].u_pe/u_mul/w0_s0_reg[2]/Q
                         net (fo=1, routed)           1.389     3.729    u_system/u_replay/g_array.u_array/u_array/u_ref/g_row[14].g_col[18].u_pe/u_mul/u_dsp/D[2]
    DSP48E2_X7Y57        DSP_PREADD_DATA (Prop_DSP_PREADD_DATA_DSP48E2_DIN[2]_D_DATA[2])
                                                      0.240     3.969 r  u_system/u_replay/g_array.u_array/u_array/u_ref/g_row[14].g_col[18].u_pe/u_mul/u_dsp/DSP_PREADD_DATA_INST/D_DATA[2]
                         net (fo=1, routed)           0.000     3.969    u_system/u_replay/g_array.u_array/u_array/u_ref/g_row[14].g_col[18].u_pe/u_mul/u_dsp/DSP_PREADD_DATA.D_DATA<2>
    DSP48E2_X7Y57        DSP_PREADD (Prop_DSP_PREADD_DSP48E2_D_DATA[2]_AD[12])
                                                      0.524     4.493 f  u_system/u_replay/g_array.u_array/u_array/u_ref/g_row[14].g_col[18].u_pe/u_mul/u_dsp/DSP_PREADD_INST/AD[12]
                         net (fo=1, routed)           0.000     4.493    u_system/u_replay/g_array.u_array/u_array/u_ref/g_row[14].g_col[18].u_pe/u_mul/u_dsp/DSP_PREADD.AD<12>
    DSP48E2_X7Y57        DSP_PREADD_DATA (Prop_DSP_PREADD_DATA_DSP48E2_AD[12]_AD_DATA[12])
                                                      0.050     4.543 r  u_system/u_replay/g_array.u_array/u_array/u_ref/g_row[14].g_col[18].u_pe/u_mul/u_dsp/DSP_PREADD_DATA_INST/AD_DATA[12]
                         net (fo=1, routed)           0.000     4.543    u_system/u_replay/g_array.u_array/u_array/u_ref/g_row[14].g_col[18].u_pe/u_mul/u_dsp/DSP_PREADD_DATA.AD_DATA<12>
    DSP48E2_X7Y57        DSP_MULTIPLIER (Prop_DSP_MULTIPLIER_DSP48E2_AD_DATA[12]_U[13])
                                                      0.612     5.155 r  u_system/u_replay/g_array.u_array/u_array/u_ref/g_row[14].g_col[18].u_pe/u_mul/u_dsp/DSP_MULTIPLIER_INST/U[13]
                         net (fo=1, routed)           0.000     5.155    u_system/u_replay/g_array.u_array/u_array/u_ref/g_row[14].g_col[18].u_pe/u_mul/u_dsp/DSP_MULTIPLIER.U<13>
    DSP48E2_X7Y57        DSP_M_DATA                                   r  u_system/u_replay/g_array.u_array/u_array/u_ref/g_row[14].g_col[18].u_pe/u_mul/u_dsp/DSP_M_DATA_INST/U[13]
  -------------------------------------------------------------------    -------------------

                         (clock clk rise edge)        3.298     3.298 r  
    AJ20                                              0.000     3.298 r  clk (IN)
                         net (fo=0)                   0.000     3.298    clk_IBUF_inst/I
    AJ20                 INBUF (Prop_INBUF_HPIOB_M_PAD_O)
                                                      0.315     3.613 r  clk_IBUF_inst/INBUF_INST/O
                         net (fo=1, routed)           0.000     3.613    clk_IBUF_inst/OUT
    AJ20                 IBUFCTRL (Prop_IBUFCTRL_HPIOB_M_I_O)
                                                      0.000     3.613 r  clk_IBUF_inst/IBUFCTRL_INST/O
                         net (fo=1, routed)           0.301     3.914    clk_IBUF
    BUFGCE_X1Y71         BUFGCE (Prop_BUFCE_BUFGCE_I_O)
                                                      0.024     3.938 r  clk_IBUF_BUFG_inst/O
    X2Y2 (CLOCK_ROOT)    net (fo=185544, routed)      1.151     5.089    u_system/u_replay/g_array.u_array/u_array/u_ref/g_row[14].g_col[18].u_pe/u_mul/u_dsp/CLK
    DSP48E2_X7Y57        DSP_M_DATA                                   r  u_system/u_replay/g_array.u_array/u_array/u_ref/g_row[14].g_col[18].u_pe/u_mul/u_dsp/DSP_M_DATA_INST/CLK
                         clock pessimism              0.305     5.394    
                         clock uncertainty           -0.085     5.309    
    DSP48E2_X7Y57        DSP_M_DATA (Setup_DSP_M_DATA_DSP48E2_CLK_U[13])
                                                      0.015     5.324    u_system/u_replay/g_array.u_array/u_array/u_ref/g_row[14].g_col[18].u_pe/u_mul/u_dsp/DSP_M_DATA_INST
  -------------------------------------------------------------------
                         required time                          5.324    
                         arrival time                          -5.155    
  -------------------------------------------------------------------
                         slack                                  0.169    

Slack (MET) :             0.169ns  (required time - arrival time)
  Source:                 u_system/u_replay/g_array.u_array/u_array/u_ref/g_row[14].g_col[18].u_pe/u_mul/w0_s0_reg[2]/C
                            (rising edge-triggered cell FDRE clocked by clk  {rise@0.000ns fall@1.649ns period=3.298ns})
  Destination:            u_system/u_replay/g_array.u_array/u_array/u_ref/g_row[14].g_col[18].u_pe/u_mul/u_dsp/DSP_M_DATA_INST/U[14]
                            (rising edge-triggered cell DSP_M_DATA clocked by clk  {rise@0.000ns fall@1.649ns period=3.298ns})
  Path Group:             clk
  Path Type:              Setup (Max at Slow Process Corner)
  Requirement:            3.298ns  (clk rise@3.298ns - clk rise@0.000ns)
  Data Path Delay:        2.895ns  (logic 1.506ns (52.021%)  route 1.389ns (47.979%))
  Logic Levels:           4  (DSP_MULTIPLIER=1 DSP_PREADD=1 DSP_PREADD_DATA=2)
  Clock Path Skew:        -0.164ns (DCD - SCD + CPR)
    Destination Clock Delay (DCD):    1.791ns = ( 5.089 - 3.298 ) 
    Source Clock Delay      (SCD):    2.260ns
    Clock Pessimism Removal (CPR):    0.305ns
  Clock Uncertainty:      0.085ns  ((TSJ^2 + TIJ^2)^1/2 + DJ) / 2 + PE + UU
    Total System Jitter     (TSJ):    0.071ns
    Total Input Jitter      (TIJ):    0.000ns
    Discrete Jitter          (DJ):    0.000ns
    Phase Error              (PE):    0.000ns
    User Uncertainty         (UU):    0.050ns
  Clock Net Delay (Source):      1.331ns (routing 0.171ns, distribution 1.160ns)
  Clock Net Delay (Destination): 1.151ns (routing 0.155ns, distribution 0.996ns)

    Location             Delay type                Incr(ns)  Path(ns)    Netlist Resource(s)
  -------------------------------------------------------------------    -------------------
                         (clock clk rise edge)        0.000     0.000 r  
    AJ20                                              0.000     0.000 r  clk (IN)
                         net (fo=0)                   0.000     0.000    clk_IBUF_inst/I
    AJ20                 INBUF (Prop_INBUF_HPIOB_M_PAD_O)
                                                      0.565     0.565 r  clk_IBUF_inst/INBUF_INST/O
                         net (fo=1, routed)           0.000     0.565    clk_IBUF_inst/OUT
    AJ20                 IBUFCTRL (Prop_IBUFCTRL_HPIOB_M_I_O)
                                                      0.000     0.565 r  clk_IBUF_inst/IBUFCTRL_INST/O
                         net (fo=1, routed)           0.336     0.901    clk_IBUF
    BUFGCE_X1Y71         BUFGCE (Prop_BUFCE_BUFGCE_I_O)
                                                      0.028     0.929 r  clk_IBUF_BUFG_inst/O
    X2Y2 (CLOCK_ROOT)    net (fo=185544, routed)      1.331     2.260    u_system/u_replay/g_array.u_array/u_array/u_ref/g_row[14].g_col[18].u_pe/u_mul/clk_IBUF_BUFG
    SLICE_X80Y89         FDRE                                         r  u_system/u_replay/g_array.u_array/u_array/u_ref/g_row[14].g_col[18].u_pe/u_mul/w0_s0_reg[2]/C
  -------------------------------------------------------------------    -------------------
    SLICE_X80Y89         FDRE (Prop_BFF2_SLICEL_C_Q)
                                                      0.080     2.340 f  u_system/u_replay/g_array.u_array/u_array/u_ref/g_row[14].g_col[18].u_pe/u_mul/w0_s0_reg[2]/Q
                         net (fo=1, routed)           1.389     3.729    u_system/u_replay/g_array.u_array/u_array/u_ref/g_row[14].g_col[18].u_pe/u_mul/u_dsp/D[2]
    DSP48E2_X7Y57        DSP_PREADD_DATA (Prop_DSP_PREADD_DATA_DSP48E2_DIN[2]_D_DATA[2])
                                                      0.240     3.969 r  u_system/u_replay/g_array.u_array/u_array/u_ref/g_row[14].g_col[18].u_pe/u_mul/u_dsp/DSP_PREADD_DATA_INST/D_DATA[2]
                         net (fo=1, routed)           0.000     3.969    u_system/u_replay/g_array.u_array/u_array/u_ref/g_row[14].g_col[18].u_pe/u_mul/u_dsp/DSP_PREADD_DATA.D_DATA<2>
    DSP48E2_X7Y57        DSP_PREADD (Prop_DSP_PREADD_DSP48E2_D_DATA[2]_AD[13])
                                                      0.524     4.493 f  u_system/u_replay/g_array.u_array/u_array/u_ref/g_row[14].g_col[18].u_pe/u_mul/u_dsp/DSP_PREADD_INST/AD[13]
                         net (fo=1, routed)           0.000     4.493    u_system/u_replay/g_array.u_array/u_array/u_ref/g_row[14].g_col[18].u_pe/u_mul/u_dsp/DSP_PREADD.AD<13>
    DSP48E2_X7Y57        DSP_PREADD_DATA (Prop_DSP_PREADD_DATA_DSP48E2_AD[13]_AD_DATA[13])
                                                      0.050     4.543 r  u_system/u_replay/g_array.u_array/u_array/u_ref/g_row[14].g_col[18].u_pe/u_mul/u_dsp/DSP_PREADD_DATA_INST/AD_DATA[13]
                         net (fo=1, routed)           0.000     4.543    u_system/u_replay/g_array.u_array/u_array/u_ref/g_row[14].g_col[18].u_pe/u_mul/u_dsp/DSP_PREADD_DATA.AD_DATA<13>
    DSP48E2_X7Y57        DSP_MULTIPLIER (Prop_DSP_MULTIPLIER_DSP48E2_AD_DATA[13]_U[14])
                                                      0.612     5.155 r  u_system/u_replay/g_array.u_array/u_array/u_ref/g_row[14].g_col[18].u_pe/u_mul/u_dsp/DSP_MULTIPLIER_INST/U[14]
                         net (fo=1, routed)           0.000     5.155    u_system/u_replay/g_array.u_array/u_array/u_ref/g_row[14].g_col[18].u_pe/u_mul/u_dsp/DSP_MULTIPLIER.U<14>
    DSP48E2_X7Y57        DSP_M_DATA                                   r  u_system/u_replay/g_array.u_array/u_array/u_ref/g_row[14].g_col[18].u_pe/u_mul/u_dsp/DSP_M_DATA_INST/U[14]
  -------------------------------------------------------------------    -------------------

                         (clock clk rise edge)        3.298     3.298 r  
    AJ20                                              0.000     3.298 r  clk (IN)
                         net (fo=0)                   0.000     3.298    clk_IBUF_inst/I
    AJ20                 INBUF (Prop_INBUF_HPIOB_M_PAD_O)
                                                      0.315     3.613 r  clk_IBUF_inst/INBUF_INST/O
                         net (fo=1, routed)           0.000     3.613    clk_IBUF_inst/OUT
    AJ20                 IBUFCTRL (Prop_IBUFCTRL_HPIOB_M_I_O)
                                                      0.000     3.613 r  clk_IBUF_inst/IBUFCTRL_INST/O
                         net (fo=1, routed)           0.301     3.914    clk_IBUF
    BUFGCE_X1Y71         BUFGCE (Prop_BUFCE_BUFGCE_I_O)
                                                      0.024     3.938 r  clk_IBUF_BUFG_inst/O
    X2Y2 (CLOCK_ROOT)    net (fo=185544, routed)      1.151     5.089    u_system/u_replay/g_array.u_array/u_array/u_ref/g_row[14].g_col[18].u_pe/u_mul/u_dsp/CLK
    DSP48E2_X7Y57        DSP_M_DATA                                   r  u_system/u_replay/g_array.u_array/u_array/u_ref/g_row[14].g_col[18].u_pe/u_mul/u_dsp/DSP_M_DATA_INST/CLK
                         clock pessimism              0.305     5.394    
                         clock uncertainty           -0.085     5.309    
    DSP48E2_X7Y57        DSP_M_DATA (Setup_DSP_M_DATA_DSP48E2_CLK_U[14])
                                                      0.015     5.324    u_system/u_replay/g_array.u_array/u_array/u_ref/g_row[14].g_col[18].u_pe/u_mul/u_dsp/DSP_M_DATA_INST
  -------------------------------------------------------------------
                         required time                          5.324    
                         arrival time                          -5.155    
  -------------------------------------------------------------------
                         slack                                  0.169    

Slack (MET) :             0.169ns  (required time - arrival time)
  Source:                 u_system/u_replay/g_array.u_array/u_array/u_ref/g_row[14].g_col[18].u_pe/u_mul/w0_s0_reg[2]/C
                            (rising edge-triggered cell FDRE clocked by clk  {rise@0.000ns fall@1.649ns period=3.298ns})
  Destination:            u_system/u_replay/g_array.u_array/u_array/u_ref/g_row[14].g_col[18].u_pe/u_mul/u_dsp/DSP_M_DATA_INST/U[15]
                            (rising edge-triggered cell DSP_M_DATA clocked by clk  {rise@0.000ns fall@1.649ns period=3.298ns})
  Path Group:             clk
  Path Type:              Setup (Max at Slow Process Corner)
  Requirement:            3.298ns  (clk rise@3.298ns - clk rise@0.000ns)
  Data Path Delay:        2.895ns  (logic 1.506ns (52.021%)  route 1.389ns (47.979%))
  Logic Levels:           4  (DSP_MULTIPLIER=1 DSP_PREADD=1 DSP_PREADD_DATA=2)
  Clock Path Skew:        -0.164ns (DCD - SCD + CPR)
    Destination Clock Delay (DCD):    1.791ns = ( 5.089 - 3.298 ) 
    Source Clock Delay      (SCD):    2.260ns
    Clock Pessimism Removal (CPR):    0.305ns
  Clock Uncertainty:      0.085ns  ((TSJ^2 + TIJ^2)^1/2 + DJ) / 2 + PE + UU
    Total System Jitter     (TSJ):    0.071ns
    Total Input Jitter      (TIJ):    0.000ns
    Discrete Jitter          (DJ):    0.000ns
    Phase Error              (PE):    0.000ns
    User Uncertainty         (UU):    0.050ns
  Clock Net Delay (Source):      1.331ns (routing 0.171ns, distribution 1.160ns)
  Clock Net Delay (Destination): 1.151ns (routing 0.155ns, distribution 0.996ns)

    Location             Delay type                Incr(ns)  Path(ns)    Netlist Resource(s)
  -------------------------------------------------------------------    -------------------
                         (clock clk rise edge)        0.000     0.000 r  
    AJ20                                              0.000     0.000 r  clk (IN)
                         net (fo=0)                   0.000     0.000    clk_IBUF_inst/I
    AJ20                 INBUF (Prop_INBUF_HPIOB_M_PAD_O)
                                                      0.565     0.565 r  clk_IBUF_inst/INBUF_INST/O
                         net (fo=1, routed)           0.000     0.565    clk_IBUF_inst/OUT
    AJ20                 IBUFCTRL (Prop_IBUFCTRL_HPIOB_M_I_O)
                                                      0.000     0.565 r  clk_IBUF_inst/IBUFCTRL_INST/O
                         net (fo=1, routed)           0.336     0.901    clk_IBUF
    BUFGCE_X1Y71         BUFGCE (Prop_BUFCE_BUFGCE_I_O)
                                                      0.028     0.929 r  clk_IBUF_BUFG_inst/O
    X2Y2 (CLOCK_ROOT)    net (fo=185544, routed)      1.331     2.260    u_system/u_replay/g_array.u_array/u_array/u_ref/g_row[14].g_col[18].u_pe/u_mul/clk_IBUF_BUFG
    SLICE_X80Y89         FDRE                                         r  u_system/u_replay/g_array.u_array/u_array/u_ref/g_row[14].g_col[18].u_pe/u_mul/w0_s0_reg[2]/C
  -------------------------------------------------------------------    -------------------
    SLICE_X80Y89         FDRE (Prop_BFF2_SLICEL_C_Q)
                                                      0.080     2.340 f  u_system/u_replay/g_array.u_array/u_array/u_ref/g_row[14].g_col[18].u_pe/u_mul/w0_s0_reg[2]/Q
                         net (fo=1, routed)           1.389     3.729    u_system/u_replay/g_array.u_array/u_array/u_ref/g_row[14].g_col[18].u_pe/u_mul/u_dsp/D[2]
    DSP48E2_X7Y57        DSP_PREADD_DATA (Prop_DSP_PREADD_DATA_DSP48E2_DIN[2]_D_DATA[2])
                                                      0.240     3.969 r  u_system/u_replay/g_array.u_array/u_array/u_ref/g_row[14].g_col[18].u_pe/u_mul/u_dsp/DSP_PREADD_DATA_INST/D_DATA[2]
                         net (fo=1, routed)           0.000     3.969    u_system/u_replay/g_array.u_array/u_array/u_ref/g_row[14].g_col[18].u_pe/u_mul/u_dsp/DSP_PREADD_DATA.D_DATA<2>
    DSP48E2_X7Y57        DSP_PREADD (Prop_DSP_PREADD_DSP48E2_D_DATA[2]_AD[14])
                                                      0.524     4.493 f  u_system/u_replay/g_array.u_array/u_array/u_ref/g_row[14].g_col[18].u_pe/u_mul/u_dsp/DSP_PREADD_INST/AD[14]
                         net (fo=1, routed)           0.000     4.493    u_system/u_replay/g_array.u_array/u_array/u_ref/g_row[14].g_col[18].u_pe/u_mul/u_dsp/DSP_PREADD.AD<14>
    DSP48E2_X7Y57        DSP_PREADD_DATA (Prop_DSP_PREADD_DATA_DSP48E2_AD[14]_AD_DATA[14])
                                                      0.050     4.543 r  u_system/u_replay/g_array.u_array/u_array/u_ref/g_row[14].g_col[18].u_pe/u_mul/u_dsp/DSP_PREADD_DATA_INST/AD_DATA[14]
                         net (fo=1, routed)           0.000     4.543    u_system/u_replay/g_array.u_array/u_array/u_ref/g_row[14].g_col[18].u_pe/u_mul/u_dsp/DSP_PREADD_DATA.AD_DATA<14>
    DSP48E2_X7Y57        DSP_MULTIPLIER (Prop_DSP_MULTIPLIER_DSP48E2_AD_DATA[14]_U[15])
                                                      0.612     5.155 r  u_system/u_replay/g_array.u_array/u_array/u_ref/g_row[14].g_col[18].u_pe/u_mul/u_dsp/DSP_MULTIPLIER_INST/U[15]
                         net (fo=1, routed)           0.000     5.155    u_system/u_replay/g_array.u_array/u_array/u_ref/g_row[14].g_col[18].u_pe/u_mul/u_dsp/DSP_MULTIPLIER.U<15>
    DSP48E2_X7Y57        DSP_M_DATA                                   r  u_system/u_replay/g_array.u_array/u_array/u_ref/g_row[14].g_col[18].u_pe/u_mul/u_dsp/DSP_M_DATA_INST/U[15]
  -------------------------------------------------------------------    -------------------

                         (clock clk rise edge)        3.298     3.298 r  
    AJ20                                              0.000     3.298 r  clk (IN)
                         net (fo=0)                   0.000     3.298    clk_IBUF_inst/I
    AJ20                 INBUF (Prop_INBUF_HPIOB_M_PAD_O)
                                                      0.315     3.613 r  clk_IBUF_inst/INBUF_INST/O
                         net (fo=1, routed)           0.000     3.613    clk_IBUF_inst/OUT
    AJ20                 IBUFCTRL (Prop_IBUFCTRL_HPIOB_M_I_O)
                                                      0.000     3.613 r  clk_IBUF_inst/IBUFCTRL_INST/O
                         net (fo=1, routed)           0.301     3.914    clk_IBUF
    BUFGCE_X1Y71         BUFGCE (Prop_BUFCE_BUFGCE_I_O)
                                                      0.024     3.938 r  clk_IBUF_BUFG_inst/O
    X2Y2 (CLOCK_ROOT)    net (fo=185544, routed)      1.151     5.089    u_system/u_replay/g_array.u_array/u_array/u_ref/g_row[14].g_col[18].u_pe/u_mul/u_dsp/CLK
    DSP48E2_X7Y57        DSP_M_DATA                                   r  u_system/u_replay/g_array.u_array/u_array/u_ref/g_row[14].g_col[18].u_pe/u_mul/u_dsp/DSP_M_DATA_INST/CLK
                         clock pessimism              0.305     5.394    
                         clock uncertainty           -0.085     5.309    
    DSP48E2_X7Y57        DSP_M_DATA (Setup_DSP_M_DATA_DSP48E2_CLK_U[15])
                                                      0.015     5.324    u_system/u_replay/g_array.u_array/u_array/u_ref/g_row[14].g_col[18].u_pe/u_mul/u_dsp/DSP_M_DATA_INST
  -------------------------------------------------------------------
                         required time                          5.324    
                         arrival time                          -5.155    
  -------------------------------------------------------------------
                         slack                                  0.169    

Slack (MET) :             0.169ns  (required time - arrival time)
  Source:                 u_system/u_replay/g_array.u_array/u_array/u_ref/g_row[14].g_col[18].u_pe/u_mul/w0_s0_reg[2]/C
                            (rising edge-triggered cell FDRE clocked by clk  {rise@0.000ns fall@1.649ns period=3.298ns})
  Destination:            u_system/u_replay/g_array.u_array/u_array/u_ref/g_row[14].g_col[18].u_pe/u_mul/u_dsp/DSP_M_DATA_INST/U[16]
                            (rising edge-triggered cell DSP_M_DATA clocked by clk  {rise@0.000ns fall@1.649ns period=3.298ns})
  Path Group:             clk
  Path Type:              Setup (Max at Slow Process Corner)
  Requirement:            3.298ns  (clk rise@3.298ns - clk rise@0.000ns)
  Data Path Delay:        2.895ns  (logic 1.506ns (52.021%)  route 1.389ns (47.979%))
  Logic Levels:           4  (DSP_MULTIPLIER=1 DSP_PREADD=1 DSP_PREADD_DATA=2)
  Clock Path Skew:        -0.164ns (DCD - SCD + CPR)
    Destination Clock Delay (DCD):    1.791ns = ( 5.089 - 3.298 ) 
    Source Clock Delay      (SCD):    2.260ns
    Clock Pessimism Removal (CPR):    0.305ns
  Clock Uncertainty:      0.085ns  ((TSJ^2 + TIJ^2)^1/2 + DJ) / 2 + PE + UU
    Total System Jitter     (TSJ):    0.071ns
    Total Input Jitter      (TIJ):    0.000ns
    Discrete Jitter          (DJ):    0.000ns
    Phase Error              (PE):    0.000ns
    User Uncertainty         (UU):    0.050ns
  Clock Net Delay (Source):      1.331ns (routing 0.171ns, distribution 1.160ns)
  Clock Net Delay (Destination): 1.151ns (routing 0.155ns, distribution 0.996ns)

    Location             Delay type                Incr(ns)  Path(ns)    Netlist Resource(s)
  -------------------------------------------------------------------    -------------------
                         (clock clk rise edge)        0.000     0.000 r  
    AJ20                                              0.000     0.000 r  clk (IN)
                         net (fo=0)                   0.000     0.000    clk_IBUF_inst/I
    AJ20                 INBUF (Prop_INBUF_HPIOB_M_PAD_O)
                                                      0.565     0.565 r  clk_IBUF_inst/INBUF_INST/O
                         net (fo=1, routed)           0.000     0.565    clk_IBUF_inst/OUT
    AJ20                 IBUFCTRL (Prop_IBUFCTRL_HPIOB_M_I_O)
                                                      0.000     0.565 r  clk_IBUF_inst/IBUFCTRL_INST/O
                         net (fo=1, routed)           0.336     0.901    clk_IBUF
    BUFGCE_X1Y71         BUFGCE (Prop_BUFCE_BUFGCE_I_O)
                                                      0.028     0.929 r  clk_IBUF_BUFG_inst/O
    X2Y2 (CLOCK_ROOT)    net (fo=185544, routed)      1.331     2.260    u_system/u_replay/g_array.u_array/u_array/u_ref/g_row[14].g_col[18].u_pe/u_mul/clk_IBUF_BUFG
    SLICE_X80Y89         FDRE                                         r  u_system/u_replay/g_array.u_array/u_array/u_ref/g_row[14].g_col[18].u_pe/u_mul/w0_s0_reg[2]/C
  -------------------------------------------------------------------    -------------------
    SLICE_X80Y89         FDRE (Prop_BFF2_SLICEL_C_Q)
                                                      0.080     2.340 f  u_system/u_replay/g_array.u_array/u_array/u_ref/g_row[14].g_col[18].u_pe/u_mul/w0_s0_reg[2]/Q
                         net (fo=1, routed)           1.389     3.729    u_system/u_replay/g_array.u_array/u_array/u_ref/g_row[14].g_col[18].u_pe/u_mul/u_dsp/D[2]
    DSP48E2_X7Y57        DSP_PREADD_DATA (Prop_DSP_PREADD_DATA_DSP48E2_DIN[2]_D_DATA[2])
                                                      0.240     3.969 r  u_system/u_replay/g_array.u_array/u_array/u_ref/g_row[14].g_col[18].u_pe/u_mul/u_dsp/DSP_PREADD_DATA_INST/D_DATA[2]
                         net (fo=1, routed)           0.000     3.969    u_system/u_replay/g_array.u_array/u_array/u_ref/g_row[14].g_col[18].u_pe/u_mul/u_dsp/DSP_PREADD_DATA.D_DATA<2>
    DSP48E2_X7Y57        DSP_PREADD (Prop_DSP_PREADD_DSP48E2_D_DATA[2]_AD[15])
                                                      0.524     4.493 f  u_system/u_replay/g_array.u_array/u_array/u_ref/g_row[14].g_col[18].u_pe/u_mul/u_dsp/DSP_PREADD_INST/AD[15]
                         net (fo=1, routed)           0.000     4.493    u_system/u_replay/g_array.u_array/u_array/u_ref/g_row[14].g_col[18].u_pe/u_mul/u_dsp/DSP_PREADD.AD<15>
    DSP48E2_X7Y57        DSP_PREADD_DATA (Prop_DSP_PREADD_DATA_DSP48E2_AD[15]_AD_DATA[15])
                                                      0.050     4.543 r  u_system/u_replay/g_array.u_array/u_array/u_ref/g_row[14].g_col[18].u_pe/u_mul/u_dsp/DSP_PREADD_DATA_INST/AD_DATA[15]
                         net (fo=1, routed)           0.000     4.543    u_system/u_replay/g_array.u_array/u_array/u_ref/g_row[14].g_col[18].u_pe/u_mul/u_dsp/DSP_PREADD_DATA.AD_DATA<15>
    DSP48E2_X7Y57        DSP_MULTIPLIER (Prop_DSP_MULTIPLIER_DSP48E2_AD_DATA[15]_U[16])
                                                      0.612     5.155 r  u_system/u_replay/g_array.u_array/u_array/u_ref/g_row[14].g_col[18].u_pe/u_mul/u_dsp/DSP_MULTIPLIER_INST/U[16]
                         net (fo=1, routed)           0.000     5.155    u_system/u_replay/g_array.u_array/u_array/u_ref/g_row[14].g_col[18].u_pe/u_mul/u_dsp/DSP_MULTIPLIER.U<16>
    DSP48E2_X7Y57        DSP_M_DATA                                   r  u_system/u_replay/g_array.u_array/u_array/u_ref/g_row[14].g_col[18].u_pe/u_mul/u_dsp/DSP_M_DATA_INST/U[16]
  -------------------------------------------------------------------    -------------------

                         (clock clk rise edge)        3.298     3.298 r  
    AJ20                                              0.000     3.298 r  clk (IN)
                         net (fo=0)                   0.000     3.298    clk_IBUF_inst/I
    AJ20                 INBUF (Prop_INBUF_HPIOB_M_PAD_O)
                                                      0.315     3.613 r  clk_IBUF_inst/INBUF_INST/O
                         net (fo=1, routed)           0.000     3.613    clk_IBUF_inst/OUT
    AJ20                 IBUFCTRL (Prop_IBUFCTRL_HPIOB_M_I_O)
                                                      0.000     3.613 r  clk_IBUF_inst/IBUFCTRL_INST/O
                         net (fo=1, routed)           0.301     3.914    clk_IBUF
    BUFGCE_X1Y71         BUFGCE (Prop_BUFCE_BUFGCE_I_O)
                                                      0.024     3.938 r  clk_IBUF_BUFG_inst/O
    X2Y2 (CLOCK_ROOT)    net (fo=185544, routed)      1.151     5.089    u_system/u_replay/g_array.u_array/u_array/u_ref/g_row[14].g_col[18].u_pe/u_mul/u_dsp/CLK
    DSP48E2_X7Y57        DSP_M_DATA                                   r  u_system/u_replay/g_array.u_array/u_array/u_ref/g_row[14].g_col[18].u_pe/u_mul/u_dsp/DSP_M_DATA_INST/CLK
                         clock pessimism              0.305     5.394    
                         clock uncertainty           -0.085     5.309    
    DSP48E2_X7Y57        DSP_M_DATA (Setup_DSP_M_DATA_DSP48E2_CLK_U[16])
                                                      0.015     5.324    u_system/u_replay/g_array.u_array/u_array/u_ref/g_row[14].g_col[18].u_pe/u_mul/u_dsp/DSP_M_DATA_INST
  -------------------------------------------------------------------
                         required time                          5.324    
                         arrival time                          -5.155    
  -------------------------------------------------------------------
                         slack                                  0.169    

Slack (MET) :             0.169ns  (required time - arrival time)
  Source:                 u_system/u_replay/g_array.u_array/u_array/u_ref/g_row[14].g_col[18].u_pe/u_mul/w0_s0_reg[2]/C
                            (rising edge-triggered cell FDRE clocked by clk  {rise@0.000ns fall@1.649ns period=3.298ns})
  Destination:            u_system/u_replay/g_array.u_array/u_array/u_ref/g_row[14].g_col[18].u_pe/u_mul/u_dsp/DSP_M_DATA_INST/U[17]
                            (rising edge-triggered cell DSP_M_DATA clocked by clk  {rise@0.000ns fall@1.649ns period=3.298ns})
  Path Group:             clk
  Path Type:              Setup (Max at Slow Process Corner)
  Requirement:            3.298ns  (clk rise@3.298ns - clk rise@0.000ns)
  Data Path Delay:        2.895ns  (logic 1.506ns (52.021%)  route 1.389ns (47.979%))
  Logic Levels:           4  (DSP_MULTIPLIER=1 DSP_PREADD=1 DSP_PREADD_DATA=2)
  Clock Path Skew:        -0.164ns (DCD - SCD + CPR)
    Destination Clock Delay (DCD):    1.791ns = ( 5.089 - 3.298 ) 
    Source Clock Delay      (SCD):    2.260ns
    Clock Pessimism Removal (CPR):    0.305ns
  Clock Uncertainty:      0.085ns  ((TSJ^2 + TIJ^2)^1/2 + DJ) / 2 + PE + UU
    Total System Jitter     (TSJ):    0.071ns
    Total Input Jitter      (TIJ):    0.000ns
    Discrete Jitter          (DJ):    0.000ns
    Phase Error              (PE):    0.000ns
    User Uncertainty         (UU):    0.050ns
  Clock Net Delay (Source):      1.331ns (routing 0.171ns, distribution 1.160ns)
  Clock Net Delay (Destination): 1.151ns (routing 0.155ns, distribution 0.996ns)

    Location             Delay type                Incr(ns)  Path(ns)    Netlist Resource(s)
  -------------------------------------------------------------------    -------------------
                         (clock clk rise edge)        0.000     0.000 r  
    AJ20                                              0.000     0.000 r  clk (IN)
                         net (fo=0)                   0.000     0.000    clk_IBUF_inst/I
    AJ20                 INBUF (Prop_INBUF_HPIOB_M_PAD_O)
                                                      0.565     0.565 r  clk_IBUF_inst/INBUF_INST/O
                         net (fo=1, routed)           0.000     0.565    clk_IBUF_inst/OUT
    AJ20                 IBUFCTRL (Prop_IBUFCTRL_HPIOB_M_I_O)
                                                      0.000     0.565 r  clk_IBUF_inst/IBUFCTRL_INST/O
                         net (fo=1, routed)           0.336     0.901    clk_IBUF
    BUFGCE_X1Y71         BUFGCE (Prop_BUFCE_BUFGCE_I_O)
                                                      0.028     0.929 r  clk_IBUF_BUFG_inst/O
    X2Y2 (CLOCK_ROOT)    net (fo=185544, routed)      1.331     2.260    u_system/u_replay/g_array.u_array/u_array/u_ref/g_row[14].g_col[18].u_pe/u_mul/clk_IBUF_BUFG
    SLICE_X80Y89         FDRE                                         r  u_system/u_replay/g_array.u_array/u_array/u_ref/g_row[14].g_col[18].u_pe/u_mul/w0_s0_reg[2]/C
  -------------------------------------------------------------------    -------------------
    SLICE_X80Y89         FDRE (Prop_BFF2_SLICEL_C_Q)
                                                      0.080     2.340 f  u_system/u_replay/g_array.u_array/u_array/u_ref/g_row[14].g_col[18].u_pe/u_mul/w0_s0_reg[2]/Q
                         net (fo=1, routed)           1.389     3.729    u_system/u_replay/g_array.u_array/u_array/u_ref/g_row[14].g_col[18].u_pe/u_mul/u_dsp/D[2]
    DSP48E2_X7Y57        DSP_PREADD_DATA (Prop_DSP_PREADD_DATA_DSP48E2_DIN[2]_D_DATA[2])
                                                      0.240     3.969 r  u_system/u_replay/g_array.u_array/u_array/u_ref/g_row[14].g_col[18].u_pe/u_mul/u_dsp/DSP_PREADD_DATA_INST/D_DATA[2]
                         net (fo=1, routed)           0.000     3.969    u_system/u_replay/g_array.u_array/u_array/u_ref/g_row[14].g_col[18].u_pe/u_mul/u_dsp/DSP_PREADD_DATA.D_DATA<2>
    DSP48E2_X7Y57        DSP_PREADD (Prop_DSP_PREADD_DSP48E2_D_DATA[2]_AD[16])
                                                      0.524     4.493 f  u_system/u_replay/g_array.u_array/u_array/u_ref/g_row[14].g_col[18].u_pe/u_mul/u_dsp/DSP_PREADD_INST/AD[16]
                         net (fo=1, routed)           0.000     4.493    u_system/u_replay/g_array.u_array/u_array/u_ref/g_row[14].g_col[18].u_pe/u_mul/u_dsp/DSP_PREADD.AD<16>
    DSP48E2_X7Y57        DSP_PREADD_DATA (Prop_DSP_PREADD_DATA_DSP48E2_AD[16]_AD_DATA[16])
                                                      0.050     4.543 r  u_system/u_replay/g_array.u_array/u_array/u_ref/g_row[14].g_col[18].u_pe/u_mul/u_dsp/DSP_PREADD_DATA_INST/AD_DATA[16]
                         net (fo=1, routed)           0.000     4.543    u_system/u_replay/g_array.u_array/u_array/u_ref/g_row[14].g_col[18].u_pe/u_mul/u_dsp/DSP_PREADD_DATA.AD_DATA<16>
    DSP48E2_X7Y57        DSP_MULTIPLIER (Prop_DSP_MULTIPLIER_DSP48E2_AD_DATA[16]_U[17])
                                                      0.612     5.155 r  u_system/u_replay/g_array.u_array/u_array/u_ref/g_row[14].g_col[18].u_pe/u_mul/u_dsp/DSP_MULTIPLIER_INST/U[17]
                         net (fo=1, routed)           0.000     5.155    u_system/u_replay/g_array.u_array/u_array/u_ref/g_row[14].g_col[18].u_pe/u_mul/u_dsp/DSP_MULTIPLIER.U<17>
    DSP48E2_X7Y57        DSP_M_DATA                                   r  u_system/u_replay/g_array.u_array/u_array/u_ref/g_row[14].g_col[18].u_pe/u_mul/u_dsp/DSP_M_DATA_INST/U[17]
  -------------------------------------------------------------------    -------------------

                         (clock clk rise edge)        3.298     3.298 r  
    AJ20                                              0.000     3.298 r  clk (IN)
                         net (fo=0)                   0.000     3.298    clk_IBUF_inst/I
    AJ20                 INBUF (Prop_INBUF_HPIOB_M_PAD_O)
                                                      0.315     3.613 r  clk_IBUF_inst/INBUF_INST/O
                         net (fo=1, routed)           0.000     3.613    clk_IBUF_inst/OUT
    AJ20                 IBUFCTRL (Prop_IBUFCTRL_HPIOB_M_I_O)
                                                      0.000     3.613 r  clk_IBUF_inst/IBUFCTRL_INST/O
                         net (fo=1, routed)           0.301     3.914    clk_IBUF
    BUFGCE_X1Y71         BUFGCE (Prop_BUFCE_BUFGCE_I_O)
                                                      0.024     3.938 r  clk_IBUF_BUFG_inst/O
    X2Y2 (CLOCK_ROOT)    net (fo=185544, routed)      1.151     5.089    u_system/u_replay/g_array.u_array/u_array/u_ref/g_row[14].g_col[18].u_pe/u_mul/u_dsp/CLK
    DSP48E2_X7Y57        DSP_M_DATA                                   r  u_system/u_replay/g_array.u_array/u_array/u_ref/g_row[14].g_col[18].u_pe/u_mul/u_dsp/DSP_M_DATA_INST/CLK
                         clock pessimism              0.305     5.394    
                         clock uncertainty           -0.085     5.309    
    DSP48E2_X7Y57        DSP_M_DATA (Setup_DSP_M_DATA_DSP48E2_CLK_U[17])
                                                      0.015     5.324    u_system/u_replay/g_array.u_array/u_array/u_ref/g_row[14].g_col[18].u_pe/u_mul/u_dsp/DSP_M_DATA_INST
  -------------------------------------------------------------------
                         required time                          5.324    
                         arrival time                          -5.155    
  -------------------------------------------------------------------
                         slack                                  0.169    

Slack (MET) :             0.169ns  (required time - arrival time)
  Source:                 u_system/u_replay/g_array.u_array/u_array/u_ref/g_row[14].g_col[18].u_pe/u_mul/w0_s0_reg[2]/C
                            (rising edge-triggered cell FDRE clocked by clk  {rise@0.000ns fall@1.649ns period=3.298ns})
  Destination:            u_system/u_replay/g_array.u_array/u_array/u_ref/g_row[14].g_col[18].u_pe/u_mul/u_dsp/DSP_M_DATA_INST/U[18]
                            (rising edge-triggered cell DSP_M_DATA clocked by clk  {rise@0.000ns fall@1.649ns period=3.298ns})
  Path Group:             clk
  Path Type:              Setup (Max at Slow Process Corner)
  Requirement:            3.298ns  (clk rise@3.298ns - clk rise@0.000ns)
  Data Path Delay:        2.895ns  (logic 1.506ns (52.021%)  route 1.389ns (47.979%))
  Logic Levels:           4  (DSP_MULTIPLIER=1 DSP_PREADD=1 DSP_PREADD_DATA=2)
  Clock Path Skew:        -0.164ns (DCD - SCD + CPR)
    Destination Clock Delay (DCD):    1.791ns = ( 5.089 - 3.298 ) 
    Source Clock Delay      (SCD):    2.260ns
    Clock Pessimism Removal (CPR):    0.305ns
  Clock Uncertainty:      0.085ns  ((TSJ^2 + TIJ^2)^1/2 + DJ) / 2 + PE + UU
    Total System Jitter     (TSJ):    0.071ns
    Total Input Jitter      (TIJ):    0.000ns
    Discrete Jitter          (DJ):    0.000ns
    Phase Error              (PE):    0.000ns
    User Uncertainty         (UU):    0.050ns
  Clock Net Delay (Source):      1.331ns (routing 0.171ns, distribution 1.160ns)
  Clock Net Delay (Destination): 1.151ns (routing 0.155ns, distribution 0.996ns)

    Location             Delay type                Incr(ns)  Path(ns)    Netlist Resource(s)
  -------------------------------------------------------------------    -------------------
                         (clock clk rise edge)        0.000     0.000 r  
    AJ20                                              0.000     0.000 r  clk (IN)
                         net (fo=0)                   0.000     0.000    clk_IBUF_inst/I
    AJ20                 INBUF (Prop_INBUF_HPIOB_M_PAD_O)
                                                      0.565     0.565 r  clk_IBUF_inst/INBUF_INST/O
                         net (fo=1, routed)           0.000     0.565    clk_IBUF_inst/OUT
    AJ20                 IBUFCTRL (Prop_IBUFCTRL_HPIOB_M_I_O)
                                                      0.000     0.565 r  clk_IBUF_inst/IBUFCTRL_INST/O
                         net (fo=1, routed)           0.336     0.901    clk_IBUF
    BUFGCE_X1Y71         BUFGCE (Prop_BUFCE_BUFGCE_I_O)
                                                      0.028     0.929 r  clk_IBUF_BUFG_inst/O
    X2Y2 (CLOCK_ROOT)    net (fo=185544, routed)      1.331     2.260    u_system/u_replay/g_array.u_array/u_array/u_ref/g_row[14].g_col[18].u_pe/u_mul/clk_IBUF_BUFG
    SLICE_X80Y89         FDRE                                         r  u_system/u_replay/g_array.u_array/u_array/u_ref/g_row[14].g_col[18].u_pe/u_mul/w0_s0_reg[2]/C
  -------------------------------------------------------------------    -------------------
    SLICE_X80Y89         FDRE (Prop_BFF2_SLICEL_C_Q)
                                                      0.080     2.340 f  u_system/u_replay/g_array.u_array/u_array/u_ref/g_row[14].g_col[18].u_pe/u_mul/w0_s0_reg[2]/Q
                         net (fo=1, routed)           1.389     3.729    u_system/u_replay/g_array.u_array/u_array/u_ref/g_row[14].g_col[18].u_pe/u_mul/u_dsp/D[2]
    DSP48E2_X7Y57        DSP_PREADD_DATA (Prop_DSP_PREADD_DATA_DSP48E2_DIN[2]_D_DATA[2])
                                                      0.240     3.969 r  u_system/u_replay/g_array.u_array/u_array/u_ref/g_row[14].g_col[18].u_pe/u_mul/u_dsp/DSP_PREADD_DATA_INST/D_DATA[2]
                         net (fo=1, routed)           0.000     3.969    u_system/u_replay/g_array.u_array/u_array/u_ref/g_row[14].g_col[18].u_pe/u_mul/u_dsp/DSP_PREADD_DATA.D_DATA<2>
    DSP48E2_X7Y57        DSP_PREADD (Prop_DSP_PREADD_DSP48E2_D_DATA[2]_AD[17])
                                                      0.524     4.493 f  u_system/u_replay/g_array.u_array/u_array/u_ref/g_row[14].g_col[18].u_pe/u_mul/u_dsp/DSP_PREADD_INST/AD[17]
                         net (fo=1, routed)           0.000     4.493    u_system/u_replay/g_array.u_array/u_array/u_ref/g_row[14].g_col[18].u_pe/u_mul/u_dsp/DSP_PREADD.AD<17>
    DSP48E2_X7Y57        DSP_PREADD_DATA (Prop_DSP_PREADD_DATA_DSP48E2_AD[17]_AD_DATA[17])
                                                      0.050     4.543 r  u_system/u_replay/g_array.u_array/u_array/u_ref/g_row[14].g_col[18].u_pe/u_mul/u_dsp/DSP_PREADD_DATA_INST/AD_DATA[17]
                         net (fo=1, routed)           0.000     4.543    u_system/u_replay/g_array.u_array/u_array/u_ref/g_row[14].g_col[18].u_pe/u_mul/u_dsp/DSP_PREADD_DATA.AD_DATA<17>
    DSP48E2_X7Y57        DSP_MULTIPLIER (Prop_DSP_MULTIPLIER_DSP48E2_AD_DATA[17]_U[18])
                                                      0.612     5.155 r  u_system/u_replay/g_array.u_array/u_array/u_ref/g_row[14].g_col[18].u_pe/u_mul/u_dsp/DSP_MULTIPLIER_INST/U[18]
                         net (fo=1, routed)           0.000     5.155    u_system/u_replay/g_array.u_array/u_array/u_ref/g_row[14].g_col[18].u_pe/u_mul/u_dsp/DSP_MULTIPLIER.U<18>
    DSP48E2_X7Y57        DSP_M_DATA                                   r  u_system/u_replay/g_array.u_array/u_array/u_ref/g_row[14].g_col[18].u_pe/u_mul/u_dsp/DSP_M_DATA_INST/U[18]
  -------------------------------------------------------------------    -------------------

                         (clock clk rise edge)        3.298     3.298 r  
    AJ20                                              0.000     3.298 r  clk (IN)
                         net (fo=0)                   0.000     3.298    clk_IBUF_inst/I
    AJ20                 INBUF (Prop_INBUF_HPIOB_M_PAD_O)
                                                      0.315     3.613 r  clk_IBUF_inst/INBUF_INST/O
                         net (fo=1, routed)           0.000     3.613    clk_IBUF_inst/OUT
    AJ20                 IBUFCTRL (Prop_IBUFCTRL_HPIOB_M_I_O)
                                                      0.000     3.613 r  clk_IBUF_inst/IBUFCTRL_INST/O
                         net (fo=1, routed)           0.301     3.914    clk_IBUF
    BUFGCE_X1Y71         BUFGCE (Prop_BUFCE_BUFGCE_I_O)
                                                      0.024     3.938 r  clk_IBUF_BUFG_inst/O
    X2Y2 (CLOCK_ROOT)    net (fo=185544, routed)      1.151     5.089    u_system/u_replay/g_array.u_array/u_array/u_ref/g_row[14].g_col[18].u_pe/u_mul/u_dsp/CLK
    DSP48E2_X7Y57        DSP_M_DATA                                   r  u_system/u_replay/g_array.u_array/u_array/u_ref/g_row[14].g_col[18].u_pe/u_mul/u_dsp/DSP_M_DATA_INST/CLK
                         clock pessimism              0.305     5.394    
                         clock uncertainty           -0.085     5.309    
    DSP48E2_X7Y57        DSP_M_DATA (Setup_DSP_M_DATA_DSP48E2_CLK_U[18])
                                                      0.015     5.324    u_system/u_replay/g_array.u_array/u_array/u_ref/g_row[14].g_col[18].u_pe/u_mul/u_dsp/DSP_M_DATA_INST
  -------------------------------------------------------------------
                         required time                          5.324    
                         arrival time                          -5.155    
  -------------------------------------------------------------------
                         slack                                  0.169    




