Copyright 1986-2021 Xilinx, Inc. All Rights Reserved.
-----------------------------------------------------------------------------------------------------------------------------------------------------------------------------------------------------------------------------
| Tool Version      : Vivado v.2021.2 (win64) Build 3367213 Tue Oct 19 02:48:09 MDT 2021
| Date              : Tue Sep 15 18:59:46 2026
| Host              : nc23 running 64-bit major release  (build 9200)
| Command           : report_timing_summary -delay_type max -max_paths 20 -file {E:/GPU ARCH/vector_core_sim/turbovla_w8a8_pack2/hw/v3_2026-09-15_174639_vivado_impl/reports/303MHz_real4/reports/placed_timing_summary.rpt}
| Design            : tvla_w8a8_pack2_impl_top
| Device            : xczu7ev-ffvc1156
| Speed File        : -2  PRODUCTION 1.29 08-03-2020
| Temperature Grade : E
-----------------------------------------------------------------------------------------------------------------------------------------------------------------------------------------------------------------------------

Timing Summary Report

------------------------------------------------------------------------------------------------
| Timer Settings
| --------------
------------------------------------------------------------------------------------------------

  Enable Multi Corner Analysis               :  Yes
  Enable Pessimism Removal                   :  Yes
  Pessimism Removal Resolution               :  Nearest Common Node
  Enable Input Delay Default Clock           :  No
  Enable Preset / Clear Arcs                 :  No
  Disable Flight Delays                      :  No
  Ignore I/O Paths                           :  No
  Timing Early Launch at Borrowing Latches   :  No
  Borrow Time for Max Delay Exceptions       :  Yes
  Merge Timing Exceptions                    :  Yes

  Corner  Analyze    Analyze    
  Name    Max Paths  Min Paths  
  ------  ---------  ---------  
  Slow    Yes        Yes        
  Fast    Yes        Yes        


------------------------------------------------------------------------------------------------
| Report Methodology
| ------------------
------------------------------------------------------------------------------------------------

Rule       Severity  Description                    Violations  
---------  --------  -----------------------------  ----------  
SYNTH-12   Warning   DSP input not registered       768         
TIMING-18  Warning   Missing input or output delay  338         

Note: This report is based on the most recent report_methodology run and may not be up-to-date. Run report_methodology on the current design for the latest report.



check_timing report

Table of Contents
-----------------
1. checking no_clock (0)
2. checking constant_clock (0)
3. checking pulse_width_clock (0)
4. checking unconstrained_internal_endpoints (0)
5. checking no_input_delay (163)
6. checking no_output_delay (109)
7. checking multiple_clock (0)
8. checking generated_clocks (0)
9. checking loops (0)
10. checking partial_input_delay (0)
11. checking partial_output_delay (0)
12. checking latch_loops (0)

1. checking no_clock (0)
------------------------
 There are 0 register/latch pins with no clock.


2. checking constant_clock (0)
------------------------------
 There are 0 register/latch pins with constant_clock.


3. checking pulse_width_clock (0)
---------------------------------
 There are 0 register/latch pins which need pulse_width check


4. checking unconstrained_internal_endpoints (0)
------------------------------------------------
 There are 0 pins that are not constrained for maximum delay.

 There are 0 pins that are not constrained for maximum delay due to constant clock.


5. checking no_input_delay (163)
--------------------------------
 There are 163 input ports with no input delay specified. (HIGH)

 There are 0 input ports with no input delay but user has a false path constraint.


6. checking no_output_delay (109)
---------------------------------
 There are 109 ports with no output delay specified. (HIGH)

 There are 0 ports with no output delay but user has a false path constraint

 There are 0 ports with no output delay but with a timing clock defined on it or propagating through it


7. checking multiple_clock (0)
------------------------------
 There are 0 register/latch pins with multiple clocks.


8. checking generated_clocks (0)
--------------------------------
 There are 0 generated clocks that are not connected to a clock source.


9. checking loops (0)
---------------------
 There are 0 combinational loops in the design.


10. checking partial_input_delay (0)
------------------------------------
 There are 0 input ports with partial input delay specified.


11. checking partial_output_delay (0)
-------------------------------------
 There are 0 ports with partial output delay specified.


12. checking latch_loops (0)
----------------------------
 There are 0 combinational latch loops in the design through latch input



------------------------------------------------------------------------------------------------
| Design Timing Summary
| ---------------------
------------------------------------------------------------------------------------------------

    WNS(ns)      TNS(ns)  TNS Failing Endpoints  TNS Total Endpoints     WPWS(ns)     TPWS(ns)  TPWS Failing Endpoints  TPWS Total Endpoints  
    -------      -------  ---------------------  -------------------     --------     --------  ----------------------  --------------------  
      0.503        0.000                      0               368387        1.117        0.000                       0                181705  


All user specified timing constraints are met.


------------------------------------------------------------------------------------------------
| Clock Summary
| -------------
------------------------------------------------------------------------------------------------

Clock  Waveform(ns)         Period(ns)      Frequency(MHz)
-----  ------------         ----------      --------------
clk    {0.000 1.649}        3.298           303.214         


------------------------------------------------------------------------------------------------
| Intra Clock Table
| -----------------
------------------------------------------------------------------------------------------------

Clock             WNS(ns)      TNS(ns)  TNS Failing Endpoints  TNS Total Endpoints     WPWS(ns)     TPWS(ns)  TPWS Failing Endpoints  TPWS Total Endpoints  
-----             -------      -------  ---------------------  -------------------     --------     --------  ----------------------  --------------------  
clk                 0.503        0.000                      0               368387        1.117        0.000                       0                181705  


------------------------------------------------------------------------------------------------
| Inter Clock Table
| -----------------
------------------------------------------------------------------------------------------------

From Clock    To Clock          WNS(ns)      TNS(ns)  TNS Failing Endpoints  TNS Total Endpoints  
----------    --------          -------      -------  ---------------------  -------------------  


------------------------------------------------------------------------------------------------
| Other Path Groups Table
| -----------------------
------------------------------------------------------------------------------------------------

Path Group    From Clock    To Clock          WNS(ns)      TNS(ns)  TNS Failing Endpoints  TNS Total Endpoints  
----------    ----------    --------          -------      -------  ---------------------  -------------------  


------------------------------------------------------------------------------------------------
| Timing Details
| --------------
------------------------------------------------------------------------------------------------


---------------------------------------------------------------------------------------------------
From Clock:  clk
  To Clock:  clk

Setup :            0  Failing Endpoints,  Worst Slack        0.503ns,  Total Violation        0.000ns
Hold  :           NA  Failing Endpoints,  Worst Slack           NA  ,  Total Violation           NA
PW    :            0  Failing Endpoints,  Worst Slack        1.117ns,  Total Violation        0.000ns
---------------------------------------------------------------------------------------------------


Max Delay Paths
--------------------------------------------------------------------------------------
Slack (MET) :             0.503ns  (required time - arrival time)
  Source:                 u_system/u_replay/array_clr_reg/C
                            (rising edge-triggered cell FDCE clocked by clk  {rise@0.000ns fall@1.649ns period=3.298ns})
  Destination:            u_system/u_replay/g_array.u_array/u_array/u_ref/g_row[5].g_col[30].u_pe/acc0_r_reg[13]/CE
                            (rising edge-triggered cell FDCE clocked by clk  {rise@0.000ns fall@1.649ns period=3.298ns})
  Path Group:             clk
  Path Type:              Setup (Max at Slow Process Corner)
  Requirement:            3.298ns  (clk rise@3.298ns - clk rise@0.000ns)
  Data Path Delay:        2.794ns  (logic 0.148ns (5.297%)  route 2.646ns (94.703%))
  Logic Levels:           1  (LUT3=1)
  Clock Path Skew:        0.145ns (DCD - SCD + CPR)
    Destination Clock Delay (DCD):    2.116ns = ( 5.414 - 3.298 ) 
    Source Clock Delay      (SCD):    2.280ns
    Clock Pessimism Removal (CPR):    0.309ns
  Clock Uncertainty:      0.085ns  ((TSJ^2 + TIJ^2)^1/2 + DJ) / 2 + PE + UU
    Total System Jitter     (TSJ):    0.071ns
    Total Input Jitter      (TIJ):    0.000ns
    Discrete Jitter          (DJ):    0.000ns
    Phase Error              (PE):    0.000ns
    User Uncertainty         (UU):    0.050ns
  Clock Net Delay (Source):      1.351ns (routing 0.210ns, distribution 1.141ns)
  Clock Net Delay (Destination): 1.476ns (routing 0.190ns, distribution 1.286ns)

    Location             Delay type                Incr(ns)  Path(ns)    Netlist Resource(s)
  -------------------------------------------------------------------    -------------------
                         (clock clk rise edge)        0.000     0.000 r  
    AJ20                                              0.000     0.000 r  clk (IN)
                         net (fo=0)                   0.000     0.000    clk_IBUF_inst/I
    AJ20                 INBUF (Prop_INBUF_HPIOB_M_PAD_O)
                                                      0.565     0.565 r  clk_IBUF_inst/INBUF_INST/O
                         net (fo=1, routed)           0.000     0.565    clk_IBUF_inst/OUT
    AJ20                 IBUFCTRL (Prop_IBUFCTRL_HPIOB_M_I_O)
                                                      0.000     0.565 r  clk_IBUF_inst/IBUFCTRL_INST/O
                         net (fo=1, estimated)        0.336     0.901    clk_IBUF
    BUFGCE_X1Y71         BUFGCE (Prop_BUFCE_BUFGCE_I_O)
                                                      0.028     0.929 r  clk_IBUF_BUFG_inst/O
    X2Y2 (CLOCK_ROOT)    net (fo=185544, estimated)
                                                      1.351     2.280    u_system/u_replay/clk_IBUF_BUFG
    SLICE_X69Y234        FDCE                                         r  u_system/u_replay/array_clr_reg/C
  -------------------------------------------------------------------    -------------------
    SLICE_X69Y234        FDCE (Prop_AFF_SLICEL_C_Q)
                                                      0.079     2.359 r  u_system/u_replay/array_clr_reg/Q
                         net (fo=42240, estimated)    2.136     4.495    u_system/u_replay/g_array.u_array/u_array/u_ref/g_row[5].g_col[30].u_pe/array_clr
    SLICE_X18Y335        LUT3 (Prop_A5LUT_SLICEL_I2_O)
                                                      0.069     4.564 r  u_system/u_replay/g_array.u_array/u_array/u_ref/g_row[5].g_col[30].u_pe/acc0_r[26]_i_1__10/O
                         net (fo=54, estimated)       0.510     5.074    u_system/u_replay/g_array.u_array/u_array/u_ref/g_row[5].g_col[30].u_pe/acc1_r
    SLICE_X17Y338        FDCE                                         r  u_system/u_replay/g_array.u_array/u_array/u_ref/g_row[5].g_col[30].u_pe/acc0_r_reg[13]/CE
  -------------------------------------------------------------------    -------------------

                         (clock clk rise edge)        3.298     3.298 r  
    AJ20                                              0.000     3.298 r  clk (IN)
                         net (fo=0)                   0.000     3.298    clk_IBUF_inst/I
    AJ20                 INBUF (Prop_INBUF_HPIOB_M_PAD_O)
                                                      0.315     3.613 r  clk_IBUF_inst/INBUF_INST/O
                         net (fo=1, routed)           0.000     3.613    clk_IBUF_inst/OUT
    AJ20                 IBUFCTRL (Prop_IBUFCTRL_HPIOB_M_I_O)
                                                      0.000     3.613 r  clk_IBUF_inst/IBUFCTRL_INST/O
                         net (fo=1, estimated)        0.301     3.914    clk_IBUF
    BUFGCE_X1Y71         BUFGCE (Prop_BUFCE_BUFGCE_I_O)
                                                      0.024     3.938 r  clk_IBUF_BUFG_inst/O
    X2Y2 (CLOCK_ROOT)    net (fo=185544, estimated)
                                                      1.476     5.414    u_system/u_replay/g_array.u_array/u_array/u_ref/g_row[5].g_col[30].u_pe/clk_IBUF_BUFG
    SLICE_X17Y338        FDCE                                         r  u_system/u_replay/g_array.u_array/u_array/u_ref/g_row[5].g_col[30].u_pe/acc0_r_reg[13]/C
                         clock pessimism              0.309     5.723    
                         clock uncertainty           -0.085     5.638    
    SLICE_X17Y338        FDCE (Setup_DFF_SLICEM_C_CE)
                                                     -0.061     5.577    u_system/u_replay/g_array.u_array/u_array/u_ref/g_row[5].g_col[30].u_pe/acc0_r_reg[13]
  -------------------------------------------------------------------
                         required time                          5.577    
                         arrival time                          -5.074    
  -------------------------------------------------------------------
                         slack                                  0.503    

Slack (MET) :             0.503ns  (required time - arrival time)
  Source:                 u_system/u_replay/array_clr_reg/C
                            (rising edge-triggered cell FDCE clocked by clk  {rise@0.000ns fall@1.649ns period=3.298ns})
  Destination:            u_system/u_replay/g_array.u_array/u_array/u_ref/g_row[5].g_col[30].u_pe/acc0_r_reg[14]/CE
                            (rising edge-triggered cell FDCE clocked by clk  {rise@0.000ns fall@1.649ns period=3.298ns})
  Path Group:             clk
  Path Type:              Setup (Max at Slow Process Corner)
  Requirement:            3.298ns  (clk rise@3.298ns - clk rise@0.000ns)
  Data Path Delay:        2.794ns  (logic 0.148ns (5.297%)  route 2.646ns (94.703%))
  Logic Levels:           1  (LUT3=1)
  Clock Path Skew:        0.145ns (DCD - SCD + CPR)
    Destination Clock Delay (DCD):    2.116ns = ( 5.414 - 3.298 ) 
    Source Clock Delay      (SCD):    2.280ns
    Clock Pessimism Removal (CPR):    0.309ns
  Clock Uncertainty:      0.085ns  ((TSJ^2 + TIJ^2)^1/2 + DJ) / 2 + PE + UU
    Total System Jitter     (TSJ):    0.071ns
    Total Input Jitter      (TIJ):    0.000ns
    Discrete Jitter          (DJ):    0.000ns
    Phase Error              (PE):    0.000ns
    User Uncertainty         (UU):    0.050ns
  Clock Net Delay (Source):      1.351ns (routing 0.210ns, distribution 1.141ns)
  Clock Net Delay (Destination): 1.476ns (routing 0.190ns, distribution 1.286ns)

    Location             Delay type                Incr(ns)  Path(ns)    Netlist Resource(s)
  -------------------------------------------------------------------    -------------------
                         (clock clk rise edge)        0.000     0.000 r  
    AJ20                                              0.000     0.000 r  clk (IN)
                         net (fo=0)                   0.000     0.000    clk_IBUF_inst/I
    AJ20                 INBUF (Prop_INBUF_HPIOB_M_PAD_O)
                                                      0.565     0.565 r  clk_IBUF_inst/INBUF_INST/O
                         net (fo=1, routed)           0.000     0.565    clk_IBUF_inst/OUT
    AJ20                 IBUFCTRL (Prop_IBUFCTRL_HPIOB_M_I_O)
                                                      0.000     0.565 r  clk_IBUF_inst/IBUFCTRL_INST/O
                         net (fo=1, estimated)        0.336     0.901    clk_IBUF
    BUFGCE_X1Y71         BUFGCE (Prop_BUFCE_BUFGCE_I_O)
                                                      0.028     0.929 r  clk_IBUF_BUFG_inst/O
    X2Y2 (CLOCK_ROOT)    net (fo=185544, estimated)
                                                      1.351     2.280    u_system/u_replay/clk_IBUF_BUFG
    SLICE_X69Y234        FDCE                                         r  u_system/u_replay/array_clr_reg/C
  -------------------------------------------------------------------    -------------------
    SLICE_X69Y234        FDCE (Prop_AFF_SLICEL_C_Q)
                                                      0.079     2.359 r  u_system/u_replay/array_clr_reg/Q
                         net (fo=42240, estimated)    2.136     4.495    u_system/u_replay/g_array.u_array/u_array/u_ref/g_row[5].g_col[30].u_pe/array_clr
    SLICE_X18Y335        LUT3 (Prop_A5LUT_SLICEL_I2_O)
                                                      0.069     4.564 r  u_system/u_replay/g_array.u_array/u_array/u_ref/g_row[5].g_col[30].u_pe/acc0_r[26]_i_1__10/O
                         net (fo=54, estimated)       0.510     5.074    u_system/u_replay/g_array.u_array/u_array/u_ref/g_row[5].g_col[30].u_pe/acc1_r
    SLICE_X17Y338        FDCE                                         r  u_system/u_replay/g_array.u_array/u_array/u_ref/g_row[5].g_col[30].u_pe/acc0_r_reg[14]/CE
  -------------------------------------------------------------------    -------------------

                         (clock clk rise edge)        3.298     3.298 r  
    AJ20                                              0.000     3.298 r  clk (IN)
                         net (fo=0)                   0.000     3.298    clk_IBUF_inst/I
    AJ20                 INBUF (Prop_INBUF_HPIOB_M_PAD_O)
                                                      0.315     3.613 r  clk_IBUF_inst/INBUF_INST/O
                         net (fo=1, routed)           0.000     3.613    clk_IBUF_inst/OUT
    AJ20                 IBUFCTRL (Prop_IBUFCTRL_HPIOB_M_I_O)
                                                      0.000     3.613 r  clk_IBUF_inst/IBUFCTRL_INST/O
                         net (fo=1, estimated)        0.301     3.914    clk_IBUF
    BUFGCE_X1Y71         BUFGCE (Prop_BUFCE_BUFGCE_I_O)
                                                      0.024     3.938 r  clk_IBUF_BUFG_inst/O
    X2Y2 (CLOCK_ROOT)    net (fo=185544, estimated)
                                                      1.476     5.414    u_system/u_replay/g_array.u_array/u_array/u_ref/g_row[5].g_col[30].u_pe/clk_IBUF_BUFG
    SLICE_X17Y338        FDCE                                         r  u_system/u_replay/g_array.u_array/u_array/u_ref/g_row[5].g_col[30].u_pe/acc0_r_reg[14]/C
                         clock pessimism              0.309     5.723    
                         clock uncertainty           -0.085     5.638    
    SLICE_X17Y338        FDCE (Setup_CFF_SLICEM_C_CE)
                                                     -0.061     5.577    u_system/u_replay/g_array.u_array/u_array/u_ref/g_row[5].g_col[30].u_pe/acc0_r_reg[14]
  -------------------------------------------------------------------
                         required time                          5.577    
                         arrival time                          -5.074    
  -------------------------------------------------------------------
                         slack                                  0.503    

Slack (MET) :             0.504ns  (required time - arrival time)
  Source:                 u_system/u_replay/array_clr_reg/C
                            (rising edge-triggered cell FDCE clocked by clk  {rise@0.000ns fall@1.649ns period=3.298ns})
  Destination:            u_system/u_replay/g_array.u_array/u_array/u_ref/g_row[5].g_col[30].u_pe/acc0_r_reg[15]/CE
                            (rising edge-triggered cell FDCE clocked by clk  {rise@0.000ns fall@1.649ns period=3.298ns})
  Path Group:             clk
  Path Type:              Setup (Max at Slow Process Corner)
  Requirement:            3.298ns  (clk rise@3.298ns - clk rise@0.000ns)
  Data Path Delay:        2.794ns  (logic 0.148ns (5.297%)  route 2.646ns (94.703%))
  Logic Levels:           1  (LUT3=1)
  Clock Path Skew:        0.145ns (DCD - SCD + CPR)
    Destination Clock Delay (DCD):    2.116ns = ( 5.414 - 3.298 ) 
    Source Clock Delay      (SCD):    2.280ns
    Clock Pessimism Removal (CPR):    0.309ns
  Clock Uncertainty:      0.085ns  ((TSJ^2 + TIJ^2)^1/2 + DJ) / 2 + PE + UU
    Total System Jitter     (TSJ):    0.071ns
    Total Input Jitter      (TIJ):    0.000ns
    Discrete Jitter          (DJ):    0.000ns
    Phase Error              (PE):    0.000ns
    User Uncertainty         (UU):    0.050ns
  Clock Net Delay (Source):      1.351ns (routing 0.210ns, distribution 1.141ns)
  Clock Net Delay (Destination): 1.476ns (routing 0.190ns, distribution 1.286ns)

    Location             Delay type                Incr(ns)  Path(ns)    Netlist Resource(s)
  -------------------------------------------------------------------    -------------------
                         (clock clk rise edge)        0.000     0.000 r  
    AJ20                                              0.000     0.000 r  clk (IN)
                         net (fo=0)                   0.000     0.000    clk_IBUF_inst/I
    AJ20                 INBUF (Prop_INBUF_HPIOB_M_PAD_O)
                                                      0.565     0.565 r  clk_IBUF_inst/INBUF_INST/O
                         net (fo=1, routed)           0.000     0.565    clk_IBUF_inst/OUT
    AJ20                 IBUFCTRL (Prop_IBUFCTRL_HPIOB_M_I_O)
                                                      0.000     0.565 r  clk_IBUF_inst/IBUFCTRL_INST/O
                         net (fo=1, estimated)        0.336     0.901    clk_IBUF
    BUFGCE_X1Y71         BUFGCE (Prop_BUFCE_BUFGCE_I_O)
                                                      0.028     0.929 r  clk_IBUF_BUFG_inst/O
    X2Y2 (CLOCK_ROOT)    net (fo=185544, estimated)
                                                      1.351     2.280    u_system/u_replay/clk_IBUF_BUFG
    SLICE_X69Y234        FDCE                                         r  u_system/u_replay/array_clr_reg/C
  -------------------------------------------------------------------    -------------------
    SLICE_X69Y234        FDCE (Prop_AFF_SLICEL_C_Q)
                                                      0.079     2.359 r  u_system/u_replay/array_clr_reg/Q
                         net (fo=42240, estimated)    2.136     4.495    u_system/u_replay/g_array.u_array/u_array/u_ref/g_row[5].g_col[30].u_pe/array_clr
    SLICE_X18Y335        LUT3 (Prop_A5LUT_SLICEL_I2_O)
                                                      0.069     4.564 r  u_system/u_replay/g_array.u_array/u_array/u_ref/g_row[5].g_col[30].u_pe/acc0_r[26]_i_1__10/O
                         net (fo=54, estimated)       0.510     5.074    u_system/u_replay/g_array.u_array/u_array/u_ref/g_row[5].g_col[30].u_pe/acc1_r
    SLICE_X17Y338        FDCE                                         r  u_system/u_replay/g_array.u_array/u_array/u_ref/g_row[5].g_col[30].u_pe/acc0_r_reg[15]/CE
  -------------------------------------------------------------------    -------------------

                         (clock clk rise edge)        3.298     3.298 r  
    AJ20                                              0.000     3.298 r  clk (IN)
                         net (fo=0)                   0.000     3.298    clk_IBUF_inst/I
    AJ20                 INBUF (Prop_INBUF_HPIOB_M_PAD_O)
                                                      0.315     3.613 r  clk_IBUF_inst/INBUF_INST/O
                         net (fo=1, routed)           0.000     3.613    clk_IBUF_inst/OUT
    AJ20                 IBUFCTRL (Prop_IBUFCTRL_HPIOB_M_I_O)
                                                      0.000     3.613 r  clk_IBUF_inst/IBUFCTRL_INST/O
                         net (fo=1, estimated)        0.301     3.914    clk_IBUF
    BUFGCE_X1Y71         BUFGCE (Prop_BUFCE_BUFGCE_I_O)
                                                      0.024     3.938 r  clk_IBUF_BUFG_inst/O
    X2Y2 (CLOCK_ROOT)    net (fo=185544, estimated)
                                                      1.476     5.414    u_system/u_replay/g_array.u_array/u_array/u_ref/g_row[5].g_col[30].u_pe/clk_IBUF_BUFG
    SLICE_X17Y338        FDCE                                         r  u_system/u_replay/g_array.u_array/u_array/u_ref/g_row[5].g_col[30].u_pe/acc0_r_reg[15]/C
                         clock pessimism              0.309     5.723    
                         clock uncertainty           -0.085     5.638    
    SLICE_X17Y338        FDCE (Setup_DFF2_SLICEM_C_CE)
                                                     -0.060     5.578    u_system/u_replay/g_array.u_array/u_array/u_ref/g_row[5].g_col[30].u_pe/acc0_r_reg[15]
  -------------------------------------------------------------------
                         required time                          5.578    
                         arrival time                          -5.074    
  -------------------------------------------------------------------
                         slack                                  0.504    

Slack (MET) :             0.504ns  (required time - arrival time)
  Source:                 u_system/u_replay/array_clr_reg/C
                            (rising edge-triggered cell FDCE clocked by clk  {rise@0.000ns fall@1.649ns period=3.298ns})
  Destination:            u_system/u_replay/g_array.u_array/u_array/u_ref/g_row[5].g_col[30].u_pe/acc0_r_reg[18]/CE
                            (rising edge-triggered cell FDCE clocked by clk  {rise@0.000ns fall@1.649ns period=3.298ns})
  Path Group:             clk
  Path Type:              Setup (Max at Slow Process Corner)
  Requirement:            3.298ns  (clk rise@3.298ns - clk rise@0.000ns)
  Data Path Delay:        2.794ns  (logic 0.148ns (5.297%)  route 2.646ns (94.703%))
  Logic Levels:           1  (LUT3=1)
  Clock Path Skew:        0.145ns (DCD - SCD + CPR)
    Destination Clock Delay (DCD):    2.116ns = ( 5.414 - 3.298 ) 
    Source Clock Delay      (SCD):    2.280ns
    Clock Pessimism Removal (CPR):    0.309ns
  Clock Uncertainty:      0.085ns  ((TSJ^2 + TIJ^2)^1/2 + DJ) / 2 + PE + UU
    Total System Jitter     (TSJ):    0.071ns
    Total Input Jitter      (TIJ):    0.000ns
    Discrete Jitter          (DJ):    0.000ns
    Phase Error              (PE):    0.000ns
    User Uncertainty         (UU):    0.050ns
  Clock Net Delay (Source):      1.351ns (routing 0.210ns, distribution 1.141ns)
  Clock Net Delay (Destination): 1.476ns (routing 0.190ns, distribution 1.286ns)

    Location             Delay type                Incr(ns)  Path(ns)    Netlist Resource(s)
  -------------------------------------------------------------------    -------------------
                         (clock clk rise edge)        0.000     0.000 r  
    AJ20                                              0.000     0.000 r  clk (IN)
                         net (fo=0)                   0.000     0.000    clk_IBUF_inst/I
    AJ20                 INBUF (Prop_INBUF_HPIOB_M_PAD_O)
                                                      0.565     0.565 r  clk_IBUF_inst/INBUF_INST/O
                         net (fo=1, routed)           0.000     0.565    clk_IBUF_inst/OUT
    AJ20                 IBUFCTRL (Prop_IBUFCTRL_HPIOB_M_I_O)
                                                      0.000     0.565 r  clk_IBUF_inst/IBUFCTRL_INST/O
                         net (fo=1, estimated)        0.336     0.901    clk_IBUF
    BUFGCE_X1Y71         BUFGCE (Prop_BUFCE_BUFGCE_I_O)
                                                      0.028     0.929 r  clk_IBUF_BUFG_inst/O
    X2Y2 (CLOCK_ROOT)    net (fo=185544, estimated)
                                                      1.351     2.280    u_system/u_replay/clk_IBUF_BUFG
    SLICE_X69Y234        FDCE                                         r  u_system/u_replay/array_clr_reg/C
  -------------------------------------------------------------------    -------------------
    SLICE_X69Y234        FDCE (Prop_AFF_SLICEL_C_Q)
                                                      0.079     2.359 r  u_system/u_replay/array_clr_reg/Q
                         net (fo=42240, estimated)    2.136     4.495    u_system/u_replay/g_array.u_array/u_array/u_ref/g_row[5].g_col[30].u_pe/array_clr
    SLICE_X18Y335        LUT3 (Prop_A5LUT_SLICEL_I2_O)
                                                      0.069     4.564 r  u_system/u_replay/g_array.u_array/u_array/u_ref/g_row[5].g_col[30].u_pe/acc0_r[26]_i_1__10/O
                         net (fo=54, estimated)       0.510     5.074    u_system/u_replay/g_array.u_array/u_array/u_ref/g_row[5].g_col[30].u_pe/acc1_r
    SLICE_X17Y338        FDCE                                         r  u_system/u_replay/g_array.u_array/u_array/u_ref/g_row[5].g_col[30].u_pe/acc0_r_reg[18]/CE
  -------------------------------------------------------------------    -------------------

                         (clock clk rise edge)        3.298     3.298 r  
    AJ20                                              0.000     3.298 r  clk (IN)
                         net (fo=0)                   0.000     3.298    clk_IBUF_inst/I
    AJ20                 INBUF (Prop_INBUF_HPIOB_M_PAD_O)
                                                      0.315     3.613 r  clk_IBUF_inst/INBUF_INST/O
                         net (fo=1, routed)           0.000     3.613    clk_IBUF_inst/OUT
    AJ20                 IBUFCTRL (Prop_IBUFCTRL_HPIOB_M_I_O)
                                                      0.000     3.613 r  clk_IBUF_inst/IBUFCTRL_INST/O
                         net (fo=1, estimated)        0.301     3.914    clk_IBUF
    BUFGCE_X1Y71         BUFGCE (Prop_BUFCE_BUFGCE_I_O)
                                                      0.024     3.938 r  clk_IBUF_BUFG_inst/O
    X2Y2 (CLOCK_ROOT)    net (fo=185544, estimated)
                                                      1.476     5.414    u_system/u_replay/g_array.u_array/u_array/u_ref/g_row[5].g_col[30].u_pe/clk_IBUF_BUFG
    SLICE_X17Y338        FDCE                                         r  u_system/u_replay/g_array.u_array/u_array/u_ref/g_row[5].g_col[30].u_pe/acc0_r_reg[18]/C
                         clock pessimism              0.309     5.723    
                         clock uncertainty           -0.085     5.638    
    SLICE_X17Y338        FDCE (Setup_CFF2_SLICEM_C_CE)
                                                     -0.060     5.578    u_system/u_replay/g_array.u_array/u_array/u_ref/g_row[5].g_col[30].u_pe/acc0_r_reg[18]
  -------------------------------------------------------------------
                         required time                          5.578    
                         arrival time                          -5.074    
  -------------------------------------------------------------------
                         slack                                  0.504    

Slack (MET) :             0.504ns  (required time - arrival time)
  Source:                 u_system/u_replay/g_array.u_array/u_array/u_ref/g_row[2].g_col[18].u_pe/u_mul/w1_s0_reg[7]/C
                            (rising edge-triggered cell FDRE clocked by clk  {rise@0.000ns fall@1.649ns period=3.298ns})
  Destination:            u_system/u_replay/g_array.u_array/u_array/u_ref/g_row[2].g_col[18].u_pe/u_mul/u_dsp/DSP_M_DATA_INST/U[24]
                            (rising edge-triggered cell DSP_M_DATA clocked by clk  {rise@0.000ns fall@1.649ns period=3.298ns})
  Path Group:             clk
  Path Type:              Setup (Max at Slow Process Corner)
  Requirement:            3.298ns  (clk rise@3.298ns - clk rise@0.000ns)
  Data Path Delay:        2.540ns  (logic 1.543ns (60.748%)  route 0.997ns (39.252%))
  Logic Levels:           5  (DSP_MULTIPLIER=1 DSP_PREADD=1 DSP_PREADD_DATA=2 LUT1=1)
  Clock Path Skew:        -0.184ns (DCD - SCD + CPR)
    Destination Clock Delay (DCD):    1.798ns = ( 5.096 - 3.298 ) 
    Source Clock Delay      (SCD):    2.291ns
    Clock Pessimism Removal (CPR):    0.309ns
  Clock Uncertainty:      0.085ns  ((TSJ^2 + TIJ^2)^1/2 + DJ) / 2 + PE + UU
    Total System Jitter     (TSJ):    0.071ns
    Total Input Jitter      (TIJ):    0.000ns
    Discrete Jitter          (DJ):    0.000ns
    Phase Error              (PE):    0.000ns
    User Uncertainty         (UU):    0.050ns
  Clock Net Delay (Source):      1.362ns (routing 0.210ns, distribution 1.152ns)
  Clock Net Delay (Destination): 1.158ns (routing 0.190ns, distribution 0.968ns)

    Location             Delay type                Incr(ns)  Path(ns)    Netlist Resource(s)
  -------------------------------------------------------------------    -------------------
                         (clock clk rise edge)        0.000     0.000 r  
    AJ20                                              0.000     0.000 r  clk (IN)
                         net (fo=0)                   0.000     0.000    clk_IBUF_inst/I
    AJ20                 INBUF (Prop_INBUF_HPIOB_M_PAD_O)
                                                      0.565     0.565 r  clk_IBUF_inst/INBUF_INST/O
                         net (fo=1, routed)           0.000     0.565    clk_IBUF_inst/OUT
    AJ20                 IBUFCTRL (Prop_IBUFCTRL_HPIOB_M_I_O)
                                                      0.000     0.565 r  clk_IBUF_inst/IBUFCTRL_INST/O
                         net (fo=1, estimated)        0.336     0.901    clk_IBUF
    BUFGCE_X1Y71         BUFGCE (Prop_BUFCE_BUFGCE_I_O)
                                                      0.028     0.929 r  clk_IBUF_BUFG_inst/O
    X2Y2 (CLOCK_ROOT)    net (fo=185544, estimated)
                                                      1.362     2.291    u_system/u_replay/g_array.u_array/u_array/u_ref/g_row[2].g_col[18].u_pe/u_mul/clk_IBUF_BUFG
    SLICE_X81Y117        FDRE                                         r  u_system/u_replay/g_array.u_array/u_array/u_ref/g_row[2].g_col[18].u_pe/u_mul/w1_s0_reg[7]/C
  -------------------------------------------------------------------    -------------------
    SLICE_X81Y117        FDRE (Prop_HFF2_SLICEM_C_Q)
                                                      0.078     2.369 r  u_system/u_replay/g_array.u_array/u_array/u_ref/g_row[2].g_col[18].u_pe/u_mul/w1_s0_reg[7]/Q
                         net (fo=1, estimated)        0.209     2.578    u_system/u_replay/g_array.u_array/u_array/u_ref/g_row[2].g_col[18].u_pe/u_mul/w1_s0[7]
    SLICE_X79Y119        LUT1 (Prop_H6LUT_SLICEM_I0_O)
                                                      0.039     2.617 f  u_system/u_replay/g_array.u_array/u_array/u_ref/g_row[2].g_col[18].u_pe/u_mul/u_dsp_i_1/O
                         net (fo=1, estimated)        0.788     3.405    u_system/u_replay/g_array.u_array/u_array/u_ref/g_row[2].g_col[18].u_pe/u_mul/u_dsp/D[23]
    DSP48E2_X8Y70        DSP_PREADD_DATA (Prop_DSP_PREADD_DATA_DSP48E2_DIN[23]_D_DATA[23])
                                                      0.240     3.645 r  u_system/u_replay/g_array.u_array/u_array/u_ref/g_row[2].g_col[18].u_pe/u_mul/u_dsp/DSP_PREADD_DATA_INST/D_DATA[23]
                         net (fo=1, routed)           0.000     3.645    u_system/u_replay/g_array.u_array/u_array/u_ref/g_row[2].g_col[18].u_pe/u_mul/u_dsp/DSP_PREADD_DATA.D_DATA<23>
    DSP48E2_X8Y70        DSP_PREADD (Prop_DSP_PREADD_DSP48E2_D_DATA[23]_AD[23])
                                                      0.524     4.169 f  u_system/u_replay/g_array.u_array/u_array/u_ref/g_row[2].g_col[18].u_pe/u_mul/u_dsp/DSP_PREADD_INST/AD[23]
                         net (fo=1, routed)           0.000     4.169    u_system/u_replay/g_array.u_array/u_array/u_ref/g_row[2].g_col[18].u_pe/u_mul/u_dsp/DSP_PREADD.AD<23>
    DSP48E2_X8Y70        DSP_PREADD_DATA (Prop_DSP_PREADD_DATA_DSP48E2_AD[23]_AD_DATA[23])
                                                      0.050     4.219 r  u_system/u_replay/g_array.u_array/u_array/u_ref/g_row[2].g_col[18].u_pe/u_mul/u_dsp/DSP_PREADD_DATA_INST/AD_DATA[23]
                         net (fo=1, routed)           0.000     4.219    u_system/u_replay/g_array.u_array/u_array/u_ref/g_row[2].g_col[18].u_pe/u_mul/u_dsp/DSP_PREADD_DATA.AD_DATA<23>
    DSP48E2_X8Y70        DSP_MULTIPLIER (Prop_DSP_MULTIPLIER_DSP48E2_AD_DATA[23]_U[24])
                                                      0.612     4.831 r  u_system/u_replay/g_array.u_array/u_array/u_ref/g_row[2].g_col[18].u_pe/u_mul/u_dsp/DSP_MULTIPLIER_INST/U[24]
                         net (fo=1, routed)           0.000     4.831    u_system/u_replay/g_array.u_array/u_array/u_ref/g_row[2].g_col[18].u_pe/u_mul/u_dsp/DSP_MULTIPLIER.U<24>
    DSP48E2_X8Y70        DSP_M_DATA                                   r  u_system/u_replay/g_array.u_array/u_array/u_ref/g_row[2].g_col[18].u_pe/u_mul/u_dsp/DSP_M_DATA_INST/U[24]
  -------------------------------------------------------------------    -------------------

                         (clock clk rise edge)        3.298     3.298 r  
    AJ20                                              0.000     3.298 r  clk (IN)
                         net (fo=0)                   0.000     3.298    clk_IBUF_inst/I
    AJ20                 INBUF (Prop_INBUF_HPIOB_M_PAD_O)
                                                      0.315     3.613 r  clk_IBUF_inst/INBUF_INST/O
                         net (fo=1, routed)           0.000     3.613    clk_IBUF_inst/OUT
    AJ20                 IBUFCTRL (Prop_IBUFCTRL_HPIOB_M_I_O)
                                                      0.000     3.613 r  clk_IBUF_inst/IBUFCTRL_INST/O
                         net (fo=1, estimated)        0.301     3.914    clk_IBUF
    BUFGCE_X1Y71         BUFGCE (Prop_BUFCE_BUFGCE_I_O)
                                                      0.024     3.938 r  clk_IBUF_BUFG_inst/O
    X2Y2 (CLOCK_ROOT)    net (fo=185544, estimated)
                                                      1.158     5.096    u_system/u_replay/g_array.u_array/u_array/u_ref/g_row[2].g_col[18].u_pe/u_mul/u_dsp/CLK
    DSP48E2_X8Y70        DSP_M_DATA                                   r  u_system/u_replay/g_array.u_array/u_array/u_ref/g_row[2].g_col[18].u_pe/u_mul/u_dsp/DSP_M_DATA_INST/CLK
                         clock pessimism              0.309     5.405    
                         clock uncertainty           -0.085     5.320    
    DSP48E2_X8Y70        DSP_M_DATA (Setup_DSP_M_DATA_DSP48E2_CLK_U[24])
                                                      0.015     5.335    u_system/u_replay/g_array.u_array/u_array/u_ref/g_row[2].g_col[18].u_pe/u_mul/u_dsp/DSP_M_DATA_INST
  -------------------------------------------------------------------
                         required time                          5.335    
                         arrival time                          -4.831    
  -------------------------------------------------------------------
                         slack                                  0.504    

Slack (MET) :             0.504ns  (required time - arrival time)
  Source:                 u_system/u_replay/g_array.u_array/u_array/u_ref/g_row[2].g_col[18].u_pe/u_mul/w1_s0_reg[7]/C
                            (rising edge-triggered cell FDRE clocked by clk  {rise@0.000ns fall@1.649ns period=3.298ns})
  Destination:            u_system/u_replay/g_array.u_array/u_array/u_ref/g_row[2].g_col[18].u_pe/u_mul/u_dsp/DSP_M_DATA_INST/U[25]
                            (rising edge-triggered cell DSP_M_DATA clocked by clk  {rise@0.000ns fall@1.649ns period=3.298ns})
  Path Group:             clk
  Path Type:              Setup (Max at Slow Process Corner)
  Requirement:            3.298ns  (clk rise@3.298ns - clk rise@0.000ns)
  Data Path Delay:        2.540ns  (logic 1.543ns (60.748%)  route 0.997ns (39.252%))
  Logic Levels:           5  (DSP_MULTIPLIER=1 DSP_PREADD=1 DSP_PREADD_DATA=2 LUT1=1)
  Clock Path Skew:        -0.184ns (DCD - SCD + CPR)
    Destination Clock Delay (DCD):    1.798ns = ( 5.096 - 3.298 ) 
    Source Clock Delay      (SCD):    2.291ns
    Clock Pessimism Removal (CPR):    0.309ns
  Clock Uncertainty:      0.085ns  ((TSJ^2 + TIJ^2)^1/2 + DJ) / 2 + PE + UU
    Total System Jitter     (TSJ):    0.071ns
    Total Input Jitter      (TIJ):    0.000ns
    Discrete Jitter          (DJ):    0.000ns
    Phase Error              (PE):    0.000ns
    User Uncertainty         (UU):    0.050ns
  Clock Net Delay (Source):      1.362ns (routing 0.210ns, distribution 1.152ns)
  Clock Net Delay (Destination): 1.158ns (routing 0.190ns, distribution 0.968ns)

    Location             Delay type                Incr(ns)  Path(ns)    Netlist Resource(s)
  -------------------------------------------------------------------    -------------------
                         (clock clk rise edge)        0.000     0.000 r  
    AJ20                                              0.000     0.000 r  clk (IN)
                         net (fo=0)                   0.000     0.000    clk_IBUF_inst/I
    AJ20                 INBUF (Prop_INBUF_HPIOB_M_PAD_O)
                                                      0.565     0.565 r  clk_IBUF_inst/INBUF_INST/O
                         net (fo=1, routed)           0.000     0.565    clk_IBUF_inst/OUT
    AJ20                 IBUFCTRL (Prop_IBUFCTRL_HPIOB_M_I_O)
                                                      0.000     0.565 r  clk_IBUF_inst/IBUFCTRL_INST/O
                         net (fo=1, estimated)        0.336     0.901    clk_IBUF
    BUFGCE_X1Y71         BUFGCE (Prop_BUFCE_BUFGCE_I_O)
                                                      0.028     0.929 r  clk_IBUF_BUFG_inst/O
    X2Y2 (CLOCK_ROOT)    net (fo=185544, estimated)
                                                      1.362     2.291    u_system/u_replay/g_array.u_array/u_array/u_ref/g_row[2].g_col[18].u_pe/u_mul/clk_IBUF_BUFG
    SLICE_X81Y117        FDRE                                         r  u_system/u_replay/g_array.u_array/u_array/u_ref/g_row[2].g_col[18].u_pe/u_mul/w1_s0_reg[7]/C
  -------------------------------------------------------------------    -------------------
    SLICE_X81Y117        FDRE (Prop_HFF2_SLICEM_C_Q)
                                                      0.078     2.369 r  u_system/u_replay/g_array.u_array/u_array/u_ref/g_row[2].g_col[18].u_pe/u_mul/w1_s0_reg[7]/Q
                         net (fo=1, estimated)        0.209     2.578    u_system/u_replay/g_array.u_array/u_array/u_ref/g_row[2].g_col[18].u_pe/u_mul/w1_s0[7]
    SLICE_X79Y119        LUT1 (Prop_H6LUT_SLICEM_I0_O)
                                                      0.039     2.617 f  u_system/u_replay/g_array.u_array/u_array/u_ref/g_row[2].g_col[18].u_pe/u_mul/u_dsp_i_1/O
                         net (fo=1, estimated)        0.788     3.405    u_system/u_replay/g_array.u_array/u_array/u_ref/g_row[2].g_col[18].u_pe/u_mul/u_dsp/D[23]
    DSP48E2_X8Y70        DSP_PREADD_DATA (Prop_DSP_PREADD_DATA_DSP48E2_DIN[23]_D_DATA[23])
                                                      0.240     3.645 r  u_system/u_replay/g_array.u_array/u_array/u_ref/g_row[2].g_col[18].u_pe/u_mul/u_dsp/DSP_PREADD_DATA_INST/D_DATA[23]
                         net (fo=1, routed)           0.000     3.645    u_system/u_replay/g_array.u_array/u_array/u_ref/g_row[2].g_col[18].u_pe/u_mul/u_dsp/DSP_PREADD_DATA.D_DATA<23>
    DSP48E2_X8Y70        DSP_PREADD (Prop_DSP_PREADD_DSP48E2_D_DATA[23]_AD[24])
                                                      0.524     4.169 f  u_system/u_replay/g_array.u_array/u_array/u_ref/g_row[2].g_col[18].u_pe/u_mul/u_dsp/DSP_PREADD_INST/AD[24]
                         net (fo=1, routed)           0.000     4.169    u_system/u_replay/g_array.u_array/u_array/u_ref/g_row[2].g_col[18].u_pe/u_mul/u_dsp/DSP_PREADD.AD<24>
    DSP48E2_X8Y70        DSP_PREADD_DATA (Prop_DSP_PREADD_DATA_DSP48E2_AD[24]_AD_DATA[24])
                                                      0.050     4.219 r  u_system/u_replay/g_array.u_array/u_array/u_ref/g_row[2].g_col[18].u_pe/u_mul/u_dsp/DSP_PREADD_DATA_INST/AD_DATA[24]
                         net (fo=1, routed)           0.000     4.219    u_system/u_replay/g_array.u_array/u_array/u_ref/g_row[2].g_col[18].u_pe/u_mul/u_dsp/DSP_PREADD_DATA.AD_DATA<24>
    DSP48E2_X8Y70        DSP_MULTIPLIER (Prop_DSP_MULTIPLIER_DSP48E2_AD_DATA[24]_U[25])
                                                      0.612     4.831 r  u_system/u_replay/g_array.u_array/u_array/u_ref/g_row[2].g_col[18].u_pe/u_mul/u_dsp/DSP_MULTIPLIER_INST/U[25]
                         net (fo=1, routed)           0.000     4.831    u_system/u_replay/g_array.u_array/u_array/u_ref/g_row[2].g_col[18].u_pe/u_mul/u_dsp/DSP_MULTIPLIER.U<25>
    DSP48E2_X8Y70        DSP_M_DATA                                   r  u_system/u_replay/g_array.u_array/u_array/u_ref/g_row[2].g_col[18].u_pe/u_mul/u_dsp/DSP_M_DATA_INST/U[25]
  -------------------------------------------------------------------    -------------------

                         (clock clk rise edge)        3.298     3.298 r  
    AJ20                                              0.000     3.298 r  clk (IN)
                         net (fo=0)                   0.000     3.298    clk_IBUF_inst/I
    AJ20                 INBUF (Prop_INBUF_HPIOB_M_PAD_O)
                                                      0.315     3.613 r  clk_IBUF_inst/INBUF_INST/O
                         net (fo=1, routed)           0.000     3.613    clk_IBUF_inst/OUT
    AJ20                 IBUFCTRL (Prop_IBUFCTRL_HPIOB_M_I_O)
                                                      0.000     3.613 r  clk_IBUF_inst/IBUFCTRL_INST/O
                         net (fo=1, estimated)        0.301     3.914    clk_IBUF
    BUFGCE_X1Y71         BUFGCE (Prop_BUFCE_BUFGCE_I_O)
                                                      0.024     3.938 r  clk_IBUF_BUFG_inst/O
    X2Y2 (CLOCK_ROOT)    net (fo=185544, estimated)
                                                      1.158     5.096    u_system/u_replay/g_array.u_array/u_array/u_ref/g_row[2].g_col[18].u_pe/u_mul/u_dsp/CLK
    DSP48E2_X8Y70        DSP_M_DATA                                   r  u_system/u_replay/g_array.u_array/u_array/u_ref/g_row[2].g_col[18].u_pe/u_mul/u_dsp/DSP_M_DATA_INST/CLK
                         clock pessimism              0.309     5.405    
                         clock uncertainty           -0.085     5.320    
    DSP48E2_X8Y70        DSP_M_DATA (Setup_DSP_M_DATA_DSP48E2_CLK_U[25])
                                                      0.015     5.335    u_system/u_replay/g_array.u_array/u_array/u_ref/g_row[2].g_col[18].u_pe/u_mul/u_dsp/DSP_M_DATA_INST
  -------------------------------------------------------------------
                         required time                          5.335    
                         arrival time                          -4.831    
  -------------------------------------------------------------------
                         slack                                  0.504    

Slack (MET) :             0.504ns  (required time - arrival time)
  Source:                 u_system/u_replay/g_array.u_array/u_array/u_ref/g_row[2].g_col[18].u_pe/u_mul/w1_s0_reg[7]/C
                            (rising edge-triggered cell FDRE clocked by clk  {rise@0.000ns fall@1.649ns period=3.298ns})
  Destination:            u_system/u_replay/g_array.u_array/u_array/u_ref/g_row[2].g_col[18].u_pe/u_mul/u_dsp/DSP_M_DATA_INST/U[26]
                            (rising edge-triggered cell DSP_M_DATA clocked by clk  {rise@0.000ns fall@1.649ns period=3.298ns})
  Path Group:             clk
  Path Type:              Setup (Max at Slow Process Corner)
  Requirement:            3.298ns  (clk rise@3.298ns - clk rise@0.000ns)
  Data Path Delay:        2.540ns  (logic 1.543ns (60.748%)  route 0.997ns (39.252%))
  Logic Levels:           5  (DSP_MULTIPLIER=1 DSP_PREADD=1 DSP_PREADD_DATA=2 LUT1=1)
  Clock Path Skew:        -0.184ns (DCD - SCD + CPR)
    Destination Clock Delay (DCD):    1.798ns = ( 5.096 - 3.298 ) 
    Source Clock Delay      (SCD):    2.291ns
    Clock Pessimism Removal (CPR):    0.309ns
  Clock Uncertainty:      0.085ns  ((TSJ^2 + TIJ^2)^1/2 + DJ) / 2 + PE + UU
    Total System Jitter     (TSJ):    0.071ns
    Total Input Jitter      (TIJ):    0.000ns
    Discrete Jitter          (DJ):    0.000ns
    Phase Error              (PE):    0.000ns
    User Uncertainty         (UU):    0.050ns
  Clock Net Delay (Source):      1.362ns (routing 0.210ns, distribution 1.152ns)
  Clock Net Delay (Destination): 1.158ns (routing 0.190ns, distribution 0.968ns)

    Location             Delay type                Incr(ns)  Path(ns)    Netlist Resource(s)
  -------------------------------------------------------------------    -------------------
                         (clock clk rise edge)        0.000     0.000 r  
    AJ20                                              0.000     0.000 r  clk (IN)
                         net (fo=0)                   0.000     0.000    clk_IBUF_inst/I
    AJ20                 INBUF (Prop_INBUF_HPIOB_M_PAD_O)
                                                      0.565     0.565 r  clk_IBUF_inst/INBUF_INST/O
                         net (fo=1, routed)           0.000     0.565    clk_IBUF_inst/OUT
    AJ20                 IBUFCTRL (Prop_IBUFCTRL_HPIOB_M_I_O)
                                                      0.000     0.565 r  clk_IBUF_inst/IBUFCTRL_INST/O
                         net (fo=1, estimated)        0.336     0.901    clk_IBUF
    BUFGCE_X1Y71         BUFGCE (Prop_BUFCE_BUFGCE_I_O)
                                                      0.028     0.929 r  clk_IBUF_BUFG_inst/O
    X2Y2 (CLOCK_ROOT)    net (fo=185544, estimated)
                                                      1.362     2.291    u_system/u_replay/g_array.u_array/u_array/u_ref/g_row[2].g_col[18].u_pe/u_mul/clk_IBUF_BUFG
    SLICE_X81Y117        FDRE                                         r  u_system/u_replay/g_array.u_array/u_array/u_ref/g_row[2].g_col[18].u_pe/u_mul/w1_s0_reg[7]/C
  -------------------------------------------------------------------    -------------------
    SLICE_X81Y117        FDRE (Prop_HFF2_SLICEM_C_Q)
                                                      0.078     2.369 r  u_system/u_replay/g_array.u_array/u_array/u_ref/g_row[2].g_col[18].u_pe/u_mul/w1_s0_reg[7]/Q
                         net (fo=1, estimated)        0.209     2.578    u_system/u_replay/g_array.u_array/u_array/u_ref/g_row[2].g_col[18].u_pe/u_mul/w1_s0[7]
    SLICE_X79Y119        LUT1 (Prop_H6LUT_SLICEM_I0_O)
                                                      0.039     2.617 f  u_system/u_replay/g_array.u_array/u_array/u_ref/g_row[2].g_col[18].u_pe/u_mul/u_dsp_i_1/O
                         net (fo=1, estimated)        0.788     3.405    u_system/u_replay/g_array.u_array/u_array/u_ref/g_row[2].g_col[18].u_pe/u_mul/u_dsp/D[23]
    DSP48E2_X8Y70        DSP_PREADD_DATA (Prop_DSP_PREADD_DATA_DSP48E2_DIN[23]_D_DATA[23])
                                                      0.240     3.645 r  u_system/u_replay/g_array.u_array/u_array/u_ref/g_row[2].g_col[18].u_pe/u_mul/u_dsp/DSP_PREADD_DATA_INST/D_DATA[23]
                         net (fo=1, routed)           0.000     3.645    u_system/u_replay/g_array.u_array/u_array/u_ref/g_row[2].g_col[18].u_pe/u_mul/u_dsp/DSP_PREADD_DATA.D_DATA<23>
    DSP48E2_X8Y70        DSP_PREADD (Prop_DSP_PREADD_DSP48E2_D_DATA[23]_AD[25])
                                                      0.524     4.169 f  u_system/u_replay/g_array.u_array/u_array/u_ref/g_row[2].g_col[18].u_pe/u_mul/u_dsp/DSP_PREADD_INST/AD[25]
                         net (fo=1, routed)           0.000     4.169    u_system/u_replay/g_array.u_array/u_array/u_ref/g_row[2].g_col[18].u_pe/u_mul/u_dsp/DSP_PREADD.AD<25>
    DSP48E2_X8Y70        DSP_PREADD_DATA (Prop_DSP_PREADD_DATA_DSP48E2_AD[25]_AD_DATA[25])
                                                      0.050     4.219 r  u_system/u_replay/g_array.u_array/u_array/u_ref/g_row[2].g_col[18].u_pe/u_mul/u_dsp/DSP_PREADD_DATA_INST/AD_DATA[25]
                         net (fo=1, routed)           0.000     4.219    u_system/u_replay/g_array.u_array/u_array/u_ref/g_row[2].g_col[18].u_pe/u_mul/u_dsp/DSP_PREADD_DATA.AD_DATA<25>
    DSP48E2_X8Y70        DSP_MULTIPLIER (Prop_DSP_MULTIPLIER_DSP48E2_AD_DATA[25]_U[26])
                                                      0.612     4.831 r  u_system/u_replay/g_array.u_array/u_array/u_ref/g_row[2].g_col[18].u_pe/u_mul/u_dsp/DSP_MULTIPLIER_INST/U[26]
                         net (fo=1, routed)           0.000     4.831    u_system/u_replay/g_array.u_array/u_array/u_ref/g_row[2].g_col[18].u_pe/u_mul/u_dsp/DSP_MULTIPLIER.U<26>
    DSP48E2_X8Y70        DSP_M_DATA                                   r  u_system/u_replay/g_array.u_array/u_array/u_ref/g_row[2].g_col[18].u_pe/u_mul/u_dsp/DSP_M_DATA_INST/U[26]
  -------------------------------------------------------------------    -------------------

                         (clock clk rise edge)        3.298     3.298 r  
    AJ20                                              0.000     3.298 r  clk (IN)
                         net (fo=0)                   0.000     3.298    clk_IBUF_inst/I
    AJ20                 INBUF (Prop_INBUF_HPIOB_M_PAD_O)
                                                      0.315     3.613 r  clk_IBUF_inst/INBUF_INST/O
                         net (fo=1, routed)           0.000     3.613    clk_IBUF_inst/OUT
    AJ20                 IBUFCTRL (Prop_IBUFCTRL_HPIOB_M_I_O)
                                                      0.000     3.613 r  clk_IBUF_inst/IBUFCTRL_INST/O
                         net (fo=1, estimated)        0.301     3.914    clk_IBUF
    BUFGCE_X1Y71         BUFGCE (Prop_BUFCE_BUFGCE_I_O)
                                                      0.024     3.938 r  clk_IBUF_BUFG_inst/O
    X2Y2 (CLOCK_ROOT)    net (fo=185544, estimated)
                                                      1.158     5.096    u_system/u_replay/g_array.u_array/u_array/u_ref/g_row[2].g_col[18].u_pe/u_mul/u_dsp/CLK
    DSP48E2_X8Y70        DSP_M_DATA                                   r  u_system/u_replay/g_array.u_array/u_array/u_ref/g_row[2].g_col[18].u_pe/u_mul/u_dsp/DSP_M_DATA_INST/CLK
                         clock pessimism              0.309     5.405    
                         clock uncertainty           -0.085     5.320    
    DSP48E2_X8Y70        DSP_M_DATA (Setup_DSP_M_DATA_DSP48E2_CLK_U[26])
                                                      0.015     5.335    u_system/u_replay/g_array.u_array/u_array/u_ref/g_row[2].g_col[18].u_pe/u_mul/u_dsp/DSP_M_DATA_INST
  -------------------------------------------------------------------
                         required time                          5.335    
                         arrival time                          -4.831    
  -------------------------------------------------------------------
                         slack                                  0.504    

Slack (MET) :             0.504ns  (required time - arrival time)
  Source:                 u_system/u_replay/g_array.u_array/u_array/u_ref/g_row[2].g_col[18].u_pe/u_mul/w1_s0_reg[7]/C
                            (rising edge-triggered cell FDRE clocked by clk  {rise@0.000ns fall@1.649ns period=3.298ns})
  Destination:            u_system/u_replay/g_array.u_array/u_array/u_ref/g_row[2].g_col[18].u_pe/u_mul/u_dsp/DSP_M_DATA_INST/U[27]
                            (rising edge-triggered cell DSP_M_DATA clocked by clk  {rise@0.000ns fall@1.649ns period=3.298ns})
  Path Group:             clk
  Path Type:              Setup (Max at Slow Process Corner)
  Requirement:            3.298ns  (clk rise@3.298ns - clk rise@0.000ns)
  Data Path Delay:        2.540ns  (logic 1.543ns (60.748%)  route 0.997ns (39.252%))
  Logic Levels:           5  (DSP_MULTIPLIER=1 DSP_PREADD=1 DSP_PREADD_DATA=2 LUT1=1)
  Clock Path Skew:        -0.184ns (DCD - SCD + CPR)
    Destination Clock Delay (DCD):    1.798ns = ( 5.096 - 3.298 ) 
    Source Clock Delay      (SCD):    2.291ns
    Clock Pessimism Removal (CPR):    0.309ns
  Clock Uncertainty:      0.085ns  ((TSJ^2 + TIJ^2)^1/2 + DJ) / 2 + PE + UU
    Total System Jitter     (TSJ):    0.071ns
    Total Input Jitter      (TIJ):    0.000ns
    Discrete Jitter          (DJ):    0.000ns
    Phase Error              (PE):    0.000ns
    User Uncertainty         (UU):    0.050ns
  Clock Net Delay (Source):      1.362ns (routing 0.210ns, distribution 1.152ns)
  Clock Net Delay (Destination): 1.158ns (routing 0.190ns, distribution 0.968ns)

    Location             Delay type                Incr(ns)  Path(ns)    Netlist Resource(s)
  -------------------------------------------------------------------    -------------------
                         (clock clk rise edge)        0.000     0.000 r  
    AJ20                                              0.000     0.000 r  clk (IN)
                         net (fo=0)                   0.000     0.000    clk_IBUF_inst/I
    AJ20                 INBUF (Prop_INBUF_HPIOB_M_PAD_O)
                                                      0.565     0.565 r  clk_IBUF_inst/INBUF_INST/O
                         net (fo=1, routed)           0.000     0.565    clk_IBUF_inst/OUT
    AJ20                 IBUFCTRL (Prop_IBUFCTRL_HPIOB_M_I_O)
                                                      0.000     0.565 r  clk_IBUF_inst/IBUFCTRL_INST/O
                         net (fo=1, estimated)        0.336     0.901    clk_IBUF
    BUFGCE_X1Y71         BUFGCE (Prop_BUFCE_BUFGCE_I_O)
                                                      0.028     0.929 r  clk_IBUF_BUFG_inst/O
    X2Y2 (CLOCK_ROOT)    net (fo=185544, estimated)
                                                      1.362     2.291    u_system/u_replay/g_array.u_array/u_array/u_ref/g_row[2].g_col[18].u_pe/u_mul/clk_IBUF_BUFG
    SLICE_X81Y117        FDRE                                         r  u_system/u_replay/g_array.u_array/u_array/u_ref/g_row[2].g_col[18].u_pe/u_mul/w1_s0_reg[7]/C
  -------------------------------------------------------------------    -------------------
    SLICE_X81Y117        FDRE (Prop_HFF2_SLICEM_C_Q)
                                                      0.078     2.369 r  u_system/u_replay/g_array.u_array/u_array/u_ref/g_row[2].g_col[18].u_pe/u_mul/w1_s0_reg[7]/Q
                         net (fo=1, estimated)        0.209     2.578    u_system/u_replay/g_array.u_array/u_array/u_ref/g_row[2].g_col[18].u_pe/u_mul/w1_s0[7]
    SLICE_X79Y119        LUT1 (Prop_H6LUT_SLICEM_I0_O)
                                                      0.039     2.617 f  u_system/u_replay/g_array.u_array/u_array/u_ref/g_row[2].g_col[18].u_pe/u_mul/u_dsp_i_1/O
                         net (fo=1, estimated)        0.788     3.405    u_system/u_replay/g_array.u_array/u_array/u_ref/g_row[2].g_col[18].u_pe/u_mul/u_dsp/D[23]
    DSP48E2_X8Y70        DSP_PREADD_DATA (Prop_DSP_PREADD_DATA_DSP48E2_DIN[23]_D_DATA[23])
                                                      0.240     3.645 r  u_system/u_replay/g_array.u_array/u_array/u_ref/g_row[2].g_col[18].u_pe/u_mul/u_dsp/DSP_PREADD_DATA_INST/D_DATA[23]
                         net (fo=1, routed)           0.000     3.645    u_system/u_replay/g_array.u_array/u_array/u_ref/g_row[2].g_col[18].u_pe/u_mul/u_dsp/DSP_PREADD_DATA.D_DATA<23>
    DSP48E2_X8Y70        DSP_PREADD (Prop_DSP_PREADD_DSP48E2_D_DATA[23]_AD[26])
                                                      0.524     4.169 f  u_system/u_replay/g_array.u_array/u_array/u_ref/g_row[2].g_col[18].u_pe/u_mul/u_dsp/DSP_PREADD_INST/AD[26]
                         net (fo=1, routed)           0.000     4.169    u_system/u_replay/g_array.u_array/u_array/u_ref/g_row[2].g_col[18].u_pe/u_mul/u_dsp/DSP_PREADD.AD<26>
    DSP48E2_X8Y70        DSP_PREADD_DATA (Prop_DSP_PREADD_DATA_DSP48E2_AD[26]_AD_DATA[26])
                                                      0.050     4.219 r  u_system/u_replay/g_array.u_array/u_array/u_ref/g_row[2].g_col[18].u_pe/u_mul/u_dsp/DSP_PREADD_DATA_INST/AD_DATA[26]
                         net (fo=1, routed)           0.000     4.219    u_system/u_replay/g_array.u_array/u_array/u_ref/g_row[2].g_col[18].u_pe/u_mul/u_dsp/DSP_PREADD_DATA.AD_DATA<26>
    DSP48E2_X8Y70        DSP_MULTIPLIER (Prop_DSP_MULTIPLIER_DSP48E2_AD_DATA[26]_U[27])
                                                      0.612     4.831 r  u_system/u_replay/g_array.u_array/u_array/u_ref/g_row[2].g_col[18].u_pe/u_mul/u_dsp/DSP_MULTIPLIER_INST/U[27]
                         net (fo=1, routed)           0.000     4.831    u_system/u_replay/g_array.u_array/u_array/u_ref/g_row[2].g_col[18].u_pe/u_mul/u_dsp/DSP_MULTIPLIER.U<27>
    DSP48E2_X8Y70        DSP_M_DATA                                   r  u_system/u_replay/g_array.u_array/u_array/u_ref/g_row[2].g_col[18].u_pe/u_mul/u_dsp/DSP_M_DATA_INST/U[27]
  -------------------------------------------------------------------    -------------------

                         (clock clk rise edge)        3.298     3.298 r  
    AJ20                                              0.000     3.298 r  clk (IN)
                         net (fo=0)                   0.000     3.298    clk_IBUF_inst/I
    AJ20                 INBUF (Prop_INBUF_HPIOB_M_PAD_O)
                                                      0.315     3.613 r  clk_IBUF_inst/INBUF_INST/O
                         net (fo=1, routed)           0.000     3.613    clk_IBUF_inst/OUT
    AJ20                 IBUFCTRL (Prop_IBUFCTRL_HPIOB_M_I_O)
                                                      0.000     3.613 r  clk_IBUF_inst/IBUFCTRL_INST/O
                         net (fo=1, estimated)        0.301     3.914    clk_IBUF
    BUFGCE_X1Y71         BUFGCE (Prop_BUFCE_BUFGCE_I_O)
                                                      0.024     3.938 r  clk_IBUF_BUFG_inst/O
    X2Y2 (CLOCK_ROOT)    net (fo=185544, estimated)
                                                      1.158     5.096    u_system/u_replay/g_array.u_array/u_array/u_ref/g_row[2].g_col[18].u_pe/u_mul/u_dsp/CLK
    DSP48E2_X8Y70        DSP_M_DATA                                   r  u_system/u_replay/g_array.u_array/u_array/u_ref/g_row[2].g_col[18].u_pe/u_mul/u_dsp/DSP_M_DATA_INST/CLK
                         clock pessimism              0.309     5.405    
                         clock uncertainty           -0.085     5.320    
    DSP48E2_X8Y70        DSP_M_DATA (Setup_DSP_M_DATA_DSP48E2_CLK_U[27])
                                                      0.015     5.335    u_system/u_replay/g_array.u_array/u_array/u_ref/g_row[2].g_col[18].u_pe/u_mul/u_dsp/DSP_M_DATA_INST
  -------------------------------------------------------------------
                         required time                          5.335    
                         arrival time                          -4.831    
  -------------------------------------------------------------------
                         slack                                  0.504    

Slack (MET) :             0.504ns  (required time - arrival time)
  Source:                 u_system/u_replay/g_array.u_array/u_array/u_ref/g_row[2].g_col[18].u_pe/u_mul/w1_s0_reg[7]/C
                            (rising edge-triggered cell FDRE clocked by clk  {rise@0.000ns fall@1.649ns period=3.298ns})
  Destination:            u_system/u_replay/g_array.u_array/u_array/u_ref/g_row[2].g_col[18].u_pe/u_mul/u_dsp/DSP_M_DATA_INST/U[28]
                            (rising edge-triggered cell DSP_M_DATA clocked by clk  {rise@0.000ns fall@1.649ns period=3.298ns})
  Path Group:             clk
  Path Type:              Setup (Max at Slow Process Corner)
  Requirement:            3.298ns  (clk rise@3.298ns - clk rise@0.000ns)
  Data Path Delay:        2.540ns  (logic 1.543ns (60.748%)  route 0.997ns (39.252%))
  Logic Levels:           5  (DSP_MULTIPLIER=1 DSP_PREADD=1 DSP_PREADD_DATA=2 LUT1=1)
  Clock Path Skew:        -0.184ns (DCD - SCD + CPR)
    Destination Clock Delay (DCD):    1.798ns = ( 5.096 - 3.298 ) 
    Source Clock Delay      (SCD):    2.291ns
    Clock Pessimism Removal (CPR):    0.309ns
  Clock Uncertainty:      0.085ns  ((TSJ^2 + TIJ^2)^1/2 + DJ) / 2 + PE + UU
    Total System Jitter     (TSJ):    0.071ns
    Total Input Jitter      (TIJ):    0.000ns
    Discrete Jitter          (DJ):    0.000ns
    Phase Error              (PE):    0.000ns
    User Uncertainty         (UU):    0.050ns
  Clock Net Delay (Source):      1.362ns (routing 0.210ns, distribution 1.152ns)
  Clock Net Delay (Destination): 1.158ns (routing 0.190ns, distribution 0.968ns)

    Location             Delay type                Incr(ns)  Path(ns)    Netlist Resource(s)
  -------------------------------------------------------------------    -------------------
                         (clock clk rise edge)        0.000     0.000 r  
    AJ20                                              0.000     0.000 r  clk (IN)
                         net (fo=0)                   0.000     0.000    clk_IBUF_inst/I
    AJ20                 INBUF (Prop_INBUF_HPIOB_M_PAD_O)
                                                      0.565     0.565 r  clk_IBUF_inst/INBUF_INST/O
                         net (fo=1, routed)           0.000     0.565    clk_IBUF_inst/OUT
    AJ20                 IBUFCTRL (Prop_IBUFCTRL_HPIOB_M_I_O)
                                                      0.000     0.565 r  clk_IBUF_inst/IBUFCTRL_INST/O
                         net (fo=1, estimated)        0.336     0.901    clk_IBUF
    BUFGCE_X1Y71         BUFGCE (Prop_BUFCE_BUFGCE_I_O)
                                                      0.028     0.929 r  clk_IBUF_BUFG_inst/O
    X2Y2 (CLOCK_ROOT)    net (fo=185544, estimated)
                                                      1.362     2.291    u_system/u_replay/g_array.u_array/u_array/u_ref/g_row[2].g_col[18].u_pe/u_mul/clk_IBUF_BUFG
    SLICE_X81Y117        FDRE                                         r  u_system/u_replay/g_array.u_array/u_array/u_ref/g_row[2].g_col[18].u_pe/u_mul/w1_s0_reg[7]/C
  -------------------------------------------------------------------    -------------------
    SLICE_X81Y117        FDRE (Prop_HFF2_SLICEM_C_Q)
                                                      0.078     2.369 r  u_system/u_replay/g_array.u_array/u_array/u_ref/g_row[2].g_col[18].u_pe/u_mul/w1_s0_reg[7]/Q
                         net (fo=1, estimated)        0.209     2.578    u_system/u_replay/g_array.u_array/u_array/u_ref/g_row[2].g_col[18].u_pe/u_mul/w1_s0[7]
    SLICE_X79Y119        LUT1 (Prop_H6LUT_SLICEM_I0_O)
                                                      0.039     2.617 f  u_system/u_replay/g_array.u_array/u_array/u_ref/g_row[2].g_col[18].u_pe/u_mul/u_dsp_i_1/O
                         net (fo=1, estimated)        0.788     3.405    u_system/u_replay/g_array.u_array/u_array/u_ref/g_row[2].g_col[18].u_pe/u_mul/u_dsp/D[23]
    DSP48E2_X8Y70        DSP_PREADD_DATA (Prop_DSP_PREADD_DATA_DSP48E2_DIN[23]_D_DATA[23])
                                                      0.240     3.645 r  u_system/u_replay/g_array.u_array/u_array/u_ref/g_row[2].g_col[18].u_pe/u_mul/u_dsp/DSP_PREADD_DATA_INST/D_DATA[23]
                         net (fo=1, routed)           0.000     3.645    u_system/u_replay/g_array.u_array/u_array/u_ref/g_row[2].g_col[18].u_pe/u_mul/u_dsp/DSP_PREADD_DATA.D_DATA<23>
    DSP48E2_X8Y70        DSP_PREADD (Prop_DSP_PREADD_DSP48E2_D_DATA[23]_AD[26])
                                                      0.524     4.169 f  u_system/u_replay/g_array.u_array/u_array/u_ref/g_row[2].g_col[18].u_pe/u_mul/u_dsp/DSP_PREADD_INST/AD[26]
                         net (fo=1, routed)           0.000     4.169    u_system/u_replay/g_array.u_array/u_array/u_ref/g_row[2].g_col[18].u_pe/u_mul/u_dsp/DSP_PREADD.AD<26>
    DSP48E2_X8Y70        DSP_PREADD_DATA (Prop_DSP_PREADD_DATA_DSP48E2_AD[26]_AD_DATA[26])
                                                      0.050     4.219 r  u_system/u_replay/g_array.u_array/u_array/u_ref/g_row[2].g_col[18].u_pe/u_mul/u_dsp/DSP_PREADD_DATA_INST/AD_DATA[26]
                         net (fo=1, routed)           0.000     4.219    u_system/u_replay/g_array.u_array/u_array/u_ref/g_row[2].g_col[18].u_pe/u_mul/u_dsp/DSP_PREADD_DATA.AD_DATA<26>
    DSP48E2_X8Y70        DSP_MULTIPLIER (Prop_DSP_MULTIPLIER_DSP48E2_AD_DATA[26]_U[28])
                                                      0.612     4.831 r  u_system/u_replay/g_array.u_array/u_array/u_ref/g_row[2].g_col[18].u_pe/u_mul/u_dsp/DSP_MULTIPLIER_INST/U[28]
                         net (fo=1, routed)           0.000     4.831    u_system/u_replay/g_array.u_array/u_array/u_ref/g_row[2].g_col[18].u_pe/u_mul/u_dsp/DSP_MULTIPLIER.U<28>
    DSP48E2_X8Y70        DSP_M_DATA                                   r  u_system/u_replay/g_array.u_array/u_array/u_ref/g_row[2].g_col[18].u_pe/u_mul/u_dsp/DSP_M_DATA_INST/U[28]
  -------------------------------------------------------------------    -------------------

                         (clock clk rise edge)        3.298     3.298 r  
    AJ20                                              0.000     3.298 r  clk (IN)
                         net (fo=0)                   0.000     3.298    clk_IBUF_inst/I
    AJ20                 INBUF (Prop_INBUF_HPIOB_M_PAD_O)
                                                      0.315     3.613 r  clk_IBUF_inst/INBUF_INST/O
                         net (fo=1, routed)           0.000     3.613    clk_IBUF_inst/OUT
    AJ20                 IBUFCTRL (Prop_IBUFCTRL_HPIOB_M_I_O)
                                                      0.000     3.613 r  clk_IBUF_inst/IBUFCTRL_INST/O
                         net (fo=1, estimated)        0.301     3.914    clk_IBUF
    BUFGCE_X1Y71         BUFGCE (Prop_BUFCE_BUFGCE_I_O)
                                                      0.024     3.938 r  clk_IBUF_BUFG_inst/O
    X2Y2 (CLOCK_ROOT)    net (fo=185544, estimated)
                                                      1.158     5.096    u_system/u_replay/g_array.u_array/u_array/u_ref/g_row[2].g_col[18].u_pe/u_mul/u_dsp/CLK
    DSP48E2_X8Y70        DSP_M_DATA                                   r  u_system/u_replay/g_array.u_array/u_array/u_ref/g_row[2].g_col[18].u_pe/u_mul/u_dsp/DSP_M_DATA_INST/CLK
                         clock pessimism              0.309     5.405    
                         clock uncertainty           -0.085     5.320    
    DSP48E2_X8Y70        DSP_M_DATA (Setup_DSP_M_DATA_DSP48E2_CLK_U[28])
                                                      0.015     5.335    u_system/u_replay/g_array.u_array/u_array/u_ref/g_row[2].g_col[18].u_pe/u_mul/u_dsp/DSP_M_DATA_INST
  -------------------------------------------------------------------
                         required time                          5.335    
                         arrival time                          -4.831    
  -------------------------------------------------------------------
                         slack                                  0.504    

Slack (MET) :             0.504ns  (required time - arrival time)
  Source:                 u_system/u_replay/g_array.u_array/u_array/u_ref/g_row[2].g_col[18].u_pe/u_mul/w1_s0_reg[7]/C
                            (rising edge-triggered cell FDRE clocked by clk  {rise@0.000ns fall@1.649ns period=3.298ns})
  Destination:            u_system/u_replay/g_array.u_array/u_array/u_ref/g_row[2].g_col[18].u_pe/u_mul/u_dsp/DSP_M_DATA_INST/U[29]
                            (rising edge-triggered cell DSP_M_DATA clocked by clk  {rise@0.000ns fall@1.649ns period=3.298ns})
  Path Group:             clk
  Path Type:              Setup (Max at Slow Process Corner)
  Requirement:            3.298ns  (clk rise@3.298ns - clk rise@0.000ns)
  Data Path Delay:        2.540ns  (logic 1.543ns (60.748%)  route 0.997ns (39.252%))
  Logic Levels:           5  (DSP_MULTIPLIER=1 DSP_PREADD=1 DSP_PREADD_DATA=2 LUT1=1)
  Clock Path Skew:        -0.184ns (DCD - SCD + CPR)
    Destination Clock Delay (DCD):    1.798ns = ( 5.096 - 3.298 ) 
    Source Clock Delay      (SCD):    2.291ns
    Clock Pessimism Removal (CPR):    0.309ns
  Clock Uncertainty:      0.085ns  ((TSJ^2 + TIJ^2)^1/2 + DJ) / 2 + PE + UU
    Total System Jitter     (TSJ):    0.071ns
    Total Input Jitter      (TIJ):    0.000ns
    Discrete Jitter          (DJ):    0.000ns
    Phase Error              (PE):    0.000ns
    User Uncertainty         (UU):    0.050ns
  Clock Net Delay (Source):      1.362ns (routing 0.210ns, distribution 1.152ns)
  Clock Net Delay (Destination): 1.158ns (routing 0.190ns, distribution 0.968ns)

    Location             Delay type                Incr(ns)  Path(ns)    Netlist Resource(s)
  -------------------------------------------------------------------    -------------------
                         (clock clk rise edge)        0.000     0.000 r  
    AJ20                                              0.000     0.000 r  clk (IN)
                         net (fo=0)                   0.000     0.000    clk_IBUF_inst/I
    AJ20                 INBUF (Prop_INBUF_HPIOB_M_PAD_O)
                                                      0.565     0.565 r  clk_IBUF_inst/INBUF_INST/O
                         net (fo=1, routed)           0.000     0.565    clk_IBUF_inst/OUT
    AJ20                 IBUFCTRL (Prop_IBUFCTRL_HPIOB_M_I_O)
                                                      0.000     0.565 r  clk_IBUF_inst/IBUFCTRL_INST/O
                         net (fo=1, estimated)        0.336     0.901    clk_IBUF
    BUFGCE_X1Y71         BUFGCE (Prop_BUFCE_BUFGCE_I_O)
                                                      0.028     0.929 r  clk_IBUF_BUFG_inst/O
    X2Y2 (CLOCK_ROOT)    net (fo=185544, estimated)
                                                      1.362     2.291    u_system/u_replay/g_array.u_array/u_array/u_ref/g_row[2].g_col[18].u_pe/u_mul/clk_IBUF_BUFG
    SLICE_X81Y117        FDRE                                         r  u_system/u_replay/g_array.u_array/u_array/u_ref/g_row[2].g_col[18].u_pe/u_mul/w1_s0_reg[7]/C
  -------------------------------------------------------------------    -------------------
    SLICE_X81Y117        FDRE (Prop_HFF2_SLICEM_C_Q)
                                                      0.078     2.369 r  u_system/u_replay/g_array.u_array/u_array/u_ref/g_row[2].g_col[18].u_pe/u_mul/w1_s0_reg[7]/Q
                         net (fo=1, estimated)        0.209     2.578    u_system/u_replay/g_array.u_array/u_array/u_ref/g_row[2].g_col[18].u_pe/u_mul/w1_s0[7]
    SLICE_X79Y119        LUT1 (Prop_H6LUT_SLICEM_I0_O)
                                                      0.039     2.617 f  u_system/u_replay/g_array.u_array/u_array/u_ref/g_row[2].g_col[18].u_pe/u_mul/u_dsp_i_1/O
                         net (fo=1, estimated)        0.788     3.405    u_system/u_replay/g_array.u_array/u_array/u_ref/g_row[2].g_col[18].u_pe/u_mul/u_dsp/D[23]
    DSP48E2_X8Y70        DSP_PREADD_DATA (Prop_DSP_PREADD_DATA_DSP48E2_DIN[23]_D_DATA[23])
                                                      0.240     3.645 r  u_system/u_replay/g_array.u_array/u_array/u_ref/g_row[2].g_col[18].u_pe/u_mul/u_dsp/DSP_PREADD_DATA_INST/D_DATA[23]
                         net (fo=1, routed)           0.000     3.645    u_system/u_replay/g_array.u_array/u_array/u_ref/g_row[2].g_col[18].u_pe/u_mul/u_dsp/DSP_PREADD_DATA.D_DATA<23>
    DSP48E2_X8Y70        DSP_PREADD (Prop_DSP_PREADD_DSP48E2_D_DATA[23]_AD[26])
                                                      0.524     4.169 f  u_system/u_replay/g_array.u_array/u_array/u_ref/g_row[2].g_col[18].u_pe/u_mul/u_dsp/DSP_PREADD_INST/AD[26]
                         net (fo=1, routed)           0.000     4.169    u_system/u_replay/g_array.u_array/u_array/u_ref/g_row[2].g_col[18].u_pe/u_mul/u_dsp/DSP_PREADD.AD<26>
    DSP48E2_X8Y70        DSP_PREADD_DATA (Prop_DSP_PREADD_DATA_DSP48E2_AD[26]_AD_DATA[26])
                                                      0.050     4.219 r  u_system/u_replay/g_array.u_array/u_array/u_ref/g_row[2].g_col[18].u_pe/u_mul/u_dsp/DSP_PREADD_DATA_INST/AD_DATA[26]
                         net (fo=1, routed)           0.000     4.219    u_system/u_replay/g_array.u_array/u_array/u_ref/g_row[2].g_col[18].u_pe/u_mul/u_dsp/DSP_PREADD_DATA.AD_DATA<26>
    DSP48E2_X8Y70        DSP_MULTIPLIER (Prop_DSP_MULTIPLIER_DSP48E2_AD_DATA[26]_U[29])
                                                      0.612     4.831 r  u_system/u_replay/g_array.u_array/u_array/u_ref/g_row[2].g_col[18].u_pe/u_mul/u_dsp/DSP_MULTIPLIER_INST/U[29]
                         net (fo=1, routed)           0.000     4.831    u_system/u_replay/g_array.u_array/u_array/u_ref/g_row[2].g_col[18].u_pe/u_mul/u_dsp/DSP_MULTIPLIER.U<29>
    DSP48E2_X8Y70        DSP_M_DATA                                   r  u_system/u_replay/g_array.u_array/u_array/u_ref/g_row[2].g_col[18].u_pe/u_mul/u_dsp/DSP_M_DATA_INST/U[29]
  -------------------------------------------------------------------    -------------------

                         (clock clk rise edge)        3.298     3.298 r  
    AJ20                                              0.000     3.298 r  clk (IN)
                         net (fo=0)                   0.000     3.298    clk_IBUF_inst/I
    AJ20                 INBUF (Prop_INBUF_HPIOB_M_PAD_O)
                                                      0.315     3.613 r  clk_IBUF_inst/INBUF_INST/O
                         net (fo=1, routed)           0.000     3.613    clk_IBUF_inst/OUT
    AJ20                 IBUFCTRL (Prop_IBUFCTRL_HPIOB_M_I_O)
                                                      0.000     3.613 r  clk_IBUF_inst/IBUFCTRL_INST/O
                         net (fo=1, estimated)        0.301     3.914    clk_IBUF
    BUFGCE_X1Y71         BUFGCE (Prop_BUFCE_BUFGCE_I_O)
                                                      0.024     3.938 r  clk_IBUF_BUFG_inst/O
    X2Y2 (CLOCK_ROOT)    net (fo=185544, estimated)
                                                      1.158     5.096    u_system/u_replay/g_array.u_array/u_array/u_ref/g_row[2].g_col[18].u_pe/u_mul/u_dsp/CLK
    DSP48E2_X8Y70        DSP_M_DATA                                   r  u_system/u_replay/g_array.u_array/u_array/u_ref/g_row[2].g_col[18].u_pe/u_mul/u_dsp/DSP_M_DATA_INST/CLK
                         clock pessimism              0.309     5.405    
                         clock uncertainty           -0.085     5.320    
    DSP48E2_X8Y70        DSP_M_DATA (Setup_DSP_M_DATA_DSP48E2_CLK_U[29])
                                                      0.015     5.335    u_system/u_replay/g_array.u_array/u_array/u_ref/g_row[2].g_col[18].u_pe/u_mul/u_dsp/DSP_M_DATA_INST
  -------------------------------------------------------------------
                         required time                          5.335    
                         arrival time                          -4.831    
  -------------------------------------------------------------------
                         slack                                  0.504    

Slack (MET) :             0.504ns  (required time - arrival time)
  Source:                 u_system/u_replay/g_array.u_array/u_array/u_ref/g_row[2].g_col[18].u_pe/u_mul/w1_s0_reg[7]/C
                            (rising edge-triggered cell FDRE clocked by clk  {rise@0.000ns fall@1.649ns period=3.298ns})
  Destination:            u_system/u_replay/g_array.u_array/u_array/u_ref/g_row[2].g_col[18].u_pe/u_mul/u_dsp/DSP_M_DATA_INST/U[30]
                            (rising edge-triggered cell DSP_M_DATA clocked by clk  {rise@0.000ns fall@1.649ns period=3.298ns})
  Path Group:             clk
  Path Type:              Setup (Max at Slow Process Corner)
  Requirement:            3.298ns  (clk rise@3.298ns - clk rise@0.000ns)
  Data Path Delay:        2.540ns  (logic 1.543ns (60.748%)  route 0.997ns (39.252%))
  Logic Levels:           5  (DSP_MULTIPLIER=1 DSP_PREADD=1 DSP_PREADD_DATA=2 LUT1=1)
  Clock Path Skew:        -0.184ns (DCD - SCD + CPR)
    Destination Clock Delay (DCD):    1.798ns = ( 5.096 - 3.298 ) 
    Source Clock Delay      (SCD):    2.291ns
    Clock Pessimism Removal (CPR):    0.309ns
  Clock Uncertainty:      0.085ns  ((TSJ^2 + TIJ^2)^1/2 + DJ) / 2 + PE + UU
    Total System Jitter     (TSJ):    0.071ns
    Total Input Jitter      (TIJ):    0.000ns
    Discrete Jitter          (DJ):    0.000ns
    Phase Error              (PE):    0.000ns
    User Uncertainty         (UU):    0.050ns
  Clock Net Delay (Source):      1.362ns (routing 0.210ns, distribution 1.152ns)
  Clock Net Delay (Destination): 1.158ns (routing 0.190ns, distribution 0.968ns)

    Location             Delay type                Incr(ns)  Path(ns)    Netlist Resource(s)
  -------------------------------------------------------------------    -------------------
                         (clock clk rise edge)        0.000     0.000 r  
    AJ20                                              0.000     0.000 r  clk (IN)
                         net (fo=0)                   0.000     0.000    clk_IBUF_inst/I
    AJ20                 INBUF (Prop_INBUF_HPIOB_M_PAD_O)
                                                      0.565     0.565 r  clk_IBUF_inst/INBUF_INST/O
                         net (fo=1, routed)           0.000     0.565    clk_IBUF_inst/OUT
    AJ20                 IBUFCTRL (Prop_IBUFCTRL_HPIOB_M_I_O)
                                                      0.000     0.565 r  clk_IBUF_inst/IBUFCTRL_INST/O
                         net (fo=1, estimated)        0.336     0.901    clk_IBUF
    BUFGCE_X1Y71         BUFGCE (Prop_BUFCE_BUFGCE_I_O)
                                                      0.028     0.929 r  clk_IBUF_BUFG_inst/O
    X2Y2 (CLOCK_ROOT)    net (fo=185544, estimated)
                                                      1.362     2.291    u_system/u_replay/g_array.u_array/u_array/u_ref/g_row[2].g_col[18].u_pe/u_mul/clk_IBUF_BUFG
    SLICE_X81Y117        FDRE                                         r  u_system/u_replay/g_array.u_array/u_array/u_ref/g_row[2].g_col[18].u_pe/u_mul/w1_s0_reg[7]/C
  -------------------------------------------------------------------    -------------------
    SLICE_X81Y117        FDRE (Prop_HFF2_SLICEM_C_Q)
                                                      0.078     2.369 r  u_system/u_replay/g_array.u_array/u_array/u_ref/g_row[2].g_col[18].u_pe/u_mul/w1_s0_reg[7]/Q
                         net (fo=1, estimated)        0.209     2.578    u_system/u_replay/g_array.u_array/u_array/u_ref/g_row[2].g_col[18].u_pe/u_mul/w1_s0[7]
    SLICE_X79Y119        LUT1 (Prop_H6LUT_SLICEM_I0_O)
                                                      0.039     2.617 f  u_system/u_replay/g_array.u_array/u_array/u_ref/g_row[2].g_col[18].u_pe/u_mul/u_dsp_i_1/O
                         net (fo=1, estimated)        0.788     3.405    u_system/u_replay/g_array.u_array/u_array/u_ref/g_row[2].g_col[18].u_pe/u_mul/u_dsp/D[23]
    DSP48E2_X8Y70        DSP_PREADD_DATA (Prop_DSP_PREADD_DATA_DSP48E2_DIN[23]_D_DATA[23])
                                                      0.240     3.645 r  u_system/u_replay/g_array.u_array/u_array/u_ref/g_row[2].g_col[18].u_pe/u_mul/u_dsp/DSP_PREADD_DATA_INST/D_DATA[23]
                         net (fo=1, routed)           0.000     3.645    u_system/u_replay/g_array.u_array/u_array/u_ref/g_row[2].g_col[18].u_pe/u_mul/u_dsp/DSP_PREADD_DATA.D_DATA<23>
    DSP48E2_X8Y70        DSP_PREADD (Prop_DSP_PREADD_DSP48E2_D_DATA[23]_AD[26])
                                                      0.524     4.169 f  u_system/u_replay/g_array.u_array/u_array/u_ref/g_row[2].g_col[18].u_pe/u_mul/u_dsp/DSP_PREADD_INST/AD[26]
                         net (fo=1, routed)           0.000     4.169    u_system/u_replay/g_array.u_array/u_array/u_ref/g_row[2].g_col[18].u_pe/u_mul/u_dsp/DSP_PREADD.AD<26>
    DSP48E2_X8Y70        DSP_PREADD_DATA (Prop_DSP_PREADD_DATA_DSP48E2_AD[26]_AD_DATA[26])
                                                      0.050     4.219 r  u_system/u_replay/g_array.u_array/u_array/u_ref/g_row[2].g_col[18].u_pe/u_mul/u_dsp/DSP_PREADD_DATA_INST/AD_DATA[26]
                         net (fo=1, routed)           0.000     4.219    u_system/u_replay/g_array.u_array/u_array/u_ref/g_row[2].g_col[18].u_pe/u_mul/u_dsp/DSP_PREADD_DATA.AD_DATA<26>
    DSP48E2_X8Y70        DSP_MULTIPLIER (Prop_DSP_MULTIPLIER_DSP48E2_AD_DATA[26]_U[30])
                                                      0.612     4.831 r  u_system/u_replay/g_array.u_array/u_array/u_ref/g_row[2].g_col[18].u_pe/u_mul/u_dsp/DSP_MULTIPLIER_INST/U[30]
                         net (fo=1, routed)           0.000     4.831    u_system/u_replay/g_array.u_array/u_array/u_ref/g_row[2].g_col[18].u_pe/u_mul/u_dsp/DSP_MULTIPLIER.U<30>
    DSP48E2_X8Y70        DSP_M_DATA                                   r  u_system/u_replay/g_array.u_array/u_array/u_ref/g_row[2].g_col[18].u_pe/u_mul/u_dsp/DSP_M_DATA_INST/U[30]
  -------------------------------------------------------------------    -------------------

                         (clock clk rise edge)        3.298     3.298 r  
    AJ20                                              0.000     3.298 r  clk (IN)
                         net (fo=0)                   0.000     3.298    clk_IBUF_inst/I
    AJ20                 INBUF (Prop_INBUF_HPIOB_M_PAD_O)
                                                      0.315     3.613 r  clk_IBUF_inst/INBUF_INST/O
                         net (fo=1, routed)           0.000     3.613    clk_IBUF_inst/OUT
    AJ20                 IBUFCTRL (Prop_IBUFCTRL_HPIOB_M_I_O)
                                                      0.000     3.613 r  clk_IBUF_inst/IBUFCTRL_INST/O
                         net (fo=1, estimated)        0.301     3.914    clk_IBUF
    BUFGCE_X1Y71         BUFGCE (Prop_BUFCE_BUFGCE_I_O)
                                                      0.024     3.938 r  clk_IBUF_BUFG_inst/O
    X2Y2 (CLOCK_ROOT)    net (fo=185544, estimated)
                                                      1.158     5.096    u_system/u_replay/g_array.u_array/u_array/u_ref/g_row[2].g_col[18].u_pe/u_mul/u_dsp/CLK
    DSP48E2_X8Y70        DSP_M_DATA                                   r  u_system/u_replay/g_array.u_array/u_array/u_ref/g_row[2].g_col[18].u_pe/u_mul/u_dsp/DSP_M_DATA_INST/CLK
                         clock pessimism              0.309     5.405    
                         clock uncertainty           -0.085     5.320    
    DSP48E2_X8Y70        DSP_M_DATA (Setup_DSP_M_DATA_DSP48E2_CLK_U[30])
                                                      0.015     5.335    u_system/u_replay/g_array.u_array/u_array/u_ref/g_row[2].g_col[18].u_pe/u_mul/u_dsp/DSP_M_DATA_INST
  -------------------------------------------------------------------
                         required time                          5.335    
                         arrival time                          -4.831    
  -------------------------------------------------------------------
                         slack                                  0.504    

Slack (MET) :             0.504ns  (required time - arrival time)
  Source:                 u_system/u_replay/g_array.u_array/u_array/u_ref/g_row[2].g_col[18].u_pe/u_mul/w1_s0_reg[7]/C
                            (rising edge-triggered cell FDRE clocked by clk  {rise@0.000ns fall@1.649ns period=3.298ns})
  Destination:            u_system/u_replay/g_array.u_array/u_array/u_ref/g_row[2].g_col[18].u_pe/u_mul/u_dsp/DSP_M_DATA_INST/U[31]
                            (rising edge-triggered cell DSP_M_DATA clocked by clk  {rise@0.000ns fall@1.649ns period=3.298ns})
  Path Group:             clk
  Path Type:              Setup (Max at Slow Process Corner)
  Requirement:            3.298ns  (clk rise@3.298ns - clk rise@0.000ns)
  Data Path Delay:        2.540ns  (logic 1.543ns (60.748%)  route 0.997ns (39.252%))
  Logic Levels:           5  (DSP_MULTIPLIER=1 DSP_PREADD=1 DSP_PREADD_DATA=2 LUT1=1)
  Clock Path Skew:        -0.184ns (DCD - SCD + CPR)
    Destination Clock Delay (DCD):    1.798ns = ( 5.096 - 3.298 ) 
    Source Clock Delay      (SCD):    2.291ns
    Clock Pessimism Removal (CPR):    0.309ns
  Clock Uncertainty:      0.085ns  ((TSJ^2 + TIJ^2)^1/2 + DJ) / 2 + PE + UU
    Total System Jitter     (TSJ):    0.071ns
    Total Input Jitter      (TIJ):    0.000ns
    Discrete Jitter          (DJ):    0.000ns
    Phase Error              (PE):    0.000ns
    User Uncertainty         (UU):    0.050ns
  Clock Net Delay (Source):      1.362ns (routing 0.210ns, distribution 1.152ns)
  Clock Net Delay (Destination): 1.158ns (routing 0.190ns, distribution 0.968ns)

    Location             Delay type                Incr(ns)  Path(ns)    Netlist Resource(s)
  -------------------------------------------------------------------    -------------------
                         (clock clk rise edge)        0.000     0.000 r  
    AJ20                                              0.000     0.000 r  clk (IN)
                         net (fo=0)                   0.000     0.000    clk_IBUF_inst/I
    AJ20                 INBUF (Prop_INBUF_HPIOB_M_PAD_O)
                                                      0.565     0.565 r  clk_IBUF_inst/INBUF_INST/O
                         net (fo=1, routed)           0.000     0.565    clk_IBUF_inst/OUT
    AJ20                 IBUFCTRL (Prop_IBUFCTRL_HPIOB_M_I_O)
                                                      0.000     0.565 r  clk_IBUF_inst/IBUFCTRL_INST/O
                         net (fo=1, estimated)        0.336     0.901    clk_IBUF
    BUFGCE_X1Y71         BUFGCE (Prop_BUFCE_BUFGCE_I_O)
                                                      0.028     0.929 r  clk_IBUF_BUFG_inst/O
    X2Y2 (CLOCK_ROOT)    net (fo=185544, estimated)
                                                      1.362     2.291    u_system/u_replay/g_array.u_array/u_array/u_ref/g_row[2].g_col[18].u_pe/u_mul/clk_IBUF_BUFG
    SLICE_X81Y117        FDRE                                         r  u_system/u_replay/g_array.u_array/u_array/u_ref/g_row[2].g_col[18].u_pe/u_mul/w1_s0_reg[7]/C
  -------------------------------------------------------------------    -------------------
    SLICE_X81Y117        FDRE (Prop_HFF2_SLICEM_C_Q)
                                                      0.078     2.369 r  u_system/u_replay/g_array.u_array/u_array/u_ref/g_row[2].g_col[18].u_pe/u_mul/w1_s0_reg[7]/Q
                         net (fo=1, estimated)        0.209     2.578    u_system/u_replay/g_array.u_array/u_array/u_ref/g_row[2].g_col[18].u_pe/u_mul/w1_s0[7]
    SLICE_X79Y119        LUT1 (Prop_H6LUT_SLICEM_I0_O)
                                                      0.039     2.617 f  u_system/u_replay/g_array.u_array/u_array/u_ref/g_row[2].g_col[18].u_pe/u_mul/u_dsp_i_1/O
                         net (fo=1, estimated)        0.788     3.405    u_system/u_replay/g_array.u_array/u_array/u_ref/g_row[2].g_col[18].u_pe/u_mul/u_dsp/D[23]
    DSP48E2_X8Y70        DSP_PREADD_DATA (Prop_DSP_PREADD_DATA_DSP48E2_DIN[23]_D_DATA[23])
                                                      0.240     3.645 r  u_system/u_replay/g_array.u_array/u_array/u_ref/g_row[2].g_col[18].u_pe/u_mul/u_dsp/DSP_PREADD_DATA_INST/D_DATA[23]
                         net (fo=1, routed)           0.000     3.645    u_system/u_replay/g_array.u_array/u_array/u_ref/g_row[2].g_col[18].u_pe/u_mul/u_dsp/DSP_PREADD_DATA.D_DATA<23>
    DSP48E2_X8Y70        DSP_PREADD (Prop_DSP_PREADD_DSP48E2_D_DATA[23]_AD[26])
                                                      0.524     4.169 f  u_system/u_replay/g_array.u_array/u_array/u_ref/g_row[2].g_col[18].u_pe/u_mul/u_dsp/DSP_PREADD_INST/AD[26]
                         net (fo=1, routed)           0.000     4.169    u_system/u_replay/g_array.u_array/u_array/u_ref/g_row[2].g_col[18].u_pe/u_mul/u_dsp/DSP_PREADD.AD<26>
    DSP48E2_X8Y70        DSP_PREADD_DATA (Prop_DSP_PREADD_DATA_DSP48E2_AD[26]_AD_DATA[26])
                                                      0.050     4.219 r  u_system/u_replay/g_array.u_array/u_array/u_ref/g_row[2].g_col[18].u_pe/u_mul/u_dsp/DSP_PREADD_DATA_INST/AD_DATA[26]
                         net (fo=1, routed)           0.000     4.219    u_system/u_replay/g_array.u_array/u_array/u_ref/g_row[2].g_col[18].u_pe/u_mul/u_dsp/DSP_PREADD_DATA.AD_DATA<26>
    DSP48E2_X8Y70        DSP_MULTIPLIER (Prop_DSP_MULTIPLIER_DSP48E2_AD_DATA[26]_U[31])
                                                      0.612     4.831 r  u_system/u_replay/g_array.u_array/u_array/u_ref/g_row[2].g_col[18].u_pe/u_mul/u_dsp/DSP_MULTIPLIER_INST/U[31]
                         net (fo=1, routed)           0.000     4.831    u_system/u_replay/g_array.u_array/u_array/u_ref/g_row[2].g_col[18].u_pe/u_mul/u_dsp/DSP_MULTIPLIER.U<31>
    DSP48E2_X8Y70        DSP_M_DATA                                   r  u_system/u_replay/g_array.u_array/u_array/u_ref/g_row[2].g_col[18].u_pe/u_mul/u_dsp/DSP_M_DATA_INST/U[31]
  -------------------------------------------------------------------    -------------------

                         (clock clk rise edge)        3.298     3.298 r  
    AJ20                                              0.000     3.298 r  clk (IN)
                         net (fo=0)                   0.000     3.298    clk_IBUF_inst/I
    AJ20                 INBUF (Prop_INBUF_HPIOB_M_PAD_O)
                                                      0.315     3.613 r  clk_IBUF_inst/INBUF_INST/O
                         net (fo=1, routed)           0.000     3.613    clk_IBUF_inst/OUT
    AJ20                 IBUFCTRL (Prop_IBUFCTRL_HPIOB_M_I_O)
                                                      0.000     3.613 r  clk_IBUF_inst/IBUFCTRL_INST/O
                         net (fo=1, estimated)        0.301     3.914    clk_IBUF
    BUFGCE_X1Y71         BUFGCE (Prop_BUFCE_BUFGCE_I_O)
                                                      0.024     3.938 r  clk_IBUF_BUFG_inst/O
    X2Y2 (CLOCK_ROOT)    net (fo=185544, estimated)
                                                      1.158     5.096    u_system/u_replay/g_array.u_array/u_array/u_ref/g_row[2].g_col[18].u_pe/u_mul/u_dsp/CLK
    DSP48E2_X8Y70        DSP_M_DATA                                   r  u_system/u_replay/g_array.u_array/u_array/u_ref/g_row[2].g_col[18].u_pe/u_mul/u_dsp/DSP_M_DATA_INST/CLK
                         clock pessimism              0.309     5.405    
                         clock uncertainty           -0.085     5.320    
    DSP48E2_X8Y70        DSP_M_DATA (Setup_DSP_M_DATA_DSP48E2_CLK_U[31])
                                                      0.015     5.335    u_system/u_replay/g_array.u_array/u_array/u_ref/g_row[2].g_col[18].u_pe/u_mul/u_dsp/DSP_M_DATA_INST
  -------------------------------------------------------------------
                         required time                          5.335    
                         arrival time                          -4.831    
  -------------------------------------------------------------------
                         slack                                  0.504    

Slack (MET) :             0.504ns  (required time - arrival time)
  Source:                 u_system/u_replay/g_array.u_array/u_array/u_ref/g_row[2].g_col[18].u_pe/u_mul/w1_s0_reg[7]/C
                            (rising edge-triggered cell FDRE clocked by clk  {rise@0.000ns fall@1.649ns period=3.298ns})
  Destination:            u_system/u_replay/g_array.u_array/u_array/u_ref/g_row[2].g_col[18].u_pe/u_mul/u_dsp/DSP_M_DATA_INST/U[32]
                            (rising edge-triggered cell DSP_M_DATA clocked by clk  {rise@0.000ns fall@1.649ns period=3.298ns})
  Path Group:             clk
  Path Type:              Setup (Max at Slow Process Corner)
  Requirement:            3.298ns  (clk rise@3.298ns - clk rise@0.000ns)
  Data Path Delay:        2.540ns  (logic 1.543ns (60.748%)  route 0.997ns (39.252%))
  Logic Levels:           5  (DSP_MULTIPLIER=1 DSP_PREADD=1 DSP_PREADD_DATA=2 LUT1=1)
  Clock Path Skew:        -0.184ns (DCD - SCD + CPR)
    Destination Clock Delay (DCD):    1.798ns = ( 5.096 - 3.298 ) 
    Source Clock Delay      (SCD):    2.291ns
    Clock Pessimism Removal (CPR):    0.309ns
  Clock Uncertainty:      0.085ns  ((TSJ^2 + TIJ^2)^1/2 + DJ) / 2 + PE + UU
    Total System Jitter     (TSJ):    0.071ns
    Total Input Jitter      (TIJ):    0.000ns
    Discrete Jitter          (DJ):    0.000ns
    Phase Error              (PE):    0.000ns
    User Uncertainty         (UU):    0.050ns
  Clock Net Delay (Source):      1.362ns (routing 0.210ns, distribution 1.152ns)
  Clock Net Delay (Destination): 1.158ns (routing 0.190ns, distribution 0.968ns)

    Location             Delay type                Incr(ns)  Path(ns)    Netlist Resource(s)
  -------------------------------------------------------------------    -------------------
                         (clock clk rise edge)        0.000     0.000 r  
    AJ20                                              0.000     0.000 r  clk (IN)
                         net (fo=0)                   0.000     0.000    clk_IBUF_inst/I
    AJ20                 INBUF (Prop_INBUF_HPIOB_M_PAD_O)
                                                      0.565     0.565 r  clk_IBUF_inst/INBUF_INST/O
                         net (fo=1, routed)           0.000     0.565    clk_IBUF_inst/OUT
    AJ20                 IBUFCTRL (Prop_IBUFCTRL_HPIOB_M_I_O)
                                                      0.000     0.565 r  clk_IBUF_inst/IBUFCTRL_INST/O
                         net (fo=1, estimated)        0.336     0.901    clk_IBUF
    BUFGCE_X1Y71         BUFGCE (Prop_BUFCE_BUFGCE_I_O)
                                                      0.028     0.929 r  clk_IBUF_BUFG_inst/O
    X2Y2 (CLOCK_ROOT)    net (fo=185544, estimated)
                                                      1.362     2.291    u_system/u_replay/g_array.u_array/u_array/u_ref/g_row[2].g_col[18].u_pe/u_mul/clk_IBUF_BUFG
    SLICE_X81Y117        FDRE                                         r  u_system/u_replay/g_array.u_array/u_array/u_ref/g_row[2].g_col[18].u_pe/u_mul/w1_s0_reg[7]/C
  -------------------------------------------------------------------    -------------------
    SLICE_X81Y117        FDRE (Prop_HFF2_SLICEM_C_Q)
                                                      0.078     2.369 r  u_system/u_replay/g_array.u_array/u_array/u_ref/g_row[2].g_col[18].u_pe/u_mul/w1_s0_reg[7]/Q
                         net (fo=1, estimated)        0.209     2.578    u_system/u_replay/g_array.u_array/u_array/u_ref/g_row[2].g_col[18].u_pe/u_mul/w1_s0[7]
    SLICE_X79Y119        LUT1 (Prop_H6LUT_SLICEM_I0_O)
                                                      0.039     2.617 f  u_system/u_replay/g_array.u_array/u_array/u_ref/g_row[2].g_col[18].u_pe/u_mul/u_dsp_i_1/O
                         net (fo=1, estimated)        0.788     3.405    u_system/u_replay/g_array.u_array/u_array/u_ref/g_row[2].g_col[18].u_pe/u_mul/u_dsp/D[23]
    DSP48E2_X8Y70        DSP_PREADD_DATA (Prop_DSP_PREADD_DATA_DSP48E2_DIN[23]_D_DATA[23])
                                                      0.240     3.645 r  u_system/u_replay/g_array.u_array/u_array/u_ref/g_row[2].g_col[18].u_pe/u_mul/u_dsp/DSP_PREADD_DATA_INST/D_DATA[23]
                         net (fo=1, routed)           0.000     3.645    u_system/u_replay/g_array.u_array/u_array/u_ref/g_row[2].g_col[18].u_pe/u_mul/u_dsp/DSP_PREADD_DATA.D_DATA<23>
    DSP48E2_X8Y70        DSP_PREADD (Prop_DSP_PREADD_DSP48E2_D_DATA[23]_AD[26])
                                                      0.524     4.169 f  u_system/u_replay/g_array.u_array/u_array/u_ref/g_row[2].g_col[18].u_pe/u_mul/u_dsp/DSP_PREADD_INST/AD[26]
                         net (fo=1, routed)           0.000     4.169    u_system/u_replay/g_array.u_array/u_array/u_ref/g_row[2].g_col[18].u_pe/u_mul/u_dsp/DSP_PREADD.AD<26>
    DSP48E2_X8Y70        DSP_PREADD_DATA (Prop_DSP_PREADD_DATA_DSP48E2_AD[26]_AD_DATA[26])
                                                      0.050     4.219 r  u_system/u_replay/g_array.u_array/u_array/u_ref/g_row[2].g_col[18].u_pe/u_mul/u_dsp/DSP_PREADD_DATA_INST/AD_DATA[26]
                         net (fo=1, routed)           0.000     4.219    u_system/u_replay/g_array.u_array/u_array/u_ref/g_row[2].g_col[18].u_pe/u_mul/u_dsp/DSP_PREADD_DATA.AD_DATA<26>
    DSP48E2_X8Y70        DSP_MULTIPLIER (Prop_DSP_MULTIPLIER_DSP48E2_AD_DATA[26]_U[32])
                                                      0.612     4.831 r  u_system/u_replay/g_array.u_array/u_array/u_ref/g_row[2].g_col[18].u_pe/u_mul/u_dsp/DSP_MULTIPLIER_INST/U[32]
                         net (fo=1, routed)           0.000     4.831    u_system/u_replay/g_array.u_array/u_array/u_ref/g_row[2].g_col[18].u_pe/u_mul/u_dsp/DSP_MULTIPLIER.U<32>
    DSP48E2_X8Y70        DSP_M_DATA                                   r  u_system/u_replay/g_array.u_array/u_array/u_ref/g_row[2].g_col[18].u_pe/u_mul/u_dsp/DSP_M_DATA_INST/U[32]
  -------------------------------------------------------------------    -------------------

                         (clock clk rise edge)        3.298     3.298 r  
    AJ20                                              0.000     3.298 r  clk (IN)
                         net (fo=0)                   0.000     3.298    clk_IBUF_inst/I
    AJ20                 INBUF (Prop_INBUF_HPIOB_M_PAD_O)
                                                      0.315     3.613 r  clk_IBUF_inst/INBUF_INST/O
                         net (fo=1, routed)           0.000     3.613    clk_IBUF_inst/OUT
    AJ20                 IBUFCTRL (Prop_IBUFCTRL_HPIOB_M_I_O)
                                                      0.000     3.613 r  clk_IBUF_inst/IBUFCTRL_INST/O
                         net (fo=1, estimated)        0.301     3.914    clk_IBUF
    BUFGCE_X1Y71         BUFGCE (Prop_BUFCE_BUFGCE_I_O)
                                                      0.024     3.938 r  clk_IBUF_BUFG_inst/O
    X2Y2 (CLOCK_ROOT)    net (fo=185544, estimated)
                                                      1.158     5.096    u_system/u_replay/g_array.u_array/u_array/u_ref/g_row[2].g_col[18].u_pe/u_mul/u_dsp/CLK
    DSP48E2_X8Y70        DSP_M_DATA                                   r  u_system/u_replay/g_array.u_array/u_array/u_ref/g_row[2].g_col[18].u_pe/u_mul/u_dsp/DSP_M_DATA_INST/CLK
                         clock pessimism              0.309     5.405    
                         clock uncertainty           -0.085     5.320    
    DSP48E2_X8Y70        DSP_M_DATA (Setup_DSP_M_DATA_DSP48E2_CLK_U[32])
                                                      0.015     5.335    u_system/u_replay/g_array.u_array/u_array/u_ref/g_row[2].g_col[18].u_pe/u_mul/u_dsp/DSP_M_DATA_INST
  -------------------------------------------------------------------
                         required time                          5.335    
                         arrival time                          -4.831    
  -------------------------------------------------------------------
                         slack                                  0.504    

Slack (MET) :             0.504ns  (required time - arrival time)
  Source:                 u_system/u_replay/g_array.u_array/u_array/u_ref/g_row[2].g_col[18].u_pe/u_mul/w1_s0_reg[7]/C
                            (rising edge-triggered cell FDRE clocked by clk  {rise@0.000ns fall@1.649ns period=3.298ns})
  Destination:            u_system/u_replay/g_array.u_array/u_array/u_ref/g_row[2].g_col[18].u_pe/u_mul/u_dsp/DSP_M_DATA_INST/U[33]
                            (rising edge-triggered cell DSP_M_DATA clocked by clk  {rise@0.000ns fall@1.649ns period=3.298ns})
  Path Group:             clk
  Path Type:              Setup (Max at Slow Process Corner)
  Requirement:            3.298ns  (clk rise@3.298ns - clk rise@0.000ns)
  Data Path Delay:        2.540ns  (logic 1.543ns (60.748%)  route 0.997ns (39.252%))
  Logic Levels:           5  (DSP_MULTIPLIER=1 DSP_PREADD=1 DSP_PREADD_DATA=2 LUT1=1)
  Clock Path Skew:        -0.184ns (DCD - SCD + CPR)
    Destination Clock Delay (DCD):    1.798ns = ( 5.096 - 3.298 ) 
    Source Clock Delay      (SCD):    2.291ns
    Clock Pessimism Removal (CPR):    0.309ns
  Clock Uncertainty:      0.085ns  ((TSJ^2 + TIJ^2)^1/2 + DJ) / 2 + PE + UU
    Total System Jitter     (TSJ):    0.071ns
    Total Input Jitter      (TIJ):    0.000ns
    Discrete Jitter          (DJ):    0.000ns
    Phase Error              (PE):    0.000ns
    User Uncertainty         (UU):    0.050ns
  Clock Net Delay (Source):      1.362ns (routing 0.210ns, distribution 1.152ns)
  Clock Net Delay (Destination): 1.158ns (routing 0.190ns, distribution 0.968ns)

    Location             Delay type                Incr(ns)  Path(ns)    Netlist Resource(s)
  -------------------------------------------------------------------    -------------------
                         (clock clk rise edge)        0.000     0.000 r  
    AJ20                                              0.000     0.000 r  clk (IN)
                         net (fo=0)                   0.000     0.000    clk_IBUF_inst/I
    AJ20                 INBUF (Prop_INBUF_HPIOB_M_PAD_O)
                                                      0.565     0.565 r  clk_IBUF_inst/INBUF_INST/O
                         net (fo=1, routed)           0.000     0.565    clk_IBUF_inst/OUT
    AJ20                 IBUFCTRL (Prop_IBUFCTRL_HPIOB_M_I_O)
                                                      0.000     0.565 r  clk_IBUF_inst/IBUFCTRL_INST/O
                         net (fo=1, estimated)        0.336     0.901    clk_IBUF
    BUFGCE_X1Y71         BUFGCE (Prop_BUFCE_BUFGCE_I_O)
                                                      0.028     0.929 r  clk_IBUF_BUFG_inst/O
    X2Y2 (CLOCK_ROOT)    net (fo=185544, estimated)
                                                      1.362     2.291    u_system/u_replay/g_array.u_array/u_array/u_ref/g_row[2].g_col[18].u_pe/u_mul/clk_IBUF_BUFG
    SLICE_X81Y117        FDRE                                         r  u_system/u_replay/g_array.u_array/u_array/u_ref/g_row[2].g_col[18].u_pe/u_mul/w1_s0_reg[7]/C
  -------------------------------------------------------------------    -------------------
    SLICE_X81Y117        FDRE (Prop_HFF2_SLICEM_C_Q)
                                                      0.078     2.369 r  u_system/u_replay/g_array.u_array/u_array/u_ref/g_row[2].g_col[18].u_pe/u_mul/w1_s0_reg[7]/Q
                         net (fo=1, estimated)        0.209     2.578    u_system/u_replay/g_array.u_array/u_array/u_ref/g_row[2].g_col[18].u_pe/u_mul/w1_s0[7]
    SLICE_X79Y119        LUT1 (Prop_H6LUT_SLICEM_I0_O)
                                                      0.039     2.617 f  u_system/u_replay/g_array.u_array/u_array/u_ref/g_row[2].g_col[18].u_pe/u_mul/u_dsp_i_1/O
                         net (fo=1, estimated)        0.788     3.405    u_system/u_replay/g_array.u_array/u_array/u_ref/g_row[2].g_col[18].u_pe/u_mul/u_dsp/D[23]
    DSP48E2_X8Y70        DSP_PREADD_DATA (Prop_DSP_PREADD_DATA_DSP48E2_DIN[23]_D_DATA[23])
                                                      0.240     3.645 r  u_system/u_replay/g_array.u_array/u_array/u_ref/g_row[2].g_col[18].u_pe/u_mul/u_dsp/DSP_PREADD_DATA_INST/D_DATA[23]
                         net (fo=1, routed)           0.000     3.645    u_system/u_replay/g_array.u_array/u_array/u_ref/g_row[2].g_col[18].u_pe/u_mul/u_dsp/DSP_PREADD_DATA.D_DATA<23>
    DSP48E2_X8Y70        DSP_PREADD (Prop_DSP_PREADD_DSP48E2_D_DATA[23]_AD[26])
                                                      0.524     4.169 f  u_system/u_replay/g_array.u_array/u_array/u_ref/g_row[2].g_col[18].u_pe/u_mul/u_dsp/DSP_PREADD_INST/AD[26]
                         net (fo=1, routed)           0.000     4.169    u_system/u_replay/g_array.u_array/u_array/u_ref/g_row[2].g_col[18].u_pe/u_mul/u_dsp/DSP_PREADD.AD<26>
    DSP48E2_X8Y70        DSP_PREADD_DATA (Prop_DSP_PREADD_DATA_DSP48E2_AD[26]_AD_DATA[26])
                                                      0.050     4.219 r  u_system/u_replay/g_array.u_array/u_array/u_ref/g_row[2].g_col[18].u_pe/u_mul/u_dsp/DSP_PREADD_DATA_INST/AD_DATA[26]
                         net (fo=1, routed)           0.000     4.219    u_system/u_replay/g_array.u_array/u_array/u_ref/g_row[2].g_col[18].u_pe/u_mul/u_dsp/DSP_PREADD_DATA.AD_DATA<26>
    DSP48E2_X8Y70        DSP_MULTIPLIER (Prop_DSP_MULTIPLIER_DSP48E2_AD_DATA[26]_U[33])
                                                      0.612     4.831 r  u_system/u_replay/g_array.u_array/u_array/u_ref/g_row[2].g_col[18].u_pe/u_mul/u_dsp/DSP_MULTIPLIER_INST/U[33]
                         net (fo=1, routed)           0.000     4.831    u_system/u_replay/g_array.u_array/u_array/u_ref/g_row[2].g_col[18].u_pe/u_mul/u_dsp/DSP_MULTIPLIER.U<33>
    DSP48E2_X8Y70        DSP_M_DATA                                   r  u_system/u_replay/g_array.u_array/u_array/u_ref/g_row[2].g_col[18].u_pe/u_mul/u_dsp/DSP_M_DATA_INST/U[33]
  -------------------------------------------------------------------    -------------------

                         (clock clk rise edge)        3.298     3.298 r  
    AJ20                                              0.000     3.298 r  clk (IN)
                         net (fo=0)                   0.000     3.298    clk_IBUF_inst/I
    AJ20                 INBUF (Prop_INBUF_HPIOB_M_PAD_O)
                                                      0.315     3.613 r  clk_IBUF_inst/INBUF_INST/O
                         net (fo=1, routed)           0.000     3.613    clk_IBUF_inst/OUT
    AJ20                 IBUFCTRL (Prop_IBUFCTRL_HPIOB_M_I_O)
                                                      0.000     3.613 r  clk_IBUF_inst/IBUFCTRL_INST/O
                         net (fo=1, estimated)        0.301     3.914    clk_IBUF
    BUFGCE_X1Y71         BUFGCE (Prop_BUFCE_BUFGCE_I_O)
                                                      0.024     3.938 r  clk_IBUF_BUFG_inst/O
    X2Y2 (CLOCK_ROOT)    net (fo=185544, estimated)
                                                      1.158     5.096    u_system/u_replay/g_array.u_array/u_array/u_ref/g_row[2].g_col[18].u_pe/u_mul/u_dsp/CLK
    DSP48E2_X8Y70        DSP_M_DATA                                   r  u_system/u_replay/g_array.u_array/u_array/u_ref/g_row[2].g_col[18].u_pe/u_mul/u_dsp/DSP_M_DATA_INST/CLK
                         clock pessimism              0.309     5.405    
                         clock uncertainty           -0.085     5.320    
    DSP48E2_X8Y70        DSP_M_DATA (Setup_DSP_M_DATA_DSP48E2_CLK_U[33])
                                                      0.015     5.335    u_system/u_replay/g_array.u_array/u_array/u_ref/g_row[2].g_col[18].u_pe/u_mul/u_dsp/DSP_M_DATA_INST
  -------------------------------------------------------------------
                         required time                          5.335    
                         arrival time                          -4.831    
  -------------------------------------------------------------------
                         slack                                  0.504    

Slack (MET) :             0.504ns  (required time - arrival time)
  Source:                 u_system/u_replay/g_array.u_array/u_array/u_ref/g_row[2].g_col[18].u_pe/u_mul/w1_s0_reg[7]/C
                            (rising edge-triggered cell FDRE clocked by clk  {rise@0.000ns fall@1.649ns period=3.298ns})
  Destination:            u_system/u_replay/g_array.u_array/u_array/u_ref/g_row[2].g_col[18].u_pe/u_mul/u_dsp/DSP_M_DATA_INST/U[34]
                            (rising edge-triggered cell DSP_M_DATA clocked by clk  {rise@0.000ns fall@1.649ns period=3.298ns})
  Path Group:             clk
  Path Type:              Setup (Max at Slow Process Corner)
  Requirement:            3.298ns  (clk rise@3.298ns - clk rise@0.000ns)
  Data Path Delay:        2.540ns  (logic 1.543ns (60.748%)  route 0.997ns (39.252%))
  Logic Levels:           5  (DSP_MULTIPLIER=1 DSP_PREADD=1 DSP_PREADD_DATA=2 LUT1=1)
  Clock Path Skew:        -0.184ns (DCD - SCD + CPR)
    Destination Clock Delay (DCD):    1.798ns = ( 5.096 - 3.298 ) 
    Source Clock Delay      (SCD):    2.291ns
    Clock Pessimism Removal (CPR):    0.309ns
  Clock Uncertainty:      0.085ns  ((TSJ^2 + TIJ^2)^1/2 + DJ) / 2 + PE + UU
    Total System Jitter     (TSJ):    0.071ns
    Total Input Jitter      (TIJ):    0.000ns
    Discrete Jitter          (DJ):    0.000ns
    Phase Error              (PE):    0.000ns
    User Uncertainty         (UU):    0.050ns
  Clock Net Delay (Source):      1.362ns (routing 0.210ns, distribution 1.152ns)
  Clock Net Delay (Destination): 1.158ns (routing 0.190ns, distribution 0.968ns)

    Location             Delay type                Incr(ns)  Path(ns)    Netlist Resource(s)
  -------------------------------------------------------------------    -------------------
                         (clock clk rise edge)        0.000     0.000 r  
    AJ20                                              0.000     0.000 r  clk (IN)
                         net (fo=0)                   0.000     0.000    clk_IBUF_inst/I
    AJ20                 INBUF (Prop_INBUF_HPIOB_M_PAD_O)
                                                      0.565     0.565 r  clk_IBUF_inst/INBUF_INST/O
                         net (fo=1, routed)           0.000     0.565    clk_IBUF_inst/OUT
    AJ20                 IBUFCTRL (Prop_IBUFCTRL_HPIOB_M_I_O)
                                                      0.000     0.565 r  clk_IBUF_inst/IBUFCTRL_INST/O
                         net (fo=1, estimated)        0.336     0.901    clk_IBUF
    BUFGCE_X1Y71         BUFGCE (Prop_BUFCE_BUFGCE_I_O)
                                                      0.028     0.929 r  clk_IBUF_BUFG_inst/O
    X2Y2 (CLOCK_ROOT)    net (fo=185544, estimated)
                                                      1.362     2.291    u_system/u_replay/g_array.u_array/u_array/u_ref/g_row[2].g_col[18].u_pe/u_mul/clk_IBUF_BUFG
    SLICE_X81Y117        FDRE                                         r  u_system/u_replay/g_array.u_array/u_array/u_ref/g_row[2].g_col[18].u_pe/u_mul/w1_s0_reg[7]/C
  -------------------------------------------------------------------    -------------------
    SLICE_X81Y117        FDRE (Prop_HFF2_SLICEM_C_Q)
                                                      0.078     2.369 r  u_system/u_replay/g_array.u_array/u_array/u_ref/g_row[2].g_col[18].u_pe/u_mul/w1_s0_reg[7]/Q
                         net (fo=1, estimated)        0.209     2.578    u_system/u_replay/g_array.u_array/u_array/u_ref/g_row[2].g_col[18].u_pe/u_mul/w1_s0[7]
    SLICE_X79Y119        LUT1 (Prop_H6LUT_SLICEM_I0_O)
                                                      0.039     2.617 f  u_system/u_replay/g_array.u_array/u_array/u_ref/g_row[2].g_col[18].u_pe/u_mul/u_dsp_i_1/O
                         net (fo=1, estimated)        0.788     3.405    u_system/u_replay/g_array.u_array/u_array/u_ref/g_row[2].g_col[18].u_pe/u_mul/u_dsp/D[23]
    DSP48E2_X8Y70        DSP_PREADD_DATA (Prop_DSP_PREADD_DATA_DSP48E2_DIN[23]_D_DATA[23])
                                                      0.240     3.645 r  u_system/u_replay/g_array.u_array/u_array/u_ref/g_row[2].g_col[18].u_pe/u_mul/u_dsp/DSP_PREADD_DATA_INST/D_DATA[23]
                         net (fo=1, routed)           0.000     3.645    u_system/u_replay/g_array.u_array/u_array/u_ref/g_row[2].g_col[18].u_pe/u_mul/u_dsp/DSP_PREADD_DATA.D_DATA<23>
    DSP48E2_X8Y70        DSP_PREADD (Prop_DSP_PREADD_DSP48E2_D_DATA[23]_AD[26])
                                                      0.524     4.169 f  u_system/u_replay/g_array.u_array/u_array/u_ref/g_row[2].g_col[18].u_pe/u_mul/u_dsp/DSP_PREADD_INST/AD[26]
                         net (fo=1, routed)           0.000     4.169    u_system/u_replay/g_array.u_array/u_array/u_ref/g_row[2].g_col[18].u_pe/u_mul/u_dsp/DSP_PREADD.AD<26>
    DSP48E2_X8Y70        DSP_PREADD_DATA (Prop_DSP_PREADD_DATA_DSP48E2_AD[26]_AD_DATA[26])
                                                      0.050     4.219 r  u_system/u_replay/g_array.u_array/u_array/u_ref/g_row[2].g_col[18].u_pe/u_mul/u_dsp/DSP_PREADD_DATA_INST/AD_DATA[26]
                         net (fo=1, routed)           0.000     4.219    u_system/u_replay/g_array.u_array/u_array/u_ref/g_row[2].g_col[18].u_pe/u_mul/u_dsp/DSP_PREADD_DATA.AD_DATA<26>
    DSP48E2_X8Y70        DSP_MULTIPLIER (Prop_DSP_MULTIPLIER_DSP48E2_AD_DATA[26]_U[34])
                                                      0.612     4.831 r  u_system/u_replay/g_array.u_array/u_array/u_ref/g_row[2].g_col[18].u_pe/u_mul/u_dsp/DSP_MULTIPLIER_INST/U[34]
                         net (fo=1, routed)           0.000     4.831    u_system/u_replay/g_array.u_array/u_array/u_ref/g_row[2].g_col[18].u_pe/u_mul/u_dsp/DSP_MULTIPLIER.U<34>
    DSP48E2_X8Y70        DSP_M_DATA                                   r  u_system/u_replay/g_array.u_array/u_array/u_ref/g_row[2].g_col[18].u_pe/u_mul/u_dsp/DSP_M_DATA_INST/U[34]
  -------------------------------------------------------------------    -------------------

                         (clock clk rise edge)        3.298     3.298 r  
    AJ20                                              0.000     3.298 r  clk (IN)
                         net (fo=0)                   0.000     3.298    clk_IBUF_inst/I
    AJ20                 INBUF (Prop_INBUF_HPIOB_M_PAD_O)
                                                      0.315     3.613 r  clk_IBUF_inst/INBUF_INST/O
                         net (fo=1, routed)           0.000     3.613    clk_IBUF_inst/OUT
    AJ20                 IBUFCTRL (Prop_IBUFCTRL_HPIOB_M_I_O)
                                                      0.000     3.613 r  clk_IBUF_inst/IBUFCTRL_INST/O
                         net (fo=1, estimated)        0.301     3.914    clk_IBUF
    BUFGCE_X1Y71         BUFGCE (Prop_BUFCE_BUFGCE_I_O)
                                                      0.024     3.938 r  clk_IBUF_BUFG_inst/O
    X2Y2 (CLOCK_ROOT)    net (fo=185544, estimated)
                                                      1.158     5.096    u_system/u_replay/g_array.u_array/u_array/u_ref/g_row[2].g_col[18].u_pe/u_mul/u_dsp/CLK
    DSP48E2_X8Y70        DSP_M_DATA                                   r  u_system/u_replay/g_array.u_array/u_array/u_ref/g_row[2].g_col[18].u_pe/u_mul/u_dsp/DSP_M_DATA_INST/CLK
                         clock pessimism              0.309     5.405    
                         clock uncertainty           -0.085     5.320    
    DSP48E2_X8Y70        DSP_M_DATA (Setup_DSP_M_DATA_DSP48E2_CLK_U[34])
                                                      0.015     5.335    u_system/u_replay/g_array.u_array/u_array/u_ref/g_row[2].g_col[18].u_pe/u_mul/u_dsp/DSP_M_DATA_INST
  -------------------------------------------------------------------
                         required time                          5.335    
                         arrival time                          -4.831    
  -------------------------------------------------------------------
                         slack                                  0.504    

Slack (MET) :             0.504ns  (required time - arrival time)
  Source:                 u_system/u_replay/g_array.u_array/u_array/u_ref/g_row[2].g_col[18].u_pe/u_mul/w1_s0_reg[7]/C
                            (rising edge-triggered cell FDRE clocked by clk  {rise@0.000ns fall@1.649ns period=3.298ns})
  Destination:            u_system/u_replay/g_array.u_array/u_array/u_ref/g_row[2].g_col[18].u_pe/u_mul/u_dsp/DSP_M_DATA_INST/U[35]
                            (rising edge-triggered cell DSP_M_DATA clocked by clk  {rise@0.000ns fall@1.649ns period=3.298ns})
  Path Group:             clk
  Path Type:              Setup (Max at Slow Process Corner)
  Requirement:            3.298ns  (clk rise@3.298ns - clk rise@0.000ns)
  Data Path Delay:        2.540ns  (logic 1.543ns (60.748%)  route 0.997ns (39.252%))
  Logic Levels:           5  (DSP_MULTIPLIER=1 DSP_PREADD=1 DSP_PREADD_DATA=2 LUT1=1)
  Clock Path Skew:        -0.184ns (DCD - SCD + CPR)
    Destination Clock Delay (DCD):    1.798ns = ( 5.096 - 3.298 ) 
    Source Clock Delay      (SCD):    2.291ns
    Clock Pessimism Removal (CPR):    0.309ns
  Clock Uncertainty:      0.085ns  ((TSJ^2 + TIJ^2)^1/2 + DJ) / 2 + PE + UU
    Total System Jitter     (TSJ):    0.071ns
    Total Input Jitter      (TIJ):    0.000ns
    Discrete Jitter          (DJ):    0.000ns
    Phase Error              (PE):    0.000ns
    User Uncertainty         (UU):    0.050ns
  Clock Net Delay (Source):      1.362ns (routing 0.210ns, distribution 1.152ns)
  Clock Net Delay (Destination): 1.158ns (routing 0.190ns, distribution 0.968ns)

    Location             Delay type                Incr(ns)  Path(ns)    Netlist Resource(s)
  -------------------------------------------------------------------    -------------------
                         (clock clk rise edge)        0.000     0.000 r  
    AJ20                                              0.000     0.000 r  clk (IN)
                         net (fo=0)                   0.000     0.000    clk_IBUF_inst/I
    AJ20                 INBUF (Prop_INBUF_HPIOB_M_PAD_O)
                                                      0.565     0.565 r  clk_IBUF_inst/INBUF_INST/O
                         net (fo=1, routed)           0.000     0.565    clk_IBUF_inst/OUT
    AJ20                 IBUFCTRL (Prop_IBUFCTRL_HPIOB_M_I_O)
                                                      0.000     0.565 r  clk_IBUF_inst/IBUFCTRL_INST/O
                         net (fo=1, estimated)        0.336     0.901    clk_IBUF
    BUFGCE_X1Y71         BUFGCE (Prop_BUFCE_BUFGCE_I_O)
                                                      0.028     0.929 r  clk_IBUF_BUFG_inst/O
    X2Y2 (CLOCK_ROOT)    net (fo=185544, estimated)
                                                      1.362     2.291    u_system/u_replay/g_array.u_array/u_array/u_ref/g_row[2].g_col[18].u_pe/u_mul/clk_IBUF_BUFG
    SLICE_X81Y117        FDRE                                         r  u_system/u_replay/g_array.u_array/u_array/u_ref/g_row[2].g_col[18].u_pe/u_mul/w1_s0_reg[7]/C
  -------------------------------------------------------------------    -------------------
    SLICE_X81Y117        FDRE (Prop_HFF2_SLICEM_C_Q)
                                                      0.078     2.369 r  u_system/u_replay/g_array.u_array/u_array/u_ref/g_row[2].g_col[18].u_pe/u_mul/w1_s0_reg[7]/Q
                         net (fo=1, estimated)        0.209     2.578    u_system/u_replay/g_array.u_array/u_array/u_ref/g_row[2].g_col[18].u_pe/u_mul/w1_s0[7]
    SLICE_X79Y119        LUT1 (Prop_H6LUT_SLICEM_I0_O)
                                                      0.039     2.617 f  u_system/u_replay/g_array.u_array/u_array/u_ref/g_row[2].g_col[18].u_pe/u_mul/u_dsp_i_1/O
                         net (fo=1, estimated)        0.788     3.405    u_system/u_replay/g_array.u_array/u_array/u_ref/g_row[2].g_col[18].u_pe/u_mul/u_dsp/D[23]
    DSP48E2_X8Y70        DSP_PREADD_DATA (Prop_DSP_PREADD_DATA_DSP48E2_DIN[23]_D_DATA[23])
                                                      0.240     3.645 r  u_system/u_replay/g_array.u_array/u_array/u_ref/g_row[2].g_col[18].u_pe/u_mul/u_dsp/DSP_PREADD_DATA_INST/D_DATA[23]
                         net (fo=1, routed)           0.000     3.645    u_system/u_replay/g_array.u_array/u_array/u_ref/g_row[2].g_col[18].u_pe/u_mul/u_dsp/DSP_PREADD_DATA.D_DATA<23>
    DSP48E2_X8Y70        DSP_PREADD (Prop_DSP_PREADD_DSP48E2_D_DATA[23]_AD[26])
                                                      0.524     4.169 f  u_system/u_replay/g_array.u_array/u_array/u_ref/g_row[2].g_col[18].u_pe/u_mul/u_dsp/DSP_PREADD_INST/AD[26]
                         net (fo=1, routed)           0.000     4.169    u_system/u_replay/g_array.u_array/u_array/u_ref/g_row[2].g_col[18].u_pe/u_mul/u_dsp/DSP_PREADD.AD<26>
    DSP48E2_X8Y70        DSP_PREADD_DATA (Prop_DSP_PREADD_DATA_DSP48E2_AD[26]_AD_DATA[26])
                                                      0.050     4.219 r  u_system/u_replay/g_array.u_array/u_array/u_ref/g_row[2].g_col[18].u_pe/u_mul/u_dsp/DSP_PREADD_DATA_INST/AD_DATA[26]
                         net (fo=1, routed)           0.000     4.219    u_system/u_replay/g_array.u_array/u_array/u_ref/g_row[2].g_col[18].u_pe/u_mul/u_dsp/DSP_PREADD_DATA.AD_DATA<26>
    DSP48E2_X8Y70        DSP_MULTIPLIER (Prop_DSP_MULTIPLIER_DSP48E2_AD_DATA[26]_U[35])
                                                      0.612     4.831 r  u_system/u_replay/g_array.u_array/u_array/u_ref/g_row[2].g_col[18].u_pe/u_mul/u_dsp/DSP_MULTIPLIER_INST/U[35]
                         net (fo=1, routed)           0.000     4.831    u_system/u_replay/g_array.u_array/u_array/u_ref/g_row[2].g_col[18].u_pe/u_mul/u_dsp/DSP_MULTIPLIER.U<35>
    DSP48E2_X8Y70        DSP_M_DATA                                   r  u_system/u_replay/g_array.u_array/u_array/u_ref/g_row[2].g_col[18].u_pe/u_mul/u_dsp/DSP_M_DATA_INST/U[35]
  -------------------------------------------------------------------    -------------------

                         (clock clk rise edge)        3.298     3.298 r  
    AJ20                                              0.000     3.298 r  clk (IN)
                         net (fo=0)                   0.000     3.298    clk_IBUF_inst/I
    AJ20                 INBUF (Prop_INBUF_HPIOB_M_PAD_O)
                                                      0.315     3.613 r  clk_IBUF_inst/INBUF_INST/O
                         net (fo=1, routed)           0.000     3.613    clk_IBUF_inst/OUT
    AJ20                 IBUFCTRL (Prop_IBUFCTRL_HPIOB_M_I_O)
                                                      0.000     3.613 r  clk_IBUF_inst/IBUFCTRL_INST/O
                         net (fo=1, estimated)        0.301     3.914    clk_IBUF
    BUFGCE_X1Y71         BUFGCE (Prop_BUFCE_BUFGCE_I_O)
                                                      0.024     3.938 r  clk_IBUF_BUFG_inst/O
    X2Y2 (CLOCK_ROOT)    net (fo=185544, estimated)
                                                      1.158     5.096    u_system/u_replay/g_array.u_array/u_array/u_ref/g_row[2].g_col[18].u_pe/u_mul/u_dsp/CLK
    DSP48E2_X8Y70        DSP_M_DATA                                   r  u_system/u_replay/g_array.u_array/u_array/u_ref/g_row[2].g_col[18].u_pe/u_mul/u_dsp/DSP_M_DATA_INST/CLK
                         clock pessimism              0.309     5.405    
                         clock uncertainty           -0.085     5.320    
    DSP48E2_X8Y70        DSP_M_DATA (Setup_DSP_M_DATA_DSP48E2_CLK_U[35])
                                                      0.015     5.335    u_system/u_replay/g_array.u_array/u_array/u_ref/g_row[2].g_col[18].u_pe/u_mul/u_dsp/DSP_M_DATA_INST
  -------------------------------------------------------------------
                         required time                          5.335    
                         arrival time                          -4.831    
  -------------------------------------------------------------------
                         slack                                  0.504    

Slack (MET) :             0.504ns  (required time - arrival time)
  Source:                 u_system/u_replay/g_array.u_array/u_array/u_ref/g_row[2].g_col[18].u_pe/u_mul/w1_s0_reg[7]/C
                            (rising edge-triggered cell FDRE clocked by clk  {rise@0.000ns fall@1.649ns period=3.298ns})
  Destination:            u_system/u_replay/g_array.u_array/u_array/u_ref/g_row[2].g_col[18].u_pe/u_mul/u_dsp/DSP_M_DATA_INST/U[36]
                            (rising edge-triggered cell DSP_M_DATA clocked by clk  {rise@0.000ns fall@1.649ns period=3.298ns})
  Path Group:             clk
  Path Type:              Setup (Max at Slow Process Corner)
  Requirement:            3.298ns  (clk rise@3.298ns - clk rise@0.000ns)
  Data Path Delay:        2.540ns  (logic 1.543ns (60.748%)  route 0.997ns (39.252%))
  Logic Levels:           5  (DSP_MULTIPLIER=1 DSP_PREADD=1 DSP_PREADD_DATA=2 LUT1=1)
  Clock Path Skew:        -0.184ns (DCD - SCD + CPR)
    Destination Clock Delay (DCD):    1.798ns = ( 5.096 - 3.298 ) 
    Source Clock Delay      (SCD):    2.291ns
    Clock Pessimism Removal (CPR):    0.309ns
  Clock Uncertainty:      0.085ns  ((TSJ^2 + TIJ^2)^1/2 + DJ) / 2 + PE + UU
    Total System Jitter     (TSJ):    0.071ns
    Total Input Jitter      (TIJ):    0.000ns
    Discrete Jitter          (DJ):    0.000ns
    Phase Error              (PE):    0.000ns
    User Uncertainty         (UU):    0.050ns
  Clock Net Delay (Source):      1.362ns (routing 0.210ns, distribution 1.152ns)
  Clock Net Delay (Destination): 1.158ns (routing 0.190ns, distribution 0.968ns)

    Location             Delay type                Incr(ns)  Path(ns)    Netlist Resource(s)
  -------------------------------------------------------------------    -------------------
                         (clock clk rise edge)        0.000     0.000 r  
    AJ20                                              0.000     0.000 r  clk (IN)
                         net (fo=0)                   0.000     0.000    clk_IBUF_inst/I
    AJ20                 INBUF (Prop_INBUF_HPIOB_M_PAD_O)
                                                      0.565     0.565 r  clk_IBUF_inst/INBUF_INST/O
                         net (fo=1, routed)           0.000     0.565    clk_IBUF_inst/OUT
    AJ20                 IBUFCTRL (Prop_IBUFCTRL_HPIOB_M_I_O)
                                                      0.000     0.565 r  clk_IBUF_inst/IBUFCTRL_INST/O
                         net (fo=1, estimated)        0.336     0.901    clk_IBUF
    BUFGCE_X1Y71         BUFGCE (Prop_BUFCE_BUFGCE_I_O)
                                                      0.028     0.929 r  clk_IBUF_BUFG_inst/O
    X2Y2 (CLOCK_ROOT)    net (fo=185544, estimated)
                                                      1.362     2.291    u_system/u_replay/g_array.u_array/u_array/u_ref/g_row[2].g_col[18].u_pe/u_mul/clk_IBUF_BUFG
    SLICE_X81Y117        FDRE                                         r  u_system/u_replay/g_array.u_array/u_array/u_ref/g_row[2].g_col[18].u_pe/u_mul/w1_s0_reg[7]/C
  -------------------------------------------------------------------    -------------------
    SLICE_X81Y117        FDRE (Prop_HFF2_SLICEM_C_Q)
                                                      0.078     2.369 r  u_system/u_replay/g_array.u_array/u_array/u_ref/g_row[2].g_col[18].u_pe/u_mul/w1_s0_reg[7]/Q
                         net (fo=1, estimated)        0.209     2.578    u_system/u_replay/g_array.u_array/u_array/u_ref/g_row[2].g_col[18].u_pe/u_mul/w1_s0[7]
    SLICE_X79Y119        LUT1 (Prop_H6LUT_SLICEM_I0_O)
                                                      0.039     2.617 f  u_system/u_replay/g_array.u_array/u_array/u_ref/g_row[2].g_col[18].u_pe/u_mul/u_dsp_i_1/O
                         net (fo=1, estimated)        0.788     3.405    u_system/u_replay/g_array.u_array/u_array/u_ref/g_row[2].g_col[18].u_pe/u_mul/u_dsp/D[23]
    DSP48E2_X8Y70        DSP_PREADD_DATA (Prop_DSP_PREADD_DATA_DSP48E2_DIN[23]_D_DATA[23])
                                                      0.240     3.645 r  u_system/u_replay/g_array.u_array/u_array/u_ref/g_row[2].g_col[18].u_pe/u_mul/u_dsp/DSP_PREADD_DATA_INST/D_DATA[23]
                         net (fo=1, routed)           0.000     3.645    u_system/u_replay/g_array.u_array/u_array/u_ref/g_row[2].g_col[18].u_pe/u_mul/u_dsp/DSP_PREADD_DATA.D_DATA<23>
    DSP48E2_X8Y70        DSP_PREADD (Prop_DSP_PREADD_DSP48E2_D_DATA[23]_AD[26])
                                                      0.524     4.169 f  u_system/u_replay/g_array.u_array/u_array/u_ref/g_row[2].g_col[18].u_pe/u_mul/u_dsp/DSP_PREADD_INST/AD[26]
                         net (fo=1, routed)           0.000     4.169    u_system/u_replay/g_array.u_array/u_array/u_ref/g_row[2].g_col[18].u_pe/u_mul/u_dsp/DSP_PREADD.AD<26>
    DSP48E2_X8Y70        DSP_PREADD_DATA (Prop_DSP_PREADD_DATA_DSP48E2_AD[26]_AD_DATA[26])
                                                      0.050     4.219 r  u_system/u_replay/g_array.u_array/u_array/u_ref/g_row[2].g_col[18].u_pe/u_mul/u_dsp/DSP_PREADD_DATA_INST/AD_DATA[26]
                         net (fo=1, routed)           0.000     4.219    u_system/u_replay/g_array.u_array/u_array/u_ref/g_row[2].g_col[18].u_pe/u_mul/u_dsp/DSP_PREADD_DATA.AD_DATA<26>
    DSP48E2_X8Y70        DSP_MULTIPLIER (Prop_DSP_MULTIPLIER_DSP48E2_AD_DATA[26]_U[36])
                                                      0.612     4.831 r  u_system/u_replay/g_array.u_array/u_array/u_ref/g_row[2].g_col[18].u_pe/u_mul/u_dsp/DSP_MULTIPLIER_INST/U[36]
                         net (fo=1, routed)           0.000     4.831    u_system/u_replay/g_array.u_array/u_array/u_ref/g_row[2].g_col[18].u_pe/u_mul/u_dsp/DSP_MULTIPLIER.U<36>
    DSP48E2_X8Y70        DSP_M_DATA                                   r  u_system/u_replay/g_array.u_array/u_array/u_ref/g_row[2].g_col[18].u_pe/u_mul/u_dsp/DSP_M_DATA_INST/U[36]
  -------------------------------------------------------------------    -------------------

                         (clock clk rise edge)        3.298     3.298 r  
    AJ20                                              0.000     3.298 r  clk (IN)
                         net (fo=0)                   0.000     3.298    clk_IBUF_inst/I
    AJ20                 INBUF (Prop_INBUF_HPIOB_M_PAD_O)
                                                      0.315     3.613 r  clk_IBUF_inst/INBUF_INST/O
                         net (fo=1, routed)           0.000     3.613    clk_IBUF_inst/OUT
    AJ20                 IBUFCTRL (Prop_IBUFCTRL_HPIOB_M_I_O)
                                                      0.000     3.613 r  clk_IBUF_inst/IBUFCTRL_INST/O
                         net (fo=1, estimated)        0.301     3.914    clk_IBUF
    BUFGCE_X1Y71         BUFGCE (Prop_BUFCE_BUFGCE_I_O)
                                                      0.024     3.938 r  clk_IBUF_BUFG_inst/O
    X2Y2 (CLOCK_ROOT)    net (fo=185544, estimated)
                                                      1.158     5.096    u_system/u_replay/g_array.u_array/u_array/u_ref/g_row[2].g_col[18].u_pe/u_mul/u_dsp/CLK
    DSP48E2_X8Y70        DSP_M_DATA                                   r  u_system/u_replay/g_array.u_array/u_array/u_ref/g_row[2].g_col[18].u_pe/u_mul/u_dsp/DSP_M_DATA_INST/CLK
                         clock pessimism              0.309     5.405    
                         clock uncertainty           -0.085     5.320    
    DSP48E2_X8Y70        DSP_M_DATA (Setup_DSP_M_DATA_DSP48E2_CLK_U[36])
                                                      0.015     5.335    u_system/u_replay/g_array.u_array/u_array/u_ref/g_row[2].g_col[18].u_pe/u_mul/u_dsp/DSP_M_DATA_INST
  -------------------------------------------------------------------
                         required time                          5.335    
                         arrival time                          -4.831    
  -------------------------------------------------------------------
                         slack                                  0.504    

Slack (MET) :             0.504ns  (required time - arrival time)
  Source:                 u_system/u_replay/g_array.u_array/u_array/u_ref/g_row[2].g_col[18].u_pe/u_mul/w1_s0_reg[7]/C
                            (rising edge-triggered cell FDRE clocked by clk  {rise@0.000ns fall@1.649ns period=3.298ns})
  Destination:            u_system/u_replay/g_array.u_array/u_array/u_ref/g_row[2].g_col[18].u_pe/u_mul/u_dsp/DSP_M_DATA_INST/U[37]
                            (rising edge-triggered cell DSP_M_DATA clocked by clk  {rise@0.000ns fall@1.649ns period=3.298ns})
  Path Group:             clk
  Path Type:              Setup (Max at Slow Process Corner)
  Requirement:            3.298ns  (clk rise@3.298ns - clk rise@0.000ns)
  Data Path Delay:        2.540ns  (logic 1.543ns (60.748%)  route 0.997ns (39.252%))
  Logic Levels:           5  (DSP_MULTIPLIER=1 DSP_PREADD=1 DSP_PREADD_DATA=2 LUT1=1)
  Clock Path Skew:        -0.184ns (DCD - SCD + CPR)
    Destination Clock Delay (DCD):    1.798ns = ( 5.096 - 3.298 ) 
    Source Clock Delay      (SCD):    2.291ns
    Clock Pessimism Removal (CPR):    0.309ns
  Clock Uncertainty:      0.085ns  ((TSJ^2 + TIJ^2)^1/2 + DJ) / 2 + PE + UU
    Total System Jitter     (TSJ):    0.071ns
    Total Input Jitter      (TIJ):    0.000ns
    Discrete Jitter          (DJ):    0.000ns
    Phase Error              (PE):    0.000ns
    User Uncertainty         (UU):    0.050ns
  Clock Net Delay (Source):      1.362ns (routing 0.210ns, distribution 1.152ns)
  Clock Net Delay (Destination): 1.158ns (routing 0.190ns, distribution 0.968ns)

    Location             Delay type                Incr(ns)  Path(ns)    Netlist Resource(s)
  -------------------------------------------------------------------    -------------------
                         (clock clk rise edge)        0.000     0.000 r  
    AJ20                                              0.000     0.000 r  clk (IN)
                         net (fo=0)                   0.000     0.000    clk_IBUF_inst/I
    AJ20                 INBUF (Prop_INBUF_HPIOB_M_PAD_O)
                                                      0.565     0.565 r  clk_IBUF_inst/INBUF_INST/O
                         net (fo=1, routed)           0.000     0.565    clk_IBUF_inst/OUT
    AJ20                 IBUFCTRL (Prop_IBUFCTRL_HPIOB_M_I_O)
                                                      0.000     0.565 r  clk_IBUF_inst/IBUFCTRL_INST/O
                         net (fo=1, estimated)        0.336     0.901    clk_IBUF
    BUFGCE_X1Y71         BUFGCE (Prop_BUFCE_BUFGCE_I_O)
                                                      0.028     0.929 r  clk_IBUF_BUFG_inst/O
    X2Y2 (CLOCK_ROOT)    net (fo=185544, estimated)
                                                      1.362     2.291    u_system/u_replay/g_array.u_array/u_array/u_ref/g_row[2].g_col[18].u_pe/u_mul/clk_IBUF_BUFG
    SLICE_X81Y117        FDRE                                         r  u_system/u_replay/g_array.u_array/u_array/u_ref/g_row[2].g_col[18].u_pe/u_mul/w1_s0_reg[7]/C
  -------------------------------------------------------------------    -------------------
    SLICE_X81Y117        FDRE (Prop_HFF2_SLICEM_C_Q)
                                                      0.078     2.369 r  u_system/u_replay/g_array.u_array/u_array/u_ref/g_row[2].g_col[18].u_pe/u_mul/w1_s0_reg[7]/Q
                         net (fo=1, estimated)        0.209     2.578    u_system/u_replay/g_array.u_array/u_array/u_ref/g_row[2].g_col[18].u_pe/u_mul/w1_s0[7]
    SLICE_X79Y119        LUT1 (Prop_H6LUT_SLICEM_I0_O)
                                                      0.039     2.617 f  u_system/u_replay/g_array.u_array/u_array/u_ref/g_row[2].g_col[18].u_pe/u_mul/u_dsp_i_1/O
                         net (fo=1, estimated)        0.788     3.405    u_system/u_replay/g_array.u_array/u_array/u_ref/g_row[2].g_col[18].u_pe/u_mul/u_dsp/D[23]
    DSP48E2_X8Y70        DSP_PREADD_DATA (Prop_DSP_PREADD_DATA_DSP48E2_DIN[23]_D_DATA[23])
                                                      0.240     3.645 r  u_system/u_replay/g_array.u_array/u_array/u_ref/g_row[2].g_col[18].u_pe/u_mul/u_dsp/DSP_PREADD_DATA_INST/D_DATA[23]
                         net (fo=1, routed)           0.000     3.645    u_system/u_replay/g_array.u_array/u_array/u_ref/g_row[2].g_col[18].u_pe/u_mul/u_dsp/DSP_PREADD_DATA.D_DATA<23>
    DSP48E2_X8Y70        DSP_PREADD (Prop_DSP_PREADD_DSP48E2_D_DATA[23]_AD[26])
                                                      0.524     4.169 f  u_system/u_replay/g_array.u_array/u_array/u_ref/g_row[2].g_col[18].u_pe/u_mul/u_dsp/DSP_PREADD_INST/AD[26]
                         net (fo=1, routed)           0.000     4.169    u_system/u_replay/g_array.u_array/u_array/u_ref/g_row[2].g_col[18].u_pe/u_mul/u_dsp/DSP_PREADD.AD<26>
    DSP48E2_X8Y70        DSP_PREADD_DATA (Prop_DSP_PREADD_DATA_DSP48E2_AD[26]_AD_DATA[26])
                                                      0.050     4.219 r  u_system/u_replay/g_array.u_array/u_array/u_ref/g_row[2].g_col[18].u_pe/u_mul/u_dsp/DSP_PREADD_DATA_INST/AD_DATA[26]
                         net (fo=1, routed)           0.000     4.219    u_system/u_replay/g_array.u_array/u_array/u_ref/g_row[2].g_col[18].u_pe/u_mul/u_dsp/DSP_PREADD_DATA.AD_DATA<26>
    DSP48E2_X8Y70        DSP_MULTIPLIER (Prop_DSP_MULTIPLIER_DSP48E2_AD_DATA[26]_U[37])
                                                      0.612     4.831 r  u_system/u_replay/g_array.u_array/u_array/u_ref/g_row[2].g_col[18].u_pe/u_mul/u_dsp/DSP_MULTIPLIER_INST/U[37]
                         net (fo=1, routed)           0.000     4.831    u_system/u_replay/g_array.u_array/u_array/u_ref/g_row[2].g_col[18].u_pe/u_mul/u_dsp/DSP_MULTIPLIER.U<37>
    DSP48E2_X8Y70        DSP_M_DATA                                   r  u_system/u_replay/g_array.u_array/u_array/u_ref/g_row[2].g_col[18].u_pe/u_mul/u_dsp/DSP_M_DATA_INST/U[37]
  -------------------------------------------------------------------    -------------------

                         (clock clk rise edge)        3.298     3.298 r  
    AJ20                                              0.000     3.298 r  clk (IN)
                         net (fo=0)                   0.000     3.298    clk_IBUF_inst/I
    AJ20                 INBUF (Prop_INBUF_HPIOB_M_PAD_O)
                                                      0.315     3.613 r  clk_IBUF_inst/INBUF_INST/O
                         net (fo=1, routed)           0.000     3.613    clk_IBUF_inst/OUT
    AJ20                 IBUFCTRL (Prop_IBUFCTRL_HPIOB_M_I_O)
                                                      0.000     3.613 r  clk_IBUF_inst/IBUFCTRL_INST/O
                         net (fo=1, estimated)        0.301     3.914    clk_IBUF
    BUFGCE_X1Y71         BUFGCE (Prop_BUFCE_BUFGCE_I_O)
                                                      0.024     3.938 r  clk_IBUF_BUFG_inst/O
    X2Y2 (CLOCK_ROOT)    net (fo=185544, estimated)
                                                      1.158     5.096    u_system/u_replay/g_array.u_array/u_array/u_ref/g_row[2].g_col[18].u_pe/u_mul/u_dsp/CLK
    DSP48E2_X8Y70        DSP_M_DATA                                   r  u_system/u_replay/g_array.u_array/u_array/u_ref/g_row[2].g_col[18].u_pe/u_mul/u_dsp/DSP_M_DATA_INST/CLK
                         clock pessimism              0.309     5.405    
                         clock uncertainty           -0.085     5.320    
    DSP48E2_X8Y70        DSP_M_DATA (Setup_DSP_M_DATA_DSP48E2_CLK_U[37])
                                                      0.015     5.335    u_system/u_replay/g_array.u_array/u_array/u_ref/g_row[2].g_col[18].u_pe/u_mul/u_dsp/DSP_M_DATA_INST
  -------------------------------------------------------------------
                         required time                          5.335    
                         arrival time                          -4.831    
  -------------------------------------------------------------------
                         slack                                  0.504    

Slack (MET) :             0.504ns  (required time - arrival time)
  Source:                 u_system/u_replay/g_array.u_array/u_array/u_ref/g_row[2].g_col[18].u_pe/u_mul/w1_s0_reg[7]/C
                            (rising edge-triggered cell FDRE clocked by clk  {rise@0.000ns fall@1.649ns period=3.298ns})
  Destination:            u_system/u_replay/g_array.u_array/u_array/u_ref/g_row[2].g_col[18].u_pe/u_mul/u_dsp/DSP_M_DATA_INST/U[38]
                            (rising edge-triggered cell DSP_M_DATA clocked by clk  {rise@0.000ns fall@1.649ns period=3.298ns})
  Path Group:             clk
  Path Type:              Setup (Max at Slow Process Corner)
  Requirement:            3.298ns  (clk rise@3.298ns - clk rise@0.000ns)
  Data Path Delay:        2.540ns  (logic 1.543ns (60.748%)  route 0.997ns (39.252%))
  Logic Levels:           5  (DSP_MULTIPLIER=1 DSP_PREADD=1 DSP_PREADD_DATA=2 LUT1=1)
  Clock Path Skew:        -0.184ns (DCD - SCD + CPR)
    Destination Clock Delay (DCD):    1.798ns = ( 5.096 - 3.298 ) 
    Source Clock Delay      (SCD):    2.291ns
    Clock Pessimism Removal (CPR):    0.309ns
  Clock Uncertainty:      0.085ns  ((TSJ^2 + TIJ^2)^1/2 + DJ) / 2 + PE + UU
    Total System Jitter     (TSJ):    0.071ns
    Total Input Jitter      (TIJ):    0.000ns
    Discrete Jitter          (DJ):    0.000ns
    Phase Error              (PE):    0.000ns
    User Uncertainty         (UU):    0.050ns
  Clock Net Delay (Source):      1.362ns (routing 0.210ns, distribution 1.152ns)
  Clock Net Delay (Destination): 1.158ns (routing 0.190ns, distribution 0.968ns)

    Location             Delay type                Incr(ns)  Path(ns)    Netlist Resource(s)
  -------------------------------------------------------------------    -------------------
                         (clock clk rise edge)        0.000     0.000 r  
    AJ20                                              0.000     0.000 r  clk (IN)
                         net (fo=0)                   0.000     0.000    clk_IBUF_inst/I
    AJ20                 INBUF (Prop_INBUF_HPIOB_M_PAD_O)
                                                      0.565     0.565 r  clk_IBUF_inst/INBUF_INST/O
                         net (fo=1, routed)           0.000     0.565    clk_IBUF_inst/OUT
    AJ20                 IBUFCTRL (Prop_IBUFCTRL_HPIOB_M_I_O)
                                                      0.000     0.565 r  clk_IBUF_inst/IBUFCTRL_INST/O
                         net (fo=1, estimated)        0.336     0.901    clk_IBUF
    BUFGCE_X1Y71         BUFGCE (Prop_BUFCE_BUFGCE_I_O)
                                                      0.028     0.929 r  clk_IBUF_BUFG_inst/O
    X2Y2 (CLOCK_ROOT)    net (fo=185544, estimated)
                                                      1.362     2.291    u_system/u_replay/g_array.u_array/u_array/u_ref/g_row[2].g_col[18].u_pe/u_mul/clk_IBUF_BUFG
    SLICE_X81Y117        FDRE                                         r  u_system/u_replay/g_array.u_array/u_array/u_ref/g_row[2].g_col[18].u_pe/u_mul/w1_s0_reg[7]/C
  -------------------------------------------------------------------    -------------------
    SLICE_X81Y117        FDRE (Prop_HFF2_SLICEM_C_Q)
                                                      0.078     2.369 r  u_system/u_replay/g_array.u_array/u_array/u_ref/g_row[2].g_col[18].u_pe/u_mul/w1_s0_reg[7]/Q
                         net (fo=1, estimated)        0.209     2.578    u_system/u_replay/g_array.u_array/u_array/u_ref/g_row[2].g_col[18].u_pe/u_mul/w1_s0[7]
    SLICE_X79Y119        LUT1 (Prop_H6LUT_SLICEM_I0_O)
                                                      0.039     2.617 f  u_system/u_replay/g_array.u_array/u_array/u_ref/g_row[2].g_col[18].u_pe/u_mul/u_dsp_i_1/O
                         net (fo=1, estimated)        0.788     3.405    u_system/u_replay/g_array.u_array/u_array/u_ref/g_row[2].g_col[18].u_pe/u_mul/u_dsp/D[23]
    DSP48E2_X8Y70        DSP_PREADD_DATA (Prop_DSP_PREADD_DATA_DSP48E2_DIN[23]_D_DATA[23])
                                                      0.240     3.645 r  u_system/u_replay/g_array.u_array/u_array/u_ref/g_row[2].g_col[18].u_pe/u_mul/u_dsp/DSP_PREADD_DATA_INST/D_DATA[23]
                         net (fo=1, routed)           0.000     3.645    u_system/u_replay/g_array.u_array/u_array/u_ref/g_row[2].g_col[18].u_pe/u_mul/u_dsp/DSP_PREADD_DATA.D_DATA<23>
    DSP48E2_X8Y70        DSP_PREADD (Prop_DSP_PREADD_DSP48E2_D_DATA[23]_AD[26])
                                                      0.524     4.169 f  u_system/u_replay/g_array.u_array/u_array/u_ref/g_row[2].g_col[18].u_pe/u_mul/u_dsp/DSP_PREADD_INST/AD[26]
                         net (fo=1, routed)           0.000     4.169    u_system/u_replay/g_array.u_array/u_array/u_ref/g_row[2].g_col[18].u_pe/u_mul/u_dsp/DSP_PREADD.AD<26>
    DSP48E2_X8Y70        DSP_PREADD_DATA (Prop_DSP_PREADD_DATA_DSP48E2_AD[26]_AD_DATA[26])
                                                      0.050     4.219 r  u_system/u_replay/g_array.u_array/u_array/u_ref/g_row[2].g_col[18].u_pe/u_mul/u_dsp/DSP_PREADD_DATA_INST/AD_DATA[26]
                         net (fo=1, routed)           0.000     4.219    u_system/u_replay/g_array.u_array/u_array/u_ref/g_row[2].g_col[18].u_pe/u_mul/u_dsp/DSP_PREADD_DATA.AD_DATA<26>
    DSP48E2_X8Y70        DSP_MULTIPLIER (Prop_DSP_MULTIPLIER_DSP48E2_AD_DATA[26]_U[38])
                                                      0.612     4.831 r  u_system/u_replay/g_array.u_array/u_array/u_ref/g_row[2].g_col[18].u_pe/u_mul/u_dsp/DSP_MULTIPLIER_INST/U[38]
                         net (fo=1, routed)           0.000     4.831    u_system/u_replay/g_array.u_array/u_array/u_ref/g_row[2].g_col[18].u_pe/u_mul/u_dsp/DSP_MULTIPLIER.U<38>
    DSP48E2_X8Y70        DSP_M_DATA                                   r  u_system/u_replay/g_array.u_array/u_array/u_ref/g_row[2].g_col[18].u_pe/u_mul/u_dsp/DSP_M_DATA_INST/U[38]
  -------------------------------------------------------------------    -------------------

                         (clock clk rise edge)        3.298     3.298 r  
    AJ20                                              0.000     3.298 r  clk (IN)
                         net (fo=0)                   0.000     3.298    clk_IBUF_inst/I
    AJ20                 INBUF (Prop_INBUF_HPIOB_M_PAD_O)
                                                      0.315     3.613 r  clk_IBUF_inst/INBUF_INST/O
                         net (fo=1, routed)           0.000     3.613    clk_IBUF_inst/OUT
    AJ20                 IBUFCTRL (Prop_IBUFCTRL_HPIOB_M_I_O)
                                                      0.000     3.613 r  clk_IBUF_inst/IBUFCTRL_INST/O
                         net (fo=1, estimated)        0.301     3.914    clk_IBUF
    BUFGCE_X1Y71         BUFGCE (Prop_BUFCE_BUFGCE_I_O)
                                                      0.024     3.938 r  clk_IBUF_BUFG_inst/O
    X2Y2 (CLOCK_ROOT)    net (fo=185544, estimated)
                                                      1.158     5.096    u_system/u_replay/g_array.u_array/u_array/u_ref/g_row[2].g_col[18].u_pe/u_mul/u_dsp/CLK
    DSP48E2_X8Y70        DSP_M_DATA                                   r  u_system/u_replay/g_array.u_array/u_array/u_ref/g_row[2].g_col[18].u_pe/u_mul/u_dsp/DSP_M_DATA_INST/CLK
                         clock pessimism              0.309     5.405    
                         clock uncertainty           -0.085     5.320    
    DSP48E2_X8Y70        DSP_M_DATA (Setup_DSP_M_DATA_DSP48E2_CLK_U[38])
                                                      0.015     5.335    u_system/u_replay/g_array.u_array/u_array/u_ref/g_row[2].g_col[18].u_pe/u_mul/u_dsp/DSP_M_DATA_INST
  -------------------------------------------------------------------
                         required time                          5.335    
                         arrival time                          -4.831    
  -------------------------------------------------------------------
                         slack                                  0.504    

Slack (MET) :             0.504ns  (required time - arrival time)
  Source:                 u_system/u_replay/g_array.u_array/u_array/u_ref/g_row[2].g_col[18].u_pe/u_mul/w1_s0_reg[7]/C
                            (rising edge-triggered cell FDRE clocked by clk  {rise@0.000ns fall@1.649ns period=3.298ns})
  Destination:            u_system/u_replay/g_array.u_array/u_array/u_ref/g_row[2].g_col[18].u_pe/u_mul/u_dsp/DSP_M_DATA_INST/U[39]
                            (rising edge-triggered cell DSP_M_DATA clocked by clk  {rise@0.000ns fall@1.649ns period=3.298ns})
  Path Group:             clk
  Path Type:              Setup (Max at Slow Process Corner)
  Requirement:            3.298ns  (clk rise@3.298ns - clk rise@0.000ns)
  Data Path Delay:        2.540ns  (logic 1.543ns (60.748%)  route 0.997ns (39.252%))
  Logic Levels:           5  (DSP_MULTIPLIER=1 DSP_PREADD=1 DSP_PREADD_DATA=2 LUT1=1)
  Clock Path Skew:        -0.184ns (DCD - SCD + CPR)
    Destination Clock Delay (DCD):    1.798ns = ( 5.096 - 3.298 ) 
    Source Clock Delay      (SCD):    2.291ns
    Clock Pessimism Removal (CPR):    0.309ns
  Clock Uncertainty:      0.085ns  ((TSJ^2 + TIJ^2)^1/2 + DJ) / 2 + PE + UU
    Total System Jitter     (TSJ):    0.071ns
    Total Input Jitter      (TIJ):    0.000ns
    Discrete Jitter          (DJ):    0.000ns
    Phase Error              (PE):    0.000ns
    User Uncertainty         (UU):    0.050ns
  Clock Net Delay (Source):      1.362ns (routing 0.210ns, distribution 1.152ns)
  Clock Net Delay (Destination): 1.158ns (routing 0.190ns, distribution 0.968ns)

    Location             Delay type                Incr(ns)  Path(ns)    Netlist Resource(s)
  -------------------------------------------------------------------    -------------------
                         (clock clk rise edge)        0.000     0.000 r  
    AJ20                                              0.000     0.000 r  clk (IN)
                         net (fo=0)                   0.000     0.000    clk_IBUF_inst/I
    AJ20                 INBUF (Prop_INBUF_HPIOB_M_PAD_O)
                                                      0.565     0.565 r  clk_IBUF_inst/INBUF_INST/O
                         net (fo=1, routed)           0.000     0.565    clk_IBUF_inst/OUT
    AJ20                 IBUFCTRL (Prop_IBUFCTRL_HPIOB_M_I_O)
                                                      0.000     0.565 r  clk_IBUF_inst/IBUFCTRL_INST/O
                         net (fo=1, estimated)        0.336     0.901    clk_IBUF
    BUFGCE_X1Y71         BUFGCE (Prop_BUFCE_BUFGCE_I_O)
                                                      0.028     0.929 r  clk_IBUF_BUFG_inst/O
    X2Y2 (CLOCK_ROOT)    net (fo=185544, estimated)
                                                      1.362     2.291    u_system/u_replay/g_array.u_array/u_array/u_ref/g_row[2].g_col[18].u_pe/u_mul/clk_IBUF_BUFG
    SLICE_X81Y117        FDRE                                         r  u_system/u_replay/g_array.u_array/u_array/u_ref/g_row[2].g_col[18].u_pe/u_mul/w1_s0_reg[7]/C
  -------------------------------------------------------------------    -------------------
    SLICE_X81Y117        FDRE (Prop_HFF2_SLICEM_C_Q)
                                                      0.078     2.369 r  u_system/u_replay/g_array.u_array/u_array/u_ref/g_row[2].g_col[18].u_pe/u_mul/w1_s0_reg[7]/Q
                         net (fo=1, estimated)        0.209     2.578    u_system/u_replay/g_array.u_array/u_array/u_ref/g_row[2].g_col[18].u_pe/u_mul/w1_s0[7]
    SLICE_X79Y119        LUT1 (Prop_H6LUT_SLICEM_I0_O)
                                                      0.039     2.617 f  u_system/u_replay/g_array.u_array/u_array/u_ref/g_row[2].g_col[18].u_pe/u_mul/u_dsp_i_1/O
                         net (fo=1, estimated)        0.788     3.405    u_system/u_replay/g_array.u_array/u_array/u_ref/g_row[2].g_col[18].u_pe/u_mul/u_dsp/D[23]
    DSP48E2_X8Y70        DSP_PREADD_DATA (Prop_DSP_PREADD_DATA_DSP48E2_DIN[23]_D_DATA[23])
                                                      0.240     3.645 r  u_system/u_replay/g_array.u_array/u_array/u_ref/g_row[2].g_col[18].u_pe/u_mul/u_dsp/DSP_PREADD_DATA_INST/D_DATA[23]
                         net (fo=1, routed)           0.000     3.645    u_system/u_replay/g_array.u_array/u_array/u_ref/g_row[2].g_col[18].u_pe/u_mul/u_dsp/DSP_PREADD_DATA.D_DATA<23>
    DSP48E2_X8Y70        DSP_PREADD (Prop_DSP_PREADD_DSP48E2_D_DATA[23]_AD[26])
                                                      0.524     4.169 f  u_system/u_replay/g_array.u_array/u_array/u_ref/g_row[2].g_col[18].u_pe/u_mul/u_dsp/DSP_PREADD_INST/AD[26]
                         net (fo=1, routed)           0.000     4.169    u_system/u_replay/g_array.u_array/u_array/u_ref/g_row[2].g_col[18].u_pe/u_mul/u_dsp/DSP_PREADD.AD<26>
    DSP48E2_X8Y70        DSP_PREADD_DATA (Prop_DSP_PREADD_DATA_DSP48E2_AD[26]_AD_DATA[26])
                                                      0.050     4.219 r  u_system/u_replay/g_array.u_array/u_array/u_ref/g_row[2].g_col[18].u_pe/u_mul/u_dsp/DSP_PREADD_DATA_INST/AD_DATA[26]
                         net (fo=1, routed)           0.000     4.219    u_system/u_replay/g_array.u_array/u_array/u_ref/g_row[2].g_col[18].u_pe/u_mul/u_dsp/DSP_PREADD_DATA.AD_DATA<26>
    DSP48E2_X8Y70        DSP_MULTIPLIER (Prop_DSP_MULTIPLIER_DSP48E2_AD_DATA[26]_U[39])
                                                      0.612     4.831 r  u_system/u_replay/g_array.u_array/u_array/u_ref/g_row[2].g_col[18].u_pe/u_mul/u_dsp/DSP_MULTIPLIER_INST/U[39]
                         net (fo=1, routed)           0.000     4.831    u_system/u_replay/g_array.u_array/u_array/u_ref/g_row[2].g_col[18].u_pe/u_mul/u_dsp/DSP_MULTIPLIER.U<39>
    DSP48E2_X8Y70        DSP_M_DATA                                   r  u_system/u_replay/g_array.u_array/u_array/u_ref/g_row[2].g_col[18].u_pe/u_mul/u_dsp/DSP_M_DATA_INST/U[39]
  -------------------------------------------------------------------    -------------------

                         (clock clk rise edge)        3.298     3.298 r  
    AJ20                                              0.000     3.298 r  clk (IN)
                         net (fo=0)                   0.000     3.298    clk_IBUF_inst/I
    AJ20                 INBUF (Prop_INBUF_HPIOB_M_PAD_O)
                                                      0.315     3.613 r  clk_IBUF_inst/INBUF_INST/O
                         net (fo=1, routed)           0.000     3.613    clk_IBUF_inst/OUT
    AJ20                 IBUFCTRL (Prop_IBUFCTRL_HPIOB_M_I_O)
                                                      0.000     3.613 r  clk_IBUF_inst/IBUFCTRL_INST/O
                         net (fo=1, estimated)        0.301     3.914    clk_IBUF
    BUFGCE_X1Y71         BUFGCE (Prop_BUFCE_BUFGCE_I_O)
                                                      0.024     3.938 r  clk_IBUF_BUFG_inst/O
    X2Y2 (CLOCK_ROOT)    net (fo=185544, estimated)
                                                      1.158     5.096    u_system/u_replay/g_array.u_array/u_array/u_ref/g_row[2].g_col[18].u_pe/u_mul/u_dsp/CLK
    DSP48E2_X8Y70        DSP_M_DATA                                   r  u_system/u_replay/g_array.u_array/u_array/u_ref/g_row[2].g_col[18].u_pe/u_mul/u_dsp/DSP_M_DATA_INST/CLK
                         clock pessimism              0.309     5.405    
                         clock uncertainty           -0.085     5.320    
    DSP48E2_X8Y70        DSP_M_DATA (Setup_DSP_M_DATA_DSP48E2_CLK_U[39])
                                                      0.015     5.335    u_system/u_replay/g_array.u_array/u_array/u_ref/g_row[2].g_col[18].u_pe/u_mul/u_dsp/DSP_M_DATA_INST
  -------------------------------------------------------------------
                         required time                          5.335    
                         arrival time                          -4.831    
  -------------------------------------------------------------------
                         slack                                  0.504    





Pulse Width Checks
--------------------------------------------------------------------------------------
Clock Name:         clk
Waveform(ns):       { 0.000 1.649 }
Period(ns):         3.298
Sources:            { clk }

Check Type        Corner  Lib Pin     Reference Pin  Required(ns)  Actual(ns)  Slack(ns)  Location       Pin
Min Period        n/a     BUFGCE/I    n/a            1.290         3.298       2.008      BUFGCE_X1Y71   clk_IBUF_BUFG_inst/I
Min Period        n/a     SRL16E/CLK  n/a            1.064         3.298       2.234      SLICE_X89Y226  u_system/u_replay/g_array.u_array/u_array/u_ref/adly_reg[10][10][0]_srl8/CLK
Min Period        n/a     SRL16E/CLK  n/a            1.064         3.298       2.234      SLICE_X89Y226  u_system/u_replay/g_array.u_array/u_array/u_ref/adly_reg[10][10][1]_srl8/CLK
Min Period        n/a     SRL16E/CLK  n/a            1.064         3.298       2.234      SLICE_X89Y226  u_system/u_replay/g_array.u_array/u_array/u_ref/adly_reg[10][10][2]_srl8/CLK
Min Period        n/a     SRL16E/CLK  n/a            1.064         3.298       2.234      SLICE_X89Y226  u_system/u_replay/g_array.u_array/u_array/u_ref/adly_reg[10][10][3]_srl8/CLK
Min Period        n/a     SRL16E/CLK  n/a            1.064         3.298       2.234      SLICE_X89Y226  u_system/u_replay/g_array.u_array/u_array/u_ref/adly_reg[10][10][4]_srl8/CLK
Min Period        n/a     SRL16E/CLK  n/a            1.064         3.298       2.234      SLICE_X89Y226  u_system/u_replay/g_array.u_array/u_array/u_ref/adly_reg[10][10][5]_srl8/CLK
Min Period        n/a     SRL16E/CLK  n/a            1.064         3.298       2.234      SLICE_X89Y226  u_system/u_replay/g_array.u_array/u_array/u_ref/adly_reg[10][10][6]_srl8/CLK
Min Period        n/a     SRL16E/CLK  n/a            1.064         3.298       2.234      SLICE_X89Y226  u_system/u_replay/g_array.u_array/u_array/u_ref/adly_reg[10][10][7]_srl8/CLK
Min Period        n/a     SRL16E/CLK  n/a            1.064         3.298       2.234      SLICE_X88Y216  u_system/u_replay/g_array.u_array/u_array/u_ref/adly_reg[11][11][0]_srl8/CLK
Min Period        n/a     SRL16E/CLK  n/a            1.064         3.298       2.234      SLICE_X88Y216  u_system/u_replay/g_array.u_array/u_array/u_ref/adly_reg[11][11][1]_srl8/CLK
Min Period        n/a     SRL16E/CLK  n/a            1.064         3.298       2.234      SLICE_X88Y216  u_system/u_replay/g_array.u_array/u_array/u_ref/adly_reg[11][11][2]_srl8/CLK
Min Period        n/a     SRL16E/CLK  n/a            1.064         3.298       2.234      SLICE_X88Y216  u_system/u_replay/g_array.u_array/u_array/u_ref/adly_reg[11][11][3]_srl8/CLK
Min Period        n/a     SRL16E/CLK  n/a            1.064         3.298       2.234      SLICE_X88Y216  u_system/u_replay/g_array.u_array/u_array/u_ref/adly_reg[11][11][4]_srl8/CLK
Min Period        n/a     SRL16E/CLK  n/a            1.064         3.298       2.234      SLICE_X88Y216  u_system/u_replay/g_array.u_array/u_array/u_ref/adly_reg[11][11][5]_srl8/CLK
Min Period        n/a     SRL16E/CLK  n/a            1.064         3.298       2.234      SLICE_X88Y216  u_system/u_replay/g_array.u_array/u_array/u_ref/adly_reg[11][11][6]_srl8/CLK
Min Period        n/a     SRL16E/CLK  n/a            1.064         3.298       2.234      SLICE_X88Y216  u_system/u_replay/g_array.u_array/u_array/u_ref/adly_reg[11][11][7]_srl8/CLK
Min Period        n/a     SRL16E/CLK  n/a            1.064         3.298       2.234      SLICE_X89Y227  u_system/u_replay/g_array.u_array/u_array/u_ref/adly_reg[12][12][0]_srl8/CLK
Min Period        n/a     SRL16E/CLK  n/a            1.064         3.298       2.234      SLICE_X89Y227  u_system/u_replay/g_array.u_array/u_array/u_ref/adly_reg[12][12][1]_srl8/CLK
Min Period        n/a     SRL16E/CLK  n/a            1.064         3.298       2.234      SLICE_X89Y227  u_system/u_replay/g_array.u_array/u_array/u_ref/adly_reg[12][12][2]_srl8/CLK
Low Pulse Width   Slow    SRL16E/CLK  n/a            0.532         1.649       1.117      SLICE_X89Y226  u_system/u_replay/g_array.u_array/u_array/u_ref/adly_reg[10][10][0]_srl8/CLK
Low Pulse Width   Fast    SRL16E/CLK  n/a            0.532         1.649       1.117      SLICE_X89Y226  u_system/u_replay/g_array.u_array/u_array/u_ref/adly_reg[10][10][0]_srl8/CLK
Low Pulse Width   Slow    SRL16E/CLK  n/a            0.532         1.649       1.117      SLICE_X89Y226  u_system/u_replay/g_array.u_array/u_array/u_ref/adly_reg[10][10][1]_srl8/CLK
Low Pulse Width   Fast    SRL16E/CLK  n/a            0.532         1.649       1.117      SLICE_X89Y226  u_system/u_replay/g_array.u_array/u_array/u_ref/adly_reg[10][10][1]_srl8/CLK
Low Pulse Width   Slow    SRL16E/CLK  n/a            0.532         1.649       1.117      SLICE_X89Y226  u_system/u_replay/g_array.u_array/u_array/u_ref/adly_reg[10][10][2]_srl8/CLK
Low Pulse Width   Fast    SRL16E/CLK  n/a            0.532         1.649       1.117      SLICE_X89Y226  u_system/u_replay/g_array.u_array/u_array/u_ref/adly_reg[10][10][2]_srl8/CLK
Low Pulse Width   Slow    SRL16E/CLK  n/a            0.532         1.649       1.117      SLICE_X89Y226  u_system/u_replay/g_array.u_array/u_array/u_ref/adly_reg[10][10][3]_srl8/CLK
Low Pulse Width   Fast    SRL16E/CLK  n/a            0.532         1.649       1.117      SLICE_X89Y226  u_system/u_replay/g_array.u_array/u_array/u_ref/adly_reg[10][10][3]_srl8/CLK
Low Pulse Width   Slow    SRL16E/CLK  n/a            0.532         1.649       1.117      SLICE_X89Y226  u_system/u_replay/g_array.u_array/u_array/u_ref/adly_reg[10][10][4]_srl8/CLK
Low Pulse Width   Fast    SRL16E/CLK  n/a            0.532         1.649       1.117      SLICE_X89Y226  u_system/u_replay/g_array.u_array/u_array/u_ref/adly_reg[10][10][4]_srl8/CLK
Low Pulse Width   Slow    SRL16E/CLK  n/a            0.532         1.649       1.117      SLICE_X89Y226  u_system/u_replay/g_array.u_array/u_array/u_ref/adly_reg[10][10][5]_srl8/CLK
Low Pulse Width   Fast    SRL16E/CLK  n/a            0.532         1.649       1.117      SLICE_X89Y226  u_system/u_replay/g_array.u_array/u_array/u_ref/adly_reg[10][10][5]_srl8/CLK
Low Pulse Width   Slow    SRL16E/CLK  n/a            0.532         1.649       1.117      SLICE_X89Y226  u_system/u_replay/g_array.u_array/u_array/u_ref/adly_reg[10][10][6]_srl8/CLK
Low Pulse Width   Fast    SRL16E/CLK  n/a            0.532         1.649       1.117      SLICE_X89Y226  u_system/u_replay/g_array.u_array/u_array/u_ref/adly_reg[10][10][6]_srl8/CLK
Low Pulse Width   Slow    SRL16E/CLK  n/a            0.532         1.649       1.117      SLICE_X89Y226  u_system/u_replay/g_array.u_array/u_array/u_ref/adly_reg[10][10][7]_srl8/CLK
Low Pulse Width   Fast    SRL16E/CLK  n/a            0.532         1.649       1.117      SLICE_X89Y226  u_system/u_replay/g_array.u_array/u_array/u_ref/adly_reg[10][10][7]_srl8/CLK
Low Pulse Width   Slow    SRL16E/CLK  n/a            0.532         1.649       1.117      SLICE_X88Y216  u_system/u_replay/g_array.u_array/u_array/u_ref/adly_reg[11][11][0]_srl8/CLK
Low Pulse Width   Fast    SRL16E/CLK  n/a            0.532         1.649       1.117      SLICE_X88Y216  u_system/u_replay/g_array.u_array/u_array/u_ref/adly_reg[11][11][0]_srl8/CLK
Low Pulse Width   Slow    SRL16E/CLK  n/a            0.532         1.649       1.117      SLICE_X88Y216  u_system/u_replay/g_array.u_array/u_array/u_ref/adly_reg[11][11][1]_srl8/CLK
Low Pulse Width   Fast    SRL16E/CLK  n/a            0.532         1.649       1.117      SLICE_X88Y216  u_system/u_replay/g_array.u_array/u_array/u_ref/adly_reg[11][11][1]_srl8/CLK
High Pulse Width  Slow    SRL16E/CLK  n/a            0.532         1.649       1.117      SLICE_X89Y226  u_system/u_replay/g_array.u_array/u_array/u_ref/adly_reg[10][10][0]_srl8/CLK
High Pulse Width  Fast    SRL16E/CLK  n/a            0.532         1.649       1.117      SLICE_X89Y226  u_system/u_replay/g_array.u_array/u_array/u_ref/adly_reg[10][10][0]_srl8/CLK
High Pulse Width  Slow    SRL16E/CLK  n/a            0.532         1.649       1.117      SLICE_X89Y226  u_system/u_replay/g_array.u_array/u_array/u_ref/adly_reg[10][10][1]_srl8/CLK
High Pulse Width  Fast    SRL16E/CLK  n/a            0.532         1.649       1.117      SLICE_X89Y226  u_system/u_replay/g_array.u_array/u_array/u_ref/adly_reg[10][10][1]_srl8/CLK
High Pulse Width  Slow    SRL16E/CLK  n/a            0.532         1.649       1.117      SLICE_X89Y226  u_system/u_replay/g_array.u_array/u_array/u_ref/adly_reg[10][10][2]_srl8/CLK
High Pulse Width  Fast    SRL16E/CLK  n/a            0.532         1.649       1.117      SLICE_X89Y226  u_system/u_replay/g_array.u_array/u_array/u_ref/adly_reg[10][10][2]_srl8/CLK
High Pulse Width  Slow    SRL16E/CLK  n/a            0.532         1.649       1.117      SLICE_X89Y226  u_system/u_replay/g_array.u_array/u_array/u_ref/adly_reg[10][10][3]_srl8/CLK
High Pulse Width  Fast    SRL16E/CLK  n/a            0.532         1.649       1.117      SLICE_X89Y226  u_system/u_replay/g_array.u_array/u_array/u_ref/adly_reg[10][10][3]_srl8/CLK
High Pulse Width  Slow    SRL16E/CLK  n/a            0.532         1.649       1.117      SLICE_X89Y226  u_system/u_replay/g_array.u_array/u_array/u_ref/adly_reg[10][10][4]_srl8/CLK
High Pulse Width  Fast    SRL16E/CLK  n/a            0.532         1.649       1.117      SLICE_X89Y226  u_system/u_replay/g_array.u_array/u_array/u_ref/adly_reg[10][10][4]_srl8/CLK
High Pulse Width  Slow    SRL16E/CLK  n/a            0.532         1.649       1.117      SLICE_X89Y226  u_system/u_replay/g_array.u_array/u_array/u_ref/adly_reg[10][10][5]_srl8/CLK
High Pulse Width  Fast    SRL16E/CLK  n/a            0.532         1.649       1.117      SLICE_X89Y226  u_system/u_replay/g_array.u_array/u_array/u_ref/adly_reg[10][10][5]_srl8/CLK
High Pulse Width  Slow    SRL16E/CLK  n/a            0.532         1.649       1.117      SLICE_X89Y226  u_system/u_replay/g_array.u_array/u_array/u_ref/adly_reg[10][10][6]_srl8/CLK
High Pulse Width  Fast    SRL16E/CLK  n/a            0.532         1.649       1.117      SLICE_X89Y226  u_system/u_replay/g_array.u_array/u_array/u_ref/adly_reg[10][10][6]_srl8/CLK
High Pulse Width  Slow    SRL16E/CLK  n/a            0.532         1.649       1.117      SLICE_X89Y226  u_system/u_replay/g_array.u_array/u_array/u_ref/adly_reg[10][10][7]_srl8/CLK
High Pulse Width  Fast    SRL16E/CLK  n/a            0.532         1.649       1.117      SLICE_X89Y226  u_system/u_replay/g_array.u_array/u_array/u_ref/adly_reg[10][10][7]_srl8/CLK
High Pulse Width  Slow    SRL16E/CLK  n/a            0.532         1.649       1.117      SLICE_X88Y216  u_system/u_replay/g_array.u_array/u_array/u_ref/adly_reg[11][11][0]_srl8/CLK
High Pulse Width  Fast    SRL16E/CLK  n/a            0.532         1.649       1.117      SLICE_X88Y216  u_system/u_replay/g_array.u_array/u_array/u_ref/adly_reg[11][11][0]_srl8/CLK
High Pulse Width  Slow    SRL16E/CLK  n/a            0.532         1.649       1.117      SLICE_X88Y216  u_system/u_replay/g_array.u_array/u_array/u_ref/adly_reg[11][11][1]_srl8/CLK
High Pulse Width  Fast    SRL16E/CLK  n/a            0.532         1.649       1.117      SLICE_X88Y216  u_system/u_replay/g_array.u_array/u_array/u_ref/adly_reg[11][11][1]_srl8/CLK



