descriptor_id,source_seq,source_op,op,execution_unit,total_cycles,compute_cycles,read_cycles,write_cycles,mapped_cycles,fallback_cycles,valid_mac_count,active_pe_cycles,tile_count,activation_bytes,weight_bytes,output_bytes
0,0,lift_fresh,META_IDENTITY,meta_engine,12288,12288,12288,12288,12288,0,0,0,0,393216,0,393216
1,1,permute,LAYOUT,layout_engine,12292,12292,12288,12288,12292,0,0,0,0,393216,0,393216
2,2,sub,ADD,fp16_vector,12288,12288,12288,12288,12288,0,0,0,0,393216,0,393216
3,3,div,DIV,fp16_vector,12288,12288,12288,12288,12288,0,0,0,0,393216,0,393216
4,4,lift_fresh,META_IDENTITY,meta_engine,12288,12288,12288,12288,12288,0,0,0,0,393216,0,393216
5,5,permute,LAYOUT,layout_engine,12292,12292,12288,12288,12292,0,0,0,0,393216,0,393216
6,6,sub,ADD,fp16_vector,12288,12288,12288,12288,12288,0,0,0,0,393216,0,393216
7,7,div,DIV,fp16_vector,12288,12288,12288,12288,12288,0,0,0,0,393216,0,393216
8,8,stack,LAYOUT,layout_engine,12292,12292,12288,12288,12292,0,0,0,0,393216,0,393216
9,9,view,LAYOUT,layout_engine,24580,24580,24576,24576,24580,0,0,0,0,786432,0,786432
10,10,to,META_IDENTITY,meta_engine,24576,24576,24576,24576,24576,0,0,0,0,786432,0,786432
11,11,lift_fresh,META_IDENTITY,meta_engine,2,2,1,1,2,0,0,0,0,16,0,16
12,12,to,META_IDENTITY,meta_engine,2,2,1,1,2,0,0,0,0,16,0,16
13,13,stack,LAYOUT,layout_engine,5,5,1,1,5,0,0,0,0,16,0,16
14,14,to,META_IDENTITY,meta_engine,2,2,1,1,2,0,0,0,0,16,0,16
15,15,to,META_IDENTITY,meta_engine,24576,24576,24576,24576,24576,0,0,0,0,786432,0,786432
16,16,to,META_IDENTITY,meta_engine,2,2,1,1,2,0,0,0,0,16,0,16
17,17,zeros,FILL,memory_engine,5,5,1,1,5,0,0,0,0,2,0,2
18,18,eye,FILL,memory_engine,5,5,1,1,5,0,0,0,0,2,0,2
19,19,expand,LAYOUT,layout_engine,32,32,28,28,32,0,0,0,0,882,0,882
20,20,clone,META_IDENTITY,meta_engine,28,28,28,28,28,0,0,0,0,882,0,882
21,21,lift_fresh,META_IDENTITY,meta_engine,2,2,2,2,2,0,0,0,0,42,0,42
22,22,detach_,META_IDENTITY,meta_engine,2,2,2,2,2,0,0,0,0,42,0,42
23,23,lift_fresh,META_IDENTITY,meta_engine,2,2,2,2,2,0,0,0,0,42,0,42
24,24,detach_,META_IDENTITY,meta_engine,2,2,2,2,2,0,0,0,0,42,0,42
25,25,lift_fresh,META_IDENTITY,meta_engine,2,2,2,2,2,0,0,0,0,42,0,42
26,26,detach_,META_IDENTITY,meta_engine,2,2,2,2,2,0,0,0,0,42,0,42
27,27,to,META_IDENTITY,meta_engine,2,2,2,2,2,0,0,0,0,42,0,42
28,28,to,META_IDENTITY,meta_engine,2,2,2,2,2,0,0,0,0,42,0,42
29,29,to,META_IDENTITY,meta_engine,2,2,2,2,2,0,0,0,0,42,0,42
30,30,zeros,FILL,memory_engine,5,5,1,1,5,0,0,0,0,2,0,2
31,31,to,META_IDENTITY,meta_engine,2,2,2,2,2,0,0,0,0,42,0,42
32,32,eq,MASK,mask_engine,6,6,2,2,6,0,0,0,0,42,0,42
33,33,__ior__,META_IDENTITY,meta_engine,2,2,2,2,2,0,0,0,0,42,0,42
34,34,eq,MASK,mask_engine,6,6,2,2,6,0,0,0,0,42,0,42
35,35,__ior__,META_IDENTITY,meta_engine,2,2,2,2,2,0,0,0,0,42,0,42
36,36,eq,MASK,mask_engine,6,6,2,2,6,0,0,0,0,42,0,42
37,37,__ior__,META_IDENTITY,meta_engine,2,2,2,2,2,0,0,0,0,42,0,42
38,38,eq,MASK,mask_engine,6,6,2,2,6,0,0,0,0,42,0,42
39,39,__ior__,META_IDENTITY,meta_engine,2,2,2,2,2,0,0,0,0,42,0,42
40,40,nonzero,META_IDENTITY,meta_engine,2,2,2,2,2,0,0,0,0,42,0,42
41,41,eye,FILL,memory_engine,5,5,1,1,5,0,0,0,0,2,0,2
42,42,to,META_IDENTITY,meta_engine,28,28,28,28,28,0,0,0,0,882,0,882
43,43,unsqueeze,LAYOUT,layout_engine,32,32,28,28,32,0,0,0,0,882,0,882
44,44,repeat,LAYOUT,layout_engine,32,32,28,28,32,0,0,0,0,882,0,882
45,45,zeros,FILL,memory_engine,5,5,1,1,5,0,0,0,0,2,0,2
46,46,select,LAYOUT,layout_engine,5,5,1,1,5,0,0,0,0,8,0,8
47,47,unbind,LAYOUT,layout_engine,5,5,1,1,5,0,0,0,0,4,0,4
48,48,eq,MASK,mask_engine,5,5,1,1,5,0,0,0,0,2,0,2
49,49,is_nonzero,META_IDENTITY,meta_engine,2,2,1,1,2,0,0,0,0,2,0,2
50,50,lift_fresh,META_IDENTITY,meta_engine,2,2,1,1,2,0,0,0,0,2,0,2
51,51,item,META_IDENTITY,meta_engine,2,2,1,1,2,0,0,0,0,2,0,2
52,52,select,LAYOUT,layout_engine,32,32,28,28,32,0,0,0,0,882,0,882
53,53,item,META_IDENTITY,meta_engine,2,2,1,1,2,0,0,0,0,2,0,2
54,54,select,LAYOUT,layout_engine,32,32,28,28,32,0,0,0,0,882,0,882
55,55,item,META_IDENTITY,meta_engine,2,2,1,1,2,0,0,0,0,2,0,2
56,56,select,LAYOUT,layout_engine,6,6,2,2,6,0,0,0,0,42,0,42
57,57,copy_,META_IDENTITY,meta_engine,2,2,1,1,2,0,0,0,0,2,0,2
58,58,lift_fresh,META_IDENTITY,meta_engine,2,2,1,1,2,0,0,0,0,2,0,2
59,59,item,META_IDENTITY,meta_engine,2,2,1,1,2,0,0,0,0,2,0,2
60,60,select,LAYOUT,layout_engine,6,6,2,2,6,0,0,0,0,42,0,42
61,61,item,META_IDENTITY,meta_engine,2,2,1,1,2,0,0,0,0,2,0,2
62,62,select,LAYOUT,layout_engine,6,6,2,2,6,0,0,0,0,42,0,42
63,63,copy_,META_IDENTITY,meta_engine,2,2,1,1,2,0,0,0,0,2,0,2
64,64,select,LAYOUT,layout_engine,5,5,1,1,5,0,0,0,0,8,0,8
65,65,unbind,LAYOUT,layout_engine,5,5,1,1,5,0,0,0,0,4,0,4
66,66,eq,MASK,mask_engine,5,5,1,1,5,0,0,0,0,2,0,2
67,67,is_nonzero,META_IDENTITY,meta_engine,2,2,1,1,2,0,0,0,0,2,0,2
68,68,eq,MASK,mask_engine,5,5,1,1,5,0,0,0,0,2,0,2
69,69,is_nonzero,META_IDENTITY,meta_engine,2,2,1,1,2,0,0,0,0,2,0,2
70,70,lift_fresh,META_IDENTITY,meta_engine,2,2,1,1,2,0,0,0,0,2,0,2
71,71,item,META_IDENTITY,meta_engine,2,2,1,1,2,0,0,0,0,2,0,2
72,72,select,LAYOUT,layout_engine,32,32,28,28,32,0,0,0,0,882,0,882
73,73,item,META_IDENTITY,meta_engine,2,2,1,1,2,0,0,0,0,2,0,2
74,74,select,LAYOUT,layout_engine,32,32,28,28,32,0,0,0,0,882,0,882
75,75,item,META_IDENTITY,meta_engine,2,2,1,1,2,0,0,0,0,2,0,2
76,76,select,LAYOUT,layout_engine,6,6,2,2,6,0,0,0,0,42,0,42
77,77,copy_,META_IDENTITY,meta_engine,2,2,1,1,2,0,0,0,0,2,0,2
78,78,lift_fresh,META_IDENTITY,meta_engine,2,2,1,1,2,0,0,0,0,2,0,2
79,79,item,META_IDENTITY,meta_engine,2,2,1,1,2,0,0,0,0,2,0,2
80,80,select,LAYOUT,layout_engine,6,6,2,2,6,0,0,0,0,42,0,42
81,81,item,META_IDENTITY,meta_engine,2,2,1,1,2,0,0,0,0,2,0,2
82,82,select,LAYOUT,layout_engine,6,6,2,2,6,0,0,0,0,42,0,42
83,83,copy_,META_IDENTITY,meta_engine,2,2,1,1,2,0,0,0,0,2,0,2
84,84,to,META_IDENTITY,meta_engine,2,2,2,2,2,0,0,0,0,42,0,42
85,85,slice,LAYOUT,layout_engine,32,32,28,28,32,0,0,0,0,882,0,882
86,86,unsqueeze,LAYOUT,layout_engine,32,32,28,28,32,0,0,0,0,882,0,882
87,87,slice,LAYOUT,layout_engine,32,32,28,28,32,0,0,0,0,882,0,882
88,88,slice,LAYOUT,layout_engine,32,32,28,28,32,0,0,0,0,882,0,882
89,89,to,META_IDENTITY,meta_engine,28,28,28,28,28,0,0,0,0,882,0,882
90,90,rsub,ADD,fp16_vector,28,28,28,28,28,0,0,0,0,882,0,882
91,91,mul,MUL,fp16_vector,28,28,28,28,28,0,0,0,0,882,0,882
92,92,embedding,EMBED,embedding_posenc,1465060,1465060,1465056,1465056,1465060,0,0,0,0,46881792,0,46881792
93,93,embedding,EMBED,embedding_posenc,100,100,96,96,100,0,0,0,0,3072,0,3072
94,94,add,ADD,fp16_vector,1008,1008,1008,1008,1008,0,0,0,0,32256,0,32256
95,95,embedding,EMBED,embedding_posenc,24580,24580,24576,24576,24580,0,0,0,0,786432,0,786432
96,96,add_,ADD,fp16_vector,1008,1008,1008,1008,1008,0,0,0,0,32256,0,32256
97,97,layer_norm,LAYER_NORM,fp16_vector,1040,1040,1008,1008,1040,0,0,0,0,32256,0,32256
98,98,dropout,META_IDENTITY,meta_engine,1008,1008,1008,1008,1008,0,0,0,0,32256,0,32256
99,99,linear,GEMM_W8A8,pack2_gemm,19760,12544,6144,1008,19760,0,12386304,6193152,16,16128,589824,16128
100,100,detach,META_IDENTITY,meta_engine,1008,1008,1008,1008,1008,0,0,0,0,32256,0,32256
101,101,to,META_IDENTITY,meta_engine,1008,1008,1008,1008,1008,0,0,0,0,32256,0,32256
102,102,to,META_IDENTITY,meta_engine,1008,1008,1008,1008,1008,0,0,0,0,32256,0,32256
103,103,detach,META_IDENTITY,meta_engine,1008,1008,1008,1008,1008,0,0,0,0,32256,0,32256
104,104,to,META_IDENTITY,meta_engine,1008,1008,1008,1008,1008,0,0,0,0,32256,0,32256
105,105,resolve_conj,META_IDENTITY,meta_engine,1008,1008,1008,1008,1008,0,0,0,0,32256,0,32256
106,106,resolve_neg,META_IDENTITY,meta_engine,1008,1008,1008,1008,1008,0,0,0,0,32256,0,32256
107,107,detach,META_IDENTITY,meta_engine,36864,36864,36864,36864,36864,0,0,0,0,1179648,0,1179648
108,108,detach,META_IDENTITY,meta_engine,36864,36864,36864,36864,36864,0,0,0,0,1179648,0,1179648
109,109,to,META_IDENTITY,meta_engine,36864,36864,36864,36864,36864,0,0,0,0,1179648,0,1179648
110,110,to,META_IDENTITY,meta_engine,36864,36864,36864,36864,36864,0,0,0,0,1179648,0,1179648
111,111,detach,META_IDENTITY,meta_engine,36864,36864,36864,36864,36864,0,0,0,0,1179648,0,1179648
112,112,to,META_IDENTITY,meta_engine,36864,36864,36864,36864,36864,0,0,0,0,1179648,0,1179648
113,113,resolve_conj,META_IDENTITY,meta_engine,36864,36864,36864,36864,36864,0,0,0,0,1179648,0,1179648
114,114,resolve_neg,META_IDENTITY,meta_engine,36864,36864,36864,36864,36864,0,0,0,0,1179648,0,1179648
115,115,view,LAYOUT,layout_engine,1012,1012,1008,1008,1012,0,0,0,0,32256,0,32256
116,116,transpose,LAYOUT,layout_engine,1012,1012,1008,1008,1012,0,0,0,0,32256,0,32256
117,117,linear,GEMM_W8A8,pack2_gemm,19760,12544,6144,1008,19760,0,12386304,6193152,16,16128,589824,16128
118,118,detach,META_IDENTITY,meta_engine,1008,1008,1008,1008,1008,0,0,0,0,32256,0,32256
119,119,to,META_IDENTITY,meta_engine,1008,1008,1008,1008,1008,0,0,0,0,32256,0,32256
120,120,to,META_IDENTITY,meta_engine,1008,1008,1008,1008,1008,0,0,0,0,32256,0,32256
121,121,detach,META_IDENTITY,meta_engine,1008,1008,1008,1008,1008,0,0,0,0,32256,0,32256
122,122,to,META_IDENTITY,meta_engine,1008,1008,1008,1008,1008,0,0,0,0,32256,0,32256
123,123,resolve_conj,META_IDENTITY,meta_engine,1008,1008,1008,1008,1008,0,0,0,0,32256,0,32256
124,124,resolve_neg,META_IDENTITY,meta_engine,1008,1008,1008,1008,1008,0,0,0,0,32256,0,32256
125,125,detach,META_IDENTITY,meta_engine,36864,36864,36864,36864,36864,0,0,0,0,1179648,0,1179648
126,126,detach,META_IDENTITY,meta_engine,36864,36864,36864,36864,36864,0,0,0,0,1179648,0,1179648
127,127,to,META_IDENTITY,meta_engine,36864,36864,36864,36864,36864,0,0,0,0,1179648,0,1179648
128,128,to,META_IDENTITY,meta_engine,36864,36864,36864,36864,36864,0,0,0,0,1179648,0,1179648
129,129,detach,META_IDENTITY,meta_engine,36864,36864,36864,36864,36864,0,0,0,0,1179648,0,1179648
130,130,to,META_IDENTITY,meta_engine,36864,36864,36864,36864,36864,0,0,0,0,1179648,0,1179648
131,131,resolve_conj,META_IDENTITY,meta_engine,36864,36864,36864,36864,36864,0,0,0,0,1179648,0,1179648
132,132,resolve_neg,META_IDENTITY,meta_engine,36864,36864,36864,36864,36864,0,0,0,0,1179648,0,1179648
133,133,view,LAYOUT,layout_engine,1012,1012,1008,1008,1012,0,0,0,0,32256,0,32256
134,134,transpose,LAYOUT,layout_engine,1012,1012,1008,1008,1012,0,0,0,0,32256,0,32256
135,135,linear,GEMM_W8A8,pack2_gemm,19760,12544,6144,1008,19760,0,12386304,6193152,16,16128,589824,16128
136,136,detach,META_IDENTITY,meta_engine,1008,1008,1008,1008,1008,0,0,0,0,32256,0,32256
137,137,to,META_IDENTITY,meta_engine,1008,1008,1008,1008,1008,0,0,0,0,32256,0,32256
138,138,to,META_IDENTITY,meta_engine,1008,1008,1008,1008,1008,0,0,0,0,32256,0,32256
139,139,detach,META_IDENTITY,meta_engine,1008,1008,1008,1008,1008,0,0,0,0,32256,0,32256
140,140,to,META_IDENTITY,meta_engine,1008,1008,1008,1008,1008,0,0,0,0,32256,0,32256
141,141,resolve_conj,META_IDENTITY,meta_engine,1008,1008,1008,1008,1008,0,0,0,0,32256,0,32256
142,142,resolve_neg,META_IDENTITY,meta_engine,1008,1008,1008,1008,1008,0,0,0,0,32256,0,32256
143,143,detach,META_IDENTITY,meta_engine,36864,36864,36864,36864,36864,0,0,0,0,1179648,0,1179648
144,144,detach,META_IDENTITY,meta_engine,36864,36864,36864,36864,36864,0,0,0,0,1179648,0,1179648
145,145,to,META_IDENTITY,meta_engine,36864,36864,36864,36864,36864,0,0,0,0,1179648,0,1179648
146,146,to,META_IDENTITY,meta_engine,36864,36864,36864,36864,36864,0,0,0,0,1179648,0,1179648
147,147,detach,META_IDENTITY,meta_engine,36864,36864,36864,36864,36864,0,0,0,0,1179648,0,1179648
148,148,to,META_IDENTITY,meta_engine,36864,36864,36864,36864,36864,0,0,0,0,1179648,0,1179648
149,149,resolve_conj,META_IDENTITY,meta_engine,36864,36864,36864,36864,36864,0,0,0,0,1179648,0,1179648
150,150,resolve_neg,META_IDENTITY,meta_engine,36864,36864,36864,36864,36864,0,0,0,0,1179648,0,1179648
151,151,view,LAYOUT,layout_engine,1012,1012,1008,1008,1012,0,0,0,0,32256,0,32256
152,152,transpose,LAYOUT,layout_engine,1012,1012,1008,1008,1012,0,0,0,0,32256,0,32256
153,153,scaled_dot_product_attention,ATTENTION,attention_controller,1040,1040,1008,1008,1040,0,0,0,0,32256,0,32256
154,154,transpose,LAYOUT,layout_engine,1012,1012,1008,1008,1012,0,0,0,0,32256,0,32256
155,155,reshape,LAYOUT,layout_engine,1012,1012,1008,1008,1012,0,0,0,0,32256,0,32256
156,156,linear,GEMM_W8A8,pack2_gemm,19760,12544,6144,1008,19760,0,12386304,6193152,16,16128,589824,16128
157,157,detach,META_IDENTITY,meta_engine,1008,1008,1008,1008,1008,0,0,0,0,32256,0,32256
158,158,to,META_IDENTITY,meta_engine,1008,1008,1008,1008,1008,0,0,0,0,32256,0,32256
159,159,to,META_IDENTITY,meta_engine,1008,1008,1008,1008,1008,0,0,0,0,32256,0,32256
160,160,detach,META_IDENTITY,meta_engine,1008,1008,1008,1008,1008,0,0,0,0,32256,0,32256
161,161,to,META_IDENTITY,meta_engine,1008,1008,1008,1008,1008,0,0,0,0,32256,0,32256
162,162,resolve_conj,META_IDENTITY,meta_engine,1008,1008,1008,1008,1008,0,0,0,0,32256,0,32256
163,163,resolve_neg,META_IDENTITY,meta_engine,1008,1008,1008,1008,1008,0,0,0,0,32256,0,32256
164,164,detach,META_IDENTITY,meta_engine,36864,36864,36864,36864,36864,0,0,0,0,1179648,0,1179648
165,165,detach,META_IDENTITY,meta_engine,36864,36864,36864,36864,36864,0,0,0,0,1179648,0,1179648
166,166,to,META_IDENTITY,meta_engine,36864,36864,36864,36864,36864,0,0,0,0,1179648,0,1179648
167,167,to,META_IDENTITY,meta_engine,36864,36864,36864,36864,36864,0,0,0,0,1179648,0,1179648
168,168,detach,META_IDENTITY,meta_engine,36864,36864,36864,36864,36864,0,0,0,0,1179648,0,1179648
169,169,to,META_IDENTITY,meta_engine,36864,36864,36864,36864,36864,0,0,0,0,1179648,0,1179648
170,170,resolve_conj,META_IDENTITY,meta_engine,36864,36864,36864,36864,36864,0,0,0,0,1179648,0,1179648
171,171,resolve_neg,META_IDENTITY,meta_engine,36864,36864,36864,36864,36864,0,0,0,0,1179648,0,1179648
172,172,dropout,META_IDENTITY,meta_engine,1008,1008,1008,1008,1008,0,0,0,0,32256,0,32256
173,173,add,ADD,fp16_vector,1008,1008,1008,1008,1008,0,0,0,0,32256,0,32256
174,174,layer_norm,LAYER_NORM,fp16_vector,1040,1040,1008,1008,1040,0,0,0,0,32256,0,32256
175,175,linear,GEMM_W8A8,pack2_gemm,1008,1008,1008,1008,1008,0,0,0,0,32256,0,32256
176,176,detach,META_IDENTITY,meta_engine,1008,1008,1008,1008,1008,0,0,0,0,32256,0,32256
177,177,to,META_IDENTITY,meta_engine,1008,1008,1008,1008,1008,0,0,0,0,32256,0,32256
178,178,to,META_IDENTITY,meta_engine,1008,1008,1008,1008,1008,0,0,0,0,32256,0,32256
179,179,detach,META_IDENTITY,meta_engine,1008,1008,1008,1008,1008,0,0,0,0,32256,0,32256
180,180,to,META_IDENTITY,meta_engine,1008,1008,1008,1008,1008,0,0,0,0,32256,0,32256
181,181,resolve_conj,META_IDENTITY,meta_engine,1008,1008,1008,1008,1008,0,0,0,0,32256,0,32256
182,182,resolve_neg,META_IDENTITY,meta_engine,1008,1008,1008,1008,1008,0,0,0,0,32256,0,32256
183,183,detach,META_IDENTITY,meta_engine,147456,147456,147456,147456,147456,0,0,0,0,4718592,0,4718592
184,184,detach,META_IDENTITY,meta_engine,147456,147456,147456,147456,147456,0,0,0,0,4718592,0,4718592
185,185,to,META_IDENTITY,meta_engine,147456,147456,147456,147456,147456,0,0,0,0,4718592,0,4718592
186,186,to,META_IDENTITY,meta_engine,147456,147456,147456,147456,147456,0,0,0,0,4718592,0,4718592
187,187,detach,META_IDENTITY,meta_engine,147456,147456,147456,147456,147456,0,0,0,0,4718592,0,4718592
188,188,to,META_IDENTITY,meta_engine,147456,147456,147456,147456,147456,0,0,0,0,4718592,0,4718592
189,189,resolve_conj,META_IDENTITY,meta_engine,147456,147456,147456,147456,147456,0,0,0,0,4718592,0,4718592
190,190,resolve_neg,META_IDENTITY,meta_engine,147456,147456,147456,147456,147456,0,0,0,0,4718592,0,4718592
191,191,gelu,GELU,fp16_vector,4032,4032,4032,4032,4032,0,0,0,0,129024,0,129024
192,192,linear,GEMM_W8A8,pack2_gemm,4032,4032,4032,4032,4032,0,0,0,0,129024,0,129024
193,193,detach,META_IDENTITY,meta_engine,4032,4032,4032,4032,4032,0,0,0,0,129024,0,129024
194,194,to,META_IDENTITY,meta_engine,4032,4032,4032,4032,4032,0,0,0,0,129024,0,129024
195,195,to,META_IDENTITY,meta_engine,4032,4032,4032,4032,4032,0,0,0,0,129024,0,129024
196,196,detach,META_IDENTITY,meta_engine,4032,4032,4032,4032,4032,0,0,0,0,129024,0,129024
197,197,to,META_IDENTITY,meta_engine,4032,4032,4032,4032,4032,0,0,0,0,129024,0,129024
198,198,resolve_conj,META_IDENTITY,meta_engine,4032,4032,4032,4032,4032,0,0,0,0,129024,0,129024
199,199,resolve_neg,META_IDENTITY,meta_engine,4032,4032,4032,4032,4032,0,0,0,0,129024,0,129024
200,200,detach,META_IDENTITY,meta_engine,147456,147456,147456,147456,147456,0,0,0,0,4718592,0,4718592
201,201,detach,META_IDENTITY,meta_engine,147456,147456,147456,147456,147456,0,0,0,0,4718592,0,4718592
202,202,to,META_IDENTITY,meta_engine,147456,147456,147456,147456,147456,0,0,0,0,4718592,0,4718592
203,203,to,META_IDENTITY,meta_engine,147456,147456,147456,147456,147456,0,0,0,0,4718592,0,4718592
204,204,detach,META_IDENTITY,meta_engine,147456,147456,147456,147456,147456,0,0,0,0,4718592,0,4718592
205,205,to,META_IDENTITY,meta_engine,147456,147456,147456,147456,147456,0,0,0,0,4718592,0,4718592
206,206,resolve_conj,META_IDENTITY,meta_engine,147456,147456,147456,147456,147456,0,0,0,0,4718592,0,4718592
207,207,resolve_neg,META_IDENTITY,meta_engine,147456,147456,147456,147456,147456,0,0,0,0,4718592,0,4718592
208,208,dropout,META_IDENTITY,meta_engine,1008,1008,1008,1008,1008,0,0,0,0,32256,0,32256
209,209,add,ADD,fp16_vector,1008,1008,1008,1008,1008,0,0,0,0,32256,0,32256
210,210,layer_norm,LAYER_NORM,fp16_vector,1040,1040,1008,1008,1040,0,0,0,0,32256,0,32256
211,211,linear,GEMM_W8A8,pack2_gemm,19760,12544,6144,1008,19760,0,12386304,6193152,16,16128,589824,16128
212,212,detach,META_IDENTITY,meta_engine,1008,1008,1008,1008,1008,0,0,0,0,32256,0,32256
213,213,to,META_IDENTITY,meta_engine,1008,1008,1008,1008,1008,0,0,0,0,32256,0,32256
214,214,to,META_IDENTITY,meta_engine,1008,1008,1008,1008,1008,0,0,0,0,32256,0,32256
215,215,detach,META_IDENTITY,meta_engine,1008,1008,1008,1008,1008,0,0,0,0,32256,0,32256
216,216,to,META_IDENTITY,meta_engine,1008,1008,1008,1008,1008,0,0,0,0,32256,0,32256
217,217,resolve_conj,META_IDENTITY,meta_engine,1008,1008,1008,1008,1008,0,0,0,0,32256,0,32256
218,218,resolve_neg,META_IDENTITY,meta_engine,1008,1008,1008,1008,1008,0,0,0,0,32256,0,32256
219,219,detach,META_IDENTITY,meta_engine,36864,36864,36864,36864,36864,0,0,0,0,1179648,0,1179648
220,220,detach,META_IDENTITY,meta_engine,36864,36864,36864,36864,36864,0,0,0,0,1179648,0,1179648
221,221,to,META_IDENTITY,meta_engine,36864,36864,36864,36864,36864,0,0,0,0,1179648,0,1179648
222,222,to,META_IDENTITY,meta_engine,36864,36864,36864,36864,36864,0,0,0,0,1179648,0,1179648
223,223,detach,META_IDENTITY,meta_engine,36864,36864,36864,36864,36864,0,0,0,0,1179648,0,1179648
224,224,to,META_IDENTITY,meta_engine,36864,36864,36864,36864,36864,0,0,0,0,1179648,0,1179648
225,225,resolve_conj,META_IDENTITY,meta_engine,36864,36864,36864,36864,36864,0,0,0,0,1179648,0,1179648
226,226,resolve_neg,META_IDENTITY,meta_engine,36864,36864,36864,36864,36864,0,0,0,0,1179648,0,1179648
227,227,view,LAYOUT,layout_engine,1012,1012,1008,1008,1012,0,0,0,0,32256,0,32256
228,228,transpose,LAYOUT,layout_engine,1012,1012,1008,1008,1012,0,0,0,0,32256,0,32256
229,229,linear,GEMM_W8A8,pack2_gemm,19760,12544,6144,1008,19760,0,12386304,6193152,16,16128,589824,16128
230,230,detach,META_IDENTITY,meta_engine,1008,1008,1008,1008,1008,0,0,0,0,32256,0,32256
231,231,to,META_IDENTITY,meta_engine,1008,1008,1008,1008,1008,0,0,0,0,32256,0,32256
232,232,to,META_IDENTITY,meta_engine,1008,1008,1008,1008,1008,0,0,0,0,32256,0,32256
233,233,detach,META_IDENTITY,meta_engine,1008,1008,1008,1008,1008,0,0,0,0,32256,0,32256
234,234,to,META_IDENTITY,meta_engine,1008,1008,1008,1008,1008,0,0,0,0,32256,0,32256
235,235,resolve_conj,META_IDENTITY,meta_engine,1008,1008,1008,1008,1008,0,0,0,0,32256,0,32256
236,236,resolve_neg,META_IDENTITY,meta_engine,1008,1008,1008,1008,1008,0,0,0,0,32256,0,32256
237,237,detach,META_IDENTITY,meta_engine,36864,36864,36864,36864,36864,0,0,0,0,1179648,0,1179648
238,238,detach,META_IDENTITY,meta_engine,36864,36864,36864,36864,36864,0,0,0,0,1179648,0,1179648
239,239,to,META_IDENTITY,meta_engine,36864,36864,36864,36864,36864,0,0,0,0,1179648,0,1179648
240,240,to,META_IDENTITY,meta_engine,36864,36864,36864,36864,36864,0,0,0,0,1179648,0,1179648
241,241,detach,META_IDENTITY,meta_engine,36864,36864,36864,36864,36864,0,0,0,0,1179648,0,1179648
242,242,to,META_IDENTITY,meta_engine,36864,36864,36864,36864,36864,0,0,0,0,1179648,0,1179648
243,243,resolve_conj,META_IDENTITY,meta_engine,36864,36864,36864,36864,36864,0,0,0,0,1179648,0,1179648
244,244,resolve_neg,META_IDENTITY,meta_engine,36864,36864,36864,36864,36864,0,0,0,0,1179648,0,1179648
245,245,view,LAYOUT,layout_engine,1012,1012,1008,1008,1012,0,0,0,0,32256,0,32256
246,246,transpose,LAYOUT,layout_engine,1012,1012,1008,1008,1012,0,0,0,0,32256,0,32256
247,247,linear,GEMM_W8A8,pack2_gemm,19760,12544,6144,1008,19760,0,12386304,6193152,16,16128,589824,16128
248,248,detach,META_IDENTITY,meta_engine,1008,1008,1008,1008,1008,0,0,0,0,32256,0,32256
249,249,to,META_IDENTITY,meta_engine,1008,1008,1008,1008,1008,0,0,0,0,32256,0,32256
250,250,to,META_IDENTITY,meta_engine,1008,1008,1008,1008,1008,0,0,0,0,32256,0,32256
251,251,detach,META_IDENTITY,meta_engine,1008,1008,1008,1008,1008,0,0,0,0,32256,0,32256
252,252,to,META_IDENTITY,meta_engine,1008,1008,1008,1008,1008,0,0,0,0,32256,0,32256
253,253,resolve_conj,META_IDENTITY,meta_engine,1008,1008,1008,1008,1008,0,0,0,0,32256,0,32256
254,254,resolve_neg,META_IDENTITY,meta_engine,1008,1008,1008,1008,1008,0,0,0,0,32256,0,32256
255,255,detach,META_IDENTITY,meta_engine,36864,36864,36864,36864,36864,0,0,0,0,1179648,0,1179648
256,256,detach,META_IDENTITY,meta_engine,36864,36864,36864,36864,36864,0,0,0,0,1179648,0,1179648
257,257,to,META_IDENTITY,meta_engine,36864,36864,36864,36864,36864,0,0,0,0,1179648,0,1179648
258,258,to,META_IDENTITY,meta_engine,36864,36864,36864,36864,36864,0,0,0,0,1179648,0,1179648
259,259,detach,META_IDENTITY,meta_engine,36864,36864,36864,36864,36864,0,0,0,0,1179648,0,1179648
260,260,to,META_IDENTITY,meta_engine,36864,36864,36864,36864,36864,0,0,0,0,1179648,0,1179648
261,261,resolve_conj,META_IDENTITY,meta_engine,36864,36864,36864,36864,36864,0,0,0,0,1179648,0,1179648
262,262,resolve_neg,META_IDENTITY,meta_engine,36864,36864,36864,36864,36864,0,0,0,0,1179648,0,1179648
263,263,view,LAYOUT,layout_engine,1012,1012,1008,1008,1012,0,0,0,0,32256,0,32256
264,264,transpose,LAYOUT,layout_engine,1012,1012,1008,1008,1012,0,0,0,0,32256,0,32256
265,265,scaled_dot_product_attention,ATTENTION,attention_controller,1040,1040,1008,1008,1040,0,0,0,0,32256,0,32256
266,266,transpose,LAYOUT,layout_engine,1012,1012,1008,1008,1012,0,0,0,0,32256,0,32256
267,267,reshape,LAYOUT,layout_engine,1012,1012,1008,1008,1012,0,0,0,0,32256,0,32256
268,268,linear,GEMM_W8A8,pack2_gemm,19760,12544,6144,1008,19760,0,12386304,6193152,16,16128,589824,16128
269,269,detach,META_IDENTITY,meta_engine,1008,1008,1008,1008,1008,0,0,0,0,32256,0,32256
270,270,to,META_IDENTITY,meta_engine,1008,1008,1008,1008,1008,0,0,0,0,32256,0,32256
271,271,to,META_IDENTITY,meta_engine,1008,1008,1008,1008,1008,0,0,0,0,32256,0,32256
272,272,detach,META_IDENTITY,meta_engine,1008,1008,1008,1008,1008,0,0,0,0,32256,0,32256
273,273,to,META_IDENTITY,meta_engine,1008,1008,1008,1008,1008,0,0,0,0,32256,0,32256
274,274,resolve_conj,META_IDENTITY,meta_engine,1008,1008,1008,1008,1008,0,0,0,0,32256,0,32256
275,275,resolve_neg,META_IDENTITY,meta_engine,1008,1008,1008,1008,1008,0,0,0,0,32256,0,32256
276,276,detach,META_IDENTITY,meta_engine,36864,36864,36864,36864,36864,0,0,0,0,1179648,0,1179648
277,277,detach,META_IDENTITY,meta_engine,36864,36864,36864,36864,36864,0,0,0,0,1179648,0,1179648
278,278,to,META_IDENTITY,meta_engine,36864,36864,36864,36864,36864,0,0,0,0,1179648,0,1179648
279,279,to,META_IDENTITY,meta_engine,36864,36864,36864,36864,36864,0,0,0,0,1179648,0,1179648
280,280,detach,META_IDENTITY,meta_engine,36864,36864,36864,36864,36864,0,0,0,0,1179648,0,1179648
281,281,to,META_IDENTITY,meta_engine,36864,36864,36864,36864,36864,0,0,0,0,1179648,0,1179648
282,282,resolve_conj,META_IDENTITY,meta_engine,36864,36864,36864,36864,36864,0,0,0,0,1179648,0,1179648
283,283,resolve_neg,META_IDENTITY,meta_engine,36864,36864,36864,36864,36864,0,0,0,0,1179648,0,1179648
284,284,dropout,META_IDENTITY,meta_engine,1008,1008,1008,1008,1008,0,0,0,0,32256,0,32256
285,285,add,ADD,fp16_vector,1008,1008,1008,1008,1008,0,0,0,0,32256,0,32256
286,286,layer_norm,LAYER_NORM,fp16_vector,1040,1040,1008,1008,1040,0,0,0,0,32256,0,32256
287,287,linear,GEMM_W8A8,pack2_gemm,1008,1008,1008,1008,1008,0,0,0,0,32256,0,32256
288,288,detach,META_IDENTITY,meta_engine,1008,1008,1008,1008,1008,0,0,0,0,32256,0,32256
289,289,to,META_IDENTITY,meta_engine,1008,1008,1008,1008,1008,0,0,0,0,32256,0,32256
290,290,to,META_IDENTITY,meta_engine,1008,1008,1008,1008,1008,0,0,0,0,32256,0,32256
291,291,detach,META_IDENTITY,meta_engine,1008,1008,1008,1008,1008,0,0,0,0,32256,0,32256
292,292,to,META_IDENTITY,meta_engine,1008,1008,1008,1008,1008,0,0,0,0,32256,0,32256
293,293,resolve_conj,META_IDENTITY,meta_engine,1008,1008,1008,1008,1008,0,0,0,0,32256,0,32256
294,294,resolve_neg,META_IDENTITY,meta_engine,1008,1008,1008,1008,1008,0,0,0,0,32256,0,32256
295,295,detach,META_IDENTITY,meta_engine,147456,147456,147456,147456,147456,0,0,0,0,4718592,0,4718592
296,296,detach,META_IDENTITY,meta_engine,147456,147456,147456,147456,147456,0,0,0,0,4718592,0,4718592
297,297,to,META_IDENTITY,meta_engine,147456,147456,147456,147456,147456,0,0,0,0,4718592,0,4718592
298,298,to,META_IDENTITY,meta_engine,147456,147456,147456,147456,147456,0,0,0,0,4718592,0,4718592
299,299,detach,META_IDENTITY,meta_engine,147456,147456,147456,147456,147456,0,0,0,0,4718592,0,4718592
300,300,to,META_IDENTITY,meta_engine,147456,147456,147456,147456,147456,0,0,0,0,4718592,0,4718592
301,301,resolve_conj,META_IDENTITY,meta_engine,147456,147456,147456,147456,147456,0,0,0,0,4718592,0,4718592
302,302,resolve_neg,META_IDENTITY,meta_engine,147456,147456,147456,147456,147456,0,0,0,0,4718592,0,4718592
303,303,gelu,GELU,fp16_vector,4032,4032,4032,4032,4032,0,0,0,0,129024,0,129024
304,304,linear,GEMM_W8A8,pack2_gemm,4032,4032,4032,4032,4032,0,0,0,0,129024,0,129024
305,305,detach,META_IDENTITY,meta_engine,4032,4032,4032,4032,4032,0,0,0,0,129024,0,129024
306,306,to,META_IDENTITY,meta_engine,4032,4032,4032,4032,4032,0,0,0,0,129024,0,129024
307,307,to,META_IDENTITY,meta_engine,4032,4032,4032,4032,4032,0,0,0,0,129024,0,129024
308,308,detach,META_IDENTITY,meta_engine,4032,4032,4032,4032,4032,0,0,0,0,129024,0,129024
309,309,to,META_IDENTITY,meta_engine,4032,4032,4032,4032,4032,0,0,0,0,129024,0,129024
310,310,resolve_conj,META_IDENTITY,meta_engine,4032,4032,4032,4032,4032,0,0,0,0,129024,0,129024
311,311,resolve_neg,META_IDENTITY,meta_engine,4032,4032,4032,4032,4032,0,0,0,0,129024,0,129024
312,312,detach,META_IDENTITY,meta_engine,147456,147456,147456,147456,147456,0,0,0,0,4718592,0,4718592
313,313,detach,META_IDENTITY,meta_engine,147456,147456,147456,147456,147456,0,0,0,0,4718592,0,4718592
314,314,to,META_IDENTITY,meta_engine,147456,147456,147456,147456,147456,0,0,0,0,4718592,0,4718592
315,315,to,META_IDENTITY,meta_engine,147456,147456,147456,147456,147456,0,0,0,0,4718592,0,4718592
316,316,detach,META_IDENTITY,meta_engine,147456,147456,147456,147456,147456,0,0,0,0,4718592,0,4718592
317,317,to,META_IDENTITY,meta_engine,147456,147456,147456,147456,147456,0,0,0,0,4718592,0,4718592
318,318,resolve_conj,META_IDENTITY,meta_engine,147456,147456,147456,147456,147456,0,0,0,0,4718592,0,4718592
319,319,resolve_neg,META_IDENTITY,meta_engine,147456,147456,147456,147456,147456,0,0,0,0,4718592,0,4718592
320,320,dropout,META_IDENTITY,meta_engine,1008,1008,1008,1008,1008,0,0,0,0,32256,0,32256
321,321,add,ADD,fp16_vector,1008,1008,1008,1008,1008,0,0,0,0,32256,0,32256
322,322,layer_norm,LAYER_NORM,fp16_vector,1040,1040,1008,1008,1040,0,0,0,0,32256,0,32256
323,323,linear,GEMM_W8A8,pack2_gemm,19760,12544,6144,1008,19760,0,12386304,6193152,16,16128,589824,16128
324,324,detach,META_IDENTITY,meta_engine,1008,1008,1008,1008,1008,0,0,0,0,32256,0,32256
325,325,to,META_IDENTITY,meta_engine,1008,1008,1008,1008,1008,0,0,0,0,32256,0,32256
326,326,to,META_IDENTITY,meta_engine,1008,1008,1008,1008,1008,0,0,0,0,32256,0,32256
327,327,detach,META_IDENTITY,meta_engine,1008,1008,1008,1008,1008,0,0,0,0,32256,0,32256
328,328,to,META_IDENTITY,meta_engine,1008,1008,1008,1008,1008,0,0,0,0,32256,0,32256
329,329,resolve_conj,META_IDENTITY,meta_engine,1008,1008,1008,1008,1008,0,0,0,0,32256,0,32256
330,330,resolve_neg,META_IDENTITY,meta_engine,1008,1008,1008,1008,1008,0,0,0,0,32256,0,32256
331,331,detach,META_IDENTITY,meta_engine,36864,36864,36864,36864,36864,0,0,0,0,1179648,0,1179648
332,332,detach,META_IDENTITY,meta_engine,36864,36864,36864,36864,36864,0,0,0,0,1179648,0,1179648
333,333,to,META_IDENTITY,meta_engine,36864,36864,36864,36864,36864,0,0,0,0,1179648,0,1179648
334,334,to,META_IDENTITY,meta_engine,36864,36864,36864,36864,36864,0,0,0,0,1179648,0,1179648
335,335,detach,META_IDENTITY,meta_engine,36864,36864,36864,36864,36864,0,0,0,0,1179648,0,1179648
336,336,to,META_IDENTITY,meta_engine,36864,36864,36864,36864,36864,0,0,0,0,1179648,0,1179648
337,337,resolve_conj,META_IDENTITY,meta_engine,36864,36864,36864,36864,36864,0,0,0,0,1179648,0,1179648
338,338,resolve_neg,META_IDENTITY,meta_engine,36864,36864,36864,36864,36864,0,0,0,0,1179648,0,1179648
339,339,view,LAYOUT,layout_engine,1012,1012,1008,1008,1012,0,0,0,0,32256,0,32256
340,340,transpose,LAYOUT,layout_engine,1012,1012,1008,1008,1012,0,0,0,0,32256,0,32256
341,341,linear,GEMM_W8A8,pack2_gemm,19760,12544,6144,1008,19760,0,12386304,6193152,16,16128,589824,16128
342,342,detach,META_IDENTITY,meta_engine,1008,1008,1008,1008,1008,0,0,0,0,32256,0,32256
343,343,to,META_IDENTITY,meta_engine,1008,1008,1008,1008,1008,0,0,0,0,32256,0,32256
344,344,to,META_IDENTITY,meta_engine,1008,1008,1008,1008,1008,0,0,0,0,32256,0,32256
345,345,detach,META_IDENTITY,meta_engine,1008,1008,1008,1008,1008,0,0,0,0,32256,0,32256
346,346,to,META_IDENTITY,meta_engine,1008,1008,1008,1008,1008,0,0,0,0,32256,0,32256
347,347,resolve_conj,META_IDENTITY,meta_engine,1008,1008,1008,1008,1008,0,0,0,0,32256,0,32256
348,348,resolve_neg,META_IDENTITY,meta_engine,1008,1008,1008,1008,1008,0,0,0,0,32256,0,32256
349,349,detach,META_IDENTITY,meta_engine,36864,36864,36864,36864,36864,0,0,0,0,1179648,0,1179648
350,350,detach,META_IDENTITY,meta_engine,36864,36864,36864,36864,36864,0,0,0,0,1179648,0,1179648
351,351,to,META_IDENTITY,meta_engine,36864,36864,36864,36864,36864,0,0,0,0,1179648,0,1179648
352,352,to,META_IDENTITY,meta_engine,36864,36864,36864,36864,36864,0,0,0,0,1179648,0,1179648
353,353,detach,META_IDENTITY,meta_engine,36864,36864,36864,36864,36864,0,0,0,0,1179648,0,1179648
354,354,to,META_IDENTITY,meta_engine,36864,36864,36864,36864,36864,0,0,0,0,1179648,0,1179648
355,355,resolve_conj,META_IDENTITY,meta_engine,36864,36864,36864,36864,36864,0,0,0,0,1179648,0,1179648
356,356,resolve_neg,META_IDENTITY,meta_engine,36864,36864,36864,36864,36864,0,0,0,0,1179648,0,1179648
357,357,view,LAYOUT,layout_engine,1012,1012,1008,1008,1012,0,0,0,0,32256,0,32256
358,358,transpose,LAYOUT,layout_engine,1012,1012,1008,1008,1012,0,0,0,0,32256,0,32256
359,359,linear,GEMM_W8A8,pack2_gemm,19760,12544,6144,1008,19760,0,12386304,6193152,16,16128,589824,16128
360,360,detach,META_IDENTITY,meta_engine,1008,1008,1008,1008,1008,0,0,0,0,32256,0,32256
361,361,to,META_IDENTITY,meta_engine,1008,1008,1008,1008,1008,0,0,0,0,32256,0,32256
362,362,to,META_IDENTITY,meta_engine,1008,1008,1008,1008,1008,0,0,0,0,32256,0,32256
363,363,detach,META_IDENTITY,meta_engine,1008,1008,1008,1008,1008,0,0,0,0,32256,0,32256
364,364,to,META_IDENTITY,meta_engine,1008,1008,1008,1008,1008,0,0,0,0,32256,0,32256
365,365,resolve_conj,META_IDENTITY,meta_engine,1008,1008,1008,1008,1008,0,0,0,0,32256,0,32256
366,366,resolve_neg,META_IDENTITY,meta_engine,1008,1008,1008,1008,1008,0,0,0,0,32256,0,32256
367,367,detach,META_IDENTITY,meta_engine,36864,36864,36864,36864,36864,0,0,0,0,1179648,0,1179648
368,368,detach,META_IDENTITY,meta_engine,36864,36864,36864,36864,36864,0,0,0,0,1179648,0,1179648
369,369,to,META_IDENTITY,meta_engine,36864,36864,36864,36864,36864,0,0,0,0,1179648,0,1179648
370,370,to,META_IDENTITY,meta_engine,36864,36864,36864,36864,36864,0,0,0,0,1179648,0,1179648
371,371,detach,META_IDENTITY,meta_engine,36864,36864,36864,36864,36864,0,0,0,0,1179648,0,1179648
372,372,to,META_IDENTITY,meta_engine,36864,36864,36864,36864,36864,0,0,0,0,1179648,0,1179648
373,373,resolve_conj,META_IDENTITY,meta_engine,36864,36864,36864,36864,36864,0,0,0,0,1179648,0,1179648
374,374,resolve_neg,META_IDENTITY,meta_engine,36864,36864,36864,36864,36864,0,0,0,0,1179648,0,1179648
375,375,view,LAYOUT,layout_engine,1012,1012,1008,1008,1012,0,0,0,0,32256,0,32256
376,376,transpose,LAYOUT,layout_engine,1012,1012,1008,1008,1012,0,0,0,0,32256,0,32256
377,377,scaled_dot_product_attention,ATTENTION,attention_controller,1040,1040,1008,1008,1040,0,0,0,0,32256,0,32256
378,378,transpose,LAYOUT,layout_engine,1012,1012,1008,1008,1012,0,0,0,0,32256,0,32256
379,379,reshape,LAYOUT,layout_engine,1012,1012,1008,1008,1012,0,0,0,0,32256,0,32256
380,380,linear,GEMM_W8A8,pack2_gemm,19760,12544,6144,1008,19760,0,12386304,6193152,16,16128,589824,16128
381,381,detach,META_IDENTITY,meta_engine,1008,1008,1008,1008,1008,0,0,0,0,32256,0,32256
382,382,to,META_IDENTITY,meta_engine,1008,1008,1008,1008,1008,0,0,0,0,32256,0,32256
383,383,to,META_IDENTITY,meta_engine,1008,1008,1008,1008,1008,0,0,0,0,32256,0,32256
384,384,detach,META_IDENTITY,meta_engine,1008,1008,1008,1008,1008,0,0,0,0,32256,0,32256
385,385,to,META_IDENTITY,meta_engine,1008,1008,1008,1008,1008,0,0,0,0,32256,0,32256
386,386,resolve_conj,META_IDENTITY,meta_engine,1008,1008,1008,1008,1008,0,0,0,0,32256,0,32256
387,387,resolve_neg,META_IDENTITY,meta_engine,1008,1008,1008,1008,1008,0,0,0,0,32256,0,32256
388,388,detach,META_IDENTITY,meta_engine,36864,36864,36864,36864,36864,0,0,0,0,1179648,0,1179648
389,389,detach,META_IDENTITY,meta_engine,36864,36864,36864,36864,36864,0,0,0,0,1179648,0,1179648
390,390,to,META_IDENTITY,meta_engine,36864,36864,36864,36864,36864,0,0,0,0,1179648,0,1179648
391,391,to,META_IDENTITY,meta_engine,36864,36864,36864,36864,36864,0,0,0,0,1179648,0,1179648
392,392,detach,META_IDENTITY,meta_engine,36864,36864,36864,36864,36864,0,0,0,0,1179648,0,1179648
393,393,to,META_IDENTITY,meta_engine,36864,36864,36864,36864,36864,0,0,0,0,1179648,0,1179648
394,394,resolve_conj,META_IDENTITY,meta_engine,36864,36864,36864,36864,36864,0,0,0,0,1179648,0,1179648
395,395,resolve_neg,META_IDENTITY,meta_engine,36864,36864,36864,36864,36864,0,0,0,0,1179648,0,1179648
396,396,dropout,META_IDENTITY,meta_engine,1008,1008,1008,1008,1008,0,0,0,0,32256,0,32256
397,397,add,ADD,fp16_vector,1008,1008,1008,1008,1008,0,0,0,0,32256,0,32256
398,398,layer_norm,LAYER_NORM,fp16_vector,1040,1040,1008,1008,1040,0,0,0,0,32256,0,32256
399,399,linear,GEMM_W8A8,pack2_gemm,1008,1008,1008,1008,1008,0,0,0,0,32256,0,32256
400,400,detach,META_IDENTITY,meta_engine,1008,1008,1008,1008,1008,0,0,0,0,32256,0,32256
401,401,to,META_IDENTITY,meta_engine,1008,1008,1008,1008,1008,0,0,0,0,32256,0,32256
402,402,to,META_IDENTITY,meta_engine,1008,1008,1008,1008,1008,0,0,0,0,32256,0,32256
403,403,detach,META_IDENTITY,meta_engine,1008,1008,1008,1008,1008,0,0,0,0,32256,0,32256
404,404,to,META_IDENTITY,meta_engine,1008,1008,1008,1008,1008,0,0,0,0,32256,0,32256
405,405,resolve_conj,META_IDENTITY,meta_engine,1008,1008,1008,1008,1008,0,0,0,0,32256,0,32256
406,406,resolve_neg,META_IDENTITY,meta_engine,1008,1008,1008,1008,1008,0,0,0,0,32256,0,32256
407,407,detach,META_IDENTITY,meta_engine,147456,147456,147456,147456,147456,0,0,0,0,4718592,0,4718592
408,408,detach,META_IDENTITY,meta_engine,147456,147456,147456,147456,147456,0,0,0,0,4718592,0,4718592
409,409,to,META_IDENTITY,meta_engine,147456,147456,147456,147456,147456,0,0,0,0,4718592,0,4718592
410,410,to,META_IDENTITY,meta_engine,147456,147456,147456,147456,147456,0,0,0,0,4718592,0,4718592
411,411,detach,META_IDENTITY,meta_engine,147456,147456,147456,147456,147456,0,0,0,0,4718592,0,4718592
412,412,to,META_IDENTITY,meta_engine,147456,147456,147456,147456,147456,0,0,0,0,4718592,0,4718592
413,413,resolve_conj,META_IDENTITY,meta_engine,147456,147456,147456,147456,147456,0,0,0,0,4718592,0,4718592
414,414,resolve_neg,META_IDENTITY,meta_engine,147456,147456,147456,147456,147456,0,0,0,0,4718592,0,4718592
415,415,gelu,GELU,fp16_vector,4032,4032,4032,4032,4032,0,0,0,0,129024,0,129024
416,416,linear,GEMM_W8A8,pack2_gemm,4032,4032,4032,4032,4032,0,0,0,0,129024,0,129024
417,417,detach,META_IDENTITY,meta_engine,4032,4032,4032,4032,4032,0,0,0,0,129024,0,129024
418,418,to,META_IDENTITY,meta_engine,4032,4032,4032,4032,4032,0,0,0,0,129024,0,129024
419,419,to,META_IDENTITY,meta_engine,4032,4032,4032,4032,4032,0,0,0,0,129024,0,129024
420,420,detach,META_IDENTITY,meta_engine,4032,4032,4032,4032,4032,0,0,0,0,129024,0,129024
421,421,to,META_IDENTITY,meta_engine,4032,4032,4032,4032,4032,0,0,0,0,129024,0,129024
422,422,resolve_conj,META_IDENTITY,meta_engine,4032,4032,4032,4032,4032,0,0,0,0,129024,0,129024
423,423,resolve_neg,META_IDENTITY,meta_engine,4032,4032,4032,4032,4032,0,0,0,0,129024,0,129024
424,424,detach,META_IDENTITY,meta_engine,147456,147456,147456,147456,147456,0,0,0,0,4718592,0,4718592
425,425,detach,META_IDENTITY,meta_engine,147456,147456,147456,147456,147456,0,0,0,0,4718592,0,4718592
426,426,to,META_IDENTITY,meta_engine,147456,147456,147456,147456,147456,0,0,0,0,4718592,0,4718592
427,427,to,META_IDENTITY,meta_engine,147456,147456,147456,147456,147456,0,0,0,0,4718592,0,4718592
428,428,detach,META_IDENTITY,meta_engine,147456,147456,147456,147456,147456,0,0,0,0,4718592,0,4718592
429,429,to,META_IDENTITY,meta_engine,147456,147456,147456,147456,147456,0,0,0,0,4718592,0,4718592
430,430,resolve_conj,META_IDENTITY,meta_engine,147456,147456,147456,147456,147456,0,0,0,0,4718592,0,4718592
431,431,resolve_neg,META_IDENTITY,meta_engine,147456,147456,147456,147456,147456,0,0,0,0,4718592,0,4718592
432,432,dropout,META_IDENTITY,meta_engine,1008,1008,1008,1008,1008,0,0,0,0,32256,0,32256
433,433,add,ADD,fp16_vector,1008,1008,1008,1008,1008,0,0,0,0,32256,0,32256
434,434,layer_norm,LAYER_NORM,fp16_vector,1040,1040,1008,1008,1040,0,0,0,0,32256,0,32256
435,435,linear,GEMM_W8A8,pack2_gemm,19760,12544,6144,1008,19760,0,12386304,6193152,16,16128,589824,16128
436,436,detach,META_IDENTITY,meta_engine,1008,1008,1008,1008,1008,0,0,0,0,32256,0,32256
437,437,to,META_IDENTITY,meta_engine,1008,1008,1008,1008,1008,0,0,0,0,32256,0,32256
438,438,to,META_IDENTITY,meta_engine,1008,1008,1008,1008,1008,0,0,0,0,32256,0,32256
439,439,detach,META_IDENTITY,meta_engine,1008,1008,1008,1008,1008,0,0,0,0,32256,0,32256
440,440,to,META_IDENTITY,meta_engine,1008,1008,1008,1008,1008,0,0,0,0,32256,0,32256
441,441,resolve_conj,META_IDENTITY,meta_engine,1008,1008,1008,1008,1008,0,0,0,0,32256,0,32256
442,442,resolve_neg,META_IDENTITY,meta_engine,1008,1008,1008,1008,1008,0,0,0,0,32256,0,32256
443,443,detach,META_IDENTITY,meta_engine,36864,36864,36864,36864,36864,0,0,0,0,1179648,0,1179648
444,444,detach,META_IDENTITY,meta_engine,36864,36864,36864,36864,36864,0,0,0,0,1179648,0,1179648
445,445,to,META_IDENTITY,meta_engine,36864,36864,36864,36864,36864,0,0,0,0,1179648,0,1179648
446,446,to,META_IDENTITY,meta_engine,36864,36864,36864,36864,36864,0,0,0,0,1179648,0,1179648
447,447,detach,META_IDENTITY,meta_engine,36864,36864,36864,36864,36864,0,0,0,0,1179648,0,1179648
448,448,to,META_IDENTITY,meta_engine,36864,36864,36864,36864,36864,0,0,0,0,1179648,0,1179648
449,449,resolve_conj,META_IDENTITY,meta_engine,36864,36864,36864,36864,36864,0,0,0,0,1179648,0,1179648
450,450,resolve_neg,META_IDENTITY,meta_engine,36864,36864,36864,36864,36864,0,0,0,0,1179648,0,1179648
451,451,view,LAYOUT,layout_engine,1012,1012,1008,1008,1012,0,0,0,0,32256,0,32256
452,452,transpose,LAYOUT,layout_engine,1012,1012,1008,1008,1012,0,0,0,0,32256,0,32256
453,453,linear,GEMM_W8A8,pack2_gemm,19760,12544,6144,1008,19760,0,12386304,6193152,16,16128,589824,16128
454,454,detach,META_IDENTITY,meta_engine,1008,1008,1008,1008,1008,0,0,0,0,32256,0,32256
455,455,to,META_IDENTITY,meta_engine,1008,1008,1008,1008,1008,0,0,0,0,32256,0,32256
456,456,to,META_IDENTITY,meta_engine,1008,1008,1008,1008,1008,0,0,0,0,32256,0,32256
457,457,detach,META_IDENTITY,meta_engine,1008,1008,1008,1008,1008,0,0,0,0,32256,0,32256
458,458,to,META_IDENTITY,meta_engine,1008,1008,1008,1008,1008,0,0,0,0,32256,0,32256
459,459,resolve_conj,META_IDENTITY,meta_engine,1008,1008,1008,1008,1008,0,0,0,0,32256,0,32256
460,460,resolve_neg,META_IDENTITY,meta_engine,1008,1008,1008,1008,1008,0,0,0,0,32256,0,32256
461,461,detach,META_IDENTITY,meta_engine,36864,36864,36864,36864,36864,0,0,0,0,1179648,0,1179648
462,462,detach,META_IDENTITY,meta_engine,36864,36864,36864,36864,36864,0,0,0,0,1179648,0,1179648
463,463,to,META_IDENTITY,meta_engine,36864,36864,36864,36864,36864,0,0,0,0,1179648,0,1179648
464,464,to,META_IDENTITY,meta_engine,36864,36864,36864,36864,36864,0,0,0,0,1179648,0,1179648
465,465,detach,META_IDENTITY,meta_engine,36864,36864,36864,36864,36864,0,0,0,0,1179648,0,1179648
466,466,to,META_IDENTITY,meta_engine,36864,36864,36864,36864,36864,0,0,0,0,1179648,0,1179648
467,467,resolve_conj,META_IDENTITY,meta_engine,36864,36864,36864,36864,36864,0,0,0,0,1179648,0,1179648
468,468,resolve_neg,META_IDENTITY,meta_engine,36864,36864,36864,36864,36864,0,0,0,0,1179648,0,1179648
469,469,view,LAYOUT,layout_engine,1012,1012,1008,1008,1012,0,0,0,0,32256,0,32256
470,470,transpose,LAYOUT,layout_engine,1012,1012,1008,1008,1012,0,0,0,0,32256,0,32256
471,471,linear,GEMM_W8A8,pack2_gemm,19760,12544,6144,1008,19760,0,12386304,6193152,16,16128,589824,16128
472,472,detach,META_IDENTITY,meta_engine,1008,1008,1008,1008,1008,0,0,0,0,32256,0,32256
473,473,to,META_IDENTITY,meta_engine,1008,1008,1008,1008,1008,0,0,0,0,32256,0,32256
474,474,to,META_IDENTITY,meta_engine,1008,1008,1008,1008,1008,0,0,0,0,32256,0,32256
475,475,detach,META_IDENTITY,meta_engine,1008,1008,1008,1008,1008,0,0,0,0,32256,0,32256
476,476,to,META_IDENTITY,meta_engine,1008,1008,1008,1008,1008,0,0,0,0,32256,0,32256
477,477,resolve_conj,META_IDENTITY,meta_engine,1008,1008,1008,1008,1008,0,0,0,0,32256,0,32256
478,478,resolve_neg,META_IDENTITY,meta_engine,1008,1008,1008,1008,1008,0,0,0,0,32256,0,32256
479,479,detach,META_IDENTITY,meta_engine,36864,36864,36864,36864,36864,0,0,0,0,1179648,0,1179648
480,480,detach,META_IDENTITY,meta_engine,36864,36864,36864,36864,36864,0,0,0,0,1179648,0,1179648
481,481,to,META_IDENTITY,meta_engine,36864,36864,36864,36864,36864,0,0,0,0,1179648,0,1179648
482,482,to,META_IDENTITY,meta_engine,36864,36864,36864,36864,36864,0,0,0,0,1179648,0,1179648
483,483,detach,META_IDENTITY,meta_engine,36864,36864,36864,36864,36864,0,0,0,0,1179648,0,1179648
484,484,to,META_IDENTITY,meta_engine,36864,36864,36864,36864,36864,0,0,0,0,1179648,0,1179648
485,485,resolve_conj,META_IDENTITY,meta_engine,36864,36864,36864,36864,36864,0,0,0,0,1179648,0,1179648
486,486,resolve_neg,META_IDENTITY,meta_engine,36864,36864,36864,36864,36864,0,0,0,0,1179648,0,1179648
487,487,view,LAYOUT,layout_engine,1012,1012,1008,1008,1012,0,0,0,0,32256,0,32256
488,488,transpose,LAYOUT,layout_engine,1012,1012,1008,1008,1012,0,0,0,0,32256,0,32256
489,489,scaled_dot_product_attention,ATTENTION,attention_controller,1040,1040,1008,1008,1040,0,0,0,0,32256,0,32256
490,490,transpose,LAYOUT,layout_engine,1012,1012,1008,1008,1012,0,0,0,0,32256,0,32256
491,491,reshape,LAYOUT,layout_engine,1012,1012,1008,1008,1012,0,0,0,0,32256,0,32256
492,492,linear,GEMM_W8A8,pack2_gemm,19760,12544,6144,1008,19760,0,12386304,6193152,16,16128,589824,16128
493,493,detach,META_IDENTITY,meta_engine,1008,1008,1008,1008,1008,0,0,0,0,32256,0,32256
494,494,to,META_IDENTITY,meta_engine,1008,1008,1008,1008,1008,0,0,0,0,32256,0,32256
495,495,to,META_IDENTITY,meta_engine,1008,1008,1008,1008,1008,0,0,0,0,32256,0,32256
496,496,detach,META_IDENTITY,meta_engine,1008,1008,1008,1008,1008,0,0,0,0,32256,0,32256
497,497,to,META_IDENTITY,meta_engine,1008,1008,1008,1008,1008,0,0,0,0,32256,0,32256
498,498,resolve_conj,META_IDENTITY,meta_engine,1008,1008,1008,1008,1008,0,0,0,0,32256,0,32256
499,499,resolve_neg,META_IDENTITY,meta_engine,1008,1008,1008,1008,1008,0,0,0,0,32256,0,32256
500,500,detach,META_IDENTITY,meta_engine,36864,36864,36864,36864,36864,0,0,0,0,1179648,0,1179648
501,501,detach,META_IDENTITY,meta_engine,36864,36864,36864,36864,36864,0,0,0,0,1179648,0,1179648
502,502,to,META_IDENTITY,meta_engine,36864,36864,36864,36864,36864,0,0,0,0,1179648,0,1179648
503,503,to,META_IDENTITY,meta_engine,36864,36864,36864,36864,36864,0,0,0,0,1179648,0,1179648
504,504,detach,META_IDENTITY,meta_engine,36864,36864,36864,36864,36864,0,0,0,0,1179648,0,1179648
505,505,to,META_IDENTITY,meta_engine,36864,36864,36864,36864,36864,0,0,0,0,1179648,0,1179648
506,506,resolve_conj,META_IDENTITY,meta_engine,36864,36864,36864,36864,36864,0,0,0,0,1179648,0,1179648
507,507,resolve_neg,META_IDENTITY,meta_engine,36864,36864,36864,36864,36864,0,0,0,0,1179648,0,1179648
508,508,dropout,META_IDENTITY,meta_engine,1008,1008,1008,1008,1008,0,0,0,0,32256,0,32256
509,509,add,ADD,fp16_vector,1008,1008,1008,1008,1008,0,0,0,0,32256,0,32256
510,510,layer_norm,LAYER_NORM,fp16_vector,1040,1040,1008,1008,1040,0,0,0,0,32256,0,32256
511,511,linear,GEMM_W8A8,pack2_gemm,1008,1008,1008,1008,1008,0,0,0,0,32256,0,32256
512,512,detach,META_IDENTITY,meta_engine,1008,1008,1008,1008,1008,0,0,0,0,32256,0,32256
513,513,to,META_IDENTITY,meta_engine,1008,1008,1008,1008,1008,0,0,0,0,32256,0,32256
514,514,to,META_IDENTITY,meta_engine,1008,1008,1008,1008,1008,0,0,0,0,32256,0,32256
515,515,detach,META_IDENTITY,meta_engine,1008,1008,1008,1008,1008,0,0,0,0,32256,0,32256
516,516,to,META_IDENTITY,meta_engine,1008,1008,1008,1008,1008,0,0,0,0,32256,0,32256
517,517,resolve_conj,META_IDENTITY,meta_engine,1008,1008,1008,1008,1008,0,0,0,0,32256,0,32256
518,518,resolve_neg,META_IDENTITY,meta_engine,1008,1008,1008,1008,1008,0,0,0,0,32256,0,32256
519,519,detach,META_IDENTITY,meta_engine,147456,147456,147456,147456,147456,0,0,0,0,4718592,0,4718592
520,520,detach,META_IDENTITY,meta_engine,147456,147456,147456,147456,147456,0,0,0,0,4718592,0,4718592
521,521,to,META_IDENTITY,meta_engine,147456,147456,147456,147456,147456,0,0,0,0,4718592,0,4718592
522,522,to,META_IDENTITY,meta_engine,147456,147456,147456,147456,147456,0,0,0,0,4718592,0,4718592
523,523,detach,META_IDENTITY,meta_engine,147456,147456,147456,147456,147456,0,0,0,0,4718592,0,4718592
524,524,to,META_IDENTITY,meta_engine,147456,147456,147456,147456,147456,0,0,0,0,4718592,0,4718592
525,525,resolve_conj,META_IDENTITY,meta_engine,147456,147456,147456,147456,147456,0,0,0,0,4718592,0,4718592
526,526,resolve_neg,META_IDENTITY,meta_engine,147456,147456,147456,147456,147456,0,0,0,0,4718592,0,4718592
527,527,gelu,GELU,fp16_vector,4032,4032,4032,4032,4032,0,0,0,0,129024,0,129024
528,528,linear,GEMM_W8A8,pack2_gemm,4032,4032,4032,4032,4032,0,0,0,0,129024,0,129024
529,529,detach,META_IDENTITY,meta_engine,4032,4032,4032,4032,4032,0,0,0,0,129024,0,129024
530,530,to,META_IDENTITY,meta_engine,4032,4032,4032,4032,4032,0,0,0,0,129024,0,129024
531,531,to,META_IDENTITY,meta_engine,4032,4032,4032,4032,4032,0,0,0,0,129024,0,129024
532,532,detach,META_IDENTITY,meta_engine,4032,4032,4032,4032,4032,0,0,0,0,129024,0,129024
533,533,to,META_IDENTITY,meta_engine,4032,4032,4032,4032,4032,0,0,0,0,129024,0,129024
534,534,resolve_conj,META_IDENTITY,meta_engine,4032,4032,4032,4032,4032,0,0,0,0,129024,0,129024
535,535,resolve_neg,META_IDENTITY,meta_engine,4032,4032,4032,4032,4032,0,0,0,0,129024,0,129024
536,536,detach,META_IDENTITY,meta_engine,147456,147456,147456,147456,147456,0,0,0,0,4718592,0,4718592
537,537,detach,META_IDENTITY,meta_engine,147456,147456,147456,147456,147456,0,0,0,0,4718592,0,4718592
538,538,to,META_IDENTITY,meta_engine,147456,147456,147456,147456,147456,0,0,0,0,4718592,0,4718592
539,539,to,META_IDENTITY,meta_engine,147456,147456,147456,147456,147456,0,0,0,0,4718592,0,4718592
540,540,detach,META_IDENTITY,meta_engine,147456,147456,147456,147456,147456,0,0,0,0,4718592,0,4718592
541,541,to,META_IDENTITY,meta_engine,147456,147456,147456,147456,147456,0,0,0,0,4718592,0,4718592
542,542,resolve_conj,META_IDENTITY,meta_engine,147456,147456,147456,147456,147456,0,0,0,0,4718592,0,4718592
543,543,resolve_neg,META_IDENTITY,meta_engine,147456,147456,147456,147456,147456,0,0,0,0,4718592,0,4718592
544,544,dropout,META_IDENTITY,meta_engine,1008,1008,1008,1008,1008,0,0,0,0,32256,0,32256
545,545,add,ADD,fp16_vector,1008,1008,1008,1008,1008,0,0,0,0,32256,0,32256
546,546,layer_norm,LAYER_NORM,fp16_vector,1040,1040,1008,1008,1040,0,0,0,0,32256,0,32256
547,547,linear,GEMM_W8A8,pack2_gemm,19760,12544,6144,1008,19760,0,12386304,6193152,16,16128,589824,16128
548,548,detach,META_IDENTITY,meta_engine,1008,1008,1008,1008,1008,0,0,0,0,32256,0,32256
549,549,to,META_IDENTITY,meta_engine,1008,1008,1008,1008,1008,0,0,0,0,32256,0,32256
550,550,to,META_IDENTITY,meta_engine,1008,1008,1008,1008,1008,0,0,0,0,32256,0,32256
551,551,detach,META_IDENTITY,meta_engine,1008,1008,1008,1008,1008,0,0,0,0,32256,0,32256
552,552,to,META_IDENTITY,meta_engine,1008,1008,1008,1008,1008,0,0,0,0,32256,0,32256
553,553,resolve_conj,META_IDENTITY,meta_engine,1008,1008,1008,1008,1008,0,0,0,0,32256,0,32256
554,554,resolve_neg,META_IDENTITY,meta_engine,1008,1008,1008,1008,1008,0,0,0,0,32256,0,32256
555,555,detach,META_IDENTITY,meta_engine,36864,36864,36864,36864,36864,0,0,0,0,1179648,0,1179648
556,556,detach,META_IDENTITY,meta_engine,36864,36864,36864,36864,36864,0,0,0,0,1179648,0,1179648
557,557,to,META_IDENTITY,meta_engine,36864,36864,36864,36864,36864,0,0,0,0,1179648,0,1179648
558,558,to,META_IDENTITY,meta_engine,36864,36864,36864,36864,36864,0,0,0,0,1179648,0,1179648
559,559,detach,META_IDENTITY,meta_engine,36864,36864,36864,36864,36864,0,0,0,0,1179648,0,1179648
560,560,to,META_IDENTITY,meta_engine,36864,36864,36864,36864,36864,0,0,0,0,1179648,0,1179648
561,561,resolve_conj,META_IDENTITY,meta_engine,36864,36864,36864,36864,36864,0,0,0,0,1179648,0,1179648
562,562,resolve_neg,META_IDENTITY,meta_engine,36864,36864,36864,36864,36864,0,0,0,0,1179648,0,1179648
563,563,view,LAYOUT,layout_engine,1012,1012,1008,1008,1012,0,0,0,0,32256,0,32256
564,564,transpose,LAYOUT,layout_engine,1012,1012,1008,1008,1012,0,0,0,0,32256,0,32256
565,565,linear,GEMM_W8A8,pack2_gemm,19760,12544,6144,1008,19760,0,12386304,6193152,16,16128,589824,16128
566,566,detach,META_IDENTITY,meta_engine,1008,1008,1008,1008,1008,0,0,0,0,32256,0,32256
567,567,to,META_IDENTITY,meta_engine,1008,1008,1008,1008,1008,0,0,0,0,32256,0,32256
568,568,to,META_IDENTITY,meta_engine,1008,1008,1008,1008,1008,0,0,0,0,32256,0,32256
569,569,detach,META_IDENTITY,meta_engine,1008,1008,1008,1008,1008,0,0,0,0,32256,0,32256
570,570,to,META_IDENTITY,meta_engine,1008,1008,1008,1008,1008,0,0,0,0,32256,0,32256
571,571,resolve_conj,META_IDENTITY,meta_engine,1008,1008,1008,1008,1008,0,0,0,0,32256,0,32256
572,572,resolve_neg,META_IDENTITY,meta_engine,1008,1008,1008,1008,1008,0,0,0,0,32256,0,32256
573,573,detach,META_IDENTITY,meta_engine,36864,36864,36864,36864,36864,0,0,0,0,1179648,0,1179648
574,574,detach,META_IDENTITY,meta_engine,36864,36864,36864,36864,36864,0,0,0,0,1179648,0,1179648
575,575,to,META_IDENTITY,meta_engine,36864,36864,36864,36864,36864,0,0,0,0,1179648,0,1179648
576,576,to,META_IDENTITY,meta_engine,36864,36864,36864,36864,36864,0,0,0,0,1179648,0,1179648
577,577,detach,META_IDENTITY,meta_engine,36864,36864,36864,36864,36864,0,0,0,0,1179648,0,1179648
578,578,to,META_IDENTITY,meta_engine,36864,36864,36864,36864,36864,0,0,0,0,1179648,0,1179648
579,579,resolve_conj,META_IDENTITY,meta_engine,36864,36864,36864,36864,36864,0,0,0,0,1179648,0,1179648
580,580,resolve_neg,META_IDENTITY,meta_engine,36864,36864,36864,36864,36864,0,0,0,0,1179648,0,1179648
581,581,view,LAYOUT,layout_engine,1012,1012,1008,1008,1012,0,0,0,0,32256,0,32256
582,582,transpose,LAYOUT,layout_engine,1012,1012,1008,1008,1012,0,0,0,0,32256,0,32256
583,583,linear,GEMM_W8A8,pack2_gemm,19760,12544,6144,1008,19760,0,12386304,6193152,16,16128,589824,16128
584,584,detach,META_IDENTITY,meta_engine,1008,1008,1008,1008,1008,0,0,0,0,32256,0,32256
585,585,to,META_IDENTITY,meta_engine,1008,1008,1008,1008,1008,0,0,0,0,32256,0,32256
586,586,to,META_IDENTITY,meta_engine,1008,1008,1008,1008,1008,0,0,0,0,32256,0,32256
587,587,detach,META_IDENTITY,meta_engine,1008,1008,1008,1008,1008,0,0,0,0,32256,0,32256
588,588,to,META_IDENTITY,meta_engine,1008,1008,1008,1008,1008,0,0,0,0,32256,0,32256
589,589,resolve_conj,META_IDENTITY,meta_engine,1008,1008,1008,1008,1008,0,0,0,0,32256,0,32256
590,590,resolve_neg,META_IDENTITY,meta_engine,1008,1008,1008,1008,1008,0,0,0,0,32256,0,32256
591,591,detach,META_IDENTITY,meta_engine,36864,36864,36864,36864,36864,0,0,0,0,1179648,0,1179648
592,592,detach,META_IDENTITY,meta_engine,36864,36864,36864,36864,36864,0,0,0,0,1179648,0,1179648
593,593,to,META_IDENTITY,meta_engine,36864,36864,36864,36864,36864,0,0,0,0,1179648,0,1179648
594,594,to,META_IDENTITY,meta_engine,36864,36864,36864,36864,36864,0,0,0,0,1179648,0,1179648
595,595,detach,META_IDENTITY,meta_engine,36864,36864,36864,36864,36864,0,0,0,0,1179648,0,1179648
596,596,to,META_IDENTITY,meta_engine,36864,36864,36864,36864,36864,0,0,0,0,1179648,0,1179648
597,597,resolve_conj,META_IDENTITY,meta_engine,36864,36864,36864,36864,36864,0,0,0,0,1179648,0,1179648
598,598,resolve_neg,META_IDENTITY,meta_engine,36864,36864,36864,36864,36864,0,0,0,0,1179648,0,1179648
599,599,view,LAYOUT,layout_engine,1012,1012,1008,1008,1012,0,0,0,0,32256,0,32256
600,600,transpose,LAYOUT,layout_engine,1012,1012,1008,1008,1012,0,0,0,0,32256,0,32256
601,601,scaled_dot_product_attention,ATTENTION,attention_controller,1040,1040,1008,1008,1040,0,0,0,0,32256,0,32256
602,602,transpose,LAYOUT,layout_engine,1012,1012,1008,1008,1012,0,0,0,0,32256,0,32256
603,603,reshape,LAYOUT,layout_engine,1012,1012,1008,1008,1012,0,0,0,0,32256,0,32256
604,604,linear,GEMM_W8A8,pack2_gemm,19760,12544,6144,1008,19760,0,12386304,6193152,16,16128,589824,16128
605,605,detach,META_IDENTITY,meta_engine,1008,1008,1008,1008,1008,0,0,0,0,32256,0,32256
606,606,to,META_IDENTITY,meta_engine,1008,1008,1008,1008,1008,0,0,0,0,32256,0,32256
607,607,to,META_IDENTITY,meta_engine,1008,1008,1008,1008,1008,0,0,0,0,32256,0,32256
608,608,detach,META_IDENTITY,meta_engine,1008,1008,1008,1008,1008,0,0,0,0,32256,0,32256
609,609,to,META_IDENTITY,meta_engine,1008,1008,1008,1008,1008,0,0,0,0,32256,0,32256
610,610,resolve_conj,META_IDENTITY,meta_engine,1008,1008,1008,1008,1008,0,0,0,0,32256,0,32256
611,611,resolve_neg,META_IDENTITY,meta_engine,1008,1008,1008,1008,1008,0,0,0,0,32256,0,32256
612,612,detach,META_IDENTITY,meta_engine,36864,36864,36864,36864,36864,0,0,0,0,1179648,0,1179648
613,613,detach,META_IDENTITY,meta_engine,36864,36864,36864,36864,36864,0,0,0,0,1179648,0,1179648
614,614,to,META_IDENTITY,meta_engine,36864,36864,36864,36864,36864,0,0,0,0,1179648,0,1179648
615,615,to,META_IDENTITY,meta_engine,36864,36864,36864,36864,36864,0,0,0,0,1179648,0,1179648
616,616,detach,META_IDENTITY,meta_engine,36864,36864,36864,36864,36864,0,0,0,0,1179648,0,1179648
617,617,to,META_IDENTITY,meta_engine,36864,36864,36864,36864,36864,0,0,0,0,1179648,0,1179648
618,618,resolve_conj,META_IDENTITY,meta_engine,36864,36864,36864,36864,36864,0,0,0,0,1179648,0,1179648
619,619,resolve_neg,META_IDENTITY,meta_engine,36864,36864,36864,36864,36864,0,0,0,0,1179648,0,1179648
620,620,dropout,META_IDENTITY,meta_engine,1008,1008,1008,1008,1008,0,0,0,0,32256,0,32256
621,621,add,ADD,fp16_vector,1008,1008,1008,1008,1008,0,0,0,0,32256,0,32256
622,622,layer_norm,LAYER_NORM,fp16_vector,1040,1040,1008,1008,1040,0,0,0,0,32256,0,32256
623,623,linear,GEMM_W8A8,pack2_gemm,1008,1008,1008,1008,1008,0,0,0,0,32256,0,32256
624,624,detach,META_IDENTITY,meta_engine,1008,1008,1008,1008,1008,0,0,0,0,32256,0,32256
625,625,to,META_IDENTITY,meta_engine,1008,1008,1008,1008,1008,0,0,0,0,32256,0,32256
626,626,to,META_IDENTITY,meta_engine,1008,1008,1008,1008,1008,0,0,0,0,32256,0,32256
627,627,detach,META_IDENTITY,meta_engine,1008,1008,1008,1008,1008,0,0,0,0,32256,0,32256
628,628,to,META_IDENTITY,meta_engine,1008,1008,1008,1008,1008,0,0,0,0,32256,0,32256
629,629,resolve_conj,META_IDENTITY,meta_engine,1008,1008,1008,1008,1008,0,0,0,0,32256,0,32256
630,630,resolve_neg,META_IDENTITY,meta_engine,1008,1008,1008,1008,1008,0,0,0,0,32256,0,32256
631,631,detach,META_IDENTITY,meta_engine,147456,147456,147456,147456,147456,0,0,0,0,4718592,0,4718592
632,632,detach,META_IDENTITY,meta_engine,147456,147456,147456,147456,147456,0,0,0,0,4718592,0,4718592
633,633,to,META_IDENTITY,meta_engine,147456,147456,147456,147456,147456,0,0,0,0,4718592,0,4718592
634,634,to,META_IDENTITY,meta_engine,147456,147456,147456,147456,147456,0,0,0,0,4718592,0,4718592
635,635,detach,META_IDENTITY,meta_engine,147456,147456,147456,147456,147456,0,0,0,0,4718592,0,4718592
636,636,to,META_IDENTITY,meta_engine,147456,147456,147456,147456,147456,0,0,0,0,4718592,0,4718592
637,637,resolve_conj,META_IDENTITY,meta_engine,147456,147456,147456,147456,147456,0,0,0,0,4718592,0,4718592
638,638,resolve_neg,META_IDENTITY,meta_engine,147456,147456,147456,147456,147456,0,0,0,0,4718592,0,4718592
639,639,gelu,GELU,fp16_vector,4032,4032,4032,4032,4032,0,0,0,0,129024,0,129024
640,640,linear,GEMM_W8A8,pack2_gemm,4032,4032,4032,4032,4032,0,0,0,0,129024,0,129024
641,641,detach,META_IDENTITY,meta_engine,4032,4032,4032,4032,4032,0,0,0,0,129024,0,129024
642,642,to,META_IDENTITY,meta_engine,4032,4032,4032,4032,4032,0,0,0,0,129024,0,129024
643,643,to,META_IDENTITY,meta_engine,4032,4032,4032,4032,4032,0,0,0,0,129024,0,129024
644,644,detach,META_IDENTITY,meta_engine,4032,4032,4032,4032,4032,0,0,0,0,129024,0,129024
645,645,to,META_IDENTITY,meta_engine,4032,4032,4032,4032,4032,0,0,0,0,129024,0,129024
646,646,resolve_conj,META_IDENTITY,meta_engine,4032,4032,4032,4032,4032,0,0,0,0,129024,0,129024
647,647,resolve_neg,META_IDENTITY,meta_engine,4032,4032,4032,4032,4032,0,0,0,0,129024,0,129024
648,648,detach,META_IDENTITY,meta_engine,147456,147456,147456,147456,147456,0,0,0,0,4718592,0,4718592
649,649,detach,META_IDENTITY,meta_engine,147456,147456,147456,147456,147456,0,0,0,0,4718592,0,4718592
650,650,to,META_IDENTITY,meta_engine,147456,147456,147456,147456,147456,0,0,0,0,4718592,0,4718592
651,651,to,META_IDENTITY,meta_engine,147456,147456,147456,147456,147456,0,0,0,0,4718592,0,4718592
652,652,detach,META_IDENTITY,meta_engine,147456,147456,147456,147456,147456,0,0,0,0,4718592,0,4718592
653,653,to,META_IDENTITY,meta_engine,147456,147456,147456,147456,147456,0,0,0,0,4718592,0,4718592
654,654,resolve_conj,META_IDENTITY,meta_engine,147456,147456,147456,147456,147456,0,0,0,0,4718592,0,4718592
655,655,resolve_neg,META_IDENTITY,meta_engine,147456,147456,147456,147456,147456,0,0,0,0,4718592,0,4718592
656,656,dropout,META_IDENTITY,meta_engine,1008,1008,1008,1008,1008,0,0,0,0,32256,0,32256
657,657,add,ADD,fp16_vector,1008,1008,1008,1008,1008,0,0,0,0,32256,0,32256
658,658,layer_norm,LAYER_NORM,fp16_vector,1040,1040,1008,1008,1040,0,0,0,0,32256,0,32256
659,659,linear,GEMM_W8A8,pack2_gemm,19760,12544,6144,1008,19760,0,12386304,6193152,16,16128,589824,16128
660,660,detach,META_IDENTITY,meta_engine,1008,1008,1008,1008,1008,0,0,0,0,32256,0,32256
661,661,to,META_IDENTITY,meta_engine,1008,1008,1008,1008,1008,0,0,0,0,32256,0,32256
662,662,to,META_IDENTITY,meta_engine,1008,1008,1008,1008,1008,0,0,0,0,32256,0,32256
663,663,detach,META_IDENTITY,meta_engine,1008,1008,1008,1008,1008,0,0,0,0,32256,0,32256
664,664,to,META_IDENTITY,meta_engine,1008,1008,1008,1008,1008,0,0,0,0,32256,0,32256
665,665,resolve_conj,META_IDENTITY,meta_engine,1008,1008,1008,1008,1008,0,0,0,0,32256,0,32256
666,666,resolve_neg,META_IDENTITY,meta_engine,1008,1008,1008,1008,1008,0,0,0,0,32256,0,32256
667,667,detach,META_IDENTITY,meta_engine,36864,36864,36864,36864,36864,0,0,0,0,1179648,0,1179648
668,668,detach,META_IDENTITY,meta_engine,36864,36864,36864,36864,36864,0,0,0,0,1179648,0,1179648
669,669,to,META_IDENTITY,meta_engine,36864,36864,36864,36864,36864,0,0,0,0,1179648,0,1179648
670,670,to,META_IDENTITY,meta_engine,36864,36864,36864,36864,36864,0,0,0,0,1179648,0,1179648
671,671,detach,META_IDENTITY,meta_engine,36864,36864,36864,36864,36864,0,0,0,0,1179648,0,1179648
672,672,to,META_IDENTITY,meta_engine,36864,36864,36864,36864,36864,0,0,0,0,1179648,0,1179648
673,673,resolve_conj,META_IDENTITY,meta_engine,36864,36864,36864,36864,36864,0,0,0,0,1179648,0,1179648
674,674,resolve_neg,META_IDENTITY,meta_engine,36864,36864,36864,36864,36864,0,0,0,0,1179648,0,1179648
675,675,view,LAYOUT,layout_engine,1012,1012,1008,1008,1012,0,0,0,0,32256,0,32256
676,676,transpose,LAYOUT,layout_engine,1012,1012,1008,1008,1012,0,0,0,0,32256,0,32256
677,677,linear,GEMM_W8A8,pack2_gemm,19760,12544,6144,1008,19760,0,12386304,6193152,16,16128,589824,16128
678,678,detach,META_IDENTITY,meta_engine,1008,1008,1008,1008,1008,0,0,0,0,32256,0,32256
679,679,to,META_IDENTITY,meta_engine,1008,1008,1008,1008,1008,0,0,0,0,32256,0,32256
680,680,to,META_IDENTITY,meta_engine,1008,1008,1008,1008,1008,0,0,0,0,32256,0,32256
681,681,detach,META_IDENTITY,meta_engine,1008,1008,1008,1008,1008,0,0,0,0,32256,0,32256
682,682,to,META_IDENTITY,meta_engine,1008,1008,1008,1008,1008,0,0,0,0,32256,0,32256
683,683,resolve_conj,META_IDENTITY,meta_engine,1008,1008,1008,1008,1008,0,0,0,0,32256,0,32256
684,684,resolve_neg,META_IDENTITY,meta_engine,1008,1008,1008,1008,1008,0,0,0,0,32256,0,32256
685,685,detach,META_IDENTITY,meta_engine,36864,36864,36864,36864,36864,0,0,0,0,1179648,0,1179648
686,686,detach,META_IDENTITY,meta_engine,36864,36864,36864,36864,36864,0,0,0,0,1179648,0,1179648
687,687,to,META_IDENTITY,meta_engine,36864,36864,36864,36864,36864,0,0,0,0,1179648,0,1179648
688,688,to,META_IDENTITY,meta_engine,36864,36864,36864,36864,36864,0,0,0,0,1179648,0,1179648
689,689,detach,META_IDENTITY,meta_engine,36864,36864,36864,36864,36864,0,0,0,0,1179648,0,1179648
690,690,to,META_IDENTITY,meta_engine,36864,36864,36864,36864,36864,0,0,0,0,1179648,0,1179648
691,691,resolve_conj,META_IDENTITY,meta_engine,36864,36864,36864,36864,36864,0,0,0,0,1179648,0,1179648
692,692,resolve_neg,META_IDENTITY,meta_engine,36864,36864,36864,36864,36864,0,0,0,0,1179648,0,1179648
693,693,view,LAYOUT,layout_engine,1012,1012,1008,1008,1012,0,0,0,0,32256,0,32256
694,694,transpose,LAYOUT,layout_engine,1012,1012,1008,1008,1012,0,0,0,0,32256,0,32256
695,695,linear,GEMM_W8A8,pack2_gemm,19760,12544,6144,1008,19760,0,12386304,6193152,16,16128,589824,16128
696,696,detach,META_IDENTITY,meta_engine,1008,1008,1008,1008,1008,0,0,0,0,32256,0,32256
697,697,to,META_IDENTITY,meta_engine,1008,1008,1008,1008,1008,0,0,0,0,32256,0,32256
698,698,to,META_IDENTITY,meta_engine,1008,1008,1008,1008,1008,0,0,0,0,32256,0,32256
699,699,detach,META_IDENTITY,meta_engine,1008,1008,1008,1008,1008,0,0,0,0,32256,0,32256
700,700,to,META_IDENTITY,meta_engine,1008,1008,1008,1008,1008,0,0,0,0,32256,0,32256
701,701,resolve_conj,META_IDENTITY,meta_engine,1008,1008,1008,1008,1008,0,0,0,0,32256,0,32256
702,702,resolve_neg,META_IDENTITY,meta_engine,1008,1008,1008,1008,1008,0,0,0,0,32256,0,32256
703,703,detach,META_IDENTITY,meta_engine,36864,36864,36864,36864,36864,0,0,0,0,1179648,0,1179648
704,704,detach,META_IDENTITY,meta_engine,36864,36864,36864,36864,36864,0,0,0,0,1179648,0,1179648
705,705,to,META_IDENTITY,meta_engine,36864,36864,36864,36864,36864,0,0,0,0,1179648,0,1179648
706,706,to,META_IDENTITY,meta_engine,36864,36864,36864,36864,36864,0,0,0,0,1179648,0,1179648
707,707,detach,META_IDENTITY,meta_engine,36864,36864,36864,36864,36864,0,0,0,0,1179648,0,1179648
708,708,to,META_IDENTITY,meta_engine,36864,36864,36864,36864,36864,0,0,0,0,1179648,0,1179648
709,709,resolve_conj,META_IDENTITY,meta_engine,36864,36864,36864,36864,36864,0,0,0,0,1179648,0,1179648
710,710,resolve_neg,META_IDENTITY,meta_engine,36864,36864,36864,36864,36864,0,0,0,0,1179648,0,1179648
711,711,view,LAYOUT,layout_engine,1012,1012,1008,1008,1012,0,0,0,0,32256,0,32256
712,712,transpose,LAYOUT,layout_engine,1012,1012,1008,1008,1012,0,0,0,0,32256,0,32256
713,713,scaled_dot_product_attention,ATTENTION,attention_controller,1040,1040,1008,1008,1040,0,0,0,0,32256,0,32256
714,714,transpose,LAYOUT,layout_engine,1012,1012,1008,1008,1012,0,0,0,0,32256,0,32256
715,715,reshape,LAYOUT,layout_engine,1012,1012,1008,1008,1012,0,0,0,0,32256,0,32256
716,716,linear,GEMM_W8A8,pack2_gemm,19760,12544,6144,1008,19760,0,12386304,6193152,16,16128,589824,16128
717,717,detach,META_IDENTITY,meta_engine,1008,1008,1008,1008,1008,0,0,0,0,32256,0,32256
718,718,to,META_IDENTITY,meta_engine,1008,1008,1008,1008,1008,0,0,0,0,32256,0,32256
719,719,to,META_IDENTITY,meta_engine,1008,1008,1008,1008,1008,0,0,0,0,32256,0,32256
720,720,detach,META_IDENTITY,meta_engine,1008,1008,1008,1008,1008,0,0,0,0,32256,0,32256
721,721,to,META_IDENTITY,meta_engine,1008,1008,1008,1008,1008,0,0,0,0,32256,0,32256
722,722,resolve_conj,META_IDENTITY,meta_engine,1008,1008,1008,1008,1008,0,0,0,0,32256,0,32256
723,723,resolve_neg,META_IDENTITY,meta_engine,1008,1008,1008,1008,1008,0,0,0,0,32256,0,32256
724,724,detach,META_IDENTITY,meta_engine,36864,36864,36864,36864,36864,0,0,0,0,1179648,0,1179648
725,725,detach,META_IDENTITY,meta_engine,36864,36864,36864,36864,36864,0,0,0,0,1179648,0,1179648
726,726,to,META_IDENTITY,meta_engine,36864,36864,36864,36864,36864,0,0,0,0,1179648,0,1179648
727,727,to,META_IDENTITY,meta_engine,36864,36864,36864,36864,36864,0,0,0,0,1179648,0,1179648
728,728,detach,META_IDENTITY,meta_engine,36864,36864,36864,36864,36864,0,0,0,0,1179648,0,1179648
729,729,to,META_IDENTITY,meta_engine,36864,36864,36864,36864,36864,0,0,0,0,1179648,0,1179648
730,730,resolve_conj,META_IDENTITY,meta_engine,36864,36864,36864,36864,36864,0,0,0,0,1179648,0,1179648
731,731,resolve_neg,META_IDENTITY,meta_engine,36864,36864,36864,36864,36864,0,0,0,0,1179648,0,1179648
732,732,dropout,META_IDENTITY,meta_engine,1008,1008,1008,1008,1008,0,0,0,0,32256,0,32256
733,733,add,ADD,fp16_vector,1008,1008,1008,1008,1008,0,0,0,0,32256,0,32256
734,734,layer_norm,LAYER_NORM,fp16_vector,1040,1040,1008,1008,1040,0,0,0,0,32256,0,32256
735,735,linear,GEMM_W8A8,pack2_gemm,1008,1008,1008,1008,1008,0,0,0,0,32256,0,32256
736,736,detach,META_IDENTITY,meta_engine,1008,1008,1008,1008,1008,0,0,0,0,32256,0,32256
737,737,to,META_IDENTITY,meta_engine,1008,1008,1008,1008,1008,0,0,0,0,32256,0,32256
738,738,to,META_IDENTITY,meta_engine,1008,1008,1008,1008,1008,0,0,0,0,32256,0,32256
739,739,detach,META_IDENTITY,meta_engine,1008,1008,1008,1008,1008,0,0,0,0,32256,0,32256
740,740,to,META_IDENTITY,meta_engine,1008,1008,1008,1008,1008,0,0,0,0,32256,0,32256
741,741,resolve_conj,META_IDENTITY,meta_engine,1008,1008,1008,1008,1008,0,0,0,0,32256,0,32256
742,742,resolve_neg,META_IDENTITY,meta_engine,1008,1008,1008,1008,1008,0,0,0,0,32256,0,32256
743,743,detach,META_IDENTITY,meta_engine,147456,147456,147456,147456,147456,0,0,0,0,4718592,0,4718592
744,744,detach,META_IDENTITY,meta_engine,147456,147456,147456,147456,147456,0,0,0,0,4718592,0,4718592
745,745,to,META_IDENTITY,meta_engine,147456,147456,147456,147456,147456,0,0,0,0,4718592,0,4718592
746,746,to,META_IDENTITY,meta_engine,147456,147456,147456,147456,147456,0,0,0,0,4718592,0,4718592
747,747,detach,META_IDENTITY,meta_engine,147456,147456,147456,147456,147456,0,0,0,0,4718592,0,4718592
748,748,to,META_IDENTITY,meta_engine,147456,147456,147456,147456,147456,0,0,0,0,4718592,0,4718592
749,749,resolve_conj,META_IDENTITY,meta_engine,147456,147456,147456,147456,147456,0,0,0,0,4718592,0,4718592
750,750,resolve_neg,META_IDENTITY,meta_engine,147456,147456,147456,147456,147456,0,0,0,0,4718592,0,4718592
751,751,gelu,GELU,fp16_vector,4032,4032,4032,4032,4032,0,0,0,0,129024,0,129024
752,752,linear,GEMM_W8A8,pack2_gemm,4032,4032,4032,4032,4032,0,0,0,0,129024,0,129024
753,753,detach,META_IDENTITY,meta_engine,4032,4032,4032,4032,4032,0,0,0,0,129024,0,129024
754,754,to,META_IDENTITY,meta_engine,4032,4032,4032,4032,4032,0,0,0,0,129024,0,129024
755,755,to,META_IDENTITY,meta_engine,4032,4032,4032,4032,4032,0,0,0,0,129024,0,129024
756,756,detach,META_IDENTITY,meta_engine,4032,4032,4032,4032,4032,0,0,0,0,129024,0,129024
757,757,to,META_IDENTITY,meta_engine,4032,4032,4032,4032,4032,0,0,0,0,129024,0,129024
758,758,resolve_conj,META_IDENTITY,meta_engine,4032,4032,4032,4032,4032,0,0,0,0,129024,0,129024
759,759,resolve_neg,META_IDENTITY,meta_engine,4032,4032,4032,4032,4032,0,0,0,0,129024,0,129024
760,760,detach,META_IDENTITY,meta_engine,147456,147456,147456,147456,147456,0,0,0,0,4718592,0,4718592
761,761,detach,META_IDENTITY,meta_engine,147456,147456,147456,147456,147456,0,0,0,0,4718592,0,4718592
762,762,to,META_IDENTITY,meta_engine,147456,147456,147456,147456,147456,0,0,0,0,4718592,0,4718592
763,763,to,META_IDENTITY,meta_engine,147456,147456,147456,147456,147456,0,0,0,0,4718592,0,4718592
764,764,detach,META_IDENTITY,meta_engine,147456,147456,147456,147456,147456,0,0,0,0,4718592,0,4718592
765,765,to,META_IDENTITY,meta_engine,147456,147456,147456,147456,147456,0,0,0,0,4718592,0,4718592
766,766,resolve_conj,META_IDENTITY,meta_engine,147456,147456,147456,147456,147456,0,0,0,0,4718592,0,4718592
767,767,resolve_neg,META_IDENTITY,meta_engine,147456,147456,147456,147456,147456,0,0,0,0,4718592,0,4718592
768,768,dropout,META_IDENTITY,meta_engine,1008,1008,1008,1008,1008,0,0,0,0,32256,0,32256
769,769,add,ADD,fp16_vector,1008,1008,1008,1008,1008,0,0,0,0,32256,0,32256
770,770,layer_norm,LAYER_NORM,fp16_vector,1040,1040,1008,1008,1040,0,0,0,0,32256,0,32256
771,771,linear,GEMM_W8A8,pack2_gemm,19760,12544,6144,1008,19760,0,12386304,6193152,16,16128,589824,16128
772,772,detach,META_IDENTITY,meta_engine,1008,1008,1008,1008,1008,0,0,0,0,32256,0,32256
773,773,to,META_IDENTITY,meta_engine,1008,1008,1008,1008,1008,0,0,0,0,32256,0,32256
774,774,to,META_IDENTITY,meta_engine,1008,1008,1008,1008,1008,0,0,0,0,32256,0,32256
775,775,detach,META_IDENTITY,meta_engine,1008,1008,1008,1008,1008,0,0,0,0,32256,0,32256
776,776,to,META_IDENTITY,meta_engine,1008,1008,1008,1008,1008,0,0,0,0,32256,0,32256
777,777,resolve_conj,META_IDENTITY,meta_engine,1008,1008,1008,1008,1008,0,0,0,0,32256,0,32256
778,778,resolve_neg,META_IDENTITY,meta_engine,1008,1008,1008,1008,1008,0,0,0,0,32256,0,32256
779,779,detach,META_IDENTITY,meta_engine,36864,36864,36864,36864,36864,0,0,0,0,1179648,0,1179648
780,780,detach,META_IDENTITY,meta_engine,36864,36864,36864,36864,36864,0,0,0,0,1179648,0,1179648
781,781,to,META_IDENTITY,meta_engine,36864,36864,36864,36864,36864,0,0,0,0,1179648,0,1179648
782,782,to,META_IDENTITY,meta_engine,36864,36864,36864,36864,36864,0,0,0,0,1179648,0,1179648
783,783,detach,META_IDENTITY,meta_engine,36864,36864,36864,36864,36864,0,0,0,0,1179648,0,1179648
784,784,to,META_IDENTITY,meta_engine,36864,36864,36864,36864,36864,0,0,0,0,1179648,0,1179648
785,785,resolve_conj,META_IDENTITY,meta_engine,36864,36864,36864,36864,36864,0,0,0,0,1179648,0,1179648
786,786,resolve_neg,META_IDENTITY,meta_engine,36864,36864,36864,36864,36864,0,0,0,0,1179648,0,1179648
787,787,view,LAYOUT,layout_engine,1012,1012,1008,1008,1012,0,0,0,0,32256,0,32256
788,788,transpose,LAYOUT,layout_engine,1012,1012,1008,1008,1012,0,0,0,0,32256,0,32256
789,789,linear,GEMM_W8A8,pack2_gemm,19760,12544,6144,1008,19760,0,12386304,6193152,16,16128,589824,16128
790,790,detach,META_IDENTITY,meta_engine,1008,1008,1008,1008,1008,0,0,0,0,32256,0,32256
791,791,to,META_IDENTITY,meta_engine,1008,1008,1008,1008,1008,0,0,0,0,32256,0,32256
792,792,to,META_IDENTITY,meta_engine,1008,1008,1008,1008,1008,0,0,0,0,32256,0,32256
793,793,detach,META_IDENTITY,meta_engine,1008,1008,1008,1008,1008,0,0,0,0,32256,0,32256
794,794,to,META_IDENTITY,meta_engine,1008,1008,1008,1008,1008,0,0,0,0,32256,0,32256
795,795,resolve_conj,META_IDENTITY,meta_engine,1008,1008,1008,1008,1008,0,0,0,0,32256,0,32256
796,796,resolve_neg,META_IDENTITY,meta_engine,1008,1008,1008,1008,1008,0,0,0,0,32256,0,32256
797,797,detach,META_IDENTITY,meta_engine,36864,36864,36864,36864,36864,0,0,0,0,1179648,0,1179648
798,798,detach,META_IDENTITY,meta_engine,36864,36864,36864,36864,36864,0,0,0,0,1179648,0,1179648
799,799,to,META_IDENTITY,meta_engine,36864,36864,36864,36864,36864,0,0,0,0,1179648,0,1179648
800,800,to,META_IDENTITY,meta_engine,36864,36864,36864,36864,36864,0,0,0,0,1179648,0,1179648
801,801,detach,META_IDENTITY,meta_engine,36864,36864,36864,36864,36864,0,0,0,0,1179648,0,1179648
802,802,to,META_IDENTITY,meta_engine,36864,36864,36864,36864,36864,0,0,0,0,1179648,0,1179648
803,803,resolve_conj,META_IDENTITY,meta_engine,36864,36864,36864,36864,36864,0,0,0,0,1179648,0,1179648
804,804,resolve_neg,META_IDENTITY,meta_engine,36864,36864,36864,36864,36864,0,0,0,0,1179648,0,1179648
805,805,view,LAYOUT,layout_engine,1012,1012,1008,1008,1012,0,0,0,0,32256,0,32256
806,806,transpose,LAYOUT,layout_engine,1012,1012,1008,1008,1012,0,0,0,0,32256,0,32256
807,807,linear,GEMM_W8A8,pack2_gemm,19760,12544,6144,1008,19760,0,12386304,6193152,16,16128,589824,16128
808,808,detach,META_IDENTITY,meta_engine,1008,1008,1008,1008,1008,0,0,0,0,32256,0,32256
809,809,to,META_IDENTITY,meta_engine,1008,1008,1008,1008,1008,0,0,0,0,32256,0,32256
810,810,to,META_IDENTITY,meta_engine,1008,1008,1008,1008,1008,0,0,0,0,32256,0,32256
811,811,detach,META_IDENTITY,meta_engine,1008,1008,1008,1008,1008,0,0,0,0,32256,0,32256
812,812,to,META_IDENTITY,meta_engine,1008,1008,1008,1008,1008,0,0,0,0,32256,0,32256
813,813,resolve_conj,META_IDENTITY,meta_engine,1008,1008,1008,1008,1008,0,0,0,0,32256,0,32256
814,814,resolve_neg,META_IDENTITY,meta_engine,1008,1008,1008,1008,1008,0,0,0,0,32256,0,32256
815,815,detach,META_IDENTITY,meta_engine,36864,36864,36864,36864,36864,0,0,0,0,1179648,0,1179648
816,816,detach,META_IDENTITY,meta_engine,36864,36864,36864,36864,36864,0,0,0,0,1179648,0,1179648
817,817,to,META_IDENTITY,meta_engine,36864,36864,36864,36864,36864,0,0,0,0,1179648,0,1179648
818,818,to,META_IDENTITY,meta_engine,36864,36864,36864,36864,36864,0,0,0,0,1179648,0,1179648
819,819,detach,META_IDENTITY,meta_engine,36864,36864,36864,36864,36864,0,0,0,0,1179648,0,1179648
820,820,to,META_IDENTITY,meta_engine,36864,36864,36864,36864,36864,0,0,0,0,1179648,0,1179648
821,821,resolve_conj,META_IDENTITY,meta_engine,36864,36864,36864,36864,36864,0,0,0,0,1179648,0,1179648
822,822,resolve_neg,META_IDENTITY,meta_engine,36864,36864,36864,36864,36864,0,0,0,0,1179648,0,1179648
823,823,view,LAYOUT,layout_engine,1012,1012,1008,1008,1012,0,0,0,0,32256,0,32256
824,824,transpose,LAYOUT,layout_engine,1012,1012,1008,1008,1012,0,0,0,0,32256,0,32256
825,825,scaled_dot_product_attention,ATTENTION,attention_controller,1040,1040,1008,1008,1040,0,0,0,0,32256,0,32256
826,826,transpose,LAYOUT,layout_engine,1012,1012,1008,1008,1012,0,0,0,0,32256,0,32256
827,827,reshape,LAYOUT,layout_engine,1012,1012,1008,1008,1012,0,0,0,0,32256,0,32256
828,828,linear,GEMM_W8A8,pack2_gemm,19760,12544,6144,1008,19760,0,12386304,6193152,16,16128,589824,16128
829,829,detach,META_IDENTITY,meta_engine,1008,1008,1008,1008,1008,0,0,0,0,32256,0,32256
830,830,to,META_IDENTITY,meta_engine,1008,1008,1008,1008,1008,0,0,0,0,32256,0,32256
831,831,to,META_IDENTITY,meta_engine,1008,1008,1008,1008,1008,0,0,0,0,32256,0,32256
832,832,detach,META_IDENTITY,meta_engine,1008,1008,1008,1008,1008,0,0,0,0,32256,0,32256
833,833,to,META_IDENTITY,meta_engine,1008,1008,1008,1008,1008,0,0,0,0,32256,0,32256
834,834,resolve_conj,META_IDENTITY,meta_engine,1008,1008,1008,1008,1008,0,0,0,0,32256,0,32256
835,835,resolve_neg,META_IDENTITY,meta_engine,1008,1008,1008,1008,1008,0,0,0,0,32256,0,32256
836,836,detach,META_IDENTITY,meta_engine,36864,36864,36864,36864,36864,0,0,0,0,1179648,0,1179648
837,837,detach,META_IDENTITY,meta_engine,36864,36864,36864,36864,36864,0,0,0,0,1179648,0,1179648
838,838,to,META_IDENTITY,meta_engine,36864,36864,36864,36864,36864,0,0,0,0,1179648,0,1179648
839,839,to,META_IDENTITY,meta_engine,36864,36864,36864,36864,36864,0,0,0,0,1179648,0,1179648
840,840,detach,META_IDENTITY,meta_engine,36864,36864,36864,36864,36864,0,0,0,0,1179648,0,1179648
841,841,to,META_IDENTITY,meta_engine,36864,36864,36864,36864,36864,0,0,0,0,1179648,0,1179648
842,842,resolve_conj,META_IDENTITY,meta_engine,36864,36864,36864,36864,36864,0,0,0,0,1179648,0,1179648
843,843,resolve_neg,META_IDENTITY,meta_engine,36864,36864,36864,36864,36864,0,0,0,0,1179648,0,1179648
844,844,dropout,META_IDENTITY,meta_engine,1008,1008,1008,1008,1008,0,0,0,0,32256,0,32256
845,845,add,ADD,fp16_vector,1008,1008,1008,1008,1008,0,0,0,0,32256,0,32256
846,846,layer_norm,LAYER_NORM,fp16_vector,1040,1040,1008,1008,1040,0,0,0,0,32256,0,32256
847,847,linear,GEMM_W8A8,pack2_gemm,1008,1008,1008,1008,1008,0,0,0,0,32256,0,32256
848,848,detach,META_IDENTITY,meta_engine,1008,1008,1008,1008,1008,0,0,0,0,32256,0,32256
849,849,to,META_IDENTITY,meta_engine,1008,1008,1008,1008,1008,0,0,0,0,32256,0,32256
850,850,to,META_IDENTITY,meta_engine,1008,1008,1008,1008,1008,0,0,0,0,32256,0,32256
851,851,detach,META_IDENTITY,meta_engine,1008,1008,1008,1008,1008,0,0,0,0,32256,0,32256
852,852,to,META_IDENTITY,meta_engine,1008,1008,1008,1008,1008,0,0,0,0,32256,0,32256
853,853,resolve_conj,META_IDENTITY,meta_engine,1008,1008,1008,1008,1008,0,0,0,0,32256,0,32256
854,854,resolve_neg,META_IDENTITY,meta_engine,1008,1008,1008,1008,1008,0,0,0,0,32256,0,32256
855,855,detach,META_IDENTITY,meta_engine,147456,147456,147456,147456,147456,0,0,0,0,4718592,0,4718592
856,856,detach,META_IDENTITY,meta_engine,147456,147456,147456,147456,147456,0,0,0,0,4718592,0,4718592
857,857,to,META_IDENTITY,meta_engine,147456,147456,147456,147456,147456,0,0,0,0,4718592,0,4718592
858,858,to,META_IDENTITY,meta_engine,147456,147456,147456,147456,147456,0,0,0,0,4718592,0,4718592
859,859,detach,META_IDENTITY,meta_engine,147456,147456,147456,147456,147456,0,0,0,0,4718592,0,4718592
860,860,to,META_IDENTITY,meta_engine,147456,147456,147456,147456,147456,0,0,0,0,4718592,0,4718592
861,861,resolve_conj,META_IDENTITY,meta_engine,147456,147456,147456,147456,147456,0,0,0,0,4718592,0,4718592
862,862,resolve_neg,META_IDENTITY,meta_engine,147456,147456,147456,147456,147456,0,0,0,0,4718592,0,4718592
863,863,gelu,GELU,fp16_vector,4032,4032,4032,4032,4032,0,0,0,0,129024,0,129024
864,864,linear,GEMM_W8A8,pack2_gemm,4032,4032,4032,4032,4032,0,0,0,0,129024,0,129024
865,865,detach,META_IDENTITY,meta_engine,4032,4032,4032,4032,4032,0,0,0,0,129024,0,129024
866,866,to,META_IDENTITY,meta_engine,4032,4032,4032,4032,4032,0,0,0,0,129024,0,129024
867,867,to,META_IDENTITY,meta_engine,4032,4032,4032,4032,4032,0,0,0,0,129024,0,129024
868,868,detach,META_IDENTITY,meta_engine,4032,4032,4032,4032,4032,0,0,0,0,129024,0,129024
869,869,to,META_IDENTITY,meta_engine,4032,4032,4032,4032,4032,0,0,0,0,129024,0,129024
870,870,resolve_conj,META_IDENTITY,meta_engine,4032,4032,4032,4032,4032,0,0,0,0,129024,0,129024
871,871,resolve_neg,META_IDENTITY,meta_engine,4032,4032,4032,4032,4032,0,0,0,0,129024,0,129024
872,872,detach,META_IDENTITY,meta_engine,147456,147456,147456,147456,147456,0,0,0,0,4718592,0,4718592
873,873,detach,META_IDENTITY,meta_engine,147456,147456,147456,147456,147456,0,0,0,0,4718592,0,4718592
874,874,to,META_IDENTITY,meta_engine,147456,147456,147456,147456,147456,0,0,0,0,4718592,0,4718592
875,875,to,META_IDENTITY,meta_engine,147456,147456,147456,147456,147456,0,0,0,0,4718592,0,4718592
876,876,detach,META_IDENTITY,meta_engine,147456,147456,147456,147456,147456,0,0,0,0,4718592,0,4718592
877,877,to,META_IDENTITY,meta_engine,147456,147456,147456,147456,147456,0,0,0,0,4718592,0,4718592
878,878,resolve_conj,META_IDENTITY,meta_engine,147456,147456,147456,147456,147456,0,0,0,0,4718592,0,4718592
879,879,resolve_neg,META_IDENTITY,meta_engine,147456,147456,147456,147456,147456,0,0,0,0,4718592,0,4718592
880,880,dropout,META_IDENTITY,meta_engine,1008,1008,1008,1008,1008,0,0,0,0,32256,0,32256
881,881,add,ADD,fp16_vector,1008,1008,1008,1008,1008,0,0,0,0,32256,0,32256
882,882,layer_norm,LAYER_NORM,fp16_vector,1040,1040,1008,1008,1040,0,0,0,0,32256,0,32256
883,883,linear,GEMM_W8A8,pack2_gemm,19760,12544,6144,1008,19760,0,12386304,6193152,16,16128,589824,16128
884,884,detach,META_IDENTITY,meta_engine,1008,1008,1008,1008,1008,0,0,0,0,32256,0,32256
885,885,to,META_IDENTITY,meta_engine,1008,1008,1008,1008,1008,0,0,0,0,32256,0,32256
886,886,to,META_IDENTITY,meta_engine,1008,1008,1008,1008,1008,0,0,0,0,32256,0,32256
887,887,detach,META_IDENTITY,meta_engine,1008,1008,1008,1008,1008,0,0,0,0,32256,0,32256
888,888,to,META_IDENTITY,meta_engine,1008,1008,1008,1008,1008,0,0,0,0,32256,0,32256
889,889,resolve_conj,META_IDENTITY,meta_engine,1008,1008,1008,1008,1008,0,0,0,0,32256,0,32256
890,890,resolve_neg,META_IDENTITY,meta_engine,1008,1008,1008,1008,1008,0,0,0,0,32256,0,32256
891,891,detach,META_IDENTITY,meta_engine,36864,36864,36864,36864,36864,0,0,0,0,1179648,0,1179648
892,892,detach,META_IDENTITY,meta_engine,36864,36864,36864,36864,36864,0,0,0,0,1179648,0,1179648
893,893,to,META_IDENTITY,meta_engine,36864,36864,36864,36864,36864,0,0,0,0,1179648,0,1179648
894,894,to,META_IDENTITY,meta_engine,36864,36864,36864,36864,36864,0,0,0,0,1179648,0,1179648
895,895,detach,META_IDENTITY,meta_engine,36864,36864,36864,36864,36864,0,0,0,0,1179648,0,1179648
896,896,to,META_IDENTITY,meta_engine,36864,36864,36864,36864,36864,0,0,0,0,1179648,0,1179648
897,897,resolve_conj,META_IDENTITY,meta_engine,36864,36864,36864,36864,36864,0,0,0,0,1179648,0,1179648
898,898,resolve_neg,META_IDENTITY,meta_engine,36864,36864,36864,36864,36864,0,0,0,0,1179648,0,1179648
899,899,view,LAYOUT,layout_engine,1012,1012,1008,1008,1012,0,0,0,0,32256,0,32256
900,900,transpose,LAYOUT,layout_engine,1012,1012,1008,1008,1012,0,0,0,0,32256,0,32256
901,901,linear,GEMM_W8A8,pack2_gemm,19760,12544,6144,1008,19760,0,12386304,6193152,16,16128,589824,16128
902,902,detach,META_IDENTITY,meta_engine,1008,1008,1008,1008,1008,0,0,0,0,32256,0,32256
903,903,to,META_IDENTITY,meta_engine,1008,1008,1008,1008,1008,0,0,0,0,32256,0,32256
904,904,to,META_IDENTITY,meta_engine,1008,1008,1008,1008,1008,0,0,0,0,32256,0,32256
905,905,detach,META_IDENTITY,meta_engine,1008,1008,1008,1008,1008,0,0,0,0,32256,0,32256
906,906,to,META_IDENTITY,meta_engine,1008,1008,1008,1008,1008,0,0,0,0,32256,0,32256
907,907,resolve_conj,META_IDENTITY,meta_engine,1008,1008,1008,1008,1008,0,0,0,0,32256,0,32256
908,908,resolve_neg,META_IDENTITY,meta_engine,1008,1008,1008,1008,1008,0,0,0,0,32256,0,32256
909,909,detach,META_IDENTITY,meta_engine,36864,36864,36864,36864,36864,0,0,0,0,1179648,0,1179648
910,910,detach,META_IDENTITY,meta_engine,36864,36864,36864,36864,36864,0,0,0,0,1179648,0,1179648
911,911,to,META_IDENTITY,meta_engine,36864,36864,36864,36864,36864,0,0,0,0,1179648,0,1179648
912,912,to,META_IDENTITY,meta_engine,36864,36864,36864,36864,36864,0,0,0,0,1179648,0,1179648
913,913,detach,META_IDENTITY,meta_engine,36864,36864,36864,36864,36864,0,0,0,0,1179648,0,1179648
914,914,to,META_IDENTITY,meta_engine,36864,36864,36864,36864,36864,0,0,0,0,1179648,0,1179648
915,915,resolve_conj,META_IDENTITY,meta_engine,36864,36864,36864,36864,36864,0,0,0,0,1179648,0,1179648
916,916,resolve_neg,META_IDENTITY,meta_engine,36864,36864,36864,36864,36864,0,0,0,0,1179648,0,1179648
917,917,view,LAYOUT,layout_engine,1012,1012,1008,1008,1012,0,0,0,0,32256,0,32256
918,918,transpose,LAYOUT,layout_engine,1012,1012,1008,1008,1012,0,0,0,0,32256,0,32256
919,919,linear,GEMM_W8A8,pack2_gemm,19760,12544,6144,1008,19760,0,12386304,6193152,16,16128,589824,16128
920,920,detach,META_IDENTITY,meta_engine,1008,1008,1008,1008,1008,0,0,0,0,32256,0,32256
921,921,to,META_IDENTITY,meta_engine,1008,1008,1008,1008,1008,0,0,0,0,32256,0,32256
922,922,to,META_IDENTITY,meta_engine,1008,1008,1008,1008,1008,0,0,0,0,32256,0,32256
923,923,detach,META_IDENTITY,meta_engine,1008,1008,1008,1008,1008,0,0,0,0,32256,0,32256
924,924,to,META_IDENTITY,meta_engine,1008,1008,1008,1008,1008,0,0,0,0,32256,0,32256
925,925,resolve_conj,META_IDENTITY,meta_engine,1008,1008,1008,1008,1008,0,0,0,0,32256,0,32256
926,926,resolve_neg,META_IDENTITY,meta_engine,1008,1008,1008,1008,1008,0,0,0,0,32256,0,32256
927,927,detach,META_IDENTITY,meta_engine,36864,36864,36864,36864,36864,0,0,0,0,1179648,0,1179648
928,928,detach,META_IDENTITY,meta_engine,36864,36864,36864,36864,36864,0,0,0,0,1179648,0,1179648
929,929,to,META_IDENTITY,meta_engine,36864,36864,36864,36864,36864,0,0,0,0,1179648,0,1179648
930,930,to,META_IDENTITY,meta_engine,36864,36864,36864,36864,36864,0,0,0,0,1179648,0,1179648
931,931,detach,META_IDENTITY,meta_engine,36864,36864,36864,36864,36864,0,0,0,0,1179648,0,1179648
932,932,to,META_IDENTITY,meta_engine,36864,36864,36864,36864,36864,0,0,0,0,1179648,0,1179648
933,933,resolve_conj,META_IDENTITY,meta_engine,36864,36864,36864,36864,36864,0,0,0,0,1179648,0,1179648
934,934,resolve_neg,META_IDENTITY,meta_engine,36864,36864,36864,36864,36864,0,0,0,0,1179648,0,1179648
935,935,view,LAYOUT,layout_engine,1012,1012,1008,1008,1012,0,0,0,0,32256,0,32256
936,936,transpose,LAYOUT,layout_engine,1012,1012,1008,1008,1012,0,0,0,0,32256,0,32256
937,937,scaled_dot_product_attention,ATTENTION,attention_controller,1040,1040,1008,1008,1040,0,0,0,0,32256,0,32256
938,938,transpose,LAYOUT,layout_engine,1012,1012,1008,1008,1012,0,0,0,0,32256,0,32256
939,939,reshape,LAYOUT,layout_engine,1012,1012,1008,1008,1012,0,0,0,0,32256,0,32256
940,940,linear,GEMM_W8A8,pack2_gemm,19760,12544,6144,1008,19760,0,12386304,6193152,16,16128,589824,16128
941,941,detach,META_IDENTITY,meta_engine,1008,1008,1008,1008,1008,0,0,0,0,32256,0,32256
942,942,to,META_IDENTITY,meta_engine,1008,1008,1008,1008,1008,0,0,0,0,32256,0,32256
943,943,to,META_IDENTITY,meta_engine,1008,1008,1008,1008,1008,0,0,0,0,32256,0,32256
944,944,detach,META_IDENTITY,meta_engine,1008,1008,1008,1008,1008,0,0,0,0,32256,0,32256
945,945,to,META_IDENTITY,meta_engine,1008,1008,1008,1008,1008,0,0,0,0,32256,0,32256
946,946,resolve_conj,META_IDENTITY,meta_engine,1008,1008,1008,1008,1008,0,0,0,0,32256,0,32256
947,947,resolve_neg,META_IDENTITY,meta_engine,1008,1008,1008,1008,1008,0,0,0,0,32256,0,32256
948,948,detach,META_IDENTITY,meta_engine,36864,36864,36864,36864,36864,0,0,0,0,1179648,0,1179648
949,949,detach,META_IDENTITY,meta_engine,36864,36864,36864,36864,36864,0,0,0,0,1179648,0,1179648
950,950,to,META_IDENTITY,meta_engine,36864,36864,36864,36864,36864,0,0,0,0,1179648,0,1179648
951,951,to,META_IDENTITY,meta_engine,36864,36864,36864,36864,36864,0,0,0,0,1179648,0,1179648
952,952,detach,META_IDENTITY,meta_engine,36864,36864,36864,36864,36864,0,0,0,0,1179648,0,1179648
953,953,to,META_IDENTITY,meta_engine,36864,36864,36864,36864,36864,0,0,0,0,1179648,0,1179648
954,954,resolve_conj,META_IDENTITY,meta_engine,36864,36864,36864,36864,36864,0,0,0,0,1179648,0,1179648
955,955,resolve_neg,META_IDENTITY,meta_engine,36864,36864,36864,36864,36864,0,0,0,0,1179648,0,1179648
956,956,dropout,META_IDENTITY,meta_engine,1008,1008,1008,1008,1008,0,0,0,0,32256,0,32256
957,957,add,ADD,fp16_vector,1008,1008,1008,1008,1008,0,0,0,0,32256,0,32256
958,958,layer_norm,LAYER_NORM,fp16_vector,1040,1040,1008,1008,1040,0,0,0,0,32256,0,32256
959,959,linear,GEMM_W8A8,pack2_gemm,1008,1008,1008,1008,1008,0,0,0,0,32256,0,32256
960,960,detach,META_IDENTITY,meta_engine,1008,1008,1008,1008,1008,0,0,0,0,32256,0,32256
961,961,to,META_IDENTITY,meta_engine,1008,1008,1008,1008,1008,0,0,0,0,32256,0,32256
962,962,to,META_IDENTITY,meta_engine,1008,1008,1008,1008,1008,0,0,0,0,32256,0,32256
963,963,detach,META_IDENTITY,meta_engine,1008,1008,1008,1008,1008,0,0,0,0,32256,0,32256
964,964,to,META_IDENTITY,meta_engine,1008,1008,1008,1008,1008,0,0,0,0,32256,0,32256
965,965,resolve_conj,META_IDENTITY,meta_engine,1008,1008,1008,1008,1008,0,0,0,0,32256,0,32256
966,966,resolve_neg,META_IDENTITY,meta_engine,1008,1008,1008,1008,1008,0,0,0,0,32256,0,32256
967,967,detach,META_IDENTITY,meta_engine,147456,147456,147456,147456,147456,0,0,0,0,4718592,0,4718592
968,968,detach,META_IDENTITY,meta_engine,147456,147456,147456,147456,147456,0,0,0,0,4718592,0,4718592
969,969,to,META_IDENTITY,meta_engine,147456,147456,147456,147456,147456,0,0,0,0,4718592,0,4718592
970,970,to,META_IDENTITY,meta_engine,147456,147456,147456,147456,147456,0,0,0,0,4718592,0,4718592
971,971,detach,META_IDENTITY,meta_engine,147456,147456,147456,147456,147456,0,0,0,0,4718592,0,4718592
972,972,to,META_IDENTITY,meta_engine,147456,147456,147456,147456,147456,0,0,0,0,4718592,0,4718592
973,973,resolve_conj,META_IDENTITY,meta_engine,147456,147456,147456,147456,147456,0,0,0,0,4718592,0,4718592
974,974,resolve_neg,META_IDENTITY,meta_engine,147456,147456,147456,147456,147456,0,0,0,0,4718592,0,4718592
975,975,gelu,GELU,fp16_vector,4032,4032,4032,4032,4032,0,0,0,0,129024,0,129024
976,976,linear,GEMM_W8A8,pack2_gemm,4032,4032,4032,4032,4032,0,0,0,0,129024,0,129024
977,977,detach,META_IDENTITY,meta_engine,4032,4032,4032,4032,4032,0,0,0,0,129024,0,129024
978,978,to,META_IDENTITY,meta_engine,4032,4032,4032,4032,4032,0,0,0,0,129024,0,129024
979,979,to,META_IDENTITY,meta_engine,4032,4032,4032,4032,4032,0,0,0,0,129024,0,129024
980,980,detach,META_IDENTITY,meta_engine,4032,4032,4032,4032,4032,0,0,0,0,129024,0,129024
981,981,to,META_IDENTITY,meta_engine,4032,4032,4032,4032,4032,0,0,0,0,129024,0,129024
982,982,resolve_conj,META_IDENTITY,meta_engine,4032,4032,4032,4032,4032,0,0,0,0,129024,0,129024
983,983,resolve_neg,META_IDENTITY,meta_engine,4032,4032,4032,4032,4032,0,0,0,0,129024,0,129024
984,984,detach,META_IDENTITY,meta_engine,147456,147456,147456,147456,147456,0,0,0,0,4718592,0,4718592
985,985,detach,META_IDENTITY,meta_engine,147456,147456,147456,147456,147456,0,0,0,0,4718592,0,4718592
986,986,to,META_IDENTITY,meta_engine,147456,147456,147456,147456,147456,0,0,0,0,4718592,0,4718592
987,987,to,META_IDENTITY,meta_engine,147456,147456,147456,147456,147456,0,0,0,0,4718592,0,4718592
988,988,detach,META_IDENTITY,meta_engine,147456,147456,147456,147456,147456,0,0,0,0,4718592,0,4718592
989,989,to,META_IDENTITY,meta_engine,147456,147456,147456,147456,147456,0,0,0,0,4718592,0,4718592
990,990,resolve_conj,META_IDENTITY,meta_engine,147456,147456,147456,147456,147456,0,0,0,0,4718592,0,4718592
991,991,resolve_neg,META_IDENTITY,meta_engine,147456,147456,147456,147456,147456,0,0,0,0,4718592,0,4718592
992,992,dropout,META_IDENTITY,meta_engine,1008,1008,1008,1008,1008,0,0,0,0,32256,0,32256
993,993,add,ADD,fp16_vector,1008,1008,1008,1008,1008,0,0,0,0,32256,0,32256
994,994,layer_norm,LAYER_NORM,fp16_vector,1040,1040,1008,1008,1040,0,0,0,0,32256,0,32256
995,995,linear,GEMM_W8A8,pack2_gemm,19760,12544,6144,1008,19760,0,12386304,6193152,16,16128,589824,16128
996,996,detach,META_IDENTITY,meta_engine,1008,1008,1008,1008,1008,0,0,0,0,32256,0,32256
997,997,to,META_IDENTITY,meta_engine,1008,1008,1008,1008,1008,0,0,0,0,32256,0,32256
998,998,to,META_IDENTITY,meta_engine,1008,1008,1008,1008,1008,0,0,0,0,32256,0,32256
999,999,detach,META_IDENTITY,meta_engine,1008,1008,1008,1008,1008,0,0,0,0,32256,0,32256
1000,1000,to,META_IDENTITY,meta_engine,1008,1008,1008,1008,1008,0,0,0,0,32256,0,32256
1001,1001,resolve_conj,META_IDENTITY,meta_engine,1008,1008,1008,1008,1008,0,0,0,0,32256,0,32256
1002,1002,resolve_neg,META_IDENTITY,meta_engine,1008,1008,1008,1008,1008,0,0,0,0,32256,0,32256
1003,1003,detach,META_IDENTITY,meta_engine,36864,36864,36864,36864,36864,0,0,0,0,1179648,0,1179648
1004,1004,detach,META_IDENTITY,meta_engine,36864,36864,36864,36864,36864,0,0,0,0,1179648,0,1179648
1005,1005,to,META_IDENTITY,meta_engine,36864,36864,36864,36864,36864,0,0,0,0,1179648,0,1179648
1006,1006,to,META_IDENTITY,meta_engine,36864,36864,36864,36864,36864,0,0,0,0,1179648,0,1179648
1007,1007,detach,META_IDENTITY,meta_engine,36864,36864,36864,36864,36864,0,0,0,0,1179648,0,1179648
1008,1008,to,META_IDENTITY,meta_engine,36864,36864,36864,36864,36864,0,0,0,0,1179648,0,1179648
1009,1009,resolve_conj,META_IDENTITY,meta_engine,36864,36864,36864,36864,36864,0,0,0,0,1179648,0,1179648
1010,1010,resolve_neg,META_IDENTITY,meta_engine,36864,36864,36864,36864,36864,0,0,0,0,1179648,0,1179648
1011,1011,view,LAYOUT,layout_engine,1012,1012,1008,1008,1012,0,0,0,0,32256,0,32256
1012,1012,transpose,LAYOUT,layout_engine,1012,1012,1008,1008,1012,0,0,0,0,32256,0,32256
1013,1013,linear,GEMM_W8A8,pack2_gemm,19760,12544,6144,1008,19760,0,12386304,6193152,16,16128,589824,16128
1014,1014,detach,META_IDENTITY,meta_engine,1008,1008,1008,1008,1008,0,0,0,0,32256,0,32256
1015,1015,to,META_IDENTITY,meta_engine,1008,1008,1008,1008,1008,0,0,0,0,32256,0,32256
1016,1016,to,META_IDENTITY,meta_engine,1008,1008,1008,1008,1008,0,0,0,0,32256,0,32256
1017,1017,detach,META_IDENTITY,meta_engine,1008,1008,1008,1008,1008,0,0,0,0,32256,0,32256
1018,1018,to,META_IDENTITY,meta_engine,1008,1008,1008,1008,1008,0,0,0,0,32256,0,32256
1019,1019,resolve_conj,META_IDENTITY,meta_engine,1008,1008,1008,1008,1008,0,0,0,0,32256,0,32256
1020,1020,resolve_neg,META_IDENTITY,meta_engine,1008,1008,1008,1008,1008,0,0,0,0,32256,0,32256
1021,1021,detach,META_IDENTITY,meta_engine,36864,36864,36864,36864,36864,0,0,0,0,1179648,0,1179648
1022,1022,detach,META_IDENTITY,meta_engine,36864,36864,36864,36864,36864,0,0,0,0,1179648,0,1179648
1023,1023,to,META_IDENTITY,meta_engine,36864,36864,36864,36864,36864,0,0,0,0,1179648,0,1179648
1024,1024,to,META_IDENTITY,meta_engine,36864,36864,36864,36864,36864,0,0,0,0,1179648,0,1179648
1025,1025,detach,META_IDENTITY,meta_engine,36864,36864,36864,36864,36864,0,0,0,0,1179648,0,1179648
1026,1026,to,META_IDENTITY,meta_engine,36864,36864,36864,36864,36864,0,0,0,0,1179648,0,1179648
1027,1027,resolve_conj,META_IDENTITY,meta_engine,36864,36864,36864,36864,36864,0,0,0,0,1179648,0,1179648
1028,1028,resolve_neg,META_IDENTITY,meta_engine,36864,36864,36864,36864,36864,0,0,0,0,1179648,0,1179648
1029,1029,view,LAYOUT,layout_engine,1012,1012,1008,1008,1012,0,0,0,0,32256,0,32256
1030,1030,transpose,LAYOUT,layout_engine,1012,1012,1008,1008,1012,0,0,0,0,32256,0,32256
1031,1031,linear,GEMM_W8A8,pack2_gemm,19760,12544,6144,1008,19760,0,12386304,6193152,16,16128,589824,16128
1032,1032,detach,META_IDENTITY,meta_engine,1008,1008,1008,1008,1008,0,0,0,0,32256,0,32256
1033,1033,to,META_IDENTITY,meta_engine,1008,1008,1008,1008,1008,0,0,0,0,32256,0,32256
1034,1034,to,META_IDENTITY,meta_engine,1008,1008,1008,1008,1008,0,0,0,0,32256,0,32256
1035,1035,detach,META_IDENTITY,meta_engine,1008,1008,1008,1008,1008,0,0,0,0,32256,0,32256
1036,1036,to,META_IDENTITY,meta_engine,1008,1008,1008,1008,1008,0,0,0,0,32256,0,32256
1037,1037,resolve_conj,META_IDENTITY,meta_engine,1008,1008,1008,1008,1008,0,0,0,0,32256,0,32256
1038,1038,resolve_neg,META_IDENTITY,meta_engine,1008,1008,1008,1008,1008,0,0,0,0,32256,0,32256
1039,1039,detach,META_IDENTITY,meta_engine,36864,36864,36864,36864,36864,0,0,0,0,1179648,0,1179648
1040,1040,detach,META_IDENTITY,meta_engine,36864,36864,36864,36864,36864,0,0,0,0,1179648,0,1179648
1041,1041,to,META_IDENTITY,meta_engine,36864,36864,36864,36864,36864,0,0,0,0,1179648,0,1179648
1042,1042,to,META_IDENTITY,meta_engine,36864,36864,36864,36864,36864,0,0,0,0,1179648,0,1179648
1043,1043,detach,META_IDENTITY,meta_engine,36864,36864,36864,36864,36864,0,0,0,0,1179648,0,1179648
1044,1044,to,META_IDENTITY,meta_engine,36864,36864,36864,36864,36864,0,0,0,0,1179648,0,1179648
1045,1045,resolve_conj,META_IDENTITY,meta_engine,36864,36864,36864,36864,36864,0,0,0,0,1179648,0,1179648
1046,1046,resolve_neg,META_IDENTITY,meta_engine,36864,36864,36864,36864,36864,0,0,0,0,1179648,0,1179648
1047,1047,view,LAYOUT,layout_engine,1012,1012,1008,1008,1012,0,0,0,0,32256,0,32256
1048,1048,transpose,LAYOUT,layout_engine,1012,1012,1008,1008,1012,0,0,0,0,32256,0,32256
1049,1049,scaled_dot_product_attention,ATTENTION,attention_controller,1040,1040,1008,1008,1040,0,0,0,0,32256,0,32256
1050,1050,transpose,LAYOUT,layout_engine,1012,1012,1008,1008,1012,0,0,0,0,32256,0,32256
1051,1051,reshape,LAYOUT,layout_engine,1012,1012,1008,1008,1012,0,0,0,0,32256,0,32256
1052,1052,linear,GEMM_W8A8,pack2_gemm,19760,12544,6144,1008,19760,0,12386304,6193152,16,16128,589824,16128
1053,1053,detach,META_IDENTITY,meta_engine,1008,1008,1008,1008,1008,0,0,0,0,32256,0,32256
1054,1054,to,META_IDENTITY,meta_engine,1008,1008,1008,1008,1008,0,0,0,0,32256,0,32256
1055,1055,to,META_IDENTITY,meta_engine,1008,1008,1008,1008,1008,0,0,0,0,32256,0,32256
1056,1056,detach,META_IDENTITY,meta_engine,1008,1008,1008,1008,1008,0,0,0,0,32256,0,32256
1057,1057,to,META_IDENTITY,meta_engine,1008,1008,1008,1008,1008,0,0,0,0,32256,0,32256
1058,1058,resolve_conj,META_IDENTITY,meta_engine,1008,1008,1008,1008,1008,0,0,0,0,32256,0,32256
1059,1059,resolve_neg,META_IDENTITY,meta_engine,1008,1008,1008,1008,1008,0,0,0,0,32256,0,32256
1060,1060,detach,META_IDENTITY,meta_engine,36864,36864,36864,36864,36864,0,0,0,0,1179648,0,1179648
1061,1061,detach,META_IDENTITY,meta_engine,36864,36864,36864,36864,36864,0,0,0,0,1179648,0,1179648
1062,1062,to,META_IDENTITY,meta_engine,36864,36864,36864,36864,36864,0,0,0,0,1179648,0,1179648
1063,1063,to,META_IDENTITY,meta_engine,36864,36864,36864,36864,36864,0,0,0,0,1179648,0,1179648
1064,1064,detach,META_IDENTITY,meta_engine,36864,36864,36864,36864,36864,0,0,0,0,1179648,0,1179648
1065,1065,to,META_IDENTITY,meta_engine,36864,36864,36864,36864,36864,0,0,0,0,1179648,0,1179648
1066,1066,resolve_conj,META_IDENTITY,meta_engine,36864,36864,36864,36864,36864,0,0,0,0,1179648,0,1179648
1067,1067,resolve_neg,META_IDENTITY,meta_engine,36864,36864,36864,36864,36864,0,0,0,0,1179648,0,1179648
1068,1068,dropout,META_IDENTITY,meta_engine,1008,1008,1008,1008,1008,0,0,0,0,32256,0,32256
1069,1069,add,ADD,fp16_vector,1008,1008,1008,1008,1008,0,0,0,0,32256,0,32256
1070,1070,layer_norm,LAYER_NORM,fp16_vector,1040,1040,1008,1008,1040,0,0,0,0,32256,0,32256
1071,1071,linear,GEMM_W8A8,pack2_gemm,1008,1008,1008,1008,1008,0,0,0,0,32256,0,32256
1072,1072,detach,META_IDENTITY,meta_engine,1008,1008,1008,1008,1008,0,0,0,0,32256,0,32256
1073,1073,to,META_IDENTITY,meta_engine,1008,1008,1008,1008,1008,0,0,0,0,32256,0,32256
1074,1074,to,META_IDENTITY,meta_engine,1008,1008,1008,1008,1008,0,0,0,0,32256,0,32256
1075,1075,detach,META_IDENTITY,meta_engine,1008,1008,1008,1008,1008,0,0,0,0,32256,0,32256
1076,1076,to,META_IDENTITY,meta_engine,1008,1008,1008,1008,1008,0,0,0,0,32256,0,32256
1077,1077,resolve_conj,META_IDENTITY,meta_engine,1008,1008,1008,1008,1008,0,0,0,0,32256,0,32256
1078,1078,resolve_neg,META_IDENTITY,meta_engine,1008,1008,1008,1008,1008,0,0,0,0,32256,0,32256
1079,1079,detach,META_IDENTITY,meta_engine,147456,147456,147456,147456,147456,0,0,0,0,4718592,0,4718592
1080,1080,detach,META_IDENTITY,meta_engine,147456,147456,147456,147456,147456,0,0,0,0,4718592,0,4718592
1081,1081,to,META_IDENTITY,meta_engine,147456,147456,147456,147456,147456,0,0,0,0,4718592,0,4718592
1082,1082,to,META_IDENTITY,meta_engine,147456,147456,147456,147456,147456,0,0,0,0,4718592,0,4718592
1083,1083,detach,META_IDENTITY,meta_engine,147456,147456,147456,147456,147456,0,0,0,0,4718592,0,4718592
1084,1084,to,META_IDENTITY,meta_engine,147456,147456,147456,147456,147456,0,0,0,0,4718592,0,4718592
1085,1085,resolve_conj,META_IDENTITY,meta_engine,147456,147456,147456,147456,147456,0,0,0,0,4718592,0,4718592
1086,1086,resolve_neg,META_IDENTITY,meta_engine,147456,147456,147456,147456,147456,0,0,0,0,4718592,0,4718592
1087,1087,gelu,GELU,fp16_vector,4032,4032,4032,4032,4032,0,0,0,0,129024,0,129024
1088,1088,linear,GEMM_W8A8,pack2_gemm,4032,4032,4032,4032,4032,0,0,0,0,129024,0,129024
1089,1089,detach,META_IDENTITY,meta_engine,4032,4032,4032,4032,4032,0,0,0,0,129024,0,129024
1090,1090,to,META_IDENTITY,meta_engine,4032,4032,4032,4032,4032,0,0,0,0,129024,0,129024
1091,1091,to,META_IDENTITY,meta_engine,4032,4032,4032,4032,4032,0,0,0,0,129024,0,129024
1092,1092,detach,META_IDENTITY,meta_engine,4032,4032,4032,4032,4032,0,0,0,0,129024,0,129024
1093,1093,to,META_IDENTITY,meta_engine,4032,4032,4032,4032,4032,0,0,0,0,129024,0,129024
1094,1094,resolve_conj,META_IDENTITY,meta_engine,4032,4032,4032,4032,4032,0,0,0,0,129024,0,129024
1095,1095,resolve_neg,META_IDENTITY,meta_engine,4032,4032,4032,4032,4032,0,0,0,0,129024,0,129024
1096,1096,detach,META_IDENTITY,meta_engine,147456,147456,147456,147456,147456,0,0,0,0,4718592,0,4718592
1097,1097,detach,META_IDENTITY,meta_engine,147456,147456,147456,147456,147456,0,0,0,0,4718592,0,4718592
1098,1098,to,META_IDENTITY,meta_engine,147456,147456,147456,147456,147456,0,0,0,0,4718592,0,4718592
1099,1099,to,META_IDENTITY,meta_engine,147456,147456,147456,147456,147456,0,0,0,0,4718592,0,4718592
1100,1100,detach,META_IDENTITY,meta_engine,147456,147456,147456,147456,147456,0,0,0,0,4718592,0,4718592
1101,1101,to,META_IDENTITY,meta_engine,147456,147456,147456,147456,147456,0,0,0,0,4718592,0,4718592
1102,1102,resolve_conj,META_IDENTITY,meta_engine,147456,147456,147456,147456,147456,0,0,0,0,4718592,0,4718592
1103,1103,resolve_neg,META_IDENTITY,meta_engine,147456,147456,147456,147456,147456,0,0,0,0,4718592,0,4718592
1104,1104,dropout,META_IDENTITY,meta_engine,1008,1008,1008,1008,1008,0,0,0,0,32256,0,32256
1105,1105,add,ADD,fp16_vector,1008,1008,1008,1008,1008,0,0,0,0,32256,0,32256
1106,1106,layer_norm,LAYER_NORM,fp16_vector,1040,1040,1008,1008,1040,0,0,0,0,32256,0,32256
1107,1107,linear,GEMM_W8A8,pack2_gemm,19760,12544,6144,1008,19760,0,12386304,6193152,16,16128,589824,16128
1108,1108,detach,META_IDENTITY,meta_engine,1008,1008,1008,1008,1008,0,0,0,0,32256,0,32256
1109,1109,to,META_IDENTITY,meta_engine,1008,1008,1008,1008,1008,0,0,0,0,32256,0,32256
1110,1110,to,META_IDENTITY,meta_engine,1008,1008,1008,1008,1008,0,0,0,0,32256,0,32256
1111,1111,detach,META_IDENTITY,meta_engine,1008,1008,1008,1008,1008,0,0,0,0,32256,0,32256
1112,1112,to,META_IDENTITY,meta_engine,1008,1008,1008,1008,1008,0,0,0,0,32256,0,32256
1113,1113,resolve_conj,META_IDENTITY,meta_engine,1008,1008,1008,1008,1008,0,0,0,0,32256,0,32256
1114,1114,resolve_neg,META_IDENTITY,meta_engine,1008,1008,1008,1008,1008,0,0,0,0,32256,0,32256
1115,1115,detach,META_IDENTITY,meta_engine,36864,36864,36864,36864,36864,0,0,0,0,1179648,0,1179648
1116,1116,detach,META_IDENTITY,meta_engine,36864,36864,36864,36864,36864,0,0,0,0,1179648,0,1179648
1117,1117,to,META_IDENTITY,meta_engine,36864,36864,36864,36864,36864,0,0,0,0,1179648,0,1179648
1118,1118,to,META_IDENTITY,meta_engine,36864,36864,36864,36864,36864,0,0,0,0,1179648,0,1179648
1119,1119,detach,META_IDENTITY,meta_engine,36864,36864,36864,36864,36864,0,0,0,0,1179648,0,1179648
1120,1120,to,META_IDENTITY,meta_engine,36864,36864,36864,36864,36864,0,0,0,0,1179648,0,1179648
1121,1121,resolve_conj,META_IDENTITY,meta_engine,36864,36864,36864,36864,36864,0,0,0,0,1179648,0,1179648
1122,1122,resolve_neg,META_IDENTITY,meta_engine,36864,36864,36864,36864,36864,0,0,0,0,1179648,0,1179648
1123,1123,view,LAYOUT,layout_engine,1012,1012,1008,1008,1012,0,0,0,0,32256,0,32256
1124,1124,transpose,LAYOUT,layout_engine,1012,1012,1008,1008,1012,0,0,0,0,32256,0,32256
1125,1125,linear,GEMM_W8A8,pack2_gemm,19760,12544,6144,1008,19760,0,12386304,6193152,16,16128,589824,16128
1126,1126,detach,META_IDENTITY,meta_engine,1008,1008,1008,1008,1008,0,0,0,0,32256,0,32256
1127,1127,to,META_IDENTITY,meta_engine,1008,1008,1008,1008,1008,0,0,0,0,32256,0,32256
1128,1128,to,META_IDENTITY,meta_engine,1008,1008,1008,1008,1008,0,0,0,0,32256,0,32256
1129,1129,detach,META_IDENTITY,meta_engine,1008,1008,1008,1008,1008,0,0,0,0,32256,0,32256
1130,1130,to,META_IDENTITY,meta_engine,1008,1008,1008,1008,1008,0,0,0,0,32256,0,32256
1131,1131,resolve_conj,META_IDENTITY,meta_engine,1008,1008,1008,1008,1008,0,0,0,0,32256,0,32256
1132,1132,resolve_neg,META_IDENTITY,meta_engine,1008,1008,1008,1008,1008,0,0,0,0,32256,0,32256
1133,1133,detach,META_IDENTITY,meta_engine,36864,36864,36864,36864,36864,0,0,0,0,1179648,0,1179648
1134,1134,detach,META_IDENTITY,meta_engine,36864,36864,36864,36864,36864,0,0,0,0,1179648,0,1179648
1135,1135,to,META_IDENTITY,meta_engine,36864,36864,36864,36864,36864,0,0,0,0,1179648,0,1179648
1136,1136,to,META_IDENTITY,meta_engine,36864,36864,36864,36864,36864,0,0,0,0,1179648,0,1179648
1137,1137,detach,META_IDENTITY,meta_engine,36864,36864,36864,36864,36864,0,0,0,0,1179648,0,1179648
1138,1138,to,META_IDENTITY,meta_engine,36864,36864,36864,36864,36864,0,0,0,0,1179648,0,1179648
1139,1139,resolve_conj,META_IDENTITY,meta_engine,36864,36864,36864,36864,36864,0,0,0,0,1179648,0,1179648
1140,1140,resolve_neg,META_IDENTITY,meta_engine,36864,36864,36864,36864,36864,0,0,0,0,1179648,0,1179648
1141,1141,view,LAYOUT,layout_engine,1012,1012,1008,1008,1012,0,0,0,0,32256,0,32256
1142,1142,transpose,LAYOUT,layout_engine,1012,1012,1008,1008,1012,0,0,0,0,32256,0,32256
1143,1143,linear,GEMM_W8A8,pack2_gemm,19760,12544,6144,1008,19760,0,12386304,6193152,16,16128,589824,16128
1144,1144,detach,META_IDENTITY,meta_engine,1008,1008,1008,1008,1008,0,0,0,0,32256,0,32256
1145,1145,to,META_IDENTITY,meta_engine,1008,1008,1008,1008,1008,0,0,0,0,32256,0,32256
1146,1146,to,META_IDENTITY,meta_engine,1008,1008,1008,1008,1008,0,0,0,0,32256,0,32256
1147,1147,detach,META_IDENTITY,meta_engine,1008,1008,1008,1008,1008,0,0,0,0,32256,0,32256
1148,1148,to,META_IDENTITY,meta_engine,1008,1008,1008,1008,1008,0,0,0,0,32256,0,32256
1149,1149,resolve_conj,META_IDENTITY,meta_engine,1008,1008,1008,1008,1008,0,0,0,0,32256,0,32256
1150,1150,resolve_neg,META_IDENTITY,meta_engine,1008,1008,1008,1008,1008,0,0,0,0,32256,0,32256
1151,1151,detach,META_IDENTITY,meta_engine,36864,36864,36864,36864,36864,0,0,0,0,1179648,0,1179648
1152,1152,detach,META_IDENTITY,meta_engine,36864,36864,36864,36864,36864,0,0,0,0,1179648,0,1179648
1153,1153,to,META_IDENTITY,meta_engine,36864,36864,36864,36864,36864,0,0,0,0,1179648,0,1179648
1154,1154,to,META_IDENTITY,meta_engine,36864,36864,36864,36864,36864,0,0,0,0,1179648,0,1179648
1155,1155,detach,META_IDENTITY,meta_engine,36864,36864,36864,36864,36864,0,0,0,0,1179648,0,1179648
1156,1156,to,META_IDENTITY,meta_engine,36864,36864,36864,36864,36864,0,0,0,0,1179648,0,1179648
1157,1157,resolve_conj,META_IDENTITY,meta_engine,36864,36864,36864,36864,36864,0,0,0,0,1179648,0,1179648
1158,1158,resolve_neg,META_IDENTITY,meta_engine,36864,36864,36864,36864,36864,0,0,0,0,1179648,0,1179648
1159,1159,view,LAYOUT,layout_engine,1012,1012,1008,1008,1012,0,0,0,0,32256,0,32256
1160,1160,transpose,LAYOUT,layout_engine,1012,1012,1008,1008,1012,0,0,0,0,32256,0,32256
1161,1161,scaled_dot_product_attention,ATTENTION,attention_controller,1040,1040,1008,1008,1040,0,0,0,0,32256,0,32256
1162,1162,transpose,LAYOUT,layout_engine,1012,1012,1008,1008,1012,0,0,0,0,32256,0,32256
1163,1163,reshape,LAYOUT,layout_engine,1012,1012,1008,1008,1012,0,0,0,0,32256,0,32256
1164,1164,linear,GEMM_W8A8,pack2_gemm,19760,12544,6144,1008,19760,0,12386304,6193152,16,16128,589824,16128
1165,1165,detach,META_IDENTITY,meta_engine,1008,1008,1008,1008,1008,0,0,0,0,32256,0,32256
1166,1166,to,META_IDENTITY,meta_engine,1008,1008,1008,1008,1008,0,0,0,0,32256,0,32256
1167,1167,to,META_IDENTITY,meta_engine,1008,1008,1008,1008,1008,0,0,0,0,32256,0,32256
1168,1168,detach,META_IDENTITY,meta_engine,1008,1008,1008,1008,1008,0,0,0,0,32256,0,32256
1169,1169,to,META_IDENTITY,meta_engine,1008,1008,1008,1008,1008,0,0,0,0,32256,0,32256
1170,1170,resolve_conj,META_IDENTITY,meta_engine,1008,1008,1008,1008,1008,0,0,0,0,32256,0,32256
1171,1171,resolve_neg,META_IDENTITY,meta_engine,1008,1008,1008,1008,1008,0,0,0,0,32256,0,32256
1172,1172,detach,META_IDENTITY,meta_engine,36864,36864,36864,36864,36864,0,0,0,0,1179648,0,1179648
1173,1173,detach,META_IDENTITY,meta_engine,36864,36864,36864,36864,36864,0,0,0,0,1179648,0,1179648
1174,1174,to,META_IDENTITY,meta_engine,36864,36864,36864,36864,36864,0,0,0,0,1179648,0,1179648
1175,1175,to,META_IDENTITY,meta_engine,36864,36864,36864,36864,36864,0,0,0,0,1179648,0,1179648
1176,1176,detach,META_IDENTITY,meta_engine,36864,36864,36864,36864,36864,0,0,0,0,1179648,0,1179648
1177,1177,to,META_IDENTITY,meta_engine,36864,36864,36864,36864,36864,0,0,0,0,1179648,0,1179648
1178,1178,resolve_conj,META_IDENTITY,meta_engine,36864,36864,36864,36864,36864,0,0,0,0,1179648,0,1179648
1179,1179,resolve_neg,META_IDENTITY,meta_engine,36864,36864,36864,36864,36864,0,0,0,0,1179648,0,1179648
1180,1180,dropout,META_IDENTITY,meta_engine,1008,1008,1008,1008,1008,0,0,0,0,32256,0,32256
1181,1181,add,ADD,fp16_vector,1008,1008,1008,1008,1008,0,0,0,0,32256,0,32256
1182,1182,layer_norm,LAYER_NORM,fp16_vector,1040,1040,1008,1008,1040,0,0,0,0,32256,0,32256
1183,1183,linear,GEMM_W8A8,pack2_gemm,1008,1008,1008,1008,1008,0,0,0,0,32256,0,32256
1184,1184,detach,META_IDENTITY,meta_engine,1008,1008,1008,1008,1008,0,0,0,0,32256,0,32256
1185,1185,to,META_IDENTITY,meta_engine,1008,1008,1008,1008,1008,0,0,0,0,32256,0,32256
1186,1186,to,META_IDENTITY,meta_engine,1008,1008,1008,1008,1008,0,0,0,0,32256,0,32256
1187,1187,detach,META_IDENTITY,meta_engine,1008,1008,1008,1008,1008,0,0,0,0,32256,0,32256
1188,1188,to,META_IDENTITY,meta_engine,1008,1008,1008,1008,1008,0,0,0,0,32256,0,32256
1189,1189,resolve_conj,META_IDENTITY,meta_engine,1008,1008,1008,1008,1008,0,0,0,0,32256,0,32256
1190,1190,resolve_neg,META_IDENTITY,meta_engine,1008,1008,1008,1008,1008,0,0,0,0,32256,0,32256
1191,1191,detach,META_IDENTITY,meta_engine,147456,147456,147456,147456,147456,0,0,0,0,4718592,0,4718592
1192,1192,detach,META_IDENTITY,meta_engine,147456,147456,147456,147456,147456,0,0,0,0,4718592,0,4718592
1193,1193,to,META_IDENTITY,meta_engine,147456,147456,147456,147456,147456,0,0,0,0,4718592,0,4718592
1194,1194,to,META_IDENTITY,meta_engine,147456,147456,147456,147456,147456,0,0,0,0,4718592,0,4718592
1195,1195,detach,META_IDENTITY,meta_engine,147456,147456,147456,147456,147456,0,0,0,0,4718592,0,4718592
1196,1196,to,META_IDENTITY,meta_engine,147456,147456,147456,147456,147456,0,0,0,0,4718592,0,4718592
1197,1197,resolve_conj,META_IDENTITY,meta_engine,147456,147456,147456,147456,147456,0,0,0,0,4718592,0,4718592
1198,1198,resolve_neg,META_IDENTITY,meta_engine,147456,147456,147456,147456,147456,0,0,0,0,4718592,0,4718592
1199,1199,gelu,GELU,fp16_vector,4032,4032,4032,4032,4032,0,0,0,0,129024,0,129024
1200,1200,linear,GEMM_W8A8,pack2_gemm,4032,4032,4032,4032,4032,0,0,0,0,129024,0,129024
1201,1201,detach,META_IDENTITY,meta_engine,4032,4032,4032,4032,4032,0,0,0,0,129024,0,129024
1202,1202,to,META_IDENTITY,meta_engine,4032,4032,4032,4032,4032,0,0,0,0,129024,0,129024
1203,1203,to,META_IDENTITY,meta_engine,4032,4032,4032,4032,4032,0,0,0,0,129024,0,129024
1204,1204,detach,META_IDENTITY,meta_engine,4032,4032,4032,4032,4032,0,0,0,0,129024,0,129024
1205,1205,to,META_IDENTITY,meta_engine,4032,4032,4032,4032,4032,0,0,0,0,129024,0,129024
1206,1206,resolve_conj,META_IDENTITY,meta_engine,4032,4032,4032,4032,4032,0,0,0,0,129024,0,129024
1207,1207,resolve_neg,META_IDENTITY,meta_engine,4032,4032,4032,4032,4032,0,0,0,0,129024,0,129024
1208,1208,detach,META_IDENTITY,meta_engine,147456,147456,147456,147456,147456,0,0,0,0,4718592,0,4718592
1209,1209,detach,META_IDENTITY,meta_engine,147456,147456,147456,147456,147456,0,0,0,0,4718592,0,4718592
1210,1210,to,META_IDENTITY,meta_engine,147456,147456,147456,147456,147456,0,0,0,0,4718592,0,4718592
1211,1211,to,META_IDENTITY,meta_engine,147456,147456,147456,147456,147456,0,0,0,0,4718592,0,4718592
1212,1212,detach,META_IDENTITY,meta_engine,147456,147456,147456,147456,147456,0,0,0,0,4718592,0,4718592
1213,1213,to,META_IDENTITY,meta_engine,147456,147456,147456,147456,147456,0,0,0,0,4718592,0,4718592
1214,1214,resolve_conj,META_IDENTITY,meta_engine,147456,147456,147456,147456,147456,0,0,0,0,4718592,0,4718592
1215,1215,resolve_neg,META_IDENTITY,meta_engine,147456,147456,147456,147456,147456,0,0,0,0,4718592,0,4718592
1216,1216,dropout,META_IDENTITY,meta_engine,1008,1008,1008,1008,1008,0,0,0,0,32256,0,32256
1217,1217,add,ADD,fp16_vector,1008,1008,1008,1008,1008,0,0,0,0,32256,0,32256
1218,1218,layer_norm,LAYER_NORM,fp16_vector,1040,1040,1008,1008,1040,0,0,0,0,32256,0,32256
1219,1219,linear,GEMM_W8A8,pack2_gemm,19760,12544,6144,1008,19760,0,12386304,6193152,16,16128,589824,16128
1220,1220,detach,META_IDENTITY,meta_engine,1008,1008,1008,1008,1008,0,0,0,0,32256,0,32256
1221,1221,to,META_IDENTITY,meta_engine,1008,1008,1008,1008,1008,0,0,0,0,32256,0,32256
1222,1222,to,META_IDENTITY,meta_engine,1008,1008,1008,1008,1008,0,0,0,0,32256,0,32256
1223,1223,detach,META_IDENTITY,meta_engine,1008,1008,1008,1008,1008,0,0,0,0,32256,0,32256
1224,1224,to,META_IDENTITY,meta_engine,1008,1008,1008,1008,1008,0,0,0,0,32256,0,32256
1225,1225,resolve_conj,META_IDENTITY,meta_engine,1008,1008,1008,1008,1008,0,0,0,0,32256,0,32256
1226,1226,resolve_neg,META_IDENTITY,meta_engine,1008,1008,1008,1008,1008,0,0,0,0,32256,0,32256
1227,1227,detach,META_IDENTITY,meta_engine,36864,36864,36864,36864,36864,0,0,0,0,1179648,0,1179648
1228,1228,detach,META_IDENTITY,meta_engine,36864,36864,36864,36864,36864,0,0,0,0,1179648,0,1179648
1229,1229,to,META_IDENTITY,meta_engine,36864,36864,36864,36864,36864,0,0,0,0,1179648,0,1179648
1230,1230,to,META_IDENTITY,meta_engine,36864,36864,36864,36864,36864,0,0,0,0,1179648,0,1179648
1231,1231,detach,META_IDENTITY,meta_engine,36864,36864,36864,36864,36864,0,0,0,0,1179648,0,1179648
1232,1232,to,META_IDENTITY,meta_engine,36864,36864,36864,36864,36864,0,0,0,0,1179648,0,1179648
1233,1233,resolve_conj,META_IDENTITY,meta_engine,36864,36864,36864,36864,36864,0,0,0,0,1179648,0,1179648
1234,1234,resolve_neg,META_IDENTITY,meta_engine,36864,36864,36864,36864,36864,0,0,0,0,1179648,0,1179648
1235,1235,view,LAYOUT,layout_engine,1012,1012,1008,1008,1012,0,0,0,0,32256,0,32256
1236,1236,transpose,LAYOUT,layout_engine,1012,1012,1008,1008,1012,0,0,0,0,32256,0,32256
1237,1237,linear,GEMM_W8A8,pack2_gemm,19760,12544,6144,1008,19760,0,12386304,6193152,16,16128,589824,16128
1238,1238,detach,META_IDENTITY,meta_engine,1008,1008,1008,1008,1008,0,0,0,0,32256,0,32256
1239,1239,to,META_IDENTITY,meta_engine,1008,1008,1008,1008,1008,0,0,0,0,32256,0,32256
1240,1240,to,META_IDENTITY,meta_engine,1008,1008,1008,1008,1008,0,0,0,0,32256,0,32256
1241,1241,detach,META_IDENTITY,meta_engine,1008,1008,1008,1008,1008,0,0,0,0,32256,0,32256
1242,1242,to,META_IDENTITY,meta_engine,1008,1008,1008,1008,1008,0,0,0,0,32256,0,32256
1243,1243,resolve_conj,META_IDENTITY,meta_engine,1008,1008,1008,1008,1008,0,0,0,0,32256,0,32256
1244,1244,resolve_neg,META_IDENTITY,meta_engine,1008,1008,1008,1008,1008,0,0,0,0,32256,0,32256
1245,1245,detach,META_IDENTITY,meta_engine,36864,36864,36864,36864,36864,0,0,0,0,1179648,0,1179648
1246,1246,detach,META_IDENTITY,meta_engine,36864,36864,36864,36864,36864,0,0,0,0,1179648,0,1179648
1247,1247,to,META_IDENTITY,meta_engine,36864,36864,36864,36864,36864,0,0,0,0,1179648,0,1179648
1248,1248,to,META_IDENTITY,meta_engine,36864,36864,36864,36864,36864,0,0,0,0,1179648,0,1179648
1249,1249,detach,META_IDENTITY,meta_engine,36864,36864,36864,36864,36864,0,0,0,0,1179648,0,1179648
1250,1250,to,META_IDENTITY,meta_engine,36864,36864,36864,36864,36864,0,0,0,0,1179648,0,1179648
1251,1251,resolve_conj,META_IDENTITY,meta_engine,36864,36864,36864,36864,36864,0,0,0,0,1179648,0,1179648
1252,1252,resolve_neg,META_IDENTITY,meta_engine,36864,36864,36864,36864,36864,0,0,0,0,1179648,0,1179648
1253,1253,view,LAYOUT,layout_engine,1012,1012,1008,1008,1012,0,0,0,0,32256,0,32256
1254,1254,transpose,LAYOUT,layout_engine,1012,1012,1008,1008,1012,0,0,0,0,32256,0,32256
1255,1255,linear,GEMM_W8A8,pack2_gemm,19760,12544,6144,1008,19760,0,12386304,6193152,16,16128,589824,16128
1256,1256,detach,META_IDENTITY,meta_engine,1008,1008,1008,1008,1008,0,0,0,0,32256,0,32256
1257,1257,to,META_IDENTITY,meta_engine,1008,1008,1008,1008,1008,0,0,0,0,32256,0,32256
1258,1258,to,META_IDENTITY,meta_engine,1008,1008,1008,1008,1008,0,0,0,0,32256,0,32256
1259,1259,detach,META_IDENTITY,meta_engine,1008,1008,1008,1008,1008,0,0,0,0,32256,0,32256
1260,1260,to,META_IDENTITY,meta_engine,1008,1008,1008,1008,1008,0,0,0,0,32256,0,32256
1261,1261,resolve_conj,META_IDENTITY,meta_engine,1008,1008,1008,1008,1008,0,0,0,0,32256,0,32256
1262,1262,resolve_neg,META_IDENTITY,meta_engine,1008,1008,1008,1008,1008,0,0,0,0,32256,0,32256
1263,1263,detach,META_IDENTITY,meta_engine,36864,36864,36864,36864,36864,0,0,0,0,1179648,0,1179648
1264,1264,detach,META_IDENTITY,meta_engine,36864,36864,36864,36864,36864,0,0,0,0,1179648,0,1179648
1265,1265,to,META_IDENTITY,meta_engine,36864,36864,36864,36864,36864,0,0,0,0,1179648,0,1179648
1266,1266,to,META_IDENTITY,meta_engine,36864,36864,36864,36864,36864,0,0,0,0,1179648,0,1179648
1267,1267,detach,META_IDENTITY,meta_engine,36864,36864,36864,36864,36864,0,0,0,0,1179648,0,1179648
1268,1268,to,META_IDENTITY,meta_engine,36864,36864,36864,36864,36864,0,0,0,0,1179648,0,1179648
1269,1269,resolve_conj,META_IDENTITY,meta_engine,36864,36864,36864,36864,36864,0,0,0,0,1179648,0,1179648
1270,1270,resolve_neg,META_IDENTITY,meta_engine,36864,36864,36864,36864,36864,0,0,0,0,1179648,0,1179648
1271,1271,view,LAYOUT,layout_engine,1012,1012,1008,1008,1012,0,0,0,0,32256,0,32256
1272,1272,transpose,LAYOUT,layout_engine,1012,1012,1008,1008,1012,0,0,0,0,32256,0,32256
1273,1273,scaled_dot_product_attention,ATTENTION,attention_controller,1040,1040,1008,1008,1040,0,0,0,0,32256,0,32256
1274,1274,transpose,LAYOUT,layout_engine,1012,1012,1008,1008,1012,0,0,0,0,32256,0,32256
1275,1275,reshape,LAYOUT,layout_engine,1012,1012,1008,1008,1012,0,0,0,0,32256,0,32256
1276,1276,linear,GEMM_W8A8,pack2_gemm,19760,12544,6144,1008,19760,0,12386304,6193152,16,16128,589824,16128
1277,1277,detach,META_IDENTITY,meta_engine,1008,1008,1008,1008,1008,0,0,0,0,32256,0,32256
1278,1278,to,META_IDENTITY,meta_engine,1008,1008,1008,1008,1008,0,0,0,0,32256,0,32256
1279,1279,to,META_IDENTITY,meta_engine,1008,1008,1008,1008,1008,0,0,0,0,32256,0,32256
1280,1280,detach,META_IDENTITY,meta_engine,1008,1008,1008,1008,1008,0,0,0,0,32256,0,32256
1281,1281,to,META_IDENTITY,meta_engine,1008,1008,1008,1008,1008,0,0,0,0,32256,0,32256
1282,1282,resolve_conj,META_IDENTITY,meta_engine,1008,1008,1008,1008,1008,0,0,0,0,32256,0,32256
1283,1283,resolve_neg,META_IDENTITY,meta_engine,1008,1008,1008,1008,1008,0,0,0,0,32256,0,32256
1284,1284,detach,META_IDENTITY,meta_engine,36864,36864,36864,36864,36864,0,0,0,0,1179648,0,1179648
1285,1285,detach,META_IDENTITY,meta_engine,36864,36864,36864,36864,36864,0,0,0,0,1179648,0,1179648
1286,1286,to,META_IDENTITY,meta_engine,36864,36864,36864,36864,36864,0,0,0,0,1179648,0,1179648
1287,1287,to,META_IDENTITY,meta_engine,36864,36864,36864,36864,36864,0,0,0,0,1179648,0,1179648
1288,1288,detach,META_IDENTITY,meta_engine,36864,36864,36864,36864,36864,0,0,0,0,1179648,0,1179648
1289,1289,to,META_IDENTITY,meta_engine,36864,36864,36864,36864,36864,0,0,0,0,1179648,0,1179648
1290,1290,resolve_conj,META_IDENTITY,meta_engine,36864,36864,36864,36864,36864,0,0,0,0,1179648,0,1179648
1291,1291,resolve_neg,META_IDENTITY,meta_engine,36864,36864,36864,36864,36864,0,0,0,0,1179648,0,1179648
1292,1292,dropout,META_IDENTITY,meta_engine,1008,1008,1008,1008,1008,0,0,0,0,32256,0,32256
1293,1293,add,ADD,fp16_vector,1008,1008,1008,1008,1008,0,0,0,0,32256,0,32256
1294,1294,layer_norm,LAYER_NORM,fp16_vector,1040,1040,1008,1008,1040,0,0,0,0,32256,0,32256
1295,1295,linear,GEMM_W8A8,pack2_gemm,1008,1008,1008,1008,1008,0,0,0,0,32256,0,32256
1296,1296,detach,META_IDENTITY,meta_engine,1008,1008,1008,1008,1008,0,0,0,0,32256,0,32256
1297,1297,to,META_IDENTITY,meta_engine,1008,1008,1008,1008,1008,0,0,0,0,32256,0,32256
1298,1298,to,META_IDENTITY,meta_engine,1008,1008,1008,1008,1008,0,0,0,0,32256,0,32256
1299,1299,detach,META_IDENTITY,meta_engine,1008,1008,1008,1008,1008,0,0,0,0,32256,0,32256
1300,1300,to,META_IDENTITY,meta_engine,1008,1008,1008,1008,1008,0,0,0,0,32256,0,32256
1301,1301,resolve_conj,META_IDENTITY,meta_engine,1008,1008,1008,1008,1008,0,0,0,0,32256,0,32256
1302,1302,resolve_neg,META_IDENTITY,meta_engine,1008,1008,1008,1008,1008,0,0,0,0,32256,0,32256
1303,1303,detach,META_IDENTITY,meta_engine,147456,147456,147456,147456,147456,0,0,0,0,4718592,0,4718592
1304,1304,detach,META_IDENTITY,meta_engine,147456,147456,147456,147456,147456,0,0,0,0,4718592,0,4718592
1305,1305,to,META_IDENTITY,meta_engine,147456,147456,147456,147456,147456,0,0,0,0,4718592,0,4718592
1306,1306,to,META_IDENTITY,meta_engine,147456,147456,147456,147456,147456,0,0,0,0,4718592,0,4718592
1307,1307,detach,META_IDENTITY,meta_engine,147456,147456,147456,147456,147456,0,0,0,0,4718592,0,4718592
1308,1308,to,META_IDENTITY,meta_engine,147456,147456,147456,147456,147456,0,0,0,0,4718592,0,4718592
1309,1309,resolve_conj,META_IDENTITY,meta_engine,147456,147456,147456,147456,147456,0,0,0,0,4718592,0,4718592
1310,1310,resolve_neg,META_IDENTITY,meta_engine,147456,147456,147456,147456,147456,0,0,0,0,4718592,0,4718592
1311,1311,gelu,GELU,fp16_vector,4032,4032,4032,4032,4032,0,0,0,0,129024,0,129024
1312,1312,linear,GEMM_W8A8,pack2_gemm,4032,4032,4032,4032,4032,0,0,0,0,129024,0,129024
1313,1313,detach,META_IDENTITY,meta_engine,4032,4032,4032,4032,4032,0,0,0,0,129024,0,129024
1314,1314,to,META_IDENTITY,meta_engine,4032,4032,4032,4032,4032,0,0,0,0,129024,0,129024
1315,1315,to,META_IDENTITY,meta_engine,4032,4032,4032,4032,4032,0,0,0,0,129024,0,129024
1316,1316,detach,META_IDENTITY,meta_engine,4032,4032,4032,4032,4032,0,0,0,0,129024,0,129024
1317,1317,to,META_IDENTITY,meta_engine,4032,4032,4032,4032,4032,0,0,0,0,129024,0,129024
1318,1318,resolve_conj,META_IDENTITY,meta_engine,4032,4032,4032,4032,4032,0,0,0,0,129024,0,129024
1319,1319,resolve_neg,META_IDENTITY,meta_engine,4032,4032,4032,4032,4032,0,0,0,0,129024,0,129024
1320,1320,detach,META_IDENTITY,meta_engine,147456,147456,147456,147456,147456,0,0,0,0,4718592,0,4718592
1321,1321,detach,META_IDENTITY,meta_engine,147456,147456,147456,147456,147456,0,0,0,0,4718592,0,4718592
1322,1322,to,META_IDENTITY,meta_engine,147456,147456,147456,147456,147456,0,0,0,0,4718592,0,4718592
1323,1323,to,META_IDENTITY,meta_engine,147456,147456,147456,147456,147456,0,0,0,0,4718592,0,4718592
1324,1324,detach,META_IDENTITY,meta_engine,147456,147456,147456,147456,147456,0,0,0,0,4718592,0,4718592
1325,1325,to,META_IDENTITY,meta_engine,147456,147456,147456,147456,147456,0,0,0,0,4718592,0,4718592
1326,1326,resolve_conj,META_IDENTITY,meta_engine,147456,147456,147456,147456,147456,0,0,0,0,4718592,0,4718592
1327,1327,resolve_neg,META_IDENTITY,meta_engine,147456,147456,147456,147456,147456,0,0,0,0,4718592,0,4718592
1328,1328,dropout,META_IDENTITY,meta_engine,1008,1008,1008,1008,1008,0,0,0,0,32256,0,32256
1329,1329,add,ADD,fp16_vector,1008,1008,1008,1008,1008,0,0,0,0,32256,0,32256
1330,1330,layer_norm,LAYER_NORM,fp16_vector,1040,1040,1008,1008,1040,0,0,0,0,32256,0,32256
1331,1331,linear,GEMM_W8A8,pack2_gemm,19760,12544,6144,1008,19760,0,12386304,6193152,16,16128,589824,16128
1332,1332,detach,META_IDENTITY,meta_engine,1008,1008,1008,1008,1008,0,0,0,0,32256,0,32256
1333,1333,to,META_IDENTITY,meta_engine,1008,1008,1008,1008,1008,0,0,0,0,32256,0,32256
1334,1334,to,META_IDENTITY,meta_engine,1008,1008,1008,1008,1008,0,0,0,0,32256,0,32256
1335,1335,detach,META_IDENTITY,meta_engine,1008,1008,1008,1008,1008,0,0,0,0,32256,0,32256
1336,1336,to,META_IDENTITY,meta_engine,1008,1008,1008,1008,1008,0,0,0,0,32256,0,32256
1337,1337,resolve_conj,META_IDENTITY,meta_engine,1008,1008,1008,1008,1008,0,0,0,0,32256,0,32256
1338,1338,resolve_neg,META_IDENTITY,meta_engine,1008,1008,1008,1008,1008,0,0,0,0,32256,0,32256
1339,1339,detach,META_IDENTITY,meta_engine,36864,36864,36864,36864,36864,0,0,0,0,1179648,0,1179648
1340,1340,detach,META_IDENTITY,meta_engine,36864,36864,36864,36864,36864,0,0,0,0,1179648,0,1179648
1341,1341,to,META_IDENTITY,meta_engine,36864,36864,36864,36864,36864,0,0,0,0,1179648,0,1179648
1342,1342,to,META_IDENTITY,meta_engine,36864,36864,36864,36864,36864,0,0,0,0,1179648,0,1179648
1343,1343,detach,META_IDENTITY,meta_engine,36864,36864,36864,36864,36864,0,0,0,0,1179648,0,1179648
1344,1344,to,META_IDENTITY,meta_engine,36864,36864,36864,36864,36864,0,0,0,0,1179648,0,1179648
1345,1345,resolve_conj,META_IDENTITY,meta_engine,36864,36864,36864,36864,36864,0,0,0,0,1179648,0,1179648
1346,1346,resolve_neg,META_IDENTITY,meta_engine,36864,36864,36864,36864,36864,0,0,0,0,1179648,0,1179648
1347,1347,view,LAYOUT,layout_engine,1012,1012,1008,1008,1012,0,0,0,0,32256,0,32256
1348,1348,transpose,LAYOUT,layout_engine,1012,1012,1008,1008,1012,0,0,0,0,32256,0,32256
1349,1349,linear,GEMM_W8A8,pack2_gemm,19760,12544,6144,1008,19760,0,12386304,6193152,16,16128,589824,16128
1350,1350,detach,META_IDENTITY,meta_engine,1008,1008,1008,1008,1008,0,0,0,0,32256,0,32256
1351,1351,to,META_IDENTITY,meta_engine,1008,1008,1008,1008,1008,0,0,0,0,32256,0,32256
1352,1352,to,META_IDENTITY,meta_engine,1008,1008,1008,1008,1008,0,0,0,0,32256,0,32256
1353,1353,detach,META_IDENTITY,meta_engine,1008,1008,1008,1008,1008,0,0,0,0,32256,0,32256
1354,1354,to,META_IDENTITY,meta_engine,1008,1008,1008,1008,1008,0,0,0,0,32256,0,32256
1355,1355,resolve_conj,META_IDENTITY,meta_engine,1008,1008,1008,1008,1008,0,0,0,0,32256,0,32256
1356,1356,resolve_neg,META_IDENTITY,meta_engine,1008,1008,1008,1008,1008,0,0,0,0,32256,0,32256
1357,1357,detach,META_IDENTITY,meta_engine,36864,36864,36864,36864,36864,0,0,0,0,1179648,0,1179648
1358,1358,detach,META_IDENTITY,meta_engine,36864,36864,36864,36864,36864,0,0,0,0,1179648,0,1179648
1359,1359,to,META_IDENTITY,meta_engine,36864,36864,36864,36864,36864,0,0,0,0,1179648,0,1179648
1360,1360,to,META_IDENTITY,meta_engine,36864,36864,36864,36864,36864,0,0,0,0,1179648,0,1179648
1361,1361,detach,META_IDENTITY,meta_engine,36864,36864,36864,36864,36864,0,0,0,0,1179648,0,1179648
1362,1362,to,META_IDENTITY,meta_engine,36864,36864,36864,36864,36864,0,0,0,0,1179648,0,1179648
1363,1363,resolve_conj,META_IDENTITY,meta_engine,36864,36864,36864,36864,36864,0,0,0,0,1179648,0,1179648
1364,1364,resolve_neg,META_IDENTITY,meta_engine,36864,36864,36864,36864,36864,0,0,0,0,1179648,0,1179648
1365,1365,view,LAYOUT,layout_engine,1012,1012,1008,1008,1012,0,0,0,0,32256,0,32256
1366,1366,transpose,LAYOUT,layout_engine,1012,1012,1008,1008,1012,0,0,0,0,32256,0,32256
1367,1367,linear,GEMM_W8A8,pack2_gemm,19760,12544,6144,1008,19760,0,12386304,6193152,16,16128,589824,16128
1368,1368,detach,META_IDENTITY,meta_engine,1008,1008,1008,1008,1008,0,0,0,0,32256,0,32256
1369,1369,to,META_IDENTITY,meta_engine,1008,1008,1008,1008,1008,0,0,0,0,32256,0,32256
1370,1370,to,META_IDENTITY,meta_engine,1008,1008,1008,1008,1008,0,0,0,0,32256,0,32256
1371,1371,detach,META_IDENTITY,meta_engine,1008,1008,1008,1008,1008,0,0,0,0,32256,0,32256
1372,1372,to,META_IDENTITY,meta_engine,1008,1008,1008,1008,1008,0,0,0,0,32256,0,32256
1373,1373,resolve_conj,META_IDENTITY,meta_engine,1008,1008,1008,1008,1008,0,0,0,0,32256,0,32256
1374,1374,resolve_neg,META_IDENTITY,meta_engine,1008,1008,1008,1008,1008,0,0,0,0,32256,0,32256
1375,1375,detach,META_IDENTITY,meta_engine,36864,36864,36864,36864,36864,0,0,0,0,1179648,0,1179648
1376,1376,detach,META_IDENTITY,meta_engine,36864,36864,36864,36864,36864,0,0,0,0,1179648,0,1179648
1377,1377,to,META_IDENTITY,meta_engine,36864,36864,36864,36864,36864,0,0,0,0,1179648,0,1179648
1378,1378,to,META_IDENTITY,meta_engine,36864,36864,36864,36864,36864,0,0,0,0,1179648,0,1179648
1379,1379,detach,META_IDENTITY,meta_engine,36864,36864,36864,36864,36864,0,0,0,0,1179648,0,1179648
1380,1380,to,META_IDENTITY,meta_engine,36864,36864,36864,36864,36864,0,0,0,0,1179648,0,1179648
1381,1381,resolve_conj,META_IDENTITY,meta_engine,36864,36864,36864,36864,36864,0,0,0,0,1179648,0,1179648
1382,1382,resolve_neg,META_IDENTITY,meta_engine,36864,36864,36864,36864,36864,0,0,0,0,1179648,0,1179648
1383,1383,view,LAYOUT,layout_engine,1012,1012,1008,1008,1012,0,0,0,0,32256,0,32256
1384,1384,transpose,LAYOUT,layout_engine,1012,1012,1008,1008,1012,0,0,0,0,32256,0,32256
1385,1385,scaled_dot_product_attention,ATTENTION,attention_controller,1040,1040,1008,1008,1040,0,0,0,0,32256,0,32256
1386,1386,transpose,LAYOUT,layout_engine,1012,1012,1008,1008,1012,0,0,0,0,32256,0,32256
1387,1387,reshape,LAYOUT,layout_engine,1012,1012,1008,1008,1012,0,0,0,0,32256,0,32256
1388,1388,linear,GEMM_W8A8,pack2_gemm,19760,12544,6144,1008,19760,0,12386304,6193152,16,16128,589824,16128
1389,1389,detach,META_IDENTITY,meta_engine,1008,1008,1008,1008,1008,0,0,0,0,32256,0,32256
1390,1390,to,META_IDENTITY,meta_engine,1008,1008,1008,1008,1008,0,0,0,0,32256,0,32256
1391,1391,to,META_IDENTITY,meta_engine,1008,1008,1008,1008,1008,0,0,0,0,32256,0,32256
1392,1392,detach,META_IDENTITY,meta_engine,1008,1008,1008,1008,1008,0,0,0,0,32256,0,32256
1393,1393,to,META_IDENTITY,meta_engine,1008,1008,1008,1008,1008,0,0,0,0,32256,0,32256
1394,1394,resolve_conj,META_IDENTITY,meta_engine,1008,1008,1008,1008,1008,0,0,0,0,32256,0,32256
1395,1395,resolve_neg,META_IDENTITY,meta_engine,1008,1008,1008,1008,1008,0,0,0,0,32256,0,32256
1396,1396,detach,META_IDENTITY,meta_engine,36864,36864,36864,36864,36864,0,0,0,0,1179648,0,1179648
1397,1397,detach,META_IDENTITY,meta_engine,36864,36864,36864,36864,36864,0,0,0,0,1179648,0,1179648
1398,1398,to,META_IDENTITY,meta_engine,36864,36864,36864,36864,36864,0,0,0,0,1179648,0,1179648
1399,1399,to,META_IDENTITY,meta_engine,36864,36864,36864,36864,36864,0,0,0,0,1179648,0,1179648
1400,1400,detach,META_IDENTITY,meta_engine,36864,36864,36864,36864,36864,0,0,0,0,1179648,0,1179648
1401,1401,to,META_IDENTITY,meta_engine,36864,36864,36864,36864,36864,0,0,0,0,1179648,0,1179648
1402,1402,resolve_conj,META_IDENTITY,meta_engine,36864,36864,36864,36864,36864,0,0,0,0,1179648,0,1179648
1403,1403,resolve_neg,META_IDENTITY,meta_engine,36864,36864,36864,36864,36864,0,0,0,0,1179648,0,1179648
1404,1404,dropout,META_IDENTITY,meta_engine,1008,1008,1008,1008,1008,0,0,0,0,32256,0,32256
1405,1405,add,ADD,fp16_vector,1008,1008,1008,1008,1008,0,0,0,0,32256,0,32256
1406,1406,layer_norm,LAYER_NORM,fp16_vector,1040,1040,1008,1008,1040,0,0,0,0,32256,0,32256
1407,1407,linear,GEMM_W8A8,pack2_gemm,1008,1008,1008,1008,1008,0,0,0,0,32256,0,32256
1408,1408,detach,META_IDENTITY,meta_engine,1008,1008,1008,1008,1008,0,0,0,0,32256,0,32256
1409,1409,to,META_IDENTITY,meta_engine,1008,1008,1008,1008,1008,0,0,0,0,32256,0,32256
1410,1410,to,META_IDENTITY,meta_engine,1008,1008,1008,1008,1008,0,0,0,0,32256,0,32256
1411,1411,detach,META_IDENTITY,meta_engine,1008,1008,1008,1008,1008,0,0,0,0,32256,0,32256
1412,1412,to,META_IDENTITY,meta_engine,1008,1008,1008,1008,1008,0,0,0,0,32256,0,32256
1413,1413,resolve_conj,META_IDENTITY,meta_engine,1008,1008,1008,1008,1008,0,0,0,0,32256,0,32256
1414,1414,resolve_neg,META_IDENTITY,meta_engine,1008,1008,1008,1008,1008,0,0,0,0,32256,0,32256
1415,1415,detach,META_IDENTITY,meta_engine,147456,147456,147456,147456,147456,0,0,0,0,4718592,0,4718592
1416,1416,detach,META_IDENTITY,meta_engine,147456,147456,147456,147456,147456,0,0,0,0,4718592,0,4718592
1417,1417,to,META_IDENTITY,meta_engine,147456,147456,147456,147456,147456,0,0,0,0,4718592,0,4718592
1418,1418,to,META_IDENTITY,meta_engine,147456,147456,147456,147456,147456,0,0,0,0,4718592,0,4718592
1419,1419,detach,META_IDENTITY,meta_engine,147456,147456,147456,147456,147456,0,0,0,0,4718592,0,4718592
1420,1420,to,META_IDENTITY,meta_engine,147456,147456,147456,147456,147456,0,0,0,0,4718592,0,4718592
1421,1421,resolve_conj,META_IDENTITY,meta_engine,147456,147456,147456,147456,147456,0,0,0,0,4718592,0,4718592
1422,1422,resolve_neg,META_IDENTITY,meta_engine,147456,147456,147456,147456,147456,0,0,0,0,4718592,0,4718592
1423,1423,gelu,GELU,fp16_vector,4032,4032,4032,4032,4032,0,0,0,0,129024,0,129024
1424,1424,linear,GEMM_W8A8,pack2_gemm,4032,4032,4032,4032,4032,0,0,0,0,129024,0,129024
1425,1425,detach,META_IDENTITY,meta_engine,4032,4032,4032,4032,4032,0,0,0,0,129024,0,129024
1426,1426,to,META_IDENTITY,meta_engine,4032,4032,4032,4032,4032,0,0,0,0,129024,0,129024
1427,1427,to,META_IDENTITY,meta_engine,4032,4032,4032,4032,4032,0,0,0,0,129024,0,129024
1428,1428,detach,META_IDENTITY,meta_engine,4032,4032,4032,4032,4032,0,0,0,0,129024,0,129024
1429,1429,to,META_IDENTITY,meta_engine,4032,4032,4032,4032,4032,0,0,0,0,129024,0,129024
1430,1430,resolve_conj,META_IDENTITY,meta_engine,4032,4032,4032,4032,4032,0,0,0,0,129024,0,129024
1431,1431,resolve_neg,META_IDENTITY,meta_engine,4032,4032,4032,4032,4032,0,0,0,0,129024,0,129024
1432,1432,detach,META_IDENTITY,meta_engine,147456,147456,147456,147456,147456,0,0,0,0,4718592,0,4718592
1433,1433,detach,META_IDENTITY,meta_engine,147456,147456,147456,147456,147456,0,0,0,0,4718592,0,4718592
1434,1434,to,META_IDENTITY,meta_engine,147456,147456,147456,147456,147456,0,0,0,0,4718592,0,4718592
1435,1435,to,META_IDENTITY,meta_engine,147456,147456,147456,147456,147456,0,0,0,0,4718592,0,4718592
1436,1436,detach,META_IDENTITY,meta_engine,147456,147456,147456,147456,147456,0,0,0,0,4718592,0,4718592
1437,1437,to,META_IDENTITY,meta_engine,147456,147456,147456,147456,147456,0,0,0,0,4718592,0,4718592
1438,1438,resolve_conj,META_IDENTITY,meta_engine,147456,147456,147456,147456,147456,0,0,0,0,4718592,0,4718592
1439,1439,resolve_neg,META_IDENTITY,meta_engine,147456,147456,147456,147456,147456,0,0,0,0,4718592,0,4718592
1440,1440,dropout,META_IDENTITY,meta_engine,1008,1008,1008,1008,1008,0,0,0,0,32256,0,32256
1441,1441,add,ADD,fp16_vector,1008,1008,1008,1008,1008,0,0,0,0,32256,0,32256
1442,1442,layer_norm,LAYER_NORM,fp16_vector,1040,1040,1008,1008,1040,0,0,0,0,32256,0,32256
1443,1443,slice,LAYOUT,layout_engine,1012,1012,1008,1008,1012,0,0,0,0,32256,0,32256
1444,1444,select,LAYOUT,layout_engine,1012,1012,1008,1008,1012,0,0,0,0,32256,0,32256
1445,1445,linear,GEMM_W8A8,pack2_gemm,12496,6272,6144,48,12496,0,589824,294912,8,768,589824,768
1446,1446,detach,META_IDENTITY,meta_engine,48,48,48,48,48,0,0,0,0,1536,0,1536
1447,1447,to,META_IDENTITY,meta_engine,48,48,48,48,48,0,0,0,0,1536,0,1536
1448,1448,to,META_IDENTITY,meta_engine,48,48,48,48,48,0,0,0,0,1536,0,1536
1449,1449,detach,META_IDENTITY,meta_engine,48,48,48,48,48,0,0,0,0,1536,0,1536
1450,1450,to,META_IDENTITY,meta_engine,48,48,48,48,48,0,0,0,0,1536,0,1536
1451,1451,resolve_conj,META_IDENTITY,meta_engine,48,48,48,48,48,0,0,0,0,1536,0,1536
1452,1452,resolve_neg,META_IDENTITY,meta_engine,48,48,48,48,48,0,0,0,0,1536,0,1536
1453,1453,detach,META_IDENTITY,meta_engine,36864,36864,36864,36864,36864,0,0,0,0,1179648,0,1179648
1454,1454,detach,META_IDENTITY,meta_engine,36864,36864,36864,36864,36864,0,0,0,0,1179648,0,1179648
1455,1455,to,META_IDENTITY,meta_engine,36864,36864,36864,36864,36864,0,0,0,0,1179648,0,1179648
1456,1456,to,META_IDENTITY,meta_engine,36864,36864,36864,36864,36864,0,0,0,0,1179648,0,1179648
1457,1457,detach,META_IDENTITY,meta_engine,36864,36864,36864,36864,36864,0,0,0,0,1179648,0,1179648
1458,1458,to,META_IDENTITY,meta_engine,36864,36864,36864,36864,36864,0,0,0,0,1179648,0,1179648
1459,1459,resolve_conj,META_IDENTITY,meta_engine,36864,36864,36864,36864,36864,0,0,0,0,1179648,0,1179648
1460,1460,resolve_neg,META_IDENTITY,meta_engine,36864,36864,36864,36864,36864,0,0,0,0,1179648,0,1179648
1461,1461,tanh,TANH,fp16_vector,48,48,48,48,48,0,0,0,0,1536,0,1536
1462,1462,to,META_IDENTITY,meta_engine,2,2,2,2,2,0,0,0,0,42,0,42
1463,1463,new_zeros,META_IDENTITY,meta_engine,1008,1008,1008,1008,1008,0,0,0,0,32256,0,32256
1464,1464,lift_fresh,META_IDENTITY,meta_engine,2,2,1,1,2,0,0,0,0,2,0,2
1465,1465,view,LAYOUT,layout_engine,1012,1012,1008,1008,1012,0,0,0,0,32256,0,32256
1466,1466,index_put_,LAYOUT,layout_engine,1012,1012,1008,1008,1012,0,0,0,0,32256,0,32256
1467,1467,lift_fresh,META_IDENTITY,meta_engine,2,2,1,1,2,0,0,0,0,2,0,2
1468,1468,view,LAYOUT,layout_engine,6,6,2,2,6,0,0,0,0,42,0,42
1469,1469,index_put_,LAYOUT,layout_engine,6,6,2,2,6,0,0,0,0,42,0,42
1470,1470,lift_fresh,META_IDENTITY,meta_engine,2,2,1,1,2,0,0,0,0,2,0,2
1471,1471,view,LAYOUT,layout_engine,32,32,28,28,32,0,0,0,0,882,0,882
1472,1472,index_put_,LAYOUT,layout_engine,32,32,28,28,32,0,0,0,0,882,0,882
1473,1473,to,META_IDENTITY,meta_engine,1008,1008,1008,1008,1008,0,0,0,0,32256,0,32256
1474,1474,linear,GEMM_W8A8,pack2_gemm,1008,1008,1008,1008,1008,0,0,0,0,32256,0,32256
1475,1475,detach,META_IDENTITY,meta_engine,1008,1008,1008,1008,1008,0,0,0,0,32256,0,32256
1476,1476,to,META_IDENTITY,meta_engine,1008,1008,1008,1008,1008,0,0,0,0,32256,0,32256
1477,1477,to,META_IDENTITY,meta_engine,1008,1008,1008,1008,1008,0,0,0,0,32256,0,32256
1478,1478,detach,META_IDENTITY,meta_engine,1008,1008,1008,1008,1008,0,0,0,0,32256,0,32256
1479,1479,to,META_IDENTITY,meta_engine,1008,1008,1008,1008,1008,0,0,0,0,32256,0,32256
1480,1480,resolve_conj,META_IDENTITY,meta_engine,1008,1008,1008,1008,1008,0,0,0,0,32256,0,32256
1481,1481,resolve_neg,META_IDENTITY,meta_engine,1008,1008,1008,1008,1008,0,0,0,0,32256,0,32256
1482,1482,detach,META_IDENTITY,meta_engine,12288,12288,12288,12288,12288,0,0,0,0,393216,0,393216
1483,1483,detach,META_IDENTITY,meta_engine,12288,12288,12288,12288,12288,0,0,0,0,393216,0,393216
1484,1484,to,META_IDENTITY,meta_engine,12288,12288,12288,12288,12288,0,0,0,0,393216,0,393216
1485,1485,to,META_IDENTITY,meta_engine,12288,12288,12288,12288,12288,0,0,0,0,393216,0,393216
1486,1486,detach,META_IDENTITY,meta_engine,12288,12288,12288,12288,12288,0,0,0,0,393216,0,393216
1487,1487,to,META_IDENTITY,meta_engine,12288,12288,12288,12288,12288,0,0,0,0,393216,0,393216
1488,1488,resolve_conj,META_IDENTITY,meta_engine,12288,12288,12288,12288,12288,0,0,0,0,393216,0,393216
1489,1489,resolve_neg,META_IDENTITY,meta_engine,12288,12288,12288,12288,12288,0,0,0,0,393216,0,393216
1490,1490,bitwise_not,MASK,mask_engine,6,6,2,2,6,0,0,0,0,42,0,42
1491,1491,slice,LAYOUT,layout_engine,24580,24580,24576,24576,24580,0,0,0,0,786432,0,786432
1492,1492,select,LAYOUT,layout_engine,24580,24580,24576,24576,24580,0,0,0,0,786432,0,786432
1493,1493,lift_fresh,META_IDENTITY,meta_engine,2,2,1,1,2,0,0,0,0,2,0,2
1494,1494,detach_,META_IDENTITY,meta_engine,2,2,1,1,2,0,0,0,0,2,0,2
1495,1495,to,META_IDENTITY,meta_engine,12288,12288,12288,12288,12288,0,0,0,0,393216,0,393216
1496,1496,to,META_IDENTITY,meta_engine,12288,12288,12288,12288,12288,0,0,0,0,393216,0,393216
1497,1497,to,META_IDENTITY,meta_engine,48,48,48,48,48,0,0,0,0,1536,0,1536
1498,1498,to,META_IDENTITY,meta_engine,36864,36864,36864,36864,36864,0,0,0,0,1179648,0,1179648
1499,1499,to,META_IDENTITY,meta_engine,12288,12288,12288,12288,12288,0,0,0,0,393216,0,393216
1500,1500,conv2d,CONV_IM2COL,conv_im2col,147456,147456,12288,12288,147456,0,0,0,0,393216,0,393216
1501,1501,flatten,LAYOUT,layout_engine,12292,12292,12288,12288,12292,0,0,0,0,393216,0,393216
1502,1502,transpose,LAYOUT,layout_engine,12292,12292,12288,12288,12292,0,0,0,0,393216,0,393216
1503,1503,expand,LAYOUT,layout_engine,52,52,48,48,52,0,0,0,0,1536,0,1536
1504,1504,expand,LAYOUT,layout_engine,196,196,192,192,196,0,0,0,0,6144,0,6144
1505,1505,cat,LAYOUT,layout_engine,52,52,48,48,52,0,0,0,0,1536,0,1536
1506,1506,arange,FILL,memory_engine,5,5,1,1,5,0,0,0,0,2,0,2
1507,1507,arange,FILL,memory_engine,5,5,1,1,5,0,0,0,0,2,0,2
1508,1508,div,DIV,fp16_vector,2,2,1,1,2,0,0,0,0,32,0,32
1509,1509,div,DIV,fp16_vector,2,2,1,1,2,0,0,0,0,32,0,32
1510,1510,meshgrid,FILL,memory_engine,5,5,1,1,5,0,0,0,0,32,0,32
1511,1511,stack,LAYOUT,layout_engine,20,20,16,16,20,0,0,0,0,512,0,512
1512,1512,flatten,LAYOUT,layout_engine,36,36,32,32,36,0,0,0,0,1024,0,1024
1513,1513,mul,MUL,fp16_vector,32,32,32,32,32,0,0,0,0,1024,0,1024
1514,1514,sub,ADD,fp16_vector,32,32,32,32,32,0,0,0,0,1024,0,1024
1515,1515,slice,LAYOUT,layout_engine,36,36,32,32,36,0,0,0,0,1024,0,1024
1516,1516,slice,LAYOUT,layout_engine,36,36,32,32,36,0,0,0,0,1024,0,1024
1517,1517,unsqueeze,LAYOUT,layout_engine,36,36,32,32,36,0,0,0,0,1024,0,1024
1518,1518,mul,MUL,fp16_vector,32,32,32,32,32,0,0,0,0,1024,0,1024
1519,1519,unsqueeze,LAYOUT,layout_engine,5,5,1,1,5,0,0,0,0,32,0,32
1520,1520,unsqueeze,LAYOUT,layout_engine,5,5,1,1,5,0,0,0,0,32,0,32
1521,1521,slice,LAYOUT,layout_engine,5,5,1,1,5,0,0,0,0,32,0,32
1522,1522,mul,MUL,fp16_vector,32,32,32,32,32,0,0,0,0,1024,0,1024
1523,1523,flatten,LAYOUT,layout_engine,516,516,512,512,516,0,0,0,0,16384,0,16384
1524,1524,tile,LAYOUT,layout_engine,516,516,512,512,516,0,0,0,0,16384,0,16384
1525,1525,cos,POSENC,embedding_posenc,1028,1028,1024,1024,1028,0,0,0,0,32768,0,32768
1526,1526,sin,POSENC,embedding_posenc,1028,1028,1024,1024,1028,0,0,0,0,32768,0,32768
1527,1527,to,META_IDENTITY,meta_engine,1024,1024,1024,1024,1024,0,0,0,0,32768,0,32768
1528,1528,to,META_IDENTITY,meta_engine,1024,1024,1024,1024,1024,0,0,0,0,32768,0,32768
1529,1529,layer_norm,LAYER_NORM,fp16_vector,12560,12560,12528,12528,12560,0,0,0,0,400896,0,400896
1530,1530,to,META_IDENTITY,meta_engine,48,48,48,48,48,0,0,0,0,1536,0,1536
1531,1531,to,META_IDENTITY,meta_engine,36864,36864,36864,36864,36864,0,0,0,0,1179648,0,1179648
1532,1532,to,META_IDENTITY,meta_engine,12528,12528,12528,12528,12528,0,0,0,0,400896,0,400896
1533,1533,linear,GEMM_W8A8,pack2_gemm,132752,106624,13056,12528,132752,0,153944064,76972032,136,200448,589824,200448
1534,1534,detach,META_IDENTITY,meta_engine,12528,12528,12528,12528,12528,0,0,0,0,400896,0,400896
1535,1535,to,META_IDENTITY,meta_engine,12528,12528,12528,12528,12528,0,0,0,0,400896,0,400896
1536,1536,to,META_IDENTITY,meta_engine,12528,12528,12528,12528,12528,0,0,0,0,400896,0,400896
1537,1537,detach,META_IDENTITY,meta_engine,12528,12528,12528,12528,12528,0,0,0,0,400896,0,400896
1538,1538,to,META_IDENTITY,meta_engine,12528,12528,12528,12528,12528,0,0,0,0,400896,0,400896
1539,1539,resolve_conj,META_IDENTITY,meta_engine,12528,12528,12528,12528,12528,0,0,0,0,400896,0,400896
1540,1540,resolve_neg,META_IDENTITY,meta_engine,12528,12528,12528,12528,12528,0,0,0,0,400896,0,400896
1541,1541,detach,META_IDENTITY,meta_engine,36864,36864,36864,36864,36864,0,0,0,0,1179648,0,1179648
1542,1542,detach,META_IDENTITY,meta_engine,36864,36864,36864,36864,36864,0,0,0,0,1179648,0,1179648
1543,1543,to,META_IDENTITY,meta_engine,36864,36864,36864,36864,36864,0,0,0,0,1179648,0,1179648
1544,1544,to,META_IDENTITY,meta_engine,36864,36864,36864,36864,36864,0,0,0,0,1179648,0,1179648
1545,1545,detach,META_IDENTITY,meta_engine,36864,36864,36864,36864,36864,0,0,0,0,1179648,0,1179648
1546,1546,to,META_IDENTITY,meta_engine,36864,36864,36864,36864,36864,0,0,0,0,1179648,0,1179648
1547,1547,resolve_conj,META_IDENTITY,meta_engine,36864,36864,36864,36864,36864,0,0,0,0,1179648,0,1179648
1548,1548,resolve_neg,META_IDENTITY,meta_engine,36864,36864,36864,36864,36864,0,0,0,0,1179648,0,1179648
1549,1549,to,META_IDENTITY,meta_engine,36864,36864,36864,36864,36864,0,0,0,0,1179648,0,1179648
1550,1550,to,META_IDENTITY,meta_engine,12528,12528,12528,12528,12528,0,0,0,0,400896,0,400896
1551,1551,linear,GEMM_W8A8,pack2_gemm,132752,106624,13056,12528,132752,0,153944064,76972032,136,200448,589824,200448
1552,1552,detach,META_IDENTITY,meta_engine,12528,12528,12528,12528,12528,0,0,0,0,400896,0,400896
1553,1553,to,META_IDENTITY,meta_engine,12528,12528,12528,12528,12528,0,0,0,0,400896,0,400896
1554,1554,to,META_IDENTITY,meta_engine,12528,12528,12528,12528,12528,0,0,0,0,400896,0,400896
1555,1555,detach,META_IDENTITY,meta_engine,12528,12528,12528,12528,12528,0,0,0,0,400896,0,400896
1556,1556,to,META_IDENTITY,meta_engine,12528,12528,12528,12528,12528,0,0,0,0,400896,0,400896
1557,1557,resolve_conj,META_IDENTITY,meta_engine,12528,12528,12528,12528,12528,0,0,0,0,400896,0,400896
1558,1558,resolve_neg,META_IDENTITY,meta_engine,12528,12528,12528,12528,12528,0,0,0,0,400896,0,400896
1559,1559,detach,META_IDENTITY,meta_engine,36864,36864,36864,36864,36864,0,0,0,0,1179648,0,1179648
1560,1560,detach,META_IDENTITY,meta_engine,36864,36864,36864,36864,36864,0,0,0,0,1179648,0,1179648
1561,1561,to,META_IDENTITY,meta_engine,36864,36864,36864,36864,36864,0,0,0,0,1179648,0,1179648
1562,1562,to,META_IDENTITY,meta_engine,36864,36864,36864,36864,36864,0,0,0,0,1179648,0,1179648
1563,1563,detach,META_IDENTITY,meta_engine,36864,36864,36864,36864,36864,0,0,0,0,1179648,0,1179648
1564,1564,to,META_IDENTITY,meta_engine,36864,36864,36864,36864,36864,0,0,0,0,1179648,0,1179648
1565,1565,resolve_conj,META_IDENTITY,meta_engine,36864,36864,36864,36864,36864,0,0,0,0,1179648,0,1179648
1566,1566,resolve_neg,META_IDENTITY,meta_engine,36864,36864,36864,36864,36864,0,0,0,0,1179648,0,1179648
1567,1567,to,META_IDENTITY,meta_engine,48,48,48,48,48,0,0,0,0,1536,0,1536
1568,1568,to,META_IDENTITY,meta_engine,36864,36864,36864,36864,36864,0,0,0,0,1179648,0,1179648
1569,1569,to,META_IDENTITY,meta_engine,12528,12528,12528,12528,12528,0,0,0,0,400896,0,400896
1570,1570,linear,GEMM_W8A8,pack2_gemm,132752,106624,13056,12528,132752,0,153944064,76972032,136,200448,589824,200448
1571,1571,detach,META_IDENTITY,meta_engine,12528,12528,12528,12528,12528,0,0,0,0,400896,0,400896
1572,1572,to,META_IDENTITY,meta_engine,12528,12528,12528,12528,12528,0,0,0,0,400896,0,400896
1573,1573,to,META_IDENTITY,meta_engine,12528,12528,12528,12528,12528,0,0,0,0,400896,0,400896
1574,1574,detach,META_IDENTITY,meta_engine,12528,12528,12528,12528,12528,0,0,0,0,400896,0,400896
1575,1575,to,META_IDENTITY,meta_engine,12528,12528,12528,12528,12528,0,0,0,0,400896,0,400896
1576,1576,resolve_conj,META_IDENTITY,meta_engine,12528,12528,12528,12528,12528,0,0,0,0,400896,0,400896
1577,1577,resolve_neg,META_IDENTITY,meta_engine,12528,12528,12528,12528,12528,0,0,0,0,400896,0,400896
1578,1578,detach,META_IDENTITY,meta_engine,36864,36864,36864,36864,36864,0,0,0,0,1179648,0,1179648
1579,1579,detach,META_IDENTITY,meta_engine,36864,36864,36864,36864,36864,0,0,0,0,1179648,0,1179648
1580,1580,to,META_IDENTITY,meta_engine,36864,36864,36864,36864,36864,0,0,0,0,1179648,0,1179648
1581,1581,to,META_IDENTITY,meta_engine,36864,36864,36864,36864,36864,0,0,0,0,1179648,0,1179648
1582,1582,detach,META_IDENTITY,meta_engine,36864,36864,36864,36864,36864,0,0,0,0,1179648,0,1179648
1583,1583,to,META_IDENTITY,meta_engine,36864,36864,36864,36864,36864,0,0,0,0,1179648,0,1179648
1584,1584,resolve_conj,META_IDENTITY,meta_engine,36864,36864,36864,36864,36864,0,0,0,0,1179648,0,1179648
1585,1585,resolve_neg,META_IDENTITY,meta_engine,36864,36864,36864,36864,36864,0,0,0,0,1179648,0,1179648
1586,1586,view,LAYOUT,layout_engine,12532,12532,12528,12528,12532,0,0,0,0,400896,0,400896
1587,1587,transpose,LAYOUT,layout_engine,12532,12532,12528,12528,12532,0,0,0,0,400896,0,400896
1588,1588,view,LAYOUT,layout_engine,12532,12532,12528,12528,12532,0,0,0,0,400896,0,400896
1589,1589,transpose,LAYOUT,layout_engine,12532,12532,12528,12528,12532,0,0,0,0,400896,0,400896
1590,1590,view,LAYOUT,layout_engine,12532,12532,12528,12528,12532,0,0,0,0,400896,0,400896
1591,1591,transpose,LAYOUT,layout_engine,12532,12532,12528,12528,12532,0,0,0,0,400896,0,400896
1592,1592,split_with_sizes,META_IDENTITY,meta_engine,12528,12528,12528,12528,12528,0,0,0,0,400896,0,400896
1593,1593,split_with_sizes,META_IDENTITY,meta_engine,12528,12528,12528,12528,12528,0,0,0,0,400896,0,400896
1594,1594,mul,MUL,fp16_vector,12288,12288,12288,12288,12288,0,0,0,0,393216,0,393216
1595,1595,slice,LAYOUT,layout_engine,12292,12292,12288,12288,12292,0,0,0,0,393216,0,393216
1596,1596,slice,LAYOUT,layout_engine,12292,12292,12288,12288,12292,0,0,0,0,393216,0,393216
1597,1597,neg,META_IDENTITY,meta_engine,6144,6144,6144,6144,6144,0,0,0,0,196608,0,196608
1598,1598,cat,LAYOUT,layout_engine,6148,6148,6144,6144,6148,0,0,0,0,196608,0,196608
1599,1599,mul,MUL,fp16_vector,12288,12288,12288,12288,12288,0,0,0,0,393216,0,393216
1600,1600,add,ADD,fp16_vector,12288,12288,12288,12288,12288,0,0,0,0,393216,0,393216
1601,1601,mul,MUL,fp16_vector,12288,12288,12288,12288,12288,0,0,0,0,393216,0,393216
1602,1602,slice,LAYOUT,layout_engine,12292,12292,12288,12288,12292,0,0,0,0,393216,0,393216
1603,1603,slice,LAYOUT,layout_engine,12292,12292,12288,12288,12292,0,0,0,0,393216,0,393216
1604,1604,neg,META_IDENTITY,meta_engine,6144,6144,6144,6144,6144,0,0,0,0,196608,0,196608
1605,1605,cat,LAYOUT,layout_engine,6148,6148,6144,6144,6148,0,0,0,0,196608,0,196608
1606,1606,mul,MUL,fp16_vector,12288,12288,12288,12288,12288,0,0,0,0,393216,0,393216
1607,1607,add,ADD,fp16_vector,12288,12288,12288,12288,12288,0,0,0,0,393216,0,393216
1608,1608,cat,LAYOUT,layout_engine,244,244,240,240,244,0,0,0,0,7680,0,7680
1609,1609,cat,LAYOUT,layout_engine,244,244,240,240,244,0,0,0,0,7680,0,7680
1610,1610,to,META_IDENTITY,meta_engine,12528,12528,12528,12528,12528,0,0,0,0,400896,0,400896
1611,1611,to,META_IDENTITY,meta_engine,12528,12528,12528,12528,12528,0,0,0,0,400896,0,400896
1612,1612,scaled_dot_product_attention,ATTENTION,attention_controller,12560,12560,12528,12528,12560,0,0,0,0,400896,0,400896
1613,1613,transpose,LAYOUT,layout_engine,12532,12532,12528,12528,12532,0,0,0,0,400896,0,400896
1614,1614,contiguous,LAYOUT,layout_engine,12532,12532,12528,12528,12532,0,0,0,0,400896,0,400896
1615,1615,reshape,LAYOUT,layout_engine,12532,12532,12528,12528,12532,0,0,0,0,400896,0,400896
1616,1616,to,META_IDENTITY,meta_engine,48,48,48,48,48,0,0,0,0,1536,0,1536
1617,1617,to,META_IDENTITY,meta_engine,36864,36864,36864,36864,36864,0,0,0,0,1179648,0,1179648
1618,1618,linear,GEMM_W8A8,pack2_gemm,132752,106624,13056,12528,132752,0,153944064,76972032,136,200448,589824,200448
1619,1619,detach,META_IDENTITY,meta_engine,12528,12528,12528,12528,12528,0,0,0,0,400896,0,400896
1620,1620,to,META_IDENTITY,meta_engine,12528,12528,12528,12528,12528,0,0,0,0,400896,0,400896
1621,1621,to,META_IDENTITY,meta_engine,12528,12528,12528,12528,12528,0,0,0,0,400896,0,400896
1622,1622,detach,META_IDENTITY,meta_engine,12528,12528,12528,12528,12528,0,0,0,0,400896,0,400896
1623,1623,to,META_IDENTITY,meta_engine,12528,12528,12528,12528,12528,0,0,0,0,400896,0,400896
1624,1624,resolve_conj,META_IDENTITY,meta_engine,12528,12528,12528,12528,12528,0,0,0,0,400896,0,400896
1625,1625,resolve_neg,META_IDENTITY,meta_engine,12528,12528,12528,12528,12528,0,0,0,0,400896,0,400896
1626,1626,detach,META_IDENTITY,meta_engine,36864,36864,36864,36864,36864,0,0,0,0,1179648,0,1179648
1627,1627,detach,META_IDENTITY,meta_engine,36864,36864,36864,36864,36864,0,0,0,0,1179648,0,1179648
1628,1628,to,META_IDENTITY,meta_engine,36864,36864,36864,36864,36864,0,0,0,0,1179648,0,1179648
1629,1629,to,META_IDENTITY,meta_engine,36864,36864,36864,36864,36864,0,0,0,0,1179648,0,1179648
1630,1630,detach,META_IDENTITY,meta_engine,36864,36864,36864,36864,36864,0,0,0,0,1179648,0,1179648
1631,1631,to,META_IDENTITY,meta_engine,36864,36864,36864,36864,36864,0,0,0,0,1179648,0,1179648
1632,1632,resolve_conj,META_IDENTITY,meta_engine,36864,36864,36864,36864,36864,0,0,0,0,1179648,0,1179648
1633,1633,resolve_neg,META_IDENTITY,meta_engine,36864,36864,36864,36864,36864,0,0,0,0,1179648,0,1179648
1634,1634,mul,MUL,fp16_vector,12528,12528,12528,12528,12528,0,0,0,0,400896,0,400896
1635,1635,add,ADD,fp16_vector,12528,12528,12528,12528,12528,0,0,0,0,400896,0,400896
1636,1636,layer_norm,LAYER_NORM,fp16_vector,12560,12560,12528,12528,12560,0,0,0,0,400896,0,400896
1637,1637,to,META_IDENTITY,meta_engine,192,192,192,192,192,0,0,0,0,6144,0,6144
1638,1638,to,META_IDENTITY,meta_engine,147456,147456,147456,147456,147456,0,0,0,0,4718592,0,4718592
1639,1639,to,META_IDENTITY,meta_engine,12528,12528,12528,12528,12528,0,0,0,0,400896,0,400896
1640,1640,linear,GEMM_W8A8,pack2_gemm,12528,12528,12528,12528,12528,0,0,0,0,400896,0,400896
1641,1641,detach,META_IDENTITY,meta_engine,12528,12528,12528,12528,12528,0,0,0,0,400896,0,400896
1642,1642,to,META_IDENTITY,meta_engine,12528,12528,12528,12528,12528,0,0,0,0,400896,0,400896
1643,1643,to,META_IDENTITY,meta_engine,12528,12528,12528,12528,12528,0,0,0,0,400896,0,400896
1644,1644,detach,META_IDENTITY,meta_engine,12528,12528,12528,12528,12528,0,0,0,0,400896,0,400896
1645,1645,to,META_IDENTITY,meta_engine,12528,12528,12528,12528,12528,0,0,0,0,400896,0,400896
1646,1646,resolve_conj,META_IDENTITY,meta_engine,12528,12528,12528,12528,12528,0,0,0,0,400896,0,400896
1647,1647,resolve_neg,META_IDENTITY,meta_engine,12528,12528,12528,12528,12528,0,0,0,0,400896,0,400896
1648,1648,detach,META_IDENTITY,meta_engine,147456,147456,147456,147456,147456,0,0,0,0,4718592,0,4718592
1649,1649,detach,META_IDENTITY,meta_engine,147456,147456,147456,147456,147456,0,0,0,0,4718592,0,4718592
1650,1650,to,META_IDENTITY,meta_engine,147456,147456,147456,147456,147456,0,0,0,0,4718592,0,4718592
1651,1651,to,META_IDENTITY,meta_engine,147456,147456,147456,147456,147456,0,0,0,0,4718592,0,4718592
1652,1652,detach,META_IDENTITY,meta_engine,147456,147456,147456,147456,147456,0,0,0,0,4718592,0,4718592
1653,1653,to,META_IDENTITY,meta_engine,147456,147456,147456,147456,147456,0,0,0,0,4718592,0,4718592
1654,1654,resolve_conj,META_IDENTITY,meta_engine,147456,147456,147456,147456,147456,0,0,0,0,4718592,0,4718592
1655,1655,resolve_neg,META_IDENTITY,meta_engine,147456,147456,147456,147456,147456,0,0,0,0,4718592,0,4718592
1656,1656,gelu,GELU,fp16_vector,50112,50112,50112,50112,50112,0,0,0,0,1603584,0,1603584
1657,1657,to,META_IDENTITY,meta_engine,48,48,48,48,48,0,0,0,0,1536,0,1536
1658,1658,to,META_IDENTITY,meta_engine,147456,147456,147456,147456,147456,0,0,0,0,4718592,0,4718592
1659,1659,linear,GEMM_W8A8,pack2_gemm,50112,50112,50112,50112,50112,0,0,0,0,1603584,0,1603584
1660,1660,detach,META_IDENTITY,meta_engine,50112,50112,50112,50112,50112,0,0,0,0,1603584,0,1603584
1661,1661,to,META_IDENTITY,meta_engine,50112,50112,50112,50112,50112,0,0,0,0,1603584,0,1603584
1662,1662,to,META_IDENTITY,meta_engine,50112,50112,50112,50112,50112,0,0,0,0,1603584,0,1603584
1663,1663,detach,META_IDENTITY,meta_engine,50112,50112,50112,50112,50112,0,0,0,0,1603584,0,1603584
1664,1664,to,META_IDENTITY,meta_engine,50112,50112,50112,50112,50112,0,0,0,0,1603584,0,1603584
1665,1665,resolve_conj,META_IDENTITY,meta_engine,50112,50112,50112,50112,50112,0,0,0,0,1603584,0,1603584
1666,1666,resolve_neg,META_IDENTITY,meta_engine,50112,50112,50112,50112,50112,0,0,0,0,1603584,0,1603584
1667,1667,detach,META_IDENTITY,meta_engine,147456,147456,147456,147456,147456,0,0,0,0,4718592,0,4718592
1668,1668,detach,META_IDENTITY,meta_engine,147456,147456,147456,147456,147456,0,0,0,0,4718592,0,4718592
1669,1669,to,META_IDENTITY,meta_engine,147456,147456,147456,147456,147456,0,0,0,0,4718592,0,4718592
1670,1670,to,META_IDENTITY,meta_engine,147456,147456,147456,147456,147456,0,0,0,0,4718592,0,4718592
1671,1671,detach,META_IDENTITY,meta_engine,147456,147456,147456,147456,147456,0,0,0,0,4718592,0,4718592
1672,1672,to,META_IDENTITY,meta_engine,147456,147456,147456,147456,147456,0,0,0,0,4718592,0,4718592
1673,1673,resolve_conj,META_IDENTITY,meta_engine,147456,147456,147456,147456,147456,0,0,0,0,4718592,0,4718592
1674,1674,resolve_neg,META_IDENTITY,meta_engine,147456,147456,147456,147456,147456,0,0,0,0,4718592,0,4718592
1675,1675,mul,MUL,fp16_vector,12528,12528,12528,12528,12528,0,0,0,0,400896,0,400896
1676,1676,add,ADD,fp16_vector,12528,12528,12528,12528,12528,0,0,0,0,400896,0,400896
1677,1677,layer_norm,LAYER_NORM,fp16_vector,12560,12560,12528,12528,12560,0,0,0,0,400896,0,400896
1678,1678,to,META_IDENTITY,meta_engine,48,48,48,48,48,0,0,0,0,1536,0,1536
1679,1679,to,META_IDENTITY,meta_engine,36864,36864,36864,36864,36864,0,0,0,0,1179648,0,1179648
1680,1680,to,META_IDENTITY,meta_engine,12528,12528,12528,12528,12528,0,0,0,0,400896,0,400896
1681,1681,linear,GEMM_W8A8,pack2_gemm,132752,106624,13056,12528,132752,0,153944064,76972032,136,200448,589824,200448
1682,1682,detach,META_IDENTITY,meta_engine,12528,12528,12528,12528,12528,0,0,0,0,400896,0,400896
1683,1683,to,META_IDENTITY,meta_engine,12528,12528,12528,12528,12528,0,0,0,0,400896,0,400896
1684,1684,to,META_IDENTITY,meta_engine,12528,12528,12528,12528,12528,0,0,0,0,400896,0,400896
1685,1685,detach,META_IDENTITY,meta_engine,12528,12528,12528,12528,12528,0,0,0,0,400896,0,400896
1686,1686,to,META_IDENTITY,meta_engine,12528,12528,12528,12528,12528,0,0,0,0,400896,0,400896
1687,1687,resolve_conj,META_IDENTITY,meta_engine,12528,12528,12528,12528,12528,0,0,0,0,400896,0,400896
1688,1688,resolve_neg,META_IDENTITY,meta_engine,12528,12528,12528,12528,12528,0,0,0,0,400896,0,400896
1689,1689,detach,META_IDENTITY,meta_engine,36864,36864,36864,36864,36864,0,0,0,0,1179648,0,1179648
1690,1690,detach,META_IDENTITY,meta_engine,36864,36864,36864,36864,36864,0,0,0,0,1179648,0,1179648
1691,1691,to,META_IDENTITY,meta_engine,36864,36864,36864,36864,36864,0,0,0,0,1179648,0,1179648
1692,1692,to,META_IDENTITY,meta_engine,36864,36864,36864,36864,36864,0,0,0,0,1179648,0,1179648
1693,1693,detach,META_IDENTITY,meta_engine,36864,36864,36864,36864,36864,0,0,0,0,1179648,0,1179648
1694,1694,to,META_IDENTITY,meta_engine,36864,36864,36864,36864,36864,0,0,0,0,1179648,0,1179648
1695,1695,resolve_conj,META_IDENTITY,meta_engine,36864,36864,36864,36864,36864,0,0,0,0,1179648,0,1179648
1696,1696,resolve_neg,META_IDENTITY,meta_engine,36864,36864,36864,36864,36864,0,0,0,0,1179648,0,1179648
1697,1697,to,META_IDENTITY,meta_engine,36864,36864,36864,36864,36864,0,0,0,0,1179648,0,1179648
1698,1698,to,META_IDENTITY,meta_engine,12528,12528,12528,12528,12528,0,0,0,0,400896,0,400896
1699,1699,linear,GEMM_W8A8,pack2_gemm,132752,106624,13056,12528,132752,0,153944064,76972032,136,200448,589824,200448
1700,1700,detach,META_IDENTITY,meta_engine,12528,12528,12528,12528,12528,0,0,0,0,400896,0,400896
1701,1701,to,META_IDENTITY,meta_engine,12528,12528,12528,12528,12528,0,0,0,0,400896,0,400896
1702,1702,to,META_IDENTITY,meta_engine,12528,12528,12528,12528,12528,0,0,0,0,400896,0,400896
1703,1703,detach,META_IDENTITY,meta_engine,12528,12528,12528,12528,12528,0,0,0,0,400896,0,400896
1704,1704,to,META_IDENTITY,meta_engine,12528,12528,12528,12528,12528,0,0,0,0,400896,0,400896
1705,1705,resolve_conj,META_IDENTITY,meta_engine,12528,12528,12528,12528,12528,0,0,0,0,400896,0,400896
1706,1706,resolve_neg,META_IDENTITY,meta_engine,12528,12528,12528,12528,12528,0,0,0,0,400896,0,400896
1707,1707,detach,META_IDENTITY,meta_engine,36864,36864,36864,36864,36864,0,0,0,0,1179648,0,1179648
1708,1708,detach,META_IDENTITY,meta_engine,36864,36864,36864,36864,36864,0,0,0,0,1179648,0,1179648
1709,1709,to,META_IDENTITY,meta_engine,36864,36864,36864,36864,36864,0,0,0,0,1179648,0,1179648
1710,1710,to,META_IDENTITY,meta_engine,36864,36864,36864,36864,36864,0,0,0,0,1179648,0,1179648
1711,1711,detach,META_IDENTITY,meta_engine,36864,36864,36864,36864,36864,0,0,0,0,1179648,0,1179648
1712,1712,to,META_IDENTITY,meta_engine,36864,36864,36864,36864,36864,0,0,0,0,1179648,0,1179648
1713,1713,resolve_conj,META_IDENTITY,meta_engine,36864,36864,36864,36864,36864,0,0,0,0,1179648,0,1179648
1714,1714,resolve_neg,META_IDENTITY,meta_engine,36864,36864,36864,36864,36864,0,0,0,0,1179648,0,1179648
1715,1715,to,META_IDENTITY,meta_engine,48,48,48,48,48,0,0,0,0,1536,0,1536
1716,1716,to,META_IDENTITY,meta_engine,36864,36864,36864,36864,36864,0,0,0,0,1179648,0,1179648
1717,1717,to,META_IDENTITY,meta_engine,12528,12528,12528,12528,12528,0,0,0,0,400896,0,400896
1718,1718,linear,GEMM_W8A8,pack2_gemm,132752,106624,13056,12528,132752,0,153944064,76972032,136,200448,589824,200448
1719,1719,detach,META_IDENTITY,meta_engine,12528,12528,12528,12528,12528,0,0,0,0,400896,0,400896
1720,1720,to,META_IDENTITY,meta_engine,12528,12528,12528,12528,12528,0,0,0,0,400896,0,400896
1721,1721,to,META_IDENTITY,meta_engine,12528,12528,12528,12528,12528,0,0,0,0,400896,0,400896
1722,1722,detach,META_IDENTITY,meta_engine,12528,12528,12528,12528,12528,0,0,0,0,400896,0,400896
1723,1723,to,META_IDENTITY,meta_engine,12528,12528,12528,12528,12528,0,0,0,0,400896,0,400896
1724,1724,resolve_conj,META_IDENTITY,meta_engine,12528,12528,12528,12528,12528,0,0,0,0,400896,0,400896
1725,1725,resolve_neg,META_IDENTITY,meta_engine,12528,12528,12528,12528,12528,0,0,0,0,400896,0,400896
1726,1726,detach,META_IDENTITY,meta_engine,36864,36864,36864,36864,36864,0,0,0,0,1179648,0,1179648
1727,1727,detach,META_IDENTITY,meta_engine,36864,36864,36864,36864,36864,0,0,0,0,1179648,0,1179648
1728,1728,to,META_IDENTITY,meta_engine,36864,36864,36864,36864,36864,0,0,0,0,1179648,0,1179648
1729,1729,to,META_IDENTITY,meta_engine,36864,36864,36864,36864,36864,0,0,0,0,1179648,0,1179648
1730,1730,detach,META_IDENTITY,meta_engine,36864,36864,36864,36864,36864,0,0,0,0,1179648,0,1179648
1731,1731,to,META_IDENTITY,meta_engine,36864,36864,36864,36864,36864,0,0,0,0,1179648,0,1179648
1732,1732,resolve_conj,META_IDENTITY,meta_engine,36864,36864,36864,36864,36864,0,0,0,0,1179648,0,1179648
1733,1733,resolve_neg,META_IDENTITY,meta_engine,36864,36864,36864,36864,36864,0,0,0,0,1179648,0,1179648
1734,1734,view,LAYOUT,layout_engine,12532,12532,12528,12528,12532,0,0,0,0,400896,0,400896
1735,1735,transpose,LAYOUT,layout_engine,12532,12532,12528,12528,12532,0,0,0,0,400896,0,400896
1736,1736,view,LAYOUT,layout_engine,12532,12532,12528,12528,12532,0,0,0,0,400896,0,400896
1737,1737,transpose,LAYOUT,layout_engine,12532,12532,12528,12528,12532,0,0,0,0,400896,0,400896
1738,1738,view,LAYOUT,layout_engine,12532,12532,12528,12528,12532,0,0,0,0,400896,0,400896
1739,1739,transpose,LAYOUT,layout_engine,12532,12532,12528,12528,12532,0,0,0,0,400896,0,400896
1740,1740,split_with_sizes,META_IDENTITY,meta_engine,12528,12528,12528,12528,12528,0,0,0,0,400896,0,400896
1741,1741,split_with_sizes,META_IDENTITY,meta_engine,12528,12528,12528,12528,12528,0,0,0,0,400896,0,400896
1742,1742,mul,MUL,fp16_vector,12288,12288,12288,12288,12288,0,0,0,0,393216,0,393216
1743,1743,slice,LAYOUT,layout_engine,12292,12292,12288,12288,12292,0,0,0,0,393216,0,393216
1744,1744,slice,LAYOUT,layout_engine,12292,12292,12288,12288,12292,0,0,0,0,393216,0,393216
1745,1745,neg,META_IDENTITY,meta_engine,6144,6144,6144,6144,6144,0,0,0,0,196608,0,196608
1746,1746,cat,LAYOUT,layout_engine,6148,6148,6144,6144,6148,0,0,0,0,196608,0,196608
1747,1747,mul,MUL,fp16_vector,12288,12288,12288,12288,12288,0,0,0,0,393216,0,393216
1748,1748,add,ADD,fp16_vector,12288,12288,12288,12288,12288,0,0,0,0,393216,0,393216
1749,1749,mul,MUL,fp16_vector,12288,12288,12288,12288,12288,0,0,0,0,393216,0,393216
1750,1750,slice,LAYOUT,layout_engine,12292,12292,12288,12288,12292,0,0,0,0,393216,0,393216
1751,1751,slice,LAYOUT,layout_engine,12292,12292,12288,12288,12292,0,0,0,0,393216,0,393216
1752,1752,neg,META_IDENTITY,meta_engine,6144,6144,6144,6144,6144,0,0,0,0,196608,0,196608
1753,1753,cat,LAYOUT,layout_engine,6148,6148,6144,6144,6148,0,0,0,0,196608,0,196608
1754,1754,mul,MUL,fp16_vector,12288,12288,12288,12288,12288,0,0,0,0,393216,0,393216
1755,1755,add,ADD,fp16_vector,12288,12288,12288,12288,12288,0,0,0,0,393216,0,393216
1756,1756,cat,LAYOUT,layout_engine,244,244,240,240,244,0,0,0,0,7680,0,7680
1757,1757,cat,LAYOUT,layout_engine,244,244,240,240,244,0,0,0,0,7680,0,7680
1758,1758,to,META_IDENTITY,meta_engine,12528,12528,12528,12528,12528,0,0,0,0,400896,0,400896
1759,1759,to,META_IDENTITY,meta_engine,12528,12528,12528,12528,12528,0,0,0,0,400896,0,400896
1760,1760,scaled_dot_product_attention,ATTENTION,attention_controller,12560,12560,12528,12528,12560,0,0,0,0,400896,0,400896
1761,1761,transpose,LAYOUT,layout_engine,12532,12532,12528,12528,12532,0,0,0,0,400896,0,400896
1762,1762,contiguous,LAYOUT,layout_engine,12532,12532,12528,12528,12532,0,0,0,0,400896,0,400896
1763,1763,reshape,LAYOUT,layout_engine,12532,12532,12528,12528,12532,0,0,0,0,400896,0,400896
1764,1764,to,META_IDENTITY,meta_engine,48,48,48,48,48,0,0,0,0,1536,0,1536
1765,1765,to,META_IDENTITY,meta_engine,36864,36864,36864,36864,36864,0,0,0,0,1179648,0,1179648
1766,1766,linear,GEMM_W8A8,pack2_gemm,132752,106624,13056,12528,132752,0,153944064,76972032,136,200448,589824,200448
1767,1767,detach,META_IDENTITY,meta_engine,12528,12528,12528,12528,12528,0,0,0,0,400896,0,400896
1768,1768,to,META_IDENTITY,meta_engine,12528,12528,12528,12528,12528,0,0,0,0,400896,0,400896
1769,1769,to,META_IDENTITY,meta_engine,12528,12528,12528,12528,12528,0,0,0,0,400896,0,400896
1770,1770,detach,META_IDENTITY,meta_engine,12528,12528,12528,12528,12528,0,0,0,0,400896,0,400896
1771,1771,to,META_IDENTITY,meta_engine,12528,12528,12528,12528,12528,0,0,0,0,400896,0,400896
1772,1772,resolve_conj,META_IDENTITY,meta_engine,12528,12528,12528,12528,12528,0,0,0,0,400896,0,400896
1773,1773,resolve_neg,META_IDENTITY,meta_engine,12528,12528,12528,12528,12528,0,0,0,0,400896,0,400896
1774,1774,detach,META_IDENTITY,meta_engine,36864,36864,36864,36864,36864,0,0,0,0,1179648,0,1179648
1775,1775,detach,META_IDENTITY,meta_engine,36864,36864,36864,36864,36864,0,0,0,0,1179648,0,1179648
1776,1776,to,META_IDENTITY,meta_engine,36864,36864,36864,36864,36864,0,0,0,0,1179648,0,1179648
1777,1777,to,META_IDENTITY,meta_engine,36864,36864,36864,36864,36864,0,0,0,0,1179648,0,1179648
1778,1778,detach,META_IDENTITY,meta_engine,36864,36864,36864,36864,36864,0,0,0,0,1179648,0,1179648
1779,1779,to,META_IDENTITY,meta_engine,36864,36864,36864,36864,36864,0,0,0,0,1179648,0,1179648
1780,1780,resolve_conj,META_IDENTITY,meta_engine,36864,36864,36864,36864,36864,0,0,0,0,1179648,0,1179648
1781,1781,resolve_neg,META_IDENTITY,meta_engine,36864,36864,36864,36864,36864,0,0,0,0,1179648,0,1179648
1782,1782,mul,MUL,fp16_vector,12528,12528,12528,12528,12528,0,0,0,0,400896,0,400896
1783,1783,add,ADD,fp16_vector,12528,12528,12528,12528,12528,0,0,0,0,400896,0,400896
1784,1784,layer_norm,LAYER_NORM,fp16_vector,12560,12560,12528,12528,12560,0,0,0,0,400896,0,400896
1785,1785,to,META_IDENTITY,meta_engine,192,192,192,192,192,0,0,0,0,6144,0,6144
1786,1786,to,META_IDENTITY,meta_engine,147456,147456,147456,147456,147456,0,0,0,0,4718592,0,4718592
1787,1787,to,META_IDENTITY,meta_engine,12528,12528,12528,12528,12528,0,0,0,0,400896,0,400896
1788,1788,linear,GEMM_W8A8,pack2_gemm,12528,12528,12528,12528,12528,0,0,0,0,400896,0,400896
1789,1789,detach,META_IDENTITY,meta_engine,12528,12528,12528,12528,12528,0,0,0,0,400896,0,400896
1790,1790,to,META_IDENTITY,meta_engine,12528,12528,12528,12528,12528,0,0,0,0,400896,0,400896
1791,1791,to,META_IDENTITY,meta_engine,12528,12528,12528,12528,12528,0,0,0,0,400896,0,400896
1792,1792,detach,META_IDENTITY,meta_engine,12528,12528,12528,12528,12528,0,0,0,0,400896,0,400896
1793,1793,to,META_IDENTITY,meta_engine,12528,12528,12528,12528,12528,0,0,0,0,400896,0,400896
1794,1794,resolve_conj,META_IDENTITY,meta_engine,12528,12528,12528,12528,12528,0,0,0,0,400896,0,400896
1795,1795,resolve_neg,META_IDENTITY,meta_engine,12528,12528,12528,12528,12528,0,0,0,0,400896,0,400896
1796,1796,detach,META_IDENTITY,meta_engine,147456,147456,147456,147456,147456,0,0,0,0,4718592,0,4718592
1797,1797,detach,META_IDENTITY,meta_engine,147456,147456,147456,147456,147456,0,0,0,0,4718592,0,4718592
1798,1798,to,META_IDENTITY,meta_engine,147456,147456,147456,147456,147456,0,0,0,0,4718592,0,4718592
1799,1799,to,META_IDENTITY,meta_engine,147456,147456,147456,147456,147456,0,0,0,0,4718592,0,4718592
1800,1800,detach,META_IDENTITY,meta_engine,147456,147456,147456,147456,147456,0,0,0,0,4718592,0,4718592
1801,1801,to,META_IDENTITY,meta_engine,147456,147456,147456,147456,147456,0,0,0,0,4718592,0,4718592
1802,1802,resolve_conj,META_IDENTITY,meta_engine,147456,147456,147456,147456,147456,0,0,0,0,4718592,0,4718592
1803,1803,resolve_neg,META_IDENTITY,meta_engine,147456,147456,147456,147456,147456,0,0,0,0,4718592,0,4718592
1804,1804,gelu,GELU,fp16_vector,50112,50112,50112,50112,50112,0,0,0,0,1603584,0,1603584
1805,1805,to,META_IDENTITY,meta_engine,48,48,48,48,48,0,0,0,0,1536,0,1536
1806,1806,to,META_IDENTITY,meta_engine,147456,147456,147456,147456,147456,0,0,0,0,4718592,0,4718592
1807,1807,linear,GEMM_W8A8,pack2_gemm,50112,50112,50112,50112,50112,0,0,0,0,1603584,0,1603584
1808,1808,detach,META_IDENTITY,meta_engine,50112,50112,50112,50112,50112,0,0,0,0,1603584,0,1603584
1809,1809,to,META_IDENTITY,meta_engine,50112,50112,50112,50112,50112,0,0,0,0,1603584,0,1603584
1810,1810,to,META_IDENTITY,meta_engine,50112,50112,50112,50112,50112,0,0,0,0,1603584,0,1603584
1811,1811,detach,META_IDENTITY,meta_engine,50112,50112,50112,50112,50112,0,0,0,0,1603584,0,1603584
1812,1812,to,META_IDENTITY,meta_engine,50112,50112,50112,50112,50112,0,0,0,0,1603584,0,1603584
1813,1813,resolve_conj,META_IDENTITY,meta_engine,50112,50112,50112,50112,50112,0,0,0,0,1603584,0,1603584
1814,1814,resolve_neg,META_IDENTITY,meta_engine,50112,50112,50112,50112,50112,0,0,0,0,1603584,0,1603584
1815,1815,detach,META_IDENTITY,meta_engine,147456,147456,147456,147456,147456,0,0,0,0,4718592,0,4718592
1816,1816,detach,META_IDENTITY,meta_engine,147456,147456,147456,147456,147456,0,0,0,0,4718592,0,4718592
1817,1817,to,META_IDENTITY,meta_engine,147456,147456,147456,147456,147456,0,0,0,0,4718592,0,4718592
1818,1818,to,META_IDENTITY,meta_engine,147456,147456,147456,147456,147456,0,0,0,0,4718592,0,4718592
1819,1819,detach,META_IDENTITY,meta_engine,147456,147456,147456,147456,147456,0,0,0,0,4718592,0,4718592
1820,1820,to,META_IDENTITY,meta_engine,147456,147456,147456,147456,147456,0,0,0,0,4718592,0,4718592
1821,1821,resolve_conj,META_IDENTITY,meta_engine,147456,147456,147456,147456,147456,0,0,0,0,4718592,0,4718592
1822,1822,resolve_neg,META_IDENTITY,meta_engine,147456,147456,147456,147456,147456,0,0,0,0,4718592,0,4718592
1823,1823,mul,MUL,fp16_vector,12528,12528,12528,12528,12528,0,0,0,0,400896,0,400896
1824,1824,add,ADD,fp16_vector,12528,12528,12528,12528,12528,0,0,0,0,400896,0,400896
1825,1825,layer_norm,LAYER_NORM,fp16_vector,12560,12560,12528,12528,12560,0,0,0,0,400896,0,400896
1826,1826,to,META_IDENTITY,meta_engine,48,48,48,48,48,0,0,0,0,1536,0,1536
1827,1827,to,META_IDENTITY,meta_engine,36864,36864,36864,36864,36864,0,0,0,0,1179648,0,1179648
1828,1828,to,META_IDENTITY,meta_engine,12528,12528,12528,12528,12528,0,0,0,0,400896,0,400896
1829,1829,linear,GEMM_W8A8,pack2_gemm,132752,106624,13056,12528,132752,0,153944064,76972032,136,200448,589824,200448
1830,1830,detach,META_IDENTITY,meta_engine,12528,12528,12528,12528,12528,0,0,0,0,400896,0,400896
1831,1831,to,META_IDENTITY,meta_engine,12528,12528,12528,12528,12528,0,0,0,0,400896,0,400896
1832,1832,to,META_IDENTITY,meta_engine,12528,12528,12528,12528,12528,0,0,0,0,400896,0,400896
1833,1833,detach,META_IDENTITY,meta_engine,12528,12528,12528,12528,12528,0,0,0,0,400896,0,400896
1834,1834,to,META_IDENTITY,meta_engine,12528,12528,12528,12528,12528,0,0,0,0,400896,0,400896
1835,1835,resolve_conj,META_IDENTITY,meta_engine,12528,12528,12528,12528,12528,0,0,0,0,400896,0,400896
1836,1836,resolve_neg,META_IDENTITY,meta_engine,12528,12528,12528,12528,12528,0,0,0,0,400896,0,400896
1837,1837,detach,META_IDENTITY,meta_engine,36864,36864,36864,36864,36864,0,0,0,0,1179648,0,1179648
1838,1838,detach,META_IDENTITY,meta_engine,36864,36864,36864,36864,36864,0,0,0,0,1179648,0,1179648
1839,1839,to,META_IDENTITY,meta_engine,36864,36864,36864,36864,36864,0,0,0,0,1179648,0,1179648
1840,1840,to,META_IDENTITY,meta_engine,36864,36864,36864,36864,36864,0,0,0,0,1179648,0,1179648
1841,1841,detach,META_IDENTITY,meta_engine,36864,36864,36864,36864,36864,0,0,0,0,1179648,0,1179648
1842,1842,to,META_IDENTITY,meta_engine,36864,36864,36864,36864,36864,0,0,0,0,1179648,0,1179648
1843,1843,resolve_conj,META_IDENTITY,meta_engine,36864,36864,36864,36864,36864,0,0,0,0,1179648,0,1179648
1844,1844,resolve_neg,META_IDENTITY,meta_engine,36864,36864,36864,36864,36864,0,0,0,0,1179648,0,1179648
1845,1845,to,META_IDENTITY,meta_engine,36864,36864,36864,36864,36864,0,0,0,0,1179648,0,1179648
1846,1846,to,META_IDENTITY,meta_engine,12528,12528,12528,12528,12528,0,0,0,0,400896,0,400896
1847,1847,linear,GEMM_W8A8,pack2_gemm,132752,106624,13056,12528,132752,0,153944064,76972032,136,200448,589824,200448
1848,1848,detach,META_IDENTITY,meta_engine,12528,12528,12528,12528,12528,0,0,0,0,400896,0,400896
1849,1849,to,META_IDENTITY,meta_engine,12528,12528,12528,12528,12528,0,0,0,0,400896,0,400896
1850,1850,to,META_IDENTITY,meta_engine,12528,12528,12528,12528,12528,0,0,0,0,400896,0,400896
1851,1851,detach,META_IDENTITY,meta_engine,12528,12528,12528,12528,12528,0,0,0,0,400896,0,400896
1852,1852,to,META_IDENTITY,meta_engine,12528,12528,12528,12528,12528,0,0,0,0,400896,0,400896
1853,1853,resolve_conj,META_IDENTITY,meta_engine,12528,12528,12528,12528,12528,0,0,0,0,400896,0,400896
1854,1854,resolve_neg,META_IDENTITY,meta_engine,12528,12528,12528,12528,12528,0,0,0,0,400896,0,400896
1855,1855,detach,META_IDENTITY,meta_engine,36864,36864,36864,36864,36864,0,0,0,0,1179648,0,1179648
1856,1856,detach,META_IDENTITY,meta_engine,36864,36864,36864,36864,36864,0,0,0,0,1179648,0,1179648
1857,1857,to,META_IDENTITY,meta_engine,36864,36864,36864,36864,36864,0,0,0,0,1179648,0,1179648
1858,1858,to,META_IDENTITY,meta_engine,36864,36864,36864,36864,36864,0,0,0,0,1179648,0,1179648
1859,1859,detach,META_IDENTITY,meta_engine,36864,36864,36864,36864,36864,0,0,0,0,1179648,0,1179648
1860,1860,to,META_IDENTITY,meta_engine,36864,36864,36864,36864,36864,0,0,0,0,1179648,0,1179648
1861,1861,resolve_conj,META_IDENTITY,meta_engine,36864,36864,36864,36864,36864,0,0,0,0,1179648,0,1179648
1862,1862,resolve_neg,META_IDENTITY,meta_engine,36864,36864,36864,36864,36864,0,0,0,0,1179648,0,1179648
1863,1863,to,META_IDENTITY,meta_engine,48,48,48,48,48,0,0,0,0,1536,0,1536
1864,1864,to,META_IDENTITY,meta_engine,36864,36864,36864,36864,36864,0,0,0,0,1179648,0,1179648
1865,1865,to,META_IDENTITY,meta_engine,12528,12528,12528,12528,12528,0,0,0,0,400896,0,400896
1866,1866,linear,GEMM_W8A8,pack2_gemm,132752,106624,13056,12528,132752,0,153944064,76972032,136,200448,589824,200448
1867,1867,detach,META_IDENTITY,meta_engine,12528,12528,12528,12528,12528,0,0,0,0,400896,0,400896
1868,1868,to,META_IDENTITY,meta_engine,12528,12528,12528,12528,12528,0,0,0,0,400896,0,400896
1869,1869,to,META_IDENTITY,meta_engine,12528,12528,12528,12528,12528,0,0,0,0,400896,0,400896
1870,1870,detach,META_IDENTITY,meta_engine,12528,12528,12528,12528,12528,0,0,0,0,400896,0,400896
1871,1871,to,META_IDENTITY,meta_engine,12528,12528,12528,12528,12528,0,0,0,0,400896,0,400896
1872,1872,resolve_conj,META_IDENTITY,meta_engine,12528,12528,12528,12528,12528,0,0,0,0,400896,0,400896
1873,1873,resolve_neg,META_IDENTITY,meta_engine,12528,12528,12528,12528,12528,0,0,0,0,400896,0,400896
1874,1874,detach,META_IDENTITY,meta_engine,36864,36864,36864,36864,36864,0,0,0,0,1179648,0,1179648
1875,1875,detach,META_IDENTITY,meta_engine,36864,36864,36864,36864,36864,0,0,0,0,1179648,0,1179648
1876,1876,to,META_IDENTITY,meta_engine,36864,36864,36864,36864,36864,0,0,0,0,1179648,0,1179648
1877,1877,to,META_IDENTITY,meta_engine,36864,36864,36864,36864,36864,0,0,0,0,1179648,0,1179648
1878,1878,detach,META_IDENTITY,meta_engine,36864,36864,36864,36864,36864,0,0,0,0,1179648,0,1179648
1879,1879,to,META_IDENTITY,meta_engine,36864,36864,36864,36864,36864,0,0,0,0,1179648,0,1179648
1880,1880,resolve_conj,META_IDENTITY,meta_engine,36864,36864,36864,36864,36864,0,0,0,0,1179648,0,1179648
1881,1881,resolve_neg,META_IDENTITY,meta_engine,36864,36864,36864,36864,36864,0,0,0,0,1179648,0,1179648
1882,1882,view,LAYOUT,layout_engine,12532,12532,12528,12528,12532,0,0,0,0,400896,0,400896
1883,1883,transpose,LAYOUT,layout_engine,12532,12532,12528,12528,12532,0,0,0,0,400896,0,400896
1884,1884,view,LAYOUT,layout_engine,12532,12532,12528,12528,12532,0,0,0,0,400896,0,400896
1885,1885,transpose,LAYOUT,layout_engine,12532,12532,12528,12528,12532,0,0,0,0,400896,0,400896
1886,1886,view,LAYOUT,layout_engine,12532,12532,12528,12528,12532,0,0,0,0,400896,0,400896
1887,1887,transpose,LAYOUT,layout_engine,12532,12532,12528,12528,12532,0,0,0,0,400896,0,400896
1888,1888,split_with_sizes,META_IDENTITY,meta_engine,12528,12528,12528,12528,12528,0,0,0,0,400896,0,400896
1889,1889,split_with_sizes,META_IDENTITY,meta_engine,12528,12528,12528,12528,12528,0,0,0,0,400896,0,400896
1890,1890,mul,MUL,fp16_vector,12288,12288,12288,12288,12288,0,0,0,0,393216,0,393216
1891,1891,slice,LAYOUT,layout_engine,12292,12292,12288,12288,12292,0,0,0,0,393216,0,393216
1892,1892,slice,LAYOUT,layout_engine,12292,12292,12288,12288,12292,0,0,0,0,393216,0,393216
1893,1893,neg,META_IDENTITY,meta_engine,6144,6144,6144,6144,6144,0,0,0,0,196608,0,196608
1894,1894,cat,LAYOUT,layout_engine,6148,6148,6144,6144,6148,0,0,0,0,196608,0,196608
1895,1895,mul,MUL,fp16_vector,12288,12288,12288,12288,12288,0,0,0,0,393216,0,393216
1896,1896,add,ADD,fp16_vector,12288,12288,12288,12288,12288,0,0,0,0,393216,0,393216
1897,1897,mul,MUL,fp16_vector,12288,12288,12288,12288,12288,0,0,0,0,393216,0,393216
1898,1898,slice,LAYOUT,layout_engine,12292,12292,12288,12288,12292,0,0,0,0,393216,0,393216
1899,1899,slice,LAYOUT,layout_engine,12292,12292,12288,12288,12292,0,0,0,0,393216,0,393216
1900,1900,neg,META_IDENTITY,meta_engine,6144,6144,6144,6144,6144,0,0,0,0,196608,0,196608
1901,1901,cat,LAYOUT,layout_engine,6148,6148,6144,6144,6148,0,0,0,0,196608,0,196608
1902,1902,mul,MUL,fp16_vector,12288,12288,12288,12288,12288,0,0,0,0,393216,0,393216
1903,1903,add,ADD,fp16_vector,12288,12288,12288,12288,12288,0,0,0,0,393216,0,393216
1904,1904,cat,LAYOUT,layout_engine,244,244,240,240,244,0,0,0,0,7680,0,7680
1905,1905,cat,LAYOUT,layout_engine,244,244,240,240,244,0,0,0,0,7680,0,7680
1906,1906,to,META_IDENTITY,meta_engine,12528,12528,12528,12528,12528,0,0,0,0,400896,0,400896
1907,1907,to,META_IDENTITY,meta_engine,12528,12528,12528,12528,12528,0,0,0,0,400896,0,400896
1908,1908,scaled_dot_product_attention,ATTENTION,attention_controller,12560,12560,12528,12528,12560,0,0,0,0,400896,0,400896
1909,1909,transpose,LAYOUT,layout_engine,12532,12532,12528,12528,12532,0,0,0,0,400896,0,400896
1910,1910,contiguous,LAYOUT,layout_engine,12532,12532,12528,12528,12532,0,0,0,0,400896,0,400896
1911,1911,reshape,LAYOUT,layout_engine,12532,12532,12528,12528,12532,0,0,0,0,400896,0,400896
1912,1912,to,META_IDENTITY,meta_engine,48,48,48,48,48,0,0,0,0,1536,0,1536
1913,1913,to,META_IDENTITY,meta_engine,36864,36864,36864,36864,36864,0,0,0,0,1179648,0,1179648
1914,1914,linear,GEMM_W8A8,pack2_gemm,132752,106624,13056,12528,132752,0,153944064,76972032,136,200448,589824,200448
1915,1915,detach,META_IDENTITY,meta_engine,12528,12528,12528,12528,12528,0,0,0,0,400896,0,400896
1916,1916,to,META_IDENTITY,meta_engine,12528,12528,12528,12528,12528,0,0,0,0,400896,0,400896
1917,1917,to,META_IDENTITY,meta_engine,12528,12528,12528,12528,12528,0,0,0,0,400896,0,400896
1918,1918,detach,META_IDENTITY,meta_engine,12528,12528,12528,12528,12528,0,0,0,0,400896,0,400896
1919,1919,to,META_IDENTITY,meta_engine,12528,12528,12528,12528,12528,0,0,0,0,400896,0,400896
1920,1920,resolve_conj,META_IDENTITY,meta_engine,12528,12528,12528,12528,12528,0,0,0,0,400896,0,400896
1921,1921,resolve_neg,META_IDENTITY,meta_engine,12528,12528,12528,12528,12528,0,0,0,0,400896,0,400896
1922,1922,detach,META_IDENTITY,meta_engine,36864,36864,36864,36864,36864,0,0,0,0,1179648,0,1179648
1923,1923,detach,META_IDENTITY,meta_engine,36864,36864,36864,36864,36864,0,0,0,0,1179648,0,1179648
1924,1924,to,META_IDENTITY,meta_engine,36864,36864,36864,36864,36864,0,0,0,0,1179648,0,1179648
1925,1925,to,META_IDENTITY,meta_engine,36864,36864,36864,36864,36864,0,0,0,0,1179648,0,1179648
1926,1926,detach,META_IDENTITY,meta_engine,36864,36864,36864,36864,36864,0,0,0,0,1179648,0,1179648
1927,1927,to,META_IDENTITY,meta_engine,36864,36864,36864,36864,36864,0,0,0,0,1179648,0,1179648
1928,1928,resolve_conj,META_IDENTITY,meta_engine,36864,36864,36864,36864,36864,0,0,0,0,1179648,0,1179648
1929,1929,resolve_neg,META_IDENTITY,meta_engine,36864,36864,36864,36864,36864,0,0,0,0,1179648,0,1179648
1930,1930,mul,MUL,fp16_vector,12528,12528,12528,12528,12528,0,0,0,0,400896,0,400896
1931,1931,add,ADD,fp16_vector,12528,12528,12528,12528,12528,0,0,0,0,400896,0,400896
1932,1932,layer_norm,LAYER_NORM,fp16_vector,12560,12560,12528,12528,12560,0,0,0,0,400896,0,400896
1933,1933,to,META_IDENTITY,meta_engine,192,192,192,192,192,0,0,0,0,6144,0,6144
1934,1934,to,META_IDENTITY,meta_engine,147456,147456,147456,147456,147456,0,0,0,0,4718592,0,4718592
1935,1935,to,META_IDENTITY,meta_engine,12528,12528,12528,12528,12528,0,0,0,0,400896,0,400896
1936,1936,linear,GEMM_W8A8,pack2_gemm,12528,12528,12528,12528,12528,0,0,0,0,400896,0,400896
1937,1937,detach,META_IDENTITY,meta_engine,12528,12528,12528,12528,12528,0,0,0,0,400896,0,400896
1938,1938,to,META_IDENTITY,meta_engine,12528,12528,12528,12528,12528,0,0,0,0,400896,0,400896
1939,1939,to,META_IDENTITY,meta_engine,12528,12528,12528,12528,12528,0,0,0,0,400896,0,400896
1940,1940,detach,META_IDENTITY,meta_engine,12528,12528,12528,12528,12528,0,0,0,0,400896,0,400896
1941,1941,to,META_IDENTITY,meta_engine,12528,12528,12528,12528,12528,0,0,0,0,400896,0,400896
1942,1942,resolve_conj,META_IDENTITY,meta_engine,12528,12528,12528,12528,12528,0,0,0,0,400896,0,400896
1943,1943,resolve_neg,META_IDENTITY,meta_engine,12528,12528,12528,12528,12528,0,0,0,0,400896,0,400896
1944,1944,detach,META_IDENTITY,meta_engine,147456,147456,147456,147456,147456,0,0,0,0,4718592,0,4718592
1945,1945,detach,META_IDENTITY,meta_engine,147456,147456,147456,147456,147456,0,0,0,0,4718592,0,4718592
1946,1946,to,META_IDENTITY,meta_engine,147456,147456,147456,147456,147456,0,0,0,0,4718592,0,4718592
1947,1947,to,META_IDENTITY,meta_engine,147456,147456,147456,147456,147456,0,0,0,0,4718592,0,4718592
1948,1948,detach,META_IDENTITY,meta_engine,147456,147456,147456,147456,147456,0,0,0,0,4718592,0,4718592
1949,1949,to,META_IDENTITY,meta_engine,147456,147456,147456,147456,147456,0,0,0,0,4718592,0,4718592
1950,1950,resolve_conj,META_IDENTITY,meta_engine,147456,147456,147456,147456,147456,0,0,0,0,4718592,0,4718592
1951,1951,resolve_neg,META_IDENTITY,meta_engine,147456,147456,147456,147456,147456,0,0,0,0,4718592,0,4718592
1952,1952,gelu,GELU,fp16_vector,50112,50112,50112,50112,50112,0,0,0,0,1603584,0,1603584
1953,1953,to,META_IDENTITY,meta_engine,48,48,48,48,48,0,0,0,0,1536,0,1536
1954,1954,to,META_IDENTITY,meta_engine,147456,147456,147456,147456,147456,0,0,0,0,4718592,0,4718592
1955,1955,linear,GEMM_W8A8,pack2_gemm,50112,50112,50112,50112,50112,0,0,0,0,1603584,0,1603584
1956,1956,detach,META_IDENTITY,meta_engine,50112,50112,50112,50112,50112,0,0,0,0,1603584,0,1603584
1957,1957,to,META_IDENTITY,meta_engine,50112,50112,50112,50112,50112,0,0,0,0,1603584,0,1603584
1958,1958,to,META_IDENTITY,meta_engine,50112,50112,50112,50112,50112,0,0,0,0,1603584,0,1603584
1959,1959,detach,META_IDENTITY,meta_engine,50112,50112,50112,50112,50112,0,0,0,0,1603584,0,1603584
1960,1960,to,META_IDENTITY,meta_engine,50112,50112,50112,50112,50112,0,0,0,0,1603584,0,1603584
1961,1961,resolve_conj,META_IDENTITY,meta_engine,50112,50112,50112,50112,50112,0,0,0,0,1603584,0,1603584
1962,1962,resolve_neg,META_IDENTITY,meta_engine,50112,50112,50112,50112,50112,0,0,0,0,1603584,0,1603584
1963,1963,detach,META_IDENTITY,meta_engine,147456,147456,147456,147456,147456,0,0,0,0,4718592,0,4718592
1964,1964,detach,META_IDENTITY,meta_engine,147456,147456,147456,147456,147456,0,0,0,0,4718592,0,4718592
1965,1965,to,META_IDENTITY,meta_engine,147456,147456,147456,147456,147456,0,0,0,0,4718592,0,4718592
1966,1966,to,META_IDENTITY,meta_engine,147456,147456,147456,147456,147456,0,0,0,0,4718592,0,4718592
1967,1967,detach,META_IDENTITY,meta_engine,147456,147456,147456,147456,147456,0,0,0,0,4718592,0,4718592
1968,1968,to,META_IDENTITY,meta_engine,147456,147456,147456,147456,147456,0,0,0,0,4718592,0,4718592
1969,1969,resolve_conj,META_IDENTITY,meta_engine,147456,147456,147456,147456,147456,0,0,0,0,4718592,0,4718592
1970,1970,resolve_neg,META_IDENTITY,meta_engine,147456,147456,147456,147456,147456,0,0,0,0,4718592,0,4718592
1971,1971,mul,MUL,fp16_vector,12528,12528,12528,12528,12528,0,0,0,0,400896,0,400896
1972,1972,add,ADD,fp16_vector,12528,12528,12528,12528,12528,0,0,0,0,400896,0,400896
1973,1973,layer_norm,LAYER_NORM,fp16_vector,12560,12560,12528,12528,12560,0,0,0,0,400896,0,400896
1974,1974,to,META_IDENTITY,meta_engine,48,48,48,48,48,0,0,0,0,1536,0,1536
1975,1975,to,META_IDENTITY,meta_engine,36864,36864,36864,36864,36864,0,0,0,0,1179648,0,1179648
1976,1976,to,META_IDENTITY,meta_engine,12528,12528,12528,12528,12528,0,0,0,0,400896,0,400896
1977,1977,linear,GEMM_W8A8,pack2_gemm,132752,106624,13056,12528,132752,0,153944064,76972032,136,200448,589824,200448
1978,1978,detach,META_IDENTITY,meta_engine,12528,12528,12528,12528,12528,0,0,0,0,400896,0,400896
1979,1979,to,META_IDENTITY,meta_engine,12528,12528,12528,12528,12528,0,0,0,0,400896,0,400896
1980,1980,to,META_IDENTITY,meta_engine,12528,12528,12528,12528,12528,0,0,0,0,400896,0,400896
1981,1981,detach,META_IDENTITY,meta_engine,12528,12528,12528,12528,12528,0,0,0,0,400896,0,400896
1982,1982,to,META_IDENTITY,meta_engine,12528,12528,12528,12528,12528,0,0,0,0,400896,0,400896
1983,1983,resolve_conj,META_IDENTITY,meta_engine,12528,12528,12528,12528,12528,0,0,0,0,400896,0,400896
1984,1984,resolve_neg,META_IDENTITY,meta_engine,12528,12528,12528,12528,12528,0,0,0,0,400896,0,400896
1985,1985,detach,META_IDENTITY,meta_engine,36864,36864,36864,36864,36864,0,0,0,0,1179648,0,1179648
1986,1986,detach,META_IDENTITY,meta_engine,36864,36864,36864,36864,36864,0,0,0,0,1179648,0,1179648
1987,1987,to,META_IDENTITY,meta_engine,36864,36864,36864,36864,36864,0,0,0,0,1179648,0,1179648
1988,1988,to,META_IDENTITY,meta_engine,36864,36864,36864,36864,36864,0,0,0,0,1179648,0,1179648
1989,1989,detach,META_IDENTITY,meta_engine,36864,36864,36864,36864,36864,0,0,0,0,1179648,0,1179648
1990,1990,to,META_IDENTITY,meta_engine,36864,36864,36864,36864,36864,0,0,0,0,1179648,0,1179648
1991,1991,resolve_conj,META_IDENTITY,meta_engine,36864,36864,36864,36864,36864,0,0,0,0,1179648,0,1179648
1992,1992,resolve_neg,META_IDENTITY,meta_engine,36864,36864,36864,36864,36864,0,0,0,0,1179648,0,1179648
1993,1993,to,META_IDENTITY,meta_engine,36864,36864,36864,36864,36864,0,0,0,0,1179648,0,1179648
1994,1994,to,META_IDENTITY,meta_engine,12528,12528,12528,12528,12528,0,0,0,0,400896,0,400896
1995,1995,linear,GEMM_W8A8,pack2_gemm,132752,106624,13056,12528,132752,0,153944064,76972032,136,200448,589824,200448
1996,1996,detach,META_IDENTITY,meta_engine,12528,12528,12528,12528,12528,0,0,0,0,400896,0,400896
1997,1997,to,META_IDENTITY,meta_engine,12528,12528,12528,12528,12528,0,0,0,0,400896,0,400896
1998,1998,to,META_IDENTITY,meta_engine,12528,12528,12528,12528,12528,0,0,0,0,400896,0,400896
1999,1999,detach,META_IDENTITY,meta_engine,12528,12528,12528,12528,12528,0,0,0,0,400896,0,400896
2000,2000,to,META_IDENTITY,meta_engine,12528,12528,12528,12528,12528,0,0,0,0,400896,0,400896
2001,2001,resolve_conj,META_IDENTITY,meta_engine,12528,12528,12528,12528,12528,0,0,0,0,400896,0,400896
2002,2002,resolve_neg,META_IDENTITY,meta_engine,12528,12528,12528,12528,12528,0,0,0,0,400896,0,400896
2003,2003,detach,META_IDENTITY,meta_engine,36864,36864,36864,36864,36864,0,0,0,0,1179648,0,1179648
2004,2004,detach,META_IDENTITY,meta_engine,36864,36864,36864,36864,36864,0,0,0,0,1179648,0,1179648
2005,2005,to,META_IDENTITY,meta_engine,36864,36864,36864,36864,36864,0,0,0,0,1179648,0,1179648
2006,2006,to,META_IDENTITY,meta_engine,36864,36864,36864,36864,36864,0,0,0,0,1179648,0,1179648
2007,2007,detach,META_IDENTITY,meta_engine,36864,36864,36864,36864,36864,0,0,0,0,1179648,0,1179648
2008,2008,to,META_IDENTITY,meta_engine,36864,36864,36864,36864,36864,0,0,0,0,1179648,0,1179648
2009,2009,resolve_conj,META_IDENTITY,meta_engine,36864,36864,36864,36864,36864,0,0,0,0,1179648,0,1179648
2010,2010,resolve_neg,META_IDENTITY,meta_engine,36864,36864,36864,36864,36864,0,0,0,0,1179648,0,1179648
2011,2011,to,META_IDENTITY,meta_engine,48,48,48,48,48,0,0,0,0,1536,0,1536
2012,2012,to,META_IDENTITY,meta_engine,36864,36864,36864,36864,36864,0,0,0,0,1179648,0,1179648
2013,2013,to,META_IDENTITY,meta_engine,12528,12528,12528,12528,12528,0,0,0,0,400896,0,400896
2014,2014,linear,GEMM_W8A8,pack2_gemm,132752,106624,13056,12528,132752,0,153944064,76972032,136,200448,589824,200448
2015,2015,detach,META_IDENTITY,meta_engine,12528,12528,12528,12528,12528,0,0,0,0,400896,0,400896
2016,2016,to,META_IDENTITY,meta_engine,12528,12528,12528,12528,12528,0,0,0,0,400896,0,400896
2017,2017,to,META_IDENTITY,meta_engine,12528,12528,12528,12528,12528,0,0,0,0,400896,0,400896
2018,2018,detach,META_IDENTITY,meta_engine,12528,12528,12528,12528,12528,0,0,0,0,400896,0,400896
2019,2019,to,META_IDENTITY,meta_engine,12528,12528,12528,12528,12528,0,0,0,0,400896,0,400896
2020,2020,resolve_conj,META_IDENTITY,meta_engine,12528,12528,12528,12528,12528,0,0,0,0,400896,0,400896
2021,2021,resolve_neg,META_IDENTITY,meta_engine,12528,12528,12528,12528,12528,0,0,0,0,400896,0,400896
2022,2022,detach,META_IDENTITY,meta_engine,36864,36864,36864,36864,36864,0,0,0,0,1179648,0,1179648
2023,2023,detach,META_IDENTITY,meta_engine,36864,36864,36864,36864,36864,0,0,0,0,1179648,0,1179648
2024,2024,to,META_IDENTITY,meta_engine,36864,36864,36864,36864,36864,0,0,0,0,1179648,0,1179648
2025,2025,to,META_IDENTITY,meta_engine,36864,36864,36864,36864,36864,0,0,0,0,1179648,0,1179648
2026,2026,detach,META_IDENTITY,meta_engine,36864,36864,36864,36864,36864,0,0,0,0,1179648,0,1179648
2027,2027,to,META_IDENTITY,meta_engine,36864,36864,36864,36864,36864,0,0,0,0,1179648,0,1179648
2028,2028,resolve_conj,META_IDENTITY,meta_engine,36864,36864,36864,36864,36864,0,0,0,0,1179648,0,1179648
2029,2029,resolve_neg,META_IDENTITY,meta_engine,36864,36864,36864,36864,36864,0,0,0,0,1179648,0,1179648
2030,2030,view,LAYOUT,layout_engine,12532,12532,12528,12528,12532,0,0,0,0,400896,0,400896
2031,2031,transpose,LAYOUT,layout_engine,12532,12532,12528,12528,12532,0,0,0,0,400896,0,400896
2032,2032,view,LAYOUT,layout_engine,12532,12532,12528,12528,12532,0,0,0,0,400896,0,400896
2033,2033,transpose,LAYOUT,layout_engine,12532,12532,12528,12528,12532,0,0,0,0,400896,0,400896
2034,2034,view,LAYOUT,layout_engine,12532,12532,12528,12528,12532,0,0,0,0,400896,0,400896
2035,2035,transpose,LAYOUT,layout_engine,12532,12532,12528,12528,12532,0,0,0,0,400896,0,400896
2036,2036,split_with_sizes,META_IDENTITY,meta_engine,12528,12528,12528,12528,12528,0,0,0,0,400896,0,400896
2037,2037,split_with_sizes,META_IDENTITY,meta_engine,12528,12528,12528,12528,12528,0,0,0,0,400896,0,400896
2038,2038,mul,MUL,fp16_vector,12288,12288,12288,12288,12288,0,0,0,0,393216,0,393216
2039,2039,slice,LAYOUT,layout_engine,12292,12292,12288,12288,12292,0,0,0,0,393216,0,393216
2040,2040,slice,LAYOUT,layout_engine,12292,12292,12288,12288,12292,0,0,0,0,393216,0,393216
2041,2041,neg,META_IDENTITY,meta_engine,6144,6144,6144,6144,6144,0,0,0,0,196608,0,196608
2042,2042,cat,LAYOUT,layout_engine,6148,6148,6144,6144,6148,0,0,0,0,196608,0,196608
2043,2043,mul,MUL,fp16_vector,12288,12288,12288,12288,12288,0,0,0,0,393216,0,393216
2044,2044,add,ADD,fp16_vector,12288,12288,12288,12288,12288,0,0,0,0,393216,0,393216
2045,2045,mul,MUL,fp16_vector,12288,12288,12288,12288,12288,0,0,0,0,393216,0,393216
2046,2046,slice,LAYOUT,layout_engine,12292,12292,12288,12288,12292,0,0,0,0,393216,0,393216
2047,2047,slice,LAYOUT,layout_engine,12292,12292,12288,12288,12292,0,0,0,0,393216,0,393216
2048,2048,neg,META_IDENTITY,meta_engine,6144,6144,6144,6144,6144,0,0,0,0,196608,0,196608
2049,2049,cat,LAYOUT,layout_engine,6148,6148,6144,6144,6148,0,0,0,0,196608,0,196608
2050,2050,mul,MUL,fp16_vector,12288,12288,12288,12288,12288,0,0,0,0,393216,0,393216
2051,2051,add,ADD,fp16_vector,12288,12288,12288,12288,12288,0,0,0,0,393216,0,393216
2052,2052,cat,LAYOUT,layout_engine,244,244,240,240,244,0,0,0,0,7680,0,7680
2053,2053,cat,LAYOUT,layout_engine,244,244,240,240,244,0,0,0,0,7680,0,7680
2054,2054,to,META_IDENTITY,meta_engine,12528,12528,12528,12528,12528,0,0,0,0,400896,0,400896
2055,2055,to,META_IDENTITY,meta_engine,12528,12528,12528,12528,12528,0,0,0,0,400896,0,400896
2056,2056,scaled_dot_product_attention,ATTENTION,attention_controller,12560,12560,12528,12528,12560,0,0,0,0,400896,0,400896
2057,2057,transpose,LAYOUT,layout_engine,12532,12532,12528,12528,12532,0,0,0,0,400896,0,400896
2058,2058,contiguous,LAYOUT,layout_engine,12532,12532,12528,12528,12532,0,0,0,0,400896,0,400896
2059,2059,reshape,LAYOUT,layout_engine,12532,12532,12528,12528,12532,0,0,0,0,400896,0,400896
2060,2060,to,META_IDENTITY,meta_engine,48,48,48,48,48,0,0,0,0,1536,0,1536
2061,2061,to,META_IDENTITY,meta_engine,36864,36864,36864,36864,36864,0,0,0,0,1179648,0,1179648
2062,2062,linear,GEMM_W8A8,pack2_gemm,132752,106624,13056,12528,132752,0,153944064,76972032,136,200448,589824,200448
2063,2063,detach,META_IDENTITY,meta_engine,12528,12528,12528,12528,12528,0,0,0,0,400896,0,400896
2064,2064,to,META_IDENTITY,meta_engine,12528,12528,12528,12528,12528,0,0,0,0,400896,0,400896
2065,2065,to,META_IDENTITY,meta_engine,12528,12528,12528,12528,12528,0,0,0,0,400896,0,400896
2066,2066,detach,META_IDENTITY,meta_engine,12528,12528,12528,12528,12528,0,0,0,0,400896,0,400896
2067,2067,to,META_IDENTITY,meta_engine,12528,12528,12528,12528,12528,0,0,0,0,400896,0,400896
2068,2068,resolve_conj,META_IDENTITY,meta_engine,12528,12528,12528,12528,12528,0,0,0,0,400896,0,400896
2069,2069,resolve_neg,META_IDENTITY,meta_engine,12528,12528,12528,12528,12528,0,0,0,0,400896,0,400896
2070,2070,detach,META_IDENTITY,meta_engine,36864,36864,36864,36864,36864,0,0,0,0,1179648,0,1179648
2071,2071,detach,META_IDENTITY,meta_engine,36864,36864,36864,36864,36864,0,0,0,0,1179648,0,1179648
2072,2072,to,META_IDENTITY,meta_engine,36864,36864,36864,36864,36864,0,0,0,0,1179648,0,1179648
2073,2073,to,META_IDENTITY,meta_engine,36864,36864,36864,36864,36864,0,0,0,0,1179648,0,1179648
2074,2074,detach,META_IDENTITY,meta_engine,36864,36864,36864,36864,36864,0,0,0,0,1179648,0,1179648
2075,2075,to,META_IDENTITY,meta_engine,36864,36864,36864,36864,36864,0,0,0,0,1179648,0,1179648
2076,2076,resolve_conj,META_IDENTITY,meta_engine,36864,36864,36864,36864,36864,0,0,0,0,1179648,0,1179648
2077,2077,resolve_neg,META_IDENTITY,meta_engine,36864,36864,36864,36864,36864,0,0,0,0,1179648,0,1179648
2078,2078,mul,MUL,fp16_vector,12528,12528,12528,12528,12528,0,0,0,0,400896,0,400896
2079,2079,add,ADD,fp16_vector,12528,12528,12528,12528,12528,0,0,0,0,400896,0,400896
2080,2080,layer_norm,LAYER_NORM,fp16_vector,12560,12560,12528,12528,12560,0,0,0,0,400896,0,400896
2081,2081,to,META_IDENTITY,meta_engine,192,192,192,192,192,0,0,0,0,6144,0,6144
2082,2082,to,META_IDENTITY,meta_engine,147456,147456,147456,147456,147456,0,0,0,0,4718592,0,4718592
2083,2083,to,META_IDENTITY,meta_engine,12528,12528,12528,12528,12528,0,0,0,0,400896,0,400896
2084,2084,linear,GEMM_W8A8,pack2_gemm,12528,12528,12528,12528,12528,0,0,0,0,400896,0,400896
2085,2085,detach,META_IDENTITY,meta_engine,12528,12528,12528,12528,12528,0,0,0,0,400896,0,400896
2086,2086,to,META_IDENTITY,meta_engine,12528,12528,12528,12528,12528,0,0,0,0,400896,0,400896
2087,2087,to,META_IDENTITY,meta_engine,12528,12528,12528,12528,12528,0,0,0,0,400896,0,400896
2088,2088,detach,META_IDENTITY,meta_engine,12528,12528,12528,12528,12528,0,0,0,0,400896,0,400896
2089,2089,to,META_IDENTITY,meta_engine,12528,12528,12528,12528,12528,0,0,0,0,400896,0,400896
2090,2090,resolve_conj,META_IDENTITY,meta_engine,12528,12528,12528,12528,12528,0,0,0,0,400896,0,400896
2091,2091,resolve_neg,META_IDENTITY,meta_engine,12528,12528,12528,12528,12528,0,0,0,0,400896,0,400896
2092,2092,detach,META_IDENTITY,meta_engine,147456,147456,147456,147456,147456,0,0,0,0,4718592,0,4718592
2093,2093,detach,META_IDENTITY,meta_engine,147456,147456,147456,147456,147456,0,0,0,0,4718592,0,4718592
2094,2094,to,META_IDENTITY,meta_engine,147456,147456,147456,147456,147456,0,0,0,0,4718592,0,4718592
2095,2095,to,META_IDENTITY,meta_engine,147456,147456,147456,147456,147456,0,0,0,0,4718592,0,4718592
2096,2096,detach,META_IDENTITY,meta_engine,147456,147456,147456,147456,147456,0,0,0,0,4718592,0,4718592
2097,2097,to,META_IDENTITY,meta_engine,147456,147456,147456,147456,147456,0,0,0,0,4718592,0,4718592
2098,2098,resolve_conj,META_IDENTITY,meta_engine,147456,147456,147456,147456,147456,0,0,0,0,4718592,0,4718592
2099,2099,resolve_neg,META_IDENTITY,meta_engine,147456,147456,147456,147456,147456,0,0,0,0,4718592,0,4718592
2100,2100,gelu,GELU,fp16_vector,50112,50112,50112,50112,50112,0,0,0,0,1603584,0,1603584
2101,2101,to,META_IDENTITY,meta_engine,48,48,48,48,48,0,0,0,0,1536,0,1536
2102,2102,to,META_IDENTITY,meta_engine,147456,147456,147456,147456,147456,0,0,0,0,4718592,0,4718592
2103,2103,linear,GEMM_W8A8,pack2_gemm,50112,50112,50112,50112,50112,0,0,0,0,1603584,0,1603584
2104,2104,detach,META_IDENTITY,meta_engine,50112,50112,50112,50112,50112,0,0,0,0,1603584,0,1603584
2105,2105,to,META_IDENTITY,meta_engine,50112,50112,50112,50112,50112,0,0,0,0,1603584,0,1603584
2106,2106,to,META_IDENTITY,meta_engine,50112,50112,50112,50112,50112,0,0,0,0,1603584,0,1603584
2107,2107,detach,META_IDENTITY,meta_engine,50112,50112,50112,50112,50112,0,0,0,0,1603584,0,1603584
2108,2108,to,META_IDENTITY,meta_engine,50112,50112,50112,50112,50112,0,0,0,0,1603584,0,1603584
2109,2109,resolve_conj,META_IDENTITY,meta_engine,50112,50112,50112,50112,50112,0,0,0,0,1603584,0,1603584
2110,2110,resolve_neg,META_IDENTITY,meta_engine,50112,50112,50112,50112,50112,0,0,0,0,1603584,0,1603584
2111,2111,detach,META_IDENTITY,meta_engine,147456,147456,147456,147456,147456,0,0,0,0,4718592,0,4718592
2112,2112,detach,META_IDENTITY,meta_engine,147456,147456,147456,147456,147456,0,0,0,0,4718592,0,4718592
2113,2113,to,META_IDENTITY,meta_engine,147456,147456,147456,147456,147456,0,0,0,0,4718592,0,4718592
2114,2114,to,META_IDENTITY,meta_engine,147456,147456,147456,147456,147456,0,0,0,0,4718592,0,4718592
2115,2115,detach,META_IDENTITY,meta_engine,147456,147456,147456,147456,147456,0,0,0,0,4718592,0,4718592
2116,2116,to,META_IDENTITY,meta_engine,147456,147456,147456,147456,147456,0,0,0,0,4718592,0,4718592
2117,2117,resolve_conj,META_IDENTITY,meta_engine,147456,147456,147456,147456,147456,0,0,0,0,4718592,0,4718592
2118,2118,resolve_neg,META_IDENTITY,meta_engine,147456,147456,147456,147456,147456,0,0,0,0,4718592,0,4718592
2119,2119,mul,MUL,fp16_vector,12528,12528,12528,12528,12528,0,0,0,0,400896,0,400896
2120,2120,add,ADD,fp16_vector,12528,12528,12528,12528,12528,0,0,0,0,400896,0,400896
2121,2121,layer_norm,LAYER_NORM,fp16_vector,12560,12560,12528,12528,12560,0,0,0,0,400896,0,400896
2122,2122,to,META_IDENTITY,meta_engine,48,48,48,48,48,0,0,0,0,1536,0,1536
2123,2123,to,META_IDENTITY,meta_engine,36864,36864,36864,36864,36864,0,0,0,0,1179648,0,1179648
2124,2124,to,META_IDENTITY,meta_engine,12528,12528,12528,12528,12528,0,0,0,0,400896,0,400896
2125,2125,linear,GEMM_W8A8,pack2_gemm,132752,106624,13056,12528,132752,0,153944064,76972032,136,200448,589824,200448
2126,2126,detach,META_IDENTITY,meta_engine,12528,12528,12528,12528,12528,0,0,0,0,400896,0,400896
2127,2127,to,META_IDENTITY,meta_engine,12528,12528,12528,12528,12528,0,0,0,0,400896,0,400896
2128,2128,to,META_IDENTITY,meta_engine,12528,12528,12528,12528,12528,0,0,0,0,400896,0,400896
2129,2129,detach,META_IDENTITY,meta_engine,12528,12528,12528,12528,12528,0,0,0,0,400896,0,400896
2130,2130,to,META_IDENTITY,meta_engine,12528,12528,12528,12528,12528,0,0,0,0,400896,0,400896
2131,2131,resolve_conj,META_IDENTITY,meta_engine,12528,12528,12528,12528,12528,0,0,0,0,400896,0,400896
2132,2132,resolve_neg,META_IDENTITY,meta_engine,12528,12528,12528,12528,12528,0,0,0,0,400896,0,400896
2133,2133,detach,META_IDENTITY,meta_engine,36864,36864,36864,36864,36864,0,0,0,0,1179648,0,1179648
2134,2134,detach,META_IDENTITY,meta_engine,36864,36864,36864,36864,36864,0,0,0,0,1179648,0,1179648
2135,2135,to,META_IDENTITY,meta_engine,36864,36864,36864,36864,36864,0,0,0,0,1179648,0,1179648
2136,2136,to,META_IDENTITY,meta_engine,36864,36864,36864,36864,36864,0,0,0,0,1179648,0,1179648
2137,2137,detach,META_IDENTITY,meta_engine,36864,36864,36864,36864,36864,0,0,0,0,1179648,0,1179648
2138,2138,to,META_IDENTITY,meta_engine,36864,36864,36864,36864,36864,0,0,0,0,1179648,0,1179648
2139,2139,resolve_conj,META_IDENTITY,meta_engine,36864,36864,36864,36864,36864,0,0,0,0,1179648,0,1179648
2140,2140,resolve_neg,META_IDENTITY,meta_engine,36864,36864,36864,36864,36864,0,0,0,0,1179648,0,1179648
2141,2141,to,META_IDENTITY,meta_engine,36864,36864,36864,36864,36864,0,0,0,0,1179648,0,1179648
2142,2142,to,META_IDENTITY,meta_engine,12528,12528,12528,12528,12528,0,0,0,0,400896,0,400896
2143,2143,linear,GEMM_W8A8,pack2_gemm,132752,106624,13056,12528,132752,0,153944064,76972032,136,200448,589824,200448
2144,2144,detach,META_IDENTITY,meta_engine,12528,12528,12528,12528,12528,0,0,0,0,400896,0,400896
2145,2145,to,META_IDENTITY,meta_engine,12528,12528,12528,12528,12528,0,0,0,0,400896,0,400896
2146,2146,to,META_IDENTITY,meta_engine,12528,12528,12528,12528,12528,0,0,0,0,400896,0,400896
2147,2147,detach,META_IDENTITY,meta_engine,12528,12528,12528,12528,12528,0,0,0,0,400896,0,400896
2148,2148,to,META_IDENTITY,meta_engine,12528,12528,12528,12528,12528,0,0,0,0,400896,0,400896
2149,2149,resolve_conj,META_IDENTITY,meta_engine,12528,12528,12528,12528,12528,0,0,0,0,400896,0,400896
2150,2150,resolve_neg,META_IDENTITY,meta_engine,12528,12528,12528,12528,12528,0,0,0,0,400896,0,400896
2151,2151,detach,META_IDENTITY,meta_engine,36864,36864,36864,36864,36864,0,0,0,0,1179648,0,1179648
2152,2152,detach,META_IDENTITY,meta_engine,36864,36864,36864,36864,36864,0,0,0,0,1179648,0,1179648
2153,2153,to,META_IDENTITY,meta_engine,36864,36864,36864,36864,36864,0,0,0,0,1179648,0,1179648
2154,2154,to,META_IDENTITY,meta_engine,36864,36864,36864,36864,36864,0,0,0,0,1179648,0,1179648
2155,2155,detach,META_IDENTITY,meta_engine,36864,36864,36864,36864,36864,0,0,0,0,1179648,0,1179648
2156,2156,to,META_IDENTITY,meta_engine,36864,36864,36864,36864,36864,0,0,0,0,1179648,0,1179648
2157,2157,resolve_conj,META_IDENTITY,meta_engine,36864,36864,36864,36864,36864,0,0,0,0,1179648,0,1179648
2158,2158,resolve_neg,META_IDENTITY,meta_engine,36864,36864,36864,36864,36864,0,0,0,0,1179648,0,1179648
2159,2159,to,META_IDENTITY,meta_engine,48,48,48,48,48,0,0,0,0,1536,0,1536
2160,2160,to,META_IDENTITY,meta_engine,36864,36864,36864,36864,36864,0,0,0,0,1179648,0,1179648
2161,2161,to,META_IDENTITY,meta_engine,12528,12528,12528,12528,12528,0,0,0,0,400896,0,400896
2162,2162,linear,GEMM_W8A8,pack2_gemm,132752,106624,13056,12528,132752,0,153944064,76972032,136,200448,589824,200448
2163,2163,detach,META_IDENTITY,meta_engine,12528,12528,12528,12528,12528,0,0,0,0,400896,0,400896
2164,2164,to,META_IDENTITY,meta_engine,12528,12528,12528,12528,12528,0,0,0,0,400896,0,400896
2165,2165,to,META_IDENTITY,meta_engine,12528,12528,12528,12528,12528,0,0,0,0,400896,0,400896
2166,2166,detach,META_IDENTITY,meta_engine,12528,12528,12528,12528,12528,0,0,0,0,400896,0,400896
2167,2167,to,META_IDENTITY,meta_engine,12528,12528,12528,12528,12528,0,0,0,0,400896,0,400896
2168,2168,resolve_conj,META_IDENTITY,meta_engine,12528,12528,12528,12528,12528,0,0,0,0,400896,0,400896
2169,2169,resolve_neg,META_IDENTITY,meta_engine,12528,12528,12528,12528,12528,0,0,0,0,400896,0,400896
2170,2170,detach,META_IDENTITY,meta_engine,36864,36864,36864,36864,36864,0,0,0,0,1179648,0,1179648
2171,2171,detach,META_IDENTITY,meta_engine,36864,36864,36864,36864,36864,0,0,0,0,1179648,0,1179648
2172,2172,to,META_IDENTITY,meta_engine,36864,36864,36864,36864,36864,0,0,0,0,1179648,0,1179648
2173,2173,to,META_IDENTITY,meta_engine,36864,36864,36864,36864,36864,0,0,0,0,1179648,0,1179648
2174,2174,detach,META_IDENTITY,meta_engine,36864,36864,36864,36864,36864,0,0,0,0,1179648,0,1179648
2175,2175,to,META_IDENTITY,meta_engine,36864,36864,36864,36864,36864,0,0,0,0,1179648,0,1179648
2176,2176,resolve_conj,META_IDENTITY,meta_engine,36864,36864,36864,36864,36864,0,0,0,0,1179648,0,1179648
2177,2177,resolve_neg,META_IDENTITY,meta_engine,36864,36864,36864,36864,36864,0,0,0,0,1179648,0,1179648
2178,2178,view,LAYOUT,layout_engine,12532,12532,12528,12528,12532,0,0,0,0,400896,0,400896
2179,2179,transpose,LAYOUT,layout_engine,12532,12532,12528,12528,12532,0,0,0,0,400896,0,400896
2180,2180,view,LAYOUT,layout_engine,12532,12532,12528,12528,12532,0,0,0,0,400896,0,400896
2181,2181,transpose,LAYOUT,layout_engine,12532,12532,12528,12528,12532,0,0,0,0,400896,0,400896
2182,2182,view,LAYOUT,layout_engine,12532,12532,12528,12528,12532,0,0,0,0,400896,0,400896
2183,2183,transpose,LAYOUT,layout_engine,12532,12532,12528,12528,12532,0,0,0,0,400896,0,400896
2184,2184,split_with_sizes,META_IDENTITY,meta_engine,12528,12528,12528,12528,12528,0,0,0,0,400896,0,400896
2185,2185,split_with_sizes,META_IDENTITY,meta_engine,12528,12528,12528,12528,12528,0,0,0,0,400896,0,400896
2186,2186,mul,MUL,fp16_vector,12288,12288,12288,12288,12288,0,0,0,0,393216,0,393216
2187,2187,slice,LAYOUT,layout_engine,12292,12292,12288,12288,12292,0,0,0,0,393216,0,393216
2188,2188,slice,LAYOUT,layout_engine,12292,12292,12288,12288,12292,0,0,0,0,393216,0,393216
2189,2189,neg,META_IDENTITY,meta_engine,6144,6144,6144,6144,6144,0,0,0,0,196608,0,196608
2190,2190,cat,LAYOUT,layout_engine,6148,6148,6144,6144,6148,0,0,0,0,196608,0,196608
2191,2191,mul,MUL,fp16_vector,12288,12288,12288,12288,12288,0,0,0,0,393216,0,393216
2192,2192,add,ADD,fp16_vector,12288,12288,12288,12288,12288,0,0,0,0,393216,0,393216
2193,2193,mul,MUL,fp16_vector,12288,12288,12288,12288,12288,0,0,0,0,393216,0,393216
2194,2194,slice,LAYOUT,layout_engine,12292,12292,12288,12288,12292,0,0,0,0,393216,0,393216
2195,2195,slice,LAYOUT,layout_engine,12292,12292,12288,12288,12292,0,0,0,0,393216,0,393216
2196,2196,neg,META_IDENTITY,meta_engine,6144,6144,6144,6144,6144,0,0,0,0,196608,0,196608
2197,2197,cat,LAYOUT,layout_engine,6148,6148,6144,6144,6148,0,0,0,0,196608,0,196608
2198,2198,mul,MUL,fp16_vector,12288,12288,12288,12288,12288,0,0,0,0,393216,0,393216
2199,2199,add,ADD,fp16_vector,12288,12288,12288,12288,12288,0,0,0,0,393216,0,393216
2200,2200,cat,LAYOUT,layout_engine,244,244,240,240,244,0,0,0,0,7680,0,7680
2201,2201,cat,LAYOUT,layout_engine,244,244,240,240,244,0,0,0,0,7680,0,7680
2202,2202,to,META_IDENTITY,meta_engine,12528,12528,12528,12528,12528,0,0,0,0,400896,0,400896
2203,2203,to,META_IDENTITY,meta_engine,12528,12528,12528,12528,12528,0,0,0,0,400896,0,400896
2204,2204,scaled_dot_product_attention,ATTENTION,attention_controller,12560,12560,12528,12528,12560,0,0,0,0,400896,0,400896
2205,2205,transpose,LAYOUT,layout_engine,12532,12532,12528,12528,12532,0,0,0,0,400896,0,400896
2206,2206,contiguous,LAYOUT,layout_engine,12532,12532,12528,12528,12532,0,0,0,0,400896,0,400896
2207,2207,reshape,LAYOUT,layout_engine,12532,12532,12528,12528,12532,0,0,0,0,400896,0,400896
2208,2208,to,META_IDENTITY,meta_engine,48,48,48,48,48,0,0,0,0,1536,0,1536
2209,2209,to,META_IDENTITY,meta_engine,36864,36864,36864,36864,36864,0,0,0,0,1179648,0,1179648
2210,2210,linear,GEMM_W8A8,pack2_gemm,132752,106624,13056,12528,132752,0,153944064,76972032,136,200448,589824,200448
2211,2211,detach,META_IDENTITY,meta_engine,12528,12528,12528,12528,12528,0,0,0,0,400896,0,400896
2212,2212,to,META_IDENTITY,meta_engine,12528,12528,12528,12528,12528,0,0,0,0,400896,0,400896
2213,2213,to,META_IDENTITY,meta_engine,12528,12528,12528,12528,12528,0,0,0,0,400896,0,400896
2214,2214,detach,META_IDENTITY,meta_engine,12528,12528,12528,12528,12528,0,0,0,0,400896,0,400896
2215,2215,to,META_IDENTITY,meta_engine,12528,12528,12528,12528,12528,0,0,0,0,400896,0,400896
2216,2216,resolve_conj,META_IDENTITY,meta_engine,12528,12528,12528,12528,12528,0,0,0,0,400896,0,400896
2217,2217,resolve_neg,META_IDENTITY,meta_engine,12528,12528,12528,12528,12528,0,0,0,0,400896,0,400896
2218,2218,detach,META_IDENTITY,meta_engine,36864,36864,36864,36864,36864,0,0,0,0,1179648,0,1179648
2219,2219,detach,META_IDENTITY,meta_engine,36864,36864,36864,36864,36864,0,0,0,0,1179648,0,1179648
2220,2220,to,META_IDENTITY,meta_engine,36864,36864,36864,36864,36864,0,0,0,0,1179648,0,1179648
2221,2221,to,META_IDENTITY,meta_engine,36864,36864,36864,36864,36864,0,0,0,0,1179648,0,1179648
2222,2222,detach,META_IDENTITY,meta_engine,36864,36864,36864,36864,36864,0,0,0,0,1179648,0,1179648
2223,2223,to,META_IDENTITY,meta_engine,36864,36864,36864,36864,36864,0,0,0,0,1179648,0,1179648
2224,2224,resolve_conj,META_IDENTITY,meta_engine,36864,36864,36864,36864,36864,0,0,0,0,1179648,0,1179648
2225,2225,resolve_neg,META_IDENTITY,meta_engine,36864,36864,36864,36864,36864,0,0,0,0,1179648,0,1179648
2226,2226,mul,MUL,fp16_vector,12528,12528,12528,12528,12528,0,0,0,0,400896,0,400896
2227,2227,add,ADD,fp16_vector,12528,12528,12528,12528,12528,0,0,0,0,400896,0,400896
2228,2228,layer_norm,LAYER_NORM,fp16_vector,12560,12560,12528,12528,12560,0,0,0,0,400896,0,400896
2229,2229,to,META_IDENTITY,meta_engine,192,192,192,192,192,0,0,0,0,6144,0,6144
2230,2230,to,META_IDENTITY,meta_engine,147456,147456,147456,147456,147456,0,0,0,0,4718592,0,4718592
2231,2231,to,META_IDENTITY,meta_engine,12528,12528,12528,12528,12528,0,0,0,0,400896,0,400896
2232,2232,linear,GEMM_W8A8,pack2_gemm,12528,12528,12528,12528,12528,0,0,0,0,400896,0,400896
2233,2233,detach,META_IDENTITY,meta_engine,12528,12528,12528,12528,12528,0,0,0,0,400896,0,400896
2234,2234,to,META_IDENTITY,meta_engine,12528,12528,12528,12528,12528,0,0,0,0,400896,0,400896
2235,2235,to,META_IDENTITY,meta_engine,12528,12528,12528,12528,12528,0,0,0,0,400896,0,400896
2236,2236,detach,META_IDENTITY,meta_engine,12528,12528,12528,12528,12528,0,0,0,0,400896,0,400896
2237,2237,to,META_IDENTITY,meta_engine,12528,12528,12528,12528,12528,0,0,0,0,400896,0,400896
2238,2238,resolve_conj,META_IDENTITY,meta_engine,12528,12528,12528,12528,12528,0,0,0,0,400896,0,400896
2239,2239,resolve_neg,META_IDENTITY,meta_engine,12528,12528,12528,12528,12528,0,0,0,0,400896,0,400896
2240,2240,detach,META_IDENTITY,meta_engine,147456,147456,147456,147456,147456,0,0,0,0,4718592,0,4718592
2241,2241,detach,META_IDENTITY,meta_engine,147456,147456,147456,147456,147456,0,0,0,0,4718592,0,4718592
2242,2242,to,META_IDENTITY,meta_engine,147456,147456,147456,147456,147456,0,0,0,0,4718592,0,4718592
2243,2243,to,META_IDENTITY,meta_engine,147456,147456,147456,147456,147456,0,0,0,0,4718592,0,4718592
2244,2244,detach,META_IDENTITY,meta_engine,147456,147456,147456,147456,147456,0,0,0,0,4718592,0,4718592
2245,2245,to,META_IDENTITY,meta_engine,147456,147456,147456,147456,147456,0,0,0,0,4718592,0,4718592
2246,2246,resolve_conj,META_IDENTITY,meta_engine,147456,147456,147456,147456,147456,0,0,0,0,4718592,0,4718592
2247,2247,resolve_neg,META_IDENTITY,meta_engine,147456,147456,147456,147456,147456,0,0,0,0,4718592,0,4718592
2248,2248,gelu,GELU,fp16_vector,50112,50112,50112,50112,50112,0,0,0,0,1603584,0,1603584
2249,2249,to,META_IDENTITY,meta_engine,48,48,48,48,48,0,0,0,0,1536,0,1536
2250,2250,to,META_IDENTITY,meta_engine,147456,147456,147456,147456,147456,0,0,0,0,4718592,0,4718592
2251,2251,linear,GEMM_W8A8,pack2_gemm,50112,50112,50112,50112,50112,0,0,0,0,1603584,0,1603584
2252,2252,detach,META_IDENTITY,meta_engine,50112,50112,50112,50112,50112,0,0,0,0,1603584,0,1603584
2253,2253,to,META_IDENTITY,meta_engine,50112,50112,50112,50112,50112,0,0,0,0,1603584,0,1603584
2254,2254,to,META_IDENTITY,meta_engine,50112,50112,50112,50112,50112,0,0,0,0,1603584,0,1603584
2255,2255,detach,META_IDENTITY,meta_engine,50112,50112,50112,50112,50112,0,0,0,0,1603584,0,1603584
2256,2256,to,META_IDENTITY,meta_engine,50112,50112,50112,50112,50112,0,0,0,0,1603584,0,1603584
2257,2257,resolve_conj,META_IDENTITY,meta_engine,50112,50112,50112,50112,50112,0,0,0,0,1603584,0,1603584
2258,2258,resolve_neg,META_IDENTITY,meta_engine,50112,50112,50112,50112,50112,0,0,0,0,1603584,0,1603584
2259,2259,detach,META_IDENTITY,meta_engine,147456,147456,147456,147456,147456,0,0,0,0,4718592,0,4718592
2260,2260,detach,META_IDENTITY,meta_engine,147456,147456,147456,147456,147456,0,0,0,0,4718592,0,4718592
2261,2261,to,META_IDENTITY,meta_engine,147456,147456,147456,147456,147456,0,0,0,0,4718592,0,4718592
2262,2262,to,META_IDENTITY,meta_engine,147456,147456,147456,147456,147456,0,0,0,0,4718592,0,4718592
2263,2263,detach,META_IDENTITY,meta_engine,147456,147456,147456,147456,147456,0,0,0,0,4718592,0,4718592
2264,2264,to,META_IDENTITY,meta_engine,147456,147456,147456,147456,147456,0,0,0,0,4718592,0,4718592
2265,2265,resolve_conj,META_IDENTITY,meta_engine,147456,147456,147456,147456,147456,0,0,0,0,4718592,0,4718592
2266,2266,resolve_neg,META_IDENTITY,meta_engine,147456,147456,147456,147456,147456,0,0,0,0,4718592,0,4718592
2267,2267,mul,MUL,fp16_vector,12528,12528,12528,12528,12528,0,0,0,0,400896,0,400896
2268,2268,add,ADD,fp16_vector,12528,12528,12528,12528,12528,0,0,0,0,400896,0,400896
2269,2269,layer_norm,LAYER_NORM,fp16_vector,12560,12560,12528,12528,12560,0,0,0,0,400896,0,400896
2270,2270,to,META_IDENTITY,meta_engine,48,48,48,48,48,0,0,0,0,1536,0,1536
2271,2271,to,META_IDENTITY,meta_engine,36864,36864,36864,36864,36864,0,0,0,0,1179648,0,1179648
2272,2272,to,META_IDENTITY,meta_engine,12528,12528,12528,12528,12528,0,0,0,0,400896,0,400896
2273,2273,linear,GEMM_W8A8,pack2_gemm,132752,106624,13056,12528,132752,0,153944064,76972032,136,200448,589824,200448
2274,2274,detach,META_IDENTITY,meta_engine,12528,12528,12528,12528,12528,0,0,0,0,400896,0,400896
2275,2275,to,META_IDENTITY,meta_engine,12528,12528,12528,12528,12528,0,0,0,0,400896,0,400896
2276,2276,to,META_IDENTITY,meta_engine,12528,12528,12528,12528,12528,0,0,0,0,400896,0,400896
2277,2277,detach,META_IDENTITY,meta_engine,12528,12528,12528,12528,12528,0,0,0,0,400896,0,400896
2278,2278,to,META_IDENTITY,meta_engine,12528,12528,12528,12528,12528,0,0,0,0,400896,0,400896
2279,2279,resolve_conj,META_IDENTITY,meta_engine,12528,12528,12528,12528,12528,0,0,0,0,400896,0,400896
2280,2280,resolve_neg,META_IDENTITY,meta_engine,12528,12528,12528,12528,12528,0,0,0,0,400896,0,400896
2281,2281,detach,META_IDENTITY,meta_engine,36864,36864,36864,36864,36864,0,0,0,0,1179648,0,1179648
2282,2282,detach,META_IDENTITY,meta_engine,36864,36864,36864,36864,36864,0,0,0,0,1179648,0,1179648
2283,2283,to,META_IDENTITY,meta_engine,36864,36864,36864,36864,36864,0,0,0,0,1179648,0,1179648
2284,2284,to,META_IDENTITY,meta_engine,36864,36864,36864,36864,36864,0,0,0,0,1179648,0,1179648
2285,2285,detach,META_IDENTITY,meta_engine,36864,36864,36864,36864,36864,0,0,0,0,1179648,0,1179648
2286,2286,to,META_IDENTITY,meta_engine,36864,36864,36864,36864,36864,0,0,0,0,1179648,0,1179648
2287,2287,resolve_conj,META_IDENTITY,meta_engine,36864,36864,36864,36864,36864,0,0,0,0,1179648,0,1179648
2288,2288,resolve_neg,META_IDENTITY,meta_engine,36864,36864,36864,36864,36864,0,0,0,0,1179648,0,1179648
2289,2289,to,META_IDENTITY,meta_engine,36864,36864,36864,36864,36864,0,0,0,0,1179648,0,1179648
2290,2290,to,META_IDENTITY,meta_engine,12528,12528,12528,12528,12528,0,0,0,0,400896,0,400896
2291,2291,linear,GEMM_W8A8,pack2_gemm,132752,106624,13056,12528,132752,0,153944064,76972032,136,200448,589824,200448
2292,2292,detach,META_IDENTITY,meta_engine,12528,12528,12528,12528,12528,0,0,0,0,400896,0,400896
2293,2293,to,META_IDENTITY,meta_engine,12528,12528,12528,12528,12528,0,0,0,0,400896,0,400896
2294,2294,to,META_IDENTITY,meta_engine,12528,12528,12528,12528,12528,0,0,0,0,400896,0,400896
2295,2295,detach,META_IDENTITY,meta_engine,12528,12528,12528,12528,12528,0,0,0,0,400896,0,400896
2296,2296,to,META_IDENTITY,meta_engine,12528,12528,12528,12528,12528,0,0,0,0,400896,0,400896
2297,2297,resolve_conj,META_IDENTITY,meta_engine,12528,12528,12528,12528,12528,0,0,0,0,400896,0,400896
2298,2298,resolve_neg,META_IDENTITY,meta_engine,12528,12528,12528,12528,12528,0,0,0,0,400896,0,400896
2299,2299,detach,META_IDENTITY,meta_engine,36864,36864,36864,36864,36864,0,0,0,0,1179648,0,1179648
2300,2300,detach,META_IDENTITY,meta_engine,36864,36864,36864,36864,36864,0,0,0,0,1179648,0,1179648
2301,2301,to,META_IDENTITY,meta_engine,36864,36864,36864,36864,36864,0,0,0,0,1179648,0,1179648
2302,2302,to,META_IDENTITY,meta_engine,36864,36864,36864,36864,36864,0,0,0,0,1179648,0,1179648
2303,2303,detach,META_IDENTITY,meta_engine,36864,36864,36864,36864,36864,0,0,0,0,1179648,0,1179648
2304,2304,to,META_IDENTITY,meta_engine,36864,36864,36864,36864,36864,0,0,0,0,1179648,0,1179648
2305,2305,resolve_conj,META_IDENTITY,meta_engine,36864,36864,36864,36864,36864,0,0,0,0,1179648,0,1179648
2306,2306,resolve_neg,META_IDENTITY,meta_engine,36864,36864,36864,36864,36864,0,0,0,0,1179648,0,1179648
2307,2307,to,META_IDENTITY,meta_engine,48,48,48,48,48,0,0,0,0,1536,0,1536
2308,2308,to,META_IDENTITY,meta_engine,36864,36864,36864,36864,36864,0,0,0,0,1179648,0,1179648
2309,2309,to,META_IDENTITY,meta_engine,12528,12528,12528,12528,12528,0,0,0,0,400896,0,400896
2310,2310,linear,GEMM_W8A8,pack2_gemm,132752,106624,13056,12528,132752,0,153944064,76972032,136,200448,589824,200448
2311,2311,detach,META_IDENTITY,meta_engine,12528,12528,12528,12528,12528,0,0,0,0,400896,0,400896
2312,2312,to,META_IDENTITY,meta_engine,12528,12528,12528,12528,12528,0,0,0,0,400896,0,400896
2313,2313,to,META_IDENTITY,meta_engine,12528,12528,12528,12528,12528,0,0,0,0,400896,0,400896
2314,2314,detach,META_IDENTITY,meta_engine,12528,12528,12528,12528,12528,0,0,0,0,400896,0,400896
2315,2315,to,META_IDENTITY,meta_engine,12528,12528,12528,12528,12528,0,0,0,0,400896,0,400896
2316,2316,resolve_conj,META_IDENTITY,meta_engine,12528,12528,12528,12528,12528,0,0,0,0,400896,0,400896
2317,2317,resolve_neg,META_IDENTITY,meta_engine,12528,12528,12528,12528,12528,0,0,0,0,400896,0,400896
2318,2318,detach,META_IDENTITY,meta_engine,36864,36864,36864,36864,36864,0,0,0,0,1179648,0,1179648
2319,2319,detach,META_IDENTITY,meta_engine,36864,36864,36864,36864,36864,0,0,0,0,1179648,0,1179648
2320,2320,to,META_IDENTITY,meta_engine,36864,36864,36864,36864,36864,0,0,0,0,1179648,0,1179648
2321,2321,to,META_IDENTITY,meta_engine,36864,36864,36864,36864,36864,0,0,0,0,1179648,0,1179648
2322,2322,detach,META_IDENTITY,meta_engine,36864,36864,36864,36864,36864,0,0,0,0,1179648,0,1179648
2323,2323,to,META_IDENTITY,meta_engine,36864,36864,36864,36864,36864,0,0,0,0,1179648,0,1179648
2324,2324,resolve_conj,META_IDENTITY,meta_engine,36864,36864,36864,36864,36864,0,0,0,0,1179648,0,1179648
2325,2325,resolve_neg,META_IDENTITY,meta_engine,36864,36864,36864,36864,36864,0,0,0,0,1179648,0,1179648
2326,2326,view,LAYOUT,layout_engine,12532,12532,12528,12528,12532,0,0,0,0,400896,0,400896
2327,2327,transpose,LAYOUT,layout_engine,12532,12532,12528,12528,12532,0,0,0,0,400896,0,400896
2328,2328,view,LAYOUT,layout_engine,12532,12532,12528,12528,12532,0,0,0,0,400896,0,400896
2329,2329,transpose,LAYOUT,layout_engine,12532,12532,12528,12528,12532,0,0,0,0,400896,0,400896
2330,2330,view,LAYOUT,layout_engine,12532,12532,12528,12528,12532,0,0,0,0,400896,0,400896
2331,2331,transpose,LAYOUT,layout_engine,12532,12532,12528,12528,12532,0,0,0,0,400896,0,400896
2332,2332,split_with_sizes,META_IDENTITY,meta_engine,12528,12528,12528,12528,12528,0,0,0,0,400896,0,400896
2333,2333,split_with_sizes,META_IDENTITY,meta_engine,12528,12528,12528,12528,12528,0,0,0,0,400896,0,400896
2334,2334,mul,MUL,fp16_vector,12288,12288,12288,12288,12288,0,0,0,0,393216,0,393216
2335,2335,slice,LAYOUT,layout_engine,12292,12292,12288,12288,12292,0,0,0,0,393216,0,393216
2336,2336,slice,LAYOUT,layout_engine,12292,12292,12288,12288,12292,0,0,0,0,393216,0,393216
2337,2337,neg,META_IDENTITY,meta_engine,6144,6144,6144,6144,6144,0,0,0,0,196608,0,196608
2338,2338,cat,LAYOUT,layout_engine,6148,6148,6144,6144,6148,0,0,0,0,196608,0,196608
2339,2339,mul,MUL,fp16_vector,12288,12288,12288,12288,12288,0,0,0,0,393216,0,393216
2340,2340,add,ADD,fp16_vector,12288,12288,12288,12288,12288,0,0,0,0,393216,0,393216
2341,2341,mul,MUL,fp16_vector,12288,12288,12288,12288,12288,0,0,0,0,393216,0,393216
2342,2342,slice,LAYOUT,layout_engine,12292,12292,12288,12288,12292,0,0,0,0,393216,0,393216
2343,2343,slice,LAYOUT,layout_engine,12292,12292,12288,12288,12292,0,0,0,0,393216,0,393216
2344,2344,neg,META_IDENTITY,meta_engine,6144,6144,6144,6144,6144,0,0,0,0,196608,0,196608
2345,2345,cat,LAYOUT,layout_engine,6148,6148,6144,6144,6148,0,0,0,0,196608,0,196608
2346,2346,mul,MUL,fp16_vector,12288,12288,12288,12288,12288,0,0,0,0,393216,0,393216
2347,2347,add,ADD,fp16_vector,12288,12288,12288,12288,12288,0,0,0,0,393216,0,393216
2348,2348,cat,LAYOUT,layout_engine,244,244,240,240,244,0,0,0,0,7680,0,7680
2349,2349,cat,LAYOUT,layout_engine,244,244,240,240,244,0,0,0,0,7680,0,7680
2350,2350,to,META_IDENTITY,meta_engine,12528,12528,12528,12528,12528,0,0,0,0,400896,0,400896
2351,2351,to,META_IDENTITY,meta_engine,12528,12528,12528,12528,12528,0,0,0,0,400896,0,400896
2352,2352,scaled_dot_product_attention,ATTENTION,attention_controller,12560,12560,12528,12528,12560,0,0,0,0,400896,0,400896
2353,2353,transpose,LAYOUT,layout_engine,12532,12532,12528,12528,12532,0,0,0,0,400896,0,400896
2354,2354,contiguous,LAYOUT,layout_engine,12532,12532,12528,12528,12532,0,0,0,0,400896,0,400896
2355,2355,reshape,LAYOUT,layout_engine,12532,12532,12528,12528,12532,0,0,0,0,400896,0,400896
2356,2356,to,META_IDENTITY,meta_engine,48,48,48,48,48,0,0,0,0,1536,0,1536
2357,2357,to,META_IDENTITY,meta_engine,36864,36864,36864,36864,36864,0,0,0,0,1179648,0,1179648
2358,2358,linear,GEMM_W8A8,pack2_gemm,132752,106624,13056,12528,132752,0,153944064,76972032,136,200448,589824,200448
2359,2359,detach,META_IDENTITY,meta_engine,12528,12528,12528,12528,12528,0,0,0,0,400896,0,400896
2360,2360,to,META_IDENTITY,meta_engine,12528,12528,12528,12528,12528,0,0,0,0,400896,0,400896
2361,2361,to,META_IDENTITY,meta_engine,12528,12528,12528,12528,12528,0,0,0,0,400896,0,400896
2362,2362,detach,META_IDENTITY,meta_engine,12528,12528,12528,12528,12528,0,0,0,0,400896,0,400896
2363,2363,to,META_IDENTITY,meta_engine,12528,12528,12528,12528,12528,0,0,0,0,400896,0,400896
2364,2364,resolve_conj,META_IDENTITY,meta_engine,12528,12528,12528,12528,12528,0,0,0,0,400896,0,400896
2365,2365,resolve_neg,META_IDENTITY,meta_engine,12528,12528,12528,12528,12528,0,0,0,0,400896,0,400896
2366,2366,detach,META_IDENTITY,meta_engine,36864,36864,36864,36864,36864,0,0,0,0,1179648,0,1179648
2367,2367,detach,META_IDENTITY,meta_engine,36864,36864,36864,36864,36864,0,0,0,0,1179648,0,1179648
2368,2368,to,META_IDENTITY,meta_engine,36864,36864,36864,36864,36864,0,0,0,0,1179648,0,1179648
2369,2369,to,META_IDENTITY,meta_engine,36864,36864,36864,36864,36864,0,0,0,0,1179648,0,1179648
2370,2370,detach,META_IDENTITY,meta_engine,36864,36864,36864,36864,36864,0,0,0,0,1179648,0,1179648
2371,2371,to,META_IDENTITY,meta_engine,36864,36864,36864,36864,36864,0,0,0,0,1179648,0,1179648
2372,2372,resolve_conj,META_IDENTITY,meta_engine,36864,36864,36864,36864,36864,0,0,0,0,1179648,0,1179648
2373,2373,resolve_neg,META_IDENTITY,meta_engine,36864,36864,36864,36864,36864,0,0,0,0,1179648,0,1179648
2374,2374,mul,MUL,fp16_vector,12528,12528,12528,12528,12528,0,0,0,0,400896,0,400896
2375,2375,add,ADD,fp16_vector,12528,12528,12528,12528,12528,0,0,0,0,400896,0,400896
2376,2376,layer_norm,LAYER_NORM,fp16_vector,12560,12560,12528,12528,12560,0,0,0,0,400896,0,400896
2377,2377,to,META_IDENTITY,meta_engine,192,192,192,192,192,0,0,0,0,6144,0,6144
2378,2378,to,META_IDENTITY,meta_engine,147456,147456,147456,147456,147456,0,0,0,0,4718592,0,4718592
2379,2379,to,META_IDENTITY,meta_engine,12528,12528,12528,12528,12528,0,0,0,0,400896,0,400896
2380,2380,linear,GEMM_W8A8,pack2_gemm,12528,12528,12528,12528,12528,0,0,0,0,400896,0,400896
2381,2381,detach,META_IDENTITY,meta_engine,12528,12528,12528,12528,12528,0,0,0,0,400896,0,400896
2382,2382,to,META_IDENTITY,meta_engine,12528,12528,12528,12528,12528,0,0,0,0,400896,0,400896
2383,2383,to,META_IDENTITY,meta_engine,12528,12528,12528,12528,12528,0,0,0,0,400896,0,400896
2384,2384,detach,META_IDENTITY,meta_engine,12528,12528,12528,12528,12528,0,0,0,0,400896,0,400896
2385,2385,to,META_IDENTITY,meta_engine,12528,12528,12528,12528,12528,0,0,0,0,400896,0,400896
2386,2386,resolve_conj,META_IDENTITY,meta_engine,12528,12528,12528,12528,12528,0,0,0,0,400896,0,400896
2387,2387,resolve_neg,META_IDENTITY,meta_engine,12528,12528,12528,12528,12528,0,0,0,0,400896,0,400896
2388,2388,detach,META_IDENTITY,meta_engine,147456,147456,147456,147456,147456,0,0,0,0,4718592,0,4718592
2389,2389,detach,META_IDENTITY,meta_engine,147456,147456,147456,147456,147456,0,0,0,0,4718592,0,4718592
2390,2390,to,META_IDENTITY,meta_engine,147456,147456,147456,147456,147456,0,0,0,0,4718592,0,4718592
2391,2391,to,META_IDENTITY,meta_engine,147456,147456,147456,147456,147456,0,0,0,0,4718592,0,4718592
2392,2392,detach,META_IDENTITY,meta_engine,147456,147456,147456,147456,147456,0,0,0,0,4718592,0,4718592
2393,2393,to,META_IDENTITY,meta_engine,147456,147456,147456,147456,147456,0,0,0,0,4718592,0,4718592
2394,2394,resolve_conj,META_IDENTITY,meta_engine,147456,147456,147456,147456,147456,0,0,0,0,4718592,0,4718592
2395,2395,resolve_neg,META_IDENTITY,meta_engine,147456,147456,147456,147456,147456,0,0,0,0,4718592,0,4718592
2396,2396,gelu,GELU,fp16_vector,50112,50112,50112,50112,50112,0,0,0,0,1603584,0,1603584
2397,2397,to,META_IDENTITY,meta_engine,48,48,48,48,48,0,0,0,0,1536,0,1536
2398,2398,to,META_IDENTITY,meta_engine,147456,147456,147456,147456,147456,0,0,0,0,4718592,0,4718592
2399,2399,linear,GEMM_W8A8,pack2_gemm,50112,50112,50112,50112,50112,0,0,0,0,1603584,0,1603584
2400,2400,detach,META_IDENTITY,meta_engine,50112,50112,50112,50112,50112,0,0,0,0,1603584,0,1603584
2401,2401,to,META_IDENTITY,meta_engine,50112,50112,50112,50112,50112,0,0,0,0,1603584,0,1603584
2402,2402,to,META_IDENTITY,meta_engine,50112,50112,50112,50112,50112,0,0,0,0,1603584,0,1603584
2403,2403,detach,META_IDENTITY,meta_engine,50112,50112,50112,50112,50112,0,0,0,0,1603584,0,1603584
2404,2404,to,META_IDENTITY,meta_engine,50112,50112,50112,50112,50112,0,0,0,0,1603584,0,1603584
2405,2405,resolve_conj,META_IDENTITY,meta_engine,50112,50112,50112,50112,50112,0,0,0,0,1603584,0,1603584
2406,2406,resolve_neg,META_IDENTITY,meta_engine,50112,50112,50112,50112,50112,0,0,0,0,1603584,0,1603584
2407,2407,detach,META_IDENTITY,meta_engine,147456,147456,147456,147456,147456,0,0,0,0,4718592,0,4718592
2408,2408,detach,META_IDENTITY,meta_engine,147456,147456,147456,147456,147456,0,0,0,0,4718592,0,4718592
2409,2409,to,META_IDENTITY,meta_engine,147456,147456,147456,147456,147456,0,0,0,0,4718592,0,4718592
2410,2410,to,META_IDENTITY,meta_engine,147456,147456,147456,147456,147456,0,0,0,0,4718592,0,4718592
2411,2411,detach,META_IDENTITY,meta_engine,147456,147456,147456,147456,147456,0,0,0,0,4718592,0,4718592
2412,2412,to,META_IDENTITY,meta_engine,147456,147456,147456,147456,147456,0,0,0,0,4718592,0,4718592
2413,2413,resolve_conj,META_IDENTITY,meta_engine,147456,147456,147456,147456,147456,0,0,0,0,4718592,0,4718592
2414,2414,resolve_neg,META_IDENTITY,meta_engine,147456,147456,147456,147456,147456,0,0,0,0,4718592,0,4718592
2415,2415,mul,MUL,fp16_vector,12528,12528,12528,12528,12528,0,0,0,0,400896,0,400896
2416,2416,add,ADD,fp16_vector,12528,12528,12528,12528,12528,0,0,0,0,400896,0,400896
2417,2417,layer_norm,LAYER_NORM,fp16_vector,12560,12560,12528,12528,12560,0,0,0,0,400896,0,400896
2418,2418,to,META_IDENTITY,meta_engine,48,48,48,48,48,0,0,0,0,1536,0,1536
2419,2419,to,META_IDENTITY,meta_engine,36864,36864,36864,36864,36864,0,0,0,0,1179648,0,1179648
2420,2420,to,META_IDENTITY,meta_engine,12528,12528,12528,12528,12528,0,0,0,0,400896,0,400896
2421,2421,linear,GEMM_W8A8,pack2_gemm,132752,106624,13056,12528,132752,0,153944064,76972032,136,200448,589824,200448
2422,2422,detach,META_IDENTITY,meta_engine,12528,12528,12528,12528,12528,0,0,0,0,400896,0,400896
2423,2423,to,META_IDENTITY,meta_engine,12528,12528,12528,12528,12528,0,0,0,0,400896,0,400896
2424,2424,to,META_IDENTITY,meta_engine,12528,12528,12528,12528,12528,0,0,0,0,400896,0,400896
2425,2425,detach,META_IDENTITY,meta_engine,12528,12528,12528,12528,12528,0,0,0,0,400896,0,400896
2426,2426,to,META_IDENTITY,meta_engine,12528,12528,12528,12528,12528,0,0,0,0,400896,0,400896
2427,2427,resolve_conj,META_IDENTITY,meta_engine,12528,12528,12528,12528,12528,0,0,0,0,400896,0,400896
2428,2428,resolve_neg,META_IDENTITY,meta_engine,12528,12528,12528,12528,12528,0,0,0,0,400896,0,400896
2429,2429,detach,META_IDENTITY,meta_engine,36864,36864,36864,36864,36864,0,0,0,0,1179648,0,1179648
2430,2430,detach,META_IDENTITY,meta_engine,36864,36864,36864,36864,36864,0,0,0,0,1179648,0,1179648
2431,2431,to,META_IDENTITY,meta_engine,36864,36864,36864,36864,36864,0,0,0,0,1179648,0,1179648
2432,2432,to,META_IDENTITY,meta_engine,36864,36864,36864,36864,36864,0,0,0,0,1179648,0,1179648
2433,2433,detach,META_IDENTITY,meta_engine,36864,36864,36864,36864,36864,0,0,0,0,1179648,0,1179648
2434,2434,to,META_IDENTITY,meta_engine,36864,36864,36864,36864,36864,0,0,0,0,1179648,0,1179648
2435,2435,resolve_conj,META_IDENTITY,meta_engine,36864,36864,36864,36864,36864,0,0,0,0,1179648,0,1179648
2436,2436,resolve_neg,META_IDENTITY,meta_engine,36864,36864,36864,36864,36864,0,0,0,0,1179648,0,1179648
2437,2437,to,META_IDENTITY,meta_engine,36864,36864,36864,36864,36864,0,0,0,0,1179648,0,1179648
2438,2438,to,META_IDENTITY,meta_engine,12528,12528,12528,12528,12528,0,0,0,0,400896,0,400896
2439,2439,linear,GEMM_W8A8,pack2_gemm,132752,106624,13056,12528,132752,0,153944064,76972032,136,200448,589824,200448
2440,2440,detach,META_IDENTITY,meta_engine,12528,12528,12528,12528,12528,0,0,0,0,400896,0,400896
2441,2441,to,META_IDENTITY,meta_engine,12528,12528,12528,12528,12528,0,0,0,0,400896,0,400896
2442,2442,to,META_IDENTITY,meta_engine,12528,12528,12528,12528,12528,0,0,0,0,400896,0,400896
2443,2443,detach,META_IDENTITY,meta_engine,12528,12528,12528,12528,12528,0,0,0,0,400896,0,400896
2444,2444,to,META_IDENTITY,meta_engine,12528,12528,12528,12528,12528,0,0,0,0,400896,0,400896
2445,2445,resolve_conj,META_IDENTITY,meta_engine,12528,12528,12528,12528,12528,0,0,0,0,400896,0,400896
2446,2446,resolve_neg,META_IDENTITY,meta_engine,12528,12528,12528,12528,12528,0,0,0,0,400896,0,400896
2447,2447,detach,META_IDENTITY,meta_engine,36864,36864,36864,36864,36864,0,0,0,0,1179648,0,1179648
2448,2448,detach,META_IDENTITY,meta_engine,36864,36864,36864,36864,36864,0,0,0,0,1179648,0,1179648
2449,2449,to,META_IDENTITY,meta_engine,36864,36864,36864,36864,36864,0,0,0,0,1179648,0,1179648
2450,2450,to,META_IDENTITY,meta_engine,36864,36864,36864,36864,36864,0,0,0,0,1179648,0,1179648
2451,2451,detach,META_IDENTITY,meta_engine,36864,36864,36864,36864,36864,0,0,0,0,1179648,0,1179648
2452,2452,to,META_IDENTITY,meta_engine,36864,36864,36864,36864,36864,0,0,0,0,1179648,0,1179648
2453,2453,resolve_conj,META_IDENTITY,meta_engine,36864,36864,36864,36864,36864,0,0,0,0,1179648,0,1179648
2454,2454,resolve_neg,META_IDENTITY,meta_engine,36864,36864,36864,36864,36864,0,0,0,0,1179648,0,1179648
2455,2455,to,META_IDENTITY,meta_engine,48,48,48,48,48,0,0,0,0,1536,0,1536
2456,2456,to,META_IDENTITY,meta_engine,36864,36864,36864,36864,36864,0,0,0,0,1179648,0,1179648
2457,2457,to,META_IDENTITY,meta_engine,12528,12528,12528,12528,12528,0,0,0,0,400896,0,400896
2458,2458,linear,GEMM_W8A8,pack2_gemm,132752,106624,13056,12528,132752,0,153944064,76972032,136,200448,589824,200448
2459,2459,detach,META_IDENTITY,meta_engine,12528,12528,12528,12528,12528,0,0,0,0,400896,0,400896
2460,2460,to,META_IDENTITY,meta_engine,12528,12528,12528,12528,12528,0,0,0,0,400896,0,400896
2461,2461,to,META_IDENTITY,meta_engine,12528,12528,12528,12528,12528,0,0,0,0,400896,0,400896
2462,2462,detach,META_IDENTITY,meta_engine,12528,12528,12528,12528,12528,0,0,0,0,400896,0,400896
2463,2463,to,META_IDENTITY,meta_engine,12528,12528,12528,12528,12528,0,0,0,0,400896,0,400896
2464,2464,resolve_conj,META_IDENTITY,meta_engine,12528,12528,12528,12528,12528,0,0,0,0,400896,0,400896
2465,2465,resolve_neg,META_IDENTITY,meta_engine,12528,12528,12528,12528,12528,0,0,0,0,400896,0,400896
2466,2466,detach,META_IDENTITY,meta_engine,36864,36864,36864,36864,36864,0,0,0,0,1179648,0,1179648
2467,2467,detach,META_IDENTITY,meta_engine,36864,36864,36864,36864,36864,0,0,0,0,1179648,0,1179648
2468,2468,to,META_IDENTITY,meta_engine,36864,36864,36864,36864,36864,0,0,0,0,1179648,0,1179648
2469,2469,to,META_IDENTITY,meta_engine,36864,36864,36864,36864,36864,0,0,0,0,1179648,0,1179648
2470,2470,detach,META_IDENTITY,meta_engine,36864,36864,36864,36864,36864,0,0,0,0,1179648,0,1179648
2471,2471,to,META_IDENTITY,meta_engine,36864,36864,36864,36864,36864,0,0,0,0,1179648,0,1179648
2472,2472,resolve_conj,META_IDENTITY,meta_engine,36864,36864,36864,36864,36864,0,0,0,0,1179648,0,1179648
2473,2473,resolve_neg,META_IDENTITY,meta_engine,36864,36864,36864,36864,36864,0,0,0,0,1179648,0,1179648
2474,2474,view,LAYOUT,layout_engine,12532,12532,12528,12528,12532,0,0,0,0,400896,0,400896
2475,2475,transpose,LAYOUT,layout_engine,12532,12532,12528,12528,12532,0,0,0,0,400896,0,400896
2476,2476,view,LAYOUT,layout_engine,12532,12532,12528,12528,12532,0,0,0,0,400896,0,400896
2477,2477,transpose,LAYOUT,layout_engine,12532,12532,12528,12528,12532,0,0,0,0,400896,0,400896
2478,2478,view,LAYOUT,layout_engine,12532,12532,12528,12528,12532,0,0,0,0,400896,0,400896
2479,2479,transpose,LAYOUT,layout_engine,12532,12532,12528,12528,12532,0,0,0,0,400896,0,400896
2480,2480,split_with_sizes,META_IDENTITY,meta_engine,12528,12528,12528,12528,12528,0,0,0,0,400896,0,400896
2481,2481,split_with_sizes,META_IDENTITY,meta_engine,12528,12528,12528,12528,12528,0,0,0,0,400896,0,400896
2482,2482,mul,MUL,fp16_vector,12288,12288,12288,12288,12288,0,0,0,0,393216,0,393216
2483,2483,slice,LAYOUT,layout_engine,12292,12292,12288,12288,12292,0,0,0,0,393216,0,393216
2484,2484,slice,LAYOUT,layout_engine,12292,12292,12288,12288,12292,0,0,0,0,393216,0,393216
2485,2485,neg,META_IDENTITY,meta_engine,6144,6144,6144,6144,6144,0,0,0,0,196608,0,196608
2486,2486,cat,LAYOUT,layout_engine,6148,6148,6144,6144,6148,0,0,0,0,196608,0,196608
2487,2487,mul,MUL,fp16_vector,12288,12288,12288,12288,12288,0,0,0,0,393216,0,393216
2488,2488,add,ADD,fp16_vector,12288,12288,12288,12288,12288,0,0,0,0,393216,0,393216
2489,2489,mul,MUL,fp16_vector,12288,12288,12288,12288,12288,0,0,0,0,393216,0,393216
2490,2490,slice,LAYOUT,layout_engine,12292,12292,12288,12288,12292,0,0,0,0,393216,0,393216
2491,2491,slice,LAYOUT,layout_engine,12292,12292,12288,12288,12292,0,0,0,0,393216,0,393216
2492,2492,neg,META_IDENTITY,meta_engine,6144,6144,6144,6144,6144,0,0,0,0,196608,0,196608
2493,2493,cat,LAYOUT,layout_engine,6148,6148,6144,6144,6148,0,0,0,0,196608,0,196608
2494,2494,mul,MUL,fp16_vector,12288,12288,12288,12288,12288,0,0,0,0,393216,0,393216
2495,2495,add,ADD,fp16_vector,12288,12288,12288,12288,12288,0,0,0,0,393216,0,393216
2496,2496,cat,LAYOUT,layout_engine,244,244,240,240,244,0,0,0,0,7680,0,7680
2497,2497,cat,LAYOUT,layout_engine,244,244,240,240,244,0,0,0,0,7680,0,7680
2498,2498,to,META_IDENTITY,meta_engine,12528,12528,12528,12528,12528,0,0,0,0,400896,0,400896
2499,2499,to,META_IDENTITY,meta_engine,12528,12528,12528,12528,12528,0,0,0,0,400896,0,400896
2500,2500,scaled_dot_product_attention,ATTENTION,attention_controller,12560,12560,12528,12528,12560,0,0,0,0,400896,0,400896
2501,2501,transpose,LAYOUT,layout_engine,12532,12532,12528,12528,12532,0,0,0,0,400896,0,400896
2502,2502,contiguous,LAYOUT,layout_engine,12532,12532,12528,12528,12532,0,0,0,0,400896,0,400896
2503,2503,reshape,LAYOUT,layout_engine,12532,12532,12528,12528,12532,0,0,0,0,400896,0,400896
2504,2504,to,META_IDENTITY,meta_engine,48,48,48,48,48,0,0,0,0,1536,0,1536
2505,2505,to,META_IDENTITY,meta_engine,36864,36864,36864,36864,36864,0,0,0,0,1179648,0,1179648
2506,2506,linear,GEMM_W8A8,pack2_gemm,132752,106624,13056,12528,132752,0,153944064,76972032,136,200448,589824,200448
2507,2507,detach,META_IDENTITY,meta_engine,12528,12528,12528,12528,12528,0,0,0,0,400896,0,400896
2508,2508,to,META_IDENTITY,meta_engine,12528,12528,12528,12528,12528,0,0,0,0,400896,0,400896
2509,2509,to,META_IDENTITY,meta_engine,12528,12528,12528,12528,12528,0,0,0,0,400896,0,400896
2510,2510,detach,META_IDENTITY,meta_engine,12528,12528,12528,12528,12528,0,0,0,0,400896,0,400896
2511,2511,to,META_IDENTITY,meta_engine,12528,12528,12528,12528,12528,0,0,0,0,400896,0,400896
2512,2512,resolve_conj,META_IDENTITY,meta_engine,12528,12528,12528,12528,12528,0,0,0,0,400896,0,400896
2513,2513,resolve_neg,META_IDENTITY,meta_engine,12528,12528,12528,12528,12528,0,0,0,0,400896,0,400896
2514,2514,detach,META_IDENTITY,meta_engine,36864,36864,36864,36864,36864,0,0,0,0,1179648,0,1179648
2515,2515,detach,META_IDENTITY,meta_engine,36864,36864,36864,36864,36864,0,0,0,0,1179648,0,1179648
2516,2516,to,META_IDENTITY,meta_engine,36864,36864,36864,36864,36864,0,0,0,0,1179648,0,1179648
2517,2517,to,META_IDENTITY,meta_engine,36864,36864,36864,36864,36864,0,0,0,0,1179648,0,1179648
2518,2518,detach,META_IDENTITY,meta_engine,36864,36864,36864,36864,36864,0,0,0,0,1179648,0,1179648
2519,2519,to,META_IDENTITY,meta_engine,36864,36864,36864,36864,36864,0,0,0,0,1179648,0,1179648
2520,2520,resolve_conj,META_IDENTITY,meta_engine,36864,36864,36864,36864,36864,0,0,0,0,1179648,0,1179648
2521,2521,resolve_neg,META_IDENTITY,meta_engine,36864,36864,36864,36864,36864,0,0,0,0,1179648,0,1179648
2522,2522,mul,MUL,fp16_vector,12528,12528,12528,12528,12528,0,0,0,0,400896,0,400896
2523,2523,add,ADD,fp16_vector,12528,12528,12528,12528,12528,0,0,0,0,400896,0,400896
2524,2524,layer_norm,LAYER_NORM,fp16_vector,12560,12560,12528,12528,12560,0,0,0,0,400896,0,400896
2525,2525,to,META_IDENTITY,meta_engine,192,192,192,192,192,0,0,0,0,6144,0,6144
2526,2526,to,META_IDENTITY,meta_engine,147456,147456,147456,147456,147456,0,0,0,0,4718592,0,4718592
2527,2527,to,META_IDENTITY,meta_engine,12528,12528,12528,12528,12528,0,0,0,0,400896,0,400896
2528,2528,linear,GEMM_W8A8,pack2_gemm,12528,12528,12528,12528,12528,0,0,0,0,400896,0,400896
2529,2529,detach,META_IDENTITY,meta_engine,12528,12528,12528,12528,12528,0,0,0,0,400896,0,400896
2530,2530,to,META_IDENTITY,meta_engine,12528,12528,12528,12528,12528,0,0,0,0,400896,0,400896
2531,2531,to,META_IDENTITY,meta_engine,12528,12528,12528,12528,12528,0,0,0,0,400896,0,400896
2532,2532,detach,META_IDENTITY,meta_engine,12528,12528,12528,12528,12528,0,0,0,0,400896,0,400896
2533,2533,to,META_IDENTITY,meta_engine,12528,12528,12528,12528,12528,0,0,0,0,400896,0,400896
2534,2534,resolve_conj,META_IDENTITY,meta_engine,12528,12528,12528,12528,12528,0,0,0,0,400896,0,400896
2535,2535,resolve_neg,META_IDENTITY,meta_engine,12528,12528,12528,12528,12528,0,0,0,0,400896,0,400896
2536,2536,detach,META_IDENTITY,meta_engine,147456,147456,147456,147456,147456,0,0,0,0,4718592,0,4718592
2537,2537,detach,META_IDENTITY,meta_engine,147456,147456,147456,147456,147456,0,0,0,0,4718592,0,4718592
2538,2538,to,META_IDENTITY,meta_engine,147456,147456,147456,147456,147456,0,0,0,0,4718592,0,4718592
2539,2539,to,META_IDENTITY,meta_engine,147456,147456,147456,147456,147456,0,0,0,0,4718592,0,4718592
2540,2540,detach,META_IDENTITY,meta_engine,147456,147456,147456,147456,147456,0,0,0,0,4718592,0,4718592
2541,2541,to,META_IDENTITY,meta_engine,147456,147456,147456,147456,147456,0,0,0,0,4718592,0,4718592
2542,2542,resolve_conj,META_IDENTITY,meta_engine,147456,147456,147456,147456,147456,0,0,0,0,4718592,0,4718592
2543,2543,resolve_neg,META_IDENTITY,meta_engine,147456,147456,147456,147456,147456,0,0,0,0,4718592,0,4718592
2544,2544,gelu,GELU,fp16_vector,50112,50112,50112,50112,50112,0,0,0,0,1603584,0,1603584
2545,2545,to,META_IDENTITY,meta_engine,48,48,48,48,48,0,0,0,0,1536,0,1536
2546,2546,to,META_IDENTITY,meta_engine,147456,147456,147456,147456,147456,0,0,0,0,4718592,0,4718592
2547,2547,linear,GEMM_W8A8,pack2_gemm,50112,50112,50112,50112,50112,0,0,0,0,1603584,0,1603584
2548,2548,detach,META_IDENTITY,meta_engine,50112,50112,50112,50112,50112,0,0,0,0,1603584,0,1603584
2549,2549,to,META_IDENTITY,meta_engine,50112,50112,50112,50112,50112,0,0,0,0,1603584,0,1603584
2550,2550,to,META_IDENTITY,meta_engine,50112,50112,50112,50112,50112,0,0,0,0,1603584,0,1603584
2551,2551,detach,META_IDENTITY,meta_engine,50112,50112,50112,50112,50112,0,0,0,0,1603584,0,1603584
2552,2552,to,META_IDENTITY,meta_engine,50112,50112,50112,50112,50112,0,0,0,0,1603584,0,1603584
2553,2553,resolve_conj,META_IDENTITY,meta_engine,50112,50112,50112,50112,50112,0,0,0,0,1603584,0,1603584
2554,2554,resolve_neg,META_IDENTITY,meta_engine,50112,50112,50112,50112,50112,0,0,0,0,1603584,0,1603584
2555,2555,detach,META_IDENTITY,meta_engine,147456,147456,147456,147456,147456,0,0,0,0,4718592,0,4718592
2556,2556,detach,META_IDENTITY,meta_engine,147456,147456,147456,147456,147456,0,0,0,0,4718592,0,4718592
2557,2557,to,META_IDENTITY,meta_engine,147456,147456,147456,147456,147456,0,0,0,0,4718592,0,4718592
2558,2558,to,META_IDENTITY,meta_engine,147456,147456,147456,147456,147456,0,0,0,0,4718592,0,4718592
2559,2559,detach,META_IDENTITY,meta_engine,147456,147456,147456,147456,147456,0,0,0,0,4718592,0,4718592
2560,2560,to,META_IDENTITY,meta_engine,147456,147456,147456,147456,147456,0,0,0,0,4718592,0,4718592
2561,2561,resolve_conj,META_IDENTITY,meta_engine,147456,147456,147456,147456,147456,0,0,0,0,4718592,0,4718592
2562,2562,resolve_neg,META_IDENTITY,meta_engine,147456,147456,147456,147456,147456,0,0,0,0,4718592,0,4718592
2563,2563,mul,MUL,fp16_vector,12528,12528,12528,12528,12528,0,0,0,0,400896,0,400896
2564,2564,add,ADD,fp16_vector,12528,12528,12528,12528,12528,0,0,0,0,400896,0,400896
2565,2565,layer_norm,LAYER_NORM,fp16_vector,12560,12560,12528,12528,12560,0,0,0,0,400896,0,400896
2566,2566,to,META_IDENTITY,meta_engine,48,48,48,48,48,0,0,0,0,1536,0,1536
2567,2567,to,META_IDENTITY,meta_engine,36864,36864,36864,36864,36864,0,0,0,0,1179648,0,1179648
2568,2568,to,META_IDENTITY,meta_engine,12528,12528,12528,12528,12528,0,0,0,0,400896,0,400896
2569,2569,linear,GEMM_W8A8,pack2_gemm,132752,106624,13056,12528,132752,0,153944064,76972032,136,200448,589824,200448
2570,2570,detach,META_IDENTITY,meta_engine,12528,12528,12528,12528,12528,0,0,0,0,400896,0,400896
2571,2571,to,META_IDENTITY,meta_engine,12528,12528,12528,12528,12528,0,0,0,0,400896,0,400896
2572,2572,to,META_IDENTITY,meta_engine,12528,12528,12528,12528,12528,0,0,0,0,400896,0,400896
2573,2573,detach,META_IDENTITY,meta_engine,12528,12528,12528,12528,12528,0,0,0,0,400896,0,400896
2574,2574,to,META_IDENTITY,meta_engine,12528,12528,12528,12528,12528,0,0,0,0,400896,0,400896
2575,2575,resolve_conj,META_IDENTITY,meta_engine,12528,12528,12528,12528,12528,0,0,0,0,400896,0,400896
2576,2576,resolve_neg,META_IDENTITY,meta_engine,12528,12528,12528,12528,12528,0,0,0,0,400896,0,400896
2577,2577,detach,META_IDENTITY,meta_engine,36864,36864,36864,36864,36864,0,0,0,0,1179648,0,1179648
2578,2578,detach,META_IDENTITY,meta_engine,36864,36864,36864,36864,36864,0,0,0,0,1179648,0,1179648
2579,2579,to,META_IDENTITY,meta_engine,36864,36864,36864,36864,36864,0,0,0,0,1179648,0,1179648
2580,2580,to,META_IDENTITY,meta_engine,36864,36864,36864,36864,36864,0,0,0,0,1179648,0,1179648
2581,2581,detach,META_IDENTITY,meta_engine,36864,36864,36864,36864,36864,0,0,0,0,1179648,0,1179648
2582,2582,to,META_IDENTITY,meta_engine,36864,36864,36864,36864,36864,0,0,0,0,1179648,0,1179648
2583,2583,resolve_conj,META_IDENTITY,meta_engine,36864,36864,36864,36864,36864,0,0,0,0,1179648,0,1179648
2584,2584,resolve_neg,META_IDENTITY,meta_engine,36864,36864,36864,36864,36864,0,0,0,0,1179648,0,1179648
2585,2585,to,META_IDENTITY,meta_engine,36864,36864,36864,36864,36864,0,0,0,0,1179648,0,1179648
2586,2586,to,META_IDENTITY,meta_engine,12528,12528,12528,12528,12528,0,0,0,0,400896,0,400896
2587,2587,linear,GEMM_W8A8,pack2_gemm,132752,106624,13056,12528,132752,0,153944064,76972032,136,200448,589824,200448
2588,2588,detach,META_IDENTITY,meta_engine,12528,12528,12528,12528,12528,0,0,0,0,400896,0,400896
2589,2589,to,META_IDENTITY,meta_engine,12528,12528,12528,12528,12528,0,0,0,0,400896,0,400896
2590,2590,to,META_IDENTITY,meta_engine,12528,12528,12528,12528,12528,0,0,0,0,400896,0,400896
2591,2591,detach,META_IDENTITY,meta_engine,12528,12528,12528,12528,12528,0,0,0,0,400896,0,400896
2592,2592,to,META_IDENTITY,meta_engine,12528,12528,12528,12528,12528,0,0,0,0,400896,0,400896
2593,2593,resolve_conj,META_IDENTITY,meta_engine,12528,12528,12528,12528,12528,0,0,0,0,400896,0,400896
2594,2594,resolve_neg,META_IDENTITY,meta_engine,12528,12528,12528,12528,12528,0,0,0,0,400896,0,400896
2595,2595,detach,META_IDENTITY,meta_engine,36864,36864,36864,36864,36864,0,0,0,0,1179648,0,1179648
2596,2596,detach,META_IDENTITY,meta_engine,36864,36864,36864,36864,36864,0,0,0,0,1179648,0,1179648
2597,2597,to,META_IDENTITY,meta_engine,36864,36864,36864,36864,36864,0,0,0,0,1179648,0,1179648
2598,2598,to,META_IDENTITY,meta_engine,36864,36864,36864,36864,36864,0,0,0,0,1179648,0,1179648
2599,2599,detach,META_IDENTITY,meta_engine,36864,36864,36864,36864,36864,0,0,0,0,1179648,0,1179648
2600,2600,to,META_IDENTITY,meta_engine,36864,36864,36864,36864,36864,0,0,0,0,1179648,0,1179648
2601,2601,resolve_conj,META_IDENTITY,meta_engine,36864,36864,36864,36864,36864,0,0,0,0,1179648,0,1179648
2602,2602,resolve_neg,META_IDENTITY,meta_engine,36864,36864,36864,36864,36864,0,0,0,0,1179648,0,1179648
2603,2603,to,META_IDENTITY,meta_engine,48,48,48,48,48,0,0,0,0,1536,0,1536
2604,2604,to,META_IDENTITY,meta_engine,36864,36864,36864,36864,36864,0,0,0,0,1179648,0,1179648
2605,2605,to,META_IDENTITY,meta_engine,12528,12528,12528,12528,12528,0,0,0,0,400896,0,400896
2606,2606,linear,GEMM_W8A8,pack2_gemm,132752,106624,13056,12528,132752,0,153944064,76972032,136,200448,589824,200448
2607,2607,detach,META_IDENTITY,meta_engine,12528,12528,12528,12528,12528,0,0,0,0,400896,0,400896
2608,2608,to,META_IDENTITY,meta_engine,12528,12528,12528,12528,12528,0,0,0,0,400896,0,400896
2609,2609,to,META_IDENTITY,meta_engine,12528,12528,12528,12528,12528,0,0,0,0,400896,0,400896
2610,2610,detach,META_IDENTITY,meta_engine,12528,12528,12528,12528,12528,0,0,0,0,400896,0,400896
2611,2611,to,META_IDENTITY,meta_engine,12528,12528,12528,12528,12528,0,0,0,0,400896,0,400896
2612,2612,resolve_conj,META_IDENTITY,meta_engine,12528,12528,12528,12528,12528,0,0,0,0,400896,0,400896
2613,2613,resolve_neg,META_IDENTITY,meta_engine,12528,12528,12528,12528,12528,0,0,0,0,400896,0,400896
2614,2614,detach,META_IDENTITY,meta_engine,36864,36864,36864,36864,36864,0,0,0,0,1179648,0,1179648
2615,2615,detach,META_IDENTITY,meta_engine,36864,36864,36864,36864,36864,0,0,0,0,1179648,0,1179648
2616,2616,to,META_IDENTITY,meta_engine,36864,36864,36864,36864,36864,0,0,0,0,1179648,0,1179648
2617,2617,to,META_IDENTITY,meta_engine,36864,36864,36864,36864,36864,0,0,0,0,1179648,0,1179648
2618,2618,detach,META_IDENTITY,meta_engine,36864,36864,36864,36864,36864,0,0,0,0,1179648,0,1179648
2619,2619,to,META_IDENTITY,meta_engine,36864,36864,36864,36864,36864,0,0,0,0,1179648,0,1179648
2620,2620,resolve_conj,META_IDENTITY,meta_engine,36864,36864,36864,36864,36864,0,0,0,0,1179648,0,1179648
2621,2621,resolve_neg,META_IDENTITY,meta_engine,36864,36864,36864,36864,36864,0,0,0,0,1179648,0,1179648
2622,2622,view,LAYOUT,layout_engine,12532,12532,12528,12528,12532,0,0,0,0,400896,0,400896
2623,2623,transpose,LAYOUT,layout_engine,12532,12532,12528,12528,12532,0,0,0,0,400896,0,400896
2624,2624,view,LAYOUT,layout_engine,12532,12532,12528,12528,12532,0,0,0,0,400896,0,400896
2625,2625,transpose,LAYOUT,layout_engine,12532,12532,12528,12528,12532,0,0,0,0,400896,0,400896
2626,2626,view,LAYOUT,layout_engine,12532,12532,12528,12528,12532,0,0,0,0,400896,0,400896
2627,2627,transpose,LAYOUT,layout_engine,12532,12532,12528,12528,12532,0,0,0,0,400896,0,400896
2628,2628,split_with_sizes,META_IDENTITY,meta_engine,12528,12528,12528,12528,12528,0,0,0,0,400896,0,400896
2629,2629,split_with_sizes,META_IDENTITY,meta_engine,12528,12528,12528,12528,12528,0,0,0,0,400896,0,400896
2630,2630,mul,MUL,fp16_vector,12288,12288,12288,12288,12288,0,0,0,0,393216,0,393216
2631,2631,slice,LAYOUT,layout_engine,12292,12292,12288,12288,12292,0,0,0,0,393216,0,393216
2632,2632,slice,LAYOUT,layout_engine,12292,12292,12288,12288,12292,0,0,0,0,393216,0,393216
2633,2633,neg,META_IDENTITY,meta_engine,6144,6144,6144,6144,6144,0,0,0,0,196608,0,196608
2634,2634,cat,LAYOUT,layout_engine,6148,6148,6144,6144,6148,0,0,0,0,196608,0,196608
2635,2635,mul,MUL,fp16_vector,12288,12288,12288,12288,12288,0,0,0,0,393216,0,393216
2636,2636,add,ADD,fp16_vector,12288,12288,12288,12288,12288,0,0,0,0,393216,0,393216
2637,2637,mul,MUL,fp16_vector,12288,12288,12288,12288,12288,0,0,0,0,393216,0,393216
2638,2638,slice,LAYOUT,layout_engine,12292,12292,12288,12288,12292,0,0,0,0,393216,0,393216
2639,2639,slice,LAYOUT,layout_engine,12292,12292,12288,12288,12292,0,0,0,0,393216,0,393216
2640,2640,neg,META_IDENTITY,meta_engine,6144,6144,6144,6144,6144,0,0,0,0,196608,0,196608
2641,2641,cat,LAYOUT,layout_engine,6148,6148,6144,6144,6148,0,0,0,0,196608,0,196608
2642,2642,mul,MUL,fp16_vector,12288,12288,12288,12288,12288,0,0,0,0,393216,0,393216
2643,2643,add,ADD,fp16_vector,12288,12288,12288,12288,12288,0,0,0,0,393216,0,393216
2644,2644,cat,LAYOUT,layout_engine,244,244,240,240,244,0,0,0,0,7680,0,7680
2645,2645,cat,LAYOUT,layout_engine,244,244,240,240,244,0,0,0,0,7680,0,7680
2646,2646,to,META_IDENTITY,meta_engine,12528,12528,12528,12528,12528,0,0,0,0,400896,0,400896
2647,2647,to,META_IDENTITY,meta_engine,12528,12528,12528,12528,12528,0,0,0,0,400896,0,400896
2648,2648,scaled_dot_product_attention,ATTENTION,attention_controller,12560,12560,12528,12528,12560,0,0,0,0,400896,0,400896
2649,2649,transpose,LAYOUT,layout_engine,12532,12532,12528,12528,12532,0,0,0,0,400896,0,400896
2650,2650,contiguous,LAYOUT,layout_engine,12532,12532,12528,12528,12532,0,0,0,0,400896,0,400896
2651,2651,reshape,LAYOUT,layout_engine,12532,12532,12528,12528,12532,0,0,0,0,400896,0,400896
2652,2652,to,META_IDENTITY,meta_engine,48,48,48,48,48,0,0,0,0,1536,0,1536
2653,2653,to,META_IDENTITY,meta_engine,36864,36864,36864,36864,36864,0,0,0,0,1179648,0,1179648
2654,2654,linear,GEMM_W8A8,pack2_gemm,132752,106624,13056,12528,132752,0,153944064,76972032,136,200448,589824,200448
2655,2655,detach,META_IDENTITY,meta_engine,12528,12528,12528,12528,12528,0,0,0,0,400896,0,400896
2656,2656,to,META_IDENTITY,meta_engine,12528,12528,12528,12528,12528,0,0,0,0,400896,0,400896
2657,2657,to,META_IDENTITY,meta_engine,12528,12528,12528,12528,12528,0,0,0,0,400896,0,400896
2658,2658,detach,META_IDENTITY,meta_engine,12528,12528,12528,12528,12528,0,0,0,0,400896,0,400896
2659,2659,to,META_IDENTITY,meta_engine,12528,12528,12528,12528,12528,0,0,0,0,400896,0,400896
2660,2660,resolve_conj,META_IDENTITY,meta_engine,12528,12528,12528,12528,12528,0,0,0,0,400896,0,400896
2661,2661,resolve_neg,META_IDENTITY,meta_engine,12528,12528,12528,12528,12528,0,0,0,0,400896,0,400896
2662,2662,detach,META_IDENTITY,meta_engine,36864,36864,36864,36864,36864,0,0,0,0,1179648,0,1179648
2663,2663,detach,META_IDENTITY,meta_engine,36864,36864,36864,36864,36864,0,0,0,0,1179648,0,1179648
2664,2664,to,META_IDENTITY,meta_engine,36864,36864,36864,36864,36864,0,0,0,0,1179648,0,1179648
2665,2665,to,META_IDENTITY,meta_engine,36864,36864,36864,36864,36864,0,0,0,0,1179648,0,1179648
2666,2666,detach,META_IDENTITY,meta_engine,36864,36864,36864,36864,36864,0,0,0,0,1179648,0,1179648
2667,2667,to,META_IDENTITY,meta_engine,36864,36864,36864,36864,36864,0,0,0,0,1179648,0,1179648
2668,2668,resolve_conj,META_IDENTITY,meta_engine,36864,36864,36864,36864,36864,0,0,0,0,1179648,0,1179648
2669,2669,resolve_neg,META_IDENTITY,meta_engine,36864,36864,36864,36864,36864,0,0,0,0,1179648,0,1179648
2670,2670,mul,MUL,fp16_vector,12528,12528,12528,12528,12528,0,0,0,0,400896,0,400896
2671,2671,add,ADD,fp16_vector,12528,12528,12528,12528,12528,0,0,0,0,400896,0,400896
2672,2672,layer_norm,LAYER_NORM,fp16_vector,12560,12560,12528,12528,12560,0,0,0,0,400896,0,400896
2673,2673,to,META_IDENTITY,meta_engine,192,192,192,192,192,0,0,0,0,6144,0,6144
2674,2674,to,META_IDENTITY,meta_engine,147456,147456,147456,147456,147456,0,0,0,0,4718592,0,4718592
2675,2675,to,META_IDENTITY,meta_engine,12528,12528,12528,12528,12528,0,0,0,0,400896,0,400896
2676,2676,linear,GEMM_W8A8,pack2_gemm,12528,12528,12528,12528,12528,0,0,0,0,400896,0,400896
2677,2677,detach,META_IDENTITY,meta_engine,12528,12528,12528,12528,12528,0,0,0,0,400896,0,400896
2678,2678,to,META_IDENTITY,meta_engine,12528,12528,12528,12528,12528,0,0,0,0,400896,0,400896
2679,2679,to,META_IDENTITY,meta_engine,12528,12528,12528,12528,12528,0,0,0,0,400896,0,400896
2680,2680,detach,META_IDENTITY,meta_engine,12528,12528,12528,12528,12528,0,0,0,0,400896,0,400896
2681,2681,to,META_IDENTITY,meta_engine,12528,12528,12528,12528,12528,0,0,0,0,400896,0,400896
2682,2682,resolve_conj,META_IDENTITY,meta_engine,12528,12528,12528,12528,12528,0,0,0,0,400896,0,400896
2683,2683,resolve_neg,META_IDENTITY,meta_engine,12528,12528,12528,12528,12528,0,0,0,0,400896,0,400896
2684,2684,detach,META_IDENTITY,meta_engine,147456,147456,147456,147456,147456,0,0,0,0,4718592,0,4718592
2685,2685,detach,META_IDENTITY,meta_engine,147456,147456,147456,147456,147456,0,0,0,0,4718592,0,4718592
2686,2686,to,META_IDENTITY,meta_engine,147456,147456,147456,147456,147456,0,0,0,0,4718592,0,4718592
2687,2687,to,META_IDENTITY,meta_engine,147456,147456,147456,147456,147456,0,0,0,0,4718592,0,4718592
2688,2688,detach,META_IDENTITY,meta_engine,147456,147456,147456,147456,147456,0,0,0,0,4718592,0,4718592
2689,2689,to,META_IDENTITY,meta_engine,147456,147456,147456,147456,147456,0,0,0,0,4718592,0,4718592
2690,2690,resolve_conj,META_IDENTITY,meta_engine,147456,147456,147456,147456,147456,0,0,0,0,4718592,0,4718592
2691,2691,resolve_neg,META_IDENTITY,meta_engine,147456,147456,147456,147456,147456,0,0,0,0,4718592,0,4718592
2692,2692,gelu,GELU,fp16_vector,50112,50112,50112,50112,50112,0,0,0,0,1603584,0,1603584
2693,2693,to,META_IDENTITY,meta_engine,48,48,48,48,48,0,0,0,0,1536,0,1536
2694,2694,to,META_IDENTITY,meta_engine,147456,147456,147456,147456,147456,0,0,0,0,4718592,0,4718592
2695,2695,linear,GEMM_W8A8,pack2_gemm,50112,50112,50112,50112,50112,0,0,0,0,1603584,0,1603584
2696,2696,detach,META_IDENTITY,meta_engine,50112,50112,50112,50112,50112,0,0,0,0,1603584,0,1603584
2697,2697,to,META_IDENTITY,meta_engine,50112,50112,50112,50112,50112,0,0,0,0,1603584,0,1603584
2698,2698,to,META_IDENTITY,meta_engine,50112,50112,50112,50112,50112,0,0,0,0,1603584,0,1603584
2699,2699,detach,META_IDENTITY,meta_engine,50112,50112,50112,50112,50112,0,0,0,0,1603584,0,1603584
2700,2700,to,META_IDENTITY,meta_engine,50112,50112,50112,50112,50112,0,0,0,0,1603584,0,1603584
2701,2701,resolve_conj,META_IDENTITY,meta_engine,50112,50112,50112,50112,50112,0,0,0,0,1603584,0,1603584
2702,2702,resolve_neg,META_IDENTITY,meta_engine,50112,50112,50112,50112,50112,0,0,0,0,1603584,0,1603584
2703,2703,detach,META_IDENTITY,meta_engine,147456,147456,147456,147456,147456,0,0,0,0,4718592,0,4718592
2704,2704,detach,META_IDENTITY,meta_engine,147456,147456,147456,147456,147456,0,0,0,0,4718592,0,4718592
2705,2705,to,META_IDENTITY,meta_engine,147456,147456,147456,147456,147456,0,0,0,0,4718592,0,4718592
2706,2706,to,META_IDENTITY,meta_engine,147456,147456,147456,147456,147456,0,0,0,0,4718592,0,4718592
2707,2707,detach,META_IDENTITY,meta_engine,147456,147456,147456,147456,147456,0,0,0,0,4718592,0,4718592
2708,2708,to,META_IDENTITY,meta_engine,147456,147456,147456,147456,147456,0,0,0,0,4718592,0,4718592
2709,2709,resolve_conj,META_IDENTITY,meta_engine,147456,147456,147456,147456,147456,0,0,0,0,4718592,0,4718592
2710,2710,resolve_neg,META_IDENTITY,meta_engine,147456,147456,147456,147456,147456,0,0,0,0,4718592,0,4718592
2711,2711,mul,MUL,fp16_vector,12528,12528,12528,12528,12528,0,0,0,0,400896,0,400896
2712,2712,add,ADD,fp16_vector,12528,12528,12528,12528,12528,0,0,0,0,400896,0,400896
2713,2713,layer_norm,LAYER_NORM,fp16_vector,12560,12560,12528,12528,12560,0,0,0,0,400896,0,400896
2714,2714,to,META_IDENTITY,meta_engine,48,48,48,48,48,0,0,0,0,1536,0,1536
2715,2715,to,META_IDENTITY,meta_engine,36864,36864,36864,36864,36864,0,0,0,0,1179648,0,1179648
2716,2716,to,META_IDENTITY,meta_engine,12528,12528,12528,12528,12528,0,0,0,0,400896,0,400896
2717,2717,linear,GEMM_W8A8,pack2_gemm,132752,106624,13056,12528,132752,0,153944064,76972032,136,200448,589824,200448
2718,2718,detach,META_IDENTITY,meta_engine,12528,12528,12528,12528,12528,0,0,0,0,400896,0,400896
2719,2719,to,META_IDENTITY,meta_engine,12528,12528,12528,12528,12528,0,0,0,0,400896,0,400896
2720,2720,to,META_IDENTITY,meta_engine,12528,12528,12528,12528,12528,0,0,0,0,400896,0,400896
2721,2721,detach,META_IDENTITY,meta_engine,12528,12528,12528,12528,12528,0,0,0,0,400896,0,400896
2722,2722,to,META_IDENTITY,meta_engine,12528,12528,12528,12528,12528,0,0,0,0,400896,0,400896
2723,2723,resolve_conj,META_IDENTITY,meta_engine,12528,12528,12528,12528,12528,0,0,0,0,400896,0,400896
2724,2724,resolve_neg,META_IDENTITY,meta_engine,12528,12528,12528,12528,12528,0,0,0,0,400896,0,400896
2725,2725,detach,META_IDENTITY,meta_engine,36864,36864,36864,36864,36864,0,0,0,0,1179648,0,1179648
2726,2726,detach,META_IDENTITY,meta_engine,36864,36864,36864,36864,36864,0,0,0,0,1179648,0,1179648
2727,2727,to,META_IDENTITY,meta_engine,36864,36864,36864,36864,36864,0,0,0,0,1179648,0,1179648
2728,2728,to,META_IDENTITY,meta_engine,36864,36864,36864,36864,36864,0,0,0,0,1179648,0,1179648
2729,2729,detach,META_IDENTITY,meta_engine,36864,36864,36864,36864,36864,0,0,0,0,1179648,0,1179648
2730,2730,to,META_IDENTITY,meta_engine,36864,36864,36864,36864,36864,0,0,0,0,1179648,0,1179648
2731,2731,resolve_conj,META_IDENTITY,meta_engine,36864,36864,36864,36864,36864,0,0,0,0,1179648,0,1179648
2732,2732,resolve_neg,META_IDENTITY,meta_engine,36864,36864,36864,36864,36864,0,0,0,0,1179648,0,1179648
2733,2733,to,META_IDENTITY,meta_engine,36864,36864,36864,36864,36864,0,0,0,0,1179648,0,1179648
2734,2734,to,META_IDENTITY,meta_engine,12528,12528,12528,12528,12528,0,0,0,0,400896,0,400896
2735,2735,linear,GEMM_W8A8,pack2_gemm,132752,106624,13056,12528,132752,0,153944064,76972032,136,200448,589824,200448
2736,2736,detach,META_IDENTITY,meta_engine,12528,12528,12528,12528,12528,0,0,0,0,400896,0,400896
2737,2737,to,META_IDENTITY,meta_engine,12528,12528,12528,12528,12528,0,0,0,0,400896,0,400896
2738,2738,to,META_IDENTITY,meta_engine,12528,12528,12528,12528,12528,0,0,0,0,400896,0,400896
2739,2739,detach,META_IDENTITY,meta_engine,12528,12528,12528,12528,12528,0,0,0,0,400896,0,400896
2740,2740,to,META_IDENTITY,meta_engine,12528,12528,12528,12528,12528,0,0,0,0,400896,0,400896
2741,2741,resolve_conj,META_IDENTITY,meta_engine,12528,12528,12528,12528,12528,0,0,0,0,400896,0,400896
2742,2742,resolve_neg,META_IDENTITY,meta_engine,12528,12528,12528,12528,12528,0,0,0,0,400896,0,400896
2743,2743,detach,META_IDENTITY,meta_engine,36864,36864,36864,36864,36864,0,0,0,0,1179648,0,1179648
2744,2744,detach,META_IDENTITY,meta_engine,36864,36864,36864,36864,36864,0,0,0,0,1179648,0,1179648
2745,2745,to,META_IDENTITY,meta_engine,36864,36864,36864,36864,36864,0,0,0,0,1179648,0,1179648
2746,2746,to,META_IDENTITY,meta_engine,36864,36864,36864,36864,36864,0,0,0,0,1179648,0,1179648
2747,2747,detach,META_IDENTITY,meta_engine,36864,36864,36864,36864,36864,0,0,0,0,1179648,0,1179648
2748,2748,to,META_IDENTITY,meta_engine,36864,36864,36864,36864,36864,0,0,0,0,1179648,0,1179648
2749,2749,resolve_conj,META_IDENTITY,meta_engine,36864,36864,36864,36864,36864,0,0,0,0,1179648,0,1179648
2750,2750,resolve_neg,META_IDENTITY,meta_engine,36864,36864,36864,36864,36864,0,0,0,0,1179648,0,1179648
2751,2751,to,META_IDENTITY,meta_engine,48,48,48,48,48,0,0,0,0,1536,0,1536
2752,2752,to,META_IDENTITY,meta_engine,36864,36864,36864,36864,36864,0,0,0,0,1179648,0,1179648
2753,2753,to,META_IDENTITY,meta_engine,12528,12528,12528,12528,12528,0,0,0,0,400896,0,400896
2754,2754,linear,GEMM_W8A8,pack2_gemm,132752,106624,13056,12528,132752,0,153944064,76972032,136,200448,589824,200448
2755,2755,detach,META_IDENTITY,meta_engine,12528,12528,12528,12528,12528,0,0,0,0,400896,0,400896
2756,2756,to,META_IDENTITY,meta_engine,12528,12528,12528,12528,12528,0,0,0,0,400896,0,400896
2757,2757,to,META_IDENTITY,meta_engine,12528,12528,12528,12528,12528,0,0,0,0,400896,0,400896
2758,2758,detach,META_IDENTITY,meta_engine,12528,12528,12528,12528,12528,0,0,0,0,400896,0,400896
2759,2759,to,META_IDENTITY,meta_engine,12528,12528,12528,12528,12528,0,0,0,0,400896,0,400896
2760,2760,resolve_conj,META_IDENTITY,meta_engine,12528,12528,12528,12528,12528,0,0,0,0,400896,0,400896
2761,2761,resolve_neg,META_IDENTITY,meta_engine,12528,12528,12528,12528,12528,0,0,0,0,400896,0,400896
2762,2762,detach,META_IDENTITY,meta_engine,36864,36864,36864,36864,36864,0,0,0,0,1179648,0,1179648
2763,2763,detach,META_IDENTITY,meta_engine,36864,36864,36864,36864,36864,0,0,0,0,1179648,0,1179648
2764,2764,to,META_IDENTITY,meta_engine,36864,36864,36864,36864,36864,0,0,0,0,1179648,0,1179648
2765,2765,to,META_IDENTITY,meta_engine,36864,36864,36864,36864,36864,0,0,0,0,1179648,0,1179648
2766,2766,detach,META_IDENTITY,meta_engine,36864,36864,36864,36864,36864,0,0,0,0,1179648,0,1179648
2767,2767,to,META_IDENTITY,meta_engine,36864,36864,36864,36864,36864,0,0,0,0,1179648,0,1179648
2768,2768,resolve_conj,META_IDENTITY,meta_engine,36864,36864,36864,36864,36864,0,0,0,0,1179648,0,1179648
2769,2769,resolve_neg,META_IDENTITY,meta_engine,36864,36864,36864,36864,36864,0,0,0,0,1179648,0,1179648
2770,2770,view,LAYOUT,layout_engine,12532,12532,12528,12528,12532,0,0,0,0,400896,0,400896
2771,2771,transpose,LAYOUT,layout_engine,12532,12532,12528,12528,12532,0,0,0,0,400896,0,400896
2772,2772,view,LAYOUT,layout_engine,12532,12532,12528,12528,12532,0,0,0,0,400896,0,400896
2773,2773,transpose,LAYOUT,layout_engine,12532,12532,12528,12528,12532,0,0,0,0,400896,0,400896
2774,2774,view,LAYOUT,layout_engine,12532,12532,12528,12528,12532,0,0,0,0,400896,0,400896
2775,2775,transpose,LAYOUT,layout_engine,12532,12532,12528,12528,12532,0,0,0,0,400896,0,400896
2776,2776,split_with_sizes,META_IDENTITY,meta_engine,12528,12528,12528,12528,12528,0,0,0,0,400896,0,400896
2777,2777,split_with_sizes,META_IDENTITY,meta_engine,12528,12528,12528,12528,12528,0,0,0,0,400896,0,400896
2778,2778,mul,MUL,fp16_vector,12288,12288,12288,12288,12288,0,0,0,0,393216,0,393216
2779,2779,slice,LAYOUT,layout_engine,12292,12292,12288,12288,12292,0,0,0,0,393216,0,393216
2780,2780,slice,LAYOUT,layout_engine,12292,12292,12288,12288,12292,0,0,0,0,393216,0,393216
2781,2781,neg,META_IDENTITY,meta_engine,6144,6144,6144,6144,6144,0,0,0,0,196608,0,196608
2782,2782,cat,LAYOUT,layout_engine,6148,6148,6144,6144,6148,0,0,0,0,196608,0,196608
2783,2783,mul,MUL,fp16_vector,12288,12288,12288,12288,12288,0,0,0,0,393216,0,393216
2784,2784,add,ADD,fp16_vector,12288,12288,12288,12288,12288,0,0,0,0,393216,0,393216
2785,2785,mul,MUL,fp16_vector,12288,12288,12288,12288,12288,0,0,0,0,393216,0,393216
2786,2786,slice,LAYOUT,layout_engine,12292,12292,12288,12288,12292,0,0,0,0,393216,0,393216
2787,2787,slice,LAYOUT,layout_engine,12292,12292,12288,12288,12292,0,0,0,0,393216,0,393216
2788,2788,neg,META_IDENTITY,meta_engine,6144,6144,6144,6144,6144,0,0,0,0,196608,0,196608
2789,2789,cat,LAYOUT,layout_engine,6148,6148,6144,6144,6148,0,0,0,0,196608,0,196608
2790,2790,mul,MUL,fp16_vector,12288,12288,12288,12288,12288,0,0,0,0,393216,0,393216
2791,2791,add,ADD,fp16_vector,12288,12288,12288,12288,12288,0,0,0,0,393216,0,393216
2792,2792,cat,LAYOUT,layout_engine,244,244,240,240,244,0,0,0,0,7680,0,7680
2793,2793,cat,LAYOUT,layout_engine,244,244,240,240,244,0,0,0,0,7680,0,7680
2794,2794,to,META_IDENTITY,meta_engine,12528,12528,12528,12528,12528,0,0,0,0,400896,0,400896
2795,2795,to,META_IDENTITY,meta_engine,12528,12528,12528,12528,12528,0,0,0,0,400896,0,400896
2796,2796,scaled_dot_product_attention,ATTENTION,attention_controller,12560,12560,12528,12528,12560,0,0,0,0,400896,0,400896
2797,2797,transpose,LAYOUT,layout_engine,12532,12532,12528,12528,12532,0,0,0,0,400896,0,400896
2798,2798,contiguous,LAYOUT,layout_engine,12532,12532,12528,12528,12532,0,0,0,0,400896,0,400896
2799,2799,reshape,LAYOUT,layout_engine,12532,12532,12528,12528,12532,0,0,0,0,400896,0,400896
2800,2800,to,META_IDENTITY,meta_engine,48,48,48,48,48,0,0,0,0,1536,0,1536
2801,2801,to,META_IDENTITY,meta_engine,36864,36864,36864,36864,36864,0,0,0,0,1179648,0,1179648
2802,2802,linear,GEMM_W8A8,pack2_gemm,132752,106624,13056,12528,132752,0,153944064,76972032,136,200448,589824,200448
2803,2803,detach,META_IDENTITY,meta_engine,12528,12528,12528,12528,12528,0,0,0,0,400896,0,400896
2804,2804,to,META_IDENTITY,meta_engine,12528,12528,12528,12528,12528,0,0,0,0,400896,0,400896
2805,2805,to,META_IDENTITY,meta_engine,12528,12528,12528,12528,12528,0,0,0,0,400896,0,400896
2806,2806,detach,META_IDENTITY,meta_engine,12528,12528,12528,12528,12528,0,0,0,0,400896,0,400896
2807,2807,to,META_IDENTITY,meta_engine,12528,12528,12528,12528,12528,0,0,0,0,400896,0,400896
2808,2808,resolve_conj,META_IDENTITY,meta_engine,12528,12528,12528,12528,12528,0,0,0,0,400896,0,400896
2809,2809,resolve_neg,META_IDENTITY,meta_engine,12528,12528,12528,12528,12528,0,0,0,0,400896,0,400896
2810,2810,detach,META_IDENTITY,meta_engine,36864,36864,36864,36864,36864,0,0,0,0,1179648,0,1179648
2811,2811,detach,META_IDENTITY,meta_engine,36864,36864,36864,36864,36864,0,0,0,0,1179648,0,1179648
2812,2812,to,META_IDENTITY,meta_engine,36864,36864,36864,36864,36864,0,0,0,0,1179648,0,1179648
2813,2813,to,META_IDENTITY,meta_engine,36864,36864,36864,36864,36864,0,0,0,0,1179648,0,1179648
2814,2814,detach,META_IDENTITY,meta_engine,36864,36864,36864,36864,36864,0,0,0,0,1179648,0,1179648
2815,2815,to,META_IDENTITY,meta_engine,36864,36864,36864,36864,36864,0,0,0,0,1179648,0,1179648
2816,2816,resolve_conj,META_IDENTITY,meta_engine,36864,36864,36864,36864,36864,0,0,0,0,1179648,0,1179648
2817,2817,resolve_neg,META_IDENTITY,meta_engine,36864,36864,36864,36864,36864,0,0,0,0,1179648,0,1179648
2818,2818,mul,MUL,fp16_vector,12528,12528,12528,12528,12528,0,0,0,0,400896,0,400896
2819,2819,add,ADD,fp16_vector,12528,12528,12528,12528,12528,0,0,0,0,400896,0,400896
2820,2820,layer_norm,LAYER_NORM,fp16_vector,12560,12560,12528,12528,12560,0,0,0,0,400896,0,400896
2821,2821,to,META_IDENTITY,meta_engine,192,192,192,192,192,0,0,0,0,6144,0,6144
2822,2822,to,META_IDENTITY,meta_engine,147456,147456,147456,147456,147456,0,0,0,0,4718592,0,4718592
2823,2823,to,META_IDENTITY,meta_engine,12528,12528,12528,12528,12528,0,0,0,0,400896,0,400896
2824,2824,linear,GEMM_W8A8,pack2_gemm,12528,12528,12528,12528,12528,0,0,0,0,400896,0,400896
2825,2825,detach,META_IDENTITY,meta_engine,12528,12528,12528,12528,12528,0,0,0,0,400896,0,400896
2826,2826,to,META_IDENTITY,meta_engine,12528,12528,12528,12528,12528,0,0,0,0,400896,0,400896
2827,2827,to,META_IDENTITY,meta_engine,12528,12528,12528,12528,12528,0,0,0,0,400896,0,400896
2828,2828,detach,META_IDENTITY,meta_engine,12528,12528,12528,12528,12528,0,0,0,0,400896,0,400896
2829,2829,to,META_IDENTITY,meta_engine,12528,12528,12528,12528,12528,0,0,0,0,400896,0,400896
2830,2830,resolve_conj,META_IDENTITY,meta_engine,12528,12528,12528,12528,12528,0,0,0,0,400896,0,400896
2831,2831,resolve_neg,META_IDENTITY,meta_engine,12528,12528,12528,12528,12528,0,0,0,0,400896,0,400896
2832,2832,detach,META_IDENTITY,meta_engine,147456,147456,147456,147456,147456,0,0,0,0,4718592,0,4718592
2833,2833,detach,META_IDENTITY,meta_engine,147456,147456,147456,147456,147456,0,0,0,0,4718592,0,4718592
2834,2834,to,META_IDENTITY,meta_engine,147456,147456,147456,147456,147456,0,0,0,0,4718592,0,4718592
2835,2835,to,META_IDENTITY,meta_engine,147456,147456,147456,147456,147456,0,0,0,0,4718592,0,4718592
2836,2836,detach,META_IDENTITY,meta_engine,147456,147456,147456,147456,147456,0,0,0,0,4718592,0,4718592
2837,2837,to,META_IDENTITY,meta_engine,147456,147456,147456,147456,147456,0,0,0,0,4718592,0,4718592
2838,2838,resolve_conj,META_IDENTITY,meta_engine,147456,147456,147456,147456,147456,0,0,0,0,4718592,0,4718592
2839,2839,resolve_neg,META_IDENTITY,meta_engine,147456,147456,147456,147456,147456,0,0,0,0,4718592,0,4718592
2840,2840,gelu,GELU,fp16_vector,50112,50112,50112,50112,50112,0,0,0,0,1603584,0,1603584
2841,2841,to,META_IDENTITY,meta_engine,48,48,48,48,48,0,0,0,0,1536,0,1536
2842,2842,to,META_IDENTITY,meta_engine,147456,147456,147456,147456,147456,0,0,0,0,4718592,0,4718592
2843,2843,linear,GEMM_W8A8,pack2_gemm,50112,50112,50112,50112,50112,0,0,0,0,1603584,0,1603584
2844,2844,detach,META_IDENTITY,meta_engine,50112,50112,50112,50112,50112,0,0,0,0,1603584,0,1603584
2845,2845,to,META_IDENTITY,meta_engine,50112,50112,50112,50112,50112,0,0,0,0,1603584,0,1603584
2846,2846,to,META_IDENTITY,meta_engine,50112,50112,50112,50112,50112,0,0,0,0,1603584,0,1603584
2847,2847,detach,META_IDENTITY,meta_engine,50112,50112,50112,50112,50112,0,0,0,0,1603584,0,1603584
2848,2848,to,META_IDENTITY,meta_engine,50112,50112,50112,50112,50112,0,0,0,0,1603584,0,1603584
2849,2849,resolve_conj,META_IDENTITY,meta_engine,50112,50112,50112,50112,50112,0,0,0,0,1603584,0,1603584
2850,2850,resolve_neg,META_IDENTITY,meta_engine,50112,50112,50112,50112,50112,0,0,0,0,1603584,0,1603584
2851,2851,detach,META_IDENTITY,meta_engine,147456,147456,147456,147456,147456,0,0,0,0,4718592,0,4718592
2852,2852,detach,META_IDENTITY,meta_engine,147456,147456,147456,147456,147456,0,0,0,0,4718592,0,4718592
2853,2853,to,META_IDENTITY,meta_engine,147456,147456,147456,147456,147456,0,0,0,0,4718592,0,4718592
2854,2854,to,META_IDENTITY,meta_engine,147456,147456,147456,147456,147456,0,0,0,0,4718592,0,4718592
2855,2855,detach,META_IDENTITY,meta_engine,147456,147456,147456,147456,147456,0,0,0,0,4718592,0,4718592
2856,2856,to,META_IDENTITY,meta_engine,147456,147456,147456,147456,147456,0,0,0,0,4718592,0,4718592
2857,2857,resolve_conj,META_IDENTITY,meta_engine,147456,147456,147456,147456,147456,0,0,0,0,4718592,0,4718592
2858,2858,resolve_neg,META_IDENTITY,meta_engine,147456,147456,147456,147456,147456,0,0,0,0,4718592,0,4718592
2859,2859,mul,MUL,fp16_vector,12528,12528,12528,12528,12528,0,0,0,0,400896,0,400896
2860,2860,add,ADD,fp16_vector,12528,12528,12528,12528,12528,0,0,0,0,400896,0,400896
2861,2861,layer_norm,LAYER_NORM,fp16_vector,12560,12560,12528,12528,12560,0,0,0,0,400896,0,400896
2862,2862,to,META_IDENTITY,meta_engine,48,48,48,48,48,0,0,0,0,1536,0,1536
2863,2863,to,META_IDENTITY,meta_engine,36864,36864,36864,36864,36864,0,0,0,0,1179648,0,1179648
2864,2864,to,META_IDENTITY,meta_engine,12528,12528,12528,12528,12528,0,0,0,0,400896,0,400896
2865,2865,linear,GEMM_W8A8,pack2_gemm,132752,106624,13056,12528,132752,0,153944064,76972032,136,200448,589824,200448
2866,2866,detach,META_IDENTITY,meta_engine,12528,12528,12528,12528,12528,0,0,0,0,400896,0,400896
2867,2867,to,META_IDENTITY,meta_engine,12528,12528,12528,12528,12528,0,0,0,0,400896,0,400896
2868,2868,to,META_IDENTITY,meta_engine,12528,12528,12528,12528,12528,0,0,0,0,400896,0,400896
2869,2869,detach,META_IDENTITY,meta_engine,12528,12528,12528,12528,12528,0,0,0,0,400896,0,400896
2870,2870,to,META_IDENTITY,meta_engine,12528,12528,12528,12528,12528,0,0,0,0,400896,0,400896
2871,2871,resolve_conj,META_IDENTITY,meta_engine,12528,12528,12528,12528,12528,0,0,0,0,400896,0,400896
2872,2872,resolve_neg,META_IDENTITY,meta_engine,12528,12528,12528,12528,12528,0,0,0,0,400896,0,400896
2873,2873,detach,META_IDENTITY,meta_engine,36864,36864,36864,36864,36864,0,0,0,0,1179648,0,1179648
2874,2874,detach,META_IDENTITY,meta_engine,36864,36864,36864,36864,36864,0,0,0,0,1179648,0,1179648
2875,2875,to,META_IDENTITY,meta_engine,36864,36864,36864,36864,36864,0,0,0,0,1179648,0,1179648
2876,2876,to,META_IDENTITY,meta_engine,36864,36864,36864,36864,36864,0,0,0,0,1179648,0,1179648
2877,2877,detach,META_IDENTITY,meta_engine,36864,36864,36864,36864,36864,0,0,0,0,1179648,0,1179648
2878,2878,to,META_IDENTITY,meta_engine,36864,36864,36864,36864,36864,0,0,0,0,1179648,0,1179648
2879,2879,resolve_conj,META_IDENTITY,meta_engine,36864,36864,36864,36864,36864,0,0,0,0,1179648,0,1179648
2880,2880,resolve_neg,META_IDENTITY,meta_engine,36864,36864,36864,36864,36864,0,0,0,0,1179648,0,1179648
2881,2881,to,META_IDENTITY,meta_engine,36864,36864,36864,36864,36864,0,0,0,0,1179648,0,1179648
2882,2882,to,META_IDENTITY,meta_engine,12528,12528,12528,12528,12528,0,0,0,0,400896,0,400896
2883,2883,linear,GEMM_W8A8,pack2_gemm,132752,106624,13056,12528,132752,0,153944064,76972032,136,200448,589824,200448
2884,2884,detach,META_IDENTITY,meta_engine,12528,12528,12528,12528,12528,0,0,0,0,400896,0,400896
2885,2885,to,META_IDENTITY,meta_engine,12528,12528,12528,12528,12528,0,0,0,0,400896,0,400896
2886,2886,to,META_IDENTITY,meta_engine,12528,12528,12528,12528,12528,0,0,0,0,400896,0,400896
2887,2887,detach,META_IDENTITY,meta_engine,12528,12528,12528,12528,12528,0,0,0,0,400896,0,400896
2888,2888,to,META_IDENTITY,meta_engine,12528,12528,12528,12528,12528,0,0,0,0,400896,0,400896
2889,2889,resolve_conj,META_IDENTITY,meta_engine,12528,12528,12528,12528,12528,0,0,0,0,400896,0,400896
2890,2890,resolve_neg,META_IDENTITY,meta_engine,12528,12528,12528,12528,12528,0,0,0,0,400896,0,400896
2891,2891,detach,META_IDENTITY,meta_engine,36864,36864,36864,36864,36864,0,0,0,0,1179648,0,1179648
2892,2892,detach,META_IDENTITY,meta_engine,36864,36864,36864,36864,36864,0,0,0,0,1179648,0,1179648
2893,2893,to,META_IDENTITY,meta_engine,36864,36864,36864,36864,36864,0,0,0,0,1179648,0,1179648
2894,2894,to,META_IDENTITY,meta_engine,36864,36864,36864,36864,36864,0,0,0,0,1179648,0,1179648
2895,2895,detach,META_IDENTITY,meta_engine,36864,36864,36864,36864,36864,0,0,0,0,1179648,0,1179648
2896,2896,to,META_IDENTITY,meta_engine,36864,36864,36864,36864,36864,0,0,0,0,1179648,0,1179648
2897,2897,resolve_conj,META_IDENTITY,meta_engine,36864,36864,36864,36864,36864,0,0,0,0,1179648,0,1179648
2898,2898,resolve_neg,META_IDENTITY,meta_engine,36864,36864,36864,36864,36864,0,0,0,0,1179648,0,1179648
2899,2899,to,META_IDENTITY,meta_engine,48,48,48,48,48,0,0,0,0,1536,0,1536
2900,2900,to,META_IDENTITY,meta_engine,36864,36864,36864,36864,36864,0,0,0,0,1179648,0,1179648
2901,2901,to,META_IDENTITY,meta_engine,12528,12528,12528,12528,12528,0,0,0,0,400896,0,400896
2902,2902,linear,GEMM_W8A8,pack2_gemm,132752,106624,13056,12528,132752,0,153944064,76972032,136,200448,589824,200448
2903,2903,detach,META_IDENTITY,meta_engine,12528,12528,12528,12528,12528,0,0,0,0,400896,0,400896
2904,2904,to,META_IDENTITY,meta_engine,12528,12528,12528,12528,12528,0,0,0,0,400896,0,400896
2905,2905,to,META_IDENTITY,meta_engine,12528,12528,12528,12528,12528,0,0,0,0,400896,0,400896
2906,2906,detach,META_IDENTITY,meta_engine,12528,12528,12528,12528,12528,0,0,0,0,400896,0,400896
2907,2907,to,META_IDENTITY,meta_engine,12528,12528,12528,12528,12528,0,0,0,0,400896,0,400896
2908,2908,resolve_conj,META_IDENTITY,meta_engine,12528,12528,12528,12528,12528,0,0,0,0,400896,0,400896
2909,2909,resolve_neg,META_IDENTITY,meta_engine,12528,12528,12528,12528,12528,0,0,0,0,400896,0,400896
2910,2910,detach,META_IDENTITY,meta_engine,36864,36864,36864,36864,36864,0,0,0,0,1179648,0,1179648
2911,2911,detach,META_IDENTITY,meta_engine,36864,36864,36864,36864,36864,0,0,0,0,1179648,0,1179648
2912,2912,to,META_IDENTITY,meta_engine,36864,36864,36864,36864,36864,0,0,0,0,1179648,0,1179648
2913,2913,to,META_IDENTITY,meta_engine,36864,36864,36864,36864,36864,0,0,0,0,1179648,0,1179648
2914,2914,detach,META_IDENTITY,meta_engine,36864,36864,36864,36864,36864,0,0,0,0,1179648,0,1179648
2915,2915,to,META_IDENTITY,meta_engine,36864,36864,36864,36864,36864,0,0,0,0,1179648,0,1179648
2916,2916,resolve_conj,META_IDENTITY,meta_engine,36864,36864,36864,36864,36864,0,0,0,0,1179648,0,1179648
2917,2917,resolve_neg,META_IDENTITY,meta_engine,36864,36864,36864,36864,36864,0,0,0,0,1179648,0,1179648
2918,2918,view,LAYOUT,layout_engine,12532,12532,12528,12528,12532,0,0,0,0,400896,0,400896
2919,2919,transpose,LAYOUT,layout_engine,12532,12532,12528,12528,12532,0,0,0,0,400896,0,400896
2920,2920,view,LAYOUT,layout_engine,12532,12532,12528,12528,12532,0,0,0,0,400896,0,400896
2921,2921,transpose,LAYOUT,layout_engine,12532,12532,12528,12528,12532,0,0,0,0,400896,0,400896
2922,2922,view,LAYOUT,layout_engine,12532,12532,12528,12528,12532,0,0,0,0,400896,0,400896
2923,2923,transpose,LAYOUT,layout_engine,12532,12532,12528,12528,12532,0,0,0,0,400896,0,400896
2924,2924,split_with_sizes,META_IDENTITY,meta_engine,12528,12528,12528,12528,12528,0,0,0,0,400896,0,400896
2925,2925,split_with_sizes,META_IDENTITY,meta_engine,12528,12528,12528,12528,12528,0,0,0,0,400896,0,400896
2926,2926,mul,MUL,fp16_vector,12288,12288,12288,12288,12288,0,0,0,0,393216,0,393216
2927,2927,slice,LAYOUT,layout_engine,12292,12292,12288,12288,12292,0,0,0,0,393216,0,393216
2928,2928,slice,LAYOUT,layout_engine,12292,12292,12288,12288,12292,0,0,0,0,393216,0,393216
2929,2929,neg,META_IDENTITY,meta_engine,6144,6144,6144,6144,6144,0,0,0,0,196608,0,196608
2930,2930,cat,LAYOUT,layout_engine,6148,6148,6144,6144,6148,0,0,0,0,196608,0,196608
2931,2931,mul,MUL,fp16_vector,12288,12288,12288,12288,12288,0,0,0,0,393216,0,393216
2932,2932,add,ADD,fp16_vector,12288,12288,12288,12288,12288,0,0,0,0,393216,0,393216
2933,2933,mul,MUL,fp16_vector,12288,12288,12288,12288,12288,0,0,0,0,393216,0,393216
2934,2934,slice,LAYOUT,layout_engine,12292,12292,12288,12288,12292,0,0,0,0,393216,0,393216
2935,2935,slice,LAYOUT,layout_engine,12292,12292,12288,12288,12292,0,0,0,0,393216,0,393216
2936,2936,neg,META_IDENTITY,meta_engine,6144,6144,6144,6144,6144,0,0,0,0,196608,0,196608
2937,2937,cat,LAYOUT,layout_engine,6148,6148,6144,6144,6148,0,0,0,0,196608,0,196608
2938,2938,mul,MUL,fp16_vector,12288,12288,12288,12288,12288,0,0,0,0,393216,0,393216
2939,2939,add,ADD,fp16_vector,12288,12288,12288,12288,12288,0,0,0,0,393216,0,393216
2940,2940,cat,LAYOUT,layout_engine,244,244,240,240,244,0,0,0,0,7680,0,7680
2941,2941,cat,LAYOUT,layout_engine,244,244,240,240,244,0,0,0,0,7680,0,7680
2942,2942,to,META_IDENTITY,meta_engine,12528,12528,12528,12528,12528,0,0,0,0,400896,0,400896
2943,2943,to,META_IDENTITY,meta_engine,12528,12528,12528,12528,12528,0,0,0,0,400896,0,400896
2944,2944,scaled_dot_product_attention,ATTENTION,attention_controller,12560,12560,12528,12528,12560,0,0,0,0,400896,0,400896
2945,2945,transpose,LAYOUT,layout_engine,12532,12532,12528,12528,12532,0,0,0,0,400896,0,400896
2946,2946,contiguous,LAYOUT,layout_engine,12532,12532,12528,12528,12532,0,0,0,0,400896,0,400896
2947,2947,reshape,LAYOUT,layout_engine,12532,12532,12528,12528,12532,0,0,0,0,400896,0,400896
2948,2948,to,META_IDENTITY,meta_engine,48,48,48,48,48,0,0,0,0,1536,0,1536
2949,2949,to,META_IDENTITY,meta_engine,36864,36864,36864,36864,36864,0,0,0,0,1179648,0,1179648
2950,2950,linear,GEMM_W8A8,pack2_gemm,132752,106624,13056,12528,132752,0,153944064,76972032,136,200448,589824,200448
2951,2951,detach,META_IDENTITY,meta_engine,12528,12528,12528,12528,12528,0,0,0,0,400896,0,400896
2952,2952,to,META_IDENTITY,meta_engine,12528,12528,12528,12528,12528,0,0,0,0,400896,0,400896
2953,2953,to,META_IDENTITY,meta_engine,12528,12528,12528,12528,12528,0,0,0,0,400896,0,400896
2954,2954,detach,META_IDENTITY,meta_engine,12528,12528,12528,12528,12528,0,0,0,0,400896,0,400896
2955,2955,to,META_IDENTITY,meta_engine,12528,12528,12528,12528,12528,0,0,0,0,400896,0,400896
2956,2956,resolve_conj,META_IDENTITY,meta_engine,12528,12528,12528,12528,12528,0,0,0,0,400896,0,400896
2957,2957,resolve_neg,META_IDENTITY,meta_engine,12528,12528,12528,12528,12528,0,0,0,0,400896,0,400896
2958,2958,detach,META_IDENTITY,meta_engine,36864,36864,36864,36864,36864,0,0,0,0,1179648,0,1179648
2959,2959,detach,META_IDENTITY,meta_engine,36864,36864,36864,36864,36864,0,0,0,0,1179648,0,1179648
2960,2960,to,META_IDENTITY,meta_engine,36864,36864,36864,36864,36864,0,0,0,0,1179648,0,1179648
2961,2961,to,META_IDENTITY,meta_engine,36864,36864,36864,36864,36864,0,0,0,0,1179648,0,1179648
2962,2962,detach,META_IDENTITY,meta_engine,36864,36864,36864,36864,36864,0,0,0,0,1179648,0,1179648
2963,2963,to,META_IDENTITY,meta_engine,36864,36864,36864,36864,36864,0,0,0,0,1179648,0,1179648
2964,2964,resolve_conj,META_IDENTITY,meta_engine,36864,36864,36864,36864,36864,0,0,0,0,1179648,0,1179648
2965,2965,resolve_neg,META_IDENTITY,meta_engine,36864,36864,36864,36864,36864,0,0,0,0,1179648,0,1179648
2966,2966,mul,MUL,fp16_vector,12528,12528,12528,12528,12528,0,0,0,0,400896,0,400896
2967,2967,add,ADD,fp16_vector,12528,12528,12528,12528,12528,0,0,0,0,400896,0,400896
2968,2968,layer_norm,LAYER_NORM,fp16_vector,12560,12560,12528,12528,12560,0,0,0,0,400896,0,400896
2969,2969,to,META_IDENTITY,meta_engine,192,192,192,192,192,0,0,0,0,6144,0,6144
2970,2970,to,META_IDENTITY,meta_engine,147456,147456,147456,147456,147456,0,0,0,0,4718592,0,4718592
2971,2971,to,META_IDENTITY,meta_engine,12528,12528,12528,12528,12528,0,0,0,0,400896,0,400896
2972,2972,linear,GEMM_W8A8,pack2_gemm,12528,12528,12528,12528,12528,0,0,0,0,400896,0,400896
2973,2973,detach,META_IDENTITY,meta_engine,12528,12528,12528,12528,12528,0,0,0,0,400896,0,400896
2974,2974,to,META_IDENTITY,meta_engine,12528,12528,12528,12528,12528,0,0,0,0,400896,0,400896
2975,2975,to,META_IDENTITY,meta_engine,12528,12528,12528,12528,12528,0,0,0,0,400896,0,400896
2976,2976,detach,META_IDENTITY,meta_engine,12528,12528,12528,12528,12528,0,0,0,0,400896,0,400896
2977,2977,to,META_IDENTITY,meta_engine,12528,12528,12528,12528,12528,0,0,0,0,400896,0,400896
2978,2978,resolve_conj,META_IDENTITY,meta_engine,12528,12528,12528,12528,12528,0,0,0,0,400896,0,400896
2979,2979,resolve_neg,META_IDENTITY,meta_engine,12528,12528,12528,12528,12528,0,0,0,0,400896,0,400896
2980,2980,detach,META_IDENTITY,meta_engine,147456,147456,147456,147456,147456,0,0,0,0,4718592,0,4718592
2981,2981,detach,META_IDENTITY,meta_engine,147456,147456,147456,147456,147456,0,0,0,0,4718592,0,4718592
2982,2982,to,META_IDENTITY,meta_engine,147456,147456,147456,147456,147456,0,0,0,0,4718592,0,4718592
2983,2983,to,META_IDENTITY,meta_engine,147456,147456,147456,147456,147456,0,0,0,0,4718592,0,4718592
2984,2984,detach,META_IDENTITY,meta_engine,147456,147456,147456,147456,147456,0,0,0,0,4718592,0,4718592
2985,2985,to,META_IDENTITY,meta_engine,147456,147456,147456,147456,147456,0,0,0,0,4718592,0,4718592
2986,2986,resolve_conj,META_IDENTITY,meta_engine,147456,147456,147456,147456,147456,0,0,0,0,4718592,0,4718592
2987,2987,resolve_neg,META_IDENTITY,meta_engine,147456,147456,147456,147456,147456,0,0,0,0,4718592,0,4718592
2988,2988,gelu,GELU,fp16_vector,50112,50112,50112,50112,50112,0,0,0,0,1603584,0,1603584
2989,2989,to,META_IDENTITY,meta_engine,48,48,48,48,48,0,0,0,0,1536,0,1536
2990,2990,to,META_IDENTITY,meta_engine,147456,147456,147456,147456,147456,0,0,0,0,4718592,0,4718592
2991,2991,linear,GEMM_W8A8,pack2_gemm,50112,50112,50112,50112,50112,0,0,0,0,1603584,0,1603584
2992,2992,detach,META_IDENTITY,meta_engine,50112,50112,50112,50112,50112,0,0,0,0,1603584,0,1603584
2993,2993,to,META_IDENTITY,meta_engine,50112,50112,50112,50112,50112,0,0,0,0,1603584,0,1603584
2994,2994,to,META_IDENTITY,meta_engine,50112,50112,50112,50112,50112,0,0,0,0,1603584,0,1603584
2995,2995,detach,META_IDENTITY,meta_engine,50112,50112,50112,50112,50112,0,0,0,0,1603584,0,1603584
2996,2996,to,META_IDENTITY,meta_engine,50112,50112,50112,50112,50112,0,0,0,0,1603584,0,1603584
2997,2997,resolve_conj,META_IDENTITY,meta_engine,50112,50112,50112,50112,50112,0,0,0,0,1603584,0,1603584
2998,2998,resolve_neg,META_IDENTITY,meta_engine,50112,50112,50112,50112,50112,0,0,0,0,1603584,0,1603584
2999,2999,detach,META_IDENTITY,meta_engine,147456,147456,147456,147456,147456,0,0,0,0,4718592,0,4718592
3000,3000,detach,META_IDENTITY,meta_engine,147456,147456,147456,147456,147456,0,0,0,0,4718592,0,4718592
3001,3001,to,META_IDENTITY,meta_engine,147456,147456,147456,147456,147456,0,0,0,0,4718592,0,4718592
3002,3002,to,META_IDENTITY,meta_engine,147456,147456,147456,147456,147456,0,0,0,0,4718592,0,4718592
3003,3003,detach,META_IDENTITY,meta_engine,147456,147456,147456,147456,147456,0,0,0,0,4718592,0,4718592
3004,3004,to,META_IDENTITY,meta_engine,147456,147456,147456,147456,147456,0,0,0,0,4718592,0,4718592
3005,3005,resolve_conj,META_IDENTITY,meta_engine,147456,147456,147456,147456,147456,0,0,0,0,4718592,0,4718592
3006,3006,resolve_neg,META_IDENTITY,meta_engine,147456,147456,147456,147456,147456,0,0,0,0,4718592,0,4718592
3007,3007,mul,MUL,fp16_vector,12528,12528,12528,12528,12528,0,0,0,0,400896,0,400896
3008,3008,add,ADD,fp16_vector,12528,12528,12528,12528,12528,0,0,0,0,400896,0,400896
3009,3009,layer_norm,LAYER_NORM,fp16_vector,12560,12560,12528,12528,12560,0,0,0,0,400896,0,400896
3010,3010,to,META_IDENTITY,meta_engine,48,48,48,48,48,0,0,0,0,1536,0,1536
3011,3011,to,META_IDENTITY,meta_engine,36864,36864,36864,36864,36864,0,0,0,0,1179648,0,1179648
3012,3012,to,META_IDENTITY,meta_engine,12528,12528,12528,12528,12528,0,0,0,0,400896,0,400896
3013,3013,linear,GEMM_W8A8,pack2_gemm,132752,106624,13056,12528,132752,0,153944064,76972032,136,200448,589824,200448
3014,3014,detach,META_IDENTITY,meta_engine,12528,12528,12528,12528,12528,0,0,0,0,400896,0,400896
3015,3015,to,META_IDENTITY,meta_engine,12528,12528,12528,12528,12528,0,0,0,0,400896,0,400896
3016,3016,to,META_IDENTITY,meta_engine,12528,12528,12528,12528,12528,0,0,0,0,400896,0,400896
3017,3017,detach,META_IDENTITY,meta_engine,12528,12528,12528,12528,12528,0,0,0,0,400896,0,400896
3018,3018,to,META_IDENTITY,meta_engine,12528,12528,12528,12528,12528,0,0,0,0,400896,0,400896
3019,3019,resolve_conj,META_IDENTITY,meta_engine,12528,12528,12528,12528,12528,0,0,0,0,400896,0,400896
3020,3020,resolve_neg,META_IDENTITY,meta_engine,12528,12528,12528,12528,12528,0,0,0,0,400896,0,400896
3021,3021,detach,META_IDENTITY,meta_engine,36864,36864,36864,36864,36864,0,0,0,0,1179648,0,1179648
3022,3022,detach,META_IDENTITY,meta_engine,36864,36864,36864,36864,36864,0,0,0,0,1179648,0,1179648
3023,3023,to,META_IDENTITY,meta_engine,36864,36864,36864,36864,36864,0,0,0,0,1179648,0,1179648
3024,3024,to,META_IDENTITY,meta_engine,36864,36864,36864,36864,36864,0,0,0,0,1179648,0,1179648
3025,3025,detach,META_IDENTITY,meta_engine,36864,36864,36864,36864,36864,0,0,0,0,1179648,0,1179648
3026,3026,to,META_IDENTITY,meta_engine,36864,36864,36864,36864,36864,0,0,0,0,1179648,0,1179648
3027,3027,resolve_conj,META_IDENTITY,meta_engine,36864,36864,36864,36864,36864,0,0,0,0,1179648,0,1179648
3028,3028,resolve_neg,META_IDENTITY,meta_engine,36864,36864,36864,36864,36864,0,0,0,0,1179648,0,1179648
3029,3029,to,META_IDENTITY,meta_engine,36864,36864,36864,36864,36864,0,0,0,0,1179648,0,1179648
3030,3030,to,META_IDENTITY,meta_engine,12528,12528,12528,12528,12528,0,0,0,0,400896,0,400896
3031,3031,linear,GEMM_W8A8,pack2_gemm,132752,106624,13056,12528,132752,0,153944064,76972032,136,200448,589824,200448
3032,3032,detach,META_IDENTITY,meta_engine,12528,12528,12528,12528,12528,0,0,0,0,400896,0,400896
3033,3033,to,META_IDENTITY,meta_engine,12528,12528,12528,12528,12528,0,0,0,0,400896,0,400896
3034,3034,to,META_IDENTITY,meta_engine,12528,12528,12528,12528,12528,0,0,0,0,400896,0,400896
3035,3035,detach,META_IDENTITY,meta_engine,12528,12528,12528,12528,12528,0,0,0,0,400896,0,400896
3036,3036,to,META_IDENTITY,meta_engine,12528,12528,12528,12528,12528,0,0,0,0,400896,0,400896
3037,3037,resolve_conj,META_IDENTITY,meta_engine,12528,12528,12528,12528,12528,0,0,0,0,400896,0,400896
3038,3038,resolve_neg,META_IDENTITY,meta_engine,12528,12528,12528,12528,12528,0,0,0,0,400896,0,400896
3039,3039,detach,META_IDENTITY,meta_engine,36864,36864,36864,36864,36864,0,0,0,0,1179648,0,1179648
3040,3040,detach,META_IDENTITY,meta_engine,36864,36864,36864,36864,36864,0,0,0,0,1179648,0,1179648
3041,3041,to,META_IDENTITY,meta_engine,36864,36864,36864,36864,36864,0,0,0,0,1179648,0,1179648
3042,3042,to,META_IDENTITY,meta_engine,36864,36864,36864,36864,36864,0,0,0,0,1179648,0,1179648
3043,3043,detach,META_IDENTITY,meta_engine,36864,36864,36864,36864,36864,0,0,0,0,1179648,0,1179648
3044,3044,to,META_IDENTITY,meta_engine,36864,36864,36864,36864,36864,0,0,0,0,1179648,0,1179648
3045,3045,resolve_conj,META_IDENTITY,meta_engine,36864,36864,36864,36864,36864,0,0,0,0,1179648,0,1179648
3046,3046,resolve_neg,META_IDENTITY,meta_engine,36864,36864,36864,36864,36864,0,0,0,0,1179648,0,1179648
3047,3047,to,META_IDENTITY,meta_engine,48,48,48,48,48,0,0,0,0,1536,0,1536
3048,3048,to,META_IDENTITY,meta_engine,36864,36864,36864,36864,36864,0,0,0,0,1179648,0,1179648
3049,3049,to,META_IDENTITY,meta_engine,12528,12528,12528,12528,12528,0,0,0,0,400896,0,400896
3050,3050,linear,GEMM_W8A8,pack2_gemm,132752,106624,13056,12528,132752,0,153944064,76972032,136,200448,589824,200448
3051,3051,detach,META_IDENTITY,meta_engine,12528,12528,12528,12528,12528,0,0,0,0,400896,0,400896
3052,3052,to,META_IDENTITY,meta_engine,12528,12528,12528,12528,12528,0,0,0,0,400896,0,400896
3053,3053,to,META_IDENTITY,meta_engine,12528,12528,12528,12528,12528,0,0,0,0,400896,0,400896
3054,3054,detach,META_IDENTITY,meta_engine,12528,12528,12528,12528,12528,0,0,0,0,400896,0,400896
3055,3055,to,META_IDENTITY,meta_engine,12528,12528,12528,12528,12528,0,0,0,0,400896,0,400896
3056,3056,resolve_conj,META_IDENTITY,meta_engine,12528,12528,12528,12528,12528,0,0,0,0,400896,0,400896
3057,3057,resolve_neg,META_IDENTITY,meta_engine,12528,12528,12528,12528,12528,0,0,0,0,400896,0,400896
3058,3058,detach,META_IDENTITY,meta_engine,36864,36864,36864,36864,36864,0,0,0,0,1179648,0,1179648
3059,3059,detach,META_IDENTITY,meta_engine,36864,36864,36864,36864,36864,0,0,0,0,1179648,0,1179648
3060,3060,to,META_IDENTITY,meta_engine,36864,36864,36864,36864,36864,0,0,0,0,1179648,0,1179648
3061,3061,to,META_IDENTITY,meta_engine,36864,36864,36864,36864,36864,0,0,0,0,1179648,0,1179648
3062,3062,detach,META_IDENTITY,meta_engine,36864,36864,36864,36864,36864,0,0,0,0,1179648,0,1179648
3063,3063,to,META_IDENTITY,meta_engine,36864,36864,36864,36864,36864,0,0,0,0,1179648,0,1179648
3064,3064,resolve_conj,META_IDENTITY,meta_engine,36864,36864,36864,36864,36864,0,0,0,0,1179648,0,1179648
3065,3065,resolve_neg,META_IDENTITY,meta_engine,36864,36864,36864,36864,36864,0,0,0,0,1179648,0,1179648
3066,3066,view,LAYOUT,layout_engine,12532,12532,12528,12528,12532,0,0,0,0,400896,0,400896
3067,3067,transpose,LAYOUT,layout_engine,12532,12532,12528,12528,12532,0,0,0,0,400896,0,400896
3068,3068,view,LAYOUT,layout_engine,12532,12532,12528,12528,12532,0,0,0,0,400896,0,400896
3069,3069,transpose,LAYOUT,layout_engine,12532,12532,12528,12528,12532,0,0,0,0,400896,0,400896
3070,3070,view,LAYOUT,layout_engine,12532,12532,12528,12528,12532,0,0,0,0,400896,0,400896
3071,3071,transpose,LAYOUT,layout_engine,12532,12532,12528,12528,12532,0,0,0,0,400896,0,400896
3072,3072,split_with_sizes,META_IDENTITY,meta_engine,12528,12528,12528,12528,12528,0,0,0,0,400896,0,400896
3073,3073,split_with_sizes,META_IDENTITY,meta_engine,12528,12528,12528,12528,12528,0,0,0,0,400896,0,400896
3074,3074,mul,MUL,fp16_vector,12288,12288,12288,12288,12288,0,0,0,0,393216,0,393216
3075,3075,slice,LAYOUT,layout_engine,12292,12292,12288,12288,12292,0,0,0,0,393216,0,393216
3076,3076,slice,LAYOUT,layout_engine,12292,12292,12288,12288,12292,0,0,0,0,393216,0,393216
3077,3077,neg,META_IDENTITY,meta_engine,6144,6144,6144,6144,6144,0,0,0,0,196608,0,196608
3078,3078,cat,LAYOUT,layout_engine,6148,6148,6144,6144,6148,0,0,0,0,196608,0,196608
3079,3079,mul,MUL,fp16_vector,12288,12288,12288,12288,12288,0,0,0,0,393216,0,393216
3080,3080,add,ADD,fp16_vector,12288,12288,12288,12288,12288,0,0,0,0,393216,0,393216
3081,3081,mul,MUL,fp16_vector,12288,12288,12288,12288,12288,0,0,0,0,393216,0,393216
3082,3082,slice,LAYOUT,layout_engine,12292,12292,12288,12288,12292,0,0,0,0,393216,0,393216
3083,3083,slice,LAYOUT,layout_engine,12292,12292,12288,12288,12292,0,0,0,0,393216,0,393216
3084,3084,neg,META_IDENTITY,meta_engine,6144,6144,6144,6144,6144,0,0,0,0,196608,0,196608
3085,3085,cat,LAYOUT,layout_engine,6148,6148,6144,6144,6148,0,0,0,0,196608,0,196608
3086,3086,mul,MUL,fp16_vector,12288,12288,12288,12288,12288,0,0,0,0,393216,0,393216
3087,3087,add,ADD,fp16_vector,12288,12288,12288,12288,12288,0,0,0,0,393216,0,393216
3088,3088,cat,LAYOUT,layout_engine,244,244,240,240,244,0,0,0,0,7680,0,7680
3089,3089,cat,LAYOUT,layout_engine,244,244,240,240,244,0,0,0,0,7680,0,7680
3090,3090,to,META_IDENTITY,meta_engine,12528,12528,12528,12528,12528,0,0,0,0,400896,0,400896
3091,3091,to,META_IDENTITY,meta_engine,12528,12528,12528,12528,12528,0,0,0,0,400896,0,400896
3092,3092,scaled_dot_product_attention,ATTENTION,attention_controller,12560,12560,12528,12528,12560,0,0,0,0,400896,0,400896
3093,3093,transpose,LAYOUT,layout_engine,12532,12532,12528,12528,12532,0,0,0,0,400896,0,400896
3094,3094,contiguous,LAYOUT,layout_engine,12532,12532,12528,12528,12532,0,0,0,0,400896,0,400896
3095,3095,reshape,LAYOUT,layout_engine,12532,12532,12528,12528,12532,0,0,0,0,400896,0,400896
3096,3096,to,META_IDENTITY,meta_engine,48,48,48,48,48,0,0,0,0,1536,0,1536
3097,3097,to,META_IDENTITY,meta_engine,36864,36864,36864,36864,36864,0,0,0,0,1179648,0,1179648
3098,3098,linear,GEMM_W8A8,pack2_gemm,132752,106624,13056,12528,132752,0,153944064,76972032,136,200448,589824,200448
3099,3099,detach,META_IDENTITY,meta_engine,12528,12528,12528,12528,12528,0,0,0,0,400896,0,400896
3100,3100,to,META_IDENTITY,meta_engine,12528,12528,12528,12528,12528,0,0,0,0,400896,0,400896
3101,3101,to,META_IDENTITY,meta_engine,12528,12528,12528,12528,12528,0,0,0,0,400896,0,400896
3102,3102,detach,META_IDENTITY,meta_engine,12528,12528,12528,12528,12528,0,0,0,0,400896,0,400896
3103,3103,to,META_IDENTITY,meta_engine,12528,12528,12528,12528,12528,0,0,0,0,400896,0,400896
3104,3104,resolve_conj,META_IDENTITY,meta_engine,12528,12528,12528,12528,12528,0,0,0,0,400896,0,400896
3105,3105,resolve_neg,META_IDENTITY,meta_engine,12528,12528,12528,12528,12528,0,0,0,0,400896,0,400896
3106,3106,detach,META_IDENTITY,meta_engine,36864,36864,36864,36864,36864,0,0,0,0,1179648,0,1179648
3107,3107,detach,META_IDENTITY,meta_engine,36864,36864,36864,36864,36864,0,0,0,0,1179648,0,1179648
3108,3108,to,META_IDENTITY,meta_engine,36864,36864,36864,36864,36864,0,0,0,0,1179648,0,1179648
3109,3109,to,META_IDENTITY,meta_engine,36864,36864,36864,36864,36864,0,0,0,0,1179648,0,1179648
3110,3110,detach,META_IDENTITY,meta_engine,36864,36864,36864,36864,36864,0,0,0,0,1179648,0,1179648
3111,3111,to,META_IDENTITY,meta_engine,36864,36864,36864,36864,36864,0,0,0,0,1179648,0,1179648
3112,3112,resolve_conj,META_IDENTITY,meta_engine,36864,36864,36864,36864,36864,0,0,0,0,1179648,0,1179648
3113,3113,resolve_neg,META_IDENTITY,meta_engine,36864,36864,36864,36864,36864,0,0,0,0,1179648,0,1179648
3114,3114,mul,MUL,fp16_vector,12528,12528,12528,12528,12528,0,0,0,0,400896,0,400896
3115,3115,add,ADD,fp16_vector,12528,12528,12528,12528,12528,0,0,0,0,400896,0,400896
3116,3116,layer_norm,LAYER_NORM,fp16_vector,12560,12560,12528,12528,12560,0,0,0,0,400896,0,400896
3117,3117,to,META_IDENTITY,meta_engine,192,192,192,192,192,0,0,0,0,6144,0,6144
3118,3118,to,META_IDENTITY,meta_engine,147456,147456,147456,147456,147456,0,0,0,0,4718592,0,4718592
3119,3119,to,META_IDENTITY,meta_engine,12528,12528,12528,12528,12528,0,0,0,0,400896,0,400896
3120,3120,linear,GEMM_W8A8,pack2_gemm,12528,12528,12528,12528,12528,0,0,0,0,400896,0,400896
3121,3121,detach,META_IDENTITY,meta_engine,12528,12528,12528,12528,12528,0,0,0,0,400896,0,400896
3122,3122,to,META_IDENTITY,meta_engine,12528,12528,12528,12528,12528,0,0,0,0,400896,0,400896
3123,3123,to,META_IDENTITY,meta_engine,12528,12528,12528,12528,12528,0,0,0,0,400896,0,400896
3124,3124,detach,META_IDENTITY,meta_engine,12528,12528,12528,12528,12528,0,0,0,0,400896,0,400896
3125,3125,to,META_IDENTITY,meta_engine,12528,12528,12528,12528,12528,0,0,0,0,400896,0,400896
3126,3126,resolve_conj,META_IDENTITY,meta_engine,12528,12528,12528,12528,12528,0,0,0,0,400896,0,400896
3127,3127,resolve_neg,META_IDENTITY,meta_engine,12528,12528,12528,12528,12528,0,0,0,0,400896,0,400896
3128,3128,detach,META_IDENTITY,meta_engine,147456,147456,147456,147456,147456,0,0,0,0,4718592,0,4718592
3129,3129,detach,META_IDENTITY,meta_engine,147456,147456,147456,147456,147456,0,0,0,0,4718592,0,4718592
3130,3130,to,META_IDENTITY,meta_engine,147456,147456,147456,147456,147456,0,0,0,0,4718592,0,4718592
3131,3131,to,META_IDENTITY,meta_engine,147456,147456,147456,147456,147456,0,0,0,0,4718592,0,4718592
3132,3132,detach,META_IDENTITY,meta_engine,147456,147456,147456,147456,147456,0,0,0,0,4718592,0,4718592
3133,3133,to,META_IDENTITY,meta_engine,147456,147456,147456,147456,147456,0,0,0,0,4718592,0,4718592
3134,3134,resolve_conj,META_IDENTITY,meta_engine,147456,147456,147456,147456,147456,0,0,0,0,4718592,0,4718592
3135,3135,resolve_neg,META_IDENTITY,meta_engine,147456,147456,147456,147456,147456,0,0,0,0,4718592,0,4718592
3136,3136,gelu,GELU,fp16_vector,50112,50112,50112,50112,50112,0,0,0,0,1603584,0,1603584
3137,3137,to,META_IDENTITY,meta_engine,48,48,48,48,48,0,0,0,0,1536,0,1536
3138,3138,to,META_IDENTITY,meta_engine,147456,147456,147456,147456,147456,0,0,0,0,4718592,0,4718592
3139,3139,linear,GEMM_W8A8,pack2_gemm,50112,50112,50112,50112,50112,0,0,0,0,1603584,0,1603584
3140,3140,detach,META_IDENTITY,meta_engine,50112,50112,50112,50112,50112,0,0,0,0,1603584,0,1603584
3141,3141,to,META_IDENTITY,meta_engine,50112,50112,50112,50112,50112,0,0,0,0,1603584,0,1603584
3142,3142,to,META_IDENTITY,meta_engine,50112,50112,50112,50112,50112,0,0,0,0,1603584,0,1603584
3143,3143,detach,META_IDENTITY,meta_engine,50112,50112,50112,50112,50112,0,0,0,0,1603584,0,1603584
3144,3144,to,META_IDENTITY,meta_engine,50112,50112,50112,50112,50112,0,0,0,0,1603584,0,1603584
3145,3145,resolve_conj,META_IDENTITY,meta_engine,50112,50112,50112,50112,50112,0,0,0,0,1603584,0,1603584
3146,3146,resolve_neg,META_IDENTITY,meta_engine,50112,50112,50112,50112,50112,0,0,0,0,1603584,0,1603584
3147,3147,detach,META_IDENTITY,meta_engine,147456,147456,147456,147456,147456,0,0,0,0,4718592,0,4718592
3148,3148,detach,META_IDENTITY,meta_engine,147456,147456,147456,147456,147456,0,0,0,0,4718592,0,4718592
3149,3149,to,META_IDENTITY,meta_engine,147456,147456,147456,147456,147456,0,0,0,0,4718592,0,4718592
3150,3150,to,META_IDENTITY,meta_engine,147456,147456,147456,147456,147456,0,0,0,0,4718592,0,4718592
3151,3151,detach,META_IDENTITY,meta_engine,147456,147456,147456,147456,147456,0,0,0,0,4718592,0,4718592
3152,3152,to,META_IDENTITY,meta_engine,147456,147456,147456,147456,147456,0,0,0,0,4718592,0,4718592
3153,3153,resolve_conj,META_IDENTITY,meta_engine,147456,147456,147456,147456,147456,0,0,0,0,4718592,0,4718592
3154,3154,resolve_neg,META_IDENTITY,meta_engine,147456,147456,147456,147456,147456,0,0,0,0,4718592,0,4718592
3155,3155,mul,MUL,fp16_vector,12528,12528,12528,12528,12528,0,0,0,0,400896,0,400896
3156,3156,add,ADD,fp16_vector,12528,12528,12528,12528,12528,0,0,0,0,400896,0,400896
3157,3157,layer_norm,LAYER_NORM,fp16_vector,12560,12560,12528,12528,12560,0,0,0,0,400896,0,400896
3158,3158,to,META_IDENTITY,meta_engine,48,48,48,48,48,0,0,0,0,1536,0,1536
3159,3159,to,META_IDENTITY,meta_engine,36864,36864,36864,36864,36864,0,0,0,0,1179648,0,1179648
3160,3160,to,META_IDENTITY,meta_engine,12528,12528,12528,12528,12528,0,0,0,0,400896,0,400896
3161,3161,linear,GEMM_W8A8,pack2_gemm,132752,106624,13056,12528,132752,0,153944064,76972032,136,200448,589824,200448
3162,3162,detach,META_IDENTITY,meta_engine,12528,12528,12528,12528,12528,0,0,0,0,400896,0,400896
3163,3163,to,META_IDENTITY,meta_engine,12528,12528,12528,12528,12528,0,0,0,0,400896,0,400896
3164,3164,to,META_IDENTITY,meta_engine,12528,12528,12528,12528,12528,0,0,0,0,400896,0,400896
3165,3165,detach,META_IDENTITY,meta_engine,12528,12528,12528,12528,12528,0,0,0,0,400896,0,400896
3166,3166,to,META_IDENTITY,meta_engine,12528,12528,12528,12528,12528,0,0,0,0,400896,0,400896
3167,3167,resolve_conj,META_IDENTITY,meta_engine,12528,12528,12528,12528,12528,0,0,0,0,400896,0,400896
3168,3168,resolve_neg,META_IDENTITY,meta_engine,12528,12528,12528,12528,12528,0,0,0,0,400896,0,400896
3169,3169,detach,META_IDENTITY,meta_engine,36864,36864,36864,36864,36864,0,0,0,0,1179648,0,1179648
3170,3170,detach,META_IDENTITY,meta_engine,36864,36864,36864,36864,36864,0,0,0,0,1179648,0,1179648
3171,3171,to,META_IDENTITY,meta_engine,36864,36864,36864,36864,36864,0,0,0,0,1179648,0,1179648
3172,3172,to,META_IDENTITY,meta_engine,36864,36864,36864,36864,36864,0,0,0,0,1179648,0,1179648
3173,3173,detach,META_IDENTITY,meta_engine,36864,36864,36864,36864,36864,0,0,0,0,1179648,0,1179648
3174,3174,to,META_IDENTITY,meta_engine,36864,36864,36864,36864,36864,0,0,0,0,1179648,0,1179648
3175,3175,resolve_conj,META_IDENTITY,meta_engine,36864,36864,36864,36864,36864,0,0,0,0,1179648,0,1179648
3176,3176,resolve_neg,META_IDENTITY,meta_engine,36864,36864,36864,36864,36864,0,0,0,0,1179648,0,1179648
3177,3177,to,META_IDENTITY,meta_engine,36864,36864,36864,36864,36864,0,0,0,0,1179648,0,1179648
3178,3178,to,META_IDENTITY,meta_engine,12528,12528,12528,12528,12528,0,0,0,0,400896,0,400896
3179,3179,linear,GEMM_W8A8,pack2_gemm,132752,106624,13056,12528,132752,0,153944064,76972032,136,200448,589824,200448
3180,3180,detach,META_IDENTITY,meta_engine,12528,12528,12528,12528,12528,0,0,0,0,400896,0,400896
3181,3181,to,META_IDENTITY,meta_engine,12528,12528,12528,12528,12528,0,0,0,0,400896,0,400896
3182,3182,to,META_IDENTITY,meta_engine,12528,12528,12528,12528,12528,0,0,0,0,400896,0,400896
3183,3183,detach,META_IDENTITY,meta_engine,12528,12528,12528,12528,12528,0,0,0,0,400896,0,400896
3184,3184,to,META_IDENTITY,meta_engine,12528,12528,12528,12528,12528,0,0,0,0,400896,0,400896
3185,3185,resolve_conj,META_IDENTITY,meta_engine,12528,12528,12528,12528,12528,0,0,0,0,400896,0,400896
3186,3186,resolve_neg,META_IDENTITY,meta_engine,12528,12528,12528,12528,12528,0,0,0,0,400896,0,400896
3187,3187,detach,META_IDENTITY,meta_engine,36864,36864,36864,36864,36864,0,0,0,0,1179648,0,1179648
3188,3188,detach,META_IDENTITY,meta_engine,36864,36864,36864,36864,36864,0,0,0,0,1179648,0,1179648
3189,3189,to,META_IDENTITY,meta_engine,36864,36864,36864,36864,36864,0,0,0,0,1179648,0,1179648
3190,3190,to,META_IDENTITY,meta_engine,36864,36864,36864,36864,36864,0,0,0,0,1179648,0,1179648
3191,3191,detach,META_IDENTITY,meta_engine,36864,36864,36864,36864,36864,0,0,0,0,1179648,0,1179648
3192,3192,to,META_IDENTITY,meta_engine,36864,36864,36864,36864,36864,0,0,0,0,1179648,0,1179648
3193,3193,resolve_conj,META_IDENTITY,meta_engine,36864,36864,36864,36864,36864,0,0,0,0,1179648,0,1179648
3194,3194,resolve_neg,META_IDENTITY,meta_engine,36864,36864,36864,36864,36864,0,0,0,0,1179648,0,1179648
3195,3195,to,META_IDENTITY,meta_engine,48,48,48,48,48,0,0,0,0,1536,0,1536
3196,3196,to,META_IDENTITY,meta_engine,36864,36864,36864,36864,36864,0,0,0,0,1179648,0,1179648
3197,3197,to,META_IDENTITY,meta_engine,12528,12528,12528,12528,12528,0,0,0,0,400896,0,400896
3198,3198,linear,GEMM_W8A8,pack2_gemm,132752,106624,13056,12528,132752,0,153944064,76972032,136,200448,589824,200448
3199,3199,detach,META_IDENTITY,meta_engine,12528,12528,12528,12528,12528,0,0,0,0,400896,0,400896
3200,3200,to,META_IDENTITY,meta_engine,12528,12528,12528,12528,12528,0,0,0,0,400896,0,400896
3201,3201,to,META_IDENTITY,meta_engine,12528,12528,12528,12528,12528,0,0,0,0,400896,0,400896
3202,3202,detach,META_IDENTITY,meta_engine,12528,12528,12528,12528,12528,0,0,0,0,400896,0,400896
3203,3203,to,META_IDENTITY,meta_engine,12528,12528,12528,12528,12528,0,0,0,0,400896,0,400896
3204,3204,resolve_conj,META_IDENTITY,meta_engine,12528,12528,12528,12528,12528,0,0,0,0,400896,0,400896
3205,3205,resolve_neg,META_IDENTITY,meta_engine,12528,12528,12528,12528,12528,0,0,0,0,400896,0,400896
3206,3206,detach,META_IDENTITY,meta_engine,36864,36864,36864,36864,36864,0,0,0,0,1179648,0,1179648
3207,3207,detach,META_IDENTITY,meta_engine,36864,36864,36864,36864,36864,0,0,0,0,1179648,0,1179648
3208,3208,to,META_IDENTITY,meta_engine,36864,36864,36864,36864,36864,0,0,0,0,1179648,0,1179648
3209,3209,to,META_IDENTITY,meta_engine,36864,36864,36864,36864,36864,0,0,0,0,1179648,0,1179648
3210,3210,detach,META_IDENTITY,meta_engine,36864,36864,36864,36864,36864,0,0,0,0,1179648,0,1179648
3211,3211,to,META_IDENTITY,meta_engine,36864,36864,36864,36864,36864,0,0,0,0,1179648,0,1179648
3212,3212,resolve_conj,META_IDENTITY,meta_engine,36864,36864,36864,36864,36864,0,0,0,0,1179648,0,1179648
3213,3213,resolve_neg,META_IDENTITY,meta_engine,36864,36864,36864,36864,36864,0,0,0,0,1179648,0,1179648
3214,3214,view,LAYOUT,layout_engine,12532,12532,12528,12528,12532,0,0,0,0,400896,0,400896
3215,3215,transpose,LAYOUT,layout_engine,12532,12532,12528,12528,12532,0,0,0,0,400896,0,400896
3216,3216,view,LAYOUT,layout_engine,12532,12532,12528,12528,12532,0,0,0,0,400896,0,400896
3217,3217,transpose,LAYOUT,layout_engine,12532,12532,12528,12528,12532,0,0,0,0,400896,0,400896
3218,3218,view,LAYOUT,layout_engine,12532,12532,12528,12528,12532,0,0,0,0,400896,0,400896
3219,3219,transpose,LAYOUT,layout_engine,12532,12532,12528,12528,12532,0,0,0,0,400896,0,400896
3220,3220,split_with_sizes,META_IDENTITY,meta_engine,12528,12528,12528,12528,12528,0,0,0,0,400896,0,400896
3221,3221,split_with_sizes,META_IDENTITY,meta_engine,12528,12528,12528,12528,12528,0,0,0,0,400896,0,400896
3222,3222,mul,MUL,fp16_vector,12288,12288,12288,12288,12288,0,0,0,0,393216,0,393216
3223,3223,slice,LAYOUT,layout_engine,12292,12292,12288,12288,12292,0,0,0,0,393216,0,393216
3224,3224,slice,LAYOUT,layout_engine,12292,12292,12288,12288,12292,0,0,0,0,393216,0,393216
3225,3225,neg,META_IDENTITY,meta_engine,6144,6144,6144,6144,6144,0,0,0,0,196608,0,196608
3226,3226,cat,LAYOUT,layout_engine,6148,6148,6144,6144,6148,0,0,0,0,196608,0,196608
3227,3227,mul,MUL,fp16_vector,12288,12288,12288,12288,12288,0,0,0,0,393216,0,393216
3228,3228,add,ADD,fp16_vector,12288,12288,12288,12288,12288,0,0,0,0,393216,0,393216
3229,3229,mul,MUL,fp16_vector,12288,12288,12288,12288,12288,0,0,0,0,393216,0,393216
3230,3230,slice,LAYOUT,layout_engine,12292,12292,12288,12288,12292,0,0,0,0,393216,0,393216
3231,3231,slice,LAYOUT,layout_engine,12292,12292,12288,12288,12292,0,0,0,0,393216,0,393216
3232,3232,neg,META_IDENTITY,meta_engine,6144,6144,6144,6144,6144,0,0,0,0,196608,0,196608
3233,3233,cat,LAYOUT,layout_engine,6148,6148,6144,6144,6148,0,0,0,0,196608,0,196608
3234,3234,mul,MUL,fp16_vector,12288,12288,12288,12288,12288,0,0,0,0,393216,0,393216
3235,3235,add,ADD,fp16_vector,12288,12288,12288,12288,12288,0,0,0,0,393216,0,393216
3236,3236,cat,LAYOUT,layout_engine,244,244,240,240,244,0,0,0,0,7680,0,7680
3237,3237,cat,LAYOUT,layout_engine,244,244,240,240,244,0,0,0,0,7680,0,7680
3238,3238,to,META_IDENTITY,meta_engine,12528,12528,12528,12528,12528,0,0,0,0,400896,0,400896
3239,3239,to,META_IDENTITY,meta_engine,12528,12528,12528,12528,12528,0,0,0,0,400896,0,400896
3240,3240,scaled_dot_product_attention,ATTENTION,attention_controller,12560,12560,12528,12528,12560,0,0,0,0,400896,0,400896
3241,3241,transpose,LAYOUT,layout_engine,12532,12532,12528,12528,12532,0,0,0,0,400896,0,400896
3242,3242,contiguous,LAYOUT,layout_engine,12532,12532,12528,12528,12532,0,0,0,0,400896,0,400896
3243,3243,reshape,LAYOUT,layout_engine,12532,12532,12528,12528,12532,0,0,0,0,400896,0,400896
3244,3244,to,META_IDENTITY,meta_engine,48,48,48,48,48,0,0,0,0,1536,0,1536
3245,3245,to,META_IDENTITY,meta_engine,36864,36864,36864,36864,36864,0,0,0,0,1179648,0,1179648
3246,3246,linear,GEMM_W8A8,pack2_gemm,132752,106624,13056,12528,132752,0,153944064,76972032,136,200448,589824,200448
3247,3247,detach,META_IDENTITY,meta_engine,12528,12528,12528,12528,12528,0,0,0,0,400896,0,400896
3248,3248,to,META_IDENTITY,meta_engine,12528,12528,12528,12528,12528,0,0,0,0,400896,0,400896
3249,3249,to,META_IDENTITY,meta_engine,12528,12528,12528,12528,12528,0,0,0,0,400896,0,400896
3250,3250,detach,META_IDENTITY,meta_engine,12528,12528,12528,12528,12528,0,0,0,0,400896,0,400896
3251,3251,to,META_IDENTITY,meta_engine,12528,12528,12528,12528,12528,0,0,0,0,400896,0,400896
3252,3252,resolve_conj,META_IDENTITY,meta_engine,12528,12528,12528,12528,12528,0,0,0,0,400896,0,400896
3253,3253,resolve_neg,META_IDENTITY,meta_engine,12528,12528,12528,12528,12528,0,0,0,0,400896,0,400896
3254,3254,detach,META_IDENTITY,meta_engine,36864,36864,36864,36864,36864,0,0,0,0,1179648,0,1179648
3255,3255,detach,META_IDENTITY,meta_engine,36864,36864,36864,36864,36864,0,0,0,0,1179648,0,1179648
3256,3256,to,META_IDENTITY,meta_engine,36864,36864,36864,36864,36864,0,0,0,0,1179648,0,1179648
3257,3257,to,META_IDENTITY,meta_engine,36864,36864,36864,36864,36864,0,0,0,0,1179648,0,1179648
3258,3258,detach,META_IDENTITY,meta_engine,36864,36864,36864,36864,36864,0,0,0,0,1179648,0,1179648
3259,3259,to,META_IDENTITY,meta_engine,36864,36864,36864,36864,36864,0,0,0,0,1179648,0,1179648
3260,3260,resolve_conj,META_IDENTITY,meta_engine,36864,36864,36864,36864,36864,0,0,0,0,1179648,0,1179648
3261,3261,resolve_neg,META_IDENTITY,meta_engine,36864,36864,36864,36864,36864,0,0,0,0,1179648,0,1179648
3262,3262,mul,MUL,fp16_vector,12528,12528,12528,12528,12528,0,0,0,0,400896,0,400896
3263,3263,add,ADD,fp16_vector,12528,12528,12528,12528,12528,0,0,0,0,400896,0,400896
3264,3264,layer_norm,LAYER_NORM,fp16_vector,12560,12560,12528,12528,12560,0,0,0,0,400896,0,400896
3265,3265,to,META_IDENTITY,meta_engine,192,192,192,192,192,0,0,0,0,6144,0,6144
3266,3266,to,META_IDENTITY,meta_engine,147456,147456,147456,147456,147456,0,0,0,0,4718592,0,4718592
3267,3267,to,META_IDENTITY,meta_engine,12528,12528,12528,12528,12528,0,0,0,0,400896,0,400896
3268,3268,linear,GEMM_W8A8,pack2_gemm,12528,12528,12528,12528,12528,0,0,0,0,400896,0,400896
3269,3269,detach,META_IDENTITY,meta_engine,12528,12528,12528,12528,12528,0,0,0,0,400896,0,400896
3270,3270,to,META_IDENTITY,meta_engine,12528,12528,12528,12528,12528,0,0,0,0,400896,0,400896
3271,3271,to,META_IDENTITY,meta_engine,12528,12528,12528,12528,12528,0,0,0,0,400896,0,400896
3272,3272,detach,META_IDENTITY,meta_engine,12528,12528,12528,12528,12528,0,0,0,0,400896,0,400896
3273,3273,to,META_IDENTITY,meta_engine,12528,12528,12528,12528,12528,0,0,0,0,400896,0,400896
3274,3274,resolve_conj,META_IDENTITY,meta_engine,12528,12528,12528,12528,12528,0,0,0,0,400896,0,400896
3275,3275,resolve_neg,META_IDENTITY,meta_engine,12528,12528,12528,12528,12528,0,0,0,0,400896,0,400896
3276,3276,detach,META_IDENTITY,meta_engine,147456,147456,147456,147456,147456,0,0,0,0,4718592,0,4718592
3277,3277,detach,META_IDENTITY,meta_engine,147456,147456,147456,147456,147456,0,0,0,0,4718592,0,4718592
3278,3278,to,META_IDENTITY,meta_engine,147456,147456,147456,147456,147456,0,0,0,0,4718592,0,4718592
3279,3279,to,META_IDENTITY,meta_engine,147456,147456,147456,147456,147456,0,0,0,0,4718592,0,4718592
3280,3280,detach,META_IDENTITY,meta_engine,147456,147456,147456,147456,147456,0,0,0,0,4718592,0,4718592
3281,3281,to,META_IDENTITY,meta_engine,147456,147456,147456,147456,147456,0,0,0,0,4718592,0,4718592
3282,3282,resolve_conj,META_IDENTITY,meta_engine,147456,147456,147456,147456,147456,0,0,0,0,4718592,0,4718592
3283,3283,resolve_neg,META_IDENTITY,meta_engine,147456,147456,147456,147456,147456,0,0,0,0,4718592,0,4718592
3284,3284,gelu,GELU,fp16_vector,50112,50112,50112,50112,50112,0,0,0,0,1603584,0,1603584
3285,3285,to,META_IDENTITY,meta_engine,48,48,48,48,48,0,0,0,0,1536,0,1536
3286,3286,to,META_IDENTITY,meta_engine,147456,147456,147456,147456,147456,0,0,0,0,4718592,0,4718592
3287,3287,linear,GEMM_W8A8,pack2_gemm,50112,50112,50112,50112,50112,0,0,0,0,1603584,0,1603584
3288,3288,detach,META_IDENTITY,meta_engine,50112,50112,50112,50112,50112,0,0,0,0,1603584,0,1603584
3289,3289,to,META_IDENTITY,meta_engine,50112,50112,50112,50112,50112,0,0,0,0,1603584,0,1603584
3290,3290,to,META_IDENTITY,meta_engine,50112,50112,50112,50112,50112,0,0,0,0,1603584,0,1603584
3291,3291,detach,META_IDENTITY,meta_engine,50112,50112,50112,50112,50112,0,0,0,0,1603584,0,1603584
3292,3292,to,META_IDENTITY,meta_engine,50112,50112,50112,50112,50112,0,0,0,0,1603584,0,1603584
3293,3293,resolve_conj,META_IDENTITY,meta_engine,50112,50112,50112,50112,50112,0,0,0,0,1603584,0,1603584
3294,3294,resolve_neg,META_IDENTITY,meta_engine,50112,50112,50112,50112,50112,0,0,0,0,1603584,0,1603584
3295,3295,detach,META_IDENTITY,meta_engine,147456,147456,147456,147456,147456,0,0,0,0,4718592,0,4718592
3296,3296,detach,META_IDENTITY,meta_engine,147456,147456,147456,147456,147456,0,0,0,0,4718592,0,4718592
3297,3297,to,META_IDENTITY,meta_engine,147456,147456,147456,147456,147456,0,0,0,0,4718592,0,4718592
3298,3298,to,META_IDENTITY,meta_engine,147456,147456,147456,147456,147456,0,0,0,0,4718592,0,4718592
3299,3299,detach,META_IDENTITY,meta_engine,147456,147456,147456,147456,147456,0,0,0,0,4718592,0,4718592
3300,3300,to,META_IDENTITY,meta_engine,147456,147456,147456,147456,147456,0,0,0,0,4718592,0,4718592
3301,3301,resolve_conj,META_IDENTITY,meta_engine,147456,147456,147456,147456,147456,0,0,0,0,4718592,0,4718592
3302,3302,resolve_neg,META_IDENTITY,meta_engine,147456,147456,147456,147456,147456,0,0,0,0,4718592,0,4718592
3303,3303,mul,MUL,fp16_vector,12528,12528,12528,12528,12528,0,0,0,0,400896,0,400896
3304,3304,add,ADD,fp16_vector,12528,12528,12528,12528,12528,0,0,0,0,400896,0,400896
3305,3305,layer_norm,LAYER_NORM,fp16_vector,12560,12560,12528,12528,12560,0,0,0,0,400896,0,400896
3306,3306,slice,LAYOUT,layout_engine,12532,12532,12528,12528,12532,0,0,0,0,400896,0,400896
3307,3307,select,LAYOUT,layout_engine,12532,12532,12528,12528,12532,0,0,0,0,400896,0,400896
3308,3308,slice,LAYOUT,layout_engine,52,52,48,48,52,0,0,0,0,1536,0,1536
3309,3309,slice,LAYOUT,layout_engine,12532,12532,12528,12528,12532,0,0,0,0,400896,0,400896
3310,3310,slice,LAYOUT,layout_engine,12532,12532,12528,12528,12532,0,0,0,0,400896,0,400896
3311,3311,slice,LAYOUT,layout_engine,12292,12292,12288,12288,12292,0,0,0,0,393216,0,393216
3312,3312,slice,LAYOUT,layout_engine,24580,24580,24576,24576,24580,0,0,0,0,786432,0,786432
3313,3313,select,LAYOUT,layout_engine,24580,24580,24576,24576,24580,0,0,0,0,786432,0,786432
3314,3314,to,META_IDENTITY,meta_engine,12288,12288,12288,12288,12288,0,0,0,0,393216,0,393216
3315,3315,to,META_IDENTITY,meta_engine,12288,12288,12288,12288,12288,0,0,0,0,393216,0,393216
3316,3316,to,META_IDENTITY,meta_engine,48,48,48,48,48,0,0,0,0,1536,0,1536
3317,3317,to,META_IDENTITY,meta_engine,36864,36864,36864,36864,36864,0,0,0,0,1179648,0,1179648
3318,3318,to,META_IDENTITY,meta_engine,12288,12288,12288,12288,12288,0,0,0,0,393216,0,393216
3319,3319,conv2d,CONV_IM2COL,conv_im2col,147456,147456,12288,12288,147456,0,0,0,0,393216,0,393216
3320,3320,flatten,LAYOUT,layout_engine,12292,12292,12288,12288,12292,0,0,0,0,393216,0,393216
3321,3321,transpose,LAYOUT,layout_engine,12292,12292,12288,12288,12292,0,0,0,0,393216,0,393216
3322,3322,expand,LAYOUT,layout_engine,52,52,48,48,52,0,0,0,0,1536,0,1536
3323,3323,expand,LAYOUT,layout_engine,196,196,192,192,196,0,0,0,0,6144,0,6144
3324,3324,cat,LAYOUT,layout_engine,52,52,48,48,52,0,0,0,0,1536,0,1536
3325,3325,slice,LAYOUT,layout_engine,36,36,32,32,36,0,0,0,0,1024,0,1024
3326,3326,slice,LAYOUT,layout_engine,36,36,32,32,36,0,0,0,0,1024,0,1024
3327,3327,unsqueeze,LAYOUT,layout_engine,36,36,32,32,36,0,0,0,0,1024,0,1024
3328,3328,mul,MUL,fp16_vector,32,32,32,32,32,0,0,0,0,1024,0,1024
3329,3329,unsqueeze,LAYOUT,layout_engine,5,5,1,1,5,0,0,0,0,32,0,32
3330,3330,unsqueeze,LAYOUT,layout_engine,5,5,1,1,5,0,0,0,0,32,0,32
3331,3331,slice,LAYOUT,layout_engine,5,5,1,1,5,0,0,0,0,32,0,32
3332,3332,mul,MUL,fp16_vector,32,32,32,32,32,0,0,0,0,1024,0,1024
3333,3333,flatten,LAYOUT,layout_engine,516,516,512,512,516,0,0,0,0,16384,0,16384
3334,3334,tile,LAYOUT,layout_engine,516,516,512,512,516,0,0,0,0,16384,0,16384
3335,3335,cos,POSENC,embedding_posenc,1028,1028,1024,1024,1028,0,0,0,0,32768,0,32768
3336,3336,sin,POSENC,embedding_posenc,1028,1028,1024,1024,1028,0,0,0,0,32768,0,32768
3337,3337,to,META_IDENTITY,meta_engine,1024,1024,1024,1024,1024,0,0,0,0,32768,0,32768
3338,3338,to,META_IDENTITY,meta_engine,1024,1024,1024,1024,1024,0,0,0,0,32768,0,32768
3339,3339,layer_norm,LAYER_NORM,fp16_vector,12560,12560,12528,12528,12560,0,0,0,0,400896,0,400896
3340,3340,to,META_IDENTITY,meta_engine,48,48,48,48,48,0,0,0,0,1536,0,1536
3341,3341,to,META_IDENTITY,meta_engine,36864,36864,36864,36864,36864,0,0,0,0,1179648,0,1179648
3342,3342,to,META_IDENTITY,meta_engine,12528,12528,12528,12528,12528,0,0,0,0,400896,0,400896
3343,3343,linear,GEMM_W8A8,pack2_gemm,132752,106624,13056,12528,132752,0,153944064,76972032,136,200448,589824,200448
3344,3344,detach,META_IDENTITY,meta_engine,12528,12528,12528,12528,12528,0,0,0,0,400896,0,400896
3345,3345,to,META_IDENTITY,meta_engine,12528,12528,12528,12528,12528,0,0,0,0,400896,0,400896
3346,3346,to,META_IDENTITY,meta_engine,12528,12528,12528,12528,12528,0,0,0,0,400896,0,400896
3347,3347,detach,META_IDENTITY,meta_engine,12528,12528,12528,12528,12528,0,0,0,0,400896,0,400896
3348,3348,to,META_IDENTITY,meta_engine,12528,12528,12528,12528,12528,0,0,0,0,400896,0,400896
3349,3349,resolve_conj,META_IDENTITY,meta_engine,12528,12528,12528,12528,12528,0,0,0,0,400896,0,400896
3350,3350,resolve_neg,META_IDENTITY,meta_engine,12528,12528,12528,12528,12528,0,0,0,0,400896,0,400896
3351,3351,detach,META_IDENTITY,meta_engine,36864,36864,36864,36864,36864,0,0,0,0,1179648,0,1179648
3352,3352,detach,META_IDENTITY,meta_engine,36864,36864,36864,36864,36864,0,0,0,0,1179648,0,1179648
3353,3353,to,META_IDENTITY,meta_engine,36864,36864,36864,36864,36864,0,0,0,0,1179648,0,1179648
3354,3354,to,META_IDENTITY,meta_engine,36864,36864,36864,36864,36864,0,0,0,0,1179648,0,1179648
3355,3355,detach,META_IDENTITY,meta_engine,36864,36864,36864,36864,36864,0,0,0,0,1179648,0,1179648
3356,3356,to,META_IDENTITY,meta_engine,36864,36864,36864,36864,36864,0,0,0,0,1179648,0,1179648
3357,3357,resolve_conj,META_IDENTITY,meta_engine,36864,36864,36864,36864,36864,0,0,0,0,1179648,0,1179648
3358,3358,resolve_neg,META_IDENTITY,meta_engine,36864,36864,36864,36864,36864,0,0,0,0,1179648,0,1179648
3359,3359,to,META_IDENTITY,meta_engine,36864,36864,36864,36864,36864,0,0,0,0,1179648,0,1179648
3360,3360,to,META_IDENTITY,meta_engine,12528,12528,12528,12528,12528,0,0,0,0,400896,0,400896
3361,3361,linear,GEMM_W8A8,pack2_gemm,132752,106624,13056,12528,132752,0,153944064,76972032,136,200448,589824,200448
3362,3362,detach,META_IDENTITY,meta_engine,12528,12528,12528,12528,12528,0,0,0,0,400896,0,400896
3363,3363,to,META_IDENTITY,meta_engine,12528,12528,12528,12528,12528,0,0,0,0,400896,0,400896
3364,3364,to,META_IDENTITY,meta_engine,12528,12528,12528,12528,12528,0,0,0,0,400896,0,400896
3365,3365,detach,META_IDENTITY,meta_engine,12528,12528,12528,12528,12528,0,0,0,0,400896,0,400896
3366,3366,to,META_IDENTITY,meta_engine,12528,12528,12528,12528,12528,0,0,0,0,400896,0,400896
3367,3367,resolve_conj,META_IDENTITY,meta_engine,12528,12528,12528,12528,12528,0,0,0,0,400896,0,400896
3368,3368,resolve_neg,META_IDENTITY,meta_engine,12528,12528,12528,12528,12528,0,0,0,0,400896,0,400896
3369,3369,detach,META_IDENTITY,meta_engine,36864,36864,36864,36864,36864,0,0,0,0,1179648,0,1179648
3370,3370,detach,META_IDENTITY,meta_engine,36864,36864,36864,36864,36864,0,0,0,0,1179648,0,1179648
3371,3371,to,META_IDENTITY,meta_engine,36864,36864,36864,36864,36864,0,0,0,0,1179648,0,1179648
3372,3372,to,META_IDENTITY,meta_engine,36864,36864,36864,36864,36864,0,0,0,0,1179648,0,1179648
3373,3373,detach,META_IDENTITY,meta_engine,36864,36864,36864,36864,36864,0,0,0,0,1179648,0,1179648
3374,3374,to,META_IDENTITY,meta_engine,36864,36864,36864,36864,36864,0,0,0,0,1179648,0,1179648
3375,3375,resolve_conj,META_IDENTITY,meta_engine,36864,36864,36864,36864,36864,0,0,0,0,1179648,0,1179648
3376,3376,resolve_neg,META_IDENTITY,meta_engine,36864,36864,36864,36864,36864,0,0,0,0,1179648,0,1179648
3377,3377,to,META_IDENTITY,meta_engine,48,48,48,48,48,0,0,0,0,1536,0,1536
3378,3378,to,META_IDENTITY,meta_engine,36864,36864,36864,36864,36864,0,0,0,0,1179648,0,1179648
3379,3379,to,META_IDENTITY,meta_engine,12528,12528,12528,12528,12528,0,0,0,0,400896,0,400896
3380,3380,linear,GEMM_W8A8,pack2_gemm,132752,106624,13056,12528,132752,0,153944064,76972032,136,200448,589824,200448
3381,3381,detach,META_IDENTITY,meta_engine,12528,12528,12528,12528,12528,0,0,0,0,400896,0,400896
3382,3382,to,META_IDENTITY,meta_engine,12528,12528,12528,12528,12528,0,0,0,0,400896,0,400896
3383,3383,to,META_IDENTITY,meta_engine,12528,12528,12528,12528,12528,0,0,0,0,400896,0,400896
3384,3384,detach,META_IDENTITY,meta_engine,12528,12528,12528,12528,12528,0,0,0,0,400896,0,400896
3385,3385,to,META_IDENTITY,meta_engine,12528,12528,12528,12528,12528,0,0,0,0,400896,0,400896
3386,3386,resolve_conj,META_IDENTITY,meta_engine,12528,12528,12528,12528,12528,0,0,0,0,400896,0,400896
3387,3387,resolve_neg,META_IDENTITY,meta_engine,12528,12528,12528,12528,12528,0,0,0,0,400896,0,400896
3388,3388,detach,META_IDENTITY,meta_engine,36864,36864,36864,36864,36864,0,0,0,0,1179648,0,1179648
3389,3389,detach,META_IDENTITY,meta_engine,36864,36864,36864,36864,36864,0,0,0,0,1179648,0,1179648
3390,3390,to,META_IDENTITY,meta_engine,36864,36864,36864,36864,36864,0,0,0,0,1179648,0,1179648
3391,3391,to,META_IDENTITY,meta_engine,36864,36864,36864,36864,36864,0,0,0,0,1179648,0,1179648
3392,3392,detach,META_IDENTITY,meta_engine,36864,36864,36864,36864,36864,0,0,0,0,1179648,0,1179648
3393,3393,to,META_IDENTITY,meta_engine,36864,36864,36864,36864,36864,0,0,0,0,1179648,0,1179648
3394,3394,resolve_conj,META_IDENTITY,meta_engine,36864,36864,36864,36864,36864,0,0,0,0,1179648,0,1179648
3395,3395,resolve_neg,META_IDENTITY,meta_engine,36864,36864,36864,36864,36864,0,0,0,0,1179648,0,1179648
3396,3396,view,LAYOUT,layout_engine,12532,12532,12528,12528,12532,0,0,0,0,400896,0,400896
3397,3397,transpose,LAYOUT,layout_engine,12532,12532,12528,12528,12532,0,0,0,0,400896,0,400896
3398,3398,view,LAYOUT,layout_engine,12532,12532,12528,12528,12532,0,0,0,0,400896,0,400896
3399,3399,transpose,LAYOUT,layout_engine,12532,12532,12528,12528,12532,0,0,0,0,400896,0,400896
3400,3400,view,LAYOUT,layout_engine,12532,12532,12528,12528,12532,0,0,0,0,400896,0,400896
3401,3401,transpose,LAYOUT,layout_engine,12532,12532,12528,12528,12532,0,0,0,0,400896,0,400896
3402,3402,split_with_sizes,META_IDENTITY,meta_engine,12528,12528,12528,12528,12528,0,0,0,0,400896,0,400896
3403,3403,split_with_sizes,META_IDENTITY,meta_engine,12528,12528,12528,12528,12528,0,0,0,0,400896,0,400896
3404,3404,mul,MUL,fp16_vector,12288,12288,12288,12288,12288,0,0,0,0,393216,0,393216
3405,3405,slice,LAYOUT,layout_engine,12292,12292,12288,12288,12292,0,0,0,0,393216,0,393216
3406,3406,slice,LAYOUT,layout_engine,12292,12292,12288,12288,12292,0,0,0,0,393216,0,393216
3407,3407,neg,META_IDENTITY,meta_engine,6144,6144,6144,6144,6144,0,0,0,0,196608,0,196608
3408,3408,cat,LAYOUT,layout_engine,6148,6148,6144,6144,6148,0,0,0,0,196608,0,196608
3409,3409,mul,MUL,fp16_vector,12288,12288,12288,12288,12288,0,0,0,0,393216,0,393216
3410,3410,add,ADD,fp16_vector,12288,12288,12288,12288,12288,0,0,0,0,393216,0,393216
3411,3411,mul,MUL,fp16_vector,12288,12288,12288,12288,12288,0,0,0,0,393216,0,393216
3412,3412,slice,LAYOUT,layout_engine,12292,12292,12288,12288,12292,0,0,0,0,393216,0,393216
3413,3413,slice,LAYOUT,layout_engine,12292,12292,12288,12288,12292,0,0,0,0,393216,0,393216
3414,3414,neg,META_IDENTITY,meta_engine,6144,6144,6144,6144,6144,0,0,0,0,196608,0,196608
3415,3415,cat,LAYOUT,layout_engine,6148,6148,6144,6144,6148,0,0,0,0,196608,0,196608
3416,3416,mul,MUL,fp16_vector,12288,12288,12288,12288,12288,0,0,0,0,393216,0,393216
3417,3417,add,ADD,fp16_vector,12288,12288,12288,12288,12288,0,0,0,0,393216,0,393216
3418,3418,cat,LAYOUT,layout_engine,244,244,240,240,244,0,0,0,0,7680,0,7680
3419,3419,cat,LAYOUT,layout_engine,244,244,240,240,244,0,0,0,0,7680,0,7680
3420,3420,to,META_IDENTITY,meta_engine,12528,12528,12528,12528,12528,0,0,0,0,400896,0,400896
3421,3421,to,META_IDENTITY,meta_engine,12528,12528,12528,12528,12528,0,0,0,0,400896,0,400896
3422,3422,scaled_dot_product_attention,ATTENTION,attention_controller,12560,12560,12528,12528,12560,0,0,0,0,400896,0,400896
3423,3423,transpose,LAYOUT,layout_engine,12532,12532,12528,12528,12532,0,0,0,0,400896,0,400896
3424,3424,contiguous,LAYOUT,layout_engine,12532,12532,12528,12528,12532,0,0,0,0,400896,0,400896
3425,3425,reshape,LAYOUT,layout_engine,12532,12532,12528,12528,12532,0,0,0,0,400896,0,400896
3426,3426,to,META_IDENTITY,meta_engine,48,48,48,48,48,0,0,0,0,1536,0,1536
3427,3427,to,META_IDENTITY,meta_engine,36864,36864,36864,36864,36864,0,0,0,0,1179648,0,1179648
3428,3428,linear,GEMM_W8A8,pack2_gemm,132752,106624,13056,12528,132752,0,153944064,76972032,136,200448,589824,200448
3429,3429,detach,META_IDENTITY,meta_engine,12528,12528,12528,12528,12528,0,0,0,0,400896,0,400896
3430,3430,to,META_IDENTITY,meta_engine,12528,12528,12528,12528,12528,0,0,0,0,400896,0,400896
3431,3431,to,META_IDENTITY,meta_engine,12528,12528,12528,12528,12528,0,0,0,0,400896,0,400896
3432,3432,detach,META_IDENTITY,meta_engine,12528,12528,12528,12528,12528,0,0,0,0,400896,0,400896
3433,3433,to,META_IDENTITY,meta_engine,12528,12528,12528,12528,12528,0,0,0,0,400896,0,400896
3434,3434,resolve_conj,META_IDENTITY,meta_engine,12528,12528,12528,12528,12528,0,0,0,0,400896,0,400896
3435,3435,resolve_neg,META_IDENTITY,meta_engine,12528,12528,12528,12528,12528,0,0,0,0,400896,0,400896
3436,3436,detach,META_IDENTITY,meta_engine,36864,36864,36864,36864,36864,0,0,0,0,1179648,0,1179648
3437,3437,detach,META_IDENTITY,meta_engine,36864,36864,36864,36864,36864,0,0,0,0,1179648,0,1179648
3438,3438,to,META_IDENTITY,meta_engine,36864,36864,36864,36864,36864,0,0,0,0,1179648,0,1179648
3439,3439,to,META_IDENTITY,meta_engine,36864,36864,36864,36864,36864,0,0,0,0,1179648,0,1179648
3440,3440,detach,META_IDENTITY,meta_engine,36864,36864,36864,36864,36864,0,0,0,0,1179648,0,1179648
3441,3441,to,META_IDENTITY,meta_engine,36864,36864,36864,36864,36864,0,0,0,0,1179648,0,1179648
3442,3442,resolve_conj,META_IDENTITY,meta_engine,36864,36864,36864,36864,36864,0,0,0,0,1179648,0,1179648
3443,3443,resolve_neg,META_IDENTITY,meta_engine,36864,36864,36864,36864,36864,0,0,0,0,1179648,0,1179648
3444,3444,mul,MUL,fp16_vector,12528,12528,12528,12528,12528,0,0,0,0,400896,0,400896
3445,3445,add,ADD,fp16_vector,12528,12528,12528,12528,12528,0,0,0,0,400896,0,400896
3446,3446,layer_norm,LAYER_NORM,fp16_vector,12560,12560,12528,12528,12560,0,0,0,0,400896,0,400896
3447,3447,to,META_IDENTITY,meta_engine,192,192,192,192,192,0,0,0,0,6144,0,6144
3448,3448,to,META_IDENTITY,meta_engine,147456,147456,147456,147456,147456,0,0,0,0,4718592,0,4718592
3449,3449,to,META_IDENTITY,meta_engine,12528,12528,12528,12528,12528,0,0,0,0,400896,0,400896
3450,3450,linear,GEMM_W8A8,pack2_gemm,12528,12528,12528,12528,12528,0,0,0,0,400896,0,400896
3451,3451,detach,META_IDENTITY,meta_engine,12528,12528,12528,12528,12528,0,0,0,0,400896,0,400896
3452,3452,to,META_IDENTITY,meta_engine,12528,12528,12528,12528,12528,0,0,0,0,400896,0,400896
3453,3453,to,META_IDENTITY,meta_engine,12528,12528,12528,12528,12528,0,0,0,0,400896,0,400896
3454,3454,detach,META_IDENTITY,meta_engine,12528,12528,12528,12528,12528,0,0,0,0,400896,0,400896
3455,3455,to,META_IDENTITY,meta_engine,12528,12528,12528,12528,12528,0,0,0,0,400896,0,400896
3456,3456,resolve_conj,META_IDENTITY,meta_engine,12528,12528,12528,12528,12528,0,0,0,0,400896,0,400896
3457,3457,resolve_neg,META_IDENTITY,meta_engine,12528,12528,12528,12528,12528,0,0,0,0,400896,0,400896
3458,3458,detach,META_IDENTITY,meta_engine,147456,147456,147456,147456,147456,0,0,0,0,4718592,0,4718592
3459,3459,detach,META_IDENTITY,meta_engine,147456,147456,147456,147456,147456,0,0,0,0,4718592,0,4718592
3460,3460,to,META_IDENTITY,meta_engine,147456,147456,147456,147456,147456,0,0,0,0,4718592,0,4718592
3461,3461,to,META_IDENTITY,meta_engine,147456,147456,147456,147456,147456,0,0,0,0,4718592,0,4718592
3462,3462,detach,META_IDENTITY,meta_engine,147456,147456,147456,147456,147456,0,0,0,0,4718592,0,4718592
3463,3463,to,META_IDENTITY,meta_engine,147456,147456,147456,147456,147456,0,0,0,0,4718592,0,4718592
3464,3464,resolve_conj,META_IDENTITY,meta_engine,147456,147456,147456,147456,147456,0,0,0,0,4718592,0,4718592
3465,3465,resolve_neg,META_IDENTITY,meta_engine,147456,147456,147456,147456,147456,0,0,0,0,4718592,0,4718592
3466,3466,gelu,GELU,fp16_vector,50112,50112,50112,50112,50112,0,0,0,0,1603584,0,1603584
3467,3467,to,META_IDENTITY,meta_engine,48,48,48,48,48,0,0,0,0,1536,0,1536
3468,3468,to,META_IDENTITY,meta_engine,147456,147456,147456,147456,147456,0,0,0,0,4718592,0,4718592
3469,3469,linear,GEMM_W8A8,pack2_gemm,50112,50112,50112,50112,50112,0,0,0,0,1603584,0,1603584
3470,3470,detach,META_IDENTITY,meta_engine,50112,50112,50112,50112,50112,0,0,0,0,1603584,0,1603584
3471,3471,to,META_IDENTITY,meta_engine,50112,50112,50112,50112,50112,0,0,0,0,1603584,0,1603584
3472,3472,to,META_IDENTITY,meta_engine,50112,50112,50112,50112,50112,0,0,0,0,1603584,0,1603584
3473,3473,detach,META_IDENTITY,meta_engine,50112,50112,50112,50112,50112,0,0,0,0,1603584,0,1603584
3474,3474,to,META_IDENTITY,meta_engine,50112,50112,50112,50112,50112,0,0,0,0,1603584,0,1603584
3475,3475,resolve_conj,META_IDENTITY,meta_engine,50112,50112,50112,50112,50112,0,0,0,0,1603584,0,1603584
3476,3476,resolve_neg,META_IDENTITY,meta_engine,50112,50112,50112,50112,50112,0,0,0,0,1603584,0,1603584
3477,3477,detach,META_IDENTITY,meta_engine,147456,147456,147456,147456,147456,0,0,0,0,4718592,0,4718592
3478,3478,detach,META_IDENTITY,meta_engine,147456,147456,147456,147456,147456,0,0,0,0,4718592,0,4718592
3479,3479,to,META_IDENTITY,meta_engine,147456,147456,147456,147456,147456,0,0,0,0,4718592,0,4718592
3480,3480,to,META_IDENTITY,meta_engine,147456,147456,147456,147456,147456,0,0,0,0,4718592,0,4718592
3481,3481,detach,META_IDENTITY,meta_engine,147456,147456,147456,147456,147456,0,0,0,0,4718592,0,4718592
3482,3482,to,META_IDENTITY,meta_engine,147456,147456,147456,147456,147456,0,0,0,0,4718592,0,4718592
3483,3483,resolve_conj,META_IDENTITY,meta_engine,147456,147456,147456,147456,147456,0,0,0,0,4718592,0,4718592
3484,3484,resolve_neg,META_IDENTITY,meta_engine,147456,147456,147456,147456,147456,0,0,0,0,4718592,0,4718592
3485,3485,mul,MUL,fp16_vector,12528,12528,12528,12528,12528,0,0,0,0,400896,0,400896
3486,3486,add,ADD,fp16_vector,12528,12528,12528,12528,12528,0,0,0,0,400896,0,400896
3487,3487,layer_norm,LAYER_NORM,fp16_vector,12560,12560,12528,12528,12560,0,0,0,0,400896,0,400896
3488,3488,to,META_IDENTITY,meta_engine,48,48,48,48,48,0,0,0,0,1536,0,1536
3489,3489,to,META_IDENTITY,meta_engine,36864,36864,36864,36864,36864,0,0,0,0,1179648,0,1179648
3490,3490,to,META_IDENTITY,meta_engine,12528,12528,12528,12528,12528,0,0,0,0,400896,0,400896
3491,3491,linear,GEMM_W8A8,pack2_gemm,132752,106624,13056,12528,132752,0,153944064,76972032,136,200448,589824,200448
3492,3492,detach,META_IDENTITY,meta_engine,12528,12528,12528,12528,12528,0,0,0,0,400896,0,400896
3493,3493,to,META_IDENTITY,meta_engine,12528,12528,12528,12528,12528,0,0,0,0,400896,0,400896
3494,3494,to,META_IDENTITY,meta_engine,12528,12528,12528,12528,12528,0,0,0,0,400896,0,400896
3495,3495,detach,META_IDENTITY,meta_engine,12528,12528,12528,12528,12528,0,0,0,0,400896,0,400896
3496,3496,to,META_IDENTITY,meta_engine,12528,12528,12528,12528,12528,0,0,0,0,400896,0,400896
3497,3497,resolve_conj,META_IDENTITY,meta_engine,12528,12528,12528,12528,12528,0,0,0,0,400896,0,400896
3498,3498,resolve_neg,META_IDENTITY,meta_engine,12528,12528,12528,12528,12528,0,0,0,0,400896,0,400896
3499,3499,detach,META_IDENTITY,meta_engine,36864,36864,36864,36864,36864,0,0,0,0,1179648,0,1179648
3500,3500,detach,META_IDENTITY,meta_engine,36864,36864,36864,36864,36864,0,0,0,0,1179648,0,1179648
3501,3501,to,META_IDENTITY,meta_engine,36864,36864,36864,36864,36864,0,0,0,0,1179648,0,1179648
3502,3502,to,META_IDENTITY,meta_engine,36864,36864,36864,36864,36864,0,0,0,0,1179648,0,1179648
3503,3503,detach,META_IDENTITY,meta_engine,36864,36864,36864,36864,36864,0,0,0,0,1179648,0,1179648
3504,3504,to,META_IDENTITY,meta_engine,36864,36864,36864,36864,36864,0,0,0,0,1179648,0,1179648
3505,3505,resolve_conj,META_IDENTITY,meta_engine,36864,36864,36864,36864,36864,0,0,0,0,1179648,0,1179648
3506,3506,resolve_neg,META_IDENTITY,meta_engine,36864,36864,36864,36864,36864,0,0,0,0,1179648,0,1179648
3507,3507,to,META_IDENTITY,meta_engine,36864,36864,36864,36864,36864,0,0,0,0,1179648,0,1179648
3508,3508,to,META_IDENTITY,meta_engine,12528,12528,12528,12528,12528,0,0,0,0,400896,0,400896
3509,3509,linear,GEMM_W8A8,pack2_gemm,132752,106624,13056,12528,132752,0,153944064,76972032,136,200448,589824,200448
3510,3510,detach,META_IDENTITY,meta_engine,12528,12528,12528,12528,12528,0,0,0,0,400896,0,400896
3511,3511,to,META_IDENTITY,meta_engine,12528,12528,12528,12528,12528,0,0,0,0,400896,0,400896
3512,3512,to,META_IDENTITY,meta_engine,12528,12528,12528,12528,12528,0,0,0,0,400896,0,400896
3513,3513,detach,META_IDENTITY,meta_engine,12528,12528,12528,12528,12528,0,0,0,0,400896,0,400896
3514,3514,to,META_IDENTITY,meta_engine,12528,12528,12528,12528,12528,0,0,0,0,400896,0,400896
3515,3515,resolve_conj,META_IDENTITY,meta_engine,12528,12528,12528,12528,12528,0,0,0,0,400896,0,400896
3516,3516,resolve_neg,META_IDENTITY,meta_engine,12528,12528,12528,12528,12528,0,0,0,0,400896,0,400896
3517,3517,detach,META_IDENTITY,meta_engine,36864,36864,36864,36864,36864,0,0,0,0,1179648,0,1179648
3518,3518,detach,META_IDENTITY,meta_engine,36864,36864,36864,36864,36864,0,0,0,0,1179648,0,1179648
3519,3519,to,META_IDENTITY,meta_engine,36864,36864,36864,36864,36864,0,0,0,0,1179648,0,1179648
3520,3520,to,META_IDENTITY,meta_engine,36864,36864,36864,36864,36864,0,0,0,0,1179648,0,1179648
3521,3521,detach,META_IDENTITY,meta_engine,36864,36864,36864,36864,36864,0,0,0,0,1179648,0,1179648
3522,3522,to,META_IDENTITY,meta_engine,36864,36864,36864,36864,36864,0,0,0,0,1179648,0,1179648
3523,3523,resolve_conj,META_IDENTITY,meta_engine,36864,36864,36864,36864,36864,0,0,0,0,1179648,0,1179648
3524,3524,resolve_neg,META_IDENTITY,meta_engine,36864,36864,36864,36864,36864,0,0,0,0,1179648,0,1179648
3525,3525,to,META_IDENTITY,meta_engine,48,48,48,48,48,0,0,0,0,1536,0,1536
3526,3526,to,META_IDENTITY,meta_engine,36864,36864,36864,36864,36864,0,0,0,0,1179648,0,1179648
3527,3527,to,META_IDENTITY,meta_engine,12528,12528,12528,12528,12528,0,0,0,0,400896,0,400896
3528,3528,linear,GEMM_W8A8,pack2_gemm,132752,106624,13056,12528,132752,0,153944064,76972032,136,200448,589824,200448
3529,3529,detach,META_IDENTITY,meta_engine,12528,12528,12528,12528,12528,0,0,0,0,400896,0,400896
3530,3530,to,META_IDENTITY,meta_engine,12528,12528,12528,12528,12528,0,0,0,0,400896,0,400896
3531,3531,to,META_IDENTITY,meta_engine,12528,12528,12528,12528,12528,0,0,0,0,400896,0,400896
3532,3532,detach,META_IDENTITY,meta_engine,12528,12528,12528,12528,12528,0,0,0,0,400896,0,400896
3533,3533,to,META_IDENTITY,meta_engine,12528,12528,12528,12528,12528,0,0,0,0,400896,0,400896
3534,3534,resolve_conj,META_IDENTITY,meta_engine,12528,12528,12528,12528,12528,0,0,0,0,400896,0,400896
3535,3535,resolve_neg,META_IDENTITY,meta_engine,12528,12528,12528,12528,12528,0,0,0,0,400896,0,400896
3536,3536,detach,META_IDENTITY,meta_engine,36864,36864,36864,36864,36864,0,0,0,0,1179648,0,1179648
3537,3537,detach,META_IDENTITY,meta_engine,36864,36864,36864,36864,36864,0,0,0,0,1179648,0,1179648
3538,3538,to,META_IDENTITY,meta_engine,36864,36864,36864,36864,36864,0,0,0,0,1179648,0,1179648
3539,3539,to,META_IDENTITY,meta_engine,36864,36864,36864,36864,36864,0,0,0,0,1179648,0,1179648
3540,3540,detach,META_IDENTITY,meta_engine,36864,36864,36864,36864,36864,0,0,0,0,1179648,0,1179648
3541,3541,to,META_IDENTITY,meta_engine,36864,36864,36864,36864,36864,0,0,0,0,1179648,0,1179648
3542,3542,resolve_conj,META_IDENTITY,meta_engine,36864,36864,36864,36864,36864,0,0,0,0,1179648,0,1179648
3543,3543,resolve_neg,META_IDENTITY,meta_engine,36864,36864,36864,36864,36864,0,0,0,0,1179648,0,1179648
3544,3544,view,LAYOUT,layout_engine,12532,12532,12528,12528,12532,0,0,0,0,400896,0,400896
3545,3545,transpose,LAYOUT,layout_engine,12532,12532,12528,12528,12532,0,0,0,0,400896,0,400896
3546,3546,view,LAYOUT,layout_engine,12532,12532,12528,12528,12532,0,0,0,0,400896,0,400896
3547,3547,transpose,LAYOUT,layout_engine,12532,12532,12528,12528,12532,0,0,0,0,400896,0,400896
3548,3548,view,LAYOUT,layout_engine,12532,12532,12528,12528,12532,0,0,0,0,400896,0,400896
3549,3549,transpose,LAYOUT,layout_engine,12532,12532,12528,12528,12532,0,0,0,0,400896,0,400896
3550,3550,split_with_sizes,META_IDENTITY,meta_engine,12528,12528,12528,12528,12528,0,0,0,0,400896,0,400896
3551,3551,split_with_sizes,META_IDENTITY,meta_engine,12528,12528,12528,12528,12528,0,0,0,0,400896,0,400896
3552,3552,mul,MUL,fp16_vector,12288,12288,12288,12288,12288,0,0,0,0,393216,0,393216
3553,3553,slice,LAYOUT,layout_engine,12292,12292,12288,12288,12292,0,0,0,0,393216,0,393216
3554,3554,slice,LAYOUT,layout_engine,12292,12292,12288,12288,12292,0,0,0,0,393216,0,393216
3555,3555,neg,META_IDENTITY,meta_engine,6144,6144,6144,6144,6144,0,0,0,0,196608,0,196608
3556,3556,cat,LAYOUT,layout_engine,6148,6148,6144,6144,6148,0,0,0,0,196608,0,196608
3557,3557,mul,MUL,fp16_vector,12288,12288,12288,12288,12288,0,0,0,0,393216,0,393216
3558,3558,add,ADD,fp16_vector,12288,12288,12288,12288,12288,0,0,0,0,393216,0,393216
3559,3559,mul,MUL,fp16_vector,12288,12288,12288,12288,12288,0,0,0,0,393216,0,393216
3560,3560,slice,LAYOUT,layout_engine,12292,12292,12288,12288,12292,0,0,0,0,393216,0,393216
3561,3561,slice,LAYOUT,layout_engine,12292,12292,12288,12288,12292,0,0,0,0,393216,0,393216
3562,3562,neg,META_IDENTITY,meta_engine,6144,6144,6144,6144,6144,0,0,0,0,196608,0,196608
3563,3563,cat,LAYOUT,layout_engine,6148,6148,6144,6144,6148,0,0,0,0,196608,0,196608
3564,3564,mul,MUL,fp16_vector,12288,12288,12288,12288,12288,0,0,0,0,393216,0,393216
3565,3565,add,ADD,fp16_vector,12288,12288,12288,12288,12288,0,0,0,0,393216,0,393216
3566,3566,cat,LAYOUT,layout_engine,244,244,240,240,244,0,0,0,0,7680,0,7680
3567,3567,cat,LAYOUT,layout_engine,244,244,240,240,244,0,0,0,0,7680,0,7680
3568,3568,to,META_IDENTITY,meta_engine,12528,12528,12528,12528,12528,0,0,0,0,400896,0,400896
3569,3569,to,META_IDENTITY,meta_engine,12528,12528,12528,12528,12528,0,0,0,0,400896,0,400896
3570,3570,scaled_dot_product_attention,ATTENTION,attention_controller,12560,12560,12528,12528,12560,0,0,0,0,400896,0,400896
3571,3571,transpose,LAYOUT,layout_engine,12532,12532,12528,12528,12532,0,0,0,0,400896,0,400896
3572,3572,contiguous,LAYOUT,layout_engine,12532,12532,12528,12528,12532,0,0,0,0,400896,0,400896
3573,3573,reshape,LAYOUT,layout_engine,12532,12532,12528,12528,12532,0,0,0,0,400896,0,400896
3574,3574,to,META_IDENTITY,meta_engine,48,48,48,48,48,0,0,0,0,1536,0,1536
3575,3575,to,META_IDENTITY,meta_engine,36864,36864,36864,36864,36864,0,0,0,0,1179648,0,1179648
3576,3576,linear,GEMM_W8A8,pack2_gemm,132752,106624,13056,12528,132752,0,153944064,76972032,136,200448,589824,200448
3577,3577,detach,META_IDENTITY,meta_engine,12528,12528,12528,12528,12528,0,0,0,0,400896,0,400896
3578,3578,to,META_IDENTITY,meta_engine,12528,12528,12528,12528,12528,0,0,0,0,400896,0,400896
3579,3579,to,META_IDENTITY,meta_engine,12528,12528,12528,12528,12528,0,0,0,0,400896,0,400896
3580,3580,detach,META_IDENTITY,meta_engine,12528,12528,12528,12528,12528,0,0,0,0,400896,0,400896
3581,3581,to,META_IDENTITY,meta_engine,12528,12528,12528,12528,12528,0,0,0,0,400896,0,400896
3582,3582,resolve_conj,META_IDENTITY,meta_engine,12528,12528,12528,12528,12528,0,0,0,0,400896,0,400896
3583,3583,resolve_neg,META_IDENTITY,meta_engine,12528,12528,12528,12528,12528,0,0,0,0,400896,0,400896
3584,3584,detach,META_IDENTITY,meta_engine,36864,36864,36864,36864,36864,0,0,0,0,1179648,0,1179648
3585,3585,detach,META_IDENTITY,meta_engine,36864,36864,36864,36864,36864,0,0,0,0,1179648,0,1179648
3586,3586,to,META_IDENTITY,meta_engine,36864,36864,36864,36864,36864,0,0,0,0,1179648,0,1179648
3587,3587,to,META_IDENTITY,meta_engine,36864,36864,36864,36864,36864,0,0,0,0,1179648,0,1179648
3588,3588,detach,META_IDENTITY,meta_engine,36864,36864,36864,36864,36864,0,0,0,0,1179648,0,1179648
3589,3589,to,META_IDENTITY,meta_engine,36864,36864,36864,36864,36864,0,0,0,0,1179648,0,1179648
3590,3590,resolve_conj,META_IDENTITY,meta_engine,36864,36864,36864,36864,36864,0,0,0,0,1179648,0,1179648
3591,3591,resolve_neg,META_IDENTITY,meta_engine,36864,36864,36864,36864,36864,0,0,0,0,1179648,0,1179648
3592,3592,mul,MUL,fp16_vector,12528,12528,12528,12528,12528,0,0,0,0,400896,0,400896
3593,3593,add,ADD,fp16_vector,12528,12528,12528,12528,12528,0,0,0,0,400896,0,400896
3594,3594,layer_norm,LAYER_NORM,fp16_vector,12560,12560,12528,12528,12560,0,0,0,0,400896,0,400896
3595,3595,to,META_IDENTITY,meta_engine,192,192,192,192,192,0,0,0,0,6144,0,6144
3596,3596,to,META_IDENTITY,meta_engine,147456,147456,147456,147456,147456,0,0,0,0,4718592,0,4718592
3597,3597,to,META_IDENTITY,meta_engine,12528,12528,12528,12528,12528,0,0,0,0,400896,0,400896
3598,3598,linear,GEMM_W8A8,pack2_gemm,12528,12528,12528,12528,12528,0,0,0,0,400896,0,400896
3599,3599,detach,META_IDENTITY,meta_engine,12528,12528,12528,12528,12528,0,0,0,0,400896,0,400896
3600,3600,to,META_IDENTITY,meta_engine,12528,12528,12528,12528,12528,0,0,0,0,400896,0,400896
3601,3601,to,META_IDENTITY,meta_engine,12528,12528,12528,12528,12528,0,0,0,0,400896,0,400896
3602,3602,detach,META_IDENTITY,meta_engine,12528,12528,12528,12528,12528,0,0,0,0,400896,0,400896
3603,3603,to,META_IDENTITY,meta_engine,12528,12528,12528,12528,12528,0,0,0,0,400896,0,400896
3604,3604,resolve_conj,META_IDENTITY,meta_engine,12528,12528,12528,12528,12528,0,0,0,0,400896,0,400896
3605,3605,resolve_neg,META_IDENTITY,meta_engine,12528,12528,12528,12528,12528,0,0,0,0,400896,0,400896
3606,3606,detach,META_IDENTITY,meta_engine,147456,147456,147456,147456,147456,0,0,0,0,4718592,0,4718592
3607,3607,detach,META_IDENTITY,meta_engine,147456,147456,147456,147456,147456,0,0,0,0,4718592,0,4718592
3608,3608,to,META_IDENTITY,meta_engine,147456,147456,147456,147456,147456,0,0,0,0,4718592,0,4718592
3609,3609,to,META_IDENTITY,meta_engine,147456,147456,147456,147456,147456,0,0,0,0,4718592,0,4718592
3610,3610,detach,META_IDENTITY,meta_engine,147456,147456,147456,147456,147456,0,0,0,0,4718592,0,4718592
3611,3611,to,META_IDENTITY,meta_engine,147456,147456,147456,147456,147456,0,0,0,0,4718592,0,4718592
3612,3612,resolve_conj,META_IDENTITY,meta_engine,147456,147456,147456,147456,147456,0,0,0,0,4718592,0,4718592
3613,3613,resolve_neg,META_IDENTITY,meta_engine,147456,147456,147456,147456,147456,0,0,0,0,4718592,0,4718592
3614,3614,gelu,GELU,fp16_vector,50112,50112,50112,50112,50112,0,0,0,0,1603584,0,1603584
3615,3615,to,META_IDENTITY,meta_engine,48,48,48,48,48,0,0,0,0,1536,0,1536
3616,3616,to,META_IDENTITY,meta_engine,147456,147456,147456,147456,147456,0,0,0,0,4718592,0,4718592
3617,3617,linear,GEMM_W8A8,pack2_gemm,50112,50112,50112,50112,50112,0,0,0,0,1603584,0,1603584
3618,3618,detach,META_IDENTITY,meta_engine,50112,50112,50112,50112,50112,0,0,0,0,1603584,0,1603584
3619,3619,to,META_IDENTITY,meta_engine,50112,50112,50112,50112,50112,0,0,0,0,1603584,0,1603584
3620,3620,to,META_IDENTITY,meta_engine,50112,50112,50112,50112,50112,0,0,0,0,1603584,0,1603584
3621,3621,detach,META_IDENTITY,meta_engine,50112,50112,50112,50112,50112,0,0,0,0,1603584,0,1603584
3622,3622,to,META_IDENTITY,meta_engine,50112,50112,50112,50112,50112,0,0,0,0,1603584,0,1603584
3623,3623,resolve_conj,META_IDENTITY,meta_engine,50112,50112,50112,50112,50112,0,0,0,0,1603584,0,1603584
3624,3624,resolve_neg,META_IDENTITY,meta_engine,50112,50112,50112,50112,50112,0,0,0,0,1603584,0,1603584
3625,3625,detach,META_IDENTITY,meta_engine,147456,147456,147456,147456,147456,0,0,0,0,4718592,0,4718592
3626,3626,detach,META_IDENTITY,meta_engine,147456,147456,147456,147456,147456,0,0,0,0,4718592,0,4718592
3627,3627,to,META_IDENTITY,meta_engine,147456,147456,147456,147456,147456,0,0,0,0,4718592,0,4718592
3628,3628,to,META_IDENTITY,meta_engine,147456,147456,147456,147456,147456,0,0,0,0,4718592,0,4718592
3629,3629,detach,META_IDENTITY,meta_engine,147456,147456,147456,147456,147456,0,0,0,0,4718592,0,4718592
3630,3630,to,META_IDENTITY,meta_engine,147456,147456,147456,147456,147456,0,0,0,0,4718592,0,4718592
3631,3631,resolve_conj,META_IDENTITY,meta_engine,147456,147456,147456,147456,147456,0,0,0,0,4718592,0,4718592
3632,3632,resolve_neg,META_IDENTITY,meta_engine,147456,147456,147456,147456,147456,0,0,0,0,4718592,0,4718592
3633,3633,mul,MUL,fp16_vector,12528,12528,12528,12528,12528,0,0,0,0,400896,0,400896
3634,3634,add,ADD,fp16_vector,12528,12528,12528,12528,12528,0,0,0,0,400896,0,400896
3635,3635,layer_norm,LAYER_NORM,fp16_vector,12560,12560,12528,12528,12560,0,0,0,0,400896,0,400896
3636,3636,to,META_IDENTITY,meta_engine,48,48,48,48,48,0,0,0,0,1536,0,1536
3637,3637,to,META_IDENTITY,meta_engine,36864,36864,36864,36864,36864,0,0,0,0,1179648,0,1179648
3638,3638,to,META_IDENTITY,meta_engine,12528,12528,12528,12528,12528,0,0,0,0,400896,0,400896
3639,3639,linear,GEMM_W8A8,pack2_gemm,132752,106624,13056,12528,132752,0,153944064,76972032,136,200448,589824,200448
3640,3640,detach,META_IDENTITY,meta_engine,12528,12528,12528,12528,12528,0,0,0,0,400896,0,400896
3641,3641,to,META_IDENTITY,meta_engine,12528,12528,12528,12528,12528,0,0,0,0,400896,0,400896
3642,3642,to,META_IDENTITY,meta_engine,12528,12528,12528,12528,12528,0,0,0,0,400896,0,400896
3643,3643,detach,META_IDENTITY,meta_engine,12528,12528,12528,12528,12528,0,0,0,0,400896,0,400896
3644,3644,to,META_IDENTITY,meta_engine,12528,12528,12528,12528,12528,0,0,0,0,400896,0,400896
3645,3645,resolve_conj,META_IDENTITY,meta_engine,12528,12528,12528,12528,12528,0,0,0,0,400896,0,400896
3646,3646,resolve_neg,META_IDENTITY,meta_engine,12528,12528,12528,12528,12528,0,0,0,0,400896,0,400896
3647,3647,detach,META_IDENTITY,meta_engine,36864,36864,36864,36864,36864,0,0,0,0,1179648,0,1179648
3648,3648,detach,META_IDENTITY,meta_engine,36864,36864,36864,36864,36864,0,0,0,0,1179648,0,1179648
3649,3649,to,META_IDENTITY,meta_engine,36864,36864,36864,36864,36864,0,0,0,0,1179648,0,1179648
3650,3650,to,META_IDENTITY,meta_engine,36864,36864,36864,36864,36864,0,0,0,0,1179648,0,1179648
3651,3651,detach,META_IDENTITY,meta_engine,36864,36864,36864,36864,36864,0,0,0,0,1179648,0,1179648
3652,3652,to,META_IDENTITY,meta_engine,36864,36864,36864,36864,36864,0,0,0,0,1179648,0,1179648
3653,3653,resolve_conj,META_IDENTITY,meta_engine,36864,36864,36864,36864,36864,0,0,0,0,1179648,0,1179648
3654,3654,resolve_neg,META_IDENTITY,meta_engine,36864,36864,36864,36864,36864,0,0,0,0,1179648,0,1179648
3655,3655,to,META_IDENTITY,meta_engine,36864,36864,36864,36864,36864,0,0,0,0,1179648,0,1179648
3656,3656,to,META_IDENTITY,meta_engine,12528,12528,12528,12528,12528,0,0,0,0,400896,0,400896
3657,3657,linear,GEMM_W8A8,pack2_gemm,132752,106624,13056,12528,132752,0,153944064,76972032,136,200448,589824,200448
3658,3658,detach,META_IDENTITY,meta_engine,12528,12528,12528,12528,12528,0,0,0,0,400896,0,400896
3659,3659,to,META_IDENTITY,meta_engine,12528,12528,12528,12528,12528,0,0,0,0,400896,0,400896
3660,3660,to,META_IDENTITY,meta_engine,12528,12528,12528,12528,12528,0,0,0,0,400896,0,400896
3661,3661,detach,META_IDENTITY,meta_engine,12528,12528,12528,12528,12528,0,0,0,0,400896,0,400896
3662,3662,to,META_IDENTITY,meta_engine,12528,12528,12528,12528,12528,0,0,0,0,400896,0,400896
3663,3663,resolve_conj,META_IDENTITY,meta_engine,12528,12528,12528,12528,12528,0,0,0,0,400896,0,400896
3664,3664,resolve_neg,META_IDENTITY,meta_engine,12528,12528,12528,12528,12528,0,0,0,0,400896,0,400896
3665,3665,detach,META_IDENTITY,meta_engine,36864,36864,36864,36864,36864,0,0,0,0,1179648,0,1179648
3666,3666,detach,META_IDENTITY,meta_engine,36864,36864,36864,36864,36864,0,0,0,0,1179648,0,1179648
3667,3667,to,META_IDENTITY,meta_engine,36864,36864,36864,36864,36864,0,0,0,0,1179648,0,1179648
3668,3668,to,META_IDENTITY,meta_engine,36864,36864,36864,36864,36864,0,0,0,0,1179648,0,1179648
3669,3669,detach,META_IDENTITY,meta_engine,36864,36864,36864,36864,36864,0,0,0,0,1179648,0,1179648
3670,3670,to,META_IDENTITY,meta_engine,36864,36864,36864,36864,36864,0,0,0,0,1179648,0,1179648
3671,3671,resolve_conj,META_IDENTITY,meta_engine,36864,36864,36864,36864,36864,0,0,0,0,1179648,0,1179648
3672,3672,resolve_neg,META_IDENTITY,meta_engine,36864,36864,36864,36864,36864,0,0,0,0,1179648,0,1179648
3673,3673,to,META_IDENTITY,meta_engine,48,48,48,48,48,0,0,0,0,1536,0,1536
3674,3674,to,META_IDENTITY,meta_engine,36864,36864,36864,36864,36864,0,0,0,0,1179648,0,1179648
3675,3675,to,META_IDENTITY,meta_engine,12528,12528,12528,12528,12528,0,0,0,0,400896,0,400896
3676,3676,linear,GEMM_W8A8,pack2_gemm,132752,106624,13056,12528,132752,0,153944064,76972032,136,200448,589824,200448
3677,3677,detach,META_IDENTITY,meta_engine,12528,12528,12528,12528,12528,0,0,0,0,400896,0,400896
3678,3678,to,META_IDENTITY,meta_engine,12528,12528,12528,12528,12528,0,0,0,0,400896,0,400896
3679,3679,to,META_IDENTITY,meta_engine,12528,12528,12528,12528,12528,0,0,0,0,400896,0,400896
3680,3680,detach,META_IDENTITY,meta_engine,12528,12528,12528,12528,12528,0,0,0,0,400896,0,400896
3681,3681,to,META_IDENTITY,meta_engine,12528,12528,12528,12528,12528,0,0,0,0,400896,0,400896
3682,3682,resolve_conj,META_IDENTITY,meta_engine,12528,12528,12528,12528,12528,0,0,0,0,400896,0,400896
3683,3683,resolve_neg,META_IDENTITY,meta_engine,12528,12528,12528,12528,12528,0,0,0,0,400896,0,400896
3684,3684,detach,META_IDENTITY,meta_engine,36864,36864,36864,36864,36864,0,0,0,0,1179648,0,1179648
3685,3685,detach,META_IDENTITY,meta_engine,36864,36864,36864,36864,36864,0,0,0,0,1179648,0,1179648
3686,3686,to,META_IDENTITY,meta_engine,36864,36864,36864,36864,36864,0,0,0,0,1179648,0,1179648
3687,3687,to,META_IDENTITY,meta_engine,36864,36864,36864,36864,36864,0,0,0,0,1179648,0,1179648
3688,3688,detach,META_IDENTITY,meta_engine,36864,36864,36864,36864,36864,0,0,0,0,1179648,0,1179648
3689,3689,to,META_IDENTITY,meta_engine,36864,36864,36864,36864,36864,0,0,0,0,1179648,0,1179648
3690,3690,resolve_conj,META_IDENTITY,meta_engine,36864,36864,36864,36864,36864,0,0,0,0,1179648,0,1179648
3691,3691,resolve_neg,META_IDENTITY,meta_engine,36864,36864,36864,36864,36864,0,0,0,0,1179648,0,1179648
3692,3692,view,LAYOUT,layout_engine,12532,12532,12528,12528,12532,0,0,0,0,400896,0,400896
3693,3693,transpose,LAYOUT,layout_engine,12532,12532,12528,12528,12532,0,0,0,0,400896,0,400896
3694,3694,view,LAYOUT,layout_engine,12532,12532,12528,12528,12532,0,0,0,0,400896,0,400896
3695,3695,transpose,LAYOUT,layout_engine,12532,12532,12528,12528,12532,0,0,0,0,400896,0,400896
3696,3696,view,LAYOUT,layout_engine,12532,12532,12528,12528,12532,0,0,0,0,400896,0,400896
3697,3697,transpose,LAYOUT,layout_engine,12532,12532,12528,12528,12532,0,0,0,0,400896,0,400896
3698,3698,split_with_sizes,META_IDENTITY,meta_engine,12528,12528,12528,12528,12528,0,0,0,0,400896,0,400896
3699,3699,split_with_sizes,META_IDENTITY,meta_engine,12528,12528,12528,12528,12528,0,0,0,0,400896,0,400896
3700,3700,mul,MUL,fp16_vector,12288,12288,12288,12288,12288,0,0,0,0,393216,0,393216
3701,3701,slice,LAYOUT,layout_engine,12292,12292,12288,12288,12292,0,0,0,0,393216,0,393216
3702,3702,slice,LAYOUT,layout_engine,12292,12292,12288,12288,12292,0,0,0,0,393216,0,393216
3703,3703,neg,META_IDENTITY,meta_engine,6144,6144,6144,6144,6144,0,0,0,0,196608,0,196608
3704,3704,cat,LAYOUT,layout_engine,6148,6148,6144,6144,6148,0,0,0,0,196608,0,196608
3705,3705,mul,MUL,fp16_vector,12288,12288,12288,12288,12288,0,0,0,0,393216,0,393216
3706,3706,add,ADD,fp16_vector,12288,12288,12288,12288,12288,0,0,0,0,393216,0,393216
3707,3707,mul,MUL,fp16_vector,12288,12288,12288,12288,12288,0,0,0,0,393216,0,393216
3708,3708,slice,LAYOUT,layout_engine,12292,12292,12288,12288,12292,0,0,0,0,393216,0,393216
3709,3709,slice,LAYOUT,layout_engine,12292,12292,12288,12288,12292,0,0,0,0,393216,0,393216
3710,3710,neg,META_IDENTITY,meta_engine,6144,6144,6144,6144,6144,0,0,0,0,196608,0,196608
3711,3711,cat,LAYOUT,layout_engine,6148,6148,6144,6144,6148,0,0,0,0,196608,0,196608
3712,3712,mul,MUL,fp16_vector,12288,12288,12288,12288,12288,0,0,0,0,393216,0,393216
3713,3713,add,ADD,fp16_vector,12288,12288,12288,12288,12288,0,0,0,0,393216,0,393216
3714,3714,cat,LAYOUT,layout_engine,244,244,240,240,244,0,0,0,0,7680,0,7680
3715,3715,cat,LAYOUT,layout_engine,244,244,240,240,244,0,0,0,0,7680,0,7680
3716,3716,to,META_IDENTITY,meta_engine,12528,12528,12528,12528,12528,0,0,0,0,400896,0,400896
3717,3717,to,META_IDENTITY,meta_engine,12528,12528,12528,12528,12528,0,0,0,0,400896,0,400896
3718,3718,scaled_dot_product_attention,ATTENTION,attention_controller,12560,12560,12528,12528,12560,0,0,0,0,400896,0,400896
3719,3719,transpose,LAYOUT,layout_engine,12532,12532,12528,12528,12532,0,0,0,0,400896,0,400896
3720,3720,contiguous,LAYOUT,layout_engine,12532,12532,12528,12528,12532,0,0,0,0,400896,0,400896
3721,3721,reshape,LAYOUT,layout_engine,12532,12532,12528,12528,12532,0,0,0,0,400896,0,400896
3722,3722,to,META_IDENTITY,meta_engine,48,48,48,48,48,0,0,0,0,1536,0,1536
3723,3723,to,META_IDENTITY,meta_engine,36864,36864,36864,36864,36864,0,0,0,0,1179648,0,1179648
3724,3724,linear,GEMM_W8A8,pack2_gemm,132752,106624,13056,12528,132752,0,153944064,76972032,136,200448,589824,200448
3725,3725,detach,META_IDENTITY,meta_engine,12528,12528,12528,12528,12528,0,0,0,0,400896,0,400896
3726,3726,to,META_IDENTITY,meta_engine,12528,12528,12528,12528,12528,0,0,0,0,400896,0,400896
3727,3727,to,META_IDENTITY,meta_engine,12528,12528,12528,12528,12528,0,0,0,0,400896,0,400896
3728,3728,detach,META_IDENTITY,meta_engine,12528,12528,12528,12528,12528,0,0,0,0,400896,0,400896
3729,3729,to,META_IDENTITY,meta_engine,12528,12528,12528,12528,12528,0,0,0,0,400896,0,400896
3730,3730,resolve_conj,META_IDENTITY,meta_engine,12528,12528,12528,12528,12528,0,0,0,0,400896,0,400896
3731,3731,resolve_neg,META_IDENTITY,meta_engine,12528,12528,12528,12528,12528,0,0,0,0,400896,0,400896
3732,3732,detach,META_IDENTITY,meta_engine,36864,36864,36864,36864,36864,0,0,0,0,1179648,0,1179648
3733,3733,detach,META_IDENTITY,meta_engine,36864,36864,36864,36864,36864,0,0,0,0,1179648,0,1179648
3734,3734,to,META_IDENTITY,meta_engine,36864,36864,36864,36864,36864,0,0,0,0,1179648,0,1179648
3735,3735,to,META_IDENTITY,meta_engine,36864,36864,36864,36864,36864,0,0,0,0,1179648,0,1179648
3736,3736,detach,META_IDENTITY,meta_engine,36864,36864,36864,36864,36864,0,0,0,0,1179648,0,1179648
3737,3737,to,META_IDENTITY,meta_engine,36864,36864,36864,36864,36864,0,0,0,0,1179648,0,1179648
3738,3738,resolve_conj,META_IDENTITY,meta_engine,36864,36864,36864,36864,36864,0,0,0,0,1179648,0,1179648
3739,3739,resolve_neg,META_IDENTITY,meta_engine,36864,36864,36864,36864,36864,0,0,0,0,1179648,0,1179648
3740,3740,mul,MUL,fp16_vector,12528,12528,12528,12528,12528,0,0,0,0,400896,0,400896
3741,3741,add,ADD,fp16_vector,12528,12528,12528,12528,12528,0,0,0,0,400896,0,400896
3742,3742,layer_norm,LAYER_NORM,fp16_vector,12560,12560,12528,12528,12560,0,0,0,0,400896,0,400896
3743,3743,to,META_IDENTITY,meta_engine,192,192,192,192,192,0,0,0,0,6144,0,6144
3744,3744,to,META_IDENTITY,meta_engine,147456,147456,147456,147456,147456,0,0,0,0,4718592,0,4718592
3745,3745,to,META_IDENTITY,meta_engine,12528,12528,12528,12528,12528,0,0,0,0,400896,0,400896
3746,3746,linear,GEMM_W8A8,pack2_gemm,12528,12528,12528,12528,12528,0,0,0,0,400896,0,400896
3747,3747,detach,META_IDENTITY,meta_engine,12528,12528,12528,12528,12528,0,0,0,0,400896,0,400896
3748,3748,to,META_IDENTITY,meta_engine,12528,12528,12528,12528,12528,0,0,0,0,400896,0,400896
3749,3749,to,META_IDENTITY,meta_engine,12528,12528,12528,12528,12528,0,0,0,0,400896,0,400896
3750,3750,detach,META_IDENTITY,meta_engine,12528,12528,12528,12528,12528,0,0,0,0,400896,0,400896
3751,3751,to,META_IDENTITY,meta_engine,12528,12528,12528,12528,12528,0,0,0,0,400896,0,400896
3752,3752,resolve_conj,META_IDENTITY,meta_engine,12528,12528,12528,12528,12528,0,0,0,0,400896,0,400896
3753,3753,resolve_neg,META_IDENTITY,meta_engine,12528,12528,12528,12528,12528,0,0,0,0,400896,0,400896
3754,3754,detach,META_IDENTITY,meta_engine,147456,147456,147456,147456,147456,0,0,0,0,4718592,0,4718592
3755,3755,detach,META_IDENTITY,meta_engine,147456,147456,147456,147456,147456,0,0,0,0,4718592,0,4718592
3756,3756,to,META_IDENTITY,meta_engine,147456,147456,147456,147456,147456,0,0,0,0,4718592,0,4718592
3757,3757,to,META_IDENTITY,meta_engine,147456,147456,147456,147456,147456,0,0,0,0,4718592,0,4718592
3758,3758,detach,META_IDENTITY,meta_engine,147456,147456,147456,147456,147456,0,0,0,0,4718592,0,4718592
3759,3759,to,META_IDENTITY,meta_engine,147456,147456,147456,147456,147456,0,0,0,0,4718592,0,4718592
3760,3760,resolve_conj,META_IDENTITY,meta_engine,147456,147456,147456,147456,147456,0,0,0,0,4718592,0,4718592
3761,3761,resolve_neg,META_IDENTITY,meta_engine,147456,147456,147456,147456,147456,0,0,0,0,4718592,0,4718592
3762,3762,gelu,GELU,fp16_vector,50112,50112,50112,50112,50112,0,0,0,0,1603584,0,1603584
3763,3763,to,META_IDENTITY,meta_engine,48,48,48,48,48,0,0,0,0,1536,0,1536
3764,3764,to,META_IDENTITY,meta_engine,147456,147456,147456,147456,147456,0,0,0,0,4718592,0,4718592
3765,3765,linear,GEMM_W8A8,pack2_gemm,50112,50112,50112,50112,50112,0,0,0,0,1603584,0,1603584
3766,3766,detach,META_IDENTITY,meta_engine,50112,50112,50112,50112,50112,0,0,0,0,1603584,0,1603584
3767,3767,to,META_IDENTITY,meta_engine,50112,50112,50112,50112,50112,0,0,0,0,1603584,0,1603584
3768,3768,to,META_IDENTITY,meta_engine,50112,50112,50112,50112,50112,0,0,0,0,1603584,0,1603584
3769,3769,detach,META_IDENTITY,meta_engine,50112,50112,50112,50112,50112,0,0,0,0,1603584,0,1603584
3770,3770,to,META_IDENTITY,meta_engine,50112,50112,50112,50112,50112,0,0,0,0,1603584,0,1603584
3771,3771,resolve_conj,META_IDENTITY,meta_engine,50112,50112,50112,50112,50112,0,0,0,0,1603584,0,1603584
3772,3772,resolve_neg,META_IDENTITY,meta_engine,50112,50112,50112,50112,50112,0,0,0,0,1603584,0,1603584
3773,3773,detach,META_IDENTITY,meta_engine,147456,147456,147456,147456,147456,0,0,0,0,4718592,0,4718592
3774,3774,detach,META_IDENTITY,meta_engine,147456,147456,147456,147456,147456,0,0,0,0,4718592,0,4718592
3775,3775,to,META_IDENTITY,meta_engine,147456,147456,147456,147456,147456,0,0,0,0,4718592,0,4718592
3776,3776,to,META_IDENTITY,meta_engine,147456,147456,147456,147456,147456,0,0,0,0,4718592,0,4718592
3777,3777,detach,META_IDENTITY,meta_engine,147456,147456,147456,147456,147456,0,0,0,0,4718592,0,4718592
3778,3778,to,META_IDENTITY,meta_engine,147456,147456,147456,147456,147456,0,0,0,0,4718592,0,4718592
3779,3779,resolve_conj,META_IDENTITY,meta_engine,147456,147456,147456,147456,147456,0,0,0,0,4718592,0,4718592
3780,3780,resolve_neg,META_IDENTITY,meta_engine,147456,147456,147456,147456,147456,0,0,0,0,4718592,0,4718592
3781,3781,mul,MUL,fp16_vector,12528,12528,12528,12528,12528,0,0,0,0,400896,0,400896
3782,3782,add,ADD,fp16_vector,12528,12528,12528,12528,12528,0,0,0,0,400896,0,400896
3783,3783,layer_norm,LAYER_NORM,fp16_vector,12560,12560,12528,12528,12560,0,0,0,0,400896,0,400896
3784,3784,to,META_IDENTITY,meta_engine,48,48,48,48,48,0,0,0,0,1536,0,1536
3785,3785,to,META_IDENTITY,meta_engine,36864,36864,36864,36864,36864,0,0,0,0,1179648,0,1179648
3786,3786,to,META_IDENTITY,meta_engine,12528,12528,12528,12528,12528,0,0,0,0,400896,0,400896
3787,3787,linear,GEMM_W8A8,pack2_gemm,132752,106624,13056,12528,132752,0,153944064,76972032,136,200448,589824,200448
3788,3788,detach,META_IDENTITY,meta_engine,12528,12528,12528,12528,12528,0,0,0,0,400896,0,400896
3789,3789,to,META_IDENTITY,meta_engine,12528,12528,12528,12528,12528,0,0,0,0,400896,0,400896
3790,3790,to,META_IDENTITY,meta_engine,12528,12528,12528,12528,12528,0,0,0,0,400896,0,400896
3791,3791,detach,META_IDENTITY,meta_engine,12528,12528,12528,12528,12528,0,0,0,0,400896,0,400896
3792,3792,to,META_IDENTITY,meta_engine,12528,12528,12528,12528,12528,0,0,0,0,400896,0,400896
3793,3793,resolve_conj,META_IDENTITY,meta_engine,12528,12528,12528,12528,12528,0,0,0,0,400896,0,400896
3794,3794,resolve_neg,META_IDENTITY,meta_engine,12528,12528,12528,12528,12528,0,0,0,0,400896,0,400896
3795,3795,detach,META_IDENTITY,meta_engine,36864,36864,36864,36864,36864,0,0,0,0,1179648,0,1179648
3796,3796,detach,META_IDENTITY,meta_engine,36864,36864,36864,36864,36864,0,0,0,0,1179648,0,1179648
3797,3797,to,META_IDENTITY,meta_engine,36864,36864,36864,36864,36864,0,0,0,0,1179648,0,1179648
3798,3798,to,META_IDENTITY,meta_engine,36864,36864,36864,36864,36864,0,0,0,0,1179648,0,1179648
3799,3799,detach,META_IDENTITY,meta_engine,36864,36864,36864,36864,36864,0,0,0,0,1179648,0,1179648
3800,3800,to,META_IDENTITY,meta_engine,36864,36864,36864,36864,36864,0,0,0,0,1179648,0,1179648
3801,3801,resolve_conj,META_IDENTITY,meta_engine,36864,36864,36864,36864,36864,0,0,0,0,1179648,0,1179648
3802,3802,resolve_neg,META_IDENTITY,meta_engine,36864,36864,36864,36864,36864,0,0,0,0,1179648,0,1179648
3803,3803,to,META_IDENTITY,meta_engine,36864,36864,36864,36864,36864,0,0,0,0,1179648,0,1179648
3804,3804,to,META_IDENTITY,meta_engine,12528,12528,12528,12528,12528,0,0,0,0,400896,0,400896
3805,3805,linear,GEMM_W8A8,pack2_gemm,132752,106624,13056,12528,132752,0,153944064,76972032,136,200448,589824,200448
3806,3806,detach,META_IDENTITY,meta_engine,12528,12528,12528,12528,12528,0,0,0,0,400896,0,400896
3807,3807,to,META_IDENTITY,meta_engine,12528,12528,12528,12528,12528,0,0,0,0,400896,0,400896
3808,3808,to,META_IDENTITY,meta_engine,12528,12528,12528,12528,12528,0,0,0,0,400896,0,400896
3809,3809,detach,META_IDENTITY,meta_engine,12528,12528,12528,12528,12528,0,0,0,0,400896,0,400896
3810,3810,to,META_IDENTITY,meta_engine,12528,12528,12528,12528,12528,0,0,0,0,400896,0,400896
3811,3811,resolve_conj,META_IDENTITY,meta_engine,12528,12528,12528,12528,12528,0,0,0,0,400896,0,400896
3812,3812,resolve_neg,META_IDENTITY,meta_engine,12528,12528,12528,12528,12528,0,0,0,0,400896,0,400896
3813,3813,detach,META_IDENTITY,meta_engine,36864,36864,36864,36864,36864,0,0,0,0,1179648,0,1179648
3814,3814,detach,META_IDENTITY,meta_engine,36864,36864,36864,36864,36864,0,0,0,0,1179648,0,1179648
3815,3815,to,META_IDENTITY,meta_engine,36864,36864,36864,36864,36864,0,0,0,0,1179648,0,1179648
3816,3816,to,META_IDENTITY,meta_engine,36864,36864,36864,36864,36864,0,0,0,0,1179648,0,1179648
3817,3817,detach,META_IDENTITY,meta_engine,36864,36864,36864,36864,36864,0,0,0,0,1179648,0,1179648
3818,3818,to,META_IDENTITY,meta_engine,36864,36864,36864,36864,36864,0,0,0,0,1179648,0,1179648
3819,3819,resolve_conj,META_IDENTITY,meta_engine,36864,36864,36864,36864,36864,0,0,0,0,1179648,0,1179648
3820,3820,resolve_neg,META_IDENTITY,meta_engine,36864,36864,36864,36864,36864,0,0,0,0,1179648,0,1179648
3821,3821,to,META_IDENTITY,meta_engine,48,48,48,48,48,0,0,0,0,1536,0,1536
3822,3822,to,META_IDENTITY,meta_engine,36864,36864,36864,36864,36864,0,0,0,0,1179648,0,1179648
3823,3823,to,META_IDENTITY,meta_engine,12528,12528,12528,12528,12528,0,0,0,0,400896,0,400896
3824,3824,linear,GEMM_W8A8,pack2_gemm,132752,106624,13056,12528,132752,0,153944064,76972032,136,200448,589824,200448
3825,3825,detach,META_IDENTITY,meta_engine,12528,12528,12528,12528,12528,0,0,0,0,400896,0,400896
3826,3826,to,META_IDENTITY,meta_engine,12528,12528,12528,12528,12528,0,0,0,0,400896,0,400896
3827,3827,to,META_IDENTITY,meta_engine,12528,12528,12528,12528,12528,0,0,0,0,400896,0,400896
3828,3828,detach,META_IDENTITY,meta_engine,12528,12528,12528,12528,12528,0,0,0,0,400896,0,400896
3829,3829,to,META_IDENTITY,meta_engine,12528,12528,12528,12528,12528,0,0,0,0,400896,0,400896
3830,3830,resolve_conj,META_IDENTITY,meta_engine,12528,12528,12528,12528,12528,0,0,0,0,400896,0,400896
3831,3831,resolve_neg,META_IDENTITY,meta_engine,12528,12528,12528,12528,12528,0,0,0,0,400896,0,400896
3832,3832,detach,META_IDENTITY,meta_engine,36864,36864,36864,36864,36864,0,0,0,0,1179648,0,1179648
3833,3833,detach,META_IDENTITY,meta_engine,36864,36864,36864,36864,36864,0,0,0,0,1179648,0,1179648
3834,3834,to,META_IDENTITY,meta_engine,36864,36864,36864,36864,36864,0,0,0,0,1179648,0,1179648
3835,3835,to,META_IDENTITY,meta_engine,36864,36864,36864,36864,36864,0,0,0,0,1179648,0,1179648
3836,3836,detach,META_IDENTITY,meta_engine,36864,36864,36864,36864,36864,0,0,0,0,1179648,0,1179648
3837,3837,to,META_IDENTITY,meta_engine,36864,36864,36864,36864,36864,0,0,0,0,1179648,0,1179648
3838,3838,resolve_conj,META_IDENTITY,meta_engine,36864,36864,36864,36864,36864,0,0,0,0,1179648,0,1179648
3839,3839,resolve_neg,META_IDENTITY,meta_engine,36864,36864,36864,36864,36864,0,0,0,0,1179648,0,1179648
3840,3840,view,LAYOUT,layout_engine,12532,12532,12528,12528,12532,0,0,0,0,400896,0,400896
3841,3841,transpose,LAYOUT,layout_engine,12532,12532,12528,12528,12532,0,0,0,0,400896,0,400896
3842,3842,view,LAYOUT,layout_engine,12532,12532,12528,12528,12532,0,0,0,0,400896,0,400896
3843,3843,transpose,LAYOUT,layout_engine,12532,12532,12528,12528,12532,0,0,0,0,400896,0,400896
3844,3844,view,LAYOUT,layout_engine,12532,12532,12528,12528,12532,0,0,0,0,400896,0,400896
3845,3845,transpose,LAYOUT,layout_engine,12532,12532,12528,12528,12532,0,0,0,0,400896,0,400896
3846,3846,split_with_sizes,META_IDENTITY,meta_engine,12528,12528,12528,12528,12528,0,0,0,0,400896,0,400896
3847,3847,split_with_sizes,META_IDENTITY,meta_engine,12528,12528,12528,12528,12528,0,0,0,0,400896,0,400896
3848,3848,mul,MUL,fp16_vector,12288,12288,12288,12288,12288,0,0,0,0,393216,0,393216
3849,3849,slice,LAYOUT,layout_engine,12292,12292,12288,12288,12292,0,0,0,0,393216,0,393216
3850,3850,slice,LAYOUT,layout_engine,12292,12292,12288,12288,12292,0,0,0,0,393216,0,393216
3851,3851,neg,META_IDENTITY,meta_engine,6144,6144,6144,6144,6144,0,0,0,0,196608,0,196608
3852,3852,cat,LAYOUT,layout_engine,6148,6148,6144,6144,6148,0,0,0,0,196608,0,196608
3853,3853,mul,MUL,fp16_vector,12288,12288,12288,12288,12288,0,0,0,0,393216,0,393216
3854,3854,add,ADD,fp16_vector,12288,12288,12288,12288,12288,0,0,0,0,393216,0,393216
3855,3855,mul,MUL,fp16_vector,12288,12288,12288,12288,12288,0,0,0,0,393216,0,393216
3856,3856,slice,LAYOUT,layout_engine,12292,12292,12288,12288,12292,0,0,0,0,393216,0,393216
3857,3857,slice,LAYOUT,layout_engine,12292,12292,12288,12288,12292,0,0,0,0,393216,0,393216
3858,3858,neg,META_IDENTITY,meta_engine,6144,6144,6144,6144,6144,0,0,0,0,196608,0,196608
3859,3859,cat,LAYOUT,layout_engine,6148,6148,6144,6144,6148,0,0,0,0,196608,0,196608
3860,3860,mul,MUL,fp16_vector,12288,12288,12288,12288,12288,0,0,0,0,393216,0,393216
3861,3861,add,ADD,fp16_vector,12288,12288,12288,12288,12288,0,0,0,0,393216,0,393216
3862,3862,cat,LAYOUT,layout_engine,244,244,240,240,244,0,0,0,0,7680,0,7680
3863,3863,cat,LAYOUT,layout_engine,244,244,240,240,244,0,0,0,0,7680,0,7680
3864,3864,to,META_IDENTITY,meta_engine,12528,12528,12528,12528,12528,0,0,0,0,400896,0,400896
3865,3865,to,META_IDENTITY,meta_engine,12528,12528,12528,12528,12528,0,0,0,0,400896,0,400896
3866,3866,scaled_dot_product_attention,ATTENTION,attention_controller,12560,12560,12528,12528,12560,0,0,0,0,400896,0,400896
3867,3867,transpose,LAYOUT,layout_engine,12532,12532,12528,12528,12532,0,0,0,0,400896,0,400896
3868,3868,contiguous,LAYOUT,layout_engine,12532,12532,12528,12528,12532,0,0,0,0,400896,0,400896
3869,3869,reshape,LAYOUT,layout_engine,12532,12532,12528,12528,12532,0,0,0,0,400896,0,400896
3870,3870,to,META_IDENTITY,meta_engine,48,48,48,48,48,0,0,0,0,1536,0,1536
3871,3871,to,META_IDENTITY,meta_engine,36864,36864,36864,36864,36864,0,0,0,0,1179648,0,1179648
3872,3872,linear,GEMM_W8A8,pack2_gemm,132752,106624,13056,12528,132752,0,153944064,76972032,136,200448,589824,200448
3873,3873,detach,META_IDENTITY,meta_engine,12528,12528,12528,12528,12528,0,0,0,0,400896,0,400896
3874,3874,to,META_IDENTITY,meta_engine,12528,12528,12528,12528,12528,0,0,0,0,400896,0,400896
3875,3875,to,META_IDENTITY,meta_engine,12528,12528,12528,12528,12528,0,0,0,0,400896,0,400896
3876,3876,detach,META_IDENTITY,meta_engine,12528,12528,12528,12528,12528,0,0,0,0,400896,0,400896
3877,3877,to,META_IDENTITY,meta_engine,12528,12528,12528,12528,12528,0,0,0,0,400896,0,400896
3878,3878,resolve_conj,META_IDENTITY,meta_engine,12528,12528,12528,12528,12528,0,0,0,0,400896,0,400896
3879,3879,resolve_neg,META_IDENTITY,meta_engine,12528,12528,12528,12528,12528,0,0,0,0,400896,0,400896
3880,3880,detach,META_IDENTITY,meta_engine,36864,36864,36864,36864,36864,0,0,0,0,1179648,0,1179648
3881,3881,detach,META_IDENTITY,meta_engine,36864,36864,36864,36864,36864,0,0,0,0,1179648,0,1179648
3882,3882,to,META_IDENTITY,meta_engine,36864,36864,36864,36864,36864,0,0,0,0,1179648,0,1179648
3883,3883,to,META_IDENTITY,meta_engine,36864,36864,36864,36864,36864,0,0,0,0,1179648,0,1179648
3884,3884,detach,META_IDENTITY,meta_engine,36864,36864,36864,36864,36864,0,0,0,0,1179648,0,1179648
3885,3885,to,META_IDENTITY,meta_engine,36864,36864,36864,36864,36864,0,0,0,0,1179648,0,1179648
3886,3886,resolve_conj,META_IDENTITY,meta_engine,36864,36864,36864,36864,36864,0,0,0,0,1179648,0,1179648
3887,3887,resolve_neg,META_IDENTITY,meta_engine,36864,36864,36864,36864,36864,0,0,0,0,1179648,0,1179648
3888,3888,mul,MUL,fp16_vector,12528,12528,12528,12528,12528,0,0,0,0,400896,0,400896
3889,3889,add,ADD,fp16_vector,12528,12528,12528,12528,12528,0,0,0,0,400896,0,400896
3890,3890,layer_norm,LAYER_NORM,fp16_vector,12560,12560,12528,12528,12560,0,0,0,0,400896,0,400896
3891,3891,to,META_IDENTITY,meta_engine,192,192,192,192,192,0,0,0,0,6144,0,6144
3892,3892,to,META_IDENTITY,meta_engine,147456,147456,147456,147456,147456,0,0,0,0,4718592,0,4718592
3893,3893,to,META_IDENTITY,meta_engine,12528,12528,12528,12528,12528,0,0,0,0,400896,0,400896
3894,3894,linear,GEMM_W8A8,pack2_gemm,12528,12528,12528,12528,12528,0,0,0,0,400896,0,400896
3895,3895,detach,META_IDENTITY,meta_engine,12528,12528,12528,12528,12528,0,0,0,0,400896,0,400896
3896,3896,to,META_IDENTITY,meta_engine,12528,12528,12528,12528,12528,0,0,0,0,400896,0,400896
3897,3897,to,META_IDENTITY,meta_engine,12528,12528,12528,12528,12528,0,0,0,0,400896,0,400896
3898,3898,detach,META_IDENTITY,meta_engine,12528,12528,12528,12528,12528,0,0,0,0,400896,0,400896
3899,3899,to,META_IDENTITY,meta_engine,12528,12528,12528,12528,12528,0,0,0,0,400896,0,400896
3900,3900,resolve_conj,META_IDENTITY,meta_engine,12528,12528,12528,12528,12528,0,0,0,0,400896,0,400896
3901,3901,resolve_neg,META_IDENTITY,meta_engine,12528,12528,12528,12528,12528,0,0,0,0,400896,0,400896
3902,3902,detach,META_IDENTITY,meta_engine,147456,147456,147456,147456,147456,0,0,0,0,4718592,0,4718592
3903,3903,detach,META_IDENTITY,meta_engine,147456,147456,147456,147456,147456,0,0,0,0,4718592,0,4718592
3904,3904,to,META_IDENTITY,meta_engine,147456,147456,147456,147456,147456,0,0,0,0,4718592,0,4718592
3905,3905,to,META_IDENTITY,meta_engine,147456,147456,147456,147456,147456,0,0,0,0,4718592,0,4718592
3906,3906,detach,META_IDENTITY,meta_engine,147456,147456,147456,147456,147456,0,0,0,0,4718592,0,4718592
3907,3907,to,META_IDENTITY,meta_engine,147456,147456,147456,147456,147456,0,0,0,0,4718592,0,4718592
3908,3908,resolve_conj,META_IDENTITY,meta_engine,147456,147456,147456,147456,147456,0,0,0,0,4718592,0,4718592
3909,3909,resolve_neg,META_IDENTITY,meta_engine,147456,147456,147456,147456,147456,0,0,0,0,4718592,0,4718592
3910,3910,gelu,GELU,fp16_vector,50112,50112,50112,50112,50112,0,0,0,0,1603584,0,1603584
3911,3911,to,META_IDENTITY,meta_engine,48,48,48,48,48,0,0,0,0,1536,0,1536
3912,3912,to,META_IDENTITY,meta_engine,147456,147456,147456,147456,147456,0,0,0,0,4718592,0,4718592
3913,3913,linear,GEMM_W8A8,pack2_gemm,50112,50112,50112,50112,50112,0,0,0,0,1603584,0,1603584
3914,3914,detach,META_IDENTITY,meta_engine,50112,50112,50112,50112,50112,0,0,0,0,1603584,0,1603584
3915,3915,to,META_IDENTITY,meta_engine,50112,50112,50112,50112,50112,0,0,0,0,1603584,0,1603584
3916,3916,to,META_IDENTITY,meta_engine,50112,50112,50112,50112,50112,0,0,0,0,1603584,0,1603584
3917,3917,detach,META_IDENTITY,meta_engine,50112,50112,50112,50112,50112,0,0,0,0,1603584,0,1603584
3918,3918,to,META_IDENTITY,meta_engine,50112,50112,50112,50112,50112,0,0,0,0,1603584,0,1603584
3919,3919,resolve_conj,META_IDENTITY,meta_engine,50112,50112,50112,50112,50112,0,0,0,0,1603584,0,1603584
3920,3920,resolve_neg,META_IDENTITY,meta_engine,50112,50112,50112,50112,50112,0,0,0,0,1603584,0,1603584
3921,3921,detach,META_IDENTITY,meta_engine,147456,147456,147456,147456,147456,0,0,0,0,4718592,0,4718592
3922,3922,detach,META_IDENTITY,meta_engine,147456,147456,147456,147456,147456,0,0,0,0,4718592,0,4718592
3923,3923,to,META_IDENTITY,meta_engine,147456,147456,147456,147456,147456,0,0,0,0,4718592,0,4718592
3924,3924,to,META_IDENTITY,meta_engine,147456,147456,147456,147456,147456,0,0,0,0,4718592,0,4718592
3925,3925,detach,META_IDENTITY,meta_engine,147456,147456,147456,147456,147456,0,0,0,0,4718592,0,4718592
3926,3926,to,META_IDENTITY,meta_engine,147456,147456,147456,147456,147456,0,0,0,0,4718592,0,4718592
3927,3927,resolve_conj,META_IDENTITY,meta_engine,147456,147456,147456,147456,147456,0,0,0,0,4718592,0,4718592
3928,3928,resolve_neg,META_IDENTITY,meta_engine,147456,147456,147456,147456,147456,0,0,0,0,4718592,0,4718592
3929,3929,mul,MUL,fp16_vector,12528,12528,12528,12528,12528,0,0,0,0,400896,0,400896
3930,3930,add,ADD,fp16_vector,12528,12528,12528,12528,12528,0,0,0,0,400896,0,400896
3931,3931,layer_norm,LAYER_NORM,fp16_vector,12560,12560,12528,12528,12560,0,0,0,0,400896,0,400896
3932,3932,to,META_IDENTITY,meta_engine,48,48,48,48,48,0,0,0,0,1536,0,1536
3933,3933,to,META_IDENTITY,meta_engine,36864,36864,36864,36864,36864,0,0,0,0,1179648,0,1179648
3934,3934,to,META_IDENTITY,meta_engine,12528,12528,12528,12528,12528,0,0,0,0,400896,0,400896
3935,3935,linear,GEMM_W8A8,pack2_gemm,132752,106624,13056,12528,132752,0,153944064,76972032,136,200448,589824,200448
3936,3936,detach,META_IDENTITY,meta_engine,12528,12528,12528,12528,12528,0,0,0,0,400896,0,400896
3937,3937,to,META_IDENTITY,meta_engine,12528,12528,12528,12528,12528,0,0,0,0,400896,0,400896
3938,3938,to,META_IDENTITY,meta_engine,12528,12528,12528,12528,12528,0,0,0,0,400896,0,400896
3939,3939,detach,META_IDENTITY,meta_engine,12528,12528,12528,12528,12528,0,0,0,0,400896,0,400896
3940,3940,to,META_IDENTITY,meta_engine,12528,12528,12528,12528,12528,0,0,0,0,400896,0,400896
3941,3941,resolve_conj,META_IDENTITY,meta_engine,12528,12528,12528,12528,12528,0,0,0,0,400896,0,400896
3942,3942,resolve_neg,META_IDENTITY,meta_engine,12528,12528,12528,12528,12528,0,0,0,0,400896,0,400896
3943,3943,detach,META_IDENTITY,meta_engine,36864,36864,36864,36864,36864,0,0,0,0,1179648,0,1179648
3944,3944,detach,META_IDENTITY,meta_engine,36864,36864,36864,36864,36864,0,0,0,0,1179648,0,1179648
3945,3945,to,META_IDENTITY,meta_engine,36864,36864,36864,36864,36864,0,0,0,0,1179648,0,1179648
3946,3946,to,META_IDENTITY,meta_engine,36864,36864,36864,36864,36864,0,0,0,0,1179648,0,1179648
3947,3947,detach,META_IDENTITY,meta_engine,36864,36864,36864,36864,36864,0,0,0,0,1179648,0,1179648
3948,3948,to,META_IDENTITY,meta_engine,36864,36864,36864,36864,36864,0,0,0,0,1179648,0,1179648
3949,3949,resolve_conj,META_IDENTITY,meta_engine,36864,36864,36864,36864,36864,0,0,0,0,1179648,0,1179648
3950,3950,resolve_neg,META_IDENTITY,meta_engine,36864,36864,36864,36864,36864,0,0,0,0,1179648,0,1179648
3951,3951,to,META_IDENTITY,meta_engine,36864,36864,36864,36864,36864,0,0,0,0,1179648,0,1179648
3952,3952,to,META_IDENTITY,meta_engine,12528,12528,12528,12528,12528,0,0,0,0,400896,0,400896
3953,3953,linear,GEMM_W8A8,pack2_gemm,132752,106624,13056,12528,132752,0,153944064,76972032,136,200448,589824,200448
3954,3954,detach,META_IDENTITY,meta_engine,12528,12528,12528,12528,12528,0,0,0,0,400896,0,400896
3955,3955,to,META_IDENTITY,meta_engine,12528,12528,12528,12528,12528,0,0,0,0,400896,0,400896
3956,3956,to,META_IDENTITY,meta_engine,12528,12528,12528,12528,12528,0,0,0,0,400896,0,400896
3957,3957,detach,META_IDENTITY,meta_engine,12528,12528,12528,12528,12528,0,0,0,0,400896,0,400896
3958,3958,to,META_IDENTITY,meta_engine,12528,12528,12528,12528,12528,0,0,0,0,400896,0,400896
3959,3959,resolve_conj,META_IDENTITY,meta_engine,12528,12528,12528,12528,12528,0,0,0,0,400896,0,400896
3960,3960,resolve_neg,META_IDENTITY,meta_engine,12528,12528,12528,12528,12528,0,0,0,0,400896,0,400896
3961,3961,detach,META_IDENTITY,meta_engine,36864,36864,36864,36864,36864,0,0,0,0,1179648,0,1179648
3962,3962,detach,META_IDENTITY,meta_engine,36864,36864,36864,36864,36864,0,0,0,0,1179648,0,1179648
3963,3963,to,META_IDENTITY,meta_engine,36864,36864,36864,36864,36864,0,0,0,0,1179648,0,1179648
3964,3964,to,META_IDENTITY,meta_engine,36864,36864,36864,36864,36864,0,0,0,0,1179648,0,1179648
3965,3965,detach,META_IDENTITY,meta_engine,36864,36864,36864,36864,36864,0,0,0,0,1179648,0,1179648
3966,3966,to,META_IDENTITY,meta_engine,36864,36864,36864,36864,36864,0,0,0,0,1179648,0,1179648
3967,3967,resolve_conj,META_IDENTITY,meta_engine,36864,36864,36864,36864,36864,0,0,0,0,1179648,0,1179648
3968,3968,resolve_neg,META_IDENTITY,meta_engine,36864,36864,36864,36864,36864,0,0,0,0,1179648,0,1179648
3969,3969,to,META_IDENTITY,meta_engine,48,48,48,48,48,0,0,0,0,1536,0,1536
3970,3970,to,META_IDENTITY,meta_engine,36864,36864,36864,36864,36864,0,0,0,0,1179648,0,1179648
3971,3971,to,META_IDENTITY,meta_engine,12528,12528,12528,12528,12528,0,0,0,0,400896,0,400896
3972,3972,linear,GEMM_W8A8,pack2_gemm,132752,106624,13056,12528,132752,0,153944064,76972032,136,200448,589824,200448
3973,3973,detach,META_IDENTITY,meta_engine,12528,12528,12528,12528,12528,0,0,0,0,400896,0,400896
3974,3974,to,META_IDENTITY,meta_engine,12528,12528,12528,12528,12528,0,0,0,0,400896,0,400896
3975,3975,to,META_IDENTITY,meta_engine,12528,12528,12528,12528,12528,0,0,0,0,400896,0,400896
3976,3976,detach,META_IDENTITY,meta_engine,12528,12528,12528,12528,12528,0,0,0,0,400896,0,400896
3977,3977,to,META_IDENTITY,meta_engine,12528,12528,12528,12528,12528,0,0,0,0,400896,0,400896
3978,3978,resolve_conj,META_IDENTITY,meta_engine,12528,12528,12528,12528,12528,0,0,0,0,400896,0,400896
3979,3979,resolve_neg,META_IDENTITY,meta_engine,12528,12528,12528,12528,12528,0,0,0,0,400896,0,400896
3980,3980,detach,META_IDENTITY,meta_engine,36864,36864,36864,36864,36864,0,0,0,0,1179648,0,1179648
3981,3981,detach,META_IDENTITY,meta_engine,36864,36864,36864,36864,36864,0,0,0,0,1179648,0,1179648
3982,3982,to,META_IDENTITY,meta_engine,36864,36864,36864,36864,36864,0,0,0,0,1179648,0,1179648
3983,3983,to,META_IDENTITY,meta_engine,36864,36864,36864,36864,36864,0,0,0,0,1179648,0,1179648
3984,3984,detach,META_IDENTITY,meta_engine,36864,36864,36864,36864,36864,0,0,0,0,1179648,0,1179648
3985,3985,to,META_IDENTITY,meta_engine,36864,36864,36864,36864,36864,0,0,0,0,1179648,0,1179648
3986,3986,resolve_conj,META_IDENTITY,meta_engine,36864,36864,36864,36864,36864,0,0,0,0,1179648,0,1179648
3987,3987,resolve_neg,META_IDENTITY,meta_engine,36864,36864,36864,36864,36864,0,0,0,0,1179648,0,1179648
3988,3988,view,LAYOUT,layout_engine,12532,12532,12528,12528,12532,0,0,0,0,400896,0,400896
3989,3989,transpose,LAYOUT,layout_engine,12532,12532,12528,12528,12532,0,0,0,0,400896,0,400896
3990,3990,view,LAYOUT,layout_engine,12532,12532,12528,12528,12532,0,0,0,0,400896,0,400896
3991,3991,transpose,LAYOUT,layout_engine,12532,12532,12528,12528,12532,0,0,0,0,400896,0,400896
3992,3992,view,LAYOUT,layout_engine,12532,12532,12528,12528,12532,0,0,0,0,400896,0,400896
3993,3993,transpose,LAYOUT,layout_engine,12532,12532,12528,12528,12532,0,0,0,0,400896,0,400896
3994,3994,split_with_sizes,META_IDENTITY,meta_engine,12528,12528,12528,12528,12528,0,0,0,0,400896,0,400896
3995,3995,split_with_sizes,META_IDENTITY,meta_engine,12528,12528,12528,12528,12528,0,0,0,0,400896,0,400896
3996,3996,mul,MUL,fp16_vector,12288,12288,12288,12288,12288,0,0,0,0,393216,0,393216
3997,3997,slice,LAYOUT,layout_engine,12292,12292,12288,12288,12292,0,0,0,0,393216,0,393216
3998,3998,slice,LAYOUT,layout_engine,12292,12292,12288,12288,12292,0,0,0,0,393216,0,393216
3999,3999,neg,META_IDENTITY,meta_engine,6144,6144,6144,6144,6144,0,0,0,0,196608,0,196608
4000,4000,cat,LAYOUT,layout_engine,6148,6148,6144,6144,6148,0,0,0,0,196608,0,196608
4001,4001,mul,MUL,fp16_vector,12288,12288,12288,12288,12288,0,0,0,0,393216,0,393216
4002,4002,add,ADD,fp16_vector,12288,12288,12288,12288,12288,0,0,0,0,393216,0,393216
4003,4003,mul,MUL,fp16_vector,12288,12288,12288,12288,12288,0,0,0,0,393216,0,393216
4004,4004,slice,LAYOUT,layout_engine,12292,12292,12288,12288,12292,0,0,0,0,393216,0,393216
4005,4005,slice,LAYOUT,layout_engine,12292,12292,12288,12288,12292,0,0,0,0,393216,0,393216
4006,4006,neg,META_IDENTITY,meta_engine,6144,6144,6144,6144,6144,0,0,0,0,196608,0,196608
4007,4007,cat,LAYOUT,layout_engine,6148,6148,6144,6144,6148,0,0,0,0,196608,0,196608
4008,4008,mul,MUL,fp16_vector,12288,12288,12288,12288,12288,0,0,0,0,393216,0,393216
4009,4009,add,ADD,fp16_vector,12288,12288,12288,12288,12288,0,0,0,0,393216,0,393216
4010,4010,cat,LAYOUT,layout_engine,244,244,240,240,244,0,0,0,0,7680,0,7680
4011,4011,cat,LAYOUT,layout_engine,244,244,240,240,244,0,0,0,0,7680,0,7680
4012,4012,to,META_IDENTITY,meta_engine,12528,12528,12528,12528,12528,0,0,0,0,400896,0,400896
4013,4013,to,META_IDENTITY,meta_engine,12528,12528,12528,12528,12528,0,0,0,0,400896,0,400896
4014,4014,scaled_dot_product_attention,ATTENTION,attention_controller,12560,12560,12528,12528,12560,0,0,0,0,400896,0,400896
4015,4015,transpose,LAYOUT,layout_engine,12532,12532,12528,12528,12532,0,0,0,0,400896,0,400896
4016,4016,contiguous,LAYOUT,layout_engine,12532,12532,12528,12528,12532,0,0,0,0,400896,0,400896
4017,4017,reshape,LAYOUT,layout_engine,12532,12532,12528,12528,12532,0,0,0,0,400896,0,400896
4018,4018,to,META_IDENTITY,meta_engine,48,48,48,48,48,0,0,0,0,1536,0,1536
4019,4019,to,META_IDENTITY,meta_engine,36864,36864,36864,36864,36864,0,0,0,0,1179648,0,1179648
4020,4020,linear,GEMM_W8A8,pack2_gemm,132752,106624,13056,12528,132752,0,153944064,76972032,136,200448,589824,200448
4021,4021,detach,META_IDENTITY,meta_engine,12528,12528,12528,12528,12528,0,0,0,0,400896,0,400896
4022,4022,to,META_IDENTITY,meta_engine,12528,12528,12528,12528,12528,0,0,0,0,400896,0,400896
4023,4023,to,META_IDENTITY,meta_engine,12528,12528,12528,12528,12528,0,0,0,0,400896,0,400896
4024,4024,detach,META_IDENTITY,meta_engine,12528,12528,12528,12528,12528,0,0,0,0,400896,0,400896
4025,4025,to,META_IDENTITY,meta_engine,12528,12528,12528,12528,12528,0,0,0,0,400896,0,400896
4026,4026,resolve_conj,META_IDENTITY,meta_engine,12528,12528,12528,12528,12528,0,0,0,0,400896,0,400896
4027,4027,resolve_neg,META_IDENTITY,meta_engine,12528,12528,12528,12528,12528,0,0,0,0,400896,0,400896
4028,4028,detach,META_IDENTITY,meta_engine,36864,36864,36864,36864,36864,0,0,0,0,1179648,0,1179648
4029,4029,detach,META_IDENTITY,meta_engine,36864,36864,36864,36864,36864,0,0,0,0,1179648,0,1179648
4030,4030,to,META_IDENTITY,meta_engine,36864,36864,36864,36864,36864,0,0,0,0,1179648,0,1179648
4031,4031,to,META_IDENTITY,meta_engine,36864,36864,36864,36864,36864,0,0,0,0,1179648,0,1179648
4032,4032,detach,META_IDENTITY,meta_engine,36864,36864,36864,36864,36864,0,0,0,0,1179648,0,1179648
4033,4033,to,META_IDENTITY,meta_engine,36864,36864,36864,36864,36864,0,0,0,0,1179648,0,1179648
4034,4034,resolve_conj,META_IDENTITY,meta_engine,36864,36864,36864,36864,36864,0,0,0,0,1179648,0,1179648
4035,4035,resolve_neg,META_IDENTITY,meta_engine,36864,36864,36864,36864,36864,0,0,0,0,1179648,0,1179648
4036,4036,mul,MUL,fp16_vector,12528,12528,12528,12528,12528,0,0,0,0,400896,0,400896
4037,4037,add,ADD,fp16_vector,12528,12528,12528,12528,12528,0,0,0,0,400896,0,400896
4038,4038,layer_norm,LAYER_NORM,fp16_vector,12560,12560,12528,12528,12560,0,0,0,0,400896,0,400896
4039,4039,to,META_IDENTITY,meta_engine,192,192,192,192,192,0,0,0,0,6144,0,6144
4040,4040,to,META_IDENTITY,meta_engine,147456,147456,147456,147456,147456,0,0,0,0,4718592,0,4718592
4041,4041,to,META_IDENTITY,meta_engine,12528,12528,12528,12528,12528,0,0,0,0,400896,0,400896
4042,4042,linear,GEMM_W8A8,pack2_gemm,12528,12528,12528,12528,12528,0,0,0,0,400896,0,400896
4043,4043,detach,META_IDENTITY,meta_engine,12528,12528,12528,12528,12528,0,0,0,0,400896,0,400896
4044,4044,to,META_IDENTITY,meta_engine,12528,12528,12528,12528,12528,0,0,0,0,400896,0,400896
4045,4045,to,META_IDENTITY,meta_engine,12528,12528,12528,12528,12528,0,0,0,0,400896,0,400896
4046,4046,detach,META_IDENTITY,meta_engine,12528,12528,12528,12528,12528,0,0,0,0,400896,0,400896
4047,4047,to,META_IDENTITY,meta_engine,12528,12528,12528,12528,12528,0,0,0,0,400896,0,400896
4048,4048,resolve_conj,META_IDENTITY,meta_engine,12528,12528,12528,12528,12528,0,0,0,0,400896,0,400896
4049,4049,resolve_neg,META_IDENTITY,meta_engine,12528,12528,12528,12528,12528,0,0,0,0,400896,0,400896
4050,4050,detach,META_IDENTITY,meta_engine,147456,147456,147456,147456,147456,0,0,0,0,4718592,0,4718592
4051,4051,detach,META_IDENTITY,meta_engine,147456,147456,147456,147456,147456,0,0,0,0,4718592,0,4718592
4052,4052,to,META_IDENTITY,meta_engine,147456,147456,147456,147456,147456,0,0,0,0,4718592,0,4718592
4053,4053,to,META_IDENTITY,meta_engine,147456,147456,147456,147456,147456,0,0,0,0,4718592,0,4718592
4054,4054,detach,META_IDENTITY,meta_engine,147456,147456,147456,147456,147456,0,0,0,0,4718592,0,4718592
4055,4055,to,META_IDENTITY,meta_engine,147456,147456,147456,147456,147456,0,0,0,0,4718592,0,4718592
4056,4056,resolve_conj,META_IDENTITY,meta_engine,147456,147456,147456,147456,147456,0,0,0,0,4718592,0,4718592
4057,4057,resolve_neg,META_IDENTITY,meta_engine,147456,147456,147456,147456,147456,0,0,0,0,4718592,0,4718592
4058,4058,gelu,GELU,fp16_vector,50112,50112,50112,50112,50112,0,0,0,0,1603584,0,1603584
4059,4059,to,META_IDENTITY,meta_engine,48,48,48,48,48,0,0,0,0,1536,0,1536
4060,4060,to,META_IDENTITY,meta_engine,147456,147456,147456,147456,147456,0,0,0,0,4718592,0,4718592
4061,4061,linear,GEMM_W8A8,pack2_gemm,50112,50112,50112,50112,50112,0,0,0,0,1603584,0,1603584
4062,4062,detach,META_IDENTITY,meta_engine,50112,50112,50112,50112,50112,0,0,0,0,1603584,0,1603584
4063,4063,to,META_IDENTITY,meta_engine,50112,50112,50112,50112,50112,0,0,0,0,1603584,0,1603584
4064,4064,to,META_IDENTITY,meta_engine,50112,50112,50112,50112,50112,0,0,0,0,1603584,0,1603584
4065,4065,detach,META_IDENTITY,meta_engine,50112,50112,50112,50112,50112,0,0,0,0,1603584,0,1603584
4066,4066,to,META_IDENTITY,meta_engine,50112,50112,50112,50112,50112,0,0,0,0,1603584,0,1603584
4067,4067,resolve_conj,META_IDENTITY,meta_engine,50112,50112,50112,50112,50112,0,0,0,0,1603584,0,1603584
4068,4068,resolve_neg,META_IDENTITY,meta_engine,50112,50112,50112,50112,50112,0,0,0,0,1603584,0,1603584
4069,4069,detach,META_IDENTITY,meta_engine,147456,147456,147456,147456,147456,0,0,0,0,4718592,0,4718592
4070,4070,detach,META_IDENTITY,meta_engine,147456,147456,147456,147456,147456,0,0,0,0,4718592,0,4718592
4071,4071,to,META_IDENTITY,meta_engine,147456,147456,147456,147456,147456,0,0,0,0,4718592,0,4718592
4072,4072,to,META_IDENTITY,meta_engine,147456,147456,147456,147456,147456,0,0,0,0,4718592,0,4718592
4073,4073,detach,META_IDENTITY,meta_engine,147456,147456,147456,147456,147456,0,0,0,0,4718592,0,4718592
4074,4074,to,META_IDENTITY,meta_engine,147456,147456,147456,147456,147456,0,0,0,0,4718592,0,4718592
4075,4075,resolve_conj,META_IDENTITY,meta_engine,147456,147456,147456,147456,147456,0,0,0,0,4718592,0,4718592
4076,4076,resolve_neg,META_IDENTITY,meta_engine,147456,147456,147456,147456,147456,0,0,0,0,4718592,0,4718592
4077,4077,mul,MUL,fp16_vector,12528,12528,12528,12528,12528,0,0,0,0,400896,0,400896
4078,4078,add,ADD,fp16_vector,12528,12528,12528,12528,12528,0,0,0,0,400896,0,400896
4079,4079,layer_norm,LAYER_NORM,fp16_vector,12560,12560,12528,12528,12560,0,0,0,0,400896,0,400896
4080,4080,to,META_IDENTITY,meta_engine,48,48,48,48,48,0,0,0,0,1536,0,1536
4081,4081,to,META_IDENTITY,meta_engine,36864,36864,36864,36864,36864,0,0,0,0,1179648,0,1179648
4082,4082,to,META_IDENTITY,meta_engine,12528,12528,12528,12528,12528,0,0,0,0,400896,0,400896
4083,4083,linear,GEMM_W8A8,pack2_gemm,132752,106624,13056,12528,132752,0,153944064,76972032,136,200448,589824,200448
4084,4084,detach,META_IDENTITY,meta_engine,12528,12528,12528,12528,12528,0,0,0,0,400896,0,400896
4085,4085,to,META_IDENTITY,meta_engine,12528,12528,12528,12528,12528,0,0,0,0,400896,0,400896
4086,4086,to,META_IDENTITY,meta_engine,12528,12528,12528,12528,12528,0,0,0,0,400896,0,400896
4087,4087,detach,META_IDENTITY,meta_engine,12528,12528,12528,12528,12528,0,0,0,0,400896,0,400896
4088,4088,to,META_IDENTITY,meta_engine,12528,12528,12528,12528,12528,0,0,0,0,400896,0,400896
4089,4089,resolve_conj,META_IDENTITY,meta_engine,12528,12528,12528,12528,12528,0,0,0,0,400896,0,400896
4090,4090,resolve_neg,META_IDENTITY,meta_engine,12528,12528,12528,12528,12528,0,0,0,0,400896,0,400896
4091,4091,detach,META_IDENTITY,meta_engine,36864,36864,36864,36864,36864,0,0,0,0,1179648,0,1179648
4092,4092,detach,META_IDENTITY,meta_engine,36864,36864,36864,36864,36864,0,0,0,0,1179648,0,1179648
4093,4093,to,META_IDENTITY,meta_engine,36864,36864,36864,36864,36864,0,0,0,0,1179648,0,1179648
4094,4094,to,META_IDENTITY,meta_engine,36864,36864,36864,36864,36864,0,0,0,0,1179648,0,1179648
4095,4095,detach,META_IDENTITY,meta_engine,36864,36864,36864,36864,36864,0,0,0,0,1179648,0,1179648
4096,4096,to,META_IDENTITY,meta_engine,36864,36864,36864,36864,36864,0,0,0,0,1179648,0,1179648
4097,4097,resolve_conj,META_IDENTITY,meta_engine,36864,36864,36864,36864,36864,0,0,0,0,1179648,0,1179648
4098,4098,resolve_neg,META_IDENTITY,meta_engine,36864,36864,36864,36864,36864,0,0,0,0,1179648,0,1179648
4099,4099,to,META_IDENTITY,meta_engine,36864,36864,36864,36864,36864,0,0,0,0,1179648,0,1179648
4100,4100,to,META_IDENTITY,meta_engine,12528,12528,12528,12528,12528,0,0,0,0,400896,0,400896
4101,4101,linear,GEMM_W8A8,pack2_gemm,132752,106624,13056,12528,132752,0,153944064,76972032,136,200448,589824,200448
4102,4102,detach,META_IDENTITY,meta_engine,12528,12528,12528,12528,12528,0,0,0,0,400896,0,400896
4103,4103,to,META_IDENTITY,meta_engine,12528,12528,12528,12528,12528,0,0,0,0,400896,0,400896
4104,4104,to,META_IDENTITY,meta_engine,12528,12528,12528,12528,12528,0,0,0,0,400896,0,400896
4105,4105,detach,META_IDENTITY,meta_engine,12528,12528,12528,12528,12528,0,0,0,0,400896,0,400896
4106,4106,to,META_IDENTITY,meta_engine,12528,12528,12528,12528,12528,0,0,0,0,400896,0,400896
4107,4107,resolve_conj,META_IDENTITY,meta_engine,12528,12528,12528,12528,12528,0,0,0,0,400896,0,400896
4108,4108,resolve_neg,META_IDENTITY,meta_engine,12528,12528,12528,12528,12528,0,0,0,0,400896,0,400896
4109,4109,detach,META_IDENTITY,meta_engine,36864,36864,36864,36864,36864,0,0,0,0,1179648,0,1179648
4110,4110,detach,META_IDENTITY,meta_engine,36864,36864,36864,36864,36864,0,0,0,0,1179648,0,1179648
4111,4111,to,META_IDENTITY,meta_engine,36864,36864,36864,36864,36864,0,0,0,0,1179648,0,1179648
4112,4112,to,META_IDENTITY,meta_engine,36864,36864,36864,36864,36864,0,0,0,0,1179648,0,1179648
4113,4113,detach,META_IDENTITY,meta_engine,36864,36864,36864,36864,36864,0,0,0,0,1179648,0,1179648
4114,4114,to,META_IDENTITY,meta_engine,36864,36864,36864,36864,36864,0,0,0,0,1179648,0,1179648
4115,4115,resolve_conj,META_IDENTITY,meta_engine,36864,36864,36864,36864,36864,0,0,0,0,1179648,0,1179648
4116,4116,resolve_neg,META_IDENTITY,meta_engine,36864,36864,36864,36864,36864,0,0,0,0,1179648,0,1179648
4117,4117,to,META_IDENTITY,meta_engine,48,48,48,48,48,0,0,0,0,1536,0,1536
4118,4118,to,META_IDENTITY,meta_engine,36864,36864,36864,36864,36864,0,0,0,0,1179648,0,1179648
4119,4119,to,META_IDENTITY,meta_engine,12528,12528,12528,12528,12528,0,0,0,0,400896,0,400896
4120,4120,linear,GEMM_W8A8,pack2_gemm,132752,106624,13056,12528,132752,0,153944064,76972032,136,200448,589824,200448
4121,4121,detach,META_IDENTITY,meta_engine,12528,12528,12528,12528,12528,0,0,0,0,400896,0,400896
4122,4122,to,META_IDENTITY,meta_engine,12528,12528,12528,12528,12528,0,0,0,0,400896,0,400896
4123,4123,to,META_IDENTITY,meta_engine,12528,12528,12528,12528,12528,0,0,0,0,400896,0,400896
4124,4124,detach,META_IDENTITY,meta_engine,12528,12528,12528,12528,12528,0,0,0,0,400896,0,400896
4125,4125,to,META_IDENTITY,meta_engine,12528,12528,12528,12528,12528,0,0,0,0,400896,0,400896
4126,4126,resolve_conj,META_IDENTITY,meta_engine,12528,12528,12528,12528,12528,0,0,0,0,400896,0,400896
4127,4127,resolve_neg,META_IDENTITY,meta_engine,12528,12528,12528,12528,12528,0,0,0,0,400896,0,400896
4128,4128,detach,META_IDENTITY,meta_engine,36864,36864,36864,36864,36864,0,0,0,0,1179648,0,1179648
4129,4129,detach,META_IDENTITY,meta_engine,36864,36864,36864,36864,36864,0,0,0,0,1179648,0,1179648
4130,4130,to,META_IDENTITY,meta_engine,36864,36864,36864,36864,36864,0,0,0,0,1179648,0,1179648
4131,4131,to,META_IDENTITY,meta_engine,36864,36864,36864,36864,36864,0,0,0,0,1179648,0,1179648
4132,4132,detach,META_IDENTITY,meta_engine,36864,36864,36864,36864,36864,0,0,0,0,1179648,0,1179648
4133,4133,to,META_IDENTITY,meta_engine,36864,36864,36864,36864,36864,0,0,0,0,1179648,0,1179648
4134,4134,resolve_conj,META_IDENTITY,meta_engine,36864,36864,36864,36864,36864,0,0,0,0,1179648,0,1179648
4135,4135,resolve_neg,META_IDENTITY,meta_engine,36864,36864,36864,36864,36864,0,0,0,0,1179648,0,1179648
4136,4136,view,LAYOUT,layout_engine,12532,12532,12528,12528,12532,0,0,0,0,400896,0,400896
4137,4137,transpose,LAYOUT,layout_engine,12532,12532,12528,12528,12532,0,0,0,0,400896,0,400896
4138,4138,view,LAYOUT,layout_engine,12532,12532,12528,12528,12532,0,0,0,0,400896,0,400896
4139,4139,transpose,LAYOUT,layout_engine,12532,12532,12528,12528,12532,0,0,0,0,400896,0,400896
4140,4140,view,LAYOUT,layout_engine,12532,12532,12528,12528,12532,0,0,0,0,400896,0,400896
4141,4141,transpose,LAYOUT,layout_engine,12532,12532,12528,12528,12532,0,0,0,0,400896,0,400896
4142,4142,split_with_sizes,META_IDENTITY,meta_engine,12528,12528,12528,12528,12528,0,0,0,0,400896,0,400896
4143,4143,split_with_sizes,META_IDENTITY,meta_engine,12528,12528,12528,12528,12528,0,0,0,0,400896,0,400896
4144,4144,mul,MUL,fp16_vector,12288,12288,12288,12288,12288,0,0,0,0,393216,0,393216
4145,4145,slice,LAYOUT,layout_engine,12292,12292,12288,12288,12292,0,0,0,0,393216,0,393216
4146,4146,slice,LAYOUT,layout_engine,12292,12292,12288,12288,12292,0,0,0,0,393216,0,393216
4147,4147,neg,META_IDENTITY,meta_engine,6144,6144,6144,6144,6144,0,0,0,0,196608,0,196608
4148,4148,cat,LAYOUT,layout_engine,6148,6148,6144,6144,6148,0,0,0,0,196608,0,196608
4149,4149,mul,MUL,fp16_vector,12288,12288,12288,12288,12288,0,0,0,0,393216,0,393216
4150,4150,add,ADD,fp16_vector,12288,12288,12288,12288,12288,0,0,0,0,393216,0,393216
4151,4151,mul,MUL,fp16_vector,12288,12288,12288,12288,12288,0,0,0,0,393216,0,393216
4152,4152,slice,LAYOUT,layout_engine,12292,12292,12288,12288,12292,0,0,0,0,393216,0,393216
4153,4153,slice,LAYOUT,layout_engine,12292,12292,12288,12288,12292,0,0,0,0,393216,0,393216
4154,4154,neg,META_IDENTITY,meta_engine,6144,6144,6144,6144,6144,0,0,0,0,196608,0,196608
4155,4155,cat,LAYOUT,layout_engine,6148,6148,6144,6144,6148,0,0,0,0,196608,0,196608
4156,4156,mul,MUL,fp16_vector,12288,12288,12288,12288,12288,0,0,0,0,393216,0,393216
4157,4157,add,ADD,fp16_vector,12288,12288,12288,12288,12288,0,0,0,0,393216,0,393216
4158,4158,cat,LAYOUT,layout_engine,244,244,240,240,244,0,0,0,0,7680,0,7680
4159,4159,cat,LAYOUT,layout_engine,244,244,240,240,244,0,0,0,0,7680,0,7680
4160,4160,to,META_IDENTITY,meta_engine,12528,12528,12528,12528,12528,0,0,0,0,400896,0,400896
4161,4161,to,META_IDENTITY,meta_engine,12528,12528,12528,12528,12528,0,0,0,0,400896,0,400896
4162,4162,scaled_dot_product_attention,ATTENTION,attention_controller,12560,12560,12528,12528,12560,0,0,0,0,400896,0,400896
4163,4163,transpose,LAYOUT,layout_engine,12532,12532,12528,12528,12532,0,0,0,0,400896,0,400896
4164,4164,contiguous,LAYOUT,layout_engine,12532,12532,12528,12528,12532,0,0,0,0,400896,0,400896
4165,4165,reshape,LAYOUT,layout_engine,12532,12532,12528,12528,12532,0,0,0,0,400896,0,400896
4166,4166,to,META_IDENTITY,meta_engine,48,48,48,48,48,0,0,0,0,1536,0,1536
4167,4167,to,META_IDENTITY,meta_engine,36864,36864,36864,36864,36864,0,0,0,0,1179648,0,1179648
4168,4168,linear,GEMM_W8A8,pack2_gemm,132752,106624,13056,12528,132752,0,153944064,76972032,136,200448,589824,200448
4169,4169,detach,META_IDENTITY,meta_engine,12528,12528,12528,12528,12528,0,0,0,0,400896,0,400896
4170,4170,to,META_IDENTITY,meta_engine,12528,12528,12528,12528,12528,0,0,0,0,400896,0,400896
4171,4171,to,META_IDENTITY,meta_engine,12528,12528,12528,12528,12528,0,0,0,0,400896,0,400896
4172,4172,detach,META_IDENTITY,meta_engine,12528,12528,12528,12528,12528,0,0,0,0,400896,0,400896
4173,4173,to,META_IDENTITY,meta_engine,12528,12528,12528,12528,12528,0,0,0,0,400896,0,400896
4174,4174,resolve_conj,META_IDENTITY,meta_engine,12528,12528,12528,12528,12528,0,0,0,0,400896,0,400896
4175,4175,resolve_neg,META_IDENTITY,meta_engine,12528,12528,12528,12528,12528,0,0,0,0,400896,0,400896
4176,4176,detach,META_IDENTITY,meta_engine,36864,36864,36864,36864,36864,0,0,0,0,1179648,0,1179648
4177,4177,detach,META_IDENTITY,meta_engine,36864,36864,36864,36864,36864,0,0,0,0,1179648,0,1179648
4178,4178,to,META_IDENTITY,meta_engine,36864,36864,36864,36864,36864,0,0,0,0,1179648,0,1179648
4179,4179,to,META_IDENTITY,meta_engine,36864,36864,36864,36864,36864,0,0,0,0,1179648,0,1179648
4180,4180,detach,META_IDENTITY,meta_engine,36864,36864,36864,36864,36864,0,0,0,0,1179648,0,1179648
4181,4181,to,META_IDENTITY,meta_engine,36864,36864,36864,36864,36864,0,0,0,0,1179648,0,1179648
4182,4182,resolve_conj,META_IDENTITY,meta_engine,36864,36864,36864,36864,36864,0,0,0,0,1179648,0,1179648
4183,4183,resolve_neg,META_IDENTITY,meta_engine,36864,36864,36864,36864,36864,0,0,0,0,1179648,0,1179648
4184,4184,mul,MUL,fp16_vector,12528,12528,12528,12528,12528,0,0,0,0,400896,0,400896
4185,4185,add,ADD,fp16_vector,12528,12528,12528,12528,12528,0,0,0,0,400896,0,400896
4186,4186,layer_norm,LAYER_NORM,fp16_vector,12560,12560,12528,12528,12560,0,0,0,0,400896,0,400896
4187,4187,to,META_IDENTITY,meta_engine,192,192,192,192,192,0,0,0,0,6144,0,6144
4188,4188,to,META_IDENTITY,meta_engine,147456,147456,147456,147456,147456,0,0,0,0,4718592,0,4718592
4189,4189,to,META_IDENTITY,meta_engine,12528,12528,12528,12528,12528,0,0,0,0,400896,0,400896
4190,4190,linear,GEMM_W8A8,pack2_gemm,12528,12528,12528,12528,12528,0,0,0,0,400896,0,400896
4191,4191,detach,META_IDENTITY,meta_engine,12528,12528,12528,12528,12528,0,0,0,0,400896,0,400896
4192,4192,to,META_IDENTITY,meta_engine,12528,12528,12528,12528,12528,0,0,0,0,400896,0,400896
4193,4193,to,META_IDENTITY,meta_engine,12528,12528,12528,12528,12528,0,0,0,0,400896,0,400896
4194,4194,detach,META_IDENTITY,meta_engine,12528,12528,12528,12528,12528,0,0,0,0,400896,0,400896
4195,4195,to,META_IDENTITY,meta_engine,12528,12528,12528,12528,12528,0,0,0,0,400896,0,400896
4196,4196,resolve_conj,META_IDENTITY,meta_engine,12528,12528,12528,12528,12528,0,0,0,0,400896,0,400896
4197,4197,resolve_neg,META_IDENTITY,meta_engine,12528,12528,12528,12528,12528,0,0,0,0,400896,0,400896
4198,4198,detach,META_IDENTITY,meta_engine,147456,147456,147456,147456,147456,0,0,0,0,4718592,0,4718592
4199,4199,detach,META_IDENTITY,meta_engine,147456,147456,147456,147456,147456,0,0,0,0,4718592,0,4718592
4200,4200,to,META_IDENTITY,meta_engine,147456,147456,147456,147456,147456,0,0,0,0,4718592,0,4718592
4201,4201,to,META_IDENTITY,meta_engine,147456,147456,147456,147456,147456,0,0,0,0,4718592,0,4718592
4202,4202,detach,META_IDENTITY,meta_engine,147456,147456,147456,147456,147456,0,0,0,0,4718592,0,4718592
4203,4203,to,META_IDENTITY,meta_engine,147456,147456,147456,147456,147456,0,0,0,0,4718592,0,4718592
4204,4204,resolve_conj,META_IDENTITY,meta_engine,147456,147456,147456,147456,147456,0,0,0,0,4718592,0,4718592
4205,4205,resolve_neg,META_IDENTITY,meta_engine,147456,147456,147456,147456,147456,0,0,0,0,4718592,0,4718592
4206,4206,gelu,GELU,fp16_vector,50112,50112,50112,50112,50112,0,0,0,0,1603584,0,1603584
4207,4207,to,META_IDENTITY,meta_engine,48,48,48,48,48,0,0,0,0,1536,0,1536
4208,4208,to,META_IDENTITY,meta_engine,147456,147456,147456,147456,147456,0,0,0,0,4718592,0,4718592
4209,4209,linear,GEMM_W8A8,pack2_gemm,50112,50112,50112,50112,50112,0,0,0,0,1603584,0,1603584
4210,4210,detach,META_IDENTITY,meta_engine,50112,50112,50112,50112,50112,0,0,0,0,1603584,0,1603584
4211,4211,to,META_IDENTITY,meta_engine,50112,50112,50112,50112,50112,0,0,0,0,1603584,0,1603584
4212,4212,to,META_IDENTITY,meta_engine,50112,50112,50112,50112,50112,0,0,0,0,1603584,0,1603584
4213,4213,detach,META_IDENTITY,meta_engine,50112,50112,50112,50112,50112,0,0,0,0,1603584,0,1603584
4214,4214,to,META_IDENTITY,meta_engine,50112,50112,50112,50112,50112,0,0,0,0,1603584,0,1603584
4215,4215,resolve_conj,META_IDENTITY,meta_engine,50112,50112,50112,50112,50112,0,0,0,0,1603584,0,1603584
4216,4216,resolve_neg,META_IDENTITY,meta_engine,50112,50112,50112,50112,50112,0,0,0,0,1603584,0,1603584
4217,4217,detach,META_IDENTITY,meta_engine,147456,147456,147456,147456,147456,0,0,0,0,4718592,0,4718592
4218,4218,detach,META_IDENTITY,meta_engine,147456,147456,147456,147456,147456,0,0,0,0,4718592,0,4718592
4219,4219,to,META_IDENTITY,meta_engine,147456,147456,147456,147456,147456,0,0,0,0,4718592,0,4718592
4220,4220,to,META_IDENTITY,meta_engine,147456,147456,147456,147456,147456,0,0,0,0,4718592,0,4718592
4221,4221,detach,META_IDENTITY,meta_engine,147456,147456,147456,147456,147456,0,0,0,0,4718592,0,4718592
4222,4222,to,META_IDENTITY,meta_engine,147456,147456,147456,147456,147456,0,0,0,0,4718592,0,4718592
4223,4223,resolve_conj,META_IDENTITY,meta_engine,147456,147456,147456,147456,147456,0,0,0,0,4718592,0,4718592
4224,4224,resolve_neg,META_IDENTITY,meta_engine,147456,147456,147456,147456,147456,0,0,0,0,4718592,0,4718592
4225,4225,mul,MUL,fp16_vector,12528,12528,12528,12528,12528,0,0,0,0,400896,0,400896
4226,4226,add,ADD,fp16_vector,12528,12528,12528,12528,12528,0,0,0,0,400896,0,400896
4227,4227,layer_norm,LAYER_NORM,fp16_vector,12560,12560,12528,12528,12560,0,0,0,0,400896,0,400896
4228,4228,to,META_IDENTITY,meta_engine,48,48,48,48,48,0,0,0,0,1536,0,1536
4229,4229,to,META_IDENTITY,meta_engine,36864,36864,36864,36864,36864,0,0,0,0,1179648,0,1179648
4230,4230,to,META_IDENTITY,meta_engine,12528,12528,12528,12528,12528,0,0,0,0,400896,0,400896
4231,4231,linear,GEMM_W8A8,pack2_gemm,132752,106624,13056,12528,132752,0,153944064,76972032,136,200448,589824,200448
4232,4232,detach,META_IDENTITY,meta_engine,12528,12528,12528,12528,12528,0,0,0,0,400896,0,400896
4233,4233,to,META_IDENTITY,meta_engine,12528,12528,12528,12528,12528,0,0,0,0,400896,0,400896
4234,4234,to,META_IDENTITY,meta_engine,12528,12528,12528,12528,12528,0,0,0,0,400896,0,400896
4235,4235,detach,META_IDENTITY,meta_engine,12528,12528,12528,12528,12528,0,0,0,0,400896,0,400896
4236,4236,to,META_IDENTITY,meta_engine,12528,12528,12528,12528,12528,0,0,0,0,400896,0,400896
4237,4237,resolve_conj,META_IDENTITY,meta_engine,12528,12528,12528,12528,12528,0,0,0,0,400896,0,400896
4238,4238,resolve_neg,META_IDENTITY,meta_engine,12528,12528,12528,12528,12528,0,0,0,0,400896,0,400896
4239,4239,detach,META_IDENTITY,meta_engine,36864,36864,36864,36864,36864,0,0,0,0,1179648,0,1179648
4240,4240,detach,META_IDENTITY,meta_engine,36864,36864,36864,36864,36864,0,0,0,0,1179648,0,1179648
4241,4241,to,META_IDENTITY,meta_engine,36864,36864,36864,36864,36864,0,0,0,0,1179648,0,1179648
4242,4242,to,META_IDENTITY,meta_engine,36864,36864,36864,36864,36864,0,0,0,0,1179648,0,1179648
4243,4243,detach,META_IDENTITY,meta_engine,36864,36864,36864,36864,36864,0,0,0,0,1179648,0,1179648
4244,4244,to,META_IDENTITY,meta_engine,36864,36864,36864,36864,36864,0,0,0,0,1179648,0,1179648
4245,4245,resolve_conj,META_IDENTITY,meta_engine,36864,36864,36864,36864,36864,0,0,0,0,1179648,0,1179648
4246,4246,resolve_neg,META_IDENTITY,meta_engine,36864,36864,36864,36864,36864,0,0,0,0,1179648,0,1179648
4247,4247,to,META_IDENTITY,meta_engine,36864,36864,36864,36864,36864,0,0,0,0,1179648,0,1179648
4248,4248,to,META_IDENTITY,meta_engine,12528,12528,12528,12528,12528,0,0,0,0,400896,0,400896
4249,4249,linear,GEMM_W8A8,pack2_gemm,132752,106624,13056,12528,132752,0,153944064,76972032,136,200448,589824,200448
4250,4250,detach,META_IDENTITY,meta_engine,12528,12528,12528,12528,12528,0,0,0,0,400896,0,400896
4251,4251,to,META_IDENTITY,meta_engine,12528,12528,12528,12528,12528,0,0,0,0,400896,0,400896
4252,4252,to,META_IDENTITY,meta_engine,12528,12528,12528,12528,12528,0,0,0,0,400896,0,400896
4253,4253,detach,META_IDENTITY,meta_engine,12528,12528,12528,12528,12528,0,0,0,0,400896,0,400896
4254,4254,to,META_IDENTITY,meta_engine,12528,12528,12528,12528,12528,0,0,0,0,400896,0,400896
4255,4255,resolve_conj,META_IDENTITY,meta_engine,12528,12528,12528,12528,12528,0,0,0,0,400896,0,400896
4256,4256,resolve_neg,META_IDENTITY,meta_engine,12528,12528,12528,12528,12528,0,0,0,0,400896,0,400896
4257,4257,detach,META_IDENTITY,meta_engine,36864,36864,36864,36864,36864,0,0,0,0,1179648,0,1179648
4258,4258,detach,META_IDENTITY,meta_engine,36864,36864,36864,36864,36864,0,0,0,0,1179648,0,1179648
4259,4259,to,META_IDENTITY,meta_engine,36864,36864,36864,36864,36864,0,0,0,0,1179648,0,1179648
4260,4260,to,META_IDENTITY,meta_engine,36864,36864,36864,36864,36864,0,0,0,0,1179648,0,1179648
4261,4261,detach,META_IDENTITY,meta_engine,36864,36864,36864,36864,36864,0,0,0,0,1179648,0,1179648
4262,4262,to,META_IDENTITY,meta_engine,36864,36864,36864,36864,36864,0,0,0,0,1179648,0,1179648
4263,4263,resolve_conj,META_IDENTITY,meta_engine,36864,36864,36864,36864,36864,0,0,0,0,1179648,0,1179648
4264,4264,resolve_neg,META_IDENTITY,meta_engine,36864,36864,36864,36864,36864,0,0,0,0,1179648,0,1179648
4265,4265,to,META_IDENTITY,meta_engine,48,48,48,48,48,0,0,0,0,1536,0,1536
4266,4266,to,META_IDENTITY,meta_engine,36864,36864,36864,36864,36864,0,0,0,0,1179648,0,1179648
4267,4267,to,META_IDENTITY,meta_engine,12528,12528,12528,12528,12528,0,0,0,0,400896,0,400896
4268,4268,linear,GEMM_W8A8,pack2_gemm,132752,106624,13056,12528,132752,0,153944064,76972032,136,200448,589824,200448
4269,4269,detach,META_IDENTITY,meta_engine,12528,12528,12528,12528,12528,0,0,0,0,400896,0,400896
4270,4270,to,META_IDENTITY,meta_engine,12528,12528,12528,12528,12528,0,0,0,0,400896,0,400896
4271,4271,to,META_IDENTITY,meta_engine,12528,12528,12528,12528,12528,0,0,0,0,400896,0,400896
4272,4272,detach,META_IDENTITY,meta_engine,12528,12528,12528,12528,12528,0,0,0,0,400896,0,400896
4273,4273,to,META_IDENTITY,meta_engine,12528,12528,12528,12528,12528,0,0,0,0,400896,0,400896
4274,4274,resolve_conj,META_IDENTITY,meta_engine,12528,12528,12528,12528,12528,0,0,0,0,400896,0,400896
4275,4275,resolve_neg,META_IDENTITY,meta_engine,12528,12528,12528,12528,12528,0,0,0,0,400896,0,400896
4276,4276,detach,META_IDENTITY,meta_engine,36864,36864,36864,36864,36864,0,0,0,0,1179648,0,1179648
4277,4277,detach,META_IDENTITY,meta_engine,36864,36864,36864,36864,36864,0,0,0,0,1179648,0,1179648
4278,4278,to,META_IDENTITY,meta_engine,36864,36864,36864,36864,36864,0,0,0,0,1179648,0,1179648
4279,4279,to,META_IDENTITY,meta_engine,36864,36864,36864,36864,36864,0,0,0,0,1179648,0,1179648
4280,4280,detach,META_IDENTITY,meta_engine,36864,36864,36864,36864,36864,0,0,0,0,1179648,0,1179648
4281,4281,to,META_IDENTITY,meta_engine,36864,36864,36864,36864,36864,0,0,0,0,1179648,0,1179648
4282,4282,resolve_conj,META_IDENTITY,meta_engine,36864,36864,36864,36864,36864,0,0,0,0,1179648,0,1179648
4283,4283,resolve_neg,META_IDENTITY,meta_engine,36864,36864,36864,36864,36864,0,0,0,0,1179648,0,1179648
4284,4284,view,LAYOUT,layout_engine,12532,12532,12528,12528,12532,0,0,0,0,400896,0,400896
4285,4285,transpose,LAYOUT,layout_engine,12532,12532,12528,12528,12532,0,0,0,0,400896,0,400896
4286,4286,view,LAYOUT,layout_engine,12532,12532,12528,12528,12532,0,0,0,0,400896,0,400896
4287,4287,transpose,LAYOUT,layout_engine,12532,12532,12528,12528,12532,0,0,0,0,400896,0,400896
4288,4288,view,LAYOUT,layout_engine,12532,12532,12528,12528,12532,0,0,0,0,400896,0,400896
4289,4289,transpose,LAYOUT,layout_engine,12532,12532,12528,12528,12532,0,0,0,0,400896,0,400896
4290,4290,split_with_sizes,META_IDENTITY,meta_engine,12528,12528,12528,12528,12528,0,0,0,0,400896,0,400896
4291,4291,split_with_sizes,META_IDENTITY,meta_engine,12528,12528,12528,12528,12528,0,0,0,0,400896,0,400896
4292,4292,mul,MUL,fp16_vector,12288,12288,12288,12288,12288,0,0,0,0,393216,0,393216
4293,4293,slice,LAYOUT,layout_engine,12292,12292,12288,12288,12292,0,0,0,0,393216,0,393216
4294,4294,slice,LAYOUT,layout_engine,12292,12292,12288,12288,12292,0,0,0,0,393216,0,393216
4295,4295,neg,META_IDENTITY,meta_engine,6144,6144,6144,6144,6144,0,0,0,0,196608,0,196608
4296,4296,cat,LAYOUT,layout_engine,6148,6148,6144,6144,6148,0,0,0,0,196608,0,196608
4297,4297,mul,MUL,fp16_vector,12288,12288,12288,12288,12288,0,0,0,0,393216,0,393216
4298,4298,add,ADD,fp16_vector,12288,12288,12288,12288,12288,0,0,0,0,393216,0,393216
4299,4299,mul,MUL,fp16_vector,12288,12288,12288,12288,12288,0,0,0,0,393216,0,393216
4300,4300,slice,LAYOUT,layout_engine,12292,12292,12288,12288,12292,0,0,0,0,393216,0,393216
4301,4301,slice,LAYOUT,layout_engine,12292,12292,12288,12288,12292,0,0,0,0,393216,0,393216
4302,4302,neg,META_IDENTITY,meta_engine,6144,6144,6144,6144,6144,0,0,0,0,196608,0,196608
4303,4303,cat,LAYOUT,layout_engine,6148,6148,6144,6144,6148,0,0,0,0,196608,0,196608
4304,4304,mul,MUL,fp16_vector,12288,12288,12288,12288,12288,0,0,0,0,393216,0,393216
4305,4305,add,ADD,fp16_vector,12288,12288,12288,12288,12288,0,0,0,0,393216,0,393216
4306,4306,cat,LAYOUT,layout_engine,244,244,240,240,244,0,0,0,0,7680,0,7680
4307,4307,cat,LAYOUT,layout_engine,244,244,240,240,244,0,0,0,0,7680,0,7680
4308,4308,to,META_IDENTITY,meta_engine,12528,12528,12528,12528,12528,0,0,0,0,400896,0,400896
4309,4309,to,META_IDENTITY,meta_engine,12528,12528,12528,12528,12528,0,0,0,0,400896,0,400896
4310,4310,scaled_dot_product_attention,ATTENTION,attention_controller,12560,12560,12528,12528,12560,0,0,0,0,400896,0,400896
4311,4311,transpose,LAYOUT,layout_engine,12532,12532,12528,12528,12532,0,0,0,0,400896,0,400896
4312,4312,contiguous,LAYOUT,layout_engine,12532,12532,12528,12528,12532,0,0,0,0,400896,0,400896
4313,4313,reshape,LAYOUT,layout_engine,12532,12532,12528,12528,12532,0,0,0,0,400896,0,400896
4314,4314,to,META_IDENTITY,meta_engine,48,48,48,48,48,0,0,0,0,1536,0,1536
4315,4315,to,META_IDENTITY,meta_engine,36864,36864,36864,36864,36864,0,0,0,0,1179648,0,1179648
4316,4316,linear,GEMM_W8A8,pack2_gemm,132752,106624,13056,12528,132752,0,153944064,76972032,136,200448,589824,200448
4317,4317,detach,META_IDENTITY,meta_engine,12528,12528,12528,12528,12528,0,0,0,0,400896,0,400896
4318,4318,to,META_IDENTITY,meta_engine,12528,12528,12528,12528,12528,0,0,0,0,400896,0,400896
4319,4319,to,META_IDENTITY,meta_engine,12528,12528,12528,12528,12528,0,0,0,0,400896,0,400896
4320,4320,detach,META_IDENTITY,meta_engine,12528,12528,12528,12528,12528,0,0,0,0,400896,0,400896
4321,4321,to,META_IDENTITY,meta_engine,12528,12528,12528,12528,12528,0,0,0,0,400896,0,400896
4322,4322,resolve_conj,META_IDENTITY,meta_engine,12528,12528,12528,12528,12528,0,0,0,0,400896,0,400896
4323,4323,resolve_neg,META_IDENTITY,meta_engine,12528,12528,12528,12528,12528,0,0,0,0,400896,0,400896
4324,4324,detach,META_IDENTITY,meta_engine,36864,36864,36864,36864,36864,0,0,0,0,1179648,0,1179648
4325,4325,detach,META_IDENTITY,meta_engine,36864,36864,36864,36864,36864,0,0,0,0,1179648,0,1179648
4326,4326,to,META_IDENTITY,meta_engine,36864,36864,36864,36864,36864,0,0,0,0,1179648,0,1179648
4327,4327,to,META_IDENTITY,meta_engine,36864,36864,36864,36864,36864,0,0,0,0,1179648,0,1179648
4328,4328,detach,META_IDENTITY,meta_engine,36864,36864,36864,36864,36864,0,0,0,0,1179648,0,1179648
4329,4329,to,META_IDENTITY,meta_engine,36864,36864,36864,36864,36864,0,0,0,0,1179648,0,1179648
4330,4330,resolve_conj,META_IDENTITY,meta_engine,36864,36864,36864,36864,36864,0,0,0,0,1179648,0,1179648
4331,4331,resolve_neg,META_IDENTITY,meta_engine,36864,36864,36864,36864,36864,0,0,0,0,1179648,0,1179648
4332,4332,mul,MUL,fp16_vector,12528,12528,12528,12528,12528,0,0,0,0,400896,0,400896
4333,4333,add,ADD,fp16_vector,12528,12528,12528,12528,12528,0,0,0,0,400896,0,400896
4334,4334,layer_norm,LAYER_NORM,fp16_vector,12560,12560,12528,12528,12560,0,0,0,0,400896,0,400896
4335,4335,to,META_IDENTITY,meta_engine,192,192,192,192,192,0,0,0,0,6144,0,6144
4336,4336,to,META_IDENTITY,meta_engine,147456,147456,147456,147456,147456,0,0,0,0,4718592,0,4718592
4337,4337,to,META_IDENTITY,meta_engine,12528,12528,12528,12528,12528,0,0,0,0,400896,0,400896
4338,4338,linear,GEMM_W8A8,pack2_gemm,12528,12528,12528,12528,12528,0,0,0,0,400896,0,400896
4339,4339,detach,META_IDENTITY,meta_engine,12528,12528,12528,12528,12528,0,0,0,0,400896,0,400896
4340,4340,to,META_IDENTITY,meta_engine,12528,12528,12528,12528,12528,0,0,0,0,400896,0,400896
4341,4341,to,META_IDENTITY,meta_engine,12528,12528,12528,12528,12528,0,0,0,0,400896,0,400896
4342,4342,detach,META_IDENTITY,meta_engine,12528,12528,12528,12528,12528,0,0,0,0,400896,0,400896
4343,4343,to,META_IDENTITY,meta_engine,12528,12528,12528,12528,12528,0,0,0,0,400896,0,400896
4344,4344,resolve_conj,META_IDENTITY,meta_engine,12528,12528,12528,12528,12528,0,0,0,0,400896,0,400896
4345,4345,resolve_neg,META_IDENTITY,meta_engine,12528,12528,12528,12528,12528,0,0,0,0,400896,0,400896
4346,4346,detach,META_IDENTITY,meta_engine,147456,147456,147456,147456,147456,0,0,0,0,4718592,0,4718592
4347,4347,detach,META_IDENTITY,meta_engine,147456,147456,147456,147456,147456,0,0,0,0,4718592,0,4718592
4348,4348,to,META_IDENTITY,meta_engine,147456,147456,147456,147456,147456,0,0,0,0,4718592,0,4718592
4349,4349,to,META_IDENTITY,meta_engine,147456,147456,147456,147456,147456,0,0,0,0,4718592,0,4718592
4350,4350,detach,META_IDENTITY,meta_engine,147456,147456,147456,147456,147456,0,0,0,0,4718592,0,4718592
4351,4351,to,META_IDENTITY,meta_engine,147456,147456,147456,147456,147456,0,0,0,0,4718592,0,4718592
4352,4352,resolve_conj,META_IDENTITY,meta_engine,147456,147456,147456,147456,147456,0,0,0,0,4718592,0,4718592
4353,4353,resolve_neg,META_IDENTITY,meta_engine,147456,147456,147456,147456,147456,0,0,0,0,4718592,0,4718592
4354,4354,gelu,GELU,fp16_vector,50112,50112,50112,50112,50112,0,0,0,0,1603584,0,1603584
4355,4355,to,META_IDENTITY,meta_engine,48,48,48,48,48,0,0,0,0,1536,0,1536
4356,4356,to,META_IDENTITY,meta_engine,147456,147456,147456,147456,147456,0,0,0,0,4718592,0,4718592
4357,4357,linear,GEMM_W8A8,pack2_gemm,50112,50112,50112,50112,50112,0,0,0,0,1603584,0,1603584
4358,4358,detach,META_IDENTITY,meta_engine,50112,50112,50112,50112,50112,0,0,0,0,1603584,0,1603584
4359,4359,to,META_IDENTITY,meta_engine,50112,50112,50112,50112,50112,0,0,0,0,1603584,0,1603584
4360,4360,to,META_IDENTITY,meta_engine,50112,50112,50112,50112,50112,0,0,0,0,1603584,0,1603584
4361,4361,detach,META_IDENTITY,meta_engine,50112,50112,50112,50112,50112,0,0,0,0,1603584,0,1603584
4362,4362,to,META_IDENTITY,meta_engine,50112,50112,50112,50112,50112,0,0,0,0,1603584,0,1603584
4363,4363,resolve_conj,META_IDENTITY,meta_engine,50112,50112,50112,50112,50112,0,0,0,0,1603584,0,1603584
4364,4364,resolve_neg,META_IDENTITY,meta_engine,50112,50112,50112,50112,50112,0,0,0,0,1603584,0,1603584
4365,4365,detach,META_IDENTITY,meta_engine,147456,147456,147456,147456,147456,0,0,0,0,4718592,0,4718592
4366,4366,detach,META_IDENTITY,meta_engine,147456,147456,147456,147456,147456,0,0,0,0,4718592,0,4718592
4367,4367,to,META_IDENTITY,meta_engine,147456,147456,147456,147456,147456,0,0,0,0,4718592,0,4718592
4368,4368,to,META_IDENTITY,meta_engine,147456,147456,147456,147456,147456,0,0,0,0,4718592,0,4718592
4369,4369,detach,META_IDENTITY,meta_engine,147456,147456,147456,147456,147456,0,0,0,0,4718592,0,4718592
4370,4370,to,META_IDENTITY,meta_engine,147456,147456,147456,147456,147456,0,0,0,0,4718592,0,4718592
4371,4371,resolve_conj,META_IDENTITY,meta_engine,147456,147456,147456,147456,147456,0,0,0,0,4718592,0,4718592
4372,4372,resolve_neg,META_IDENTITY,meta_engine,147456,147456,147456,147456,147456,0,0,0,0,4718592,0,4718592
4373,4373,mul,MUL,fp16_vector,12528,12528,12528,12528,12528,0,0,0,0,400896,0,400896
4374,4374,add,ADD,fp16_vector,12528,12528,12528,12528,12528,0,0,0,0,400896,0,400896
4375,4375,layer_norm,LAYER_NORM,fp16_vector,12560,12560,12528,12528,12560,0,0,0,0,400896,0,400896
4376,4376,to,META_IDENTITY,meta_engine,48,48,48,48,48,0,0,0,0,1536,0,1536
4377,4377,to,META_IDENTITY,meta_engine,36864,36864,36864,36864,36864,0,0,0,0,1179648,0,1179648
4378,4378,to,META_IDENTITY,meta_engine,12528,12528,12528,12528,12528,0,0,0,0,400896,0,400896
4379,4379,linear,GEMM_W8A8,pack2_gemm,132752,106624,13056,12528,132752,0,153944064,76972032,136,200448,589824,200448
4380,4380,detach,META_IDENTITY,meta_engine,12528,12528,12528,12528,12528,0,0,0,0,400896,0,400896
4381,4381,to,META_IDENTITY,meta_engine,12528,12528,12528,12528,12528,0,0,0,0,400896,0,400896
4382,4382,to,META_IDENTITY,meta_engine,12528,12528,12528,12528,12528,0,0,0,0,400896,0,400896
4383,4383,detach,META_IDENTITY,meta_engine,12528,12528,12528,12528,12528,0,0,0,0,400896,0,400896
4384,4384,to,META_IDENTITY,meta_engine,12528,12528,12528,12528,12528,0,0,0,0,400896,0,400896
4385,4385,resolve_conj,META_IDENTITY,meta_engine,12528,12528,12528,12528,12528,0,0,0,0,400896,0,400896
4386,4386,resolve_neg,META_IDENTITY,meta_engine,12528,12528,12528,12528,12528,0,0,0,0,400896,0,400896
4387,4387,detach,META_IDENTITY,meta_engine,36864,36864,36864,36864,36864,0,0,0,0,1179648,0,1179648
4388,4388,detach,META_IDENTITY,meta_engine,36864,36864,36864,36864,36864,0,0,0,0,1179648,0,1179648
4389,4389,to,META_IDENTITY,meta_engine,36864,36864,36864,36864,36864,0,0,0,0,1179648,0,1179648
4390,4390,to,META_IDENTITY,meta_engine,36864,36864,36864,36864,36864,0,0,0,0,1179648,0,1179648
4391,4391,detach,META_IDENTITY,meta_engine,36864,36864,36864,36864,36864,0,0,0,0,1179648,0,1179648
4392,4392,to,META_IDENTITY,meta_engine,36864,36864,36864,36864,36864,0,0,0,0,1179648,0,1179648
4393,4393,resolve_conj,META_IDENTITY,meta_engine,36864,36864,36864,36864,36864,0,0,0,0,1179648,0,1179648
4394,4394,resolve_neg,META_IDENTITY,meta_engine,36864,36864,36864,36864,36864,0,0,0,0,1179648,0,1179648
4395,4395,to,META_IDENTITY,meta_engine,36864,36864,36864,36864,36864,0,0,0,0,1179648,0,1179648
4396,4396,to,META_IDENTITY,meta_engine,12528,12528,12528,12528,12528,0,0,0,0,400896,0,400896
4397,4397,linear,GEMM_W8A8,pack2_gemm,132752,106624,13056,12528,132752,0,153944064,76972032,136,200448,589824,200448
4398,4398,detach,META_IDENTITY,meta_engine,12528,12528,12528,12528,12528,0,0,0,0,400896,0,400896
4399,4399,to,META_IDENTITY,meta_engine,12528,12528,12528,12528,12528,0,0,0,0,400896,0,400896
4400,4400,to,META_IDENTITY,meta_engine,12528,12528,12528,12528,12528,0,0,0,0,400896,0,400896
4401,4401,detach,META_IDENTITY,meta_engine,12528,12528,12528,12528,12528,0,0,0,0,400896,0,400896
4402,4402,to,META_IDENTITY,meta_engine,12528,12528,12528,12528,12528,0,0,0,0,400896,0,400896
4403,4403,resolve_conj,META_IDENTITY,meta_engine,12528,12528,12528,12528,12528,0,0,0,0,400896,0,400896
4404,4404,resolve_neg,META_IDENTITY,meta_engine,12528,12528,12528,12528,12528,0,0,0,0,400896,0,400896
4405,4405,detach,META_IDENTITY,meta_engine,36864,36864,36864,36864,36864,0,0,0,0,1179648,0,1179648
4406,4406,detach,META_IDENTITY,meta_engine,36864,36864,36864,36864,36864,0,0,0,0,1179648,0,1179648
4407,4407,to,META_IDENTITY,meta_engine,36864,36864,36864,36864,36864,0,0,0,0,1179648,0,1179648
4408,4408,to,META_IDENTITY,meta_engine,36864,36864,36864,36864,36864,0,0,0,0,1179648,0,1179648
4409,4409,detach,META_IDENTITY,meta_engine,36864,36864,36864,36864,36864,0,0,0,0,1179648,0,1179648
4410,4410,to,META_IDENTITY,meta_engine,36864,36864,36864,36864,36864,0,0,0,0,1179648,0,1179648
4411,4411,resolve_conj,META_IDENTITY,meta_engine,36864,36864,36864,36864,36864,0,0,0,0,1179648,0,1179648
4412,4412,resolve_neg,META_IDENTITY,meta_engine,36864,36864,36864,36864,36864,0,0,0,0,1179648,0,1179648
4413,4413,to,META_IDENTITY,meta_engine,48,48,48,48,48,0,0,0,0,1536,0,1536
4414,4414,to,META_IDENTITY,meta_engine,36864,36864,36864,36864,36864,0,0,0,0,1179648,0,1179648
4415,4415,to,META_IDENTITY,meta_engine,12528,12528,12528,12528,12528,0,0,0,0,400896,0,400896
4416,4416,linear,GEMM_W8A8,pack2_gemm,132752,106624,13056,12528,132752,0,153944064,76972032,136,200448,589824,200448
4417,4417,detach,META_IDENTITY,meta_engine,12528,12528,12528,12528,12528,0,0,0,0,400896,0,400896
4418,4418,to,META_IDENTITY,meta_engine,12528,12528,12528,12528,12528,0,0,0,0,400896,0,400896
4419,4419,to,META_IDENTITY,meta_engine,12528,12528,12528,12528,12528,0,0,0,0,400896,0,400896
4420,4420,detach,META_IDENTITY,meta_engine,12528,12528,12528,12528,12528,0,0,0,0,400896,0,400896
4421,4421,to,META_IDENTITY,meta_engine,12528,12528,12528,12528,12528,0,0,0,0,400896,0,400896
4422,4422,resolve_conj,META_IDENTITY,meta_engine,12528,12528,12528,12528,12528,0,0,0,0,400896,0,400896
4423,4423,resolve_neg,META_IDENTITY,meta_engine,12528,12528,12528,12528,12528,0,0,0,0,400896,0,400896
4424,4424,detach,META_IDENTITY,meta_engine,36864,36864,36864,36864,36864,0,0,0,0,1179648,0,1179648
4425,4425,detach,META_IDENTITY,meta_engine,36864,36864,36864,36864,36864,0,0,0,0,1179648,0,1179648
4426,4426,to,META_IDENTITY,meta_engine,36864,36864,36864,36864,36864,0,0,0,0,1179648,0,1179648
4427,4427,to,META_IDENTITY,meta_engine,36864,36864,36864,36864,36864,0,0,0,0,1179648,0,1179648
4428,4428,detach,META_IDENTITY,meta_engine,36864,36864,36864,36864,36864,0,0,0,0,1179648,0,1179648
4429,4429,to,META_IDENTITY,meta_engine,36864,36864,36864,36864,36864,0,0,0,0,1179648,0,1179648
4430,4430,resolve_conj,META_IDENTITY,meta_engine,36864,36864,36864,36864,36864,0,0,0,0,1179648,0,1179648
4431,4431,resolve_neg,META_IDENTITY,meta_engine,36864,36864,36864,36864,36864,0,0,0,0,1179648,0,1179648
4432,4432,view,LAYOUT,layout_engine,12532,12532,12528,12528,12532,0,0,0,0,400896,0,400896
4433,4433,transpose,LAYOUT,layout_engine,12532,12532,12528,12528,12532,0,0,0,0,400896,0,400896
4434,4434,view,LAYOUT,layout_engine,12532,12532,12528,12528,12532,0,0,0,0,400896,0,400896
4435,4435,transpose,LAYOUT,layout_engine,12532,12532,12528,12528,12532,0,0,0,0,400896,0,400896
4436,4436,view,LAYOUT,layout_engine,12532,12532,12528,12528,12532,0,0,0,0,400896,0,400896
4437,4437,transpose,LAYOUT,layout_engine,12532,12532,12528,12528,12532,0,0,0,0,400896,0,400896
4438,4438,split_with_sizes,META_IDENTITY,meta_engine,12528,12528,12528,12528,12528,0,0,0,0,400896,0,400896
4439,4439,split_with_sizes,META_IDENTITY,meta_engine,12528,12528,12528,12528,12528,0,0,0,0,400896,0,400896
4440,4440,mul,MUL,fp16_vector,12288,12288,12288,12288,12288,0,0,0,0,393216,0,393216
4441,4441,slice,LAYOUT,layout_engine,12292,12292,12288,12288,12292,0,0,0,0,393216,0,393216
4442,4442,slice,LAYOUT,layout_engine,12292,12292,12288,12288,12292,0,0,0,0,393216,0,393216
4443,4443,neg,META_IDENTITY,meta_engine,6144,6144,6144,6144,6144,0,0,0,0,196608,0,196608
4444,4444,cat,LAYOUT,layout_engine,6148,6148,6144,6144,6148,0,0,0,0,196608,0,196608
4445,4445,mul,MUL,fp16_vector,12288,12288,12288,12288,12288,0,0,0,0,393216,0,393216
4446,4446,add,ADD,fp16_vector,12288,12288,12288,12288,12288,0,0,0,0,393216,0,393216
4447,4447,mul,MUL,fp16_vector,12288,12288,12288,12288,12288,0,0,0,0,393216,0,393216
4448,4448,slice,LAYOUT,layout_engine,12292,12292,12288,12288,12292,0,0,0,0,393216,0,393216
4449,4449,slice,LAYOUT,layout_engine,12292,12292,12288,12288,12292,0,0,0,0,393216,0,393216
4450,4450,neg,META_IDENTITY,meta_engine,6144,6144,6144,6144,6144,0,0,0,0,196608,0,196608
4451,4451,cat,LAYOUT,layout_engine,6148,6148,6144,6144,6148,0,0,0,0,196608,0,196608
4452,4452,mul,MUL,fp16_vector,12288,12288,12288,12288,12288,0,0,0,0,393216,0,393216
4453,4453,add,ADD,fp16_vector,12288,12288,12288,12288,12288,0,0,0,0,393216,0,393216
4454,4454,cat,LAYOUT,layout_engine,244,244,240,240,244,0,0,0,0,7680,0,7680
4455,4455,cat,LAYOUT,layout_engine,244,244,240,240,244,0,0,0,0,7680,0,7680
4456,4456,to,META_IDENTITY,meta_engine,12528,12528,12528,12528,12528,0,0,0,0,400896,0,400896
4457,4457,to,META_IDENTITY,meta_engine,12528,12528,12528,12528,12528,0,0,0,0,400896,0,400896
4458,4458,scaled_dot_product_attention,ATTENTION,attention_controller,12560,12560,12528,12528,12560,0,0,0,0,400896,0,400896
4459,4459,transpose,LAYOUT,layout_engine,12532,12532,12528,12528,12532,0,0,0,0,400896,0,400896
4460,4460,contiguous,LAYOUT,layout_engine,12532,12532,12528,12528,12532,0,0,0,0,400896,0,400896
4461,4461,reshape,LAYOUT,layout_engine,12532,12532,12528,12528,12532,0,0,0,0,400896,0,400896
4462,4462,to,META_IDENTITY,meta_engine,48,48,48,48,48,0,0,0,0,1536,0,1536
4463,4463,to,META_IDENTITY,meta_engine,36864,36864,36864,36864,36864,0,0,0,0,1179648,0,1179648
4464,4464,linear,GEMM_W8A8,pack2_gemm,132752,106624,13056,12528,132752,0,153944064,76972032,136,200448,589824,200448
4465,4465,detach,META_IDENTITY,meta_engine,12528,12528,12528,12528,12528,0,0,0,0,400896,0,400896
4466,4466,to,META_IDENTITY,meta_engine,12528,12528,12528,12528,12528,0,0,0,0,400896,0,400896
4467,4467,to,META_IDENTITY,meta_engine,12528,12528,12528,12528,12528,0,0,0,0,400896,0,400896
4468,4468,detach,META_IDENTITY,meta_engine,12528,12528,12528,12528,12528,0,0,0,0,400896,0,400896
4469,4469,to,META_IDENTITY,meta_engine,12528,12528,12528,12528,12528,0,0,0,0,400896,0,400896
4470,4470,resolve_conj,META_IDENTITY,meta_engine,12528,12528,12528,12528,12528,0,0,0,0,400896,0,400896
4471,4471,resolve_neg,META_IDENTITY,meta_engine,12528,12528,12528,12528,12528,0,0,0,0,400896,0,400896
4472,4472,detach,META_IDENTITY,meta_engine,36864,36864,36864,36864,36864,0,0,0,0,1179648,0,1179648
4473,4473,detach,META_IDENTITY,meta_engine,36864,36864,36864,36864,36864,0,0,0,0,1179648,0,1179648
4474,4474,to,META_IDENTITY,meta_engine,36864,36864,36864,36864,36864,0,0,0,0,1179648,0,1179648
4475,4475,to,META_IDENTITY,meta_engine,36864,36864,36864,36864,36864,0,0,0,0,1179648,0,1179648
4476,4476,detach,META_IDENTITY,meta_engine,36864,36864,36864,36864,36864,0,0,0,0,1179648,0,1179648
4477,4477,to,META_IDENTITY,meta_engine,36864,36864,36864,36864,36864,0,0,0,0,1179648,0,1179648
4478,4478,resolve_conj,META_IDENTITY,meta_engine,36864,36864,36864,36864,36864,0,0,0,0,1179648,0,1179648
4479,4479,resolve_neg,META_IDENTITY,meta_engine,36864,36864,36864,36864,36864,0,0,0,0,1179648,0,1179648
4480,4480,mul,MUL,fp16_vector,12528,12528,12528,12528,12528,0,0,0,0,400896,0,400896
4481,4481,add,ADD,fp16_vector,12528,12528,12528,12528,12528,0,0,0,0,400896,0,400896
4482,4482,layer_norm,LAYER_NORM,fp16_vector,12560,12560,12528,12528,12560,0,0,0,0,400896,0,400896
4483,4483,to,META_IDENTITY,meta_engine,192,192,192,192,192,0,0,0,0,6144,0,6144
4484,4484,to,META_IDENTITY,meta_engine,147456,147456,147456,147456,147456,0,0,0,0,4718592,0,4718592
4485,4485,to,META_IDENTITY,meta_engine,12528,12528,12528,12528,12528,0,0,0,0,400896,0,400896
4486,4486,linear,GEMM_W8A8,pack2_gemm,12528,12528,12528,12528,12528,0,0,0,0,400896,0,400896
4487,4487,detach,META_IDENTITY,meta_engine,12528,12528,12528,12528,12528,0,0,0,0,400896,0,400896
4488,4488,to,META_IDENTITY,meta_engine,12528,12528,12528,12528,12528,0,0,0,0,400896,0,400896
4489,4489,to,META_IDENTITY,meta_engine,12528,12528,12528,12528,12528,0,0,0,0,400896,0,400896
4490,4490,detach,META_IDENTITY,meta_engine,12528,12528,12528,12528,12528,0,0,0,0,400896,0,400896
4491,4491,to,META_IDENTITY,meta_engine,12528,12528,12528,12528,12528,0,0,0,0,400896,0,400896
4492,4492,resolve_conj,META_IDENTITY,meta_engine,12528,12528,12528,12528,12528,0,0,0,0,400896,0,400896
4493,4493,resolve_neg,META_IDENTITY,meta_engine,12528,12528,12528,12528,12528,0,0,0,0,400896,0,400896
4494,4494,detach,META_IDENTITY,meta_engine,147456,147456,147456,147456,147456,0,0,0,0,4718592,0,4718592
4495,4495,detach,META_IDENTITY,meta_engine,147456,147456,147456,147456,147456,0,0,0,0,4718592,0,4718592
4496,4496,to,META_IDENTITY,meta_engine,147456,147456,147456,147456,147456,0,0,0,0,4718592,0,4718592
4497,4497,to,META_IDENTITY,meta_engine,147456,147456,147456,147456,147456,0,0,0,0,4718592,0,4718592
4498,4498,detach,META_IDENTITY,meta_engine,147456,147456,147456,147456,147456,0,0,0,0,4718592,0,4718592
4499,4499,to,META_IDENTITY,meta_engine,147456,147456,147456,147456,147456,0,0,0,0,4718592,0,4718592
4500,4500,resolve_conj,META_IDENTITY,meta_engine,147456,147456,147456,147456,147456,0,0,0,0,4718592,0,4718592
4501,4501,resolve_neg,META_IDENTITY,meta_engine,147456,147456,147456,147456,147456,0,0,0,0,4718592,0,4718592
4502,4502,gelu,GELU,fp16_vector,50112,50112,50112,50112,50112,0,0,0,0,1603584,0,1603584
4503,4503,to,META_IDENTITY,meta_engine,48,48,48,48,48,0,0,0,0,1536,0,1536
4504,4504,to,META_IDENTITY,meta_engine,147456,147456,147456,147456,147456,0,0,0,0,4718592,0,4718592
4505,4505,linear,GEMM_W8A8,pack2_gemm,50112,50112,50112,50112,50112,0,0,0,0,1603584,0,1603584
4506,4506,detach,META_IDENTITY,meta_engine,50112,50112,50112,50112,50112,0,0,0,0,1603584,0,1603584
4507,4507,to,META_IDENTITY,meta_engine,50112,50112,50112,50112,50112,0,0,0,0,1603584,0,1603584
4508,4508,to,META_IDENTITY,meta_engine,50112,50112,50112,50112,50112,0,0,0,0,1603584,0,1603584
4509,4509,detach,META_IDENTITY,meta_engine,50112,50112,50112,50112,50112,0,0,0,0,1603584,0,1603584
4510,4510,to,META_IDENTITY,meta_engine,50112,50112,50112,50112,50112,0,0,0,0,1603584,0,1603584
4511,4511,resolve_conj,META_IDENTITY,meta_engine,50112,50112,50112,50112,50112,0,0,0,0,1603584,0,1603584
4512,4512,resolve_neg,META_IDENTITY,meta_engine,50112,50112,50112,50112,50112,0,0,0,0,1603584,0,1603584
4513,4513,detach,META_IDENTITY,meta_engine,147456,147456,147456,147456,147456,0,0,0,0,4718592,0,4718592
4514,4514,detach,META_IDENTITY,meta_engine,147456,147456,147456,147456,147456,0,0,0,0,4718592,0,4718592
4515,4515,to,META_IDENTITY,meta_engine,147456,147456,147456,147456,147456,0,0,0,0,4718592,0,4718592
4516,4516,to,META_IDENTITY,meta_engine,147456,147456,147456,147456,147456,0,0,0,0,4718592,0,4718592
4517,4517,detach,META_IDENTITY,meta_engine,147456,147456,147456,147456,147456,0,0,0,0,4718592,0,4718592
4518,4518,to,META_IDENTITY,meta_engine,147456,147456,147456,147456,147456,0,0,0,0,4718592,0,4718592
4519,4519,resolve_conj,META_IDENTITY,meta_engine,147456,147456,147456,147456,147456,0,0,0,0,4718592,0,4718592
4520,4520,resolve_neg,META_IDENTITY,meta_engine,147456,147456,147456,147456,147456,0,0,0,0,4718592,0,4718592
4521,4521,mul,MUL,fp16_vector,12528,12528,12528,12528,12528,0,0,0,0,400896,0,400896
4522,4522,add,ADD,fp16_vector,12528,12528,12528,12528,12528,0,0,0,0,400896,0,400896
4523,4523,layer_norm,LAYER_NORM,fp16_vector,12560,12560,12528,12528,12560,0,0,0,0,400896,0,400896
4524,4524,to,META_IDENTITY,meta_engine,48,48,48,48,48,0,0,0,0,1536,0,1536
4525,4525,to,META_IDENTITY,meta_engine,36864,36864,36864,36864,36864,0,0,0,0,1179648,0,1179648
4526,4526,to,META_IDENTITY,meta_engine,12528,12528,12528,12528,12528,0,0,0,0,400896,0,400896
4527,4527,linear,GEMM_W8A8,pack2_gemm,132752,106624,13056,12528,132752,0,153944064,76972032,136,200448,589824,200448
4528,4528,detach,META_IDENTITY,meta_engine,12528,12528,12528,12528,12528,0,0,0,0,400896,0,400896
4529,4529,to,META_IDENTITY,meta_engine,12528,12528,12528,12528,12528,0,0,0,0,400896,0,400896
4530,4530,to,META_IDENTITY,meta_engine,12528,12528,12528,12528,12528,0,0,0,0,400896,0,400896
4531,4531,detach,META_IDENTITY,meta_engine,12528,12528,12528,12528,12528,0,0,0,0,400896,0,400896
4532,4532,to,META_IDENTITY,meta_engine,12528,12528,12528,12528,12528,0,0,0,0,400896,0,400896
4533,4533,resolve_conj,META_IDENTITY,meta_engine,12528,12528,12528,12528,12528,0,0,0,0,400896,0,400896
4534,4534,resolve_neg,META_IDENTITY,meta_engine,12528,12528,12528,12528,12528,0,0,0,0,400896,0,400896
4535,4535,detach,META_IDENTITY,meta_engine,36864,36864,36864,36864,36864,0,0,0,0,1179648,0,1179648
4536,4536,detach,META_IDENTITY,meta_engine,36864,36864,36864,36864,36864,0,0,0,0,1179648,0,1179648
4537,4537,to,META_IDENTITY,meta_engine,36864,36864,36864,36864,36864,0,0,0,0,1179648,0,1179648
4538,4538,to,META_IDENTITY,meta_engine,36864,36864,36864,36864,36864,0,0,0,0,1179648,0,1179648
4539,4539,detach,META_IDENTITY,meta_engine,36864,36864,36864,36864,36864,0,0,0,0,1179648,0,1179648
4540,4540,to,META_IDENTITY,meta_engine,36864,36864,36864,36864,36864,0,0,0,0,1179648,0,1179648
4541,4541,resolve_conj,META_IDENTITY,meta_engine,36864,36864,36864,36864,36864,0,0,0,0,1179648,0,1179648
4542,4542,resolve_neg,META_IDENTITY,meta_engine,36864,36864,36864,36864,36864,0,0,0,0,1179648,0,1179648
4543,4543,to,META_IDENTITY,meta_engine,36864,36864,36864,36864,36864,0,0,0,0,1179648,0,1179648
4544,4544,to,META_IDENTITY,meta_engine,12528,12528,12528,12528,12528,0,0,0,0,400896,0,400896
4545,4545,linear,GEMM_W8A8,pack2_gemm,132752,106624,13056,12528,132752,0,153944064,76972032,136,200448,589824,200448
4546,4546,detach,META_IDENTITY,meta_engine,12528,12528,12528,12528,12528,0,0,0,0,400896,0,400896
4547,4547,to,META_IDENTITY,meta_engine,12528,12528,12528,12528,12528,0,0,0,0,400896,0,400896
4548,4548,to,META_IDENTITY,meta_engine,12528,12528,12528,12528,12528,0,0,0,0,400896,0,400896
4549,4549,detach,META_IDENTITY,meta_engine,12528,12528,12528,12528,12528,0,0,0,0,400896,0,400896
4550,4550,to,META_IDENTITY,meta_engine,12528,12528,12528,12528,12528,0,0,0,0,400896,0,400896
4551,4551,resolve_conj,META_IDENTITY,meta_engine,12528,12528,12528,12528,12528,0,0,0,0,400896,0,400896
4552,4552,resolve_neg,META_IDENTITY,meta_engine,12528,12528,12528,12528,12528,0,0,0,0,400896,0,400896
4553,4553,detach,META_IDENTITY,meta_engine,36864,36864,36864,36864,36864,0,0,0,0,1179648,0,1179648
4554,4554,detach,META_IDENTITY,meta_engine,36864,36864,36864,36864,36864,0,0,0,0,1179648,0,1179648
4555,4555,to,META_IDENTITY,meta_engine,36864,36864,36864,36864,36864,0,0,0,0,1179648,0,1179648
4556,4556,to,META_IDENTITY,meta_engine,36864,36864,36864,36864,36864,0,0,0,0,1179648,0,1179648
4557,4557,detach,META_IDENTITY,meta_engine,36864,36864,36864,36864,36864,0,0,0,0,1179648,0,1179648
4558,4558,to,META_IDENTITY,meta_engine,36864,36864,36864,36864,36864,0,0,0,0,1179648,0,1179648
4559,4559,resolve_conj,META_IDENTITY,meta_engine,36864,36864,36864,36864,36864,0,0,0,0,1179648,0,1179648
4560,4560,resolve_neg,META_IDENTITY,meta_engine,36864,36864,36864,36864,36864,0,0,0,0,1179648,0,1179648
4561,4561,to,META_IDENTITY,meta_engine,48,48,48,48,48,0,0,0,0,1536,0,1536
4562,4562,to,META_IDENTITY,meta_engine,36864,36864,36864,36864,36864,0,0,0,0,1179648,0,1179648
4563,4563,to,META_IDENTITY,meta_engine,12528,12528,12528,12528,12528,0,0,0,0,400896,0,400896
4564,4564,linear,GEMM_W8A8,pack2_gemm,132752,106624,13056,12528,132752,0,153944064,76972032,136,200448,589824,200448
4565,4565,detach,META_IDENTITY,meta_engine,12528,12528,12528,12528,12528,0,0,0,0,400896,0,400896
4566,4566,to,META_IDENTITY,meta_engine,12528,12528,12528,12528,12528,0,0,0,0,400896,0,400896
4567,4567,to,META_IDENTITY,meta_engine,12528,12528,12528,12528,12528,0,0,0,0,400896,0,400896
4568,4568,detach,META_IDENTITY,meta_engine,12528,12528,12528,12528,12528,0,0,0,0,400896,0,400896
4569,4569,to,META_IDENTITY,meta_engine,12528,12528,12528,12528,12528,0,0,0,0,400896,0,400896
4570,4570,resolve_conj,META_IDENTITY,meta_engine,12528,12528,12528,12528,12528,0,0,0,0,400896,0,400896
4571,4571,resolve_neg,META_IDENTITY,meta_engine,12528,12528,12528,12528,12528,0,0,0,0,400896,0,400896
4572,4572,detach,META_IDENTITY,meta_engine,36864,36864,36864,36864,36864,0,0,0,0,1179648,0,1179648
4573,4573,detach,META_IDENTITY,meta_engine,36864,36864,36864,36864,36864,0,0,0,0,1179648,0,1179648
4574,4574,to,META_IDENTITY,meta_engine,36864,36864,36864,36864,36864,0,0,0,0,1179648,0,1179648
4575,4575,to,META_IDENTITY,meta_engine,36864,36864,36864,36864,36864,0,0,0,0,1179648,0,1179648
4576,4576,detach,META_IDENTITY,meta_engine,36864,36864,36864,36864,36864,0,0,0,0,1179648,0,1179648
4577,4577,to,META_IDENTITY,meta_engine,36864,36864,36864,36864,36864,0,0,0,0,1179648,0,1179648
4578,4578,resolve_conj,META_IDENTITY,meta_engine,36864,36864,36864,36864,36864,0,0,0,0,1179648,0,1179648
4579,4579,resolve_neg,META_IDENTITY,meta_engine,36864,36864,36864,36864,36864,0,0,0,0,1179648,0,1179648
4580,4580,view,LAYOUT,layout_engine,12532,12532,12528,12528,12532,0,0,0,0,400896,0,400896
4581,4581,transpose,LAYOUT,layout_engine,12532,12532,12528,12528,12532,0,0,0,0,400896,0,400896
4582,4582,view,LAYOUT,layout_engine,12532,12532,12528,12528,12532,0,0,0,0,400896,0,400896
4583,4583,transpose,LAYOUT,layout_engine,12532,12532,12528,12528,12532,0,0,0,0,400896,0,400896
4584,4584,view,LAYOUT,layout_engine,12532,12532,12528,12528,12532,0,0,0,0,400896,0,400896
4585,4585,transpose,LAYOUT,layout_engine,12532,12532,12528,12528,12532,0,0,0,0,400896,0,400896
4586,4586,split_with_sizes,META_IDENTITY,meta_engine,12528,12528,12528,12528,12528,0,0,0,0,400896,0,400896
4587,4587,split_with_sizes,META_IDENTITY,meta_engine,12528,12528,12528,12528,12528,0,0,0,0,400896,0,400896
4588,4588,mul,MUL,fp16_vector,12288,12288,12288,12288,12288,0,0,0,0,393216,0,393216
4589,4589,slice,LAYOUT,layout_engine,12292,12292,12288,12288,12292,0,0,0,0,393216,0,393216
4590,4590,slice,LAYOUT,layout_engine,12292,12292,12288,12288,12292,0,0,0,0,393216,0,393216
4591,4591,neg,META_IDENTITY,meta_engine,6144,6144,6144,6144,6144,0,0,0,0,196608,0,196608
4592,4592,cat,LAYOUT,layout_engine,6148,6148,6144,6144,6148,0,0,0,0,196608,0,196608
4593,4593,mul,MUL,fp16_vector,12288,12288,12288,12288,12288,0,0,0,0,393216,0,393216
4594,4594,add,ADD,fp16_vector,12288,12288,12288,12288,12288,0,0,0,0,393216,0,393216
4595,4595,mul,MUL,fp16_vector,12288,12288,12288,12288,12288,0,0,0,0,393216,0,393216
4596,4596,slice,LAYOUT,layout_engine,12292,12292,12288,12288,12292,0,0,0,0,393216,0,393216
4597,4597,slice,LAYOUT,layout_engine,12292,12292,12288,12288,12292,0,0,0,0,393216,0,393216
4598,4598,neg,META_IDENTITY,meta_engine,6144,6144,6144,6144,6144,0,0,0,0,196608,0,196608
4599,4599,cat,LAYOUT,layout_engine,6148,6148,6144,6144,6148,0,0,0,0,196608,0,196608
4600,4600,mul,MUL,fp16_vector,12288,12288,12288,12288,12288,0,0,0,0,393216,0,393216
4601,4601,add,ADD,fp16_vector,12288,12288,12288,12288,12288,0,0,0,0,393216,0,393216
4602,4602,cat,LAYOUT,layout_engine,244,244,240,240,244,0,0,0,0,7680,0,7680
4603,4603,cat,LAYOUT,layout_engine,244,244,240,240,244,0,0,0,0,7680,0,7680
4604,4604,to,META_IDENTITY,meta_engine,12528,12528,12528,12528,12528,0,0,0,0,400896,0,400896
4605,4605,to,META_IDENTITY,meta_engine,12528,12528,12528,12528,12528,0,0,0,0,400896,0,400896
4606,4606,scaled_dot_product_attention,ATTENTION,attention_controller,12560,12560,12528,12528,12560,0,0,0,0,400896,0,400896
4607,4607,transpose,LAYOUT,layout_engine,12532,12532,12528,12528,12532,0,0,0,0,400896,0,400896
4608,4608,contiguous,LAYOUT,layout_engine,12532,12532,12528,12528,12532,0,0,0,0,400896,0,400896
4609,4609,reshape,LAYOUT,layout_engine,12532,12532,12528,12528,12532,0,0,0,0,400896,0,400896
4610,4610,to,META_IDENTITY,meta_engine,48,48,48,48,48,0,0,0,0,1536,0,1536
4611,4611,to,META_IDENTITY,meta_engine,36864,36864,36864,36864,36864,0,0,0,0,1179648,0,1179648
4612,4612,linear,GEMM_W8A8,pack2_gemm,132752,106624,13056,12528,132752,0,153944064,76972032,136,200448,589824,200448
4613,4613,detach,META_IDENTITY,meta_engine,12528,12528,12528,12528,12528,0,0,0,0,400896,0,400896
4614,4614,to,META_IDENTITY,meta_engine,12528,12528,12528,12528,12528,0,0,0,0,400896,0,400896
4615,4615,to,META_IDENTITY,meta_engine,12528,12528,12528,12528,12528,0,0,0,0,400896,0,400896
4616,4616,detach,META_IDENTITY,meta_engine,12528,12528,12528,12528,12528,0,0,0,0,400896,0,400896
4617,4617,to,META_IDENTITY,meta_engine,12528,12528,12528,12528,12528,0,0,0,0,400896,0,400896
4618,4618,resolve_conj,META_IDENTITY,meta_engine,12528,12528,12528,12528,12528,0,0,0,0,400896,0,400896
4619,4619,resolve_neg,META_IDENTITY,meta_engine,12528,12528,12528,12528,12528,0,0,0,0,400896,0,400896
4620,4620,detach,META_IDENTITY,meta_engine,36864,36864,36864,36864,36864,0,0,0,0,1179648,0,1179648
4621,4621,detach,META_IDENTITY,meta_engine,36864,36864,36864,36864,36864,0,0,0,0,1179648,0,1179648
4622,4622,to,META_IDENTITY,meta_engine,36864,36864,36864,36864,36864,0,0,0,0,1179648,0,1179648
4623,4623,to,META_IDENTITY,meta_engine,36864,36864,36864,36864,36864,0,0,0,0,1179648,0,1179648
4624,4624,detach,META_IDENTITY,meta_engine,36864,36864,36864,36864,36864,0,0,0,0,1179648,0,1179648
4625,4625,to,META_IDENTITY,meta_engine,36864,36864,36864,36864,36864,0,0,0,0,1179648,0,1179648
4626,4626,resolve_conj,META_IDENTITY,meta_engine,36864,36864,36864,36864,36864,0,0,0,0,1179648,0,1179648
4627,4627,resolve_neg,META_IDENTITY,meta_engine,36864,36864,36864,36864,36864,0,0,0,0,1179648,0,1179648
4628,4628,mul,MUL,fp16_vector,12528,12528,12528,12528,12528,0,0,0,0,400896,0,400896
4629,4629,add,ADD,fp16_vector,12528,12528,12528,12528,12528,0,0,0,0,400896,0,400896
4630,4630,layer_norm,LAYER_NORM,fp16_vector,12560,12560,12528,12528,12560,0,0,0,0,400896,0,400896
4631,4631,to,META_IDENTITY,meta_engine,192,192,192,192,192,0,0,0,0,6144,0,6144
4632,4632,to,META_IDENTITY,meta_engine,147456,147456,147456,147456,147456,0,0,0,0,4718592,0,4718592
4633,4633,to,META_IDENTITY,meta_engine,12528,12528,12528,12528,12528,0,0,0,0,400896,0,400896
4634,4634,linear,GEMM_W8A8,pack2_gemm,12528,12528,12528,12528,12528,0,0,0,0,400896,0,400896
4635,4635,detach,META_IDENTITY,meta_engine,12528,12528,12528,12528,12528,0,0,0,0,400896,0,400896
4636,4636,to,META_IDENTITY,meta_engine,12528,12528,12528,12528,12528,0,0,0,0,400896,0,400896
4637,4637,to,META_IDENTITY,meta_engine,12528,12528,12528,12528,12528,0,0,0,0,400896,0,400896
4638,4638,detach,META_IDENTITY,meta_engine,12528,12528,12528,12528,12528,0,0,0,0,400896,0,400896
4639,4639,to,META_IDENTITY,meta_engine,12528,12528,12528,12528,12528,0,0,0,0,400896,0,400896
4640,4640,resolve_conj,META_IDENTITY,meta_engine,12528,12528,12528,12528,12528,0,0,0,0,400896,0,400896
4641,4641,resolve_neg,META_IDENTITY,meta_engine,12528,12528,12528,12528,12528,0,0,0,0,400896,0,400896
4642,4642,detach,META_IDENTITY,meta_engine,147456,147456,147456,147456,147456,0,0,0,0,4718592,0,4718592
4643,4643,detach,META_IDENTITY,meta_engine,147456,147456,147456,147456,147456,0,0,0,0,4718592,0,4718592
4644,4644,to,META_IDENTITY,meta_engine,147456,147456,147456,147456,147456,0,0,0,0,4718592,0,4718592
4645,4645,to,META_IDENTITY,meta_engine,147456,147456,147456,147456,147456,0,0,0,0,4718592,0,4718592
4646,4646,detach,META_IDENTITY,meta_engine,147456,147456,147456,147456,147456,0,0,0,0,4718592,0,4718592
4647,4647,to,META_IDENTITY,meta_engine,147456,147456,147456,147456,147456,0,0,0,0,4718592,0,4718592
4648,4648,resolve_conj,META_IDENTITY,meta_engine,147456,147456,147456,147456,147456,0,0,0,0,4718592,0,4718592
4649,4649,resolve_neg,META_IDENTITY,meta_engine,147456,147456,147456,147456,147456,0,0,0,0,4718592,0,4718592
4650,4650,gelu,GELU,fp16_vector,50112,50112,50112,50112,50112,0,0,0,0,1603584,0,1603584
4651,4651,to,META_IDENTITY,meta_engine,48,48,48,48,48,0,0,0,0,1536,0,1536
4652,4652,to,META_IDENTITY,meta_engine,147456,147456,147456,147456,147456,0,0,0,0,4718592,0,4718592
4653,4653,linear,GEMM_W8A8,pack2_gemm,50112,50112,50112,50112,50112,0,0,0,0,1603584,0,1603584
4654,4654,detach,META_IDENTITY,meta_engine,50112,50112,50112,50112,50112,0,0,0,0,1603584,0,1603584
4655,4655,to,META_IDENTITY,meta_engine,50112,50112,50112,50112,50112,0,0,0,0,1603584,0,1603584
4656,4656,to,META_IDENTITY,meta_engine,50112,50112,50112,50112,50112,0,0,0,0,1603584,0,1603584
4657,4657,detach,META_IDENTITY,meta_engine,50112,50112,50112,50112,50112,0,0,0,0,1603584,0,1603584
4658,4658,to,META_IDENTITY,meta_engine,50112,50112,50112,50112,50112,0,0,0,0,1603584,0,1603584
4659,4659,resolve_conj,META_IDENTITY,meta_engine,50112,50112,50112,50112,50112,0,0,0,0,1603584,0,1603584
4660,4660,resolve_neg,META_IDENTITY,meta_engine,50112,50112,50112,50112,50112,0,0,0,0,1603584,0,1603584
4661,4661,detach,META_IDENTITY,meta_engine,147456,147456,147456,147456,147456,0,0,0,0,4718592,0,4718592
4662,4662,detach,META_IDENTITY,meta_engine,147456,147456,147456,147456,147456,0,0,0,0,4718592,0,4718592
4663,4663,to,META_IDENTITY,meta_engine,147456,147456,147456,147456,147456,0,0,0,0,4718592,0,4718592
4664,4664,to,META_IDENTITY,meta_engine,147456,147456,147456,147456,147456,0,0,0,0,4718592,0,4718592
4665,4665,detach,META_IDENTITY,meta_engine,147456,147456,147456,147456,147456,0,0,0,0,4718592,0,4718592
4666,4666,to,META_IDENTITY,meta_engine,147456,147456,147456,147456,147456,0,0,0,0,4718592,0,4718592
4667,4667,resolve_conj,META_IDENTITY,meta_engine,147456,147456,147456,147456,147456,0,0,0,0,4718592,0,4718592
4668,4668,resolve_neg,META_IDENTITY,meta_engine,147456,147456,147456,147456,147456,0,0,0,0,4718592,0,4718592
4669,4669,mul,MUL,fp16_vector,12528,12528,12528,12528,12528,0,0,0,0,400896,0,400896
4670,4670,add,ADD,fp16_vector,12528,12528,12528,12528,12528,0,0,0,0,400896,0,400896
4671,4671,layer_norm,LAYER_NORM,fp16_vector,12560,12560,12528,12528,12560,0,0,0,0,400896,0,400896
4672,4672,to,META_IDENTITY,meta_engine,48,48,48,48,48,0,0,0,0,1536,0,1536
4673,4673,to,META_IDENTITY,meta_engine,36864,36864,36864,36864,36864,0,0,0,0,1179648,0,1179648
4674,4674,to,META_IDENTITY,meta_engine,12528,12528,12528,12528,12528,0,0,0,0,400896,0,400896
4675,4675,linear,GEMM_W8A8,pack2_gemm,132752,106624,13056,12528,132752,0,153944064,76972032,136,200448,589824,200448
4676,4676,detach,META_IDENTITY,meta_engine,12528,12528,12528,12528,12528,0,0,0,0,400896,0,400896
4677,4677,to,META_IDENTITY,meta_engine,12528,12528,12528,12528,12528,0,0,0,0,400896,0,400896
4678,4678,to,META_IDENTITY,meta_engine,12528,12528,12528,12528,12528,0,0,0,0,400896,0,400896
4679,4679,detach,META_IDENTITY,meta_engine,12528,12528,12528,12528,12528,0,0,0,0,400896,0,400896
4680,4680,to,META_IDENTITY,meta_engine,12528,12528,12528,12528,12528,0,0,0,0,400896,0,400896
4681,4681,resolve_conj,META_IDENTITY,meta_engine,12528,12528,12528,12528,12528,0,0,0,0,400896,0,400896
4682,4682,resolve_neg,META_IDENTITY,meta_engine,12528,12528,12528,12528,12528,0,0,0,0,400896,0,400896
4683,4683,detach,META_IDENTITY,meta_engine,36864,36864,36864,36864,36864,0,0,0,0,1179648,0,1179648
4684,4684,detach,META_IDENTITY,meta_engine,36864,36864,36864,36864,36864,0,0,0,0,1179648,0,1179648
4685,4685,to,META_IDENTITY,meta_engine,36864,36864,36864,36864,36864,0,0,0,0,1179648,0,1179648
4686,4686,to,META_IDENTITY,meta_engine,36864,36864,36864,36864,36864,0,0,0,0,1179648,0,1179648
4687,4687,detach,META_IDENTITY,meta_engine,36864,36864,36864,36864,36864,0,0,0,0,1179648,0,1179648
4688,4688,to,META_IDENTITY,meta_engine,36864,36864,36864,36864,36864,0,0,0,0,1179648,0,1179648
4689,4689,resolve_conj,META_IDENTITY,meta_engine,36864,36864,36864,36864,36864,0,0,0,0,1179648,0,1179648
4690,4690,resolve_neg,META_IDENTITY,meta_engine,36864,36864,36864,36864,36864,0,0,0,0,1179648,0,1179648
4691,4691,to,META_IDENTITY,meta_engine,36864,36864,36864,36864,36864,0,0,0,0,1179648,0,1179648
4692,4692,to,META_IDENTITY,meta_engine,12528,12528,12528,12528,12528,0,0,0,0,400896,0,400896
4693,4693,linear,GEMM_W8A8,pack2_gemm,132752,106624,13056,12528,132752,0,153944064,76972032,136,200448,589824,200448
4694,4694,detach,META_IDENTITY,meta_engine,12528,12528,12528,12528,12528,0,0,0,0,400896,0,400896
4695,4695,to,META_IDENTITY,meta_engine,12528,12528,12528,12528,12528,0,0,0,0,400896,0,400896
4696,4696,to,META_IDENTITY,meta_engine,12528,12528,12528,12528,12528,0,0,0,0,400896,0,400896
4697,4697,detach,META_IDENTITY,meta_engine,12528,12528,12528,12528,12528,0,0,0,0,400896,0,400896
4698,4698,to,META_IDENTITY,meta_engine,12528,12528,12528,12528,12528,0,0,0,0,400896,0,400896
4699,4699,resolve_conj,META_IDENTITY,meta_engine,12528,12528,12528,12528,12528,0,0,0,0,400896,0,400896
4700,4700,resolve_neg,META_IDENTITY,meta_engine,12528,12528,12528,12528,12528,0,0,0,0,400896,0,400896
4701,4701,detach,META_IDENTITY,meta_engine,36864,36864,36864,36864,36864,0,0,0,0,1179648,0,1179648
4702,4702,detach,META_IDENTITY,meta_engine,36864,36864,36864,36864,36864,0,0,0,0,1179648,0,1179648
4703,4703,to,META_IDENTITY,meta_engine,36864,36864,36864,36864,36864,0,0,0,0,1179648,0,1179648
4704,4704,to,META_IDENTITY,meta_engine,36864,36864,36864,36864,36864,0,0,0,0,1179648,0,1179648
4705,4705,detach,META_IDENTITY,meta_engine,36864,36864,36864,36864,36864,0,0,0,0,1179648,0,1179648
4706,4706,to,META_IDENTITY,meta_engine,36864,36864,36864,36864,36864,0,0,0,0,1179648,0,1179648
4707,4707,resolve_conj,META_IDENTITY,meta_engine,36864,36864,36864,36864,36864,0,0,0,0,1179648,0,1179648
4708,4708,resolve_neg,META_IDENTITY,meta_engine,36864,36864,36864,36864,36864,0,0,0,0,1179648,0,1179648
4709,4709,to,META_IDENTITY,meta_engine,48,48,48,48,48,0,0,0,0,1536,0,1536
4710,4710,to,META_IDENTITY,meta_engine,36864,36864,36864,36864,36864,0,0,0,0,1179648,0,1179648
4711,4711,to,META_IDENTITY,meta_engine,12528,12528,12528,12528,12528,0,0,0,0,400896,0,400896
4712,4712,linear,GEMM_W8A8,pack2_gemm,132752,106624,13056,12528,132752,0,153944064,76972032,136,200448,589824,200448
4713,4713,detach,META_IDENTITY,meta_engine,12528,12528,12528,12528,12528,0,0,0,0,400896,0,400896
4714,4714,to,META_IDENTITY,meta_engine,12528,12528,12528,12528,12528,0,0,0,0,400896,0,400896
4715,4715,to,META_IDENTITY,meta_engine,12528,12528,12528,12528,12528,0,0,0,0,400896,0,400896
4716,4716,detach,META_IDENTITY,meta_engine,12528,12528,12528,12528,12528,0,0,0,0,400896,0,400896
4717,4717,to,META_IDENTITY,meta_engine,12528,12528,12528,12528,12528,0,0,0,0,400896,0,400896
4718,4718,resolve_conj,META_IDENTITY,meta_engine,12528,12528,12528,12528,12528,0,0,0,0,400896,0,400896
4719,4719,resolve_neg,META_IDENTITY,meta_engine,12528,12528,12528,12528,12528,0,0,0,0,400896,0,400896
4720,4720,detach,META_IDENTITY,meta_engine,36864,36864,36864,36864,36864,0,0,0,0,1179648,0,1179648
4721,4721,detach,META_IDENTITY,meta_engine,36864,36864,36864,36864,36864,0,0,0,0,1179648,0,1179648
4722,4722,to,META_IDENTITY,meta_engine,36864,36864,36864,36864,36864,0,0,0,0,1179648,0,1179648
4723,4723,to,META_IDENTITY,meta_engine,36864,36864,36864,36864,36864,0,0,0,0,1179648,0,1179648
4724,4724,detach,META_IDENTITY,meta_engine,36864,36864,36864,36864,36864,0,0,0,0,1179648,0,1179648
4725,4725,to,META_IDENTITY,meta_engine,36864,36864,36864,36864,36864,0,0,0,0,1179648,0,1179648
4726,4726,resolve_conj,META_IDENTITY,meta_engine,36864,36864,36864,36864,36864,0,0,0,0,1179648,0,1179648
4727,4727,resolve_neg,META_IDENTITY,meta_engine,36864,36864,36864,36864,36864,0,0,0,0,1179648,0,1179648
4728,4728,view,LAYOUT,layout_engine,12532,12532,12528,12528,12532,0,0,0,0,400896,0,400896
4729,4729,transpose,LAYOUT,layout_engine,12532,12532,12528,12528,12532,0,0,0,0,400896,0,400896
4730,4730,view,LAYOUT,layout_engine,12532,12532,12528,12528,12532,0,0,0,0,400896,0,400896
4731,4731,transpose,LAYOUT,layout_engine,12532,12532,12528,12528,12532,0,0,0,0,400896,0,400896
4732,4732,view,LAYOUT,layout_engine,12532,12532,12528,12528,12532,0,0,0,0,400896,0,400896
4733,4733,transpose,LAYOUT,layout_engine,12532,12532,12528,12528,12532,0,0,0,0,400896,0,400896
4734,4734,split_with_sizes,META_IDENTITY,meta_engine,12528,12528,12528,12528,12528,0,0,0,0,400896,0,400896
4735,4735,split_with_sizes,META_IDENTITY,meta_engine,12528,12528,12528,12528,12528,0,0,0,0,400896,0,400896
4736,4736,mul,MUL,fp16_vector,12288,12288,12288,12288,12288,0,0,0,0,393216,0,393216
4737,4737,slice,LAYOUT,layout_engine,12292,12292,12288,12288,12292,0,0,0,0,393216,0,393216
4738,4738,slice,LAYOUT,layout_engine,12292,12292,12288,12288,12292,0,0,0,0,393216,0,393216
4739,4739,neg,META_IDENTITY,meta_engine,6144,6144,6144,6144,6144,0,0,0,0,196608,0,196608
4740,4740,cat,LAYOUT,layout_engine,6148,6148,6144,6144,6148,0,0,0,0,196608,0,196608
4741,4741,mul,MUL,fp16_vector,12288,12288,12288,12288,12288,0,0,0,0,393216,0,393216
4742,4742,add,ADD,fp16_vector,12288,12288,12288,12288,12288,0,0,0,0,393216,0,393216
4743,4743,mul,MUL,fp16_vector,12288,12288,12288,12288,12288,0,0,0,0,393216,0,393216
4744,4744,slice,LAYOUT,layout_engine,12292,12292,12288,12288,12292,0,0,0,0,393216,0,393216
4745,4745,slice,LAYOUT,layout_engine,12292,12292,12288,12288,12292,0,0,0,0,393216,0,393216
4746,4746,neg,META_IDENTITY,meta_engine,6144,6144,6144,6144,6144,0,0,0,0,196608,0,196608
4747,4747,cat,LAYOUT,layout_engine,6148,6148,6144,6144,6148,0,0,0,0,196608,0,196608
4748,4748,mul,MUL,fp16_vector,12288,12288,12288,12288,12288,0,0,0,0,393216,0,393216
4749,4749,add,ADD,fp16_vector,12288,12288,12288,12288,12288,0,0,0,0,393216,0,393216
4750,4750,cat,LAYOUT,layout_engine,244,244,240,240,244,0,0,0,0,7680,0,7680
4751,4751,cat,LAYOUT,layout_engine,244,244,240,240,244,0,0,0,0,7680,0,7680
4752,4752,to,META_IDENTITY,meta_engine,12528,12528,12528,12528,12528,0,0,0,0,400896,0,400896
4753,4753,to,META_IDENTITY,meta_engine,12528,12528,12528,12528,12528,0,0,0,0,400896,0,400896
4754,4754,scaled_dot_product_attention,ATTENTION,attention_controller,12560,12560,12528,12528,12560,0,0,0,0,400896,0,400896
4755,4755,transpose,LAYOUT,layout_engine,12532,12532,12528,12528,12532,0,0,0,0,400896,0,400896
4756,4756,contiguous,LAYOUT,layout_engine,12532,12532,12528,12528,12532,0,0,0,0,400896,0,400896
4757,4757,reshape,LAYOUT,layout_engine,12532,12532,12528,12528,12532,0,0,0,0,400896,0,400896
4758,4758,to,META_IDENTITY,meta_engine,48,48,48,48,48,0,0,0,0,1536,0,1536
4759,4759,to,META_IDENTITY,meta_engine,36864,36864,36864,36864,36864,0,0,0,0,1179648,0,1179648
4760,4760,linear,GEMM_W8A8,pack2_gemm,132752,106624,13056,12528,132752,0,153944064,76972032,136,200448,589824,200448
4761,4761,detach,META_IDENTITY,meta_engine,12528,12528,12528,12528,12528,0,0,0,0,400896,0,400896
4762,4762,to,META_IDENTITY,meta_engine,12528,12528,12528,12528,12528,0,0,0,0,400896,0,400896
4763,4763,to,META_IDENTITY,meta_engine,12528,12528,12528,12528,12528,0,0,0,0,400896,0,400896
4764,4764,detach,META_IDENTITY,meta_engine,12528,12528,12528,12528,12528,0,0,0,0,400896,0,400896
4765,4765,to,META_IDENTITY,meta_engine,12528,12528,12528,12528,12528,0,0,0,0,400896,0,400896
4766,4766,resolve_conj,META_IDENTITY,meta_engine,12528,12528,12528,12528,12528,0,0,0,0,400896,0,400896
4767,4767,resolve_neg,META_IDENTITY,meta_engine,12528,12528,12528,12528,12528,0,0,0,0,400896,0,400896
4768,4768,detach,META_IDENTITY,meta_engine,36864,36864,36864,36864,36864,0,0,0,0,1179648,0,1179648
4769,4769,detach,META_IDENTITY,meta_engine,36864,36864,36864,36864,36864,0,0,0,0,1179648,0,1179648
4770,4770,to,META_IDENTITY,meta_engine,36864,36864,36864,36864,36864,0,0,0,0,1179648,0,1179648
4771,4771,to,META_IDENTITY,meta_engine,36864,36864,36864,36864,36864,0,0,0,0,1179648,0,1179648
4772,4772,detach,META_IDENTITY,meta_engine,36864,36864,36864,36864,36864,0,0,0,0,1179648,0,1179648
4773,4773,to,META_IDENTITY,meta_engine,36864,36864,36864,36864,36864,0,0,0,0,1179648,0,1179648
4774,4774,resolve_conj,META_IDENTITY,meta_engine,36864,36864,36864,36864,36864,0,0,0,0,1179648,0,1179648
4775,4775,resolve_neg,META_IDENTITY,meta_engine,36864,36864,36864,36864,36864,0,0,0,0,1179648,0,1179648
4776,4776,mul,MUL,fp16_vector,12528,12528,12528,12528,12528,0,0,0,0,400896,0,400896
4777,4777,add,ADD,fp16_vector,12528,12528,12528,12528,12528,0,0,0,0,400896,0,400896
4778,4778,layer_norm,LAYER_NORM,fp16_vector,12560,12560,12528,12528,12560,0,0,0,0,400896,0,400896
4779,4779,to,META_IDENTITY,meta_engine,192,192,192,192,192,0,0,0,0,6144,0,6144
4780,4780,to,META_IDENTITY,meta_engine,147456,147456,147456,147456,147456,0,0,0,0,4718592,0,4718592
4781,4781,to,META_IDENTITY,meta_engine,12528,12528,12528,12528,12528,0,0,0,0,400896,0,400896
4782,4782,linear,GEMM_W8A8,pack2_gemm,12528,12528,12528,12528,12528,0,0,0,0,400896,0,400896
4783,4783,detach,META_IDENTITY,meta_engine,12528,12528,12528,12528,12528,0,0,0,0,400896,0,400896
4784,4784,to,META_IDENTITY,meta_engine,12528,12528,12528,12528,12528,0,0,0,0,400896,0,400896
4785,4785,to,META_IDENTITY,meta_engine,12528,12528,12528,12528,12528,0,0,0,0,400896,0,400896
4786,4786,detach,META_IDENTITY,meta_engine,12528,12528,12528,12528,12528,0,0,0,0,400896,0,400896
4787,4787,to,META_IDENTITY,meta_engine,12528,12528,12528,12528,12528,0,0,0,0,400896,0,400896
4788,4788,resolve_conj,META_IDENTITY,meta_engine,12528,12528,12528,12528,12528,0,0,0,0,400896,0,400896
4789,4789,resolve_neg,META_IDENTITY,meta_engine,12528,12528,12528,12528,12528,0,0,0,0,400896,0,400896
4790,4790,detach,META_IDENTITY,meta_engine,147456,147456,147456,147456,147456,0,0,0,0,4718592,0,4718592
4791,4791,detach,META_IDENTITY,meta_engine,147456,147456,147456,147456,147456,0,0,0,0,4718592,0,4718592
4792,4792,to,META_IDENTITY,meta_engine,147456,147456,147456,147456,147456,0,0,0,0,4718592,0,4718592
4793,4793,to,META_IDENTITY,meta_engine,147456,147456,147456,147456,147456,0,0,0,0,4718592,0,4718592
4794,4794,detach,META_IDENTITY,meta_engine,147456,147456,147456,147456,147456,0,0,0,0,4718592,0,4718592
4795,4795,to,META_IDENTITY,meta_engine,147456,147456,147456,147456,147456,0,0,0,0,4718592,0,4718592
4796,4796,resolve_conj,META_IDENTITY,meta_engine,147456,147456,147456,147456,147456,0,0,0,0,4718592,0,4718592
4797,4797,resolve_neg,META_IDENTITY,meta_engine,147456,147456,147456,147456,147456,0,0,0,0,4718592,0,4718592
4798,4798,gelu,GELU,fp16_vector,50112,50112,50112,50112,50112,0,0,0,0,1603584,0,1603584
4799,4799,to,META_IDENTITY,meta_engine,48,48,48,48,48,0,0,0,0,1536,0,1536
4800,4800,to,META_IDENTITY,meta_engine,147456,147456,147456,147456,147456,0,0,0,0,4718592,0,4718592
4801,4801,linear,GEMM_W8A8,pack2_gemm,50112,50112,50112,50112,50112,0,0,0,0,1603584,0,1603584
4802,4802,detach,META_IDENTITY,meta_engine,50112,50112,50112,50112,50112,0,0,0,0,1603584,0,1603584
4803,4803,to,META_IDENTITY,meta_engine,50112,50112,50112,50112,50112,0,0,0,0,1603584,0,1603584
4804,4804,to,META_IDENTITY,meta_engine,50112,50112,50112,50112,50112,0,0,0,0,1603584,0,1603584
4805,4805,detach,META_IDENTITY,meta_engine,50112,50112,50112,50112,50112,0,0,0,0,1603584,0,1603584
4806,4806,to,META_IDENTITY,meta_engine,50112,50112,50112,50112,50112,0,0,0,0,1603584,0,1603584
4807,4807,resolve_conj,META_IDENTITY,meta_engine,50112,50112,50112,50112,50112,0,0,0,0,1603584,0,1603584
4808,4808,resolve_neg,META_IDENTITY,meta_engine,50112,50112,50112,50112,50112,0,0,0,0,1603584,0,1603584
4809,4809,detach,META_IDENTITY,meta_engine,147456,147456,147456,147456,147456,0,0,0,0,4718592,0,4718592
4810,4810,detach,META_IDENTITY,meta_engine,147456,147456,147456,147456,147456,0,0,0,0,4718592,0,4718592
4811,4811,to,META_IDENTITY,meta_engine,147456,147456,147456,147456,147456,0,0,0,0,4718592,0,4718592
4812,4812,to,META_IDENTITY,meta_engine,147456,147456,147456,147456,147456,0,0,0,0,4718592,0,4718592
4813,4813,detach,META_IDENTITY,meta_engine,147456,147456,147456,147456,147456,0,0,0,0,4718592,0,4718592
4814,4814,to,META_IDENTITY,meta_engine,147456,147456,147456,147456,147456,0,0,0,0,4718592,0,4718592
4815,4815,resolve_conj,META_IDENTITY,meta_engine,147456,147456,147456,147456,147456,0,0,0,0,4718592,0,4718592
4816,4816,resolve_neg,META_IDENTITY,meta_engine,147456,147456,147456,147456,147456,0,0,0,0,4718592,0,4718592
4817,4817,mul,MUL,fp16_vector,12528,12528,12528,12528,12528,0,0,0,0,400896,0,400896
4818,4818,add,ADD,fp16_vector,12528,12528,12528,12528,12528,0,0,0,0,400896,0,400896
4819,4819,layer_norm,LAYER_NORM,fp16_vector,12560,12560,12528,12528,12560,0,0,0,0,400896,0,400896
4820,4820,to,META_IDENTITY,meta_engine,48,48,48,48,48,0,0,0,0,1536,0,1536
4821,4821,to,META_IDENTITY,meta_engine,36864,36864,36864,36864,36864,0,0,0,0,1179648,0,1179648
4822,4822,to,META_IDENTITY,meta_engine,12528,12528,12528,12528,12528,0,0,0,0,400896,0,400896
4823,4823,linear,GEMM_W8A8,pack2_gemm,132752,106624,13056,12528,132752,0,153944064,76972032,136,200448,589824,200448
4824,4824,detach,META_IDENTITY,meta_engine,12528,12528,12528,12528,12528,0,0,0,0,400896,0,400896
4825,4825,to,META_IDENTITY,meta_engine,12528,12528,12528,12528,12528,0,0,0,0,400896,0,400896
4826,4826,to,META_IDENTITY,meta_engine,12528,12528,12528,12528,12528,0,0,0,0,400896,0,400896
4827,4827,detach,META_IDENTITY,meta_engine,12528,12528,12528,12528,12528,0,0,0,0,400896,0,400896
4828,4828,to,META_IDENTITY,meta_engine,12528,12528,12528,12528,12528,0,0,0,0,400896,0,400896
4829,4829,resolve_conj,META_IDENTITY,meta_engine,12528,12528,12528,12528,12528,0,0,0,0,400896,0,400896
4830,4830,resolve_neg,META_IDENTITY,meta_engine,12528,12528,12528,12528,12528,0,0,0,0,400896,0,400896
4831,4831,detach,META_IDENTITY,meta_engine,36864,36864,36864,36864,36864,0,0,0,0,1179648,0,1179648
4832,4832,detach,META_IDENTITY,meta_engine,36864,36864,36864,36864,36864,0,0,0,0,1179648,0,1179648
4833,4833,to,META_IDENTITY,meta_engine,36864,36864,36864,36864,36864,0,0,0,0,1179648,0,1179648
4834,4834,to,META_IDENTITY,meta_engine,36864,36864,36864,36864,36864,0,0,0,0,1179648,0,1179648
4835,4835,detach,META_IDENTITY,meta_engine,36864,36864,36864,36864,36864,0,0,0,0,1179648,0,1179648
4836,4836,to,META_IDENTITY,meta_engine,36864,36864,36864,36864,36864,0,0,0,0,1179648,0,1179648
4837,4837,resolve_conj,META_IDENTITY,meta_engine,36864,36864,36864,36864,36864,0,0,0,0,1179648,0,1179648
4838,4838,resolve_neg,META_IDENTITY,meta_engine,36864,36864,36864,36864,36864,0,0,0,0,1179648,0,1179648
4839,4839,to,META_IDENTITY,meta_engine,36864,36864,36864,36864,36864,0,0,0,0,1179648,0,1179648
4840,4840,to,META_IDENTITY,meta_engine,12528,12528,12528,12528,12528,0,0,0,0,400896,0,400896
4841,4841,linear,GEMM_W8A8,pack2_gemm,132752,106624,13056,12528,132752,0,153944064,76972032,136,200448,589824,200448
4842,4842,detach,META_IDENTITY,meta_engine,12528,12528,12528,12528,12528,0,0,0,0,400896,0,400896
4843,4843,to,META_IDENTITY,meta_engine,12528,12528,12528,12528,12528,0,0,0,0,400896,0,400896
4844,4844,to,META_IDENTITY,meta_engine,12528,12528,12528,12528,12528,0,0,0,0,400896,0,400896
4845,4845,detach,META_IDENTITY,meta_engine,12528,12528,12528,12528,12528,0,0,0,0,400896,0,400896
4846,4846,to,META_IDENTITY,meta_engine,12528,12528,12528,12528,12528,0,0,0,0,400896,0,400896
4847,4847,resolve_conj,META_IDENTITY,meta_engine,12528,12528,12528,12528,12528,0,0,0,0,400896,0,400896
4848,4848,resolve_neg,META_IDENTITY,meta_engine,12528,12528,12528,12528,12528,0,0,0,0,400896,0,400896
4849,4849,detach,META_IDENTITY,meta_engine,36864,36864,36864,36864,36864,0,0,0,0,1179648,0,1179648
4850,4850,detach,META_IDENTITY,meta_engine,36864,36864,36864,36864,36864,0,0,0,0,1179648,0,1179648
4851,4851,to,META_IDENTITY,meta_engine,36864,36864,36864,36864,36864,0,0,0,0,1179648,0,1179648
4852,4852,to,META_IDENTITY,meta_engine,36864,36864,36864,36864,36864,0,0,0,0,1179648,0,1179648
4853,4853,detach,META_IDENTITY,meta_engine,36864,36864,36864,36864,36864,0,0,0,0,1179648,0,1179648
4854,4854,to,META_IDENTITY,meta_engine,36864,36864,36864,36864,36864,0,0,0,0,1179648,0,1179648
4855,4855,resolve_conj,META_IDENTITY,meta_engine,36864,36864,36864,36864,36864,0,0,0,0,1179648,0,1179648
4856,4856,resolve_neg,META_IDENTITY,meta_engine,36864,36864,36864,36864,36864,0,0,0,0,1179648,0,1179648
4857,4857,to,META_IDENTITY,meta_engine,48,48,48,48,48,0,0,0,0,1536,0,1536
4858,4858,to,META_IDENTITY,meta_engine,36864,36864,36864,36864,36864,0,0,0,0,1179648,0,1179648
4859,4859,to,META_IDENTITY,meta_engine,12528,12528,12528,12528,12528,0,0,0,0,400896,0,400896
4860,4860,linear,GEMM_W8A8,pack2_gemm,132752,106624,13056,12528,132752,0,153944064,76972032,136,200448,589824,200448
4861,4861,detach,META_IDENTITY,meta_engine,12528,12528,12528,12528,12528,0,0,0,0,400896,0,400896
4862,4862,to,META_IDENTITY,meta_engine,12528,12528,12528,12528,12528,0,0,0,0,400896,0,400896
4863,4863,to,META_IDENTITY,meta_engine,12528,12528,12528,12528,12528,0,0,0,0,400896,0,400896
4864,4864,detach,META_IDENTITY,meta_engine,12528,12528,12528,12528,12528,0,0,0,0,400896,0,400896
4865,4865,to,META_IDENTITY,meta_engine,12528,12528,12528,12528,12528,0,0,0,0,400896,0,400896
4866,4866,resolve_conj,META_IDENTITY,meta_engine,12528,12528,12528,12528,12528,0,0,0,0,400896,0,400896
4867,4867,resolve_neg,META_IDENTITY,meta_engine,12528,12528,12528,12528,12528,0,0,0,0,400896,0,400896
4868,4868,detach,META_IDENTITY,meta_engine,36864,36864,36864,36864,36864,0,0,0,0,1179648,0,1179648
4869,4869,detach,META_IDENTITY,meta_engine,36864,36864,36864,36864,36864,0,0,0,0,1179648,0,1179648
4870,4870,to,META_IDENTITY,meta_engine,36864,36864,36864,36864,36864,0,0,0,0,1179648,0,1179648
4871,4871,to,META_IDENTITY,meta_engine,36864,36864,36864,36864,36864,0,0,0,0,1179648,0,1179648
4872,4872,detach,META_IDENTITY,meta_engine,36864,36864,36864,36864,36864,0,0,0,0,1179648,0,1179648
4873,4873,to,META_IDENTITY,meta_engine,36864,36864,36864,36864,36864,0,0,0,0,1179648,0,1179648
4874,4874,resolve_conj,META_IDENTITY,meta_engine,36864,36864,36864,36864,36864,0,0,0,0,1179648,0,1179648
4875,4875,resolve_neg,META_IDENTITY,meta_engine,36864,36864,36864,36864,36864,0,0,0,0,1179648,0,1179648
4876,4876,view,LAYOUT,layout_engine,12532,12532,12528,12528,12532,0,0,0,0,400896,0,400896
4877,4877,transpose,LAYOUT,layout_engine,12532,12532,12528,12528,12532,0,0,0,0,400896,0,400896
4878,4878,view,LAYOUT,layout_engine,12532,12532,12528,12528,12532,0,0,0,0,400896,0,400896
4879,4879,transpose,LAYOUT,layout_engine,12532,12532,12528,12528,12532,0,0,0,0,400896,0,400896
4880,4880,view,LAYOUT,layout_engine,12532,12532,12528,12528,12532,0,0,0,0,400896,0,400896
4881,4881,transpose,LAYOUT,layout_engine,12532,12532,12528,12528,12532,0,0,0,0,400896,0,400896
4882,4882,split_with_sizes,META_IDENTITY,meta_engine,12528,12528,12528,12528,12528,0,0,0,0,400896,0,400896
4883,4883,split_with_sizes,META_IDENTITY,meta_engine,12528,12528,12528,12528,12528,0,0,0,0,400896,0,400896
4884,4884,mul,MUL,fp16_vector,12288,12288,12288,12288,12288,0,0,0,0,393216,0,393216
4885,4885,slice,LAYOUT,layout_engine,12292,12292,12288,12288,12292,0,0,0,0,393216,0,393216
4886,4886,slice,LAYOUT,layout_engine,12292,12292,12288,12288,12292,0,0,0,0,393216,0,393216
4887,4887,neg,META_IDENTITY,meta_engine,6144,6144,6144,6144,6144,0,0,0,0,196608,0,196608
4888,4888,cat,LAYOUT,layout_engine,6148,6148,6144,6144,6148,0,0,0,0,196608,0,196608
4889,4889,mul,MUL,fp16_vector,12288,12288,12288,12288,12288,0,0,0,0,393216,0,393216
4890,4890,add,ADD,fp16_vector,12288,12288,12288,12288,12288,0,0,0,0,393216,0,393216
4891,4891,mul,MUL,fp16_vector,12288,12288,12288,12288,12288,0,0,0,0,393216,0,393216
4892,4892,slice,LAYOUT,layout_engine,12292,12292,12288,12288,12292,0,0,0,0,393216,0,393216
4893,4893,slice,LAYOUT,layout_engine,12292,12292,12288,12288,12292,0,0,0,0,393216,0,393216
4894,4894,neg,META_IDENTITY,meta_engine,6144,6144,6144,6144,6144,0,0,0,0,196608,0,196608
4895,4895,cat,LAYOUT,layout_engine,6148,6148,6144,6144,6148,0,0,0,0,196608,0,196608
4896,4896,mul,MUL,fp16_vector,12288,12288,12288,12288,12288,0,0,0,0,393216,0,393216
4897,4897,add,ADD,fp16_vector,12288,12288,12288,12288,12288,0,0,0,0,393216,0,393216
4898,4898,cat,LAYOUT,layout_engine,244,244,240,240,244,0,0,0,0,7680,0,7680
4899,4899,cat,LAYOUT,layout_engine,244,244,240,240,244,0,0,0,0,7680,0,7680
4900,4900,to,META_IDENTITY,meta_engine,12528,12528,12528,12528,12528,0,0,0,0,400896,0,400896
4901,4901,to,META_IDENTITY,meta_engine,12528,12528,12528,12528,12528,0,0,0,0,400896,0,400896
4902,4902,scaled_dot_product_attention,ATTENTION,attention_controller,12560,12560,12528,12528,12560,0,0,0,0,400896,0,400896
4903,4903,transpose,LAYOUT,layout_engine,12532,12532,12528,12528,12532,0,0,0,0,400896,0,400896
4904,4904,contiguous,LAYOUT,layout_engine,12532,12532,12528,12528,12532,0,0,0,0,400896,0,400896
4905,4905,reshape,LAYOUT,layout_engine,12532,12532,12528,12528,12532,0,0,0,0,400896,0,400896
4906,4906,to,META_IDENTITY,meta_engine,48,48,48,48,48,0,0,0,0,1536,0,1536
4907,4907,to,META_IDENTITY,meta_engine,36864,36864,36864,36864,36864,0,0,0,0,1179648,0,1179648
4908,4908,linear,GEMM_W8A8,pack2_gemm,132752,106624,13056,12528,132752,0,153944064,76972032,136,200448,589824,200448
4909,4909,detach,META_IDENTITY,meta_engine,12528,12528,12528,12528,12528,0,0,0,0,400896,0,400896
4910,4910,to,META_IDENTITY,meta_engine,12528,12528,12528,12528,12528,0,0,0,0,400896,0,400896
4911,4911,to,META_IDENTITY,meta_engine,12528,12528,12528,12528,12528,0,0,0,0,400896,0,400896
4912,4912,detach,META_IDENTITY,meta_engine,12528,12528,12528,12528,12528,0,0,0,0,400896,0,400896
4913,4913,to,META_IDENTITY,meta_engine,12528,12528,12528,12528,12528,0,0,0,0,400896,0,400896
4914,4914,resolve_conj,META_IDENTITY,meta_engine,12528,12528,12528,12528,12528,0,0,0,0,400896,0,400896
4915,4915,resolve_neg,META_IDENTITY,meta_engine,12528,12528,12528,12528,12528,0,0,0,0,400896,0,400896
4916,4916,detach,META_IDENTITY,meta_engine,36864,36864,36864,36864,36864,0,0,0,0,1179648,0,1179648
4917,4917,detach,META_IDENTITY,meta_engine,36864,36864,36864,36864,36864,0,0,0,0,1179648,0,1179648
4918,4918,to,META_IDENTITY,meta_engine,36864,36864,36864,36864,36864,0,0,0,0,1179648,0,1179648
4919,4919,to,META_IDENTITY,meta_engine,36864,36864,36864,36864,36864,0,0,0,0,1179648,0,1179648
4920,4920,detach,META_IDENTITY,meta_engine,36864,36864,36864,36864,36864,0,0,0,0,1179648,0,1179648
4921,4921,to,META_IDENTITY,meta_engine,36864,36864,36864,36864,36864,0,0,0,0,1179648,0,1179648
4922,4922,resolve_conj,META_IDENTITY,meta_engine,36864,36864,36864,36864,36864,0,0,0,0,1179648,0,1179648
4923,4923,resolve_neg,META_IDENTITY,meta_engine,36864,36864,36864,36864,36864,0,0,0,0,1179648,0,1179648
4924,4924,mul,MUL,fp16_vector,12528,12528,12528,12528,12528,0,0,0,0,400896,0,400896
4925,4925,add,ADD,fp16_vector,12528,12528,12528,12528,12528,0,0,0,0,400896,0,400896
4926,4926,layer_norm,LAYER_NORM,fp16_vector,12560,12560,12528,12528,12560,0,0,0,0,400896,0,400896
4927,4927,to,META_IDENTITY,meta_engine,192,192,192,192,192,0,0,0,0,6144,0,6144
4928,4928,to,META_IDENTITY,meta_engine,147456,147456,147456,147456,147456,0,0,0,0,4718592,0,4718592
4929,4929,to,META_IDENTITY,meta_engine,12528,12528,12528,12528,12528,0,0,0,0,400896,0,400896
4930,4930,linear,GEMM_W8A8,pack2_gemm,12528,12528,12528,12528,12528,0,0,0,0,400896,0,400896
4931,4931,detach,META_IDENTITY,meta_engine,12528,12528,12528,12528,12528,0,0,0,0,400896,0,400896
4932,4932,to,META_IDENTITY,meta_engine,12528,12528,12528,12528,12528,0,0,0,0,400896,0,400896
4933,4933,to,META_IDENTITY,meta_engine,12528,12528,12528,12528,12528,0,0,0,0,400896,0,400896
4934,4934,detach,META_IDENTITY,meta_engine,12528,12528,12528,12528,12528,0,0,0,0,400896,0,400896
4935,4935,to,META_IDENTITY,meta_engine,12528,12528,12528,12528,12528,0,0,0,0,400896,0,400896
4936,4936,resolve_conj,META_IDENTITY,meta_engine,12528,12528,12528,12528,12528,0,0,0,0,400896,0,400896
4937,4937,resolve_neg,META_IDENTITY,meta_engine,12528,12528,12528,12528,12528,0,0,0,0,400896,0,400896
4938,4938,detach,META_IDENTITY,meta_engine,147456,147456,147456,147456,147456,0,0,0,0,4718592,0,4718592
4939,4939,detach,META_IDENTITY,meta_engine,147456,147456,147456,147456,147456,0,0,0,0,4718592,0,4718592
4940,4940,to,META_IDENTITY,meta_engine,147456,147456,147456,147456,147456,0,0,0,0,4718592,0,4718592
4941,4941,to,META_IDENTITY,meta_engine,147456,147456,147456,147456,147456,0,0,0,0,4718592,0,4718592
4942,4942,detach,META_IDENTITY,meta_engine,147456,147456,147456,147456,147456,0,0,0,0,4718592,0,4718592
4943,4943,to,META_IDENTITY,meta_engine,147456,147456,147456,147456,147456,0,0,0,0,4718592,0,4718592
4944,4944,resolve_conj,META_IDENTITY,meta_engine,147456,147456,147456,147456,147456,0,0,0,0,4718592,0,4718592
4945,4945,resolve_neg,META_IDENTITY,meta_engine,147456,147456,147456,147456,147456,0,0,0,0,4718592,0,4718592
4946,4946,gelu,GELU,fp16_vector,50112,50112,50112,50112,50112,0,0,0,0,1603584,0,1603584
4947,4947,to,META_IDENTITY,meta_engine,48,48,48,48,48,0,0,0,0,1536,0,1536
4948,4948,to,META_IDENTITY,meta_engine,147456,147456,147456,147456,147456,0,0,0,0,4718592,0,4718592
4949,4949,linear,GEMM_W8A8,pack2_gemm,50112,50112,50112,50112,50112,0,0,0,0,1603584,0,1603584
4950,4950,detach,META_IDENTITY,meta_engine,50112,50112,50112,50112,50112,0,0,0,0,1603584,0,1603584
4951,4951,to,META_IDENTITY,meta_engine,50112,50112,50112,50112,50112,0,0,0,0,1603584,0,1603584
4952,4952,to,META_IDENTITY,meta_engine,50112,50112,50112,50112,50112,0,0,0,0,1603584,0,1603584
4953,4953,detach,META_IDENTITY,meta_engine,50112,50112,50112,50112,50112,0,0,0,0,1603584,0,1603584
4954,4954,to,META_IDENTITY,meta_engine,50112,50112,50112,50112,50112,0,0,0,0,1603584,0,1603584
4955,4955,resolve_conj,META_IDENTITY,meta_engine,50112,50112,50112,50112,50112,0,0,0,0,1603584,0,1603584
4956,4956,resolve_neg,META_IDENTITY,meta_engine,50112,50112,50112,50112,50112,0,0,0,0,1603584,0,1603584
4957,4957,detach,META_IDENTITY,meta_engine,147456,147456,147456,147456,147456,0,0,0,0,4718592,0,4718592
4958,4958,detach,META_IDENTITY,meta_engine,147456,147456,147456,147456,147456,0,0,0,0,4718592,0,4718592
4959,4959,to,META_IDENTITY,meta_engine,147456,147456,147456,147456,147456,0,0,0,0,4718592,0,4718592
4960,4960,to,META_IDENTITY,meta_engine,147456,147456,147456,147456,147456,0,0,0,0,4718592,0,4718592
4961,4961,detach,META_IDENTITY,meta_engine,147456,147456,147456,147456,147456,0,0,0,0,4718592,0,4718592
4962,4962,to,META_IDENTITY,meta_engine,147456,147456,147456,147456,147456,0,0,0,0,4718592,0,4718592
4963,4963,resolve_conj,META_IDENTITY,meta_engine,147456,147456,147456,147456,147456,0,0,0,0,4718592,0,4718592
4964,4964,resolve_neg,META_IDENTITY,meta_engine,147456,147456,147456,147456,147456,0,0,0,0,4718592,0,4718592
4965,4965,mul,MUL,fp16_vector,12528,12528,12528,12528,12528,0,0,0,0,400896,0,400896
4966,4966,add,ADD,fp16_vector,12528,12528,12528,12528,12528,0,0,0,0,400896,0,400896
4967,4967,layer_norm,LAYER_NORM,fp16_vector,12560,12560,12528,12528,12560,0,0,0,0,400896,0,400896
4968,4968,to,META_IDENTITY,meta_engine,48,48,48,48,48,0,0,0,0,1536,0,1536
4969,4969,to,META_IDENTITY,meta_engine,36864,36864,36864,36864,36864,0,0,0,0,1179648,0,1179648
4970,4970,to,META_IDENTITY,meta_engine,12528,12528,12528,12528,12528,0,0,0,0,400896,0,400896
4971,4971,linear,GEMM_W8A8,pack2_gemm,132752,106624,13056,12528,132752,0,153944064,76972032,136,200448,589824,200448
4972,4972,detach,META_IDENTITY,meta_engine,12528,12528,12528,12528,12528,0,0,0,0,400896,0,400896
4973,4973,to,META_IDENTITY,meta_engine,12528,12528,12528,12528,12528,0,0,0,0,400896,0,400896
4974,4974,to,META_IDENTITY,meta_engine,12528,12528,12528,12528,12528,0,0,0,0,400896,0,400896
4975,4975,detach,META_IDENTITY,meta_engine,12528,12528,12528,12528,12528,0,0,0,0,400896,0,400896
4976,4976,to,META_IDENTITY,meta_engine,12528,12528,12528,12528,12528,0,0,0,0,400896,0,400896
4977,4977,resolve_conj,META_IDENTITY,meta_engine,12528,12528,12528,12528,12528,0,0,0,0,400896,0,400896
4978,4978,resolve_neg,META_IDENTITY,meta_engine,12528,12528,12528,12528,12528,0,0,0,0,400896,0,400896
4979,4979,detach,META_IDENTITY,meta_engine,36864,36864,36864,36864,36864,0,0,0,0,1179648,0,1179648
4980,4980,detach,META_IDENTITY,meta_engine,36864,36864,36864,36864,36864,0,0,0,0,1179648,0,1179648
4981,4981,to,META_IDENTITY,meta_engine,36864,36864,36864,36864,36864,0,0,0,0,1179648,0,1179648
4982,4982,to,META_IDENTITY,meta_engine,36864,36864,36864,36864,36864,0,0,0,0,1179648,0,1179648
4983,4983,detach,META_IDENTITY,meta_engine,36864,36864,36864,36864,36864,0,0,0,0,1179648,0,1179648
4984,4984,to,META_IDENTITY,meta_engine,36864,36864,36864,36864,36864,0,0,0,0,1179648,0,1179648
4985,4985,resolve_conj,META_IDENTITY,meta_engine,36864,36864,36864,36864,36864,0,0,0,0,1179648,0,1179648
4986,4986,resolve_neg,META_IDENTITY,meta_engine,36864,36864,36864,36864,36864,0,0,0,0,1179648,0,1179648
4987,4987,to,META_IDENTITY,meta_engine,36864,36864,36864,36864,36864,0,0,0,0,1179648,0,1179648
4988,4988,to,META_IDENTITY,meta_engine,12528,12528,12528,12528,12528,0,0,0,0,400896,0,400896
4989,4989,linear,GEMM_W8A8,pack2_gemm,132752,106624,13056,12528,132752,0,153944064,76972032,136,200448,589824,200448
4990,4990,detach,META_IDENTITY,meta_engine,12528,12528,12528,12528,12528,0,0,0,0,400896,0,400896
4991,4991,to,META_IDENTITY,meta_engine,12528,12528,12528,12528,12528,0,0,0,0,400896,0,400896
4992,4992,to,META_IDENTITY,meta_engine,12528,12528,12528,12528,12528,0,0,0,0,400896,0,400896
4993,4993,detach,META_IDENTITY,meta_engine,12528,12528,12528,12528,12528,0,0,0,0,400896,0,400896
4994,4994,to,META_IDENTITY,meta_engine,12528,12528,12528,12528,12528,0,0,0,0,400896,0,400896
4995,4995,resolve_conj,META_IDENTITY,meta_engine,12528,12528,12528,12528,12528,0,0,0,0,400896,0,400896
4996,4996,resolve_neg,META_IDENTITY,meta_engine,12528,12528,12528,12528,12528,0,0,0,0,400896,0,400896
4997,4997,detach,META_IDENTITY,meta_engine,36864,36864,36864,36864,36864,0,0,0,0,1179648,0,1179648
4998,4998,detach,META_IDENTITY,meta_engine,36864,36864,36864,36864,36864,0,0,0,0,1179648,0,1179648
4999,4999,to,META_IDENTITY,meta_engine,36864,36864,36864,36864,36864,0,0,0,0,1179648,0,1179648
5000,5000,to,META_IDENTITY,meta_engine,36864,36864,36864,36864,36864,0,0,0,0,1179648,0,1179648
5001,5001,detach,META_IDENTITY,meta_engine,36864,36864,36864,36864,36864,0,0,0,0,1179648,0,1179648
5002,5002,to,META_IDENTITY,meta_engine,36864,36864,36864,36864,36864,0,0,0,0,1179648,0,1179648
5003,5003,resolve_conj,META_IDENTITY,meta_engine,36864,36864,36864,36864,36864,0,0,0,0,1179648,0,1179648
5004,5004,resolve_neg,META_IDENTITY,meta_engine,36864,36864,36864,36864,36864,0,0,0,0,1179648,0,1179648
5005,5005,to,META_IDENTITY,meta_engine,48,48,48,48,48,0,0,0,0,1536,0,1536
5006,5006,to,META_IDENTITY,meta_engine,36864,36864,36864,36864,36864,0,0,0,0,1179648,0,1179648
5007,5007,to,META_IDENTITY,meta_engine,12528,12528,12528,12528,12528,0,0,0,0,400896,0,400896
5008,5008,linear,GEMM_W8A8,pack2_gemm,132752,106624,13056,12528,132752,0,153944064,76972032,136,200448,589824,200448
5009,5009,detach,META_IDENTITY,meta_engine,12528,12528,12528,12528,12528,0,0,0,0,400896,0,400896
5010,5010,to,META_IDENTITY,meta_engine,12528,12528,12528,12528,12528,0,0,0,0,400896,0,400896
5011,5011,to,META_IDENTITY,meta_engine,12528,12528,12528,12528,12528,0,0,0,0,400896,0,400896
5012,5012,detach,META_IDENTITY,meta_engine,12528,12528,12528,12528,12528,0,0,0,0,400896,0,400896
5013,5013,to,META_IDENTITY,meta_engine,12528,12528,12528,12528,12528,0,0,0,0,400896,0,400896
5014,5014,resolve_conj,META_IDENTITY,meta_engine,12528,12528,12528,12528,12528,0,0,0,0,400896,0,400896
5015,5015,resolve_neg,META_IDENTITY,meta_engine,12528,12528,12528,12528,12528,0,0,0,0,400896,0,400896
5016,5016,detach,META_IDENTITY,meta_engine,36864,36864,36864,36864,36864,0,0,0,0,1179648,0,1179648
5017,5017,detach,META_IDENTITY,meta_engine,36864,36864,36864,36864,36864,0,0,0,0,1179648,0,1179648
5018,5018,to,META_IDENTITY,meta_engine,36864,36864,36864,36864,36864,0,0,0,0,1179648,0,1179648
5019,5019,to,META_IDENTITY,meta_engine,36864,36864,36864,36864,36864,0,0,0,0,1179648,0,1179648
5020,5020,detach,META_IDENTITY,meta_engine,36864,36864,36864,36864,36864,0,0,0,0,1179648,0,1179648
5021,5021,to,META_IDENTITY,meta_engine,36864,36864,36864,36864,36864,0,0,0,0,1179648,0,1179648
5022,5022,resolve_conj,META_IDENTITY,meta_engine,36864,36864,36864,36864,36864,0,0,0,0,1179648,0,1179648
5023,5023,resolve_neg,META_IDENTITY,meta_engine,36864,36864,36864,36864,36864,0,0,0,0,1179648,0,1179648
5024,5024,view,LAYOUT,layout_engine,12532,12532,12528,12528,12532,0,0,0,0,400896,0,400896
5025,5025,transpose,LAYOUT,layout_engine,12532,12532,12528,12528,12532,0,0,0,0,400896,0,400896
5026,5026,view,LAYOUT,layout_engine,12532,12532,12528,12528,12532,0,0,0,0,400896,0,400896
5027,5027,transpose,LAYOUT,layout_engine,12532,12532,12528,12528,12532,0,0,0,0,400896,0,400896
5028,5028,view,LAYOUT,layout_engine,12532,12532,12528,12528,12532,0,0,0,0,400896,0,400896
5029,5029,transpose,LAYOUT,layout_engine,12532,12532,12528,12528,12532,0,0,0,0,400896,0,400896
5030,5030,split_with_sizes,META_IDENTITY,meta_engine,12528,12528,12528,12528,12528,0,0,0,0,400896,0,400896
5031,5031,split_with_sizes,META_IDENTITY,meta_engine,12528,12528,12528,12528,12528,0,0,0,0,400896,0,400896
5032,5032,mul,MUL,fp16_vector,12288,12288,12288,12288,12288,0,0,0,0,393216,0,393216
5033,5033,slice,LAYOUT,layout_engine,12292,12292,12288,12288,12292,0,0,0,0,393216,0,393216
5034,5034,slice,LAYOUT,layout_engine,12292,12292,12288,12288,12292,0,0,0,0,393216,0,393216
5035,5035,neg,META_IDENTITY,meta_engine,6144,6144,6144,6144,6144,0,0,0,0,196608,0,196608
5036,5036,cat,LAYOUT,layout_engine,6148,6148,6144,6144,6148,0,0,0,0,196608,0,196608
5037,5037,mul,MUL,fp16_vector,12288,12288,12288,12288,12288,0,0,0,0,393216,0,393216
5038,5038,add,ADD,fp16_vector,12288,12288,12288,12288,12288,0,0,0,0,393216,0,393216
5039,5039,mul,MUL,fp16_vector,12288,12288,12288,12288,12288,0,0,0,0,393216,0,393216
5040,5040,slice,LAYOUT,layout_engine,12292,12292,12288,12288,12292,0,0,0,0,393216,0,393216
5041,5041,slice,LAYOUT,layout_engine,12292,12292,12288,12288,12292,0,0,0,0,393216,0,393216
5042,5042,neg,META_IDENTITY,meta_engine,6144,6144,6144,6144,6144,0,0,0,0,196608,0,196608
5043,5043,cat,LAYOUT,layout_engine,6148,6148,6144,6144,6148,0,0,0,0,196608,0,196608
5044,5044,mul,MUL,fp16_vector,12288,12288,12288,12288,12288,0,0,0,0,393216,0,393216
5045,5045,add,ADD,fp16_vector,12288,12288,12288,12288,12288,0,0,0,0,393216,0,393216
5046,5046,cat,LAYOUT,layout_engine,244,244,240,240,244,0,0,0,0,7680,0,7680
5047,5047,cat,LAYOUT,layout_engine,244,244,240,240,244,0,0,0,0,7680,0,7680
5048,5048,to,META_IDENTITY,meta_engine,12528,12528,12528,12528,12528,0,0,0,0,400896,0,400896
5049,5049,to,META_IDENTITY,meta_engine,12528,12528,12528,12528,12528,0,0,0,0,400896,0,400896
5050,5050,scaled_dot_product_attention,ATTENTION,attention_controller,12560,12560,12528,12528,12560,0,0,0,0,400896,0,400896
5051,5051,transpose,LAYOUT,layout_engine,12532,12532,12528,12528,12532,0,0,0,0,400896,0,400896
5052,5052,contiguous,LAYOUT,layout_engine,12532,12532,12528,12528,12532,0,0,0,0,400896,0,400896
5053,5053,reshape,LAYOUT,layout_engine,12532,12532,12528,12528,12532,0,0,0,0,400896,0,400896
5054,5054,to,META_IDENTITY,meta_engine,48,48,48,48,48,0,0,0,0,1536,0,1536
5055,5055,to,META_IDENTITY,meta_engine,36864,36864,36864,36864,36864,0,0,0,0,1179648,0,1179648
5056,5056,linear,GEMM_W8A8,pack2_gemm,132752,106624,13056,12528,132752,0,153944064,76972032,136,200448,589824,200448
5057,5057,detach,META_IDENTITY,meta_engine,12528,12528,12528,12528,12528,0,0,0,0,400896,0,400896
5058,5058,to,META_IDENTITY,meta_engine,12528,12528,12528,12528,12528,0,0,0,0,400896,0,400896
5059,5059,to,META_IDENTITY,meta_engine,12528,12528,12528,12528,12528,0,0,0,0,400896,0,400896
5060,5060,detach,META_IDENTITY,meta_engine,12528,12528,12528,12528,12528,0,0,0,0,400896,0,400896
5061,5061,to,META_IDENTITY,meta_engine,12528,12528,12528,12528,12528,0,0,0,0,400896,0,400896
5062,5062,resolve_conj,META_IDENTITY,meta_engine,12528,12528,12528,12528,12528,0,0,0,0,400896,0,400896
5063,5063,resolve_neg,META_IDENTITY,meta_engine,12528,12528,12528,12528,12528,0,0,0,0,400896,0,400896
5064,5064,detach,META_IDENTITY,meta_engine,36864,36864,36864,36864,36864,0,0,0,0,1179648,0,1179648
5065,5065,detach,META_IDENTITY,meta_engine,36864,36864,36864,36864,36864,0,0,0,0,1179648,0,1179648
5066,5066,to,META_IDENTITY,meta_engine,36864,36864,36864,36864,36864,0,0,0,0,1179648,0,1179648
5067,5067,to,META_IDENTITY,meta_engine,36864,36864,36864,36864,36864,0,0,0,0,1179648,0,1179648
5068,5068,detach,META_IDENTITY,meta_engine,36864,36864,36864,36864,36864,0,0,0,0,1179648,0,1179648
5069,5069,to,META_IDENTITY,meta_engine,36864,36864,36864,36864,36864,0,0,0,0,1179648,0,1179648
5070,5070,resolve_conj,META_IDENTITY,meta_engine,36864,36864,36864,36864,36864,0,0,0,0,1179648,0,1179648
5071,5071,resolve_neg,META_IDENTITY,meta_engine,36864,36864,36864,36864,36864,0,0,0,0,1179648,0,1179648
5072,5072,mul,MUL,fp16_vector,12528,12528,12528,12528,12528,0,0,0,0,400896,0,400896
5073,5073,add,ADD,fp16_vector,12528,12528,12528,12528,12528,0,0,0,0,400896,0,400896
5074,5074,layer_norm,LAYER_NORM,fp16_vector,12560,12560,12528,12528,12560,0,0,0,0,400896,0,400896
5075,5075,to,META_IDENTITY,meta_engine,192,192,192,192,192,0,0,0,0,6144,0,6144
5076,5076,to,META_IDENTITY,meta_engine,147456,147456,147456,147456,147456,0,0,0,0,4718592,0,4718592
5077,5077,to,META_IDENTITY,meta_engine,12528,12528,12528,12528,12528,0,0,0,0,400896,0,400896
5078,5078,linear,GEMM_W8A8,pack2_gemm,12528,12528,12528,12528,12528,0,0,0,0,400896,0,400896
5079,5079,detach,META_IDENTITY,meta_engine,12528,12528,12528,12528,12528,0,0,0,0,400896,0,400896
5080,5080,to,META_IDENTITY,meta_engine,12528,12528,12528,12528,12528,0,0,0,0,400896,0,400896
5081,5081,to,META_IDENTITY,meta_engine,12528,12528,12528,12528,12528,0,0,0,0,400896,0,400896
5082,5082,detach,META_IDENTITY,meta_engine,12528,12528,12528,12528,12528,0,0,0,0,400896,0,400896
5083,5083,to,META_IDENTITY,meta_engine,12528,12528,12528,12528,12528,0,0,0,0,400896,0,400896
5084,5084,resolve_conj,META_IDENTITY,meta_engine,12528,12528,12528,12528,12528,0,0,0,0,400896,0,400896
5085,5085,resolve_neg,META_IDENTITY,meta_engine,12528,12528,12528,12528,12528,0,0,0,0,400896,0,400896
5086,5086,detach,META_IDENTITY,meta_engine,147456,147456,147456,147456,147456,0,0,0,0,4718592,0,4718592
5087,5087,detach,META_IDENTITY,meta_engine,147456,147456,147456,147456,147456,0,0,0,0,4718592,0,4718592
5088,5088,to,META_IDENTITY,meta_engine,147456,147456,147456,147456,147456,0,0,0,0,4718592,0,4718592
5089,5089,to,META_IDENTITY,meta_engine,147456,147456,147456,147456,147456,0,0,0,0,4718592,0,4718592
5090,5090,detach,META_IDENTITY,meta_engine,147456,147456,147456,147456,147456,0,0,0,0,4718592,0,4718592
5091,5091,to,META_IDENTITY,meta_engine,147456,147456,147456,147456,147456,0,0,0,0,4718592,0,4718592
5092,5092,resolve_conj,META_IDENTITY,meta_engine,147456,147456,147456,147456,147456,0,0,0,0,4718592,0,4718592
5093,5093,resolve_neg,META_IDENTITY,meta_engine,147456,147456,147456,147456,147456,0,0,0,0,4718592,0,4718592
5094,5094,gelu,GELU,fp16_vector,50112,50112,50112,50112,50112,0,0,0,0,1603584,0,1603584
5095,5095,to,META_IDENTITY,meta_engine,48,48,48,48,48,0,0,0,0,1536,0,1536
5096,5096,to,META_IDENTITY,meta_engine,147456,147456,147456,147456,147456,0,0,0,0,4718592,0,4718592
5097,5097,linear,GEMM_W8A8,pack2_gemm,50112,50112,50112,50112,50112,0,0,0,0,1603584,0,1603584
5098,5098,detach,META_IDENTITY,meta_engine,50112,50112,50112,50112,50112,0,0,0,0,1603584,0,1603584
5099,5099,to,META_IDENTITY,meta_engine,50112,50112,50112,50112,50112,0,0,0,0,1603584,0,1603584
5100,5100,to,META_IDENTITY,meta_engine,50112,50112,50112,50112,50112,0,0,0,0,1603584,0,1603584
5101,5101,detach,META_IDENTITY,meta_engine,50112,50112,50112,50112,50112,0,0,0,0,1603584,0,1603584
5102,5102,to,META_IDENTITY,meta_engine,50112,50112,50112,50112,50112,0,0,0,0,1603584,0,1603584
5103,5103,resolve_conj,META_IDENTITY,meta_engine,50112,50112,50112,50112,50112,0,0,0,0,1603584,0,1603584
5104,5104,resolve_neg,META_IDENTITY,meta_engine,50112,50112,50112,50112,50112,0,0,0,0,1603584,0,1603584
5105,5105,detach,META_IDENTITY,meta_engine,147456,147456,147456,147456,147456,0,0,0,0,4718592,0,4718592
5106,5106,detach,META_IDENTITY,meta_engine,147456,147456,147456,147456,147456,0,0,0,0,4718592,0,4718592
5107,5107,to,META_IDENTITY,meta_engine,147456,147456,147456,147456,147456,0,0,0,0,4718592,0,4718592
5108,5108,to,META_IDENTITY,meta_engine,147456,147456,147456,147456,147456,0,0,0,0,4718592,0,4718592
5109,5109,detach,META_IDENTITY,meta_engine,147456,147456,147456,147456,147456,0,0,0,0,4718592,0,4718592
5110,5110,to,META_IDENTITY,meta_engine,147456,147456,147456,147456,147456,0,0,0,0,4718592,0,4718592
5111,5111,resolve_conj,META_IDENTITY,meta_engine,147456,147456,147456,147456,147456,0,0,0,0,4718592,0,4718592
5112,5112,resolve_neg,META_IDENTITY,meta_engine,147456,147456,147456,147456,147456,0,0,0,0,4718592,0,4718592
5113,5113,mul,MUL,fp16_vector,12528,12528,12528,12528,12528,0,0,0,0,400896,0,400896
5114,5114,add,ADD,fp16_vector,12528,12528,12528,12528,12528,0,0,0,0,400896,0,400896
5115,5115,layer_norm,LAYER_NORM,fp16_vector,12560,12560,12528,12528,12560,0,0,0,0,400896,0,400896
5116,5116,slice,LAYOUT,layout_engine,12532,12532,12528,12528,12532,0,0,0,0,400896,0,400896
5117,5117,select,LAYOUT,layout_engine,12532,12532,12528,12528,12532,0,0,0,0,400896,0,400896
5118,5118,slice,LAYOUT,layout_engine,52,52,48,48,52,0,0,0,0,1536,0,1536
5119,5119,slice,LAYOUT,layout_engine,12532,12532,12528,12528,12532,0,0,0,0,400896,0,400896
5120,5120,slice,LAYOUT,layout_engine,12532,12532,12528,12528,12532,0,0,0,0,400896,0,400896
5121,5121,slice,LAYOUT,layout_engine,12292,12292,12288,12288,12292,0,0,0,0,393216,0,393216
5122,5122,stack,LAYOUT,layout_engine,12292,12292,12288,12288,12292,0,0,0,0,393216,0,393216
5123,5123,to,META_IDENTITY,meta_engine,24576,24576,24576,24576,24576,0,0,0,0,786432,0,786432
5124,5124,linear,GEMM_W8A8,pack2_gemm,24576,24576,24576,24576,24576,0,0,0,0,786432,0,786432
5125,5125,detach,META_IDENTITY,meta_engine,24576,24576,24576,24576,24576,0,0,0,0,786432,0,786432
5126,5126,to,META_IDENTITY,meta_engine,24576,24576,24576,24576,24576,0,0,0,0,786432,0,786432
5127,5127,to,META_IDENTITY,meta_engine,24576,24576,24576,24576,24576,0,0,0,0,786432,0,786432
5128,5128,detach,META_IDENTITY,meta_engine,24576,24576,24576,24576,24576,0,0,0,0,786432,0,786432
5129,5129,to,META_IDENTITY,meta_engine,24576,24576,24576,24576,24576,0,0,0,0,786432,0,786432
5130,5130,resolve_conj,META_IDENTITY,meta_engine,24576,24576,24576,24576,24576,0,0,0,0,786432,0,786432
5131,5131,resolve_neg,META_IDENTITY,meta_engine,24576,24576,24576,24576,24576,0,0,0,0,786432,0,786432
5132,5132,detach,META_IDENTITY,meta_engine,12288,12288,12288,12288,12288,0,0,0,0,393216,0,393216
5133,5133,detach,META_IDENTITY,meta_engine,12288,12288,12288,12288,12288,0,0,0,0,393216,0,393216
5134,5134,to,META_IDENTITY,meta_engine,12288,12288,12288,12288,12288,0,0,0,0,393216,0,393216
5135,5135,to,META_IDENTITY,meta_engine,12288,12288,12288,12288,12288,0,0,0,0,393216,0,393216
5136,5136,detach,META_IDENTITY,meta_engine,12288,12288,12288,12288,12288,0,0,0,0,393216,0,393216
5137,5137,to,META_IDENTITY,meta_engine,12288,12288,12288,12288,12288,0,0,0,0,393216,0,393216
5138,5138,resolve_conj,META_IDENTITY,meta_engine,12288,12288,12288,12288,12288,0,0,0,0,393216,0,393216
5139,5139,resolve_neg,META_IDENTITY,meta_engine,12288,12288,12288,12288,12288,0,0,0,0,393216,0,393216
5140,5140,layer_norm,LAYER_NORM,fp16_vector,24608,24608,24576,24576,24608,0,0,0,0,786432,0,786432
5141,5141,linear,GEMM_W8A8,pack2_gemm,24576,24576,24576,24576,24576,0,0,0,0,786432,0,786432
5142,5142,detach,META_IDENTITY,meta_engine,24576,24576,24576,24576,24576,0,0,0,0,786432,0,786432
5143,5143,to,META_IDENTITY,meta_engine,24576,24576,24576,24576,24576,0,0,0,0,786432,0,786432
5144,5144,to,META_IDENTITY,meta_engine,24576,24576,24576,24576,24576,0,0,0,0,786432,0,786432
5145,5145,detach,META_IDENTITY,meta_engine,24576,24576,24576,24576,24576,0,0,0,0,786432,0,786432
5146,5146,to,META_IDENTITY,meta_engine,24576,24576,24576,24576,24576,0,0,0,0,786432,0,786432
5147,5147,resolve_conj,META_IDENTITY,meta_engine,24576,24576,24576,24576,24576,0,0,0,0,786432,0,786432
5148,5148,resolve_neg,META_IDENTITY,meta_engine,24576,24576,24576,24576,24576,0,0,0,0,786432,0,786432
5149,5149,detach,META_IDENTITY,meta_engine,49152,49152,49152,49152,49152,0,0,0,0,1572864,0,1572864
5150,5150,detach,META_IDENTITY,meta_engine,49152,49152,49152,49152,49152,0,0,0,0,1572864,0,1572864
5151,5151,to,META_IDENTITY,meta_engine,49152,49152,49152,49152,49152,0,0,0,0,1572864,0,1572864
5152,5152,to,META_IDENTITY,meta_engine,49152,49152,49152,49152,49152,0,0,0,0,1572864,0,1572864
5153,5153,detach,META_IDENTITY,meta_engine,49152,49152,49152,49152,49152,0,0,0,0,1572864,0,1572864
5154,5154,to,META_IDENTITY,meta_engine,49152,49152,49152,49152,49152,0,0,0,0,1572864,0,1572864
5155,5155,resolve_conj,META_IDENTITY,meta_engine,49152,49152,49152,49152,49152,0,0,0,0,1572864,0,1572864
5156,5156,resolve_neg,META_IDENTITY,meta_engine,49152,49152,49152,49152,49152,0,0,0,0,1572864,0,1572864
5157,5157,gelu,GELU,fp16_vector,32768,32768,32768,32768,32768,0,0,0,0,1048576,0,1048576
5158,5158,dropout,META_IDENTITY,meta_engine,32768,32768,32768,32768,32768,0,0,0,0,1048576,0,1048576
5159,5159,linear,GEMM_W8A8,pack2_gemm,32768,32768,32768,32768,32768,0,0,0,0,1048576,0,1048576
5160,5160,detach,META_IDENTITY,meta_engine,32768,32768,32768,32768,32768,0,0,0,0,1048576,0,1048576
5161,5161,to,META_IDENTITY,meta_engine,32768,32768,32768,32768,32768,0,0,0,0,1048576,0,1048576
5162,5162,to,META_IDENTITY,meta_engine,32768,32768,32768,32768,32768,0,0,0,0,1048576,0,1048576
5163,5163,detach,META_IDENTITY,meta_engine,32768,32768,32768,32768,32768,0,0,0,0,1048576,0,1048576
5164,5164,to,META_IDENTITY,meta_engine,32768,32768,32768,32768,32768,0,0,0,0,1048576,0,1048576
5165,5165,resolve_conj,META_IDENTITY,meta_engine,32768,32768,32768,32768,32768,0,0,0,0,1048576,0,1048576
5166,5166,resolve_neg,META_IDENTITY,meta_engine,32768,32768,32768,32768,32768,0,0,0,0,1048576,0,1048576
5167,5167,detach,META_IDENTITY,meta_engine,16384,16384,16384,16384,16384,0,0,0,0,524288,0,524288
5168,5168,detach,META_IDENTITY,meta_engine,16384,16384,16384,16384,16384,0,0,0,0,524288,0,524288
5169,5169,to,META_IDENTITY,meta_engine,16384,16384,16384,16384,16384,0,0,0,0,524288,0,524288
5170,5170,to,META_IDENTITY,meta_engine,16384,16384,16384,16384,16384,0,0,0,0,524288,0,524288
5171,5171,detach,META_IDENTITY,meta_engine,16384,16384,16384,16384,16384,0,0,0,0,524288,0,524288
5172,5172,to,META_IDENTITY,meta_engine,16384,16384,16384,16384,16384,0,0,0,0,524288,0,524288
5173,5173,resolve_conj,META_IDENTITY,meta_engine,16384,16384,16384,16384,16384,0,0,0,0,524288,0,524288
5174,5174,resolve_neg,META_IDENTITY,meta_engine,16384,16384,16384,16384,16384,0,0,0,0,524288,0,524288
5175,5175,add,ADD,fp16_vector,8192,8192,8192,8192,8192,0,0,0,0,262144,0,262144
5176,5176,layer_norm,LAYER_NORM,fp16_vector,8224,8224,8192,8192,8224,0,0,0,0,262144,0,262144
5177,5177,slice,LAYOUT,layout_engine,36,36,32,32,36,0,0,0,0,1024,0,1024
5178,5178,slice,LAYOUT,layout_engine,36,36,32,32,36,0,0,0,0,1024,0,1024
5179,5179,unsqueeze,LAYOUT,layout_engine,36,36,32,32,36,0,0,0,0,1024,0,1024
5180,5180,slice,LAYOUT,layout_engine,36,36,32,32,36,0,0,0,0,1024,0,1024
5181,5181,to,META_IDENTITY,meta_engine,32,32,32,32,32,0,0,0,0,1024,0,1024
5182,5182,add,ADD,fp16_vector,8192,8192,8192,8192,8192,0,0,0,0,262144,0,262144
5183,5183,flatten,LAYOUT,layout_engine,8196,8196,8192,8192,8196,0,0,0,0,262144,0,262144
5184,5184,layer_norm,LAYER_NORM,fp16_vector,8224,8224,8192,8192,8224,0,0,0,0,262144,0,262144
5185,5185,layer_norm,LAYER_NORM,fp16_vector,368,368,336,336,368,0,0,0,0,10752,0,10752
5186,5186,linear,GEMM_W8A8,pack2_gemm,8192,8192,8192,8192,8192,0,0,0,0,262144,0,262144
5187,5187,detach,META_IDENTITY,meta_engine,8192,8192,8192,8192,8192,0,0,0,0,262144,0,262144
5188,5188,to,META_IDENTITY,meta_engine,8192,8192,8192,8192,8192,0,0,0,0,262144,0,262144
5189,5189,to,META_IDENTITY,meta_engine,8192,8192,8192,8192,8192,0,0,0,0,262144,0,262144
5190,5190,detach,META_IDENTITY,meta_engine,8192,8192,8192,8192,8192,0,0,0,0,262144,0,262144
5191,5191,to,META_IDENTITY,meta_engine,8192,8192,8192,8192,8192,0,0,0,0,262144,0,262144
5192,5192,resolve_conj,META_IDENTITY,meta_engine,8192,8192,8192,8192,8192,0,0,0,0,262144,0,262144
5193,5193,resolve_neg,META_IDENTITY,meta_engine,8192,8192,8192,8192,8192,0,0,0,0,262144,0,262144
5194,5194,detach,META_IDENTITY,meta_engine,16384,16384,16384,16384,16384,0,0,0,0,524288,0,524288
5195,5195,detach,META_IDENTITY,meta_engine,16384,16384,16384,16384,16384,0,0,0,0,524288,0,524288
5196,5196,to,META_IDENTITY,meta_engine,16384,16384,16384,16384,16384,0,0,0,0,524288,0,524288
5197,5197,to,META_IDENTITY,meta_engine,16384,16384,16384,16384,16384,0,0,0,0,524288,0,524288
5198,5198,detach,META_IDENTITY,meta_engine,16384,16384,16384,16384,16384,0,0,0,0,524288,0,524288
5199,5199,to,META_IDENTITY,meta_engine,16384,16384,16384,16384,16384,0,0,0,0,524288,0,524288
5200,5200,resolve_conj,META_IDENTITY,meta_engine,16384,16384,16384,16384,16384,0,0,0,0,524288,0,524288
5201,5201,resolve_neg,META_IDENTITY,meta_engine,16384,16384,16384,16384,16384,0,0,0,0,524288,0,524288
5202,5202,mul,MUL,fp16_vector,32768,32768,32768,32768,32768,0,0,0,0,1048576,0,1048576
5203,5203,linear,GEMM_W8A8,pack2_gemm,336,336,336,336,336,0,0,0,0,10752,0,10752
5204,5204,detach,META_IDENTITY,meta_engine,336,336,336,336,336,0,0,0,0,10752,0,10752
5205,5205,to,META_IDENTITY,meta_engine,336,336,336,336,336,0,0,0,0,10752,0,10752
5206,5206,to,META_IDENTITY,meta_engine,336,336,336,336,336,0,0,0,0,10752,0,10752
5207,5207,detach,META_IDENTITY,meta_engine,336,336,336,336,336,0,0,0,0,10752,0,10752
5208,5208,to,META_IDENTITY,meta_engine,336,336,336,336,336,0,0,0,0,10752,0,10752
5209,5209,resolve_conj,META_IDENTITY,meta_engine,336,336,336,336,336,0,0,0,0,10752,0,10752
5210,5210,resolve_neg,META_IDENTITY,meta_engine,336,336,336,336,336,0,0,0,0,10752,0,10752
5211,5211,detach,META_IDENTITY,meta_engine,16384,16384,16384,16384,16384,0,0,0,0,524288,0,524288
5212,5212,detach,META_IDENTITY,meta_engine,16384,16384,16384,16384,16384,0,0,0,0,524288,0,524288
5213,5213,to,META_IDENTITY,meta_engine,16384,16384,16384,16384,16384,0,0,0,0,524288,0,524288
5214,5214,to,META_IDENTITY,meta_engine,16384,16384,16384,16384,16384,0,0,0,0,524288,0,524288
5215,5215,detach,META_IDENTITY,meta_engine,16384,16384,16384,16384,16384,0,0,0,0,524288,0,524288
5216,5216,to,META_IDENTITY,meta_engine,16384,16384,16384,16384,16384,0,0,0,0,524288,0,524288
5217,5217,resolve_conj,META_IDENTITY,meta_engine,16384,16384,16384,16384,16384,0,0,0,0,524288,0,524288
5218,5218,resolve_neg,META_IDENTITY,meta_engine,16384,16384,16384,16384,16384,0,0,0,0,524288,0,524288
5219,5219,view,LAYOUT,layout_engine,1348,1348,1344,1344,1348,0,0,0,0,43008,0,43008
5220,5220,transpose,LAYOUT,layout_engine,1348,1348,1344,1344,1348,0,0,0,0,43008,0,43008
5221,5221,contiguous,LAYOUT,layout_engine,1348,1348,1344,1344,1348,0,0,0,0,43008,0,43008
5222,5222,linear,GEMM_W8A8,pack2_gemm,8192,8192,8192,8192,8192,0,0,0,0,262144,0,262144
5223,5223,detach,META_IDENTITY,meta_engine,8192,8192,8192,8192,8192,0,0,0,0,262144,0,262144
5224,5224,to,META_IDENTITY,meta_engine,8192,8192,8192,8192,8192,0,0,0,0,262144,0,262144
5225,5225,to,META_IDENTITY,meta_engine,8192,8192,8192,8192,8192,0,0,0,0,262144,0,262144
5226,5226,detach,META_IDENTITY,meta_engine,8192,8192,8192,8192,8192,0,0,0,0,262144,0,262144
5227,5227,to,META_IDENTITY,meta_engine,8192,8192,8192,8192,8192,0,0,0,0,262144,0,262144
5228,5228,resolve_conj,META_IDENTITY,meta_engine,8192,8192,8192,8192,8192,0,0,0,0,262144,0,262144
5229,5229,resolve_neg,META_IDENTITY,meta_engine,8192,8192,8192,8192,8192,0,0,0,0,262144,0,262144
5230,5230,detach,META_IDENTITY,meta_engine,16384,16384,16384,16384,16384,0,0,0,0,524288,0,524288
5231,5231,detach,META_IDENTITY,meta_engine,16384,16384,16384,16384,16384,0,0,0,0,524288,0,524288
5232,5232,to,META_IDENTITY,meta_engine,16384,16384,16384,16384,16384,0,0,0,0,524288,0,524288
5233,5233,to,META_IDENTITY,meta_engine,16384,16384,16384,16384,16384,0,0,0,0,524288,0,524288
5234,5234,detach,META_IDENTITY,meta_engine,16384,16384,16384,16384,16384,0,0,0,0,524288,0,524288
5235,5235,to,META_IDENTITY,meta_engine,16384,16384,16384,16384,16384,0,0,0,0,524288,0,524288
5236,5236,resolve_conj,META_IDENTITY,meta_engine,16384,16384,16384,16384,16384,0,0,0,0,524288,0,524288
5237,5237,resolve_neg,META_IDENTITY,meta_engine,16384,16384,16384,16384,16384,0,0,0,0,524288,0,524288
5238,5238,view,LAYOUT,layout_engine,32772,32772,32768,32768,32772,0,0,0,0,1048576,0,1048576
5239,5239,transpose,LAYOUT,layout_engine,32772,32772,32768,32768,32772,0,0,0,0,1048576,0,1048576
5240,5240,contiguous,LAYOUT,layout_engine,32772,32772,32768,32768,32772,0,0,0,0,1048576,0,1048576
5241,5241,linear,GEMM_W8A8,pack2_gemm,336,336,336,336,336,0,0,0,0,10752,0,10752
5242,5242,detach,META_IDENTITY,meta_engine,336,336,336,336,336,0,0,0,0,10752,0,10752
5243,5243,to,META_IDENTITY,meta_engine,336,336,336,336,336,0,0,0,0,10752,0,10752
5244,5244,to,META_IDENTITY,meta_engine,336,336,336,336,336,0,0,0,0,10752,0,10752
5245,5245,detach,META_IDENTITY,meta_engine,336,336,336,336,336,0,0,0,0,10752,0,10752
5246,5246,to,META_IDENTITY,meta_engine,336,336,336,336,336,0,0,0,0,10752,0,10752
5247,5247,resolve_conj,META_IDENTITY,meta_engine,336,336,336,336,336,0,0,0,0,10752,0,10752
5248,5248,resolve_neg,META_IDENTITY,meta_engine,336,336,336,336,336,0,0,0,0,10752,0,10752
5249,5249,detach,META_IDENTITY,meta_engine,16384,16384,16384,16384,16384,0,0,0,0,524288,0,524288
5250,5250,detach,META_IDENTITY,meta_engine,16384,16384,16384,16384,16384,0,0,0,0,524288,0,524288
5251,5251,to,META_IDENTITY,meta_engine,16384,16384,16384,16384,16384,0,0,0,0,524288,0,524288
5252,5252,to,META_IDENTITY,meta_engine,16384,16384,16384,16384,16384,0,0,0,0,524288,0,524288
5253,5253,detach,META_IDENTITY,meta_engine,16384,16384,16384,16384,16384,0,0,0,0,524288,0,524288
5254,5254,to,META_IDENTITY,meta_engine,16384,16384,16384,16384,16384,0,0,0,0,524288,0,524288
5255,5255,resolve_conj,META_IDENTITY,meta_engine,16384,16384,16384,16384,16384,0,0,0,0,524288,0,524288
5256,5256,resolve_neg,META_IDENTITY,meta_engine,16384,16384,16384,16384,16384,0,0,0,0,524288,0,524288
5257,5257,view,LAYOUT,layout_engine,1348,1348,1344,1344,1348,0,0,0,0,43008,0,43008
5258,5258,transpose,LAYOUT,layout_engine,1348,1348,1344,1344,1348,0,0,0,0,43008,0,43008
5259,5259,contiguous,LAYOUT,layout_engine,1348,1348,1344,1344,1348,0,0,0,0,43008,0,43008
5260,5260,view,LAYOUT,layout_engine,32772,32772,32768,32768,32772,0,0,0,0,1048576,0,1048576
5261,5261,transpose,LAYOUT,layout_engine,32772,32772,32768,32768,32772,0,0,0,0,1048576,0,1048576
5262,5262,contiguous,LAYOUT,layout_engine,32772,32772,32768,32768,32772,0,0,0,0,1048576,0,1048576
5263,5263,view,LAYOUT,layout_engine,32772,32772,32768,32768,32772,0,0,0,0,1048576,0,1048576
5264,5264,view,LAYOUT,layout_engine,1348,1348,1344,1344,1348,0,0,0,0,43008,0,43008
5265,5265,view,LAYOUT,layout_engine,32772,32772,32768,32768,32772,0,0,0,0,1048576,0,1048576
5266,5266,view,LAYOUT,layout_engine,1348,1348,1344,1344,1348,0,0,0,0,43008,0,43008
5267,5267,transpose,LAYOUT,layout_engine,1348,1348,1344,1344,1348,0,0,0,0,43008,0,43008
5268,5268,bmm,BMM_W8A8,pack2_bmm,71040,34816,32768,2688,71040,0,11010048,5505024,128,524288,21504,43008
5269,5269,max,REDUCE,fp16_vector,2720,2720,2688,2688,2720,0,0,0,0,86016,0,86016
5270,5270,sub,ADD,fp16_vector,2688,2688,2688,2688,2688,0,0,0,0,86016,0,86016
5271,5271,clamp,CLAMP,fp16_vector,2688,2688,2688,2688,2688,0,0,0,0,86016,0,86016
5272,5272,clamp,CLAMP,fp16_vector,2688,2688,2688,2688,2688,0,0,0,0,86016,0,86016
5273,5273,transpose,LAYOUT,layout_engine,2692,2692,2688,2688,2692,0,0,0,0,86016,0,86016
5274,5274,max,REDUCE,fp16_vector,2720,2720,2688,2688,2720,0,0,0,0,86016,0,86016
5275,5275,sub,ADD,fp16_vector,2688,2688,2688,2688,2688,0,0,0,0,86016,0,86016
5276,5276,clamp,CLAMP,fp16_vector,2688,2688,2688,2688,2688,0,0,0,0,86016,0,86016
5277,5277,clamp,CLAMP,fp16_vector,2688,2688,2688,2688,2688,0,0,0,0,86016,0,86016
5278,5278,softmax,SOFTMAX,fp16_vector,2720,2720,2688,2688,2720,0,0,0,0,86016,0,86016
5279,5279,slice,LAYOUT,layout_engine,6,6,2,2,6,0,0,0,0,42,0,42
5280,5280,unsqueeze,LAYOUT,layout_engine,6,6,2,2,6,0,0,0,0,42,0,42
5281,5281,unsqueeze,LAYOUT,layout_engine,6,6,2,2,6,0,0,0,0,42,0,42
5282,5282,slice,LAYOUT,layout_engine,6,6,2,2,6,0,0,0,0,42,0,42
5283,5283,repeat,LAYOUT,layout_engine,6,6,2,2,6,0,0,0,0,42,0,42
5284,5284,flatten,LAYOUT,layout_engine,10,10,6,6,10,0,0,0,0,168,0,168
5285,5285,masked_fill_,MASK,mask_engine,2692,2692,2688,2688,2692,0,0,0,0,86016,0,86016
5286,5286,softmax,SOFTMAX,fp16_vector,2720,2720,2688,2688,2720,0,0,0,0,86016,0,86016
5287,5287,dropout,META_IDENTITY,meta_engine,2688,2688,2688,2688,2688,0,0,0,0,86016,0,86016
5288,5288,dropout,META_IDENTITY,meta_engine,2688,2688,2688,2688,2688,0,0,0,0,86016,0,86016
5289,5289,bmm,BMM_W8A8,pack2_bmm,51968,14208,2688,32768,51968,0,11010048,5505024,384,43008,21504,524288
5290,5290,bmm,BMM_W8A8,pack2_bmm,20304,12672,6144,1344,20304,0,11010048,5505024,24,43008,524288,21504
5291,5291,view,LAYOUT,layout_engine,32772,32772,32768,32768,32772,0,0,0,0,1048576,0,1048576
5292,5292,transpose,LAYOUT,layout_engine,32772,32772,32768,32768,32772,0,0,0,0,1048576,0,1048576
5293,5293,reshape,LAYOUT,layout_engine,32772,32772,32768,32768,32772,0,0,0,0,1048576,0,1048576
5294,5294,view,LAYOUT,layout_engine,1348,1348,1344,1344,1348,0,0,0,0,43008,0,43008
5295,5295,transpose,LAYOUT,layout_engine,1348,1348,1344,1344,1348,0,0,0,0,43008,0,43008
5296,5296,reshape,LAYOUT,layout_engine,1348,1348,1344,1344,1348,0,0,0,0,43008,0,43008
5297,5297,linear,GEMM_W8A8,pack2_gemm,32768,32768,32768,32768,32768,0,0,0,0,1048576,0,1048576
5298,5298,detach,META_IDENTITY,meta_engine,32768,32768,32768,32768,32768,0,0,0,0,1048576,0,1048576
5299,5299,to,META_IDENTITY,meta_engine,32768,32768,32768,32768,32768,0,0,0,0,1048576,0,1048576
5300,5300,to,META_IDENTITY,meta_engine,32768,32768,32768,32768,32768,0,0,0,0,1048576,0,1048576
5301,5301,detach,META_IDENTITY,meta_engine,32768,32768,32768,32768,32768,0,0,0,0,1048576,0,1048576
5302,5302,to,META_IDENTITY,meta_engine,32768,32768,32768,32768,32768,0,0,0,0,1048576,0,1048576
5303,5303,resolve_conj,META_IDENTITY,meta_engine,32768,32768,32768,32768,32768,0,0,0,0,1048576,0,1048576
5304,5304,resolve_neg,META_IDENTITY,meta_engine,32768,32768,32768,32768,32768,0,0,0,0,1048576,0,1048576
5305,5305,detach,META_IDENTITY,meta_engine,16384,16384,16384,16384,16384,0,0,0,0,524288,0,524288
5306,5306,detach,META_IDENTITY,meta_engine,16384,16384,16384,16384,16384,0,0,0,0,524288,0,524288
5307,5307,to,META_IDENTITY,meta_engine,16384,16384,16384,16384,16384,0,0,0,0,524288,0,524288
5308,5308,to,META_IDENTITY,meta_engine,16384,16384,16384,16384,16384,0,0,0,0,524288,0,524288
5309,5309,detach,META_IDENTITY,meta_engine,16384,16384,16384,16384,16384,0,0,0,0,524288,0,524288
5310,5310,to,META_IDENTITY,meta_engine,16384,16384,16384,16384,16384,0,0,0,0,524288,0,524288
5311,5311,resolve_conj,META_IDENTITY,meta_engine,16384,16384,16384,16384,16384,0,0,0,0,524288,0,524288
5312,5312,resolve_neg,META_IDENTITY,meta_engine,16384,16384,16384,16384,16384,0,0,0,0,524288,0,524288
5313,5313,linear,GEMM_W8A8,pack2_gemm,1344,1344,1344,1344,1344,0,0,0,0,43008,0,43008
5314,5314,detach,META_IDENTITY,meta_engine,1344,1344,1344,1344,1344,0,0,0,0,43008,0,43008
5315,5315,to,META_IDENTITY,meta_engine,1344,1344,1344,1344,1344,0,0,0,0,43008,0,43008
5316,5316,to,META_IDENTITY,meta_engine,1344,1344,1344,1344,1344,0,0,0,0,43008,0,43008
5317,5317,detach,META_IDENTITY,meta_engine,1344,1344,1344,1344,1344,0,0,0,0,43008,0,43008
5318,5318,to,META_IDENTITY,meta_engine,1344,1344,1344,1344,1344,0,0,0,0,43008,0,43008
5319,5319,resolve_conj,META_IDENTITY,meta_engine,1344,1344,1344,1344,1344,0,0,0,0,43008,0,43008
5320,5320,resolve_neg,META_IDENTITY,meta_engine,1344,1344,1344,1344,1344,0,0,0,0,43008,0,43008
5321,5321,detach,META_IDENTITY,meta_engine,16384,16384,16384,16384,16384,0,0,0,0,524288,0,524288
5322,5322,detach,META_IDENTITY,meta_engine,16384,16384,16384,16384,16384,0,0,0,0,524288,0,524288
5323,5323,to,META_IDENTITY,meta_engine,16384,16384,16384,16384,16384,0,0,0,0,524288,0,524288
5324,5324,to,META_IDENTITY,meta_engine,16384,16384,16384,16384,16384,0,0,0,0,524288,0,524288
5325,5325,detach,META_IDENTITY,meta_engine,16384,16384,16384,16384,16384,0,0,0,0,524288,0,524288
5326,5326,to,META_IDENTITY,meta_engine,16384,16384,16384,16384,16384,0,0,0,0,524288,0,524288
5327,5327,resolve_conj,META_IDENTITY,meta_engine,16384,16384,16384,16384,16384,0,0,0,0,524288,0,524288
5328,5328,resolve_neg,META_IDENTITY,meta_engine,16384,16384,16384,16384,16384,0,0,0,0,524288,0,524288
5329,5329,mul,MUL,fp16_vector,16,16,16,16,16,0,0,0,0,512,0,512
5330,5330,add,ADD,fp16_vector,8192,8192,8192,8192,8192,0,0,0,0,262144,0,262144
5331,5331,mul,MUL,fp16_vector,16,16,16,16,16,0,0,0,0,512,0,512
5332,5332,add,ADD,fp16_vector,336,336,336,336,336,0,0,0,0,10752,0,10752
5333,5333,bitwise_not,MASK,mask_engine,32,32,28,28,32,0,0,0,0,882,0,882
5334,5334,transpose,LAYOUT,layout_engine,340,340,336,336,340,0,0,0,0,10752,0,10752
5335,5335,repeat,LAYOUT,layout_engine,32,32,28,28,32,0,0,0,0,882,0,882
5336,5336,zeros_like,FILL,memory_engine,115,115,111,111,115,0,0,0,0,3528,0,3528
5337,5337,masked_fill_,MASK,mask_engine,115,115,111,111,115,0,0,0,0,3528,0,3528
5338,5338,linear,GEMM_W8A8,pack2_gemm,336,336,336,336,336,0,0,0,0,10752,0,10752
5339,5339,unflatten,LAYOUT,layout_engine,1012,1012,1008,1008,1012,0,0,0,0,32256,0,32256
5340,5340,unsqueeze,LAYOUT,layout_engine,1012,1012,1008,1008,1012,0,0,0,0,32256,0,32256
5341,5341,transpose,LAYOUT,layout_engine,1012,1012,1008,1008,1012,0,0,0,0,32256,0,32256
5342,5342,squeeze,LAYOUT,layout_engine,1012,1012,1008,1008,1012,0,0,0,0,32256,0,32256
5343,5343,contiguous,LAYOUT,layout_engine,1012,1012,1008,1008,1012,0,0,0,0,32256,0,32256
5344,5344,select,LAYOUT,layout_engine,1012,1012,1008,1008,1012,0,0,0,0,32256,0,32256
5345,5345,select,LAYOUT,layout_engine,1012,1012,1008,1008,1012,0,0,0,0,32256,0,32256
5346,5346,select,LAYOUT,layout_engine,1012,1012,1008,1008,1012,0,0,0,0,32256,0,32256
5347,5347,view,LAYOUT,layout_engine,340,340,336,336,340,0,0,0,0,10752,0,10752
5348,5348,transpose,LAYOUT,layout_engine,340,340,336,336,340,0,0,0,0,10752,0,10752
5349,5349,view,LAYOUT,layout_engine,340,340,336,336,340,0,0,0,0,10752,0,10752
5350,5350,transpose,LAYOUT,layout_engine,340,340,336,336,340,0,0,0,0,10752,0,10752
5351,5351,view,LAYOUT,layout_engine,340,340,336,336,340,0,0,0,0,10752,0,10752
5352,5352,transpose,LAYOUT,layout_engine,340,340,336,336,340,0,0,0,0,10752,0,10752
5353,5353,mul,MUL,fp16_vector,336,336,336,336,336,0,0,0,0,10752,0,10752
5354,5354,transpose,LAYOUT,layout_engine,340,340,336,336,340,0,0,0,0,10752,0,10752
5355,5355,baddbmm,BMM_W8A8,pack2_bmm,848,296,168,336,848,0,112896,56448,8,1764,5376,5376
5356,5356,softmax,SOFTMAX,fp16_vector,143,143,111,111,143,0,0,0,0,3528,0,3528
5357,5357,bmm,BMM_W8A8,pack2_bmm,848,296,168,336,848,0,112896,56448,8,1764,5376,5376
5358,5358,transpose,LAYOUT,layout_engine,340,340,336,336,340,0,0,0,0,10752,0,10752
5359,5359,contiguous,LAYOUT,layout_engine,340,340,336,336,340,0,0,0,0,10752,0,10752
5360,5360,view,LAYOUT,layout_engine,340,340,336,336,340,0,0,0,0,10752,0,10752
5361,5361,linear,GEMM_W8A8,pack2_gemm,2760,1632,768,336,2760,0,1376256,688128,6,5376,65536,5376
5362,5362,view,LAYOUT,layout_engine,340,340,336,336,340,0,0,0,0,10752,0,10752
5363,5363,view,LAYOUT,layout_engine,115,115,111,111,115,0,0,0,0,3528,0,3528
5364,5364,mean,REDUCE,fp16_vector,143,143,111,111,143,0,0,0,0,3528,0,3528
5365,5365,dropout,META_IDENTITY,meta_engine,336,336,336,336,336,0,0,0,0,10752,0,10752
5366,5366,add,ADD,fp16_vector,336,336,336,336,336,0,0,0,0,10752,0,10752
5367,5367,layer_norm,LAYER_NORM,fp16_vector,368,368,336,336,368,0,0,0,0,10752,0,10752
5368,5368,linear,GEMM_W8A8,pack2_gemm,336,336,336,336,336,0,0,0,0,10752,0,10752
5369,5369,detach,META_IDENTITY,meta_engine,336,336,336,336,336,0,0,0,0,10752,0,10752
5370,5370,to,META_IDENTITY,meta_engine,336,336,336,336,336,0,0,0,0,10752,0,10752
5371,5371,to,META_IDENTITY,meta_engine,336,336,336,336,336,0,0,0,0,10752,0,10752
5372,5372,detach,META_IDENTITY,meta_engine,336,336,336,336,336,0,0,0,0,10752,0,10752
5373,5373,to,META_IDENTITY,meta_engine,336,336,336,336,336,0,0,0,0,10752,0,10752
5374,5374,resolve_conj,META_IDENTITY,meta_engine,336,336,336,336,336,0,0,0,0,10752,0,10752
5375,5375,resolve_neg,META_IDENTITY,meta_engine,336,336,336,336,336,0,0,0,0,10752,0,10752
5376,5376,detach,META_IDENTITY,meta_engine,16384,16384,16384,16384,16384,0,0,0,0,524288,0,524288
5377,5377,detach,META_IDENTITY,meta_engine,16384,16384,16384,16384,16384,0,0,0,0,524288,0,524288
5378,5378,to,META_IDENTITY,meta_engine,16384,16384,16384,16384,16384,0,0,0,0,524288,0,524288
5379,5379,to,META_IDENTITY,meta_engine,16384,16384,16384,16384,16384,0,0,0,0,524288,0,524288
5380,5380,detach,META_IDENTITY,meta_engine,16384,16384,16384,16384,16384,0,0,0,0,524288,0,524288
5381,5381,to,META_IDENTITY,meta_engine,16384,16384,16384,16384,16384,0,0,0,0,524288,0,524288
5382,5382,resolve_conj,META_IDENTITY,meta_engine,16384,16384,16384,16384,16384,0,0,0,0,524288,0,524288
5383,5383,resolve_neg,META_IDENTITY,meta_engine,16384,16384,16384,16384,16384,0,0,0,0,524288,0,524288
5384,5384,relu,RELU,fp16_vector,1344,1344,1344,1344,1344,0,0,0,0,43008,0,43008
5385,5385,dropout,META_IDENTITY,meta_engine,1344,1344,1344,1344,1344,0,0,0,0,43008,0,43008
5386,5386,linear,GEMM_W8A8,pack2_gemm,1344,1344,1344,1344,1344,0,0,0,0,43008,0,43008
5387,5387,detach,META_IDENTITY,meta_engine,1344,1344,1344,1344,1344,0,0,0,0,43008,0,43008
5388,5388,to,META_IDENTITY,meta_engine,1344,1344,1344,1344,1344,0,0,0,0,43008,0,43008
5389,5389,to,META_IDENTITY,meta_engine,1344,1344,1344,1344,1344,0,0,0,0,43008,0,43008
5390,5390,detach,META_IDENTITY,meta_engine,1344,1344,1344,1344,1344,0,0,0,0,43008,0,43008
5391,5391,to,META_IDENTITY,meta_engine,1344,1344,1344,1344,1344,0,0,0,0,43008,0,43008
5392,5392,resolve_conj,META_IDENTITY,meta_engine,1344,1344,1344,1344,1344,0,0,0,0,43008,0,43008
5393,5393,resolve_neg,META_IDENTITY,meta_engine,1344,1344,1344,1344,1344,0,0,0,0,43008,0,43008
5394,5394,detach,META_IDENTITY,meta_engine,16384,16384,16384,16384,16384,0,0,0,0,524288,0,524288
5395,5395,detach,META_IDENTITY,meta_engine,16384,16384,16384,16384,16384,0,0,0,0,524288,0,524288
5396,5396,to,META_IDENTITY,meta_engine,16384,16384,16384,16384,16384,0,0,0,0,524288,0,524288
5397,5397,to,META_IDENTITY,meta_engine,16384,16384,16384,16384,16384,0,0,0,0,524288,0,524288
5398,5398,detach,META_IDENTITY,meta_engine,16384,16384,16384,16384,16384,0,0,0,0,524288,0,524288
5399,5399,to,META_IDENTITY,meta_engine,16384,16384,16384,16384,16384,0,0,0,0,524288,0,524288
5400,5400,resolve_conj,META_IDENTITY,meta_engine,16384,16384,16384,16384,16384,0,0,0,0,524288,0,524288
5401,5401,resolve_neg,META_IDENTITY,meta_engine,16384,16384,16384,16384,16384,0,0,0,0,524288,0,524288
5402,5402,dropout,META_IDENTITY,meta_engine,336,336,336,336,336,0,0,0,0,10752,0,10752
5403,5403,add,ADD,fp16_vector,336,336,336,336,336,0,0,0,0,10752,0,10752
5404,5404,layer_norm,LAYER_NORM,fp16_vector,368,368,336,336,368,0,0,0,0,10752,0,10752
5405,5405,transpose,LAYOUT,layout_engine,340,340,336,336,340,0,0,0,0,10752,0,10752
5406,5406,layer_norm,LAYER_NORM,fp16_vector,8224,8224,8192,8192,8224,0,0,0,0,262144,0,262144
5407,5407,layer_norm,LAYER_NORM,fp16_vector,368,368,336,336,368,0,0,0,0,10752,0,10752
5408,5408,linear,GEMM_W8A8,pack2_gemm,8192,8192,8192,8192,8192,0,0,0,0,262144,0,262144
5409,5409,detach,META_IDENTITY,meta_engine,8192,8192,8192,8192,8192,0,0,0,0,262144,0,262144
5410,5410,to,META_IDENTITY,meta_engine,8192,8192,8192,8192,8192,0,0,0,0,262144,0,262144
5411,5411,to,META_IDENTITY,meta_engine,8192,8192,8192,8192,8192,0,0,0,0,262144,0,262144
5412,5412,detach,META_IDENTITY,meta_engine,8192,8192,8192,8192,8192,0,0,0,0,262144,0,262144
5413,5413,to,META_IDENTITY,meta_engine,8192,8192,8192,8192,8192,0,0,0,0,262144,0,262144
5414,5414,resolve_conj,META_IDENTITY,meta_engine,8192,8192,8192,8192,8192,0,0,0,0,262144,0,262144
5415,5415,resolve_neg,META_IDENTITY,meta_engine,8192,8192,8192,8192,8192,0,0,0,0,262144,0,262144
5416,5416,detach,META_IDENTITY,meta_engine,16384,16384,16384,16384,16384,0,0,0,0,524288,0,524288
5417,5417,detach,META_IDENTITY,meta_engine,16384,16384,16384,16384,16384,0,0,0,0,524288,0,524288
5418,5418,to,META_IDENTITY,meta_engine,16384,16384,16384,16384,16384,0,0,0,0,524288,0,524288
5419,5419,to,META_IDENTITY,meta_engine,16384,16384,16384,16384,16384,0,0,0,0,524288,0,524288
5420,5420,detach,META_IDENTITY,meta_engine,16384,16384,16384,16384,16384,0,0,0,0,524288,0,524288
5421,5421,to,META_IDENTITY,meta_engine,16384,16384,16384,16384,16384,0,0,0,0,524288,0,524288
5422,5422,resolve_conj,META_IDENTITY,meta_engine,16384,16384,16384,16384,16384,0,0,0,0,524288,0,524288
5423,5423,resolve_neg,META_IDENTITY,meta_engine,16384,16384,16384,16384,16384,0,0,0,0,524288,0,524288
5424,5424,mul,MUL,fp16_vector,32768,32768,32768,32768,32768,0,0,0,0,1048576,0,1048576
5425,5425,linear,GEMM_W8A8,pack2_gemm,336,336,336,336,336,0,0,0,0,10752,0,10752
5426,5426,detach,META_IDENTITY,meta_engine,336,336,336,336,336,0,0,0,0,10752,0,10752
5427,5427,to,META_IDENTITY,meta_engine,336,336,336,336,336,0,0,0,0,10752,0,10752
5428,5428,to,META_IDENTITY,meta_engine,336,336,336,336,336,0,0,0,0,10752,0,10752
5429,5429,detach,META_IDENTITY,meta_engine,336,336,336,336,336,0,0,0,0,10752,0,10752
5430,5430,to,META_IDENTITY,meta_engine,336,336,336,336,336,0,0,0,0,10752,0,10752
5431,5431,resolve_conj,META_IDENTITY,meta_engine,336,336,336,336,336,0,0,0,0,10752,0,10752
5432,5432,resolve_neg,META_IDENTITY,meta_engine,336,336,336,336,336,0,0,0,0,10752,0,10752
5433,5433,detach,META_IDENTITY,meta_engine,16384,16384,16384,16384,16384,0,0,0,0,524288,0,524288
5434,5434,detach,META_IDENTITY,meta_engine,16384,16384,16384,16384,16384,0,0,0,0,524288,0,524288
5435,5435,to,META_IDENTITY,meta_engine,16384,16384,16384,16384,16384,0,0,0,0,524288,0,524288
5436,5436,to,META_IDENTITY,meta_engine,16384,16384,16384,16384,16384,0,0,0,0,524288,0,524288
5437,5437,detach,META_IDENTITY,meta_engine,16384,16384,16384,16384,16384,0,0,0,0,524288,0,524288
5438,5438,to,META_IDENTITY,meta_engine,16384,16384,16384,16384,16384,0,0,0,0,524288,0,524288
5439,5439,resolve_conj,META_IDENTITY,meta_engine,16384,16384,16384,16384,16384,0,0,0,0,524288,0,524288
5440,5440,resolve_neg,META_IDENTITY,meta_engine,16384,16384,16384,16384,16384,0,0,0,0,524288,0,524288
5441,5441,view,LAYOUT,layout_engine,1348,1348,1344,1344,1348,0,0,0,0,43008,0,43008
5442,5442,transpose,LAYOUT,layout_engine,1348,1348,1344,1344,1348,0,0,0,0,43008,0,43008
5443,5443,contiguous,LAYOUT,layout_engine,1348,1348,1344,1344,1348,0,0,0,0,43008,0,43008
5444,5444,linear,GEMM_W8A8,pack2_gemm,8192,8192,8192,8192,8192,0,0,0,0,262144,0,262144
5445,5445,detach,META_IDENTITY,meta_engine,8192,8192,8192,8192,8192,0,0,0,0,262144,0,262144
5446,5446,to,META_IDENTITY,meta_engine,8192,8192,8192,8192,8192,0,0,0,0,262144,0,262144
5447,5447,to,META_IDENTITY,meta_engine,8192,8192,8192,8192,8192,0,0,0,0,262144,0,262144
5448,5448,detach,META_IDENTITY,meta_engine,8192,8192,8192,8192,8192,0,0,0,0,262144,0,262144
5449,5449,to,META_IDENTITY,meta_engine,8192,8192,8192,8192,8192,0,0,0,0,262144,0,262144
5450,5450,resolve_conj,META_IDENTITY,meta_engine,8192,8192,8192,8192,8192,0,0,0,0,262144,0,262144
5451,5451,resolve_neg,META_IDENTITY,meta_engine,8192,8192,8192,8192,8192,0,0,0,0,262144,0,262144
5452,5452,detach,META_IDENTITY,meta_engine,16384,16384,16384,16384,16384,0,0,0,0,524288,0,524288
5453,5453,detach,META_IDENTITY,meta_engine,16384,16384,16384,16384,16384,0,0,0,0,524288,0,524288
5454,5454,to,META_IDENTITY,meta_engine,16384,16384,16384,16384,16384,0,0,0,0,524288,0,524288
5455,5455,to,META_IDENTITY,meta_engine,16384,16384,16384,16384,16384,0,0,0,0,524288,0,524288
5456,5456,detach,META_IDENTITY,meta_engine,16384,16384,16384,16384,16384,0,0,0,0,524288,0,524288
5457,5457,to,META_IDENTITY,meta_engine,16384,16384,16384,16384,16384,0,0,0,0,524288,0,524288
5458,5458,resolve_conj,META_IDENTITY,meta_engine,16384,16384,16384,16384,16384,0,0,0,0,524288,0,524288
5459,5459,resolve_neg,META_IDENTITY,meta_engine,16384,16384,16384,16384,16384,0,0,0,0,524288,0,524288
5460,5460,view,LAYOUT,layout_engine,32772,32772,32768,32768,32772,0,0,0,0,1048576,0,1048576
5461,5461,transpose,LAYOUT,layout_engine,32772,32772,32768,32768,32772,0,0,0,0,1048576,0,1048576
5462,5462,contiguous,LAYOUT,layout_engine,32772,32772,32768,32768,32772,0,0,0,0,1048576,0,1048576
5463,5463,linear,GEMM_W8A8,pack2_gemm,336,336,336,336,336,0,0,0,0,10752,0,10752
5464,5464,detach,META_IDENTITY,meta_engine,336,336,336,336,336,0,0,0,0,10752,0,10752
5465,5465,to,META_IDENTITY,meta_engine,336,336,336,336,336,0,0,0,0,10752,0,10752
5466,5466,to,META_IDENTITY,meta_engine,336,336,336,336,336,0,0,0,0,10752,0,10752
5467,5467,detach,META_IDENTITY,meta_engine,336,336,336,336,336,0,0,0,0,10752,0,10752
5468,5468,to,META_IDENTITY,meta_engine,336,336,336,336,336,0,0,0,0,10752,0,10752
5469,5469,resolve_conj,META_IDENTITY,meta_engine,336,336,336,336,336,0,0,0,0,10752,0,10752
5470,5470,resolve_neg,META_IDENTITY,meta_engine,336,336,336,336,336,0,0,0,0,10752,0,10752
5471,5471,detach,META_IDENTITY,meta_engine,16384,16384,16384,16384,16384,0,0,0,0,524288,0,524288
5472,5472,detach,META_IDENTITY,meta_engine,16384,16384,16384,16384,16384,0,0,0,0,524288,0,524288
5473,5473,to,META_IDENTITY,meta_engine,16384,16384,16384,16384,16384,0,0,0,0,524288,0,524288
5474,5474,to,META_IDENTITY,meta_engine,16384,16384,16384,16384,16384,0,0,0,0,524288,0,524288
5475,5475,detach,META_IDENTITY,meta_engine,16384,16384,16384,16384,16384,0,0,0,0,524288,0,524288
5476,5476,to,META_IDENTITY,meta_engine,16384,16384,16384,16384,16384,0,0,0,0,524288,0,524288
5477,5477,resolve_conj,META_IDENTITY,meta_engine,16384,16384,16384,16384,16384,0,0,0,0,524288,0,524288
5478,5478,resolve_neg,META_IDENTITY,meta_engine,16384,16384,16384,16384,16384,0,0,0,0,524288,0,524288
5479,5479,view,LAYOUT,layout_engine,1348,1348,1344,1344,1348,0,0,0,0,43008,0,43008
5480,5480,transpose,LAYOUT,layout_engine,1348,1348,1344,1344,1348,0,0,0,0,43008,0,43008
5481,5481,contiguous,LAYOUT,layout_engine,1348,1348,1344,1344,1348,0,0,0,0,43008,0,43008
5482,5482,view,LAYOUT,layout_engine,32772,32772,32768,32768,32772,0,0,0,0,1048576,0,1048576
5483,5483,transpose,LAYOUT,layout_engine,32772,32772,32768,32768,32772,0,0,0,0,1048576,0,1048576
5484,5484,contiguous,LAYOUT,layout_engine,32772,32772,32768,32768,32772,0,0,0,0,1048576,0,1048576
5485,5485,view,LAYOUT,layout_engine,32772,32772,32768,32768,32772,0,0,0,0,1048576,0,1048576
5486,5486,view,LAYOUT,layout_engine,1348,1348,1344,1344,1348,0,0,0,0,43008,0,43008
5487,5487,view,LAYOUT,layout_engine,32772,32772,32768,32768,32772,0,0,0,0,1048576,0,1048576
5488,5488,view,LAYOUT,layout_engine,1348,1348,1344,1344,1348,0,0,0,0,43008,0,43008
5489,5489,transpose,LAYOUT,layout_engine,1348,1348,1344,1344,1348,0,0,0,0,43008,0,43008
5490,5490,bmm,BMM_W8A8,pack2_bmm,71040,34816,32768,2688,71040,0,11010048,5505024,128,524288,21504,43008
5491,5491,max,REDUCE,fp16_vector,2720,2720,2688,2688,2720,0,0,0,0,86016,0,86016
5492,5492,sub,ADD,fp16_vector,2688,2688,2688,2688,2688,0,0,0,0,86016,0,86016
5493,5493,clamp,CLAMP,fp16_vector,2688,2688,2688,2688,2688,0,0,0,0,86016,0,86016
5494,5494,clamp,CLAMP,fp16_vector,2688,2688,2688,2688,2688,0,0,0,0,86016,0,86016
5495,5495,transpose,LAYOUT,layout_engine,2692,2692,2688,2688,2692,0,0,0,0,86016,0,86016
5496,5496,max,REDUCE,fp16_vector,2720,2720,2688,2688,2720,0,0,0,0,86016,0,86016
5497,5497,sub,ADD,fp16_vector,2688,2688,2688,2688,2688,0,0,0,0,86016,0,86016
5498,5498,clamp,CLAMP,fp16_vector,2688,2688,2688,2688,2688,0,0,0,0,86016,0,86016
5499,5499,clamp,CLAMP,fp16_vector,2688,2688,2688,2688,2688,0,0,0,0,86016,0,86016
5500,5500,softmax,SOFTMAX,fp16_vector,2720,2720,2688,2688,2720,0,0,0,0,86016,0,86016
5501,5501,slice,LAYOUT,layout_engine,6,6,2,2,6,0,0,0,0,42,0,42
5502,5502,unsqueeze,LAYOUT,layout_engine,6,6,2,2,6,0,0,0,0,42,0,42
5503,5503,unsqueeze,LAYOUT,layout_engine,6,6,2,2,6,0,0,0,0,42,0,42
5504,5504,slice,LAYOUT,layout_engine,6,6,2,2,6,0,0,0,0,42,0,42
5505,5505,repeat,LAYOUT,layout_engine,6,6,2,2,6,0,0,0,0,42,0,42
5506,5506,flatten,LAYOUT,layout_engine,10,10,6,6,10,0,0,0,0,168,0,168
5507,5507,masked_fill_,MASK,mask_engine,2692,2692,2688,2688,2692,0,0,0,0,86016,0,86016
5508,5508,softmax,SOFTMAX,fp16_vector,2720,2720,2688,2688,2720,0,0,0,0,86016,0,86016
5509,5509,dropout,META_IDENTITY,meta_engine,2688,2688,2688,2688,2688,0,0,0,0,86016,0,86016
5510,5510,dropout,META_IDENTITY,meta_engine,2688,2688,2688,2688,2688,0,0,0,0,86016,0,86016
5511,5511,bmm,BMM_W8A8,pack2_bmm,51968,14208,2688,32768,51968,0,11010048,5505024,384,43008,21504,524288
5512,5512,bmm,BMM_W8A8,pack2_bmm,20304,12672,6144,1344,20304,0,11010048,5505024,24,43008,524288,21504
5513,5513,view,LAYOUT,layout_engine,32772,32772,32768,32768,32772,0,0,0,0,1048576,0,1048576
5514,5514,transpose,LAYOUT,layout_engine,32772,32772,32768,32768,32772,0,0,0,0,1048576,0,1048576
5515,5515,reshape,LAYOUT,layout_engine,32772,32772,32768,32768,32772,0,0,0,0,1048576,0,1048576
5516,5516,view,LAYOUT,layout_engine,1348,1348,1344,1344,1348,0,0,0,0,43008,0,43008
5517,5517,transpose,LAYOUT,layout_engine,1348,1348,1344,1344,1348,0,0,0,0,43008,0,43008
5518,5518,reshape,LAYOUT,layout_engine,1348,1348,1344,1344,1348,0,0,0,0,43008,0,43008
5519,5519,linear,GEMM_W8A8,pack2_gemm,32768,32768,32768,32768,32768,0,0,0,0,1048576,0,1048576
5520,5520,detach,META_IDENTITY,meta_engine,32768,32768,32768,32768,32768,0,0,0,0,1048576,0,1048576
5521,5521,to,META_IDENTITY,meta_engine,32768,32768,32768,32768,32768,0,0,0,0,1048576,0,1048576
5522,5522,to,META_IDENTITY,meta_engine,32768,32768,32768,32768,32768,0,0,0,0,1048576,0,1048576
5523,5523,detach,META_IDENTITY,meta_engine,32768,32768,32768,32768,32768,0,0,0,0,1048576,0,1048576
5524,5524,to,META_IDENTITY,meta_engine,32768,32768,32768,32768,32768,0,0,0,0,1048576,0,1048576
5525,5525,resolve_conj,META_IDENTITY,meta_engine,32768,32768,32768,32768,32768,0,0,0,0,1048576,0,1048576
5526,5526,resolve_neg,META_IDENTITY,meta_engine,32768,32768,32768,32768,32768,0,0,0,0,1048576,0,1048576
5527,5527,detach,META_IDENTITY,meta_engine,16384,16384,16384,16384,16384,0,0,0,0,524288,0,524288
5528,5528,detach,META_IDENTITY,meta_engine,16384,16384,16384,16384,16384,0,0,0,0,524288,0,524288
5529,5529,to,META_IDENTITY,meta_engine,16384,16384,16384,16384,16384,0,0,0,0,524288,0,524288
5530,5530,to,META_IDENTITY,meta_engine,16384,16384,16384,16384,16384,0,0,0,0,524288,0,524288
5531,5531,detach,META_IDENTITY,meta_engine,16384,16384,16384,16384,16384,0,0,0,0,524288,0,524288
5532,5532,to,META_IDENTITY,meta_engine,16384,16384,16384,16384,16384,0,0,0,0,524288,0,524288
5533,5533,resolve_conj,META_IDENTITY,meta_engine,16384,16384,16384,16384,16384,0,0,0,0,524288,0,524288
5534,5534,resolve_neg,META_IDENTITY,meta_engine,16384,16384,16384,16384,16384,0,0,0,0,524288,0,524288
5535,5535,linear,GEMM_W8A8,pack2_gemm,1344,1344,1344,1344,1344,0,0,0,0,43008,0,43008
5536,5536,detach,META_IDENTITY,meta_engine,1344,1344,1344,1344,1344,0,0,0,0,43008,0,43008
5537,5537,to,META_IDENTITY,meta_engine,1344,1344,1344,1344,1344,0,0,0,0,43008,0,43008
5538,5538,to,META_IDENTITY,meta_engine,1344,1344,1344,1344,1344,0,0,0,0,43008,0,43008
5539,5539,detach,META_IDENTITY,meta_engine,1344,1344,1344,1344,1344,0,0,0,0,43008,0,43008
5540,5540,to,META_IDENTITY,meta_engine,1344,1344,1344,1344,1344,0,0,0,0,43008,0,43008
5541,5541,resolve_conj,META_IDENTITY,meta_engine,1344,1344,1344,1344,1344,0,0,0,0,43008,0,43008
5542,5542,resolve_neg,META_IDENTITY,meta_engine,1344,1344,1344,1344,1344,0,0,0,0,43008,0,43008
5543,5543,detach,META_IDENTITY,meta_engine,16384,16384,16384,16384,16384,0,0,0,0,524288,0,524288
5544,5544,detach,META_IDENTITY,meta_engine,16384,16384,16384,16384,16384,0,0,0,0,524288,0,524288
5545,5545,to,META_IDENTITY,meta_engine,16384,16384,16384,16384,16384,0,0,0,0,524288,0,524288
5546,5546,to,META_IDENTITY,meta_engine,16384,16384,16384,16384,16384,0,0,0,0,524288,0,524288
5547,5547,detach,META_IDENTITY,meta_engine,16384,16384,16384,16384,16384,0,0,0,0,524288,0,524288
5548,5548,to,META_IDENTITY,meta_engine,16384,16384,16384,16384,16384,0,0,0,0,524288,0,524288
5549,5549,resolve_conj,META_IDENTITY,meta_engine,16384,16384,16384,16384,16384,0,0,0,0,524288,0,524288
5550,5550,resolve_neg,META_IDENTITY,meta_engine,16384,16384,16384,16384,16384,0,0,0,0,524288,0,524288
5551,5551,mul,MUL,fp16_vector,16,16,16,16,16,0,0,0,0,512,0,512
5552,5552,add,ADD,fp16_vector,8192,8192,8192,8192,8192,0,0,0,0,262144,0,262144
5553,5553,mul,MUL,fp16_vector,16,16,16,16,16,0,0,0,0,512,0,512
5554,5554,add,ADD,fp16_vector,336,336,336,336,336,0,0,0,0,10752,0,10752
5555,5555,bitwise_not,MASK,mask_engine,32,32,28,28,32,0,0,0,0,882,0,882
5556,5556,transpose,LAYOUT,layout_engine,340,340,336,336,340,0,0,0,0,10752,0,10752
5557,5557,repeat,LAYOUT,layout_engine,32,32,28,28,32,0,0,0,0,882,0,882
5558,5558,zeros_like,FILL,memory_engine,115,115,111,111,115,0,0,0,0,3528,0,3528
5559,5559,masked_fill_,MASK,mask_engine,115,115,111,111,115,0,0,0,0,3528,0,3528
5560,5560,linear,GEMM_W8A8,pack2_gemm,336,336,336,336,336,0,0,0,0,10752,0,10752
5561,5561,unflatten,LAYOUT,layout_engine,1012,1012,1008,1008,1012,0,0,0,0,32256,0,32256
5562,5562,unsqueeze,LAYOUT,layout_engine,1012,1012,1008,1008,1012,0,0,0,0,32256,0,32256
5563,5563,transpose,LAYOUT,layout_engine,1012,1012,1008,1008,1012,0,0,0,0,32256,0,32256
5564,5564,squeeze,LAYOUT,layout_engine,1012,1012,1008,1008,1012,0,0,0,0,32256,0,32256
5565,5565,contiguous,LAYOUT,layout_engine,1012,1012,1008,1008,1012,0,0,0,0,32256,0,32256
5566,5566,select,LAYOUT,layout_engine,1012,1012,1008,1008,1012,0,0,0,0,32256,0,32256
5567,5567,select,LAYOUT,layout_engine,1012,1012,1008,1008,1012,0,0,0,0,32256,0,32256
5568,5568,select,LAYOUT,layout_engine,1012,1012,1008,1008,1012,0,0,0,0,32256,0,32256
5569,5569,view,LAYOUT,layout_engine,340,340,336,336,340,0,0,0,0,10752,0,10752
5570,5570,transpose,LAYOUT,layout_engine,340,340,336,336,340,0,0,0,0,10752,0,10752
5571,5571,view,LAYOUT,layout_engine,340,340,336,336,340,0,0,0,0,10752,0,10752
5572,5572,transpose,LAYOUT,layout_engine,340,340,336,336,340,0,0,0,0,10752,0,10752
5573,5573,view,LAYOUT,layout_engine,340,340,336,336,340,0,0,0,0,10752,0,10752
5574,5574,transpose,LAYOUT,layout_engine,340,340,336,336,340,0,0,0,0,10752,0,10752
5575,5575,mul,MUL,fp16_vector,336,336,336,336,336,0,0,0,0,10752,0,10752
5576,5576,transpose,LAYOUT,layout_engine,340,340,336,336,340,0,0,0,0,10752,0,10752
5577,5577,baddbmm,BMM_W8A8,pack2_bmm,848,296,168,336,848,0,112896,56448,8,1764,5376,5376
5578,5578,softmax,SOFTMAX,fp16_vector,143,143,111,111,143,0,0,0,0,3528,0,3528
5579,5579,bmm,BMM_W8A8,pack2_bmm,848,296,168,336,848,0,112896,56448,8,1764,5376,5376
5580,5580,transpose,LAYOUT,layout_engine,340,340,336,336,340,0,0,0,0,10752,0,10752
5581,5581,contiguous,LAYOUT,layout_engine,340,340,336,336,340,0,0,0,0,10752,0,10752
5582,5582,view,LAYOUT,layout_engine,340,340,336,336,340,0,0,0,0,10752,0,10752
5583,5583,linear,GEMM_W8A8,pack2_gemm,2760,1632,768,336,2760,0,1376256,688128,6,5376,65536,5376
5584,5584,view,LAYOUT,layout_engine,340,340,336,336,340,0,0,0,0,10752,0,10752
5585,5585,view,LAYOUT,layout_engine,115,115,111,111,115,0,0,0,0,3528,0,3528
5586,5586,mean,REDUCE,fp16_vector,143,143,111,111,143,0,0,0,0,3528,0,3528
5587,5587,dropout,META_IDENTITY,meta_engine,336,336,336,336,336,0,0,0,0,10752,0,10752
5588,5588,add,ADD,fp16_vector,336,336,336,336,336,0,0,0,0,10752,0,10752
5589,5589,layer_norm,LAYER_NORM,fp16_vector,368,368,336,336,368,0,0,0,0,10752,0,10752
5590,5590,linear,GEMM_W8A8,pack2_gemm,336,336,336,336,336,0,0,0,0,10752,0,10752
5591,5591,detach,META_IDENTITY,meta_engine,336,336,336,336,336,0,0,0,0,10752,0,10752
5592,5592,to,META_IDENTITY,meta_engine,336,336,336,336,336,0,0,0,0,10752,0,10752
5593,5593,to,META_IDENTITY,meta_engine,336,336,336,336,336,0,0,0,0,10752,0,10752
5594,5594,detach,META_IDENTITY,meta_engine,336,336,336,336,336,0,0,0,0,10752,0,10752
5595,5595,to,META_IDENTITY,meta_engine,336,336,336,336,336,0,0,0,0,10752,0,10752
5596,5596,resolve_conj,META_IDENTITY,meta_engine,336,336,336,336,336,0,0,0,0,10752,0,10752
5597,5597,resolve_neg,META_IDENTITY,meta_engine,336,336,336,336,336,0,0,0,0,10752,0,10752
5598,5598,detach,META_IDENTITY,meta_engine,16384,16384,16384,16384,16384,0,0,0,0,524288,0,524288
5599,5599,detach,META_IDENTITY,meta_engine,16384,16384,16384,16384,16384,0,0,0,0,524288,0,524288
5600,5600,to,META_IDENTITY,meta_engine,16384,16384,16384,16384,16384,0,0,0,0,524288,0,524288
5601,5601,to,META_IDENTITY,meta_engine,16384,16384,16384,16384,16384,0,0,0,0,524288,0,524288
5602,5602,detach,META_IDENTITY,meta_engine,16384,16384,16384,16384,16384,0,0,0,0,524288,0,524288
5603,5603,to,META_IDENTITY,meta_engine,16384,16384,16384,16384,16384,0,0,0,0,524288,0,524288
5604,5604,resolve_conj,META_IDENTITY,meta_engine,16384,16384,16384,16384,16384,0,0,0,0,524288,0,524288
5605,5605,resolve_neg,META_IDENTITY,meta_engine,16384,16384,16384,16384,16384,0,0,0,0,524288,0,524288
5606,5606,relu,RELU,fp16_vector,1344,1344,1344,1344,1344,0,0,0,0,43008,0,43008
5607,5607,dropout,META_IDENTITY,meta_engine,1344,1344,1344,1344,1344,0,0,0,0,43008,0,43008
5608,5608,linear,GEMM_W8A8,pack2_gemm,1344,1344,1344,1344,1344,0,0,0,0,43008,0,43008
5609,5609,detach,META_IDENTITY,meta_engine,1344,1344,1344,1344,1344,0,0,0,0,43008,0,43008
5610,5610,to,META_IDENTITY,meta_engine,1344,1344,1344,1344,1344,0,0,0,0,43008,0,43008
5611,5611,to,META_IDENTITY,meta_engine,1344,1344,1344,1344,1344,0,0,0,0,43008,0,43008
5612,5612,detach,META_IDENTITY,meta_engine,1344,1344,1344,1344,1344,0,0,0,0,43008,0,43008
5613,5613,to,META_IDENTITY,meta_engine,1344,1344,1344,1344,1344,0,0,0,0,43008,0,43008
5614,5614,resolve_conj,META_IDENTITY,meta_engine,1344,1344,1344,1344,1344,0,0,0,0,43008,0,43008
5615,5615,resolve_neg,META_IDENTITY,meta_engine,1344,1344,1344,1344,1344,0,0,0,0,43008,0,43008
5616,5616,detach,META_IDENTITY,meta_engine,16384,16384,16384,16384,16384,0,0,0,0,524288,0,524288
5617,5617,detach,META_IDENTITY,meta_engine,16384,16384,16384,16384,16384,0,0,0,0,524288,0,524288
5618,5618,to,META_IDENTITY,meta_engine,16384,16384,16384,16384,16384,0,0,0,0,524288,0,524288
5619,5619,to,META_IDENTITY,meta_engine,16384,16384,16384,16384,16384,0,0,0,0,524288,0,524288
5620,5620,detach,META_IDENTITY,meta_engine,16384,16384,16384,16384,16384,0,0,0,0,524288,0,524288
5621,5621,to,META_IDENTITY,meta_engine,16384,16384,16384,16384,16384,0,0,0,0,524288,0,524288
5622,5622,resolve_conj,META_IDENTITY,meta_engine,16384,16384,16384,16384,16384,0,0,0,0,524288,0,524288
5623,5623,resolve_neg,META_IDENTITY,meta_engine,16384,16384,16384,16384,16384,0,0,0,0,524288,0,524288
5624,5624,dropout,META_IDENTITY,meta_engine,336,336,336,336,336,0,0,0,0,10752,0,10752
5625,5625,add,ADD,fp16_vector,336,336,336,336,336,0,0,0,0,10752,0,10752
5626,5626,layer_norm,LAYER_NORM,fp16_vector,368,368,336,336,368,0,0,0,0,10752,0,10752
5627,5627,transpose,LAYOUT,layout_engine,340,340,336,336,340,0,0,0,0,10752,0,10752
5628,5628,layer_norm,LAYER_NORM,fp16_vector,8224,8224,8192,8192,8224,0,0,0,0,262144,0,262144
5629,5629,layer_norm,LAYER_NORM,fp16_vector,368,368,336,336,368,0,0,0,0,10752,0,10752
5630,5630,linear,GEMM_W8A8,pack2_gemm,8192,8192,8192,8192,8192,0,0,0,0,262144,0,262144
5631,5631,detach,META_IDENTITY,meta_engine,8192,8192,8192,8192,8192,0,0,0,0,262144,0,262144
5632,5632,to,META_IDENTITY,meta_engine,8192,8192,8192,8192,8192,0,0,0,0,262144,0,262144
5633,5633,to,META_IDENTITY,meta_engine,8192,8192,8192,8192,8192,0,0,0,0,262144,0,262144
5634,5634,detach,META_IDENTITY,meta_engine,8192,8192,8192,8192,8192,0,0,0,0,262144,0,262144
5635,5635,to,META_IDENTITY,meta_engine,8192,8192,8192,8192,8192,0,0,0,0,262144,0,262144
5636,5636,resolve_conj,META_IDENTITY,meta_engine,8192,8192,8192,8192,8192,0,0,0,0,262144,0,262144
5637,5637,resolve_neg,META_IDENTITY,meta_engine,8192,8192,8192,8192,8192,0,0,0,0,262144,0,262144
5638,5638,detach,META_IDENTITY,meta_engine,16384,16384,16384,16384,16384,0,0,0,0,524288,0,524288
5639,5639,detach,META_IDENTITY,meta_engine,16384,16384,16384,16384,16384,0,0,0,0,524288,0,524288
5640,5640,to,META_IDENTITY,meta_engine,16384,16384,16384,16384,16384,0,0,0,0,524288,0,524288
5641,5641,to,META_IDENTITY,meta_engine,16384,16384,16384,16384,16384,0,0,0,0,524288,0,524288
5642,5642,detach,META_IDENTITY,meta_engine,16384,16384,16384,16384,16384,0,0,0,0,524288,0,524288
5643,5643,to,META_IDENTITY,meta_engine,16384,16384,16384,16384,16384,0,0,0,0,524288,0,524288
5644,5644,resolve_conj,META_IDENTITY,meta_engine,16384,16384,16384,16384,16384,0,0,0,0,524288,0,524288
5645,5645,resolve_neg,META_IDENTITY,meta_engine,16384,16384,16384,16384,16384,0,0,0,0,524288,0,524288
5646,5646,mul,MUL,fp16_vector,32768,32768,32768,32768,32768,0,0,0,0,1048576,0,1048576
5647,5647,linear,GEMM_W8A8,pack2_gemm,336,336,336,336,336,0,0,0,0,10752,0,10752
5648,5648,detach,META_IDENTITY,meta_engine,336,336,336,336,336,0,0,0,0,10752,0,10752
5649,5649,to,META_IDENTITY,meta_engine,336,336,336,336,336,0,0,0,0,10752,0,10752
5650,5650,to,META_IDENTITY,meta_engine,336,336,336,336,336,0,0,0,0,10752,0,10752
5651,5651,detach,META_IDENTITY,meta_engine,336,336,336,336,336,0,0,0,0,10752,0,10752
5652,5652,to,META_IDENTITY,meta_engine,336,336,336,336,336,0,0,0,0,10752,0,10752
5653,5653,resolve_conj,META_IDENTITY,meta_engine,336,336,336,336,336,0,0,0,0,10752,0,10752
5654,5654,resolve_neg,META_IDENTITY,meta_engine,336,336,336,336,336,0,0,0,0,10752,0,10752
5655,5655,detach,META_IDENTITY,meta_engine,16384,16384,16384,16384,16384,0,0,0,0,524288,0,524288
5656,5656,detach,META_IDENTITY,meta_engine,16384,16384,16384,16384,16384,0,0,0,0,524288,0,524288
5657,5657,to,META_IDENTITY,meta_engine,16384,16384,16384,16384,16384,0,0,0,0,524288,0,524288
5658,5658,to,META_IDENTITY,meta_engine,16384,16384,16384,16384,16384,0,0,0,0,524288,0,524288
5659,5659,detach,META_IDENTITY,meta_engine,16384,16384,16384,16384,16384,0,0,0,0,524288,0,524288
5660,5660,to,META_IDENTITY,meta_engine,16384,16384,16384,16384,16384,0,0,0,0,524288,0,524288
5661,5661,resolve_conj,META_IDENTITY,meta_engine,16384,16384,16384,16384,16384,0,0,0,0,524288,0,524288
5662,5662,resolve_neg,META_IDENTITY,meta_engine,16384,16384,16384,16384,16384,0,0,0,0,524288,0,524288
5663,5663,view,LAYOUT,layout_engine,1348,1348,1344,1344,1348,0,0,0,0,43008,0,43008
5664,5664,transpose,LAYOUT,layout_engine,1348,1348,1344,1344,1348,0,0,0,0,43008,0,43008
5665,5665,contiguous,LAYOUT,layout_engine,1348,1348,1344,1344,1348,0,0,0,0,43008,0,43008
5666,5666,linear,GEMM_W8A8,pack2_gemm,8192,8192,8192,8192,8192,0,0,0,0,262144,0,262144
5667,5667,detach,META_IDENTITY,meta_engine,8192,8192,8192,8192,8192,0,0,0,0,262144,0,262144
5668,5668,to,META_IDENTITY,meta_engine,8192,8192,8192,8192,8192,0,0,0,0,262144,0,262144
5669,5669,to,META_IDENTITY,meta_engine,8192,8192,8192,8192,8192,0,0,0,0,262144,0,262144
5670,5670,detach,META_IDENTITY,meta_engine,8192,8192,8192,8192,8192,0,0,0,0,262144,0,262144
5671,5671,to,META_IDENTITY,meta_engine,8192,8192,8192,8192,8192,0,0,0,0,262144,0,262144
5672,5672,resolve_conj,META_IDENTITY,meta_engine,8192,8192,8192,8192,8192,0,0,0,0,262144,0,262144
5673,5673,resolve_neg,META_IDENTITY,meta_engine,8192,8192,8192,8192,8192,0,0,0,0,262144,0,262144
5674,5674,detach,META_IDENTITY,meta_engine,16384,16384,16384,16384,16384,0,0,0,0,524288,0,524288
5675,5675,detach,META_IDENTITY,meta_engine,16384,16384,16384,16384,16384,0,0,0,0,524288,0,524288
5676,5676,to,META_IDENTITY,meta_engine,16384,16384,16384,16384,16384,0,0,0,0,524288,0,524288
5677,5677,to,META_IDENTITY,meta_engine,16384,16384,16384,16384,16384,0,0,0,0,524288,0,524288
5678,5678,detach,META_IDENTITY,meta_engine,16384,16384,16384,16384,16384,0,0,0,0,524288,0,524288
5679,5679,to,META_IDENTITY,meta_engine,16384,16384,16384,16384,16384,0,0,0,0,524288,0,524288
5680,5680,resolve_conj,META_IDENTITY,meta_engine,16384,16384,16384,16384,16384,0,0,0,0,524288,0,524288
5681,5681,resolve_neg,META_IDENTITY,meta_engine,16384,16384,16384,16384,16384,0,0,0,0,524288,0,524288
5682,5682,view,LAYOUT,layout_engine,32772,32772,32768,32768,32772,0,0,0,0,1048576,0,1048576
5683,5683,transpose,LAYOUT,layout_engine,32772,32772,32768,32768,32772,0,0,0,0,1048576,0,1048576
5684,5684,contiguous,LAYOUT,layout_engine,32772,32772,32768,32768,32772,0,0,0,0,1048576,0,1048576
5685,5685,linear,GEMM_W8A8,pack2_gemm,336,336,336,336,336,0,0,0,0,10752,0,10752
5686,5686,detach,META_IDENTITY,meta_engine,336,336,336,336,336,0,0,0,0,10752,0,10752
5687,5687,to,META_IDENTITY,meta_engine,336,336,336,336,336,0,0,0,0,10752,0,10752
5688,5688,to,META_IDENTITY,meta_engine,336,336,336,336,336,0,0,0,0,10752,0,10752
5689,5689,detach,META_IDENTITY,meta_engine,336,336,336,336,336,0,0,0,0,10752,0,10752
5690,5690,to,META_IDENTITY,meta_engine,336,336,336,336,336,0,0,0,0,10752,0,10752
5691,5691,resolve_conj,META_IDENTITY,meta_engine,336,336,336,336,336,0,0,0,0,10752,0,10752
5692,5692,resolve_neg,META_IDENTITY,meta_engine,336,336,336,336,336,0,0,0,0,10752,0,10752
5693,5693,detach,META_IDENTITY,meta_engine,16384,16384,16384,16384,16384,0,0,0,0,524288,0,524288
5694,5694,detach,META_IDENTITY,meta_engine,16384,16384,16384,16384,16384,0,0,0,0,524288,0,524288
5695,5695,to,META_IDENTITY,meta_engine,16384,16384,16384,16384,16384,0,0,0,0,524288,0,524288
5696,5696,to,META_IDENTITY,meta_engine,16384,16384,16384,16384,16384,0,0,0,0,524288,0,524288
5697,5697,detach,META_IDENTITY,meta_engine,16384,16384,16384,16384,16384,0,0,0,0,524288,0,524288
5698,5698,to,META_IDENTITY,meta_engine,16384,16384,16384,16384,16384,0,0,0,0,524288,0,524288
5699,5699,resolve_conj,META_IDENTITY,meta_engine,16384,16384,16384,16384,16384,0,0,0,0,524288,0,524288
5700,5700,resolve_neg,META_IDENTITY,meta_engine,16384,16384,16384,16384,16384,0,0,0,0,524288,0,524288
5701,5701,view,LAYOUT,layout_engine,1348,1348,1344,1344,1348,0,0,0,0,43008,0,43008
5702,5702,transpose,LAYOUT,layout_engine,1348,1348,1344,1344,1348,0,0,0,0,43008,0,43008
5703,5703,contiguous,LAYOUT,layout_engine,1348,1348,1344,1344,1348,0,0,0,0,43008,0,43008
5704,5704,view,LAYOUT,layout_engine,32772,32772,32768,32768,32772,0,0,0,0,1048576,0,1048576
5705,5705,transpose,LAYOUT,layout_engine,32772,32772,32768,32768,32772,0,0,0,0,1048576,0,1048576
5706,5706,contiguous,LAYOUT,layout_engine,32772,32772,32768,32768,32772,0,0,0,0,1048576,0,1048576
5707,5707,view,LAYOUT,layout_engine,32772,32772,32768,32768,32772,0,0,0,0,1048576,0,1048576
5708,5708,view,LAYOUT,layout_engine,1348,1348,1344,1344,1348,0,0,0,0,43008,0,43008
5709,5709,view,LAYOUT,layout_engine,32772,32772,32768,32768,32772,0,0,0,0,1048576,0,1048576
5710,5710,view,LAYOUT,layout_engine,1348,1348,1344,1344,1348,0,0,0,0,43008,0,43008
5711,5711,transpose,LAYOUT,layout_engine,1348,1348,1344,1344,1348,0,0,0,0,43008,0,43008
5712,5712,bmm,BMM_W8A8,pack2_bmm,71040,34816,32768,2688,71040,0,11010048,5505024,128,524288,21504,43008
5713,5713,max,REDUCE,fp16_vector,2720,2720,2688,2688,2720,0,0,0,0,86016,0,86016
5714,5714,sub,ADD,fp16_vector,2688,2688,2688,2688,2688,0,0,0,0,86016,0,86016
5715,5715,clamp,CLAMP,fp16_vector,2688,2688,2688,2688,2688,0,0,0,0,86016,0,86016
5716,5716,clamp,CLAMP,fp16_vector,2688,2688,2688,2688,2688,0,0,0,0,86016,0,86016
5717,5717,transpose,LAYOUT,layout_engine,2692,2692,2688,2688,2692,0,0,0,0,86016,0,86016
5718,5718,max,REDUCE,fp16_vector,2720,2720,2688,2688,2720,0,0,0,0,86016,0,86016
5719,5719,sub,ADD,fp16_vector,2688,2688,2688,2688,2688,0,0,0,0,86016,0,86016
5720,5720,clamp,CLAMP,fp16_vector,2688,2688,2688,2688,2688,0,0,0,0,86016,0,86016
5721,5721,clamp,CLAMP,fp16_vector,2688,2688,2688,2688,2688,0,0,0,0,86016,0,86016
5722,5722,softmax,SOFTMAX,fp16_vector,2720,2720,2688,2688,2720,0,0,0,0,86016,0,86016
5723,5723,slice,LAYOUT,layout_engine,6,6,2,2,6,0,0,0,0,42,0,42
5724,5724,unsqueeze,LAYOUT,layout_engine,6,6,2,2,6,0,0,0,0,42,0,42
5725,5725,unsqueeze,LAYOUT,layout_engine,6,6,2,2,6,0,0,0,0,42,0,42
5726,5726,slice,LAYOUT,layout_engine,6,6,2,2,6,0,0,0,0,42,0,42
5727,5727,repeat,LAYOUT,layout_engine,6,6,2,2,6,0,0,0,0,42,0,42
5728,5728,flatten,LAYOUT,layout_engine,10,10,6,6,10,0,0,0,0,168,0,168
5729,5729,masked_fill_,MASK,mask_engine,2692,2692,2688,2688,2692,0,0,0,0,86016,0,86016
5730,5730,softmax,SOFTMAX,fp16_vector,2720,2720,2688,2688,2720,0,0,0,0,86016,0,86016
5731,5731,dropout,META_IDENTITY,meta_engine,2688,2688,2688,2688,2688,0,0,0,0,86016,0,86016
5732,5732,dropout,META_IDENTITY,meta_engine,2688,2688,2688,2688,2688,0,0,0,0,86016,0,86016
5733,5733,bmm,BMM_W8A8,pack2_bmm,51968,14208,2688,32768,51968,0,11010048,5505024,384,43008,21504,524288
5734,5734,bmm,BMM_W8A8,pack2_bmm,20304,12672,6144,1344,20304,0,11010048,5505024,24,43008,524288,21504
5735,5735,view,LAYOUT,layout_engine,32772,32772,32768,32768,32772,0,0,0,0,1048576,0,1048576
5736,5736,transpose,LAYOUT,layout_engine,32772,32772,32768,32768,32772,0,0,0,0,1048576,0,1048576
5737,5737,reshape,LAYOUT,layout_engine,32772,32772,32768,32768,32772,0,0,0,0,1048576,0,1048576
5738,5738,view,LAYOUT,layout_engine,1348,1348,1344,1344,1348,0,0,0,0,43008,0,43008
5739,5739,transpose,LAYOUT,layout_engine,1348,1348,1344,1344,1348,0,0,0,0,43008,0,43008
5740,5740,reshape,LAYOUT,layout_engine,1348,1348,1344,1344,1348,0,0,0,0,43008,0,43008
5741,5741,linear,GEMM_W8A8,pack2_gemm,32768,32768,32768,32768,32768,0,0,0,0,1048576,0,1048576
5742,5742,detach,META_IDENTITY,meta_engine,32768,32768,32768,32768,32768,0,0,0,0,1048576,0,1048576
5743,5743,to,META_IDENTITY,meta_engine,32768,32768,32768,32768,32768,0,0,0,0,1048576,0,1048576
5744,5744,to,META_IDENTITY,meta_engine,32768,32768,32768,32768,32768,0,0,0,0,1048576,0,1048576
5745,5745,detach,META_IDENTITY,meta_engine,32768,32768,32768,32768,32768,0,0,0,0,1048576,0,1048576
5746,5746,to,META_IDENTITY,meta_engine,32768,32768,32768,32768,32768,0,0,0,0,1048576,0,1048576
5747,5747,resolve_conj,META_IDENTITY,meta_engine,32768,32768,32768,32768,32768,0,0,0,0,1048576,0,1048576
5748,5748,resolve_neg,META_IDENTITY,meta_engine,32768,32768,32768,32768,32768,0,0,0,0,1048576,0,1048576
5749,5749,detach,META_IDENTITY,meta_engine,16384,16384,16384,16384,16384,0,0,0,0,524288,0,524288
5750,5750,detach,META_IDENTITY,meta_engine,16384,16384,16384,16384,16384,0,0,0,0,524288,0,524288
5751,5751,to,META_IDENTITY,meta_engine,16384,16384,16384,16384,16384,0,0,0,0,524288,0,524288
5752,5752,to,META_IDENTITY,meta_engine,16384,16384,16384,16384,16384,0,0,0,0,524288,0,524288
5753,5753,detach,META_IDENTITY,meta_engine,16384,16384,16384,16384,16384,0,0,0,0,524288,0,524288
5754,5754,to,META_IDENTITY,meta_engine,16384,16384,16384,16384,16384,0,0,0,0,524288,0,524288
5755,5755,resolve_conj,META_IDENTITY,meta_engine,16384,16384,16384,16384,16384,0,0,0,0,524288,0,524288
5756,5756,resolve_neg,META_IDENTITY,meta_engine,16384,16384,16384,16384,16384,0,0,0,0,524288,0,524288
5757,5757,linear,GEMM_W8A8,pack2_gemm,1344,1344,1344,1344,1344,0,0,0,0,43008,0,43008
5758,5758,detach,META_IDENTITY,meta_engine,1344,1344,1344,1344,1344,0,0,0,0,43008,0,43008
5759,5759,to,META_IDENTITY,meta_engine,1344,1344,1344,1344,1344,0,0,0,0,43008,0,43008
5760,5760,to,META_IDENTITY,meta_engine,1344,1344,1344,1344,1344,0,0,0,0,43008,0,43008
5761,5761,detach,META_IDENTITY,meta_engine,1344,1344,1344,1344,1344,0,0,0,0,43008,0,43008
5762,5762,to,META_IDENTITY,meta_engine,1344,1344,1344,1344,1344,0,0,0,0,43008,0,43008
5763,5763,resolve_conj,META_IDENTITY,meta_engine,1344,1344,1344,1344,1344,0,0,0,0,43008,0,43008
5764,5764,resolve_neg,META_IDENTITY,meta_engine,1344,1344,1344,1344,1344,0,0,0,0,43008,0,43008
5765,5765,detach,META_IDENTITY,meta_engine,16384,16384,16384,16384,16384,0,0,0,0,524288,0,524288
5766,5766,detach,META_IDENTITY,meta_engine,16384,16384,16384,16384,16384,0,0,0,0,524288,0,524288
5767,5767,to,META_IDENTITY,meta_engine,16384,16384,16384,16384,16384,0,0,0,0,524288,0,524288
5768,5768,to,META_IDENTITY,meta_engine,16384,16384,16384,16384,16384,0,0,0,0,524288,0,524288
5769,5769,detach,META_IDENTITY,meta_engine,16384,16384,16384,16384,16384,0,0,0,0,524288,0,524288
5770,5770,to,META_IDENTITY,meta_engine,16384,16384,16384,16384,16384,0,0,0,0,524288,0,524288
5771,5771,resolve_conj,META_IDENTITY,meta_engine,16384,16384,16384,16384,16384,0,0,0,0,524288,0,524288
5772,5772,resolve_neg,META_IDENTITY,meta_engine,16384,16384,16384,16384,16384,0,0,0,0,524288,0,524288
5773,5773,mul,MUL,fp16_vector,16,16,16,16,16,0,0,0,0,512,0,512
5774,5774,add,ADD,fp16_vector,8192,8192,8192,8192,8192,0,0,0,0,262144,0,262144
5775,5775,mul,MUL,fp16_vector,16,16,16,16,16,0,0,0,0,512,0,512
5776,5776,add,ADD,fp16_vector,336,336,336,336,336,0,0,0,0,10752,0,10752
5777,5777,bitwise_not,MASK,mask_engine,32,32,28,28,32,0,0,0,0,882,0,882
5778,5778,transpose,LAYOUT,layout_engine,340,340,336,336,340,0,0,0,0,10752,0,10752
5779,5779,repeat,LAYOUT,layout_engine,32,32,28,28,32,0,0,0,0,882,0,882
5780,5780,zeros_like,FILL,memory_engine,115,115,111,111,115,0,0,0,0,3528,0,3528
5781,5781,masked_fill_,MASK,mask_engine,115,115,111,111,115,0,0,0,0,3528,0,3528
5782,5782,linear,GEMM_W8A8,pack2_gemm,336,336,336,336,336,0,0,0,0,10752,0,10752
5783,5783,unflatten,LAYOUT,layout_engine,1012,1012,1008,1008,1012,0,0,0,0,32256,0,32256
5784,5784,unsqueeze,LAYOUT,layout_engine,1012,1012,1008,1008,1012,0,0,0,0,32256,0,32256
5785,5785,transpose,LAYOUT,layout_engine,1012,1012,1008,1008,1012,0,0,0,0,32256,0,32256
5786,5786,squeeze,LAYOUT,layout_engine,1012,1012,1008,1008,1012,0,0,0,0,32256,0,32256
5787,5787,contiguous,LAYOUT,layout_engine,1012,1012,1008,1008,1012,0,0,0,0,32256,0,32256
5788,5788,select,LAYOUT,layout_engine,1012,1012,1008,1008,1012,0,0,0,0,32256,0,32256
5789,5789,select,LAYOUT,layout_engine,1012,1012,1008,1008,1012,0,0,0,0,32256,0,32256
5790,5790,select,LAYOUT,layout_engine,1012,1012,1008,1008,1012,0,0,0,0,32256,0,32256
5791,5791,view,LAYOUT,layout_engine,340,340,336,336,340,0,0,0,0,10752,0,10752
5792,5792,transpose,LAYOUT,layout_engine,340,340,336,336,340,0,0,0,0,10752,0,10752
5793,5793,view,LAYOUT,layout_engine,340,340,336,336,340,0,0,0,0,10752,0,10752
5794,5794,transpose,LAYOUT,layout_engine,340,340,336,336,340,0,0,0,0,10752,0,10752
5795,5795,view,LAYOUT,layout_engine,340,340,336,336,340,0,0,0,0,10752,0,10752
5796,5796,transpose,LAYOUT,layout_engine,340,340,336,336,340,0,0,0,0,10752,0,10752
5797,5797,mul,MUL,fp16_vector,336,336,336,336,336,0,0,0,0,10752,0,10752
5798,5798,transpose,LAYOUT,layout_engine,340,340,336,336,340,0,0,0,0,10752,0,10752
5799,5799,baddbmm,BMM_W8A8,pack2_bmm,848,296,168,336,848,0,112896,56448,8,1764,5376,5376
5800,5800,softmax,SOFTMAX,fp16_vector,143,143,111,111,143,0,0,0,0,3528,0,3528
5801,5801,bmm,BMM_W8A8,pack2_bmm,848,296,168,336,848,0,112896,56448,8,1764,5376,5376
5802,5802,transpose,LAYOUT,layout_engine,340,340,336,336,340,0,0,0,0,10752,0,10752
5803,5803,contiguous,LAYOUT,layout_engine,340,340,336,336,340,0,0,0,0,10752,0,10752
5804,5804,view,LAYOUT,layout_engine,340,340,336,336,340,0,0,0,0,10752,0,10752
5805,5805,linear,GEMM_W8A8,pack2_gemm,2760,1632,768,336,2760,0,1376256,688128,6,5376,65536,5376
5806,5806,view,LAYOUT,layout_engine,340,340,336,336,340,0,0,0,0,10752,0,10752
5807,5807,view,LAYOUT,layout_engine,115,115,111,111,115,0,0,0,0,3528,0,3528
5808,5808,mean,REDUCE,fp16_vector,143,143,111,111,143,0,0,0,0,3528,0,3528
5809,5809,dropout,META_IDENTITY,meta_engine,336,336,336,336,336,0,0,0,0,10752,0,10752
5810,5810,add,ADD,fp16_vector,336,336,336,336,336,0,0,0,0,10752,0,10752
5811,5811,layer_norm,LAYER_NORM,fp16_vector,368,368,336,336,368,0,0,0,0,10752,0,10752
5812,5812,linear,GEMM_W8A8,pack2_gemm,336,336,336,336,336,0,0,0,0,10752,0,10752
5813,5813,detach,META_IDENTITY,meta_engine,336,336,336,336,336,0,0,0,0,10752,0,10752
5814,5814,to,META_IDENTITY,meta_engine,336,336,336,336,336,0,0,0,0,10752,0,10752
5815,5815,to,META_IDENTITY,meta_engine,336,336,336,336,336,0,0,0,0,10752,0,10752
5816,5816,detach,META_IDENTITY,meta_engine,336,336,336,336,336,0,0,0,0,10752,0,10752
5817,5817,to,META_IDENTITY,meta_engine,336,336,336,336,336,0,0,0,0,10752,0,10752
5818,5818,resolve_conj,META_IDENTITY,meta_engine,336,336,336,336,336,0,0,0,0,10752,0,10752
5819,5819,resolve_neg,META_IDENTITY,meta_engine,336,336,336,336,336,0,0,0,0,10752,0,10752
5820,5820,detach,META_IDENTITY,meta_engine,16384,16384,16384,16384,16384,0,0,0,0,524288,0,524288
5821,5821,detach,META_IDENTITY,meta_engine,16384,16384,16384,16384,16384,0,0,0,0,524288,0,524288
5822,5822,to,META_IDENTITY,meta_engine,16384,16384,16384,16384,16384,0,0,0,0,524288,0,524288
5823,5823,to,META_IDENTITY,meta_engine,16384,16384,16384,16384,16384,0,0,0,0,524288,0,524288
5824,5824,detach,META_IDENTITY,meta_engine,16384,16384,16384,16384,16384,0,0,0,0,524288,0,524288
5825,5825,to,META_IDENTITY,meta_engine,16384,16384,16384,16384,16384,0,0,0,0,524288,0,524288
5826,5826,resolve_conj,META_IDENTITY,meta_engine,16384,16384,16384,16384,16384,0,0,0,0,524288,0,524288
5827,5827,resolve_neg,META_IDENTITY,meta_engine,16384,16384,16384,16384,16384,0,0,0,0,524288,0,524288
5828,5828,relu,RELU,fp16_vector,1344,1344,1344,1344,1344,0,0,0,0,43008,0,43008
5829,5829,dropout,META_IDENTITY,meta_engine,1344,1344,1344,1344,1344,0,0,0,0,43008,0,43008
5830,5830,linear,GEMM_W8A8,pack2_gemm,1344,1344,1344,1344,1344,0,0,0,0,43008,0,43008
5831,5831,detach,META_IDENTITY,meta_engine,1344,1344,1344,1344,1344,0,0,0,0,43008,0,43008
5832,5832,to,META_IDENTITY,meta_engine,1344,1344,1344,1344,1344,0,0,0,0,43008,0,43008
5833,5833,to,META_IDENTITY,meta_engine,1344,1344,1344,1344,1344,0,0,0,0,43008,0,43008
5834,5834,detach,META_IDENTITY,meta_engine,1344,1344,1344,1344,1344,0,0,0,0,43008,0,43008
5835,5835,to,META_IDENTITY,meta_engine,1344,1344,1344,1344,1344,0,0,0,0,43008,0,43008
5836,5836,resolve_conj,META_IDENTITY,meta_engine,1344,1344,1344,1344,1344,0,0,0,0,43008,0,43008
5837,5837,resolve_neg,META_IDENTITY,meta_engine,1344,1344,1344,1344,1344,0,0,0,0,43008,0,43008
5838,5838,detach,META_IDENTITY,meta_engine,16384,16384,16384,16384,16384,0,0,0,0,524288,0,524288
5839,5839,detach,META_IDENTITY,meta_engine,16384,16384,16384,16384,16384,0,0,0,0,524288,0,524288
5840,5840,to,META_IDENTITY,meta_engine,16384,16384,16384,16384,16384,0,0,0,0,524288,0,524288
5841,5841,to,META_IDENTITY,meta_engine,16384,16384,16384,16384,16384,0,0,0,0,524288,0,524288
5842,5842,detach,META_IDENTITY,meta_engine,16384,16384,16384,16384,16384,0,0,0,0,524288,0,524288
5843,5843,to,META_IDENTITY,meta_engine,16384,16384,16384,16384,16384,0,0,0,0,524288,0,524288
5844,5844,resolve_conj,META_IDENTITY,meta_engine,16384,16384,16384,16384,16384,0,0,0,0,524288,0,524288
5845,5845,resolve_neg,META_IDENTITY,meta_engine,16384,16384,16384,16384,16384,0,0,0,0,524288,0,524288
5846,5846,dropout,META_IDENTITY,meta_engine,336,336,336,336,336,0,0,0,0,10752,0,10752
5847,5847,add,ADD,fp16_vector,336,336,336,336,336,0,0,0,0,10752,0,10752
5848,5848,layer_norm,LAYER_NORM,fp16_vector,368,368,336,336,368,0,0,0,0,10752,0,10752
5849,5849,transpose,LAYOUT,layout_engine,340,340,336,336,340,0,0,0,0,10752,0,10752
5850,5850,layer_norm,LAYER_NORM,fp16_vector,8224,8224,8192,8192,8224,0,0,0,0,262144,0,262144
5851,5851,layer_norm,LAYER_NORM,fp16_vector,368,368,336,336,368,0,0,0,0,10752,0,10752
5852,5852,linear,GEMM_W8A8,pack2_gemm,8192,8192,8192,8192,8192,0,0,0,0,262144,0,262144
5853,5853,detach,META_IDENTITY,meta_engine,8192,8192,8192,8192,8192,0,0,0,0,262144,0,262144
5854,5854,to,META_IDENTITY,meta_engine,8192,8192,8192,8192,8192,0,0,0,0,262144,0,262144
5855,5855,to,META_IDENTITY,meta_engine,8192,8192,8192,8192,8192,0,0,0,0,262144,0,262144
5856,5856,detach,META_IDENTITY,meta_engine,8192,8192,8192,8192,8192,0,0,0,0,262144,0,262144
5857,5857,to,META_IDENTITY,meta_engine,8192,8192,8192,8192,8192,0,0,0,0,262144,0,262144
5858,5858,resolve_conj,META_IDENTITY,meta_engine,8192,8192,8192,8192,8192,0,0,0,0,262144,0,262144
5859,5859,resolve_neg,META_IDENTITY,meta_engine,8192,8192,8192,8192,8192,0,0,0,0,262144,0,262144
5860,5860,detach,META_IDENTITY,meta_engine,16384,16384,16384,16384,16384,0,0,0,0,524288,0,524288
5861,5861,detach,META_IDENTITY,meta_engine,16384,16384,16384,16384,16384,0,0,0,0,524288,0,524288
5862,5862,to,META_IDENTITY,meta_engine,16384,16384,16384,16384,16384,0,0,0,0,524288,0,524288
5863,5863,to,META_IDENTITY,meta_engine,16384,16384,16384,16384,16384,0,0,0,0,524288,0,524288
5864,5864,detach,META_IDENTITY,meta_engine,16384,16384,16384,16384,16384,0,0,0,0,524288,0,524288
5865,5865,to,META_IDENTITY,meta_engine,16384,16384,16384,16384,16384,0,0,0,0,524288,0,524288
5866,5866,resolve_conj,META_IDENTITY,meta_engine,16384,16384,16384,16384,16384,0,0,0,0,524288,0,524288
5867,5867,resolve_neg,META_IDENTITY,meta_engine,16384,16384,16384,16384,16384,0,0,0,0,524288,0,524288
5868,5868,mul,MUL,fp16_vector,32768,32768,32768,32768,32768,0,0,0,0,1048576,0,1048576
5869,5869,linear,GEMM_W8A8,pack2_gemm,336,336,336,336,336,0,0,0,0,10752,0,10752
5870,5870,detach,META_IDENTITY,meta_engine,336,336,336,336,336,0,0,0,0,10752,0,10752
5871,5871,to,META_IDENTITY,meta_engine,336,336,336,336,336,0,0,0,0,10752,0,10752
5872,5872,to,META_IDENTITY,meta_engine,336,336,336,336,336,0,0,0,0,10752,0,10752
5873,5873,detach,META_IDENTITY,meta_engine,336,336,336,336,336,0,0,0,0,10752,0,10752
5874,5874,to,META_IDENTITY,meta_engine,336,336,336,336,336,0,0,0,0,10752,0,10752
5875,5875,resolve_conj,META_IDENTITY,meta_engine,336,336,336,336,336,0,0,0,0,10752,0,10752
5876,5876,resolve_neg,META_IDENTITY,meta_engine,336,336,336,336,336,0,0,0,0,10752,0,10752
5877,5877,detach,META_IDENTITY,meta_engine,16384,16384,16384,16384,16384,0,0,0,0,524288,0,524288
5878,5878,detach,META_IDENTITY,meta_engine,16384,16384,16384,16384,16384,0,0,0,0,524288,0,524288
5879,5879,to,META_IDENTITY,meta_engine,16384,16384,16384,16384,16384,0,0,0,0,524288,0,524288
5880,5880,to,META_IDENTITY,meta_engine,16384,16384,16384,16384,16384,0,0,0,0,524288,0,524288
5881,5881,detach,META_IDENTITY,meta_engine,16384,16384,16384,16384,16384,0,0,0,0,524288,0,524288
5882,5882,to,META_IDENTITY,meta_engine,16384,16384,16384,16384,16384,0,0,0,0,524288,0,524288
5883,5883,resolve_conj,META_IDENTITY,meta_engine,16384,16384,16384,16384,16384,0,0,0,0,524288,0,524288
5884,5884,resolve_neg,META_IDENTITY,meta_engine,16384,16384,16384,16384,16384,0,0,0,0,524288,0,524288
5885,5885,view,LAYOUT,layout_engine,1348,1348,1344,1344,1348,0,0,0,0,43008,0,43008
5886,5886,transpose,LAYOUT,layout_engine,1348,1348,1344,1344,1348,0,0,0,0,43008,0,43008
5887,5887,contiguous,LAYOUT,layout_engine,1348,1348,1344,1344,1348,0,0,0,0,43008,0,43008
5888,5888,linear,GEMM_W8A8,pack2_gemm,8192,8192,8192,8192,8192,0,0,0,0,262144,0,262144
5889,5889,detach,META_IDENTITY,meta_engine,8192,8192,8192,8192,8192,0,0,0,0,262144,0,262144
5890,5890,to,META_IDENTITY,meta_engine,8192,8192,8192,8192,8192,0,0,0,0,262144,0,262144
5891,5891,to,META_IDENTITY,meta_engine,8192,8192,8192,8192,8192,0,0,0,0,262144,0,262144
5892,5892,detach,META_IDENTITY,meta_engine,8192,8192,8192,8192,8192,0,0,0,0,262144,0,262144
5893,5893,to,META_IDENTITY,meta_engine,8192,8192,8192,8192,8192,0,0,0,0,262144,0,262144
5894,5894,resolve_conj,META_IDENTITY,meta_engine,8192,8192,8192,8192,8192,0,0,0,0,262144,0,262144
5895,5895,resolve_neg,META_IDENTITY,meta_engine,8192,8192,8192,8192,8192,0,0,0,0,262144,0,262144
5896,5896,detach,META_IDENTITY,meta_engine,16384,16384,16384,16384,16384,0,0,0,0,524288,0,524288
5897,5897,detach,META_IDENTITY,meta_engine,16384,16384,16384,16384,16384,0,0,0,0,524288,0,524288
5898,5898,to,META_IDENTITY,meta_engine,16384,16384,16384,16384,16384,0,0,0,0,524288,0,524288
5899,5899,to,META_IDENTITY,meta_engine,16384,16384,16384,16384,16384,0,0,0,0,524288,0,524288
5900,5900,detach,META_IDENTITY,meta_engine,16384,16384,16384,16384,16384,0,0,0,0,524288,0,524288
5901,5901,to,META_IDENTITY,meta_engine,16384,16384,16384,16384,16384,0,0,0,0,524288,0,524288
5902,5902,resolve_conj,META_IDENTITY,meta_engine,16384,16384,16384,16384,16384,0,0,0,0,524288,0,524288
5903,5903,resolve_neg,META_IDENTITY,meta_engine,16384,16384,16384,16384,16384,0,0,0,0,524288,0,524288
5904,5904,view,LAYOUT,layout_engine,32772,32772,32768,32768,32772,0,0,0,0,1048576,0,1048576
5905,5905,transpose,LAYOUT,layout_engine,32772,32772,32768,32768,32772,0,0,0,0,1048576,0,1048576
5906,5906,contiguous,LAYOUT,layout_engine,32772,32772,32768,32768,32772,0,0,0,0,1048576,0,1048576
5907,5907,linear,GEMM_W8A8,pack2_gemm,336,336,336,336,336,0,0,0,0,10752,0,10752
5908,5908,detach,META_IDENTITY,meta_engine,336,336,336,336,336,0,0,0,0,10752,0,10752
5909,5909,to,META_IDENTITY,meta_engine,336,336,336,336,336,0,0,0,0,10752,0,10752
5910,5910,to,META_IDENTITY,meta_engine,336,336,336,336,336,0,0,0,0,10752,0,10752
5911,5911,detach,META_IDENTITY,meta_engine,336,336,336,336,336,0,0,0,0,10752,0,10752
5912,5912,to,META_IDENTITY,meta_engine,336,336,336,336,336,0,0,0,0,10752,0,10752
5913,5913,resolve_conj,META_IDENTITY,meta_engine,336,336,336,336,336,0,0,0,0,10752,0,10752
5914,5914,resolve_neg,META_IDENTITY,meta_engine,336,336,336,336,336,0,0,0,0,10752,0,10752
5915,5915,detach,META_IDENTITY,meta_engine,16384,16384,16384,16384,16384,0,0,0,0,524288,0,524288
5916,5916,detach,META_IDENTITY,meta_engine,16384,16384,16384,16384,16384,0,0,0,0,524288,0,524288
5917,5917,to,META_IDENTITY,meta_engine,16384,16384,16384,16384,16384,0,0,0,0,524288,0,524288
5918,5918,to,META_IDENTITY,meta_engine,16384,16384,16384,16384,16384,0,0,0,0,524288,0,524288
5919,5919,detach,META_IDENTITY,meta_engine,16384,16384,16384,16384,16384,0,0,0,0,524288,0,524288
5920,5920,to,META_IDENTITY,meta_engine,16384,16384,16384,16384,16384,0,0,0,0,524288,0,524288
5921,5921,resolve_conj,META_IDENTITY,meta_engine,16384,16384,16384,16384,16384,0,0,0,0,524288,0,524288
5922,5922,resolve_neg,META_IDENTITY,meta_engine,16384,16384,16384,16384,16384,0,0,0,0,524288,0,524288
5923,5923,view,LAYOUT,layout_engine,1348,1348,1344,1344,1348,0,0,0,0,43008,0,43008
5924,5924,transpose,LAYOUT,layout_engine,1348,1348,1344,1344,1348,0,0,0,0,43008,0,43008
5925,5925,contiguous,LAYOUT,layout_engine,1348,1348,1344,1344,1348,0,0,0,0,43008,0,43008
5926,5926,view,LAYOUT,layout_engine,32772,32772,32768,32768,32772,0,0,0,0,1048576,0,1048576
5927,5927,transpose,LAYOUT,layout_engine,32772,32772,32768,32768,32772,0,0,0,0,1048576,0,1048576
5928,5928,contiguous,LAYOUT,layout_engine,32772,32772,32768,32768,32772,0,0,0,0,1048576,0,1048576
5929,5929,view,LAYOUT,layout_engine,32772,32772,32768,32768,32772,0,0,0,0,1048576,0,1048576
5930,5930,view,LAYOUT,layout_engine,1348,1348,1344,1344,1348,0,0,0,0,43008,0,43008
5931,5931,view,LAYOUT,layout_engine,32772,32772,32768,32768,32772,0,0,0,0,1048576,0,1048576
5932,5932,view,LAYOUT,layout_engine,1348,1348,1344,1344,1348,0,0,0,0,43008,0,43008
5933,5933,transpose,LAYOUT,layout_engine,1348,1348,1344,1344,1348,0,0,0,0,43008,0,43008
5934,5934,bmm,BMM_W8A8,pack2_bmm,71040,34816,32768,2688,71040,0,11010048,5505024,128,524288,21504,43008
5935,5935,max,REDUCE,fp16_vector,2720,2720,2688,2688,2720,0,0,0,0,86016,0,86016
5936,5936,sub,ADD,fp16_vector,2688,2688,2688,2688,2688,0,0,0,0,86016,0,86016
5937,5937,clamp,CLAMP,fp16_vector,2688,2688,2688,2688,2688,0,0,0,0,86016,0,86016
5938,5938,clamp,CLAMP,fp16_vector,2688,2688,2688,2688,2688,0,0,0,0,86016,0,86016
5939,5939,transpose,LAYOUT,layout_engine,2692,2692,2688,2688,2692,0,0,0,0,86016,0,86016
5940,5940,max,REDUCE,fp16_vector,2720,2720,2688,2688,2720,0,0,0,0,86016,0,86016
5941,5941,sub,ADD,fp16_vector,2688,2688,2688,2688,2688,0,0,0,0,86016,0,86016
5942,5942,clamp,CLAMP,fp16_vector,2688,2688,2688,2688,2688,0,0,0,0,86016,0,86016
5943,5943,clamp,CLAMP,fp16_vector,2688,2688,2688,2688,2688,0,0,0,0,86016,0,86016
5944,5944,softmax,SOFTMAX,fp16_vector,2720,2720,2688,2688,2720,0,0,0,0,86016,0,86016
5945,5945,slice,LAYOUT,layout_engine,6,6,2,2,6,0,0,0,0,42,0,42
5946,5946,unsqueeze,LAYOUT,layout_engine,6,6,2,2,6,0,0,0,0,42,0,42
5947,5947,unsqueeze,LAYOUT,layout_engine,6,6,2,2,6,0,0,0,0,42,0,42
5948,5948,slice,LAYOUT,layout_engine,6,6,2,2,6,0,0,0,0,42,0,42
5949,5949,repeat,LAYOUT,layout_engine,6,6,2,2,6,0,0,0,0,42,0,42
5950,5950,flatten,LAYOUT,layout_engine,10,10,6,6,10,0,0,0,0,168,0,168
5951,5951,masked_fill_,MASK,mask_engine,2692,2692,2688,2688,2692,0,0,0,0,86016,0,86016
5952,5952,softmax,SOFTMAX,fp16_vector,2720,2720,2688,2688,2720,0,0,0,0,86016,0,86016
5953,5953,dropout,META_IDENTITY,meta_engine,2688,2688,2688,2688,2688,0,0,0,0,86016,0,86016
5954,5954,dropout,META_IDENTITY,meta_engine,2688,2688,2688,2688,2688,0,0,0,0,86016,0,86016
5955,5955,bmm,BMM_W8A8,pack2_bmm,51968,14208,2688,32768,51968,0,11010048,5505024,384,43008,21504,524288
5956,5956,bmm,BMM_W8A8,pack2_bmm,20304,12672,6144,1344,20304,0,11010048,5505024,24,43008,524288,21504
5957,5957,view,LAYOUT,layout_engine,32772,32772,32768,32768,32772,0,0,0,0,1048576,0,1048576
5958,5958,transpose,LAYOUT,layout_engine,32772,32772,32768,32768,32772,0,0,0,0,1048576,0,1048576
5959,5959,reshape,LAYOUT,layout_engine,32772,32772,32768,32768,32772,0,0,0,0,1048576,0,1048576
5960,5960,view,LAYOUT,layout_engine,1348,1348,1344,1344,1348,0,0,0,0,43008,0,43008
5961,5961,transpose,LAYOUT,layout_engine,1348,1348,1344,1344,1348,0,0,0,0,43008,0,43008
5962,5962,reshape,LAYOUT,layout_engine,1348,1348,1344,1344,1348,0,0,0,0,43008,0,43008
5963,5963,linear,GEMM_W8A8,pack2_gemm,32768,32768,32768,32768,32768,0,0,0,0,1048576,0,1048576
5964,5964,detach,META_IDENTITY,meta_engine,32768,32768,32768,32768,32768,0,0,0,0,1048576,0,1048576
5965,5965,to,META_IDENTITY,meta_engine,32768,32768,32768,32768,32768,0,0,0,0,1048576,0,1048576
5966,5966,to,META_IDENTITY,meta_engine,32768,32768,32768,32768,32768,0,0,0,0,1048576,0,1048576
5967,5967,detach,META_IDENTITY,meta_engine,32768,32768,32768,32768,32768,0,0,0,0,1048576,0,1048576
5968,5968,to,META_IDENTITY,meta_engine,32768,32768,32768,32768,32768,0,0,0,0,1048576,0,1048576
5969,5969,resolve_conj,META_IDENTITY,meta_engine,32768,32768,32768,32768,32768,0,0,0,0,1048576,0,1048576
5970,5970,resolve_neg,META_IDENTITY,meta_engine,32768,32768,32768,32768,32768,0,0,0,0,1048576,0,1048576
5971,5971,detach,META_IDENTITY,meta_engine,16384,16384,16384,16384,16384,0,0,0,0,524288,0,524288
5972,5972,detach,META_IDENTITY,meta_engine,16384,16384,16384,16384,16384,0,0,0,0,524288,0,524288
5973,5973,to,META_IDENTITY,meta_engine,16384,16384,16384,16384,16384,0,0,0,0,524288,0,524288
5974,5974,to,META_IDENTITY,meta_engine,16384,16384,16384,16384,16384,0,0,0,0,524288,0,524288
5975,5975,detach,META_IDENTITY,meta_engine,16384,16384,16384,16384,16384,0,0,0,0,524288,0,524288
5976,5976,to,META_IDENTITY,meta_engine,16384,16384,16384,16384,16384,0,0,0,0,524288,0,524288
5977,5977,resolve_conj,META_IDENTITY,meta_engine,16384,16384,16384,16384,16384,0,0,0,0,524288,0,524288
5978,5978,resolve_neg,META_IDENTITY,meta_engine,16384,16384,16384,16384,16384,0,0,0,0,524288,0,524288
5979,5979,linear,GEMM_W8A8,pack2_gemm,1344,1344,1344,1344,1344,0,0,0,0,43008,0,43008
5980,5980,detach,META_IDENTITY,meta_engine,1344,1344,1344,1344,1344,0,0,0,0,43008,0,43008
5981,5981,to,META_IDENTITY,meta_engine,1344,1344,1344,1344,1344,0,0,0,0,43008,0,43008
5982,5982,to,META_IDENTITY,meta_engine,1344,1344,1344,1344,1344,0,0,0,0,43008,0,43008
5983,5983,detach,META_IDENTITY,meta_engine,1344,1344,1344,1344,1344,0,0,0,0,43008,0,43008
5984,5984,to,META_IDENTITY,meta_engine,1344,1344,1344,1344,1344,0,0,0,0,43008,0,43008
5985,5985,resolve_conj,META_IDENTITY,meta_engine,1344,1344,1344,1344,1344,0,0,0,0,43008,0,43008
5986,5986,resolve_neg,META_IDENTITY,meta_engine,1344,1344,1344,1344,1344,0,0,0,0,43008,0,43008
5987,5987,detach,META_IDENTITY,meta_engine,16384,16384,16384,16384,16384,0,0,0,0,524288,0,524288
5988,5988,detach,META_IDENTITY,meta_engine,16384,16384,16384,16384,16384,0,0,0,0,524288,0,524288
5989,5989,to,META_IDENTITY,meta_engine,16384,16384,16384,16384,16384,0,0,0,0,524288,0,524288
5990,5990,to,META_IDENTITY,meta_engine,16384,16384,16384,16384,16384,0,0,0,0,524288,0,524288
5991,5991,detach,META_IDENTITY,meta_engine,16384,16384,16384,16384,16384,0,0,0,0,524288,0,524288
5992,5992,to,META_IDENTITY,meta_engine,16384,16384,16384,16384,16384,0,0,0,0,524288,0,524288
5993,5993,resolve_conj,META_IDENTITY,meta_engine,16384,16384,16384,16384,16384,0,0,0,0,524288,0,524288
5994,5994,resolve_neg,META_IDENTITY,meta_engine,16384,16384,16384,16384,16384,0,0,0,0,524288,0,524288
5995,5995,mul,MUL,fp16_vector,16,16,16,16,16,0,0,0,0,512,0,512
5996,5996,add,ADD,fp16_vector,8192,8192,8192,8192,8192,0,0,0,0,262144,0,262144
5997,5997,mul,MUL,fp16_vector,16,16,16,16,16,0,0,0,0,512,0,512
5998,5998,add,ADD,fp16_vector,336,336,336,336,336,0,0,0,0,10752,0,10752
5999,5999,bitwise_not,MASK,mask_engine,32,32,28,28,32,0,0,0,0,882,0,882
6000,6000,transpose,LAYOUT,layout_engine,340,340,336,336,340,0,0,0,0,10752,0,10752
6001,6001,repeat,LAYOUT,layout_engine,32,32,28,28,32,0,0,0,0,882,0,882
6002,6002,zeros_like,FILL,memory_engine,115,115,111,111,115,0,0,0,0,3528,0,3528
6003,6003,masked_fill_,MASK,mask_engine,115,115,111,111,115,0,0,0,0,3528,0,3528
6004,6004,linear,GEMM_W8A8,pack2_gemm,336,336,336,336,336,0,0,0,0,10752,0,10752
6005,6005,unflatten,LAYOUT,layout_engine,1012,1012,1008,1008,1012,0,0,0,0,32256,0,32256
6006,6006,unsqueeze,LAYOUT,layout_engine,1012,1012,1008,1008,1012,0,0,0,0,32256,0,32256
6007,6007,transpose,LAYOUT,layout_engine,1012,1012,1008,1008,1012,0,0,0,0,32256,0,32256
6008,6008,squeeze,LAYOUT,layout_engine,1012,1012,1008,1008,1012,0,0,0,0,32256,0,32256
6009,6009,contiguous,LAYOUT,layout_engine,1012,1012,1008,1008,1012,0,0,0,0,32256,0,32256
6010,6010,select,LAYOUT,layout_engine,1012,1012,1008,1008,1012,0,0,0,0,32256,0,32256
6011,6011,select,LAYOUT,layout_engine,1012,1012,1008,1008,1012,0,0,0,0,32256,0,32256
6012,6012,select,LAYOUT,layout_engine,1012,1012,1008,1008,1012,0,0,0,0,32256,0,32256
6013,6013,view,LAYOUT,layout_engine,340,340,336,336,340,0,0,0,0,10752,0,10752
6014,6014,transpose,LAYOUT,layout_engine,340,340,336,336,340,0,0,0,0,10752,0,10752
6015,6015,view,LAYOUT,layout_engine,340,340,336,336,340,0,0,0,0,10752,0,10752
6016,6016,transpose,LAYOUT,layout_engine,340,340,336,336,340,0,0,0,0,10752,0,10752
6017,6017,view,LAYOUT,layout_engine,340,340,336,336,340,0,0,0,0,10752,0,10752
6018,6018,transpose,LAYOUT,layout_engine,340,340,336,336,340,0,0,0,0,10752,0,10752
6019,6019,mul,MUL,fp16_vector,336,336,336,336,336,0,0,0,0,10752,0,10752
6020,6020,transpose,LAYOUT,layout_engine,340,340,336,336,340,0,0,0,0,10752,0,10752
6021,6021,baddbmm,BMM_W8A8,pack2_bmm,848,296,168,336,848,0,112896,56448,8,1764,5376,5376
6022,6022,softmax,SOFTMAX,fp16_vector,143,143,111,111,143,0,0,0,0,3528,0,3528
6023,6023,bmm,BMM_W8A8,pack2_bmm,848,296,168,336,848,0,112896,56448,8,1764,5376,5376
6024,6024,transpose,LAYOUT,layout_engine,340,340,336,336,340,0,0,0,0,10752,0,10752
6025,6025,contiguous,LAYOUT,layout_engine,340,340,336,336,340,0,0,0,0,10752,0,10752
6026,6026,view,LAYOUT,layout_engine,340,340,336,336,340,0,0,0,0,10752,0,10752
6027,6027,linear,GEMM_W8A8,pack2_gemm,2760,1632,768,336,2760,0,1376256,688128,6,5376,65536,5376
6028,6028,view,LAYOUT,layout_engine,340,340,336,336,340,0,0,0,0,10752,0,10752
6029,6029,view,LAYOUT,layout_engine,115,115,111,111,115,0,0,0,0,3528,0,3528
6030,6030,mean,REDUCE,fp16_vector,143,143,111,111,143,0,0,0,0,3528,0,3528
6031,6031,dropout,META_IDENTITY,meta_engine,336,336,336,336,336,0,0,0,0,10752,0,10752
6032,6032,add,ADD,fp16_vector,336,336,336,336,336,0,0,0,0,10752,0,10752
6033,6033,layer_norm,LAYER_NORM,fp16_vector,368,368,336,336,368,0,0,0,0,10752,0,10752
6034,6034,linear,GEMM_W8A8,pack2_gemm,336,336,336,336,336,0,0,0,0,10752,0,10752
6035,6035,detach,META_IDENTITY,meta_engine,336,336,336,336,336,0,0,0,0,10752,0,10752
6036,6036,to,META_IDENTITY,meta_engine,336,336,336,336,336,0,0,0,0,10752,0,10752
6037,6037,to,META_IDENTITY,meta_engine,336,336,336,336,336,0,0,0,0,10752,0,10752
6038,6038,detach,META_IDENTITY,meta_engine,336,336,336,336,336,0,0,0,0,10752,0,10752
6039,6039,to,META_IDENTITY,meta_engine,336,336,336,336,336,0,0,0,0,10752,0,10752
6040,6040,resolve_conj,META_IDENTITY,meta_engine,336,336,336,336,336,0,0,0,0,10752,0,10752
6041,6041,resolve_neg,META_IDENTITY,meta_engine,336,336,336,336,336,0,0,0,0,10752,0,10752
6042,6042,detach,META_IDENTITY,meta_engine,16384,16384,16384,16384,16384,0,0,0,0,524288,0,524288
6043,6043,detach,META_IDENTITY,meta_engine,16384,16384,16384,16384,16384,0,0,0,0,524288,0,524288
6044,6044,to,META_IDENTITY,meta_engine,16384,16384,16384,16384,16384,0,0,0,0,524288,0,524288
6045,6045,to,META_IDENTITY,meta_engine,16384,16384,16384,16384,16384,0,0,0,0,524288,0,524288
6046,6046,detach,META_IDENTITY,meta_engine,16384,16384,16384,16384,16384,0,0,0,0,524288,0,524288
6047,6047,to,META_IDENTITY,meta_engine,16384,16384,16384,16384,16384,0,0,0,0,524288,0,524288
6048,6048,resolve_conj,META_IDENTITY,meta_engine,16384,16384,16384,16384,16384,0,0,0,0,524288,0,524288
6049,6049,resolve_neg,META_IDENTITY,meta_engine,16384,16384,16384,16384,16384,0,0,0,0,524288,0,524288
6050,6050,relu,RELU,fp16_vector,1344,1344,1344,1344,1344,0,0,0,0,43008,0,43008
6051,6051,dropout,META_IDENTITY,meta_engine,1344,1344,1344,1344,1344,0,0,0,0,43008,0,43008
6052,6052,linear,GEMM_W8A8,pack2_gemm,1344,1344,1344,1344,1344,0,0,0,0,43008,0,43008
6053,6053,detach,META_IDENTITY,meta_engine,1344,1344,1344,1344,1344,0,0,0,0,43008,0,43008
6054,6054,to,META_IDENTITY,meta_engine,1344,1344,1344,1344,1344,0,0,0,0,43008,0,43008
6055,6055,to,META_IDENTITY,meta_engine,1344,1344,1344,1344,1344,0,0,0,0,43008,0,43008
6056,6056,detach,META_IDENTITY,meta_engine,1344,1344,1344,1344,1344,0,0,0,0,43008,0,43008
6057,6057,to,META_IDENTITY,meta_engine,1344,1344,1344,1344,1344,0,0,0,0,43008,0,43008
6058,6058,resolve_conj,META_IDENTITY,meta_engine,1344,1344,1344,1344,1344,0,0,0,0,43008,0,43008
6059,6059,resolve_neg,META_IDENTITY,meta_engine,1344,1344,1344,1344,1344,0,0,0,0,43008,0,43008
6060,6060,detach,META_IDENTITY,meta_engine,16384,16384,16384,16384,16384,0,0,0,0,524288,0,524288
6061,6061,detach,META_IDENTITY,meta_engine,16384,16384,16384,16384,16384,0,0,0,0,524288,0,524288
6062,6062,to,META_IDENTITY,meta_engine,16384,16384,16384,16384,16384,0,0,0,0,524288,0,524288
6063,6063,to,META_IDENTITY,meta_engine,16384,16384,16384,16384,16384,0,0,0,0,524288,0,524288
6064,6064,detach,META_IDENTITY,meta_engine,16384,16384,16384,16384,16384,0,0,0,0,524288,0,524288
6065,6065,to,META_IDENTITY,meta_engine,16384,16384,16384,16384,16384,0,0,0,0,524288,0,524288
6066,6066,resolve_conj,META_IDENTITY,meta_engine,16384,16384,16384,16384,16384,0,0,0,0,524288,0,524288
6067,6067,resolve_neg,META_IDENTITY,meta_engine,16384,16384,16384,16384,16384,0,0,0,0,524288,0,524288
6068,6068,dropout,META_IDENTITY,meta_engine,336,336,336,336,336,0,0,0,0,10752,0,10752
6069,6069,add,ADD,fp16_vector,336,336,336,336,336,0,0,0,0,10752,0,10752
6070,6070,layer_norm,LAYER_NORM,fp16_vector,368,368,336,336,368,0,0,0,0,10752,0,10752
6071,6071,transpose,LAYOUT,layout_engine,340,340,336,336,340,0,0,0,0,10752,0,10752
6072,6072,layer_norm,LAYER_NORM,fp16_vector,8224,8224,8192,8192,8224,0,0,0,0,262144,0,262144
6073,6073,layer_norm,LAYER_NORM,fp16_vector,368,368,336,336,368,0,0,0,0,10752,0,10752
6074,6074,linear,GEMM_W8A8,pack2_gemm,8192,8192,8192,8192,8192,0,0,0,0,262144,0,262144
6075,6075,detach,META_IDENTITY,meta_engine,8192,8192,8192,8192,8192,0,0,0,0,262144,0,262144
6076,6076,to,META_IDENTITY,meta_engine,8192,8192,8192,8192,8192,0,0,0,0,262144,0,262144
6077,6077,to,META_IDENTITY,meta_engine,8192,8192,8192,8192,8192,0,0,0,0,262144,0,262144
6078,6078,detach,META_IDENTITY,meta_engine,8192,8192,8192,8192,8192,0,0,0,0,262144,0,262144
6079,6079,to,META_IDENTITY,meta_engine,8192,8192,8192,8192,8192,0,0,0,0,262144,0,262144
6080,6080,resolve_conj,META_IDENTITY,meta_engine,8192,8192,8192,8192,8192,0,0,0,0,262144,0,262144
6081,6081,resolve_neg,META_IDENTITY,meta_engine,8192,8192,8192,8192,8192,0,0,0,0,262144,0,262144
6082,6082,detach,META_IDENTITY,meta_engine,16384,16384,16384,16384,16384,0,0,0,0,524288,0,524288
6083,6083,detach,META_IDENTITY,meta_engine,16384,16384,16384,16384,16384,0,0,0,0,524288,0,524288
6084,6084,to,META_IDENTITY,meta_engine,16384,16384,16384,16384,16384,0,0,0,0,524288,0,524288
6085,6085,to,META_IDENTITY,meta_engine,16384,16384,16384,16384,16384,0,0,0,0,524288,0,524288
6086,6086,detach,META_IDENTITY,meta_engine,16384,16384,16384,16384,16384,0,0,0,0,524288,0,524288
6087,6087,to,META_IDENTITY,meta_engine,16384,16384,16384,16384,16384,0,0,0,0,524288,0,524288
6088,6088,resolve_conj,META_IDENTITY,meta_engine,16384,16384,16384,16384,16384,0,0,0,0,524288,0,524288
6089,6089,resolve_neg,META_IDENTITY,meta_engine,16384,16384,16384,16384,16384,0,0,0,0,524288,0,524288
6090,6090,mul,MUL,fp16_vector,32768,32768,32768,32768,32768,0,0,0,0,1048576,0,1048576
6091,6091,linear,GEMM_W8A8,pack2_gemm,336,336,336,336,336,0,0,0,0,10752,0,10752
6092,6092,detach,META_IDENTITY,meta_engine,336,336,336,336,336,0,0,0,0,10752,0,10752
6093,6093,to,META_IDENTITY,meta_engine,336,336,336,336,336,0,0,0,0,10752,0,10752
6094,6094,to,META_IDENTITY,meta_engine,336,336,336,336,336,0,0,0,0,10752,0,10752
6095,6095,detach,META_IDENTITY,meta_engine,336,336,336,336,336,0,0,0,0,10752,0,10752
6096,6096,to,META_IDENTITY,meta_engine,336,336,336,336,336,0,0,0,0,10752,0,10752
6097,6097,resolve_conj,META_IDENTITY,meta_engine,336,336,336,336,336,0,0,0,0,10752,0,10752
6098,6098,resolve_neg,META_IDENTITY,meta_engine,336,336,336,336,336,0,0,0,0,10752,0,10752
6099,6099,detach,META_IDENTITY,meta_engine,16384,16384,16384,16384,16384,0,0,0,0,524288,0,524288
6100,6100,detach,META_IDENTITY,meta_engine,16384,16384,16384,16384,16384,0,0,0,0,524288,0,524288
6101,6101,to,META_IDENTITY,meta_engine,16384,16384,16384,16384,16384,0,0,0,0,524288,0,524288
6102,6102,to,META_IDENTITY,meta_engine,16384,16384,16384,16384,16384,0,0,0,0,524288,0,524288
6103,6103,detach,META_IDENTITY,meta_engine,16384,16384,16384,16384,16384,0,0,0,0,524288,0,524288
6104,6104,to,META_IDENTITY,meta_engine,16384,16384,16384,16384,16384,0,0,0,0,524288,0,524288
6105,6105,resolve_conj,META_IDENTITY,meta_engine,16384,16384,16384,16384,16384,0,0,0,0,524288,0,524288
6106,6106,resolve_neg,META_IDENTITY,meta_engine,16384,16384,16384,16384,16384,0,0,0,0,524288,0,524288
6107,6107,view,LAYOUT,layout_engine,1348,1348,1344,1344,1348,0,0,0,0,43008,0,43008
6108,6108,transpose,LAYOUT,layout_engine,1348,1348,1344,1344,1348,0,0,0,0,43008,0,43008
6109,6109,contiguous,LAYOUT,layout_engine,1348,1348,1344,1344,1348,0,0,0,0,43008,0,43008
6110,6110,linear,GEMM_W8A8,pack2_gemm,8192,8192,8192,8192,8192,0,0,0,0,262144,0,262144
6111,6111,detach,META_IDENTITY,meta_engine,8192,8192,8192,8192,8192,0,0,0,0,262144,0,262144
6112,6112,to,META_IDENTITY,meta_engine,8192,8192,8192,8192,8192,0,0,0,0,262144,0,262144
6113,6113,to,META_IDENTITY,meta_engine,8192,8192,8192,8192,8192,0,0,0,0,262144,0,262144
6114,6114,detach,META_IDENTITY,meta_engine,8192,8192,8192,8192,8192,0,0,0,0,262144,0,262144
6115,6115,to,META_IDENTITY,meta_engine,8192,8192,8192,8192,8192,0,0,0,0,262144,0,262144
6116,6116,resolve_conj,META_IDENTITY,meta_engine,8192,8192,8192,8192,8192,0,0,0,0,262144,0,262144
6117,6117,resolve_neg,META_IDENTITY,meta_engine,8192,8192,8192,8192,8192,0,0,0,0,262144,0,262144
6118,6118,detach,META_IDENTITY,meta_engine,16384,16384,16384,16384,16384,0,0,0,0,524288,0,524288
6119,6119,detach,META_IDENTITY,meta_engine,16384,16384,16384,16384,16384,0,0,0,0,524288,0,524288
6120,6120,to,META_IDENTITY,meta_engine,16384,16384,16384,16384,16384,0,0,0,0,524288,0,524288
6121,6121,to,META_IDENTITY,meta_engine,16384,16384,16384,16384,16384,0,0,0,0,524288,0,524288
6122,6122,detach,META_IDENTITY,meta_engine,16384,16384,16384,16384,16384,0,0,0,0,524288,0,524288
6123,6123,to,META_IDENTITY,meta_engine,16384,16384,16384,16384,16384,0,0,0,0,524288,0,524288
6124,6124,resolve_conj,META_IDENTITY,meta_engine,16384,16384,16384,16384,16384,0,0,0,0,524288,0,524288
6125,6125,resolve_neg,META_IDENTITY,meta_engine,16384,16384,16384,16384,16384,0,0,0,0,524288,0,524288
6126,6126,view,LAYOUT,layout_engine,32772,32772,32768,32768,32772,0,0,0,0,1048576,0,1048576
6127,6127,transpose,LAYOUT,layout_engine,32772,32772,32768,32768,32772,0,0,0,0,1048576,0,1048576
6128,6128,contiguous,LAYOUT,layout_engine,32772,32772,32768,32768,32772,0,0,0,0,1048576,0,1048576
6129,6129,linear,GEMM_W8A8,pack2_gemm,336,336,336,336,336,0,0,0,0,10752,0,10752
6130,6130,detach,META_IDENTITY,meta_engine,336,336,336,336,336,0,0,0,0,10752,0,10752
6131,6131,to,META_IDENTITY,meta_engine,336,336,336,336,336,0,0,0,0,10752,0,10752
6132,6132,to,META_IDENTITY,meta_engine,336,336,336,336,336,0,0,0,0,10752,0,10752
6133,6133,detach,META_IDENTITY,meta_engine,336,336,336,336,336,0,0,0,0,10752,0,10752
6134,6134,to,META_IDENTITY,meta_engine,336,336,336,336,336,0,0,0,0,10752,0,10752
6135,6135,resolve_conj,META_IDENTITY,meta_engine,336,336,336,336,336,0,0,0,0,10752,0,10752
6136,6136,resolve_neg,META_IDENTITY,meta_engine,336,336,336,336,336,0,0,0,0,10752,0,10752
6137,6137,detach,META_IDENTITY,meta_engine,16384,16384,16384,16384,16384,0,0,0,0,524288,0,524288
6138,6138,detach,META_IDENTITY,meta_engine,16384,16384,16384,16384,16384,0,0,0,0,524288,0,524288
6139,6139,to,META_IDENTITY,meta_engine,16384,16384,16384,16384,16384,0,0,0,0,524288,0,524288
6140,6140,to,META_IDENTITY,meta_engine,16384,16384,16384,16384,16384,0,0,0,0,524288,0,524288
6141,6141,detach,META_IDENTITY,meta_engine,16384,16384,16384,16384,16384,0,0,0,0,524288,0,524288
6142,6142,to,META_IDENTITY,meta_engine,16384,16384,16384,16384,16384,0,0,0,0,524288,0,524288
6143,6143,resolve_conj,META_IDENTITY,meta_engine,16384,16384,16384,16384,16384,0,0,0,0,524288,0,524288
6144,6144,resolve_neg,META_IDENTITY,meta_engine,16384,16384,16384,16384,16384,0,0,0,0,524288,0,524288
6145,6145,view,LAYOUT,layout_engine,1348,1348,1344,1344,1348,0,0,0,0,43008,0,43008
6146,6146,transpose,LAYOUT,layout_engine,1348,1348,1344,1344,1348,0,0,0,0,43008,0,43008
6147,6147,contiguous,LAYOUT,layout_engine,1348,1348,1344,1344,1348,0,0,0,0,43008,0,43008
6148,6148,view,LAYOUT,layout_engine,32772,32772,32768,32768,32772,0,0,0,0,1048576,0,1048576
6149,6149,transpose,LAYOUT,layout_engine,32772,32772,32768,32768,32772,0,0,0,0,1048576,0,1048576
6150,6150,contiguous,LAYOUT,layout_engine,32772,32772,32768,32768,32772,0,0,0,0,1048576,0,1048576
6151,6151,view,LAYOUT,layout_engine,32772,32772,32768,32768,32772,0,0,0,0,1048576,0,1048576
6152,6152,view,LAYOUT,layout_engine,1348,1348,1344,1344,1348,0,0,0,0,43008,0,43008
6153,6153,view,LAYOUT,layout_engine,32772,32772,32768,32768,32772,0,0,0,0,1048576,0,1048576
6154,6154,view,LAYOUT,layout_engine,1348,1348,1344,1344,1348,0,0,0,0,43008,0,43008
6155,6155,transpose,LAYOUT,layout_engine,1348,1348,1344,1344,1348,0,0,0,0,43008,0,43008
6156,6156,bmm,BMM_W8A8,pack2_bmm,71040,34816,32768,2688,71040,0,11010048,5505024,128,524288,21504,43008
6157,6157,max,REDUCE,fp16_vector,2720,2720,2688,2688,2720,0,0,0,0,86016,0,86016
6158,6158,sub,ADD,fp16_vector,2688,2688,2688,2688,2688,0,0,0,0,86016,0,86016
6159,6159,clamp,CLAMP,fp16_vector,2688,2688,2688,2688,2688,0,0,0,0,86016,0,86016
6160,6160,clamp,CLAMP,fp16_vector,2688,2688,2688,2688,2688,0,0,0,0,86016,0,86016
6161,6161,transpose,LAYOUT,layout_engine,2692,2692,2688,2688,2692,0,0,0,0,86016,0,86016
6162,6162,max,REDUCE,fp16_vector,2720,2720,2688,2688,2720,0,0,0,0,86016,0,86016
6163,6163,sub,ADD,fp16_vector,2688,2688,2688,2688,2688,0,0,0,0,86016,0,86016
6164,6164,clamp,CLAMP,fp16_vector,2688,2688,2688,2688,2688,0,0,0,0,86016,0,86016
6165,6165,clamp,CLAMP,fp16_vector,2688,2688,2688,2688,2688,0,0,0,0,86016,0,86016
6166,6166,softmax,SOFTMAX,fp16_vector,2720,2720,2688,2688,2720,0,0,0,0,86016,0,86016
6167,6167,slice,LAYOUT,layout_engine,6,6,2,2,6,0,0,0,0,42,0,42
6168,6168,unsqueeze,LAYOUT,layout_engine,6,6,2,2,6,0,0,0,0,42,0,42
6169,6169,unsqueeze,LAYOUT,layout_engine,6,6,2,2,6,0,0,0,0,42,0,42
6170,6170,slice,LAYOUT,layout_engine,6,6,2,2,6,0,0,0,0,42,0,42
6171,6171,repeat,LAYOUT,layout_engine,6,6,2,2,6,0,0,0,0,42,0,42
6172,6172,flatten,LAYOUT,layout_engine,10,10,6,6,10,0,0,0,0,168,0,168
6173,6173,masked_fill_,MASK,mask_engine,2692,2692,2688,2688,2692,0,0,0,0,86016,0,86016
6174,6174,softmax,SOFTMAX,fp16_vector,2720,2720,2688,2688,2720,0,0,0,0,86016,0,86016
6175,6175,dropout,META_IDENTITY,meta_engine,2688,2688,2688,2688,2688,0,0,0,0,86016,0,86016
6176,6176,dropout,META_IDENTITY,meta_engine,2688,2688,2688,2688,2688,0,0,0,0,86016,0,86016
6177,6177,bmm,BMM_W8A8,pack2_bmm,51968,14208,2688,32768,51968,0,11010048,5505024,384,43008,21504,524288
6178,6178,bmm,BMM_W8A8,pack2_bmm,20304,12672,6144,1344,20304,0,11010048,5505024,24,43008,524288,21504
6179,6179,view,LAYOUT,layout_engine,32772,32772,32768,32768,32772,0,0,0,0,1048576,0,1048576
6180,6180,transpose,LAYOUT,layout_engine,32772,32772,32768,32768,32772,0,0,0,0,1048576,0,1048576
6181,6181,reshape,LAYOUT,layout_engine,32772,32772,32768,32768,32772,0,0,0,0,1048576,0,1048576
6182,6182,view,LAYOUT,layout_engine,1348,1348,1344,1344,1348,0,0,0,0,43008,0,43008
6183,6183,transpose,LAYOUT,layout_engine,1348,1348,1344,1344,1348,0,0,0,0,43008,0,43008
6184,6184,reshape,LAYOUT,layout_engine,1348,1348,1344,1344,1348,0,0,0,0,43008,0,43008
6185,6185,linear,GEMM_W8A8,pack2_gemm,32768,32768,32768,32768,32768,0,0,0,0,1048576,0,1048576
6186,6186,detach,META_IDENTITY,meta_engine,32768,32768,32768,32768,32768,0,0,0,0,1048576,0,1048576
6187,6187,to,META_IDENTITY,meta_engine,32768,32768,32768,32768,32768,0,0,0,0,1048576,0,1048576
6188,6188,to,META_IDENTITY,meta_engine,32768,32768,32768,32768,32768,0,0,0,0,1048576,0,1048576
6189,6189,detach,META_IDENTITY,meta_engine,32768,32768,32768,32768,32768,0,0,0,0,1048576,0,1048576
6190,6190,to,META_IDENTITY,meta_engine,32768,32768,32768,32768,32768,0,0,0,0,1048576,0,1048576
6191,6191,resolve_conj,META_IDENTITY,meta_engine,32768,32768,32768,32768,32768,0,0,0,0,1048576,0,1048576
6192,6192,resolve_neg,META_IDENTITY,meta_engine,32768,32768,32768,32768,32768,0,0,0,0,1048576,0,1048576
6193,6193,detach,META_IDENTITY,meta_engine,16384,16384,16384,16384,16384,0,0,0,0,524288,0,524288
6194,6194,detach,META_IDENTITY,meta_engine,16384,16384,16384,16384,16384,0,0,0,0,524288,0,524288
6195,6195,to,META_IDENTITY,meta_engine,16384,16384,16384,16384,16384,0,0,0,0,524288,0,524288
6196,6196,to,META_IDENTITY,meta_engine,16384,16384,16384,16384,16384,0,0,0,0,524288,0,524288
6197,6197,detach,META_IDENTITY,meta_engine,16384,16384,16384,16384,16384,0,0,0,0,524288,0,524288
6198,6198,to,META_IDENTITY,meta_engine,16384,16384,16384,16384,16384,0,0,0,0,524288,0,524288
6199,6199,resolve_conj,META_IDENTITY,meta_engine,16384,16384,16384,16384,16384,0,0,0,0,524288,0,524288
6200,6200,resolve_neg,META_IDENTITY,meta_engine,16384,16384,16384,16384,16384,0,0,0,0,524288,0,524288
6201,6201,linear,GEMM_W8A8,pack2_gemm,1344,1344,1344,1344,1344,0,0,0,0,43008,0,43008
6202,6202,detach,META_IDENTITY,meta_engine,1344,1344,1344,1344,1344,0,0,0,0,43008,0,43008
6203,6203,to,META_IDENTITY,meta_engine,1344,1344,1344,1344,1344,0,0,0,0,43008,0,43008
6204,6204,to,META_IDENTITY,meta_engine,1344,1344,1344,1344,1344,0,0,0,0,43008,0,43008
6205,6205,detach,META_IDENTITY,meta_engine,1344,1344,1344,1344,1344,0,0,0,0,43008,0,43008
6206,6206,to,META_IDENTITY,meta_engine,1344,1344,1344,1344,1344,0,0,0,0,43008,0,43008
6207,6207,resolve_conj,META_IDENTITY,meta_engine,1344,1344,1344,1344,1344,0,0,0,0,43008,0,43008
6208,6208,resolve_neg,META_IDENTITY,meta_engine,1344,1344,1344,1344,1344,0,0,0,0,43008,0,43008
6209,6209,detach,META_IDENTITY,meta_engine,16384,16384,16384,16384,16384,0,0,0,0,524288,0,524288
6210,6210,detach,META_IDENTITY,meta_engine,16384,16384,16384,16384,16384,0,0,0,0,524288,0,524288
6211,6211,to,META_IDENTITY,meta_engine,16384,16384,16384,16384,16384,0,0,0,0,524288,0,524288
6212,6212,to,META_IDENTITY,meta_engine,16384,16384,16384,16384,16384,0,0,0,0,524288,0,524288
6213,6213,detach,META_IDENTITY,meta_engine,16384,16384,16384,16384,16384,0,0,0,0,524288,0,524288
6214,6214,to,META_IDENTITY,meta_engine,16384,16384,16384,16384,16384,0,0,0,0,524288,0,524288
6215,6215,resolve_conj,META_IDENTITY,meta_engine,16384,16384,16384,16384,16384,0,0,0,0,524288,0,524288
6216,6216,resolve_neg,META_IDENTITY,meta_engine,16384,16384,16384,16384,16384,0,0,0,0,524288,0,524288
6217,6217,mul,MUL,fp16_vector,16,16,16,16,16,0,0,0,0,512,0,512
6218,6218,add,ADD,fp16_vector,8192,8192,8192,8192,8192,0,0,0,0,262144,0,262144
6219,6219,mul,MUL,fp16_vector,16,16,16,16,16,0,0,0,0,512,0,512
6220,6220,add,ADD,fp16_vector,336,336,336,336,336,0,0,0,0,10752,0,10752
6221,6221,bitwise_not,MASK,mask_engine,32,32,28,28,32,0,0,0,0,882,0,882
6222,6222,transpose,LAYOUT,layout_engine,340,340,336,336,340,0,0,0,0,10752,0,10752
6223,6223,repeat,LAYOUT,layout_engine,32,32,28,28,32,0,0,0,0,882,0,882
6224,6224,zeros_like,FILL,memory_engine,115,115,111,111,115,0,0,0,0,3528,0,3528
6225,6225,masked_fill_,MASK,mask_engine,115,115,111,111,115,0,0,0,0,3528,0,3528
6226,6226,linear,GEMM_W8A8,pack2_gemm,336,336,336,336,336,0,0,0,0,10752,0,10752
6227,6227,unflatten,LAYOUT,layout_engine,1012,1012,1008,1008,1012,0,0,0,0,32256,0,32256
6228,6228,unsqueeze,LAYOUT,layout_engine,1012,1012,1008,1008,1012,0,0,0,0,32256,0,32256
6229,6229,transpose,LAYOUT,layout_engine,1012,1012,1008,1008,1012,0,0,0,0,32256,0,32256
6230,6230,squeeze,LAYOUT,layout_engine,1012,1012,1008,1008,1012,0,0,0,0,32256,0,32256
6231,6231,contiguous,LAYOUT,layout_engine,1012,1012,1008,1008,1012,0,0,0,0,32256,0,32256
6232,6232,select,LAYOUT,layout_engine,1012,1012,1008,1008,1012,0,0,0,0,32256,0,32256
6233,6233,select,LAYOUT,layout_engine,1012,1012,1008,1008,1012,0,0,0,0,32256,0,32256
6234,6234,select,LAYOUT,layout_engine,1012,1012,1008,1008,1012,0,0,0,0,32256,0,32256
6235,6235,view,LAYOUT,layout_engine,340,340,336,336,340,0,0,0,0,10752,0,10752
6236,6236,transpose,LAYOUT,layout_engine,340,340,336,336,340,0,0,0,0,10752,0,10752
6237,6237,view,LAYOUT,layout_engine,340,340,336,336,340,0,0,0,0,10752,0,10752
6238,6238,transpose,LAYOUT,layout_engine,340,340,336,336,340,0,0,0,0,10752,0,10752
6239,6239,view,LAYOUT,layout_engine,340,340,336,336,340,0,0,0,0,10752,0,10752
6240,6240,transpose,LAYOUT,layout_engine,340,340,336,336,340,0,0,0,0,10752,0,10752
6241,6241,mul,MUL,fp16_vector,336,336,336,336,336,0,0,0,0,10752,0,10752
6242,6242,transpose,LAYOUT,layout_engine,340,340,336,336,340,0,0,0,0,10752,0,10752
6243,6243,baddbmm,BMM_W8A8,pack2_bmm,848,296,168,336,848,0,112896,56448,8,1764,5376,5376
6244,6244,softmax,SOFTMAX,fp16_vector,143,143,111,111,143,0,0,0,0,3528,0,3528
6245,6245,bmm,BMM_W8A8,pack2_bmm,848,296,168,336,848,0,112896,56448,8,1764,5376,5376
6246,6246,transpose,LAYOUT,layout_engine,340,340,336,336,340,0,0,0,0,10752,0,10752
6247,6247,contiguous,LAYOUT,layout_engine,340,340,336,336,340,0,0,0,0,10752,0,10752
6248,6248,view,LAYOUT,layout_engine,340,340,336,336,340,0,0,0,0,10752,0,10752
6249,6249,linear,GEMM_W8A8,pack2_gemm,2760,1632,768,336,2760,0,1376256,688128,6,5376,65536,5376
6250,6250,view,LAYOUT,layout_engine,340,340,336,336,340,0,0,0,0,10752,0,10752
6251,6251,view,LAYOUT,layout_engine,115,115,111,111,115,0,0,0,0,3528,0,3528
6252,6252,mean,REDUCE,fp16_vector,143,143,111,111,143,0,0,0,0,3528,0,3528
6253,6253,dropout,META_IDENTITY,meta_engine,336,336,336,336,336,0,0,0,0,10752,0,10752
6254,6254,add,ADD,fp16_vector,336,336,336,336,336,0,0,0,0,10752,0,10752
6255,6255,layer_norm,LAYER_NORM,fp16_vector,368,368,336,336,368,0,0,0,0,10752,0,10752
6256,6256,linear,GEMM_W8A8,pack2_gemm,336,336,336,336,336,0,0,0,0,10752,0,10752
6257,6257,detach,META_IDENTITY,meta_engine,336,336,336,336,336,0,0,0,0,10752,0,10752
6258,6258,to,META_IDENTITY,meta_engine,336,336,336,336,336,0,0,0,0,10752,0,10752
6259,6259,to,META_IDENTITY,meta_engine,336,336,336,336,336,0,0,0,0,10752,0,10752
6260,6260,detach,META_IDENTITY,meta_engine,336,336,336,336,336,0,0,0,0,10752,0,10752
6261,6261,to,META_IDENTITY,meta_engine,336,336,336,336,336,0,0,0,0,10752,0,10752
6262,6262,resolve_conj,META_IDENTITY,meta_engine,336,336,336,336,336,0,0,0,0,10752,0,10752
6263,6263,resolve_neg,META_IDENTITY,meta_engine,336,336,336,336,336,0,0,0,0,10752,0,10752
6264,6264,detach,META_IDENTITY,meta_engine,16384,16384,16384,16384,16384,0,0,0,0,524288,0,524288
6265,6265,detach,META_IDENTITY,meta_engine,16384,16384,16384,16384,16384,0,0,0,0,524288,0,524288
6266,6266,to,META_IDENTITY,meta_engine,16384,16384,16384,16384,16384,0,0,0,0,524288,0,524288
6267,6267,to,META_IDENTITY,meta_engine,16384,16384,16384,16384,16384,0,0,0,0,524288,0,524288
6268,6268,detach,META_IDENTITY,meta_engine,16384,16384,16384,16384,16384,0,0,0,0,524288,0,524288
6269,6269,to,META_IDENTITY,meta_engine,16384,16384,16384,16384,16384,0,0,0,0,524288,0,524288
6270,6270,resolve_conj,META_IDENTITY,meta_engine,16384,16384,16384,16384,16384,0,0,0,0,524288,0,524288
6271,6271,resolve_neg,META_IDENTITY,meta_engine,16384,16384,16384,16384,16384,0,0,0,0,524288,0,524288
6272,6272,relu,RELU,fp16_vector,1344,1344,1344,1344,1344,0,0,0,0,43008,0,43008
6273,6273,dropout,META_IDENTITY,meta_engine,1344,1344,1344,1344,1344,0,0,0,0,43008,0,43008
6274,6274,linear,GEMM_W8A8,pack2_gemm,1344,1344,1344,1344,1344,0,0,0,0,43008,0,43008
6275,6275,detach,META_IDENTITY,meta_engine,1344,1344,1344,1344,1344,0,0,0,0,43008,0,43008
6276,6276,to,META_IDENTITY,meta_engine,1344,1344,1344,1344,1344,0,0,0,0,43008,0,43008
6277,6277,to,META_IDENTITY,meta_engine,1344,1344,1344,1344,1344,0,0,0,0,43008,0,43008
6278,6278,detach,META_IDENTITY,meta_engine,1344,1344,1344,1344,1344,0,0,0,0,43008,0,43008
6279,6279,to,META_IDENTITY,meta_engine,1344,1344,1344,1344,1344,0,0,0,0,43008,0,43008
6280,6280,resolve_conj,META_IDENTITY,meta_engine,1344,1344,1344,1344,1344,0,0,0,0,43008,0,43008
6281,6281,resolve_neg,META_IDENTITY,meta_engine,1344,1344,1344,1344,1344,0,0,0,0,43008,0,43008
6282,6282,detach,META_IDENTITY,meta_engine,16384,16384,16384,16384,16384,0,0,0,0,524288,0,524288
6283,6283,detach,META_IDENTITY,meta_engine,16384,16384,16384,16384,16384,0,0,0,0,524288,0,524288
6284,6284,to,META_IDENTITY,meta_engine,16384,16384,16384,16384,16384,0,0,0,0,524288,0,524288
6285,6285,to,META_IDENTITY,meta_engine,16384,16384,16384,16384,16384,0,0,0,0,524288,0,524288
6286,6286,detach,META_IDENTITY,meta_engine,16384,16384,16384,16384,16384,0,0,0,0,524288,0,524288
6287,6287,to,META_IDENTITY,meta_engine,16384,16384,16384,16384,16384,0,0,0,0,524288,0,524288
6288,6288,resolve_conj,META_IDENTITY,meta_engine,16384,16384,16384,16384,16384,0,0,0,0,524288,0,524288
6289,6289,resolve_neg,META_IDENTITY,meta_engine,16384,16384,16384,16384,16384,0,0,0,0,524288,0,524288
6290,6290,dropout,META_IDENTITY,meta_engine,336,336,336,336,336,0,0,0,0,10752,0,10752
6291,6291,add,ADD,fp16_vector,336,336,336,336,336,0,0,0,0,10752,0,10752
6292,6292,layer_norm,LAYER_NORM,fp16_vector,368,368,336,336,368,0,0,0,0,10752,0,10752
6293,6293,transpose,LAYOUT,layout_engine,340,340,336,336,340,0,0,0,0,10752,0,10752
6294,6294,layer_norm,LAYER_NORM,fp16_vector,8224,8224,8192,8192,8224,0,0,0,0,262144,0,262144
6295,6295,layer_norm,LAYER_NORM,fp16_vector,368,368,336,336,368,0,0,0,0,10752,0,10752
6296,6296,linear,GEMM_W8A8,pack2_gemm,8192,8192,8192,8192,8192,0,0,0,0,262144,0,262144
6297,6297,detach,META_IDENTITY,meta_engine,8192,8192,8192,8192,8192,0,0,0,0,262144,0,262144
6298,6298,to,META_IDENTITY,meta_engine,8192,8192,8192,8192,8192,0,0,0,0,262144,0,262144
6299,6299,to,META_IDENTITY,meta_engine,8192,8192,8192,8192,8192,0,0,0,0,262144,0,262144
6300,6300,detach,META_IDENTITY,meta_engine,8192,8192,8192,8192,8192,0,0,0,0,262144,0,262144
6301,6301,to,META_IDENTITY,meta_engine,8192,8192,8192,8192,8192,0,0,0,0,262144,0,262144
6302,6302,resolve_conj,META_IDENTITY,meta_engine,8192,8192,8192,8192,8192,0,0,0,0,262144,0,262144
6303,6303,resolve_neg,META_IDENTITY,meta_engine,8192,8192,8192,8192,8192,0,0,0,0,262144,0,262144
6304,6304,detach,META_IDENTITY,meta_engine,16384,16384,16384,16384,16384,0,0,0,0,524288,0,524288
6305,6305,detach,META_IDENTITY,meta_engine,16384,16384,16384,16384,16384,0,0,0,0,524288,0,524288
6306,6306,to,META_IDENTITY,meta_engine,16384,16384,16384,16384,16384,0,0,0,0,524288,0,524288
6307,6307,to,META_IDENTITY,meta_engine,16384,16384,16384,16384,16384,0,0,0,0,524288,0,524288
6308,6308,detach,META_IDENTITY,meta_engine,16384,16384,16384,16384,16384,0,0,0,0,524288,0,524288
6309,6309,to,META_IDENTITY,meta_engine,16384,16384,16384,16384,16384,0,0,0,0,524288,0,524288
6310,6310,resolve_conj,META_IDENTITY,meta_engine,16384,16384,16384,16384,16384,0,0,0,0,524288,0,524288
6311,6311,resolve_neg,META_IDENTITY,meta_engine,16384,16384,16384,16384,16384,0,0,0,0,524288,0,524288
6312,6312,mul,MUL,fp16_vector,32768,32768,32768,32768,32768,0,0,0,0,1048576,0,1048576
6313,6313,linear,GEMM_W8A8,pack2_gemm,336,336,336,336,336,0,0,0,0,10752,0,10752
6314,6314,detach,META_IDENTITY,meta_engine,336,336,336,336,336,0,0,0,0,10752,0,10752
6315,6315,to,META_IDENTITY,meta_engine,336,336,336,336,336,0,0,0,0,10752,0,10752
6316,6316,to,META_IDENTITY,meta_engine,336,336,336,336,336,0,0,0,0,10752,0,10752
6317,6317,detach,META_IDENTITY,meta_engine,336,336,336,336,336,0,0,0,0,10752,0,10752
6318,6318,to,META_IDENTITY,meta_engine,336,336,336,336,336,0,0,0,0,10752,0,10752
6319,6319,resolve_conj,META_IDENTITY,meta_engine,336,336,336,336,336,0,0,0,0,10752,0,10752
6320,6320,resolve_neg,META_IDENTITY,meta_engine,336,336,336,336,336,0,0,0,0,10752,0,10752
6321,6321,detach,META_IDENTITY,meta_engine,16384,16384,16384,16384,16384,0,0,0,0,524288,0,524288
6322,6322,detach,META_IDENTITY,meta_engine,16384,16384,16384,16384,16384,0,0,0,0,524288,0,524288
6323,6323,to,META_IDENTITY,meta_engine,16384,16384,16384,16384,16384,0,0,0,0,524288,0,524288
6324,6324,to,META_IDENTITY,meta_engine,16384,16384,16384,16384,16384,0,0,0,0,524288,0,524288
6325,6325,detach,META_IDENTITY,meta_engine,16384,16384,16384,16384,16384,0,0,0,0,524288,0,524288
6326,6326,to,META_IDENTITY,meta_engine,16384,16384,16384,16384,16384,0,0,0,0,524288,0,524288
6327,6327,resolve_conj,META_IDENTITY,meta_engine,16384,16384,16384,16384,16384,0,0,0,0,524288,0,524288
6328,6328,resolve_neg,META_IDENTITY,meta_engine,16384,16384,16384,16384,16384,0,0,0,0,524288,0,524288
6329,6329,view,LAYOUT,layout_engine,1348,1348,1344,1344,1348,0,0,0,0,43008,0,43008
6330,6330,transpose,LAYOUT,layout_engine,1348,1348,1344,1344,1348,0,0,0,0,43008,0,43008
6331,6331,contiguous,LAYOUT,layout_engine,1348,1348,1344,1344,1348,0,0,0,0,43008,0,43008
6332,6332,linear,GEMM_W8A8,pack2_gemm,8192,8192,8192,8192,8192,0,0,0,0,262144,0,262144
6333,6333,detach,META_IDENTITY,meta_engine,8192,8192,8192,8192,8192,0,0,0,0,262144,0,262144
6334,6334,to,META_IDENTITY,meta_engine,8192,8192,8192,8192,8192,0,0,0,0,262144,0,262144
6335,6335,to,META_IDENTITY,meta_engine,8192,8192,8192,8192,8192,0,0,0,0,262144,0,262144
6336,6336,detach,META_IDENTITY,meta_engine,8192,8192,8192,8192,8192,0,0,0,0,262144,0,262144
6337,6337,to,META_IDENTITY,meta_engine,8192,8192,8192,8192,8192,0,0,0,0,262144,0,262144
6338,6338,resolve_conj,META_IDENTITY,meta_engine,8192,8192,8192,8192,8192,0,0,0,0,262144,0,262144
6339,6339,resolve_neg,META_IDENTITY,meta_engine,8192,8192,8192,8192,8192,0,0,0,0,262144,0,262144
6340,6340,detach,META_IDENTITY,meta_engine,16384,16384,16384,16384,16384,0,0,0,0,524288,0,524288
6341,6341,detach,META_IDENTITY,meta_engine,16384,16384,16384,16384,16384,0,0,0,0,524288,0,524288
6342,6342,to,META_IDENTITY,meta_engine,16384,16384,16384,16384,16384,0,0,0,0,524288,0,524288
6343,6343,to,META_IDENTITY,meta_engine,16384,16384,16384,16384,16384,0,0,0,0,524288,0,524288
6344,6344,detach,META_IDENTITY,meta_engine,16384,16384,16384,16384,16384,0,0,0,0,524288,0,524288
6345,6345,to,META_IDENTITY,meta_engine,16384,16384,16384,16384,16384,0,0,0,0,524288,0,524288
6346,6346,resolve_conj,META_IDENTITY,meta_engine,16384,16384,16384,16384,16384,0,0,0,0,524288,0,524288
6347,6347,resolve_neg,META_IDENTITY,meta_engine,16384,16384,16384,16384,16384,0,0,0,0,524288,0,524288
6348,6348,view,LAYOUT,layout_engine,32772,32772,32768,32768,32772,0,0,0,0,1048576,0,1048576
6349,6349,transpose,LAYOUT,layout_engine,32772,32772,32768,32768,32772,0,0,0,0,1048576,0,1048576
6350,6350,contiguous,LAYOUT,layout_engine,32772,32772,32768,32768,32772,0,0,0,0,1048576,0,1048576
6351,6351,linear,GEMM_W8A8,pack2_gemm,336,336,336,336,336,0,0,0,0,10752,0,10752
6352,6352,detach,META_IDENTITY,meta_engine,336,336,336,336,336,0,0,0,0,10752,0,10752
6353,6353,to,META_IDENTITY,meta_engine,336,336,336,336,336,0,0,0,0,10752,0,10752
6354,6354,to,META_IDENTITY,meta_engine,336,336,336,336,336,0,0,0,0,10752,0,10752
6355,6355,detach,META_IDENTITY,meta_engine,336,336,336,336,336,0,0,0,0,10752,0,10752
6356,6356,to,META_IDENTITY,meta_engine,336,336,336,336,336,0,0,0,0,10752,0,10752
6357,6357,resolve_conj,META_IDENTITY,meta_engine,336,336,336,336,336,0,0,0,0,10752,0,10752
6358,6358,resolve_neg,META_IDENTITY,meta_engine,336,336,336,336,336,0,0,0,0,10752,0,10752
6359,6359,detach,META_IDENTITY,meta_engine,16384,16384,16384,16384,16384,0,0,0,0,524288,0,524288
6360,6360,detach,META_IDENTITY,meta_engine,16384,16384,16384,16384,16384,0,0,0,0,524288,0,524288
6361,6361,to,META_IDENTITY,meta_engine,16384,16384,16384,16384,16384,0,0,0,0,524288,0,524288
6362,6362,to,META_IDENTITY,meta_engine,16384,16384,16384,16384,16384,0,0,0,0,524288,0,524288
6363,6363,detach,META_IDENTITY,meta_engine,16384,16384,16384,16384,16384,0,0,0,0,524288,0,524288
6364,6364,to,META_IDENTITY,meta_engine,16384,16384,16384,16384,16384,0,0,0,0,524288,0,524288
6365,6365,resolve_conj,META_IDENTITY,meta_engine,16384,16384,16384,16384,16384,0,0,0,0,524288,0,524288
6366,6366,resolve_neg,META_IDENTITY,meta_engine,16384,16384,16384,16384,16384,0,0,0,0,524288,0,524288
6367,6367,view,LAYOUT,layout_engine,1348,1348,1344,1344,1348,0,0,0,0,43008,0,43008
6368,6368,transpose,LAYOUT,layout_engine,1348,1348,1344,1344,1348,0,0,0,0,43008,0,43008
6369,6369,contiguous,LAYOUT,layout_engine,1348,1348,1344,1344,1348,0,0,0,0,43008,0,43008
6370,6370,view,LAYOUT,layout_engine,32772,32772,32768,32768,32772,0,0,0,0,1048576,0,1048576
6371,6371,transpose,LAYOUT,layout_engine,32772,32772,32768,32768,32772,0,0,0,0,1048576,0,1048576
6372,6372,contiguous,LAYOUT,layout_engine,32772,32772,32768,32768,32772,0,0,0,0,1048576,0,1048576
6373,6373,view,LAYOUT,layout_engine,32772,32772,32768,32768,32772,0,0,0,0,1048576,0,1048576
6374,6374,view,LAYOUT,layout_engine,1348,1348,1344,1344,1348,0,0,0,0,43008,0,43008
6375,6375,view,LAYOUT,layout_engine,32772,32772,32768,32768,32772,0,0,0,0,1048576,0,1048576
6376,6376,view,LAYOUT,layout_engine,1348,1348,1344,1344,1348,0,0,0,0,43008,0,43008
6377,6377,transpose,LAYOUT,layout_engine,1348,1348,1344,1344,1348,0,0,0,0,43008,0,43008
6378,6378,bmm,BMM_W8A8,pack2_bmm,71040,34816,32768,2688,71040,0,11010048,5505024,128,524288,21504,43008
6379,6379,max,REDUCE,fp16_vector,2720,2720,2688,2688,2720,0,0,0,0,86016,0,86016
6380,6380,sub,ADD,fp16_vector,2688,2688,2688,2688,2688,0,0,0,0,86016,0,86016
6381,6381,clamp,CLAMP,fp16_vector,2688,2688,2688,2688,2688,0,0,0,0,86016,0,86016
6382,6382,clamp,CLAMP,fp16_vector,2688,2688,2688,2688,2688,0,0,0,0,86016,0,86016
6383,6383,transpose,LAYOUT,layout_engine,2692,2692,2688,2688,2692,0,0,0,0,86016,0,86016
6384,6384,max,REDUCE,fp16_vector,2720,2720,2688,2688,2720,0,0,0,0,86016,0,86016
6385,6385,sub,ADD,fp16_vector,2688,2688,2688,2688,2688,0,0,0,0,86016,0,86016
6386,6386,clamp,CLAMP,fp16_vector,2688,2688,2688,2688,2688,0,0,0,0,86016,0,86016
6387,6387,clamp,CLAMP,fp16_vector,2688,2688,2688,2688,2688,0,0,0,0,86016,0,86016
6388,6388,softmax,SOFTMAX,fp16_vector,2720,2720,2688,2688,2720,0,0,0,0,86016,0,86016
6389,6389,slice,LAYOUT,layout_engine,6,6,2,2,6,0,0,0,0,42,0,42
6390,6390,unsqueeze,LAYOUT,layout_engine,6,6,2,2,6,0,0,0,0,42,0,42
6391,6391,unsqueeze,LAYOUT,layout_engine,6,6,2,2,6,0,0,0,0,42,0,42
6392,6392,slice,LAYOUT,layout_engine,6,6,2,2,6,0,0,0,0,42,0,42
6393,6393,repeat,LAYOUT,layout_engine,6,6,2,2,6,0,0,0,0,42,0,42
6394,6394,flatten,LAYOUT,layout_engine,10,10,6,6,10,0,0,0,0,168,0,168
6395,6395,masked_fill_,MASK,mask_engine,2692,2692,2688,2688,2692,0,0,0,0,86016,0,86016
6396,6396,softmax,SOFTMAX,fp16_vector,2720,2720,2688,2688,2720,0,0,0,0,86016,0,86016
6397,6397,dropout,META_IDENTITY,meta_engine,2688,2688,2688,2688,2688,0,0,0,0,86016,0,86016
6398,6398,dropout,META_IDENTITY,meta_engine,2688,2688,2688,2688,2688,0,0,0,0,86016,0,86016
6399,6399,bmm,BMM_W8A8,pack2_bmm,51968,14208,2688,32768,51968,0,11010048,5505024,384,43008,21504,524288
6400,6400,bmm,BMM_W8A8,pack2_bmm,20304,12672,6144,1344,20304,0,11010048,5505024,24,43008,524288,21504
6401,6401,view,LAYOUT,layout_engine,32772,32772,32768,32768,32772,0,0,0,0,1048576,0,1048576
6402,6402,transpose,LAYOUT,layout_engine,32772,32772,32768,32768,32772,0,0,0,0,1048576,0,1048576
6403,6403,reshape,LAYOUT,layout_engine,32772,32772,32768,32768,32772,0,0,0,0,1048576,0,1048576
6404,6404,view,LAYOUT,layout_engine,1348,1348,1344,1344,1348,0,0,0,0,43008,0,43008
6405,6405,transpose,LAYOUT,layout_engine,1348,1348,1344,1344,1348,0,0,0,0,43008,0,43008
6406,6406,reshape,LAYOUT,layout_engine,1348,1348,1344,1344,1348,0,0,0,0,43008,0,43008
6407,6407,linear,GEMM_W8A8,pack2_gemm,32768,32768,32768,32768,32768,0,0,0,0,1048576,0,1048576
6408,6408,detach,META_IDENTITY,meta_engine,32768,32768,32768,32768,32768,0,0,0,0,1048576,0,1048576
6409,6409,to,META_IDENTITY,meta_engine,32768,32768,32768,32768,32768,0,0,0,0,1048576,0,1048576
6410,6410,to,META_IDENTITY,meta_engine,32768,32768,32768,32768,32768,0,0,0,0,1048576,0,1048576
6411,6411,detach,META_IDENTITY,meta_engine,32768,32768,32768,32768,32768,0,0,0,0,1048576,0,1048576
6412,6412,to,META_IDENTITY,meta_engine,32768,32768,32768,32768,32768,0,0,0,0,1048576,0,1048576
6413,6413,resolve_conj,META_IDENTITY,meta_engine,32768,32768,32768,32768,32768,0,0,0,0,1048576,0,1048576
6414,6414,resolve_neg,META_IDENTITY,meta_engine,32768,32768,32768,32768,32768,0,0,0,0,1048576,0,1048576
6415,6415,detach,META_IDENTITY,meta_engine,16384,16384,16384,16384,16384,0,0,0,0,524288,0,524288
6416,6416,detach,META_IDENTITY,meta_engine,16384,16384,16384,16384,16384,0,0,0,0,524288,0,524288
6417,6417,to,META_IDENTITY,meta_engine,16384,16384,16384,16384,16384,0,0,0,0,524288,0,524288
6418,6418,to,META_IDENTITY,meta_engine,16384,16384,16384,16384,16384,0,0,0,0,524288,0,524288
6419,6419,detach,META_IDENTITY,meta_engine,16384,16384,16384,16384,16384,0,0,0,0,524288,0,524288
6420,6420,to,META_IDENTITY,meta_engine,16384,16384,16384,16384,16384,0,0,0,0,524288,0,524288
6421,6421,resolve_conj,META_IDENTITY,meta_engine,16384,16384,16384,16384,16384,0,0,0,0,524288,0,524288
6422,6422,resolve_neg,META_IDENTITY,meta_engine,16384,16384,16384,16384,16384,0,0,0,0,524288,0,524288
6423,6423,linear,GEMM_W8A8,pack2_gemm,1344,1344,1344,1344,1344,0,0,0,0,43008,0,43008
6424,6424,detach,META_IDENTITY,meta_engine,1344,1344,1344,1344,1344,0,0,0,0,43008,0,43008
6425,6425,to,META_IDENTITY,meta_engine,1344,1344,1344,1344,1344,0,0,0,0,43008,0,43008
6426,6426,to,META_IDENTITY,meta_engine,1344,1344,1344,1344,1344,0,0,0,0,43008,0,43008
6427,6427,detach,META_IDENTITY,meta_engine,1344,1344,1344,1344,1344,0,0,0,0,43008,0,43008
6428,6428,to,META_IDENTITY,meta_engine,1344,1344,1344,1344,1344,0,0,0,0,43008,0,43008
6429,6429,resolve_conj,META_IDENTITY,meta_engine,1344,1344,1344,1344,1344,0,0,0,0,43008,0,43008
6430,6430,resolve_neg,META_IDENTITY,meta_engine,1344,1344,1344,1344,1344,0,0,0,0,43008,0,43008
6431,6431,detach,META_IDENTITY,meta_engine,16384,16384,16384,16384,16384,0,0,0,0,524288,0,524288
6432,6432,detach,META_IDENTITY,meta_engine,16384,16384,16384,16384,16384,0,0,0,0,524288,0,524288
6433,6433,to,META_IDENTITY,meta_engine,16384,16384,16384,16384,16384,0,0,0,0,524288,0,524288
6434,6434,to,META_IDENTITY,meta_engine,16384,16384,16384,16384,16384,0,0,0,0,524288,0,524288
6435,6435,detach,META_IDENTITY,meta_engine,16384,16384,16384,16384,16384,0,0,0,0,524288,0,524288
6436,6436,to,META_IDENTITY,meta_engine,16384,16384,16384,16384,16384,0,0,0,0,524288,0,524288
6437,6437,resolve_conj,META_IDENTITY,meta_engine,16384,16384,16384,16384,16384,0,0,0,0,524288,0,524288
6438,6438,resolve_neg,META_IDENTITY,meta_engine,16384,16384,16384,16384,16384,0,0,0,0,524288,0,524288
6439,6439,mul,MUL,fp16_vector,16,16,16,16,16,0,0,0,0,512,0,512
6440,6440,add,ADD,fp16_vector,8192,8192,8192,8192,8192,0,0,0,0,262144,0,262144
6441,6441,mul,MUL,fp16_vector,16,16,16,16,16,0,0,0,0,512,0,512
6442,6442,add,ADD,fp16_vector,336,336,336,336,336,0,0,0,0,10752,0,10752
6443,6443,bitwise_not,MASK,mask_engine,32,32,28,28,32,0,0,0,0,882,0,882
6444,6444,transpose,LAYOUT,layout_engine,340,340,336,336,340,0,0,0,0,10752,0,10752
6445,6445,repeat,LAYOUT,layout_engine,32,32,28,28,32,0,0,0,0,882,0,882
6446,6446,zeros_like,FILL,memory_engine,115,115,111,111,115,0,0,0,0,3528,0,3528
6447,6447,masked_fill_,MASK,mask_engine,115,115,111,111,115,0,0,0,0,3528,0,3528
6448,6448,linear,GEMM_W8A8,pack2_gemm,336,336,336,336,336,0,0,0,0,10752,0,10752
6449,6449,unflatten,LAYOUT,layout_engine,1012,1012,1008,1008,1012,0,0,0,0,32256,0,32256
6450,6450,unsqueeze,LAYOUT,layout_engine,1012,1012,1008,1008,1012,0,0,0,0,32256,0,32256
6451,6451,transpose,LAYOUT,layout_engine,1012,1012,1008,1008,1012,0,0,0,0,32256,0,32256
6452,6452,squeeze,LAYOUT,layout_engine,1012,1012,1008,1008,1012,0,0,0,0,32256,0,32256
6453,6453,contiguous,LAYOUT,layout_engine,1012,1012,1008,1008,1012,0,0,0,0,32256,0,32256
6454,6454,select,LAYOUT,layout_engine,1012,1012,1008,1008,1012,0,0,0,0,32256,0,32256
6455,6455,select,LAYOUT,layout_engine,1012,1012,1008,1008,1012,0,0,0,0,32256,0,32256
6456,6456,select,LAYOUT,layout_engine,1012,1012,1008,1008,1012,0,0,0,0,32256,0,32256
6457,6457,view,LAYOUT,layout_engine,340,340,336,336,340,0,0,0,0,10752,0,10752
6458,6458,transpose,LAYOUT,layout_engine,340,340,336,336,340,0,0,0,0,10752,0,10752
6459,6459,view,LAYOUT,layout_engine,340,340,336,336,340,0,0,0,0,10752,0,10752
6460,6460,transpose,LAYOUT,layout_engine,340,340,336,336,340,0,0,0,0,10752,0,10752
6461,6461,view,LAYOUT,layout_engine,340,340,336,336,340,0,0,0,0,10752,0,10752
6462,6462,transpose,LAYOUT,layout_engine,340,340,336,336,340,0,0,0,0,10752,0,10752
6463,6463,mul,MUL,fp16_vector,336,336,336,336,336,0,0,0,0,10752,0,10752
6464,6464,transpose,LAYOUT,layout_engine,340,340,336,336,340,0,0,0,0,10752,0,10752
6465,6465,baddbmm,BMM_W8A8,pack2_bmm,848,296,168,336,848,0,112896,56448,8,1764,5376,5376
6466,6466,softmax,SOFTMAX,fp16_vector,143,143,111,111,143,0,0,0,0,3528,0,3528
6467,6467,bmm,BMM_W8A8,pack2_bmm,848,296,168,336,848,0,112896,56448,8,1764,5376,5376
6468,6468,transpose,LAYOUT,layout_engine,340,340,336,336,340,0,0,0,0,10752,0,10752
6469,6469,contiguous,LAYOUT,layout_engine,340,340,336,336,340,0,0,0,0,10752,0,10752
6470,6470,view,LAYOUT,layout_engine,340,340,336,336,340,0,0,0,0,10752,0,10752
6471,6471,linear,GEMM_W8A8,pack2_gemm,2760,1632,768,336,2760,0,1376256,688128,6,5376,65536,5376
6472,6472,view,LAYOUT,layout_engine,340,340,336,336,340,0,0,0,0,10752,0,10752
6473,6473,view,LAYOUT,layout_engine,115,115,111,111,115,0,0,0,0,3528,0,3528
6474,6474,mean,REDUCE,fp16_vector,143,143,111,111,143,0,0,0,0,3528,0,3528
6475,6475,dropout,META_IDENTITY,meta_engine,336,336,336,336,336,0,0,0,0,10752,0,10752
6476,6476,add,ADD,fp16_vector,336,336,336,336,336,0,0,0,0,10752,0,10752
6477,6477,layer_norm,LAYER_NORM,fp16_vector,368,368,336,336,368,0,0,0,0,10752,0,10752
6478,6478,linear,GEMM_W8A8,pack2_gemm,336,336,336,336,336,0,0,0,0,10752,0,10752
6479,6479,detach,META_IDENTITY,meta_engine,336,336,336,336,336,0,0,0,0,10752,0,10752
6480,6480,to,META_IDENTITY,meta_engine,336,336,336,336,336,0,0,0,0,10752,0,10752
6481,6481,to,META_IDENTITY,meta_engine,336,336,336,336,336,0,0,0,0,10752,0,10752
6482,6482,detach,META_IDENTITY,meta_engine,336,336,336,336,336,0,0,0,0,10752,0,10752
6483,6483,to,META_IDENTITY,meta_engine,336,336,336,336,336,0,0,0,0,10752,0,10752
6484,6484,resolve_conj,META_IDENTITY,meta_engine,336,336,336,336,336,0,0,0,0,10752,0,10752
6485,6485,resolve_neg,META_IDENTITY,meta_engine,336,336,336,336,336,0,0,0,0,10752,0,10752
6486,6486,detach,META_IDENTITY,meta_engine,16384,16384,16384,16384,16384,0,0,0,0,524288,0,524288
6487,6487,detach,META_IDENTITY,meta_engine,16384,16384,16384,16384,16384,0,0,0,0,524288,0,524288
6488,6488,to,META_IDENTITY,meta_engine,16384,16384,16384,16384,16384,0,0,0,0,524288,0,524288
6489,6489,to,META_IDENTITY,meta_engine,16384,16384,16384,16384,16384,0,0,0,0,524288,0,524288
6490,6490,detach,META_IDENTITY,meta_engine,16384,16384,16384,16384,16384,0,0,0,0,524288,0,524288
6491,6491,to,META_IDENTITY,meta_engine,16384,16384,16384,16384,16384,0,0,0,0,524288,0,524288
6492,6492,resolve_conj,META_IDENTITY,meta_engine,16384,16384,16384,16384,16384,0,0,0,0,524288,0,524288
6493,6493,resolve_neg,META_IDENTITY,meta_engine,16384,16384,16384,16384,16384,0,0,0,0,524288,0,524288
6494,6494,relu,RELU,fp16_vector,1344,1344,1344,1344,1344,0,0,0,0,43008,0,43008
6495,6495,dropout,META_IDENTITY,meta_engine,1344,1344,1344,1344,1344,0,0,0,0,43008,0,43008
6496,6496,linear,GEMM_W8A8,pack2_gemm,1344,1344,1344,1344,1344,0,0,0,0,43008,0,43008
6497,6497,detach,META_IDENTITY,meta_engine,1344,1344,1344,1344,1344,0,0,0,0,43008,0,43008
6498,6498,to,META_IDENTITY,meta_engine,1344,1344,1344,1344,1344,0,0,0,0,43008,0,43008
6499,6499,to,META_IDENTITY,meta_engine,1344,1344,1344,1344,1344,0,0,0,0,43008,0,43008
6500,6500,detach,META_IDENTITY,meta_engine,1344,1344,1344,1344,1344,0,0,0,0,43008,0,43008
6501,6501,to,META_IDENTITY,meta_engine,1344,1344,1344,1344,1344,0,0,0,0,43008,0,43008
6502,6502,resolve_conj,META_IDENTITY,meta_engine,1344,1344,1344,1344,1344,0,0,0,0,43008,0,43008
6503,6503,resolve_neg,META_IDENTITY,meta_engine,1344,1344,1344,1344,1344,0,0,0,0,43008,0,43008
6504,6504,detach,META_IDENTITY,meta_engine,16384,16384,16384,16384,16384,0,0,0,0,524288,0,524288
6505,6505,detach,META_IDENTITY,meta_engine,16384,16384,16384,16384,16384,0,0,0,0,524288,0,524288
6506,6506,to,META_IDENTITY,meta_engine,16384,16384,16384,16384,16384,0,0,0,0,524288,0,524288
6507,6507,to,META_IDENTITY,meta_engine,16384,16384,16384,16384,16384,0,0,0,0,524288,0,524288
6508,6508,detach,META_IDENTITY,meta_engine,16384,16384,16384,16384,16384,0,0,0,0,524288,0,524288
6509,6509,to,META_IDENTITY,meta_engine,16384,16384,16384,16384,16384,0,0,0,0,524288,0,524288
6510,6510,resolve_conj,META_IDENTITY,meta_engine,16384,16384,16384,16384,16384,0,0,0,0,524288,0,524288
6511,6511,resolve_neg,META_IDENTITY,meta_engine,16384,16384,16384,16384,16384,0,0,0,0,524288,0,524288
6512,6512,dropout,META_IDENTITY,meta_engine,336,336,336,336,336,0,0,0,0,10752,0,10752
6513,6513,add,ADD,fp16_vector,336,336,336,336,336,0,0,0,0,10752,0,10752
6514,6514,layer_norm,LAYER_NORM,fp16_vector,368,368,336,336,368,0,0,0,0,10752,0,10752
6515,6515,transpose,LAYOUT,layout_engine,340,340,336,336,340,0,0,0,0,10752,0,10752
6516,6516,cat,LAYOUT,layout_engine,8196,8196,8192,8192,8196,0,0,0,0,262144,0,262144
6517,6517,to,META_IDENTITY,meta_engine,8528,8528,8528,8528,8528,0,0,0,0,272896,0,272896
6518,6518,to,META_IDENTITY,meta_engine,2,2,1,1,2,0,0,0,0,16,0,16
6519,6519,to,META_IDENTITY,meta_engine,2,2,1,1,2,0,0,0,0,16,0,16
6520,6520,layer_norm,LAYER_NORM,fp16_vector,33,33,1,1,33,0,0,0,0,16,0,16
6521,6521,linear,GEMM_W8A8,pack2_gemm,2,2,1,1,2,0,0,0,0,16,0,16
6522,6522,detach,META_IDENTITY,meta_engine,2,2,1,1,2,0,0,0,0,16,0,16
6523,6523,to,META_IDENTITY,meta_engine,2,2,1,1,2,0,0,0,0,16,0,16
6524,6524,to,META_IDENTITY,meta_engine,2,2,1,1,2,0,0,0,0,16,0,16
6525,6525,detach,META_IDENTITY,meta_engine,2,2,1,1,2,0,0,0,0,16,0,16
6526,6526,to,META_IDENTITY,meta_engine,2,2,1,1,2,0,0,0,0,16,0,16
6527,6527,resolve_conj,META_IDENTITY,meta_engine,2,2,1,1,2,0,0,0,0,16,0,16
6528,6528,resolve_neg,META_IDENTITY,meta_engine,2,2,1,1,2,0,0,0,0,16,0,16
6529,6529,detach,META_IDENTITY,meta_engine,128,128,128,128,128,0,0,0,0,4096,0,4096
6530,6530,detach,META_IDENTITY,meta_engine,128,128,128,128,128,0,0,0,0,4096,0,4096
6531,6531,to,META_IDENTITY,meta_engine,128,128,128,128,128,0,0,0,0,4096,0,4096
6532,6532,to,META_IDENTITY,meta_engine,128,128,128,128,128,0,0,0,0,4096,0,4096
6533,6533,detach,META_IDENTITY,meta_engine,128,128,128,128,128,0,0,0,0,4096,0,4096
6534,6534,to,META_IDENTITY,meta_engine,128,128,128,128,128,0,0,0,0,4096,0,4096
6535,6535,resolve_conj,META_IDENTITY,meta_engine,128,128,128,128,128,0,0,0,0,4096,0,4096
6536,6536,resolve_neg,META_IDENTITY,meta_engine,128,128,128,128,128,0,0,0,0,4096,0,4096
6537,6537,gelu,GELU,fp16_vector,16,16,16,16,16,0,0,0,0,512,0,512
6538,6538,dropout,META_IDENTITY,meta_engine,16,16,16,16,16,0,0,0,0,512,0,512
6539,6539,linear,GEMM_W8A8,pack2_gemm,16,16,16,16,16,0,0,0,0,512,0,512
6540,6540,detach,META_IDENTITY,meta_engine,16,16,16,16,16,0,0,0,0,512,0,512
6541,6541,to,META_IDENTITY,meta_engine,16,16,16,16,16,0,0,0,0,512,0,512
6542,6542,to,META_IDENTITY,meta_engine,16,16,16,16,16,0,0,0,0,512,0,512
6543,6543,detach,META_IDENTITY,meta_engine,16,16,16,16,16,0,0,0,0,512,0,512
6544,6544,to,META_IDENTITY,meta_engine,16,16,16,16,16,0,0,0,0,512,0,512
6545,6545,resolve_conj,META_IDENTITY,meta_engine,16,16,16,16,16,0,0,0,0,512,0,512
6546,6546,resolve_neg,META_IDENTITY,meta_engine,16,16,16,16,16,0,0,0,0,512,0,512
6547,6547,detach,META_IDENTITY,meta_engine,8192,8192,8192,8192,8192,0,0,0,0,262144,0,262144
6548,6548,detach,META_IDENTITY,meta_engine,8192,8192,8192,8192,8192,0,0,0,0,262144,0,262144
6549,6549,to,META_IDENTITY,meta_engine,8192,8192,8192,8192,8192,0,0,0,0,262144,0,262144
6550,6550,to,META_IDENTITY,meta_engine,8192,8192,8192,8192,8192,0,0,0,0,262144,0,262144
6551,6551,detach,META_IDENTITY,meta_engine,8192,8192,8192,8192,8192,0,0,0,0,262144,0,262144
6552,6552,to,META_IDENTITY,meta_engine,8192,8192,8192,8192,8192,0,0,0,0,262144,0,262144
6553,6553,resolve_conj,META_IDENTITY,meta_engine,8192,8192,8192,8192,8192,0,0,0,0,262144,0,262144
6554,6554,resolve_neg,META_IDENTITY,meta_engine,8192,8192,8192,8192,8192,0,0,0,0,262144,0,262144
6555,6555,view,LAYOUT,layout_engine,36,36,32,32,36,0,0,0,0,1024,0,1024
6556,6556,to,META_IDENTITY,meta_engine,32,32,32,32,32,0,0,0,0,1024,0,1024
6557,6557,add,ADD,fp16_vector,32,32,32,32,32,0,0,0,0,1024,0,1024
6558,6558,layer_norm,LAYER_NORM,fp16_vector,64,64,32,32,64,0,0,0,0,1024,0,1024
6559,6559,cat,LAYOUT,layout_engine,8532,8532,8528,8528,8532,0,0,0,0,272896,0,272896
6560,6560,unsqueeze,LAYOUT,layout_engine,196,196,192,192,196,0,0,0,0,6144,0,6144
6561,6561,expand,LAYOUT,layout_engine,196,196,192,192,196,0,0,0,0,6144,0,6144
6562,6562,layer_norm,LAYER_NORM,fp16_vector,224,224,192,192,224,0,0,0,0,6144,0,6144
6563,6563,_native_multi_head_attention,ATTENTION,attention_controller,224,224,192,192,224,0,0,0,0,6144,0,6144
6564,6564,dropout,META_IDENTITY,meta_engine,192,192,192,192,192,0,0,0,0,6144,0,6144
6565,6565,add,ADD,fp16_vector,192,192,192,192,192,0,0,0,0,6144,0,6144
6566,6566,layer_norm,LAYER_NORM,fp16_vector,224,224,192,192,224,0,0,0,0,6144,0,6144
6567,6567,transpose,LAYOUT,layout_engine,196,196,192,192,196,0,0,0,0,6144,0,6144
6568,6568,transpose,LAYOUT,layout_engine,8564,8564,8560,8560,8564,0,0,0,0,273920,0,273920
6569,6569,split_with_sizes,META_IDENTITY,meta_engine,12288,12288,12288,12288,12288,0,0,0,0,393216,0,393216
6570,6570,split_with_sizes,META_IDENTITY,meta_engine,48,48,48,48,48,0,0,0,0,1536,0,1536
6571,6571,linear,GEMM_W8A8,pack2_gemm,1612,816,768,16,1612,0,65536,32768,3,256,65536,256
6572,6572,linear,GEMM_W8A8,pack2_gemm,8560,8560,8560,8560,8560,0,0,0,0,273920,0,273920
6573,6573,unflatten,LAYOUT,layout_engine,17124,17124,17120,17120,17124,0,0,0,0,547840,0,547840
6574,6574,unsqueeze,LAYOUT,layout_engine,17124,17124,17120,17120,17124,0,0,0,0,547840,0,547840
6575,6575,transpose,LAYOUT,layout_engine,17124,17124,17120,17120,17124,0,0,0,0,547840,0,547840
6576,6576,squeeze,LAYOUT,layout_engine,17124,17124,17120,17120,17124,0,0,0,0,547840,0,547840
6577,6577,contiguous,LAYOUT,layout_engine,17124,17124,17120,17120,17124,0,0,0,0,547840,0,547840
6578,6578,select,LAYOUT,layout_engine,17124,17124,17120,17120,17124,0,0,0,0,547840,0,547840
6579,6579,select,LAYOUT,layout_engine,17124,17124,17120,17120,17124,0,0,0,0,547840,0,547840
6580,6580,view,LAYOUT,layout_engine,196,196,192,192,196,0,0,0,0,6144,0,6144
6581,6581,transpose,LAYOUT,layout_engine,196,196,192,192,196,0,0,0,0,6144,0,6144
6582,6582,view,LAYOUT,layout_engine,8564,8564,8560,8560,8564,0,0,0,0,273920,0,273920
6583,6583,transpose,LAYOUT,layout_engine,8564,8564,8560,8560,8564,0,0,0,0,273920,0,273920
6584,6584,view,LAYOUT,layout_engine,8564,8564,8560,8560,8564,0,0,0,0,273920,0,273920
6585,6585,transpose,LAYOUT,layout_engine,8564,8564,8560,8560,8564,0,0,0,0,273920,0,273920
6586,6586,view,LAYOUT,layout_engine,196,196,192,192,196,0,0,0,0,6144,0,6144
6587,6587,view,LAYOUT,layout_engine,8564,8564,8560,8560,8564,0,0,0,0,273920,0,273920
6588,6588,view,LAYOUT,layout_engine,8564,8564,8560,8560,8564,0,0,0,0,273920,0,273920
6589,6589,scaled_dot_product_attention,ATTENTION,attention_controller,224,224,192,192,224,0,0,0,0,6144,0,6144
6590,6590,permute,LAYOUT,layout_engine,196,196,192,192,196,0,0,0,0,6144,0,6144
6591,6591,view,LAYOUT,layout_engine,196,196,192,192,196,0,0,0,0,6144,0,6144
6592,6592,linear,GEMM_W8A8,pack2_gemm,1788,816,768,192,1788,0,786432,393216,3,3072,65536,3072
6593,6593,view,LAYOUT,layout_engine,196,196,192,192,196,0,0,0,0,6144,0,6144
6594,6594,transpose,LAYOUT,layout_engine,196,196,192,192,196,0,0,0,0,6144,0,6144
6595,6595,dropout,META_IDENTITY,meta_engine,192,192,192,192,192,0,0,0,0,6144,0,6144
6596,6596,add,ADD,fp16_vector,192,192,192,192,192,0,0,0,0,6144,0,6144
6597,6597,layer_norm,LAYER_NORM,fp16_vector,224,224,192,192,224,0,0,0,0,6144,0,6144
6598,6598,linear,GEMM_W8A8,pack2_gemm,192,192,192,192,192,0,0,0,0,6144,0,6144
6599,6599,detach,META_IDENTITY,meta_engine,192,192,192,192,192,0,0,0,0,6144,0,6144
6600,6600,to,META_IDENTITY,meta_engine,192,192,192,192,192,0,0,0,0,6144,0,6144
6601,6601,to,META_IDENTITY,meta_engine,192,192,192,192,192,0,0,0,0,6144,0,6144
6602,6602,detach,META_IDENTITY,meta_engine,192,192,192,192,192,0,0,0,0,6144,0,6144
6603,6603,to,META_IDENTITY,meta_engine,192,192,192,192,192,0,0,0,0,6144,0,6144
6604,6604,resolve_conj,META_IDENTITY,meta_engine,192,192,192,192,192,0,0,0,0,6144,0,6144
6605,6605,resolve_neg,META_IDENTITY,meta_engine,192,192,192,192,192,0,0,0,0,6144,0,6144
6606,6606,detach,META_IDENTITY,meta_engine,32768,32768,32768,32768,32768,0,0,0,0,1048576,0,1048576
6607,6607,detach,META_IDENTITY,meta_engine,32768,32768,32768,32768,32768,0,0,0,0,1048576,0,1048576
6608,6608,to,META_IDENTITY,meta_engine,32768,32768,32768,32768,32768,0,0,0,0,1048576,0,1048576
6609,6609,to,META_IDENTITY,meta_engine,32768,32768,32768,32768,32768,0,0,0,0,1048576,0,1048576
6610,6610,detach,META_IDENTITY,meta_engine,32768,32768,32768,32768,32768,0,0,0,0,1048576,0,1048576
6611,6611,to,META_IDENTITY,meta_engine,32768,32768,32768,32768,32768,0,0,0,0,1048576,0,1048576
6612,6612,resolve_conj,META_IDENTITY,meta_engine,32768,32768,32768,32768,32768,0,0,0,0,1048576,0,1048576
6613,6613,resolve_neg,META_IDENTITY,meta_engine,32768,32768,32768,32768,32768,0,0,0,0,1048576,0,1048576
6614,6614,relu,RELU,fp16_vector,1536,1536,1536,1536,1536,0,0,0,0,49152,0,49152
6615,6615,dropout,META_IDENTITY,meta_engine,1536,1536,1536,1536,1536,0,0,0,0,49152,0,49152
6616,6616,linear,GEMM_W8A8,pack2_gemm,1536,1536,1536,1536,1536,0,0,0,0,49152,0,49152
6617,6617,detach,META_IDENTITY,meta_engine,1536,1536,1536,1536,1536,0,0,0,0,49152,0,49152
6618,6618,to,META_IDENTITY,meta_engine,1536,1536,1536,1536,1536,0,0,0,0,49152,0,49152
6619,6619,to,META_IDENTITY,meta_engine,1536,1536,1536,1536,1536,0,0,0,0,49152,0,49152
6620,6620,detach,META_IDENTITY,meta_engine,1536,1536,1536,1536,1536,0,0,0,0,49152,0,49152
6621,6621,to,META_IDENTITY,meta_engine,1536,1536,1536,1536,1536,0,0,0,0,49152,0,49152
6622,6622,resolve_conj,META_IDENTITY,meta_engine,1536,1536,1536,1536,1536,0,0,0,0,49152,0,49152
6623,6623,resolve_neg,META_IDENTITY,meta_engine,1536,1536,1536,1536,1536,0,0,0,0,49152,0,49152
6624,6624,detach,META_IDENTITY,meta_engine,32768,32768,32768,32768,32768,0,0,0,0,1048576,0,1048576
6625,6625,detach,META_IDENTITY,meta_engine,32768,32768,32768,32768,32768,0,0,0,0,1048576,0,1048576
6626,6626,to,META_IDENTITY,meta_engine,32768,32768,32768,32768,32768,0,0,0,0,1048576,0,1048576
6627,6627,to,META_IDENTITY,meta_engine,32768,32768,32768,32768,32768,0,0,0,0,1048576,0,1048576
6628,6628,detach,META_IDENTITY,meta_engine,32768,32768,32768,32768,32768,0,0,0,0,1048576,0,1048576
6629,6629,to,META_IDENTITY,meta_engine,32768,32768,32768,32768,32768,0,0,0,0,1048576,0,1048576
6630,6630,resolve_conj,META_IDENTITY,meta_engine,32768,32768,32768,32768,32768,0,0,0,0,1048576,0,1048576
6631,6631,resolve_neg,META_IDENTITY,meta_engine,32768,32768,32768,32768,32768,0,0,0,0,1048576,0,1048576
6632,6632,dropout,META_IDENTITY,meta_engine,192,192,192,192,192,0,0,0,0,6144,0,6144
6633,6633,add,ADD,fp16_vector,192,192,192,192,192,0,0,0,0,6144,0,6144
6634,6634,layer_norm,LAYER_NORM,fp16_vector,224,224,192,192,224,0,0,0,0,6144,0,6144
6635,6635,_native_multi_head_attention,ATTENTION,attention_controller,224,224,192,192,224,0,0,0,0,6144,0,6144
6636,6636,dropout,META_IDENTITY,meta_engine,192,192,192,192,192,0,0,0,0,6144,0,6144
6637,6637,add,ADD,fp16_vector,192,192,192,192,192,0,0,0,0,6144,0,6144
6638,6638,layer_norm,LAYER_NORM,fp16_vector,224,224,192,192,224,0,0,0,0,6144,0,6144
6639,6639,transpose,LAYOUT,layout_engine,196,196,192,192,196,0,0,0,0,6144,0,6144
6640,6640,transpose,LAYOUT,layout_engine,8564,8564,8560,8560,8564,0,0,0,0,273920,0,273920
6641,6641,split_with_sizes,META_IDENTITY,meta_engine,12288,12288,12288,12288,12288,0,0,0,0,393216,0,393216
6642,6642,split_with_sizes,META_IDENTITY,meta_engine,48,48,48,48,48,0,0,0,0,1536,0,1536
6643,6643,linear,GEMM_W8A8,pack2_gemm,1612,816,768,16,1612,0,65536,32768,3,256,65536,256
6644,6644,linear,GEMM_W8A8,pack2_gemm,8560,8560,8560,8560,8560,0,0,0,0,273920,0,273920
6645,6645,unflatten,LAYOUT,layout_engine,17124,17124,17120,17120,17124,0,0,0,0,547840,0,547840
6646,6646,unsqueeze,LAYOUT,layout_engine,17124,17124,17120,17120,17124,0,0,0,0,547840,0,547840
6647,6647,transpose,LAYOUT,layout_engine,17124,17124,17120,17120,17124,0,0,0,0,547840,0,547840
6648,6648,squeeze,LAYOUT,layout_engine,17124,17124,17120,17120,17124,0,0,0,0,547840,0,547840
6649,6649,contiguous,LAYOUT,layout_engine,17124,17124,17120,17120,17124,0,0,0,0,547840,0,547840
6650,6650,select,LAYOUT,layout_engine,17124,17124,17120,17120,17124,0,0,0,0,547840,0,547840
6651,6651,select,LAYOUT,layout_engine,17124,17124,17120,17120,17124,0,0,0,0,547840,0,547840
6652,6652,view,LAYOUT,layout_engine,196,196,192,192,196,0,0,0,0,6144,0,6144
6653,6653,transpose,LAYOUT,layout_engine,196,196,192,192,196,0,0,0,0,6144,0,6144
6654,6654,view,LAYOUT,layout_engine,8564,8564,8560,8560,8564,0,0,0,0,273920,0,273920
6655,6655,transpose,LAYOUT,layout_engine,8564,8564,8560,8560,8564,0,0,0,0,273920,0,273920
6656,6656,view,LAYOUT,layout_engine,8564,8564,8560,8560,8564,0,0,0,0,273920,0,273920
6657,6657,transpose,LAYOUT,layout_engine,8564,8564,8560,8560,8564,0,0,0,0,273920,0,273920
6658,6658,view,LAYOUT,layout_engine,196,196,192,192,196,0,0,0,0,6144,0,6144
6659,6659,view,LAYOUT,layout_engine,8564,8564,8560,8560,8564,0,0,0,0,273920,0,273920
6660,6660,view,LAYOUT,layout_engine,8564,8564,8560,8560,8564,0,0,0,0,273920,0,273920
6661,6661,scaled_dot_product_attention,ATTENTION,attention_controller,224,224,192,192,224,0,0,0,0,6144,0,6144
6662,6662,permute,LAYOUT,layout_engine,196,196,192,192,196,0,0,0,0,6144,0,6144
6663,6663,view,LAYOUT,layout_engine,196,196,192,192,196,0,0,0,0,6144,0,6144
6664,6664,linear,GEMM_W8A8,pack2_gemm,1788,816,768,192,1788,0,786432,393216,3,3072,65536,3072
6665,6665,view,LAYOUT,layout_engine,196,196,192,192,196,0,0,0,0,6144,0,6144
6666,6666,transpose,LAYOUT,layout_engine,196,196,192,192,196,0,0,0,0,6144,0,6144
6667,6667,dropout,META_IDENTITY,meta_engine,192,192,192,192,192,0,0,0,0,6144,0,6144
6668,6668,add,ADD,fp16_vector,192,192,192,192,192,0,0,0,0,6144,0,6144
6669,6669,layer_norm,LAYER_NORM,fp16_vector,224,224,192,192,224,0,0,0,0,6144,0,6144
6670,6670,linear,GEMM_W8A8,pack2_gemm,192,192,192,192,192,0,0,0,0,6144,0,6144
6671,6671,detach,META_IDENTITY,meta_engine,192,192,192,192,192,0,0,0,0,6144,0,6144
6672,6672,to,META_IDENTITY,meta_engine,192,192,192,192,192,0,0,0,0,6144,0,6144
6673,6673,to,META_IDENTITY,meta_engine,192,192,192,192,192,0,0,0,0,6144,0,6144
6674,6674,detach,META_IDENTITY,meta_engine,192,192,192,192,192,0,0,0,0,6144,0,6144
6675,6675,to,META_IDENTITY,meta_engine,192,192,192,192,192,0,0,0,0,6144,0,6144
6676,6676,resolve_conj,META_IDENTITY,meta_engine,192,192,192,192,192,0,0,0,0,6144,0,6144
6677,6677,resolve_neg,META_IDENTITY,meta_engine,192,192,192,192,192,0,0,0,0,6144,0,6144
6678,6678,detach,META_IDENTITY,meta_engine,32768,32768,32768,32768,32768,0,0,0,0,1048576,0,1048576
6679,6679,detach,META_IDENTITY,meta_engine,32768,32768,32768,32768,32768,0,0,0,0,1048576,0,1048576
6680,6680,to,META_IDENTITY,meta_engine,32768,32768,32768,32768,32768,0,0,0,0,1048576,0,1048576
6681,6681,to,META_IDENTITY,meta_engine,32768,32768,32768,32768,32768,0,0,0,0,1048576,0,1048576
6682,6682,detach,META_IDENTITY,meta_engine,32768,32768,32768,32768,32768,0,0,0,0,1048576,0,1048576
6683,6683,to,META_IDENTITY,meta_engine,32768,32768,32768,32768,32768,0,0,0,0,1048576,0,1048576
6684,6684,resolve_conj,META_IDENTITY,meta_engine,32768,32768,32768,32768,32768,0,0,0,0,1048576,0,1048576
6685,6685,resolve_neg,META_IDENTITY,meta_engine,32768,32768,32768,32768,32768,0,0,0,0,1048576,0,1048576
6686,6686,relu,RELU,fp16_vector,1536,1536,1536,1536,1536,0,0,0,0,49152,0,49152
6687,6687,dropout,META_IDENTITY,meta_engine,1536,1536,1536,1536,1536,0,0,0,0,49152,0,49152
6688,6688,linear,GEMM_W8A8,pack2_gemm,1536,1536,1536,1536,1536,0,0,0,0,49152,0,49152
6689,6689,detach,META_IDENTITY,meta_engine,1536,1536,1536,1536,1536,0,0,0,0,49152,0,49152
6690,6690,to,META_IDENTITY,meta_engine,1536,1536,1536,1536,1536,0,0,0,0,49152,0,49152
6691,6691,to,META_IDENTITY,meta_engine,1536,1536,1536,1536,1536,0,0,0,0,49152,0,49152
6692,6692,detach,META_IDENTITY,meta_engine,1536,1536,1536,1536,1536,0,0,0,0,49152,0,49152
6693,6693,to,META_IDENTITY,meta_engine,1536,1536,1536,1536,1536,0,0,0,0,49152,0,49152
6694,6694,resolve_conj,META_IDENTITY,meta_engine,1536,1536,1536,1536,1536,0,0,0,0,49152,0,49152
6695,6695,resolve_neg,META_IDENTITY,meta_engine,1536,1536,1536,1536,1536,0,0,0,0,49152,0,49152
6696,6696,detach,META_IDENTITY,meta_engine,32768,32768,32768,32768,32768,0,0,0,0,1048576,0,1048576
6697,6697,detach,META_IDENTITY,meta_engine,32768,32768,32768,32768,32768,0,0,0,0,1048576,0,1048576
6698,6698,to,META_IDENTITY,meta_engine,32768,32768,32768,32768,32768,0,0,0,0,1048576,0,1048576
6699,6699,to,META_IDENTITY,meta_engine,32768,32768,32768,32768,32768,0,0,0,0,1048576,0,1048576
6700,6700,detach,META_IDENTITY,meta_engine,32768,32768,32768,32768,32768,0,0,0,0,1048576,0,1048576
6701,6701,to,META_IDENTITY,meta_engine,32768,32768,32768,32768,32768,0,0,0,0,1048576,0,1048576
6702,6702,resolve_conj,META_IDENTITY,meta_engine,32768,32768,32768,32768,32768,0,0,0,0,1048576,0,1048576
6703,6703,resolve_neg,META_IDENTITY,meta_engine,32768,32768,32768,32768,32768,0,0,0,0,1048576,0,1048576
6704,6704,dropout,META_IDENTITY,meta_engine,192,192,192,192,192,0,0,0,0,6144,0,6144
6705,6705,add,ADD,fp16_vector,192,192,192,192,192,0,0,0,0,6144,0,6144
6706,6706,layer_norm,LAYER_NORM,fp16_vector,224,224,192,192,224,0,0,0,0,6144,0,6144
6707,6707,_native_multi_head_attention,ATTENTION,attention_controller,224,224,192,192,224,0,0,0,0,6144,0,6144
6708,6708,dropout,META_IDENTITY,meta_engine,192,192,192,192,192,0,0,0,0,6144,0,6144
6709,6709,add,ADD,fp16_vector,192,192,192,192,192,0,0,0,0,6144,0,6144
6710,6710,layer_norm,LAYER_NORM,fp16_vector,224,224,192,192,224,0,0,0,0,6144,0,6144
6711,6711,transpose,LAYOUT,layout_engine,196,196,192,192,196,0,0,0,0,6144,0,6144
6712,6712,transpose,LAYOUT,layout_engine,8564,8564,8560,8560,8564,0,0,0,0,273920,0,273920
6713,6713,split_with_sizes,META_IDENTITY,meta_engine,12288,12288,12288,12288,12288,0,0,0,0,393216,0,393216
6714,6714,split_with_sizes,META_IDENTITY,meta_engine,48,48,48,48,48,0,0,0,0,1536,0,1536
6715,6715,linear,GEMM_W8A8,pack2_gemm,1612,816,768,16,1612,0,65536,32768,3,256,65536,256
6716,6716,linear,GEMM_W8A8,pack2_gemm,8560,8560,8560,8560,8560,0,0,0,0,273920,0,273920
6717,6717,unflatten,LAYOUT,layout_engine,17124,17124,17120,17120,17124,0,0,0,0,547840,0,547840
6718,6718,unsqueeze,LAYOUT,layout_engine,17124,17124,17120,17120,17124,0,0,0,0,547840,0,547840
6719,6719,transpose,LAYOUT,layout_engine,17124,17124,17120,17120,17124,0,0,0,0,547840,0,547840
6720,6720,squeeze,LAYOUT,layout_engine,17124,17124,17120,17120,17124,0,0,0,0,547840,0,547840
6721,6721,contiguous,LAYOUT,layout_engine,17124,17124,17120,17120,17124,0,0,0,0,547840,0,547840
6722,6722,select,LAYOUT,layout_engine,17124,17124,17120,17120,17124,0,0,0,0,547840,0,547840
6723,6723,select,LAYOUT,layout_engine,17124,17124,17120,17120,17124,0,0,0,0,547840,0,547840
6724,6724,view,LAYOUT,layout_engine,196,196,192,192,196,0,0,0,0,6144,0,6144
6725,6725,transpose,LAYOUT,layout_engine,196,196,192,192,196,0,0,0,0,6144,0,6144
6726,6726,view,LAYOUT,layout_engine,8564,8564,8560,8560,8564,0,0,0,0,273920,0,273920
6727,6727,transpose,LAYOUT,layout_engine,8564,8564,8560,8560,8564,0,0,0,0,273920,0,273920
6728,6728,view,LAYOUT,layout_engine,8564,8564,8560,8560,8564,0,0,0,0,273920,0,273920
6729,6729,transpose,LAYOUT,layout_engine,8564,8564,8560,8560,8564,0,0,0,0,273920,0,273920
6730,6730,view,LAYOUT,layout_engine,196,196,192,192,196,0,0,0,0,6144,0,6144
6731,6731,view,LAYOUT,layout_engine,8564,8564,8560,8560,8564,0,0,0,0,273920,0,273920
6732,6732,view,LAYOUT,layout_engine,8564,8564,8560,8560,8564,0,0,0,0,273920,0,273920
6733,6733,scaled_dot_product_attention,ATTENTION,attention_controller,224,224,192,192,224,0,0,0,0,6144,0,6144
6734,6734,permute,LAYOUT,layout_engine,196,196,192,192,196,0,0,0,0,6144,0,6144
6735,6735,view,LAYOUT,layout_engine,196,196,192,192,196,0,0,0,0,6144,0,6144
6736,6736,linear,GEMM_W8A8,pack2_gemm,1788,816,768,192,1788,0,786432,393216,3,3072,65536,3072
6737,6737,view,LAYOUT,layout_engine,196,196,192,192,196,0,0,0,0,6144,0,6144
6738,6738,transpose,LAYOUT,layout_engine,196,196,192,192,196,0,0,0,0,6144,0,6144
6739,6739,dropout,META_IDENTITY,meta_engine,192,192,192,192,192,0,0,0,0,6144,0,6144
6740,6740,add,ADD,fp16_vector,192,192,192,192,192,0,0,0,0,6144,0,6144
6741,6741,layer_norm,LAYER_NORM,fp16_vector,224,224,192,192,224,0,0,0,0,6144,0,6144
6742,6742,linear,GEMM_W8A8,pack2_gemm,192,192,192,192,192,0,0,0,0,6144,0,6144
6743,6743,detach,META_IDENTITY,meta_engine,192,192,192,192,192,0,0,0,0,6144,0,6144
6744,6744,to,META_IDENTITY,meta_engine,192,192,192,192,192,0,0,0,0,6144,0,6144
6745,6745,to,META_IDENTITY,meta_engine,192,192,192,192,192,0,0,0,0,6144,0,6144
6746,6746,detach,META_IDENTITY,meta_engine,192,192,192,192,192,0,0,0,0,6144,0,6144
6747,6747,to,META_IDENTITY,meta_engine,192,192,192,192,192,0,0,0,0,6144,0,6144
6748,6748,resolve_conj,META_IDENTITY,meta_engine,192,192,192,192,192,0,0,0,0,6144,0,6144
6749,6749,resolve_neg,META_IDENTITY,meta_engine,192,192,192,192,192,0,0,0,0,6144,0,6144
6750,6750,detach,META_IDENTITY,meta_engine,32768,32768,32768,32768,32768,0,0,0,0,1048576,0,1048576
6751,6751,detach,META_IDENTITY,meta_engine,32768,32768,32768,32768,32768,0,0,0,0,1048576,0,1048576
6752,6752,to,META_IDENTITY,meta_engine,32768,32768,32768,32768,32768,0,0,0,0,1048576,0,1048576
6753,6753,to,META_IDENTITY,meta_engine,32768,32768,32768,32768,32768,0,0,0,0,1048576,0,1048576
6754,6754,detach,META_IDENTITY,meta_engine,32768,32768,32768,32768,32768,0,0,0,0,1048576,0,1048576
6755,6755,to,META_IDENTITY,meta_engine,32768,32768,32768,32768,32768,0,0,0,0,1048576,0,1048576
6756,6756,resolve_conj,META_IDENTITY,meta_engine,32768,32768,32768,32768,32768,0,0,0,0,1048576,0,1048576
6757,6757,resolve_neg,META_IDENTITY,meta_engine,32768,32768,32768,32768,32768,0,0,0,0,1048576,0,1048576
6758,6758,relu,RELU,fp16_vector,1536,1536,1536,1536,1536,0,0,0,0,49152,0,49152
6759,6759,dropout,META_IDENTITY,meta_engine,1536,1536,1536,1536,1536,0,0,0,0,49152,0,49152
6760,6760,linear,GEMM_W8A8,pack2_gemm,1536,1536,1536,1536,1536,0,0,0,0,49152,0,49152
6761,6761,detach,META_IDENTITY,meta_engine,1536,1536,1536,1536,1536,0,0,0,0,49152,0,49152
6762,6762,to,META_IDENTITY,meta_engine,1536,1536,1536,1536,1536,0,0,0,0,49152,0,49152
6763,6763,to,META_IDENTITY,meta_engine,1536,1536,1536,1536,1536,0,0,0,0,49152,0,49152
6764,6764,detach,META_IDENTITY,meta_engine,1536,1536,1536,1536,1536,0,0,0,0,49152,0,49152
6765,6765,to,META_IDENTITY,meta_engine,1536,1536,1536,1536,1536,0,0,0,0,49152,0,49152
6766,6766,resolve_conj,META_IDENTITY,meta_engine,1536,1536,1536,1536,1536,0,0,0,0,49152,0,49152
6767,6767,resolve_neg,META_IDENTITY,meta_engine,1536,1536,1536,1536,1536,0,0,0,0,49152,0,49152
6768,6768,detach,META_IDENTITY,meta_engine,32768,32768,32768,32768,32768,0,0,0,0,1048576,0,1048576
6769,6769,detach,META_IDENTITY,meta_engine,32768,32768,32768,32768,32768,0,0,0,0,1048576,0,1048576
6770,6770,to,META_IDENTITY,meta_engine,32768,32768,32768,32768,32768,0,0,0,0,1048576,0,1048576
6771,6771,to,META_IDENTITY,meta_engine,32768,32768,32768,32768,32768,0,0,0,0,1048576,0,1048576
6772,6772,detach,META_IDENTITY,meta_engine,32768,32768,32768,32768,32768,0,0,0,0,1048576,0,1048576
6773,6773,to,META_IDENTITY,meta_engine,32768,32768,32768,32768,32768,0,0,0,0,1048576,0,1048576
6774,6774,resolve_conj,META_IDENTITY,meta_engine,32768,32768,32768,32768,32768,0,0,0,0,1048576,0,1048576
6775,6775,resolve_neg,META_IDENTITY,meta_engine,32768,32768,32768,32768,32768,0,0,0,0,1048576,0,1048576
6776,6776,dropout,META_IDENTITY,meta_engine,192,192,192,192,192,0,0,0,0,6144,0,6144
6777,6777,add,ADD,fp16_vector,192,192,192,192,192,0,0,0,0,6144,0,6144
6778,6778,linear,GEMM_W8A8,pack2_gemm,192,192,192,192,192,0,0,0,0,6144,0,6144
6779,6779,detach,META_IDENTITY,meta_engine,192,192,192,192,192,0,0,0,0,6144,0,6144
6780,6780,to,META_IDENTITY,meta_engine,192,192,192,192,192,0,0,0,0,6144,0,6144
6781,6781,to,META_IDENTITY,meta_engine,192,192,192,192,192,0,0,0,0,6144,0,6144
6782,6782,detach,META_IDENTITY,meta_engine,192,192,192,192,192,0,0,0,0,6144,0,6144
6783,6783,to,META_IDENTITY,meta_engine,192,192,192,192,192,0,0,0,0,6144,0,6144
6784,6784,resolve_conj,META_IDENTITY,meta_engine,192,192,192,192,192,0,0,0,0,6144,0,6144
6785,6785,resolve_neg,META_IDENTITY,meta_engine,192,192,192,192,192,0,0,0,0,6144,0,6144
6786,6786,detach,META_IDENTITY,meta_engine,8192,8192,8192,8192,8192,0,0,0,0,262144,0,262144
6787,6787,detach,META_IDENTITY,meta_engine,8192,8192,8192,8192,8192,0,0,0,0,262144,0,262144
6788,6788,to,META_IDENTITY,meta_engine,8192,8192,8192,8192,8192,0,0,0,0,262144,0,262144
6789,6789,to,META_IDENTITY,meta_engine,8192,8192,8192,8192,8192,0,0,0,0,262144,0,262144
6790,6790,detach,META_IDENTITY,meta_engine,8192,8192,8192,8192,8192,0,0,0,0,262144,0,262144
6791,6791,to,META_IDENTITY,meta_engine,8192,8192,8192,8192,8192,0,0,0,0,262144,0,262144
6792,6792,resolve_conj,META_IDENTITY,meta_engine,8192,8192,8192,8192,8192,0,0,0,0,262144,0,262144
6793,6793,resolve_neg,META_IDENTITY,meta_engine,8192,8192,8192,8192,8192,0,0,0,0,262144,0,262144
6794,6794,relu,RELU,fp16_vector,384,384,384,384,384,0,0,0,0,12288,0,12288
6795,6795,linear,GEMM_W8A8,pack2_gemm,6648,3168,3072,384,6648,0,3145728,1572864,6,6144,262144,6144
6796,6796,detach,META_IDENTITY,meta_engine,384,384,384,384,384,0,0,0,0,12288,0,12288
6797,6797,to,META_IDENTITY,meta_engine,384,384,384,384,384,0,0,0,0,12288,0,12288
6798,6798,to,META_IDENTITY,meta_engine,384,384,384,384,384,0,0,0,0,12288,0,12288
6799,6799,detach,META_IDENTITY,meta_engine,384,384,384,384,384,0,0,0,0,12288,0,12288
6800,6800,to,META_IDENTITY,meta_engine,384,384,384,384,384,0,0,0,0,12288,0,12288
6801,6801,resolve_conj,META_IDENTITY,meta_engine,384,384,384,384,384,0,0,0,0,12288,0,12288
6802,6802,resolve_neg,META_IDENTITY,meta_engine,384,384,384,384,384,0,0,0,0,12288,0,12288
6803,6803,detach,META_IDENTITY,meta_engine,16384,16384,16384,16384,16384,0,0,0,0,524288,0,524288
6804,6804,detach,META_IDENTITY,meta_engine,16384,16384,16384,16384,16384,0,0,0,0,524288,0,524288
6805,6805,to,META_IDENTITY,meta_engine,16384,16384,16384,16384,16384,0,0,0,0,524288,0,524288
6806,6806,to,META_IDENTITY,meta_engine,16384,16384,16384,16384,16384,0,0,0,0,524288,0,524288
6807,6807,detach,META_IDENTITY,meta_engine,16384,16384,16384,16384,16384,0,0,0,0,524288,0,524288
6808,6808,to,META_IDENTITY,meta_engine,16384,16384,16384,16384,16384,0,0,0,0,524288,0,524288
6809,6809,resolve_conj,META_IDENTITY,meta_engine,16384,16384,16384,16384,16384,0,0,0,0,524288,0,524288
6810,6810,resolve_neg,META_IDENTITY,meta_engine,16384,16384,16384,16384,16384,0,0,0,0,524288,0,524288
6811,6811,relu,RELU,fp16_vector,384,384,384,384,384,0,0,0,0,12288,0,12288
6812,6812,linear,GEMM_W8A8,pack2_gemm,384,384,384,384,384,0,0,0,0,12288,0,12288
6813,6813,detach,META_IDENTITY,meta_engine,384,384,384,384,384,0,0,0,0,12288,0,12288
6814,6814,to,META_IDENTITY,meta_engine,384,384,384,384,384,0,0,0,0,12288,0,12288
6815,6815,to,META_IDENTITY,meta_engine,384,384,384,384,384,0,0,0,0,12288,0,12288
6816,6816,detach,META_IDENTITY,meta_engine,384,384,384,384,384,0,0,0,0,12288,0,12288
6817,6817,to,META_IDENTITY,meta_engine,384,384,384,384,384,0,0,0,0,12288,0,12288
6818,6818,resolve_conj,META_IDENTITY,meta_engine,384,384,384,384,384,0,0,0,0,12288,0,12288
6819,6819,resolve_neg,META_IDENTITY,meta_engine,384,384,384,384,384,0,0,0,0,12288,0,12288
6820,6820,detach,META_IDENTITY,meta_engine,224,224,224,224,224,0,0,0,0,7168,0,7168
6821,6821,detach,META_IDENTITY,meta_engine,224,224,224,224,224,0,0,0,0,7168,0,7168
6822,6822,to,META_IDENTITY,meta_engine,224,224,224,224,224,0,0,0,0,7168,0,7168
6823,6823,to,META_IDENTITY,meta_engine,224,224,224,224,224,0,0,0,0,7168,0,7168
6824,6824,detach,META_IDENTITY,meta_engine,224,224,224,224,224,0,0,0,0,7168,0,7168
6825,6825,to,META_IDENTITY,meta_engine,224,224,224,224,224,0,0,0,0,7168,0,7168
6826,6826,resolve_conj,META_IDENTITY,meta_engine,224,224,224,224,224,0,0,0,0,7168,0,7168
6827,6827,resolve_neg,META_IDENTITY,meta_engine,224,224,224,224,224,0,0,0,0,7168,0,7168
6828,6828,tanh,TANH,fp16_vector,6,6,6,6,6,0,0,0,0,168,0,168
6829,6829,detach,META_IDENTITY,meta_engine,6,6,6,6,6,0,0,0,0,168,0,168
6830,6830,to,META_IDENTITY,meta_engine,6,6,6,6,6,0,0,0,0,168,0,168
6831,6831,to,META_IDENTITY,meta_engine,6,6,6,6,6,0,0,0,0,168,0,168
6832,6832,detach,META_IDENTITY,meta_engine,6,6,6,6,6,0,0,0,0,168,0,168
6833,6833,to,META_IDENTITY,meta_engine,6,6,6,6,6,0,0,0,0,168,0,168
6834,6834,resolve_conj,META_IDENTITY,meta_engine,6,6,6,6,6,0,0,0,0,168,0,168
6835,6835,resolve_neg,META_IDENTITY,meta_engine,6,6,6,6,6,0,0,0,0,168,0,168
