descriptor_id,source_seq,op,mapping,total_cycles,mapped_cycles,fallback_cycles,compute_cycles,read_cycles,write_cycles,snapshot_cycles,requant_cycles,valid_mac_count,active_pe_cycles,tile_count,activation_bytes,weight_bytes,output_bytes
0,0,AUX_EVENT,aux_behavior,36864,0,36864,0,1,12288,0,0,0,0,0,1,0,196608
1,1,LAYOUT,layout_rtl,24576,0,24576,0,1,12288,0,0,0,0,0,1,0,196608
2,2,ADD,vector_rtl,24576,0,24576,0,1,12288,0,0,0,0,0,1,0,196608
3,3,DIV,vector_rtl,24576,0,24576,0,1,12288,0,0,0,0,0,1,0,196608
4,4,AUX_EVENT,aux_behavior,36864,0,36864,0,1,12288,0,0,0,0,0,1,0,196608
5,5,LAYOUT,layout_rtl,24576,0,24576,0,1,12288,0,0,0,0,0,1,0,196608
6,6,ADD,vector_rtl,24576,0,24576,0,1,12288,0,0,0,0,0,1,0,196608
7,7,DIV,vector_rtl,24576,0,24576,0,1,12288,0,0,0,0,0,1,0,196608
8,8,AUX_EVENT,aux_behavior,36864,0,36864,0,1,12288,0,0,0,0,0,1,0,196608
9,9,LAYOUT,layout_rtl,49152,0,49152,0,1,24576,0,0,0,0,0,1,0,393216
10,10,AUX_EVENT,aux_behavior,73728,0,73728,0,1,24576,0,0,0,0,0,1,0,393216
11,11,AUX_EVENT,aux_behavior,16,0,16,0,1,1,0,0,0,0,0,1,0,8
12,12,AUX_EVENT,aux_behavior,16,0,16,0,1,1,0,0,0,0,0,1,0,8
13,13,AUX_EVENT,aux_behavior,16,0,16,0,1,1,0,0,0,0,0,1,0,8
14,14,AUX_EVENT,aux_behavior,16,0,16,0,1,1,0,0,0,0,0,1,0,8
15,15,AUX_EVENT,aux_behavior,73728,0,73728,0,1,24576,0,0,0,0,0,1,0,393216
16,16,AUX_EVENT,aux_behavior,16,0,16,0,1,1,0,0,0,0,0,1,0,8
17,17,AUX_EVENT,aux_behavior,16,0,16,0,1,1,0,0,0,0,0,1,0,1
18,18,AUX_EVENT,aux_behavior,16,0,16,0,1,1,0,0,0,0,0,1,0,1
19,19,LAYOUT,layout_rtl,56,0,56,0,1,28,0,0,0,0,0,1,0,441
20,20,AUX_EVENT,aux_behavior,84,0,84,0,1,28,0,0,0,0,0,1,0,441
21,21,AUX_EVENT,aux_behavior,16,0,16,0,1,2,0,0,0,0,0,1,0,21
22,22,AUX_EVENT,aux_behavior,16,0,16,0,1,2,0,0,0,0,0,1,0,21
23,23,AUX_EVENT,aux_behavior,16,0,16,0,1,2,0,0,0,0,0,1,0,21
24,24,AUX_EVENT,aux_behavior,16,0,16,0,1,2,0,0,0,0,0,1,0,21
25,25,AUX_EVENT,aux_behavior,16,0,16,0,1,2,0,0,0,0,0,1,0,21
26,26,AUX_EVENT,aux_behavior,16,0,16,0,1,2,0,0,0,0,0,1,0,21
27,27,AUX_EVENT,aux_behavior,16,0,16,0,1,2,0,0,0,0,0,1,0,21
28,28,AUX_EVENT,aux_behavior,16,0,16,0,1,2,0,0,0,0,0,1,0,21
29,29,AUX_EVENT,aux_behavior,16,0,16,0,1,2,0,0,0,0,0,1,0,21
30,30,AUX_EVENT,aux_behavior,16,0,16,0,1,1,0,0,0,0,0,1,0,1
31,31,AUX_EVENT,aux_behavior,16,0,16,0,1,2,0,0,0,0,0,1,0,21
32,32,AUX_EVENT,aux_behavior,16,0,16,0,1,2,0,0,0,0,0,1,0,21
33,33,AUX_EVENT,aux_behavior,16,0,16,0,1,2,0,0,0,0,0,1,0,21
34,34,AUX_EVENT,aux_behavior,16,0,16,0,1,2,0,0,0,0,0,1,0,21
35,35,AUX_EVENT,aux_behavior,16,0,16,0,1,2,0,0,0,0,0,1,0,21
36,36,AUX_EVENT,aux_behavior,16,0,16,0,1,2,0,0,0,0,0,1,0,21
37,37,AUX_EVENT,aux_behavior,16,0,16,0,1,2,0,0,0,0,0,1,0,21
38,38,AUX_EVENT,aux_behavior,16,0,16,0,1,2,0,0,0,0,0,1,0,21
39,39,AUX_EVENT,aux_behavior,16,0,16,0,1,2,0,0,0,0,0,1,0,21
40,40,AUX_EVENT,aux_behavior,16,0,16,0,1,2,0,0,0,0,0,1,0,21
41,41,AUX_EVENT,aux_behavior,16,0,16,0,1,1,0,0,0,0,0,1,0,1
42,42,AUX_EVENT,aux_behavior,84,0,84,0,1,28,0,0,0,0,0,1,0,441
43,43,LAYOUT,layout_rtl,56,0,56,0,1,28,0,0,0,0,0,1,0,441
44,44,LAYOUT,layout_rtl,56,0,56,0,1,28,0,0,0,0,0,1,0,441
45,45,AUX_EVENT,aux_behavior,16,0,16,0,1,1,0,0,0,0,0,1,0,1
46,46,LAYOUT,layout_rtl,16,0,16,0,1,1,0,0,0,0,0,1,0,4
47,47,LAYOUT,layout_rtl,16,0,16,0,1,1,0,0,0,0,0,1,0,2
48,48,AUX_EVENT,aux_behavior,16,0,16,0,1,1,0,0,0,0,0,1,0,1
49,49,AUX_EVENT,aux_behavior,16,0,16,0,1,1,0,0,0,0,0,1,0,1
50,50,AUX_EVENT,aux_behavior,16,0,16,0,1,1,0,0,0,0,0,1,0,1
51,51,AUX_EVENT,aux_behavior,16,0,16,0,1,1,0,0,0,0,0,1,0,1
52,52,LAYOUT,layout_rtl,56,0,56,0,1,28,0,0,0,0,0,1,0,441
53,53,AUX_EVENT,aux_behavior,16,0,16,0,1,1,0,0,0,0,0,1,0,1
54,54,LAYOUT,layout_rtl,56,0,56,0,1,28,0,0,0,0,0,1,0,441
55,55,AUX_EVENT,aux_behavior,16,0,16,0,1,1,0,0,0,0,0,1,0,1
56,56,LAYOUT,layout_rtl,16,0,16,0,1,2,0,0,0,0,0,1,0,21
57,57,AUX_EVENT,aux_behavior,16,0,16,0,1,1,0,0,0,0,0,1,0,1
58,58,AUX_EVENT,aux_behavior,16,0,16,0,1,1,0,0,0,0,0,1,0,1
59,59,AUX_EVENT,aux_behavior,16,0,16,0,1,1,0,0,0,0,0,1,0,1
60,60,LAYOUT,layout_rtl,16,0,16,0,1,2,0,0,0,0,0,1,0,21
61,61,AUX_EVENT,aux_behavior,16,0,16,0,1,1,0,0,0,0,0,1,0,1
62,62,LAYOUT,layout_rtl,16,0,16,0,1,2,0,0,0,0,0,1,0,21
63,63,AUX_EVENT,aux_behavior,16,0,16,0,1,1,0,0,0,0,0,1,0,1
64,64,LAYOUT,layout_rtl,16,0,16,0,1,1,0,0,0,0,0,1,0,4
65,65,LAYOUT,layout_rtl,16,0,16,0,1,1,0,0,0,0,0,1,0,2
66,66,AUX_EVENT,aux_behavior,16,0,16,0,1,1,0,0,0,0,0,1,0,1
67,67,AUX_EVENT,aux_behavior,16,0,16,0,1,1,0,0,0,0,0,1,0,1
68,68,AUX_EVENT,aux_behavior,16,0,16,0,1,1,0,0,0,0,0,1,0,1
69,69,AUX_EVENT,aux_behavior,16,0,16,0,1,1,0,0,0,0,0,1,0,1
70,70,AUX_EVENT,aux_behavior,16,0,16,0,1,1,0,0,0,0,0,1,0,1
71,71,AUX_EVENT,aux_behavior,16,0,16,0,1,1,0,0,0,0,0,1,0,1
72,72,LAYOUT,layout_rtl,56,0,56,0,1,28,0,0,0,0,0,1,0,441
73,73,AUX_EVENT,aux_behavior,16,0,16,0,1,1,0,0,0,0,0,1,0,1
74,74,LAYOUT,layout_rtl,56,0,56,0,1,28,0,0,0,0,0,1,0,441
75,75,AUX_EVENT,aux_behavior,16,0,16,0,1,1,0,0,0,0,0,1,0,1
76,76,LAYOUT,layout_rtl,16,0,16,0,1,2,0,0,0,0,0,1,0,21
77,77,AUX_EVENT,aux_behavior,16,0,16,0,1,1,0,0,0,0,0,1,0,1
78,78,AUX_EVENT,aux_behavior,16,0,16,0,1,1,0,0,0,0,0,1,0,1
79,79,AUX_EVENT,aux_behavior,16,0,16,0,1,1,0,0,0,0,0,1,0,1
80,80,LAYOUT,layout_rtl,16,0,16,0,1,2,0,0,0,0,0,1,0,21
81,81,AUX_EVENT,aux_behavior,16,0,16,0,1,1,0,0,0,0,0,1,0,1
82,82,LAYOUT,layout_rtl,16,0,16,0,1,2,0,0,0,0,0,1,0,21
83,83,AUX_EVENT,aux_behavior,16,0,16,0,1,1,0,0,0,0,0,1,0,1
84,84,AUX_EVENT,aux_behavior,16,0,16,0,1,2,0,0,0,0,0,1,0,21
85,85,LAYOUT,layout_rtl,56,0,56,0,1,28,0,0,0,0,0,1,0,441
86,86,LAYOUT,layout_rtl,56,0,56,0,1,28,0,0,0,0,0,1,0,441
87,87,LAYOUT,layout_rtl,56,0,56,0,1,28,0,0,0,0,0,1,0,441
88,88,LAYOUT,layout_rtl,56,0,56,0,1,28,0,0,0,0,0,1,0,441
89,89,AUX_EVENT,aux_behavior,84,0,84,0,1,28,0,0,0,0,0,1,0,441
90,90,ADD,vector_rtl,56,0,56,0,1,28,0,0,0,0,0,1,0,441
91,91,MUL,vector_rtl,56,0,56,0,1,28,0,0,0,0,0,1,0,441
92,92,EMBED,memory_rtl,2930112,0,2930112,0,1,1465056,0,0,0,0,0,1,0,23440896
93,93,EMBED,memory_rtl,192,0,192,0,1,96,0,0,0,0,0,1,0,1536
94,94,ADD,vector_rtl,2016,0,2016,0,1,1008,0,0,0,0,0,1,0,16128
95,95,EMBED,memory_rtl,49152,0,49152,0,1,24576,0,0,0,0,0,1,0,393216
96,96,ADD,vector_rtl,2016,0,2016,0,1,1008,0,0,0,0,0,1,0,16128
97,97,LAYER_NORM,vector_rtl,2016,0,2016,0,1,1008,0,0,0,0,0,1,0,16128
98,98,AUX_EVENT,aux_behavior,3024,0,3024,0,1,1008,0,0,0,0,0,1,0,16128
99,99,GEMM_W8A8,rtl_gemm,19760,19760,0,12544,6144,1008,64,1008,12386304,6193152,16,16128,589824,16128
100,100,AUX_EVENT,aux_behavior,3024,0,3024,0,1,1008,0,0,0,0,0,1,0,16128
101,101,AUX_EVENT,aux_behavior,3024,0,3024,0,1,1008,0,0,0,0,0,1,0,16128
102,102,AUX_EVENT,aux_behavior,3024,0,3024,0,1,1008,0,0,0,0,0,1,0,16128
103,103,AUX_EVENT,aux_behavior,3024,0,3024,0,1,1008,0,0,0,0,0,1,0,16128
104,104,AUX_EVENT,aux_behavior,3024,0,3024,0,1,1008,0,0,0,0,0,1,0,16128
105,105,AUX_EVENT,aux_behavior,3024,0,3024,0,1,1008,0,0,0,0,0,1,0,16128
106,106,AUX_EVENT,aux_behavior,3024,0,3024,0,1,1008,0,0,0,0,0,1,0,16128
107,107,AUX_EVENT,aux_behavior,110592,0,110592,0,1,36864,0,0,0,0,0,1,0,589824
108,108,AUX_EVENT,aux_behavior,110592,0,110592,0,1,36864,0,0,0,0,0,1,0,589824
109,109,AUX_EVENT,aux_behavior,110592,0,110592,0,1,36864,0,0,0,0,0,1,0,589824
110,110,AUX_EVENT,aux_behavior,110592,0,110592,0,1,36864,0,0,0,0,0,1,0,589824
111,111,AUX_EVENT,aux_behavior,110592,0,110592,0,1,36864,0,0,0,0,0,1,0,589824
112,112,AUX_EVENT,aux_behavior,110592,0,110592,0,1,36864,0,0,0,0,0,1,0,589824
113,113,AUX_EVENT,aux_behavior,110592,0,110592,0,1,36864,0,0,0,0,0,1,0,589824
114,114,AUX_EVENT,aux_behavior,110592,0,110592,0,1,36864,0,0,0,0,0,1,0,589824
115,115,LAYOUT,layout_rtl,2016,0,2016,0,1,1008,0,0,0,0,0,1,0,16128
116,116,LAYOUT,layout_rtl,2016,0,2016,0,1,1008,0,0,0,0,0,1,0,16128
117,117,GEMM_W8A8,rtl_gemm,19760,19760,0,12544,6144,1008,64,1008,12386304,6193152,16,16128,589824,16128
118,118,AUX_EVENT,aux_behavior,3024,0,3024,0,1,1008,0,0,0,0,0,1,0,16128
119,119,AUX_EVENT,aux_behavior,3024,0,3024,0,1,1008,0,0,0,0,0,1,0,16128
120,120,AUX_EVENT,aux_behavior,3024,0,3024,0,1,1008,0,0,0,0,0,1,0,16128
121,121,AUX_EVENT,aux_behavior,3024,0,3024,0,1,1008,0,0,0,0,0,1,0,16128
122,122,AUX_EVENT,aux_behavior,3024,0,3024,0,1,1008,0,0,0,0,0,1,0,16128
123,123,AUX_EVENT,aux_behavior,3024,0,3024,0,1,1008,0,0,0,0,0,1,0,16128
124,124,AUX_EVENT,aux_behavior,3024,0,3024,0,1,1008,0,0,0,0,0,1,0,16128
125,125,AUX_EVENT,aux_behavior,110592,0,110592,0,1,36864,0,0,0,0,0,1,0,589824
126,126,AUX_EVENT,aux_behavior,110592,0,110592,0,1,36864,0,0,0,0,0,1,0,589824
127,127,AUX_EVENT,aux_behavior,110592,0,110592,0,1,36864,0,0,0,0,0,1,0,589824
128,128,AUX_EVENT,aux_behavior,110592,0,110592,0,1,36864,0,0,0,0,0,1,0,589824
129,129,AUX_EVENT,aux_behavior,110592,0,110592,0,1,36864,0,0,0,0,0,1,0,589824
130,130,AUX_EVENT,aux_behavior,110592,0,110592,0,1,36864,0,0,0,0,0,1,0,589824
131,131,AUX_EVENT,aux_behavior,110592,0,110592,0,1,36864,0,0,0,0,0,1,0,589824
132,132,AUX_EVENT,aux_behavior,110592,0,110592,0,1,36864,0,0,0,0,0,1,0,589824
133,133,LAYOUT,layout_rtl,2016,0,2016,0,1,1008,0,0,0,0,0,1,0,16128
134,134,LAYOUT,layout_rtl,2016,0,2016,0,1,1008,0,0,0,0,0,1,0,16128
135,135,GEMM_W8A8,rtl_gemm,19760,19760,0,12544,6144,1008,64,1008,12386304,6193152,16,16128,589824,16128
136,136,AUX_EVENT,aux_behavior,3024,0,3024,0,1,1008,0,0,0,0,0,1,0,16128
137,137,AUX_EVENT,aux_behavior,3024,0,3024,0,1,1008,0,0,0,0,0,1,0,16128
138,138,AUX_EVENT,aux_behavior,3024,0,3024,0,1,1008,0,0,0,0,0,1,0,16128
139,139,AUX_EVENT,aux_behavior,3024,0,3024,0,1,1008,0,0,0,0,0,1,0,16128
140,140,AUX_EVENT,aux_behavior,3024,0,3024,0,1,1008,0,0,0,0,0,1,0,16128
141,141,AUX_EVENT,aux_behavior,3024,0,3024,0,1,1008,0,0,0,0,0,1,0,16128
142,142,AUX_EVENT,aux_behavior,3024,0,3024,0,1,1008,0,0,0,0,0,1,0,16128
143,143,AUX_EVENT,aux_behavior,110592,0,110592,0,1,36864,0,0,0,0,0,1,0,589824
144,144,AUX_EVENT,aux_behavior,110592,0,110592,0,1,36864,0,0,0,0,0,1,0,589824
145,145,AUX_EVENT,aux_behavior,110592,0,110592,0,1,36864,0,0,0,0,0,1,0,589824
146,146,AUX_EVENT,aux_behavior,110592,0,110592,0,1,36864,0,0,0,0,0,1,0,589824
147,147,AUX_EVENT,aux_behavior,110592,0,110592,0,1,36864,0,0,0,0,0,1,0,589824
148,148,AUX_EVENT,aux_behavior,110592,0,110592,0,1,36864,0,0,0,0,0,1,0,589824
149,149,AUX_EVENT,aux_behavior,110592,0,110592,0,1,36864,0,0,0,0,0,1,0,589824
150,150,AUX_EVENT,aux_behavior,110592,0,110592,0,1,36864,0,0,0,0,0,1,0,589824
151,151,LAYOUT,layout_rtl,2016,0,2016,0,1,1008,0,0,0,0,0,1,0,16128
152,152,LAYOUT,layout_rtl,2016,0,2016,0,1,1008,0,0,0,0,0,1,0,16128
153,153,AUX_EVENT,aux_behavior,3024,0,3024,0,1,1008,0,0,0,0,0,1,0,16128
154,154,LAYOUT,layout_rtl,2016,0,2016,0,1,1008,0,0,0,0,0,1,0,16128
155,155,LAYOUT,layout_rtl,2016,0,2016,0,1,1008,0,0,0,0,0,1,0,16128
156,156,GEMM_W8A8,rtl_gemm,19760,19760,0,12544,6144,1008,64,1008,12386304,6193152,16,16128,589824,16128
157,157,AUX_EVENT,aux_behavior,3024,0,3024,0,1,1008,0,0,0,0,0,1,0,16128
158,158,AUX_EVENT,aux_behavior,3024,0,3024,0,1,1008,0,0,0,0,0,1,0,16128
159,159,AUX_EVENT,aux_behavior,3024,0,3024,0,1,1008,0,0,0,0,0,1,0,16128
160,160,AUX_EVENT,aux_behavior,3024,0,3024,0,1,1008,0,0,0,0,0,1,0,16128
161,161,AUX_EVENT,aux_behavior,3024,0,3024,0,1,1008,0,0,0,0,0,1,0,16128
162,162,AUX_EVENT,aux_behavior,3024,0,3024,0,1,1008,0,0,0,0,0,1,0,16128
163,163,AUX_EVENT,aux_behavior,3024,0,3024,0,1,1008,0,0,0,0,0,1,0,16128
164,164,AUX_EVENT,aux_behavior,110592,0,110592,0,1,36864,0,0,0,0,0,1,0,589824
165,165,AUX_EVENT,aux_behavior,110592,0,110592,0,1,36864,0,0,0,0,0,1,0,589824
166,166,AUX_EVENT,aux_behavior,110592,0,110592,0,1,36864,0,0,0,0,0,1,0,589824
167,167,AUX_EVENT,aux_behavior,110592,0,110592,0,1,36864,0,0,0,0,0,1,0,589824
168,168,AUX_EVENT,aux_behavior,110592,0,110592,0,1,36864,0,0,0,0,0,1,0,589824
169,169,AUX_EVENT,aux_behavior,110592,0,110592,0,1,36864,0,0,0,0,0,1,0,589824
170,170,AUX_EVENT,aux_behavior,110592,0,110592,0,1,36864,0,0,0,0,0,1,0,589824
171,171,AUX_EVENT,aux_behavior,110592,0,110592,0,1,36864,0,0,0,0,0,1,0,589824
172,172,AUX_EVENT,aux_behavior,3024,0,3024,0,1,1008,0,0,0,0,0,1,0,16128
173,173,ADD,vector_rtl,2016,0,2016,0,1,1008,0,0,0,0,0,1,0,16128
174,174,LAYER_NORM,vector_rtl,2016,0,2016,0,1,1008,0,0,0,0,0,1,0,16128
175,175,GEMM_W8A8,rtl_gemm,1013,1013,0,0,1,1008,4,1008,0,0,0,0,0,16128
176,176,AUX_EVENT,aux_behavior,3024,0,3024,0,1,1008,0,0,0,0,0,1,0,16128
177,177,AUX_EVENT,aux_behavior,3024,0,3024,0,1,1008,0,0,0,0,0,1,0,16128
178,178,AUX_EVENT,aux_behavior,3024,0,3024,0,1,1008,0,0,0,0,0,1,0,16128
179,179,AUX_EVENT,aux_behavior,3024,0,3024,0,1,1008,0,0,0,0,0,1,0,16128
180,180,AUX_EVENT,aux_behavior,3024,0,3024,0,1,1008,0,0,0,0,0,1,0,16128
181,181,AUX_EVENT,aux_behavior,3024,0,3024,0,1,1008,0,0,0,0,0,1,0,16128
182,182,AUX_EVENT,aux_behavior,3024,0,3024,0,1,1008,0,0,0,0,0,1,0,16128
183,183,AUX_EVENT,aux_behavior,442368,0,442368,0,1,147456,0,0,0,0,0,1,0,2359296
184,184,AUX_EVENT,aux_behavior,442368,0,442368,0,1,147456,0,0,0,0,0,1,0,2359296
185,185,AUX_EVENT,aux_behavior,442368,0,442368,0,1,147456,0,0,0,0,0,1,0,2359296
186,186,AUX_EVENT,aux_behavior,442368,0,442368,0,1,147456,0,0,0,0,0,1,0,2359296
187,187,AUX_EVENT,aux_behavior,442368,0,442368,0,1,147456,0,0,0,0,0,1,0,2359296
188,188,AUX_EVENT,aux_behavior,442368,0,442368,0,1,147456,0,0,0,0,0,1,0,2359296
189,189,AUX_EVENT,aux_behavior,442368,0,442368,0,1,147456,0,0,0,0,0,1,0,2359296
190,190,AUX_EVENT,aux_behavior,442368,0,442368,0,1,147456,0,0,0,0,0,1,0,2359296
191,191,GELU,vector_rtl,8064,0,8064,0,1,4032,0,0,0,0,0,1,0,64512
192,192,GEMM_W8A8,rtl_gemm,4037,4037,0,0,1,4032,4,4032,0,0,0,0,0,64512
193,193,AUX_EVENT,aux_behavior,12096,0,12096,0,1,4032,0,0,0,0,0,1,0,64512
194,194,AUX_EVENT,aux_behavior,12096,0,12096,0,1,4032,0,0,0,0,0,1,0,64512
195,195,AUX_EVENT,aux_behavior,12096,0,12096,0,1,4032,0,0,0,0,0,1,0,64512
196,196,AUX_EVENT,aux_behavior,12096,0,12096,0,1,4032,0,0,0,0,0,1,0,64512
197,197,AUX_EVENT,aux_behavior,12096,0,12096,0,1,4032,0,0,0,0,0,1,0,64512
198,198,AUX_EVENT,aux_behavior,12096,0,12096,0,1,4032,0,0,0,0,0,1,0,64512
199,199,AUX_EVENT,aux_behavior,12096,0,12096,0,1,4032,0,0,0,0,0,1,0,64512
200,200,AUX_EVENT,aux_behavior,442368,0,442368,0,1,147456,0,0,0,0,0,1,0,2359296
201,201,AUX_EVENT,aux_behavior,442368,0,442368,0,1,147456,0,0,0,0,0,1,0,2359296
202,202,AUX_EVENT,aux_behavior,442368,0,442368,0,1,147456,0,0,0,0,0,1,0,2359296
203,203,AUX_EVENT,aux_behavior,442368,0,442368,0,1,147456,0,0,0,0,0,1,0,2359296
204,204,AUX_EVENT,aux_behavior,442368,0,442368,0,1,147456,0,0,0,0,0,1,0,2359296
205,205,AUX_EVENT,aux_behavior,442368,0,442368,0,1,147456,0,0,0,0,0,1,0,2359296
206,206,AUX_EVENT,aux_behavior,442368,0,442368,0,1,147456,0,0,0,0,0,1,0,2359296
207,207,AUX_EVENT,aux_behavior,442368,0,442368,0,1,147456,0,0,0,0,0,1,0,2359296
208,208,AUX_EVENT,aux_behavior,3024,0,3024,0,1,1008,0,0,0,0,0,1,0,16128
209,209,ADD,vector_rtl,2016,0,2016,0,1,1008,0,0,0,0,0,1,0,16128
210,210,LAYER_NORM,vector_rtl,2016,0,2016,0,1,1008,0,0,0,0,0,1,0,16128
211,211,GEMM_W8A8,rtl_gemm,19760,19760,0,12544,6144,1008,64,1008,12386304,6193152,16,16128,589824,16128
212,212,AUX_EVENT,aux_behavior,3024,0,3024,0,1,1008,0,0,0,0,0,1,0,16128
213,213,AUX_EVENT,aux_behavior,3024,0,3024,0,1,1008,0,0,0,0,0,1,0,16128
214,214,AUX_EVENT,aux_behavior,3024,0,3024,0,1,1008,0,0,0,0,0,1,0,16128
215,215,AUX_EVENT,aux_behavior,3024,0,3024,0,1,1008,0,0,0,0,0,1,0,16128
216,216,AUX_EVENT,aux_behavior,3024,0,3024,0,1,1008,0,0,0,0,0,1,0,16128
217,217,AUX_EVENT,aux_behavior,3024,0,3024,0,1,1008,0,0,0,0,0,1,0,16128
218,218,AUX_EVENT,aux_behavior,3024,0,3024,0,1,1008,0,0,0,0,0,1,0,16128
219,219,AUX_EVENT,aux_behavior,110592,0,110592,0,1,36864,0,0,0,0,0,1,0,589824
220,220,AUX_EVENT,aux_behavior,110592,0,110592,0,1,36864,0,0,0,0,0,1,0,589824
221,221,AUX_EVENT,aux_behavior,110592,0,110592,0,1,36864,0,0,0,0,0,1,0,589824
222,222,AUX_EVENT,aux_behavior,110592,0,110592,0,1,36864,0,0,0,0,0,1,0,589824
223,223,AUX_EVENT,aux_behavior,110592,0,110592,0,1,36864,0,0,0,0,0,1,0,589824
224,224,AUX_EVENT,aux_behavior,110592,0,110592,0,1,36864,0,0,0,0,0,1,0,589824
225,225,AUX_EVENT,aux_behavior,110592,0,110592,0,1,36864,0,0,0,0,0,1,0,589824
226,226,AUX_EVENT,aux_behavior,110592,0,110592,0,1,36864,0,0,0,0,0,1,0,589824
227,227,LAYOUT,layout_rtl,2016,0,2016,0,1,1008,0,0,0,0,0,1,0,16128
228,228,LAYOUT,layout_rtl,2016,0,2016,0,1,1008,0,0,0,0,0,1,0,16128
229,229,GEMM_W8A8,rtl_gemm,19760,19760,0,12544,6144,1008,64,1008,12386304,6193152,16,16128,589824,16128
230,230,AUX_EVENT,aux_behavior,3024,0,3024,0,1,1008,0,0,0,0,0,1,0,16128
231,231,AUX_EVENT,aux_behavior,3024,0,3024,0,1,1008,0,0,0,0,0,1,0,16128
232,232,AUX_EVENT,aux_behavior,3024,0,3024,0,1,1008,0,0,0,0,0,1,0,16128
233,233,AUX_EVENT,aux_behavior,3024,0,3024,0,1,1008,0,0,0,0,0,1,0,16128
234,234,AUX_EVENT,aux_behavior,3024,0,3024,0,1,1008,0,0,0,0,0,1,0,16128
235,235,AUX_EVENT,aux_behavior,3024,0,3024,0,1,1008,0,0,0,0,0,1,0,16128
236,236,AUX_EVENT,aux_behavior,3024,0,3024,0,1,1008,0,0,0,0,0,1,0,16128
237,237,AUX_EVENT,aux_behavior,110592,0,110592,0,1,36864,0,0,0,0,0,1,0,589824
238,238,AUX_EVENT,aux_behavior,110592,0,110592,0,1,36864,0,0,0,0,0,1,0,589824
239,239,AUX_EVENT,aux_behavior,110592,0,110592,0,1,36864,0,0,0,0,0,1,0,589824
240,240,AUX_EVENT,aux_behavior,110592,0,110592,0,1,36864,0,0,0,0,0,1,0,589824
241,241,AUX_EVENT,aux_behavior,110592,0,110592,0,1,36864,0,0,0,0,0,1,0,589824
242,242,AUX_EVENT,aux_behavior,110592,0,110592,0,1,36864,0,0,0,0,0,1,0,589824
243,243,AUX_EVENT,aux_behavior,110592,0,110592,0,1,36864,0,0,0,0,0,1,0,589824
244,244,AUX_EVENT,aux_behavior,110592,0,110592,0,1,36864,0,0,0,0,0,1,0,589824
245,245,LAYOUT,layout_rtl,2016,0,2016,0,1,1008,0,0,0,0,0,1,0,16128
246,246,LAYOUT,layout_rtl,2016,0,2016,0,1,1008,0,0,0,0,0,1,0,16128
247,247,GEMM_W8A8,rtl_gemm,19760,19760,0,12544,6144,1008,64,1008,12386304,6193152,16,16128,589824,16128
248,248,AUX_EVENT,aux_behavior,3024,0,3024,0,1,1008,0,0,0,0,0,1,0,16128
249,249,AUX_EVENT,aux_behavior,3024,0,3024,0,1,1008,0,0,0,0,0,1,0,16128
250,250,AUX_EVENT,aux_behavior,3024,0,3024,0,1,1008,0,0,0,0,0,1,0,16128
251,251,AUX_EVENT,aux_behavior,3024,0,3024,0,1,1008,0,0,0,0,0,1,0,16128
252,252,AUX_EVENT,aux_behavior,3024,0,3024,0,1,1008,0,0,0,0,0,1,0,16128
253,253,AUX_EVENT,aux_behavior,3024,0,3024,0,1,1008,0,0,0,0,0,1,0,16128
254,254,AUX_EVENT,aux_behavior,3024,0,3024,0,1,1008,0,0,0,0,0,1,0,16128
255,255,AUX_EVENT,aux_behavior,110592,0,110592,0,1,36864,0,0,0,0,0,1,0,589824
256,256,AUX_EVENT,aux_behavior,110592,0,110592,0,1,36864,0,0,0,0,0,1,0,589824
257,257,AUX_EVENT,aux_behavior,110592,0,110592,0,1,36864,0,0,0,0,0,1,0,589824
258,258,AUX_EVENT,aux_behavior,110592,0,110592,0,1,36864,0,0,0,0,0,1,0,589824
259,259,AUX_EVENT,aux_behavior,110592,0,110592,0,1,36864,0,0,0,0,0,1,0,589824
260,260,AUX_EVENT,aux_behavior,110592,0,110592,0,1,36864,0,0,0,0,0,1,0,589824
261,261,AUX_EVENT,aux_behavior,110592,0,110592,0,1,36864,0,0,0,0,0,1,0,589824
262,262,AUX_EVENT,aux_behavior,110592,0,110592,0,1,36864,0,0,0,0,0,1,0,589824
263,263,LAYOUT,layout_rtl,2016,0,2016,0,1,1008,0,0,0,0,0,1,0,16128
264,264,LAYOUT,layout_rtl,2016,0,2016,0,1,1008,0,0,0,0,0,1,0,16128
265,265,AUX_EVENT,aux_behavior,3024,0,3024,0,1,1008,0,0,0,0,0,1,0,16128
266,266,LAYOUT,layout_rtl,2016,0,2016,0,1,1008,0,0,0,0,0,1,0,16128
267,267,LAYOUT,layout_rtl,2016,0,2016,0,1,1008,0,0,0,0,0,1,0,16128
268,268,GEMM_W8A8,rtl_gemm,19760,19760,0,12544,6144,1008,64,1008,12386304,6193152,16,16128,589824,16128
269,269,AUX_EVENT,aux_behavior,3024,0,3024,0,1,1008,0,0,0,0,0,1,0,16128
270,270,AUX_EVENT,aux_behavior,3024,0,3024,0,1,1008,0,0,0,0,0,1,0,16128
271,271,AUX_EVENT,aux_behavior,3024,0,3024,0,1,1008,0,0,0,0,0,1,0,16128
272,272,AUX_EVENT,aux_behavior,3024,0,3024,0,1,1008,0,0,0,0,0,1,0,16128
273,273,AUX_EVENT,aux_behavior,3024,0,3024,0,1,1008,0,0,0,0,0,1,0,16128
274,274,AUX_EVENT,aux_behavior,3024,0,3024,0,1,1008,0,0,0,0,0,1,0,16128
275,275,AUX_EVENT,aux_behavior,3024,0,3024,0,1,1008,0,0,0,0,0,1,0,16128
276,276,AUX_EVENT,aux_behavior,110592,0,110592,0,1,36864,0,0,0,0,0,1,0,589824
277,277,AUX_EVENT,aux_behavior,110592,0,110592,0,1,36864,0,0,0,0,0,1,0,589824
278,278,AUX_EVENT,aux_behavior,110592,0,110592,0,1,36864,0,0,0,0,0,1,0,589824
279,279,AUX_EVENT,aux_behavior,110592,0,110592,0,1,36864,0,0,0,0,0,1,0,589824
280,280,AUX_EVENT,aux_behavior,110592,0,110592,0,1,36864,0,0,0,0,0,1,0,589824
281,281,AUX_EVENT,aux_behavior,110592,0,110592,0,1,36864,0,0,0,0,0,1,0,589824
282,282,AUX_EVENT,aux_behavior,110592,0,110592,0,1,36864,0,0,0,0,0,1,0,589824
283,283,AUX_EVENT,aux_behavior,110592,0,110592,0,1,36864,0,0,0,0,0,1,0,589824
284,284,AUX_EVENT,aux_behavior,3024,0,3024,0,1,1008,0,0,0,0,0,1,0,16128
285,285,ADD,vector_rtl,2016,0,2016,0,1,1008,0,0,0,0,0,1,0,16128
286,286,LAYER_NORM,vector_rtl,2016,0,2016,0,1,1008,0,0,0,0,0,1,0,16128
287,287,GEMM_W8A8,rtl_gemm,1013,1013,0,0,1,1008,4,1008,0,0,0,0,0,16128
288,288,AUX_EVENT,aux_behavior,3024,0,3024,0,1,1008,0,0,0,0,0,1,0,16128
289,289,AUX_EVENT,aux_behavior,3024,0,3024,0,1,1008,0,0,0,0,0,1,0,16128
290,290,AUX_EVENT,aux_behavior,3024,0,3024,0,1,1008,0,0,0,0,0,1,0,16128
291,291,AUX_EVENT,aux_behavior,3024,0,3024,0,1,1008,0,0,0,0,0,1,0,16128
292,292,AUX_EVENT,aux_behavior,3024,0,3024,0,1,1008,0,0,0,0,0,1,0,16128
293,293,AUX_EVENT,aux_behavior,3024,0,3024,0,1,1008,0,0,0,0,0,1,0,16128
294,294,AUX_EVENT,aux_behavior,3024,0,3024,0,1,1008,0,0,0,0,0,1,0,16128
295,295,AUX_EVENT,aux_behavior,442368,0,442368,0,1,147456,0,0,0,0,0,1,0,2359296
296,296,AUX_EVENT,aux_behavior,442368,0,442368,0,1,147456,0,0,0,0,0,1,0,2359296
297,297,AUX_EVENT,aux_behavior,442368,0,442368,0,1,147456,0,0,0,0,0,1,0,2359296
298,298,AUX_EVENT,aux_behavior,442368,0,442368,0,1,147456,0,0,0,0,0,1,0,2359296
299,299,AUX_EVENT,aux_behavior,442368,0,442368,0,1,147456,0,0,0,0,0,1,0,2359296
300,300,AUX_EVENT,aux_behavior,442368,0,442368,0,1,147456,0,0,0,0,0,1,0,2359296
301,301,AUX_EVENT,aux_behavior,442368,0,442368,0,1,147456,0,0,0,0,0,1,0,2359296
302,302,AUX_EVENT,aux_behavior,442368,0,442368,0,1,147456,0,0,0,0,0,1,0,2359296
303,303,GELU,vector_rtl,8064,0,8064,0,1,4032,0,0,0,0,0,1,0,64512
304,304,GEMM_W8A8,rtl_gemm,4037,4037,0,0,1,4032,4,4032,0,0,0,0,0,64512
305,305,AUX_EVENT,aux_behavior,12096,0,12096,0,1,4032,0,0,0,0,0,1,0,64512
306,306,AUX_EVENT,aux_behavior,12096,0,12096,0,1,4032,0,0,0,0,0,1,0,64512
307,307,AUX_EVENT,aux_behavior,12096,0,12096,0,1,4032,0,0,0,0,0,1,0,64512
308,308,AUX_EVENT,aux_behavior,12096,0,12096,0,1,4032,0,0,0,0,0,1,0,64512
309,309,AUX_EVENT,aux_behavior,12096,0,12096,0,1,4032,0,0,0,0,0,1,0,64512
310,310,AUX_EVENT,aux_behavior,12096,0,12096,0,1,4032,0,0,0,0,0,1,0,64512
311,311,AUX_EVENT,aux_behavior,12096,0,12096,0,1,4032,0,0,0,0,0,1,0,64512
312,312,AUX_EVENT,aux_behavior,442368,0,442368,0,1,147456,0,0,0,0,0,1,0,2359296
313,313,AUX_EVENT,aux_behavior,442368,0,442368,0,1,147456,0,0,0,0,0,1,0,2359296
314,314,AUX_EVENT,aux_behavior,442368,0,442368,0,1,147456,0,0,0,0,0,1,0,2359296
315,315,AUX_EVENT,aux_behavior,442368,0,442368,0,1,147456,0,0,0,0,0,1,0,2359296
316,316,AUX_EVENT,aux_behavior,442368,0,442368,0,1,147456,0,0,0,0,0,1,0,2359296
317,317,AUX_EVENT,aux_behavior,442368,0,442368,0,1,147456,0,0,0,0,0,1,0,2359296
318,318,AUX_EVENT,aux_behavior,442368,0,442368,0,1,147456,0,0,0,0,0,1,0,2359296
319,319,AUX_EVENT,aux_behavior,442368,0,442368,0,1,147456,0,0,0,0,0,1,0,2359296
320,320,AUX_EVENT,aux_behavior,3024,0,3024,0,1,1008,0,0,0,0,0,1,0,16128
321,321,ADD,vector_rtl,2016,0,2016,0,1,1008,0,0,0,0,0,1,0,16128
322,322,LAYER_NORM,vector_rtl,2016,0,2016,0,1,1008,0,0,0,0,0,1,0,16128
323,323,GEMM_W8A8,rtl_gemm,19760,19760,0,12544,6144,1008,64,1008,12386304,6193152,16,16128,589824,16128
324,324,AUX_EVENT,aux_behavior,3024,0,3024,0,1,1008,0,0,0,0,0,1,0,16128
325,325,AUX_EVENT,aux_behavior,3024,0,3024,0,1,1008,0,0,0,0,0,1,0,16128
326,326,AUX_EVENT,aux_behavior,3024,0,3024,0,1,1008,0,0,0,0,0,1,0,16128
327,327,AUX_EVENT,aux_behavior,3024,0,3024,0,1,1008,0,0,0,0,0,1,0,16128
328,328,AUX_EVENT,aux_behavior,3024,0,3024,0,1,1008,0,0,0,0,0,1,0,16128
329,329,AUX_EVENT,aux_behavior,3024,0,3024,0,1,1008,0,0,0,0,0,1,0,16128
330,330,AUX_EVENT,aux_behavior,3024,0,3024,0,1,1008,0,0,0,0,0,1,0,16128
331,331,AUX_EVENT,aux_behavior,110592,0,110592,0,1,36864,0,0,0,0,0,1,0,589824
332,332,AUX_EVENT,aux_behavior,110592,0,110592,0,1,36864,0,0,0,0,0,1,0,589824
333,333,AUX_EVENT,aux_behavior,110592,0,110592,0,1,36864,0,0,0,0,0,1,0,589824
334,334,AUX_EVENT,aux_behavior,110592,0,110592,0,1,36864,0,0,0,0,0,1,0,589824
335,335,AUX_EVENT,aux_behavior,110592,0,110592,0,1,36864,0,0,0,0,0,1,0,589824
336,336,AUX_EVENT,aux_behavior,110592,0,110592,0,1,36864,0,0,0,0,0,1,0,589824
337,337,AUX_EVENT,aux_behavior,110592,0,110592,0,1,36864,0,0,0,0,0,1,0,589824
338,338,AUX_EVENT,aux_behavior,110592,0,110592,0,1,36864,0,0,0,0,0,1,0,589824
339,339,LAYOUT,layout_rtl,2016,0,2016,0,1,1008,0,0,0,0,0,1,0,16128
340,340,LAYOUT,layout_rtl,2016,0,2016,0,1,1008,0,0,0,0,0,1,0,16128
341,341,GEMM_W8A8,rtl_gemm,19760,19760,0,12544,6144,1008,64,1008,12386304,6193152,16,16128,589824,16128
342,342,AUX_EVENT,aux_behavior,3024,0,3024,0,1,1008,0,0,0,0,0,1,0,16128
343,343,AUX_EVENT,aux_behavior,3024,0,3024,0,1,1008,0,0,0,0,0,1,0,16128
344,344,AUX_EVENT,aux_behavior,3024,0,3024,0,1,1008,0,0,0,0,0,1,0,16128
345,345,AUX_EVENT,aux_behavior,3024,0,3024,0,1,1008,0,0,0,0,0,1,0,16128
346,346,AUX_EVENT,aux_behavior,3024,0,3024,0,1,1008,0,0,0,0,0,1,0,16128
347,347,AUX_EVENT,aux_behavior,3024,0,3024,0,1,1008,0,0,0,0,0,1,0,16128
348,348,AUX_EVENT,aux_behavior,3024,0,3024,0,1,1008,0,0,0,0,0,1,0,16128
349,349,AUX_EVENT,aux_behavior,110592,0,110592,0,1,36864,0,0,0,0,0,1,0,589824
350,350,AUX_EVENT,aux_behavior,110592,0,110592,0,1,36864,0,0,0,0,0,1,0,589824
351,351,AUX_EVENT,aux_behavior,110592,0,110592,0,1,36864,0,0,0,0,0,1,0,589824
352,352,AUX_EVENT,aux_behavior,110592,0,110592,0,1,36864,0,0,0,0,0,1,0,589824
353,353,AUX_EVENT,aux_behavior,110592,0,110592,0,1,36864,0,0,0,0,0,1,0,589824
354,354,AUX_EVENT,aux_behavior,110592,0,110592,0,1,36864,0,0,0,0,0,1,0,589824
355,355,AUX_EVENT,aux_behavior,110592,0,110592,0,1,36864,0,0,0,0,0,1,0,589824
356,356,AUX_EVENT,aux_behavior,110592,0,110592,0,1,36864,0,0,0,0,0,1,0,589824
357,357,LAYOUT,layout_rtl,2016,0,2016,0,1,1008,0,0,0,0,0,1,0,16128
358,358,LAYOUT,layout_rtl,2016,0,2016,0,1,1008,0,0,0,0,0,1,0,16128
359,359,GEMM_W8A8,rtl_gemm,19760,19760,0,12544,6144,1008,64,1008,12386304,6193152,16,16128,589824,16128
360,360,AUX_EVENT,aux_behavior,3024,0,3024,0,1,1008,0,0,0,0,0,1,0,16128
361,361,AUX_EVENT,aux_behavior,3024,0,3024,0,1,1008,0,0,0,0,0,1,0,16128
362,362,AUX_EVENT,aux_behavior,3024,0,3024,0,1,1008,0,0,0,0,0,1,0,16128
363,363,AUX_EVENT,aux_behavior,3024,0,3024,0,1,1008,0,0,0,0,0,1,0,16128
364,364,AUX_EVENT,aux_behavior,3024,0,3024,0,1,1008,0,0,0,0,0,1,0,16128
365,365,AUX_EVENT,aux_behavior,3024,0,3024,0,1,1008,0,0,0,0,0,1,0,16128
366,366,AUX_EVENT,aux_behavior,3024,0,3024,0,1,1008,0,0,0,0,0,1,0,16128
367,367,AUX_EVENT,aux_behavior,110592,0,110592,0,1,36864,0,0,0,0,0,1,0,589824
368,368,AUX_EVENT,aux_behavior,110592,0,110592,0,1,36864,0,0,0,0,0,1,0,589824
369,369,AUX_EVENT,aux_behavior,110592,0,110592,0,1,36864,0,0,0,0,0,1,0,589824
370,370,AUX_EVENT,aux_behavior,110592,0,110592,0,1,36864,0,0,0,0,0,1,0,589824
371,371,AUX_EVENT,aux_behavior,110592,0,110592,0,1,36864,0,0,0,0,0,1,0,589824
372,372,AUX_EVENT,aux_behavior,110592,0,110592,0,1,36864,0,0,0,0,0,1,0,589824
373,373,AUX_EVENT,aux_behavior,110592,0,110592,0,1,36864,0,0,0,0,0,1,0,589824
374,374,AUX_EVENT,aux_behavior,110592,0,110592,0,1,36864,0,0,0,0,0,1,0,589824
375,375,LAYOUT,layout_rtl,2016,0,2016,0,1,1008,0,0,0,0,0,1,0,16128
376,376,LAYOUT,layout_rtl,2016,0,2016,0,1,1008,0,0,0,0,0,1,0,16128
377,377,AUX_EVENT,aux_behavior,3024,0,3024,0,1,1008,0,0,0,0,0,1,0,16128
378,378,LAYOUT,layout_rtl,2016,0,2016,0,1,1008,0,0,0,0,0,1,0,16128
379,379,LAYOUT,layout_rtl,2016,0,2016,0,1,1008,0,0,0,0,0,1,0,16128
380,380,GEMM_W8A8,rtl_gemm,19760,19760,0,12544,6144,1008,64,1008,12386304,6193152,16,16128,589824,16128
381,381,AUX_EVENT,aux_behavior,3024,0,3024,0,1,1008,0,0,0,0,0,1,0,16128
382,382,AUX_EVENT,aux_behavior,3024,0,3024,0,1,1008,0,0,0,0,0,1,0,16128
383,383,AUX_EVENT,aux_behavior,3024,0,3024,0,1,1008,0,0,0,0,0,1,0,16128
384,384,AUX_EVENT,aux_behavior,3024,0,3024,0,1,1008,0,0,0,0,0,1,0,16128
385,385,AUX_EVENT,aux_behavior,3024,0,3024,0,1,1008,0,0,0,0,0,1,0,16128
386,386,AUX_EVENT,aux_behavior,3024,0,3024,0,1,1008,0,0,0,0,0,1,0,16128
387,387,AUX_EVENT,aux_behavior,3024,0,3024,0,1,1008,0,0,0,0,0,1,0,16128
388,388,AUX_EVENT,aux_behavior,110592,0,110592,0,1,36864,0,0,0,0,0,1,0,589824
389,389,AUX_EVENT,aux_behavior,110592,0,110592,0,1,36864,0,0,0,0,0,1,0,589824
390,390,AUX_EVENT,aux_behavior,110592,0,110592,0,1,36864,0,0,0,0,0,1,0,589824
391,391,AUX_EVENT,aux_behavior,110592,0,110592,0,1,36864,0,0,0,0,0,1,0,589824
392,392,AUX_EVENT,aux_behavior,110592,0,110592,0,1,36864,0,0,0,0,0,1,0,589824
393,393,AUX_EVENT,aux_behavior,110592,0,110592,0,1,36864,0,0,0,0,0,1,0,589824
394,394,AUX_EVENT,aux_behavior,110592,0,110592,0,1,36864,0,0,0,0,0,1,0,589824
395,395,AUX_EVENT,aux_behavior,110592,0,110592,0,1,36864,0,0,0,0,0,1,0,589824
396,396,AUX_EVENT,aux_behavior,3024,0,3024,0,1,1008,0,0,0,0,0,1,0,16128
397,397,ADD,vector_rtl,2016,0,2016,0,1,1008,0,0,0,0,0,1,0,16128
398,398,LAYER_NORM,vector_rtl,2016,0,2016,0,1,1008,0,0,0,0,0,1,0,16128
399,399,GEMM_W8A8,rtl_gemm,1013,1013,0,0,1,1008,4,1008,0,0,0,0,0,16128
400,400,AUX_EVENT,aux_behavior,3024,0,3024,0,1,1008,0,0,0,0,0,1,0,16128
401,401,AUX_EVENT,aux_behavior,3024,0,3024,0,1,1008,0,0,0,0,0,1,0,16128
402,402,AUX_EVENT,aux_behavior,3024,0,3024,0,1,1008,0,0,0,0,0,1,0,16128
403,403,AUX_EVENT,aux_behavior,3024,0,3024,0,1,1008,0,0,0,0,0,1,0,16128
404,404,AUX_EVENT,aux_behavior,3024,0,3024,0,1,1008,0,0,0,0,0,1,0,16128
405,405,AUX_EVENT,aux_behavior,3024,0,3024,0,1,1008,0,0,0,0,0,1,0,16128
406,406,AUX_EVENT,aux_behavior,3024,0,3024,0,1,1008,0,0,0,0,0,1,0,16128
407,407,AUX_EVENT,aux_behavior,442368,0,442368,0,1,147456,0,0,0,0,0,1,0,2359296
408,408,AUX_EVENT,aux_behavior,442368,0,442368,0,1,147456,0,0,0,0,0,1,0,2359296
409,409,AUX_EVENT,aux_behavior,442368,0,442368,0,1,147456,0,0,0,0,0,1,0,2359296
410,410,AUX_EVENT,aux_behavior,442368,0,442368,0,1,147456,0,0,0,0,0,1,0,2359296
411,411,AUX_EVENT,aux_behavior,442368,0,442368,0,1,147456,0,0,0,0,0,1,0,2359296
412,412,AUX_EVENT,aux_behavior,442368,0,442368,0,1,147456,0,0,0,0,0,1,0,2359296
413,413,AUX_EVENT,aux_behavior,442368,0,442368,0,1,147456,0,0,0,0,0,1,0,2359296
414,414,AUX_EVENT,aux_behavior,442368,0,442368,0,1,147456,0,0,0,0,0,1,0,2359296
415,415,GELU,vector_rtl,8064,0,8064,0,1,4032,0,0,0,0,0,1,0,64512
416,416,GEMM_W8A8,rtl_gemm,4037,4037,0,0,1,4032,4,4032,0,0,0,0,0,64512
417,417,AUX_EVENT,aux_behavior,12096,0,12096,0,1,4032,0,0,0,0,0,1,0,64512
418,418,AUX_EVENT,aux_behavior,12096,0,12096,0,1,4032,0,0,0,0,0,1,0,64512
419,419,AUX_EVENT,aux_behavior,12096,0,12096,0,1,4032,0,0,0,0,0,1,0,64512
420,420,AUX_EVENT,aux_behavior,12096,0,12096,0,1,4032,0,0,0,0,0,1,0,64512
421,421,AUX_EVENT,aux_behavior,12096,0,12096,0,1,4032,0,0,0,0,0,1,0,64512
422,422,AUX_EVENT,aux_behavior,12096,0,12096,0,1,4032,0,0,0,0,0,1,0,64512
423,423,AUX_EVENT,aux_behavior,12096,0,12096,0,1,4032,0,0,0,0,0,1,0,64512
424,424,AUX_EVENT,aux_behavior,442368,0,442368,0,1,147456,0,0,0,0,0,1,0,2359296
425,425,AUX_EVENT,aux_behavior,442368,0,442368,0,1,147456,0,0,0,0,0,1,0,2359296
426,426,AUX_EVENT,aux_behavior,442368,0,442368,0,1,147456,0,0,0,0,0,1,0,2359296
427,427,AUX_EVENT,aux_behavior,442368,0,442368,0,1,147456,0,0,0,0,0,1,0,2359296
428,428,AUX_EVENT,aux_behavior,442368,0,442368,0,1,147456,0,0,0,0,0,1,0,2359296
429,429,AUX_EVENT,aux_behavior,442368,0,442368,0,1,147456,0,0,0,0,0,1,0,2359296
430,430,AUX_EVENT,aux_behavior,442368,0,442368,0,1,147456,0,0,0,0,0,1,0,2359296
431,431,AUX_EVENT,aux_behavior,442368,0,442368,0,1,147456,0,0,0,0,0,1,0,2359296
432,432,AUX_EVENT,aux_behavior,3024,0,3024,0,1,1008,0,0,0,0,0,1,0,16128
433,433,ADD,vector_rtl,2016,0,2016,0,1,1008,0,0,0,0,0,1,0,16128
434,434,LAYER_NORM,vector_rtl,2016,0,2016,0,1,1008,0,0,0,0,0,1,0,16128
435,435,GEMM_W8A8,rtl_gemm,19760,19760,0,12544,6144,1008,64,1008,12386304,6193152,16,16128,589824,16128
436,436,AUX_EVENT,aux_behavior,3024,0,3024,0,1,1008,0,0,0,0,0,1,0,16128
437,437,AUX_EVENT,aux_behavior,3024,0,3024,0,1,1008,0,0,0,0,0,1,0,16128
438,438,AUX_EVENT,aux_behavior,3024,0,3024,0,1,1008,0,0,0,0,0,1,0,16128
439,439,AUX_EVENT,aux_behavior,3024,0,3024,0,1,1008,0,0,0,0,0,1,0,16128
440,440,AUX_EVENT,aux_behavior,3024,0,3024,0,1,1008,0,0,0,0,0,1,0,16128
441,441,AUX_EVENT,aux_behavior,3024,0,3024,0,1,1008,0,0,0,0,0,1,0,16128
442,442,AUX_EVENT,aux_behavior,3024,0,3024,0,1,1008,0,0,0,0,0,1,0,16128
443,443,AUX_EVENT,aux_behavior,110592,0,110592,0,1,36864,0,0,0,0,0,1,0,589824
444,444,AUX_EVENT,aux_behavior,110592,0,110592,0,1,36864,0,0,0,0,0,1,0,589824
445,445,AUX_EVENT,aux_behavior,110592,0,110592,0,1,36864,0,0,0,0,0,1,0,589824
446,446,AUX_EVENT,aux_behavior,110592,0,110592,0,1,36864,0,0,0,0,0,1,0,589824
447,447,AUX_EVENT,aux_behavior,110592,0,110592,0,1,36864,0,0,0,0,0,1,0,589824
448,448,AUX_EVENT,aux_behavior,110592,0,110592,0,1,36864,0,0,0,0,0,1,0,589824
449,449,AUX_EVENT,aux_behavior,110592,0,110592,0,1,36864,0,0,0,0,0,1,0,589824
450,450,AUX_EVENT,aux_behavior,110592,0,110592,0,1,36864,0,0,0,0,0,1,0,589824
451,451,LAYOUT,layout_rtl,2016,0,2016,0,1,1008,0,0,0,0,0,1,0,16128
452,452,LAYOUT,layout_rtl,2016,0,2016,0,1,1008,0,0,0,0,0,1,0,16128
453,453,GEMM_W8A8,rtl_gemm,19760,19760,0,12544,6144,1008,64,1008,12386304,6193152,16,16128,589824,16128
454,454,AUX_EVENT,aux_behavior,3024,0,3024,0,1,1008,0,0,0,0,0,1,0,16128
455,455,AUX_EVENT,aux_behavior,3024,0,3024,0,1,1008,0,0,0,0,0,1,0,16128
456,456,AUX_EVENT,aux_behavior,3024,0,3024,0,1,1008,0,0,0,0,0,1,0,16128
457,457,AUX_EVENT,aux_behavior,3024,0,3024,0,1,1008,0,0,0,0,0,1,0,16128
458,458,AUX_EVENT,aux_behavior,3024,0,3024,0,1,1008,0,0,0,0,0,1,0,16128
459,459,AUX_EVENT,aux_behavior,3024,0,3024,0,1,1008,0,0,0,0,0,1,0,16128
460,460,AUX_EVENT,aux_behavior,3024,0,3024,0,1,1008,0,0,0,0,0,1,0,16128
461,461,AUX_EVENT,aux_behavior,110592,0,110592,0,1,36864,0,0,0,0,0,1,0,589824
462,462,AUX_EVENT,aux_behavior,110592,0,110592,0,1,36864,0,0,0,0,0,1,0,589824
463,463,AUX_EVENT,aux_behavior,110592,0,110592,0,1,36864,0,0,0,0,0,1,0,589824
464,464,AUX_EVENT,aux_behavior,110592,0,110592,0,1,36864,0,0,0,0,0,1,0,589824
465,465,AUX_EVENT,aux_behavior,110592,0,110592,0,1,36864,0,0,0,0,0,1,0,589824
466,466,AUX_EVENT,aux_behavior,110592,0,110592,0,1,36864,0,0,0,0,0,1,0,589824
467,467,AUX_EVENT,aux_behavior,110592,0,110592,0,1,36864,0,0,0,0,0,1,0,589824
468,468,AUX_EVENT,aux_behavior,110592,0,110592,0,1,36864,0,0,0,0,0,1,0,589824
469,469,LAYOUT,layout_rtl,2016,0,2016,0,1,1008,0,0,0,0,0,1,0,16128
470,470,LAYOUT,layout_rtl,2016,0,2016,0,1,1008,0,0,0,0,0,1,0,16128
471,471,GEMM_W8A8,rtl_gemm,19760,19760,0,12544,6144,1008,64,1008,12386304,6193152,16,16128,589824,16128
472,472,AUX_EVENT,aux_behavior,3024,0,3024,0,1,1008,0,0,0,0,0,1,0,16128
473,473,AUX_EVENT,aux_behavior,3024,0,3024,0,1,1008,0,0,0,0,0,1,0,16128
474,474,AUX_EVENT,aux_behavior,3024,0,3024,0,1,1008,0,0,0,0,0,1,0,16128
475,475,AUX_EVENT,aux_behavior,3024,0,3024,0,1,1008,0,0,0,0,0,1,0,16128
476,476,AUX_EVENT,aux_behavior,3024,0,3024,0,1,1008,0,0,0,0,0,1,0,16128
477,477,AUX_EVENT,aux_behavior,3024,0,3024,0,1,1008,0,0,0,0,0,1,0,16128
478,478,AUX_EVENT,aux_behavior,3024,0,3024,0,1,1008,0,0,0,0,0,1,0,16128
479,479,AUX_EVENT,aux_behavior,110592,0,110592,0,1,36864,0,0,0,0,0,1,0,589824
480,480,AUX_EVENT,aux_behavior,110592,0,110592,0,1,36864,0,0,0,0,0,1,0,589824
481,481,AUX_EVENT,aux_behavior,110592,0,110592,0,1,36864,0,0,0,0,0,1,0,589824
482,482,AUX_EVENT,aux_behavior,110592,0,110592,0,1,36864,0,0,0,0,0,1,0,589824
483,483,AUX_EVENT,aux_behavior,110592,0,110592,0,1,36864,0,0,0,0,0,1,0,589824
484,484,AUX_EVENT,aux_behavior,110592,0,110592,0,1,36864,0,0,0,0,0,1,0,589824
485,485,AUX_EVENT,aux_behavior,110592,0,110592,0,1,36864,0,0,0,0,0,1,0,589824
486,486,AUX_EVENT,aux_behavior,110592,0,110592,0,1,36864,0,0,0,0,0,1,0,589824
487,487,LAYOUT,layout_rtl,2016,0,2016,0,1,1008,0,0,0,0,0,1,0,16128
488,488,LAYOUT,layout_rtl,2016,0,2016,0,1,1008,0,0,0,0,0,1,0,16128
489,489,AUX_EVENT,aux_behavior,3024,0,3024,0,1,1008,0,0,0,0,0,1,0,16128
490,490,LAYOUT,layout_rtl,2016,0,2016,0,1,1008,0,0,0,0,0,1,0,16128
491,491,LAYOUT,layout_rtl,2016,0,2016,0,1,1008,0,0,0,0,0,1,0,16128
492,492,GEMM_W8A8,rtl_gemm,19760,19760,0,12544,6144,1008,64,1008,12386304,6193152,16,16128,589824,16128
493,493,AUX_EVENT,aux_behavior,3024,0,3024,0,1,1008,0,0,0,0,0,1,0,16128
494,494,AUX_EVENT,aux_behavior,3024,0,3024,0,1,1008,0,0,0,0,0,1,0,16128
495,495,AUX_EVENT,aux_behavior,3024,0,3024,0,1,1008,0,0,0,0,0,1,0,16128
496,496,AUX_EVENT,aux_behavior,3024,0,3024,0,1,1008,0,0,0,0,0,1,0,16128
497,497,AUX_EVENT,aux_behavior,3024,0,3024,0,1,1008,0,0,0,0,0,1,0,16128
498,498,AUX_EVENT,aux_behavior,3024,0,3024,0,1,1008,0,0,0,0,0,1,0,16128
499,499,AUX_EVENT,aux_behavior,3024,0,3024,0,1,1008,0,0,0,0,0,1,0,16128
500,500,AUX_EVENT,aux_behavior,110592,0,110592,0,1,36864,0,0,0,0,0,1,0,589824
501,501,AUX_EVENT,aux_behavior,110592,0,110592,0,1,36864,0,0,0,0,0,1,0,589824
502,502,AUX_EVENT,aux_behavior,110592,0,110592,0,1,36864,0,0,0,0,0,1,0,589824
503,503,AUX_EVENT,aux_behavior,110592,0,110592,0,1,36864,0,0,0,0,0,1,0,589824
504,504,AUX_EVENT,aux_behavior,110592,0,110592,0,1,36864,0,0,0,0,0,1,0,589824
505,505,AUX_EVENT,aux_behavior,110592,0,110592,0,1,36864,0,0,0,0,0,1,0,589824
506,506,AUX_EVENT,aux_behavior,110592,0,110592,0,1,36864,0,0,0,0,0,1,0,589824
507,507,AUX_EVENT,aux_behavior,110592,0,110592,0,1,36864,0,0,0,0,0,1,0,589824
508,508,AUX_EVENT,aux_behavior,3024,0,3024,0,1,1008,0,0,0,0,0,1,0,16128
509,509,ADD,vector_rtl,2016,0,2016,0,1,1008,0,0,0,0,0,1,0,16128
510,510,LAYER_NORM,vector_rtl,2016,0,2016,0,1,1008,0,0,0,0,0,1,0,16128
511,511,GEMM_W8A8,rtl_gemm,1013,1013,0,0,1,1008,4,1008,0,0,0,0,0,16128
512,512,AUX_EVENT,aux_behavior,3024,0,3024,0,1,1008,0,0,0,0,0,1,0,16128
513,513,AUX_EVENT,aux_behavior,3024,0,3024,0,1,1008,0,0,0,0,0,1,0,16128
514,514,AUX_EVENT,aux_behavior,3024,0,3024,0,1,1008,0,0,0,0,0,1,0,16128
515,515,AUX_EVENT,aux_behavior,3024,0,3024,0,1,1008,0,0,0,0,0,1,0,16128
516,516,AUX_EVENT,aux_behavior,3024,0,3024,0,1,1008,0,0,0,0,0,1,0,16128
517,517,AUX_EVENT,aux_behavior,3024,0,3024,0,1,1008,0,0,0,0,0,1,0,16128
518,518,AUX_EVENT,aux_behavior,3024,0,3024,0,1,1008,0,0,0,0,0,1,0,16128
519,519,AUX_EVENT,aux_behavior,442368,0,442368,0,1,147456,0,0,0,0,0,1,0,2359296
520,520,AUX_EVENT,aux_behavior,442368,0,442368,0,1,147456,0,0,0,0,0,1,0,2359296
521,521,AUX_EVENT,aux_behavior,442368,0,442368,0,1,147456,0,0,0,0,0,1,0,2359296
522,522,AUX_EVENT,aux_behavior,442368,0,442368,0,1,147456,0,0,0,0,0,1,0,2359296
523,523,AUX_EVENT,aux_behavior,442368,0,442368,0,1,147456,0,0,0,0,0,1,0,2359296
524,524,AUX_EVENT,aux_behavior,442368,0,442368,0,1,147456,0,0,0,0,0,1,0,2359296
525,525,AUX_EVENT,aux_behavior,442368,0,442368,0,1,147456,0,0,0,0,0,1,0,2359296
526,526,AUX_EVENT,aux_behavior,442368,0,442368,0,1,147456,0,0,0,0,0,1,0,2359296
527,527,GELU,vector_rtl,8064,0,8064,0,1,4032,0,0,0,0,0,1,0,64512
528,528,GEMM_W8A8,rtl_gemm,4037,4037,0,0,1,4032,4,4032,0,0,0,0,0,64512
529,529,AUX_EVENT,aux_behavior,12096,0,12096,0,1,4032,0,0,0,0,0,1,0,64512
530,530,AUX_EVENT,aux_behavior,12096,0,12096,0,1,4032,0,0,0,0,0,1,0,64512
531,531,AUX_EVENT,aux_behavior,12096,0,12096,0,1,4032,0,0,0,0,0,1,0,64512
532,532,AUX_EVENT,aux_behavior,12096,0,12096,0,1,4032,0,0,0,0,0,1,0,64512
533,533,AUX_EVENT,aux_behavior,12096,0,12096,0,1,4032,0,0,0,0,0,1,0,64512
534,534,AUX_EVENT,aux_behavior,12096,0,12096,0,1,4032,0,0,0,0,0,1,0,64512
535,535,AUX_EVENT,aux_behavior,12096,0,12096,0,1,4032,0,0,0,0,0,1,0,64512
536,536,AUX_EVENT,aux_behavior,442368,0,442368,0,1,147456,0,0,0,0,0,1,0,2359296
537,537,AUX_EVENT,aux_behavior,442368,0,442368,0,1,147456,0,0,0,0,0,1,0,2359296
538,538,AUX_EVENT,aux_behavior,442368,0,442368,0,1,147456,0,0,0,0,0,1,0,2359296
539,539,AUX_EVENT,aux_behavior,442368,0,442368,0,1,147456,0,0,0,0,0,1,0,2359296
540,540,AUX_EVENT,aux_behavior,442368,0,442368,0,1,147456,0,0,0,0,0,1,0,2359296
541,541,AUX_EVENT,aux_behavior,442368,0,442368,0,1,147456,0,0,0,0,0,1,0,2359296
542,542,AUX_EVENT,aux_behavior,442368,0,442368,0,1,147456,0,0,0,0,0,1,0,2359296
543,543,AUX_EVENT,aux_behavior,442368,0,442368,0,1,147456,0,0,0,0,0,1,0,2359296
544,544,AUX_EVENT,aux_behavior,3024,0,3024,0,1,1008,0,0,0,0,0,1,0,16128
545,545,ADD,vector_rtl,2016,0,2016,0,1,1008,0,0,0,0,0,1,0,16128
546,546,LAYER_NORM,vector_rtl,2016,0,2016,0,1,1008,0,0,0,0,0,1,0,16128
547,547,GEMM_W8A8,rtl_gemm,19760,19760,0,12544,6144,1008,64,1008,12386304,6193152,16,16128,589824,16128
548,548,AUX_EVENT,aux_behavior,3024,0,3024,0,1,1008,0,0,0,0,0,1,0,16128
549,549,AUX_EVENT,aux_behavior,3024,0,3024,0,1,1008,0,0,0,0,0,1,0,16128
550,550,AUX_EVENT,aux_behavior,3024,0,3024,0,1,1008,0,0,0,0,0,1,0,16128
551,551,AUX_EVENT,aux_behavior,3024,0,3024,0,1,1008,0,0,0,0,0,1,0,16128
552,552,AUX_EVENT,aux_behavior,3024,0,3024,0,1,1008,0,0,0,0,0,1,0,16128
553,553,AUX_EVENT,aux_behavior,3024,0,3024,0,1,1008,0,0,0,0,0,1,0,16128
554,554,AUX_EVENT,aux_behavior,3024,0,3024,0,1,1008,0,0,0,0,0,1,0,16128
555,555,AUX_EVENT,aux_behavior,110592,0,110592,0,1,36864,0,0,0,0,0,1,0,589824
556,556,AUX_EVENT,aux_behavior,110592,0,110592,0,1,36864,0,0,0,0,0,1,0,589824
557,557,AUX_EVENT,aux_behavior,110592,0,110592,0,1,36864,0,0,0,0,0,1,0,589824
558,558,AUX_EVENT,aux_behavior,110592,0,110592,0,1,36864,0,0,0,0,0,1,0,589824
559,559,AUX_EVENT,aux_behavior,110592,0,110592,0,1,36864,0,0,0,0,0,1,0,589824
560,560,AUX_EVENT,aux_behavior,110592,0,110592,0,1,36864,0,0,0,0,0,1,0,589824
561,561,AUX_EVENT,aux_behavior,110592,0,110592,0,1,36864,0,0,0,0,0,1,0,589824
562,562,AUX_EVENT,aux_behavior,110592,0,110592,0,1,36864,0,0,0,0,0,1,0,589824
563,563,LAYOUT,layout_rtl,2016,0,2016,0,1,1008,0,0,0,0,0,1,0,16128
564,564,LAYOUT,layout_rtl,2016,0,2016,0,1,1008,0,0,0,0,0,1,0,16128
565,565,GEMM_W8A8,rtl_gemm,19760,19760,0,12544,6144,1008,64,1008,12386304,6193152,16,16128,589824,16128
566,566,AUX_EVENT,aux_behavior,3024,0,3024,0,1,1008,0,0,0,0,0,1,0,16128
567,567,AUX_EVENT,aux_behavior,3024,0,3024,0,1,1008,0,0,0,0,0,1,0,16128
568,568,AUX_EVENT,aux_behavior,3024,0,3024,0,1,1008,0,0,0,0,0,1,0,16128
569,569,AUX_EVENT,aux_behavior,3024,0,3024,0,1,1008,0,0,0,0,0,1,0,16128
570,570,AUX_EVENT,aux_behavior,3024,0,3024,0,1,1008,0,0,0,0,0,1,0,16128
571,571,AUX_EVENT,aux_behavior,3024,0,3024,0,1,1008,0,0,0,0,0,1,0,16128
572,572,AUX_EVENT,aux_behavior,3024,0,3024,0,1,1008,0,0,0,0,0,1,0,16128
573,573,AUX_EVENT,aux_behavior,110592,0,110592,0,1,36864,0,0,0,0,0,1,0,589824
574,574,AUX_EVENT,aux_behavior,110592,0,110592,0,1,36864,0,0,0,0,0,1,0,589824
575,575,AUX_EVENT,aux_behavior,110592,0,110592,0,1,36864,0,0,0,0,0,1,0,589824
576,576,AUX_EVENT,aux_behavior,110592,0,110592,0,1,36864,0,0,0,0,0,1,0,589824
577,577,AUX_EVENT,aux_behavior,110592,0,110592,0,1,36864,0,0,0,0,0,1,0,589824
578,578,AUX_EVENT,aux_behavior,110592,0,110592,0,1,36864,0,0,0,0,0,1,0,589824
579,579,AUX_EVENT,aux_behavior,110592,0,110592,0,1,36864,0,0,0,0,0,1,0,589824
580,580,AUX_EVENT,aux_behavior,110592,0,110592,0,1,36864,0,0,0,0,0,1,0,589824
581,581,LAYOUT,layout_rtl,2016,0,2016,0,1,1008,0,0,0,0,0,1,0,16128
582,582,LAYOUT,layout_rtl,2016,0,2016,0,1,1008,0,0,0,0,0,1,0,16128
583,583,GEMM_W8A8,rtl_gemm,19760,19760,0,12544,6144,1008,64,1008,12386304,6193152,16,16128,589824,16128
584,584,AUX_EVENT,aux_behavior,3024,0,3024,0,1,1008,0,0,0,0,0,1,0,16128
585,585,AUX_EVENT,aux_behavior,3024,0,3024,0,1,1008,0,0,0,0,0,1,0,16128
586,586,AUX_EVENT,aux_behavior,3024,0,3024,0,1,1008,0,0,0,0,0,1,0,16128
587,587,AUX_EVENT,aux_behavior,3024,0,3024,0,1,1008,0,0,0,0,0,1,0,16128
588,588,AUX_EVENT,aux_behavior,3024,0,3024,0,1,1008,0,0,0,0,0,1,0,16128
589,589,AUX_EVENT,aux_behavior,3024,0,3024,0,1,1008,0,0,0,0,0,1,0,16128
590,590,AUX_EVENT,aux_behavior,3024,0,3024,0,1,1008,0,0,0,0,0,1,0,16128
591,591,AUX_EVENT,aux_behavior,110592,0,110592,0,1,36864,0,0,0,0,0,1,0,589824
592,592,AUX_EVENT,aux_behavior,110592,0,110592,0,1,36864,0,0,0,0,0,1,0,589824
593,593,AUX_EVENT,aux_behavior,110592,0,110592,0,1,36864,0,0,0,0,0,1,0,589824
594,594,AUX_EVENT,aux_behavior,110592,0,110592,0,1,36864,0,0,0,0,0,1,0,589824
595,595,AUX_EVENT,aux_behavior,110592,0,110592,0,1,36864,0,0,0,0,0,1,0,589824
596,596,AUX_EVENT,aux_behavior,110592,0,110592,0,1,36864,0,0,0,0,0,1,0,589824
597,597,AUX_EVENT,aux_behavior,110592,0,110592,0,1,36864,0,0,0,0,0,1,0,589824
598,598,AUX_EVENT,aux_behavior,110592,0,110592,0,1,36864,0,0,0,0,0,1,0,589824
599,599,LAYOUT,layout_rtl,2016,0,2016,0,1,1008,0,0,0,0,0,1,0,16128
600,600,LAYOUT,layout_rtl,2016,0,2016,0,1,1008,0,0,0,0,0,1,0,16128
601,601,AUX_EVENT,aux_behavior,3024,0,3024,0,1,1008,0,0,0,0,0,1,0,16128
602,602,LAYOUT,layout_rtl,2016,0,2016,0,1,1008,0,0,0,0,0,1,0,16128
603,603,LAYOUT,layout_rtl,2016,0,2016,0,1,1008,0,0,0,0,0,1,0,16128
604,604,GEMM_W8A8,rtl_gemm,19760,19760,0,12544,6144,1008,64,1008,12386304,6193152,16,16128,589824,16128
605,605,AUX_EVENT,aux_behavior,3024,0,3024,0,1,1008,0,0,0,0,0,1,0,16128
606,606,AUX_EVENT,aux_behavior,3024,0,3024,0,1,1008,0,0,0,0,0,1,0,16128
607,607,AUX_EVENT,aux_behavior,3024,0,3024,0,1,1008,0,0,0,0,0,1,0,16128
608,608,AUX_EVENT,aux_behavior,3024,0,3024,0,1,1008,0,0,0,0,0,1,0,16128
609,609,AUX_EVENT,aux_behavior,3024,0,3024,0,1,1008,0,0,0,0,0,1,0,16128
610,610,AUX_EVENT,aux_behavior,3024,0,3024,0,1,1008,0,0,0,0,0,1,0,16128
611,611,AUX_EVENT,aux_behavior,3024,0,3024,0,1,1008,0,0,0,0,0,1,0,16128
612,612,AUX_EVENT,aux_behavior,110592,0,110592,0,1,36864,0,0,0,0,0,1,0,589824
613,613,AUX_EVENT,aux_behavior,110592,0,110592,0,1,36864,0,0,0,0,0,1,0,589824
614,614,AUX_EVENT,aux_behavior,110592,0,110592,0,1,36864,0,0,0,0,0,1,0,589824
615,615,AUX_EVENT,aux_behavior,110592,0,110592,0,1,36864,0,0,0,0,0,1,0,589824
616,616,AUX_EVENT,aux_behavior,110592,0,110592,0,1,36864,0,0,0,0,0,1,0,589824
617,617,AUX_EVENT,aux_behavior,110592,0,110592,0,1,36864,0,0,0,0,0,1,0,589824
618,618,AUX_EVENT,aux_behavior,110592,0,110592,0,1,36864,0,0,0,0,0,1,0,589824
619,619,AUX_EVENT,aux_behavior,110592,0,110592,0,1,36864,0,0,0,0,0,1,0,589824
620,620,AUX_EVENT,aux_behavior,3024,0,3024,0,1,1008,0,0,0,0,0,1,0,16128
621,621,ADD,vector_rtl,2016,0,2016,0,1,1008,0,0,0,0,0,1,0,16128
622,622,LAYER_NORM,vector_rtl,2016,0,2016,0,1,1008,0,0,0,0,0,1,0,16128
623,623,GEMM_W8A8,rtl_gemm,1013,1013,0,0,1,1008,4,1008,0,0,0,0,0,16128
624,624,AUX_EVENT,aux_behavior,3024,0,3024,0,1,1008,0,0,0,0,0,1,0,16128
625,625,AUX_EVENT,aux_behavior,3024,0,3024,0,1,1008,0,0,0,0,0,1,0,16128
626,626,AUX_EVENT,aux_behavior,3024,0,3024,0,1,1008,0,0,0,0,0,1,0,16128
627,627,AUX_EVENT,aux_behavior,3024,0,3024,0,1,1008,0,0,0,0,0,1,0,16128
628,628,AUX_EVENT,aux_behavior,3024,0,3024,0,1,1008,0,0,0,0,0,1,0,16128
629,629,AUX_EVENT,aux_behavior,3024,0,3024,0,1,1008,0,0,0,0,0,1,0,16128
630,630,AUX_EVENT,aux_behavior,3024,0,3024,0,1,1008,0,0,0,0,0,1,0,16128
631,631,AUX_EVENT,aux_behavior,442368,0,442368,0,1,147456,0,0,0,0,0,1,0,2359296
632,632,AUX_EVENT,aux_behavior,442368,0,442368,0,1,147456,0,0,0,0,0,1,0,2359296
633,633,AUX_EVENT,aux_behavior,442368,0,442368,0,1,147456,0,0,0,0,0,1,0,2359296
634,634,AUX_EVENT,aux_behavior,442368,0,442368,0,1,147456,0,0,0,0,0,1,0,2359296
635,635,AUX_EVENT,aux_behavior,442368,0,442368,0,1,147456,0,0,0,0,0,1,0,2359296
636,636,AUX_EVENT,aux_behavior,442368,0,442368,0,1,147456,0,0,0,0,0,1,0,2359296
637,637,AUX_EVENT,aux_behavior,442368,0,442368,0,1,147456,0,0,0,0,0,1,0,2359296
638,638,AUX_EVENT,aux_behavior,442368,0,442368,0,1,147456,0,0,0,0,0,1,0,2359296
639,639,GELU,vector_rtl,8064,0,8064,0,1,4032,0,0,0,0,0,1,0,64512
640,640,GEMM_W8A8,rtl_gemm,4037,4037,0,0,1,4032,4,4032,0,0,0,0,0,64512
641,641,AUX_EVENT,aux_behavior,12096,0,12096,0,1,4032,0,0,0,0,0,1,0,64512
642,642,AUX_EVENT,aux_behavior,12096,0,12096,0,1,4032,0,0,0,0,0,1,0,64512
643,643,AUX_EVENT,aux_behavior,12096,0,12096,0,1,4032,0,0,0,0,0,1,0,64512
644,644,AUX_EVENT,aux_behavior,12096,0,12096,0,1,4032,0,0,0,0,0,1,0,64512
645,645,AUX_EVENT,aux_behavior,12096,0,12096,0,1,4032,0,0,0,0,0,1,0,64512
646,646,AUX_EVENT,aux_behavior,12096,0,12096,0,1,4032,0,0,0,0,0,1,0,64512
647,647,AUX_EVENT,aux_behavior,12096,0,12096,0,1,4032,0,0,0,0,0,1,0,64512
648,648,AUX_EVENT,aux_behavior,442368,0,442368,0,1,147456,0,0,0,0,0,1,0,2359296
649,649,AUX_EVENT,aux_behavior,442368,0,442368,0,1,147456,0,0,0,0,0,1,0,2359296
650,650,AUX_EVENT,aux_behavior,442368,0,442368,0,1,147456,0,0,0,0,0,1,0,2359296
651,651,AUX_EVENT,aux_behavior,442368,0,442368,0,1,147456,0,0,0,0,0,1,0,2359296
652,652,AUX_EVENT,aux_behavior,442368,0,442368,0,1,147456,0,0,0,0,0,1,0,2359296
653,653,AUX_EVENT,aux_behavior,442368,0,442368,0,1,147456,0,0,0,0,0,1,0,2359296
654,654,AUX_EVENT,aux_behavior,442368,0,442368,0,1,147456,0,0,0,0,0,1,0,2359296
655,655,AUX_EVENT,aux_behavior,442368,0,442368,0,1,147456,0,0,0,0,0,1,0,2359296
656,656,AUX_EVENT,aux_behavior,3024,0,3024,0,1,1008,0,0,0,0,0,1,0,16128
657,657,ADD,vector_rtl,2016,0,2016,0,1,1008,0,0,0,0,0,1,0,16128
658,658,LAYER_NORM,vector_rtl,2016,0,2016,0,1,1008,0,0,0,0,0,1,0,16128
659,659,GEMM_W8A8,rtl_gemm,19760,19760,0,12544,6144,1008,64,1008,12386304,6193152,16,16128,589824,16128
660,660,AUX_EVENT,aux_behavior,3024,0,3024,0,1,1008,0,0,0,0,0,1,0,16128
661,661,AUX_EVENT,aux_behavior,3024,0,3024,0,1,1008,0,0,0,0,0,1,0,16128
662,662,AUX_EVENT,aux_behavior,3024,0,3024,0,1,1008,0,0,0,0,0,1,0,16128
663,663,AUX_EVENT,aux_behavior,3024,0,3024,0,1,1008,0,0,0,0,0,1,0,16128
664,664,AUX_EVENT,aux_behavior,3024,0,3024,0,1,1008,0,0,0,0,0,1,0,16128
665,665,AUX_EVENT,aux_behavior,3024,0,3024,0,1,1008,0,0,0,0,0,1,0,16128
666,666,AUX_EVENT,aux_behavior,3024,0,3024,0,1,1008,0,0,0,0,0,1,0,16128
667,667,AUX_EVENT,aux_behavior,110592,0,110592,0,1,36864,0,0,0,0,0,1,0,589824
668,668,AUX_EVENT,aux_behavior,110592,0,110592,0,1,36864,0,0,0,0,0,1,0,589824
669,669,AUX_EVENT,aux_behavior,110592,0,110592,0,1,36864,0,0,0,0,0,1,0,589824
670,670,AUX_EVENT,aux_behavior,110592,0,110592,0,1,36864,0,0,0,0,0,1,0,589824
671,671,AUX_EVENT,aux_behavior,110592,0,110592,0,1,36864,0,0,0,0,0,1,0,589824
672,672,AUX_EVENT,aux_behavior,110592,0,110592,0,1,36864,0,0,0,0,0,1,0,589824
673,673,AUX_EVENT,aux_behavior,110592,0,110592,0,1,36864,0,0,0,0,0,1,0,589824
674,674,AUX_EVENT,aux_behavior,110592,0,110592,0,1,36864,0,0,0,0,0,1,0,589824
675,675,LAYOUT,layout_rtl,2016,0,2016,0,1,1008,0,0,0,0,0,1,0,16128
676,676,LAYOUT,layout_rtl,2016,0,2016,0,1,1008,0,0,0,0,0,1,0,16128
677,677,GEMM_W8A8,rtl_gemm,19760,19760,0,12544,6144,1008,64,1008,12386304,6193152,16,16128,589824,16128
678,678,AUX_EVENT,aux_behavior,3024,0,3024,0,1,1008,0,0,0,0,0,1,0,16128
679,679,AUX_EVENT,aux_behavior,3024,0,3024,0,1,1008,0,0,0,0,0,1,0,16128
680,680,AUX_EVENT,aux_behavior,3024,0,3024,0,1,1008,0,0,0,0,0,1,0,16128
681,681,AUX_EVENT,aux_behavior,3024,0,3024,0,1,1008,0,0,0,0,0,1,0,16128
682,682,AUX_EVENT,aux_behavior,3024,0,3024,0,1,1008,0,0,0,0,0,1,0,16128
683,683,AUX_EVENT,aux_behavior,3024,0,3024,0,1,1008,0,0,0,0,0,1,0,16128
684,684,AUX_EVENT,aux_behavior,3024,0,3024,0,1,1008,0,0,0,0,0,1,0,16128
685,685,AUX_EVENT,aux_behavior,110592,0,110592,0,1,36864,0,0,0,0,0,1,0,589824
686,686,AUX_EVENT,aux_behavior,110592,0,110592,0,1,36864,0,0,0,0,0,1,0,589824
687,687,AUX_EVENT,aux_behavior,110592,0,110592,0,1,36864,0,0,0,0,0,1,0,589824
688,688,AUX_EVENT,aux_behavior,110592,0,110592,0,1,36864,0,0,0,0,0,1,0,589824
689,689,AUX_EVENT,aux_behavior,110592,0,110592,0,1,36864,0,0,0,0,0,1,0,589824
690,690,AUX_EVENT,aux_behavior,110592,0,110592,0,1,36864,0,0,0,0,0,1,0,589824
691,691,AUX_EVENT,aux_behavior,110592,0,110592,0,1,36864,0,0,0,0,0,1,0,589824
692,692,AUX_EVENT,aux_behavior,110592,0,110592,0,1,36864,0,0,0,0,0,1,0,589824
693,693,LAYOUT,layout_rtl,2016,0,2016,0,1,1008,0,0,0,0,0,1,0,16128
694,694,LAYOUT,layout_rtl,2016,0,2016,0,1,1008,0,0,0,0,0,1,0,16128
695,695,GEMM_W8A8,rtl_gemm,19760,19760,0,12544,6144,1008,64,1008,12386304,6193152,16,16128,589824,16128
696,696,AUX_EVENT,aux_behavior,3024,0,3024,0,1,1008,0,0,0,0,0,1,0,16128
697,697,AUX_EVENT,aux_behavior,3024,0,3024,0,1,1008,0,0,0,0,0,1,0,16128
698,698,AUX_EVENT,aux_behavior,3024,0,3024,0,1,1008,0,0,0,0,0,1,0,16128
699,699,AUX_EVENT,aux_behavior,3024,0,3024,0,1,1008,0,0,0,0,0,1,0,16128
700,700,AUX_EVENT,aux_behavior,3024,0,3024,0,1,1008,0,0,0,0,0,1,0,16128
701,701,AUX_EVENT,aux_behavior,3024,0,3024,0,1,1008,0,0,0,0,0,1,0,16128
702,702,AUX_EVENT,aux_behavior,3024,0,3024,0,1,1008,0,0,0,0,0,1,0,16128
703,703,AUX_EVENT,aux_behavior,110592,0,110592,0,1,36864,0,0,0,0,0,1,0,589824
704,704,AUX_EVENT,aux_behavior,110592,0,110592,0,1,36864,0,0,0,0,0,1,0,589824
705,705,AUX_EVENT,aux_behavior,110592,0,110592,0,1,36864,0,0,0,0,0,1,0,589824
706,706,AUX_EVENT,aux_behavior,110592,0,110592,0,1,36864,0,0,0,0,0,1,0,589824
707,707,AUX_EVENT,aux_behavior,110592,0,110592,0,1,36864,0,0,0,0,0,1,0,589824
708,708,AUX_EVENT,aux_behavior,110592,0,110592,0,1,36864,0,0,0,0,0,1,0,589824
709,709,AUX_EVENT,aux_behavior,110592,0,110592,0,1,36864,0,0,0,0,0,1,0,589824
710,710,AUX_EVENT,aux_behavior,110592,0,110592,0,1,36864,0,0,0,0,0,1,0,589824
711,711,LAYOUT,layout_rtl,2016,0,2016,0,1,1008,0,0,0,0,0,1,0,16128
712,712,LAYOUT,layout_rtl,2016,0,2016,0,1,1008,0,0,0,0,0,1,0,16128
713,713,AUX_EVENT,aux_behavior,3024,0,3024,0,1,1008,0,0,0,0,0,1,0,16128
714,714,LAYOUT,layout_rtl,2016,0,2016,0,1,1008,0,0,0,0,0,1,0,16128
715,715,LAYOUT,layout_rtl,2016,0,2016,0,1,1008,0,0,0,0,0,1,0,16128
716,716,GEMM_W8A8,rtl_gemm,19760,19760,0,12544,6144,1008,64,1008,12386304,6193152,16,16128,589824,16128
717,717,AUX_EVENT,aux_behavior,3024,0,3024,0,1,1008,0,0,0,0,0,1,0,16128
718,718,AUX_EVENT,aux_behavior,3024,0,3024,0,1,1008,0,0,0,0,0,1,0,16128
719,719,AUX_EVENT,aux_behavior,3024,0,3024,0,1,1008,0,0,0,0,0,1,0,16128
720,720,AUX_EVENT,aux_behavior,3024,0,3024,0,1,1008,0,0,0,0,0,1,0,16128
721,721,AUX_EVENT,aux_behavior,3024,0,3024,0,1,1008,0,0,0,0,0,1,0,16128
722,722,AUX_EVENT,aux_behavior,3024,0,3024,0,1,1008,0,0,0,0,0,1,0,16128
723,723,AUX_EVENT,aux_behavior,3024,0,3024,0,1,1008,0,0,0,0,0,1,0,16128
724,724,AUX_EVENT,aux_behavior,110592,0,110592,0,1,36864,0,0,0,0,0,1,0,589824
725,725,AUX_EVENT,aux_behavior,110592,0,110592,0,1,36864,0,0,0,0,0,1,0,589824
726,726,AUX_EVENT,aux_behavior,110592,0,110592,0,1,36864,0,0,0,0,0,1,0,589824
727,727,AUX_EVENT,aux_behavior,110592,0,110592,0,1,36864,0,0,0,0,0,1,0,589824
728,728,AUX_EVENT,aux_behavior,110592,0,110592,0,1,36864,0,0,0,0,0,1,0,589824
729,729,AUX_EVENT,aux_behavior,110592,0,110592,0,1,36864,0,0,0,0,0,1,0,589824
730,730,AUX_EVENT,aux_behavior,110592,0,110592,0,1,36864,0,0,0,0,0,1,0,589824
731,731,AUX_EVENT,aux_behavior,110592,0,110592,0,1,36864,0,0,0,0,0,1,0,589824
732,732,AUX_EVENT,aux_behavior,3024,0,3024,0,1,1008,0,0,0,0,0,1,0,16128
733,733,ADD,vector_rtl,2016,0,2016,0,1,1008,0,0,0,0,0,1,0,16128
734,734,LAYER_NORM,vector_rtl,2016,0,2016,0,1,1008,0,0,0,0,0,1,0,16128
735,735,GEMM_W8A8,rtl_gemm,1013,1013,0,0,1,1008,4,1008,0,0,0,0,0,16128
736,736,AUX_EVENT,aux_behavior,3024,0,3024,0,1,1008,0,0,0,0,0,1,0,16128
737,737,AUX_EVENT,aux_behavior,3024,0,3024,0,1,1008,0,0,0,0,0,1,0,16128
738,738,AUX_EVENT,aux_behavior,3024,0,3024,0,1,1008,0,0,0,0,0,1,0,16128
739,739,AUX_EVENT,aux_behavior,3024,0,3024,0,1,1008,0,0,0,0,0,1,0,16128
740,740,AUX_EVENT,aux_behavior,3024,0,3024,0,1,1008,0,0,0,0,0,1,0,16128
741,741,AUX_EVENT,aux_behavior,3024,0,3024,0,1,1008,0,0,0,0,0,1,0,16128
742,742,AUX_EVENT,aux_behavior,3024,0,3024,0,1,1008,0,0,0,0,0,1,0,16128
743,743,AUX_EVENT,aux_behavior,442368,0,442368,0,1,147456,0,0,0,0,0,1,0,2359296
744,744,AUX_EVENT,aux_behavior,442368,0,442368,0,1,147456,0,0,0,0,0,1,0,2359296
745,745,AUX_EVENT,aux_behavior,442368,0,442368,0,1,147456,0,0,0,0,0,1,0,2359296
746,746,AUX_EVENT,aux_behavior,442368,0,442368,0,1,147456,0,0,0,0,0,1,0,2359296
747,747,AUX_EVENT,aux_behavior,442368,0,442368,0,1,147456,0,0,0,0,0,1,0,2359296
748,748,AUX_EVENT,aux_behavior,442368,0,442368,0,1,147456,0,0,0,0,0,1,0,2359296
749,749,AUX_EVENT,aux_behavior,442368,0,442368,0,1,147456,0,0,0,0,0,1,0,2359296
750,750,AUX_EVENT,aux_behavior,442368,0,442368,0,1,147456,0,0,0,0,0,1,0,2359296
751,751,GELU,vector_rtl,8064,0,8064,0,1,4032,0,0,0,0,0,1,0,64512
752,752,GEMM_W8A8,rtl_gemm,4037,4037,0,0,1,4032,4,4032,0,0,0,0,0,64512
753,753,AUX_EVENT,aux_behavior,12096,0,12096,0,1,4032,0,0,0,0,0,1,0,64512
754,754,AUX_EVENT,aux_behavior,12096,0,12096,0,1,4032,0,0,0,0,0,1,0,64512
755,755,AUX_EVENT,aux_behavior,12096,0,12096,0,1,4032,0,0,0,0,0,1,0,64512
756,756,AUX_EVENT,aux_behavior,12096,0,12096,0,1,4032,0,0,0,0,0,1,0,64512
757,757,AUX_EVENT,aux_behavior,12096,0,12096,0,1,4032,0,0,0,0,0,1,0,64512
758,758,AUX_EVENT,aux_behavior,12096,0,12096,0,1,4032,0,0,0,0,0,1,0,64512
759,759,AUX_EVENT,aux_behavior,12096,0,12096,0,1,4032,0,0,0,0,0,1,0,64512
760,760,AUX_EVENT,aux_behavior,442368,0,442368,0,1,147456,0,0,0,0,0,1,0,2359296
761,761,AUX_EVENT,aux_behavior,442368,0,442368,0,1,147456,0,0,0,0,0,1,0,2359296
762,762,AUX_EVENT,aux_behavior,442368,0,442368,0,1,147456,0,0,0,0,0,1,0,2359296
763,763,AUX_EVENT,aux_behavior,442368,0,442368,0,1,147456,0,0,0,0,0,1,0,2359296
764,764,AUX_EVENT,aux_behavior,442368,0,442368,0,1,147456,0,0,0,0,0,1,0,2359296
765,765,AUX_EVENT,aux_behavior,442368,0,442368,0,1,147456,0,0,0,0,0,1,0,2359296
766,766,AUX_EVENT,aux_behavior,442368,0,442368,0,1,147456,0,0,0,0,0,1,0,2359296
767,767,AUX_EVENT,aux_behavior,442368,0,442368,0,1,147456,0,0,0,0,0,1,0,2359296
768,768,AUX_EVENT,aux_behavior,3024,0,3024,0,1,1008,0,0,0,0,0,1,0,16128
769,769,ADD,vector_rtl,2016,0,2016,0,1,1008,0,0,0,0,0,1,0,16128
770,770,LAYER_NORM,vector_rtl,2016,0,2016,0,1,1008,0,0,0,0,0,1,0,16128
771,771,GEMM_W8A8,rtl_gemm,19760,19760,0,12544,6144,1008,64,1008,12386304,6193152,16,16128,589824,16128
772,772,AUX_EVENT,aux_behavior,3024,0,3024,0,1,1008,0,0,0,0,0,1,0,16128
773,773,AUX_EVENT,aux_behavior,3024,0,3024,0,1,1008,0,0,0,0,0,1,0,16128
774,774,AUX_EVENT,aux_behavior,3024,0,3024,0,1,1008,0,0,0,0,0,1,0,16128
775,775,AUX_EVENT,aux_behavior,3024,0,3024,0,1,1008,0,0,0,0,0,1,0,16128
776,776,AUX_EVENT,aux_behavior,3024,0,3024,0,1,1008,0,0,0,0,0,1,0,16128
777,777,AUX_EVENT,aux_behavior,3024,0,3024,0,1,1008,0,0,0,0,0,1,0,16128
778,778,AUX_EVENT,aux_behavior,3024,0,3024,0,1,1008,0,0,0,0,0,1,0,16128
779,779,AUX_EVENT,aux_behavior,110592,0,110592,0,1,36864,0,0,0,0,0,1,0,589824
780,780,AUX_EVENT,aux_behavior,110592,0,110592,0,1,36864,0,0,0,0,0,1,0,589824
781,781,AUX_EVENT,aux_behavior,110592,0,110592,0,1,36864,0,0,0,0,0,1,0,589824
782,782,AUX_EVENT,aux_behavior,110592,0,110592,0,1,36864,0,0,0,0,0,1,0,589824
783,783,AUX_EVENT,aux_behavior,110592,0,110592,0,1,36864,0,0,0,0,0,1,0,589824
784,784,AUX_EVENT,aux_behavior,110592,0,110592,0,1,36864,0,0,0,0,0,1,0,589824
785,785,AUX_EVENT,aux_behavior,110592,0,110592,0,1,36864,0,0,0,0,0,1,0,589824
786,786,AUX_EVENT,aux_behavior,110592,0,110592,0,1,36864,0,0,0,0,0,1,0,589824
787,787,LAYOUT,layout_rtl,2016,0,2016,0,1,1008,0,0,0,0,0,1,0,16128
788,788,LAYOUT,layout_rtl,2016,0,2016,0,1,1008,0,0,0,0,0,1,0,16128
789,789,GEMM_W8A8,rtl_gemm,19760,19760,0,12544,6144,1008,64,1008,12386304,6193152,16,16128,589824,16128
790,790,AUX_EVENT,aux_behavior,3024,0,3024,0,1,1008,0,0,0,0,0,1,0,16128
791,791,AUX_EVENT,aux_behavior,3024,0,3024,0,1,1008,0,0,0,0,0,1,0,16128
792,792,AUX_EVENT,aux_behavior,3024,0,3024,0,1,1008,0,0,0,0,0,1,0,16128
793,793,AUX_EVENT,aux_behavior,3024,0,3024,0,1,1008,0,0,0,0,0,1,0,16128
794,794,AUX_EVENT,aux_behavior,3024,0,3024,0,1,1008,0,0,0,0,0,1,0,16128
795,795,AUX_EVENT,aux_behavior,3024,0,3024,0,1,1008,0,0,0,0,0,1,0,16128
796,796,AUX_EVENT,aux_behavior,3024,0,3024,0,1,1008,0,0,0,0,0,1,0,16128
797,797,AUX_EVENT,aux_behavior,110592,0,110592,0,1,36864,0,0,0,0,0,1,0,589824
798,798,AUX_EVENT,aux_behavior,110592,0,110592,0,1,36864,0,0,0,0,0,1,0,589824
799,799,AUX_EVENT,aux_behavior,110592,0,110592,0,1,36864,0,0,0,0,0,1,0,589824
800,800,AUX_EVENT,aux_behavior,110592,0,110592,0,1,36864,0,0,0,0,0,1,0,589824
801,801,AUX_EVENT,aux_behavior,110592,0,110592,0,1,36864,0,0,0,0,0,1,0,589824
802,802,AUX_EVENT,aux_behavior,110592,0,110592,0,1,36864,0,0,0,0,0,1,0,589824
803,803,AUX_EVENT,aux_behavior,110592,0,110592,0,1,36864,0,0,0,0,0,1,0,589824
804,804,AUX_EVENT,aux_behavior,110592,0,110592,0,1,36864,0,0,0,0,0,1,0,589824
805,805,LAYOUT,layout_rtl,2016,0,2016,0,1,1008,0,0,0,0,0,1,0,16128
806,806,LAYOUT,layout_rtl,2016,0,2016,0,1,1008,0,0,0,0,0,1,0,16128
807,807,GEMM_W8A8,rtl_gemm,19760,19760,0,12544,6144,1008,64,1008,12386304,6193152,16,16128,589824,16128
808,808,AUX_EVENT,aux_behavior,3024,0,3024,0,1,1008,0,0,0,0,0,1,0,16128
809,809,AUX_EVENT,aux_behavior,3024,0,3024,0,1,1008,0,0,0,0,0,1,0,16128
810,810,AUX_EVENT,aux_behavior,3024,0,3024,0,1,1008,0,0,0,0,0,1,0,16128
811,811,AUX_EVENT,aux_behavior,3024,0,3024,0,1,1008,0,0,0,0,0,1,0,16128
812,812,AUX_EVENT,aux_behavior,3024,0,3024,0,1,1008,0,0,0,0,0,1,0,16128
813,813,AUX_EVENT,aux_behavior,3024,0,3024,0,1,1008,0,0,0,0,0,1,0,16128
814,814,AUX_EVENT,aux_behavior,3024,0,3024,0,1,1008,0,0,0,0,0,1,0,16128
815,815,AUX_EVENT,aux_behavior,110592,0,110592,0,1,36864,0,0,0,0,0,1,0,589824
816,816,AUX_EVENT,aux_behavior,110592,0,110592,0,1,36864,0,0,0,0,0,1,0,589824
817,817,AUX_EVENT,aux_behavior,110592,0,110592,0,1,36864,0,0,0,0,0,1,0,589824
818,818,AUX_EVENT,aux_behavior,110592,0,110592,0,1,36864,0,0,0,0,0,1,0,589824
819,819,AUX_EVENT,aux_behavior,110592,0,110592,0,1,36864,0,0,0,0,0,1,0,589824
820,820,AUX_EVENT,aux_behavior,110592,0,110592,0,1,36864,0,0,0,0,0,1,0,589824
821,821,AUX_EVENT,aux_behavior,110592,0,110592,0,1,36864,0,0,0,0,0,1,0,589824
822,822,AUX_EVENT,aux_behavior,110592,0,110592,0,1,36864,0,0,0,0,0,1,0,589824
823,823,LAYOUT,layout_rtl,2016,0,2016,0,1,1008,0,0,0,0,0,1,0,16128
824,824,LAYOUT,layout_rtl,2016,0,2016,0,1,1008,0,0,0,0,0,1,0,16128
825,825,AUX_EVENT,aux_behavior,3024,0,3024,0,1,1008,0,0,0,0,0,1,0,16128
826,826,LAYOUT,layout_rtl,2016,0,2016,0,1,1008,0,0,0,0,0,1,0,16128
827,827,LAYOUT,layout_rtl,2016,0,2016,0,1,1008,0,0,0,0,0,1,0,16128
828,828,GEMM_W8A8,rtl_gemm,19760,19760,0,12544,6144,1008,64,1008,12386304,6193152,16,16128,589824,16128
829,829,AUX_EVENT,aux_behavior,3024,0,3024,0,1,1008,0,0,0,0,0,1,0,16128
830,830,AUX_EVENT,aux_behavior,3024,0,3024,0,1,1008,0,0,0,0,0,1,0,16128
831,831,AUX_EVENT,aux_behavior,3024,0,3024,0,1,1008,0,0,0,0,0,1,0,16128
832,832,AUX_EVENT,aux_behavior,3024,0,3024,0,1,1008,0,0,0,0,0,1,0,16128
833,833,AUX_EVENT,aux_behavior,3024,0,3024,0,1,1008,0,0,0,0,0,1,0,16128
834,834,AUX_EVENT,aux_behavior,3024,0,3024,0,1,1008,0,0,0,0,0,1,0,16128
835,835,AUX_EVENT,aux_behavior,3024,0,3024,0,1,1008,0,0,0,0,0,1,0,16128
836,836,AUX_EVENT,aux_behavior,110592,0,110592,0,1,36864,0,0,0,0,0,1,0,589824
837,837,AUX_EVENT,aux_behavior,110592,0,110592,0,1,36864,0,0,0,0,0,1,0,589824
838,838,AUX_EVENT,aux_behavior,110592,0,110592,0,1,36864,0,0,0,0,0,1,0,589824
839,839,AUX_EVENT,aux_behavior,110592,0,110592,0,1,36864,0,0,0,0,0,1,0,589824
840,840,AUX_EVENT,aux_behavior,110592,0,110592,0,1,36864,0,0,0,0,0,1,0,589824
841,841,AUX_EVENT,aux_behavior,110592,0,110592,0,1,36864,0,0,0,0,0,1,0,589824
842,842,AUX_EVENT,aux_behavior,110592,0,110592,0,1,36864,0,0,0,0,0,1,0,589824
843,843,AUX_EVENT,aux_behavior,110592,0,110592,0,1,36864,0,0,0,0,0,1,0,589824
844,844,AUX_EVENT,aux_behavior,3024,0,3024,0,1,1008,0,0,0,0,0,1,0,16128
845,845,ADD,vector_rtl,2016,0,2016,0,1,1008,0,0,0,0,0,1,0,16128
846,846,LAYER_NORM,vector_rtl,2016,0,2016,0,1,1008,0,0,0,0,0,1,0,16128
847,847,GEMM_W8A8,rtl_gemm,1013,1013,0,0,1,1008,4,1008,0,0,0,0,0,16128
848,848,AUX_EVENT,aux_behavior,3024,0,3024,0,1,1008,0,0,0,0,0,1,0,16128
849,849,AUX_EVENT,aux_behavior,3024,0,3024,0,1,1008,0,0,0,0,0,1,0,16128
850,850,AUX_EVENT,aux_behavior,3024,0,3024,0,1,1008,0,0,0,0,0,1,0,16128
851,851,AUX_EVENT,aux_behavior,3024,0,3024,0,1,1008,0,0,0,0,0,1,0,16128
852,852,AUX_EVENT,aux_behavior,3024,0,3024,0,1,1008,0,0,0,0,0,1,0,16128
853,853,AUX_EVENT,aux_behavior,3024,0,3024,0,1,1008,0,0,0,0,0,1,0,16128
854,854,AUX_EVENT,aux_behavior,3024,0,3024,0,1,1008,0,0,0,0,0,1,0,16128
855,855,AUX_EVENT,aux_behavior,442368,0,442368,0,1,147456,0,0,0,0,0,1,0,2359296
856,856,AUX_EVENT,aux_behavior,442368,0,442368,0,1,147456,0,0,0,0,0,1,0,2359296
857,857,AUX_EVENT,aux_behavior,442368,0,442368,0,1,147456,0,0,0,0,0,1,0,2359296
858,858,AUX_EVENT,aux_behavior,442368,0,442368,0,1,147456,0,0,0,0,0,1,0,2359296
859,859,AUX_EVENT,aux_behavior,442368,0,442368,0,1,147456,0,0,0,0,0,1,0,2359296
860,860,AUX_EVENT,aux_behavior,442368,0,442368,0,1,147456,0,0,0,0,0,1,0,2359296
861,861,AUX_EVENT,aux_behavior,442368,0,442368,0,1,147456,0,0,0,0,0,1,0,2359296
862,862,AUX_EVENT,aux_behavior,442368,0,442368,0,1,147456,0,0,0,0,0,1,0,2359296
863,863,GELU,vector_rtl,8064,0,8064,0,1,4032,0,0,0,0,0,1,0,64512
864,864,GEMM_W8A8,rtl_gemm,4037,4037,0,0,1,4032,4,4032,0,0,0,0,0,64512
865,865,AUX_EVENT,aux_behavior,12096,0,12096,0,1,4032,0,0,0,0,0,1,0,64512
866,866,AUX_EVENT,aux_behavior,12096,0,12096,0,1,4032,0,0,0,0,0,1,0,64512
867,867,AUX_EVENT,aux_behavior,12096,0,12096,0,1,4032,0,0,0,0,0,1,0,64512
868,868,AUX_EVENT,aux_behavior,12096,0,12096,0,1,4032,0,0,0,0,0,1,0,64512
869,869,AUX_EVENT,aux_behavior,12096,0,12096,0,1,4032,0,0,0,0,0,1,0,64512
870,870,AUX_EVENT,aux_behavior,12096,0,12096,0,1,4032,0,0,0,0,0,1,0,64512
871,871,AUX_EVENT,aux_behavior,12096,0,12096,0,1,4032,0,0,0,0,0,1,0,64512
872,872,AUX_EVENT,aux_behavior,442368,0,442368,0,1,147456,0,0,0,0,0,1,0,2359296
873,873,AUX_EVENT,aux_behavior,442368,0,442368,0,1,147456,0,0,0,0,0,1,0,2359296
874,874,AUX_EVENT,aux_behavior,442368,0,442368,0,1,147456,0,0,0,0,0,1,0,2359296
875,875,AUX_EVENT,aux_behavior,442368,0,442368,0,1,147456,0,0,0,0,0,1,0,2359296
876,876,AUX_EVENT,aux_behavior,442368,0,442368,0,1,147456,0,0,0,0,0,1,0,2359296
877,877,AUX_EVENT,aux_behavior,442368,0,442368,0,1,147456,0,0,0,0,0,1,0,2359296
878,878,AUX_EVENT,aux_behavior,442368,0,442368,0,1,147456,0,0,0,0,0,1,0,2359296
879,879,AUX_EVENT,aux_behavior,442368,0,442368,0,1,147456,0,0,0,0,0,1,0,2359296
880,880,AUX_EVENT,aux_behavior,3024,0,3024,0,1,1008,0,0,0,0,0,1,0,16128
881,881,ADD,vector_rtl,2016,0,2016,0,1,1008,0,0,0,0,0,1,0,16128
882,882,LAYER_NORM,vector_rtl,2016,0,2016,0,1,1008,0,0,0,0,0,1,0,16128
883,883,GEMM_W8A8,rtl_gemm,19760,19760,0,12544,6144,1008,64,1008,12386304,6193152,16,16128,589824,16128
884,884,AUX_EVENT,aux_behavior,3024,0,3024,0,1,1008,0,0,0,0,0,1,0,16128
885,885,AUX_EVENT,aux_behavior,3024,0,3024,0,1,1008,0,0,0,0,0,1,0,16128
886,886,AUX_EVENT,aux_behavior,3024,0,3024,0,1,1008,0,0,0,0,0,1,0,16128
887,887,AUX_EVENT,aux_behavior,3024,0,3024,0,1,1008,0,0,0,0,0,1,0,16128
888,888,AUX_EVENT,aux_behavior,3024,0,3024,0,1,1008,0,0,0,0,0,1,0,16128
889,889,AUX_EVENT,aux_behavior,3024,0,3024,0,1,1008,0,0,0,0,0,1,0,16128
890,890,AUX_EVENT,aux_behavior,3024,0,3024,0,1,1008,0,0,0,0,0,1,0,16128
891,891,AUX_EVENT,aux_behavior,110592,0,110592,0,1,36864,0,0,0,0,0,1,0,589824
892,892,AUX_EVENT,aux_behavior,110592,0,110592,0,1,36864,0,0,0,0,0,1,0,589824
893,893,AUX_EVENT,aux_behavior,110592,0,110592,0,1,36864,0,0,0,0,0,1,0,589824
894,894,AUX_EVENT,aux_behavior,110592,0,110592,0,1,36864,0,0,0,0,0,1,0,589824
895,895,AUX_EVENT,aux_behavior,110592,0,110592,0,1,36864,0,0,0,0,0,1,0,589824
896,896,AUX_EVENT,aux_behavior,110592,0,110592,0,1,36864,0,0,0,0,0,1,0,589824
897,897,AUX_EVENT,aux_behavior,110592,0,110592,0,1,36864,0,0,0,0,0,1,0,589824
898,898,AUX_EVENT,aux_behavior,110592,0,110592,0,1,36864,0,0,0,0,0,1,0,589824
899,899,LAYOUT,layout_rtl,2016,0,2016,0,1,1008,0,0,0,0,0,1,0,16128
900,900,LAYOUT,layout_rtl,2016,0,2016,0,1,1008,0,0,0,0,0,1,0,16128
901,901,GEMM_W8A8,rtl_gemm,19760,19760,0,12544,6144,1008,64,1008,12386304,6193152,16,16128,589824,16128
902,902,AUX_EVENT,aux_behavior,3024,0,3024,0,1,1008,0,0,0,0,0,1,0,16128
903,903,AUX_EVENT,aux_behavior,3024,0,3024,0,1,1008,0,0,0,0,0,1,0,16128
904,904,AUX_EVENT,aux_behavior,3024,0,3024,0,1,1008,0,0,0,0,0,1,0,16128
905,905,AUX_EVENT,aux_behavior,3024,0,3024,0,1,1008,0,0,0,0,0,1,0,16128
906,906,AUX_EVENT,aux_behavior,3024,0,3024,0,1,1008,0,0,0,0,0,1,0,16128
907,907,AUX_EVENT,aux_behavior,3024,0,3024,0,1,1008,0,0,0,0,0,1,0,16128
908,908,AUX_EVENT,aux_behavior,3024,0,3024,0,1,1008,0,0,0,0,0,1,0,16128
909,909,AUX_EVENT,aux_behavior,110592,0,110592,0,1,36864,0,0,0,0,0,1,0,589824
910,910,AUX_EVENT,aux_behavior,110592,0,110592,0,1,36864,0,0,0,0,0,1,0,589824
911,911,AUX_EVENT,aux_behavior,110592,0,110592,0,1,36864,0,0,0,0,0,1,0,589824
912,912,AUX_EVENT,aux_behavior,110592,0,110592,0,1,36864,0,0,0,0,0,1,0,589824
913,913,AUX_EVENT,aux_behavior,110592,0,110592,0,1,36864,0,0,0,0,0,1,0,589824
914,914,AUX_EVENT,aux_behavior,110592,0,110592,0,1,36864,0,0,0,0,0,1,0,589824
915,915,AUX_EVENT,aux_behavior,110592,0,110592,0,1,36864,0,0,0,0,0,1,0,589824
916,916,AUX_EVENT,aux_behavior,110592,0,110592,0,1,36864,0,0,0,0,0,1,0,589824
917,917,LAYOUT,layout_rtl,2016,0,2016,0,1,1008,0,0,0,0,0,1,0,16128
918,918,LAYOUT,layout_rtl,2016,0,2016,0,1,1008,0,0,0,0,0,1,0,16128
919,919,GEMM_W8A8,rtl_gemm,19760,19760,0,12544,6144,1008,64,1008,12386304,6193152,16,16128,589824,16128
920,920,AUX_EVENT,aux_behavior,3024,0,3024,0,1,1008,0,0,0,0,0,1,0,16128
921,921,AUX_EVENT,aux_behavior,3024,0,3024,0,1,1008,0,0,0,0,0,1,0,16128
922,922,AUX_EVENT,aux_behavior,3024,0,3024,0,1,1008,0,0,0,0,0,1,0,16128
923,923,AUX_EVENT,aux_behavior,3024,0,3024,0,1,1008,0,0,0,0,0,1,0,16128
924,924,AUX_EVENT,aux_behavior,3024,0,3024,0,1,1008,0,0,0,0,0,1,0,16128
925,925,AUX_EVENT,aux_behavior,3024,0,3024,0,1,1008,0,0,0,0,0,1,0,16128
926,926,AUX_EVENT,aux_behavior,3024,0,3024,0,1,1008,0,0,0,0,0,1,0,16128
927,927,AUX_EVENT,aux_behavior,110592,0,110592,0,1,36864,0,0,0,0,0,1,0,589824
928,928,AUX_EVENT,aux_behavior,110592,0,110592,0,1,36864,0,0,0,0,0,1,0,589824
929,929,AUX_EVENT,aux_behavior,110592,0,110592,0,1,36864,0,0,0,0,0,1,0,589824
930,930,AUX_EVENT,aux_behavior,110592,0,110592,0,1,36864,0,0,0,0,0,1,0,589824
931,931,AUX_EVENT,aux_behavior,110592,0,110592,0,1,36864,0,0,0,0,0,1,0,589824
932,932,AUX_EVENT,aux_behavior,110592,0,110592,0,1,36864,0,0,0,0,0,1,0,589824
933,933,AUX_EVENT,aux_behavior,110592,0,110592,0,1,36864,0,0,0,0,0,1,0,589824
934,934,AUX_EVENT,aux_behavior,110592,0,110592,0,1,36864,0,0,0,0,0,1,0,589824
935,935,LAYOUT,layout_rtl,2016,0,2016,0,1,1008,0,0,0,0,0,1,0,16128
936,936,LAYOUT,layout_rtl,2016,0,2016,0,1,1008,0,0,0,0,0,1,0,16128
937,937,AUX_EVENT,aux_behavior,3024,0,3024,0,1,1008,0,0,0,0,0,1,0,16128
938,938,LAYOUT,layout_rtl,2016,0,2016,0,1,1008,0,0,0,0,0,1,0,16128
939,939,LAYOUT,layout_rtl,2016,0,2016,0,1,1008,0,0,0,0,0,1,0,16128
940,940,GEMM_W8A8,rtl_gemm,19760,19760,0,12544,6144,1008,64,1008,12386304,6193152,16,16128,589824,16128
941,941,AUX_EVENT,aux_behavior,3024,0,3024,0,1,1008,0,0,0,0,0,1,0,16128
942,942,AUX_EVENT,aux_behavior,3024,0,3024,0,1,1008,0,0,0,0,0,1,0,16128
943,943,AUX_EVENT,aux_behavior,3024,0,3024,0,1,1008,0,0,0,0,0,1,0,16128
944,944,AUX_EVENT,aux_behavior,3024,0,3024,0,1,1008,0,0,0,0,0,1,0,16128
945,945,AUX_EVENT,aux_behavior,3024,0,3024,0,1,1008,0,0,0,0,0,1,0,16128
946,946,AUX_EVENT,aux_behavior,3024,0,3024,0,1,1008,0,0,0,0,0,1,0,16128
947,947,AUX_EVENT,aux_behavior,3024,0,3024,0,1,1008,0,0,0,0,0,1,0,16128
948,948,AUX_EVENT,aux_behavior,110592,0,110592,0,1,36864,0,0,0,0,0,1,0,589824
949,949,AUX_EVENT,aux_behavior,110592,0,110592,0,1,36864,0,0,0,0,0,1,0,589824
950,950,AUX_EVENT,aux_behavior,110592,0,110592,0,1,36864,0,0,0,0,0,1,0,589824
951,951,AUX_EVENT,aux_behavior,110592,0,110592,0,1,36864,0,0,0,0,0,1,0,589824
952,952,AUX_EVENT,aux_behavior,110592,0,110592,0,1,36864,0,0,0,0,0,1,0,589824
953,953,AUX_EVENT,aux_behavior,110592,0,110592,0,1,36864,0,0,0,0,0,1,0,589824
954,954,AUX_EVENT,aux_behavior,110592,0,110592,0,1,36864,0,0,0,0,0,1,0,589824
955,955,AUX_EVENT,aux_behavior,110592,0,110592,0,1,36864,0,0,0,0,0,1,0,589824
956,956,AUX_EVENT,aux_behavior,3024,0,3024,0,1,1008,0,0,0,0,0,1,0,16128
957,957,ADD,vector_rtl,2016,0,2016,0,1,1008,0,0,0,0,0,1,0,16128
958,958,LAYER_NORM,vector_rtl,2016,0,2016,0,1,1008,0,0,0,0,0,1,0,16128
959,959,GEMM_W8A8,rtl_gemm,1013,1013,0,0,1,1008,4,1008,0,0,0,0,0,16128
960,960,AUX_EVENT,aux_behavior,3024,0,3024,0,1,1008,0,0,0,0,0,1,0,16128
961,961,AUX_EVENT,aux_behavior,3024,0,3024,0,1,1008,0,0,0,0,0,1,0,16128
962,962,AUX_EVENT,aux_behavior,3024,0,3024,0,1,1008,0,0,0,0,0,1,0,16128
963,963,AUX_EVENT,aux_behavior,3024,0,3024,0,1,1008,0,0,0,0,0,1,0,16128
964,964,AUX_EVENT,aux_behavior,3024,0,3024,0,1,1008,0,0,0,0,0,1,0,16128
965,965,AUX_EVENT,aux_behavior,3024,0,3024,0,1,1008,0,0,0,0,0,1,0,16128
966,966,AUX_EVENT,aux_behavior,3024,0,3024,0,1,1008,0,0,0,0,0,1,0,16128
967,967,AUX_EVENT,aux_behavior,442368,0,442368,0,1,147456,0,0,0,0,0,1,0,2359296
968,968,AUX_EVENT,aux_behavior,442368,0,442368,0,1,147456,0,0,0,0,0,1,0,2359296
969,969,AUX_EVENT,aux_behavior,442368,0,442368,0,1,147456,0,0,0,0,0,1,0,2359296
970,970,AUX_EVENT,aux_behavior,442368,0,442368,0,1,147456,0,0,0,0,0,1,0,2359296
971,971,AUX_EVENT,aux_behavior,442368,0,442368,0,1,147456,0,0,0,0,0,1,0,2359296
972,972,AUX_EVENT,aux_behavior,442368,0,442368,0,1,147456,0,0,0,0,0,1,0,2359296
973,973,AUX_EVENT,aux_behavior,442368,0,442368,0,1,147456,0,0,0,0,0,1,0,2359296
974,974,AUX_EVENT,aux_behavior,442368,0,442368,0,1,147456,0,0,0,0,0,1,0,2359296
975,975,GELU,vector_rtl,8064,0,8064,0,1,4032,0,0,0,0,0,1,0,64512
976,976,GEMM_W8A8,rtl_gemm,4037,4037,0,0,1,4032,4,4032,0,0,0,0,0,64512
977,977,AUX_EVENT,aux_behavior,12096,0,12096,0,1,4032,0,0,0,0,0,1,0,64512
978,978,AUX_EVENT,aux_behavior,12096,0,12096,0,1,4032,0,0,0,0,0,1,0,64512
979,979,AUX_EVENT,aux_behavior,12096,0,12096,0,1,4032,0,0,0,0,0,1,0,64512
980,980,AUX_EVENT,aux_behavior,12096,0,12096,0,1,4032,0,0,0,0,0,1,0,64512
981,981,AUX_EVENT,aux_behavior,12096,0,12096,0,1,4032,0,0,0,0,0,1,0,64512
982,982,AUX_EVENT,aux_behavior,12096,0,12096,0,1,4032,0,0,0,0,0,1,0,64512
983,983,AUX_EVENT,aux_behavior,12096,0,12096,0,1,4032,0,0,0,0,0,1,0,64512
984,984,AUX_EVENT,aux_behavior,442368,0,442368,0,1,147456,0,0,0,0,0,1,0,2359296
985,985,AUX_EVENT,aux_behavior,442368,0,442368,0,1,147456,0,0,0,0,0,1,0,2359296
986,986,AUX_EVENT,aux_behavior,442368,0,442368,0,1,147456,0,0,0,0,0,1,0,2359296
987,987,AUX_EVENT,aux_behavior,442368,0,442368,0,1,147456,0,0,0,0,0,1,0,2359296
988,988,AUX_EVENT,aux_behavior,442368,0,442368,0,1,147456,0,0,0,0,0,1,0,2359296
989,989,AUX_EVENT,aux_behavior,442368,0,442368,0,1,147456,0,0,0,0,0,1,0,2359296
990,990,AUX_EVENT,aux_behavior,442368,0,442368,0,1,147456,0,0,0,0,0,1,0,2359296
991,991,AUX_EVENT,aux_behavior,442368,0,442368,0,1,147456,0,0,0,0,0,1,0,2359296
992,992,AUX_EVENT,aux_behavior,3024,0,3024,0,1,1008,0,0,0,0,0,1,0,16128
993,993,ADD,vector_rtl,2016,0,2016,0,1,1008,0,0,0,0,0,1,0,16128
994,994,LAYER_NORM,vector_rtl,2016,0,2016,0,1,1008,0,0,0,0,0,1,0,16128
995,995,GEMM_W8A8,rtl_gemm,19760,19760,0,12544,6144,1008,64,1008,12386304,6193152,16,16128,589824,16128
996,996,AUX_EVENT,aux_behavior,3024,0,3024,0,1,1008,0,0,0,0,0,1,0,16128
997,997,AUX_EVENT,aux_behavior,3024,0,3024,0,1,1008,0,0,0,0,0,1,0,16128
998,998,AUX_EVENT,aux_behavior,3024,0,3024,0,1,1008,0,0,0,0,0,1,0,16128
999,999,AUX_EVENT,aux_behavior,3024,0,3024,0,1,1008,0,0,0,0,0,1,0,16128
1000,1000,AUX_EVENT,aux_behavior,3024,0,3024,0,1,1008,0,0,0,0,0,1,0,16128
1001,1001,AUX_EVENT,aux_behavior,3024,0,3024,0,1,1008,0,0,0,0,0,1,0,16128
1002,1002,AUX_EVENT,aux_behavior,3024,0,3024,0,1,1008,0,0,0,0,0,1,0,16128
1003,1003,AUX_EVENT,aux_behavior,110592,0,110592,0,1,36864,0,0,0,0,0,1,0,589824
1004,1004,AUX_EVENT,aux_behavior,110592,0,110592,0,1,36864,0,0,0,0,0,1,0,589824
1005,1005,AUX_EVENT,aux_behavior,110592,0,110592,0,1,36864,0,0,0,0,0,1,0,589824
1006,1006,AUX_EVENT,aux_behavior,110592,0,110592,0,1,36864,0,0,0,0,0,1,0,589824
1007,1007,AUX_EVENT,aux_behavior,110592,0,110592,0,1,36864,0,0,0,0,0,1,0,589824
1008,1008,AUX_EVENT,aux_behavior,110592,0,110592,0,1,36864,0,0,0,0,0,1,0,589824
1009,1009,AUX_EVENT,aux_behavior,110592,0,110592,0,1,36864,0,0,0,0,0,1,0,589824
1010,1010,AUX_EVENT,aux_behavior,110592,0,110592,0,1,36864,0,0,0,0,0,1,0,589824
1011,1011,LAYOUT,layout_rtl,2016,0,2016,0,1,1008,0,0,0,0,0,1,0,16128
1012,1012,LAYOUT,layout_rtl,2016,0,2016,0,1,1008,0,0,0,0,0,1,0,16128
1013,1013,GEMM_W8A8,rtl_gemm,19760,19760,0,12544,6144,1008,64,1008,12386304,6193152,16,16128,589824,16128
1014,1014,AUX_EVENT,aux_behavior,3024,0,3024,0,1,1008,0,0,0,0,0,1,0,16128
1015,1015,AUX_EVENT,aux_behavior,3024,0,3024,0,1,1008,0,0,0,0,0,1,0,16128
1016,1016,AUX_EVENT,aux_behavior,3024,0,3024,0,1,1008,0,0,0,0,0,1,0,16128
1017,1017,AUX_EVENT,aux_behavior,3024,0,3024,0,1,1008,0,0,0,0,0,1,0,16128
1018,1018,AUX_EVENT,aux_behavior,3024,0,3024,0,1,1008,0,0,0,0,0,1,0,16128
1019,1019,AUX_EVENT,aux_behavior,3024,0,3024,0,1,1008,0,0,0,0,0,1,0,16128
1020,1020,AUX_EVENT,aux_behavior,3024,0,3024,0,1,1008,0,0,0,0,0,1,0,16128
1021,1021,AUX_EVENT,aux_behavior,110592,0,110592,0,1,36864,0,0,0,0,0,1,0,589824
1022,1022,AUX_EVENT,aux_behavior,110592,0,110592,0,1,36864,0,0,0,0,0,1,0,589824
1023,1023,AUX_EVENT,aux_behavior,110592,0,110592,0,1,36864,0,0,0,0,0,1,0,589824
1024,1024,AUX_EVENT,aux_behavior,110592,0,110592,0,1,36864,0,0,0,0,0,1,0,589824
1025,1025,AUX_EVENT,aux_behavior,110592,0,110592,0,1,36864,0,0,0,0,0,1,0,589824
1026,1026,AUX_EVENT,aux_behavior,110592,0,110592,0,1,36864,0,0,0,0,0,1,0,589824
1027,1027,AUX_EVENT,aux_behavior,110592,0,110592,0,1,36864,0,0,0,0,0,1,0,589824
1028,1028,AUX_EVENT,aux_behavior,110592,0,110592,0,1,36864,0,0,0,0,0,1,0,589824
1029,1029,LAYOUT,layout_rtl,2016,0,2016,0,1,1008,0,0,0,0,0,1,0,16128
1030,1030,LAYOUT,layout_rtl,2016,0,2016,0,1,1008,0,0,0,0,0,1,0,16128
1031,1031,GEMM_W8A8,rtl_gemm,19760,19760,0,12544,6144,1008,64,1008,12386304,6193152,16,16128,589824,16128
1032,1032,AUX_EVENT,aux_behavior,3024,0,3024,0,1,1008,0,0,0,0,0,1,0,16128
1033,1033,AUX_EVENT,aux_behavior,3024,0,3024,0,1,1008,0,0,0,0,0,1,0,16128
1034,1034,AUX_EVENT,aux_behavior,3024,0,3024,0,1,1008,0,0,0,0,0,1,0,16128
1035,1035,AUX_EVENT,aux_behavior,3024,0,3024,0,1,1008,0,0,0,0,0,1,0,16128
1036,1036,AUX_EVENT,aux_behavior,3024,0,3024,0,1,1008,0,0,0,0,0,1,0,16128
1037,1037,AUX_EVENT,aux_behavior,3024,0,3024,0,1,1008,0,0,0,0,0,1,0,16128
1038,1038,AUX_EVENT,aux_behavior,3024,0,3024,0,1,1008,0,0,0,0,0,1,0,16128
1039,1039,AUX_EVENT,aux_behavior,110592,0,110592,0,1,36864,0,0,0,0,0,1,0,589824
1040,1040,AUX_EVENT,aux_behavior,110592,0,110592,0,1,36864,0,0,0,0,0,1,0,589824
1041,1041,AUX_EVENT,aux_behavior,110592,0,110592,0,1,36864,0,0,0,0,0,1,0,589824
1042,1042,AUX_EVENT,aux_behavior,110592,0,110592,0,1,36864,0,0,0,0,0,1,0,589824
1043,1043,AUX_EVENT,aux_behavior,110592,0,110592,0,1,36864,0,0,0,0,0,1,0,589824
1044,1044,AUX_EVENT,aux_behavior,110592,0,110592,0,1,36864,0,0,0,0,0,1,0,589824
1045,1045,AUX_EVENT,aux_behavior,110592,0,110592,0,1,36864,0,0,0,0,0,1,0,589824
1046,1046,AUX_EVENT,aux_behavior,110592,0,110592,0,1,36864,0,0,0,0,0,1,0,589824
1047,1047,LAYOUT,layout_rtl,2016,0,2016,0,1,1008,0,0,0,0,0,1,0,16128
1048,1048,LAYOUT,layout_rtl,2016,0,2016,0,1,1008,0,0,0,0,0,1,0,16128
1049,1049,AUX_EVENT,aux_behavior,3024,0,3024,0,1,1008,0,0,0,0,0,1,0,16128
1050,1050,LAYOUT,layout_rtl,2016,0,2016,0,1,1008,0,0,0,0,0,1,0,16128
1051,1051,LAYOUT,layout_rtl,2016,0,2016,0,1,1008,0,0,0,0,0,1,0,16128
1052,1052,GEMM_W8A8,rtl_gemm,19760,19760,0,12544,6144,1008,64,1008,12386304,6193152,16,16128,589824,16128
1053,1053,AUX_EVENT,aux_behavior,3024,0,3024,0,1,1008,0,0,0,0,0,1,0,16128
1054,1054,AUX_EVENT,aux_behavior,3024,0,3024,0,1,1008,0,0,0,0,0,1,0,16128
1055,1055,AUX_EVENT,aux_behavior,3024,0,3024,0,1,1008,0,0,0,0,0,1,0,16128
1056,1056,AUX_EVENT,aux_behavior,3024,0,3024,0,1,1008,0,0,0,0,0,1,0,16128
1057,1057,AUX_EVENT,aux_behavior,3024,0,3024,0,1,1008,0,0,0,0,0,1,0,16128
1058,1058,AUX_EVENT,aux_behavior,3024,0,3024,0,1,1008,0,0,0,0,0,1,0,16128
1059,1059,AUX_EVENT,aux_behavior,3024,0,3024,0,1,1008,0,0,0,0,0,1,0,16128
1060,1060,AUX_EVENT,aux_behavior,110592,0,110592,0,1,36864,0,0,0,0,0,1,0,589824
1061,1061,AUX_EVENT,aux_behavior,110592,0,110592,0,1,36864,0,0,0,0,0,1,0,589824
1062,1062,AUX_EVENT,aux_behavior,110592,0,110592,0,1,36864,0,0,0,0,0,1,0,589824
1063,1063,AUX_EVENT,aux_behavior,110592,0,110592,0,1,36864,0,0,0,0,0,1,0,589824
1064,1064,AUX_EVENT,aux_behavior,110592,0,110592,0,1,36864,0,0,0,0,0,1,0,589824
1065,1065,AUX_EVENT,aux_behavior,110592,0,110592,0,1,36864,0,0,0,0,0,1,0,589824
1066,1066,AUX_EVENT,aux_behavior,110592,0,110592,0,1,36864,0,0,0,0,0,1,0,589824
1067,1067,AUX_EVENT,aux_behavior,110592,0,110592,0,1,36864,0,0,0,0,0,1,0,589824
1068,1068,AUX_EVENT,aux_behavior,3024,0,3024,0,1,1008,0,0,0,0,0,1,0,16128
1069,1069,ADD,vector_rtl,2016,0,2016,0,1,1008,0,0,0,0,0,1,0,16128
1070,1070,LAYER_NORM,vector_rtl,2016,0,2016,0,1,1008,0,0,0,0,0,1,0,16128
1071,1071,GEMM_W8A8,rtl_gemm,1013,1013,0,0,1,1008,4,1008,0,0,0,0,0,16128
1072,1072,AUX_EVENT,aux_behavior,3024,0,3024,0,1,1008,0,0,0,0,0,1,0,16128
1073,1073,AUX_EVENT,aux_behavior,3024,0,3024,0,1,1008,0,0,0,0,0,1,0,16128
1074,1074,AUX_EVENT,aux_behavior,3024,0,3024,0,1,1008,0,0,0,0,0,1,0,16128
1075,1075,AUX_EVENT,aux_behavior,3024,0,3024,0,1,1008,0,0,0,0,0,1,0,16128
1076,1076,AUX_EVENT,aux_behavior,3024,0,3024,0,1,1008,0,0,0,0,0,1,0,16128
1077,1077,AUX_EVENT,aux_behavior,3024,0,3024,0,1,1008,0,0,0,0,0,1,0,16128
1078,1078,AUX_EVENT,aux_behavior,3024,0,3024,0,1,1008,0,0,0,0,0,1,0,16128
1079,1079,AUX_EVENT,aux_behavior,442368,0,442368,0,1,147456,0,0,0,0,0,1,0,2359296
1080,1080,AUX_EVENT,aux_behavior,442368,0,442368,0,1,147456,0,0,0,0,0,1,0,2359296
1081,1081,AUX_EVENT,aux_behavior,442368,0,442368,0,1,147456,0,0,0,0,0,1,0,2359296
1082,1082,AUX_EVENT,aux_behavior,442368,0,442368,0,1,147456,0,0,0,0,0,1,0,2359296
1083,1083,AUX_EVENT,aux_behavior,442368,0,442368,0,1,147456,0,0,0,0,0,1,0,2359296
1084,1084,AUX_EVENT,aux_behavior,442368,0,442368,0,1,147456,0,0,0,0,0,1,0,2359296
1085,1085,AUX_EVENT,aux_behavior,442368,0,442368,0,1,147456,0,0,0,0,0,1,0,2359296
1086,1086,AUX_EVENT,aux_behavior,442368,0,442368,0,1,147456,0,0,0,0,0,1,0,2359296
1087,1087,GELU,vector_rtl,8064,0,8064,0,1,4032,0,0,0,0,0,1,0,64512
1088,1088,GEMM_W8A8,rtl_gemm,4037,4037,0,0,1,4032,4,4032,0,0,0,0,0,64512
1089,1089,AUX_EVENT,aux_behavior,12096,0,12096,0,1,4032,0,0,0,0,0,1,0,64512
1090,1090,AUX_EVENT,aux_behavior,12096,0,12096,0,1,4032,0,0,0,0,0,1,0,64512
1091,1091,AUX_EVENT,aux_behavior,12096,0,12096,0,1,4032,0,0,0,0,0,1,0,64512
1092,1092,AUX_EVENT,aux_behavior,12096,0,12096,0,1,4032,0,0,0,0,0,1,0,64512
1093,1093,AUX_EVENT,aux_behavior,12096,0,12096,0,1,4032,0,0,0,0,0,1,0,64512
1094,1094,AUX_EVENT,aux_behavior,12096,0,12096,0,1,4032,0,0,0,0,0,1,0,64512
1095,1095,AUX_EVENT,aux_behavior,12096,0,12096,0,1,4032,0,0,0,0,0,1,0,64512
1096,1096,AUX_EVENT,aux_behavior,442368,0,442368,0,1,147456,0,0,0,0,0,1,0,2359296
1097,1097,AUX_EVENT,aux_behavior,442368,0,442368,0,1,147456,0,0,0,0,0,1,0,2359296
1098,1098,AUX_EVENT,aux_behavior,442368,0,442368,0,1,147456,0,0,0,0,0,1,0,2359296
1099,1099,AUX_EVENT,aux_behavior,442368,0,442368,0,1,147456,0,0,0,0,0,1,0,2359296
1100,1100,AUX_EVENT,aux_behavior,442368,0,442368,0,1,147456,0,0,0,0,0,1,0,2359296
1101,1101,AUX_EVENT,aux_behavior,442368,0,442368,0,1,147456,0,0,0,0,0,1,0,2359296
1102,1102,AUX_EVENT,aux_behavior,442368,0,442368,0,1,147456,0,0,0,0,0,1,0,2359296
1103,1103,AUX_EVENT,aux_behavior,442368,0,442368,0,1,147456,0,0,0,0,0,1,0,2359296
1104,1104,AUX_EVENT,aux_behavior,3024,0,3024,0,1,1008,0,0,0,0,0,1,0,16128
1105,1105,ADD,vector_rtl,2016,0,2016,0,1,1008,0,0,0,0,0,1,0,16128
1106,1106,LAYER_NORM,vector_rtl,2016,0,2016,0,1,1008,0,0,0,0,0,1,0,16128
1107,1107,GEMM_W8A8,rtl_gemm,19760,19760,0,12544,6144,1008,64,1008,12386304,6193152,16,16128,589824,16128
1108,1108,AUX_EVENT,aux_behavior,3024,0,3024,0,1,1008,0,0,0,0,0,1,0,16128
1109,1109,AUX_EVENT,aux_behavior,3024,0,3024,0,1,1008,0,0,0,0,0,1,0,16128
1110,1110,AUX_EVENT,aux_behavior,3024,0,3024,0,1,1008,0,0,0,0,0,1,0,16128
1111,1111,AUX_EVENT,aux_behavior,3024,0,3024,0,1,1008,0,0,0,0,0,1,0,16128
1112,1112,AUX_EVENT,aux_behavior,3024,0,3024,0,1,1008,0,0,0,0,0,1,0,16128
1113,1113,AUX_EVENT,aux_behavior,3024,0,3024,0,1,1008,0,0,0,0,0,1,0,16128
1114,1114,AUX_EVENT,aux_behavior,3024,0,3024,0,1,1008,0,0,0,0,0,1,0,16128
1115,1115,AUX_EVENT,aux_behavior,110592,0,110592,0,1,36864,0,0,0,0,0,1,0,589824
1116,1116,AUX_EVENT,aux_behavior,110592,0,110592,0,1,36864,0,0,0,0,0,1,0,589824
1117,1117,AUX_EVENT,aux_behavior,110592,0,110592,0,1,36864,0,0,0,0,0,1,0,589824
1118,1118,AUX_EVENT,aux_behavior,110592,0,110592,0,1,36864,0,0,0,0,0,1,0,589824
1119,1119,AUX_EVENT,aux_behavior,110592,0,110592,0,1,36864,0,0,0,0,0,1,0,589824
1120,1120,AUX_EVENT,aux_behavior,110592,0,110592,0,1,36864,0,0,0,0,0,1,0,589824
1121,1121,AUX_EVENT,aux_behavior,110592,0,110592,0,1,36864,0,0,0,0,0,1,0,589824
1122,1122,AUX_EVENT,aux_behavior,110592,0,110592,0,1,36864,0,0,0,0,0,1,0,589824
1123,1123,LAYOUT,layout_rtl,2016,0,2016,0,1,1008,0,0,0,0,0,1,0,16128
1124,1124,LAYOUT,layout_rtl,2016,0,2016,0,1,1008,0,0,0,0,0,1,0,16128
1125,1125,GEMM_W8A8,rtl_gemm,19760,19760,0,12544,6144,1008,64,1008,12386304,6193152,16,16128,589824,16128
1126,1126,AUX_EVENT,aux_behavior,3024,0,3024,0,1,1008,0,0,0,0,0,1,0,16128
1127,1127,AUX_EVENT,aux_behavior,3024,0,3024,0,1,1008,0,0,0,0,0,1,0,16128
1128,1128,AUX_EVENT,aux_behavior,3024,0,3024,0,1,1008,0,0,0,0,0,1,0,16128
1129,1129,AUX_EVENT,aux_behavior,3024,0,3024,0,1,1008,0,0,0,0,0,1,0,16128
1130,1130,AUX_EVENT,aux_behavior,3024,0,3024,0,1,1008,0,0,0,0,0,1,0,16128
1131,1131,AUX_EVENT,aux_behavior,3024,0,3024,0,1,1008,0,0,0,0,0,1,0,16128
1132,1132,AUX_EVENT,aux_behavior,3024,0,3024,0,1,1008,0,0,0,0,0,1,0,16128
1133,1133,AUX_EVENT,aux_behavior,110592,0,110592,0,1,36864,0,0,0,0,0,1,0,589824
1134,1134,AUX_EVENT,aux_behavior,110592,0,110592,0,1,36864,0,0,0,0,0,1,0,589824
1135,1135,AUX_EVENT,aux_behavior,110592,0,110592,0,1,36864,0,0,0,0,0,1,0,589824
1136,1136,AUX_EVENT,aux_behavior,110592,0,110592,0,1,36864,0,0,0,0,0,1,0,589824
1137,1137,AUX_EVENT,aux_behavior,110592,0,110592,0,1,36864,0,0,0,0,0,1,0,589824
1138,1138,AUX_EVENT,aux_behavior,110592,0,110592,0,1,36864,0,0,0,0,0,1,0,589824
1139,1139,AUX_EVENT,aux_behavior,110592,0,110592,0,1,36864,0,0,0,0,0,1,0,589824
1140,1140,AUX_EVENT,aux_behavior,110592,0,110592,0,1,36864,0,0,0,0,0,1,0,589824
1141,1141,LAYOUT,layout_rtl,2016,0,2016,0,1,1008,0,0,0,0,0,1,0,16128
1142,1142,LAYOUT,layout_rtl,2016,0,2016,0,1,1008,0,0,0,0,0,1,0,16128
1143,1143,GEMM_W8A8,rtl_gemm,19760,19760,0,12544,6144,1008,64,1008,12386304,6193152,16,16128,589824,16128
1144,1144,AUX_EVENT,aux_behavior,3024,0,3024,0,1,1008,0,0,0,0,0,1,0,16128
1145,1145,AUX_EVENT,aux_behavior,3024,0,3024,0,1,1008,0,0,0,0,0,1,0,16128
1146,1146,AUX_EVENT,aux_behavior,3024,0,3024,0,1,1008,0,0,0,0,0,1,0,16128
1147,1147,AUX_EVENT,aux_behavior,3024,0,3024,0,1,1008,0,0,0,0,0,1,0,16128
1148,1148,AUX_EVENT,aux_behavior,3024,0,3024,0,1,1008,0,0,0,0,0,1,0,16128
1149,1149,AUX_EVENT,aux_behavior,3024,0,3024,0,1,1008,0,0,0,0,0,1,0,16128
1150,1150,AUX_EVENT,aux_behavior,3024,0,3024,0,1,1008,0,0,0,0,0,1,0,16128
1151,1151,AUX_EVENT,aux_behavior,110592,0,110592,0,1,36864,0,0,0,0,0,1,0,589824
1152,1152,AUX_EVENT,aux_behavior,110592,0,110592,0,1,36864,0,0,0,0,0,1,0,589824
1153,1153,AUX_EVENT,aux_behavior,110592,0,110592,0,1,36864,0,0,0,0,0,1,0,589824
1154,1154,AUX_EVENT,aux_behavior,110592,0,110592,0,1,36864,0,0,0,0,0,1,0,589824
1155,1155,AUX_EVENT,aux_behavior,110592,0,110592,0,1,36864,0,0,0,0,0,1,0,589824
1156,1156,AUX_EVENT,aux_behavior,110592,0,110592,0,1,36864,0,0,0,0,0,1,0,589824
1157,1157,AUX_EVENT,aux_behavior,110592,0,110592,0,1,36864,0,0,0,0,0,1,0,589824
1158,1158,AUX_EVENT,aux_behavior,110592,0,110592,0,1,36864,0,0,0,0,0,1,0,589824
1159,1159,LAYOUT,layout_rtl,2016,0,2016,0,1,1008,0,0,0,0,0,1,0,16128
1160,1160,LAYOUT,layout_rtl,2016,0,2016,0,1,1008,0,0,0,0,0,1,0,16128
1161,1161,AUX_EVENT,aux_behavior,3024,0,3024,0,1,1008,0,0,0,0,0,1,0,16128
1162,1162,LAYOUT,layout_rtl,2016,0,2016,0,1,1008,0,0,0,0,0,1,0,16128
1163,1163,LAYOUT,layout_rtl,2016,0,2016,0,1,1008,0,0,0,0,0,1,0,16128
1164,1164,GEMM_W8A8,rtl_gemm,19760,19760,0,12544,6144,1008,64,1008,12386304,6193152,16,16128,589824,16128
1165,1165,AUX_EVENT,aux_behavior,3024,0,3024,0,1,1008,0,0,0,0,0,1,0,16128
1166,1166,AUX_EVENT,aux_behavior,3024,0,3024,0,1,1008,0,0,0,0,0,1,0,16128
1167,1167,AUX_EVENT,aux_behavior,3024,0,3024,0,1,1008,0,0,0,0,0,1,0,16128
1168,1168,AUX_EVENT,aux_behavior,3024,0,3024,0,1,1008,0,0,0,0,0,1,0,16128
1169,1169,AUX_EVENT,aux_behavior,3024,0,3024,0,1,1008,0,0,0,0,0,1,0,16128
1170,1170,AUX_EVENT,aux_behavior,3024,0,3024,0,1,1008,0,0,0,0,0,1,0,16128
1171,1171,AUX_EVENT,aux_behavior,3024,0,3024,0,1,1008,0,0,0,0,0,1,0,16128
1172,1172,AUX_EVENT,aux_behavior,110592,0,110592,0,1,36864,0,0,0,0,0,1,0,589824
1173,1173,AUX_EVENT,aux_behavior,110592,0,110592,0,1,36864,0,0,0,0,0,1,0,589824
1174,1174,AUX_EVENT,aux_behavior,110592,0,110592,0,1,36864,0,0,0,0,0,1,0,589824
1175,1175,AUX_EVENT,aux_behavior,110592,0,110592,0,1,36864,0,0,0,0,0,1,0,589824
1176,1176,AUX_EVENT,aux_behavior,110592,0,110592,0,1,36864,0,0,0,0,0,1,0,589824
1177,1177,AUX_EVENT,aux_behavior,110592,0,110592,0,1,36864,0,0,0,0,0,1,0,589824
1178,1178,AUX_EVENT,aux_behavior,110592,0,110592,0,1,36864,0,0,0,0,0,1,0,589824
1179,1179,AUX_EVENT,aux_behavior,110592,0,110592,0,1,36864,0,0,0,0,0,1,0,589824
1180,1180,AUX_EVENT,aux_behavior,3024,0,3024,0,1,1008,0,0,0,0,0,1,0,16128
1181,1181,ADD,vector_rtl,2016,0,2016,0,1,1008,0,0,0,0,0,1,0,16128
1182,1182,LAYER_NORM,vector_rtl,2016,0,2016,0,1,1008,0,0,0,0,0,1,0,16128
1183,1183,GEMM_W8A8,rtl_gemm,1013,1013,0,0,1,1008,4,1008,0,0,0,0,0,16128
1184,1184,AUX_EVENT,aux_behavior,3024,0,3024,0,1,1008,0,0,0,0,0,1,0,16128
1185,1185,AUX_EVENT,aux_behavior,3024,0,3024,0,1,1008,0,0,0,0,0,1,0,16128
1186,1186,AUX_EVENT,aux_behavior,3024,0,3024,0,1,1008,0,0,0,0,0,1,0,16128
1187,1187,AUX_EVENT,aux_behavior,3024,0,3024,0,1,1008,0,0,0,0,0,1,0,16128
1188,1188,AUX_EVENT,aux_behavior,3024,0,3024,0,1,1008,0,0,0,0,0,1,0,16128
1189,1189,AUX_EVENT,aux_behavior,3024,0,3024,0,1,1008,0,0,0,0,0,1,0,16128
1190,1190,AUX_EVENT,aux_behavior,3024,0,3024,0,1,1008,0,0,0,0,0,1,0,16128
1191,1191,AUX_EVENT,aux_behavior,442368,0,442368,0,1,147456,0,0,0,0,0,1,0,2359296
1192,1192,AUX_EVENT,aux_behavior,442368,0,442368,0,1,147456,0,0,0,0,0,1,0,2359296
1193,1193,AUX_EVENT,aux_behavior,442368,0,442368,0,1,147456,0,0,0,0,0,1,0,2359296
1194,1194,AUX_EVENT,aux_behavior,442368,0,442368,0,1,147456,0,0,0,0,0,1,0,2359296
1195,1195,AUX_EVENT,aux_behavior,442368,0,442368,0,1,147456,0,0,0,0,0,1,0,2359296
1196,1196,AUX_EVENT,aux_behavior,442368,0,442368,0,1,147456,0,0,0,0,0,1,0,2359296
1197,1197,AUX_EVENT,aux_behavior,442368,0,442368,0,1,147456,0,0,0,0,0,1,0,2359296
1198,1198,AUX_EVENT,aux_behavior,442368,0,442368,0,1,147456,0,0,0,0,0,1,0,2359296
1199,1199,GELU,vector_rtl,8064,0,8064,0,1,4032,0,0,0,0,0,1,0,64512
1200,1200,GEMM_W8A8,rtl_gemm,4037,4037,0,0,1,4032,4,4032,0,0,0,0,0,64512
1201,1201,AUX_EVENT,aux_behavior,12096,0,12096,0,1,4032,0,0,0,0,0,1,0,64512
1202,1202,AUX_EVENT,aux_behavior,12096,0,12096,0,1,4032,0,0,0,0,0,1,0,64512
1203,1203,AUX_EVENT,aux_behavior,12096,0,12096,0,1,4032,0,0,0,0,0,1,0,64512
1204,1204,AUX_EVENT,aux_behavior,12096,0,12096,0,1,4032,0,0,0,0,0,1,0,64512
1205,1205,AUX_EVENT,aux_behavior,12096,0,12096,0,1,4032,0,0,0,0,0,1,0,64512
1206,1206,AUX_EVENT,aux_behavior,12096,0,12096,0,1,4032,0,0,0,0,0,1,0,64512
1207,1207,AUX_EVENT,aux_behavior,12096,0,12096,0,1,4032,0,0,0,0,0,1,0,64512
1208,1208,AUX_EVENT,aux_behavior,442368,0,442368,0,1,147456,0,0,0,0,0,1,0,2359296
1209,1209,AUX_EVENT,aux_behavior,442368,0,442368,0,1,147456,0,0,0,0,0,1,0,2359296
1210,1210,AUX_EVENT,aux_behavior,442368,0,442368,0,1,147456,0,0,0,0,0,1,0,2359296
1211,1211,AUX_EVENT,aux_behavior,442368,0,442368,0,1,147456,0,0,0,0,0,1,0,2359296
1212,1212,AUX_EVENT,aux_behavior,442368,0,442368,0,1,147456,0,0,0,0,0,1,0,2359296
1213,1213,AUX_EVENT,aux_behavior,442368,0,442368,0,1,147456,0,0,0,0,0,1,0,2359296
1214,1214,AUX_EVENT,aux_behavior,442368,0,442368,0,1,147456,0,0,0,0,0,1,0,2359296
1215,1215,AUX_EVENT,aux_behavior,442368,0,442368,0,1,147456,0,0,0,0,0,1,0,2359296
1216,1216,AUX_EVENT,aux_behavior,3024,0,3024,0,1,1008,0,0,0,0,0,1,0,16128
1217,1217,ADD,vector_rtl,2016,0,2016,0,1,1008,0,0,0,0,0,1,0,16128
1218,1218,LAYER_NORM,vector_rtl,2016,0,2016,0,1,1008,0,0,0,0,0,1,0,16128
1219,1219,GEMM_W8A8,rtl_gemm,19760,19760,0,12544,6144,1008,64,1008,12386304,6193152,16,16128,589824,16128
1220,1220,AUX_EVENT,aux_behavior,3024,0,3024,0,1,1008,0,0,0,0,0,1,0,16128
1221,1221,AUX_EVENT,aux_behavior,3024,0,3024,0,1,1008,0,0,0,0,0,1,0,16128
1222,1222,AUX_EVENT,aux_behavior,3024,0,3024,0,1,1008,0,0,0,0,0,1,0,16128
1223,1223,AUX_EVENT,aux_behavior,3024,0,3024,0,1,1008,0,0,0,0,0,1,0,16128
1224,1224,AUX_EVENT,aux_behavior,3024,0,3024,0,1,1008,0,0,0,0,0,1,0,16128
1225,1225,AUX_EVENT,aux_behavior,3024,0,3024,0,1,1008,0,0,0,0,0,1,0,16128
1226,1226,AUX_EVENT,aux_behavior,3024,0,3024,0,1,1008,0,0,0,0,0,1,0,16128
1227,1227,AUX_EVENT,aux_behavior,110592,0,110592,0,1,36864,0,0,0,0,0,1,0,589824
1228,1228,AUX_EVENT,aux_behavior,110592,0,110592,0,1,36864,0,0,0,0,0,1,0,589824
1229,1229,AUX_EVENT,aux_behavior,110592,0,110592,0,1,36864,0,0,0,0,0,1,0,589824
1230,1230,AUX_EVENT,aux_behavior,110592,0,110592,0,1,36864,0,0,0,0,0,1,0,589824
1231,1231,AUX_EVENT,aux_behavior,110592,0,110592,0,1,36864,0,0,0,0,0,1,0,589824
1232,1232,AUX_EVENT,aux_behavior,110592,0,110592,0,1,36864,0,0,0,0,0,1,0,589824
1233,1233,AUX_EVENT,aux_behavior,110592,0,110592,0,1,36864,0,0,0,0,0,1,0,589824
1234,1234,AUX_EVENT,aux_behavior,110592,0,110592,0,1,36864,0,0,0,0,0,1,0,589824
1235,1235,LAYOUT,layout_rtl,2016,0,2016,0,1,1008,0,0,0,0,0,1,0,16128
1236,1236,LAYOUT,layout_rtl,2016,0,2016,0,1,1008,0,0,0,0,0,1,0,16128
1237,1237,GEMM_W8A8,rtl_gemm,19760,19760,0,12544,6144,1008,64,1008,12386304,6193152,16,16128,589824,16128
1238,1238,AUX_EVENT,aux_behavior,3024,0,3024,0,1,1008,0,0,0,0,0,1,0,16128
1239,1239,AUX_EVENT,aux_behavior,3024,0,3024,0,1,1008,0,0,0,0,0,1,0,16128
1240,1240,AUX_EVENT,aux_behavior,3024,0,3024,0,1,1008,0,0,0,0,0,1,0,16128
1241,1241,AUX_EVENT,aux_behavior,3024,0,3024,0,1,1008,0,0,0,0,0,1,0,16128
1242,1242,AUX_EVENT,aux_behavior,3024,0,3024,0,1,1008,0,0,0,0,0,1,0,16128
1243,1243,AUX_EVENT,aux_behavior,3024,0,3024,0,1,1008,0,0,0,0,0,1,0,16128
1244,1244,AUX_EVENT,aux_behavior,3024,0,3024,0,1,1008,0,0,0,0,0,1,0,16128
1245,1245,AUX_EVENT,aux_behavior,110592,0,110592,0,1,36864,0,0,0,0,0,1,0,589824
1246,1246,AUX_EVENT,aux_behavior,110592,0,110592,0,1,36864,0,0,0,0,0,1,0,589824
1247,1247,AUX_EVENT,aux_behavior,110592,0,110592,0,1,36864,0,0,0,0,0,1,0,589824
1248,1248,AUX_EVENT,aux_behavior,110592,0,110592,0,1,36864,0,0,0,0,0,1,0,589824
1249,1249,AUX_EVENT,aux_behavior,110592,0,110592,0,1,36864,0,0,0,0,0,1,0,589824
1250,1250,AUX_EVENT,aux_behavior,110592,0,110592,0,1,36864,0,0,0,0,0,1,0,589824
1251,1251,AUX_EVENT,aux_behavior,110592,0,110592,0,1,36864,0,0,0,0,0,1,0,589824
1252,1252,AUX_EVENT,aux_behavior,110592,0,110592,0,1,36864,0,0,0,0,0,1,0,589824
1253,1253,LAYOUT,layout_rtl,2016,0,2016,0,1,1008,0,0,0,0,0,1,0,16128
1254,1254,LAYOUT,layout_rtl,2016,0,2016,0,1,1008,0,0,0,0,0,1,0,16128
1255,1255,GEMM_W8A8,rtl_gemm,19760,19760,0,12544,6144,1008,64,1008,12386304,6193152,16,16128,589824,16128
1256,1256,AUX_EVENT,aux_behavior,3024,0,3024,0,1,1008,0,0,0,0,0,1,0,16128
1257,1257,AUX_EVENT,aux_behavior,3024,0,3024,0,1,1008,0,0,0,0,0,1,0,16128
1258,1258,AUX_EVENT,aux_behavior,3024,0,3024,0,1,1008,0,0,0,0,0,1,0,16128
1259,1259,AUX_EVENT,aux_behavior,3024,0,3024,0,1,1008,0,0,0,0,0,1,0,16128
1260,1260,AUX_EVENT,aux_behavior,3024,0,3024,0,1,1008,0,0,0,0,0,1,0,16128
1261,1261,AUX_EVENT,aux_behavior,3024,0,3024,0,1,1008,0,0,0,0,0,1,0,16128
1262,1262,AUX_EVENT,aux_behavior,3024,0,3024,0,1,1008,0,0,0,0,0,1,0,16128
1263,1263,AUX_EVENT,aux_behavior,110592,0,110592,0,1,36864,0,0,0,0,0,1,0,589824
1264,1264,AUX_EVENT,aux_behavior,110592,0,110592,0,1,36864,0,0,0,0,0,1,0,589824
1265,1265,AUX_EVENT,aux_behavior,110592,0,110592,0,1,36864,0,0,0,0,0,1,0,589824
1266,1266,AUX_EVENT,aux_behavior,110592,0,110592,0,1,36864,0,0,0,0,0,1,0,589824
1267,1267,AUX_EVENT,aux_behavior,110592,0,110592,0,1,36864,0,0,0,0,0,1,0,589824
1268,1268,AUX_EVENT,aux_behavior,110592,0,110592,0,1,36864,0,0,0,0,0,1,0,589824
1269,1269,AUX_EVENT,aux_behavior,110592,0,110592,0,1,36864,0,0,0,0,0,1,0,589824
1270,1270,AUX_EVENT,aux_behavior,110592,0,110592,0,1,36864,0,0,0,0,0,1,0,589824
1271,1271,LAYOUT,layout_rtl,2016,0,2016,0,1,1008,0,0,0,0,0,1,0,16128
1272,1272,LAYOUT,layout_rtl,2016,0,2016,0,1,1008,0,0,0,0,0,1,0,16128
1273,1273,AUX_EVENT,aux_behavior,3024,0,3024,0,1,1008,0,0,0,0,0,1,0,16128
1274,1274,LAYOUT,layout_rtl,2016,0,2016,0,1,1008,0,0,0,0,0,1,0,16128
1275,1275,LAYOUT,layout_rtl,2016,0,2016,0,1,1008,0,0,0,0,0,1,0,16128
1276,1276,GEMM_W8A8,rtl_gemm,19760,19760,0,12544,6144,1008,64,1008,12386304,6193152,16,16128,589824,16128
1277,1277,AUX_EVENT,aux_behavior,3024,0,3024,0,1,1008,0,0,0,0,0,1,0,16128
1278,1278,AUX_EVENT,aux_behavior,3024,0,3024,0,1,1008,0,0,0,0,0,1,0,16128
1279,1279,AUX_EVENT,aux_behavior,3024,0,3024,0,1,1008,0,0,0,0,0,1,0,16128
1280,1280,AUX_EVENT,aux_behavior,3024,0,3024,0,1,1008,0,0,0,0,0,1,0,16128
1281,1281,AUX_EVENT,aux_behavior,3024,0,3024,0,1,1008,0,0,0,0,0,1,0,16128
1282,1282,AUX_EVENT,aux_behavior,3024,0,3024,0,1,1008,0,0,0,0,0,1,0,16128
1283,1283,AUX_EVENT,aux_behavior,3024,0,3024,0,1,1008,0,0,0,0,0,1,0,16128
1284,1284,AUX_EVENT,aux_behavior,110592,0,110592,0,1,36864,0,0,0,0,0,1,0,589824
1285,1285,AUX_EVENT,aux_behavior,110592,0,110592,0,1,36864,0,0,0,0,0,1,0,589824
1286,1286,AUX_EVENT,aux_behavior,110592,0,110592,0,1,36864,0,0,0,0,0,1,0,589824
1287,1287,AUX_EVENT,aux_behavior,110592,0,110592,0,1,36864,0,0,0,0,0,1,0,589824
1288,1288,AUX_EVENT,aux_behavior,110592,0,110592,0,1,36864,0,0,0,0,0,1,0,589824
1289,1289,AUX_EVENT,aux_behavior,110592,0,110592,0,1,36864,0,0,0,0,0,1,0,589824
1290,1290,AUX_EVENT,aux_behavior,110592,0,110592,0,1,36864,0,0,0,0,0,1,0,589824
1291,1291,AUX_EVENT,aux_behavior,110592,0,110592,0,1,36864,0,0,0,0,0,1,0,589824
1292,1292,AUX_EVENT,aux_behavior,3024,0,3024,0,1,1008,0,0,0,0,0,1,0,16128
1293,1293,ADD,vector_rtl,2016,0,2016,0,1,1008,0,0,0,0,0,1,0,16128
1294,1294,LAYER_NORM,vector_rtl,2016,0,2016,0,1,1008,0,0,0,0,0,1,0,16128
1295,1295,GEMM_W8A8,rtl_gemm,1013,1013,0,0,1,1008,4,1008,0,0,0,0,0,16128
1296,1296,AUX_EVENT,aux_behavior,3024,0,3024,0,1,1008,0,0,0,0,0,1,0,16128
1297,1297,AUX_EVENT,aux_behavior,3024,0,3024,0,1,1008,0,0,0,0,0,1,0,16128
1298,1298,AUX_EVENT,aux_behavior,3024,0,3024,0,1,1008,0,0,0,0,0,1,0,16128
1299,1299,AUX_EVENT,aux_behavior,3024,0,3024,0,1,1008,0,0,0,0,0,1,0,16128
1300,1300,AUX_EVENT,aux_behavior,3024,0,3024,0,1,1008,0,0,0,0,0,1,0,16128
1301,1301,AUX_EVENT,aux_behavior,3024,0,3024,0,1,1008,0,0,0,0,0,1,0,16128
1302,1302,AUX_EVENT,aux_behavior,3024,0,3024,0,1,1008,0,0,0,0,0,1,0,16128
1303,1303,AUX_EVENT,aux_behavior,442368,0,442368,0,1,147456,0,0,0,0,0,1,0,2359296
1304,1304,AUX_EVENT,aux_behavior,442368,0,442368,0,1,147456,0,0,0,0,0,1,0,2359296
1305,1305,AUX_EVENT,aux_behavior,442368,0,442368,0,1,147456,0,0,0,0,0,1,0,2359296
1306,1306,AUX_EVENT,aux_behavior,442368,0,442368,0,1,147456,0,0,0,0,0,1,0,2359296
1307,1307,AUX_EVENT,aux_behavior,442368,0,442368,0,1,147456,0,0,0,0,0,1,0,2359296
1308,1308,AUX_EVENT,aux_behavior,442368,0,442368,0,1,147456,0,0,0,0,0,1,0,2359296
1309,1309,AUX_EVENT,aux_behavior,442368,0,442368,0,1,147456,0,0,0,0,0,1,0,2359296
1310,1310,AUX_EVENT,aux_behavior,442368,0,442368,0,1,147456,0,0,0,0,0,1,0,2359296
1311,1311,GELU,vector_rtl,8064,0,8064,0,1,4032,0,0,0,0,0,1,0,64512
1312,1312,GEMM_W8A8,rtl_gemm,4037,4037,0,0,1,4032,4,4032,0,0,0,0,0,64512
1313,1313,AUX_EVENT,aux_behavior,12096,0,12096,0,1,4032,0,0,0,0,0,1,0,64512
1314,1314,AUX_EVENT,aux_behavior,12096,0,12096,0,1,4032,0,0,0,0,0,1,0,64512
1315,1315,AUX_EVENT,aux_behavior,12096,0,12096,0,1,4032,0,0,0,0,0,1,0,64512
1316,1316,AUX_EVENT,aux_behavior,12096,0,12096,0,1,4032,0,0,0,0,0,1,0,64512
1317,1317,AUX_EVENT,aux_behavior,12096,0,12096,0,1,4032,0,0,0,0,0,1,0,64512
1318,1318,AUX_EVENT,aux_behavior,12096,0,12096,0,1,4032,0,0,0,0,0,1,0,64512
1319,1319,AUX_EVENT,aux_behavior,12096,0,12096,0,1,4032,0,0,0,0,0,1,0,64512
1320,1320,AUX_EVENT,aux_behavior,442368,0,442368,0,1,147456,0,0,0,0,0,1,0,2359296
1321,1321,AUX_EVENT,aux_behavior,442368,0,442368,0,1,147456,0,0,0,0,0,1,0,2359296
1322,1322,AUX_EVENT,aux_behavior,442368,0,442368,0,1,147456,0,0,0,0,0,1,0,2359296
1323,1323,AUX_EVENT,aux_behavior,442368,0,442368,0,1,147456,0,0,0,0,0,1,0,2359296
1324,1324,AUX_EVENT,aux_behavior,442368,0,442368,0,1,147456,0,0,0,0,0,1,0,2359296
1325,1325,AUX_EVENT,aux_behavior,442368,0,442368,0,1,147456,0,0,0,0,0,1,0,2359296
1326,1326,AUX_EVENT,aux_behavior,442368,0,442368,0,1,147456,0,0,0,0,0,1,0,2359296
1327,1327,AUX_EVENT,aux_behavior,442368,0,442368,0,1,147456,0,0,0,0,0,1,0,2359296
1328,1328,AUX_EVENT,aux_behavior,3024,0,3024,0,1,1008,0,0,0,0,0,1,0,16128
1329,1329,ADD,vector_rtl,2016,0,2016,0,1,1008,0,0,0,0,0,1,0,16128
1330,1330,LAYER_NORM,vector_rtl,2016,0,2016,0,1,1008,0,0,0,0,0,1,0,16128
1331,1331,GEMM_W8A8,rtl_gemm,19760,19760,0,12544,6144,1008,64,1008,12386304,6193152,16,16128,589824,16128
1332,1332,AUX_EVENT,aux_behavior,3024,0,3024,0,1,1008,0,0,0,0,0,1,0,16128
1333,1333,AUX_EVENT,aux_behavior,3024,0,3024,0,1,1008,0,0,0,0,0,1,0,16128
1334,1334,AUX_EVENT,aux_behavior,3024,0,3024,0,1,1008,0,0,0,0,0,1,0,16128
1335,1335,AUX_EVENT,aux_behavior,3024,0,3024,0,1,1008,0,0,0,0,0,1,0,16128
1336,1336,AUX_EVENT,aux_behavior,3024,0,3024,0,1,1008,0,0,0,0,0,1,0,16128
1337,1337,AUX_EVENT,aux_behavior,3024,0,3024,0,1,1008,0,0,0,0,0,1,0,16128
1338,1338,AUX_EVENT,aux_behavior,3024,0,3024,0,1,1008,0,0,0,0,0,1,0,16128
1339,1339,AUX_EVENT,aux_behavior,110592,0,110592,0,1,36864,0,0,0,0,0,1,0,589824
1340,1340,AUX_EVENT,aux_behavior,110592,0,110592,0,1,36864,0,0,0,0,0,1,0,589824
1341,1341,AUX_EVENT,aux_behavior,110592,0,110592,0,1,36864,0,0,0,0,0,1,0,589824
1342,1342,AUX_EVENT,aux_behavior,110592,0,110592,0,1,36864,0,0,0,0,0,1,0,589824
1343,1343,AUX_EVENT,aux_behavior,110592,0,110592,0,1,36864,0,0,0,0,0,1,0,589824
1344,1344,AUX_EVENT,aux_behavior,110592,0,110592,0,1,36864,0,0,0,0,0,1,0,589824
1345,1345,AUX_EVENT,aux_behavior,110592,0,110592,0,1,36864,0,0,0,0,0,1,0,589824
1346,1346,AUX_EVENT,aux_behavior,110592,0,110592,0,1,36864,0,0,0,0,0,1,0,589824
1347,1347,LAYOUT,layout_rtl,2016,0,2016,0,1,1008,0,0,0,0,0,1,0,16128
1348,1348,LAYOUT,layout_rtl,2016,0,2016,0,1,1008,0,0,0,0,0,1,0,16128
1349,1349,GEMM_W8A8,rtl_gemm,19760,19760,0,12544,6144,1008,64,1008,12386304,6193152,16,16128,589824,16128
1350,1350,AUX_EVENT,aux_behavior,3024,0,3024,0,1,1008,0,0,0,0,0,1,0,16128
1351,1351,AUX_EVENT,aux_behavior,3024,0,3024,0,1,1008,0,0,0,0,0,1,0,16128
1352,1352,AUX_EVENT,aux_behavior,3024,0,3024,0,1,1008,0,0,0,0,0,1,0,16128
1353,1353,AUX_EVENT,aux_behavior,3024,0,3024,0,1,1008,0,0,0,0,0,1,0,16128
1354,1354,AUX_EVENT,aux_behavior,3024,0,3024,0,1,1008,0,0,0,0,0,1,0,16128
1355,1355,AUX_EVENT,aux_behavior,3024,0,3024,0,1,1008,0,0,0,0,0,1,0,16128
1356,1356,AUX_EVENT,aux_behavior,3024,0,3024,0,1,1008,0,0,0,0,0,1,0,16128
1357,1357,AUX_EVENT,aux_behavior,110592,0,110592,0,1,36864,0,0,0,0,0,1,0,589824
1358,1358,AUX_EVENT,aux_behavior,110592,0,110592,0,1,36864,0,0,0,0,0,1,0,589824
1359,1359,AUX_EVENT,aux_behavior,110592,0,110592,0,1,36864,0,0,0,0,0,1,0,589824
1360,1360,AUX_EVENT,aux_behavior,110592,0,110592,0,1,36864,0,0,0,0,0,1,0,589824
1361,1361,AUX_EVENT,aux_behavior,110592,0,110592,0,1,36864,0,0,0,0,0,1,0,589824
1362,1362,AUX_EVENT,aux_behavior,110592,0,110592,0,1,36864,0,0,0,0,0,1,0,589824
1363,1363,AUX_EVENT,aux_behavior,110592,0,110592,0,1,36864,0,0,0,0,0,1,0,589824
1364,1364,AUX_EVENT,aux_behavior,110592,0,110592,0,1,36864,0,0,0,0,0,1,0,589824
1365,1365,LAYOUT,layout_rtl,2016,0,2016,0,1,1008,0,0,0,0,0,1,0,16128
1366,1366,LAYOUT,layout_rtl,2016,0,2016,0,1,1008,0,0,0,0,0,1,0,16128
1367,1367,GEMM_W8A8,rtl_gemm,19760,19760,0,12544,6144,1008,64,1008,12386304,6193152,16,16128,589824,16128
1368,1368,AUX_EVENT,aux_behavior,3024,0,3024,0,1,1008,0,0,0,0,0,1,0,16128
1369,1369,AUX_EVENT,aux_behavior,3024,0,3024,0,1,1008,0,0,0,0,0,1,0,16128
1370,1370,AUX_EVENT,aux_behavior,3024,0,3024,0,1,1008,0,0,0,0,0,1,0,16128
1371,1371,AUX_EVENT,aux_behavior,3024,0,3024,0,1,1008,0,0,0,0,0,1,0,16128
1372,1372,AUX_EVENT,aux_behavior,3024,0,3024,0,1,1008,0,0,0,0,0,1,0,16128
1373,1373,AUX_EVENT,aux_behavior,3024,0,3024,0,1,1008,0,0,0,0,0,1,0,16128
1374,1374,AUX_EVENT,aux_behavior,3024,0,3024,0,1,1008,0,0,0,0,0,1,0,16128
1375,1375,AUX_EVENT,aux_behavior,110592,0,110592,0,1,36864,0,0,0,0,0,1,0,589824
1376,1376,AUX_EVENT,aux_behavior,110592,0,110592,0,1,36864,0,0,0,0,0,1,0,589824
1377,1377,AUX_EVENT,aux_behavior,110592,0,110592,0,1,36864,0,0,0,0,0,1,0,589824
1378,1378,AUX_EVENT,aux_behavior,110592,0,110592,0,1,36864,0,0,0,0,0,1,0,589824
1379,1379,AUX_EVENT,aux_behavior,110592,0,110592,0,1,36864,0,0,0,0,0,1,0,589824
1380,1380,AUX_EVENT,aux_behavior,110592,0,110592,0,1,36864,0,0,0,0,0,1,0,589824
1381,1381,AUX_EVENT,aux_behavior,110592,0,110592,0,1,36864,0,0,0,0,0,1,0,589824
1382,1382,AUX_EVENT,aux_behavior,110592,0,110592,0,1,36864,0,0,0,0,0,1,0,589824
1383,1383,LAYOUT,layout_rtl,2016,0,2016,0,1,1008,0,0,0,0,0,1,0,16128
1384,1384,LAYOUT,layout_rtl,2016,0,2016,0,1,1008,0,0,0,0,0,1,0,16128
1385,1385,AUX_EVENT,aux_behavior,3024,0,3024,0,1,1008,0,0,0,0,0,1,0,16128
1386,1386,LAYOUT,layout_rtl,2016,0,2016,0,1,1008,0,0,0,0,0,1,0,16128
1387,1387,LAYOUT,layout_rtl,2016,0,2016,0,1,1008,0,0,0,0,0,1,0,16128
1388,1388,GEMM_W8A8,rtl_gemm,19760,19760,0,12544,6144,1008,64,1008,12386304,6193152,16,16128,589824,16128
1389,1389,AUX_EVENT,aux_behavior,3024,0,3024,0,1,1008,0,0,0,0,0,1,0,16128
1390,1390,AUX_EVENT,aux_behavior,3024,0,3024,0,1,1008,0,0,0,0,0,1,0,16128
1391,1391,AUX_EVENT,aux_behavior,3024,0,3024,0,1,1008,0,0,0,0,0,1,0,16128
1392,1392,AUX_EVENT,aux_behavior,3024,0,3024,0,1,1008,0,0,0,0,0,1,0,16128
1393,1393,AUX_EVENT,aux_behavior,3024,0,3024,0,1,1008,0,0,0,0,0,1,0,16128
1394,1394,AUX_EVENT,aux_behavior,3024,0,3024,0,1,1008,0,0,0,0,0,1,0,16128
1395,1395,AUX_EVENT,aux_behavior,3024,0,3024,0,1,1008,0,0,0,0,0,1,0,16128
1396,1396,AUX_EVENT,aux_behavior,110592,0,110592,0,1,36864,0,0,0,0,0,1,0,589824
1397,1397,AUX_EVENT,aux_behavior,110592,0,110592,0,1,36864,0,0,0,0,0,1,0,589824
1398,1398,AUX_EVENT,aux_behavior,110592,0,110592,0,1,36864,0,0,0,0,0,1,0,589824
1399,1399,AUX_EVENT,aux_behavior,110592,0,110592,0,1,36864,0,0,0,0,0,1,0,589824
1400,1400,AUX_EVENT,aux_behavior,110592,0,110592,0,1,36864,0,0,0,0,0,1,0,589824
1401,1401,AUX_EVENT,aux_behavior,110592,0,110592,0,1,36864,0,0,0,0,0,1,0,589824
1402,1402,AUX_EVENT,aux_behavior,110592,0,110592,0,1,36864,0,0,0,0,0,1,0,589824
1403,1403,AUX_EVENT,aux_behavior,110592,0,110592,0,1,36864,0,0,0,0,0,1,0,589824
1404,1404,AUX_EVENT,aux_behavior,3024,0,3024,0,1,1008,0,0,0,0,0,1,0,16128
1405,1405,ADD,vector_rtl,2016,0,2016,0,1,1008,0,0,0,0,0,1,0,16128
1406,1406,LAYER_NORM,vector_rtl,2016,0,2016,0,1,1008,0,0,0,0,0,1,0,16128
1407,1407,GEMM_W8A8,rtl_gemm,1013,1013,0,0,1,1008,4,1008,0,0,0,0,0,16128
1408,1408,AUX_EVENT,aux_behavior,3024,0,3024,0,1,1008,0,0,0,0,0,1,0,16128
1409,1409,AUX_EVENT,aux_behavior,3024,0,3024,0,1,1008,0,0,0,0,0,1,0,16128
1410,1410,AUX_EVENT,aux_behavior,3024,0,3024,0,1,1008,0,0,0,0,0,1,0,16128
1411,1411,AUX_EVENT,aux_behavior,3024,0,3024,0,1,1008,0,0,0,0,0,1,0,16128
1412,1412,AUX_EVENT,aux_behavior,3024,0,3024,0,1,1008,0,0,0,0,0,1,0,16128
1413,1413,AUX_EVENT,aux_behavior,3024,0,3024,0,1,1008,0,0,0,0,0,1,0,16128
1414,1414,AUX_EVENT,aux_behavior,3024,0,3024,0,1,1008,0,0,0,0,0,1,0,16128
1415,1415,AUX_EVENT,aux_behavior,442368,0,442368,0,1,147456,0,0,0,0,0,1,0,2359296
1416,1416,AUX_EVENT,aux_behavior,442368,0,442368,0,1,147456,0,0,0,0,0,1,0,2359296
1417,1417,AUX_EVENT,aux_behavior,442368,0,442368,0,1,147456,0,0,0,0,0,1,0,2359296
1418,1418,AUX_EVENT,aux_behavior,442368,0,442368,0,1,147456,0,0,0,0,0,1,0,2359296
1419,1419,AUX_EVENT,aux_behavior,442368,0,442368,0,1,147456,0,0,0,0,0,1,0,2359296
1420,1420,AUX_EVENT,aux_behavior,442368,0,442368,0,1,147456,0,0,0,0,0,1,0,2359296
1421,1421,AUX_EVENT,aux_behavior,442368,0,442368,0,1,147456,0,0,0,0,0,1,0,2359296
1422,1422,AUX_EVENT,aux_behavior,442368,0,442368,0,1,147456,0,0,0,0,0,1,0,2359296
1423,1423,GELU,vector_rtl,8064,0,8064,0,1,4032,0,0,0,0,0,1,0,64512
1424,1424,GEMM_W8A8,rtl_gemm,4037,4037,0,0,1,4032,4,4032,0,0,0,0,0,64512
1425,1425,AUX_EVENT,aux_behavior,12096,0,12096,0,1,4032,0,0,0,0,0,1,0,64512
1426,1426,AUX_EVENT,aux_behavior,12096,0,12096,0,1,4032,0,0,0,0,0,1,0,64512
1427,1427,AUX_EVENT,aux_behavior,12096,0,12096,0,1,4032,0,0,0,0,0,1,0,64512
1428,1428,AUX_EVENT,aux_behavior,12096,0,12096,0,1,4032,0,0,0,0,0,1,0,64512
1429,1429,AUX_EVENT,aux_behavior,12096,0,12096,0,1,4032,0,0,0,0,0,1,0,64512
1430,1430,AUX_EVENT,aux_behavior,12096,0,12096,0,1,4032,0,0,0,0,0,1,0,64512
1431,1431,AUX_EVENT,aux_behavior,12096,0,12096,0,1,4032,0,0,0,0,0,1,0,64512
1432,1432,AUX_EVENT,aux_behavior,442368,0,442368,0,1,147456,0,0,0,0,0,1,0,2359296
1433,1433,AUX_EVENT,aux_behavior,442368,0,442368,0,1,147456,0,0,0,0,0,1,0,2359296
1434,1434,AUX_EVENT,aux_behavior,442368,0,442368,0,1,147456,0,0,0,0,0,1,0,2359296
1435,1435,AUX_EVENT,aux_behavior,442368,0,442368,0,1,147456,0,0,0,0,0,1,0,2359296
1436,1436,AUX_EVENT,aux_behavior,442368,0,442368,0,1,147456,0,0,0,0,0,1,0,2359296
1437,1437,AUX_EVENT,aux_behavior,442368,0,442368,0,1,147456,0,0,0,0,0,1,0,2359296
1438,1438,AUX_EVENT,aux_behavior,442368,0,442368,0,1,147456,0,0,0,0,0,1,0,2359296
1439,1439,AUX_EVENT,aux_behavior,442368,0,442368,0,1,147456,0,0,0,0,0,1,0,2359296
1440,1440,AUX_EVENT,aux_behavior,3024,0,3024,0,1,1008,0,0,0,0,0,1,0,16128
1441,1441,ADD,vector_rtl,2016,0,2016,0,1,1008,0,0,0,0,0,1,0,16128
1442,1442,LAYER_NORM,vector_rtl,2016,0,2016,0,1,1008,0,0,0,0,0,1,0,16128
1443,1443,LAYOUT,layout_rtl,2016,0,2016,0,1,1008,0,0,0,0,0,1,0,16128
1444,1444,LAYOUT,layout_rtl,2016,0,2016,0,1,1008,0,0,0,0,0,1,0,16128
1445,1445,GEMM_W8A8,rtl_gemm,12496,12496,0,6272,6144,48,32,48,589824,294912,8,768,589824,768
1446,1446,AUX_EVENT,aux_behavior,144,0,144,0,1,48,0,0,0,0,0,1,0,768
1447,1447,AUX_EVENT,aux_behavior,144,0,144,0,1,48,0,0,0,0,0,1,0,768
1448,1448,AUX_EVENT,aux_behavior,144,0,144,0,1,48,0,0,0,0,0,1,0,768
1449,1449,AUX_EVENT,aux_behavior,144,0,144,0,1,48,0,0,0,0,0,1,0,768
1450,1450,AUX_EVENT,aux_behavior,144,0,144,0,1,48,0,0,0,0,0,1,0,768
1451,1451,AUX_EVENT,aux_behavior,144,0,144,0,1,48,0,0,0,0,0,1,0,768
1452,1452,AUX_EVENT,aux_behavior,144,0,144,0,1,48,0,0,0,0,0,1,0,768
1453,1453,AUX_EVENT,aux_behavior,110592,0,110592,0,1,36864,0,0,0,0,0,1,0,589824
1454,1454,AUX_EVENT,aux_behavior,110592,0,110592,0,1,36864,0,0,0,0,0,1,0,589824
1455,1455,AUX_EVENT,aux_behavior,110592,0,110592,0,1,36864,0,0,0,0,0,1,0,589824
1456,1456,AUX_EVENT,aux_behavior,110592,0,110592,0,1,36864,0,0,0,0,0,1,0,589824
1457,1457,AUX_EVENT,aux_behavior,110592,0,110592,0,1,36864,0,0,0,0,0,1,0,589824
1458,1458,AUX_EVENT,aux_behavior,110592,0,110592,0,1,36864,0,0,0,0,0,1,0,589824
1459,1459,AUX_EVENT,aux_behavior,110592,0,110592,0,1,36864,0,0,0,0,0,1,0,589824
1460,1460,AUX_EVENT,aux_behavior,110592,0,110592,0,1,36864,0,0,0,0,0,1,0,589824
1461,1461,TANH,vector_rtl,96,0,96,0,1,48,0,0,0,0,0,1,0,768
1462,1462,AUX_EVENT,aux_behavior,16,0,16,0,1,2,0,0,0,0,0,1,0,21
1463,1463,AUX_EVENT,aux_behavior,3024,0,3024,0,1,1008,0,0,0,0,0,1,0,16128
1464,1464,AUX_EVENT,aux_behavior,16,0,16,0,1,1,0,0,0,0,0,1,0,1
1465,1465,LAYOUT,layout_rtl,2016,0,2016,0,1,1008,0,0,0,0,0,1,0,16128
1466,1466,LAYOUT,layout_rtl,2016,0,2016,0,1,1008,0,0,0,0,0,1,0,16128
1467,1467,AUX_EVENT,aux_behavior,16,0,16,0,1,1,0,0,0,0,0,1,0,1
1468,1468,LAYOUT,layout_rtl,16,0,16,0,1,2,0,0,0,0,0,1,0,21
1469,1469,LAYOUT,layout_rtl,16,0,16,0,1,2,0,0,0,0,0,1,0,21
1470,1470,AUX_EVENT,aux_behavior,16,0,16,0,1,1,0,0,0,0,0,1,0,1
1471,1471,LAYOUT,layout_rtl,56,0,56,0,1,28,0,0,0,0,0,1,0,441
1472,1472,LAYOUT,layout_rtl,56,0,56,0,1,28,0,0,0,0,0,1,0,441
1473,1473,AUX_EVENT,aux_behavior,3024,0,3024,0,1,1008,0,0,0,0,0,1,0,16128
1474,1474,GEMM_W8A8,rtl_gemm,1013,1013,0,0,1,1008,4,1008,0,0,0,0,0,16128
1475,1475,AUX_EVENT,aux_behavior,3024,0,3024,0,1,1008,0,0,0,0,0,1,0,16128
1476,1476,AUX_EVENT,aux_behavior,3024,0,3024,0,1,1008,0,0,0,0,0,1,0,16128
1477,1477,AUX_EVENT,aux_behavior,3024,0,3024,0,1,1008,0,0,0,0,0,1,0,16128
1478,1478,AUX_EVENT,aux_behavior,3024,0,3024,0,1,1008,0,0,0,0,0,1,0,16128
1479,1479,AUX_EVENT,aux_behavior,3024,0,3024,0,1,1008,0,0,0,0,0,1,0,16128
1480,1480,AUX_EVENT,aux_behavior,3024,0,3024,0,1,1008,0,0,0,0,0,1,0,16128
1481,1481,AUX_EVENT,aux_behavior,3024,0,3024,0,1,1008,0,0,0,0,0,1,0,16128
1482,1482,AUX_EVENT,aux_behavior,36864,0,36864,0,1,12288,0,0,0,0,0,1,0,196608
1483,1483,AUX_EVENT,aux_behavior,36864,0,36864,0,1,12288,0,0,0,0,0,1,0,196608
1484,1484,AUX_EVENT,aux_behavior,36864,0,36864,0,1,12288,0,0,0,0,0,1,0,196608
1485,1485,AUX_EVENT,aux_behavior,36864,0,36864,0,1,12288,0,0,0,0,0,1,0,196608
1486,1486,AUX_EVENT,aux_behavior,36864,0,36864,0,1,12288,0,0,0,0,0,1,0,196608
1487,1487,AUX_EVENT,aux_behavior,36864,0,36864,0,1,12288,0,0,0,0,0,1,0,196608
1488,1488,AUX_EVENT,aux_behavior,36864,0,36864,0,1,12288,0,0,0,0,0,1,0,196608
1489,1489,AUX_EVENT,aux_behavior,36864,0,36864,0,1,12288,0,0,0,0,0,1,0,196608
1490,1490,AUX_EVENT,aux_behavior,16,0,16,0,1,2,0,0,0,0,0,1,0,21
1491,1491,LAYOUT,layout_rtl,49152,0,49152,0,1,24576,0,0,0,0,0,1,0,393216
1492,1492,LAYOUT,layout_rtl,49152,0,49152,0,1,24576,0,0,0,0,0,1,0,393216
1493,1493,AUX_EVENT,aux_behavior,16,0,16,0,1,1,0,0,0,0,0,1,0,1
1494,1494,AUX_EVENT,aux_behavior,16,0,16,0,1,1,0,0,0,0,0,1,0,1
1495,1495,AUX_EVENT,aux_behavior,36864,0,36864,0,1,12288,0,0,0,0,0,1,0,196608
1496,1496,AUX_EVENT,aux_behavior,36864,0,36864,0,1,12288,0,0,0,0,0,1,0,196608
1497,1497,AUX_EVENT,aux_behavior,144,0,144,0,1,48,0,0,0,0,0,1,0,768
1498,1498,AUX_EVENT,aux_behavior,110592,0,110592,0,1,36864,0,0,0,0,0,1,0,589824
1499,1499,AUX_EVENT,aux_behavior,36864,0,36864,0,1,12288,0,0,0,0,0,1,0,196608
1500,1500,CONV_IM2COL,aux_behavior,147456,0,147456,0,1,12288,0,0,0,0,0,1,0,196608
1501,1501,LAYOUT,layout_rtl,24576,0,24576,0,1,12288,0,0,0,0,0,1,0,196608
1502,1502,LAYOUT,layout_rtl,24576,0,24576,0,1,12288,0,0,0,0,0,1,0,196608
1503,1503,LAYOUT,layout_rtl,96,0,96,0,1,48,0,0,0,0,0,1,0,768
1504,1504,LAYOUT,layout_rtl,384,0,384,0,1,192,0,0,0,0,0,1,0,3072
1505,1505,LAYOUT,layout_rtl,96,0,96,0,1,48,0,0,0,0,0,1,0,768
1506,1506,AUX_EVENT,aux_behavior,16,0,16,0,1,1,0,0,0,0,0,1,0,1
1507,1507,AUX_EVENT,aux_behavior,16,0,16,0,1,1,0,0,0,0,0,1,0,1
1508,1508,DIV,vector_rtl,16,0,16,0,1,1,0,0,0,0,0,1,0,16
1509,1509,DIV,vector_rtl,16,0,16,0,1,1,0,0,0,0,0,1,0,16
1510,1510,AUX_EVENT,aux_behavior,16,0,16,0,1,1,0,0,0,0,0,1,0,16
1511,1511,AUX_EVENT,aux_behavior,48,0,48,0,1,16,0,0,0,0,0,1,0,256
1512,1512,LAYOUT,layout_rtl,64,0,64,0,1,32,0,0,0,0,0,1,0,512
1513,1513,MUL,vector_rtl,64,0,64,0,1,32,0,0,0,0,0,1,0,512
1514,1514,ADD,vector_rtl,64,0,64,0,1,32,0,0,0,0,0,1,0,512
1515,1515,LAYOUT,layout_rtl,64,0,64,0,1,32,0,0,0,0,0,1,0,512
1516,1516,LAYOUT,layout_rtl,64,0,64,0,1,32,0,0,0,0,0,1,0,512
1517,1517,LAYOUT,layout_rtl,64,0,64,0,1,32,0,0,0,0,0,1,0,512
1518,1518,MUL,vector_rtl,64,0,64,0,1,32,0,0,0,0,0,1,0,512
1519,1519,LAYOUT,layout_rtl,16,0,16,0,1,1,0,0,0,0,0,1,0,16
1520,1520,LAYOUT,layout_rtl,16,0,16,0,1,1,0,0,0,0,0,1,0,16
1521,1521,LAYOUT,layout_rtl,16,0,16,0,1,1,0,0,0,0,0,1,0,16
1522,1522,MUL,vector_rtl,64,0,64,0,1,32,0,0,0,0,0,1,0,512
1523,1523,LAYOUT,layout_rtl,1024,0,1024,0,1,512,0,0,0,0,0,1,0,8192
1524,1524,LAYOUT,layout_rtl,1024,0,1024,0,1,512,0,0,0,0,0,1,0,8192
1525,1525,COS,vector_rtl,2048,0,2048,0,1,1024,0,0,0,0,0,1,0,16384
1526,1526,SIN,vector_rtl,2048,0,2048,0,1,1024,0,0,0,0,0,1,0,16384
1527,1527,AUX_EVENT,aux_behavior,3072,0,3072,0,1,1024,0,0,0,0,0,1,0,16384
1528,1528,AUX_EVENT,aux_behavior,3072,0,3072,0,1,1024,0,0,0,0,0,1,0,16384
1529,1529,LAYER_NORM,vector_rtl,25056,0,25056,0,1,12528,0,0,0,0,0,1,0,200448
1530,1530,AUX_EVENT,aux_behavior,144,0,144,0,1,48,0,0,0,0,0,1,0,768
1531,1531,AUX_EVENT,aux_behavior,110592,0,110592,0,1,36864,0,0,0,0,0,1,0,589824
1532,1532,AUX_EVENT,aux_behavior,37584,0,37584,0,1,12528,0,0,0,0,0,1,0,200448
1533,1533,GEMM_W8A8,rtl_gemm,132752,132752,0,106624,13056,12528,544,12528,153944064,76972032,136,200448,589824,200448
1534,1534,AUX_EVENT,aux_behavior,37584,0,37584,0,1,12528,0,0,0,0,0,1,0,200448
1535,1535,AUX_EVENT,aux_behavior,37584,0,37584,0,1,12528,0,0,0,0,0,1,0,200448
1536,1536,AUX_EVENT,aux_behavior,37584,0,37584,0,1,12528,0,0,0,0,0,1,0,200448
1537,1537,AUX_EVENT,aux_behavior,37584,0,37584,0,1,12528,0,0,0,0,0,1,0,200448
1538,1538,AUX_EVENT,aux_behavior,37584,0,37584,0,1,12528,0,0,0,0,0,1,0,200448
1539,1539,AUX_EVENT,aux_behavior,37584,0,37584,0,1,12528,0,0,0,0,0,1,0,200448
1540,1540,AUX_EVENT,aux_behavior,37584,0,37584,0,1,12528,0,0,0,0,0,1,0,200448
1541,1541,AUX_EVENT,aux_behavior,110592,0,110592,0,1,36864,0,0,0,0,0,1,0,589824
1542,1542,AUX_EVENT,aux_behavior,110592,0,110592,0,1,36864,0,0,0,0,0,1,0,589824
1543,1543,AUX_EVENT,aux_behavior,110592,0,110592,0,1,36864,0,0,0,0,0,1,0,589824
1544,1544,AUX_EVENT,aux_behavior,110592,0,110592,0,1,36864,0,0,0,0,0,1,0,589824
1545,1545,AUX_EVENT,aux_behavior,110592,0,110592,0,1,36864,0,0,0,0,0,1,0,589824
1546,1546,AUX_EVENT,aux_behavior,110592,0,110592,0,1,36864,0,0,0,0,0,1,0,589824
1547,1547,AUX_EVENT,aux_behavior,110592,0,110592,0,1,36864,0,0,0,0,0,1,0,589824
1548,1548,AUX_EVENT,aux_behavior,110592,0,110592,0,1,36864,0,0,0,0,0,1,0,589824
1549,1549,AUX_EVENT,aux_behavior,110592,0,110592,0,1,36864,0,0,0,0,0,1,0,589824
1550,1550,AUX_EVENT,aux_behavior,37584,0,37584,0,1,12528,0,0,0,0,0,1,0,200448
1551,1551,GEMM_W8A8,rtl_gemm,132752,132752,0,106624,13056,12528,544,12528,153944064,76972032,136,200448,589824,200448
1552,1552,AUX_EVENT,aux_behavior,37584,0,37584,0,1,12528,0,0,0,0,0,1,0,200448
1553,1553,AUX_EVENT,aux_behavior,37584,0,37584,0,1,12528,0,0,0,0,0,1,0,200448
1554,1554,AUX_EVENT,aux_behavior,37584,0,37584,0,1,12528,0,0,0,0,0,1,0,200448
1555,1555,AUX_EVENT,aux_behavior,37584,0,37584,0,1,12528,0,0,0,0,0,1,0,200448
1556,1556,AUX_EVENT,aux_behavior,37584,0,37584,0,1,12528,0,0,0,0,0,1,0,200448
1557,1557,AUX_EVENT,aux_behavior,37584,0,37584,0,1,12528,0,0,0,0,0,1,0,200448
1558,1558,AUX_EVENT,aux_behavior,37584,0,37584,0,1,12528,0,0,0,0,0,1,0,200448
1559,1559,AUX_EVENT,aux_behavior,110592,0,110592,0,1,36864,0,0,0,0,0,1,0,589824
1560,1560,AUX_EVENT,aux_behavior,110592,0,110592,0,1,36864,0,0,0,0,0,1,0,589824
1561,1561,AUX_EVENT,aux_behavior,110592,0,110592,0,1,36864,0,0,0,0,0,1,0,589824
1562,1562,AUX_EVENT,aux_behavior,110592,0,110592,0,1,36864,0,0,0,0,0,1,0,589824
1563,1563,AUX_EVENT,aux_behavior,110592,0,110592,0,1,36864,0,0,0,0,0,1,0,589824
1564,1564,AUX_EVENT,aux_behavior,110592,0,110592,0,1,36864,0,0,0,0,0,1,0,589824
1565,1565,AUX_EVENT,aux_behavior,110592,0,110592,0,1,36864,0,0,0,0,0,1,0,589824
1566,1566,AUX_EVENT,aux_behavior,110592,0,110592,0,1,36864,0,0,0,0,0,1,0,589824
1567,1567,AUX_EVENT,aux_behavior,144,0,144,0,1,48,0,0,0,0,0,1,0,768
1568,1568,AUX_EVENT,aux_behavior,110592,0,110592,0,1,36864,0,0,0,0,0,1,0,589824
1569,1569,AUX_EVENT,aux_behavior,37584,0,37584,0,1,12528,0,0,0,0,0,1,0,200448
1570,1570,GEMM_W8A8,rtl_gemm,132752,132752,0,106624,13056,12528,544,12528,153944064,76972032,136,200448,589824,200448
1571,1571,AUX_EVENT,aux_behavior,37584,0,37584,0,1,12528,0,0,0,0,0,1,0,200448
1572,1572,AUX_EVENT,aux_behavior,37584,0,37584,0,1,12528,0,0,0,0,0,1,0,200448
1573,1573,AUX_EVENT,aux_behavior,37584,0,37584,0,1,12528,0,0,0,0,0,1,0,200448
1574,1574,AUX_EVENT,aux_behavior,37584,0,37584,0,1,12528,0,0,0,0,0,1,0,200448
1575,1575,AUX_EVENT,aux_behavior,37584,0,37584,0,1,12528,0,0,0,0,0,1,0,200448
1576,1576,AUX_EVENT,aux_behavior,37584,0,37584,0,1,12528,0,0,0,0,0,1,0,200448
1577,1577,AUX_EVENT,aux_behavior,37584,0,37584,0,1,12528,0,0,0,0,0,1,0,200448
1578,1578,AUX_EVENT,aux_behavior,110592,0,110592,0,1,36864,0,0,0,0,0,1,0,589824
1579,1579,AUX_EVENT,aux_behavior,110592,0,110592,0,1,36864,0,0,0,0,0,1,0,589824
1580,1580,AUX_EVENT,aux_behavior,110592,0,110592,0,1,36864,0,0,0,0,0,1,0,589824
1581,1581,AUX_EVENT,aux_behavior,110592,0,110592,0,1,36864,0,0,0,0,0,1,0,589824
1582,1582,AUX_EVENT,aux_behavior,110592,0,110592,0,1,36864,0,0,0,0,0,1,0,589824
1583,1583,AUX_EVENT,aux_behavior,110592,0,110592,0,1,36864,0,0,0,0,0,1,0,589824
1584,1584,AUX_EVENT,aux_behavior,110592,0,110592,0,1,36864,0,0,0,0,0,1,0,589824
1585,1585,AUX_EVENT,aux_behavior,110592,0,110592,0,1,36864,0,0,0,0,0,1,0,589824
1586,1586,LAYOUT,layout_rtl,25056,0,25056,0,1,12528,0,0,0,0,0,1,0,200448
1587,1587,LAYOUT,layout_rtl,25056,0,25056,0,1,12528,0,0,0,0,0,1,0,200448
1588,1588,LAYOUT,layout_rtl,25056,0,25056,0,1,12528,0,0,0,0,0,1,0,200448
1589,1589,LAYOUT,layout_rtl,25056,0,25056,0,1,12528,0,0,0,0,0,1,0,200448
1590,1590,LAYOUT,layout_rtl,25056,0,25056,0,1,12528,0,0,0,0,0,1,0,200448
1591,1591,LAYOUT,layout_rtl,25056,0,25056,0,1,12528,0,0,0,0,0,1,0,200448
1592,1592,AUX_EVENT,aux_behavior,37584,0,37584,0,1,12528,0,0,0,0,0,1,0,200448
1593,1593,AUX_EVENT,aux_behavior,37584,0,37584,0,1,12528,0,0,0,0,0,1,0,200448
1594,1594,MUL,vector_rtl,24576,0,24576,0,1,12288,0,0,0,0,0,1,0,196608
1595,1595,LAYOUT,layout_rtl,24576,0,24576,0,1,12288,0,0,0,0,0,1,0,196608
1596,1596,LAYOUT,layout_rtl,24576,0,24576,0,1,12288,0,0,0,0,0,1,0,196608
1597,1597,AUX_EVENT,aux_behavior,18432,0,18432,0,1,6144,0,0,0,0,0,1,0,98304
1598,1598,LAYOUT,layout_rtl,12288,0,12288,0,1,6144,0,0,0,0,0,1,0,98304
1599,1599,MUL,vector_rtl,24576,0,24576,0,1,12288,0,0,0,0,0,1,0,196608
1600,1600,ADD,vector_rtl,24576,0,24576,0,1,12288,0,0,0,0,0,1,0,196608
1601,1601,MUL,vector_rtl,24576,0,24576,0,1,12288,0,0,0,0,0,1,0,196608
1602,1602,LAYOUT,layout_rtl,24576,0,24576,0,1,12288,0,0,0,0,0,1,0,196608
1603,1603,LAYOUT,layout_rtl,24576,0,24576,0,1,12288,0,0,0,0,0,1,0,196608
1604,1604,AUX_EVENT,aux_behavior,18432,0,18432,0,1,6144,0,0,0,0,0,1,0,98304
1605,1605,LAYOUT,layout_rtl,12288,0,12288,0,1,6144,0,0,0,0,0,1,0,98304
1606,1606,MUL,vector_rtl,24576,0,24576,0,1,12288,0,0,0,0,0,1,0,196608
1607,1607,ADD,vector_rtl,24576,0,24576,0,1,12288,0,0,0,0,0,1,0,196608
1608,1608,LAYOUT,layout_rtl,480,0,480,0,1,240,0,0,0,0,0,1,0,3840
1609,1609,LAYOUT,layout_rtl,480,0,480,0,1,240,0,0,0,0,0,1,0,3840
1610,1610,AUX_EVENT,aux_behavior,37584,0,37584,0,1,12528,0,0,0,0,0,1,0,200448
1611,1611,AUX_EVENT,aux_behavior,37584,0,37584,0,1,12528,0,0,0,0,0,1,0,200448
1612,1612,AUX_EVENT,aux_behavior,37584,0,37584,0,1,12528,0,0,0,0,0,1,0,200448
1613,1613,LAYOUT,layout_rtl,25056,0,25056,0,1,12528,0,0,0,0,0,1,0,200448
1614,1614,LAYOUT,layout_rtl,25056,0,25056,0,1,12528,0,0,0,0,0,1,0,200448
1615,1615,LAYOUT,layout_rtl,25056,0,25056,0,1,12528,0,0,0,0,0,1,0,200448
1616,1616,AUX_EVENT,aux_behavior,144,0,144,0,1,48,0,0,0,0,0,1,0,768
1617,1617,AUX_EVENT,aux_behavior,110592,0,110592,0,1,36864,0,0,0,0,0,1,0,589824
1618,1618,GEMM_W8A8,rtl_gemm,132752,132752,0,106624,13056,12528,544,12528,153944064,76972032,136,200448,589824,200448
1619,1619,AUX_EVENT,aux_behavior,37584,0,37584,0,1,12528,0,0,0,0,0,1,0,200448
1620,1620,AUX_EVENT,aux_behavior,37584,0,37584,0,1,12528,0,0,0,0,0,1,0,200448
1621,1621,AUX_EVENT,aux_behavior,37584,0,37584,0,1,12528,0,0,0,0,0,1,0,200448
1622,1622,AUX_EVENT,aux_behavior,37584,0,37584,0,1,12528,0,0,0,0,0,1,0,200448
1623,1623,AUX_EVENT,aux_behavior,37584,0,37584,0,1,12528,0,0,0,0,0,1,0,200448
1624,1624,AUX_EVENT,aux_behavior,37584,0,37584,0,1,12528,0,0,0,0,0,1,0,200448
1625,1625,AUX_EVENT,aux_behavior,37584,0,37584,0,1,12528,0,0,0,0,0,1,0,200448
1626,1626,AUX_EVENT,aux_behavior,110592,0,110592,0,1,36864,0,0,0,0,0,1,0,589824
1627,1627,AUX_EVENT,aux_behavior,110592,0,110592,0,1,36864,0,0,0,0,0,1,0,589824
1628,1628,AUX_EVENT,aux_behavior,110592,0,110592,0,1,36864,0,0,0,0,0,1,0,589824
1629,1629,AUX_EVENT,aux_behavior,110592,0,110592,0,1,36864,0,0,0,0,0,1,0,589824
1630,1630,AUX_EVENT,aux_behavior,110592,0,110592,0,1,36864,0,0,0,0,0,1,0,589824
1631,1631,AUX_EVENT,aux_behavior,110592,0,110592,0,1,36864,0,0,0,0,0,1,0,589824
1632,1632,AUX_EVENT,aux_behavior,110592,0,110592,0,1,36864,0,0,0,0,0,1,0,589824
1633,1633,AUX_EVENT,aux_behavior,110592,0,110592,0,1,36864,0,0,0,0,0,1,0,589824
1634,1634,MUL,vector_rtl,25056,0,25056,0,1,12528,0,0,0,0,0,1,0,200448
1635,1635,ADD,vector_rtl,25056,0,25056,0,1,12528,0,0,0,0,0,1,0,200448
1636,1636,LAYER_NORM,vector_rtl,25056,0,25056,0,1,12528,0,0,0,0,0,1,0,200448
1637,1637,AUX_EVENT,aux_behavior,576,0,576,0,1,192,0,0,0,0,0,1,0,3072
1638,1638,AUX_EVENT,aux_behavior,442368,0,442368,0,1,147456,0,0,0,0,0,1,0,2359296
1639,1639,AUX_EVENT,aux_behavior,37584,0,37584,0,1,12528,0,0,0,0,0,1,0,200448
1640,1640,GEMM_W8A8,rtl_gemm,12533,12533,0,0,1,12528,4,12528,0,0,0,0,0,200448
1641,1641,AUX_EVENT,aux_behavior,37584,0,37584,0,1,12528,0,0,0,0,0,1,0,200448
1642,1642,AUX_EVENT,aux_behavior,37584,0,37584,0,1,12528,0,0,0,0,0,1,0,200448
1643,1643,AUX_EVENT,aux_behavior,37584,0,37584,0,1,12528,0,0,0,0,0,1,0,200448
1644,1644,AUX_EVENT,aux_behavior,37584,0,37584,0,1,12528,0,0,0,0,0,1,0,200448
1645,1645,AUX_EVENT,aux_behavior,37584,0,37584,0,1,12528,0,0,0,0,0,1,0,200448
1646,1646,AUX_EVENT,aux_behavior,37584,0,37584,0,1,12528,0,0,0,0,0,1,0,200448
1647,1647,AUX_EVENT,aux_behavior,37584,0,37584,0,1,12528,0,0,0,0,0,1,0,200448
1648,1648,AUX_EVENT,aux_behavior,442368,0,442368,0,1,147456,0,0,0,0,0,1,0,2359296
1649,1649,AUX_EVENT,aux_behavior,442368,0,442368,0,1,147456,0,0,0,0,0,1,0,2359296
1650,1650,AUX_EVENT,aux_behavior,442368,0,442368,0,1,147456,0,0,0,0,0,1,0,2359296
1651,1651,AUX_EVENT,aux_behavior,442368,0,442368,0,1,147456,0,0,0,0,0,1,0,2359296
1652,1652,AUX_EVENT,aux_behavior,442368,0,442368,0,1,147456,0,0,0,0,0,1,0,2359296
1653,1653,AUX_EVENT,aux_behavior,442368,0,442368,0,1,147456,0,0,0,0,0,1,0,2359296
1654,1654,AUX_EVENT,aux_behavior,442368,0,442368,0,1,147456,0,0,0,0,0,1,0,2359296
1655,1655,AUX_EVENT,aux_behavior,442368,0,442368,0,1,147456,0,0,0,0,0,1,0,2359296
1656,1656,GELU,vector_rtl,100224,0,100224,0,1,50112,0,0,0,0,0,1,0,801792
1657,1657,AUX_EVENT,aux_behavior,144,0,144,0,1,48,0,0,0,0,0,1,0,768
1658,1658,AUX_EVENT,aux_behavior,442368,0,442368,0,1,147456,0,0,0,0,0,1,0,2359296
1659,1659,GEMM_W8A8,rtl_gemm,50117,50117,0,0,1,50112,4,50112,0,0,0,0,0,801792
1660,1660,AUX_EVENT,aux_behavior,150336,0,150336,0,1,50112,0,0,0,0,0,1,0,801792
1661,1661,AUX_EVENT,aux_behavior,150336,0,150336,0,1,50112,0,0,0,0,0,1,0,801792
1662,1662,AUX_EVENT,aux_behavior,150336,0,150336,0,1,50112,0,0,0,0,0,1,0,801792
1663,1663,AUX_EVENT,aux_behavior,150336,0,150336,0,1,50112,0,0,0,0,0,1,0,801792
1664,1664,AUX_EVENT,aux_behavior,150336,0,150336,0,1,50112,0,0,0,0,0,1,0,801792
1665,1665,AUX_EVENT,aux_behavior,150336,0,150336,0,1,50112,0,0,0,0,0,1,0,801792
1666,1666,AUX_EVENT,aux_behavior,150336,0,150336,0,1,50112,0,0,0,0,0,1,0,801792
1667,1667,AUX_EVENT,aux_behavior,442368,0,442368,0,1,147456,0,0,0,0,0,1,0,2359296
1668,1668,AUX_EVENT,aux_behavior,442368,0,442368,0,1,147456,0,0,0,0,0,1,0,2359296
1669,1669,AUX_EVENT,aux_behavior,442368,0,442368,0,1,147456,0,0,0,0,0,1,0,2359296
1670,1670,AUX_EVENT,aux_behavior,442368,0,442368,0,1,147456,0,0,0,0,0,1,0,2359296
1671,1671,AUX_EVENT,aux_behavior,442368,0,442368,0,1,147456,0,0,0,0,0,1,0,2359296
1672,1672,AUX_EVENT,aux_behavior,442368,0,442368,0,1,147456,0,0,0,0,0,1,0,2359296
1673,1673,AUX_EVENT,aux_behavior,442368,0,442368,0,1,147456,0,0,0,0,0,1,0,2359296
1674,1674,AUX_EVENT,aux_behavior,442368,0,442368,0,1,147456,0,0,0,0,0,1,0,2359296
1675,1675,MUL,vector_rtl,25056,0,25056,0,1,12528,0,0,0,0,0,1,0,200448
1676,1676,ADD,vector_rtl,25056,0,25056,0,1,12528,0,0,0,0,0,1,0,200448
1677,1677,LAYER_NORM,vector_rtl,25056,0,25056,0,1,12528,0,0,0,0,0,1,0,200448
1678,1678,AUX_EVENT,aux_behavior,144,0,144,0,1,48,0,0,0,0,0,1,0,768
1679,1679,AUX_EVENT,aux_behavior,110592,0,110592,0,1,36864,0,0,0,0,0,1,0,589824
1680,1680,AUX_EVENT,aux_behavior,37584,0,37584,0,1,12528,0,0,0,0,0,1,0,200448
1681,1681,GEMM_W8A8,rtl_gemm,132752,132752,0,106624,13056,12528,544,12528,153944064,76972032,136,200448,589824,200448
1682,1682,AUX_EVENT,aux_behavior,37584,0,37584,0,1,12528,0,0,0,0,0,1,0,200448
1683,1683,AUX_EVENT,aux_behavior,37584,0,37584,0,1,12528,0,0,0,0,0,1,0,200448
1684,1684,AUX_EVENT,aux_behavior,37584,0,37584,0,1,12528,0,0,0,0,0,1,0,200448
1685,1685,AUX_EVENT,aux_behavior,37584,0,37584,0,1,12528,0,0,0,0,0,1,0,200448
1686,1686,AUX_EVENT,aux_behavior,37584,0,37584,0,1,12528,0,0,0,0,0,1,0,200448
1687,1687,AUX_EVENT,aux_behavior,37584,0,37584,0,1,12528,0,0,0,0,0,1,0,200448
1688,1688,AUX_EVENT,aux_behavior,37584,0,37584,0,1,12528,0,0,0,0,0,1,0,200448
1689,1689,AUX_EVENT,aux_behavior,110592,0,110592,0,1,36864,0,0,0,0,0,1,0,589824
1690,1690,AUX_EVENT,aux_behavior,110592,0,110592,0,1,36864,0,0,0,0,0,1,0,589824
1691,1691,AUX_EVENT,aux_behavior,110592,0,110592,0,1,36864,0,0,0,0,0,1,0,589824
1692,1692,AUX_EVENT,aux_behavior,110592,0,110592,0,1,36864,0,0,0,0,0,1,0,589824
1693,1693,AUX_EVENT,aux_behavior,110592,0,110592,0,1,36864,0,0,0,0,0,1,0,589824
1694,1694,AUX_EVENT,aux_behavior,110592,0,110592,0,1,36864,0,0,0,0,0,1,0,589824
1695,1695,AUX_EVENT,aux_behavior,110592,0,110592,0,1,36864,0,0,0,0,0,1,0,589824
1696,1696,AUX_EVENT,aux_behavior,110592,0,110592,0,1,36864,0,0,0,0,0,1,0,589824
1697,1697,AUX_EVENT,aux_behavior,110592,0,110592,0,1,36864,0,0,0,0,0,1,0,589824
1698,1698,AUX_EVENT,aux_behavior,37584,0,37584,0,1,12528,0,0,0,0,0,1,0,200448
1699,1699,GEMM_W8A8,rtl_gemm,132752,132752,0,106624,13056,12528,544,12528,153944064,76972032,136,200448,589824,200448
1700,1700,AUX_EVENT,aux_behavior,37584,0,37584,0,1,12528,0,0,0,0,0,1,0,200448
1701,1701,AUX_EVENT,aux_behavior,37584,0,37584,0,1,12528,0,0,0,0,0,1,0,200448
1702,1702,AUX_EVENT,aux_behavior,37584,0,37584,0,1,12528,0,0,0,0,0,1,0,200448
1703,1703,AUX_EVENT,aux_behavior,37584,0,37584,0,1,12528,0,0,0,0,0,1,0,200448
1704,1704,AUX_EVENT,aux_behavior,37584,0,37584,0,1,12528,0,0,0,0,0,1,0,200448
1705,1705,AUX_EVENT,aux_behavior,37584,0,37584,0,1,12528,0,0,0,0,0,1,0,200448
1706,1706,AUX_EVENT,aux_behavior,37584,0,37584,0,1,12528,0,0,0,0,0,1,0,200448
1707,1707,AUX_EVENT,aux_behavior,110592,0,110592,0,1,36864,0,0,0,0,0,1,0,589824
1708,1708,AUX_EVENT,aux_behavior,110592,0,110592,0,1,36864,0,0,0,0,0,1,0,589824
1709,1709,AUX_EVENT,aux_behavior,110592,0,110592,0,1,36864,0,0,0,0,0,1,0,589824
1710,1710,AUX_EVENT,aux_behavior,110592,0,110592,0,1,36864,0,0,0,0,0,1,0,589824
1711,1711,AUX_EVENT,aux_behavior,110592,0,110592,0,1,36864,0,0,0,0,0,1,0,589824
1712,1712,AUX_EVENT,aux_behavior,110592,0,110592,0,1,36864,0,0,0,0,0,1,0,589824
1713,1713,AUX_EVENT,aux_behavior,110592,0,110592,0,1,36864,0,0,0,0,0,1,0,589824
1714,1714,AUX_EVENT,aux_behavior,110592,0,110592,0,1,36864,0,0,0,0,0,1,0,589824
1715,1715,AUX_EVENT,aux_behavior,144,0,144,0,1,48,0,0,0,0,0,1,0,768
1716,1716,AUX_EVENT,aux_behavior,110592,0,110592,0,1,36864,0,0,0,0,0,1,0,589824
1717,1717,AUX_EVENT,aux_behavior,37584,0,37584,0,1,12528,0,0,0,0,0,1,0,200448
1718,1718,GEMM_W8A8,rtl_gemm,132752,132752,0,106624,13056,12528,544,12528,153944064,76972032,136,200448,589824,200448
1719,1719,AUX_EVENT,aux_behavior,37584,0,37584,0,1,12528,0,0,0,0,0,1,0,200448
1720,1720,AUX_EVENT,aux_behavior,37584,0,37584,0,1,12528,0,0,0,0,0,1,0,200448
1721,1721,AUX_EVENT,aux_behavior,37584,0,37584,0,1,12528,0,0,0,0,0,1,0,200448
1722,1722,AUX_EVENT,aux_behavior,37584,0,37584,0,1,12528,0,0,0,0,0,1,0,200448
1723,1723,AUX_EVENT,aux_behavior,37584,0,37584,0,1,12528,0,0,0,0,0,1,0,200448
1724,1724,AUX_EVENT,aux_behavior,37584,0,37584,0,1,12528,0,0,0,0,0,1,0,200448
1725,1725,AUX_EVENT,aux_behavior,37584,0,37584,0,1,12528,0,0,0,0,0,1,0,200448
1726,1726,AUX_EVENT,aux_behavior,110592,0,110592,0,1,36864,0,0,0,0,0,1,0,589824
1727,1727,AUX_EVENT,aux_behavior,110592,0,110592,0,1,36864,0,0,0,0,0,1,0,589824
1728,1728,AUX_EVENT,aux_behavior,110592,0,110592,0,1,36864,0,0,0,0,0,1,0,589824
1729,1729,AUX_EVENT,aux_behavior,110592,0,110592,0,1,36864,0,0,0,0,0,1,0,589824
1730,1730,AUX_EVENT,aux_behavior,110592,0,110592,0,1,36864,0,0,0,0,0,1,0,589824
1731,1731,AUX_EVENT,aux_behavior,110592,0,110592,0,1,36864,0,0,0,0,0,1,0,589824
1732,1732,AUX_EVENT,aux_behavior,110592,0,110592,0,1,36864,0,0,0,0,0,1,0,589824
1733,1733,AUX_EVENT,aux_behavior,110592,0,110592,0,1,36864,0,0,0,0,0,1,0,589824
1734,1734,LAYOUT,layout_rtl,25056,0,25056,0,1,12528,0,0,0,0,0,1,0,200448
1735,1735,LAYOUT,layout_rtl,25056,0,25056,0,1,12528,0,0,0,0,0,1,0,200448
1736,1736,LAYOUT,layout_rtl,25056,0,25056,0,1,12528,0,0,0,0,0,1,0,200448
1737,1737,LAYOUT,layout_rtl,25056,0,25056,0,1,12528,0,0,0,0,0,1,0,200448
1738,1738,LAYOUT,layout_rtl,25056,0,25056,0,1,12528,0,0,0,0,0,1,0,200448
1739,1739,LAYOUT,layout_rtl,25056,0,25056,0,1,12528,0,0,0,0,0,1,0,200448
1740,1740,AUX_EVENT,aux_behavior,37584,0,37584,0,1,12528,0,0,0,0,0,1,0,200448
1741,1741,AUX_EVENT,aux_behavior,37584,0,37584,0,1,12528,0,0,0,0,0,1,0,200448
1742,1742,MUL,vector_rtl,24576,0,24576,0,1,12288,0,0,0,0,0,1,0,196608
1743,1743,LAYOUT,layout_rtl,24576,0,24576,0,1,12288,0,0,0,0,0,1,0,196608
1744,1744,LAYOUT,layout_rtl,24576,0,24576,0,1,12288,0,0,0,0,0,1,0,196608
1745,1745,AUX_EVENT,aux_behavior,18432,0,18432,0,1,6144,0,0,0,0,0,1,0,98304
1746,1746,LAYOUT,layout_rtl,12288,0,12288,0,1,6144,0,0,0,0,0,1,0,98304
1747,1747,MUL,vector_rtl,24576,0,24576,0,1,12288,0,0,0,0,0,1,0,196608
1748,1748,ADD,vector_rtl,24576,0,24576,0,1,12288,0,0,0,0,0,1,0,196608
1749,1749,MUL,vector_rtl,24576,0,24576,0,1,12288,0,0,0,0,0,1,0,196608
1750,1750,LAYOUT,layout_rtl,24576,0,24576,0,1,12288,0,0,0,0,0,1,0,196608
1751,1751,LAYOUT,layout_rtl,24576,0,24576,0,1,12288,0,0,0,0,0,1,0,196608
1752,1752,AUX_EVENT,aux_behavior,18432,0,18432,0,1,6144,0,0,0,0,0,1,0,98304
1753,1753,LAYOUT,layout_rtl,12288,0,12288,0,1,6144,0,0,0,0,0,1,0,98304
1754,1754,MUL,vector_rtl,24576,0,24576,0,1,12288,0,0,0,0,0,1,0,196608
1755,1755,ADD,vector_rtl,24576,0,24576,0,1,12288,0,0,0,0,0,1,0,196608
1756,1756,LAYOUT,layout_rtl,480,0,480,0,1,240,0,0,0,0,0,1,0,3840
1757,1757,LAYOUT,layout_rtl,480,0,480,0,1,240,0,0,0,0,0,1,0,3840
1758,1758,AUX_EVENT,aux_behavior,37584,0,37584,0,1,12528,0,0,0,0,0,1,0,200448
1759,1759,AUX_EVENT,aux_behavior,37584,0,37584,0,1,12528,0,0,0,0,0,1,0,200448
1760,1760,AUX_EVENT,aux_behavior,37584,0,37584,0,1,12528,0,0,0,0,0,1,0,200448
1761,1761,LAYOUT,layout_rtl,25056,0,25056,0,1,12528,0,0,0,0,0,1,0,200448
1762,1762,LAYOUT,layout_rtl,25056,0,25056,0,1,12528,0,0,0,0,0,1,0,200448
1763,1763,LAYOUT,layout_rtl,25056,0,25056,0,1,12528,0,0,0,0,0,1,0,200448
1764,1764,AUX_EVENT,aux_behavior,144,0,144,0,1,48,0,0,0,0,0,1,0,768
1765,1765,AUX_EVENT,aux_behavior,110592,0,110592,0,1,36864,0,0,0,0,0,1,0,589824
1766,1766,GEMM_W8A8,rtl_gemm,132752,132752,0,106624,13056,12528,544,12528,153944064,76972032,136,200448,589824,200448
1767,1767,AUX_EVENT,aux_behavior,37584,0,37584,0,1,12528,0,0,0,0,0,1,0,200448
1768,1768,AUX_EVENT,aux_behavior,37584,0,37584,0,1,12528,0,0,0,0,0,1,0,200448
1769,1769,AUX_EVENT,aux_behavior,37584,0,37584,0,1,12528,0,0,0,0,0,1,0,200448
1770,1770,AUX_EVENT,aux_behavior,37584,0,37584,0,1,12528,0,0,0,0,0,1,0,200448
1771,1771,AUX_EVENT,aux_behavior,37584,0,37584,0,1,12528,0,0,0,0,0,1,0,200448
1772,1772,AUX_EVENT,aux_behavior,37584,0,37584,0,1,12528,0,0,0,0,0,1,0,200448
1773,1773,AUX_EVENT,aux_behavior,37584,0,37584,0,1,12528,0,0,0,0,0,1,0,200448
1774,1774,AUX_EVENT,aux_behavior,110592,0,110592,0,1,36864,0,0,0,0,0,1,0,589824
1775,1775,AUX_EVENT,aux_behavior,110592,0,110592,0,1,36864,0,0,0,0,0,1,0,589824
1776,1776,AUX_EVENT,aux_behavior,110592,0,110592,0,1,36864,0,0,0,0,0,1,0,589824
1777,1777,AUX_EVENT,aux_behavior,110592,0,110592,0,1,36864,0,0,0,0,0,1,0,589824
1778,1778,AUX_EVENT,aux_behavior,110592,0,110592,0,1,36864,0,0,0,0,0,1,0,589824
1779,1779,AUX_EVENT,aux_behavior,110592,0,110592,0,1,36864,0,0,0,0,0,1,0,589824
1780,1780,AUX_EVENT,aux_behavior,110592,0,110592,0,1,36864,0,0,0,0,0,1,0,589824
1781,1781,AUX_EVENT,aux_behavior,110592,0,110592,0,1,36864,0,0,0,0,0,1,0,589824
1782,1782,MUL,vector_rtl,25056,0,25056,0,1,12528,0,0,0,0,0,1,0,200448
1783,1783,ADD,vector_rtl,25056,0,25056,0,1,12528,0,0,0,0,0,1,0,200448
1784,1784,LAYER_NORM,vector_rtl,25056,0,25056,0,1,12528,0,0,0,0,0,1,0,200448
1785,1785,AUX_EVENT,aux_behavior,576,0,576,0,1,192,0,0,0,0,0,1,0,3072
1786,1786,AUX_EVENT,aux_behavior,442368,0,442368,0,1,147456,0,0,0,0,0,1,0,2359296
1787,1787,AUX_EVENT,aux_behavior,37584,0,37584,0,1,12528,0,0,0,0,0,1,0,200448
1788,1788,GEMM_W8A8,rtl_gemm,12533,12533,0,0,1,12528,4,12528,0,0,0,0,0,200448
1789,1789,AUX_EVENT,aux_behavior,37584,0,37584,0,1,12528,0,0,0,0,0,1,0,200448
1790,1790,AUX_EVENT,aux_behavior,37584,0,37584,0,1,12528,0,0,0,0,0,1,0,200448
1791,1791,AUX_EVENT,aux_behavior,37584,0,37584,0,1,12528,0,0,0,0,0,1,0,200448
1792,1792,AUX_EVENT,aux_behavior,37584,0,37584,0,1,12528,0,0,0,0,0,1,0,200448
1793,1793,AUX_EVENT,aux_behavior,37584,0,37584,0,1,12528,0,0,0,0,0,1,0,200448
1794,1794,AUX_EVENT,aux_behavior,37584,0,37584,0,1,12528,0,0,0,0,0,1,0,200448
1795,1795,AUX_EVENT,aux_behavior,37584,0,37584,0,1,12528,0,0,0,0,0,1,0,200448
1796,1796,AUX_EVENT,aux_behavior,442368,0,442368,0,1,147456,0,0,0,0,0,1,0,2359296
1797,1797,AUX_EVENT,aux_behavior,442368,0,442368,0,1,147456,0,0,0,0,0,1,0,2359296
1798,1798,AUX_EVENT,aux_behavior,442368,0,442368,0,1,147456,0,0,0,0,0,1,0,2359296
1799,1799,AUX_EVENT,aux_behavior,442368,0,442368,0,1,147456,0,0,0,0,0,1,0,2359296
1800,1800,AUX_EVENT,aux_behavior,442368,0,442368,0,1,147456,0,0,0,0,0,1,0,2359296
1801,1801,AUX_EVENT,aux_behavior,442368,0,442368,0,1,147456,0,0,0,0,0,1,0,2359296
1802,1802,AUX_EVENT,aux_behavior,442368,0,442368,0,1,147456,0,0,0,0,0,1,0,2359296
1803,1803,AUX_EVENT,aux_behavior,442368,0,442368,0,1,147456,0,0,0,0,0,1,0,2359296
1804,1804,GELU,vector_rtl,100224,0,100224,0,1,50112,0,0,0,0,0,1,0,801792
1805,1805,AUX_EVENT,aux_behavior,144,0,144,0,1,48,0,0,0,0,0,1,0,768
1806,1806,AUX_EVENT,aux_behavior,442368,0,442368,0,1,147456,0,0,0,0,0,1,0,2359296
1807,1807,GEMM_W8A8,rtl_gemm,50117,50117,0,0,1,50112,4,50112,0,0,0,0,0,801792
1808,1808,AUX_EVENT,aux_behavior,150336,0,150336,0,1,50112,0,0,0,0,0,1,0,801792
1809,1809,AUX_EVENT,aux_behavior,150336,0,150336,0,1,50112,0,0,0,0,0,1,0,801792
1810,1810,AUX_EVENT,aux_behavior,150336,0,150336,0,1,50112,0,0,0,0,0,1,0,801792
1811,1811,AUX_EVENT,aux_behavior,150336,0,150336,0,1,50112,0,0,0,0,0,1,0,801792
1812,1812,AUX_EVENT,aux_behavior,150336,0,150336,0,1,50112,0,0,0,0,0,1,0,801792
1813,1813,AUX_EVENT,aux_behavior,150336,0,150336,0,1,50112,0,0,0,0,0,1,0,801792
1814,1814,AUX_EVENT,aux_behavior,150336,0,150336,0,1,50112,0,0,0,0,0,1,0,801792
1815,1815,AUX_EVENT,aux_behavior,442368,0,442368,0,1,147456,0,0,0,0,0,1,0,2359296
1816,1816,AUX_EVENT,aux_behavior,442368,0,442368,0,1,147456,0,0,0,0,0,1,0,2359296
1817,1817,AUX_EVENT,aux_behavior,442368,0,442368,0,1,147456,0,0,0,0,0,1,0,2359296
1818,1818,AUX_EVENT,aux_behavior,442368,0,442368,0,1,147456,0,0,0,0,0,1,0,2359296
1819,1819,AUX_EVENT,aux_behavior,442368,0,442368,0,1,147456,0,0,0,0,0,1,0,2359296
1820,1820,AUX_EVENT,aux_behavior,442368,0,442368,0,1,147456,0,0,0,0,0,1,0,2359296
1821,1821,AUX_EVENT,aux_behavior,442368,0,442368,0,1,147456,0,0,0,0,0,1,0,2359296
1822,1822,AUX_EVENT,aux_behavior,442368,0,442368,0,1,147456,0,0,0,0,0,1,0,2359296
1823,1823,MUL,vector_rtl,25056,0,25056,0,1,12528,0,0,0,0,0,1,0,200448
1824,1824,ADD,vector_rtl,25056,0,25056,0,1,12528,0,0,0,0,0,1,0,200448
1825,1825,LAYER_NORM,vector_rtl,25056,0,25056,0,1,12528,0,0,0,0,0,1,0,200448
1826,1826,AUX_EVENT,aux_behavior,144,0,144,0,1,48,0,0,0,0,0,1,0,768
1827,1827,AUX_EVENT,aux_behavior,110592,0,110592,0,1,36864,0,0,0,0,0,1,0,589824
1828,1828,AUX_EVENT,aux_behavior,37584,0,37584,0,1,12528,0,0,0,0,0,1,0,200448
1829,1829,GEMM_W8A8,rtl_gemm,132752,132752,0,106624,13056,12528,544,12528,153944064,76972032,136,200448,589824,200448
1830,1830,AUX_EVENT,aux_behavior,37584,0,37584,0,1,12528,0,0,0,0,0,1,0,200448
1831,1831,AUX_EVENT,aux_behavior,37584,0,37584,0,1,12528,0,0,0,0,0,1,0,200448
1832,1832,AUX_EVENT,aux_behavior,37584,0,37584,0,1,12528,0,0,0,0,0,1,0,200448
1833,1833,AUX_EVENT,aux_behavior,37584,0,37584,0,1,12528,0,0,0,0,0,1,0,200448
1834,1834,AUX_EVENT,aux_behavior,37584,0,37584,0,1,12528,0,0,0,0,0,1,0,200448
1835,1835,AUX_EVENT,aux_behavior,37584,0,37584,0,1,12528,0,0,0,0,0,1,0,200448
1836,1836,AUX_EVENT,aux_behavior,37584,0,37584,0,1,12528,0,0,0,0,0,1,0,200448
1837,1837,AUX_EVENT,aux_behavior,110592,0,110592,0,1,36864,0,0,0,0,0,1,0,589824
1838,1838,AUX_EVENT,aux_behavior,110592,0,110592,0,1,36864,0,0,0,0,0,1,0,589824
1839,1839,AUX_EVENT,aux_behavior,110592,0,110592,0,1,36864,0,0,0,0,0,1,0,589824
1840,1840,AUX_EVENT,aux_behavior,110592,0,110592,0,1,36864,0,0,0,0,0,1,0,589824
1841,1841,AUX_EVENT,aux_behavior,110592,0,110592,0,1,36864,0,0,0,0,0,1,0,589824
1842,1842,AUX_EVENT,aux_behavior,110592,0,110592,0,1,36864,0,0,0,0,0,1,0,589824
1843,1843,AUX_EVENT,aux_behavior,110592,0,110592,0,1,36864,0,0,0,0,0,1,0,589824
1844,1844,AUX_EVENT,aux_behavior,110592,0,110592,0,1,36864,0,0,0,0,0,1,0,589824
1845,1845,AUX_EVENT,aux_behavior,110592,0,110592,0,1,36864,0,0,0,0,0,1,0,589824
1846,1846,AUX_EVENT,aux_behavior,37584,0,37584,0,1,12528,0,0,0,0,0,1,0,200448
1847,1847,GEMM_W8A8,rtl_gemm,132752,132752,0,106624,13056,12528,544,12528,153944064,76972032,136,200448,589824,200448
1848,1848,AUX_EVENT,aux_behavior,37584,0,37584,0,1,12528,0,0,0,0,0,1,0,200448
1849,1849,AUX_EVENT,aux_behavior,37584,0,37584,0,1,12528,0,0,0,0,0,1,0,200448
1850,1850,AUX_EVENT,aux_behavior,37584,0,37584,0,1,12528,0,0,0,0,0,1,0,200448
1851,1851,AUX_EVENT,aux_behavior,37584,0,37584,0,1,12528,0,0,0,0,0,1,0,200448
1852,1852,AUX_EVENT,aux_behavior,37584,0,37584,0,1,12528,0,0,0,0,0,1,0,200448
1853,1853,AUX_EVENT,aux_behavior,37584,0,37584,0,1,12528,0,0,0,0,0,1,0,200448
1854,1854,AUX_EVENT,aux_behavior,37584,0,37584,0,1,12528,0,0,0,0,0,1,0,200448
1855,1855,AUX_EVENT,aux_behavior,110592,0,110592,0,1,36864,0,0,0,0,0,1,0,589824
1856,1856,AUX_EVENT,aux_behavior,110592,0,110592,0,1,36864,0,0,0,0,0,1,0,589824
1857,1857,AUX_EVENT,aux_behavior,110592,0,110592,0,1,36864,0,0,0,0,0,1,0,589824
1858,1858,AUX_EVENT,aux_behavior,110592,0,110592,0,1,36864,0,0,0,0,0,1,0,589824
1859,1859,AUX_EVENT,aux_behavior,110592,0,110592,0,1,36864,0,0,0,0,0,1,0,589824
1860,1860,AUX_EVENT,aux_behavior,110592,0,110592,0,1,36864,0,0,0,0,0,1,0,589824
1861,1861,AUX_EVENT,aux_behavior,110592,0,110592,0,1,36864,0,0,0,0,0,1,0,589824
1862,1862,AUX_EVENT,aux_behavior,110592,0,110592,0,1,36864,0,0,0,0,0,1,0,589824
1863,1863,AUX_EVENT,aux_behavior,144,0,144,0,1,48,0,0,0,0,0,1,0,768
1864,1864,AUX_EVENT,aux_behavior,110592,0,110592,0,1,36864,0,0,0,0,0,1,0,589824
1865,1865,AUX_EVENT,aux_behavior,37584,0,37584,0,1,12528,0,0,0,0,0,1,0,200448
1866,1866,GEMM_W8A8,rtl_gemm,132752,132752,0,106624,13056,12528,544,12528,153944064,76972032,136,200448,589824,200448
1867,1867,AUX_EVENT,aux_behavior,37584,0,37584,0,1,12528,0,0,0,0,0,1,0,200448
1868,1868,AUX_EVENT,aux_behavior,37584,0,37584,0,1,12528,0,0,0,0,0,1,0,200448
1869,1869,AUX_EVENT,aux_behavior,37584,0,37584,0,1,12528,0,0,0,0,0,1,0,200448
1870,1870,AUX_EVENT,aux_behavior,37584,0,37584,0,1,12528,0,0,0,0,0,1,0,200448
1871,1871,AUX_EVENT,aux_behavior,37584,0,37584,0,1,12528,0,0,0,0,0,1,0,200448
1872,1872,AUX_EVENT,aux_behavior,37584,0,37584,0,1,12528,0,0,0,0,0,1,0,200448
1873,1873,AUX_EVENT,aux_behavior,37584,0,37584,0,1,12528,0,0,0,0,0,1,0,200448
1874,1874,AUX_EVENT,aux_behavior,110592,0,110592,0,1,36864,0,0,0,0,0,1,0,589824
1875,1875,AUX_EVENT,aux_behavior,110592,0,110592,0,1,36864,0,0,0,0,0,1,0,589824
1876,1876,AUX_EVENT,aux_behavior,110592,0,110592,0,1,36864,0,0,0,0,0,1,0,589824
1877,1877,AUX_EVENT,aux_behavior,110592,0,110592,0,1,36864,0,0,0,0,0,1,0,589824
1878,1878,AUX_EVENT,aux_behavior,110592,0,110592,0,1,36864,0,0,0,0,0,1,0,589824
1879,1879,AUX_EVENT,aux_behavior,110592,0,110592,0,1,36864,0,0,0,0,0,1,0,589824
1880,1880,AUX_EVENT,aux_behavior,110592,0,110592,0,1,36864,0,0,0,0,0,1,0,589824
1881,1881,AUX_EVENT,aux_behavior,110592,0,110592,0,1,36864,0,0,0,0,0,1,0,589824
1882,1882,LAYOUT,layout_rtl,25056,0,25056,0,1,12528,0,0,0,0,0,1,0,200448
1883,1883,LAYOUT,layout_rtl,25056,0,25056,0,1,12528,0,0,0,0,0,1,0,200448
1884,1884,LAYOUT,layout_rtl,25056,0,25056,0,1,12528,0,0,0,0,0,1,0,200448
1885,1885,LAYOUT,layout_rtl,25056,0,25056,0,1,12528,0,0,0,0,0,1,0,200448
1886,1886,LAYOUT,layout_rtl,25056,0,25056,0,1,12528,0,0,0,0,0,1,0,200448
1887,1887,LAYOUT,layout_rtl,25056,0,25056,0,1,12528,0,0,0,0,0,1,0,200448
1888,1888,AUX_EVENT,aux_behavior,37584,0,37584,0,1,12528,0,0,0,0,0,1,0,200448
1889,1889,AUX_EVENT,aux_behavior,37584,0,37584,0,1,12528,0,0,0,0,0,1,0,200448
1890,1890,MUL,vector_rtl,24576,0,24576,0,1,12288,0,0,0,0,0,1,0,196608
1891,1891,LAYOUT,layout_rtl,24576,0,24576,0,1,12288,0,0,0,0,0,1,0,196608
1892,1892,LAYOUT,layout_rtl,24576,0,24576,0,1,12288,0,0,0,0,0,1,0,196608
1893,1893,AUX_EVENT,aux_behavior,18432,0,18432,0,1,6144,0,0,0,0,0,1,0,98304
1894,1894,LAYOUT,layout_rtl,12288,0,12288,0,1,6144,0,0,0,0,0,1,0,98304
1895,1895,MUL,vector_rtl,24576,0,24576,0,1,12288,0,0,0,0,0,1,0,196608
1896,1896,ADD,vector_rtl,24576,0,24576,0,1,12288,0,0,0,0,0,1,0,196608
1897,1897,MUL,vector_rtl,24576,0,24576,0,1,12288,0,0,0,0,0,1,0,196608
1898,1898,LAYOUT,layout_rtl,24576,0,24576,0,1,12288,0,0,0,0,0,1,0,196608
1899,1899,LAYOUT,layout_rtl,24576,0,24576,0,1,12288,0,0,0,0,0,1,0,196608
1900,1900,AUX_EVENT,aux_behavior,18432,0,18432,0,1,6144,0,0,0,0,0,1,0,98304
1901,1901,LAYOUT,layout_rtl,12288,0,12288,0,1,6144,0,0,0,0,0,1,0,98304
1902,1902,MUL,vector_rtl,24576,0,24576,0,1,12288,0,0,0,0,0,1,0,196608
1903,1903,ADD,vector_rtl,24576,0,24576,0,1,12288,0,0,0,0,0,1,0,196608
1904,1904,LAYOUT,layout_rtl,480,0,480,0,1,240,0,0,0,0,0,1,0,3840
1905,1905,LAYOUT,layout_rtl,480,0,480,0,1,240,0,0,0,0,0,1,0,3840
1906,1906,AUX_EVENT,aux_behavior,37584,0,37584,0,1,12528,0,0,0,0,0,1,0,200448
1907,1907,AUX_EVENT,aux_behavior,37584,0,37584,0,1,12528,0,0,0,0,0,1,0,200448
1908,1908,AUX_EVENT,aux_behavior,37584,0,37584,0,1,12528,0,0,0,0,0,1,0,200448
1909,1909,LAYOUT,layout_rtl,25056,0,25056,0,1,12528,0,0,0,0,0,1,0,200448
1910,1910,LAYOUT,layout_rtl,25056,0,25056,0,1,12528,0,0,0,0,0,1,0,200448
1911,1911,LAYOUT,layout_rtl,25056,0,25056,0,1,12528,0,0,0,0,0,1,0,200448
1912,1912,AUX_EVENT,aux_behavior,144,0,144,0,1,48,0,0,0,0,0,1,0,768
1913,1913,AUX_EVENT,aux_behavior,110592,0,110592,0,1,36864,0,0,0,0,0,1,0,589824
1914,1914,GEMM_W8A8,rtl_gemm,132752,132752,0,106624,13056,12528,544,12528,153944064,76972032,136,200448,589824,200448
1915,1915,AUX_EVENT,aux_behavior,37584,0,37584,0,1,12528,0,0,0,0,0,1,0,200448
1916,1916,AUX_EVENT,aux_behavior,37584,0,37584,0,1,12528,0,0,0,0,0,1,0,200448
1917,1917,AUX_EVENT,aux_behavior,37584,0,37584,0,1,12528,0,0,0,0,0,1,0,200448
1918,1918,AUX_EVENT,aux_behavior,37584,0,37584,0,1,12528,0,0,0,0,0,1,0,200448
1919,1919,AUX_EVENT,aux_behavior,37584,0,37584,0,1,12528,0,0,0,0,0,1,0,200448
1920,1920,AUX_EVENT,aux_behavior,37584,0,37584,0,1,12528,0,0,0,0,0,1,0,200448
1921,1921,AUX_EVENT,aux_behavior,37584,0,37584,0,1,12528,0,0,0,0,0,1,0,200448
1922,1922,AUX_EVENT,aux_behavior,110592,0,110592,0,1,36864,0,0,0,0,0,1,0,589824
1923,1923,AUX_EVENT,aux_behavior,110592,0,110592,0,1,36864,0,0,0,0,0,1,0,589824
1924,1924,AUX_EVENT,aux_behavior,110592,0,110592,0,1,36864,0,0,0,0,0,1,0,589824
1925,1925,AUX_EVENT,aux_behavior,110592,0,110592,0,1,36864,0,0,0,0,0,1,0,589824
1926,1926,AUX_EVENT,aux_behavior,110592,0,110592,0,1,36864,0,0,0,0,0,1,0,589824
1927,1927,AUX_EVENT,aux_behavior,110592,0,110592,0,1,36864,0,0,0,0,0,1,0,589824
1928,1928,AUX_EVENT,aux_behavior,110592,0,110592,0,1,36864,0,0,0,0,0,1,0,589824
1929,1929,AUX_EVENT,aux_behavior,110592,0,110592,0,1,36864,0,0,0,0,0,1,0,589824
1930,1930,MUL,vector_rtl,25056,0,25056,0,1,12528,0,0,0,0,0,1,0,200448
1931,1931,ADD,vector_rtl,25056,0,25056,0,1,12528,0,0,0,0,0,1,0,200448
1932,1932,LAYER_NORM,vector_rtl,25056,0,25056,0,1,12528,0,0,0,0,0,1,0,200448
1933,1933,AUX_EVENT,aux_behavior,576,0,576,0,1,192,0,0,0,0,0,1,0,3072
1934,1934,AUX_EVENT,aux_behavior,442368,0,442368,0,1,147456,0,0,0,0,0,1,0,2359296
1935,1935,AUX_EVENT,aux_behavior,37584,0,37584,0,1,12528,0,0,0,0,0,1,0,200448
1936,1936,GEMM_W8A8,rtl_gemm,12533,12533,0,0,1,12528,4,12528,0,0,0,0,0,200448
1937,1937,AUX_EVENT,aux_behavior,37584,0,37584,0,1,12528,0,0,0,0,0,1,0,200448
1938,1938,AUX_EVENT,aux_behavior,37584,0,37584,0,1,12528,0,0,0,0,0,1,0,200448
1939,1939,AUX_EVENT,aux_behavior,37584,0,37584,0,1,12528,0,0,0,0,0,1,0,200448
1940,1940,AUX_EVENT,aux_behavior,37584,0,37584,0,1,12528,0,0,0,0,0,1,0,200448
1941,1941,AUX_EVENT,aux_behavior,37584,0,37584,0,1,12528,0,0,0,0,0,1,0,200448
1942,1942,AUX_EVENT,aux_behavior,37584,0,37584,0,1,12528,0,0,0,0,0,1,0,200448
1943,1943,AUX_EVENT,aux_behavior,37584,0,37584,0,1,12528,0,0,0,0,0,1,0,200448
1944,1944,AUX_EVENT,aux_behavior,442368,0,442368,0,1,147456,0,0,0,0,0,1,0,2359296
1945,1945,AUX_EVENT,aux_behavior,442368,0,442368,0,1,147456,0,0,0,0,0,1,0,2359296
1946,1946,AUX_EVENT,aux_behavior,442368,0,442368,0,1,147456,0,0,0,0,0,1,0,2359296
1947,1947,AUX_EVENT,aux_behavior,442368,0,442368,0,1,147456,0,0,0,0,0,1,0,2359296
1948,1948,AUX_EVENT,aux_behavior,442368,0,442368,0,1,147456,0,0,0,0,0,1,0,2359296
1949,1949,AUX_EVENT,aux_behavior,442368,0,442368,0,1,147456,0,0,0,0,0,1,0,2359296
1950,1950,AUX_EVENT,aux_behavior,442368,0,442368,0,1,147456,0,0,0,0,0,1,0,2359296
1951,1951,AUX_EVENT,aux_behavior,442368,0,442368,0,1,147456,0,0,0,0,0,1,0,2359296
1952,1952,GELU,vector_rtl,100224,0,100224,0,1,50112,0,0,0,0,0,1,0,801792
1953,1953,AUX_EVENT,aux_behavior,144,0,144,0,1,48,0,0,0,0,0,1,0,768
1954,1954,AUX_EVENT,aux_behavior,442368,0,442368,0,1,147456,0,0,0,0,0,1,0,2359296
1955,1955,GEMM_W8A8,rtl_gemm,50117,50117,0,0,1,50112,4,50112,0,0,0,0,0,801792
1956,1956,AUX_EVENT,aux_behavior,150336,0,150336,0,1,50112,0,0,0,0,0,1,0,801792
1957,1957,AUX_EVENT,aux_behavior,150336,0,150336,0,1,50112,0,0,0,0,0,1,0,801792
1958,1958,AUX_EVENT,aux_behavior,150336,0,150336,0,1,50112,0,0,0,0,0,1,0,801792
1959,1959,AUX_EVENT,aux_behavior,150336,0,150336,0,1,50112,0,0,0,0,0,1,0,801792
1960,1960,AUX_EVENT,aux_behavior,150336,0,150336,0,1,50112,0,0,0,0,0,1,0,801792
1961,1961,AUX_EVENT,aux_behavior,150336,0,150336,0,1,50112,0,0,0,0,0,1,0,801792
1962,1962,AUX_EVENT,aux_behavior,150336,0,150336,0,1,50112,0,0,0,0,0,1,0,801792
1963,1963,AUX_EVENT,aux_behavior,442368,0,442368,0,1,147456,0,0,0,0,0,1,0,2359296
1964,1964,AUX_EVENT,aux_behavior,442368,0,442368,0,1,147456,0,0,0,0,0,1,0,2359296
1965,1965,AUX_EVENT,aux_behavior,442368,0,442368,0,1,147456,0,0,0,0,0,1,0,2359296
1966,1966,AUX_EVENT,aux_behavior,442368,0,442368,0,1,147456,0,0,0,0,0,1,0,2359296
1967,1967,AUX_EVENT,aux_behavior,442368,0,442368,0,1,147456,0,0,0,0,0,1,0,2359296
1968,1968,AUX_EVENT,aux_behavior,442368,0,442368,0,1,147456,0,0,0,0,0,1,0,2359296
1969,1969,AUX_EVENT,aux_behavior,442368,0,442368,0,1,147456,0,0,0,0,0,1,0,2359296
1970,1970,AUX_EVENT,aux_behavior,442368,0,442368,0,1,147456,0,0,0,0,0,1,0,2359296
1971,1971,MUL,vector_rtl,25056,0,25056,0,1,12528,0,0,0,0,0,1,0,200448
1972,1972,ADD,vector_rtl,25056,0,25056,0,1,12528,0,0,0,0,0,1,0,200448
1973,1973,LAYER_NORM,vector_rtl,25056,0,25056,0,1,12528,0,0,0,0,0,1,0,200448
1974,1974,AUX_EVENT,aux_behavior,144,0,144,0,1,48,0,0,0,0,0,1,0,768
1975,1975,AUX_EVENT,aux_behavior,110592,0,110592,0,1,36864,0,0,0,0,0,1,0,589824
1976,1976,AUX_EVENT,aux_behavior,37584,0,37584,0,1,12528,0,0,0,0,0,1,0,200448
1977,1977,GEMM_W8A8,rtl_gemm,132752,132752,0,106624,13056,12528,544,12528,153944064,76972032,136,200448,589824,200448
1978,1978,AUX_EVENT,aux_behavior,37584,0,37584,0,1,12528,0,0,0,0,0,1,0,200448
1979,1979,AUX_EVENT,aux_behavior,37584,0,37584,0,1,12528,0,0,0,0,0,1,0,200448
1980,1980,AUX_EVENT,aux_behavior,37584,0,37584,0,1,12528,0,0,0,0,0,1,0,200448
1981,1981,AUX_EVENT,aux_behavior,37584,0,37584,0,1,12528,0,0,0,0,0,1,0,200448
1982,1982,AUX_EVENT,aux_behavior,37584,0,37584,0,1,12528,0,0,0,0,0,1,0,200448
1983,1983,AUX_EVENT,aux_behavior,37584,0,37584,0,1,12528,0,0,0,0,0,1,0,200448
1984,1984,AUX_EVENT,aux_behavior,37584,0,37584,0,1,12528,0,0,0,0,0,1,0,200448
1985,1985,AUX_EVENT,aux_behavior,110592,0,110592,0,1,36864,0,0,0,0,0,1,0,589824
1986,1986,AUX_EVENT,aux_behavior,110592,0,110592,0,1,36864,0,0,0,0,0,1,0,589824
1987,1987,AUX_EVENT,aux_behavior,110592,0,110592,0,1,36864,0,0,0,0,0,1,0,589824
1988,1988,AUX_EVENT,aux_behavior,110592,0,110592,0,1,36864,0,0,0,0,0,1,0,589824
1989,1989,AUX_EVENT,aux_behavior,110592,0,110592,0,1,36864,0,0,0,0,0,1,0,589824
1990,1990,AUX_EVENT,aux_behavior,110592,0,110592,0,1,36864,0,0,0,0,0,1,0,589824
1991,1991,AUX_EVENT,aux_behavior,110592,0,110592,0,1,36864,0,0,0,0,0,1,0,589824
1992,1992,AUX_EVENT,aux_behavior,110592,0,110592,0,1,36864,0,0,0,0,0,1,0,589824
1993,1993,AUX_EVENT,aux_behavior,110592,0,110592,0,1,36864,0,0,0,0,0,1,0,589824
1994,1994,AUX_EVENT,aux_behavior,37584,0,37584,0,1,12528,0,0,0,0,0,1,0,200448
1995,1995,GEMM_W8A8,rtl_gemm,132752,132752,0,106624,13056,12528,544,12528,153944064,76972032,136,200448,589824,200448
1996,1996,AUX_EVENT,aux_behavior,37584,0,37584,0,1,12528,0,0,0,0,0,1,0,200448
1997,1997,AUX_EVENT,aux_behavior,37584,0,37584,0,1,12528,0,0,0,0,0,1,0,200448
1998,1998,AUX_EVENT,aux_behavior,37584,0,37584,0,1,12528,0,0,0,0,0,1,0,200448
1999,1999,AUX_EVENT,aux_behavior,37584,0,37584,0,1,12528,0,0,0,0,0,1,0,200448
2000,2000,AUX_EVENT,aux_behavior,37584,0,37584,0,1,12528,0,0,0,0,0,1,0,200448
2001,2001,AUX_EVENT,aux_behavior,37584,0,37584,0,1,12528,0,0,0,0,0,1,0,200448
2002,2002,AUX_EVENT,aux_behavior,37584,0,37584,0,1,12528,0,0,0,0,0,1,0,200448
2003,2003,AUX_EVENT,aux_behavior,110592,0,110592,0,1,36864,0,0,0,0,0,1,0,589824
2004,2004,AUX_EVENT,aux_behavior,110592,0,110592,0,1,36864,0,0,0,0,0,1,0,589824
2005,2005,AUX_EVENT,aux_behavior,110592,0,110592,0,1,36864,0,0,0,0,0,1,0,589824
2006,2006,AUX_EVENT,aux_behavior,110592,0,110592,0,1,36864,0,0,0,0,0,1,0,589824
2007,2007,AUX_EVENT,aux_behavior,110592,0,110592,0,1,36864,0,0,0,0,0,1,0,589824
2008,2008,AUX_EVENT,aux_behavior,110592,0,110592,0,1,36864,0,0,0,0,0,1,0,589824
2009,2009,AUX_EVENT,aux_behavior,110592,0,110592,0,1,36864,0,0,0,0,0,1,0,589824
2010,2010,AUX_EVENT,aux_behavior,110592,0,110592,0,1,36864,0,0,0,0,0,1,0,589824
2011,2011,AUX_EVENT,aux_behavior,144,0,144,0,1,48,0,0,0,0,0,1,0,768
2012,2012,AUX_EVENT,aux_behavior,110592,0,110592,0,1,36864,0,0,0,0,0,1,0,589824
2013,2013,AUX_EVENT,aux_behavior,37584,0,37584,0,1,12528,0,0,0,0,0,1,0,200448
2014,2014,GEMM_W8A8,rtl_gemm,132752,132752,0,106624,13056,12528,544,12528,153944064,76972032,136,200448,589824,200448
2015,2015,AUX_EVENT,aux_behavior,37584,0,37584,0,1,12528,0,0,0,0,0,1,0,200448
2016,2016,AUX_EVENT,aux_behavior,37584,0,37584,0,1,12528,0,0,0,0,0,1,0,200448
2017,2017,AUX_EVENT,aux_behavior,37584,0,37584,0,1,12528,0,0,0,0,0,1,0,200448
2018,2018,AUX_EVENT,aux_behavior,37584,0,37584,0,1,12528,0,0,0,0,0,1,0,200448
2019,2019,AUX_EVENT,aux_behavior,37584,0,37584,0,1,12528,0,0,0,0,0,1,0,200448
2020,2020,AUX_EVENT,aux_behavior,37584,0,37584,0,1,12528,0,0,0,0,0,1,0,200448
2021,2021,AUX_EVENT,aux_behavior,37584,0,37584,0,1,12528,0,0,0,0,0,1,0,200448
2022,2022,AUX_EVENT,aux_behavior,110592,0,110592,0,1,36864,0,0,0,0,0,1,0,589824
2023,2023,AUX_EVENT,aux_behavior,110592,0,110592,0,1,36864,0,0,0,0,0,1,0,589824
2024,2024,AUX_EVENT,aux_behavior,110592,0,110592,0,1,36864,0,0,0,0,0,1,0,589824
2025,2025,AUX_EVENT,aux_behavior,110592,0,110592,0,1,36864,0,0,0,0,0,1,0,589824
2026,2026,AUX_EVENT,aux_behavior,110592,0,110592,0,1,36864,0,0,0,0,0,1,0,589824
2027,2027,AUX_EVENT,aux_behavior,110592,0,110592,0,1,36864,0,0,0,0,0,1,0,589824
2028,2028,AUX_EVENT,aux_behavior,110592,0,110592,0,1,36864,0,0,0,0,0,1,0,589824
2029,2029,AUX_EVENT,aux_behavior,110592,0,110592,0,1,36864,0,0,0,0,0,1,0,589824
2030,2030,LAYOUT,layout_rtl,25056,0,25056,0,1,12528,0,0,0,0,0,1,0,200448
2031,2031,LAYOUT,layout_rtl,25056,0,25056,0,1,12528,0,0,0,0,0,1,0,200448
2032,2032,LAYOUT,layout_rtl,25056,0,25056,0,1,12528,0,0,0,0,0,1,0,200448
2033,2033,LAYOUT,layout_rtl,25056,0,25056,0,1,12528,0,0,0,0,0,1,0,200448
2034,2034,LAYOUT,layout_rtl,25056,0,25056,0,1,12528,0,0,0,0,0,1,0,200448
2035,2035,LAYOUT,layout_rtl,25056,0,25056,0,1,12528,0,0,0,0,0,1,0,200448
2036,2036,AUX_EVENT,aux_behavior,37584,0,37584,0,1,12528,0,0,0,0,0,1,0,200448
2037,2037,AUX_EVENT,aux_behavior,37584,0,37584,0,1,12528,0,0,0,0,0,1,0,200448
2038,2038,MUL,vector_rtl,24576,0,24576,0,1,12288,0,0,0,0,0,1,0,196608
2039,2039,LAYOUT,layout_rtl,24576,0,24576,0,1,12288,0,0,0,0,0,1,0,196608
2040,2040,LAYOUT,layout_rtl,24576,0,24576,0,1,12288,0,0,0,0,0,1,0,196608
2041,2041,AUX_EVENT,aux_behavior,18432,0,18432,0,1,6144,0,0,0,0,0,1,0,98304
2042,2042,LAYOUT,layout_rtl,12288,0,12288,0,1,6144,0,0,0,0,0,1,0,98304
2043,2043,MUL,vector_rtl,24576,0,24576,0,1,12288,0,0,0,0,0,1,0,196608
2044,2044,ADD,vector_rtl,24576,0,24576,0,1,12288,0,0,0,0,0,1,0,196608
2045,2045,MUL,vector_rtl,24576,0,24576,0,1,12288,0,0,0,0,0,1,0,196608
2046,2046,LAYOUT,layout_rtl,24576,0,24576,0,1,12288,0,0,0,0,0,1,0,196608
2047,2047,LAYOUT,layout_rtl,24576,0,24576,0,1,12288,0,0,0,0,0,1,0,196608
2048,2048,AUX_EVENT,aux_behavior,18432,0,18432,0,1,6144,0,0,0,0,0,1,0,98304
2049,2049,LAYOUT,layout_rtl,12288,0,12288,0,1,6144,0,0,0,0,0,1,0,98304
2050,2050,MUL,vector_rtl,24576,0,24576,0,1,12288,0,0,0,0,0,1,0,196608
2051,2051,ADD,vector_rtl,24576,0,24576,0,1,12288,0,0,0,0,0,1,0,196608
2052,2052,LAYOUT,layout_rtl,480,0,480,0,1,240,0,0,0,0,0,1,0,3840
2053,2053,LAYOUT,layout_rtl,480,0,480,0,1,240,0,0,0,0,0,1,0,3840
2054,2054,AUX_EVENT,aux_behavior,37584,0,37584,0,1,12528,0,0,0,0,0,1,0,200448
2055,2055,AUX_EVENT,aux_behavior,37584,0,37584,0,1,12528,0,0,0,0,0,1,0,200448
2056,2056,AUX_EVENT,aux_behavior,37584,0,37584,0,1,12528,0,0,0,0,0,1,0,200448
2057,2057,LAYOUT,layout_rtl,25056,0,25056,0,1,12528,0,0,0,0,0,1,0,200448
2058,2058,LAYOUT,layout_rtl,25056,0,25056,0,1,12528,0,0,0,0,0,1,0,200448
2059,2059,LAYOUT,layout_rtl,25056,0,25056,0,1,12528,0,0,0,0,0,1,0,200448
2060,2060,AUX_EVENT,aux_behavior,144,0,144,0,1,48,0,0,0,0,0,1,0,768
2061,2061,AUX_EVENT,aux_behavior,110592,0,110592,0,1,36864,0,0,0,0,0,1,0,589824
2062,2062,GEMM_W8A8,rtl_gemm,132752,132752,0,106624,13056,12528,544,12528,153944064,76972032,136,200448,589824,200448
2063,2063,AUX_EVENT,aux_behavior,37584,0,37584,0,1,12528,0,0,0,0,0,1,0,200448
2064,2064,AUX_EVENT,aux_behavior,37584,0,37584,0,1,12528,0,0,0,0,0,1,0,200448
2065,2065,AUX_EVENT,aux_behavior,37584,0,37584,0,1,12528,0,0,0,0,0,1,0,200448
2066,2066,AUX_EVENT,aux_behavior,37584,0,37584,0,1,12528,0,0,0,0,0,1,0,200448
2067,2067,AUX_EVENT,aux_behavior,37584,0,37584,0,1,12528,0,0,0,0,0,1,0,200448
2068,2068,AUX_EVENT,aux_behavior,37584,0,37584,0,1,12528,0,0,0,0,0,1,0,200448
2069,2069,AUX_EVENT,aux_behavior,37584,0,37584,0,1,12528,0,0,0,0,0,1,0,200448
2070,2070,AUX_EVENT,aux_behavior,110592,0,110592,0,1,36864,0,0,0,0,0,1,0,589824
2071,2071,AUX_EVENT,aux_behavior,110592,0,110592,0,1,36864,0,0,0,0,0,1,0,589824
2072,2072,AUX_EVENT,aux_behavior,110592,0,110592,0,1,36864,0,0,0,0,0,1,0,589824
2073,2073,AUX_EVENT,aux_behavior,110592,0,110592,0,1,36864,0,0,0,0,0,1,0,589824
2074,2074,AUX_EVENT,aux_behavior,110592,0,110592,0,1,36864,0,0,0,0,0,1,0,589824
2075,2075,AUX_EVENT,aux_behavior,110592,0,110592,0,1,36864,0,0,0,0,0,1,0,589824
2076,2076,AUX_EVENT,aux_behavior,110592,0,110592,0,1,36864,0,0,0,0,0,1,0,589824
2077,2077,AUX_EVENT,aux_behavior,110592,0,110592,0,1,36864,0,0,0,0,0,1,0,589824
2078,2078,MUL,vector_rtl,25056,0,25056,0,1,12528,0,0,0,0,0,1,0,200448
2079,2079,ADD,vector_rtl,25056,0,25056,0,1,12528,0,0,0,0,0,1,0,200448
2080,2080,LAYER_NORM,vector_rtl,25056,0,25056,0,1,12528,0,0,0,0,0,1,0,200448
2081,2081,AUX_EVENT,aux_behavior,576,0,576,0,1,192,0,0,0,0,0,1,0,3072
2082,2082,AUX_EVENT,aux_behavior,442368,0,442368,0,1,147456,0,0,0,0,0,1,0,2359296
2083,2083,AUX_EVENT,aux_behavior,37584,0,37584,0,1,12528,0,0,0,0,0,1,0,200448
2084,2084,GEMM_W8A8,rtl_gemm,12533,12533,0,0,1,12528,4,12528,0,0,0,0,0,200448
2085,2085,AUX_EVENT,aux_behavior,37584,0,37584,0,1,12528,0,0,0,0,0,1,0,200448
2086,2086,AUX_EVENT,aux_behavior,37584,0,37584,0,1,12528,0,0,0,0,0,1,0,200448
2087,2087,AUX_EVENT,aux_behavior,37584,0,37584,0,1,12528,0,0,0,0,0,1,0,200448
2088,2088,AUX_EVENT,aux_behavior,37584,0,37584,0,1,12528,0,0,0,0,0,1,0,200448
2089,2089,AUX_EVENT,aux_behavior,37584,0,37584,0,1,12528,0,0,0,0,0,1,0,200448
2090,2090,AUX_EVENT,aux_behavior,37584,0,37584,0,1,12528,0,0,0,0,0,1,0,200448
2091,2091,AUX_EVENT,aux_behavior,37584,0,37584,0,1,12528,0,0,0,0,0,1,0,200448
2092,2092,AUX_EVENT,aux_behavior,442368,0,442368,0,1,147456,0,0,0,0,0,1,0,2359296
2093,2093,AUX_EVENT,aux_behavior,442368,0,442368,0,1,147456,0,0,0,0,0,1,0,2359296
2094,2094,AUX_EVENT,aux_behavior,442368,0,442368,0,1,147456,0,0,0,0,0,1,0,2359296
2095,2095,AUX_EVENT,aux_behavior,442368,0,442368,0,1,147456,0,0,0,0,0,1,0,2359296
2096,2096,AUX_EVENT,aux_behavior,442368,0,442368,0,1,147456,0,0,0,0,0,1,0,2359296
2097,2097,AUX_EVENT,aux_behavior,442368,0,442368,0,1,147456,0,0,0,0,0,1,0,2359296
2098,2098,AUX_EVENT,aux_behavior,442368,0,442368,0,1,147456,0,0,0,0,0,1,0,2359296
2099,2099,AUX_EVENT,aux_behavior,442368,0,442368,0,1,147456,0,0,0,0,0,1,0,2359296
2100,2100,GELU,vector_rtl,100224,0,100224,0,1,50112,0,0,0,0,0,1,0,801792
2101,2101,AUX_EVENT,aux_behavior,144,0,144,0,1,48,0,0,0,0,0,1,0,768
2102,2102,AUX_EVENT,aux_behavior,442368,0,442368,0,1,147456,0,0,0,0,0,1,0,2359296
2103,2103,GEMM_W8A8,rtl_gemm,50117,50117,0,0,1,50112,4,50112,0,0,0,0,0,801792
2104,2104,AUX_EVENT,aux_behavior,150336,0,150336,0,1,50112,0,0,0,0,0,1,0,801792
2105,2105,AUX_EVENT,aux_behavior,150336,0,150336,0,1,50112,0,0,0,0,0,1,0,801792
2106,2106,AUX_EVENT,aux_behavior,150336,0,150336,0,1,50112,0,0,0,0,0,1,0,801792
2107,2107,AUX_EVENT,aux_behavior,150336,0,150336,0,1,50112,0,0,0,0,0,1,0,801792
2108,2108,AUX_EVENT,aux_behavior,150336,0,150336,0,1,50112,0,0,0,0,0,1,0,801792
2109,2109,AUX_EVENT,aux_behavior,150336,0,150336,0,1,50112,0,0,0,0,0,1,0,801792
2110,2110,AUX_EVENT,aux_behavior,150336,0,150336,0,1,50112,0,0,0,0,0,1,0,801792
2111,2111,AUX_EVENT,aux_behavior,442368,0,442368,0,1,147456,0,0,0,0,0,1,0,2359296
2112,2112,AUX_EVENT,aux_behavior,442368,0,442368,0,1,147456,0,0,0,0,0,1,0,2359296
2113,2113,AUX_EVENT,aux_behavior,442368,0,442368,0,1,147456,0,0,0,0,0,1,0,2359296
2114,2114,AUX_EVENT,aux_behavior,442368,0,442368,0,1,147456,0,0,0,0,0,1,0,2359296
2115,2115,AUX_EVENT,aux_behavior,442368,0,442368,0,1,147456,0,0,0,0,0,1,0,2359296
2116,2116,AUX_EVENT,aux_behavior,442368,0,442368,0,1,147456,0,0,0,0,0,1,0,2359296
2117,2117,AUX_EVENT,aux_behavior,442368,0,442368,0,1,147456,0,0,0,0,0,1,0,2359296
2118,2118,AUX_EVENT,aux_behavior,442368,0,442368,0,1,147456,0,0,0,0,0,1,0,2359296
2119,2119,MUL,vector_rtl,25056,0,25056,0,1,12528,0,0,0,0,0,1,0,200448
2120,2120,ADD,vector_rtl,25056,0,25056,0,1,12528,0,0,0,0,0,1,0,200448
2121,2121,LAYER_NORM,vector_rtl,25056,0,25056,0,1,12528,0,0,0,0,0,1,0,200448
2122,2122,AUX_EVENT,aux_behavior,144,0,144,0,1,48,0,0,0,0,0,1,0,768
2123,2123,AUX_EVENT,aux_behavior,110592,0,110592,0,1,36864,0,0,0,0,0,1,0,589824
2124,2124,AUX_EVENT,aux_behavior,37584,0,37584,0,1,12528,0,0,0,0,0,1,0,200448
2125,2125,GEMM_W8A8,rtl_gemm,132752,132752,0,106624,13056,12528,544,12528,153944064,76972032,136,200448,589824,200448
2126,2126,AUX_EVENT,aux_behavior,37584,0,37584,0,1,12528,0,0,0,0,0,1,0,200448
2127,2127,AUX_EVENT,aux_behavior,37584,0,37584,0,1,12528,0,0,0,0,0,1,0,200448
2128,2128,AUX_EVENT,aux_behavior,37584,0,37584,0,1,12528,0,0,0,0,0,1,0,200448
2129,2129,AUX_EVENT,aux_behavior,37584,0,37584,0,1,12528,0,0,0,0,0,1,0,200448
2130,2130,AUX_EVENT,aux_behavior,37584,0,37584,0,1,12528,0,0,0,0,0,1,0,200448
2131,2131,AUX_EVENT,aux_behavior,37584,0,37584,0,1,12528,0,0,0,0,0,1,0,200448
2132,2132,AUX_EVENT,aux_behavior,37584,0,37584,0,1,12528,0,0,0,0,0,1,0,200448
2133,2133,AUX_EVENT,aux_behavior,110592,0,110592,0,1,36864,0,0,0,0,0,1,0,589824
2134,2134,AUX_EVENT,aux_behavior,110592,0,110592,0,1,36864,0,0,0,0,0,1,0,589824
2135,2135,AUX_EVENT,aux_behavior,110592,0,110592,0,1,36864,0,0,0,0,0,1,0,589824
2136,2136,AUX_EVENT,aux_behavior,110592,0,110592,0,1,36864,0,0,0,0,0,1,0,589824
2137,2137,AUX_EVENT,aux_behavior,110592,0,110592,0,1,36864,0,0,0,0,0,1,0,589824
2138,2138,AUX_EVENT,aux_behavior,110592,0,110592,0,1,36864,0,0,0,0,0,1,0,589824
2139,2139,AUX_EVENT,aux_behavior,110592,0,110592,0,1,36864,0,0,0,0,0,1,0,589824
2140,2140,AUX_EVENT,aux_behavior,110592,0,110592,0,1,36864,0,0,0,0,0,1,0,589824
2141,2141,AUX_EVENT,aux_behavior,110592,0,110592,0,1,36864,0,0,0,0,0,1,0,589824
2142,2142,AUX_EVENT,aux_behavior,37584,0,37584,0,1,12528,0,0,0,0,0,1,0,200448
2143,2143,GEMM_W8A8,rtl_gemm,132752,132752,0,106624,13056,12528,544,12528,153944064,76972032,136,200448,589824,200448
2144,2144,AUX_EVENT,aux_behavior,37584,0,37584,0,1,12528,0,0,0,0,0,1,0,200448
2145,2145,AUX_EVENT,aux_behavior,37584,0,37584,0,1,12528,0,0,0,0,0,1,0,200448
2146,2146,AUX_EVENT,aux_behavior,37584,0,37584,0,1,12528,0,0,0,0,0,1,0,200448
2147,2147,AUX_EVENT,aux_behavior,37584,0,37584,0,1,12528,0,0,0,0,0,1,0,200448
2148,2148,AUX_EVENT,aux_behavior,37584,0,37584,0,1,12528,0,0,0,0,0,1,0,200448
2149,2149,AUX_EVENT,aux_behavior,37584,0,37584,0,1,12528,0,0,0,0,0,1,0,200448
2150,2150,AUX_EVENT,aux_behavior,37584,0,37584,0,1,12528,0,0,0,0,0,1,0,200448
2151,2151,AUX_EVENT,aux_behavior,110592,0,110592,0,1,36864,0,0,0,0,0,1,0,589824
2152,2152,AUX_EVENT,aux_behavior,110592,0,110592,0,1,36864,0,0,0,0,0,1,0,589824
2153,2153,AUX_EVENT,aux_behavior,110592,0,110592,0,1,36864,0,0,0,0,0,1,0,589824
2154,2154,AUX_EVENT,aux_behavior,110592,0,110592,0,1,36864,0,0,0,0,0,1,0,589824
2155,2155,AUX_EVENT,aux_behavior,110592,0,110592,0,1,36864,0,0,0,0,0,1,0,589824
2156,2156,AUX_EVENT,aux_behavior,110592,0,110592,0,1,36864,0,0,0,0,0,1,0,589824
2157,2157,AUX_EVENT,aux_behavior,110592,0,110592,0,1,36864,0,0,0,0,0,1,0,589824
2158,2158,AUX_EVENT,aux_behavior,110592,0,110592,0,1,36864,0,0,0,0,0,1,0,589824
2159,2159,AUX_EVENT,aux_behavior,144,0,144,0,1,48,0,0,0,0,0,1,0,768
2160,2160,AUX_EVENT,aux_behavior,110592,0,110592,0,1,36864,0,0,0,0,0,1,0,589824
2161,2161,AUX_EVENT,aux_behavior,37584,0,37584,0,1,12528,0,0,0,0,0,1,0,200448
2162,2162,GEMM_W8A8,rtl_gemm,132752,132752,0,106624,13056,12528,544,12528,153944064,76972032,136,200448,589824,200448
2163,2163,AUX_EVENT,aux_behavior,37584,0,37584,0,1,12528,0,0,0,0,0,1,0,200448
2164,2164,AUX_EVENT,aux_behavior,37584,0,37584,0,1,12528,0,0,0,0,0,1,0,200448
2165,2165,AUX_EVENT,aux_behavior,37584,0,37584,0,1,12528,0,0,0,0,0,1,0,200448
2166,2166,AUX_EVENT,aux_behavior,37584,0,37584,0,1,12528,0,0,0,0,0,1,0,200448
2167,2167,AUX_EVENT,aux_behavior,37584,0,37584,0,1,12528,0,0,0,0,0,1,0,200448
2168,2168,AUX_EVENT,aux_behavior,37584,0,37584,0,1,12528,0,0,0,0,0,1,0,200448
2169,2169,AUX_EVENT,aux_behavior,37584,0,37584,0,1,12528,0,0,0,0,0,1,0,200448
2170,2170,AUX_EVENT,aux_behavior,110592,0,110592,0,1,36864,0,0,0,0,0,1,0,589824
2171,2171,AUX_EVENT,aux_behavior,110592,0,110592,0,1,36864,0,0,0,0,0,1,0,589824
2172,2172,AUX_EVENT,aux_behavior,110592,0,110592,0,1,36864,0,0,0,0,0,1,0,589824
2173,2173,AUX_EVENT,aux_behavior,110592,0,110592,0,1,36864,0,0,0,0,0,1,0,589824
2174,2174,AUX_EVENT,aux_behavior,110592,0,110592,0,1,36864,0,0,0,0,0,1,0,589824
2175,2175,AUX_EVENT,aux_behavior,110592,0,110592,0,1,36864,0,0,0,0,0,1,0,589824
2176,2176,AUX_EVENT,aux_behavior,110592,0,110592,0,1,36864,0,0,0,0,0,1,0,589824
2177,2177,AUX_EVENT,aux_behavior,110592,0,110592,0,1,36864,0,0,0,0,0,1,0,589824
2178,2178,LAYOUT,layout_rtl,25056,0,25056,0,1,12528,0,0,0,0,0,1,0,200448
2179,2179,LAYOUT,layout_rtl,25056,0,25056,0,1,12528,0,0,0,0,0,1,0,200448
2180,2180,LAYOUT,layout_rtl,25056,0,25056,0,1,12528,0,0,0,0,0,1,0,200448
2181,2181,LAYOUT,layout_rtl,25056,0,25056,0,1,12528,0,0,0,0,0,1,0,200448
2182,2182,LAYOUT,layout_rtl,25056,0,25056,0,1,12528,0,0,0,0,0,1,0,200448
2183,2183,LAYOUT,layout_rtl,25056,0,25056,0,1,12528,0,0,0,0,0,1,0,200448
2184,2184,AUX_EVENT,aux_behavior,37584,0,37584,0,1,12528,0,0,0,0,0,1,0,200448
2185,2185,AUX_EVENT,aux_behavior,37584,0,37584,0,1,12528,0,0,0,0,0,1,0,200448
2186,2186,MUL,vector_rtl,24576,0,24576,0,1,12288,0,0,0,0,0,1,0,196608
2187,2187,LAYOUT,layout_rtl,24576,0,24576,0,1,12288,0,0,0,0,0,1,0,196608
2188,2188,LAYOUT,layout_rtl,24576,0,24576,0,1,12288,0,0,0,0,0,1,0,196608
2189,2189,AUX_EVENT,aux_behavior,18432,0,18432,0,1,6144,0,0,0,0,0,1,0,98304
2190,2190,LAYOUT,layout_rtl,12288,0,12288,0,1,6144,0,0,0,0,0,1,0,98304
2191,2191,MUL,vector_rtl,24576,0,24576,0,1,12288,0,0,0,0,0,1,0,196608
2192,2192,ADD,vector_rtl,24576,0,24576,0,1,12288,0,0,0,0,0,1,0,196608
2193,2193,MUL,vector_rtl,24576,0,24576,0,1,12288,0,0,0,0,0,1,0,196608
2194,2194,LAYOUT,layout_rtl,24576,0,24576,0,1,12288,0,0,0,0,0,1,0,196608
2195,2195,LAYOUT,layout_rtl,24576,0,24576,0,1,12288,0,0,0,0,0,1,0,196608
2196,2196,AUX_EVENT,aux_behavior,18432,0,18432,0,1,6144,0,0,0,0,0,1,0,98304
2197,2197,LAYOUT,layout_rtl,12288,0,12288,0,1,6144,0,0,0,0,0,1,0,98304
2198,2198,MUL,vector_rtl,24576,0,24576,0,1,12288,0,0,0,0,0,1,0,196608
2199,2199,ADD,vector_rtl,24576,0,24576,0,1,12288,0,0,0,0,0,1,0,196608
2200,2200,LAYOUT,layout_rtl,480,0,480,0,1,240,0,0,0,0,0,1,0,3840
2201,2201,LAYOUT,layout_rtl,480,0,480,0,1,240,0,0,0,0,0,1,0,3840
2202,2202,AUX_EVENT,aux_behavior,37584,0,37584,0,1,12528,0,0,0,0,0,1,0,200448
2203,2203,AUX_EVENT,aux_behavior,37584,0,37584,0,1,12528,0,0,0,0,0,1,0,200448
2204,2204,AUX_EVENT,aux_behavior,37584,0,37584,0,1,12528,0,0,0,0,0,1,0,200448
2205,2205,LAYOUT,layout_rtl,25056,0,25056,0,1,12528,0,0,0,0,0,1,0,200448
2206,2206,LAYOUT,layout_rtl,25056,0,25056,0,1,12528,0,0,0,0,0,1,0,200448
2207,2207,LAYOUT,layout_rtl,25056,0,25056,0,1,12528,0,0,0,0,0,1,0,200448
2208,2208,AUX_EVENT,aux_behavior,144,0,144,0,1,48,0,0,0,0,0,1,0,768
2209,2209,AUX_EVENT,aux_behavior,110592,0,110592,0,1,36864,0,0,0,0,0,1,0,589824
2210,2210,GEMM_W8A8,rtl_gemm,132752,132752,0,106624,13056,12528,544,12528,153944064,76972032,136,200448,589824,200448
2211,2211,AUX_EVENT,aux_behavior,37584,0,37584,0,1,12528,0,0,0,0,0,1,0,200448
2212,2212,AUX_EVENT,aux_behavior,37584,0,37584,0,1,12528,0,0,0,0,0,1,0,200448
2213,2213,AUX_EVENT,aux_behavior,37584,0,37584,0,1,12528,0,0,0,0,0,1,0,200448
2214,2214,AUX_EVENT,aux_behavior,37584,0,37584,0,1,12528,0,0,0,0,0,1,0,200448
2215,2215,AUX_EVENT,aux_behavior,37584,0,37584,0,1,12528,0,0,0,0,0,1,0,200448
2216,2216,AUX_EVENT,aux_behavior,37584,0,37584,0,1,12528,0,0,0,0,0,1,0,200448
2217,2217,AUX_EVENT,aux_behavior,37584,0,37584,0,1,12528,0,0,0,0,0,1,0,200448
2218,2218,AUX_EVENT,aux_behavior,110592,0,110592,0,1,36864,0,0,0,0,0,1,0,589824
2219,2219,AUX_EVENT,aux_behavior,110592,0,110592,0,1,36864,0,0,0,0,0,1,0,589824
2220,2220,AUX_EVENT,aux_behavior,110592,0,110592,0,1,36864,0,0,0,0,0,1,0,589824
2221,2221,AUX_EVENT,aux_behavior,110592,0,110592,0,1,36864,0,0,0,0,0,1,0,589824
2222,2222,AUX_EVENT,aux_behavior,110592,0,110592,0,1,36864,0,0,0,0,0,1,0,589824
2223,2223,AUX_EVENT,aux_behavior,110592,0,110592,0,1,36864,0,0,0,0,0,1,0,589824
2224,2224,AUX_EVENT,aux_behavior,110592,0,110592,0,1,36864,0,0,0,0,0,1,0,589824
2225,2225,AUX_EVENT,aux_behavior,110592,0,110592,0,1,36864,0,0,0,0,0,1,0,589824
2226,2226,MUL,vector_rtl,25056,0,25056,0,1,12528,0,0,0,0,0,1,0,200448
2227,2227,ADD,vector_rtl,25056,0,25056,0,1,12528,0,0,0,0,0,1,0,200448
2228,2228,LAYER_NORM,vector_rtl,25056,0,25056,0,1,12528,0,0,0,0,0,1,0,200448
2229,2229,AUX_EVENT,aux_behavior,576,0,576,0,1,192,0,0,0,0,0,1,0,3072
2230,2230,AUX_EVENT,aux_behavior,442368,0,442368,0,1,147456,0,0,0,0,0,1,0,2359296
2231,2231,AUX_EVENT,aux_behavior,37584,0,37584,0,1,12528,0,0,0,0,0,1,0,200448
2232,2232,GEMM_W8A8,rtl_gemm,12533,12533,0,0,1,12528,4,12528,0,0,0,0,0,200448
2233,2233,AUX_EVENT,aux_behavior,37584,0,37584,0,1,12528,0,0,0,0,0,1,0,200448
2234,2234,AUX_EVENT,aux_behavior,37584,0,37584,0,1,12528,0,0,0,0,0,1,0,200448
2235,2235,AUX_EVENT,aux_behavior,37584,0,37584,0,1,12528,0,0,0,0,0,1,0,200448
2236,2236,AUX_EVENT,aux_behavior,37584,0,37584,0,1,12528,0,0,0,0,0,1,0,200448
2237,2237,AUX_EVENT,aux_behavior,37584,0,37584,0,1,12528,0,0,0,0,0,1,0,200448
2238,2238,AUX_EVENT,aux_behavior,37584,0,37584,0,1,12528,0,0,0,0,0,1,0,200448
2239,2239,AUX_EVENT,aux_behavior,37584,0,37584,0,1,12528,0,0,0,0,0,1,0,200448
2240,2240,AUX_EVENT,aux_behavior,442368,0,442368,0,1,147456,0,0,0,0,0,1,0,2359296
2241,2241,AUX_EVENT,aux_behavior,442368,0,442368,0,1,147456,0,0,0,0,0,1,0,2359296
2242,2242,AUX_EVENT,aux_behavior,442368,0,442368,0,1,147456,0,0,0,0,0,1,0,2359296
2243,2243,AUX_EVENT,aux_behavior,442368,0,442368,0,1,147456,0,0,0,0,0,1,0,2359296
2244,2244,AUX_EVENT,aux_behavior,442368,0,442368,0,1,147456,0,0,0,0,0,1,0,2359296
2245,2245,AUX_EVENT,aux_behavior,442368,0,442368,0,1,147456,0,0,0,0,0,1,0,2359296
2246,2246,AUX_EVENT,aux_behavior,442368,0,442368,0,1,147456,0,0,0,0,0,1,0,2359296
2247,2247,AUX_EVENT,aux_behavior,442368,0,442368,0,1,147456,0,0,0,0,0,1,0,2359296
2248,2248,GELU,vector_rtl,100224,0,100224,0,1,50112,0,0,0,0,0,1,0,801792
2249,2249,AUX_EVENT,aux_behavior,144,0,144,0,1,48,0,0,0,0,0,1,0,768
2250,2250,AUX_EVENT,aux_behavior,442368,0,442368,0,1,147456,0,0,0,0,0,1,0,2359296
2251,2251,GEMM_W8A8,rtl_gemm,50117,50117,0,0,1,50112,4,50112,0,0,0,0,0,801792
2252,2252,AUX_EVENT,aux_behavior,150336,0,150336,0,1,50112,0,0,0,0,0,1,0,801792
2253,2253,AUX_EVENT,aux_behavior,150336,0,150336,0,1,50112,0,0,0,0,0,1,0,801792
2254,2254,AUX_EVENT,aux_behavior,150336,0,150336,0,1,50112,0,0,0,0,0,1,0,801792
2255,2255,AUX_EVENT,aux_behavior,150336,0,150336,0,1,50112,0,0,0,0,0,1,0,801792
2256,2256,AUX_EVENT,aux_behavior,150336,0,150336,0,1,50112,0,0,0,0,0,1,0,801792
2257,2257,AUX_EVENT,aux_behavior,150336,0,150336,0,1,50112,0,0,0,0,0,1,0,801792
2258,2258,AUX_EVENT,aux_behavior,150336,0,150336,0,1,50112,0,0,0,0,0,1,0,801792
2259,2259,AUX_EVENT,aux_behavior,442368,0,442368,0,1,147456,0,0,0,0,0,1,0,2359296
2260,2260,AUX_EVENT,aux_behavior,442368,0,442368,0,1,147456,0,0,0,0,0,1,0,2359296
2261,2261,AUX_EVENT,aux_behavior,442368,0,442368,0,1,147456,0,0,0,0,0,1,0,2359296
2262,2262,AUX_EVENT,aux_behavior,442368,0,442368,0,1,147456,0,0,0,0,0,1,0,2359296
2263,2263,AUX_EVENT,aux_behavior,442368,0,442368,0,1,147456,0,0,0,0,0,1,0,2359296
2264,2264,AUX_EVENT,aux_behavior,442368,0,442368,0,1,147456,0,0,0,0,0,1,0,2359296
2265,2265,AUX_EVENT,aux_behavior,442368,0,442368,0,1,147456,0,0,0,0,0,1,0,2359296
2266,2266,AUX_EVENT,aux_behavior,442368,0,442368,0,1,147456,0,0,0,0,0,1,0,2359296
2267,2267,MUL,vector_rtl,25056,0,25056,0,1,12528,0,0,0,0,0,1,0,200448
2268,2268,ADD,vector_rtl,25056,0,25056,0,1,12528,0,0,0,0,0,1,0,200448
2269,2269,LAYER_NORM,vector_rtl,25056,0,25056,0,1,12528,0,0,0,0,0,1,0,200448
2270,2270,AUX_EVENT,aux_behavior,144,0,144,0,1,48,0,0,0,0,0,1,0,768
2271,2271,AUX_EVENT,aux_behavior,110592,0,110592,0,1,36864,0,0,0,0,0,1,0,589824
2272,2272,AUX_EVENT,aux_behavior,37584,0,37584,0,1,12528,0,0,0,0,0,1,0,200448
2273,2273,GEMM_W8A8,rtl_gemm,132752,132752,0,106624,13056,12528,544,12528,153944064,76972032,136,200448,589824,200448
2274,2274,AUX_EVENT,aux_behavior,37584,0,37584,0,1,12528,0,0,0,0,0,1,0,200448
2275,2275,AUX_EVENT,aux_behavior,37584,0,37584,0,1,12528,0,0,0,0,0,1,0,200448
2276,2276,AUX_EVENT,aux_behavior,37584,0,37584,0,1,12528,0,0,0,0,0,1,0,200448
2277,2277,AUX_EVENT,aux_behavior,37584,0,37584,0,1,12528,0,0,0,0,0,1,0,200448
2278,2278,AUX_EVENT,aux_behavior,37584,0,37584,0,1,12528,0,0,0,0,0,1,0,200448
2279,2279,AUX_EVENT,aux_behavior,37584,0,37584,0,1,12528,0,0,0,0,0,1,0,200448
2280,2280,AUX_EVENT,aux_behavior,37584,0,37584,0,1,12528,0,0,0,0,0,1,0,200448
2281,2281,AUX_EVENT,aux_behavior,110592,0,110592,0,1,36864,0,0,0,0,0,1,0,589824
2282,2282,AUX_EVENT,aux_behavior,110592,0,110592,0,1,36864,0,0,0,0,0,1,0,589824
2283,2283,AUX_EVENT,aux_behavior,110592,0,110592,0,1,36864,0,0,0,0,0,1,0,589824
2284,2284,AUX_EVENT,aux_behavior,110592,0,110592,0,1,36864,0,0,0,0,0,1,0,589824
2285,2285,AUX_EVENT,aux_behavior,110592,0,110592,0,1,36864,0,0,0,0,0,1,0,589824
2286,2286,AUX_EVENT,aux_behavior,110592,0,110592,0,1,36864,0,0,0,0,0,1,0,589824
2287,2287,AUX_EVENT,aux_behavior,110592,0,110592,0,1,36864,0,0,0,0,0,1,0,589824
2288,2288,AUX_EVENT,aux_behavior,110592,0,110592,0,1,36864,0,0,0,0,0,1,0,589824
2289,2289,AUX_EVENT,aux_behavior,110592,0,110592,0,1,36864,0,0,0,0,0,1,0,589824
2290,2290,AUX_EVENT,aux_behavior,37584,0,37584,0,1,12528,0,0,0,0,0,1,0,200448
2291,2291,GEMM_W8A8,rtl_gemm,132752,132752,0,106624,13056,12528,544,12528,153944064,76972032,136,200448,589824,200448
2292,2292,AUX_EVENT,aux_behavior,37584,0,37584,0,1,12528,0,0,0,0,0,1,0,200448
2293,2293,AUX_EVENT,aux_behavior,37584,0,37584,0,1,12528,0,0,0,0,0,1,0,200448
2294,2294,AUX_EVENT,aux_behavior,37584,0,37584,0,1,12528,0,0,0,0,0,1,0,200448
2295,2295,AUX_EVENT,aux_behavior,37584,0,37584,0,1,12528,0,0,0,0,0,1,0,200448
2296,2296,AUX_EVENT,aux_behavior,37584,0,37584,0,1,12528,0,0,0,0,0,1,0,200448
2297,2297,AUX_EVENT,aux_behavior,37584,0,37584,0,1,12528,0,0,0,0,0,1,0,200448
2298,2298,AUX_EVENT,aux_behavior,37584,0,37584,0,1,12528,0,0,0,0,0,1,0,200448
2299,2299,AUX_EVENT,aux_behavior,110592,0,110592,0,1,36864,0,0,0,0,0,1,0,589824
2300,2300,AUX_EVENT,aux_behavior,110592,0,110592,0,1,36864,0,0,0,0,0,1,0,589824
2301,2301,AUX_EVENT,aux_behavior,110592,0,110592,0,1,36864,0,0,0,0,0,1,0,589824
2302,2302,AUX_EVENT,aux_behavior,110592,0,110592,0,1,36864,0,0,0,0,0,1,0,589824
2303,2303,AUX_EVENT,aux_behavior,110592,0,110592,0,1,36864,0,0,0,0,0,1,0,589824
2304,2304,AUX_EVENT,aux_behavior,110592,0,110592,0,1,36864,0,0,0,0,0,1,0,589824
2305,2305,AUX_EVENT,aux_behavior,110592,0,110592,0,1,36864,0,0,0,0,0,1,0,589824
2306,2306,AUX_EVENT,aux_behavior,110592,0,110592,0,1,36864,0,0,0,0,0,1,0,589824
2307,2307,AUX_EVENT,aux_behavior,144,0,144,0,1,48,0,0,0,0,0,1,0,768
2308,2308,AUX_EVENT,aux_behavior,110592,0,110592,0,1,36864,0,0,0,0,0,1,0,589824
2309,2309,AUX_EVENT,aux_behavior,37584,0,37584,0,1,12528,0,0,0,0,0,1,0,200448
2310,2310,GEMM_W8A8,rtl_gemm,132752,132752,0,106624,13056,12528,544,12528,153944064,76972032,136,200448,589824,200448
2311,2311,AUX_EVENT,aux_behavior,37584,0,37584,0,1,12528,0,0,0,0,0,1,0,200448
2312,2312,AUX_EVENT,aux_behavior,37584,0,37584,0,1,12528,0,0,0,0,0,1,0,200448
2313,2313,AUX_EVENT,aux_behavior,37584,0,37584,0,1,12528,0,0,0,0,0,1,0,200448
2314,2314,AUX_EVENT,aux_behavior,37584,0,37584,0,1,12528,0,0,0,0,0,1,0,200448
2315,2315,AUX_EVENT,aux_behavior,37584,0,37584,0,1,12528,0,0,0,0,0,1,0,200448
2316,2316,AUX_EVENT,aux_behavior,37584,0,37584,0,1,12528,0,0,0,0,0,1,0,200448
2317,2317,AUX_EVENT,aux_behavior,37584,0,37584,0,1,12528,0,0,0,0,0,1,0,200448
2318,2318,AUX_EVENT,aux_behavior,110592,0,110592,0,1,36864,0,0,0,0,0,1,0,589824
2319,2319,AUX_EVENT,aux_behavior,110592,0,110592,0,1,36864,0,0,0,0,0,1,0,589824
2320,2320,AUX_EVENT,aux_behavior,110592,0,110592,0,1,36864,0,0,0,0,0,1,0,589824
2321,2321,AUX_EVENT,aux_behavior,110592,0,110592,0,1,36864,0,0,0,0,0,1,0,589824
2322,2322,AUX_EVENT,aux_behavior,110592,0,110592,0,1,36864,0,0,0,0,0,1,0,589824
2323,2323,AUX_EVENT,aux_behavior,110592,0,110592,0,1,36864,0,0,0,0,0,1,0,589824
2324,2324,AUX_EVENT,aux_behavior,110592,0,110592,0,1,36864,0,0,0,0,0,1,0,589824
2325,2325,AUX_EVENT,aux_behavior,110592,0,110592,0,1,36864,0,0,0,0,0,1,0,589824
2326,2326,LAYOUT,layout_rtl,25056,0,25056,0,1,12528,0,0,0,0,0,1,0,200448
2327,2327,LAYOUT,layout_rtl,25056,0,25056,0,1,12528,0,0,0,0,0,1,0,200448
2328,2328,LAYOUT,layout_rtl,25056,0,25056,0,1,12528,0,0,0,0,0,1,0,200448
2329,2329,LAYOUT,layout_rtl,25056,0,25056,0,1,12528,0,0,0,0,0,1,0,200448
2330,2330,LAYOUT,layout_rtl,25056,0,25056,0,1,12528,0,0,0,0,0,1,0,200448
2331,2331,LAYOUT,layout_rtl,25056,0,25056,0,1,12528,0,0,0,0,0,1,0,200448
2332,2332,AUX_EVENT,aux_behavior,37584,0,37584,0,1,12528,0,0,0,0,0,1,0,200448
2333,2333,AUX_EVENT,aux_behavior,37584,0,37584,0,1,12528,0,0,0,0,0,1,0,200448
2334,2334,MUL,vector_rtl,24576,0,24576,0,1,12288,0,0,0,0,0,1,0,196608
2335,2335,LAYOUT,layout_rtl,24576,0,24576,0,1,12288,0,0,0,0,0,1,0,196608
2336,2336,LAYOUT,layout_rtl,24576,0,24576,0,1,12288,0,0,0,0,0,1,0,196608
2337,2337,AUX_EVENT,aux_behavior,18432,0,18432,0,1,6144,0,0,0,0,0,1,0,98304
2338,2338,LAYOUT,layout_rtl,12288,0,12288,0,1,6144,0,0,0,0,0,1,0,98304
2339,2339,MUL,vector_rtl,24576,0,24576,0,1,12288,0,0,0,0,0,1,0,196608
2340,2340,ADD,vector_rtl,24576,0,24576,0,1,12288,0,0,0,0,0,1,0,196608
2341,2341,MUL,vector_rtl,24576,0,24576,0,1,12288,0,0,0,0,0,1,0,196608
2342,2342,LAYOUT,layout_rtl,24576,0,24576,0,1,12288,0,0,0,0,0,1,0,196608
2343,2343,LAYOUT,layout_rtl,24576,0,24576,0,1,12288,0,0,0,0,0,1,0,196608
2344,2344,AUX_EVENT,aux_behavior,18432,0,18432,0,1,6144,0,0,0,0,0,1,0,98304
2345,2345,LAYOUT,layout_rtl,12288,0,12288,0,1,6144,0,0,0,0,0,1,0,98304
2346,2346,MUL,vector_rtl,24576,0,24576,0,1,12288,0,0,0,0,0,1,0,196608
2347,2347,ADD,vector_rtl,24576,0,24576,0,1,12288,0,0,0,0,0,1,0,196608
2348,2348,LAYOUT,layout_rtl,480,0,480,0,1,240,0,0,0,0,0,1,0,3840
2349,2349,LAYOUT,layout_rtl,480,0,480,0,1,240,0,0,0,0,0,1,0,3840
2350,2350,AUX_EVENT,aux_behavior,37584,0,37584,0,1,12528,0,0,0,0,0,1,0,200448
2351,2351,AUX_EVENT,aux_behavior,37584,0,37584,0,1,12528,0,0,0,0,0,1,0,200448
2352,2352,AUX_EVENT,aux_behavior,37584,0,37584,0,1,12528,0,0,0,0,0,1,0,200448
2353,2353,LAYOUT,layout_rtl,25056,0,25056,0,1,12528,0,0,0,0,0,1,0,200448
2354,2354,LAYOUT,layout_rtl,25056,0,25056,0,1,12528,0,0,0,0,0,1,0,200448
2355,2355,LAYOUT,layout_rtl,25056,0,25056,0,1,12528,0,0,0,0,0,1,0,200448
2356,2356,AUX_EVENT,aux_behavior,144,0,144,0,1,48,0,0,0,0,0,1,0,768
2357,2357,AUX_EVENT,aux_behavior,110592,0,110592,0,1,36864,0,0,0,0,0,1,0,589824
2358,2358,GEMM_W8A8,rtl_gemm,132752,132752,0,106624,13056,12528,544,12528,153944064,76972032,136,200448,589824,200448
2359,2359,AUX_EVENT,aux_behavior,37584,0,37584,0,1,12528,0,0,0,0,0,1,0,200448
2360,2360,AUX_EVENT,aux_behavior,37584,0,37584,0,1,12528,0,0,0,0,0,1,0,200448
2361,2361,AUX_EVENT,aux_behavior,37584,0,37584,0,1,12528,0,0,0,0,0,1,0,200448
2362,2362,AUX_EVENT,aux_behavior,37584,0,37584,0,1,12528,0,0,0,0,0,1,0,200448
2363,2363,AUX_EVENT,aux_behavior,37584,0,37584,0,1,12528,0,0,0,0,0,1,0,200448
2364,2364,AUX_EVENT,aux_behavior,37584,0,37584,0,1,12528,0,0,0,0,0,1,0,200448
2365,2365,AUX_EVENT,aux_behavior,37584,0,37584,0,1,12528,0,0,0,0,0,1,0,200448
2366,2366,AUX_EVENT,aux_behavior,110592,0,110592,0,1,36864,0,0,0,0,0,1,0,589824
2367,2367,AUX_EVENT,aux_behavior,110592,0,110592,0,1,36864,0,0,0,0,0,1,0,589824
2368,2368,AUX_EVENT,aux_behavior,110592,0,110592,0,1,36864,0,0,0,0,0,1,0,589824
2369,2369,AUX_EVENT,aux_behavior,110592,0,110592,0,1,36864,0,0,0,0,0,1,0,589824
2370,2370,AUX_EVENT,aux_behavior,110592,0,110592,0,1,36864,0,0,0,0,0,1,0,589824
2371,2371,AUX_EVENT,aux_behavior,110592,0,110592,0,1,36864,0,0,0,0,0,1,0,589824
2372,2372,AUX_EVENT,aux_behavior,110592,0,110592,0,1,36864,0,0,0,0,0,1,0,589824
2373,2373,AUX_EVENT,aux_behavior,110592,0,110592,0,1,36864,0,0,0,0,0,1,0,589824
2374,2374,MUL,vector_rtl,25056,0,25056,0,1,12528,0,0,0,0,0,1,0,200448
2375,2375,ADD,vector_rtl,25056,0,25056,0,1,12528,0,0,0,0,0,1,0,200448
2376,2376,LAYER_NORM,vector_rtl,25056,0,25056,0,1,12528,0,0,0,0,0,1,0,200448
2377,2377,AUX_EVENT,aux_behavior,576,0,576,0,1,192,0,0,0,0,0,1,0,3072
2378,2378,AUX_EVENT,aux_behavior,442368,0,442368,0,1,147456,0,0,0,0,0,1,0,2359296
2379,2379,AUX_EVENT,aux_behavior,37584,0,37584,0,1,12528,0,0,0,0,0,1,0,200448
2380,2380,GEMM_W8A8,rtl_gemm,12533,12533,0,0,1,12528,4,12528,0,0,0,0,0,200448
2381,2381,AUX_EVENT,aux_behavior,37584,0,37584,0,1,12528,0,0,0,0,0,1,0,200448
2382,2382,AUX_EVENT,aux_behavior,37584,0,37584,0,1,12528,0,0,0,0,0,1,0,200448
2383,2383,AUX_EVENT,aux_behavior,37584,0,37584,0,1,12528,0,0,0,0,0,1,0,200448
2384,2384,AUX_EVENT,aux_behavior,37584,0,37584,0,1,12528,0,0,0,0,0,1,0,200448
2385,2385,AUX_EVENT,aux_behavior,37584,0,37584,0,1,12528,0,0,0,0,0,1,0,200448
2386,2386,AUX_EVENT,aux_behavior,37584,0,37584,0,1,12528,0,0,0,0,0,1,0,200448
2387,2387,AUX_EVENT,aux_behavior,37584,0,37584,0,1,12528,0,0,0,0,0,1,0,200448
2388,2388,AUX_EVENT,aux_behavior,442368,0,442368,0,1,147456,0,0,0,0,0,1,0,2359296
2389,2389,AUX_EVENT,aux_behavior,442368,0,442368,0,1,147456,0,0,0,0,0,1,0,2359296
2390,2390,AUX_EVENT,aux_behavior,442368,0,442368,0,1,147456,0,0,0,0,0,1,0,2359296
2391,2391,AUX_EVENT,aux_behavior,442368,0,442368,0,1,147456,0,0,0,0,0,1,0,2359296
2392,2392,AUX_EVENT,aux_behavior,442368,0,442368,0,1,147456,0,0,0,0,0,1,0,2359296
2393,2393,AUX_EVENT,aux_behavior,442368,0,442368,0,1,147456,0,0,0,0,0,1,0,2359296
2394,2394,AUX_EVENT,aux_behavior,442368,0,442368,0,1,147456,0,0,0,0,0,1,0,2359296
2395,2395,AUX_EVENT,aux_behavior,442368,0,442368,0,1,147456,0,0,0,0,0,1,0,2359296
2396,2396,GELU,vector_rtl,100224,0,100224,0,1,50112,0,0,0,0,0,1,0,801792
2397,2397,AUX_EVENT,aux_behavior,144,0,144,0,1,48,0,0,0,0,0,1,0,768
2398,2398,AUX_EVENT,aux_behavior,442368,0,442368,0,1,147456,0,0,0,0,0,1,0,2359296
2399,2399,GEMM_W8A8,rtl_gemm,50117,50117,0,0,1,50112,4,50112,0,0,0,0,0,801792
2400,2400,AUX_EVENT,aux_behavior,150336,0,150336,0,1,50112,0,0,0,0,0,1,0,801792
2401,2401,AUX_EVENT,aux_behavior,150336,0,150336,0,1,50112,0,0,0,0,0,1,0,801792
2402,2402,AUX_EVENT,aux_behavior,150336,0,150336,0,1,50112,0,0,0,0,0,1,0,801792
2403,2403,AUX_EVENT,aux_behavior,150336,0,150336,0,1,50112,0,0,0,0,0,1,0,801792
2404,2404,AUX_EVENT,aux_behavior,150336,0,150336,0,1,50112,0,0,0,0,0,1,0,801792
2405,2405,AUX_EVENT,aux_behavior,150336,0,150336,0,1,50112,0,0,0,0,0,1,0,801792
2406,2406,AUX_EVENT,aux_behavior,150336,0,150336,0,1,50112,0,0,0,0,0,1,0,801792
2407,2407,AUX_EVENT,aux_behavior,442368,0,442368,0,1,147456,0,0,0,0,0,1,0,2359296
2408,2408,AUX_EVENT,aux_behavior,442368,0,442368,0,1,147456,0,0,0,0,0,1,0,2359296
2409,2409,AUX_EVENT,aux_behavior,442368,0,442368,0,1,147456,0,0,0,0,0,1,0,2359296
2410,2410,AUX_EVENT,aux_behavior,442368,0,442368,0,1,147456,0,0,0,0,0,1,0,2359296
2411,2411,AUX_EVENT,aux_behavior,442368,0,442368,0,1,147456,0,0,0,0,0,1,0,2359296
2412,2412,AUX_EVENT,aux_behavior,442368,0,442368,0,1,147456,0,0,0,0,0,1,0,2359296
2413,2413,AUX_EVENT,aux_behavior,442368,0,442368,0,1,147456,0,0,0,0,0,1,0,2359296
2414,2414,AUX_EVENT,aux_behavior,442368,0,442368,0,1,147456,0,0,0,0,0,1,0,2359296
2415,2415,MUL,vector_rtl,25056,0,25056,0,1,12528,0,0,0,0,0,1,0,200448
2416,2416,ADD,vector_rtl,25056,0,25056,0,1,12528,0,0,0,0,0,1,0,200448
2417,2417,LAYER_NORM,vector_rtl,25056,0,25056,0,1,12528,0,0,0,0,0,1,0,200448
2418,2418,AUX_EVENT,aux_behavior,144,0,144,0,1,48,0,0,0,0,0,1,0,768
2419,2419,AUX_EVENT,aux_behavior,110592,0,110592,0,1,36864,0,0,0,0,0,1,0,589824
2420,2420,AUX_EVENT,aux_behavior,37584,0,37584,0,1,12528,0,0,0,0,0,1,0,200448
2421,2421,GEMM_W8A8,rtl_gemm,132752,132752,0,106624,13056,12528,544,12528,153944064,76972032,136,200448,589824,200448
2422,2422,AUX_EVENT,aux_behavior,37584,0,37584,0,1,12528,0,0,0,0,0,1,0,200448
2423,2423,AUX_EVENT,aux_behavior,37584,0,37584,0,1,12528,0,0,0,0,0,1,0,200448
2424,2424,AUX_EVENT,aux_behavior,37584,0,37584,0,1,12528,0,0,0,0,0,1,0,200448
2425,2425,AUX_EVENT,aux_behavior,37584,0,37584,0,1,12528,0,0,0,0,0,1,0,200448
2426,2426,AUX_EVENT,aux_behavior,37584,0,37584,0,1,12528,0,0,0,0,0,1,0,200448
2427,2427,AUX_EVENT,aux_behavior,37584,0,37584,0,1,12528,0,0,0,0,0,1,0,200448
2428,2428,AUX_EVENT,aux_behavior,37584,0,37584,0,1,12528,0,0,0,0,0,1,0,200448
2429,2429,AUX_EVENT,aux_behavior,110592,0,110592,0,1,36864,0,0,0,0,0,1,0,589824
2430,2430,AUX_EVENT,aux_behavior,110592,0,110592,0,1,36864,0,0,0,0,0,1,0,589824
2431,2431,AUX_EVENT,aux_behavior,110592,0,110592,0,1,36864,0,0,0,0,0,1,0,589824
2432,2432,AUX_EVENT,aux_behavior,110592,0,110592,0,1,36864,0,0,0,0,0,1,0,589824
2433,2433,AUX_EVENT,aux_behavior,110592,0,110592,0,1,36864,0,0,0,0,0,1,0,589824
2434,2434,AUX_EVENT,aux_behavior,110592,0,110592,0,1,36864,0,0,0,0,0,1,0,589824
2435,2435,AUX_EVENT,aux_behavior,110592,0,110592,0,1,36864,0,0,0,0,0,1,0,589824
2436,2436,AUX_EVENT,aux_behavior,110592,0,110592,0,1,36864,0,0,0,0,0,1,0,589824
2437,2437,AUX_EVENT,aux_behavior,110592,0,110592,0,1,36864,0,0,0,0,0,1,0,589824
2438,2438,AUX_EVENT,aux_behavior,37584,0,37584,0,1,12528,0,0,0,0,0,1,0,200448
2439,2439,GEMM_W8A8,rtl_gemm,132752,132752,0,106624,13056,12528,544,12528,153944064,76972032,136,200448,589824,200448
2440,2440,AUX_EVENT,aux_behavior,37584,0,37584,0,1,12528,0,0,0,0,0,1,0,200448
2441,2441,AUX_EVENT,aux_behavior,37584,0,37584,0,1,12528,0,0,0,0,0,1,0,200448
2442,2442,AUX_EVENT,aux_behavior,37584,0,37584,0,1,12528,0,0,0,0,0,1,0,200448
2443,2443,AUX_EVENT,aux_behavior,37584,0,37584,0,1,12528,0,0,0,0,0,1,0,200448
2444,2444,AUX_EVENT,aux_behavior,37584,0,37584,0,1,12528,0,0,0,0,0,1,0,200448
2445,2445,AUX_EVENT,aux_behavior,37584,0,37584,0,1,12528,0,0,0,0,0,1,0,200448
2446,2446,AUX_EVENT,aux_behavior,37584,0,37584,0,1,12528,0,0,0,0,0,1,0,200448
2447,2447,AUX_EVENT,aux_behavior,110592,0,110592,0,1,36864,0,0,0,0,0,1,0,589824
2448,2448,AUX_EVENT,aux_behavior,110592,0,110592,0,1,36864,0,0,0,0,0,1,0,589824
2449,2449,AUX_EVENT,aux_behavior,110592,0,110592,0,1,36864,0,0,0,0,0,1,0,589824
2450,2450,AUX_EVENT,aux_behavior,110592,0,110592,0,1,36864,0,0,0,0,0,1,0,589824
2451,2451,AUX_EVENT,aux_behavior,110592,0,110592,0,1,36864,0,0,0,0,0,1,0,589824
2452,2452,AUX_EVENT,aux_behavior,110592,0,110592,0,1,36864,0,0,0,0,0,1,0,589824
2453,2453,AUX_EVENT,aux_behavior,110592,0,110592,0,1,36864,0,0,0,0,0,1,0,589824
2454,2454,AUX_EVENT,aux_behavior,110592,0,110592,0,1,36864,0,0,0,0,0,1,0,589824
2455,2455,AUX_EVENT,aux_behavior,144,0,144,0,1,48,0,0,0,0,0,1,0,768
2456,2456,AUX_EVENT,aux_behavior,110592,0,110592,0,1,36864,0,0,0,0,0,1,0,589824
2457,2457,AUX_EVENT,aux_behavior,37584,0,37584,0,1,12528,0,0,0,0,0,1,0,200448
2458,2458,GEMM_W8A8,rtl_gemm,132752,132752,0,106624,13056,12528,544,12528,153944064,76972032,136,200448,589824,200448
2459,2459,AUX_EVENT,aux_behavior,37584,0,37584,0,1,12528,0,0,0,0,0,1,0,200448
2460,2460,AUX_EVENT,aux_behavior,37584,0,37584,0,1,12528,0,0,0,0,0,1,0,200448
2461,2461,AUX_EVENT,aux_behavior,37584,0,37584,0,1,12528,0,0,0,0,0,1,0,200448
2462,2462,AUX_EVENT,aux_behavior,37584,0,37584,0,1,12528,0,0,0,0,0,1,0,200448
2463,2463,AUX_EVENT,aux_behavior,37584,0,37584,0,1,12528,0,0,0,0,0,1,0,200448
2464,2464,AUX_EVENT,aux_behavior,37584,0,37584,0,1,12528,0,0,0,0,0,1,0,200448
2465,2465,AUX_EVENT,aux_behavior,37584,0,37584,0,1,12528,0,0,0,0,0,1,0,200448
2466,2466,AUX_EVENT,aux_behavior,110592,0,110592,0,1,36864,0,0,0,0,0,1,0,589824
2467,2467,AUX_EVENT,aux_behavior,110592,0,110592,0,1,36864,0,0,0,0,0,1,0,589824
2468,2468,AUX_EVENT,aux_behavior,110592,0,110592,0,1,36864,0,0,0,0,0,1,0,589824
2469,2469,AUX_EVENT,aux_behavior,110592,0,110592,0,1,36864,0,0,0,0,0,1,0,589824
2470,2470,AUX_EVENT,aux_behavior,110592,0,110592,0,1,36864,0,0,0,0,0,1,0,589824
2471,2471,AUX_EVENT,aux_behavior,110592,0,110592,0,1,36864,0,0,0,0,0,1,0,589824
2472,2472,AUX_EVENT,aux_behavior,110592,0,110592,0,1,36864,0,0,0,0,0,1,0,589824
2473,2473,AUX_EVENT,aux_behavior,110592,0,110592,0,1,36864,0,0,0,0,0,1,0,589824
2474,2474,LAYOUT,layout_rtl,25056,0,25056,0,1,12528,0,0,0,0,0,1,0,200448
2475,2475,LAYOUT,layout_rtl,25056,0,25056,0,1,12528,0,0,0,0,0,1,0,200448
2476,2476,LAYOUT,layout_rtl,25056,0,25056,0,1,12528,0,0,0,0,0,1,0,200448
2477,2477,LAYOUT,layout_rtl,25056,0,25056,0,1,12528,0,0,0,0,0,1,0,200448
2478,2478,LAYOUT,layout_rtl,25056,0,25056,0,1,12528,0,0,0,0,0,1,0,200448
2479,2479,LAYOUT,layout_rtl,25056,0,25056,0,1,12528,0,0,0,0,0,1,0,200448
2480,2480,AUX_EVENT,aux_behavior,37584,0,37584,0,1,12528,0,0,0,0,0,1,0,200448
2481,2481,AUX_EVENT,aux_behavior,37584,0,37584,0,1,12528,0,0,0,0,0,1,0,200448
2482,2482,MUL,vector_rtl,24576,0,24576,0,1,12288,0,0,0,0,0,1,0,196608
2483,2483,LAYOUT,layout_rtl,24576,0,24576,0,1,12288,0,0,0,0,0,1,0,196608
2484,2484,LAYOUT,layout_rtl,24576,0,24576,0,1,12288,0,0,0,0,0,1,0,196608
2485,2485,AUX_EVENT,aux_behavior,18432,0,18432,0,1,6144,0,0,0,0,0,1,0,98304
2486,2486,LAYOUT,layout_rtl,12288,0,12288,0,1,6144,0,0,0,0,0,1,0,98304
2487,2487,MUL,vector_rtl,24576,0,24576,0,1,12288,0,0,0,0,0,1,0,196608
2488,2488,ADD,vector_rtl,24576,0,24576,0,1,12288,0,0,0,0,0,1,0,196608
2489,2489,MUL,vector_rtl,24576,0,24576,0,1,12288,0,0,0,0,0,1,0,196608
2490,2490,LAYOUT,layout_rtl,24576,0,24576,0,1,12288,0,0,0,0,0,1,0,196608
2491,2491,LAYOUT,layout_rtl,24576,0,24576,0,1,12288,0,0,0,0,0,1,0,196608
2492,2492,AUX_EVENT,aux_behavior,18432,0,18432,0,1,6144,0,0,0,0,0,1,0,98304
2493,2493,LAYOUT,layout_rtl,12288,0,12288,0,1,6144,0,0,0,0,0,1,0,98304
2494,2494,MUL,vector_rtl,24576,0,24576,0,1,12288,0,0,0,0,0,1,0,196608
2495,2495,ADD,vector_rtl,24576,0,24576,0,1,12288,0,0,0,0,0,1,0,196608
2496,2496,LAYOUT,layout_rtl,480,0,480,0,1,240,0,0,0,0,0,1,0,3840
2497,2497,LAYOUT,layout_rtl,480,0,480,0,1,240,0,0,0,0,0,1,0,3840
2498,2498,AUX_EVENT,aux_behavior,37584,0,37584,0,1,12528,0,0,0,0,0,1,0,200448
2499,2499,AUX_EVENT,aux_behavior,37584,0,37584,0,1,12528,0,0,0,0,0,1,0,200448
2500,2500,AUX_EVENT,aux_behavior,37584,0,37584,0,1,12528,0,0,0,0,0,1,0,200448
2501,2501,LAYOUT,layout_rtl,25056,0,25056,0,1,12528,0,0,0,0,0,1,0,200448
2502,2502,LAYOUT,layout_rtl,25056,0,25056,0,1,12528,0,0,0,0,0,1,0,200448
2503,2503,LAYOUT,layout_rtl,25056,0,25056,0,1,12528,0,0,0,0,0,1,0,200448
2504,2504,AUX_EVENT,aux_behavior,144,0,144,0,1,48,0,0,0,0,0,1,0,768
2505,2505,AUX_EVENT,aux_behavior,110592,0,110592,0,1,36864,0,0,0,0,0,1,0,589824
2506,2506,GEMM_W8A8,rtl_gemm,132752,132752,0,106624,13056,12528,544,12528,153944064,76972032,136,200448,589824,200448
2507,2507,AUX_EVENT,aux_behavior,37584,0,37584,0,1,12528,0,0,0,0,0,1,0,200448
2508,2508,AUX_EVENT,aux_behavior,37584,0,37584,0,1,12528,0,0,0,0,0,1,0,200448
2509,2509,AUX_EVENT,aux_behavior,37584,0,37584,0,1,12528,0,0,0,0,0,1,0,200448
2510,2510,AUX_EVENT,aux_behavior,37584,0,37584,0,1,12528,0,0,0,0,0,1,0,200448
2511,2511,AUX_EVENT,aux_behavior,37584,0,37584,0,1,12528,0,0,0,0,0,1,0,200448
2512,2512,AUX_EVENT,aux_behavior,37584,0,37584,0,1,12528,0,0,0,0,0,1,0,200448
2513,2513,AUX_EVENT,aux_behavior,37584,0,37584,0,1,12528,0,0,0,0,0,1,0,200448
2514,2514,AUX_EVENT,aux_behavior,110592,0,110592,0,1,36864,0,0,0,0,0,1,0,589824
2515,2515,AUX_EVENT,aux_behavior,110592,0,110592,0,1,36864,0,0,0,0,0,1,0,589824
2516,2516,AUX_EVENT,aux_behavior,110592,0,110592,0,1,36864,0,0,0,0,0,1,0,589824
2517,2517,AUX_EVENT,aux_behavior,110592,0,110592,0,1,36864,0,0,0,0,0,1,0,589824
2518,2518,AUX_EVENT,aux_behavior,110592,0,110592,0,1,36864,0,0,0,0,0,1,0,589824
2519,2519,AUX_EVENT,aux_behavior,110592,0,110592,0,1,36864,0,0,0,0,0,1,0,589824
2520,2520,AUX_EVENT,aux_behavior,110592,0,110592,0,1,36864,0,0,0,0,0,1,0,589824
2521,2521,AUX_EVENT,aux_behavior,110592,0,110592,0,1,36864,0,0,0,0,0,1,0,589824
2522,2522,MUL,vector_rtl,25056,0,25056,0,1,12528,0,0,0,0,0,1,0,200448
2523,2523,ADD,vector_rtl,25056,0,25056,0,1,12528,0,0,0,0,0,1,0,200448
2524,2524,LAYER_NORM,vector_rtl,25056,0,25056,0,1,12528,0,0,0,0,0,1,0,200448
2525,2525,AUX_EVENT,aux_behavior,576,0,576,0,1,192,0,0,0,0,0,1,0,3072
2526,2526,AUX_EVENT,aux_behavior,442368,0,442368,0,1,147456,0,0,0,0,0,1,0,2359296
2527,2527,AUX_EVENT,aux_behavior,37584,0,37584,0,1,12528,0,0,0,0,0,1,0,200448
2528,2528,GEMM_W8A8,rtl_gemm,12533,12533,0,0,1,12528,4,12528,0,0,0,0,0,200448
2529,2529,AUX_EVENT,aux_behavior,37584,0,37584,0,1,12528,0,0,0,0,0,1,0,200448
2530,2530,AUX_EVENT,aux_behavior,37584,0,37584,0,1,12528,0,0,0,0,0,1,0,200448
2531,2531,AUX_EVENT,aux_behavior,37584,0,37584,0,1,12528,0,0,0,0,0,1,0,200448
2532,2532,AUX_EVENT,aux_behavior,37584,0,37584,0,1,12528,0,0,0,0,0,1,0,200448
2533,2533,AUX_EVENT,aux_behavior,37584,0,37584,0,1,12528,0,0,0,0,0,1,0,200448
2534,2534,AUX_EVENT,aux_behavior,37584,0,37584,0,1,12528,0,0,0,0,0,1,0,200448
2535,2535,AUX_EVENT,aux_behavior,37584,0,37584,0,1,12528,0,0,0,0,0,1,0,200448
2536,2536,AUX_EVENT,aux_behavior,442368,0,442368,0,1,147456,0,0,0,0,0,1,0,2359296
2537,2537,AUX_EVENT,aux_behavior,442368,0,442368,0,1,147456,0,0,0,0,0,1,0,2359296
2538,2538,AUX_EVENT,aux_behavior,442368,0,442368,0,1,147456,0,0,0,0,0,1,0,2359296
2539,2539,AUX_EVENT,aux_behavior,442368,0,442368,0,1,147456,0,0,0,0,0,1,0,2359296
2540,2540,AUX_EVENT,aux_behavior,442368,0,442368,0,1,147456,0,0,0,0,0,1,0,2359296
2541,2541,AUX_EVENT,aux_behavior,442368,0,442368,0,1,147456,0,0,0,0,0,1,0,2359296
2542,2542,AUX_EVENT,aux_behavior,442368,0,442368,0,1,147456,0,0,0,0,0,1,0,2359296
2543,2543,AUX_EVENT,aux_behavior,442368,0,442368,0,1,147456,0,0,0,0,0,1,0,2359296
2544,2544,GELU,vector_rtl,100224,0,100224,0,1,50112,0,0,0,0,0,1,0,801792
2545,2545,AUX_EVENT,aux_behavior,144,0,144,0,1,48,0,0,0,0,0,1,0,768
2546,2546,AUX_EVENT,aux_behavior,442368,0,442368,0,1,147456,0,0,0,0,0,1,0,2359296
2547,2547,GEMM_W8A8,rtl_gemm,50117,50117,0,0,1,50112,4,50112,0,0,0,0,0,801792
2548,2548,AUX_EVENT,aux_behavior,150336,0,150336,0,1,50112,0,0,0,0,0,1,0,801792
2549,2549,AUX_EVENT,aux_behavior,150336,0,150336,0,1,50112,0,0,0,0,0,1,0,801792
2550,2550,AUX_EVENT,aux_behavior,150336,0,150336,0,1,50112,0,0,0,0,0,1,0,801792
2551,2551,AUX_EVENT,aux_behavior,150336,0,150336,0,1,50112,0,0,0,0,0,1,0,801792
2552,2552,AUX_EVENT,aux_behavior,150336,0,150336,0,1,50112,0,0,0,0,0,1,0,801792
2553,2553,AUX_EVENT,aux_behavior,150336,0,150336,0,1,50112,0,0,0,0,0,1,0,801792
2554,2554,AUX_EVENT,aux_behavior,150336,0,150336,0,1,50112,0,0,0,0,0,1,0,801792
2555,2555,AUX_EVENT,aux_behavior,442368,0,442368,0,1,147456,0,0,0,0,0,1,0,2359296
2556,2556,AUX_EVENT,aux_behavior,442368,0,442368,0,1,147456,0,0,0,0,0,1,0,2359296
2557,2557,AUX_EVENT,aux_behavior,442368,0,442368,0,1,147456,0,0,0,0,0,1,0,2359296
2558,2558,AUX_EVENT,aux_behavior,442368,0,442368,0,1,147456,0,0,0,0,0,1,0,2359296
2559,2559,AUX_EVENT,aux_behavior,442368,0,442368,0,1,147456,0,0,0,0,0,1,0,2359296
2560,2560,AUX_EVENT,aux_behavior,442368,0,442368,0,1,147456,0,0,0,0,0,1,0,2359296
2561,2561,AUX_EVENT,aux_behavior,442368,0,442368,0,1,147456,0,0,0,0,0,1,0,2359296
2562,2562,AUX_EVENT,aux_behavior,442368,0,442368,0,1,147456,0,0,0,0,0,1,0,2359296
2563,2563,MUL,vector_rtl,25056,0,25056,0,1,12528,0,0,0,0,0,1,0,200448
2564,2564,ADD,vector_rtl,25056,0,25056,0,1,12528,0,0,0,0,0,1,0,200448
2565,2565,LAYER_NORM,vector_rtl,25056,0,25056,0,1,12528,0,0,0,0,0,1,0,200448
2566,2566,AUX_EVENT,aux_behavior,144,0,144,0,1,48,0,0,0,0,0,1,0,768
2567,2567,AUX_EVENT,aux_behavior,110592,0,110592,0,1,36864,0,0,0,0,0,1,0,589824
2568,2568,AUX_EVENT,aux_behavior,37584,0,37584,0,1,12528,0,0,0,0,0,1,0,200448
2569,2569,GEMM_W8A8,rtl_gemm,132752,132752,0,106624,13056,12528,544,12528,153944064,76972032,136,200448,589824,200448
2570,2570,AUX_EVENT,aux_behavior,37584,0,37584,0,1,12528,0,0,0,0,0,1,0,200448
2571,2571,AUX_EVENT,aux_behavior,37584,0,37584,0,1,12528,0,0,0,0,0,1,0,200448
2572,2572,AUX_EVENT,aux_behavior,37584,0,37584,0,1,12528,0,0,0,0,0,1,0,200448
2573,2573,AUX_EVENT,aux_behavior,37584,0,37584,0,1,12528,0,0,0,0,0,1,0,200448
2574,2574,AUX_EVENT,aux_behavior,37584,0,37584,0,1,12528,0,0,0,0,0,1,0,200448
2575,2575,AUX_EVENT,aux_behavior,37584,0,37584,0,1,12528,0,0,0,0,0,1,0,200448
2576,2576,AUX_EVENT,aux_behavior,37584,0,37584,0,1,12528,0,0,0,0,0,1,0,200448
2577,2577,AUX_EVENT,aux_behavior,110592,0,110592,0,1,36864,0,0,0,0,0,1,0,589824
2578,2578,AUX_EVENT,aux_behavior,110592,0,110592,0,1,36864,0,0,0,0,0,1,0,589824
2579,2579,AUX_EVENT,aux_behavior,110592,0,110592,0,1,36864,0,0,0,0,0,1,0,589824
2580,2580,AUX_EVENT,aux_behavior,110592,0,110592,0,1,36864,0,0,0,0,0,1,0,589824
2581,2581,AUX_EVENT,aux_behavior,110592,0,110592,0,1,36864,0,0,0,0,0,1,0,589824
2582,2582,AUX_EVENT,aux_behavior,110592,0,110592,0,1,36864,0,0,0,0,0,1,0,589824
2583,2583,AUX_EVENT,aux_behavior,110592,0,110592,0,1,36864,0,0,0,0,0,1,0,589824
2584,2584,AUX_EVENT,aux_behavior,110592,0,110592,0,1,36864,0,0,0,0,0,1,0,589824
2585,2585,AUX_EVENT,aux_behavior,110592,0,110592,0,1,36864,0,0,0,0,0,1,0,589824
2586,2586,AUX_EVENT,aux_behavior,37584,0,37584,0,1,12528,0,0,0,0,0,1,0,200448
2587,2587,GEMM_W8A8,rtl_gemm,132752,132752,0,106624,13056,12528,544,12528,153944064,76972032,136,200448,589824,200448
2588,2588,AUX_EVENT,aux_behavior,37584,0,37584,0,1,12528,0,0,0,0,0,1,0,200448
2589,2589,AUX_EVENT,aux_behavior,37584,0,37584,0,1,12528,0,0,0,0,0,1,0,200448
2590,2590,AUX_EVENT,aux_behavior,37584,0,37584,0,1,12528,0,0,0,0,0,1,0,200448
2591,2591,AUX_EVENT,aux_behavior,37584,0,37584,0,1,12528,0,0,0,0,0,1,0,200448
2592,2592,AUX_EVENT,aux_behavior,37584,0,37584,0,1,12528,0,0,0,0,0,1,0,200448
2593,2593,AUX_EVENT,aux_behavior,37584,0,37584,0,1,12528,0,0,0,0,0,1,0,200448
2594,2594,AUX_EVENT,aux_behavior,37584,0,37584,0,1,12528,0,0,0,0,0,1,0,200448
2595,2595,AUX_EVENT,aux_behavior,110592,0,110592,0,1,36864,0,0,0,0,0,1,0,589824
2596,2596,AUX_EVENT,aux_behavior,110592,0,110592,0,1,36864,0,0,0,0,0,1,0,589824
2597,2597,AUX_EVENT,aux_behavior,110592,0,110592,0,1,36864,0,0,0,0,0,1,0,589824
2598,2598,AUX_EVENT,aux_behavior,110592,0,110592,0,1,36864,0,0,0,0,0,1,0,589824
2599,2599,AUX_EVENT,aux_behavior,110592,0,110592,0,1,36864,0,0,0,0,0,1,0,589824
2600,2600,AUX_EVENT,aux_behavior,110592,0,110592,0,1,36864,0,0,0,0,0,1,0,589824
2601,2601,AUX_EVENT,aux_behavior,110592,0,110592,0,1,36864,0,0,0,0,0,1,0,589824
2602,2602,AUX_EVENT,aux_behavior,110592,0,110592,0,1,36864,0,0,0,0,0,1,0,589824
2603,2603,AUX_EVENT,aux_behavior,144,0,144,0,1,48,0,0,0,0,0,1,0,768
2604,2604,AUX_EVENT,aux_behavior,110592,0,110592,0,1,36864,0,0,0,0,0,1,0,589824
2605,2605,AUX_EVENT,aux_behavior,37584,0,37584,0,1,12528,0,0,0,0,0,1,0,200448
2606,2606,GEMM_W8A8,rtl_gemm,132752,132752,0,106624,13056,12528,544,12528,153944064,76972032,136,200448,589824,200448
2607,2607,AUX_EVENT,aux_behavior,37584,0,37584,0,1,12528,0,0,0,0,0,1,0,200448
2608,2608,AUX_EVENT,aux_behavior,37584,0,37584,0,1,12528,0,0,0,0,0,1,0,200448
2609,2609,AUX_EVENT,aux_behavior,37584,0,37584,0,1,12528,0,0,0,0,0,1,0,200448
2610,2610,AUX_EVENT,aux_behavior,37584,0,37584,0,1,12528,0,0,0,0,0,1,0,200448
2611,2611,AUX_EVENT,aux_behavior,37584,0,37584,0,1,12528,0,0,0,0,0,1,0,200448
2612,2612,AUX_EVENT,aux_behavior,37584,0,37584,0,1,12528,0,0,0,0,0,1,0,200448
2613,2613,AUX_EVENT,aux_behavior,37584,0,37584,0,1,12528,0,0,0,0,0,1,0,200448
2614,2614,AUX_EVENT,aux_behavior,110592,0,110592,0,1,36864,0,0,0,0,0,1,0,589824
2615,2615,AUX_EVENT,aux_behavior,110592,0,110592,0,1,36864,0,0,0,0,0,1,0,589824
2616,2616,AUX_EVENT,aux_behavior,110592,0,110592,0,1,36864,0,0,0,0,0,1,0,589824
2617,2617,AUX_EVENT,aux_behavior,110592,0,110592,0,1,36864,0,0,0,0,0,1,0,589824
2618,2618,AUX_EVENT,aux_behavior,110592,0,110592,0,1,36864,0,0,0,0,0,1,0,589824
2619,2619,AUX_EVENT,aux_behavior,110592,0,110592,0,1,36864,0,0,0,0,0,1,0,589824
2620,2620,AUX_EVENT,aux_behavior,110592,0,110592,0,1,36864,0,0,0,0,0,1,0,589824
2621,2621,AUX_EVENT,aux_behavior,110592,0,110592,0,1,36864,0,0,0,0,0,1,0,589824
2622,2622,LAYOUT,layout_rtl,25056,0,25056,0,1,12528,0,0,0,0,0,1,0,200448
2623,2623,LAYOUT,layout_rtl,25056,0,25056,0,1,12528,0,0,0,0,0,1,0,200448
2624,2624,LAYOUT,layout_rtl,25056,0,25056,0,1,12528,0,0,0,0,0,1,0,200448
2625,2625,LAYOUT,layout_rtl,25056,0,25056,0,1,12528,0,0,0,0,0,1,0,200448
2626,2626,LAYOUT,layout_rtl,25056,0,25056,0,1,12528,0,0,0,0,0,1,0,200448
2627,2627,LAYOUT,layout_rtl,25056,0,25056,0,1,12528,0,0,0,0,0,1,0,200448
2628,2628,AUX_EVENT,aux_behavior,37584,0,37584,0,1,12528,0,0,0,0,0,1,0,200448
2629,2629,AUX_EVENT,aux_behavior,37584,0,37584,0,1,12528,0,0,0,0,0,1,0,200448
2630,2630,MUL,vector_rtl,24576,0,24576,0,1,12288,0,0,0,0,0,1,0,196608
2631,2631,LAYOUT,layout_rtl,24576,0,24576,0,1,12288,0,0,0,0,0,1,0,196608
2632,2632,LAYOUT,layout_rtl,24576,0,24576,0,1,12288,0,0,0,0,0,1,0,196608
2633,2633,AUX_EVENT,aux_behavior,18432,0,18432,0,1,6144,0,0,0,0,0,1,0,98304
2634,2634,LAYOUT,layout_rtl,12288,0,12288,0,1,6144,0,0,0,0,0,1,0,98304
2635,2635,MUL,vector_rtl,24576,0,24576,0,1,12288,0,0,0,0,0,1,0,196608
2636,2636,ADD,vector_rtl,24576,0,24576,0,1,12288,0,0,0,0,0,1,0,196608
2637,2637,MUL,vector_rtl,24576,0,24576,0,1,12288,0,0,0,0,0,1,0,196608
2638,2638,LAYOUT,layout_rtl,24576,0,24576,0,1,12288,0,0,0,0,0,1,0,196608
2639,2639,LAYOUT,layout_rtl,24576,0,24576,0,1,12288,0,0,0,0,0,1,0,196608
2640,2640,AUX_EVENT,aux_behavior,18432,0,18432,0,1,6144,0,0,0,0,0,1,0,98304
2641,2641,LAYOUT,layout_rtl,12288,0,12288,0,1,6144,0,0,0,0,0,1,0,98304
2642,2642,MUL,vector_rtl,24576,0,24576,0,1,12288,0,0,0,0,0,1,0,196608
2643,2643,ADD,vector_rtl,24576,0,24576,0,1,12288,0,0,0,0,0,1,0,196608
2644,2644,LAYOUT,layout_rtl,480,0,480,0,1,240,0,0,0,0,0,1,0,3840
2645,2645,LAYOUT,layout_rtl,480,0,480,0,1,240,0,0,0,0,0,1,0,3840
2646,2646,AUX_EVENT,aux_behavior,37584,0,37584,0,1,12528,0,0,0,0,0,1,0,200448
2647,2647,AUX_EVENT,aux_behavior,37584,0,37584,0,1,12528,0,0,0,0,0,1,0,200448
2648,2648,AUX_EVENT,aux_behavior,37584,0,37584,0,1,12528,0,0,0,0,0,1,0,200448
2649,2649,LAYOUT,layout_rtl,25056,0,25056,0,1,12528,0,0,0,0,0,1,0,200448
2650,2650,LAYOUT,layout_rtl,25056,0,25056,0,1,12528,0,0,0,0,0,1,0,200448
2651,2651,LAYOUT,layout_rtl,25056,0,25056,0,1,12528,0,0,0,0,0,1,0,200448
2652,2652,AUX_EVENT,aux_behavior,144,0,144,0,1,48,0,0,0,0,0,1,0,768
2653,2653,AUX_EVENT,aux_behavior,110592,0,110592,0,1,36864,0,0,0,0,0,1,0,589824
2654,2654,GEMM_W8A8,rtl_gemm,132752,132752,0,106624,13056,12528,544,12528,153944064,76972032,136,200448,589824,200448
2655,2655,AUX_EVENT,aux_behavior,37584,0,37584,0,1,12528,0,0,0,0,0,1,0,200448
2656,2656,AUX_EVENT,aux_behavior,37584,0,37584,0,1,12528,0,0,0,0,0,1,0,200448
2657,2657,AUX_EVENT,aux_behavior,37584,0,37584,0,1,12528,0,0,0,0,0,1,0,200448
2658,2658,AUX_EVENT,aux_behavior,37584,0,37584,0,1,12528,0,0,0,0,0,1,0,200448
2659,2659,AUX_EVENT,aux_behavior,37584,0,37584,0,1,12528,0,0,0,0,0,1,0,200448
2660,2660,AUX_EVENT,aux_behavior,37584,0,37584,0,1,12528,0,0,0,0,0,1,0,200448
2661,2661,AUX_EVENT,aux_behavior,37584,0,37584,0,1,12528,0,0,0,0,0,1,0,200448
2662,2662,AUX_EVENT,aux_behavior,110592,0,110592,0,1,36864,0,0,0,0,0,1,0,589824
2663,2663,AUX_EVENT,aux_behavior,110592,0,110592,0,1,36864,0,0,0,0,0,1,0,589824
2664,2664,AUX_EVENT,aux_behavior,110592,0,110592,0,1,36864,0,0,0,0,0,1,0,589824
2665,2665,AUX_EVENT,aux_behavior,110592,0,110592,0,1,36864,0,0,0,0,0,1,0,589824
2666,2666,AUX_EVENT,aux_behavior,110592,0,110592,0,1,36864,0,0,0,0,0,1,0,589824
2667,2667,AUX_EVENT,aux_behavior,110592,0,110592,0,1,36864,0,0,0,0,0,1,0,589824
2668,2668,AUX_EVENT,aux_behavior,110592,0,110592,0,1,36864,0,0,0,0,0,1,0,589824
2669,2669,AUX_EVENT,aux_behavior,110592,0,110592,0,1,36864,0,0,0,0,0,1,0,589824
2670,2670,MUL,vector_rtl,25056,0,25056,0,1,12528,0,0,0,0,0,1,0,200448
2671,2671,ADD,vector_rtl,25056,0,25056,0,1,12528,0,0,0,0,0,1,0,200448
2672,2672,LAYER_NORM,vector_rtl,25056,0,25056,0,1,12528,0,0,0,0,0,1,0,200448
2673,2673,AUX_EVENT,aux_behavior,576,0,576,0,1,192,0,0,0,0,0,1,0,3072
2674,2674,AUX_EVENT,aux_behavior,442368,0,442368,0,1,147456,0,0,0,0,0,1,0,2359296
2675,2675,AUX_EVENT,aux_behavior,37584,0,37584,0,1,12528,0,0,0,0,0,1,0,200448
2676,2676,GEMM_W8A8,rtl_gemm,12533,12533,0,0,1,12528,4,12528,0,0,0,0,0,200448
2677,2677,AUX_EVENT,aux_behavior,37584,0,37584,0,1,12528,0,0,0,0,0,1,0,200448
2678,2678,AUX_EVENT,aux_behavior,37584,0,37584,0,1,12528,0,0,0,0,0,1,0,200448
2679,2679,AUX_EVENT,aux_behavior,37584,0,37584,0,1,12528,0,0,0,0,0,1,0,200448
2680,2680,AUX_EVENT,aux_behavior,37584,0,37584,0,1,12528,0,0,0,0,0,1,0,200448
2681,2681,AUX_EVENT,aux_behavior,37584,0,37584,0,1,12528,0,0,0,0,0,1,0,200448
2682,2682,AUX_EVENT,aux_behavior,37584,0,37584,0,1,12528,0,0,0,0,0,1,0,200448
2683,2683,AUX_EVENT,aux_behavior,37584,0,37584,0,1,12528,0,0,0,0,0,1,0,200448
2684,2684,AUX_EVENT,aux_behavior,442368,0,442368,0,1,147456,0,0,0,0,0,1,0,2359296
2685,2685,AUX_EVENT,aux_behavior,442368,0,442368,0,1,147456,0,0,0,0,0,1,0,2359296
2686,2686,AUX_EVENT,aux_behavior,442368,0,442368,0,1,147456,0,0,0,0,0,1,0,2359296
2687,2687,AUX_EVENT,aux_behavior,442368,0,442368,0,1,147456,0,0,0,0,0,1,0,2359296
2688,2688,AUX_EVENT,aux_behavior,442368,0,442368,0,1,147456,0,0,0,0,0,1,0,2359296
2689,2689,AUX_EVENT,aux_behavior,442368,0,442368,0,1,147456,0,0,0,0,0,1,0,2359296
2690,2690,AUX_EVENT,aux_behavior,442368,0,442368,0,1,147456,0,0,0,0,0,1,0,2359296
2691,2691,AUX_EVENT,aux_behavior,442368,0,442368,0,1,147456,0,0,0,0,0,1,0,2359296
2692,2692,GELU,vector_rtl,100224,0,100224,0,1,50112,0,0,0,0,0,1,0,801792
2693,2693,AUX_EVENT,aux_behavior,144,0,144,0,1,48,0,0,0,0,0,1,0,768
2694,2694,AUX_EVENT,aux_behavior,442368,0,442368,0,1,147456,0,0,0,0,0,1,0,2359296
2695,2695,GEMM_W8A8,rtl_gemm,50117,50117,0,0,1,50112,4,50112,0,0,0,0,0,801792
2696,2696,AUX_EVENT,aux_behavior,150336,0,150336,0,1,50112,0,0,0,0,0,1,0,801792
2697,2697,AUX_EVENT,aux_behavior,150336,0,150336,0,1,50112,0,0,0,0,0,1,0,801792
2698,2698,AUX_EVENT,aux_behavior,150336,0,150336,0,1,50112,0,0,0,0,0,1,0,801792
2699,2699,AUX_EVENT,aux_behavior,150336,0,150336,0,1,50112,0,0,0,0,0,1,0,801792
2700,2700,AUX_EVENT,aux_behavior,150336,0,150336,0,1,50112,0,0,0,0,0,1,0,801792
2701,2701,AUX_EVENT,aux_behavior,150336,0,150336,0,1,50112,0,0,0,0,0,1,0,801792
2702,2702,AUX_EVENT,aux_behavior,150336,0,150336,0,1,50112,0,0,0,0,0,1,0,801792
2703,2703,AUX_EVENT,aux_behavior,442368,0,442368,0,1,147456,0,0,0,0,0,1,0,2359296
2704,2704,AUX_EVENT,aux_behavior,442368,0,442368,0,1,147456,0,0,0,0,0,1,0,2359296
2705,2705,AUX_EVENT,aux_behavior,442368,0,442368,0,1,147456,0,0,0,0,0,1,0,2359296
2706,2706,AUX_EVENT,aux_behavior,442368,0,442368,0,1,147456,0,0,0,0,0,1,0,2359296
2707,2707,AUX_EVENT,aux_behavior,442368,0,442368,0,1,147456,0,0,0,0,0,1,0,2359296
2708,2708,AUX_EVENT,aux_behavior,442368,0,442368,0,1,147456,0,0,0,0,0,1,0,2359296
2709,2709,AUX_EVENT,aux_behavior,442368,0,442368,0,1,147456,0,0,0,0,0,1,0,2359296
2710,2710,AUX_EVENT,aux_behavior,442368,0,442368,0,1,147456,0,0,0,0,0,1,0,2359296
2711,2711,MUL,vector_rtl,25056,0,25056,0,1,12528,0,0,0,0,0,1,0,200448
2712,2712,ADD,vector_rtl,25056,0,25056,0,1,12528,0,0,0,0,0,1,0,200448
2713,2713,LAYER_NORM,vector_rtl,25056,0,25056,0,1,12528,0,0,0,0,0,1,0,200448
2714,2714,AUX_EVENT,aux_behavior,144,0,144,0,1,48,0,0,0,0,0,1,0,768
2715,2715,AUX_EVENT,aux_behavior,110592,0,110592,0,1,36864,0,0,0,0,0,1,0,589824
2716,2716,AUX_EVENT,aux_behavior,37584,0,37584,0,1,12528,0,0,0,0,0,1,0,200448
2717,2717,GEMM_W8A8,rtl_gemm,132752,132752,0,106624,13056,12528,544,12528,153944064,76972032,136,200448,589824,200448
2718,2718,AUX_EVENT,aux_behavior,37584,0,37584,0,1,12528,0,0,0,0,0,1,0,200448
2719,2719,AUX_EVENT,aux_behavior,37584,0,37584,0,1,12528,0,0,0,0,0,1,0,200448
2720,2720,AUX_EVENT,aux_behavior,37584,0,37584,0,1,12528,0,0,0,0,0,1,0,200448
2721,2721,AUX_EVENT,aux_behavior,37584,0,37584,0,1,12528,0,0,0,0,0,1,0,200448
2722,2722,AUX_EVENT,aux_behavior,37584,0,37584,0,1,12528,0,0,0,0,0,1,0,200448
2723,2723,AUX_EVENT,aux_behavior,37584,0,37584,0,1,12528,0,0,0,0,0,1,0,200448
2724,2724,AUX_EVENT,aux_behavior,37584,0,37584,0,1,12528,0,0,0,0,0,1,0,200448
2725,2725,AUX_EVENT,aux_behavior,110592,0,110592,0,1,36864,0,0,0,0,0,1,0,589824
2726,2726,AUX_EVENT,aux_behavior,110592,0,110592,0,1,36864,0,0,0,0,0,1,0,589824
2727,2727,AUX_EVENT,aux_behavior,110592,0,110592,0,1,36864,0,0,0,0,0,1,0,589824
2728,2728,AUX_EVENT,aux_behavior,110592,0,110592,0,1,36864,0,0,0,0,0,1,0,589824
2729,2729,AUX_EVENT,aux_behavior,110592,0,110592,0,1,36864,0,0,0,0,0,1,0,589824
2730,2730,AUX_EVENT,aux_behavior,110592,0,110592,0,1,36864,0,0,0,0,0,1,0,589824
2731,2731,AUX_EVENT,aux_behavior,110592,0,110592,0,1,36864,0,0,0,0,0,1,0,589824
2732,2732,AUX_EVENT,aux_behavior,110592,0,110592,0,1,36864,0,0,0,0,0,1,0,589824
2733,2733,AUX_EVENT,aux_behavior,110592,0,110592,0,1,36864,0,0,0,0,0,1,0,589824
2734,2734,AUX_EVENT,aux_behavior,37584,0,37584,0,1,12528,0,0,0,0,0,1,0,200448
2735,2735,GEMM_W8A8,rtl_gemm,132752,132752,0,106624,13056,12528,544,12528,153944064,76972032,136,200448,589824,200448
2736,2736,AUX_EVENT,aux_behavior,37584,0,37584,0,1,12528,0,0,0,0,0,1,0,200448
2737,2737,AUX_EVENT,aux_behavior,37584,0,37584,0,1,12528,0,0,0,0,0,1,0,200448
2738,2738,AUX_EVENT,aux_behavior,37584,0,37584,0,1,12528,0,0,0,0,0,1,0,200448
2739,2739,AUX_EVENT,aux_behavior,37584,0,37584,0,1,12528,0,0,0,0,0,1,0,200448
2740,2740,AUX_EVENT,aux_behavior,37584,0,37584,0,1,12528,0,0,0,0,0,1,0,200448
2741,2741,AUX_EVENT,aux_behavior,37584,0,37584,0,1,12528,0,0,0,0,0,1,0,200448
2742,2742,AUX_EVENT,aux_behavior,37584,0,37584,0,1,12528,0,0,0,0,0,1,0,200448
2743,2743,AUX_EVENT,aux_behavior,110592,0,110592,0,1,36864,0,0,0,0,0,1,0,589824
2744,2744,AUX_EVENT,aux_behavior,110592,0,110592,0,1,36864,0,0,0,0,0,1,0,589824
2745,2745,AUX_EVENT,aux_behavior,110592,0,110592,0,1,36864,0,0,0,0,0,1,0,589824
2746,2746,AUX_EVENT,aux_behavior,110592,0,110592,0,1,36864,0,0,0,0,0,1,0,589824
2747,2747,AUX_EVENT,aux_behavior,110592,0,110592,0,1,36864,0,0,0,0,0,1,0,589824
2748,2748,AUX_EVENT,aux_behavior,110592,0,110592,0,1,36864,0,0,0,0,0,1,0,589824
2749,2749,AUX_EVENT,aux_behavior,110592,0,110592,0,1,36864,0,0,0,0,0,1,0,589824
2750,2750,AUX_EVENT,aux_behavior,110592,0,110592,0,1,36864,0,0,0,0,0,1,0,589824
2751,2751,AUX_EVENT,aux_behavior,144,0,144,0,1,48,0,0,0,0,0,1,0,768
2752,2752,AUX_EVENT,aux_behavior,110592,0,110592,0,1,36864,0,0,0,0,0,1,0,589824
2753,2753,AUX_EVENT,aux_behavior,37584,0,37584,0,1,12528,0,0,0,0,0,1,0,200448
2754,2754,GEMM_W8A8,rtl_gemm,132752,132752,0,106624,13056,12528,544,12528,153944064,76972032,136,200448,589824,200448
2755,2755,AUX_EVENT,aux_behavior,37584,0,37584,0,1,12528,0,0,0,0,0,1,0,200448
2756,2756,AUX_EVENT,aux_behavior,37584,0,37584,0,1,12528,0,0,0,0,0,1,0,200448
2757,2757,AUX_EVENT,aux_behavior,37584,0,37584,0,1,12528,0,0,0,0,0,1,0,200448
2758,2758,AUX_EVENT,aux_behavior,37584,0,37584,0,1,12528,0,0,0,0,0,1,0,200448
2759,2759,AUX_EVENT,aux_behavior,37584,0,37584,0,1,12528,0,0,0,0,0,1,0,200448
2760,2760,AUX_EVENT,aux_behavior,37584,0,37584,0,1,12528,0,0,0,0,0,1,0,200448
2761,2761,AUX_EVENT,aux_behavior,37584,0,37584,0,1,12528,0,0,0,0,0,1,0,200448
2762,2762,AUX_EVENT,aux_behavior,110592,0,110592,0,1,36864,0,0,0,0,0,1,0,589824
2763,2763,AUX_EVENT,aux_behavior,110592,0,110592,0,1,36864,0,0,0,0,0,1,0,589824
2764,2764,AUX_EVENT,aux_behavior,110592,0,110592,0,1,36864,0,0,0,0,0,1,0,589824
2765,2765,AUX_EVENT,aux_behavior,110592,0,110592,0,1,36864,0,0,0,0,0,1,0,589824
2766,2766,AUX_EVENT,aux_behavior,110592,0,110592,0,1,36864,0,0,0,0,0,1,0,589824
2767,2767,AUX_EVENT,aux_behavior,110592,0,110592,0,1,36864,0,0,0,0,0,1,0,589824
2768,2768,AUX_EVENT,aux_behavior,110592,0,110592,0,1,36864,0,0,0,0,0,1,0,589824
2769,2769,AUX_EVENT,aux_behavior,110592,0,110592,0,1,36864,0,0,0,0,0,1,0,589824
2770,2770,LAYOUT,layout_rtl,25056,0,25056,0,1,12528,0,0,0,0,0,1,0,200448
2771,2771,LAYOUT,layout_rtl,25056,0,25056,0,1,12528,0,0,0,0,0,1,0,200448
2772,2772,LAYOUT,layout_rtl,25056,0,25056,0,1,12528,0,0,0,0,0,1,0,200448
2773,2773,LAYOUT,layout_rtl,25056,0,25056,0,1,12528,0,0,0,0,0,1,0,200448
2774,2774,LAYOUT,layout_rtl,25056,0,25056,0,1,12528,0,0,0,0,0,1,0,200448
2775,2775,LAYOUT,layout_rtl,25056,0,25056,0,1,12528,0,0,0,0,0,1,0,200448
2776,2776,AUX_EVENT,aux_behavior,37584,0,37584,0,1,12528,0,0,0,0,0,1,0,200448
2777,2777,AUX_EVENT,aux_behavior,37584,0,37584,0,1,12528,0,0,0,0,0,1,0,200448
2778,2778,MUL,vector_rtl,24576,0,24576,0,1,12288,0,0,0,0,0,1,0,196608
2779,2779,LAYOUT,layout_rtl,24576,0,24576,0,1,12288,0,0,0,0,0,1,0,196608
2780,2780,LAYOUT,layout_rtl,24576,0,24576,0,1,12288,0,0,0,0,0,1,0,196608
2781,2781,AUX_EVENT,aux_behavior,18432,0,18432,0,1,6144,0,0,0,0,0,1,0,98304
2782,2782,LAYOUT,layout_rtl,12288,0,12288,0,1,6144,0,0,0,0,0,1,0,98304
2783,2783,MUL,vector_rtl,24576,0,24576,0,1,12288,0,0,0,0,0,1,0,196608
2784,2784,ADD,vector_rtl,24576,0,24576,0,1,12288,0,0,0,0,0,1,0,196608
2785,2785,MUL,vector_rtl,24576,0,24576,0,1,12288,0,0,0,0,0,1,0,196608
2786,2786,LAYOUT,layout_rtl,24576,0,24576,0,1,12288,0,0,0,0,0,1,0,196608
2787,2787,LAYOUT,layout_rtl,24576,0,24576,0,1,12288,0,0,0,0,0,1,0,196608
2788,2788,AUX_EVENT,aux_behavior,18432,0,18432,0,1,6144,0,0,0,0,0,1,0,98304
2789,2789,LAYOUT,layout_rtl,12288,0,12288,0,1,6144,0,0,0,0,0,1,0,98304
2790,2790,MUL,vector_rtl,24576,0,24576,0,1,12288,0,0,0,0,0,1,0,196608
2791,2791,ADD,vector_rtl,24576,0,24576,0,1,12288,0,0,0,0,0,1,0,196608
2792,2792,LAYOUT,layout_rtl,480,0,480,0,1,240,0,0,0,0,0,1,0,3840
2793,2793,LAYOUT,layout_rtl,480,0,480,0,1,240,0,0,0,0,0,1,0,3840
2794,2794,AUX_EVENT,aux_behavior,37584,0,37584,0,1,12528,0,0,0,0,0,1,0,200448
2795,2795,AUX_EVENT,aux_behavior,37584,0,37584,0,1,12528,0,0,0,0,0,1,0,200448
2796,2796,AUX_EVENT,aux_behavior,37584,0,37584,0,1,12528,0,0,0,0,0,1,0,200448
2797,2797,LAYOUT,layout_rtl,25056,0,25056,0,1,12528,0,0,0,0,0,1,0,200448
2798,2798,LAYOUT,layout_rtl,25056,0,25056,0,1,12528,0,0,0,0,0,1,0,200448
2799,2799,LAYOUT,layout_rtl,25056,0,25056,0,1,12528,0,0,0,0,0,1,0,200448
2800,2800,AUX_EVENT,aux_behavior,144,0,144,0,1,48,0,0,0,0,0,1,0,768
2801,2801,AUX_EVENT,aux_behavior,110592,0,110592,0,1,36864,0,0,0,0,0,1,0,589824
2802,2802,GEMM_W8A8,rtl_gemm,132752,132752,0,106624,13056,12528,544,12528,153944064,76972032,136,200448,589824,200448
2803,2803,AUX_EVENT,aux_behavior,37584,0,37584,0,1,12528,0,0,0,0,0,1,0,200448
2804,2804,AUX_EVENT,aux_behavior,37584,0,37584,0,1,12528,0,0,0,0,0,1,0,200448
2805,2805,AUX_EVENT,aux_behavior,37584,0,37584,0,1,12528,0,0,0,0,0,1,0,200448
2806,2806,AUX_EVENT,aux_behavior,37584,0,37584,0,1,12528,0,0,0,0,0,1,0,200448
2807,2807,AUX_EVENT,aux_behavior,37584,0,37584,0,1,12528,0,0,0,0,0,1,0,200448
2808,2808,AUX_EVENT,aux_behavior,37584,0,37584,0,1,12528,0,0,0,0,0,1,0,200448
2809,2809,AUX_EVENT,aux_behavior,37584,0,37584,0,1,12528,0,0,0,0,0,1,0,200448
2810,2810,AUX_EVENT,aux_behavior,110592,0,110592,0,1,36864,0,0,0,0,0,1,0,589824
2811,2811,AUX_EVENT,aux_behavior,110592,0,110592,0,1,36864,0,0,0,0,0,1,0,589824
2812,2812,AUX_EVENT,aux_behavior,110592,0,110592,0,1,36864,0,0,0,0,0,1,0,589824
2813,2813,AUX_EVENT,aux_behavior,110592,0,110592,0,1,36864,0,0,0,0,0,1,0,589824
2814,2814,AUX_EVENT,aux_behavior,110592,0,110592,0,1,36864,0,0,0,0,0,1,0,589824
2815,2815,AUX_EVENT,aux_behavior,110592,0,110592,0,1,36864,0,0,0,0,0,1,0,589824
2816,2816,AUX_EVENT,aux_behavior,110592,0,110592,0,1,36864,0,0,0,0,0,1,0,589824
2817,2817,AUX_EVENT,aux_behavior,110592,0,110592,0,1,36864,0,0,0,0,0,1,0,589824
2818,2818,MUL,vector_rtl,25056,0,25056,0,1,12528,0,0,0,0,0,1,0,200448
2819,2819,ADD,vector_rtl,25056,0,25056,0,1,12528,0,0,0,0,0,1,0,200448
2820,2820,LAYER_NORM,vector_rtl,25056,0,25056,0,1,12528,0,0,0,0,0,1,0,200448
2821,2821,AUX_EVENT,aux_behavior,576,0,576,0,1,192,0,0,0,0,0,1,0,3072
2822,2822,AUX_EVENT,aux_behavior,442368,0,442368,0,1,147456,0,0,0,0,0,1,0,2359296
2823,2823,AUX_EVENT,aux_behavior,37584,0,37584,0,1,12528,0,0,0,0,0,1,0,200448
2824,2824,GEMM_W8A8,rtl_gemm,12533,12533,0,0,1,12528,4,12528,0,0,0,0,0,200448
2825,2825,AUX_EVENT,aux_behavior,37584,0,37584,0,1,12528,0,0,0,0,0,1,0,200448
2826,2826,AUX_EVENT,aux_behavior,37584,0,37584,0,1,12528,0,0,0,0,0,1,0,200448
2827,2827,AUX_EVENT,aux_behavior,37584,0,37584,0,1,12528,0,0,0,0,0,1,0,200448
2828,2828,AUX_EVENT,aux_behavior,37584,0,37584,0,1,12528,0,0,0,0,0,1,0,200448
2829,2829,AUX_EVENT,aux_behavior,37584,0,37584,0,1,12528,0,0,0,0,0,1,0,200448
2830,2830,AUX_EVENT,aux_behavior,37584,0,37584,0,1,12528,0,0,0,0,0,1,0,200448
2831,2831,AUX_EVENT,aux_behavior,37584,0,37584,0,1,12528,0,0,0,0,0,1,0,200448
2832,2832,AUX_EVENT,aux_behavior,442368,0,442368,0,1,147456,0,0,0,0,0,1,0,2359296
2833,2833,AUX_EVENT,aux_behavior,442368,0,442368,0,1,147456,0,0,0,0,0,1,0,2359296
2834,2834,AUX_EVENT,aux_behavior,442368,0,442368,0,1,147456,0,0,0,0,0,1,0,2359296
2835,2835,AUX_EVENT,aux_behavior,442368,0,442368,0,1,147456,0,0,0,0,0,1,0,2359296
2836,2836,AUX_EVENT,aux_behavior,442368,0,442368,0,1,147456,0,0,0,0,0,1,0,2359296
2837,2837,AUX_EVENT,aux_behavior,442368,0,442368,0,1,147456,0,0,0,0,0,1,0,2359296
2838,2838,AUX_EVENT,aux_behavior,442368,0,442368,0,1,147456,0,0,0,0,0,1,0,2359296
2839,2839,AUX_EVENT,aux_behavior,442368,0,442368,0,1,147456,0,0,0,0,0,1,0,2359296
2840,2840,GELU,vector_rtl,100224,0,100224,0,1,50112,0,0,0,0,0,1,0,801792
2841,2841,AUX_EVENT,aux_behavior,144,0,144,0,1,48,0,0,0,0,0,1,0,768
2842,2842,AUX_EVENT,aux_behavior,442368,0,442368,0,1,147456,0,0,0,0,0,1,0,2359296
2843,2843,GEMM_W8A8,rtl_gemm,50117,50117,0,0,1,50112,4,50112,0,0,0,0,0,801792
2844,2844,AUX_EVENT,aux_behavior,150336,0,150336,0,1,50112,0,0,0,0,0,1,0,801792
2845,2845,AUX_EVENT,aux_behavior,150336,0,150336,0,1,50112,0,0,0,0,0,1,0,801792
2846,2846,AUX_EVENT,aux_behavior,150336,0,150336,0,1,50112,0,0,0,0,0,1,0,801792
2847,2847,AUX_EVENT,aux_behavior,150336,0,150336,0,1,50112,0,0,0,0,0,1,0,801792
2848,2848,AUX_EVENT,aux_behavior,150336,0,150336,0,1,50112,0,0,0,0,0,1,0,801792
2849,2849,AUX_EVENT,aux_behavior,150336,0,150336,0,1,50112,0,0,0,0,0,1,0,801792
2850,2850,AUX_EVENT,aux_behavior,150336,0,150336,0,1,50112,0,0,0,0,0,1,0,801792
2851,2851,AUX_EVENT,aux_behavior,442368,0,442368,0,1,147456,0,0,0,0,0,1,0,2359296
2852,2852,AUX_EVENT,aux_behavior,442368,0,442368,0,1,147456,0,0,0,0,0,1,0,2359296
2853,2853,AUX_EVENT,aux_behavior,442368,0,442368,0,1,147456,0,0,0,0,0,1,0,2359296
2854,2854,AUX_EVENT,aux_behavior,442368,0,442368,0,1,147456,0,0,0,0,0,1,0,2359296
2855,2855,AUX_EVENT,aux_behavior,442368,0,442368,0,1,147456,0,0,0,0,0,1,0,2359296
2856,2856,AUX_EVENT,aux_behavior,442368,0,442368,0,1,147456,0,0,0,0,0,1,0,2359296
2857,2857,AUX_EVENT,aux_behavior,442368,0,442368,0,1,147456,0,0,0,0,0,1,0,2359296
2858,2858,AUX_EVENT,aux_behavior,442368,0,442368,0,1,147456,0,0,0,0,0,1,0,2359296
2859,2859,MUL,vector_rtl,25056,0,25056,0,1,12528,0,0,0,0,0,1,0,200448
2860,2860,ADD,vector_rtl,25056,0,25056,0,1,12528,0,0,0,0,0,1,0,200448
2861,2861,LAYER_NORM,vector_rtl,25056,0,25056,0,1,12528,0,0,0,0,0,1,0,200448
2862,2862,AUX_EVENT,aux_behavior,144,0,144,0,1,48,0,0,0,0,0,1,0,768
2863,2863,AUX_EVENT,aux_behavior,110592,0,110592,0,1,36864,0,0,0,0,0,1,0,589824
2864,2864,AUX_EVENT,aux_behavior,37584,0,37584,0,1,12528,0,0,0,0,0,1,0,200448
2865,2865,GEMM_W8A8,rtl_gemm,132752,132752,0,106624,13056,12528,544,12528,153944064,76972032,136,200448,589824,200448
2866,2866,AUX_EVENT,aux_behavior,37584,0,37584,0,1,12528,0,0,0,0,0,1,0,200448
2867,2867,AUX_EVENT,aux_behavior,37584,0,37584,0,1,12528,0,0,0,0,0,1,0,200448
2868,2868,AUX_EVENT,aux_behavior,37584,0,37584,0,1,12528,0,0,0,0,0,1,0,200448
2869,2869,AUX_EVENT,aux_behavior,37584,0,37584,0,1,12528,0,0,0,0,0,1,0,200448
2870,2870,AUX_EVENT,aux_behavior,37584,0,37584,0,1,12528,0,0,0,0,0,1,0,200448
2871,2871,AUX_EVENT,aux_behavior,37584,0,37584,0,1,12528,0,0,0,0,0,1,0,200448
2872,2872,AUX_EVENT,aux_behavior,37584,0,37584,0,1,12528,0,0,0,0,0,1,0,200448
2873,2873,AUX_EVENT,aux_behavior,110592,0,110592,0,1,36864,0,0,0,0,0,1,0,589824
2874,2874,AUX_EVENT,aux_behavior,110592,0,110592,0,1,36864,0,0,0,0,0,1,0,589824
2875,2875,AUX_EVENT,aux_behavior,110592,0,110592,0,1,36864,0,0,0,0,0,1,0,589824
2876,2876,AUX_EVENT,aux_behavior,110592,0,110592,0,1,36864,0,0,0,0,0,1,0,589824
2877,2877,AUX_EVENT,aux_behavior,110592,0,110592,0,1,36864,0,0,0,0,0,1,0,589824
2878,2878,AUX_EVENT,aux_behavior,110592,0,110592,0,1,36864,0,0,0,0,0,1,0,589824
2879,2879,AUX_EVENT,aux_behavior,110592,0,110592,0,1,36864,0,0,0,0,0,1,0,589824
2880,2880,AUX_EVENT,aux_behavior,110592,0,110592,0,1,36864,0,0,0,0,0,1,0,589824
2881,2881,AUX_EVENT,aux_behavior,110592,0,110592,0,1,36864,0,0,0,0,0,1,0,589824
2882,2882,AUX_EVENT,aux_behavior,37584,0,37584,0,1,12528,0,0,0,0,0,1,0,200448
2883,2883,GEMM_W8A8,rtl_gemm,132752,132752,0,106624,13056,12528,544,12528,153944064,76972032,136,200448,589824,200448
2884,2884,AUX_EVENT,aux_behavior,37584,0,37584,0,1,12528,0,0,0,0,0,1,0,200448
2885,2885,AUX_EVENT,aux_behavior,37584,0,37584,0,1,12528,0,0,0,0,0,1,0,200448
2886,2886,AUX_EVENT,aux_behavior,37584,0,37584,0,1,12528,0,0,0,0,0,1,0,200448
2887,2887,AUX_EVENT,aux_behavior,37584,0,37584,0,1,12528,0,0,0,0,0,1,0,200448
2888,2888,AUX_EVENT,aux_behavior,37584,0,37584,0,1,12528,0,0,0,0,0,1,0,200448
2889,2889,AUX_EVENT,aux_behavior,37584,0,37584,0,1,12528,0,0,0,0,0,1,0,200448
2890,2890,AUX_EVENT,aux_behavior,37584,0,37584,0,1,12528,0,0,0,0,0,1,0,200448
2891,2891,AUX_EVENT,aux_behavior,110592,0,110592,0,1,36864,0,0,0,0,0,1,0,589824
2892,2892,AUX_EVENT,aux_behavior,110592,0,110592,0,1,36864,0,0,0,0,0,1,0,589824
2893,2893,AUX_EVENT,aux_behavior,110592,0,110592,0,1,36864,0,0,0,0,0,1,0,589824
2894,2894,AUX_EVENT,aux_behavior,110592,0,110592,0,1,36864,0,0,0,0,0,1,0,589824
2895,2895,AUX_EVENT,aux_behavior,110592,0,110592,0,1,36864,0,0,0,0,0,1,0,589824
2896,2896,AUX_EVENT,aux_behavior,110592,0,110592,0,1,36864,0,0,0,0,0,1,0,589824
2897,2897,AUX_EVENT,aux_behavior,110592,0,110592,0,1,36864,0,0,0,0,0,1,0,589824
2898,2898,AUX_EVENT,aux_behavior,110592,0,110592,0,1,36864,0,0,0,0,0,1,0,589824
2899,2899,AUX_EVENT,aux_behavior,144,0,144,0,1,48,0,0,0,0,0,1,0,768
2900,2900,AUX_EVENT,aux_behavior,110592,0,110592,0,1,36864,0,0,0,0,0,1,0,589824
2901,2901,AUX_EVENT,aux_behavior,37584,0,37584,0,1,12528,0,0,0,0,0,1,0,200448
2902,2902,GEMM_W8A8,rtl_gemm,132752,132752,0,106624,13056,12528,544,12528,153944064,76972032,136,200448,589824,200448
2903,2903,AUX_EVENT,aux_behavior,37584,0,37584,0,1,12528,0,0,0,0,0,1,0,200448
2904,2904,AUX_EVENT,aux_behavior,37584,0,37584,0,1,12528,0,0,0,0,0,1,0,200448
2905,2905,AUX_EVENT,aux_behavior,37584,0,37584,0,1,12528,0,0,0,0,0,1,0,200448
2906,2906,AUX_EVENT,aux_behavior,37584,0,37584,0,1,12528,0,0,0,0,0,1,0,200448
2907,2907,AUX_EVENT,aux_behavior,37584,0,37584,0,1,12528,0,0,0,0,0,1,0,200448
2908,2908,AUX_EVENT,aux_behavior,37584,0,37584,0,1,12528,0,0,0,0,0,1,0,200448
2909,2909,AUX_EVENT,aux_behavior,37584,0,37584,0,1,12528,0,0,0,0,0,1,0,200448
2910,2910,AUX_EVENT,aux_behavior,110592,0,110592,0,1,36864,0,0,0,0,0,1,0,589824
2911,2911,AUX_EVENT,aux_behavior,110592,0,110592,0,1,36864,0,0,0,0,0,1,0,589824
2912,2912,AUX_EVENT,aux_behavior,110592,0,110592,0,1,36864,0,0,0,0,0,1,0,589824
2913,2913,AUX_EVENT,aux_behavior,110592,0,110592,0,1,36864,0,0,0,0,0,1,0,589824
2914,2914,AUX_EVENT,aux_behavior,110592,0,110592,0,1,36864,0,0,0,0,0,1,0,589824
2915,2915,AUX_EVENT,aux_behavior,110592,0,110592,0,1,36864,0,0,0,0,0,1,0,589824
2916,2916,AUX_EVENT,aux_behavior,110592,0,110592,0,1,36864,0,0,0,0,0,1,0,589824
2917,2917,AUX_EVENT,aux_behavior,110592,0,110592,0,1,36864,0,0,0,0,0,1,0,589824
2918,2918,LAYOUT,layout_rtl,25056,0,25056,0,1,12528,0,0,0,0,0,1,0,200448
2919,2919,LAYOUT,layout_rtl,25056,0,25056,0,1,12528,0,0,0,0,0,1,0,200448
2920,2920,LAYOUT,layout_rtl,25056,0,25056,0,1,12528,0,0,0,0,0,1,0,200448
2921,2921,LAYOUT,layout_rtl,25056,0,25056,0,1,12528,0,0,0,0,0,1,0,200448
2922,2922,LAYOUT,layout_rtl,25056,0,25056,0,1,12528,0,0,0,0,0,1,0,200448
2923,2923,LAYOUT,layout_rtl,25056,0,25056,0,1,12528,0,0,0,0,0,1,0,200448
2924,2924,AUX_EVENT,aux_behavior,37584,0,37584,0,1,12528,0,0,0,0,0,1,0,200448
2925,2925,AUX_EVENT,aux_behavior,37584,0,37584,0,1,12528,0,0,0,0,0,1,0,200448
2926,2926,MUL,vector_rtl,24576,0,24576,0,1,12288,0,0,0,0,0,1,0,196608
2927,2927,LAYOUT,layout_rtl,24576,0,24576,0,1,12288,0,0,0,0,0,1,0,196608
2928,2928,LAYOUT,layout_rtl,24576,0,24576,0,1,12288,0,0,0,0,0,1,0,196608
2929,2929,AUX_EVENT,aux_behavior,18432,0,18432,0,1,6144,0,0,0,0,0,1,0,98304
2930,2930,LAYOUT,layout_rtl,12288,0,12288,0,1,6144,0,0,0,0,0,1,0,98304
2931,2931,MUL,vector_rtl,24576,0,24576,0,1,12288,0,0,0,0,0,1,0,196608
2932,2932,ADD,vector_rtl,24576,0,24576,0,1,12288,0,0,0,0,0,1,0,196608
2933,2933,MUL,vector_rtl,24576,0,24576,0,1,12288,0,0,0,0,0,1,0,196608
2934,2934,LAYOUT,layout_rtl,24576,0,24576,0,1,12288,0,0,0,0,0,1,0,196608
2935,2935,LAYOUT,layout_rtl,24576,0,24576,0,1,12288,0,0,0,0,0,1,0,196608
2936,2936,AUX_EVENT,aux_behavior,18432,0,18432,0,1,6144,0,0,0,0,0,1,0,98304
2937,2937,LAYOUT,layout_rtl,12288,0,12288,0,1,6144,0,0,0,0,0,1,0,98304
2938,2938,MUL,vector_rtl,24576,0,24576,0,1,12288,0,0,0,0,0,1,0,196608
2939,2939,ADD,vector_rtl,24576,0,24576,0,1,12288,0,0,0,0,0,1,0,196608
2940,2940,LAYOUT,layout_rtl,480,0,480,0,1,240,0,0,0,0,0,1,0,3840
2941,2941,LAYOUT,layout_rtl,480,0,480,0,1,240,0,0,0,0,0,1,0,3840
2942,2942,AUX_EVENT,aux_behavior,37584,0,37584,0,1,12528,0,0,0,0,0,1,0,200448
2943,2943,AUX_EVENT,aux_behavior,37584,0,37584,0,1,12528,0,0,0,0,0,1,0,200448
2944,2944,AUX_EVENT,aux_behavior,37584,0,37584,0,1,12528,0,0,0,0,0,1,0,200448
2945,2945,LAYOUT,layout_rtl,25056,0,25056,0,1,12528,0,0,0,0,0,1,0,200448
2946,2946,LAYOUT,layout_rtl,25056,0,25056,0,1,12528,0,0,0,0,0,1,0,200448
2947,2947,LAYOUT,layout_rtl,25056,0,25056,0,1,12528,0,0,0,0,0,1,0,200448
2948,2948,AUX_EVENT,aux_behavior,144,0,144,0,1,48,0,0,0,0,0,1,0,768
2949,2949,AUX_EVENT,aux_behavior,110592,0,110592,0,1,36864,0,0,0,0,0,1,0,589824
2950,2950,GEMM_W8A8,rtl_gemm,132752,132752,0,106624,13056,12528,544,12528,153944064,76972032,136,200448,589824,200448
2951,2951,AUX_EVENT,aux_behavior,37584,0,37584,0,1,12528,0,0,0,0,0,1,0,200448
2952,2952,AUX_EVENT,aux_behavior,37584,0,37584,0,1,12528,0,0,0,0,0,1,0,200448
2953,2953,AUX_EVENT,aux_behavior,37584,0,37584,0,1,12528,0,0,0,0,0,1,0,200448
2954,2954,AUX_EVENT,aux_behavior,37584,0,37584,0,1,12528,0,0,0,0,0,1,0,200448
2955,2955,AUX_EVENT,aux_behavior,37584,0,37584,0,1,12528,0,0,0,0,0,1,0,200448
2956,2956,AUX_EVENT,aux_behavior,37584,0,37584,0,1,12528,0,0,0,0,0,1,0,200448
2957,2957,AUX_EVENT,aux_behavior,37584,0,37584,0,1,12528,0,0,0,0,0,1,0,200448
2958,2958,AUX_EVENT,aux_behavior,110592,0,110592,0,1,36864,0,0,0,0,0,1,0,589824
2959,2959,AUX_EVENT,aux_behavior,110592,0,110592,0,1,36864,0,0,0,0,0,1,0,589824
2960,2960,AUX_EVENT,aux_behavior,110592,0,110592,0,1,36864,0,0,0,0,0,1,0,589824
2961,2961,AUX_EVENT,aux_behavior,110592,0,110592,0,1,36864,0,0,0,0,0,1,0,589824
2962,2962,AUX_EVENT,aux_behavior,110592,0,110592,0,1,36864,0,0,0,0,0,1,0,589824
2963,2963,AUX_EVENT,aux_behavior,110592,0,110592,0,1,36864,0,0,0,0,0,1,0,589824
2964,2964,AUX_EVENT,aux_behavior,110592,0,110592,0,1,36864,0,0,0,0,0,1,0,589824
2965,2965,AUX_EVENT,aux_behavior,110592,0,110592,0,1,36864,0,0,0,0,0,1,0,589824
2966,2966,MUL,vector_rtl,25056,0,25056,0,1,12528,0,0,0,0,0,1,0,200448
2967,2967,ADD,vector_rtl,25056,0,25056,0,1,12528,0,0,0,0,0,1,0,200448
2968,2968,LAYER_NORM,vector_rtl,25056,0,25056,0,1,12528,0,0,0,0,0,1,0,200448
2969,2969,AUX_EVENT,aux_behavior,576,0,576,0,1,192,0,0,0,0,0,1,0,3072
2970,2970,AUX_EVENT,aux_behavior,442368,0,442368,0,1,147456,0,0,0,0,0,1,0,2359296
2971,2971,AUX_EVENT,aux_behavior,37584,0,37584,0,1,12528,0,0,0,0,0,1,0,200448
2972,2972,GEMM_W8A8,rtl_gemm,12533,12533,0,0,1,12528,4,12528,0,0,0,0,0,200448
2973,2973,AUX_EVENT,aux_behavior,37584,0,37584,0,1,12528,0,0,0,0,0,1,0,200448
2974,2974,AUX_EVENT,aux_behavior,37584,0,37584,0,1,12528,0,0,0,0,0,1,0,200448
2975,2975,AUX_EVENT,aux_behavior,37584,0,37584,0,1,12528,0,0,0,0,0,1,0,200448
2976,2976,AUX_EVENT,aux_behavior,37584,0,37584,0,1,12528,0,0,0,0,0,1,0,200448
2977,2977,AUX_EVENT,aux_behavior,37584,0,37584,0,1,12528,0,0,0,0,0,1,0,200448
2978,2978,AUX_EVENT,aux_behavior,37584,0,37584,0,1,12528,0,0,0,0,0,1,0,200448
2979,2979,AUX_EVENT,aux_behavior,37584,0,37584,0,1,12528,0,0,0,0,0,1,0,200448
2980,2980,AUX_EVENT,aux_behavior,442368,0,442368,0,1,147456,0,0,0,0,0,1,0,2359296
2981,2981,AUX_EVENT,aux_behavior,442368,0,442368,0,1,147456,0,0,0,0,0,1,0,2359296
2982,2982,AUX_EVENT,aux_behavior,442368,0,442368,0,1,147456,0,0,0,0,0,1,0,2359296
2983,2983,AUX_EVENT,aux_behavior,442368,0,442368,0,1,147456,0,0,0,0,0,1,0,2359296
2984,2984,AUX_EVENT,aux_behavior,442368,0,442368,0,1,147456,0,0,0,0,0,1,0,2359296
2985,2985,AUX_EVENT,aux_behavior,442368,0,442368,0,1,147456,0,0,0,0,0,1,0,2359296
2986,2986,AUX_EVENT,aux_behavior,442368,0,442368,0,1,147456,0,0,0,0,0,1,0,2359296
2987,2987,AUX_EVENT,aux_behavior,442368,0,442368,0,1,147456,0,0,0,0,0,1,0,2359296
2988,2988,GELU,vector_rtl,100224,0,100224,0,1,50112,0,0,0,0,0,1,0,801792
2989,2989,AUX_EVENT,aux_behavior,144,0,144,0,1,48,0,0,0,0,0,1,0,768
2990,2990,AUX_EVENT,aux_behavior,442368,0,442368,0,1,147456,0,0,0,0,0,1,0,2359296
2991,2991,GEMM_W8A8,rtl_gemm,50117,50117,0,0,1,50112,4,50112,0,0,0,0,0,801792
2992,2992,AUX_EVENT,aux_behavior,150336,0,150336,0,1,50112,0,0,0,0,0,1,0,801792
2993,2993,AUX_EVENT,aux_behavior,150336,0,150336,0,1,50112,0,0,0,0,0,1,0,801792
2994,2994,AUX_EVENT,aux_behavior,150336,0,150336,0,1,50112,0,0,0,0,0,1,0,801792
2995,2995,AUX_EVENT,aux_behavior,150336,0,150336,0,1,50112,0,0,0,0,0,1,0,801792
2996,2996,AUX_EVENT,aux_behavior,150336,0,150336,0,1,50112,0,0,0,0,0,1,0,801792
2997,2997,AUX_EVENT,aux_behavior,150336,0,150336,0,1,50112,0,0,0,0,0,1,0,801792
2998,2998,AUX_EVENT,aux_behavior,150336,0,150336,0,1,50112,0,0,0,0,0,1,0,801792
2999,2999,AUX_EVENT,aux_behavior,442368,0,442368,0,1,147456,0,0,0,0,0,1,0,2359296
3000,3000,AUX_EVENT,aux_behavior,442368,0,442368,0,1,147456,0,0,0,0,0,1,0,2359296
3001,3001,AUX_EVENT,aux_behavior,442368,0,442368,0,1,147456,0,0,0,0,0,1,0,2359296
3002,3002,AUX_EVENT,aux_behavior,442368,0,442368,0,1,147456,0,0,0,0,0,1,0,2359296
3003,3003,AUX_EVENT,aux_behavior,442368,0,442368,0,1,147456,0,0,0,0,0,1,0,2359296
3004,3004,AUX_EVENT,aux_behavior,442368,0,442368,0,1,147456,0,0,0,0,0,1,0,2359296
3005,3005,AUX_EVENT,aux_behavior,442368,0,442368,0,1,147456,0,0,0,0,0,1,0,2359296
3006,3006,AUX_EVENT,aux_behavior,442368,0,442368,0,1,147456,0,0,0,0,0,1,0,2359296
3007,3007,MUL,vector_rtl,25056,0,25056,0,1,12528,0,0,0,0,0,1,0,200448
3008,3008,ADD,vector_rtl,25056,0,25056,0,1,12528,0,0,0,0,0,1,0,200448
3009,3009,LAYER_NORM,vector_rtl,25056,0,25056,0,1,12528,0,0,0,0,0,1,0,200448
3010,3010,AUX_EVENT,aux_behavior,144,0,144,0,1,48,0,0,0,0,0,1,0,768
3011,3011,AUX_EVENT,aux_behavior,110592,0,110592,0,1,36864,0,0,0,0,0,1,0,589824
3012,3012,AUX_EVENT,aux_behavior,37584,0,37584,0,1,12528,0,0,0,0,0,1,0,200448
3013,3013,GEMM_W8A8,rtl_gemm,132752,132752,0,106624,13056,12528,544,12528,153944064,76972032,136,200448,589824,200448
3014,3014,AUX_EVENT,aux_behavior,37584,0,37584,0,1,12528,0,0,0,0,0,1,0,200448
3015,3015,AUX_EVENT,aux_behavior,37584,0,37584,0,1,12528,0,0,0,0,0,1,0,200448
3016,3016,AUX_EVENT,aux_behavior,37584,0,37584,0,1,12528,0,0,0,0,0,1,0,200448
3017,3017,AUX_EVENT,aux_behavior,37584,0,37584,0,1,12528,0,0,0,0,0,1,0,200448
3018,3018,AUX_EVENT,aux_behavior,37584,0,37584,0,1,12528,0,0,0,0,0,1,0,200448
3019,3019,AUX_EVENT,aux_behavior,37584,0,37584,0,1,12528,0,0,0,0,0,1,0,200448
3020,3020,AUX_EVENT,aux_behavior,37584,0,37584,0,1,12528,0,0,0,0,0,1,0,200448
3021,3021,AUX_EVENT,aux_behavior,110592,0,110592,0,1,36864,0,0,0,0,0,1,0,589824
3022,3022,AUX_EVENT,aux_behavior,110592,0,110592,0,1,36864,0,0,0,0,0,1,0,589824
3023,3023,AUX_EVENT,aux_behavior,110592,0,110592,0,1,36864,0,0,0,0,0,1,0,589824
3024,3024,AUX_EVENT,aux_behavior,110592,0,110592,0,1,36864,0,0,0,0,0,1,0,589824
3025,3025,AUX_EVENT,aux_behavior,110592,0,110592,0,1,36864,0,0,0,0,0,1,0,589824
3026,3026,AUX_EVENT,aux_behavior,110592,0,110592,0,1,36864,0,0,0,0,0,1,0,589824
3027,3027,AUX_EVENT,aux_behavior,110592,0,110592,0,1,36864,0,0,0,0,0,1,0,589824
3028,3028,AUX_EVENT,aux_behavior,110592,0,110592,0,1,36864,0,0,0,0,0,1,0,589824
3029,3029,AUX_EVENT,aux_behavior,110592,0,110592,0,1,36864,0,0,0,0,0,1,0,589824
3030,3030,AUX_EVENT,aux_behavior,37584,0,37584,0,1,12528,0,0,0,0,0,1,0,200448
3031,3031,GEMM_W8A8,rtl_gemm,132752,132752,0,106624,13056,12528,544,12528,153944064,76972032,136,200448,589824,200448
3032,3032,AUX_EVENT,aux_behavior,37584,0,37584,0,1,12528,0,0,0,0,0,1,0,200448
3033,3033,AUX_EVENT,aux_behavior,37584,0,37584,0,1,12528,0,0,0,0,0,1,0,200448
3034,3034,AUX_EVENT,aux_behavior,37584,0,37584,0,1,12528,0,0,0,0,0,1,0,200448
3035,3035,AUX_EVENT,aux_behavior,37584,0,37584,0,1,12528,0,0,0,0,0,1,0,200448
3036,3036,AUX_EVENT,aux_behavior,37584,0,37584,0,1,12528,0,0,0,0,0,1,0,200448
3037,3037,AUX_EVENT,aux_behavior,37584,0,37584,0,1,12528,0,0,0,0,0,1,0,200448
3038,3038,AUX_EVENT,aux_behavior,37584,0,37584,0,1,12528,0,0,0,0,0,1,0,200448
3039,3039,AUX_EVENT,aux_behavior,110592,0,110592,0,1,36864,0,0,0,0,0,1,0,589824
3040,3040,AUX_EVENT,aux_behavior,110592,0,110592,0,1,36864,0,0,0,0,0,1,0,589824
3041,3041,AUX_EVENT,aux_behavior,110592,0,110592,0,1,36864,0,0,0,0,0,1,0,589824
3042,3042,AUX_EVENT,aux_behavior,110592,0,110592,0,1,36864,0,0,0,0,0,1,0,589824
3043,3043,AUX_EVENT,aux_behavior,110592,0,110592,0,1,36864,0,0,0,0,0,1,0,589824
3044,3044,AUX_EVENT,aux_behavior,110592,0,110592,0,1,36864,0,0,0,0,0,1,0,589824
3045,3045,AUX_EVENT,aux_behavior,110592,0,110592,0,1,36864,0,0,0,0,0,1,0,589824
3046,3046,AUX_EVENT,aux_behavior,110592,0,110592,0,1,36864,0,0,0,0,0,1,0,589824
3047,3047,AUX_EVENT,aux_behavior,144,0,144,0,1,48,0,0,0,0,0,1,0,768
3048,3048,AUX_EVENT,aux_behavior,110592,0,110592,0,1,36864,0,0,0,0,0,1,0,589824
3049,3049,AUX_EVENT,aux_behavior,37584,0,37584,0,1,12528,0,0,0,0,0,1,0,200448
3050,3050,GEMM_W8A8,rtl_gemm,132752,132752,0,106624,13056,12528,544,12528,153944064,76972032,136,200448,589824,200448
3051,3051,AUX_EVENT,aux_behavior,37584,0,37584,0,1,12528,0,0,0,0,0,1,0,200448
3052,3052,AUX_EVENT,aux_behavior,37584,0,37584,0,1,12528,0,0,0,0,0,1,0,200448
3053,3053,AUX_EVENT,aux_behavior,37584,0,37584,0,1,12528,0,0,0,0,0,1,0,200448
3054,3054,AUX_EVENT,aux_behavior,37584,0,37584,0,1,12528,0,0,0,0,0,1,0,200448
3055,3055,AUX_EVENT,aux_behavior,37584,0,37584,0,1,12528,0,0,0,0,0,1,0,200448
3056,3056,AUX_EVENT,aux_behavior,37584,0,37584,0,1,12528,0,0,0,0,0,1,0,200448
3057,3057,AUX_EVENT,aux_behavior,37584,0,37584,0,1,12528,0,0,0,0,0,1,0,200448
3058,3058,AUX_EVENT,aux_behavior,110592,0,110592,0,1,36864,0,0,0,0,0,1,0,589824
3059,3059,AUX_EVENT,aux_behavior,110592,0,110592,0,1,36864,0,0,0,0,0,1,0,589824
3060,3060,AUX_EVENT,aux_behavior,110592,0,110592,0,1,36864,0,0,0,0,0,1,0,589824
3061,3061,AUX_EVENT,aux_behavior,110592,0,110592,0,1,36864,0,0,0,0,0,1,0,589824
3062,3062,AUX_EVENT,aux_behavior,110592,0,110592,0,1,36864,0,0,0,0,0,1,0,589824
3063,3063,AUX_EVENT,aux_behavior,110592,0,110592,0,1,36864,0,0,0,0,0,1,0,589824
3064,3064,AUX_EVENT,aux_behavior,110592,0,110592,0,1,36864,0,0,0,0,0,1,0,589824
3065,3065,AUX_EVENT,aux_behavior,110592,0,110592,0,1,36864,0,0,0,0,0,1,0,589824
3066,3066,LAYOUT,layout_rtl,25056,0,25056,0,1,12528,0,0,0,0,0,1,0,200448
3067,3067,LAYOUT,layout_rtl,25056,0,25056,0,1,12528,0,0,0,0,0,1,0,200448
3068,3068,LAYOUT,layout_rtl,25056,0,25056,0,1,12528,0,0,0,0,0,1,0,200448
3069,3069,LAYOUT,layout_rtl,25056,0,25056,0,1,12528,0,0,0,0,0,1,0,200448
3070,3070,LAYOUT,layout_rtl,25056,0,25056,0,1,12528,0,0,0,0,0,1,0,200448
3071,3071,LAYOUT,layout_rtl,25056,0,25056,0,1,12528,0,0,0,0,0,1,0,200448
3072,3072,AUX_EVENT,aux_behavior,37584,0,37584,0,1,12528,0,0,0,0,0,1,0,200448
3073,3073,AUX_EVENT,aux_behavior,37584,0,37584,0,1,12528,0,0,0,0,0,1,0,200448
3074,3074,MUL,vector_rtl,24576,0,24576,0,1,12288,0,0,0,0,0,1,0,196608
3075,3075,LAYOUT,layout_rtl,24576,0,24576,0,1,12288,0,0,0,0,0,1,0,196608
3076,3076,LAYOUT,layout_rtl,24576,0,24576,0,1,12288,0,0,0,0,0,1,0,196608
3077,3077,AUX_EVENT,aux_behavior,18432,0,18432,0,1,6144,0,0,0,0,0,1,0,98304
3078,3078,LAYOUT,layout_rtl,12288,0,12288,0,1,6144,0,0,0,0,0,1,0,98304
3079,3079,MUL,vector_rtl,24576,0,24576,0,1,12288,0,0,0,0,0,1,0,196608
3080,3080,ADD,vector_rtl,24576,0,24576,0,1,12288,0,0,0,0,0,1,0,196608
3081,3081,MUL,vector_rtl,24576,0,24576,0,1,12288,0,0,0,0,0,1,0,196608
3082,3082,LAYOUT,layout_rtl,24576,0,24576,0,1,12288,0,0,0,0,0,1,0,196608
3083,3083,LAYOUT,layout_rtl,24576,0,24576,0,1,12288,0,0,0,0,0,1,0,196608
3084,3084,AUX_EVENT,aux_behavior,18432,0,18432,0,1,6144,0,0,0,0,0,1,0,98304
3085,3085,LAYOUT,layout_rtl,12288,0,12288,0,1,6144,0,0,0,0,0,1,0,98304
3086,3086,MUL,vector_rtl,24576,0,24576,0,1,12288,0,0,0,0,0,1,0,196608
3087,3087,ADD,vector_rtl,24576,0,24576,0,1,12288,0,0,0,0,0,1,0,196608
3088,3088,LAYOUT,layout_rtl,480,0,480,0,1,240,0,0,0,0,0,1,0,3840
3089,3089,LAYOUT,layout_rtl,480,0,480,0,1,240,0,0,0,0,0,1,0,3840
3090,3090,AUX_EVENT,aux_behavior,37584,0,37584,0,1,12528,0,0,0,0,0,1,0,200448
3091,3091,AUX_EVENT,aux_behavior,37584,0,37584,0,1,12528,0,0,0,0,0,1,0,200448
3092,3092,AUX_EVENT,aux_behavior,37584,0,37584,0,1,12528,0,0,0,0,0,1,0,200448
3093,3093,LAYOUT,layout_rtl,25056,0,25056,0,1,12528,0,0,0,0,0,1,0,200448
3094,3094,LAYOUT,layout_rtl,25056,0,25056,0,1,12528,0,0,0,0,0,1,0,200448
3095,3095,LAYOUT,layout_rtl,25056,0,25056,0,1,12528,0,0,0,0,0,1,0,200448
3096,3096,AUX_EVENT,aux_behavior,144,0,144,0,1,48,0,0,0,0,0,1,0,768
3097,3097,AUX_EVENT,aux_behavior,110592,0,110592,0,1,36864,0,0,0,0,0,1,0,589824
3098,3098,GEMM_W8A8,rtl_gemm,132752,132752,0,106624,13056,12528,544,12528,153944064,76972032,136,200448,589824,200448
3099,3099,AUX_EVENT,aux_behavior,37584,0,37584,0,1,12528,0,0,0,0,0,1,0,200448
3100,3100,AUX_EVENT,aux_behavior,37584,0,37584,0,1,12528,0,0,0,0,0,1,0,200448
3101,3101,AUX_EVENT,aux_behavior,37584,0,37584,0,1,12528,0,0,0,0,0,1,0,200448
3102,3102,AUX_EVENT,aux_behavior,37584,0,37584,0,1,12528,0,0,0,0,0,1,0,200448
3103,3103,AUX_EVENT,aux_behavior,37584,0,37584,0,1,12528,0,0,0,0,0,1,0,200448
3104,3104,AUX_EVENT,aux_behavior,37584,0,37584,0,1,12528,0,0,0,0,0,1,0,200448
3105,3105,AUX_EVENT,aux_behavior,37584,0,37584,0,1,12528,0,0,0,0,0,1,0,200448
3106,3106,AUX_EVENT,aux_behavior,110592,0,110592,0,1,36864,0,0,0,0,0,1,0,589824
3107,3107,AUX_EVENT,aux_behavior,110592,0,110592,0,1,36864,0,0,0,0,0,1,0,589824
3108,3108,AUX_EVENT,aux_behavior,110592,0,110592,0,1,36864,0,0,0,0,0,1,0,589824
3109,3109,AUX_EVENT,aux_behavior,110592,0,110592,0,1,36864,0,0,0,0,0,1,0,589824
3110,3110,AUX_EVENT,aux_behavior,110592,0,110592,0,1,36864,0,0,0,0,0,1,0,589824
3111,3111,AUX_EVENT,aux_behavior,110592,0,110592,0,1,36864,0,0,0,0,0,1,0,589824
3112,3112,AUX_EVENT,aux_behavior,110592,0,110592,0,1,36864,0,0,0,0,0,1,0,589824
3113,3113,AUX_EVENT,aux_behavior,110592,0,110592,0,1,36864,0,0,0,0,0,1,0,589824
3114,3114,MUL,vector_rtl,25056,0,25056,0,1,12528,0,0,0,0,0,1,0,200448
3115,3115,ADD,vector_rtl,25056,0,25056,0,1,12528,0,0,0,0,0,1,0,200448
3116,3116,LAYER_NORM,vector_rtl,25056,0,25056,0,1,12528,0,0,0,0,0,1,0,200448
3117,3117,AUX_EVENT,aux_behavior,576,0,576,0,1,192,0,0,0,0,0,1,0,3072
3118,3118,AUX_EVENT,aux_behavior,442368,0,442368,0,1,147456,0,0,0,0,0,1,0,2359296
3119,3119,AUX_EVENT,aux_behavior,37584,0,37584,0,1,12528,0,0,0,0,0,1,0,200448
3120,3120,GEMM_W8A8,rtl_gemm,12533,12533,0,0,1,12528,4,12528,0,0,0,0,0,200448
3121,3121,AUX_EVENT,aux_behavior,37584,0,37584,0,1,12528,0,0,0,0,0,1,0,200448
3122,3122,AUX_EVENT,aux_behavior,37584,0,37584,0,1,12528,0,0,0,0,0,1,0,200448
3123,3123,AUX_EVENT,aux_behavior,37584,0,37584,0,1,12528,0,0,0,0,0,1,0,200448
3124,3124,AUX_EVENT,aux_behavior,37584,0,37584,0,1,12528,0,0,0,0,0,1,0,200448
3125,3125,AUX_EVENT,aux_behavior,37584,0,37584,0,1,12528,0,0,0,0,0,1,0,200448
3126,3126,AUX_EVENT,aux_behavior,37584,0,37584,0,1,12528,0,0,0,0,0,1,0,200448
3127,3127,AUX_EVENT,aux_behavior,37584,0,37584,0,1,12528,0,0,0,0,0,1,0,200448
3128,3128,AUX_EVENT,aux_behavior,442368,0,442368,0,1,147456,0,0,0,0,0,1,0,2359296
3129,3129,AUX_EVENT,aux_behavior,442368,0,442368,0,1,147456,0,0,0,0,0,1,0,2359296
3130,3130,AUX_EVENT,aux_behavior,442368,0,442368,0,1,147456,0,0,0,0,0,1,0,2359296
3131,3131,AUX_EVENT,aux_behavior,442368,0,442368,0,1,147456,0,0,0,0,0,1,0,2359296
3132,3132,AUX_EVENT,aux_behavior,442368,0,442368,0,1,147456,0,0,0,0,0,1,0,2359296
3133,3133,AUX_EVENT,aux_behavior,442368,0,442368,0,1,147456,0,0,0,0,0,1,0,2359296
3134,3134,AUX_EVENT,aux_behavior,442368,0,442368,0,1,147456,0,0,0,0,0,1,0,2359296
3135,3135,AUX_EVENT,aux_behavior,442368,0,442368,0,1,147456,0,0,0,0,0,1,0,2359296
3136,3136,GELU,vector_rtl,100224,0,100224,0,1,50112,0,0,0,0,0,1,0,801792
3137,3137,AUX_EVENT,aux_behavior,144,0,144,0,1,48,0,0,0,0,0,1,0,768
3138,3138,AUX_EVENT,aux_behavior,442368,0,442368,0,1,147456,0,0,0,0,0,1,0,2359296
3139,3139,GEMM_W8A8,rtl_gemm,50117,50117,0,0,1,50112,4,50112,0,0,0,0,0,801792
3140,3140,AUX_EVENT,aux_behavior,150336,0,150336,0,1,50112,0,0,0,0,0,1,0,801792
3141,3141,AUX_EVENT,aux_behavior,150336,0,150336,0,1,50112,0,0,0,0,0,1,0,801792
3142,3142,AUX_EVENT,aux_behavior,150336,0,150336,0,1,50112,0,0,0,0,0,1,0,801792
3143,3143,AUX_EVENT,aux_behavior,150336,0,150336,0,1,50112,0,0,0,0,0,1,0,801792
3144,3144,AUX_EVENT,aux_behavior,150336,0,150336,0,1,50112,0,0,0,0,0,1,0,801792
3145,3145,AUX_EVENT,aux_behavior,150336,0,150336,0,1,50112,0,0,0,0,0,1,0,801792
3146,3146,AUX_EVENT,aux_behavior,150336,0,150336,0,1,50112,0,0,0,0,0,1,0,801792
3147,3147,AUX_EVENT,aux_behavior,442368,0,442368,0,1,147456,0,0,0,0,0,1,0,2359296
3148,3148,AUX_EVENT,aux_behavior,442368,0,442368,0,1,147456,0,0,0,0,0,1,0,2359296
3149,3149,AUX_EVENT,aux_behavior,442368,0,442368,0,1,147456,0,0,0,0,0,1,0,2359296
3150,3150,AUX_EVENT,aux_behavior,442368,0,442368,0,1,147456,0,0,0,0,0,1,0,2359296
3151,3151,AUX_EVENT,aux_behavior,442368,0,442368,0,1,147456,0,0,0,0,0,1,0,2359296
3152,3152,AUX_EVENT,aux_behavior,442368,0,442368,0,1,147456,0,0,0,0,0,1,0,2359296
3153,3153,AUX_EVENT,aux_behavior,442368,0,442368,0,1,147456,0,0,0,0,0,1,0,2359296
3154,3154,AUX_EVENT,aux_behavior,442368,0,442368,0,1,147456,0,0,0,0,0,1,0,2359296
3155,3155,MUL,vector_rtl,25056,0,25056,0,1,12528,0,0,0,0,0,1,0,200448
3156,3156,ADD,vector_rtl,25056,0,25056,0,1,12528,0,0,0,0,0,1,0,200448
3157,3157,LAYER_NORM,vector_rtl,25056,0,25056,0,1,12528,0,0,0,0,0,1,0,200448
3158,3158,AUX_EVENT,aux_behavior,144,0,144,0,1,48,0,0,0,0,0,1,0,768
3159,3159,AUX_EVENT,aux_behavior,110592,0,110592,0,1,36864,0,0,0,0,0,1,0,589824
3160,3160,AUX_EVENT,aux_behavior,37584,0,37584,0,1,12528,0,0,0,0,0,1,0,200448
3161,3161,GEMM_W8A8,rtl_gemm,132752,132752,0,106624,13056,12528,544,12528,153944064,76972032,136,200448,589824,200448
3162,3162,AUX_EVENT,aux_behavior,37584,0,37584,0,1,12528,0,0,0,0,0,1,0,200448
3163,3163,AUX_EVENT,aux_behavior,37584,0,37584,0,1,12528,0,0,0,0,0,1,0,200448
3164,3164,AUX_EVENT,aux_behavior,37584,0,37584,0,1,12528,0,0,0,0,0,1,0,200448
3165,3165,AUX_EVENT,aux_behavior,37584,0,37584,0,1,12528,0,0,0,0,0,1,0,200448
3166,3166,AUX_EVENT,aux_behavior,37584,0,37584,0,1,12528,0,0,0,0,0,1,0,200448
3167,3167,AUX_EVENT,aux_behavior,37584,0,37584,0,1,12528,0,0,0,0,0,1,0,200448
3168,3168,AUX_EVENT,aux_behavior,37584,0,37584,0,1,12528,0,0,0,0,0,1,0,200448
3169,3169,AUX_EVENT,aux_behavior,110592,0,110592,0,1,36864,0,0,0,0,0,1,0,589824
3170,3170,AUX_EVENT,aux_behavior,110592,0,110592,0,1,36864,0,0,0,0,0,1,0,589824
3171,3171,AUX_EVENT,aux_behavior,110592,0,110592,0,1,36864,0,0,0,0,0,1,0,589824
3172,3172,AUX_EVENT,aux_behavior,110592,0,110592,0,1,36864,0,0,0,0,0,1,0,589824
3173,3173,AUX_EVENT,aux_behavior,110592,0,110592,0,1,36864,0,0,0,0,0,1,0,589824
3174,3174,AUX_EVENT,aux_behavior,110592,0,110592,0,1,36864,0,0,0,0,0,1,0,589824
3175,3175,AUX_EVENT,aux_behavior,110592,0,110592,0,1,36864,0,0,0,0,0,1,0,589824
3176,3176,AUX_EVENT,aux_behavior,110592,0,110592,0,1,36864,0,0,0,0,0,1,0,589824
3177,3177,AUX_EVENT,aux_behavior,110592,0,110592,0,1,36864,0,0,0,0,0,1,0,589824
3178,3178,AUX_EVENT,aux_behavior,37584,0,37584,0,1,12528,0,0,0,0,0,1,0,200448
3179,3179,GEMM_W8A8,rtl_gemm,132752,132752,0,106624,13056,12528,544,12528,153944064,76972032,136,200448,589824,200448
3180,3180,AUX_EVENT,aux_behavior,37584,0,37584,0,1,12528,0,0,0,0,0,1,0,200448
3181,3181,AUX_EVENT,aux_behavior,37584,0,37584,0,1,12528,0,0,0,0,0,1,0,200448
3182,3182,AUX_EVENT,aux_behavior,37584,0,37584,0,1,12528,0,0,0,0,0,1,0,200448
3183,3183,AUX_EVENT,aux_behavior,37584,0,37584,0,1,12528,0,0,0,0,0,1,0,200448
3184,3184,AUX_EVENT,aux_behavior,37584,0,37584,0,1,12528,0,0,0,0,0,1,0,200448
3185,3185,AUX_EVENT,aux_behavior,37584,0,37584,0,1,12528,0,0,0,0,0,1,0,200448
3186,3186,AUX_EVENT,aux_behavior,37584,0,37584,0,1,12528,0,0,0,0,0,1,0,200448
3187,3187,AUX_EVENT,aux_behavior,110592,0,110592,0,1,36864,0,0,0,0,0,1,0,589824
3188,3188,AUX_EVENT,aux_behavior,110592,0,110592,0,1,36864,0,0,0,0,0,1,0,589824
3189,3189,AUX_EVENT,aux_behavior,110592,0,110592,0,1,36864,0,0,0,0,0,1,0,589824
3190,3190,AUX_EVENT,aux_behavior,110592,0,110592,0,1,36864,0,0,0,0,0,1,0,589824
3191,3191,AUX_EVENT,aux_behavior,110592,0,110592,0,1,36864,0,0,0,0,0,1,0,589824
3192,3192,AUX_EVENT,aux_behavior,110592,0,110592,0,1,36864,0,0,0,0,0,1,0,589824
3193,3193,AUX_EVENT,aux_behavior,110592,0,110592,0,1,36864,0,0,0,0,0,1,0,589824
3194,3194,AUX_EVENT,aux_behavior,110592,0,110592,0,1,36864,0,0,0,0,0,1,0,589824
3195,3195,AUX_EVENT,aux_behavior,144,0,144,0,1,48,0,0,0,0,0,1,0,768
3196,3196,AUX_EVENT,aux_behavior,110592,0,110592,0,1,36864,0,0,0,0,0,1,0,589824
3197,3197,AUX_EVENT,aux_behavior,37584,0,37584,0,1,12528,0,0,0,0,0,1,0,200448
3198,3198,GEMM_W8A8,rtl_gemm,132752,132752,0,106624,13056,12528,544,12528,153944064,76972032,136,200448,589824,200448
3199,3199,AUX_EVENT,aux_behavior,37584,0,37584,0,1,12528,0,0,0,0,0,1,0,200448
3200,3200,AUX_EVENT,aux_behavior,37584,0,37584,0,1,12528,0,0,0,0,0,1,0,200448
3201,3201,AUX_EVENT,aux_behavior,37584,0,37584,0,1,12528,0,0,0,0,0,1,0,200448
3202,3202,AUX_EVENT,aux_behavior,37584,0,37584,0,1,12528,0,0,0,0,0,1,0,200448
3203,3203,AUX_EVENT,aux_behavior,37584,0,37584,0,1,12528,0,0,0,0,0,1,0,200448
3204,3204,AUX_EVENT,aux_behavior,37584,0,37584,0,1,12528,0,0,0,0,0,1,0,200448
3205,3205,AUX_EVENT,aux_behavior,37584,0,37584,0,1,12528,0,0,0,0,0,1,0,200448
3206,3206,AUX_EVENT,aux_behavior,110592,0,110592,0,1,36864,0,0,0,0,0,1,0,589824
3207,3207,AUX_EVENT,aux_behavior,110592,0,110592,0,1,36864,0,0,0,0,0,1,0,589824
3208,3208,AUX_EVENT,aux_behavior,110592,0,110592,0,1,36864,0,0,0,0,0,1,0,589824
3209,3209,AUX_EVENT,aux_behavior,110592,0,110592,0,1,36864,0,0,0,0,0,1,0,589824
3210,3210,AUX_EVENT,aux_behavior,110592,0,110592,0,1,36864,0,0,0,0,0,1,0,589824
3211,3211,AUX_EVENT,aux_behavior,110592,0,110592,0,1,36864,0,0,0,0,0,1,0,589824
3212,3212,AUX_EVENT,aux_behavior,110592,0,110592,0,1,36864,0,0,0,0,0,1,0,589824
3213,3213,AUX_EVENT,aux_behavior,110592,0,110592,0,1,36864,0,0,0,0,0,1,0,589824
3214,3214,LAYOUT,layout_rtl,25056,0,25056,0,1,12528,0,0,0,0,0,1,0,200448
3215,3215,LAYOUT,layout_rtl,25056,0,25056,0,1,12528,0,0,0,0,0,1,0,200448
3216,3216,LAYOUT,layout_rtl,25056,0,25056,0,1,12528,0,0,0,0,0,1,0,200448
3217,3217,LAYOUT,layout_rtl,25056,0,25056,0,1,12528,0,0,0,0,0,1,0,200448
3218,3218,LAYOUT,layout_rtl,25056,0,25056,0,1,12528,0,0,0,0,0,1,0,200448
3219,3219,LAYOUT,layout_rtl,25056,0,25056,0,1,12528,0,0,0,0,0,1,0,200448
3220,3220,AUX_EVENT,aux_behavior,37584,0,37584,0,1,12528,0,0,0,0,0,1,0,200448
3221,3221,AUX_EVENT,aux_behavior,37584,0,37584,0,1,12528,0,0,0,0,0,1,0,200448
3222,3222,MUL,vector_rtl,24576,0,24576,0,1,12288,0,0,0,0,0,1,0,196608
3223,3223,LAYOUT,layout_rtl,24576,0,24576,0,1,12288,0,0,0,0,0,1,0,196608
3224,3224,LAYOUT,layout_rtl,24576,0,24576,0,1,12288,0,0,0,0,0,1,0,196608
3225,3225,AUX_EVENT,aux_behavior,18432,0,18432,0,1,6144,0,0,0,0,0,1,0,98304
3226,3226,LAYOUT,layout_rtl,12288,0,12288,0,1,6144,0,0,0,0,0,1,0,98304
3227,3227,MUL,vector_rtl,24576,0,24576,0,1,12288,0,0,0,0,0,1,0,196608
3228,3228,ADD,vector_rtl,24576,0,24576,0,1,12288,0,0,0,0,0,1,0,196608
3229,3229,MUL,vector_rtl,24576,0,24576,0,1,12288,0,0,0,0,0,1,0,196608
3230,3230,LAYOUT,layout_rtl,24576,0,24576,0,1,12288,0,0,0,0,0,1,0,196608
3231,3231,LAYOUT,layout_rtl,24576,0,24576,0,1,12288,0,0,0,0,0,1,0,196608
3232,3232,AUX_EVENT,aux_behavior,18432,0,18432,0,1,6144,0,0,0,0,0,1,0,98304
3233,3233,LAYOUT,layout_rtl,12288,0,12288,0,1,6144,0,0,0,0,0,1,0,98304
3234,3234,MUL,vector_rtl,24576,0,24576,0,1,12288,0,0,0,0,0,1,0,196608
3235,3235,ADD,vector_rtl,24576,0,24576,0,1,12288,0,0,0,0,0,1,0,196608
3236,3236,LAYOUT,layout_rtl,480,0,480,0,1,240,0,0,0,0,0,1,0,3840
3237,3237,LAYOUT,layout_rtl,480,0,480,0,1,240,0,0,0,0,0,1,0,3840
3238,3238,AUX_EVENT,aux_behavior,37584,0,37584,0,1,12528,0,0,0,0,0,1,0,200448
3239,3239,AUX_EVENT,aux_behavior,37584,0,37584,0,1,12528,0,0,0,0,0,1,0,200448
3240,3240,AUX_EVENT,aux_behavior,37584,0,37584,0,1,12528,0,0,0,0,0,1,0,200448
3241,3241,LAYOUT,layout_rtl,25056,0,25056,0,1,12528,0,0,0,0,0,1,0,200448
3242,3242,LAYOUT,layout_rtl,25056,0,25056,0,1,12528,0,0,0,0,0,1,0,200448
3243,3243,LAYOUT,layout_rtl,25056,0,25056,0,1,12528,0,0,0,0,0,1,0,200448
3244,3244,AUX_EVENT,aux_behavior,144,0,144,0,1,48,0,0,0,0,0,1,0,768
3245,3245,AUX_EVENT,aux_behavior,110592,0,110592,0,1,36864,0,0,0,0,0,1,0,589824
3246,3246,GEMM_W8A8,rtl_gemm,132752,132752,0,106624,13056,12528,544,12528,153944064,76972032,136,200448,589824,200448
3247,3247,AUX_EVENT,aux_behavior,37584,0,37584,0,1,12528,0,0,0,0,0,1,0,200448
3248,3248,AUX_EVENT,aux_behavior,37584,0,37584,0,1,12528,0,0,0,0,0,1,0,200448
3249,3249,AUX_EVENT,aux_behavior,37584,0,37584,0,1,12528,0,0,0,0,0,1,0,200448
3250,3250,AUX_EVENT,aux_behavior,37584,0,37584,0,1,12528,0,0,0,0,0,1,0,200448
3251,3251,AUX_EVENT,aux_behavior,37584,0,37584,0,1,12528,0,0,0,0,0,1,0,200448
3252,3252,AUX_EVENT,aux_behavior,37584,0,37584,0,1,12528,0,0,0,0,0,1,0,200448
3253,3253,AUX_EVENT,aux_behavior,37584,0,37584,0,1,12528,0,0,0,0,0,1,0,200448
3254,3254,AUX_EVENT,aux_behavior,110592,0,110592,0,1,36864,0,0,0,0,0,1,0,589824
3255,3255,AUX_EVENT,aux_behavior,110592,0,110592,0,1,36864,0,0,0,0,0,1,0,589824
3256,3256,AUX_EVENT,aux_behavior,110592,0,110592,0,1,36864,0,0,0,0,0,1,0,589824
3257,3257,AUX_EVENT,aux_behavior,110592,0,110592,0,1,36864,0,0,0,0,0,1,0,589824
3258,3258,AUX_EVENT,aux_behavior,110592,0,110592,0,1,36864,0,0,0,0,0,1,0,589824
3259,3259,AUX_EVENT,aux_behavior,110592,0,110592,0,1,36864,0,0,0,0,0,1,0,589824
3260,3260,AUX_EVENT,aux_behavior,110592,0,110592,0,1,36864,0,0,0,0,0,1,0,589824
3261,3261,AUX_EVENT,aux_behavior,110592,0,110592,0,1,36864,0,0,0,0,0,1,0,589824
3262,3262,MUL,vector_rtl,25056,0,25056,0,1,12528,0,0,0,0,0,1,0,200448
3263,3263,ADD,vector_rtl,25056,0,25056,0,1,12528,0,0,0,0,0,1,0,200448
3264,3264,LAYER_NORM,vector_rtl,25056,0,25056,0,1,12528,0,0,0,0,0,1,0,200448
3265,3265,AUX_EVENT,aux_behavior,576,0,576,0,1,192,0,0,0,0,0,1,0,3072
3266,3266,AUX_EVENT,aux_behavior,442368,0,442368,0,1,147456,0,0,0,0,0,1,0,2359296
3267,3267,AUX_EVENT,aux_behavior,37584,0,37584,0,1,12528,0,0,0,0,0,1,0,200448
3268,3268,GEMM_W8A8,rtl_gemm,12533,12533,0,0,1,12528,4,12528,0,0,0,0,0,200448
3269,3269,AUX_EVENT,aux_behavior,37584,0,37584,0,1,12528,0,0,0,0,0,1,0,200448
3270,3270,AUX_EVENT,aux_behavior,37584,0,37584,0,1,12528,0,0,0,0,0,1,0,200448
3271,3271,AUX_EVENT,aux_behavior,37584,0,37584,0,1,12528,0,0,0,0,0,1,0,200448
3272,3272,AUX_EVENT,aux_behavior,37584,0,37584,0,1,12528,0,0,0,0,0,1,0,200448
3273,3273,AUX_EVENT,aux_behavior,37584,0,37584,0,1,12528,0,0,0,0,0,1,0,200448
3274,3274,AUX_EVENT,aux_behavior,37584,0,37584,0,1,12528,0,0,0,0,0,1,0,200448
3275,3275,AUX_EVENT,aux_behavior,37584,0,37584,0,1,12528,0,0,0,0,0,1,0,200448
3276,3276,AUX_EVENT,aux_behavior,442368,0,442368,0,1,147456,0,0,0,0,0,1,0,2359296
3277,3277,AUX_EVENT,aux_behavior,442368,0,442368,0,1,147456,0,0,0,0,0,1,0,2359296
3278,3278,AUX_EVENT,aux_behavior,442368,0,442368,0,1,147456,0,0,0,0,0,1,0,2359296
3279,3279,AUX_EVENT,aux_behavior,442368,0,442368,0,1,147456,0,0,0,0,0,1,0,2359296
3280,3280,AUX_EVENT,aux_behavior,442368,0,442368,0,1,147456,0,0,0,0,0,1,0,2359296
3281,3281,AUX_EVENT,aux_behavior,442368,0,442368,0,1,147456,0,0,0,0,0,1,0,2359296
3282,3282,AUX_EVENT,aux_behavior,442368,0,442368,0,1,147456,0,0,0,0,0,1,0,2359296
3283,3283,AUX_EVENT,aux_behavior,442368,0,442368,0,1,147456,0,0,0,0,0,1,0,2359296
3284,3284,GELU,vector_rtl,100224,0,100224,0,1,50112,0,0,0,0,0,1,0,801792
3285,3285,AUX_EVENT,aux_behavior,144,0,144,0,1,48,0,0,0,0,0,1,0,768
3286,3286,AUX_EVENT,aux_behavior,442368,0,442368,0,1,147456,0,0,0,0,0,1,0,2359296
3287,3287,GEMM_W8A8,rtl_gemm,50117,50117,0,0,1,50112,4,50112,0,0,0,0,0,801792
3288,3288,AUX_EVENT,aux_behavior,150336,0,150336,0,1,50112,0,0,0,0,0,1,0,801792
3289,3289,AUX_EVENT,aux_behavior,150336,0,150336,0,1,50112,0,0,0,0,0,1,0,801792
3290,3290,AUX_EVENT,aux_behavior,150336,0,150336,0,1,50112,0,0,0,0,0,1,0,801792
3291,3291,AUX_EVENT,aux_behavior,150336,0,150336,0,1,50112,0,0,0,0,0,1,0,801792
3292,3292,AUX_EVENT,aux_behavior,150336,0,150336,0,1,50112,0,0,0,0,0,1,0,801792
3293,3293,AUX_EVENT,aux_behavior,150336,0,150336,0,1,50112,0,0,0,0,0,1,0,801792
3294,3294,AUX_EVENT,aux_behavior,150336,0,150336,0,1,50112,0,0,0,0,0,1,0,801792
3295,3295,AUX_EVENT,aux_behavior,442368,0,442368,0,1,147456,0,0,0,0,0,1,0,2359296
3296,3296,AUX_EVENT,aux_behavior,442368,0,442368,0,1,147456,0,0,0,0,0,1,0,2359296
3297,3297,AUX_EVENT,aux_behavior,442368,0,442368,0,1,147456,0,0,0,0,0,1,0,2359296
3298,3298,AUX_EVENT,aux_behavior,442368,0,442368,0,1,147456,0,0,0,0,0,1,0,2359296
3299,3299,AUX_EVENT,aux_behavior,442368,0,442368,0,1,147456,0,0,0,0,0,1,0,2359296
3300,3300,AUX_EVENT,aux_behavior,442368,0,442368,0,1,147456,0,0,0,0,0,1,0,2359296
3301,3301,AUX_EVENT,aux_behavior,442368,0,442368,0,1,147456,0,0,0,0,0,1,0,2359296
3302,3302,AUX_EVENT,aux_behavior,442368,0,442368,0,1,147456,0,0,0,0,0,1,0,2359296
3303,3303,MUL,vector_rtl,25056,0,25056,0,1,12528,0,0,0,0,0,1,0,200448
3304,3304,ADD,vector_rtl,25056,0,25056,0,1,12528,0,0,0,0,0,1,0,200448
3305,3305,LAYER_NORM,vector_rtl,25056,0,25056,0,1,12528,0,0,0,0,0,1,0,200448
3306,3306,LAYOUT,layout_rtl,25056,0,25056,0,1,12528,0,0,0,0,0,1,0,200448
3307,3307,LAYOUT,layout_rtl,25056,0,25056,0,1,12528,0,0,0,0,0,1,0,200448
3308,3308,LAYOUT,layout_rtl,96,0,96,0,1,48,0,0,0,0,0,1,0,768
3309,3309,LAYOUT,layout_rtl,25056,0,25056,0,1,12528,0,0,0,0,0,1,0,200448
3310,3310,LAYOUT,layout_rtl,25056,0,25056,0,1,12528,0,0,0,0,0,1,0,200448
3311,3311,LAYOUT,layout_rtl,24576,0,24576,0,1,12288,0,0,0,0,0,1,0,196608
3312,3312,LAYOUT,layout_rtl,49152,0,49152,0,1,24576,0,0,0,0,0,1,0,393216
3313,3313,LAYOUT,layout_rtl,49152,0,49152,0,1,24576,0,0,0,0,0,1,0,393216
3314,3314,AUX_EVENT,aux_behavior,36864,0,36864,0,1,12288,0,0,0,0,0,1,0,196608
3315,3315,AUX_EVENT,aux_behavior,36864,0,36864,0,1,12288,0,0,0,0,0,1,0,196608
3316,3316,AUX_EVENT,aux_behavior,144,0,144,0,1,48,0,0,0,0,0,1,0,768
3317,3317,AUX_EVENT,aux_behavior,110592,0,110592,0,1,36864,0,0,0,0,0,1,0,589824
3318,3318,AUX_EVENT,aux_behavior,36864,0,36864,0,1,12288,0,0,0,0,0,1,0,196608
3319,3319,CONV_IM2COL,aux_behavior,147456,0,147456,0,1,12288,0,0,0,0,0,1,0,196608
3320,3320,LAYOUT,layout_rtl,24576,0,24576,0,1,12288,0,0,0,0,0,1,0,196608
3321,3321,LAYOUT,layout_rtl,24576,0,24576,0,1,12288,0,0,0,0,0,1,0,196608
3322,3322,LAYOUT,layout_rtl,96,0,96,0,1,48,0,0,0,0,0,1,0,768
3323,3323,LAYOUT,layout_rtl,384,0,384,0,1,192,0,0,0,0,0,1,0,3072
3324,3324,LAYOUT,layout_rtl,96,0,96,0,1,48,0,0,0,0,0,1,0,768
3325,3325,LAYOUT,layout_rtl,64,0,64,0,1,32,0,0,0,0,0,1,0,512
3326,3326,LAYOUT,layout_rtl,64,0,64,0,1,32,0,0,0,0,0,1,0,512
3327,3327,LAYOUT,layout_rtl,64,0,64,0,1,32,0,0,0,0,0,1,0,512
3328,3328,MUL,vector_rtl,64,0,64,0,1,32,0,0,0,0,0,1,0,512
3329,3329,LAYOUT,layout_rtl,16,0,16,0,1,1,0,0,0,0,0,1,0,16
3330,3330,LAYOUT,layout_rtl,16,0,16,0,1,1,0,0,0,0,0,1,0,16
3331,3331,LAYOUT,layout_rtl,16,0,16,0,1,1,0,0,0,0,0,1,0,16
3332,3332,MUL,vector_rtl,64,0,64,0,1,32,0,0,0,0,0,1,0,512
3333,3333,LAYOUT,layout_rtl,1024,0,1024,0,1,512,0,0,0,0,0,1,0,8192
3334,3334,LAYOUT,layout_rtl,1024,0,1024,0,1,512,0,0,0,0,0,1,0,8192
3335,3335,COS,vector_rtl,2048,0,2048,0,1,1024,0,0,0,0,0,1,0,16384
3336,3336,SIN,vector_rtl,2048,0,2048,0,1,1024,0,0,0,0,0,1,0,16384
3337,3337,AUX_EVENT,aux_behavior,3072,0,3072,0,1,1024,0,0,0,0,0,1,0,16384
3338,3338,AUX_EVENT,aux_behavior,3072,0,3072,0,1,1024,0,0,0,0,0,1,0,16384
3339,3339,LAYER_NORM,vector_rtl,25056,0,25056,0,1,12528,0,0,0,0,0,1,0,200448
3340,3340,AUX_EVENT,aux_behavior,144,0,144,0,1,48,0,0,0,0,0,1,0,768
3341,3341,AUX_EVENT,aux_behavior,110592,0,110592,0,1,36864,0,0,0,0,0,1,0,589824
3342,3342,AUX_EVENT,aux_behavior,37584,0,37584,0,1,12528,0,0,0,0,0,1,0,200448
3343,3343,GEMM_W8A8,rtl_gemm,132752,132752,0,106624,13056,12528,544,12528,153944064,76972032,136,200448,589824,200448
3344,3344,AUX_EVENT,aux_behavior,37584,0,37584,0,1,12528,0,0,0,0,0,1,0,200448
3345,3345,AUX_EVENT,aux_behavior,37584,0,37584,0,1,12528,0,0,0,0,0,1,0,200448
3346,3346,AUX_EVENT,aux_behavior,37584,0,37584,0,1,12528,0,0,0,0,0,1,0,200448
3347,3347,AUX_EVENT,aux_behavior,37584,0,37584,0,1,12528,0,0,0,0,0,1,0,200448
3348,3348,AUX_EVENT,aux_behavior,37584,0,37584,0,1,12528,0,0,0,0,0,1,0,200448
3349,3349,AUX_EVENT,aux_behavior,37584,0,37584,0,1,12528,0,0,0,0,0,1,0,200448
3350,3350,AUX_EVENT,aux_behavior,37584,0,37584,0,1,12528,0,0,0,0,0,1,0,200448
3351,3351,AUX_EVENT,aux_behavior,110592,0,110592,0,1,36864,0,0,0,0,0,1,0,589824
3352,3352,AUX_EVENT,aux_behavior,110592,0,110592,0,1,36864,0,0,0,0,0,1,0,589824
3353,3353,AUX_EVENT,aux_behavior,110592,0,110592,0,1,36864,0,0,0,0,0,1,0,589824
3354,3354,AUX_EVENT,aux_behavior,110592,0,110592,0,1,36864,0,0,0,0,0,1,0,589824
3355,3355,AUX_EVENT,aux_behavior,110592,0,110592,0,1,36864,0,0,0,0,0,1,0,589824
3356,3356,AUX_EVENT,aux_behavior,110592,0,110592,0,1,36864,0,0,0,0,0,1,0,589824
3357,3357,AUX_EVENT,aux_behavior,110592,0,110592,0,1,36864,0,0,0,0,0,1,0,589824
3358,3358,AUX_EVENT,aux_behavior,110592,0,110592,0,1,36864,0,0,0,0,0,1,0,589824
3359,3359,AUX_EVENT,aux_behavior,110592,0,110592,0,1,36864,0,0,0,0,0,1,0,589824
3360,3360,AUX_EVENT,aux_behavior,37584,0,37584,0,1,12528,0,0,0,0,0,1,0,200448
3361,3361,GEMM_W8A8,rtl_gemm,132752,132752,0,106624,13056,12528,544,12528,153944064,76972032,136,200448,589824,200448
3362,3362,AUX_EVENT,aux_behavior,37584,0,37584,0,1,12528,0,0,0,0,0,1,0,200448
3363,3363,AUX_EVENT,aux_behavior,37584,0,37584,0,1,12528,0,0,0,0,0,1,0,200448
3364,3364,AUX_EVENT,aux_behavior,37584,0,37584,0,1,12528,0,0,0,0,0,1,0,200448
3365,3365,AUX_EVENT,aux_behavior,37584,0,37584,0,1,12528,0,0,0,0,0,1,0,200448
3366,3366,AUX_EVENT,aux_behavior,37584,0,37584,0,1,12528,0,0,0,0,0,1,0,200448
3367,3367,AUX_EVENT,aux_behavior,37584,0,37584,0,1,12528,0,0,0,0,0,1,0,200448
3368,3368,AUX_EVENT,aux_behavior,37584,0,37584,0,1,12528,0,0,0,0,0,1,0,200448
3369,3369,AUX_EVENT,aux_behavior,110592,0,110592,0,1,36864,0,0,0,0,0,1,0,589824
3370,3370,AUX_EVENT,aux_behavior,110592,0,110592,0,1,36864,0,0,0,0,0,1,0,589824
3371,3371,AUX_EVENT,aux_behavior,110592,0,110592,0,1,36864,0,0,0,0,0,1,0,589824
3372,3372,AUX_EVENT,aux_behavior,110592,0,110592,0,1,36864,0,0,0,0,0,1,0,589824
3373,3373,AUX_EVENT,aux_behavior,110592,0,110592,0,1,36864,0,0,0,0,0,1,0,589824
3374,3374,AUX_EVENT,aux_behavior,110592,0,110592,0,1,36864,0,0,0,0,0,1,0,589824
3375,3375,AUX_EVENT,aux_behavior,110592,0,110592,0,1,36864,0,0,0,0,0,1,0,589824
3376,3376,AUX_EVENT,aux_behavior,110592,0,110592,0,1,36864,0,0,0,0,0,1,0,589824
3377,3377,AUX_EVENT,aux_behavior,144,0,144,0,1,48,0,0,0,0,0,1,0,768
3378,3378,AUX_EVENT,aux_behavior,110592,0,110592,0,1,36864,0,0,0,0,0,1,0,589824
3379,3379,AUX_EVENT,aux_behavior,37584,0,37584,0,1,12528,0,0,0,0,0,1,0,200448
3380,3380,GEMM_W8A8,rtl_gemm,132752,132752,0,106624,13056,12528,544,12528,153944064,76972032,136,200448,589824,200448
3381,3381,AUX_EVENT,aux_behavior,37584,0,37584,0,1,12528,0,0,0,0,0,1,0,200448
3382,3382,AUX_EVENT,aux_behavior,37584,0,37584,0,1,12528,0,0,0,0,0,1,0,200448
3383,3383,AUX_EVENT,aux_behavior,37584,0,37584,0,1,12528,0,0,0,0,0,1,0,200448
3384,3384,AUX_EVENT,aux_behavior,37584,0,37584,0,1,12528,0,0,0,0,0,1,0,200448
3385,3385,AUX_EVENT,aux_behavior,37584,0,37584,0,1,12528,0,0,0,0,0,1,0,200448
3386,3386,AUX_EVENT,aux_behavior,37584,0,37584,0,1,12528,0,0,0,0,0,1,0,200448
3387,3387,AUX_EVENT,aux_behavior,37584,0,37584,0,1,12528,0,0,0,0,0,1,0,200448
3388,3388,AUX_EVENT,aux_behavior,110592,0,110592,0,1,36864,0,0,0,0,0,1,0,589824
3389,3389,AUX_EVENT,aux_behavior,110592,0,110592,0,1,36864,0,0,0,0,0,1,0,589824
3390,3390,AUX_EVENT,aux_behavior,110592,0,110592,0,1,36864,0,0,0,0,0,1,0,589824
3391,3391,AUX_EVENT,aux_behavior,110592,0,110592,0,1,36864,0,0,0,0,0,1,0,589824
3392,3392,AUX_EVENT,aux_behavior,110592,0,110592,0,1,36864,0,0,0,0,0,1,0,589824
3393,3393,AUX_EVENT,aux_behavior,110592,0,110592,0,1,36864,0,0,0,0,0,1,0,589824
3394,3394,AUX_EVENT,aux_behavior,110592,0,110592,0,1,36864,0,0,0,0,0,1,0,589824
3395,3395,AUX_EVENT,aux_behavior,110592,0,110592,0,1,36864,0,0,0,0,0,1,0,589824
3396,3396,LAYOUT,layout_rtl,25056,0,25056,0,1,12528,0,0,0,0,0,1,0,200448
3397,3397,LAYOUT,layout_rtl,25056,0,25056,0,1,12528,0,0,0,0,0,1,0,200448
3398,3398,LAYOUT,layout_rtl,25056,0,25056,0,1,12528,0,0,0,0,0,1,0,200448
3399,3399,LAYOUT,layout_rtl,25056,0,25056,0,1,12528,0,0,0,0,0,1,0,200448
3400,3400,LAYOUT,layout_rtl,25056,0,25056,0,1,12528,0,0,0,0,0,1,0,200448
3401,3401,LAYOUT,layout_rtl,25056,0,25056,0,1,12528,0,0,0,0,0,1,0,200448
3402,3402,AUX_EVENT,aux_behavior,37584,0,37584,0,1,12528,0,0,0,0,0,1,0,200448
3403,3403,AUX_EVENT,aux_behavior,37584,0,37584,0,1,12528,0,0,0,0,0,1,0,200448
3404,3404,MUL,vector_rtl,24576,0,24576,0,1,12288,0,0,0,0,0,1,0,196608
3405,3405,LAYOUT,layout_rtl,24576,0,24576,0,1,12288,0,0,0,0,0,1,0,196608
3406,3406,LAYOUT,layout_rtl,24576,0,24576,0,1,12288,0,0,0,0,0,1,0,196608
3407,3407,AUX_EVENT,aux_behavior,18432,0,18432,0,1,6144,0,0,0,0,0,1,0,98304
3408,3408,LAYOUT,layout_rtl,12288,0,12288,0,1,6144,0,0,0,0,0,1,0,98304
3409,3409,MUL,vector_rtl,24576,0,24576,0,1,12288,0,0,0,0,0,1,0,196608
3410,3410,ADD,vector_rtl,24576,0,24576,0,1,12288,0,0,0,0,0,1,0,196608
3411,3411,MUL,vector_rtl,24576,0,24576,0,1,12288,0,0,0,0,0,1,0,196608
3412,3412,LAYOUT,layout_rtl,24576,0,24576,0,1,12288,0,0,0,0,0,1,0,196608
3413,3413,LAYOUT,layout_rtl,24576,0,24576,0,1,12288,0,0,0,0,0,1,0,196608
3414,3414,AUX_EVENT,aux_behavior,18432,0,18432,0,1,6144,0,0,0,0,0,1,0,98304
3415,3415,LAYOUT,layout_rtl,12288,0,12288,0,1,6144,0,0,0,0,0,1,0,98304
3416,3416,MUL,vector_rtl,24576,0,24576,0,1,12288,0,0,0,0,0,1,0,196608
3417,3417,ADD,vector_rtl,24576,0,24576,0,1,12288,0,0,0,0,0,1,0,196608
3418,3418,LAYOUT,layout_rtl,480,0,480,0,1,240,0,0,0,0,0,1,0,3840
3419,3419,LAYOUT,layout_rtl,480,0,480,0,1,240,0,0,0,0,0,1,0,3840
3420,3420,AUX_EVENT,aux_behavior,37584,0,37584,0,1,12528,0,0,0,0,0,1,0,200448
3421,3421,AUX_EVENT,aux_behavior,37584,0,37584,0,1,12528,0,0,0,0,0,1,0,200448
3422,3422,AUX_EVENT,aux_behavior,37584,0,37584,0,1,12528,0,0,0,0,0,1,0,200448
3423,3423,LAYOUT,layout_rtl,25056,0,25056,0,1,12528,0,0,0,0,0,1,0,200448
3424,3424,LAYOUT,layout_rtl,25056,0,25056,0,1,12528,0,0,0,0,0,1,0,200448
3425,3425,LAYOUT,layout_rtl,25056,0,25056,0,1,12528,0,0,0,0,0,1,0,200448
3426,3426,AUX_EVENT,aux_behavior,144,0,144,0,1,48,0,0,0,0,0,1,0,768
3427,3427,AUX_EVENT,aux_behavior,110592,0,110592,0,1,36864,0,0,0,0,0,1,0,589824
3428,3428,GEMM_W8A8,rtl_gemm,132752,132752,0,106624,13056,12528,544,12528,153944064,76972032,136,200448,589824,200448
3429,3429,AUX_EVENT,aux_behavior,37584,0,37584,0,1,12528,0,0,0,0,0,1,0,200448
3430,3430,AUX_EVENT,aux_behavior,37584,0,37584,0,1,12528,0,0,0,0,0,1,0,200448
3431,3431,AUX_EVENT,aux_behavior,37584,0,37584,0,1,12528,0,0,0,0,0,1,0,200448
3432,3432,AUX_EVENT,aux_behavior,37584,0,37584,0,1,12528,0,0,0,0,0,1,0,200448
3433,3433,AUX_EVENT,aux_behavior,37584,0,37584,0,1,12528,0,0,0,0,0,1,0,200448
3434,3434,AUX_EVENT,aux_behavior,37584,0,37584,0,1,12528,0,0,0,0,0,1,0,200448
3435,3435,AUX_EVENT,aux_behavior,37584,0,37584,0,1,12528,0,0,0,0,0,1,0,200448
3436,3436,AUX_EVENT,aux_behavior,110592,0,110592,0,1,36864,0,0,0,0,0,1,0,589824
3437,3437,AUX_EVENT,aux_behavior,110592,0,110592,0,1,36864,0,0,0,0,0,1,0,589824
3438,3438,AUX_EVENT,aux_behavior,110592,0,110592,0,1,36864,0,0,0,0,0,1,0,589824
3439,3439,AUX_EVENT,aux_behavior,110592,0,110592,0,1,36864,0,0,0,0,0,1,0,589824
3440,3440,AUX_EVENT,aux_behavior,110592,0,110592,0,1,36864,0,0,0,0,0,1,0,589824
3441,3441,AUX_EVENT,aux_behavior,110592,0,110592,0,1,36864,0,0,0,0,0,1,0,589824
3442,3442,AUX_EVENT,aux_behavior,110592,0,110592,0,1,36864,0,0,0,0,0,1,0,589824
3443,3443,AUX_EVENT,aux_behavior,110592,0,110592,0,1,36864,0,0,0,0,0,1,0,589824
3444,3444,MUL,vector_rtl,25056,0,25056,0,1,12528,0,0,0,0,0,1,0,200448
3445,3445,ADD,vector_rtl,25056,0,25056,0,1,12528,0,0,0,0,0,1,0,200448
3446,3446,LAYER_NORM,vector_rtl,25056,0,25056,0,1,12528,0,0,0,0,0,1,0,200448
3447,3447,AUX_EVENT,aux_behavior,576,0,576,0,1,192,0,0,0,0,0,1,0,3072
3448,3448,AUX_EVENT,aux_behavior,442368,0,442368,0,1,147456,0,0,0,0,0,1,0,2359296
3449,3449,AUX_EVENT,aux_behavior,37584,0,37584,0,1,12528,0,0,0,0,0,1,0,200448
3450,3450,GEMM_W8A8,rtl_gemm,12533,12533,0,0,1,12528,4,12528,0,0,0,0,0,200448
3451,3451,AUX_EVENT,aux_behavior,37584,0,37584,0,1,12528,0,0,0,0,0,1,0,200448
3452,3452,AUX_EVENT,aux_behavior,37584,0,37584,0,1,12528,0,0,0,0,0,1,0,200448
3453,3453,AUX_EVENT,aux_behavior,37584,0,37584,0,1,12528,0,0,0,0,0,1,0,200448
3454,3454,AUX_EVENT,aux_behavior,37584,0,37584,0,1,12528,0,0,0,0,0,1,0,200448
3455,3455,AUX_EVENT,aux_behavior,37584,0,37584,0,1,12528,0,0,0,0,0,1,0,200448
3456,3456,AUX_EVENT,aux_behavior,37584,0,37584,0,1,12528,0,0,0,0,0,1,0,200448
3457,3457,AUX_EVENT,aux_behavior,37584,0,37584,0,1,12528,0,0,0,0,0,1,0,200448
3458,3458,AUX_EVENT,aux_behavior,442368,0,442368,0,1,147456,0,0,0,0,0,1,0,2359296
3459,3459,AUX_EVENT,aux_behavior,442368,0,442368,0,1,147456,0,0,0,0,0,1,0,2359296
3460,3460,AUX_EVENT,aux_behavior,442368,0,442368,0,1,147456,0,0,0,0,0,1,0,2359296
3461,3461,AUX_EVENT,aux_behavior,442368,0,442368,0,1,147456,0,0,0,0,0,1,0,2359296
3462,3462,AUX_EVENT,aux_behavior,442368,0,442368,0,1,147456,0,0,0,0,0,1,0,2359296
3463,3463,AUX_EVENT,aux_behavior,442368,0,442368,0,1,147456,0,0,0,0,0,1,0,2359296
3464,3464,AUX_EVENT,aux_behavior,442368,0,442368,0,1,147456,0,0,0,0,0,1,0,2359296
3465,3465,AUX_EVENT,aux_behavior,442368,0,442368,0,1,147456,0,0,0,0,0,1,0,2359296
3466,3466,GELU,vector_rtl,100224,0,100224,0,1,50112,0,0,0,0,0,1,0,801792
3467,3467,AUX_EVENT,aux_behavior,144,0,144,0,1,48,0,0,0,0,0,1,0,768
3468,3468,AUX_EVENT,aux_behavior,442368,0,442368,0,1,147456,0,0,0,0,0,1,0,2359296
3469,3469,GEMM_W8A8,rtl_gemm,50117,50117,0,0,1,50112,4,50112,0,0,0,0,0,801792
3470,3470,AUX_EVENT,aux_behavior,150336,0,150336,0,1,50112,0,0,0,0,0,1,0,801792
3471,3471,AUX_EVENT,aux_behavior,150336,0,150336,0,1,50112,0,0,0,0,0,1,0,801792
3472,3472,AUX_EVENT,aux_behavior,150336,0,150336,0,1,50112,0,0,0,0,0,1,0,801792
3473,3473,AUX_EVENT,aux_behavior,150336,0,150336,0,1,50112,0,0,0,0,0,1,0,801792
3474,3474,AUX_EVENT,aux_behavior,150336,0,150336,0,1,50112,0,0,0,0,0,1,0,801792
3475,3475,AUX_EVENT,aux_behavior,150336,0,150336,0,1,50112,0,0,0,0,0,1,0,801792
3476,3476,AUX_EVENT,aux_behavior,150336,0,150336,0,1,50112,0,0,0,0,0,1,0,801792
3477,3477,AUX_EVENT,aux_behavior,442368,0,442368,0,1,147456,0,0,0,0,0,1,0,2359296
3478,3478,AUX_EVENT,aux_behavior,442368,0,442368,0,1,147456,0,0,0,0,0,1,0,2359296
3479,3479,AUX_EVENT,aux_behavior,442368,0,442368,0,1,147456,0,0,0,0,0,1,0,2359296
3480,3480,AUX_EVENT,aux_behavior,442368,0,442368,0,1,147456,0,0,0,0,0,1,0,2359296
3481,3481,AUX_EVENT,aux_behavior,442368,0,442368,0,1,147456,0,0,0,0,0,1,0,2359296
3482,3482,AUX_EVENT,aux_behavior,442368,0,442368,0,1,147456,0,0,0,0,0,1,0,2359296
3483,3483,AUX_EVENT,aux_behavior,442368,0,442368,0,1,147456,0,0,0,0,0,1,0,2359296
3484,3484,AUX_EVENT,aux_behavior,442368,0,442368,0,1,147456,0,0,0,0,0,1,0,2359296
3485,3485,MUL,vector_rtl,25056,0,25056,0,1,12528,0,0,0,0,0,1,0,200448
3486,3486,ADD,vector_rtl,25056,0,25056,0,1,12528,0,0,0,0,0,1,0,200448
3487,3487,LAYER_NORM,vector_rtl,25056,0,25056,0,1,12528,0,0,0,0,0,1,0,200448
3488,3488,AUX_EVENT,aux_behavior,144,0,144,0,1,48,0,0,0,0,0,1,0,768
3489,3489,AUX_EVENT,aux_behavior,110592,0,110592,0,1,36864,0,0,0,0,0,1,0,589824
3490,3490,AUX_EVENT,aux_behavior,37584,0,37584,0,1,12528,0,0,0,0,0,1,0,200448
3491,3491,GEMM_W8A8,rtl_gemm,132752,132752,0,106624,13056,12528,544,12528,153944064,76972032,136,200448,589824,200448
3492,3492,AUX_EVENT,aux_behavior,37584,0,37584,0,1,12528,0,0,0,0,0,1,0,200448
3493,3493,AUX_EVENT,aux_behavior,37584,0,37584,0,1,12528,0,0,0,0,0,1,0,200448
3494,3494,AUX_EVENT,aux_behavior,37584,0,37584,0,1,12528,0,0,0,0,0,1,0,200448
3495,3495,AUX_EVENT,aux_behavior,37584,0,37584,0,1,12528,0,0,0,0,0,1,0,200448
3496,3496,AUX_EVENT,aux_behavior,37584,0,37584,0,1,12528,0,0,0,0,0,1,0,200448
3497,3497,AUX_EVENT,aux_behavior,37584,0,37584,0,1,12528,0,0,0,0,0,1,0,200448
3498,3498,AUX_EVENT,aux_behavior,37584,0,37584,0,1,12528,0,0,0,0,0,1,0,200448
3499,3499,AUX_EVENT,aux_behavior,110592,0,110592,0,1,36864,0,0,0,0,0,1,0,589824
3500,3500,AUX_EVENT,aux_behavior,110592,0,110592,0,1,36864,0,0,0,0,0,1,0,589824
3501,3501,AUX_EVENT,aux_behavior,110592,0,110592,0,1,36864,0,0,0,0,0,1,0,589824
3502,3502,AUX_EVENT,aux_behavior,110592,0,110592,0,1,36864,0,0,0,0,0,1,0,589824
3503,3503,AUX_EVENT,aux_behavior,110592,0,110592,0,1,36864,0,0,0,0,0,1,0,589824
3504,3504,AUX_EVENT,aux_behavior,110592,0,110592,0,1,36864,0,0,0,0,0,1,0,589824
3505,3505,AUX_EVENT,aux_behavior,110592,0,110592,0,1,36864,0,0,0,0,0,1,0,589824
3506,3506,AUX_EVENT,aux_behavior,110592,0,110592,0,1,36864,0,0,0,0,0,1,0,589824
3507,3507,AUX_EVENT,aux_behavior,110592,0,110592,0,1,36864,0,0,0,0,0,1,0,589824
3508,3508,AUX_EVENT,aux_behavior,37584,0,37584,0,1,12528,0,0,0,0,0,1,0,200448
3509,3509,GEMM_W8A8,rtl_gemm,132752,132752,0,106624,13056,12528,544,12528,153944064,76972032,136,200448,589824,200448
3510,3510,AUX_EVENT,aux_behavior,37584,0,37584,0,1,12528,0,0,0,0,0,1,0,200448
3511,3511,AUX_EVENT,aux_behavior,37584,0,37584,0,1,12528,0,0,0,0,0,1,0,200448
3512,3512,AUX_EVENT,aux_behavior,37584,0,37584,0,1,12528,0,0,0,0,0,1,0,200448
3513,3513,AUX_EVENT,aux_behavior,37584,0,37584,0,1,12528,0,0,0,0,0,1,0,200448
3514,3514,AUX_EVENT,aux_behavior,37584,0,37584,0,1,12528,0,0,0,0,0,1,0,200448
3515,3515,AUX_EVENT,aux_behavior,37584,0,37584,0,1,12528,0,0,0,0,0,1,0,200448
3516,3516,AUX_EVENT,aux_behavior,37584,0,37584,0,1,12528,0,0,0,0,0,1,0,200448
3517,3517,AUX_EVENT,aux_behavior,110592,0,110592,0,1,36864,0,0,0,0,0,1,0,589824
3518,3518,AUX_EVENT,aux_behavior,110592,0,110592,0,1,36864,0,0,0,0,0,1,0,589824
3519,3519,AUX_EVENT,aux_behavior,110592,0,110592,0,1,36864,0,0,0,0,0,1,0,589824
3520,3520,AUX_EVENT,aux_behavior,110592,0,110592,0,1,36864,0,0,0,0,0,1,0,589824
3521,3521,AUX_EVENT,aux_behavior,110592,0,110592,0,1,36864,0,0,0,0,0,1,0,589824
3522,3522,AUX_EVENT,aux_behavior,110592,0,110592,0,1,36864,0,0,0,0,0,1,0,589824
3523,3523,AUX_EVENT,aux_behavior,110592,0,110592,0,1,36864,0,0,0,0,0,1,0,589824
3524,3524,AUX_EVENT,aux_behavior,110592,0,110592,0,1,36864,0,0,0,0,0,1,0,589824
3525,3525,AUX_EVENT,aux_behavior,144,0,144,0,1,48,0,0,0,0,0,1,0,768
3526,3526,AUX_EVENT,aux_behavior,110592,0,110592,0,1,36864,0,0,0,0,0,1,0,589824
3527,3527,AUX_EVENT,aux_behavior,37584,0,37584,0,1,12528,0,0,0,0,0,1,0,200448
3528,3528,GEMM_W8A8,rtl_gemm,132752,132752,0,106624,13056,12528,544,12528,153944064,76972032,136,200448,589824,200448
3529,3529,AUX_EVENT,aux_behavior,37584,0,37584,0,1,12528,0,0,0,0,0,1,0,200448
3530,3530,AUX_EVENT,aux_behavior,37584,0,37584,0,1,12528,0,0,0,0,0,1,0,200448
3531,3531,AUX_EVENT,aux_behavior,37584,0,37584,0,1,12528,0,0,0,0,0,1,0,200448
3532,3532,AUX_EVENT,aux_behavior,37584,0,37584,0,1,12528,0,0,0,0,0,1,0,200448
3533,3533,AUX_EVENT,aux_behavior,37584,0,37584,0,1,12528,0,0,0,0,0,1,0,200448
3534,3534,AUX_EVENT,aux_behavior,37584,0,37584,0,1,12528,0,0,0,0,0,1,0,200448
3535,3535,AUX_EVENT,aux_behavior,37584,0,37584,0,1,12528,0,0,0,0,0,1,0,200448
3536,3536,AUX_EVENT,aux_behavior,110592,0,110592,0,1,36864,0,0,0,0,0,1,0,589824
3537,3537,AUX_EVENT,aux_behavior,110592,0,110592,0,1,36864,0,0,0,0,0,1,0,589824
3538,3538,AUX_EVENT,aux_behavior,110592,0,110592,0,1,36864,0,0,0,0,0,1,0,589824
3539,3539,AUX_EVENT,aux_behavior,110592,0,110592,0,1,36864,0,0,0,0,0,1,0,589824
3540,3540,AUX_EVENT,aux_behavior,110592,0,110592,0,1,36864,0,0,0,0,0,1,0,589824
3541,3541,AUX_EVENT,aux_behavior,110592,0,110592,0,1,36864,0,0,0,0,0,1,0,589824
3542,3542,AUX_EVENT,aux_behavior,110592,0,110592,0,1,36864,0,0,0,0,0,1,0,589824
3543,3543,AUX_EVENT,aux_behavior,110592,0,110592,0,1,36864,0,0,0,0,0,1,0,589824
3544,3544,LAYOUT,layout_rtl,25056,0,25056,0,1,12528,0,0,0,0,0,1,0,200448
3545,3545,LAYOUT,layout_rtl,25056,0,25056,0,1,12528,0,0,0,0,0,1,0,200448
3546,3546,LAYOUT,layout_rtl,25056,0,25056,0,1,12528,0,0,0,0,0,1,0,200448
3547,3547,LAYOUT,layout_rtl,25056,0,25056,0,1,12528,0,0,0,0,0,1,0,200448
3548,3548,LAYOUT,layout_rtl,25056,0,25056,0,1,12528,0,0,0,0,0,1,0,200448
3549,3549,LAYOUT,layout_rtl,25056,0,25056,0,1,12528,0,0,0,0,0,1,0,200448
3550,3550,AUX_EVENT,aux_behavior,37584,0,37584,0,1,12528,0,0,0,0,0,1,0,200448
3551,3551,AUX_EVENT,aux_behavior,37584,0,37584,0,1,12528,0,0,0,0,0,1,0,200448
3552,3552,MUL,vector_rtl,24576,0,24576,0,1,12288,0,0,0,0,0,1,0,196608
3553,3553,LAYOUT,layout_rtl,24576,0,24576,0,1,12288,0,0,0,0,0,1,0,196608
3554,3554,LAYOUT,layout_rtl,24576,0,24576,0,1,12288,0,0,0,0,0,1,0,196608
3555,3555,AUX_EVENT,aux_behavior,18432,0,18432,0,1,6144,0,0,0,0,0,1,0,98304
3556,3556,LAYOUT,layout_rtl,12288,0,12288,0,1,6144,0,0,0,0,0,1,0,98304
3557,3557,MUL,vector_rtl,24576,0,24576,0,1,12288,0,0,0,0,0,1,0,196608
3558,3558,ADD,vector_rtl,24576,0,24576,0,1,12288,0,0,0,0,0,1,0,196608
3559,3559,MUL,vector_rtl,24576,0,24576,0,1,12288,0,0,0,0,0,1,0,196608
3560,3560,LAYOUT,layout_rtl,24576,0,24576,0,1,12288,0,0,0,0,0,1,0,196608
3561,3561,LAYOUT,layout_rtl,24576,0,24576,0,1,12288,0,0,0,0,0,1,0,196608
3562,3562,AUX_EVENT,aux_behavior,18432,0,18432,0,1,6144,0,0,0,0,0,1,0,98304
3563,3563,LAYOUT,layout_rtl,12288,0,12288,0,1,6144,0,0,0,0,0,1,0,98304
3564,3564,MUL,vector_rtl,24576,0,24576,0,1,12288,0,0,0,0,0,1,0,196608
3565,3565,ADD,vector_rtl,24576,0,24576,0,1,12288,0,0,0,0,0,1,0,196608
3566,3566,LAYOUT,layout_rtl,480,0,480,0,1,240,0,0,0,0,0,1,0,3840
3567,3567,LAYOUT,layout_rtl,480,0,480,0,1,240,0,0,0,0,0,1,0,3840
3568,3568,AUX_EVENT,aux_behavior,37584,0,37584,0,1,12528,0,0,0,0,0,1,0,200448
3569,3569,AUX_EVENT,aux_behavior,37584,0,37584,0,1,12528,0,0,0,0,0,1,0,200448
3570,3570,AUX_EVENT,aux_behavior,37584,0,37584,0,1,12528,0,0,0,0,0,1,0,200448
3571,3571,LAYOUT,layout_rtl,25056,0,25056,0,1,12528,0,0,0,0,0,1,0,200448
3572,3572,LAYOUT,layout_rtl,25056,0,25056,0,1,12528,0,0,0,0,0,1,0,200448
3573,3573,LAYOUT,layout_rtl,25056,0,25056,0,1,12528,0,0,0,0,0,1,0,200448
3574,3574,AUX_EVENT,aux_behavior,144,0,144,0,1,48,0,0,0,0,0,1,0,768
3575,3575,AUX_EVENT,aux_behavior,110592,0,110592,0,1,36864,0,0,0,0,0,1,0,589824
3576,3576,GEMM_W8A8,rtl_gemm,132752,132752,0,106624,13056,12528,544,12528,153944064,76972032,136,200448,589824,200448
3577,3577,AUX_EVENT,aux_behavior,37584,0,37584,0,1,12528,0,0,0,0,0,1,0,200448
3578,3578,AUX_EVENT,aux_behavior,37584,0,37584,0,1,12528,0,0,0,0,0,1,0,200448
3579,3579,AUX_EVENT,aux_behavior,37584,0,37584,0,1,12528,0,0,0,0,0,1,0,200448
3580,3580,AUX_EVENT,aux_behavior,37584,0,37584,0,1,12528,0,0,0,0,0,1,0,200448
3581,3581,AUX_EVENT,aux_behavior,37584,0,37584,0,1,12528,0,0,0,0,0,1,0,200448
3582,3582,AUX_EVENT,aux_behavior,37584,0,37584,0,1,12528,0,0,0,0,0,1,0,200448
3583,3583,AUX_EVENT,aux_behavior,37584,0,37584,0,1,12528,0,0,0,0,0,1,0,200448
3584,3584,AUX_EVENT,aux_behavior,110592,0,110592,0,1,36864,0,0,0,0,0,1,0,589824
3585,3585,AUX_EVENT,aux_behavior,110592,0,110592,0,1,36864,0,0,0,0,0,1,0,589824
3586,3586,AUX_EVENT,aux_behavior,110592,0,110592,0,1,36864,0,0,0,0,0,1,0,589824
3587,3587,AUX_EVENT,aux_behavior,110592,0,110592,0,1,36864,0,0,0,0,0,1,0,589824
3588,3588,AUX_EVENT,aux_behavior,110592,0,110592,0,1,36864,0,0,0,0,0,1,0,589824
3589,3589,AUX_EVENT,aux_behavior,110592,0,110592,0,1,36864,0,0,0,0,0,1,0,589824
3590,3590,AUX_EVENT,aux_behavior,110592,0,110592,0,1,36864,0,0,0,0,0,1,0,589824
3591,3591,AUX_EVENT,aux_behavior,110592,0,110592,0,1,36864,0,0,0,0,0,1,0,589824
3592,3592,MUL,vector_rtl,25056,0,25056,0,1,12528,0,0,0,0,0,1,0,200448
3593,3593,ADD,vector_rtl,25056,0,25056,0,1,12528,0,0,0,0,0,1,0,200448
3594,3594,LAYER_NORM,vector_rtl,25056,0,25056,0,1,12528,0,0,0,0,0,1,0,200448
3595,3595,AUX_EVENT,aux_behavior,576,0,576,0,1,192,0,0,0,0,0,1,0,3072
3596,3596,AUX_EVENT,aux_behavior,442368,0,442368,0,1,147456,0,0,0,0,0,1,0,2359296
3597,3597,AUX_EVENT,aux_behavior,37584,0,37584,0,1,12528,0,0,0,0,0,1,0,200448
3598,3598,GEMM_W8A8,rtl_gemm,12533,12533,0,0,1,12528,4,12528,0,0,0,0,0,200448
3599,3599,AUX_EVENT,aux_behavior,37584,0,37584,0,1,12528,0,0,0,0,0,1,0,200448
3600,3600,AUX_EVENT,aux_behavior,37584,0,37584,0,1,12528,0,0,0,0,0,1,0,200448
3601,3601,AUX_EVENT,aux_behavior,37584,0,37584,0,1,12528,0,0,0,0,0,1,0,200448
3602,3602,AUX_EVENT,aux_behavior,37584,0,37584,0,1,12528,0,0,0,0,0,1,0,200448
3603,3603,AUX_EVENT,aux_behavior,37584,0,37584,0,1,12528,0,0,0,0,0,1,0,200448
3604,3604,AUX_EVENT,aux_behavior,37584,0,37584,0,1,12528,0,0,0,0,0,1,0,200448
3605,3605,AUX_EVENT,aux_behavior,37584,0,37584,0,1,12528,0,0,0,0,0,1,0,200448
3606,3606,AUX_EVENT,aux_behavior,442368,0,442368,0,1,147456,0,0,0,0,0,1,0,2359296
3607,3607,AUX_EVENT,aux_behavior,442368,0,442368,0,1,147456,0,0,0,0,0,1,0,2359296
3608,3608,AUX_EVENT,aux_behavior,442368,0,442368,0,1,147456,0,0,0,0,0,1,0,2359296
3609,3609,AUX_EVENT,aux_behavior,442368,0,442368,0,1,147456,0,0,0,0,0,1,0,2359296
3610,3610,AUX_EVENT,aux_behavior,442368,0,442368,0,1,147456,0,0,0,0,0,1,0,2359296
3611,3611,AUX_EVENT,aux_behavior,442368,0,442368,0,1,147456,0,0,0,0,0,1,0,2359296
3612,3612,AUX_EVENT,aux_behavior,442368,0,442368,0,1,147456,0,0,0,0,0,1,0,2359296
3613,3613,AUX_EVENT,aux_behavior,442368,0,442368,0,1,147456,0,0,0,0,0,1,0,2359296
3614,3614,GELU,vector_rtl,100224,0,100224,0,1,50112,0,0,0,0,0,1,0,801792
3615,3615,AUX_EVENT,aux_behavior,144,0,144,0,1,48,0,0,0,0,0,1,0,768
3616,3616,AUX_EVENT,aux_behavior,442368,0,442368,0,1,147456,0,0,0,0,0,1,0,2359296
3617,3617,GEMM_W8A8,rtl_gemm,50117,50117,0,0,1,50112,4,50112,0,0,0,0,0,801792
3618,3618,AUX_EVENT,aux_behavior,150336,0,150336,0,1,50112,0,0,0,0,0,1,0,801792
3619,3619,AUX_EVENT,aux_behavior,150336,0,150336,0,1,50112,0,0,0,0,0,1,0,801792
3620,3620,AUX_EVENT,aux_behavior,150336,0,150336,0,1,50112,0,0,0,0,0,1,0,801792
3621,3621,AUX_EVENT,aux_behavior,150336,0,150336,0,1,50112,0,0,0,0,0,1,0,801792
3622,3622,AUX_EVENT,aux_behavior,150336,0,150336,0,1,50112,0,0,0,0,0,1,0,801792
3623,3623,AUX_EVENT,aux_behavior,150336,0,150336,0,1,50112,0,0,0,0,0,1,0,801792
3624,3624,AUX_EVENT,aux_behavior,150336,0,150336,0,1,50112,0,0,0,0,0,1,0,801792
3625,3625,AUX_EVENT,aux_behavior,442368,0,442368,0,1,147456,0,0,0,0,0,1,0,2359296
3626,3626,AUX_EVENT,aux_behavior,442368,0,442368,0,1,147456,0,0,0,0,0,1,0,2359296
3627,3627,AUX_EVENT,aux_behavior,442368,0,442368,0,1,147456,0,0,0,0,0,1,0,2359296
3628,3628,AUX_EVENT,aux_behavior,442368,0,442368,0,1,147456,0,0,0,0,0,1,0,2359296
3629,3629,AUX_EVENT,aux_behavior,442368,0,442368,0,1,147456,0,0,0,0,0,1,0,2359296
3630,3630,AUX_EVENT,aux_behavior,442368,0,442368,0,1,147456,0,0,0,0,0,1,0,2359296
3631,3631,AUX_EVENT,aux_behavior,442368,0,442368,0,1,147456,0,0,0,0,0,1,0,2359296
3632,3632,AUX_EVENT,aux_behavior,442368,0,442368,0,1,147456,0,0,0,0,0,1,0,2359296
3633,3633,MUL,vector_rtl,25056,0,25056,0,1,12528,0,0,0,0,0,1,0,200448
3634,3634,ADD,vector_rtl,25056,0,25056,0,1,12528,0,0,0,0,0,1,0,200448
3635,3635,LAYER_NORM,vector_rtl,25056,0,25056,0,1,12528,0,0,0,0,0,1,0,200448
3636,3636,AUX_EVENT,aux_behavior,144,0,144,0,1,48,0,0,0,0,0,1,0,768
3637,3637,AUX_EVENT,aux_behavior,110592,0,110592,0,1,36864,0,0,0,0,0,1,0,589824
3638,3638,AUX_EVENT,aux_behavior,37584,0,37584,0,1,12528,0,0,0,0,0,1,0,200448
3639,3639,GEMM_W8A8,rtl_gemm,132752,132752,0,106624,13056,12528,544,12528,153944064,76972032,136,200448,589824,200448
3640,3640,AUX_EVENT,aux_behavior,37584,0,37584,0,1,12528,0,0,0,0,0,1,0,200448
3641,3641,AUX_EVENT,aux_behavior,37584,0,37584,0,1,12528,0,0,0,0,0,1,0,200448
3642,3642,AUX_EVENT,aux_behavior,37584,0,37584,0,1,12528,0,0,0,0,0,1,0,200448
3643,3643,AUX_EVENT,aux_behavior,37584,0,37584,0,1,12528,0,0,0,0,0,1,0,200448
3644,3644,AUX_EVENT,aux_behavior,37584,0,37584,0,1,12528,0,0,0,0,0,1,0,200448
3645,3645,AUX_EVENT,aux_behavior,37584,0,37584,0,1,12528,0,0,0,0,0,1,0,200448
3646,3646,AUX_EVENT,aux_behavior,37584,0,37584,0,1,12528,0,0,0,0,0,1,0,200448
3647,3647,AUX_EVENT,aux_behavior,110592,0,110592,0,1,36864,0,0,0,0,0,1,0,589824
3648,3648,AUX_EVENT,aux_behavior,110592,0,110592,0,1,36864,0,0,0,0,0,1,0,589824
3649,3649,AUX_EVENT,aux_behavior,110592,0,110592,0,1,36864,0,0,0,0,0,1,0,589824
3650,3650,AUX_EVENT,aux_behavior,110592,0,110592,0,1,36864,0,0,0,0,0,1,0,589824
3651,3651,AUX_EVENT,aux_behavior,110592,0,110592,0,1,36864,0,0,0,0,0,1,0,589824
3652,3652,AUX_EVENT,aux_behavior,110592,0,110592,0,1,36864,0,0,0,0,0,1,0,589824
3653,3653,AUX_EVENT,aux_behavior,110592,0,110592,0,1,36864,0,0,0,0,0,1,0,589824
3654,3654,AUX_EVENT,aux_behavior,110592,0,110592,0,1,36864,0,0,0,0,0,1,0,589824
3655,3655,AUX_EVENT,aux_behavior,110592,0,110592,0,1,36864,0,0,0,0,0,1,0,589824
3656,3656,AUX_EVENT,aux_behavior,37584,0,37584,0,1,12528,0,0,0,0,0,1,0,200448
3657,3657,GEMM_W8A8,rtl_gemm,132752,132752,0,106624,13056,12528,544,12528,153944064,76972032,136,200448,589824,200448
3658,3658,AUX_EVENT,aux_behavior,37584,0,37584,0,1,12528,0,0,0,0,0,1,0,200448
3659,3659,AUX_EVENT,aux_behavior,37584,0,37584,0,1,12528,0,0,0,0,0,1,0,200448
3660,3660,AUX_EVENT,aux_behavior,37584,0,37584,0,1,12528,0,0,0,0,0,1,0,200448
3661,3661,AUX_EVENT,aux_behavior,37584,0,37584,0,1,12528,0,0,0,0,0,1,0,200448
3662,3662,AUX_EVENT,aux_behavior,37584,0,37584,0,1,12528,0,0,0,0,0,1,0,200448
3663,3663,AUX_EVENT,aux_behavior,37584,0,37584,0,1,12528,0,0,0,0,0,1,0,200448
3664,3664,AUX_EVENT,aux_behavior,37584,0,37584,0,1,12528,0,0,0,0,0,1,0,200448
3665,3665,AUX_EVENT,aux_behavior,110592,0,110592,0,1,36864,0,0,0,0,0,1,0,589824
3666,3666,AUX_EVENT,aux_behavior,110592,0,110592,0,1,36864,0,0,0,0,0,1,0,589824
3667,3667,AUX_EVENT,aux_behavior,110592,0,110592,0,1,36864,0,0,0,0,0,1,0,589824
3668,3668,AUX_EVENT,aux_behavior,110592,0,110592,0,1,36864,0,0,0,0,0,1,0,589824
3669,3669,AUX_EVENT,aux_behavior,110592,0,110592,0,1,36864,0,0,0,0,0,1,0,589824
3670,3670,AUX_EVENT,aux_behavior,110592,0,110592,0,1,36864,0,0,0,0,0,1,0,589824
3671,3671,AUX_EVENT,aux_behavior,110592,0,110592,0,1,36864,0,0,0,0,0,1,0,589824
3672,3672,AUX_EVENT,aux_behavior,110592,0,110592,0,1,36864,0,0,0,0,0,1,0,589824
3673,3673,AUX_EVENT,aux_behavior,144,0,144,0,1,48,0,0,0,0,0,1,0,768
3674,3674,AUX_EVENT,aux_behavior,110592,0,110592,0,1,36864,0,0,0,0,0,1,0,589824
3675,3675,AUX_EVENT,aux_behavior,37584,0,37584,0,1,12528,0,0,0,0,0,1,0,200448
3676,3676,GEMM_W8A8,rtl_gemm,132752,132752,0,106624,13056,12528,544,12528,153944064,76972032,136,200448,589824,200448
3677,3677,AUX_EVENT,aux_behavior,37584,0,37584,0,1,12528,0,0,0,0,0,1,0,200448
3678,3678,AUX_EVENT,aux_behavior,37584,0,37584,0,1,12528,0,0,0,0,0,1,0,200448
3679,3679,AUX_EVENT,aux_behavior,37584,0,37584,0,1,12528,0,0,0,0,0,1,0,200448
3680,3680,AUX_EVENT,aux_behavior,37584,0,37584,0,1,12528,0,0,0,0,0,1,0,200448
3681,3681,AUX_EVENT,aux_behavior,37584,0,37584,0,1,12528,0,0,0,0,0,1,0,200448
3682,3682,AUX_EVENT,aux_behavior,37584,0,37584,0,1,12528,0,0,0,0,0,1,0,200448
3683,3683,AUX_EVENT,aux_behavior,37584,0,37584,0,1,12528,0,0,0,0,0,1,0,200448
3684,3684,AUX_EVENT,aux_behavior,110592,0,110592,0,1,36864,0,0,0,0,0,1,0,589824
3685,3685,AUX_EVENT,aux_behavior,110592,0,110592,0,1,36864,0,0,0,0,0,1,0,589824
3686,3686,AUX_EVENT,aux_behavior,110592,0,110592,0,1,36864,0,0,0,0,0,1,0,589824
3687,3687,AUX_EVENT,aux_behavior,110592,0,110592,0,1,36864,0,0,0,0,0,1,0,589824
3688,3688,AUX_EVENT,aux_behavior,110592,0,110592,0,1,36864,0,0,0,0,0,1,0,589824
3689,3689,AUX_EVENT,aux_behavior,110592,0,110592,0,1,36864,0,0,0,0,0,1,0,589824
3690,3690,AUX_EVENT,aux_behavior,110592,0,110592,0,1,36864,0,0,0,0,0,1,0,589824
3691,3691,AUX_EVENT,aux_behavior,110592,0,110592,0,1,36864,0,0,0,0,0,1,0,589824
3692,3692,LAYOUT,layout_rtl,25056,0,25056,0,1,12528,0,0,0,0,0,1,0,200448
3693,3693,LAYOUT,layout_rtl,25056,0,25056,0,1,12528,0,0,0,0,0,1,0,200448
3694,3694,LAYOUT,layout_rtl,25056,0,25056,0,1,12528,0,0,0,0,0,1,0,200448
3695,3695,LAYOUT,layout_rtl,25056,0,25056,0,1,12528,0,0,0,0,0,1,0,200448
3696,3696,LAYOUT,layout_rtl,25056,0,25056,0,1,12528,0,0,0,0,0,1,0,200448
3697,3697,LAYOUT,layout_rtl,25056,0,25056,0,1,12528,0,0,0,0,0,1,0,200448
3698,3698,AUX_EVENT,aux_behavior,37584,0,37584,0,1,12528,0,0,0,0,0,1,0,200448
3699,3699,AUX_EVENT,aux_behavior,37584,0,37584,0,1,12528,0,0,0,0,0,1,0,200448
3700,3700,MUL,vector_rtl,24576,0,24576,0,1,12288,0,0,0,0,0,1,0,196608
3701,3701,LAYOUT,layout_rtl,24576,0,24576,0,1,12288,0,0,0,0,0,1,0,196608
3702,3702,LAYOUT,layout_rtl,24576,0,24576,0,1,12288,0,0,0,0,0,1,0,196608
3703,3703,AUX_EVENT,aux_behavior,18432,0,18432,0,1,6144,0,0,0,0,0,1,0,98304
3704,3704,LAYOUT,layout_rtl,12288,0,12288,0,1,6144,0,0,0,0,0,1,0,98304
3705,3705,MUL,vector_rtl,24576,0,24576,0,1,12288,0,0,0,0,0,1,0,196608
3706,3706,ADD,vector_rtl,24576,0,24576,0,1,12288,0,0,0,0,0,1,0,196608
3707,3707,MUL,vector_rtl,24576,0,24576,0,1,12288,0,0,0,0,0,1,0,196608
3708,3708,LAYOUT,layout_rtl,24576,0,24576,0,1,12288,0,0,0,0,0,1,0,196608
3709,3709,LAYOUT,layout_rtl,24576,0,24576,0,1,12288,0,0,0,0,0,1,0,196608
3710,3710,AUX_EVENT,aux_behavior,18432,0,18432,0,1,6144,0,0,0,0,0,1,0,98304
3711,3711,LAYOUT,layout_rtl,12288,0,12288,0,1,6144,0,0,0,0,0,1,0,98304
3712,3712,MUL,vector_rtl,24576,0,24576,0,1,12288,0,0,0,0,0,1,0,196608
3713,3713,ADD,vector_rtl,24576,0,24576,0,1,12288,0,0,0,0,0,1,0,196608
3714,3714,LAYOUT,layout_rtl,480,0,480,0,1,240,0,0,0,0,0,1,0,3840
3715,3715,LAYOUT,layout_rtl,480,0,480,0,1,240,0,0,0,0,0,1,0,3840
3716,3716,AUX_EVENT,aux_behavior,37584,0,37584,0,1,12528,0,0,0,0,0,1,0,200448
3717,3717,AUX_EVENT,aux_behavior,37584,0,37584,0,1,12528,0,0,0,0,0,1,0,200448
3718,3718,AUX_EVENT,aux_behavior,37584,0,37584,0,1,12528,0,0,0,0,0,1,0,200448
3719,3719,LAYOUT,layout_rtl,25056,0,25056,0,1,12528,0,0,0,0,0,1,0,200448
3720,3720,LAYOUT,layout_rtl,25056,0,25056,0,1,12528,0,0,0,0,0,1,0,200448
3721,3721,LAYOUT,layout_rtl,25056,0,25056,0,1,12528,0,0,0,0,0,1,0,200448
3722,3722,AUX_EVENT,aux_behavior,144,0,144,0,1,48,0,0,0,0,0,1,0,768
3723,3723,AUX_EVENT,aux_behavior,110592,0,110592,0,1,36864,0,0,0,0,0,1,0,589824
3724,3724,GEMM_W8A8,rtl_gemm,132752,132752,0,106624,13056,12528,544,12528,153944064,76972032,136,200448,589824,200448
3725,3725,AUX_EVENT,aux_behavior,37584,0,37584,0,1,12528,0,0,0,0,0,1,0,200448
3726,3726,AUX_EVENT,aux_behavior,37584,0,37584,0,1,12528,0,0,0,0,0,1,0,200448
3727,3727,AUX_EVENT,aux_behavior,37584,0,37584,0,1,12528,0,0,0,0,0,1,0,200448
3728,3728,AUX_EVENT,aux_behavior,37584,0,37584,0,1,12528,0,0,0,0,0,1,0,200448
3729,3729,AUX_EVENT,aux_behavior,37584,0,37584,0,1,12528,0,0,0,0,0,1,0,200448
3730,3730,AUX_EVENT,aux_behavior,37584,0,37584,0,1,12528,0,0,0,0,0,1,0,200448
3731,3731,AUX_EVENT,aux_behavior,37584,0,37584,0,1,12528,0,0,0,0,0,1,0,200448
3732,3732,AUX_EVENT,aux_behavior,110592,0,110592,0,1,36864,0,0,0,0,0,1,0,589824
3733,3733,AUX_EVENT,aux_behavior,110592,0,110592,0,1,36864,0,0,0,0,0,1,0,589824
3734,3734,AUX_EVENT,aux_behavior,110592,0,110592,0,1,36864,0,0,0,0,0,1,0,589824
3735,3735,AUX_EVENT,aux_behavior,110592,0,110592,0,1,36864,0,0,0,0,0,1,0,589824
3736,3736,AUX_EVENT,aux_behavior,110592,0,110592,0,1,36864,0,0,0,0,0,1,0,589824
3737,3737,AUX_EVENT,aux_behavior,110592,0,110592,0,1,36864,0,0,0,0,0,1,0,589824
3738,3738,AUX_EVENT,aux_behavior,110592,0,110592,0,1,36864,0,0,0,0,0,1,0,589824
3739,3739,AUX_EVENT,aux_behavior,110592,0,110592,0,1,36864,0,0,0,0,0,1,0,589824
3740,3740,MUL,vector_rtl,25056,0,25056,0,1,12528,0,0,0,0,0,1,0,200448
3741,3741,ADD,vector_rtl,25056,0,25056,0,1,12528,0,0,0,0,0,1,0,200448
3742,3742,LAYER_NORM,vector_rtl,25056,0,25056,0,1,12528,0,0,0,0,0,1,0,200448
3743,3743,AUX_EVENT,aux_behavior,576,0,576,0,1,192,0,0,0,0,0,1,0,3072
3744,3744,AUX_EVENT,aux_behavior,442368,0,442368,0,1,147456,0,0,0,0,0,1,0,2359296
3745,3745,AUX_EVENT,aux_behavior,37584,0,37584,0,1,12528,0,0,0,0,0,1,0,200448
3746,3746,GEMM_W8A8,rtl_gemm,12533,12533,0,0,1,12528,4,12528,0,0,0,0,0,200448
3747,3747,AUX_EVENT,aux_behavior,37584,0,37584,0,1,12528,0,0,0,0,0,1,0,200448
3748,3748,AUX_EVENT,aux_behavior,37584,0,37584,0,1,12528,0,0,0,0,0,1,0,200448
3749,3749,AUX_EVENT,aux_behavior,37584,0,37584,0,1,12528,0,0,0,0,0,1,0,200448
3750,3750,AUX_EVENT,aux_behavior,37584,0,37584,0,1,12528,0,0,0,0,0,1,0,200448
3751,3751,AUX_EVENT,aux_behavior,37584,0,37584,0,1,12528,0,0,0,0,0,1,0,200448
3752,3752,AUX_EVENT,aux_behavior,37584,0,37584,0,1,12528,0,0,0,0,0,1,0,200448
3753,3753,AUX_EVENT,aux_behavior,37584,0,37584,0,1,12528,0,0,0,0,0,1,0,200448
3754,3754,AUX_EVENT,aux_behavior,442368,0,442368,0,1,147456,0,0,0,0,0,1,0,2359296
3755,3755,AUX_EVENT,aux_behavior,442368,0,442368,0,1,147456,0,0,0,0,0,1,0,2359296
3756,3756,AUX_EVENT,aux_behavior,442368,0,442368,0,1,147456,0,0,0,0,0,1,0,2359296
3757,3757,AUX_EVENT,aux_behavior,442368,0,442368,0,1,147456,0,0,0,0,0,1,0,2359296
3758,3758,AUX_EVENT,aux_behavior,442368,0,442368,0,1,147456,0,0,0,0,0,1,0,2359296
3759,3759,AUX_EVENT,aux_behavior,442368,0,442368,0,1,147456,0,0,0,0,0,1,0,2359296
3760,3760,AUX_EVENT,aux_behavior,442368,0,442368,0,1,147456,0,0,0,0,0,1,0,2359296
3761,3761,AUX_EVENT,aux_behavior,442368,0,442368,0,1,147456,0,0,0,0,0,1,0,2359296
3762,3762,GELU,vector_rtl,100224,0,100224,0,1,50112,0,0,0,0,0,1,0,801792
3763,3763,AUX_EVENT,aux_behavior,144,0,144,0,1,48,0,0,0,0,0,1,0,768
3764,3764,AUX_EVENT,aux_behavior,442368,0,442368,0,1,147456,0,0,0,0,0,1,0,2359296
3765,3765,GEMM_W8A8,rtl_gemm,50117,50117,0,0,1,50112,4,50112,0,0,0,0,0,801792
3766,3766,AUX_EVENT,aux_behavior,150336,0,150336,0,1,50112,0,0,0,0,0,1,0,801792
3767,3767,AUX_EVENT,aux_behavior,150336,0,150336,0,1,50112,0,0,0,0,0,1,0,801792
3768,3768,AUX_EVENT,aux_behavior,150336,0,150336,0,1,50112,0,0,0,0,0,1,0,801792
3769,3769,AUX_EVENT,aux_behavior,150336,0,150336,0,1,50112,0,0,0,0,0,1,0,801792
3770,3770,AUX_EVENT,aux_behavior,150336,0,150336,0,1,50112,0,0,0,0,0,1,0,801792
3771,3771,AUX_EVENT,aux_behavior,150336,0,150336,0,1,50112,0,0,0,0,0,1,0,801792
3772,3772,AUX_EVENT,aux_behavior,150336,0,150336,0,1,50112,0,0,0,0,0,1,0,801792
3773,3773,AUX_EVENT,aux_behavior,442368,0,442368,0,1,147456,0,0,0,0,0,1,0,2359296
3774,3774,AUX_EVENT,aux_behavior,442368,0,442368,0,1,147456,0,0,0,0,0,1,0,2359296
3775,3775,AUX_EVENT,aux_behavior,442368,0,442368,0,1,147456,0,0,0,0,0,1,0,2359296
3776,3776,AUX_EVENT,aux_behavior,442368,0,442368,0,1,147456,0,0,0,0,0,1,0,2359296
3777,3777,AUX_EVENT,aux_behavior,442368,0,442368,0,1,147456,0,0,0,0,0,1,0,2359296
3778,3778,AUX_EVENT,aux_behavior,442368,0,442368,0,1,147456,0,0,0,0,0,1,0,2359296
3779,3779,AUX_EVENT,aux_behavior,442368,0,442368,0,1,147456,0,0,0,0,0,1,0,2359296
3780,3780,AUX_EVENT,aux_behavior,442368,0,442368,0,1,147456,0,0,0,0,0,1,0,2359296
3781,3781,MUL,vector_rtl,25056,0,25056,0,1,12528,0,0,0,0,0,1,0,200448
3782,3782,ADD,vector_rtl,25056,0,25056,0,1,12528,0,0,0,0,0,1,0,200448
3783,3783,LAYER_NORM,vector_rtl,25056,0,25056,0,1,12528,0,0,0,0,0,1,0,200448
3784,3784,AUX_EVENT,aux_behavior,144,0,144,0,1,48,0,0,0,0,0,1,0,768
3785,3785,AUX_EVENT,aux_behavior,110592,0,110592,0,1,36864,0,0,0,0,0,1,0,589824
3786,3786,AUX_EVENT,aux_behavior,37584,0,37584,0,1,12528,0,0,0,0,0,1,0,200448
3787,3787,GEMM_W8A8,rtl_gemm,132752,132752,0,106624,13056,12528,544,12528,153944064,76972032,136,200448,589824,200448
3788,3788,AUX_EVENT,aux_behavior,37584,0,37584,0,1,12528,0,0,0,0,0,1,0,200448
3789,3789,AUX_EVENT,aux_behavior,37584,0,37584,0,1,12528,0,0,0,0,0,1,0,200448
3790,3790,AUX_EVENT,aux_behavior,37584,0,37584,0,1,12528,0,0,0,0,0,1,0,200448
3791,3791,AUX_EVENT,aux_behavior,37584,0,37584,0,1,12528,0,0,0,0,0,1,0,200448
3792,3792,AUX_EVENT,aux_behavior,37584,0,37584,0,1,12528,0,0,0,0,0,1,0,200448
3793,3793,AUX_EVENT,aux_behavior,37584,0,37584,0,1,12528,0,0,0,0,0,1,0,200448
3794,3794,AUX_EVENT,aux_behavior,37584,0,37584,0,1,12528,0,0,0,0,0,1,0,200448
3795,3795,AUX_EVENT,aux_behavior,110592,0,110592,0,1,36864,0,0,0,0,0,1,0,589824
3796,3796,AUX_EVENT,aux_behavior,110592,0,110592,0,1,36864,0,0,0,0,0,1,0,589824
3797,3797,AUX_EVENT,aux_behavior,110592,0,110592,0,1,36864,0,0,0,0,0,1,0,589824
3798,3798,AUX_EVENT,aux_behavior,110592,0,110592,0,1,36864,0,0,0,0,0,1,0,589824
3799,3799,AUX_EVENT,aux_behavior,110592,0,110592,0,1,36864,0,0,0,0,0,1,0,589824
3800,3800,AUX_EVENT,aux_behavior,110592,0,110592,0,1,36864,0,0,0,0,0,1,0,589824
3801,3801,AUX_EVENT,aux_behavior,110592,0,110592,0,1,36864,0,0,0,0,0,1,0,589824
3802,3802,AUX_EVENT,aux_behavior,110592,0,110592,0,1,36864,0,0,0,0,0,1,0,589824
3803,3803,AUX_EVENT,aux_behavior,110592,0,110592,0,1,36864,0,0,0,0,0,1,0,589824
3804,3804,AUX_EVENT,aux_behavior,37584,0,37584,0,1,12528,0,0,0,0,0,1,0,200448
3805,3805,GEMM_W8A8,rtl_gemm,132752,132752,0,106624,13056,12528,544,12528,153944064,76972032,136,200448,589824,200448
3806,3806,AUX_EVENT,aux_behavior,37584,0,37584,0,1,12528,0,0,0,0,0,1,0,200448
3807,3807,AUX_EVENT,aux_behavior,37584,0,37584,0,1,12528,0,0,0,0,0,1,0,200448
3808,3808,AUX_EVENT,aux_behavior,37584,0,37584,0,1,12528,0,0,0,0,0,1,0,200448
3809,3809,AUX_EVENT,aux_behavior,37584,0,37584,0,1,12528,0,0,0,0,0,1,0,200448
3810,3810,AUX_EVENT,aux_behavior,37584,0,37584,0,1,12528,0,0,0,0,0,1,0,200448
3811,3811,AUX_EVENT,aux_behavior,37584,0,37584,0,1,12528,0,0,0,0,0,1,0,200448
3812,3812,AUX_EVENT,aux_behavior,37584,0,37584,0,1,12528,0,0,0,0,0,1,0,200448
3813,3813,AUX_EVENT,aux_behavior,110592,0,110592,0,1,36864,0,0,0,0,0,1,0,589824
3814,3814,AUX_EVENT,aux_behavior,110592,0,110592,0,1,36864,0,0,0,0,0,1,0,589824
3815,3815,AUX_EVENT,aux_behavior,110592,0,110592,0,1,36864,0,0,0,0,0,1,0,589824
3816,3816,AUX_EVENT,aux_behavior,110592,0,110592,0,1,36864,0,0,0,0,0,1,0,589824
3817,3817,AUX_EVENT,aux_behavior,110592,0,110592,0,1,36864,0,0,0,0,0,1,0,589824
3818,3818,AUX_EVENT,aux_behavior,110592,0,110592,0,1,36864,0,0,0,0,0,1,0,589824
3819,3819,AUX_EVENT,aux_behavior,110592,0,110592,0,1,36864,0,0,0,0,0,1,0,589824
3820,3820,AUX_EVENT,aux_behavior,110592,0,110592,0,1,36864,0,0,0,0,0,1,0,589824
3821,3821,AUX_EVENT,aux_behavior,144,0,144,0,1,48,0,0,0,0,0,1,0,768
3822,3822,AUX_EVENT,aux_behavior,110592,0,110592,0,1,36864,0,0,0,0,0,1,0,589824
3823,3823,AUX_EVENT,aux_behavior,37584,0,37584,0,1,12528,0,0,0,0,0,1,0,200448
3824,3824,GEMM_W8A8,rtl_gemm,132752,132752,0,106624,13056,12528,544,12528,153944064,76972032,136,200448,589824,200448
3825,3825,AUX_EVENT,aux_behavior,37584,0,37584,0,1,12528,0,0,0,0,0,1,0,200448
3826,3826,AUX_EVENT,aux_behavior,37584,0,37584,0,1,12528,0,0,0,0,0,1,0,200448
3827,3827,AUX_EVENT,aux_behavior,37584,0,37584,0,1,12528,0,0,0,0,0,1,0,200448
3828,3828,AUX_EVENT,aux_behavior,37584,0,37584,0,1,12528,0,0,0,0,0,1,0,200448
3829,3829,AUX_EVENT,aux_behavior,37584,0,37584,0,1,12528,0,0,0,0,0,1,0,200448
3830,3830,AUX_EVENT,aux_behavior,37584,0,37584,0,1,12528,0,0,0,0,0,1,0,200448
3831,3831,AUX_EVENT,aux_behavior,37584,0,37584,0,1,12528,0,0,0,0,0,1,0,200448
3832,3832,AUX_EVENT,aux_behavior,110592,0,110592,0,1,36864,0,0,0,0,0,1,0,589824
3833,3833,AUX_EVENT,aux_behavior,110592,0,110592,0,1,36864,0,0,0,0,0,1,0,589824
3834,3834,AUX_EVENT,aux_behavior,110592,0,110592,0,1,36864,0,0,0,0,0,1,0,589824
3835,3835,AUX_EVENT,aux_behavior,110592,0,110592,0,1,36864,0,0,0,0,0,1,0,589824
3836,3836,AUX_EVENT,aux_behavior,110592,0,110592,0,1,36864,0,0,0,0,0,1,0,589824
3837,3837,AUX_EVENT,aux_behavior,110592,0,110592,0,1,36864,0,0,0,0,0,1,0,589824
3838,3838,AUX_EVENT,aux_behavior,110592,0,110592,0,1,36864,0,0,0,0,0,1,0,589824
3839,3839,AUX_EVENT,aux_behavior,110592,0,110592,0,1,36864,0,0,0,0,0,1,0,589824
3840,3840,LAYOUT,layout_rtl,25056,0,25056,0,1,12528,0,0,0,0,0,1,0,200448
3841,3841,LAYOUT,layout_rtl,25056,0,25056,0,1,12528,0,0,0,0,0,1,0,200448
3842,3842,LAYOUT,layout_rtl,25056,0,25056,0,1,12528,0,0,0,0,0,1,0,200448
3843,3843,LAYOUT,layout_rtl,25056,0,25056,0,1,12528,0,0,0,0,0,1,0,200448
3844,3844,LAYOUT,layout_rtl,25056,0,25056,0,1,12528,0,0,0,0,0,1,0,200448
3845,3845,LAYOUT,layout_rtl,25056,0,25056,0,1,12528,0,0,0,0,0,1,0,200448
3846,3846,AUX_EVENT,aux_behavior,37584,0,37584,0,1,12528,0,0,0,0,0,1,0,200448
3847,3847,AUX_EVENT,aux_behavior,37584,0,37584,0,1,12528,0,0,0,0,0,1,0,200448
3848,3848,MUL,vector_rtl,24576,0,24576,0,1,12288,0,0,0,0,0,1,0,196608
3849,3849,LAYOUT,layout_rtl,24576,0,24576,0,1,12288,0,0,0,0,0,1,0,196608
3850,3850,LAYOUT,layout_rtl,24576,0,24576,0,1,12288,0,0,0,0,0,1,0,196608
3851,3851,AUX_EVENT,aux_behavior,18432,0,18432,0,1,6144,0,0,0,0,0,1,0,98304
3852,3852,LAYOUT,layout_rtl,12288,0,12288,0,1,6144,0,0,0,0,0,1,0,98304
3853,3853,MUL,vector_rtl,24576,0,24576,0,1,12288,0,0,0,0,0,1,0,196608
3854,3854,ADD,vector_rtl,24576,0,24576,0,1,12288,0,0,0,0,0,1,0,196608
3855,3855,MUL,vector_rtl,24576,0,24576,0,1,12288,0,0,0,0,0,1,0,196608
3856,3856,LAYOUT,layout_rtl,24576,0,24576,0,1,12288,0,0,0,0,0,1,0,196608
3857,3857,LAYOUT,layout_rtl,24576,0,24576,0,1,12288,0,0,0,0,0,1,0,196608
3858,3858,AUX_EVENT,aux_behavior,18432,0,18432,0,1,6144,0,0,0,0,0,1,0,98304
3859,3859,LAYOUT,layout_rtl,12288,0,12288,0,1,6144,0,0,0,0,0,1,0,98304
3860,3860,MUL,vector_rtl,24576,0,24576,0,1,12288,0,0,0,0,0,1,0,196608
3861,3861,ADD,vector_rtl,24576,0,24576,0,1,12288,0,0,0,0,0,1,0,196608
3862,3862,LAYOUT,layout_rtl,480,0,480,0,1,240,0,0,0,0,0,1,0,3840
3863,3863,LAYOUT,layout_rtl,480,0,480,0,1,240,0,0,0,0,0,1,0,3840
3864,3864,AUX_EVENT,aux_behavior,37584,0,37584,0,1,12528,0,0,0,0,0,1,0,200448
3865,3865,AUX_EVENT,aux_behavior,37584,0,37584,0,1,12528,0,0,0,0,0,1,0,200448
3866,3866,AUX_EVENT,aux_behavior,37584,0,37584,0,1,12528,0,0,0,0,0,1,0,200448
3867,3867,LAYOUT,layout_rtl,25056,0,25056,0,1,12528,0,0,0,0,0,1,0,200448
3868,3868,LAYOUT,layout_rtl,25056,0,25056,0,1,12528,0,0,0,0,0,1,0,200448
3869,3869,LAYOUT,layout_rtl,25056,0,25056,0,1,12528,0,0,0,0,0,1,0,200448
3870,3870,AUX_EVENT,aux_behavior,144,0,144,0,1,48,0,0,0,0,0,1,0,768
3871,3871,AUX_EVENT,aux_behavior,110592,0,110592,0,1,36864,0,0,0,0,0,1,0,589824
3872,3872,GEMM_W8A8,rtl_gemm,132752,132752,0,106624,13056,12528,544,12528,153944064,76972032,136,200448,589824,200448
3873,3873,AUX_EVENT,aux_behavior,37584,0,37584,0,1,12528,0,0,0,0,0,1,0,200448
3874,3874,AUX_EVENT,aux_behavior,37584,0,37584,0,1,12528,0,0,0,0,0,1,0,200448
3875,3875,AUX_EVENT,aux_behavior,37584,0,37584,0,1,12528,0,0,0,0,0,1,0,200448
3876,3876,AUX_EVENT,aux_behavior,37584,0,37584,0,1,12528,0,0,0,0,0,1,0,200448
3877,3877,AUX_EVENT,aux_behavior,37584,0,37584,0,1,12528,0,0,0,0,0,1,0,200448
3878,3878,AUX_EVENT,aux_behavior,37584,0,37584,0,1,12528,0,0,0,0,0,1,0,200448
3879,3879,AUX_EVENT,aux_behavior,37584,0,37584,0,1,12528,0,0,0,0,0,1,0,200448
3880,3880,AUX_EVENT,aux_behavior,110592,0,110592,0,1,36864,0,0,0,0,0,1,0,589824
3881,3881,AUX_EVENT,aux_behavior,110592,0,110592,0,1,36864,0,0,0,0,0,1,0,589824
3882,3882,AUX_EVENT,aux_behavior,110592,0,110592,0,1,36864,0,0,0,0,0,1,0,589824
3883,3883,AUX_EVENT,aux_behavior,110592,0,110592,0,1,36864,0,0,0,0,0,1,0,589824
3884,3884,AUX_EVENT,aux_behavior,110592,0,110592,0,1,36864,0,0,0,0,0,1,0,589824
3885,3885,AUX_EVENT,aux_behavior,110592,0,110592,0,1,36864,0,0,0,0,0,1,0,589824
3886,3886,AUX_EVENT,aux_behavior,110592,0,110592,0,1,36864,0,0,0,0,0,1,0,589824
3887,3887,AUX_EVENT,aux_behavior,110592,0,110592,0,1,36864,0,0,0,0,0,1,0,589824
3888,3888,MUL,vector_rtl,25056,0,25056,0,1,12528,0,0,0,0,0,1,0,200448
3889,3889,ADD,vector_rtl,25056,0,25056,0,1,12528,0,0,0,0,0,1,0,200448
3890,3890,LAYER_NORM,vector_rtl,25056,0,25056,0,1,12528,0,0,0,0,0,1,0,200448
3891,3891,AUX_EVENT,aux_behavior,576,0,576,0,1,192,0,0,0,0,0,1,0,3072
3892,3892,AUX_EVENT,aux_behavior,442368,0,442368,0,1,147456,0,0,0,0,0,1,0,2359296
3893,3893,AUX_EVENT,aux_behavior,37584,0,37584,0,1,12528,0,0,0,0,0,1,0,200448
3894,3894,GEMM_W8A8,rtl_gemm,12533,12533,0,0,1,12528,4,12528,0,0,0,0,0,200448
3895,3895,AUX_EVENT,aux_behavior,37584,0,37584,0,1,12528,0,0,0,0,0,1,0,200448
3896,3896,AUX_EVENT,aux_behavior,37584,0,37584,0,1,12528,0,0,0,0,0,1,0,200448
3897,3897,AUX_EVENT,aux_behavior,37584,0,37584,0,1,12528,0,0,0,0,0,1,0,200448
3898,3898,AUX_EVENT,aux_behavior,37584,0,37584,0,1,12528,0,0,0,0,0,1,0,200448
3899,3899,AUX_EVENT,aux_behavior,37584,0,37584,0,1,12528,0,0,0,0,0,1,0,200448
3900,3900,AUX_EVENT,aux_behavior,37584,0,37584,0,1,12528,0,0,0,0,0,1,0,200448
3901,3901,AUX_EVENT,aux_behavior,37584,0,37584,0,1,12528,0,0,0,0,0,1,0,200448
3902,3902,AUX_EVENT,aux_behavior,442368,0,442368,0,1,147456,0,0,0,0,0,1,0,2359296
3903,3903,AUX_EVENT,aux_behavior,442368,0,442368,0,1,147456,0,0,0,0,0,1,0,2359296
3904,3904,AUX_EVENT,aux_behavior,442368,0,442368,0,1,147456,0,0,0,0,0,1,0,2359296
3905,3905,AUX_EVENT,aux_behavior,442368,0,442368,0,1,147456,0,0,0,0,0,1,0,2359296
3906,3906,AUX_EVENT,aux_behavior,442368,0,442368,0,1,147456,0,0,0,0,0,1,0,2359296
3907,3907,AUX_EVENT,aux_behavior,442368,0,442368,0,1,147456,0,0,0,0,0,1,0,2359296
3908,3908,AUX_EVENT,aux_behavior,442368,0,442368,0,1,147456,0,0,0,0,0,1,0,2359296
3909,3909,AUX_EVENT,aux_behavior,442368,0,442368,0,1,147456,0,0,0,0,0,1,0,2359296
3910,3910,GELU,vector_rtl,100224,0,100224,0,1,50112,0,0,0,0,0,1,0,801792
3911,3911,AUX_EVENT,aux_behavior,144,0,144,0,1,48,0,0,0,0,0,1,0,768
3912,3912,AUX_EVENT,aux_behavior,442368,0,442368,0,1,147456,0,0,0,0,0,1,0,2359296
3913,3913,GEMM_W8A8,rtl_gemm,50117,50117,0,0,1,50112,4,50112,0,0,0,0,0,801792
3914,3914,AUX_EVENT,aux_behavior,150336,0,150336,0,1,50112,0,0,0,0,0,1,0,801792
3915,3915,AUX_EVENT,aux_behavior,150336,0,150336,0,1,50112,0,0,0,0,0,1,0,801792
3916,3916,AUX_EVENT,aux_behavior,150336,0,150336,0,1,50112,0,0,0,0,0,1,0,801792
3917,3917,AUX_EVENT,aux_behavior,150336,0,150336,0,1,50112,0,0,0,0,0,1,0,801792
3918,3918,AUX_EVENT,aux_behavior,150336,0,150336,0,1,50112,0,0,0,0,0,1,0,801792
3919,3919,AUX_EVENT,aux_behavior,150336,0,150336,0,1,50112,0,0,0,0,0,1,0,801792
3920,3920,AUX_EVENT,aux_behavior,150336,0,150336,0,1,50112,0,0,0,0,0,1,0,801792
3921,3921,AUX_EVENT,aux_behavior,442368,0,442368,0,1,147456,0,0,0,0,0,1,0,2359296
3922,3922,AUX_EVENT,aux_behavior,442368,0,442368,0,1,147456,0,0,0,0,0,1,0,2359296
3923,3923,AUX_EVENT,aux_behavior,442368,0,442368,0,1,147456,0,0,0,0,0,1,0,2359296
3924,3924,AUX_EVENT,aux_behavior,442368,0,442368,0,1,147456,0,0,0,0,0,1,0,2359296
3925,3925,AUX_EVENT,aux_behavior,442368,0,442368,0,1,147456,0,0,0,0,0,1,0,2359296
3926,3926,AUX_EVENT,aux_behavior,442368,0,442368,0,1,147456,0,0,0,0,0,1,0,2359296
3927,3927,AUX_EVENT,aux_behavior,442368,0,442368,0,1,147456,0,0,0,0,0,1,0,2359296
3928,3928,AUX_EVENT,aux_behavior,442368,0,442368,0,1,147456,0,0,0,0,0,1,0,2359296
3929,3929,MUL,vector_rtl,25056,0,25056,0,1,12528,0,0,0,0,0,1,0,200448
3930,3930,ADD,vector_rtl,25056,0,25056,0,1,12528,0,0,0,0,0,1,0,200448
3931,3931,LAYER_NORM,vector_rtl,25056,0,25056,0,1,12528,0,0,0,0,0,1,0,200448
3932,3932,AUX_EVENT,aux_behavior,144,0,144,0,1,48,0,0,0,0,0,1,0,768
3933,3933,AUX_EVENT,aux_behavior,110592,0,110592,0,1,36864,0,0,0,0,0,1,0,589824
3934,3934,AUX_EVENT,aux_behavior,37584,0,37584,0,1,12528,0,0,0,0,0,1,0,200448
3935,3935,GEMM_W8A8,rtl_gemm,132752,132752,0,106624,13056,12528,544,12528,153944064,76972032,136,200448,589824,200448
3936,3936,AUX_EVENT,aux_behavior,37584,0,37584,0,1,12528,0,0,0,0,0,1,0,200448
3937,3937,AUX_EVENT,aux_behavior,37584,0,37584,0,1,12528,0,0,0,0,0,1,0,200448
3938,3938,AUX_EVENT,aux_behavior,37584,0,37584,0,1,12528,0,0,0,0,0,1,0,200448
3939,3939,AUX_EVENT,aux_behavior,37584,0,37584,0,1,12528,0,0,0,0,0,1,0,200448
3940,3940,AUX_EVENT,aux_behavior,37584,0,37584,0,1,12528,0,0,0,0,0,1,0,200448
3941,3941,AUX_EVENT,aux_behavior,37584,0,37584,0,1,12528,0,0,0,0,0,1,0,200448
3942,3942,AUX_EVENT,aux_behavior,37584,0,37584,0,1,12528,0,0,0,0,0,1,0,200448
3943,3943,AUX_EVENT,aux_behavior,110592,0,110592,0,1,36864,0,0,0,0,0,1,0,589824
3944,3944,AUX_EVENT,aux_behavior,110592,0,110592,0,1,36864,0,0,0,0,0,1,0,589824
3945,3945,AUX_EVENT,aux_behavior,110592,0,110592,0,1,36864,0,0,0,0,0,1,0,589824
3946,3946,AUX_EVENT,aux_behavior,110592,0,110592,0,1,36864,0,0,0,0,0,1,0,589824
3947,3947,AUX_EVENT,aux_behavior,110592,0,110592,0,1,36864,0,0,0,0,0,1,0,589824
3948,3948,AUX_EVENT,aux_behavior,110592,0,110592,0,1,36864,0,0,0,0,0,1,0,589824
3949,3949,AUX_EVENT,aux_behavior,110592,0,110592,0,1,36864,0,0,0,0,0,1,0,589824
3950,3950,AUX_EVENT,aux_behavior,110592,0,110592,0,1,36864,0,0,0,0,0,1,0,589824
3951,3951,AUX_EVENT,aux_behavior,110592,0,110592,0,1,36864,0,0,0,0,0,1,0,589824
3952,3952,AUX_EVENT,aux_behavior,37584,0,37584,0,1,12528,0,0,0,0,0,1,0,200448
3953,3953,GEMM_W8A8,rtl_gemm,132752,132752,0,106624,13056,12528,544,12528,153944064,76972032,136,200448,589824,200448
3954,3954,AUX_EVENT,aux_behavior,37584,0,37584,0,1,12528,0,0,0,0,0,1,0,200448
3955,3955,AUX_EVENT,aux_behavior,37584,0,37584,0,1,12528,0,0,0,0,0,1,0,200448
3956,3956,AUX_EVENT,aux_behavior,37584,0,37584,0,1,12528,0,0,0,0,0,1,0,200448
3957,3957,AUX_EVENT,aux_behavior,37584,0,37584,0,1,12528,0,0,0,0,0,1,0,200448
3958,3958,AUX_EVENT,aux_behavior,37584,0,37584,0,1,12528,0,0,0,0,0,1,0,200448
3959,3959,AUX_EVENT,aux_behavior,37584,0,37584,0,1,12528,0,0,0,0,0,1,0,200448
3960,3960,AUX_EVENT,aux_behavior,37584,0,37584,0,1,12528,0,0,0,0,0,1,0,200448
3961,3961,AUX_EVENT,aux_behavior,110592,0,110592,0,1,36864,0,0,0,0,0,1,0,589824
3962,3962,AUX_EVENT,aux_behavior,110592,0,110592,0,1,36864,0,0,0,0,0,1,0,589824
3963,3963,AUX_EVENT,aux_behavior,110592,0,110592,0,1,36864,0,0,0,0,0,1,0,589824
3964,3964,AUX_EVENT,aux_behavior,110592,0,110592,0,1,36864,0,0,0,0,0,1,0,589824
3965,3965,AUX_EVENT,aux_behavior,110592,0,110592,0,1,36864,0,0,0,0,0,1,0,589824
3966,3966,AUX_EVENT,aux_behavior,110592,0,110592,0,1,36864,0,0,0,0,0,1,0,589824
3967,3967,AUX_EVENT,aux_behavior,110592,0,110592,0,1,36864,0,0,0,0,0,1,0,589824
3968,3968,AUX_EVENT,aux_behavior,110592,0,110592,0,1,36864,0,0,0,0,0,1,0,589824
3969,3969,AUX_EVENT,aux_behavior,144,0,144,0,1,48,0,0,0,0,0,1,0,768
3970,3970,AUX_EVENT,aux_behavior,110592,0,110592,0,1,36864,0,0,0,0,0,1,0,589824
3971,3971,AUX_EVENT,aux_behavior,37584,0,37584,0,1,12528,0,0,0,0,0,1,0,200448
3972,3972,GEMM_W8A8,rtl_gemm,132752,132752,0,106624,13056,12528,544,12528,153944064,76972032,136,200448,589824,200448
3973,3973,AUX_EVENT,aux_behavior,37584,0,37584,0,1,12528,0,0,0,0,0,1,0,200448
3974,3974,AUX_EVENT,aux_behavior,37584,0,37584,0,1,12528,0,0,0,0,0,1,0,200448
3975,3975,AUX_EVENT,aux_behavior,37584,0,37584,0,1,12528,0,0,0,0,0,1,0,200448
3976,3976,AUX_EVENT,aux_behavior,37584,0,37584,0,1,12528,0,0,0,0,0,1,0,200448
3977,3977,AUX_EVENT,aux_behavior,37584,0,37584,0,1,12528,0,0,0,0,0,1,0,200448
3978,3978,AUX_EVENT,aux_behavior,37584,0,37584,0,1,12528,0,0,0,0,0,1,0,200448
3979,3979,AUX_EVENT,aux_behavior,37584,0,37584,0,1,12528,0,0,0,0,0,1,0,200448
3980,3980,AUX_EVENT,aux_behavior,110592,0,110592,0,1,36864,0,0,0,0,0,1,0,589824
3981,3981,AUX_EVENT,aux_behavior,110592,0,110592,0,1,36864,0,0,0,0,0,1,0,589824
3982,3982,AUX_EVENT,aux_behavior,110592,0,110592,0,1,36864,0,0,0,0,0,1,0,589824
3983,3983,AUX_EVENT,aux_behavior,110592,0,110592,0,1,36864,0,0,0,0,0,1,0,589824
3984,3984,AUX_EVENT,aux_behavior,110592,0,110592,0,1,36864,0,0,0,0,0,1,0,589824
3985,3985,AUX_EVENT,aux_behavior,110592,0,110592,0,1,36864,0,0,0,0,0,1,0,589824
3986,3986,AUX_EVENT,aux_behavior,110592,0,110592,0,1,36864,0,0,0,0,0,1,0,589824
3987,3987,AUX_EVENT,aux_behavior,110592,0,110592,0,1,36864,0,0,0,0,0,1,0,589824
3988,3988,LAYOUT,layout_rtl,25056,0,25056,0,1,12528,0,0,0,0,0,1,0,200448
3989,3989,LAYOUT,layout_rtl,25056,0,25056,0,1,12528,0,0,0,0,0,1,0,200448
3990,3990,LAYOUT,layout_rtl,25056,0,25056,0,1,12528,0,0,0,0,0,1,0,200448
3991,3991,LAYOUT,layout_rtl,25056,0,25056,0,1,12528,0,0,0,0,0,1,0,200448
3992,3992,LAYOUT,layout_rtl,25056,0,25056,0,1,12528,0,0,0,0,0,1,0,200448
3993,3993,LAYOUT,layout_rtl,25056,0,25056,0,1,12528,0,0,0,0,0,1,0,200448
3994,3994,AUX_EVENT,aux_behavior,37584,0,37584,0,1,12528,0,0,0,0,0,1,0,200448
3995,3995,AUX_EVENT,aux_behavior,37584,0,37584,0,1,12528,0,0,0,0,0,1,0,200448
3996,3996,MUL,vector_rtl,24576,0,24576,0,1,12288,0,0,0,0,0,1,0,196608
3997,3997,LAYOUT,layout_rtl,24576,0,24576,0,1,12288,0,0,0,0,0,1,0,196608
3998,3998,LAYOUT,layout_rtl,24576,0,24576,0,1,12288,0,0,0,0,0,1,0,196608
3999,3999,AUX_EVENT,aux_behavior,18432,0,18432,0,1,6144,0,0,0,0,0,1,0,98304
4000,4000,LAYOUT,layout_rtl,12288,0,12288,0,1,6144,0,0,0,0,0,1,0,98304
4001,4001,MUL,vector_rtl,24576,0,24576,0,1,12288,0,0,0,0,0,1,0,196608
4002,4002,ADD,vector_rtl,24576,0,24576,0,1,12288,0,0,0,0,0,1,0,196608
4003,4003,MUL,vector_rtl,24576,0,24576,0,1,12288,0,0,0,0,0,1,0,196608
4004,4004,LAYOUT,layout_rtl,24576,0,24576,0,1,12288,0,0,0,0,0,1,0,196608
4005,4005,LAYOUT,layout_rtl,24576,0,24576,0,1,12288,0,0,0,0,0,1,0,196608
4006,4006,AUX_EVENT,aux_behavior,18432,0,18432,0,1,6144,0,0,0,0,0,1,0,98304
4007,4007,LAYOUT,layout_rtl,12288,0,12288,0,1,6144,0,0,0,0,0,1,0,98304
4008,4008,MUL,vector_rtl,24576,0,24576,0,1,12288,0,0,0,0,0,1,0,196608
4009,4009,ADD,vector_rtl,24576,0,24576,0,1,12288,0,0,0,0,0,1,0,196608
4010,4010,LAYOUT,layout_rtl,480,0,480,0,1,240,0,0,0,0,0,1,0,3840
4011,4011,LAYOUT,layout_rtl,480,0,480,0,1,240,0,0,0,0,0,1,0,3840
4012,4012,AUX_EVENT,aux_behavior,37584,0,37584,0,1,12528,0,0,0,0,0,1,0,200448
4013,4013,AUX_EVENT,aux_behavior,37584,0,37584,0,1,12528,0,0,0,0,0,1,0,200448
4014,4014,AUX_EVENT,aux_behavior,37584,0,37584,0,1,12528,0,0,0,0,0,1,0,200448
4015,4015,LAYOUT,layout_rtl,25056,0,25056,0,1,12528,0,0,0,0,0,1,0,200448
4016,4016,LAYOUT,layout_rtl,25056,0,25056,0,1,12528,0,0,0,0,0,1,0,200448
4017,4017,LAYOUT,layout_rtl,25056,0,25056,0,1,12528,0,0,0,0,0,1,0,200448
4018,4018,AUX_EVENT,aux_behavior,144,0,144,0,1,48,0,0,0,0,0,1,0,768
4019,4019,AUX_EVENT,aux_behavior,110592,0,110592,0,1,36864,0,0,0,0,0,1,0,589824
4020,4020,GEMM_W8A8,rtl_gemm,132752,132752,0,106624,13056,12528,544,12528,153944064,76972032,136,200448,589824,200448
4021,4021,AUX_EVENT,aux_behavior,37584,0,37584,0,1,12528,0,0,0,0,0,1,0,200448
4022,4022,AUX_EVENT,aux_behavior,37584,0,37584,0,1,12528,0,0,0,0,0,1,0,200448
4023,4023,AUX_EVENT,aux_behavior,37584,0,37584,0,1,12528,0,0,0,0,0,1,0,200448
4024,4024,AUX_EVENT,aux_behavior,37584,0,37584,0,1,12528,0,0,0,0,0,1,0,200448
4025,4025,AUX_EVENT,aux_behavior,37584,0,37584,0,1,12528,0,0,0,0,0,1,0,200448
4026,4026,AUX_EVENT,aux_behavior,37584,0,37584,0,1,12528,0,0,0,0,0,1,0,200448
4027,4027,AUX_EVENT,aux_behavior,37584,0,37584,0,1,12528,0,0,0,0,0,1,0,200448
4028,4028,AUX_EVENT,aux_behavior,110592,0,110592,0,1,36864,0,0,0,0,0,1,0,589824
4029,4029,AUX_EVENT,aux_behavior,110592,0,110592,0,1,36864,0,0,0,0,0,1,0,589824
4030,4030,AUX_EVENT,aux_behavior,110592,0,110592,0,1,36864,0,0,0,0,0,1,0,589824
4031,4031,AUX_EVENT,aux_behavior,110592,0,110592,0,1,36864,0,0,0,0,0,1,0,589824
4032,4032,AUX_EVENT,aux_behavior,110592,0,110592,0,1,36864,0,0,0,0,0,1,0,589824
4033,4033,AUX_EVENT,aux_behavior,110592,0,110592,0,1,36864,0,0,0,0,0,1,0,589824
4034,4034,AUX_EVENT,aux_behavior,110592,0,110592,0,1,36864,0,0,0,0,0,1,0,589824
4035,4035,AUX_EVENT,aux_behavior,110592,0,110592,0,1,36864,0,0,0,0,0,1,0,589824
4036,4036,MUL,vector_rtl,25056,0,25056,0,1,12528,0,0,0,0,0,1,0,200448
4037,4037,ADD,vector_rtl,25056,0,25056,0,1,12528,0,0,0,0,0,1,0,200448
4038,4038,LAYER_NORM,vector_rtl,25056,0,25056,0,1,12528,0,0,0,0,0,1,0,200448
4039,4039,AUX_EVENT,aux_behavior,576,0,576,0,1,192,0,0,0,0,0,1,0,3072
4040,4040,AUX_EVENT,aux_behavior,442368,0,442368,0,1,147456,0,0,0,0,0,1,0,2359296
4041,4041,AUX_EVENT,aux_behavior,37584,0,37584,0,1,12528,0,0,0,0,0,1,0,200448
4042,4042,GEMM_W8A8,rtl_gemm,12533,12533,0,0,1,12528,4,12528,0,0,0,0,0,200448
4043,4043,AUX_EVENT,aux_behavior,37584,0,37584,0,1,12528,0,0,0,0,0,1,0,200448
4044,4044,AUX_EVENT,aux_behavior,37584,0,37584,0,1,12528,0,0,0,0,0,1,0,200448
4045,4045,AUX_EVENT,aux_behavior,37584,0,37584,0,1,12528,0,0,0,0,0,1,0,200448
4046,4046,AUX_EVENT,aux_behavior,37584,0,37584,0,1,12528,0,0,0,0,0,1,0,200448
4047,4047,AUX_EVENT,aux_behavior,37584,0,37584,0,1,12528,0,0,0,0,0,1,0,200448
4048,4048,AUX_EVENT,aux_behavior,37584,0,37584,0,1,12528,0,0,0,0,0,1,0,200448
4049,4049,AUX_EVENT,aux_behavior,37584,0,37584,0,1,12528,0,0,0,0,0,1,0,200448
4050,4050,AUX_EVENT,aux_behavior,442368,0,442368,0,1,147456,0,0,0,0,0,1,0,2359296
4051,4051,AUX_EVENT,aux_behavior,442368,0,442368,0,1,147456,0,0,0,0,0,1,0,2359296
4052,4052,AUX_EVENT,aux_behavior,442368,0,442368,0,1,147456,0,0,0,0,0,1,0,2359296
4053,4053,AUX_EVENT,aux_behavior,442368,0,442368,0,1,147456,0,0,0,0,0,1,0,2359296
4054,4054,AUX_EVENT,aux_behavior,442368,0,442368,0,1,147456,0,0,0,0,0,1,0,2359296
4055,4055,AUX_EVENT,aux_behavior,442368,0,442368,0,1,147456,0,0,0,0,0,1,0,2359296
4056,4056,AUX_EVENT,aux_behavior,442368,0,442368,0,1,147456,0,0,0,0,0,1,0,2359296
4057,4057,AUX_EVENT,aux_behavior,442368,0,442368,0,1,147456,0,0,0,0,0,1,0,2359296
4058,4058,GELU,vector_rtl,100224,0,100224,0,1,50112,0,0,0,0,0,1,0,801792
4059,4059,AUX_EVENT,aux_behavior,144,0,144,0,1,48,0,0,0,0,0,1,0,768
4060,4060,AUX_EVENT,aux_behavior,442368,0,442368,0,1,147456,0,0,0,0,0,1,0,2359296
4061,4061,GEMM_W8A8,rtl_gemm,50117,50117,0,0,1,50112,4,50112,0,0,0,0,0,801792
4062,4062,AUX_EVENT,aux_behavior,150336,0,150336,0,1,50112,0,0,0,0,0,1,0,801792
4063,4063,AUX_EVENT,aux_behavior,150336,0,150336,0,1,50112,0,0,0,0,0,1,0,801792
4064,4064,AUX_EVENT,aux_behavior,150336,0,150336,0,1,50112,0,0,0,0,0,1,0,801792
4065,4065,AUX_EVENT,aux_behavior,150336,0,150336,0,1,50112,0,0,0,0,0,1,0,801792
4066,4066,AUX_EVENT,aux_behavior,150336,0,150336,0,1,50112,0,0,0,0,0,1,0,801792
4067,4067,AUX_EVENT,aux_behavior,150336,0,150336,0,1,50112,0,0,0,0,0,1,0,801792
4068,4068,AUX_EVENT,aux_behavior,150336,0,150336,0,1,50112,0,0,0,0,0,1,0,801792
4069,4069,AUX_EVENT,aux_behavior,442368,0,442368,0,1,147456,0,0,0,0,0,1,0,2359296
4070,4070,AUX_EVENT,aux_behavior,442368,0,442368,0,1,147456,0,0,0,0,0,1,0,2359296
4071,4071,AUX_EVENT,aux_behavior,442368,0,442368,0,1,147456,0,0,0,0,0,1,0,2359296
4072,4072,AUX_EVENT,aux_behavior,442368,0,442368,0,1,147456,0,0,0,0,0,1,0,2359296
4073,4073,AUX_EVENT,aux_behavior,442368,0,442368,0,1,147456,0,0,0,0,0,1,0,2359296
4074,4074,AUX_EVENT,aux_behavior,442368,0,442368,0,1,147456,0,0,0,0,0,1,0,2359296
4075,4075,AUX_EVENT,aux_behavior,442368,0,442368,0,1,147456,0,0,0,0,0,1,0,2359296
4076,4076,AUX_EVENT,aux_behavior,442368,0,442368,0,1,147456,0,0,0,0,0,1,0,2359296
4077,4077,MUL,vector_rtl,25056,0,25056,0,1,12528,0,0,0,0,0,1,0,200448
4078,4078,ADD,vector_rtl,25056,0,25056,0,1,12528,0,0,0,0,0,1,0,200448
4079,4079,LAYER_NORM,vector_rtl,25056,0,25056,0,1,12528,0,0,0,0,0,1,0,200448
4080,4080,AUX_EVENT,aux_behavior,144,0,144,0,1,48,0,0,0,0,0,1,0,768
4081,4081,AUX_EVENT,aux_behavior,110592,0,110592,0,1,36864,0,0,0,0,0,1,0,589824
4082,4082,AUX_EVENT,aux_behavior,37584,0,37584,0,1,12528,0,0,0,0,0,1,0,200448
4083,4083,GEMM_W8A8,rtl_gemm,132752,132752,0,106624,13056,12528,544,12528,153944064,76972032,136,200448,589824,200448
4084,4084,AUX_EVENT,aux_behavior,37584,0,37584,0,1,12528,0,0,0,0,0,1,0,200448
4085,4085,AUX_EVENT,aux_behavior,37584,0,37584,0,1,12528,0,0,0,0,0,1,0,200448
4086,4086,AUX_EVENT,aux_behavior,37584,0,37584,0,1,12528,0,0,0,0,0,1,0,200448
4087,4087,AUX_EVENT,aux_behavior,37584,0,37584,0,1,12528,0,0,0,0,0,1,0,200448
4088,4088,AUX_EVENT,aux_behavior,37584,0,37584,0,1,12528,0,0,0,0,0,1,0,200448
4089,4089,AUX_EVENT,aux_behavior,37584,0,37584,0,1,12528,0,0,0,0,0,1,0,200448
4090,4090,AUX_EVENT,aux_behavior,37584,0,37584,0,1,12528,0,0,0,0,0,1,0,200448
4091,4091,AUX_EVENT,aux_behavior,110592,0,110592,0,1,36864,0,0,0,0,0,1,0,589824
4092,4092,AUX_EVENT,aux_behavior,110592,0,110592,0,1,36864,0,0,0,0,0,1,0,589824
4093,4093,AUX_EVENT,aux_behavior,110592,0,110592,0,1,36864,0,0,0,0,0,1,0,589824
4094,4094,AUX_EVENT,aux_behavior,110592,0,110592,0,1,36864,0,0,0,0,0,1,0,589824
4095,4095,AUX_EVENT,aux_behavior,110592,0,110592,0,1,36864,0,0,0,0,0,1,0,589824
4096,4096,AUX_EVENT,aux_behavior,110592,0,110592,0,1,36864,0,0,0,0,0,1,0,589824
4097,4097,AUX_EVENT,aux_behavior,110592,0,110592,0,1,36864,0,0,0,0,0,1,0,589824
4098,4098,AUX_EVENT,aux_behavior,110592,0,110592,0,1,36864,0,0,0,0,0,1,0,589824
4099,4099,AUX_EVENT,aux_behavior,110592,0,110592,0,1,36864,0,0,0,0,0,1,0,589824
4100,4100,AUX_EVENT,aux_behavior,37584,0,37584,0,1,12528,0,0,0,0,0,1,0,200448
4101,4101,GEMM_W8A8,rtl_gemm,132752,132752,0,106624,13056,12528,544,12528,153944064,76972032,136,200448,589824,200448
4102,4102,AUX_EVENT,aux_behavior,37584,0,37584,0,1,12528,0,0,0,0,0,1,0,200448
4103,4103,AUX_EVENT,aux_behavior,37584,0,37584,0,1,12528,0,0,0,0,0,1,0,200448
4104,4104,AUX_EVENT,aux_behavior,37584,0,37584,0,1,12528,0,0,0,0,0,1,0,200448
4105,4105,AUX_EVENT,aux_behavior,37584,0,37584,0,1,12528,0,0,0,0,0,1,0,200448
4106,4106,AUX_EVENT,aux_behavior,37584,0,37584,0,1,12528,0,0,0,0,0,1,0,200448
4107,4107,AUX_EVENT,aux_behavior,37584,0,37584,0,1,12528,0,0,0,0,0,1,0,200448
4108,4108,AUX_EVENT,aux_behavior,37584,0,37584,0,1,12528,0,0,0,0,0,1,0,200448
4109,4109,AUX_EVENT,aux_behavior,110592,0,110592,0,1,36864,0,0,0,0,0,1,0,589824
4110,4110,AUX_EVENT,aux_behavior,110592,0,110592,0,1,36864,0,0,0,0,0,1,0,589824
4111,4111,AUX_EVENT,aux_behavior,110592,0,110592,0,1,36864,0,0,0,0,0,1,0,589824
4112,4112,AUX_EVENT,aux_behavior,110592,0,110592,0,1,36864,0,0,0,0,0,1,0,589824
4113,4113,AUX_EVENT,aux_behavior,110592,0,110592,0,1,36864,0,0,0,0,0,1,0,589824
4114,4114,AUX_EVENT,aux_behavior,110592,0,110592,0,1,36864,0,0,0,0,0,1,0,589824
4115,4115,AUX_EVENT,aux_behavior,110592,0,110592,0,1,36864,0,0,0,0,0,1,0,589824
4116,4116,AUX_EVENT,aux_behavior,110592,0,110592,0,1,36864,0,0,0,0,0,1,0,589824
4117,4117,AUX_EVENT,aux_behavior,144,0,144,0,1,48,0,0,0,0,0,1,0,768
4118,4118,AUX_EVENT,aux_behavior,110592,0,110592,0,1,36864,0,0,0,0,0,1,0,589824
4119,4119,AUX_EVENT,aux_behavior,37584,0,37584,0,1,12528,0,0,0,0,0,1,0,200448
4120,4120,GEMM_W8A8,rtl_gemm,132752,132752,0,106624,13056,12528,544,12528,153944064,76972032,136,200448,589824,200448
4121,4121,AUX_EVENT,aux_behavior,37584,0,37584,0,1,12528,0,0,0,0,0,1,0,200448
4122,4122,AUX_EVENT,aux_behavior,37584,0,37584,0,1,12528,0,0,0,0,0,1,0,200448
4123,4123,AUX_EVENT,aux_behavior,37584,0,37584,0,1,12528,0,0,0,0,0,1,0,200448
4124,4124,AUX_EVENT,aux_behavior,37584,0,37584,0,1,12528,0,0,0,0,0,1,0,200448
4125,4125,AUX_EVENT,aux_behavior,37584,0,37584,0,1,12528,0,0,0,0,0,1,0,200448
4126,4126,AUX_EVENT,aux_behavior,37584,0,37584,0,1,12528,0,0,0,0,0,1,0,200448
4127,4127,AUX_EVENT,aux_behavior,37584,0,37584,0,1,12528,0,0,0,0,0,1,0,200448
4128,4128,AUX_EVENT,aux_behavior,110592,0,110592,0,1,36864,0,0,0,0,0,1,0,589824
4129,4129,AUX_EVENT,aux_behavior,110592,0,110592,0,1,36864,0,0,0,0,0,1,0,589824
4130,4130,AUX_EVENT,aux_behavior,110592,0,110592,0,1,36864,0,0,0,0,0,1,0,589824
4131,4131,AUX_EVENT,aux_behavior,110592,0,110592,0,1,36864,0,0,0,0,0,1,0,589824
4132,4132,AUX_EVENT,aux_behavior,110592,0,110592,0,1,36864,0,0,0,0,0,1,0,589824
4133,4133,AUX_EVENT,aux_behavior,110592,0,110592,0,1,36864,0,0,0,0,0,1,0,589824
4134,4134,AUX_EVENT,aux_behavior,110592,0,110592,0,1,36864,0,0,0,0,0,1,0,589824
4135,4135,AUX_EVENT,aux_behavior,110592,0,110592,0,1,36864,0,0,0,0,0,1,0,589824
4136,4136,LAYOUT,layout_rtl,25056,0,25056,0,1,12528,0,0,0,0,0,1,0,200448
4137,4137,LAYOUT,layout_rtl,25056,0,25056,0,1,12528,0,0,0,0,0,1,0,200448
4138,4138,LAYOUT,layout_rtl,25056,0,25056,0,1,12528,0,0,0,0,0,1,0,200448
4139,4139,LAYOUT,layout_rtl,25056,0,25056,0,1,12528,0,0,0,0,0,1,0,200448
4140,4140,LAYOUT,layout_rtl,25056,0,25056,0,1,12528,0,0,0,0,0,1,0,200448
4141,4141,LAYOUT,layout_rtl,25056,0,25056,0,1,12528,0,0,0,0,0,1,0,200448
4142,4142,AUX_EVENT,aux_behavior,37584,0,37584,0,1,12528,0,0,0,0,0,1,0,200448
4143,4143,AUX_EVENT,aux_behavior,37584,0,37584,0,1,12528,0,0,0,0,0,1,0,200448
4144,4144,MUL,vector_rtl,24576,0,24576,0,1,12288,0,0,0,0,0,1,0,196608
4145,4145,LAYOUT,layout_rtl,24576,0,24576,0,1,12288,0,0,0,0,0,1,0,196608
4146,4146,LAYOUT,layout_rtl,24576,0,24576,0,1,12288,0,0,0,0,0,1,0,196608
4147,4147,AUX_EVENT,aux_behavior,18432,0,18432,0,1,6144,0,0,0,0,0,1,0,98304
4148,4148,LAYOUT,layout_rtl,12288,0,12288,0,1,6144,0,0,0,0,0,1,0,98304
4149,4149,MUL,vector_rtl,24576,0,24576,0,1,12288,0,0,0,0,0,1,0,196608
4150,4150,ADD,vector_rtl,24576,0,24576,0,1,12288,0,0,0,0,0,1,0,196608
4151,4151,MUL,vector_rtl,24576,0,24576,0,1,12288,0,0,0,0,0,1,0,196608
4152,4152,LAYOUT,layout_rtl,24576,0,24576,0,1,12288,0,0,0,0,0,1,0,196608
4153,4153,LAYOUT,layout_rtl,24576,0,24576,0,1,12288,0,0,0,0,0,1,0,196608
4154,4154,AUX_EVENT,aux_behavior,18432,0,18432,0,1,6144,0,0,0,0,0,1,0,98304
4155,4155,LAYOUT,layout_rtl,12288,0,12288,0,1,6144,0,0,0,0,0,1,0,98304
4156,4156,MUL,vector_rtl,24576,0,24576,0,1,12288,0,0,0,0,0,1,0,196608
4157,4157,ADD,vector_rtl,24576,0,24576,0,1,12288,0,0,0,0,0,1,0,196608
4158,4158,LAYOUT,layout_rtl,480,0,480,0,1,240,0,0,0,0,0,1,0,3840
4159,4159,LAYOUT,layout_rtl,480,0,480,0,1,240,0,0,0,0,0,1,0,3840
4160,4160,AUX_EVENT,aux_behavior,37584,0,37584,0,1,12528,0,0,0,0,0,1,0,200448
4161,4161,AUX_EVENT,aux_behavior,37584,0,37584,0,1,12528,0,0,0,0,0,1,0,200448
4162,4162,AUX_EVENT,aux_behavior,37584,0,37584,0,1,12528,0,0,0,0,0,1,0,200448
4163,4163,LAYOUT,layout_rtl,25056,0,25056,0,1,12528,0,0,0,0,0,1,0,200448
4164,4164,LAYOUT,layout_rtl,25056,0,25056,0,1,12528,0,0,0,0,0,1,0,200448
4165,4165,LAYOUT,layout_rtl,25056,0,25056,0,1,12528,0,0,0,0,0,1,0,200448
4166,4166,AUX_EVENT,aux_behavior,144,0,144,0,1,48,0,0,0,0,0,1,0,768
4167,4167,AUX_EVENT,aux_behavior,110592,0,110592,0,1,36864,0,0,0,0,0,1,0,589824
4168,4168,GEMM_W8A8,rtl_gemm,132752,132752,0,106624,13056,12528,544,12528,153944064,76972032,136,200448,589824,200448
4169,4169,AUX_EVENT,aux_behavior,37584,0,37584,0,1,12528,0,0,0,0,0,1,0,200448
4170,4170,AUX_EVENT,aux_behavior,37584,0,37584,0,1,12528,0,0,0,0,0,1,0,200448
4171,4171,AUX_EVENT,aux_behavior,37584,0,37584,0,1,12528,0,0,0,0,0,1,0,200448
4172,4172,AUX_EVENT,aux_behavior,37584,0,37584,0,1,12528,0,0,0,0,0,1,0,200448
4173,4173,AUX_EVENT,aux_behavior,37584,0,37584,0,1,12528,0,0,0,0,0,1,0,200448
4174,4174,AUX_EVENT,aux_behavior,37584,0,37584,0,1,12528,0,0,0,0,0,1,0,200448
4175,4175,AUX_EVENT,aux_behavior,37584,0,37584,0,1,12528,0,0,0,0,0,1,0,200448
4176,4176,AUX_EVENT,aux_behavior,110592,0,110592,0,1,36864,0,0,0,0,0,1,0,589824
4177,4177,AUX_EVENT,aux_behavior,110592,0,110592,0,1,36864,0,0,0,0,0,1,0,589824
4178,4178,AUX_EVENT,aux_behavior,110592,0,110592,0,1,36864,0,0,0,0,0,1,0,589824
4179,4179,AUX_EVENT,aux_behavior,110592,0,110592,0,1,36864,0,0,0,0,0,1,0,589824
4180,4180,AUX_EVENT,aux_behavior,110592,0,110592,0,1,36864,0,0,0,0,0,1,0,589824
4181,4181,AUX_EVENT,aux_behavior,110592,0,110592,0,1,36864,0,0,0,0,0,1,0,589824
4182,4182,AUX_EVENT,aux_behavior,110592,0,110592,0,1,36864,0,0,0,0,0,1,0,589824
4183,4183,AUX_EVENT,aux_behavior,110592,0,110592,0,1,36864,0,0,0,0,0,1,0,589824
4184,4184,MUL,vector_rtl,25056,0,25056,0,1,12528,0,0,0,0,0,1,0,200448
4185,4185,ADD,vector_rtl,25056,0,25056,0,1,12528,0,0,0,0,0,1,0,200448
4186,4186,LAYER_NORM,vector_rtl,25056,0,25056,0,1,12528,0,0,0,0,0,1,0,200448
4187,4187,AUX_EVENT,aux_behavior,576,0,576,0,1,192,0,0,0,0,0,1,0,3072
4188,4188,AUX_EVENT,aux_behavior,442368,0,442368,0,1,147456,0,0,0,0,0,1,0,2359296
4189,4189,AUX_EVENT,aux_behavior,37584,0,37584,0,1,12528,0,0,0,0,0,1,0,200448
4190,4190,GEMM_W8A8,rtl_gemm,12533,12533,0,0,1,12528,4,12528,0,0,0,0,0,200448
4191,4191,AUX_EVENT,aux_behavior,37584,0,37584,0,1,12528,0,0,0,0,0,1,0,200448
4192,4192,AUX_EVENT,aux_behavior,37584,0,37584,0,1,12528,0,0,0,0,0,1,0,200448
4193,4193,AUX_EVENT,aux_behavior,37584,0,37584,0,1,12528,0,0,0,0,0,1,0,200448
4194,4194,AUX_EVENT,aux_behavior,37584,0,37584,0,1,12528,0,0,0,0,0,1,0,200448
4195,4195,AUX_EVENT,aux_behavior,37584,0,37584,0,1,12528,0,0,0,0,0,1,0,200448
4196,4196,AUX_EVENT,aux_behavior,37584,0,37584,0,1,12528,0,0,0,0,0,1,0,200448
4197,4197,AUX_EVENT,aux_behavior,37584,0,37584,0,1,12528,0,0,0,0,0,1,0,200448
4198,4198,AUX_EVENT,aux_behavior,442368,0,442368,0,1,147456,0,0,0,0,0,1,0,2359296
4199,4199,AUX_EVENT,aux_behavior,442368,0,442368,0,1,147456,0,0,0,0,0,1,0,2359296
4200,4200,AUX_EVENT,aux_behavior,442368,0,442368,0,1,147456,0,0,0,0,0,1,0,2359296
4201,4201,AUX_EVENT,aux_behavior,442368,0,442368,0,1,147456,0,0,0,0,0,1,0,2359296
4202,4202,AUX_EVENT,aux_behavior,442368,0,442368,0,1,147456,0,0,0,0,0,1,0,2359296
4203,4203,AUX_EVENT,aux_behavior,442368,0,442368,0,1,147456,0,0,0,0,0,1,0,2359296
4204,4204,AUX_EVENT,aux_behavior,442368,0,442368,0,1,147456,0,0,0,0,0,1,0,2359296
4205,4205,AUX_EVENT,aux_behavior,442368,0,442368,0,1,147456,0,0,0,0,0,1,0,2359296
4206,4206,GELU,vector_rtl,100224,0,100224,0,1,50112,0,0,0,0,0,1,0,801792
4207,4207,AUX_EVENT,aux_behavior,144,0,144,0,1,48,0,0,0,0,0,1,0,768
4208,4208,AUX_EVENT,aux_behavior,442368,0,442368,0,1,147456,0,0,0,0,0,1,0,2359296
4209,4209,GEMM_W8A8,rtl_gemm,50117,50117,0,0,1,50112,4,50112,0,0,0,0,0,801792
4210,4210,AUX_EVENT,aux_behavior,150336,0,150336,0,1,50112,0,0,0,0,0,1,0,801792
4211,4211,AUX_EVENT,aux_behavior,150336,0,150336,0,1,50112,0,0,0,0,0,1,0,801792
4212,4212,AUX_EVENT,aux_behavior,150336,0,150336,0,1,50112,0,0,0,0,0,1,0,801792
4213,4213,AUX_EVENT,aux_behavior,150336,0,150336,0,1,50112,0,0,0,0,0,1,0,801792
4214,4214,AUX_EVENT,aux_behavior,150336,0,150336,0,1,50112,0,0,0,0,0,1,0,801792
4215,4215,AUX_EVENT,aux_behavior,150336,0,150336,0,1,50112,0,0,0,0,0,1,0,801792
4216,4216,AUX_EVENT,aux_behavior,150336,0,150336,0,1,50112,0,0,0,0,0,1,0,801792
4217,4217,AUX_EVENT,aux_behavior,442368,0,442368,0,1,147456,0,0,0,0,0,1,0,2359296
4218,4218,AUX_EVENT,aux_behavior,442368,0,442368,0,1,147456,0,0,0,0,0,1,0,2359296
4219,4219,AUX_EVENT,aux_behavior,442368,0,442368,0,1,147456,0,0,0,0,0,1,0,2359296
4220,4220,AUX_EVENT,aux_behavior,442368,0,442368,0,1,147456,0,0,0,0,0,1,0,2359296
4221,4221,AUX_EVENT,aux_behavior,442368,0,442368,0,1,147456,0,0,0,0,0,1,0,2359296
4222,4222,AUX_EVENT,aux_behavior,442368,0,442368,0,1,147456,0,0,0,0,0,1,0,2359296
4223,4223,AUX_EVENT,aux_behavior,442368,0,442368,0,1,147456,0,0,0,0,0,1,0,2359296
4224,4224,AUX_EVENT,aux_behavior,442368,0,442368,0,1,147456,0,0,0,0,0,1,0,2359296
4225,4225,MUL,vector_rtl,25056,0,25056,0,1,12528,0,0,0,0,0,1,0,200448
4226,4226,ADD,vector_rtl,25056,0,25056,0,1,12528,0,0,0,0,0,1,0,200448
4227,4227,LAYER_NORM,vector_rtl,25056,0,25056,0,1,12528,0,0,0,0,0,1,0,200448
4228,4228,AUX_EVENT,aux_behavior,144,0,144,0,1,48,0,0,0,0,0,1,0,768
4229,4229,AUX_EVENT,aux_behavior,110592,0,110592,0,1,36864,0,0,0,0,0,1,0,589824
4230,4230,AUX_EVENT,aux_behavior,37584,0,37584,0,1,12528,0,0,0,0,0,1,0,200448
4231,4231,GEMM_W8A8,rtl_gemm,132752,132752,0,106624,13056,12528,544,12528,153944064,76972032,136,200448,589824,200448
4232,4232,AUX_EVENT,aux_behavior,37584,0,37584,0,1,12528,0,0,0,0,0,1,0,200448
4233,4233,AUX_EVENT,aux_behavior,37584,0,37584,0,1,12528,0,0,0,0,0,1,0,200448
4234,4234,AUX_EVENT,aux_behavior,37584,0,37584,0,1,12528,0,0,0,0,0,1,0,200448
4235,4235,AUX_EVENT,aux_behavior,37584,0,37584,0,1,12528,0,0,0,0,0,1,0,200448
4236,4236,AUX_EVENT,aux_behavior,37584,0,37584,0,1,12528,0,0,0,0,0,1,0,200448
4237,4237,AUX_EVENT,aux_behavior,37584,0,37584,0,1,12528,0,0,0,0,0,1,0,200448
4238,4238,AUX_EVENT,aux_behavior,37584,0,37584,0,1,12528,0,0,0,0,0,1,0,200448
4239,4239,AUX_EVENT,aux_behavior,110592,0,110592,0,1,36864,0,0,0,0,0,1,0,589824
4240,4240,AUX_EVENT,aux_behavior,110592,0,110592,0,1,36864,0,0,0,0,0,1,0,589824
4241,4241,AUX_EVENT,aux_behavior,110592,0,110592,0,1,36864,0,0,0,0,0,1,0,589824
4242,4242,AUX_EVENT,aux_behavior,110592,0,110592,0,1,36864,0,0,0,0,0,1,0,589824
4243,4243,AUX_EVENT,aux_behavior,110592,0,110592,0,1,36864,0,0,0,0,0,1,0,589824
4244,4244,AUX_EVENT,aux_behavior,110592,0,110592,0,1,36864,0,0,0,0,0,1,0,589824
4245,4245,AUX_EVENT,aux_behavior,110592,0,110592,0,1,36864,0,0,0,0,0,1,0,589824
4246,4246,AUX_EVENT,aux_behavior,110592,0,110592,0,1,36864,0,0,0,0,0,1,0,589824
4247,4247,AUX_EVENT,aux_behavior,110592,0,110592,0,1,36864,0,0,0,0,0,1,0,589824
4248,4248,AUX_EVENT,aux_behavior,37584,0,37584,0,1,12528,0,0,0,0,0,1,0,200448
4249,4249,GEMM_W8A8,rtl_gemm,132752,132752,0,106624,13056,12528,544,12528,153944064,76972032,136,200448,589824,200448
4250,4250,AUX_EVENT,aux_behavior,37584,0,37584,0,1,12528,0,0,0,0,0,1,0,200448
4251,4251,AUX_EVENT,aux_behavior,37584,0,37584,0,1,12528,0,0,0,0,0,1,0,200448
4252,4252,AUX_EVENT,aux_behavior,37584,0,37584,0,1,12528,0,0,0,0,0,1,0,200448
4253,4253,AUX_EVENT,aux_behavior,37584,0,37584,0,1,12528,0,0,0,0,0,1,0,200448
4254,4254,AUX_EVENT,aux_behavior,37584,0,37584,0,1,12528,0,0,0,0,0,1,0,200448
4255,4255,AUX_EVENT,aux_behavior,37584,0,37584,0,1,12528,0,0,0,0,0,1,0,200448
4256,4256,AUX_EVENT,aux_behavior,37584,0,37584,0,1,12528,0,0,0,0,0,1,0,200448
4257,4257,AUX_EVENT,aux_behavior,110592,0,110592,0,1,36864,0,0,0,0,0,1,0,589824
4258,4258,AUX_EVENT,aux_behavior,110592,0,110592,0,1,36864,0,0,0,0,0,1,0,589824
4259,4259,AUX_EVENT,aux_behavior,110592,0,110592,0,1,36864,0,0,0,0,0,1,0,589824
4260,4260,AUX_EVENT,aux_behavior,110592,0,110592,0,1,36864,0,0,0,0,0,1,0,589824
4261,4261,AUX_EVENT,aux_behavior,110592,0,110592,0,1,36864,0,0,0,0,0,1,0,589824
4262,4262,AUX_EVENT,aux_behavior,110592,0,110592,0,1,36864,0,0,0,0,0,1,0,589824
4263,4263,AUX_EVENT,aux_behavior,110592,0,110592,0,1,36864,0,0,0,0,0,1,0,589824
4264,4264,AUX_EVENT,aux_behavior,110592,0,110592,0,1,36864,0,0,0,0,0,1,0,589824
4265,4265,AUX_EVENT,aux_behavior,144,0,144,0,1,48,0,0,0,0,0,1,0,768
4266,4266,AUX_EVENT,aux_behavior,110592,0,110592,0,1,36864,0,0,0,0,0,1,0,589824
4267,4267,AUX_EVENT,aux_behavior,37584,0,37584,0,1,12528,0,0,0,0,0,1,0,200448
4268,4268,GEMM_W8A8,rtl_gemm,132752,132752,0,106624,13056,12528,544,12528,153944064,76972032,136,200448,589824,200448
4269,4269,AUX_EVENT,aux_behavior,37584,0,37584,0,1,12528,0,0,0,0,0,1,0,200448
4270,4270,AUX_EVENT,aux_behavior,37584,0,37584,0,1,12528,0,0,0,0,0,1,0,200448
4271,4271,AUX_EVENT,aux_behavior,37584,0,37584,0,1,12528,0,0,0,0,0,1,0,200448
4272,4272,AUX_EVENT,aux_behavior,37584,0,37584,0,1,12528,0,0,0,0,0,1,0,200448
4273,4273,AUX_EVENT,aux_behavior,37584,0,37584,0,1,12528,0,0,0,0,0,1,0,200448
4274,4274,AUX_EVENT,aux_behavior,37584,0,37584,0,1,12528,0,0,0,0,0,1,0,200448
4275,4275,AUX_EVENT,aux_behavior,37584,0,37584,0,1,12528,0,0,0,0,0,1,0,200448
4276,4276,AUX_EVENT,aux_behavior,110592,0,110592,0,1,36864,0,0,0,0,0,1,0,589824
4277,4277,AUX_EVENT,aux_behavior,110592,0,110592,0,1,36864,0,0,0,0,0,1,0,589824
4278,4278,AUX_EVENT,aux_behavior,110592,0,110592,0,1,36864,0,0,0,0,0,1,0,589824
4279,4279,AUX_EVENT,aux_behavior,110592,0,110592,0,1,36864,0,0,0,0,0,1,0,589824
4280,4280,AUX_EVENT,aux_behavior,110592,0,110592,0,1,36864,0,0,0,0,0,1,0,589824
4281,4281,AUX_EVENT,aux_behavior,110592,0,110592,0,1,36864,0,0,0,0,0,1,0,589824
4282,4282,AUX_EVENT,aux_behavior,110592,0,110592,0,1,36864,0,0,0,0,0,1,0,589824
4283,4283,AUX_EVENT,aux_behavior,110592,0,110592,0,1,36864,0,0,0,0,0,1,0,589824
4284,4284,LAYOUT,layout_rtl,25056,0,25056,0,1,12528,0,0,0,0,0,1,0,200448
4285,4285,LAYOUT,layout_rtl,25056,0,25056,0,1,12528,0,0,0,0,0,1,0,200448
4286,4286,LAYOUT,layout_rtl,25056,0,25056,0,1,12528,0,0,0,0,0,1,0,200448
4287,4287,LAYOUT,layout_rtl,25056,0,25056,0,1,12528,0,0,0,0,0,1,0,200448
4288,4288,LAYOUT,layout_rtl,25056,0,25056,0,1,12528,0,0,0,0,0,1,0,200448
4289,4289,LAYOUT,layout_rtl,25056,0,25056,0,1,12528,0,0,0,0,0,1,0,200448
4290,4290,AUX_EVENT,aux_behavior,37584,0,37584,0,1,12528,0,0,0,0,0,1,0,200448
4291,4291,AUX_EVENT,aux_behavior,37584,0,37584,0,1,12528,0,0,0,0,0,1,0,200448
4292,4292,MUL,vector_rtl,24576,0,24576,0,1,12288,0,0,0,0,0,1,0,196608
4293,4293,LAYOUT,layout_rtl,24576,0,24576,0,1,12288,0,0,0,0,0,1,0,196608
4294,4294,LAYOUT,layout_rtl,24576,0,24576,0,1,12288,0,0,0,0,0,1,0,196608
4295,4295,AUX_EVENT,aux_behavior,18432,0,18432,0,1,6144,0,0,0,0,0,1,0,98304
4296,4296,LAYOUT,layout_rtl,12288,0,12288,0,1,6144,0,0,0,0,0,1,0,98304
4297,4297,MUL,vector_rtl,24576,0,24576,0,1,12288,0,0,0,0,0,1,0,196608
4298,4298,ADD,vector_rtl,24576,0,24576,0,1,12288,0,0,0,0,0,1,0,196608
4299,4299,MUL,vector_rtl,24576,0,24576,0,1,12288,0,0,0,0,0,1,0,196608
4300,4300,LAYOUT,layout_rtl,24576,0,24576,0,1,12288,0,0,0,0,0,1,0,196608
4301,4301,LAYOUT,layout_rtl,24576,0,24576,0,1,12288,0,0,0,0,0,1,0,196608
4302,4302,AUX_EVENT,aux_behavior,18432,0,18432,0,1,6144,0,0,0,0,0,1,0,98304
4303,4303,LAYOUT,layout_rtl,12288,0,12288,0,1,6144,0,0,0,0,0,1,0,98304
4304,4304,MUL,vector_rtl,24576,0,24576,0,1,12288,0,0,0,0,0,1,0,196608
4305,4305,ADD,vector_rtl,24576,0,24576,0,1,12288,0,0,0,0,0,1,0,196608
4306,4306,LAYOUT,layout_rtl,480,0,480,0,1,240,0,0,0,0,0,1,0,3840
4307,4307,LAYOUT,layout_rtl,480,0,480,0,1,240,0,0,0,0,0,1,0,3840
4308,4308,AUX_EVENT,aux_behavior,37584,0,37584,0,1,12528,0,0,0,0,0,1,0,200448
4309,4309,AUX_EVENT,aux_behavior,37584,0,37584,0,1,12528,0,0,0,0,0,1,0,200448
4310,4310,AUX_EVENT,aux_behavior,37584,0,37584,0,1,12528,0,0,0,0,0,1,0,200448
4311,4311,LAYOUT,layout_rtl,25056,0,25056,0,1,12528,0,0,0,0,0,1,0,200448
4312,4312,LAYOUT,layout_rtl,25056,0,25056,0,1,12528,0,0,0,0,0,1,0,200448
4313,4313,LAYOUT,layout_rtl,25056,0,25056,0,1,12528,0,0,0,0,0,1,0,200448
4314,4314,AUX_EVENT,aux_behavior,144,0,144,0,1,48,0,0,0,0,0,1,0,768
4315,4315,AUX_EVENT,aux_behavior,110592,0,110592,0,1,36864,0,0,0,0,0,1,0,589824
4316,4316,GEMM_W8A8,rtl_gemm,132752,132752,0,106624,13056,12528,544,12528,153944064,76972032,136,200448,589824,200448
4317,4317,AUX_EVENT,aux_behavior,37584,0,37584,0,1,12528,0,0,0,0,0,1,0,200448
4318,4318,AUX_EVENT,aux_behavior,37584,0,37584,0,1,12528,0,0,0,0,0,1,0,200448
4319,4319,AUX_EVENT,aux_behavior,37584,0,37584,0,1,12528,0,0,0,0,0,1,0,200448
4320,4320,AUX_EVENT,aux_behavior,37584,0,37584,0,1,12528,0,0,0,0,0,1,0,200448
4321,4321,AUX_EVENT,aux_behavior,37584,0,37584,0,1,12528,0,0,0,0,0,1,0,200448
4322,4322,AUX_EVENT,aux_behavior,37584,0,37584,0,1,12528,0,0,0,0,0,1,0,200448
4323,4323,AUX_EVENT,aux_behavior,37584,0,37584,0,1,12528,0,0,0,0,0,1,0,200448
4324,4324,AUX_EVENT,aux_behavior,110592,0,110592,0,1,36864,0,0,0,0,0,1,0,589824
4325,4325,AUX_EVENT,aux_behavior,110592,0,110592,0,1,36864,0,0,0,0,0,1,0,589824
4326,4326,AUX_EVENT,aux_behavior,110592,0,110592,0,1,36864,0,0,0,0,0,1,0,589824
4327,4327,AUX_EVENT,aux_behavior,110592,0,110592,0,1,36864,0,0,0,0,0,1,0,589824
4328,4328,AUX_EVENT,aux_behavior,110592,0,110592,0,1,36864,0,0,0,0,0,1,0,589824
4329,4329,AUX_EVENT,aux_behavior,110592,0,110592,0,1,36864,0,0,0,0,0,1,0,589824
4330,4330,AUX_EVENT,aux_behavior,110592,0,110592,0,1,36864,0,0,0,0,0,1,0,589824
4331,4331,AUX_EVENT,aux_behavior,110592,0,110592,0,1,36864,0,0,0,0,0,1,0,589824
4332,4332,MUL,vector_rtl,25056,0,25056,0,1,12528,0,0,0,0,0,1,0,200448
4333,4333,ADD,vector_rtl,25056,0,25056,0,1,12528,0,0,0,0,0,1,0,200448
4334,4334,LAYER_NORM,vector_rtl,25056,0,25056,0,1,12528,0,0,0,0,0,1,0,200448
4335,4335,AUX_EVENT,aux_behavior,576,0,576,0,1,192,0,0,0,0,0,1,0,3072
4336,4336,AUX_EVENT,aux_behavior,442368,0,442368,0,1,147456,0,0,0,0,0,1,0,2359296
4337,4337,AUX_EVENT,aux_behavior,37584,0,37584,0,1,12528,0,0,0,0,0,1,0,200448
4338,4338,GEMM_W8A8,rtl_gemm,12533,12533,0,0,1,12528,4,12528,0,0,0,0,0,200448
4339,4339,AUX_EVENT,aux_behavior,37584,0,37584,0,1,12528,0,0,0,0,0,1,0,200448
4340,4340,AUX_EVENT,aux_behavior,37584,0,37584,0,1,12528,0,0,0,0,0,1,0,200448
4341,4341,AUX_EVENT,aux_behavior,37584,0,37584,0,1,12528,0,0,0,0,0,1,0,200448
4342,4342,AUX_EVENT,aux_behavior,37584,0,37584,0,1,12528,0,0,0,0,0,1,0,200448
4343,4343,AUX_EVENT,aux_behavior,37584,0,37584,0,1,12528,0,0,0,0,0,1,0,200448
4344,4344,AUX_EVENT,aux_behavior,37584,0,37584,0,1,12528,0,0,0,0,0,1,0,200448
4345,4345,AUX_EVENT,aux_behavior,37584,0,37584,0,1,12528,0,0,0,0,0,1,0,200448
4346,4346,AUX_EVENT,aux_behavior,442368,0,442368,0,1,147456,0,0,0,0,0,1,0,2359296
4347,4347,AUX_EVENT,aux_behavior,442368,0,442368,0,1,147456,0,0,0,0,0,1,0,2359296
4348,4348,AUX_EVENT,aux_behavior,442368,0,442368,0,1,147456,0,0,0,0,0,1,0,2359296
4349,4349,AUX_EVENT,aux_behavior,442368,0,442368,0,1,147456,0,0,0,0,0,1,0,2359296
4350,4350,AUX_EVENT,aux_behavior,442368,0,442368,0,1,147456,0,0,0,0,0,1,0,2359296
4351,4351,AUX_EVENT,aux_behavior,442368,0,442368,0,1,147456,0,0,0,0,0,1,0,2359296
4352,4352,AUX_EVENT,aux_behavior,442368,0,442368,0,1,147456,0,0,0,0,0,1,0,2359296
4353,4353,AUX_EVENT,aux_behavior,442368,0,442368,0,1,147456,0,0,0,0,0,1,0,2359296
4354,4354,GELU,vector_rtl,100224,0,100224,0,1,50112,0,0,0,0,0,1,0,801792
4355,4355,AUX_EVENT,aux_behavior,144,0,144,0,1,48,0,0,0,0,0,1,0,768
4356,4356,AUX_EVENT,aux_behavior,442368,0,442368,0,1,147456,0,0,0,0,0,1,0,2359296
4357,4357,GEMM_W8A8,rtl_gemm,50117,50117,0,0,1,50112,4,50112,0,0,0,0,0,801792
4358,4358,AUX_EVENT,aux_behavior,150336,0,150336,0,1,50112,0,0,0,0,0,1,0,801792
4359,4359,AUX_EVENT,aux_behavior,150336,0,150336,0,1,50112,0,0,0,0,0,1,0,801792
4360,4360,AUX_EVENT,aux_behavior,150336,0,150336,0,1,50112,0,0,0,0,0,1,0,801792
4361,4361,AUX_EVENT,aux_behavior,150336,0,150336,0,1,50112,0,0,0,0,0,1,0,801792
4362,4362,AUX_EVENT,aux_behavior,150336,0,150336,0,1,50112,0,0,0,0,0,1,0,801792
4363,4363,AUX_EVENT,aux_behavior,150336,0,150336,0,1,50112,0,0,0,0,0,1,0,801792
4364,4364,AUX_EVENT,aux_behavior,150336,0,150336,0,1,50112,0,0,0,0,0,1,0,801792
4365,4365,AUX_EVENT,aux_behavior,442368,0,442368,0,1,147456,0,0,0,0,0,1,0,2359296
4366,4366,AUX_EVENT,aux_behavior,442368,0,442368,0,1,147456,0,0,0,0,0,1,0,2359296
4367,4367,AUX_EVENT,aux_behavior,442368,0,442368,0,1,147456,0,0,0,0,0,1,0,2359296
4368,4368,AUX_EVENT,aux_behavior,442368,0,442368,0,1,147456,0,0,0,0,0,1,0,2359296
4369,4369,AUX_EVENT,aux_behavior,442368,0,442368,0,1,147456,0,0,0,0,0,1,0,2359296
4370,4370,AUX_EVENT,aux_behavior,442368,0,442368,0,1,147456,0,0,0,0,0,1,0,2359296
4371,4371,AUX_EVENT,aux_behavior,442368,0,442368,0,1,147456,0,0,0,0,0,1,0,2359296
4372,4372,AUX_EVENT,aux_behavior,442368,0,442368,0,1,147456,0,0,0,0,0,1,0,2359296
4373,4373,MUL,vector_rtl,25056,0,25056,0,1,12528,0,0,0,0,0,1,0,200448
4374,4374,ADD,vector_rtl,25056,0,25056,0,1,12528,0,0,0,0,0,1,0,200448
4375,4375,LAYER_NORM,vector_rtl,25056,0,25056,0,1,12528,0,0,0,0,0,1,0,200448
4376,4376,AUX_EVENT,aux_behavior,144,0,144,0,1,48,0,0,0,0,0,1,0,768
4377,4377,AUX_EVENT,aux_behavior,110592,0,110592,0,1,36864,0,0,0,0,0,1,0,589824
4378,4378,AUX_EVENT,aux_behavior,37584,0,37584,0,1,12528,0,0,0,0,0,1,0,200448
4379,4379,GEMM_W8A8,rtl_gemm,132752,132752,0,106624,13056,12528,544,12528,153944064,76972032,136,200448,589824,200448
4380,4380,AUX_EVENT,aux_behavior,37584,0,37584,0,1,12528,0,0,0,0,0,1,0,200448
4381,4381,AUX_EVENT,aux_behavior,37584,0,37584,0,1,12528,0,0,0,0,0,1,0,200448
4382,4382,AUX_EVENT,aux_behavior,37584,0,37584,0,1,12528,0,0,0,0,0,1,0,200448
4383,4383,AUX_EVENT,aux_behavior,37584,0,37584,0,1,12528,0,0,0,0,0,1,0,200448
4384,4384,AUX_EVENT,aux_behavior,37584,0,37584,0,1,12528,0,0,0,0,0,1,0,200448
4385,4385,AUX_EVENT,aux_behavior,37584,0,37584,0,1,12528,0,0,0,0,0,1,0,200448
4386,4386,AUX_EVENT,aux_behavior,37584,0,37584,0,1,12528,0,0,0,0,0,1,0,200448
4387,4387,AUX_EVENT,aux_behavior,110592,0,110592,0,1,36864,0,0,0,0,0,1,0,589824
4388,4388,AUX_EVENT,aux_behavior,110592,0,110592,0,1,36864,0,0,0,0,0,1,0,589824
4389,4389,AUX_EVENT,aux_behavior,110592,0,110592,0,1,36864,0,0,0,0,0,1,0,589824
4390,4390,AUX_EVENT,aux_behavior,110592,0,110592,0,1,36864,0,0,0,0,0,1,0,589824
4391,4391,AUX_EVENT,aux_behavior,110592,0,110592,0,1,36864,0,0,0,0,0,1,0,589824
4392,4392,AUX_EVENT,aux_behavior,110592,0,110592,0,1,36864,0,0,0,0,0,1,0,589824
4393,4393,AUX_EVENT,aux_behavior,110592,0,110592,0,1,36864,0,0,0,0,0,1,0,589824
4394,4394,AUX_EVENT,aux_behavior,110592,0,110592,0,1,36864,0,0,0,0,0,1,0,589824
4395,4395,AUX_EVENT,aux_behavior,110592,0,110592,0,1,36864,0,0,0,0,0,1,0,589824
4396,4396,AUX_EVENT,aux_behavior,37584,0,37584,0,1,12528,0,0,0,0,0,1,0,200448
4397,4397,GEMM_W8A8,rtl_gemm,132752,132752,0,106624,13056,12528,544,12528,153944064,76972032,136,200448,589824,200448
4398,4398,AUX_EVENT,aux_behavior,37584,0,37584,0,1,12528,0,0,0,0,0,1,0,200448
4399,4399,AUX_EVENT,aux_behavior,37584,0,37584,0,1,12528,0,0,0,0,0,1,0,200448
4400,4400,AUX_EVENT,aux_behavior,37584,0,37584,0,1,12528,0,0,0,0,0,1,0,200448
4401,4401,AUX_EVENT,aux_behavior,37584,0,37584,0,1,12528,0,0,0,0,0,1,0,200448
4402,4402,AUX_EVENT,aux_behavior,37584,0,37584,0,1,12528,0,0,0,0,0,1,0,200448
4403,4403,AUX_EVENT,aux_behavior,37584,0,37584,0,1,12528,0,0,0,0,0,1,0,200448
4404,4404,AUX_EVENT,aux_behavior,37584,0,37584,0,1,12528,0,0,0,0,0,1,0,200448
4405,4405,AUX_EVENT,aux_behavior,110592,0,110592,0,1,36864,0,0,0,0,0,1,0,589824
4406,4406,AUX_EVENT,aux_behavior,110592,0,110592,0,1,36864,0,0,0,0,0,1,0,589824
4407,4407,AUX_EVENT,aux_behavior,110592,0,110592,0,1,36864,0,0,0,0,0,1,0,589824
4408,4408,AUX_EVENT,aux_behavior,110592,0,110592,0,1,36864,0,0,0,0,0,1,0,589824
4409,4409,AUX_EVENT,aux_behavior,110592,0,110592,0,1,36864,0,0,0,0,0,1,0,589824
4410,4410,AUX_EVENT,aux_behavior,110592,0,110592,0,1,36864,0,0,0,0,0,1,0,589824
4411,4411,AUX_EVENT,aux_behavior,110592,0,110592,0,1,36864,0,0,0,0,0,1,0,589824
4412,4412,AUX_EVENT,aux_behavior,110592,0,110592,0,1,36864,0,0,0,0,0,1,0,589824
4413,4413,AUX_EVENT,aux_behavior,144,0,144,0,1,48,0,0,0,0,0,1,0,768
4414,4414,AUX_EVENT,aux_behavior,110592,0,110592,0,1,36864,0,0,0,0,0,1,0,589824
4415,4415,AUX_EVENT,aux_behavior,37584,0,37584,0,1,12528,0,0,0,0,0,1,0,200448
4416,4416,GEMM_W8A8,rtl_gemm,132752,132752,0,106624,13056,12528,544,12528,153944064,76972032,136,200448,589824,200448
4417,4417,AUX_EVENT,aux_behavior,37584,0,37584,0,1,12528,0,0,0,0,0,1,0,200448
4418,4418,AUX_EVENT,aux_behavior,37584,0,37584,0,1,12528,0,0,0,0,0,1,0,200448
4419,4419,AUX_EVENT,aux_behavior,37584,0,37584,0,1,12528,0,0,0,0,0,1,0,200448
4420,4420,AUX_EVENT,aux_behavior,37584,0,37584,0,1,12528,0,0,0,0,0,1,0,200448
4421,4421,AUX_EVENT,aux_behavior,37584,0,37584,0,1,12528,0,0,0,0,0,1,0,200448
4422,4422,AUX_EVENT,aux_behavior,37584,0,37584,0,1,12528,0,0,0,0,0,1,0,200448
4423,4423,AUX_EVENT,aux_behavior,37584,0,37584,0,1,12528,0,0,0,0,0,1,0,200448
4424,4424,AUX_EVENT,aux_behavior,110592,0,110592,0,1,36864,0,0,0,0,0,1,0,589824
4425,4425,AUX_EVENT,aux_behavior,110592,0,110592,0,1,36864,0,0,0,0,0,1,0,589824
4426,4426,AUX_EVENT,aux_behavior,110592,0,110592,0,1,36864,0,0,0,0,0,1,0,589824
4427,4427,AUX_EVENT,aux_behavior,110592,0,110592,0,1,36864,0,0,0,0,0,1,0,589824
4428,4428,AUX_EVENT,aux_behavior,110592,0,110592,0,1,36864,0,0,0,0,0,1,0,589824
4429,4429,AUX_EVENT,aux_behavior,110592,0,110592,0,1,36864,0,0,0,0,0,1,0,589824
4430,4430,AUX_EVENT,aux_behavior,110592,0,110592,0,1,36864,0,0,0,0,0,1,0,589824
4431,4431,AUX_EVENT,aux_behavior,110592,0,110592,0,1,36864,0,0,0,0,0,1,0,589824
4432,4432,LAYOUT,layout_rtl,25056,0,25056,0,1,12528,0,0,0,0,0,1,0,200448
4433,4433,LAYOUT,layout_rtl,25056,0,25056,0,1,12528,0,0,0,0,0,1,0,200448
4434,4434,LAYOUT,layout_rtl,25056,0,25056,0,1,12528,0,0,0,0,0,1,0,200448
4435,4435,LAYOUT,layout_rtl,25056,0,25056,0,1,12528,0,0,0,0,0,1,0,200448
4436,4436,LAYOUT,layout_rtl,25056,0,25056,0,1,12528,0,0,0,0,0,1,0,200448
4437,4437,LAYOUT,layout_rtl,25056,0,25056,0,1,12528,0,0,0,0,0,1,0,200448
4438,4438,AUX_EVENT,aux_behavior,37584,0,37584,0,1,12528,0,0,0,0,0,1,0,200448
4439,4439,AUX_EVENT,aux_behavior,37584,0,37584,0,1,12528,0,0,0,0,0,1,0,200448
4440,4440,MUL,vector_rtl,24576,0,24576,0,1,12288,0,0,0,0,0,1,0,196608
4441,4441,LAYOUT,layout_rtl,24576,0,24576,0,1,12288,0,0,0,0,0,1,0,196608
4442,4442,LAYOUT,layout_rtl,24576,0,24576,0,1,12288,0,0,0,0,0,1,0,196608
4443,4443,AUX_EVENT,aux_behavior,18432,0,18432,0,1,6144,0,0,0,0,0,1,0,98304
4444,4444,LAYOUT,layout_rtl,12288,0,12288,0,1,6144,0,0,0,0,0,1,0,98304
4445,4445,MUL,vector_rtl,24576,0,24576,0,1,12288,0,0,0,0,0,1,0,196608
4446,4446,ADD,vector_rtl,24576,0,24576,0,1,12288,0,0,0,0,0,1,0,196608
4447,4447,MUL,vector_rtl,24576,0,24576,0,1,12288,0,0,0,0,0,1,0,196608
4448,4448,LAYOUT,layout_rtl,24576,0,24576,0,1,12288,0,0,0,0,0,1,0,196608
4449,4449,LAYOUT,layout_rtl,24576,0,24576,0,1,12288,0,0,0,0,0,1,0,196608
4450,4450,AUX_EVENT,aux_behavior,18432,0,18432,0,1,6144,0,0,0,0,0,1,0,98304
4451,4451,LAYOUT,layout_rtl,12288,0,12288,0,1,6144,0,0,0,0,0,1,0,98304
4452,4452,MUL,vector_rtl,24576,0,24576,0,1,12288,0,0,0,0,0,1,0,196608
4453,4453,ADD,vector_rtl,24576,0,24576,0,1,12288,0,0,0,0,0,1,0,196608
4454,4454,LAYOUT,layout_rtl,480,0,480,0,1,240,0,0,0,0,0,1,0,3840
4455,4455,LAYOUT,layout_rtl,480,0,480,0,1,240,0,0,0,0,0,1,0,3840
4456,4456,AUX_EVENT,aux_behavior,37584,0,37584,0,1,12528,0,0,0,0,0,1,0,200448
4457,4457,AUX_EVENT,aux_behavior,37584,0,37584,0,1,12528,0,0,0,0,0,1,0,200448
4458,4458,AUX_EVENT,aux_behavior,37584,0,37584,0,1,12528,0,0,0,0,0,1,0,200448
4459,4459,LAYOUT,layout_rtl,25056,0,25056,0,1,12528,0,0,0,0,0,1,0,200448
4460,4460,LAYOUT,layout_rtl,25056,0,25056,0,1,12528,0,0,0,0,0,1,0,200448
4461,4461,LAYOUT,layout_rtl,25056,0,25056,0,1,12528,0,0,0,0,0,1,0,200448
4462,4462,AUX_EVENT,aux_behavior,144,0,144,0,1,48,0,0,0,0,0,1,0,768
4463,4463,AUX_EVENT,aux_behavior,110592,0,110592,0,1,36864,0,0,0,0,0,1,0,589824
4464,4464,GEMM_W8A8,rtl_gemm,132752,132752,0,106624,13056,12528,544,12528,153944064,76972032,136,200448,589824,200448
4465,4465,AUX_EVENT,aux_behavior,37584,0,37584,0,1,12528,0,0,0,0,0,1,0,200448
4466,4466,AUX_EVENT,aux_behavior,37584,0,37584,0,1,12528,0,0,0,0,0,1,0,200448
4467,4467,AUX_EVENT,aux_behavior,37584,0,37584,0,1,12528,0,0,0,0,0,1,0,200448
4468,4468,AUX_EVENT,aux_behavior,37584,0,37584,0,1,12528,0,0,0,0,0,1,0,200448
4469,4469,AUX_EVENT,aux_behavior,37584,0,37584,0,1,12528,0,0,0,0,0,1,0,200448
4470,4470,AUX_EVENT,aux_behavior,37584,0,37584,0,1,12528,0,0,0,0,0,1,0,200448
4471,4471,AUX_EVENT,aux_behavior,37584,0,37584,0,1,12528,0,0,0,0,0,1,0,200448
4472,4472,AUX_EVENT,aux_behavior,110592,0,110592,0,1,36864,0,0,0,0,0,1,0,589824
4473,4473,AUX_EVENT,aux_behavior,110592,0,110592,0,1,36864,0,0,0,0,0,1,0,589824
4474,4474,AUX_EVENT,aux_behavior,110592,0,110592,0,1,36864,0,0,0,0,0,1,0,589824
4475,4475,AUX_EVENT,aux_behavior,110592,0,110592,0,1,36864,0,0,0,0,0,1,0,589824
4476,4476,AUX_EVENT,aux_behavior,110592,0,110592,0,1,36864,0,0,0,0,0,1,0,589824
4477,4477,AUX_EVENT,aux_behavior,110592,0,110592,0,1,36864,0,0,0,0,0,1,0,589824
4478,4478,AUX_EVENT,aux_behavior,110592,0,110592,0,1,36864,0,0,0,0,0,1,0,589824
4479,4479,AUX_EVENT,aux_behavior,110592,0,110592,0,1,36864,0,0,0,0,0,1,0,589824
4480,4480,MUL,vector_rtl,25056,0,25056,0,1,12528,0,0,0,0,0,1,0,200448
4481,4481,ADD,vector_rtl,25056,0,25056,0,1,12528,0,0,0,0,0,1,0,200448
4482,4482,LAYER_NORM,vector_rtl,25056,0,25056,0,1,12528,0,0,0,0,0,1,0,200448
4483,4483,AUX_EVENT,aux_behavior,576,0,576,0,1,192,0,0,0,0,0,1,0,3072
4484,4484,AUX_EVENT,aux_behavior,442368,0,442368,0,1,147456,0,0,0,0,0,1,0,2359296
4485,4485,AUX_EVENT,aux_behavior,37584,0,37584,0,1,12528,0,0,0,0,0,1,0,200448
4486,4486,GEMM_W8A8,rtl_gemm,12533,12533,0,0,1,12528,4,12528,0,0,0,0,0,200448
4487,4487,AUX_EVENT,aux_behavior,37584,0,37584,0,1,12528,0,0,0,0,0,1,0,200448
4488,4488,AUX_EVENT,aux_behavior,37584,0,37584,0,1,12528,0,0,0,0,0,1,0,200448
4489,4489,AUX_EVENT,aux_behavior,37584,0,37584,0,1,12528,0,0,0,0,0,1,0,200448
4490,4490,AUX_EVENT,aux_behavior,37584,0,37584,0,1,12528,0,0,0,0,0,1,0,200448
4491,4491,AUX_EVENT,aux_behavior,37584,0,37584,0,1,12528,0,0,0,0,0,1,0,200448
4492,4492,AUX_EVENT,aux_behavior,37584,0,37584,0,1,12528,0,0,0,0,0,1,0,200448
4493,4493,AUX_EVENT,aux_behavior,37584,0,37584,0,1,12528,0,0,0,0,0,1,0,200448
4494,4494,AUX_EVENT,aux_behavior,442368,0,442368,0,1,147456,0,0,0,0,0,1,0,2359296
4495,4495,AUX_EVENT,aux_behavior,442368,0,442368,0,1,147456,0,0,0,0,0,1,0,2359296
4496,4496,AUX_EVENT,aux_behavior,442368,0,442368,0,1,147456,0,0,0,0,0,1,0,2359296
4497,4497,AUX_EVENT,aux_behavior,442368,0,442368,0,1,147456,0,0,0,0,0,1,0,2359296
4498,4498,AUX_EVENT,aux_behavior,442368,0,442368,0,1,147456,0,0,0,0,0,1,0,2359296
4499,4499,AUX_EVENT,aux_behavior,442368,0,442368,0,1,147456,0,0,0,0,0,1,0,2359296
4500,4500,AUX_EVENT,aux_behavior,442368,0,442368,0,1,147456,0,0,0,0,0,1,0,2359296
4501,4501,AUX_EVENT,aux_behavior,442368,0,442368,0,1,147456,0,0,0,0,0,1,0,2359296
4502,4502,GELU,vector_rtl,100224,0,100224,0,1,50112,0,0,0,0,0,1,0,801792
4503,4503,AUX_EVENT,aux_behavior,144,0,144,0,1,48,0,0,0,0,0,1,0,768
4504,4504,AUX_EVENT,aux_behavior,442368,0,442368,0,1,147456,0,0,0,0,0,1,0,2359296
4505,4505,GEMM_W8A8,rtl_gemm,50117,50117,0,0,1,50112,4,50112,0,0,0,0,0,801792
4506,4506,AUX_EVENT,aux_behavior,150336,0,150336,0,1,50112,0,0,0,0,0,1,0,801792
4507,4507,AUX_EVENT,aux_behavior,150336,0,150336,0,1,50112,0,0,0,0,0,1,0,801792
4508,4508,AUX_EVENT,aux_behavior,150336,0,150336,0,1,50112,0,0,0,0,0,1,0,801792
4509,4509,AUX_EVENT,aux_behavior,150336,0,150336,0,1,50112,0,0,0,0,0,1,0,801792
4510,4510,AUX_EVENT,aux_behavior,150336,0,150336,0,1,50112,0,0,0,0,0,1,0,801792
4511,4511,AUX_EVENT,aux_behavior,150336,0,150336,0,1,50112,0,0,0,0,0,1,0,801792
4512,4512,AUX_EVENT,aux_behavior,150336,0,150336,0,1,50112,0,0,0,0,0,1,0,801792
4513,4513,AUX_EVENT,aux_behavior,442368,0,442368,0,1,147456,0,0,0,0,0,1,0,2359296
4514,4514,AUX_EVENT,aux_behavior,442368,0,442368,0,1,147456,0,0,0,0,0,1,0,2359296
4515,4515,AUX_EVENT,aux_behavior,442368,0,442368,0,1,147456,0,0,0,0,0,1,0,2359296
4516,4516,AUX_EVENT,aux_behavior,442368,0,442368,0,1,147456,0,0,0,0,0,1,0,2359296
4517,4517,AUX_EVENT,aux_behavior,442368,0,442368,0,1,147456,0,0,0,0,0,1,0,2359296
4518,4518,AUX_EVENT,aux_behavior,442368,0,442368,0,1,147456,0,0,0,0,0,1,0,2359296
4519,4519,AUX_EVENT,aux_behavior,442368,0,442368,0,1,147456,0,0,0,0,0,1,0,2359296
4520,4520,AUX_EVENT,aux_behavior,442368,0,442368,0,1,147456,0,0,0,0,0,1,0,2359296
4521,4521,MUL,vector_rtl,25056,0,25056,0,1,12528,0,0,0,0,0,1,0,200448
4522,4522,ADD,vector_rtl,25056,0,25056,0,1,12528,0,0,0,0,0,1,0,200448
4523,4523,LAYER_NORM,vector_rtl,25056,0,25056,0,1,12528,0,0,0,0,0,1,0,200448
4524,4524,AUX_EVENT,aux_behavior,144,0,144,0,1,48,0,0,0,0,0,1,0,768
4525,4525,AUX_EVENT,aux_behavior,110592,0,110592,0,1,36864,0,0,0,0,0,1,0,589824
4526,4526,AUX_EVENT,aux_behavior,37584,0,37584,0,1,12528,0,0,0,0,0,1,0,200448
4527,4527,GEMM_W8A8,rtl_gemm,132752,132752,0,106624,13056,12528,544,12528,153944064,76972032,136,200448,589824,200448
4528,4528,AUX_EVENT,aux_behavior,37584,0,37584,0,1,12528,0,0,0,0,0,1,0,200448
4529,4529,AUX_EVENT,aux_behavior,37584,0,37584,0,1,12528,0,0,0,0,0,1,0,200448
4530,4530,AUX_EVENT,aux_behavior,37584,0,37584,0,1,12528,0,0,0,0,0,1,0,200448
4531,4531,AUX_EVENT,aux_behavior,37584,0,37584,0,1,12528,0,0,0,0,0,1,0,200448
4532,4532,AUX_EVENT,aux_behavior,37584,0,37584,0,1,12528,0,0,0,0,0,1,0,200448
4533,4533,AUX_EVENT,aux_behavior,37584,0,37584,0,1,12528,0,0,0,0,0,1,0,200448
4534,4534,AUX_EVENT,aux_behavior,37584,0,37584,0,1,12528,0,0,0,0,0,1,0,200448
4535,4535,AUX_EVENT,aux_behavior,110592,0,110592,0,1,36864,0,0,0,0,0,1,0,589824
4536,4536,AUX_EVENT,aux_behavior,110592,0,110592,0,1,36864,0,0,0,0,0,1,0,589824
4537,4537,AUX_EVENT,aux_behavior,110592,0,110592,0,1,36864,0,0,0,0,0,1,0,589824
4538,4538,AUX_EVENT,aux_behavior,110592,0,110592,0,1,36864,0,0,0,0,0,1,0,589824
4539,4539,AUX_EVENT,aux_behavior,110592,0,110592,0,1,36864,0,0,0,0,0,1,0,589824
4540,4540,AUX_EVENT,aux_behavior,110592,0,110592,0,1,36864,0,0,0,0,0,1,0,589824
4541,4541,AUX_EVENT,aux_behavior,110592,0,110592,0,1,36864,0,0,0,0,0,1,0,589824
4542,4542,AUX_EVENT,aux_behavior,110592,0,110592,0,1,36864,0,0,0,0,0,1,0,589824
4543,4543,AUX_EVENT,aux_behavior,110592,0,110592,0,1,36864,0,0,0,0,0,1,0,589824
4544,4544,AUX_EVENT,aux_behavior,37584,0,37584,0,1,12528,0,0,0,0,0,1,0,200448
4545,4545,GEMM_W8A8,rtl_gemm,132752,132752,0,106624,13056,12528,544,12528,153944064,76972032,136,200448,589824,200448
4546,4546,AUX_EVENT,aux_behavior,37584,0,37584,0,1,12528,0,0,0,0,0,1,0,200448
4547,4547,AUX_EVENT,aux_behavior,37584,0,37584,0,1,12528,0,0,0,0,0,1,0,200448
4548,4548,AUX_EVENT,aux_behavior,37584,0,37584,0,1,12528,0,0,0,0,0,1,0,200448
4549,4549,AUX_EVENT,aux_behavior,37584,0,37584,0,1,12528,0,0,0,0,0,1,0,200448
4550,4550,AUX_EVENT,aux_behavior,37584,0,37584,0,1,12528,0,0,0,0,0,1,0,200448
4551,4551,AUX_EVENT,aux_behavior,37584,0,37584,0,1,12528,0,0,0,0,0,1,0,200448
4552,4552,AUX_EVENT,aux_behavior,37584,0,37584,0,1,12528,0,0,0,0,0,1,0,200448
4553,4553,AUX_EVENT,aux_behavior,110592,0,110592,0,1,36864,0,0,0,0,0,1,0,589824
4554,4554,AUX_EVENT,aux_behavior,110592,0,110592,0,1,36864,0,0,0,0,0,1,0,589824
4555,4555,AUX_EVENT,aux_behavior,110592,0,110592,0,1,36864,0,0,0,0,0,1,0,589824
4556,4556,AUX_EVENT,aux_behavior,110592,0,110592,0,1,36864,0,0,0,0,0,1,0,589824
4557,4557,AUX_EVENT,aux_behavior,110592,0,110592,0,1,36864,0,0,0,0,0,1,0,589824
4558,4558,AUX_EVENT,aux_behavior,110592,0,110592,0,1,36864,0,0,0,0,0,1,0,589824
4559,4559,AUX_EVENT,aux_behavior,110592,0,110592,0,1,36864,0,0,0,0,0,1,0,589824
4560,4560,AUX_EVENT,aux_behavior,110592,0,110592,0,1,36864,0,0,0,0,0,1,0,589824
4561,4561,AUX_EVENT,aux_behavior,144,0,144,0,1,48,0,0,0,0,0,1,0,768
4562,4562,AUX_EVENT,aux_behavior,110592,0,110592,0,1,36864,0,0,0,0,0,1,0,589824
4563,4563,AUX_EVENT,aux_behavior,37584,0,37584,0,1,12528,0,0,0,0,0,1,0,200448
4564,4564,GEMM_W8A8,rtl_gemm,132752,132752,0,106624,13056,12528,544,12528,153944064,76972032,136,200448,589824,200448
4565,4565,AUX_EVENT,aux_behavior,37584,0,37584,0,1,12528,0,0,0,0,0,1,0,200448
4566,4566,AUX_EVENT,aux_behavior,37584,0,37584,0,1,12528,0,0,0,0,0,1,0,200448
4567,4567,AUX_EVENT,aux_behavior,37584,0,37584,0,1,12528,0,0,0,0,0,1,0,200448
4568,4568,AUX_EVENT,aux_behavior,37584,0,37584,0,1,12528,0,0,0,0,0,1,0,200448
4569,4569,AUX_EVENT,aux_behavior,37584,0,37584,0,1,12528,0,0,0,0,0,1,0,200448
4570,4570,AUX_EVENT,aux_behavior,37584,0,37584,0,1,12528,0,0,0,0,0,1,0,200448
4571,4571,AUX_EVENT,aux_behavior,37584,0,37584,0,1,12528,0,0,0,0,0,1,0,200448
4572,4572,AUX_EVENT,aux_behavior,110592,0,110592,0,1,36864,0,0,0,0,0,1,0,589824
4573,4573,AUX_EVENT,aux_behavior,110592,0,110592,0,1,36864,0,0,0,0,0,1,0,589824
4574,4574,AUX_EVENT,aux_behavior,110592,0,110592,0,1,36864,0,0,0,0,0,1,0,589824
4575,4575,AUX_EVENT,aux_behavior,110592,0,110592,0,1,36864,0,0,0,0,0,1,0,589824
4576,4576,AUX_EVENT,aux_behavior,110592,0,110592,0,1,36864,0,0,0,0,0,1,0,589824
4577,4577,AUX_EVENT,aux_behavior,110592,0,110592,0,1,36864,0,0,0,0,0,1,0,589824
4578,4578,AUX_EVENT,aux_behavior,110592,0,110592,0,1,36864,0,0,0,0,0,1,0,589824
4579,4579,AUX_EVENT,aux_behavior,110592,0,110592,0,1,36864,0,0,0,0,0,1,0,589824
4580,4580,LAYOUT,layout_rtl,25056,0,25056,0,1,12528,0,0,0,0,0,1,0,200448
4581,4581,LAYOUT,layout_rtl,25056,0,25056,0,1,12528,0,0,0,0,0,1,0,200448
4582,4582,LAYOUT,layout_rtl,25056,0,25056,0,1,12528,0,0,0,0,0,1,0,200448
4583,4583,LAYOUT,layout_rtl,25056,0,25056,0,1,12528,0,0,0,0,0,1,0,200448
4584,4584,LAYOUT,layout_rtl,25056,0,25056,0,1,12528,0,0,0,0,0,1,0,200448
4585,4585,LAYOUT,layout_rtl,25056,0,25056,0,1,12528,0,0,0,0,0,1,0,200448
4586,4586,AUX_EVENT,aux_behavior,37584,0,37584,0,1,12528,0,0,0,0,0,1,0,200448
4587,4587,AUX_EVENT,aux_behavior,37584,0,37584,0,1,12528,0,0,0,0,0,1,0,200448
4588,4588,MUL,vector_rtl,24576,0,24576,0,1,12288,0,0,0,0,0,1,0,196608
4589,4589,LAYOUT,layout_rtl,24576,0,24576,0,1,12288,0,0,0,0,0,1,0,196608
4590,4590,LAYOUT,layout_rtl,24576,0,24576,0,1,12288,0,0,0,0,0,1,0,196608
4591,4591,AUX_EVENT,aux_behavior,18432,0,18432,0,1,6144,0,0,0,0,0,1,0,98304
4592,4592,LAYOUT,layout_rtl,12288,0,12288,0,1,6144,0,0,0,0,0,1,0,98304
4593,4593,MUL,vector_rtl,24576,0,24576,0,1,12288,0,0,0,0,0,1,0,196608
4594,4594,ADD,vector_rtl,24576,0,24576,0,1,12288,0,0,0,0,0,1,0,196608
4595,4595,MUL,vector_rtl,24576,0,24576,0,1,12288,0,0,0,0,0,1,0,196608
4596,4596,LAYOUT,layout_rtl,24576,0,24576,0,1,12288,0,0,0,0,0,1,0,196608
4597,4597,LAYOUT,layout_rtl,24576,0,24576,0,1,12288,0,0,0,0,0,1,0,196608
4598,4598,AUX_EVENT,aux_behavior,18432,0,18432,0,1,6144,0,0,0,0,0,1,0,98304
4599,4599,LAYOUT,layout_rtl,12288,0,12288,0,1,6144,0,0,0,0,0,1,0,98304
4600,4600,MUL,vector_rtl,24576,0,24576,0,1,12288,0,0,0,0,0,1,0,196608
4601,4601,ADD,vector_rtl,24576,0,24576,0,1,12288,0,0,0,0,0,1,0,196608
4602,4602,LAYOUT,layout_rtl,480,0,480,0,1,240,0,0,0,0,0,1,0,3840
4603,4603,LAYOUT,layout_rtl,480,0,480,0,1,240,0,0,0,0,0,1,0,3840
4604,4604,AUX_EVENT,aux_behavior,37584,0,37584,0,1,12528,0,0,0,0,0,1,0,200448
4605,4605,AUX_EVENT,aux_behavior,37584,0,37584,0,1,12528,0,0,0,0,0,1,0,200448
4606,4606,AUX_EVENT,aux_behavior,37584,0,37584,0,1,12528,0,0,0,0,0,1,0,200448
4607,4607,LAYOUT,layout_rtl,25056,0,25056,0,1,12528,0,0,0,0,0,1,0,200448
4608,4608,LAYOUT,layout_rtl,25056,0,25056,0,1,12528,0,0,0,0,0,1,0,200448
4609,4609,LAYOUT,layout_rtl,25056,0,25056,0,1,12528,0,0,0,0,0,1,0,200448
4610,4610,AUX_EVENT,aux_behavior,144,0,144,0,1,48,0,0,0,0,0,1,0,768
4611,4611,AUX_EVENT,aux_behavior,110592,0,110592,0,1,36864,0,0,0,0,0,1,0,589824
4612,4612,GEMM_W8A8,rtl_gemm,132752,132752,0,106624,13056,12528,544,12528,153944064,76972032,136,200448,589824,200448
4613,4613,AUX_EVENT,aux_behavior,37584,0,37584,0,1,12528,0,0,0,0,0,1,0,200448
4614,4614,AUX_EVENT,aux_behavior,37584,0,37584,0,1,12528,0,0,0,0,0,1,0,200448
4615,4615,AUX_EVENT,aux_behavior,37584,0,37584,0,1,12528,0,0,0,0,0,1,0,200448
4616,4616,AUX_EVENT,aux_behavior,37584,0,37584,0,1,12528,0,0,0,0,0,1,0,200448
4617,4617,AUX_EVENT,aux_behavior,37584,0,37584,0,1,12528,0,0,0,0,0,1,0,200448
4618,4618,AUX_EVENT,aux_behavior,37584,0,37584,0,1,12528,0,0,0,0,0,1,0,200448
4619,4619,AUX_EVENT,aux_behavior,37584,0,37584,0,1,12528,0,0,0,0,0,1,0,200448
4620,4620,AUX_EVENT,aux_behavior,110592,0,110592,0,1,36864,0,0,0,0,0,1,0,589824
4621,4621,AUX_EVENT,aux_behavior,110592,0,110592,0,1,36864,0,0,0,0,0,1,0,589824
4622,4622,AUX_EVENT,aux_behavior,110592,0,110592,0,1,36864,0,0,0,0,0,1,0,589824
4623,4623,AUX_EVENT,aux_behavior,110592,0,110592,0,1,36864,0,0,0,0,0,1,0,589824
4624,4624,AUX_EVENT,aux_behavior,110592,0,110592,0,1,36864,0,0,0,0,0,1,0,589824
4625,4625,AUX_EVENT,aux_behavior,110592,0,110592,0,1,36864,0,0,0,0,0,1,0,589824
4626,4626,AUX_EVENT,aux_behavior,110592,0,110592,0,1,36864,0,0,0,0,0,1,0,589824
4627,4627,AUX_EVENT,aux_behavior,110592,0,110592,0,1,36864,0,0,0,0,0,1,0,589824
4628,4628,MUL,vector_rtl,25056,0,25056,0,1,12528,0,0,0,0,0,1,0,200448
4629,4629,ADD,vector_rtl,25056,0,25056,0,1,12528,0,0,0,0,0,1,0,200448
4630,4630,LAYER_NORM,vector_rtl,25056,0,25056,0,1,12528,0,0,0,0,0,1,0,200448
4631,4631,AUX_EVENT,aux_behavior,576,0,576,0,1,192,0,0,0,0,0,1,0,3072
4632,4632,AUX_EVENT,aux_behavior,442368,0,442368,0,1,147456,0,0,0,0,0,1,0,2359296
4633,4633,AUX_EVENT,aux_behavior,37584,0,37584,0,1,12528,0,0,0,0,0,1,0,200448
4634,4634,GEMM_W8A8,rtl_gemm,12533,12533,0,0,1,12528,4,12528,0,0,0,0,0,200448
4635,4635,AUX_EVENT,aux_behavior,37584,0,37584,0,1,12528,0,0,0,0,0,1,0,200448
4636,4636,AUX_EVENT,aux_behavior,37584,0,37584,0,1,12528,0,0,0,0,0,1,0,200448
4637,4637,AUX_EVENT,aux_behavior,37584,0,37584,0,1,12528,0,0,0,0,0,1,0,200448
4638,4638,AUX_EVENT,aux_behavior,37584,0,37584,0,1,12528,0,0,0,0,0,1,0,200448
4639,4639,AUX_EVENT,aux_behavior,37584,0,37584,0,1,12528,0,0,0,0,0,1,0,200448
4640,4640,AUX_EVENT,aux_behavior,37584,0,37584,0,1,12528,0,0,0,0,0,1,0,200448
4641,4641,AUX_EVENT,aux_behavior,37584,0,37584,0,1,12528,0,0,0,0,0,1,0,200448
4642,4642,AUX_EVENT,aux_behavior,442368,0,442368,0,1,147456,0,0,0,0,0,1,0,2359296
4643,4643,AUX_EVENT,aux_behavior,442368,0,442368,0,1,147456,0,0,0,0,0,1,0,2359296
4644,4644,AUX_EVENT,aux_behavior,442368,0,442368,0,1,147456,0,0,0,0,0,1,0,2359296
4645,4645,AUX_EVENT,aux_behavior,442368,0,442368,0,1,147456,0,0,0,0,0,1,0,2359296
4646,4646,AUX_EVENT,aux_behavior,442368,0,442368,0,1,147456,0,0,0,0,0,1,0,2359296
4647,4647,AUX_EVENT,aux_behavior,442368,0,442368,0,1,147456,0,0,0,0,0,1,0,2359296
4648,4648,AUX_EVENT,aux_behavior,442368,0,442368,0,1,147456,0,0,0,0,0,1,0,2359296
4649,4649,AUX_EVENT,aux_behavior,442368,0,442368,0,1,147456,0,0,0,0,0,1,0,2359296
4650,4650,GELU,vector_rtl,100224,0,100224,0,1,50112,0,0,0,0,0,1,0,801792
4651,4651,AUX_EVENT,aux_behavior,144,0,144,0,1,48,0,0,0,0,0,1,0,768
4652,4652,AUX_EVENT,aux_behavior,442368,0,442368,0,1,147456,0,0,0,0,0,1,0,2359296
4653,4653,GEMM_W8A8,rtl_gemm,50117,50117,0,0,1,50112,4,50112,0,0,0,0,0,801792
4654,4654,AUX_EVENT,aux_behavior,150336,0,150336,0,1,50112,0,0,0,0,0,1,0,801792
4655,4655,AUX_EVENT,aux_behavior,150336,0,150336,0,1,50112,0,0,0,0,0,1,0,801792
4656,4656,AUX_EVENT,aux_behavior,150336,0,150336,0,1,50112,0,0,0,0,0,1,0,801792
4657,4657,AUX_EVENT,aux_behavior,150336,0,150336,0,1,50112,0,0,0,0,0,1,0,801792
4658,4658,AUX_EVENT,aux_behavior,150336,0,150336,0,1,50112,0,0,0,0,0,1,0,801792
4659,4659,AUX_EVENT,aux_behavior,150336,0,150336,0,1,50112,0,0,0,0,0,1,0,801792
4660,4660,AUX_EVENT,aux_behavior,150336,0,150336,0,1,50112,0,0,0,0,0,1,0,801792
4661,4661,AUX_EVENT,aux_behavior,442368,0,442368,0,1,147456,0,0,0,0,0,1,0,2359296
4662,4662,AUX_EVENT,aux_behavior,442368,0,442368,0,1,147456,0,0,0,0,0,1,0,2359296
4663,4663,AUX_EVENT,aux_behavior,442368,0,442368,0,1,147456,0,0,0,0,0,1,0,2359296
4664,4664,AUX_EVENT,aux_behavior,442368,0,442368,0,1,147456,0,0,0,0,0,1,0,2359296
4665,4665,AUX_EVENT,aux_behavior,442368,0,442368,0,1,147456,0,0,0,0,0,1,0,2359296
4666,4666,AUX_EVENT,aux_behavior,442368,0,442368,0,1,147456,0,0,0,0,0,1,0,2359296
4667,4667,AUX_EVENT,aux_behavior,442368,0,442368,0,1,147456,0,0,0,0,0,1,0,2359296
4668,4668,AUX_EVENT,aux_behavior,442368,0,442368,0,1,147456,0,0,0,0,0,1,0,2359296
4669,4669,MUL,vector_rtl,25056,0,25056,0,1,12528,0,0,0,0,0,1,0,200448
4670,4670,ADD,vector_rtl,25056,0,25056,0,1,12528,0,0,0,0,0,1,0,200448
4671,4671,LAYER_NORM,vector_rtl,25056,0,25056,0,1,12528,0,0,0,0,0,1,0,200448
4672,4672,AUX_EVENT,aux_behavior,144,0,144,0,1,48,0,0,0,0,0,1,0,768
4673,4673,AUX_EVENT,aux_behavior,110592,0,110592,0,1,36864,0,0,0,0,0,1,0,589824
4674,4674,AUX_EVENT,aux_behavior,37584,0,37584,0,1,12528,0,0,0,0,0,1,0,200448
4675,4675,GEMM_W8A8,rtl_gemm,132752,132752,0,106624,13056,12528,544,12528,153944064,76972032,136,200448,589824,200448
4676,4676,AUX_EVENT,aux_behavior,37584,0,37584,0,1,12528,0,0,0,0,0,1,0,200448
4677,4677,AUX_EVENT,aux_behavior,37584,0,37584,0,1,12528,0,0,0,0,0,1,0,200448
4678,4678,AUX_EVENT,aux_behavior,37584,0,37584,0,1,12528,0,0,0,0,0,1,0,200448
4679,4679,AUX_EVENT,aux_behavior,37584,0,37584,0,1,12528,0,0,0,0,0,1,0,200448
4680,4680,AUX_EVENT,aux_behavior,37584,0,37584,0,1,12528,0,0,0,0,0,1,0,200448
4681,4681,AUX_EVENT,aux_behavior,37584,0,37584,0,1,12528,0,0,0,0,0,1,0,200448
4682,4682,AUX_EVENT,aux_behavior,37584,0,37584,0,1,12528,0,0,0,0,0,1,0,200448
4683,4683,AUX_EVENT,aux_behavior,110592,0,110592,0,1,36864,0,0,0,0,0,1,0,589824
4684,4684,AUX_EVENT,aux_behavior,110592,0,110592,0,1,36864,0,0,0,0,0,1,0,589824
4685,4685,AUX_EVENT,aux_behavior,110592,0,110592,0,1,36864,0,0,0,0,0,1,0,589824
4686,4686,AUX_EVENT,aux_behavior,110592,0,110592,0,1,36864,0,0,0,0,0,1,0,589824
4687,4687,AUX_EVENT,aux_behavior,110592,0,110592,0,1,36864,0,0,0,0,0,1,0,589824
4688,4688,AUX_EVENT,aux_behavior,110592,0,110592,0,1,36864,0,0,0,0,0,1,0,589824
4689,4689,AUX_EVENT,aux_behavior,110592,0,110592,0,1,36864,0,0,0,0,0,1,0,589824
4690,4690,AUX_EVENT,aux_behavior,110592,0,110592,0,1,36864,0,0,0,0,0,1,0,589824
4691,4691,AUX_EVENT,aux_behavior,110592,0,110592,0,1,36864,0,0,0,0,0,1,0,589824
4692,4692,AUX_EVENT,aux_behavior,37584,0,37584,0,1,12528,0,0,0,0,0,1,0,200448
4693,4693,GEMM_W8A8,rtl_gemm,132752,132752,0,106624,13056,12528,544,12528,153944064,76972032,136,200448,589824,200448
4694,4694,AUX_EVENT,aux_behavior,37584,0,37584,0,1,12528,0,0,0,0,0,1,0,200448
4695,4695,AUX_EVENT,aux_behavior,37584,0,37584,0,1,12528,0,0,0,0,0,1,0,200448
4696,4696,AUX_EVENT,aux_behavior,37584,0,37584,0,1,12528,0,0,0,0,0,1,0,200448
4697,4697,AUX_EVENT,aux_behavior,37584,0,37584,0,1,12528,0,0,0,0,0,1,0,200448
4698,4698,AUX_EVENT,aux_behavior,37584,0,37584,0,1,12528,0,0,0,0,0,1,0,200448
4699,4699,AUX_EVENT,aux_behavior,37584,0,37584,0,1,12528,0,0,0,0,0,1,0,200448
4700,4700,AUX_EVENT,aux_behavior,37584,0,37584,0,1,12528,0,0,0,0,0,1,0,200448
4701,4701,AUX_EVENT,aux_behavior,110592,0,110592,0,1,36864,0,0,0,0,0,1,0,589824
4702,4702,AUX_EVENT,aux_behavior,110592,0,110592,0,1,36864,0,0,0,0,0,1,0,589824
4703,4703,AUX_EVENT,aux_behavior,110592,0,110592,0,1,36864,0,0,0,0,0,1,0,589824
4704,4704,AUX_EVENT,aux_behavior,110592,0,110592,0,1,36864,0,0,0,0,0,1,0,589824
4705,4705,AUX_EVENT,aux_behavior,110592,0,110592,0,1,36864,0,0,0,0,0,1,0,589824
4706,4706,AUX_EVENT,aux_behavior,110592,0,110592,0,1,36864,0,0,0,0,0,1,0,589824
4707,4707,AUX_EVENT,aux_behavior,110592,0,110592,0,1,36864,0,0,0,0,0,1,0,589824
4708,4708,AUX_EVENT,aux_behavior,110592,0,110592,0,1,36864,0,0,0,0,0,1,0,589824
4709,4709,AUX_EVENT,aux_behavior,144,0,144,0,1,48,0,0,0,0,0,1,0,768
4710,4710,AUX_EVENT,aux_behavior,110592,0,110592,0,1,36864,0,0,0,0,0,1,0,589824
4711,4711,AUX_EVENT,aux_behavior,37584,0,37584,0,1,12528,0,0,0,0,0,1,0,200448
4712,4712,GEMM_W8A8,rtl_gemm,132752,132752,0,106624,13056,12528,544,12528,153944064,76972032,136,200448,589824,200448
4713,4713,AUX_EVENT,aux_behavior,37584,0,37584,0,1,12528,0,0,0,0,0,1,0,200448
4714,4714,AUX_EVENT,aux_behavior,37584,0,37584,0,1,12528,0,0,0,0,0,1,0,200448
4715,4715,AUX_EVENT,aux_behavior,37584,0,37584,0,1,12528,0,0,0,0,0,1,0,200448
4716,4716,AUX_EVENT,aux_behavior,37584,0,37584,0,1,12528,0,0,0,0,0,1,0,200448
4717,4717,AUX_EVENT,aux_behavior,37584,0,37584,0,1,12528,0,0,0,0,0,1,0,200448
4718,4718,AUX_EVENT,aux_behavior,37584,0,37584,0,1,12528,0,0,0,0,0,1,0,200448
4719,4719,AUX_EVENT,aux_behavior,37584,0,37584,0,1,12528,0,0,0,0,0,1,0,200448
4720,4720,AUX_EVENT,aux_behavior,110592,0,110592,0,1,36864,0,0,0,0,0,1,0,589824
4721,4721,AUX_EVENT,aux_behavior,110592,0,110592,0,1,36864,0,0,0,0,0,1,0,589824
4722,4722,AUX_EVENT,aux_behavior,110592,0,110592,0,1,36864,0,0,0,0,0,1,0,589824
4723,4723,AUX_EVENT,aux_behavior,110592,0,110592,0,1,36864,0,0,0,0,0,1,0,589824
4724,4724,AUX_EVENT,aux_behavior,110592,0,110592,0,1,36864,0,0,0,0,0,1,0,589824
4725,4725,AUX_EVENT,aux_behavior,110592,0,110592,0,1,36864,0,0,0,0,0,1,0,589824
4726,4726,AUX_EVENT,aux_behavior,110592,0,110592,0,1,36864,0,0,0,0,0,1,0,589824
4727,4727,AUX_EVENT,aux_behavior,110592,0,110592,0,1,36864,0,0,0,0,0,1,0,589824
4728,4728,LAYOUT,layout_rtl,25056,0,25056,0,1,12528,0,0,0,0,0,1,0,200448
4729,4729,LAYOUT,layout_rtl,25056,0,25056,0,1,12528,0,0,0,0,0,1,0,200448
4730,4730,LAYOUT,layout_rtl,25056,0,25056,0,1,12528,0,0,0,0,0,1,0,200448
4731,4731,LAYOUT,layout_rtl,25056,0,25056,0,1,12528,0,0,0,0,0,1,0,200448
4732,4732,LAYOUT,layout_rtl,25056,0,25056,0,1,12528,0,0,0,0,0,1,0,200448
4733,4733,LAYOUT,layout_rtl,25056,0,25056,0,1,12528,0,0,0,0,0,1,0,200448
4734,4734,AUX_EVENT,aux_behavior,37584,0,37584,0,1,12528,0,0,0,0,0,1,0,200448
4735,4735,AUX_EVENT,aux_behavior,37584,0,37584,0,1,12528,0,0,0,0,0,1,0,200448
4736,4736,MUL,vector_rtl,24576,0,24576,0,1,12288,0,0,0,0,0,1,0,196608
4737,4737,LAYOUT,layout_rtl,24576,0,24576,0,1,12288,0,0,0,0,0,1,0,196608
4738,4738,LAYOUT,layout_rtl,24576,0,24576,0,1,12288,0,0,0,0,0,1,0,196608
4739,4739,AUX_EVENT,aux_behavior,18432,0,18432,0,1,6144,0,0,0,0,0,1,0,98304
4740,4740,LAYOUT,layout_rtl,12288,0,12288,0,1,6144,0,0,0,0,0,1,0,98304
4741,4741,MUL,vector_rtl,24576,0,24576,0,1,12288,0,0,0,0,0,1,0,196608
4742,4742,ADD,vector_rtl,24576,0,24576,0,1,12288,0,0,0,0,0,1,0,196608
4743,4743,MUL,vector_rtl,24576,0,24576,0,1,12288,0,0,0,0,0,1,0,196608
4744,4744,LAYOUT,layout_rtl,24576,0,24576,0,1,12288,0,0,0,0,0,1,0,196608
4745,4745,LAYOUT,layout_rtl,24576,0,24576,0,1,12288,0,0,0,0,0,1,0,196608
4746,4746,AUX_EVENT,aux_behavior,18432,0,18432,0,1,6144,0,0,0,0,0,1,0,98304
4747,4747,LAYOUT,layout_rtl,12288,0,12288,0,1,6144,0,0,0,0,0,1,0,98304
4748,4748,MUL,vector_rtl,24576,0,24576,0,1,12288,0,0,0,0,0,1,0,196608
4749,4749,ADD,vector_rtl,24576,0,24576,0,1,12288,0,0,0,0,0,1,0,196608
4750,4750,LAYOUT,layout_rtl,480,0,480,0,1,240,0,0,0,0,0,1,0,3840
4751,4751,LAYOUT,layout_rtl,480,0,480,0,1,240,0,0,0,0,0,1,0,3840
4752,4752,AUX_EVENT,aux_behavior,37584,0,37584,0,1,12528,0,0,0,0,0,1,0,200448
4753,4753,AUX_EVENT,aux_behavior,37584,0,37584,0,1,12528,0,0,0,0,0,1,0,200448
4754,4754,AUX_EVENT,aux_behavior,37584,0,37584,0,1,12528,0,0,0,0,0,1,0,200448
4755,4755,LAYOUT,layout_rtl,25056,0,25056,0,1,12528,0,0,0,0,0,1,0,200448
4756,4756,LAYOUT,layout_rtl,25056,0,25056,0,1,12528,0,0,0,0,0,1,0,200448
4757,4757,LAYOUT,layout_rtl,25056,0,25056,0,1,12528,0,0,0,0,0,1,0,200448
4758,4758,AUX_EVENT,aux_behavior,144,0,144,0,1,48,0,0,0,0,0,1,0,768
4759,4759,AUX_EVENT,aux_behavior,110592,0,110592,0,1,36864,0,0,0,0,0,1,0,589824
4760,4760,GEMM_W8A8,rtl_gemm,132752,132752,0,106624,13056,12528,544,12528,153944064,76972032,136,200448,589824,200448
4761,4761,AUX_EVENT,aux_behavior,37584,0,37584,0,1,12528,0,0,0,0,0,1,0,200448
4762,4762,AUX_EVENT,aux_behavior,37584,0,37584,0,1,12528,0,0,0,0,0,1,0,200448
4763,4763,AUX_EVENT,aux_behavior,37584,0,37584,0,1,12528,0,0,0,0,0,1,0,200448
4764,4764,AUX_EVENT,aux_behavior,37584,0,37584,0,1,12528,0,0,0,0,0,1,0,200448
4765,4765,AUX_EVENT,aux_behavior,37584,0,37584,0,1,12528,0,0,0,0,0,1,0,200448
4766,4766,AUX_EVENT,aux_behavior,37584,0,37584,0,1,12528,0,0,0,0,0,1,0,200448
4767,4767,AUX_EVENT,aux_behavior,37584,0,37584,0,1,12528,0,0,0,0,0,1,0,200448
4768,4768,AUX_EVENT,aux_behavior,110592,0,110592,0,1,36864,0,0,0,0,0,1,0,589824
4769,4769,AUX_EVENT,aux_behavior,110592,0,110592,0,1,36864,0,0,0,0,0,1,0,589824
4770,4770,AUX_EVENT,aux_behavior,110592,0,110592,0,1,36864,0,0,0,0,0,1,0,589824
4771,4771,AUX_EVENT,aux_behavior,110592,0,110592,0,1,36864,0,0,0,0,0,1,0,589824
4772,4772,AUX_EVENT,aux_behavior,110592,0,110592,0,1,36864,0,0,0,0,0,1,0,589824
4773,4773,AUX_EVENT,aux_behavior,110592,0,110592,0,1,36864,0,0,0,0,0,1,0,589824
4774,4774,AUX_EVENT,aux_behavior,110592,0,110592,0,1,36864,0,0,0,0,0,1,0,589824
4775,4775,AUX_EVENT,aux_behavior,110592,0,110592,0,1,36864,0,0,0,0,0,1,0,589824
4776,4776,MUL,vector_rtl,25056,0,25056,0,1,12528,0,0,0,0,0,1,0,200448
4777,4777,ADD,vector_rtl,25056,0,25056,0,1,12528,0,0,0,0,0,1,0,200448
4778,4778,LAYER_NORM,vector_rtl,25056,0,25056,0,1,12528,0,0,0,0,0,1,0,200448
4779,4779,AUX_EVENT,aux_behavior,576,0,576,0,1,192,0,0,0,0,0,1,0,3072
4780,4780,AUX_EVENT,aux_behavior,442368,0,442368,0,1,147456,0,0,0,0,0,1,0,2359296
4781,4781,AUX_EVENT,aux_behavior,37584,0,37584,0,1,12528,0,0,0,0,0,1,0,200448
4782,4782,GEMM_W8A8,rtl_gemm,12533,12533,0,0,1,12528,4,12528,0,0,0,0,0,200448
4783,4783,AUX_EVENT,aux_behavior,37584,0,37584,0,1,12528,0,0,0,0,0,1,0,200448
4784,4784,AUX_EVENT,aux_behavior,37584,0,37584,0,1,12528,0,0,0,0,0,1,0,200448
4785,4785,AUX_EVENT,aux_behavior,37584,0,37584,0,1,12528,0,0,0,0,0,1,0,200448
4786,4786,AUX_EVENT,aux_behavior,37584,0,37584,0,1,12528,0,0,0,0,0,1,0,200448
4787,4787,AUX_EVENT,aux_behavior,37584,0,37584,0,1,12528,0,0,0,0,0,1,0,200448
4788,4788,AUX_EVENT,aux_behavior,37584,0,37584,0,1,12528,0,0,0,0,0,1,0,200448
4789,4789,AUX_EVENT,aux_behavior,37584,0,37584,0,1,12528,0,0,0,0,0,1,0,200448
4790,4790,AUX_EVENT,aux_behavior,442368,0,442368,0,1,147456,0,0,0,0,0,1,0,2359296
4791,4791,AUX_EVENT,aux_behavior,442368,0,442368,0,1,147456,0,0,0,0,0,1,0,2359296
4792,4792,AUX_EVENT,aux_behavior,442368,0,442368,0,1,147456,0,0,0,0,0,1,0,2359296
4793,4793,AUX_EVENT,aux_behavior,442368,0,442368,0,1,147456,0,0,0,0,0,1,0,2359296
4794,4794,AUX_EVENT,aux_behavior,442368,0,442368,0,1,147456,0,0,0,0,0,1,0,2359296
4795,4795,AUX_EVENT,aux_behavior,442368,0,442368,0,1,147456,0,0,0,0,0,1,0,2359296
4796,4796,AUX_EVENT,aux_behavior,442368,0,442368,0,1,147456,0,0,0,0,0,1,0,2359296
4797,4797,AUX_EVENT,aux_behavior,442368,0,442368,0,1,147456,0,0,0,0,0,1,0,2359296
4798,4798,GELU,vector_rtl,100224,0,100224,0,1,50112,0,0,0,0,0,1,0,801792
4799,4799,AUX_EVENT,aux_behavior,144,0,144,0,1,48,0,0,0,0,0,1,0,768
4800,4800,AUX_EVENT,aux_behavior,442368,0,442368,0,1,147456,0,0,0,0,0,1,0,2359296
4801,4801,GEMM_W8A8,rtl_gemm,50117,50117,0,0,1,50112,4,50112,0,0,0,0,0,801792
4802,4802,AUX_EVENT,aux_behavior,150336,0,150336,0,1,50112,0,0,0,0,0,1,0,801792
4803,4803,AUX_EVENT,aux_behavior,150336,0,150336,0,1,50112,0,0,0,0,0,1,0,801792
4804,4804,AUX_EVENT,aux_behavior,150336,0,150336,0,1,50112,0,0,0,0,0,1,0,801792
4805,4805,AUX_EVENT,aux_behavior,150336,0,150336,0,1,50112,0,0,0,0,0,1,0,801792
4806,4806,AUX_EVENT,aux_behavior,150336,0,150336,0,1,50112,0,0,0,0,0,1,0,801792
4807,4807,AUX_EVENT,aux_behavior,150336,0,150336,0,1,50112,0,0,0,0,0,1,0,801792
4808,4808,AUX_EVENT,aux_behavior,150336,0,150336,0,1,50112,0,0,0,0,0,1,0,801792
4809,4809,AUX_EVENT,aux_behavior,442368,0,442368,0,1,147456,0,0,0,0,0,1,0,2359296
4810,4810,AUX_EVENT,aux_behavior,442368,0,442368,0,1,147456,0,0,0,0,0,1,0,2359296
4811,4811,AUX_EVENT,aux_behavior,442368,0,442368,0,1,147456,0,0,0,0,0,1,0,2359296
4812,4812,AUX_EVENT,aux_behavior,442368,0,442368,0,1,147456,0,0,0,0,0,1,0,2359296
4813,4813,AUX_EVENT,aux_behavior,442368,0,442368,0,1,147456,0,0,0,0,0,1,0,2359296
4814,4814,AUX_EVENT,aux_behavior,442368,0,442368,0,1,147456,0,0,0,0,0,1,0,2359296
4815,4815,AUX_EVENT,aux_behavior,442368,0,442368,0,1,147456,0,0,0,0,0,1,0,2359296
4816,4816,AUX_EVENT,aux_behavior,442368,0,442368,0,1,147456,0,0,0,0,0,1,0,2359296
4817,4817,MUL,vector_rtl,25056,0,25056,0,1,12528,0,0,0,0,0,1,0,200448
4818,4818,ADD,vector_rtl,25056,0,25056,0,1,12528,0,0,0,0,0,1,0,200448
4819,4819,LAYER_NORM,vector_rtl,25056,0,25056,0,1,12528,0,0,0,0,0,1,0,200448
4820,4820,AUX_EVENT,aux_behavior,144,0,144,0,1,48,0,0,0,0,0,1,0,768
4821,4821,AUX_EVENT,aux_behavior,110592,0,110592,0,1,36864,0,0,0,0,0,1,0,589824
4822,4822,AUX_EVENT,aux_behavior,37584,0,37584,0,1,12528,0,0,0,0,0,1,0,200448
4823,4823,GEMM_W8A8,rtl_gemm,132752,132752,0,106624,13056,12528,544,12528,153944064,76972032,136,200448,589824,200448
4824,4824,AUX_EVENT,aux_behavior,37584,0,37584,0,1,12528,0,0,0,0,0,1,0,200448
4825,4825,AUX_EVENT,aux_behavior,37584,0,37584,0,1,12528,0,0,0,0,0,1,0,200448
4826,4826,AUX_EVENT,aux_behavior,37584,0,37584,0,1,12528,0,0,0,0,0,1,0,200448
4827,4827,AUX_EVENT,aux_behavior,37584,0,37584,0,1,12528,0,0,0,0,0,1,0,200448
4828,4828,AUX_EVENT,aux_behavior,37584,0,37584,0,1,12528,0,0,0,0,0,1,0,200448
4829,4829,AUX_EVENT,aux_behavior,37584,0,37584,0,1,12528,0,0,0,0,0,1,0,200448
4830,4830,AUX_EVENT,aux_behavior,37584,0,37584,0,1,12528,0,0,0,0,0,1,0,200448
4831,4831,AUX_EVENT,aux_behavior,110592,0,110592,0,1,36864,0,0,0,0,0,1,0,589824
4832,4832,AUX_EVENT,aux_behavior,110592,0,110592,0,1,36864,0,0,0,0,0,1,0,589824
4833,4833,AUX_EVENT,aux_behavior,110592,0,110592,0,1,36864,0,0,0,0,0,1,0,589824
4834,4834,AUX_EVENT,aux_behavior,110592,0,110592,0,1,36864,0,0,0,0,0,1,0,589824
4835,4835,AUX_EVENT,aux_behavior,110592,0,110592,0,1,36864,0,0,0,0,0,1,0,589824
4836,4836,AUX_EVENT,aux_behavior,110592,0,110592,0,1,36864,0,0,0,0,0,1,0,589824
4837,4837,AUX_EVENT,aux_behavior,110592,0,110592,0,1,36864,0,0,0,0,0,1,0,589824
4838,4838,AUX_EVENT,aux_behavior,110592,0,110592,0,1,36864,0,0,0,0,0,1,0,589824
4839,4839,AUX_EVENT,aux_behavior,110592,0,110592,0,1,36864,0,0,0,0,0,1,0,589824
4840,4840,AUX_EVENT,aux_behavior,37584,0,37584,0,1,12528,0,0,0,0,0,1,0,200448
4841,4841,GEMM_W8A8,rtl_gemm,132752,132752,0,106624,13056,12528,544,12528,153944064,76972032,136,200448,589824,200448
4842,4842,AUX_EVENT,aux_behavior,37584,0,37584,0,1,12528,0,0,0,0,0,1,0,200448
4843,4843,AUX_EVENT,aux_behavior,37584,0,37584,0,1,12528,0,0,0,0,0,1,0,200448
4844,4844,AUX_EVENT,aux_behavior,37584,0,37584,0,1,12528,0,0,0,0,0,1,0,200448
4845,4845,AUX_EVENT,aux_behavior,37584,0,37584,0,1,12528,0,0,0,0,0,1,0,200448
4846,4846,AUX_EVENT,aux_behavior,37584,0,37584,0,1,12528,0,0,0,0,0,1,0,200448
4847,4847,AUX_EVENT,aux_behavior,37584,0,37584,0,1,12528,0,0,0,0,0,1,0,200448
4848,4848,AUX_EVENT,aux_behavior,37584,0,37584,0,1,12528,0,0,0,0,0,1,0,200448
4849,4849,AUX_EVENT,aux_behavior,110592,0,110592,0,1,36864,0,0,0,0,0,1,0,589824
4850,4850,AUX_EVENT,aux_behavior,110592,0,110592,0,1,36864,0,0,0,0,0,1,0,589824
4851,4851,AUX_EVENT,aux_behavior,110592,0,110592,0,1,36864,0,0,0,0,0,1,0,589824
4852,4852,AUX_EVENT,aux_behavior,110592,0,110592,0,1,36864,0,0,0,0,0,1,0,589824
4853,4853,AUX_EVENT,aux_behavior,110592,0,110592,0,1,36864,0,0,0,0,0,1,0,589824
4854,4854,AUX_EVENT,aux_behavior,110592,0,110592,0,1,36864,0,0,0,0,0,1,0,589824
4855,4855,AUX_EVENT,aux_behavior,110592,0,110592,0,1,36864,0,0,0,0,0,1,0,589824
4856,4856,AUX_EVENT,aux_behavior,110592,0,110592,0,1,36864,0,0,0,0,0,1,0,589824
4857,4857,AUX_EVENT,aux_behavior,144,0,144,0,1,48,0,0,0,0,0,1,0,768
4858,4858,AUX_EVENT,aux_behavior,110592,0,110592,0,1,36864,0,0,0,0,0,1,0,589824
4859,4859,AUX_EVENT,aux_behavior,37584,0,37584,0,1,12528,0,0,0,0,0,1,0,200448
4860,4860,GEMM_W8A8,rtl_gemm,132752,132752,0,106624,13056,12528,544,12528,153944064,76972032,136,200448,589824,200448
4861,4861,AUX_EVENT,aux_behavior,37584,0,37584,0,1,12528,0,0,0,0,0,1,0,200448
4862,4862,AUX_EVENT,aux_behavior,37584,0,37584,0,1,12528,0,0,0,0,0,1,0,200448
4863,4863,AUX_EVENT,aux_behavior,37584,0,37584,0,1,12528,0,0,0,0,0,1,0,200448
4864,4864,AUX_EVENT,aux_behavior,37584,0,37584,0,1,12528,0,0,0,0,0,1,0,200448
4865,4865,AUX_EVENT,aux_behavior,37584,0,37584,0,1,12528,0,0,0,0,0,1,0,200448
4866,4866,AUX_EVENT,aux_behavior,37584,0,37584,0,1,12528,0,0,0,0,0,1,0,200448
4867,4867,AUX_EVENT,aux_behavior,37584,0,37584,0,1,12528,0,0,0,0,0,1,0,200448
4868,4868,AUX_EVENT,aux_behavior,110592,0,110592,0,1,36864,0,0,0,0,0,1,0,589824
4869,4869,AUX_EVENT,aux_behavior,110592,0,110592,0,1,36864,0,0,0,0,0,1,0,589824
4870,4870,AUX_EVENT,aux_behavior,110592,0,110592,0,1,36864,0,0,0,0,0,1,0,589824
4871,4871,AUX_EVENT,aux_behavior,110592,0,110592,0,1,36864,0,0,0,0,0,1,0,589824
4872,4872,AUX_EVENT,aux_behavior,110592,0,110592,0,1,36864,0,0,0,0,0,1,0,589824
4873,4873,AUX_EVENT,aux_behavior,110592,0,110592,0,1,36864,0,0,0,0,0,1,0,589824
4874,4874,AUX_EVENT,aux_behavior,110592,0,110592,0,1,36864,0,0,0,0,0,1,0,589824
4875,4875,AUX_EVENT,aux_behavior,110592,0,110592,0,1,36864,0,0,0,0,0,1,0,589824
4876,4876,LAYOUT,layout_rtl,25056,0,25056,0,1,12528,0,0,0,0,0,1,0,200448
4877,4877,LAYOUT,layout_rtl,25056,0,25056,0,1,12528,0,0,0,0,0,1,0,200448
4878,4878,LAYOUT,layout_rtl,25056,0,25056,0,1,12528,0,0,0,0,0,1,0,200448
4879,4879,LAYOUT,layout_rtl,25056,0,25056,0,1,12528,0,0,0,0,0,1,0,200448
4880,4880,LAYOUT,layout_rtl,25056,0,25056,0,1,12528,0,0,0,0,0,1,0,200448
4881,4881,LAYOUT,layout_rtl,25056,0,25056,0,1,12528,0,0,0,0,0,1,0,200448
4882,4882,AUX_EVENT,aux_behavior,37584,0,37584,0,1,12528,0,0,0,0,0,1,0,200448
4883,4883,AUX_EVENT,aux_behavior,37584,0,37584,0,1,12528,0,0,0,0,0,1,0,200448
4884,4884,MUL,vector_rtl,24576,0,24576,0,1,12288,0,0,0,0,0,1,0,196608
4885,4885,LAYOUT,layout_rtl,24576,0,24576,0,1,12288,0,0,0,0,0,1,0,196608
4886,4886,LAYOUT,layout_rtl,24576,0,24576,0,1,12288,0,0,0,0,0,1,0,196608
4887,4887,AUX_EVENT,aux_behavior,18432,0,18432,0,1,6144,0,0,0,0,0,1,0,98304
4888,4888,LAYOUT,layout_rtl,12288,0,12288,0,1,6144,0,0,0,0,0,1,0,98304
4889,4889,MUL,vector_rtl,24576,0,24576,0,1,12288,0,0,0,0,0,1,0,196608
4890,4890,ADD,vector_rtl,24576,0,24576,0,1,12288,0,0,0,0,0,1,0,196608
4891,4891,MUL,vector_rtl,24576,0,24576,0,1,12288,0,0,0,0,0,1,0,196608
4892,4892,LAYOUT,layout_rtl,24576,0,24576,0,1,12288,0,0,0,0,0,1,0,196608
4893,4893,LAYOUT,layout_rtl,24576,0,24576,0,1,12288,0,0,0,0,0,1,0,196608
4894,4894,AUX_EVENT,aux_behavior,18432,0,18432,0,1,6144,0,0,0,0,0,1,0,98304
4895,4895,LAYOUT,layout_rtl,12288,0,12288,0,1,6144,0,0,0,0,0,1,0,98304
4896,4896,MUL,vector_rtl,24576,0,24576,0,1,12288,0,0,0,0,0,1,0,196608
4897,4897,ADD,vector_rtl,24576,0,24576,0,1,12288,0,0,0,0,0,1,0,196608
4898,4898,LAYOUT,layout_rtl,480,0,480,0,1,240,0,0,0,0,0,1,0,3840
4899,4899,LAYOUT,layout_rtl,480,0,480,0,1,240,0,0,0,0,0,1,0,3840
4900,4900,AUX_EVENT,aux_behavior,37584,0,37584,0,1,12528,0,0,0,0,0,1,0,200448
4901,4901,AUX_EVENT,aux_behavior,37584,0,37584,0,1,12528,0,0,0,0,0,1,0,200448
4902,4902,AUX_EVENT,aux_behavior,37584,0,37584,0,1,12528,0,0,0,0,0,1,0,200448
4903,4903,LAYOUT,layout_rtl,25056,0,25056,0,1,12528,0,0,0,0,0,1,0,200448
4904,4904,LAYOUT,layout_rtl,25056,0,25056,0,1,12528,0,0,0,0,0,1,0,200448
4905,4905,LAYOUT,layout_rtl,25056,0,25056,0,1,12528,0,0,0,0,0,1,0,200448
4906,4906,AUX_EVENT,aux_behavior,144,0,144,0,1,48,0,0,0,0,0,1,0,768
4907,4907,AUX_EVENT,aux_behavior,110592,0,110592,0,1,36864,0,0,0,0,0,1,0,589824
4908,4908,GEMM_W8A8,rtl_gemm,132752,132752,0,106624,13056,12528,544,12528,153944064,76972032,136,200448,589824,200448
4909,4909,AUX_EVENT,aux_behavior,37584,0,37584,0,1,12528,0,0,0,0,0,1,0,200448
4910,4910,AUX_EVENT,aux_behavior,37584,0,37584,0,1,12528,0,0,0,0,0,1,0,200448
4911,4911,AUX_EVENT,aux_behavior,37584,0,37584,0,1,12528,0,0,0,0,0,1,0,200448
4912,4912,AUX_EVENT,aux_behavior,37584,0,37584,0,1,12528,0,0,0,0,0,1,0,200448
4913,4913,AUX_EVENT,aux_behavior,37584,0,37584,0,1,12528,0,0,0,0,0,1,0,200448
4914,4914,AUX_EVENT,aux_behavior,37584,0,37584,0,1,12528,0,0,0,0,0,1,0,200448
4915,4915,AUX_EVENT,aux_behavior,37584,0,37584,0,1,12528,0,0,0,0,0,1,0,200448
4916,4916,AUX_EVENT,aux_behavior,110592,0,110592,0,1,36864,0,0,0,0,0,1,0,589824
4917,4917,AUX_EVENT,aux_behavior,110592,0,110592,0,1,36864,0,0,0,0,0,1,0,589824
4918,4918,AUX_EVENT,aux_behavior,110592,0,110592,0,1,36864,0,0,0,0,0,1,0,589824
4919,4919,AUX_EVENT,aux_behavior,110592,0,110592,0,1,36864,0,0,0,0,0,1,0,589824
4920,4920,AUX_EVENT,aux_behavior,110592,0,110592,0,1,36864,0,0,0,0,0,1,0,589824
4921,4921,AUX_EVENT,aux_behavior,110592,0,110592,0,1,36864,0,0,0,0,0,1,0,589824
4922,4922,AUX_EVENT,aux_behavior,110592,0,110592,0,1,36864,0,0,0,0,0,1,0,589824
4923,4923,AUX_EVENT,aux_behavior,110592,0,110592,0,1,36864,0,0,0,0,0,1,0,589824
4924,4924,MUL,vector_rtl,25056,0,25056,0,1,12528,0,0,0,0,0,1,0,200448
4925,4925,ADD,vector_rtl,25056,0,25056,0,1,12528,0,0,0,0,0,1,0,200448
4926,4926,LAYER_NORM,vector_rtl,25056,0,25056,0,1,12528,0,0,0,0,0,1,0,200448
4927,4927,AUX_EVENT,aux_behavior,576,0,576,0,1,192,0,0,0,0,0,1,0,3072
4928,4928,AUX_EVENT,aux_behavior,442368,0,442368,0,1,147456,0,0,0,0,0,1,0,2359296
4929,4929,AUX_EVENT,aux_behavior,37584,0,37584,0,1,12528,0,0,0,0,0,1,0,200448
4930,4930,GEMM_W8A8,rtl_gemm,12533,12533,0,0,1,12528,4,12528,0,0,0,0,0,200448
4931,4931,AUX_EVENT,aux_behavior,37584,0,37584,0,1,12528,0,0,0,0,0,1,0,200448
4932,4932,AUX_EVENT,aux_behavior,37584,0,37584,0,1,12528,0,0,0,0,0,1,0,200448
4933,4933,AUX_EVENT,aux_behavior,37584,0,37584,0,1,12528,0,0,0,0,0,1,0,200448
4934,4934,AUX_EVENT,aux_behavior,37584,0,37584,0,1,12528,0,0,0,0,0,1,0,200448
4935,4935,AUX_EVENT,aux_behavior,37584,0,37584,0,1,12528,0,0,0,0,0,1,0,200448
4936,4936,AUX_EVENT,aux_behavior,37584,0,37584,0,1,12528,0,0,0,0,0,1,0,200448
4937,4937,AUX_EVENT,aux_behavior,37584,0,37584,0,1,12528,0,0,0,0,0,1,0,200448
4938,4938,AUX_EVENT,aux_behavior,442368,0,442368,0,1,147456,0,0,0,0,0,1,0,2359296
4939,4939,AUX_EVENT,aux_behavior,442368,0,442368,0,1,147456,0,0,0,0,0,1,0,2359296
4940,4940,AUX_EVENT,aux_behavior,442368,0,442368,0,1,147456,0,0,0,0,0,1,0,2359296
4941,4941,AUX_EVENT,aux_behavior,442368,0,442368,0,1,147456,0,0,0,0,0,1,0,2359296
4942,4942,AUX_EVENT,aux_behavior,442368,0,442368,0,1,147456,0,0,0,0,0,1,0,2359296
4943,4943,AUX_EVENT,aux_behavior,442368,0,442368,0,1,147456,0,0,0,0,0,1,0,2359296
4944,4944,AUX_EVENT,aux_behavior,442368,0,442368,0,1,147456,0,0,0,0,0,1,0,2359296
4945,4945,AUX_EVENT,aux_behavior,442368,0,442368,0,1,147456,0,0,0,0,0,1,0,2359296
4946,4946,GELU,vector_rtl,100224,0,100224,0,1,50112,0,0,0,0,0,1,0,801792
4947,4947,AUX_EVENT,aux_behavior,144,0,144,0,1,48,0,0,0,0,0,1,0,768
4948,4948,AUX_EVENT,aux_behavior,442368,0,442368,0,1,147456,0,0,0,0,0,1,0,2359296
4949,4949,GEMM_W8A8,rtl_gemm,50117,50117,0,0,1,50112,4,50112,0,0,0,0,0,801792
4950,4950,AUX_EVENT,aux_behavior,150336,0,150336,0,1,50112,0,0,0,0,0,1,0,801792
4951,4951,AUX_EVENT,aux_behavior,150336,0,150336,0,1,50112,0,0,0,0,0,1,0,801792
4952,4952,AUX_EVENT,aux_behavior,150336,0,150336,0,1,50112,0,0,0,0,0,1,0,801792
4953,4953,AUX_EVENT,aux_behavior,150336,0,150336,0,1,50112,0,0,0,0,0,1,0,801792
4954,4954,AUX_EVENT,aux_behavior,150336,0,150336,0,1,50112,0,0,0,0,0,1,0,801792
4955,4955,AUX_EVENT,aux_behavior,150336,0,150336,0,1,50112,0,0,0,0,0,1,0,801792
4956,4956,AUX_EVENT,aux_behavior,150336,0,150336,0,1,50112,0,0,0,0,0,1,0,801792
4957,4957,AUX_EVENT,aux_behavior,442368,0,442368,0,1,147456,0,0,0,0,0,1,0,2359296
4958,4958,AUX_EVENT,aux_behavior,442368,0,442368,0,1,147456,0,0,0,0,0,1,0,2359296
4959,4959,AUX_EVENT,aux_behavior,442368,0,442368,0,1,147456,0,0,0,0,0,1,0,2359296
4960,4960,AUX_EVENT,aux_behavior,442368,0,442368,0,1,147456,0,0,0,0,0,1,0,2359296
4961,4961,AUX_EVENT,aux_behavior,442368,0,442368,0,1,147456,0,0,0,0,0,1,0,2359296
4962,4962,AUX_EVENT,aux_behavior,442368,0,442368,0,1,147456,0,0,0,0,0,1,0,2359296
4963,4963,AUX_EVENT,aux_behavior,442368,0,442368,0,1,147456,0,0,0,0,0,1,0,2359296
4964,4964,AUX_EVENT,aux_behavior,442368,0,442368,0,1,147456,0,0,0,0,0,1,0,2359296
4965,4965,MUL,vector_rtl,25056,0,25056,0,1,12528,0,0,0,0,0,1,0,200448
4966,4966,ADD,vector_rtl,25056,0,25056,0,1,12528,0,0,0,0,0,1,0,200448
4967,4967,LAYER_NORM,vector_rtl,25056,0,25056,0,1,12528,0,0,0,0,0,1,0,200448
4968,4968,AUX_EVENT,aux_behavior,144,0,144,0,1,48,0,0,0,0,0,1,0,768
4969,4969,AUX_EVENT,aux_behavior,110592,0,110592,0,1,36864,0,0,0,0,0,1,0,589824
4970,4970,AUX_EVENT,aux_behavior,37584,0,37584,0,1,12528,0,0,0,0,0,1,0,200448
4971,4971,GEMM_W8A8,rtl_gemm,132752,132752,0,106624,13056,12528,544,12528,153944064,76972032,136,200448,589824,200448
4972,4972,AUX_EVENT,aux_behavior,37584,0,37584,0,1,12528,0,0,0,0,0,1,0,200448
4973,4973,AUX_EVENT,aux_behavior,37584,0,37584,0,1,12528,0,0,0,0,0,1,0,200448
4974,4974,AUX_EVENT,aux_behavior,37584,0,37584,0,1,12528,0,0,0,0,0,1,0,200448
4975,4975,AUX_EVENT,aux_behavior,37584,0,37584,0,1,12528,0,0,0,0,0,1,0,200448
4976,4976,AUX_EVENT,aux_behavior,37584,0,37584,0,1,12528,0,0,0,0,0,1,0,200448
4977,4977,AUX_EVENT,aux_behavior,37584,0,37584,0,1,12528,0,0,0,0,0,1,0,200448
4978,4978,AUX_EVENT,aux_behavior,37584,0,37584,0,1,12528,0,0,0,0,0,1,0,200448
4979,4979,AUX_EVENT,aux_behavior,110592,0,110592,0,1,36864,0,0,0,0,0,1,0,589824
4980,4980,AUX_EVENT,aux_behavior,110592,0,110592,0,1,36864,0,0,0,0,0,1,0,589824
4981,4981,AUX_EVENT,aux_behavior,110592,0,110592,0,1,36864,0,0,0,0,0,1,0,589824
4982,4982,AUX_EVENT,aux_behavior,110592,0,110592,0,1,36864,0,0,0,0,0,1,0,589824
4983,4983,AUX_EVENT,aux_behavior,110592,0,110592,0,1,36864,0,0,0,0,0,1,0,589824
4984,4984,AUX_EVENT,aux_behavior,110592,0,110592,0,1,36864,0,0,0,0,0,1,0,589824
4985,4985,AUX_EVENT,aux_behavior,110592,0,110592,0,1,36864,0,0,0,0,0,1,0,589824
4986,4986,AUX_EVENT,aux_behavior,110592,0,110592,0,1,36864,0,0,0,0,0,1,0,589824
4987,4987,AUX_EVENT,aux_behavior,110592,0,110592,0,1,36864,0,0,0,0,0,1,0,589824
4988,4988,AUX_EVENT,aux_behavior,37584,0,37584,0,1,12528,0,0,0,0,0,1,0,200448
4989,4989,GEMM_W8A8,rtl_gemm,132752,132752,0,106624,13056,12528,544,12528,153944064,76972032,136,200448,589824,200448
4990,4990,AUX_EVENT,aux_behavior,37584,0,37584,0,1,12528,0,0,0,0,0,1,0,200448
4991,4991,AUX_EVENT,aux_behavior,37584,0,37584,0,1,12528,0,0,0,0,0,1,0,200448
4992,4992,AUX_EVENT,aux_behavior,37584,0,37584,0,1,12528,0,0,0,0,0,1,0,200448
4993,4993,AUX_EVENT,aux_behavior,37584,0,37584,0,1,12528,0,0,0,0,0,1,0,200448
4994,4994,AUX_EVENT,aux_behavior,37584,0,37584,0,1,12528,0,0,0,0,0,1,0,200448
4995,4995,AUX_EVENT,aux_behavior,37584,0,37584,0,1,12528,0,0,0,0,0,1,0,200448
4996,4996,AUX_EVENT,aux_behavior,37584,0,37584,0,1,12528,0,0,0,0,0,1,0,200448
4997,4997,AUX_EVENT,aux_behavior,110592,0,110592,0,1,36864,0,0,0,0,0,1,0,589824
4998,4998,AUX_EVENT,aux_behavior,110592,0,110592,0,1,36864,0,0,0,0,0,1,0,589824
4999,4999,AUX_EVENT,aux_behavior,110592,0,110592,0,1,36864,0,0,0,0,0,1,0,589824
5000,5000,AUX_EVENT,aux_behavior,110592,0,110592,0,1,36864,0,0,0,0,0,1,0,589824
5001,5001,AUX_EVENT,aux_behavior,110592,0,110592,0,1,36864,0,0,0,0,0,1,0,589824
5002,5002,AUX_EVENT,aux_behavior,110592,0,110592,0,1,36864,0,0,0,0,0,1,0,589824
5003,5003,AUX_EVENT,aux_behavior,110592,0,110592,0,1,36864,0,0,0,0,0,1,0,589824
5004,5004,AUX_EVENT,aux_behavior,110592,0,110592,0,1,36864,0,0,0,0,0,1,0,589824
5005,5005,AUX_EVENT,aux_behavior,144,0,144,0,1,48,0,0,0,0,0,1,0,768
5006,5006,AUX_EVENT,aux_behavior,110592,0,110592,0,1,36864,0,0,0,0,0,1,0,589824
5007,5007,AUX_EVENT,aux_behavior,37584,0,37584,0,1,12528,0,0,0,0,0,1,0,200448
5008,5008,GEMM_W8A8,rtl_gemm,132752,132752,0,106624,13056,12528,544,12528,153944064,76972032,136,200448,589824,200448
5009,5009,AUX_EVENT,aux_behavior,37584,0,37584,0,1,12528,0,0,0,0,0,1,0,200448
5010,5010,AUX_EVENT,aux_behavior,37584,0,37584,0,1,12528,0,0,0,0,0,1,0,200448
5011,5011,AUX_EVENT,aux_behavior,37584,0,37584,0,1,12528,0,0,0,0,0,1,0,200448
5012,5012,AUX_EVENT,aux_behavior,37584,0,37584,0,1,12528,0,0,0,0,0,1,0,200448
5013,5013,AUX_EVENT,aux_behavior,37584,0,37584,0,1,12528,0,0,0,0,0,1,0,200448
5014,5014,AUX_EVENT,aux_behavior,37584,0,37584,0,1,12528,0,0,0,0,0,1,0,200448
5015,5015,AUX_EVENT,aux_behavior,37584,0,37584,0,1,12528,0,0,0,0,0,1,0,200448
5016,5016,AUX_EVENT,aux_behavior,110592,0,110592,0,1,36864,0,0,0,0,0,1,0,589824
5017,5017,AUX_EVENT,aux_behavior,110592,0,110592,0,1,36864,0,0,0,0,0,1,0,589824
5018,5018,AUX_EVENT,aux_behavior,110592,0,110592,0,1,36864,0,0,0,0,0,1,0,589824
5019,5019,AUX_EVENT,aux_behavior,110592,0,110592,0,1,36864,0,0,0,0,0,1,0,589824
5020,5020,AUX_EVENT,aux_behavior,110592,0,110592,0,1,36864,0,0,0,0,0,1,0,589824
5021,5021,AUX_EVENT,aux_behavior,110592,0,110592,0,1,36864,0,0,0,0,0,1,0,589824
5022,5022,AUX_EVENT,aux_behavior,110592,0,110592,0,1,36864,0,0,0,0,0,1,0,589824
5023,5023,AUX_EVENT,aux_behavior,110592,0,110592,0,1,36864,0,0,0,0,0,1,0,589824
5024,5024,LAYOUT,layout_rtl,25056,0,25056,0,1,12528,0,0,0,0,0,1,0,200448
5025,5025,LAYOUT,layout_rtl,25056,0,25056,0,1,12528,0,0,0,0,0,1,0,200448
5026,5026,LAYOUT,layout_rtl,25056,0,25056,0,1,12528,0,0,0,0,0,1,0,200448
5027,5027,LAYOUT,layout_rtl,25056,0,25056,0,1,12528,0,0,0,0,0,1,0,200448
5028,5028,LAYOUT,layout_rtl,25056,0,25056,0,1,12528,0,0,0,0,0,1,0,200448
5029,5029,LAYOUT,layout_rtl,25056,0,25056,0,1,12528,0,0,0,0,0,1,0,200448
5030,5030,AUX_EVENT,aux_behavior,37584,0,37584,0,1,12528,0,0,0,0,0,1,0,200448
5031,5031,AUX_EVENT,aux_behavior,37584,0,37584,0,1,12528,0,0,0,0,0,1,0,200448
5032,5032,MUL,vector_rtl,24576,0,24576,0,1,12288,0,0,0,0,0,1,0,196608
5033,5033,LAYOUT,layout_rtl,24576,0,24576,0,1,12288,0,0,0,0,0,1,0,196608
5034,5034,LAYOUT,layout_rtl,24576,0,24576,0,1,12288,0,0,0,0,0,1,0,196608
5035,5035,AUX_EVENT,aux_behavior,18432,0,18432,0,1,6144,0,0,0,0,0,1,0,98304
5036,5036,LAYOUT,layout_rtl,12288,0,12288,0,1,6144,0,0,0,0,0,1,0,98304
5037,5037,MUL,vector_rtl,24576,0,24576,0,1,12288,0,0,0,0,0,1,0,196608
5038,5038,ADD,vector_rtl,24576,0,24576,0,1,12288,0,0,0,0,0,1,0,196608
5039,5039,MUL,vector_rtl,24576,0,24576,0,1,12288,0,0,0,0,0,1,0,196608
5040,5040,LAYOUT,layout_rtl,24576,0,24576,0,1,12288,0,0,0,0,0,1,0,196608
5041,5041,LAYOUT,layout_rtl,24576,0,24576,0,1,12288,0,0,0,0,0,1,0,196608
5042,5042,AUX_EVENT,aux_behavior,18432,0,18432,0,1,6144,0,0,0,0,0,1,0,98304
5043,5043,LAYOUT,layout_rtl,12288,0,12288,0,1,6144,0,0,0,0,0,1,0,98304
5044,5044,MUL,vector_rtl,24576,0,24576,0,1,12288,0,0,0,0,0,1,0,196608
5045,5045,ADD,vector_rtl,24576,0,24576,0,1,12288,0,0,0,0,0,1,0,196608
5046,5046,LAYOUT,layout_rtl,480,0,480,0,1,240,0,0,0,0,0,1,0,3840
5047,5047,LAYOUT,layout_rtl,480,0,480,0,1,240,0,0,0,0,0,1,0,3840
5048,5048,AUX_EVENT,aux_behavior,37584,0,37584,0,1,12528,0,0,0,0,0,1,0,200448
5049,5049,AUX_EVENT,aux_behavior,37584,0,37584,0,1,12528,0,0,0,0,0,1,0,200448
5050,5050,AUX_EVENT,aux_behavior,37584,0,37584,0,1,12528,0,0,0,0,0,1,0,200448
5051,5051,LAYOUT,layout_rtl,25056,0,25056,0,1,12528,0,0,0,0,0,1,0,200448
5052,5052,LAYOUT,layout_rtl,25056,0,25056,0,1,12528,0,0,0,0,0,1,0,200448
5053,5053,LAYOUT,layout_rtl,25056,0,25056,0,1,12528,0,0,0,0,0,1,0,200448
5054,5054,AUX_EVENT,aux_behavior,144,0,144,0,1,48,0,0,0,0,0,1,0,768
5055,5055,AUX_EVENT,aux_behavior,110592,0,110592,0,1,36864,0,0,0,0,0,1,0,589824
5056,5056,GEMM_W8A8,rtl_gemm,132752,132752,0,106624,13056,12528,544,12528,153944064,76972032,136,200448,589824,200448
5057,5057,AUX_EVENT,aux_behavior,37584,0,37584,0,1,12528,0,0,0,0,0,1,0,200448
5058,5058,AUX_EVENT,aux_behavior,37584,0,37584,0,1,12528,0,0,0,0,0,1,0,200448
5059,5059,AUX_EVENT,aux_behavior,37584,0,37584,0,1,12528,0,0,0,0,0,1,0,200448
5060,5060,AUX_EVENT,aux_behavior,37584,0,37584,0,1,12528,0,0,0,0,0,1,0,200448
5061,5061,AUX_EVENT,aux_behavior,37584,0,37584,0,1,12528,0,0,0,0,0,1,0,200448
5062,5062,AUX_EVENT,aux_behavior,37584,0,37584,0,1,12528,0,0,0,0,0,1,0,200448
5063,5063,AUX_EVENT,aux_behavior,37584,0,37584,0,1,12528,0,0,0,0,0,1,0,200448
5064,5064,AUX_EVENT,aux_behavior,110592,0,110592,0,1,36864,0,0,0,0,0,1,0,589824
5065,5065,AUX_EVENT,aux_behavior,110592,0,110592,0,1,36864,0,0,0,0,0,1,0,589824
5066,5066,AUX_EVENT,aux_behavior,110592,0,110592,0,1,36864,0,0,0,0,0,1,0,589824
5067,5067,AUX_EVENT,aux_behavior,110592,0,110592,0,1,36864,0,0,0,0,0,1,0,589824
5068,5068,AUX_EVENT,aux_behavior,110592,0,110592,0,1,36864,0,0,0,0,0,1,0,589824
5069,5069,AUX_EVENT,aux_behavior,110592,0,110592,0,1,36864,0,0,0,0,0,1,0,589824
5070,5070,AUX_EVENT,aux_behavior,110592,0,110592,0,1,36864,0,0,0,0,0,1,0,589824
5071,5071,AUX_EVENT,aux_behavior,110592,0,110592,0,1,36864,0,0,0,0,0,1,0,589824
5072,5072,MUL,vector_rtl,25056,0,25056,0,1,12528,0,0,0,0,0,1,0,200448
5073,5073,ADD,vector_rtl,25056,0,25056,0,1,12528,0,0,0,0,0,1,0,200448
5074,5074,LAYER_NORM,vector_rtl,25056,0,25056,0,1,12528,0,0,0,0,0,1,0,200448
5075,5075,AUX_EVENT,aux_behavior,576,0,576,0,1,192,0,0,0,0,0,1,0,3072
5076,5076,AUX_EVENT,aux_behavior,442368,0,442368,0,1,147456,0,0,0,0,0,1,0,2359296
5077,5077,AUX_EVENT,aux_behavior,37584,0,37584,0,1,12528,0,0,0,0,0,1,0,200448
5078,5078,GEMM_W8A8,rtl_gemm,12533,12533,0,0,1,12528,4,12528,0,0,0,0,0,200448
5079,5079,AUX_EVENT,aux_behavior,37584,0,37584,0,1,12528,0,0,0,0,0,1,0,200448
5080,5080,AUX_EVENT,aux_behavior,37584,0,37584,0,1,12528,0,0,0,0,0,1,0,200448
5081,5081,AUX_EVENT,aux_behavior,37584,0,37584,0,1,12528,0,0,0,0,0,1,0,200448
5082,5082,AUX_EVENT,aux_behavior,37584,0,37584,0,1,12528,0,0,0,0,0,1,0,200448
5083,5083,AUX_EVENT,aux_behavior,37584,0,37584,0,1,12528,0,0,0,0,0,1,0,200448
5084,5084,AUX_EVENT,aux_behavior,37584,0,37584,0,1,12528,0,0,0,0,0,1,0,200448
5085,5085,AUX_EVENT,aux_behavior,37584,0,37584,0,1,12528,0,0,0,0,0,1,0,200448
5086,5086,AUX_EVENT,aux_behavior,442368,0,442368,0,1,147456,0,0,0,0,0,1,0,2359296
5087,5087,AUX_EVENT,aux_behavior,442368,0,442368,0,1,147456,0,0,0,0,0,1,0,2359296
5088,5088,AUX_EVENT,aux_behavior,442368,0,442368,0,1,147456,0,0,0,0,0,1,0,2359296
5089,5089,AUX_EVENT,aux_behavior,442368,0,442368,0,1,147456,0,0,0,0,0,1,0,2359296
5090,5090,AUX_EVENT,aux_behavior,442368,0,442368,0,1,147456,0,0,0,0,0,1,0,2359296
5091,5091,AUX_EVENT,aux_behavior,442368,0,442368,0,1,147456,0,0,0,0,0,1,0,2359296
5092,5092,AUX_EVENT,aux_behavior,442368,0,442368,0,1,147456,0,0,0,0,0,1,0,2359296
5093,5093,AUX_EVENT,aux_behavior,442368,0,442368,0,1,147456,0,0,0,0,0,1,0,2359296
5094,5094,GELU,vector_rtl,100224,0,100224,0,1,50112,0,0,0,0,0,1,0,801792
5095,5095,AUX_EVENT,aux_behavior,144,0,144,0,1,48,0,0,0,0,0,1,0,768
5096,5096,AUX_EVENT,aux_behavior,442368,0,442368,0,1,147456,0,0,0,0,0,1,0,2359296
5097,5097,GEMM_W8A8,rtl_gemm,50117,50117,0,0,1,50112,4,50112,0,0,0,0,0,801792
5098,5098,AUX_EVENT,aux_behavior,150336,0,150336,0,1,50112,0,0,0,0,0,1,0,801792
5099,5099,AUX_EVENT,aux_behavior,150336,0,150336,0,1,50112,0,0,0,0,0,1,0,801792
5100,5100,AUX_EVENT,aux_behavior,150336,0,150336,0,1,50112,0,0,0,0,0,1,0,801792
5101,5101,AUX_EVENT,aux_behavior,150336,0,150336,0,1,50112,0,0,0,0,0,1,0,801792
5102,5102,AUX_EVENT,aux_behavior,150336,0,150336,0,1,50112,0,0,0,0,0,1,0,801792
5103,5103,AUX_EVENT,aux_behavior,150336,0,150336,0,1,50112,0,0,0,0,0,1,0,801792
5104,5104,AUX_EVENT,aux_behavior,150336,0,150336,0,1,50112,0,0,0,0,0,1,0,801792
5105,5105,AUX_EVENT,aux_behavior,442368,0,442368,0,1,147456,0,0,0,0,0,1,0,2359296
5106,5106,AUX_EVENT,aux_behavior,442368,0,442368,0,1,147456,0,0,0,0,0,1,0,2359296
5107,5107,AUX_EVENT,aux_behavior,442368,0,442368,0,1,147456,0,0,0,0,0,1,0,2359296
5108,5108,AUX_EVENT,aux_behavior,442368,0,442368,0,1,147456,0,0,0,0,0,1,0,2359296
5109,5109,AUX_EVENT,aux_behavior,442368,0,442368,0,1,147456,0,0,0,0,0,1,0,2359296
5110,5110,AUX_EVENT,aux_behavior,442368,0,442368,0,1,147456,0,0,0,0,0,1,0,2359296
5111,5111,AUX_EVENT,aux_behavior,442368,0,442368,0,1,147456,0,0,0,0,0,1,0,2359296
5112,5112,AUX_EVENT,aux_behavior,442368,0,442368,0,1,147456,0,0,0,0,0,1,0,2359296
5113,5113,MUL,vector_rtl,25056,0,25056,0,1,12528,0,0,0,0,0,1,0,200448
5114,5114,ADD,vector_rtl,25056,0,25056,0,1,12528,0,0,0,0,0,1,0,200448
5115,5115,LAYER_NORM,vector_rtl,25056,0,25056,0,1,12528,0,0,0,0,0,1,0,200448
5116,5116,LAYOUT,layout_rtl,25056,0,25056,0,1,12528,0,0,0,0,0,1,0,200448
5117,5117,LAYOUT,layout_rtl,25056,0,25056,0,1,12528,0,0,0,0,0,1,0,200448
5118,5118,LAYOUT,layout_rtl,96,0,96,0,1,48,0,0,0,0,0,1,0,768
5119,5119,LAYOUT,layout_rtl,25056,0,25056,0,1,12528,0,0,0,0,0,1,0,200448
5120,5120,LAYOUT,layout_rtl,25056,0,25056,0,1,12528,0,0,0,0,0,1,0,200448
5121,5121,LAYOUT,layout_rtl,24576,0,24576,0,1,12288,0,0,0,0,0,1,0,196608
5122,5122,AUX_EVENT,aux_behavior,36864,0,36864,0,1,12288,0,0,0,0,0,1,0,196608
5123,5123,AUX_EVENT,aux_behavior,73728,0,73728,0,1,24576,0,0,0,0,0,1,0,393216
5124,5124,GEMM_W8A8,rtl_gemm,24581,24581,0,0,1,24576,4,24576,0,0,0,0,0,393216
5125,5125,AUX_EVENT,aux_behavior,73728,0,73728,0,1,24576,0,0,0,0,0,1,0,393216
5126,5126,AUX_EVENT,aux_behavior,73728,0,73728,0,1,24576,0,0,0,0,0,1,0,393216
5127,5127,AUX_EVENT,aux_behavior,73728,0,73728,0,1,24576,0,0,0,0,0,1,0,393216
5128,5128,AUX_EVENT,aux_behavior,73728,0,73728,0,1,24576,0,0,0,0,0,1,0,393216
5129,5129,AUX_EVENT,aux_behavior,73728,0,73728,0,1,24576,0,0,0,0,0,1,0,393216
5130,5130,AUX_EVENT,aux_behavior,73728,0,73728,0,1,24576,0,0,0,0,0,1,0,393216
5131,5131,AUX_EVENT,aux_behavior,73728,0,73728,0,1,24576,0,0,0,0,0,1,0,393216
5132,5132,AUX_EVENT,aux_behavior,36864,0,36864,0,1,12288,0,0,0,0,0,1,0,196608
5133,5133,AUX_EVENT,aux_behavior,36864,0,36864,0,1,12288,0,0,0,0,0,1,0,196608
5134,5134,AUX_EVENT,aux_behavior,36864,0,36864,0,1,12288,0,0,0,0,0,1,0,196608
5135,5135,AUX_EVENT,aux_behavior,36864,0,36864,0,1,12288,0,0,0,0,0,1,0,196608
5136,5136,AUX_EVENT,aux_behavior,36864,0,36864,0,1,12288,0,0,0,0,0,1,0,196608
5137,5137,AUX_EVENT,aux_behavior,36864,0,36864,0,1,12288,0,0,0,0,0,1,0,196608
5138,5138,AUX_EVENT,aux_behavior,36864,0,36864,0,1,12288,0,0,0,0,0,1,0,196608
5139,5139,AUX_EVENT,aux_behavior,36864,0,36864,0,1,12288,0,0,0,0,0,1,0,196608
5140,5140,LAYER_NORM,vector_rtl,49152,0,49152,0,1,24576,0,0,0,0,0,1,0,393216
5141,5141,GEMM_W8A8,rtl_gemm,24581,24581,0,0,1,24576,4,24576,0,0,0,0,0,393216
5142,5142,AUX_EVENT,aux_behavior,73728,0,73728,0,1,24576,0,0,0,0,0,1,0,393216
5143,5143,AUX_EVENT,aux_behavior,73728,0,73728,0,1,24576,0,0,0,0,0,1,0,393216
5144,5144,AUX_EVENT,aux_behavior,73728,0,73728,0,1,24576,0,0,0,0,0,1,0,393216
5145,5145,AUX_EVENT,aux_behavior,73728,0,73728,0,1,24576,0,0,0,0,0,1,0,393216
5146,5146,AUX_EVENT,aux_behavior,73728,0,73728,0,1,24576,0,0,0,0,0,1,0,393216
5147,5147,AUX_EVENT,aux_behavior,73728,0,73728,0,1,24576,0,0,0,0,0,1,0,393216
5148,5148,AUX_EVENT,aux_behavior,73728,0,73728,0,1,24576,0,0,0,0,0,1,0,393216
5149,5149,AUX_EVENT,aux_behavior,147456,0,147456,0,1,49152,0,0,0,0,0,1,0,786432
5150,5150,AUX_EVENT,aux_behavior,147456,0,147456,0,1,49152,0,0,0,0,0,1,0,786432
5151,5151,AUX_EVENT,aux_behavior,147456,0,147456,0,1,49152,0,0,0,0,0,1,0,786432
5152,5152,AUX_EVENT,aux_behavior,147456,0,147456,0,1,49152,0,0,0,0,0,1,0,786432
5153,5153,AUX_EVENT,aux_behavior,147456,0,147456,0,1,49152,0,0,0,0,0,1,0,786432
5154,5154,AUX_EVENT,aux_behavior,147456,0,147456,0,1,49152,0,0,0,0,0,1,0,786432
5155,5155,AUX_EVENT,aux_behavior,147456,0,147456,0,1,49152,0,0,0,0,0,1,0,786432
5156,5156,AUX_EVENT,aux_behavior,147456,0,147456,0,1,49152,0,0,0,0,0,1,0,786432
5157,5157,GELU,vector_rtl,65536,0,65536,0,1,32768,0,0,0,0,0,1,0,524288
5158,5158,AUX_EVENT,aux_behavior,98304,0,98304,0,1,32768,0,0,0,0,0,1,0,524288
5159,5159,GEMM_W8A8,rtl_gemm,32773,32773,0,0,1,32768,4,32768,0,0,0,0,0,524288
5160,5160,AUX_EVENT,aux_behavior,98304,0,98304,0,1,32768,0,0,0,0,0,1,0,524288
5161,5161,AUX_EVENT,aux_behavior,98304,0,98304,0,1,32768,0,0,0,0,0,1,0,524288
5162,5162,AUX_EVENT,aux_behavior,98304,0,98304,0,1,32768,0,0,0,0,0,1,0,524288
5163,5163,AUX_EVENT,aux_behavior,98304,0,98304,0,1,32768,0,0,0,0,0,1,0,524288
5164,5164,AUX_EVENT,aux_behavior,98304,0,98304,0,1,32768,0,0,0,0,0,1,0,524288
5165,5165,AUX_EVENT,aux_behavior,98304,0,98304,0,1,32768,0,0,0,0,0,1,0,524288
5166,5166,AUX_EVENT,aux_behavior,98304,0,98304,0,1,32768,0,0,0,0,0,1,0,524288
5167,5167,AUX_EVENT,aux_behavior,49152,0,49152,0,1,16384,0,0,0,0,0,1,0,262144
5168,5168,AUX_EVENT,aux_behavior,49152,0,49152,0,1,16384,0,0,0,0,0,1,0,262144
5169,5169,AUX_EVENT,aux_behavior,49152,0,49152,0,1,16384,0,0,0,0,0,1,0,262144
5170,5170,AUX_EVENT,aux_behavior,49152,0,49152,0,1,16384,0,0,0,0,0,1,0,262144
5171,5171,AUX_EVENT,aux_behavior,49152,0,49152,0,1,16384,0,0,0,0,0,1,0,262144
5172,5172,AUX_EVENT,aux_behavior,49152,0,49152,0,1,16384,0,0,0,0,0,1,0,262144
5173,5173,AUX_EVENT,aux_behavior,49152,0,49152,0,1,16384,0,0,0,0,0,1,0,262144
5174,5174,AUX_EVENT,aux_behavior,49152,0,49152,0,1,16384,0,0,0,0,0,1,0,262144
5175,5175,ADD,vector_rtl,16384,0,16384,0,1,8192,0,0,0,0,0,1,0,131072
5176,5176,LAYER_NORM,vector_rtl,16384,0,16384,0,1,8192,0,0,0,0,0,1,0,131072
5177,5177,LAYOUT,layout_rtl,64,0,64,0,1,32,0,0,0,0,0,1,0,512
5178,5178,LAYOUT,layout_rtl,64,0,64,0,1,32,0,0,0,0,0,1,0,512
5179,5179,LAYOUT,layout_rtl,64,0,64,0,1,32,0,0,0,0,0,1,0,512
5180,5180,LAYOUT,layout_rtl,64,0,64,0,1,32,0,0,0,0,0,1,0,512
5181,5181,AUX_EVENT,aux_behavior,96,0,96,0,1,32,0,0,0,0,0,1,0,512
5182,5182,ADD,vector_rtl,16384,0,16384,0,1,8192,0,0,0,0,0,1,0,131072
5183,5183,LAYOUT,layout_rtl,16384,0,16384,0,1,8192,0,0,0,0,0,1,0,131072
5184,5184,LAYER_NORM,vector_rtl,16384,0,16384,0,1,8192,0,0,0,0,0,1,0,131072
5185,5185,LAYER_NORM,vector_rtl,672,0,672,0,1,336,0,0,0,0,0,1,0,5376
5186,5186,GEMM_W8A8,rtl_gemm,8197,8197,0,0,1,8192,4,8192,0,0,0,0,0,131072
5187,5187,AUX_EVENT,aux_behavior,24576,0,24576,0,1,8192,0,0,0,0,0,1,0,131072
5188,5188,AUX_EVENT,aux_behavior,24576,0,24576,0,1,8192,0,0,0,0,0,1,0,131072
5189,5189,AUX_EVENT,aux_behavior,24576,0,24576,0,1,8192,0,0,0,0,0,1,0,131072
5190,5190,AUX_EVENT,aux_behavior,24576,0,24576,0,1,8192,0,0,0,0,0,1,0,131072
5191,5191,AUX_EVENT,aux_behavior,24576,0,24576,0,1,8192,0,0,0,0,0,1,0,131072
5192,5192,AUX_EVENT,aux_behavior,24576,0,24576,0,1,8192,0,0,0,0,0,1,0,131072
5193,5193,AUX_EVENT,aux_behavior,24576,0,24576,0,1,8192,0,0,0,0,0,1,0,131072
5194,5194,AUX_EVENT,aux_behavior,49152,0,49152,0,1,16384,0,0,0,0,0,1,0,262144
5195,5195,AUX_EVENT,aux_behavior,49152,0,49152,0,1,16384,0,0,0,0,0,1,0,262144
5196,5196,AUX_EVENT,aux_behavior,49152,0,49152,0,1,16384,0,0,0,0,0,1,0,262144
5197,5197,AUX_EVENT,aux_behavior,49152,0,49152,0,1,16384,0,0,0,0,0,1,0,262144
5198,5198,AUX_EVENT,aux_behavior,49152,0,49152,0,1,16384,0,0,0,0,0,1,0,262144
5199,5199,AUX_EVENT,aux_behavior,49152,0,49152,0,1,16384,0,0,0,0,0,1,0,262144
5200,5200,AUX_EVENT,aux_behavior,49152,0,49152,0,1,16384,0,0,0,0,0,1,0,262144
5201,5201,AUX_EVENT,aux_behavior,49152,0,49152,0,1,16384,0,0,0,0,0,1,0,262144
5202,5202,MUL,vector_rtl,65536,0,65536,0,1,32768,0,0,0,0,0,1,0,524288
5203,5203,GEMM_W8A8,rtl_gemm,341,341,0,0,1,336,4,336,0,0,0,0,0,5376
5204,5204,AUX_EVENT,aux_behavior,1008,0,1008,0,1,336,0,0,0,0,0,1,0,5376
5205,5205,AUX_EVENT,aux_behavior,1008,0,1008,0,1,336,0,0,0,0,0,1,0,5376
5206,5206,AUX_EVENT,aux_behavior,1008,0,1008,0,1,336,0,0,0,0,0,1,0,5376
5207,5207,AUX_EVENT,aux_behavior,1008,0,1008,0,1,336,0,0,0,0,0,1,0,5376
5208,5208,AUX_EVENT,aux_behavior,1008,0,1008,0,1,336,0,0,0,0,0,1,0,5376
5209,5209,AUX_EVENT,aux_behavior,1008,0,1008,0,1,336,0,0,0,0,0,1,0,5376
5210,5210,AUX_EVENT,aux_behavior,1008,0,1008,0,1,336,0,0,0,0,0,1,0,5376
5211,5211,AUX_EVENT,aux_behavior,49152,0,49152,0,1,16384,0,0,0,0,0,1,0,262144
5212,5212,AUX_EVENT,aux_behavior,49152,0,49152,0,1,16384,0,0,0,0,0,1,0,262144
5213,5213,AUX_EVENT,aux_behavior,49152,0,49152,0,1,16384,0,0,0,0,0,1,0,262144
5214,5214,AUX_EVENT,aux_behavior,49152,0,49152,0,1,16384,0,0,0,0,0,1,0,262144
5215,5215,AUX_EVENT,aux_behavior,49152,0,49152,0,1,16384,0,0,0,0,0,1,0,262144
5216,5216,AUX_EVENT,aux_behavior,49152,0,49152,0,1,16384,0,0,0,0,0,1,0,262144
5217,5217,AUX_EVENT,aux_behavior,49152,0,49152,0,1,16384,0,0,0,0,0,1,0,262144
5218,5218,AUX_EVENT,aux_behavior,49152,0,49152,0,1,16384,0,0,0,0,0,1,0,262144
5219,5219,LAYOUT,layout_rtl,2688,0,2688,0,1,1344,0,0,0,0,0,1,0,21504
5220,5220,LAYOUT,layout_rtl,2688,0,2688,0,1,1344,0,0,0,0,0,1,0,21504
5221,5221,LAYOUT,layout_rtl,2688,0,2688,0,1,1344,0,0,0,0,0,1,0,21504
5222,5222,GEMM_W8A8,rtl_gemm,8197,8197,0,0,1,8192,4,8192,0,0,0,0,0,131072
5223,5223,AUX_EVENT,aux_behavior,24576,0,24576,0,1,8192,0,0,0,0,0,1,0,131072
5224,5224,AUX_EVENT,aux_behavior,24576,0,24576,0,1,8192,0,0,0,0,0,1,0,131072
5225,5225,AUX_EVENT,aux_behavior,24576,0,24576,0,1,8192,0,0,0,0,0,1,0,131072
5226,5226,AUX_EVENT,aux_behavior,24576,0,24576,0,1,8192,0,0,0,0,0,1,0,131072
5227,5227,AUX_EVENT,aux_behavior,24576,0,24576,0,1,8192,0,0,0,0,0,1,0,131072
5228,5228,AUX_EVENT,aux_behavior,24576,0,24576,0,1,8192,0,0,0,0,0,1,0,131072
5229,5229,AUX_EVENT,aux_behavior,24576,0,24576,0,1,8192,0,0,0,0,0,1,0,131072
5230,5230,AUX_EVENT,aux_behavior,49152,0,49152,0,1,16384,0,0,0,0,0,1,0,262144
5231,5231,AUX_EVENT,aux_behavior,49152,0,49152,0,1,16384,0,0,0,0,0,1,0,262144
5232,5232,AUX_EVENT,aux_behavior,49152,0,49152,0,1,16384,0,0,0,0,0,1,0,262144
5233,5233,AUX_EVENT,aux_behavior,49152,0,49152,0,1,16384,0,0,0,0,0,1,0,262144
5234,5234,AUX_EVENT,aux_behavior,49152,0,49152,0,1,16384,0,0,0,0,0,1,0,262144
5235,5235,AUX_EVENT,aux_behavior,49152,0,49152,0,1,16384,0,0,0,0,0,1,0,262144
5236,5236,AUX_EVENT,aux_behavior,49152,0,49152,0,1,16384,0,0,0,0,0,1,0,262144
5237,5237,AUX_EVENT,aux_behavior,49152,0,49152,0,1,16384,0,0,0,0,0,1,0,262144
5238,5238,LAYOUT,layout_rtl,65536,0,65536,0,1,32768,0,0,0,0,0,1,0,524288
5239,5239,LAYOUT,layout_rtl,65536,0,65536,0,1,32768,0,0,0,0,0,1,0,524288
5240,5240,LAYOUT,layout_rtl,65536,0,65536,0,1,32768,0,0,0,0,0,1,0,524288
5241,5241,GEMM_W8A8,rtl_gemm,341,341,0,0,1,336,4,336,0,0,0,0,0,5376
5242,5242,AUX_EVENT,aux_behavior,1008,0,1008,0,1,336,0,0,0,0,0,1,0,5376
5243,5243,AUX_EVENT,aux_behavior,1008,0,1008,0,1,336,0,0,0,0,0,1,0,5376
5244,5244,AUX_EVENT,aux_behavior,1008,0,1008,0,1,336,0,0,0,0,0,1,0,5376
5245,5245,AUX_EVENT,aux_behavior,1008,0,1008,0,1,336,0,0,0,0,0,1,0,5376
5246,5246,AUX_EVENT,aux_behavior,1008,0,1008,0,1,336,0,0,0,0,0,1,0,5376
5247,5247,AUX_EVENT,aux_behavior,1008,0,1008,0,1,336,0,0,0,0,0,1,0,5376
5248,5248,AUX_EVENT,aux_behavior,1008,0,1008,0,1,336,0,0,0,0,0,1,0,5376
5249,5249,AUX_EVENT,aux_behavior,49152,0,49152,0,1,16384,0,0,0,0,0,1,0,262144
5250,5250,AUX_EVENT,aux_behavior,49152,0,49152,0,1,16384,0,0,0,0,0,1,0,262144
5251,5251,AUX_EVENT,aux_behavior,49152,0,49152,0,1,16384,0,0,0,0,0,1,0,262144
5252,5252,AUX_EVENT,aux_behavior,49152,0,49152,0,1,16384,0,0,0,0,0,1,0,262144
5253,5253,AUX_EVENT,aux_behavior,49152,0,49152,0,1,16384,0,0,0,0,0,1,0,262144
5254,5254,AUX_EVENT,aux_behavior,49152,0,49152,0,1,16384,0,0,0,0,0,1,0,262144
5255,5255,AUX_EVENT,aux_behavior,49152,0,49152,0,1,16384,0,0,0,0,0,1,0,262144
5256,5256,AUX_EVENT,aux_behavior,49152,0,49152,0,1,16384,0,0,0,0,0,1,0,262144
5257,5257,LAYOUT,layout_rtl,2688,0,2688,0,1,1344,0,0,0,0,0,1,0,21504
5258,5258,LAYOUT,layout_rtl,2688,0,2688,0,1,1344,0,0,0,0,0,1,0,21504
5259,5259,LAYOUT,layout_rtl,2688,0,2688,0,1,1344,0,0,0,0,0,1,0,21504
5260,5260,LAYOUT,layout_rtl,65536,0,65536,0,1,32768,0,0,0,0,0,1,0,524288
5261,5261,LAYOUT,layout_rtl,65536,0,65536,0,1,32768,0,0,0,0,0,1,0,524288
5262,5262,LAYOUT,layout_rtl,65536,0,65536,0,1,32768,0,0,0,0,0,1,0,524288
5263,5263,LAYOUT,layout_rtl,65536,0,65536,0,1,32768,0,0,0,0,0,1,0,524288
5264,5264,LAYOUT,layout_rtl,2688,0,2688,0,1,1344,0,0,0,0,0,1,0,21504
5265,5265,LAYOUT,layout_rtl,65536,0,65536,0,1,32768,0,0,0,0,0,1,0,524288
5266,5266,LAYOUT,layout_rtl,2688,0,2688,0,1,1344,0,0,0,0,0,1,0,21504
5267,5267,LAYOUT,layout_rtl,2688,0,2688,0,1,1344,0,0,0,0,0,1,0,21504
5268,5268,BMM_W8A8,rtl_bmm,70784,70784,0,34816,32768,2688,512,2688,11010048,5505024,128,524288,21504,524288
5269,5269,AUX_EVENT,aux_behavior,8064,0,8064,0,1,2688,0,0,0,0,0,1,0,43008
5270,5270,ADD,vector_rtl,5376,0,5376,0,1,2688,0,0,0,0,0,1,0,43008
5271,5271,CLAMP,vector_rtl,5376,0,5376,0,1,2688,0,0,0,0,0,1,0,43008
5272,5272,CLAMP,vector_rtl,5376,0,5376,0,1,2688,0,0,0,0,0,1,0,43008
5273,5273,LAYOUT,layout_rtl,5376,0,5376,0,1,2688,0,0,0,0,0,1,0,43008
5274,5274,AUX_EVENT,aux_behavior,8064,0,8064,0,1,2688,0,0,0,0,0,1,0,43008
5275,5275,ADD,vector_rtl,5376,0,5376,0,1,2688,0,0,0,0,0,1,0,43008
5276,5276,CLAMP,vector_rtl,5376,0,5376,0,1,2688,0,0,0,0,0,1,0,43008
5277,5277,CLAMP,vector_rtl,5376,0,5376,0,1,2688,0,0,0,0,0,1,0,43008
5278,5278,SOFTMAX,vector_rtl,5376,0,5376,0,1,2688,0,0,0,0,0,1,0,43008
5279,5279,LAYOUT,layout_rtl,16,0,16,0,1,2,0,0,0,0,0,1,0,21
5280,5280,LAYOUT,layout_rtl,16,0,16,0,1,2,0,0,0,0,0,1,0,21
5281,5281,LAYOUT,layout_rtl,16,0,16,0,1,2,0,0,0,0,0,1,0,21
5282,5282,LAYOUT,layout_rtl,16,0,16,0,1,2,0,0,0,0,0,1,0,21
5283,5283,LAYOUT,layout_rtl,16,0,16,0,1,2,0,0,0,0,0,1,0,21
5284,5284,LAYOUT,layout_rtl,16,0,16,0,1,6,0,0,0,0,0,1,0,84
5285,5285,AUX_EVENT,aux_behavior,8064,0,8064,0,1,2688,0,0,0,0,0,1,0,43008
5286,5286,SOFTMAX,vector_rtl,5376,0,5376,0,1,2688,0,0,0,0,0,1,0,43008
5287,5287,AUX_EVENT,aux_behavior,8064,0,8064,0,1,2688,0,0,0,0,0,1,0,43008
5288,5288,AUX_EVENT,aux_behavior,8064,0,8064,0,1,2688,0,0,0,0,0,1,0,43008
5289,5289,BMM_W8A8,rtl_bmm,51200,51200,0,14208,2688,32768,1536,32768,11010048,5505024,384,43008,21504,43008
5290,5290,BMM_W8A8,rtl_bmm,20256,20256,0,12672,6144,1344,96,1344,11010048,5505024,24,43008,524288,43008
5291,5291,LAYOUT,layout_rtl,65536,0,65536,0,1,32768,0,0,0,0,0,1,0,524288
5292,5292,LAYOUT,layout_rtl,65536,0,65536,0,1,32768,0,0,0,0,0,1,0,524288
5293,5293,LAYOUT,layout_rtl,65536,0,65536,0,1,32768,0,0,0,0,0,1,0,524288
5294,5294,LAYOUT,layout_rtl,2688,0,2688,0,1,1344,0,0,0,0,0,1,0,21504
5295,5295,LAYOUT,layout_rtl,2688,0,2688,0,1,1344,0,0,0,0,0,1,0,21504
5296,5296,LAYOUT,layout_rtl,2688,0,2688,0,1,1344,0,0,0,0,0,1,0,21504
5297,5297,GEMM_W8A8,rtl_gemm,32773,32773,0,0,1,32768,4,32768,0,0,0,0,0,524288
5298,5298,AUX_EVENT,aux_behavior,98304,0,98304,0,1,32768,0,0,0,0,0,1,0,524288
5299,5299,AUX_EVENT,aux_behavior,98304,0,98304,0,1,32768,0,0,0,0,0,1,0,524288
5300,5300,AUX_EVENT,aux_behavior,98304,0,98304,0,1,32768,0,0,0,0,0,1,0,524288
5301,5301,AUX_EVENT,aux_behavior,98304,0,98304,0,1,32768,0,0,0,0,0,1,0,524288
5302,5302,AUX_EVENT,aux_behavior,98304,0,98304,0,1,32768,0,0,0,0,0,1,0,524288
5303,5303,AUX_EVENT,aux_behavior,98304,0,98304,0,1,32768,0,0,0,0,0,1,0,524288
5304,5304,AUX_EVENT,aux_behavior,98304,0,98304,0,1,32768,0,0,0,0,0,1,0,524288
5305,5305,AUX_EVENT,aux_behavior,49152,0,49152,0,1,16384,0,0,0,0,0,1,0,262144
5306,5306,AUX_EVENT,aux_behavior,49152,0,49152,0,1,16384,0,0,0,0,0,1,0,262144
5307,5307,AUX_EVENT,aux_behavior,49152,0,49152,0,1,16384,0,0,0,0,0,1,0,262144
5308,5308,AUX_EVENT,aux_behavior,49152,0,49152,0,1,16384,0,0,0,0,0,1,0,262144
5309,5309,AUX_EVENT,aux_behavior,49152,0,49152,0,1,16384,0,0,0,0,0,1,0,262144
5310,5310,AUX_EVENT,aux_behavior,49152,0,49152,0,1,16384,0,0,0,0,0,1,0,262144
5311,5311,AUX_EVENT,aux_behavior,49152,0,49152,0,1,16384,0,0,0,0,0,1,0,262144
5312,5312,AUX_EVENT,aux_behavior,49152,0,49152,0,1,16384,0,0,0,0,0,1,0,262144
5313,5313,GEMM_W8A8,rtl_gemm,1349,1349,0,0,1,1344,4,1344,0,0,0,0,0,21504
5314,5314,AUX_EVENT,aux_behavior,4032,0,4032,0,1,1344,0,0,0,0,0,1,0,21504
5315,5315,AUX_EVENT,aux_behavior,4032,0,4032,0,1,1344,0,0,0,0,0,1,0,21504
5316,5316,AUX_EVENT,aux_behavior,4032,0,4032,0,1,1344,0,0,0,0,0,1,0,21504
5317,5317,AUX_EVENT,aux_behavior,4032,0,4032,0,1,1344,0,0,0,0,0,1,0,21504
5318,5318,AUX_EVENT,aux_behavior,4032,0,4032,0,1,1344,0,0,0,0,0,1,0,21504
5319,5319,AUX_EVENT,aux_behavior,4032,0,4032,0,1,1344,0,0,0,0,0,1,0,21504
5320,5320,AUX_EVENT,aux_behavior,4032,0,4032,0,1,1344,0,0,0,0,0,1,0,21504
5321,5321,AUX_EVENT,aux_behavior,49152,0,49152,0,1,16384,0,0,0,0,0,1,0,262144
5322,5322,AUX_EVENT,aux_behavior,49152,0,49152,0,1,16384,0,0,0,0,0,1,0,262144
5323,5323,AUX_EVENT,aux_behavior,49152,0,49152,0,1,16384,0,0,0,0,0,1,0,262144
5324,5324,AUX_EVENT,aux_behavior,49152,0,49152,0,1,16384,0,0,0,0,0,1,0,262144
5325,5325,AUX_EVENT,aux_behavior,49152,0,49152,0,1,16384,0,0,0,0,0,1,0,262144
5326,5326,AUX_EVENT,aux_behavior,49152,0,49152,0,1,16384,0,0,0,0,0,1,0,262144
5327,5327,AUX_EVENT,aux_behavior,49152,0,49152,0,1,16384,0,0,0,0,0,1,0,262144
5328,5328,AUX_EVENT,aux_behavior,49152,0,49152,0,1,16384,0,0,0,0,0,1,0,262144
5329,5329,MUL,vector_rtl,32,0,32,0,1,16,0,0,0,0,0,1,0,256
5330,5330,ADD,vector_rtl,16384,0,16384,0,1,8192,0,0,0,0,0,1,0,131072
5331,5331,MUL,vector_rtl,32,0,32,0,1,16,0,0,0,0,0,1,0,256
5332,5332,ADD,vector_rtl,672,0,672,0,1,336,0,0,0,0,0,1,0,5376
5333,5333,AUX_EVENT,aux_behavior,84,0,84,0,1,28,0,0,0,0,0,1,0,441
5334,5334,LAYOUT,layout_rtl,672,0,672,0,1,336,0,0,0,0,0,1,0,5376
5335,5335,LAYOUT,layout_rtl,56,0,56,0,1,28,0,0,0,0,0,1,0,441
5336,5336,AUX_EVENT,aux_behavior,333,0,333,0,1,111,0,0,0,0,0,1,0,1764
5337,5337,AUX_EVENT,aux_behavior,333,0,333,0,1,111,0,0,0,0,0,1,0,1764
5338,5338,GEMM_W8A8,rtl_gemm,341,341,0,0,1,336,4,336,0,0,0,0,0,5376
5339,5339,LAYOUT,layout_rtl,2016,0,2016,0,1,1008,0,0,0,0,0,1,0,16128
5340,5340,LAYOUT,layout_rtl,2016,0,2016,0,1,1008,0,0,0,0,0,1,0,16128
5341,5341,LAYOUT,layout_rtl,2016,0,2016,0,1,1008,0,0,0,0,0,1,0,16128
5342,5342,LAYOUT,layout_rtl,2016,0,2016,0,1,1008,0,0,0,0,0,1,0,16128
5343,5343,LAYOUT,layout_rtl,2016,0,2016,0,1,1008,0,0,0,0,0,1,0,16128
5344,5344,LAYOUT,layout_rtl,2016,0,2016,0,1,1008,0,0,0,0,0,1,0,16128
5345,5345,LAYOUT,layout_rtl,2016,0,2016,0,1,1008,0,0,0,0,0,1,0,16128
5346,5346,LAYOUT,layout_rtl,2016,0,2016,0,1,1008,0,0,0,0,0,1,0,16128
5347,5347,LAYOUT,layout_rtl,672,0,672,0,1,336,0,0,0,0,0,1,0,5376
5348,5348,LAYOUT,layout_rtl,672,0,672,0,1,336,0,0,0,0,0,1,0,5376
5349,5349,LAYOUT,layout_rtl,672,0,672,0,1,336,0,0,0,0,0,1,0,5376
5350,5350,LAYOUT,layout_rtl,672,0,672,0,1,336,0,0,0,0,0,1,0,5376
5351,5351,LAYOUT,layout_rtl,672,0,672,0,1,336,0,0,0,0,0,1,0,5376
5352,5352,LAYOUT,layout_rtl,672,0,672,0,1,336,0,0,0,0,0,1,0,5376
5353,5353,MUL,vector_rtl,672,0,672,0,1,336,0,0,0,0,0,1,0,5376
5354,5354,LAYOUT,layout_rtl,672,0,672,0,1,336,0,0,0,0,0,1,0,5376
5355,5355,BMM_W8A8,rtl_bmm,832,832,0,296,168,336,32,336,112896,56448,8,1764,5376,1764
5356,5356,SOFTMAX,vector_rtl,222,0,222,0,1,111,0,0,0,0,0,1,0,1764
5357,5357,BMM_W8A8,rtl_bmm,832,832,0,296,168,336,32,336,112896,56448,8,1764,5376,1764
5358,5358,LAYOUT,layout_rtl,672,0,672,0,1,336,0,0,0,0,0,1,0,5376
5359,5359,LAYOUT,layout_rtl,672,0,672,0,1,336,0,0,0,0,0,1,0,5376
5360,5360,LAYOUT,layout_rtl,672,0,672,0,1,336,0,0,0,0,0,1,0,5376
5361,5361,GEMM_W8A8,rtl_gemm,2760,2760,0,1632,768,336,24,336,1376256,688128,6,5376,65536,5376
5362,5362,LAYOUT,layout_rtl,672,0,672,0,1,336,0,0,0,0,0,1,0,5376
5363,5363,LAYOUT,layout_rtl,222,0,222,0,1,111,0,0,0,0,0,1,0,1764
5364,5364,AUX_EVENT,aux_behavior,333,0,333,0,1,111,0,0,0,0,0,1,0,1764
5365,5365,AUX_EVENT,aux_behavior,1008,0,1008,0,1,336,0,0,0,0,0,1,0,5376
5366,5366,ADD,vector_rtl,672,0,672,0,1,336,0,0,0,0,0,1,0,5376
5367,5367,LAYER_NORM,vector_rtl,672,0,672,0,1,336,0,0,0,0,0,1,0,5376
5368,5368,GEMM_W8A8,rtl_gemm,341,341,0,0,1,336,4,336,0,0,0,0,0,5376
5369,5369,AUX_EVENT,aux_behavior,1008,0,1008,0,1,336,0,0,0,0,0,1,0,5376
5370,5370,AUX_EVENT,aux_behavior,1008,0,1008,0,1,336,0,0,0,0,0,1,0,5376
5371,5371,AUX_EVENT,aux_behavior,1008,0,1008,0,1,336,0,0,0,0,0,1,0,5376
5372,5372,AUX_EVENT,aux_behavior,1008,0,1008,0,1,336,0,0,0,0,0,1,0,5376
5373,5373,AUX_EVENT,aux_behavior,1008,0,1008,0,1,336,0,0,0,0,0,1,0,5376
5374,5374,AUX_EVENT,aux_behavior,1008,0,1008,0,1,336,0,0,0,0,0,1,0,5376
5375,5375,AUX_EVENT,aux_behavior,1008,0,1008,0,1,336,0,0,0,0,0,1,0,5376
5376,5376,AUX_EVENT,aux_behavior,49152,0,49152,0,1,16384,0,0,0,0,0,1,0,262144
5377,5377,AUX_EVENT,aux_behavior,49152,0,49152,0,1,16384,0,0,0,0,0,1,0,262144
5378,5378,AUX_EVENT,aux_behavior,49152,0,49152,0,1,16384,0,0,0,0,0,1,0,262144
5379,5379,AUX_EVENT,aux_behavior,49152,0,49152,0,1,16384,0,0,0,0,0,1,0,262144
5380,5380,AUX_EVENT,aux_behavior,49152,0,49152,0,1,16384,0,0,0,0,0,1,0,262144
5381,5381,AUX_EVENT,aux_behavior,49152,0,49152,0,1,16384,0,0,0,0,0,1,0,262144
5382,5382,AUX_EVENT,aux_behavior,49152,0,49152,0,1,16384,0,0,0,0,0,1,0,262144
5383,5383,AUX_EVENT,aux_behavior,49152,0,49152,0,1,16384,0,0,0,0,0,1,0,262144
5384,5384,RELU,vector_rtl,2688,0,2688,0,1,1344,0,0,0,0,0,1,0,21504
5385,5385,AUX_EVENT,aux_behavior,4032,0,4032,0,1,1344,0,0,0,0,0,1,0,21504
5386,5386,GEMM_W8A8,rtl_gemm,1349,1349,0,0,1,1344,4,1344,0,0,0,0,0,21504
5387,5387,AUX_EVENT,aux_behavior,4032,0,4032,0,1,1344,0,0,0,0,0,1,0,21504
5388,5388,AUX_EVENT,aux_behavior,4032,0,4032,0,1,1344,0,0,0,0,0,1,0,21504
5389,5389,AUX_EVENT,aux_behavior,4032,0,4032,0,1,1344,0,0,0,0,0,1,0,21504
5390,5390,AUX_EVENT,aux_behavior,4032,0,4032,0,1,1344,0,0,0,0,0,1,0,21504
5391,5391,AUX_EVENT,aux_behavior,4032,0,4032,0,1,1344,0,0,0,0,0,1,0,21504
5392,5392,AUX_EVENT,aux_behavior,4032,0,4032,0,1,1344,0,0,0,0,0,1,0,21504
5393,5393,AUX_EVENT,aux_behavior,4032,0,4032,0,1,1344,0,0,0,0,0,1,0,21504
5394,5394,AUX_EVENT,aux_behavior,49152,0,49152,0,1,16384,0,0,0,0,0,1,0,262144
5395,5395,AUX_EVENT,aux_behavior,49152,0,49152,0,1,16384,0,0,0,0,0,1,0,262144
5396,5396,AUX_EVENT,aux_behavior,49152,0,49152,0,1,16384,0,0,0,0,0,1,0,262144
5397,5397,AUX_EVENT,aux_behavior,49152,0,49152,0,1,16384,0,0,0,0,0,1,0,262144
5398,5398,AUX_EVENT,aux_behavior,49152,0,49152,0,1,16384,0,0,0,0,0,1,0,262144
5399,5399,AUX_EVENT,aux_behavior,49152,0,49152,0,1,16384,0,0,0,0,0,1,0,262144
5400,5400,AUX_EVENT,aux_behavior,49152,0,49152,0,1,16384,0,0,0,0,0,1,0,262144
5401,5401,AUX_EVENT,aux_behavior,49152,0,49152,0,1,16384,0,0,0,0,0,1,0,262144
5402,5402,AUX_EVENT,aux_behavior,1008,0,1008,0,1,336,0,0,0,0,0,1,0,5376
5403,5403,ADD,vector_rtl,672,0,672,0,1,336,0,0,0,0,0,1,0,5376
5404,5404,LAYER_NORM,vector_rtl,672,0,672,0,1,336,0,0,0,0,0,1,0,5376
5405,5405,LAYOUT,layout_rtl,672,0,672,0,1,336,0,0,0,0,0,1,0,5376
5406,5406,LAYER_NORM,vector_rtl,16384,0,16384,0,1,8192,0,0,0,0,0,1,0,131072
5407,5407,LAYER_NORM,vector_rtl,672,0,672,0,1,336,0,0,0,0,0,1,0,5376
5408,5408,GEMM_W8A8,rtl_gemm,8197,8197,0,0,1,8192,4,8192,0,0,0,0,0,131072
5409,5409,AUX_EVENT,aux_behavior,24576,0,24576,0,1,8192,0,0,0,0,0,1,0,131072
5410,5410,AUX_EVENT,aux_behavior,24576,0,24576,0,1,8192,0,0,0,0,0,1,0,131072
5411,5411,AUX_EVENT,aux_behavior,24576,0,24576,0,1,8192,0,0,0,0,0,1,0,131072
5412,5412,AUX_EVENT,aux_behavior,24576,0,24576,0,1,8192,0,0,0,0,0,1,0,131072
5413,5413,AUX_EVENT,aux_behavior,24576,0,24576,0,1,8192,0,0,0,0,0,1,0,131072
5414,5414,AUX_EVENT,aux_behavior,24576,0,24576,0,1,8192,0,0,0,0,0,1,0,131072
5415,5415,AUX_EVENT,aux_behavior,24576,0,24576,0,1,8192,0,0,0,0,0,1,0,131072
5416,5416,AUX_EVENT,aux_behavior,49152,0,49152,0,1,16384,0,0,0,0,0,1,0,262144
5417,5417,AUX_EVENT,aux_behavior,49152,0,49152,0,1,16384,0,0,0,0,0,1,0,262144
5418,5418,AUX_EVENT,aux_behavior,49152,0,49152,0,1,16384,0,0,0,0,0,1,0,262144
5419,5419,AUX_EVENT,aux_behavior,49152,0,49152,0,1,16384,0,0,0,0,0,1,0,262144
5420,5420,AUX_EVENT,aux_behavior,49152,0,49152,0,1,16384,0,0,0,0,0,1,0,262144
5421,5421,AUX_EVENT,aux_behavior,49152,0,49152,0,1,16384,0,0,0,0,0,1,0,262144
5422,5422,AUX_EVENT,aux_behavior,49152,0,49152,0,1,16384,0,0,0,0,0,1,0,262144
5423,5423,AUX_EVENT,aux_behavior,49152,0,49152,0,1,16384,0,0,0,0,0,1,0,262144
5424,5424,MUL,vector_rtl,65536,0,65536,0,1,32768,0,0,0,0,0,1,0,524288
5425,5425,GEMM_W8A8,rtl_gemm,341,341,0,0,1,336,4,336,0,0,0,0,0,5376
5426,5426,AUX_EVENT,aux_behavior,1008,0,1008,0,1,336,0,0,0,0,0,1,0,5376
5427,5427,AUX_EVENT,aux_behavior,1008,0,1008,0,1,336,0,0,0,0,0,1,0,5376
5428,5428,AUX_EVENT,aux_behavior,1008,0,1008,0,1,336,0,0,0,0,0,1,0,5376
5429,5429,AUX_EVENT,aux_behavior,1008,0,1008,0,1,336,0,0,0,0,0,1,0,5376
5430,5430,AUX_EVENT,aux_behavior,1008,0,1008,0,1,336,0,0,0,0,0,1,0,5376
5431,5431,AUX_EVENT,aux_behavior,1008,0,1008,0,1,336,0,0,0,0,0,1,0,5376
5432,5432,AUX_EVENT,aux_behavior,1008,0,1008,0,1,336,0,0,0,0,0,1,0,5376
5433,5433,AUX_EVENT,aux_behavior,49152,0,49152,0,1,16384,0,0,0,0,0,1,0,262144
5434,5434,AUX_EVENT,aux_behavior,49152,0,49152,0,1,16384,0,0,0,0,0,1,0,262144
5435,5435,AUX_EVENT,aux_behavior,49152,0,49152,0,1,16384,0,0,0,0,0,1,0,262144
5436,5436,AUX_EVENT,aux_behavior,49152,0,49152,0,1,16384,0,0,0,0,0,1,0,262144
5437,5437,AUX_EVENT,aux_behavior,49152,0,49152,0,1,16384,0,0,0,0,0,1,0,262144
5438,5438,AUX_EVENT,aux_behavior,49152,0,49152,0,1,16384,0,0,0,0,0,1,0,262144
5439,5439,AUX_EVENT,aux_behavior,49152,0,49152,0,1,16384,0,0,0,0,0,1,0,262144
5440,5440,AUX_EVENT,aux_behavior,49152,0,49152,0,1,16384,0,0,0,0,0,1,0,262144
5441,5441,LAYOUT,layout_rtl,2688,0,2688,0,1,1344,0,0,0,0,0,1,0,21504
5442,5442,LAYOUT,layout_rtl,2688,0,2688,0,1,1344,0,0,0,0,0,1,0,21504
5443,5443,LAYOUT,layout_rtl,2688,0,2688,0,1,1344,0,0,0,0,0,1,0,21504
5444,5444,GEMM_W8A8,rtl_gemm,8197,8197,0,0,1,8192,4,8192,0,0,0,0,0,131072
5445,5445,AUX_EVENT,aux_behavior,24576,0,24576,0,1,8192,0,0,0,0,0,1,0,131072
5446,5446,AUX_EVENT,aux_behavior,24576,0,24576,0,1,8192,0,0,0,0,0,1,0,131072
5447,5447,AUX_EVENT,aux_behavior,24576,0,24576,0,1,8192,0,0,0,0,0,1,0,131072
5448,5448,AUX_EVENT,aux_behavior,24576,0,24576,0,1,8192,0,0,0,0,0,1,0,131072
5449,5449,AUX_EVENT,aux_behavior,24576,0,24576,0,1,8192,0,0,0,0,0,1,0,131072
5450,5450,AUX_EVENT,aux_behavior,24576,0,24576,0,1,8192,0,0,0,0,0,1,0,131072
5451,5451,AUX_EVENT,aux_behavior,24576,0,24576,0,1,8192,0,0,0,0,0,1,0,131072
5452,5452,AUX_EVENT,aux_behavior,49152,0,49152,0,1,16384,0,0,0,0,0,1,0,262144
5453,5453,AUX_EVENT,aux_behavior,49152,0,49152,0,1,16384,0,0,0,0,0,1,0,262144
5454,5454,AUX_EVENT,aux_behavior,49152,0,49152,0,1,16384,0,0,0,0,0,1,0,262144
5455,5455,AUX_EVENT,aux_behavior,49152,0,49152,0,1,16384,0,0,0,0,0,1,0,262144
5456,5456,AUX_EVENT,aux_behavior,49152,0,49152,0,1,16384,0,0,0,0,0,1,0,262144
5457,5457,AUX_EVENT,aux_behavior,49152,0,49152,0,1,16384,0,0,0,0,0,1,0,262144
5458,5458,AUX_EVENT,aux_behavior,49152,0,49152,0,1,16384,0,0,0,0,0,1,0,262144
5459,5459,AUX_EVENT,aux_behavior,49152,0,49152,0,1,16384,0,0,0,0,0,1,0,262144
5460,5460,LAYOUT,layout_rtl,65536,0,65536,0,1,32768,0,0,0,0,0,1,0,524288
5461,5461,LAYOUT,layout_rtl,65536,0,65536,0,1,32768,0,0,0,0,0,1,0,524288
5462,5462,LAYOUT,layout_rtl,65536,0,65536,0,1,32768,0,0,0,0,0,1,0,524288
5463,5463,GEMM_W8A8,rtl_gemm,341,341,0,0,1,336,4,336,0,0,0,0,0,5376
5464,5464,AUX_EVENT,aux_behavior,1008,0,1008,0,1,336,0,0,0,0,0,1,0,5376
5465,5465,AUX_EVENT,aux_behavior,1008,0,1008,0,1,336,0,0,0,0,0,1,0,5376
5466,5466,AUX_EVENT,aux_behavior,1008,0,1008,0,1,336,0,0,0,0,0,1,0,5376
5467,5467,AUX_EVENT,aux_behavior,1008,0,1008,0,1,336,0,0,0,0,0,1,0,5376
5468,5468,AUX_EVENT,aux_behavior,1008,0,1008,0,1,336,0,0,0,0,0,1,0,5376
5469,5469,AUX_EVENT,aux_behavior,1008,0,1008,0,1,336,0,0,0,0,0,1,0,5376
5470,5470,AUX_EVENT,aux_behavior,1008,0,1008,0,1,336,0,0,0,0,0,1,0,5376
5471,5471,AUX_EVENT,aux_behavior,49152,0,49152,0,1,16384,0,0,0,0,0,1,0,262144
5472,5472,AUX_EVENT,aux_behavior,49152,0,49152,0,1,16384,0,0,0,0,0,1,0,262144
5473,5473,AUX_EVENT,aux_behavior,49152,0,49152,0,1,16384,0,0,0,0,0,1,0,262144
5474,5474,AUX_EVENT,aux_behavior,49152,0,49152,0,1,16384,0,0,0,0,0,1,0,262144
5475,5475,AUX_EVENT,aux_behavior,49152,0,49152,0,1,16384,0,0,0,0,0,1,0,262144
5476,5476,AUX_EVENT,aux_behavior,49152,0,49152,0,1,16384,0,0,0,0,0,1,0,262144
5477,5477,AUX_EVENT,aux_behavior,49152,0,49152,0,1,16384,0,0,0,0,0,1,0,262144
5478,5478,AUX_EVENT,aux_behavior,49152,0,49152,0,1,16384,0,0,0,0,0,1,0,262144
5479,5479,LAYOUT,layout_rtl,2688,0,2688,0,1,1344,0,0,0,0,0,1,0,21504
5480,5480,LAYOUT,layout_rtl,2688,0,2688,0,1,1344,0,0,0,0,0,1,0,21504
5481,5481,LAYOUT,layout_rtl,2688,0,2688,0,1,1344,0,0,0,0,0,1,0,21504
5482,5482,LAYOUT,layout_rtl,65536,0,65536,0,1,32768,0,0,0,0,0,1,0,524288
5483,5483,LAYOUT,layout_rtl,65536,0,65536,0,1,32768,0,0,0,0,0,1,0,524288
5484,5484,LAYOUT,layout_rtl,65536,0,65536,0,1,32768,0,0,0,0,0,1,0,524288
5485,5485,LAYOUT,layout_rtl,65536,0,65536,0,1,32768,0,0,0,0,0,1,0,524288
5486,5486,LAYOUT,layout_rtl,2688,0,2688,0,1,1344,0,0,0,0,0,1,0,21504
5487,5487,LAYOUT,layout_rtl,65536,0,65536,0,1,32768,0,0,0,0,0,1,0,524288
5488,5488,LAYOUT,layout_rtl,2688,0,2688,0,1,1344,0,0,0,0,0,1,0,21504
5489,5489,LAYOUT,layout_rtl,2688,0,2688,0,1,1344,0,0,0,0,0,1,0,21504
5490,5490,BMM_W8A8,rtl_bmm,70784,70784,0,34816,32768,2688,512,2688,11010048,5505024,128,524288,21504,524288
5491,5491,AUX_EVENT,aux_behavior,8064,0,8064,0,1,2688,0,0,0,0,0,1,0,43008
5492,5492,ADD,vector_rtl,5376,0,5376,0,1,2688,0,0,0,0,0,1,0,43008
5493,5493,CLAMP,vector_rtl,5376,0,5376,0,1,2688,0,0,0,0,0,1,0,43008
5494,5494,CLAMP,vector_rtl,5376,0,5376,0,1,2688,0,0,0,0,0,1,0,43008
5495,5495,LAYOUT,layout_rtl,5376,0,5376,0,1,2688,0,0,0,0,0,1,0,43008
5496,5496,AUX_EVENT,aux_behavior,8064,0,8064,0,1,2688,0,0,0,0,0,1,0,43008
5497,5497,ADD,vector_rtl,5376,0,5376,0,1,2688,0,0,0,0,0,1,0,43008
5498,5498,CLAMP,vector_rtl,5376,0,5376,0,1,2688,0,0,0,0,0,1,0,43008
5499,5499,CLAMP,vector_rtl,5376,0,5376,0,1,2688,0,0,0,0,0,1,0,43008
5500,5500,SOFTMAX,vector_rtl,5376,0,5376,0,1,2688,0,0,0,0,0,1,0,43008
5501,5501,LAYOUT,layout_rtl,16,0,16,0,1,2,0,0,0,0,0,1,0,21
5502,5502,LAYOUT,layout_rtl,16,0,16,0,1,2,0,0,0,0,0,1,0,21
5503,5503,LAYOUT,layout_rtl,16,0,16,0,1,2,0,0,0,0,0,1,0,21
5504,5504,LAYOUT,layout_rtl,16,0,16,0,1,2,0,0,0,0,0,1,0,21
5505,5505,LAYOUT,layout_rtl,16,0,16,0,1,2,0,0,0,0,0,1,0,21
5506,5506,LAYOUT,layout_rtl,16,0,16,0,1,6,0,0,0,0,0,1,0,84
5507,5507,AUX_EVENT,aux_behavior,8064,0,8064,0,1,2688,0,0,0,0,0,1,0,43008
5508,5508,SOFTMAX,vector_rtl,5376,0,5376,0,1,2688,0,0,0,0,0,1,0,43008
5509,5509,AUX_EVENT,aux_behavior,8064,0,8064,0,1,2688,0,0,0,0,0,1,0,43008
5510,5510,AUX_EVENT,aux_behavior,8064,0,8064,0,1,2688,0,0,0,0,0,1,0,43008
5511,5511,BMM_W8A8,rtl_bmm,51200,51200,0,14208,2688,32768,1536,32768,11010048,5505024,384,43008,21504,43008
5512,5512,BMM_W8A8,rtl_bmm,20256,20256,0,12672,6144,1344,96,1344,11010048,5505024,24,43008,524288,43008
5513,5513,LAYOUT,layout_rtl,65536,0,65536,0,1,32768,0,0,0,0,0,1,0,524288
5514,5514,LAYOUT,layout_rtl,65536,0,65536,0,1,32768,0,0,0,0,0,1,0,524288
5515,5515,LAYOUT,layout_rtl,65536,0,65536,0,1,32768,0,0,0,0,0,1,0,524288
5516,5516,LAYOUT,layout_rtl,2688,0,2688,0,1,1344,0,0,0,0,0,1,0,21504
5517,5517,LAYOUT,layout_rtl,2688,0,2688,0,1,1344,0,0,0,0,0,1,0,21504
5518,5518,LAYOUT,layout_rtl,2688,0,2688,0,1,1344,0,0,0,0,0,1,0,21504
5519,5519,GEMM_W8A8,rtl_gemm,32773,32773,0,0,1,32768,4,32768,0,0,0,0,0,524288
5520,5520,AUX_EVENT,aux_behavior,98304,0,98304,0,1,32768,0,0,0,0,0,1,0,524288
5521,5521,AUX_EVENT,aux_behavior,98304,0,98304,0,1,32768,0,0,0,0,0,1,0,524288
5522,5522,AUX_EVENT,aux_behavior,98304,0,98304,0,1,32768,0,0,0,0,0,1,0,524288
5523,5523,AUX_EVENT,aux_behavior,98304,0,98304,0,1,32768,0,0,0,0,0,1,0,524288
5524,5524,AUX_EVENT,aux_behavior,98304,0,98304,0,1,32768,0,0,0,0,0,1,0,524288
5525,5525,AUX_EVENT,aux_behavior,98304,0,98304,0,1,32768,0,0,0,0,0,1,0,524288
5526,5526,AUX_EVENT,aux_behavior,98304,0,98304,0,1,32768,0,0,0,0,0,1,0,524288
5527,5527,AUX_EVENT,aux_behavior,49152,0,49152,0,1,16384,0,0,0,0,0,1,0,262144
5528,5528,AUX_EVENT,aux_behavior,49152,0,49152,0,1,16384,0,0,0,0,0,1,0,262144
5529,5529,AUX_EVENT,aux_behavior,49152,0,49152,0,1,16384,0,0,0,0,0,1,0,262144
5530,5530,AUX_EVENT,aux_behavior,49152,0,49152,0,1,16384,0,0,0,0,0,1,0,262144
5531,5531,AUX_EVENT,aux_behavior,49152,0,49152,0,1,16384,0,0,0,0,0,1,0,262144
5532,5532,AUX_EVENT,aux_behavior,49152,0,49152,0,1,16384,0,0,0,0,0,1,0,262144
5533,5533,AUX_EVENT,aux_behavior,49152,0,49152,0,1,16384,0,0,0,0,0,1,0,262144
5534,5534,AUX_EVENT,aux_behavior,49152,0,49152,0,1,16384,0,0,0,0,0,1,0,262144
5535,5535,GEMM_W8A8,rtl_gemm,1349,1349,0,0,1,1344,4,1344,0,0,0,0,0,21504
5536,5536,AUX_EVENT,aux_behavior,4032,0,4032,0,1,1344,0,0,0,0,0,1,0,21504
5537,5537,AUX_EVENT,aux_behavior,4032,0,4032,0,1,1344,0,0,0,0,0,1,0,21504
5538,5538,AUX_EVENT,aux_behavior,4032,0,4032,0,1,1344,0,0,0,0,0,1,0,21504
5539,5539,AUX_EVENT,aux_behavior,4032,0,4032,0,1,1344,0,0,0,0,0,1,0,21504
5540,5540,AUX_EVENT,aux_behavior,4032,0,4032,0,1,1344,0,0,0,0,0,1,0,21504
5541,5541,AUX_EVENT,aux_behavior,4032,0,4032,0,1,1344,0,0,0,0,0,1,0,21504
5542,5542,AUX_EVENT,aux_behavior,4032,0,4032,0,1,1344,0,0,0,0,0,1,0,21504
5543,5543,AUX_EVENT,aux_behavior,49152,0,49152,0,1,16384,0,0,0,0,0,1,0,262144
5544,5544,AUX_EVENT,aux_behavior,49152,0,49152,0,1,16384,0,0,0,0,0,1,0,262144
5545,5545,AUX_EVENT,aux_behavior,49152,0,49152,0,1,16384,0,0,0,0,0,1,0,262144
5546,5546,AUX_EVENT,aux_behavior,49152,0,49152,0,1,16384,0,0,0,0,0,1,0,262144
5547,5547,AUX_EVENT,aux_behavior,49152,0,49152,0,1,16384,0,0,0,0,0,1,0,262144
5548,5548,AUX_EVENT,aux_behavior,49152,0,49152,0,1,16384,0,0,0,0,0,1,0,262144
5549,5549,AUX_EVENT,aux_behavior,49152,0,49152,0,1,16384,0,0,0,0,0,1,0,262144
5550,5550,AUX_EVENT,aux_behavior,49152,0,49152,0,1,16384,0,0,0,0,0,1,0,262144
5551,5551,MUL,vector_rtl,32,0,32,0,1,16,0,0,0,0,0,1,0,256
5552,5552,ADD,vector_rtl,16384,0,16384,0,1,8192,0,0,0,0,0,1,0,131072
5553,5553,MUL,vector_rtl,32,0,32,0,1,16,0,0,0,0,0,1,0,256
5554,5554,ADD,vector_rtl,672,0,672,0,1,336,0,0,0,0,0,1,0,5376
5555,5555,AUX_EVENT,aux_behavior,84,0,84,0,1,28,0,0,0,0,0,1,0,441
5556,5556,LAYOUT,layout_rtl,672,0,672,0,1,336,0,0,0,0,0,1,0,5376
5557,5557,LAYOUT,layout_rtl,56,0,56,0,1,28,0,0,0,0,0,1,0,441
5558,5558,AUX_EVENT,aux_behavior,333,0,333,0,1,111,0,0,0,0,0,1,0,1764
5559,5559,AUX_EVENT,aux_behavior,333,0,333,0,1,111,0,0,0,0,0,1,0,1764
5560,5560,GEMM_W8A8,rtl_gemm,341,341,0,0,1,336,4,336,0,0,0,0,0,5376
5561,5561,LAYOUT,layout_rtl,2016,0,2016,0,1,1008,0,0,0,0,0,1,0,16128
5562,5562,LAYOUT,layout_rtl,2016,0,2016,0,1,1008,0,0,0,0,0,1,0,16128
5563,5563,LAYOUT,layout_rtl,2016,0,2016,0,1,1008,0,0,0,0,0,1,0,16128
5564,5564,LAYOUT,layout_rtl,2016,0,2016,0,1,1008,0,0,0,0,0,1,0,16128
5565,5565,LAYOUT,layout_rtl,2016,0,2016,0,1,1008,0,0,0,0,0,1,0,16128
5566,5566,LAYOUT,layout_rtl,2016,0,2016,0,1,1008,0,0,0,0,0,1,0,16128
5567,5567,LAYOUT,layout_rtl,2016,0,2016,0,1,1008,0,0,0,0,0,1,0,16128
5568,5568,LAYOUT,layout_rtl,2016,0,2016,0,1,1008,0,0,0,0,0,1,0,16128
5569,5569,LAYOUT,layout_rtl,672,0,672,0,1,336,0,0,0,0,0,1,0,5376
5570,5570,LAYOUT,layout_rtl,672,0,672,0,1,336,0,0,0,0,0,1,0,5376
5571,5571,LAYOUT,layout_rtl,672,0,672,0,1,336,0,0,0,0,0,1,0,5376
5572,5572,LAYOUT,layout_rtl,672,0,672,0,1,336,0,0,0,0,0,1,0,5376
5573,5573,LAYOUT,layout_rtl,672,0,672,0,1,336,0,0,0,0,0,1,0,5376
5574,5574,LAYOUT,layout_rtl,672,0,672,0,1,336,0,0,0,0,0,1,0,5376
5575,5575,MUL,vector_rtl,672,0,672,0,1,336,0,0,0,0,0,1,0,5376
5576,5576,LAYOUT,layout_rtl,672,0,672,0,1,336,0,0,0,0,0,1,0,5376
5577,5577,BMM_W8A8,rtl_bmm,832,832,0,296,168,336,32,336,112896,56448,8,1764,5376,1764
5578,5578,SOFTMAX,vector_rtl,222,0,222,0,1,111,0,0,0,0,0,1,0,1764
5579,5579,BMM_W8A8,rtl_bmm,832,832,0,296,168,336,32,336,112896,56448,8,1764,5376,1764
5580,5580,LAYOUT,layout_rtl,672,0,672,0,1,336,0,0,0,0,0,1,0,5376
5581,5581,LAYOUT,layout_rtl,672,0,672,0,1,336,0,0,0,0,0,1,0,5376
5582,5582,LAYOUT,layout_rtl,672,0,672,0,1,336,0,0,0,0,0,1,0,5376
5583,5583,GEMM_W8A8,rtl_gemm,2760,2760,0,1632,768,336,24,336,1376256,688128,6,5376,65536,5376
5584,5584,LAYOUT,layout_rtl,672,0,672,0,1,336,0,0,0,0,0,1,0,5376
5585,5585,LAYOUT,layout_rtl,222,0,222,0,1,111,0,0,0,0,0,1,0,1764
5586,5586,AUX_EVENT,aux_behavior,333,0,333,0,1,111,0,0,0,0,0,1,0,1764
5587,5587,AUX_EVENT,aux_behavior,1008,0,1008,0,1,336,0,0,0,0,0,1,0,5376
5588,5588,ADD,vector_rtl,672,0,672,0,1,336,0,0,0,0,0,1,0,5376
5589,5589,LAYER_NORM,vector_rtl,672,0,672,0,1,336,0,0,0,0,0,1,0,5376
5590,5590,GEMM_W8A8,rtl_gemm,341,341,0,0,1,336,4,336,0,0,0,0,0,5376
5591,5591,AUX_EVENT,aux_behavior,1008,0,1008,0,1,336,0,0,0,0,0,1,0,5376
5592,5592,AUX_EVENT,aux_behavior,1008,0,1008,0,1,336,0,0,0,0,0,1,0,5376
5593,5593,AUX_EVENT,aux_behavior,1008,0,1008,0,1,336,0,0,0,0,0,1,0,5376
5594,5594,AUX_EVENT,aux_behavior,1008,0,1008,0,1,336,0,0,0,0,0,1,0,5376
5595,5595,AUX_EVENT,aux_behavior,1008,0,1008,0,1,336,0,0,0,0,0,1,0,5376
5596,5596,AUX_EVENT,aux_behavior,1008,0,1008,0,1,336,0,0,0,0,0,1,0,5376
5597,5597,AUX_EVENT,aux_behavior,1008,0,1008,0,1,336,0,0,0,0,0,1,0,5376
5598,5598,AUX_EVENT,aux_behavior,49152,0,49152,0,1,16384,0,0,0,0,0,1,0,262144
5599,5599,AUX_EVENT,aux_behavior,49152,0,49152,0,1,16384,0,0,0,0,0,1,0,262144
5600,5600,AUX_EVENT,aux_behavior,49152,0,49152,0,1,16384,0,0,0,0,0,1,0,262144
5601,5601,AUX_EVENT,aux_behavior,49152,0,49152,0,1,16384,0,0,0,0,0,1,0,262144
5602,5602,AUX_EVENT,aux_behavior,49152,0,49152,0,1,16384,0,0,0,0,0,1,0,262144
5603,5603,AUX_EVENT,aux_behavior,49152,0,49152,0,1,16384,0,0,0,0,0,1,0,262144
5604,5604,AUX_EVENT,aux_behavior,49152,0,49152,0,1,16384,0,0,0,0,0,1,0,262144
5605,5605,AUX_EVENT,aux_behavior,49152,0,49152,0,1,16384,0,0,0,0,0,1,0,262144
5606,5606,RELU,vector_rtl,2688,0,2688,0,1,1344,0,0,0,0,0,1,0,21504
5607,5607,AUX_EVENT,aux_behavior,4032,0,4032,0,1,1344,0,0,0,0,0,1,0,21504
5608,5608,GEMM_W8A8,rtl_gemm,1349,1349,0,0,1,1344,4,1344,0,0,0,0,0,21504
5609,5609,AUX_EVENT,aux_behavior,4032,0,4032,0,1,1344,0,0,0,0,0,1,0,21504
5610,5610,AUX_EVENT,aux_behavior,4032,0,4032,0,1,1344,0,0,0,0,0,1,0,21504
5611,5611,AUX_EVENT,aux_behavior,4032,0,4032,0,1,1344,0,0,0,0,0,1,0,21504
5612,5612,AUX_EVENT,aux_behavior,4032,0,4032,0,1,1344,0,0,0,0,0,1,0,21504
5613,5613,AUX_EVENT,aux_behavior,4032,0,4032,0,1,1344,0,0,0,0,0,1,0,21504
5614,5614,AUX_EVENT,aux_behavior,4032,0,4032,0,1,1344,0,0,0,0,0,1,0,21504
5615,5615,AUX_EVENT,aux_behavior,4032,0,4032,0,1,1344,0,0,0,0,0,1,0,21504
5616,5616,AUX_EVENT,aux_behavior,49152,0,49152,0,1,16384,0,0,0,0,0,1,0,262144
5617,5617,AUX_EVENT,aux_behavior,49152,0,49152,0,1,16384,0,0,0,0,0,1,0,262144
5618,5618,AUX_EVENT,aux_behavior,49152,0,49152,0,1,16384,0,0,0,0,0,1,0,262144
5619,5619,AUX_EVENT,aux_behavior,49152,0,49152,0,1,16384,0,0,0,0,0,1,0,262144
5620,5620,AUX_EVENT,aux_behavior,49152,0,49152,0,1,16384,0,0,0,0,0,1,0,262144
5621,5621,AUX_EVENT,aux_behavior,49152,0,49152,0,1,16384,0,0,0,0,0,1,0,262144
5622,5622,AUX_EVENT,aux_behavior,49152,0,49152,0,1,16384,0,0,0,0,0,1,0,262144
5623,5623,AUX_EVENT,aux_behavior,49152,0,49152,0,1,16384,0,0,0,0,0,1,0,262144
5624,5624,AUX_EVENT,aux_behavior,1008,0,1008,0,1,336,0,0,0,0,0,1,0,5376
5625,5625,ADD,vector_rtl,672,0,672,0,1,336,0,0,0,0,0,1,0,5376
5626,5626,LAYER_NORM,vector_rtl,672,0,672,0,1,336,0,0,0,0,0,1,0,5376
5627,5627,LAYOUT,layout_rtl,672,0,672,0,1,336,0,0,0,0,0,1,0,5376
5628,5628,LAYER_NORM,vector_rtl,16384,0,16384,0,1,8192,0,0,0,0,0,1,0,131072
5629,5629,LAYER_NORM,vector_rtl,672,0,672,0,1,336,0,0,0,0,0,1,0,5376
5630,5630,GEMM_W8A8,rtl_gemm,8197,8197,0,0,1,8192,4,8192,0,0,0,0,0,131072
5631,5631,AUX_EVENT,aux_behavior,24576,0,24576,0,1,8192,0,0,0,0,0,1,0,131072
5632,5632,AUX_EVENT,aux_behavior,24576,0,24576,0,1,8192,0,0,0,0,0,1,0,131072
5633,5633,AUX_EVENT,aux_behavior,24576,0,24576,0,1,8192,0,0,0,0,0,1,0,131072
5634,5634,AUX_EVENT,aux_behavior,24576,0,24576,0,1,8192,0,0,0,0,0,1,0,131072
5635,5635,AUX_EVENT,aux_behavior,24576,0,24576,0,1,8192,0,0,0,0,0,1,0,131072
5636,5636,AUX_EVENT,aux_behavior,24576,0,24576,0,1,8192,0,0,0,0,0,1,0,131072
5637,5637,AUX_EVENT,aux_behavior,24576,0,24576,0,1,8192,0,0,0,0,0,1,0,131072
5638,5638,AUX_EVENT,aux_behavior,49152,0,49152,0,1,16384,0,0,0,0,0,1,0,262144
5639,5639,AUX_EVENT,aux_behavior,49152,0,49152,0,1,16384,0,0,0,0,0,1,0,262144
5640,5640,AUX_EVENT,aux_behavior,49152,0,49152,0,1,16384,0,0,0,0,0,1,0,262144
5641,5641,AUX_EVENT,aux_behavior,49152,0,49152,0,1,16384,0,0,0,0,0,1,0,262144
5642,5642,AUX_EVENT,aux_behavior,49152,0,49152,0,1,16384,0,0,0,0,0,1,0,262144
5643,5643,AUX_EVENT,aux_behavior,49152,0,49152,0,1,16384,0,0,0,0,0,1,0,262144
5644,5644,AUX_EVENT,aux_behavior,49152,0,49152,0,1,16384,0,0,0,0,0,1,0,262144
5645,5645,AUX_EVENT,aux_behavior,49152,0,49152,0,1,16384,0,0,0,0,0,1,0,262144
5646,5646,MUL,vector_rtl,65536,0,65536,0,1,32768,0,0,0,0,0,1,0,524288
5647,5647,GEMM_W8A8,rtl_gemm,341,341,0,0,1,336,4,336,0,0,0,0,0,5376
5648,5648,AUX_EVENT,aux_behavior,1008,0,1008,0,1,336,0,0,0,0,0,1,0,5376
5649,5649,AUX_EVENT,aux_behavior,1008,0,1008,0,1,336,0,0,0,0,0,1,0,5376
5650,5650,AUX_EVENT,aux_behavior,1008,0,1008,0,1,336,0,0,0,0,0,1,0,5376
5651,5651,AUX_EVENT,aux_behavior,1008,0,1008,0,1,336,0,0,0,0,0,1,0,5376
5652,5652,AUX_EVENT,aux_behavior,1008,0,1008,0,1,336,0,0,0,0,0,1,0,5376
5653,5653,AUX_EVENT,aux_behavior,1008,0,1008,0,1,336,0,0,0,0,0,1,0,5376
5654,5654,AUX_EVENT,aux_behavior,1008,0,1008,0,1,336,0,0,0,0,0,1,0,5376
5655,5655,AUX_EVENT,aux_behavior,49152,0,49152,0,1,16384,0,0,0,0,0,1,0,262144
5656,5656,AUX_EVENT,aux_behavior,49152,0,49152,0,1,16384,0,0,0,0,0,1,0,262144
5657,5657,AUX_EVENT,aux_behavior,49152,0,49152,0,1,16384,0,0,0,0,0,1,0,262144
5658,5658,AUX_EVENT,aux_behavior,49152,0,49152,0,1,16384,0,0,0,0,0,1,0,262144
5659,5659,AUX_EVENT,aux_behavior,49152,0,49152,0,1,16384,0,0,0,0,0,1,0,262144
5660,5660,AUX_EVENT,aux_behavior,49152,0,49152,0,1,16384,0,0,0,0,0,1,0,262144
5661,5661,AUX_EVENT,aux_behavior,49152,0,49152,0,1,16384,0,0,0,0,0,1,0,262144
5662,5662,AUX_EVENT,aux_behavior,49152,0,49152,0,1,16384,0,0,0,0,0,1,0,262144
5663,5663,LAYOUT,layout_rtl,2688,0,2688,0,1,1344,0,0,0,0,0,1,0,21504
5664,5664,LAYOUT,layout_rtl,2688,0,2688,0,1,1344,0,0,0,0,0,1,0,21504
5665,5665,LAYOUT,layout_rtl,2688,0,2688,0,1,1344,0,0,0,0,0,1,0,21504
5666,5666,GEMM_W8A8,rtl_gemm,8197,8197,0,0,1,8192,4,8192,0,0,0,0,0,131072
5667,5667,AUX_EVENT,aux_behavior,24576,0,24576,0,1,8192,0,0,0,0,0,1,0,131072
5668,5668,AUX_EVENT,aux_behavior,24576,0,24576,0,1,8192,0,0,0,0,0,1,0,131072
5669,5669,AUX_EVENT,aux_behavior,24576,0,24576,0,1,8192,0,0,0,0,0,1,0,131072
5670,5670,AUX_EVENT,aux_behavior,24576,0,24576,0,1,8192,0,0,0,0,0,1,0,131072
5671,5671,AUX_EVENT,aux_behavior,24576,0,24576,0,1,8192,0,0,0,0,0,1,0,131072
5672,5672,AUX_EVENT,aux_behavior,24576,0,24576,0,1,8192,0,0,0,0,0,1,0,131072
5673,5673,AUX_EVENT,aux_behavior,24576,0,24576,0,1,8192,0,0,0,0,0,1,0,131072
5674,5674,AUX_EVENT,aux_behavior,49152,0,49152,0,1,16384,0,0,0,0,0,1,0,262144
5675,5675,AUX_EVENT,aux_behavior,49152,0,49152,0,1,16384,0,0,0,0,0,1,0,262144
5676,5676,AUX_EVENT,aux_behavior,49152,0,49152,0,1,16384,0,0,0,0,0,1,0,262144
5677,5677,AUX_EVENT,aux_behavior,49152,0,49152,0,1,16384,0,0,0,0,0,1,0,262144
5678,5678,AUX_EVENT,aux_behavior,49152,0,49152,0,1,16384,0,0,0,0,0,1,0,262144
5679,5679,AUX_EVENT,aux_behavior,49152,0,49152,0,1,16384,0,0,0,0,0,1,0,262144
5680,5680,AUX_EVENT,aux_behavior,49152,0,49152,0,1,16384,0,0,0,0,0,1,0,262144
5681,5681,AUX_EVENT,aux_behavior,49152,0,49152,0,1,16384,0,0,0,0,0,1,0,262144
5682,5682,LAYOUT,layout_rtl,65536,0,65536,0,1,32768,0,0,0,0,0,1,0,524288
5683,5683,LAYOUT,layout_rtl,65536,0,65536,0,1,32768,0,0,0,0,0,1,0,524288
5684,5684,LAYOUT,layout_rtl,65536,0,65536,0,1,32768,0,0,0,0,0,1,0,524288
5685,5685,GEMM_W8A8,rtl_gemm,341,341,0,0,1,336,4,336,0,0,0,0,0,5376
5686,5686,AUX_EVENT,aux_behavior,1008,0,1008,0,1,336,0,0,0,0,0,1,0,5376
5687,5687,AUX_EVENT,aux_behavior,1008,0,1008,0,1,336,0,0,0,0,0,1,0,5376
5688,5688,AUX_EVENT,aux_behavior,1008,0,1008,0,1,336,0,0,0,0,0,1,0,5376
5689,5689,AUX_EVENT,aux_behavior,1008,0,1008,0,1,336,0,0,0,0,0,1,0,5376
5690,5690,AUX_EVENT,aux_behavior,1008,0,1008,0,1,336,0,0,0,0,0,1,0,5376
5691,5691,AUX_EVENT,aux_behavior,1008,0,1008,0,1,336,0,0,0,0,0,1,0,5376
5692,5692,AUX_EVENT,aux_behavior,1008,0,1008,0,1,336,0,0,0,0,0,1,0,5376
5693,5693,AUX_EVENT,aux_behavior,49152,0,49152,0,1,16384,0,0,0,0,0,1,0,262144
5694,5694,AUX_EVENT,aux_behavior,49152,0,49152,0,1,16384,0,0,0,0,0,1,0,262144
5695,5695,AUX_EVENT,aux_behavior,49152,0,49152,0,1,16384,0,0,0,0,0,1,0,262144
5696,5696,AUX_EVENT,aux_behavior,49152,0,49152,0,1,16384,0,0,0,0,0,1,0,262144
5697,5697,AUX_EVENT,aux_behavior,49152,0,49152,0,1,16384,0,0,0,0,0,1,0,262144
5698,5698,AUX_EVENT,aux_behavior,49152,0,49152,0,1,16384,0,0,0,0,0,1,0,262144
5699,5699,AUX_EVENT,aux_behavior,49152,0,49152,0,1,16384,0,0,0,0,0,1,0,262144
5700,5700,AUX_EVENT,aux_behavior,49152,0,49152,0,1,16384,0,0,0,0,0,1,0,262144
5701,5701,LAYOUT,layout_rtl,2688,0,2688,0,1,1344,0,0,0,0,0,1,0,21504
5702,5702,LAYOUT,layout_rtl,2688,0,2688,0,1,1344,0,0,0,0,0,1,0,21504
5703,5703,LAYOUT,layout_rtl,2688,0,2688,0,1,1344,0,0,0,0,0,1,0,21504
5704,5704,LAYOUT,layout_rtl,65536,0,65536,0,1,32768,0,0,0,0,0,1,0,524288
5705,5705,LAYOUT,layout_rtl,65536,0,65536,0,1,32768,0,0,0,0,0,1,0,524288
5706,5706,LAYOUT,layout_rtl,65536,0,65536,0,1,32768,0,0,0,0,0,1,0,524288
5707,5707,LAYOUT,layout_rtl,65536,0,65536,0,1,32768,0,0,0,0,0,1,0,524288
5708,5708,LAYOUT,layout_rtl,2688,0,2688,0,1,1344,0,0,0,0,0,1,0,21504
5709,5709,LAYOUT,layout_rtl,65536,0,65536,0,1,32768,0,0,0,0,0,1,0,524288
5710,5710,LAYOUT,layout_rtl,2688,0,2688,0,1,1344,0,0,0,0,0,1,0,21504
5711,5711,LAYOUT,layout_rtl,2688,0,2688,0,1,1344,0,0,0,0,0,1,0,21504
5712,5712,BMM_W8A8,rtl_bmm,70784,70784,0,34816,32768,2688,512,2688,11010048,5505024,128,524288,21504,524288
5713,5713,AUX_EVENT,aux_behavior,8064,0,8064,0,1,2688,0,0,0,0,0,1,0,43008
5714,5714,ADD,vector_rtl,5376,0,5376,0,1,2688,0,0,0,0,0,1,0,43008
5715,5715,CLAMP,vector_rtl,5376,0,5376,0,1,2688,0,0,0,0,0,1,0,43008
5716,5716,CLAMP,vector_rtl,5376,0,5376,0,1,2688,0,0,0,0,0,1,0,43008
5717,5717,LAYOUT,layout_rtl,5376,0,5376,0,1,2688,0,0,0,0,0,1,0,43008
5718,5718,AUX_EVENT,aux_behavior,8064,0,8064,0,1,2688,0,0,0,0,0,1,0,43008
5719,5719,ADD,vector_rtl,5376,0,5376,0,1,2688,0,0,0,0,0,1,0,43008
5720,5720,CLAMP,vector_rtl,5376,0,5376,0,1,2688,0,0,0,0,0,1,0,43008
5721,5721,CLAMP,vector_rtl,5376,0,5376,0,1,2688,0,0,0,0,0,1,0,43008
5722,5722,SOFTMAX,vector_rtl,5376,0,5376,0,1,2688,0,0,0,0,0,1,0,43008
5723,5723,LAYOUT,layout_rtl,16,0,16,0,1,2,0,0,0,0,0,1,0,21
5724,5724,LAYOUT,layout_rtl,16,0,16,0,1,2,0,0,0,0,0,1,0,21
5725,5725,LAYOUT,layout_rtl,16,0,16,0,1,2,0,0,0,0,0,1,0,21
5726,5726,LAYOUT,layout_rtl,16,0,16,0,1,2,0,0,0,0,0,1,0,21
5727,5727,LAYOUT,layout_rtl,16,0,16,0,1,2,0,0,0,0,0,1,0,21
5728,5728,LAYOUT,layout_rtl,16,0,16,0,1,6,0,0,0,0,0,1,0,84
5729,5729,AUX_EVENT,aux_behavior,8064,0,8064,0,1,2688,0,0,0,0,0,1,0,43008
5730,5730,SOFTMAX,vector_rtl,5376,0,5376,0,1,2688,0,0,0,0,0,1,0,43008
5731,5731,AUX_EVENT,aux_behavior,8064,0,8064,0,1,2688,0,0,0,0,0,1,0,43008
5732,5732,AUX_EVENT,aux_behavior,8064,0,8064,0,1,2688,0,0,0,0,0,1,0,43008
5733,5733,BMM_W8A8,rtl_bmm,51200,51200,0,14208,2688,32768,1536,32768,11010048,5505024,384,43008,21504,43008
5734,5734,BMM_W8A8,rtl_bmm,20256,20256,0,12672,6144,1344,96,1344,11010048,5505024,24,43008,524288,43008
5735,5735,LAYOUT,layout_rtl,65536,0,65536,0,1,32768,0,0,0,0,0,1,0,524288
5736,5736,LAYOUT,layout_rtl,65536,0,65536,0,1,32768,0,0,0,0,0,1,0,524288
5737,5737,LAYOUT,layout_rtl,65536,0,65536,0,1,32768,0,0,0,0,0,1,0,524288
5738,5738,LAYOUT,layout_rtl,2688,0,2688,0,1,1344,0,0,0,0,0,1,0,21504
5739,5739,LAYOUT,layout_rtl,2688,0,2688,0,1,1344,0,0,0,0,0,1,0,21504
5740,5740,LAYOUT,layout_rtl,2688,0,2688,0,1,1344,0,0,0,0,0,1,0,21504
5741,5741,GEMM_W8A8,rtl_gemm,32773,32773,0,0,1,32768,4,32768,0,0,0,0,0,524288
5742,5742,AUX_EVENT,aux_behavior,98304,0,98304,0,1,32768,0,0,0,0,0,1,0,524288
5743,5743,AUX_EVENT,aux_behavior,98304,0,98304,0,1,32768,0,0,0,0,0,1,0,524288
5744,5744,AUX_EVENT,aux_behavior,98304,0,98304,0,1,32768,0,0,0,0,0,1,0,524288
5745,5745,AUX_EVENT,aux_behavior,98304,0,98304,0,1,32768,0,0,0,0,0,1,0,524288
5746,5746,AUX_EVENT,aux_behavior,98304,0,98304,0,1,32768,0,0,0,0,0,1,0,524288
5747,5747,AUX_EVENT,aux_behavior,98304,0,98304,0,1,32768,0,0,0,0,0,1,0,524288
5748,5748,AUX_EVENT,aux_behavior,98304,0,98304,0,1,32768,0,0,0,0,0,1,0,524288
5749,5749,AUX_EVENT,aux_behavior,49152,0,49152,0,1,16384,0,0,0,0,0,1,0,262144
5750,5750,AUX_EVENT,aux_behavior,49152,0,49152,0,1,16384,0,0,0,0,0,1,0,262144
5751,5751,AUX_EVENT,aux_behavior,49152,0,49152,0,1,16384,0,0,0,0,0,1,0,262144
5752,5752,AUX_EVENT,aux_behavior,49152,0,49152,0,1,16384,0,0,0,0,0,1,0,262144
5753,5753,AUX_EVENT,aux_behavior,49152,0,49152,0,1,16384,0,0,0,0,0,1,0,262144
5754,5754,AUX_EVENT,aux_behavior,49152,0,49152,0,1,16384,0,0,0,0,0,1,0,262144
5755,5755,AUX_EVENT,aux_behavior,49152,0,49152,0,1,16384,0,0,0,0,0,1,0,262144
5756,5756,AUX_EVENT,aux_behavior,49152,0,49152,0,1,16384,0,0,0,0,0,1,0,262144
5757,5757,GEMM_W8A8,rtl_gemm,1349,1349,0,0,1,1344,4,1344,0,0,0,0,0,21504
5758,5758,AUX_EVENT,aux_behavior,4032,0,4032,0,1,1344,0,0,0,0,0,1,0,21504
5759,5759,AUX_EVENT,aux_behavior,4032,0,4032,0,1,1344,0,0,0,0,0,1,0,21504
5760,5760,AUX_EVENT,aux_behavior,4032,0,4032,0,1,1344,0,0,0,0,0,1,0,21504
5761,5761,AUX_EVENT,aux_behavior,4032,0,4032,0,1,1344,0,0,0,0,0,1,0,21504
5762,5762,AUX_EVENT,aux_behavior,4032,0,4032,0,1,1344,0,0,0,0,0,1,0,21504
5763,5763,AUX_EVENT,aux_behavior,4032,0,4032,0,1,1344,0,0,0,0,0,1,0,21504
5764,5764,AUX_EVENT,aux_behavior,4032,0,4032,0,1,1344,0,0,0,0,0,1,0,21504
5765,5765,AUX_EVENT,aux_behavior,49152,0,49152,0,1,16384,0,0,0,0,0,1,0,262144
5766,5766,AUX_EVENT,aux_behavior,49152,0,49152,0,1,16384,0,0,0,0,0,1,0,262144
5767,5767,AUX_EVENT,aux_behavior,49152,0,49152,0,1,16384,0,0,0,0,0,1,0,262144
5768,5768,AUX_EVENT,aux_behavior,49152,0,49152,0,1,16384,0,0,0,0,0,1,0,262144
5769,5769,AUX_EVENT,aux_behavior,49152,0,49152,0,1,16384,0,0,0,0,0,1,0,262144
5770,5770,AUX_EVENT,aux_behavior,49152,0,49152,0,1,16384,0,0,0,0,0,1,0,262144
5771,5771,AUX_EVENT,aux_behavior,49152,0,49152,0,1,16384,0,0,0,0,0,1,0,262144
5772,5772,AUX_EVENT,aux_behavior,49152,0,49152,0,1,16384,0,0,0,0,0,1,0,262144
5773,5773,MUL,vector_rtl,32,0,32,0,1,16,0,0,0,0,0,1,0,256
5774,5774,ADD,vector_rtl,16384,0,16384,0,1,8192,0,0,0,0,0,1,0,131072
5775,5775,MUL,vector_rtl,32,0,32,0,1,16,0,0,0,0,0,1,0,256
5776,5776,ADD,vector_rtl,672,0,672,0,1,336,0,0,0,0,0,1,0,5376
5777,5777,AUX_EVENT,aux_behavior,84,0,84,0,1,28,0,0,0,0,0,1,0,441
5778,5778,LAYOUT,layout_rtl,672,0,672,0,1,336,0,0,0,0,0,1,0,5376
5779,5779,LAYOUT,layout_rtl,56,0,56,0,1,28,0,0,0,0,0,1,0,441
5780,5780,AUX_EVENT,aux_behavior,333,0,333,0,1,111,0,0,0,0,0,1,0,1764
5781,5781,AUX_EVENT,aux_behavior,333,0,333,0,1,111,0,0,0,0,0,1,0,1764
5782,5782,GEMM_W8A8,rtl_gemm,341,341,0,0,1,336,4,336,0,0,0,0,0,5376
5783,5783,LAYOUT,layout_rtl,2016,0,2016,0,1,1008,0,0,0,0,0,1,0,16128
5784,5784,LAYOUT,layout_rtl,2016,0,2016,0,1,1008,0,0,0,0,0,1,0,16128
5785,5785,LAYOUT,layout_rtl,2016,0,2016,0,1,1008,0,0,0,0,0,1,0,16128
5786,5786,LAYOUT,layout_rtl,2016,0,2016,0,1,1008,0,0,0,0,0,1,0,16128
5787,5787,LAYOUT,layout_rtl,2016,0,2016,0,1,1008,0,0,0,0,0,1,0,16128
5788,5788,LAYOUT,layout_rtl,2016,0,2016,0,1,1008,0,0,0,0,0,1,0,16128
5789,5789,LAYOUT,layout_rtl,2016,0,2016,0,1,1008,0,0,0,0,0,1,0,16128
5790,5790,LAYOUT,layout_rtl,2016,0,2016,0,1,1008,0,0,0,0,0,1,0,16128
5791,5791,LAYOUT,layout_rtl,672,0,672,0,1,336,0,0,0,0,0,1,0,5376
5792,5792,LAYOUT,layout_rtl,672,0,672,0,1,336,0,0,0,0,0,1,0,5376
5793,5793,LAYOUT,layout_rtl,672,0,672,0,1,336,0,0,0,0,0,1,0,5376
5794,5794,LAYOUT,layout_rtl,672,0,672,0,1,336,0,0,0,0,0,1,0,5376
5795,5795,LAYOUT,layout_rtl,672,0,672,0,1,336,0,0,0,0,0,1,0,5376
5796,5796,LAYOUT,layout_rtl,672,0,672,0,1,336,0,0,0,0,0,1,0,5376
5797,5797,MUL,vector_rtl,672,0,672,0,1,336,0,0,0,0,0,1,0,5376
5798,5798,LAYOUT,layout_rtl,672,0,672,0,1,336,0,0,0,0,0,1,0,5376
5799,5799,BMM_W8A8,rtl_bmm,832,832,0,296,168,336,32,336,112896,56448,8,1764,5376,1764
5800,5800,SOFTMAX,vector_rtl,222,0,222,0,1,111,0,0,0,0,0,1,0,1764
5801,5801,BMM_W8A8,rtl_bmm,832,832,0,296,168,336,32,336,112896,56448,8,1764,5376,1764
5802,5802,LAYOUT,layout_rtl,672,0,672,0,1,336,0,0,0,0,0,1,0,5376
5803,5803,LAYOUT,layout_rtl,672,0,672,0,1,336,0,0,0,0,0,1,0,5376
5804,5804,LAYOUT,layout_rtl,672,0,672,0,1,336,0,0,0,0,0,1,0,5376
5805,5805,GEMM_W8A8,rtl_gemm,2760,2760,0,1632,768,336,24,336,1376256,688128,6,5376,65536,5376
5806,5806,LAYOUT,layout_rtl,672,0,672,0,1,336,0,0,0,0,0,1,0,5376
5807,5807,LAYOUT,layout_rtl,222,0,222,0,1,111,0,0,0,0,0,1,0,1764
5808,5808,AUX_EVENT,aux_behavior,333,0,333,0,1,111,0,0,0,0,0,1,0,1764
5809,5809,AUX_EVENT,aux_behavior,1008,0,1008,0,1,336,0,0,0,0,0,1,0,5376
5810,5810,ADD,vector_rtl,672,0,672,0,1,336,0,0,0,0,0,1,0,5376
5811,5811,LAYER_NORM,vector_rtl,672,0,672,0,1,336,0,0,0,0,0,1,0,5376
5812,5812,GEMM_W8A8,rtl_gemm,341,341,0,0,1,336,4,336,0,0,0,0,0,5376
5813,5813,AUX_EVENT,aux_behavior,1008,0,1008,0,1,336,0,0,0,0,0,1,0,5376
5814,5814,AUX_EVENT,aux_behavior,1008,0,1008,0,1,336,0,0,0,0,0,1,0,5376
5815,5815,AUX_EVENT,aux_behavior,1008,0,1008,0,1,336,0,0,0,0,0,1,0,5376
5816,5816,AUX_EVENT,aux_behavior,1008,0,1008,0,1,336,0,0,0,0,0,1,0,5376
5817,5817,AUX_EVENT,aux_behavior,1008,0,1008,0,1,336,0,0,0,0,0,1,0,5376
5818,5818,AUX_EVENT,aux_behavior,1008,0,1008,0,1,336,0,0,0,0,0,1,0,5376
5819,5819,AUX_EVENT,aux_behavior,1008,0,1008,0,1,336,0,0,0,0,0,1,0,5376
5820,5820,AUX_EVENT,aux_behavior,49152,0,49152,0,1,16384,0,0,0,0,0,1,0,262144
5821,5821,AUX_EVENT,aux_behavior,49152,0,49152,0,1,16384,0,0,0,0,0,1,0,262144
5822,5822,AUX_EVENT,aux_behavior,49152,0,49152,0,1,16384,0,0,0,0,0,1,0,262144
5823,5823,AUX_EVENT,aux_behavior,49152,0,49152,0,1,16384,0,0,0,0,0,1,0,262144
5824,5824,AUX_EVENT,aux_behavior,49152,0,49152,0,1,16384,0,0,0,0,0,1,0,262144
5825,5825,AUX_EVENT,aux_behavior,49152,0,49152,0,1,16384,0,0,0,0,0,1,0,262144
5826,5826,AUX_EVENT,aux_behavior,49152,0,49152,0,1,16384,0,0,0,0,0,1,0,262144
5827,5827,AUX_EVENT,aux_behavior,49152,0,49152,0,1,16384,0,0,0,0,0,1,0,262144
5828,5828,RELU,vector_rtl,2688,0,2688,0,1,1344,0,0,0,0,0,1,0,21504
5829,5829,AUX_EVENT,aux_behavior,4032,0,4032,0,1,1344,0,0,0,0,0,1,0,21504
5830,5830,GEMM_W8A8,rtl_gemm,1349,1349,0,0,1,1344,4,1344,0,0,0,0,0,21504
5831,5831,AUX_EVENT,aux_behavior,4032,0,4032,0,1,1344,0,0,0,0,0,1,0,21504
5832,5832,AUX_EVENT,aux_behavior,4032,0,4032,0,1,1344,0,0,0,0,0,1,0,21504
5833,5833,AUX_EVENT,aux_behavior,4032,0,4032,0,1,1344,0,0,0,0,0,1,0,21504
5834,5834,AUX_EVENT,aux_behavior,4032,0,4032,0,1,1344,0,0,0,0,0,1,0,21504
5835,5835,AUX_EVENT,aux_behavior,4032,0,4032,0,1,1344,0,0,0,0,0,1,0,21504
5836,5836,AUX_EVENT,aux_behavior,4032,0,4032,0,1,1344,0,0,0,0,0,1,0,21504
5837,5837,AUX_EVENT,aux_behavior,4032,0,4032,0,1,1344,0,0,0,0,0,1,0,21504
5838,5838,AUX_EVENT,aux_behavior,49152,0,49152,0,1,16384,0,0,0,0,0,1,0,262144
5839,5839,AUX_EVENT,aux_behavior,49152,0,49152,0,1,16384,0,0,0,0,0,1,0,262144
5840,5840,AUX_EVENT,aux_behavior,49152,0,49152,0,1,16384,0,0,0,0,0,1,0,262144
5841,5841,AUX_EVENT,aux_behavior,49152,0,49152,0,1,16384,0,0,0,0,0,1,0,262144
5842,5842,AUX_EVENT,aux_behavior,49152,0,49152,0,1,16384,0,0,0,0,0,1,0,262144
5843,5843,AUX_EVENT,aux_behavior,49152,0,49152,0,1,16384,0,0,0,0,0,1,0,262144
5844,5844,AUX_EVENT,aux_behavior,49152,0,49152,0,1,16384,0,0,0,0,0,1,0,262144
5845,5845,AUX_EVENT,aux_behavior,49152,0,49152,0,1,16384,0,0,0,0,0,1,0,262144
5846,5846,AUX_EVENT,aux_behavior,1008,0,1008,0,1,336,0,0,0,0,0,1,0,5376
5847,5847,ADD,vector_rtl,672,0,672,0,1,336,0,0,0,0,0,1,0,5376
5848,5848,LAYER_NORM,vector_rtl,672,0,672,0,1,336,0,0,0,0,0,1,0,5376
5849,5849,LAYOUT,layout_rtl,672,0,672,0,1,336,0,0,0,0,0,1,0,5376
5850,5850,LAYER_NORM,vector_rtl,16384,0,16384,0,1,8192,0,0,0,0,0,1,0,131072
5851,5851,LAYER_NORM,vector_rtl,672,0,672,0,1,336,0,0,0,0,0,1,0,5376
5852,5852,GEMM_W8A8,rtl_gemm,8197,8197,0,0,1,8192,4,8192,0,0,0,0,0,131072
5853,5853,AUX_EVENT,aux_behavior,24576,0,24576,0,1,8192,0,0,0,0,0,1,0,131072
5854,5854,AUX_EVENT,aux_behavior,24576,0,24576,0,1,8192,0,0,0,0,0,1,0,131072
5855,5855,AUX_EVENT,aux_behavior,24576,0,24576,0,1,8192,0,0,0,0,0,1,0,131072
5856,5856,AUX_EVENT,aux_behavior,24576,0,24576,0,1,8192,0,0,0,0,0,1,0,131072
5857,5857,AUX_EVENT,aux_behavior,24576,0,24576,0,1,8192,0,0,0,0,0,1,0,131072
5858,5858,AUX_EVENT,aux_behavior,24576,0,24576,0,1,8192,0,0,0,0,0,1,0,131072
5859,5859,AUX_EVENT,aux_behavior,24576,0,24576,0,1,8192,0,0,0,0,0,1,0,131072
5860,5860,AUX_EVENT,aux_behavior,49152,0,49152,0,1,16384,0,0,0,0,0,1,0,262144
5861,5861,AUX_EVENT,aux_behavior,49152,0,49152,0,1,16384,0,0,0,0,0,1,0,262144
5862,5862,AUX_EVENT,aux_behavior,49152,0,49152,0,1,16384,0,0,0,0,0,1,0,262144
5863,5863,AUX_EVENT,aux_behavior,49152,0,49152,0,1,16384,0,0,0,0,0,1,0,262144
5864,5864,AUX_EVENT,aux_behavior,49152,0,49152,0,1,16384,0,0,0,0,0,1,0,262144
5865,5865,AUX_EVENT,aux_behavior,49152,0,49152,0,1,16384,0,0,0,0,0,1,0,262144
5866,5866,AUX_EVENT,aux_behavior,49152,0,49152,0,1,16384,0,0,0,0,0,1,0,262144
5867,5867,AUX_EVENT,aux_behavior,49152,0,49152,0,1,16384,0,0,0,0,0,1,0,262144
5868,5868,MUL,vector_rtl,65536,0,65536,0,1,32768,0,0,0,0,0,1,0,524288
5869,5869,GEMM_W8A8,rtl_gemm,341,341,0,0,1,336,4,336,0,0,0,0,0,5376
5870,5870,AUX_EVENT,aux_behavior,1008,0,1008,0,1,336,0,0,0,0,0,1,0,5376
5871,5871,AUX_EVENT,aux_behavior,1008,0,1008,0,1,336,0,0,0,0,0,1,0,5376
5872,5872,AUX_EVENT,aux_behavior,1008,0,1008,0,1,336,0,0,0,0,0,1,0,5376
5873,5873,AUX_EVENT,aux_behavior,1008,0,1008,0,1,336,0,0,0,0,0,1,0,5376
5874,5874,AUX_EVENT,aux_behavior,1008,0,1008,0,1,336,0,0,0,0,0,1,0,5376
5875,5875,AUX_EVENT,aux_behavior,1008,0,1008,0,1,336,0,0,0,0,0,1,0,5376
5876,5876,AUX_EVENT,aux_behavior,1008,0,1008,0,1,336,0,0,0,0,0,1,0,5376
5877,5877,AUX_EVENT,aux_behavior,49152,0,49152,0,1,16384,0,0,0,0,0,1,0,262144
5878,5878,AUX_EVENT,aux_behavior,49152,0,49152,0,1,16384,0,0,0,0,0,1,0,262144
5879,5879,AUX_EVENT,aux_behavior,49152,0,49152,0,1,16384,0,0,0,0,0,1,0,262144
5880,5880,AUX_EVENT,aux_behavior,49152,0,49152,0,1,16384,0,0,0,0,0,1,0,262144
5881,5881,AUX_EVENT,aux_behavior,49152,0,49152,0,1,16384,0,0,0,0,0,1,0,262144
5882,5882,AUX_EVENT,aux_behavior,49152,0,49152,0,1,16384,0,0,0,0,0,1,0,262144
5883,5883,AUX_EVENT,aux_behavior,49152,0,49152,0,1,16384,0,0,0,0,0,1,0,262144
5884,5884,AUX_EVENT,aux_behavior,49152,0,49152,0,1,16384,0,0,0,0,0,1,0,262144
5885,5885,LAYOUT,layout_rtl,2688,0,2688,0,1,1344,0,0,0,0,0,1,0,21504
5886,5886,LAYOUT,layout_rtl,2688,0,2688,0,1,1344,0,0,0,0,0,1,0,21504
5887,5887,LAYOUT,layout_rtl,2688,0,2688,0,1,1344,0,0,0,0,0,1,0,21504
5888,5888,GEMM_W8A8,rtl_gemm,8197,8197,0,0,1,8192,4,8192,0,0,0,0,0,131072
5889,5889,AUX_EVENT,aux_behavior,24576,0,24576,0,1,8192,0,0,0,0,0,1,0,131072
5890,5890,AUX_EVENT,aux_behavior,24576,0,24576,0,1,8192,0,0,0,0,0,1,0,131072
5891,5891,AUX_EVENT,aux_behavior,24576,0,24576,0,1,8192,0,0,0,0,0,1,0,131072
5892,5892,AUX_EVENT,aux_behavior,24576,0,24576,0,1,8192,0,0,0,0,0,1,0,131072
5893,5893,AUX_EVENT,aux_behavior,24576,0,24576,0,1,8192,0,0,0,0,0,1,0,131072
5894,5894,AUX_EVENT,aux_behavior,24576,0,24576,0,1,8192,0,0,0,0,0,1,0,131072
5895,5895,AUX_EVENT,aux_behavior,24576,0,24576,0,1,8192,0,0,0,0,0,1,0,131072
5896,5896,AUX_EVENT,aux_behavior,49152,0,49152,0,1,16384,0,0,0,0,0,1,0,262144
5897,5897,AUX_EVENT,aux_behavior,49152,0,49152,0,1,16384,0,0,0,0,0,1,0,262144
5898,5898,AUX_EVENT,aux_behavior,49152,0,49152,0,1,16384,0,0,0,0,0,1,0,262144
5899,5899,AUX_EVENT,aux_behavior,49152,0,49152,0,1,16384,0,0,0,0,0,1,0,262144
5900,5900,AUX_EVENT,aux_behavior,49152,0,49152,0,1,16384,0,0,0,0,0,1,0,262144
5901,5901,AUX_EVENT,aux_behavior,49152,0,49152,0,1,16384,0,0,0,0,0,1,0,262144
5902,5902,AUX_EVENT,aux_behavior,49152,0,49152,0,1,16384,0,0,0,0,0,1,0,262144
5903,5903,AUX_EVENT,aux_behavior,49152,0,49152,0,1,16384,0,0,0,0,0,1,0,262144
5904,5904,LAYOUT,layout_rtl,65536,0,65536,0,1,32768,0,0,0,0,0,1,0,524288
5905,5905,LAYOUT,layout_rtl,65536,0,65536,0,1,32768,0,0,0,0,0,1,0,524288
5906,5906,LAYOUT,layout_rtl,65536,0,65536,0,1,32768,0,0,0,0,0,1,0,524288
5907,5907,GEMM_W8A8,rtl_gemm,341,341,0,0,1,336,4,336,0,0,0,0,0,5376
5908,5908,AUX_EVENT,aux_behavior,1008,0,1008,0,1,336,0,0,0,0,0,1,0,5376
5909,5909,AUX_EVENT,aux_behavior,1008,0,1008,0,1,336,0,0,0,0,0,1,0,5376
5910,5910,AUX_EVENT,aux_behavior,1008,0,1008,0,1,336,0,0,0,0,0,1,0,5376
5911,5911,AUX_EVENT,aux_behavior,1008,0,1008,0,1,336,0,0,0,0,0,1,0,5376
5912,5912,AUX_EVENT,aux_behavior,1008,0,1008,0,1,336,0,0,0,0,0,1,0,5376
5913,5913,AUX_EVENT,aux_behavior,1008,0,1008,0,1,336,0,0,0,0,0,1,0,5376
5914,5914,AUX_EVENT,aux_behavior,1008,0,1008,0,1,336,0,0,0,0,0,1,0,5376
5915,5915,AUX_EVENT,aux_behavior,49152,0,49152,0,1,16384,0,0,0,0,0,1,0,262144
5916,5916,AUX_EVENT,aux_behavior,49152,0,49152,0,1,16384,0,0,0,0,0,1,0,262144
5917,5917,AUX_EVENT,aux_behavior,49152,0,49152,0,1,16384,0,0,0,0,0,1,0,262144
5918,5918,AUX_EVENT,aux_behavior,49152,0,49152,0,1,16384,0,0,0,0,0,1,0,262144
5919,5919,AUX_EVENT,aux_behavior,49152,0,49152,0,1,16384,0,0,0,0,0,1,0,262144
5920,5920,AUX_EVENT,aux_behavior,49152,0,49152,0,1,16384,0,0,0,0,0,1,0,262144
5921,5921,AUX_EVENT,aux_behavior,49152,0,49152,0,1,16384,0,0,0,0,0,1,0,262144
5922,5922,AUX_EVENT,aux_behavior,49152,0,49152,0,1,16384,0,0,0,0,0,1,0,262144
5923,5923,LAYOUT,layout_rtl,2688,0,2688,0,1,1344,0,0,0,0,0,1,0,21504
5924,5924,LAYOUT,layout_rtl,2688,0,2688,0,1,1344,0,0,0,0,0,1,0,21504
5925,5925,LAYOUT,layout_rtl,2688,0,2688,0,1,1344,0,0,0,0,0,1,0,21504
5926,5926,LAYOUT,layout_rtl,65536,0,65536,0,1,32768,0,0,0,0,0,1,0,524288
5927,5927,LAYOUT,layout_rtl,65536,0,65536,0,1,32768,0,0,0,0,0,1,0,524288
5928,5928,LAYOUT,layout_rtl,65536,0,65536,0,1,32768,0,0,0,0,0,1,0,524288
5929,5929,LAYOUT,layout_rtl,65536,0,65536,0,1,32768,0,0,0,0,0,1,0,524288
5930,5930,LAYOUT,layout_rtl,2688,0,2688,0,1,1344,0,0,0,0,0,1,0,21504
5931,5931,LAYOUT,layout_rtl,65536,0,65536,0,1,32768,0,0,0,0,0,1,0,524288
5932,5932,LAYOUT,layout_rtl,2688,0,2688,0,1,1344,0,0,0,0,0,1,0,21504
5933,5933,LAYOUT,layout_rtl,2688,0,2688,0,1,1344,0,0,0,0,0,1,0,21504
5934,5934,BMM_W8A8,rtl_bmm,70784,70784,0,34816,32768,2688,512,2688,11010048,5505024,128,524288,21504,524288
5935,5935,AUX_EVENT,aux_behavior,8064,0,8064,0,1,2688,0,0,0,0,0,1,0,43008
5936,5936,ADD,vector_rtl,5376,0,5376,0,1,2688,0,0,0,0,0,1,0,43008
5937,5937,CLAMP,vector_rtl,5376,0,5376,0,1,2688,0,0,0,0,0,1,0,43008
5938,5938,CLAMP,vector_rtl,5376,0,5376,0,1,2688,0,0,0,0,0,1,0,43008
5939,5939,LAYOUT,layout_rtl,5376,0,5376,0,1,2688,0,0,0,0,0,1,0,43008
5940,5940,AUX_EVENT,aux_behavior,8064,0,8064,0,1,2688,0,0,0,0,0,1,0,43008
5941,5941,ADD,vector_rtl,5376,0,5376,0,1,2688,0,0,0,0,0,1,0,43008
5942,5942,CLAMP,vector_rtl,5376,0,5376,0,1,2688,0,0,0,0,0,1,0,43008
5943,5943,CLAMP,vector_rtl,5376,0,5376,0,1,2688,0,0,0,0,0,1,0,43008
5944,5944,SOFTMAX,vector_rtl,5376,0,5376,0,1,2688,0,0,0,0,0,1,0,43008
5945,5945,LAYOUT,layout_rtl,16,0,16,0,1,2,0,0,0,0,0,1,0,21
5946,5946,LAYOUT,layout_rtl,16,0,16,0,1,2,0,0,0,0,0,1,0,21
5947,5947,LAYOUT,layout_rtl,16,0,16,0,1,2,0,0,0,0,0,1,0,21
5948,5948,LAYOUT,layout_rtl,16,0,16,0,1,2,0,0,0,0,0,1,0,21
5949,5949,LAYOUT,layout_rtl,16,0,16,0,1,2,0,0,0,0,0,1,0,21
5950,5950,LAYOUT,layout_rtl,16,0,16,0,1,6,0,0,0,0,0,1,0,84
5951,5951,AUX_EVENT,aux_behavior,8064,0,8064,0,1,2688,0,0,0,0,0,1,0,43008
5952,5952,SOFTMAX,vector_rtl,5376,0,5376,0,1,2688,0,0,0,0,0,1,0,43008
5953,5953,AUX_EVENT,aux_behavior,8064,0,8064,0,1,2688,0,0,0,0,0,1,0,43008
5954,5954,AUX_EVENT,aux_behavior,8064,0,8064,0,1,2688,0,0,0,0,0,1,0,43008
5955,5955,BMM_W8A8,rtl_bmm,51200,51200,0,14208,2688,32768,1536,32768,11010048,5505024,384,43008,21504,43008
5956,5956,BMM_W8A8,rtl_bmm,20256,20256,0,12672,6144,1344,96,1344,11010048,5505024,24,43008,524288,43008
5957,5957,LAYOUT,layout_rtl,65536,0,65536,0,1,32768,0,0,0,0,0,1,0,524288
5958,5958,LAYOUT,layout_rtl,65536,0,65536,0,1,32768,0,0,0,0,0,1,0,524288
5959,5959,LAYOUT,layout_rtl,65536,0,65536,0,1,32768,0,0,0,0,0,1,0,524288
5960,5960,LAYOUT,layout_rtl,2688,0,2688,0,1,1344,0,0,0,0,0,1,0,21504
5961,5961,LAYOUT,layout_rtl,2688,0,2688,0,1,1344,0,0,0,0,0,1,0,21504
5962,5962,LAYOUT,layout_rtl,2688,0,2688,0,1,1344,0,0,0,0,0,1,0,21504
5963,5963,GEMM_W8A8,rtl_gemm,32773,32773,0,0,1,32768,4,32768,0,0,0,0,0,524288
5964,5964,AUX_EVENT,aux_behavior,98304,0,98304,0,1,32768,0,0,0,0,0,1,0,524288
5965,5965,AUX_EVENT,aux_behavior,98304,0,98304,0,1,32768,0,0,0,0,0,1,0,524288
5966,5966,AUX_EVENT,aux_behavior,98304,0,98304,0,1,32768,0,0,0,0,0,1,0,524288
5967,5967,AUX_EVENT,aux_behavior,98304,0,98304,0,1,32768,0,0,0,0,0,1,0,524288
5968,5968,AUX_EVENT,aux_behavior,98304,0,98304,0,1,32768,0,0,0,0,0,1,0,524288
5969,5969,AUX_EVENT,aux_behavior,98304,0,98304,0,1,32768,0,0,0,0,0,1,0,524288
5970,5970,AUX_EVENT,aux_behavior,98304,0,98304,0,1,32768,0,0,0,0,0,1,0,524288
5971,5971,AUX_EVENT,aux_behavior,49152,0,49152,0,1,16384,0,0,0,0,0,1,0,262144
5972,5972,AUX_EVENT,aux_behavior,49152,0,49152,0,1,16384,0,0,0,0,0,1,0,262144
5973,5973,AUX_EVENT,aux_behavior,49152,0,49152,0,1,16384,0,0,0,0,0,1,0,262144
5974,5974,AUX_EVENT,aux_behavior,49152,0,49152,0,1,16384,0,0,0,0,0,1,0,262144
5975,5975,AUX_EVENT,aux_behavior,49152,0,49152,0,1,16384,0,0,0,0,0,1,0,262144
5976,5976,AUX_EVENT,aux_behavior,49152,0,49152,0,1,16384,0,0,0,0,0,1,0,262144
5977,5977,AUX_EVENT,aux_behavior,49152,0,49152,0,1,16384,0,0,0,0,0,1,0,262144
5978,5978,AUX_EVENT,aux_behavior,49152,0,49152,0,1,16384,0,0,0,0,0,1,0,262144
5979,5979,GEMM_W8A8,rtl_gemm,1349,1349,0,0,1,1344,4,1344,0,0,0,0,0,21504
5980,5980,AUX_EVENT,aux_behavior,4032,0,4032,0,1,1344,0,0,0,0,0,1,0,21504
5981,5981,AUX_EVENT,aux_behavior,4032,0,4032,0,1,1344,0,0,0,0,0,1,0,21504
5982,5982,AUX_EVENT,aux_behavior,4032,0,4032,0,1,1344,0,0,0,0,0,1,0,21504
5983,5983,AUX_EVENT,aux_behavior,4032,0,4032,0,1,1344,0,0,0,0,0,1,0,21504
5984,5984,AUX_EVENT,aux_behavior,4032,0,4032,0,1,1344,0,0,0,0,0,1,0,21504
5985,5985,AUX_EVENT,aux_behavior,4032,0,4032,0,1,1344,0,0,0,0,0,1,0,21504
5986,5986,AUX_EVENT,aux_behavior,4032,0,4032,0,1,1344,0,0,0,0,0,1,0,21504
5987,5987,AUX_EVENT,aux_behavior,49152,0,49152,0,1,16384,0,0,0,0,0,1,0,262144
5988,5988,AUX_EVENT,aux_behavior,49152,0,49152,0,1,16384,0,0,0,0,0,1,0,262144
5989,5989,AUX_EVENT,aux_behavior,49152,0,49152,0,1,16384,0,0,0,0,0,1,0,262144
5990,5990,AUX_EVENT,aux_behavior,49152,0,49152,0,1,16384,0,0,0,0,0,1,0,262144
5991,5991,AUX_EVENT,aux_behavior,49152,0,49152,0,1,16384,0,0,0,0,0,1,0,262144
5992,5992,AUX_EVENT,aux_behavior,49152,0,49152,0,1,16384,0,0,0,0,0,1,0,262144
5993,5993,AUX_EVENT,aux_behavior,49152,0,49152,0,1,16384,0,0,0,0,0,1,0,262144
5994,5994,AUX_EVENT,aux_behavior,49152,0,49152,0,1,16384,0,0,0,0,0,1,0,262144
5995,5995,MUL,vector_rtl,32,0,32,0,1,16,0,0,0,0,0,1,0,256
5996,5996,ADD,vector_rtl,16384,0,16384,0,1,8192,0,0,0,0,0,1,0,131072
5997,5997,MUL,vector_rtl,32,0,32,0,1,16,0,0,0,0,0,1,0,256
5998,5998,ADD,vector_rtl,672,0,672,0,1,336,0,0,0,0,0,1,0,5376
5999,5999,AUX_EVENT,aux_behavior,84,0,84,0,1,28,0,0,0,0,0,1,0,441
6000,6000,LAYOUT,layout_rtl,672,0,672,0,1,336,0,0,0,0,0,1,0,5376
6001,6001,LAYOUT,layout_rtl,56,0,56,0,1,28,0,0,0,0,0,1,0,441
6002,6002,AUX_EVENT,aux_behavior,333,0,333,0,1,111,0,0,0,0,0,1,0,1764
6003,6003,AUX_EVENT,aux_behavior,333,0,333,0,1,111,0,0,0,0,0,1,0,1764
6004,6004,GEMM_W8A8,rtl_gemm,341,341,0,0,1,336,4,336,0,0,0,0,0,5376
6005,6005,LAYOUT,layout_rtl,2016,0,2016,0,1,1008,0,0,0,0,0,1,0,16128
6006,6006,LAYOUT,layout_rtl,2016,0,2016,0,1,1008,0,0,0,0,0,1,0,16128
6007,6007,LAYOUT,layout_rtl,2016,0,2016,0,1,1008,0,0,0,0,0,1,0,16128
6008,6008,LAYOUT,layout_rtl,2016,0,2016,0,1,1008,0,0,0,0,0,1,0,16128
6009,6009,LAYOUT,layout_rtl,2016,0,2016,0,1,1008,0,0,0,0,0,1,0,16128
6010,6010,LAYOUT,layout_rtl,2016,0,2016,0,1,1008,0,0,0,0,0,1,0,16128
6011,6011,LAYOUT,layout_rtl,2016,0,2016,0,1,1008,0,0,0,0,0,1,0,16128
6012,6012,LAYOUT,layout_rtl,2016,0,2016,0,1,1008,0,0,0,0,0,1,0,16128
6013,6013,LAYOUT,layout_rtl,672,0,672,0,1,336,0,0,0,0,0,1,0,5376
6014,6014,LAYOUT,layout_rtl,672,0,672,0,1,336,0,0,0,0,0,1,0,5376
6015,6015,LAYOUT,layout_rtl,672,0,672,0,1,336,0,0,0,0,0,1,0,5376
6016,6016,LAYOUT,layout_rtl,672,0,672,0,1,336,0,0,0,0,0,1,0,5376
6017,6017,LAYOUT,layout_rtl,672,0,672,0,1,336,0,0,0,0,0,1,0,5376
6018,6018,LAYOUT,layout_rtl,672,0,672,0,1,336,0,0,0,0,0,1,0,5376
6019,6019,MUL,vector_rtl,672,0,672,0,1,336,0,0,0,0,0,1,0,5376
6020,6020,LAYOUT,layout_rtl,672,0,672,0,1,336,0,0,0,0,0,1,0,5376
6021,6021,BMM_W8A8,rtl_bmm,832,832,0,296,168,336,32,336,112896,56448,8,1764,5376,1764
6022,6022,SOFTMAX,vector_rtl,222,0,222,0,1,111,0,0,0,0,0,1,0,1764
6023,6023,BMM_W8A8,rtl_bmm,832,832,0,296,168,336,32,336,112896,56448,8,1764,5376,1764
6024,6024,LAYOUT,layout_rtl,672,0,672,0,1,336,0,0,0,0,0,1,0,5376
6025,6025,LAYOUT,layout_rtl,672,0,672,0,1,336,0,0,0,0,0,1,0,5376
6026,6026,LAYOUT,layout_rtl,672,0,672,0,1,336,0,0,0,0,0,1,0,5376
6027,6027,GEMM_W8A8,rtl_gemm,2760,2760,0,1632,768,336,24,336,1376256,688128,6,5376,65536,5376
6028,6028,LAYOUT,layout_rtl,672,0,672,0,1,336,0,0,0,0,0,1,0,5376
6029,6029,LAYOUT,layout_rtl,222,0,222,0,1,111,0,0,0,0,0,1,0,1764
6030,6030,AUX_EVENT,aux_behavior,333,0,333,0,1,111,0,0,0,0,0,1,0,1764
6031,6031,AUX_EVENT,aux_behavior,1008,0,1008,0,1,336,0,0,0,0,0,1,0,5376
6032,6032,ADD,vector_rtl,672,0,672,0,1,336,0,0,0,0,0,1,0,5376
6033,6033,LAYER_NORM,vector_rtl,672,0,672,0,1,336,0,0,0,0,0,1,0,5376
6034,6034,GEMM_W8A8,rtl_gemm,341,341,0,0,1,336,4,336,0,0,0,0,0,5376
6035,6035,AUX_EVENT,aux_behavior,1008,0,1008,0,1,336,0,0,0,0,0,1,0,5376
6036,6036,AUX_EVENT,aux_behavior,1008,0,1008,0,1,336,0,0,0,0,0,1,0,5376
6037,6037,AUX_EVENT,aux_behavior,1008,0,1008,0,1,336,0,0,0,0,0,1,0,5376
6038,6038,AUX_EVENT,aux_behavior,1008,0,1008,0,1,336,0,0,0,0,0,1,0,5376
6039,6039,AUX_EVENT,aux_behavior,1008,0,1008,0,1,336,0,0,0,0,0,1,0,5376
6040,6040,AUX_EVENT,aux_behavior,1008,0,1008,0,1,336,0,0,0,0,0,1,0,5376
6041,6041,AUX_EVENT,aux_behavior,1008,0,1008,0,1,336,0,0,0,0,0,1,0,5376
6042,6042,AUX_EVENT,aux_behavior,49152,0,49152,0,1,16384,0,0,0,0,0,1,0,262144
6043,6043,AUX_EVENT,aux_behavior,49152,0,49152,0,1,16384,0,0,0,0,0,1,0,262144
6044,6044,AUX_EVENT,aux_behavior,49152,0,49152,0,1,16384,0,0,0,0,0,1,0,262144
6045,6045,AUX_EVENT,aux_behavior,49152,0,49152,0,1,16384,0,0,0,0,0,1,0,262144
6046,6046,AUX_EVENT,aux_behavior,49152,0,49152,0,1,16384,0,0,0,0,0,1,0,262144
6047,6047,AUX_EVENT,aux_behavior,49152,0,49152,0,1,16384,0,0,0,0,0,1,0,262144
6048,6048,AUX_EVENT,aux_behavior,49152,0,49152,0,1,16384,0,0,0,0,0,1,0,262144
6049,6049,AUX_EVENT,aux_behavior,49152,0,49152,0,1,16384,0,0,0,0,0,1,0,262144
6050,6050,RELU,vector_rtl,2688,0,2688,0,1,1344,0,0,0,0,0,1,0,21504
6051,6051,AUX_EVENT,aux_behavior,4032,0,4032,0,1,1344,0,0,0,0,0,1,0,21504
6052,6052,GEMM_W8A8,rtl_gemm,1349,1349,0,0,1,1344,4,1344,0,0,0,0,0,21504
6053,6053,AUX_EVENT,aux_behavior,4032,0,4032,0,1,1344,0,0,0,0,0,1,0,21504
6054,6054,AUX_EVENT,aux_behavior,4032,0,4032,0,1,1344,0,0,0,0,0,1,0,21504
6055,6055,AUX_EVENT,aux_behavior,4032,0,4032,0,1,1344,0,0,0,0,0,1,0,21504
6056,6056,AUX_EVENT,aux_behavior,4032,0,4032,0,1,1344,0,0,0,0,0,1,0,21504
6057,6057,AUX_EVENT,aux_behavior,4032,0,4032,0,1,1344,0,0,0,0,0,1,0,21504
6058,6058,AUX_EVENT,aux_behavior,4032,0,4032,0,1,1344,0,0,0,0,0,1,0,21504
6059,6059,AUX_EVENT,aux_behavior,4032,0,4032,0,1,1344,0,0,0,0,0,1,0,21504
6060,6060,AUX_EVENT,aux_behavior,49152,0,49152,0,1,16384,0,0,0,0,0,1,0,262144
6061,6061,AUX_EVENT,aux_behavior,49152,0,49152,0,1,16384,0,0,0,0,0,1,0,262144
6062,6062,AUX_EVENT,aux_behavior,49152,0,49152,0,1,16384,0,0,0,0,0,1,0,262144
6063,6063,AUX_EVENT,aux_behavior,49152,0,49152,0,1,16384,0,0,0,0,0,1,0,262144
6064,6064,AUX_EVENT,aux_behavior,49152,0,49152,0,1,16384,0,0,0,0,0,1,0,262144
6065,6065,AUX_EVENT,aux_behavior,49152,0,49152,0,1,16384,0,0,0,0,0,1,0,262144
6066,6066,AUX_EVENT,aux_behavior,49152,0,49152,0,1,16384,0,0,0,0,0,1,0,262144
6067,6067,AUX_EVENT,aux_behavior,49152,0,49152,0,1,16384,0,0,0,0,0,1,0,262144
6068,6068,AUX_EVENT,aux_behavior,1008,0,1008,0,1,336,0,0,0,0,0,1,0,5376
6069,6069,ADD,vector_rtl,672,0,672,0,1,336,0,0,0,0,0,1,0,5376
6070,6070,LAYER_NORM,vector_rtl,672,0,672,0,1,336,0,0,0,0,0,1,0,5376
6071,6071,LAYOUT,layout_rtl,672,0,672,0,1,336,0,0,0,0,0,1,0,5376
6072,6072,LAYER_NORM,vector_rtl,16384,0,16384,0,1,8192,0,0,0,0,0,1,0,131072
6073,6073,LAYER_NORM,vector_rtl,672,0,672,0,1,336,0,0,0,0,0,1,0,5376
6074,6074,GEMM_W8A8,rtl_gemm,8197,8197,0,0,1,8192,4,8192,0,0,0,0,0,131072
6075,6075,AUX_EVENT,aux_behavior,24576,0,24576,0,1,8192,0,0,0,0,0,1,0,131072
6076,6076,AUX_EVENT,aux_behavior,24576,0,24576,0,1,8192,0,0,0,0,0,1,0,131072
6077,6077,AUX_EVENT,aux_behavior,24576,0,24576,0,1,8192,0,0,0,0,0,1,0,131072
6078,6078,AUX_EVENT,aux_behavior,24576,0,24576,0,1,8192,0,0,0,0,0,1,0,131072
6079,6079,AUX_EVENT,aux_behavior,24576,0,24576,0,1,8192,0,0,0,0,0,1,0,131072
6080,6080,AUX_EVENT,aux_behavior,24576,0,24576,0,1,8192,0,0,0,0,0,1,0,131072
6081,6081,AUX_EVENT,aux_behavior,24576,0,24576,0,1,8192,0,0,0,0,0,1,0,131072
6082,6082,AUX_EVENT,aux_behavior,49152,0,49152,0,1,16384,0,0,0,0,0,1,0,262144
6083,6083,AUX_EVENT,aux_behavior,49152,0,49152,0,1,16384,0,0,0,0,0,1,0,262144
6084,6084,AUX_EVENT,aux_behavior,49152,0,49152,0,1,16384,0,0,0,0,0,1,0,262144
6085,6085,AUX_EVENT,aux_behavior,49152,0,49152,0,1,16384,0,0,0,0,0,1,0,262144
6086,6086,AUX_EVENT,aux_behavior,49152,0,49152,0,1,16384,0,0,0,0,0,1,0,262144
6087,6087,AUX_EVENT,aux_behavior,49152,0,49152,0,1,16384,0,0,0,0,0,1,0,262144
6088,6088,AUX_EVENT,aux_behavior,49152,0,49152,0,1,16384,0,0,0,0,0,1,0,262144
6089,6089,AUX_EVENT,aux_behavior,49152,0,49152,0,1,16384,0,0,0,0,0,1,0,262144
6090,6090,MUL,vector_rtl,65536,0,65536,0,1,32768,0,0,0,0,0,1,0,524288
6091,6091,GEMM_W8A8,rtl_gemm,341,341,0,0,1,336,4,336,0,0,0,0,0,5376
6092,6092,AUX_EVENT,aux_behavior,1008,0,1008,0,1,336,0,0,0,0,0,1,0,5376
6093,6093,AUX_EVENT,aux_behavior,1008,0,1008,0,1,336,0,0,0,0,0,1,0,5376
6094,6094,AUX_EVENT,aux_behavior,1008,0,1008,0,1,336,0,0,0,0,0,1,0,5376
6095,6095,AUX_EVENT,aux_behavior,1008,0,1008,0,1,336,0,0,0,0,0,1,0,5376
6096,6096,AUX_EVENT,aux_behavior,1008,0,1008,0,1,336,0,0,0,0,0,1,0,5376
6097,6097,AUX_EVENT,aux_behavior,1008,0,1008,0,1,336,0,0,0,0,0,1,0,5376
6098,6098,AUX_EVENT,aux_behavior,1008,0,1008,0,1,336,0,0,0,0,0,1,0,5376
6099,6099,AUX_EVENT,aux_behavior,49152,0,49152,0,1,16384,0,0,0,0,0,1,0,262144
6100,6100,AUX_EVENT,aux_behavior,49152,0,49152,0,1,16384,0,0,0,0,0,1,0,262144
6101,6101,AUX_EVENT,aux_behavior,49152,0,49152,0,1,16384,0,0,0,0,0,1,0,262144
6102,6102,AUX_EVENT,aux_behavior,49152,0,49152,0,1,16384,0,0,0,0,0,1,0,262144
6103,6103,AUX_EVENT,aux_behavior,49152,0,49152,0,1,16384,0,0,0,0,0,1,0,262144
6104,6104,AUX_EVENT,aux_behavior,49152,0,49152,0,1,16384,0,0,0,0,0,1,0,262144
6105,6105,AUX_EVENT,aux_behavior,49152,0,49152,0,1,16384,0,0,0,0,0,1,0,262144
6106,6106,AUX_EVENT,aux_behavior,49152,0,49152,0,1,16384,0,0,0,0,0,1,0,262144
6107,6107,LAYOUT,layout_rtl,2688,0,2688,0,1,1344,0,0,0,0,0,1,0,21504
6108,6108,LAYOUT,layout_rtl,2688,0,2688,0,1,1344,0,0,0,0,0,1,0,21504
6109,6109,LAYOUT,layout_rtl,2688,0,2688,0,1,1344,0,0,0,0,0,1,0,21504
6110,6110,GEMM_W8A8,rtl_gemm,8197,8197,0,0,1,8192,4,8192,0,0,0,0,0,131072
6111,6111,AUX_EVENT,aux_behavior,24576,0,24576,0,1,8192,0,0,0,0,0,1,0,131072
6112,6112,AUX_EVENT,aux_behavior,24576,0,24576,0,1,8192,0,0,0,0,0,1,0,131072
6113,6113,AUX_EVENT,aux_behavior,24576,0,24576,0,1,8192,0,0,0,0,0,1,0,131072
6114,6114,AUX_EVENT,aux_behavior,24576,0,24576,0,1,8192,0,0,0,0,0,1,0,131072
6115,6115,AUX_EVENT,aux_behavior,24576,0,24576,0,1,8192,0,0,0,0,0,1,0,131072
6116,6116,AUX_EVENT,aux_behavior,24576,0,24576,0,1,8192,0,0,0,0,0,1,0,131072
6117,6117,AUX_EVENT,aux_behavior,24576,0,24576,0,1,8192,0,0,0,0,0,1,0,131072
6118,6118,AUX_EVENT,aux_behavior,49152,0,49152,0,1,16384,0,0,0,0,0,1,0,262144
6119,6119,AUX_EVENT,aux_behavior,49152,0,49152,0,1,16384,0,0,0,0,0,1,0,262144
6120,6120,AUX_EVENT,aux_behavior,49152,0,49152,0,1,16384,0,0,0,0,0,1,0,262144
6121,6121,AUX_EVENT,aux_behavior,49152,0,49152,0,1,16384,0,0,0,0,0,1,0,262144
6122,6122,AUX_EVENT,aux_behavior,49152,0,49152,0,1,16384,0,0,0,0,0,1,0,262144
6123,6123,AUX_EVENT,aux_behavior,49152,0,49152,0,1,16384,0,0,0,0,0,1,0,262144
6124,6124,AUX_EVENT,aux_behavior,49152,0,49152,0,1,16384,0,0,0,0,0,1,0,262144
6125,6125,AUX_EVENT,aux_behavior,49152,0,49152,0,1,16384,0,0,0,0,0,1,0,262144
6126,6126,LAYOUT,layout_rtl,65536,0,65536,0,1,32768,0,0,0,0,0,1,0,524288
6127,6127,LAYOUT,layout_rtl,65536,0,65536,0,1,32768,0,0,0,0,0,1,0,524288
6128,6128,LAYOUT,layout_rtl,65536,0,65536,0,1,32768,0,0,0,0,0,1,0,524288
6129,6129,GEMM_W8A8,rtl_gemm,341,341,0,0,1,336,4,336,0,0,0,0,0,5376
6130,6130,AUX_EVENT,aux_behavior,1008,0,1008,0,1,336,0,0,0,0,0,1,0,5376
6131,6131,AUX_EVENT,aux_behavior,1008,0,1008,0,1,336,0,0,0,0,0,1,0,5376
6132,6132,AUX_EVENT,aux_behavior,1008,0,1008,0,1,336,0,0,0,0,0,1,0,5376
6133,6133,AUX_EVENT,aux_behavior,1008,0,1008,0,1,336,0,0,0,0,0,1,0,5376
6134,6134,AUX_EVENT,aux_behavior,1008,0,1008,0,1,336,0,0,0,0,0,1,0,5376
6135,6135,AUX_EVENT,aux_behavior,1008,0,1008,0,1,336,0,0,0,0,0,1,0,5376
6136,6136,AUX_EVENT,aux_behavior,1008,0,1008,0,1,336,0,0,0,0,0,1,0,5376
6137,6137,AUX_EVENT,aux_behavior,49152,0,49152,0,1,16384,0,0,0,0,0,1,0,262144
6138,6138,AUX_EVENT,aux_behavior,49152,0,49152,0,1,16384,0,0,0,0,0,1,0,262144
6139,6139,AUX_EVENT,aux_behavior,49152,0,49152,0,1,16384,0,0,0,0,0,1,0,262144
6140,6140,AUX_EVENT,aux_behavior,49152,0,49152,0,1,16384,0,0,0,0,0,1,0,262144
6141,6141,AUX_EVENT,aux_behavior,49152,0,49152,0,1,16384,0,0,0,0,0,1,0,262144
6142,6142,AUX_EVENT,aux_behavior,49152,0,49152,0,1,16384,0,0,0,0,0,1,0,262144
6143,6143,AUX_EVENT,aux_behavior,49152,0,49152,0,1,16384,0,0,0,0,0,1,0,262144
6144,6144,AUX_EVENT,aux_behavior,49152,0,49152,0,1,16384,0,0,0,0,0,1,0,262144
6145,6145,LAYOUT,layout_rtl,2688,0,2688,0,1,1344,0,0,0,0,0,1,0,21504
6146,6146,LAYOUT,layout_rtl,2688,0,2688,0,1,1344,0,0,0,0,0,1,0,21504
6147,6147,LAYOUT,layout_rtl,2688,0,2688,0,1,1344,0,0,0,0,0,1,0,21504
6148,6148,LAYOUT,layout_rtl,65536,0,65536,0,1,32768,0,0,0,0,0,1,0,524288
6149,6149,LAYOUT,layout_rtl,65536,0,65536,0,1,32768,0,0,0,0,0,1,0,524288
6150,6150,LAYOUT,layout_rtl,65536,0,65536,0,1,32768,0,0,0,0,0,1,0,524288
6151,6151,LAYOUT,layout_rtl,65536,0,65536,0,1,32768,0,0,0,0,0,1,0,524288
6152,6152,LAYOUT,layout_rtl,2688,0,2688,0,1,1344,0,0,0,0,0,1,0,21504
6153,6153,LAYOUT,layout_rtl,65536,0,65536,0,1,32768,0,0,0,0,0,1,0,524288
6154,6154,LAYOUT,layout_rtl,2688,0,2688,0,1,1344,0,0,0,0,0,1,0,21504
6155,6155,LAYOUT,layout_rtl,2688,0,2688,0,1,1344,0,0,0,0,0,1,0,21504
6156,6156,BMM_W8A8,rtl_bmm,70784,70784,0,34816,32768,2688,512,2688,11010048,5505024,128,524288,21504,524288
6157,6157,AUX_EVENT,aux_behavior,8064,0,8064,0,1,2688,0,0,0,0,0,1,0,43008
6158,6158,ADD,vector_rtl,5376,0,5376,0,1,2688,0,0,0,0,0,1,0,43008
6159,6159,CLAMP,vector_rtl,5376,0,5376,0,1,2688,0,0,0,0,0,1,0,43008
6160,6160,CLAMP,vector_rtl,5376,0,5376,0,1,2688,0,0,0,0,0,1,0,43008
6161,6161,LAYOUT,layout_rtl,5376,0,5376,0,1,2688,0,0,0,0,0,1,0,43008
6162,6162,AUX_EVENT,aux_behavior,8064,0,8064,0,1,2688,0,0,0,0,0,1,0,43008
6163,6163,ADD,vector_rtl,5376,0,5376,0,1,2688,0,0,0,0,0,1,0,43008
6164,6164,CLAMP,vector_rtl,5376,0,5376,0,1,2688,0,0,0,0,0,1,0,43008
6165,6165,CLAMP,vector_rtl,5376,0,5376,0,1,2688,0,0,0,0,0,1,0,43008
6166,6166,SOFTMAX,vector_rtl,5376,0,5376,0,1,2688,0,0,0,0,0,1,0,43008
6167,6167,LAYOUT,layout_rtl,16,0,16,0,1,2,0,0,0,0,0,1,0,21
6168,6168,LAYOUT,layout_rtl,16,0,16,0,1,2,0,0,0,0,0,1,0,21
6169,6169,LAYOUT,layout_rtl,16,0,16,0,1,2,0,0,0,0,0,1,0,21
6170,6170,LAYOUT,layout_rtl,16,0,16,0,1,2,0,0,0,0,0,1,0,21
6171,6171,LAYOUT,layout_rtl,16,0,16,0,1,2,0,0,0,0,0,1,0,21
6172,6172,LAYOUT,layout_rtl,16,0,16,0,1,6,0,0,0,0,0,1,0,84
6173,6173,AUX_EVENT,aux_behavior,8064,0,8064,0,1,2688,0,0,0,0,0,1,0,43008
6174,6174,SOFTMAX,vector_rtl,5376,0,5376,0,1,2688,0,0,0,0,0,1,0,43008
6175,6175,AUX_EVENT,aux_behavior,8064,0,8064,0,1,2688,0,0,0,0,0,1,0,43008
6176,6176,AUX_EVENT,aux_behavior,8064,0,8064,0,1,2688,0,0,0,0,0,1,0,43008
6177,6177,BMM_W8A8,rtl_bmm,51200,51200,0,14208,2688,32768,1536,32768,11010048,5505024,384,43008,21504,43008
6178,6178,BMM_W8A8,rtl_bmm,20256,20256,0,12672,6144,1344,96,1344,11010048,5505024,24,43008,524288,43008
6179,6179,LAYOUT,layout_rtl,65536,0,65536,0,1,32768,0,0,0,0,0,1,0,524288
6180,6180,LAYOUT,layout_rtl,65536,0,65536,0,1,32768,0,0,0,0,0,1,0,524288
6181,6181,LAYOUT,layout_rtl,65536,0,65536,0,1,32768,0,0,0,0,0,1,0,524288
6182,6182,LAYOUT,layout_rtl,2688,0,2688,0,1,1344,0,0,0,0,0,1,0,21504
6183,6183,LAYOUT,layout_rtl,2688,0,2688,0,1,1344,0,0,0,0,0,1,0,21504
6184,6184,LAYOUT,layout_rtl,2688,0,2688,0,1,1344,0,0,0,0,0,1,0,21504
6185,6185,GEMM_W8A8,rtl_gemm,32773,32773,0,0,1,32768,4,32768,0,0,0,0,0,524288
6186,6186,AUX_EVENT,aux_behavior,98304,0,98304,0,1,32768,0,0,0,0,0,1,0,524288
6187,6187,AUX_EVENT,aux_behavior,98304,0,98304,0,1,32768,0,0,0,0,0,1,0,524288
6188,6188,AUX_EVENT,aux_behavior,98304,0,98304,0,1,32768,0,0,0,0,0,1,0,524288
6189,6189,AUX_EVENT,aux_behavior,98304,0,98304,0,1,32768,0,0,0,0,0,1,0,524288
6190,6190,AUX_EVENT,aux_behavior,98304,0,98304,0,1,32768,0,0,0,0,0,1,0,524288
6191,6191,AUX_EVENT,aux_behavior,98304,0,98304,0,1,32768,0,0,0,0,0,1,0,524288
6192,6192,AUX_EVENT,aux_behavior,98304,0,98304,0,1,32768,0,0,0,0,0,1,0,524288
6193,6193,AUX_EVENT,aux_behavior,49152,0,49152,0,1,16384,0,0,0,0,0,1,0,262144
6194,6194,AUX_EVENT,aux_behavior,49152,0,49152,0,1,16384,0,0,0,0,0,1,0,262144
6195,6195,AUX_EVENT,aux_behavior,49152,0,49152,0,1,16384,0,0,0,0,0,1,0,262144
6196,6196,AUX_EVENT,aux_behavior,49152,0,49152,0,1,16384,0,0,0,0,0,1,0,262144
6197,6197,AUX_EVENT,aux_behavior,49152,0,49152,0,1,16384,0,0,0,0,0,1,0,262144
6198,6198,AUX_EVENT,aux_behavior,49152,0,49152,0,1,16384,0,0,0,0,0,1,0,262144
6199,6199,AUX_EVENT,aux_behavior,49152,0,49152,0,1,16384,0,0,0,0,0,1,0,262144
6200,6200,AUX_EVENT,aux_behavior,49152,0,49152,0,1,16384,0,0,0,0,0,1,0,262144
6201,6201,GEMM_W8A8,rtl_gemm,1349,1349,0,0,1,1344,4,1344,0,0,0,0,0,21504
6202,6202,AUX_EVENT,aux_behavior,4032,0,4032,0,1,1344,0,0,0,0,0,1,0,21504
6203,6203,AUX_EVENT,aux_behavior,4032,0,4032,0,1,1344,0,0,0,0,0,1,0,21504
6204,6204,AUX_EVENT,aux_behavior,4032,0,4032,0,1,1344,0,0,0,0,0,1,0,21504
6205,6205,AUX_EVENT,aux_behavior,4032,0,4032,0,1,1344,0,0,0,0,0,1,0,21504
6206,6206,AUX_EVENT,aux_behavior,4032,0,4032,0,1,1344,0,0,0,0,0,1,0,21504
6207,6207,AUX_EVENT,aux_behavior,4032,0,4032,0,1,1344,0,0,0,0,0,1,0,21504
6208,6208,AUX_EVENT,aux_behavior,4032,0,4032,0,1,1344,0,0,0,0,0,1,0,21504
6209,6209,AUX_EVENT,aux_behavior,49152,0,49152,0,1,16384,0,0,0,0,0,1,0,262144
6210,6210,AUX_EVENT,aux_behavior,49152,0,49152,0,1,16384,0,0,0,0,0,1,0,262144
6211,6211,AUX_EVENT,aux_behavior,49152,0,49152,0,1,16384,0,0,0,0,0,1,0,262144
6212,6212,AUX_EVENT,aux_behavior,49152,0,49152,0,1,16384,0,0,0,0,0,1,0,262144
6213,6213,AUX_EVENT,aux_behavior,49152,0,49152,0,1,16384,0,0,0,0,0,1,0,262144
6214,6214,AUX_EVENT,aux_behavior,49152,0,49152,0,1,16384,0,0,0,0,0,1,0,262144
6215,6215,AUX_EVENT,aux_behavior,49152,0,49152,0,1,16384,0,0,0,0,0,1,0,262144
6216,6216,AUX_EVENT,aux_behavior,49152,0,49152,0,1,16384,0,0,0,0,0,1,0,262144
6217,6217,MUL,vector_rtl,32,0,32,0,1,16,0,0,0,0,0,1,0,256
6218,6218,ADD,vector_rtl,16384,0,16384,0,1,8192,0,0,0,0,0,1,0,131072
6219,6219,MUL,vector_rtl,32,0,32,0,1,16,0,0,0,0,0,1,0,256
6220,6220,ADD,vector_rtl,672,0,672,0,1,336,0,0,0,0,0,1,0,5376
6221,6221,AUX_EVENT,aux_behavior,84,0,84,0,1,28,0,0,0,0,0,1,0,441
6222,6222,LAYOUT,layout_rtl,672,0,672,0,1,336,0,0,0,0,0,1,0,5376
6223,6223,LAYOUT,layout_rtl,56,0,56,0,1,28,0,0,0,0,0,1,0,441
6224,6224,AUX_EVENT,aux_behavior,333,0,333,0,1,111,0,0,0,0,0,1,0,1764
6225,6225,AUX_EVENT,aux_behavior,333,0,333,0,1,111,0,0,0,0,0,1,0,1764
6226,6226,GEMM_W8A8,rtl_gemm,341,341,0,0,1,336,4,336,0,0,0,0,0,5376
6227,6227,LAYOUT,layout_rtl,2016,0,2016,0,1,1008,0,0,0,0,0,1,0,16128
6228,6228,LAYOUT,layout_rtl,2016,0,2016,0,1,1008,0,0,0,0,0,1,0,16128
6229,6229,LAYOUT,layout_rtl,2016,0,2016,0,1,1008,0,0,0,0,0,1,0,16128
6230,6230,LAYOUT,layout_rtl,2016,0,2016,0,1,1008,0,0,0,0,0,1,0,16128
6231,6231,LAYOUT,layout_rtl,2016,0,2016,0,1,1008,0,0,0,0,0,1,0,16128
6232,6232,LAYOUT,layout_rtl,2016,0,2016,0,1,1008,0,0,0,0,0,1,0,16128
6233,6233,LAYOUT,layout_rtl,2016,0,2016,0,1,1008,0,0,0,0,0,1,0,16128
6234,6234,LAYOUT,layout_rtl,2016,0,2016,0,1,1008,0,0,0,0,0,1,0,16128
6235,6235,LAYOUT,layout_rtl,672,0,672,0,1,336,0,0,0,0,0,1,0,5376
6236,6236,LAYOUT,layout_rtl,672,0,672,0,1,336,0,0,0,0,0,1,0,5376
6237,6237,LAYOUT,layout_rtl,672,0,672,0,1,336,0,0,0,0,0,1,0,5376
6238,6238,LAYOUT,layout_rtl,672,0,672,0,1,336,0,0,0,0,0,1,0,5376
6239,6239,LAYOUT,layout_rtl,672,0,672,0,1,336,0,0,0,0,0,1,0,5376
6240,6240,LAYOUT,layout_rtl,672,0,672,0,1,336,0,0,0,0,0,1,0,5376
6241,6241,MUL,vector_rtl,672,0,672,0,1,336,0,0,0,0,0,1,0,5376
6242,6242,LAYOUT,layout_rtl,672,0,672,0,1,336,0,0,0,0,0,1,0,5376
6243,6243,BMM_W8A8,rtl_bmm,832,832,0,296,168,336,32,336,112896,56448,8,1764,5376,1764
6244,6244,SOFTMAX,vector_rtl,222,0,222,0,1,111,0,0,0,0,0,1,0,1764
6245,6245,BMM_W8A8,rtl_bmm,832,832,0,296,168,336,32,336,112896,56448,8,1764,5376,1764
6246,6246,LAYOUT,layout_rtl,672,0,672,0,1,336,0,0,0,0,0,1,0,5376
6247,6247,LAYOUT,layout_rtl,672,0,672,0,1,336,0,0,0,0,0,1,0,5376
6248,6248,LAYOUT,layout_rtl,672,0,672,0,1,336,0,0,0,0,0,1,0,5376
6249,6249,GEMM_W8A8,rtl_gemm,2760,2760,0,1632,768,336,24,336,1376256,688128,6,5376,65536,5376
6250,6250,LAYOUT,layout_rtl,672,0,672,0,1,336,0,0,0,0,0,1,0,5376
6251,6251,LAYOUT,layout_rtl,222,0,222,0,1,111,0,0,0,0,0,1,0,1764
6252,6252,AUX_EVENT,aux_behavior,333,0,333,0,1,111,0,0,0,0,0,1,0,1764
6253,6253,AUX_EVENT,aux_behavior,1008,0,1008,0,1,336,0,0,0,0,0,1,0,5376
6254,6254,ADD,vector_rtl,672,0,672,0,1,336,0,0,0,0,0,1,0,5376
6255,6255,LAYER_NORM,vector_rtl,672,0,672,0,1,336,0,0,0,0,0,1,0,5376
6256,6256,GEMM_W8A8,rtl_gemm,341,341,0,0,1,336,4,336,0,0,0,0,0,5376
6257,6257,AUX_EVENT,aux_behavior,1008,0,1008,0,1,336,0,0,0,0,0,1,0,5376
6258,6258,AUX_EVENT,aux_behavior,1008,0,1008,0,1,336,0,0,0,0,0,1,0,5376
6259,6259,AUX_EVENT,aux_behavior,1008,0,1008,0,1,336,0,0,0,0,0,1,0,5376
6260,6260,AUX_EVENT,aux_behavior,1008,0,1008,0,1,336,0,0,0,0,0,1,0,5376
6261,6261,AUX_EVENT,aux_behavior,1008,0,1008,0,1,336,0,0,0,0,0,1,0,5376
6262,6262,AUX_EVENT,aux_behavior,1008,0,1008,0,1,336,0,0,0,0,0,1,0,5376
6263,6263,AUX_EVENT,aux_behavior,1008,0,1008,0,1,336,0,0,0,0,0,1,0,5376
6264,6264,AUX_EVENT,aux_behavior,49152,0,49152,0,1,16384,0,0,0,0,0,1,0,262144
6265,6265,AUX_EVENT,aux_behavior,49152,0,49152,0,1,16384,0,0,0,0,0,1,0,262144
6266,6266,AUX_EVENT,aux_behavior,49152,0,49152,0,1,16384,0,0,0,0,0,1,0,262144
6267,6267,AUX_EVENT,aux_behavior,49152,0,49152,0,1,16384,0,0,0,0,0,1,0,262144
6268,6268,AUX_EVENT,aux_behavior,49152,0,49152,0,1,16384,0,0,0,0,0,1,0,262144
6269,6269,AUX_EVENT,aux_behavior,49152,0,49152,0,1,16384,0,0,0,0,0,1,0,262144
6270,6270,AUX_EVENT,aux_behavior,49152,0,49152,0,1,16384,0,0,0,0,0,1,0,262144
6271,6271,AUX_EVENT,aux_behavior,49152,0,49152,0,1,16384,0,0,0,0,0,1,0,262144
6272,6272,RELU,vector_rtl,2688,0,2688,0,1,1344,0,0,0,0,0,1,0,21504
6273,6273,AUX_EVENT,aux_behavior,4032,0,4032,0,1,1344,0,0,0,0,0,1,0,21504
6274,6274,GEMM_W8A8,rtl_gemm,1349,1349,0,0,1,1344,4,1344,0,0,0,0,0,21504
6275,6275,AUX_EVENT,aux_behavior,4032,0,4032,0,1,1344,0,0,0,0,0,1,0,21504
6276,6276,AUX_EVENT,aux_behavior,4032,0,4032,0,1,1344,0,0,0,0,0,1,0,21504
6277,6277,AUX_EVENT,aux_behavior,4032,0,4032,0,1,1344,0,0,0,0,0,1,0,21504
6278,6278,AUX_EVENT,aux_behavior,4032,0,4032,0,1,1344,0,0,0,0,0,1,0,21504
6279,6279,AUX_EVENT,aux_behavior,4032,0,4032,0,1,1344,0,0,0,0,0,1,0,21504
6280,6280,AUX_EVENT,aux_behavior,4032,0,4032,0,1,1344,0,0,0,0,0,1,0,21504
6281,6281,AUX_EVENT,aux_behavior,4032,0,4032,0,1,1344,0,0,0,0,0,1,0,21504
6282,6282,AUX_EVENT,aux_behavior,49152,0,49152,0,1,16384,0,0,0,0,0,1,0,262144
6283,6283,AUX_EVENT,aux_behavior,49152,0,49152,0,1,16384,0,0,0,0,0,1,0,262144
6284,6284,AUX_EVENT,aux_behavior,49152,0,49152,0,1,16384,0,0,0,0,0,1,0,262144
6285,6285,AUX_EVENT,aux_behavior,49152,0,49152,0,1,16384,0,0,0,0,0,1,0,262144
6286,6286,AUX_EVENT,aux_behavior,49152,0,49152,0,1,16384,0,0,0,0,0,1,0,262144
6287,6287,AUX_EVENT,aux_behavior,49152,0,49152,0,1,16384,0,0,0,0,0,1,0,262144
6288,6288,AUX_EVENT,aux_behavior,49152,0,49152,0,1,16384,0,0,0,0,0,1,0,262144
6289,6289,AUX_EVENT,aux_behavior,49152,0,49152,0,1,16384,0,0,0,0,0,1,0,262144
6290,6290,AUX_EVENT,aux_behavior,1008,0,1008,0,1,336,0,0,0,0,0,1,0,5376
6291,6291,ADD,vector_rtl,672,0,672,0,1,336,0,0,0,0,0,1,0,5376
6292,6292,LAYER_NORM,vector_rtl,672,0,672,0,1,336,0,0,0,0,0,1,0,5376
6293,6293,LAYOUT,layout_rtl,672,0,672,0,1,336,0,0,0,0,0,1,0,5376
6294,6294,LAYER_NORM,vector_rtl,16384,0,16384,0,1,8192,0,0,0,0,0,1,0,131072
6295,6295,LAYER_NORM,vector_rtl,672,0,672,0,1,336,0,0,0,0,0,1,0,5376
6296,6296,GEMM_W8A8,rtl_gemm,8197,8197,0,0,1,8192,4,8192,0,0,0,0,0,131072
6297,6297,AUX_EVENT,aux_behavior,24576,0,24576,0,1,8192,0,0,0,0,0,1,0,131072
6298,6298,AUX_EVENT,aux_behavior,24576,0,24576,0,1,8192,0,0,0,0,0,1,0,131072
6299,6299,AUX_EVENT,aux_behavior,24576,0,24576,0,1,8192,0,0,0,0,0,1,0,131072
6300,6300,AUX_EVENT,aux_behavior,24576,0,24576,0,1,8192,0,0,0,0,0,1,0,131072
6301,6301,AUX_EVENT,aux_behavior,24576,0,24576,0,1,8192,0,0,0,0,0,1,0,131072
6302,6302,AUX_EVENT,aux_behavior,24576,0,24576,0,1,8192,0,0,0,0,0,1,0,131072
6303,6303,AUX_EVENT,aux_behavior,24576,0,24576,0,1,8192,0,0,0,0,0,1,0,131072
6304,6304,AUX_EVENT,aux_behavior,49152,0,49152,0,1,16384,0,0,0,0,0,1,0,262144
6305,6305,AUX_EVENT,aux_behavior,49152,0,49152,0,1,16384,0,0,0,0,0,1,0,262144
6306,6306,AUX_EVENT,aux_behavior,49152,0,49152,0,1,16384,0,0,0,0,0,1,0,262144
6307,6307,AUX_EVENT,aux_behavior,49152,0,49152,0,1,16384,0,0,0,0,0,1,0,262144
6308,6308,AUX_EVENT,aux_behavior,49152,0,49152,0,1,16384,0,0,0,0,0,1,0,262144
6309,6309,AUX_EVENT,aux_behavior,49152,0,49152,0,1,16384,0,0,0,0,0,1,0,262144
6310,6310,AUX_EVENT,aux_behavior,49152,0,49152,0,1,16384,0,0,0,0,0,1,0,262144
6311,6311,AUX_EVENT,aux_behavior,49152,0,49152,0,1,16384,0,0,0,0,0,1,0,262144
6312,6312,MUL,vector_rtl,65536,0,65536,0,1,32768,0,0,0,0,0,1,0,524288
6313,6313,GEMM_W8A8,rtl_gemm,341,341,0,0,1,336,4,336,0,0,0,0,0,5376
6314,6314,AUX_EVENT,aux_behavior,1008,0,1008,0,1,336,0,0,0,0,0,1,0,5376
6315,6315,AUX_EVENT,aux_behavior,1008,0,1008,0,1,336,0,0,0,0,0,1,0,5376
6316,6316,AUX_EVENT,aux_behavior,1008,0,1008,0,1,336,0,0,0,0,0,1,0,5376
6317,6317,AUX_EVENT,aux_behavior,1008,0,1008,0,1,336,0,0,0,0,0,1,0,5376
6318,6318,AUX_EVENT,aux_behavior,1008,0,1008,0,1,336,0,0,0,0,0,1,0,5376
6319,6319,AUX_EVENT,aux_behavior,1008,0,1008,0,1,336,0,0,0,0,0,1,0,5376
6320,6320,AUX_EVENT,aux_behavior,1008,0,1008,0,1,336,0,0,0,0,0,1,0,5376
6321,6321,AUX_EVENT,aux_behavior,49152,0,49152,0,1,16384,0,0,0,0,0,1,0,262144
6322,6322,AUX_EVENT,aux_behavior,49152,0,49152,0,1,16384,0,0,0,0,0,1,0,262144
6323,6323,AUX_EVENT,aux_behavior,49152,0,49152,0,1,16384,0,0,0,0,0,1,0,262144
6324,6324,AUX_EVENT,aux_behavior,49152,0,49152,0,1,16384,0,0,0,0,0,1,0,262144
6325,6325,AUX_EVENT,aux_behavior,49152,0,49152,0,1,16384,0,0,0,0,0,1,0,262144
6326,6326,AUX_EVENT,aux_behavior,49152,0,49152,0,1,16384,0,0,0,0,0,1,0,262144
6327,6327,AUX_EVENT,aux_behavior,49152,0,49152,0,1,16384,0,0,0,0,0,1,0,262144
6328,6328,AUX_EVENT,aux_behavior,49152,0,49152,0,1,16384,0,0,0,0,0,1,0,262144
6329,6329,LAYOUT,layout_rtl,2688,0,2688,0,1,1344,0,0,0,0,0,1,0,21504
6330,6330,LAYOUT,layout_rtl,2688,0,2688,0,1,1344,0,0,0,0,0,1,0,21504
6331,6331,LAYOUT,layout_rtl,2688,0,2688,0,1,1344,0,0,0,0,0,1,0,21504
6332,6332,GEMM_W8A8,rtl_gemm,8197,8197,0,0,1,8192,4,8192,0,0,0,0,0,131072
6333,6333,AUX_EVENT,aux_behavior,24576,0,24576,0,1,8192,0,0,0,0,0,1,0,131072
6334,6334,AUX_EVENT,aux_behavior,24576,0,24576,0,1,8192,0,0,0,0,0,1,0,131072
6335,6335,AUX_EVENT,aux_behavior,24576,0,24576,0,1,8192,0,0,0,0,0,1,0,131072
6336,6336,AUX_EVENT,aux_behavior,24576,0,24576,0,1,8192,0,0,0,0,0,1,0,131072
6337,6337,AUX_EVENT,aux_behavior,24576,0,24576,0,1,8192,0,0,0,0,0,1,0,131072
6338,6338,AUX_EVENT,aux_behavior,24576,0,24576,0,1,8192,0,0,0,0,0,1,0,131072
6339,6339,AUX_EVENT,aux_behavior,24576,0,24576,0,1,8192,0,0,0,0,0,1,0,131072
6340,6340,AUX_EVENT,aux_behavior,49152,0,49152,0,1,16384,0,0,0,0,0,1,0,262144
6341,6341,AUX_EVENT,aux_behavior,49152,0,49152,0,1,16384,0,0,0,0,0,1,0,262144
6342,6342,AUX_EVENT,aux_behavior,49152,0,49152,0,1,16384,0,0,0,0,0,1,0,262144
6343,6343,AUX_EVENT,aux_behavior,49152,0,49152,0,1,16384,0,0,0,0,0,1,0,262144
6344,6344,AUX_EVENT,aux_behavior,49152,0,49152,0,1,16384,0,0,0,0,0,1,0,262144
6345,6345,AUX_EVENT,aux_behavior,49152,0,49152,0,1,16384,0,0,0,0,0,1,0,262144
6346,6346,AUX_EVENT,aux_behavior,49152,0,49152,0,1,16384,0,0,0,0,0,1,0,262144
6347,6347,AUX_EVENT,aux_behavior,49152,0,49152,0,1,16384,0,0,0,0,0,1,0,262144
6348,6348,LAYOUT,layout_rtl,65536,0,65536,0,1,32768,0,0,0,0,0,1,0,524288
6349,6349,LAYOUT,layout_rtl,65536,0,65536,0,1,32768,0,0,0,0,0,1,0,524288
6350,6350,LAYOUT,layout_rtl,65536,0,65536,0,1,32768,0,0,0,0,0,1,0,524288
6351,6351,GEMM_W8A8,rtl_gemm,341,341,0,0,1,336,4,336,0,0,0,0,0,5376
6352,6352,AUX_EVENT,aux_behavior,1008,0,1008,0,1,336,0,0,0,0,0,1,0,5376
6353,6353,AUX_EVENT,aux_behavior,1008,0,1008,0,1,336,0,0,0,0,0,1,0,5376
6354,6354,AUX_EVENT,aux_behavior,1008,0,1008,0,1,336,0,0,0,0,0,1,0,5376
6355,6355,AUX_EVENT,aux_behavior,1008,0,1008,0,1,336,0,0,0,0,0,1,0,5376
6356,6356,AUX_EVENT,aux_behavior,1008,0,1008,0,1,336,0,0,0,0,0,1,0,5376
6357,6357,AUX_EVENT,aux_behavior,1008,0,1008,0,1,336,0,0,0,0,0,1,0,5376
6358,6358,AUX_EVENT,aux_behavior,1008,0,1008,0,1,336,0,0,0,0,0,1,0,5376
6359,6359,AUX_EVENT,aux_behavior,49152,0,49152,0,1,16384,0,0,0,0,0,1,0,262144
6360,6360,AUX_EVENT,aux_behavior,49152,0,49152,0,1,16384,0,0,0,0,0,1,0,262144
6361,6361,AUX_EVENT,aux_behavior,49152,0,49152,0,1,16384,0,0,0,0,0,1,0,262144
6362,6362,AUX_EVENT,aux_behavior,49152,0,49152,0,1,16384,0,0,0,0,0,1,0,262144
6363,6363,AUX_EVENT,aux_behavior,49152,0,49152,0,1,16384,0,0,0,0,0,1,0,262144
6364,6364,AUX_EVENT,aux_behavior,49152,0,49152,0,1,16384,0,0,0,0,0,1,0,262144
6365,6365,AUX_EVENT,aux_behavior,49152,0,49152,0,1,16384,0,0,0,0,0,1,0,262144
6366,6366,AUX_EVENT,aux_behavior,49152,0,49152,0,1,16384,0,0,0,0,0,1,0,262144
6367,6367,LAYOUT,layout_rtl,2688,0,2688,0,1,1344,0,0,0,0,0,1,0,21504
6368,6368,LAYOUT,layout_rtl,2688,0,2688,0,1,1344,0,0,0,0,0,1,0,21504
6369,6369,LAYOUT,layout_rtl,2688,0,2688,0,1,1344,0,0,0,0,0,1,0,21504
6370,6370,LAYOUT,layout_rtl,65536,0,65536,0,1,32768,0,0,0,0,0,1,0,524288
6371,6371,LAYOUT,layout_rtl,65536,0,65536,0,1,32768,0,0,0,0,0,1,0,524288
6372,6372,LAYOUT,layout_rtl,65536,0,65536,0,1,32768,0,0,0,0,0,1,0,524288
6373,6373,LAYOUT,layout_rtl,65536,0,65536,0,1,32768,0,0,0,0,0,1,0,524288
6374,6374,LAYOUT,layout_rtl,2688,0,2688,0,1,1344,0,0,0,0,0,1,0,21504
6375,6375,LAYOUT,layout_rtl,65536,0,65536,0,1,32768,0,0,0,0,0,1,0,524288
6376,6376,LAYOUT,layout_rtl,2688,0,2688,0,1,1344,0,0,0,0,0,1,0,21504
6377,6377,LAYOUT,layout_rtl,2688,0,2688,0,1,1344,0,0,0,0,0,1,0,21504
6378,6378,BMM_W8A8,rtl_bmm,70784,70784,0,34816,32768,2688,512,2688,11010048,5505024,128,524288,21504,524288
6379,6379,AUX_EVENT,aux_behavior,8064,0,8064,0,1,2688,0,0,0,0,0,1,0,43008
6380,6380,ADD,vector_rtl,5376,0,5376,0,1,2688,0,0,0,0,0,1,0,43008
6381,6381,CLAMP,vector_rtl,5376,0,5376,0,1,2688,0,0,0,0,0,1,0,43008
6382,6382,CLAMP,vector_rtl,5376,0,5376,0,1,2688,0,0,0,0,0,1,0,43008
6383,6383,LAYOUT,layout_rtl,5376,0,5376,0,1,2688,0,0,0,0,0,1,0,43008
6384,6384,AUX_EVENT,aux_behavior,8064,0,8064,0,1,2688,0,0,0,0,0,1,0,43008
6385,6385,ADD,vector_rtl,5376,0,5376,0,1,2688,0,0,0,0,0,1,0,43008
6386,6386,CLAMP,vector_rtl,5376,0,5376,0,1,2688,0,0,0,0,0,1,0,43008
6387,6387,CLAMP,vector_rtl,5376,0,5376,0,1,2688,0,0,0,0,0,1,0,43008
6388,6388,SOFTMAX,vector_rtl,5376,0,5376,0,1,2688,0,0,0,0,0,1,0,43008
6389,6389,LAYOUT,layout_rtl,16,0,16,0,1,2,0,0,0,0,0,1,0,21
6390,6390,LAYOUT,layout_rtl,16,0,16,0,1,2,0,0,0,0,0,1,0,21
6391,6391,LAYOUT,layout_rtl,16,0,16,0,1,2,0,0,0,0,0,1,0,21
6392,6392,LAYOUT,layout_rtl,16,0,16,0,1,2,0,0,0,0,0,1,0,21
6393,6393,LAYOUT,layout_rtl,16,0,16,0,1,2,0,0,0,0,0,1,0,21
6394,6394,LAYOUT,layout_rtl,16,0,16,0,1,6,0,0,0,0,0,1,0,84
6395,6395,AUX_EVENT,aux_behavior,8064,0,8064,0,1,2688,0,0,0,0,0,1,0,43008
6396,6396,SOFTMAX,vector_rtl,5376,0,5376,0,1,2688,0,0,0,0,0,1,0,43008
6397,6397,AUX_EVENT,aux_behavior,8064,0,8064,0,1,2688,0,0,0,0,0,1,0,43008
6398,6398,AUX_EVENT,aux_behavior,8064,0,8064,0,1,2688,0,0,0,0,0,1,0,43008
6399,6399,BMM_W8A8,rtl_bmm,51200,51200,0,14208,2688,32768,1536,32768,11010048,5505024,384,43008,21504,43008
6400,6400,BMM_W8A8,rtl_bmm,20256,20256,0,12672,6144,1344,96,1344,11010048,5505024,24,43008,524288,43008
6401,6401,LAYOUT,layout_rtl,65536,0,65536,0,1,32768,0,0,0,0,0,1,0,524288
6402,6402,LAYOUT,layout_rtl,65536,0,65536,0,1,32768,0,0,0,0,0,1,0,524288
6403,6403,LAYOUT,layout_rtl,65536,0,65536,0,1,32768,0,0,0,0,0,1,0,524288
6404,6404,LAYOUT,layout_rtl,2688,0,2688,0,1,1344,0,0,0,0,0,1,0,21504
6405,6405,LAYOUT,layout_rtl,2688,0,2688,0,1,1344,0,0,0,0,0,1,0,21504
6406,6406,LAYOUT,layout_rtl,2688,0,2688,0,1,1344,0,0,0,0,0,1,0,21504
6407,6407,GEMM_W8A8,rtl_gemm,32773,32773,0,0,1,32768,4,32768,0,0,0,0,0,524288
6408,6408,AUX_EVENT,aux_behavior,98304,0,98304,0,1,32768,0,0,0,0,0,1,0,524288
6409,6409,AUX_EVENT,aux_behavior,98304,0,98304,0,1,32768,0,0,0,0,0,1,0,524288
6410,6410,AUX_EVENT,aux_behavior,98304,0,98304,0,1,32768,0,0,0,0,0,1,0,524288
6411,6411,AUX_EVENT,aux_behavior,98304,0,98304,0,1,32768,0,0,0,0,0,1,0,524288
6412,6412,AUX_EVENT,aux_behavior,98304,0,98304,0,1,32768,0,0,0,0,0,1,0,524288
6413,6413,AUX_EVENT,aux_behavior,98304,0,98304,0,1,32768,0,0,0,0,0,1,0,524288
6414,6414,AUX_EVENT,aux_behavior,98304,0,98304,0,1,32768,0,0,0,0,0,1,0,524288
6415,6415,AUX_EVENT,aux_behavior,49152,0,49152,0,1,16384,0,0,0,0,0,1,0,262144
6416,6416,AUX_EVENT,aux_behavior,49152,0,49152,0,1,16384,0,0,0,0,0,1,0,262144
6417,6417,AUX_EVENT,aux_behavior,49152,0,49152,0,1,16384,0,0,0,0,0,1,0,262144
6418,6418,AUX_EVENT,aux_behavior,49152,0,49152,0,1,16384,0,0,0,0,0,1,0,262144
6419,6419,AUX_EVENT,aux_behavior,49152,0,49152,0,1,16384,0,0,0,0,0,1,0,262144
6420,6420,AUX_EVENT,aux_behavior,49152,0,49152,0,1,16384,0,0,0,0,0,1,0,262144
6421,6421,AUX_EVENT,aux_behavior,49152,0,49152,0,1,16384,0,0,0,0,0,1,0,262144
6422,6422,AUX_EVENT,aux_behavior,49152,0,49152,0,1,16384,0,0,0,0,0,1,0,262144
6423,6423,GEMM_W8A8,rtl_gemm,1349,1349,0,0,1,1344,4,1344,0,0,0,0,0,21504
6424,6424,AUX_EVENT,aux_behavior,4032,0,4032,0,1,1344,0,0,0,0,0,1,0,21504
6425,6425,AUX_EVENT,aux_behavior,4032,0,4032,0,1,1344,0,0,0,0,0,1,0,21504
6426,6426,AUX_EVENT,aux_behavior,4032,0,4032,0,1,1344,0,0,0,0,0,1,0,21504
6427,6427,AUX_EVENT,aux_behavior,4032,0,4032,0,1,1344,0,0,0,0,0,1,0,21504
6428,6428,AUX_EVENT,aux_behavior,4032,0,4032,0,1,1344,0,0,0,0,0,1,0,21504
6429,6429,AUX_EVENT,aux_behavior,4032,0,4032,0,1,1344,0,0,0,0,0,1,0,21504
6430,6430,AUX_EVENT,aux_behavior,4032,0,4032,0,1,1344,0,0,0,0,0,1,0,21504
6431,6431,AUX_EVENT,aux_behavior,49152,0,49152,0,1,16384,0,0,0,0,0,1,0,262144
6432,6432,AUX_EVENT,aux_behavior,49152,0,49152,0,1,16384,0,0,0,0,0,1,0,262144
6433,6433,AUX_EVENT,aux_behavior,49152,0,49152,0,1,16384,0,0,0,0,0,1,0,262144
6434,6434,AUX_EVENT,aux_behavior,49152,0,49152,0,1,16384,0,0,0,0,0,1,0,262144
6435,6435,AUX_EVENT,aux_behavior,49152,0,49152,0,1,16384,0,0,0,0,0,1,0,262144
6436,6436,AUX_EVENT,aux_behavior,49152,0,49152,0,1,16384,0,0,0,0,0,1,0,262144
6437,6437,AUX_EVENT,aux_behavior,49152,0,49152,0,1,16384,0,0,0,0,0,1,0,262144
6438,6438,AUX_EVENT,aux_behavior,49152,0,49152,0,1,16384,0,0,0,0,0,1,0,262144
6439,6439,MUL,vector_rtl,32,0,32,0,1,16,0,0,0,0,0,1,0,256
6440,6440,ADD,vector_rtl,16384,0,16384,0,1,8192,0,0,0,0,0,1,0,131072
6441,6441,MUL,vector_rtl,32,0,32,0,1,16,0,0,0,0,0,1,0,256
6442,6442,ADD,vector_rtl,672,0,672,0,1,336,0,0,0,0,0,1,0,5376
6443,6443,AUX_EVENT,aux_behavior,84,0,84,0,1,28,0,0,0,0,0,1,0,441
6444,6444,LAYOUT,layout_rtl,672,0,672,0,1,336,0,0,0,0,0,1,0,5376
6445,6445,LAYOUT,layout_rtl,56,0,56,0,1,28,0,0,0,0,0,1,0,441
6446,6446,AUX_EVENT,aux_behavior,333,0,333,0,1,111,0,0,0,0,0,1,0,1764
6447,6447,AUX_EVENT,aux_behavior,333,0,333,0,1,111,0,0,0,0,0,1,0,1764
6448,6448,GEMM_W8A8,rtl_gemm,341,341,0,0,1,336,4,336,0,0,0,0,0,5376
6449,6449,LAYOUT,layout_rtl,2016,0,2016,0,1,1008,0,0,0,0,0,1,0,16128
6450,6450,LAYOUT,layout_rtl,2016,0,2016,0,1,1008,0,0,0,0,0,1,0,16128
6451,6451,LAYOUT,layout_rtl,2016,0,2016,0,1,1008,0,0,0,0,0,1,0,16128
6452,6452,LAYOUT,layout_rtl,2016,0,2016,0,1,1008,0,0,0,0,0,1,0,16128
6453,6453,LAYOUT,layout_rtl,2016,0,2016,0,1,1008,0,0,0,0,0,1,0,16128
6454,6454,LAYOUT,layout_rtl,2016,0,2016,0,1,1008,0,0,0,0,0,1,0,16128
6455,6455,LAYOUT,layout_rtl,2016,0,2016,0,1,1008,0,0,0,0,0,1,0,16128
6456,6456,LAYOUT,layout_rtl,2016,0,2016,0,1,1008,0,0,0,0,0,1,0,16128
6457,6457,LAYOUT,layout_rtl,672,0,672,0,1,336,0,0,0,0,0,1,0,5376
6458,6458,LAYOUT,layout_rtl,672,0,672,0,1,336,0,0,0,0,0,1,0,5376
6459,6459,LAYOUT,layout_rtl,672,0,672,0,1,336,0,0,0,0,0,1,0,5376
6460,6460,LAYOUT,layout_rtl,672,0,672,0,1,336,0,0,0,0,0,1,0,5376
6461,6461,LAYOUT,layout_rtl,672,0,672,0,1,336,0,0,0,0,0,1,0,5376
6462,6462,LAYOUT,layout_rtl,672,0,672,0,1,336,0,0,0,0,0,1,0,5376
6463,6463,MUL,vector_rtl,672,0,672,0,1,336,0,0,0,0,0,1,0,5376
6464,6464,LAYOUT,layout_rtl,672,0,672,0,1,336,0,0,0,0,0,1,0,5376
6465,6465,BMM_W8A8,rtl_bmm,832,832,0,296,168,336,32,336,112896,56448,8,1764,5376,1764
6466,6466,SOFTMAX,vector_rtl,222,0,222,0,1,111,0,0,0,0,0,1,0,1764
6467,6467,BMM_W8A8,rtl_bmm,832,832,0,296,168,336,32,336,112896,56448,8,1764,5376,1764
6468,6468,LAYOUT,layout_rtl,672,0,672,0,1,336,0,0,0,0,0,1,0,5376
6469,6469,LAYOUT,layout_rtl,672,0,672,0,1,336,0,0,0,0,0,1,0,5376
6470,6470,LAYOUT,layout_rtl,672,0,672,0,1,336,0,0,0,0,0,1,0,5376
6471,6471,GEMM_W8A8,rtl_gemm,2760,2760,0,1632,768,336,24,336,1376256,688128,6,5376,65536,5376
6472,6472,LAYOUT,layout_rtl,672,0,672,0,1,336,0,0,0,0,0,1,0,5376
6473,6473,LAYOUT,layout_rtl,222,0,222,0,1,111,0,0,0,0,0,1,0,1764
6474,6474,AUX_EVENT,aux_behavior,333,0,333,0,1,111,0,0,0,0,0,1,0,1764
6475,6475,AUX_EVENT,aux_behavior,1008,0,1008,0,1,336,0,0,0,0,0,1,0,5376
6476,6476,ADD,vector_rtl,672,0,672,0,1,336,0,0,0,0,0,1,0,5376
6477,6477,LAYER_NORM,vector_rtl,672,0,672,0,1,336,0,0,0,0,0,1,0,5376
6478,6478,GEMM_W8A8,rtl_gemm,341,341,0,0,1,336,4,336,0,0,0,0,0,5376
6479,6479,AUX_EVENT,aux_behavior,1008,0,1008,0,1,336,0,0,0,0,0,1,0,5376
6480,6480,AUX_EVENT,aux_behavior,1008,0,1008,0,1,336,0,0,0,0,0,1,0,5376
6481,6481,AUX_EVENT,aux_behavior,1008,0,1008,0,1,336,0,0,0,0,0,1,0,5376
6482,6482,AUX_EVENT,aux_behavior,1008,0,1008,0,1,336,0,0,0,0,0,1,0,5376
6483,6483,AUX_EVENT,aux_behavior,1008,0,1008,0,1,336,0,0,0,0,0,1,0,5376
6484,6484,AUX_EVENT,aux_behavior,1008,0,1008,0,1,336,0,0,0,0,0,1,0,5376
6485,6485,AUX_EVENT,aux_behavior,1008,0,1008,0,1,336,0,0,0,0,0,1,0,5376
6486,6486,AUX_EVENT,aux_behavior,49152,0,49152,0,1,16384,0,0,0,0,0,1,0,262144
6487,6487,AUX_EVENT,aux_behavior,49152,0,49152,0,1,16384,0,0,0,0,0,1,0,262144
6488,6488,AUX_EVENT,aux_behavior,49152,0,49152,0,1,16384,0,0,0,0,0,1,0,262144
6489,6489,AUX_EVENT,aux_behavior,49152,0,49152,0,1,16384,0,0,0,0,0,1,0,262144
6490,6490,AUX_EVENT,aux_behavior,49152,0,49152,0,1,16384,0,0,0,0,0,1,0,262144
6491,6491,AUX_EVENT,aux_behavior,49152,0,49152,0,1,16384,0,0,0,0,0,1,0,262144
6492,6492,AUX_EVENT,aux_behavior,49152,0,49152,0,1,16384,0,0,0,0,0,1,0,262144
6493,6493,AUX_EVENT,aux_behavior,49152,0,49152,0,1,16384,0,0,0,0,0,1,0,262144
6494,6494,RELU,vector_rtl,2688,0,2688,0,1,1344,0,0,0,0,0,1,0,21504
6495,6495,AUX_EVENT,aux_behavior,4032,0,4032,0,1,1344,0,0,0,0,0,1,0,21504
6496,6496,GEMM_W8A8,rtl_gemm,1349,1349,0,0,1,1344,4,1344,0,0,0,0,0,21504
6497,6497,AUX_EVENT,aux_behavior,4032,0,4032,0,1,1344,0,0,0,0,0,1,0,21504
6498,6498,AUX_EVENT,aux_behavior,4032,0,4032,0,1,1344,0,0,0,0,0,1,0,21504
6499,6499,AUX_EVENT,aux_behavior,4032,0,4032,0,1,1344,0,0,0,0,0,1,0,21504
6500,6500,AUX_EVENT,aux_behavior,4032,0,4032,0,1,1344,0,0,0,0,0,1,0,21504
6501,6501,AUX_EVENT,aux_behavior,4032,0,4032,0,1,1344,0,0,0,0,0,1,0,21504
6502,6502,AUX_EVENT,aux_behavior,4032,0,4032,0,1,1344,0,0,0,0,0,1,0,21504
6503,6503,AUX_EVENT,aux_behavior,4032,0,4032,0,1,1344,0,0,0,0,0,1,0,21504
6504,6504,AUX_EVENT,aux_behavior,49152,0,49152,0,1,16384,0,0,0,0,0,1,0,262144
6505,6505,AUX_EVENT,aux_behavior,49152,0,49152,0,1,16384,0,0,0,0,0,1,0,262144
6506,6506,AUX_EVENT,aux_behavior,49152,0,49152,0,1,16384,0,0,0,0,0,1,0,262144
6507,6507,AUX_EVENT,aux_behavior,49152,0,49152,0,1,16384,0,0,0,0,0,1,0,262144
6508,6508,AUX_EVENT,aux_behavior,49152,0,49152,0,1,16384,0,0,0,0,0,1,0,262144
6509,6509,AUX_EVENT,aux_behavior,49152,0,49152,0,1,16384,0,0,0,0,0,1,0,262144
6510,6510,AUX_EVENT,aux_behavior,49152,0,49152,0,1,16384,0,0,0,0,0,1,0,262144
6511,6511,AUX_EVENT,aux_behavior,49152,0,49152,0,1,16384,0,0,0,0,0,1,0,262144
6512,6512,AUX_EVENT,aux_behavior,1008,0,1008,0,1,336,0,0,0,0,0,1,0,5376
6513,6513,ADD,vector_rtl,672,0,672,0,1,336,0,0,0,0,0,1,0,5376
6514,6514,LAYER_NORM,vector_rtl,672,0,672,0,1,336,0,0,0,0,0,1,0,5376
6515,6515,LAYOUT,layout_rtl,672,0,672,0,1,336,0,0,0,0,0,1,0,5376
6516,6516,LAYOUT,layout_rtl,16384,0,16384,0,1,8192,0,0,0,0,0,1,0,131072
6517,6517,AUX_EVENT,aux_behavior,25584,0,25584,0,1,8528,0,0,0,0,0,1,0,136448
6518,6518,AUX_EVENT,aux_behavior,16,0,16,0,1,1,0,0,0,0,0,1,0,8
6519,6519,AUX_EVENT,aux_behavior,16,0,16,0,1,1,0,0,0,0,0,1,0,8
6520,6520,LAYER_NORM,vector_rtl,16,0,16,0,1,1,0,0,0,0,0,1,0,8
6521,6521,GEMM_W8A8,rtl_gemm,6,6,0,0,1,1,4,1,0,0,0,0,0,8
6522,6522,AUX_EVENT,aux_behavior,16,0,16,0,1,1,0,0,0,0,0,1,0,8
6523,6523,AUX_EVENT,aux_behavior,16,0,16,0,1,1,0,0,0,0,0,1,0,8
6524,6524,AUX_EVENT,aux_behavior,16,0,16,0,1,1,0,0,0,0,0,1,0,8
6525,6525,AUX_EVENT,aux_behavior,16,0,16,0,1,1,0,0,0,0,0,1,0,8
6526,6526,AUX_EVENT,aux_behavior,16,0,16,0,1,1,0,0,0,0,0,1,0,8
6527,6527,AUX_EVENT,aux_behavior,16,0,16,0,1,1,0,0,0,0,0,1,0,8
6528,6528,AUX_EVENT,aux_behavior,16,0,16,0,1,1,0,0,0,0,0,1,0,8
6529,6529,AUX_EVENT,aux_behavior,384,0,384,0,1,128,0,0,0,0,0,1,0,2048
6530,6530,AUX_EVENT,aux_behavior,384,0,384,0,1,128,0,0,0,0,0,1,0,2048
6531,6531,AUX_EVENT,aux_behavior,384,0,384,0,1,128,0,0,0,0,0,1,0,2048
6532,6532,AUX_EVENT,aux_behavior,384,0,384,0,1,128,0,0,0,0,0,1,0,2048
6533,6533,AUX_EVENT,aux_behavior,384,0,384,0,1,128,0,0,0,0,0,1,0,2048
6534,6534,AUX_EVENT,aux_behavior,384,0,384,0,1,128,0,0,0,0,0,1,0,2048
6535,6535,AUX_EVENT,aux_behavior,384,0,384,0,1,128,0,0,0,0,0,1,0,2048
6536,6536,AUX_EVENT,aux_behavior,384,0,384,0,1,128,0,0,0,0,0,1,0,2048
6537,6537,GELU,vector_rtl,32,0,32,0,1,16,0,0,0,0,0,1,0,256
6538,6538,AUX_EVENT,aux_behavior,48,0,48,0,1,16,0,0,0,0,0,1,0,256
6539,6539,GEMM_W8A8,rtl_gemm,21,21,0,0,1,16,4,16,0,0,0,0,0,256
6540,6540,AUX_EVENT,aux_behavior,48,0,48,0,1,16,0,0,0,0,0,1,0,256
6541,6541,AUX_EVENT,aux_behavior,48,0,48,0,1,16,0,0,0,0,0,1,0,256
6542,6542,AUX_EVENT,aux_behavior,48,0,48,0,1,16,0,0,0,0,0,1,0,256
6543,6543,AUX_EVENT,aux_behavior,48,0,48,0,1,16,0,0,0,0,0,1,0,256
6544,6544,AUX_EVENT,aux_behavior,48,0,48,0,1,16,0,0,0,0,0,1,0,256
6545,6545,AUX_EVENT,aux_behavior,48,0,48,0,1,16,0,0,0,0,0,1,0,256
6546,6546,AUX_EVENT,aux_behavior,48,0,48,0,1,16,0,0,0,0,0,1,0,256
6547,6547,AUX_EVENT,aux_behavior,24576,0,24576,0,1,8192,0,0,0,0,0,1,0,131072
6548,6548,AUX_EVENT,aux_behavior,24576,0,24576,0,1,8192,0,0,0,0,0,1,0,131072
6549,6549,AUX_EVENT,aux_behavior,24576,0,24576,0,1,8192,0,0,0,0,0,1,0,131072
6550,6550,AUX_EVENT,aux_behavior,24576,0,24576,0,1,8192,0,0,0,0,0,1,0,131072
6551,6551,AUX_EVENT,aux_behavior,24576,0,24576,0,1,8192,0,0,0,0,0,1,0,131072
6552,6552,AUX_EVENT,aux_behavior,24576,0,24576,0,1,8192,0,0,0,0,0,1,0,131072
6553,6553,AUX_EVENT,aux_behavior,24576,0,24576,0,1,8192,0,0,0,0,0,1,0,131072
6554,6554,AUX_EVENT,aux_behavior,24576,0,24576,0,1,8192,0,0,0,0,0,1,0,131072
6555,6555,LAYOUT,layout_rtl,64,0,64,0,1,32,0,0,0,0,0,1,0,512
6556,6556,AUX_EVENT,aux_behavior,96,0,96,0,1,32,0,0,0,0,0,1,0,512
6557,6557,ADD,vector_rtl,64,0,64,0,1,32,0,0,0,0,0,1,0,512
6558,6558,LAYER_NORM,vector_rtl,64,0,64,0,1,32,0,0,0,0,0,1,0,512
6559,6559,LAYOUT,layout_rtl,17056,0,17056,0,1,8528,0,0,0,0,0,1,0,136448
6560,6560,LAYOUT,layout_rtl,384,0,384,0,1,192,0,0,0,0,0,1,0,3072
6561,6561,LAYOUT,layout_rtl,384,0,384,0,1,192,0,0,0,0,0,1,0,3072
6562,6562,LAYER_NORM,vector_rtl,384,0,384,0,1,192,0,0,0,0,0,1,0,3072
6563,6563,AUX_EVENT,aux_behavior,576,0,576,0,1,192,0,0,0,0,0,1,0,3072
6564,6564,AUX_EVENT,aux_behavior,576,0,576,0,1,192,0,0,0,0,0,1,0,3072
6565,6565,ADD,vector_rtl,384,0,384,0,1,192,0,0,0,0,0,1,0,3072
6566,6566,LAYER_NORM,vector_rtl,384,0,384,0,1,192,0,0,0,0,0,1,0,3072
6567,6567,LAYOUT,layout_rtl,384,0,384,0,1,192,0,0,0,0,0,1,0,3072
6568,6568,LAYOUT,layout_rtl,17120,0,17120,0,1,8560,0,0,0,0,0,1,0,136960
6569,6569,AUX_EVENT,aux_behavior,36864,0,36864,0,1,12288,0,0,0,0,0,1,0,196608
6570,6570,AUX_EVENT,aux_behavior,144,0,144,0,1,48,0,0,0,0,0,1,0,768
6571,6571,GEMM_W8A8,rtl_gemm,1612,1612,0,816,768,16,12,16,65536,32768,3,256,65536,3072
6572,6572,GEMM_W8A8,rtl_gemm,8565,8565,0,0,1,8560,4,8560,0,0,0,0,0,136960
6573,6573,LAYOUT,layout_rtl,34240,0,34240,0,1,17120,0,0,0,0,0,1,0,273920
6574,6574,LAYOUT,layout_rtl,34240,0,34240,0,1,17120,0,0,0,0,0,1,0,273920
6575,6575,LAYOUT,layout_rtl,34240,0,34240,0,1,17120,0,0,0,0,0,1,0,273920
6576,6576,LAYOUT,layout_rtl,34240,0,34240,0,1,17120,0,0,0,0,0,1,0,273920
6577,6577,LAYOUT,layout_rtl,34240,0,34240,0,1,17120,0,0,0,0,0,1,0,273920
6578,6578,LAYOUT,layout_rtl,34240,0,34240,0,1,17120,0,0,0,0,0,1,0,273920
6579,6579,LAYOUT,layout_rtl,34240,0,34240,0,1,17120,0,0,0,0,0,1,0,273920
6580,6580,LAYOUT,layout_rtl,384,0,384,0,1,192,0,0,0,0,0,1,0,3072
6581,6581,LAYOUT,layout_rtl,384,0,384,0,1,192,0,0,0,0,0,1,0,3072
6582,6582,LAYOUT,layout_rtl,17120,0,17120,0,1,8560,0,0,0,0,0,1,0,136960
6583,6583,LAYOUT,layout_rtl,17120,0,17120,0,1,8560,0,0,0,0,0,1,0,136960
6584,6584,LAYOUT,layout_rtl,17120,0,17120,0,1,8560,0,0,0,0,0,1,0,136960
6585,6585,LAYOUT,layout_rtl,17120,0,17120,0,1,8560,0,0,0,0,0,1,0,136960
6586,6586,LAYOUT,layout_rtl,384,0,384,0,1,192,0,0,0,0,0,1,0,3072
6587,6587,LAYOUT,layout_rtl,17120,0,17120,0,1,8560,0,0,0,0,0,1,0,136960
6588,6588,LAYOUT,layout_rtl,17120,0,17120,0,1,8560,0,0,0,0,0,1,0,136960
6589,6589,AUX_EVENT,aux_behavior,576,0,576,0,1,192,0,0,0,0,0,1,0,3072
6590,6590,LAYOUT,layout_rtl,384,0,384,0,1,192,0,0,0,0,0,1,0,3072
6591,6591,LAYOUT,layout_rtl,384,0,384,0,1,192,0,0,0,0,0,1,0,3072
6592,6592,GEMM_W8A8,rtl_gemm,1788,1788,0,816,768,192,12,192,786432,393216,3,3072,65536,3072
6593,6593,LAYOUT,layout_rtl,384,0,384,0,1,192,0,0,0,0,0,1,0,3072
6594,6594,LAYOUT,layout_rtl,384,0,384,0,1,192,0,0,0,0,0,1,0,3072
6595,6595,AUX_EVENT,aux_behavior,576,0,576,0,1,192,0,0,0,0,0,1,0,3072
6596,6596,ADD,vector_rtl,384,0,384,0,1,192,0,0,0,0,0,1,0,3072
6597,6597,LAYER_NORM,vector_rtl,384,0,384,0,1,192,0,0,0,0,0,1,0,3072
6598,6598,GEMM_W8A8,rtl_gemm,197,197,0,0,1,192,4,192,0,0,0,0,0,3072
6599,6599,AUX_EVENT,aux_behavior,576,0,576,0,1,192,0,0,0,0,0,1,0,3072
6600,6600,AUX_EVENT,aux_behavior,576,0,576,0,1,192,0,0,0,0,0,1,0,3072
6601,6601,AUX_EVENT,aux_behavior,576,0,576,0,1,192,0,0,0,0,0,1,0,3072
6602,6602,AUX_EVENT,aux_behavior,576,0,576,0,1,192,0,0,0,0,0,1,0,3072
6603,6603,AUX_EVENT,aux_behavior,576,0,576,0,1,192,0,0,0,0,0,1,0,3072
6604,6604,AUX_EVENT,aux_behavior,576,0,576,0,1,192,0,0,0,0,0,1,0,3072
6605,6605,AUX_EVENT,aux_behavior,576,0,576,0,1,192,0,0,0,0,0,1,0,3072
6606,6606,AUX_EVENT,aux_behavior,98304,0,98304,0,1,32768,0,0,0,0,0,1,0,524288
6607,6607,AUX_EVENT,aux_behavior,98304,0,98304,0,1,32768,0,0,0,0,0,1,0,524288
6608,6608,AUX_EVENT,aux_behavior,98304,0,98304,0,1,32768,0,0,0,0,0,1,0,524288
6609,6609,AUX_EVENT,aux_behavior,98304,0,98304,0,1,32768,0,0,0,0,0,1,0,524288
6610,6610,AUX_EVENT,aux_behavior,98304,0,98304,0,1,32768,0,0,0,0,0,1,0,524288
6611,6611,AUX_EVENT,aux_behavior,98304,0,98304,0,1,32768,0,0,0,0,0,1,0,524288
6612,6612,AUX_EVENT,aux_behavior,98304,0,98304,0,1,32768,0,0,0,0,0,1,0,524288
6613,6613,AUX_EVENT,aux_behavior,98304,0,98304,0,1,32768,0,0,0,0,0,1,0,524288
6614,6614,RELU,vector_rtl,3072,0,3072,0,1,1536,0,0,0,0,0,1,0,24576
6615,6615,AUX_EVENT,aux_behavior,4608,0,4608,0,1,1536,0,0,0,0,0,1,0,24576
6616,6616,GEMM_W8A8,rtl_gemm,1541,1541,0,0,1,1536,4,1536,0,0,0,0,0,24576
6617,6617,AUX_EVENT,aux_behavior,4608,0,4608,0,1,1536,0,0,0,0,0,1,0,24576
6618,6618,AUX_EVENT,aux_behavior,4608,0,4608,0,1,1536,0,0,0,0,0,1,0,24576
6619,6619,AUX_EVENT,aux_behavior,4608,0,4608,0,1,1536,0,0,0,0,0,1,0,24576
6620,6620,AUX_EVENT,aux_behavior,4608,0,4608,0,1,1536,0,0,0,0,0,1,0,24576
6621,6621,AUX_EVENT,aux_behavior,4608,0,4608,0,1,1536,0,0,0,0,0,1,0,24576
6622,6622,AUX_EVENT,aux_behavior,4608,0,4608,0,1,1536,0,0,0,0,0,1,0,24576
6623,6623,AUX_EVENT,aux_behavior,4608,0,4608,0,1,1536,0,0,0,0,0,1,0,24576
6624,6624,AUX_EVENT,aux_behavior,98304,0,98304,0,1,32768,0,0,0,0,0,1,0,524288
6625,6625,AUX_EVENT,aux_behavior,98304,0,98304,0,1,32768,0,0,0,0,0,1,0,524288
6626,6626,AUX_EVENT,aux_behavior,98304,0,98304,0,1,32768,0,0,0,0,0,1,0,524288
6627,6627,AUX_EVENT,aux_behavior,98304,0,98304,0,1,32768,0,0,0,0,0,1,0,524288
6628,6628,AUX_EVENT,aux_behavior,98304,0,98304,0,1,32768,0,0,0,0,0,1,0,524288
6629,6629,AUX_EVENT,aux_behavior,98304,0,98304,0,1,32768,0,0,0,0,0,1,0,524288
6630,6630,AUX_EVENT,aux_behavior,98304,0,98304,0,1,32768,0,0,0,0,0,1,0,524288
6631,6631,AUX_EVENT,aux_behavior,98304,0,98304,0,1,32768,0,0,0,0,0,1,0,524288
6632,6632,AUX_EVENT,aux_behavior,576,0,576,0,1,192,0,0,0,0,0,1,0,3072
6633,6633,ADD,vector_rtl,384,0,384,0,1,192,0,0,0,0,0,1,0,3072
6634,6634,LAYER_NORM,vector_rtl,384,0,384,0,1,192,0,0,0,0,0,1,0,3072
6635,6635,AUX_EVENT,aux_behavior,576,0,576,0,1,192,0,0,0,0,0,1,0,3072
6636,6636,AUX_EVENT,aux_behavior,576,0,576,0,1,192,0,0,0,0,0,1,0,3072
6637,6637,ADD,vector_rtl,384,0,384,0,1,192,0,0,0,0,0,1,0,3072
6638,6638,LAYER_NORM,vector_rtl,384,0,384,0,1,192,0,0,0,0,0,1,0,3072
6639,6639,LAYOUT,layout_rtl,384,0,384,0,1,192,0,0,0,0,0,1,0,3072
6640,6640,LAYOUT,layout_rtl,17120,0,17120,0,1,8560,0,0,0,0,0,1,0,136960
6641,6641,AUX_EVENT,aux_behavior,36864,0,36864,0,1,12288,0,0,0,0,0,1,0,196608
6642,6642,AUX_EVENT,aux_behavior,144,0,144,0,1,48,0,0,0,0,0,1,0,768
6643,6643,GEMM_W8A8,rtl_gemm,1612,1612,0,816,768,16,12,16,65536,32768,3,256,65536,3072
6644,6644,GEMM_W8A8,rtl_gemm,8565,8565,0,0,1,8560,4,8560,0,0,0,0,0,136960
6645,6645,LAYOUT,layout_rtl,34240,0,34240,0,1,17120,0,0,0,0,0,1,0,273920
6646,6646,LAYOUT,layout_rtl,34240,0,34240,0,1,17120,0,0,0,0,0,1,0,273920
6647,6647,LAYOUT,layout_rtl,34240,0,34240,0,1,17120,0,0,0,0,0,1,0,273920
6648,6648,LAYOUT,layout_rtl,34240,0,34240,0,1,17120,0,0,0,0,0,1,0,273920
6649,6649,LAYOUT,layout_rtl,34240,0,34240,0,1,17120,0,0,0,0,0,1,0,273920
6650,6650,LAYOUT,layout_rtl,34240,0,34240,0,1,17120,0,0,0,0,0,1,0,273920
6651,6651,LAYOUT,layout_rtl,34240,0,34240,0,1,17120,0,0,0,0,0,1,0,273920
6652,6652,LAYOUT,layout_rtl,384,0,384,0,1,192,0,0,0,0,0,1,0,3072
6653,6653,LAYOUT,layout_rtl,384,0,384,0,1,192,0,0,0,0,0,1,0,3072
6654,6654,LAYOUT,layout_rtl,17120,0,17120,0,1,8560,0,0,0,0,0,1,0,136960
6655,6655,LAYOUT,layout_rtl,17120,0,17120,0,1,8560,0,0,0,0,0,1,0,136960
6656,6656,LAYOUT,layout_rtl,17120,0,17120,0,1,8560,0,0,0,0,0,1,0,136960
6657,6657,LAYOUT,layout_rtl,17120,0,17120,0,1,8560,0,0,0,0,0,1,0,136960
6658,6658,LAYOUT,layout_rtl,384,0,384,0,1,192,0,0,0,0,0,1,0,3072
6659,6659,LAYOUT,layout_rtl,17120,0,17120,0,1,8560,0,0,0,0,0,1,0,136960
6660,6660,LAYOUT,layout_rtl,17120,0,17120,0,1,8560,0,0,0,0,0,1,0,136960
6661,6661,AUX_EVENT,aux_behavior,576,0,576,0,1,192,0,0,0,0,0,1,0,3072
6662,6662,LAYOUT,layout_rtl,384,0,384,0,1,192,0,0,0,0,0,1,0,3072
6663,6663,LAYOUT,layout_rtl,384,0,384,0,1,192,0,0,0,0,0,1,0,3072
6664,6664,GEMM_W8A8,rtl_gemm,1788,1788,0,816,768,192,12,192,786432,393216,3,3072,65536,3072
6665,6665,LAYOUT,layout_rtl,384,0,384,0,1,192,0,0,0,0,0,1,0,3072
6666,6666,LAYOUT,layout_rtl,384,0,384,0,1,192,0,0,0,0,0,1,0,3072
6667,6667,AUX_EVENT,aux_behavior,576,0,576,0,1,192,0,0,0,0,0,1,0,3072
6668,6668,ADD,vector_rtl,384,0,384,0,1,192,0,0,0,0,0,1,0,3072
6669,6669,LAYER_NORM,vector_rtl,384,0,384,0,1,192,0,0,0,0,0,1,0,3072
6670,6670,GEMM_W8A8,rtl_gemm,197,197,0,0,1,192,4,192,0,0,0,0,0,3072
6671,6671,AUX_EVENT,aux_behavior,576,0,576,0,1,192,0,0,0,0,0,1,0,3072
6672,6672,AUX_EVENT,aux_behavior,576,0,576,0,1,192,0,0,0,0,0,1,0,3072
6673,6673,AUX_EVENT,aux_behavior,576,0,576,0,1,192,0,0,0,0,0,1,0,3072
6674,6674,AUX_EVENT,aux_behavior,576,0,576,0,1,192,0,0,0,0,0,1,0,3072
6675,6675,AUX_EVENT,aux_behavior,576,0,576,0,1,192,0,0,0,0,0,1,0,3072
6676,6676,AUX_EVENT,aux_behavior,576,0,576,0,1,192,0,0,0,0,0,1,0,3072
6677,6677,AUX_EVENT,aux_behavior,576,0,576,0,1,192,0,0,0,0,0,1,0,3072
6678,6678,AUX_EVENT,aux_behavior,98304,0,98304,0,1,32768,0,0,0,0,0,1,0,524288
6679,6679,AUX_EVENT,aux_behavior,98304,0,98304,0,1,32768,0,0,0,0,0,1,0,524288
6680,6680,AUX_EVENT,aux_behavior,98304,0,98304,0,1,32768,0,0,0,0,0,1,0,524288
6681,6681,AUX_EVENT,aux_behavior,98304,0,98304,0,1,32768,0,0,0,0,0,1,0,524288
6682,6682,AUX_EVENT,aux_behavior,98304,0,98304,0,1,32768,0,0,0,0,0,1,0,524288
6683,6683,AUX_EVENT,aux_behavior,98304,0,98304,0,1,32768,0,0,0,0,0,1,0,524288
6684,6684,AUX_EVENT,aux_behavior,98304,0,98304,0,1,32768,0,0,0,0,0,1,0,524288
6685,6685,AUX_EVENT,aux_behavior,98304,0,98304,0,1,32768,0,0,0,0,0,1,0,524288
6686,6686,RELU,vector_rtl,3072,0,3072,0,1,1536,0,0,0,0,0,1,0,24576
6687,6687,AUX_EVENT,aux_behavior,4608,0,4608,0,1,1536,0,0,0,0,0,1,0,24576
6688,6688,GEMM_W8A8,rtl_gemm,1541,1541,0,0,1,1536,4,1536,0,0,0,0,0,24576
6689,6689,AUX_EVENT,aux_behavior,4608,0,4608,0,1,1536,0,0,0,0,0,1,0,24576
6690,6690,AUX_EVENT,aux_behavior,4608,0,4608,0,1,1536,0,0,0,0,0,1,0,24576
6691,6691,AUX_EVENT,aux_behavior,4608,0,4608,0,1,1536,0,0,0,0,0,1,0,24576
6692,6692,AUX_EVENT,aux_behavior,4608,0,4608,0,1,1536,0,0,0,0,0,1,0,24576
6693,6693,AUX_EVENT,aux_behavior,4608,0,4608,0,1,1536,0,0,0,0,0,1,0,24576
6694,6694,AUX_EVENT,aux_behavior,4608,0,4608,0,1,1536,0,0,0,0,0,1,0,24576
6695,6695,AUX_EVENT,aux_behavior,4608,0,4608,0,1,1536,0,0,0,0,0,1,0,24576
6696,6696,AUX_EVENT,aux_behavior,98304,0,98304,0,1,32768,0,0,0,0,0,1,0,524288
6697,6697,AUX_EVENT,aux_behavior,98304,0,98304,0,1,32768,0,0,0,0,0,1,0,524288
6698,6698,AUX_EVENT,aux_behavior,98304,0,98304,0,1,32768,0,0,0,0,0,1,0,524288
6699,6699,AUX_EVENT,aux_behavior,98304,0,98304,0,1,32768,0,0,0,0,0,1,0,524288
6700,6700,AUX_EVENT,aux_behavior,98304,0,98304,0,1,32768,0,0,0,0,0,1,0,524288
6701,6701,AUX_EVENT,aux_behavior,98304,0,98304,0,1,32768,0,0,0,0,0,1,0,524288
6702,6702,AUX_EVENT,aux_behavior,98304,0,98304,0,1,32768,0,0,0,0,0,1,0,524288
6703,6703,AUX_EVENT,aux_behavior,98304,0,98304,0,1,32768,0,0,0,0,0,1,0,524288
6704,6704,AUX_EVENT,aux_behavior,576,0,576,0,1,192,0,0,0,0,0,1,0,3072
6705,6705,ADD,vector_rtl,384,0,384,0,1,192,0,0,0,0,0,1,0,3072
6706,6706,LAYER_NORM,vector_rtl,384,0,384,0,1,192,0,0,0,0,0,1,0,3072
6707,6707,AUX_EVENT,aux_behavior,576,0,576,0,1,192,0,0,0,0,0,1,0,3072
6708,6708,AUX_EVENT,aux_behavior,576,0,576,0,1,192,0,0,0,0,0,1,0,3072
6709,6709,ADD,vector_rtl,384,0,384,0,1,192,0,0,0,0,0,1,0,3072
6710,6710,LAYER_NORM,vector_rtl,384,0,384,0,1,192,0,0,0,0,0,1,0,3072
6711,6711,LAYOUT,layout_rtl,384,0,384,0,1,192,0,0,0,0,0,1,0,3072
6712,6712,LAYOUT,layout_rtl,17120,0,17120,0,1,8560,0,0,0,0,0,1,0,136960
6713,6713,AUX_EVENT,aux_behavior,36864,0,36864,0,1,12288,0,0,0,0,0,1,0,196608
6714,6714,AUX_EVENT,aux_behavior,144,0,144,0,1,48,0,0,0,0,0,1,0,768
6715,6715,GEMM_W8A8,rtl_gemm,1612,1612,0,816,768,16,12,16,65536,32768,3,256,65536,3072
6716,6716,GEMM_W8A8,rtl_gemm,8565,8565,0,0,1,8560,4,8560,0,0,0,0,0,136960
6717,6717,LAYOUT,layout_rtl,34240,0,34240,0,1,17120,0,0,0,0,0,1,0,273920
6718,6718,LAYOUT,layout_rtl,34240,0,34240,0,1,17120,0,0,0,0,0,1,0,273920
6719,6719,LAYOUT,layout_rtl,34240,0,34240,0,1,17120,0,0,0,0,0,1,0,273920
6720,6720,LAYOUT,layout_rtl,34240,0,34240,0,1,17120,0,0,0,0,0,1,0,273920
6721,6721,LAYOUT,layout_rtl,34240,0,34240,0,1,17120,0,0,0,0,0,1,0,273920
6722,6722,LAYOUT,layout_rtl,34240,0,34240,0,1,17120,0,0,0,0,0,1,0,273920
6723,6723,LAYOUT,layout_rtl,34240,0,34240,0,1,17120,0,0,0,0,0,1,0,273920
6724,6724,LAYOUT,layout_rtl,384,0,384,0,1,192,0,0,0,0,0,1,0,3072
6725,6725,LAYOUT,layout_rtl,384,0,384,0,1,192,0,0,0,0,0,1,0,3072
6726,6726,LAYOUT,layout_rtl,17120,0,17120,0,1,8560,0,0,0,0,0,1,0,136960
6727,6727,LAYOUT,layout_rtl,17120,0,17120,0,1,8560,0,0,0,0,0,1,0,136960
6728,6728,LAYOUT,layout_rtl,17120,0,17120,0,1,8560,0,0,0,0,0,1,0,136960
6729,6729,LAYOUT,layout_rtl,17120,0,17120,0,1,8560,0,0,0,0,0,1,0,136960
6730,6730,LAYOUT,layout_rtl,384,0,384,0,1,192,0,0,0,0,0,1,0,3072
6731,6731,LAYOUT,layout_rtl,17120,0,17120,0,1,8560,0,0,0,0,0,1,0,136960
6732,6732,LAYOUT,layout_rtl,17120,0,17120,0,1,8560,0,0,0,0,0,1,0,136960
6733,6733,AUX_EVENT,aux_behavior,576,0,576,0,1,192,0,0,0,0,0,1,0,3072
6734,6734,LAYOUT,layout_rtl,384,0,384,0,1,192,0,0,0,0,0,1,0,3072
6735,6735,LAYOUT,layout_rtl,384,0,384,0,1,192,0,0,0,0,0,1,0,3072
6736,6736,GEMM_W8A8,rtl_gemm,1788,1788,0,816,768,192,12,192,786432,393216,3,3072,65536,3072
6737,6737,LAYOUT,layout_rtl,384,0,384,0,1,192,0,0,0,0,0,1,0,3072
6738,6738,LAYOUT,layout_rtl,384,0,384,0,1,192,0,0,0,0,0,1,0,3072
6739,6739,AUX_EVENT,aux_behavior,576,0,576,0,1,192,0,0,0,0,0,1,0,3072
6740,6740,ADD,vector_rtl,384,0,384,0,1,192,0,0,0,0,0,1,0,3072
6741,6741,LAYER_NORM,vector_rtl,384,0,384,0,1,192,0,0,0,0,0,1,0,3072
6742,6742,GEMM_W8A8,rtl_gemm,197,197,0,0,1,192,4,192,0,0,0,0,0,3072
6743,6743,AUX_EVENT,aux_behavior,576,0,576,0,1,192,0,0,0,0,0,1,0,3072
6744,6744,AUX_EVENT,aux_behavior,576,0,576,0,1,192,0,0,0,0,0,1,0,3072
6745,6745,AUX_EVENT,aux_behavior,576,0,576,0,1,192,0,0,0,0,0,1,0,3072
6746,6746,AUX_EVENT,aux_behavior,576,0,576,0,1,192,0,0,0,0,0,1,0,3072
6747,6747,AUX_EVENT,aux_behavior,576,0,576,0,1,192,0,0,0,0,0,1,0,3072
6748,6748,AUX_EVENT,aux_behavior,576,0,576,0,1,192,0,0,0,0,0,1,0,3072
6749,6749,AUX_EVENT,aux_behavior,576,0,576,0,1,192,0,0,0,0,0,1,0,3072
6750,6750,AUX_EVENT,aux_behavior,98304,0,98304,0,1,32768,0,0,0,0,0,1,0,524288
6751,6751,AUX_EVENT,aux_behavior,98304,0,98304,0,1,32768,0,0,0,0,0,1,0,524288
6752,6752,AUX_EVENT,aux_behavior,98304,0,98304,0,1,32768,0,0,0,0,0,1,0,524288
6753,6753,AUX_EVENT,aux_behavior,98304,0,98304,0,1,32768,0,0,0,0,0,1,0,524288
6754,6754,AUX_EVENT,aux_behavior,98304,0,98304,0,1,32768,0,0,0,0,0,1,0,524288
6755,6755,AUX_EVENT,aux_behavior,98304,0,98304,0,1,32768,0,0,0,0,0,1,0,524288
6756,6756,AUX_EVENT,aux_behavior,98304,0,98304,0,1,32768,0,0,0,0,0,1,0,524288
6757,6757,AUX_EVENT,aux_behavior,98304,0,98304,0,1,32768,0,0,0,0,0,1,0,524288
6758,6758,RELU,vector_rtl,3072,0,3072,0,1,1536,0,0,0,0,0,1,0,24576
6759,6759,AUX_EVENT,aux_behavior,4608,0,4608,0,1,1536,0,0,0,0,0,1,0,24576
6760,6760,GEMM_W8A8,rtl_gemm,1541,1541,0,0,1,1536,4,1536,0,0,0,0,0,24576
6761,6761,AUX_EVENT,aux_behavior,4608,0,4608,0,1,1536,0,0,0,0,0,1,0,24576
6762,6762,AUX_EVENT,aux_behavior,4608,0,4608,0,1,1536,0,0,0,0,0,1,0,24576
6763,6763,AUX_EVENT,aux_behavior,4608,0,4608,0,1,1536,0,0,0,0,0,1,0,24576
6764,6764,AUX_EVENT,aux_behavior,4608,0,4608,0,1,1536,0,0,0,0,0,1,0,24576
6765,6765,AUX_EVENT,aux_behavior,4608,0,4608,0,1,1536,0,0,0,0,0,1,0,24576
6766,6766,AUX_EVENT,aux_behavior,4608,0,4608,0,1,1536,0,0,0,0,0,1,0,24576
6767,6767,AUX_EVENT,aux_behavior,4608,0,4608,0,1,1536,0,0,0,0,0,1,0,24576
6768,6768,AUX_EVENT,aux_behavior,98304,0,98304,0,1,32768,0,0,0,0,0,1,0,524288
6769,6769,AUX_EVENT,aux_behavior,98304,0,98304,0,1,32768,0,0,0,0,0,1,0,524288
6770,6770,AUX_EVENT,aux_behavior,98304,0,98304,0,1,32768,0,0,0,0,0,1,0,524288
6771,6771,AUX_EVENT,aux_behavior,98304,0,98304,0,1,32768,0,0,0,0,0,1,0,524288
6772,6772,AUX_EVENT,aux_behavior,98304,0,98304,0,1,32768,0,0,0,0,0,1,0,524288
6773,6773,AUX_EVENT,aux_behavior,98304,0,98304,0,1,32768,0,0,0,0,0,1,0,524288
6774,6774,AUX_EVENT,aux_behavior,98304,0,98304,0,1,32768,0,0,0,0,0,1,0,524288
6775,6775,AUX_EVENT,aux_behavior,98304,0,98304,0,1,32768,0,0,0,0,0,1,0,524288
6776,6776,AUX_EVENT,aux_behavior,576,0,576,0,1,192,0,0,0,0,0,1,0,3072
6777,6777,ADD,vector_rtl,384,0,384,0,1,192,0,0,0,0,0,1,0,3072
6778,6778,GEMM_W8A8,rtl_gemm,197,197,0,0,1,192,4,192,0,0,0,0,0,3072
6779,6779,AUX_EVENT,aux_behavior,576,0,576,0,1,192,0,0,0,0,0,1,0,3072
6780,6780,AUX_EVENT,aux_behavior,576,0,576,0,1,192,0,0,0,0,0,1,0,3072
6781,6781,AUX_EVENT,aux_behavior,576,0,576,0,1,192,0,0,0,0,0,1,0,3072
6782,6782,AUX_EVENT,aux_behavior,576,0,576,0,1,192,0,0,0,0,0,1,0,3072
6783,6783,AUX_EVENT,aux_behavior,576,0,576,0,1,192,0,0,0,0,0,1,0,3072
6784,6784,AUX_EVENT,aux_behavior,576,0,576,0,1,192,0,0,0,0,0,1,0,3072
6785,6785,AUX_EVENT,aux_behavior,576,0,576,0,1,192,0,0,0,0,0,1,0,3072
6786,6786,AUX_EVENT,aux_behavior,24576,0,24576,0,1,8192,0,0,0,0,0,1,0,131072
6787,6787,AUX_EVENT,aux_behavior,24576,0,24576,0,1,8192,0,0,0,0,0,1,0,131072
6788,6788,AUX_EVENT,aux_behavior,24576,0,24576,0,1,8192,0,0,0,0,0,1,0,131072
6789,6789,AUX_EVENT,aux_behavior,24576,0,24576,0,1,8192,0,0,0,0,0,1,0,131072
6790,6790,AUX_EVENT,aux_behavior,24576,0,24576,0,1,8192,0,0,0,0,0,1,0,131072
6791,6791,AUX_EVENT,aux_behavior,24576,0,24576,0,1,8192,0,0,0,0,0,1,0,131072
6792,6792,AUX_EVENT,aux_behavior,24576,0,24576,0,1,8192,0,0,0,0,0,1,0,131072
6793,6793,AUX_EVENT,aux_behavior,24576,0,24576,0,1,8192,0,0,0,0,0,1,0,131072
6794,6794,RELU,vector_rtl,768,0,768,0,1,384,0,0,0,0,0,1,0,6144
6795,6795,GEMM_W8A8,rtl_gemm,6648,6648,0,3168,3072,384,24,384,3145728,1572864,6,6144,262144,6144
6796,6796,AUX_EVENT,aux_behavior,1152,0,1152,0,1,384,0,0,0,0,0,1,0,6144
6797,6797,AUX_EVENT,aux_behavior,1152,0,1152,0,1,384,0,0,0,0,0,1,0,6144
6798,6798,AUX_EVENT,aux_behavior,1152,0,1152,0,1,384,0,0,0,0,0,1,0,6144
6799,6799,AUX_EVENT,aux_behavior,1152,0,1152,0,1,384,0,0,0,0,0,1,0,6144
6800,6800,AUX_EVENT,aux_behavior,1152,0,1152,0,1,384,0,0,0,0,0,1,0,6144
6801,6801,AUX_EVENT,aux_behavior,1152,0,1152,0,1,384,0,0,0,0,0,1,0,6144
6802,6802,AUX_EVENT,aux_behavior,1152,0,1152,0,1,384,0,0,0,0,0,1,0,6144
6803,6803,AUX_EVENT,aux_behavior,49152,0,49152,0,1,16384,0,0,0,0,0,1,0,262144
6804,6804,AUX_EVENT,aux_behavior,49152,0,49152,0,1,16384,0,0,0,0,0,1,0,262144
6805,6805,AUX_EVENT,aux_behavior,49152,0,49152,0,1,16384,0,0,0,0,0,1,0,262144
6806,6806,AUX_EVENT,aux_behavior,49152,0,49152,0,1,16384,0,0,0,0,0,1,0,262144
6807,6807,AUX_EVENT,aux_behavior,49152,0,49152,0,1,16384,0,0,0,0,0,1,0,262144
6808,6808,AUX_EVENT,aux_behavior,49152,0,49152,0,1,16384,0,0,0,0,0,1,0,262144
6809,6809,AUX_EVENT,aux_behavior,49152,0,49152,0,1,16384,0,0,0,0,0,1,0,262144
6810,6810,AUX_EVENT,aux_behavior,49152,0,49152,0,1,16384,0,0,0,0,0,1,0,262144
6811,6811,RELU,vector_rtl,768,0,768,0,1,384,0,0,0,0,0,1,0,6144
6812,6812,GEMM_W8A8,rtl_gemm,389,389,0,0,1,384,4,384,0,0,0,0,0,6144
6813,6813,AUX_EVENT,aux_behavior,1152,0,1152,0,1,384,0,0,0,0,0,1,0,6144
6814,6814,AUX_EVENT,aux_behavior,1152,0,1152,0,1,384,0,0,0,0,0,1,0,6144
6815,6815,AUX_EVENT,aux_behavior,1152,0,1152,0,1,384,0,0,0,0,0,1,0,6144
6816,6816,AUX_EVENT,aux_behavior,1152,0,1152,0,1,384,0,0,0,0,0,1,0,6144
6817,6817,AUX_EVENT,aux_behavior,1152,0,1152,0,1,384,0,0,0,0,0,1,0,6144
6818,6818,AUX_EVENT,aux_behavior,1152,0,1152,0,1,384,0,0,0,0,0,1,0,6144
6819,6819,AUX_EVENT,aux_behavior,1152,0,1152,0,1,384,0,0,0,0,0,1,0,6144
6820,6820,AUX_EVENT,aux_behavior,672,0,672,0,1,224,0,0,0,0,0,1,0,3584
6821,6821,AUX_EVENT,aux_behavior,672,0,672,0,1,224,0,0,0,0,0,1,0,3584
6822,6822,AUX_EVENT,aux_behavior,672,0,672,0,1,224,0,0,0,0,0,1,0,3584
6823,6823,AUX_EVENT,aux_behavior,672,0,672,0,1,224,0,0,0,0,0,1,0,3584
6824,6824,AUX_EVENT,aux_behavior,672,0,672,0,1,224,0,0,0,0,0,1,0,3584
6825,6825,AUX_EVENT,aux_behavior,672,0,672,0,1,224,0,0,0,0,0,1,0,3584
6826,6826,AUX_EVENT,aux_behavior,672,0,672,0,1,224,0,0,0,0,0,1,0,3584
6827,6827,AUX_EVENT,aux_behavior,672,0,672,0,1,224,0,0,0,0,0,1,0,3584
6828,6828,TANH,vector_rtl,16,0,16,0,1,6,0,0,0,0,0,1,0,84
6829,6829,AUX_EVENT,aux_behavior,18,0,18,0,1,6,0,0,0,0,0,1,0,84
6830,6830,AUX_EVENT,aux_behavior,18,0,18,0,1,6,0,0,0,0,0,1,0,84
6831,6831,AUX_EVENT,aux_behavior,18,0,18,0,1,6,0,0,0,0,0,1,0,84
6832,6832,AUX_EVENT,aux_behavior,18,0,18,0,1,6,0,0,0,0,0,1,0,84
6833,6833,AUX_EVENT,aux_behavior,18,0,18,0,1,6,0,0,0,0,0,1,0,84
6834,6834,AUX_EVENT,aux_behavior,18,0,18,0,1,6,0,0,0,0,0,1,0,84
6835,6835,AUX_EVENT,aux_behavior,18,0,18,0,1,6,0,0,0,0,0,1,0,84
