Copyright 1986-2021 Xilinx, Inc. All Rights Reserved.
-----------------------------------------------------------------------------------------------------------------------------------------------------------------------------------------------------
| Tool Version : Vivado v.2021.2 (win64) Build 3367213 Tue Oct 19 02:48:09 MDT 2021
| Date         : Tue Sep 15 18:40:30 2026
| Host         : nc23 running 64-bit major release  (build 9200)
| Command      : report_utilization -hierarchical -file {E:/GPU ARCH/vector_core_sim/turbovla_w8a8_pack2/hw/v3_2026-09-15_174639_vivado_impl/reports/250MHz_real4/reports/impl_utilization_hier.rpt}
| Design       : tvla_w8a8_pack2_impl_top
| Device       : xczu7ev-ffvc1156-2-e
| Speed File   : -2
| Design State : Physopt postRoute
-----------------------------------------------------------------------------------------------------------------------------------------------------------------------------------------------------

Utilization Design Information

Table of Contents
-----------------
1. Utilization by Hierarchy

1. Utilization by Hierarchy
---------------------------

+------------------------------------------+-----------------------------------+------------+------------+---------+------+--------+--------+--------+------+------------+
|                 Instance                 |               Module              | Total LUTs | Logic LUTs | LUTRAMs | SRLs |   FFs  | RAMB36 | RAMB18 | URAM | DSP Blocks |
+------------------------------------------+-----------------------------------+------------+------------+---------+------+--------+--------+--------+------+------------+
| tvla_w8a8_pack2_impl_top                 |                             (top) |      77770 |      76529 |       0 | 1241 | 179363 |      0 |      0 |    0 |        768 |
|   (tvla_w8a8_pack2_impl_top)             |                             (top) |          0 |          0 |       0 |    0 |      0 |      0 |      0 |    0 |          0 |
|   u_system                               |        tvla_w8a8_pack2_system_top |      77770 |      76529 |       0 | 1241 | 179363 |      0 |      0 |    0 |        768 |
|     u_replay                             | tvla_w8a8_pack2_replay_top_timing |      77770 |      76529 |       0 | 1241 | 179363 |      0 |      0 |    0 |        768 |
|       (u_replay)                         | tvla_w8a8_pack2_replay_top_timing |        706 |        706 |       0 |    0 |   2972 |      0 |      0 |    0 |          0 |
|       g_array.u_array                    |  tvla_w8a8_pack2_timing_array_top |      77064 |      75823 |       0 | 1241 | 176391 |      0 |      0 |    0 |        768 |
|         (g_array.u_array)                |  tvla_w8a8_pack2_timing_array_top |          1 |          1 |       0 |    0 |   2912 |      0 |      0 |    0 |          0 |
|         u_array                          |            tvla_w8a8_pack2_sysarr |      77063 |      75822 |       0 | 1241 | 173479 |      0 |      0 |    0 |        768 |
|           u_ref                          |                      ae_sysarr_p2 |      77063 |      75822 |       0 | 1241 | 173479 |      0 |      0 |    0 |        768 |
|             (u_ref)                      |                      ae_sysarr_p2 |        488 |          0 |       0 |  488 |    824 |      0 |      0 |    0 |          0 |
|             g_row[0].g_col[0].u_pe       |                ae_pe_p2_pa_timing |         86 |         85 |       0 |    1 |    224 |      0 |      0 |    0 |          1 |
|               (g_row[0].g_col[0].u_pe)   |                ae_pe_p2_pa_timing |         83 |         83 |       0 |    0 |    200 |      0 |      0 |    0 |          0 |
|               u_mul                      |              pack2_mult_padd_1533 |          3 |          2 |       0 |    1 |     24 |      0 |      0 |    0 |          1 |
|             g_row[0].g_col[10].u_pe      |              ae_pe_p2_pa_timing_0 |         87 |         86 |       0 |    1 |    225 |      0 |      0 |    0 |          1 |
|               (g_row[0].g_col[10].u_pe)  |              ae_pe_p2_pa_timing_0 |         83 |         83 |       0 |    0 |    201 |      0 |      0 |    0 |          0 |
|               u_mul                      |              pack2_mult_padd_1532 |          4 |          3 |       0 |    1 |     24 |      0 |      0 |    0 |          1 |
|             g_row[0].g_col[11].u_pe      |              ae_pe_p2_pa_timing_1 |         87 |         86 |       0 |    1 |    225 |      0 |      0 |    0 |          1 |
|               (g_row[0].g_col[11].u_pe)  |              ae_pe_p2_pa_timing_1 |         83 |         83 |       0 |    0 |    201 |      0 |      0 |    0 |          0 |
|               u_mul                      |              pack2_mult_padd_1531 |          4 |          3 |       0 |    1 |     24 |      0 |      0 |    0 |          1 |
|             g_row[0].g_col[12].u_pe      |              ae_pe_p2_pa_timing_2 |         87 |         86 |       0 |    1 |    224 |      0 |      0 |    0 |          1 |
|               (g_row[0].g_col[12].u_pe)  |              ae_pe_p2_pa_timing_2 |         83 |         83 |       0 |    0 |    200 |      0 |      0 |    0 |          0 |
|               u_mul                      |              pack2_mult_padd_1530 |          4 |          3 |       0 |    1 |     24 |      0 |      0 |    0 |          1 |
|             g_row[0].g_col[13].u_pe      |              ae_pe_p2_pa_timing_3 |         87 |         86 |       0 |    1 |    224 |      0 |      0 |    0 |          1 |
|               (g_row[0].g_col[13].u_pe)  |              ae_pe_p2_pa_timing_3 |         83 |         83 |       0 |    0 |    200 |      0 |      0 |    0 |          0 |
|               u_mul                      |              pack2_mult_padd_1529 |          4 |          3 |       0 |    1 |     24 |      0 |      0 |    0 |          1 |
|             g_row[0].g_col[14].u_pe      |              ae_pe_p2_pa_timing_4 |         87 |         86 |       0 |    1 |    224 |      0 |      0 |    0 |          1 |
|               (g_row[0].g_col[14].u_pe)  |              ae_pe_p2_pa_timing_4 |         83 |         83 |       0 |    0 |    200 |      0 |      0 |    0 |          0 |
|               u_mul                      |              pack2_mult_padd_1528 |          4 |          3 |       0 |    1 |     24 |      0 |      0 |    0 |          1 |
|             g_row[0].g_col[15].u_pe      |              ae_pe_p2_pa_timing_5 |         87 |         86 |       0 |    1 |    224 |      0 |      0 |    0 |          1 |
|               (g_row[0].g_col[15].u_pe)  |              ae_pe_p2_pa_timing_5 |         83 |         83 |       0 |    0 |    200 |      0 |      0 |    0 |          0 |
|               u_mul                      |              pack2_mult_padd_1527 |          4 |          3 |       0 |    1 |     24 |      0 |      0 |    0 |          1 |
|             g_row[0].g_col[16].u_pe      |              ae_pe_p2_pa_timing_6 |         87 |         86 |       0 |    1 |    225 |      0 |      0 |    0 |          1 |
|               (g_row[0].g_col[16].u_pe)  |              ae_pe_p2_pa_timing_6 |         83 |         83 |       0 |    0 |    201 |      0 |      0 |    0 |          0 |
|               u_mul                      |              pack2_mult_padd_1526 |          4 |          3 |       0 |    1 |     24 |      0 |      0 |    0 |          1 |
|             g_row[0].g_col[17].u_pe      |              ae_pe_p2_pa_timing_7 |         87 |         86 |       0 |    1 |    225 |      0 |      0 |    0 |          1 |
|               (g_row[0].g_col[17].u_pe)  |              ae_pe_p2_pa_timing_7 |         83 |         83 |       0 |    0 |    201 |      0 |      0 |    0 |          0 |
|               u_mul                      |              pack2_mult_padd_1525 |          4 |          3 |       0 |    1 |     24 |      0 |      0 |    0 |          1 |
|             g_row[0].g_col[18].u_pe      |              ae_pe_p2_pa_timing_8 |         87 |         86 |       0 |    1 |    225 |      0 |      0 |    0 |          1 |
|               (g_row[0].g_col[18].u_pe)  |              ae_pe_p2_pa_timing_8 |         83 |         83 |       0 |    0 |    201 |      0 |      0 |    0 |          0 |
|               u_mul                      |              pack2_mult_padd_1524 |          4 |          3 |       0 |    1 |     24 |      0 |      0 |    0 |          1 |
|             g_row[0].g_col[19].u_pe      |              ae_pe_p2_pa_timing_9 |         87 |         86 |       0 |    1 |    225 |      0 |      0 |    0 |          1 |
|               (g_row[0].g_col[19].u_pe)  |              ae_pe_p2_pa_timing_9 |         83 |         83 |       0 |    0 |    201 |      0 |      0 |    0 |          0 |
|               u_mul                      |              pack2_mult_padd_1523 |          4 |          3 |       0 |    1 |     24 |      0 |      0 |    0 |          1 |
|             g_row[0].g_col[1].u_pe       |             ae_pe_p2_pa_timing_10 |         87 |         86 |       0 |    1 |    224 |      0 |      0 |    0 |          1 |
|               (g_row[0].g_col[1].u_pe)   |             ae_pe_p2_pa_timing_10 |         83 |         83 |       0 |    0 |    200 |      0 |      0 |    0 |          0 |
|               u_mul                      |              pack2_mult_padd_1522 |          4 |          3 |       0 |    1 |     24 |      0 |      0 |    0 |          1 |
|             g_row[0].g_col[20].u_pe      |             ae_pe_p2_pa_timing_11 |         87 |         86 |       0 |    1 |    225 |      0 |      0 |    0 |          1 |
|               (g_row[0].g_col[20].u_pe)  |             ae_pe_p2_pa_timing_11 |         83 |         83 |       0 |    0 |    201 |      0 |      0 |    0 |          0 |
|               u_mul                      |              pack2_mult_padd_1521 |          4 |          3 |       0 |    1 |     24 |      0 |      0 |    0 |          1 |
|             g_row[0].g_col[21].u_pe      |             ae_pe_p2_pa_timing_12 |         87 |         86 |       0 |    1 |    225 |      0 |      0 |    0 |          1 |
|               (g_row[0].g_col[21].u_pe)  |             ae_pe_p2_pa_timing_12 |         83 |         83 |       0 |    0 |    201 |      0 |      0 |    0 |          0 |
|               u_mul                      |              pack2_mult_padd_1520 |          4 |          3 |       0 |    1 |     24 |      0 |      0 |    0 |          1 |
|             g_row[0].g_col[22].u_pe      |             ae_pe_p2_pa_timing_13 |         87 |         86 |       0 |    1 |    225 |      0 |      0 |    0 |          1 |
|               (g_row[0].g_col[22].u_pe)  |             ae_pe_p2_pa_timing_13 |         83 |         83 |       0 |    0 |    201 |      0 |      0 |    0 |          0 |
|               u_mul                      |              pack2_mult_padd_1519 |          4 |          3 |       0 |    1 |     24 |      0 |      0 |    0 |          1 |
|             g_row[0].g_col[23].u_pe      |             ae_pe_p2_pa_timing_14 |         87 |         86 |       0 |    1 |    225 |      0 |      0 |    0 |          1 |
|               (g_row[0].g_col[23].u_pe)  |             ae_pe_p2_pa_timing_14 |         83 |         83 |       0 |    0 |    201 |      0 |      0 |    0 |          0 |
|               u_mul                      |              pack2_mult_padd_1518 |          4 |          3 |       0 |    1 |     24 |      0 |      0 |    0 |          1 |
|             g_row[0].g_col[24].u_pe      |             ae_pe_p2_pa_timing_15 |         87 |         86 |       0 |    1 |    225 |      0 |      0 |    0 |          1 |
|               (g_row[0].g_col[24].u_pe)  |             ae_pe_p2_pa_timing_15 |         83 |         83 |       0 |    0 |    201 |      0 |      0 |    0 |          0 |
|               u_mul                      |              pack2_mult_padd_1517 |          4 |          3 |       0 |    1 |     24 |      0 |      0 |    0 |          1 |
|             g_row[0].g_col[25].u_pe      |             ae_pe_p2_pa_timing_16 |         87 |         86 |       0 |    1 |    225 |      0 |      0 |    0 |          1 |
|               (g_row[0].g_col[25].u_pe)  |             ae_pe_p2_pa_timing_16 |         83 |         83 |       0 |    0 |    201 |      0 |      0 |    0 |          0 |
|               u_mul                      |              pack2_mult_padd_1516 |          4 |          3 |       0 |    1 |     24 |      0 |      0 |    0 |          1 |
|             g_row[0].g_col[26].u_pe      |             ae_pe_p2_pa_timing_17 |         87 |         86 |       0 |    1 |    225 |      0 |      0 |    0 |          1 |
|               (g_row[0].g_col[26].u_pe)  |             ae_pe_p2_pa_timing_17 |         83 |         83 |       0 |    0 |    201 |      0 |      0 |    0 |          0 |
|               u_mul                      |              pack2_mult_padd_1515 |          4 |          3 |       0 |    1 |     24 |      0 |      0 |    0 |          1 |
|             g_row[0].g_col[27].u_pe      |             ae_pe_p2_pa_timing_18 |         87 |         86 |       0 |    1 |    225 |      0 |      0 |    0 |          1 |
|               (g_row[0].g_col[27].u_pe)  |             ae_pe_p2_pa_timing_18 |         83 |         83 |       0 |    0 |    201 |      0 |      0 |    0 |          0 |
|               u_mul                      |              pack2_mult_padd_1514 |          4 |          3 |       0 |    1 |     24 |      0 |      0 |    0 |          1 |
|             g_row[0].g_col[28].u_pe      |             ae_pe_p2_pa_timing_19 |         87 |         86 |       0 |    1 |    225 |      0 |      0 |    0 |          1 |
|               (g_row[0].g_col[28].u_pe)  |             ae_pe_p2_pa_timing_19 |         83 |         83 |       0 |    0 |    201 |      0 |      0 |    0 |          0 |
|               u_mul                      |              pack2_mult_padd_1513 |          4 |          3 |       0 |    1 |     24 |      0 |      0 |    0 |          1 |
|             g_row[0].g_col[29].u_pe      |             ae_pe_p2_pa_timing_20 |         87 |         86 |       0 |    1 |    225 |      0 |      0 |    0 |          1 |
|               (g_row[0].g_col[29].u_pe)  |             ae_pe_p2_pa_timing_20 |         83 |         83 |       0 |    0 |    201 |      0 |      0 |    0 |          0 |
|               u_mul                      |              pack2_mult_padd_1512 |          4 |          3 |       0 |    1 |     24 |      0 |      0 |    0 |          1 |
|             g_row[0].g_col[2].u_pe       |             ae_pe_p2_pa_timing_21 |         86 |         85 |       0 |    1 |    223 |      0 |      0 |    0 |          1 |
|               (g_row[0].g_col[2].u_pe)   |             ae_pe_p2_pa_timing_21 |         83 |         83 |       0 |    0 |    199 |      0 |      0 |    0 |          0 |
|               u_mul                      |              pack2_mult_padd_1511 |          3 |          2 |       0 |    1 |     24 |      0 |      0 |    0 |          1 |
|             g_row[0].g_col[30].u_pe      |             ae_pe_p2_pa_timing_22 |         87 |         86 |       0 |    1 |    225 |      0 |      0 |    0 |          1 |
|               (g_row[0].g_col[30].u_pe)  |             ae_pe_p2_pa_timing_22 |         83 |         83 |       0 |    0 |    201 |      0 |      0 |    0 |          0 |
|               u_mul                      |              pack2_mult_padd_1510 |          4 |          3 |       0 |    1 |     24 |      0 |      0 |    0 |          1 |
|             g_row[0].g_col[31].u_pe      |             ae_pe_p2_pa_timing_23 |         87 |         86 |       0 |    1 |    225 |      0 |      0 |    0 |          1 |
|               (g_row[0].g_col[31].u_pe)  |             ae_pe_p2_pa_timing_23 |         83 |         83 |       0 |    0 |    201 |      0 |      0 |    0 |          0 |
|               u_mul                      |              pack2_mult_padd_1509 |          4 |          3 |       0 |    1 |     24 |      0 |      0 |    0 |          1 |
|             g_row[0].g_col[32].u_pe      |             ae_pe_p2_pa_timing_24 |         87 |         86 |       0 |    1 |    225 |      0 |      0 |    0 |          1 |
|               (g_row[0].g_col[32].u_pe)  |             ae_pe_p2_pa_timing_24 |         83 |         83 |       0 |    0 |    201 |      0 |      0 |    0 |          0 |
|               u_mul                      |              pack2_mult_padd_1508 |          4 |          3 |       0 |    1 |     24 |      0 |      0 |    0 |          1 |
|             g_row[0].g_col[33].u_pe      |             ae_pe_p2_pa_timing_25 |         87 |         86 |       0 |    1 |    225 |      0 |      0 |    0 |          1 |
|               (g_row[0].g_col[33].u_pe)  |             ae_pe_p2_pa_timing_25 |         83 |         83 |       0 |    0 |    201 |      0 |      0 |    0 |          0 |
|               u_mul                      |              pack2_mult_padd_1507 |          4 |          3 |       0 |    1 |     24 |      0 |      0 |    0 |          1 |
|             g_row[0].g_col[34].u_pe      |             ae_pe_p2_pa_timing_26 |         87 |         86 |       0 |    1 |    225 |      0 |      0 |    0 |          1 |
|               (g_row[0].g_col[34].u_pe)  |             ae_pe_p2_pa_timing_26 |         83 |         83 |       0 |    0 |    201 |      0 |      0 |    0 |          0 |
|               u_mul                      |              pack2_mult_padd_1506 |          4 |          3 |       0 |    1 |     24 |      0 |      0 |    0 |          1 |
|             g_row[0].g_col[35].u_pe      |             ae_pe_p2_pa_timing_27 |         87 |         86 |       0 |    1 |    225 |      0 |      0 |    0 |          1 |
|               (g_row[0].g_col[35].u_pe)  |             ae_pe_p2_pa_timing_27 |         83 |         83 |       0 |    0 |    201 |      0 |      0 |    0 |          0 |
|               u_mul                      |              pack2_mult_padd_1505 |          4 |          3 |       0 |    1 |     24 |      0 |      0 |    0 |          1 |
|             g_row[0].g_col[36].u_pe      |             ae_pe_p2_pa_timing_28 |         87 |         86 |       0 |    1 |    225 |      0 |      0 |    0 |          1 |
|               (g_row[0].g_col[36].u_pe)  |             ae_pe_p2_pa_timing_28 |         83 |         83 |       0 |    0 |    201 |      0 |      0 |    0 |          0 |
|               u_mul                      |              pack2_mult_padd_1504 |          4 |          3 |       0 |    1 |     24 |      0 |      0 |    0 |          1 |
|             g_row[0].g_col[37].u_pe      |             ae_pe_p2_pa_timing_29 |         87 |         86 |       0 |    1 |    225 |      0 |      0 |    0 |          1 |
|               (g_row[0].g_col[37].u_pe)  |             ae_pe_p2_pa_timing_29 |         83 |         83 |       0 |    0 |    201 |      0 |      0 |    0 |          0 |
|               u_mul                      |              pack2_mult_padd_1503 |          4 |          3 |       0 |    1 |     24 |      0 |      0 |    0 |          1 |
|             g_row[0].g_col[38].u_pe      |             ae_pe_p2_pa_timing_30 |         87 |         86 |       0 |    1 |    225 |      0 |      0 |    0 |          1 |
|               (g_row[0].g_col[38].u_pe)  |             ae_pe_p2_pa_timing_30 |         83 |         83 |       0 |    0 |    201 |      0 |      0 |    0 |          0 |
|               u_mul                      |              pack2_mult_padd_1502 |          4 |          3 |       0 |    1 |     24 |      0 |      0 |    0 |          1 |
|             g_row[0].g_col[39].u_pe      |             ae_pe_p2_pa_timing_31 |         87 |         86 |       0 |    1 |    225 |      0 |      0 |    0 |          1 |
|               (g_row[0].g_col[39].u_pe)  |             ae_pe_p2_pa_timing_31 |         83 |         83 |       0 |    0 |    201 |      0 |      0 |    0 |          0 |
|               u_mul                      |              pack2_mult_padd_1501 |          4 |          3 |       0 |    1 |     24 |      0 |      0 |    0 |          1 |
|             g_row[0].g_col[3].u_pe       |             ae_pe_p2_pa_timing_32 |         86 |         85 |       0 |    1 |    223 |      0 |      0 |    0 |          1 |
|               (g_row[0].g_col[3].u_pe)   |             ae_pe_p2_pa_timing_32 |         83 |         83 |       0 |    0 |    199 |      0 |      0 |    0 |          0 |
|               u_mul                      |              pack2_mult_padd_1500 |          3 |          2 |       0 |    1 |     24 |      0 |      0 |    0 |          1 |
|             g_row[0].g_col[40].u_pe      |             ae_pe_p2_pa_timing_33 |         87 |         86 |       0 |    1 |    225 |      0 |      0 |    0 |          1 |
|               (g_row[0].g_col[40].u_pe)  |             ae_pe_p2_pa_timing_33 |         83 |         83 |       0 |    0 |    201 |      0 |      0 |    0 |          0 |
|               u_mul                      |              pack2_mult_padd_1499 |          4 |          3 |       0 |    1 |     24 |      0 |      0 |    0 |          1 |
|             g_row[0].g_col[41].u_pe      |             ae_pe_p2_pa_timing_34 |         87 |         86 |       0 |    1 |    225 |      0 |      0 |    0 |          1 |
|               (g_row[0].g_col[41].u_pe)  |             ae_pe_p2_pa_timing_34 |         83 |         83 |       0 |    0 |    201 |      0 |      0 |    0 |          0 |
|               u_mul                      |              pack2_mult_padd_1498 |          4 |          3 |       0 |    1 |     24 |      0 |      0 |    0 |          1 |
|             g_row[0].g_col[42].u_pe      |             ae_pe_p2_pa_timing_35 |         87 |         86 |       0 |    1 |    225 |      0 |      0 |    0 |          1 |
|               (g_row[0].g_col[42].u_pe)  |             ae_pe_p2_pa_timing_35 |         83 |         83 |       0 |    0 |    201 |      0 |      0 |    0 |          0 |
|               u_mul                      |              pack2_mult_padd_1497 |          4 |          3 |       0 |    1 |     24 |      0 |      0 |    0 |          1 |
|             g_row[0].g_col[43].u_pe      |             ae_pe_p2_pa_timing_36 |         87 |         86 |       0 |    1 |    225 |      0 |      0 |    0 |          1 |
|               (g_row[0].g_col[43].u_pe)  |             ae_pe_p2_pa_timing_36 |         83 |         83 |       0 |    0 |    201 |      0 |      0 |    0 |          0 |
|               u_mul                      |              pack2_mult_padd_1496 |          4 |          3 |       0 |    1 |     24 |      0 |      0 |    0 |          1 |
|             g_row[0].g_col[44].u_pe      |             ae_pe_p2_pa_timing_37 |         87 |         86 |       0 |    1 |    225 |      0 |      0 |    0 |          1 |
|               (g_row[0].g_col[44].u_pe)  |             ae_pe_p2_pa_timing_37 |         83 |         83 |       0 |    0 |    201 |      0 |      0 |    0 |          0 |
|               u_mul                      |              pack2_mult_padd_1495 |          4 |          3 |       0 |    1 |     24 |      0 |      0 |    0 |          1 |
|             g_row[0].g_col[45].u_pe      |             ae_pe_p2_pa_timing_38 |         87 |         86 |       0 |    1 |    225 |      0 |      0 |    0 |          1 |
|               (g_row[0].g_col[45].u_pe)  |             ae_pe_p2_pa_timing_38 |         83 |         83 |       0 |    0 |    201 |      0 |      0 |    0 |          0 |
|               u_mul                      |              pack2_mult_padd_1494 |          4 |          3 |       0 |    1 |     24 |      0 |      0 |    0 |          1 |
|             g_row[0].g_col[46].u_pe      |             ae_pe_p2_pa_timing_39 |         87 |         86 |       0 |    1 |    225 |      0 |      0 |    0 |          1 |
|               (g_row[0].g_col[46].u_pe)  |             ae_pe_p2_pa_timing_39 |         83 |         83 |       0 |    0 |    201 |      0 |      0 |    0 |          0 |
|               u_mul                      |              pack2_mult_padd_1493 |          4 |          3 |       0 |    1 |     24 |      0 |      0 |    0 |          1 |
|             g_row[0].g_col[47].u_pe      |             ae_pe_p2_pa_timing_40 |         87 |         86 |       0 |    1 |    225 |      0 |      0 |    0 |          1 |
|               (g_row[0].g_col[47].u_pe)  |             ae_pe_p2_pa_timing_40 |         83 |         83 |       0 |    0 |    201 |      0 |      0 |    0 |          0 |
|               u_mul                      |              pack2_mult_padd_1492 |          4 |          3 |       0 |    1 |     24 |      0 |      0 |    0 |          1 |
|             g_row[0].g_col[4].u_pe       |             ae_pe_p2_pa_timing_41 |         86 |         85 |       0 |    1 |    223 |      0 |      0 |    0 |          1 |
|               (g_row[0].g_col[4].u_pe)   |             ae_pe_p2_pa_timing_41 |         83 |         83 |       0 |    0 |    199 |      0 |      0 |    0 |          0 |
|               u_mul                      |              pack2_mult_padd_1491 |          3 |          2 |       0 |    1 |     24 |      0 |      0 |    0 |          1 |
|             g_row[0].g_col[5].u_pe       |             ae_pe_p2_pa_timing_42 |         87 |         86 |       0 |    1 |    224 |      0 |      0 |    0 |          1 |
|               (g_row[0].g_col[5].u_pe)   |             ae_pe_p2_pa_timing_42 |         83 |         83 |       0 |    0 |    200 |      0 |      0 |    0 |          0 |
|               u_mul                      |              pack2_mult_padd_1490 |          4 |          3 |       0 |    1 |     24 |      0 |      0 |    0 |          1 |
|             g_row[0].g_col[6].u_pe       |             ae_pe_p2_pa_timing_43 |         87 |         86 |       0 |    1 |    225 |      0 |      0 |    0 |          1 |
|               (g_row[0].g_col[6].u_pe)   |             ae_pe_p2_pa_timing_43 |         83 |         83 |       0 |    0 |    201 |      0 |      0 |    0 |          0 |
|               u_mul                      |              pack2_mult_padd_1489 |          4 |          3 |       0 |    1 |     24 |      0 |      0 |    0 |          1 |
|             g_row[0].g_col[7].u_pe       |             ae_pe_p2_pa_timing_44 |         87 |         86 |       0 |    1 |    225 |      0 |      0 |    0 |          1 |
|               (g_row[0].g_col[7].u_pe)   |             ae_pe_p2_pa_timing_44 |         83 |         83 |       0 |    0 |    201 |      0 |      0 |    0 |          0 |
|               u_mul                      |              pack2_mult_padd_1488 |          4 |          3 |       0 |    1 |     24 |      0 |      0 |    0 |          1 |
|             g_row[0].g_col[8].u_pe       |             ae_pe_p2_pa_timing_45 |         87 |         86 |       0 |    1 |    224 |      0 |      0 |    0 |          1 |
|               (g_row[0].g_col[8].u_pe)   |             ae_pe_p2_pa_timing_45 |         83 |         83 |       0 |    0 |    200 |      0 |      0 |    0 |          0 |
|               u_mul                      |              pack2_mult_padd_1487 |          4 |          3 |       0 |    1 |     24 |      0 |      0 |    0 |          1 |
|             g_row[0].g_col[9].u_pe       |             ae_pe_p2_pa_timing_46 |         87 |         86 |       0 |    1 |    225 |      0 |      0 |    0 |          1 |
|               (g_row[0].g_col[9].u_pe)   |             ae_pe_p2_pa_timing_46 |         83 |         83 |       0 |    0 |    201 |      0 |      0 |    0 |          0 |
|               u_mul                      |              pack2_mult_padd_1486 |          4 |          3 |       0 |    1 |     24 |      0 |      0 |    0 |          1 |
|             g_row[10].g_col[0].u_pe      |             ae_pe_p2_pa_timing_47 |         86 |         85 |       0 |    1 |    223 |      0 |      0 |    0 |          1 |
|               (g_row[10].g_col[0].u_pe)  |             ae_pe_p2_pa_timing_47 |         83 |         83 |       0 |    0 |    199 |      0 |      0 |    0 |          0 |
|               u_mul                      |              pack2_mult_padd_1485 |          3 |          2 |       0 |    1 |     24 |      0 |      0 |    0 |          1 |
|             g_row[10].g_col[10].u_pe     |             ae_pe_p2_pa_timing_48 |         87 |         86 |       0 |    1 |    225 |      0 |      0 |    0 |          1 |
|               (g_row[10].g_col[10].u_pe) |             ae_pe_p2_pa_timing_48 |         83 |         83 |       0 |    0 |    201 |      0 |      0 |    0 |          0 |
|               u_mul                      |              pack2_mult_padd_1484 |          4 |          3 |       0 |    1 |     24 |      0 |      0 |    0 |          1 |
|             g_row[10].g_col[11].u_pe     |             ae_pe_p2_pa_timing_49 |         87 |         86 |       0 |    1 |    225 |      0 |      0 |    0 |          1 |
|               (g_row[10].g_col[11].u_pe) |             ae_pe_p2_pa_timing_49 |         83 |         83 |       0 |    0 |    201 |      0 |      0 |    0 |          0 |
|               u_mul                      |              pack2_mult_padd_1483 |          4 |          3 |       0 |    1 |     24 |      0 |      0 |    0 |          1 |
|             g_row[10].g_col[12].u_pe     |             ae_pe_p2_pa_timing_50 |         87 |         86 |       0 |    1 |    225 |      0 |      0 |    0 |          1 |
|               (g_row[10].g_col[12].u_pe) |             ae_pe_p2_pa_timing_50 |         83 |         83 |       0 |    0 |    201 |      0 |      0 |    0 |          0 |
|               u_mul                      |              pack2_mult_padd_1482 |          4 |          3 |       0 |    1 |     24 |      0 |      0 |    0 |          1 |
|             g_row[10].g_col[13].u_pe     |             ae_pe_p2_pa_timing_51 |         87 |         86 |       0 |    1 |    225 |      0 |      0 |    0 |          1 |
|               (g_row[10].g_col[13].u_pe) |             ae_pe_p2_pa_timing_51 |         83 |         83 |       0 |    0 |    201 |      0 |      0 |    0 |          0 |
|               u_mul                      |              pack2_mult_padd_1481 |          4 |          3 |       0 |    1 |     24 |      0 |      0 |    0 |          1 |
|             g_row[10].g_col[14].u_pe     |             ae_pe_p2_pa_timing_52 |         87 |         86 |       0 |    1 |    225 |      0 |      0 |    0 |          1 |
|               (g_row[10].g_col[14].u_pe) |             ae_pe_p2_pa_timing_52 |         83 |         83 |       0 |    0 |    201 |      0 |      0 |    0 |          0 |
|               u_mul                      |              pack2_mult_padd_1480 |          4 |          3 |       0 |    1 |     24 |      0 |      0 |    0 |          1 |
|             g_row[10].g_col[15].u_pe     |             ae_pe_p2_pa_timing_53 |         87 |         86 |       0 |    1 |    225 |      0 |      0 |    0 |          1 |
|               (g_row[10].g_col[15].u_pe) |             ae_pe_p2_pa_timing_53 |         83 |         83 |       0 |    0 |    201 |      0 |      0 |    0 |          0 |
|               u_mul                      |              pack2_mult_padd_1479 |          4 |          3 |       0 |    1 |     24 |      0 |      0 |    0 |          1 |
|             g_row[10].g_col[16].u_pe     |             ae_pe_p2_pa_timing_54 |         87 |         86 |       0 |    1 |    225 |      0 |      0 |    0 |          1 |
|               (g_row[10].g_col[16].u_pe) |             ae_pe_p2_pa_timing_54 |         83 |         83 |       0 |    0 |    201 |      0 |      0 |    0 |          0 |
|               u_mul                      |              pack2_mult_padd_1478 |          4 |          3 |       0 |    1 |     24 |      0 |      0 |    0 |          1 |
|             g_row[10].g_col[17].u_pe     |             ae_pe_p2_pa_timing_55 |         87 |         86 |       0 |    1 |    225 |      0 |      0 |    0 |          1 |
|               (g_row[10].g_col[17].u_pe) |             ae_pe_p2_pa_timing_55 |         83 |         83 |       0 |    0 |    201 |      0 |      0 |    0 |          0 |
|               u_mul                      |              pack2_mult_padd_1477 |          4 |          3 |       0 |    1 |     24 |      0 |      0 |    0 |          1 |
|             g_row[10].g_col[18].u_pe     |             ae_pe_p2_pa_timing_56 |         87 |         86 |       0 |    1 |    225 |      0 |      0 |    0 |          1 |
|               (g_row[10].g_col[18].u_pe) |             ae_pe_p2_pa_timing_56 |         83 |         83 |       0 |    0 |    201 |      0 |      0 |    0 |          0 |
|               u_mul                      |              pack2_mult_padd_1476 |          4 |          3 |       0 |    1 |     24 |      0 |      0 |    0 |          1 |
|             g_row[10].g_col[19].u_pe     |             ae_pe_p2_pa_timing_57 |         87 |         86 |       0 |    1 |    225 |      0 |      0 |    0 |          1 |
|               (g_row[10].g_col[19].u_pe) |             ae_pe_p2_pa_timing_57 |         83 |         83 |       0 |    0 |    201 |      0 |      0 |    0 |          0 |
|               u_mul                      |              pack2_mult_padd_1475 |          4 |          3 |       0 |    1 |     24 |      0 |      0 |    0 |          1 |
|             g_row[10].g_col[1].u_pe      |             ae_pe_p2_pa_timing_58 |         87 |         86 |       0 |    1 |    225 |      0 |      0 |    0 |          1 |
|               (g_row[10].g_col[1].u_pe)  |             ae_pe_p2_pa_timing_58 |         83 |         83 |       0 |    0 |    201 |      0 |      0 |    0 |          0 |
|               u_mul                      |              pack2_mult_padd_1474 |          4 |          3 |       0 |    1 |     24 |      0 |      0 |    0 |          1 |
|             g_row[10].g_col[20].u_pe     |             ae_pe_p2_pa_timing_59 |         87 |         86 |       0 |    1 |    225 |      0 |      0 |    0 |          1 |
|               (g_row[10].g_col[20].u_pe) |             ae_pe_p2_pa_timing_59 |         83 |         83 |       0 |    0 |    201 |      0 |      0 |    0 |          0 |
|               u_mul                      |              pack2_mult_padd_1473 |          4 |          3 |       0 |    1 |     24 |      0 |      0 |    0 |          1 |
|             g_row[10].g_col[21].u_pe     |             ae_pe_p2_pa_timing_60 |         87 |         86 |       0 |    1 |    225 |      0 |      0 |    0 |          1 |
|               (g_row[10].g_col[21].u_pe) |             ae_pe_p2_pa_timing_60 |         83 |         83 |       0 |    0 |    201 |      0 |      0 |    0 |          0 |
|               u_mul                      |              pack2_mult_padd_1472 |          4 |          3 |       0 |    1 |     24 |      0 |      0 |    0 |          1 |
|             g_row[10].g_col[22].u_pe     |             ae_pe_p2_pa_timing_61 |         87 |         86 |       0 |    1 |    225 |      0 |      0 |    0 |          1 |
|               (g_row[10].g_col[22].u_pe) |             ae_pe_p2_pa_timing_61 |         83 |         83 |       0 |    0 |    201 |      0 |      0 |    0 |          0 |
|               u_mul                      |              pack2_mult_padd_1471 |          4 |          3 |       0 |    1 |     24 |      0 |      0 |    0 |          1 |
|             g_row[10].g_col[23].u_pe     |             ae_pe_p2_pa_timing_62 |         87 |         86 |       0 |    1 |    225 |      0 |      0 |    0 |          1 |
|               (g_row[10].g_col[23].u_pe) |             ae_pe_p2_pa_timing_62 |         83 |         83 |       0 |    0 |    201 |      0 |      0 |    0 |          0 |
|               u_mul                      |              pack2_mult_padd_1470 |          4 |          3 |       0 |    1 |     24 |      0 |      0 |    0 |          1 |
|             g_row[10].g_col[24].u_pe     |             ae_pe_p2_pa_timing_63 |         87 |         86 |       0 |    1 |    225 |      0 |      0 |    0 |          1 |
|               (g_row[10].g_col[24].u_pe) |             ae_pe_p2_pa_timing_63 |         83 |         83 |       0 |    0 |    201 |      0 |      0 |    0 |          0 |
|               u_mul                      |              pack2_mult_padd_1469 |          4 |          3 |       0 |    1 |     24 |      0 |      0 |    0 |          1 |
|             g_row[10].g_col[25].u_pe     |             ae_pe_p2_pa_timing_64 |         87 |         86 |       0 |    1 |    225 |      0 |      0 |    0 |          1 |
|               (g_row[10].g_col[25].u_pe) |             ae_pe_p2_pa_timing_64 |         83 |         83 |       0 |    0 |    201 |      0 |      0 |    0 |          0 |
|               u_mul                      |              pack2_mult_padd_1468 |          4 |          3 |       0 |    1 |     24 |      0 |      0 |    0 |          1 |
|             g_row[10].g_col[26].u_pe     |             ae_pe_p2_pa_timing_65 |         87 |         86 |       0 |    1 |    225 |      0 |      0 |    0 |          1 |
|               (g_row[10].g_col[26].u_pe) |             ae_pe_p2_pa_timing_65 |         83 |         83 |       0 |    0 |    201 |      0 |      0 |    0 |          0 |
|               u_mul                      |              pack2_mult_padd_1467 |          4 |          3 |       0 |    1 |     24 |      0 |      0 |    0 |          1 |
|             g_row[10].g_col[27].u_pe     |             ae_pe_p2_pa_timing_66 |         87 |         86 |       0 |    1 |    225 |      0 |      0 |    0 |          1 |
|               (g_row[10].g_col[27].u_pe) |             ae_pe_p2_pa_timing_66 |         83 |         83 |       0 |    0 |    201 |      0 |      0 |    0 |          0 |
|               u_mul                      |              pack2_mult_padd_1466 |          4 |          3 |       0 |    1 |     24 |      0 |      0 |    0 |          1 |
|             g_row[10].g_col[28].u_pe     |             ae_pe_p2_pa_timing_67 |         87 |         86 |       0 |    1 |    225 |      0 |      0 |    0 |          1 |
|               (g_row[10].g_col[28].u_pe) |             ae_pe_p2_pa_timing_67 |         83 |         83 |       0 |    0 |    201 |      0 |      0 |    0 |          0 |
|               u_mul                      |              pack2_mult_padd_1465 |          4 |          3 |       0 |    1 |     24 |      0 |      0 |    0 |          1 |
|             g_row[10].g_col[29].u_pe     |             ae_pe_p2_pa_timing_68 |         87 |         86 |       0 |    1 |    225 |      0 |      0 |    0 |          1 |
|               (g_row[10].g_col[29].u_pe) |             ae_pe_p2_pa_timing_68 |         83 |         83 |       0 |    0 |    201 |      0 |      0 |    0 |          0 |
|               u_mul                      |              pack2_mult_padd_1464 |          4 |          3 |       0 |    1 |     24 |      0 |      0 |    0 |          1 |
|             g_row[10].g_col[2].u_pe      |             ae_pe_p2_pa_timing_69 |         87 |         86 |       0 |    1 |    225 |      0 |      0 |    0 |          1 |
|               (g_row[10].g_col[2].u_pe)  |             ae_pe_p2_pa_timing_69 |         83 |         83 |       0 |    0 |    201 |      0 |      0 |    0 |          0 |
|               u_mul                      |              pack2_mult_padd_1463 |          4 |          3 |       0 |    1 |     24 |      0 |      0 |    0 |          1 |
|             g_row[10].g_col[30].u_pe     |             ae_pe_p2_pa_timing_70 |         87 |         86 |       0 |    1 |    225 |      0 |      0 |    0 |          1 |
|               (g_row[10].g_col[30].u_pe) |             ae_pe_p2_pa_timing_70 |         83 |         83 |       0 |    0 |    201 |      0 |      0 |    0 |          0 |
|               u_mul                      |              pack2_mult_padd_1462 |          4 |          3 |       0 |    1 |     24 |      0 |      0 |    0 |          1 |
|             g_row[10].g_col[31].u_pe     |             ae_pe_p2_pa_timing_71 |         87 |         86 |       0 |    1 |    225 |      0 |      0 |    0 |          1 |
|               (g_row[10].g_col[31].u_pe) |             ae_pe_p2_pa_timing_71 |         83 |         83 |       0 |    0 |    201 |      0 |      0 |    0 |          0 |
|               u_mul                      |              pack2_mult_padd_1461 |          4 |          3 |       0 |    1 |     24 |      0 |      0 |    0 |          1 |
|             g_row[10].g_col[32].u_pe     |             ae_pe_p2_pa_timing_72 |         87 |         86 |       0 |    1 |    225 |      0 |      0 |    0 |          1 |
|               (g_row[10].g_col[32].u_pe) |             ae_pe_p2_pa_timing_72 |         83 |         83 |       0 |    0 |    201 |      0 |      0 |    0 |          0 |
|               u_mul                      |              pack2_mult_padd_1460 |          4 |          3 |       0 |    1 |     24 |      0 |      0 |    0 |          1 |
|             g_row[10].g_col[33].u_pe     |             ae_pe_p2_pa_timing_73 |         87 |         86 |       0 |    1 |    225 |      0 |      0 |    0 |          1 |
|               (g_row[10].g_col[33].u_pe) |             ae_pe_p2_pa_timing_73 |         83 |         83 |       0 |    0 |    201 |      0 |      0 |    0 |          0 |
|               u_mul                      |              pack2_mult_padd_1459 |          4 |          3 |       0 |    1 |     24 |      0 |      0 |    0 |          1 |
|             g_row[10].g_col[34].u_pe     |             ae_pe_p2_pa_timing_74 |         87 |         86 |       0 |    1 |    225 |      0 |      0 |    0 |          1 |
|               (g_row[10].g_col[34].u_pe) |             ae_pe_p2_pa_timing_74 |         83 |         83 |       0 |    0 |    201 |      0 |      0 |    0 |          0 |
|               u_mul                      |              pack2_mult_padd_1458 |          4 |          3 |       0 |    1 |     24 |      0 |      0 |    0 |          1 |
|             g_row[10].g_col[35].u_pe     |             ae_pe_p2_pa_timing_75 |         87 |         86 |       0 |    1 |    225 |      0 |      0 |    0 |          1 |
|               (g_row[10].g_col[35].u_pe) |             ae_pe_p2_pa_timing_75 |         83 |         83 |       0 |    0 |    201 |      0 |      0 |    0 |          0 |
|               u_mul                      |              pack2_mult_padd_1457 |          4 |          3 |       0 |    1 |     24 |      0 |      0 |    0 |          1 |
|             g_row[10].g_col[36].u_pe     |             ae_pe_p2_pa_timing_76 |         87 |         86 |       0 |    1 |    225 |      0 |      0 |    0 |          1 |
|               (g_row[10].g_col[36].u_pe) |             ae_pe_p2_pa_timing_76 |         83 |         83 |       0 |    0 |    201 |      0 |      0 |    0 |          0 |
|               u_mul                      |              pack2_mult_padd_1456 |          4 |          3 |       0 |    1 |     24 |      0 |      0 |    0 |          1 |
|             g_row[10].g_col[37].u_pe     |             ae_pe_p2_pa_timing_77 |         87 |         86 |       0 |    1 |    225 |      0 |      0 |    0 |          1 |
|               (g_row[10].g_col[37].u_pe) |             ae_pe_p2_pa_timing_77 |         83 |         83 |       0 |    0 |    201 |      0 |      0 |    0 |          0 |
|               u_mul                      |              pack2_mult_padd_1455 |          4 |          3 |       0 |    1 |     24 |      0 |      0 |    0 |          1 |
|             g_row[10].g_col[38].u_pe     |             ae_pe_p2_pa_timing_78 |         87 |         86 |       0 |    1 |    225 |      0 |      0 |    0 |          1 |
|               (g_row[10].g_col[38].u_pe) |             ae_pe_p2_pa_timing_78 |         83 |         83 |       0 |    0 |    201 |      0 |      0 |    0 |          0 |
|               u_mul                      |              pack2_mult_padd_1454 |          4 |          3 |       0 |    1 |     24 |      0 |      0 |    0 |          1 |
|             g_row[10].g_col[39].u_pe     |             ae_pe_p2_pa_timing_79 |         87 |         86 |       0 |    1 |    225 |      0 |      0 |    0 |          1 |
|               (g_row[10].g_col[39].u_pe) |             ae_pe_p2_pa_timing_79 |         83 |         83 |       0 |    0 |    201 |      0 |      0 |    0 |          0 |
|               u_mul                      |              pack2_mult_padd_1453 |          4 |          3 |       0 |    1 |     24 |      0 |      0 |    0 |          1 |
|             g_row[10].g_col[3].u_pe      |             ae_pe_p2_pa_timing_80 |         87 |         86 |       0 |    1 |    225 |      0 |      0 |    0 |          1 |
|               (g_row[10].g_col[3].u_pe)  |             ae_pe_p2_pa_timing_80 |         83 |         83 |       0 |    0 |    201 |      0 |      0 |    0 |          0 |
|               u_mul                      |              pack2_mult_padd_1452 |          4 |          3 |       0 |    1 |     24 |      0 |      0 |    0 |          1 |
|             g_row[10].g_col[40].u_pe     |             ae_pe_p2_pa_timing_81 |         87 |         86 |       0 |    1 |    225 |      0 |      0 |    0 |          1 |
|               (g_row[10].g_col[40].u_pe) |             ae_pe_p2_pa_timing_81 |         83 |         83 |       0 |    0 |    201 |      0 |      0 |    0 |          0 |
|               u_mul                      |              pack2_mult_padd_1451 |          4 |          3 |       0 |    1 |     24 |      0 |      0 |    0 |          1 |
|             g_row[10].g_col[41].u_pe     |             ae_pe_p2_pa_timing_82 |         87 |         86 |       0 |    1 |    225 |      0 |      0 |    0 |          1 |
|               (g_row[10].g_col[41].u_pe) |             ae_pe_p2_pa_timing_82 |         83 |         83 |       0 |    0 |    201 |      0 |      0 |    0 |          0 |
|               u_mul                      |              pack2_mult_padd_1450 |          4 |          3 |       0 |    1 |     24 |      0 |      0 |    0 |          1 |
|             g_row[10].g_col[42].u_pe     |             ae_pe_p2_pa_timing_83 |         87 |         86 |       0 |    1 |    225 |      0 |      0 |    0 |          1 |
|               (g_row[10].g_col[42].u_pe) |             ae_pe_p2_pa_timing_83 |         83 |         83 |       0 |    0 |    201 |      0 |      0 |    0 |          0 |
|               u_mul                      |              pack2_mult_padd_1449 |          4 |          3 |       0 |    1 |     24 |      0 |      0 |    0 |          1 |
|             g_row[10].g_col[43].u_pe     |             ae_pe_p2_pa_timing_84 |         87 |         86 |       0 |    1 |    225 |      0 |      0 |    0 |          1 |
|               (g_row[10].g_col[43].u_pe) |             ae_pe_p2_pa_timing_84 |         83 |         83 |       0 |    0 |    201 |      0 |      0 |    0 |          0 |
|               u_mul                      |              pack2_mult_padd_1448 |          4 |          3 |       0 |    1 |     24 |      0 |      0 |    0 |          1 |
|             g_row[10].g_col[44].u_pe     |             ae_pe_p2_pa_timing_85 |         87 |         86 |       0 |    1 |    225 |      0 |      0 |    0 |          1 |
|               (g_row[10].g_col[44].u_pe) |             ae_pe_p2_pa_timing_85 |         83 |         83 |       0 |    0 |    201 |      0 |      0 |    0 |          0 |
|               u_mul                      |              pack2_mult_padd_1447 |          4 |          3 |       0 |    1 |     24 |      0 |      0 |    0 |          1 |
|             g_row[10].g_col[45].u_pe     |             ae_pe_p2_pa_timing_86 |         87 |         86 |       0 |    1 |    225 |      0 |      0 |    0 |          1 |
|               (g_row[10].g_col[45].u_pe) |             ae_pe_p2_pa_timing_86 |         83 |         83 |       0 |    0 |    201 |      0 |      0 |    0 |          0 |
|               u_mul                      |              pack2_mult_padd_1446 |          4 |          3 |       0 |    1 |     24 |      0 |      0 |    0 |          1 |
|             g_row[10].g_col[46].u_pe     |             ae_pe_p2_pa_timing_87 |         87 |         86 |       0 |    1 |    225 |      0 |      0 |    0 |          1 |
|               (g_row[10].g_col[46].u_pe) |             ae_pe_p2_pa_timing_87 |         83 |         83 |       0 |    0 |    201 |      0 |      0 |    0 |          0 |
|               u_mul                      |              pack2_mult_padd_1445 |          4 |          3 |       0 |    1 |     24 |      0 |      0 |    0 |          1 |
|             g_row[10].g_col[47].u_pe     |             ae_pe_p2_pa_timing_88 |         87 |         86 |       0 |    1 |    225 |      0 |      0 |    0 |          1 |
|               (g_row[10].g_col[47].u_pe) |             ae_pe_p2_pa_timing_88 |         83 |         83 |       0 |    0 |    201 |      0 |      0 |    0 |          0 |
|               u_mul                      |              pack2_mult_padd_1444 |          4 |          3 |       0 |    1 |     24 |      0 |      0 |    0 |          1 |
|             g_row[10].g_col[4].u_pe      |             ae_pe_p2_pa_timing_89 |         86 |         85 |       0 |    1 |    224 |      0 |      0 |    0 |          1 |
|               (g_row[10].g_col[4].u_pe)  |             ae_pe_p2_pa_timing_89 |         83 |         83 |       0 |    0 |    200 |      0 |      0 |    0 |          0 |
|               u_mul                      |              pack2_mult_padd_1443 |          3 |          2 |       0 |    1 |     24 |      0 |      0 |    0 |          1 |
|             g_row[10].g_col[5].u_pe      |             ae_pe_p2_pa_timing_90 |         87 |         86 |       0 |    1 |    225 |      0 |      0 |    0 |          1 |
|               (g_row[10].g_col[5].u_pe)  |             ae_pe_p2_pa_timing_90 |         83 |         83 |       0 |    0 |    201 |      0 |      0 |    0 |          0 |
|               u_mul                      |              pack2_mult_padd_1442 |          4 |          3 |       0 |    1 |     24 |      0 |      0 |    0 |          1 |
|             g_row[10].g_col[6].u_pe      |             ae_pe_p2_pa_timing_91 |         87 |         86 |       0 |    1 |    225 |      0 |      0 |    0 |          1 |
|               (g_row[10].g_col[6].u_pe)  |             ae_pe_p2_pa_timing_91 |         83 |         83 |       0 |    0 |    201 |      0 |      0 |    0 |          0 |
|               u_mul                      |              pack2_mult_padd_1441 |          4 |          3 |       0 |    1 |     24 |      0 |      0 |    0 |          1 |
|             g_row[10].g_col[7].u_pe      |             ae_pe_p2_pa_timing_92 |         87 |         86 |       0 |    1 |    225 |      0 |      0 |    0 |          1 |
|               (g_row[10].g_col[7].u_pe)  |             ae_pe_p2_pa_timing_92 |         83 |         83 |       0 |    0 |    201 |      0 |      0 |    0 |          0 |
|               u_mul                      |              pack2_mult_padd_1440 |          4 |          3 |       0 |    1 |     24 |      0 |      0 |    0 |          1 |
|             g_row[10].g_col[8].u_pe      |             ae_pe_p2_pa_timing_93 |         86 |         85 |       0 |    1 |    224 |      0 |      0 |    0 |          1 |
|               (g_row[10].g_col[8].u_pe)  |             ae_pe_p2_pa_timing_93 |         83 |         83 |       0 |    0 |    200 |      0 |      0 |    0 |          0 |
|               u_mul                      |              pack2_mult_padd_1439 |          3 |          2 |       0 |    1 |     24 |      0 |      0 |    0 |          1 |
|             g_row[10].g_col[9].u_pe      |             ae_pe_p2_pa_timing_94 |         87 |         86 |       0 |    1 |    225 |      0 |      0 |    0 |          1 |
|               (g_row[10].g_col[9].u_pe)  |             ae_pe_p2_pa_timing_94 |         83 |         83 |       0 |    0 |    201 |      0 |      0 |    0 |          0 |
|               u_mul                      |              pack2_mult_padd_1438 |          4 |          3 |       0 |    1 |     24 |      0 |      0 |    0 |          1 |
|             g_row[11].g_col[0].u_pe      |             ae_pe_p2_pa_timing_95 |        140 |        139 |       0 |    1 |    223 |      0 |      0 |    0 |          1 |
|               (g_row[11].g_col[0].u_pe)  |             ae_pe_p2_pa_timing_95 |        137 |        137 |       0 |    0 |    199 |      0 |      0 |    0 |          0 |
|               u_mul                      |              pack2_mult_padd_1437 |          3 |          2 |       0 |    1 |     24 |      0 |      0 |    0 |          1 |
|             g_row[11].g_col[10].u_pe     |             ae_pe_p2_pa_timing_96 |        141 |        140 |       0 |    1 |    225 |      0 |      0 |    0 |          1 |
|               (g_row[11].g_col[10].u_pe) |             ae_pe_p2_pa_timing_96 |        137 |        137 |       0 |    0 |    201 |      0 |      0 |    0 |          0 |
|               u_mul                      |              pack2_mult_padd_1436 |          4 |          3 |       0 |    1 |     24 |      0 |      0 |    0 |          1 |
|             g_row[11].g_col[11].u_pe     |             ae_pe_p2_pa_timing_97 |        141 |        140 |       0 |    1 |    225 |      0 |      0 |    0 |          1 |
|               (g_row[11].g_col[11].u_pe) |             ae_pe_p2_pa_timing_97 |        137 |        137 |       0 |    0 |    201 |      0 |      0 |    0 |          0 |
|               u_mul                      |              pack2_mult_padd_1435 |          4 |          3 |       0 |    1 |     24 |      0 |      0 |    0 |          1 |
|             g_row[11].g_col[12].u_pe     |             ae_pe_p2_pa_timing_98 |        141 |        140 |       0 |    1 |    225 |      0 |      0 |    0 |          1 |
|               (g_row[11].g_col[12].u_pe) |             ae_pe_p2_pa_timing_98 |        137 |        137 |       0 |    0 |    201 |      0 |      0 |    0 |          0 |
|               u_mul                      |              pack2_mult_padd_1434 |          4 |          3 |       0 |    1 |     24 |      0 |      0 |    0 |          1 |
|             g_row[11].g_col[13].u_pe     |             ae_pe_p2_pa_timing_99 |        141 |        140 |       0 |    1 |    225 |      0 |      0 |    0 |          1 |
|               (g_row[11].g_col[13].u_pe) |             ae_pe_p2_pa_timing_99 |        137 |        137 |       0 |    0 |    201 |      0 |      0 |    0 |          0 |
|               u_mul                      |              pack2_mult_padd_1433 |          4 |          3 |       0 |    1 |     24 |      0 |      0 |    0 |          1 |
|             g_row[11].g_col[14].u_pe     |            ae_pe_p2_pa_timing_100 |        141 |        140 |       0 |    1 |    225 |      0 |      0 |    0 |          1 |
|               (g_row[11].g_col[14].u_pe) |            ae_pe_p2_pa_timing_100 |        137 |        137 |       0 |    0 |    201 |      0 |      0 |    0 |          0 |
|               u_mul                      |              pack2_mult_padd_1432 |          4 |          3 |       0 |    1 |     24 |      0 |      0 |    0 |          1 |
|             g_row[11].g_col[15].u_pe     |            ae_pe_p2_pa_timing_101 |        141 |        140 |       0 |    1 |    225 |      0 |      0 |    0 |          1 |
|               (g_row[11].g_col[15].u_pe) |            ae_pe_p2_pa_timing_101 |        137 |        137 |       0 |    0 |    201 |      0 |      0 |    0 |          0 |
|               u_mul                      |              pack2_mult_padd_1431 |          4 |          3 |       0 |    1 |     24 |      0 |      0 |    0 |          1 |
|             g_row[11].g_col[16].u_pe     |            ae_pe_p2_pa_timing_102 |        141 |        140 |       0 |    1 |    225 |      0 |      0 |    0 |          1 |
|               (g_row[11].g_col[16].u_pe) |            ae_pe_p2_pa_timing_102 |        137 |        137 |       0 |    0 |    201 |      0 |      0 |    0 |          0 |
|               u_mul                      |              pack2_mult_padd_1430 |          4 |          3 |       0 |    1 |     24 |      0 |      0 |    0 |          1 |
|             g_row[11].g_col[17].u_pe     |            ae_pe_p2_pa_timing_103 |        141 |        140 |       0 |    1 |    225 |      0 |      0 |    0 |          1 |
|               (g_row[11].g_col[17].u_pe) |            ae_pe_p2_pa_timing_103 |        137 |        137 |       0 |    0 |    201 |      0 |      0 |    0 |          0 |
|               u_mul                      |              pack2_mult_padd_1429 |          4 |          3 |       0 |    1 |     24 |      0 |      0 |    0 |          1 |
|             g_row[11].g_col[18].u_pe     |            ae_pe_p2_pa_timing_104 |        141 |        140 |       0 |    1 |    225 |      0 |      0 |    0 |          1 |
|               (g_row[11].g_col[18].u_pe) |            ae_pe_p2_pa_timing_104 |        137 |        137 |       0 |    0 |    201 |      0 |      0 |    0 |          0 |
|               u_mul                      |              pack2_mult_padd_1428 |          4 |          3 |       0 |    1 |     24 |      0 |      0 |    0 |          1 |
|             g_row[11].g_col[19].u_pe     |            ae_pe_p2_pa_timing_105 |        141 |        140 |       0 |    1 |    225 |      0 |      0 |    0 |          1 |
|               (g_row[11].g_col[19].u_pe) |            ae_pe_p2_pa_timing_105 |        137 |        137 |       0 |    0 |    201 |      0 |      0 |    0 |          0 |
|               u_mul                      |              pack2_mult_padd_1427 |          4 |          3 |       0 |    1 |     24 |      0 |      0 |    0 |          1 |
|             g_row[11].g_col[1].u_pe      |            ae_pe_p2_pa_timing_106 |        141 |        140 |       0 |    1 |    225 |      0 |      0 |    0 |          1 |
|               (g_row[11].g_col[1].u_pe)  |            ae_pe_p2_pa_timing_106 |        137 |        137 |       0 |    0 |    201 |      0 |      0 |    0 |          0 |
|               u_mul                      |              pack2_mult_padd_1426 |          4 |          3 |       0 |    1 |     24 |      0 |      0 |    0 |          1 |
|             g_row[11].g_col[20].u_pe     |            ae_pe_p2_pa_timing_107 |        141 |        140 |       0 |    1 |    225 |      0 |      0 |    0 |          1 |
|               (g_row[11].g_col[20].u_pe) |            ae_pe_p2_pa_timing_107 |        137 |        137 |       0 |    0 |    201 |      0 |      0 |    0 |          0 |
|               u_mul                      |              pack2_mult_padd_1425 |          4 |          3 |       0 |    1 |     24 |      0 |      0 |    0 |          1 |
|             g_row[11].g_col[21].u_pe     |            ae_pe_p2_pa_timing_108 |        141 |        140 |       0 |    1 |    225 |      0 |      0 |    0 |          1 |
|               (g_row[11].g_col[21].u_pe) |            ae_pe_p2_pa_timing_108 |        137 |        137 |       0 |    0 |    201 |      0 |      0 |    0 |          0 |
|               u_mul                      |              pack2_mult_padd_1424 |          4 |          3 |       0 |    1 |     24 |      0 |      0 |    0 |          1 |
|             g_row[11].g_col[22].u_pe     |            ae_pe_p2_pa_timing_109 |        141 |        140 |       0 |    1 |    225 |      0 |      0 |    0 |          1 |
|               (g_row[11].g_col[22].u_pe) |            ae_pe_p2_pa_timing_109 |        137 |        137 |       0 |    0 |    201 |      0 |      0 |    0 |          0 |
|               u_mul                      |              pack2_mult_padd_1423 |          4 |          3 |       0 |    1 |     24 |      0 |      0 |    0 |          1 |
|             g_row[11].g_col[23].u_pe     |            ae_pe_p2_pa_timing_110 |        141 |        140 |       0 |    1 |    225 |      0 |      0 |    0 |          1 |
|               (g_row[11].g_col[23].u_pe) |            ae_pe_p2_pa_timing_110 |        137 |        137 |       0 |    0 |    201 |      0 |      0 |    0 |          0 |
|               u_mul                      |              pack2_mult_padd_1422 |          4 |          3 |       0 |    1 |     24 |      0 |      0 |    0 |          1 |
|             g_row[11].g_col[24].u_pe     |            ae_pe_p2_pa_timing_111 |        141 |        140 |       0 |    1 |    225 |      0 |      0 |    0 |          1 |
|               (g_row[11].g_col[24].u_pe) |            ae_pe_p2_pa_timing_111 |        137 |        137 |       0 |    0 |    201 |      0 |      0 |    0 |          0 |
|               u_mul                      |              pack2_mult_padd_1421 |          4 |          3 |       0 |    1 |     24 |      0 |      0 |    0 |          1 |
|             g_row[11].g_col[25].u_pe     |            ae_pe_p2_pa_timing_112 |        141 |        140 |       0 |    1 |    225 |      0 |      0 |    0 |          1 |
|               (g_row[11].g_col[25].u_pe) |            ae_pe_p2_pa_timing_112 |        137 |        137 |       0 |    0 |    201 |      0 |      0 |    0 |          0 |
|               u_mul                      |              pack2_mult_padd_1420 |          4 |          3 |       0 |    1 |     24 |      0 |      0 |    0 |          1 |
|             g_row[11].g_col[26].u_pe     |            ae_pe_p2_pa_timing_113 |        141 |        140 |       0 |    1 |    225 |      0 |      0 |    0 |          1 |
|               (g_row[11].g_col[26].u_pe) |            ae_pe_p2_pa_timing_113 |        137 |        137 |       0 |    0 |    201 |      0 |      0 |    0 |          0 |
|               u_mul                      |              pack2_mult_padd_1419 |          4 |          3 |       0 |    1 |     24 |      0 |      0 |    0 |          1 |
|             g_row[11].g_col[27].u_pe     |            ae_pe_p2_pa_timing_114 |        141 |        140 |       0 |    1 |    225 |      0 |      0 |    0 |          1 |
|               (g_row[11].g_col[27].u_pe) |            ae_pe_p2_pa_timing_114 |        137 |        137 |       0 |    0 |    201 |      0 |      0 |    0 |          0 |
|               u_mul                      |              pack2_mult_padd_1418 |          4 |          3 |       0 |    1 |     24 |      0 |      0 |    0 |          1 |
|             g_row[11].g_col[28].u_pe     |            ae_pe_p2_pa_timing_115 |        141 |        140 |       0 |    1 |    225 |      0 |      0 |    0 |          1 |
|               (g_row[11].g_col[28].u_pe) |            ae_pe_p2_pa_timing_115 |        137 |        137 |       0 |    0 |    201 |      0 |      0 |    0 |          0 |
|               u_mul                      |              pack2_mult_padd_1417 |          4 |          3 |       0 |    1 |     24 |      0 |      0 |    0 |          1 |
|             g_row[11].g_col[29].u_pe     |            ae_pe_p2_pa_timing_116 |        141 |        140 |       0 |    1 |    225 |      0 |      0 |    0 |          1 |
|               (g_row[11].g_col[29].u_pe) |            ae_pe_p2_pa_timing_116 |        137 |        137 |       0 |    0 |    201 |      0 |      0 |    0 |          0 |
|               u_mul                      |              pack2_mult_padd_1416 |          4 |          3 |       0 |    1 |     24 |      0 |      0 |    0 |          1 |
|             g_row[11].g_col[2].u_pe      |            ae_pe_p2_pa_timing_117 |        141 |        140 |       0 |    1 |    225 |      0 |      0 |    0 |          1 |
|               (g_row[11].g_col[2].u_pe)  |            ae_pe_p2_pa_timing_117 |        137 |        137 |       0 |    0 |    201 |      0 |      0 |    0 |          0 |
|               u_mul                      |              pack2_mult_padd_1415 |          4 |          3 |       0 |    1 |     24 |      0 |      0 |    0 |          1 |
|             g_row[11].g_col[30].u_pe     |            ae_pe_p2_pa_timing_118 |        141 |        140 |       0 |    1 |    225 |      0 |      0 |    0 |          1 |
|               (g_row[11].g_col[30].u_pe) |            ae_pe_p2_pa_timing_118 |        137 |        137 |       0 |    0 |    201 |      0 |      0 |    0 |          0 |
|               u_mul                      |              pack2_mult_padd_1414 |          4 |          3 |       0 |    1 |     24 |      0 |      0 |    0 |          1 |
|             g_row[11].g_col[31].u_pe     |            ae_pe_p2_pa_timing_119 |        141 |        140 |       0 |    1 |    225 |      0 |      0 |    0 |          1 |
|               (g_row[11].g_col[31].u_pe) |            ae_pe_p2_pa_timing_119 |        137 |        137 |       0 |    0 |    201 |      0 |      0 |    0 |          0 |
|               u_mul                      |              pack2_mult_padd_1413 |          4 |          3 |       0 |    1 |     24 |      0 |      0 |    0 |          1 |
|             g_row[11].g_col[32].u_pe     |            ae_pe_p2_pa_timing_120 |        141 |        140 |       0 |    1 |    225 |      0 |      0 |    0 |          1 |
|               (g_row[11].g_col[32].u_pe) |            ae_pe_p2_pa_timing_120 |        137 |        137 |       0 |    0 |    201 |      0 |      0 |    0 |          0 |
|               u_mul                      |              pack2_mult_padd_1412 |          4 |          3 |       0 |    1 |     24 |      0 |      0 |    0 |          1 |
|             g_row[11].g_col[33].u_pe     |            ae_pe_p2_pa_timing_121 |        141 |        140 |       0 |    1 |    225 |      0 |      0 |    0 |          1 |
|               (g_row[11].g_col[33].u_pe) |            ae_pe_p2_pa_timing_121 |        137 |        137 |       0 |    0 |    201 |      0 |      0 |    0 |          0 |
|               u_mul                      |              pack2_mult_padd_1411 |          4 |          3 |       0 |    1 |     24 |      0 |      0 |    0 |          1 |
|             g_row[11].g_col[34].u_pe     |            ae_pe_p2_pa_timing_122 |        141 |        140 |       0 |    1 |    225 |      0 |      0 |    0 |          1 |
|               (g_row[11].g_col[34].u_pe) |            ae_pe_p2_pa_timing_122 |        137 |        137 |       0 |    0 |    201 |      0 |      0 |    0 |          0 |
|               u_mul                      |              pack2_mult_padd_1410 |          4 |          3 |       0 |    1 |     24 |      0 |      0 |    0 |          1 |
|             g_row[11].g_col[35].u_pe     |            ae_pe_p2_pa_timing_123 |        141 |        140 |       0 |    1 |    225 |      0 |      0 |    0 |          1 |
|               (g_row[11].g_col[35].u_pe) |            ae_pe_p2_pa_timing_123 |        137 |        137 |       0 |    0 |    201 |      0 |      0 |    0 |          0 |
|               u_mul                      |              pack2_mult_padd_1409 |          4 |          3 |       0 |    1 |     24 |      0 |      0 |    0 |          1 |
|             g_row[11].g_col[36].u_pe     |            ae_pe_p2_pa_timing_124 |        141 |        140 |       0 |    1 |    225 |      0 |      0 |    0 |          1 |
|               (g_row[11].g_col[36].u_pe) |            ae_pe_p2_pa_timing_124 |        137 |        137 |       0 |    0 |    201 |      0 |      0 |    0 |          0 |
|               u_mul                      |              pack2_mult_padd_1408 |          4 |          3 |       0 |    1 |     24 |      0 |      0 |    0 |          1 |
|             g_row[11].g_col[37].u_pe     |            ae_pe_p2_pa_timing_125 |        141 |        140 |       0 |    1 |    225 |      0 |      0 |    0 |          1 |
|               (g_row[11].g_col[37].u_pe) |            ae_pe_p2_pa_timing_125 |        137 |        137 |       0 |    0 |    201 |      0 |      0 |    0 |          0 |
|               u_mul                      |              pack2_mult_padd_1407 |          4 |          3 |       0 |    1 |     24 |      0 |      0 |    0 |          1 |
|             g_row[11].g_col[38].u_pe     |            ae_pe_p2_pa_timing_126 |        141 |        140 |       0 |    1 |    225 |      0 |      0 |    0 |          1 |
|               (g_row[11].g_col[38].u_pe) |            ae_pe_p2_pa_timing_126 |        137 |        137 |       0 |    0 |    201 |      0 |      0 |    0 |          0 |
|               u_mul                      |              pack2_mult_padd_1406 |          4 |          3 |       0 |    1 |     24 |      0 |      0 |    0 |          1 |
|             g_row[11].g_col[39].u_pe     |            ae_pe_p2_pa_timing_127 |        141 |        140 |       0 |    1 |    225 |      0 |      0 |    0 |          1 |
|               (g_row[11].g_col[39].u_pe) |            ae_pe_p2_pa_timing_127 |        137 |        137 |       0 |    0 |    201 |      0 |      0 |    0 |          0 |
|               u_mul                      |              pack2_mult_padd_1405 |          4 |          3 |       0 |    1 |     24 |      0 |      0 |    0 |          1 |
|             g_row[11].g_col[3].u_pe      |            ae_pe_p2_pa_timing_128 |        141 |        140 |       0 |    1 |    225 |      0 |      0 |    0 |          1 |
|               (g_row[11].g_col[3].u_pe)  |            ae_pe_p2_pa_timing_128 |        137 |        137 |       0 |    0 |    201 |      0 |      0 |    0 |          0 |
|               u_mul                      |              pack2_mult_padd_1404 |          4 |          3 |       0 |    1 |     24 |      0 |      0 |    0 |          1 |
|             g_row[11].g_col[40].u_pe     |            ae_pe_p2_pa_timing_129 |        141 |        140 |       0 |    1 |    225 |      0 |      0 |    0 |          1 |
|               (g_row[11].g_col[40].u_pe) |            ae_pe_p2_pa_timing_129 |        137 |        137 |       0 |    0 |    201 |      0 |      0 |    0 |          0 |
|               u_mul                      |              pack2_mult_padd_1403 |          4 |          3 |       0 |    1 |     24 |      0 |      0 |    0 |          1 |
|             g_row[11].g_col[41].u_pe     |            ae_pe_p2_pa_timing_130 |        141 |        140 |       0 |    1 |    225 |      0 |      0 |    0 |          1 |
|               (g_row[11].g_col[41].u_pe) |            ae_pe_p2_pa_timing_130 |        137 |        137 |       0 |    0 |    201 |      0 |      0 |    0 |          0 |
|               u_mul                      |              pack2_mult_padd_1402 |          4 |          3 |       0 |    1 |     24 |      0 |      0 |    0 |          1 |
|             g_row[11].g_col[42].u_pe     |            ae_pe_p2_pa_timing_131 |        141 |        140 |       0 |    1 |    225 |      0 |      0 |    0 |          1 |
|               (g_row[11].g_col[42].u_pe) |            ae_pe_p2_pa_timing_131 |        137 |        137 |       0 |    0 |    201 |      0 |      0 |    0 |          0 |
|               u_mul                      |              pack2_mult_padd_1401 |          4 |          3 |       0 |    1 |     24 |      0 |      0 |    0 |          1 |
|             g_row[11].g_col[43].u_pe     |            ae_pe_p2_pa_timing_132 |        141 |        140 |       0 |    1 |    225 |      0 |      0 |    0 |          1 |
|               (g_row[11].g_col[43].u_pe) |            ae_pe_p2_pa_timing_132 |        137 |        137 |       0 |    0 |    201 |      0 |      0 |    0 |          0 |
|               u_mul                      |              pack2_mult_padd_1400 |          4 |          3 |       0 |    1 |     24 |      0 |      0 |    0 |          1 |
|             g_row[11].g_col[44].u_pe     |            ae_pe_p2_pa_timing_133 |        141 |        140 |       0 |    1 |    225 |      0 |      0 |    0 |          1 |
|               (g_row[11].g_col[44].u_pe) |            ae_pe_p2_pa_timing_133 |        137 |        137 |       0 |    0 |    201 |      0 |      0 |    0 |          0 |
|               u_mul                      |              pack2_mult_padd_1399 |          4 |          3 |       0 |    1 |     24 |      0 |      0 |    0 |          1 |
|             g_row[11].g_col[45].u_pe     |            ae_pe_p2_pa_timing_134 |        141 |        140 |       0 |    1 |    225 |      0 |      0 |    0 |          1 |
|               (g_row[11].g_col[45].u_pe) |            ae_pe_p2_pa_timing_134 |        137 |        137 |       0 |    0 |    201 |      0 |      0 |    0 |          0 |
|               u_mul                      |              pack2_mult_padd_1398 |          4 |          3 |       0 |    1 |     24 |      0 |      0 |    0 |          1 |
|             g_row[11].g_col[46].u_pe     |            ae_pe_p2_pa_timing_135 |        141 |        140 |       0 |    1 |    225 |      0 |      0 |    0 |          1 |
|               (g_row[11].g_col[46].u_pe) |            ae_pe_p2_pa_timing_135 |        137 |        137 |       0 |    0 |    201 |      0 |      0 |    0 |          0 |
|               u_mul                      |              pack2_mult_padd_1397 |          4 |          3 |       0 |    1 |     24 |      0 |      0 |    0 |          1 |
|             g_row[11].g_col[47].u_pe     |            ae_pe_p2_pa_timing_136 |        141 |        140 |       0 |    1 |    225 |      0 |      0 |    0 |          1 |
|               (g_row[11].g_col[47].u_pe) |            ae_pe_p2_pa_timing_136 |        137 |        137 |       0 |    0 |    201 |      0 |      0 |    0 |          0 |
|               u_mul                      |              pack2_mult_padd_1396 |          4 |          3 |       0 |    1 |     24 |      0 |      0 |    0 |          1 |
|             g_row[11].g_col[4].u_pe      |            ae_pe_p2_pa_timing_137 |        140 |        139 |       0 |    1 |    224 |      0 |      0 |    0 |          1 |
|               (g_row[11].g_col[4].u_pe)  |            ae_pe_p2_pa_timing_137 |        137 |        137 |       0 |    0 |    200 |      0 |      0 |    0 |          0 |
|               u_mul                      |              pack2_mult_padd_1395 |          3 |          2 |       0 |    1 |     24 |      0 |      0 |    0 |          1 |
|             g_row[11].g_col[5].u_pe      |            ae_pe_p2_pa_timing_138 |        141 |        140 |       0 |    1 |    225 |      0 |      0 |    0 |          1 |
|               (g_row[11].g_col[5].u_pe)  |            ae_pe_p2_pa_timing_138 |        137 |        137 |       0 |    0 |    201 |      0 |      0 |    0 |          0 |
|               u_mul                      |              pack2_mult_padd_1394 |          4 |          3 |       0 |    1 |     24 |      0 |      0 |    0 |          1 |
|             g_row[11].g_col[6].u_pe      |            ae_pe_p2_pa_timing_139 |        141 |        140 |       0 |    1 |    225 |      0 |      0 |    0 |          1 |
|               (g_row[11].g_col[6].u_pe)  |            ae_pe_p2_pa_timing_139 |        137 |        137 |       0 |    0 |    201 |      0 |      0 |    0 |          0 |
|               u_mul                      |              pack2_mult_padd_1393 |          4 |          3 |       0 |    1 |     24 |      0 |      0 |    0 |          1 |
|             g_row[11].g_col[7].u_pe      |            ae_pe_p2_pa_timing_140 |        141 |        140 |       0 |    1 |    225 |      0 |      0 |    0 |          1 |
|               (g_row[11].g_col[7].u_pe)  |            ae_pe_p2_pa_timing_140 |        137 |        137 |       0 |    0 |    201 |      0 |      0 |    0 |          0 |
|               u_mul                      |              pack2_mult_padd_1392 |          4 |          3 |       0 |    1 |     24 |      0 |      0 |    0 |          1 |
|             g_row[11].g_col[8].u_pe      |            ae_pe_p2_pa_timing_141 |        140 |        139 |       0 |    1 |    224 |      0 |      0 |    0 |          1 |
|               (g_row[11].g_col[8].u_pe)  |            ae_pe_p2_pa_timing_141 |        137 |        137 |       0 |    0 |    200 |      0 |      0 |    0 |          0 |
|               u_mul                      |              pack2_mult_padd_1391 |          3 |          2 |       0 |    1 |     24 |      0 |      0 |    0 |          1 |
|             g_row[11].g_col[9].u_pe      |            ae_pe_p2_pa_timing_142 |        141 |        140 |       0 |    1 |    225 |      0 |      0 |    0 |          1 |
|               (g_row[11].g_col[9].u_pe)  |            ae_pe_p2_pa_timing_142 |        137 |        137 |       0 |    0 |    201 |      0 |      0 |    0 |          0 |
|               u_mul                      |              pack2_mult_padd_1390 |          4 |          3 |       0 |    1 |     24 |      0 |      0 |    0 |          1 |
|             g_row[12].g_col[0].u_pe      |            ae_pe_p2_pa_timing_143 |         87 |         86 |       0 |    1 |    224 |      0 |      0 |    0 |          1 |
|               (g_row[12].g_col[0].u_pe)  |            ae_pe_p2_pa_timing_143 |         83 |         83 |       0 |    0 |    200 |      0 |      0 |    0 |          0 |
|               u_mul                      |              pack2_mult_padd_1389 |          4 |          3 |       0 |    1 |     24 |      0 |      0 |    0 |          1 |
|             g_row[12].g_col[10].u_pe     |            ae_pe_p2_pa_timing_144 |         87 |         86 |       0 |    1 |    225 |      0 |      0 |    0 |          1 |
|               (g_row[12].g_col[10].u_pe) |            ae_pe_p2_pa_timing_144 |         83 |         83 |       0 |    0 |    201 |      0 |      0 |    0 |          0 |
|               u_mul                      |              pack2_mult_padd_1388 |          4 |          3 |       0 |    1 |     24 |      0 |      0 |    0 |          1 |
|             g_row[12].g_col[11].u_pe     |            ae_pe_p2_pa_timing_145 |         87 |         86 |       0 |    1 |    225 |      0 |      0 |    0 |          1 |
|               (g_row[12].g_col[11].u_pe) |            ae_pe_p2_pa_timing_145 |         83 |         83 |       0 |    0 |    201 |      0 |      0 |    0 |          0 |
|               u_mul                      |              pack2_mult_padd_1387 |          4 |          3 |       0 |    1 |     24 |      0 |      0 |    0 |          1 |
|             g_row[12].g_col[12].u_pe     |            ae_pe_p2_pa_timing_146 |         87 |         86 |       0 |    1 |    225 |      0 |      0 |    0 |          1 |
|               (g_row[12].g_col[12].u_pe) |            ae_pe_p2_pa_timing_146 |         83 |         83 |       0 |    0 |    201 |      0 |      0 |    0 |          0 |
|               u_mul                      |              pack2_mult_padd_1386 |          4 |          3 |       0 |    1 |     24 |      0 |      0 |    0 |          1 |
|             g_row[12].g_col[13].u_pe     |            ae_pe_p2_pa_timing_147 |         87 |         86 |       0 |    1 |    225 |      0 |      0 |    0 |          1 |
|               (g_row[12].g_col[13].u_pe) |            ae_pe_p2_pa_timing_147 |         83 |         83 |       0 |    0 |    201 |      0 |      0 |    0 |          0 |
|               u_mul                      |              pack2_mult_padd_1385 |          4 |          3 |       0 |    1 |     24 |      0 |      0 |    0 |          1 |
|             g_row[12].g_col[14].u_pe     |            ae_pe_p2_pa_timing_148 |         87 |         86 |       0 |    1 |    225 |      0 |      0 |    0 |          1 |
|               (g_row[12].g_col[14].u_pe) |            ae_pe_p2_pa_timing_148 |         83 |         83 |       0 |    0 |    201 |      0 |      0 |    0 |          0 |
|               u_mul                      |              pack2_mult_padd_1384 |          4 |          3 |       0 |    1 |     24 |      0 |      0 |    0 |          1 |
|             g_row[12].g_col[15].u_pe     |            ae_pe_p2_pa_timing_149 |         87 |         86 |       0 |    1 |    225 |      0 |      0 |    0 |          1 |
|               (g_row[12].g_col[15].u_pe) |            ae_pe_p2_pa_timing_149 |         83 |         83 |       0 |    0 |    201 |      0 |      0 |    0 |          0 |
|               u_mul                      |              pack2_mult_padd_1383 |          4 |          3 |       0 |    1 |     24 |      0 |      0 |    0 |          1 |
|             g_row[12].g_col[16].u_pe     |            ae_pe_p2_pa_timing_150 |         87 |         86 |       0 |    1 |    225 |      0 |      0 |    0 |          1 |
|               (g_row[12].g_col[16].u_pe) |            ae_pe_p2_pa_timing_150 |         83 |         83 |       0 |    0 |    201 |      0 |      0 |    0 |          0 |
|               u_mul                      |              pack2_mult_padd_1382 |          4 |          3 |       0 |    1 |     24 |      0 |      0 |    0 |          1 |
|             g_row[12].g_col[17].u_pe     |            ae_pe_p2_pa_timing_151 |         87 |         86 |       0 |    1 |    225 |      0 |      0 |    0 |          1 |
|               (g_row[12].g_col[17].u_pe) |            ae_pe_p2_pa_timing_151 |         83 |         83 |       0 |    0 |    201 |      0 |      0 |    0 |          0 |
|               u_mul                      |              pack2_mult_padd_1381 |          4 |          3 |       0 |    1 |     24 |      0 |      0 |    0 |          1 |
|             g_row[12].g_col[18].u_pe     |            ae_pe_p2_pa_timing_152 |         87 |         86 |       0 |    1 |    225 |      0 |      0 |    0 |          1 |
|               (g_row[12].g_col[18].u_pe) |            ae_pe_p2_pa_timing_152 |         83 |         83 |       0 |    0 |    201 |      0 |      0 |    0 |          0 |
|               u_mul                      |              pack2_mult_padd_1380 |          4 |          3 |       0 |    1 |     24 |      0 |      0 |    0 |          1 |
|             g_row[12].g_col[19].u_pe     |            ae_pe_p2_pa_timing_153 |         87 |         86 |       0 |    1 |    225 |      0 |      0 |    0 |          1 |
|               (g_row[12].g_col[19].u_pe) |            ae_pe_p2_pa_timing_153 |         83 |         83 |       0 |    0 |    201 |      0 |      0 |    0 |          0 |
|               u_mul                      |              pack2_mult_padd_1379 |          4 |          3 |       0 |    1 |     24 |      0 |      0 |    0 |          1 |
|             g_row[12].g_col[1].u_pe      |            ae_pe_p2_pa_timing_154 |         87 |         86 |       0 |    1 |    225 |      0 |      0 |    0 |          1 |
|               (g_row[12].g_col[1].u_pe)  |            ae_pe_p2_pa_timing_154 |         83 |         83 |       0 |    0 |    201 |      0 |      0 |    0 |          0 |
|               u_mul                      |              pack2_mult_padd_1378 |          4 |          3 |       0 |    1 |     24 |      0 |      0 |    0 |          1 |
|             g_row[12].g_col[20].u_pe     |            ae_pe_p2_pa_timing_155 |         87 |         86 |       0 |    1 |    225 |      0 |      0 |    0 |          1 |
|               (g_row[12].g_col[20].u_pe) |            ae_pe_p2_pa_timing_155 |         83 |         83 |       0 |    0 |    201 |      0 |      0 |    0 |          0 |
|               u_mul                      |              pack2_mult_padd_1377 |          4 |          3 |       0 |    1 |     24 |      0 |      0 |    0 |          1 |
|             g_row[12].g_col[21].u_pe     |            ae_pe_p2_pa_timing_156 |         87 |         86 |       0 |    1 |    225 |      0 |      0 |    0 |          1 |
|               (g_row[12].g_col[21].u_pe) |            ae_pe_p2_pa_timing_156 |         83 |         83 |       0 |    0 |    201 |      0 |      0 |    0 |          0 |
|               u_mul                      |              pack2_mult_padd_1376 |          4 |          3 |       0 |    1 |     24 |      0 |      0 |    0 |          1 |
|             g_row[12].g_col[22].u_pe     |            ae_pe_p2_pa_timing_157 |         87 |         86 |       0 |    1 |    225 |      0 |      0 |    0 |          1 |
|               (g_row[12].g_col[22].u_pe) |            ae_pe_p2_pa_timing_157 |         83 |         83 |       0 |    0 |    201 |      0 |      0 |    0 |          0 |
|               u_mul                      |              pack2_mult_padd_1375 |          4 |          3 |       0 |    1 |     24 |      0 |      0 |    0 |          1 |
|             g_row[12].g_col[23].u_pe     |            ae_pe_p2_pa_timing_158 |         87 |         86 |       0 |    1 |    225 |      0 |      0 |    0 |          1 |
|               (g_row[12].g_col[23].u_pe) |            ae_pe_p2_pa_timing_158 |         83 |         83 |       0 |    0 |    201 |      0 |      0 |    0 |          0 |
|               u_mul                      |              pack2_mult_padd_1374 |          4 |          3 |       0 |    1 |     24 |      0 |      0 |    0 |          1 |
|             g_row[12].g_col[24].u_pe     |            ae_pe_p2_pa_timing_159 |         87 |         86 |       0 |    1 |    225 |      0 |      0 |    0 |          1 |
|               (g_row[12].g_col[24].u_pe) |            ae_pe_p2_pa_timing_159 |         83 |         83 |       0 |    0 |    201 |      0 |      0 |    0 |          0 |
|               u_mul                      |              pack2_mult_padd_1373 |          4 |          3 |       0 |    1 |     24 |      0 |      0 |    0 |          1 |
|             g_row[12].g_col[25].u_pe     |            ae_pe_p2_pa_timing_160 |         87 |         86 |       0 |    1 |    225 |      0 |      0 |    0 |          1 |
|               (g_row[12].g_col[25].u_pe) |            ae_pe_p2_pa_timing_160 |         83 |         83 |       0 |    0 |    201 |      0 |      0 |    0 |          0 |
|               u_mul                      |              pack2_mult_padd_1372 |          4 |          3 |       0 |    1 |     24 |      0 |      0 |    0 |          1 |
|             g_row[12].g_col[26].u_pe     |            ae_pe_p2_pa_timing_161 |         87 |         86 |       0 |    1 |    225 |      0 |      0 |    0 |          1 |
|               (g_row[12].g_col[26].u_pe) |            ae_pe_p2_pa_timing_161 |         83 |         83 |       0 |    0 |    201 |      0 |      0 |    0 |          0 |
|               u_mul                      |              pack2_mult_padd_1371 |          4 |          3 |       0 |    1 |     24 |      0 |      0 |    0 |          1 |
|             g_row[12].g_col[27].u_pe     |            ae_pe_p2_pa_timing_162 |         87 |         86 |       0 |    1 |    225 |      0 |      0 |    0 |          1 |
|               (g_row[12].g_col[27].u_pe) |            ae_pe_p2_pa_timing_162 |         83 |         83 |       0 |    0 |    201 |      0 |      0 |    0 |          0 |
|               u_mul                      |              pack2_mult_padd_1370 |          4 |          3 |       0 |    1 |     24 |      0 |      0 |    0 |          1 |
|             g_row[12].g_col[28].u_pe     |            ae_pe_p2_pa_timing_163 |         87 |         86 |       0 |    1 |    225 |      0 |      0 |    0 |          1 |
|               (g_row[12].g_col[28].u_pe) |            ae_pe_p2_pa_timing_163 |         83 |         83 |       0 |    0 |    201 |      0 |      0 |    0 |          0 |
|               u_mul                      |              pack2_mult_padd_1369 |          4 |          3 |       0 |    1 |     24 |      0 |      0 |    0 |          1 |
|             g_row[12].g_col[29].u_pe     |            ae_pe_p2_pa_timing_164 |         87 |         86 |       0 |    1 |    225 |      0 |      0 |    0 |          1 |
|               (g_row[12].g_col[29].u_pe) |            ae_pe_p2_pa_timing_164 |         83 |         83 |       0 |    0 |    201 |      0 |      0 |    0 |          0 |
|               u_mul                      |              pack2_mult_padd_1368 |          4 |          3 |       0 |    1 |     24 |      0 |      0 |    0 |          1 |
|             g_row[12].g_col[2].u_pe      |            ae_pe_p2_pa_timing_165 |         87 |         86 |       0 |    1 |    225 |      0 |      0 |    0 |          1 |
|               (g_row[12].g_col[2].u_pe)  |            ae_pe_p2_pa_timing_165 |         83 |         83 |       0 |    0 |    201 |      0 |      0 |    0 |          0 |
|               u_mul                      |              pack2_mult_padd_1367 |          4 |          3 |       0 |    1 |     24 |      0 |      0 |    0 |          1 |
|             g_row[12].g_col[30].u_pe     |            ae_pe_p2_pa_timing_166 |         87 |         86 |       0 |    1 |    225 |      0 |      0 |    0 |          1 |
|               (g_row[12].g_col[30].u_pe) |            ae_pe_p2_pa_timing_166 |         83 |         83 |       0 |    0 |    201 |      0 |      0 |    0 |          0 |
|               u_mul                      |              pack2_mult_padd_1366 |          4 |          3 |       0 |    1 |     24 |      0 |      0 |    0 |          1 |
|             g_row[12].g_col[31].u_pe     |            ae_pe_p2_pa_timing_167 |         87 |         86 |       0 |    1 |    225 |      0 |      0 |    0 |          1 |
|               (g_row[12].g_col[31].u_pe) |            ae_pe_p2_pa_timing_167 |         83 |         83 |       0 |    0 |    201 |      0 |      0 |    0 |          0 |
|               u_mul                      |              pack2_mult_padd_1365 |          4 |          3 |       0 |    1 |     24 |      0 |      0 |    0 |          1 |
|             g_row[12].g_col[32].u_pe     |            ae_pe_p2_pa_timing_168 |         87 |         86 |       0 |    1 |    225 |      0 |      0 |    0 |          1 |
|               (g_row[12].g_col[32].u_pe) |            ae_pe_p2_pa_timing_168 |         83 |         83 |       0 |    0 |    201 |      0 |      0 |    0 |          0 |
|               u_mul                      |              pack2_mult_padd_1364 |          4 |          3 |       0 |    1 |     24 |      0 |      0 |    0 |          1 |
|             g_row[12].g_col[33].u_pe     |            ae_pe_p2_pa_timing_169 |         87 |         86 |       0 |    1 |    225 |      0 |      0 |    0 |          1 |
|               (g_row[12].g_col[33].u_pe) |            ae_pe_p2_pa_timing_169 |         83 |         83 |       0 |    0 |    201 |      0 |      0 |    0 |          0 |
|               u_mul                      |              pack2_mult_padd_1363 |          4 |          3 |       0 |    1 |     24 |      0 |      0 |    0 |          1 |
|             g_row[12].g_col[34].u_pe     |            ae_pe_p2_pa_timing_170 |         87 |         86 |       0 |    1 |    225 |      0 |      0 |    0 |          1 |
|               (g_row[12].g_col[34].u_pe) |            ae_pe_p2_pa_timing_170 |         83 |         83 |       0 |    0 |    201 |      0 |      0 |    0 |          0 |
|               u_mul                      |              pack2_mult_padd_1362 |          4 |          3 |       0 |    1 |     24 |      0 |      0 |    0 |          1 |
|             g_row[12].g_col[35].u_pe     |            ae_pe_p2_pa_timing_171 |         87 |         86 |       0 |    1 |    225 |      0 |      0 |    0 |          1 |
|               (g_row[12].g_col[35].u_pe) |            ae_pe_p2_pa_timing_171 |         83 |         83 |       0 |    0 |    201 |      0 |      0 |    0 |          0 |
|               u_mul                      |              pack2_mult_padd_1361 |          4 |          3 |       0 |    1 |     24 |      0 |      0 |    0 |          1 |
|             g_row[12].g_col[36].u_pe     |            ae_pe_p2_pa_timing_172 |         87 |         86 |       0 |    1 |    225 |      0 |      0 |    0 |          1 |
|               (g_row[12].g_col[36].u_pe) |            ae_pe_p2_pa_timing_172 |         83 |         83 |       0 |    0 |    201 |      0 |      0 |    0 |          0 |
|               u_mul                      |              pack2_mult_padd_1360 |          4 |          3 |       0 |    1 |     24 |      0 |      0 |    0 |          1 |
|             g_row[12].g_col[37].u_pe     |            ae_pe_p2_pa_timing_173 |         87 |         86 |       0 |    1 |    225 |      0 |      0 |    0 |          1 |
|               (g_row[12].g_col[37].u_pe) |            ae_pe_p2_pa_timing_173 |         83 |         83 |       0 |    0 |    201 |      0 |      0 |    0 |          0 |
|               u_mul                      |              pack2_mult_padd_1359 |          4 |          3 |       0 |    1 |     24 |      0 |      0 |    0 |          1 |
|             g_row[12].g_col[38].u_pe     |            ae_pe_p2_pa_timing_174 |         87 |         86 |       0 |    1 |    225 |      0 |      0 |    0 |          1 |
|               (g_row[12].g_col[38].u_pe) |            ae_pe_p2_pa_timing_174 |         83 |         83 |       0 |    0 |    201 |      0 |      0 |    0 |          0 |
|               u_mul                      |              pack2_mult_padd_1358 |          4 |          3 |       0 |    1 |     24 |      0 |      0 |    0 |          1 |
|             g_row[12].g_col[39].u_pe     |            ae_pe_p2_pa_timing_175 |         87 |         86 |       0 |    1 |    225 |      0 |      0 |    0 |          1 |
|               (g_row[12].g_col[39].u_pe) |            ae_pe_p2_pa_timing_175 |         83 |         83 |       0 |    0 |    201 |      0 |      0 |    0 |          0 |
|               u_mul                      |              pack2_mult_padd_1357 |          4 |          3 |       0 |    1 |     24 |      0 |      0 |    0 |          1 |
|             g_row[12].g_col[3].u_pe      |            ae_pe_p2_pa_timing_176 |         87 |         86 |       0 |    1 |    225 |      0 |      0 |    0 |          1 |
|               (g_row[12].g_col[3].u_pe)  |            ae_pe_p2_pa_timing_176 |         83 |         83 |       0 |    0 |    201 |      0 |      0 |    0 |          0 |
|               u_mul                      |              pack2_mult_padd_1356 |          4 |          3 |       0 |    1 |     24 |      0 |      0 |    0 |          1 |
|             g_row[12].g_col[40].u_pe     |            ae_pe_p2_pa_timing_177 |         87 |         86 |       0 |    1 |    225 |      0 |      0 |    0 |          1 |
|               (g_row[12].g_col[40].u_pe) |            ae_pe_p2_pa_timing_177 |         83 |         83 |       0 |    0 |    201 |      0 |      0 |    0 |          0 |
|               u_mul                      |              pack2_mult_padd_1355 |          4 |          3 |       0 |    1 |     24 |      0 |      0 |    0 |          1 |
|             g_row[12].g_col[41].u_pe     |            ae_pe_p2_pa_timing_178 |         87 |         86 |       0 |    1 |    225 |      0 |      0 |    0 |          1 |
|               (g_row[12].g_col[41].u_pe) |            ae_pe_p2_pa_timing_178 |         83 |         83 |       0 |    0 |    201 |      0 |      0 |    0 |          0 |
|               u_mul                      |              pack2_mult_padd_1354 |          4 |          3 |       0 |    1 |     24 |      0 |      0 |    0 |          1 |
|             g_row[12].g_col[42].u_pe     |            ae_pe_p2_pa_timing_179 |         87 |         86 |       0 |    1 |    225 |      0 |      0 |    0 |          1 |
|               (g_row[12].g_col[42].u_pe) |            ae_pe_p2_pa_timing_179 |         83 |         83 |       0 |    0 |    201 |      0 |      0 |    0 |          0 |
|               u_mul                      |              pack2_mult_padd_1353 |          4 |          3 |       0 |    1 |     24 |      0 |      0 |    0 |          1 |
|             g_row[12].g_col[43].u_pe     |            ae_pe_p2_pa_timing_180 |         87 |         86 |       0 |    1 |    225 |      0 |      0 |    0 |          1 |
|               (g_row[12].g_col[43].u_pe) |            ae_pe_p2_pa_timing_180 |         83 |         83 |       0 |    0 |    201 |      0 |      0 |    0 |          0 |
|               u_mul                      |              pack2_mult_padd_1352 |          4 |          3 |       0 |    1 |     24 |      0 |      0 |    0 |          1 |
|             g_row[12].g_col[44].u_pe     |            ae_pe_p2_pa_timing_181 |         87 |         86 |       0 |    1 |    225 |      0 |      0 |    0 |          1 |
|               (g_row[12].g_col[44].u_pe) |            ae_pe_p2_pa_timing_181 |         83 |         83 |       0 |    0 |    201 |      0 |      0 |    0 |          0 |
|               u_mul                      |              pack2_mult_padd_1351 |          4 |          3 |       0 |    1 |     24 |      0 |      0 |    0 |          1 |
|             g_row[12].g_col[45].u_pe     |            ae_pe_p2_pa_timing_182 |         87 |         86 |       0 |    1 |    225 |      0 |      0 |    0 |          1 |
|               (g_row[12].g_col[45].u_pe) |            ae_pe_p2_pa_timing_182 |         83 |         83 |       0 |    0 |    201 |      0 |      0 |    0 |          0 |
|               u_mul                      |              pack2_mult_padd_1350 |          4 |          3 |       0 |    1 |     24 |      0 |      0 |    0 |          1 |
|             g_row[12].g_col[46].u_pe     |            ae_pe_p2_pa_timing_183 |         87 |         86 |       0 |    1 |    225 |      0 |      0 |    0 |          1 |
|               (g_row[12].g_col[46].u_pe) |            ae_pe_p2_pa_timing_183 |         83 |         83 |       0 |    0 |    201 |      0 |      0 |    0 |          0 |
|               u_mul                      |              pack2_mult_padd_1349 |          4 |          3 |       0 |    1 |     24 |      0 |      0 |    0 |          1 |
|             g_row[12].g_col[47].u_pe     |            ae_pe_p2_pa_timing_184 |         87 |         86 |       0 |    1 |    225 |      0 |      0 |    0 |          1 |
|               (g_row[12].g_col[47].u_pe) |            ae_pe_p2_pa_timing_184 |         83 |         83 |       0 |    0 |    201 |      0 |      0 |    0 |          0 |
|               u_mul                      |              pack2_mult_padd_1348 |          4 |          3 |       0 |    1 |     24 |      0 |      0 |    0 |          1 |
|             g_row[12].g_col[4].u_pe      |            ae_pe_p2_pa_timing_185 |         86 |         85 |       0 |    1 |    224 |      0 |      0 |    0 |          1 |
|               (g_row[12].g_col[4].u_pe)  |            ae_pe_p2_pa_timing_185 |         83 |         83 |       0 |    0 |    200 |      0 |      0 |    0 |          0 |
|               u_mul                      |              pack2_mult_padd_1347 |          3 |          2 |       0 |    1 |     24 |      0 |      0 |    0 |          1 |
|             g_row[12].g_col[5].u_pe      |            ae_pe_p2_pa_timing_186 |         87 |         86 |       0 |    1 |    225 |      0 |      0 |    0 |          1 |
|               (g_row[12].g_col[5].u_pe)  |            ae_pe_p2_pa_timing_186 |         83 |         83 |       0 |    0 |    201 |      0 |      0 |    0 |          0 |
|               u_mul                      |              pack2_mult_padd_1346 |          4 |          3 |       0 |    1 |     24 |      0 |      0 |    0 |          1 |
|             g_row[12].g_col[6].u_pe      |            ae_pe_p2_pa_timing_187 |         87 |         86 |       0 |    1 |    225 |      0 |      0 |    0 |          1 |
|               (g_row[12].g_col[6].u_pe)  |            ae_pe_p2_pa_timing_187 |         83 |         83 |       0 |    0 |    201 |      0 |      0 |    0 |          0 |
|               u_mul                      |              pack2_mult_padd_1345 |          4 |          3 |       0 |    1 |     24 |      0 |      0 |    0 |          1 |
|             g_row[12].g_col[7].u_pe      |            ae_pe_p2_pa_timing_188 |         87 |         86 |       0 |    1 |    225 |      0 |      0 |    0 |          1 |
|               (g_row[12].g_col[7].u_pe)  |            ae_pe_p2_pa_timing_188 |         83 |         83 |       0 |    0 |    201 |      0 |      0 |    0 |          0 |
|               u_mul                      |              pack2_mult_padd_1344 |          4 |          3 |       0 |    1 |     24 |      0 |      0 |    0 |          1 |
|             g_row[12].g_col[8].u_pe      |            ae_pe_p2_pa_timing_189 |         86 |         85 |       0 |    1 |    224 |      0 |      0 |    0 |          1 |
|               (g_row[12].g_col[8].u_pe)  |            ae_pe_p2_pa_timing_189 |         83 |         83 |       0 |    0 |    200 |      0 |      0 |    0 |          0 |
|               u_mul                      |              pack2_mult_padd_1343 |          3 |          2 |       0 |    1 |     24 |      0 |      0 |    0 |          1 |
|             g_row[12].g_col[9].u_pe      |            ae_pe_p2_pa_timing_190 |         87 |         86 |       0 |    1 |    225 |      0 |      0 |    0 |          1 |
|               (g_row[12].g_col[9].u_pe)  |            ae_pe_p2_pa_timing_190 |         83 |         83 |       0 |    0 |    201 |      0 |      0 |    0 |          0 |
|               u_mul                      |              pack2_mult_padd_1342 |          4 |          3 |       0 |    1 |     24 |      0 |      0 |    0 |          1 |
|             g_row[13].g_col[0].u_pe      |            ae_pe_p2_pa_timing_191 |         87 |         86 |       0 |    1 |    225 |      0 |      0 |    0 |          1 |
|               (g_row[13].g_col[0].u_pe)  |            ae_pe_p2_pa_timing_191 |         83 |         83 |       0 |    0 |    201 |      0 |      0 |    0 |          0 |
|               u_mul                      |              pack2_mult_padd_1341 |          4 |          3 |       0 |    1 |     24 |      0 |      0 |    0 |          1 |
|             g_row[13].g_col[10].u_pe     |            ae_pe_p2_pa_timing_192 |         87 |         86 |       0 |    1 |    225 |      0 |      0 |    0 |          1 |
|               (g_row[13].g_col[10].u_pe) |            ae_pe_p2_pa_timing_192 |         83 |         83 |       0 |    0 |    201 |      0 |      0 |    0 |          0 |
|               u_mul                      |              pack2_mult_padd_1340 |          4 |          3 |       0 |    1 |     24 |      0 |      0 |    0 |          1 |
|             g_row[13].g_col[11].u_pe     |            ae_pe_p2_pa_timing_193 |         87 |         86 |       0 |    1 |    225 |      0 |      0 |    0 |          1 |
|               (g_row[13].g_col[11].u_pe) |            ae_pe_p2_pa_timing_193 |         83 |         83 |       0 |    0 |    201 |      0 |      0 |    0 |          0 |
|               u_mul                      |              pack2_mult_padd_1339 |          4 |          3 |       0 |    1 |     24 |      0 |      0 |    0 |          1 |
|             g_row[13].g_col[12].u_pe     |            ae_pe_p2_pa_timing_194 |         87 |         86 |       0 |    1 |    225 |      0 |      0 |    0 |          1 |
|               (g_row[13].g_col[12].u_pe) |            ae_pe_p2_pa_timing_194 |         83 |         83 |       0 |    0 |    201 |      0 |      0 |    0 |          0 |
|               u_mul                      |              pack2_mult_padd_1338 |          4 |          3 |       0 |    1 |     24 |      0 |      0 |    0 |          1 |
|             g_row[13].g_col[13].u_pe     |            ae_pe_p2_pa_timing_195 |         87 |         86 |       0 |    1 |    225 |      0 |      0 |    0 |          1 |
|               (g_row[13].g_col[13].u_pe) |            ae_pe_p2_pa_timing_195 |         83 |         83 |       0 |    0 |    201 |      0 |      0 |    0 |          0 |
|               u_mul                      |              pack2_mult_padd_1337 |          4 |          3 |       0 |    1 |     24 |      0 |      0 |    0 |          1 |
|             g_row[13].g_col[14].u_pe     |            ae_pe_p2_pa_timing_196 |         87 |         86 |       0 |    1 |    225 |      0 |      0 |    0 |          1 |
|               (g_row[13].g_col[14].u_pe) |            ae_pe_p2_pa_timing_196 |         83 |         83 |       0 |    0 |    201 |      0 |      0 |    0 |          0 |
|               u_mul                      |              pack2_mult_padd_1336 |          4 |          3 |       0 |    1 |     24 |      0 |      0 |    0 |          1 |
|             g_row[13].g_col[15].u_pe     |            ae_pe_p2_pa_timing_197 |         87 |         86 |       0 |    1 |    225 |      0 |      0 |    0 |          1 |
|               (g_row[13].g_col[15].u_pe) |            ae_pe_p2_pa_timing_197 |         83 |         83 |       0 |    0 |    201 |      0 |      0 |    0 |          0 |
|               u_mul                      |              pack2_mult_padd_1335 |          4 |          3 |       0 |    1 |     24 |      0 |      0 |    0 |          1 |
|             g_row[13].g_col[16].u_pe     |            ae_pe_p2_pa_timing_198 |         87 |         86 |       0 |    1 |    225 |      0 |      0 |    0 |          1 |
|               (g_row[13].g_col[16].u_pe) |            ae_pe_p2_pa_timing_198 |         83 |         83 |       0 |    0 |    201 |      0 |      0 |    0 |          0 |
|               u_mul                      |              pack2_mult_padd_1334 |          4 |          3 |       0 |    1 |     24 |      0 |      0 |    0 |          1 |
|             g_row[13].g_col[17].u_pe     |            ae_pe_p2_pa_timing_199 |         87 |         86 |       0 |    1 |    225 |      0 |      0 |    0 |          1 |
|               (g_row[13].g_col[17].u_pe) |            ae_pe_p2_pa_timing_199 |         83 |         83 |       0 |    0 |    201 |      0 |      0 |    0 |          0 |
|               u_mul                      |              pack2_mult_padd_1333 |          4 |          3 |       0 |    1 |     24 |      0 |      0 |    0 |          1 |
|             g_row[13].g_col[18].u_pe     |            ae_pe_p2_pa_timing_200 |         87 |         86 |       0 |    1 |    225 |      0 |      0 |    0 |          1 |
|               (g_row[13].g_col[18].u_pe) |            ae_pe_p2_pa_timing_200 |         83 |         83 |       0 |    0 |    201 |      0 |      0 |    0 |          0 |
|               u_mul                      |              pack2_mult_padd_1332 |          4 |          3 |       0 |    1 |     24 |      0 |      0 |    0 |          1 |
|             g_row[13].g_col[19].u_pe     |            ae_pe_p2_pa_timing_201 |         87 |         86 |       0 |    1 |    225 |      0 |      0 |    0 |          1 |
|               (g_row[13].g_col[19].u_pe) |            ae_pe_p2_pa_timing_201 |         83 |         83 |       0 |    0 |    201 |      0 |      0 |    0 |          0 |
|               u_mul                      |              pack2_mult_padd_1331 |          4 |          3 |       0 |    1 |     24 |      0 |      0 |    0 |          1 |
|             g_row[13].g_col[1].u_pe      |            ae_pe_p2_pa_timing_202 |         87 |         86 |       0 |    1 |    225 |      0 |      0 |    0 |          1 |
|               (g_row[13].g_col[1].u_pe)  |            ae_pe_p2_pa_timing_202 |         83 |         83 |       0 |    0 |    201 |      0 |      0 |    0 |          0 |
|               u_mul                      |              pack2_mult_padd_1330 |          4 |          3 |       0 |    1 |     24 |      0 |      0 |    0 |          1 |
|             g_row[13].g_col[20].u_pe     |            ae_pe_p2_pa_timing_203 |         87 |         86 |       0 |    1 |    225 |      0 |      0 |    0 |          1 |
|               (g_row[13].g_col[20].u_pe) |            ae_pe_p2_pa_timing_203 |         83 |         83 |       0 |    0 |    201 |      0 |      0 |    0 |          0 |
|               u_mul                      |              pack2_mult_padd_1329 |          4 |          3 |       0 |    1 |     24 |      0 |      0 |    0 |          1 |
|             g_row[13].g_col[21].u_pe     |            ae_pe_p2_pa_timing_204 |         87 |         86 |       0 |    1 |    225 |      0 |      0 |    0 |          1 |
|               (g_row[13].g_col[21].u_pe) |            ae_pe_p2_pa_timing_204 |         83 |         83 |       0 |    0 |    201 |      0 |      0 |    0 |          0 |
|               u_mul                      |              pack2_mult_padd_1328 |          4 |          3 |       0 |    1 |     24 |      0 |      0 |    0 |          1 |
|             g_row[13].g_col[22].u_pe     |            ae_pe_p2_pa_timing_205 |         87 |         86 |       0 |    1 |    225 |      0 |      0 |    0 |          1 |
|               (g_row[13].g_col[22].u_pe) |            ae_pe_p2_pa_timing_205 |         83 |         83 |       0 |    0 |    201 |      0 |      0 |    0 |          0 |
|               u_mul                      |              pack2_mult_padd_1327 |          4 |          3 |       0 |    1 |     24 |      0 |      0 |    0 |          1 |
|             g_row[13].g_col[23].u_pe     |            ae_pe_p2_pa_timing_206 |         87 |         86 |       0 |    1 |    225 |      0 |      0 |    0 |          1 |
|               (g_row[13].g_col[23].u_pe) |            ae_pe_p2_pa_timing_206 |         83 |         83 |       0 |    0 |    201 |      0 |      0 |    0 |          0 |
|               u_mul                      |              pack2_mult_padd_1326 |          4 |          3 |       0 |    1 |     24 |      0 |      0 |    0 |          1 |
|             g_row[13].g_col[24].u_pe     |            ae_pe_p2_pa_timing_207 |         87 |         86 |       0 |    1 |    225 |      0 |      0 |    0 |          1 |
|               (g_row[13].g_col[24].u_pe) |            ae_pe_p2_pa_timing_207 |         83 |         83 |       0 |    0 |    201 |      0 |      0 |    0 |          0 |
|               u_mul                      |              pack2_mult_padd_1325 |          4 |          3 |       0 |    1 |     24 |      0 |      0 |    0 |          1 |
|             g_row[13].g_col[25].u_pe     |            ae_pe_p2_pa_timing_208 |         87 |         86 |       0 |    1 |    225 |      0 |      0 |    0 |          1 |
|               (g_row[13].g_col[25].u_pe) |            ae_pe_p2_pa_timing_208 |         83 |         83 |       0 |    0 |    201 |      0 |      0 |    0 |          0 |
|               u_mul                      |              pack2_mult_padd_1324 |          4 |          3 |       0 |    1 |     24 |      0 |      0 |    0 |          1 |
|             g_row[13].g_col[26].u_pe     |            ae_pe_p2_pa_timing_209 |         87 |         86 |       0 |    1 |    225 |      0 |      0 |    0 |          1 |
|               (g_row[13].g_col[26].u_pe) |            ae_pe_p2_pa_timing_209 |         83 |         83 |       0 |    0 |    201 |      0 |      0 |    0 |          0 |
|               u_mul                      |              pack2_mult_padd_1323 |          4 |          3 |       0 |    1 |     24 |      0 |      0 |    0 |          1 |
|             g_row[13].g_col[27].u_pe     |            ae_pe_p2_pa_timing_210 |         87 |         86 |       0 |    1 |    225 |      0 |      0 |    0 |          1 |
|               (g_row[13].g_col[27].u_pe) |            ae_pe_p2_pa_timing_210 |         83 |         83 |       0 |    0 |    201 |      0 |      0 |    0 |          0 |
|               u_mul                      |              pack2_mult_padd_1322 |          4 |          3 |       0 |    1 |     24 |      0 |      0 |    0 |          1 |
|             g_row[13].g_col[28].u_pe     |            ae_pe_p2_pa_timing_211 |         87 |         86 |       0 |    1 |    225 |      0 |      0 |    0 |          1 |
|               (g_row[13].g_col[28].u_pe) |            ae_pe_p2_pa_timing_211 |         83 |         83 |       0 |    0 |    201 |      0 |      0 |    0 |          0 |
|               u_mul                      |              pack2_mult_padd_1321 |          4 |          3 |       0 |    1 |     24 |      0 |      0 |    0 |          1 |
|             g_row[13].g_col[29].u_pe     |            ae_pe_p2_pa_timing_212 |         87 |         86 |       0 |    1 |    225 |      0 |      0 |    0 |          1 |
|               (g_row[13].g_col[29].u_pe) |            ae_pe_p2_pa_timing_212 |         83 |         83 |       0 |    0 |    201 |      0 |      0 |    0 |          0 |
|               u_mul                      |              pack2_mult_padd_1320 |          4 |          3 |       0 |    1 |     24 |      0 |      0 |    0 |          1 |
|             g_row[13].g_col[2].u_pe      |            ae_pe_p2_pa_timing_213 |         87 |         86 |       0 |    1 |    225 |      0 |      0 |    0 |          1 |
|               (g_row[13].g_col[2].u_pe)  |            ae_pe_p2_pa_timing_213 |         83 |         83 |       0 |    0 |    201 |      0 |      0 |    0 |          0 |
|               u_mul                      |              pack2_mult_padd_1319 |          4 |          3 |       0 |    1 |     24 |      0 |      0 |    0 |          1 |
|             g_row[13].g_col[30].u_pe     |            ae_pe_p2_pa_timing_214 |         87 |         86 |       0 |    1 |    225 |      0 |      0 |    0 |          1 |
|               (g_row[13].g_col[30].u_pe) |            ae_pe_p2_pa_timing_214 |         83 |         83 |       0 |    0 |    201 |      0 |      0 |    0 |          0 |
|               u_mul                      |              pack2_mult_padd_1318 |          4 |          3 |       0 |    1 |     24 |      0 |      0 |    0 |          1 |
|             g_row[13].g_col[31].u_pe     |            ae_pe_p2_pa_timing_215 |         87 |         86 |       0 |    1 |    225 |      0 |      0 |    0 |          1 |
|               (g_row[13].g_col[31].u_pe) |            ae_pe_p2_pa_timing_215 |         83 |         83 |       0 |    0 |    201 |      0 |      0 |    0 |          0 |
|               u_mul                      |              pack2_mult_padd_1317 |          4 |          3 |       0 |    1 |     24 |      0 |      0 |    0 |          1 |
|             g_row[13].g_col[32].u_pe     |            ae_pe_p2_pa_timing_216 |         87 |         86 |       0 |    1 |    225 |      0 |      0 |    0 |          1 |
|               (g_row[13].g_col[32].u_pe) |            ae_pe_p2_pa_timing_216 |         83 |         83 |       0 |    0 |    201 |      0 |      0 |    0 |          0 |
|               u_mul                      |              pack2_mult_padd_1316 |          4 |          3 |       0 |    1 |     24 |      0 |      0 |    0 |          1 |
|             g_row[13].g_col[33].u_pe     |            ae_pe_p2_pa_timing_217 |         87 |         86 |       0 |    1 |    225 |      0 |      0 |    0 |          1 |
|               (g_row[13].g_col[33].u_pe) |            ae_pe_p2_pa_timing_217 |         83 |         83 |       0 |    0 |    201 |      0 |      0 |    0 |          0 |
|               u_mul                      |              pack2_mult_padd_1315 |          4 |          3 |       0 |    1 |     24 |      0 |      0 |    0 |          1 |
|             g_row[13].g_col[34].u_pe     |            ae_pe_p2_pa_timing_218 |         87 |         86 |       0 |    1 |    225 |      0 |      0 |    0 |          1 |
|               (g_row[13].g_col[34].u_pe) |            ae_pe_p2_pa_timing_218 |         83 |         83 |       0 |    0 |    201 |      0 |      0 |    0 |          0 |
|               u_mul                      |              pack2_mult_padd_1314 |          4 |          3 |       0 |    1 |     24 |      0 |      0 |    0 |          1 |
|             g_row[13].g_col[35].u_pe     |            ae_pe_p2_pa_timing_219 |         87 |         86 |       0 |    1 |    225 |      0 |      0 |    0 |          1 |
|               (g_row[13].g_col[35].u_pe) |            ae_pe_p2_pa_timing_219 |         83 |         83 |       0 |    0 |    201 |      0 |      0 |    0 |          0 |
|               u_mul                      |              pack2_mult_padd_1313 |          4 |          3 |       0 |    1 |     24 |      0 |      0 |    0 |          1 |
|             g_row[13].g_col[36].u_pe     |            ae_pe_p2_pa_timing_220 |         87 |         86 |       0 |    1 |    225 |      0 |      0 |    0 |          1 |
|               (g_row[13].g_col[36].u_pe) |            ae_pe_p2_pa_timing_220 |         83 |         83 |       0 |    0 |    201 |      0 |      0 |    0 |          0 |
|               u_mul                      |              pack2_mult_padd_1312 |          4 |          3 |       0 |    1 |     24 |      0 |      0 |    0 |          1 |
|             g_row[13].g_col[37].u_pe     |            ae_pe_p2_pa_timing_221 |         87 |         86 |       0 |    1 |    225 |      0 |      0 |    0 |          1 |
|               (g_row[13].g_col[37].u_pe) |            ae_pe_p2_pa_timing_221 |         83 |         83 |       0 |    0 |    201 |      0 |      0 |    0 |          0 |
|               u_mul                      |              pack2_mult_padd_1311 |          4 |          3 |       0 |    1 |     24 |      0 |      0 |    0 |          1 |
|             g_row[13].g_col[38].u_pe     |            ae_pe_p2_pa_timing_222 |         87 |         86 |       0 |    1 |    225 |      0 |      0 |    0 |          1 |
|               (g_row[13].g_col[38].u_pe) |            ae_pe_p2_pa_timing_222 |         83 |         83 |       0 |    0 |    201 |      0 |      0 |    0 |          0 |
|               u_mul                      |              pack2_mult_padd_1310 |          4 |          3 |       0 |    1 |     24 |      0 |      0 |    0 |          1 |
|             g_row[13].g_col[39].u_pe     |            ae_pe_p2_pa_timing_223 |         87 |         86 |       0 |    1 |    225 |      0 |      0 |    0 |          1 |
|               (g_row[13].g_col[39].u_pe) |            ae_pe_p2_pa_timing_223 |         83 |         83 |       0 |    0 |    201 |      0 |      0 |    0 |          0 |
|               u_mul                      |              pack2_mult_padd_1309 |          4 |          3 |       0 |    1 |     24 |      0 |      0 |    0 |          1 |
|             g_row[13].g_col[3].u_pe      |            ae_pe_p2_pa_timing_224 |         87 |         86 |       0 |    1 |    225 |      0 |      0 |    0 |          1 |
|               (g_row[13].g_col[3].u_pe)  |            ae_pe_p2_pa_timing_224 |         83 |         83 |       0 |    0 |    201 |      0 |      0 |    0 |          0 |
|               u_mul                      |              pack2_mult_padd_1308 |          4 |          3 |       0 |    1 |     24 |      0 |      0 |    0 |          1 |
|             g_row[13].g_col[40].u_pe     |            ae_pe_p2_pa_timing_225 |         87 |         86 |       0 |    1 |    225 |      0 |      0 |    0 |          1 |
|               (g_row[13].g_col[40].u_pe) |            ae_pe_p2_pa_timing_225 |         83 |         83 |       0 |    0 |    201 |      0 |      0 |    0 |          0 |
|               u_mul                      |              pack2_mult_padd_1307 |          4 |          3 |       0 |    1 |     24 |      0 |      0 |    0 |          1 |
|             g_row[13].g_col[41].u_pe     |            ae_pe_p2_pa_timing_226 |         87 |         86 |       0 |    1 |    225 |      0 |      0 |    0 |          1 |
|               (g_row[13].g_col[41].u_pe) |            ae_pe_p2_pa_timing_226 |         83 |         83 |       0 |    0 |    201 |      0 |      0 |    0 |          0 |
|               u_mul                      |              pack2_mult_padd_1306 |          4 |          3 |       0 |    1 |     24 |      0 |      0 |    0 |          1 |
|             g_row[13].g_col[42].u_pe     |            ae_pe_p2_pa_timing_227 |         87 |         86 |       0 |    1 |    225 |      0 |      0 |    0 |          1 |
|               (g_row[13].g_col[42].u_pe) |            ae_pe_p2_pa_timing_227 |         83 |         83 |       0 |    0 |    201 |      0 |      0 |    0 |          0 |
|               u_mul                      |              pack2_mult_padd_1305 |          4 |          3 |       0 |    1 |     24 |      0 |      0 |    0 |          1 |
|             g_row[13].g_col[43].u_pe     |            ae_pe_p2_pa_timing_228 |         87 |         86 |       0 |    1 |    225 |      0 |      0 |    0 |          1 |
|               (g_row[13].g_col[43].u_pe) |            ae_pe_p2_pa_timing_228 |         83 |         83 |       0 |    0 |    201 |      0 |      0 |    0 |          0 |
|               u_mul                      |              pack2_mult_padd_1304 |          4 |          3 |       0 |    1 |     24 |      0 |      0 |    0 |          1 |
|             g_row[13].g_col[44].u_pe     |            ae_pe_p2_pa_timing_229 |         87 |         86 |       0 |    1 |    225 |      0 |      0 |    0 |          1 |
|               (g_row[13].g_col[44].u_pe) |            ae_pe_p2_pa_timing_229 |         83 |         83 |       0 |    0 |    201 |      0 |      0 |    0 |          0 |
|               u_mul                      |              pack2_mult_padd_1303 |          4 |          3 |       0 |    1 |     24 |      0 |      0 |    0 |          1 |
|             g_row[13].g_col[45].u_pe     |            ae_pe_p2_pa_timing_230 |         87 |         86 |       0 |    1 |    225 |      0 |      0 |    0 |          1 |
|               (g_row[13].g_col[45].u_pe) |            ae_pe_p2_pa_timing_230 |         83 |         83 |       0 |    0 |    201 |      0 |      0 |    0 |          0 |
|               u_mul                      |              pack2_mult_padd_1302 |          4 |          3 |       0 |    1 |     24 |      0 |      0 |    0 |          1 |
|             g_row[13].g_col[46].u_pe     |            ae_pe_p2_pa_timing_231 |         87 |         86 |       0 |    1 |    225 |      0 |      0 |    0 |          1 |
|               (g_row[13].g_col[46].u_pe) |            ae_pe_p2_pa_timing_231 |         83 |         83 |       0 |    0 |    201 |      0 |      0 |    0 |          0 |
|               u_mul                      |              pack2_mult_padd_1301 |          4 |          3 |       0 |    1 |     24 |      0 |      0 |    0 |          1 |
|             g_row[13].g_col[47].u_pe     |            ae_pe_p2_pa_timing_232 |         87 |         86 |       0 |    1 |    225 |      0 |      0 |    0 |          1 |
|               (g_row[13].g_col[47].u_pe) |            ae_pe_p2_pa_timing_232 |         83 |         83 |       0 |    0 |    201 |      0 |      0 |    0 |          0 |
|               u_mul                      |              pack2_mult_padd_1300 |          4 |          3 |       0 |    1 |     24 |      0 |      0 |    0 |          1 |
|             g_row[13].g_col[4].u_pe      |            ae_pe_p2_pa_timing_233 |         86 |         85 |       0 |    1 |    224 |      0 |      0 |    0 |          1 |
|               (g_row[13].g_col[4].u_pe)  |            ae_pe_p2_pa_timing_233 |         83 |         83 |       0 |    0 |    200 |      0 |      0 |    0 |          0 |
|               u_mul                      |              pack2_mult_padd_1299 |          3 |          2 |       0 |    1 |     24 |      0 |      0 |    0 |          1 |
|             g_row[13].g_col[5].u_pe      |            ae_pe_p2_pa_timing_234 |         87 |         86 |       0 |    1 |    225 |      0 |      0 |    0 |          1 |
|               (g_row[13].g_col[5].u_pe)  |            ae_pe_p2_pa_timing_234 |         83 |         83 |       0 |    0 |    201 |      0 |      0 |    0 |          0 |
|               u_mul                      |              pack2_mult_padd_1298 |          4 |          3 |       0 |    1 |     24 |      0 |      0 |    0 |          1 |
|             g_row[13].g_col[6].u_pe      |            ae_pe_p2_pa_timing_235 |         87 |         86 |       0 |    1 |    225 |      0 |      0 |    0 |          1 |
|               (g_row[13].g_col[6].u_pe)  |            ae_pe_p2_pa_timing_235 |         83 |         83 |       0 |    0 |    201 |      0 |      0 |    0 |          0 |
|               u_mul                      |              pack2_mult_padd_1297 |          4 |          3 |       0 |    1 |     24 |      0 |      0 |    0 |          1 |
|             g_row[13].g_col[7].u_pe      |            ae_pe_p2_pa_timing_236 |         87 |         86 |       0 |    1 |    225 |      0 |      0 |    0 |          1 |
|               (g_row[13].g_col[7].u_pe)  |            ae_pe_p2_pa_timing_236 |         83 |         83 |       0 |    0 |    201 |      0 |      0 |    0 |          0 |
|               u_mul                      |              pack2_mult_padd_1296 |          4 |          3 |       0 |    1 |     24 |      0 |      0 |    0 |          1 |
|             g_row[13].g_col[8].u_pe      |            ae_pe_p2_pa_timing_237 |         86 |         85 |       0 |    1 |    224 |      0 |      0 |    0 |          1 |
|               (g_row[13].g_col[8].u_pe)  |            ae_pe_p2_pa_timing_237 |         83 |         83 |       0 |    0 |    200 |      0 |      0 |    0 |          0 |
|               u_mul                      |              pack2_mult_padd_1295 |          3 |          2 |       0 |    1 |     24 |      0 |      0 |    0 |          1 |
|             g_row[13].g_col[9].u_pe      |            ae_pe_p2_pa_timing_238 |         87 |         86 |       0 |    1 |    225 |      0 |      0 |    0 |          1 |
|               (g_row[13].g_col[9].u_pe)  |            ae_pe_p2_pa_timing_238 |         83 |         83 |       0 |    0 |    201 |      0 |      0 |    0 |          0 |
|               u_mul                      |              pack2_mult_padd_1294 |          4 |          3 |       0 |    1 |     24 |      0 |      0 |    0 |          1 |
|             g_row[14].g_col[0].u_pe      |            ae_pe_p2_pa_timing_239 |         87 |         86 |       0 |    1 |    225 |      0 |      0 |    0 |          1 |
|               (g_row[14].g_col[0].u_pe)  |            ae_pe_p2_pa_timing_239 |         83 |         83 |       0 |    0 |    201 |      0 |      0 |    0 |          0 |
|               u_mul                      |              pack2_mult_padd_1293 |          4 |          3 |       0 |    1 |     24 |      0 |      0 |    0 |          1 |
|             g_row[14].g_col[10].u_pe     |            ae_pe_p2_pa_timing_240 |         87 |         86 |       0 |    1 |    225 |      0 |      0 |    0 |          1 |
|               (g_row[14].g_col[10].u_pe) |            ae_pe_p2_pa_timing_240 |         83 |         83 |       0 |    0 |    201 |      0 |      0 |    0 |          0 |
|               u_mul                      |              pack2_mult_padd_1292 |          4 |          3 |       0 |    1 |     24 |      0 |      0 |    0 |          1 |
|             g_row[14].g_col[11].u_pe     |            ae_pe_p2_pa_timing_241 |         87 |         86 |       0 |    1 |    225 |      0 |      0 |    0 |          1 |
|               (g_row[14].g_col[11].u_pe) |            ae_pe_p2_pa_timing_241 |         83 |         83 |       0 |    0 |    201 |      0 |      0 |    0 |          0 |
|               u_mul                      |              pack2_mult_padd_1291 |          4 |          3 |       0 |    1 |     24 |      0 |      0 |    0 |          1 |
|             g_row[14].g_col[12].u_pe     |            ae_pe_p2_pa_timing_242 |         87 |         86 |       0 |    1 |    225 |      0 |      0 |    0 |          1 |
|               (g_row[14].g_col[12].u_pe) |            ae_pe_p2_pa_timing_242 |         83 |         83 |       0 |    0 |    201 |      0 |      0 |    0 |          0 |
|               u_mul                      |              pack2_mult_padd_1290 |          4 |          3 |       0 |    1 |     24 |      0 |      0 |    0 |          1 |
|             g_row[14].g_col[13].u_pe     |            ae_pe_p2_pa_timing_243 |         87 |         86 |       0 |    1 |    225 |      0 |      0 |    0 |          1 |
|               (g_row[14].g_col[13].u_pe) |            ae_pe_p2_pa_timing_243 |         83 |         83 |       0 |    0 |    201 |      0 |      0 |    0 |          0 |
|               u_mul                      |              pack2_mult_padd_1289 |          4 |          3 |       0 |    1 |     24 |      0 |      0 |    0 |          1 |
|             g_row[14].g_col[14].u_pe     |            ae_pe_p2_pa_timing_244 |         87 |         86 |       0 |    1 |    225 |      0 |      0 |    0 |          1 |
|               (g_row[14].g_col[14].u_pe) |            ae_pe_p2_pa_timing_244 |         83 |         83 |       0 |    0 |    201 |      0 |      0 |    0 |          0 |
|               u_mul                      |              pack2_mult_padd_1288 |          4 |          3 |       0 |    1 |     24 |      0 |      0 |    0 |          1 |
|             g_row[14].g_col[15].u_pe     |            ae_pe_p2_pa_timing_245 |         87 |         86 |       0 |    1 |    225 |      0 |      0 |    0 |          1 |
|               (g_row[14].g_col[15].u_pe) |            ae_pe_p2_pa_timing_245 |         83 |         83 |       0 |    0 |    201 |      0 |      0 |    0 |          0 |
|               u_mul                      |              pack2_mult_padd_1287 |          4 |          3 |       0 |    1 |     24 |      0 |      0 |    0 |          1 |
|             g_row[14].g_col[16].u_pe     |            ae_pe_p2_pa_timing_246 |         87 |         86 |       0 |    1 |    225 |      0 |      0 |    0 |          1 |
|               (g_row[14].g_col[16].u_pe) |            ae_pe_p2_pa_timing_246 |         83 |         83 |       0 |    0 |    201 |      0 |      0 |    0 |          0 |
|               u_mul                      |              pack2_mult_padd_1286 |          4 |          3 |       0 |    1 |     24 |      0 |      0 |    0 |          1 |
|             g_row[14].g_col[17].u_pe     |            ae_pe_p2_pa_timing_247 |         87 |         86 |       0 |    1 |    225 |      0 |      0 |    0 |          1 |
|               (g_row[14].g_col[17].u_pe) |            ae_pe_p2_pa_timing_247 |         83 |         83 |       0 |    0 |    201 |      0 |      0 |    0 |          0 |
|               u_mul                      |              pack2_mult_padd_1285 |          4 |          3 |       0 |    1 |     24 |      0 |      0 |    0 |          1 |
|             g_row[14].g_col[18].u_pe     |            ae_pe_p2_pa_timing_248 |         87 |         86 |       0 |    1 |    225 |      0 |      0 |    0 |          1 |
|               (g_row[14].g_col[18].u_pe) |            ae_pe_p2_pa_timing_248 |         83 |         83 |       0 |    0 |    201 |      0 |      0 |    0 |          0 |
|               u_mul                      |              pack2_mult_padd_1284 |          4 |          3 |       0 |    1 |     24 |      0 |      0 |    0 |          1 |
|             g_row[14].g_col[19].u_pe     |            ae_pe_p2_pa_timing_249 |         87 |         86 |       0 |    1 |    225 |      0 |      0 |    0 |          1 |
|               (g_row[14].g_col[19].u_pe) |            ae_pe_p2_pa_timing_249 |         83 |         83 |       0 |    0 |    201 |      0 |      0 |    0 |          0 |
|               u_mul                      |              pack2_mult_padd_1283 |          4 |          3 |       0 |    1 |     24 |      0 |      0 |    0 |          1 |
|             g_row[14].g_col[1].u_pe      |            ae_pe_p2_pa_timing_250 |         87 |         86 |       0 |    1 |    225 |      0 |      0 |    0 |          1 |
|               (g_row[14].g_col[1].u_pe)  |            ae_pe_p2_pa_timing_250 |         83 |         83 |       0 |    0 |    201 |      0 |      0 |    0 |          0 |
|               u_mul                      |              pack2_mult_padd_1282 |          4 |          3 |       0 |    1 |     24 |      0 |      0 |    0 |          1 |
|             g_row[14].g_col[20].u_pe     |            ae_pe_p2_pa_timing_251 |         87 |         86 |       0 |    1 |    225 |      0 |      0 |    0 |          1 |
|               (g_row[14].g_col[20].u_pe) |            ae_pe_p2_pa_timing_251 |         83 |         83 |       0 |    0 |    201 |      0 |      0 |    0 |          0 |
|               u_mul                      |              pack2_mult_padd_1281 |          4 |          3 |       0 |    1 |     24 |      0 |      0 |    0 |          1 |
|             g_row[14].g_col[21].u_pe     |            ae_pe_p2_pa_timing_252 |         87 |         86 |       0 |    1 |    225 |      0 |      0 |    0 |          1 |
|               (g_row[14].g_col[21].u_pe) |            ae_pe_p2_pa_timing_252 |         83 |         83 |       0 |    0 |    201 |      0 |      0 |    0 |          0 |
|               u_mul                      |              pack2_mult_padd_1280 |          4 |          3 |       0 |    1 |     24 |      0 |      0 |    0 |          1 |
|             g_row[14].g_col[22].u_pe     |            ae_pe_p2_pa_timing_253 |         87 |         86 |       0 |    1 |    225 |      0 |      0 |    0 |          1 |
|               (g_row[14].g_col[22].u_pe) |            ae_pe_p2_pa_timing_253 |         83 |         83 |       0 |    0 |    201 |      0 |      0 |    0 |          0 |
|               u_mul                      |              pack2_mult_padd_1279 |          4 |          3 |       0 |    1 |     24 |      0 |      0 |    0 |          1 |
|             g_row[14].g_col[23].u_pe     |            ae_pe_p2_pa_timing_254 |         87 |         86 |       0 |    1 |    225 |      0 |      0 |    0 |          1 |
|               (g_row[14].g_col[23].u_pe) |            ae_pe_p2_pa_timing_254 |         83 |         83 |       0 |    0 |    201 |      0 |      0 |    0 |          0 |
|               u_mul                      |              pack2_mult_padd_1278 |          4 |          3 |       0 |    1 |     24 |      0 |      0 |    0 |          1 |
|             g_row[14].g_col[24].u_pe     |            ae_pe_p2_pa_timing_255 |         87 |         86 |       0 |    1 |    225 |      0 |      0 |    0 |          1 |
|               (g_row[14].g_col[24].u_pe) |            ae_pe_p2_pa_timing_255 |         83 |         83 |       0 |    0 |    201 |      0 |      0 |    0 |          0 |
|               u_mul                      |              pack2_mult_padd_1277 |          4 |          3 |       0 |    1 |     24 |      0 |      0 |    0 |          1 |
|             g_row[14].g_col[25].u_pe     |            ae_pe_p2_pa_timing_256 |         87 |         86 |       0 |    1 |    225 |      0 |      0 |    0 |          1 |
|               (g_row[14].g_col[25].u_pe) |            ae_pe_p2_pa_timing_256 |         83 |         83 |       0 |    0 |    201 |      0 |      0 |    0 |          0 |
|               u_mul                      |              pack2_mult_padd_1276 |          4 |          3 |       0 |    1 |     24 |      0 |      0 |    0 |          1 |
|             g_row[14].g_col[26].u_pe     |            ae_pe_p2_pa_timing_257 |         87 |         86 |       0 |    1 |    225 |      0 |      0 |    0 |          1 |
|               (g_row[14].g_col[26].u_pe) |            ae_pe_p2_pa_timing_257 |         83 |         83 |       0 |    0 |    201 |      0 |      0 |    0 |          0 |
|               u_mul                      |              pack2_mult_padd_1275 |          4 |          3 |       0 |    1 |     24 |      0 |      0 |    0 |          1 |
|             g_row[14].g_col[27].u_pe     |            ae_pe_p2_pa_timing_258 |         87 |         86 |       0 |    1 |    225 |      0 |      0 |    0 |          1 |
|               (g_row[14].g_col[27].u_pe) |            ae_pe_p2_pa_timing_258 |         83 |         83 |       0 |    0 |    201 |      0 |      0 |    0 |          0 |
|               u_mul                      |              pack2_mult_padd_1274 |          4 |          3 |       0 |    1 |     24 |      0 |      0 |    0 |          1 |
|             g_row[14].g_col[28].u_pe     |            ae_pe_p2_pa_timing_259 |         87 |         86 |       0 |    1 |    225 |      0 |      0 |    0 |          1 |
|               (g_row[14].g_col[28].u_pe) |            ae_pe_p2_pa_timing_259 |         83 |         83 |       0 |    0 |    201 |      0 |      0 |    0 |          0 |
|               u_mul                      |              pack2_mult_padd_1273 |          4 |          3 |       0 |    1 |     24 |      0 |      0 |    0 |          1 |
|             g_row[14].g_col[29].u_pe     |            ae_pe_p2_pa_timing_260 |         87 |         86 |       0 |    1 |    225 |      0 |      0 |    0 |          1 |
|               (g_row[14].g_col[29].u_pe) |            ae_pe_p2_pa_timing_260 |         83 |         83 |       0 |    0 |    201 |      0 |      0 |    0 |          0 |
|               u_mul                      |              pack2_mult_padd_1272 |          4 |          3 |       0 |    1 |     24 |      0 |      0 |    0 |          1 |
|             g_row[14].g_col[2].u_pe      |            ae_pe_p2_pa_timing_261 |         87 |         86 |       0 |    1 |    225 |      0 |      0 |    0 |          1 |
|               (g_row[14].g_col[2].u_pe)  |            ae_pe_p2_pa_timing_261 |         83 |         83 |       0 |    0 |    201 |      0 |      0 |    0 |          0 |
|               u_mul                      |              pack2_mult_padd_1271 |          4 |          3 |       0 |    1 |     24 |      0 |      0 |    0 |          1 |
|             g_row[14].g_col[30].u_pe     |            ae_pe_p2_pa_timing_262 |         87 |         86 |       0 |    1 |    225 |      0 |      0 |    0 |          1 |
|               (g_row[14].g_col[30].u_pe) |            ae_pe_p2_pa_timing_262 |         83 |         83 |       0 |    0 |    201 |      0 |      0 |    0 |          0 |
|               u_mul                      |              pack2_mult_padd_1270 |          4 |          3 |       0 |    1 |     24 |      0 |      0 |    0 |          1 |
|             g_row[14].g_col[31].u_pe     |            ae_pe_p2_pa_timing_263 |         87 |         86 |       0 |    1 |    225 |      0 |      0 |    0 |          1 |
|               (g_row[14].g_col[31].u_pe) |            ae_pe_p2_pa_timing_263 |         83 |         83 |       0 |    0 |    201 |      0 |      0 |    0 |          0 |
|               u_mul                      |              pack2_mult_padd_1269 |          4 |          3 |       0 |    1 |     24 |      0 |      0 |    0 |          1 |
|             g_row[14].g_col[32].u_pe     |            ae_pe_p2_pa_timing_264 |         87 |         86 |       0 |    1 |    225 |      0 |      0 |    0 |          1 |
|               (g_row[14].g_col[32].u_pe) |            ae_pe_p2_pa_timing_264 |         83 |         83 |       0 |    0 |    201 |      0 |      0 |    0 |          0 |
|               u_mul                      |              pack2_mult_padd_1268 |          4 |          3 |       0 |    1 |     24 |      0 |      0 |    0 |          1 |
|             g_row[14].g_col[33].u_pe     |            ae_pe_p2_pa_timing_265 |         87 |         86 |       0 |    1 |    225 |      0 |      0 |    0 |          1 |
|               (g_row[14].g_col[33].u_pe) |            ae_pe_p2_pa_timing_265 |         83 |         83 |       0 |    0 |    201 |      0 |      0 |    0 |          0 |
|               u_mul                      |              pack2_mult_padd_1267 |          4 |          3 |       0 |    1 |     24 |      0 |      0 |    0 |          1 |
|             g_row[14].g_col[34].u_pe     |            ae_pe_p2_pa_timing_266 |         87 |         86 |       0 |    1 |    225 |      0 |      0 |    0 |          1 |
|               (g_row[14].g_col[34].u_pe) |            ae_pe_p2_pa_timing_266 |         83 |         83 |       0 |    0 |    201 |      0 |      0 |    0 |          0 |
|               u_mul                      |              pack2_mult_padd_1266 |          4 |          3 |       0 |    1 |     24 |      0 |      0 |    0 |          1 |
|             g_row[14].g_col[35].u_pe     |            ae_pe_p2_pa_timing_267 |         87 |         86 |       0 |    1 |    225 |      0 |      0 |    0 |          1 |
|               (g_row[14].g_col[35].u_pe) |            ae_pe_p2_pa_timing_267 |         83 |         83 |       0 |    0 |    201 |      0 |      0 |    0 |          0 |
|               u_mul                      |              pack2_mult_padd_1265 |          4 |          3 |       0 |    1 |     24 |      0 |      0 |    0 |          1 |
|             g_row[14].g_col[36].u_pe     |            ae_pe_p2_pa_timing_268 |         87 |         86 |       0 |    1 |    225 |      0 |      0 |    0 |          1 |
|               (g_row[14].g_col[36].u_pe) |            ae_pe_p2_pa_timing_268 |         83 |         83 |       0 |    0 |    201 |      0 |      0 |    0 |          0 |
|               u_mul                      |              pack2_mult_padd_1264 |          4 |          3 |       0 |    1 |     24 |      0 |      0 |    0 |          1 |
|             g_row[14].g_col[37].u_pe     |            ae_pe_p2_pa_timing_269 |         87 |         86 |       0 |    1 |    225 |      0 |      0 |    0 |          1 |
|               (g_row[14].g_col[37].u_pe) |            ae_pe_p2_pa_timing_269 |         83 |         83 |       0 |    0 |    201 |      0 |      0 |    0 |          0 |
|               u_mul                      |              pack2_mult_padd_1263 |          4 |          3 |       0 |    1 |     24 |      0 |      0 |    0 |          1 |
|             g_row[14].g_col[38].u_pe     |            ae_pe_p2_pa_timing_270 |         87 |         86 |       0 |    1 |    225 |      0 |      0 |    0 |          1 |
|               (g_row[14].g_col[38].u_pe) |            ae_pe_p2_pa_timing_270 |         83 |         83 |       0 |    0 |    201 |      0 |      0 |    0 |          0 |
|               u_mul                      |              pack2_mult_padd_1262 |          4 |          3 |       0 |    1 |     24 |      0 |      0 |    0 |          1 |
|             g_row[14].g_col[39].u_pe     |            ae_pe_p2_pa_timing_271 |         87 |         86 |       0 |    1 |    225 |      0 |      0 |    0 |          1 |
|               (g_row[14].g_col[39].u_pe) |            ae_pe_p2_pa_timing_271 |         83 |         83 |       0 |    0 |    201 |      0 |      0 |    0 |          0 |
|               u_mul                      |              pack2_mult_padd_1261 |          4 |          3 |       0 |    1 |     24 |      0 |      0 |    0 |          1 |
|             g_row[14].g_col[3].u_pe      |            ae_pe_p2_pa_timing_272 |         87 |         86 |       0 |    1 |    225 |      0 |      0 |    0 |          1 |
|               (g_row[14].g_col[3].u_pe)  |            ae_pe_p2_pa_timing_272 |         83 |         83 |       0 |    0 |    201 |      0 |      0 |    0 |          0 |
|               u_mul                      |              pack2_mult_padd_1260 |          4 |          3 |       0 |    1 |     24 |      0 |      0 |    0 |          1 |
|             g_row[14].g_col[40].u_pe     |            ae_pe_p2_pa_timing_273 |         87 |         86 |       0 |    1 |    225 |      0 |      0 |    0 |          1 |
|               (g_row[14].g_col[40].u_pe) |            ae_pe_p2_pa_timing_273 |         83 |         83 |       0 |    0 |    201 |      0 |      0 |    0 |          0 |
|               u_mul                      |              pack2_mult_padd_1259 |          4 |          3 |       0 |    1 |     24 |      0 |      0 |    0 |          1 |
|             g_row[14].g_col[41].u_pe     |            ae_pe_p2_pa_timing_274 |         87 |         86 |       0 |    1 |    225 |      0 |      0 |    0 |          1 |
|               (g_row[14].g_col[41].u_pe) |            ae_pe_p2_pa_timing_274 |         83 |         83 |       0 |    0 |    201 |      0 |      0 |    0 |          0 |
|               u_mul                      |              pack2_mult_padd_1258 |          4 |          3 |       0 |    1 |     24 |      0 |      0 |    0 |          1 |
|             g_row[14].g_col[42].u_pe     |            ae_pe_p2_pa_timing_275 |         87 |         86 |       0 |    1 |    225 |      0 |      0 |    0 |          1 |
|               (g_row[14].g_col[42].u_pe) |            ae_pe_p2_pa_timing_275 |         83 |         83 |       0 |    0 |    201 |      0 |      0 |    0 |          0 |
|               u_mul                      |              pack2_mult_padd_1257 |          4 |          3 |       0 |    1 |     24 |      0 |      0 |    0 |          1 |
|             g_row[14].g_col[43].u_pe     |            ae_pe_p2_pa_timing_276 |         87 |         86 |       0 |    1 |    225 |      0 |      0 |    0 |          1 |
|               (g_row[14].g_col[43].u_pe) |            ae_pe_p2_pa_timing_276 |         83 |         83 |       0 |    0 |    201 |      0 |      0 |    0 |          0 |
|               u_mul                      |              pack2_mult_padd_1256 |          4 |          3 |       0 |    1 |     24 |      0 |      0 |    0 |          1 |
|             g_row[14].g_col[44].u_pe     |            ae_pe_p2_pa_timing_277 |         87 |         86 |       0 |    1 |    225 |      0 |      0 |    0 |          1 |
|               (g_row[14].g_col[44].u_pe) |            ae_pe_p2_pa_timing_277 |         83 |         83 |       0 |    0 |    201 |      0 |      0 |    0 |          0 |
|               u_mul                      |              pack2_mult_padd_1255 |          4 |          3 |       0 |    1 |     24 |      0 |      0 |    0 |          1 |
|             g_row[14].g_col[45].u_pe     |            ae_pe_p2_pa_timing_278 |         87 |         86 |       0 |    1 |    225 |      0 |      0 |    0 |          1 |
|               (g_row[14].g_col[45].u_pe) |            ae_pe_p2_pa_timing_278 |         83 |         83 |       0 |    0 |    201 |      0 |      0 |    0 |          0 |
|               u_mul                      |              pack2_mult_padd_1254 |          4 |          3 |       0 |    1 |     24 |      0 |      0 |    0 |          1 |
|             g_row[14].g_col[46].u_pe     |            ae_pe_p2_pa_timing_279 |         87 |         86 |       0 |    1 |    225 |      0 |      0 |    0 |          1 |
|               (g_row[14].g_col[46].u_pe) |            ae_pe_p2_pa_timing_279 |         83 |         83 |       0 |    0 |    201 |      0 |      0 |    0 |          0 |
|               u_mul                      |              pack2_mult_padd_1253 |          4 |          3 |       0 |    1 |     24 |      0 |      0 |    0 |          1 |
|             g_row[14].g_col[47].u_pe     |            ae_pe_p2_pa_timing_280 |         87 |         86 |       0 |    1 |    225 |      0 |      0 |    0 |          1 |
|               (g_row[14].g_col[47].u_pe) |            ae_pe_p2_pa_timing_280 |         83 |         83 |       0 |    0 |    201 |      0 |      0 |    0 |          0 |
|               u_mul                      |              pack2_mult_padd_1252 |          4 |          3 |       0 |    1 |     24 |      0 |      0 |    0 |          1 |
|             g_row[14].g_col[4].u_pe      |            ae_pe_p2_pa_timing_281 |         86 |         85 |       0 |    1 |    224 |      0 |      0 |    0 |          1 |
|               (g_row[14].g_col[4].u_pe)  |            ae_pe_p2_pa_timing_281 |         83 |         83 |       0 |    0 |    200 |      0 |      0 |    0 |          0 |
|               u_mul                      |              pack2_mult_padd_1251 |          3 |          2 |       0 |    1 |     24 |      0 |      0 |    0 |          1 |
|             g_row[14].g_col[5].u_pe      |            ae_pe_p2_pa_timing_282 |         87 |         86 |       0 |    1 |    225 |      0 |      0 |    0 |          1 |
|               (g_row[14].g_col[5].u_pe)  |            ae_pe_p2_pa_timing_282 |         83 |         83 |       0 |    0 |    201 |      0 |      0 |    0 |          0 |
|               u_mul                      |              pack2_mult_padd_1250 |          4 |          3 |       0 |    1 |     24 |      0 |      0 |    0 |          1 |
|             g_row[14].g_col[6].u_pe      |            ae_pe_p2_pa_timing_283 |         87 |         86 |       0 |    1 |    225 |      0 |      0 |    0 |          1 |
|               (g_row[14].g_col[6].u_pe)  |            ae_pe_p2_pa_timing_283 |         83 |         83 |       0 |    0 |    201 |      0 |      0 |    0 |          0 |
|               u_mul                      |              pack2_mult_padd_1249 |          4 |          3 |       0 |    1 |     24 |      0 |      0 |    0 |          1 |
|             g_row[14].g_col[7].u_pe      |            ae_pe_p2_pa_timing_284 |         87 |         86 |       0 |    1 |    225 |      0 |      0 |    0 |          1 |
|               (g_row[14].g_col[7].u_pe)  |            ae_pe_p2_pa_timing_284 |         83 |         83 |       0 |    0 |    201 |      0 |      0 |    0 |          0 |
|               u_mul                      |              pack2_mult_padd_1248 |          4 |          3 |       0 |    1 |     24 |      0 |      0 |    0 |          1 |
|             g_row[14].g_col[8].u_pe      |            ae_pe_p2_pa_timing_285 |         86 |         85 |       0 |    1 |    224 |      0 |      0 |    0 |          1 |
|               (g_row[14].g_col[8].u_pe)  |            ae_pe_p2_pa_timing_285 |         83 |         83 |       0 |    0 |    200 |      0 |      0 |    0 |          0 |
|               u_mul                      |              pack2_mult_padd_1247 |          3 |          2 |       0 |    1 |     24 |      0 |      0 |    0 |          1 |
|             g_row[14].g_col[9].u_pe      |            ae_pe_p2_pa_timing_286 |         87 |         86 |       0 |    1 |    225 |      0 |      0 |    0 |          1 |
|               (g_row[14].g_col[9].u_pe)  |            ae_pe_p2_pa_timing_286 |         83 |         83 |       0 |    0 |    201 |      0 |      0 |    0 |          0 |
|               u_mul                      |              pack2_mult_padd_1246 |          4 |          3 |       0 |    1 |     24 |      0 |      0 |    0 |          1 |
|             g_row[15].g_col[0].u_pe      |            ae_pe_p2_pa_timing_287 |        141 |        140 |       0 |    1 |    225 |      0 |      0 |    0 |          1 |
|               (g_row[15].g_col[0].u_pe)  |            ae_pe_p2_pa_timing_287 |        137 |        137 |       0 |    0 |    201 |      0 |      0 |    0 |          0 |
|               u_mul                      |              pack2_mult_padd_1245 |          4 |          3 |       0 |    1 |     24 |      0 |      0 |    0 |          1 |
|             g_row[15].g_col[10].u_pe     |            ae_pe_p2_pa_timing_288 |        141 |        140 |       0 |    1 |    225 |      0 |      0 |    0 |          1 |
|               (g_row[15].g_col[10].u_pe) |            ae_pe_p2_pa_timing_288 |        137 |        137 |       0 |    0 |    201 |      0 |      0 |    0 |          0 |
|               u_mul                      |              pack2_mult_padd_1244 |          4 |          3 |       0 |    1 |     24 |      0 |      0 |    0 |          1 |
|             g_row[15].g_col[11].u_pe     |            ae_pe_p2_pa_timing_289 |        141 |        140 |       0 |    1 |    225 |      0 |      0 |    0 |          1 |
|               (g_row[15].g_col[11].u_pe) |            ae_pe_p2_pa_timing_289 |        137 |        137 |       0 |    0 |    201 |      0 |      0 |    0 |          0 |
|               u_mul                      |              pack2_mult_padd_1243 |          4 |          3 |       0 |    1 |     24 |      0 |      0 |    0 |          1 |
|             g_row[15].g_col[12].u_pe     |            ae_pe_p2_pa_timing_290 |        141 |        140 |       0 |    1 |    225 |      0 |      0 |    0 |          1 |
|               (g_row[15].g_col[12].u_pe) |            ae_pe_p2_pa_timing_290 |        137 |        137 |       0 |    0 |    201 |      0 |      0 |    0 |          0 |
|               u_mul                      |              pack2_mult_padd_1242 |          4 |          3 |       0 |    1 |     24 |      0 |      0 |    0 |          1 |
|             g_row[15].g_col[13].u_pe     |            ae_pe_p2_pa_timing_291 |        141 |        140 |       0 |    1 |    225 |      0 |      0 |    0 |          1 |
|               (g_row[15].g_col[13].u_pe) |            ae_pe_p2_pa_timing_291 |        137 |        137 |       0 |    0 |    201 |      0 |      0 |    0 |          0 |
|               u_mul                      |              pack2_mult_padd_1241 |          4 |          3 |       0 |    1 |     24 |      0 |      0 |    0 |          1 |
|             g_row[15].g_col[14].u_pe     |            ae_pe_p2_pa_timing_292 |        141 |        140 |       0 |    1 |    225 |      0 |      0 |    0 |          1 |
|               (g_row[15].g_col[14].u_pe) |            ae_pe_p2_pa_timing_292 |        137 |        137 |       0 |    0 |    201 |      0 |      0 |    0 |          0 |
|               u_mul                      |              pack2_mult_padd_1240 |          4 |          3 |       0 |    1 |     24 |      0 |      0 |    0 |          1 |
|             g_row[15].g_col[15].u_pe     |            ae_pe_p2_pa_timing_293 |        141 |        140 |       0 |    1 |    225 |      0 |      0 |    0 |          1 |
|               (g_row[15].g_col[15].u_pe) |            ae_pe_p2_pa_timing_293 |        137 |        137 |       0 |    0 |    201 |      0 |      0 |    0 |          0 |
|               u_mul                      |              pack2_mult_padd_1239 |          4 |          3 |       0 |    1 |     24 |      0 |      0 |    0 |          1 |
|             g_row[15].g_col[16].u_pe     |            ae_pe_p2_pa_timing_294 |        141 |        140 |       0 |    1 |    225 |      0 |      0 |    0 |          1 |
|               (g_row[15].g_col[16].u_pe) |            ae_pe_p2_pa_timing_294 |        137 |        137 |       0 |    0 |    201 |      0 |      0 |    0 |          0 |
|               u_mul                      |              pack2_mult_padd_1238 |          4 |          3 |       0 |    1 |     24 |      0 |      0 |    0 |          1 |
|             g_row[15].g_col[17].u_pe     |            ae_pe_p2_pa_timing_295 |        141 |        140 |       0 |    1 |    225 |      0 |      0 |    0 |          1 |
|               (g_row[15].g_col[17].u_pe) |            ae_pe_p2_pa_timing_295 |        137 |        137 |       0 |    0 |    201 |      0 |      0 |    0 |          0 |
|               u_mul                      |              pack2_mult_padd_1237 |          4 |          3 |       0 |    1 |     24 |      0 |      0 |    0 |          1 |
|             g_row[15].g_col[18].u_pe     |            ae_pe_p2_pa_timing_296 |        141 |        140 |       0 |    1 |    225 |      0 |      0 |    0 |          1 |
|               (g_row[15].g_col[18].u_pe) |            ae_pe_p2_pa_timing_296 |        137 |        137 |       0 |    0 |    201 |      0 |      0 |    0 |          0 |
|               u_mul                      |              pack2_mult_padd_1236 |          4 |          3 |       0 |    1 |     24 |      0 |      0 |    0 |          1 |
|             g_row[15].g_col[19].u_pe     |            ae_pe_p2_pa_timing_297 |        141 |        140 |       0 |    1 |    225 |      0 |      0 |    0 |          1 |
|               (g_row[15].g_col[19].u_pe) |            ae_pe_p2_pa_timing_297 |        137 |        137 |       0 |    0 |    201 |      0 |      0 |    0 |          0 |
|               u_mul                      |              pack2_mult_padd_1235 |          4 |          3 |       0 |    1 |     24 |      0 |      0 |    0 |          1 |
|             g_row[15].g_col[1].u_pe      |            ae_pe_p2_pa_timing_298 |        141 |        140 |       0 |    1 |    225 |      0 |      0 |    0 |          1 |
|               (g_row[15].g_col[1].u_pe)  |            ae_pe_p2_pa_timing_298 |        137 |        137 |       0 |    0 |    201 |      0 |      0 |    0 |          0 |
|               u_mul                      |              pack2_mult_padd_1234 |          4 |          3 |       0 |    1 |     24 |      0 |      0 |    0 |          1 |
|             g_row[15].g_col[20].u_pe     |            ae_pe_p2_pa_timing_299 |        141 |        140 |       0 |    1 |    225 |      0 |      0 |    0 |          1 |
|               (g_row[15].g_col[20].u_pe) |            ae_pe_p2_pa_timing_299 |        137 |        137 |       0 |    0 |    201 |      0 |      0 |    0 |          0 |
|               u_mul                      |              pack2_mult_padd_1233 |          4 |          3 |       0 |    1 |     24 |      0 |      0 |    0 |          1 |
|             g_row[15].g_col[21].u_pe     |            ae_pe_p2_pa_timing_300 |        141 |        140 |       0 |    1 |    225 |      0 |      0 |    0 |          1 |
|               (g_row[15].g_col[21].u_pe) |            ae_pe_p2_pa_timing_300 |        137 |        137 |       0 |    0 |    201 |      0 |      0 |    0 |          0 |
|               u_mul                      |              pack2_mult_padd_1232 |          4 |          3 |       0 |    1 |     24 |      0 |      0 |    0 |          1 |
|             g_row[15].g_col[22].u_pe     |            ae_pe_p2_pa_timing_301 |        141 |        140 |       0 |    1 |    225 |      0 |      0 |    0 |          1 |
|               (g_row[15].g_col[22].u_pe) |            ae_pe_p2_pa_timing_301 |        137 |        137 |       0 |    0 |    201 |      0 |      0 |    0 |          0 |
|               u_mul                      |              pack2_mult_padd_1231 |          4 |          3 |       0 |    1 |     24 |      0 |      0 |    0 |          1 |
|             g_row[15].g_col[23].u_pe     |            ae_pe_p2_pa_timing_302 |        141 |        140 |       0 |    1 |    225 |      0 |      0 |    0 |          1 |
|               (g_row[15].g_col[23].u_pe) |            ae_pe_p2_pa_timing_302 |        137 |        137 |       0 |    0 |    201 |      0 |      0 |    0 |          0 |
|               u_mul                      |              pack2_mult_padd_1230 |          4 |          3 |       0 |    1 |     24 |      0 |      0 |    0 |          1 |
|             g_row[15].g_col[24].u_pe     |            ae_pe_p2_pa_timing_303 |        141 |        140 |       0 |    1 |    225 |      0 |      0 |    0 |          1 |
|               (g_row[15].g_col[24].u_pe) |            ae_pe_p2_pa_timing_303 |        137 |        137 |       0 |    0 |    201 |      0 |      0 |    0 |          0 |
|               u_mul                      |              pack2_mult_padd_1229 |          4 |          3 |       0 |    1 |     24 |      0 |      0 |    0 |          1 |
|             g_row[15].g_col[25].u_pe     |            ae_pe_p2_pa_timing_304 |        141 |        140 |       0 |    1 |    225 |      0 |      0 |    0 |          1 |
|               (g_row[15].g_col[25].u_pe) |            ae_pe_p2_pa_timing_304 |        137 |        137 |       0 |    0 |    201 |      0 |      0 |    0 |          0 |
|               u_mul                      |              pack2_mult_padd_1228 |          4 |          3 |       0 |    1 |     24 |      0 |      0 |    0 |          1 |
|             g_row[15].g_col[26].u_pe     |            ae_pe_p2_pa_timing_305 |        141 |        140 |       0 |    1 |    225 |      0 |      0 |    0 |          1 |
|               (g_row[15].g_col[26].u_pe) |            ae_pe_p2_pa_timing_305 |        137 |        137 |       0 |    0 |    201 |      0 |      0 |    0 |          0 |
|               u_mul                      |              pack2_mult_padd_1227 |          4 |          3 |       0 |    1 |     24 |      0 |      0 |    0 |          1 |
|             g_row[15].g_col[27].u_pe     |            ae_pe_p2_pa_timing_306 |        141 |        140 |       0 |    1 |    225 |      0 |      0 |    0 |          1 |
|               (g_row[15].g_col[27].u_pe) |            ae_pe_p2_pa_timing_306 |        137 |        137 |       0 |    0 |    201 |      0 |      0 |    0 |          0 |
|               u_mul                      |              pack2_mult_padd_1226 |          4 |          3 |       0 |    1 |     24 |      0 |      0 |    0 |          1 |
|             g_row[15].g_col[28].u_pe     |            ae_pe_p2_pa_timing_307 |        141 |        140 |       0 |    1 |    225 |      0 |      0 |    0 |          1 |
|               (g_row[15].g_col[28].u_pe) |            ae_pe_p2_pa_timing_307 |        137 |        137 |       0 |    0 |    201 |      0 |      0 |    0 |          0 |
|               u_mul                      |              pack2_mult_padd_1225 |          4 |          3 |       0 |    1 |     24 |      0 |      0 |    0 |          1 |
|             g_row[15].g_col[29].u_pe     |            ae_pe_p2_pa_timing_308 |        141 |        140 |       0 |    1 |    225 |      0 |      0 |    0 |          1 |
|               (g_row[15].g_col[29].u_pe) |            ae_pe_p2_pa_timing_308 |        137 |        137 |       0 |    0 |    201 |      0 |      0 |    0 |          0 |
|               u_mul                      |              pack2_mult_padd_1224 |          4 |          3 |       0 |    1 |     24 |      0 |      0 |    0 |          1 |
|             g_row[15].g_col[2].u_pe      |            ae_pe_p2_pa_timing_309 |        141 |        140 |       0 |    1 |    225 |      0 |      0 |    0 |          1 |
|               (g_row[15].g_col[2].u_pe)  |            ae_pe_p2_pa_timing_309 |        137 |        137 |       0 |    0 |    201 |      0 |      0 |    0 |          0 |
|               u_mul                      |              pack2_mult_padd_1223 |          4 |          3 |       0 |    1 |     24 |      0 |      0 |    0 |          1 |
|             g_row[15].g_col[30].u_pe     |            ae_pe_p2_pa_timing_310 |        141 |        140 |       0 |    1 |    225 |      0 |      0 |    0 |          1 |
|               (g_row[15].g_col[30].u_pe) |            ae_pe_p2_pa_timing_310 |        137 |        137 |       0 |    0 |    201 |      0 |      0 |    0 |          0 |
|               u_mul                      |              pack2_mult_padd_1222 |          4 |          3 |       0 |    1 |     24 |      0 |      0 |    0 |          1 |
|             g_row[15].g_col[31].u_pe     |            ae_pe_p2_pa_timing_311 |        141 |        140 |       0 |    1 |    225 |      0 |      0 |    0 |          1 |
|               (g_row[15].g_col[31].u_pe) |            ae_pe_p2_pa_timing_311 |        137 |        137 |       0 |    0 |    201 |      0 |      0 |    0 |          0 |
|               u_mul                      |              pack2_mult_padd_1221 |          4 |          3 |       0 |    1 |     24 |      0 |      0 |    0 |          1 |
|             g_row[15].g_col[32].u_pe     |            ae_pe_p2_pa_timing_312 |        141 |        140 |       0 |    1 |    225 |      0 |      0 |    0 |          1 |
|               (g_row[15].g_col[32].u_pe) |            ae_pe_p2_pa_timing_312 |        137 |        137 |       0 |    0 |    201 |      0 |      0 |    0 |          0 |
|               u_mul                      |              pack2_mult_padd_1220 |          4 |          3 |       0 |    1 |     24 |      0 |      0 |    0 |          1 |
|             g_row[15].g_col[33].u_pe     |            ae_pe_p2_pa_timing_313 |        141 |        140 |       0 |    1 |    225 |      0 |      0 |    0 |          1 |
|               (g_row[15].g_col[33].u_pe) |            ae_pe_p2_pa_timing_313 |        137 |        137 |       0 |    0 |    201 |      0 |      0 |    0 |          0 |
|               u_mul                      |              pack2_mult_padd_1219 |          4 |          3 |       0 |    1 |     24 |      0 |      0 |    0 |          1 |
|             g_row[15].g_col[34].u_pe     |            ae_pe_p2_pa_timing_314 |        141 |        140 |       0 |    1 |    225 |      0 |      0 |    0 |          1 |
|               (g_row[15].g_col[34].u_pe) |            ae_pe_p2_pa_timing_314 |        137 |        137 |       0 |    0 |    201 |      0 |      0 |    0 |          0 |
|               u_mul                      |              pack2_mult_padd_1218 |          4 |          3 |       0 |    1 |     24 |      0 |      0 |    0 |          1 |
|             g_row[15].g_col[35].u_pe     |            ae_pe_p2_pa_timing_315 |        141 |        140 |       0 |    1 |    225 |      0 |      0 |    0 |          1 |
|               (g_row[15].g_col[35].u_pe) |            ae_pe_p2_pa_timing_315 |        137 |        137 |       0 |    0 |    201 |      0 |      0 |    0 |          0 |
|               u_mul                      |              pack2_mult_padd_1217 |          4 |          3 |       0 |    1 |     24 |      0 |      0 |    0 |          1 |
|             g_row[15].g_col[36].u_pe     |            ae_pe_p2_pa_timing_316 |        141 |        140 |       0 |    1 |    225 |      0 |      0 |    0 |          1 |
|               (g_row[15].g_col[36].u_pe) |            ae_pe_p2_pa_timing_316 |        137 |        137 |       0 |    0 |    201 |      0 |      0 |    0 |          0 |
|               u_mul                      |              pack2_mult_padd_1216 |          4 |          3 |       0 |    1 |     24 |      0 |      0 |    0 |          1 |
|             g_row[15].g_col[37].u_pe     |            ae_pe_p2_pa_timing_317 |        141 |        140 |       0 |    1 |    225 |      0 |      0 |    0 |          1 |
|               (g_row[15].g_col[37].u_pe) |            ae_pe_p2_pa_timing_317 |        137 |        137 |       0 |    0 |    201 |      0 |      0 |    0 |          0 |
|               u_mul                      |              pack2_mult_padd_1215 |          4 |          3 |       0 |    1 |     24 |      0 |      0 |    0 |          1 |
|             g_row[15].g_col[38].u_pe     |            ae_pe_p2_pa_timing_318 |        141 |        140 |       0 |    1 |    225 |      0 |      0 |    0 |          1 |
|               (g_row[15].g_col[38].u_pe) |            ae_pe_p2_pa_timing_318 |        137 |        137 |       0 |    0 |    201 |      0 |      0 |    0 |          0 |
|               u_mul                      |              pack2_mult_padd_1214 |          4 |          3 |       0 |    1 |     24 |      0 |      0 |    0 |          1 |
|             g_row[15].g_col[39].u_pe     |            ae_pe_p2_pa_timing_319 |        141 |        140 |       0 |    1 |    225 |      0 |      0 |    0 |          1 |
|               (g_row[15].g_col[39].u_pe) |            ae_pe_p2_pa_timing_319 |        137 |        137 |       0 |    0 |    201 |      0 |      0 |    0 |          0 |
|               u_mul                      |              pack2_mult_padd_1213 |          4 |          3 |       0 |    1 |     24 |      0 |      0 |    0 |          1 |
|             g_row[15].g_col[3].u_pe      |            ae_pe_p2_pa_timing_320 |        141 |        140 |       0 |    1 |    225 |      0 |      0 |    0 |          1 |
|               (g_row[15].g_col[3].u_pe)  |            ae_pe_p2_pa_timing_320 |        137 |        137 |       0 |    0 |    201 |      0 |      0 |    0 |          0 |
|               u_mul                      |              pack2_mult_padd_1212 |          4 |          3 |       0 |    1 |     24 |      0 |      0 |    0 |          1 |
|             g_row[15].g_col[40].u_pe     |            ae_pe_p2_pa_timing_321 |        141 |        140 |       0 |    1 |    225 |      0 |      0 |    0 |          1 |
|               (g_row[15].g_col[40].u_pe) |            ae_pe_p2_pa_timing_321 |        137 |        137 |       0 |    0 |    201 |      0 |      0 |    0 |          0 |
|               u_mul                      |              pack2_mult_padd_1211 |          4 |          3 |       0 |    1 |     24 |      0 |      0 |    0 |          1 |
|             g_row[15].g_col[41].u_pe     |            ae_pe_p2_pa_timing_322 |        141 |        140 |       0 |    1 |    225 |      0 |      0 |    0 |          1 |
|               (g_row[15].g_col[41].u_pe) |            ae_pe_p2_pa_timing_322 |        137 |        137 |       0 |    0 |    201 |      0 |      0 |    0 |          0 |
|               u_mul                      |              pack2_mult_padd_1210 |          4 |          3 |       0 |    1 |     24 |      0 |      0 |    0 |          1 |
|             g_row[15].g_col[42].u_pe     |            ae_pe_p2_pa_timing_323 |        141 |        140 |       0 |    1 |    225 |      0 |      0 |    0 |          1 |
|               (g_row[15].g_col[42].u_pe) |            ae_pe_p2_pa_timing_323 |        137 |        137 |       0 |    0 |    201 |      0 |      0 |    0 |          0 |
|               u_mul                      |              pack2_mult_padd_1209 |          4 |          3 |       0 |    1 |     24 |      0 |      0 |    0 |          1 |
|             g_row[15].g_col[43].u_pe     |            ae_pe_p2_pa_timing_324 |        141 |        140 |       0 |    1 |    225 |      0 |      0 |    0 |          1 |
|               (g_row[15].g_col[43].u_pe) |            ae_pe_p2_pa_timing_324 |        137 |        137 |       0 |    0 |    201 |      0 |      0 |    0 |          0 |
|               u_mul                      |              pack2_mult_padd_1208 |          4 |          3 |       0 |    1 |     24 |      0 |      0 |    0 |          1 |
|             g_row[15].g_col[44].u_pe     |            ae_pe_p2_pa_timing_325 |        141 |        140 |       0 |    1 |    225 |      0 |      0 |    0 |          1 |
|               (g_row[15].g_col[44].u_pe) |            ae_pe_p2_pa_timing_325 |        137 |        137 |       0 |    0 |    201 |      0 |      0 |    0 |          0 |
|               u_mul                      |              pack2_mult_padd_1207 |          4 |          3 |       0 |    1 |     24 |      0 |      0 |    0 |          1 |
|             g_row[15].g_col[45].u_pe     |            ae_pe_p2_pa_timing_326 |        141 |        140 |       0 |    1 |    225 |      0 |      0 |    0 |          1 |
|               (g_row[15].g_col[45].u_pe) |            ae_pe_p2_pa_timing_326 |        137 |        137 |       0 |    0 |    201 |      0 |      0 |    0 |          0 |
|               u_mul                      |              pack2_mult_padd_1206 |          4 |          3 |       0 |    1 |     24 |      0 |      0 |    0 |          1 |
|             g_row[15].g_col[46].u_pe     |            ae_pe_p2_pa_timing_327 |        141 |        140 |       0 |    1 |    225 |      0 |      0 |    0 |          1 |
|               (g_row[15].g_col[46].u_pe) |            ae_pe_p2_pa_timing_327 |        137 |        137 |       0 |    0 |    201 |      0 |      0 |    0 |          0 |
|               u_mul                      |              pack2_mult_padd_1205 |          4 |          3 |       0 |    1 |     24 |      0 |      0 |    0 |          1 |
|             g_row[15].g_col[47].u_pe     |            ae_pe_p2_pa_timing_328 |        141 |        140 |       0 |    1 |    225 |      0 |      0 |    0 |          1 |
|               (g_row[15].g_col[47].u_pe) |            ae_pe_p2_pa_timing_328 |        137 |        137 |       0 |    0 |    201 |      0 |      0 |    0 |          0 |
|               u_mul                      |              pack2_mult_padd_1204 |          4 |          3 |       0 |    1 |     24 |      0 |      0 |    0 |          1 |
|             g_row[15].g_col[4].u_pe      |            ae_pe_p2_pa_timing_329 |        140 |        139 |       0 |    1 |    224 |      0 |      0 |    0 |          1 |
|               (g_row[15].g_col[4].u_pe)  |            ae_pe_p2_pa_timing_329 |        137 |        137 |       0 |    0 |    200 |      0 |      0 |    0 |          0 |
|               u_mul                      |              pack2_mult_padd_1203 |          3 |          2 |       0 |    1 |     24 |      0 |      0 |    0 |          1 |
|             g_row[15].g_col[5].u_pe      |            ae_pe_p2_pa_timing_330 |        141 |        140 |       0 |    1 |    225 |      0 |      0 |    0 |          1 |
|               (g_row[15].g_col[5].u_pe)  |            ae_pe_p2_pa_timing_330 |        137 |        137 |       0 |    0 |    201 |      0 |      0 |    0 |          0 |
|               u_mul                      |              pack2_mult_padd_1202 |          4 |          3 |       0 |    1 |     24 |      0 |      0 |    0 |          1 |
|             g_row[15].g_col[6].u_pe      |            ae_pe_p2_pa_timing_331 |        141 |        140 |       0 |    1 |    225 |      0 |      0 |    0 |          1 |
|               (g_row[15].g_col[6].u_pe)  |            ae_pe_p2_pa_timing_331 |        137 |        137 |       0 |    0 |    201 |      0 |      0 |    0 |          0 |
|               u_mul                      |              pack2_mult_padd_1201 |          4 |          3 |       0 |    1 |     24 |      0 |      0 |    0 |          1 |
|             g_row[15].g_col[7].u_pe      |            ae_pe_p2_pa_timing_332 |        141 |        140 |       0 |    1 |    225 |      0 |      0 |    0 |          1 |
|               (g_row[15].g_col[7].u_pe)  |            ae_pe_p2_pa_timing_332 |        137 |        137 |       0 |    0 |    201 |      0 |      0 |    0 |          0 |
|               u_mul                      |              pack2_mult_padd_1200 |          4 |          3 |       0 |    1 |     24 |      0 |      0 |    0 |          1 |
|             g_row[15].g_col[8].u_pe      |            ae_pe_p2_pa_timing_333 |        140 |        139 |       0 |    1 |    224 |      0 |      0 |    0 |          1 |
|               (g_row[15].g_col[8].u_pe)  |            ae_pe_p2_pa_timing_333 |        137 |        137 |       0 |    0 |    200 |      0 |      0 |    0 |          0 |
|               u_mul                      |              pack2_mult_padd_1199 |          3 |          2 |       0 |    1 |     24 |      0 |      0 |    0 |          1 |
|             g_row[15].g_col[9].u_pe      |            ae_pe_p2_pa_timing_334 |        141 |        140 |       0 |    1 |    225 |      0 |      0 |    0 |          1 |
|               (g_row[15].g_col[9].u_pe)  |            ae_pe_p2_pa_timing_334 |        137 |        137 |       0 |    0 |    201 |      0 |      0 |    0 |          0 |
|               u_mul                      |              pack2_mult_padd_1198 |          4 |          3 |       0 |    1 |     24 |      0 |      0 |    0 |          1 |
|             g_row[1].g_col[0].u_pe       |            ae_pe_p2_pa_timing_335 |         87 |         86 |       0 |    1 |    224 |      0 |      0 |    0 |          1 |
|               (g_row[1].g_col[0].u_pe)   |            ae_pe_p2_pa_timing_335 |         83 |         83 |       0 |    0 |    200 |      0 |      0 |    0 |          0 |
|               u_mul                      |              pack2_mult_padd_1197 |          4 |          3 |       0 |    1 |     24 |      0 |      0 |    0 |          1 |
|             g_row[1].g_col[10].u_pe      |            ae_pe_p2_pa_timing_336 |         87 |         86 |       0 |    1 |    224 |      0 |      0 |    0 |          1 |
|               (g_row[1].g_col[10].u_pe)  |            ae_pe_p2_pa_timing_336 |         83 |         83 |       0 |    0 |    200 |      0 |      0 |    0 |          0 |
|               u_mul                      |              pack2_mult_padd_1196 |          4 |          3 |       0 |    1 |     24 |      0 |      0 |    0 |          1 |
|             g_row[1].g_col[11].u_pe      |            ae_pe_p2_pa_timing_337 |         87 |         86 |       0 |    1 |    224 |      0 |      0 |    0 |          1 |
|               (g_row[1].g_col[11].u_pe)  |            ae_pe_p2_pa_timing_337 |         83 |         83 |       0 |    0 |    200 |      0 |      0 |    0 |          0 |
|               u_mul                      |              pack2_mult_padd_1195 |          4 |          3 |       0 |    1 |     24 |      0 |      0 |    0 |          1 |
|             g_row[1].g_col[12].u_pe      |            ae_pe_p2_pa_timing_338 |         87 |         86 |       0 |    1 |    224 |      0 |      0 |    0 |          1 |
|               (g_row[1].g_col[12].u_pe)  |            ae_pe_p2_pa_timing_338 |         83 |         83 |       0 |    0 |    200 |      0 |      0 |    0 |          0 |
|               u_mul                      |              pack2_mult_padd_1194 |          4 |          3 |       0 |    1 |     24 |      0 |      0 |    0 |          1 |
|             g_row[1].g_col[13].u_pe      |            ae_pe_p2_pa_timing_339 |         87 |         86 |       0 |    1 |    224 |      0 |      0 |    0 |          1 |
|               (g_row[1].g_col[13].u_pe)  |            ae_pe_p2_pa_timing_339 |         83 |         83 |       0 |    0 |    200 |      0 |      0 |    0 |          0 |
|               u_mul                      |              pack2_mult_padd_1193 |          4 |          3 |       0 |    1 |     24 |      0 |      0 |    0 |          1 |
|             g_row[1].g_col[14].u_pe      |            ae_pe_p2_pa_timing_340 |         87 |         86 |       0 |    1 |    224 |      0 |      0 |    0 |          1 |
|               (g_row[1].g_col[14].u_pe)  |            ae_pe_p2_pa_timing_340 |         83 |         83 |       0 |    0 |    200 |      0 |      0 |    0 |          0 |
|               u_mul                      |              pack2_mult_padd_1192 |          4 |          3 |       0 |    1 |     24 |      0 |      0 |    0 |          1 |
|             g_row[1].g_col[15].u_pe      |            ae_pe_p2_pa_timing_341 |         87 |         86 |       0 |    1 |    224 |      0 |      0 |    0 |          1 |
|               (g_row[1].g_col[15].u_pe)  |            ae_pe_p2_pa_timing_341 |         83 |         83 |       0 |    0 |    200 |      0 |      0 |    0 |          0 |
|               u_mul                      |              pack2_mult_padd_1191 |          4 |          3 |       0 |    1 |     24 |      0 |      0 |    0 |          1 |
|             g_row[1].g_col[16].u_pe      |            ae_pe_p2_pa_timing_342 |         87 |         86 |       0 |    1 |    225 |      0 |      0 |    0 |          1 |
|               (g_row[1].g_col[16].u_pe)  |            ae_pe_p2_pa_timing_342 |         83 |         83 |       0 |    0 |    201 |      0 |      0 |    0 |          0 |
|               u_mul                      |              pack2_mult_padd_1190 |          4 |          3 |       0 |    1 |     24 |      0 |      0 |    0 |          1 |
|             g_row[1].g_col[17].u_pe      |            ae_pe_p2_pa_timing_343 |         87 |         86 |       0 |    1 |    225 |      0 |      0 |    0 |          1 |
|               (g_row[1].g_col[17].u_pe)  |            ae_pe_p2_pa_timing_343 |         83 |         83 |       0 |    0 |    201 |      0 |      0 |    0 |          0 |
|               u_mul                      |              pack2_mult_padd_1189 |          4 |          3 |       0 |    1 |     24 |      0 |      0 |    0 |          1 |
|             g_row[1].g_col[18].u_pe      |            ae_pe_p2_pa_timing_344 |         87 |         86 |       0 |    1 |    225 |      0 |      0 |    0 |          1 |
|               (g_row[1].g_col[18].u_pe)  |            ae_pe_p2_pa_timing_344 |         83 |         83 |       0 |    0 |    201 |      0 |      0 |    0 |          0 |
|               u_mul                      |              pack2_mult_padd_1188 |          4 |          3 |       0 |    1 |     24 |      0 |      0 |    0 |          1 |
|             g_row[1].g_col[19].u_pe      |            ae_pe_p2_pa_timing_345 |         87 |         86 |       0 |    1 |    225 |      0 |      0 |    0 |          1 |
|               (g_row[1].g_col[19].u_pe)  |            ae_pe_p2_pa_timing_345 |         83 |         83 |       0 |    0 |    201 |      0 |      0 |    0 |          0 |
|               u_mul                      |              pack2_mult_padd_1187 |          4 |          3 |       0 |    1 |     24 |      0 |      0 |    0 |          1 |
|             g_row[1].g_col[1].u_pe       |            ae_pe_p2_pa_timing_346 |         86 |         85 |       0 |    1 |    224 |      0 |      0 |    0 |          1 |
|               (g_row[1].g_col[1].u_pe)   |            ae_pe_p2_pa_timing_346 |         83 |         83 |       0 |    0 |    200 |      0 |      0 |    0 |          0 |
|               u_mul                      |              pack2_mult_padd_1186 |          3 |          2 |       0 |    1 |     24 |      0 |      0 |    0 |          1 |
|             g_row[1].g_col[20].u_pe      |            ae_pe_p2_pa_timing_347 |         87 |         86 |       0 |    1 |    225 |      0 |      0 |    0 |          1 |
|               (g_row[1].g_col[20].u_pe)  |            ae_pe_p2_pa_timing_347 |         83 |         83 |       0 |    0 |    201 |      0 |      0 |    0 |          0 |
|               u_mul                      |              pack2_mult_padd_1185 |          4 |          3 |       0 |    1 |     24 |      0 |      0 |    0 |          1 |
|             g_row[1].g_col[21].u_pe      |            ae_pe_p2_pa_timing_348 |         87 |         86 |       0 |    1 |    225 |      0 |      0 |    0 |          1 |
|               (g_row[1].g_col[21].u_pe)  |            ae_pe_p2_pa_timing_348 |         83 |         83 |       0 |    0 |    201 |      0 |      0 |    0 |          0 |
|               u_mul                      |              pack2_mult_padd_1184 |          4 |          3 |       0 |    1 |     24 |      0 |      0 |    0 |          1 |
|             g_row[1].g_col[22].u_pe      |            ae_pe_p2_pa_timing_349 |         87 |         86 |       0 |    1 |    225 |      0 |      0 |    0 |          1 |
|               (g_row[1].g_col[22].u_pe)  |            ae_pe_p2_pa_timing_349 |         83 |         83 |       0 |    0 |    201 |      0 |      0 |    0 |          0 |
|               u_mul                      |              pack2_mult_padd_1183 |          4 |          3 |       0 |    1 |     24 |      0 |      0 |    0 |          1 |
|             g_row[1].g_col[23].u_pe      |            ae_pe_p2_pa_timing_350 |         87 |         86 |       0 |    1 |    225 |      0 |      0 |    0 |          1 |
|               (g_row[1].g_col[23].u_pe)  |            ae_pe_p2_pa_timing_350 |         83 |         83 |       0 |    0 |    201 |      0 |      0 |    0 |          0 |
|               u_mul                      |              pack2_mult_padd_1182 |          4 |          3 |       0 |    1 |     24 |      0 |      0 |    0 |          1 |
|             g_row[1].g_col[24].u_pe      |            ae_pe_p2_pa_timing_351 |         87 |         86 |       0 |    1 |    225 |      0 |      0 |    0 |          1 |
|               (g_row[1].g_col[24].u_pe)  |            ae_pe_p2_pa_timing_351 |         83 |         83 |       0 |    0 |    201 |      0 |      0 |    0 |          0 |
|               u_mul                      |              pack2_mult_padd_1181 |          4 |          3 |       0 |    1 |     24 |      0 |      0 |    0 |          1 |
|             g_row[1].g_col[25].u_pe      |            ae_pe_p2_pa_timing_352 |         87 |         86 |       0 |    1 |    225 |      0 |      0 |    0 |          1 |
|               (g_row[1].g_col[25].u_pe)  |            ae_pe_p2_pa_timing_352 |         83 |         83 |       0 |    0 |    201 |      0 |      0 |    0 |          0 |
|               u_mul                      |              pack2_mult_padd_1180 |          4 |          3 |       0 |    1 |     24 |      0 |      0 |    0 |          1 |
|             g_row[1].g_col[26].u_pe      |            ae_pe_p2_pa_timing_353 |         87 |         86 |       0 |    1 |    225 |      0 |      0 |    0 |          1 |
|               (g_row[1].g_col[26].u_pe)  |            ae_pe_p2_pa_timing_353 |         83 |         83 |       0 |    0 |    201 |      0 |      0 |    0 |          0 |
|               u_mul                      |              pack2_mult_padd_1179 |          4 |          3 |       0 |    1 |     24 |      0 |      0 |    0 |          1 |
|             g_row[1].g_col[27].u_pe      |            ae_pe_p2_pa_timing_354 |         87 |         86 |       0 |    1 |    225 |      0 |      0 |    0 |          1 |
|               (g_row[1].g_col[27].u_pe)  |            ae_pe_p2_pa_timing_354 |         83 |         83 |       0 |    0 |    201 |      0 |      0 |    0 |          0 |
|               u_mul                      |              pack2_mult_padd_1178 |          4 |          3 |       0 |    1 |     24 |      0 |      0 |    0 |          1 |
|             g_row[1].g_col[28].u_pe      |            ae_pe_p2_pa_timing_355 |         87 |         86 |       0 |    1 |    225 |      0 |      0 |    0 |          1 |
|               (g_row[1].g_col[28].u_pe)  |            ae_pe_p2_pa_timing_355 |         83 |         83 |       0 |    0 |    201 |      0 |      0 |    0 |          0 |
|               u_mul                      |              pack2_mult_padd_1177 |          4 |          3 |       0 |    1 |     24 |      0 |      0 |    0 |          1 |
|             g_row[1].g_col[29].u_pe      |            ae_pe_p2_pa_timing_356 |         87 |         86 |       0 |    1 |    225 |      0 |      0 |    0 |          1 |
|               (g_row[1].g_col[29].u_pe)  |            ae_pe_p2_pa_timing_356 |         83 |         83 |       0 |    0 |    201 |      0 |      0 |    0 |          0 |
|               u_mul                      |              pack2_mult_padd_1176 |          4 |          3 |       0 |    1 |     24 |      0 |      0 |    0 |          1 |
|             g_row[1].g_col[2].u_pe       |            ae_pe_p2_pa_timing_357 |         86 |         85 |       0 |    1 |    223 |      0 |      0 |    0 |          1 |
|               (g_row[1].g_col[2].u_pe)   |            ae_pe_p2_pa_timing_357 |         83 |         83 |       0 |    0 |    199 |      0 |      0 |    0 |          0 |
|               u_mul                      |              pack2_mult_padd_1175 |          3 |          2 |       0 |    1 |     24 |      0 |      0 |    0 |          1 |
|             g_row[1].g_col[30].u_pe      |            ae_pe_p2_pa_timing_358 |         87 |         86 |       0 |    1 |    225 |      0 |      0 |    0 |          1 |
|               (g_row[1].g_col[30].u_pe)  |            ae_pe_p2_pa_timing_358 |         83 |         83 |       0 |    0 |    201 |      0 |      0 |    0 |          0 |
|               u_mul                      |              pack2_mult_padd_1174 |          4 |          3 |       0 |    1 |     24 |      0 |      0 |    0 |          1 |
|             g_row[1].g_col[31].u_pe      |            ae_pe_p2_pa_timing_359 |         87 |         86 |       0 |    1 |    225 |      0 |      0 |    0 |          1 |
|               (g_row[1].g_col[31].u_pe)  |            ae_pe_p2_pa_timing_359 |         83 |         83 |       0 |    0 |    201 |      0 |      0 |    0 |          0 |
|               u_mul                      |              pack2_mult_padd_1173 |          4 |          3 |       0 |    1 |     24 |      0 |      0 |    0 |          1 |
|             g_row[1].g_col[32].u_pe      |            ae_pe_p2_pa_timing_360 |         87 |         86 |       0 |    1 |    225 |      0 |      0 |    0 |          1 |
|               (g_row[1].g_col[32].u_pe)  |            ae_pe_p2_pa_timing_360 |         83 |         83 |       0 |    0 |    201 |      0 |      0 |    0 |          0 |
|               u_mul                      |              pack2_mult_padd_1172 |          4 |          3 |       0 |    1 |     24 |      0 |      0 |    0 |          1 |
|             g_row[1].g_col[33].u_pe      |            ae_pe_p2_pa_timing_361 |         87 |         86 |       0 |    1 |    225 |      0 |      0 |    0 |          1 |
|               (g_row[1].g_col[33].u_pe)  |            ae_pe_p2_pa_timing_361 |         83 |         83 |       0 |    0 |    201 |      0 |      0 |    0 |          0 |
|               u_mul                      |              pack2_mult_padd_1171 |          4 |          3 |       0 |    1 |     24 |      0 |      0 |    0 |          1 |
|             g_row[1].g_col[34].u_pe      |            ae_pe_p2_pa_timing_362 |         87 |         86 |       0 |    1 |    225 |      0 |      0 |    0 |          1 |
|               (g_row[1].g_col[34].u_pe)  |            ae_pe_p2_pa_timing_362 |         83 |         83 |       0 |    0 |    201 |      0 |      0 |    0 |          0 |
|               u_mul                      |              pack2_mult_padd_1170 |          4 |          3 |       0 |    1 |     24 |      0 |      0 |    0 |          1 |
|             g_row[1].g_col[35].u_pe      |            ae_pe_p2_pa_timing_363 |         87 |         86 |       0 |    1 |    225 |      0 |      0 |    0 |          1 |
|               (g_row[1].g_col[35].u_pe)  |            ae_pe_p2_pa_timing_363 |         83 |         83 |       0 |    0 |    201 |      0 |      0 |    0 |          0 |
|               u_mul                      |              pack2_mult_padd_1169 |          4 |          3 |       0 |    1 |     24 |      0 |      0 |    0 |          1 |
|             g_row[1].g_col[36].u_pe      |            ae_pe_p2_pa_timing_364 |         87 |         86 |       0 |    1 |    225 |      0 |      0 |    0 |          1 |
|               (g_row[1].g_col[36].u_pe)  |            ae_pe_p2_pa_timing_364 |         83 |         83 |       0 |    0 |    201 |      0 |      0 |    0 |          0 |
|               u_mul                      |              pack2_mult_padd_1168 |          4 |          3 |       0 |    1 |     24 |      0 |      0 |    0 |          1 |
|             g_row[1].g_col[37].u_pe      |            ae_pe_p2_pa_timing_365 |         87 |         86 |       0 |    1 |    225 |      0 |      0 |    0 |          1 |
|               (g_row[1].g_col[37].u_pe)  |            ae_pe_p2_pa_timing_365 |         83 |         83 |       0 |    0 |    201 |      0 |      0 |    0 |          0 |
|               u_mul                      |              pack2_mult_padd_1167 |          4 |          3 |       0 |    1 |     24 |      0 |      0 |    0 |          1 |
|             g_row[1].g_col[38].u_pe      |            ae_pe_p2_pa_timing_366 |         87 |         86 |       0 |    1 |    225 |      0 |      0 |    0 |          1 |
|               (g_row[1].g_col[38].u_pe)  |            ae_pe_p2_pa_timing_366 |         83 |         83 |       0 |    0 |    201 |      0 |      0 |    0 |          0 |
|               u_mul                      |              pack2_mult_padd_1166 |          4 |          3 |       0 |    1 |     24 |      0 |      0 |    0 |          1 |
|             g_row[1].g_col[39].u_pe      |            ae_pe_p2_pa_timing_367 |         87 |         86 |       0 |    1 |    225 |      0 |      0 |    0 |          1 |
|               (g_row[1].g_col[39].u_pe)  |            ae_pe_p2_pa_timing_367 |         83 |         83 |       0 |    0 |    201 |      0 |      0 |    0 |          0 |
|               u_mul                      |              pack2_mult_padd_1165 |          4 |          3 |       0 |    1 |     24 |      0 |      0 |    0 |          1 |
|             g_row[1].g_col[3].u_pe       |            ae_pe_p2_pa_timing_368 |         87 |         86 |       0 |    1 |    224 |      0 |      0 |    0 |          1 |
|               (g_row[1].g_col[3].u_pe)   |            ae_pe_p2_pa_timing_368 |         83 |         83 |       0 |    0 |    200 |      0 |      0 |    0 |          0 |
|               u_mul                      |              pack2_mult_padd_1164 |          4 |          3 |       0 |    1 |     24 |      0 |      0 |    0 |          1 |
|             g_row[1].g_col[40].u_pe      |            ae_pe_p2_pa_timing_369 |         87 |         86 |       0 |    1 |    225 |      0 |      0 |    0 |          1 |
|               (g_row[1].g_col[40].u_pe)  |            ae_pe_p2_pa_timing_369 |         83 |         83 |       0 |    0 |    201 |      0 |      0 |    0 |          0 |
|               u_mul                      |              pack2_mult_padd_1163 |          4 |          3 |       0 |    1 |     24 |      0 |      0 |    0 |          1 |
|             g_row[1].g_col[41].u_pe      |            ae_pe_p2_pa_timing_370 |         87 |         86 |       0 |    1 |    225 |      0 |      0 |    0 |          1 |
|               (g_row[1].g_col[41].u_pe)  |            ae_pe_p2_pa_timing_370 |         83 |         83 |       0 |    0 |    201 |      0 |      0 |    0 |          0 |
|               u_mul                      |              pack2_mult_padd_1162 |          4 |          3 |       0 |    1 |     24 |      0 |      0 |    0 |          1 |
|             g_row[1].g_col[42].u_pe      |            ae_pe_p2_pa_timing_371 |         87 |         86 |       0 |    1 |    225 |      0 |      0 |    0 |          1 |
|               (g_row[1].g_col[42].u_pe)  |            ae_pe_p2_pa_timing_371 |         83 |         83 |       0 |    0 |    201 |      0 |      0 |    0 |          0 |
|               u_mul                      |              pack2_mult_padd_1161 |          4 |          3 |       0 |    1 |     24 |      0 |      0 |    0 |          1 |
|             g_row[1].g_col[43].u_pe      |            ae_pe_p2_pa_timing_372 |         87 |         86 |       0 |    1 |    225 |      0 |      0 |    0 |          1 |
|               (g_row[1].g_col[43].u_pe)  |            ae_pe_p2_pa_timing_372 |         83 |         83 |       0 |    0 |    201 |      0 |      0 |    0 |          0 |
|               u_mul                      |              pack2_mult_padd_1160 |          4 |          3 |       0 |    1 |     24 |      0 |      0 |    0 |          1 |
|             g_row[1].g_col[44].u_pe      |            ae_pe_p2_pa_timing_373 |         87 |         86 |       0 |    1 |    225 |      0 |      0 |    0 |          1 |
|               (g_row[1].g_col[44].u_pe)  |            ae_pe_p2_pa_timing_373 |         83 |         83 |       0 |    0 |    201 |      0 |      0 |    0 |          0 |
|               u_mul                      |              pack2_mult_padd_1159 |          4 |          3 |       0 |    1 |     24 |      0 |      0 |    0 |          1 |
|             g_row[1].g_col[45].u_pe      |            ae_pe_p2_pa_timing_374 |         87 |         86 |       0 |    1 |    225 |      0 |      0 |    0 |          1 |
|               (g_row[1].g_col[45].u_pe)  |            ae_pe_p2_pa_timing_374 |         83 |         83 |       0 |    0 |    201 |      0 |      0 |    0 |          0 |
|               u_mul                      |              pack2_mult_padd_1158 |          4 |          3 |       0 |    1 |     24 |      0 |      0 |    0 |          1 |
|             g_row[1].g_col[46].u_pe      |            ae_pe_p2_pa_timing_375 |         87 |         86 |       0 |    1 |    225 |      0 |      0 |    0 |          1 |
|               (g_row[1].g_col[46].u_pe)  |            ae_pe_p2_pa_timing_375 |         83 |         83 |       0 |    0 |    201 |      0 |      0 |    0 |          0 |
|               u_mul                      |              pack2_mult_padd_1157 |          4 |          3 |       0 |    1 |     24 |      0 |      0 |    0 |          1 |
|             g_row[1].g_col[47].u_pe      |            ae_pe_p2_pa_timing_376 |         87 |         86 |       0 |    1 |    225 |      0 |      0 |    0 |          1 |
|               (g_row[1].g_col[47].u_pe)  |            ae_pe_p2_pa_timing_376 |         83 |         83 |       0 |    0 |    201 |      0 |      0 |    0 |          0 |
|               u_mul                      |              pack2_mult_padd_1156 |          4 |          3 |       0 |    1 |     24 |      0 |      0 |    0 |          1 |
|             g_row[1].g_col[4].u_pe       |            ae_pe_p2_pa_timing_377 |         86 |         85 |       0 |    1 |    223 |      0 |      0 |    0 |          1 |
|               (g_row[1].g_col[4].u_pe)   |            ae_pe_p2_pa_timing_377 |         83 |         83 |       0 |    0 |    199 |      0 |      0 |    0 |          0 |
|               u_mul                      |              pack2_mult_padd_1155 |          3 |          2 |       0 |    1 |     24 |      0 |      0 |    0 |          1 |
|             g_row[1].g_col[5].u_pe       |            ae_pe_p2_pa_timing_378 |         87 |         86 |       0 |    1 |    224 |      0 |      0 |    0 |          1 |
|               (g_row[1].g_col[5].u_pe)   |            ae_pe_p2_pa_timing_378 |         83 |         83 |       0 |    0 |    200 |      0 |      0 |    0 |          0 |
|               u_mul                      |              pack2_mult_padd_1154 |          4 |          3 |       0 |    1 |     24 |      0 |      0 |    0 |          1 |
|             g_row[1].g_col[6].u_pe       |            ae_pe_p2_pa_timing_379 |         87 |         86 |       0 |    1 |    224 |      0 |      0 |    0 |          1 |
|               (g_row[1].g_col[6].u_pe)   |            ae_pe_p2_pa_timing_379 |         83 |         83 |       0 |    0 |    200 |      0 |      0 |    0 |          0 |
|               u_mul                      |              pack2_mult_padd_1153 |          4 |          3 |       0 |    1 |     24 |      0 |      0 |    0 |          1 |
|             g_row[1].g_col[7].u_pe       |            ae_pe_p2_pa_timing_380 |         87 |         86 |       0 |    1 |    224 |      0 |      0 |    0 |          1 |
|               (g_row[1].g_col[7].u_pe)   |            ae_pe_p2_pa_timing_380 |         83 |         83 |       0 |    0 |    200 |      0 |      0 |    0 |          0 |
|               u_mul                      |              pack2_mult_padd_1152 |          4 |          3 |       0 |    1 |     24 |      0 |      0 |    0 |          1 |
|             g_row[1].g_col[8].u_pe       |            ae_pe_p2_pa_timing_381 |         86 |         85 |       0 |    1 |    223 |      0 |      0 |    0 |          1 |
|               (g_row[1].g_col[8].u_pe)   |            ae_pe_p2_pa_timing_381 |         83 |         83 |       0 |    0 |    199 |      0 |      0 |    0 |          0 |
|               u_mul                      |              pack2_mult_padd_1151 |          3 |          2 |       0 |    1 |     24 |      0 |      0 |    0 |          1 |
|             g_row[1].g_col[9].u_pe       |            ae_pe_p2_pa_timing_382 |         87 |         86 |       0 |    1 |    224 |      0 |      0 |    0 |          1 |
|               (g_row[1].g_col[9].u_pe)   |            ae_pe_p2_pa_timing_382 |         83 |         83 |       0 |    0 |    200 |      0 |      0 |    0 |          0 |
|               u_mul                      |              pack2_mult_padd_1150 |          4 |          3 |       0 |    1 |     24 |      0 |      0 |    0 |          1 |
|             g_row[2].g_col[0].u_pe       |            ae_pe_p2_pa_timing_383 |         87 |         86 |       0 |    1 |    225 |      0 |      0 |    0 |          1 |
|               (g_row[2].g_col[0].u_pe)   |            ae_pe_p2_pa_timing_383 |         83 |         83 |       0 |    0 |    201 |      0 |      0 |    0 |          0 |
|               u_mul                      |              pack2_mult_padd_1149 |          4 |          3 |       0 |    1 |     24 |      0 |      0 |    0 |          1 |
|             g_row[2].g_col[10].u_pe      |            ae_pe_p2_pa_timing_384 |         87 |         86 |       0 |    1 |    224 |      0 |      0 |    0 |          1 |
|               (g_row[2].g_col[10].u_pe)  |            ae_pe_p2_pa_timing_384 |         83 |         83 |       0 |    0 |    200 |      0 |      0 |    0 |          0 |
|               u_mul                      |              pack2_mult_padd_1148 |          4 |          3 |       0 |    1 |     24 |      0 |      0 |    0 |          1 |
|             g_row[2].g_col[11].u_pe      |            ae_pe_p2_pa_timing_385 |         87 |         86 |       0 |    1 |    224 |      0 |      0 |    0 |          1 |
|               (g_row[2].g_col[11].u_pe)  |            ae_pe_p2_pa_timing_385 |         83 |         83 |       0 |    0 |    200 |      0 |      0 |    0 |          0 |
|               u_mul                      |              pack2_mult_padd_1147 |          4 |          3 |       0 |    1 |     24 |      0 |      0 |    0 |          1 |
|             g_row[2].g_col[12].u_pe      |            ae_pe_p2_pa_timing_386 |         87 |         86 |       0 |    1 |    224 |      0 |      0 |    0 |          1 |
|               (g_row[2].g_col[12].u_pe)  |            ae_pe_p2_pa_timing_386 |         83 |         83 |       0 |    0 |    200 |      0 |      0 |    0 |          0 |
|               u_mul                      |              pack2_mult_padd_1146 |          4 |          3 |       0 |    1 |     24 |      0 |      0 |    0 |          1 |
|             g_row[2].g_col[13].u_pe      |            ae_pe_p2_pa_timing_387 |         87 |         86 |       0 |    1 |    224 |      0 |      0 |    0 |          1 |
|               (g_row[2].g_col[13].u_pe)  |            ae_pe_p2_pa_timing_387 |         83 |         83 |       0 |    0 |    200 |      0 |      0 |    0 |          0 |
|               u_mul                      |              pack2_mult_padd_1145 |          4 |          3 |       0 |    1 |     24 |      0 |      0 |    0 |          1 |
|             g_row[2].g_col[14].u_pe      |            ae_pe_p2_pa_timing_388 |         87 |         86 |       0 |    1 |    224 |      0 |      0 |    0 |          1 |
|               (g_row[2].g_col[14].u_pe)  |            ae_pe_p2_pa_timing_388 |         83 |         83 |       0 |    0 |    200 |      0 |      0 |    0 |          0 |
|               u_mul                      |              pack2_mult_padd_1144 |          4 |          3 |       0 |    1 |     24 |      0 |      0 |    0 |          1 |
|             g_row[2].g_col[15].u_pe      |            ae_pe_p2_pa_timing_389 |         87 |         86 |       0 |    1 |    224 |      0 |      0 |    0 |          1 |
|               (g_row[2].g_col[15].u_pe)  |            ae_pe_p2_pa_timing_389 |         83 |         83 |       0 |    0 |    200 |      0 |      0 |    0 |          0 |
|               u_mul                      |              pack2_mult_padd_1143 |          4 |          3 |       0 |    1 |     24 |      0 |      0 |    0 |          1 |
|             g_row[2].g_col[16].u_pe      |            ae_pe_p2_pa_timing_390 |         87 |         86 |       0 |    1 |    225 |      0 |      0 |    0 |          1 |
|               (g_row[2].g_col[16].u_pe)  |            ae_pe_p2_pa_timing_390 |         83 |         83 |       0 |    0 |    201 |      0 |      0 |    0 |          0 |
|               u_mul                      |              pack2_mult_padd_1142 |          4 |          3 |       0 |    1 |     24 |      0 |      0 |    0 |          1 |
|             g_row[2].g_col[17].u_pe      |            ae_pe_p2_pa_timing_391 |         87 |         86 |       0 |    1 |    225 |      0 |      0 |    0 |          1 |
|               (g_row[2].g_col[17].u_pe)  |            ae_pe_p2_pa_timing_391 |         83 |         83 |       0 |    0 |    201 |      0 |      0 |    0 |          0 |
|               u_mul                      |              pack2_mult_padd_1141 |          4 |          3 |       0 |    1 |     24 |      0 |      0 |    0 |          1 |
|             g_row[2].g_col[18].u_pe      |            ae_pe_p2_pa_timing_392 |         87 |         86 |       0 |    1 |    225 |      0 |      0 |    0 |          1 |
|               (g_row[2].g_col[18].u_pe)  |            ae_pe_p2_pa_timing_392 |         83 |         83 |       0 |    0 |    201 |      0 |      0 |    0 |          0 |
|               u_mul                      |              pack2_mult_padd_1140 |          4 |          3 |       0 |    1 |     24 |      0 |      0 |    0 |          1 |
|             g_row[2].g_col[19].u_pe      |            ae_pe_p2_pa_timing_393 |         87 |         86 |       0 |    1 |    225 |      0 |      0 |    0 |          1 |
|               (g_row[2].g_col[19].u_pe)  |            ae_pe_p2_pa_timing_393 |         83 |         83 |       0 |    0 |    201 |      0 |      0 |    0 |          0 |
|               u_mul                      |              pack2_mult_padd_1139 |          4 |          3 |       0 |    1 |     24 |      0 |      0 |    0 |          1 |
|             g_row[2].g_col[1].u_pe       |            ae_pe_p2_pa_timing_394 |         87 |         86 |       0 |    1 |    225 |      0 |      0 |    0 |          1 |
|               (g_row[2].g_col[1].u_pe)   |            ae_pe_p2_pa_timing_394 |         83 |         83 |       0 |    0 |    201 |      0 |      0 |    0 |          0 |
|               u_mul                      |              pack2_mult_padd_1138 |          4 |          3 |       0 |    1 |     24 |      0 |      0 |    0 |          1 |
|             g_row[2].g_col[20].u_pe      |            ae_pe_p2_pa_timing_395 |         87 |         86 |       0 |    1 |    225 |      0 |      0 |    0 |          1 |
|               (g_row[2].g_col[20].u_pe)  |            ae_pe_p2_pa_timing_395 |         83 |         83 |       0 |    0 |    201 |      0 |      0 |    0 |          0 |
|               u_mul                      |              pack2_mult_padd_1137 |          4 |          3 |       0 |    1 |     24 |      0 |      0 |    0 |          1 |
|             g_row[2].g_col[21].u_pe      |            ae_pe_p2_pa_timing_396 |         87 |         86 |       0 |    1 |    225 |      0 |      0 |    0 |          1 |
|               (g_row[2].g_col[21].u_pe)  |            ae_pe_p2_pa_timing_396 |         83 |         83 |       0 |    0 |    201 |      0 |      0 |    0 |          0 |
|               u_mul                      |              pack2_mult_padd_1136 |          4 |          3 |       0 |    1 |     24 |      0 |      0 |    0 |          1 |
|             g_row[2].g_col[22].u_pe      |            ae_pe_p2_pa_timing_397 |         87 |         86 |       0 |    1 |    225 |      0 |      0 |    0 |          1 |
|               (g_row[2].g_col[22].u_pe)  |            ae_pe_p2_pa_timing_397 |         83 |         83 |       0 |    0 |    201 |      0 |      0 |    0 |          0 |
|               u_mul                      |              pack2_mult_padd_1135 |          4 |          3 |       0 |    1 |     24 |      0 |      0 |    0 |          1 |
|             g_row[2].g_col[23].u_pe      |            ae_pe_p2_pa_timing_398 |         87 |         86 |       0 |    1 |    225 |      0 |      0 |    0 |          1 |
|               (g_row[2].g_col[23].u_pe)  |            ae_pe_p2_pa_timing_398 |         83 |         83 |       0 |    0 |    201 |      0 |      0 |    0 |          0 |
|               u_mul                      |              pack2_mult_padd_1134 |          4 |          3 |       0 |    1 |     24 |      0 |      0 |    0 |          1 |
|             g_row[2].g_col[24].u_pe      |            ae_pe_p2_pa_timing_399 |         87 |         86 |       0 |    1 |    225 |      0 |      0 |    0 |          1 |
|               (g_row[2].g_col[24].u_pe)  |            ae_pe_p2_pa_timing_399 |         83 |         83 |       0 |    0 |    201 |      0 |      0 |    0 |          0 |
|               u_mul                      |              pack2_mult_padd_1133 |          4 |          3 |       0 |    1 |     24 |      0 |      0 |    0 |          1 |
|             g_row[2].g_col[25].u_pe      |            ae_pe_p2_pa_timing_400 |         87 |         86 |       0 |    1 |    225 |      0 |      0 |    0 |          1 |
|               (g_row[2].g_col[25].u_pe)  |            ae_pe_p2_pa_timing_400 |         83 |         83 |       0 |    0 |    201 |      0 |      0 |    0 |          0 |
|               u_mul                      |              pack2_mult_padd_1132 |          4 |          3 |       0 |    1 |     24 |      0 |      0 |    0 |          1 |
|             g_row[2].g_col[26].u_pe      |            ae_pe_p2_pa_timing_401 |         87 |         86 |       0 |    1 |    225 |      0 |      0 |    0 |          1 |
|               (g_row[2].g_col[26].u_pe)  |            ae_pe_p2_pa_timing_401 |         83 |         83 |       0 |    0 |    201 |      0 |      0 |    0 |          0 |
|               u_mul                      |              pack2_mult_padd_1131 |          4 |          3 |       0 |    1 |     24 |      0 |      0 |    0 |          1 |
|             g_row[2].g_col[27].u_pe      |            ae_pe_p2_pa_timing_402 |         87 |         86 |       0 |    1 |    225 |      0 |      0 |    0 |          1 |
|               (g_row[2].g_col[27].u_pe)  |            ae_pe_p2_pa_timing_402 |         83 |         83 |       0 |    0 |    201 |      0 |      0 |    0 |          0 |
|               u_mul                      |              pack2_mult_padd_1130 |          4 |          3 |       0 |    1 |     24 |      0 |      0 |    0 |          1 |
|             g_row[2].g_col[28].u_pe      |            ae_pe_p2_pa_timing_403 |         87 |         86 |       0 |    1 |    225 |      0 |      0 |    0 |          1 |
|               (g_row[2].g_col[28].u_pe)  |            ae_pe_p2_pa_timing_403 |         83 |         83 |       0 |    0 |    201 |      0 |      0 |    0 |          0 |
|               u_mul                      |              pack2_mult_padd_1129 |          4 |          3 |       0 |    1 |     24 |      0 |      0 |    0 |          1 |
|             g_row[2].g_col[29].u_pe      |            ae_pe_p2_pa_timing_404 |         87 |         86 |       0 |    1 |    225 |      0 |      0 |    0 |          1 |
|               (g_row[2].g_col[29].u_pe)  |            ae_pe_p2_pa_timing_404 |         83 |         83 |       0 |    0 |    201 |      0 |      0 |    0 |          0 |
|               u_mul                      |              pack2_mult_padd_1128 |          4 |          3 |       0 |    1 |     24 |      0 |      0 |    0 |          1 |
|             g_row[2].g_col[2].u_pe       |            ae_pe_p2_pa_timing_405 |         86 |         85 |       0 |    1 |    224 |      0 |      0 |    0 |          1 |
|               (g_row[2].g_col[2].u_pe)   |            ae_pe_p2_pa_timing_405 |         83 |         83 |       0 |    0 |    200 |      0 |      0 |    0 |          0 |
|               u_mul                      |              pack2_mult_padd_1127 |          3 |          2 |       0 |    1 |     24 |      0 |      0 |    0 |          1 |
|             g_row[2].g_col[30].u_pe      |            ae_pe_p2_pa_timing_406 |         87 |         86 |       0 |    1 |    225 |      0 |      0 |    0 |          1 |
|               (g_row[2].g_col[30].u_pe)  |            ae_pe_p2_pa_timing_406 |         83 |         83 |       0 |    0 |    201 |      0 |      0 |    0 |          0 |
|               u_mul                      |              pack2_mult_padd_1126 |          4 |          3 |       0 |    1 |     24 |      0 |      0 |    0 |          1 |
|             g_row[2].g_col[31].u_pe      |            ae_pe_p2_pa_timing_407 |         87 |         86 |       0 |    1 |    225 |      0 |      0 |    0 |          1 |
|               (g_row[2].g_col[31].u_pe)  |            ae_pe_p2_pa_timing_407 |         83 |         83 |       0 |    0 |    201 |      0 |      0 |    0 |          0 |
|               u_mul                      |              pack2_mult_padd_1125 |          4 |          3 |       0 |    1 |     24 |      0 |      0 |    0 |          1 |
|             g_row[2].g_col[32].u_pe      |            ae_pe_p2_pa_timing_408 |         87 |         86 |       0 |    1 |    225 |      0 |      0 |    0 |          1 |
|               (g_row[2].g_col[32].u_pe)  |            ae_pe_p2_pa_timing_408 |         83 |         83 |       0 |    0 |    201 |      0 |      0 |    0 |          0 |
|               u_mul                      |              pack2_mult_padd_1124 |          4 |          3 |       0 |    1 |     24 |      0 |      0 |    0 |          1 |
|             g_row[2].g_col[33].u_pe      |            ae_pe_p2_pa_timing_409 |         87 |         86 |       0 |    1 |    225 |      0 |      0 |    0 |          1 |
|               (g_row[2].g_col[33].u_pe)  |            ae_pe_p2_pa_timing_409 |         83 |         83 |       0 |    0 |    201 |      0 |      0 |    0 |          0 |
|               u_mul                      |              pack2_mult_padd_1123 |          4 |          3 |       0 |    1 |     24 |      0 |      0 |    0 |          1 |
|             g_row[2].g_col[34].u_pe      |            ae_pe_p2_pa_timing_410 |         87 |         86 |       0 |    1 |    225 |      0 |      0 |    0 |          1 |
|               (g_row[2].g_col[34].u_pe)  |            ae_pe_p2_pa_timing_410 |         83 |         83 |       0 |    0 |    201 |      0 |      0 |    0 |          0 |
|               u_mul                      |              pack2_mult_padd_1122 |          4 |          3 |       0 |    1 |     24 |      0 |      0 |    0 |          1 |
|             g_row[2].g_col[35].u_pe      |            ae_pe_p2_pa_timing_411 |         87 |         86 |       0 |    1 |    225 |      0 |      0 |    0 |          1 |
|               (g_row[2].g_col[35].u_pe)  |            ae_pe_p2_pa_timing_411 |         83 |         83 |       0 |    0 |    201 |      0 |      0 |    0 |          0 |
|               u_mul                      |              pack2_mult_padd_1121 |          4 |          3 |       0 |    1 |     24 |      0 |      0 |    0 |          1 |
|             g_row[2].g_col[36].u_pe      |            ae_pe_p2_pa_timing_412 |         87 |         86 |       0 |    1 |    225 |      0 |      0 |    0 |          1 |
|               (g_row[2].g_col[36].u_pe)  |            ae_pe_p2_pa_timing_412 |         83 |         83 |       0 |    0 |    201 |      0 |      0 |    0 |          0 |
|               u_mul                      |              pack2_mult_padd_1120 |          4 |          3 |       0 |    1 |     24 |      0 |      0 |    0 |          1 |
|             g_row[2].g_col[37].u_pe      |            ae_pe_p2_pa_timing_413 |         87 |         86 |       0 |    1 |    225 |      0 |      0 |    0 |          1 |
|               (g_row[2].g_col[37].u_pe)  |            ae_pe_p2_pa_timing_413 |         83 |         83 |       0 |    0 |    201 |      0 |      0 |    0 |          0 |
|               u_mul                      |              pack2_mult_padd_1119 |          4 |          3 |       0 |    1 |     24 |      0 |      0 |    0 |          1 |
|             g_row[2].g_col[38].u_pe      |            ae_pe_p2_pa_timing_414 |         87 |         86 |       0 |    1 |    225 |      0 |      0 |    0 |          1 |
|               (g_row[2].g_col[38].u_pe)  |            ae_pe_p2_pa_timing_414 |         83 |         83 |       0 |    0 |    201 |      0 |      0 |    0 |          0 |
|               u_mul                      |              pack2_mult_padd_1118 |          4 |          3 |       0 |    1 |     24 |      0 |      0 |    0 |          1 |
|             g_row[2].g_col[39].u_pe      |            ae_pe_p2_pa_timing_415 |         87 |         86 |       0 |    1 |    225 |      0 |      0 |    0 |          1 |
|               (g_row[2].g_col[39].u_pe)  |            ae_pe_p2_pa_timing_415 |         83 |         83 |       0 |    0 |    201 |      0 |      0 |    0 |          0 |
|               u_mul                      |              pack2_mult_padd_1117 |          4 |          3 |       0 |    1 |     24 |      0 |      0 |    0 |          1 |
|             g_row[2].g_col[3].u_pe       |            ae_pe_p2_pa_timing_416 |         87 |         86 |       0 |    1 |    224 |      0 |      0 |    0 |          1 |
|               (g_row[2].g_col[3].u_pe)   |            ae_pe_p2_pa_timing_416 |         83 |         83 |       0 |    0 |    200 |      0 |      0 |    0 |          0 |
|               u_mul                      |              pack2_mult_padd_1116 |          4 |          3 |       0 |    1 |     24 |      0 |      0 |    0 |          1 |
|             g_row[2].g_col[40].u_pe      |            ae_pe_p2_pa_timing_417 |         87 |         86 |       0 |    1 |    225 |      0 |      0 |    0 |          1 |
|               (g_row[2].g_col[40].u_pe)  |            ae_pe_p2_pa_timing_417 |         83 |         83 |       0 |    0 |    201 |      0 |      0 |    0 |          0 |
|               u_mul                      |              pack2_mult_padd_1115 |          4 |          3 |       0 |    1 |     24 |      0 |      0 |    0 |          1 |
|             g_row[2].g_col[41].u_pe      |            ae_pe_p2_pa_timing_418 |         87 |         86 |       0 |    1 |    225 |      0 |      0 |    0 |          1 |
|               (g_row[2].g_col[41].u_pe)  |            ae_pe_p2_pa_timing_418 |         83 |         83 |       0 |    0 |    201 |      0 |      0 |    0 |          0 |
|               u_mul                      |              pack2_mult_padd_1114 |          4 |          3 |       0 |    1 |     24 |      0 |      0 |    0 |          1 |
|             g_row[2].g_col[42].u_pe      |            ae_pe_p2_pa_timing_419 |         87 |         86 |       0 |    1 |    225 |      0 |      0 |    0 |          1 |
|               (g_row[2].g_col[42].u_pe)  |            ae_pe_p2_pa_timing_419 |         83 |         83 |       0 |    0 |    201 |      0 |      0 |    0 |          0 |
|               u_mul                      |              pack2_mult_padd_1113 |          4 |          3 |       0 |    1 |     24 |      0 |      0 |    0 |          1 |
|             g_row[2].g_col[43].u_pe      |            ae_pe_p2_pa_timing_420 |         87 |         86 |       0 |    1 |    225 |      0 |      0 |    0 |          1 |
|               (g_row[2].g_col[43].u_pe)  |            ae_pe_p2_pa_timing_420 |         83 |         83 |       0 |    0 |    201 |      0 |      0 |    0 |          0 |
|               u_mul                      |              pack2_mult_padd_1112 |          4 |          3 |       0 |    1 |     24 |      0 |      0 |    0 |          1 |
|             g_row[2].g_col[44].u_pe      |            ae_pe_p2_pa_timing_421 |         87 |         86 |       0 |    1 |    225 |      0 |      0 |    0 |          1 |
|               (g_row[2].g_col[44].u_pe)  |            ae_pe_p2_pa_timing_421 |         83 |         83 |       0 |    0 |    201 |      0 |      0 |    0 |          0 |
|               u_mul                      |              pack2_mult_padd_1111 |          4 |          3 |       0 |    1 |     24 |      0 |      0 |    0 |          1 |
|             g_row[2].g_col[45].u_pe      |            ae_pe_p2_pa_timing_422 |         87 |         86 |       0 |    1 |    225 |      0 |      0 |    0 |          1 |
|               (g_row[2].g_col[45].u_pe)  |            ae_pe_p2_pa_timing_422 |         83 |         83 |       0 |    0 |    201 |      0 |      0 |    0 |          0 |
|               u_mul                      |              pack2_mult_padd_1110 |          4 |          3 |       0 |    1 |     24 |      0 |      0 |    0 |          1 |
|             g_row[2].g_col[46].u_pe      |            ae_pe_p2_pa_timing_423 |         87 |         86 |       0 |    1 |    225 |      0 |      0 |    0 |          1 |
|               (g_row[2].g_col[46].u_pe)  |            ae_pe_p2_pa_timing_423 |         83 |         83 |       0 |    0 |    201 |      0 |      0 |    0 |          0 |
|               u_mul                      |              pack2_mult_padd_1109 |          4 |          3 |       0 |    1 |     24 |      0 |      0 |    0 |          1 |
|             g_row[2].g_col[47].u_pe      |            ae_pe_p2_pa_timing_424 |         87 |         86 |       0 |    1 |    225 |      0 |      0 |    0 |          1 |
|               (g_row[2].g_col[47].u_pe)  |            ae_pe_p2_pa_timing_424 |         83 |         83 |       0 |    0 |    201 |      0 |      0 |    0 |          0 |
|               u_mul                      |              pack2_mult_padd_1108 |          4 |          3 |       0 |    1 |     24 |      0 |      0 |    0 |          1 |
|             g_row[2].g_col[4].u_pe       |            ae_pe_p2_pa_timing_425 |         86 |         85 |       0 |    1 |    223 |      0 |      0 |    0 |          1 |
|               (g_row[2].g_col[4].u_pe)   |            ae_pe_p2_pa_timing_425 |         83 |         83 |       0 |    0 |    199 |      0 |      0 |    0 |          0 |
|               u_mul                      |              pack2_mult_padd_1107 |          3 |          2 |       0 |    1 |     24 |      0 |      0 |    0 |          1 |
|             g_row[2].g_col[5].u_pe       |            ae_pe_p2_pa_timing_426 |         87 |         86 |       0 |    1 |    224 |      0 |      0 |    0 |          1 |
|               (g_row[2].g_col[5].u_pe)   |            ae_pe_p2_pa_timing_426 |         83 |         83 |       0 |    0 |    200 |      0 |      0 |    0 |          0 |
|               u_mul                      |              pack2_mult_padd_1106 |          4 |          3 |       0 |    1 |     24 |      0 |      0 |    0 |          1 |
|             g_row[2].g_col[6].u_pe       |            ae_pe_p2_pa_timing_427 |         87 |         86 |       0 |    1 |    224 |      0 |      0 |    0 |          1 |
|               (g_row[2].g_col[6].u_pe)   |            ae_pe_p2_pa_timing_427 |         83 |         83 |       0 |    0 |    200 |      0 |      0 |    0 |          0 |
|               u_mul                      |              pack2_mult_padd_1105 |          4 |          3 |       0 |    1 |     24 |      0 |      0 |    0 |          1 |
|             g_row[2].g_col[7].u_pe       |            ae_pe_p2_pa_timing_428 |         87 |         86 |       0 |    1 |    224 |      0 |      0 |    0 |          1 |
|               (g_row[2].g_col[7].u_pe)   |            ae_pe_p2_pa_timing_428 |         83 |         83 |       0 |    0 |    200 |      0 |      0 |    0 |          0 |
|               u_mul                      |              pack2_mult_padd_1104 |          4 |          3 |       0 |    1 |     24 |      0 |      0 |    0 |          1 |
|             g_row[2].g_col[8].u_pe       |            ae_pe_p2_pa_timing_429 |         86 |         85 |       0 |    1 |    223 |      0 |      0 |    0 |          1 |
|               (g_row[2].g_col[8].u_pe)   |            ae_pe_p2_pa_timing_429 |         83 |         83 |       0 |    0 |    199 |      0 |      0 |    0 |          0 |
|               u_mul                      |              pack2_mult_padd_1103 |          3 |          2 |       0 |    1 |     24 |      0 |      0 |    0 |          1 |
|             g_row[2].g_col[9].u_pe       |            ae_pe_p2_pa_timing_430 |         87 |         86 |       0 |    1 |    224 |      0 |      0 |    0 |          1 |
|               (g_row[2].g_col[9].u_pe)   |            ae_pe_p2_pa_timing_430 |         83 |         83 |       0 |    0 |    200 |      0 |      0 |    0 |          0 |
|               u_mul                      |              pack2_mult_padd_1102 |          4 |          3 |       0 |    1 |     24 |      0 |      0 |    0 |          1 |
|             g_row[3].g_col[0].u_pe       |            ae_pe_p2_pa_timing_431 |        141 |        140 |       0 |    1 |    225 |      0 |      0 |    0 |          1 |
|               (g_row[3].g_col[0].u_pe)   |            ae_pe_p2_pa_timing_431 |        137 |        137 |       0 |    0 |    201 |      0 |      0 |    0 |          0 |
|               u_mul                      |              pack2_mult_padd_1101 |          4 |          3 |       0 |    1 |     24 |      0 |      0 |    0 |          1 |
|             g_row[3].g_col[10].u_pe      |            ae_pe_p2_pa_timing_432 |        141 |        140 |       0 |    1 |    224 |      0 |      0 |    0 |          1 |
|               (g_row[3].g_col[10].u_pe)  |            ae_pe_p2_pa_timing_432 |        137 |        137 |       0 |    0 |    200 |      0 |      0 |    0 |          0 |
|               u_mul                      |              pack2_mult_padd_1100 |          4 |          3 |       0 |    1 |     24 |      0 |      0 |    0 |          1 |
|             g_row[3].g_col[11].u_pe      |            ae_pe_p2_pa_timing_433 |        141 |        140 |       0 |    1 |    224 |      0 |      0 |    0 |          1 |
|               (g_row[3].g_col[11].u_pe)  |            ae_pe_p2_pa_timing_433 |        137 |        137 |       0 |    0 |    200 |      0 |      0 |    0 |          0 |
|               u_mul                      |              pack2_mult_padd_1099 |          4 |          3 |       0 |    1 |     24 |      0 |      0 |    0 |          1 |
|             g_row[3].g_col[12].u_pe      |            ae_pe_p2_pa_timing_434 |        141 |        140 |       0 |    1 |    224 |      0 |      0 |    0 |          1 |
|               (g_row[3].g_col[12].u_pe)  |            ae_pe_p2_pa_timing_434 |        137 |        137 |       0 |    0 |    200 |      0 |      0 |    0 |          0 |
|               u_mul                      |              pack2_mult_padd_1098 |          4 |          3 |       0 |    1 |     24 |      0 |      0 |    0 |          1 |
|             g_row[3].g_col[13].u_pe      |            ae_pe_p2_pa_timing_435 |        141 |        140 |       0 |    1 |    224 |      0 |      0 |    0 |          1 |
|               (g_row[3].g_col[13].u_pe)  |            ae_pe_p2_pa_timing_435 |        137 |        137 |       0 |    0 |    200 |      0 |      0 |    0 |          0 |
|               u_mul                      |              pack2_mult_padd_1097 |          4 |          3 |       0 |    1 |     24 |      0 |      0 |    0 |          1 |
|             g_row[3].g_col[14].u_pe      |            ae_pe_p2_pa_timing_436 |        141 |        140 |       0 |    1 |    224 |      0 |      0 |    0 |          1 |
|               (g_row[3].g_col[14].u_pe)  |            ae_pe_p2_pa_timing_436 |        137 |        137 |       0 |    0 |    200 |      0 |      0 |    0 |          0 |
|               u_mul                      |              pack2_mult_padd_1096 |          4 |          3 |       0 |    1 |     24 |      0 |      0 |    0 |          1 |
|             g_row[3].g_col[15].u_pe      |            ae_pe_p2_pa_timing_437 |        141 |        140 |       0 |    1 |    224 |      0 |      0 |    0 |          1 |
|               (g_row[3].g_col[15].u_pe)  |            ae_pe_p2_pa_timing_437 |        137 |        137 |       0 |    0 |    200 |      0 |      0 |    0 |          0 |
|               u_mul                      |              pack2_mult_padd_1095 |          4 |          3 |       0 |    1 |     24 |      0 |      0 |    0 |          1 |
|             g_row[3].g_col[16].u_pe      |            ae_pe_p2_pa_timing_438 |        141 |        140 |       0 |    1 |    225 |      0 |      0 |    0 |          1 |
|               (g_row[3].g_col[16].u_pe)  |            ae_pe_p2_pa_timing_438 |        137 |        137 |       0 |    0 |    201 |      0 |      0 |    0 |          0 |
|               u_mul                      |              pack2_mult_padd_1094 |          4 |          3 |       0 |    1 |     24 |      0 |      0 |    0 |          1 |
|             g_row[3].g_col[17].u_pe      |            ae_pe_p2_pa_timing_439 |        141 |        140 |       0 |    1 |    225 |      0 |      0 |    0 |          1 |
|               (g_row[3].g_col[17].u_pe)  |            ae_pe_p2_pa_timing_439 |        137 |        137 |       0 |    0 |    201 |      0 |      0 |    0 |          0 |
|               u_mul                      |              pack2_mult_padd_1093 |          4 |          3 |       0 |    1 |     24 |      0 |      0 |    0 |          1 |
|             g_row[3].g_col[18].u_pe      |            ae_pe_p2_pa_timing_440 |        141 |        140 |       0 |    1 |    225 |      0 |      0 |    0 |          1 |
|               (g_row[3].g_col[18].u_pe)  |            ae_pe_p2_pa_timing_440 |        137 |        137 |       0 |    0 |    201 |      0 |      0 |    0 |          0 |
|               u_mul                      |              pack2_mult_padd_1092 |          4 |          3 |       0 |    1 |     24 |      0 |      0 |    0 |          1 |
|             g_row[3].g_col[19].u_pe      |            ae_pe_p2_pa_timing_441 |        141 |        140 |       0 |    1 |    225 |      0 |      0 |    0 |          1 |
|               (g_row[3].g_col[19].u_pe)  |            ae_pe_p2_pa_timing_441 |        137 |        137 |       0 |    0 |    201 |      0 |      0 |    0 |          0 |
|               u_mul                      |              pack2_mult_padd_1091 |          4 |          3 |       0 |    1 |     24 |      0 |      0 |    0 |          1 |
|             g_row[3].g_col[1].u_pe       |            ae_pe_p2_pa_timing_442 |        141 |        140 |       0 |    1 |    224 |      0 |      0 |    0 |          1 |
|               (g_row[3].g_col[1].u_pe)   |            ae_pe_p2_pa_timing_442 |        137 |        137 |       0 |    0 |    200 |      0 |      0 |    0 |          0 |
|               u_mul                      |              pack2_mult_padd_1090 |          4 |          3 |       0 |    1 |     24 |      0 |      0 |    0 |          1 |
|             g_row[3].g_col[20].u_pe      |            ae_pe_p2_pa_timing_443 |        141 |        140 |       0 |    1 |    225 |      0 |      0 |    0 |          1 |
|               (g_row[3].g_col[20].u_pe)  |            ae_pe_p2_pa_timing_443 |        137 |        137 |       0 |    0 |    201 |      0 |      0 |    0 |          0 |
|               u_mul                      |              pack2_mult_padd_1089 |          4 |          3 |       0 |    1 |     24 |      0 |      0 |    0 |          1 |
|             g_row[3].g_col[21].u_pe      |            ae_pe_p2_pa_timing_444 |        141 |        140 |       0 |    1 |    225 |      0 |      0 |    0 |          1 |
|               (g_row[3].g_col[21].u_pe)  |            ae_pe_p2_pa_timing_444 |        137 |        137 |       0 |    0 |    201 |      0 |      0 |    0 |          0 |
|               u_mul                      |              pack2_mult_padd_1088 |          4 |          3 |       0 |    1 |     24 |      0 |      0 |    0 |          1 |
|             g_row[3].g_col[22].u_pe      |            ae_pe_p2_pa_timing_445 |        141 |        140 |       0 |    1 |    225 |      0 |      0 |    0 |          1 |
|               (g_row[3].g_col[22].u_pe)  |            ae_pe_p2_pa_timing_445 |        137 |        137 |       0 |    0 |    201 |      0 |      0 |    0 |          0 |
|               u_mul                      |              pack2_mult_padd_1087 |          4 |          3 |       0 |    1 |     24 |      0 |      0 |    0 |          1 |
|             g_row[3].g_col[23].u_pe      |            ae_pe_p2_pa_timing_446 |        141 |        140 |       0 |    1 |    225 |      0 |      0 |    0 |          1 |
|               (g_row[3].g_col[23].u_pe)  |            ae_pe_p2_pa_timing_446 |        137 |        137 |       0 |    0 |    201 |      0 |      0 |    0 |          0 |
|               u_mul                      |              pack2_mult_padd_1086 |          4 |          3 |       0 |    1 |     24 |      0 |      0 |    0 |          1 |
|             g_row[3].g_col[24].u_pe      |            ae_pe_p2_pa_timing_447 |        141 |        140 |       0 |    1 |    225 |      0 |      0 |    0 |          1 |
|               (g_row[3].g_col[24].u_pe)  |            ae_pe_p2_pa_timing_447 |        137 |        137 |       0 |    0 |    201 |      0 |      0 |    0 |          0 |
|               u_mul                      |              pack2_mult_padd_1085 |          4 |          3 |       0 |    1 |     24 |      0 |      0 |    0 |          1 |
|             g_row[3].g_col[25].u_pe      |            ae_pe_p2_pa_timing_448 |        141 |        140 |       0 |    1 |    225 |      0 |      0 |    0 |          1 |
|               (g_row[3].g_col[25].u_pe)  |            ae_pe_p2_pa_timing_448 |        137 |        137 |       0 |    0 |    201 |      0 |      0 |    0 |          0 |
|               u_mul                      |              pack2_mult_padd_1084 |          4 |          3 |       0 |    1 |     24 |      0 |      0 |    0 |          1 |
|             g_row[3].g_col[26].u_pe      |            ae_pe_p2_pa_timing_449 |        141 |        140 |       0 |    1 |    225 |      0 |      0 |    0 |          1 |
|               (g_row[3].g_col[26].u_pe)  |            ae_pe_p2_pa_timing_449 |        137 |        137 |       0 |    0 |    201 |      0 |      0 |    0 |          0 |
|               u_mul                      |              pack2_mult_padd_1083 |          4 |          3 |       0 |    1 |     24 |      0 |      0 |    0 |          1 |
|             g_row[3].g_col[27].u_pe      |            ae_pe_p2_pa_timing_450 |        141 |        140 |       0 |    1 |    225 |      0 |      0 |    0 |          1 |
|               (g_row[3].g_col[27].u_pe)  |            ae_pe_p2_pa_timing_450 |        137 |        137 |       0 |    0 |    201 |      0 |      0 |    0 |          0 |
|               u_mul                      |              pack2_mult_padd_1082 |          4 |          3 |       0 |    1 |     24 |      0 |      0 |    0 |          1 |
|             g_row[3].g_col[28].u_pe      |            ae_pe_p2_pa_timing_451 |        141 |        140 |       0 |    1 |    225 |      0 |      0 |    0 |          1 |
|               (g_row[3].g_col[28].u_pe)  |            ae_pe_p2_pa_timing_451 |        137 |        137 |       0 |    0 |    201 |      0 |      0 |    0 |          0 |
|               u_mul                      |              pack2_mult_padd_1081 |          4 |          3 |       0 |    1 |     24 |      0 |      0 |    0 |          1 |
|             g_row[3].g_col[29].u_pe      |            ae_pe_p2_pa_timing_452 |        141 |        140 |       0 |    1 |    225 |      0 |      0 |    0 |          1 |
|               (g_row[3].g_col[29].u_pe)  |            ae_pe_p2_pa_timing_452 |        137 |        137 |       0 |    0 |    201 |      0 |      0 |    0 |          0 |
|               u_mul                      |              pack2_mult_padd_1080 |          4 |          3 |       0 |    1 |     24 |      0 |      0 |    0 |          1 |
|             g_row[3].g_col[2].u_pe       |            ae_pe_p2_pa_timing_453 |        141 |        140 |       0 |    1 |    224 |      0 |      0 |    0 |          1 |
|               (g_row[3].g_col[2].u_pe)   |            ae_pe_p2_pa_timing_453 |        137 |        137 |       0 |    0 |    200 |      0 |      0 |    0 |          0 |
|               u_mul                      |              pack2_mult_padd_1079 |          4 |          3 |       0 |    1 |     24 |      0 |      0 |    0 |          1 |
|             g_row[3].g_col[30].u_pe      |            ae_pe_p2_pa_timing_454 |        141 |        140 |       0 |    1 |    225 |      0 |      0 |    0 |          1 |
|               (g_row[3].g_col[30].u_pe)  |            ae_pe_p2_pa_timing_454 |        137 |        137 |       0 |    0 |    201 |      0 |      0 |    0 |          0 |
|               u_mul                      |              pack2_mult_padd_1078 |          4 |          3 |       0 |    1 |     24 |      0 |      0 |    0 |          1 |
|             g_row[3].g_col[31].u_pe      |            ae_pe_p2_pa_timing_455 |        141 |        140 |       0 |    1 |    225 |      0 |      0 |    0 |          1 |
|               (g_row[3].g_col[31].u_pe)  |            ae_pe_p2_pa_timing_455 |        137 |        137 |       0 |    0 |    201 |      0 |      0 |    0 |          0 |
|               u_mul                      |              pack2_mult_padd_1077 |          4 |          3 |       0 |    1 |     24 |      0 |      0 |    0 |          1 |
|             g_row[3].g_col[32].u_pe      |            ae_pe_p2_pa_timing_456 |        141 |        140 |       0 |    1 |    225 |      0 |      0 |    0 |          1 |
|               (g_row[3].g_col[32].u_pe)  |            ae_pe_p2_pa_timing_456 |        137 |        137 |       0 |    0 |    201 |      0 |      0 |    0 |          0 |
|               u_mul                      |              pack2_mult_padd_1076 |          4 |          3 |       0 |    1 |     24 |      0 |      0 |    0 |          1 |
|             g_row[3].g_col[33].u_pe      |            ae_pe_p2_pa_timing_457 |        141 |        140 |       0 |    1 |    225 |      0 |      0 |    0 |          1 |
|               (g_row[3].g_col[33].u_pe)  |            ae_pe_p2_pa_timing_457 |        137 |        137 |       0 |    0 |    201 |      0 |      0 |    0 |          0 |
|               u_mul                      |              pack2_mult_padd_1075 |          4 |          3 |       0 |    1 |     24 |      0 |      0 |    0 |          1 |
|             g_row[3].g_col[34].u_pe      |            ae_pe_p2_pa_timing_458 |        141 |        140 |       0 |    1 |    225 |      0 |      0 |    0 |          1 |
|               (g_row[3].g_col[34].u_pe)  |            ae_pe_p2_pa_timing_458 |        137 |        137 |       0 |    0 |    201 |      0 |      0 |    0 |          0 |
|               u_mul                      |              pack2_mult_padd_1074 |          4 |          3 |       0 |    1 |     24 |      0 |      0 |    0 |          1 |
|             g_row[3].g_col[35].u_pe      |            ae_pe_p2_pa_timing_459 |        141 |        140 |       0 |    1 |    225 |      0 |      0 |    0 |          1 |
|               (g_row[3].g_col[35].u_pe)  |            ae_pe_p2_pa_timing_459 |        137 |        137 |       0 |    0 |    201 |      0 |      0 |    0 |          0 |
|               u_mul                      |              pack2_mult_padd_1073 |          4 |          3 |       0 |    1 |     24 |      0 |      0 |    0 |          1 |
|             g_row[3].g_col[36].u_pe      |            ae_pe_p2_pa_timing_460 |        141 |        140 |       0 |    1 |    225 |      0 |      0 |    0 |          1 |
|               (g_row[3].g_col[36].u_pe)  |            ae_pe_p2_pa_timing_460 |        137 |        137 |       0 |    0 |    201 |      0 |      0 |    0 |          0 |
|               u_mul                      |              pack2_mult_padd_1072 |          4 |          3 |       0 |    1 |     24 |      0 |      0 |    0 |          1 |
|             g_row[3].g_col[37].u_pe      |            ae_pe_p2_pa_timing_461 |        141 |        140 |       0 |    1 |    225 |      0 |      0 |    0 |          1 |
|               (g_row[3].g_col[37].u_pe)  |            ae_pe_p2_pa_timing_461 |        137 |        137 |       0 |    0 |    201 |      0 |      0 |    0 |          0 |
|               u_mul                      |              pack2_mult_padd_1071 |          4 |          3 |       0 |    1 |     24 |      0 |      0 |    0 |          1 |
|             g_row[3].g_col[38].u_pe      |            ae_pe_p2_pa_timing_462 |        141 |        140 |       0 |    1 |    225 |      0 |      0 |    0 |          1 |
|               (g_row[3].g_col[38].u_pe)  |            ae_pe_p2_pa_timing_462 |        137 |        137 |       0 |    0 |    201 |      0 |      0 |    0 |          0 |
|               u_mul                      |              pack2_mult_padd_1070 |          4 |          3 |       0 |    1 |     24 |      0 |      0 |    0 |          1 |
|             g_row[3].g_col[39].u_pe      |            ae_pe_p2_pa_timing_463 |        141 |        140 |       0 |    1 |    225 |      0 |      0 |    0 |          1 |
|               (g_row[3].g_col[39].u_pe)  |            ae_pe_p2_pa_timing_463 |        137 |        137 |       0 |    0 |    201 |      0 |      0 |    0 |          0 |
|               u_mul                      |              pack2_mult_padd_1069 |          4 |          3 |       0 |    1 |     24 |      0 |      0 |    0 |          1 |
|             g_row[3].g_col[3].u_pe       |            ae_pe_p2_pa_timing_464 |        140 |        139 |       0 |    1 |    224 |      0 |      0 |    0 |          1 |
|               (g_row[3].g_col[3].u_pe)   |            ae_pe_p2_pa_timing_464 |        137 |        137 |       0 |    0 |    200 |      0 |      0 |    0 |          0 |
|               u_mul                      |              pack2_mult_padd_1068 |          3 |          2 |       0 |    1 |     24 |      0 |      0 |    0 |          1 |
|             g_row[3].g_col[40].u_pe      |            ae_pe_p2_pa_timing_465 |        141 |        140 |       0 |    1 |    225 |      0 |      0 |    0 |          1 |
|               (g_row[3].g_col[40].u_pe)  |            ae_pe_p2_pa_timing_465 |        137 |        137 |       0 |    0 |    201 |      0 |      0 |    0 |          0 |
|               u_mul                      |              pack2_mult_padd_1067 |          4 |          3 |       0 |    1 |     24 |      0 |      0 |    0 |          1 |
|             g_row[3].g_col[41].u_pe      |            ae_pe_p2_pa_timing_466 |        141 |        140 |       0 |    1 |    225 |      0 |      0 |    0 |          1 |
|               (g_row[3].g_col[41].u_pe)  |            ae_pe_p2_pa_timing_466 |        137 |        137 |       0 |    0 |    201 |      0 |      0 |    0 |          0 |
|               u_mul                      |              pack2_mult_padd_1066 |          4 |          3 |       0 |    1 |     24 |      0 |      0 |    0 |          1 |
|             g_row[3].g_col[42].u_pe      |            ae_pe_p2_pa_timing_467 |        141 |        140 |       0 |    1 |    225 |      0 |      0 |    0 |          1 |
|               (g_row[3].g_col[42].u_pe)  |            ae_pe_p2_pa_timing_467 |        137 |        137 |       0 |    0 |    201 |      0 |      0 |    0 |          0 |
|               u_mul                      |              pack2_mult_padd_1065 |          4 |          3 |       0 |    1 |     24 |      0 |      0 |    0 |          1 |
|             g_row[3].g_col[43].u_pe      |            ae_pe_p2_pa_timing_468 |        141 |        140 |       0 |    1 |    225 |      0 |      0 |    0 |          1 |
|               (g_row[3].g_col[43].u_pe)  |            ae_pe_p2_pa_timing_468 |        137 |        137 |       0 |    0 |    201 |      0 |      0 |    0 |          0 |
|               u_mul                      |              pack2_mult_padd_1064 |          4 |          3 |       0 |    1 |     24 |      0 |      0 |    0 |          1 |
|             g_row[3].g_col[44].u_pe      |            ae_pe_p2_pa_timing_469 |        141 |        140 |       0 |    1 |    225 |      0 |      0 |    0 |          1 |
|               (g_row[3].g_col[44].u_pe)  |            ae_pe_p2_pa_timing_469 |        137 |        137 |       0 |    0 |    201 |      0 |      0 |    0 |          0 |
|               u_mul                      |              pack2_mult_padd_1063 |          4 |          3 |       0 |    1 |     24 |      0 |      0 |    0 |          1 |
|             g_row[3].g_col[45].u_pe      |            ae_pe_p2_pa_timing_470 |        141 |        140 |       0 |    1 |    225 |      0 |      0 |    0 |          1 |
|               (g_row[3].g_col[45].u_pe)  |            ae_pe_p2_pa_timing_470 |        137 |        137 |       0 |    0 |    201 |      0 |      0 |    0 |          0 |
|               u_mul                      |              pack2_mult_padd_1062 |          4 |          3 |       0 |    1 |     24 |      0 |      0 |    0 |          1 |
|             g_row[3].g_col[46].u_pe      |            ae_pe_p2_pa_timing_471 |        141 |        140 |       0 |    1 |    225 |      0 |      0 |    0 |          1 |
|               (g_row[3].g_col[46].u_pe)  |            ae_pe_p2_pa_timing_471 |        137 |        137 |       0 |    0 |    201 |      0 |      0 |    0 |          0 |
|               u_mul                      |              pack2_mult_padd_1061 |          4 |          3 |       0 |    1 |     24 |      0 |      0 |    0 |          1 |
|             g_row[3].g_col[47].u_pe      |            ae_pe_p2_pa_timing_472 |        141 |        140 |       0 |    1 |    225 |      0 |      0 |    0 |          1 |
|               (g_row[3].g_col[47].u_pe)  |            ae_pe_p2_pa_timing_472 |        137 |        137 |       0 |    0 |    201 |      0 |      0 |    0 |          0 |
|               u_mul                      |              pack2_mult_padd_1060 |          4 |          3 |       0 |    1 |     24 |      0 |      0 |    0 |          1 |
|             g_row[3].g_col[4].u_pe       |            ae_pe_p2_pa_timing_473 |        140 |        139 |       0 |    1 |    223 |      0 |      0 |    0 |          1 |
|               (g_row[3].g_col[4].u_pe)   |            ae_pe_p2_pa_timing_473 |        137 |        137 |       0 |    0 |    199 |      0 |      0 |    0 |          0 |
|               u_mul                      |              pack2_mult_padd_1059 |          3 |          2 |       0 |    1 |     24 |      0 |      0 |    0 |          1 |
|             g_row[3].g_col[5].u_pe       |            ae_pe_p2_pa_timing_474 |        140 |        139 |       0 |    1 |    223 |      0 |      0 |    0 |          1 |
|               (g_row[3].g_col[5].u_pe)   |            ae_pe_p2_pa_timing_474 |        137 |        137 |       0 |    0 |    199 |      0 |      0 |    0 |          0 |
|               u_mul                      |              pack2_mult_padd_1058 |          3 |          2 |       0 |    1 |     24 |      0 |      0 |    0 |          1 |
|             g_row[3].g_col[6].u_pe       |            ae_pe_p2_pa_timing_475 |        141 |        140 |       0 |    1 |    224 |      0 |      0 |    0 |          1 |
|               (g_row[3].g_col[6].u_pe)   |            ae_pe_p2_pa_timing_475 |        137 |        137 |       0 |    0 |    200 |      0 |      0 |    0 |          0 |
|               u_mul                      |              pack2_mult_padd_1057 |          4 |          3 |       0 |    1 |     24 |      0 |      0 |    0 |          1 |
|             g_row[3].g_col[7].u_pe       |            ae_pe_p2_pa_timing_476 |        141 |        140 |       0 |    1 |    224 |      0 |      0 |    0 |          1 |
|               (g_row[3].g_col[7].u_pe)   |            ae_pe_p2_pa_timing_476 |        137 |        137 |       0 |    0 |    200 |      0 |      0 |    0 |          0 |
|               u_mul                      |              pack2_mult_padd_1056 |          4 |          3 |       0 |    1 |     24 |      0 |      0 |    0 |          1 |
|             g_row[3].g_col[8].u_pe       |            ae_pe_p2_pa_timing_477 |        140 |        139 |       0 |    1 |    223 |      0 |      0 |    0 |          1 |
|               (g_row[3].g_col[8].u_pe)   |            ae_pe_p2_pa_timing_477 |        137 |        137 |       0 |    0 |    199 |      0 |      0 |    0 |          0 |
|               u_mul                      |              pack2_mult_padd_1055 |          3 |          2 |       0 |    1 |     24 |      0 |      0 |    0 |          1 |
|             g_row[3].g_col[9].u_pe       |            ae_pe_p2_pa_timing_478 |        141 |        140 |       0 |    1 |    224 |      0 |      0 |    0 |          1 |
|               (g_row[3].g_col[9].u_pe)   |            ae_pe_p2_pa_timing_478 |        137 |        137 |       0 |    0 |    200 |      0 |      0 |    0 |          0 |
|               u_mul                      |              pack2_mult_padd_1054 |          4 |          3 |       0 |    1 |     24 |      0 |      0 |    0 |          1 |
|             g_row[4].g_col[0].u_pe       |            ae_pe_p2_pa_timing_479 |         87 |         86 |       0 |    1 |    225 |      0 |      0 |    0 |          1 |
|               (g_row[4].g_col[0].u_pe)   |            ae_pe_p2_pa_timing_479 |         83 |         83 |       0 |    0 |    201 |      0 |      0 |    0 |          0 |
|               u_mul                      |              pack2_mult_padd_1053 |          4 |          3 |       0 |    1 |     24 |      0 |      0 |    0 |          1 |
|             g_row[4].g_col[10].u_pe      |            ae_pe_p2_pa_timing_480 |         87 |         86 |       0 |    1 |    225 |      0 |      0 |    0 |          1 |
|               (g_row[4].g_col[10].u_pe)  |            ae_pe_p2_pa_timing_480 |         83 |         83 |       0 |    0 |    201 |      0 |      0 |    0 |          0 |
|               u_mul                      |              pack2_mult_padd_1052 |          4 |          3 |       0 |    1 |     24 |      0 |      0 |    0 |          1 |
|             g_row[4].g_col[11].u_pe      |            ae_pe_p2_pa_timing_481 |         87 |         86 |       0 |    1 |    225 |      0 |      0 |    0 |          1 |
|               (g_row[4].g_col[11].u_pe)  |            ae_pe_p2_pa_timing_481 |         83 |         83 |       0 |    0 |    201 |      0 |      0 |    0 |          0 |
|               u_mul                      |              pack2_mult_padd_1051 |          4 |          3 |       0 |    1 |     24 |      0 |      0 |    0 |          1 |
|             g_row[4].g_col[12].u_pe      |            ae_pe_p2_pa_timing_482 |         87 |         86 |       0 |    1 |    225 |      0 |      0 |    0 |          1 |
|               (g_row[4].g_col[12].u_pe)  |            ae_pe_p2_pa_timing_482 |         83 |         83 |       0 |    0 |    201 |      0 |      0 |    0 |          0 |
|               u_mul                      |              pack2_mult_padd_1050 |          4 |          3 |       0 |    1 |     24 |      0 |      0 |    0 |          1 |
|             g_row[4].g_col[13].u_pe      |            ae_pe_p2_pa_timing_483 |         87 |         86 |       0 |    1 |    225 |      0 |      0 |    0 |          1 |
|               (g_row[4].g_col[13].u_pe)  |            ae_pe_p2_pa_timing_483 |         83 |         83 |       0 |    0 |    201 |      0 |      0 |    0 |          0 |
|               u_mul                      |              pack2_mult_padd_1049 |          4 |          3 |       0 |    1 |     24 |      0 |      0 |    0 |          1 |
|             g_row[4].g_col[14].u_pe      |            ae_pe_p2_pa_timing_484 |         87 |         86 |       0 |    1 |    225 |      0 |      0 |    0 |          1 |
|               (g_row[4].g_col[14].u_pe)  |            ae_pe_p2_pa_timing_484 |         83 |         83 |       0 |    0 |    201 |      0 |      0 |    0 |          0 |
|               u_mul                      |              pack2_mult_padd_1048 |          4 |          3 |       0 |    1 |     24 |      0 |      0 |    0 |          1 |
|             g_row[4].g_col[15].u_pe      |            ae_pe_p2_pa_timing_485 |         87 |         86 |       0 |    1 |    225 |      0 |      0 |    0 |          1 |
|               (g_row[4].g_col[15].u_pe)  |            ae_pe_p2_pa_timing_485 |         83 |         83 |       0 |    0 |    201 |      0 |      0 |    0 |          0 |
|               u_mul                      |              pack2_mult_padd_1047 |          4 |          3 |       0 |    1 |     24 |      0 |      0 |    0 |          1 |
|             g_row[4].g_col[16].u_pe      |            ae_pe_p2_pa_timing_486 |         87 |         86 |       0 |    1 |    225 |      0 |      0 |    0 |          1 |
|               (g_row[4].g_col[16].u_pe)  |            ae_pe_p2_pa_timing_486 |         83 |         83 |       0 |    0 |    201 |      0 |      0 |    0 |          0 |
|               u_mul                      |              pack2_mult_padd_1046 |          4 |          3 |       0 |    1 |     24 |      0 |      0 |    0 |          1 |
|             g_row[4].g_col[17].u_pe      |            ae_pe_p2_pa_timing_487 |         87 |         86 |       0 |    1 |    225 |      0 |      0 |    0 |          1 |
|               (g_row[4].g_col[17].u_pe)  |            ae_pe_p2_pa_timing_487 |         83 |         83 |       0 |    0 |    201 |      0 |      0 |    0 |          0 |
|               u_mul                      |              pack2_mult_padd_1045 |          4 |          3 |       0 |    1 |     24 |      0 |      0 |    0 |          1 |
|             g_row[4].g_col[18].u_pe      |            ae_pe_p2_pa_timing_488 |         87 |         86 |       0 |    1 |    225 |      0 |      0 |    0 |          1 |
|               (g_row[4].g_col[18].u_pe)  |            ae_pe_p2_pa_timing_488 |         83 |         83 |       0 |    0 |    201 |      0 |      0 |    0 |          0 |
|               u_mul                      |              pack2_mult_padd_1044 |          4 |          3 |       0 |    1 |     24 |      0 |      0 |    0 |          1 |
|             g_row[4].g_col[19].u_pe      |            ae_pe_p2_pa_timing_489 |         87 |         86 |       0 |    1 |    225 |      0 |      0 |    0 |          1 |
|               (g_row[4].g_col[19].u_pe)  |            ae_pe_p2_pa_timing_489 |         83 |         83 |       0 |    0 |    201 |      0 |      0 |    0 |          0 |
|               u_mul                      |              pack2_mult_padd_1043 |          4 |          3 |       0 |    1 |     24 |      0 |      0 |    0 |          1 |
|             g_row[4].g_col[1].u_pe       |            ae_pe_p2_pa_timing_490 |         87 |         86 |       0 |    1 |    225 |      0 |      0 |    0 |          1 |
|               (g_row[4].g_col[1].u_pe)   |            ae_pe_p2_pa_timing_490 |         83 |         83 |       0 |    0 |    201 |      0 |      0 |    0 |          0 |
|               u_mul                      |              pack2_mult_padd_1042 |          4 |          3 |       0 |    1 |     24 |      0 |      0 |    0 |          1 |
|             g_row[4].g_col[20].u_pe      |            ae_pe_p2_pa_timing_491 |         87 |         86 |       0 |    1 |    225 |      0 |      0 |    0 |          1 |
|               (g_row[4].g_col[20].u_pe)  |            ae_pe_p2_pa_timing_491 |         83 |         83 |       0 |    0 |    201 |      0 |      0 |    0 |          0 |
|               u_mul                      |              pack2_mult_padd_1041 |          4 |          3 |       0 |    1 |     24 |      0 |      0 |    0 |          1 |
|             g_row[4].g_col[21].u_pe      |            ae_pe_p2_pa_timing_492 |         87 |         86 |       0 |    1 |    225 |      0 |      0 |    0 |          1 |
|               (g_row[4].g_col[21].u_pe)  |            ae_pe_p2_pa_timing_492 |         83 |         83 |       0 |    0 |    201 |      0 |      0 |    0 |          0 |
|               u_mul                      |              pack2_mult_padd_1040 |          4 |          3 |       0 |    1 |     24 |      0 |      0 |    0 |          1 |
|             g_row[4].g_col[22].u_pe      |            ae_pe_p2_pa_timing_493 |         87 |         86 |       0 |    1 |    225 |      0 |      0 |    0 |          1 |
|               (g_row[4].g_col[22].u_pe)  |            ae_pe_p2_pa_timing_493 |         83 |         83 |       0 |    0 |    201 |      0 |      0 |    0 |          0 |
|               u_mul                      |              pack2_mult_padd_1039 |          4 |          3 |       0 |    1 |     24 |      0 |      0 |    0 |          1 |
|             g_row[4].g_col[23].u_pe      |            ae_pe_p2_pa_timing_494 |         87 |         86 |       0 |    1 |    225 |      0 |      0 |    0 |          1 |
|               (g_row[4].g_col[23].u_pe)  |            ae_pe_p2_pa_timing_494 |         83 |         83 |       0 |    0 |    201 |      0 |      0 |    0 |          0 |
|               u_mul                      |              pack2_mult_padd_1038 |          4 |          3 |       0 |    1 |     24 |      0 |      0 |    0 |          1 |
|             g_row[4].g_col[24].u_pe      |            ae_pe_p2_pa_timing_495 |         87 |         86 |       0 |    1 |    225 |      0 |      0 |    0 |          1 |
|               (g_row[4].g_col[24].u_pe)  |            ae_pe_p2_pa_timing_495 |         83 |         83 |       0 |    0 |    201 |      0 |      0 |    0 |          0 |
|               u_mul                      |              pack2_mult_padd_1037 |          4 |          3 |       0 |    1 |     24 |      0 |      0 |    0 |          1 |
|             g_row[4].g_col[25].u_pe      |            ae_pe_p2_pa_timing_496 |         87 |         86 |       0 |    1 |    225 |      0 |      0 |    0 |          1 |
|               (g_row[4].g_col[25].u_pe)  |            ae_pe_p2_pa_timing_496 |         83 |         83 |       0 |    0 |    201 |      0 |      0 |    0 |          0 |
|               u_mul                      |              pack2_mult_padd_1036 |          4 |          3 |       0 |    1 |     24 |      0 |      0 |    0 |          1 |
|             g_row[4].g_col[26].u_pe      |            ae_pe_p2_pa_timing_497 |         87 |         86 |       0 |    1 |    225 |      0 |      0 |    0 |          1 |
|               (g_row[4].g_col[26].u_pe)  |            ae_pe_p2_pa_timing_497 |         83 |         83 |       0 |    0 |    201 |      0 |      0 |    0 |          0 |
|               u_mul                      |              pack2_mult_padd_1035 |          4 |          3 |       0 |    1 |     24 |      0 |      0 |    0 |          1 |
|             g_row[4].g_col[27].u_pe      |            ae_pe_p2_pa_timing_498 |         87 |         86 |       0 |    1 |    225 |      0 |      0 |    0 |          1 |
|               (g_row[4].g_col[27].u_pe)  |            ae_pe_p2_pa_timing_498 |         83 |         83 |       0 |    0 |    201 |      0 |      0 |    0 |          0 |
|               u_mul                      |              pack2_mult_padd_1034 |          4 |          3 |       0 |    1 |     24 |      0 |      0 |    0 |          1 |
|             g_row[4].g_col[28].u_pe      |            ae_pe_p2_pa_timing_499 |         87 |         86 |       0 |    1 |    225 |      0 |      0 |    0 |          1 |
|               (g_row[4].g_col[28].u_pe)  |            ae_pe_p2_pa_timing_499 |         83 |         83 |       0 |    0 |    201 |      0 |      0 |    0 |          0 |
|               u_mul                      |              pack2_mult_padd_1033 |          4 |          3 |       0 |    1 |     24 |      0 |      0 |    0 |          1 |
|             g_row[4].g_col[29].u_pe      |            ae_pe_p2_pa_timing_500 |         87 |         86 |       0 |    1 |    225 |      0 |      0 |    0 |          1 |
|               (g_row[4].g_col[29].u_pe)  |            ae_pe_p2_pa_timing_500 |         83 |         83 |       0 |    0 |    201 |      0 |      0 |    0 |          0 |
|               u_mul                      |              pack2_mult_padd_1032 |          4 |          3 |       0 |    1 |     24 |      0 |      0 |    0 |          1 |
|             g_row[4].g_col[2].u_pe       |            ae_pe_p2_pa_timing_501 |         87 |         86 |       0 |    1 |    225 |      0 |      0 |    0 |          1 |
|               (g_row[4].g_col[2].u_pe)   |            ae_pe_p2_pa_timing_501 |         83 |         83 |       0 |    0 |    201 |      0 |      0 |    0 |          0 |
|               u_mul                      |              pack2_mult_padd_1031 |          4 |          3 |       0 |    1 |     24 |      0 |      0 |    0 |          1 |
|             g_row[4].g_col[30].u_pe      |            ae_pe_p2_pa_timing_502 |         87 |         86 |       0 |    1 |    225 |      0 |      0 |    0 |          1 |
|               (g_row[4].g_col[30].u_pe)  |            ae_pe_p2_pa_timing_502 |         83 |         83 |       0 |    0 |    201 |      0 |      0 |    0 |          0 |
|               u_mul                      |              pack2_mult_padd_1030 |          4 |          3 |       0 |    1 |     24 |      0 |      0 |    0 |          1 |
|             g_row[4].g_col[31].u_pe      |            ae_pe_p2_pa_timing_503 |         87 |         86 |       0 |    1 |    225 |      0 |      0 |    0 |          1 |
|               (g_row[4].g_col[31].u_pe)  |            ae_pe_p2_pa_timing_503 |         83 |         83 |       0 |    0 |    201 |      0 |      0 |    0 |          0 |
|               u_mul                      |              pack2_mult_padd_1029 |          4 |          3 |       0 |    1 |     24 |      0 |      0 |    0 |          1 |
|             g_row[4].g_col[32].u_pe      |            ae_pe_p2_pa_timing_504 |         87 |         86 |       0 |    1 |    225 |      0 |      0 |    0 |          1 |
|               (g_row[4].g_col[32].u_pe)  |            ae_pe_p2_pa_timing_504 |         83 |         83 |       0 |    0 |    201 |      0 |      0 |    0 |          0 |
|               u_mul                      |              pack2_mult_padd_1028 |          4 |          3 |       0 |    1 |     24 |      0 |      0 |    0 |          1 |
|             g_row[4].g_col[33].u_pe      |            ae_pe_p2_pa_timing_505 |         87 |         86 |       0 |    1 |    225 |      0 |      0 |    0 |          1 |
|               (g_row[4].g_col[33].u_pe)  |            ae_pe_p2_pa_timing_505 |         83 |         83 |       0 |    0 |    201 |      0 |      0 |    0 |          0 |
|               u_mul                      |              pack2_mult_padd_1027 |          4 |          3 |       0 |    1 |     24 |      0 |      0 |    0 |          1 |
|             g_row[4].g_col[34].u_pe      |            ae_pe_p2_pa_timing_506 |         87 |         86 |       0 |    1 |    225 |      0 |      0 |    0 |          1 |
|               (g_row[4].g_col[34].u_pe)  |            ae_pe_p2_pa_timing_506 |         83 |         83 |       0 |    0 |    201 |      0 |      0 |    0 |          0 |
|               u_mul                      |              pack2_mult_padd_1026 |          4 |          3 |       0 |    1 |     24 |      0 |      0 |    0 |          1 |
|             g_row[4].g_col[35].u_pe      |            ae_pe_p2_pa_timing_507 |         87 |         86 |       0 |    1 |    225 |      0 |      0 |    0 |          1 |
|               (g_row[4].g_col[35].u_pe)  |            ae_pe_p2_pa_timing_507 |         83 |         83 |       0 |    0 |    201 |      0 |      0 |    0 |          0 |
|               u_mul                      |              pack2_mult_padd_1025 |          4 |          3 |       0 |    1 |     24 |      0 |      0 |    0 |          1 |
|             g_row[4].g_col[36].u_pe      |            ae_pe_p2_pa_timing_508 |         87 |         86 |       0 |    1 |    225 |      0 |      0 |    0 |          1 |
|               (g_row[4].g_col[36].u_pe)  |            ae_pe_p2_pa_timing_508 |         83 |         83 |       0 |    0 |    201 |      0 |      0 |    0 |          0 |
|               u_mul                      |              pack2_mult_padd_1024 |          4 |          3 |       0 |    1 |     24 |      0 |      0 |    0 |          1 |
|             g_row[4].g_col[37].u_pe      |            ae_pe_p2_pa_timing_509 |         87 |         86 |       0 |    1 |    225 |      0 |      0 |    0 |          1 |
|               (g_row[4].g_col[37].u_pe)  |            ae_pe_p2_pa_timing_509 |         83 |         83 |       0 |    0 |    201 |      0 |      0 |    0 |          0 |
|               u_mul                      |              pack2_mult_padd_1023 |          4 |          3 |       0 |    1 |     24 |      0 |      0 |    0 |          1 |
|             g_row[4].g_col[38].u_pe      |            ae_pe_p2_pa_timing_510 |         87 |         86 |       0 |    1 |    225 |      0 |      0 |    0 |          1 |
|               (g_row[4].g_col[38].u_pe)  |            ae_pe_p2_pa_timing_510 |         83 |         83 |       0 |    0 |    201 |      0 |      0 |    0 |          0 |
|               u_mul                      |              pack2_mult_padd_1022 |          4 |          3 |       0 |    1 |     24 |      0 |      0 |    0 |          1 |
|             g_row[4].g_col[39].u_pe      |            ae_pe_p2_pa_timing_511 |         87 |         86 |       0 |    1 |    225 |      0 |      0 |    0 |          1 |
|               (g_row[4].g_col[39].u_pe)  |            ae_pe_p2_pa_timing_511 |         83 |         83 |       0 |    0 |    201 |      0 |      0 |    0 |          0 |
|               u_mul                      |              pack2_mult_padd_1021 |          4 |          3 |       0 |    1 |     24 |      0 |      0 |    0 |          1 |
|             g_row[4].g_col[3].u_pe       |            ae_pe_p2_pa_timing_512 |         87 |         86 |       0 |    1 |    225 |      0 |      0 |    0 |          1 |
|               (g_row[4].g_col[3].u_pe)   |            ae_pe_p2_pa_timing_512 |         83 |         83 |       0 |    0 |    201 |      0 |      0 |    0 |          0 |
|               u_mul                      |              pack2_mult_padd_1020 |          4 |          3 |       0 |    1 |     24 |      0 |      0 |    0 |          1 |
|             g_row[4].g_col[40].u_pe      |            ae_pe_p2_pa_timing_513 |         87 |         86 |       0 |    1 |    225 |      0 |      0 |    0 |          1 |
|               (g_row[4].g_col[40].u_pe)  |            ae_pe_p2_pa_timing_513 |         83 |         83 |       0 |    0 |    201 |      0 |      0 |    0 |          0 |
|               u_mul                      |              pack2_mult_padd_1019 |          4 |          3 |       0 |    1 |     24 |      0 |      0 |    0 |          1 |
|             g_row[4].g_col[41].u_pe      |            ae_pe_p2_pa_timing_514 |         87 |         86 |       0 |    1 |    225 |      0 |      0 |    0 |          1 |
|               (g_row[4].g_col[41].u_pe)  |            ae_pe_p2_pa_timing_514 |         83 |         83 |       0 |    0 |    201 |      0 |      0 |    0 |          0 |
|               u_mul                      |              pack2_mult_padd_1018 |          4 |          3 |       0 |    1 |     24 |      0 |      0 |    0 |          1 |
|             g_row[4].g_col[42].u_pe      |            ae_pe_p2_pa_timing_515 |         87 |         86 |       0 |    1 |    225 |      0 |      0 |    0 |          1 |
|               (g_row[4].g_col[42].u_pe)  |            ae_pe_p2_pa_timing_515 |         83 |         83 |       0 |    0 |    201 |      0 |      0 |    0 |          0 |
|               u_mul                      |              pack2_mult_padd_1017 |          4 |          3 |       0 |    1 |     24 |      0 |      0 |    0 |          1 |
|             g_row[4].g_col[43].u_pe      |            ae_pe_p2_pa_timing_516 |         87 |         86 |       0 |    1 |    225 |      0 |      0 |    0 |          1 |
|               (g_row[4].g_col[43].u_pe)  |            ae_pe_p2_pa_timing_516 |         83 |         83 |       0 |    0 |    201 |      0 |      0 |    0 |          0 |
|               u_mul                      |              pack2_mult_padd_1016 |          4 |          3 |       0 |    1 |     24 |      0 |      0 |    0 |          1 |
|             g_row[4].g_col[44].u_pe      |            ae_pe_p2_pa_timing_517 |         87 |         86 |       0 |    1 |    225 |      0 |      0 |    0 |          1 |
|               (g_row[4].g_col[44].u_pe)  |            ae_pe_p2_pa_timing_517 |         83 |         83 |       0 |    0 |    201 |      0 |      0 |    0 |          0 |
|               u_mul                      |              pack2_mult_padd_1015 |          4 |          3 |       0 |    1 |     24 |      0 |      0 |    0 |          1 |
|             g_row[4].g_col[45].u_pe      |            ae_pe_p2_pa_timing_518 |         87 |         86 |       0 |    1 |    225 |      0 |      0 |    0 |          1 |
|               (g_row[4].g_col[45].u_pe)  |            ae_pe_p2_pa_timing_518 |         83 |         83 |       0 |    0 |    201 |      0 |      0 |    0 |          0 |
|               u_mul                      |              pack2_mult_padd_1014 |          4 |          3 |       0 |    1 |     24 |      0 |      0 |    0 |          1 |
|             g_row[4].g_col[46].u_pe      |            ae_pe_p2_pa_timing_519 |         87 |         86 |       0 |    1 |    225 |      0 |      0 |    0 |          1 |
|               (g_row[4].g_col[46].u_pe)  |            ae_pe_p2_pa_timing_519 |         83 |         83 |       0 |    0 |    201 |      0 |      0 |    0 |          0 |
|               u_mul                      |              pack2_mult_padd_1013 |          4 |          3 |       0 |    1 |     24 |      0 |      0 |    0 |          1 |
|             g_row[4].g_col[47].u_pe      |            ae_pe_p2_pa_timing_520 |         87 |         86 |       0 |    1 |    225 |      0 |      0 |    0 |          1 |
|               (g_row[4].g_col[47].u_pe)  |            ae_pe_p2_pa_timing_520 |         83 |         83 |       0 |    0 |    201 |      0 |      0 |    0 |          0 |
|               u_mul                      |              pack2_mult_padd_1012 |          4 |          3 |       0 |    1 |     24 |      0 |      0 |    0 |          1 |
|             g_row[4].g_col[4].u_pe       |            ae_pe_p2_pa_timing_521 |         86 |         85 |       0 |    1 |    224 |      0 |      0 |    0 |          1 |
|               (g_row[4].g_col[4].u_pe)   |            ae_pe_p2_pa_timing_521 |         83 |         83 |       0 |    0 |    200 |      0 |      0 |    0 |          0 |
|               u_mul                      |              pack2_mult_padd_1011 |          3 |          2 |       0 |    1 |     24 |      0 |      0 |    0 |          1 |
|             g_row[4].g_col[5].u_pe       |            ae_pe_p2_pa_timing_522 |         87 |         86 |       0 |    1 |    225 |      0 |      0 |    0 |          1 |
|               (g_row[4].g_col[5].u_pe)   |            ae_pe_p2_pa_timing_522 |         83 |         83 |       0 |    0 |    201 |      0 |      0 |    0 |          0 |
|               u_mul                      |              pack2_mult_padd_1010 |          4 |          3 |       0 |    1 |     24 |      0 |      0 |    0 |          1 |
|             g_row[4].g_col[6].u_pe       |            ae_pe_p2_pa_timing_523 |         87 |         86 |       0 |    1 |    225 |      0 |      0 |    0 |          1 |
|               (g_row[4].g_col[6].u_pe)   |            ae_pe_p2_pa_timing_523 |         83 |         83 |       0 |    0 |    201 |      0 |      0 |    0 |          0 |
|               u_mul                      |              pack2_mult_padd_1009 |          4 |          3 |       0 |    1 |     24 |      0 |      0 |    0 |          1 |
|             g_row[4].g_col[7].u_pe       |            ae_pe_p2_pa_timing_524 |         87 |         86 |       0 |    1 |    225 |      0 |      0 |    0 |          1 |
|               (g_row[4].g_col[7].u_pe)   |            ae_pe_p2_pa_timing_524 |         83 |         83 |       0 |    0 |    201 |      0 |      0 |    0 |          0 |
|               u_mul                      |              pack2_mult_padd_1008 |          4 |          3 |       0 |    1 |     24 |      0 |      0 |    0 |          1 |
|             g_row[4].g_col[8].u_pe       |            ae_pe_p2_pa_timing_525 |         87 |         86 |       0 |    1 |    224 |      0 |      0 |    0 |          1 |
|               (g_row[4].g_col[8].u_pe)   |            ae_pe_p2_pa_timing_525 |         83 |         83 |       0 |    0 |    200 |      0 |      0 |    0 |          0 |
|               u_mul                      |              pack2_mult_padd_1007 |          4 |          3 |       0 |    1 |     24 |      0 |      0 |    0 |          1 |
|             g_row[4].g_col[9].u_pe       |            ae_pe_p2_pa_timing_526 |         87 |         86 |       0 |    1 |    225 |      0 |      0 |    0 |          1 |
|               (g_row[4].g_col[9].u_pe)   |            ae_pe_p2_pa_timing_526 |         83 |         83 |       0 |    0 |    201 |      0 |      0 |    0 |          0 |
|               u_mul                      |              pack2_mult_padd_1006 |          4 |          3 |       0 |    1 |     24 |      0 |      0 |    0 |          1 |
|             g_row[5].g_col[0].u_pe       |            ae_pe_p2_pa_timing_527 |         87 |         86 |       0 |    1 |    224 |      0 |      0 |    0 |          1 |
|               (g_row[5].g_col[0].u_pe)   |            ae_pe_p2_pa_timing_527 |         83 |         83 |       0 |    0 |    200 |      0 |      0 |    0 |          0 |
|               u_mul                      |              pack2_mult_padd_1005 |          4 |          3 |       0 |    1 |     24 |      0 |      0 |    0 |          1 |
|             g_row[5].g_col[10].u_pe      |            ae_pe_p2_pa_timing_528 |         87 |         86 |       0 |    1 |    224 |      0 |      0 |    0 |          1 |
|               (g_row[5].g_col[10].u_pe)  |            ae_pe_p2_pa_timing_528 |         83 |         83 |       0 |    0 |    200 |      0 |      0 |    0 |          0 |
|               u_mul                      |              pack2_mult_padd_1004 |          4 |          3 |       0 |    1 |     24 |      0 |      0 |    0 |          1 |
|             g_row[5].g_col[11].u_pe      |            ae_pe_p2_pa_timing_529 |         87 |         86 |       0 |    1 |    224 |      0 |      0 |    0 |          1 |
|               (g_row[5].g_col[11].u_pe)  |            ae_pe_p2_pa_timing_529 |         83 |         83 |       0 |    0 |    200 |      0 |      0 |    0 |          0 |
|               u_mul                      |              pack2_mult_padd_1003 |          4 |          3 |       0 |    1 |     24 |      0 |      0 |    0 |          1 |
|             g_row[5].g_col[12].u_pe      |            ae_pe_p2_pa_timing_530 |         87 |         86 |       0 |    1 |    224 |      0 |      0 |    0 |          1 |
|               (g_row[5].g_col[12].u_pe)  |            ae_pe_p2_pa_timing_530 |         83 |         83 |       0 |    0 |    200 |      0 |      0 |    0 |          0 |
|               u_mul                      |              pack2_mult_padd_1002 |          4 |          3 |       0 |    1 |     24 |      0 |      0 |    0 |          1 |
|             g_row[5].g_col[13].u_pe      |            ae_pe_p2_pa_timing_531 |         87 |         86 |       0 |    1 |    224 |      0 |      0 |    0 |          1 |
|               (g_row[5].g_col[13].u_pe)  |            ae_pe_p2_pa_timing_531 |         83 |         83 |       0 |    0 |    200 |      0 |      0 |    0 |          0 |
|               u_mul                      |              pack2_mult_padd_1001 |          4 |          3 |       0 |    1 |     24 |      0 |      0 |    0 |          1 |
|             g_row[5].g_col[14].u_pe      |            ae_pe_p2_pa_timing_532 |         87 |         86 |       0 |    1 |    224 |      0 |      0 |    0 |          1 |
|               (g_row[5].g_col[14].u_pe)  |            ae_pe_p2_pa_timing_532 |         83 |         83 |       0 |    0 |    200 |      0 |      0 |    0 |          0 |
|               u_mul                      |              pack2_mult_padd_1000 |          4 |          3 |       0 |    1 |     24 |      0 |      0 |    0 |          1 |
|             g_row[5].g_col[15].u_pe      |            ae_pe_p2_pa_timing_533 |         87 |         86 |       0 |    1 |    224 |      0 |      0 |    0 |          1 |
|               (g_row[5].g_col[15].u_pe)  |            ae_pe_p2_pa_timing_533 |         83 |         83 |       0 |    0 |    200 |      0 |      0 |    0 |          0 |
|               u_mul                      |               pack2_mult_padd_999 |          4 |          3 |       0 |    1 |     24 |      0 |      0 |    0 |          1 |
|             g_row[5].g_col[16].u_pe      |            ae_pe_p2_pa_timing_534 |         87 |         86 |       0 |    1 |    225 |      0 |      0 |    0 |          1 |
|               (g_row[5].g_col[16].u_pe)  |            ae_pe_p2_pa_timing_534 |         83 |         83 |       0 |    0 |    201 |      0 |      0 |    0 |          0 |
|               u_mul                      |               pack2_mult_padd_998 |          4 |          3 |       0 |    1 |     24 |      0 |      0 |    0 |          1 |
|             g_row[5].g_col[17].u_pe      |            ae_pe_p2_pa_timing_535 |         87 |         86 |       0 |    1 |    225 |      0 |      0 |    0 |          1 |
|               (g_row[5].g_col[17].u_pe)  |            ae_pe_p2_pa_timing_535 |         83 |         83 |       0 |    0 |    201 |      0 |      0 |    0 |          0 |
|               u_mul                      |               pack2_mult_padd_997 |          4 |          3 |       0 |    1 |     24 |      0 |      0 |    0 |          1 |
|             g_row[5].g_col[18].u_pe      |            ae_pe_p2_pa_timing_536 |         87 |         86 |       0 |    1 |    225 |      0 |      0 |    0 |          1 |
|               (g_row[5].g_col[18].u_pe)  |            ae_pe_p2_pa_timing_536 |         83 |         83 |       0 |    0 |    201 |      0 |      0 |    0 |          0 |
|               u_mul                      |               pack2_mult_padd_996 |          4 |          3 |       0 |    1 |     24 |      0 |      0 |    0 |          1 |
|             g_row[5].g_col[19].u_pe      |            ae_pe_p2_pa_timing_537 |         87 |         86 |       0 |    1 |    225 |      0 |      0 |    0 |          1 |
|               (g_row[5].g_col[19].u_pe)  |            ae_pe_p2_pa_timing_537 |         83 |         83 |       0 |    0 |    201 |      0 |      0 |    0 |          0 |
|               u_mul                      |               pack2_mult_padd_995 |          4 |          3 |       0 |    1 |     24 |      0 |      0 |    0 |          1 |
|             g_row[5].g_col[1].u_pe       |            ae_pe_p2_pa_timing_538 |         87 |         86 |       0 |    1 |    224 |      0 |      0 |    0 |          1 |
|               (g_row[5].g_col[1].u_pe)   |            ae_pe_p2_pa_timing_538 |         83 |         83 |       0 |    0 |    200 |      0 |      0 |    0 |          0 |
|               u_mul                      |               pack2_mult_padd_994 |          4 |          3 |       0 |    1 |     24 |      0 |      0 |    0 |          1 |
|             g_row[5].g_col[20].u_pe      |            ae_pe_p2_pa_timing_539 |         87 |         86 |       0 |    1 |    225 |      0 |      0 |    0 |          1 |
|               (g_row[5].g_col[20].u_pe)  |            ae_pe_p2_pa_timing_539 |         83 |         83 |       0 |    0 |    201 |      0 |      0 |    0 |          0 |
|               u_mul                      |               pack2_mult_padd_993 |          4 |          3 |       0 |    1 |     24 |      0 |      0 |    0 |          1 |
|             g_row[5].g_col[21].u_pe      |            ae_pe_p2_pa_timing_540 |         87 |         86 |       0 |    1 |    225 |      0 |      0 |    0 |          1 |
|               (g_row[5].g_col[21].u_pe)  |            ae_pe_p2_pa_timing_540 |         83 |         83 |       0 |    0 |    201 |      0 |      0 |    0 |          0 |
|               u_mul                      |               pack2_mult_padd_992 |          4 |          3 |       0 |    1 |     24 |      0 |      0 |    0 |          1 |
|             g_row[5].g_col[22].u_pe      |            ae_pe_p2_pa_timing_541 |         87 |         86 |       0 |    1 |    225 |      0 |      0 |    0 |          1 |
|               (g_row[5].g_col[22].u_pe)  |            ae_pe_p2_pa_timing_541 |         83 |         83 |       0 |    0 |    201 |      0 |      0 |    0 |          0 |
|               u_mul                      |               pack2_mult_padd_991 |          4 |          3 |       0 |    1 |     24 |      0 |      0 |    0 |          1 |
|             g_row[5].g_col[23].u_pe      |            ae_pe_p2_pa_timing_542 |         87 |         86 |       0 |    1 |    225 |      0 |      0 |    0 |          1 |
|               (g_row[5].g_col[23].u_pe)  |            ae_pe_p2_pa_timing_542 |         83 |         83 |       0 |    0 |    201 |      0 |      0 |    0 |          0 |
|               u_mul                      |               pack2_mult_padd_990 |          4 |          3 |       0 |    1 |     24 |      0 |      0 |    0 |          1 |
|             g_row[5].g_col[24].u_pe      |            ae_pe_p2_pa_timing_543 |         87 |         86 |       0 |    1 |    225 |      0 |      0 |    0 |          1 |
|               (g_row[5].g_col[24].u_pe)  |            ae_pe_p2_pa_timing_543 |         83 |         83 |       0 |    0 |    201 |      0 |      0 |    0 |          0 |
|               u_mul                      |               pack2_mult_padd_989 |          4 |          3 |       0 |    1 |     24 |      0 |      0 |    0 |          1 |
|             g_row[5].g_col[25].u_pe      |            ae_pe_p2_pa_timing_544 |         87 |         86 |       0 |    1 |    225 |      0 |      0 |    0 |          1 |
|               (g_row[5].g_col[25].u_pe)  |            ae_pe_p2_pa_timing_544 |         83 |         83 |       0 |    0 |    201 |      0 |      0 |    0 |          0 |
|               u_mul                      |               pack2_mult_padd_988 |          4 |          3 |       0 |    1 |     24 |      0 |      0 |    0 |          1 |
|             g_row[5].g_col[26].u_pe      |            ae_pe_p2_pa_timing_545 |         87 |         86 |       0 |    1 |    225 |      0 |      0 |    0 |          1 |
|               (g_row[5].g_col[26].u_pe)  |            ae_pe_p2_pa_timing_545 |         83 |         83 |       0 |    0 |    201 |      0 |      0 |    0 |          0 |
|               u_mul                      |               pack2_mult_padd_987 |          4 |          3 |       0 |    1 |     24 |      0 |      0 |    0 |          1 |
|             g_row[5].g_col[27].u_pe      |            ae_pe_p2_pa_timing_546 |         87 |         86 |       0 |    1 |    225 |      0 |      0 |    0 |          1 |
|               (g_row[5].g_col[27].u_pe)  |            ae_pe_p2_pa_timing_546 |         83 |         83 |       0 |    0 |    201 |      0 |      0 |    0 |          0 |
|               u_mul                      |               pack2_mult_padd_986 |          4 |          3 |       0 |    1 |     24 |      0 |      0 |    0 |          1 |
|             g_row[5].g_col[28].u_pe      |            ae_pe_p2_pa_timing_547 |         87 |         86 |       0 |    1 |    225 |      0 |      0 |    0 |          1 |
|               (g_row[5].g_col[28].u_pe)  |            ae_pe_p2_pa_timing_547 |         83 |         83 |       0 |    0 |    201 |      0 |      0 |    0 |          0 |
|               u_mul                      |               pack2_mult_padd_985 |          4 |          3 |       0 |    1 |     24 |      0 |      0 |    0 |          1 |
|             g_row[5].g_col[29].u_pe      |            ae_pe_p2_pa_timing_548 |         87 |         86 |       0 |    1 |    225 |      0 |      0 |    0 |          1 |
|               (g_row[5].g_col[29].u_pe)  |            ae_pe_p2_pa_timing_548 |         83 |         83 |       0 |    0 |    201 |      0 |      0 |    0 |          0 |
|               u_mul                      |               pack2_mult_padd_984 |          4 |          3 |       0 |    1 |     24 |      0 |      0 |    0 |          1 |
|             g_row[5].g_col[2].u_pe       |            ae_pe_p2_pa_timing_549 |         87 |         86 |       0 |    1 |    224 |      0 |      0 |    0 |          1 |
|               (g_row[5].g_col[2].u_pe)   |            ae_pe_p2_pa_timing_549 |         83 |         83 |       0 |    0 |    200 |      0 |      0 |    0 |          0 |
|               u_mul                      |               pack2_mult_padd_983 |          4 |          3 |       0 |    1 |     24 |      0 |      0 |    0 |          1 |
|             g_row[5].g_col[30].u_pe      |            ae_pe_p2_pa_timing_550 |         87 |         86 |       0 |    1 |    225 |      0 |      0 |    0 |          1 |
|               (g_row[5].g_col[30].u_pe)  |            ae_pe_p2_pa_timing_550 |         83 |         83 |       0 |    0 |    201 |      0 |      0 |    0 |          0 |
|               u_mul                      |               pack2_mult_padd_982 |          4 |          3 |       0 |    1 |     24 |      0 |      0 |    0 |          1 |
|             g_row[5].g_col[31].u_pe      |            ae_pe_p2_pa_timing_551 |         87 |         86 |       0 |    1 |    225 |      0 |      0 |    0 |          1 |
|               (g_row[5].g_col[31].u_pe)  |            ae_pe_p2_pa_timing_551 |         83 |         83 |       0 |    0 |    201 |      0 |      0 |    0 |          0 |
|               u_mul                      |               pack2_mult_padd_981 |          4 |          3 |       0 |    1 |     24 |      0 |      0 |    0 |          1 |
|             g_row[5].g_col[32].u_pe      |            ae_pe_p2_pa_timing_552 |         87 |         86 |       0 |    1 |    225 |      0 |      0 |    0 |          1 |
|               (g_row[5].g_col[32].u_pe)  |            ae_pe_p2_pa_timing_552 |         83 |         83 |       0 |    0 |    201 |      0 |      0 |    0 |          0 |
|               u_mul                      |               pack2_mult_padd_980 |          4 |          3 |       0 |    1 |     24 |      0 |      0 |    0 |          1 |
|             g_row[5].g_col[33].u_pe      |            ae_pe_p2_pa_timing_553 |         87 |         86 |       0 |    1 |    225 |      0 |      0 |    0 |          1 |
|               (g_row[5].g_col[33].u_pe)  |            ae_pe_p2_pa_timing_553 |         83 |         83 |       0 |    0 |    201 |      0 |      0 |    0 |          0 |
|               u_mul                      |               pack2_mult_padd_979 |          4 |          3 |       0 |    1 |     24 |      0 |      0 |    0 |          1 |
|             g_row[5].g_col[34].u_pe      |            ae_pe_p2_pa_timing_554 |         87 |         86 |       0 |    1 |    225 |      0 |      0 |    0 |          1 |
|               (g_row[5].g_col[34].u_pe)  |            ae_pe_p2_pa_timing_554 |         83 |         83 |       0 |    0 |    201 |      0 |      0 |    0 |          0 |
|               u_mul                      |               pack2_mult_padd_978 |          4 |          3 |       0 |    1 |     24 |      0 |      0 |    0 |          1 |
|             g_row[5].g_col[35].u_pe      |            ae_pe_p2_pa_timing_555 |         87 |         86 |       0 |    1 |    225 |      0 |      0 |    0 |          1 |
|               (g_row[5].g_col[35].u_pe)  |            ae_pe_p2_pa_timing_555 |         83 |         83 |       0 |    0 |    201 |      0 |      0 |    0 |          0 |
|               u_mul                      |               pack2_mult_padd_977 |          4 |          3 |       0 |    1 |     24 |      0 |      0 |    0 |          1 |
|             g_row[5].g_col[36].u_pe      |            ae_pe_p2_pa_timing_556 |         87 |         86 |       0 |    1 |    225 |      0 |      0 |    0 |          1 |
|               (g_row[5].g_col[36].u_pe)  |            ae_pe_p2_pa_timing_556 |         83 |         83 |       0 |    0 |    201 |      0 |      0 |    0 |          0 |
|               u_mul                      |               pack2_mult_padd_976 |          4 |          3 |       0 |    1 |     24 |      0 |      0 |    0 |          1 |
|             g_row[5].g_col[37].u_pe      |            ae_pe_p2_pa_timing_557 |         87 |         86 |       0 |    1 |    225 |      0 |      0 |    0 |          1 |
|               (g_row[5].g_col[37].u_pe)  |            ae_pe_p2_pa_timing_557 |         83 |         83 |       0 |    0 |    201 |      0 |      0 |    0 |          0 |
|               u_mul                      |               pack2_mult_padd_975 |          4 |          3 |       0 |    1 |     24 |      0 |      0 |    0 |          1 |
|             g_row[5].g_col[38].u_pe      |            ae_pe_p2_pa_timing_558 |         87 |         86 |       0 |    1 |    225 |      0 |      0 |    0 |          1 |
|               (g_row[5].g_col[38].u_pe)  |            ae_pe_p2_pa_timing_558 |         83 |         83 |       0 |    0 |    201 |      0 |      0 |    0 |          0 |
|               u_mul                      |               pack2_mult_padd_974 |          4 |          3 |       0 |    1 |     24 |      0 |      0 |    0 |          1 |
|             g_row[5].g_col[39].u_pe      |            ae_pe_p2_pa_timing_559 |         87 |         86 |       0 |    1 |    225 |      0 |      0 |    0 |          1 |
|               (g_row[5].g_col[39].u_pe)  |            ae_pe_p2_pa_timing_559 |         83 |         83 |       0 |    0 |    201 |      0 |      0 |    0 |          0 |
|               u_mul                      |               pack2_mult_padd_973 |          4 |          3 |       0 |    1 |     24 |      0 |      0 |    0 |          1 |
|             g_row[5].g_col[3].u_pe       |            ae_pe_p2_pa_timing_560 |         87 |         86 |       0 |    1 |    225 |      0 |      0 |    0 |          1 |
|               (g_row[5].g_col[3].u_pe)   |            ae_pe_p2_pa_timing_560 |         83 |         83 |       0 |    0 |    201 |      0 |      0 |    0 |          0 |
|               u_mul                      |               pack2_mult_padd_972 |          4 |          3 |       0 |    1 |     24 |      0 |      0 |    0 |          1 |
|             g_row[5].g_col[40].u_pe      |            ae_pe_p2_pa_timing_561 |         87 |         86 |       0 |    1 |    225 |      0 |      0 |    0 |          1 |
|               (g_row[5].g_col[40].u_pe)  |            ae_pe_p2_pa_timing_561 |         83 |         83 |       0 |    0 |    201 |      0 |      0 |    0 |          0 |
|               u_mul                      |               pack2_mult_padd_971 |          4 |          3 |       0 |    1 |     24 |      0 |      0 |    0 |          1 |
|             g_row[5].g_col[41].u_pe      |            ae_pe_p2_pa_timing_562 |         87 |         86 |       0 |    1 |    225 |      0 |      0 |    0 |          1 |
|               (g_row[5].g_col[41].u_pe)  |            ae_pe_p2_pa_timing_562 |         83 |         83 |       0 |    0 |    201 |      0 |      0 |    0 |          0 |
|               u_mul                      |               pack2_mult_padd_970 |          4 |          3 |       0 |    1 |     24 |      0 |      0 |    0 |          1 |
|             g_row[5].g_col[42].u_pe      |            ae_pe_p2_pa_timing_563 |         87 |         86 |       0 |    1 |    225 |      0 |      0 |    0 |          1 |
|               (g_row[5].g_col[42].u_pe)  |            ae_pe_p2_pa_timing_563 |         83 |         83 |       0 |    0 |    201 |      0 |      0 |    0 |          0 |
|               u_mul                      |               pack2_mult_padd_969 |          4 |          3 |       0 |    1 |     24 |      0 |      0 |    0 |          1 |
|             g_row[5].g_col[43].u_pe      |            ae_pe_p2_pa_timing_564 |         87 |         86 |       0 |    1 |    225 |      0 |      0 |    0 |          1 |
|               (g_row[5].g_col[43].u_pe)  |            ae_pe_p2_pa_timing_564 |         83 |         83 |       0 |    0 |    201 |      0 |      0 |    0 |          0 |
|               u_mul                      |               pack2_mult_padd_968 |          4 |          3 |       0 |    1 |     24 |      0 |      0 |    0 |          1 |
|             g_row[5].g_col[44].u_pe      |            ae_pe_p2_pa_timing_565 |         87 |         86 |       0 |    1 |    225 |      0 |      0 |    0 |          1 |
|               (g_row[5].g_col[44].u_pe)  |            ae_pe_p2_pa_timing_565 |         83 |         83 |       0 |    0 |    201 |      0 |      0 |    0 |          0 |
|               u_mul                      |               pack2_mult_padd_967 |          4 |          3 |       0 |    1 |     24 |      0 |      0 |    0 |          1 |
|             g_row[5].g_col[45].u_pe      |            ae_pe_p2_pa_timing_566 |         87 |         86 |       0 |    1 |    225 |      0 |      0 |    0 |          1 |
|               (g_row[5].g_col[45].u_pe)  |            ae_pe_p2_pa_timing_566 |         83 |         83 |       0 |    0 |    201 |      0 |      0 |    0 |          0 |
|               u_mul                      |               pack2_mult_padd_966 |          4 |          3 |       0 |    1 |     24 |      0 |      0 |    0 |          1 |
|             g_row[5].g_col[46].u_pe      |            ae_pe_p2_pa_timing_567 |         87 |         86 |       0 |    1 |    225 |      0 |      0 |    0 |          1 |
|               (g_row[5].g_col[46].u_pe)  |            ae_pe_p2_pa_timing_567 |         83 |         83 |       0 |    0 |    201 |      0 |      0 |    0 |          0 |
|               u_mul                      |               pack2_mult_padd_965 |          4 |          3 |       0 |    1 |     24 |      0 |      0 |    0 |          1 |
|             g_row[5].g_col[47].u_pe      |            ae_pe_p2_pa_timing_568 |         87 |         86 |       0 |    1 |    225 |      0 |      0 |    0 |          1 |
|               (g_row[5].g_col[47].u_pe)  |            ae_pe_p2_pa_timing_568 |         83 |         83 |       0 |    0 |    201 |      0 |      0 |    0 |          0 |
|               u_mul                      |               pack2_mult_padd_964 |          4 |          3 |       0 |    1 |     24 |      0 |      0 |    0 |          1 |
|             g_row[5].g_col[4].u_pe       |            ae_pe_p2_pa_timing_569 |         86 |         85 |       0 |    1 |    223 |      0 |      0 |    0 |          1 |
|               (g_row[5].g_col[4].u_pe)   |            ae_pe_p2_pa_timing_569 |         83 |         83 |       0 |    0 |    199 |      0 |      0 |    0 |          0 |
|               u_mul                      |               pack2_mult_padd_963 |          3 |          2 |       0 |    1 |     24 |      0 |      0 |    0 |          1 |
|             g_row[5].g_col[5].u_pe       |            ae_pe_p2_pa_timing_570 |         86 |         85 |       0 |    1 |    224 |      0 |      0 |    0 |          1 |
|               (g_row[5].g_col[5].u_pe)   |            ae_pe_p2_pa_timing_570 |         83 |         83 |       0 |    0 |    200 |      0 |      0 |    0 |          0 |
|               u_mul                      |               pack2_mult_padd_962 |          3 |          2 |       0 |    1 |     24 |      0 |      0 |    0 |          1 |
|             g_row[5].g_col[6].u_pe       |            ae_pe_p2_pa_timing_571 |         87 |         86 |       0 |    1 |    224 |      0 |      0 |    0 |          1 |
|               (g_row[5].g_col[6].u_pe)   |            ae_pe_p2_pa_timing_571 |         83 |         83 |       0 |    0 |    200 |      0 |      0 |    0 |          0 |
|               u_mul                      |               pack2_mult_padd_961 |          4 |          3 |       0 |    1 |     24 |      0 |      0 |    0 |          1 |
|             g_row[5].g_col[7].u_pe       |            ae_pe_p2_pa_timing_572 |         87 |         86 |       0 |    1 |    224 |      0 |      0 |    0 |          1 |
|               (g_row[5].g_col[7].u_pe)   |            ae_pe_p2_pa_timing_572 |         83 |         83 |       0 |    0 |    200 |      0 |      0 |    0 |          0 |
|               u_mul                      |               pack2_mult_padd_960 |          4 |          3 |       0 |    1 |     24 |      0 |      0 |    0 |          1 |
|             g_row[5].g_col[8].u_pe       |            ae_pe_p2_pa_timing_573 |         86 |         85 |       0 |    1 |    223 |      0 |      0 |    0 |          1 |
|               (g_row[5].g_col[8].u_pe)   |            ae_pe_p2_pa_timing_573 |         83 |         83 |       0 |    0 |    199 |      0 |      0 |    0 |          0 |
|               u_mul                      |               pack2_mult_padd_959 |          3 |          2 |       0 |    1 |     24 |      0 |      0 |    0 |          1 |
|             g_row[5].g_col[9].u_pe       |            ae_pe_p2_pa_timing_574 |         87 |         86 |       0 |    1 |    224 |      0 |      0 |    0 |          1 |
|               (g_row[5].g_col[9].u_pe)   |            ae_pe_p2_pa_timing_574 |         83 |         83 |       0 |    0 |    200 |      0 |      0 |    0 |          0 |
|               u_mul                      |               pack2_mult_padd_958 |          4 |          3 |       0 |    1 |     24 |      0 |      0 |    0 |          1 |
|             g_row[6].g_col[0].u_pe       |            ae_pe_p2_pa_timing_575 |         86 |         85 |       0 |    1 |    223 |      0 |      0 |    0 |          1 |
|               (g_row[6].g_col[0].u_pe)   |            ae_pe_p2_pa_timing_575 |         83 |         83 |       0 |    0 |    199 |      0 |      0 |    0 |          0 |
|               u_mul                      |               pack2_mult_padd_957 |          3 |          2 |       0 |    1 |     24 |      0 |      0 |    0 |          1 |
|             g_row[6].g_col[10].u_pe      |            ae_pe_p2_pa_timing_576 |         87 |         86 |       0 |    1 |    224 |      0 |      0 |    0 |          1 |
|               (g_row[6].g_col[10].u_pe)  |            ae_pe_p2_pa_timing_576 |         83 |         83 |       0 |    0 |    200 |      0 |      0 |    0 |          0 |
|               u_mul                      |               pack2_mult_padd_956 |          4 |          3 |       0 |    1 |     24 |      0 |      0 |    0 |          1 |
|             g_row[6].g_col[11].u_pe      |            ae_pe_p2_pa_timing_577 |         87 |         86 |       0 |    1 |    224 |      0 |      0 |    0 |          1 |
|               (g_row[6].g_col[11].u_pe)  |            ae_pe_p2_pa_timing_577 |         83 |         83 |       0 |    0 |    200 |      0 |      0 |    0 |          0 |
|               u_mul                      |               pack2_mult_padd_955 |          4 |          3 |       0 |    1 |     24 |      0 |      0 |    0 |          1 |
|             g_row[6].g_col[12].u_pe      |            ae_pe_p2_pa_timing_578 |         87 |         86 |       0 |    1 |    224 |      0 |      0 |    0 |          1 |
|               (g_row[6].g_col[12].u_pe)  |            ae_pe_p2_pa_timing_578 |         83 |         83 |       0 |    0 |    200 |      0 |      0 |    0 |          0 |
|               u_mul                      |               pack2_mult_padd_954 |          4 |          3 |       0 |    1 |     24 |      0 |      0 |    0 |          1 |
|             g_row[6].g_col[13].u_pe      |            ae_pe_p2_pa_timing_579 |         87 |         86 |       0 |    1 |    224 |      0 |      0 |    0 |          1 |
|               (g_row[6].g_col[13].u_pe)  |            ae_pe_p2_pa_timing_579 |         83 |         83 |       0 |    0 |    200 |      0 |      0 |    0 |          0 |
|               u_mul                      |               pack2_mult_padd_953 |          4 |          3 |       0 |    1 |     24 |      0 |      0 |    0 |          1 |
|             g_row[6].g_col[14].u_pe      |            ae_pe_p2_pa_timing_580 |         87 |         86 |       0 |    1 |    224 |      0 |      0 |    0 |          1 |
|               (g_row[6].g_col[14].u_pe)  |            ae_pe_p2_pa_timing_580 |         83 |         83 |       0 |    0 |    200 |      0 |      0 |    0 |          0 |
|               u_mul                      |               pack2_mult_padd_952 |          4 |          3 |       0 |    1 |     24 |      0 |      0 |    0 |          1 |
|             g_row[6].g_col[15].u_pe      |            ae_pe_p2_pa_timing_581 |         87 |         86 |       0 |    1 |    224 |      0 |      0 |    0 |          1 |
|               (g_row[6].g_col[15].u_pe)  |            ae_pe_p2_pa_timing_581 |         83 |         83 |       0 |    0 |    200 |      0 |      0 |    0 |          0 |
|               u_mul                      |               pack2_mult_padd_951 |          4 |          3 |       0 |    1 |     24 |      0 |      0 |    0 |          1 |
|             g_row[6].g_col[16].u_pe      |            ae_pe_p2_pa_timing_582 |         87 |         86 |       0 |    1 |    225 |      0 |      0 |    0 |          1 |
|               (g_row[6].g_col[16].u_pe)  |            ae_pe_p2_pa_timing_582 |         83 |         83 |       0 |    0 |    201 |      0 |      0 |    0 |          0 |
|               u_mul                      |               pack2_mult_padd_950 |          4 |          3 |       0 |    1 |     24 |      0 |      0 |    0 |          1 |
|             g_row[6].g_col[17].u_pe      |            ae_pe_p2_pa_timing_583 |         87 |         86 |       0 |    1 |    225 |      0 |      0 |    0 |          1 |
|               (g_row[6].g_col[17].u_pe)  |            ae_pe_p2_pa_timing_583 |         83 |         83 |       0 |    0 |    201 |      0 |      0 |    0 |          0 |
|               u_mul                      |               pack2_mult_padd_949 |          4 |          3 |       0 |    1 |     24 |      0 |      0 |    0 |          1 |
|             g_row[6].g_col[18].u_pe      |            ae_pe_p2_pa_timing_584 |         87 |         86 |       0 |    1 |    225 |      0 |      0 |    0 |          1 |
|               (g_row[6].g_col[18].u_pe)  |            ae_pe_p2_pa_timing_584 |         83 |         83 |       0 |    0 |    201 |      0 |      0 |    0 |          0 |
|               u_mul                      |               pack2_mult_padd_948 |          4 |          3 |       0 |    1 |     24 |      0 |      0 |    0 |          1 |
|             g_row[6].g_col[19].u_pe      |            ae_pe_p2_pa_timing_585 |         87 |         86 |       0 |    1 |    225 |      0 |      0 |    0 |          1 |
|               (g_row[6].g_col[19].u_pe)  |            ae_pe_p2_pa_timing_585 |         83 |         83 |       0 |    0 |    201 |      0 |      0 |    0 |          0 |
|               u_mul                      |               pack2_mult_padd_947 |          4 |          3 |       0 |    1 |     24 |      0 |      0 |    0 |          1 |
|             g_row[6].g_col[1].u_pe       |            ae_pe_p2_pa_timing_586 |         87 |         86 |       0 |    1 |    224 |      0 |      0 |    0 |          1 |
|               (g_row[6].g_col[1].u_pe)   |            ae_pe_p2_pa_timing_586 |         83 |         83 |       0 |    0 |    200 |      0 |      0 |    0 |          0 |
|               u_mul                      |               pack2_mult_padd_946 |          4 |          3 |       0 |    1 |     24 |      0 |      0 |    0 |          1 |
|             g_row[6].g_col[20].u_pe      |            ae_pe_p2_pa_timing_587 |         87 |         86 |       0 |    1 |    225 |      0 |      0 |    0 |          1 |
|               (g_row[6].g_col[20].u_pe)  |            ae_pe_p2_pa_timing_587 |         83 |         83 |       0 |    0 |    201 |      0 |      0 |    0 |          0 |
|               u_mul                      |               pack2_mult_padd_945 |          4 |          3 |       0 |    1 |     24 |      0 |      0 |    0 |          1 |
|             g_row[6].g_col[21].u_pe      |            ae_pe_p2_pa_timing_588 |         87 |         86 |       0 |    1 |    225 |      0 |      0 |    0 |          1 |
|               (g_row[6].g_col[21].u_pe)  |            ae_pe_p2_pa_timing_588 |         83 |         83 |       0 |    0 |    201 |      0 |      0 |    0 |          0 |
|               u_mul                      |               pack2_mult_padd_944 |          4 |          3 |       0 |    1 |     24 |      0 |      0 |    0 |          1 |
|             g_row[6].g_col[22].u_pe      |            ae_pe_p2_pa_timing_589 |         87 |         86 |       0 |    1 |    225 |      0 |      0 |    0 |          1 |
|               (g_row[6].g_col[22].u_pe)  |            ae_pe_p2_pa_timing_589 |         83 |         83 |       0 |    0 |    201 |      0 |      0 |    0 |          0 |
|               u_mul                      |               pack2_mult_padd_943 |          4 |          3 |       0 |    1 |     24 |      0 |      0 |    0 |          1 |
|             g_row[6].g_col[23].u_pe      |            ae_pe_p2_pa_timing_590 |         87 |         86 |       0 |    1 |    225 |      0 |      0 |    0 |          1 |
|               (g_row[6].g_col[23].u_pe)  |            ae_pe_p2_pa_timing_590 |         83 |         83 |       0 |    0 |    201 |      0 |      0 |    0 |          0 |
|               u_mul                      |               pack2_mult_padd_942 |          4 |          3 |       0 |    1 |     24 |      0 |      0 |    0 |          1 |
|             g_row[6].g_col[24].u_pe      |            ae_pe_p2_pa_timing_591 |         87 |         86 |       0 |    1 |    225 |      0 |      0 |    0 |          1 |
|               (g_row[6].g_col[24].u_pe)  |            ae_pe_p2_pa_timing_591 |         83 |         83 |       0 |    0 |    201 |      0 |      0 |    0 |          0 |
|               u_mul                      |               pack2_mult_padd_941 |          4 |          3 |       0 |    1 |     24 |      0 |      0 |    0 |          1 |
|             g_row[6].g_col[25].u_pe      |            ae_pe_p2_pa_timing_592 |         87 |         86 |       0 |    1 |    225 |      0 |      0 |    0 |          1 |
|               (g_row[6].g_col[25].u_pe)  |            ae_pe_p2_pa_timing_592 |         83 |         83 |       0 |    0 |    201 |      0 |      0 |    0 |          0 |
|               u_mul                      |               pack2_mult_padd_940 |          4 |          3 |       0 |    1 |     24 |      0 |      0 |    0 |          1 |
|             g_row[6].g_col[26].u_pe      |            ae_pe_p2_pa_timing_593 |         87 |         86 |       0 |    1 |    225 |      0 |      0 |    0 |          1 |
|               (g_row[6].g_col[26].u_pe)  |            ae_pe_p2_pa_timing_593 |         83 |         83 |       0 |    0 |    201 |      0 |      0 |    0 |          0 |
|               u_mul                      |               pack2_mult_padd_939 |          4 |          3 |       0 |    1 |     24 |      0 |      0 |    0 |          1 |
|             g_row[6].g_col[27].u_pe      |            ae_pe_p2_pa_timing_594 |         87 |         86 |       0 |    1 |    225 |      0 |      0 |    0 |          1 |
|               (g_row[6].g_col[27].u_pe)  |            ae_pe_p2_pa_timing_594 |         83 |         83 |       0 |    0 |    201 |      0 |      0 |    0 |          0 |
|               u_mul                      |               pack2_mult_padd_938 |          4 |          3 |       0 |    1 |     24 |      0 |      0 |    0 |          1 |
|             g_row[6].g_col[28].u_pe      |            ae_pe_p2_pa_timing_595 |         87 |         86 |       0 |    1 |    225 |      0 |      0 |    0 |          1 |
|               (g_row[6].g_col[28].u_pe)  |            ae_pe_p2_pa_timing_595 |         83 |         83 |       0 |    0 |    201 |      0 |      0 |    0 |          0 |
|               u_mul                      |               pack2_mult_padd_937 |          4 |          3 |       0 |    1 |     24 |      0 |      0 |    0 |          1 |
|             g_row[6].g_col[29].u_pe      |            ae_pe_p2_pa_timing_596 |         87 |         86 |       0 |    1 |    225 |      0 |      0 |    0 |          1 |
|               (g_row[6].g_col[29].u_pe)  |            ae_pe_p2_pa_timing_596 |         83 |         83 |       0 |    0 |    201 |      0 |      0 |    0 |          0 |
|               u_mul                      |               pack2_mult_padd_936 |          4 |          3 |       0 |    1 |     24 |      0 |      0 |    0 |          1 |
|             g_row[6].g_col[2].u_pe       |            ae_pe_p2_pa_timing_597 |         87 |         86 |       0 |    1 |    224 |      0 |      0 |    0 |          1 |
|               (g_row[6].g_col[2].u_pe)   |            ae_pe_p2_pa_timing_597 |         83 |         83 |       0 |    0 |    200 |      0 |      0 |    0 |          0 |
|               u_mul                      |               pack2_mult_padd_935 |          4 |          3 |       0 |    1 |     24 |      0 |      0 |    0 |          1 |
|             g_row[6].g_col[30].u_pe      |            ae_pe_p2_pa_timing_598 |         87 |         86 |       0 |    1 |    225 |      0 |      0 |    0 |          1 |
|               (g_row[6].g_col[30].u_pe)  |            ae_pe_p2_pa_timing_598 |         83 |         83 |       0 |    0 |    201 |      0 |      0 |    0 |          0 |
|               u_mul                      |               pack2_mult_padd_934 |          4 |          3 |       0 |    1 |     24 |      0 |      0 |    0 |          1 |
|             g_row[6].g_col[31].u_pe      |            ae_pe_p2_pa_timing_599 |         87 |         86 |       0 |    1 |    225 |      0 |      0 |    0 |          1 |
|               (g_row[6].g_col[31].u_pe)  |            ae_pe_p2_pa_timing_599 |         83 |         83 |       0 |    0 |    201 |      0 |      0 |    0 |          0 |
|               u_mul                      |               pack2_mult_padd_933 |          4 |          3 |       0 |    1 |     24 |      0 |      0 |    0 |          1 |
|             g_row[6].g_col[32].u_pe      |            ae_pe_p2_pa_timing_600 |         87 |         86 |       0 |    1 |    225 |      0 |      0 |    0 |          1 |
|               (g_row[6].g_col[32].u_pe)  |            ae_pe_p2_pa_timing_600 |         83 |         83 |       0 |    0 |    201 |      0 |      0 |    0 |          0 |
|               u_mul                      |               pack2_mult_padd_932 |          4 |          3 |       0 |    1 |     24 |      0 |      0 |    0 |          1 |
|             g_row[6].g_col[33].u_pe      |            ae_pe_p2_pa_timing_601 |         87 |         86 |       0 |    1 |    225 |      0 |      0 |    0 |          1 |
|               (g_row[6].g_col[33].u_pe)  |            ae_pe_p2_pa_timing_601 |         83 |         83 |       0 |    0 |    201 |      0 |      0 |    0 |          0 |
|               u_mul                      |               pack2_mult_padd_931 |          4 |          3 |       0 |    1 |     24 |      0 |      0 |    0 |          1 |
|             g_row[6].g_col[34].u_pe      |            ae_pe_p2_pa_timing_602 |         87 |         86 |       0 |    1 |    225 |      0 |      0 |    0 |          1 |
|               (g_row[6].g_col[34].u_pe)  |            ae_pe_p2_pa_timing_602 |         83 |         83 |       0 |    0 |    201 |      0 |      0 |    0 |          0 |
|               u_mul                      |               pack2_mult_padd_930 |          4 |          3 |       0 |    1 |     24 |      0 |      0 |    0 |          1 |
|             g_row[6].g_col[35].u_pe      |            ae_pe_p2_pa_timing_603 |         87 |         86 |       0 |    1 |    225 |      0 |      0 |    0 |          1 |
|               (g_row[6].g_col[35].u_pe)  |            ae_pe_p2_pa_timing_603 |         83 |         83 |       0 |    0 |    201 |      0 |      0 |    0 |          0 |
|               u_mul                      |               pack2_mult_padd_929 |          4 |          3 |       0 |    1 |     24 |      0 |      0 |    0 |          1 |
|             g_row[6].g_col[36].u_pe      |            ae_pe_p2_pa_timing_604 |         87 |         86 |       0 |    1 |    225 |      0 |      0 |    0 |          1 |
|               (g_row[6].g_col[36].u_pe)  |            ae_pe_p2_pa_timing_604 |         83 |         83 |       0 |    0 |    201 |      0 |      0 |    0 |          0 |
|               u_mul                      |               pack2_mult_padd_928 |          4 |          3 |       0 |    1 |     24 |      0 |      0 |    0 |          1 |
|             g_row[6].g_col[37].u_pe      |            ae_pe_p2_pa_timing_605 |         87 |         86 |       0 |    1 |    225 |      0 |      0 |    0 |          1 |
|               (g_row[6].g_col[37].u_pe)  |            ae_pe_p2_pa_timing_605 |         83 |         83 |       0 |    0 |    201 |      0 |      0 |    0 |          0 |
|               u_mul                      |               pack2_mult_padd_927 |          4 |          3 |       0 |    1 |     24 |      0 |      0 |    0 |          1 |
|             g_row[6].g_col[38].u_pe      |            ae_pe_p2_pa_timing_606 |         87 |         86 |       0 |    1 |    225 |      0 |      0 |    0 |          1 |
|               (g_row[6].g_col[38].u_pe)  |            ae_pe_p2_pa_timing_606 |         83 |         83 |       0 |    0 |    201 |      0 |      0 |    0 |          0 |
|               u_mul                      |               pack2_mult_padd_926 |          4 |          3 |       0 |    1 |     24 |      0 |      0 |    0 |          1 |
|             g_row[6].g_col[39].u_pe      |            ae_pe_p2_pa_timing_607 |         87 |         86 |       0 |    1 |    225 |      0 |      0 |    0 |          1 |
|               (g_row[6].g_col[39].u_pe)  |            ae_pe_p2_pa_timing_607 |         83 |         83 |       0 |    0 |    201 |      0 |      0 |    0 |          0 |
|               u_mul                      |               pack2_mult_padd_925 |          4 |          3 |       0 |    1 |     24 |      0 |      0 |    0 |          1 |
|             g_row[6].g_col[3].u_pe       |            ae_pe_p2_pa_timing_608 |         87 |         86 |       0 |    1 |    224 |      0 |      0 |    0 |          1 |
|               (g_row[6].g_col[3].u_pe)   |            ae_pe_p2_pa_timing_608 |         83 |         83 |       0 |    0 |    200 |      0 |      0 |    0 |          0 |
|               u_mul                      |               pack2_mult_padd_924 |          4 |          3 |       0 |    1 |     24 |      0 |      0 |    0 |          1 |
|             g_row[6].g_col[40].u_pe      |            ae_pe_p2_pa_timing_609 |         87 |         86 |       0 |    1 |    225 |      0 |      0 |    0 |          1 |
|               (g_row[6].g_col[40].u_pe)  |            ae_pe_p2_pa_timing_609 |         83 |         83 |       0 |    0 |    201 |      0 |      0 |    0 |          0 |
|               u_mul                      |               pack2_mult_padd_923 |          4 |          3 |       0 |    1 |     24 |      0 |      0 |    0 |          1 |
|             g_row[6].g_col[41].u_pe      |            ae_pe_p2_pa_timing_610 |         87 |         86 |       0 |    1 |    225 |      0 |      0 |    0 |          1 |
|               (g_row[6].g_col[41].u_pe)  |            ae_pe_p2_pa_timing_610 |         83 |         83 |       0 |    0 |    201 |      0 |      0 |    0 |          0 |
|               u_mul                      |               pack2_mult_padd_922 |          4 |          3 |       0 |    1 |     24 |      0 |      0 |    0 |          1 |
|             g_row[6].g_col[42].u_pe      |            ae_pe_p2_pa_timing_611 |         87 |         86 |       0 |    1 |    225 |      0 |      0 |    0 |          1 |
|               (g_row[6].g_col[42].u_pe)  |            ae_pe_p2_pa_timing_611 |         83 |         83 |       0 |    0 |    201 |      0 |      0 |    0 |          0 |
|               u_mul                      |               pack2_mult_padd_921 |          4 |          3 |       0 |    1 |     24 |      0 |      0 |    0 |          1 |
|             g_row[6].g_col[43].u_pe      |            ae_pe_p2_pa_timing_612 |         87 |         86 |       0 |    1 |    225 |      0 |      0 |    0 |          1 |
|               (g_row[6].g_col[43].u_pe)  |            ae_pe_p2_pa_timing_612 |         83 |         83 |       0 |    0 |    201 |      0 |      0 |    0 |          0 |
|               u_mul                      |               pack2_mult_padd_920 |          4 |          3 |       0 |    1 |     24 |      0 |      0 |    0 |          1 |
|             g_row[6].g_col[44].u_pe      |            ae_pe_p2_pa_timing_613 |         87 |         86 |       0 |    1 |    225 |      0 |      0 |    0 |          1 |
|               (g_row[6].g_col[44].u_pe)  |            ae_pe_p2_pa_timing_613 |         83 |         83 |       0 |    0 |    201 |      0 |      0 |    0 |          0 |
|               u_mul                      |               pack2_mult_padd_919 |          4 |          3 |       0 |    1 |     24 |      0 |      0 |    0 |          1 |
|             g_row[6].g_col[45].u_pe      |            ae_pe_p2_pa_timing_614 |         87 |         86 |       0 |    1 |    225 |      0 |      0 |    0 |          1 |
|               (g_row[6].g_col[45].u_pe)  |            ae_pe_p2_pa_timing_614 |         83 |         83 |       0 |    0 |    201 |      0 |      0 |    0 |          0 |
|               u_mul                      |               pack2_mult_padd_918 |          4 |          3 |       0 |    1 |     24 |      0 |      0 |    0 |          1 |
|             g_row[6].g_col[46].u_pe      |            ae_pe_p2_pa_timing_615 |         87 |         86 |       0 |    1 |    225 |      0 |      0 |    0 |          1 |
|               (g_row[6].g_col[46].u_pe)  |            ae_pe_p2_pa_timing_615 |         83 |         83 |       0 |    0 |    201 |      0 |      0 |    0 |          0 |
|               u_mul                      |               pack2_mult_padd_917 |          4 |          3 |       0 |    1 |     24 |      0 |      0 |    0 |          1 |
|             g_row[6].g_col[47].u_pe      |            ae_pe_p2_pa_timing_616 |         87 |         86 |       0 |    1 |    225 |      0 |      0 |    0 |          1 |
|               (g_row[6].g_col[47].u_pe)  |            ae_pe_p2_pa_timing_616 |         83 |         83 |       0 |    0 |    201 |      0 |      0 |    0 |          0 |
|               u_mul                      |               pack2_mult_padd_916 |          4 |          3 |       0 |    1 |     24 |      0 |      0 |    0 |          1 |
|             g_row[6].g_col[4].u_pe       |            ae_pe_p2_pa_timing_617 |         86 |         85 |       0 |    1 |    223 |      0 |      0 |    0 |          1 |
|               (g_row[6].g_col[4].u_pe)   |            ae_pe_p2_pa_timing_617 |         83 |         83 |       0 |    0 |    199 |      0 |      0 |    0 |          0 |
|               u_mul                      |               pack2_mult_padd_915 |          3 |          2 |       0 |    1 |     24 |      0 |      0 |    0 |          1 |
|             g_row[6].g_col[5].u_pe       |            ae_pe_p2_pa_timing_618 |         87 |         86 |       0 |    1 |    224 |      0 |      0 |    0 |          1 |
|               (g_row[6].g_col[5].u_pe)   |            ae_pe_p2_pa_timing_618 |         83 |         83 |       0 |    0 |    200 |      0 |      0 |    0 |          0 |
|               u_mul                      |               pack2_mult_padd_914 |          4 |          3 |       0 |    1 |     24 |      0 |      0 |    0 |          1 |
|             g_row[6].g_col[6].u_pe       |            ae_pe_p2_pa_timing_619 |         86 |         85 |       0 |    1 |    224 |      0 |      0 |    0 |          1 |
|               (g_row[6].g_col[6].u_pe)   |            ae_pe_p2_pa_timing_619 |         83 |         83 |       0 |    0 |    200 |      0 |      0 |    0 |          0 |
|               u_mul                      |               pack2_mult_padd_913 |          3 |          2 |       0 |    1 |     24 |      0 |      0 |    0 |          1 |
|             g_row[6].g_col[7].u_pe       |            ae_pe_p2_pa_timing_620 |         87 |         86 |       0 |    1 |    224 |      0 |      0 |    0 |          1 |
|               (g_row[6].g_col[7].u_pe)   |            ae_pe_p2_pa_timing_620 |         83 |         83 |       0 |    0 |    200 |      0 |      0 |    0 |          0 |
|               u_mul                      |               pack2_mult_padd_912 |          4 |          3 |       0 |    1 |     24 |      0 |      0 |    0 |          1 |
|             g_row[6].g_col[8].u_pe       |            ae_pe_p2_pa_timing_621 |         87 |         86 |       0 |    1 |    224 |      0 |      0 |    0 |          1 |
|               (g_row[6].g_col[8].u_pe)   |            ae_pe_p2_pa_timing_621 |         83 |         83 |       0 |    0 |    200 |      0 |      0 |    0 |          0 |
|               u_mul                      |               pack2_mult_padd_911 |          4 |          3 |       0 |    1 |     24 |      0 |      0 |    0 |          1 |
|             g_row[6].g_col[9].u_pe       |            ae_pe_p2_pa_timing_622 |         87 |         86 |       0 |    1 |    224 |      0 |      0 |    0 |          1 |
|               (g_row[6].g_col[9].u_pe)   |            ae_pe_p2_pa_timing_622 |         83 |         83 |       0 |    0 |    200 |      0 |      0 |    0 |          0 |
|               u_mul                      |               pack2_mult_padd_910 |          4 |          3 |       0 |    1 |     24 |      0 |      0 |    0 |          1 |
|             g_row[7].g_col[0].u_pe       |            ae_pe_p2_pa_timing_623 |        140 |        139 |       0 |    1 |    223 |      0 |      0 |    0 |          1 |
|               (g_row[7].g_col[0].u_pe)   |            ae_pe_p2_pa_timing_623 |        137 |        137 |       0 |    0 |    199 |      0 |      0 |    0 |          0 |
|               u_mul                      |               pack2_mult_padd_909 |          3 |          2 |       0 |    1 |     24 |      0 |      0 |    0 |          1 |
|             g_row[7].g_col[10].u_pe      |            ae_pe_p2_pa_timing_624 |        141 |        140 |       0 |    1 |    224 |      0 |      0 |    0 |          1 |
|               (g_row[7].g_col[10].u_pe)  |            ae_pe_p2_pa_timing_624 |        137 |        137 |       0 |    0 |    200 |      0 |      0 |    0 |          0 |
|               u_mul                      |               pack2_mult_padd_908 |          4 |          3 |       0 |    1 |     24 |      0 |      0 |    0 |          1 |
|             g_row[7].g_col[11].u_pe      |            ae_pe_p2_pa_timing_625 |        141 |        140 |       0 |    1 |    224 |      0 |      0 |    0 |          1 |
|               (g_row[7].g_col[11].u_pe)  |            ae_pe_p2_pa_timing_625 |        137 |        137 |       0 |    0 |    200 |      0 |      0 |    0 |          0 |
|               u_mul                      |               pack2_mult_padd_907 |          4 |          3 |       0 |    1 |     24 |      0 |      0 |    0 |          1 |
|             g_row[7].g_col[12].u_pe      |            ae_pe_p2_pa_timing_626 |        141 |        140 |       0 |    1 |    224 |      0 |      0 |    0 |          1 |
|               (g_row[7].g_col[12].u_pe)  |            ae_pe_p2_pa_timing_626 |        137 |        137 |       0 |    0 |    200 |      0 |      0 |    0 |          0 |
|               u_mul                      |               pack2_mult_padd_906 |          4 |          3 |       0 |    1 |     24 |      0 |      0 |    0 |          1 |
|             g_row[7].g_col[13].u_pe      |            ae_pe_p2_pa_timing_627 |        141 |        140 |       0 |    1 |    224 |      0 |      0 |    0 |          1 |
|               (g_row[7].g_col[13].u_pe)  |            ae_pe_p2_pa_timing_627 |        137 |        137 |       0 |    0 |    200 |      0 |      0 |    0 |          0 |
|               u_mul                      |               pack2_mult_padd_905 |          4 |          3 |       0 |    1 |     24 |      0 |      0 |    0 |          1 |
|             g_row[7].g_col[14].u_pe      |            ae_pe_p2_pa_timing_628 |        141 |        140 |       0 |    1 |    224 |      0 |      0 |    0 |          1 |
|               (g_row[7].g_col[14].u_pe)  |            ae_pe_p2_pa_timing_628 |        137 |        137 |       0 |    0 |    200 |      0 |      0 |    0 |          0 |
|               u_mul                      |               pack2_mult_padd_904 |          4 |          3 |       0 |    1 |     24 |      0 |      0 |    0 |          1 |
|             g_row[7].g_col[15].u_pe      |            ae_pe_p2_pa_timing_629 |        141 |        140 |       0 |    1 |    224 |      0 |      0 |    0 |          1 |
|               (g_row[7].g_col[15].u_pe)  |            ae_pe_p2_pa_timing_629 |        137 |        137 |       0 |    0 |    200 |      0 |      0 |    0 |          0 |
|               u_mul                      |               pack2_mult_padd_903 |          4 |          3 |       0 |    1 |     24 |      0 |      0 |    0 |          1 |
|             g_row[7].g_col[16].u_pe      |            ae_pe_p2_pa_timing_630 |        141 |        140 |       0 |    1 |    225 |      0 |      0 |    0 |          1 |
|               (g_row[7].g_col[16].u_pe)  |            ae_pe_p2_pa_timing_630 |        137 |        137 |       0 |    0 |    201 |      0 |      0 |    0 |          0 |
|               u_mul                      |               pack2_mult_padd_902 |          4 |          3 |       0 |    1 |     24 |      0 |      0 |    0 |          1 |
|             g_row[7].g_col[17].u_pe      |            ae_pe_p2_pa_timing_631 |        141 |        140 |       0 |    1 |    225 |      0 |      0 |    0 |          1 |
|               (g_row[7].g_col[17].u_pe)  |            ae_pe_p2_pa_timing_631 |        137 |        137 |       0 |    0 |    201 |      0 |      0 |    0 |          0 |
|               u_mul                      |               pack2_mult_padd_901 |          4 |          3 |       0 |    1 |     24 |      0 |      0 |    0 |          1 |
|             g_row[7].g_col[18].u_pe      |            ae_pe_p2_pa_timing_632 |        141 |        140 |       0 |    1 |    225 |      0 |      0 |    0 |          1 |
|               (g_row[7].g_col[18].u_pe)  |            ae_pe_p2_pa_timing_632 |        137 |        137 |       0 |    0 |    201 |      0 |      0 |    0 |          0 |
|               u_mul                      |               pack2_mult_padd_900 |          4 |          3 |       0 |    1 |     24 |      0 |      0 |    0 |          1 |
|             g_row[7].g_col[19].u_pe      |            ae_pe_p2_pa_timing_633 |        141 |        140 |       0 |    1 |    225 |      0 |      0 |    0 |          1 |
|               (g_row[7].g_col[19].u_pe)  |            ae_pe_p2_pa_timing_633 |        137 |        137 |       0 |    0 |    201 |      0 |      0 |    0 |          0 |
|               u_mul                      |               pack2_mult_padd_899 |          4 |          3 |       0 |    1 |     24 |      0 |      0 |    0 |          1 |
|             g_row[7].g_col[1].u_pe       |            ae_pe_p2_pa_timing_634 |        141 |        140 |       0 |    1 |    224 |      0 |      0 |    0 |          1 |
|               (g_row[7].g_col[1].u_pe)   |            ae_pe_p2_pa_timing_634 |        137 |        137 |       0 |    0 |    200 |      0 |      0 |    0 |          0 |
|               u_mul                      |               pack2_mult_padd_898 |          4 |          3 |       0 |    1 |     24 |      0 |      0 |    0 |          1 |
|             g_row[7].g_col[20].u_pe      |            ae_pe_p2_pa_timing_635 |        141 |        140 |       0 |    1 |    225 |      0 |      0 |    0 |          1 |
|               (g_row[7].g_col[20].u_pe)  |            ae_pe_p2_pa_timing_635 |        137 |        137 |       0 |    0 |    201 |      0 |      0 |    0 |          0 |
|               u_mul                      |               pack2_mult_padd_897 |          4 |          3 |       0 |    1 |     24 |      0 |      0 |    0 |          1 |
|             g_row[7].g_col[21].u_pe      |            ae_pe_p2_pa_timing_636 |        141 |        140 |       0 |    1 |    225 |      0 |      0 |    0 |          1 |
|               (g_row[7].g_col[21].u_pe)  |            ae_pe_p2_pa_timing_636 |        137 |        137 |       0 |    0 |    201 |      0 |      0 |    0 |          0 |
|               u_mul                      |               pack2_mult_padd_896 |          4 |          3 |       0 |    1 |     24 |      0 |      0 |    0 |          1 |
|             g_row[7].g_col[22].u_pe      |            ae_pe_p2_pa_timing_637 |        141 |        140 |       0 |    1 |    225 |      0 |      0 |    0 |          1 |
|               (g_row[7].g_col[22].u_pe)  |            ae_pe_p2_pa_timing_637 |        137 |        137 |       0 |    0 |    201 |      0 |      0 |    0 |          0 |
|               u_mul                      |               pack2_mult_padd_895 |          4 |          3 |       0 |    1 |     24 |      0 |      0 |    0 |          1 |
|             g_row[7].g_col[23].u_pe      |            ae_pe_p2_pa_timing_638 |        141 |        140 |       0 |    1 |    225 |      0 |      0 |    0 |          1 |
|               (g_row[7].g_col[23].u_pe)  |            ae_pe_p2_pa_timing_638 |        137 |        137 |       0 |    0 |    201 |      0 |      0 |    0 |          0 |
|               u_mul                      |               pack2_mult_padd_894 |          4 |          3 |       0 |    1 |     24 |      0 |      0 |    0 |          1 |
|             g_row[7].g_col[24].u_pe      |            ae_pe_p2_pa_timing_639 |        141 |        140 |       0 |    1 |    225 |      0 |      0 |    0 |          1 |
|               (g_row[7].g_col[24].u_pe)  |            ae_pe_p2_pa_timing_639 |        137 |        137 |       0 |    0 |    201 |      0 |      0 |    0 |          0 |
|               u_mul                      |               pack2_mult_padd_893 |          4 |          3 |       0 |    1 |     24 |      0 |      0 |    0 |          1 |
|             g_row[7].g_col[25].u_pe      |            ae_pe_p2_pa_timing_640 |        141 |        140 |       0 |    1 |    225 |      0 |      0 |    0 |          1 |
|               (g_row[7].g_col[25].u_pe)  |            ae_pe_p2_pa_timing_640 |        137 |        137 |       0 |    0 |    201 |      0 |      0 |    0 |          0 |
|               u_mul                      |               pack2_mult_padd_892 |          4 |          3 |       0 |    1 |     24 |      0 |      0 |    0 |          1 |
|             g_row[7].g_col[26].u_pe      |            ae_pe_p2_pa_timing_641 |        141 |        140 |       0 |    1 |    225 |      0 |      0 |    0 |          1 |
|               (g_row[7].g_col[26].u_pe)  |            ae_pe_p2_pa_timing_641 |        137 |        137 |       0 |    0 |    201 |      0 |      0 |    0 |          0 |
|               u_mul                      |               pack2_mult_padd_891 |          4 |          3 |       0 |    1 |     24 |      0 |      0 |    0 |          1 |
|             g_row[7].g_col[27].u_pe      |            ae_pe_p2_pa_timing_642 |        141 |        140 |       0 |    1 |    225 |      0 |      0 |    0 |          1 |
|               (g_row[7].g_col[27].u_pe)  |            ae_pe_p2_pa_timing_642 |        137 |        137 |       0 |    0 |    201 |      0 |      0 |    0 |          0 |
|               u_mul                      |               pack2_mult_padd_890 |          4 |          3 |       0 |    1 |     24 |      0 |      0 |    0 |          1 |
|             g_row[7].g_col[28].u_pe      |            ae_pe_p2_pa_timing_643 |        141 |        140 |       0 |    1 |    225 |      0 |      0 |    0 |          1 |
|               (g_row[7].g_col[28].u_pe)  |            ae_pe_p2_pa_timing_643 |        137 |        137 |       0 |    0 |    201 |      0 |      0 |    0 |          0 |
|               u_mul                      |               pack2_mult_padd_889 |          4 |          3 |       0 |    1 |     24 |      0 |      0 |    0 |          1 |
|             g_row[7].g_col[29].u_pe      |            ae_pe_p2_pa_timing_644 |        141 |        140 |       0 |    1 |    225 |      0 |      0 |    0 |          1 |
|               (g_row[7].g_col[29].u_pe)  |            ae_pe_p2_pa_timing_644 |        137 |        137 |       0 |    0 |    201 |      0 |      0 |    0 |          0 |
|               u_mul                      |               pack2_mult_padd_888 |          4 |          3 |       0 |    1 |     24 |      0 |      0 |    0 |          1 |
|             g_row[7].g_col[2].u_pe       |            ae_pe_p2_pa_timing_645 |        141 |        140 |       0 |    1 |    224 |      0 |      0 |    0 |          1 |
|               (g_row[7].g_col[2].u_pe)   |            ae_pe_p2_pa_timing_645 |        137 |        137 |       0 |    0 |    200 |      0 |      0 |    0 |          0 |
|               u_mul                      |               pack2_mult_padd_887 |          4 |          3 |       0 |    1 |     24 |      0 |      0 |    0 |          1 |
|             g_row[7].g_col[30].u_pe      |            ae_pe_p2_pa_timing_646 |        141 |        140 |       0 |    1 |    225 |      0 |      0 |    0 |          1 |
|               (g_row[7].g_col[30].u_pe)  |            ae_pe_p2_pa_timing_646 |        137 |        137 |       0 |    0 |    201 |      0 |      0 |    0 |          0 |
|               u_mul                      |               pack2_mult_padd_886 |          4 |          3 |       0 |    1 |     24 |      0 |      0 |    0 |          1 |
|             g_row[7].g_col[31].u_pe      |            ae_pe_p2_pa_timing_647 |        141 |        140 |       0 |    1 |    225 |      0 |      0 |    0 |          1 |
|               (g_row[7].g_col[31].u_pe)  |            ae_pe_p2_pa_timing_647 |        137 |        137 |       0 |    0 |    201 |      0 |      0 |    0 |          0 |
|               u_mul                      |               pack2_mult_padd_885 |          4 |          3 |       0 |    1 |     24 |      0 |      0 |    0 |          1 |
|             g_row[7].g_col[32].u_pe      |            ae_pe_p2_pa_timing_648 |        141 |        140 |       0 |    1 |    225 |      0 |      0 |    0 |          1 |
|               (g_row[7].g_col[32].u_pe)  |            ae_pe_p2_pa_timing_648 |        137 |        137 |       0 |    0 |    201 |      0 |      0 |    0 |          0 |
|               u_mul                      |               pack2_mult_padd_884 |          4 |          3 |       0 |    1 |     24 |      0 |      0 |    0 |          1 |
|             g_row[7].g_col[33].u_pe      |            ae_pe_p2_pa_timing_649 |        141 |        140 |       0 |    1 |    225 |      0 |      0 |    0 |          1 |
|               (g_row[7].g_col[33].u_pe)  |            ae_pe_p2_pa_timing_649 |        137 |        137 |       0 |    0 |    201 |      0 |      0 |    0 |          0 |
|               u_mul                      |               pack2_mult_padd_883 |          4 |          3 |       0 |    1 |     24 |      0 |      0 |    0 |          1 |
|             g_row[7].g_col[34].u_pe      |            ae_pe_p2_pa_timing_650 |        141 |        140 |       0 |    1 |    225 |      0 |      0 |    0 |          1 |
|               (g_row[7].g_col[34].u_pe)  |            ae_pe_p2_pa_timing_650 |        137 |        137 |       0 |    0 |    201 |      0 |      0 |    0 |          0 |
|               u_mul                      |               pack2_mult_padd_882 |          4 |          3 |       0 |    1 |     24 |      0 |      0 |    0 |          1 |
|             g_row[7].g_col[35].u_pe      |            ae_pe_p2_pa_timing_651 |        141 |        140 |       0 |    1 |    225 |      0 |      0 |    0 |          1 |
|               (g_row[7].g_col[35].u_pe)  |            ae_pe_p2_pa_timing_651 |        137 |        137 |       0 |    0 |    201 |      0 |      0 |    0 |          0 |
|               u_mul                      |               pack2_mult_padd_881 |          4 |          3 |       0 |    1 |     24 |      0 |      0 |    0 |          1 |
|             g_row[7].g_col[36].u_pe      |            ae_pe_p2_pa_timing_652 |        141 |        140 |       0 |    1 |    225 |      0 |      0 |    0 |          1 |
|               (g_row[7].g_col[36].u_pe)  |            ae_pe_p2_pa_timing_652 |        137 |        137 |       0 |    0 |    201 |      0 |      0 |    0 |          0 |
|               u_mul                      |               pack2_mult_padd_880 |          4 |          3 |       0 |    1 |     24 |      0 |      0 |    0 |          1 |
|             g_row[7].g_col[37].u_pe      |            ae_pe_p2_pa_timing_653 |        141 |        140 |       0 |    1 |    225 |      0 |      0 |    0 |          1 |
|               (g_row[7].g_col[37].u_pe)  |            ae_pe_p2_pa_timing_653 |        137 |        137 |       0 |    0 |    201 |      0 |      0 |    0 |          0 |
|               u_mul                      |               pack2_mult_padd_879 |          4 |          3 |       0 |    1 |     24 |      0 |      0 |    0 |          1 |
|             g_row[7].g_col[38].u_pe      |            ae_pe_p2_pa_timing_654 |        141 |        140 |       0 |    1 |    225 |      0 |      0 |    0 |          1 |
|               (g_row[7].g_col[38].u_pe)  |            ae_pe_p2_pa_timing_654 |        137 |        137 |       0 |    0 |    201 |      0 |      0 |    0 |          0 |
|               u_mul                      |               pack2_mult_padd_878 |          4 |          3 |       0 |    1 |     24 |      0 |      0 |    0 |          1 |
|             g_row[7].g_col[39].u_pe      |            ae_pe_p2_pa_timing_655 |        141 |        140 |       0 |    1 |    225 |      0 |      0 |    0 |          1 |
|               (g_row[7].g_col[39].u_pe)  |            ae_pe_p2_pa_timing_655 |        137 |        137 |       0 |    0 |    201 |      0 |      0 |    0 |          0 |
|               u_mul                      |               pack2_mult_padd_877 |          4 |          3 |       0 |    1 |     24 |      0 |      0 |    0 |          1 |
|             g_row[7].g_col[3].u_pe       |            ae_pe_p2_pa_timing_656 |        141 |        140 |       0 |    1 |    224 |      0 |      0 |    0 |          1 |
|               (g_row[7].g_col[3].u_pe)   |            ae_pe_p2_pa_timing_656 |        137 |        137 |       0 |    0 |    200 |      0 |      0 |    0 |          0 |
|               u_mul                      |               pack2_mult_padd_876 |          4 |          3 |       0 |    1 |     24 |      0 |      0 |    0 |          1 |
|             g_row[7].g_col[40].u_pe      |            ae_pe_p2_pa_timing_657 |        141 |        140 |       0 |    1 |    225 |      0 |      0 |    0 |          1 |
|               (g_row[7].g_col[40].u_pe)  |            ae_pe_p2_pa_timing_657 |        137 |        137 |       0 |    0 |    201 |      0 |      0 |    0 |          0 |
|               u_mul                      |               pack2_mult_padd_875 |          4 |          3 |       0 |    1 |     24 |      0 |      0 |    0 |          1 |
|             g_row[7].g_col[41].u_pe      |            ae_pe_p2_pa_timing_658 |        141 |        140 |       0 |    1 |    225 |      0 |      0 |    0 |          1 |
|               (g_row[7].g_col[41].u_pe)  |            ae_pe_p2_pa_timing_658 |        137 |        137 |       0 |    0 |    201 |      0 |      0 |    0 |          0 |
|               u_mul                      |               pack2_mult_padd_874 |          4 |          3 |       0 |    1 |     24 |      0 |      0 |    0 |          1 |
|             g_row[7].g_col[42].u_pe      |            ae_pe_p2_pa_timing_659 |        141 |        140 |       0 |    1 |    225 |      0 |      0 |    0 |          1 |
|               (g_row[7].g_col[42].u_pe)  |            ae_pe_p2_pa_timing_659 |        137 |        137 |       0 |    0 |    201 |      0 |      0 |    0 |          0 |
|               u_mul                      |               pack2_mult_padd_873 |          4 |          3 |       0 |    1 |     24 |      0 |      0 |    0 |          1 |
|             g_row[7].g_col[43].u_pe      |            ae_pe_p2_pa_timing_660 |        141 |        140 |       0 |    1 |    225 |      0 |      0 |    0 |          1 |
|               (g_row[7].g_col[43].u_pe)  |            ae_pe_p2_pa_timing_660 |        137 |        137 |       0 |    0 |    201 |      0 |      0 |    0 |          0 |
|               u_mul                      |               pack2_mult_padd_872 |          4 |          3 |       0 |    1 |     24 |      0 |      0 |    0 |          1 |
|             g_row[7].g_col[44].u_pe      |            ae_pe_p2_pa_timing_661 |        141 |        140 |       0 |    1 |    225 |      0 |      0 |    0 |          1 |
|               (g_row[7].g_col[44].u_pe)  |            ae_pe_p2_pa_timing_661 |        137 |        137 |       0 |    0 |    201 |      0 |      0 |    0 |          0 |
|               u_mul                      |               pack2_mult_padd_871 |          4 |          3 |       0 |    1 |     24 |      0 |      0 |    0 |          1 |
|             g_row[7].g_col[45].u_pe      |            ae_pe_p2_pa_timing_662 |        141 |        140 |       0 |    1 |    225 |      0 |      0 |    0 |          1 |
|               (g_row[7].g_col[45].u_pe)  |            ae_pe_p2_pa_timing_662 |        137 |        137 |       0 |    0 |    201 |      0 |      0 |    0 |          0 |
|               u_mul                      |               pack2_mult_padd_870 |          4 |          3 |       0 |    1 |     24 |      0 |      0 |    0 |          1 |
|             g_row[7].g_col[46].u_pe      |            ae_pe_p2_pa_timing_663 |        141 |        140 |       0 |    1 |    225 |      0 |      0 |    0 |          1 |
|               (g_row[7].g_col[46].u_pe)  |            ae_pe_p2_pa_timing_663 |        137 |        137 |       0 |    0 |    201 |      0 |      0 |    0 |          0 |
|               u_mul                      |               pack2_mult_padd_869 |          4 |          3 |       0 |    1 |     24 |      0 |      0 |    0 |          1 |
|             g_row[7].g_col[47].u_pe      |            ae_pe_p2_pa_timing_664 |        141 |        140 |       0 |    1 |    225 |      0 |      0 |    0 |          1 |
|               (g_row[7].g_col[47].u_pe)  |            ae_pe_p2_pa_timing_664 |        137 |        137 |       0 |    0 |    201 |      0 |      0 |    0 |          0 |
|               u_mul                      |               pack2_mult_padd_868 |          4 |          3 |       0 |    1 |     24 |      0 |      0 |    0 |          1 |
|             g_row[7].g_col[4].u_pe       |            ae_pe_p2_pa_timing_665 |        140 |        139 |       0 |    1 |    223 |      0 |      0 |    0 |          1 |
|               (g_row[7].g_col[4].u_pe)   |            ae_pe_p2_pa_timing_665 |        137 |        137 |       0 |    0 |    199 |      0 |      0 |    0 |          0 |
|               u_mul                      |               pack2_mult_padd_867 |          3 |          2 |       0 |    1 |     24 |      0 |      0 |    0 |          1 |
|             g_row[7].g_col[5].u_pe       |            ae_pe_p2_pa_timing_666 |        141 |        140 |       0 |    1 |    224 |      0 |      0 |    0 |          1 |
|               (g_row[7].g_col[5].u_pe)   |            ae_pe_p2_pa_timing_666 |        137 |        137 |       0 |    0 |    200 |      0 |      0 |    0 |          0 |
|               u_mul                      |               pack2_mult_padd_866 |          4 |          3 |       0 |    1 |     24 |      0 |      0 |    0 |          1 |
|             g_row[7].g_col[6].u_pe       |            ae_pe_p2_pa_timing_667 |        141 |        140 |       0 |    1 |    224 |      0 |      0 |    0 |          1 |
|               (g_row[7].g_col[6].u_pe)   |            ae_pe_p2_pa_timing_667 |        137 |        137 |       0 |    0 |    200 |      0 |      0 |    0 |          0 |
|               u_mul                      |               pack2_mult_padd_865 |          4 |          3 |       0 |    1 |     24 |      0 |      0 |    0 |          1 |
|             g_row[7].g_col[7].u_pe       |            ae_pe_p2_pa_timing_668 |        140 |        139 |       0 |    1 |    224 |      0 |      0 |    0 |          1 |
|               (g_row[7].g_col[7].u_pe)   |            ae_pe_p2_pa_timing_668 |        137 |        137 |       0 |    0 |    200 |      0 |      0 |    0 |          0 |
|               u_mul                      |               pack2_mult_padd_864 |          3 |          2 |       0 |    1 |     24 |      0 |      0 |    0 |          1 |
|             g_row[7].g_col[8].u_pe       |            ae_pe_p2_pa_timing_669 |        141 |        140 |       0 |    1 |    224 |      0 |      0 |    0 |          1 |
|               (g_row[7].g_col[8].u_pe)   |            ae_pe_p2_pa_timing_669 |        137 |        137 |       0 |    0 |    200 |      0 |      0 |    0 |          0 |
|               u_mul                      |               pack2_mult_padd_863 |          4 |          3 |       0 |    1 |     24 |      0 |      0 |    0 |          1 |
|             g_row[7].g_col[9].u_pe       |            ae_pe_p2_pa_timing_670 |        141 |        140 |       0 |    1 |    224 |      0 |      0 |    0 |          1 |
|               (g_row[7].g_col[9].u_pe)   |            ae_pe_p2_pa_timing_670 |        137 |        137 |       0 |    0 |    200 |      0 |      0 |    0 |          0 |
|               u_mul                      |               pack2_mult_padd_862 |          4 |          3 |       0 |    1 |     24 |      0 |      0 |    0 |          1 |
|             g_row[8].g_col[0].u_pe       |            ae_pe_p2_pa_timing_671 |         87 |         86 |       0 |    1 |    224 |      0 |      0 |    0 |          1 |
|               (g_row[8].g_col[0].u_pe)   |            ae_pe_p2_pa_timing_671 |         83 |         83 |       0 |    0 |    200 |      0 |      0 |    0 |          0 |
|               u_mul                      |               pack2_mult_padd_861 |          4 |          3 |       0 |    1 |     24 |      0 |      0 |    0 |          1 |
|             g_row[8].g_col[10].u_pe      |            ae_pe_p2_pa_timing_672 |         87 |         86 |       0 |    1 |    225 |      0 |      0 |    0 |          1 |
|               (g_row[8].g_col[10].u_pe)  |            ae_pe_p2_pa_timing_672 |         83 |         83 |       0 |    0 |    201 |      0 |      0 |    0 |          0 |
|               u_mul                      |               pack2_mult_padd_860 |          4 |          3 |       0 |    1 |     24 |      0 |      0 |    0 |          1 |
|             g_row[8].g_col[11].u_pe      |            ae_pe_p2_pa_timing_673 |         87 |         86 |       0 |    1 |    225 |      0 |      0 |    0 |          1 |
|               (g_row[8].g_col[11].u_pe)  |            ae_pe_p2_pa_timing_673 |         83 |         83 |       0 |    0 |    201 |      0 |      0 |    0 |          0 |
|               u_mul                      |               pack2_mult_padd_859 |          4 |          3 |       0 |    1 |     24 |      0 |      0 |    0 |          1 |
|             g_row[8].g_col[12].u_pe      |            ae_pe_p2_pa_timing_674 |         87 |         86 |       0 |    1 |    225 |      0 |      0 |    0 |          1 |
|               (g_row[8].g_col[12].u_pe)  |            ae_pe_p2_pa_timing_674 |         83 |         83 |       0 |    0 |    201 |      0 |      0 |    0 |          0 |
|               u_mul                      |               pack2_mult_padd_858 |          4 |          3 |       0 |    1 |     24 |      0 |      0 |    0 |          1 |
|             g_row[8].g_col[13].u_pe      |            ae_pe_p2_pa_timing_675 |         87 |         86 |       0 |    1 |    225 |      0 |      0 |    0 |          1 |
|               (g_row[8].g_col[13].u_pe)  |            ae_pe_p2_pa_timing_675 |         83 |         83 |       0 |    0 |    201 |      0 |      0 |    0 |          0 |
|               u_mul                      |               pack2_mult_padd_857 |          4 |          3 |       0 |    1 |     24 |      0 |      0 |    0 |          1 |
|             g_row[8].g_col[14].u_pe      |            ae_pe_p2_pa_timing_676 |         87 |         86 |       0 |    1 |    225 |      0 |      0 |    0 |          1 |
|               (g_row[8].g_col[14].u_pe)  |            ae_pe_p2_pa_timing_676 |         83 |         83 |       0 |    0 |    201 |      0 |      0 |    0 |          0 |
|               u_mul                      |               pack2_mult_padd_856 |          4 |          3 |       0 |    1 |     24 |      0 |      0 |    0 |          1 |
|             g_row[8].g_col[15].u_pe      |            ae_pe_p2_pa_timing_677 |         87 |         86 |       0 |    1 |    225 |      0 |      0 |    0 |          1 |
|               (g_row[8].g_col[15].u_pe)  |            ae_pe_p2_pa_timing_677 |         83 |         83 |       0 |    0 |    201 |      0 |      0 |    0 |          0 |
|               u_mul                      |               pack2_mult_padd_855 |          4 |          3 |       0 |    1 |     24 |      0 |      0 |    0 |          1 |
|             g_row[8].g_col[16].u_pe      |            ae_pe_p2_pa_timing_678 |         87 |         86 |       0 |    1 |    225 |      0 |      0 |    0 |          1 |
|               (g_row[8].g_col[16].u_pe)  |            ae_pe_p2_pa_timing_678 |         83 |         83 |       0 |    0 |    201 |      0 |      0 |    0 |          0 |
|               u_mul                      |               pack2_mult_padd_854 |          4 |          3 |       0 |    1 |     24 |      0 |      0 |    0 |          1 |
|             g_row[8].g_col[17].u_pe      |            ae_pe_p2_pa_timing_679 |         87 |         86 |       0 |    1 |    225 |      0 |      0 |    0 |          1 |
|               (g_row[8].g_col[17].u_pe)  |            ae_pe_p2_pa_timing_679 |         83 |         83 |       0 |    0 |    201 |      0 |      0 |    0 |          0 |
|               u_mul                      |               pack2_mult_padd_853 |          4 |          3 |       0 |    1 |     24 |      0 |      0 |    0 |          1 |
|             g_row[8].g_col[18].u_pe      |            ae_pe_p2_pa_timing_680 |         87 |         86 |       0 |    1 |    225 |      0 |      0 |    0 |          1 |
|               (g_row[8].g_col[18].u_pe)  |            ae_pe_p2_pa_timing_680 |         83 |         83 |       0 |    0 |    201 |      0 |      0 |    0 |          0 |
|               u_mul                      |               pack2_mult_padd_852 |          4 |          3 |       0 |    1 |     24 |      0 |      0 |    0 |          1 |
|             g_row[8].g_col[19].u_pe      |            ae_pe_p2_pa_timing_681 |         87 |         86 |       0 |    1 |    225 |      0 |      0 |    0 |          1 |
|               (g_row[8].g_col[19].u_pe)  |            ae_pe_p2_pa_timing_681 |         83 |         83 |       0 |    0 |    201 |      0 |      0 |    0 |          0 |
|               u_mul                      |               pack2_mult_padd_851 |          4 |          3 |       0 |    1 |     24 |      0 |      0 |    0 |          1 |
|             g_row[8].g_col[1].u_pe       |            ae_pe_p2_pa_timing_682 |         87 |         86 |       0 |    1 |    225 |      0 |      0 |    0 |          1 |
|               (g_row[8].g_col[1].u_pe)   |            ae_pe_p2_pa_timing_682 |         83 |         83 |       0 |    0 |    201 |      0 |      0 |    0 |          0 |
|               u_mul                      |               pack2_mult_padd_850 |          4 |          3 |       0 |    1 |     24 |      0 |      0 |    0 |          1 |
|             g_row[8].g_col[20].u_pe      |            ae_pe_p2_pa_timing_683 |         87 |         86 |       0 |    1 |    225 |      0 |      0 |    0 |          1 |
|               (g_row[8].g_col[20].u_pe)  |            ae_pe_p2_pa_timing_683 |         83 |         83 |       0 |    0 |    201 |      0 |      0 |    0 |          0 |
|               u_mul                      |               pack2_mult_padd_849 |          4 |          3 |       0 |    1 |     24 |      0 |      0 |    0 |          1 |
|             g_row[8].g_col[21].u_pe      |            ae_pe_p2_pa_timing_684 |         87 |         86 |       0 |    1 |    225 |      0 |      0 |    0 |          1 |
|               (g_row[8].g_col[21].u_pe)  |            ae_pe_p2_pa_timing_684 |         83 |         83 |       0 |    0 |    201 |      0 |      0 |    0 |          0 |
|               u_mul                      |               pack2_mult_padd_848 |          4 |          3 |       0 |    1 |     24 |      0 |      0 |    0 |          1 |
|             g_row[8].g_col[22].u_pe      |            ae_pe_p2_pa_timing_685 |         87 |         86 |       0 |    1 |    225 |      0 |      0 |    0 |          1 |
|               (g_row[8].g_col[22].u_pe)  |            ae_pe_p2_pa_timing_685 |         83 |         83 |       0 |    0 |    201 |      0 |      0 |    0 |          0 |
|               u_mul                      |               pack2_mult_padd_847 |          4 |          3 |       0 |    1 |     24 |      0 |      0 |    0 |          1 |
|             g_row[8].g_col[23].u_pe      |            ae_pe_p2_pa_timing_686 |         87 |         86 |       0 |    1 |    225 |      0 |      0 |    0 |          1 |
|               (g_row[8].g_col[23].u_pe)  |            ae_pe_p2_pa_timing_686 |         83 |         83 |       0 |    0 |    201 |      0 |      0 |    0 |          0 |
|               u_mul                      |               pack2_mult_padd_846 |          4 |          3 |       0 |    1 |     24 |      0 |      0 |    0 |          1 |
|             g_row[8].g_col[24].u_pe      |            ae_pe_p2_pa_timing_687 |         87 |         86 |       0 |    1 |    225 |      0 |      0 |    0 |          1 |
|               (g_row[8].g_col[24].u_pe)  |            ae_pe_p2_pa_timing_687 |         83 |         83 |       0 |    0 |    201 |      0 |      0 |    0 |          0 |
|               u_mul                      |               pack2_mult_padd_845 |          4 |          3 |       0 |    1 |     24 |      0 |      0 |    0 |          1 |
|             g_row[8].g_col[25].u_pe      |            ae_pe_p2_pa_timing_688 |         87 |         86 |       0 |    1 |    225 |      0 |      0 |    0 |          1 |
|               (g_row[8].g_col[25].u_pe)  |            ae_pe_p2_pa_timing_688 |         83 |         83 |       0 |    0 |    201 |      0 |      0 |    0 |          0 |
|               u_mul                      |               pack2_mult_padd_844 |          4 |          3 |       0 |    1 |     24 |      0 |      0 |    0 |          1 |
|             g_row[8].g_col[26].u_pe      |            ae_pe_p2_pa_timing_689 |         87 |         86 |       0 |    1 |    225 |      0 |      0 |    0 |          1 |
|               (g_row[8].g_col[26].u_pe)  |            ae_pe_p2_pa_timing_689 |         83 |         83 |       0 |    0 |    201 |      0 |      0 |    0 |          0 |
|               u_mul                      |               pack2_mult_padd_843 |          4 |          3 |       0 |    1 |     24 |      0 |      0 |    0 |          1 |
|             g_row[8].g_col[27].u_pe      |            ae_pe_p2_pa_timing_690 |         87 |         86 |       0 |    1 |    225 |      0 |      0 |    0 |          1 |
|               (g_row[8].g_col[27].u_pe)  |            ae_pe_p2_pa_timing_690 |         83 |         83 |       0 |    0 |    201 |      0 |      0 |    0 |          0 |
|               u_mul                      |               pack2_mult_padd_842 |          4 |          3 |       0 |    1 |     24 |      0 |      0 |    0 |          1 |
|             g_row[8].g_col[28].u_pe      |            ae_pe_p2_pa_timing_691 |         87 |         86 |       0 |    1 |    225 |      0 |      0 |    0 |          1 |
|               (g_row[8].g_col[28].u_pe)  |            ae_pe_p2_pa_timing_691 |         83 |         83 |       0 |    0 |    201 |      0 |      0 |    0 |          0 |
|               u_mul                      |               pack2_mult_padd_841 |          4 |          3 |       0 |    1 |     24 |      0 |      0 |    0 |          1 |
|             g_row[8].g_col[29].u_pe      |            ae_pe_p2_pa_timing_692 |         87 |         86 |       0 |    1 |    225 |      0 |      0 |    0 |          1 |
|               (g_row[8].g_col[29].u_pe)  |            ae_pe_p2_pa_timing_692 |         83 |         83 |       0 |    0 |    201 |      0 |      0 |    0 |          0 |
|               u_mul                      |               pack2_mult_padd_840 |          4 |          3 |       0 |    1 |     24 |      0 |      0 |    0 |          1 |
|             g_row[8].g_col[2].u_pe       |            ae_pe_p2_pa_timing_693 |         87 |         86 |       0 |    1 |    225 |      0 |      0 |    0 |          1 |
|               (g_row[8].g_col[2].u_pe)   |            ae_pe_p2_pa_timing_693 |         83 |         83 |       0 |    0 |    201 |      0 |      0 |    0 |          0 |
|               u_mul                      |               pack2_mult_padd_839 |          4 |          3 |       0 |    1 |     24 |      0 |      0 |    0 |          1 |
|             g_row[8].g_col[30].u_pe      |            ae_pe_p2_pa_timing_694 |         87 |         86 |       0 |    1 |    225 |      0 |      0 |    0 |          1 |
|               (g_row[8].g_col[30].u_pe)  |            ae_pe_p2_pa_timing_694 |         83 |         83 |       0 |    0 |    201 |      0 |      0 |    0 |          0 |
|               u_mul                      |               pack2_mult_padd_838 |          4 |          3 |       0 |    1 |     24 |      0 |      0 |    0 |          1 |
|             g_row[8].g_col[31].u_pe      |            ae_pe_p2_pa_timing_695 |         87 |         86 |       0 |    1 |    225 |      0 |      0 |    0 |          1 |
|               (g_row[8].g_col[31].u_pe)  |            ae_pe_p2_pa_timing_695 |         83 |         83 |       0 |    0 |    201 |      0 |      0 |    0 |          0 |
|               u_mul                      |               pack2_mult_padd_837 |          4 |          3 |       0 |    1 |     24 |      0 |      0 |    0 |          1 |
|             g_row[8].g_col[32].u_pe      |            ae_pe_p2_pa_timing_696 |         87 |         86 |       0 |    1 |    225 |      0 |      0 |    0 |          1 |
|               (g_row[8].g_col[32].u_pe)  |            ae_pe_p2_pa_timing_696 |         83 |         83 |       0 |    0 |    201 |      0 |      0 |    0 |          0 |
|               u_mul                      |               pack2_mult_padd_836 |          4 |          3 |       0 |    1 |     24 |      0 |      0 |    0 |          1 |
|             g_row[8].g_col[33].u_pe      |            ae_pe_p2_pa_timing_697 |         87 |         86 |       0 |    1 |    225 |      0 |      0 |    0 |          1 |
|               (g_row[8].g_col[33].u_pe)  |            ae_pe_p2_pa_timing_697 |         83 |         83 |       0 |    0 |    201 |      0 |      0 |    0 |          0 |
|               u_mul                      |               pack2_mult_padd_835 |          4 |          3 |       0 |    1 |     24 |      0 |      0 |    0 |          1 |
|             g_row[8].g_col[34].u_pe      |            ae_pe_p2_pa_timing_698 |         87 |         86 |       0 |    1 |    225 |      0 |      0 |    0 |          1 |
|               (g_row[8].g_col[34].u_pe)  |            ae_pe_p2_pa_timing_698 |         83 |         83 |       0 |    0 |    201 |      0 |      0 |    0 |          0 |
|               u_mul                      |               pack2_mult_padd_834 |          4 |          3 |       0 |    1 |     24 |      0 |      0 |    0 |          1 |
|             g_row[8].g_col[35].u_pe      |            ae_pe_p2_pa_timing_699 |         87 |         86 |       0 |    1 |    225 |      0 |      0 |    0 |          1 |
|               (g_row[8].g_col[35].u_pe)  |            ae_pe_p2_pa_timing_699 |         83 |         83 |       0 |    0 |    201 |      0 |      0 |    0 |          0 |
|               u_mul                      |               pack2_mult_padd_833 |          4 |          3 |       0 |    1 |     24 |      0 |      0 |    0 |          1 |
|             g_row[8].g_col[36].u_pe      |            ae_pe_p2_pa_timing_700 |         87 |         86 |       0 |    1 |    225 |      0 |      0 |    0 |          1 |
|               (g_row[8].g_col[36].u_pe)  |            ae_pe_p2_pa_timing_700 |         83 |         83 |       0 |    0 |    201 |      0 |      0 |    0 |          0 |
|               u_mul                      |               pack2_mult_padd_832 |          4 |          3 |       0 |    1 |     24 |      0 |      0 |    0 |          1 |
|             g_row[8].g_col[37].u_pe      |            ae_pe_p2_pa_timing_701 |         87 |         86 |       0 |    1 |    225 |      0 |      0 |    0 |          1 |
|               (g_row[8].g_col[37].u_pe)  |            ae_pe_p2_pa_timing_701 |         83 |         83 |       0 |    0 |    201 |      0 |      0 |    0 |          0 |
|               u_mul                      |               pack2_mult_padd_831 |          4 |          3 |       0 |    1 |     24 |      0 |      0 |    0 |          1 |
|             g_row[8].g_col[38].u_pe      |            ae_pe_p2_pa_timing_702 |         87 |         86 |       0 |    1 |    225 |      0 |      0 |    0 |          1 |
|               (g_row[8].g_col[38].u_pe)  |            ae_pe_p2_pa_timing_702 |         83 |         83 |       0 |    0 |    201 |      0 |      0 |    0 |          0 |
|               u_mul                      |               pack2_mult_padd_830 |          4 |          3 |       0 |    1 |     24 |      0 |      0 |    0 |          1 |
|             g_row[8].g_col[39].u_pe      |            ae_pe_p2_pa_timing_703 |         87 |         86 |       0 |    1 |    225 |      0 |      0 |    0 |          1 |
|               (g_row[8].g_col[39].u_pe)  |            ae_pe_p2_pa_timing_703 |         83 |         83 |       0 |    0 |    201 |      0 |      0 |    0 |          0 |
|               u_mul                      |               pack2_mult_padd_829 |          4 |          3 |       0 |    1 |     24 |      0 |      0 |    0 |          1 |
|             g_row[8].g_col[3].u_pe       |            ae_pe_p2_pa_timing_704 |         87 |         86 |       0 |    1 |    225 |      0 |      0 |    0 |          1 |
|               (g_row[8].g_col[3].u_pe)   |            ae_pe_p2_pa_timing_704 |         83 |         83 |       0 |    0 |    201 |      0 |      0 |    0 |          0 |
|               u_mul                      |               pack2_mult_padd_828 |          4 |          3 |       0 |    1 |     24 |      0 |      0 |    0 |          1 |
|             g_row[8].g_col[40].u_pe      |            ae_pe_p2_pa_timing_705 |         87 |         86 |       0 |    1 |    225 |      0 |      0 |    0 |          1 |
|               (g_row[8].g_col[40].u_pe)  |            ae_pe_p2_pa_timing_705 |         83 |         83 |       0 |    0 |    201 |      0 |      0 |    0 |          0 |
|               u_mul                      |               pack2_mult_padd_827 |          4 |          3 |       0 |    1 |     24 |      0 |      0 |    0 |          1 |
|             g_row[8].g_col[41].u_pe      |            ae_pe_p2_pa_timing_706 |         87 |         86 |       0 |    1 |    225 |      0 |      0 |    0 |          1 |
|               (g_row[8].g_col[41].u_pe)  |            ae_pe_p2_pa_timing_706 |         83 |         83 |       0 |    0 |    201 |      0 |      0 |    0 |          0 |
|               u_mul                      |               pack2_mult_padd_826 |          4 |          3 |       0 |    1 |     24 |      0 |      0 |    0 |          1 |
|             g_row[8].g_col[42].u_pe      |            ae_pe_p2_pa_timing_707 |         87 |         86 |       0 |    1 |    225 |      0 |      0 |    0 |          1 |
|               (g_row[8].g_col[42].u_pe)  |            ae_pe_p2_pa_timing_707 |         83 |         83 |       0 |    0 |    201 |      0 |      0 |    0 |          0 |
|               u_mul                      |               pack2_mult_padd_825 |          4 |          3 |       0 |    1 |     24 |      0 |      0 |    0 |          1 |
|             g_row[8].g_col[43].u_pe      |            ae_pe_p2_pa_timing_708 |         87 |         86 |       0 |    1 |    225 |      0 |      0 |    0 |          1 |
|               (g_row[8].g_col[43].u_pe)  |            ae_pe_p2_pa_timing_708 |         83 |         83 |       0 |    0 |    201 |      0 |      0 |    0 |          0 |
|               u_mul                      |               pack2_mult_padd_824 |          4 |          3 |       0 |    1 |     24 |      0 |      0 |    0 |          1 |
|             g_row[8].g_col[44].u_pe      |            ae_pe_p2_pa_timing_709 |         87 |         86 |       0 |    1 |    225 |      0 |      0 |    0 |          1 |
|               (g_row[8].g_col[44].u_pe)  |            ae_pe_p2_pa_timing_709 |         83 |         83 |       0 |    0 |    201 |      0 |      0 |    0 |          0 |
|               u_mul                      |               pack2_mult_padd_823 |          4 |          3 |       0 |    1 |     24 |      0 |      0 |    0 |          1 |
|             g_row[8].g_col[45].u_pe      |            ae_pe_p2_pa_timing_710 |         87 |         86 |       0 |    1 |    225 |      0 |      0 |    0 |          1 |
|               (g_row[8].g_col[45].u_pe)  |            ae_pe_p2_pa_timing_710 |         83 |         83 |       0 |    0 |    201 |      0 |      0 |    0 |          0 |
|               u_mul                      |               pack2_mult_padd_822 |          4 |          3 |       0 |    1 |     24 |      0 |      0 |    0 |          1 |
|             g_row[8].g_col[46].u_pe      |            ae_pe_p2_pa_timing_711 |         87 |         86 |       0 |    1 |    225 |      0 |      0 |    0 |          1 |
|               (g_row[8].g_col[46].u_pe)  |            ae_pe_p2_pa_timing_711 |         83 |         83 |       0 |    0 |    201 |      0 |      0 |    0 |          0 |
|               u_mul                      |               pack2_mult_padd_821 |          4 |          3 |       0 |    1 |     24 |      0 |      0 |    0 |          1 |
|             g_row[8].g_col[47].u_pe      |            ae_pe_p2_pa_timing_712 |         87 |         86 |       0 |    1 |    225 |      0 |      0 |    0 |          1 |
|               (g_row[8].g_col[47].u_pe)  |            ae_pe_p2_pa_timing_712 |         83 |         83 |       0 |    0 |    201 |      0 |      0 |    0 |          0 |
|               u_mul                      |               pack2_mult_padd_820 |          4 |          3 |       0 |    1 |     24 |      0 |      0 |    0 |          1 |
|             g_row[8].g_col[4].u_pe       |            ae_pe_p2_pa_timing_713 |         87 |         86 |       0 |    1 |    224 |      0 |      0 |    0 |          1 |
|               (g_row[8].g_col[4].u_pe)   |            ae_pe_p2_pa_timing_713 |         83 |         83 |       0 |    0 |    200 |      0 |      0 |    0 |          0 |
|               u_mul                      |               pack2_mult_padd_819 |          4 |          3 |       0 |    1 |     24 |      0 |      0 |    0 |          1 |
|             g_row[8].g_col[5].u_pe       |            ae_pe_p2_pa_timing_714 |         87 |         86 |       0 |    1 |    225 |      0 |      0 |    0 |          1 |
|               (g_row[8].g_col[5].u_pe)   |            ae_pe_p2_pa_timing_714 |         83 |         83 |       0 |    0 |    201 |      0 |      0 |    0 |          0 |
|               u_mul                      |               pack2_mult_padd_818 |          4 |          3 |       0 |    1 |     24 |      0 |      0 |    0 |          1 |
|             g_row[8].g_col[6].u_pe       |            ae_pe_p2_pa_timing_715 |         87 |         86 |       0 |    1 |    225 |      0 |      0 |    0 |          1 |
|               (g_row[8].g_col[6].u_pe)   |            ae_pe_p2_pa_timing_715 |         83 |         83 |       0 |    0 |    201 |      0 |      0 |    0 |          0 |
|               u_mul                      |               pack2_mult_padd_817 |          4 |          3 |       0 |    1 |     24 |      0 |      0 |    0 |          1 |
|             g_row[8].g_col[7].u_pe       |            ae_pe_p2_pa_timing_716 |         87 |         86 |       0 |    1 |    225 |      0 |      0 |    0 |          1 |
|               (g_row[8].g_col[7].u_pe)   |            ae_pe_p2_pa_timing_716 |         83 |         83 |       0 |    0 |    201 |      0 |      0 |    0 |          0 |
|               u_mul                      |               pack2_mult_padd_816 |          4 |          3 |       0 |    1 |     24 |      0 |      0 |    0 |          1 |
|             g_row[8].g_col[8].u_pe       |            ae_pe_p2_pa_timing_717 |         87 |         86 |       0 |    1 |    225 |      0 |      0 |    0 |          1 |
|               (g_row[8].g_col[8].u_pe)   |            ae_pe_p2_pa_timing_717 |         83 |         83 |       0 |    0 |    201 |      0 |      0 |    0 |          0 |
|               u_mul                      |               pack2_mult_padd_815 |          4 |          3 |       0 |    1 |     24 |      0 |      0 |    0 |          1 |
|             g_row[8].g_col[9].u_pe       |            ae_pe_p2_pa_timing_718 |         87 |         86 |       0 |    1 |    225 |      0 |      0 |    0 |          1 |
|               (g_row[8].g_col[9].u_pe)   |            ae_pe_p2_pa_timing_718 |         83 |         83 |       0 |    0 |    201 |      0 |      0 |    0 |          0 |
|               u_mul                      |               pack2_mult_padd_814 |          4 |          3 |       0 |    1 |     24 |      0 |      0 |    0 |          1 |
|             g_row[9].g_col[0].u_pe       |            ae_pe_p2_pa_timing_719 |         86 |         85 |       0 |    1 |    223 |      0 |      0 |    0 |          1 |
|               (g_row[9].g_col[0].u_pe)   |            ae_pe_p2_pa_timing_719 |         83 |         83 |       0 |    0 |    199 |      0 |      0 |    0 |          0 |
|               u_mul                      |               pack2_mult_padd_813 |          3 |          2 |       0 |    1 |     24 |      0 |      0 |    0 |          1 |
|             g_row[9].g_col[10].u_pe      |            ae_pe_p2_pa_timing_720 |         87 |         86 |       0 |    1 |    225 |      0 |      0 |    0 |          1 |
|               (g_row[9].g_col[10].u_pe)  |            ae_pe_p2_pa_timing_720 |         83 |         83 |       0 |    0 |    201 |      0 |      0 |    0 |          0 |
|               u_mul                      |               pack2_mult_padd_812 |          4 |          3 |       0 |    1 |     24 |      0 |      0 |    0 |          1 |
|             g_row[9].g_col[11].u_pe      |            ae_pe_p2_pa_timing_721 |         87 |         86 |       0 |    1 |    225 |      0 |      0 |    0 |          1 |
|               (g_row[9].g_col[11].u_pe)  |            ae_pe_p2_pa_timing_721 |         83 |         83 |       0 |    0 |    201 |      0 |      0 |    0 |          0 |
|               u_mul                      |               pack2_mult_padd_811 |          4 |          3 |       0 |    1 |     24 |      0 |      0 |    0 |          1 |
|             g_row[9].g_col[12].u_pe      |            ae_pe_p2_pa_timing_722 |         87 |         86 |       0 |    1 |    225 |      0 |      0 |    0 |          1 |
|               (g_row[9].g_col[12].u_pe)  |            ae_pe_p2_pa_timing_722 |         83 |         83 |       0 |    0 |    201 |      0 |      0 |    0 |          0 |
|               u_mul                      |               pack2_mult_padd_810 |          4 |          3 |       0 |    1 |     24 |      0 |      0 |    0 |          1 |
|             g_row[9].g_col[13].u_pe      |            ae_pe_p2_pa_timing_723 |         87 |         86 |       0 |    1 |    225 |      0 |      0 |    0 |          1 |
|               (g_row[9].g_col[13].u_pe)  |            ae_pe_p2_pa_timing_723 |         83 |         83 |       0 |    0 |    201 |      0 |      0 |    0 |          0 |
|               u_mul                      |               pack2_mult_padd_809 |          4 |          3 |       0 |    1 |     24 |      0 |      0 |    0 |          1 |
|             g_row[9].g_col[14].u_pe      |            ae_pe_p2_pa_timing_724 |         87 |         86 |       0 |    1 |    225 |      0 |      0 |    0 |          1 |
|               (g_row[9].g_col[14].u_pe)  |            ae_pe_p2_pa_timing_724 |         83 |         83 |       0 |    0 |    201 |      0 |      0 |    0 |          0 |
|               u_mul                      |               pack2_mult_padd_808 |          4 |          3 |       0 |    1 |     24 |      0 |      0 |    0 |          1 |
|             g_row[9].g_col[15].u_pe      |            ae_pe_p2_pa_timing_725 |         87 |         86 |       0 |    1 |    225 |      0 |      0 |    0 |          1 |
|               (g_row[9].g_col[15].u_pe)  |            ae_pe_p2_pa_timing_725 |         83 |         83 |       0 |    0 |    201 |      0 |      0 |    0 |          0 |
|               u_mul                      |               pack2_mult_padd_807 |          4 |          3 |       0 |    1 |     24 |      0 |      0 |    0 |          1 |
|             g_row[9].g_col[16].u_pe      |            ae_pe_p2_pa_timing_726 |         87 |         86 |       0 |    1 |    225 |      0 |      0 |    0 |          1 |
|               (g_row[9].g_col[16].u_pe)  |            ae_pe_p2_pa_timing_726 |         83 |         83 |       0 |    0 |    201 |      0 |      0 |    0 |          0 |
|               u_mul                      |               pack2_mult_padd_806 |          4 |          3 |       0 |    1 |     24 |      0 |      0 |    0 |          1 |
|             g_row[9].g_col[17].u_pe      |            ae_pe_p2_pa_timing_727 |         87 |         86 |       0 |    1 |    225 |      0 |      0 |    0 |          1 |
|               (g_row[9].g_col[17].u_pe)  |            ae_pe_p2_pa_timing_727 |         83 |         83 |       0 |    0 |    201 |      0 |      0 |    0 |          0 |
|               u_mul                      |               pack2_mult_padd_805 |          4 |          3 |       0 |    1 |     24 |      0 |      0 |    0 |          1 |
|             g_row[9].g_col[18].u_pe      |            ae_pe_p2_pa_timing_728 |         87 |         86 |       0 |    1 |    225 |      0 |      0 |    0 |          1 |
|               (g_row[9].g_col[18].u_pe)  |            ae_pe_p2_pa_timing_728 |         83 |         83 |       0 |    0 |    201 |      0 |      0 |    0 |          0 |
|               u_mul                      |               pack2_mult_padd_804 |          4 |          3 |       0 |    1 |     24 |      0 |      0 |    0 |          1 |
|             g_row[9].g_col[19].u_pe      |            ae_pe_p2_pa_timing_729 |         87 |         86 |       0 |    1 |    225 |      0 |      0 |    0 |          1 |
|               (g_row[9].g_col[19].u_pe)  |            ae_pe_p2_pa_timing_729 |         83 |         83 |       0 |    0 |    201 |      0 |      0 |    0 |          0 |
|               u_mul                      |               pack2_mult_padd_803 |          4 |          3 |       0 |    1 |     24 |      0 |      0 |    0 |          1 |
|             g_row[9].g_col[1].u_pe       |            ae_pe_p2_pa_timing_730 |         87 |         86 |       0 |    1 |    225 |      0 |      0 |    0 |          1 |
|               (g_row[9].g_col[1].u_pe)   |            ae_pe_p2_pa_timing_730 |         83 |         83 |       0 |    0 |    201 |      0 |      0 |    0 |          0 |
|               u_mul                      |               pack2_mult_padd_802 |          4 |          3 |       0 |    1 |     24 |      0 |      0 |    0 |          1 |
|             g_row[9].g_col[20].u_pe      |            ae_pe_p2_pa_timing_731 |         87 |         86 |       0 |    1 |    225 |      0 |      0 |    0 |          1 |
|               (g_row[9].g_col[20].u_pe)  |            ae_pe_p2_pa_timing_731 |         83 |         83 |       0 |    0 |    201 |      0 |      0 |    0 |          0 |
|               u_mul                      |               pack2_mult_padd_801 |          4 |          3 |       0 |    1 |     24 |      0 |      0 |    0 |          1 |
|             g_row[9].g_col[21].u_pe      |            ae_pe_p2_pa_timing_732 |         87 |         86 |       0 |    1 |    225 |      0 |      0 |    0 |          1 |
|               (g_row[9].g_col[21].u_pe)  |            ae_pe_p2_pa_timing_732 |         83 |         83 |       0 |    0 |    201 |      0 |      0 |    0 |          0 |
|               u_mul                      |               pack2_mult_padd_800 |          4 |          3 |       0 |    1 |     24 |      0 |      0 |    0 |          1 |
|             g_row[9].g_col[22].u_pe      |            ae_pe_p2_pa_timing_733 |         87 |         86 |       0 |    1 |    225 |      0 |      0 |    0 |          1 |
|               (g_row[9].g_col[22].u_pe)  |            ae_pe_p2_pa_timing_733 |         83 |         83 |       0 |    0 |    201 |      0 |      0 |    0 |          0 |
|               u_mul                      |               pack2_mult_padd_799 |          4 |          3 |       0 |    1 |     24 |      0 |      0 |    0 |          1 |
|             g_row[9].g_col[23].u_pe      |            ae_pe_p2_pa_timing_734 |         87 |         86 |       0 |    1 |    225 |      0 |      0 |    0 |          1 |
|               (g_row[9].g_col[23].u_pe)  |            ae_pe_p2_pa_timing_734 |         83 |         83 |       0 |    0 |    201 |      0 |      0 |    0 |          0 |
|               u_mul                      |               pack2_mult_padd_798 |          4 |          3 |       0 |    1 |     24 |      0 |      0 |    0 |          1 |
|             g_row[9].g_col[24].u_pe      |            ae_pe_p2_pa_timing_735 |         87 |         86 |       0 |    1 |    225 |      0 |      0 |    0 |          1 |
|               (g_row[9].g_col[24].u_pe)  |            ae_pe_p2_pa_timing_735 |         83 |         83 |       0 |    0 |    201 |      0 |      0 |    0 |          0 |
|               u_mul                      |               pack2_mult_padd_797 |          4 |          3 |       0 |    1 |     24 |      0 |      0 |    0 |          1 |
|             g_row[9].g_col[25].u_pe      |            ae_pe_p2_pa_timing_736 |         87 |         86 |       0 |    1 |    225 |      0 |      0 |    0 |          1 |
|               (g_row[9].g_col[25].u_pe)  |            ae_pe_p2_pa_timing_736 |         83 |         83 |       0 |    0 |    201 |      0 |      0 |    0 |          0 |
|               u_mul                      |               pack2_mult_padd_796 |          4 |          3 |       0 |    1 |     24 |      0 |      0 |    0 |          1 |
|             g_row[9].g_col[26].u_pe      |            ae_pe_p2_pa_timing_737 |         87 |         86 |       0 |    1 |    225 |      0 |      0 |    0 |          1 |
|               (g_row[9].g_col[26].u_pe)  |            ae_pe_p2_pa_timing_737 |         83 |         83 |       0 |    0 |    201 |      0 |      0 |    0 |          0 |
|               u_mul                      |               pack2_mult_padd_795 |          4 |          3 |       0 |    1 |     24 |      0 |      0 |    0 |          1 |
|             g_row[9].g_col[27].u_pe      |            ae_pe_p2_pa_timing_738 |         87 |         86 |       0 |    1 |    225 |      0 |      0 |    0 |          1 |
|               (g_row[9].g_col[27].u_pe)  |            ae_pe_p2_pa_timing_738 |         83 |         83 |       0 |    0 |    201 |      0 |      0 |    0 |          0 |
|               u_mul                      |               pack2_mult_padd_794 |          4 |          3 |       0 |    1 |     24 |      0 |      0 |    0 |          1 |
|             g_row[9].g_col[28].u_pe      |            ae_pe_p2_pa_timing_739 |         87 |         86 |       0 |    1 |    225 |      0 |      0 |    0 |          1 |
|               (g_row[9].g_col[28].u_pe)  |            ae_pe_p2_pa_timing_739 |         83 |         83 |       0 |    0 |    201 |      0 |      0 |    0 |          0 |
|               u_mul                      |               pack2_mult_padd_793 |          4 |          3 |       0 |    1 |     24 |      0 |      0 |    0 |          1 |
|             g_row[9].g_col[29].u_pe      |            ae_pe_p2_pa_timing_740 |         87 |         86 |       0 |    1 |    225 |      0 |      0 |    0 |          1 |
|               (g_row[9].g_col[29].u_pe)  |            ae_pe_p2_pa_timing_740 |         83 |         83 |       0 |    0 |    201 |      0 |      0 |    0 |          0 |
|               u_mul                      |               pack2_mult_padd_792 |          4 |          3 |       0 |    1 |     24 |      0 |      0 |    0 |          1 |
|             g_row[9].g_col[2].u_pe       |            ae_pe_p2_pa_timing_741 |         87 |         86 |       0 |    1 |    225 |      0 |      0 |    0 |          1 |
|               (g_row[9].g_col[2].u_pe)   |            ae_pe_p2_pa_timing_741 |         83 |         83 |       0 |    0 |    201 |      0 |      0 |    0 |          0 |
|               u_mul                      |               pack2_mult_padd_791 |          4 |          3 |       0 |    1 |     24 |      0 |      0 |    0 |          1 |
|             g_row[9].g_col[30].u_pe      |            ae_pe_p2_pa_timing_742 |         87 |         86 |       0 |    1 |    225 |      0 |      0 |    0 |          1 |
|               (g_row[9].g_col[30].u_pe)  |            ae_pe_p2_pa_timing_742 |         83 |         83 |       0 |    0 |    201 |      0 |      0 |    0 |          0 |
|               u_mul                      |               pack2_mult_padd_790 |          4 |          3 |       0 |    1 |     24 |      0 |      0 |    0 |          1 |
|             g_row[9].g_col[31].u_pe      |            ae_pe_p2_pa_timing_743 |         87 |         86 |       0 |    1 |    225 |      0 |      0 |    0 |          1 |
|               (g_row[9].g_col[31].u_pe)  |            ae_pe_p2_pa_timing_743 |         83 |         83 |       0 |    0 |    201 |      0 |      0 |    0 |          0 |
|               u_mul                      |               pack2_mult_padd_789 |          4 |          3 |       0 |    1 |     24 |      0 |      0 |    0 |          1 |
|             g_row[9].g_col[32].u_pe      |            ae_pe_p2_pa_timing_744 |         87 |         86 |       0 |    1 |    225 |      0 |      0 |    0 |          1 |
|               (g_row[9].g_col[32].u_pe)  |            ae_pe_p2_pa_timing_744 |         83 |         83 |       0 |    0 |    201 |      0 |      0 |    0 |          0 |
|               u_mul                      |               pack2_mult_padd_788 |          4 |          3 |       0 |    1 |     24 |      0 |      0 |    0 |          1 |
|             g_row[9].g_col[33].u_pe      |            ae_pe_p2_pa_timing_745 |         87 |         86 |       0 |    1 |    225 |      0 |      0 |    0 |          1 |
|               (g_row[9].g_col[33].u_pe)  |            ae_pe_p2_pa_timing_745 |         83 |         83 |       0 |    0 |    201 |      0 |      0 |    0 |          0 |
|               u_mul                      |               pack2_mult_padd_787 |          4 |          3 |       0 |    1 |     24 |      0 |      0 |    0 |          1 |
|             g_row[9].g_col[34].u_pe      |            ae_pe_p2_pa_timing_746 |         87 |         86 |       0 |    1 |    225 |      0 |      0 |    0 |          1 |
|               (g_row[9].g_col[34].u_pe)  |            ae_pe_p2_pa_timing_746 |         83 |         83 |       0 |    0 |    201 |      0 |      0 |    0 |          0 |
|               u_mul                      |               pack2_mult_padd_786 |          4 |          3 |       0 |    1 |     24 |      0 |      0 |    0 |          1 |
|             g_row[9].g_col[35].u_pe      |            ae_pe_p2_pa_timing_747 |         87 |         86 |       0 |    1 |    225 |      0 |      0 |    0 |          1 |
|               (g_row[9].g_col[35].u_pe)  |            ae_pe_p2_pa_timing_747 |         83 |         83 |       0 |    0 |    201 |      0 |      0 |    0 |          0 |
|               u_mul                      |               pack2_mult_padd_785 |          4 |          3 |       0 |    1 |     24 |      0 |      0 |    0 |          1 |
|             g_row[9].g_col[36].u_pe      |            ae_pe_p2_pa_timing_748 |         87 |         86 |       0 |    1 |    225 |      0 |      0 |    0 |          1 |
|               (g_row[9].g_col[36].u_pe)  |            ae_pe_p2_pa_timing_748 |         83 |         83 |       0 |    0 |    201 |      0 |      0 |    0 |          0 |
|               u_mul                      |               pack2_mult_padd_784 |          4 |          3 |       0 |    1 |     24 |      0 |      0 |    0 |          1 |
|             g_row[9].g_col[37].u_pe      |            ae_pe_p2_pa_timing_749 |         87 |         86 |       0 |    1 |    225 |      0 |      0 |    0 |          1 |
|               (g_row[9].g_col[37].u_pe)  |            ae_pe_p2_pa_timing_749 |         83 |         83 |       0 |    0 |    201 |      0 |      0 |    0 |          0 |
|               u_mul                      |               pack2_mult_padd_783 |          4 |          3 |       0 |    1 |     24 |      0 |      0 |    0 |          1 |
|             g_row[9].g_col[38].u_pe      |            ae_pe_p2_pa_timing_750 |         87 |         86 |       0 |    1 |    225 |      0 |      0 |    0 |          1 |
|               (g_row[9].g_col[38].u_pe)  |            ae_pe_p2_pa_timing_750 |         83 |         83 |       0 |    0 |    201 |      0 |      0 |    0 |          0 |
|               u_mul                      |               pack2_mult_padd_782 |          4 |          3 |       0 |    1 |     24 |      0 |      0 |    0 |          1 |
|             g_row[9].g_col[39].u_pe      |            ae_pe_p2_pa_timing_751 |         87 |         86 |       0 |    1 |    225 |      0 |      0 |    0 |          1 |
|               (g_row[9].g_col[39].u_pe)  |            ae_pe_p2_pa_timing_751 |         83 |         83 |       0 |    0 |    201 |      0 |      0 |    0 |          0 |
|               u_mul                      |               pack2_mult_padd_781 |          4 |          3 |       0 |    1 |     24 |      0 |      0 |    0 |          1 |
|             g_row[9].g_col[3].u_pe       |            ae_pe_p2_pa_timing_752 |         87 |         86 |       0 |    1 |    225 |      0 |      0 |    0 |          1 |
|               (g_row[9].g_col[3].u_pe)   |            ae_pe_p2_pa_timing_752 |         83 |         83 |       0 |    0 |    201 |      0 |      0 |    0 |          0 |
|               u_mul                      |               pack2_mult_padd_780 |          4 |          3 |       0 |    1 |     24 |      0 |      0 |    0 |          1 |
|             g_row[9].g_col[40].u_pe      |            ae_pe_p2_pa_timing_753 |         87 |         86 |       0 |    1 |    225 |      0 |      0 |    0 |          1 |
|               (g_row[9].g_col[40].u_pe)  |            ae_pe_p2_pa_timing_753 |         83 |         83 |       0 |    0 |    201 |      0 |      0 |    0 |          0 |
|               u_mul                      |               pack2_mult_padd_779 |          4 |          3 |       0 |    1 |     24 |      0 |      0 |    0 |          1 |
|             g_row[9].g_col[41].u_pe      |            ae_pe_p2_pa_timing_754 |         87 |         86 |       0 |    1 |    225 |      0 |      0 |    0 |          1 |
|               (g_row[9].g_col[41].u_pe)  |            ae_pe_p2_pa_timing_754 |         83 |         83 |       0 |    0 |    201 |      0 |      0 |    0 |          0 |
|               u_mul                      |               pack2_mult_padd_778 |          4 |          3 |       0 |    1 |     24 |      0 |      0 |    0 |          1 |
|             g_row[9].g_col[42].u_pe      |            ae_pe_p2_pa_timing_755 |         87 |         86 |       0 |    1 |    225 |      0 |      0 |    0 |          1 |
|               (g_row[9].g_col[42].u_pe)  |            ae_pe_p2_pa_timing_755 |         83 |         83 |       0 |    0 |    201 |      0 |      0 |    0 |          0 |
|               u_mul                      |               pack2_mult_padd_777 |          4 |          3 |       0 |    1 |     24 |      0 |      0 |    0 |          1 |
|             g_row[9].g_col[43].u_pe      |            ae_pe_p2_pa_timing_756 |         87 |         86 |       0 |    1 |    225 |      0 |      0 |    0 |          1 |
|               (g_row[9].g_col[43].u_pe)  |            ae_pe_p2_pa_timing_756 |         83 |         83 |       0 |    0 |    201 |      0 |      0 |    0 |          0 |
|               u_mul                      |               pack2_mult_padd_776 |          4 |          3 |       0 |    1 |     24 |      0 |      0 |    0 |          1 |
|             g_row[9].g_col[44].u_pe      |            ae_pe_p2_pa_timing_757 |         87 |         86 |       0 |    1 |    225 |      0 |      0 |    0 |          1 |
|               (g_row[9].g_col[44].u_pe)  |            ae_pe_p2_pa_timing_757 |         83 |         83 |       0 |    0 |    201 |      0 |      0 |    0 |          0 |
|               u_mul                      |               pack2_mult_padd_775 |          4 |          3 |       0 |    1 |     24 |      0 |      0 |    0 |          1 |
|             g_row[9].g_col[45].u_pe      |            ae_pe_p2_pa_timing_758 |         87 |         86 |       0 |    1 |    225 |      0 |      0 |    0 |          1 |
|               (g_row[9].g_col[45].u_pe)  |            ae_pe_p2_pa_timing_758 |         83 |         83 |       0 |    0 |    201 |      0 |      0 |    0 |          0 |
|               u_mul                      |               pack2_mult_padd_774 |          4 |          3 |       0 |    1 |     24 |      0 |      0 |    0 |          1 |
|             g_row[9].g_col[46].u_pe      |            ae_pe_p2_pa_timing_759 |         87 |         86 |       0 |    1 |    225 |      0 |      0 |    0 |          1 |
|               (g_row[9].g_col[46].u_pe)  |            ae_pe_p2_pa_timing_759 |         83 |         83 |       0 |    0 |    201 |      0 |      0 |    0 |          0 |
|               u_mul                      |               pack2_mult_padd_773 |          4 |          3 |       0 |    1 |     24 |      0 |      0 |    0 |          1 |
|             g_row[9].g_col[47].u_pe      |            ae_pe_p2_pa_timing_760 |         87 |         86 |       0 |    1 |    225 |      0 |      0 |    0 |          1 |
|               (g_row[9].g_col[47].u_pe)  |            ae_pe_p2_pa_timing_760 |         83 |         83 |       0 |    0 |    201 |      0 |      0 |    0 |          0 |
|               u_mul                      |               pack2_mult_padd_772 |          4 |          3 |       0 |    1 |     24 |      0 |      0 |    0 |          1 |
|             g_row[9].g_col[4].u_pe       |            ae_pe_p2_pa_timing_761 |         86 |         85 |       0 |    1 |    224 |      0 |      0 |    0 |          1 |
|               (g_row[9].g_col[4].u_pe)   |            ae_pe_p2_pa_timing_761 |         83 |         83 |       0 |    0 |    200 |      0 |      0 |    0 |          0 |
|               u_mul                      |               pack2_mult_padd_771 |          3 |          2 |       0 |    1 |     24 |      0 |      0 |    0 |          1 |
|             g_row[9].g_col[5].u_pe       |            ae_pe_p2_pa_timing_762 |         87 |         86 |       0 |    1 |    225 |      0 |      0 |    0 |          1 |
|               (g_row[9].g_col[5].u_pe)   |            ae_pe_p2_pa_timing_762 |         83 |         83 |       0 |    0 |    201 |      0 |      0 |    0 |          0 |
|               u_mul                      |               pack2_mult_padd_770 |          4 |          3 |       0 |    1 |     24 |      0 |      0 |    0 |          1 |
|             g_row[9].g_col[6].u_pe       |            ae_pe_p2_pa_timing_763 |         87 |         86 |       0 |    1 |    225 |      0 |      0 |    0 |          1 |
|               (g_row[9].g_col[6].u_pe)   |            ae_pe_p2_pa_timing_763 |         83 |         83 |       0 |    0 |    201 |      0 |      0 |    0 |          0 |
|               u_mul                      |               pack2_mult_padd_769 |          4 |          3 |       0 |    1 |     24 |      0 |      0 |    0 |          1 |
|             g_row[9].g_col[7].u_pe       |            ae_pe_p2_pa_timing_764 |         87 |         86 |       0 |    1 |    225 |      0 |      0 |    0 |          1 |
|               (g_row[9].g_col[7].u_pe)   |            ae_pe_p2_pa_timing_764 |         83 |         83 |       0 |    0 |    201 |      0 |      0 |    0 |          0 |
|               u_mul                      |               pack2_mult_padd_768 |          4 |          3 |       0 |    1 |     24 |      0 |      0 |    0 |          1 |
|             g_row[9].g_col[8].u_pe       |            ae_pe_p2_pa_timing_765 |         86 |         85 |       0 |    1 |    224 |      0 |      0 |    0 |          1 |
|               (g_row[9].g_col[8].u_pe)   |            ae_pe_p2_pa_timing_765 |         83 |         83 |       0 |    0 |    200 |      0 |      0 |    0 |          0 |
|               u_mul                      |               pack2_mult_padd_767 |          3 |          2 |       0 |    1 |     24 |      0 |      0 |    0 |          1 |
|             g_row[9].g_col[9].u_pe       |            ae_pe_p2_pa_timing_766 |         87 |         86 |       0 |    1 |    225 |      0 |      0 |    0 |          1 |
|               (g_row[9].g_col[9].u_pe)   |            ae_pe_p2_pa_timing_766 |         83 |         83 |       0 |    0 |    201 |      0 |      0 |    0 |          0 |
|               u_mul                      |                   pack2_mult_padd |          4 |          3 |       0 |    1 |     24 |      0 |      0 |    0 |          1 |
+------------------------------------------+-----------------------------------+------------+------------+---------+------+--------+--------+--------+------+------------+
* Note: The sum of lower-level cells may be larger than their parent cells total, due to cross-hierarchy LUT combining


