Copyright 1986-2021 Xilinx, Inc. All Rights Reserved.
---------------------------------------------------------------------------------------------------------------------------------------------------------------------------------------------------------------------------
| Tool Version      : Vivado v.2021.2 (win64) Build 3367213 Tue Oct 19 02:48:09 MDT 2021
| Date              : Tue Sep 15 18:40:36 2026
| Host              : nc23 running 64-bit major release  (build 9200)
| Command           : report_timing_summary -delay_type max -max_paths 50 -file {E:/GPU ARCH/vector_core_sim/turbovla_w8a8_pack2/hw/v3_2026-09-15_174639_vivado_impl/reports/250MHz_real4/reports/impl_timing_summary.rpt}
| Design            : tvla_w8a8_pack2_impl_top
| Device            : xczu7ev-ffvc1156
| Speed File        : -2  PRODUCTION 1.29 08-03-2020
| Temperature Grade : E
---------------------------------------------------------------------------------------------------------------------------------------------------------------------------------------------------------------------------

Timing Summary Report

------------------------------------------------------------------------------------------------
| Timer Settings
| --------------
------------------------------------------------------------------------------------------------

  Enable Multi Corner Analysis               :  Yes
  Enable Pessimism Removal                   :  Yes
  Pessimism Removal Resolution               :  Nearest Common Node
  Enable Input Delay Default Clock           :  No
  Enable Preset / Clear Arcs                 :  No
  Disable Flight Delays                      :  No
  Ignore I/O Paths                           :  No
  Timing Early Launch at Borrowing Latches   :  No
  Borrow Time for Max Delay Exceptions       :  Yes
  Merge Timing Exceptions                    :  Yes

  Corner  Analyze    Analyze    
  Name    Max Paths  Min Paths  
  ------  ---------  ---------  
  Slow    Yes        Yes        
  Fast    Yes        Yes        


------------------------------------------------------------------------------------------------
| Report Methodology
| ------------------
------------------------------------------------------------------------------------------------

Rule       Severity  Description                    Violations  
---------  --------  -----------------------------  ----------  
SYNTH-12   Warning   DSP input not registered       768         
TIMING-18  Warning   Missing input or output delay  338         

Note: This report is based on the most recent report_methodology run and may not be up-to-date. Run report_methodology on the current design for the latest report.



check_timing report

Table of Contents
-----------------
1. checking no_clock (0)
2. checking constant_clock (0)
3. checking pulse_width_clock (0)
4. checking unconstrained_internal_endpoints (0)
5. checking no_input_delay (163)
6. checking no_output_delay (109)
7. checking multiple_clock (0)
8. checking generated_clocks (0)
9. checking loops (0)
10. checking partial_input_delay (0)
11. checking partial_output_delay (0)
12. checking latch_loops (0)

1. checking no_clock (0)
------------------------
 There are 0 register/latch pins with no clock.


2. checking constant_clock (0)
------------------------------
 There are 0 register/latch pins with constant_clock.


3. checking pulse_width_clock (0)
---------------------------------
 There are 0 register/latch pins which need pulse_width check


4. checking unconstrained_internal_endpoints (0)
------------------------------------------------
 There are 0 pins that are not constrained for maximum delay.

 There are 0 pins that are not constrained for maximum delay due to constant clock.


5. checking no_input_delay (163)
--------------------------------
 There are 163 input ports with no input delay specified. (HIGH)

 There are 0 input ports with no input delay but user has a false path constraint.


6. checking no_output_delay (109)
---------------------------------
 There are 109 ports with no output delay specified. (HIGH)

 There are 0 ports with no output delay but user has a false path constraint

 There are 0 ports with no output delay but with a timing clock defined on it or propagating through it


7. checking multiple_clock (0)
------------------------------
 There are 0 register/latch pins with multiple clocks.


8. checking generated_clocks (0)
--------------------------------
 There are 0 generated clocks that are not connected to a clock source.


9. checking loops (0)
---------------------
 There are 0 combinational loops in the design.


10. checking partial_input_delay (0)
------------------------------------
 There are 0 input ports with partial input delay specified.


11. checking partial_output_delay (0)
-------------------------------------
 There are 0 ports with partial output delay specified.


12. checking latch_loops (0)
----------------------------
 There are 0 combinational latch loops in the design through latch input



------------------------------------------------------------------------------------------------
| Design Timing Summary
| ---------------------
------------------------------------------------------------------------------------------------

    WNS(ns)      TNS(ns)  TNS Failing Endpoints  TNS Total Endpoints     WPWS(ns)     TPWS(ns)  TPWS Failing Endpoints  TPWS Total Endpoints  
    -------      -------  ---------------------  -------------------     --------     --------  ----------------------  --------------------  
      0.241        0.000                      0               368424        1.468        0.000                       0                181748  


All user specified timing constraints are met.


------------------------------------------------------------------------------------------------
| Clock Summary
| -------------
------------------------------------------------------------------------------------------------

Clock  Waveform(ns)         Period(ns)      Frequency(MHz)
-----  ------------         ----------      --------------
clk    {0.000 2.000}        4.000           250.000         


------------------------------------------------------------------------------------------------
| Intra Clock Table
| -----------------
------------------------------------------------------------------------------------------------

Clock             WNS(ns)      TNS(ns)  TNS Failing Endpoints  TNS Total Endpoints     WPWS(ns)     TPWS(ns)  TPWS Failing Endpoints  TPWS Total Endpoints  
-----             -------      -------  ---------------------  -------------------     --------     --------  ----------------------  --------------------  
clk                 0.241        0.000                      0               368424        1.468        0.000                       0                181748  


------------------------------------------------------------------------------------------------
| Inter Clock Table
| -----------------
------------------------------------------------------------------------------------------------

From Clock    To Clock          WNS(ns)      TNS(ns)  TNS Failing Endpoints  TNS Total Endpoints  
----------    --------          -------      -------  ---------------------  -------------------  


------------------------------------------------------------------------------------------------
| Other Path Groups Table
| -----------------------
------------------------------------------------------------------------------------------------

Path Group    From Clock    To Clock          WNS(ns)      TNS(ns)  TNS Failing Endpoints  TNS Total Endpoints  
----------    ----------    --------          -------      -------  ---------------------  -------------------  


------------------------------------------------------------------------------------------------
| Timing Details
| --------------
------------------------------------------------------------------------------------------------


---------------------------------------------------------------------------------------------------
From Clock:  clk
  To Clock:  clk

Setup :            0  Failing Endpoints,  Worst Slack        0.241ns,  Total Violation        0.000ns
Hold  :           NA  Failing Endpoints,  Worst Slack           NA  ,  Total Violation           NA
PW    :            0  Failing Endpoints,  Worst Slack        1.468ns,  Total Violation        0.000ns
---------------------------------------------------------------------------------------------------


Max Delay Paths
--------------------------------------------------------------------------------------
Slack (MET) :             0.241ns  (required time - arrival time)
  Source:                 u_system/u_replay/g_array.u_array/drain_row_rep_r_reg[47]_rep__21/C
                            (rising edge-triggered cell FDCE clocked by clk  {rise@0.000ns fall@2.000ns period=4.000ns})
  Destination:            u_system/u_replay/g_array.u_array/g_output_pipe.acc_row_reg[183]/D
                            (rising edge-triggered cell FDCE clocked by clk  {rise@0.000ns fall@2.000ns period=4.000ns})
  Path Group:             clk
  Path Type:              Setup (Max at Slow Process Corner)
  Requirement:            4.000ns  (clk rise@4.000ns - clk rise@0.000ns)
  Data Path Delay:        3.959ns  (logic 0.153ns (3.865%)  route 3.806ns (96.135%))
  Logic Levels:           1  (MUXF8=1)
  Clock Path Skew:        0.260ns (DCD - SCD + CPR)
    Destination Clock Delay (DCD):    2.138ns = ( 6.138 - 4.000 ) 
    Source Clock Delay      (SCD):    2.183ns
    Clock Pessimism Removal (CPR):    0.305ns
  Clock Uncertainty:      0.085ns  ((TSJ^2 + TIJ^2)^1/2 + DJ) / 2 + PE + UU
    Total System Jitter     (TSJ):    0.071ns
    Total Input Jitter      (TIJ):    0.000ns
    Discrete Jitter          (DJ):    0.000ns
    Phase Error              (PE):    0.000ns
    User Uncertainty         (UU):    0.050ns
  Clock Net Delay (Source):      1.254ns (routing 0.171ns, distribution 1.083ns)
  Clock Net Delay (Destination): 1.498ns (routing 0.155ns, distribution 1.343ns)

    Location             Delay type                Incr(ns)  Path(ns)    Netlist Resource(s)
  -------------------------------------------------------------------    -------------------
                         (clock clk rise edge)        0.000     0.000 r  
    AJ20                                              0.000     0.000 r  clk (IN)
                         net (fo=0)                   0.000     0.000    clk_IBUF_inst/I
    AJ20                 INBUF (Prop_INBUF_HPIOB_M_PAD_O)
                                                      0.565     0.565 r  clk_IBUF_inst/INBUF_INST/O
                         net (fo=1, routed)           0.000     0.565    clk_IBUF_inst/OUT
    AJ20                 IBUFCTRL (Prop_IBUFCTRL_HPIOB_M_I_O)
                                                      0.000     0.565 r  clk_IBUF_inst/IBUFCTRL_INST/O
                         net (fo=1, routed)           0.336     0.901    clk_IBUF
    BUFGCE_X1Y71         BUFGCE (Prop_BUFCE_BUFGCE_I_O)
                                                      0.028     0.929 r  clk_IBUF_BUFG_inst/O
    X2Y2 (CLOCK_ROOT)    net (fo=185587, routed)      1.254     2.183    u_system/u_replay/g_array.u_array/clk_IBUF_BUFG
    SLICE_X66Y151        FDCE                                         r  u_system/u_replay/g_array.u_array/drain_row_rep_r_reg[47]_rep__21/C
  -------------------------------------------------------------------    -------------------
    SLICE_X66Y151        FDCE (Prop_HFF_SLICEL_C_Q)
                                                      0.079     2.262 r  u_system/u_replay/g_array.u_array/drain_row_rep_r_reg[47]_rep__21/Q
                         net (fo=96, routed)          3.767     6.029    u_system/u_replay/g_array.u_array/u_array/u_ref/g_row[3].g_col[2].u_pe/g_output_pipe.acc_row_reg[183]
    SLICE_X15Y347        MUXF8 (Prop_F8MUX_BOT_SLICEM_S_O)
                                                      0.074     6.103 r  u_system/u_replay/g_array.u_array/u_array/u_ref/g_row[3].g_col[2].u_pe/g_output_pipe.acc_row_reg[183]_i_1/O
                         net (fo=1, routed)           0.039     6.142    u_system/u_replay/g_array.u_array/acc_row_i[183]
    SLICE_X15Y347        FDCE                                         r  u_system/u_replay/g_array.u_array/g_output_pipe.acc_row_reg[183]/D
  -------------------------------------------------------------------    -------------------

                         (clock clk rise edge)        4.000     4.000 r  
    AJ20                                              0.000     4.000 r  clk (IN)
                         net (fo=0)                   0.000     4.000    clk_IBUF_inst/I
    AJ20                 INBUF (Prop_INBUF_HPIOB_M_PAD_O)
                                                      0.315     4.315 r  clk_IBUF_inst/INBUF_INST/O
                         net (fo=1, routed)           0.000     4.315    clk_IBUF_inst/OUT
    AJ20                 IBUFCTRL (Prop_IBUFCTRL_HPIOB_M_I_O)
                                                      0.000     4.315 r  clk_IBUF_inst/IBUFCTRL_INST/O
                         net (fo=1, routed)           0.301     4.616    clk_IBUF
    BUFGCE_X1Y71         BUFGCE (Prop_BUFCE_BUFGCE_I_O)
                                                      0.024     4.640 r  clk_IBUF_BUFG_inst/O
    X2Y2 (CLOCK_ROOT)    net (fo=185587, routed)      1.498     6.138    u_system/u_replay/g_array.u_array/clk_IBUF_BUFG
    SLICE_X15Y347        FDCE                                         r  u_system/u_replay/g_array.u_array/g_output_pipe.acc_row_reg[183]/C
                         clock pessimism              0.305     6.443    
                         clock uncertainty           -0.085     6.358    
    SLICE_X15Y347        FDCE (Setup_CFF_SLICEM_C_D)
                                                      0.025     6.383    u_system/u_replay/g_array.u_array/g_output_pipe.acc_row_reg[183]
  -------------------------------------------------------------------
                         required time                          6.383    
                         arrival time                          -6.142    
  -------------------------------------------------------------------
                         slack                                  0.241    

Slack (MET) :             0.285ns  (required time - arrival time)
  Source:                 u_system/u_replay/g_array.u_array/drain_row_rep_r_reg[47]_rep__23/C
                            (rising edge-triggered cell FDCE clocked by clk  {rise@0.000ns fall@2.000ns period=4.000ns})
  Destination:            u_system/u_replay/g_array.u_array/g_output_pipe.acc_row_reg[185]/D
                            (rising edge-triggered cell FDCE clocked by clk  {rise@0.000ns fall@2.000ns period=4.000ns})
  Path Group:             clk
  Path Type:              Setup (Max at Slow Process Corner)
  Requirement:            4.000ns  (clk rise@4.000ns - clk rise@0.000ns)
  Data Path Delay:        3.875ns  (logic 0.150ns (3.871%)  route 3.725ns (96.129%))
  Logic Levels:           1  (MUXF8=1)
  Clock Path Skew:        0.220ns (DCD - SCD + CPR)
    Destination Clock Delay (DCD):    2.146ns = ( 6.146 - 4.000 ) 
    Source Clock Delay      (SCD):    2.231ns
    Clock Pessimism Removal (CPR):    0.305ns
  Clock Uncertainty:      0.085ns  ((TSJ^2 + TIJ^2)^1/2 + DJ) / 2 + PE + UU
    Total System Jitter     (TSJ):    0.071ns
    Total Input Jitter      (TIJ):    0.000ns
    Discrete Jitter          (DJ):    0.000ns
    Phase Error              (PE):    0.000ns
    User Uncertainty         (UU):    0.050ns
  Clock Net Delay (Source):      1.302ns (routing 0.171ns, distribution 1.131ns)
  Clock Net Delay (Destination): 1.506ns (routing 0.155ns, distribution 1.351ns)

    Location             Delay type                Incr(ns)  Path(ns)    Netlist Resource(s)
  -------------------------------------------------------------------    -------------------
                         (clock clk rise edge)        0.000     0.000 r  
    AJ20                                              0.000     0.000 r  clk (IN)
                         net (fo=0)                   0.000     0.000    clk_IBUF_inst/I
    AJ20                 INBUF (Prop_INBUF_HPIOB_M_PAD_O)
                                                      0.565     0.565 r  clk_IBUF_inst/INBUF_INST/O
                         net (fo=1, routed)           0.000     0.565    clk_IBUF_inst/OUT
    AJ20                 IBUFCTRL (Prop_IBUFCTRL_HPIOB_M_I_O)
                                                      0.000     0.565 r  clk_IBUF_inst/IBUFCTRL_INST/O
                         net (fo=1, routed)           0.336     0.901    clk_IBUF
    BUFGCE_X1Y71         BUFGCE (Prop_BUFCE_BUFGCE_I_O)
                                                      0.028     0.929 r  clk_IBUF_BUFG_inst/O
    X2Y2 (CLOCK_ROOT)    net (fo=185587, routed)      1.302     2.231    u_system/u_replay/g_array.u_array/clk_IBUF_BUFG
    SLICE_X67Y174        FDCE                                         r  u_system/u_replay/g_array.u_array/drain_row_rep_r_reg[47]_rep__23/C
  -------------------------------------------------------------------    -------------------
    SLICE_X67Y174        FDCE (Prop_EFF_SLICEM_C_Q)
                                                      0.076     2.307 r  u_system/u_replay/g_array.u_array/drain_row_rep_r_reg[47]_rep__23/Q
                         net (fo=96, routed)          3.685     5.992    u_system/u_replay/g_array.u_array/u_array/u_ref/g_row[3].g_col[2].u_pe/g_output_pipe.acc_row_reg[185]
    SLICE_X11Y349        MUXF8 (Prop_F8MUX_TOP_SLICEM_S_O)
                                                      0.074     6.066 r  u_system/u_replay/g_array.u_array/u_array/u_ref/g_row[3].g_col[2].u_pe/g_output_pipe.acc_row_reg[185]_i_1/O
                         net (fo=1, routed)           0.040     6.106    u_system/u_replay/g_array.u_array/acc_row_i[185]
    SLICE_X11Y349        FDCE                                         r  u_system/u_replay/g_array.u_array/g_output_pipe.acc_row_reg[185]/D
  -------------------------------------------------------------------    -------------------

                         (clock clk rise edge)        4.000     4.000 r  
    AJ20                                              0.000     4.000 r  clk (IN)
                         net (fo=0)                   0.000     4.000    clk_IBUF_inst/I
    AJ20                 INBUF (Prop_INBUF_HPIOB_M_PAD_O)
                                                      0.315     4.315 r  clk_IBUF_inst/INBUF_INST/O
                         net (fo=1, routed)           0.000     4.315    clk_IBUF_inst/OUT
    AJ20                 IBUFCTRL (Prop_IBUFCTRL_HPIOB_M_I_O)
                                                      0.000     4.315 r  clk_IBUF_inst/IBUFCTRL_INST/O
                         net (fo=1, routed)           0.301     4.616    clk_IBUF
    BUFGCE_X1Y71         BUFGCE (Prop_BUFCE_BUFGCE_I_O)
                                                      0.024     4.640 r  clk_IBUF_BUFG_inst/O
    X2Y2 (CLOCK_ROOT)    net (fo=185587, routed)      1.506     6.146    u_system/u_replay/g_array.u_array/clk_IBUF_BUFG
    SLICE_X11Y349        FDCE                                         r  u_system/u_replay/g_array.u_array/g_output_pipe.acc_row_reg[185]/C
                         clock pessimism              0.305     6.451    
                         clock uncertainty           -0.085     6.366    
    SLICE_X11Y349        FDCE (Setup_GFF_SLICEM_C_D)
                                                      0.025     6.391    u_system/u_replay/g_array.u_array/g_output_pipe.acc_row_reg[185]
  -------------------------------------------------------------------
                         required time                          6.391    
                         arrival time                          -6.106    
  -------------------------------------------------------------------
                         slack                                  0.285    

Slack (MET) :             0.306ns  (required time - arrival time)
  Source:                 u_system/u_replay/g_array.u_array/drain_row_rep_r_reg[47]_rep/C
                            (rising edge-triggered cell FDCE clocked by clk  {rise@0.000ns fall@2.000ns period=4.000ns})
  Destination:            u_system/u_replay/g_array.u_array/g_output_pipe.acc_row_reg[161]/D
                            (rising edge-triggered cell FDCE clocked by clk  {rise@0.000ns fall@2.000ns period=4.000ns})
  Path Group:             clk
  Path Type:              Setup (Max at Slow Process Corner)
  Requirement:            4.000ns  (clk rise@4.000ns - clk rise@0.000ns)
  Data Path Delay:        3.861ns  (logic 0.153ns (3.963%)  route 3.708ns (96.037%))
  Logic Levels:           1  (MUXF8=1)
  Clock Path Skew:        0.227ns (DCD - SCD + CPR)
    Destination Clock Delay (DCD):    2.122ns = ( 6.122 - 4.000 ) 
    Source Clock Delay      (SCD):    2.200ns
    Clock Pessimism Removal (CPR):    0.305ns
  Clock Uncertainty:      0.085ns  ((TSJ^2 + TIJ^2)^1/2 + DJ) / 2 + PE + UU
    Total System Jitter     (TSJ):    0.071ns
    Total Input Jitter      (TIJ):    0.000ns
    Discrete Jitter          (DJ):    0.000ns
    Phase Error              (PE):    0.000ns
    User Uncertainty         (UU):    0.050ns
  Clock Net Delay (Source):      1.271ns (routing 0.171ns, distribution 1.100ns)
  Clock Net Delay (Destination): 1.482ns (routing 0.155ns, distribution 1.327ns)

    Location             Delay type                Incr(ns)  Path(ns)    Netlist Resource(s)
  -------------------------------------------------------------------    -------------------
                         (clock clk rise edge)        0.000     0.000 r  
    AJ20                                              0.000     0.000 r  clk (IN)
                         net (fo=0)                   0.000     0.000    clk_IBUF_inst/I
    AJ20                 INBUF (Prop_INBUF_HPIOB_M_PAD_O)
                                                      0.565     0.565 r  clk_IBUF_inst/INBUF_INST/O
                         net (fo=1, routed)           0.000     0.565    clk_IBUF_inst/OUT
    AJ20                 IBUFCTRL (Prop_IBUFCTRL_HPIOB_M_I_O)
                                                      0.000     0.565 r  clk_IBUF_inst/IBUFCTRL_INST/O
                         net (fo=1, routed)           0.336     0.901    clk_IBUF
    BUFGCE_X1Y71         BUFGCE (Prop_BUFCE_BUFGCE_I_O)
                                                      0.028     0.929 r  clk_IBUF_BUFG_inst/O
    X2Y2 (CLOCK_ROOT)    net (fo=185587, routed)      1.271     2.200    u_system/u_replay/g_array.u_array/clk_IBUF_BUFG
    SLICE_X69Y153        FDCE                                         r  u_system/u_replay/g_array.u_array/drain_row_rep_r_reg[47]_rep/C
  -------------------------------------------------------------------    -------------------
    SLICE_X69Y153        FDCE (Prop_AFF_SLICEL_C_Q)
                                                      0.079     2.279 r  u_system/u_replay/g_array.u_array/drain_row_rep_r_reg[47]_rep/Q
                         net (fo=96, routed)          3.669     5.948    u_system/u_replay/g_array.u_array/u_array/u_ref/g_row[3].g_col[2].u_pe/g_output_pipe.acc_row_reg[161]
    SLICE_X13Y335        MUXF8 (Prop_F8MUX_BOT_SLICEM_S_O)
                                                      0.074     6.022 r  u_system/u_replay/g_array.u_array/u_array/u_ref/g_row[3].g_col[2].u_pe/g_output_pipe.acc_row_reg[161]_i_1/O
                         net (fo=1, routed)           0.039     6.061    u_system/u_replay/g_array.u_array/acc_row_i[161]
    SLICE_X13Y335        FDCE                                         r  u_system/u_replay/g_array.u_array/g_output_pipe.acc_row_reg[161]/D
  -------------------------------------------------------------------    -------------------

                         (clock clk rise edge)        4.000     4.000 r  
    AJ20                                              0.000     4.000 r  clk (IN)
                         net (fo=0)                   0.000     4.000    clk_IBUF_inst/I
    AJ20                 INBUF (Prop_INBUF_HPIOB_M_PAD_O)
                                                      0.315     4.315 r  clk_IBUF_inst/INBUF_INST/O
                         net (fo=1, routed)           0.000     4.315    clk_IBUF_inst/OUT
    AJ20                 IBUFCTRL (Prop_IBUFCTRL_HPIOB_M_I_O)
                                                      0.000     4.315 r  clk_IBUF_inst/IBUFCTRL_INST/O
                         net (fo=1, routed)           0.301     4.616    clk_IBUF
    BUFGCE_X1Y71         BUFGCE (Prop_BUFCE_BUFGCE_I_O)
                                                      0.024     4.640 r  clk_IBUF_BUFG_inst/O
    X2Y2 (CLOCK_ROOT)    net (fo=185587, routed)      1.482     6.122    u_system/u_replay/g_array.u_array/clk_IBUF_BUFG
    SLICE_X13Y335        FDCE                                         r  u_system/u_replay/g_array.u_array/g_output_pipe.acc_row_reg[161]/C
                         clock pessimism              0.305     6.427    
                         clock uncertainty           -0.085     6.342    
    SLICE_X13Y335        FDCE (Setup_CFF_SLICEM_C_D)
                                                      0.025     6.367    u_system/u_replay/g_array.u_array/g_output_pipe.acc_row_reg[161]
  -------------------------------------------------------------------
                         required time                          6.367    
                         arrival time                          -6.061    
  -------------------------------------------------------------------
                         slack                                  0.306    

Slack (MET) :             0.322ns  (required time - arrival time)
  Source:                 u_system/u_replay/g_array.u_array/drain_row_rep_r_reg[47]_rep__21/C
                            (rising edge-triggered cell FDCE clocked by clk  {rise@0.000ns fall@2.000ns period=4.000ns})
  Destination:            u_system/u_replay/g_array.u_array/g_output_pipe.acc_row_reg[151]/D
                            (rising edge-triggered cell FDCE clocked by clk  {rise@0.000ns fall@2.000ns period=4.000ns})
  Path Group:             clk
  Path Type:              Setup (Max at Slow Process Corner)
  Requirement:            4.000ns  (clk rise@4.000ns - clk rise@0.000ns)
  Data Path Delay:        3.872ns  (logic 0.148ns (3.822%)  route 3.724ns (96.178%))
  Logic Levels:           1  (MUXF8=1)
  Clock Path Skew:        0.254ns (DCD - SCD + CPR)
    Destination Clock Delay (DCD):    2.132ns = ( 6.132 - 4.000 ) 
    Source Clock Delay      (SCD):    2.183ns
    Clock Pessimism Removal (CPR):    0.305ns
  Clock Uncertainty:      0.085ns  ((TSJ^2 + TIJ^2)^1/2 + DJ) / 2 + PE + UU
    Total System Jitter     (TSJ):    0.071ns
    Total Input Jitter      (TIJ):    0.000ns
    Discrete Jitter          (DJ):    0.000ns
    Phase Error              (PE):    0.000ns
    User Uncertainty         (UU):    0.050ns
  Clock Net Delay (Source):      1.254ns (routing 0.171ns, distribution 1.083ns)
  Clock Net Delay (Destination): 1.492ns (routing 0.155ns, distribution 1.337ns)

    Location             Delay type                Incr(ns)  Path(ns)    Netlist Resource(s)
  -------------------------------------------------------------------    -------------------
                         (clock clk rise edge)        0.000     0.000 r  
    AJ20                                              0.000     0.000 r  clk (IN)
                         net (fo=0)                   0.000     0.000    clk_IBUF_inst/I
    AJ20                 INBUF (Prop_INBUF_HPIOB_M_PAD_O)
                                                      0.565     0.565 r  clk_IBUF_inst/INBUF_INST/O
                         net (fo=1, routed)           0.000     0.565    clk_IBUF_inst/OUT
    AJ20                 IBUFCTRL (Prop_IBUFCTRL_HPIOB_M_I_O)
                                                      0.000     0.565 r  clk_IBUF_inst/IBUFCTRL_INST/O
                         net (fo=1, routed)           0.336     0.901    clk_IBUF
    BUFGCE_X1Y71         BUFGCE (Prop_BUFCE_BUFGCE_I_O)
                                                      0.028     0.929 r  clk_IBUF_BUFG_inst/O
    X2Y2 (CLOCK_ROOT)    net (fo=185587, routed)      1.254     2.183    u_system/u_replay/g_array.u_array/clk_IBUF_BUFG
    SLICE_X66Y151        FDCE                                         r  u_system/u_replay/g_array.u_array/drain_row_rep_r_reg[47]_rep__21/C
  -------------------------------------------------------------------    -------------------
    SLICE_X66Y151        FDCE (Prop_HFF_SLICEL_C_Q)
                                                      0.079     2.262 r  u_system/u_replay/g_array.u_array/drain_row_rep_r_reg[47]_rep__21/Q
                         net (fo=96, routed)          3.690     5.952    u_system/u_replay/g_array.u_array/u_array/u_ref/g_row[3].g_col[2].u_pe/g_output_pipe.acc_row_reg[183]
    SLICE_X16Y343        MUXF8 (Prop_F8MUX_BOT_SLICEL_S_O)
                                                      0.069     6.021 r  u_system/u_replay/g_array.u_array/u_array/u_ref/g_row[3].g_col[2].u_pe/g_output_pipe.acc_row_reg[151]_i_1/O
                         net (fo=1, routed)           0.034     6.055    u_system/u_replay/g_array.u_array/acc_row_i[151]
    SLICE_X16Y343        FDCE                                         r  u_system/u_replay/g_array.u_array/g_output_pipe.acc_row_reg[151]/D
  -------------------------------------------------------------------    -------------------

                         (clock clk rise edge)        4.000     4.000 r  
    AJ20                                              0.000     4.000 r  clk (IN)
                         net (fo=0)                   0.000     4.000    clk_IBUF_inst/I
    AJ20                 INBUF (Prop_INBUF_HPIOB_M_PAD_O)
                                                      0.315     4.315 r  clk_IBUF_inst/INBUF_INST/O
                         net (fo=1, routed)           0.000     4.315    clk_IBUF_inst/OUT
    AJ20                 IBUFCTRL (Prop_IBUFCTRL_HPIOB_M_I_O)
                                                      0.000     4.315 r  clk_IBUF_inst/IBUFCTRL_INST/O
                         net (fo=1, routed)           0.301     4.616    clk_IBUF
    BUFGCE_X1Y71         BUFGCE (Prop_BUFCE_BUFGCE_I_O)
                                                      0.024     4.640 r  clk_IBUF_BUFG_inst/O
    X2Y2 (CLOCK_ROOT)    net (fo=185587, routed)      1.492     6.132    u_system/u_replay/g_array.u_array/clk_IBUF_BUFG
    SLICE_X16Y343        FDCE                                         r  u_system/u_replay/g_array.u_array/g_output_pipe.acc_row_reg[151]/C
                         clock pessimism              0.305     6.437    
                         clock uncertainty           -0.085     6.352    
    SLICE_X16Y343        FDCE (Setup_CFF_SLICEL_C_D)
                                                      0.025     6.377    u_system/u_replay/g_array.u_array/g_output_pipe.acc_row_reg[151]
  -------------------------------------------------------------------
                         required time                          6.377    
                         arrival time                          -6.055    
  -------------------------------------------------------------------
                         slack                                  0.322    

Slack (MET) :             0.342ns  (required time - arrival time)
  Source:                 u_system/u_replay/g_array.u_array/drain_row_rep_r_reg[47]_rep/C
                            (rising edge-triggered cell FDCE clocked by clk  {rise@0.000ns fall@2.000ns period=4.000ns})
  Destination:            u_system/u_replay/g_array.u_array/g_output_pipe.acc_row_reg[129]/D
                            (rising edge-triggered cell FDCE clocked by clk  {rise@0.000ns fall@2.000ns period=4.000ns})
  Path Group:             clk
  Path Type:              Setup (Max at Slow Process Corner)
  Requirement:            4.000ns  (clk rise@4.000ns - clk rise@0.000ns)
  Data Path Delay:        3.832ns  (logic 0.148ns (3.862%)  route 3.684ns (96.138%))
  Logic Levels:           1  (MUXF8=1)
  Clock Path Skew:        0.234ns (DCD - SCD + CPR)
    Destination Clock Delay (DCD):    2.129ns = ( 6.129 - 4.000 ) 
    Source Clock Delay      (SCD):    2.200ns
    Clock Pessimism Removal (CPR):    0.305ns
  Clock Uncertainty:      0.085ns  ((TSJ^2 + TIJ^2)^1/2 + DJ) / 2 + PE + UU
    Total System Jitter     (TSJ):    0.071ns
    Total Input Jitter      (TIJ):    0.000ns
    Discrete Jitter          (DJ):    0.000ns
    Phase Error              (PE):    0.000ns
    User Uncertainty         (UU):    0.050ns
  Clock Net Delay (Source):      1.271ns (routing 0.171ns, distribution 1.100ns)
  Clock Net Delay (Destination): 1.489ns (routing 0.155ns, distribution 1.334ns)

    Location             Delay type                Incr(ns)  Path(ns)    Netlist Resource(s)
  -------------------------------------------------------------------    -------------------
                         (clock clk rise edge)        0.000     0.000 r  
    AJ20                                              0.000     0.000 r  clk (IN)
                         net (fo=0)                   0.000     0.000    clk_IBUF_inst/I
    AJ20                 INBUF (Prop_INBUF_HPIOB_M_PAD_O)
                                                      0.565     0.565 r  clk_IBUF_inst/INBUF_INST/O
                         net (fo=1, routed)           0.000     0.565    clk_IBUF_inst/OUT
    AJ20                 IBUFCTRL (Prop_IBUFCTRL_HPIOB_M_I_O)
                                                      0.000     0.565 r  clk_IBUF_inst/IBUFCTRL_INST/O
                         net (fo=1, routed)           0.336     0.901    clk_IBUF
    BUFGCE_X1Y71         BUFGCE (Prop_BUFCE_BUFGCE_I_O)
                                                      0.028     0.929 r  clk_IBUF_BUFG_inst/O
    X2Y2 (CLOCK_ROOT)    net (fo=185587, routed)      1.271     2.200    u_system/u_replay/g_array.u_array/clk_IBUF_BUFG
    SLICE_X69Y153        FDCE                                         r  u_system/u_replay/g_array.u_array/drain_row_rep_r_reg[47]_rep/C
  -------------------------------------------------------------------    -------------------
    SLICE_X69Y153        FDCE (Prop_AFF_SLICEL_C_Q)
                                                      0.079     2.279 r  u_system/u_replay/g_array.u_array/drain_row_rep_r_reg[47]_rep/Q
                         net (fo=96, routed)          3.650     5.929    u_system/u_replay/g_array.u_array/u_array/u_ref/g_row[3].g_col[2].u_pe/g_output_pipe.acc_row_reg[161]
    SLICE_X12Y334        MUXF8 (Prop_F8MUX_BOT_SLICEL_S_O)
                                                      0.069     5.998 r  u_system/u_replay/g_array.u_array/u_array/u_ref/g_row[3].g_col[2].u_pe/g_output_pipe.acc_row_reg[129]_i_1/O
                         net (fo=1, routed)           0.034     6.032    u_system/u_replay/g_array.u_array/acc_row_i[129]
    SLICE_X12Y334        FDCE                                         r  u_system/u_replay/g_array.u_array/g_output_pipe.acc_row_reg[129]/D
  -------------------------------------------------------------------    -------------------

                         (clock clk rise edge)        4.000     4.000 r  
    AJ20                                              0.000     4.000 r  clk (IN)
                         net (fo=0)                   0.000     4.000    clk_IBUF_inst/I
    AJ20                 INBUF (Prop_INBUF_HPIOB_M_PAD_O)
                                                      0.315     4.315 r  clk_IBUF_inst/INBUF_INST/O
                         net (fo=1, routed)           0.000     4.315    clk_IBUF_inst/OUT
    AJ20                 IBUFCTRL (Prop_IBUFCTRL_HPIOB_M_I_O)
                                                      0.000     4.315 r  clk_IBUF_inst/IBUFCTRL_INST/O
                         net (fo=1, routed)           0.301     4.616    clk_IBUF
    BUFGCE_X1Y71         BUFGCE (Prop_BUFCE_BUFGCE_I_O)
                                                      0.024     4.640 r  clk_IBUF_BUFG_inst/O
    X2Y2 (CLOCK_ROOT)    net (fo=185587, routed)      1.489     6.129    u_system/u_replay/g_array.u_array/clk_IBUF_BUFG
    SLICE_X12Y334        FDCE                                         r  u_system/u_replay/g_array.u_array/g_output_pipe.acc_row_reg[129]/C
                         clock pessimism              0.305     6.434    
                         clock uncertainty           -0.085     6.349    
    SLICE_X12Y334        FDCE (Setup_CFF_SLICEL_C_D)
                                                      0.025     6.374    u_system/u_replay/g_array.u_array/g_output_pipe.acc_row_reg[129]
  -------------------------------------------------------------------
                         required time                          6.374    
                         arrival time                          -6.032    
  -------------------------------------------------------------------
                         slack                                  0.342    

Slack (MET) :             0.343ns  (required time - arrival time)
  Source:                 u_system/u_replay/g_array.u_array/drain_row_rep_r_reg[47]_rep__9/C
                            (rising edge-triggered cell FDCE clocked by clk  {rise@0.000ns fall@2.000ns period=4.000ns})
  Destination:            u_system/u_replay/g_array.u_array/g_output_pipe.acc_row_reg[395]/D
                            (rising edge-triggered cell FDCE clocked by clk  {rise@0.000ns fall@2.000ns period=4.000ns})
  Path Group:             clk
  Path Type:              Setup (Max at Slow Process Corner)
  Requirement:            4.000ns  (clk rise@4.000ns - clk rise@0.000ns)
  Data Path Delay:        3.508ns  (logic 0.153ns (4.361%)  route 3.355ns (95.639%))
  Logic Levels:           1  (MUXF8=1)
  Clock Path Skew:        -0.089ns (DCD - SCD + CPR)
    Destination Clock Delay (DCD):    1.968ns = ( 5.968 - 4.000 ) 
    Source Clock Delay      (SCD):    2.362ns
    Clock Pessimism Removal (CPR):    0.305ns
  Clock Uncertainty:      0.085ns  ((TSJ^2 + TIJ^2)^1/2 + DJ) / 2 + PE + UU
    Total System Jitter     (TSJ):    0.071ns
    Total Input Jitter      (TIJ):    0.000ns
    Discrete Jitter          (DJ):    0.000ns
    Phase Error              (PE):    0.000ns
    User Uncertainty         (UU):    0.050ns
  Clock Net Delay (Source):      1.433ns (routing 0.171ns, distribution 1.262ns)
  Clock Net Delay (Destination): 1.328ns (routing 0.155ns, distribution 1.173ns)

    Location             Delay type                Incr(ns)  Path(ns)    Netlist Resource(s)
  -------------------------------------------------------------------    -------------------
                         (clock clk rise edge)        0.000     0.000 r  
    AJ20                                              0.000     0.000 r  clk (IN)
                         net (fo=0)                   0.000     0.000    clk_IBUF_inst/I
    AJ20                 INBUF (Prop_INBUF_HPIOB_M_PAD_O)
                                                      0.565     0.565 r  clk_IBUF_inst/INBUF_INST/O
                         net (fo=1, routed)           0.000     0.565    clk_IBUF_inst/OUT
    AJ20                 IBUFCTRL (Prop_IBUFCTRL_HPIOB_M_I_O)
                                                      0.000     0.565 r  clk_IBUF_inst/IBUFCTRL_INST/O
                         net (fo=1, routed)           0.336     0.901    clk_IBUF
    BUFGCE_X1Y71         BUFGCE (Prop_BUFCE_BUFGCE_I_O)
                                                      0.028     0.929 r  clk_IBUF_BUFG_inst/O
    X2Y2 (CLOCK_ROOT)    net (fo=185587, routed)      1.433     2.362    u_system/u_replay/g_array.u_array/clk_IBUF_BUFG
    SLICE_X65Y219        FDCE                                         r  u_system/u_replay/g_array.u_array/drain_row_rep_r_reg[47]_rep__9/C
  -------------------------------------------------------------------    -------------------
    SLICE_X65Y219        FDCE (Prop_DFF_SLICEL_C_Q)
                                                      0.079     2.441 r  u_system/u_replay/g_array.u_array/drain_row_rep_r_reg[47]_rep__9/Q
                         net (fo=96, routed)          3.316     5.757    u_system/u_replay/g_array.u_array/u_array/u_ref/g_row[3].g_col[6].u_pe/g_output_pipe.acc_row_reg[395]
    SLICE_X56Y349        MUXF8 (Prop_F8MUX_BOT_SLICEM_S_O)
                                                      0.074     5.831 r  u_system/u_replay/g_array.u_array/u_array/u_ref/g_row[3].g_col[6].u_pe/g_output_pipe.acc_row_reg[395]_i_1/O
                         net (fo=1, routed)           0.039     5.870    u_system/u_replay/g_array.u_array/acc_row_i[395]
    SLICE_X56Y349        FDCE                                         r  u_system/u_replay/g_array.u_array/g_output_pipe.acc_row_reg[395]/D
  -------------------------------------------------------------------    -------------------

                         (clock clk rise edge)        4.000     4.000 r  
    AJ20                                              0.000     4.000 r  clk (IN)
                         net (fo=0)                   0.000     4.000    clk_IBUF_inst/I
    AJ20                 INBUF (Prop_INBUF_HPIOB_M_PAD_O)
                                                      0.315     4.315 r  clk_IBUF_inst/INBUF_INST/O
                         net (fo=1, routed)           0.000     4.315    clk_IBUF_inst/OUT
    AJ20                 IBUFCTRL (Prop_IBUFCTRL_HPIOB_M_I_O)
                                                      0.000     4.315 r  clk_IBUF_inst/IBUFCTRL_INST/O
                         net (fo=1, routed)           0.301     4.616    clk_IBUF
    BUFGCE_X1Y71         BUFGCE (Prop_BUFCE_BUFGCE_I_O)
                                                      0.024     4.640 r  clk_IBUF_BUFG_inst/O
    X2Y2 (CLOCK_ROOT)    net (fo=185587, routed)      1.328     5.968    u_system/u_replay/g_array.u_array/clk_IBUF_BUFG
    SLICE_X56Y349        FDCE                                         r  u_system/u_replay/g_array.u_array/g_output_pipe.acc_row_reg[395]/C
                         clock pessimism              0.305     6.273    
                         clock uncertainty           -0.085     6.188    
    SLICE_X56Y349        FDCE (Setup_CFF_SLICEM_C_D)
                                                      0.025     6.213    u_system/u_replay/g_array.u_array/g_output_pipe.acc_row_reg[395]
  -------------------------------------------------------------------
                         required time                          6.213    
                         arrival time                          -5.870    
  -------------------------------------------------------------------
                         slack                                  0.343    

Slack (MET) :             0.357ns  (required time - arrival time)
  Source:                 u_system/u_replay/g_array.u_array/drain_row_rep_r_reg[47]_rep__23/C
                            (rising edge-triggered cell FDCE clocked by clk  {rise@0.000ns fall@2.000ns period=4.000ns})
  Destination:            u_system/u_replay/g_array.u_array/g_output_pipe.acc_row_reg[89]/D
                            (rising edge-triggered cell FDCE clocked by clk  {rise@0.000ns fall@2.000ns period=4.000ns})
  Path Group:             clk
  Path Type:              Setup (Max at Slow Process Corner)
  Requirement:            4.000ns  (clk rise@4.000ns - clk rise@0.000ns)
  Data Path Delay:        3.720ns  (logic 0.145ns (3.898%)  route 3.575ns (96.102%))
  Logic Levels:           1  (MUXF8=1)
  Clock Path Skew:        0.137ns (DCD - SCD + CPR)
    Destination Clock Delay (DCD):    2.063ns = ( 6.063 - 4.000 ) 
    Source Clock Delay      (SCD):    2.231ns
    Clock Pessimism Removal (CPR):    0.305ns
  Clock Uncertainty:      0.085ns  ((TSJ^2 + TIJ^2)^1/2 + DJ) / 2 + PE + UU
    Total System Jitter     (TSJ):    0.071ns
    Total Input Jitter      (TIJ):    0.000ns
    Discrete Jitter          (DJ):    0.000ns
    Phase Error              (PE):    0.000ns
    User Uncertainty         (UU):    0.050ns
  Clock Net Delay (Source):      1.302ns (routing 0.171ns, distribution 1.131ns)
  Clock Net Delay (Destination): 1.423ns (routing 0.155ns, distribution 1.268ns)

    Location             Delay type                Incr(ns)  Path(ns)    Netlist Resource(s)
  -------------------------------------------------------------------    -------------------
                         (clock clk rise edge)        0.000     0.000 r  
    AJ20                                              0.000     0.000 r  clk (IN)
                         net (fo=0)                   0.000     0.000    clk_IBUF_inst/I
    AJ20                 INBUF (Prop_INBUF_HPIOB_M_PAD_O)
                                                      0.565     0.565 r  clk_IBUF_inst/INBUF_INST/O
                         net (fo=1, routed)           0.000     0.565    clk_IBUF_inst/OUT
    AJ20                 IBUFCTRL (Prop_IBUFCTRL_HPIOB_M_I_O)
                                                      0.000     0.565 r  clk_IBUF_inst/IBUFCTRL_INST/O
                         net (fo=1, routed)           0.336     0.901    clk_IBUF
    BUFGCE_X1Y71         BUFGCE (Prop_BUFCE_BUFGCE_I_O)
                                                      0.028     0.929 r  clk_IBUF_BUFG_inst/O
    X2Y2 (CLOCK_ROOT)    net (fo=185587, routed)      1.302     2.231    u_system/u_replay/g_array.u_array/clk_IBUF_BUFG
    SLICE_X67Y174        FDCE                                         r  u_system/u_replay/g_array.u_array/drain_row_rep_r_reg[47]_rep__23/C
  -------------------------------------------------------------------    -------------------
    SLICE_X67Y174        FDCE (Prop_EFF_SLICEM_C_Q)
                                                      0.076     2.307 r  u_system/u_replay/g_array.u_array/drain_row_rep_r_reg[47]_rep__23/Q
                         net (fo=96, routed)          3.541     5.848    u_system/u_replay/g_array.u_array/u_array/u_ref/g_row[3].g_col[1].u_pe/g_output_pipe.acc_row_reg[121]
    SLICE_X32Y349        MUXF8 (Prop_F8MUX_BOT_SLICEL_S_O)
                                                      0.069     5.917 r  u_system/u_replay/g_array.u_array/u_array/u_ref/g_row[3].g_col[1].u_pe/g_output_pipe.acc_row_reg[89]_i_1/O
                         net (fo=1, routed)           0.034     5.951    u_system/u_replay/g_array.u_array/acc_row_i[89]
    SLICE_X32Y349        FDCE                                         r  u_system/u_replay/g_array.u_array/g_output_pipe.acc_row_reg[89]/D
  -------------------------------------------------------------------    -------------------

                         (clock clk rise edge)        4.000     4.000 r  
    AJ20                                              0.000     4.000 r  clk (IN)
                         net (fo=0)                   0.000     4.000    clk_IBUF_inst/I
    AJ20                 INBUF (Prop_INBUF_HPIOB_M_PAD_O)
                                                      0.315     4.315 r  clk_IBUF_inst/INBUF_INST/O
                         net (fo=1, routed)           0.000     4.315    clk_IBUF_inst/OUT
    AJ20                 IBUFCTRL (Prop_IBUFCTRL_HPIOB_M_I_O)
                                                      0.000     4.315 r  clk_IBUF_inst/IBUFCTRL_INST/O
                         net (fo=1, routed)           0.301     4.616    clk_IBUF
    BUFGCE_X1Y71         BUFGCE (Prop_BUFCE_BUFGCE_I_O)
                                                      0.024     4.640 r  clk_IBUF_BUFG_inst/O
    X2Y2 (CLOCK_ROOT)    net (fo=185587, routed)      1.423     6.063    u_system/u_replay/g_array.u_array/clk_IBUF_BUFG
    SLICE_X32Y349        FDCE                                         r  u_system/u_replay/g_array.u_array/g_output_pipe.acc_row_reg[89]/C
                         clock pessimism              0.305     6.368    
                         clock uncertainty           -0.085     6.283    
    SLICE_X32Y349        FDCE (Setup_CFF_SLICEL_C_D)
                                                      0.025     6.308    u_system/u_replay/g_array.u_array/g_output_pipe.acc_row_reg[89]
  -------------------------------------------------------------------
                         required time                          6.308    
                         arrival time                          -5.951    
  -------------------------------------------------------------------
                         slack                                  0.357    

Slack (MET) :             0.364ns  (required time - arrival time)
  Source:                 u_system/u_replay/g_array.u_array/drain_row_rep_r_reg[47]_rep__9/C
                            (rising edge-triggered cell FDCE clocked by clk  {rise@0.000ns fall@2.000ns period=4.000ns})
  Destination:            u_system/u_replay/g_array.u_array/g_output_pipe.acc_row_reg[363]/D
                            (rising edge-triggered cell FDCE clocked by clk  {rise@0.000ns fall@2.000ns period=4.000ns})
  Path Group:             clk
  Path Type:              Setup (Max at Slow Process Corner)
  Requirement:            4.000ns  (clk rise@4.000ns - clk rise@0.000ns)
  Data Path Delay:        3.671ns  (logic 0.153ns (4.168%)  route 3.518ns (95.832%))
  Logic Levels:           1  (MUXF8=1)
  Clock Path Skew:        0.095ns (DCD - SCD + CPR)
    Destination Clock Delay (DCD):    2.152ns = ( 6.152 - 4.000 ) 
    Source Clock Delay      (SCD):    2.362ns
    Clock Pessimism Removal (CPR):    0.305ns
  Clock Uncertainty:      0.085ns  ((TSJ^2 + TIJ^2)^1/2 + DJ) / 2 + PE + UU
    Total System Jitter     (TSJ):    0.071ns
    Total Input Jitter      (TIJ):    0.000ns
    Discrete Jitter          (DJ):    0.000ns
    Phase Error              (PE):    0.000ns
    User Uncertainty         (UU):    0.050ns
  Clock Net Delay (Source):      1.433ns (routing 0.171ns, distribution 1.262ns)
  Clock Net Delay (Destination): 1.512ns (routing 0.155ns, distribution 1.357ns)

    Location             Delay type                Incr(ns)  Path(ns)    Netlist Resource(s)
  -------------------------------------------------------------------    -------------------
                         (clock clk rise edge)        0.000     0.000 r  
    AJ20                                              0.000     0.000 r  clk (IN)
                         net (fo=0)                   0.000     0.000    clk_IBUF_inst/I
    AJ20                 INBUF (Prop_INBUF_HPIOB_M_PAD_O)
                                                      0.565     0.565 r  clk_IBUF_inst/INBUF_INST/O
                         net (fo=1, routed)           0.000     0.565    clk_IBUF_inst/OUT
    AJ20                 IBUFCTRL (Prop_IBUFCTRL_HPIOB_M_I_O)
                                                      0.000     0.565 r  clk_IBUF_inst/IBUFCTRL_INST/O
                         net (fo=1, routed)           0.336     0.901    clk_IBUF
    BUFGCE_X1Y71         BUFGCE (Prop_BUFCE_BUFGCE_I_O)
                                                      0.028     0.929 r  clk_IBUF_BUFG_inst/O
    X2Y2 (CLOCK_ROOT)    net (fo=185587, routed)      1.433     2.362    u_system/u_replay/g_array.u_array/clk_IBUF_BUFG
    SLICE_X65Y219        FDCE                                         r  u_system/u_replay/g_array.u_array/drain_row_rep_r_reg[47]_rep__9/C
  -------------------------------------------------------------------    -------------------
    SLICE_X65Y219        FDCE (Prop_DFF_SLICEL_C_Q)
                                                      0.079     2.441 r  u_system/u_replay/g_array.u_array/drain_row_rep_r_reg[47]_rep__9/Q
                         net (fo=96, routed)          3.478     5.919    u_system/u_replay/g_array.u_array/u_array/u_ref/g_row[3].g_col[5].u_pe/g_output_pipe.acc_row_reg[363]
    SLICE_X13Y301        MUXF8 (Prop_F8MUX_TOP_SLICEM_S_O)
                                                      0.074     5.993 r  u_system/u_replay/g_array.u_array/u_array/u_ref/g_row[3].g_col[5].u_pe/g_output_pipe.acc_row_reg[363]_i_1/O
                         net (fo=1, routed)           0.040     6.033    u_system/u_replay/g_array.u_array/acc_row_i[363]
    SLICE_X13Y301        FDCE                                         r  u_system/u_replay/g_array.u_array/g_output_pipe.acc_row_reg[363]/D
  -------------------------------------------------------------------    -------------------

                         (clock clk rise edge)        4.000     4.000 r  
    AJ20                                              0.000     4.000 r  clk (IN)
                         net (fo=0)                   0.000     4.000    clk_IBUF_inst/I
    AJ20                 INBUF (Prop_INBUF_HPIOB_M_PAD_O)
                                                      0.315     4.315 r  clk_IBUF_inst/INBUF_INST/O
                         net (fo=1, routed)           0.000     4.315    clk_IBUF_inst/OUT
    AJ20                 IBUFCTRL (Prop_IBUFCTRL_HPIOB_M_I_O)
                                                      0.000     4.315 r  clk_IBUF_inst/IBUFCTRL_INST/O
                         net (fo=1, routed)           0.301     4.616    clk_IBUF
    BUFGCE_X1Y71         BUFGCE (Prop_BUFCE_BUFGCE_I_O)
                                                      0.024     4.640 r  clk_IBUF_BUFG_inst/O
    X2Y2 (CLOCK_ROOT)    net (fo=185587, routed)      1.512     6.152    u_system/u_replay/g_array.u_array/clk_IBUF_BUFG
    SLICE_X13Y301        FDCE                                         r  u_system/u_replay/g_array.u_array/g_output_pipe.acc_row_reg[363]/C
                         clock pessimism              0.305     6.457    
                         clock uncertainty           -0.085     6.372    
    SLICE_X13Y301        FDCE (Setup_GFF_SLICEM_C_D)
                                                      0.025     6.397    u_system/u_replay/g_array.u_array/g_output_pipe.acc_row_reg[363]
  -------------------------------------------------------------------
                         required time                          6.397    
                         arrival time                          -6.033    
  -------------------------------------------------------------------
                         slack                                  0.364    

Slack (MET) :             0.375ns  (required time - arrival time)
  Source:                 u_system/u_replay/g_array.u_array/drain_row_rep_r_reg[47]_rep__5/C
                            (rising edge-triggered cell FDCE clocked by clk  {rise@0.000ns fall@2.000ns period=4.000ns})
  Destination:            u_system/u_replay/g_array.u_array/g_output_pipe.acc_row_reg[135]/D
                            (rising edge-triggered cell FDCE clocked by clk  {rise@0.000ns fall@2.000ns period=4.000ns})
  Path Group:             clk
  Path Type:              Setup (Max at Slow Process Corner)
  Requirement:            4.000ns  (clk rise@4.000ns - clk rise@0.000ns)
  Data Path Delay:        3.782ns  (logic 0.150ns (3.966%)  route 3.632ns (96.034%))
  Logic Levels:           1  (MUXF8=1)
  Clock Path Skew:        0.217ns (DCD - SCD + CPR)
    Destination Clock Delay (DCD):    2.144ns = ( 6.144 - 4.000 ) 
    Source Clock Delay      (SCD):    2.232ns
    Clock Pessimism Removal (CPR):    0.305ns
  Clock Uncertainty:      0.085ns  ((TSJ^2 + TIJ^2)^1/2 + DJ) / 2 + PE + UU
    Total System Jitter     (TSJ):    0.071ns
    Total Input Jitter      (TIJ):    0.000ns
    Discrete Jitter          (DJ):    0.000ns
    Phase Error              (PE):    0.000ns
    User Uncertainty         (UU):    0.050ns
  Clock Net Delay (Source):      1.303ns (routing 0.171ns, distribution 1.132ns)
  Clock Net Delay (Destination): 1.504ns (routing 0.155ns, distribution 1.349ns)

    Location             Delay type                Incr(ns)  Path(ns)    Netlist Resource(s)
  -------------------------------------------------------------------    -------------------
                         (clock clk rise edge)        0.000     0.000 r  
    AJ20                                              0.000     0.000 r  clk (IN)
                         net (fo=0)                   0.000     0.000    clk_IBUF_inst/I
    AJ20                 INBUF (Prop_INBUF_HPIOB_M_PAD_O)
                                                      0.565     0.565 r  clk_IBUF_inst/INBUF_INST/O
                         net (fo=1, routed)           0.000     0.565    clk_IBUF_inst/OUT
    AJ20                 IBUFCTRL (Prop_IBUFCTRL_HPIOB_M_I_O)
                                                      0.000     0.565 r  clk_IBUF_inst/IBUFCTRL_INST/O
                         net (fo=1, routed)           0.336     0.901    clk_IBUF
    BUFGCE_X1Y71         BUFGCE (Prop_BUFCE_BUFGCE_I_O)
                                                      0.028     0.929 r  clk_IBUF_BUFG_inst/O
    X2Y2 (CLOCK_ROOT)    net (fo=185587, routed)      1.303     2.232    u_system/u_replay/g_array.u_array/clk_IBUF_BUFG
    SLICE_X68Y179        FDCE                                         r  u_system/u_replay/g_array.u_array/drain_row_rep_r_reg[47]_rep__5/C
  -------------------------------------------------------------------    -------------------
    SLICE_X68Y179        FDCE (Prop_EFF2_SLICEL_C_Q)
                                                      0.081     2.313 r  u_system/u_replay/g_array.u_array/drain_row_rep_r_reg[47]_rep__5/Q
                         net (fo=96, routed)          3.598     5.911    u_system/u_replay/g_array.u_array/u_array/u_ref/g_row[3].g_col[2].u_pe/g_output_pipe.acc_row_reg[167]
    SLICE_X8Y342         MUXF8 (Prop_F8MUX_BOT_SLICEL_S_O)
                                                      0.069     5.980 r  u_system/u_replay/g_array.u_array/u_array/u_ref/g_row[3].g_col[2].u_pe/g_output_pipe.acc_row_reg[135]_i_1/O
                         net (fo=1, routed)           0.034     6.014    u_system/u_replay/g_array.u_array/acc_row_i[135]
    SLICE_X8Y342         FDCE                                         r  u_system/u_replay/g_array.u_array/g_output_pipe.acc_row_reg[135]/D
  -------------------------------------------------------------------    -------------------

                         (clock clk rise edge)        4.000     4.000 r  
    AJ20                                              0.000     4.000 r  clk (IN)
                         net (fo=0)                   0.000     4.000    clk_IBUF_inst/I
    AJ20                 INBUF (Prop_INBUF_HPIOB_M_PAD_O)
                                                      0.315     4.315 r  clk_IBUF_inst/INBUF_INST/O
                         net (fo=1, routed)           0.000     4.315    clk_IBUF_inst/OUT
    AJ20                 IBUFCTRL (Prop_IBUFCTRL_HPIOB_M_I_O)
                                                      0.000     4.315 r  clk_IBUF_inst/IBUFCTRL_INST/O
                         net (fo=1, routed)           0.301     4.616    clk_IBUF
    BUFGCE_X1Y71         BUFGCE (Prop_BUFCE_BUFGCE_I_O)
                                                      0.024     4.640 r  clk_IBUF_BUFG_inst/O
    X2Y2 (CLOCK_ROOT)    net (fo=185587, routed)      1.504     6.144    u_system/u_replay/g_array.u_array/clk_IBUF_BUFG
    SLICE_X8Y342         FDCE                                         r  u_system/u_replay/g_array.u_array/g_output_pipe.acc_row_reg[135]/C
                         clock pessimism              0.305     6.449    
                         clock uncertainty           -0.085     6.364    
    SLICE_X8Y342         FDCE (Setup_CFF_SLICEL_C_D)
                                                      0.025     6.389    u_system/u_replay/g_array.u_array/g_output_pipe.acc_row_reg[135]
  -------------------------------------------------------------------
                         required time                          6.389    
                         arrival time                          -6.014    
  -------------------------------------------------------------------
                         slack                                  0.375    

Slack (MET) :             0.380ns  (required time - arrival time)
  Source:                 u_system/u_replay/g_array.u_array/drain_row_rep_r_reg[47]_rep__7/C
                            (rising edge-triggered cell FDCE clocked by clk  {rise@0.000ns fall@2.000ns period=4.000ns})
  Destination:            u_system/u_replay/g_array.u_array/g_output_pipe.acc_row_reg[41]/D
                            (rising edge-triggered cell FDCE clocked by clk  {rise@0.000ns fall@2.000ns period=4.000ns})
  Path Group:             clk
  Path Type:              Setup (Max at Slow Process Corner)
  Requirement:            4.000ns  (clk rise@4.000ns - clk rise@0.000ns)
  Data Path Delay:        3.508ns  (logic 0.153ns (4.361%)  route 3.355ns (95.639%))
  Logic Levels:           1  (MUXF8=1)
  Clock Path Skew:        -0.052ns (DCD - SCD + CPR)
    Destination Clock Delay (DCD):    1.864ns = ( 5.864 - 4.000 ) 
    Source Clock Delay      (SCD):    2.221ns
    Clock Pessimism Removal (CPR):    0.305ns
  Clock Uncertainty:      0.085ns  ((TSJ^2 + TIJ^2)^1/2 + DJ) / 2 + PE + UU
    Total System Jitter     (TSJ):    0.071ns
    Total Input Jitter      (TIJ):    0.000ns
    Discrete Jitter          (DJ):    0.000ns
    Phase Error              (PE):    0.000ns
    User Uncertainty         (UU):    0.050ns
  Clock Net Delay (Source):      1.292ns (routing 0.171ns, distribution 1.121ns)
  Clock Net Delay (Destination): 1.224ns (routing 0.155ns, distribution 1.069ns)

    Location             Delay type                Incr(ns)  Path(ns)    Netlist Resource(s)
  -------------------------------------------------------------------    -------------------
                         (clock clk rise edge)        0.000     0.000 r  
    AJ20                                              0.000     0.000 r  clk (IN)
                         net (fo=0)                   0.000     0.000    clk_IBUF_inst/I
    AJ20                 INBUF (Prop_INBUF_HPIOB_M_PAD_O)
                                                      0.565     0.565 r  clk_IBUF_inst/INBUF_INST/O
                         net (fo=1, routed)           0.000     0.565    clk_IBUF_inst/OUT
    AJ20                 IBUFCTRL (Prop_IBUFCTRL_HPIOB_M_I_O)
                                                      0.000     0.565 r  clk_IBUF_inst/IBUFCTRL_INST/O
                         net (fo=1, routed)           0.336     0.901    clk_IBUF
    BUFGCE_X1Y71         BUFGCE (Prop_BUFCE_BUFGCE_I_O)
                                                      0.028     0.929 r  clk_IBUF_BUFG_inst/O
    X2Y2 (CLOCK_ROOT)    net (fo=185587, routed)      1.292     2.221    u_system/u_replay/g_array.u_array/clk_IBUF_BUFG
    SLICE_X68Y159        FDCE                                         r  u_system/u_replay/g_array.u_array/drain_row_rep_r_reg[47]_rep__7/C
  -------------------------------------------------------------------    -------------------
    SLICE_X68Y159        FDCE (Prop_HFF_SLICEL_C_Q)
                                                      0.079     2.300 r  u_system/u_replay/g_array.u_array/drain_row_rep_r_reg[47]_rep__7/Q
                         net (fo=96, routed)          3.316     5.616    u_system/u_replay/g_array.u_array/u_array/u_ref/g_row[3].g_col[0].u_pe/g_output_pipe.acc_row_reg[9]
    SLICE_X86Y351        MUXF8 (Prop_F8MUX_BOT_SLICEM_S_O)
                                                      0.074     5.690 r  u_system/u_replay/g_array.u_array/u_array/u_ref/g_row[3].g_col[0].u_pe/g_output_pipe.acc_row_reg[41]_i_1/O
                         net (fo=1, routed)           0.039     5.729    u_system/u_replay/g_array.u_array/acc_row_i[41]
    SLICE_X86Y351        FDCE                                         r  u_system/u_replay/g_array.u_array/g_output_pipe.acc_row_reg[41]/D
  -------------------------------------------------------------------    -------------------

                         (clock clk rise edge)        4.000     4.000 r  
    AJ20                                              0.000     4.000 r  clk (IN)
                         net (fo=0)                   0.000     4.000    clk_IBUF_inst/I
    AJ20                 INBUF (Prop_INBUF_HPIOB_M_PAD_O)
                                                      0.315     4.315 r  clk_IBUF_inst/INBUF_INST/O
                         net (fo=1, routed)           0.000     4.315    clk_IBUF_inst/OUT
    AJ20                 IBUFCTRL (Prop_IBUFCTRL_HPIOB_M_I_O)
                                                      0.000     4.315 r  clk_IBUF_inst/IBUFCTRL_INST/O
                         net (fo=1, routed)           0.301     4.616    clk_IBUF
    BUFGCE_X1Y71         BUFGCE (Prop_BUFCE_BUFGCE_I_O)
                                                      0.024     4.640 r  clk_IBUF_BUFG_inst/O
    X2Y2 (CLOCK_ROOT)    net (fo=185587, routed)      1.224     5.864    u_system/u_replay/g_array.u_array/clk_IBUF_BUFG
    SLICE_X86Y351        FDCE                                         r  u_system/u_replay/g_array.u_array/g_output_pipe.acc_row_reg[41]/C
                         clock pessimism              0.305     6.169    
                         clock uncertainty           -0.085     6.084    
    SLICE_X86Y351        FDCE (Setup_CFF_SLICEM_C_D)
                                                      0.025     6.109    u_system/u_replay/g_array.u_array/g_output_pipe.acc_row_reg[41]
  -------------------------------------------------------------------
                         required time                          6.109    
                         arrival time                          -5.729    
  -------------------------------------------------------------------
                         slack                                  0.380    

Slack (MET) :             0.382ns  (required time - arrival time)
  Source:                 u_system/u_replay/g_array.u_array/drain_row_rep_r_reg[47]_rep__7/C
                            (rising edge-triggered cell FDCE clocked by clk  {rise@0.000ns fall@2.000ns period=4.000ns})
  Destination:            u_system/u_replay/g_array.u_array/g_output_pipe.acc_row_reg[9]/D
                            (rising edge-triggered cell FDCE clocked by clk  {rise@0.000ns fall@2.000ns period=4.000ns})
  Path Group:             clk
  Path Type:              Setup (Max at Slow Process Corner)
  Requirement:            4.000ns  (clk rise@4.000ns - clk rise@0.000ns)
  Data Path Delay:        3.497ns  (logic 0.148ns (4.232%)  route 3.349ns (95.768%))
  Logic Levels:           1  (MUXF8=1)
  Clock Path Skew:        -0.061ns (DCD - SCD + CPR)
    Destination Clock Delay (DCD):    1.855ns = ( 5.855 - 4.000 ) 
    Source Clock Delay      (SCD):    2.221ns
    Clock Pessimism Removal (CPR):    0.305ns
  Clock Uncertainty:      0.085ns  ((TSJ^2 + TIJ^2)^1/2 + DJ) / 2 + PE + UU
    Total System Jitter     (TSJ):    0.071ns
    Total Input Jitter      (TIJ):    0.000ns
    Discrete Jitter          (DJ):    0.000ns
    Phase Error              (PE):    0.000ns
    User Uncertainty         (UU):    0.050ns
  Clock Net Delay (Source):      1.292ns (routing 0.171ns, distribution 1.121ns)
  Clock Net Delay (Destination): 1.215ns (routing 0.155ns, distribution 1.060ns)

    Location             Delay type                Incr(ns)  Path(ns)    Netlist Resource(s)
  -------------------------------------------------------------------    -------------------
                         (clock clk rise edge)        0.000     0.000 r  
    AJ20                                              0.000     0.000 r  clk (IN)
                         net (fo=0)                   0.000     0.000    clk_IBUF_inst/I
    AJ20                 INBUF (Prop_INBUF_HPIOB_M_PAD_O)
                                                      0.565     0.565 r  clk_IBUF_inst/INBUF_INST/O
                         net (fo=1, routed)           0.000     0.565    clk_IBUF_inst/OUT
    AJ20                 IBUFCTRL (Prop_IBUFCTRL_HPIOB_M_I_O)
                                                      0.000     0.565 r  clk_IBUF_inst/IBUFCTRL_INST/O
                         net (fo=1, routed)           0.336     0.901    clk_IBUF
    BUFGCE_X1Y71         BUFGCE (Prop_BUFCE_BUFGCE_I_O)
                                                      0.028     0.929 r  clk_IBUF_BUFG_inst/O
    X2Y2 (CLOCK_ROOT)    net (fo=185587, routed)      1.292     2.221    u_system/u_replay/g_array.u_array/clk_IBUF_BUFG
    SLICE_X68Y159        FDCE                                         r  u_system/u_replay/g_array.u_array/drain_row_rep_r_reg[47]_rep__7/C
  -------------------------------------------------------------------    -------------------
    SLICE_X68Y159        FDCE (Prop_HFF_SLICEL_C_Q)
                                                      0.079     2.300 r  u_system/u_replay/g_array.u_array/drain_row_rep_r_reg[47]_rep__7/Q
                         net (fo=96, routed)          3.315     5.615    u_system/u_replay/g_array.u_array/u_array/u_ref/g_row[3].g_col[0].u_pe/g_output_pipe.acc_row_reg[9]
    SLICE_X82Y347        MUXF8 (Prop_F8MUX_TOP_SLICEL_S_O)
                                                      0.069     5.684 r  u_system/u_replay/g_array.u_array/u_array/u_ref/g_row[3].g_col[0].u_pe/g_output_pipe.acc_row_reg[9]_i_1/O
                         net (fo=1, routed)           0.034     5.718    u_system/u_replay/g_array.u_array/acc_row_i[9]
    SLICE_X82Y347        FDCE                                         r  u_system/u_replay/g_array.u_array/g_output_pipe.acc_row_reg[9]/D
  -------------------------------------------------------------------    -------------------

                         (clock clk rise edge)        4.000     4.000 r  
    AJ20                                              0.000     4.000 r  clk (IN)
                         net (fo=0)                   0.000     4.000    clk_IBUF_inst/I
    AJ20                 INBUF (Prop_INBUF_HPIOB_M_PAD_O)
                                                      0.315     4.315 r  clk_IBUF_inst/INBUF_INST/O
                         net (fo=1, routed)           0.000     4.315    clk_IBUF_inst/OUT
    AJ20                 IBUFCTRL (Prop_IBUFCTRL_HPIOB_M_I_O)
                                                      0.000     4.315 r  clk_IBUF_inst/IBUFCTRL_INST/O
                         net (fo=1, routed)           0.301     4.616    clk_IBUF
    BUFGCE_X1Y71         BUFGCE (Prop_BUFCE_BUFGCE_I_O)
                                                      0.024     4.640 r  clk_IBUF_BUFG_inst/O
    X2Y2 (CLOCK_ROOT)    net (fo=185587, routed)      1.215     5.855    u_system/u_replay/g_array.u_array/clk_IBUF_BUFG
    SLICE_X82Y347        FDCE                                         r  u_system/u_replay/g_array.u_array/g_output_pipe.acc_row_reg[9]/C
                         clock pessimism              0.305     6.160    
                         clock uncertainty           -0.085     6.075    
    SLICE_X82Y347        FDCE (Setup_GFF_SLICEL_C_D)
                                                      0.025     6.100    u_system/u_replay/g_array.u_array/g_output_pipe.acc_row_reg[9]
  -------------------------------------------------------------------
                         required time                          6.100    
                         arrival time                          -5.718    
  -------------------------------------------------------------------
                         slack                                  0.382    

Slack (MET) :             0.389ns  (required time - arrival time)
  Source:                 u_system/u_replay/g_array.u_array/drain_row_rep_r_reg[47]_rep__21/C
                            (rising edge-triggered cell FDCE clocked by clk  {rise@0.000ns fall@2.000ns period=4.000ns})
  Destination:            u_system/u_replay/g_array.u_array/g_output_pipe.acc_row_reg[407]/D
                            (rising edge-triggered cell FDCE clocked by clk  {rise@0.000ns fall@2.000ns period=4.000ns})
  Path Group:             clk
  Path Type:              Setup (Max at Slow Process Corner)
  Requirement:            4.000ns  (clk rise@4.000ns - clk rise@0.000ns)
  Data Path Delay:        3.643ns  (logic 0.153ns (4.200%)  route 3.490ns (95.800%))
  Logic Levels:           1  (MUXF8=1)
  Clock Path Skew:        0.092ns (DCD - SCD + CPR)
    Destination Clock Delay (DCD):    1.970ns = ( 5.970 - 4.000 ) 
    Source Clock Delay      (SCD):    2.183ns
    Clock Pessimism Removal (CPR):    0.305ns
  Clock Uncertainty:      0.085ns  ((TSJ^2 + TIJ^2)^1/2 + DJ) / 2 + PE + UU
    Total System Jitter     (TSJ):    0.071ns
    Total Input Jitter      (TIJ):    0.000ns
    Discrete Jitter          (DJ):    0.000ns
    Phase Error              (PE):    0.000ns
    User Uncertainty         (UU):    0.050ns
  Clock Net Delay (Source):      1.254ns (routing 0.171ns, distribution 1.083ns)
  Clock Net Delay (Destination): 1.330ns (routing 0.155ns, distribution 1.175ns)

    Location             Delay type                Incr(ns)  Path(ns)    Netlist Resource(s)
  -------------------------------------------------------------------    -------------------
                         (clock clk rise edge)        0.000     0.000 r  
    AJ20                                              0.000     0.000 r  clk (IN)
                         net (fo=0)                   0.000     0.000    clk_IBUF_inst/I
    AJ20                 INBUF (Prop_INBUF_HPIOB_M_PAD_O)
                                                      0.565     0.565 r  clk_IBUF_inst/INBUF_INST/O
                         net (fo=1, routed)           0.000     0.565    clk_IBUF_inst/OUT
    AJ20                 IBUFCTRL (Prop_IBUFCTRL_HPIOB_M_I_O)
                                                      0.000     0.565 r  clk_IBUF_inst/IBUFCTRL_INST/O
                         net (fo=1, routed)           0.336     0.901    clk_IBUF
    BUFGCE_X1Y71         BUFGCE (Prop_BUFCE_BUFGCE_I_O)
                                                      0.028     0.929 r  clk_IBUF_BUFG_inst/O
    X2Y2 (CLOCK_ROOT)    net (fo=185587, routed)      1.254     2.183    u_system/u_replay/g_array.u_array/clk_IBUF_BUFG
    SLICE_X66Y151        FDCE                                         r  u_system/u_replay/g_array.u_array/drain_row_rep_r_reg[47]_rep__21/C
  -------------------------------------------------------------------    -------------------
    SLICE_X66Y151        FDCE (Prop_HFF_SLICEL_C_Q)
                                                      0.079     2.262 r  u_system/u_replay/g_array.u_array/drain_row_rep_r_reg[47]_rep__21/Q
                         net (fo=96, routed)          3.451     5.713    u_system/u_replay/g_array.u_array/u_array/u_ref/g_row[3].g_col[6].u_pe/g_output_pipe.acc_row_reg[407]
    SLICE_X56Y355        MUXF8 (Prop_F8MUX_BOT_SLICEM_S_O)
                                                      0.074     5.787 r  u_system/u_replay/g_array.u_array/u_array/u_ref/g_row[3].g_col[6].u_pe/g_output_pipe.acc_row_reg[407]_i_1/O
                         net (fo=1, routed)           0.039     5.826    u_system/u_replay/g_array.u_array/acc_row_i[407]
    SLICE_X56Y355        FDCE                                         r  u_system/u_replay/g_array.u_array/g_output_pipe.acc_row_reg[407]/D
  -------------------------------------------------------------------    -------------------

                         (clock clk rise edge)        4.000     4.000 r  
    AJ20                                              0.000     4.000 r  clk (IN)
                         net (fo=0)                   0.000     4.000    clk_IBUF_inst/I
    AJ20                 INBUF (Prop_INBUF_HPIOB_M_PAD_O)
                                                      0.315     4.315 r  clk_IBUF_inst/INBUF_INST/O
                         net (fo=1, routed)           0.000     4.315    clk_IBUF_inst/OUT
    AJ20                 IBUFCTRL (Prop_IBUFCTRL_HPIOB_M_I_O)
                                                      0.000     4.315 r  clk_IBUF_inst/IBUFCTRL_INST/O
                         net (fo=1, routed)           0.301     4.616    clk_IBUF
    BUFGCE_X1Y71         BUFGCE (Prop_BUFCE_BUFGCE_I_O)
                                                      0.024     4.640 r  clk_IBUF_BUFG_inst/O
    X2Y2 (CLOCK_ROOT)    net (fo=185587, routed)      1.330     5.970    u_system/u_replay/g_array.u_array/clk_IBUF_BUFG
    SLICE_X56Y355        FDCE                                         r  u_system/u_replay/g_array.u_array/g_output_pipe.acc_row_reg[407]/C
                         clock pessimism              0.305     6.275    
                         clock uncertainty           -0.085     6.190    
    SLICE_X56Y355        FDCE (Setup_CFF_SLICEM_C_D)
                                                      0.025     6.215    u_system/u_replay/g_array.u_array/g_output_pipe.acc_row_reg[407]
  -------------------------------------------------------------------
                         required time                          6.215    
                         arrival time                          -5.826    
  -------------------------------------------------------------------
                         slack                                  0.389    

Slack (MET) :             0.398ns  (required time - arrival time)
  Source:                 u_system/u_replay/g_array.u_array/drain_row_rep_r_reg[47]_rep__5/C
                            (rising edge-triggered cell FDCE clocked by clk  {rise@0.000ns fall@2.000ns period=4.000ns})
  Destination:            u_system/u_replay/g_array.u_array/g_output_pipe.acc_row_reg[455]/D
                            (rising edge-triggered cell FDCE clocked by clk  {rise@0.000ns fall@2.000ns period=4.000ns})
  Path Group:             clk
  Path Type:              Setup (Max at Slow Process Corner)
  Requirement:            4.000ns  (clk rise@4.000ns - clk rise@0.000ns)
  Data Path Delay:        3.684ns  (logic 0.150ns (4.072%)  route 3.534ns (95.928%))
  Logic Levels:           1  (MUXF8=1)
  Clock Path Skew:        0.142ns (DCD - SCD + CPR)
    Destination Clock Delay (DCD):    2.069ns = ( 6.069 - 4.000 ) 
    Source Clock Delay      (SCD):    2.232ns
    Clock Pessimism Removal (CPR):    0.305ns
  Clock Uncertainty:      0.085ns  ((TSJ^2 + TIJ^2)^1/2 + DJ) / 2 + PE + UU
    Total System Jitter     (TSJ):    0.071ns
    Total Input Jitter      (TIJ):    0.000ns
    Discrete Jitter          (DJ):    0.000ns
    Phase Error              (PE):    0.000ns
    User Uncertainty         (UU):    0.050ns
  Clock Net Delay (Source):      1.303ns (routing 0.171ns, distribution 1.132ns)
  Clock Net Delay (Destination): 1.429ns (routing 0.155ns, distribution 1.274ns)

    Location             Delay type                Incr(ns)  Path(ns)    Netlist Resource(s)
  -------------------------------------------------------------------    -------------------
                         (clock clk rise edge)        0.000     0.000 r  
    AJ20                                              0.000     0.000 r  clk (IN)
                         net (fo=0)                   0.000     0.000    clk_IBUF_inst/I
    AJ20                 INBUF (Prop_INBUF_HPIOB_M_PAD_O)
                                                      0.565     0.565 r  clk_IBUF_inst/INBUF_INST/O
                         net (fo=1, routed)           0.000     0.565    clk_IBUF_inst/OUT
    AJ20                 IBUFCTRL (Prop_IBUFCTRL_HPIOB_M_I_O)
                                                      0.000     0.565 r  clk_IBUF_inst/IBUFCTRL_INST/O
                         net (fo=1, routed)           0.336     0.901    clk_IBUF
    BUFGCE_X1Y71         BUFGCE (Prop_BUFCE_BUFGCE_I_O)
                                                      0.028     0.929 r  clk_IBUF_BUFG_inst/O
    X2Y2 (CLOCK_ROOT)    net (fo=185587, routed)      1.303     2.232    u_system/u_replay/g_array.u_array/clk_IBUF_BUFG
    SLICE_X68Y179        FDCE                                         r  u_system/u_replay/g_array.u_array/drain_row_rep_r_reg[47]_rep__5/C
  -------------------------------------------------------------------    -------------------
    SLICE_X68Y179        FDCE (Prop_EFF2_SLICEL_C_Q)
                                                      0.081     2.313 r  u_system/u_replay/g_array.u_array/drain_row_rep_r_reg[47]_rep__5/Q
                         net (fo=96, routed)          3.500     5.813    u_system/u_replay/g_array.u_array/u_array/u_ref/g_row[3].g_col[7].u_pe/g_output_pipe.acc_row_reg[487]
    SLICE_X24Y333        MUXF8 (Prop_F8MUX_BOT_SLICEL_S_O)
                                                      0.069     5.882 r  u_system/u_replay/g_array.u_array/u_array/u_ref/g_row[3].g_col[7].u_pe/g_output_pipe.acc_row_reg[455]_i_1/O
                         net (fo=1, routed)           0.034     5.916    u_system/u_replay/g_array.u_array/acc_row_i[455]
    SLICE_X24Y333        FDCE                                         r  u_system/u_replay/g_array.u_array/g_output_pipe.acc_row_reg[455]/D
  -------------------------------------------------------------------    -------------------

                         (clock clk rise edge)        4.000     4.000 r  
    AJ20                                              0.000     4.000 r  clk (IN)
                         net (fo=0)                   0.000     4.000    clk_IBUF_inst/I
    AJ20                 INBUF (Prop_INBUF_HPIOB_M_PAD_O)
                                                      0.315     4.315 r  clk_IBUF_inst/INBUF_INST/O
                         net (fo=1, routed)           0.000     4.315    clk_IBUF_inst/OUT
    AJ20                 IBUFCTRL (Prop_IBUFCTRL_HPIOB_M_I_O)
                                                      0.000     4.315 r  clk_IBUF_inst/IBUFCTRL_INST/O
                         net (fo=1, routed)           0.301     4.616    clk_IBUF
    BUFGCE_X1Y71         BUFGCE (Prop_BUFCE_BUFGCE_I_O)
                                                      0.024     4.640 r  clk_IBUF_BUFG_inst/O
    X2Y2 (CLOCK_ROOT)    net (fo=185587, routed)      1.429     6.069    u_system/u_replay/g_array.u_array/clk_IBUF_BUFG
    SLICE_X24Y333        FDCE                                         r  u_system/u_replay/g_array.u_array/g_output_pipe.acc_row_reg[455]/C
                         clock pessimism              0.305     6.374    
                         clock uncertainty           -0.085     6.289    
    SLICE_X24Y333        FDCE (Setup_CFF_SLICEL_C_D)
                                                      0.025     6.314    u_system/u_replay/g_array.u_array/g_output_pipe.acc_row_reg[455]
  -------------------------------------------------------------------
                         required time                          6.314    
                         arrival time                          -5.916    
  -------------------------------------------------------------------
                         slack                                  0.398    

Slack (MET) :             0.398ns  (required time - arrival time)
  Source:                 u_system/u_replay/g_array.u_array/drain_row_rep_r_reg[47]_rep__9/C
                            (rising edge-triggered cell FDCE clocked by clk  {rise@0.000ns fall@2.000ns period=4.000ns})
  Destination:            u_system/u_replay/g_array.u_array/g_output_pipe.acc_row_reg[331]/D
                            (rising edge-triggered cell FDCE clocked by clk  {rise@0.000ns fall@2.000ns period=4.000ns})
  Path Group:             clk
  Path Type:              Setup (Max at Slow Process Corner)
  Requirement:            4.000ns  (clk rise@4.000ns - clk rise@0.000ns)
  Data Path Delay:        3.619ns  (logic 0.148ns (4.090%)  route 3.471ns (95.910%))
  Logic Levels:           1  (MUXF8=1)
  Clock Path Skew:        0.077ns (DCD - SCD + CPR)
    Destination Clock Delay (DCD):    2.134ns = ( 6.134 - 4.000 ) 
    Source Clock Delay      (SCD):    2.362ns
    Clock Pessimism Removal (CPR):    0.305ns
  Clock Uncertainty:      0.085ns  ((TSJ^2 + TIJ^2)^1/2 + DJ) / 2 + PE + UU
    Total System Jitter     (TSJ):    0.071ns
    Total Input Jitter      (TIJ):    0.000ns
    Discrete Jitter          (DJ):    0.000ns
    Phase Error              (PE):    0.000ns
    User Uncertainty         (UU):    0.050ns
  Clock Net Delay (Source):      1.433ns (routing 0.171ns, distribution 1.262ns)
  Clock Net Delay (Destination): 1.494ns (routing 0.155ns, distribution 1.339ns)

    Location             Delay type                Incr(ns)  Path(ns)    Netlist Resource(s)
  -------------------------------------------------------------------    -------------------
                         (clock clk rise edge)        0.000     0.000 r  
    AJ20                                              0.000     0.000 r  clk (IN)
                         net (fo=0)                   0.000     0.000    clk_IBUF_inst/I
    AJ20                 INBUF (Prop_INBUF_HPIOB_M_PAD_O)
                                                      0.565     0.565 r  clk_IBUF_inst/INBUF_INST/O
                         net (fo=1, routed)           0.000     0.565    clk_IBUF_inst/OUT
    AJ20                 IBUFCTRL (Prop_IBUFCTRL_HPIOB_M_I_O)
                                                      0.000     0.565 r  clk_IBUF_inst/IBUFCTRL_INST/O
                         net (fo=1, routed)           0.336     0.901    clk_IBUF
    BUFGCE_X1Y71         BUFGCE (Prop_BUFCE_BUFGCE_I_O)
                                                      0.028     0.929 r  clk_IBUF_BUFG_inst/O
    X2Y2 (CLOCK_ROOT)    net (fo=185587, routed)      1.433     2.362    u_system/u_replay/g_array.u_array/clk_IBUF_BUFG
    SLICE_X65Y219        FDCE                                         r  u_system/u_replay/g_array.u_array/drain_row_rep_r_reg[47]_rep__9/C
  -------------------------------------------------------------------    -------------------
    SLICE_X65Y219        FDCE (Prop_DFF_SLICEL_C_Q)
                                                      0.079     2.441 r  u_system/u_replay/g_array.u_array/drain_row_rep_r_reg[47]_rep__9/Q
                         net (fo=96, routed)          3.437     5.878    u_system/u_replay/g_array.u_array/u_array/u_ref/g_row[3].g_col[5].u_pe/g_output_pipe.acc_row_reg[363]
    SLICE_X12Y289        MUXF8 (Prop_F8MUX_TOP_SLICEL_S_O)
                                                      0.069     5.947 r  u_system/u_replay/g_array.u_array/u_array/u_ref/g_row[3].g_col[5].u_pe/g_output_pipe.acc_row_reg[331]_i_1/O
                         net (fo=1, routed)           0.034     5.981    u_system/u_replay/g_array.u_array/acc_row_i[331]
    SLICE_X12Y289        FDCE                                         r  u_system/u_replay/g_array.u_array/g_output_pipe.acc_row_reg[331]/D
  -------------------------------------------------------------------    -------------------

                         (clock clk rise edge)        4.000     4.000 r  
    AJ20                                              0.000     4.000 r  clk (IN)
                         net (fo=0)                   0.000     4.000    clk_IBUF_inst/I
    AJ20                 INBUF (Prop_INBUF_HPIOB_M_PAD_O)
                                                      0.315     4.315 r  clk_IBUF_inst/INBUF_INST/O
                         net (fo=1, routed)           0.000     4.315    clk_IBUF_inst/OUT
    AJ20                 IBUFCTRL (Prop_IBUFCTRL_HPIOB_M_I_O)
                                                      0.000     4.315 r  clk_IBUF_inst/IBUFCTRL_INST/O
                         net (fo=1, routed)           0.301     4.616    clk_IBUF
    BUFGCE_X1Y71         BUFGCE (Prop_BUFCE_BUFGCE_I_O)
                                                      0.024     4.640 r  clk_IBUF_BUFG_inst/O
    X2Y2 (CLOCK_ROOT)    net (fo=185587, routed)      1.494     6.134    u_system/u_replay/g_array.u_array/clk_IBUF_BUFG
    SLICE_X12Y289        FDCE                                         r  u_system/u_replay/g_array.u_array/g_output_pipe.acc_row_reg[331]/C
                         clock pessimism              0.305     6.439    
                         clock uncertainty           -0.085     6.354    
    SLICE_X12Y289        FDCE (Setup_GFF_SLICEL_C_D)
                                                      0.025     6.379    u_system/u_replay/g_array.u_array/g_output_pipe.acc_row_reg[331]
  -------------------------------------------------------------------
                         required time                          6.379    
                         arrival time                          -5.981    
  -------------------------------------------------------------------
                         slack                                  0.398    

Slack (MET) :             0.400ns  (required time - arrival time)
  Source:                 u_system/u_replay/g_array.u_array/drain_row_rep_r_reg[47]_rep__2/C
                            (rising edge-triggered cell FDCE clocked by clk  {rise@0.000ns fall@2.000ns period=4.000ns})
  Destination:            u_system/u_replay/g_array.u_array/g_output_pipe.acc_row_reg[164]/D
                            (rising edge-triggered cell FDCE clocked by clk  {rise@0.000ns fall@2.000ns period=4.000ns})
  Path Group:             clk
  Path Type:              Setup (Max at Slow Process Corner)
  Requirement:            4.000ns  (clk rise@4.000ns - clk rise@0.000ns)
  Data Path Delay:        3.701ns  (logic 0.145ns (3.918%)  route 3.556ns (96.082%))
  Logic Levels:           1  (MUXF8=1)
  Clock Path Skew:        0.161ns (DCD - SCD + CPR)
    Destination Clock Delay (DCD):    2.130ns = ( 6.130 - 4.000 ) 
    Source Clock Delay      (SCD):    2.274ns
    Clock Pessimism Removal (CPR):    0.305ns
  Clock Uncertainty:      0.085ns  ((TSJ^2 + TIJ^2)^1/2 + DJ) / 2 + PE + UU
    Total System Jitter     (TSJ):    0.071ns
    Total Input Jitter      (TIJ):    0.000ns
    Discrete Jitter          (DJ):    0.000ns
    Phase Error              (PE):    0.000ns
    User Uncertainty         (UU):    0.050ns
  Clock Net Delay (Source):      1.345ns (routing 0.171ns, distribution 1.174ns)
  Clock Net Delay (Destination): 1.490ns (routing 0.155ns, distribution 1.335ns)

    Location             Delay type                Incr(ns)  Path(ns)    Netlist Resource(s)
  -------------------------------------------------------------------    -------------------
                         (clock clk rise edge)        0.000     0.000 r  
    AJ20                                              0.000     0.000 r  clk (IN)
                         net (fo=0)                   0.000     0.000    clk_IBUF_inst/I
    AJ20                 INBUF (Prop_INBUF_HPIOB_M_PAD_O)
                                                      0.565     0.565 r  clk_IBUF_inst/INBUF_INST/O
                         net (fo=1, routed)           0.000     0.565    clk_IBUF_inst/OUT
    AJ20                 IBUFCTRL (Prop_IBUFCTRL_HPIOB_M_I_O)
                                                      0.000     0.565 r  clk_IBUF_inst/IBUFCTRL_INST/O
                         net (fo=1, routed)           0.336     0.901    clk_IBUF
    BUFGCE_X1Y71         BUFGCE (Prop_BUFCE_BUFGCE_I_O)
                                                      0.028     0.929 r  clk_IBUF_BUFG_inst/O
    X2Y2 (CLOCK_ROOT)    net (fo=185587, routed)      1.345     2.274    u_system/u_replay/g_array.u_array/clk_IBUF_BUFG
    SLICE_X67Y196        FDCE                                         r  u_system/u_replay/g_array.u_array/drain_row_rep_r_reg[47]_rep__2/C
  -------------------------------------------------------------------    -------------------
    SLICE_X67Y196        FDCE (Prop_EFF_SLICEM_C_Q)
                                                      0.076     2.350 r  u_system/u_replay/g_array.u_array/drain_row_rep_r_reg[47]_rep__2/Q
                         net (fo=96, routed)          3.522     5.872    u_system/u_replay/g_array.u_array/u_array/u_ref/g_row[3].g_col[2].u_pe/g_output_pipe.acc_row_reg[164]
    SLICE_X10Y333        MUXF8 (Prop_F8MUX_BOT_SLICEL_S_O)
                                                      0.069     5.941 r  u_system/u_replay/g_array.u_array/u_array/u_ref/g_row[3].g_col[2].u_pe/g_output_pipe.acc_row_reg[164]_i_1/O
                         net (fo=1, routed)           0.034     5.975    u_system/u_replay/g_array.u_array/acc_row_i[164]
    SLICE_X10Y333        FDCE                                         r  u_system/u_replay/g_array.u_array/g_output_pipe.acc_row_reg[164]/D
  -------------------------------------------------------------------    -------------------

                         (clock clk rise edge)        4.000     4.000 r  
    AJ20                                              0.000     4.000 r  clk (IN)
                         net (fo=0)                   0.000     4.000    clk_IBUF_inst/I
    AJ20                 INBUF (Prop_INBUF_HPIOB_M_PAD_O)
                                                      0.315     4.315 r  clk_IBUF_inst/INBUF_INST/O
                         net (fo=1, routed)           0.000     4.315    clk_IBUF_inst/OUT
    AJ20                 IBUFCTRL (Prop_IBUFCTRL_HPIOB_M_I_O)
                                                      0.000     4.315 r  clk_IBUF_inst/IBUFCTRL_INST/O
                         net (fo=1, routed)           0.301     4.616    clk_IBUF
    BUFGCE_X1Y71         BUFGCE (Prop_BUFCE_BUFGCE_I_O)
                                                      0.024     4.640 r  clk_IBUF_BUFG_inst/O
    X2Y2 (CLOCK_ROOT)    net (fo=185587, routed)      1.490     6.130    u_system/u_replay/g_array.u_array/clk_IBUF_BUFG
    SLICE_X10Y333        FDCE                                         r  u_system/u_replay/g_array.u_array/g_output_pipe.acc_row_reg[164]/C
                         clock pessimism              0.305     6.435    
                         clock uncertainty           -0.085     6.350    
    SLICE_X10Y333        FDCE (Setup_CFF_SLICEL_C_D)
                                                      0.025     6.375    u_system/u_replay/g_array.u_array/g_output_pipe.acc_row_reg[164]
  -------------------------------------------------------------------
                         required time                          6.375    
                         arrival time                          -5.975    
  -------------------------------------------------------------------
                         slack                                  0.400    

Slack (MET) :             0.402ns  (required time - arrival time)
  Source:                 u_system/u_replay/g_array.u_array/drain_row_rep_r_reg[47]_rep__23/C
                            (rising edge-triggered cell FDCE clocked by clk  {rise@0.000ns fall@2.000ns period=4.000ns})
  Destination:            u_system/u_replay/g_array.u_array/g_output_pipe.acc_row_reg[249]/D
                            (rising edge-triggered cell FDCE clocked by clk  {rise@0.000ns fall@2.000ns period=4.000ns})
  Path Group:             clk
  Path Type:              Setup (Max at Slow Process Corner)
  Requirement:            4.000ns  (clk rise@4.000ns - clk rise@0.000ns)
  Data Path Delay:        3.743ns  (logic 0.150ns (4.007%)  route 3.593ns (95.993%))
  Logic Levels:           1  (MUXF8=1)
  Clock Path Skew:        0.205ns (DCD - SCD + CPR)
    Destination Clock Delay (DCD):    2.131ns = ( 6.131 - 4.000 ) 
    Source Clock Delay      (SCD):    2.231ns
    Clock Pessimism Removal (CPR):    0.305ns
  Clock Uncertainty:      0.085ns  ((TSJ^2 + TIJ^2)^1/2 + DJ) / 2 + PE + UU
    Total System Jitter     (TSJ):    0.071ns
    Total Input Jitter      (TIJ):    0.000ns
    Discrete Jitter          (DJ):    0.000ns
    Phase Error              (PE):    0.000ns
    User Uncertainty         (UU):    0.050ns
  Clock Net Delay (Source):      1.302ns (routing 0.171ns, distribution 1.131ns)
  Clock Net Delay (Destination): 1.491ns (routing 0.155ns, distribution 1.336ns)

    Location             Delay type                Incr(ns)  Path(ns)    Netlist Resource(s)
  -------------------------------------------------------------------    -------------------
                         (clock clk rise edge)        0.000     0.000 r  
    AJ20                                              0.000     0.000 r  clk (IN)
                         net (fo=0)                   0.000     0.000    clk_IBUF_inst/I
    AJ20                 INBUF (Prop_INBUF_HPIOB_M_PAD_O)
                                                      0.565     0.565 r  clk_IBUF_inst/INBUF_INST/O
                         net (fo=1, routed)           0.000     0.565    clk_IBUF_inst/OUT
    AJ20                 IBUFCTRL (Prop_IBUFCTRL_HPIOB_M_I_O)
                                                      0.000     0.565 r  clk_IBUF_inst/IBUFCTRL_INST/O
                         net (fo=1, routed)           0.336     0.901    clk_IBUF
    BUFGCE_X1Y71         BUFGCE (Prop_BUFCE_BUFGCE_I_O)
                                                      0.028     0.929 r  clk_IBUF_BUFG_inst/O
    X2Y2 (CLOCK_ROOT)    net (fo=185587, routed)      1.302     2.231    u_system/u_replay/g_array.u_array/clk_IBUF_BUFG
    SLICE_X67Y174        FDCE                                         r  u_system/u_replay/g_array.u_array/drain_row_rep_r_reg[47]_rep__23/C
  -------------------------------------------------------------------    -------------------
    SLICE_X67Y174        FDCE (Prop_EFF_SLICEM_C_Q)
                                                      0.076     2.307 r  u_system/u_replay/g_array.u_array/drain_row_rep_r_reg[47]_rep__23/Q
                         net (fo=96, routed)          3.553     5.860    u_system/u_replay/g_array.u_array/u_array/u_ref/g_row[3].g_col[3].u_pe/g_output_pipe.acc_row_reg[249]
    SLICE_X13Y322        MUXF8 (Prop_F8MUX_TOP_SLICEM_S_O)
                                                      0.074     5.934 r  u_system/u_replay/g_array.u_array/u_array/u_ref/g_row[3].g_col[3].u_pe/g_output_pipe.acc_row_reg[249]_i_1/O
                         net (fo=1, routed)           0.040     5.974    u_system/u_replay/g_array.u_array/acc_row_i[249]
    SLICE_X13Y322        FDCE                                         r  u_system/u_replay/g_array.u_array/g_output_pipe.acc_row_reg[249]/D
  -------------------------------------------------------------------    -------------------

                         (clock clk rise edge)        4.000     4.000 r  
    AJ20                                              0.000     4.000 r  clk (IN)
                         net (fo=0)                   0.000     4.000    clk_IBUF_inst/I
    AJ20                 INBUF (Prop_INBUF_HPIOB_M_PAD_O)
                                                      0.315     4.315 r  clk_IBUF_inst/INBUF_INST/O
                         net (fo=1, routed)           0.000     4.315    clk_IBUF_inst/OUT
    AJ20                 IBUFCTRL (Prop_IBUFCTRL_HPIOB_M_I_O)
                                                      0.000     4.315 r  clk_IBUF_inst/IBUFCTRL_INST/O
                         net (fo=1, routed)           0.301     4.616    clk_IBUF
    BUFGCE_X1Y71         BUFGCE (Prop_BUFCE_BUFGCE_I_O)
                                                      0.024     4.640 r  clk_IBUF_BUFG_inst/O
    X2Y2 (CLOCK_ROOT)    net (fo=185587, routed)      1.491     6.131    u_system/u_replay/g_array.u_array/clk_IBUF_BUFG
    SLICE_X13Y322        FDCE                                         r  u_system/u_replay/g_array.u_array/g_output_pipe.acc_row_reg[249]/C
                         clock pessimism              0.305     6.436    
                         clock uncertainty           -0.085     6.351    
    SLICE_X13Y322        FDCE (Setup_GFF_SLICEM_C_D)
                                                      0.025     6.376    u_system/u_replay/g_array.u_array/g_output_pipe.acc_row_reg[249]
  -------------------------------------------------------------------
                         required time                          6.376    
                         arrival time                          -5.974    
  -------------------------------------------------------------------
                         slack                                  0.402    

Slack (MET) :             0.416ns  (required time - arrival time)
  Source:                 u_system/u_replay/g_array.u_array/drain_row_rep_r_reg[47]_rep__8/C
                            (rising edge-triggered cell FDCE clocked by clk  {rise@0.000ns fall@2.000ns period=4.000ns})
  Destination:            u_system/u_replay/g_array.u_array/g_output_pipe.acc_row_reg[170]/D
                            (rising edge-triggered cell FDCE clocked by clk  {rise@0.000ns fall@2.000ns period=4.000ns})
  Path Group:             clk
  Path Type:              Setup (Max at Slow Process Corner)
  Requirement:            4.000ns  (clk rise@4.000ns - clk rise@0.000ns)
  Data Path Delay:        3.764ns  (logic 0.153ns (4.065%)  route 3.611ns (95.935%))
  Logic Levels:           1  (MUXF8=1)
  Clock Path Skew:        0.240ns (DCD - SCD + CPR)
    Destination Clock Delay (DCD):    2.145ns = ( 6.145 - 4.000 ) 
    Source Clock Delay      (SCD):    2.210ns
    Clock Pessimism Removal (CPR):    0.305ns
  Clock Uncertainty:      0.085ns  ((TSJ^2 + TIJ^2)^1/2 + DJ) / 2 + PE + UU
    Total System Jitter     (TSJ):    0.071ns
    Total Input Jitter      (TIJ):    0.000ns
    Discrete Jitter          (DJ):    0.000ns
    Phase Error              (PE):    0.000ns
    User Uncertainty         (UU):    0.050ns
  Clock Net Delay (Source):      1.281ns (routing 0.171ns, distribution 1.110ns)
  Clock Net Delay (Destination): 1.505ns (routing 0.155ns, distribution 1.350ns)

    Location             Delay type                Incr(ns)  Path(ns)    Netlist Resource(s)
  -------------------------------------------------------------------    -------------------
                         (clock clk rise edge)        0.000     0.000 r  
    AJ20                                              0.000     0.000 r  clk (IN)
                         net (fo=0)                   0.000     0.000    clk_IBUF_inst/I
    AJ20                 INBUF (Prop_INBUF_HPIOB_M_PAD_O)
                                                      0.565     0.565 r  clk_IBUF_inst/INBUF_INST/O
                         net (fo=1, routed)           0.000     0.565    clk_IBUF_inst/OUT
    AJ20                 IBUFCTRL (Prop_IBUFCTRL_HPIOB_M_I_O)
                                                      0.000     0.565 r  clk_IBUF_inst/IBUFCTRL_INST/O
                         net (fo=1, routed)           0.336     0.901    clk_IBUF
    BUFGCE_X1Y71         BUFGCE (Prop_BUFCE_BUFGCE_I_O)
                                                      0.028     0.929 r  clk_IBUF_BUFG_inst/O
    X2Y2 (CLOCK_ROOT)    net (fo=185587, routed)      1.281     2.210    u_system/u_replay/g_array.u_array/clk_IBUF_BUFG
    SLICE_X67Y151        FDCE                                         r  u_system/u_replay/g_array.u_array/drain_row_rep_r_reg[47]_rep__8/C
  -------------------------------------------------------------------    -------------------
    SLICE_X67Y151        FDCE (Prop_HFF_SLICEM_C_Q)
                                                      0.079     2.289 r  u_system/u_replay/g_array.u_array/drain_row_rep_r_reg[47]_rep__8/Q
                         net (fo=96, routed)          3.572     5.861    u_system/u_replay/g_array.u_array/u_array/u_ref/g_row[3].g_col[2].u_pe/g_output_pipe.acc_row_reg[170]
    SLICE_X9Y342         MUXF8 (Prop_F8MUX_BOT_SLICEM_S_O)
                                                      0.074     5.935 r  u_system/u_replay/g_array.u_array/u_array/u_ref/g_row[3].g_col[2].u_pe/g_output_pipe.acc_row_reg[170]_i_1/O
                         net (fo=1, routed)           0.039     5.974    u_system/u_replay/g_array.u_array/acc_row_i[170]
    SLICE_X9Y342         FDCE                                         r  u_system/u_replay/g_array.u_array/g_output_pipe.acc_row_reg[170]/D
  -------------------------------------------------------------------    -------------------

                         (clock clk rise edge)        4.000     4.000 r  
    AJ20                                              0.000     4.000 r  clk (IN)
                         net (fo=0)                   0.000     4.000    clk_IBUF_inst/I
    AJ20                 INBUF (Prop_INBUF_HPIOB_M_PAD_O)
                                                      0.315     4.315 r  clk_IBUF_inst/INBUF_INST/O
                         net (fo=1, routed)           0.000     4.315    clk_IBUF_inst/OUT
    AJ20                 IBUFCTRL (Prop_IBUFCTRL_HPIOB_M_I_O)
                                                      0.000     4.315 r  clk_IBUF_inst/IBUFCTRL_INST/O
                         net (fo=1, routed)           0.301     4.616    clk_IBUF
    BUFGCE_X1Y71         BUFGCE (Prop_BUFCE_BUFGCE_I_O)
                                                      0.024     4.640 r  clk_IBUF_BUFG_inst/O
    X2Y2 (CLOCK_ROOT)    net (fo=185587, routed)      1.505     6.145    u_system/u_replay/g_array.u_array/clk_IBUF_BUFG
    SLICE_X9Y342         FDCE                                         r  u_system/u_replay/g_array.u_array/g_output_pipe.acc_row_reg[170]/C
                         clock pessimism              0.305     6.450    
                         clock uncertainty           -0.085     6.365    
    SLICE_X9Y342         FDCE (Setup_CFF_SLICEM_C_D)
                                                      0.025     6.390    u_system/u_replay/g_array.u_array/g_output_pipe.acc_row_reg[170]
  -------------------------------------------------------------------
                         required time                          6.390    
                         arrival time                          -5.974    
  -------------------------------------------------------------------
                         slack                                  0.416    

Slack (MET) :             0.418ns  (required time - arrival time)
  Source:                 u_system/u_replay/g_array.u_array/drain_row_rep_r_reg[47]_rep__17/C
                            (rising edge-triggered cell FDCE clocked by clk  {rise@0.000ns fall@2.000ns period=4.000ns})
  Destination:            u_system/u_replay/g_array.u_array/g_output_pipe.acc_row_reg[19]/D
                            (rising edge-triggered cell FDCE clocked by clk  {rise@0.000ns fall@2.000ns period=4.000ns})
  Path Group:             clk
  Path Type:              Setup (Max at Slow Process Corner)
  Requirement:            4.000ns  (clk rise@4.000ns - clk rise@0.000ns)
  Data Path Delay:        3.469ns  (logic 0.153ns (4.410%)  route 3.316ns (95.590%))
  Logic Levels:           1  (MUXF8=1)
  Clock Path Skew:        -0.053ns (DCD - SCD + CPR)
    Destination Clock Delay (DCD):    1.861ns = ( 5.861 - 4.000 ) 
    Source Clock Delay      (SCD):    2.219ns
    Clock Pessimism Removal (CPR):    0.305ns
  Clock Uncertainty:      0.085ns  ((TSJ^2 + TIJ^2)^1/2 + DJ) / 2 + PE + UU
    Total System Jitter     (TSJ):    0.071ns
    Total Input Jitter      (TIJ):    0.000ns
    Discrete Jitter          (DJ):    0.000ns
    Phase Error              (PE):    0.000ns
    User Uncertainty         (UU):    0.050ns
  Clock Net Delay (Source):      1.290ns (routing 0.171ns, distribution 1.119ns)
  Clock Net Delay (Destination): 1.221ns (routing 0.155ns, distribution 1.066ns)

    Location             Delay type                Incr(ns)  Path(ns)    Netlist Resource(s)
  -------------------------------------------------------------------    -------------------
                         (clock clk rise edge)        0.000     0.000 r  
    AJ20                                              0.000     0.000 r  clk (IN)
                         net (fo=0)                   0.000     0.000    clk_IBUF_inst/I
    AJ20                 INBUF (Prop_INBUF_HPIOB_M_PAD_O)
                                                      0.565     0.565 r  clk_IBUF_inst/INBUF_INST/O
                         net (fo=1, routed)           0.000     0.565    clk_IBUF_inst/OUT
    AJ20                 IBUFCTRL (Prop_IBUFCTRL_HPIOB_M_I_O)
                                                      0.000     0.565 r  clk_IBUF_inst/IBUFCTRL_INST/O
                         net (fo=1, routed)           0.336     0.901    clk_IBUF
    BUFGCE_X1Y71         BUFGCE (Prop_BUFCE_BUFGCE_I_O)
                                                      0.028     0.929 r  clk_IBUF_BUFG_inst/O
    X2Y2 (CLOCK_ROOT)    net (fo=185587, routed)      1.290     2.219    u_system/u_replay/g_array.u_array/clk_IBUF_BUFG
    SLICE_X69Y166        FDCE                                         r  u_system/u_replay/g_array.u_array/drain_row_rep_r_reg[47]_rep__17/C
  -------------------------------------------------------------------    -------------------
    SLICE_X69Y166        FDCE (Prop_EFF_SLICEL_C_Q)
                                                      0.079     2.298 r  u_system/u_replay/g_array.u_array/drain_row_rep_r_reg[47]_rep__17/Q
                         net (fo=96, routed)          3.277     5.575    u_system/u_replay/g_array.u_array/u_array/u_ref/g_row[3].g_col[0].u_pe/g_output_pipe.acc_row_reg[19]
    SLICE_X81Y357        MUXF8 (Prop_F8MUX_BOT_SLICEM_S_O)
                                                      0.074     5.649 r  u_system/u_replay/g_array.u_array/u_array/u_ref/g_row[3].g_col[0].u_pe/g_output_pipe.acc_row_reg[19]_i_1/O
                         net (fo=1, routed)           0.039     5.688    u_system/u_replay/g_array.u_array/acc_row_i[19]
    SLICE_X81Y357        FDCE                                         r  u_system/u_replay/g_array.u_array/g_output_pipe.acc_row_reg[19]/D
  -------------------------------------------------------------------    -------------------

                         (clock clk rise edge)        4.000     4.000 r  
    AJ20                                              0.000     4.000 r  clk (IN)
                         net (fo=0)                   0.000     4.000    clk_IBUF_inst/I
    AJ20                 INBUF (Prop_INBUF_HPIOB_M_PAD_O)
                                                      0.315     4.315 r  clk_IBUF_inst/INBUF_INST/O
                         net (fo=1, routed)           0.000     4.315    clk_IBUF_inst/OUT
    AJ20                 IBUFCTRL (Prop_IBUFCTRL_HPIOB_M_I_O)
                                                      0.000     4.315 r  clk_IBUF_inst/IBUFCTRL_INST/O
                         net (fo=1, routed)           0.301     4.616    clk_IBUF
    BUFGCE_X1Y71         BUFGCE (Prop_BUFCE_BUFGCE_I_O)
                                                      0.024     4.640 r  clk_IBUF_BUFG_inst/O
    X2Y2 (CLOCK_ROOT)    net (fo=185587, routed)      1.221     5.861    u_system/u_replay/g_array.u_array/clk_IBUF_BUFG
    SLICE_X81Y357        FDCE                                         r  u_system/u_replay/g_array.u_array/g_output_pipe.acc_row_reg[19]/C
                         clock pessimism              0.305     6.166    
                         clock uncertainty           -0.085     6.081    
    SLICE_X81Y357        FDCE (Setup_CFF_SLICEM_C_D)
                                                      0.025     6.106    u_system/u_replay/g_array.u_array/g_output_pipe.acc_row_reg[19]
  -------------------------------------------------------------------
                         required time                          6.106    
                         arrival time                          -5.688    
  -------------------------------------------------------------------
                         slack                                  0.418    

Slack (MET) :             0.421ns  (required time - arrival time)
  Source:                 u_system/u_replay/g_array.u_array/drain_row_rep_r_reg[47]_rep__1/C
                            (rising edge-triggered cell FDCE clocked by clk  {rise@0.000ns fall@2.000ns period=4.000ns})
  Destination:            u_system/u_replay/g_array.u_array/g_output_pipe.acc_row_reg[227]/D
                            (rising edge-triggered cell FDCE clocked by clk  {rise@0.000ns fall@2.000ns period=4.000ns})
  Path Group:             clk
  Path Type:              Setup (Max at Slow Process Corner)
  Requirement:            4.000ns  (clk rise@4.000ns - clk rise@0.000ns)
  Data Path Delay:        3.762ns  (logic 0.153ns (4.067%)  route 3.609ns (95.933%))
  Logic Levels:           1  (MUXF8=1)
  Clock Path Skew:        0.243ns (DCD - SCD + CPR)
    Destination Clock Delay (DCD):    2.148ns = ( 6.148 - 4.000 ) 
    Source Clock Delay      (SCD):    2.210ns
    Clock Pessimism Removal (CPR):    0.305ns
  Clock Uncertainty:      0.085ns  ((TSJ^2 + TIJ^2)^1/2 + DJ) / 2 + PE + UU
    Total System Jitter     (TSJ):    0.071ns
    Total Input Jitter      (TIJ):    0.000ns
    Discrete Jitter          (DJ):    0.000ns
    Phase Error              (PE):    0.000ns
    User Uncertainty         (UU):    0.050ns
  Clock Net Delay (Source):      1.281ns (routing 0.171ns, distribution 1.110ns)
  Clock Net Delay (Destination): 1.508ns (routing 0.155ns, distribution 1.353ns)

    Location             Delay type                Incr(ns)  Path(ns)    Netlist Resource(s)
  -------------------------------------------------------------------    -------------------
                         (clock clk rise edge)        0.000     0.000 r  
    AJ20                                              0.000     0.000 r  clk (IN)
                         net (fo=0)                   0.000     0.000    clk_IBUF_inst/I
    AJ20                 INBUF (Prop_INBUF_HPIOB_M_PAD_O)
                                                      0.565     0.565 r  clk_IBUF_inst/INBUF_INST/O
                         net (fo=1, routed)           0.000     0.565    clk_IBUF_inst/OUT
    AJ20                 IBUFCTRL (Prop_IBUFCTRL_HPIOB_M_I_O)
                                                      0.000     0.565 r  clk_IBUF_inst/IBUFCTRL_INST/O
                         net (fo=1, routed)           0.336     0.901    clk_IBUF
    BUFGCE_X1Y71         BUFGCE (Prop_BUFCE_BUFGCE_I_O)
                                                      0.028     0.929 r  clk_IBUF_BUFG_inst/O
    X2Y2 (CLOCK_ROOT)    net (fo=185587, routed)      1.281     2.210    u_system/u_replay/g_array.u_array/clk_IBUF_BUFG
    SLICE_X68Y151        FDCE                                         r  u_system/u_replay/g_array.u_array/drain_row_rep_r_reg[47]_rep__1/C
  -------------------------------------------------------------------    -------------------
    SLICE_X68Y151        FDCE (Prop_EFF_SLICEL_C_Q)
                                                      0.079     2.289 r  u_system/u_replay/g_array.u_array/drain_row_rep_r_reg[47]_rep__1/Q
                         net (fo=96, routed)          3.569     5.858    u_system/u_replay/g_array.u_array/u_array/u_ref/g_row[3].g_col[3].u_pe/g_output_pipe.acc_row_reg[227]
    SLICE_X13Y313        MUXF8 (Prop_F8MUX_TOP_SLICEM_S_O)
                                                      0.074     5.932 r  u_system/u_replay/g_array.u_array/u_array/u_ref/g_row[3].g_col[3].u_pe/g_output_pipe.acc_row_reg[227]_i_1/O
                         net (fo=1, routed)           0.040     5.972    u_system/u_replay/g_array.u_array/acc_row_i[227]
    SLICE_X13Y313        FDCE                                         r  u_system/u_replay/g_array.u_array/g_output_pipe.acc_row_reg[227]/D
  -------------------------------------------------------------------    -------------------

                         (clock clk rise edge)        4.000     4.000 r  
    AJ20                                              0.000     4.000 r  clk (IN)
                         net (fo=0)                   0.000     4.000    clk_IBUF_inst/I
    AJ20                 INBUF (Prop_INBUF_HPIOB_M_PAD_O)
                                                      0.315     4.315 r  clk_IBUF_inst/INBUF_INST/O
                         net (fo=1, routed)           0.000     4.315    clk_IBUF_inst/OUT
    AJ20                 IBUFCTRL (Prop_IBUFCTRL_HPIOB_M_I_O)
                                                      0.000     4.315 r  clk_IBUF_inst/IBUFCTRL_INST/O
                         net (fo=1, routed)           0.301     4.616    clk_IBUF
    BUFGCE_X1Y71         BUFGCE (Prop_BUFCE_BUFGCE_I_O)
                                                      0.024     4.640 r  clk_IBUF_BUFG_inst/O
    X2Y2 (CLOCK_ROOT)    net (fo=185587, routed)      1.508     6.148    u_system/u_replay/g_array.u_array/clk_IBUF_BUFG
    SLICE_X13Y313        FDCE                                         r  u_system/u_replay/g_array.u_array/g_output_pipe.acc_row_reg[227]/C
                         clock pessimism              0.305     6.453    
                         clock uncertainty           -0.085     6.368    
    SLICE_X13Y313        FDCE (Setup_GFF_SLICEM_C_D)
                                                      0.025     6.393    u_system/u_replay/g_array.u_array/g_output_pipe.acc_row_reg[227]
  -------------------------------------------------------------------
                         required time                          6.393    
                         arrival time                          -5.972    
  -------------------------------------------------------------------
                         slack                                  0.421    

Slack (MET) :             0.440ns  (required time - arrival time)
  Source:                 u_system/u_replay/g_array.u_array/drain_row_rep_r_reg[47]_rep__20/C
                            (rising edge-triggered cell FDCE clocked by clk  {rise@0.000ns fall@2.000ns period=4.000ns})
  Destination:            u_system/u_replay/g_array.u_array/g_output_pipe.acc_row_reg[534]/D
                            (rising edge-triggered cell FDCE clocked by clk  {rise@0.000ns fall@2.000ns period=4.000ns})
  Path Group:             clk
  Path Type:              Setup (Max at Slow Process Corner)
  Requirement:            4.000ns  (clk rise@4.000ns - clk rise@0.000ns)
  Data Path Delay:        3.546ns  (logic 0.146ns (4.117%)  route 3.400ns (95.883%))
  Logic Levels:           1  (MUXF8=1)
  Clock Path Skew:        0.046ns (DCD - SCD + CPR)
    Destination Clock Delay (DCD):    2.047ns = ( 6.047 - 4.000 ) 
    Source Clock Delay      (SCD):    2.306ns
    Clock Pessimism Removal (CPR):    0.305ns
  Clock Uncertainty:      0.085ns  ((TSJ^2 + TIJ^2)^1/2 + DJ) / 2 + PE + UU
    Total System Jitter     (TSJ):    0.071ns
    Total Input Jitter      (TIJ):    0.000ns
    Discrete Jitter          (DJ):    0.000ns
    Phase Error              (PE):    0.000ns
    User Uncertainty         (UU):    0.050ns
  Clock Net Delay (Source):      1.377ns (routing 0.171ns, distribution 1.206ns)
  Clock Net Delay (Destination): 1.407ns (routing 0.155ns, distribution 1.252ns)

    Location             Delay type                Incr(ns)  Path(ns)    Netlist Resource(s)
  -------------------------------------------------------------------    -------------------
                         (clock clk rise edge)        0.000     0.000 r  
    AJ20                                              0.000     0.000 r  clk (IN)
                         net (fo=0)                   0.000     0.000    clk_IBUF_inst/I
    AJ20                 INBUF (Prop_INBUF_HPIOB_M_PAD_O)
                                                      0.565     0.565 r  clk_IBUF_inst/INBUF_INST/O
                         net (fo=1, routed)           0.000     0.565    clk_IBUF_inst/OUT
    AJ20                 IBUFCTRL (Prop_IBUFCTRL_HPIOB_M_I_O)
                                                      0.000     0.565 r  clk_IBUF_inst/IBUFCTRL_INST/O
                         net (fo=1, routed)           0.336     0.901    clk_IBUF
    BUFGCE_X1Y71         BUFGCE (Prop_BUFCE_BUFGCE_I_O)
                                                      0.028     0.929 r  clk_IBUF_BUFG_inst/O
    X2Y2 (CLOCK_ROOT)    net (fo=185587, routed)      1.377     2.306    u_system/u_replay/g_array.u_array/clk_IBUF_BUFG
    SLICE_X71Y183        FDCE                                         r  u_system/u_replay/g_array.u_array/drain_row_rep_r_reg[47]_rep__20/C
  -------------------------------------------------------------------    -------------------
    SLICE_X71Y183        FDCE (Prop_AFF_SLICEM_C_Q)
                                                      0.077     2.383 r  u_system/u_replay/g_array.u_array/drain_row_rep_r_reg[47]_rep__20/Q
                         net (fo=96, routed)          3.366     5.749    u_system/u_replay/g_array.u_array/u_array/u_ref/g_row[3].g_col[8].u_pe/g_output_pipe.acc_row_reg[566]
    SLICE_X30Y332        MUXF8 (Prop_F8MUX_BOT_SLICEL_S_O)
                                                      0.069     5.818 r  u_system/u_replay/g_array.u_array/u_array/u_ref/g_row[3].g_col[8].u_pe/g_output_pipe.acc_row_reg[534]_i_1/O
                         net (fo=1, routed)           0.034     5.852    u_system/u_replay/g_array.u_array/acc_row_i[534]
    SLICE_X30Y332        FDCE                                         r  u_system/u_replay/g_array.u_array/g_output_pipe.acc_row_reg[534]/D
  -------------------------------------------------------------------    -------------------

                         (clock clk rise edge)        4.000     4.000 r  
    AJ20                                              0.000     4.000 r  clk (IN)
                         net (fo=0)                   0.000     4.000    clk_IBUF_inst/I
    AJ20                 INBUF (Prop_INBUF_HPIOB_M_PAD_O)
                                                      0.315     4.315 r  clk_IBUF_inst/INBUF_INST/O
                         net (fo=1, routed)           0.000     4.315    clk_IBUF_inst/OUT
    AJ20                 IBUFCTRL (Prop_IBUFCTRL_HPIOB_M_I_O)
                                                      0.000     4.315 r  clk_IBUF_inst/IBUFCTRL_INST/O
                         net (fo=1, routed)           0.301     4.616    clk_IBUF
    BUFGCE_X1Y71         BUFGCE (Prop_BUFCE_BUFGCE_I_O)
                                                      0.024     4.640 r  clk_IBUF_BUFG_inst/O
    X2Y2 (CLOCK_ROOT)    net (fo=185587, routed)      1.407     6.047    u_system/u_replay/g_array.u_array/clk_IBUF_BUFG
    SLICE_X30Y332        FDCE                                         r  u_system/u_replay/g_array.u_array/g_output_pipe.acc_row_reg[534]/C
                         clock pessimism              0.305     6.352    
                         clock uncertainty           -0.085     6.267    
    SLICE_X30Y332        FDCE (Setup_CFF_SLICEL_C_D)
                                                      0.025     6.292    u_system/u_replay/g_array.u_array/g_output_pipe.acc_row_reg[534]
  -------------------------------------------------------------------
                         required time                          6.292    
                         arrival time                          -5.852    
  -------------------------------------------------------------------
                         slack                                  0.440    

Slack (MET) :             0.460ns  (required time - arrival time)
  Source:                 u_system/u_replay/g_array.u_array/drain_row_rep_r_reg[47]_rep__23/C
                            (rising edge-triggered cell FDCE clocked by clk  {rise@0.000ns fall@2.000ns period=4.000ns})
  Destination:            u_system/u_replay/g_array.u_array/g_output_pipe.acc_row_reg[217]/D
                            (rising edge-triggered cell FDCE clocked by clk  {rise@0.000ns fall@2.000ns period=4.000ns})
  Path Group:             clk
  Path Type:              Setup (Max at Slow Process Corner)
  Requirement:            4.000ns  (clk rise@4.000ns - clk rise@0.000ns)
  Data Path Delay:        3.697ns  (logic 0.150ns (4.057%)  route 3.547ns (95.943%))
  Logic Levels:           1  (MUXF8=1)
  Clock Path Skew:        0.217ns (DCD - SCD + CPR)
    Destination Clock Delay (DCD):    2.143ns = ( 6.143 - 4.000 ) 
    Source Clock Delay      (SCD):    2.231ns
    Clock Pessimism Removal (CPR):    0.305ns
  Clock Uncertainty:      0.085ns  ((TSJ^2 + TIJ^2)^1/2 + DJ) / 2 + PE + UU
    Total System Jitter     (TSJ):    0.071ns
    Total Input Jitter      (TIJ):    0.000ns
    Discrete Jitter          (DJ):    0.000ns
    Phase Error              (PE):    0.000ns
    User Uncertainty         (UU):    0.050ns
  Clock Net Delay (Source):      1.302ns (routing 0.171ns, distribution 1.131ns)
  Clock Net Delay (Destination): 1.503ns (routing 0.155ns, distribution 1.348ns)

    Location             Delay type                Incr(ns)  Path(ns)    Netlist Resource(s)
  -------------------------------------------------------------------    -------------------
                         (clock clk rise edge)        0.000     0.000 r  
    AJ20                                              0.000     0.000 r  clk (IN)
                         net (fo=0)                   0.000     0.000    clk_IBUF_inst/I
    AJ20                 INBUF (Prop_INBUF_HPIOB_M_PAD_O)
                                                      0.565     0.565 r  clk_IBUF_inst/INBUF_INST/O
                         net (fo=1, routed)           0.000     0.565    clk_IBUF_inst/OUT
    AJ20                 IBUFCTRL (Prop_IBUFCTRL_HPIOB_M_I_O)
                                                      0.000     0.565 r  clk_IBUF_inst/IBUFCTRL_INST/O
                         net (fo=1, routed)           0.336     0.901    clk_IBUF
    BUFGCE_X1Y71         BUFGCE (Prop_BUFCE_BUFGCE_I_O)
                                                      0.028     0.929 r  clk_IBUF_BUFG_inst/O
    X2Y2 (CLOCK_ROOT)    net (fo=185587, routed)      1.302     2.231    u_system/u_replay/g_array.u_array/clk_IBUF_BUFG
    SLICE_X67Y174        FDCE                                         r  u_system/u_replay/g_array.u_array/drain_row_rep_r_reg[47]_rep__23/C
  -------------------------------------------------------------------    -------------------
    SLICE_X67Y174        FDCE (Prop_EFF_SLICEM_C_Q)
                                                      0.076     2.307 r  u_system/u_replay/g_array.u_array/drain_row_rep_r_reg[47]_rep__23/Q
                         net (fo=96, routed)          3.507     5.814    u_system/u_replay/g_array.u_array/u_array/u_ref/g_row[3].g_col[3].u_pe/g_output_pipe.acc_row_reg[249]
    SLICE_X11Y322        MUXF8 (Prop_F8MUX_TOP_SLICEM_S_O)
                                                      0.074     5.888 r  u_system/u_replay/g_array.u_array/u_array/u_ref/g_row[3].g_col[3].u_pe/g_output_pipe.acc_row_reg[217]_i_1/O
                         net (fo=1, routed)           0.040     5.928    u_system/u_replay/g_array.u_array/acc_row_i[217]
    SLICE_X11Y322        FDCE                                         r  u_system/u_replay/g_array.u_array/g_output_pipe.acc_row_reg[217]/D
  -------------------------------------------------------------------    -------------------

                         (clock clk rise edge)        4.000     4.000 r  
    AJ20                                              0.000     4.000 r  clk (IN)
                         net (fo=0)                   0.000     4.000    clk_IBUF_inst/I
    AJ20                 INBUF (Prop_INBUF_HPIOB_M_PAD_O)
                                                      0.315     4.315 r  clk_IBUF_inst/INBUF_INST/O
                         net (fo=1, routed)           0.000     4.315    clk_IBUF_inst/OUT
    AJ20                 IBUFCTRL (Prop_IBUFCTRL_HPIOB_M_I_O)
                                                      0.000     4.315 r  clk_IBUF_inst/IBUFCTRL_INST/O
                         net (fo=1, routed)           0.301     4.616    clk_IBUF
    BUFGCE_X1Y71         BUFGCE (Prop_BUFCE_BUFGCE_I_O)
                                                      0.024     4.640 r  clk_IBUF_BUFG_inst/O
    X2Y2 (CLOCK_ROOT)    net (fo=185587, routed)      1.503     6.143    u_system/u_replay/g_array.u_array/clk_IBUF_BUFG
    SLICE_X11Y322        FDCE                                         r  u_system/u_replay/g_array.u_array/g_output_pipe.acc_row_reg[217]/C
                         clock pessimism              0.305     6.448    
                         clock uncertainty           -0.085     6.363    
    SLICE_X11Y322        FDCE (Setup_GFF_SLICEM_C_D)
                                                      0.025     6.388    u_system/u_replay/g_array.u_array/g_output_pipe.acc_row_reg[217]
  -------------------------------------------------------------------
                         required time                          6.388    
                         arrival time                          -5.928    
  -------------------------------------------------------------------
                         slack                                  0.460    

Slack (MET) :             0.463ns  (required time - arrival time)
  Source:                 u_system/u_replay/g_array.u_array/drain_row_rep_r_reg[47]_rep__15/C
                            (rising edge-triggered cell FDCE clocked by clk  {rise@0.000ns fall@2.000ns period=4.000ns})
  Destination:            u_system/u_replay/g_array.u_array/g_output_pipe.acc_row_reg[177]/D
                            (rising edge-triggered cell FDCE clocked by clk  {rise@0.000ns fall@2.000ns period=4.000ns})
  Path Group:             clk
  Path Type:              Setup (Max at Slow Process Corner)
  Requirement:            4.000ns  (clk rise@4.000ns - clk rise@0.000ns)
  Data Path Delay:        3.721ns  (logic 0.153ns (4.112%)  route 3.568ns (95.888%))
  Logic Levels:           1  (MUXF8=1)
  Clock Path Skew:        0.244ns (DCD - SCD + CPR)
    Destination Clock Delay (DCD):    2.144ns = ( 6.144 - 4.000 ) 
    Source Clock Delay      (SCD):    2.205ns
    Clock Pessimism Removal (CPR):    0.305ns
  Clock Uncertainty:      0.085ns  ((TSJ^2 + TIJ^2)^1/2 + DJ) / 2 + PE + UU
    Total System Jitter     (TSJ):    0.071ns
    Total Input Jitter      (TIJ):    0.000ns
    Discrete Jitter          (DJ):    0.000ns
    Phase Error              (PE):    0.000ns
    User Uncertainty         (UU):    0.050ns
  Clock Net Delay (Source):      1.276ns (routing 0.171ns, distribution 1.105ns)
  Clock Net Delay (Destination): 1.504ns (routing 0.155ns, distribution 1.349ns)

    Location             Delay type                Incr(ns)  Path(ns)    Netlist Resource(s)
  -------------------------------------------------------------------    -------------------
                         (clock clk rise edge)        0.000     0.000 r  
    AJ20                                              0.000     0.000 r  clk (IN)
                         net (fo=0)                   0.000     0.000    clk_IBUF_inst/I
    AJ20                 INBUF (Prop_INBUF_HPIOB_M_PAD_O)
                                                      0.565     0.565 r  clk_IBUF_inst/INBUF_INST/O
                         net (fo=1, routed)           0.000     0.565    clk_IBUF_inst/OUT
    AJ20                 IBUFCTRL (Prop_IBUFCTRL_HPIOB_M_I_O)
                                                      0.000     0.565 r  clk_IBUF_inst/IBUFCTRL_INST/O
                         net (fo=1, routed)           0.336     0.901    clk_IBUF
    BUFGCE_X1Y71         BUFGCE (Prop_BUFCE_BUFGCE_I_O)
                                                      0.028     0.929 r  clk_IBUF_BUFG_inst/O
    X2Y2 (CLOCK_ROOT)    net (fo=185587, routed)      1.276     2.205    u_system/u_replay/g_array.u_array/clk_IBUF_BUFG
    SLICE_X69Y153        FDCE                                         r  u_system/u_replay/g_array.u_array/drain_row_rep_r_reg[47]_rep__15/C
  -------------------------------------------------------------------    -------------------
    SLICE_X69Y153        FDCE (Prop_EFF_SLICEL_C_Q)
                                                      0.079     2.284 r  u_system/u_replay/g_array.u_array/drain_row_rep_r_reg[47]_rep__15/Q
                         net (fo=96, routed)          3.528     5.812    u_system/u_replay/g_array.u_array/u_array/u_ref/g_row[3].g_col[2].u_pe/g_output_pipe.acc_row_reg[177]
    SLICE_X11Y346        MUXF8 (Prop_F8MUX_TOP_SLICEM_S_O)
                                                      0.074     5.886 r  u_system/u_replay/g_array.u_array/u_array/u_ref/g_row[3].g_col[2].u_pe/g_output_pipe.acc_row_reg[177]_i_1/O
                         net (fo=1, routed)           0.040     5.926    u_system/u_replay/g_array.u_array/acc_row_i[177]
    SLICE_X11Y346        FDCE                                         r  u_system/u_replay/g_array.u_array/g_output_pipe.acc_row_reg[177]/D
  -------------------------------------------------------------------    -------------------

                         (clock clk rise edge)        4.000     4.000 r  
    AJ20                                              0.000     4.000 r  clk (IN)
                         net (fo=0)                   0.000     4.000    clk_IBUF_inst/I
    AJ20                 INBUF (Prop_INBUF_HPIOB_M_PAD_O)
                                                      0.315     4.315 r  clk_IBUF_inst/INBUF_INST/O
                         net (fo=1, routed)           0.000     4.315    clk_IBUF_inst/OUT
    AJ20                 IBUFCTRL (Prop_IBUFCTRL_HPIOB_M_I_O)
                                                      0.000     4.315 r  clk_IBUF_inst/IBUFCTRL_INST/O
                         net (fo=1, routed)           0.301     4.616    clk_IBUF
    BUFGCE_X1Y71         BUFGCE (Prop_BUFCE_BUFGCE_I_O)
                                                      0.024     4.640 r  clk_IBUF_BUFG_inst/O
    X2Y2 (CLOCK_ROOT)    net (fo=185587, routed)      1.504     6.144    u_system/u_replay/g_array.u_array/clk_IBUF_BUFG
    SLICE_X11Y346        FDCE                                         r  u_system/u_replay/g_array.u_array/g_output_pipe.acc_row_reg[177]/C
                         clock pessimism              0.305     6.449    
                         clock uncertainty           -0.085     6.364    
    SLICE_X11Y346        FDCE (Setup_GFF_SLICEM_C_D)
                                                      0.025     6.389    u_system/u_replay/g_array.u_array/g_output_pipe.acc_row_reg[177]
  -------------------------------------------------------------------
                         required time                          6.389    
                         arrival time                          -5.926    
  -------------------------------------------------------------------
                         slack                                  0.463    

Slack (MET) :             0.470ns  (required time - arrival time)
  Source:                 u_system/u_replay/g_array.u_array/drain_row_rep_r_reg[47]_rep__9/C
                            (rising edge-triggered cell FDCE clocked by clk  {rise@0.000ns fall@2.000ns period=4.000ns})
  Destination:            u_system/u_replay/g_array.u_array/g_output_pipe.acc_row_reg[619]/D
                            (rising edge-triggered cell FDCE clocked by clk  {rise@0.000ns fall@2.000ns period=4.000ns})
  Path Group:             clk
  Path Type:              Setup (Max at Slow Process Corner)
  Requirement:            4.000ns  (clk rise@4.000ns - clk rise@0.000ns)
  Data Path Delay:        3.446ns  (logic 0.153ns (4.440%)  route 3.293ns (95.560%))
  Logic Levels:           1  (MUXF8=1)
  Clock Path Skew:        -0.024ns (DCD - SCD + CPR)
    Destination Clock Delay (DCD):    2.033ns = ( 6.033 - 4.000 ) 
    Source Clock Delay      (SCD):    2.362ns
    Clock Pessimism Removal (CPR):    0.305ns
  Clock Uncertainty:      0.085ns  ((TSJ^2 + TIJ^2)^1/2 + DJ) / 2 + PE + UU
    Total System Jitter     (TSJ):    0.071ns
    Total Input Jitter      (TIJ):    0.000ns
    Discrete Jitter          (DJ):    0.000ns
    Phase Error              (PE):    0.000ns
    User Uncertainty         (UU):    0.050ns
  Clock Net Delay (Source):      1.433ns (routing 0.171ns, distribution 1.262ns)
  Clock Net Delay (Destination): 1.393ns (routing 0.155ns, distribution 1.238ns)

    Location             Delay type                Incr(ns)  Path(ns)    Netlist Resource(s)
  -------------------------------------------------------------------    -------------------
                         (clock clk rise edge)        0.000     0.000 r  
    AJ20                                              0.000     0.000 r  clk (IN)
                         net (fo=0)                   0.000     0.000    clk_IBUF_inst/I
    AJ20                 INBUF (Prop_INBUF_HPIOB_M_PAD_O)
                                                      0.565     0.565 r  clk_IBUF_inst/INBUF_INST/O
                         net (fo=1, routed)           0.000     0.565    clk_IBUF_inst/OUT
    AJ20                 IBUFCTRL (Prop_IBUFCTRL_HPIOB_M_I_O)
                                                      0.000     0.565 r  clk_IBUF_inst/IBUFCTRL_INST/O
                         net (fo=1, routed)           0.336     0.901    clk_IBUF
    BUFGCE_X1Y71         BUFGCE (Prop_BUFCE_BUFGCE_I_O)
                                                      0.028     0.929 r  clk_IBUF_BUFG_inst/O
    X2Y2 (CLOCK_ROOT)    net (fo=185587, routed)      1.433     2.362    u_system/u_replay/g_array.u_array/clk_IBUF_BUFG
    SLICE_X65Y219        FDCE                                         r  u_system/u_replay/g_array.u_array/drain_row_rep_r_reg[47]_rep__9/C
  -------------------------------------------------------------------    -------------------
    SLICE_X65Y219        FDCE (Prop_DFF_SLICEL_C_Q)
                                                      0.079     2.441 r  u_system/u_replay/g_array.u_array/drain_row_rep_r_reg[47]_rep__9/Q
                         net (fo=96, routed)          3.253     5.694    u_system/u_replay/g_array.u_array/u_array/u_ref/g_row[3].g_col[9].u_pe/g_output_pipe.acc_row_reg[619]
    SLICE_X39Y288        MUXF8 (Prop_F8MUX_TOP_SLICEM_S_O)
                                                      0.074     5.768 r  u_system/u_replay/g_array.u_array/u_array/u_ref/g_row[3].g_col[9].u_pe/g_output_pipe.acc_row_reg[619]_i_1/O
                         net (fo=1, routed)           0.040     5.808    u_system/u_replay/g_array.u_array/acc_row_i[619]
    SLICE_X39Y288        FDCE                                         r  u_system/u_replay/g_array.u_array/g_output_pipe.acc_row_reg[619]/D
  -------------------------------------------------------------------    -------------------

                         (clock clk rise edge)        4.000     4.000 r  
    AJ20                                              0.000     4.000 r  clk (IN)
                         net (fo=0)                   0.000     4.000    clk_IBUF_inst/I
    AJ20                 INBUF (Prop_INBUF_HPIOB_M_PAD_O)
                                                      0.315     4.315 r  clk_IBUF_inst/INBUF_INST/O
                         net (fo=1, routed)           0.000     4.315    clk_IBUF_inst/OUT
    AJ20                 IBUFCTRL (Prop_IBUFCTRL_HPIOB_M_I_O)
                                                      0.000     4.315 r  clk_IBUF_inst/IBUFCTRL_INST/O
                         net (fo=1, routed)           0.301     4.616    clk_IBUF
    BUFGCE_X1Y71         BUFGCE (Prop_BUFCE_BUFGCE_I_O)
                                                      0.024     4.640 r  clk_IBUF_BUFG_inst/O
    X2Y2 (CLOCK_ROOT)    net (fo=185587, routed)      1.393     6.033    u_system/u_replay/g_array.u_array/clk_IBUF_BUFG
    SLICE_X39Y288        FDCE                                         r  u_system/u_replay/g_array.u_array/g_output_pipe.acc_row_reg[619]/C
                         clock pessimism              0.305     6.338    
                         clock uncertainty           -0.085     6.253    
    SLICE_X39Y288        FDCE (Setup_GFF_SLICEM_C_D)
                                                      0.025     6.278    u_system/u_replay/g_array.u_array/g_output_pipe.acc_row_reg[619]
  -------------------------------------------------------------------
                         required time                          6.278    
                         arrival time                          -5.808    
  -------------------------------------------------------------------
                         slack                                  0.470    

Slack (MET) :             0.471ns  (required time - arrival time)
  Source:                 u_system/u_replay/g_array.u_array/drain_row_rep_r_reg[47]_rep__7/C
                            (rising edge-triggered cell FDCE clocked by clk  {rise@0.000ns fall@2.000ns period=4.000ns})
  Destination:            u_system/u_replay/g_array.u_array/g_output_pipe.acc_row_reg[2473]/D
                            (rising edge-triggered cell FDCE clocked by clk  {rise@0.000ns fall@2.000ns period=4.000ns})
  Path Group:             clk
  Path Type:              Setup (Max at Slow Process Corner)
  Requirement:            4.000ns  (clk rise@4.000ns - clk rise@0.000ns)
  Data Path Delay:        3.399ns  (logic 0.148ns (4.354%)  route 3.251ns (95.646%))
  Logic Levels:           1  (MUXF8=1)
  Clock Path Skew:        -0.070ns (DCD - SCD + CPR)
    Destination Clock Delay (DCD):    1.846ns = ( 5.846 - 4.000 ) 
    Source Clock Delay      (SCD):    2.221ns
    Clock Pessimism Removal (CPR):    0.305ns
  Clock Uncertainty:      0.085ns  ((TSJ^2 + TIJ^2)^1/2 + DJ) / 2 + PE + UU
    Total System Jitter     (TSJ):    0.071ns
    Total Input Jitter      (TIJ):    0.000ns
    Discrete Jitter          (DJ):    0.000ns
    Phase Error              (PE):    0.000ns
    User Uncertainty         (UU):    0.050ns
  Clock Net Delay (Source):      1.292ns (routing 0.171ns, distribution 1.121ns)
  Clock Net Delay (Destination): 1.206ns (routing 0.155ns, distribution 1.051ns)

    Location             Delay type                Incr(ns)  Path(ns)    Netlist Resource(s)
  -------------------------------------------------------------------    -------------------
                         (clock clk rise edge)        0.000     0.000 r  
    AJ20                                              0.000     0.000 r  clk (IN)
                         net (fo=0)                   0.000     0.000    clk_IBUF_inst/I
    AJ20                 INBUF (Prop_INBUF_HPIOB_M_PAD_O)
                                                      0.565     0.565 r  clk_IBUF_inst/INBUF_INST/O
                         net (fo=1, routed)           0.000     0.565    clk_IBUF_inst/OUT
    AJ20                 IBUFCTRL (Prop_IBUFCTRL_HPIOB_M_I_O)
                                                      0.000     0.565 r  clk_IBUF_inst/IBUFCTRL_INST/O
                         net (fo=1, routed)           0.336     0.901    clk_IBUF
    BUFGCE_X1Y71         BUFGCE (Prop_BUFCE_BUFGCE_I_O)
                                                      0.028     0.929 r  clk_IBUF_BUFG_inst/O
    X2Y2 (CLOCK_ROOT)    net (fo=185587, routed)      1.292     2.221    u_system/u_replay/g_array.u_array/clk_IBUF_BUFG
    SLICE_X68Y159        FDCE                                         r  u_system/u_replay/g_array.u_array/drain_row_rep_r_reg[47]_rep__7/C
  -------------------------------------------------------------------    -------------------
    SLICE_X68Y159        FDCE (Prop_HFF_SLICEL_C_Q)
                                                      0.079     2.300 r  u_system/u_replay/g_array.u_array/drain_row_rep_r_reg[47]_rep__7/Q
                         net (fo=96, routed)          3.217     5.517    u_system/u_replay/g_array.u_array/u_array/u_ref/g_row[3].g_col[38].u_pe/g_output_pipe.acc_row_reg[2473]
    SLICE_X82Y337        MUXF8 (Prop_F8MUX_TOP_SLICEL_S_O)
                                                      0.069     5.586 r  u_system/u_replay/g_array.u_array/u_array/u_ref/g_row[3].g_col[38].u_pe/g_output_pipe.acc_row_reg[2473]_i_1/O
                         net (fo=1, routed)           0.034     5.620    u_system/u_replay/g_array.u_array/acc_row_i[2473]
    SLICE_X82Y337        FDCE                                         r  u_system/u_replay/g_array.u_array/g_output_pipe.acc_row_reg[2473]/D
  -------------------------------------------------------------------    -------------------

                         (clock clk rise edge)        4.000     4.000 r  
    AJ20                                              0.000     4.000 r  clk (IN)
                         net (fo=0)                   0.000     4.000    clk_IBUF_inst/I
    AJ20                 INBUF (Prop_INBUF_HPIOB_M_PAD_O)
                                                      0.315     4.315 r  clk_IBUF_inst/INBUF_INST/O
                         net (fo=1, routed)           0.000     4.315    clk_IBUF_inst/OUT
    AJ20                 IBUFCTRL (Prop_IBUFCTRL_HPIOB_M_I_O)
                                                      0.000     4.315 r  clk_IBUF_inst/IBUFCTRL_INST/O
                         net (fo=1, routed)           0.301     4.616    clk_IBUF
    BUFGCE_X1Y71         BUFGCE (Prop_BUFCE_BUFGCE_I_O)
                                                      0.024     4.640 r  clk_IBUF_BUFG_inst/O
    X2Y2 (CLOCK_ROOT)    net (fo=185587, routed)      1.206     5.846    u_system/u_replay/g_array.u_array/clk_IBUF_BUFG
    SLICE_X82Y337        FDCE                                         r  u_system/u_replay/g_array.u_array/g_output_pipe.acc_row_reg[2473]/C
                         clock pessimism              0.305     6.151    
                         clock uncertainty           -0.085     6.066    
    SLICE_X82Y337        FDCE (Setup_GFF_SLICEL_C_D)
                                                      0.025     6.091    u_system/u_replay/g_array.u_array/g_output_pipe.acc_row_reg[2473]
  -------------------------------------------------------------------
                         required time                          6.091    
                         arrival time                          -5.620    
  -------------------------------------------------------------------
                         slack                                  0.471    

Slack (MET) :             0.473ns  (required time - arrival time)
  Source:                 u_system/u_replay/g_array.u_array/drain_row_rep_r_reg[47]_rep__21/C
                            (rising edge-triggered cell FDCE clocked by clk  {rise@0.000ns fall@2.000ns period=4.000ns})
  Destination:            u_system/u_replay/g_array.u_array/g_output_pipe.acc_row_reg[2423]/D
                            (rising edge-triggered cell FDCE clocked by clk  {rise@0.000ns fall@2.000ns period=4.000ns})
  Path Group:             clk
  Path Type:              Setup (Max at Slow Process Corner)
  Requirement:            4.000ns  (clk rise@4.000ns - clk rise@0.000ns)
  Data Path Delay:        3.383ns  (logic 0.148ns (4.375%)  route 3.235ns (95.625%))
  Logic Levels:           1  (MUXF8=1)
  Clock Path Skew:        -0.084ns (DCD - SCD + CPR)
    Destination Clock Delay (DCD):    1.794ns = ( 5.794 - 4.000 ) 
    Source Clock Delay      (SCD):    2.183ns
    Clock Pessimism Removal (CPR):    0.305ns
  Clock Uncertainty:      0.085ns  ((TSJ^2 + TIJ^2)^1/2 + DJ) / 2 + PE + UU
    Total System Jitter     (TSJ):    0.071ns
    Total Input Jitter      (TIJ):    0.000ns
    Discrete Jitter          (DJ):    0.000ns
    Phase Error              (PE):    0.000ns
    User Uncertainty         (UU):    0.050ns
  Clock Net Delay (Source):      1.254ns (routing 0.171ns, distribution 1.083ns)
  Clock Net Delay (Destination): 1.154ns (routing 0.155ns, distribution 0.999ns)

    Location             Delay type                Incr(ns)  Path(ns)    Netlist Resource(s)
  -------------------------------------------------------------------    -------------------
                         (clock clk rise edge)        0.000     0.000 r  
    AJ20                                              0.000     0.000 r  clk (IN)
                         net (fo=0)                   0.000     0.000    clk_IBUF_inst/I
    AJ20                 INBUF (Prop_INBUF_HPIOB_M_PAD_O)
                                                      0.565     0.565 r  clk_IBUF_inst/INBUF_INST/O
                         net (fo=1, routed)           0.000     0.565    clk_IBUF_inst/OUT
    AJ20                 IBUFCTRL (Prop_IBUFCTRL_HPIOB_M_I_O)
                                                      0.000     0.565 r  clk_IBUF_inst/IBUFCTRL_INST/O
                         net (fo=1, routed)           0.336     0.901    clk_IBUF
    BUFGCE_X1Y71         BUFGCE (Prop_BUFCE_BUFGCE_I_O)
                                                      0.028     0.929 r  clk_IBUF_BUFG_inst/O
    X2Y2 (CLOCK_ROOT)    net (fo=185587, routed)      1.254     2.183    u_system/u_replay/g_array.u_array/clk_IBUF_BUFG
    SLICE_X66Y151        FDCE                                         r  u_system/u_replay/g_array.u_array/drain_row_rep_r_reg[47]_rep__21/C
  -------------------------------------------------------------------    -------------------
    SLICE_X66Y151        FDCE (Prop_HFF_SLICEL_C_Q)
                                                      0.079     2.262 r  u_system/u_replay/g_array.u_array/drain_row_rep_r_reg[47]_rep__21/Q
                         net (fo=96, routed)          3.201     5.463    u_system/u_replay/g_array.u_array/u_array/u_ref/g_row[3].g_col[37].u_pe/g_output_pipe.acc_row_reg[2423]
    SLICE_X66Y325        MUXF8 (Prop_F8MUX_BOT_SLICEL_S_O)
                                                      0.069     5.532 r  u_system/u_replay/g_array.u_array/u_array/u_ref/g_row[3].g_col[37].u_pe/g_output_pipe.acc_row_reg[2423]_i_1/O
                         net (fo=1, routed)           0.034     5.566    u_system/u_replay/g_array.u_array/acc_row_i[2423]
    SLICE_X66Y325        FDCE                                         r  u_system/u_replay/g_array.u_array/g_output_pipe.acc_row_reg[2423]/D
  -------------------------------------------------------------------    -------------------

                         (clock clk rise edge)        4.000     4.000 r  
    AJ20                                              0.000     4.000 r  clk (IN)
                         net (fo=0)                   0.000     4.000    clk_IBUF_inst/I
    AJ20                 INBUF (Prop_INBUF_HPIOB_M_PAD_O)
                                                      0.315     4.315 r  clk_IBUF_inst/INBUF_INST/O
                         net (fo=1, routed)           0.000     4.315    clk_IBUF_inst/OUT
    AJ20                 IBUFCTRL (Prop_IBUFCTRL_HPIOB_M_I_O)
                                                      0.000     4.315 r  clk_IBUF_inst/IBUFCTRL_INST/O
                         net (fo=1, routed)           0.301     4.616    clk_IBUF
    BUFGCE_X1Y71         BUFGCE (Prop_BUFCE_BUFGCE_I_O)
                                                      0.024     4.640 r  clk_IBUF_BUFG_inst/O
    X2Y2 (CLOCK_ROOT)    net (fo=185587, routed)      1.154     5.794    u_system/u_replay/g_array.u_array/clk_IBUF_BUFG
    SLICE_X66Y325        FDCE                                         r  u_system/u_replay/g_array.u_array/g_output_pipe.acc_row_reg[2423]/C
                         clock pessimism              0.305     6.099    
                         clock uncertainty           -0.085     6.014    
    SLICE_X66Y325        FDCE (Setup_CFF_SLICEL_C_D)
                                                      0.025     6.039    u_system/u_replay/g_array.u_array/g_output_pipe.acc_row_reg[2423]
  -------------------------------------------------------------------
                         required time                          6.039    
                         arrival time                          -5.566    
  -------------------------------------------------------------------
                         slack                                  0.473    

Slack (MET) :             0.475ns  (required time - arrival time)
  Source:                 u_system/u_replay/g_array.u_array/drain_row_rep_r_reg[47]_rep__1/C
                            (rising edge-triggered cell FDCE clocked by clk  {rise@0.000ns fall@2.000ns period=4.000ns})
  Destination:            u_system/u_replay/g_array.u_array/g_output_pipe.acc_row_reg[163]/D
                            (rising edge-triggered cell FDCE clocked by clk  {rise@0.000ns fall@2.000ns period=4.000ns})
  Path Group:             clk
  Path Type:              Setup (Max at Slow Process Corner)
  Requirement:            4.000ns  (clk rise@4.000ns - clk rise@0.000ns)
  Data Path Delay:        3.693ns  (logic 0.153ns (4.143%)  route 3.540ns (95.857%))
  Logic Levels:           1  (MUXF8=1)
  Clock Path Skew:        0.228ns (DCD - SCD + CPR)
    Destination Clock Delay (DCD):    2.133ns = ( 6.133 - 4.000 ) 
    Source Clock Delay      (SCD):    2.210ns
    Clock Pessimism Removal (CPR):    0.305ns
  Clock Uncertainty:      0.085ns  ((TSJ^2 + TIJ^2)^1/2 + DJ) / 2 + PE + UU
    Total System Jitter     (TSJ):    0.071ns
    Total Input Jitter      (TIJ):    0.000ns
    Discrete Jitter          (DJ):    0.000ns
    Phase Error              (PE):    0.000ns
    User Uncertainty         (UU):    0.050ns
  Clock Net Delay (Source):      1.281ns (routing 0.171ns, distribution 1.110ns)
  Clock Net Delay (Destination): 1.493ns (routing 0.155ns, distribution 1.338ns)

    Location             Delay type                Incr(ns)  Path(ns)    Netlist Resource(s)
  -------------------------------------------------------------------    -------------------
                         (clock clk rise edge)        0.000     0.000 r  
    AJ20                                              0.000     0.000 r  clk (IN)
                         net (fo=0)                   0.000     0.000    clk_IBUF_inst/I
    AJ20                 INBUF (Prop_INBUF_HPIOB_M_PAD_O)
                                                      0.565     0.565 r  clk_IBUF_inst/INBUF_INST/O
                         net (fo=1, routed)           0.000     0.565    clk_IBUF_inst/OUT
    AJ20                 IBUFCTRL (Prop_IBUFCTRL_HPIOB_M_I_O)
                                                      0.000     0.565 r  clk_IBUF_inst/IBUFCTRL_INST/O
                         net (fo=1, routed)           0.336     0.901    clk_IBUF
    BUFGCE_X1Y71         BUFGCE (Prop_BUFCE_BUFGCE_I_O)
                                                      0.028     0.929 r  clk_IBUF_BUFG_inst/O
    X2Y2 (CLOCK_ROOT)    net (fo=185587, routed)      1.281     2.210    u_system/u_replay/g_array.u_array/clk_IBUF_BUFG
    SLICE_X68Y151        FDCE                                         r  u_system/u_replay/g_array.u_array/drain_row_rep_r_reg[47]_rep__1/C
  -------------------------------------------------------------------    -------------------
    SLICE_X68Y151        FDCE (Prop_EFF_SLICEL_C_Q)
                                                      0.079     2.289 r  u_system/u_replay/g_array.u_array/drain_row_rep_r_reg[47]_rep__1/Q
                         net (fo=96, routed)          3.500     5.789    u_system/u_replay/g_array.u_array/u_array/u_ref/g_row[3].g_col[2].u_pe/g_output_pipe.acc_row_reg[163]
    SLICE_X9Y333         MUXF8 (Prop_F8MUX_TOP_SLICEM_S_O)
                                                      0.074     5.863 r  u_system/u_replay/g_array.u_array/u_array/u_ref/g_row[3].g_col[2].u_pe/g_output_pipe.acc_row_reg[163]_i_1/O
                         net (fo=1, routed)           0.040     5.903    u_system/u_replay/g_array.u_array/acc_row_i[163]
    SLICE_X9Y333         FDCE                                         r  u_system/u_replay/g_array.u_array/g_output_pipe.acc_row_reg[163]/D
  -------------------------------------------------------------------    -------------------

                         (clock clk rise edge)        4.000     4.000 r  
    AJ20                                              0.000     4.000 r  clk (IN)
                         net (fo=0)                   0.000     4.000    clk_IBUF_inst/I
    AJ20                 INBUF (Prop_INBUF_HPIOB_M_PAD_O)
                                                      0.315     4.315 r  clk_IBUF_inst/INBUF_INST/O
                         net (fo=1, routed)           0.000     4.315    clk_IBUF_inst/OUT
    AJ20                 IBUFCTRL (Prop_IBUFCTRL_HPIOB_M_I_O)
                                                      0.000     4.315 r  clk_IBUF_inst/IBUFCTRL_INST/O
                         net (fo=1, routed)           0.301     4.616    clk_IBUF
    BUFGCE_X1Y71         BUFGCE (Prop_BUFCE_BUFGCE_I_O)
                                                      0.024     4.640 r  clk_IBUF_BUFG_inst/O
    X2Y2 (CLOCK_ROOT)    net (fo=185587, routed)      1.493     6.133    u_system/u_replay/g_array.u_array/clk_IBUF_BUFG
    SLICE_X9Y333         FDCE                                         r  u_system/u_replay/g_array.u_array/g_output_pipe.acc_row_reg[163]/C
                         clock pessimism              0.305     6.438    
                         clock uncertainty           -0.085     6.353    
    SLICE_X9Y333         FDCE (Setup_GFF_SLICEM_C_D)
                                                      0.025     6.378    u_system/u_replay/g_array.u_array/g_output_pipe.acc_row_reg[163]
  -------------------------------------------------------------------
                         required time                          6.378    
                         arrival time                          -5.903    
  -------------------------------------------------------------------
                         slack                                  0.475    

Slack (MET) :             0.475ns  (required time - arrival time)
  Source:                 u_system/u_replay/g_array.u_array/drain_row_rep_r_reg[47]_rep__23/C
                            (rising edge-triggered cell FDCE clocked by clk  {rise@0.000ns fall@2.000ns period=4.000ns})
  Destination:            u_system/u_replay/g_array.u_array/g_output_pipe.acc_row_reg[505]/D
                            (rising edge-triggered cell FDCE clocked by clk  {rise@0.000ns fall@2.000ns period=4.000ns})
  Path Group:             clk
  Path Type:              Setup (Max at Slow Process Corner)
  Requirement:            4.000ns  (clk rise@4.000ns - clk rise@0.000ns)
  Data Path Delay:        3.631ns  (logic 0.145ns (3.993%)  route 3.486ns (96.007%))
  Logic Levels:           1  (MUXF8=1)
  Clock Path Skew:        0.166ns (DCD - SCD + CPR)
    Destination Clock Delay (DCD):    2.092ns = ( 6.092 - 4.000 ) 
    Source Clock Delay      (SCD):    2.231ns
    Clock Pessimism Removal (CPR):    0.305ns
  Clock Uncertainty:      0.085ns  ((TSJ^2 + TIJ^2)^1/2 + DJ) / 2 + PE + UU
    Total System Jitter     (TSJ):    0.071ns
    Total Input Jitter      (TIJ):    0.000ns
    Discrete Jitter          (DJ):    0.000ns
    Phase Error              (PE):    0.000ns
    User Uncertainty         (UU):    0.050ns
  Clock Net Delay (Source):      1.302ns (routing 0.171ns, distribution 1.131ns)
  Clock Net Delay (Destination): 1.452ns (routing 0.155ns, distribution 1.297ns)

    Location             Delay type                Incr(ns)  Path(ns)    Netlist Resource(s)
  -------------------------------------------------------------------    -------------------
                         (clock clk rise edge)        0.000     0.000 r  
    AJ20                                              0.000     0.000 r  clk (IN)
                         net (fo=0)                   0.000     0.000    clk_IBUF_inst/I
    AJ20                 INBUF (Prop_INBUF_HPIOB_M_PAD_O)
                                                      0.565     0.565 r  clk_IBUF_inst/INBUF_INST/O
                         net (fo=1, routed)           0.000     0.565    clk_IBUF_inst/OUT
    AJ20                 IBUFCTRL (Prop_IBUFCTRL_HPIOB_M_I_O)
                                                      0.000     0.565 r  clk_IBUF_inst/IBUFCTRL_INST/O
                         net (fo=1, routed)           0.336     0.901    clk_IBUF
    BUFGCE_X1Y71         BUFGCE (Prop_BUFCE_BUFGCE_I_O)
                                                      0.028     0.929 r  clk_IBUF_BUFG_inst/O
    X2Y2 (CLOCK_ROOT)    net (fo=185587, routed)      1.302     2.231    u_system/u_replay/g_array.u_array/clk_IBUF_BUFG
    SLICE_X67Y174        FDCE                                         r  u_system/u_replay/g_array.u_array/drain_row_rep_r_reg[47]_rep__23/C
  -------------------------------------------------------------------    -------------------
    SLICE_X67Y174        FDCE (Prop_EFF_SLICEM_C_Q)
                                                      0.076     2.307 r  u_system/u_replay/g_array.u_array/drain_row_rep_r_reg[47]_rep__23/Q
                         net (fo=96, routed)          3.452     5.759    u_system/u_replay/g_array.u_array/u_array/u_ref/g_row[3].g_col[7].u_pe/g_output_pipe.acc_row_reg[505]
    SLICE_X22Y353        MUXF8 (Prop_F8MUX_BOT_SLICEL_S_O)
                                                      0.069     5.828 r  u_system/u_replay/g_array.u_array/u_array/u_ref/g_row[3].g_col[7].u_pe/g_output_pipe.acc_row_reg[505]_i_1/O
                         net (fo=1, routed)           0.034     5.862    u_system/u_replay/g_array.u_array/acc_row_i[505]
    SLICE_X22Y353        FDCE                                         r  u_system/u_replay/g_array.u_array/g_output_pipe.acc_row_reg[505]/D
  -------------------------------------------------------------------    -------------------

                         (clock clk rise edge)        4.000     4.000 r  
    AJ20                                              0.000     4.000 r  clk (IN)
                         net (fo=0)                   0.000     4.000    clk_IBUF_inst/I
    AJ20                 INBUF (Prop_INBUF_HPIOB_M_PAD_O)
                                                      0.315     4.315 r  clk_IBUF_inst/INBUF_INST/O
                         net (fo=1, routed)           0.000     4.315    clk_IBUF_inst/OUT
    AJ20                 IBUFCTRL (Prop_IBUFCTRL_HPIOB_M_I_O)
                                                      0.000     4.315 r  clk_IBUF_inst/IBUFCTRL_INST/O
                         net (fo=1, routed)           0.301     4.616    clk_IBUF
    BUFGCE_X1Y71         BUFGCE (Prop_BUFCE_BUFGCE_I_O)
                                                      0.024     4.640 r  clk_IBUF_BUFG_inst/O
    X2Y2 (CLOCK_ROOT)    net (fo=185587, routed)      1.452     6.092    u_system/u_replay/g_array.u_array/clk_IBUF_BUFG
    SLICE_X22Y353        FDCE                                         r  u_system/u_replay/g_array.u_array/g_output_pipe.acc_row_reg[505]/C
                         clock pessimism              0.305     6.397    
                         clock uncertainty           -0.085     6.312    
    SLICE_X22Y353        FDCE (Setup_CFF_SLICEL_C_D)
                                                      0.025     6.337    u_system/u_replay/g_array.u_array/g_output_pipe.acc_row_reg[505]
  -------------------------------------------------------------------
                         required time                          6.337    
                         arrival time                          -5.862    
  -------------------------------------------------------------------
                         slack                                  0.475    

Slack (MET) :             0.476ns  (required time - arrival time)
  Source:                 u_system/u_replay/g_array.u_array/drain_row_rep_r_reg[47]_rep__5/C
                            (rising edge-triggered cell FDCE clocked by clk  {rise@0.000ns fall@2.000ns period=4.000ns})
  Destination:            u_system/u_replay/g_array.u_array/g_output_pipe.acc_row_reg[71]/D
                            (rising edge-triggered cell FDCE clocked by clk  {rise@0.000ns fall@2.000ns period=4.000ns})
  Path Group:             clk
  Path Type:              Setup (Max at Slow Process Corner)
  Requirement:            4.000ns  (clk rise@4.000ns - clk rise@0.000ns)
  Data Path Delay:        3.586ns  (logic 0.150ns (4.183%)  route 3.436ns (95.817%))
  Logic Levels:           1  (MUXF8=1)
  Clock Path Skew:        0.122ns (DCD - SCD + CPR)
    Destination Clock Delay (DCD):    2.049ns = ( 6.049 - 4.000 ) 
    Source Clock Delay      (SCD):    2.232ns
    Clock Pessimism Removal (CPR):    0.305ns
  Clock Uncertainty:      0.085ns  ((TSJ^2 + TIJ^2)^1/2 + DJ) / 2 + PE + UU
    Total System Jitter     (TSJ):    0.071ns
    Total Input Jitter      (TIJ):    0.000ns
    Discrete Jitter          (DJ):    0.000ns
    Phase Error              (PE):    0.000ns
    User Uncertainty         (UU):    0.050ns
  Clock Net Delay (Source):      1.303ns (routing 0.171ns, distribution 1.132ns)
  Clock Net Delay (Destination): 1.409ns (routing 0.155ns, distribution 1.254ns)

    Location             Delay type                Incr(ns)  Path(ns)    Netlist Resource(s)
  -------------------------------------------------------------------    -------------------
                         (clock clk rise edge)        0.000     0.000 r  
    AJ20                                              0.000     0.000 r  clk (IN)
                         net (fo=0)                   0.000     0.000    clk_IBUF_inst/I
    AJ20                 INBUF (Prop_INBUF_HPIOB_M_PAD_O)
                                                      0.565     0.565 r  clk_IBUF_inst/INBUF_INST/O
                         net (fo=1, routed)           0.000     0.565    clk_IBUF_inst/OUT
    AJ20                 IBUFCTRL (Prop_IBUFCTRL_HPIOB_M_I_O)
                                                      0.000     0.565 r  clk_IBUF_inst/IBUFCTRL_INST/O
                         net (fo=1, routed)           0.336     0.901    clk_IBUF
    BUFGCE_X1Y71         BUFGCE (Prop_BUFCE_BUFGCE_I_O)
                                                      0.028     0.929 r  clk_IBUF_BUFG_inst/O
    X2Y2 (CLOCK_ROOT)    net (fo=185587, routed)      1.303     2.232    u_system/u_replay/g_array.u_array/clk_IBUF_BUFG
    SLICE_X68Y179        FDCE                                         r  u_system/u_replay/g_array.u_array/drain_row_rep_r_reg[47]_rep__5/C
  -------------------------------------------------------------------    -------------------
    SLICE_X68Y179        FDCE (Prop_EFF2_SLICEL_C_Q)
                                                      0.081     2.313 r  u_system/u_replay/g_array.u_array/drain_row_rep_r_reg[47]_rep__5/Q
                         net (fo=96, routed)          3.402     5.715    u_system/u_replay/g_array.u_array/u_array/u_ref/g_row[3].g_col[1].u_pe/g_output_pipe.acc_row_reg[103]
    SLICE_X34Y347        MUXF8 (Prop_F8MUX_BOT_SLICEL_S_O)
                                                      0.069     5.784 r  u_system/u_replay/g_array.u_array/u_array/u_ref/g_row[3].g_col[1].u_pe/g_output_pipe.acc_row_reg[71]_i_1/O
                         net (fo=1, routed)           0.034     5.818    u_system/u_replay/g_array.u_array/acc_row_i[71]
    SLICE_X34Y347        FDCE                                         r  u_system/u_replay/g_array.u_array/g_output_pipe.acc_row_reg[71]/D
  -------------------------------------------------------------------    -------------------

                         (clock clk rise edge)        4.000     4.000 r  
    AJ20                                              0.000     4.000 r  clk (IN)
                         net (fo=0)                   0.000     4.000    clk_IBUF_inst/I
    AJ20                 INBUF (Prop_INBUF_HPIOB_M_PAD_O)
                                                      0.315     4.315 r  clk_IBUF_inst/INBUF_INST/O
                         net (fo=1, routed)           0.000     4.315    clk_IBUF_inst/OUT
    AJ20                 IBUFCTRL (Prop_IBUFCTRL_HPIOB_M_I_O)
                                                      0.000     4.315 r  clk_IBUF_inst/IBUFCTRL_INST/O
                         net (fo=1, routed)           0.301     4.616    clk_IBUF
    BUFGCE_X1Y71         BUFGCE (Prop_BUFCE_BUFGCE_I_O)
                                                      0.024     4.640 r  clk_IBUF_BUFG_inst/O
    X2Y2 (CLOCK_ROOT)    net (fo=185587, routed)      1.409     6.049    u_system/u_replay/g_array.u_array/clk_IBUF_BUFG
    SLICE_X34Y347        FDCE                                         r  u_system/u_replay/g_array.u_array/g_output_pipe.acc_row_reg[71]/C
                         clock pessimism              0.305     6.354    
                         clock uncertainty           -0.085     6.269    
    SLICE_X34Y347        FDCE (Setup_CFF_SLICEL_C_D)
                                                      0.025     6.294    u_system/u_replay/g_array.u_array/g_output_pipe.acc_row_reg[71]
  -------------------------------------------------------------------
                         required time                          6.294    
                         arrival time                          -5.818    
  -------------------------------------------------------------------
                         slack                                  0.476    

Slack (MET) :             0.485ns  (required time - arrival time)
  Source:                 u_system/u_replay/g_array.u_array/drain_row_rep_r_reg[47]_rep__20/C
                            (rising edge-triggered cell FDCE clocked by clk  {rise@0.000ns fall@2.000ns period=4.000ns})
  Destination:            u_system/u_replay/g_array.u_array/g_output_pipe.acc_row_reg[182]/D
                            (rising edge-triggered cell FDCE clocked by clk  {rise@0.000ns fall@2.000ns period=4.000ns})
  Path Group:             clk
  Path Type:              Setup (Max at Slow Process Corner)
  Requirement:            4.000ns  (clk rise@4.000ns - clk rise@0.000ns)
  Data Path Delay:        3.587ns  (logic 0.146ns (4.070%)  route 3.441ns (95.930%))
  Logic Levels:           1  (MUXF8=1)
  Clock Path Skew:        0.132ns (DCD - SCD + CPR)
    Destination Clock Delay (DCD):    2.133ns = ( 6.133 - 4.000 ) 
    Source Clock Delay      (SCD):    2.306ns
    Clock Pessimism Removal (CPR):    0.305ns
  Clock Uncertainty:      0.085ns  ((TSJ^2 + TIJ^2)^1/2 + DJ) / 2 + PE + UU
    Total System Jitter     (TSJ):    0.071ns
    Total Input Jitter      (TIJ):    0.000ns
    Discrete Jitter          (DJ):    0.000ns
    Phase Error              (PE):    0.000ns
    User Uncertainty         (UU):    0.050ns
  Clock Net Delay (Source):      1.377ns (routing 0.171ns, distribution 1.206ns)
  Clock Net Delay (Destination): 1.493ns (routing 0.155ns, distribution 1.338ns)

    Location             Delay type                Incr(ns)  Path(ns)    Netlist Resource(s)
  -------------------------------------------------------------------    -------------------
                         (clock clk rise edge)        0.000     0.000 r  
    AJ20                                              0.000     0.000 r  clk (IN)
                         net (fo=0)                   0.000     0.000    clk_IBUF_inst/I
    AJ20                 INBUF (Prop_INBUF_HPIOB_M_PAD_O)
                                                      0.565     0.565 r  clk_IBUF_inst/INBUF_INST/O
                         net (fo=1, routed)           0.000     0.565    clk_IBUF_inst/OUT
    AJ20                 IBUFCTRL (Prop_IBUFCTRL_HPIOB_M_I_O)
                                                      0.000     0.565 r  clk_IBUF_inst/IBUFCTRL_INST/O
                         net (fo=1, routed)           0.336     0.901    clk_IBUF
    BUFGCE_X1Y71         BUFGCE (Prop_BUFCE_BUFGCE_I_O)
                                                      0.028     0.929 r  clk_IBUF_BUFG_inst/O
    X2Y2 (CLOCK_ROOT)    net (fo=185587, routed)      1.377     2.306    u_system/u_replay/g_array.u_array/clk_IBUF_BUFG
    SLICE_X71Y183        FDCE                                         r  u_system/u_replay/g_array.u_array/drain_row_rep_r_reg[47]_rep__20/C
  -------------------------------------------------------------------    -------------------
    SLICE_X71Y183        FDCE (Prop_AFF_SLICEM_C_Q)
                                                      0.077     2.383 r  u_system/u_replay/g_array.u_array/drain_row_rep_r_reg[47]_rep__20/Q
                         net (fo=96, routed)          3.407     5.790    u_system/u_replay/g_array.u_array/u_array/u_ref/g_row[3].g_col[2].u_pe/g_output_pipe.acc_row_reg[182]
    SLICE_X16Y345        MUXF8 (Prop_F8MUX_BOT_SLICEL_S_O)
                                                      0.069     5.859 r  u_system/u_replay/g_array.u_array/u_array/u_ref/g_row[3].g_col[2].u_pe/g_output_pipe.acc_row_reg[182]_i_1/O
                         net (fo=1, routed)           0.034     5.893    u_system/u_replay/g_array.u_array/acc_row_i[182]
    SLICE_X16Y345        FDCE                                         r  u_system/u_replay/g_array.u_array/g_output_pipe.acc_row_reg[182]/D
  -------------------------------------------------------------------    -------------------

                         (clock clk rise edge)        4.000     4.000 r  
    AJ20                                              0.000     4.000 r  clk (IN)
                         net (fo=0)                   0.000     4.000    clk_IBUF_inst/I
    AJ20                 INBUF (Prop_INBUF_HPIOB_M_PAD_O)
                                                      0.315     4.315 r  clk_IBUF_inst/INBUF_INST/O
                         net (fo=1, routed)           0.000     4.315    clk_IBUF_inst/OUT
    AJ20                 IBUFCTRL (Prop_IBUFCTRL_HPIOB_M_I_O)
                                                      0.000     4.315 r  clk_IBUF_inst/IBUFCTRL_INST/O
                         net (fo=1, routed)           0.301     4.616    clk_IBUF
    BUFGCE_X1Y71         BUFGCE (Prop_BUFCE_BUFGCE_I_O)
                                                      0.024     4.640 r  clk_IBUF_BUFG_inst/O
    X2Y2 (CLOCK_ROOT)    net (fo=185587, routed)      1.493     6.133    u_system/u_replay/g_array.u_array/clk_IBUF_BUFG
    SLICE_X16Y345        FDCE                                         r  u_system/u_replay/g_array.u_array/g_output_pipe.acc_row_reg[182]/C
                         clock pessimism              0.305     6.438    
                         clock uncertainty           -0.085     6.353    
    SLICE_X16Y345        FDCE (Setup_CFF_SLICEL_C_D)
                                                      0.025     6.378    u_system/u_replay/g_array.u_array/g_output_pipe.acc_row_reg[182]
  -------------------------------------------------------------------
                         required time                          6.378    
                         arrival time                          -5.893    
  -------------------------------------------------------------------
                         slack                                  0.485    

Slack (MET) :             0.490ns  (required time - arrival time)
  Source:                 u_system/u_replay/g_array.u_array/drain_row_rep_r_reg[47]_rep__13/C
                            (rising edge-triggered cell FDCE clocked by clk  {rise@0.000ns fall@2.000ns period=4.000ns})
  Destination:            u_system/u_replay/g_array.u_array/g_output_pipe.acc_row_reg[143]/D
                            (rising edge-triggered cell FDCE clocked by clk  {rise@0.000ns fall@2.000ns period=4.000ns})
  Path Group:             clk
  Path Type:              Setup (Max at Slow Process Corner)
  Requirement:            4.000ns  (clk rise@4.000ns - clk rise@0.000ns)
  Data Path Delay:        3.682ns  (logic 0.155ns (4.210%)  route 3.527ns (95.790%))
  Logic Levels:           1  (MUXF8=1)
  Clock Path Skew:        0.232ns (DCD - SCD + CPR)
    Destination Clock Delay (DCD):    2.137ns = ( 6.137 - 4.000 ) 
    Source Clock Delay      (SCD):    2.210ns
    Clock Pessimism Removal (CPR):    0.305ns
  Clock Uncertainty:      0.085ns  ((TSJ^2 + TIJ^2)^1/2 + DJ) / 2 + PE + UU
    Total System Jitter     (TSJ):    0.071ns
    Total Input Jitter      (TIJ):    0.000ns
    Discrete Jitter          (DJ):    0.000ns
    Phase Error              (PE):    0.000ns
    User Uncertainty         (UU):    0.050ns
  Clock Net Delay (Source):      1.281ns (routing 0.171ns, distribution 1.110ns)
  Clock Net Delay (Destination): 1.497ns (routing 0.155ns, distribution 1.342ns)

    Location             Delay type                Incr(ns)  Path(ns)    Netlist Resource(s)
  -------------------------------------------------------------------    -------------------
                         (clock clk rise edge)        0.000     0.000 r  
    AJ20                                              0.000     0.000 r  clk (IN)
                         net (fo=0)                   0.000     0.000    clk_IBUF_inst/I
    AJ20                 INBUF (Prop_INBUF_HPIOB_M_PAD_O)
                                                      0.565     0.565 r  clk_IBUF_inst/INBUF_INST/O
                         net (fo=1, routed)           0.000     0.565    clk_IBUF_inst/OUT
    AJ20                 IBUFCTRL (Prop_IBUFCTRL_HPIOB_M_I_O)
                                                      0.000     0.565 r  clk_IBUF_inst/IBUFCTRL_INST/O
                         net (fo=1, routed)           0.336     0.901    clk_IBUF
    BUFGCE_X1Y71         BUFGCE (Prop_BUFCE_BUFGCE_I_O)
                                                      0.028     0.929 r  clk_IBUF_BUFG_inst/O
    X2Y2 (CLOCK_ROOT)    net (fo=185587, routed)      1.281     2.210    u_system/u_replay/g_array.u_array/clk_IBUF_BUFG
    SLICE_X68Y151        FDCE                                         r  u_system/u_replay/g_array.u_array/drain_row_rep_r_reg[47]_rep__13/C
  -------------------------------------------------------------------    -------------------
    SLICE_X68Y151        FDCE (Prop_EFF2_SLICEL_C_Q)
                                                      0.081     2.291 r  u_system/u_replay/g_array.u_array/drain_row_rep_r_reg[47]_rep__13/Q
                         net (fo=96, routed)          3.488     5.779    u_system/u_replay/g_array.u_array/u_array/u_ref/g_row[3].g_col[2].u_pe/g_output_pipe.acc_row_reg[175]
    SLICE_X13Y340        MUXF8 (Prop_F8MUX_BOT_SLICEM_S_O)
                                                      0.074     5.853 r  u_system/u_replay/g_array.u_array/u_array/u_ref/g_row[3].g_col[2].u_pe/g_output_pipe.acc_row_reg[143]_i_1/O
                         net (fo=1, routed)           0.039     5.892    u_system/u_replay/g_array.u_array/acc_row_i[143]
    SLICE_X13Y340        FDCE                                         r  u_system/u_replay/g_array.u_array/g_output_pipe.acc_row_reg[143]/D
  -------------------------------------------------------------------    -------------------

                         (clock clk rise edge)        4.000     4.000 r  
    AJ20                                              0.000     4.000 r  clk (IN)
                         net (fo=0)                   0.000     4.000    clk_IBUF_inst/I
    AJ20                 INBUF (Prop_INBUF_HPIOB_M_PAD_O)
                                                      0.315     4.315 r  clk_IBUF_inst/INBUF_INST/O
                         net (fo=1, routed)           0.000     4.315    clk_IBUF_inst/OUT
    AJ20                 IBUFCTRL (Prop_IBUFCTRL_HPIOB_M_I_O)
                                                      0.000     4.315 r  clk_IBUF_inst/IBUFCTRL_INST/O
                         net (fo=1, routed)           0.301     4.616    clk_IBUF
    BUFGCE_X1Y71         BUFGCE (Prop_BUFCE_BUFGCE_I_O)
                                                      0.024     4.640 r  clk_IBUF_BUFG_inst/O
    X2Y2 (CLOCK_ROOT)    net (fo=185587, routed)      1.497     6.137    u_system/u_replay/g_array.u_array/clk_IBUF_BUFG
    SLICE_X13Y340        FDCE                                         r  u_system/u_replay/g_array.u_array/g_output_pipe.acc_row_reg[143]/C
                         clock pessimism              0.305     6.442    
                         clock uncertainty           -0.085     6.357    
    SLICE_X13Y340        FDCE (Setup_CFF_SLICEM_C_D)
                                                      0.025     6.382    u_system/u_replay/g_array.u_array/g_output_pipe.acc_row_reg[143]
  -------------------------------------------------------------------
                         required time                          6.382    
                         arrival time                          -5.892    
  -------------------------------------------------------------------
                         slack                                  0.490    

Slack (MET) :             0.494ns  (required time - arrival time)
  Source:                 u_system/u_replay/g_array.u_array/drain_row_rep_r_reg[47]_rep__9/C
                            (rising edge-triggered cell FDCE clocked by clk  {rise@0.000ns fall@2.000ns period=4.000ns})
  Destination:            u_system/u_replay/g_array.u_array/g_output_pipe.acc_row_reg[651]/D
                            (rising edge-triggered cell FDCE clocked by clk  {rise@0.000ns fall@2.000ns period=4.000ns})
  Path Group:             clk
  Path Type:              Setup (Max at Slow Process Corner)
  Requirement:            4.000ns  (clk rise@4.000ns - clk rise@0.000ns)
  Data Path Delay:        3.500ns  (logic 0.153ns (4.371%)  route 3.347ns (95.629%))
  Logic Levels:           1  (MUXF8=1)
  Clock Path Skew:        0.054ns (DCD - SCD + CPR)
    Destination Clock Delay (DCD):    2.111ns = ( 6.111 - 4.000 ) 
    Source Clock Delay      (SCD):    2.362ns
    Clock Pessimism Removal (CPR):    0.305ns
  Clock Uncertainty:      0.085ns  ((TSJ^2 + TIJ^2)^1/2 + DJ) / 2 + PE + UU
    Total System Jitter     (TSJ):    0.071ns
    Total Input Jitter      (TIJ):    0.000ns
    Discrete Jitter          (DJ):    0.000ns
    Phase Error              (PE):    0.000ns
    User Uncertainty         (UU):    0.050ns
  Clock Net Delay (Source):      1.433ns (routing 0.171ns, distribution 1.262ns)
  Clock Net Delay (Destination): 1.471ns (routing 0.155ns, distribution 1.316ns)

    Location             Delay type                Incr(ns)  Path(ns)    Netlist Resource(s)
  -------------------------------------------------------------------    -------------------
                         (clock clk rise edge)        0.000     0.000 r  
    AJ20                                              0.000     0.000 r  clk (IN)
                         net (fo=0)                   0.000     0.000    clk_IBUF_inst/I
    AJ20                 INBUF (Prop_INBUF_HPIOB_M_PAD_O)
                                                      0.565     0.565 r  clk_IBUF_inst/INBUF_INST/O
                         net (fo=1, routed)           0.000     0.565    clk_IBUF_inst/OUT
    AJ20                 IBUFCTRL (Prop_IBUFCTRL_HPIOB_M_I_O)
                                                      0.000     0.565 r  clk_IBUF_inst/IBUFCTRL_INST/O
                         net (fo=1, routed)           0.336     0.901    clk_IBUF
    BUFGCE_X1Y71         BUFGCE (Prop_BUFCE_BUFGCE_I_O)
                                                      0.028     0.929 r  clk_IBUF_BUFG_inst/O
    X2Y2 (CLOCK_ROOT)    net (fo=185587, routed)      1.433     2.362    u_system/u_replay/g_array.u_array/clk_IBUF_BUFG
    SLICE_X65Y219        FDCE                                         r  u_system/u_replay/g_array.u_array/drain_row_rep_r_reg[47]_rep__9/C
  -------------------------------------------------------------------    -------------------
    SLICE_X65Y219        FDCE (Prop_DFF_SLICEL_C_Q)
                                                      0.079     2.441 r  u_system/u_replay/g_array.u_array/drain_row_rep_r_reg[47]_rep__9/Q
                         net (fo=96, routed)          3.308     5.749    u_system/u_replay/g_array.u_array/u_array/u_ref/g_row[3].g_col[10].u_pe/g_output_pipe.acc_row_reg[683]
    SLICE_X17Y282        MUXF8 (Prop_F8MUX_BOT_SLICEM_S_O)
                                                      0.074     5.823 r  u_system/u_replay/g_array.u_array/u_array/u_ref/g_row[3].g_col[10].u_pe/g_output_pipe.acc_row_reg[651]_i_1/O
                         net (fo=1, routed)           0.039     5.862    u_system/u_replay/g_array.u_array/acc_row_i[651]
    SLICE_X17Y282        FDCE                                         r  u_system/u_replay/g_array.u_array/g_output_pipe.acc_row_reg[651]/D
  -------------------------------------------------------------------    -------------------

                         (clock clk rise edge)        4.000     4.000 r  
    AJ20                                              0.000     4.000 r  clk (IN)
                         net (fo=0)                   0.000     4.000    clk_IBUF_inst/I
    AJ20                 INBUF (Prop_INBUF_HPIOB_M_PAD_O)
                                                      0.315     4.315 r  clk_IBUF_inst/INBUF_INST/O
                         net (fo=1, routed)           0.000     4.315    clk_IBUF_inst/OUT
    AJ20                 IBUFCTRL (Prop_IBUFCTRL_HPIOB_M_I_O)
                                                      0.000     4.315 r  clk_IBUF_inst/IBUFCTRL_INST/O
                         net (fo=1, routed)           0.301     4.616    clk_IBUF
    BUFGCE_X1Y71         BUFGCE (Prop_BUFCE_BUFGCE_I_O)
                                                      0.024     4.640 r  clk_IBUF_BUFG_inst/O
    X2Y2 (CLOCK_ROOT)    net (fo=185587, routed)      1.471     6.111    u_system/u_replay/g_array.u_array/clk_IBUF_BUFG
    SLICE_X17Y282        FDCE                                         r  u_system/u_replay/g_array.u_array/g_output_pipe.acc_row_reg[651]/C
                         clock pessimism              0.305     6.416    
                         clock uncertainty           -0.085     6.331    
    SLICE_X17Y282        FDCE (Setup_CFF_SLICEM_C_D)
                                                      0.025     6.356    u_system/u_replay/g_array.u_array/g_output_pipe.acc_row_reg[651]
  -------------------------------------------------------------------
                         required time                          6.356    
                         arrival time                          -5.862    
  -------------------------------------------------------------------
                         slack                                  0.494    

Slack (MET) :             0.495ns  (required time - arrival time)
  Source:                 u_system/u_replay/g_array.u_array/drain_row_rep_r_reg[47]_rep__2/C
                            (rising edge-triggered cell FDCE clocked by clk  {rise@0.000ns fall@2.000ns period=4.000ns})
  Destination:            u_system/u_replay/g_array.u_array/g_output_pipe.acc_row_reg[132]/D
                            (rising edge-triggered cell FDCE clocked by clk  {rise@0.000ns fall@2.000ns period=4.000ns})
  Path Group:             clk
  Path Type:              Setup (Max at Slow Process Corner)
  Requirement:            4.000ns  (clk rise@4.000ns - clk rise@0.000ns)
  Data Path Delay:        3.609ns  (logic 0.145ns (4.018%)  route 3.464ns (95.982%))
  Logic Levels:           1  (MUXF8=1)
  Clock Path Skew:        0.164ns (DCD - SCD + CPR)
    Destination Clock Delay (DCD):    2.133ns = ( 6.133 - 4.000 ) 
    Source Clock Delay      (SCD):    2.274ns
    Clock Pessimism Removal (CPR):    0.305ns
  Clock Uncertainty:      0.085ns  ((TSJ^2 + TIJ^2)^1/2 + DJ) / 2 + PE + UU
    Total System Jitter     (TSJ):    0.071ns
    Total Input Jitter      (TIJ):    0.000ns
    Discrete Jitter          (DJ):    0.000ns
    Phase Error              (PE):    0.000ns
    User Uncertainty         (UU):    0.050ns
  Clock Net Delay (Source):      1.345ns (routing 0.171ns, distribution 1.174ns)
  Clock Net Delay (Destination): 1.493ns (routing 0.155ns, distribution 1.338ns)

    Location             Delay type                Incr(ns)  Path(ns)    Netlist Resource(s)
  -------------------------------------------------------------------    -------------------
                         (clock clk rise edge)        0.000     0.000 r  
    AJ20                                              0.000     0.000 r  clk (IN)
                         net (fo=0)                   0.000     0.000    clk_IBUF_inst/I
    AJ20                 INBUF (Prop_INBUF_HPIOB_M_PAD_O)
                                                      0.565     0.565 r  clk_IBUF_inst/INBUF_INST/O
                         net (fo=1, routed)           0.000     0.565    clk_IBUF_inst/OUT
    AJ20                 IBUFCTRL (Prop_IBUFCTRL_HPIOB_M_I_O)
                                                      0.000     0.565 r  clk_IBUF_inst/IBUFCTRL_INST/O
                         net (fo=1, routed)           0.336     0.901    clk_IBUF
    BUFGCE_X1Y71         BUFGCE (Prop_BUFCE_BUFGCE_I_O)
                                                      0.028     0.929 r  clk_IBUF_BUFG_inst/O
    X2Y2 (CLOCK_ROOT)    net (fo=185587, routed)      1.345     2.274    u_system/u_replay/g_array.u_array/clk_IBUF_BUFG
    SLICE_X67Y196        FDCE                                         r  u_system/u_replay/g_array.u_array/drain_row_rep_r_reg[47]_rep__2/C
  -------------------------------------------------------------------    -------------------
    SLICE_X67Y196        FDCE (Prop_EFF_SLICEM_C_Q)
                                                      0.076     2.350 r  u_system/u_replay/g_array.u_array/drain_row_rep_r_reg[47]_rep__2/Q
                         net (fo=96, routed)          3.430     5.780    u_system/u_replay/g_array.u_array/u_array/u_ref/g_row[3].g_col[2].u_pe/g_output_pipe.acc_row_reg[164]
    SLICE_X10Y335        MUXF8 (Prop_F8MUX_BOT_SLICEL_S_O)
                                                      0.069     5.849 r  u_system/u_replay/g_array.u_array/u_array/u_ref/g_row[3].g_col[2].u_pe/g_output_pipe.acc_row_reg[132]_i_1/O
                         net (fo=1, routed)           0.034     5.883    u_system/u_replay/g_array.u_array/acc_row_i[132]
    SLICE_X10Y335        FDCE                                         r  u_system/u_replay/g_array.u_array/g_output_pipe.acc_row_reg[132]/D
  -------------------------------------------------------------------    -------------------

                         (clock clk rise edge)        4.000     4.000 r  
    AJ20                                              0.000     4.000 r  clk (IN)
                         net (fo=0)                   0.000     4.000    clk_IBUF_inst/I
    AJ20                 INBUF (Prop_INBUF_HPIOB_M_PAD_O)
                                                      0.315     4.315 r  clk_IBUF_inst/INBUF_INST/O
                         net (fo=1, routed)           0.000     4.315    clk_IBUF_inst/OUT
    AJ20                 IBUFCTRL (Prop_IBUFCTRL_HPIOB_M_I_O)
                                                      0.000     4.315 r  clk_IBUF_inst/IBUFCTRL_INST/O
                         net (fo=1, routed)           0.301     4.616    clk_IBUF
    BUFGCE_X1Y71         BUFGCE (Prop_BUFCE_BUFGCE_I_O)
                                                      0.024     4.640 r  clk_IBUF_BUFG_inst/O
    X2Y2 (CLOCK_ROOT)    net (fo=185587, routed)      1.493     6.133    u_system/u_replay/g_array.u_array/clk_IBUF_BUFG
    SLICE_X10Y335        FDCE                                         r  u_system/u_replay/g_array.u_array/g_output_pipe.acc_row_reg[132]/C
                         clock pessimism              0.305     6.438    
                         clock uncertainty           -0.085     6.353    
    SLICE_X10Y335        FDCE (Setup_CFF_SLICEL_C_D)
                                                      0.025     6.378    u_system/u_replay/g_array.u_array/g_output_pipe.acc_row_reg[132]
  -------------------------------------------------------------------
                         required time                          6.378    
                         arrival time                          -5.883    
  -------------------------------------------------------------------
                         slack                                  0.495    

Slack (MET) :             0.504ns  (required time - arrival time)
  Source:                 u_system/u_replay/g_array.u_array/drain_row_rep_r_reg[47]_rep__1/C
                            (rising edge-triggered cell FDCE clocked by clk  {rise@0.000ns fall@2.000ns period=4.000ns})
  Destination:            u_system/u_replay/g_array.u_array/g_output_pipe.acc_row_reg[291]/D
                            (rising edge-triggered cell FDCE clocked by clk  {rise@0.000ns fall@2.000ns period=4.000ns})
  Path Group:             clk
  Path Type:              Setup (Max at Slow Process Corner)
  Requirement:            4.000ns  (clk rise@4.000ns - clk rise@0.000ns)
  Data Path Delay:        3.667ns  (logic 0.153ns (4.172%)  route 3.514ns (95.828%))
  Logic Levels:           1  (MUXF8=1)
  Clock Path Skew:        0.231ns (DCD - SCD + CPR)
    Destination Clock Delay (DCD):    2.136ns = ( 6.136 - 4.000 ) 
    Source Clock Delay      (SCD):    2.210ns
    Clock Pessimism Removal (CPR):    0.305ns
  Clock Uncertainty:      0.085ns  ((TSJ^2 + TIJ^2)^1/2 + DJ) / 2 + PE + UU
    Total System Jitter     (TSJ):    0.071ns
    Total Input Jitter      (TIJ):    0.000ns
    Discrete Jitter          (DJ):    0.000ns
    Phase Error              (PE):    0.000ns
    User Uncertainty         (UU):    0.050ns
  Clock Net Delay (Source):      1.281ns (routing 0.171ns, distribution 1.110ns)
  Clock Net Delay (Destination): 1.496ns (routing 0.155ns, distribution 1.341ns)

    Location             Delay type                Incr(ns)  Path(ns)    Netlist Resource(s)
  -------------------------------------------------------------------    -------------------
                         (clock clk rise edge)        0.000     0.000 r  
    AJ20                                              0.000     0.000 r  clk (IN)
                         net (fo=0)                   0.000     0.000    clk_IBUF_inst/I
    AJ20                 INBUF (Prop_INBUF_HPIOB_M_PAD_O)
                                                      0.565     0.565 r  clk_IBUF_inst/INBUF_INST/O
                         net (fo=1, routed)           0.000     0.565    clk_IBUF_inst/OUT
    AJ20                 IBUFCTRL (Prop_IBUFCTRL_HPIOB_M_I_O)
                                                      0.000     0.565 r  clk_IBUF_inst/IBUFCTRL_INST/O
                         net (fo=1, routed)           0.336     0.901    clk_IBUF
    BUFGCE_X1Y71         BUFGCE (Prop_BUFCE_BUFGCE_I_O)
                                                      0.028     0.929 r  clk_IBUF_BUFG_inst/O
    X2Y2 (CLOCK_ROOT)    net (fo=185587, routed)      1.281     2.210    u_system/u_replay/g_array.u_array/clk_IBUF_BUFG
    SLICE_X68Y151        FDCE                                         r  u_system/u_replay/g_array.u_array/drain_row_rep_r_reg[47]_rep__1/C
  -------------------------------------------------------------------    -------------------
    SLICE_X68Y151        FDCE (Prop_EFF_SLICEL_C_Q)
                                                      0.079     2.289 r  u_system/u_replay/g_array.u_array/drain_row_rep_r_reg[47]_rep__1/Q
                         net (fo=96, routed)          3.474     5.763    u_system/u_replay/g_array.u_array/u_array/u_ref/g_row[3].g_col[4].u_pe/g_output_pipe.acc_row_reg[291]
    SLICE_X9Y261         MUXF8 (Prop_F8MUX_TOP_SLICEM_S_O)
                                                      0.074     5.837 r  u_system/u_replay/g_array.u_array/u_array/u_ref/g_row[3].g_col[4].u_pe/g_output_pipe.acc_row_reg[291]_i_1/O
                         net (fo=1, routed)           0.040     5.877    u_system/u_replay/g_array.u_array/acc_row_i[291]
    SLICE_X9Y261         FDCE                                         r  u_system/u_replay/g_array.u_array/g_output_pipe.acc_row_reg[291]/D
  -------------------------------------------------------------------    -------------------

                         (clock clk rise edge)        4.000     4.000 r  
    AJ20                                              0.000     4.000 r  clk (IN)
                         net (fo=0)                   0.000     4.000    clk_IBUF_inst/I
    AJ20                 INBUF (Prop_INBUF_HPIOB_M_PAD_O)
                                                      0.315     4.315 r  clk_IBUF_inst/INBUF_INST/O
                         net (fo=1, routed)           0.000     4.315    clk_IBUF_inst/OUT
    AJ20                 IBUFCTRL (Prop_IBUFCTRL_HPIOB_M_I_O)
                                                      0.000     4.315 r  clk_IBUF_inst/IBUFCTRL_INST/O
                         net (fo=1, routed)           0.301     4.616    clk_IBUF
    BUFGCE_X1Y71         BUFGCE (Prop_BUFCE_BUFGCE_I_O)
                                                      0.024     4.640 r  clk_IBUF_BUFG_inst/O
    X2Y2 (CLOCK_ROOT)    net (fo=185587, routed)      1.496     6.136    u_system/u_replay/g_array.u_array/clk_IBUF_BUFG
    SLICE_X9Y261         FDCE                                         r  u_system/u_replay/g_array.u_array/g_output_pipe.acc_row_reg[291]/C
                         clock pessimism              0.305     6.441    
                         clock uncertainty           -0.085     6.356    
    SLICE_X9Y261         FDCE (Setup_GFF_SLICEM_C_D)
                                                      0.025     6.381    u_system/u_replay/g_array.u_array/g_output_pipe.acc_row_reg[291]
  -------------------------------------------------------------------
                         required time                          6.381    
                         arrival time                          -5.877    
  -------------------------------------------------------------------
                         slack                                  0.504    

Slack (MET) :             0.505ns  (required time - arrival time)
  Source:                 u_system/u_replay/g_array.u_array/drain_row_rep_r_reg[47]_rep__5/C
                            (rising edge-triggered cell FDCE clocked by clk  {rise@0.000ns fall@2.000ns period=4.000ns})
  Destination:            u_system/u_replay/g_array.u_array/g_output_pipe.acc_row_reg[487]/D
                            (rising edge-triggered cell FDCE clocked by clk  {rise@0.000ns fall@2.000ns period=4.000ns})
  Path Group:             clk
  Path Type:              Setup (Max at Slow Process Corner)
  Requirement:            4.000ns  (clk rise@4.000ns - clk rise@0.000ns)
  Data Path Delay:        3.583ns  (logic 0.150ns (4.186%)  route 3.433ns (95.814%))
  Logic Levels:           1  (MUXF8=1)
  Clock Path Skew:        0.148ns (DCD - SCD + CPR)
    Destination Clock Delay (DCD):    2.075ns = ( 6.075 - 4.000 ) 
    Source Clock Delay      (SCD):    2.232ns
    Clock Pessimism Removal (CPR):    0.305ns
  Clock Uncertainty:      0.085ns  ((TSJ^2 + TIJ^2)^1/2 + DJ) / 2 + PE + UU
    Total System Jitter     (TSJ):    0.071ns
    Total Input Jitter      (TIJ):    0.000ns
    Discrete Jitter          (DJ):    0.000ns
    Phase Error              (PE):    0.000ns
    User Uncertainty         (UU):    0.050ns
  Clock Net Delay (Source):      1.303ns (routing 0.171ns, distribution 1.132ns)
  Clock Net Delay (Destination): 1.435ns (routing 0.155ns, distribution 1.280ns)

    Location             Delay type                Incr(ns)  Path(ns)    Netlist Resource(s)
  -------------------------------------------------------------------    -------------------
                         (clock clk rise edge)        0.000     0.000 r  
    AJ20                                              0.000     0.000 r  clk (IN)
                         net (fo=0)                   0.000     0.000    clk_IBUF_inst/I
    AJ20                 INBUF (Prop_INBUF_HPIOB_M_PAD_O)
                                                      0.565     0.565 r  clk_IBUF_inst/INBUF_INST/O
                         net (fo=1, routed)           0.000     0.565    clk_IBUF_inst/OUT
    AJ20                 IBUFCTRL (Prop_IBUFCTRL_HPIOB_M_I_O)
                                                      0.000     0.565 r  clk_IBUF_inst/IBUFCTRL_INST/O
                         net (fo=1, routed)           0.336     0.901    clk_IBUF
    BUFGCE_X1Y71         BUFGCE (Prop_BUFCE_BUFGCE_I_O)
                                                      0.028     0.929 r  clk_IBUF_BUFG_inst/O
    X2Y2 (CLOCK_ROOT)    net (fo=185587, routed)      1.303     2.232    u_system/u_replay/g_array.u_array/clk_IBUF_BUFG
    SLICE_X68Y179        FDCE                                         r  u_system/u_replay/g_array.u_array/drain_row_rep_r_reg[47]_rep__5/C
  -------------------------------------------------------------------    -------------------
    SLICE_X68Y179        FDCE (Prop_EFF2_SLICEL_C_Q)
                                                      0.081     2.313 r  u_system/u_replay/g_array.u_array/drain_row_rep_r_reg[47]_rep__5/Q
                         net (fo=96, routed)          3.399     5.712    u_system/u_replay/g_array.u_array/u_array/u_ref/g_row[3].g_col[7].u_pe/g_output_pipe.acc_row_reg[487]
    SLICE_X22Y331        MUXF8 (Prop_F8MUX_TOP_SLICEL_S_O)
                                                      0.069     5.781 r  u_system/u_replay/g_array.u_array/u_array/u_ref/g_row[3].g_col[7].u_pe/g_output_pipe.acc_row_reg[487]_i_1/O
                         net (fo=1, routed)           0.034     5.815    u_system/u_replay/g_array.u_array/acc_row_i[487]
    SLICE_X22Y331        FDCE                                         r  u_system/u_replay/g_array.u_array/g_output_pipe.acc_row_reg[487]/D
  -------------------------------------------------------------------    -------------------

                         (clock clk rise edge)        4.000     4.000 r  
    AJ20                                              0.000     4.000 r  clk (IN)
                         net (fo=0)                   0.000     4.000    clk_IBUF_inst/I
    AJ20                 INBUF (Prop_INBUF_HPIOB_M_PAD_O)
                                                      0.315     4.315 r  clk_IBUF_inst/INBUF_INST/O
                         net (fo=1, routed)           0.000     4.315    clk_IBUF_inst/OUT
    AJ20                 IBUFCTRL (Prop_IBUFCTRL_HPIOB_M_I_O)
                                                      0.000     4.315 r  clk_IBUF_inst/IBUFCTRL_INST/O
                         net (fo=1, routed)           0.301     4.616    clk_IBUF
    BUFGCE_X1Y71         BUFGCE (Prop_BUFCE_BUFGCE_I_O)
                                                      0.024     4.640 r  clk_IBUF_BUFG_inst/O
    X2Y2 (CLOCK_ROOT)    net (fo=185587, routed)      1.435     6.075    u_system/u_replay/g_array.u_array/clk_IBUF_BUFG
    SLICE_X22Y331        FDCE                                         r  u_system/u_replay/g_array.u_array/g_output_pipe.acc_row_reg[487]/C
                         clock pessimism              0.305     6.380    
                         clock uncertainty           -0.085     6.295    
    SLICE_X22Y331        FDCE (Setup_GFF_SLICEL_C_D)
                                                      0.025     6.320    u_system/u_replay/g_array.u_array/g_output_pipe.acc_row_reg[487]
  -------------------------------------------------------------------
                         required time                          6.320    
                         arrival time                          -5.815    
  -------------------------------------------------------------------
                         slack                                  0.505    

Slack (MET) :             0.506ns  (required time - arrival time)
  Source:                 u_system/u_replay/g_array.u_array/drain_row_rep_r_reg[47]_rep__9/C
                            (rising edge-triggered cell FDCE clocked by clk  {rise@0.000ns fall@2.000ns period=4.000ns})
  Destination:            u_system/u_replay/g_array.u_array/g_output_pipe.acc_row_reg[427]/D
                            (rising edge-triggered cell FDCE clocked by clk  {rise@0.000ns fall@2.000ns period=4.000ns})
  Path Group:             clk
  Path Type:              Setup (Max at Slow Process Corner)
  Requirement:            4.000ns  (clk rise@4.000ns - clk rise@0.000ns)
  Data Path Delay:        3.343ns  (logic 0.148ns (4.427%)  route 3.195ns (95.573%))
  Logic Levels:           1  (MUXF8=1)
  Clock Path Skew:        -0.091ns (DCD - SCD + CPR)
    Destination Clock Delay (DCD):    1.966ns = ( 5.966 - 4.000 ) 
    Source Clock Delay      (SCD):    2.362ns
    Clock Pessimism Removal (CPR):    0.305ns
  Clock Uncertainty:      0.085ns  ((TSJ^2 + TIJ^2)^1/2 + DJ) / 2 + PE + UU
    Total System Jitter     (TSJ):    0.071ns
    Total Input Jitter      (TIJ):    0.000ns
    Discrete Jitter          (DJ):    0.000ns
    Phase Error              (PE):    0.000ns
    User Uncertainty         (UU):    0.050ns
  Clock Net Delay (Source):      1.433ns (routing 0.171ns, distribution 1.262ns)
  Clock Net Delay (Destination): 1.326ns (routing 0.155ns, distribution 1.171ns)

    Location             Delay type                Incr(ns)  Path(ns)    Netlist Resource(s)
  -------------------------------------------------------------------    -------------------
                         (clock clk rise edge)        0.000     0.000 r  
    AJ20                                              0.000     0.000 r  clk (IN)
                         net (fo=0)                   0.000     0.000    clk_IBUF_inst/I
    AJ20                 INBUF (Prop_INBUF_HPIOB_M_PAD_O)
                                                      0.565     0.565 r  clk_IBUF_inst/INBUF_INST/O
                         net (fo=1, routed)           0.000     0.565    clk_IBUF_inst/OUT
    AJ20                 IBUFCTRL (Prop_IBUFCTRL_HPIOB_M_I_O)
                                                      0.000     0.565 r  clk_IBUF_inst/IBUFCTRL_INST/O
                         net (fo=1, routed)           0.336     0.901    clk_IBUF
    BUFGCE_X1Y71         BUFGCE (Prop_BUFCE_BUFGCE_I_O)
                                                      0.028     0.929 r  clk_IBUF_BUFG_inst/O
    X2Y2 (CLOCK_ROOT)    net (fo=185587, routed)      1.433     2.362    u_system/u_replay/g_array.u_array/clk_IBUF_BUFG
    SLICE_X65Y219        FDCE                                         r  u_system/u_replay/g_array.u_array/drain_row_rep_r_reg[47]_rep__9/C
  -------------------------------------------------------------------    -------------------
    SLICE_X65Y219        FDCE (Prop_DFF_SLICEL_C_Q)
                                                      0.079     2.441 r  u_system/u_replay/g_array.u_array/drain_row_rep_r_reg[47]_rep__9/Q
                         net (fo=96, routed)          3.161     5.602    u_system/u_replay/g_array.u_array/u_array/u_ref/g_row[3].g_col[6].u_pe/g_output_pipe.acc_row_reg[395]
    SLICE_X60Y350        MUXF8 (Prop_F8MUX_BOT_SLICEL_S_O)
                                                      0.069     5.671 r  u_system/u_replay/g_array.u_array/u_array/u_ref/g_row[3].g_col[6].u_pe/g_output_pipe.acc_row_reg[427]_i_1/O
                         net (fo=1, routed)           0.034     5.705    u_system/u_replay/g_array.u_array/acc_row_i[427]
    SLICE_X60Y350        FDCE                                         r  u_system/u_replay/g_array.u_array/g_output_pipe.acc_row_reg[427]/D
  -------------------------------------------------------------------    -------------------

                         (clock clk rise edge)        4.000     4.000 r  
    AJ20                                              0.000     4.000 r  clk (IN)
                         net (fo=0)                   0.000     4.000    clk_IBUF_inst/I
    AJ20                 INBUF (Prop_INBUF_HPIOB_M_PAD_O)
                                                      0.315     4.315 r  clk_IBUF_inst/INBUF_INST/O
                         net (fo=1, routed)           0.000     4.315    clk_IBUF_inst/OUT
    AJ20                 IBUFCTRL (Prop_IBUFCTRL_HPIOB_M_I_O)
                                                      0.000     4.315 r  clk_IBUF_inst/IBUFCTRL_INST/O
                         net (fo=1, routed)           0.301     4.616    clk_IBUF
    BUFGCE_X1Y71         BUFGCE (Prop_BUFCE_BUFGCE_I_O)
                                                      0.024     4.640 r  clk_IBUF_BUFG_inst/O
    X2Y2 (CLOCK_ROOT)    net (fo=185587, routed)      1.326     5.966    u_system/u_replay/g_array.u_array/clk_IBUF_BUFG
    SLICE_X60Y350        FDCE                                         r  u_system/u_replay/g_array.u_array/g_output_pipe.acc_row_reg[427]/C
                         clock pessimism              0.305     6.271    
                         clock uncertainty           -0.085     6.186    
    SLICE_X60Y350        FDCE (Setup_CFF_SLICEL_C_D)
                                                      0.025     6.211    u_system/u_replay/g_array.u_array/g_output_pipe.acc_row_reg[427]
  -------------------------------------------------------------------
                         required time                          6.211    
                         arrival time                          -5.705    
  -------------------------------------------------------------------
                         slack                                  0.506    

Slack (MET) :             0.507ns  (required time - arrival time)
  Source:                 u_system/u_replay/g_array.u_array/drain_row_rep_r_reg[47]_rep__21/C
                            (rising edge-triggered cell FDCE clocked by clk  {rise@0.000ns fall@2.000ns period=4.000ns})
  Destination:            u_system/u_replay/g_array.u_array/g_output_pipe.acc_row_reg[119]/D
                            (rising edge-triggered cell FDCE clocked by clk  {rise@0.000ns fall@2.000ns period=4.000ns})
  Path Group:             clk
  Path Type:              Setup (Max at Slow Process Corner)
  Requirement:            4.000ns  (clk rise@4.000ns - clk rise@0.000ns)
  Data Path Delay:        3.599ns  (logic 0.148ns (4.112%)  route 3.451ns (95.888%))
  Logic Levels:           1  (MUXF8=1)
  Clock Path Skew:        0.166ns (DCD - SCD + CPR)
    Destination Clock Delay (DCD):    2.044ns = ( 6.044 - 4.000 ) 
    Source Clock Delay      (SCD):    2.183ns
    Clock Pessimism Removal (CPR):    0.305ns
  Clock Uncertainty:      0.085ns  ((TSJ^2 + TIJ^2)^1/2 + DJ) / 2 + PE + UU
    Total System Jitter     (TSJ):    0.071ns
    Total Input Jitter      (TIJ):    0.000ns
    Discrete Jitter          (DJ):    0.000ns
    Phase Error              (PE):    0.000ns
    User Uncertainty         (UU):    0.050ns
  Clock Net Delay (Source):      1.254ns (routing 0.171ns, distribution 1.083ns)
  Clock Net Delay (Destination): 1.404ns (routing 0.155ns, distribution 1.249ns)

    Location             Delay type                Incr(ns)  Path(ns)    Netlist Resource(s)
  -------------------------------------------------------------------    -------------------
                         (clock clk rise edge)        0.000     0.000 r  
    AJ20                                              0.000     0.000 r  clk (IN)
                         net (fo=0)                   0.000     0.000    clk_IBUF_inst/I
    AJ20                 INBUF (Prop_INBUF_HPIOB_M_PAD_O)
                                                      0.565     0.565 r  clk_IBUF_inst/INBUF_INST/O
                         net (fo=1, routed)           0.000     0.565    clk_IBUF_inst/OUT
    AJ20                 IBUFCTRL (Prop_IBUFCTRL_HPIOB_M_I_O)
                                                      0.000     0.565 r  clk_IBUF_inst/IBUFCTRL_INST/O
                         net (fo=1, routed)           0.336     0.901    clk_IBUF
    BUFGCE_X1Y71         BUFGCE (Prop_BUFCE_BUFGCE_I_O)
                                                      0.028     0.929 r  clk_IBUF_BUFG_inst/O
    X2Y2 (CLOCK_ROOT)    net (fo=185587, routed)      1.254     2.183    u_system/u_replay/g_array.u_array/clk_IBUF_BUFG
    SLICE_X66Y151        FDCE                                         r  u_system/u_replay/g_array.u_array/drain_row_rep_r_reg[47]_rep__21/C
  -------------------------------------------------------------------    -------------------
    SLICE_X66Y151        FDCE (Prop_HFF_SLICEL_C_Q)
                                                      0.079     2.262 r  u_system/u_replay/g_array.u_array/drain_row_rep_r_reg[47]_rep__21/Q
                         net (fo=96, routed)          3.417     5.679    u_system/u_replay/g_array.u_array/u_array/u_ref/g_row[3].g_col[1].u_pe/g_output_pipe.acc_row_reg[119]
    SLICE_X40Y355        MUXF8 (Prop_F8MUX_BOT_SLICEL_S_O)
                                                      0.069     5.748 r  u_system/u_replay/g_array.u_array/u_array/u_ref/g_row[3].g_col[1].u_pe/g_output_pipe.acc_row_reg[119]_i_1/O
                         net (fo=1, routed)           0.034     5.782    u_system/u_replay/g_array.u_array/acc_row_i[119]
    SLICE_X40Y355        FDCE                                         r  u_system/u_replay/g_array.u_array/g_output_pipe.acc_row_reg[119]/D
  -------------------------------------------------------------------    -------------------

                         (clock clk rise edge)        4.000     4.000 r  
    AJ20                                              0.000     4.000 r  clk (IN)
                         net (fo=0)                   0.000     4.000    clk_IBUF_inst/I
    AJ20                 INBUF (Prop_INBUF_HPIOB_M_PAD_O)
                                                      0.315     4.315 r  clk_IBUF_inst/INBUF_INST/O
                         net (fo=1, routed)           0.000     4.315    clk_IBUF_inst/OUT
    AJ20                 IBUFCTRL (Prop_IBUFCTRL_HPIOB_M_I_O)
                                                      0.000     4.315 r  clk_IBUF_inst/IBUFCTRL_INST/O
                         net (fo=1, routed)           0.301     4.616    clk_IBUF
    BUFGCE_X1Y71         BUFGCE (Prop_BUFCE_BUFGCE_I_O)
                                                      0.024     4.640 r  clk_IBUF_BUFG_inst/O
    X2Y2 (CLOCK_ROOT)    net (fo=185587, routed)      1.404     6.044    u_system/u_replay/g_array.u_array/clk_IBUF_BUFG
    SLICE_X40Y355        FDCE                                         r  u_system/u_replay/g_array.u_array/g_output_pipe.acc_row_reg[119]/C
                         clock pessimism              0.305     6.349    
                         clock uncertainty           -0.085     6.264    
    SLICE_X40Y355        FDCE (Setup_CFF_SLICEL_C_D)
                                                      0.025     6.289    u_system/u_replay/g_array.u_array/g_output_pipe.acc_row_reg[119]
  -------------------------------------------------------------------
                         required time                          6.289    
                         arrival time                          -5.782    
  -------------------------------------------------------------------
                         slack                                  0.507    

Slack (MET) :             0.507ns  (required time - arrival time)
  Source:                 u_system/u_replay/g_array.u_array/drain_row_rep_r_reg[47]_rep__15/C
                            (rising edge-triggered cell FDCE clocked by clk  {rise@0.000ns fall@2.000ns period=4.000ns})
  Destination:            u_system/u_replay/g_array.u_array/g_output_pipe.acc_row_reg[145]/D
                            (rising edge-triggered cell FDCE clocked by clk  {rise@0.000ns fall@2.000ns period=4.000ns})
  Path Group:             clk
  Path Type:              Setup (Max at Slow Process Corner)
  Requirement:            4.000ns  (clk rise@4.000ns - clk rise@0.000ns)
  Data Path Delay:        3.676ns  (logic 0.153ns (4.162%)  route 3.523ns (95.838%))
  Logic Levels:           1  (MUXF8=1)
  Clock Path Skew:        0.243ns (DCD - SCD + CPR)
    Destination Clock Delay (DCD):    2.143ns = ( 6.143 - 4.000 ) 
    Source Clock Delay      (SCD):    2.205ns
    Clock Pessimism Removal (CPR):    0.305ns
  Clock Uncertainty:      0.085ns  ((TSJ^2 + TIJ^2)^1/2 + DJ) / 2 + PE + UU
    Total System Jitter     (TSJ):    0.071ns
    Total Input Jitter      (TIJ):    0.000ns
    Discrete Jitter          (DJ):    0.000ns
    Phase Error              (PE):    0.000ns
    User Uncertainty         (UU):    0.050ns
  Clock Net Delay (Source):      1.276ns (routing 0.171ns, distribution 1.105ns)
  Clock Net Delay (Destination): 1.503ns (routing 0.155ns, distribution 1.348ns)

    Location             Delay type                Incr(ns)  Path(ns)    Netlist Resource(s)
  -------------------------------------------------------------------    -------------------
                         (clock clk rise edge)        0.000     0.000 r  
    AJ20                                              0.000     0.000 r  clk (IN)
                         net (fo=0)                   0.000     0.000    clk_IBUF_inst/I
    AJ20                 INBUF (Prop_INBUF_HPIOB_M_PAD_O)
                                                      0.565     0.565 r  clk_IBUF_inst/INBUF_INST/O
                         net (fo=1, routed)           0.000     0.565    clk_IBUF_inst/OUT
    AJ20                 IBUFCTRL (Prop_IBUFCTRL_HPIOB_M_I_O)
                                                      0.000     0.565 r  clk_IBUF_inst/IBUFCTRL_INST/O
                         net (fo=1, routed)           0.336     0.901    clk_IBUF
    BUFGCE_X1Y71         BUFGCE (Prop_BUFCE_BUFGCE_I_O)
                                                      0.028     0.929 r  clk_IBUF_BUFG_inst/O
    X2Y2 (CLOCK_ROOT)    net (fo=185587, routed)      1.276     2.205    u_system/u_replay/g_array.u_array/clk_IBUF_BUFG
    SLICE_X69Y153        FDCE                                         r  u_system/u_replay/g_array.u_array/drain_row_rep_r_reg[47]_rep__15/C
  -------------------------------------------------------------------    -------------------
    SLICE_X69Y153        FDCE (Prop_EFF_SLICEL_C_Q)
                                                      0.079     2.284 r  u_system/u_replay/g_array.u_array/drain_row_rep_r_reg[47]_rep__15/Q
                         net (fo=96, routed)          3.483     5.767    u_system/u_replay/g_array.u_array/u_array/u_ref/g_row[3].g_col[2].u_pe/g_output_pipe.acc_row_reg[177]
    SLICE_X11Y345        MUXF8 (Prop_F8MUX_TOP_SLICEM_S_O)
                                                      0.074     5.841 r  u_system/u_replay/g_array.u_array/u_array/u_ref/g_row[3].g_col[2].u_pe/g_output_pipe.acc_row_reg[145]_i_1/O
                         net (fo=1, routed)           0.040     5.881    u_system/u_replay/g_array.u_array/acc_row_i[145]
    SLICE_X11Y345        FDCE                                         r  u_system/u_replay/g_array.u_array/g_output_pipe.acc_row_reg[145]/D
  -------------------------------------------------------------------    -------------------

                         (clock clk rise edge)        4.000     4.000 r  
    AJ20                                              0.000     4.000 r  clk (IN)
                         net (fo=0)                   0.000     4.000    clk_IBUF_inst/I
    AJ20                 INBUF (Prop_INBUF_HPIOB_M_PAD_O)
                                                      0.315     4.315 r  clk_IBUF_inst/INBUF_INST/O
                         net (fo=1, routed)           0.000     4.315    clk_IBUF_inst/OUT
    AJ20                 IBUFCTRL (Prop_IBUFCTRL_HPIOB_M_I_O)
                                                      0.000     4.315 r  clk_IBUF_inst/IBUFCTRL_INST/O
                         net (fo=1, routed)           0.301     4.616    clk_IBUF
    BUFGCE_X1Y71         BUFGCE (Prop_BUFCE_BUFGCE_I_O)
                                                      0.024     4.640 r  clk_IBUF_BUFG_inst/O
    X2Y2 (CLOCK_ROOT)    net (fo=185587, routed)      1.503     6.143    u_system/u_replay/g_array.u_array/clk_IBUF_BUFG
    SLICE_X11Y345        FDCE                                         r  u_system/u_replay/g_array.u_array/g_output_pipe.acc_row_reg[145]/C
                         clock pessimism              0.305     6.448    
                         clock uncertainty           -0.085     6.363    
    SLICE_X11Y345        FDCE (Setup_GFF_SLICEM_C_D)
                                                      0.025     6.388    u_system/u_replay/g_array.u_array/g_output_pipe.acc_row_reg[145]
  -------------------------------------------------------------------
                         required time                          6.388    
                         arrival time                          -5.881    
  -------------------------------------------------------------------
                         slack                                  0.507    

Slack (MET) :             0.509ns  (required time - arrival time)
  Source:                 u_system/u_replay/g_array.u_array/drain_row_rep_r_reg[47]_rep__7/C
                            (rising edge-triggered cell FDCE clocked by clk  {rise@0.000ns fall@2.000ns period=4.000ns})
  Destination:            u_system/u_replay/g_array.u_array/g_output_pipe.acc_row_reg[2441]/D
                            (rising edge-triggered cell FDCE clocked by clk  {rise@0.000ns fall@2.000ns period=4.000ns})
  Path Group:             clk
  Path Type:              Setup (Max at Slow Process Corner)
  Requirement:            4.000ns  (clk rise@4.000ns - clk rise@0.000ns)
  Data Path Delay:        3.360ns  (logic 0.148ns (4.405%)  route 3.212ns (95.595%))
  Logic Levels:           1  (MUXF8=1)
  Clock Path Skew:        -0.071ns (DCD - SCD + CPR)
    Destination Clock Delay (DCD):    1.845ns = ( 5.845 - 4.000 ) 
    Source Clock Delay      (SCD):    2.221ns
    Clock Pessimism Removal (CPR):    0.305ns
  Clock Uncertainty:      0.085ns  ((TSJ^2 + TIJ^2)^1/2 + DJ) / 2 + PE + UU
    Total System Jitter     (TSJ):    0.071ns
    Total Input Jitter      (TIJ):    0.000ns
    Discrete Jitter          (DJ):    0.000ns
    Phase Error              (PE):    0.000ns
    User Uncertainty         (UU):    0.050ns
  Clock Net Delay (Source):      1.292ns (routing 0.171ns, distribution 1.121ns)
  Clock Net Delay (Destination): 1.205ns (routing 0.155ns, distribution 1.050ns)

    Location             Delay type                Incr(ns)  Path(ns)    Netlist Resource(s)
  -------------------------------------------------------------------    -------------------
                         (clock clk rise edge)        0.000     0.000 r  
    AJ20                                              0.000     0.000 r  clk (IN)
                         net (fo=0)                   0.000     0.000    clk_IBUF_inst/I
    AJ20                 INBUF (Prop_INBUF_HPIOB_M_PAD_O)
                                                      0.565     0.565 r  clk_IBUF_inst/INBUF_INST/O
                         net (fo=1, routed)           0.000     0.565    clk_IBUF_inst/OUT
    AJ20                 IBUFCTRL (Prop_IBUFCTRL_HPIOB_M_I_O)
                                                      0.000     0.565 r  clk_IBUF_inst/IBUFCTRL_INST/O
                         net (fo=1, routed)           0.336     0.901    clk_IBUF
    BUFGCE_X1Y71         BUFGCE (Prop_BUFCE_BUFGCE_I_O)
                                                      0.028     0.929 r  clk_IBUF_BUFG_inst/O
    X2Y2 (CLOCK_ROOT)    net (fo=185587, routed)      1.292     2.221    u_system/u_replay/g_array.u_array/clk_IBUF_BUFG
    SLICE_X68Y159        FDCE                                         r  u_system/u_replay/g_array.u_array/drain_row_rep_r_reg[47]_rep__7/C
  -------------------------------------------------------------------    -------------------
    SLICE_X68Y159        FDCE (Prop_HFF_SLICEL_C_Q)
                                                      0.079     2.300 r  u_system/u_replay/g_array.u_array/drain_row_rep_r_reg[47]_rep__7/Q
                         net (fo=96, routed)          3.178     5.478    u_system/u_replay/g_array.u_array/u_array/u_ref/g_row[3].g_col[38].u_pe/g_output_pipe.acc_row_reg[2473]
    SLICE_X82Y336        MUXF8 (Prop_F8MUX_TOP_SLICEL_S_O)
                                                      0.069     5.547 r  u_system/u_replay/g_array.u_array/u_array/u_ref/g_row[3].g_col[38].u_pe/g_output_pipe.acc_row_reg[2441]_i_1/O
                         net (fo=1, routed)           0.034     5.581    u_system/u_replay/g_array.u_array/acc_row_i[2441]
    SLICE_X82Y336        FDCE                                         r  u_system/u_replay/g_array.u_array/g_output_pipe.acc_row_reg[2441]/D
  -------------------------------------------------------------------    -------------------

                         (clock clk rise edge)        4.000     4.000 r  
    AJ20                                              0.000     4.000 r  clk (IN)
                         net (fo=0)                   0.000     4.000    clk_IBUF_inst/I
    AJ20                 INBUF (Prop_INBUF_HPIOB_M_PAD_O)
                                                      0.315     4.315 r  clk_IBUF_inst/INBUF_INST/O
                         net (fo=1, routed)           0.000     4.315    clk_IBUF_inst/OUT
    AJ20                 IBUFCTRL (Prop_IBUFCTRL_HPIOB_M_I_O)
                                                      0.000     4.315 r  clk_IBUF_inst/IBUFCTRL_INST/O
                         net (fo=1, routed)           0.301     4.616    clk_IBUF
    BUFGCE_X1Y71         BUFGCE (Prop_BUFCE_BUFGCE_I_O)
                                                      0.024     4.640 r  clk_IBUF_BUFG_inst/O
    X2Y2 (CLOCK_ROOT)    net (fo=185587, routed)      1.205     5.845    u_system/u_replay/g_array.u_array/clk_IBUF_BUFG
    SLICE_X82Y336        FDCE                                         r  u_system/u_replay/g_array.u_array/g_output_pipe.acc_row_reg[2441]/C
                         clock pessimism              0.305     6.150    
                         clock uncertainty           -0.085     6.065    
    SLICE_X82Y336        FDCE (Setup_GFF_SLICEL_C_D)
                                                      0.025     6.090    u_system/u_replay/g_array.u_array/g_output_pipe.acc_row_reg[2441]
  -------------------------------------------------------------------
                         required time                          6.090    
                         arrival time                          -5.581    
  -------------------------------------------------------------------
                         slack                                  0.509    

Slack (MET) :             0.509ns  (required time - arrival time)
  Source:                 u_system/u_replay/g_array.u_array/drain_row_rep_r_reg[47]_rep__8/C
                            (rising edge-triggered cell FDCE clocked by clk  {rise@0.000ns fall@2.000ns period=4.000ns})
  Destination:            u_system/u_replay/g_array.u_array/g_output_pipe.acc_row_reg[458]/D
                            (rising edge-triggered cell FDCE clocked by clk  {rise@0.000ns fall@2.000ns period=4.000ns})
  Path Group:             clk
  Path Type:              Setup (Max at Slow Process Corner)
  Requirement:            4.000ns  (clk rise@4.000ns - clk rise@0.000ns)
  Data Path Delay:        3.619ns  (logic 0.153ns (4.228%)  route 3.466ns (95.772%))
  Logic Levels:           1  (MUXF8=1)
  Clock Path Skew:        0.188ns (DCD - SCD + CPR)
    Destination Clock Delay (DCD):    2.093ns = ( 6.093 - 4.000 ) 
    Source Clock Delay      (SCD):    2.210ns
    Clock Pessimism Removal (CPR):    0.305ns
  Clock Uncertainty:      0.085ns  ((TSJ^2 + TIJ^2)^1/2 + DJ) / 2 + PE + UU
    Total System Jitter     (TSJ):    0.071ns
    Total Input Jitter      (TIJ):    0.000ns
    Discrete Jitter          (DJ):    0.000ns
    Phase Error              (PE):    0.000ns
    User Uncertainty         (UU):    0.050ns
  Clock Net Delay (Source):      1.281ns (routing 0.171ns, distribution 1.110ns)
  Clock Net Delay (Destination): 1.453ns (routing 0.155ns, distribution 1.298ns)

    Location             Delay type                Incr(ns)  Path(ns)    Netlist Resource(s)
  -------------------------------------------------------------------    -------------------
                         (clock clk rise edge)        0.000     0.000 r  
    AJ20                                              0.000     0.000 r  clk (IN)
                         net (fo=0)                   0.000     0.000    clk_IBUF_inst/I
    AJ20                 INBUF (Prop_INBUF_HPIOB_M_PAD_O)
                                                      0.565     0.565 r  clk_IBUF_inst/INBUF_INST/O
                         net (fo=1, routed)           0.000     0.565    clk_IBUF_inst/OUT
    AJ20                 IBUFCTRL (Prop_IBUFCTRL_HPIOB_M_I_O)
                                                      0.000     0.565 r  clk_IBUF_inst/IBUFCTRL_INST/O
                         net (fo=1, routed)           0.336     0.901    clk_IBUF
    BUFGCE_X1Y71         BUFGCE (Prop_BUFCE_BUFGCE_I_O)
                                                      0.028     0.929 r  clk_IBUF_BUFG_inst/O
    X2Y2 (CLOCK_ROOT)    net (fo=185587, routed)      1.281     2.210    u_system/u_replay/g_array.u_array/clk_IBUF_BUFG
    SLICE_X67Y151        FDCE                                         r  u_system/u_replay/g_array.u_array/drain_row_rep_r_reg[47]_rep__8/C
  -------------------------------------------------------------------    -------------------
    SLICE_X67Y151        FDCE (Prop_HFF_SLICEM_C_Q)
                                                      0.079     2.289 r  u_system/u_replay/g_array.u_array/drain_row_rep_r_reg[47]_rep__8/Q
                         net (fo=96, routed)          3.426     5.715    u_system/u_replay/g_array.u_array/u_array/u_ref/g_row[3].g_col[7].u_pe/g_output_pipe.acc_row_reg[490]
    SLICE_X21Y348        MUXF8 (Prop_F8MUX_TOP_SLICEM_S_O)
                                                      0.074     5.789 r  u_system/u_replay/g_array.u_array/u_array/u_ref/g_row[3].g_col[7].u_pe/g_output_pipe.acc_row_reg[458]_i_1/O
                         net (fo=1, routed)           0.040     5.829    u_system/u_replay/g_array.u_array/acc_row_i[458]
    SLICE_X21Y348        FDCE                                         r  u_system/u_replay/g_array.u_array/g_output_pipe.acc_row_reg[458]/D
  -------------------------------------------------------------------    -------------------

                         (clock clk rise edge)        4.000     4.000 r  
    AJ20                                              0.000     4.000 r  clk (IN)
                         net (fo=0)                   0.000     4.000    clk_IBUF_inst/I
    AJ20                 INBUF (Prop_INBUF_HPIOB_M_PAD_O)
                                                      0.315     4.315 r  clk_IBUF_inst/INBUF_INST/O
                         net (fo=1, routed)           0.000     4.315    clk_IBUF_inst/OUT
    AJ20                 IBUFCTRL (Prop_IBUFCTRL_HPIOB_M_I_O)
                                                      0.000     4.315 r  clk_IBUF_inst/IBUFCTRL_INST/O
                         net (fo=1, routed)           0.301     4.616    clk_IBUF
    BUFGCE_X1Y71         BUFGCE (Prop_BUFCE_BUFGCE_I_O)
                                                      0.024     4.640 r  clk_IBUF_BUFG_inst/O
    X2Y2 (CLOCK_ROOT)    net (fo=185587, routed)      1.453     6.093    u_system/u_replay/g_array.u_array/clk_IBUF_BUFG
    SLICE_X21Y348        FDCE                                         r  u_system/u_replay/g_array.u_array/g_output_pipe.acc_row_reg[458]/C
                         clock pessimism              0.305     6.398    
                         clock uncertainty           -0.085     6.313    
    SLICE_X21Y348        FDCE (Setup_GFF_SLICEM_C_D)
                                                      0.025     6.338    u_system/u_replay/g_array.u_array/g_output_pipe.acc_row_reg[458]
  -------------------------------------------------------------------
                         required time                          6.338    
                         arrival time                          -5.829    
  -------------------------------------------------------------------
                         slack                                  0.509    

Slack (MET) :             0.511ns  (required time - arrival time)
  Source:                 u_system/u_replay/g_array.u_array/drain_row_rep_r_reg[47]_rep__19/C
                            (rising edge-triggered cell FDCE clocked by clk  {rise@0.000ns fall@2.000ns period=4.000ns})
  Destination:            u_system/u_replay/g_array.u_array/g_output_pipe.acc_row_reg[21]/D
                            (rising edge-triggered cell FDCE clocked by clk  {rise@0.000ns fall@2.000ns period=4.000ns})
  Path Group:             clk
  Path Type:              Setup (Max at Slow Process Corner)
  Requirement:            4.000ns  (clk rise@4.000ns - clk rise@0.000ns)
  Data Path Delay:        3.418ns  (logic 0.153ns (4.476%)  route 3.265ns (95.524%))
  Logic Levels:           1  (MUXF8=1)
  Clock Path Skew:        -0.011ns (DCD - SCD + CPR)
    Destination Clock Delay (DCD):    1.854ns = ( 5.854 - 4.000 ) 
    Source Clock Delay      (SCD):    2.170ns
    Clock Pessimism Removal (CPR):    0.305ns
  Clock Uncertainty:      0.085ns  ((TSJ^2 + TIJ^2)^1/2 + DJ) / 2 + PE + UU
    Total System Jitter     (TSJ):    0.071ns
    Total Input Jitter      (TIJ):    0.000ns
    Discrete Jitter          (DJ):    0.000ns
    Phase Error              (PE):    0.000ns
    User Uncertainty         (UU):    0.050ns
  Clock Net Delay (Source):      1.241ns (routing 0.171ns, distribution 1.070ns)
  Clock Net Delay (Destination): 1.214ns (routing 0.155ns, distribution 1.059ns)

    Location             Delay type                Incr(ns)  Path(ns)    Netlist Resource(s)
  -------------------------------------------------------------------    -------------------
                         (clock clk rise edge)        0.000     0.000 r  
    AJ20                                              0.000     0.000 r  clk (IN)
                         net (fo=0)                   0.000     0.000    clk_IBUF_inst/I
    AJ20                 INBUF (Prop_INBUF_HPIOB_M_PAD_O)
                                                      0.565     0.565 r  clk_IBUF_inst/INBUF_INST/O
                         net (fo=1, routed)           0.000     0.565    clk_IBUF_inst/OUT
    AJ20                 IBUFCTRL (Prop_IBUFCTRL_HPIOB_M_I_O)
                                                      0.000     0.565 r  clk_IBUF_inst/IBUFCTRL_INST/O
                         net (fo=1, routed)           0.336     0.901    clk_IBUF
    BUFGCE_X1Y71         BUFGCE (Prop_BUFCE_BUFGCE_I_O)
                                                      0.028     0.929 r  clk_IBUF_BUFG_inst/O
    X2Y2 (CLOCK_ROOT)    net (fo=185587, routed)      1.241     2.170    u_system/u_replay/g_array.u_array/clk_IBUF_BUFG
    SLICE_X66Y150        FDCE                                         r  u_system/u_replay/g_array.u_array/drain_row_rep_r_reg[47]_rep__19/C
  -------------------------------------------------------------------    -------------------
    SLICE_X66Y150        FDCE (Prop_EFF_SLICEL_C_Q)
                                                      0.079     2.249 r  u_system/u_replay/g_array.u_array/drain_row_rep_r_reg[47]_rep__19/Q
                         net (fo=96, routed)          3.225     5.474    u_system/u_replay/g_array.u_array/u_array/u_ref/g_row[3].g_col[0].u_pe/g_output_pipe.acc_row_reg[21]
    SLICE_X84Y356        MUXF8 (Prop_F8MUX_TOP_SLICEM_S_O)
                                                      0.074     5.548 r  u_system/u_replay/g_array.u_array/u_array/u_ref/g_row[3].g_col[0].u_pe/g_output_pipe.acc_row_reg[21]_i_1/O
                         net (fo=1, routed)           0.040     5.588    u_system/u_replay/g_array.u_array/acc_row_i[21]
    SLICE_X84Y356        FDCE                                         r  u_system/u_replay/g_array.u_array/g_output_pipe.acc_row_reg[21]/D
  -------------------------------------------------------------------    -------------------

                         (clock clk rise edge)        4.000     4.000 r  
    AJ20                                              0.000     4.000 r  clk (IN)
                         net (fo=0)                   0.000     4.000    clk_IBUF_inst/I
    AJ20                 INBUF (Prop_INBUF_HPIOB_M_PAD_O)
                                                      0.315     4.315 r  clk_IBUF_inst/INBUF_INST/O
                         net (fo=1, routed)           0.000     4.315    clk_IBUF_inst/OUT
    AJ20                 IBUFCTRL (Prop_IBUFCTRL_HPIOB_M_I_O)
                                                      0.000     4.315 r  clk_IBUF_inst/IBUFCTRL_INST/O
                         net (fo=1, routed)           0.301     4.616    clk_IBUF
    BUFGCE_X1Y71         BUFGCE (Prop_BUFCE_BUFGCE_I_O)
                                                      0.024     4.640 r  clk_IBUF_BUFG_inst/O
    X2Y2 (CLOCK_ROOT)    net (fo=185587, routed)      1.214     5.854    u_system/u_replay/g_array.u_array/clk_IBUF_BUFG
    SLICE_X84Y356        FDCE                                         r  u_system/u_replay/g_array.u_array/g_output_pipe.acc_row_reg[21]/C
                         clock pessimism              0.305     6.159    
                         clock uncertainty           -0.085     6.074    
    SLICE_X84Y356        FDCE (Setup_GFF_SLICEM_C_D)
                                                      0.025     6.099    u_system/u_replay/g_array.u_array/g_output_pipe.acc_row_reg[21]
  -------------------------------------------------------------------
                         required time                          6.099    
                         arrival time                          -5.588    
  -------------------------------------------------------------------
                         slack                                  0.511    

Slack (MET) :             0.514ns  (required time - arrival time)
  Source:                 u_system/u_replay/g_array.u_array/drain_row_rep_r_reg[47]_rep__0/C
                            (rising edge-triggered cell FDCE clocked by clk  {rise@0.000ns fall@2.000ns period=4.000ns})
  Destination:            u_system/u_replay/g_array.u_array/g_output_pipe.acc_row_reg[354]/D
                            (rising edge-triggered cell FDCE clocked by clk  {rise@0.000ns fall@2.000ns period=4.000ns})
  Path Group:             clk
  Path Type:              Setup (Max at Slow Process Corner)
  Requirement:            4.000ns  (clk rise@4.000ns - clk rise@0.000ns)
  Data Path Delay:        3.640ns  (logic 0.150ns (4.121%)  route 3.490ns (95.879%))
  Logic Levels:           1  (MUXF8=1)
  Clock Path Skew:        0.214ns (DCD - SCD + CPR)
    Destination Clock Delay (DCD):    2.131ns = ( 6.131 - 4.000 ) 
    Source Clock Delay      (SCD):    2.222ns
    Clock Pessimism Removal (CPR):    0.305ns
  Clock Uncertainty:      0.085ns  ((TSJ^2 + TIJ^2)^1/2 + DJ) / 2 + PE + UU
    Total System Jitter     (TSJ):    0.071ns
    Total Input Jitter      (TIJ):    0.000ns
    Discrete Jitter          (DJ):    0.000ns
    Phase Error              (PE):    0.000ns
    User Uncertainty         (UU):    0.050ns
  Clock Net Delay (Source):      1.293ns (routing 0.171ns, distribution 1.122ns)
  Clock Net Delay (Destination): 1.491ns (routing 0.155ns, distribution 1.336ns)

    Location             Delay type                Incr(ns)  Path(ns)    Netlist Resource(s)
  -------------------------------------------------------------------    -------------------
                         (clock clk rise edge)        0.000     0.000 r  
    AJ20                                              0.000     0.000 r  clk (IN)
                         net (fo=0)                   0.000     0.000    clk_IBUF_inst/I
    AJ20                 INBUF (Prop_INBUF_HPIOB_M_PAD_O)
                                                      0.565     0.565 r  clk_IBUF_inst/INBUF_INST/O
                         net (fo=1, routed)           0.000     0.565    clk_IBUF_inst/OUT
    AJ20                 IBUFCTRL (Prop_IBUFCTRL_HPIOB_M_I_O)
                                                      0.000     0.565 r  clk_IBUF_inst/IBUFCTRL_INST/O
                         net (fo=1, routed)           0.336     0.901    clk_IBUF
    BUFGCE_X1Y71         BUFGCE (Prop_BUFCE_BUFGCE_I_O)
                                                      0.028     0.929 r  clk_IBUF_BUFG_inst/O
    X2Y2 (CLOCK_ROOT)    net (fo=185587, routed)      1.293     2.222    u_system/u_replay/g_array.u_array/clk_IBUF_BUFG
    SLICE_X67Y160        FDCE                                         r  u_system/u_replay/g_array.u_array/drain_row_rep_r_reg[47]_rep__0/C
  -------------------------------------------------------------------    -------------------
    SLICE_X67Y160        FDCE (Prop_EFF_SLICEM_C_Q)
                                                      0.076     2.298 r  u_system/u_replay/g_array.u_array/drain_row_rep_r_reg[47]_rep__0/Q
                         net (fo=96, routed)          3.451     5.749    u_system/u_replay/g_array.u_array/u_array/u_ref/g_row[3].g_col[5].u_pe/g_output_pipe.acc_row_reg[354]
    SLICE_X15Y297        MUXF8 (Prop_F8MUX_BOT_SLICEM_S_O)
                                                      0.074     5.823 r  u_system/u_replay/g_array.u_array/u_array/u_ref/g_row[3].g_col[5].u_pe/g_output_pipe.acc_row_reg[354]_i_1/O
                         net (fo=1, routed)           0.039     5.862    u_system/u_replay/g_array.u_array/acc_row_i[354]
    SLICE_X15Y297        FDCE                                         r  u_system/u_replay/g_array.u_array/g_output_pipe.acc_row_reg[354]/D
  -------------------------------------------------------------------    -------------------

                         (clock clk rise edge)        4.000     4.000 r  
    AJ20                                              0.000     4.000 r  clk (IN)
                         net (fo=0)                   0.000     4.000    clk_IBUF_inst/I
    AJ20                 INBUF (Prop_INBUF_HPIOB_M_PAD_O)
                                                      0.315     4.315 r  clk_IBUF_inst/INBUF_INST/O
                         net (fo=1, routed)           0.000     4.315    clk_IBUF_inst/OUT
    AJ20                 IBUFCTRL (Prop_IBUFCTRL_HPIOB_M_I_O)
                                                      0.000     4.315 r  clk_IBUF_inst/IBUFCTRL_INST/O
                         net (fo=1, routed)           0.301     4.616    clk_IBUF
    BUFGCE_X1Y71         BUFGCE (Prop_BUFCE_BUFGCE_I_O)
                                                      0.024     4.640 r  clk_IBUF_BUFG_inst/O
    X2Y2 (CLOCK_ROOT)    net (fo=185587, routed)      1.491     6.131    u_system/u_replay/g_array.u_array/clk_IBUF_BUFG
    SLICE_X15Y297        FDCE                                         r  u_system/u_replay/g_array.u_array/g_output_pipe.acc_row_reg[354]/C
                         clock pessimism              0.305     6.436    
                         clock uncertainty           -0.085     6.351    
    SLICE_X15Y297        FDCE (Setup_CFF_SLICEM_C_D)
                                                      0.025     6.376    u_system/u_replay/g_array.u_array/g_output_pipe.acc_row_reg[354]
  -------------------------------------------------------------------
                         required time                          6.376    
                         arrival time                          -5.862    
  -------------------------------------------------------------------
                         slack                                  0.514    

Slack (MET) :             0.515ns  (required time - arrival time)
  Source:                 u_system/u_replay/g_array.u_array/drain_row_rep_r_reg[47]_rep__8/C
                            (rising edge-triggered cell FDCE clocked by clk  {rise@0.000ns fall@2.000ns period=4.000ns})
  Destination:            u_system/u_replay/g_array.u_array/g_output_pipe.acc_row_reg[138]/D
                            (rising edge-triggered cell FDCE clocked by clk  {rise@0.000ns fall@2.000ns period=4.000ns})
  Path Group:             clk
  Path Type:              Setup (Max at Slow Process Corner)
  Requirement:            4.000ns  (clk rise@4.000ns - clk rise@0.000ns)
  Data Path Delay:        3.654ns  (logic 0.148ns (4.050%)  route 3.506ns (95.950%))
  Logic Levels:           1  (MUXF8=1)
  Clock Path Skew:        0.229ns (DCD - SCD + CPR)
    Destination Clock Delay (DCD):    2.134ns = ( 6.134 - 4.000 ) 
    Source Clock Delay      (SCD):    2.210ns
    Clock Pessimism Removal (CPR):    0.305ns
  Clock Uncertainty:      0.085ns  ((TSJ^2 + TIJ^2)^1/2 + DJ) / 2 + PE + UU
    Total System Jitter     (TSJ):    0.071ns
    Total Input Jitter      (TIJ):    0.000ns
    Discrete Jitter          (DJ):    0.000ns
    Phase Error              (PE):    0.000ns
    User Uncertainty         (UU):    0.050ns
  Clock Net Delay (Source):      1.281ns (routing 0.171ns, distribution 1.110ns)
  Clock Net Delay (Destination): 1.494ns (routing 0.155ns, distribution 1.339ns)

    Location             Delay type                Incr(ns)  Path(ns)    Netlist Resource(s)
  -------------------------------------------------------------------    -------------------
                         (clock clk rise edge)        0.000     0.000 r  
    AJ20                                              0.000     0.000 r  clk (IN)
                         net (fo=0)                   0.000     0.000    clk_IBUF_inst/I
    AJ20                 INBUF (Prop_INBUF_HPIOB_M_PAD_O)
                                                      0.565     0.565 r  clk_IBUF_inst/INBUF_INST/O
                         net (fo=1, routed)           0.000     0.565    clk_IBUF_inst/OUT
    AJ20                 IBUFCTRL (Prop_IBUFCTRL_HPIOB_M_I_O)
                                                      0.000     0.565 r  clk_IBUF_inst/IBUFCTRL_INST/O
                         net (fo=1, routed)           0.336     0.901    clk_IBUF
    BUFGCE_X1Y71         BUFGCE (Prop_BUFCE_BUFGCE_I_O)
                                                      0.028     0.929 r  clk_IBUF_BUFG_inst/O
    X2Y2 (CLOCK_ROOT)    net (fo=185587, routed)      1.281     2.210    u_system/u_replay/g_array.u_array/clk_IBUF_BUFG
    SLICE_X67Y151        FDCE                                         r  u_system/u_replay/g_array.u_array/drain_row_rep_r_reg[47]_rep__8/C
  -------------------------------------------------------------------    -------------------
    SLICE_X67Y151        FDCE (Prop_HFF_SLICEM_C_Q)
                                                      0.079     2.289 r  u_system/u_replay/g_array.u_array/drain_row_rep_r_reg[47]_rep__8/Q
                         net (fo=96, routed)          3.472     5.761    u_system/u_replay/g_array.u_array/u_array/u_ref/g_row[3].g_col[2].u_pe/g_output_pipe.acc_row_reg[170]
    SLICE_X10Y336        MUXF8 (Prop_F8MUX_BOT_SLICEL_S_O)
                                                      0.069     5.830 r  u_system/u_replay/g_array.u_array/u_array/u_ref/g_row[3].g_col[2].u_pe/g_output_pipe.acc_row_reg[138]_i_1/O
                         net (fo=1, routed)           0.034     5.864    u_system/u_replay/g_array.u_array/acc_row_i[138]
    SLICE_X10Y336        FDCE                                         r  u_system/u_replay/g_array.u_array/g_output_pipe.acc_row_reg[138]/D
  -------------------------------------------------------------------    -------------------

                         (clock clk rise edge)        4.000     4.000 r  
    AJ20                                              0.000     4.000 r  clk (IN)
                         net (fo=0)                   0.000     4.000    clk_IBUF_inst/I
    AJ20                 INBUF (Prop_INBUF_HPIOB_M_PAD_O)
                                                      0.315     4.315 r  clk_IBUF_inst/INBUF_INST/O
                         net (fo=1, routed)           0.000     4.315    clk_IBUF_inst/OUT
    AJ20                 IBUFCTRL (Prop_IBUFCTRL_HPIOB_M_I_O)
                                                      0.000     4.315 r  clk_IBUF_inst/IBUFCTRL_INST/O
                         net (fo=1, routed)           0.301     4.616    clk_IBUF
    BUFGCE_X1Y71         BUFGCE (Prop_BUFCE_BUFGCE_I_O)
                                                      0.024     4.640 r  clk_IBUF_BUFG_inst/O
    X2Y2 (CLOCK_ROOT)    net (fo=185587, routed)      1.494     6.134    u_system/u_replay/g_array.u_array/clk_IBUF_BUFG
    SLICE_X10Y336        FDCE                                         r  u_system/u_replay/g_array.u_array/g_output_pipe.acc_row_reg[138]/C
                         clock pessimism              0.305     6.439    
                         clock uncertainty           -0.085     6.354    
    SLICE_X10Y336        FDCE (Setup_CFF_SLICEL_C_D)
                                                      0.025     6.379    u_system/u_replay/g_array.u_array/g_output_pipe.acc_row_reg[138]
  -------------------------------------------------------------------
                         required time                          6.379    
                         arrival time                          -5.864    
  -------------------------------------------------------------------
                         slack                                  0.515    

Slack (MET) :             0.517ns  (required time - arrival time)
  Source:                 u_system/u_replay/g_array.u_array/drain_row_rep_r_reg[47]_rep__15/C
                            (rising edge-triggered cell FDCE clocked by clk  {rise@0.000ns fall@2.000ns period=4.000ns})
  Destination:            u_system/u_replay/g_array.u_array/g_output_pipe.acc_row_reg[465]/D
                            (rising edge-triggered cell FDCE clocked by clk  {rise@0.000ns fall@2.000ns period=4.000ns})
  Path Group:             clk
  Path Type:              Setup (Max at Slow Process Corner)
  Requirement:            4.000ns  (clk rise@4.000ns - clk rise@0.000ns)
  Data Path Delay:        3.610ns  (logic 0.148ns (4.100%)  route 3.462ns (95.900%))
  Logic Levels:           1  (MUXF8=1)
  Clock Path Skew:        0.187ns (DCD - SCD + CPR)
    Destination Clock Delay (DCD):    2.087ns = ( 6.087 - 4.000 ) 
    Source Clock Delay      (SCD):    2.205ns
    Clock Pessimism Removal (CPR):    0.305ns
  Clock Uncertainty:      0.085ns  ((TSJ^2 + TIJ^2)^1/2 + DJ) / 2 + PE + UU
    Total System Jitter     (TSJ):    0.071ns
    Total Input Jitter      (TIJ):    0.000ns
    Discrete Jitter          (DJ):    0.000ns
    Phase Error              (PE):    0.000ns
    User Uncertainty         (UU):    0.050ns
  Clock Net Delay (Source):      1.276ns (routing 0.171ns, distribution 1.105ns)
  Clock Net Delay (Destination): 1.447ns (routing 0.155ns, distribution 1.292ns)

    Location             Delay type                Incr(ns)  Path(ns)    Netlist Resource(s)
  -------------------------------------------------------------------    -------------------
                         (clock clk rise edge)        0.000     0.000 r  
    AJ20                                              0.000     0.000 r  clk (IN)
                         net (fo=0)                   0.000     0.000    clk_IBUF_inst/I
    AJ20                 INBUF (Prop_INBUF_HPIOB_M_PAD_O)
                                                      0.565     0.565 r  clk_IBUF_inst/INBUF_INST/O
                         net (fo=1, routed)           0.000     0.565    clk_IBUF_inst/OUT
    AJ20                 IBUFCTRL (Prop_IBUFCTRL_HPIOB_M_I_O)
                                                      0.000     0.565 r  clk_IBUF_inst/IBUFCTRL_INST/O
                         net (fo=1, routed)           0.336     0.901    clk_IBUF
    BUFGCE_X1Y71         BUFGCE (Prop_BUFCE_BUFGCE_I_O)
                                                      0.028     0.929 r  clk_IBUF_BUFG_inst/O
    X2Y2 (CLOCK_ROOT)    net (fo=185587, routed)      1.276     2.205    u_system/u_replay/g_array.u_array/clk_IBUF_BUFG
    SLICE_X69Y153        FDCE                                         r  u_system/u_replay/g_array.u_array/drain_row_rep_r_reg[47]_rep__15/C
  -------------------------------------------------------------------    -------------------
    SLICE_X69Y153        FDCE (Prop_EFF_SLICEL_C_Q)
                                                      0.079     2.284 r  u_system/u_replay/g_array.u_array/drain_row_rep_r_reg[47]_rep__15/Q
                         net (fo=96, routed)          3.428     5.712    u_system/u_replay/g_array.u_array/u_array/u_ref/g_row[3].g_col[7].u_pe/g_output_pipe.acc_row_reg[497]
    SLICE_X24Y350        MUXF8 (Prop_F8MUX_TOP_SLICEL_S_O)
                                                      0.069     5.781 r  u_system/u_replay/g_array.u_array/u_array/u_ref/g_row[3].g_col[7].u_pe/g_output_pipe.acc_row_reg[465]_i_1/O
                         net (fo=1, routed)           0.034     5.815    u_system/u_replay/g_array.u_array/acc_row_i[465]
    SLICE_X24Y350        FDCE                                         r  u_system/u_replay/g_array.u_array/g_output_pipe.acc_row_reg[465]/D
  -------------------------------------------------------------------    -------------------

                         (clock clk rise edge)        4.000     4.000 r  
    AJ20                                              0.000     4.000 r  clk (IN)
                         net (fo=0)                   0.000     4.000    clk_IBUF_inst/I
    AJ20                 INBUF (Prop_INBUF_HPIOB_M_PAD_O)
                                                      0.315     4.315 r  clk_IBUF_inst/INBUF_INST/O
                         net (fo=1, routed)           0.000     4.315    clk_IBUF_inst/OUT
    AJ20                 IBUFCTRL (Prop_IBUFCTRL_HPIOB_M_I_O)
                                                      0.000     4.315 r  clk_IBUF_inst/IBUFCTRL_INST/O
                         net (fo=1, routed)           0.301     4.616    clk_IBUF
    BUFGCE_X1Y71         BUFGCE (Prop_BUFCE_BUFGCE_I_O)
                                                      0.024     4.640 r  clk_IBUF_BUFG_inst/O
    X2Y2 (CLOCK_ROOT)    net (fo=185587, routed)      1.447     6.087    u_system/u_replay/g_array.u_array/clk_IBUF_BUFG
    SLICE_X24Y350        FDCE                                         r  u_system/u_replay/g_array.u_array/g_output_pipe.acc_row_reg[465]/C
                         clock pessimism              0.305     6.392    
                         clock uncertainty           -0.085     6.307    
    SLICE_X24Y350        FDCE (Setup_GFF_SLICEL_C_D)
                                                      0.025     6.332    u_system/u_replay/g_array.u_array/g_output_pipe.acc_row_reg[465]
  -------------------------------------------------------------------
                         required time                          6.332    
                         arrival time                          -5.815    
  -------------------------------------------------------------------
                         slack                                  0.517    

Slack (MET) :             0.518ns  (required time - arrival time)
  Source:                 u_system/u_replay/g_array.u_array/drain_row_rep_r_reg[47]_rep__19/C
                            (rising edge-triggered cell FDCE clocked by clk  {rise@0.000ns fall@2.000ns period=4.000ns})
  Destination:            u_system/u_replay/g_array.u_array/g_output_pipe.acc_row_reg[149]/D
                            (rising edge-triggered cell FDCE clocked by clk  {rise@0.000ns fall@2.000ns period=4.000ns})
  Path Group:             clk
  Path Type:              Setup (Max at Slow Process Corner)
  Requirement:            4.000ns  (clk rise@4.000ns - clk rise@0.000ns)
  Data Path Delay:        3.702ns  (logic 0.153ns (4.133%)  route 3.549ns (95.867%))
  Logic Levels:           1  (MUXF8=1)
  Clock Path Skew:        0.280ns (DCD - SCD + CPR)
    Destination Clock Delay (DCD):    2.145ns = ( 6.145 - 4.000 ) 
    Source Clock Delay      (SCD):    2.170ns
    Clock Pessimism Removal (CPR):    0.305ns
  Clock Uncertainty:      0.085ns  ((TSJ^2 + TIJ^2)^1/2 + DJ) / 2 + PE + UU
    Total System Jitter     (TSJ):    0.071ns
    Total Input Jitter      (TIJ):    0.000ns
    Discrete Jitter          (DJ):    0.000ns
    Phase Error              (PE):    0.000ns
    User Uncertainty         (UU):    0.050ns
  Clock Net Delay (Source):      1.241ns (routing 0.171ns, distribution 1.070ns)
  Clock Net Delay (Destination): 1.505ns (routing 0.155ns, distribution 1.350ns)

    Location             Delay type                Incr(ns)  Path(ns)    Netlist Resource(s)
  -------------------------------------------------------------------    -------------------
                         (clock clk rise edge)        0.000     0.000 r  
    AJ20                                              0.000     0.000 r  clk (IN)
                         net (fo=0)                   0.000     0.000    clk_IBUF_inst/I
    AJ20                 INBUF (Prop_INBUF_HPIOB_M_PAD_O)
                                                      0.565     0.565 r  clk_IBUF_inst/INBUF_INST/O
                         net (fo=1, routed)           0.000     0.565    clk_IBUF_inst/OUT
    AJ20                 IBUFCTRL (Prop_IBUFCTRL_HPIOB_M_I_O)
                                                      0.000     0.565 r  clk_IBUF_inst/IBUFCTRL_INST/O
                         net (fo=1, routed)           0.336     0.901    clk_IBUF
    BUFGCE_X1Y71         BUFGCE (Prop_BUFCE_BUFGCE_I_O)
                                                      0.028     0.929 r  clk_IBUF_BUFG_inst/O
    X2Y2 (CLOCK_ROOT)    net (fo=185587, routed)      1.241     2.170    u_system/u_replay/g_array.u_array/clk_IBUF_BUFG
    SLICE_X66Y150        FDCE                                         r  u_system/u_replay/g_array.u_array/drain_row_rep_r_reg[47]_rep__19/C
  -------------------------------------------------------------------    -------------------
    SLICE_X66Y150        FDCE (Prop_EFF_SLICEL_C_Q)
                                                      0.079     2.249 r  u_system/u_replay/g_array.u_array/drain_row_rep_r_reg[47]_rep__19/Q
                         net (fo=96, routed)          3.509     5.758    u_system/u_replay/g_array.u_array/u_array/u_ref/g_row[3].g_col[2].u_pe/g_output_pipe.acc_row_reg[181]
    SLICE_X9Y344         MUXF8 (Prop_F8MUX_TOP_SLICEM_S_O)
                                                      0.074     5.832 r  u_system/u_replay/g_array.u_array/u_array/u_ref/g_row[3].g_col[2].u_pe/g_output_pipe.acc_row_reg[149]_i_1/O
                         net (fo=1, routed)           0.040     5.872    u_system/u_replay/g_array.u_array/acc_row_i[149]
    SLICE_X9Y344         FDCE                                         r  u_system/u_replay/g_array.u_array/g_output_pipe.acc_row_reg[149]/D
  -------------------------------------------------------------------    -------------------

                         (clock clk rise edge)        4.000     4.000 r  
    AJ20                                              0.000     4.000 r  clk (IN)
                         net (fo=0)                   0.000     4.000    clk_IBUF_inst/I
    AJ20                 INBUF (Prop_INBUF_HPIOB_M_PAD_O)
                                                      0.315     4.315 r  clk_IBUF_inst/INBUF_INST/O
                         net (fo=1, routed)           0.000     4.315    clk_IBUF_inst/OUT
    AJ20                 IBUFCTRL (Prop_IBUFCTRL_HPIOB_M_I_O)
                                                      0.000     4.315 r  clk_IBUF_inst/IBUFCTRL_INST/O
                         net (fo=1, routed)           0.301     4.616    clk_IBUF
    BUFGCE_X1Y71         BUFGCE (Prop_BUFCE_BUFGCE_I_O)
                                                      0.024     4.640 r  clk_IBUF_BUFG_inst/O
    X2Y2 (CLOCK_ROOT)    net (fo=185587, routed)      1.505     6.145    u_system/u_replay/g_array.u_array/clk_IBUF_BUFG
    SLICE_X9Y344         FDCE                                         r  u_system/u_replay/g_array.u_array/g_output_pipe.acc_row_reg[149]/C
                         clock pessimism              0.305     6.450    
                         clock uncertainty           -0.085     6.365    
    SLICE_X9Y344         FDCE (Setup_GFF_SLICEM_C_D)
                                                      0.025     6.390    u_system/u_replay/g_array.u_array/g_output_pipe.acc_row_reg[149]
  -------------------------------------------------------------------
                         required time                          6.390    
                         arrival time                          -5.872    
  -------------------------------------------------------------------
                         slack                                  0.518    

Slack (MET) :             0.522ns  (required time - arrival time)
  Source:                 u_system/u_replay/g_array.u_array/drain_row_rep_r_reg[47]_rep__19/C
                            (rising edge-triggered cell FDCE clocked by clk  {rise@0.000ns fall@2.000ns period=4.000ns})
  Destination:            u_system/u_replay/g_array.u_array/g_output_pipe.acc_row_reg[533]/D
                            (rising edge-triggered cell FDCE clocked by clk  {rise@0.000ns fall@2.000ns period=4.000ns})
  Path Group:             clk
  Path Type:              Setup (Max at Slow Process Corner)
  Requirement:            4.000ns  (clk rise@4.000ns - clk rise@0.000ns)
  Data Path Delay:        3.602ns  (logic 0.153ns (4.248%)  route 3.449ns (95.752%))
  Logic Levels:           1  (MUXF8=1)
  Clock Path Skew:        0.184ns (DCD - SCD + CPR)
    Destination Clock Delay (DCD):    2.049ns = ( 6.049 - 4.000 ) 
    Source Clock Delay      (SCD):    2.170ns
    Clock Pessimism Removal (CPR):    0.305ns
  Clock Uncertainty:      0.085ns  ((TSJ^2 + TIJ^2)^1/2 + DJ) / 2 + PE + UU
    Total System Jitter     (TSJ):    0.071ns
    Total Input Jitter      (TIJ):    0.000ns
    Discrete Jitter          (DJ):    0.000ns
    Phase Error              (PE):    0.000ns
    User Uncertainty         (UU):    0.050ns
  Clock Net Delay (Source):      1.241ns (routing 0.171ns, distribution 1.070ns)
  Clock Net Delay (Destination): 1.409ns (routing 0.155ns, distribution 1.254ns)

    Location             Delay type                Incr(ns)  Path(ns)    Netlist Resource(s)
  -------------------------------------------------------------------    -------------------
                         (clock clk rise edge)        0.000     0.000 r  
    AJ20                                              0.000     0.000 r  clk (IN)
                         net (fo=0)                   0.000     0.000    clk_IBUF_inst/I
    AJ20                 INBUF (Prop_INBUF_HPIOB_M_PAD_O)
                                                      0.565     0.565 r  clk_IBUF_inst/INBUF_INST/O
                         net (fo=1, routed)           0.000     0.565    clk_IBUF_inst/OUT
    AJ20                 IBUFCTRL (Prop_IBUFCTRL_HPIOB_M_I_O)
                                                      0.000     0.565 r  clk_IBUF_inst/IBUFCTRL_INST/O
                         net (fo=1, routed)           0.336     0.901    clk_IBUF
    BUFGCE_X1Y71         BUFGCE (Prop_BUFCE_BUFGCE_I_O)
                                                      0.028     0.929 r  clk_IBUF_BUFG_inst/O
    X2Y2 (CLOCK_ROOT)    net (fo=185587, routed)      1.241     2.170    u_system/u_replay/g_array.u_array/clk_IBUF_BUFG
    SLICE_X66Y150        FDCE                                         r  u_system/u_replay/g_array.u_array/drain_row_rep_r_reg[47]_rep__19/C
  -------------------------------------------------------------------    -------------------
    SLICE_X66Y150        FDCE (Prop_EFF_SLICEL_C_Q)
                                                      0.079     2.249 r  u_system/u_replay/g_array.u_array/drain_row_rep_r_reg[47]_rep__19/Q
                         net (fo=96, routed)          3.410     5.659    u_system/u_replay/g_array.u_array/u_array/u_ref/g_row[3].g_col[8].u_pe/g_output_pipe.acc_row_reg[565]
    SLICE_X31Y331        MUXF8 (Prop_F8MUX_BOT_SLICEM_S_O)
                                                      0.074     5.733 r  u_system/u_replay/g_array.u_array/u_array/u_ref/g_row[3].g_col[8].u_pe/g_output_pipe.acc_row_reg[533]_i_1/O
                         net (fo=1, routed)           0.039     5.772    u_system/u_replay/g_array.u_array/acc_row_i[533]
    SLICE_X31Y331        FDCE                                         r  u_system/u_replay/g_array.u_array/g_output_pipe.acc_row_reg[533]/D
  -------------------------------------------------------------------    -------------------

                         (clock clk rise edge)        4.000     4.000 r  
    AJ20                                              0.000     4.000 r  clk (IN)
                         net (fo=0)                   0.000     4.000    clk_IBUF_inst/I
    AJ20                 INBUF (Prop_INBUF_HPIOB_M_PAD_O)
                                                      0.315     4.315 r  clk_IBUF_inst/INBUF_INST/O
                         net (fo=1, routed)           0.000     4.315    clk_IBUF_inst/OUT
    AJ20                 IBUFCTRL (Prop_IBUFCTRL_HPIOB_M_I_O)
                                                      0.000     4.315 r  clk_IBUF_inst/IBUFCTRL_INST/O
                         net (fo=1, routed)           0.301     4.616    clk_IBUF
    BUFGCE_X1Y71         BUFGCE (Prop_BUFCE_BUFGCE_I_O)
                                                      0.024     4.640 r  clk_IBUF_BUFG_inst/O
    X2Y2 (CLOCK_ROOT)    net (fo=185587, routed)      1.409     6.049    u_system/u_replay/g_array.u_array/clk_IBUF_BUFG
    SLICE_X31Y331        FDCE                                         r  u_system/u_replay/g_array.u_array/g_output_pipe.acc_row_reg[533]/C
                         clock pessimism              0.305     6.354    
                         clock uncertainty           -0.085     6.269    
    SLICE_X31Y331        FDCE (Setup_CFF_SLICEM_C_D)
                                                      0.025     6.294    u_system/u_replay/g_array.u_array/g_output_pipe.acc_row_reg[533]
  -------------------------------------------------------------------
                         required time                          6.294    
                         arrival time                          -5.772    
  -------------------------------------------------------------------
                         slack                                  0.522    

Slack (MET) :             0.526ns  (required time - arrival time)
  Source:                 u_system/u_replay/g_array.u_array/drain_row_rep_r_reg[47]_rep__5/C
                            (rising edge-triggered cell FDCE clocked by clk  {rise@0.000ns fall@2.000ns period=4.000ns})
  Destination:            u_system/u_replay/g_array.u_array/g_output_pipe.acc_row_reg[519]/D
                            (rising edge-triggered cell FDCE clocked by clk  {rise@0.000ns fall@2.000ns period=4.000ns})
  Path Group:             clk
  Path Type:              Setup (Max at Slow Process Corner)
  Requirement:            4.000ns  (clk rise@4.000ns - clk rise@0.000ns)
  Data Path Delay:        3.533ns  (logic 0.150ns (4.246%)  route 3.383ns (95.754%))
  Logic Levels:           1  (MUXF8=1)
  Clock Path Skew:        0.119ns (DCD - SCD + CPR)
    Destination Clock Delay (DCD):    2.046ns = ( 6.046 - 4.000 ) 
    Source Clock Delay      (SCD):    2.232ns
    Clock Pessimism Removal (CPR):    0.305ns
  Clock Uncertainty:      0.085ns  ((TSJ^2 + TIJ^2)^1/2 + DJ) / 2 + PE + UU
    Total System Jitter     (TSJ):    0.071ns
    Total Input Jitter      (TIJ):    0.000ns
    Discrete Jitter          (DJ):    0.000ns
    Phase Error              (PE):    0.000ns
    User Uncertainty         (UU):    0.050ns
  Clock Net Delay (Source):      1.303ns (routing 0.171ns, distribution 1.132ns)
  Clock Net Delay (Destination): 1.406ns (routing 0.155ns, distribution 1.251ns)

    Location             Delay type                Incr(ns)  Path(ns)    Netlist Resource(s)
  -------------------------------------------------------------------    -------------------
                         (clock clk rise edge)        0.000     0.000 r  
    AJ20                                              0.000     0.000 r  clk (IN)
                         net (fo=0)                   0.000     0.000    clk_IBUF_inst/I
    AJ20                 INBUF (Prop_INBUF_HPIOB_M_PAD_O)
                                                      0.565     0.565 r  clk_IBUF_inst/INBUF_INST/O
                         net (fo=1, routed)           0.000     0.565    clk_IBUF_inst/OUT
    AJ20                 IBUFCTRL (Prop_IBUFCTRL_HPIOB_M_I_O)
                                                      0.000     0.565 r  clk_IBUF_inst/IBUFCTRL_INST/O
                         net (fo=1, routed)           0.336     0.901    clk_IBUF
    BUFGCE_X1Y71         BUFGCE (Prop_BUFCE_BUFGCE_I_O)
                                                      0.028     0.929 r  clk_IBUF_BUFG_inst/O
    X2Y2 (CLOCK_ROOT)    net (fo=185587, routed)      1.303     2.232    u_system/u_replay/g_array.u_array/clk_IBUF_BUFG
    SLICE_X68Y179        FDCE                                         r  u_system/u_replay/g_array.u_array/drain_row_rep_r_reg[47]_rep__5/C
  -------------------------------------------------------------------    -------------------
    SLICE_X68Y179        FDCE (Prop_EFF2_SLICEL_C_Q)
                                                      0.081     2.313 r  u_system/u_replay/g_array.u_array/drain_row_rep_r_reg[47]_rep__5/Q
                         net (fo=96, routed)          3.349     5.662    u_system/u_replay/g_array.u_array/u_array/u_ref/g_row[3].g_col[8].u_pe/g_output_pipe.acc_row_reg[551]
    SLICE_X40Y323        MUXF8 (Prop_F8MUX_TOP_SLICEL_S_O)
                                                      0.069     5.731 r  u_system/u_replay/g_array.u_array/u_array/u_ref/g_row[3].g_col[8].u_pe/g_output_pipe.acc_row_reg[519]_i_1/O
                         net (fo=1, routed)           0.034     5.765    u_system/u_replay/g_array.u_array/acc_row_i[519]
    SLICE_X40Y323        FDCE                                         r  u_system/u_replay/g_array.u_array/g_output_pipe.acc_row_reg[519]/D
  -------------------------------------------------------------------    -------------------

                         (clock clk rise edge)        4.000     4.000 r  
    AJ20                                              0.000     4.000 r  clk (IN)
                         net (fo=0)                   0.000     4.000    clk_IBUF_inst/I
    AJ20                 INBUF (Prop_INBUF_HPIOB_M_PAD_O)
                                                      0.315     4.315 r  clk_IBUF_inst/INBUF_INST/O
                         net (fo=1, routed)           0.000     4.315    clk_IBUF_inst/OUT
    AJ20                 IBUFCTRL (Prop_IBUFCTRL_HPIOB_M_I_O)
                                                      0.000     4.315 r  clk_IBUF_inst/IBUFCTRL_INST/O
                         net (fo=1, routed)           0.301     4.616    clk_IBUF
    BUFGCE_X1Y71         BUFGCE (Prop_BUFCE_BUFGCE_I_O)
                                                      0.024     4.640 r  clk_IBUF_BUFG_inst/O
    X2Y2 (CLOCK_ROOT)    net (fo=185587, routed)      1.406     6.046    u_system/u_replay/g_array.u_array/clk_IBUF_BUFG
    SLICE_X40Y323        FDCE                                         r  u_system/u_replay/g_array.u_array/g_output_pipe.acc_row_reg[519]/C
                         clock pessimism              0.305     6.351    
                         clock uncertainty           -0.085     6.266    
    SLICE_X40Y323        FDCE (Setup_GFF_SLICEL_C_D)
                                                      0.025     6.291    u_system/u_replay/g_array.u_array/g_output_pipe.acc_row_reg[519]
  -------------------------------------------------------------------
                         required time                          6.291    
                         arrival time                          -5.765    
  -------------------------------------------------------------------
                         slack                                  0.526    

Slack (MET) :             0.527ns  (required time - arrival time)
  Source:                 u_system/u_replay/g_array.u_array/drain_row_rep_r_reg[47]_rep__20/C
                            (rising edge-triggered cell FDCE clocked by clk  {rise@0.000ns fall@2.000ns period=4.000ns})
  Destination:            u_system/u_replay/g_array.u_array/g_output_pipe.acc_row_reg[278]/D
                            (rising edge-triggered cell FDCE clocked by clk  {rise@0.000ns fall@2.000ns period=4.000ns})
  Path Group:             clk
  Path Type:              Setup (Max at Slow Process Corner)
  Requirement:            4.000ns  (clk rise@4.000ns - clk rise@0.000ns)
  Data Path Delay:        3.529ns  (logic 0.151ns (4.279%)  route 3.378ns (95.721%))
  Logic Levels:           1  (MUXF8=1)
  Clock Path Skew:        0.116ns (DCD - SCD + CPR)
    Destination Clock Delay (DCD):    2.117ns = ( 6.117 - 4.000 ) 
    Source Clock Delay      (SCD):    2.306ns
    Clock Pessimism Removal (CPR):    0.305ns
  Clock Uncertainty:      0.085ns  ((TSJ^2 + TIJ^2)^1/2 + DJ) / 2 + PE + UU
    Total System Jitter     (TSJ):    0.071ns
    Total Input Jitter      (TIJ):    0.000ns
    Discrete Jitter          (DJ):    0.000ns
    Phase Error              (PE):    0.000ns
    User Uncertainty         (UU):    0.050ns
  Clock Net Delay (Source):      1.377ns (routing 0.171ns, distribution 1.206ns)
  Clock Net Delay (Destination): 1.477ns (routing 0.155ns, distribution 1.322ns)

    Location             Delay type                Incr(ns)  Path(ns)    Netlist Resource(s)
  -------------------------------------------------------------------    -------------------
                         (clock clk rise edge)        0.000     0.000 r  
    AJ20                                              0.000     0.000 r  clk (IN)
                         net (fo=0)                   0.000     0.000    clk_IBUF_inst/I
    AJ20                 INBUF (Prop_INBUF_HPIOB_M_PAD_O)
                                                      0.565     0.565 r  clk_IBUF_inst/INBUF_INST/O
                         net (fo=1, routed)           0.000     0.565    clk_IBUF_inst/OUT
    AJ20                 IBUFCTRL (Prop_IBUFCTRL_HPIOB_M_I_O)
                                                      0.000     0.565 r  clk_IBUF_inst/IBUFCTRL_INST/O
                         net (fo=1, routed)           0.336     0.901    clk_IBUF
    BUFGCE_X1Y71         BUFGCE (Prop_BUFCE_BUFGCE_I_O)
                                                      0.028     0.929 r  clk_IBUF_BUFG_inst/O
    X2Y2 (CLOCK_ROOT)    net (fo=185587, routed)      1.377     2.306    u_system/u_replay/g_array.u_array/clk_IBUF_BUFG
    SLICE_X71Y183        FDCE                                         r  u_system/u_replay/g_array.u_array/drain_row_rep_r_reg[47]_rep__20/C
  -------------------------------------------------------------------    -------------------
    SLICE_X71Y183        FDCE (Prop_AFF_SLICEM_C_Q)
                                                      0.077     2.383 r  u_system/u_replay/g_array.u_array/drain_row_rep_r_reg[47]_rep__20/Q
                         net (fo=96, routed)          3.338     5.721    u_system/u_replay/g_array.u_array/u_array/u_ref/g_row[3].g_col[4].u_pe/g_output_pipe.acc_row_reg[310]
    SLICE_X6Y270         MUXF8 (Prop_F8MUX_TOP_SLICEM_S_O)
                                                      0.074     5.795 r  u_system/u_replay/g_array.u_array/u_array/u_ref/g_row[3].g_col[4].u_pe/g_output_pipe.acc_row_reg[278]_i_1/O
                         net (fo=1, routed)           0.040     5.835    u_system/u_replay/g_array.u_array/acc_row_i[278]
    SLICE_X6Y270         FDCE                                         r  u_system/u_replay/g_array.u_array/g_output_pipe.acc_row_reg[278]/D
  -------------------------------------------------------------------    -------------------

                         (clock clk rise edge)        4.000     4.000 r  
    AJ20                                              0.000     4.000 r  clk (IN)
                         net (fo=0)                   0.000     4.000    clk_IBUF_inst/I
    AJ20                 INBUF (Prop_INBUF_HPIOB_M_PAD_O)
                                                      0.315     4.315 r  clk_IBUF_inst/INBUF_INST/O
                         net (fo=1, routed)           0.000     4.315    clk_IBUF_inst/OUT
    AJ20                 IBUFCTRL (Prop_IBUFCTRL_HPIOB_M_I_O)
                                                      0.000     4.315 r  clk_IBUF_inst/IBUFCTRL_INST/O
                         net (fo=1, routed)           0.301     4.616    clk_IBUF
    BUFGCE_X1Y71         BUFGCE (Prop_BUFCE_BUFGCE_I_O)
                                                      0.024     4.640 r  clk_IBUF_BUFG_inst/O
    X2Y2 (CLOCK_ROOT)    net (fo=185587, routed)      1.477     6.117    u_system/u_replay/g_array.u_array/clk_IBUF_BUFG
    SLICE_X6Y270         FDCE                                         r  u_system/u_replay/g_array.u_array/g_output_pipe.acc_row_reg[278]/C
                         clock pessimism              0.305     6.422    
                         clock uncertainty           -0.085     6.337    
    SLICE_X6Y270         FDCE (Setup_GFF_SLICEM_C_D)
                                                      0.025     6.362    u_system/u_replay/g_array.u_array/g_output_pipe.acc_row_reg[278]
  -------------------------------------------------------------------
                         required time                          6.362    
                         arrival time                          -5.835    
  -------------------------------------------------------------------
                         slack                                  0.527    

Slack (MET) :             0.527ns  (required time - arrival time)
  Source:                 u_system/u_replay/g_array.u_array/drain_row_rep_r_reg[47]_rep__23/C
                            (rising edge-triggered cell FDCE clocked by clk  {rise@0.000ns fall@2.000ns period=4.000ns})
  Destination:            u_system/u_replay/g_array.u_array/g_output_pipe.acc_row_reg[537]/D
                            (rising edge-triggered cell FDCE clocked by clk  {rise@0.000ns fall@2.000ns period=4.000ns})
  Path Group:             clk
  Path Type:              Setup (Max at Slow Process Corner)
  Requirement:            4.000ns  (clk rise@4.000ns - clk rise@0.000ns)
  Data Path Delay:        3.537ns  (logic 0.150ns (4.241%)  route 3.387ns (95.759%))
  Logic Levels:           1  (MUXF8=1)
  Clock Path Skew:        0.124ns (DCD - SCD + CPR)
    Destination Clock Delay (DCD):    2.050ns = ( 6.050 - 4.000 ) 
    Source Clock Delay      (SCD):    2.231ns
    Clock Pessimism Removal (CPR):    0.305ns
  Clock Uncertainty:      0.085ns  ((TSJ^2 + TIJ^2)^1/2 + DJ) / 2 + PE + UU
    Total System Jitter     (TSJ):    0.071ns
    Total Input Jitter      (TIJ):    0.000ns
    Discrete Jitter          (DJ):    0.000ns
    Phase Error              (PE):    0.000ns
    User Uncertainty         (UU):    0.050ns
  Clock Net Delay (Source):      1.302ns (routing 0.171ns, distribution 1.131ns)
  Clock Net Delay (Destination): 1.410ns (routing 0.155ns, distribution 1.255ns)

    Location             Delay type                Incr(ns)  Path(ns)    Netlist Resource(s)
  -------------------------------------------------------------------    -------------------
                         (clock clk rise edge)        0.000     0.000 r  
    AJ20                                              0.000     0.000 r  clk (IN)
                         net (fo=0)                   0.000     0.000    clk_IBUF_inst/I
    AJ20                 INBUF (Prop_INBUF_HPIOB_M_PAD_O)
                                                      0.565     0.565 r  clk_IBUF_inst/INBUF_INST/O
                         net (fo=1, routed)           0.000     0.565    clk_IBUF_inst/OUT
    AJ20                 IBUFCTRL (Prop_IBUFCTRL_HPIOB_M_I_O)
                                                      0.000     0.565 r  clk_IBUF_inst/IBUFCTRL_INST/O
                         net (fo=1, routed)           0.336     0.901    clk_IBUF
    BUFGCE_X1Y71         BUFGCE (Prop_BUFCE_BUFGCE_I_O)
                                                      0.028     0.929 r  clk_IBUF_BUFG_inst/O
    X2Y2 (CLOCK_ROOT)    net (fo=185587, routed)      1.302     2.231    u_system/u_replay/g_array.u_array/clk_IBUF_BUFG
    SLICE_X67Y174        FDCE                                         r  u_system/u_replay/g_array.u_array/drain_row_rep_r_reg[47]_rep__23/C
  -------------------------------------------------------------------    -------------------
    SLICE_X67Y174        FDCE (Prop_EFF_SLICEM_C_Q)
                                                      0.076     2.307 r  u_system/u_replay/g_array.u_array/drain_row_rep_r_reg[47]_rep__23/Q
                         net (fo=96, routed)          3.348     5.655    u_system/u_replay/g_array.u_array/u_array/u_ref/g_row[3].g_col[8].u_pe/g_output_pipe.acc_row_reg[569]
    SLICE_X31Y332        MUXF8 (Prop_F8MUX_BOT_SLICEM_S_O)
                                                      0.074     5.729 r  u_system/u_replay/g_array.u_array/u_array/u_ref/g_row[3].g_col[8].u_pe/g_output_pipe.acc_row_reg[537]_i_1/O
                         net (fo=1, routed)           0.039     5.768    u_system/u_replay/g_array.u_array/acc_row_i[537]
    SLICE_X31Y332        FDCE                                         r  u_system/u_replay/g_array.u_array/g_output_pipe.acc_row_reg[537]/D
  -------------------------------------------------------------------    -------------------

                         (clock clk rise edge)        4.000     4.000 r  
    AJ20                                              0.000     4.000 r  clk (IN)
                         net (fo=0)                   0.000     4.000    clk_IBUF_inst/I
    AJ20                 INBUF (Prop_INBUF_HPIOB_M_PAD_O)
                                                      0.315     4.315 r  clk_IBUF_inst/INBUF_INST/O
                         net (fo=1, routed)           0.000     4.315    clk_IBUF_inst/OUT
    AJ20                 IBUFCTRL (Prop_IBUFCTRL_HPIOB_M_I_O)
                                                      0.000     4.315 r  clk_IBUF_inst/IBUFCTRL_INST/O
                         net (fo=1, routed)           0.301     4.616    clk_IBUF
    BUFGCE_X1Y71         BUFGCE (Prop_BUFCE_BUFGCE_I_O)
                                                      0.024     4.640 r  clk_IBUF_BUFG_inst/O
    X2Y2 (CLOCK_ROOT)    net (fo=185587, routed)      1.410     6.050    u_system/u_replay/g_array.u_array/clk_IBUF_BUFG
    SLICE_X31Y332        FDCE                                         r  u_system/u_replay/g_array.u_array/g_output_pipe.acc_row_reg[537]/C
                         clock pessimism              0.305     6.355    
                         clock uncertainty           -0.085     6.270    
    SLICE_X31Y332        FDCE (Setup_CFF_SLICEM_C_D)
                                                      0.025     6.295    u_system/u_replay/g_array.u_array/g_output_pipe.acc_row_reg[537]
  -------------------------------------------------------------------
                         required time                          6.295    
                         arrival time                          -5.768    
  -------------------------------------------------------------------
                         slack                                  0.527    

Slack (MET) :             0.539ns  (required time - arrival time)
  Source:                 u_system/u_replay/g_array.u_array/drain_row_rep_r_reg[47]_rep__20/C
                            (rising edge-triggered cell FDCE clocked by clk  {rise@0.000ns fall@2.000ns period=4.000ns})
  Destination:            u_system/u_replay/g_array.u_array/g_output_pipe.acc_row_reg[502]/D
                            (rising edge-triggered cell FDCE clocked by clk  {rise@0.000ns fall@2.000ns period=4.000ns})
  Path Group:             clk
  Path Type:              Setup (Max at Slow Process Corner)
  Requirement:            4.000ns  (clk rise@4.000ns - clk rise@0.000ns)
  Data Path Delay:        3.482ns  (logic 0.151ns (4.337%)  route 3.331ns (95.663%))
  Logic Levels:           1  (MUXF8=1)
  Clock Path Skew:        0.081ns (DCD - SCD + CPR)
    Destination Clock Delay (DCD):    2.082ns = ( 6.082 - 4.000 ) 
    Source Clock Delay      (SCD):    2.306ns
    Clock Pessimism Removal (CPR):    0.305ns
  Clock Uncertainty:      0.085ns  ((TSJ^2 + TIJ^2)^1/2 + DJ) / 2 + PE + UU
    Total System Jitter     (TSJ):    0.071ns
    Total Input Jitter      (TIJ):    0.000ns
    Discrete Jitter          (DJ):    0.000ns
    Phase Error              (PE):    0.000ns
    User Uncertainty         (UU):    0.050ns
  Clock Net Delay (Source):      1.377ns (routing 0.171ns, distribution 1.206ns)
  Clock Net Delay (Destination): 1.442ns (routing 0.155ns, distribution 1.287ns)

    Location             Delay type                Incr(ns)  Path(ns)    Netlist Resource(s)
  -------------------------------------------------------------------    -------------------
                         (clock clk rise edge)        0.000     0.000 r  
    AJ20                                              0.000     0.000 r  clk (IN)
                         net (fo=0)                   0.000     0.000    clk_IBUF_inst/I
    AJ20                 INBUF (Prop_INBUF_HPIOB_M_PAD_O)
                                                      0.565     0.565 r  clk_IBUF_inst/INBUF_INST/O
                         net (fo=1, routed)           0.000     0.565    clk_IBUF_inst/OUT
    AJ20                 IBUFCTRL (Prop_IBUFCTRL_HPIOB_M_I_O)
                                                      0.000     0.565 r  clk_IBUF_inst/IBUFCTRL_INST/O
                         net (fo=1, routed)           0.336     0.901    clk_IBUF
    BUFGCE_X1Y71         BUFGCE (Prop_BUFCE_BUFGCE_I_O)
                                                      0.028     0.929 r  clk_IBUF_BUFG_inst/O
    X2Y2 (CLOCK_ROOT)    net (fo=185587, routed)      1.377     2.306    u_system/u_replay/g_array.u_array/clk_IBUF_BUFG
    SLICE_X71Y183        FDCE                                         r  u_system/u_replay/g_array.u_array/drain_row_rep_r_reg[47]_rep__20/C
  -------------------------------------------------------------------    -------------------
    SLICE_X71Y183        FDCE (Prop_AFF_SLICEM_C_Q)
                                                      0.077     2.383 r  u_system/u_replay/g_array.u_array/drain_row_rep_r_reg[47]_rep__20/Q
                         net (fo=96, routed)          3.291     5.674    u_system/u_replay/g_array.u_array/u_array/u_ref/g_row[3].g_col[7].u_pe/g_output_pipe.acc_row_reg[502]
    SLICE_X25Y350        MUXF8 (Prop_F8MUX_TOP_SLICEM_S_O)
                                                      0.074     5.748 r  u_system/u_replay/g_array.u_array/u_array/u_ref/g_row[3].g_col[7].u_pe/g_output_pipe.acc_row_reg[502]_i_1/O
                         net (fo=1, routed)           0.040     5.788    u_system/u_replay/g_array.u_array/acc_row_i[502]
    SLICE_X25Y350        FDCE                                         r  u_system/u_replay/g_array.u_array/g_output_pipe.acc_row_reg[502]/D
  -------------------------------------------------------------------    -------------------

                         (clock clk rise edge)        4.000     4.000 r  
    AJ20                                              0.000     4.000 r  clk (IN)
                         net (fo=0)                   0.000     4.000    clk_IBUF_inst/I
    AJ20                 INBUF (Prop_INBUF_HPIOB_M_PAD_O)
                                                      0.315     4.315 r  clk_IBUF_inst/INBUF_INST/O
                         net (fo=1, routed)           0.000     4.315    clk_IBUF_inst/OUT
    AJ20                 IBUFCTRL (Prop_IBUFCTRL_HPIOB_M_I_O)
                                                      0.000     4.315 r  clk_IBUF_inst/IBUFCTRL_INST/O
                         net (fo=1, routed)           0.301     4.616    clk_IBUF
    BUFGCE_X1Y71         BUFGCE (Prop_BUFCE_BUFGCE_I_O)
                                                      0.024     4.640 r  clk_IBUF_BUFG_inst/O
    X2Y2 (CLOCK_ROOT)    net (fo=185587, routed)      1.442     6.082    u_system/u_replay/g_array.u_array/clk_IBUF_BUFG
    SLICE_X25Y350        FDCE                                         r  u_system/u_replay/g_array.u_array/g_output_pipe.acc_row_reg[502]/C
                         clock pessimism              0.305     6.387    
                         clock uncertainty           -0.085     6.302    
    SLICE_X25Y350        FDCE (Setup_GFF_SLICEM_C_D)
                                                      0.025     6.327    u_system/u_replay/g_array.u_array/g_output_pipe.acc_row_reg[502]
  -------------------------------------------------------------------
                         required time                          6.327    
                         arrival time                          -5.788    
  -------------------------------------------------------------------
                         slack                                  0.539    

Slack (MET) :             0.540ns  (required time - arrival time)
  Source:                 u_system/u_replay/g_array.u_array/drain_row_rep_r_reg[47]_rep__19/C
                            (rising edge-triggered cell FDCE clocked by clk  {rise@0.000ns fall@2.000ns period=4.000ns})
  Destination:            u_system/u_replay/g_array.u_array/g_output_pipe.acc_row_reg[53]/D
                            (rising edge-triggered cell FDCE clocked by clk  {rise@0.000ns fall@2.000ns period=4.000ns})
  Path Group:             clk
  Path Type:              Setup (Max at Slow Process Corner)
  Requirement:            4.000ns  (clk rise@4.000ns - clk rise@0.000ns)
  Data Path Delay:        3.391ns  (logic 0.153ns (4.512%)  route 3.238ns (95.488%))
  Logic Levels:           1  (MUXF8=1)
  Clock Path Skew:        -0.009ns (DCD - SCD + CPR)
    Destination Clock Delay (DCD):    1.856ns = ( 5.856 - 4.000 ) 
    Source Clock Delay      (SCD):    2.170ns
    Clock Pessimism Removal (CPR):    0.305ns
  Clock Uncertainty:      0.085ns  ((TSJ^2 + TIJ^2)^1/2 + DJ) / 2 + PE + UU
    Total System Jitter     (TSJ):    0.071ns
    Total Input Jitter      (TIJ):    0.000ns
    Discrete Jitter          (DJ):    0.000ns
    Phase Error              (PE):    0.000ns
    User Uncertainty         (UU):    0.050ns
  Clock Net Delay (Source):      1.241ns (routing 0.171ns, distribution 1.070ns)
  Clock Net Delay (Destination): 1.216ns (routing 0.155ns, distribution 1.061ns)

    Location             Delay type                Incr(ns)  Path(ns)    Netlist Resource(s)
  -------------------------------------------------------------------    -------------------
                         (clock clk rise edge)        0.000     0.000 r  
    AJ20                                              0.000     0.000 r  clk (IN)
                         net (fo=0)                   0.000     0.000    clk_IBUF_inst/I
    AJ20                 INBUF (Prop_INBUF_HPIOB_M_PAD_O)
                                                      0.565     0.565 r  clk_IBUF_inst/INBUF_INST/O
                         net (fo=1, routed)           0.000     0.565    clk_IBUF_inst/OUT
    AJ20                 IBUFCTRL (Prop_IBUFCTRL_HPIOB_M_I_O)
                                                      0.000     0.565 r  clk_IBUF_inst/IBUFCTRL_INST/O
                         net (fo=1, routed)           0.336     0.901    clk_IBUF
    BUFGCE_X1Y71         BUFGCE (Prop_BUFCE_BUFGCE_I_O)
                                                      0.028     0.929 r  clk_IBUF_BUFG_inst/O
    X2Y2 (CLOCK_ROOT)    net (fo=185587, routed)      1.241     2.170    u_system/u_replay/g_array.u_array/clk_IBUF_BUFG
    SLICE_X66Y150        FDCE                                         r  u_system/u_replay/g_array.u_array/drain_row_rep_r_reg[47]_rep__19/C
  -------------------------------------------------------------------    -------------------
    SLICE_X66Y150        FDCE (Prop_EFF_SLICEL_C_Q)
                                                      0.079     2.249 r  u_system/u_replay/g_array.u_array/drain_row_rep_r_reg[47]_rep__19/Q
                         net (fo=96, routed)          3.198     5.447    u_system/u_replay/g_array.u_array/u_array/u_ref/g_row[3].g_col[0].u_pe/g_output_pipe.acc_row_reg[21]
    SLICE_X88Y355        MUXF8 (Prop_F8MUX_TOP_SLICEM_S_O)
                                                      0.074     5.521 r  u_system/u_replay/g_array.u_array/u_array/u_ref/g_row[3].g_col[0].u_pe/g_output_pipe.acc_row_reg[53]_i_1/O
                         net (fo=1, routed)           0.040     5.561    u_system/u_replay/g_array.u_array/acc_row_i[53]
    SLICE_X88Y355        FDCE                                         r  u_system/u_replay/g_array.u_array/g_output_pipe.acc_row_reg[53]/D
  -------------------------------------------------------------------    -------------------

                         (clock clk rise edge)        4.000     4.000 r  
    AJ20                                              0.000     4.000 r  clk (IN)
                         net (fo=0)                   0.000     4.000    clk_IBUF_inst/I
    AJ20                 INBUF (Prop_INBUF_HPIOB_M_PAD_O)
                                                      0.315     4.315 r  clk_IBUF_inst/INBUF_INST/O
                         net (fo=1, routed)           0.000     4.315    clk_IBUF_inst/OUT
    AJ20                 IBUFCTRL (Prop_IBUFCTRL_HPIOB_M_I_O)
                                                      0.000     4.315 r  clk_IBUF_inst/IBUFCTRL_INST/O
                         net (fo=1, routed)           0.301     4.616    clk_IBUF
    BUFGCE_X1Y71         BUFGCE (Prop_BUFCE_BUFGCE_I_O)
                                                      0.024     4.640 r  clk_IBUF_BUFG_inst/O
    X2Y2 (CLOCK_ROOT)    net (fo=185587, routed)      1.216     5.856    u_system/u_replay/g_array.u_array/clk_IBUF_BUFG
    SLICE_X88Y355        FDCE                                         r  u_system/u_replay/g_array.u_array/g_output_pipe.acc_row_reg[53]/C
                         clock pessimism              0.305     6.161    
                         clock uncertainty           -0.085     6.076    
    SLICE_X88Y355        FDCE (Setup_GFF_SLICEM_C_D)
                                                      0.025     6.101    u_system/u_replay/g_array.u_array/g_output_pipe.acc_row_reg[53]
  -------------------------------------------------------------------
                         required time                          6.101    
                         arrival time                          -5.561    
  -------------------------------------------------------------------
                         slack                                  0.540    





Pulse Width Checks
--------------------------------------------------------------------------------------
Clock Name:         clk
Waveform(ns):       { 0.000 2.000 }
Period(ns):         4.000
Sources:            { clk }

Check Type        Corner  Lib Pin     Reference Pin  Required(ns)  Actual(ns)  Slack(ns)  Location       Pin
Min Period        n/a     BUFGCE/I    n/a            1.290         4.000       2.710      BUFGCE_X1Y71   clk_IBUF_BUFG_inst/I
Min Period        n/a     SRL16E/CLK  n/a            1.064         4.000       2.936      SLICE_X53Y341  u_system/u_replay/g_array.u_array/u_array/u_ref/adly_reg[10][10][0]_srl8/CLK
Min Period        n/a     SRL16E/CLK  n/a            1.064         4.000       2.936      SLICE_X53Y341  u_system/u_replay/g_array.u_array/u_array/u_ref/adly_reg[10][10][1]_srl8/CLK
Min Period        n/a     SRL16E/CLK  n/a            1.064         4.000       2.936      SLICE_X53Y341  u_system/u_replay/g_array.u_array/u_array/u_ref/adly_reg[10][10][2]_srl8/CLK
Min Period        n/a     SRL16E/CLK  n/a            1.064         4.000       2.936      SLICE_X53Y341  u_system/u_replay/g_array.u_array/u_array/u_ref/adly_reg[10][10][3]_srl8/CLK
Min Period        n/a     SRL16E/CLK  n/a            1.064         4.000       2.936      SLICE_X53Y341  u_system/u_replay/g_array.u_array/u_array/u_ref/adly_reg[10][10][4]_srl8/CLK
Min Period        n/a     SRL16E/CLK  n/a            1.064         4.000       2.936      SLICE_X53Y341  u_system/u_replay/g_array.u_array/u_array/u_ref/adly_reg[10][10][5]_srl8/CLK
Min Period        n/a     SRL16E/CLK  n/a            1.064         4.000       2.936      SLICE_X53Y341  u_system/u_replay/g_array.u_array/u_array/u_ref/adly_reg[10][10][6]_srl8/CLK
Min Period        n/a     SRL16E/CLK  n/a            1.064         4.000       2.936      SLICE_X53Y341  u_system/u_replay/g_array.u_array/u_array/u_ref/adly_reg[10][10][7]_srl8/CLK
Min Period        n/a     SRL16E/CLK  n/a            1.064         4.000       2.936      SLICE_X53Y345  u_system/u_replay/g_array.u_array/u_array/u_ref/adly_reg[11][11][0]_srl8/CLK
Min Period        n/a     SRL16E/CLK  n/a            1.064         4.000       2.936      SLICE_X53Y345  u_system/u_replay/g_array.u_array/u_array/u_ref/adly_reg[11][11][1]_srl8/CLK
Min Period        n/a     SRL16E/CLK  n/a            1.064         4.000       2.936      SLICE_X53Y345  u_system/u_replay/g_array.u_array/u_array/u_ref/adly_reg[11][11][2]_srl8/CLK
Min Period        n/a     SRL16E/CLK  n/a            1.064         4.000       2.936      SLICE_X53Y345  u_system/u_replay/g_array.u_array/u_array/u_ref/adly_reg[11][11][3]_srl8/CLK
Min Period        n/a     SRL16E/CLK  n/a            1.064         4.000       2.936      SLICE_X53Y345  u_system/u_replay/g_array.u_array/u_array/u_ref/adly_reg[11][11][4]_srl8/CLK
Min Period        n/a     SRL16E/CLK  n/a            1.064         4.000       2.936      SLICE_X53Y345  u_system/u_replay/g_array.u_array/u_array/u_ref/adly_reg[11][11][5]_srl8/CLK
Min Period        n/a     SRL16E/CLK  n/a            1.064         4.000       2.936      SLICE_X53Y345  u_system/u_replay/g_array.u_array/u_array/u_ref/adly_reg[11][11][6]_srl8/CLK
Min Period        n/a     SRL16E/CLK  n/a            1.064         4.000       2.936      SLICE_X53Y345  u_system/u_replay/g_array.u_array/u_array/u_ref/adly_reg[11][11][7]_srl8/CLK
Min Period        n/a     SRL16E/CLK  n/a            1.064         4.000       2.936      SLICE_X54Y350  u_system/u_replay/g_array.u_array/u_array/u_ref/adly_reg[12][12][0]_srl8/CLK
Min Period        n/a     SRL16E/CLK  n/a            1.064         4.000       2.936      SLICE_X54Y350  u_system/u_replay/g_array.u_array/u_array/u_ref/adly_reg[12][12][1]_srl8/CLK
Min Period        n/a     SRL16E/CLK  n/a            1.064         4.000       2.936      SLICE_X54Y350  u_system/u_replay/g_array.u_array/u_array/u_ref/adly_reg[12][12][2]_srl8/CLK
Min Period        n/a     SRL16E/CLK  n/a            1.064         4.000       2.936      SLICE_X54Y350  u_system/u_replay/g_array.u_array/u_array/u_ref/adly_reg[12][12][3]_srl8/CLK
Min Period        n/a     SRL16E/CLK  n/a            1.064         4.000       2.936      SLICE_X54Y350  u_system/u_replay/g_array.u_array/u_array/u_ref/adly_reg[12][12][4]_srl8/CLK
Min Period        n/a     SRL16E/CLK  n/a            1.064         4.000       2.936      SLICE_X54Y350  u_system/u_replay/g_array.u_array/u_array/u_ref/adly_reg[12][12][5]_srl8/CLK
Min Period        n/a     SRL16E/CLK  n/a            1.064         4.000       2.936      SLICE_X54Y350  u_system/u_replay/g_array.u_array/u_array/u_ref/adly_reg[12][12][6]_srl8/CLK
Min Period        n/a     SRL16E/CLK  n/a            1.064         4.000       2.936      SLICE_X54Y350  u_system/u_replay/g_array.u_array/u_array/u_ref/adly_reg[12][12][7]_srl8/CLK
Min Period        n/a     SRL16E/CLK  n/a            1.064         4.000       2.936      SLICE_X57Y356  u_system/u_replay/g_array.u_array/u_array/u_ref/adly_reg[13][13][0]_srl8/CLK
Min Period        n/a     SRL16E/CLK  n/a            1.064         4.000       2.936      SLICE_X57Y356  u_system/u_replay/g_array.u_array/u_array/u_ref/adly_reg[13][13][1]_srl8/CLK
Min Period        n/a     SRL16E/CLK  n/a            1.064         4.000       2.936      SLICE_X57Y356  u_system/u_replay/g_array.u_array/u_array/u_ref/adly_reg[13][13][2]_srl8/CLK
Min Period        n/a     SRL16E/CLK  n/a            1.064         4.000       2.936      SLICE_X57Y356  u_system/u_replay/g_array.u_array/u_array/u_ref/adly_reg[13][13][3]_srl8/CLK
Min Period        n/a     SRL16E/CLK  n/a            1.064         4.000       2.936      SLICE_X57Y356  u_system/u_replay/g_array.u_array/u_array/u_ref/adly_reg[13][13][4]_srl8/CLK
Min Period        n/a     SRL16E/CLK  n/a            1.064         4.000       2.936      SLICE_X57Y356  u_system/u_replay/g_array.u_array/u_array/u_ref/adly_reg[13][13][5]_srl8/CLK
Min Period        n/a     SRL16E/CLK  n/a            1.064         4.000       2.936      SLICE_X57Y356  u_system/u_replay/g_array.u_array/u_array/u_ref/adly_reg[13][13][6]_srl8/CLK
Min Period        n/a     SRL16E/CLK  n/a            1.064         4.000       2.936      SLICE_X57Y356  u_system/u_replay/g_array.u_array/u_array/u_ref/adly_reg[13][13][7]_srl8/CLK
Min Period        n/a     SRL16E/CLK  n/a            1.064         4.000       2.936      SLICE_X56Y352  u_system/u_replay/g_array.u_array/u_array/u_ref/adly_reg[14][14][0]_srl8/CLK
Min Period        n/a     SRL16E/CLK  n/a            1.064         4.000       2.936      SLICE_X56Y352  u_system/u_replay/g_array.u_array/u_array/u_ref/adly_reg[14][14][1]_srl8/CLK
Min Period        n/a     SRL16E/CLK  n/a            1.064         4.000       2.936      SLICE_X56Y352  u_system/u_replay/g_array.u_array/u_array/u_ref/adly_reg[14][14][2]_srl8/CLK
Min Period        n/a     SRL16E/CLK  n/a            1.064         4.000       2.936      SLICE_X56Y352  u_system/u_replay/g_array.u_array/u_array/u_ref/adly_reg[14][14][3]_srl8/CLK
Min Period        n/a     SRL16E/CLK  n/a            1.064         4.000       2.936      SLICE_X56Y352  u_system/u_replay/g_array.u_array/u_array/u_ref/adly_reg[14][14][4]_srl8/CLK
Min Period        n/a     SRL16E/CLK  n/a            1.064         4.000       2.936      SLICE_X56Y352  u_system/u_replay/g_array.u_array/u_array/u_ref/adly_reg[14][14][5]_srl8/CLK
Min Period        n/a     SRL16E/CLK  n/a            1.064         4.000       2.936      SLICE_X56Y352  u_system/u_replay/g_array.u_array/u_array/u_ref/adly_reg[14][14][6]_srl8/CLK
Min Period        n/a     SRL16E/CLK  n/a            1.064         4.000       2.936      SLICE_X56Y352  u_system/u_replay/g_array.u_array/u_array/u_ref/adly_reg[14][14][7]_srl8/CLK
Min Period        n/a     SRL16E/CLK  n/a            1.064         4.000       2.936      SLICE_X54Y355  u_system/u_replay/g_array.u_array/u_array/u_ref/adly_reg[15][15][0]_srl8/CLK
Min Period        n/a     SRL16E/CLK  n/a            1.064         4.000       2.936      SLICE_X54Y355  u_system/u_replay/g_array.u_array/u_array/u_ref/adly_reg[15][15][1]_srl8/CLK
Min Period        n/a     SRL16E/CLK  n/a            1.064         4.000       2.936      SLICE_X54Y355  u_system/u_replay/g_array.u_array/u_array/u_ref/adly_reg[15][15][2]_srl8/CLK
Min Period        n/a     SRL16E/CLK  n/a            1.064         4.000       2.936      SLICE_X54Y355  u_system/u_replay/g_array.u_array/u_array/u_ref/adly_reg[15][15][3]_srl8/CLK
Min Period        n/a     SRL16E/CLK  n/a            1.064         4.000       2.936      SLICE_X54Y355  u_system/u_replay/g_array.u_array/u_array/u_ref/adly_reg[15][15][4]_srl8/CLK
Min Period        n/a     SRL16E/CLK  n/a            1.064         4.000       2.936      SLICE_X54Y355  u_system/u_replay/g_array.u_array/u_array/u_ref/adly_reg[15][15][5]_srl8/CLK
Min Period        n/a     SRL16E/CLK  n/a            1.064         4.000       2.936      SLICE_X54Y355  u_system/u_replay/g_array.u_array/u_array/u_ref/adly_reg[15][15][6]_srl8/CLK
Min Period        n/a     SRL16E/CLK  n/a            1.064         4.000       2.936      SLICE_X54Y355  u_system/u_replay/g_array.u_array/u_array/u_ref/adly_reg[15][15][7]_srl8/CLK
Min Period        n/a     SRL16E/CLK  n/a            1.064         4.000       2.936      SLICE_X53Y342  u_system/u_replay/g_array.u_array/u_array/u_ref/adly_reg[1][2][0]_srl2/CLK
Low Pulse Width   Slow    SRL16E/CLK  n/a            0.532         2.000       1.468      SLICE_X53Y341  u_system/u_replay/g_array.u_array/u_array/u_ref/adly_reg[10][10][0]_srl8/CLK
Low Pulse Width   Fast    SRL16E/CLK  n/a            0.532         2.000       1.468      SLICE_X53Y341  u_system/u_replay/g_array.u_array/u_array/u_ref/adly_reg[10][10][0]_srl8/CLK
Low Pulse Width   Slow    SRL16E/CLK  n/a            0.532         2.000       1.468      SLICE_X53Y341  u_system/u_replay/g_array.u_array/u_array/u_ref/adly_reg[10][10][1]_srl8/CLK
Low Pulse Width   Fast    SRL16E/CLK  n/a            0.532         2.000       1.468      SLICE_X53Y341  u_system/u_replay/g_array.u_array/u_array/u_ref/adly_reg[10][10][1]_srl8/CLK
Low Pulse Width   Slow    SRL16E/CLK  n/a            0.532         2.000       1.468      SLICE_X53Y341  u_system/u_replay/g_array.u_array/u_array/u_ref/adly_reg[10][10][2]_srl8/CLK
Low Pulse Width   Fast    SRL16E/CLK  n/a            0.532         2.000       1.468      SLICE_X53Y341  u_system/u_replay/g_array.u_array/u_array/u_ref/adly_reg[10][10][2]_srl8/CLK
Low Pulse Width   Slow    SRL16E/CLK  n/a            0.532         2.000       1.468      SLICE_X53Y341  u_system/u_replay/g_array.u_array/u_array/u_ref/adly_reg[10][10][3]_srl8/CLK
Low Pulse Width   Fast    SRL16E/CLK  n/a            0.532         2.000       1.468      SLICE_X53Y341  u_system/u_replay/g_array.u_array/u_array/u_ref/adly_reg[10][10][3]_srl8/CLK
Low Pulse Width   Slow    SRL16E/CLK  n/a            0.532         2.000       1.468      SLICE_X53Y341  u_system/u_replay/g_array.u_array/u_array/u_ref/adly_reg[10][10][4]_srl8/CLK
Low Pulse Width   Fast    SRL16E/CLK  n/a            0.532         2.000       1.468      SLICE_X53Y341  u_system/u_replay/g_array.u_array/u_array/u_ref/adly_reg[10][10][4]_srl8/CLK
Low Pulse Width   Slow    SRL16E/CLK  n/a            0.532         2.000       1.468      SLICE_X53Y341  u_system/u_replay/g_array.u_array/u_array/u_ref/adly_reg[10][10][5]_srl8/CLK
Low Pulse Width   Fast    SRL16E/CLK  n/a            0.532         2.000       1.468      SLICE_X53Y341  u_system/u_replay/g_array.u_array/u_array/u_ref/adly_reg[10][10][5]_srl8/CLK
Low Pulse Width   Slow    SRL16E/CLK  n/a            0.532         2.000       1.468      SLICE_X53Y341  u_system/u_replay/g_array.u_array/u_array/u_ref/adly_reg[10][10][6]_srl8/CLK
Low Pulse Width   Fast    SRL16E/CLK  n/a            0.532         2.000       1.468      SLICE_X53Y341  u_system/u_replay/g_array.u_array/u_array/u_ref/adly_reg[10][10][6]_srl8/CLK
Low Pulse Width   Slow    SRL16E/CLK  n/a            0.532         2.000       1.468      SLICE_X53Y341  u_system/u_replay/g_array.u_array/u_array/u_ref/adly_reg[10][10][7]_srl8/CLK
Low Pulse Width   Fast    SRL16E/CLK  n/a            0.532         2.000       1.468      SLICE_X53Y341  u_system/u_replay/g_array.u_array/u_array/u_ref/adly_reg[10][10][7]_srl8/CLK
Low Pulse Width   Slow    SRL16E/CLK  n/a            0.532         2.000       1.468      SLICE_X53Y345  u_system/u_replay/g_array.u_array/u_array/u_ref/adly_reg[11][11][0]_srl8/CLK
Low Pulse Width   Fast    SRL16E/CLK  n/a            0.532         2.000       1.468      SLICE_X53Y345  u_system/u_replay/g_array.u_array/u_array/u_ref/adly_reg[11][11][0]_srl8/CLK
Low Pulse Width   Slow    SRL16E/CLK  n/a            0.532         2.000       1.468      SLICE_X53Y345  u_system/u_replay/g_array.u_array/u_array/u_ref/adly_reg[11][11][1]_srl8/CLK
Low Pulse Width   Fast    SRL16E/CLK  n/a            0.532         2.000       1.468      SLICE_X53Y345  u_system/u_replay/g_array.u_array/u_array/u_ref/adly_reg[11][11][1]_srl8/CLK
Low Pulse Width   Slow    SRL16E/CLK  n/a            0.532         2.000       1.468      SLICE_X53Y345  u_system/u_replay/g_array.u_array/u_array/u_ref/adly_reg[11][11][2]_srl8/CLK
Low Pulse Width   Fast    SRL16E/CLK  n/a            0.532         2.000       1.468      SLICE_X53Y345  u_system/u_replay/g_array.u_array/u_array/u_ref/adly_reg[11][11][2]_srl8/CLK
Low Pulse Width   Slow    SRL16E/CLK  n/a            0.532         2.000       1.468      SLICE_X53Y345  u_system/u_replay/g_array.u_array/u_array/u_ref/adly_reg[11][11][3]_srl8/CLK
Low Pulse Width   Fast    SRL16E/CLK  n/a            0.532         2.000       1.468      SLICE_X53Y345  u_system/u_replay/g_array.u_array/u_array/u_ref/adly_reg[11][11][3]_srl8/CLK
Low Pulse Width   Slow    SRL16E/CLK  n/a            0.532         2.000       1.468      SLICE_X53Y345  u_system/u_replay/g_array.u_array/u_array/u_ref/adly_reg[11][11][4]_srl8/CLK
Low Pulse Width   Fast    SRL16E/CLK  n/a            0.532         2.000       1.468      SLICE_X53Y345  u_system/u_replay/g_array.u_array/u_array/u_ref/adly_reg[11][11][4]_srl8/CLK
Low Pulse Width   Slow    SRL16E/CLK  n/a            0.532         2.000       1.468      SLICE_X53Y345  u_system/u_replay/g_array.u_array/u_array/u_ref/adly_reg[11][11][5]_srl8/CLK
Low Pulse Width   Fast    SRL16E/CLK  n/a            0.532         2.000       1.468      SLICE_X53Y345  u_system/u_replay/g_array.u_array/u_array/u_ref/adly_reg[11][11][5]_srl8/CLK
Low Pulse Width   Slow    SRL16E/CLK  n/a            0.532         2.000       1.468      SLICE_X53Y345  u_system/u_replay/g_array.u_array/u_array/u_ref/adly_reg[11][11][6]_srl8/CLK
Low Pulse Width   Fast    SRL16E/CLK  n/a            0.532         2.000       1.468      SLICE_X53Y345  u_system/u_replay/g_array.u_array/u_array/u_ref/adly_reg[11][11][6]_srl8/CLK
Low Pulse Width   Slow    SRL16E/CLK  n/a            0.532         2.000       1.468      SLICE_X53Y345  u_system/u_replay/g_array.u_array/u_array/u_ref/adly_reg[11][11][7]_srl8/CLK
Low Pulse Width   Fast    SRL16E/CLK  n/a            0.532         2.000       1.468      SLICE_X53Y345  u_system/u_replay/g_array.u_array/u_array/u_ref/adly_reg[11][11][7]_srl8/CLK
Low Pulse Width   Slow    SRL16E/CLK  n/a            0.532         2.000       1.468      SLICE_X54Y350  u_system/u_replay/g_array.u_array/u_array/u_ref/adly_reg[12][12][0]_srl8/CLK
Low Pulse Width   Fast    SRL16E/CLK  n/a            0.532         2.000       1.468      SLICE_X54Y350  u_system/u_replay/g_array.u_array/u_array/u_ref/adly_reg[12][12][0]_srl8/CLK
Low Pulse Width   Slow    SRL16E/CLK  n/a            0.532         2.000       1.468      SLICE_X54Y350  u_system/u_replay/g_array.u_array/u_array/u_ref/adly_reg[12][12][1]_srl8/CLK
Low Pulse Width   Fast    SRL16E/CLK  n/a            0.532         2.000       1.468      SLICE_X54Y350  u_system/u_replay/g_array.u_array/u_array/u_ref/adly_reg[12][12][1]_srl8/CLK
Low Pulse Width   Slow    SRL16E/CLK  n/a            0.532         2.000       1.468      SLICE_X54Y350  u_system/u_replay/g_array.u_array/u_array/u_ref/adly_reg[12][12][2]_srl8/CLK
Low Pulse Width   Fast    SRL16E/CLK  n/a            0.532         2.000       1.468      SLICE_X54Y350  u_system/u_replay/g_array.u_array/u_array/u_ref/adly_reg[12][12][2]_srl8/CLK
Low Pulse Width   Slow    SRL16E/CLK  n/a            0.532         2.000       1.468      SLICE_X54Y350  u_system/u_replay/g_array.u_array/u_array/u_ref/adly_reg[12][12][3]_srl8/CLK
Low Pulse Width   Fast    SRL16E/CLK  n/a            0.532         2.000       1.468      SLICE_X54Y350  u_system/u_replay/g_array.u_array/u_array/u_ref/adly_reg[12][12][3]_srl8/CLK
Low Pulse Width   Slow    SRL16E/CLK  n/a            0.532         2.000       1.468      SLICE_X54Y350  u_system/u_replay/g_array.u_array/u_array/u_ref/adly_reg[12][12][4]_srl8/CLK
Low Pulse Width   Fast    SRL16E/CLK  n/a            0.532         2.000       1.468      SLICE_X54Y350  u_system/u_replay/g_array.u_array/u_array/u_ref/adly_reg[12][12][4]_srl8/CLK
Low Pulse Width   Slow    SRL16E/CLK  n/a            0.532         2.000       1.468      SLICE_X54Y350  u_system/u_replay/g_array.u_array/u_array/u_ref/adly_reg[12][12][5]_srl8/CLK
Low Pulse Width   Fast    SRL16E/CLK  n/a            0.532         2.000       1.468      SLICE_X54Y350  u_system/u_replay/g_array.u_array/u_array/u_ref/adly_reg[12][12][5]_srl8/CLK
Low Pulse Width   Slow    SRL16E/CLK  n/a            0.532         2.000       1.468      SLICE_X54Y350  u_system/u_replay/g_array.u_array/u_array/u_ref/adly_reg[12][12][6]_srl8/CLK
Low Pulse Width   Fast    SRL16E/CLK  n/a            0.532         2.000       1.468      SLICE_X54Y350  u_system/u_replay/g_array.u_array/u_array/u_ref/adly_reg[12][12][6]_srl8/CLK
Low Pulse Width   Slow    SRL16E/CLK  n/a            0.532         2.000       1.468      SLICE_X54Y350  u_system/u_replay/g_array.u_array/u_array/u_ref/adly_reg[12][12][7]_srl8/CLK
Low Pulse Width   Fast    SRL16E/CLK  n/a            0.532         2.000       1.468      SLICE_X54Y350  u_system/u_replay/g_array.u_array/u_array/u_ref/adly_reg[12][12][7]_srl8/CLK
Low Pulse Width   Slow    SRL16E/CLK  n/a            0.532         2.000       1.468      SLICE_X57Y356  u_system/u_replay/g_array.u_array/u_array/u_ref/adly_reg[13][13][0]_srl8/CLK
Low Pulse Width   Fast    SRL16E/CLK  n/a            0.532         2.000       1.468      SLICE_X57Y356  u_system/u_replay/g_array.u_array/u_array/u_ref/adly_reg[13][13][0]_srl8/CLK
High Pulse Width  Slow    SRL16E/CLK  n/a            0.532         2.000       1.468      SLICE_X53Y341  u_system/u_replay/g_array.u_array/u_array/u_ref/adly_reg[10][10][0]_srl8/CLK
High Pulse Width  Fast    SRL16E/CLK  n/a            0.532         2.000       1.468      SLICE_X53Y341  u_system/u_replay/g_array.u_array/u_array/u_ref/adly_reg[10][10][0]_srl8/CLK
High Pulse Width  Slow    SRL16E/CLK  n/a            0.532         2.000       1.468      SLICE_X53Y341  u_system/u_replay/g_array.u_array/u_array/u_ref/adly_reg[10][10][1]_srl8/CLK
High Pulse Width  Fast    SRL16E/CLK  n/a            0.532         2.000       1.468      SLICE_X53Y341  u_system/u_replay/g_array.u_array/u_array/u_ref/adly_reg[10][10][1]_srl8/CLK
High Pulse Width  Slow    SRL16E/CLK  n/a            0.532         2.000       1.468      SLICE_X53Y341  u_system/u_replay/g_array.u_array/u_array/u_ref/adly_reg[10][10][2]_srl8/CLK
High Pulse Width  Fast    SRL16E/CLK  n/a            0.532         2.000       1.468      SLICE_X53Y341  u_system/u_replay/g_array.u_array/u_array/u_ref/adly_reg[10][10][2]_srl8/CLK
High Pulse Width  Slow    SRL16E/CLK  n/a            0.532         2.000       1.468      SLICE_X53Y341  u_system/u_replay/g_array.u_array/u_array/u_ref/adly_reg[10][10][3]_srl8/CLK
High Pulse Width  Fast    SRL16E/CLK  n/a            0.532         2.000       1.468      SLICE_X53Y341  u_system/u_replay/g_array.u_array/u_array/u_ref/adly_reg[10][10][3]_srl8/CLK
High Pulse Width  Slow    SRL16E/CLK  n/a            0.532         2.000       1.468      SLICE_X53Y341  u_system/u_replay/g_array.u_array/u_array/u_ref/adly_reg[10][10][4]_srl8/CLK
High Pulse Width  Fast    SRL16E/CLK  n/a            0.532         2.000       1.468      SLICE_X53Y341  u_system/u_replay/g_array.u_array/u_array/u_ref/adly_reg[10][10][4]_srl8/CLK
High Pulse Width  Slow    SRL16E/CLK  n/a            0.532         2.000       1.468      SLICE_X53Y341  u_system/u_replay/g_array.u_array/u_array/u_ref/adly_reg[10][10][5]_srl8/CLK
High Pulse Width  Fast    SRL16E/CLK  n/a            0.532         2.000       1.468      SLICE_X53Y341  u_system/u_replay/g_array.u_array/u_array/u_ref/adly_reg[10][10][5]_srl8/CLK
High Pulse Width  Slow    SRL16E/CLK  n/a            0.532         2.000       1.468      SLICE_X53Y341  u_system/u_replay/g_array.u_array/u_array/u_ref/adly_reg[10][10][6]_srl8/CLK
High Pulse Width  Fast    SRL16E/CLK  n/a            0.532         2.000       1.468      SLICE_X53Y341  u_system/u_replay/g_array.u_array/u_array/u_ref/adly_reg[10][10][6]_srl8/CLK
High Pulse Width  Slow    SRL16E/CLK  n/a            0.532         2.000       1.468      SLICE_X53Y341  u_system/u_replay/g_array.u_array/u_array/u_ref/adly_reg[10][10][7]_srl8/CLK
High Pulse Width  Fast    SRL16E/CLK  n/a            0.532         2.000       1.468      SLICE_X53Y341  u_system/u_replay/g_array.u_array/u_array/u_ref/adly_reg[10][10][7]_srl8/CLK
High Pulse Width  Slow    SRL16E/CLK  n/a            0.532         2.000       1.468      SLICE_X53Y345  u_system/u_replay/g_array.u_array/u_array/u_ref/adly_reg[11][11][0]_srl8/CLK
High Pulse Width  Fast    SRL16E/CLK  n/a            0.532         2.000       1.468      SLICE_X53Y345  u_system/u_replay/g_array.u_array/u_array/u_ref/adly_reg[11][11][0]_srl8/CLK
High Pulse Width  Slow    SRL16E/CLK  n/a            0.532         2.000       1.468      SLICE_X53Y345  u_system/u_replay/g_array.u_array/u_array/u_ref/adly_reg[11][11][1]_srl8/CLK
High Pulse Width  Fast    SRL16E/CLK  n/a            0.532         2.000       1.468      SLICE_X53Y345  u_system/u_replay/g_array.u_array/u_array/u_ref/adly_reg[11][11][1]_srl8/CLK
High Pulse Width  Slow    SRL16E/CLK  n/a            0.532         2.000       1.468      SLICE_X53Y345  u_system/u_replay/g_array.u_array/u_array/u_ref/adly_reg[11][11][2]_srl8/CLK
High Pulse Width  Fast    SRL16E/CLK  n/a            0.532         2.000       1.468      SLICE_X53Y345  u_system/u_replay/g_array.u_array/u_array/u_ref/adly_reg[11][11][2]_srl8/CLK
High Pulse Width  Slow    SRL16E/CLK  n/a            0.532         2.000       1.468      SLICE_X53Y345  u_system/u_replay/g_array.u_array/u_array/u_ref/adly_reg[11][11][3]_srl8/CLK
High Pulse Width  Fast    SRL16E/CLK  n/a            0.532         2.000       1.468      SLICE_X53Y345  u_system/u_replay/g_array.u_array/u_array/u_ref/adly_reg[11][11][3]_srl8/CLK
High Pulse Width  Slow    SRL16E/CLK  n/a            0.532         2.000       1.468      SLICE_X53Y345  u_system/u_replay/g_array.u_array/u_array/u_ref/adly_reg[11][11][4]_srl8/CLK
High Pulse Width  Fast    SRL16E/CLK  n/a            0.532         2.000       1.468      SLICE_X53Y345  u_system/u_replay/g_array.u_array/u_array/u_ref/adly_reg[11][11][4]_srl8/CLK
High Pulse Width  Slow    SRL16E/CLK  n/a            0.532         2.000       1.468      SLICE_X53Y345  u_system/u_replay/g_array.u_array/u_array/u_ref/adly_reg[11][11][5]_srl8/CLK
High Pulse Width  Fast    SRL16E/CLK  n/a            0.532         2.000       1.468      SLICE_X53Y345  u_system/u_replay/g_array.u_array/u_array/u_ref/adly_reg[11][11][5]_srl8/CLK
High Pulse Width  Slow    SRL16E/CLK  n/a            0.532         2.000       1.468      SLICE_X53Y345  u_system/u_replay/g_array.u_array/u_array/u_ref/adly_reg[11][11][6]_srl8/CLK
High Pulse Width  Fast    SRL16E/CLK  n/a            0.532         2.000       1.468      SLICE_X53Y345  u_system/u_replay/g_array.u_array/u_array/u_ref/adly_reg[11][11][6]_srl8/CLK
High Pulse Width  Slow    SRL16E/CLK  n/a            0.532         2.000       1.468      SLICE_X53Y345  u_system/u_replay/g_array.u_array/u_array/u_ref/adly_reg[11][11][7]_srl8/CLK
High Pulse Width  Fast    SRL16E/CLK  n/a            0.532         2.000       1.468      SLICE_X53Y345  u_system/u_replay/g_array.u_array/u_array/u_ref/adly_reg[11][11][7]_srl8/CLK
High Pulse Width  Slow    SRL16E/CLK  n/a            0.532         2.000       1.468      SLICE_X54Y350  u_system/u_replay/g_array.u_array/u_array/u_ref/adly_reg[12][12][0]_srl8/CLK
High Pulse Width  Fast    SRL16E/CLK  n/a            0.532         2.000       1.468      SLICE_X54Y350  u_system/u_replay/g_array.u_array/u_array/u_ref/adly_reg[12][12][0]_srl8/CLK
High Pulse Width  Slow    SRL16E/CLK  n/a            0.532         2.000       1.468      SLICE_X54Y350  u_system/u_replay/g_array.u_array/u_array/u_ref/adly_reg[12][12][1]_srl8/CLK
High Pulse Width  Fast    SRL16E/CLK  n/a            0.532         2.000       1.468      SLICE_X54Y350  u_system/u_replay/g_array.u_array/u_array/u_ref/adly_reg[12][12][1]_srl8/CLK
High Pulse Width  Slow    SRL16E/CLK  n/a            0.532         2.000       1.468      SLICE_X54Y350  u_system/u_replay/g_array.u_array/u_array/u_ref/adly_reg[12][12][2]_srl8/CLK
High Pulse Width  Fast    SRL16E/CLK  n/a            0.532         2.000       1.468      SLICE_X54Y350  u_system/u_replay/g_array.u_array/u_array/u_ref/adly_reg[12][12][2]_srl8/CLK
High Pulse Width  Slow    SRL16E/CLK  n/a            0.532         2.000       1.468      SLICE_X54Y350  u_system/u_replay/g_array.u_array/u_array/u_ref/adly_reg[12][12][3]_srl8/CLK
High Pulse Width  Fast    SRL16E/CLK  n/a            0.532         2.000       1.468      SLICE_X54Y350  u_system/u_replay/g_array.u_array/u_array/u_ref/adly_reg[12][12][3]_srl8/CLK
High Pulse Width  Slow    SRL16E/CLK  n/a            0.532         2.000       1.468      SLICE_X54Y350  u_system/u_replay/g_array.u_array/u_array/u_ref/adly_reg[12][12][4]_srl8/CLK
High Pulse Width  Fast    SRL16E/CLK  n/a            0.532         2.000       1.468      SLICE_X54Y350  u_system/u_replay/g_array.u_array/u_array/u_ref/adly_reg[12][12][4]_srl8/CLK
High Pulse Width  Slow    SRL16E/CLK  n/a            0.532         2.000       1.468      SLICE_X54Y350  u_system/u_replay/g_array.u_array/u_array/u_ref/adly_reg[12][12][5]_srl8/CLK
High Pulse Width  Fast    SRL16E/CLK  n/a            0.532         2.000       1.468      SLICE_X54Y350  u_system/u_replay/g_array.u_array/u_array/u_ref/adly_reg[12][12][5]_srl8/CLK
High Pulse Width  Slow    SRL16E/CLK  n/a            0.532         2.000       1.468      SLICE_X54Y350  u_system/u_replay/g_array.u_array/u_array/u_ref/adly_reg[12][12][6]_srl8/CLK
High Pulse Width  Fast    SRL16E/CLK  n/a            0.532         2.000       1.468      SLICE_X54Y350  u_system/u_replay/g_array.u_array/u_array/u_ref/adly_reg[12][12][6]_srl8/CLK
High Pulse Width  Slow    SRL16E/CLK  n/a            0.532         2.000       1.468      SLICE_X54Y350  u_system/u_replay/g_array.u_array/u_array/u_ref/adly_reg[12][12][7]_srl8/CLK
High Pulse Width  Fast    SRL16E/CLK  n/a            0.532         2.000       1.468      SLICE_X54Y350  u_system/u_replay/g_array.u_array/u_array/u_ref/adly_reg[12][12][7]_srl8/CLK
High Pulse Width  Slow    SRL16E/CLK  n/a            0.532         2.000       1.468      SLICE_X57Y356  u_system/u_replay/g_array.u_array/u_array/u_ref/adly_reg[13][13][0]_srl8/CLK
High Pulse Width  Fast    SRL16E/CLK  n/a            0.532         2.000       1.468      SLICE_X57Y356  u_system/u_replay/g_array.u_array/u_array/u_ref/adly_reg[13][13][0]_srl8/CLK



