Copyright 1986-2021 Xilinx, Inc. All Rights Reserved.
----------------------------------------------------------------------------------------------------------------------------------------------------------------------------------
| Tool Version : Vivado v.2021.2 (win64) Build 3367213 Tue Oct 19 02:48:09 MDT 2021
| Date         : Tue Sep 15 18:42:05 2026
| Host         : nc23 running 64-bit major release  (build 9200)
| Command      : report_methodology -file {E:/GPU ARCH/vector_core_sim/turbovla_w8a8_pack2/hw/v3_2026-09-15_174639_vivado_impl/reports/250MHz_real4/reports/impl_methodology.rpt}
| Design       : tvla_w8a8_pack2_impl_top
| Device       : xczu7ev-ffvc1156-2-e
| Speed File   : -2
| Design State : Fully Routed
----------------------------------------------------------------------------------------------------------------------------------------------------------------------------------

Report Methodology

Table of Contents
-----------------
1. REPORT SUMMARY
2. REPORT DETAILS

1. REPORT SUMMARY
-----------------
            Netlist: tvla_w8a8_pack2_impl_top
          Floorplan: design_1
      Design limits: <entire design considered>
             Max violations: <unlimited>
             Violations found: 1106
+-----------+----------+-------------------------------+------------+
| Rule      | Severity | Description                   | Violations |
+-----------+----------+-------------------------------+------------+
| SYNTH-12  | Warning  | DSP input not registered      | 768        |
| TIMING-18 | Warning  | Missing input or output delay | 338        |
+-----------+----------+-------------------------------+------------+

2. REPORT DETAILS
-----------------
SYNTH-12#1 Warning
DSP input not registered  
DSP instance u_system/u_replay/g_array.u_array/u_array/u_ref/g_row[0].g_col[0].u_pe/u_mul/u_dsp is not fully pipelined on the input side. AREG/BREG/CREG/DREG are not used.
Related violations: <none>

SYNTH-12#2 Warning
DSP input not registered  
DSP instance u_system/u_replay/g_array.u_array/u_array/u_ref/g_row[0].g_col[10].u_pe/u_mul/u_dsp is not fully pipelined on the input side. AREG/BREG/CREG/DREG are not used.
Related violations: <none>

SYNTH-12#3 Warning
DSP input not registered  
DSP instance u_system/u_replay/g_array.u_array/u_array/u_ref/g_row[0].g_col[11].u_pe/u_mul/u_dsp is not fully pipelined on the input side. AREG/BREG/CREG/DREG are not used.
Related violations: <none>

SYNTH-12#4 Warning
DSP input not registered  
DSP instance u_system/u_replay/g_array.u_array/u_array/u_ref/g_row[0].g_col[12].u_pe/u_mul/u_dsp is not fully pipelined on the input side. AREG/BREG/CREG/DREG are not used.
Related violations: <none>

SYNTH-12#5 Warning
DSP input not registered  
DSP instance u_system/u_replay/g_array.u_array/u_array/u_ref/g_row[0].g_col[13].u_pe/u_mul/u_dsp is not fully pipelined on the input side. AREG/BREG/CREG/DREG are not used.
Related violations: <none>

SYNTH-12#6 Warning
DSP input not registered  
DSP instance u_system/u_replay/g_array.u_array/u_array/u_ref/g_row[0].g_col[14].u_pe/u_mul/u_dsp is not fully pipelined on the input side. AREG/BREG/CREG/DREG are not used.
Related violations: <none>

SYNTH-12#7 Warning
DSP input not registered  
DSP instance u_system/u_replay/g_array.u_array/u_array/u_ref/g_row[0].g_col[15].u_pe/u_mul/u_dsp is not fully pipelined on the input side. AREG/BREG/CREG/DREG are not used.
Related violations: <none>

SYNTH-12#8 Warning
DSP input not registered  
DSP instance u_system/u_replay/g_array.u_array/u_array/u_ref/g_row[0].g_col[16].u_pe/u_mul/u_dsp is not fully pipelined on the input side. AREG/BREG/CREG/DREG are not used.
Related violations: <none>

SYNTH-12#9 Warning
DSP input not registered  
DSP instance u_system/u_replay/g_array.u_array/u_array/u_ref/g_row[0].g_col[17].u_pe/u_mul/u_dsp is not fully pipelined on the input side. AREG/BREG/CREG/DREG are not used.
Related violations: <none>

SYNTH-12#10 Warning
DSP input not registered  
DSP instance u_system/u_replay/g_array.u_array/u_array/u_ref/g_row[0].g_col[18].u_pe/u_mul/u_dsp is not fully pipelined on the input side. AREG/BREG/CREG/DREG are not used.
Related violations: <none>

SYNTH-12#11 Warning
DSP input not registered  
DSP instance u_system/u_replay/g_array.u_array/u_array/u_ref/g_row[0].g_col[19].u_pe/u_mul/u_dsp is not fully pipelined on the input side. AREG/BREG/CREG/DREG are not used.
Related violations: <none>

SYNTH-12#12 Warning
DSP input not registered  
DSP instance u_system/u_replay/g_array.u_array/u_array/u_ref/g_row[0].g_col[1].u_pe/u_mul/u_dsp is not fully pipelined on the input side. AREG/BREG/CREG/DREG are not used.
Related violations: <none>

SYNTH-12#13 Warning
DSP input not registered  
DSP instance u_system/u_replay/g_array.u_array/u_array/u_ref/g_row[0].g_col[20].u_pe/u_mul/u_dsp is not fully pipelined on the input side. AREG/BREG/CREG/DREG are not used.
Related violations: <none>

SYNTH-12#14 Warning
DSP input not registered  
DSP instance u_system/u_replay/g_array.u_array/u_array/u_ref/g_row[0].g_col[21].u_pe/u_mul/u_dsp is not fully pipelined on the input side. AREG/BREG/CREG/DREG are not used.
Related violations: <none>

SYNTH-12#15 Warning
DSP input not registered  
DSP instance u_system/u_replay/g_array.u_array/u_array/u_ref/g_row[0].g_col[22].u_pe/u_mul/u_dsp is not fully pipelined on the input side. AREG/BREG/CREG/DREG are not used.
Related violations: <none>

SYNTH-12#16 Warning
DSP input not registered  
DSP instance u_system/u_replay/g_array.u_array/u_array/u_ref/g_row[0].g_col[23].u_pe/u_mul/u_dsp is not fully pipelined on the input side. AREG/BREG/CREG/DREG are not used.
Related violations: <none>

SYNTH-12#17 Warning
DSP input not registered  
DSP instance u_system/u_replay/g_array.u_array/u_array/u_ref/g_row[0].g_col[24].u_pe/u_mul/u_dsp is not fully pipelined on the input side. AREG/BREG/CREG/DREG are not used.
Related violations: <none>

SYNTH-12#18 Warning
DSP input not registered  
DSP instance u_system/u_replay/g_array.u_array/u_array/u_ref/g_row[0].g_col[25].u_pe/u_mul/u_dsp is not fully pipelined on the input side. AREG/BREG/CREG/DREG are not used.
Related violations: <none>

SYNTH-12#19 Warning
DSP input not registered  
DSP instance u_system/u_replay/g_array.u_array/u_array/u_ref/g_row[0].g_col[26].u_pe/u_mul/u_dsp is not fully pipelined on the input side. AREG/BREG/CREG/DREG are not used.
Related violations: <none>

SYNTH-12#20 Warning
DSP input not registered  
DSP instance u_system/u_replay/g_array.u_array/u_array/u_ref/g_row[0].g_col[27].u_pe/u_mul/u_dsp is not fully pipelined on the input side. AREG/BREG/CREG/DREG are not used.
Related violations: <none>

SYNTH-12#21 Warning
DSP input not registered  
DSP instance u_system/u_replay/g_array.u_array/u_array/u_ref/g_row[0].g_col[28].u_pe/u_mul/u_dsp is not fully pipelined on the input side. AREG/BREG/CREG/DREG are not used.
Related violations: <none>

SYNTH-12#22 Warning
DSP input not registered  
DSP instance u_system/u_replay/g_array.u_array/u_array/u_ref/g_row[0].g_col[29].u_pe/u_mul/u_dsp is not fully pipelined on the input side. AREG/BREG/CREG/DREG are not used.
Related violations: <none>

SYNTH-12#23 Warning
DSP input not registered  
DSP instance u_system/u_replay/g_array.u_array/u_array/u_ref/g_row[0].g_col[2].u_pe/u_mul/u_dsp is not fully pipelined on the input side. AREG/BREG/CREG/DREG are not used.
Related violations: <none>

SYNTH-12#24 Warning
DSP input not registered  
DSP instance u_system/u_replay/g_array.u_array/u_array/u_ref/g_row[0].g_col[30].u_pe/u_mul/u_dsp is not fully pipelined on the input side. AREG/BREG/CREG/DREG are not used.
Related violations: <none>

SYNTH-12#25 Warning
DSP input not registered  
DSP instance u_system/u_replay/g_array.u_array/u_array/u_ref/g_row[0].g_col[31].u_pe/u_mul/u_dsp is not fully pipelined on the input side. AREG/BREG/CREG/DREG are not used.
Related violations: <none>

SYNTH-12#26 Warning
DSP input not registered  
DSP instance u_system/u_replay/g_array.u_array/u_array/u_ref/g_row[0].g_col[32].u_pe/u_mul/u_dsp is not fully pipelined on the input side. AREG/BREG/CREG/DREG are not used.
Related violations: <none>

SYNTH-12#27 Warning
DSP input not registered  
DSP instance u_system/u_replay/g_array.u_array/u_array/u_ref/g_row[0].g_col[33].u_pe/u_mul/u_dsp is not fully pipelined on the input side. AREG/BREG/CREG/DREG are not used.
Related violations: <none>

SYNTH-12#28 Warning
DSP input not registered  
DSP instance u_system/u_replay/g_array.u_array/u_array/u_ref/g_row[0].g_col[34].u_pe/u_mul/u_dsp is not fully pipelined on the input side. AREG/BREG/CREG/DREG are not used.
Related violations: <none>

SYNTH-12#29 Warning
DSP input not registered  
DSP instance u_system/u_replay/g_array.u_array/u_array/u_ref/g_row[0].g_col[35].u_pe/u_mul/u_dsp is not fully pipelined on the input side. AREG/BREG/CREG/DREG are not used.
Related violations: <none>

SYNTH-12#30 Warning
DSP input not registered  
DSP instance u_system/u_replay/g_array.u_array/u_array/u_ref/g_row[0].g_col[36].u_pe/u_mul/u_dsp is not fully pipelined on the input side. AREG/BREG/CREG/DREG are not used.
Related violations: <none>

SYNTH-12#31 Warning
DSP input not registered  
DSP instance u_system/u_replay/g_array.u_array/u_array/u_ref/g_row[0].g_col[37].u_pe/u_mul/u_dsp is not fully pipelined on the input side. AREG/BREG/CREG/DREG are not used.
Related violations: <none>

SYNTH-12#32 Warning
DSP input not registered  
DSP instance u_system/u_replay/g_array.u_array/u_array/u_ref/g_row[0].g_col[38].u_pe/u_mul/u_dsp is not fully pipelined on the input side. AREG/BREG/CREG/DREG are not used.
Related violations: <none>

SYNTH-12#33 Warning
DSP input not registered  
DSP instance u_system/u_replay/g_array.u_array/u_array/u_ref/g_row[0].g_col[39].u_pe/u_mul/u_dsp is not fully pipelined on the input side. AREG/BREG/CREG/DREG are not used.
Related violations: <none>

SYNTH-12#34 Warning
DSP input not registered  
DSP instance u_system/u_replay/g_array.u_array/u_array/u_ref/g_row[0].g_col[3].u_pe/u_mul/u_dsp is not fully pipelined on the input side. AREG/BREG/CREG/DREG are not used.
Related violations: <none>

SYNTH-12#35 Warning
DSP input not registered  
DSP instance u_system/u_replay/g_array.u_array/u_array/u_ref/g_row[0].g_col[40].u_pe/u_mul/u_dsp is not fully pipelined on the input side. AREG/BREG/CREG/DREG are not used.
Related violations: <none>

SYNTH-12#36 Warning
DSP input not registered  
DSP instance u_system/u_replay/g_array.u_array/u_array/u_ref/g_row[0].g_col[41].u_pe/u_mul/u_dsp is not fully pipelined on the input side. AREG/BREG/CREG/DREG are not used.
Related violations: <none>

SYNTH-12#37 Warning
DSP input not registered  
DSP instance u_system/u_replay/g_array.u_array/u_array/u_ref/g_row[0].g_col[42].u_pe/u_mul/u_dsp is not fully pipelined on the input side. AREG/BREG/CREG/DREG are not used.
Related violations: <none>

SYNTH-12#38 Warning
DSP input not registered  
DSP instance u_system/u_replay/g_array.u_array/u_array/u_ref/g_row[0].g_col[43].u_pe/u_mul/u_dsp is not fully pipelined on the input side. AREG/BREG/CREG/DREG are not used.
Related violations: <none>

SYNTH-12#39 Warning
DSP input not registered  
DSP instance u_system/u_replay/g_array.u_array/u_array/u_ref/g_row[0].g_col[44].u_pe/u_mul/u_dsp is not fully pipelined on the input side. AREG/BREG/CREG/DREG are not used.
Related violations: <none>

SYNTH-12#40 Warning
DSP input not registered  
DSP instance u_system/u_replay/g_array.u_array/u_array/u_ref/g_row[0].g_col[45].u_pe/u_mul/u_dsp is not fully pipelined on the input side. AREG/BREG/CREG/DREG are not used.
Related violations: <none>

SYNTH-12#41 Warning
DSP input not registered  
DSP instance u_system/u_replay/g_array.u_array/u_array/u_ref/g_row[0].g_col[46].u_pe/u_mul/u_dsp is not fully pipelined on the input side. AREG/BREG/CREG/DREG are not used.
Related violations: <none>

SYNTH-12#42 Warning
DSP input not registered  
DSP instance u_system/u_replay/g_array.u_array/u_array/u_ref/g_row[0].g_col[47].u_pe/u_mul/u_dsp is not fully pipelined on the input side. AREG/BREG/CREG/DREG are not used.
Related violations: <none>

SYNTH-12#43 Warning
DSP input not registered  
DSP instance u_system/u_replay/g_array.u_array/u_array/u_ref/g_row[0].g_col[4].u_pe/u_mul/u_dsp is not fully pipelined on the input side. AREG/BREG/CREG/DREG are not used.
Related violations: <none>

SYNTH-12#44 Warning
DSP input not registered  
DSP instance u_system/u_replay/g_array.u_array/u_array/u_ref/g_row[0].g_col[5].u_pe/u_mul/u_dsp is not fully pipelined on the input side. AREG/BREG/CREG/DREG are not used.
Related violations: <none>

SYNTH-12#45 Warning
DSP input not registered  
DSP instance u_system/u_replay/g_array.u_array/u_array/u_ref/g_row[0].g_col[6].u_pe/u_mul/u_dsp is not fully pipelined on the input side. AREG/BREG/CREG/DREG are not used.
Related violations: <none>

SYNTH-12#46 Warning
DSP input not registered  
DSP instance u_system/u_replay/g_array.u_array/u_array/u_ref/g_row[0].g_col[7].u_pe/u_mul/u_dsp is not fully pipelined on the input side. AREG/BREG/CREG/DREG are not used.
Related violations: <none>

SYNTH-12#47 Warning
DSP input not registered  
DSP instance u_system/u_replay/g_array.u_array/u_array/u_ref/g_row[0].g_col[8].u_pe/u_mul/u_dsp is not fully pipelined on the input side. AREG/BREG/CREG/DREG are not used.
Related violations: <none>

SYNTH-12#48 Warning
DSP input not registered  
DSP instance u_system/u_replay/g_array.u_array/u_array/u_ref/g_row[0].g_col[9].u_pe/u_mul/u_dsp is not fully pipelined on the input side. AREG/BREG/CREG/DREG are not used.
Related violations: <none>

SYNTH-12#49 Warning
DSP input not registered  
DSP instance u_system/u_replay/g_array.u_array/u_array/u_ref/g_row[10].g_col[0].u_pe/u_mul/u_dsp is not fully pipelined on the input side. AREG/BREG/CREG/DREG are not used.
Related violations: <none>

SYNTH-12#50 Warning
DSP input not registered  
DSP instance u_system/u_replay/g_array.u_array/u_array/u_ref/g_row[10].g_col[10].u_pe/u_mul/u_dsp is not fully pipelined on the input side. AREG/BREG/CREG/DREG are not used.
Related violations: <none>

SYNTH-12#51 Warning
DSP input not registered  
DSP instance u_system/u_replay/g_array.u_array/u_array/u_ref/g_row[10].g_col[11].u_pe/u_mul/u_dsp is not fully pipelined on the input side. AREG/BREG/CREG/DREG are not used.
Related violations: <none>

SYNTH-12#52 Warning
DSP input not registered  
DSP instance u_system/u_replay/g_array.u_array/u_array/u_ref/g_row[10].g_col[12].u_pe/u_mul/u_dsp is not fully pipelined on the input side. AREG/BREG/CREG/DREG are not used.
Related violations: <none>

SYNTH-12#53 Warning
DSP input not registered  
DSP instance u_system/u_replay/g_array.u_array/u_array/u_ref/g_row[10].g_col[13].u_pe/u_mul/u_dsp is not fully pipelined on the input side. AREG/BREG/CREG/DREG are not used.
Related violations: <none>

SYNTH-12#54 Warning
DSP input not registered  
DSP instance u_system/u_replay/g_array.u_array/u_array/u_ref/g_row[10].g_col[14].u_pe/u_mul/u_dsp is not fully pipelined on the input side. AREG/BREG/CREG/DREG are not used.
Related violations: <none>

SYNTH-12#55 Warning
DSP input not registered  
DSP instance u_system/u_replay/g_array.u_array/u_array/u_ref/g_row[10].g_col[15].u_pe/u_mul/u_dsp is not fully pipelined on the input side. AREG/BREG/CREG/DREG are not used.
Related violations: <none>

SYNTH-12#56 Warning
DSP input not registered  
DSP instance u_system/u_replay/g_array.u_array/u_array/u_ref/g_row[10].g_col[16].u_pe/u_mul/u_dsp is not fully pipelined on the input side. AREG/BREG/CREG/DREG are not used.
Related violations: <none>

SYNTH-12#57 Warning
DSP input not registered  
DSP instance u_system/u_replay/g_array.u_array/u_array/u_ref/g_row[10].g_col[17].u_pe/u_mul/u_dsp is not fully pipelined on the input side. AREG/BREG/CREG/DREG are not used.
Related violations: <none>

SYNTH-12#58 Warning
DSP input not registered  
DSP instance u_system/u_replay/g_array.u_array/u_array/u_ref/g_row[10].g_col[18].u_pe/u_mul/u_dsp is not fully pipelined on the input side. AREG/BREG/CREG/DREG are not used.
Related violations: <none>

SYNTH-12#59 Warning
DSP input not registered  
DSP instance u_system/u_replay/g_array.u_array/u_array/u_ref/g_row[10].g_col[19].u_pe/u_mul/u_dsp is not fully pipelined on the input side. AREG/BREG/CREG/DREG are not used.
Related violations: <none>

SYNTH-12#60 Warning
DSP input not registered  
DSP instance u_system/u_replay/g_array.u_array/u_array/u_ref/g_row[10].g_col[1].u_pe/u_mul/u_dsp is not fully pipelined on the input side. AREG/BREG/CREG/DREG are not used.
Related violations: <none>

SYNTH-12#61 Warning
DSP input not registered  
DSP instance u_system/u_replay/g_array.u_array/u_array/u_ref/g_row[10].g_col[20].u_pe/u_mul/u_dsp is not fully pipelined on the input side. AREG/BREG/CREG/DREG are not used.
Related violations: <none>

SYNTH-12#62 Warning
DSP input not registered  
DSP instance u_system/u_replay/g_array.u_array/u_array/u_ref/g_row[10].g_col[21].u_pe/u_mul/u_dsp is not fully pipelined on the input side. AREG/BREG/CREG/DREG are not used.
Related violations: <none>

SYNTH-12#63 Warning
DSP input not registered  
DSP instance u_system/u_replay/g_array.u_array/u_array/u_ref/g_row[10].g_col[22].u_pe/u_mul/u_dsp is not fully pipelined on the input side. AREG/BREG/CREG/DREG are not used.
Related violations: <none>

SYNTH-12#64 Warning
DSP input not registered  
DSP instance u_system/u_replay/g_array.u_array/u_array/u_ref/g_row[10].g_col[23].u_pe/u_mul/u_dsp is not fully pipelined on the input side. AREG/BREG/CREG/DREG are not used.
Related violations: <none>

SYNTH-12#65 Warning
DSP input not registered  
DSP instance u_system/u_replay/g_array.u_array/u_array/u_ref/g_row[10].g_col[24].u_pe/u_mul/u_dsp is not fully pipelined on the input side. AREG/BREG/CREG/DREG are not used.
Related violations: <none>

SYNTH-12#66 Warning
DSP input not registered  
DSP instance u_system/u_replay/g_array.u_array/u_array/u_ref/g_row[10].g_col[25].u_pe/u_mul/u_dsp is not fully pipelined on the input side. AREG/BREG/CREG/DREG are not used.
Related violations: <none>

SYNTH-12#67 Warning
DSP input not registered  
DSP instance u_system/u_replay/g_array.u_array/u_array/u_ref/g_row[10].g_col[26].u_pe/u_mul/u_dsp is not fully pipelined on the input side. AREG/BREG/CREG/DREG are not used.
Related violations: <none>

SYNTH-12#68 Warning
DSP input not registered  
DSP instance u_system/u_replay/g_array.u_array/u_array/u_ref/g_row[10].g_col[27].u_pe/u_mul/u_dsp is not fully pipelined on the input side. AREG/BREG/CREG/DREG are not used.
Related violations: <none>

SYNTH-12#69 Warning
DSP input not registered  
DSP instance u_system/u_replay/g_array.u_array/u_array/u_ref/g_row[10].g_col[28].u_pe/u_mul/u_dsp is not fully pipelined on the input side. AREG/BREG/CREG/DREG are not used.
Related violations: <none>

SYNTH-12#70 Warning
DSP input not registered  
DSP instance u_system/u_replay/g_array.u_array/u_array/u_ref/g_row[10].g_col[29].u_pe/u_mul/u_dsp is not fully pipelined on the input side. AREG/BREG/CREG/DREG are not used.
Related violations: <none>

SYNTH-12#71 Warning
DSP input not registered  
DSP instance u_system/u_replay/g_array.u_array/u_array/u_ref/g_row[10].g_col[2].u_pe/u_mul/u_dsp is not fully pipelined on the input side. AREG/BREG/CREG/DREG are not used.
Related violations: <none>

SYNTH-12#72 Warning
DSP input not registered  
DSP instance u_system/u_replay/g_array.u_array/u_array/u_ref/g_row[10].g_col[30].u_pe/u_mul/u_dsp is not fully pipelined on the input side. AREG/BREG/CREG/DREG are not used.
Related violations: <none>

SYNTH-12#73 Warning
DSP input not registered  
DSP instance u_system/u_replay/g_array.u_array/u_array/u_ref/g_row[10].g_col[31].u_pe/u_mul/u_dsp is not fully pipelined on the input side. AREG/BREG/CREG/DREG are not used.
Related violations: <none>

SYNTH-12#74 Warning
DSP input not registered  
DSP instance u_system/u_replay/g_array.u_array/u_array/u_ref/g_row[10].g_col[32].u_pe/u_mul/u_dsp is not fully pipelined on the input side. AREG/BREG/CREG/DREG are not used.
Related violations: <none>

SYNTH-12#75 Warning
DSP input not registered  
DSP instance u_system/u_replay/g_array.u_array/u_array/u_ref/g_row[10].g_col[33].u_pe/u_mul/u_dsp is not fully pipelined on the input side. AREG/BREG/CREG/DREG are not used.
Related violations: <none>

SYNTH-12#76 Warning
DSP input not registered  
DSP instance u_system/u_replay/g_array.u_array/u_array/u_ref/g_row[10].g_col[34].u_pe/u_mul/u_dsp is not fully pipelined on the input side. AREG/BREG/CREG/DREG are not used.
Related violations: <none>

SYNTH-12#77 Warning
DSP input not registered  
DSP instance u_system/u_replay/g_array.u_array/u_array/u_ref/g_row[10].g_col[35].u_pe/u_mul/u_dsp is not fully pipelined on the input side. AREG/BREG/CREG/DREG are not used.
Related violations: <none>

SYNTH-12#78 Warning
DSP input not registered  
DSP instance u_system/u_replay/g_array.u_array/u_array/u_ref/g_row[10].g_col[36].u_pe/u_mul/u_dsp is not fully pipelined on the input side. AREG/BREG/CREG/DREG are not used.
Related violations: <none>

SYNTH-12#79 Warning
DSP input not registered  
DSP instance u_system/u_replay/g_array.u_array/u_array/u_ref/g_row[10].g_col[37].u_pe/u_mul/u_dsp is not fully pipelined on the input side. AREG/BREG/CREG/DREG are not used.
Related violations: <none>

SYNTH-12#80 Warning
DSP input not registered  
DSP instance u_system/u_replay/g_array.u_array/u_array/u_ref/g_row[10].g_col[38].u_pe/u_mul/u_dsp is not fully pipelined on the input side. AREG/BREG/CREG/DREG are not used.
Related violations: <none>

SYNTH-12#81 Warning
DSP input not registered  
DSP instance u_system/u_replay/g_array.u_array/u_array/u_ref/g_row[10].g_col[39].u_pe/u_mul/u_dsp is not fully pipelined on the input side. AREG/BREG/CREG/DREG are not used.
Related violations: <none>

SYNTH-12#82 Warning
DSP input not registered  
DSP instance u_system/u_replay/g_array.u_array/u_array/u_ref/g_row[10].g_col[3].u_pe/u_mul/u_dsp is not fully pipelined on the input side. AREG/BREG/CREG/DREG are not used.
Related violations: <none>

SYNTH-12#83 Warning
DSP input not registered  
DSP instance u_system/u_replay/g_array.u_array/u_array/u_ref/g_row[10].g_col[40].u_pe/u_mul/u_dsp is not fully pipelined on the input side. AREG/BREG/CREG/DREG are not used.
Related violations: <none>

SYNTH-12#84 Warning
DSP input not registered  
DSP instance u_system/u_replay/g_array.u_array/u_array/u_ref/g_row[10].g_col[41].u_pe/u_mul/u_dsp is not fully pipelined on the input side. AREG/BREG/CREG/DREG are not used.
Related violations: <none>

SYNTH-12#85 Warning
DSP input not registered  
DSP instance u_system/u_replay/g_array.u_array/u_array/u_ref/g_row[10].g_col[42].u_pe/u_mul/u_dsp is not fully pipelined on the input side. AREG/BREG/CREG/DREG are not used.
Related violations: <none>

SYNTH-12#86 Warning
DSP input not registered  
DSP instance u_system/u_replay/g_array.u_array/u_array/u_ref/g_row[10].g_col[43].u_pe/u_mul/u_dsp is not fully pipelined on the input side. AREG/BREG/CREG/DREG are not used.
Related violations: <none>

SYNTH-12#87 Warning
DSP input not registered  
DSP instance u_system/u_replay/g_array.u_array/u_array/u_ref/g_row[10].g_col[44].u_pe/u_mul/u_dsp is not fully pipelined on the input side. AREG/BREG/CREG/DREG are not used.
Related violations: <none>

SYNTH-12#88 Warning
DSP input not registered  
DSP instance u_system/u_replay/g_array.u_array/u_array/u_ref/g_row[10].g_col[45].u_pe/u_mul/u_dsp is not fully pipelined on the input side. AREG/BREG/CREG/DREG are not used.
Related violations: <none>

SYNTH-12#89 Warning
DSP input not registered  
DSP instance u_system/u_replay/g_array.u_array/u_array/u_ref/g_row[10].g_col[46].u_pe/u_mul/u_dsp is not fully pipelined on the input side. AREG/BREG/CREG/DREG are not used.
Related violations: <none>

SYNTH-12#90 Warning
DSP input not registered  
DSP instance u_system/u_replay/g_array.u_array/u_array/u_ref/g_row[10].g_col[47].u_pe/u_mul/u_dsp is not fully pipelined on the input side. AREG/BREG/CREG/DREG are not used.
Related violations: <none>

SYNTH-12#91 Warning
DSP input not registered  
DSP instance u_system/u_replay/g_array.u_array/u_array/u_ref/g_row[10].g_col[4].u_pe/u_mul/u_dsp is not fully pipelined on the input side. AREG/BREG/CREG/DREG are not used.
Related violations: <none>

SYNTH-12#92 Warning
DSP input not registered  
DSP instance u_system/u_replay/g_array.u_array/u_array/u_ref/g_row[10].g_col[5].u_pe/u_mul/u_dsp is not fully pipelined on the input side. AREG/BREG/CREG/DREG are not used.
Related violations: <none>

SYNTH-12#93 Warning
DSP input not registered  
DSP instance u_system/u_replay/g_array.u_array/u_array/u_ref/g_row[10].g_col[6].u_pe/u_mul/u_dsp is not fully pipelined on the input side. AREG/BREG/CREG/DREG are not used.
Related violations: <none>

SYNTH-12#94 Warning
DSP input not registered  
DSP instance u_system/u_replay/g_array.u_array/u_array/u_ref/g_row[10].g_col[7].u_pe/u_mul/u_dsp is not fully pipelined on the input side. AREG/BREG/CREG/DREG are not used.
Related violations: <none>

SYNTH-12#95 Warning
DSP input not registered  
DSP instance u_system/u_replay/g_array.u_array/u_array/u_ref/g_row[10].g_col[8].u_pe/u_mul/u_dsp is not fully pipelined on the input side. AREG/BREG/CREG/DREG are not used.
Related violations: <none>

SYNTH-12#96 Warning
DSP input not registered  
DSP instance u_system/u_replay/g_array.u_array/u_array/u_ref/g_row[10].g_col[9].u_pe/u_mul/u_dsp is not fully pipelined on the input side. AREG/BREG/CREG/DREG are not used.
Related violations: <none>

SYNTH-12#97 Warning
DSP input not registered  
DSP instance u_system/u_replay/g_array.u_array/u_array/u_ref/g_row[11].g_col[0].u_pe/u_mul/u_dsp is not fully pipelined on the input side. AREG/BREG/CREG/DREG are not used.
Related violations: <none>

SYNTH-12#98 Warning
DSP input not registered  
DSP instance u_system/u_replay/g_array.u_array/u_array/u_ref/g_row[11].g_col[10].u_pe/u_mul/u_dsp is not fully pipelined on the input side. AREG/BREG/CREG/DREG are not used.
Related violations: <none>

SYNTH-12#99 Warning
DSP input not registered  
DSP instance u_system/u_replay/g_array.u_array/u_array/u_ref/g_row[11].g_col[11].u_pe/u_mul/u_dsp is not fully pipelined on the input side. AREG/BREG/CREG/DREG are not used.
Related violations: <none>

SYNTH-12#100 Warning
DSP input not registered  
DSP instance u_system/u_replay/g_array.u_array/u_array/u_ref/g_row[11].g_col[12].u_pe/u_mul/u_dsp is not fully pipelined on the input side. AREG/BREG/CREG/DREG are not used.
Related violations: <none>

SYNTH-12#101 Warning
DSP input not registered  
DSP instance u_system/u_replay/g_array.u_array/u_array/u_ref/g_row[11].g_col[13].u_pe/u_mul/u_dsp is not fully pipelined on the input side. AREG/BREG/CREG/DREG are not used.
Related violations: <none>

SYNTH-12#102 Warning
DSP input not registered  
DSP instance u_system/u_replay/g_array.u_array/u_array/u_ref/g_row[11].g_col[14].u_pe/u_mul/u_dsp is not fully pipelined on the input side. AREG/BREG/CREG/DREG are not used.
Related violations: <none>

SYNTH-12#103 Warning
DSP input not registered  
DSP instance u_system/u_replay/g_array.u_array/u_array/u_ref/g_row[11].g_col[15].u_pe/u_mul/u_dsp is not fully pipelined on the input side. AREG/BREG/CREG/DREG are not used.
Related violations: <none>

SYNTH-12#104 Warning
DSP input not registered  
DSP instance u_system/u_replay/g_array.u_array/u_array/u_ref/g_row[11].g_col[16].u_pe/u_mul/u_dsp is not fully pipelined on the input side. AREG/BREG/CREG/DREG are not used.
Related violations: <none>

SYNTH-12#105 Warning
DSP input not registered  
DSP instance u_system/u_replay/g_array.u_array/u_array/u_ref/g_row[11].g_col[17].u_pe/u_mul/u_dsp is not fully pipelined on the input side. AREG/BREG/CREG/DREG are not used.
Related violations: <none>

SYNTH-12#106 Warning
DSP input not registered  
DSP instance u_system/u_replay/g_array.u_array/u_array/u_ref/g_row[11].g_col[18].u_pe/u_mul/u_dsp is not fully pipelined on the input side. AREG/BREG/CREG/DREG are not used.
Related violations: <none>

SYNTH-12#107 Warning
DSP input not registered  
DSP instance u_system/u_replay/g_array.u_array/u_array/u_ref/g_row[11].g_col[19].u_pe/u_mul/u_dsp is not fully pipelined on the input side. AREG/BREG/CREG/DREG are not used.
Related violations: <none>

SYNTH-12#108 Warning
DSP input not registered  
DSP instance u_system/u_replay/g_array.u_array/u_array/u_ref/g_row[11].g_col[1].u_pe/u_mul/u_dsp is not fully pipelined on the input side. AREG/BREG/CREG/DREG are not used.
Related violations: <none>

SYNTH-12#109 Warning
DSP input not registered  
DSP instance u_system/u_replay/g_array.u_array/u_array/u_ref/g_row[11].g_col[20].u_pe/u_mul/u_dsp is not fully pipelined on the input side. AREG/BREG/CREG/DREG are not used.
Related violations: <none>

SYNTH-12#110 Warning
DSP input not registered  
DSP instance u_system/u_replay/g_array.u_array/u_array/u_ref/g_row[11].g_col[21].u_pe/u_mul/u_dsp is not fully pipelined on the input side. AREG/BREG/CREG/DREG are not used.
Related violations: <none>

SYNTH-12#111 Warning
DSP input not registered  
DSP instance u_system/u_replay/g_array.u_array/u_array/u_ref/g_row[11].g_col[22].u_pe/u_mul/u_dsp is not fully pipelined on the input side. AREG/BREG/CREG/DREG are not used.
Related violations: <none>

SYNTH-12#112 Warning
DSP input not registered  
DSP instance u_system/u_replay/g_array.u_array/u_array/u_ref/g_row[11].g_col[23].u_pe/u_mul/u_dsp is not fully pipelined on the input side. AREG/BREG/CREG/DREG are not used.
Related violations: <none>

SYNTH-12#113 Warning
DSP input not registered  
DSP instance u_system/u_replay/g_array.u_array/u_array/u_ref/g_row[11].g_col[24].u_pe/u_mul/u_dsp is not fully pipelined on the input side. AREG/BREG/CREG/DREG are not used.
Related violations: <none>

SYNTH-12#114 Warning
DSP input not registered  
DSP instance u_system/u_replay/g_array.u_array/u_array/u_ref/g_row[11].g_col[25].u_pe/u_mul/u_dsp is not fully pipelined on the input side. AREG/BREG/CREG/DREG are not used.
Related violations: <none>

SYNTH-12#115 Warning
DSP input not registered  
DSP instance u_system/u_replay/g_array.u_array/u_array/u_ref/g_row[11].g_col[26].u_pe/u_mul/u_dsp is not fully pipelined on the input side. AREG/BREG/CREG/DREG are not used.
Related violations: <none>

SYNTH-12#116 Warning
DSP input not registered  
DSP instance u_system/u_replay/g_array.u_array/u_array/u_ref/g_row[11].g_col[27].u_pe/u_mul/u_dsp is not fully pipelined on the input side. AREG/BREG/CREG/DREG are not used.
Related violations: <none>

SYNTH-12#117 Warning
DSP input not registered  
DSP instance u_system/u_replay/g_array.u_array/u_array/u_ref/g_row[11].g_col[28].u_pe/u_mul/u_dsp is not fully pipelined on the input side. AREG/BREG/CREG/DREG are not used.
Related violations: <none>

SYNTH-12#118 Warning
DSP input not registered  
DSP instance u_system/u_replay/g_array.u_array/u_array/u_ref/g_row[11].g_col[29].u_pe/u_mul/u_dsp is not fully pipelined on the input side. AREG/BREG/CREG/DREG are not used.
Related violations: <none>

SYNTH-12#119 Warning
DSP input not registered  
DSP instance u_system/u_replay/g_array.u_array/u_array/u_ref/g_row[11].g_col[2].u_pe/u_mul/u_dsp is not fully pipelined on the input side. AREG/BREG/CREG/DREG are not used.
Related violations: <none>

SYNTH-12#120 Warning
DSP input not registered  
DSP instance u_system/u_replay/g_array.u_array/u_array/u_ref/g_row[11].g_col[30].u_pe/u_mul/u_dsp is not fully pipelined on the input side. AREG/BREG/CREG/DREG are not used.
Related violations: <none>

SYNTH-12#121 Warning
DSP input not registered  
DSP instance u_system/u_replay/g_array.u_array/u_array/u_ref/g_row[11].g_col[31].u_pe/u_mul/u_dsp is not fully pipelined on the input side. AREG/BREG/CREG/DREG are not used.
Related violations: <none>

SYNTH-12#122 Warning
DSP input not registered  
DSP instance u_system/u_replay/g_array.u_array/u_array/u_ref/g_row[11].g_col[32].u_pe/u_mul/u_dsp is not fully pipelined on the input side. AREG/BREG/CREG/DREG are not used.
Related violations: <none>

SYNTH-12#123 Warning
DSP input not registered  
DSP instance u_system/u_replay/g_array.u_array/u_array/u_ref/g_row[11].g_col[33].u_pe/u_mul/u_dsp is not fully pipelined on the input side. AREG/BREG/CREG/DREG are not used.
Related violations: <none>

SYNTH-12#124 Warning
DSP input not registered  
DSP instance u_system/u_replay/g_array.u_array/u_array/u_ref/g_row[11].g_col[34].u_pe/u_mul/u_dsp is not fully pipelined on the input side. AREG/BREG/CREG/DREG are not used.
Related violations: <none>

SYNTH-12#125 Warning
DSP input not registered  
DSP instance u_system/u_replay/g_array.u_array/u_array/u_ref/g_row[11].g_col[35].u_pe/u_mul/u_dsp is not fully pipelined on the input side. AREG/BREG/CREG/DREG are not used.
Related violations: <none>

SYNTH-12#126 Warning
DSP input not registered  
DSP instance u_system/u_replay/g_array.u_array/u_array/u_ref/g_row[11].g_col[36].u_pe/u_mul/u_dsp is not fully pipelined on the input side. AREG/BREG/CREG/DREG are not used.
Related violations: <none>

SYNTH-12#127 Warning
DSP input not registered  
DSP instance u_system/u_replay/g_array.u_array/u_array/u_ref/g_row[11].g_col[37].u_pe/u_mul/u_dsp is not fully pipelined on the input side. AREG/BREG/CREG/DREG are not used.
Related violations: <none>

SYNTH-12#128 Warning
DSP input not registered  
DSP instance u_system/u_replay/g_array.u_array/u_array/u_ref/g_row[11].g_col[38].u_pe/u_mul/u_dsp is not fully pipelined on the input side. AREG/BREG/CREG/DREG are not used.
Related violations: <none>

SYNTH-12#129 Warning
DSP input not registered  
DSP instance u_system/u_replay/g_array.u_array/u_array/u_ref/g_row[11].g_col[39].u_pe/u_mul/u_dsp is not fully pipelined on the input side. AREG/BREG/CREG/DREG are not used.
Related violations: <none>

SYNTH-12#130 Warning
DSP input not registered  
DSP instance u_system/u_replay/g_array.u_array/u_array/u_ref/g_row[11].g_col[3].u_pe/u_mul/u_dsp is not fully pipelined on the input side. AREG/BREG/CREG/DREG are not used.
Related violations: <none>

SYNTH-12#131 Warning
DSP input not registered  
DSP instance u_system/u_replay/g_array.u_array/u_array/u_ref/g_row[11].g_col[40].u_pe/u_mul/u_dsp is not fully pipelined on the input side. AREG/BREG/CREG/DREG are not used.
Related violations: <none>

SYNTH-12#132 Warning
DSP input not registered  
DSP instance u_system/u_replay/g_array.u_array/u_array/u_ref/g_row[11].g_col[41].u_pe/u_mul/u_dsp is not fully pipelined on the input side. AREG/BREG/CREG/DREG are not used.
Related violations: <none>

SYNTH-12#133 Warning
DSP input not registered  
DSP instance u_system/u_replay/g_array.u_array/u_array/u_ref/g_row[11].g_col[42].u_pe/u_mul/u_dsp is not fully pipelined on the input side. AREG/BREG/CREG/DREG are not used.
Related violations: <none>

SYNTH-12#134 Warning
DSP input not registered  
DSP instance u_system/u_replay/g_array.u_array/u_array/u_ref/g_row[11].g_col[43].u_pe/u_mul/u_dsp is not fully pipelined on the input side. AREG/BREG/CREG/DREG are not used.
Related violations: <none>

SYNTH-12#135 Warning
DSP input not registered  
DSP instance u_system/u_replay/g_array.u_array/u_array/u_ref/g_row[11].g_col[44].u_pe/u_mul/u_dsp is not fully pipelined on the input side. AREG/BREG/CREG/DREG are not used.
Related violations: <none>

SYNTH-12#136 Warning
DSP input not registered  
DSP instance u_system/u_replay/g_array.u_array/u_array/u_ref/g_row[11].g_col[45].u_pe/u_mul/u_dsp is not fully pipelined on the input side. AREG/BREG/CREG/DREG are not used.
Related violations: <none>

SYNTH-12#137 Warning
DSP input not registered  
DSP instance u_system/u_replay/g_array.u_array/u_array/u_ref/g_row[11].g_col[46].u_pe/u_mul/u_dsp is not fully pipelined on the input side. AREG/BREG/CREG/DREG are not used.
Related violations: <none>

SYNTH-12#138 Warning
DSP input not registered  
DSP instance u_system/u_replay/g_array.u_array/u_array/u_ref/g_row[11].g_col[47].u_pe/u_mul/u_dsp is not fully pipelined on the input side. AREG/BREG/CREG/DREG are not used.
Related violations: <none>

SYNTH-12#139 Warning
DSP input not registered  
DSP instance u_system/u_replay/g_array.u_array/u_array/u_ref/g_row[11].g_col[4].u_pe/u_mul/u_dsp is not fully pipelined on the input side. AREG/BREG/CREG/DREG are not used.
Related violations: <none>

SYNTH-12#140 Warning
DSP input not registered  
DSP instance u_system/u_replay/g_array.u_array/u_array/u_ref/g_row[11].g_col[5].u_pe/u_mul/u_dsp is not fully pipelined on the input side. AREG/BREG/CREG/DREG are not used.
Related violations: <none>

SYNTH-12#141 Warning
DSP input not registered  
DSP instance u_system/u_replay/g_array.u_array/u_array/u_ref/g_row[11].g_col[6].u_pe/u_mul/u_dsp is not fully pipelined on the input side. AREG/BREG/CREG/DREG are not used.
Related violations: <none>

SYNTH-12#142 Warning
DSP input not registered  
DSP instance u_system/u_replay/g_array.u_array/u_array/u_ref/g_row[11].g_col[7].u_pe/u_mul/u_dsp is not fully pipelined on the input side. AREG/BREG/CREG/DREG are not used.
Related violations: <none>

SYNTH-12#143 Warning
DSP input not registered  
DSP instance u_system/u_replay/g_array.u_array/u_array/u_ref/g_row[11].g_col[8].u_pe/u_mul/u_dsp is not fully pipelined on the input side. AREG/BREG/CREG/DREG are not used.
Related violations: <none>

SYNTH-12#144 Warning
DSP input not registered  
DSP instance u_system/u_replay/g_array.u_array/u_array/u_ref/g_row[11].g_col[9].u_pe/u_mul/u_dsp is not fully pipelined on the input side. AREG/BREG/CREG/DREG are not used.
Related violations: <none>

SYNTH-12#145 Warning
DSP input not registered  
DSP instance u_system/u_replay/g_array.u_array/u_array/u_ref/g_row[12].g_col[0].u_pe/u_mul/u_dsp is not fully pipelined on the input side. AREG/BREG/CREG/DREG are not used.
Related violations: <none>

SYNTH-12#146 Warning
DSP input not registered  
DSP instance u_system/u_replay/g_array.u_array/u_array/u_ref/g_row[12].g_col[10].u_pe/u_mul/u_dsp is not fully pipelined on the input side. AREG/BREG/CREG/DREG are not used.
Related violations: <none>

SYNTH-12#147 Warning
DSP input not registered  
DSP instance u_system/u_replay/g_array.u_array/u_array/u_ref/g_row[12].g_col[11].u_pe/u_mul/u_dsp is not fully pipelined on the input side. AREG/BREG/CREG/DREG are not used.
Related violations: <none>

SYNTH-12#148 Warning
DSP input not registered  
DSP instance u_system/u_replay/g_array.u_array/u_array/u_ref/g_row[12].g_col[12].u_pe/u_mul/u_dsp is not fully pipelined on the input side. AREG/BREG/CREG/DREG are not used.
Related violations: <none>

SYNTH-12#149 Warning
DSP input not registered  
DSP instance u_system/u_replay/g_array.u_array/u_array/u_ref/g_row[12].g_col[13].u_pe/u_mul/u_dsp is not fully pipelined on the input side. AREG/BREG/CREG/DREG are not used.
Related violations: <none>

SYNTH-12#150 Warning
DSP input not registered  
DSP instance u_system/u_replay/g_array.u_array/u_array/u_ref/g_row[12].g_col[14].u_pe/u_mul/u_dsp is not fully pipelined on the input side. AREG/BREG/CREG/DREG are not used.
Related violations: <none>

SYNTH-12#151 Warning
DSP input not registered  
DSP instance u_system/u_replay/g_array.u_array/u_array/u_ref/g_row[12].g_col[15].u_pe/u_mul/u_dsp is not fully pipelined on the input side. AREG/BREG/CREG/DREG are not used.
Related violations: <none>

SYNTH-12#152 Warning
DSP input not registered  
DSP instance u_system/u_replay/g_array.u_array/u_array/u_ref/g_row[12].g_col[16].u_pe/u_mul/u_dsp is not fully pipelined on the input side. AREG/BREG/CREG/DREG are not used.
Related violations: <none>

SYNTH-12#153 Warning
DSP input not registered  
DSP instance u_system/u_replay/g_array.u_array/u_array/u_ref/g_row[12].g_col[17].u_pe/u_mul/u_dsp is not fully pipelined on the input side. AREG/BREG/CREG/DREG are not used.
Related violations: <none>

SYNTH-12#154 Warning
DSP input not registered  
DSP instance u_system/u_replay/g_array.u_array/u_array/u_ref/g_row[12].g_col[18].u_pe/u_mul/u_dsp is not fully pipelined on the input side. AREG/BREG/CREG/DREG are not used.
Related violations: <none>

SYNTH-12#155 Warning
DSP input not registered  
DSP instance u_system/u_replay/g_array.u_array/u_array/u_ref/g_row[12].g_col[19].u_pe/u_mul/u_dsp is not fully pipelined on the input side. AREG/BREG/CREG/DREG are not used.
Related violations: <none>

SYNTH-12#156 Warning
DSP input not registered  
DSP instance u_system/u_replay/g_array.u_array/u_array/u_ref/g_row[12].g_col[1].u_pe/u_mul/u_dsp is not fully pipelined on the input side. AREG/BREG/CREG/DREG are not used.
Related violations: <none>

SYNTH-12#157 Warning
DSP input not registered  
DSP instance u_system/u_replay/g_array.u_array/u_array/u_ref/g_row[12].g_col[20].u_pe/u_mul/u_dsp is not fully pipelined on the input side. AREG/BREG/CREG/DREG are not used.
Related violations: <none>

SYNTH-12#158 Warning
DSP input not registered  
DSP instance u_system/u_replay/g_array.u_array/u_array/u_ref/g_row[12].g_col[21].u_pe/u_mul/u_dsp is not fully pipelined on the input side. AREG/BREG/CREG/DREG are not used.
Related violations: <none>

SYNTH-12#159 Warning
DSP input not registered  
DSP instance u_system/u_replay/g_array.u_array/u_array/u_ref/g_row[12].g_col[22].u_pe/u_mul/u_dsp is not fully pipelined on the input side. AREG/BREG/CREG/DREG are not used.
Related violations: <none>

SYNTH-12#160 Warning
DSP input not registered  
DSP instance u_system/u_replay/g_array.u_array/u_array/u_ref/g_row[12].g_col[23].u_pe/u_mul/u_dsp is not fully pipelined on the input side. AREG/BREG/CREG/DREG are not used.
Related violations: <none>

SYNTH-12#161 Warning
DSP input not registered  
DSP instance u_system/u_replay/g_array.u_array/u_array/u_ref/g_row[12].g_col[24].u_pe/u_mul/u_dsp is not fully pipelined on the input side. AREG/BREG/CREG/DREG are not used.
Related violations: <none>

SYNTH-12#162 Warning
DSP input not registered  
DSP instance u_system/u_replay/g_array.u_array/u_array/u_ref/g_row[12].g_col[25].u_pe/u_mul/u_dsp is not fully pipelined on the input side. AREG/BREG/CREG/DREG are not used.
Related violations: <none>

SYNTH-12#163 Warning
DSP input not registered  
DSP instance u_system/u_replay/g_array.u_array/u_array/u_ref/g_row[12].g_col[26].u_pe/u_mul/u_dsp is not fully pipelined on the input side. AREG/BREG/CREG/DREG are not used.
Related violations: <none>

SYNTH-12#164 Warning
DSP input not registered  
DSP instance u_system/u_replay/g_array.u_array/u_array/u_ref/g_row[12].g_col[27].u_pe/u_mul/u_dsp is not fully pipelined on the input side. AREG/BREG/CREG/DREG are not used.
Related violations: <none>

SYNTH-12#165 Warning
DSP input not registered  
DSP instance u_system/u_replay/g_array.u_array/u_array/u_ref/g_row[12].g_col[28].u_pe/u_mul/u_dsp is not fully pipelined on the input side. AREG/BREG/CREG/DREG are not used.
Related violations: <none>

SYNTH-12#166 Warning
DSP input not registered  
DSP instance u_system/u_replay/g_array.u_array/u_array/u_ref/g_row[12].g_col[29].u_pe/u_mul/u_dsp is not fully pipelined on the input side. AREG/BREG/CREG/DREG are not used.
Related violations: <none>

SYNTH-12#167 Warning
DSP input not registered  
DSP instance u_system/u_replay/g_array.u_array/u_array/u_ref/g_row[12].g_col[2].u_pe/u_mul/u_dsp is not fully pipelined on the input side. AREG/BREG/CREG/DREG are not used.
Related violations: <none>

SYNTH-12#168 Warning
DSP input not registered  
DSP instance u_system/u_replay/g_array.u_array/u_array/u_ref/g_row[12].g_col[30].u_pe/u_mul/u_dsp is not fully pipelined on the input side. AREG/BREG/CREG/DREG are not used.
Related violations: <none>

SYNTH-12#169 Warning
DSP input not registered  
DSP instance u_system/u_replay/g_array.u_array/u_array/u_ref/g_row[12].g_col[31].u_pe/u_mul/u_dsp is not fully pipelined on the input side. AREG/BREG/CREG/DREG are not used.
Related violations: <none>

SYNTH-12#170 Warning
DSP input not registered  
DSP instance u_system/u_replay/g_array.u_array/u_array/u_ref/g_row[12].g_col[32].u_pe/u_mul/u_dsp is not fully pipelined on the input side. AREG/BREG/CREG/DREG are not used.
Related violations: <none>

SYNTH-12#171 Warning
DSP input not registered  
DSP instance u_system/u_replay/g_array.u_array/u_array/u_ref/g_row[12].g_col[33].u_pe/u_mul/u_dsp is not fully pipelined on the input side. AREG/BREG/CREG/DREG are not used.
Related violations: <none>

SYNTH-12#172 Warning
DSP input not registered  
DSP instance u_system/u_replay/g_array.u_array/u_array/u_ref/g_row[12].g_col[34].u_pe/u_mul/u_dsp is not fully pipelined on the input side. AREG/BREG/CREG/DREG are not used.
Related violations: <none>

SYNTH-12#173 Warning
DSP input not registered  
DSP instance u_system/u_replay/g_array.u_array/u_array/u_ref/g_row[12].g_col[35].u_pe/u_mul/u_dsp is not fully pipelined on the input side. AREG/BREG/CREG/DREG are not used.
Related violations: <none>

SYNTH-12#174 Warning
DSP input not registered  
DSP instance u_system/u_replay/g_array.u_array/u_array/u_ref/g_row[12].g_col[36].u_pe/u_mul/u_dsp is not fully pipelined on the input side. AREG/BREG/CREG/DREG are not used.
Related violations: <none>

SYNTH-12#175 Warning
DSP input not registered  
DSP instance u_system/u_replay/g_array.u_array/u_array/u_ref/g_row[12].g_col[37].u_pe/u_mul/u_dsp is not fully pipelined on the input side. AREG/BREG/CREG/DREG are not used.
Related violations: <none>

SYNTH-12#176 Warning
DSP input not registered  
DSP instance u_system/u_replay/g_array.u_array/u_array/u_ref/g_row[12].g_col[38].u_pe/u_mul/u_dsp is not fully pipelined on the input side. AREG/BREG/CREG/DREG are not used.
Related violations: <none>

SYNTH-12#177 Warning
DSP input not registered  
DSP instance u_system/u_replay/g_array.u_array/u_array/u_ref/g_row[12].g_col[39].u_pe/u_mul/u_dsp is not fully pipelined on the input side. AREG/BREG/CREG/DREG are not used.
Related violations: <none>

SYNTH-12#178 Warning
DSP input not registered  
DSP instance u_system/u_replay/g_array.u_array/u_array/u_ref/g_row[12].g_col[3].u_pe/u_mul/u_dsp is not fully pipelined on the input side. AREG/BREG/CREG/DREG are not used.
Related violations: <none>

SYNTH-12#179 Warning
DSP input not registered  
DSP instance u_system/u_replay/g_array.u_array/u_array/u_ref/g_row[12].g_col[40].u_pe/u_mul/u_dsp is not fully pipelined on the input side. AREG/BREG/CREG/DREG are not used.
Related violations: <none>

SYNTH-12#180 Warning
DSP input not registered  
DSP instance u_system/u_replay/g_array.u_array/u_array/u_ref/g_row[12].g_col[41].u_pe/u_mul/u_dsp is not fully pipelined on the input side. AREG/BREG/CREG/DREG are not used.
Related violations: <none>

SYNTH-12#181 Warning
DSP input not registered  
DSP instance u_system/u_replay/g_array.u_array/u_array/u_ref/g_row[12].g_col[42].u_pe/u_mul/u_dsp is not fully pipelined on the input side. AREG/BREG/CREG/DREG are not used.
Related violations: <none>

SYNTH-12#182 Warning
DSP input not registered  
DSP instance u_system/u_replay/g_array.u_array/u_array/u_ref/g_row[12].g_col[43].u_pe/u_mul/u_dsp is not fully pipelined on the input side. AREG/BREG/CREG/DREG are not used.
Related violations: <none>

SYNTH-12#183 Warning
DSP input not registered  
DSP instance u_system/u_replay/g_array.u_array/u_array/u_ref/g_row[12].g_col[44].u_pe/u_mul/u_dsp is not fully pipelined on the input side. AREG/BREG/CREG/DREG are not used.
Related violations: <none>

SYNTH-12#184 Warning
DSP input not registered  
DSP instance u_system/u_replay/g_array.u_array/u_array/u_ref/g_row[12].g_col[45].u_pe/u_mul/u_dsp is not fully pipelined on the input side. AREG/BREG/CREG/DREG are not used.
Related violations: <none>

SYNTH-12#185 Warning
DSP input not registered  
DSP instance u_system/u_replay/g_array.u_array/u_array/u_ref/g_row[12].g_col[46].u_pe/u_mul/u_dsp is not fully pipelined on the input side. AREG/BREG/CREG/DREG are not used.
Related violations: <none>

SYNTH-12#186 Warning
DSP input not registered  
DSP instance u_system/u_replay/g_array.u_array/u_array/u_ref/g_row[12].g_col[47].u_pe/u_mul/u_dsp is not fully pipelined on the input side. AREG/BREG/CREG/DREG are not used.
Related violations: <none>

SYNTH-12#187 Warning
DSP input not registered  
DSP instance u_system/u_replay/g_array.u_array/u_array/u_ref/g_row[12].g_col[4].u_pe/u_mul/u_dsp is not fully pipelined on the input side. AREG/BREG/CREG/DREG are not used.
Related violations: <none>

SYNTH-12#188 Warning
DSP input not registered  
DSP instance u_system/u_replay/g_array.u_array/u_array/u_ref/g_row[12].g_col[5].u_pe/u_mul/u_dsp is not fully pipelined on the input side. AREG/BREG/CREG/DREG are not used.
Related violations: <none>

SYNTH-12#189 Warning
DSP input not registered  
DSP instance u_system/u_replay/g_array.u_array/u_array/u_ref/g_row[12].g_col[6].u_pe/u_mul/u_dsp is not fully pipelined on the input side. AREG/BREG/CREG/DREG are not used.
Related violations: <none>

SYNTH-12#190 Warning
DSP input not registered  
DSP instance u_system/u_replay/g_array.u_array/u_array/u_ref/g_row[12].g_col[7].u_pe/u_mul/u_dsp is not fully pipelined on the input side. AREG/BREG/CREG/DREG are not used.
Related violations: <none>

SYNTH-12#191 Warning
DSP input not registered  
DSP instance u_system/u_replay/g_array.u_array/u_array/u_ref/g_row[12].g_col[8].u_pe/u_mul/u_dsp is not fully pipelined on the input side. AREG/BREG/CREG/DREG are not used.
Related violations: <none>

SYNTH-12#192 Warning
DSP input not registered  
DSP instance u_system/u_replay/g_array.u_array/u_array/u_ref/g_row[12].g_col[9].u_pe/u_mul/u_dsp is not fully pipelined on the input side. AREG/BREG/CREG/DREG are not used.
Related violations: <none>

SYNTH-12#193 Warning
DSP input not registered  
DSP instance u_system/u_replay/g_array.u_array/u_array/u_ref/g_row[13].g_col[0].u_pe/u_mul/u_dsp is not fully pipelined on the input side. AREG/BREG/CREG/DREG are not used.
Related violations: <none>

SYNTH-12#194 Warning
DSP input not registered  
DSP instance u_system/u_replay/g_array.u_array/u_array/u_ref/g_row[13].g_col[10].u_pe/u_mul/u_dsp is not fully pipelined on the input side. AREG/BREG/CREG/DREG are not used.
Related violations: <none>

SYNTH-12#195 Warning
DSP input not registered  
DSP instance u_system/u_replay/g_array.u_array/u_array/u_ref/g_row[13].g_col[11].u_pe/u_mul/u_dsp is not fully pipelined on the input side. AREG/BREG/CREG/DREG are not used.
Related violations: <none>

SYNTH-12#196 Warning
DSP input not registered  
DSP instance u_system/u_replay/g_array.u_array/u_array/u_ref/g_row[13].g_col[12].u_pe/u_mul/u_dsp is not fully pipelined on the input side. AREG/BREG/CREG/DREG are not used.
Related violations: <none>

SYNTH-12#197 Warning
DSP input not registered  
DSP instance u_system/u_replay/g_array.u_array/u_array/u_ref/g_row[13].g_col[13].u_pe/u_mul/u_dsp is not fully pipelined on the input side. AREG/BREG/CREG/DREG are not used.
Related violations: <none>

SYNTH-12#198 Warning
DSP input not registered  
DSP instance u_system/u_replay/g_array.u_array/u_array/u_ref/g_row[13].g_col[14].u_pe/u_mul/u_dsp is not fully pipelined on the input side. AREG/BREG/CREG/DREG are not used.
Related violations: <none>

SYNTH-12#199 Warning
DSP input not registered  
DSP instance u_system/u_replay/g_array.u_array/u_array/u_ref/g_row[13].g_col[15].u_pe/u_mul/u_dsp is not fully pipelined on the input side. AREG/BREG/CREG/DREG are not used.
Related violations: <none>

SYNTH-12#200 Warning
DSP input not registered  
DSP instance u_system/u_replay/g_array.u_array/u_array/u_ref/g_row[13].g_col[16].u_pe/u_mul/u_dsp is not fully pipelined on the input side. AREG/BREG/CREG/DREG are not used.
Related violations: <none>

SYNTH-12#201 Warning
DSP input not registered  
DSP instance u_system/u_replay/g_array.u_array/u_array/u_ref/g_row[13].g_col[17].u_pe/u_mul/u_dsp is not fully pipelined on the input side. AREG/BREG/CREG/DREG are not used.
Related violations: <none>

SYNTH-12#202 Warning
DSP input not registered  
DSP instance u_system/u_replay/g_array.u_array/u_array/u_ref/g_row[13].g_col[18].u_pe/u_mul/u_dsp is not fully pipelined on the input side. AREG/BREG/CREG/DREG are not used.
Related violations: <none>

SYNTH-12#203 Warning
DSP input not registered  
DSP instance u_system/u_replay/g_array.u_array/u_array/u_ref/g_row[13].g_col[19].u_pe/u_mul/u_dsp is not fully pipelined on the input side. AREG/BREG/CREG/DREG are not used.
Related violations: <none>

SYNTH-12#204 Warning
DSP input not registered  
DSP instance u_system/u_replay/g_array.u_array/u_array/u_ref/g_row[13].g_col[1].u_pe/u_mul/u_dsp is not fully pipelined on the input side. AREG/BREG/CREG/DREG are not used.
Related violations: <none>

SYNTH-12#205 Warning
DSP input not registered  
DSP instance u_system/u_replay/g_array.u_array/u_array/u_ref/g_row[13].g_col[20].u_pe/u_mul/u_dsp is not fully pipelined on the input side. AREG/BREG/CREG/DREG are not used.
Related violations: <none>

SYNTH-12#206 Warning
DSP input not registered  
DSP instance u_system/u_replay/g_array.u_array/u_array/u_ref/g_row[13].g_col[21].u_pe/u_mul/u_dsp is not fully pipelined on the input side. AREG/BREG/CREG/DREG are not used.
Related violations: <none>

SYNTH-12#207 Warning
DSP input not registered  
DSP instance u_system/u_replay/g_array.u_array/u_array/u_ref/g_row[13].g_col[22].u_pe/u_mul/u_dsp is not fully pipelined on the input side. AREG/BREG/CREG/DREG are not used.
Related violations: <none>

SYNTH-12#208 Warning
DSP input not registered  
DSP instance u_system/u_replay/g_array.u_array/u_array/u_ref/g_row[13].g_col[23].u_pe/u_mul/u_dsp is not fully pipelined on the input side. AREG/BREG/CREG/DREG are not used.
Related violations: <none>

SYNTH-12#209 Warning
DSP input not registered  
DSP instance u_system/u_replay/g_array.u_array/u_array/u_ref/g_row[13].g_col[24].u_pe/u_mul/u_dsp is not fully pipelined on the input side. AREG/BREG/CREG/DREG are not used.
Related violations: <none>

SYNTH-12#210 Warning
DSP input not registered  
DSP instance u_system/u_replay/g_array.u_array/u_array/u_ref/g_row[13].g_col[25].u_pe/u_mul/u_dsp is not fully pipelined on the input side. AREG/BREG/CREG/DREG are not used.
Related violations: <none>

SYNTH-12#211 Warning
DSP input not registered  
DSP instance u_system/u_replay/g_array.u_array/u_array/u_ref/g_row[13].g_col[26].u_pe/u_mul/u_dsp is not fully pipelined on the input side. AREG/BREG/CREG/DREG are not used.
Related violations: <none>

SYNTH-12#212 Warning
DSP input not registered  
DSP instance u_system/u_replay/g_array.u_array/u_array/u_ref/g_row[13].g_col[27].u_pe/u_mul/u_dsp is not fully pipelined on the input side. AREG/BREG/CREG/DREG are not used.
Related violations: <none>

SYNTH-12#213 Warning
DSP input not registered  
DSP instance u_system/u_replay/g_array.u_array/u_array/u_ref/g_row[13].g_col[28].u_pe/u_mul/u_dsp is not fully pipelined on the input side. AREG/BREG/CREG/DREG are not used.
Related violations: <none>

SYNTH-12#214 Warning
DSP input not registered  
DSP instance u_system/u_replay/g_array.u_array/u_array/u_ref/g_row[13].g_col[29].u_pe/u_mul/u_dsp is not fully pipelined on the input side. AREG/BREG/CREG/DREG are not used.
Related violations: <none>

SYNTH-12#215 Warning
DSP input not registered  
DSP instance u_system/u_replay/g_array.u_array/u_array/u_ref/g_row[13].g_col[2].u_pe/u_mul/u_dsp is not fully pipelined on the input side. AREG/BREG/CREG/DREG are not used.
Related violations: <none>

SYNTH-12#216 Warning
DSP input not registered  
DSP instance u_system/u_replay/g_array.u_array/u_array/u_ref/g_row[13].g_col[30].u_pe/u_mul/u_dsp is not fully pipelined on the input side. AREG/BREG/CREG/DREG are not used.
Related violations: <none>

SYNTH-12#217 Warning
DSP input not registered  
DSP instance u_system/u_replay/g_array.u_array/u_array/u_ref/g_row[13].g_col[31].u_pe/u_mul/u_dsp is not fully pipelined on the input side. AREG/BREG/CREG/DREG are not used.
Related violations: <none>

SYNTH-12#218 Warning
DSP input not registered  
DSP instance u_system/u_replay/g_array.u_array/u_array/u_ref/g_row[13].g_col[32].u_pe/u_mul/u_dsp is not fully pipelined on the input side. AREG/BREG/CREG/DREG are not used.
Related violations: <none>

SYNTH-12#219 Warning
DSP input not registered  
DSP instance u_system/u_replay/g_array.u_array/u_array/u_ref/g_row[13].g_col[33].u_pe/u_mul/u_dsp is not fully pipelined on the input side. AREG/BREG/CREG/DREG are not used.
Related violations: <none>

SYNTH-12#220 Warning
DSP input not registered  
DSP instance u_system/u_replay/g_array.u_array/u_array/u_ref/g_row[13].g_col[34].u_pe/u_mul/u_dsp is not fully pipelined on the input side. AREG/BREG/CREG/DREG are not used.
Related violations: <none>

SYNTH-12#221 Warning
DSP input not registered  
DSP instance u_system/u_replay/g_array.u_array/u_array/u_ref/g_row[13].g_col[35].u_pe/u_mul/u_dsp is not fully pipelined on the input side. AREG/BREG/CREG/DREG are not used.
Related violations: <none>

SYNTH-12#222 Warning
DSP input not registered  
DSP instance u_system/u_replay/g_array.u_array/u_array/u_ref/g_row[13].g_col[36].u_pe/u_mul/u_dsp is not fully pipelined on the input side. AREG/BREG/CREG/DREG are not used.
Related violations: <none>

SYNTH-12#223 Warning
DSP input not registered  
DSP instance u_system/u_replay/g_array.u_array/u_array/u_ref/g_row[13].g_col[37].u_pe/u_mul/u_dsp is not fully pipelined on the input side. AREG/BREG/CREG/DREG are not used.
Related violations: <none>

SYNTH-12#224 Warning
DSP input not registered  
DSP instance u_system/u_replay/g_array.u_array/u_array/u_ref/g_row[13].g_col[38].u_pe/u_mul/u_dsp is not fully pipelined on the input side. AREG/BREG/CREG/DREG are not used.
Related violations: <none>

SYNTH-12#225 Warning
DSP input not registered  
DSP instance u_system/u_replay/g_array.u_array/u_array/u_ref/g_row[13].g_col[39].u_pe/u_mul/u_dsp is not fully pipelined on the input side. AREG/BREG/CREG/DREG are not used.
Related violations: <none>

SYNTH-12#226 Warning
DSP input not registered  
DSP instance u_system/u_replay/g_array.u_array/u_array/u_ref/g_row[13].g_col[3].u_pe/u_mul/u_dsp is not fully pipelined on the input side. AREG/BREG/CREG/DREG are not used.
Related violations: <none>

SYNTH-12#227 Warning
DSP input not registered  
DSP instance u_system/u_replay/g_array.u_array/u_array/u_ref/g_row[13].g_col[40].u_pe/u_mul/u_dsp is not fully pipelined on the input side. AREG/BREG/CREG/DREG are not used.
Related violations: <none>

SYNTH-12#228 Warning
DSP input not registered  
DSP instance u_system/u_replay/g_array.u_array/u_array/u_ref/g_row[13].g_col[41].u_pe/u_mul/u_dsp is not fully pipelined on the input side. AREG/BREG/CREG/DREG are not used.
Related violations: <none>

SYNTH-12#229 Warning
DSP input not registered  
DSP instance u_system/u_replay/g_array.u_array/u_array/u_ref/g_row[13].g_col[42].u_pe/u_mul/u_dsp is not fully pipelined on the input side. AREG/BREG/CREG/DREG are not used.
Related violations: <none>

SYNTH-12#230 Warning
DSP input not registered  
DSP instance u_system/u_replay/g_array.u_array/u_array/u_ref/g_row[13].g_col[43].u_pe/u_mul/u_dsp is not fully pipelined on the input side. AREG/BREG/CREG/DREG are not used.
Related violations: <none>

SYNTH-12#231 Warning
DSP input not registered  
DSP instance u_system/u_replay/g_array.u_array/u_array/u_ref/g_row[13].g_col[44].u_pe/u_mul/u_dsp is not fully pipelined on the input side. AREG/BREG/CREG/DREG are not used.
Related violations: <none>

SYNTH-12#232 Warning
DSP input not registered  
DSP instance u_system/u_replay/g_array.u_array/u_array/u_ref/g_row[13].g_col[45].u_pe/u_mul/u_dsp is not fully pipelined on the input side. AREG/BREG/CREG/DREG are not used.
Related violations: <none>

SYNTH-12#233 Warning
DSP input not registered  
DSP instance u_system/u_replay/g_array.u_array/u_array/u_ref/g_row[13].g_col[46].u_pe/u_mul/u_dsp is not fully pipelined on the input side. AREG/BREG/CREG/DREG are not used.
Related violations: <none>

SYNTH-12#234 Warning
DSP input not registered  
DSP instance u_system/u_replay/g_array.u_array/u_array/u_ref/g_row[13].g_col[47].u_pe/u_mul/u_dsp is not fully pipelined on the input side. AREG/BREG/CREG/DREG are not used.
Related violations: <none>

SYNTH-12#235 Warning
DSP input not registered  
DSP instance u_system/u_replay/g_array.u_array/u_array/u_ref/g_row[13].g_col[4].u_pe/u_mul/u_dsp is not fully pipelined on the input side. AREG/BREG/CREG/DREG are not used.
Related violations: <none>

SYNTH-12#236 Warning
DSP input not registered  
DSP instance u_system/u_replay/g_array.u_array/u_array/u_ref/g_row[13].g_col[5].u_pe/u_mul/u_dsp is not fully pipelined on the input side. AREG/BREG/CREG/DREG are not used.
Related violations: <none>

SYNTH-12#237 Warning
DSP input not registered  
DSP instance u_system/u_replay/g_array.u_array/u_array/u_ref/g_row[13].g_col[6].u_pe/u_mul/u_dsp is not fully pipelined on the input side. AREG/BREG/CREG/DREG are not used.
Related violations: <none>

SYNTH-12#238 Warning
DSP input not registered  
DSP instance u_system/u_replay/g_array.u_array/u_array/u_ref/g_row[13].g_col[7].u_pe/u_mul/u_dsp is not fully pipelined on the input side. AREG/BREG/CREG/DREG are not used.
Related violations: <none>

SYNTH-12#239 Warning
DSP input not registered  
DSP instance u_system/u_replay/g_array.u_array/u_array/u_ref/g_row[13].g_col[8].u_pe/u_mul/u_dsp is not fully pipelined on the input side. AREG/BREG/CREG/DREG are not used.
Related violations: <none>

SYNTH-12#240 Warning
DSP input not registered  
DSP instance u_system/u_replay/g_array.u_array/u_array/u_ref/g_row[13].g_col[9].u_pe/u_mul/u_dsp is not fully pipelined on the input side. AREG/BREG/CREG/DREG are not used.
Related violations: <none>

SYNTH-12#241 Warning
DSP input not registered  
DSP instance u_system/u_replay/g_array.u_array/u_array/u_ref/g_row[14].g_col[0].u_pe/u_mul/u_dsp is not fully pipelined on the input side. AREG/BREG/CREG/DREG are not used.
Related violations: <none>

SYNTH-12#242 Warning
DSP input not registered  
DSP instance u_system/u_replay/g_array.u_array/u_array/u_ref/g_row[14].g_col[10].u_pe/u_mul/u_dsp is not fully pipelined on the input side. AREG/BREG/CREG/DREG are not used.
Related violations: <none>

SYNTH-12#243 Warning
DSP input not registered  
DSP instance u_system/u_replay/g_array.u_array/u_array/u_ref/g_row[14].g_col[11].u_pe/u_mul/u_dsp is not fully pipelined on the input side. AREG/BREG/CREG/DREG are not used.
Related violations: <none>

SYNTH-12#244 Warning
DSP input not registered  
DSP instance u_system/u_replay/g_array.u_array/u_array/u_ref/g_row[14].g_col[12].u_pe/u_mul/u_dsp is not fully pipelined on the input side. AREG/BREG/CREG/DREG are not used.
Related violations: <none>

SYNTH-12#245 Warning
DSP input not registered  
DSP instance u_system/u_replay/g_array.u_array/u_array/u_ref/g_row[14].g_col[13].u_pe/u_mul/u_dsp is not fully pipelined on the input side. AREG/BREG/CREG/DREG are not used.
Related violations: <none>

SYNTH-12#246 Warning
DSP input not registered  
DSP instance u_system/u_replay/g_array.u_array/u_array/u_ref/g_row[14].g_col[14].u_pe/u_mul/u_dsp is not fully pipelined on the input side. AREG/BREG/CREG/DREG are not used.
Related violations: <none>

SYNTH-12#247 Warning
DSP input not registered  
DSP instance u_system/u_replay/g_array.u_array/u_array/u_ref/g_row[14].g_col[15].u_pe/u_mul/u_dsp is not fully pipelined on the input side. AREG/BREG/CREG/DREG are not used.
Related violations: <none>

SYNTH-12#248 Warning
DSP input not registered  
DSP instance u_system/u_replay/g_array.u_array/u_array/u_ref/g_row[14].g_col[16].u_pe/u_mul/u_dsp is not fully pipelined on the input side. AREG/BREG/CREG/DREG are not used.
Related violations: <none>

SYNTH-12#249 Warning
DSP input not registered  
DSP instance u_system/u_replay/g_array.u_array/u_array/u_ref/g_row[14].g_col[17].u_pe/u_mul/u_dsp is not fully pipelined on the input side. AREG/BREG/CREG/DREG are not used.
Related violations: <none>

SYNTH-12#250 Warning
DSP input not registered  
DSP instance u_system/u_replay/g_array.u_array/u_array/u_ref/g_row[14].g_col[18].u_pe/u_mul/u_dsp is not fully pipelined on the input side. AREG/BREG/CREG/DREG are not used.
Related violations: <none>

SYNTH-12#251 Warning
DSP input not registered  
DSP instance u_system/u_replay/g_array.u_array/u_array/u_ref/g_row[14].g_col[19].u_pe/u_mul/u_dsp is not fully pipelined on the input side. AREG/BREG/CREG/DREG are not used.
Related violations: <none>

SYNTH-12#252 Warning
DSP input not registered  
DSP instance u_system/u_replay/g_array.u_array/u_array/u_ref/g_row[14].g_col[1].u_pe/u_mul/u_dsp is not fully pipelined on the input side. AREG/BREG/CREG/DREG are not used.
Related violations: <none>

SYNTH-12#253 Warning
DSP input not registered  
DSP instance u_system/u_replay/g_array.u_array/u_array/u_ref/g_row[14].g_col[20].u_pe/u_mul/u_dsp is not fully pipelined on the input side. AREG/BREG/CREG/DREG are not used.
Related violations: <none>

SYNTH-12#254 Warning
DSP input not registered  
DSP instance u_system/u_replay/g_array.u_array/u_array/u_ref/g_row[14].g_col[21].u_pe/u_mul/u_dsp is not fully pipelined on the input side. AREG/BREG/CREG/DREG are not used.
Related violations: <none>

SYNTH-12#255 Warning
DSP input not registered  
DSP instance u_system/u_replay/g_array.u_array/u_array/u_ref/g_row[14].g_col[22].u_pe/u_mul/u_dsp is not fully pipelined on the input side. AREG/BREG/CREG/DREG are not used.
Related violations: <none>

SYNTH-12#256 Warning
DSP input not registered  
DSP instance u_system/u_replay/g_array.u_array/u_array/u_ref/g_row[14].g_col[23].u_pe/u_mul/u_dsp is not fully pipelined on the input side. AREG/BREG/CREG/DREG are not used.
Related violations: <none>

SYNTH-12#257 Warning
DSP input not registered  
DSP instance u_system/u_replay/g_array.u_array/u_array/u_ref/g_row[14].g_col[24].u_pe/u_mul/u_dsp is not fully pipelined on the input side. AREG/BREG/CREG/DREG are not used.
Related violations: <none>

SYNTH-12#258 Warning
DSP input not registered  
DSP instance u_system/u_replay/g_array.u_array/u_array/u_ref/g_row[14].g_col[25].u_pe/u_mul/u_dsp is not fully pipelined on the input side. AREG/BREG/CREG/DREG are not used.
Related violations: <none>

SYNTH-12#259 Warning
DSP input not registered  
DSP instance u_system/u_replay/g_array.u_array/u_array/u_ref/g_row[14].g_col[26].u_pe/u_mul/u_dsp is not fully pipelined on the input side. AREG/BREG/CREG/DREG are not used.
Related violations: <none>

SYNTH-12#260 Warning
DSP input not registered  
DSP instance u_system/u_replay/g_array.u_array/u_array/u_ref/g_row[14].g_col[27].u_pe/u_mul/u_dsp is not fully pipelined on the input side. AREG/BREG/CREG/DREG are not used.
Related violations: <none>

SYNTH-12#261 Warning
DSP input not registered  
DSP instance u_system/u_replay/g_array.u_array/u_array/u_ref/g_row[14].g_col[28].u_pe/u_mul/u_dsp is not fully pipelined on the input side. AREG/BREG/CREG/DREG are not used.
Related violations: <none>

SYNTH-12#262 Warning
DSP input not registered  
DSP instance u_system/u_replay/g_array.u_array/u_array/u_ref/g_row[14].g_col[29].u_pe/u_mul/u_dsp is not fully pipelined on the input side. AREG/BREG/CREG/DREG are not used.
Related violations: <none>

SYNTH-12#263 Warning
DSP input not registered  
DSP instance u_system/u_replay/g_array.u_array/u_array/u_ref/g_row[14].g_col[2].u_pe/u_mul/u_dsp is not fully pipelined on the input side. AREG/BREG/CREG/DREG are not used.
Related violations: <none>

SYNTH-12#264 Warning
DSP input not registered  
DSP instance u_system/u_replay/g_array.u_array/u_array/u_ref/g_row[14].g_col[30].u_pe/u_mul/u_dsp is not fully pipelined on the input side. AREG/BREG/CREG/DREG are not used.
Related violations: <none>

SYNTH-12#265 Warning
DSP input not registered  
DSP instance u_system/u_replay/g_array.u_array/u_array/u_ref/g_row[14].g_col[31].u_pe/u_mul/u_dsp is not fully pipelined on the input side. AREG/BREG/CREG/DREG are not used.
Related violations: <none>

SYNTH-12#266 Warning
DSP input not registered  
DSP instance u_system/u_replay/g_array.u_array/u_array/u_ref/g_row[14].g_col[32].u_pe/u_mul/u_dsp is not fully pipelined on the input side. AREG/BREG/CREG/DREG are not used.
Related violations: <none>

SYNTH-12#267 Warning
DSP input not registered  
DSP instance u_system/u_replay/g_array.u_array/u_array/u_ref/g_row[14].g_col[33].u_pe/u_mul/u_dsp is not fully pipelined on the input side. AREG/BREG/CREG/DREG are not used.
Related violations: <none>

SYNTH-12#268 Warning
DSP input not registered  
DSP instance u_system/u_replay/g_array.u_array/u_array/u_ref/g_row[14].g_col[34].u_pe/u_mul/u_dsp is not fully pipelined on the input side. AREG/BREG/CREG/DREG are not used.
Related violations: <none>

SYNTH-12#269 Warning
DSP input not registered  
DSP instance u_system/u_replay/g_array.u_array/u_array/u_ref/g_row[14].g_col[35].u_pe/u_mul/u_dsp is not fully pipelined on the input side. AREG/BREG/CREG/DREG are not used.
Related violations: <none>

SYNTH-12#270 Warning
DSP input not registered  
DSP instance u_system/u_replay/g_array.u_array/u_array/u_ref/g_row[14].g_col[36].u_pe/u_mul/u_dsp is not fully pipelined on the input side. AREG/BREG/CREG/DREG are not used.
Related violations: <none>

SYNTH-12#271 Warning
DSP input not registered  
DSP instance u_system/u_replay/g_array.u_array/u_array/u_ref/g_row[14].g_col[37].u_pe/u_mul/u_dsp is not fully pipelined on the input side. AREG/BREG/CREG/DREG are not used.
Related violations: <none>

SYNTH-12#272 Warning
DSP input not registered  
DSP instance u_system/u_replay/g_array.u_array/u_array/u_ref/g_row[14].g_col[38].u_pe/u_mul/u_dsp is not fully pipelined on the input side. AREG/BREG/CREG/DREG are not used.
Related violations: <none>

SYNTH-12#273 Warning
DSP input not registered  
DSP instance u_system/u_replay/g_array.u_array/u_array/u_ref/g_row[14].g_col[39].u_pe/u_mul/u_dsp is not fully pipelined on the input side. AREG/BREG/CREG/DREG are not used.
Related violations: <none>

SYNTH-12#274 Warning
DSP input not registered  
DSP instance u_system/u_replay/g_array.u_array/u_array/u_ref/g_row[14].g_col[3].u_pe/u_mul/u_dsp is not fully pipelined on the input side. AREG/BREG/CREG/DREG are not used.
Related violations: <none>

SYNTH-12#275 Warning
DSP input not registered  
DSP instance u_system/u_replay/g_array.u_array/u_array/u_ref/g_row[14].g_col[40].u_pe/u_mul/u_dsp is not fully pipelined on the input side. AREG/BREG/CREG/DREG are not used.
Related violations: <none>

SYNTH-12#276 Warning
DSP input not registered  
DSP instance u_system/u_replay/g_array.u_array/u_array/u_ref/g_row[14].g_col[41].u_pe/u_mul/u_dsp is not fully pipelined on the input side. AREG/BREG/CREG/DREG are not used.
Related violations: <none>

SYNTH-12#277 Warning
DSP input not registered  
DSP instance u_system/u_replay/g_array.u_array/u_array/u_ref/g_row[14].g_col[42].u_pe/u_mul/u_dsp is not fully pipelined on the input side. AREG/BREG/CREG/DREG are not used.
Related violations: <none>

SYNTH-12#278 Warning
DSP input not registered  
DSP instance u_system/u_replay/g_array.u_array/u_array/u_ref/g_row[14].g_col[43].u_pe/u_mul/u_dsp is not fully pipelined on the input side. AREG/BREG/CREG/DREG are not used.
Related violations: <none>

SYNTH-12#279 Warning
DSP input not registered  
DSP instance u_system/u_replay/g_array.u_array/u_array/u_ref/g_row[14].g_col[44].u_pe/u_mul/u_dsp is not fully pipelined on the input side. AREG/BREG/CREG/DREG are not used.
Related violations: <none>

SYNTH-12#280 Warning
DSP input not registered  
DSP instance u_system/u_replay/g_array.u_array/u_array/u_ref/g_row[14].g_col[45].u_pe/u_mul/u_dsp is not fully pipelined on the input side. AREG/BREG/CREG/DREG are not used.
Related violations: <none>

SYNTH-12#281 Warning
DSP input not registered  
DSP instance u_system/u_replay/g_array.u_array/u_array/u_ref/g_row[14].g_col[46].u_pe/u_mul/u_dsp is not fully pipelined on the input side. AREG/BREG/CREG/DREG are not used.
Related violations: <none>

SYNTH-12#282 Warning
DSP input not registered  
DSP instance u_system/u_replay/g_array.u_array/u_array/u_ref/g_row[14].g_col[47].u_pe/u_mul/u_dsp is not fully pipelined on the input side. AREG/BREG/CREG/DREG are not used.
Related violations: <none>

SYNTH-12#283 Warning
DSP input not registered  
DSP instance u_system/u_replay/g_array.u_array/u_array/u_ref/g_row[14].g_col[4].u_pe/u_mul/u_dsp is not fully pipelined on the input side. AREG/BREG/CREG/DREG are not used.
Related violations: <none>

SYNTH-12#284 Warning
DSP input not registered  
DSP instance u_system/u_replay/g_array.u_array/u_array/u_ref/g_row[14].g_col[5].u_pe/u_mul/u_dsp is not fully pipelined on the input side. AREG/BREG/CREG/DREG are not used.
Related violations: <none>

SYNTH-12#285 Warning
DSP input not registered  
DSP instance u_system/u_replay/g_array.u_array/u_array/u_ref/g_row[14].g_col[6].u_pe/u_mul/u_dsp is not fully pipelined on the input side. AREG/BREG/CREG/DREG are not used.
Related violations: <none>

SYNTH-12#286 Warning
DSP input not registered  
DSP instance u_system/u_replay/g_array.u_array/u_array/u_ref/g_row[14].g_col[7].u_pe/u_mul/u_dsp is not fully pipelined on the input side. AREG/BREG/CREG/DREG are not used.
Related violations: <none>

SYNTH-12#287 Warning
DSP input not registered  
DSP instance u_system/u_replay/g_array.u_array/u_array/u_ref/g_row[14].g_col[8].u_pe/u_mul/u_dsp is not fully pipelined on the input side. AREG/BREG/CREG/DREG are not used.
Related violations: <none>

SYNTH-12#288 Warning
DSP input not registered  
DSP instance u_system/u_replay/g_array.u_array/u_array/u_ref/g_row[14].g_col[9].u_pe/u_mul/u_dsp is not fully pipelined on the input side. AREG/BREG/CREG/DREG are not used.
Related violations: <none>

SYNTH-12#289 Warning
DSP input not registered  
DSP instance u_system/u_replay/g_array.u_array/u_array/u_ref/g_row[15].g_col[0].u_pe/u_mul/u_dsp is not fully pipelined on the input side. AREG/BREG/CREG/DREG are not used.
Related violations: <none>

SYNTH-12#290 Warning
DSP input not registered  
DSP instance u_system/u_replay/g_array.u_array/u_array/u_ref/g_row[15].g_col[10].u_pe/u_mul/u_dsp is not fully pipelined on the input side. AREG/BREG/CREG/DREG are not used.
Related violations: <none>

SYNTH-12#291 Warning
DSP input not registered  
DSP instance u_system/u_replay/g_array.u_array/u_array/u_ref/g_row[15].g_col[11].u_pe/u_mul/u_dsp is not fully pipelined on the input side. AREG/BREG/CREG/DREG are not used.
Related violations: <none>

SYNTH-12#292 Warning
DSP input not registered  
DSP instance u_system/u_replay/g_array.u_array/u_array/u_ref/g_row[15].g_col[12].u_pe/u_mul/u_dsp is not fully pipelined on the input side. AREG/BREG/CREG/DREG are not used.
Related violations: <none>

SYNTH-12#293 Warning
DSP input not registered  
DSP instance u_system/u_replay/g_array.u_array/u_array/u_ref/g_row[15].g_col[13].u_pe/u_mul/u_dsp is not fully pipelined on the input side. AREG/BREG/CREG/DREG are not used.
Related violations: <none>

SYNTH-12#294 Warning
DSP input not registered  
DSP instance u_system/u_replay/g_array.u_array/u_array/u_ref/g_row[15].g_col[14].u_pe/u_mul/u_dsp is not fully pipelined on the input side. AREG/BREG/CREG/DREG are not used.
Related violations: <none>

SYNTH-12#295 Warning
DSP input not registered  
DSP instance u_system/u_replay/g_array.u_array/u_array/u_ref/g_row[15].g_col[15].u_pe/u_mul/u_dsp is not fully pipelined on the input side. AREG/BREG/CREG/DREG are not used.
Related violations: <none>

SYNTH-12#296 Warning
DSP input not registered  
DSP instance u_system/u_replay/g_array.u_array/u_array/u_ref/g_row[15].g_col[16].u_pe/u_mul/u_dsp is not fully pipelined on the input side. AREG/BREG/CREG/DREG are not used.
Related violations: <none>

SYNTH-12#297 Warning
DSP input not registered  
DSP instance u_system/u_replay/g_array.u_array/u_array/u_ref/g_row[15].g_col[17].u_pe/u_mul/u_dsp is not fully pipelined on the input side. AREG/BREG/CREG/DREG are not used.
Related violations: <none>

SYNTH-12#298 Warning
DSP input not registered  
DSP instance u_system/u_replay/g_array.u_array/u_array/u_ref/g_row[15].g_col[18].u_pe/u_mul/u_dsp is not fully pipelined on the input side. AREG/BREG/CREG/DREG are not used.
Related violations: <none>

SYNTH-12#299 Warning
DSP input not registered  
DSP instance u_system/u_replay/g_array.u_array/u_array/u_ref/g_row[15].g_col[19].u_pe/u_mul/u_dsp is not fully pipelined on the input side. AREG/BREG/CREG/DREG are not used.
Related violations: <none>

SYNTH-12#300 Warning
DSP input not registered  
DSP instance u_system/u_replay/g_array.u_array/u_array/u_ref/g_row[15].g_col[1].u_pe/u_mul/u_dsp is not fully pipelined on the input side. AREG/BREG/CREG/DREG are not used.
Related violations: <none>

SYNTH-12#301 Warning
DSP input not registered  
DSP instance u_system/u_replay/g_array.u_array/u_array/u_ref/g_row[15].g_col[20].u_pe/u_mul/u_dsp is not fully pipelined on the input side. AREG/BREG/CREG/DREG are not used.
Related violations: <none>

SYNTH-12#302 Warning
DSP input not registered  
DSP instance u_system/u_replay/g_array.u_array/u_array/u_ref/g_row[15].g_col[21].u_pe/u_mul/u_dsp is not fully pipelined on the input side. AREG/BREG/CREG/DREG are not used.
Related violations: <none>

SYNTH-12#303 Warning
DSP input not registered  
DSP instance u_system/u_replay/g_array.u_array/u_array/u_ref/g_row[15].g_col[22].u_pe/u_mul/u_dsp is not fully pipelined on the input side. AREG/BREG/CREG/DREG are not used.
Related violations: <none>

SYNTH-12#304 Warning
DSP input not registered  
DSP instance u_system/u_replay/g_array.u_array/u_array/u_ref/g_row[15].g_col[23].u_pe/u_mul/u_dsp is not fully pipelined on the input side. AREG/BREG/CREG/DREG are not used.
Related violations: <none>

SYNTH-12#305 Warning
DSP input not registered  
DSP instance u_system/u_replay/g_array.u_array/u_array/u_ref/g_row[15].g_col[24].u_pe/u_mul/u_dsp is not fully pipelined on the input side. AREG/BREG/CREG/DREG are not used.
Related violations: <none>

SYNTH-12#306 Warning
DSP input not registered  
DSP instance u_system/u_replay/g_array.u_array/u_array/u_ref/g_row[15].g_col[25].u_pe/u_mul/u_dsp is not fully pipelined on the input side. AREG/BREG/CREG/DREG are not used.
Related violations: <none>

SYNTH-12#307 Warning
DSP input not registered  
DSP instance u_system/u_replay/g_array.u_array/u_array/u_ref/g_row[15].g_col[26].u_pe/u_mul/u_dsp is not fully pipelined on the input side. AREG/BREG/CREG/DREG are not used.
Related violations: <none>

SYNTH-12#308 Warning
DSP input not registered  
DSP instance u_system/u_replay/g_array.u_array/u_array/u_ref/g_row[15].g_col[27].u_pe/u_mul/u_dsp is not fully pipelined on the input side. AREG/BREG/CREG/DREG are not used.
Related violations: <none>

SYNTH-12#309 Warning
DSP input not registered  
DSP instance u_system/u_replay/g_array.u_array/u_array/u_ref/g_row[15].g_col[28].u_pe/u_mul/u_dsp is not fully pipelined on the input side. AREG/BREG/CREG/DREG are not used.
Related violations: <none>

SYNTH-12#310 Warning
DSP input not registered  
DSP instance u_system/u_replay/g_array.u_array/u_array/u_ref/g_row[15].g_col[29].u_pe/u_mul/u_dsp is not fully pipelined on the input side. AREG/BREG/CREG/DREG are not used.
Related violations: <none>

SYNTH-12#311 Warning
DSP input not registered  
DSP instance u_system/u_replay/g_array.u_array/u_array/u_ref/g_row[15].g_col[2].u_pe/u_mul/u_dsp is not fully pipelined on the input side. AREG/BREG/CREG/DREG are not used.
Related violations: <none>

SYNTH-12#312 Warning
DSP input not registered  
DSP instance u_system/u_replay/g_array.u_array/u_array/u_ref/g_row[15].g_col[30].u_pe/u_mul/u_dsp is not fully pipelined on the input side. AREG/BREG/CREG/DREG are not used.
Related violations: <none>

SYNTH-12#313 Warning
DSP input not registered  
DSP instance u_system/u_replay/g_array.u_array/u_array/u_ref/g_row[15].g_col[31].u_pe/u_mul/u_dsp is not fully pipelined on the input side. AREG/BREG/CREG/DREG are not used.
Related violations: <none>

SYNTH-12#314 Warning
DSP input not registered  
DSP instance u_system/u_replay/g_array.u_array/u_array/u_ref/g_row[15].g_col[32].u_pe/u_mul/u_dsp is not fully pipelined on the input side. AREG/BREG/CREG/DREG are not used.
Related violations: <none>

SYNTH-12#315 Warning
DSP input not registered  
DSP instance u_system/u_replay/g_array.u_array/u_array/u_ref/g_row[15].g_col[33].u_pe/u_mul/u_dsp is not fully pipelined on the input side. AREG/BREG/CREG/DREG are not used.
Related violations: <none>

SYNTH-12#316 Warning
DSP input not registered  
DSP instance u_system/u_replay/g_array.u_array/u_array/u_ref/g_row[15].g_col[34].u_pe/u_mul/u_dsp is not fully pipelined on the input side. AREG/BREG/CREG/DREG are not used.
Related violations: <none>

SYNTH-12#317 Warning
DSP input not registered  
DSP instance u_system/u_replay/g_array.u_array/u_array/u_ref/g_row[15].g_col[35].u_pe/u_mul/u_dsp is not fully pipelined on the input side. AREG/BREG/CREG/DREG are not used.
Related violations: <none>

SYNTH-12#318 Warning
DSP input not registered  
DSP instance u_system/u_replay/g_array.u_array/u_array/u_ref/g_row[15].g_col[36].u_pe/u_mul/u_dsp is not fully pipelined on the input side. AREG/BREG/CREG/DREG are not used.
Related violations: <none>

SYNTH-12#319 Warning
DSP input not registered  
DSP instance u_system/u_replay/g_array.u_array/u_array/u_ref/g_row[15].g_col[37].u_pe/u_mul/u_dsp is not fully pipelined on the input side. AREG/BREG/CREG/DREG are not used.
Related violations: <none>

SYNTH-12#320 Warning
DSP input not registered  
DSP instance u_system/u_replay/g_array.u_array/u_array/u_ref/g_row[15].g_col[38].u_pe/u_mul/u_dsp is not fully pipelined on the input side. AREG/BREG/CREG/DREG are not used.
Related violations: <none>

SYNTH-12#321 Warning
DSP input not registered  
DSP instance u_system/u_replay/g_array.u_array/u_array/u_ref/g_row[15].g_col[39].u_pe/u_mul/u_dsp is not fully pipelined on the input side. AREG/BREG/CREG/DREG are not used.
Related violations: <none>

SYNTH-12#322 Warning
DSP input not registered  
DSP instance u_system/u_replay/g_array.u_array/u_array/u_ref/g_row[15].g_col[3].u_pe/u_mul/u_dsp is not fully pipelined on the input side. AREG/BREG/CREG/DREG are not used.
Related violations: <none>

SYNTH-12#323 Warning
DSP input not registered  
DSP instance u_system/u_replay/g_array.u_array/u_array/u_ref/g_row[15].g_col[40].u_pe/u_mul/u_dsp is not fully pipelined on the input side. AREG/BREG/CREG/DREG are not used.
Related violations: <none>

SYNTH-12#324 Warning
DSP input not registered  
DSP instance u_system/u_replay/g_array.u_array/u_array/u_ref/g_row[15].g_col[41].u_pe/u_mul/u_dsp is not fully pipelined on the input side. AREG/BREG/CREG/DREG are not used.
Related violations: <none>

SYNTH-12#325 Warning
DSP input not registered  
DSP instance u_system/u_replay/g_array.u_array/u_array/u_ref/g_row[15].g_col[42].u_pe/u_mul/u_dsp is not fully pipelined on the input side. AREG/BREG/CREG/DREG are not used.
Related violations: <none>

SYNTH-12#326 Warning
DSP input not registered  
DSP instance u_system/u_replay/g_array.u_array/u_array/u_ref/g_row[15].g_col[43].u_pe/u_mul/u_dsp is not fully pipelined on the input side. AREG/BREG/CREG/DREG are not used.
Related violations: <none>

SYNTH-12#327 Warning
DSP input not registered  
DSP instance u_system/u_replay/g_array.u_array/u_array/u_ref/g_row[15].g_col[44].u_pe/u_mul/u_dsp is not fully pipelined on the input side. AREG/BREG/CREG/DREG are not used.
Related violations: <none>

SYNTH-12#328 Warning
DSP input not registered  
DSP instance u_system/u_replay/g_array.u_array/u_array/u_ref/g_row[15].g_col[45].u_pe/u_mul/u_dsp is not fully pipelined on the input side. AREG/BREG/CREG/DREG are not used.
Related violations: <none>

SYNTH-12#329 Warning
DSP input not registered  
DSP instance u_system/u_replay/g_array.u_array/u_array/u_ref/g_row[15].g_col[46].u_pe/u_mul/u_dsp is not fully pipelined on the input side. AREG/BREG/CREG/DREG are not used.
Related violations: <none>

SYNTH-12#330 Warning
DSP input not registered  
DSP instance u_system/u_replay/g_array.u_array/u_array/u_ref/g_row[15].g_col[47].u_pe/u_mul/u_dsp is not fully pipelined on the input side. AREG/BREG/CREG/DREG are not used.
Related violations: <none>

SYNTH-12#331 Warning
DSP input not registered  
DSP instance u_system/u_replay/g_array.u_array/u_array/u_ref/g_row[15].g_col[4].u_pe/u_mul/u_dsp is not fully pipelined on the input side. AREG/BREG/CREG/DREG are not used.
Related violations: <none>

SYNTH-12#332 Warning
DSP input not registered  
DSP instance u_system/u_replay/g_array.u_array/u_array/u_ref/g_row[15].g_col[5].u_pe/u_mul/u_dsp is not fully pipelined on the input side. AREG/BREG/CREG/DREG are not used.
Related violations: <none>

SYNTH-12#333 Warning
DSP input not registered  
DSP instance u_system/u_replay/g_array.u_array/u_array/u_ref/g_row[15].g_col[6].u_pe/u_mul/u_dsp is not fully pipelined on the input side. AREG/BREG/CREG/DREG are not used.
Related violations: <none>

SYNTH-12#334 Warning
DSP input not registered  
DSP instance u_system/u_replay/g_array.u_array/u_array/u_ref/g_row[15].g_col[7].u_pe/u_mul/u_dsp is not fully pipelined on the input side. AREG/BREG/CREG/DREG are not used.
Related violations: <none>

SYNTH-12#335 Warning
DSP input not registered  
DSP instance u_system/u_replay/g_array.u_array/u_array/u_ref/g_row[15].g_col[8].u_pe/u_mul/u_dsp is not fully pipelined on the input side. AREG/BREG/CREG/DREG are not used.
Related violations: <none>

SYNTH-12#336 Warning
DSP input not registered  
DSP instance u_system/u_replay/g_array.u_array/u_array/u_ref/g_row[15].g_col[9].u_pe/u_mul/u_dsp is not fully pipelined on the input side. AREG/BREG/CREG/DREG are not used.
Related violations: <none>

SYNTH-12#337 Warning
DSP input not registered  
DSP instance u_system/u_replay/g_array.u_array/u_array/u_ref/g_row[1].g_col[0].u_pe/u_mul/u_dsp is not fully pipelined on the input side. AREG/BREG/CREG/DREG are not used.
Related violations: <none>

SYNTH-12#338 Warning
DSP input not registered  
DSP instance u_system/u_replay/g_array.u_array/u_array/u_ref/g_row[1].g_col[10].u_pe/u_mul/u_dsp is not fully pipelined on the input side. AREG/BREG/CREG/DREG are not used.
Related violations: <none>

SYNTH-12#339 Warning
DSP input not registered  
DSP instance u_system/u_replay/g_array.u_array/u_array/u_ref/g_row[1].g_col[11].u_pe/u_mul/u_dsp is not fully pipelined on the input side. AREG/BREG/CREG/DREG are not used.
Related violations: <none>

SYNTH-12#340 Warning
DSP input not registered  
DSP instance u_system/u_replay/g_array.u_array/u_array/u_ref/g_row[1].g_col[12].u_pe/u_mul/u_dsp is not fully pipelined on the input side. AREG/BREG/CREG/DREG are not used.
Related violations: <none>

SYNTH-12#341 Warning
DSP input not registered  
DSP instance u_system/u_replay/g_array.u_array/u_array/u_ref/g_row[1].g_col[13].u_pe/u_mul/u_dsp is not fully pipelined on the input side. AREG/BREG/CREG/DREG are not used.
Related violations: <none>

SYNTH-12#342 Warning
DSP input not registered  
DSP instance u_system/u_replay/g_array.u_array/u_array/u_ref/g_row[1].g_col[14].u_pe/u_mul/u_dsp is not fully pipelined on the input side. AREG/BREG/CREG/DREG are not used.
Related violations: <none>

SYNTH-12#343 Warning
DSP input not registered  
DSP instance u_system/u_replay/g_array.u_array/u_array/u_ref/g_row[1].g_col[15].u_pe/u_mul/u_dsp is not fully pipelined on the input side. AREG/BREG/CREG/DREG are not used.
Related violations: <none>

SYNTH-12#344 Warning
DSP input not registered  
DSP instance u_system/u_replay/g_array.u_array/u_array/u_ref/g_row[1].g_col[16].u_pe/u_mul/u_dsp is not fully pipelined on the input side. AREG/BREG/CREG/DREG are not used.
Related violations: <none>

SYNTH-12#345 Warning
DSP input not registered  
DSP instance u_system/u_replay/g_array.u_array/u_array/u_ref/g_row[1].g_col[17].u_pe/u_mul/u_dsp is not fully pipelined on the input side. AREG/BREG/CREG/DREG are not used.
Related violations: <none>

SYNTH-12#346 Warning
DSP input not registered  
DSP instance u_system/u_replay/g_array.u_array/u_array/u_ref/g_row[1].g_col[18].u_pe/u_mul/u_dsp is not fully pipelined on the input side. AREG/BREG/CREG/DREG are not used.
Related violations: <none>

SYNTH-12#347 Warning
DSP input not registered  
DSP instance u_system/u_replay/g_array.u_array/u_array/u_ref/g_row[1].g_col[19].u_pe/u_mul/u_dsp is not fully pipelined on the input side. AREG/BREG/CREG/DREG are not used.
Related violations: <none>

SYNTH-12#348 Warning
DSP input not registered  
DSP instance u_system/u_replay/g_array.u_array/u_array/u_ref/g_row[1].g_col[1].u_pe/u_mul/u_dsp is not fully pipelined on the input side. AREG/BREG/CREG/DREG are not used.
Related violations: <none>

SYNTH-12#349 Warning
DSP input not registered  
DSP instance u_system/u_replay/g_array.u_array/u_array/u_ref/g_row[1].g_col[20].u_pe/u_mul/u_dsp is not fully pipelined on the input side. AREG/BREG/CREG/DREG are not used.
Related violations: <none>

SYNTH-12#350 Warning
DSP input not registered  
DSP instance u_system/u_replay/g_array.u_array/u_array/u_ref/g_row[1].g_col[21].u_pe/u_mul/u_dsp is not fully pipelined on the input side. AREG/BREG/CREG/DREG are not used.
Related violations: <none>

SYNTH-12#351 Warning
DSP input not registered  
DSP instance u_system/u_replay/g_array.u_array/u_array/u_ref/g_row[1].g_col[22].u_pe/u_mul/u_dsp is not fully pipelined on the input side. AREG/BREG/CREG/DREG are not used.
Related violations: <none>

SYNTH-12#352 Warning
DSP input not registered  
DSP instance u_system/u_replay/g_array.u_array/u_array/u_ref/g_row[1].g_col[23].u_pe/u_mul/u_dsp is not fully pipelined on the input side. AREG/BREG/CREG/DREG are not used.
Related violations: <none>

SYNTH-12#353 Warning
DSP input not registered  
DSP instance u_system/u_replay/g_array.u_array/u_array/u_ref/g_row[1].g_col[24].u_pe/u_mul/u_dsp is not fully pipelined on the input side. AREG/BREG/CREG/DREG are not used.
Related violations: <none>

SYNTH-12#354 Warning
DSP input not registered  
DSP instance u_system/u_replay/g_array.u_array/u_array/u_ref/g_row[1].g_col[25].u_pe/u_mul/u_dsp is not fully pipelined on the input side. AREG/BREG/CREG/DREG are not used.
Related violations: <none>

SYNTH-12#355 Warning
DSP input not registered  
DSP instance u_system/u_replay/g_array.u_array/u_array/u_ref/g_row[1].g_col[26].u_pe/u_mul/u_dsp is not fully pipelined on the input side. AREG/BREG/CREG/DREG are not used.
Related violations: <none>

SYNTH-12#356 Warning
DSP input not registered  
DSP instance u_system/u_replay/g_array.u_array/u_array/u_ref/g_row[1].g_col[27].u_pe/u_mul/u_dsp is not fully pipelined on the input side. AREG/BREG/CREG/DREG are not used.
Related violations: <none>

SYNTH-12#357 Warning
DSP input not registered  
DSP instance u_system/u_replay/g_array.u_array/u_array/u_ref/g_row[1].g_col[28].u_pe/u_mul/u_dsp is not fully pipelined on the input side. AREG/BREG/CREG/DREG are not used.
Related violations: <none>

SYNTH-12#358 Warning
DSP input not registered  
DSP instance u_system/u_replay/g_array.u_array/u_array/u_ref/g_row[1].g_col[29].u_pe/u_mul/u_dsp is not fully pipelined on the input side. AREG/BREG/CREG/DREG are not used.
Related violations: <none>

SYNTH-12#359 Warning
DSP input not registered  
DSP instance u_system/u_replay/g_array.u_array/u_array/u_ref/g_row[1].g_col[2].u_pe/u_mul/u_dsp is not fully pipelined on the input side. AREG/BREG/CREG/DREG are not used.
Related violations: <none>

SYNTH-12#360 Warning
DSP input not registered  
DSP instance u_system/u_replay/g_array.u_array/u_array/u_ref/g_row[1].g_col[30].u_pe/u_mul/u_dsp is not fully pipelined on the input side. AREG/BREG/CREG/DREG are not used.
Related violations: <none>

SYNTH-12#361 Warning
DSP input not registered  
DSP instance u_system/u_replay/g_array.u_array/u_array/u_ref/g_row[1].g_col[31].u_pe/u_mul/u_dsp is not fully pipelined on the input side. AREG/BREG/CREG/DREG are not used.
Related violations: <none>

SYNTH-12#362 Warning
DSP input not registered  
DSP instance u_system/u_replay/g_array.u_array/u_array/u_ref/g_row[1].g_col[32].u_pe/u_mul/u_dsp is not fully pipelined on the input side. AREG/BREG/CREG/DREG are not used.
Related violations: <none>

SYNTH-12#363 Warning
DSP input not registered  
DSP instance u_system/u_replay/g_array.u_array/u_array/u_ref/g_row[1].g_col[33].u_pe/u_mul/u_dsp is not fully pipelined on the input side. AREG/BREG/CREG/DREG are not used.
Related violations: <none>

SYNTH-12#364 Warning
DSP input not registered  
DSP instance u_system/u_replay/g_array.u_array/u_array/u_ref/g_row[1].g_col[34].u_pe/u_mul/u_dsp is not fully pipelined on the input side. AREG/BREG/CREG/DREG are not used.
Related violations: <none>

SYNTH-12#365 Warning
DSP input not registered  
DSP instance u_system/u_replay/g_array.u_array/u_array/u_ref/g_row[1].g_col[35].u_pe/u_mul/u_dsp is not fully pipelined on the input side. AREG/BREG/CREG/DREG are not used.
Related violations: <none>

SYNTH-12#366 Warning
DSP input not registered  
DSP instance u_system/u_replay/g_array.u_array/u_array/u_ref/g_row[1].g_col[36].u_pe/u_mul/u_dsp is not fully pipelined on the input side. AREG/BREG/CREG/DREG are not used.
Related violations: <none>

SYNTH-12#367 Warning
DSP input not registered  
DSP instance u_system/u_replay/g_array.u_array/u_array/u_ref/g_row[1].g_col[37].u_pe/u_mul/u_dsp is not fully pipelined on the input side. AREG/BREG/CREG/DREG are not used.
Related violations: <none>

SYNTH-12#368 Warning
DSP input not registered  
DSP instance u_system/u_replay/g_array.u_array/u_array/u_ref/g_row[1].g_col[38].u_pe/u_mul/u_dsp is not fully pipelined on the input side. AREG/BREG/CREG/DREG are not used.
Related violations: <none>

SYNTH-12#369 Warning
DSP input not registered  
DSP instance u_system/u_replay/g_array.u_array/u_array/u_ref/g_row[1].g_col[39].u_pe/u_mul/u_dsp is not fully pipelined on the input side. AREG/BREG/CREG/DREG are not used.
Related violations: <none>

SYNTH-12#370 Warning
DSP input not registered  
DSP instance u_system/u_replay/g_array.u_array/u_array/u_ref/g_row[1].g_col[3].u_pe/u_mul/u_dsp is not fully pipelined on the input side. AREG/BREG/CREG/DREG are not used.
Related violations: <none>

SYNTH-12#371 Warning
DSP input not registered  
DSP instance u_system/u_replay/g_array.u_array/u_array/u_ref/g_row[1].g_col[40].u_pe/u_mul/u_dsp is not fully pipelined on the input side. AREG/BREG/CREG/DREG are not used.
Related violations: <none>

SYNTH-12#372 Warning
DSP input not registered  
DSP instance u_system/u_replay/g_array.u_array/u_array/u_ref/g_row[1].g_col[41].u_pe/u_mul/u_dsp is not fully pipelined on the input side. AREG/BREG/CREG/DREG are not used.
Related violations: <none>

SYNTH-12#373 Warning
DSP input not registered  
DSP instance u_system/u_replay/g_array.u_array/u_array/u_ref/g_row[1].g_col[42].u_pe/u_mul/u_dsp is not fully pipelined on the input side. AREG/BREG/CREG/DREG are not used.
Related violations: <none>

SYNTH-12#374 Warning
DSP input not registered  
DSP instance u_system/u_replay/g_array.u_array/u_array/u_ref/g_row[1].g_col[43].u_pe/u_mul/u_dsp is not fully pipelined on the input side. AREG/BREG/CREG/DREG are not used.
Related violations: <none>

SYNTH-12#375 Warning
DSP input not registered  
DSP instance u_system/u_replay/g_array.u_array/u_array/u_ref/g_row[1].g_col[44].u_pe/u_mul/u_dsp is not fully pipelined on the input side. AREG/BREG/CREG/DREG are not used.
Related violations: <none>

SYNTH-12#376 Warning
DSP input not registered  
DSP instance u_system/u_replay/g_array.u_array/u_array/u_ref/g_row[1].g_col[45].u_pe/u_mul/u_dsp is not fully pipelined on the input side. AREG/BREG/CREG/DREG are not used.
Related violations: <none>

SYNTH-12#377 Warning
DSP input not registered  
DSP instance u_system/u_replay/g_array.u_array/u_array/u_ref/g_row[1].g_col[46].u_pe/u_mul/u_dsp is not fully pipelined on the input side. AREG/BREG/CREG/DREG are not used.
Related violations: <none>

SYNTH-12#378 Warning
DSP input not registered  
DSP instance u_system/u_replay/g_array.u_array/u_array/u_ref/g_row[1].g_col[47].u_pe/u_mul/u_dsp is not fully pipelined on the input side. AREG/BREG/CREG/DREG are not used.
Related violations: <none>

SYNTH-12#379 Warning
DSP input not registered  
DSP instance u_system/u_replay/g_array.u_array/u_array/u_ref/g_row[1].g_col[4].u_pe/u_mul/u_dsp is not fully pipelined on the input side. AREG/BREG/CREG/DREG are not used.
Related violations: <none>

SYNTH-12#380 Warning
DSP input not registered  
DSP instance u_system/u_replay/g_array.u_array/u_array/u_ref/g_row[1].g_col[5].u_pe/u_mul/u_dsp is not fully pipelined on the input side. AREG/BREG/CREG/DREG are not used.
Related violations: <none>

SYNTH-12#381 Warning
DSP input not registered  
DSP instance u_system/u_replay/g_array.u_array/u_array/u_ref/g_row[1].g_col[6].u_pe/u_mul/u_dsp is not fully pipelined on the input side. AREG/BREG/CREG/DREG are not used.
Related violations: <none>

SYNTH-12#382 Warning
DSP input not registered  
DSP instance u_system/u_replay/g_array.u_array/u_array/u_ref/g_row[1].g_col[7].u_pe/u_mul/u_dsp is not fully pipelined on the input side. AREG/BREG/CREG/DREG are not used.
Related violations: <none>

SYNTH-12#383 Warning
DSP input not registered  
DSP instance u_system/u_replay/g_array.u_array/u_array/u_ref/g_row[1].g_col[8].u_pe/u_mul/u_dsp is not fully pipelined on the input side. AREG/BREG/CREG/DREG are not used.
Related violations: <none>

SYNTH-12#384 Warning
DSP input not registered  
DSP instance u_system/u_replay/g_array.u_array/u_array/u_ref/g_row[1].g_col[9].u_pe/u_mul/u_dsp is not fully pipelined on the input side. AREG/BREG/CREG/DREG are not used.
Related violations: <none>

SYNTH-12#385 Warning
DSP input not registered  
DSP instance u_system/u_replay/g_array.u_array/u_array/u_ref/g_row[2].g_col[0].u_pe/u_mul/u_dsp is not fully pipelined on the input side. AREG/BREG/CREG/DREG are not used.
Related violations: <none>

SYNTH-12#386 Warning
DSP input not registered  
DSP instance u_system/u_replay/g_array.u_array/u_array/u_ref/g_row[2].g_col[10].u_pe/u_mul/u_dsp is not fully pipelined on the input side. AREG/BREG/CREG/DREG are not used.
Related violations: <none>

SYNTH-12#387 Warning
DSP input not registered  
DSP instance u_system/u_replay/g_array.u_array/u_array/u_ref/g_row[2].g_col[11].u_pe/u_mul/u_dsp is not fully pipelined on the input side. AREG/BREG/CREG/DREG are not used.
Related violations: <none>

SYNTH-12#388 Warning
DSP input not registered  
DSP instance u_system/u_replay/g_array.u_array/u_array/u_ref/g_row[2].g_col[12].u_pe/u_mul/u_dsp is not fully pipelined on the input side. AREG/BREG/CREG/DREG are not used.
Related violations: <none>

SYNTH-12#389 Warning
DSP input not registered  
DSP instance u_system/u_replay/g_array.u_array/u_array/u_ref/g_row[2].g_col[13].u_pe/u_mul/u_dsp is not fully pipelined on the input side. AREG/BREG/CREG/DREG are not used.
Related violations: <none>

SYNTH-12#390 Warning
DSP input not registered  
DSP instance u_system/u_replay/g_array.u_array/u_array/u_ref/g_row[2].g_col[14].u_pe/u_mul/u_dsp is not fully pipelined on the input side. AREG/BREG/CREG/DREG are not used.
Related violations: <none>

SYNTH-12#391 Warning
DSP input not registered  
DSP instance u_system/u_replay/g_array.u_array/u_array/u_ref/g_row[2].g_col[15].u_pe/u_mul/u_dsp is not fully pipelined on the input side. AREG/BREG/CREG/DREG are not used.
Related violations: <none>

SYNTH-12#392 Warning
DSP input not registered  
DSP instance u_system/u_replay/g_array.u_array/u_array/u_ref/g_row[2].g_col[16].u_pe/u_mul/u_dsp is not fully pipelined on the input side. AREG/BREG/CREG/DREG are not used.
Related violations: <none>

SYNTH-12#393 Warning
DSP input not registered  
DSP instance u_system/u_replay/g_array.u_array/u_array/u_ref/g_row[2].g_col[17].u_pe/u_mul/u_dsp is not fully pipelined on the input side. AREG/BREG/CREG/DREG are not used.
Related violations: <none>

SYNTH-12#394 Warning
DSP input not registered  
DSP instance u_system/u_replay/g_array.u_array/u_array/u_ref/g_row[2].g_col[18].u_pe/u_mul/u_dsp is not fully pipelined on the input side. AREG/BREG/CREG/DREG are not used.
Related violations: <none>

SYNTH-12#395 Warning
DSP input not registered  
DSP instance u_system/u_replay/g_array.u_array/u_array/u_ref/g_row[2].g_col[19].u_pe/u_mul/u_dsp is not fully pipelined on the input side. AREG/BREG/CREG/DREG are not used.
Related violations: <none>

SYNTH-12#396 Warning
DSP input not registered  
DSP instance u_system/u_replay/g_array.u_array/u_array/u_ref/g_row[2].g_col[1].u_pe/u_mul/u_dsp is not fully pipelined on the input side. AREG/BREG/CREG/DREG are not used.
Related violations: <none>

SYNTH-12#397 Warning
DSP input not registered  
DSP instance u_system/u_replay/g_array.u_array/u_array/u_ref/g_row[2].g_col[20].u_pe/u_mul/u_dsp is not fully pipelined on the input side. AREG/BREG/CREG/DREG are not used.
Related violations: <none>

SYNTH-12#398 Warning
DSP input not registered  
DSP instance u_system/u_replay/g_array.u_array/u_array/u_ref/g_row[2].g_col[21].u_pe/u_mul/u_dsp is not fully pipelined on the input side. AREG/BREG/CREG/DREG are not used.
Related violations: <none>

SYNTH-12#399 Warning
DSP input not registered  
DSP instance u_system/u_replay/g_array.u_array/u_array/u_ref/g_row[2].g_col[22].u_pe/u_mul/u_dsp is not fully pipelined on the input side. AREG/BREG/CREG/DREG are not used.
Related violations: <none>

SYNTH-12#400 Warning
DSP input not registered  
DSP instance u_system/u_replay/g_array.u_array/u_array/u_ref/g_row[2].g_col[23].u_pe/u_mul/u_dsp is not fully pipelined on the input side. AREG/BREG/CREG/DREG are not used.
Related violations: <none>

SYNTH-12#401 Warning
DSP input not registered  
DSP instance u_system/u_replay/g_array.u_array/u_array/u_ref/g_row[2].g_col[24].u_pe/u_mul/u_dsp is not fully pipelined on the input side. AREG/BREG/CREG/DREG are not used.
Related violations: <none>

SYNTH-12#402 Warning
DSP input not registered  
DSP instance u_system/u_replay/g_array.u_array/u_array/u_ref/g_row[2].g_col[25].u_pe/u_mul/u_dsp is not fully pipelined on the input side. AREG/BREG/CREG/DREG are not used.
Related violations: <none>

SYNTH-12#403 Warning
DSP input not registered  
DSP instance u_system/u_replay/g_array.u_array/u_array/u_ref/g_row[2].g_col[26].u_pe/u_mul/u_dsp is not fully pipelined on the input side. AREG/BREG/CREG/DREG are not used.
Related violations: <none>

SYNTH-12#404 Warning
DSP input not registered  
DSP instance u_system/u_replay/g_array.u_array/u_array/u_ref/g_row[2].g_col[27].u_pe/u_mul/u_dsp is not fully pipelined on the input side. AREG/BREG/CREG/DREG are not used.
Related violations: <none>

SYNTH-12#405 Warning
DSP input not registered  
DSP instance u_system/u_replay/g_array.u_array/u_array/u_ref/g_row[2].g_col[28].u_pe/u_mul/u_dsp is not fully pipelined on the input side. AREG/BREG/CREG/DREG are not used.
Related violations: <none>

SYNTH-12#406 Warning
DSP input not registered  
DSP instance u_system/u_replay/g_array.u_array/u_array/u_ref/g_row[2].g_col[29].u_pe/u_mul/u_dsp is not fully pipelined on the input side. AREG/BREG/CREG/DREG are not used.
Related violations: <none>

SYNTH-12#407 Warning
DSP input not registered  
DSP instance u_system/u_replay/g_array.u_array/u_array/u_ref/g_row[2].g_col[2].u_pe/u_mul/u_dsp is not fully pipelined on the input side. AREG/BREG/CREG/DREG are not used.
Related violations: <none>

SYNTH-12#408 Warning
DSP input not registered  
DSP instance u_system/u_replay/g_array.u_array/u_array/u_ref/g_row[2].g_col[30].u_pe/u_mul/u_dsp is not fully pipelined on the input side. AREG/BREG/CREG/DREG are not used.
Related violations: <none>

SYNTH-12#409 Warning
DSP input not registered  
DSP instance u_system/u_replay/g_array.u_array/u_array/u_ref/g_row[2].g_col[31].u_pe/u_mul/u_dsp is not fully pipelined on the input side. AREG/BREG/CREG/DREG are not used.
Related violations: <none>

SYNTH-12#410 Warning
DSP input not registered  
DSP instance u_system/u_replay/g_array.u_array/u_array/u_ref/g_row[2].g_col[32].u_pe/u_mul/u_dsp is not fully pipelined on the input side. AREG/BREG/CREG/DREG are not used.
Related violations: <none>

SYNTH-12#411 Warning
DSP input not registered  
DSP instance u_system/u_replay/g_array.u_array/u_array/u_ref/g_row[2].g_col[33].u_pe/u_mul/u_dsp is not fully pipelined on the input side. AREG/BREG/CREG/DREG are not used.
Related violations: <none>

SYNTH-12#412 Warning
DSP input not registered  
DSP instance u_system/u_replay/g_array.u_array/u_array/u_ref/g_row[2].g_col[34].u_pe/u_mul/u_dsp is not fully pipelined on the input side. AREG/BREG/CREG/DREG are not used.
Related violations: <none>

SYNTH-12#413 Warning
DSP input not registered  
DSP instance u_system/u_replay/g_array.u_array/u_array/u_ref/g_row[2].g_col[35].u_pe/u_mul/u_dsp is not fully pipelined on the input side. AREG/BREG/CREG/DREG are not used.
Related violations: <none>

SYNTH-12#414 Warning
DSP input not registered  
DSP instance u_system/u_replay/g_array.u_array/u_array/u_ref/g_row[2].g_col[36].u_pe/u_mul/u_dsp is not fully pipelined on the input side. AREG/BREG/CREG/DREG are not used.
Related violations: <none>

SYNTH-12#415 Warning
DSP input not registered  
DSP instance u_system/u_replay/g_array.u_array/u_array/u_ref/g_row[2].g_col[37].u_pe/u_mul/u_dsp is not fully pipelined on the input side. AREG/BREG/CREG/DREG are not used.
Related violations: <none>

SYNTH-12#416 Warning
DSP input not registered  
DSP instance u_system/u_replay/g_array.u_array/u_array/u_ref/g_row[2].g_col[38].u_pe/u_mul/u_dsp is not fully pipelined on the input side. AREG/BREG/CREG/DREG are not used.
Related violations: <none>

SYNTH-12#417 Warning
DSP input not registered  
DSP instance u_system/u_replay/g_array.u_array/u_array/u_ref/g_row[2].g_col[39].u_pe/u_mul/u_dsp is not fully pipelined on the input side. AREG/BREG/CREG/DREG are not used.
Related violations: <none>

SYNTH-12#418 Warning
DSP input not registered  
DSP instance u_system/u_replay/g_array.u_array/u_array/u_ref/g_row[2].g_col[3].u_pe/u_mul/u_dsp is not fully pipelined on the input side. AREG/BREG/CREG/DREG are not used.
Related violations: <none>

SYNTH-12#419 Warning
DSP input not registered  
DSP instance u_system/u_replay/g_array.u_array/u_array/u_ref/g_row[2].g_col[40].u_pe/u_mul/u_dsp is not fully pipelined on the input side. AREG/BREG/CREG/DREG are not used.
Related violations: <none>

SYNTH-12#420 Warning
DSP input not registered  
DSP instance u_system/u_replay/g_array.u_array/u_array/u_ref/g_row[2].g_col[41].u_pe/u_mul/u_dsp is not fully pipelined on the input side. AREG/BREG/CREG/DREG are not used.
Related violations: <none>

SYNTH-12#421 Warning
DSP input not registered  
DSP instance u_system/u_replay/g_array.u_array/u_array/u_ref/g_row[2].g_col[42].u_pe/u_mul/u_dsp is not fully pipelined on the input side. AREG/BREG/CREG/DREG are not used.
Related violations: <none>

SYNTH-12#422 Warning
DSP input not registered  
DSP instance u_system/u_replay/g_array.u_array/u_array/u_ref/g_row[2].g_col[43].u_pe/u_mul/u_dsp is not fully pipelined on the input side. AREG/BREG/CREG/DREG are not used.
Related violations: <none>

SYNTH-12#423 Warning
DSP input not registered  
DSP instance u_system/u_replay/g_array.u_array/u_array/u_ref/g_row[2].g_col[44].u_pe/u_mul/u_dsp is not fully pipelined on the input side. AREG/BREG/CREG/DREG are not used.
Related violations: <none>

SYNTH-12#424 Warning
DSP input not registered  
DSP instance u_system/u_replay/g_array.u_array/u_array/u_ref/g_row[2].g_col[45].u_pe/u_mul/u_dsp is not fully pipelined on the input side. AREG/BREG/CREG/DREG are not used.
Related violations: <none>

SYNTH-12#425 Warning
DSP input not registered  
DSP instance u_system/u_replay/g_array.u_array/u_array/u_ref/g_row[2].g_col[46].u_pe/u_mul/u_dsp is not fully pipelined on the input side. AREG/BREG/CREG/DREG are not used.
Related violations: <none>

SYNTH-12#426 Warning
DSP input not registered  
DSP instance u_system/u_replay/g_array.u_array/u_array/u_ref/g_row[2].g_col[47].u_pe/u_mul/u_dsp is not fully pipelined on the input side. AREG/BREG/CREG/DREG are not used.
Related violations: <none>

SYNTH-12#427 Warning
DSP input not registered  
DSP instance u_system/u_replay/g_array.u_array/u_array/u_ref/g_row[2].g_col[4].u_pe/u_mul/u_dsp is not fully pipelined on the input side. AREG/BREG/CREG/DREG are not used.
Related violations: <none>

SYNTH-12#428 Warning
DSP input not registered  
DSP instance u_system/u_replay/g_array.u_array/u_array/u_ref/g_row[2].g_col[5].u_pe/u_mul/u_dsp is not fully pipelined on the input side. AREG/BREG/CREG/DREG are not used.
Related violations: <none>

SYNTH-12#429 Warning
DSP input not registered  
DSP instance u_system/u_replay/g_array.u_array/u_array/u_ref/g_row[2].g_col[6].u_pe/u_mul/u_dsp is not fully pipelined on the input side. AREG/BREG/CREG/DREG are not used.
Related violations: <none>

SYNTH-12#430 Warning
DSP input not registered  
DSP instance u_system/u_replay/g_array.u_array/u_array/u_ref/g_row[2].g_col[7].u_pe/u_mul/u_dsp is not fully pipelined on the input side. AREG/BREG/CREG/DREG are not used.
Related violations: <none>

SYNTH-12#431 Warning
DSP input not registered  
DSP instance u_system/u_replay/g_array.u_array/u_array/u_ref/g_row[2].g_col[8].u_pe/u_mul/u_dsp is not fully pipelined on the input side. AREG/BREG/CREG/DREG are not used.
Related violations: <none>

SYNTH-12#432 Warning
DSP input not registered  
DSP instance u_system/u_replay/g_array.u_array/u_array/u_ref/g_row[2].g_col[9].u_pe/u_mul/u_dsp is not fully pipelined on the input side. AREG/BREG/CREG/DREG are not used.
Related violations: <none>

SYNTH-12#433 Warning
DSP input not registered  
DSP instance u_system/u_replay/g_array.u_array/u_array/u_ref/g_row[3].g_col[0].u_pe/u_mul/u_dsp is not fully pipelined on the input side. AREG/BREG/CREG/DREG are not used.
Related violations: <none>

SYNTH-12#434 Warning
DSP input not registered  
DSP instance u_system/u_replay/g_array.u_array/u_array/u_ref/g_row[3].g_col[10].u_pe/u_mul/u_dsp is not fully pipelined on the input side. AREG/BREG/CREG/DREG are not used.
Related violations: <none>

SYNTH-12#435 Warning
DSP input not registered  
DSP instance u_system/u_replay/g_array.u_array/u_array/u_ref/g_row[3].g_col[11].u_pe/u_mul/u_dsp is not fully pipelined on the input side. AREG/BREG/CREG/DREG are not used.
Related violations: <none>

SYNTH-12#436 Warning
DSP input not registered  
DSP instance u_system/u_replay/g_array.u_array/u_array/u_ref/g_row[3].g_col[12].u_pe/u_mul/u_dsp is not fully pipelined on the input side. AREG/BREG/CREG/DREG are not used.
Related violations: <none>

SYNTH-12#437 Warning
DSP input not registered  
DSP instance u_system/u_replay/g_array.u_array/u_array/u_ref/g_row[3].g_col[13].u_pe/u_mul/u_dsp is not fully pipelined on the input side. AREG/BREG/CREG/DREG are not used.
Related violations: <none>

SYNTH-12#438 Warning
DSP input not registered  
DSP instance u_system/u_replay/g_array.u_array/u_array/u_ref/g_row[3].g_col[14].u_pe/u_mul/u_dsp is not fully pipelined on the input side. AREG/BREG/CREG/DREG are not used.
Related violations: <none>

SYNTH-12#439 Warning
DSP input not registered  
DSP instance u_system/u_replay/g_array.u_array/u_array/u_ref/g_row[3].g_col[15].u_pe/u_mul/u_dsp is not fully pipelined on the input side. AREG/BREG/CREG/DREG are not used.
Related violations: <none>

SYNTH-12#440 Warning
DSP input not registered  
DSP instance u_system/u_replay/g_array.u_array/u_array/u_ref/g_row[3].g_col[16].u_pe/u_mul/u_dsp is not fully pipelined on the input side. AREG/BREG/CREG/DREG are not used.
Related violations: <none>

SYNTH-12#441 Warning
DSP input not registered  
DSP instance u_system/u_replay/g_array.u_array/u_array/u_ref/g_row[3].g_col[17].u_pe/u_mul/u_dsp is not fully pipelined on the input side. AREG/BREG/CREG/DREG are not used.
Related violations: <none>

SYNTH-12#442 Warning
DSP input not registered  
DSP instance u_system/u_replay/g_array.u_array/u_array/u_ref/g_row[3].g_col[18].u_pe/u_mul/u_dsp is not fully pipelined on the input side. AREG/BREG/CREG/DREG are not used.
Related violations: <none>

SYNTH-12#443 Warning
DSP input not registered  
DSP instance u_system/u_replay/g_array.u_array/u_array/u_ref/g_row[3].g_col[19].u_pe/u_mul/u_dsp is not fully pipelined on the input side. AREG/BREG/CREG/DREG are not used.
Related violations: <none>

SYNTH-12#444 Warning
DSP input not registered  
DSP instance u_system/u_replay/g_array.u_array/u_array/u_ref/g_row[3].g_col[1].u_pe/u_mul/u_dsp is not fully pipelined on the input side. AREG/BREG/CREG/DREG are not used.
Related violations: <none>

SYNTH-12#445 Warning
DSP input not registered  
DSP instance u_system/u_replay/g_array.u_array/u_array/u_ref/g_row[3].g_col[20].u_pe/u_mul/u_dsp is not fully pipelined on the input side. AREG/BREG/CREG/DREG are not used.
Related violations: <none>

SYNTH-12#446 Warning
DSP input not registered  
DSP instance u_system/u_replay/g_array.u_array/u_array/u_ref/g_row[3].g_col[21].u_pe/u_mul/u_dsp is not fully pipelined on the input side. AREG/BREG/CREG/DREG are not used.
Related violations: <none>

SYNTH-12#447 Warning
DSP input not registered  
DSP instance u_system/u_replay/g_array.u_array/u_array/u_ref/g_row[3].g_col[22].u_pe/u_mul/u_dsp is not fully pipelined on the input side. AREG/BREG/CREG/DREG are not used.
Related violations: <none>

SYNTH-12#448 Warning
DSP input not registered  
DSP instance u_system/u_replay/g_array.u_array/u_array/u_ref/g_row[3].g_col[23].u_pe/u_mul/u_dsp is not fully pipelined on the input side. AREG/BREG/CREG/DREG are not used.
Related violations: <none>

SYNTH-12#449 Warning
DSP input not registered  
DSP instance u_system/u_replay/g_array.u_array/u_array/u_ref/g_row[3].g_col[24].u_pe/u_mul/u_dsp is not fully pipelined on the input side. AREG/BREG/CREG/DREG are not used.
Related violations: <none>

SYNTH-12#450 Warning
DSP input not registered  
DSP instance u_system/u_replay/g_array.u_array/u_array/u_ref/g_row[3].g_col[25].u_pe/u_mul/u_dsp is not fully pipelined on the input side. AREG/BREG/CREG/DREG are not used.
Related violations: <none>

SYNTH-12#451 Warning
DSP input not registered  
DSP instance u_system/u_replay/g_array.u_array/u_array/u_ref/g_row[3].g_col[26].u_pe/u_mul/u_dsp is not fully pipelined on the input side. AREG/BREG/CREG/DREG are not used.
Related violations: <none>

SYNTH-12#452 Warning
DSP input not registered  
DSP instance u_system/u_replay/g_array.u_array/u_array/u_ref/g_row[3].g_col[27].u_pe/u_mul/u_dsp is not fully pipelined on the input side. AREG/BREG/CREG/DREG are not used.
Related violations: <none>

SYNTH-12#453 Warning
DSP input not registered  
DSP instance u_system/u_replay/g_array.u_array/u_array/u_ref/g_row[3].g_col[28].u_pe/u_mul/u_dsp is not fully pipelined on the input side. AREG/BREG/CREG/DREG are not used.
Related violations: <none>

SYNTH-12#454 Warning
DSP input not registered  
DSP instance u_system/u_replay/g_array.u_array/u_array/u_ref/g_row[3].g_col[29].u_pe/u_mul/u_dsp is not fully pipelined on the input side. AREG/BREG/CREG/DREG are not used.
Related violations: <none>

SYNTH-12#455 Warning
DSP input not registered  
DSP instance u_system/u_replay/g_array.u_array/u_array/u_ref/g_row[3].g_col[2].u_pe/u_mul/u_dsp is not fully pipelined on the input side. AREG/BREG/CREG/DREG are not used.
Related violations: <none>

SYNTH-12#456 Warning
DSP input not registered  
DSP instance u_system/u_replay/g_array.u_array/u_array/u_ref/g_row[3].g_col[30].u_pe/u_mul/u_dsp is not fully pipelined on the input side. AREG/BREG/CREG/DREG are not used.
Related violations: <none>

SYNTH-12#457 Warning
DSP input not registered  
DSP instance u_system/u_replay/g_array.u_array/u_array/u_ref/g_row[3].g_col[31].u_pe/u_mul/u_dsp is not fully pipelined on the input side. AREG/BREG/CREG/DREG are not used.
Related violations: <none>

SYNTH-12#458 Warning
DSP input not registered  
DSP instance u_system/u_replay/g_array.u_array/u_array/u_ref/g_row[3].g_col[32].u_pe/u_mul/u_dsp is not fully pipelined on the input side. AREG/BREG/CREG/DREG are not used.
Related violations: <none>

SYNTH-12#459 Warning
DSP input not registered  
DSP instance u_system/u_replay/g_array.u_array/u_array/u_ref/g_row[3].g_col[33].u_pe/u_mul/u_dsp is not fully pipelined on the input side. AREG/BREG/CREG/DREG are not used.
Related violations: <none>

SYNTH-12#460 Warning
DSP input not registered  
DSP instance u_system/u_replay/g_array.u_array/u_array/u_ref/g_row[3].g_col[34].u_pe/u_mul/u_dsp is not fully pipelined on the input side. AREG/BREG/CREG/DREG are not used.
Related violations: <none>

SYNTH-12#461 Warning
DSP input not registered  
DSP instance u_system/u_replay/g_array.u_array/u_array/u_ref/g_row[3].g_col[35].u_pe/u_mul/u_dsp is not fully pipelined on the input side. AREG/BREG/CREG/DREG are not used.
Related violations: <none>

SYNTH-12#462 Warning
DSP input not registered  
DSP instance u_system/u_replay/g_array.u_array/u_array/u_ref/g_row[3].g_col[36].u_pe/u_mul/u_dsp is not fully pipelined on the input side. AREG/BREG/CREG/DREG are not used.
Related violations: <none>

SYNTH-12#463 Warning
DSP input not registered  
DSP instance u_system/u_replay/g_array.u_array/u_array/u_ref/g_row[3].g_col[37].u_pe/u_mul/u_dsp is not fully pipelined on the input side. AREG/BREG/CREG/DREG are not used.
Related violations: <none>

SYNTH-12#464 Warning
DSP input not registered  
DSP instance u_system/u_replay/g_array.u_array/u_array/u_ref/g_row[3].g_col[38].u_pe/u_mul/u_dsp is not fully pipelined on the input side. AREG/BREG/CREG/DREG are not used.
Related violations: <none>

SYNTH-12#465 Warning
DSP input not registered  
DSP instance u_system/u_replay/g_array.u_array/u_array/u_ref/g_row[3].g_col[39].u_pe/u_mul/u_dsp is not fully pipelined on the input side. AREG/BREG/CREG/DREG are not used.
Related violations: <none>

SYNTH-12#466 Warning
DSP input not registered  
DSP instance u_system/u_replay/g_array.u_array/u_array/u_ref/g_row[3].g_col[3].u_pe/u_mul/u_dsp is not fully pipelined on the input side. AREG/BREG/CREG/DREG are not used.
Related violations: <none>

SYNTH-12#467 Warning
DSP input not registered  
DSP instance u_system/u_replay/g_array.u_array/u_array/u_ref/g_row[3].g_col[40].u_pe/u_mul/u_dsp is not fully pipelined on the input side. AREG/BREG/CREG/DREG are not used.
Related violations: <none>

SYNTH-12#468 Warning
DSP input not registered  
DSP instance u_system/u_replay/g_array.u_array/u_array/u_ref/g_row[3].g_col[41].u_pe/u_mul/u_dsp is not fully pipelined on the input side. AREG/BREG/CREG/DREG are not used.
Related violations: <none>

SYNTH-12#469 Warning
DSP input not registered  
DSP instance u_system/u_replay/g_array.u_array/u_array/u_ref/g_row[3].g_col[42].u_pe/u_mul/u_dsp is not fully pipelined on the input side. AREG/BREG/CREG/DREG are not used.
Related violations: <none>

SYNTH-12#470 Warning
DSP input not registered  
DSP instance u_system/u_replay/g_array.u_array/u_array/u_ref/g_row[3].g_col[43].u_pe/u_mul/u_dsp is not fully pipelined on the input side. AREG/BREG/CREG/DREG are not used.
Related violations: <none>

SYNTH-12#471 Warning
DSP input not registered  
DSP instance u_system/u_replay/g_array.u_array/u_array/u_ref/g_row[3].g_col[44].u_pe/u_mul/u_dsp is not fully pipelined on the input side. AREG/BREG/CREG/DREG are not used.
Related violations: <none>

SYNTH-12#472 Warning
DSP input not registered  
DSP instance u_system/u_replay/g_array.u_array/u_array/u_ref/g_row[3].g_col[45].u_pe/u_mul/u_dsp is not fully pipelined on the input side. AREG/BREG/CREG/DREG are not used.
Related violations: <none>

SYNTH-12#473 Warning
DSP input not registered  
DSP instance u_system/u_replay/g_array.u_array/u_array/u_ref/g_row[3].g_col[46].u_pe/u_mul/u_dsp is not fully pipelined on the input side. AREG/BREG/CREG/DREG are not used.
Related violations: <none>

SYNTH-12#474 Warning
DSP input not registered  
DSP instance u_system/u_replay/g_array.u_array/u_array/u_ref/g_row[3].g_col[47].u_pe/u_mul/u_dsp is not fully pipelined on the input side. AREG/BREG/CREG/DREG are not used.
Related violations: <none>

SYNTH-12#475 Warning
DSP input not registered  
DSP instance u_system/u_replay/g_array.u_array/u_array/u_ref/g_row[3].g_col[4].u_pe/u_mul/u_dsp is not fully pipelined on the input side. AREG/BREG/CREG/DREG are not used.
Related violations: <none>

SYNTH-12#476 Warning
DSP input not registered  
DSP instance u_system/u_replay/g_array.u_array/u_array/u_ref/g_row[3].g_col[5].u_pe/u_mul/u_dsp is not fully pipelined on the input side. AREG/BREG/CREG/DREG are not used.
Related violations: <none>

SYNTH-12#477 Warning
DSP input not registered  
DSP instance u_system/u_replay/g_array.u_array/u_array/u_ref/g_row[3].g_col[6].u_pe/u_mul/u_dsp is not fully pipelined on the input side. AREG/BREG/CREG/DREG are not used.
Related violations: <none>

SYNTH-12#478 Warning
DSP input not registered  
DSP instance u_system/u_replay/g_array.u_array/u_array/u_ref/g_row[3].g_col[7].u_pe/u_mul/u_dsp is not fully pipelined on the input side. AREG/BREG/CREG/DREG are not used.
Related violations: <none>

SYNTH-12#479 Warning
DSP input not registered  
DSP instance u_system/u_replay/g_array.u_array/u_array/u_ref/g_row[3].g_col[8].u_pe/u_mul/u_dsp is not fully pipelined on the input side. AREG/BREG/CREG/DREG are not used.
Related violations: <none>

SYNTH-12#480 Warning
DSP input not registered  
DSP instance u_system/u_replay/g_array.u_array/u_array/u_ref/g_row[3].g_col[9].u_pe/u_mul/u_dsp is not fully pipelined on the input side. AREG/BREG/CREG/DREG are not used.
Related violations: <none>

SYNTH-12#481 Warning
DSP input not registered  
DSP instance u_system/u_replay/g_array.u_array/u_array/u_ref/g_row[4].g_col[0].u_pe/u_mul/u_dsp is not fully pipelined on the input side. AREG/BREG/CREG/DREG are not used.
Related violations: <none>

SYNTH-12#482 Warning
DSP input not registered  
DSP instance u_system/u_replay/g_array.u_array/u_array/u_ref/g_row[4].g_col[10].u_pe/u_mul/u_dsp is not fully pipelined on the input side. AREG/BREG/CREG/DREG are not used.
Related violations: <none>

SYNTH-12#483 Warning
DSP input not registered  
DSP instance u_system/u_replay/g_array.u_array/u_array/u_ref/g_row[4].g_col[11].u_pe/u_mul/u_dsp is not fully pipelined on the input side. AREG/BREG/CREG/DREG are not used.
Related violations: <none>

SYNTH-12#484 Warning
DSP input not registered  
DSP instance u_system/u_replay/g_array.u_array/u_array/u_ref/g_row[4].g_col[12].u_pe/u_mul/u_dsp is not fully pipelined on the input side. AREG/BREG/CREG/DREG are not used.
Related violations: <none>

SYNTH-12#485 Warning
DSP input not registered  
DSP instance u_system/u_replay/g_array.u_array/u_array/u_ref/g_row[4].g_col[13].u_pe/u_mul/u_dsp is not fully pipelined on the input side. AREG/BREG/CREG/DREG are not used.
Related violations: <none>

SYNTH-12#486 Warning
DSP input not registered  
DSP instance u_system/u_replay/g_array.u_array/u_array/u_ref/g_row[4].g_col[14].u_pe/u_mul/u_dsp is not fully pipelined on the input side. AREG/BREG/CREG/DREG are not used.
Related violations: <none>

SYNTH-12#487 Warning
DSP input not registered  
DSP instance u_system/u_replay/g_array.u_array/u_array/u_ref/g_row[4].g_col[15].u_pe/u_mul/u_dsp is not fully pipelined on the input side. AREG/BREG/CREG/DREG are not used.
Related violations: <none>

SYNTH-12#488 Warning
DSP input not registered  
DSP instance u_system/u_replay/g_array.u_array/u_array/u_ref/g_row[4].g_col[16].u_pe/u_mul/u_dsp is not fully pipelined on the input side. AREG/BREG/CREG/DREG are not used.
Related violations: <none>

SYNTH-12#489 Warning
DSP input not registered  
DSP instance u_system/u_replay/g_array.u_array/u_array/u_ref/g_row[4].g_col[17].u_pe/u_mul/u_dsp is not fully pipelined on the input side. AREG/BREG/CREG/DREG are not used.
Related violations: <none>

SYNTH-12#490 Warning
DSP input not registered  
DSP instance u_system/u_replay/g_array.u_array/u_array/u_ref/g_row[4].g_col[18].u_pe/u_mul/u_dsp is not fully pipelined on the input side. AREG/BREG/CREG/DREG are not used.
Related violations: <none>

SYNTH-12#491 Warning
DSP input not registered  
DSP instance u_system/u_replay/g_array.u_array/u_array/u_ref/g_row[4].g_col[19].u_pe/u_mul/u_dsp is not fully pipelined on the input side. AREG/BREG/CREG/DREG are not used.
Related violations: <none>

SYNTH-12#492 Warning
DSP input not registered  
DSP instance u_system/u_replay/g_array.u_array/u_array/u_ref/g_row[4].g_col[1].u_pe/u_mul/u_dsp is not fully pipelined on the input side. AREG/BREG/CREG/DREG are not used.
Related violations: <none>

SYNTH-12#493 Warning
DSP input not registered  
DSP instance u_system/u_replay/g_array.u_array/u_array/u_ref/g_row[4].g_col[20].u_pe/u_mul/u_dsp is not fully pipelined on the input side. AREG/BREG/CREG/DREG are not used.
Related violations: <none>

SYNTH-12#494 Warning
DSP input not registered  
DSP instance u_system/u_replay/g_array.u_array/u_array/u_ref/g_row[4].g_col[21].u_pe/u_mul/u_dsp is not fully pipelined on the input side. AREG/BREG/CREG/DREG are not used.
Related violations: <none>

SYNTH-12#495 Warning
DSP input not registered  
DSP instance u_system/u_replay/g_array.u_array/u_array/u_ref/g_row[4].g_col[22].u_pe/u_mul/u_dsp is not fully pipelined on the input side. AREG/BREG/CREG/DREG are not used.
Related violations: <none>

SYNTH-12#496 Warning
DSP input not registered  
DSP instance u_system/u_replay/g_array.u_array/u_array/u_ref/g_row[4].g_col[23].u_pe/u_mul/u_dsp is not fully pipelined on the input side. AREG/BREG/CREG/DREG are not used.
Related violations: <none>

SYNTH-12#497 Warning
DSP input not registered  
DSP instance u_system/u_replay/g_array.u_array/u_array/u_ref/g_row[4].g_col[24].u_pe/u_mul/u_dsp is not fully pipelined on the input side. AREG/BREG/CREG/DREG are not used.
Related violations: <none>

SYNTH-12#498 Warning
DSP input not registered  
DSP instance u_system/u_replay/g_array.u_array/u_array/u_ref/g_row[4].g_col[25].u_pe/u_mul/u_dsp is not fully pipelined on the input side. AREG/BREG/CREG/DREG are not used.
Related violations: <none>

SYNTH-12#499 Warning
DSP input not registered  
DSP instance u_system/u_replay/g_array.u_array/u_array/u_ref/g_row[4].g_col[26].u_pe/u_mul/u_dsp is not fully pipelined on the input side. AREG/BREG/CREG/DREG are not used.
Related violations: <none>

SYNTH-12#500 Warning
DSP input not registered  
DSP instance u_system/u_replay/g_array.u_array/u_array/u_ref/g_row[4].g_col[27].u_pe/u_mul/u_dsp is not fully pipelined on the input side. AREG/BREG/CREG/DREG are not used.
Related violations: <none>

SYNTH-12#501 Warning
DSP input not registered  
DSP instance u_system/u_replay/g_array.u_array/u_array/u_ref/g_row[4].g_col[28].u_pe/u_mul/u_dsp is not fully pipelined on the input side. AREG/BREG/CREG/DREG are not used.
Related violations: <none>

SYNTH-12#502 Warning
DSP input not registered  
DSP instance u_system/u_replay/g_array.u_array/u_array/u_ref/g_row[4].g_col[29].u_pe/u_mul/u_dsp is not fully pipelined on the input side. AREG/BREG/CREG/DREG are not used.
Related violations: <none>

SYNTH-12#503 Warning
DSP input not registered  
DSP instance u_system/u_replay/g_array.u_array/u_array/u_ref/g_row[4].g_col[2].u_pe/u_mul/u_dsp is not fully pipelined on the input side. AREG/BREG/CREG/DREG are not used.
Related violations: <none>

SYNTH-12#504 Warning
DSP input not registered  
DSP instance u_system/u_replay/g_array.u_array/u_array/u_ref/g_row[4].g_col[30].u_pe/u_mul/u_dsp is not fully pipelined on the input side. AREG/BREG/CREG/DREG are not used.
Related violations: <none>

SYNTH-12#505 Warning
DSP input not registered  
DSP instance u_system/u_replay/g_array.u_array/u_array/u_ref/g_row[4].g_col[31].u_pe/u_mul/u_dsp is not fully pipelined on the input side. AREG/BREG/CREG/DREG are not used.
Related violations: <none>

SYNTH-12#506 Warning
DSP input not registered  
DSP instance u_system/u_replay/g_array.u_array/u_array/u_ref/g_row[4].g_col[32].u_pe/u_mul/u_dsp is not fully pipelined on the input side. AREG/BREG/CREG/DREG are not used.
Related violations: <none>

SYNTH-12#507 Warning
DSP input not registered  
DSP instance u_system/u_replay/g_array.u_array/u_array/u_ref/g_row[4].g_col[33].u_pe/u_mul/u_dsp is not fully pipelined on the input side. AREG/BREG/CREG/DREG are not used.
Related violations: <none>

SYNTH-12#508 Warning
DSP input not registered  
DSP instance u_system/u_replay/g_array.u_array/u_array/u_ref/g_row[4].g_col[34].u_pe/u_mul/u_dsp is not fully pipelined on the input side. AREG/BREG/CREG/DREG are not used.
Related violations: <none>

SYNTH-12#509 Warning
DSP input not registered  
DSP instance u_system/u_replay/g_array.u_array/u_array/u_ref/g_row[4].g_col[35].u_pe/u_mul/u_dsp is not fully pipelined on the input side. AREG/BREG/CREG/DREG are not used.
Related violations: <none>

SYNTH-12#510 Warning
DSP input not registered  
DSP instance u_system/u_replay/g_array.u_array/u_array/u_ref/g_row[4].g_col[36].u_pe/u_mul/u_dsp is not fully pipelined on the input side. AREG/BREG/CREG/DREG are not used.
Related violations: <none>

SYNTH-12#511 Warning
DSP input not registered  
DSP instance u_system/u_replay/g_array.u_array/u_array/u_ref/g_row[4].g_col[37].u_pe/u_mul/u_dsp is not fully pipelined on the input side. AREG/BREG/CREG/DREG are not used.
Related violations: <none>

SYNTH-12#512 Warning
DSP input not registered  
DSP instance u_system/u_replay/g_array.u_array/u_array/u_ref/g_row[4].g_col[38].u_pe/u_mul/u_dsp is not fully pipelined on the input side. AREG/BREG/CREG/DREG are not used.
Related violations: <none>

SYNTH-12#513 Warning
DSP input not registered  
DSP instance u_system/u_replay/g_array.u_array/u_array/u_ref/g_row[4].g_col[39].u_pe/u_mul/u_dsp is not fully pipelined on the input side. AREG/BREG/CREG/DREG are not used.
Related violations: <none>

SYNTH-12#514 Warning
DSP input not registered  
DSP instance u_system/u_replay/g_array.u_array/u_array/u_ref/g_row[4].g_col[3].u_pe/u_mul/u_dsp is not fully pipelined on the input side. AREG/BREG/CREG/DREG are not used.
Related violations: <none>

SYNTH-12#515 Warning
DSP input not registered  
DSP instance u_system/u_replay/g_array.u_array/u_array/u_ref/g_row[4].g_col[40].u_pe/u_mul/u_dsp is not fully pipelined on the input side. AREG/BREG/CREG/DREG are not used.
Related violations: <none>

SYNTH-12#516 Warning
DSP input not registered  
DSP instance u_system/u_replay/g_array.u_array/u_array/u_ref/g_row[4].g_col[41].u_pe/u_mul/u_dsp is not fully pipelined on the input side. AREG/BREG/CREG/DREG are not used.
Related violations: <none>

SYNTH-12#517 Warning
DSP input not registered  
DSP instance u_system/u_replay/g_array.u_array/u_array/u_ref/g_row[4].g_col[42].u_pe/u_mul/u_dsp is not fully pipelined on the input side. AREG/BREG/CREG/DREG are not used.
Related violations: <none>

SYNTH-12#518 Warning
DSP input not registered  
DSP instance u_system/u_replay/g_array.u_array/u_array/u_ref/g_row[4].g_col[43].u_pe/u_mul/u_dsp is not fully pipelined on the input side. AREG/BREG/CREG/DREG are not used.
Related violations: <none>

SYNTH-12#519 Warning
DSP input not registered  
DSP instance u_system/u_replay/g_array.u_array/u_array/u_ref/g_row[4].g_col[44].u_pe/u_mul/u_dsp is not fully pipelined on the input side. AREG/BREG/CREG/DREG are not used.
Related violations: <none>

SYNTH-12#520 Warning
DSP input not registered  
DSP instance u_system/u_replay/g_array.u_array/u_array/u_ref/g_row[4].g_col[45].u_pe/u_mul/u_dsp is not fully pipelined on the input side. AREG/BREG/CREG/DREG are not used.
Related violations: <none>

SYNTH-12#521 Warning
DSP input not registered  
DSP instance u_system/u_replay/g_array.u_array/u_array/u_ref/g_row[4].g_col[46].u_pe/u_mul/u_dsp is not fully pipelined on the input side. AREG/BREG/CREG/DREG are not used.
Related violations: <none>

SYNTH-12#522 Warning
DSP input not registered  
DSP instance u_system/u_replay/g_array.u_array/u_array/u_ref/g_row[4].g_col[47].u_pe/u_mul/u_dsp is not fully pipelined on the input side. AREG/BREG/CREG/DREG are not used.
Related violations: <none>

SYNTH-12#523 Warning
DSP input not registered  
DSP instance u_system/u_replay/g_array.u_array/u_array/u_ref/g_row[4].g_col[4].u_pe/u_mul/u_dsp is not fully pipelined on the input side. AREG/BREG/CREG/DREG are not used.
Related violations: <none>

SYNTH-12#524 Warning
DSP input not registered  
DSP instance u_system/u_replay/g_array.u_array/u_array/u_ref/g_row[4].g_col[5].u_pe/u_mul/u_dsp is not fully pipelined on the input side. AREG/BREG/CREG/DREG are not used.
Related violations: <none>

SYNTH-12#525 Warning
DSP input not registered  
DSP instance u_system/u_replay/g_array.u_array/u_array/u_ref/g_row[4].g_col[6].u_pe/u_mul/u_dsp is not fully pipelined on the input side. AREG/BREG/CREG/DREG are not used.
Related violations: <none>

SYNTH-12#526 Warning
DSP input not registered  
DSP instance u_system/u_replay/g_array.u_array/u_array/u_ref/g_row[4].g_col[7].u_pe/u_mul/u_dsp is not fully pipelined on the input side. AREG/BREG/CREG/DREG are not used.
Related violations: <none>

SYNTH-12#527 Warning
DSP input not registered  
DSP instance u_system/u_replay/g_array.u_array/u_array/u_ref/g_row[4].g_col[8].u_pe/u_mul/u_dsp is not fully pipelined on the input side. AREG/BREG/CREG/DREG are not used.
Related violations: <none>

SYNTH-12#528 Warning
DSP input not registered  
DSP instance u_system/u_replay/g_array.u_array/u_array/u_ref/g_row[4].g_col[9].u_pe/u_mul/u_dsp is not fully pipelined on the input side. AREG/BREG/CREG/DREG are not used.
Related violations: <none>

SYNTH-12#529 Warning
DSP input not registered  
DSP instance u_system/u_replay/g_array.u_array/u_array/u_ref/g_row[5].g_col[0].u_pe/u_mul/u_dsp is not fully pipelined on the input side. AREG/BREG/CREG/DREG are not used.
Related violations: <none>

SYNTH-12#530 Warning
DSP input not registered  
DSP instance u_system/u_replay/g_array.u_array/u_array/u_ref/g_row[5].g_col[10].u_pe/u_mul/u_dsp is not fully pipelined on the input side. AREG/BREG/CREG/DREG are not used.
Related violations: <none>

SYNTH-12#531 Warning
DSP input not registered  
DSP instance u_system/u_replay/g_array.u_array/u_array/u_ref/g_row[5].g_col[11].u_pe/u_mul/u_dsp is not fully pipelined on the input side. AREG/BREG/CREG/DREG are not used.
Related violations: <none>

SYNTH-12#532 Warning
DSP input not registered  
DSP instance u_system/u_replay/g_array.u_array/u_array/u_ref/g_row[5].g_col[12].u_pe/u_mul/u_dsp is not fully pipelined on the input side. AREG/BREG/CREG/DREG are not used.
Related violations: <none>

SYNTH-12#533 Warning
DSP input not registered  
DSP instance u_system/u_replay/g_array.u_array/u_array/u_ref/g_row[5].g_col[13].u_pe/u_mul/u_dsp is not fully pipelined on the input side. AREG/BREG/CREG/DREG are not used.
Related violations: <none>

SYNTH-12#534 Warning
DSP input not registered  
DSP instance u_system/u_replay/g_array.u_array/u_array/u_ref/g_row[5].g_col[14].u_pe/u_mul/u_dsp is not fully pipelined on the input side. AREG/BREG/CREG/DREG are not used.
Related violations: <none>

SYNTH-12#535 Warning
DSP input not registered  
DSP instance u_system/u_replay/g_array.u_array/u_array/u_ref/g_row[5].g_col[15].u_pe/u_mul/u_dsp is not fully pipelined on the input side. AREG/BREG/CREG/DREG are not used.
Related violations: <none>

SYNTH-12#536 Warning
DSP input not registered  
DSP instance u_system/u_replay/g_array.u_array/u_array/u_ref/g_row[5].g_col[16].u_pe/u_mul/u_dsp is not fully pipelined on the input side. AREG/BREG/CREG/DREG are not used.
Related violations: <none>

SYNTH-12#537 Warning
DSP input not registered  
DSP instance u_system/u_replay/g_array.u_array/u_array/u_ref/g_row[5].g_col[17].u_pe/u_mul/u_dsp is not fully pipelined on the input side. AREG/BREG/CREG/DREG are not used.
Related violations: <none>

SYNTH-12#538 Warning
DSP input not registered  
DSP instance u_system/u_replay/g_array.u_array/u_array/u_ref/g_row[5].g_col[18].u_pe/u_mul/u_dsp is not fully pipelined on the input side. AREG/BREG/CREG/DREG are not used.
Related violations: <none>

SYNTH-12#539 Warning
DSP input not registered  
DSP instance u_system/u_replay/g_array.u_array/u_array/u_ref/g_row[5].g_col[19].u_pe/u_mul/u_dsp is not fully pipelined on the input side. AREG/BREG/CREG/DREG are not used.
Related violations: <none>

SYNTH-12#540 Warning
DSP input not registered  
DSP instance u_system/u_replay/g_array.u_array/u_array/u_ref/g_row[5].g_col[1].u_pe/u_mul/u_dsp is not fully pipelined on the input side. AREG/BREG/CREG/DREG are not used.
Related violations: <none>

SYNTH-12#541 Warning
DSP input not registered  
DSP instance u_system/u_replay/g_array.u_array/u_array/u_ref/g_row[5].g_col[20].u_pe/u_mul/u_dsp is not fully pipelined on the input side. AREG/BREG/CREG/DREG are not used.
Related violations: <none>

SYNTH-12#542 Warning
DSP input not registered  
DSP instance u_system/u_replay/g_array.u_array/u_array/u_ref/g_row[5].g_col[21].u_pe/u_mul/u_dsp is not fully pipelined on the input side. AREG/BREG/CREG/DREG are not used.
Related violations: <none>

SYNTH-12#543 Warning
DSP input not registered  
DSP instance u_system/u_replay/g_array.u_array/u_array/u_ref/g_row[5].g_col[22].u_pe/u_mul/u_dsp is not fully pipelined on the input side. AREG/BREG/CREG/DREG are not used.
Related violations: <none>

SYNTH-12#544 Warning
DSP input not registered  
DSP instance u_system/u_replay/g_array.u_array/u_array/u_ref/g_row[5].g_col[23].u_pe/u_mul/u_dsp is not fully pipelined on the input side. AREG/BREG/CREG/DREG are not used.
Related violations: <none>

SYNTH-12#545 Warning
DSP input not registered  
DSP instance u_system/u_replay/g_array.u_array/u_array/u_ref/g_row[5].g_col[24].u_pe/u_mul/u_dsp is not fully pipelined on the input side. AREG/BREG/CREG/DREG are not used.
Related violations: <none>

SYNTH-12#546 Warning
DSP input not registered  
DSP instance u_system/u_replay/g_array.u_array/u_array/u_ref/g_row[5].g_col[25].u_pe/u_mul/u_dsp is not fully pipelined on the input side. AREG/BREG/CREG/DREG are not used.
Related violations: <none>

SYNTH-12#547 Warning
DSP input not registered  
DSP instance u_system/u_replay/g_array.u_array/u_array/u_ref/g_row[5].g_col[26].u_pe/u_mul/u_dsp is not fully pipelined on the input side. AREG/BREG/CREG/DREG are not used.
Related violations: <none>

SYNTH-12#548 Warning
DSP input not registered  
DSP instance u_system/u_replay/g_array.u_array/u_array/u_ref/g_row[5].g_col[27].u_pe/u_mul/u_dsp is not fully pipelined on the input side. AREG/BREG/CREG/DREG are not used.
Related violations: <none>

SYNTH-12#549 Warning
DSP input not registered  
DSP instance u_system/u_replay/g_array.u_array/u_array/u_ref/g_row[5].g_col[28].u_pe/u_mul/u_dsp is not fully pipelined on the input side. AREG/BREG/CREG/DREG are not used.
Related violations: <none>

SYNTH-12#550 Warning
DSP input not registered  
DSP instance u_system/u_replay/g_array.u_array/u_array/u_ref/g_row[5].g_col[29].u_pe/u_mul/u_dsp is not fully pipelined on the input side. AREG/BREG/CREG/DREG are not used.
Related violations: <none>

SYNTH-12#551 Warning
DSP input not registered  
DSP instance u_system/u_replay/g_array.u_array/u_array/u_ref/g_row[5].g_col[2].u_pe/u_mul/u_dsp is not fully pipelined on the input side. AREG/BREG/CREG/DREG are not used.
Related violations: <none>

SYNTH-12#552 Warning
DSP input not registered  
DSP instance u_system/u_replay/g_array.u_array/u_array/u_ref/g_row[5].g_col[30].u_pe/u_mul/u_dsp is not fully pipelined on the input side. AREG/BREG/CREG/DREG are not used.
Related violations: <none>

SYNTH-12#553 Warning
DSP input not registered  
DSP instance u_system/u_replay/g_array.u_array/u_array/u_ref/g_row[5].g_col[31].u_pe/u_mul/u_dsp is not fully pipelined on the input side. AREG/BREG/CREG/DREG are not used.
Related violations: <none>

SYNTH-12#554 Warning
DSP input not registered  
DSP instance u_system/u_replay/g_array.u_array/u_array/u_ref/g_row[5].g_col[32].u_pe/u_mul/u_dsp is not fully pipelined on the input side. AREG/BREG/CREG/DREG are not used.
Related violations: <none>

SYNTH-12#555 Warning
DSP input not registered  
DSP instance u_system/u_replay/g_array.u_array/u_array/u_ref/g_row[5].g_col[33].u_pe/u_mul/u_dsp is not fully pipelined on the input side. AREG/BREG/CREG/DREG are not used.
Related violations: <none>

SYNTH-12#556 Warning
DSP input not registered  
DSP instance u_system/u_replay/g_array.u_array/u_array/u_ref/g_row[5].g_col[34].u_pe/u_mul/u_dsp is not fully pipelined on the input side. AREG/BREG/CREG/DREG are not used.
Related violations: <none>

SYNTH-12#557 Warning
DSP input not registered  
DSP instance u_system/u_replay/g_array.u_array/u_array/u_ref/g_row[5].g_col[35].u_pe/u_mul/u_dsp is not fully pipelined on the input side. AREG/BREG/CREG/DREG are not used.
Related violations: <none>

SYNTH-12#558 Warning
DSP input not registered  
DSP instance u_system/u_replay/g_array.u_array/u_array/u_ref/g_row[5].g_col[36].u_pe/u_mul/u_dsp is not fully pipelined on the input side. AREG/BREG/CREG/DREG are not used.
Related violations: <none>

SYNTH-12#559 Warning
DSP input not registered  
DSP instance u_system/u_replay/g_array.u_array/u_array/u_ref/g_row[5].g_col[37].u_pe/u_mul/u_dsp is not fully pipelined on the input side. AREG/BREG/CREG/DREG are not used.
Related violations: <none>

SYNTH-12#560 Warning
DSP input not registered  
DSP instance u_system/u_replay/g_array.u_array/u_array/u_ref/g_row[5].g_col[38].u_pe/u_mul/u_dsp is not fully pipelined on the input side. AREG/BREG/CREG/DREG are not used.
Related violations: <none>

SYNTH-12#561 Warning
DSP input not registered  
DSP instance u_system/u_replay/g_array.u_array/u_array/u_ref/g_row[5].g_col[39].u_pe/u_mul/u_dsp is not fully pipelined on the input side. AREG/BREG/CREG/DREG are not used.
Related violations: <none>

SYNTH-12#562 Warning
DSP input not registered  
DSP instance u_system/u_replay/g_array.u_array/u_array/u_ref/g_row[5].g_col[3].u_pe/u_mul/u_dsp is not fully pipelined on the input side. AREG/BREG/CREG/DREG are not used.
Related violations: <none>

SYNTH-12#563 Warning
DSP input not registered  
DSP instance u_system/u_replay/g_array.u_array/u_array/u_ref/g_row[5].g_col[40].u_pe/u_mul/u_dsp is not fully pipelined on the input side. AREG/BREG/CREG/DREG are not used.
Related violations: <none>

SYNTH-12#564 Warning
DSP input not registered  
DSP instance u_system/u_replay/g_array.u_array/u_array/u_ref/g_row[5].g_col[41].u_pe/u_mul/u_dsp is not fully pipelined on the input side. AREG/BREG/CREG/DREG are not used.
Related violations: <none>

SYNTH-12#565 Warning
DSP input not registered  
DSP instance u_system/u_replay/g_array.u_array/u_array/u_ref/g_row[5].g_col[42].u_pe/u_mul/u_dsp is not fully pipelined on the input side. AREG/BREG/CREG/DREG are not used.
Related violations: <none>

SYNTH-12#566 Warning
DSP input not registered  
DSP instance u_system/u_replay/g_array.u_array/u_array/u_ref/g_row[5].g_col[43].u_pe/u_mul/u_dsp is not fully pipelined on the input side. AREG/BREG/CREG/DREG are not used.
Related violations: <none>

SYNTH-12#567 Warning
DSP input not registered  
DSP instance u_system/u_replay/g_array.u_array/u_array/u_ref/g_row[5].g_col[44].u_pe/u_mul/u_dsp is not fully pipelined on the input side. AREG/BREG/CREG/DREG are not used.
Related violations: <none>

SYNTH-12#568 Warning
DSP input not registered  
DSP instance u_system/u_replay/g_array.u_array/u_array/u_ref/g_row[5].g_col[45].u_pe/u_mul/u_dsp is not fully pipelined on the input side. AREG/BREG/CREG/DREG are not used.
Related violations: <none>

SYNTH-12#569 Warning
DSP input not registered  
DSP instance u_system/u_replay/g_array.u_array/u_array/u_ref/g_row[5].g_col[46].u_pe/u_mul/u_dsp is not fully pipelined on the input side. AREG/BREG/CREG/DREG are not used.
Related violations: <none>

SYNTH-12#570 Warning
DSP input not registered  
DSP instance u_system/u_replay/g_array.u_array/u_array/u_ref/g_row[5].g_col[47].u_pe/u_mul/u_dsp is not fully pipelined on the input side. AREG/BREG/CREG/DREG are not used.
Related violations: <none>

SYNTH-12#571 Warning
DSP input not registered  
DSP instance u_system/u_replay/g_array.u_array/u_array/u_ref/g_row[5].g_col[4].u_pe/u_mul/u_dsp is not fully pipelined on the input side. AREG/BREG/CREG/DREG are not used.
Related violations: <none>

SYNTH-12#572 Warning
DSP input not registered  
DSP instance u_system/u_replay/g_array.u_array/u_array/u_ref/g_row[5].g_col[5].u_pe/u_mul/u_dsp is not fully pipelined on the input side. AREG/BREG/CREG/DREG are not used.
Related violations: <none>

SYNTH-12#573 Warning
DSP input not registered  
DSP instance u_system/u_replay/g_array.u_array/u_array/u_ref/g_row[5].g_col[6].u_pe/u_mul/u_dsp is not fully pipelined on the input side. AREG/BREG/CREG/DREG are not used.
Related violations: <none>

SYNTH-12#574 Warning
DSP input not registered  
DSP instance u_system/u_replay/g_array.u_array/u_array/u_ref/g_row[5].g_col[7].u_pe/u_mul/u_dsp is not fully pipelined on the input side. AREG/BREG/CREG/DREG are not used.
Related violations: <none>

SYNTH-12#575 Warning
DSP input not registered  
DSP instance u_system/u_replay/g_array.u_array/u_array/u_ref/g_row[5].g_col[8].u_pe/u_mul/u_dsp is not fully pipelined on the input side. AREG/BREG/CREG/DREG are not used.
Related violations: <none>

SYNTH-12#576 Warning
DSP input not registered  
DSP instance u_system/u_replay/g_array.u_array/u_array/u_ref/g_row[5].g_col[9].u_pe/u_mul/u_dsp is not fully pipelined on the input side. AREG/BREG/CREG/DREG are not used.
Related violations: <none>

SYNTH-12#577 Warning
DSP input not registered  
DSP instance u_system/u_replay/g_array.u_array/u_array/u_ref/g_row[6].g_col[0].u_pe/u_mul/u_dsp is not fully pipelined on the input side. AREG/BREG/CREG/DREG are not used.
Related violations: <none>

SYNTH-12#578 Warning
DSP input not registered  
DSP instance u_system/u_replay/g_array.u_array/u_array/u_ref/g_row[6].g_col[10].u_pe/u_mul/u_dsp is not fully pipelined on the input side. AREG/BREG/CREG/DREG are not used.
Related violations: <none>

SYNTH-12#579 Warning
DSP input not registered  
DSP instance u_system/u_replay/g_array.u_array/u_array/u_ref/g_row[6].g_col[11].u_pe/u_mul/u_dsp is not fully pipelined on the input side. AREG/BREG/CREG/DREG are not used.
Related violations: <none>

SYNTH-12#580 Warning
DSP input not registered  
DSP instance u_system/u_replay/g_array.u_array/u_array/u_ref/g_row[6].g_col[12].u_pe/u_mul/u_dsp is not fully pipelined on the input side. AREG/BREG/CREG/DREG are not used.
Related violations: <none>

SYNTH-12#581 Warning
DSP input not registered  
DSP instance u_system/u_replay/g_array.u_array/u_array/u_ref/g_row[6].g_col[13].u_pe/u_mul/u_dsp is not fully pipelined on the input side. AREG/BREG/CREG/DREG are not used.
Related violations: <none>

SYNTH-12#582 Warning
DSP input not registered  
DSP instance u_system/u_replay/g_array.u_array/u_array/u_ref/g_row[6].g_col[14].u_pe/u_mul/u_dsp is not fully pipelined on the input side. AREG/BREG/CREG/DREG are not used.
Related violations: <none>

SYNTH-12#583 Warning
DSP input not registered  
DSP instance u_system/u_replay/g_array.u_array/u_array/u_ref/g_row[6].g_col[15].u_pe/u_mul/u_dsp is not fully pipelined on the input side. AREG/BREG/CREG/DREG are not used.
Related violations: <none>

SYNTH-12#584 Warning
DSP input not registered  
DSP instance u_system/u_replay/g_array.u_array/u_array/u_ref/g_row[6].g_col[16].u_pe/u_mul/u_dsp is not fully pipelined on the input side. AREG/BREG/CREG/DREG are not used.
Related violations: <none>

SYNTH-12#585 Warning
DSP input not registered  
DSP instance u_system/u_replay/g_array.u_array/u_array/u_ref/g_row[6].g_col[17].u_pe/u_mul/u_dsp is not fully pipelined on the input side. AREG/BREG/CREG/DREG are not used.
Related violations: <none>

SYNTH-12#586 Warning
DSP input not registered  
DSP instance u_system/u_replay/g_array.u_array/u_array/u_ref/g_row[6].g_col[18].u_pe/u_mul/u_dsp is not fully pipelined on the input side. AREG/BREG/CREG/DREG are not used.
Related violations: <none>

SYNTH-12#587 Warning
DSP input not registered  
DSP instance u_system/u_replay/g_array.u_array/u_array/u_ref/g_row[6].g_col[19].u_pe/u_mul/u_dsp is not fully pipelined on the input side. AREG/BREG/CREG/DREG are not used.
Related violations: <none>

SYNTH-12#588 Warning
DSP input not registered  
DSP instance u_system/u_replay/g_array.u_array/u_array/u_ref/g_row[6].g_col[1].u_pe/u_mul/u_dsp is not fully pipelined on the input side. AREG/BREG/CREG/DREG are not used.
Related violations: <none>

SYNTH-12#589 Warning
DSP input not registered  
DSP instance u_system/u_replay/g_array.u_array/u_array/u_ref/g_row[6].g_col[20].u_pe/u_mul/u_dsp is not fully pipelined on the input side. AREG/BREG/CREG/DREG are not used.
Related violations: <none>

SYNTH-12#590 Warning
DSP input not registered  
DSP instance u_system/u_replay/g_array.u_array/u_array/u_ref/g_row[6].g_col[21].u_pe/u_mul/u_dsp is not fully pipelined on the input side. AREG/BREG/CREG/DREG are not used.
Related violations: <none>

SYNTH-12#591 Warning
DSP input not registered  
DSP instance u_system/u_replay/g_array.u_array/u_array/u_ref/g_row[6].g_col[22].u_pe/u_mul/u_dsp is not fully pipelined on the input side. AREG/BREG/CREG/DREG are not used.
Related violations: <none>

SYNTH-12#592 Warning
DSP input not registered  
DSP instance u_system/u_replay/g_array.u_array/u_array/u_ref/g_row[6].g_col[23].u_pe/u_mul/u_dsp is not fully pipelined on the input side. AREG/BREG/CREG/DREG are not used.
Related violations: <none>

SYNTH-12#593 Warning
DSP input not registered  
DSP instance u_system/u_replay/g_array.u_array/u_array/u_ref/g_row[6].g_col[24].u_pe/u_mul/u_dsp is not fully pipelined on the input side. AREG/BREG/CREG/DREG are not used.
Related violations: <none>

SYNTH-12#594 Warning
DSP input not registered  
DSP instance u_system/u_replay/g_array.u_array/u_array/u_ref/g_row[6].g_col[25].u_pe/u_mul/u_dsp is not fully pipelined on the input side. AREG/BREG/CREG/DREG are not used.
Related violations: <none>

SYNTH-12#595 Warning
DSP input not registered  
DSP instance u_system/u_replay/g_array.u_array/u_array/u_ref/g_row[6].g_col[26].u_pe/u_mul/u_dsp is not fully pipelined on the input side. AREG/BREG/CREG/DREG are not used.
Related violations: <none>

SYNTH-12#596 Warning
DSP input not registered  
DSP instance u_system/u_replay/g_array.u_array/u_array/u_ref/g_row[6].g_col[27].u_pe/u_mul/u_dsp is not fully pipelined on the input side. AREG/BREG/CREG/DREG are not used.
Related violations: <none>

SYNTH-12#597 Warning
DSP input not registered  
DSP instance u_system/u_replay/g_array.u_array/u_array/u_ref/g_row[6].g_col[28].u_pe/u_mul/u_dsp is not fully pipelined on the input side. AREG/BREG/CREG/DREG are not used.
Related violations: <none>

SYNTH-12#598 Warning
DSP input not registered  
DSP instance u_system/u_replay/g_array.u_array/u_array/u_ref/g_row[6].g_col[29].u_pe/u_mul/u_dsp is not fully pipelined on the input side. AREG/BREG/CREG/DREG are not used.
Related violations: <none>

SYNTH-12#599 Warning
DSP input not registered  
DSP instance u_system/u_replay/g_array.u_array/u_array/u_ref/g_row[6].g_col[2].u_pe/u_mul/u_dsp is not fully pipelined on the input side. AREG/BREG/CREG/DREG are not used.
Related violations: <none>

SYNTH-12#600 Warning
DSP input not registered  
DSP instance u_system/u_replay/g_array.u_array/u_array/u_ref/g_row[6].g_col[30].u_pe/u_mul/u_dsp is not fully pipelined on the input side. AREG/BREG/CREG/DREG are not used.
Related violations: <none>

SYNTH-12#601 Warning
DSP input not registered  
DSP instance u_system/u_replay/g_array.u_array/u_array/u_ref/g_row[6].g_col[31].u_pe/u_mul/u_dsp is not fully pipelined on the input side. AREG/BREG/CREG/DREG are not used.
Related violations: <none>

SYNTH-12#602 Warning
DSP input not registered  
DSP instance u_system/u_replay/g_array.u_array/u_array/u_ref/g_row[6].g_col[32].u_pe/u_mul/u_dsp is not fully pipelined on the input side. AREG/BREG/CREG/DREG are not used.
Related violations: <none>

SYNTH-12#603 Warning
DSP input not registered  
DSP instance u_system/u_replay/g_array.u_array/u_array/u_ref/g_row[6].g_col[33].u_pe/u_mul/u_dsp is not fully pipelined on the input side. AREG/BREG/CREG/DREG are not used.
Related violations: <none>

SYNTH-12#604 Warning
DSP input not registered  
DSP instance u_system/u_replay/g_array.u_array/u_array/u_ref/g_row[6].g_col[34].u_pe/u_mul/u_dsp is not fully pipelined on the input side. AREG/BREG/CREG/DREG are not used.
Related violations: <none>

SYNTH-12#605 Warning
DSP input not registered  
DSP instance u_system/u_replay/g_array.u_array/u_array/u_ref/g_row[6].g_col[35].u_pe/u_mul/u_dsp is not fully pipelined on the input side. AREG/BREG/CREG/DREG are not used.
Related violations: <none>

SYNTH-12#606 Warning
DSP input not registered  
DSP instance u_system/u_replay/g_array.u_array/u_array/u_ref/g_row[6].g_col[36].u_pe/u_mul/u_dsp is not fully pipelined on the input side. AREG/BREG/CREG/DREG are not used.
Related violations: <none>

SYNTH-12#607 Warning
DSP input not registered  
DSP instance u_system/u_replay/g_array.u_array/u_array/u_ref/g_row[6].g_col[37].u_pe/u_mul/u_dsp is not fully pipelined on the input side. AREG/BREG/CREG/DREG are not used.
Related violations: <none>

SYNTH-12#608 Warning
DSP input not registered  
DSP instance u_system/u_replay/g_array.u_array/u_array/u_ref/g_row[6].g_col[38].u_pe/u_mul/u_dsp is not fully pipelined on the input side. AREG/BREG/CREG/DREG are not used.
Related violations: <none>

SYNTH-12#609 Warning
DSP input not registered  
DSP instance u_system/u_replay/g_array.u_array/u_array/u_ref/g_row[6].g_col[39].u_pe/u_mul/u_dsp is not fully pipelined on the input side. AREG/BREG/CREG/DREG are not used.
Related violations: <none>

SYNTH-12#610 Warning
DSP input not registered  
DSP instance u_system/u_replay/g_array.u_array/u_array/u_ref/g_row[6].g_col[3].u_pe/u_mul/u_dsp is not fully pipelined on the input side. AREG/BREG/CREG/DREG are not used.
Related violations: <none>

SYNTH-12#611 Warning
DSP input not registered  
DSP instance u_system/u_replay/g_array.u_array/u_array/u_ref/g_row[6].g_col[40].u_pe/u_mul/u_dsp is not fully pipelined on the input side. AREG/BREG/CREG/DREG are not used.
Related violations: <none>

SYNTH-12#612 Warning
DSP input not registered  
DSP instance u_system/u_replay/g_array.u_array/u_array/u_ref/g_row[6].g_col[41].u_pe/u_mul/u_dsp is not fully pipelined on the input side. AREG/BREG/CREG/DREG are not used.
Related violations: <none>

SYNTH-12#613 Warning
DSP input not registered  
DSP instance u_system/u_replay/g_array.u_array/u_array/u_ref/g_row[6].g_col[42].u_pe/u_mul/u_dsp is not fully pipelined on the input side. AREG/BREG/CREG/DREG are not used.
Related violations: <none>

SYNTH-12#614 Warning
DSP input not registered  
DSP instance u_system/u_replay/g_array.u_array/u_array/u_ref/g_row[6].g_col[43].u_pe/u_mul/u_dsp is not fully pipelined on the input side. AREG/BREG/CREG/DREG are not used.
Related violations: <none>

SYNTH-12#615 Warning
DSP input not registered  
DSP instance u_system/u_replay/g_array.u_array/u_array/u_ref/g_row[6].g_col[44].u_pe/u_mul/u_dsp is not fully pipelined on the input side. AREG/BREG/CREG/DREG are not used.
Related violations: <none>

SYNTH-12#616 Warning
DSP input not registered  
DSP instance u_system/u_replay/g_array.u_array/u_array/u_ref/g_row[6].g_col[45].u_pe/u_mul/u_dsp is not fully pipelined on the input side. AREG/BREG/CREG/DREG are not used.
Related violations: <none>

SYNTH-12#617 Warning
DSP input not registered  
DSP instance u_system/u_replay/g_array.u_array/u_array/u_ref/g_row[6].g_col[46].u_pe/u_mul/u_dsp is not fully pipelined on the input side. AREG/BREG/CREG/DREG are not used.
Related violations: <none>

SYNTH-12#618 Warning
DSP input not registered  
DSP instance u_system/u_replay/g_array.u_array/u_array/u_ref/g_row[6].g_col[47].u_pe/u_mul/u_dsp is not fully pipelined on the input side. AREG/BREG/CREG/DREG are not used.
Related violations: <none>

SYNTH-12#619 Warning
DSP input not registered  
DSP instance u_system/u_replay/g_array.u_array/u_array/u_ref/g_row[6].g_col[4].u_pe/u_mul/u_dsp is not fully pipelined on the input side. AREG/BREG/CREG/DREG are not used.
Related violations: <none>

SYNTH-12#620 Warning
DSP input not registered  
DSP instance u_system/u_replay/g_array.u_array/u_array/u_ref/g_row[6].g_col[5].u_pe/u_mul/u_dsp is not fully pipelined on the input side. AREG/BREG/CREG/DREG are not used.
Related violations: <none>

SYNTH-12#621 Warning
DSP input not registered  
DSP instance u_system/u_replay/g_array.u_array/u_array/u_ref/g_row[6].g_col[6].u_pe/u_mul/u_dsp is not fully pipelined on the input side. AREG/BREG/CREG/DREG are not used.
Related violations: <none>

SYNTH-12#622 Warning
DSP input not registered  
DSP instance u_system/u_replay/g_array.u_array/u_array/u_ref/g_row[6].g_col[7].u_pe/u_mul/u_dsp is not fully pipelined on the input side. AREG/BREG/CREG/DREG are not used.
Related violations: <none>

SYNTH-12#623 Warning
DSP input not registered  
DSP instance u_system/u_replay/g_array.u_array/u_array/u_ref/g_row[6].g_col[8].u_pe/u_mul/u_dsp is not fully pipelined on the input side. AREG/BREG/CREG/DREG are not used.
Related violations: <none>

SYNTH-12#624 Warning
DSP input not registered  
DSP instance u_system/u_replay/g_array.u_array/u_array/u_ref/g_row[6].g_col[9].u_pe/u_mul/u_dsp is not fully pipelined on the input side. AREG/BREG/CREG/DREG are not used.
Related violations: <none>

SYNTH-12#625 Warning
DSP input not registered  
DSP instance u_system/u_replay/g_array.u_array/u_array/u_ref/g_row[7].g_col[0].u_pe/u_mul/u_dsp is not fully pipelined on the input side. AREG/BREG/CREG/DREG are not used.
Related violations: <none>

SYNTH-12#626 Warning
DSP input not registered  
DSP instance u_system/u_replay/g_array.u_array/u_array/u_ref/g_row[7].g_col[10].u_pe/u_mul/u_dsp is not fully pipelined on the input side. AREG/BREG/CREG/DREG are not used.
Related violations: <none>

SYNTH-12#627 Warning
DSP input not registered  
DSP instance u_system/u_replay/g_array.u_array/u_array/u_ref/g_row[7].g_col[11].u_pe/u_mul/u_dsp is not fully pipelined on the input side. AREG/BREG/CREG/DREG are not used.
Related violations: <none>

SYNTH-12#628 Warning
DSP input not registered  
DSP instance u_system/u_replay/g_array.u_array/u_array/u_ref/g_row[7].g_col[12].u_pe/u_mul/u_dsp is not fully pipelined on the input side. AREG/BREG/CREG/DREG are not used.
Related violations: <none>

SYNTH-12#629 Warning
DSP input not registered  
DSP instance u_system/u_replay/g_array.u_array/u_array/u_ref/g_row[7].g_col[13].u_pe/u_mul/u_dsp is not fully pipelined on the input side. AREG/BREG/CREG/DREG are not used.
Related violations: <none>

SYNTH-12#630 Warning
DSP input not registered  
DSP instance u_system/u_replay/g_array.u_array/u_array/u_ref/g_row[7].g_col[14].u_pe/u_mul/u_dsp is not fully pipelined on the input side. AREG/BREG/CREG/DREG are not used.
Related violations: <none>

SYNTH-12#631 Warning
DSP input not registered  
DSP instance u_system/u_replay/g_array.u_array/u_array/u_ref/g_row[7].g_col[15].u_pe/u_mul/u_dsp is not fully pipelined on the input side. AREG/BREG/CREG/DREG are not used.
Related violations: <none>

SYNTH-12#632 Warning
DSP input not registered  
DSP instance u_system/u_replay/g_array.u_array/u_array/u_ref/g_row[7].g_col[16].u_pe/u_mul/u_dsp is not fully pipelined on the input side. AREG/BREG/CREG/DREG are not used.
Related violations: <none>

SYNTH-12#633 Warning
DSP input not registered  
DSP instance u_system/u_replay/g_array.u_array/u_array/u_ref/g_row[7].g_col[17].u_pe/u_mul/u_dsp is not fully pipelined on the input side. AREG/BREG/CREG/DREG are not used.
Related violations: <none>

SYNTH-12#634 Warning
DSP input not registered  
DSP instance u_system/u_replay/g_array.u_array/u_array/u_ref/g_row[7].g_col[18].u_pe/u_mul/u_dsp is not fully pipelined on the input side. AREG/BREG/CREG/DREG are not used.
Related violations: <none>

SYNTH-12#635 Warning
DSP input not registered  
DSP instance u_system/u_replay/g_array.u_array/u_array/u_ref/g_row[7].g_col[19].u_pe/u_mul/u_dsp is not fully pipelined on the input side. AREG/BREG/CREG/DREG are not used.
Related violations: <none>

SYNTH-12#636 Warning
DSP input not registered  
DSP instance u_system/u_replay/g_array.u_array/u_array/u_ref/g_row[7].g_col[1].u_pe/u_mul/u_dsp is not fully pipelined on the input side. AREG/BREG/CREG/DREG are not used.
Related violations: <none>

SYNTH-12#637 Warning
DSP input not registered  
DSP instance u_system/u_replay/g_array.u_array/u_array/u_ref/g_row[7].g_col[20].u_pe/u_mul/u_dsp is not fully pipelined on the input side. AREG/BREG/CREG/DREG are not used.
Related violations: <none>

SYNTH-12#638 Warning
DSP input not registered  
DSP instance u_system/u_replay/g_array.u_array/u_array/u_ref/g_row[7].g_col[21].u_pe/u_mul/u_dsp is not fully pipelined on the input side. AREG/BREG/CREG/DREG are not used.
Related violations: <none>

SYNTH-12#639 Warning
DSP input not registered  
DSP instance u_system/u_replay/g_array.u_array/u_array/u_ref/g_row[7].g_col[22].u_pe/u_mul/u_dsp is not fully pipelined on the input side. AREG/BREG/CREG/DREG are not used.
Related violations: <none>

SYNTH-12#640 Warning
DSP input not registered  
DSP instance u_system/u_replay/g_array.u_array/u_array/u_ref/g_row[7].g_col[23].u_pe/u_mul/u_dsp is not fully pipelined on the input side. AREG/BREG/CREG/DREG are not used.
Related violations: <none>

SYNTH-12#641 Warning
DSP input not registered  
DSP instance u_system/u_replay/g_array.u_array/u_array/u_ref/g_row[7].g_col[24].u_pe/u_mul/u_dsp is not fully pipelined on the input side. AREG/BREG/CREG/DREG are not used.
Related violations: <none>

SYNTH-12#642 Warning
DSP input not registered  
DSP instance u_system/u_replay/g_array.u_array/u_array/u_ref/g_row[7].g_col[25].u_pe/u_mul/u_dsp is not fully pipelined on the input side. AREG/BREG/CREG/DREG are not used.
Related violations: <none>

SYNTH-12#643 Warning
DSP input not registered  
DSP instance u_system/u_replay/g_array.u_array/u_array/u_ref/g_row[7].g_col[26].u_pe/u_mul/u_dsp is not fully pipelined on the input side. AREG/BREG/CREG/DREG are not used.
Related violations: <none>

SYNTH-12#644 Warning
DSP input not registered  
DSP instance u_system/u_replay/g_array.u_array/u_array/u_ref/g_row[7].g_col[27].u_pe/u_mul/u_dsp is not fully pipelined on the input side. AREG/BREG/CREG/DREG are not used.
Related violations: <none>

SYNTH-12#645 Warning
DSP input not registered  
DSP instance u_system/u_replay/g_array.u_array/u_array/u_ref/g_row[7].g_col[28].u_pe/u_mul/u_dsp is not fully pipelined on the input side. AREG/BREG/CREG/DREG are not used.
Related violations: <none>

SYNTH-12#646 Warning
DSP input not registered  
DSP instance u_system/u_replay/g_array.u_array/u_array/u_ref/g_row[7].g_col[29].u_pe/u_mul/u_dsp is not fully pipelined on the input side. AREG/BREG/CREG/DREG are not used.
Related violations: <none>

SYNTH-12#647 Warning
DSP input not registered  
DSP instance u_system/u_replay/g_array.u_array/u_array/u_ref/g_row[7].g_col[2].u_pe/u_mul/u_dsp is not fully pipelined on the input side. AREG/BREG/CREG/DREG are not used.
Related violations: <none>

SYNTH-12#648 Warning
DSP input not registered  
DSP instance u_system/u_replay/g_array.u_array/u_array/u_ref/g_row[7].g_col[30].u_pe/u_mul/u_dsp is not fully pipelined on the input side. AREG/BREG/CREG/DREG are not used.
Related violations: <none>

SYNTH-12#649 Warning
DSP input not registered  
DSP instance u_system/u_replay/g_array.u_array/u_array/u_ref/g_row[7].g_col[31].u_pe/u_mul/u_dsp is not fully pipelined on the input side. AREG/BREG/CREG/DREG are not used.
Related violations: <none>

SYNTH-12#650 Warning
DSP input not registered  
DSP instance u_system/u_replay/g_array.u_array/u_array/u_ref/g_row[7].g_col[32].u_pe/u_mul/u_dsp is not fully pipelined on the input side. AREG/BREG/CREG/DREG are not used.
Related violations: <none>

SYNTH-12#651 Warning
DSP input not registered  
DSP instance u_system/u_replay/g_array.u_array/u_array/u_ref/g_row[7].g_col[33].u_pe/u_mul/u_dsp is not fully pipelined on the input side. AREG/BREG/CREG/DREG are not used.
Related violations: <none>

SYNTH-12#652 Warning
DSP input not registered  
DSP instance u_system/u_replay/g_array.u_array/u_array/u_ref/g_row[7].g_col[34].u_pe/u_mul/u_dsp is not fully pipelined on the input side. AREG/BREG/CREG/DREG are not used.
Related violations: <none>

SYNTH-12#653 Warning
DSP input not registered  
DSP instance u_system/u_replay/g_array.u_array/u_array/u_ref/g_row[7].g_col[35].u_pe/u_mul/u_dsp is not fully pipelined on the input side. AREG/BREG/CREG/DREG are not used.
Related violations: <none>

SYNTH-12#654 Warning
DSP input not registered  
DSP instance u_system/u_replay/g_array.u_array/u_array/u_ref/g_row[7].g_col[36].u_pe/u_mul/u_dsp is not fully pipelined on the input side. AREG/BREG/CREG/DREG are not used.
Related violations: <none>

SYNTH-12#655 Warning
DSP input not registered  
DSP instance u_system/u_replay/g_array.u_array/u_array/u_ref/g_row[7].g_col[37].u_pe/u_mul/u_dsp is not fully pipelined on the input side. AREG/BREG/CREG/DREG are not used.
Related violations: <none>

SYNTH-12#656 Warning
DSP input not registered  
DSP instance u_system/u_replay/g_array.u_array/u_array/u_ref/g_row[7].g_col[38].u_pe/u_mul/u_dsp is not fully pipelined on the input side. AREG/BREG/CREG/DREG are not used.
Related violations: <none>

SYNTH-12#657 Warning
DSP input not registered  
DSP instance u_system/u_replay/g_array.u_array/u_array/u_ref/g_row[7].g_col[39].u_pe/u_mul/u_dsp is not fully pipelined on the input side. AREG/BREG/CREG/DREG are not used.
Related violations: <none>

SYNTH-12#658 Warning
DSP input not registered  
DSP instance u_system/u_replay/g_array.u_array/u_array/u_ref/g_row[7].g_col[3].u_pe/u_mul/u_dsp is not fully pipelined on the input side. AREG/BREG/CREG/DREG are not used.
Related violations: <none>

SYNTH-12#659 Warning
DSP input not registered  
DSP instance u_system/u_replay/g_array.u_array/u_array/u_ref/g_row[7].g_col[40].u_pe/u_mul/u_dsp is not fully pipelined on the input side. AREG/BREG/CREG/DREG are not used.
Related violations: <none>

SYNTH-12#660 Warning
DSP input not registered  
DSP instance u_system/u_replay/g_array.u_array/u_array/u_ref/g_row[7].g_col[41].u_pe/u_mul/u_dsp is not fully pipelined on the input side. AREG/BREG/CREG/DREG are not used.
Related violations: <none>

SYNTH-12#661 Warning
DSP input not registered  
DSP instance u_system/u_replay/g_array.u_array/u_array/u_ref/g_row[7].g_col[42].u_pe/u_mul/u_dsp is not fully pipelined on the input side. AREG/BREG/CREG/DREG are not used.
Related violations: <none>

SYNTH-12#662 Warning
DSP input not registered  
DSP instance u_system/u_replay/g_array.u_array/u_array/u_ref/g_row[7].g_col[43].u_pe/u_mul/u_dsp is not fully pipelined on the input side. AREG/BREG/CREG/DREG are not used.
Related violations: <none>

SYNTH-12#663 Warning
DSP input not registered  
DSP instance u_system/u_replay/g_array.u_array/u_array/u_ref/g_row[7].g_col[44].u_pe/u_mul/u_dsp is not fully pipelined on the input side. AREG/BREG/CREG/DREG are not used.
Related violations: <none>

SYNTH-12#664 Warning
DSP input not registered  
DSP instance u_system/u_replay/g_array.u_array/u_array/u_ref/g_row[7].g_col[45].u_pe/u_mul/u_dsp is not fully pipelined on the input side. AREG/BREG/CREG/DREG are not used.
Related violations: <none>

SYNTH-12#665 Warning
DSP input not registered  
DSP instance u_system/u_replay/g_array.u_array/u_array/u_ref/g_row[7].g_col[46].u_pe/u_mul/u_dsp is not fully pipelined on the input side. AREG/BREG/CREG/DREG are not used.
Related violations: <none>

SYNTH-12#666 Warning
DSP input not registered  
DSP instance u_system/u_replay/g_array.u_array/u_array/u_ref/g_row[7].g_col[47].u_pe/u_mul/u_dsp is not fully pipelined on the input side. AREG/BREG/CREG/DREG are not used.
Related violations: <none>

SYNTH-12#667 Warning
DSP input not registered  
DSP instance u_system/u_replay/g_array.u_array/u_array/u_ref/g_row[7].g_col[4].u_pe/u_mul/u_dsp is not fully pipelined on the input side. AREG/BREG/CREG/DREG are not used.
Related violations: <none>

SYNTH-12#668 Warning
DSP input not registered  
DSP instance u_system/u_replay/g_array.u_array/u_array/u_ref/g_row[7].g_col[5].u_pe/u_mul/u_dsp is not fully pipelined on the input side. AREG/BREG/CREG/DREG are not used.
Related violations: <none>

SYNTH-12#669 Warning
DSP input not registered  
DSP instance u_system/u_replay/g_array.u_array/u_array/u_ref/g_row[7].g_col[6].u_pe/u_mul/u_dsp is not fully pipelined on the input side. AREG/BREG/CREG/DREG are not used.
Related violations: <none>

SYNTH-12#670 Warning
DSP input not registered  
DSP instance u_system/u_replay/g_array.u_array/u_array/u_ref/g_row[7].g_col[7].u_pe/u_mul/u_dsp is not fully pipelined on the input side. AREG/BREG/CREG/DREG are not used.
Related violations: <none>

SYNTH-12#671 Warning
DSP input not registered  
DSP instance u_system/u_replay/g_array.u_array/u_array/u_ref/g_row[7].g_col[8].u_pe/u_mul/u_dsp is not fully pipelined on the input side. AREG/BREG/CREG/DREG are not used.
Related violations: <none>

SYNTH-12#672 Warning
DSP input not registered  
DSP instance u_system/u_replay/g_array.u_array/u_array/u_ref/g_row[7].g_col[9].u_pe/u_mul/u_dsp is not fully pipelined on the input side. AREG/BREG/CREG/DREG are not used.
Related violations: <none>

SYNTH-12#673 Warning
DSP input not registered  
DSP instance u_system/u_replay/g_array.u_array/u_array/u_ref/g_row[8].g_col[0].u_pe/u_mul/u_dsp is not fully pipelined on the input side. AREG/BREG/CREG/DREG are not used.
Related violations: <none>

SYNTH-12#674 Warning
DSP input not registered  
DSP instance u_system/u_replay/g_array.u_array/u_array/u_ref/g_row[8].g_col[10].u_pe/u_mul/u_dsp is not fully pipelined on the input side. AREG/BREG/CREG/DREG are not used.
Related violations: <none>

SYNTH-12#675 Warning
DSP input not registered  
DSP instance u_system/u_replay/g_array.u_array/u_array/u_ref/g_row[8].g_col[11].u_pe/u_mul/u_dsp is not fully pipelined on the input side. AREG/BREG/CREG/DREG are not used.
Related violations: <none>

SYNTH-12#676 Warning
DSP input not registered  
DSP instance u_system/u_replay/g_array.u_array/u_array/u_ref/g_row[8].g_col[12].u_pe/u_mul/u_dsp is not fully pipelined on the input side. AREG/BREG/CREG/DREG are not used.
Related violations: <none>

SYNTH-12#677 Warning
DSP input not registered  
DSP instance u_system/u_replay/g_array.u_array/u_array/u_ref/g_row[8].g_col[13].u_pe/u_mul/u_dsp is not fully pipelined on the input side. AREG/BREG/CREG/DREG are not used.
Related violations: <none>

SYNTH-12#678 Warning
DSP input not registered  
DSP instance u_system/u_replay/g_array.u_array/u_array/u_ref/g_row[8].g_col[14].u_pe/u_mul/u_dsp is not fully pipelined on the input side. AREG/BREG/CREG/DREG are not used.
Related violations: <none>

SYNTH-12#679 Warning
DSP input not registered  
DSP instance u_system/u_replay/g_array.u_array/u_array/u_ref/g_row[8].g_col[15].u_pe/u_mul/u_dsp is not fully pipelined on the input side. AREG/BREG/CREG/DREG are not used.
Related violations: <none>

SYNTH-12#680 Warning
DSP input not registered  
DSP instance u_system/u_replay/g_array.u_array/u_array/u_ref/g_row[8].g_col[16].u_pe/u_mul/u_dsp is not fully pipelined on the input side. AREG/BREG/CREG/DREG are not used.
Related violations: <none>

SYNTH-12#681 Warning
DSP input not registered  
DSP instance u_system/u_replay/g_array.u_array/u_array/u_ref/g_row[8].g_col[17].u_pe/u_mul/u_dsp is not fully pipelined on the input side. AREG/BREG/CREG/DREG are not used.
Related violations: <none>

SYNTH-12#682 Warning
DSP input not registered  
DSP instance u_system/u_replay/g_array.u_array/u_array/u_ref/g_row[8].g_col[18].u_pe/u_mul/u_dsp is not fully pipelined on the input side. AREG/BREG/CREG/DREG are not used.
Related violations: <none>

SYNTH-12#683 Warning
DSP input not registered  
DSP instance u_system/u_replay/g_array.u_array/u_array/u_ref/g_row[8].g_col[19].u_pe/u_mul/u_dsp is not fully pipelined on the input side. AREG/BREG/CREG/DREG are not used.
Related violations: <none>

SYNTH-12#684 Warning
DSP input not registered  
DSP instance u_system/u_replay/g_array.u_array/u_array/u_ref/g_row[8].g_col[1].u_pe/u_mul/u_dsp is not fully pipelined on the input side. AREG/BREG/CREG/DREG are not used.
Related violations: <none>

SYNTH-12#685 Warning
DSP input not registered  
DSP instance u_system/u_replay/g_array.u_array/u_array/u_ref/g_row[8].g_col[20].u_pe/u_mul/u_dsp is not fully pipelined on the input side. AREG/BREG/CREG/DREG are not used.
Related violations: <none>

SYNTH-12#686 Warning
DSP input not registered  
DSP instance u_system/u_replay/g_array.u_array/u_array/u_ref/g_row[8].g_col[21].u_pe/u_mul/u_dsp is not fully pipelined on the input side. AREG/BREG/CREG/DREG are not used.
Related violations: <none>

SYNTH-12#687 Warning
DSP input not registered  
DSP instance u_system/u_replay/g_array.u_array/u_array/u_ref/g_row[8].g_col[22].u_pe/u_mul/u_dsp is not fully pipelined on the input side. AREG/BREG/CREG/DREG are not used.
Related violations: <none>

SYNTH-12#688 Warning
DSP input not registered  
DSP instance u_system/u_replay/g_array.u_array/u_array/u_ref/g_row[8].g_col[23].u_pe/u_mul/u_dsp is not fully pipelined on the input side. AREG/BREG/CREG/DREG are not used.
Related violations: <none>

SYNTH-12#689 Warning
DSP input not registered  
DSP instance u_system/u_replay/g_array.u_array/u_array/u_ref/g_row[8].g_col[24].u_pe/u_mul/u_dsp is not fully pipelined on the input side. AREG/BREG/CREG/DREG are not used.
Related violations: <none>

SYNTH-12#690 Warning
DSP input not registered  
DSP instance u_system/u_replay/g_array.u_array/u_array/u_ref/g_row[8].g_col[25].u_pe/u_mul/u_dsp is not fully pipelined on the input side. AREG/BREG/CREG/DREG are not used.
Related violations: <none>

SYNTH-12#691 Warning
DSP input not registered  
DSP instance u_system/u_replay/g_array.u_array/u_array/u_ref/g_row[8].g_col[26].u_pe/u_mul/u_dsp is not fully pipelined on the input side. AREG/BREG/CREG/DREG are not used.
Related violations: <none>

SYNTH-12#692 Warning
DSP input not registered  
DSP instance u_system/u_replay/g_array.u_array/u_array/u_ref/g_row[8].g_col[27].u_pe/u_mul/u_dsp is not fully pipelined on the input side. AREG/BREG/CREG/DREG are not used.
Related violations: <none>

SYNTH-12#693 Warning
DSP input not registered  
DSP instance u_system/u_replay/g_array.u_array/u_array/u_ref/g_row[8].g_col[28].u_pe/u_mul/u_dsp is not fully pipelined on the input side. AREG/BREG/CREG/DREG are not used.
Related violations: <none>

SYNTH-12#694 Warning
DSP input not registered  
DSP instance u_system/u_replay/g_array.u_array/u_array/u_ref/g_row[8].g_col[29].u_pe/u_mul/u_dsp is not fully pipelined on the input side. AREG/BREG/CREG/DREG are not used.
Related violations: <none>

SYNTH-12#695 Warning
DSP input not registered  
DSP instance u_system/u_replay/g_array.u_array/u_array/u_ref/g_row[8].g_col[2].u_pe/u_mul/u_dsp is not fully pipelined on the input side. AREG/BREG/CREG/DREG are not used.
Related violations: <none>

SYNTH-12#696 Warning
DSP input not registered  
DSP instance u_system/u_replay/g_array.u_array/u_array/u_ref/g_row[8].g_col[30].u_pe/u_mul/u_dsp is not fully pipelined on the input side. AREG/BREG/CREG/DREG are not used.
Related violations: <none>

SYNTH-12#697 Warning
DSP input not registered  
DSP instance u_system/u_replay/g_array.u_array/u_array/u_ref/g_row[8].g_col[31].u_pe/u_mul/u_dsp is not fully pipelined on the input side. AREG/BREG/CREG/DREG are not used.
Related violations: <none>

SYNTH-12#698 Warning
DSP input not registered  
DSP instance u_system/u_replay/g_array.u_array/u_array/u_ref/g_row[8].g_col[32].u_pe/u_mul/u_dsp is not fully pipelined on the input side. AREG/BREG/CREG/DREG are not used.
Related violations: <none>

SYNTH-12#699 Warning
DSP input not registered  
DSP instance u_system/u_replay/g_array.u_array/u_array/u_ref/g_row[8].g_col[33].u_pe/u_mul/u_dsp is not fully pipelined on the input side. AREG/BREG/CREG/DREG are not used.
Related violations: <none>

SYNTH-12#700 Warning
DSP input not registered  
DSP instance u_system/u_replay/g_array.u_array/u_array/u_ref/g_row[8].g_col[34].u_pe/u_mul/u_dsp is not fully pipelined on the input side. AREG/BREG/CREG/DREG are not used.
Related violations: <none>

SYNTH-12#701 Warning
DSP input not registered  
DSP instance u_system/u_replay/g_array.u_array/u_array/u_ref/g_row[8].g_col[35].u_pe/u_mul/u_dsp is not fully pipelined on the input side. AREG/BREG/CREG/DREG are not used.
Related violations: <none>

SYNTH-12#702 Warning
DSP input not registered  
DSP instance u_system/u_replay/g_array.u_array/u_array/u_ref/g_row[8].g_col[36].u_pe/u_mul/u_dsp is not fully pipelined on the input side. AREG/BREG/CREG/DREG are not used.
Related violations: <none>

SYNTH-12#703 Warning
DSP input not registered  
DSP instance u_system/u_replay/g_array.u_array/u_array/u_ref/g_row[8].g_col[37].u_pe/u_mul/u_dsp is not fully pipelined on the input side. AREG/BREG/CREG/DREG are not used.
Related violations: <none>

SYNTH-12#704 Warning
DSP input not registered  
DSP instance u_system/u_replay/g_array.u_array/u_array/u_ref/g_row[8].g_col[38].u_pe/u_mul/u_dsp is not fully pipelined on the input side. AREG/BREG/CREG/DREG are not used.
Related violations: <none>

SYNTH-12#705 Warning
DSP input not registered  
DSP instance u_system/u_replay/g_array.u_array/u_array/u_ref/g_row[8].g_col[39].u_pe/u_mul/u_dsp is not fully pipelined on the input side. AREG/BREG/CREG/DREG are not used.
Related violations: <none>

SYNTH-12#706 Warning
DSP input not registered  
DSP instance u_system/u_replay/g_array.u_array/u_array/u_ref/g_row[8].g_col[3].u_pe/u_mul/u_dsp is not fully pipelined on the input side. AREG/BREG/CREG/DREG are not used.
Related violations: <none>

SYNTH-12#707 Warning
DSP input not registered  
DSP instance u_system/u_replay/g_array.u_array/u_array/u_ref/g_row[8].g_col[40].u_pe/u_mul/u_dsp is not fully pipelined on the input side. AREG/BREG/CREG/DREG are not used.
Related violations: <none>

SYNTH-12#708 Warning
DSP input not registered  
DSP instance u_system/u_replay/g_array.u_array/u_array/u_ref/g_row[8].g_col[41].u_pe/u_mul/u_dsp is not fully pipelined on the input side. AREG/BREG/CREG/DREG are not used.
Related violations: <none>

SYNTH-12#709 Warning
DSP input not registered  
DSP instance u_system/u_replay/g_array.u_array/u_array/u_ref/g_row[8].g_col[42].u_pe/u_mul/u_dsp is not fully pipelined on the input side. AREG/BREG/CREG/DREG are not used.
Related violations: <none>

SYNTH-12#710 Warning
DSP input not registered  
DSP instance u_system/u_replay/g_array.u_array/u_array/u_ref/g_row[8].g_col[43].u_pe/u_mul/u_dsp is not fully pipelined on the input side. AREG/BREG/CREG/DREG are not used.
Related violations: <none>

SYNTH-12#711 Warning
DSP input not registered  
DSP instance u_system/u_replay/g_array.u_array/u_array/u_ref/g_row[8].g_col[44].u_pe/u_mul/u_dsp is not fully pipelined on the input side. AREG/BREG/CREG/DREG are not used.
Related violations: <none>

SYNTH-12#712 Warning
DSP input not registered  
DSP instance u_system/u_replay/g_array.u_array/u_array/u_ref/g_row[8].g_col[45].u_pe/u_mul/u_dsp is not fully pipelined on the input side. AREG/BREG/CREG/DREG are not used.
Related violations: <none>

SYNTH-12#713 Warning
DSP input not registered  
DSP instance u_system/u_replay/g_array.u_array/u_array/u_ref/g_row[8].g_col[46].u_pe/u_mul/u_dsp is not fully pipelined on the input side. AREG/BREG/CREG/DREG are not used.
Related violations: <none>

SYNTH-12#714 Warning
DSP input not registered  
DSP instance u_system/u_replay/g_array.u_array/u_array/u_ref/g_row[8].g_col[47].u_pe/u_mul/u_dsp is not fully pipelined on the input side. AREG/BREG/CREG/DREG are not used.
Related violations: <none>

SYNTH-12#715 Warning
DSP input not registered  
DSP instance u_system/u_replay/g_array.u_array/u_array/u_ref/g_row[8].g_col[4].u_pe/u_mul/u_dsp is not fully pipelined on the input side. AREG/BREG/CREG/DREG are not used.
Related violations: <none>

SYNTH-12#716 Warning
DSP input not registered  
DSP instance u_system/u_replay/g_array.u_array/u_array/u_ref/g_row[8].g_col[5].u_pe/u_mul/u_dsp is not fully pipelined on the input side. AREG/BREG/CREG/DREG are not used.
Related violations: <none>

SYNTH-12#717 Warning
DSP input not registered  
DSP instance u_system/u_replay/g_array.u_array/u_array/u_ref/g_row[8].g_col[6].u_pe/u_mul/u_dsp is not fully pipelined on the input side. AREG/BREG/CREG/DREG are not used.
Related violations: <none>

SYNTH-12#718 Warning
DSP input not registered  
DSP instance u_system/u_replay/g_array.u_array/u_array/u_ref/g_row[8].g_col[7].u_pe/u_mul/u_dsp is not fully pipelined on the input side. AREG/BREG/CREG/DREG are not used.
Related violations: <none>

SYNTH-12#719 Warning
DSP input not registered  
DSP instance u_system/u_replay/g_array.u_array/u_array/u_ref/g_row[8].g_col[8].u_pe/u_mul/u_dsp is not fully pipelined on the input side. AREG/BREG/CREG/DREG are not used.
Related violations: <none>

SYNTH-12#720 Warning
DSP input not registered  
DSP instance u_system/u_replay/g_array.u_array/u_array/u_ref/g_row[8].g_col[9].u_pe/u_mul/u_dsp is not fully pipelined on the input side. AREG/BREG/CREG/DREG are not used.
Related violations: <none>

SYNTH-12#721 Warning
DSP input not registered  
DSP instance u_system/u_replay/g_array.u_array/u_array/u_ref/g_row[9].g_col[0].u_pe/u_mul/u_dsp is not fully pipelined on the input side. AREG/BREG/CREG/DREG are not used.
Related violations: <none>

SYNTH-12#722 Warning
DSP input not registered  
DSP instance u_system/u_replay/g_array.u_array/u_array/u_ref/g_row[9].g_col[10].u_pe/u_mul/u_dsp is not fully pipelined on the input side. AREG/BREG/CREG/DREG are not used.
Related violations: <none>

SYNTH-12#723 Warning
DSP input not registered  
DSP instance u_system/u_replay/g_array.u_array/u_array/u_ref/g_row[9].g_col[11].u_pe/u_mul/u_dsp is not fully pipelined on the input side. AREG/BREG/CREG/DREG are not used.
Related violations: <none>

SYNTH-12#724 Warning
DSP input not registered  
DSP instance u_system/u_replay/g_array.u_array/u_array/u_ref/g_row[9].g_col[12].u_pe/u_mul/u_dsp is not fully pipelined on the input side. AREG/BREG/CREG/DREG are not used.
Related violations: <none>

SYNTH-12#725 Warning
DSP input not registered  
DSP instance u_system/u_replay/g_array.u_array/u_array/u_ref/g_row[9].g_col[13].u_pe/u_mul/u_dsp is not fully pipelined on the input side. AREG/BREG/CREG/DREG are not used.
Related violations: <none>

SYNTH-12#726 Warning
DSP input not registered  
DSP instance u_system/u_replay/g_array.u_array/u_array/u_ref/g_row[9].g_col[14].u_pe/u_mul/u_dsp is not fully pipelined on the input side. AREG/BREG/CREG/DREG are not used.
Related violations: <none>

SYNTH-12#727 Warning
DSP input not registered  
DSP instance u_system/u_replay/g_array.u_array/u_array/u_ref/g_row[9].g_col[15].u_pe/u_mul/u_dsp is not fully pipelined on the input side. AREG/BREG/CREG/DREG are not used.
Related violations: <none>

SYNTH-12#728 Warning
DSP input not registered  
DSP instance u_system/u_replay/g_array.u_array/u_array/u_ref/g_row[9].g_col[16].u_pe/u_mul/u_dsp is not fully pipelined on the input side. AREG/BREG/CREG/DREG are not used.
Related violations: <none>

SYNTH-12#729 Warning
DSP input not registered  
DSP instance u_system/u_replay/g_array.u_array/u_array/u_ref/g_row[9].g_col[17].u_pe/u_mul/u_dsp is not fully pipelined on the input side. AREG/BREG/CREG/DREG are not used.
Related violations: <none>

SYNTH-12#730 Warning
DSP input not registered  
DSP instance u_system/u_replay/g_array.u_array/u_array/u_ref/g_row[9].g_col[18].u_pe/u_mul/u_dsp is not fully pipelined on the input side. AREG/BREG/CREG/DREG are not used.
Related violations: <none>

SYNTH-12#731 Warning
DSP input not registered  
DSP instance u_system/u_replay/g_array.u_array/u_array/u_ref/g_row[9].g_col[19].u_pe/u_mul/u_dsp is not fully pipelined on the input side. AREG/BREG/CREG/DREG are not used.
Related violations: <none>

SYNTH-12#732 Warning
DSP input not registered  
DSP instance u_system/u_replay/g_array.u_array/u_array/u_ref/g_row[9].g_col[1].u_pe/u_mul/u_dsp is not fully pipelined on the input side. AREG/BREG/CREG/DREG are not used.
Related violations: <none>

SYNTH-12#733 Warning
DSP input not registered  
DSP instance u_system/u_replay/g_array.u_array/u_array/u_ref/g_row[9].g_col[20].u_pe/u_mul/u_dsp is not fully pipelined on the input side. AREG/BREG/CREG/DREG are not used.
Related violations: <none>

SYNTH-12#734 Warning
DSP input not registered  
DSP instance u_system/u_replay/g_array.u_array/u_array/u_ref/g_row[9].g_col[21].u_pe/u_mul/u_dsp is not fully pipelined on the input side. AREG/BREG/CREG/DREG are not used.
Related violations: <none>

SYNTH-12#735 Warning
DSP input not registered  
DSP instance u_system/u_replay/g_array.u_array/u_array/u_ref/g_row[9].g_col[22].u_pe/u_mul/u_dsp is not fully pipelined on the input side. AREG/BREG/CREG/DREG are not used.
Related violations: <none>

SYNTH-12#736 Warning
DSP input not registered  
DSP instance u_system/u_replay/g_array.u_array/u_array/u_ref/g_row[9].g_col[23].u_pe/u_mul/u_dsp is not fully pipelined on the input side. AREG/BREG/CREG/DREG are not used.
Related violations: <none>

SYNTH-12#737 Warning
DSP input not registered  
DSP instance u_system/u_replay/g_array.u_array/u_array/u_ref/g_row[9].g_col[24].u_pe/u_mul/u_dsp is not fully pipelined on the input side. AREG/BREG/CREG/DREG are not used.
Related violations: <none>

SYNTH-12#738 Warning
DSP input not registered  
DSP instance u_system/u_replay/g_array.u_array/u_array/u_ref/g_row[9].g_col[25].u_pe/u_mul/u_dsp is not fully pipelined on the input side. AREG/BREG/CREG/DREG are not used.
Related violations: <none>

SYNTH-12#739 Warning
DSP input not registered  
DSP instance u_system/u_replay/g_array.u_array/u_array/u_ref/g_row[9].g_col[26].u_pe/u_mul/u_dsp is not fully pipelined on the input side. AREG/BREG/CREG/DREG are not used.
Related violations: <none>

SYNTH-12#740 Warning
DSP input not registered  
DSP instance u_system/u_replay/g_array.u_array/u_array/u_ref/g_row[9].g_col[27].u_pe/u_mul/u_dsp is not fully pipelined on the input side. AREG/BREG/CREG/DREG are not used.
Related violations: <none>

SYNTH-12#741 Warning
DSP input not registered  
DSP instance u_system/u_replay/g_array.u_array/u_array/u_ref/g_row[9].g_col[28].u_pe/u_mul/u_dsp is not fully pipelined on the input side. AREG/BREG/CREG/DREG are not used.
Related violations: <none>

SYNTH-12#742 Warning
DSP input not registered  
DSP instance u_system/u_replay/g_array.u_array/u_array/u_ref/g_row[9].g_col[29].u_pe/u_mul/u_dsp is not fully pipelined on the input side. AREG/BREG/CREG/DREG are not used.
Related violations: <none>

SYNTH-12#743 Warning
DSP input not registered  
DSP instance u_system/u_replay/g_array.u_array/u_array/u_ref/g_row[9].g_col[2].u_pe/u_mul/u_dsp is not fully pipelined on the input side. AREG/BREG/CREG/DREG are not used.
Related violations: <none>

SYNTH-12#744 Warning
DSP input not registered  
DSP instance u_system/u_replay/g_array.u_array/u_array/u_ref/g_row[9].g_col[30].u_pe/u_mul/u_dsp is not fully pipelined on the input side. AREG/BREG/CREG/DREG are not used.
Related violations: <none>

SYNTH-12#745 Warning
DSP input not registered  
DSP instance u_system/u_replay/g_array.u_array/u_array/u_ref/g_row[9].g_col[31].u_pe/u_mul/u_dsp is not fully pipelined on the input side. AREG/BREG/CREG/DREG are not used.
Related violations: <none>

SYNTH-12#746 Warning
DSP input not registered  
DSP instance u_system/u_replay/g_array.u_array/u_array/u_ref/g_row[9].g_col[32].u_pe/u_mul/u_dsp is not fully pipelined on the input side. AREG/BREG/CREG/DREG are not used.
Related violations: <none>

SYNTH-12#747 Warning
DSP input not registered  
DSP instance u_system/u_replay/g_array.u_array/u_array/u_ref/g_row[9].g_col[33].u_pe/u_mul/u_dsp is not fully pipelined on the input side. AREG/BREG/CREG/DREG are not used.
Related violations: <none>

SYNTH-12#748 Warning
DSP input not registered  
DSP instance u_system/u_replay/g_array.u_array/u_array/u_ref/g_row[9].g_col[34].u_pe/u_mul/u_dsp is not fully pipelined on the input side. AREG/BREG/CREG/DREG are not used.
Related violations: <none>

SYNTH-12#749 Warning
DSP input not registered  
DSP instance u_system/u_replay/g_array.u_array/u_array/u_ref/g_row[9].g_col[35].u_pe/u_mul/u_dsp is not fully pipelined on the input side. AREG/BREG/CREG/DREG are not used.
Related violations: <none>

SYNTH-12#750 Warning
DSP input not registered  
DSP instance u_system/u_replay/g_array.u_array/u_array/u_ref/g_row[9].g_col[36].u_pe/u_mul/u_dsp is not fully pipelined on the input side. AREG/BREG/CREG/DREG are not used.
Related violations: <none>

SYNTH-12#751 Warning
DSP input not registered  
DSP instance u_system/u_replay/g_array.u_array/u_array/u_ref/g_row[9].g_col[37].u_pe/u_mul/u_dsp is not fully pipelined on the input side. AREG/BREG/CREG/DREG are not used.
Related violations: <none>

SYNTH-12#752 Warning
DSP input not registered  
DSP instance u_system/u_replay/g_array.u_array/u_array/u_ref/g_row[9].g_col[38].u_pe/u_mul/u_dsp is not fully pipelined on the input side. AREG/BREG/CREG/DREG are not used.
Related violations: <none>

SYNTH-12#753 Warning
DSP input not registered  
DSP instance u_system/u_replay/g_array.u_array/u_array/u_ref/g_row[9].g_col[39].u_pe/u_mul/u_dsp is not fully pipelined on the input side. AREG/BREG/CREG/DREG are not used.
Related violations: <none>

SYNTH-12#754 Warning
DSP input not registered  
DSP instance u_system/u_replay/g_array.u_array/u_array/u_ref/g_row[9].g_col[3].u_pe/u_mul/u_dsp is not fully pipelined on the input side. AREG/BREG/CREG/DREG are not used.
Related violations: <none>

SYNTH-12#755 Warning
DSP input not registered  
DSP instance u_system/u_replay/g_array.u_array/u_array/u_ref/g_row[9].g_col[40].u_pe/u_mul/u_dsp is not fully pipelined on the input side. AREG/BREG/CREG/DREG are not used.
Related violations: <none>

SYNTH-12#756 Warning
DSP input not registered  
DSP instance u_system/u_replay/g_array.u_array/u_array/u_ref/g_row[9].g_col[41].u_pe/u_mul/u_dsp is not fully pipelined on the input side. AREG/BREG/CREG/DREG are not used.
Related violations: <none>

SYNTH-12#757 Warning
DSP input not registered  
DSP instance u_system/u_replay/g_array.u_array/u_array/u_ref/g_row[9].g_col[42].u_pe/u_mul/u_dsp is not fully pipelined on the input side. AREG/BREG/CREG/DREG are not used.
Related violations: <none>

SYNTH-12#758 Warning
DSP input not registered  
DSP instance u_system/u_replay/g_array.u_array/u_array/u_ref/g_row[9].g_col[43].u_pe/u_mul/u_dsp is not fully pipelined on the input side. AREG/BREG/CREG/DREG are not used.
Related violations: <none>

SYNTH-12#759 Warning
DSP input not registered  
DSP instance u_system/u_replay/g_array.u_array/u_array/u_ref/g_row[9].g_col[44].u_pe/u_mul/u_dsp is not fully pipelined on the input side. AREG/BREG/CREG/DREG are not used.
Related violations: <none>

SYNTH-12#760 Warning
DSP input not registered  
DSP instance u_system/u_replay/g_array.u_array/u_array/u_ref/g_row[9].g_col[45].u_pe/u_mul/u_dsp is not fully pipelined on the input side. AREG/BREG/CREG/DREG are not used.
Related violations: <none>

SYNTH-12#761 Warning
DSP input not registered  
DSP instance u_system/u_replay/g_array.u_array/u_array/u_ref/g_row[9].g_col[46].u_pe/u_mul/u_dsp is not fully pipelined on the input side. AREG/BREG/CREG/DREG are not used.
Related violations: <none>

SYNTH-12#762 Warning
DSP input not registered  
DSP instance u_system/u_replay/g_array.u_array/u_array/u_ref/g_row[9].g_col[47].u_pe/u_mul/u_dsp is not fully pipelined on the input side. AREG/BREG/CREG/DREG are not used.
Related violations: <none>

SYNTH-12#763 Warning
DSP input not registered  
DSP instance u_system/u_replay/g_array.u_array/u_array/u_ref/g_row[9].g_col[4].u_pe/u_mul/u_dsp is not fully pipelined on the input side. AREG/BREG/CREG/DREG are not used.
Related violations: <none>

SYNTH-12#764 Warning
DSP input not registered  
DSP instance u_system/u_replay/g_array.u_array/u_array/u_ref/g_row[9].g_col[5].u_pe/u_mul/u_dsp is not fully pipelined on the input side. AREG/BREG/CREG/DREG are not used.
Related violations: <none>

SYNTH-12#765 Warning
DSP input not registered  
DSP instance u_system/u_replay/g_array.u_array/u_array/u_ref/g_row[9].g_col[6].u_pe/u_mul/u_dsp is not fully pipelined on the input side. AREG/BREG/CREG/DREG are not used.
Related violations: <none>

SYNTH-12#766 Warning
DSP input not registered  
DSP instance u_system/u_replay/g_array.u_array/u_array/u_ref/g_row[9].g_col[7].u_pe/u_mul/u_dsp is not fully pipelined on the input side. AREG/BREG/CREG/DREG are not used.
Related violations: <none>

SYNTH-12#767 Warning
DSP input not registered  
DSP instance u_system/u_replay/g_array.u_array/u_array/u_ref/g_row[9].g_col[8].u_pe/u_mul/u_dsp is not fully pipelined on the input side. AREG/BREG/CREG/DREG are not used.
Related violations: <none>

SYNTH-12#768 Warning
DSP input not registered  
DSP instance u_system/u_replay/g_array.u_array/u_array/u_ref/g_row[9].g_col[9].u_pe/u_mul/u_dsp is not fully pipelined on the input side. AREG/BREG/CREG/DREG are not used.
Related violations: <none>

TIMING-18#1 Warning
Missing input or output delay  
An input delay is missing on activation_data[0] relative to clock(s) clk
Related violations: <none>

TIMING-18#2 Warning
Missing input or output delay  
An input delay is missing on activation_data[10] relative to clock(s) clk
Related violations: <none>

TIMING-18#3 Warning
Missing input or output delay  
An input delay is missing on activation_data[11] relative to clock(s) clk
Related violations: <none>

TIMING-18#4 Warning
Missing input or output delay  
An input delay is missing on activation_data[12] relative to clock(s) clk
Related violations: <none>

TIMING-18#5 Warning
Missing input or output delay  
An input delay is missing on activation_data[13] relative to clock(s) clk
Related violations: <none>

TIMING-18#6 Warning
Missing input or output delay  
An input delay is missing on activation_data[14] relative to clock(s) clk
Related violations: <none>

TIMING-18#7 Warning
Missing input or output delay  
An input delay is missing on activation_data[15] relative to clock(s) clk
Related violations: <none>

TIMING-18#8 Warning
Missing input or output delay  
An input delay is missing on activation_data[16] relative to clock(s) clk
Related violations: <none>

TIMING-18#9 Warning
Missing input or output delay  
An input delay is missing on activation_data[17] relative to clock(s) clk
Related violations: <none>

TIMING-18#10 Warning
Missing input or output delay  
An input delay is missing on activation_data[18] relative to clock(s) clk
Related violations: <none>

TIMING-18#11 Warning
Missing input or output delay  
An input delay is missing on activation_data[19] relative to clock(s) clk
Related violations: <none>

TIMING-18#12 Warning
Missing input or output delay  
An input delay is missing on activation_data[1] relative to clock(s) clk
Related violations: <none>

TIMING-18#13 Warning
Missing input or output delay  
An input delay is missing on activation_data[20] relative to clock(s) clk
Related violations: <none>

TIMING-18#14 Warning
Missing input or output delay  
An input delay is missing on activation_data[21] relative to clock(s) clk
Related violations: <none>

TIMING-18#15 Warning
Missing input or output delay  
An input delay is missing on activation_data[22] relative to clock(s) clk
Related violations: <none>

TIMING-18#16 Warning
Missing input or output delay  
An input delay is missing on activation_data[23] relative to clock(s) clk
Related violations: <none>

TIMING-18#17 Warning
Missing input or output delay  
An input delay is missing on activation_data[24] relative to clock(s) clk
Related violations: <none>

TIMING-18#18 Warning
Missing input or output delay  
An input delay is missing on activation_data[25] relative to clock(s) clk
Related violations: <none>

TIMING-18#19 Warning
Missing input or output delay  
An input delay is missing on activation_data[26] relative to clock(s) clk
Related violations: <none>

TIMING-18#20 Warning
Missing input or output delay  
An input delay is missing on activation_data[27] relative to clock(s) clk
Related violations: <none>

TIMING-18#21 Warning
Missing input or output delay  
An input delay is missing on activation_data[28] relative to clock(s) clk
Related violations: <none>

TIMING-18#22 Warning
Missing input or output delay  
An input delay is missing on activation_data[29] relative to clock(s) clk
Related violations: <none>

TIMING-18#23 Warning
Missing input or output delay  
An input delay is missing on activation_data[2] relative to clock(s) clk
Related violations: <none>

TIMING-18#24 Warning
Missing input or output delay  
An input delay is missing on activation_data[30] relative to clock(s) clk
Related violations: <none>

TIMING-18#25 Warning
Missing input or output delay  
An input delay is missing on activation_data[31] relative to clock(s) clk
Related violations: <none>

TIMING-18#26 Warning
Missing input or output delay  
An input delay is missing on activation_data[32] relative to clock(s) clk
Related violations: <none>

TIMING-18#27 Warning
Missing input or output delay  
An input delay is missing on activation_data[33] relative to clock(s) clk
Related violations: <none>

TIMING-18#28 Warning
Missing input or output delay  
An input delay is missing on activation_data[34] relative to clock(s) clk
Related violations: <none>

TIMING-18#29 Warning
Missing input or output delay  
An input delay is missing on activation_data[35] relative to clock(s) clk
Related violations: <none>

TIMING-18#30 Warning
Missing input or output delay  
An input delay is missing on activation_data[36] relative to clock(s) clk
Related violations: <none>

TIMING-18#31 Warning
Missing input or output delay  
An input delay is missing on activation_data[37] relative to clock(s) clk
Related violations: <none>

TIMING-18#32 Warning
Missing input or output delay  
An input delay is missing on activation_data[38] relative to clock(s) clk
Related violations: <none>

TIMING-18#33 Warning
Missing input or output delay  
An input delay is missing on activation_data[39] relative to clock(s) clk
Related violations: <none>

TIMING-18#34 Warning
Missing input or output delay  
An input delay is missing on activation_data[3] relative to clock(s) clk
Related violations: <none>

TIMING-18#35 Warning
Missing input or output delay  
An input delay is missing on activation_data[40] relative to clock(s) clk
Related violations: <none>

TIMING-18#36 Warning
Missing input or output delay  
An input delay is missing on activation_data[41] relative to clock(s) clk
Related violations: <none>

TIMING-18#37 Warning
Missing input or output delay  
An input delay is missing on activation_data[42] relative to clock(s) clk
Related violations: <none>

TIMING-18#38 Warning
Missing input or output delay  
An input delay is missing on activation_data[43] relative to clock(s) clk
Related violations: <none>

TIMING-18#39 Warning
Missing input or output delay  
An input delay is missing on activation_data[44] relative to clock(s) clk
Related violations: <none>

TIMING-18#40 Warning
Missing input or output delay  
An input delay is missing on activation_data[45] relative to clock(s) clk
Related violations: <none>

TIMING-18#41 Warning
Missing input or output delay  
An input delay is missing on activation_data[46] relative to clock(s) clk
Related violations: <none>

TIMING-18#42 Warning
Missing input or output delay  
An input delay is missing on activation_data[47] relative to clock(s) clk
Related violations: <none>

TIMING-18#43 Warning
Missing input or output delay  
An input delay is missing on activation_data[48] relative to clock(s) clk
Related violations: <none>

TIMING-18#44 Warning
Missing input or output delay  
An input delay is missing on activation_data[49] relative to clock(s) clk
Related violations: <none>

TIMING-18#45 Warning
Missing input or output delay  
An input delay is missing on activation_data[4] relative to clock(s) clk
Related violations: <none>

TIMING-18#46 Warning
Missing input or output delay  
An input delay is missing on activation_data[50] relative to clock(s) clk
Related violations: <none>

TIMING-18#47 Warning
Missing input or output delay  
An input delay is missing on activation_data[51] relative to clock(s) clk
Related violations: <none>

TIMING-18#48 Warning
Missing input or output delay  
An input delay is missing on activation_data[52] relative to clock(s) clk
Related violations: <none>

TIMING-18#49 Warning
Missing input or output delay  
An input delay is missing on activation_data[53] relative to clock(s) clk
Related violations: <none>

TIMING-18#50 Warning
Missing input or output delay  
An input delay is missing on activation_data[54] relative to clock(s) clk
Related violations: <none>

TIMING-18#51 Warning
Missing input or output delay  
An input delay is missing on activation_data[55] relative to clock(s) clk
Related violations: <none>

TIMING-18#52 Warning
Missing input or output delay  
An input delay is missing on activation_data[56] relative to clock(s) clk
Related violations: <none>

TIMING-18#53 Warning
Missing input or output delay  
An input delay is missing on activation_data[57] relative to clock(s) clk
Related violations: <none>

TIMING-18#54 Warning
Missing input or output delay  
An input delay is missing on activation_data[58] relative to clock(s) clk
Related violations: <none>

TIMING-18#55 Warning
Missing input or output delay  
An input delay is missing on activation_data[59] relative to clock(s) clk
Related violations: <none>

TIMING-18#56 Warning
Missing input or output delay  
An input delay is missing on activation_data[5] relative to clock(s) clk
Related violations: <none>

TIMING-18#57 Warning
Missing input or output delay  
An input delay is missing on activation_data[60] relative to clock(s) clk
Related violations: <none>

TIMING-18#58 Warning
Missing input or output delay  
An input delay is missing on activation_data[61] relative to clock(s) clk
Related violations: <none>

TIMING-18#59 Warning
Missing input or output delay  
An input delay is missing on activation_data[62] relative to clock(s) clk
Related violations: <none>

TIMING-18#60 Warning
Missing input or output delay  
An input delay is missing on activation_data[63] relative to clock(s) clk
Related violations: <none>

TIMING-18#61 Warning
Missing input or output delay  
An input delay is missing on activation_data[6] relative to clock(s) clk
Related violations: <none>

TIMING-18#62 Warning
Missing input or output delay  
An input delay is missing on activation_data[7] relative to clock(s) clk
Related violations: <none>

TIMING-18#63 Warning
Missing input or output delay  
An input delay is missing on activation_data[8] relative to clock(s) clk
Related violations: <none>

TIMING-18#64 Warning
Missing input or output delay  
An input delay is missing on activation_data[9] relative to clock(s) clk
Related violations: <none>

TIMING-18#65 Warning
Missing input or output delay  
An input delay is missing on activation_valid relative to clock(s) clk
Related violations: <none>

TIMING-18#66 Warning
Missing input or output delay  
An input delay is missing on cmd_valid relative to clock(s) clk
Related violations: <none>

TIMING-18#67 Warning
Missing input or output delay  
An input delay is missing on cmd_word[0] relative to clock(s) clk
Related violations: <none>

TIMING-18#68 Warning
Missing input or output delay  
An input delay is missing on cmd_word[10] relative to clock(s) clk
Related violations: <none>

TIMING-18#69 Warning
Missing input or output delay  
An input delay is missing on cmd_word[11] relative to clock(s) clk
Related violations: <none>

TIMING-18#70 Warning
Missing input or output delay  
An input delay is missing on cmd_word[12] relative to clock(s) clk
Related violations: <none>

TIMING-18#71 Warning
Missing input or output delay  
An input delay is missing on cmd_word[13] relative to clock(s) clk
Related violations: <none>

TIMING-18#72 Warning
Missing input or output delay  
An input delay is missing on cmd_word[14] relative to clock(s) clk
Related violations: <none>

TIMING-18#73 Warning
Missing input or output delay  
An input delay is missing on cmd_word[15] relative to clock(s) clk
Related violations: <none>

TIMING-18#74 Warning
Missing input or output delay  
An input delay is missing on cmd_word[16] relative to clock(s) clk
Related violations: <none>

TIMING-18#75 Warning
Missing input or output delay  
An input delay is missing on cmd_word[17] relative to clock(s) clk
Related violations: <none>

TIMING-18#76 Warning
Missing input or output delay  
An input delay is missing on cmd_word[18] relative to clock(s) clk
Related violations: <none>

TIMING-18#77 Warning
Missing input or output delay  
An input delay is missing on cmd_word[19] relative to clock(s) clk
Related violations: <none>

TIMING-18#78 Warning
Missing input or output delay  
An input delay is missing on cmd_word[1] relative to clock(s) clk
Related violations: <none>

TIMING-18#79 Warning
Missing input or output delay  
An input delay is missing on cmd_word[20] relative to clock(s) clk
Related violations: <none>

TIMING-18#80 Warning
Missing input or output delay  
An input delay is missing on cmd_word[21] relative to clock(s) clk
Related violations: <none>

TIMING-18#81 Warning
Missing input or output delay  
An input delay is missing on cmd_word[22] relative to clock(s) clk
Related violations: <none>

TIMING-18#82 Warning
Missing input or output delay  
An input delay is missing on cmd_word[23] relative to clock(s) clk
Related violations: <none>

TIMING-18#83 Warning
Missing input or output delay  
An input delay is missing on cmd_word[24] relative to clock(s) clk
Related violations: <none>

TIMING-18#84 Warning
Missing input or output delay  
An input delay is missing on cmd_word[25] relative to clock(s) clk
Related violations: <none>

TIMING-18#85 Warning
Missing input or output delay  
An input delay is missing on cmd_word[26] relative to clock(s) clk
Related violations: <none>

TIMING-18#86 Warning
Missing input or output delay  
An input delay is missing on cmd_word[27] relative to clock(s) clk
Related violations: <none>

TIMING-18#87 Warning
Missing input or output delay  
An input delay is missing on cmd_word[28] relative to clock(s) clk
Related violations: <none>

TIMING-18#88 Warning
Missing input or output delay  
An input delay is missing on cmd_word[29] relative to clock(s) clk
Related violations: <none>

TIMING-18#89 Warning
Missing input or output delay  
An input delay is missing on cmd_word[2] relative to clock(s) clk
Related violations: <none>

TIMING-18#90 Warning
Missing input or output delay  
An input delay is missing on cmd_word[30] relative to clock(s) clk
Related violations: <none>

TIMING-18#91 Warning
Missing input or output delay  
An input delay is missing on cmd_word[31] relative to clock(s) clk
Related violations: <none>

TIMING-18#92 Warning
Missing input or output delay  
An input delay is missing on cmd_word[32] relative to clock(s) clk
Related violations: <none>

TIMING-18#93 Warning
Missing input or output delay  
An input delay is missing on cmd_word[33] relative to clock(s) clk
Related violations: <none>

TIMING-18#94 Warning
Missing input or output delay  
An input delay is missing on cmd_word[34] relative to clock(s) clk
Related violations: <none>

TIMING-18#95 Warning
Missing input or output delay  
An input delay is missing on cmd_word[35] relative to clock(s) clk
Related violations: <none>

TIMING-18#96 Warning
Missing input or output delay  
An input delay is missing on cmd_word[36] relative to clock(s) clk
Related violations: <none>

TIMING-18#97 Warning
Missing input or output delay  
An input delay is missing on cmd_word[37] relative to clock(s) clk
Related violations: <none>

TIMING-18#98 Warning
Missing input or output delay  
An input delay is missing on cmd_word[38] relative to clock(s) clk
Related violations: <none>

TIMING-18#99 Warning
Missing input or output delay  
An input delay is missing on cmd_word[39] relative to clock(s) clk
Related violations: <none>

TIMING-18#100 Warning
Missing input or output delay  
An input delay is missing on cmd_word[3] relative to clock(s) clk
Related violations: <none>

TIMING-18#101 Warning
Missing input or output delay  
An input delay is missing on cmd_word[40] relative to clock(s) clk
Related violations: <none>

TIMING-18#102 Warning
Missing input or output delay  
An input delay is missing on cmd_word[41] relative to clock(s) clk
Related violations: <none>

TIMING-18#103 Warning
Missing input or output delay  
An input delay is missing on cmd_word[42] relative to clock(s) clk
Related violations: <none>

TIMING-18#104 Warning
Missing input or output delay  
An input delay is missing on cmd_word[43] relative to clock(s) clk
Related violations: <none>

TIMING-18#105 Warning
Missing input or output delay  
An input delay is missing on cmd_word[44] relative to clock(s) clk
Related violations: <none>

TIMING-18#106 Warning
Missing input or output delay  
An input delay is missing on cmd_word[45] relative to clock(s) clk
Related violations: <none>

TIMING-18#107 Warning
Missing input or output delay  
An input delay is missing on cmd_word[46] relative to clock(s) clk
Related violations: <none>

TIMING-18#108 Warning
Missing input or output delay  
An input delay is missing on cmd_word[47] relative to clock(s) clk
Related violations: <none>

TIMING-18#109 Warning
Missing input or output delay  
An input delay is missing on cmd_word[48] relative to clock(s) clk
Related violations: <none>

TIMING-18#110 Warning
Missing input or output delay  
An input delay is missing on cmd_word[49] relative to clock(s) clk
Related violations: <none>

TIMING-18#111 Warning
Missing input or output delay  
An input delay is missing on cmd_word[4] relative to clock(s) clk
Related violations: <none>

TIMING-18#112 Warning
Missing input or output delay  
An input delay is missing on cmd_word[50] relative to clock(s) clk
Related violations: <none>

TIMING-18#113 Warning
Missing input or output delay  
An input delay is missing on cmd_word[51] relative to clock(s) clk
Related violations: <none>

TIMING-18#114 Warning
Missing input or output delay  
An input delay is missing on cmd_word[52] relative to clock(s) clk
Related violations: <none>

TIMING-18#115 Warning
Missing input or output delay  
An input delay is missing on cmd_word[53] relative to clock(s) clk
Related violations: <none>

TIMING-18#116 Warning
Missing input or output delay  
An input delay is missing on cmd_word[54] relative to clock(s) clk
Related violations: <none>

TIMING-18#117 Warning
Missing input or output delay  
An input delay is missing on cmd_word[55] relative to clock(s) clk
Related violations: <none>

TIMING-18#118 Warning
Missing input or output delay  
An input delay is missing on cmd_word[56] relative to clock(s) clk
Related violations: <none>

TIMING-18#119 Warning
Missing input or output delay  
An input delay is missing on cmd_word[57] relative to clock(s) clk
Related violations: <none>

TIMING-18#120 Warning
Missing input or output delay  
An input delay is missing on cmd_word[58] relative to clock(s) clk
Related violations: <none>

TIMING-18#121 Warning
Missing input or output delay  
An input delay is missing on cmd_word[59] relative to clock(s) clk
Related violations: <none>

TIMING-18#122 Warning
Missing input or output delay  
An input delay is missing on cmd_word[5] relative to clock(s) clk
Related violations: <none>

TIMING-18#123 Warning
Missing input or output delay  
An input delay is missing on cmd_word[60] relative to clock(s) clk
Related violations: <none>

TIMING-18#124 Warning
Missing input or output delay  
An input delay is missing on cmd_word[61] relative to clock(s) clk
Related violations: <none>

TIMING-18#125 Warning
Missing input or output delay  
An input delay is missing on cmd_word[62] relative to clock(s) clk
Related violations: <none>

TIMING-18#126 Warning
Missing input or output delay  
An input delay is missing on cmd_word[63] relative to clock(s) clk
Related violations: <none>

TIMING-18#127 Warning
Missing input or output delay  
An input delay is missing on cmd_word[6] relative to clock(s) clk
Related violations: <none>

TIMING-18#128 Warning
Missing input or output delay  
An input delay is missing on cmd_word[7] relative to clock(s) clk
Related violations: <none>

TIMING-18#129 Warning
Missing input or output delay  
An input delay is missing on cmd_word[8] relative to clock(s) clk
Related violations: <none>

TIMING-18#130 Warning
Missing input or output delay  
An input delay is missing on cmd_word[9] relative to clock(s) clk
Related violations: <none>

TIMING-18#131 Warning
Missing input or output delay  
An input delay is missing on desc_data[0] relative to clock(s) clk
Related violations: <none>

TIMING-18#132 Warning
Missing input or output delay  
An input delay is missing on desc_data[10] relative to clock(s) clk
Related violations: <none>

TIMING-18#133 Warning
Missing input or output delay  
An input delay is missing on desc_data[11] relative to clock(s) clk
Related violations: <none>

TIMING-18#134 Warning
Missing input or output delay  
An input delay is missing on desc_data[12] relative to clock(s) clk
Related violations: <none>

TIMING-18#135 Warning
Missing input or output delay  
An input delay is missing on desc_data[13] relative to clock(s) clk
Related violations: <none>

TIMING-18#136 Warning
Missing input or output delay  
An input delay is missing on desc_data[14] relative to clock(s) clk
Related violations: <none>

TIMING-18#137 Warning
Missing input or output delay  
An input delay is missing on desc_data[15] relative to clock(s) clk
Related violations: <none>

TIMING-18#138 Warning
Missing input or output delay  
An input delay is missing on desc_data[1] relative to clock(s) clk
Related violations: <none>

TIMING-18#139 Warning
Missing input or output delay  
An input delay is missing on desc_data[2] relative to clock(s) clk
Related violations: <none>

TIMING-18#140 Warning
Missing input or output delay  
An input delay is missing on desc_data[3] relative to clock(s) clk
Related violations: <none>

TIMING-18#141 Warning
Missing input or output delay  
An input delay is missing on desc_data[4] relative to clock(s) clk
Related violations: <none>

TIMING-18#142 Warning
Missing input or output delay  
An input delay is missing on desc_data[5] relative to clock(s) clk
Related violations: <none>

TIMING-18#143 Warning
Missing input or output delay  
An input delay is missing on desc_data[6] relative to clock(s) clk
Related violations: <none>

TIMING-18#144 Warning
Missing input or output delay  
An input delay is missing on desc_data[7] relative to clock(s) clk
Related violations: <none>

TIMING-18#145 Warning
Missing input or output delay  
An input delay is missing on desc_data[8] relative to clock(s) clk
Related violations: <none>

TIMING-18#146 Warning
Missing input or output delay  
An input delay is missing on desc_data[9] relative to clock(s) clk
Related violations: <none>

TIMING-18#147 Warning
Missing input or output delay  
An input delay is missing on desc_valid relative to clock(s) clk
Related violations: <none>

TIMING-18#148 Warning
Missing input or output delay  
An input delay is missing on drain_row[0] relative to clock(s) clk
Related violations: <none>

TIMING-18#149 Warning
Missing input or output delay  
An input delay is missing on drain_row[1] relative to clock(s) clk
Related violations: <none>

TIMING-18#150 Warning
Missing input or output delay  
An input delay is missing on drain_row[2] relative to clock(s) clk
Related violations: <none>

TIMING-18#151 Warning
Missing input or output delay  
An input delay is missing on drain_row[3] relative to clock(s) clk
Related violations: <none>

TIMING-18#152 Warning
Missing input or output delay  
An input delay is missing on feed_pulse relative to clock(s) clk
Related violations: <none>

TIMING-18#153 Warning
Missing input or output delay  
An input delay is missing on output_ready relative to clock(s) clk
Related violations: <none>

TIMING-18#154 Warning
Missing input or output delay  
An input delay is missing on rst_n relative to clock(s) clk
Related violations: <none>

TIMING-18#155 Warning
Missing input or output delay  
An input delay is missing on weight_data[0] relative to clock(s) clk
Related violations: <none>

TIMING-18#156 Warning
Missing input or output delay  
An input delay is missing on weight_data[10] relative to clock(s) clk
Related violations: <none>

TIMING-18#157 Warning
Missing input or output delay  
An input delay is missing on weight_data[11] relative to clock(s) clk
Related violations: <none>

TIMING-18#158 Warning
Missing input or output delay  
An input delay is missing on weight_data[12] relative to clock(s) clk
Related violations: <none>

TIMING-18#159 Warning
Missing input or output delay  
An input delay is missing on weight_data[13] relative to clock(s) clk
Related violations: <none>

TIMING-18#160 Warning
Missing input or output delay  
An input delay is missing on weight_data[14] relative to clock(s) clk
Related violations: <none>

TIMING-18#161 Warning
Missing input or output delay  
An input delay is missing on weight_data[15] relative to clock(s) clk
Related violations: <none>

TIMING-18#162 Warning
Missing input or output delay  
An input delay is missing on weight_data[16] relative to clock(s) clk
Related violations: <none>

TIMING-18#163 Warning
Missing input or output delay  
An input delay is missing on weight_data[17] relative to clock(s) clk
Related violations: <none>

TIMING-18#164 Warning
Missing input or output delay  
An input delay is missing on weight_data[18] relative to clock(s) clk
Related violations: <none>

TIMING-18#165 Warning
Missing input or output delay  
An input delay is missing on weight_data[19] relative to clock(s) clk
Related violations: <none>

TIMING-18#166 Warning
Missing input or output delay  
An input delay is missing on weight_data[1] relative to clock(s) clk
Related violations: <none>

TIMING-18#167 Warning
Missing input or output delay  
An input delay is missing on weight_data[20] relative to clock(s) clk
Related violations: <none>

TIMING-18#168 Warning
Missing input or output delay  
An input delay is missing on weight_data[21] relative to clock(s) clk
Related violations: <none>

TIMING-18#169 Warning
Missing input or output delay  
An input delay is missing on weight_data[22] relative to clock(s) clk
Related violations: <none>

TIMING-18#170 Warning
Missing input or output delay  
An input delay is missing on weight_data[23] relative to clock(s) clk
Related violations: <none>

TIMING-18#171 Warning
Missing input or output delay  
An input delay is missing on weight_data[24] relative to clock(s) clk
Related violations: <none>

TIMING-18#172 Warning
Missing input or output delay  
An input delay is missing on weight_data[25] relative to clock(s) clk
Related violations: <none>

TIMING-18#173 Warning
Missing input or output delay  
An input delay is missing on weight_data[26] relative to clock(s) clk
Related violations: <none>

TIMING-18#174 Warning
Missing input or output delay  
An input delay is missing on weight_data[27] relative to clock(s) clk
Related violations: <none>

TIMING-18#175 Warning
Missing input or output delay  
An input delay is missing on weight_data[28] relative to clock(s) clk
Related violations: <none>

TIMING-18#176 Warning
Missing input or output delay  
An input delay is missing on weight_data[29] relative to clock(s) clk
Related violations: <none>

TIMING-18#177 Warning
Missing input or output delay  
An input delay is missing on weight_data[2] relative to clock(s) clk
Related violations: <none>

TIMING-18#178 Warning
Missing input or output delay  
An input delay is missing on weight_data[30] relative to clock(s) clk
Related violations: <none>

TIMING-18#179 Warning
Missing input or output delay  
An input delay is missing on weight_data[31] relative to clock(s) clk
Related violations: <none>

TIMING-18#180 Warning
Missing input or output delay  
An input delay is missing on weight_data[32] relative to clock(s) clk
Related violations: <none>

TIMING-18#181 Warning
Missing input or output delay  
An input delay is missing on weight_data[33] relative to clock(s) clk
Related violations: <none>

TIMING-18#182 Warning
Missing input or output delay  
An input delay is missing on weight_data[34] relative to clock(s) clk
Related violations: <none>

TIMING-18#183 Warning
Missing input or output delay  
An input delay is missing on weight_data[35] relative to clock(s) clk
Related violations: <none>

TIMING-18#184 Warning
Missing input or output delay  
An input delay is missing on weight_data[36] relative to clock(s) clk
Related violations: <none>

TIMING-18#185 Warning
Missing input or output delay  
An input delay is missing on weight_data[37] relative to clock(s) clk
Related violations: <none>

TIMING-18#186 Warning
Missing input or output delay  
An input delay is missing on weight_data[38] relative to clock(s) clk
Related violations: <none>

TIMING-18#187 Warning
Missing input or output delay  
An input delay is missing on weight_data[39] relative to clock(s) clk
Related violations: <none>

TIMING-18#188 Warning
Missing input or output delay  
An input delay is missing on weight_data[3] relative to clock(s) clk
Related violations: <none>

TIMING-18#189 Warning
Missing input or output delay  
An input delay is missing on weight_data[40] relative to clock(s) clk
Related violations: <none>

TIMING-18#190 Warning
Missing input or output delay  
An input delay is missing on weight_data[41] relative to clock(s) clk
Related violations: <none>

TIMING-18#191 Warning
Missing input or output delay  
An input delay is missing on weight_data[42] relative to clock(s) clk
Related violations: <none>

TIMING-18#192 Warning
Missing input or output delay  
An input delay is missing on weight_data[43] relative to clock(s) clk
Related violations: <none>

TIMING-18#193 Warning
Missing input or output delay  
An input delay is missing on weight_data[44] relative to clock(s) clk
Related violations: <none>

TIMING-18#194 Warning
Missing input or output delay  
An input delay is missing on weight_data[45] relative to clock(s) clk
Related violations: <none>

TIMING-18#195 Warning
Missing input or output delay  
An input delay is missing on weight_data[46] relative to clock(s) clk
Related violations: <none>

TIMING-18#196 Warning
Missing input or output delay  
An input delay is missing on weight_data[47] relative to clock(s) clk
Related violations: <none>

TIMING-18#197 Warning
Missing input or output delay  
An input delay is missing on weight_data[48] relative to clock(s) clk
Related violations: <none>

TIMING-18#198 Warning
Missing input or output delay  
An input delay is missing on weight_data[49] relative to clock(s) clk
Related violations: <none>

TIMING-18#199 Warning
Missing input or output delay  
An input delay is missing on weight_data[4] relative to clock(s) clk
Related violations: <none>

TIMING-18#200 Warning
Missing input or output delay  
An input delay is missing on weight_data[50] relative to clock(s) clk
Related violations: <none>

TIMING-18#201 Warning
Missing input or output delay  
An input delay is missing on weight_data[51] relative to clock(s) clk
Related violations: <none>

TIMING-18#202 Warning
Missing input or output delay  
An input delay is missing on weight_data[52] relative to clock(s) clk
Related violations: <none>

TIMING-18#203 Warning
Missing input or output delay  
An input delay is missing on weight_data[53] relative to clock(s) clk
Related violations: <none>

TIMING-18#204 Warning
Missing input or output delay  
An input delay is missing on weight_data[54] relative to clock(s) clk
Related violations: <none>

TIMING-18#205 Warning
Missing input or output delay  
An input delay is missing on weight_data[55] relative to clock(s) clk
Related violations: <none>

TIMING-18#206 Warning
Missing input or output delay  
An input delay is missing on weight_data[56] relative to clock(s) clk
Related violations: <none>

TIMING-18#207 Warning
Missing input or output delay  
An input delay is missing on weight_data[57] relative to clock(s) clk
Related violations: <none>

TIMING-18#208 Warning
Missing input or output delay  
An input delay is missing on weight_data[58] relative to clock(s) clk
Related violations: <none>

TIMING-18#209 Warning
Missing input or output delay  
An input delay is missing on weight_data[59] relative to clock(s) clk
Related violations: <none>

TIMING-18#210 Warning
Missing input or output delay  
An input delay is missing on weight_data[5] relative to clock(s) clk
Related violations: <none>

TIMING-18#211 Warning
Missing input or output delay  
An input delay is missing on weight_data[60] relative to clock(s) clk
Related violations: <none>

TIMING-18#212 Warning
Missing input or output delay  
An input delay is missing on weight_data[61] relative to clock(s) clk
Related violations: <none>

TIMING-18#213 Warning
Missing input or output delay  
An input delay is missing on weight_data[62] relative to clock(s) clk
Related violations: <none>

TIMING-18#214 Warning
Missing input or output delay  
An input delay is missing on weight_data[63] relative to clock(s) clk
Related violations: <none>

TIMING-18#215 Warning
Missing input or output delay  
An input delay is missing on weight_data[6] relative to clock(s) clk
Related violations: <none>

TIMING-18#216 Warning
Missing input or output delay  
An input delay is missing on weight_data[7] relative to clock(s) clk
Related violations: <none>

TIMING-18#217 Warning
Missing input or output delay  
An input delay is missing on weight_data[8] relative to clock(s) clk
Related violations: <none>

TIMING-18#218 Warning
Missing input or output delay  
An input delay is missing on weight_data[9] relative to clock(s) clk
Related violations: <none>

TIMING-18#219 Warning
Missing input or output delay  
An input delay is missing on weight_valid relative to clock(s) clk
Related violations: <none>

TIMING-18#220 Warning
Missing input or output delay  
An output delay is missing on activation_ready relative to clock(s) clk
Related violations: <none>

TIMING-18#221 Warning
Missing input or output delay  
An output delay is missing on activity_optimization_hits[0] relative to clock(s) clk
Related violations: <none>

TIMING-18#222 Warning
Missing input or output delay  
An output delay is missing on activity_optimization_hits[10] relative to clock(s) clk
Related violations: <none>

TIMING-18#223 Warning
Missing input or output delay  
An output delay is missing on activity_optimization_hits[11] relative to clock(s) clk
Related violations: <none>

TIMING-18#224 Warning
Missing input or output delay  
An output delay is missing on activity_optimization_hits[12] relative to clock(s) clk
Related violations: <none>

TIMING-18#225 Warning
Missing input or output delay  
An output delay is missing on activity_optimization_hits[13] relative to clock(s) clk
Related violations: <none>

TIMING-18#226 Warning
Missing input or output delay  
An output delay is missing on activity_optimization_hits[14] relative to clock(s) clk
Related violations: <none>

TIMING-18#227 Warning
Missing input or output delay  
An output delay is missing on activity_optimization_hits[15] relative to clock(s) clk
Related violations: <none>

TIMING-18#228 Warning
Missing input or output delay  
An output delay is missing on activity_optimization_hits[1] relative to clock(s) clk
Related violations: <none>

TIMING-18#229 Warning
Missing input or output delay  
An output delay is missing on activity_optimization_hits[2] relative to clock(s) clk
Related violations: <none>

TIMING-18#230 Warning
Missing input or output delay  
An output delay is missing on activity_optimization_hits[3] relative to clock(s) clk
Related violations: <none>

TIMING-18#231 Warning
Missing input or output delay  
An output delay is missing on activity_optimization_hits[4] relative to clock(s) clk
Related violations: <none>

TIMING-18#232 Warning
Missing input or output delay  
An output delay is missing on activity_optimization_hits[5] relative to clock(s) clk
Related violations: <none>

TIMING-18#233 Warning
Missing input or output delay  
An output delay is missing on activity_optimization_hits[6] relative to clock(s) clk
Related violations: <none>

TIMING-18#234 Warning
Missing input or output delay  
An output delay is missing on activity_optimization_hits[7] relative to clock(s) clk
Related violations: <none>

TIMING-18#235 Warning
Missing input or output delay  
An output delay is missing on activity_optimization_hits[8] relative to clock(s) clk
Related violations: <none>

TIMING-18#236 Warning
Missing input or output delay  
An output delay is missing on activity_optimization_hits[9] relative to clock(s) clk
Related violations: <none>

TIMING-18#237 Warning
Missing input or output delay  
An output delay is missing on activity_output_bytes[0] relative to clock(s) clk
Related violations: <none>

TIMING-18#238 Warning
Missing input or output delay  
An output delay is missing on activity_output_bytes[10] relative to clock(s) clk
Related violations: <none>

TIMING-18#239 Warning
Missing input or output delay  
An output delay is missing on activity_output_bytes[11] relative to clock(s) clk
Related violations: <none>

TIMING-18#240 Warning
Missing input or output delay  
An output delay is missing on activity_output_bytes[12] relative to clock(s) clk
Related violations: <none>

TIMING-18#241 Warning
Missing input or output delay  
An output delay is missing on activity_output_bytes[13] relative to clock(s) clk
Related violations: <none>

TIMING-18#242 Warning
Missing input or output delay  
An output delay is missing on activity_output_bytes[14] relative to clock(s) clk
Related violations: <none>

TIMING-18#243 Warning
Missing input or output delay  
An output delay is missing on activity_output_bytes[15] relative to clock(s) clk
Related violations: <none>

TIMING-18#244 Warning
Missing input or output delay  
An output delay is missing on activity_output_bytes[1] relative to clock(s) clk
Related violations: <none>

TIMING-18#245 Warning
Missing input or output delay  
An output delay is missing on activity_output_bytes[2] relative to clock(s) clk
Related violations: <none>

TIMING-18#246 Warning
Missing input or output delay  
An output delay is missing on activity_output_bytes[3] relative to clock(s) clk
Related violations: <none>

TIMING-18#247 Warning
Missing input or output delay  
An output delay is missing on activity_output_bytes[4] relative to clock(s) clk
Related violations: <none>

TIMING-18#248 Warning
Missing input or output delay  
An output delay is missing on activity_output_bytes[5] relative to clock(s) clk
Related violations: <none>

TIMING-18#249 Warning
Missing input or output delay  
An output delay is missing on activity_output_bytes[6] relative to clock(s) clk
Related violations: <none>

TIMING-18#250 Warning
Missing input or output delay  
An output delay is missing on activity_output_bytes[7] relative to clock(s) clk
Related violations: <none>

TIMING-18#251 Warning
Missing input or output delay  
An output delay is missing on activity_output_bytes[8] relative to clock(s) clk
Related violations: <none>

TIMING-18#252 Warning
Missing input or output delay  
An output delay is missing on activity_output_bytes[9] relative to clock(s) clk
Related violations: <none>

TIMING-18#253 Warning
Missing input or output delay  
An output delay is missing on activity_queue_max_occupancy[0] relative to clock(s) clk
Related violations: <none>

TIMING-18#254 Warning
Missing input or output delay  
An output delay is missing on activity_queue_max_occupancy[10] relative to clock(s) clk
Related violations: <none>

TIMING-18#255 Warning
Missing input or output delay  
An output delay is missing on activity_queue_max_occupancy[11] relative to clock(s) clk
Related violations: <none>

TIMING-18#256 Warning
Missing input or output delay  
An output delay is missing on activity_queue_max_occupancy[12] relative to clock(s) clk
Related violations: <none>

TIMING-18#257 Warning
Missing input or output delay  
An output delay is missing on activity_queue_max_occupancy[13] relative to clock(s) clk
Related violations: <none>

TIMING-18#258 Warning
Missing input or output delay  
An output delay is missing on activity_queue_max_occupancy[14] relative to clock(s) clk
Related violations: <none>

TIMING-18#259 Warning
Missing input or output delay  
An output delay is missing on activity_queue_max_occupancy[15] relative to clock(s) clk
Related violations: <none>

TIMING-18#260 Warning
Missing input or output delay  
An output delay is missing on activity_queue_max_occupancy[1] relative to clock(s) clk
Related violations: <none>

TIMING-18#261 Warning
Missing input or output delay  
An output delay is missing on activity_queue_max_occupancy[2] relative to clock(s) clk
Related violations: <none>

TIMING-18#262 Warning
Missing input or output delay  
An output delay is missing on activity_queue_max_occupancy[3] relative to clock(s) clk
Related violations: <none>

TIMING-18#263 Warning
Missing input or output delay  
An output delay is missing on activity_queue_max_occupancy[4] relative to clock(s) clk
Related violations: <none>

TIMING-18#264 Warning
Missing input or output delay  
An output delay is missing on activity_queue_max_occupancy[5] relative to clock(s) clk
Related violations: <none>

TIMING-18#265 Warning
Missing input or output delay  
An output delay is missing on activity_queue_max_occupancy[6] relative to clock(s) clk
Related violations: <none>

TIMING-18#266 Warning
Missing input or output delay  
An output delay is missing on activity_queue_max_occupancy[7] relative to clock(s) clk
Related violations: <none>

TIMING-18#267 Warning
Missing input or output delay  
An output delay is missing on activity_queue_max_occupancy[8] relative to clock(s) clk
Related violations: <none>

TIMING-18#268 Warning
Missing input or output delay  
An output delay is missing on activity_queue_max_occupancy[9] relative to clock(s) clk
Related violations: <none>

TIMING-18#269 Warning
Missing input or output delay  
An output delay is missing on activity_snapshot[0] relative to clock(s) clk
Related violations: <none>

TIMING-18#270 Warning
Missing input or output delay  
An output delay is missing on activity_snapshot[10] relative to clock(s) clk
Related violations: <none>

TIMING-18#271 Warning
Missing input or output delay  
An output delay is missing on activity_snapshot[11] relative to clock(s) clk
Related violations: <none>

TIMING-18#272 Warning
Missing input or output delay  
An output delay is missing on activity_snapshot[12] relative to clock(s) clk
Related violations: <none>

TIMING-18#273 Warning
Missing input or output delay  
An output delay is missing on activity_snapshot[13] relative to clock(s) clk
Related violations: <none>

TIMING-18#274 Warning
Missing input or output delay  
An output delay is missing on activity_snapshot[14] relative to clock(s) clk
Related violations: <none>

TIMING-18#275 Warning
Missing input or output delay  
An output delay is missing on activity_snapshot[15] relative to clock(s) clk
Related violations: <none>

TIMING-18#276 Warning
Missing input or output delay  
An output delay is missing on activity_snapshot[1] relative to clock(s) clk
Related violations: <none>

TIMING-18#277 Warning
Missing input or output delay  
An output delay is missing on activity_snapshot[2] relative to clock(s) clk
Related violations: <none>

TIMING-18#278 Warning
Missing input or output delay  
An output delay is missing on activity_snapshot[3] relative to clock(s) clk
Related violations: <none>

TIMING-18#279 Warning
Missing input or output delay  
An output delay is missing on activity_snapshot[4] relative to clock(s) clk
Related violations: <none>

TIMING-18#280 Warning
Missing input or output delay  
An output delay is missing on activity_snapshot[5] relative to clock(s) clk
Related violations: <none>

TIMING-18#281 Warning
Missing input or output delay  
An output delay is missing on activity_snapshot[6] relative to clock(s) clk
Related violations: <none>

TIMING-18#282 Warning
Missing input or output delay  
An output delay is missing on activity_snapshot[7] relative to clock(s) clk
Related violations: <none>

TIMING-18#283 Warning
Missing input or output delay  
An output delay is missing on activity_snapshot[8] relative to clock(s) clk
Related violations: <none>

TIMING-18#284 Warning
Missing input or output delay  
An output delay is missing on activity_snapshot[9] relative to clock(s) clk
Related violations: <none>

TIMING-18#285 Warning
Missing input or output delay  
An output delay is missing on activity_write_burst_count[0] relative to clock(s) clk
Related violations: <none>

TIMING-18#286 Warning
Missing input or output delay  
An output delay is missing on activity_write_burst_count[10] relative to clock(s) clk
Related violations: <none>

TIMING-18#287 Warning
Missing input or output delay  
An output delay is missing on activity_write_burst_count[11] relative to clock(s) clk
Related violations: <none>

TIMING-18#288 Warning
Missing input or output delay  
An output delay is missing on activity_write_burst_count[12] relative to clock(s) clk
Related violations: <none>

TIMING-18#289 Warning
Missing input or output delay  
An output delay is missing on activity_write_burst_count[13] relative to clock(s) clk
Related violations: <none>

TIMING-18#290 Warning
Missing input or output delay  
An output delay is missing on activity_write_burst_count[14] relative to clock(s) clk
Related violations: <none>

TIMING-18#291 Warning
Missing input or output delay  
An output delay is missing on activity_write_burst_count[15] relative to clock(s) clk
Related violations: <none>

TIMING-18#292 Warning
Missing input or output delay  
An output delay is missing on activity_write_burst_count[1] relative to clock(s) clk
Related violations: <none>

TIMING-18#293 Warning
Missing input or output delay  
An output delay is missing on activity_write_burst_count[2] relative to clock(s) clk
Related violations: <none>

TIMING-18#294 Warning
Missing input or output delay  
An output delay is missing on activity_write_burst_count[3] relative to clock(s) clk
Related violations: <none>

TIMING-18#295 Warning
Missing input or output delay  
An output delay is missing on activity_write_burst_count[4] relative to clock(s) clk
Related violations: <none>

TIMING-18#296 Warning
Missing input or output delay  
An output delay is missing on activity_write_burst_count[5] relative to clock(s) clk
Related violations: <none>

TIMING-18#297 Warning
Missing input or output delay  
An output delay is missing on activity_write_burst_count[6] relative to clock(s) clk
Related violations: <none>

TIMING-18#298 Warning
Missing input or output delay  
An output delay is missing on activity_write_burst_count[7] relative to clock(s) clk
Related violations: <none>

TIMING-18#299 Warning
Missing input or output delay  
An output delay is missing on activity_write_burst_count[8] relative to clock(s) clk
Related violations: <none>

TIMING-18#300 Warning
Missing input or output delay  
An output delay is missing on activity_write_burst_count[9] relative to clock(s) clk
Related violations: <none>

TIMING-18#301 Warning
Missing input or output delay  
An output delay is missing on cmd_ready relative to clock(s) clk
Related violations: <none>

TIMING-18#302 Warning
Missing input or output delay  
An output delay is missing on desc_ready relative to clock(s) clk
Related violations: <none>

TIMING-18#303 Warning
Missing input or output delay  
An output delay is missing on fallback_ready relative to clock(s) clk
Related violations: <none>

TIMING-18#304 Warning
Missing input or output delay  
An output delay is missing on output_data[0] relative to clock(s) clk
Related violations: <none>

TIMING-18#305 Warning
Missing input or output delay  
An output delay is missing on output_data[10] relative to clock(s) clk
Related violations: <none>

TIMING-18#306 Warning
Missing input or output delay  
An output delay is missing on output_data[11] relative to clock(s) clk
Related violations: <none>

TIMING-18#307 Warning
Missing input or output delay  
An output delay is missing on output_data[12] relative to clock(s) clk
Related violations: <none>

TIMING-18#308 Warning
Missing input or output delay  
An output delay is missing on output_data[13] relative to clock(s) clk
Related violations: <none>

TIMING-18#309 Warning
Missing input or output delay  
An output delay is missing on output_data[14] relative to clock(s) clk
Related violations: <none>

TIMING-18#310 Warning
Missing input or output delay  
An output delay is missing on output_data[15] relative to clock(s) clk
Related violations: <none>

TIMING-18#311 Warning
Missing input or output delay  
An output delay is missing on output_data[16] relative to clock(s) clk
Related violations: <none>

TIMING-18#312 Warning
Missing input or output delay  
An output delay is missing on output_data[17] relative to clock(s) clk
Related violations: <none>

TIMING-18#313 Warning
Missing input or output delay  
An output delay is missing on output_data[18] relative to clock(s) clk
Related violations: <none>

TIMING-18#314 Warning
Missing input or output delay  
An output delay is missing on output_data[19] relative to clock(s) clk
Related violations: <none>

TIMING-18#315 Warning
Missing input or output delay  
An output delay is missing on output_data[1] relative to clock(s) clk
Related violations: <none>

TIMING-18#316 Warning
Missing input or output delay  
An output delay is missing on output_data[20] relative to clock(s) clk
Related violations: <none>

TIMING-18#317 Warning
Missing input or output delay  
An output delay is missing on output_data[21] relative to clock(s) clk
Related violations: <none>

TIMING-18#318 Warning
Missing input or output delay  
An output delay is missing on output_data[22] relative to clock(s) clk
Related violations: <none>

TIMING-18#319 Warning
Missing input or output delay  
An output delay is missing on output_data[23] relative to clock(s) clk
Related violations: <none>

TIMING-18#320 Warning
Missing input or output delay  
An output delay is missing on output_data[24] relative to clock(s) clk
Related violations: <none>

TIMING-18#321 Warning
Missing input or output delay  
An output delay is missing on output_data[25] relative to clock(s) clk
Related violations: <none>

TIMING-18#322 Warning
Missing input or output delay  
An output delay is missing on output_data[26] relative to clock(s) clk
Related violations: <none>

TIMING-18#323 Warning
Missing input or output delay  
An output delay is missing on output_data[27] relative to clock(s) clk
Related violations: <none>

TIMING-18#324 Warning
Missing input or output delay  
An output delay is missing on output_data[28] relative to clock(s) clk
Related violations: <none>

TIMING-18#325 Warning
Missing input or output delay  
An output delay is missing on output_data[29] relative to clock(s) clk
Related violations: <none>

TIMING-18#326 Warning
Missing input or output delay  
An output delay is missing on output_data[2] relative to clock(s) clk
Related violations: <none>

TIMING-18#327 Warning
Missing input or output delay  
An output delay is missing on output_data[30] relative to clock(s) clk
Related violations: <none>

TIMING-18#328 Warning
Missing input or output delay  
An output delay is missing on output_data[31] relative to clock(s) clk
Related violations: <none>

TIMING-18#329 Warning
Missing input or output delay  
An output delay is missing on output_data[3] relative to clock(s) clk
Related violations: <none>

TIMING-18#330 Warning
Missing input or output delay  
An output delay is missing on output_data[4] relative to clock(s) clk
Related violations: <none>

TIMING-18#331 Warning
Missing input or output delay  
An output delay is missing on output_data[5] relative to clock(s) clk
Related violations: <none>

TIMING-18#332 Warning
Missing input or output delay  
An output delay is missing on output_data[6] relative to clock(s) clk
Related violations: <none>

TIMING-18#333 Warning
Missing input or output delay  
An output delay is missing on output_data[7] relative to clock(s) clk
Related violations: <none>

TIMING-18#334 Warning
Missing input or output delay  
An output delay is missing on output_data[8] relative to clock(s) clk
Related violations: <none>

TIMING-18#335 Warning
Missing input or output delay  
An output delay is missing on output_data[9] relative to clock(s) clk
Related violations: <none>

TIMING-18#336 Warning
Missing input or output delay  
An output delay is missing on output_valid relative to clock(s) clk
Related violations: <none>

TIMING-18#337 Warning
Missing input or output delay  
An output delay is missing on replay_done relative to clock(s) clk
Related violations: <none>

TIMING-18#338 Warning
Missing input or output delay  
An output delay is missing on weight_ready relative to clock(s) clk
Related violations: <none>


