Copyright 1986-2021 Xilinx, Inc. All Rights Reserved.
-----------------------------------------------------------------------------------------------------------------------------------------------------------------------------------------------------------------------------
| Tool Version      : Vivado v.2021.2 (win64) Build 3367213 Tue Oct 19 02:48:09 MDT 2021
| Date              : Tue Sep 15 18:33:38 2026
| Host              : nc23 running 64-bit major release  (build 9200)
| Command           : report_timing_summary -delay_type max -max_paths 20 -file {E:/GPU ARCH/vector_core_sim/turbovla_w8a8_pack2/hw/v3_2026-09-15_174639_vivado_impl/reports/250MHz_real4/reports/placed_timing_summary.rpt}
| Design            : tvla_w8a8_pack2_impl_top
| Device            : xczu7ev-ffvc1156
| Speed File        : -2  PRODUCTION 1.29 08-03-2020
| Temperature Grade : E
-----------------------------------------------------------------------------------------------------------------------------------------------------------------------------------------------------------------------------

Timing Summary Report

------------------------------------------------------------------------------------------------
| Timer Settings
| --------------
------------------------------------------------------------------------------------------------

  Enable Multi Corner Analysis               :  Yes
  Enable Pessimism Removal                   :  Yes
  Pessimism Removal Resolution               :  Nearest Common Node
  Enable Input Delay Default Clock           :  No
  Enable Preset / Clear Arcs                 :  No
  Disable Flight Delays                      :  No
  Ignore I/O Paths                           :  No
  Timing Early Launch at Borrowing Latches   :  No
  Borrow Time for Max Delay Exceptions       :  Yes
  Merge Timing Exceptions                    :  Yes

  Corner  Analyze    Analyze    
  Name    Max Paths  Min Paths  
  ------  ---------  ---------  
  Slow    Yes        Yes        
  Fast    Yes        Yes        


------------------------------------------------------------------------------------------------
| Report Methodology
| ------------------
------------------------------------------------------------------------------------------------

Rule       Severity  Description                    Violations  
---------  --------  -----------------------------  ----------  
SYNTH-12   Warning   DSP input not registered       768         
TIMING-18  Warning   Missing input or output delay  338         

Note: This report is based on the most recent report_methodology run and may not be up-to-date. Run report_methodology on the current design for the latest report.



check_timing report

Table of Contents
-----------------
1. checking no_clock (0)
2. checking constant_clock (0)
3. checking pulse_width_clock (0)
4. checking unconstrained_internal_endpoints (0)
5. checking no_input_delay (163)
6. checking no_output_delay (109)
7. checking multiple_clock (0)
8. checking generated_clocks (0)
9. checking loops (0)
10. checking partial_input_delay (0)
11. checking partial_output_delay (0)
12. checking latch_loops (0)

1. checking no_clock (0)
------------------------
 There are 0 register/latch pins with no clock.


2. checking constant_clock (0)
------------------------------
 There are 0 register/latch pins with constant_clock.


3. checking pulse_width_clock (0)
---------------------------------
 There are 0 register/latch pins which need pulse_width check


4. checking unconstrained_internal_endpoints (0)
------------------------------------------------
 There are 0 pins that are not constrained for maximum delay.

 There are 0 pins that are not constrained for maximum delay due to constant clock.


5. checking no_input_delay (163)
--------------------------------
 There are 163 input ports with no input delay specified. (HIGH)

 There are 0 input ports with no input delay but user has a false path constraint.


6. checking no_output_delay (109)
---------------------------------
 There are 109 ports with no output delay specified. (HIGH)

 There are 0 ports with no output delay but user has a false path constraint

 There are 0 ports with no output delay but with a timing clock defined on it or propagating through it


7. checking multiple_clock (0)
------------------------------
 There are 0 register/latch pins with multiple clocks.


8. checking generated_clocks (0)
--------------------------------
 There are 0 generated clocks that are not connected to a clock source.


9. checking loops (0)
---------------------
 There are 0 combinational loops in the design.


10. checking partial_input_delay (0)
------------------------------------
 There are 0 input ports with partial input delay specified.


11. checking partial_output_delay (0)
-------------------------------------
 There are 0 ports with partial output delay specified.


12. checking latch_loops (0)
----------------------------
 There are 0 combinational latch loops in the design through latch input



------------------------------------------------------------------------------------------------
| Design Timing Summary
| ---------------------
------------------------------------------------------------------------------------------------

    WNS(ns)      TNS(ns)  TNS Failing Endpoints  TNS Total Endpoints     WPWS(ns)     TPWS(ns)  TPWS Failing Endpoints  TPWS Total Endpoints  
    -------      -------  ---------------------  -------------------     --------     --------  ----------------------  --------------------  
      0.513        0.000                      0               368424        1.468        0.000                       0                181748  


All user specified timing constraints are met.


------------------------------------------------------------------------------------------------
| Clock Summary
| -------------
------------------------------------------------------------------------------------------------

Clock  Waveform(ns)         Period(ns)      Frequency(MHz)
-----  ------------         ----------      --------------
clk    {0.000 2.000}        4.000           250.000         


------------------------------------------------------------------------------------------------
| Intra Clock Table
| -----------------
------------------------------------------------------------------------------------------------

Clock             WNS(ns)      TNS(ns)  TNS Failing Endpoints  TNS Total Endpoints     WPWS(ns)     TPWS(ns)  TPWS Failing Endpoints  TPWS Total Endpoints  
-----             -------      -------  ---------------------  -------------------     --------     --------  ----------------------  --------------------  
clk                 0.513        0.000                      0               368424        1.468        0.000                       0                181748  


------------------------------------------------------------------------------------------------
| Inter Clock Table
| -----------------
------------------------------------------------------------------------------------------------

From Clock    To Clock          WNS(ns)      TNS(ns)  TNS Failing Endpoints  TNS Total Endpoints  
----------    --------          -------      -------  ---------------------  -------------------  


------------------------------------------------------------------------------------------------
| Other Path Groups Table
| -----------------------
------------------------------------------------------------------------------------------------

Path Group    From Clock    To Clock          WNS(ns)      TNS(ns)  TNS Failing Endpoints  TNS Total Endpoints  
----------    ----------    --------          -------      -------  ---------------------  -------------------  


------------------------------------------------------------------------------------------------
| Timing Details
| --------------
------------------------------------------------------------------------------------------------


---------------------------------------------------------------------------------------------------
From Clock:  clk
  To Clock:  clk

Setup :            0  Failing Endpoints,  Worst Slack        0.513ns,  Total Violation        0.000ns
Hold  :           NA  Failing Endpoints,  Worst Slack           NA  ,  Total Violation           NA
PW    :            0  Failing Endpoints,  Worst Slack        1.468ns,  Total Violation        0.000ns
---------------------------------------------------------------------------------------------------


Max Delay Paths
--------------------------------------------------------------------------------------
Slack (MET) :             0.513ns  (required time - arrival time)
  Source:                 u_system/u_replay/array_clr_reg/C
                            (rising edge-triggered cell FDCE clocked by clk  {rise@0.000ns fall@2.000ns period=4.000ns})
  Destination:            u_system/u_replay/g_array.u_array/u_array/u_ref/g_row[8].g_col[26].u_pe/acc0_r_reg[1]/CE
                            (rising edge-triggered cell FDCE clocked by clk  {rise@0.000ns fall@2.000ns period=4.000ns})
  Path Group:             clk
  Path Type:              Setup (Max at Slow Process Corner)
  Requirement:            4.000ns  (clk rise@4.000ns - clk rise@0.000ns)
  Data Path Delay:        3.112ns  (logic 0.143ns (4.595%)  route 2.969ns (95.405%))
  Logic Levels:           1  (LUT3=1)
  Clock Path Skew:        -0.230ns (DCD - SCD + CPR)
    Destination Clock Delay (DCD):    1.871ns = ( 5.871 - 4.000 ) 
    Source Clock Delay      (SCD):    2.410ns
    Clock Pessimism Removal (CPR):    0.309ns
  Clock Uncertainty:      0.085ns  ((TSJ^2 + TIJ^2)^1/2 + DJ) / 2 + PE + UU
    Total System Jitter     (TSJ):    0.071ns
    Total Input Jitter      (TIJ):    0.000ns
    Discrete Jitter          (DJ):    0.000ns
    Phase Error              (PE):    0.000ns
    User Uncertainty         (UU):    0.050ns
  Clock Net Delay (Source):      1.481ns (routing 0.210ns, distribution 1.271ns)
  Clock Net Delay (Destination): 1.231ns (routing 0.190ns, distribution 1.041ns)

    Location             Delay type                Incr(ns)  Path(ns)    Netlist Resource(s)
  -------------------------------------------------------------------    -------------------
                         (clock clk rise edge)        0.000     0.000 r  
    AJ20                                              0.000     0.000 r  clk (IN)
                         net (fo=0)                   0.000     0.000    clk_IBUF_inst/I
    AJ20                 INBUF (Prop_INBUF_HPIOB_M_PAD_O)
                                                      0.565     0.565 r  clk_IBUF_inst/INBUF_INST/O
                         net (fo=1, routed)           0.000     0.565    clk_IBUF_inst/OUT
    AJ20                 IBUFCTRL (Prop_IBUFCTRL_HPIOB_M_I_O)
                                                      0.000     0.565 r  clk_IBUF_inst/IBUFCTRL_INST/O
                         net (fo=1, estimated)        0.336     0.901    clk_IBUF
    BUFGCE_X1Y71         BUFGCE (Prop_BUFCE_BUFGCE_I_O)
                                                      0.028     0.929 r  clk_IBUF_BUFG_inst/O
    X2Y2 (CLOCK_ROOT)    net (fo=185587, estimated)
                                                      1.481     2.410    u_system/u_replay/clk_IBUF_BUFG
    SLICE_X54Y221        FDCE                                         r  u_system/u_replay/array_clr_reg/C
  -------------------------------------------------------------------    -------------------
    SLICE_X54Y221        FDCE (Prop_DFF_SLICEM_C_Q)
                                                      0.078     2.488 r  u_system/u_replay/array_clr_reg/Q
                         net (fo=20949, estimated)    2.446     4.934    u_system/u_replay/g_array.u_array/u_array/u_ref/g_row[8].g_col[26].u_pe/array_clr
    SLICE_X95Y79         LUT3 (Prop_H5LUT_SLICEL_I2_O)
                                                      0.065     4.999 r  u_system/u_replay/g_array.u_array/u_array/u_ref/g_row[8].g_col[26].u_pe/acc0_r/O
                         net (fo=54, estimated)       0.523     5.522    u_system/u_replay/g_array.u_array/u_array/u_ref/g_row[8].g_col[26].u_pe/acc1_r
    SLICE_X97Y68         FDCE                                         r  u_system/u_replay/g_array.u_array/u_array/u_ref/g_row[8].g_col[26].u_pe/acc0_r_reg[1]/CE
  -------------------------------------------------------------------    -------------------

                         (clock clk rise edge)        4.000     4.000 r  
    AJ20                                              0.000     4.000 r  clk (IN)
                         net (fo=0)                   0.000     4.000    clk_IBUF_inst/I
    AJ20                 INBUF (Prop_INBUF_HPIOB_M_PAD_O)
                                                      0.315     4.315 r  clk_IBUF_inst/INBUF_INST/O
                         net (fo=1, routed)           0.000     4.315    clk_IBUF_inst/OUT
    AJ20                 IBUFCTRL (Prop_IBUFCTRL_HPIOB_M_I_O)
                                                      0.000     4.315 r  clk_IBUF_inst/IBUFCTRL_INST/O
                         net (fo=1, estimated)        0.301     4.616    clk_IBUF
    BUFGCE_X1Y71         BUFGCE (Prop_BUFCE_BUFGCE_I_O)
                                                      0.024     4.640 r  clk_IBUF_BUFG_inst/O
    X2Y2 (CLOCK_ROOT)    net (fo=185587, estimated)
                                                      1.231     5.871    u_system/u_replay/g_array.u_array/u_array/u_ref/g_row[8].g_col[26].u_pe/clk_IBUF_BUFG
    SLICE_X97Y68         FDCE                                         r  u_system/u_replay/g_array.u_array/u_array/u_ref/g_row[8].g_col[26].u_pe/acc0_r_reg[1]/C
                         clock pessimism              0.309     6.180    
                         clock uncertainty           -0.085     6.095    
    SLICE_X97Y68         FDCE (Setup_DFF_SLICEL_C_CE)
                                                     -0.060     6.035    u_system/u_replay/g_array.u_array/u_array/u_ref/g_row[8].g_col[26].u_pe/acc0_r_reg[1]
  -------------------------------------------------------------------
                         required time                          6.035    
                         arrival time                          -5.522    
  -------------------------------------------------------------------
                         slack                                  0.513    

Slack (MET) :             0.513ns  (required time - arrival time)
  Source:                 u_system/u_replay/array_clr_reg/C
                            (rising edge-triggered cell FDCE clocked by clk  {rise@0.000ns fall@2.000ns period=4.000ns})
  Destination:            u_system/u_replay/g_array.u_array/u_array/u_ref/g_row[8].g_col[26].u_pe/acc0_r_reg[3]/CE
                            (rising edge-triggered cell FDCE clocked by clk  {rise@0.000ns fall@2.000ns period=4.000ns})
  Path Group:             clk
  Path Type:              Setup (Max at Slow Process Corner)
  Requirement:            4.000ns  (clk rise@4.000ns - clk rise@0.000ns)
  Data Path Delay:        3.112ns  (logic 0.143ns (4.595%)  route 2.969ns (95.405%))
  Logic Levels:           1  (LUT3=1)
  Clock Path Skew:        -0.230ns (DCD - SCD + CPR)
    Destination Clock Delay (DCD):    1.871ns = ( 5.871 - 4.000 ) 
    Source Clock Delay      (SCD):    2.410ns
    Clock Pessimism Removal (CPR):    0.309ns
  Clock Uncertainty:      0.085ns  ((TSJ^2 + TIJ^2)^1/2 + DJ) / 2 + PE + UU
    Total System Jitter     (TSJ):    0.071ns
    Total Input Jitter      (TIJ):    0.000ns
    Discrete Jitter          (DJ):    0.000ns
    Phase Error              (PE):    0.000ns
    User Uncertainty         (UU):    0.050ns
  Clock Net Delay (Source):      1.481ns (routing 0.210ns, distribution 1.271ns)
  Clock Net Delay (Destination): 1.231ns (routing 0.190ns, distribution 1.041ns)

    Location             Delay type                Incr(ns)  Path(ns)    Netlist Resource(s)
  -------------------------------------------------------------------    -------------------
                         (clock clk rise edge)        0.000     0.000 r  
    AJ20                                              0.000     0.000 r  clk (IN)
                         net (fo=0)                   0.000     0.000    clk_IBUF_inst/I
    AJ20                 INBUF (Prop_INBUF_HPIOB_M_PAD_O)
                                                      0.565     0.565 r  clk_IBUF_inst/INBUF_INST/O
                         net (fo=1, routed)           0.000     0.565    clk_IBUF_inst/OUT
    AJ20                 IBUFCTRL (Prop_IBUFCTRL_HPIOB_M_I_O)
                                                      0.000     0.565 r  clk_IBUF_inst/IBUFCTRL_INST/O
                         net (fo=1, estimated)        0.336     0.901    clk_IBUF
    BUFGCE_X1Y71         BUFGCE (Prop_BUFCE_BUFGCE_I_O)
                                                      0.028     0.929 r  clk_IBUF_BUFG_inst/O
    X2Y2 (CLOCK_ROOT)    net (fo=185587, estimated)
                                                      1.481     2.410    u_system/u_replay/clk_IBUF_BUFG
    SLICE_X54Y221        FDCE                                         r  u_system/u_replay/array_clr_reg/C
  -------------------------------------------------------------------    -------------------
    SLICE_X54Y221        FDCE (Prop_DFF_SLICEM_C_Q)
                                                      0.078     2.488 r  u_system/u_replay/array_clr_reg/Q
                         net (fo=20949, estimated)    2.446     4.934    u_system/u_replay/g_array.u_array/u_array/u_ref/g_row[8].g_col[26].u_pe/array_clr
    SLICE_X95Y79         LUT3 (Prop_H5LUT_SLICEL_I2_O)
                                                      0.065     4.999 r  u_system/u_replay/g_array.u_array/u_array/u_ref/g_row[8].g_col[26].u_pe/acc0_r/O
                         net (fo=54, estimated)       0.523     5.522    u_system/u_replay/g_array.u_array/u_array/u_ref/g_row[8].g_col[26].u_pe/acc1_r
    SLICE_X97Y68         FDCE                                         r  u_system/u_replay/g_array.u_array/u_array/u_ref/g_row[8].g_col[26].u_pe/acc0_r_reg[3]/CE
  -------------------------------------------------------------------    -------------------

                         (clock clk rise edge)        4.000     4.000 r  
    AJ20                                              0.000     4.000 r  clk (IN)
                         net (fo=0)                   0.000     4.000    clk_IBUF_inst/I
    AJ20                 INBUF (Prop_INBUF_HPIOB_M_PAD_O)
                                                      0.315     4.315 r  clk_IBUF_inst/INBUF_INST/O
                         net (fo=1, routed)           0.000     4.315    clk_IBUF_inst/OUT
    AJ20                 IBUFCTRL (Prop_IBUFCTRL_HPIOB_M_I_O)
                                                      0.000     4.315 r  clk_IBUF_inst/IBUFCTRL_INST/O
                         net (fo=1, estimated)        0.301     4.616    clk_IBUF
    BUFGCE_X1Y71         BUFGCE (Prop_BUFCE_BUFGCE_I_O)
                                                      0.024     4.640 r  clk_IBUF_BUFG_inst/O
    X2Y2 (CLOCK_ROOT)    net (fo=185587, estimated)
                                                      1.231     5.871    u_system/u_replay/g_array.u_array/u_array/u_ref/g_row[8].g_col[26].u_pe/clk_IBUF_BUFG
    SLICE_X97Y68         FDCE                                         r  u_system/u_replay/g_array.u_array/u_array/u_ref/g_row[8].g_col[26].u_pe/acc0_r_reg[3]/C
                         clock pessimism              0.309     6.180    
                         clock uncertainty           -0.085     6.095    
    SLICE_X97Y68         FDCE (Setup_CFF_SLICEL_C_CE)
                                                     -0.060     6.035    u_system/u_replay/g_array.u_array/u_array/u_ref/g_row[8].g_col[26].u_pe/acc0_r_reg[3]
  -------------------------------------------------------------------
                         required time                          6.035    
                         arrival time                          -5.522    
  -------------------------------------------------------------------
                         slack                                  0.513    

Slack (MET) :             0.513ns  (required time - arrival time)
  Source:                 u_system/u_replay/array_clr_reg/C
                            (rising edge-triggered cell FDCE clocked by clk  {rise@0.000ns fall@2.000ns period=4.000ns})
  Destination:            u_system/u_replay/g_array.u_array/u_array/u_ref/g_row[8].g_col[26].u_pe/acc0_r_reg[4]/CE
                            (rising edge-triggered cell FDCE clocked by clk  {rise@0.000ns fall@2.000ns period=4.000ns})
  Path Group:             clk
  Path Type:              Setup (Max at Slow Process Corner)
  Requirement:            4.000ns  (clk rise@4.000ns - clk rise@0.000ns)
  Data Path Delay:        3.112ns  (logic 0.143ns (4.595%)  route 2.969ns (95.405%))
  Logic Levels:           1  (LUT3=1)
  Clock Path Skew:        -0.230ns (DCD - SCD + CPR)
    Destination Clock Delay (DCD):    1.871ns = ( 5.871 - 4.000 ) 
    Source Clock Delay      (SCD):    2.410ns
    Clock Pessimism Removal (CPR):    0.309ns
  Clock Uncertainty:      0.085ns  ((TSJ^2 + TIJ^2)^1/2 + DJ) / 2 + PE + UU
    Total System Jitter     (TSJ):    0.071ns
    Total Input Jitter      (TIJ):    0.000ns
    Discrete Jitter          (DJ):    0.000ns
    Phase Error              (PE):    0.000ns
    User Uncertainty         (UU):    0.050ns
  Clock Net Delay (Source):      1.481ns (routing 0.210ns, distribution 1.271ns)
  Clock Net Delay (Destination): 1.231ns (routing 0.190ns, distribution 1.041ns)

    Location             Delay type                Incr(ns)  Path(ns)    Netlist Resource(s)
  -------------------------------------------------------------------    -------------------
                         (clock clk rise edge)        0.000     0.000 r  
    AJ20                                              0.000     0.000 r  clk (IN)
                         net (fo=0)                   0.000     0.000    clk_IBUF_inst/I
    AJ20                 INBUF (Prop_INBUF_HPIOB_M_PAD_O)
                                                      0.565     0.565 r  clk_IBUF_inst/INBUF_INST/O
                         net (fo=1, routed)           0.000     0.565    clk_IBUF_inst/OUT
    AJ20                 IBUFCTRL (Prop_IBUFCTRL_HPIOB_M_I_O)
                                                      0.000     0.565 r  clk_IBUF_inst/IBUFCTRL_INST/O
                         net (fo=1, estimated)        0.336     0.901    clk_IBUF
    BUFGCE_X1Y71         BUFGCE (Prop_BUFCE_BUFGCE_I_O)
                                                      0.028     0.929 r  clk_IBUF_BUFG_inst/O
    X2Y2 (CLOCK_ROOT)    net (fo=185587, estimated)
                                                      1.481     2.410    u_system/u_replay/clk_IBUF_BUFG
    SLICE_X54Y221        FDCE                                         r  u_system/u_replay/array_clr_reg/C
  -------------------------------------------------------------------    -------------------
    SLICE_X54Y221        FDCE (Prop_DFF_SLICEM_C_Q)
                                                      0.078     2.488 r  u_system/u_replay/array_clr_reg/Q
                         net (fo=20949, estimated)    2.446     4.934    u_system/u_replay/g_array.u_array/u_array/u_ref/g_row[8].g_col[26].u_pe/array_clr
    SLICE_X95Y79         LUT3 (Prop_H5LUT_SLICEL_I2_O)
                                                      0.065     4.999 r  u_system/u_replay/g_array.u_array/u_array/u_ref/g_row[8].g_col[26].u_pe/acc0_r/O
                         net (fo=54, estimated)       0.523     5.522    u_system/u_replay/g_array.u_array/u_array/u_ref/g_row[8].g_col[26].u_pe/acc1_r
    SLICE_X97Y68         FDCE                                         r  u_system/u_replay/g_array.u_array/u_array/u_ref/g_row[8].g_col[26].u_pe/acc0_r_reg[4]/CE
  -------------------------------------------------------------------    -------------------

                         (clock clk rise edge)        4.000     4.000 r  
    AJ20                                              0.000     4.000 r  clk (IN)
                         net (fo=0)                   0.000     4.000    clk_IBUF_inst/I
    AJ20                 INBUF (Prop_INBUF_HPIOB_M_PAD_O)
                                                      0.315     4.315 r  clk_IBUF_inst/INBUF_INST/O
                         net (fo=1, routed)           0.000     4.315    clk_IBUF_inst/OUT
    AJ20                 IBUFCTRL (Prop_IBUFCTRL_HPIOB_M_I_O)
                                                      0.000     4.315 r  clk_IBUF_inst/IBUFCTRL_INST/O
                         net (fo=1, estimated)        0.301     4.616    clk_IBUF
    BUFGCE_X1Y71         BUFGCE (Prop_BUFCE_BUFGCE_I_O)
                                                      0.024     4.640 r  clk_IBUF_BUFG_inst/O
    X2Y2 (CLOCK_ROOT)    net (fo=185587, estimated)
                                                      1.231     5.871    u_system/u_replay/g_array.u_array/u_array/u_ref/g_row[8].g_col[26].u_pe/clk_IBUF_BUFG
    SLICE_X97Y68         FDCE                                         r  u_system/u_replay/g_array.u_array/u_array/u_ref/g_row[8].g_col[26].u_pe/acc0_r_reg[4]/C
                         clock pessimism              0.309     6.180    
                         clock uncertainty           -0.085     6.095    
    SLICE_X97Y68         FDCE (Setup_BFF_SLICEL_C_CE)
                                                     -0.060     6.035    u_system/u_replay/g_array.u_array/u_array/u_ref/g_row[8].g_col[26].u_pe/acc0_r_reg[4]
  -------------------------------------------------------------------
                         required time                          6.035    
                         arrival time                          -5.522    
  -------------------------------------------------------------------
                         slack                                  0.513    

Slack (MET) :             0.513ns  (required time - arrival time)
  Source:                 u_system/u_replay/array_clr_reg/C
                            (rising edge-triggered cell FDCE clocked by clk  {rise@0.000ns fall@2.000ns period=4.000ns})
  Destination:            u_system/u_replay/g_array.u_array/u_array/u_ref/g_row[8].g_col[26].u_pe/acc0_r_reg[6]/CE
                            (rising edge-triggered cell FDCE clocked by clk  {rise@0.000ns fall@2.000ns period=4.000ns})
  Path Group:             clk
  Path Type:              Setup (Max at Slow Process Corner)
  Requirement:            4.000ns  (clk rise@4.000ns - clk rise@0.000ns)
  Data Path Delay:        3.112ns  (logic 0.143ns (4.595%)  route 2.969ns (95.405%))
  Logic Levels:           1  (LUT3=1)
  Clock Path Skew:        -0.230ns (DCD - SCD + CPR)
    Destination Clock Delay (DCD):    1.871ns = ( 5.871 - 4.000 ) 
    Source Clock Delay      (SCD):    2.410ns
    Clock Pessimism Removal (CPR):    0.309ns
  Clock Uncertainty:      0.085ns  ((TSJ^2 + TIJ^2)^1/2 + DJ) / 2 + PE + UU
    Total System Jitter     (TSJ):    0.071ns
    Total Input Jitter      (TIJ):    0.000ns
    Discrete Jitter          (DJ):    0.000ns
    Phase Error              (PE):    0.000ns
    User Uncertainty         (UU):    0.050ns
  Clock Net Delay (Source):      1.481ns (routing 0.210ns, distribution 1.271ns)
  Clock Net Delay (Destination): 1.231ns (routing 0.190ns, distribution 1.041ns)

    Location             Delay type                Incr(ns)  Path(ns)    Netlist Resource(s)
  -------------------------------------------------------------------    -------------------
                         (clock clk rise edge)        0.000     0.000 r  
    AJ20                                              0.000     0.000 r  clk (IN)
                         net (fo=0)                   0.000     0.000    clk_IBUF_inst/I
    AJ20                 INBUF (Prop_INBUF_HPIOB_M_PAD_O)
                                                      0.565     0.565 r  clk_IBUF_inst/INBUF_INST/O
                         net (fo=1, routed)           0.000     0.565    clk_IBUF_inst/OUT
    AJ20                 IBUFCTRL (Prop_IBUFCTRL_HPIOB_M_I_O)
                                                      0.000     0.565 r  clk_IBUF_inst/IBUFCTRL_INST/O
                         net (fo=1, estimated)        0.336     0.901    clk_IBUF
    BUFGCE_X1Y71         BUFGCE (Prop_BUFCE_BUFGCE_I_O)
                                                      0.028     0.929 r  clk_IBUF_BUFG_inst/O
    X2Y2 (CLOCK_ROOT)    net (fo=185587, estimated)
                                                      1.481     2.410    u_system/u_replay/clk_IBUF_BUFG
    SLICE_X54Y221        FDCE                                         r  u_system/u_replay/array_clr_reg/C
  -------------------------------------------------------------------    -------------------
    SLICE_X54Y221        FDCE (Prop_DFF_SLICEM_C_Q)
                                                      0.078     2.488 r  u_system/u_replay/array_clr_reg/Q
                         net (fo=20949, estimated)    2.446     4.934    u_system/u_replay/g_array.u_array/u_array/u_ref/g_row[8].g_col[26].u_pe/array_clr
    SLICE_X95Y79         LUT3 (Prop_H5LUT_SLICEL_I2_O)
                                                      0.065     4.999 r  u_system/u_replay/g_array.u_array/u_array/u_ref/g_row[8].g_col[26].u_pe/acc0_r/O
                         net (fo=54, estimated)       0.523     5.522    u_system/u_replay/g_array.u_array/u_array/u_ref/g_row[8].g_col[26].u_pe/acc1_r
    SLICE_X97Y68         FDCE                                         r  u_system/u_replay/g_array.u_array/u_array/u_ref/g_row[8].g_col[26].u_pe/acc0_r_reg[6]/CE
  -------------------------------------------------------------------    -------------------

                         (clock clk rise edge)        4.000     4.000 r  
    AJ20                                              0.000     4.000 r  clk (IN)
                         net (fo=0)                   0.000     4.000    clk_IBUF_inst/I
    AJ20                 INBUF (Prop_INBUF_HPIOB_M_PAD_O)
                                                      0.315     4.315 r  clk_IBUF_inst/INBUF_INST/O
                         net (fo=1, routed)           0.000     4.315    clk_IBUF_inst/OUT
    AJ20                 IBUFCTRL (Prop_IBUFCTRL_HPIOB_M_I_O)
                                                      0.000     4.315 r  clk_IBUF_inst/IBUFCTRL_INST/O
                         net (fo=1, estimated)        0.301     4.616    clk_IBUF
    BUFGCE_X1Y71         BUFGCE (Prop_BUFCE_BUFGCE_I_O)
                                                      0.024     4.640 r  clk_IBUF_BUFG_inst/O
    X2Y2 (CLOCK_ROOT)    net (fo=185587, estimated)
                                                      1.231     5.871    u_system/u_replay/g_array.u_array/u_array/u_ref/g_row[8].g_col[26].u_pe/clk_IBUF_BUFG
    SLICE_X97Y68         FDCE                                         r  u_system/u_replay/g_array.u_array/u_array/u_ref/g_row[8].g_col[26].u_pe/acc0_r_reg[6]/C
                         clock pessimism              0.309     6.180    
                         clock uncertainty           -0.085     6.095    
    SLICE_X97Y68         FDCE (Setup_AFF_SLICEL_C_CE)
                                                     -0.060     6.035    u_system/u_replay/g_array.u_array/u_array/u_ref/g_row[8].g_col[26].u_pe/acc0_r_reg[6]
  -------------------------------------------------------------------
                         required time                          6.035    
                         arrival time                          -5.522    
  -------------------------------------------------------------------
                         slack                                  0.513    

Slack (MET) :             0.513ns  (required time - arrival time)
  Source:                 u_system/u_replay/array_clr_reg/C
                            (rising edge-triggered cell FDCE clocked by clk  {rise@0.000ns fall@2.000ns period=4.000ns})
  Destination:            u_system/u_replay/g_array.u_array/u_array/u_ref/g_row[8].g_col[26].u_pe/acc1_r_reg[1]/CE
                            (rising edge-triggered cell FDCE clocked by clk  {rise@0.000ns fall@2.000ns period=4.000ns})
  Path Group:             clk
  Path Type:              Setup (Max at Slow Process Corner)
  Requirement:            4.000ns  (clk rise@4.000ns - clk rise@0.000ns)
  Data Path Delay:        3.113ns  (logic 0.143ns (4.594%)  route 2.970ns (95.406%))
  Logic Levels:           1  (LUT3=1)
  Clock Path Skew:        -0.230ns (DCD - SCD + CPR)
    Destination Clock Delay (DCD):    1.871ns = ( 5.871 - 4.000 ) 
    Source Clock Delay      (SCD):    2.410ns
    Clock Pessimism Removal (CPR):    0.309ns
  Clock Uncertainty:      0.085ns  ((TSJ^2 + TIJ^2)^1/2 + DJ) / 2 + PE + UU
    Total System Jitter     (TSJ):    0.071ns
    Total Input Jitter      (TIJ):    0.000ns
    Discrete Jitter          (DJ):    0.000ns
    Phase Error              (PE):    0.000ns
    User Uncertainty         (UU):    0.050ns
  Clock Net Delay (Source):      1.481ns (routing 0.210ns, distribution 1.271ns)
  Clock Net Delay (Destination): 1.231ns (routing 0.190ns, distribution 1.041ns)

    Location             Delay type                Incr(ns)  Path(ns)    Netlist Resource(s)
  -------------------------------------------------------------------    -------------------
                         (clock clk rise edge)        0.000     0.000 r  
    AJ20                                              0.000     0.000 r  clk (IN)
                         net (fo=0)                   0.000     0.000    clk_IBUF_inst/I
    AJ20                 INBUF (Prop_INBUF_HPIOB_M_PAD_O)
                                                      0.565     0.565 r  clk_IBUF_inst/INBUF_INST/O
                         net (fo=1, routed)           0.000     0.565    clk_IBUF_inst/OUT
    AJ20                 IBUFCTRL (Prop_IBUFCTRL_HPIOB_M_I_O)
                                                      0.000     0.565 r  clk_IBUF_inst/IBUFCTRL_INST/O
                         net (fo=1, estimated)        0.336     0.901    clk_IBUF
    BUFGCE_X1Y71         BUFGCE (Prop_BUFCE_BUFGCE_I_O)
                                                      0.028     0.929 r  clk_IBUF_BUFG_inst/O
    X2Y2 (CLOCK_ROOT)    net (fo=185587, estimated)
                                                      1.481     2.410    u_system/u_replay/clk_IBUF_BUFG
    SLICE_X54Y221        FDCE                                         r  u_system/u_replay/array_clr_reg/C
  -------------------------------------------------------------------    -------------------
    SLICE_X54Y221        FDCE (Prop_DFF_SLICEM_C_Q)
                                                      0.078     2.488 r  u_system/u_replay/array_clr_reg/Q
                         net (fo=20949, estimated)    2.446     4.934    u_system/u_replay/g_array.u_array/u_array/u_ref/g_row[8].g_col[26].u_pe/array_clr
    SLICE_X95Y79         LUT3 (Prop_H5LUT_SLICEL_I2_O)
                                                      0.065     4.999 r  u_system/u_replay/g_array.u_array/u_array/u_ref/g_row[8].g_col[26].u_pe/acc0_r/O
                         net (fo=54, estimated)       0.524     5.523    u_system/u_replay/g_array.u_array/u_array/u_ref/g_row[8].g_col[26].u_pe/acc1_r
    SLICE_X97Y68         FDCE                                         r  u_system/u_replay/g_array.u_array/u_array/u_ref/g_row[8].g_col[26].u_pe/acc1_r_reg[1]/CE
  -------------------------------------------------------------------    -------------------

                         (clock clk rise edge)        4.000     4.000 r  
    AJ20                                              0.000     4.000 r  clk (IN)
                         net (fo=0)                   0.000     4.000    clk_IBUF_inst/I
    AJ20                 INBUF (Prop_INBUF_HPIOB_M_PAD_O)
                                                      0.315     4.315 r  clk_IBUF_inst/INBUF_INST/O
                         net (fo=1, routed)           0.000     4.315    clk_IBUF_inst/OUT
    AJ20                 IBUFCTRL (Prop_IBUFCTRL_HPIOB_M_I_O)
                                                      0.000     4.315 r  clk_IBUF_inst/IBUFCTRL_INST/O
                         net (fo=1, estimated)        0.301     4.616    clk_IBUF
    BUFGCE_X1Y71         BUFGCE (Prop_BUFCE_BUFGCE_I_O)
                                                      0.024     4.640 r  clk_IBUF_BUFG_inst/O
    X2Y2 (CLOCK_ROOT)    net (fo=185587, estimated)
                                                      1.231     5.871    u_system/u_replay/g_array.u_array/u_array/u_ref/g_row[8].g_col[26].u_pe/clk_IBUF_BUFG
    SLICE_X97Y68         FDCE                                         r  u_system/u_replay/g_array.u_array/u_array/u_ref/g_row[8].g_col[26].u_pe/acc1_r_reg[1]/C
                         clock pessimism              0.309     6.180    
                         clock uncertainty           -0.085     6.095    
    SLICE_X97Y68         FDCE (Setup_DFF2_SLICEL_C_CE)
                                                     -0.059     6.036    u_system/u_replay/g_array.u_array/u_array/u_ref/g_row[8].g_col[26].u_pe/acc1_r_reg[1]
  -------------------------------------------------------------------
                         required time                          6.036    
                         arrival time                          -5.523    
  -------------------------------------------------------------------
                         slack                                  0.513    

Slack (MET) :             0.513ns  (required time - arrival time)
  Source:                 u_system/u_replay/array_clr_reg/C
                            (rising edge-triggered cell FDCE clocked by clk  {rise@0.000ns fall@2.000ns period=4.000ns})
  Destination:            u_system/u_replay/g_array.u_array/u_array/u_ref/g_row[8].g_col[26].u_pe/acc1_r_reg[3]/CE
                            (rising edge-triggered cell FDCE clocked by clk  {rise@0.000ns fall@2.000ns period=4.000ns})
  Path Group:             clk
  Path Type:              Setup (Max at Slow Process Corner)
  Requirement:            4.000ns  (clk rise@4.000ns - clk rise@0.000ns)
  Data Path Delay:        3.113ns  (logic 0.143ns (4.594%)  route 2.970ns (95.406%))
  Logic Levels:           1  (LUT3=1)
  Clock Path Skew:        -0.230ns (DCD - SCD + CPR)
    Destination Clock Delay (DCD):    1.871ns = ( 5.871 - 4.000 ) 
    Source Clock Delay      (SCD):    2.410ns
    Clock Pessimism Removal (CPR):    0.309ns
  Clock Uncertainty:      0.085ns  ((TSJ^2 + TIJ^2)^1/2 + DJ) / 2 + PE + UU
    Total System Jitter     (TSJ):    0.071ns
    Total Input Jitter      (TIJ):    0.000ns
    Discrete Jitter          (DJ):    0.000ns
    Phase Error              (PE):    0.000ns
    User Uncertainty         (UU):    0.050ns
  Clock Net Delay (Source):      1.481ns (routing 0.210ns, distribution 1.271ns)
  Clock Net Delay (Destination): 1.231ns (routing 0.190ns, distribution 1.041ns)

    Location             Delay type                Incr(ns)  Path(ns)    Netlist Resource(s)
  -------------------------------------------------------------------    -------------------
                         (clock clk rise edge)        0.000     0.000 r  
    AJ20                                              0.000     0.000 r  clk (IN)
                         net (fo=0)                   0.000     0.000    clk_IBUF_inst/I
    AJ20                 INBUF (Prop_INBUF_HPIOB_M_PAD_O)
                                                      0.565     0.565 r  clk_IBUF_inst/INBUF_INST/O
                         net (fo=1, routed)           0.000     0.565    clk_IBUF_inst/OUT
    AJ20                 IBUFCTRL (Prop_IBUFCTRL_HPIOB_M_I_O)
                                                      0.000     0.565 r  clk_IBUF_inst/IBUFCTRL_INST/O
                         net (fo=1, estimated)        0.336     0.901    clk_IBUF
    BUFGCE_X1Y71         BUFGCE (Prop_BUFCE_BUFGCE_I_O)
                                                      0.028     0.929 r  clk_IBUF_BUFG_inst/O
    X2Y2 (CLOCK_ROOT)    net (fo=185587, estimated)
                                                      1.481     2.410    u_system/u_replay/clk_IBUF_BUFG
    SLICE_X54Y221        FDCE                                         r  u_system/u_replay/array_clr_reg/C
  -------------------------------------------------------------------    -------------------
    SLICE_X54Y221        FDCE (Prop_DFF_SLICEM_C_Q)
                                                      0.078     2.488 r  u_system/u_replay/array_clr_reg/Q
                         net (fo=20949, estimated)    2.446     4.934    u_system/u_replay/g_array.u_array/u_array/u_ref/g_row[8].g_col[26].u_pe/array_clr
    SLICE_X95Y79         LUT3 (Prop_H5LUT_SLICEL_I2_O)
                                                      0.065     4.999 r  u_system/u_replay/g_array.u_array/u_array/u_ref/g_row[8].g_col[26].u_pe/acc0_r/O
                         net (fo=54, estimated)       0.524     5.523    u_system/u_replay/g_array.u_array/u_array/u_ref/g_row[8].g_col[26].u_pe/acc1_r
    SLICE_X97Y68         FDCE                                         r  u_system/u_replay/g_array.u_array/u_array/u_ref/g_row[8].g_col[26].u_pe/acc1_r_reg[3]/CE
  -------------------------------------------------------------------    -------------------

                         (clock clk rise edge)        4.000     4.000 r  
    AJ20                                              0.000     4.000 r  clk (IN)
                         net (fo=0)                   0.000     4.000    clk_IBUF_inst/I
    AJ20                 INBUF (Prop_INBUF_HPIOB_M_PAD_O)
                                                      0.315     4.315 r  clk_IBUF_inst/INBUF_INST/O
                         net (fo=1, routed)           0.000     4.315    clk_IBUF_inst/OUT
    AJ20                 IBUFCTRL (Prop_IBUFCTRL_HPIOB_M_I_O)
                                                      0.000     4.315 r  clk_IBUF_inst/IBUFCTRL_INST/O
                         net (fo=1, estimated)        0.301     4.616    clk_IBUF
    BUFGCE_X1Y71         BUFGCE (Prop_BUFCE_BUFGCE_I_O)
                                                      0.024     4.640 r  clk_IBUF_BUFG_inst/O
    X2Y2 (CLOCK_ROOT)    net (fo=185587, estimated)
                                                      1.231     5.871    u_system/u_replay/g_array.u_array/u_array/u_ref/g_row[8].g_col[26].u_pe/clk_IBUF_BUFG
    SLICE_X97Y68         FDCE                                         r  u_system/u_replay/g_array.u_array/u_array/u_ref/g_row[8].g_col[26].u_pe/acc1_r_reg[3]/C
                         clock pessimism              0.309     6.180    
                         clock uncertainty           -0.085     6.095    
    SLICE_X97Y68         FDCE (Setup_CFF2_SLICEL_C_CE)
                                                     -0.059     6.036    u_system/u_replay/g_array.u_array/u_array/u_ref/g_row[8].g_col[26].u_pe/acc1_r_reg[3]
  -------------------------------------------------------------------
                         required time                          6.036    
                         arrival time                          -5.523    
  -------------------------------------------------------------------
                         slack                                  0.513    

Slack (MET) :             0.513ns  (required time - arrival time)
  Source:                 u_system/u_replay/array_clr_reg/C
                            (rising edge-triggered cell FDCE clocked by clk  {rise@0.000ns fall@2.000ns period=4.000ns})
  Destination:            u_system/u_replay/g_array.u_array/u_array/u_ref/g_row[8].g_col[26].u_pe/acc1_r_reg[4]/CE
                            (rising edge-triggered cell FDCE clocked by clk  {rise@0.000ns fall@2.000ns period=4.000ns})
  Path Group:             clk
  Path Type:              Setup (Max at Slow Process Corner)
  Requirement:            4.000ns  (clk rise@4.000ns - clk rise@0.000ns)
  Data Path Delay:        3.113ns  (logic 0.143ns (4.594%)  route 2.970ns (95.406%))
  Logic Levels:           1  (LUT3=1)
  Clock Path Skew:        -0.230ns (DCD - SCD + CPR)
    Destination Clock Delay (DCD):    1.871ns = ( 5.871 - 4.000 ) 
    Source Clock Delay      (SCD):    2.410ns
    Clock Pessimism Removal (CPR):    0.309ns
  Clock Uncertainty:      0.085ns  ((TSJ^2 + TIJ^2)^1/2 + DJ) / 2 + PE + UU
    Total System Jitter     (TSJ):    0.071ns
    Total Input Jitter      (TIJ):    0.000ns
    Discrete Jitter          (DJ):    0.000ns
    Phase Error              (PE):    0.000ns
    User Uncertainty         (UU):    0.050ns
  Clock Net Delay (Source):      1.481ns (routing 0.210ns, distribution 1.271ns)
  Clock Net Delay (Destination): 1.231ns (routing 0.190ns, distribution 1.041ns)

    Location             Delay type                Incr(ns)  Path(ns)    Netlist Resource(s)
  -------------------------------------------------------------------    -------------------
                         (clock clk rise edge)        0.000     0.000 r  
    AJ20                                              0.000     0.000 r  clk (IN)
                         net (fo=0)                   0.000     0.000    clk_IBUF_inst/I
    AJ20                 INBUF (Prop_INBUF_HPIOB_M_PAD_O)
                                                      0.565     0.565 r  clk_IBUF_inst/INBUF_INST/O
                         net (fo=1, routed)           0.000     0.565    clk_IBUF_inst/OUT
    AJ20                 IBUFCTRL (Prop_IBUFCTRL_HPIOB_M_I_O)
                                                      0.000     0.565 r  clk_IBUF_inst/IBUFCTRL_INST/O
                         net (fo=1, estimated)        0.336     0.901    clk_IBUF
    BUFGCE_X1Y71         BUFGCE (Prop_BUFCE_BUFGCE_I_O)
                                                      0.028     0.929 r  clk_IBUF_BUFG_inst/O
    X2Y2 (CLOCK_ROOT)    net (fo=185587, estimated)
                                                      1.481     2.410    u_system/u_replay/clk_IBUF_BUFG
    SLICE_X54Y221        FDCE                                         r  u_system/u_replay/array_clr_reg/C
  -------------------------------------------------------------------    -------------------
    SLICE_X54Y221        FDCE (Prop_DFF_SLICEM_C_Q)
                                                      0.078     2.488 r  u_system/u_replay/array_clr_reg/Q
                         net (fo=20949, estimated)    2.446     4.934    u_system/u_replay/g_array.u_array/u_array/u_ref/g_row[8].g_col[26].u_pe/array_clr
    SLICE_X95Y79         LUT3 (Prop_H5LUT_SLICEL_I2_O)
                                                      0.065     4.999 r  u_system/u_replay/g_array.u_array/u_array/u_ref/g_row[8].g_col[26].u_pe/acc0_r/O
                         net (fo=54, estimated)       0.524     5.523    u_system/u_replay/g_array.u_array/u_array/u_ref/g_row[8].g_col[26].u_pe/acc1_r
    SLICE_X97Y68         FDCE                                         r  u_system/u_replay/g_array.u_array/u_array/u_ref/g_row[8].g_col[26].u_pe/acc1_r_reg[4]/CE
  -------------------------------------------------------------------    -------------------

                         (clock clk rise edge)        4.000     4.000 r  
    AJ20                                              0.000     4.000 r  clk (IN)
                         net (fo=0)                   0.000     4.000    clk_IBUF_inst/I
    AJ20                 INBUF (Prop_INBUF_HPIOB_M_PAD_O)
                                                      0.315     4.315 r  clk_IBUF_inst/INBUF_INST/O
                         net (fo=1, routed)           0.000     4.315    clk_IBUF_inst/OUT
    AJ20                 IBUFCTRL (Prop_IBUFCTRL_HPIOB_M_I_O)
                                                      0.000     4.315 r  clk_IBUF_inst/IBUFCTRL_INST/O
                         net (fo=1, estimated)        0.301     4.616    clk_IBUF
    BUFGCE_X1Y71         BUFGCE (Prop_BUFCE_BUFGCE_I_O)
                                                      0.024     4.640 r  clk_IBUF_BUFG_inst/O
    X2Y2 (CLOCK_ROOT)    net (fo=185587, estimated)
                                                      1.231     5.871    u_system/u_replay/g_array.u_array/u_array/u_ref/g_row[8].g_col[26].u_pe/clk_IBUF_BUFG
    SLICE_X97Y68         FDCE                                         r  u_system/u_replay/g_array.u_array/u_array/u_ref/g_row[8].g_col[26].u_pe/acc1_r_reg[4]/C
                         clock pessimism              0.309     6.180    
                         clock uncertainty           -0.085     6.095    
    SLICE_X97Y68         FDCE (Setup_BFF2_SLICEL_C_CE)
                                                     -0.059     6.036    u_system/u_replay/g_array.u_array/u_array/u_ref/g_row[8].g_col[26].u_pe/acc1_r_reg[4]
  -------------------------------------------------------------------
                         required time                          6.036    
                         arrival time                          -5.523    
  -------------------------------------------------------------------
                         slack                                  0.513    

Slack (MET) :             0.513ns  (required time - arrival time)
  Source:                 u_system/u_replay/array_clr_reg/C
                            (rising edge-triggered cell FDCE clocked by clk  {rise@0.000ns fall@2.000ns period=4.000ns})
  Destination:            u_system/u_replay/g_array.u_array/u_array/u_ref/g_row[8].g_col[26].u_pe/acc1_r_reg[6]/CE
                            (rising edge-triggered cell FDCE clocked by clk  {rise@0.000ns fall@2.000ns period=4.000ns})
  Path Group:             clk
  Path Type:              Setup (Max at Slow Process Corner)
  Requirement:            4.000ns  (clk rise@4.000ns - clk rise@0.000ns)
  Data Path Delay:        3.113ns  (logic 0.143ns (4.594%)  route 2.970ns (95.406%))
  Logic Levels:           1  (LUT3=1)
  Clock Path Skew:        -0.230ns (DCD - SCD + CPR)
    Destination Clock Delay (DCD):    1.871ns = ( 5.871 - 4.000 ) 
    Source Clock Delay      (SCD):    2.410ns
    Clock Pessimism Removal (CPR):    0.309ns
  Clock Uncertainty:      0.085ns  ((TSJ^2 + TIJ^2)^1/2 + DJ) / 2 + PE + UU
    Total System Jitter     (TSJ):    0.071ns
    Total Input Jitter      (TIJ):    0.000ns
    Discrete Jitter          (DJ):    0.000ns
    Phase Error              (PE):    0.000ns
    User Uncertainty         (UU):    0.050ns
  Clock Net Delay (Source):      1.481ns (routing 0.210ns, distribution 1.271ns)
  Clock Net Delay (Destination): 1.231ns (routing 0.190ns, distribution 1.041ns)

    Location             Delay type                Incr(ns)  Path(ns)    Netlist Resource(s)
  -------------------------------------------------------------------    -------------------
                         (clock clk rise edge)        0.000     0.000 r  
    AJ20                                              0.000     0.000 r  clk (IN)
                         net (fo=0)                   0.000     0.000    clk_IBUF_inst/I
    AJ20                 INBUF (Prop_INBUF_HPIOB_M_PAD_O)
                                                      0.565     0.565 r  clk_IBUF_inst/INBUF_INST/O
                         net (fo=1, routed)           0.000     0.565    clk_IBUF_inst/OUT
    AJ20                 IBUFCTRL (Prop_IBUFCTRL_HPIOB_M_I_O)
                                                      0.000     0.565 r  clk_IBUF_inst/IBUFCTRL_INST/O
                         net (fo=1, estimated)        0.336     0.901    clk_IBUF
    BUFGCE_X1Y71         BUFGCE (Prop_BUFCE_BUFGCE_I_O)
                                                      0.028     0.929 r  clk_IBUF_BUFG_inst/O
    X2Y2 (CLOCK_ROOT)    net (fo=185587, estimated)
                                                      1.481     2.410    u_system/u_replay/clk_IBUF_BUFG
    SLICE_X54Y221        FDCE                                         r  u_system/u_replay/array_clr_reg/C
  -------------------------------------------------------------------    -------------------
    SLICE_X54Y221        FDCE (Prop_DFF_SLICEM_C_Q)
                                                      0.078     2.488 r  u_system/u_replay/array_clr_reg/Q
                         net (fo=20949, estimated)    2.446     4.934    u_system/u_replay/g_array.u_array/u_array/u_ref/g_row[8].g_col[26].u_pe/array_clr
    SLICE_X95Y79         LUT3 (Prop_H5LUT_SLICEL_I2_O)
                                                      0.065     4.999 r  u_system/u_replay/g_array.u_array/u_array/u_ref/g_row[8].g_col[26].u_pe/acc0_r/O
                         net (fo=54, estimated)       0.524     5.523    u_system/u_replay/g_array.u_array/u_array/u_ref/g_row[8].g_col[26].u_pe/acc1_r
    SLICE_X97Y68         FDCE                                         r  u_system/u_replay/g_array.u_array/u_array/u_ref/g_row[8].g_col[26].u_pe/acc1_r_reg[6]/CE
  -------------------------------------------------------------------    -------------------

                         (clock clk rise edge)        4.000     4.000 r  
    AJ20                                              0.000     4.000 r  clk (IN)
                         net (fo=0)                   0.000     4.000    clk_IBUF_inst/I
    AJ20                 INBUF (Prop_INBUF_HPIOB_M_PAD_O)
                                                      0.315     4.315 r  clk_IBUF_inst/INBUF_INST/O
                         net (fo=1, routed)           0.000     4.315    clk_IBUF_inst/OUT
    AJ20                 IBUFCTRL (Prop_IBUFCTRL_HPIOB_M_I_O)
                                                      0.000     4.315 r  clk_IBUF_inst/IBUFCTRL_INST/O
                         net (fo=1, estimated)        0.301     4.616    clk_IBUF
    BUFGCE_X1Y71         BUFGCE (Prop_BUFCE_BUFGCE_I_O)
                                                      0.024     4.640 r  clk_IBUF_BUFG_inst/O
    X2Y2 (CLOCK_ROOT)    net (fo=185587, estimated)
                                                      1.231     5.871    u_system/u_replay/g_array.u_array/u_array/u_ref/g_row[8].g_col[26].u_pe/clk_IBUF_BUFG
    SLICE_X97Y68         FDCE                                         r  u_system/u_replay/g_array.u_array/u_array/u_ref/g_row[8].g_col[26].u_pe/acc1_r_reg[6]/C
                         clock pessimism              0.309     6.180    
                         clock uncertainty           -0.085     6.095    
    SLICE_X97Y68         FDCE (Setup_AFF2_SLICEL_C_CE)
                                                     -0.059     6.036    u_system/u_replay/g_array.u_array/u_array/u_ref/g_row[8].g_col[26].u_pe/acc1_r_reg[6]
  -------------------------------------------------------------------
                         required time                          6.036    
                         arrival time                          -5.523    
  -------------------------------------------------------------------
                         slack                                  0.513    

Slack (MET) :             0.522ns  (required time - arrival time)
  Source:                 u_system/u_replay/array_clr_reg/C
                            (rising edge-triggered cell FDCE clocked by clk  {rise@0.000ns fall@2.000ns period=4.000ns})
  Destination:            u_system/u_replay/g_array.u_array/u_array/u_ref/g_row[12].g_col[26].u_pe/acc0_r_reg[14]/CE
                            (rising edge-triggered cell FDCE clocked by clk  {rise@0.000ns fall@2.000ns period=4.000ns})
  Path Group:             clk
  Path Type:              Setup (Max at Slow Process Corner)
  Requirement:            4.000ns  (clk rise@4.000ns - clk rise@0.000ns)
  Data Path Delay:        3.149ns  (logic 0.128ns (4.065%)  route 3.021ns (95.935%))
  Logic Levels:           1  (LUT3=1)
  Clock Path Skew:        -0.184ns (DCD - SCD + CPR)
    Destination Clock Delay (DCD):    1.917ns = ( 5.917 - 4.000 ) 
    Source Clock Delay      (SCD):    2.410ns
    Clock Pessimism Removal (CPR):    0.309ns
  Clock Uncertainty:      0.085ns  ((TSJ^2 + TIJ^2)^1/2 + DJ) / 2 + PE + UU
    Total System Jitter     (TSJ):    0.071ns
    Total Input Jitter      (TIJ):    0.000ns
    Discrete Jitter          (DJ):    0.000ns
    Phase Error              (PE):    0.000ns
    User Uncertainty         (UU):    0.050ns
  Clock Net Delay (Source):      1.481ns (routing 0.210ns, distribution 1.271ns)
  Clock Net Delay (Destination): 1.277ns (routing 0.190ns, distribution 1.087ns)

    Location             Delay type                Incr(ns)  Path(ns)    Netlist Resource(s)
  -------------------------------------------------------------------    -------------------
                         (clock clk rise edge)        0.000     0.000 r  
    AJ20                                              0.000     0.000 r  clk (IN)
                         net (fo=0)                   0.000     0.000    clk_IBUF_inst/I
    AJ20                 INBUF (Prop_INBUF_HPIOB_M_PAD_O)
                                                      0.565     0.565 r  clk_IBUF_inst/INBUF_INST/O
                         net (fo=1, routed)           0.000     0.565    clk_IBUF_inst/OUT
    AJ20                 IBUFCTRL (Prop_IBUFCTRL_HPIOB_M_I_O)
                                                      0.000     0.565 r  clk_IBUF_inst/IBUFCTRL_INST/O
                         net (fo=1, estimated)        0.336     0.901    clk_IBUF
    BUFGCE_X1Y71         BUFGCE (Prop_BUFCE_BUFGCE_I_O)
                                                      0.028     0.929 r  clk_IBUF_BUFG_inst/O
    X2Y2 (CLOCK_ROOT)    net (fo=185587, estimated)
                                                      1.481     2.410    u_system/u_replay/clk_IBUF_BUFG
    SLICE_X54Y221        FDCE                                         r  u_system/u_replay/array_clr_reg/C
  -------------------------------------------------------------------    -------------------
    SLICE_X54Y221        FDCE (Prop_DFF_SLICEM_C_Q)
                                                      0.078     2.488 r  u_system/u_replay/array_clr_reg/Q
                         net (fo=20949, estimated)    1.506     3.994    u_system/u_replay/g_array.u_array/u_array/u_ref/g_row[12].g_col[26].u_pe/array_clr
    SLICE_X72Y148        LUT3 (Prop_A6LUT_SLICEL_I2_O)
                                                      0.050     4.044 r  u_system/u_replay/g_array.u_array/u_array/u_ref/g_row[12].g_col[26].u_pe/acc0_r/O
                         net (fo=54, estimated)       1.515     5.559    u_system/u_replay/g_array.u_array/u_array/u_ref/g_row[12].g_col[26].u_pe/acc1_r
    SLICE_X100Y74        FDCE                                         r  u_system/u_replay/g_array.u_array/u_array/u_ref/g_row[12].g_col[26].u_pe/acc0_r_reg[14]/CE
  -------------------------------------------------------------------    -------------------

                         (clock clk rise edge)        4.000     4.000 r  
    AJ20                                              0.000     4.000 r  clk (IN)
                         net (fo=0)                   0.000     4.000    clk_IBUF_inst/I
    AJ20                 INBUF (Prop_INBUF_HPIOB_M_PAD_O)
                                                      0.315     4.315 r  clk_IBUF_inst/INBUF_INST/O
                         net (fo=1, routed)           0.000     4.315    clk_IBUF_inst/OUT
    AJ20                 IBUFCTRL (Prop_IBUFCTRL_HPIOB_M_I_O)
                                                      0.000     4.315 r  clk_IBUF_inst/IBUFCTRL_INST/O
                         net (fo=1, estimated)        0.301     4.616    clk_IBUF
    BUFGCE_X1Y71         BUFGCE (Prop_BUFCE_BUFGCE_I_O)
                                                      0.024     4.640 r  clk_IBUF_BUFG_inst/O
    X2Y2 (CLOCK_ROOT)    net (fo=185587, estimated)
                                                      1.277     5.917    u_system/u_replay/g_array.u_array/u_array/u_ref/g_row[12].g_col[26].u_pe/clk_IBUF_BUFG
    SLICE_X100Y74        FDCE                                         r  u_system/u_replay/g_array.u_array/u_array/u_ref/g_row[12].g_col[26].u_pe/acc0_r_reg[14]/C
                         clock pessimism              0.309     6.226    
                         clock uncertainty           -0.085     6.141    
    SLICE_X100Y74        FDCE (Setup_DFF_SLICEL_C_CE)
                                                     -0.060     6.081    u_system/u_replay/g_array.u_array/u_array/u_ref/g_row[12].g_col[26].u_pe/acc0_r_reg[14]
  -------------------------------------------------------------------
                         required time                          6.081    
                         arrival time                          -5.559    
  -------------------------------------------------------------------
                         slack                                  0.522    

Slack (MET) :             0.522ns  (required time - arrival time)
  Source:                 u_system/u_replay/array_clr_reg/C
                            (rising edge-triggered cell FDCE clocked by clk  {rise@0.000ns fall@2.000ns period=4.000ns})
  Destination:            u_system/u_replay/g_array.u_array/u_array/u_ref/g_row[12].g_col[26].u_pe/acc0_r_reg[16]/CE
                            (rising edge-triggered cell FDCE clocked by clk  {rise@0.000ns fall@2.000ns period=4.000ns})
  Path Group:             clk
  Path Type:              Setup (Max at Slow Process Corner)
  Requirement:            4.000ns  (clk rise@4.000ns - clk rise@0.000ns)
  Data Path Delay:        3.149ns  (logic 0.128ns (4.065%)  route 3.021ns (95.935%))
  Logic Levels:           1  (LUT3=1)
  Clock Path Skew:        -0.184ns (DCD - SCD + CPR)
    Destination Clock Delay (DCD):    1.917ns = ( 5.917 - 4.000 ) 
    Source Clock Delay      (SCD):    2.410ns
    Clock Pessimism Removal (CPR):    0.309ns
  Clock Uncertainty:      0.085ns  ((TSJ^2 + TIJ^2)^1/2 + DJ) / 2 + PE + UU
    Total System Jitter     (TSJ):    0.071ns
    Total Input Jitter      (TIJ):    0.000ns
    Discrete Jitter          (DJ):    0.000ns
    Phase Error              (PE):    0.000ns
    User Uncertainty         (UU):    0.050ns
  Clock Net Delay (Source):      1.481ns (routing 0.210ns, distribution 1.271ns)
  Clock Net Delay (Destination): 1.277ns (routing 0.190ns, distribution 1.087ns)

    Location             Delay type                Incr(ns)  Path(ns)    Netlist Resource(s)
  -------------------------------------------------------------------    -------------------
                         (clock clk rise edge)        0.000     0.000 r  
    AJ20                                              0.000     0.000 r  clk (IN)
                         net (fo=0)                   0.000     0.000    clk_IBUF_inst/I
    AJ20                 INBUF (Prop_INBUF_HPIOB_M_PAD_O)
                                                      0.565     0.565 r  clk_IBUF_inst/INBUF_INST/O
                         net (fo=1, routed)           0.000     0.565    clk_IBUF_inst/OUT
    AJ20                 IBUFCTRL (Prop_IBUFCTRL_HPIOB_M_I_O)
                                                      0.000     0.565 r  clk_IBUF_inst/IBUFCTRL_INST/O
                         net (fo=1, estimated)        0.336     0.901    clk_IBUF
    BUFGCE_X1Y71         BUFGCE (Prop_BUFCE_BUFGCE_I_O)
                                                      0.028     0.929 r  clk_IBUF_BUFG_inst/O
    X2Y2 (CLOCK_ROOT)    net (fo=185587, estimated)
                                                      1.481     2.410    u_system/u_replay/clk_IBUF_BUFG
    SLICE_X54Y221        FDCE                                         r  u_system/u_replay/array_clr_reg/C
  -------------------------------------------------------------------    -------------------
    SLICE_X54Y221        FDCE (Prop_DFF_SLICEM_C_Q)
                                                      0.078     2.488 r  u_system/u_replay/array_clr_reg/Q
                         net (fo=20949, estimated)    1.506     3.994    u_system/u_replay/g_array.u_array/u_array/u_ref/g_row[12].g_col[26].u_pe/array_clr
    SLICE_X72Y148        LUT3 (Prop_A6LUT_SLICEL_I2_O)
                                                      0.050     4.044 r  u_system/u_replay/g_array.u_array/u_array/u_ref/g_row[12].g_col[26].u_pe/acc0_r/O
                         net (fo=54, estimated)       1.515     5.559    u_system/u_replay/g_array.u_array/u_array/u_ref/g_row[12].g_col[26].u_pe/acc1_r
    SLICE_X100Y74        FDCE                                         r  u_system/u_replay/g_array.u_array/u_array/u_ref/g_row[12].g_col[26].u_pe/acc0_r_reg[16]/CE
  -------------------------------------------------------------------    -------------------

                         (clock clk rise edge)        4.000     4.000 r  
    AJ20                                              0.000     4.000 r  clk (IN)
                         net (fo=0)                   0.000     4.000    clk_IBUF_inst/I
    AJ20                 INBUF (Prop_INBUF_HPIOB_M_PAD_O)
                                                      0.315     4.315 r  clk_IBUF_inst/INBUF_INST/O
                         net (fo=1, routed)           0.000     4.315    clk_IBUF_inst/OUT
    AJ20                 IBUFCTRL (Prop_IBUFCTRL_HPIOB_M_I_O)
                                                      0.000     4.315 r  clk_IBUF_inst/IBUFCTRL_INST/O
                         net (fo=1, estimated)        0.301     4.616    clk_IBUF
    BUFGCE_X1Y71         BUFGCE (Prop_BUFCE_BUFGCE_I_O)
                                                      0.024     4.640 r  clk_IBUF_BUFG_inst/O
    X2Y2 (CLOCK_ROOT)    net (fo=185587, estimated)
                                                      1.277     5.917    u_system/u_replay/g_array.u_array/u_array/u_ref/g_row[12].g_col[26].u_pe/clk_IBUF_BUFG
    SLICE_X100Y74        FDCE                                         r  u_system/u_replay/g_array.u_array/u_array/u_ref/g_row[12].g_col[26].u_pe/acc0_r_reg[16]/C
                         clock pessimism              0.309     6.226    
                         clock uncertainty           -0.085     6.141    
    SLICE_X100Y74        FDCE (Setup_CFF_SLICEL_C_CE)
                                                     -0.060     6.081    u_system/u_replay/g_array.u_array/u_array/u_ref/g_row[12].g_col[26].u_pe/acc0_r_reg[16]
  -------------------------------------------------------------------
                         required time                          6.081    
                         arrival time                          -5.559    
  -------------------------------------------------------------------
                         slack                                  0.522    

Slack (MET) :             0.522ns  (required time - arrival time)
  Source:                 u_system/u_replay/array_clr_reg/C
                            (rising edge-triggered cell FDCE clocked by clk  {rise@0.000ns fall@2.000ns period=4.000ns})
  Destination:            u_system/u_replay/g_array.u_array/u_array/u_ref/g_row[8].g_col[26].u_pe/acc0_r_reg[2]/CE
                            (rising edge-triggered cell FDCE clocked by clk  {rise@0.000ns fall@2.000ns period=4.000ns})
  Path Group:             clk
  Path Type:              Setup (Max at Slow Process Corner)
  Requirement:            4.000ns  (clk rise@4.000ns - clk rise@0.000ns)
  Data Path Delay:        3.118ns  (logic 0.143ns (4.586%)  route 2.975ns (95.414%))
  Logic Levels:           1  (LUT3=1)
  Clock Path Skew:        -0.215ns (DCD - SCD + CPR)
    Destination Clock Delay (DCD):    1.886ns = ( 5.886 - 4.000 ) 
    Source Clock Delay      (SCD):    2.410ns
    Clock Pessimism Removal (CPR):    0.309ns
  Clock Uncertainty:      0.085ns  ((TSJ^2 + TIJ^2)^1/2 + DJ) / 2 + PE + UU
    Total System Jitter     (TSJ):    0.071ns
    Total Input Jitter      (TIJ):    0.000ns
    Discrete Jitter          (DJ):    0.000ns
    Phase Error              (PE):    0.000ns
    User Uncertainty         (UU):    0.050ns
  Clock Net Delay (Source):      1.481ns (routing 0.210ns, distribution 1.271ns)
  Clock Net Delay (Destination): 1.246ns (routing 0.190ns, distribution 1.056ns)

    Location             Delay type                Incr(ns)  Path(ns)    Netlist Resource(s)
  -------------------------------------------------------------------    -------------------
                         (clock clk rise edge)        0.000     0.000 r  
    AJ20                                              0.000     0.000 r  clk (IN)
                         net (fo=0)                   0.000     0.000    clk_IBUF_inst/I
    AJ20                 INBUF (Prop_INBUF_HPIOB_M_PAD_O)
                                                      0.565     0.565 r  clk_IBUF_inst/INBUF_INST/O
                         net (fo=1, routed)           0.000     0.565    clk_IBUF_inst/OUT
    AJ20                 IBUFCTRL (Prop_IBUFCTRL_HPIOB_M_I_O)
                                                      0.000     0.565 r  clk_IBUF_inst/IBUFCTRL_INST/O
                         net (fo=1, estimated)        0.336     0.901    clk_IBUF
    BUFGCE_X1Y71         BUFGCE (Prop_BUFCE_BUFGCE_I_O)
                                                      0.028     0.929 r  clk_IBUF_BUFG_inst/O
    X2Y2 (CLOCK_ROOT)    net (fo=185587, estimated)
                                                      1.481     2.410    u_system/u_replay/clk_IBUF_BUFG
    SLICE_X54Y221        FDCE                                         r  u_system/u_replay/array_clr_reg/C
  -------------------------------------------------------------------    -------------------
    SLICE_X54Y221        FDCE (Prop_DFF_SLICEM_C_Q)
                                                      0.078     2.488 r  u_system/u_replay/array_clr_reg/Q
                         net (fo=20949, estimated)    2.446     4.934    u_system/u_replay/g_array.u_array/u_array/u_ref/g_row[8].g_col[26].u_pe/array_clr
    SLICE_X95Y79         LUT3 (Prop_H5LUT_SLICEL_I2_O)
                                                      0.065     4.999 r  u_system/u_replay/g_array.u_array/u_array/u_ref/g_row[8].g_col[26].u_pe/acc0_r/O
                         net (fo=54, estimated)       0.529     5.528    u_system/u_replay/g_array.u_array/u_array/u_ref/g_row[8].g_col[26].u_pe/acc1_r
    SLICE_X98Y62         FDCE                                         r  u_system/u_replay/g_array.u_array/u_array/u_ref/g_row[8].g_col[26].u_pe/acc0_r_reg[2]/CE
  -------------------------------------------------------------------    -------------------

                         (clock clk rise edge)        4.000     4.000 r  
    AJ20                                              0.000     4.000 r  clk (IN)
                         net (fo=0)                   0.000     4.000    clk_IBUF_inst/I
    AJ20                 INBUF (Prop_INBUF_HPIOB_M_PAD_O)
                                                      0.315     4.315 r  clk_IBUF_inst/INBUF_INST/O
                         net (fo=1, routed)           0.000     4.315    clk_IBUF_inst/OUT
    AJ20                 IBUFCTRL (Prop_IBUFCTRL_HPIOB_M_I_O)
                                                      0.000     4.315 r  clk_IBUF_inst/IBUFCTRL_INST/O
                         net (fo=1, estimated)        0.301     4.616    clk_IBUF
    BUFGCE_X1Y71         BUFGCE (Prop_BUFCE_BUFGCE_I_O)
                                                      0.024     4.640 r  clk_IBUF_BUFG_inst/O
    X2Y2 (CLOCK_ROOT)    net (fo=185587, estimated)
                                                      1.246     5.886    u_system/u_replay/g_array.u_array/u_array/u_ref/g_row[8].g_col[26].u_pe/clk_IBUF_BUFG
    SLICE_X98Y62         FDCE                                         r  u_system/u_replay/g_array.u_array/u_array/u_ref/g_row[8].g_col[26].u_pe/acc0_r_reg[2]/C
                         clock pessimism              0.309     6.195    
                         clock uncertainty           -0.085     6.110    
    SLICE_X98Y62         FDCE (Setup_DFF_SLICEL_C_CE)
                                                     -0.060     6.050    u_system/u_replay/g_array.u_array/u_array/u_ref/g_row[8].g_col[26].u_pe/acc0_r_reg[2]
  -------------------------------------------------------------------
                         required time                          6.050    
                         arrival time                          -5.528    
  -------------------------------------------------------------------
                         slack                                  0.522    

Slack (MET) :             0.522ns  (required time - arrival time)
  Source:                 u_system/u_replay/array_clr_reg/C
                            (rising edge-triggered cell FDCE clocked by clk  {rise@0.000ns fall@2.000ns period=4.000ns})
  Destination:            u_system/u_replay/g_array.u_array/u_array/u_ref/g_row[8].g_col[26].u_pe/acc0_r_reg[7]/CE
                            (rising edge-triggered cell FDCE clocked by clk  {rise@0.000ns fall@2.000ns period=4.000ns})
  Path Group:             clk
  Path Type:              Setup (Max at Slow Process Corner)
  Requirement:            4.000ns  (clk rise@4.000ns - clk rise@0.000ns)
  Data Path Delay:        3.118ns  (logic 0.143ns (4.586%)  route 2.975ns (95.414%))
  Logic Levels:           1  (LUT3=1)
  Clock Path Skew:        -0.215ns (DCD - SCD + CPR)
    Destination Clock Delay (DCD):    1.886ns = ( 5.886 - 4.000 ) 
    Source Clock Delay      (SCD):    2.410ns
    Clock Pessimism Removal (CPR):    0.309ns
  Clock Uncertainty:      0.085ns  ((TSJ^2 + TIJ^2)^1/2 + DJ) / 2 + PE + UU
    Total System Jitter     (TSJ):    0.071ns
    Total Input Jitter      (TIJ):    0.000ns
    Discrete Jitter          (DJ):    0.000ns
    Phase Error              (PE):    0.000ns
    User Uncertainty         (UU):    0.050ns
  Clock Net Delay (Source):      1.481ns (routing 0.210ns, distribution 1.271ns)
  Clock Net Delay (Destination): 1.246ns (routing 0.190ns, distribution 1.056ns)

    Location             Delay type                Incr(ns)  Path(ns)    Netlist Resource(s)
  -------------------------------------------------------------------    -------------------
                         (clock clk rise edge)        0.000     0.000 r  
    AJ20                                              0.000     0.000 r  clk (IN)
                         net (fo=0)                   0.000     0.000    clk_IBUF_inst/I
    AJ20                 INBUF (Prop_INBUF_HPIOB_M_PAD_O)
                                                      0.565     0.565 r  clk_IBUF_inst/INBUF_INST/O
                         net (fo=1, routed)           0.000     0.565    clk_IBUF_inst/OUT
    AJ20                 IBUFCTRL (Prop_IBUFCTRL_HPIOB_M_I_O)
                                                      0.000     0.565 r  clk_IBUF_inst/IBUFCTRL_INST/O
                         net (fo=1, estimated)        0.336     0.901    clk_IBUF
    BUFGCE_X1Y71         BUFGCE (Prop_BUFCE_BUFGCE_I_O)
                                                      0.028     0.929 r  clk_IBUF_BUFG_inst/O
    X2Y2 (CLOCK_ROOT)    net (fo=185587, estimated)
                                                      1.481     2.410    u_system/u_replay/clk_IBUF_BUFG
    SLICE_X54Y221        FDCE                                         r  u_system/u_replay/array_clr_reg/C
  -------------------------------------------------------------------    -------------------
    SLICE_X54Y221        FDCE (Prop_DFF_SLICEM_C_Q)
                                                      0.078     2.488 r  u_system/u_replay/array_clr_reg/Q
                         net (fo=20949, estimated)    2.446     4.934    u_system/u_replay/g_array.u_array/u_array/u_ref/g_row[8].g_col[26].u_pe/array_clr
    SLICE_X95Y79         LUT3 (Prop_H5LUT_SLICEL_I2_O)
                                                      0.065     4.999 r  u_system/u_replay/g_array.u_array/u_array/u_ref/g_row[8].g_col[26].u_pe/acc0_r/O
                         net (fo=54, estimated)       0.529     5.528    u_system/u_replay/g_array.u_array/u_array/u_ref/g_row[8].g_col[26].u_pe/acc1_r
    SLICE_X98Y62         FDCE                                         r  u_system/u_replay/g_array.u_array/u_array/u_ref/g_row[8].g_col[26].u_pe/acc0_r_reg[7]/CE
  -------------------------------------------------------------------    -------------------

                         (clock clk rise edge)        4.000     4.000 r  
    AJ20                                              0.000     4.000 r  clk (IN)
                         net (fo=0)                   0.000     4.000    clk_IBUF_inst/I
    AJ20                 INBUF (Prop_INBUF_HPIOB_M_PAD_O)
                                                      0.315     4.315 r  clk_IBUF_inst/INBUF_INST/O
                         net (fo=1, routed)           0.000     4.315    clk_IBUF_inst/OUT
    AJ20                 IBUFCTRL (Prop_IBUFCTRL_HPIOB_M_I_O)
                                                      0.000     4.315 r  clk_IBUF_inst/IBUFCTRL_INST/O
                         net (fo=1, estimated)        0.301     4.616    clk_IBUF
    BUFGCE_X1Y71         BUFGCE (Prop_BUFCE_BUFGCE_I_O)
                                                      0.024     4.640 r  clk_IBUF_BUFG_inst/O
    X2Y2 (CLOCK_ROOT)    net (fo=185587, estimated)
                                                      1.246     5.886    u_system/u_replay/g_array.u_array/u_array/u_ref/g_row[8].g_col[26].u_pe/clk_IBUF_BUFG
    SLICE_X98Y62         FDCE                                         r  u_system/u_replay/g_array.u_array/u_array/u_ref/g_row[8].g_col[26].u_pe/acc0_r_reg[7]/C
                         clock pessimism              0.309     6.195    
                         clock uncertainty           -0.085     6.110    
    SLICE_X98Y62         FDCE (Setup_AFF_SLICEL_C_CE)
                                                     -0.060     6.050    u_system/u_replay/g_array.u_array/u_array/u_ref/g_row[8].g_col[26].u_pe/acc0_r_reg[7]
  -------------------------------------------------------------------
                         required time                          6.050    
                         arrival time                          -5.528    
  -------------------------------------------------------------------
                         slack                                  0.522    

Slack (MET) :             0.522ns  (required time - arrival time)
  Source:                 u_system/u_replay/array_clr_reg/C
                            (rising edge-triggered cell FDCE clocked by clk  {rise@0.000ns fall@2.000ns period=4.000ns})
  Destination:            u_system/u_replay/g_array.u_array/u_array/u_ref/g_row[8].g_col[26].u_pe/acc1_r_reg[2]/CE
                            (rising edge-triggered cell FDCE clocked by clk  {rise@0.000ns fall@2.000ns period=4.000ns})
  Path Group:             clk
  Path Type:              Setup (Max at Slow Process Corner)
  Requirement:            4.000ns  (clk rise@4.000ns - clk rise@0.000ns)
  Data Path Delay:        3.119ns  (logic 0.143ns (4.585%)  route 2.976ns (95.415%))
  Logic Levels:           1  (LUT3=1)
  Clock Path Skew:        -0.215ns (DCD - SCD + CPR)
    Destination Clock Delay (DCD):    1.886ns = ( 5.886 - 4.000 ) 
    Source Clock Delay      (SCD):    2.410ns
    Clock Pessimism Removal (CPR):    0.309ns
  Clock Uncertainty:      0.085ns  ((TSJ^2 + TIJ^2)^1/2 + DJ) / 2 + PE + UU
    Total System Jitter     (TSJ):    0.071ns
    Total Input Jitter      (TIJ):    0.000ns
    Discrete Jitter          (DJ):    0.000ns
    Phase Error              (PE):    0.000ns
    User Uncertainty         (UU):    0.050ns
  Clock Net Delay (Source):      1.481ns (routing 0.210ns, distribution 1.271ns)
  Clock Net Delay (Destination): 1.246ns (routing 0.190ns, distribution 1.056ns)

    Location             Delay type                Incr(ns)  Path(ns)    Netlist Resource(s)
  -------------------------------------------------------------------    -------------------
                         (clock clk rise edge)        0.000     0.000 r  
    AJ20                                              0.000     0.000 r  clk (IN)
                         net (fo=0)                   0.000     0.000    clk_IBUF_inst/I
    AJ20                 INBUF (Prop_INBUF_HPIOB_M_PAD_O)
                                                      0.565     0.565 r  clk_IBUF_inst/INBUF_INST/O
                         net (fo=1, routed)           0.000     0.565    clk_IBUF_inst/OUT
    AJ20                 IBUFCTRL (Prop_IBUFCTRL_HPIOB_M_I_O)
                                                      0.000     0.565 r  clk_IBUF_inst/IBUFCTRL_INST/O
                         net (fo=1, estimated)        0.336     0.901    clk_IBUF
    BUFGCE_X1Y71         BUFGCE (Prop_BUFCE_BUFGCE_I_O)
                                                      0.028     0.929 r  clk_IBUF_BUFG_inst/O
    X2Y2 (CLOCK_ROOT)    net (fo=185587, estimated)
                                                      1.481     2.410    u_system/u_replay/clk_IBUF_BUFG
    SLICE_X54Y221        FDCE                                         r  u_system/u_replay/array_clr_reg/C
  -------------------------------------------------------------------    -------------------
    SLICE_X54Y221        FDCE (Prop_DFF_SLICEM_C_Q)
                                                      0.078     2.488 r  u_system/u_replay/array_clr_reg/Q
                         net (fo=20949, estimated)    2.446     4.934    u_system/u_replay/g_array.u_array/u_array/u_ref/g_row[8].g_col[26].u_pe/array_clr
    SLICE_X95Y79         LUT3 (Prop_H5LUT_SLICEL_I2_O)
                                                      0.065     4.999 r  u_system/u_replay/g_array.u_array/u_array/u_ref/g_row[8].g_col[26].u_pe/acc0_r/O
                         net (fo=54, estimated)       0.530     5.529    u_system/u_replay/g_array.u_array/u_array/u_ref/g_row[8].g_col[26].u_pe/acc1_r
    SLICE_X98Y62         FDCE                                         r  u_system/u_replay/g_array.u_array/u_array/u_ref/g_row[8].g_col[26].u_pe/acc1_r_reg[2]/CE
  -------------------------------------------------------------------    -------------------

                         (clock clk rise edge)        4.000     4.000 r  
    AJ20                                              0.000     4.000 r  clk (IN)
                         net (fo=0)                   0.000     4.000    clk_IBUF_inst/I
    AJ20                 INBUF (Prop_INBUF_HPIOB_M_PAD_O)
                                                      0.315     4.315 r  clk_IBUF_inst/INBUF_INST/O
                         net (fo=1, routed)           0.000     4.315    clk_IBUF_inst/OUT
    AJ20                 IBUFCTRL (Prop_IBUFCTRL_HPIOB_M_I_O)
                                                      0.000     4.315 r  clk_IBUF_inst/IBUFCTRL_INST/O
                         net (fo=1, estimated)        0.301     4.616    clk_IBUF
    BUFGCE_X1Y71         BUFGCE (Prop_BUFCE_BUFGCE_I_O)
                                                      0.024     4.640 r  clk_IBUF_BUFG_inst/O
    X2Y2 (CLOCK_ROOT)    net (fo=185587, estimated)
                                                      1.246     5.886    u_system/u_replay/g_array.u_array/u_array/u_ref/g_row[8].g_col[26].u_pe/clk_IBUF_BUFG
    SLICE_X98Y62         FDCE                                         r  u_system/u_replay/g_array.u_array/u_array/u_ref/g_row[8].g_col[26].u_pe/acc1_r_reg[2]/C
                         clock pessimism              0.309     6.195    
                         clock uncertainty           -0.085     6.110    
    SLICE_X98Y62         FDCE (Setup_DFF2_SLICEL_C_CE)
                                                     -0.059     6.051    u_system/u_replay/g_array.u_array/u_array/u_ref/g_row[8].g_col[26].u_pe/acc1_r_reg[2]
  -------------------------------------------------------------------
                         required time                          6.051    
                         arrival time                          -5.529    
  -------------------------------------------------------------------
                         slack                                  0.522    

Slack (MET) :             0.522ns  (required time - arrival time)
  Source:                 u_system/u_replay/array_clr_reg/C
                            (rising edge-triggered cell FDCE clocked by clk  {rise@0.000ns fall@2.000ns period=4.000ns})
  Destination:            u_system/u_replay/g_array.u_array/u_array/u_ref/g_row[8].g_col[26].u_pe/acc1_r_reg[7]/CE
                            (rising edge-triggered cell FDCE clocked by clk  {rise@0.000ns fall@2.000ns period=4.000ns})
  Path Group:             clk
  Path Type:              Setup (Max at Slow Process Corner)
  Requirement:            4.000ns  (clk rise@4.000ns - clk rise@0.000ns)
  Data Path Delay:        3.119ns  (logic 0.143ns (4.585%)  route 2.976ns (95.415%))
  Logic Levels:           1  (LUT3=1)
  Clock Path Skew:        -0.215ns (DCD - SCD + CPR)
    Destination Clock Delay (DCD):    1.886ns = ( 5.886 - 4.000 ) 
    Source Clock Delay      (SCD):    2.410ns
    Clock Pessimism Removal (CPR):    0.309ns
  Clock Uncertainty:      0.085ns  ((TSJ^2 + TIJ^2)^1/2 + DJ) / 2 + PE + UU
    Total System Jitter     (TSJ):    0.071ns
    Total Input Jitter      (TIJ):    0.000ns
    Discrete Jitter          (DJ):    0.000ns
    Phase Error              (PE):    0.000ns
    User Uncertainty         (UU):    0.050ns
  Clock Net Delay (Source):      1.481ns (routing 0.210ns, distribution 1.271ns)
  Clock Net Delay (Destination): 1.246ns (routing 0.190ns, distribution 1.056ns)

    Location             Delay type                Incr(ns)  Path(ns)    Netlist Resource(s)
  -------------------------------------------------------------------    -------------------
                         (clock clk rise edge)        0.000     0.000 r  
    AJ20                                              0.000     0.000 r  clk (IN)
                         net (fo=0)                   0.000     0.000    clk_IBUF_inst/I
    AJ20                 INBUF (Prop_INBUF_HPIOB_M_PAD_O)
                                                      0.565     0.565 r  clk_IBUF_inst/INBUF_INST/O
                         net (fo=1, routed)           0.000     0.565    clk_IBUF_inst/OUT
    AJ20                 IBUFCTRL (Prop_IBUFCTRL_HPIOB_M_I_O)
                                                      0.000     0.565 r  clk_IBUF_inst/IBUFCTRL_INST/O
                         net (fo=1, estimated)        0.336     0.901    clk_IBUF
    BUFGCE_X1Y71         BUFGCE (Prop_BUFCE_BUFGCE_I_O)
                                                      0.028     0.929 r  clk_IBUF_BUFG_inst/O
    X2Y2 (CLOCK_ROOT)    net (fo=185587, estimated)
                                                      1.481     2.410    u_system/u_replay/clk_IBUF_BUFG
    SLICE_X54Y221        FDCE                                         r  u_system/u_replay/array_clr_reg/C
  -------------------------------------------------------------------    -------------------
    SLICE_X54Y221        FDCE (Prop_DFF_SLICEM_C_Q)
                                                      0.078     2.488 r  u_system/u_replay/array_clr_reg/Q
                         net (fo=20949, estimated)    2.446     4.934    u_system/u_replay/g_array.u_array/u_array/u_ref/g_row[8].g_col[26].u_pe/array_clr
    SLICE_X95Y79         LUT3 (Prop_H5LUT_SLICEL_I2_O)
                                                      0.065     4.999 r  u_system/u_replay/g_array.u_array/u_array/u_ref/g_row[8].g_col[26].u_pe/acc0_r/O
                         net (fo=54, estimated)       0.530     5.529    u_system/u_replay/g_array.u_array/u_array/u_ref/g_row[8].g_col[26].u_pe/acc1_r
    SLICE_X98Y62         FDCE                                         r  u_system/u_replay/g_array.u_array/u_array/u_ref/g_row[8].g_col[26].u_pe/acc1_r_reg[7]/CE
  -------------------------------------------------------------------    -------------------

                         (clock clk rise edge)        4.000     4.000 r  
    AJ20                                              0.000     4.000 r  clk (IN)
                         net (fo=0)                   0.000     4.000    clk_IBUF_inst/I
    AJ20                 INBUF (Prop_INBUF_HPIOB_M_PAD_O)
                                                      0.315     4.315 r  clk_IBUF_inst/INBUF_INST/O
                         net (fo=1, routed)           0.000     4.315    clk_IBUF_inst/OUT
    AJ20                 IBUFCTRL (Prop_IBUFCTRL_HPIOB_M_I_O)
                                                      0.000     4.315 r  clk_IBUF_inst/IBUFCTRL_INST/O
                         net (fo=1, estimated)        0.301     4.616    clk_IBUF
    BUFGCE_X1Y71         BUFGCE (Prop_BUFCE_BUFGCE_I_O)
                                                      0.024     4.640 r  clk_IBUF_BUFG_inst/O
    X2Y2 (CLOCK_ROOT)    net (fo=185587, estimated)
                                                      1.246     5.886    u_system/u_replay/g_array.u_array/u_array/u_ref/g_row[8].g_col[26].u_pe/clk_IBUF_BUFG
    SLICE_X98Y62         FDCE                                         r  u_system/u_replay/g_array.u_array/u_array/u_ref/g_row[8].g_col[26].u_pe/acc1_r_reg[7]/C
                         clock pessimism              0.309     6.195    
                         clock uncertainty           -0.085     6.110    
    SLICE_X98Y62         FDCE (Setup_AFF2_SLICEL_C_CE)
                                                     -0.059     6.051    u_system/u_replay/g_array.u_array/u_array/u_ref/g_row[8].g_col[26].u_pe/acc1_r_reg[7]
  -------------------------------------------------------------------
                         required time                          6.051    
                         arrival time                          -5.529    
  -------------------------------------------------------------------
                         slack                                  0.522    

Slack (MET) :             0.522ns  (required time - arrival time)
  Source:                 u_system/u_replay/array_clr_reg/C
                            (rising edge-triggered cell FDCE clocked by clk  {rise@0.000ns fall@2.000ns period=4.000ns})
  Destination:            u_system/u_replay/g_array.u_array/u_array/u_ref/g_row[12].g_col[26].u_pe/acc0_r_reg[18]/CE
                            (rising edge-triggered cell FDCE clocked by clk  {rise@0.000ns fall@2.000ns period=4.000ns})
  Path Group:             clk
  Path Type:              Setup (Max at Slow Process Corner)
  Requirement:            4.000ns  (clk rise@4.000ns - clk rise@0.000ns)
  Data Path Delay:        3.150ns  (logic 0.128ns (4.063%)  route 3.022ns (95.937%))
  Logic Levels:           1  (LUT3=1)
  Clock Path Skew:        -0.184ns (DCD - SCD + CPR)
    Destination Clock Delay (DCD):    1.917ns = ( 5.917 - 4.000 ) 
    Source Clock Delay      (SCD):    2.410ns
    Clock Pessimism Removal (CPR):    0.309ns
  Clock Uncertainty:      0.085ns  ((TSJ^2 + TIJ^2)^1/2 + DJ) / 2 + PE + UU
    Total System Jitter     (TSJ):    0.071ns
    Total Input Jitter      (TIJ):    0.000ns
    Discrete Jitter          (DJ):    0.000ns
    Phase Error              (PE):    0.000ns
    User Uncertainty         (UU):    0.050ns
  Clock Net Delay (Source):      1.481ns (routing 0.210ns, distribution 1.271ns)
  Clock Net Delay (Destination): 1.277ns (routing 0.190ns, distribution 1.087ns)

    Location             Delay type                Incr(ns)  Path(ns)    Netlist Resource(s)
  -------------------------------------------------------------------    -------------------
                         (clock clk rise edge)        0.000     0.000 r  
    AJ20                                              0.000     0.000 r  clk (IN)
                         net (fo=0)                   0.000     0.000    clk_IBUF_inst/I
    AJ20                 INBUF (Prop_INBUF_HPIOB_M_PAD_O)
                                                      0.565     0.565 r  clk_IBUF_inst/INBUF_INST/O
                         net (fo=1, routed)           0.000     0.565    clk_IBUF_inst/OUT
    AJ20                 IBUFCTRL (Prop_IBUFCTRL_HPIOB_M_I_O)
                                                      0.000     0.565 r  clk_IBUF_inst/IBUFCTRL_INST/O
                         net (fo=1, estimated)        0.336     0.901    clk_IBUF
    BUFGCE_X1Y71         BUFGCE (Prop_BUFCE_BUFGCE_I_O)
                                                      0.028     0.929 r  clk_IBUF_BUFG_inst/O
    X2Y2 (CLOCK_ROOT)    net (fo=185587, estimated)
                                                      1.481     2.410    u_system/u_replay/clk_IBUF_BUFG
    SLICE_X54Y221        FDCE                                         r  u_system/u_replay/array_clr_reg/C
  -------------------------------------------------------------------    -------------------
    SLICE_X54Y221        FDCE (Prop_DFF_SLICEM_C_Q)
                                                      0.078     2.488 r  u_system/u_replay/array_clr_reg/Q
                         net (fo=20949, estimated)    1.506     3.994    u_system/u_replay/g_array.u_array/u_array/u_ref/g_row[12].g_col[26].u_pe/array_clr
    SLICE_X72Y148        LUT3 (Prop_A6LUT_SLICEL_I2_O)
                                                      0.050     4.044 r  u_system/u_replay/g_array.u_array/u_array/u_ref/g_row[12].g_col[26].u_pe/acc0_r/O
                         net (fo=54, estimated)       1.516     5.560    u_system/u_replay/g_array.u_array/u_array/u_ref/g_row[12].g_col[26].u_pe/acc1_r
    SLICE_X100Y74        FDCE                                         r  u_system/u_replay/g_array.u_array/u_array/u_ref/g_row[12].g_col[26].u_pe/acc0_r_reg[18]/CE
  -------------------------------------------------------------------    -------------------

                         (clock clk rise edge)        4.000     4.000 r  
    AJ20                                              0.000     4.000 r  clk (IN)
                         net (fo=0)                   0.000     4.000    clk_IBUF_inst/I
    AJ20                 INBUF (Prop_INBUF_HPIOB_M_PAD_O)
                                                      0.315     4.315 r  clk_IBUF_inst/INBUF_INST/O
                         net (fo=1, routed)           0.000     4.315    clk_IBUF_inst/OUT
    AJ20                 IBUFCTRL (Prop_IBUFCTRL_HPIOB_M_I_O)
                                                      0.000     4.315 r  clk_IBUF_inst/IBUFCTRL_INST/O
                         net (fo=1, estimated)        0.301     4.616    clk_IBUF
    BUFGCE_X1Y71         BUFGCE (Prop_BUFCE_BUFGCE_I_O)
                                                      0.024     4.640 r  clk_IBUF_BUFG_inst/O
    X2Y2 (CLOCK_ROOT)    net (fo=185587, estimated)
                                                      1.277     5.917    u_system/u_replay/g_array.u_array/u_array/u_ref/g_row[12].g_col[26].u_pe/clk_IBUF_BUFG
    SLICE_X100Y74        FDCE                                         r  u_system/u_replay/g_array.u_array/u_array/u_ref/g_row[12].g_col[26].u_pe/acc0_r_reg[18]/C
                         clock pessimism              0.309     6.226    
                         clock uncertainty           -0.085     6.141    
    SLICE_X100Y74        FDCE (Setup_DFF2_SLICEL_C_CE)
                                                     -0.059     6.082    u_system/u_replay/g_array.u_array/u_array/u_ref/g_row[12].g_col[26].u_pe/acc0_r_reg[18]
  -------------------------------------------------------------------
                         required time                          6.082    
                         arrival time                          -5.560    
  -------------------------------------------------------------------
                         slack                                  0.522    

Slack (MET) :             0.522ns  (required time - arrival time)
  Source:                 u_system/u_replay/array_clr_reg/C
                            (rising edge-triggered cell FDCE clocked by clk  {rise@0.000ns fall@2.000ns period=4.000ns})
  Destination:            u_system/u_replay/g_array.u_array/u_array/u_ref/g_row[12].g_col[26].u_pe/acc1_r_reg[16]/CE
                            (rising edge-triggered cell FDCE clocked by clk  {rise@0.000ns fall@2.000ns period=4.000ns})
  Path Group:             clk
  Path Type:              Setup (Max at Slow Process Corner)
  Requirement:            4.000ns  (clk rise@4.000ns - clk rise@0.000ns)
  Data Path Delay:        3.150ns  (logic 0.128ns (4.063%)  route 3.022ns (95.937%))
  Logic Levels:           1  (LUT3=1)
  Clock Path Skew:        -0.184ns (DCD - SCD + CPR)
    Destination Clock Delay (DCD):    1.917ns = ( 5.917 - 4.000 ) 
    Source Clock Delay      (SCD):    2.410ns
    Clock Pessimism Removal (CPR):    0.309ns
  Clock Uncertainty:      0.085ns  ((TSJ^2 + TIJ^2)^1/2 + DJ) / 2 + PE + UU
    Total System Jitter     (TSJ):    0.071ns
    Total Input Jitter      (TIJ):    0.000ns
    Discrete Jitter          (DJ):    0.000ns
    Phase Error              (PE):    0.000ns
    User Uncertainty         (UU):    0.050ns
  Clock Net Delay (Source):      1.481ns (routing 0.210ns, distribution 1.271ns)
  Clock Net Delay (Destination): 1.277ns (routing 0.190ns, distribution 1.087ns)

    Location             Delay type                Incr(ns)  Path(ns)    Netlist Resource(s)
  -------------------------------------------------------------------    -------------------
                         (clock clk rise edge)        0.000     0.000 r  
    AJ20                                              0.000     0.000 r  clk (IN)
                         net (fo=0)                   0.000     0.000    clk_IBUF_inst/I
    AJ20                 INBUF (Prop_INBUF_HPIOB_M_PAD_O)
                                                      0.565     0.565 r  clk_IBUF_inst/INBUF_INST/O
                         net (fo=1, routed)           0.000     0.565    clk_IBUF_inst/OUT
    AJ20                 IBUFCTRL (Prop_IBUFCTRL_HPIOB_M_I_O)
                                                      0.000     0.565 r  clk_IBUF_inst/IBUFCTRL_INST/O
                         net (fo=1, estimated)        0.336     0.901    clk_IBUF
    BUFGCE_X1Y71         BUFGCE (Prop_BUFCE_BUFGCE_I_O)
                                                      0.028     0.929 r  clk_IBUF_BUFG_inst/O
    X2Y2 (CLOCK_ROOT)    net (fo=185587, estimated)
                                                      1.481     2.410    u_system/u_replay/clk_IBUF_BUFG
    SLICE_X54Y221        FDCE                                         r  u_system/u_replay/array_clr_reg/C
  -------------------------------------------------------------------    -------------------
    SLICE_X54Y221        FDCE (Prop_DFF_SLICEM_C_Q)
                                                      0.078     2.488 r  u_system/u_replay/array_clr_reg/Q
                         net (fo=20949, estimated)    1.506     3.994    u_system/u_replay/g_array.u_array/u_array/u_ref/g_row[12].g_col[26].u_pe/array_clr
    SLICE_X72Y148        LUT3 (Prop_A6LUT_SLICEL_I2_O)
                                                      0.050     4.044 r  u_system/u_replay/g_array.u_array/u_array/u_ref/g_row[12].g_col[26].u_pe/acc0_r/O
                         net (fo=54, estimated)       1.516     5.560    u_system/u_replay/g_array.u_array/u_array/u_ref/g_row[12].g_col[26].u_pe/acc1_r
    SLICE_X100Y74        FDCE                                         r  u_system/u_replay/g_array.u_array/u_array/u_ref/g_row[12].g_col[26].u_pe/acc1_r_reg[16]/CE
  -------------------------------------------------------------------    -------------------

                         (clock clk rise edge)        4.000     4.000 r  
    AJ20                                              0.000     4.000 r  clk (IN)
                         net (fo=0)                   0.000     4.000    clk_IBUF_inst/I
    AJ20                 INBUF (Prop_INBUF_HPIOB_M_PAD_O)
                                                      0.315     4.315 r  clk_IBUF_inst/INBUF_INST/O
                         net (fo=1, routed)           0.000     4.315    clk_IBUF_inst/OUT
    AJ20                 IBUFCTRL (Prop_IBUFCTRL_HPIOB_M_I_O)
                                                      0.000     4.315 r  clk_IBUF_inst/IBUFCTRL_INST/O
                         net (fo=1, estimated)        0.301     4.616    clk_IBUF
    BUFGCE_X1Y71         BUFGCE (Prop_BUFCE_BUFGCE_I_O)
                                                      0.024     4.640 r  clk_IBUF_BUFG_inst/O
    X2Y2 (CLOCK_ROOT)    net (fo=185587, estimated)
                                                      1.277     5.917    u_system/u_replay/g_array.u_array/u_array/u_ref/g_row[12].g_col[26].u_pe/clk_IBUF_BUFG
    SLICE_X100Y74        FDCE                                         r  u_system/u_replay/g_array.u_array/u_array/u_ref/g_row[12].g_col[26].u_pe/acc1_r_reg[16]/C
                         clock pessimism              0.309     6.226    
                         clock uncertainty           -0.085     6.141    
    SLICE_X100Y74        FDCE (Setup_CFF2_SLICEL_C_CE)
                                                     -0.059     6.082    u_system/u_replay/g_array.u_array/u_array/u_ref/g_row[12].g_col[26].u_pe/acc1_r_reg[16]
  -------------------------------------------------------------------
                         required time                          6.082    
                         arrival time                          -5.560    
  -------------------------------------------------------------------
                         slack                                  0.522    

Slack (MET) :             0.522ns  (required time - arrival time)
  Source:                 u_system/u_replay/array_clr_reg/C
                            (rising edge-triggered cell FDCE clocked by clk  {rise@0.000ns fall@2.000ns period=4.000ns})
  Destination:            u_system/u_replay/g_array.u_array/u_array/u_ref/g_row[0].g_col[39].u_pe/acc0_r_reg[14]/CE
                            (rising edge-triggered cell FDCE clocked by clk  {rise@0.000ns fall@2.000ns period=4.000ns})
  Path Group:             clk
  Path Type:              Setup (Max at Slow Process Corner)
  Requirement:            4.000ns  (clk rise@4.000ns - clk rise@0.000ns)
  Data Path Delay:        3.186ns  (logic 0.129ns (4.049%)  route 3.057ns (95.951%))
  Logic Levels:           1  (LUT3=1)
  Clock Path Skew:        -0.147ns (DCD - SCD + CPR)
    Destination Clock Delay (DCD):    1.954ns = ( 5.954 - 4.000 ) 
    Source Clock Delay      (SCD):    2.410ns
    Clock Pessimism Removal (CPR):    0.309ns
  Clock Uncertainty:      0.085ns  ((TSJ^2 + TIJ^2)^1/2 + DJ) / 2 + PE + UU
    Total System Jitter     (TSJ):    0.071ns
    Total Input Jitter      (TIJ):    0.000ns
    Discrete Jitter          (DJ):    0.000ns
    Phase Error              (PE):    0.000ns
    User Uncertainty         (UU):    0.050ns
  Clock Net Delay (Source):      1.481ns (routing 0.210ns, distribution 1.271ns)
  Clock Net Delay (Destination): 1.314ns (routing 0.190ns, distribution 1.124ns)

    Location             Delay type                Incr(ns)  Path(ns)    Netlist Resource(s)
  -------------------------------------------------------------------    -------------------
                         (clock clk rise edge)        0.000     0.000 r  
    AJ20                                              0.000     0.000 r  clk (IN)
                         net (fo=0)                   0.000     0.000    clk_IBUF_inst/I
    AJ20                 INBUF (Prop_INBUF_HPIOB_M_PAD_O)
                                                      0.565     0.565 r  clk_IBUF_inst/INBUF_INST/O
                         net (fo=1, routed)           0.000     0.565    clk_IBUF_inst/OUT
    AJ20                 IBUFCTRL (Prop_IBUFCTRL_HPIOB_M_I_O)
                                                      0.000     0.565 r  clk_IBUF_inst/IBUFCTRL_INST/O
                         net (fo=1, estimated)        0.336     0.901    clk_IBUF
    BUFGCE_X1Y71         BUFGCE (Prop_BUFCE_BUFGCE_I_O)
                                                      0.028     0.929 r  clk_IBUF_BUFG_inst/O
    X2Y2 (CLOCK_ROOT)    net (fo=185587, estimated)
                                                      1.481     2.410    u_system/u_replay/clk_IBUF_BUFG
    SLICE_X54Y221        FDCE                                         r  u_system/u_replay/array_clr_reg/C
  -------------------------------------------------------------------    -------------------
    SLICE_X54Y221        FDCE (Prop_DFF_SLICEM_C_Q)
                                                      0.078     2.488 r  u_system/u_replay/array_clr_reg/Q
                         net (fo=20949, estimated)    2.260     4.748    u_system/u_replay/g_array.u_array/u_array/u_ref/g_row[0].g_col[39].u_pe/array_clr
    SLICE_X99Y324        LUT3 (Prop_H6LUT_SLICEL_I2_O)
                                                      0.051     4.799 r  u_system/u_replay/g_array.u_array/u_array/u_ref/g_row[0].g_col[39].u_pe/acc0_r[26]_i_1__458/O
                         net (fo=54, estimated)       0.797     5.596    u_system/u_replay/g_array.u_array/u_array/u_ref/g_row[0].g_col[39].u_pe/acc1_r
    SLICE_X103Y330       FDCE                                         r  u_system/u_replay/g_array.u_array/u_array/u_ref/g_row[0].g_col[39].u_pe/acc0_r_reg[14]/CE
  -------------------------------------------------------------------    -------------------

                         (clock clk rise edge)        4.000     4.000 r  
    AJ20                                              0.000     4.000 r  clk (IN)
                         net (fo=0)                   0.000     4.000    clk_IBUF_inst/I
    AJ20                 INBUF (Prop_INBUF_HPIOB_M_PAD_O)
                                                      0.315     4.315 r  clk_IBUF_inst/INBUF_INST/O
                         net (fo=1, routed)           0.000     4.315    clk_IBUF_inst/OUT
    AJ20                 IBUFCTRL (Prop_IBUFCTRL_HPIOB_M_I_O)
                                                      0.000     4.315 r  clk_IBUF_inst/IBUFCTRL_INST/O
                         net (fo=1, estimated)        0.301     4.616    clk_IBUF
    BUFGCE_X1Y71         BUFGCE (Prop_BUFCE_BUFGCE_I_O)
                                                      0.024     4.640 r  clk_IBUF_BUFG_inst/O
    X2Y2 (CLOCK_ROOT)    net (fo=185587, estimated)
                                                      1.314     5.954    u_system/u_replay/g_array.u_array/u_array/u_ref/g_row[0].g_col[39].u_pe/clk_IBUF_BUFG
    SLICE_X103Y330       FDCE                                         r  u_system/u_replay/g_array.u_array/u_array/u_ref/g_row[0].g_col[39].u_pe/acc0_r_reg[14]/C
                         clock pessimism              0.309     6.263    
                         clock uncertainty           -0.085     6.178    
    SLICE_X103Y330       FDCE (Setup_DFF_SLICEL_C_CE)
                                                     -0.060     6.118    u_system/u_replay/g_array.u_array/u_array/u_ref/g_row[0].g_col[39].u_pe/acc0_r_reg[14]
  -------------------------------------------------------------------
                         required time                          6.118    
                         arrival time                          -5.596    
  -------------------------------------------------------------------
                         slack                                  0.522    

Slack (MET) :             0.522ns  (required time - arrival time)
  Source:                 u_system/u_replay/array_clr_reg/C
                            (rising edge-triggered cell FDCE clocked by clk  {rise@0.000ns fall@2.000ns period=4.000ns})
  Destination:            u_system/u_replay/g_array.u_array/u_array/u_ref/g_row[0].g_col[39].u_pe/acc0_r_reg[18]/CE
                            (rising edge-triggered cell FDCE clocked by clk  {rise@0.000ns fall@2.000ns period=4.000ns})
  Path Group:             clk
  Path Type:              Setup (Max at Slow Process Corner)
  Requirement:            4.000ns  (clk rise@4.000ns - clk rise@0.000ns)
  Data Path Delay:        3.187ns  (logic 0.129ns (4.048%)  route 3.058ns (95.952%))
  Logic Levels:           1  (LUT3=1)
  Clock Path Skew:        -0.147ns (DCD - SCD + CPR)
    Destination Clock Delay (DCD):    1.954ns = ( 5.954 - 4.000 ) 
    Source Clock Delay      (SCD):    2.410ns
    Clock Pessimism Removal (CPR):    0.309ns
  Clock Uncertainty:      0.085ns  ((TSJ^2 + TIJ^2)^1/2 + DJ) / 2 + PE + UU
    Total System Jitter     (TSJ):    0.071ns
    Total Input Jitter      (TIJ):    0.000ns
    Discrete Jitter          (DJ):    0.000ns
    Phase Error              (PE):    0.000ns
    User Uncertainty         (UU):    0.050ns
  Clock Net Delay (Source):      1.481ns (routing 0.210ns, distribution 1.271ns)
  Clock Net Delay (Destination): 1.314ns (routing 0.190ns, distribution 1.124ns)

    Location             Delay type                Incr(ns)  Path(ns)    Netlist Resource(s)
  -------------------------------------------------------------------    -------------------
                         (clock clk rise edge)        0.000     0.000 r  
    AJ20                                              0.000     0.000 r  clk (IN)
                         net (fo=0)                   0.000     0.000    clk_IBUF_inst/I
    AJ20                 INBUF (Prop_INBUF_HPIOB_M_PAD_O)
                                                      0.565     0.565 r  clk_IBUF_inst/INBUF_INST/O
                         net (fo=1, routed)           0.000     0.565    clk_IBUF_inst/OUT
    AJ20                 IBUFCTRL (Prop_IBUFCTRL_HPIOB_M_I_O)
                                                      0.000     0.565 r  clk_IBUF_inst/IBUFCTRL_INST/O
                         net (fo=1, estimated)        0.336     0.901    clk_IBUF
    BUFGCE_X1Y71         BUFGCE (Prop_BUFCE_BUFGCE_I_O)
                                                      0.028     0.929 r  clk_IBUF_BUFG_inst/O
    X2Y2 (CLOCK_ROOT)    net (fo=185587, estimated)
                                                      1.481     2.410    u_system/u_replay/clk_IBUF_BUFG
    SLICE_X54Y221        FDCE                                         r  u_system/u_replay/array_clr_reg/C
  -------------------------------------------------------------------    -------------------
    SLICE_X54Y221        FDCE (Prop_DFF_SLICEM_C_Q)
                                                      0.078     2.488 r  u_system/u_replay/array_clr_reg/Q
                         net (fo=20949, estimated)    2.260     4.748    u_system/u_replay/g_array.u_array/u_array/u_ref/g_row[0].g_col[39].u_pe/array_clr
    SLICE_X99Y324        LUT3 (Prop_H6LUT_SLICEL_I2_O)
                                                      0.051     4.799 r  u_system/u_replay/g_array.u_array/u_array/u_ref/g_row[0].g_col[39].u_pe/acc0_r[26]_i_1__458/O
                         net (fo=54, estimated)       0.798     5.597    u_system/u_replay/g_array.u_array/u_array/u_ref/g_row[0].g_col[39].u_pe/acc1_r
    SLICE_X103Y330       FDCE                                         r  u_system/u_replay/g_array.u_array/u_array/u_ref/g_row[0].g_col[39].u_pe/acc0_r_reg[18]/CE
  -------------------------------------------------------------------    -------------------

                         (clock clk rise edge)        4.000     4.000 r  
    AJ20                                              0.000     4.000 r  clk (IN)
                         net (fo=0)                   0.000     4.000    clk_IBUF_inst/I
    AJ20                 INBUF (Prop_INBUF_HPIOB_M_PAD_O)
                                                      0.315     4.315 r  clk_IBUF_inst/INBUF_INST/O
                         net (fo=1, routed)           0.000     4.315    clk_IBUF_inst/OUT
    AJ20                 IBUFCTRL (Prop_IBUFCTRL_HPIOB_M_I_O)
                                                      0.000     4.315 r  clk_IBUF_inst/IBUFCTRL_INST/O
                         net (fo=1, estimated)        0.301     4.616    clk_IBUF
    BUFGCE_X1Y71         BUFGCE (Prop_BUFCE_BUFGCE_I_O)
                                                      0.024     4.640 r  clk_IBUF_BUFG_inst/O
    X2Y2 (CLOCK_ROOT)    net (fo=185587, estimated)
                                                      1.314     5.954    u_system/u_replay/g_array.u_array/u_array/u_ref/g_row[0].g_col[39].u_pe/clk_IBUF_BUFG
    SLICE_X103Y330       FDCE                                         r  u_system/u_replay/g_array.u_array/u_array/u_ref/g_row[0].g_col[39].u_pe/acc0_r_reg[18]/C
                         clock pessimism              0.309     6.263    
                         clock uncertainty           -0.085     6.178    
    SLICE_X103Y330       FDCE (Setup_DFF2_SLICEL_C_CE)
                                                     -0.059     6.119    u_system/u_replay/g_array.u_array/u_array/u_ref/g_row[0].g_col[39].u_pe/acc0_r_reg[18]
  -------------------------------------------------------------------
                         required time                          6.119    
                         arrival time                          -5.597    
  -------------------------------------------------------------------
                         slack                                  0.522    

Slack (MET) :             0.522ns  (required time - arrival time)
  Source:                 u_system/u_replay/array_clr_reg/C
                            (rising edge-triggered cell FDCE clocked by clk  {rise@0.000ns fall@2.000ns period=4.000ns})
  Destination:            u_system/u_replay/g_array.u_array/u_array/u_ref/g_row[0].g_col[39].u_pe/acc0_r_reg[20]/CE
                            (rising edge-triggered cell FDCE clocked by clk  {rise@0.000ns fall@2.000ns period=4.000ns})
  Path Group:             clk
  Path Type:              Setup (Max at Slow Process Corner)
  Requirement:            4.000ns  (clk rise@4.000ns - clk rise@0.000ns)
  Data Path Delay:        3.186ns  (logic 0.129ns (4.049%)  route 3.057ns (95.951%))
  Logic Levels:           1  (LUT3=1)
  Clock Path Skew:        -0.147ns (DCD - SCD + CPR)
    Destination Clock Delay (DCD):    1.954ns = ( 5.954 - 4.000 ) 
    Source Clock Delay      (SCD):    2.410ns
    Clock Pessimism Removal (CPR):    0.309ns
  Clock Uncertainty:      0.085ns  ((TSJ^2 + TIJ^2)^1/2 + DJ) / 2 + PE + UU
    Total System Jitter     (TSJ):    0.071ns
    Total Input Jitter      (TIJ):    0.000ns
    Discrete Jitter          (DJ):    0.000ns
    Phase Error              (PE):    0.000ns
    User Uncertainty         (UU):    0.050ns
  Clock Net Delay (Source):      1.481ns (routing 0.210ns, distribution 1.271ns)
  Clock Net Delay (Destination): 1.314ns (routing 0.190ns, distribution 1.124ns)

    Location             Delay type                Incr(ns)  Path(ns)    Netlist Resource(s)
  -------------------------------------------------------------------    -------------------
                         (clock clk rise edge)        0.000     0.000 r  
    AJ20                                              0.000     0.000 r  clk (IN)
                         net (fo=0)                   0.000     0.000    clk_IBUF_inst/I
    AJ20                 INBUF (Prop_INBUF_HPIOB_M_PAD_O)
                                                      0.565     0.565 r  clk_IBUF_inst/INBUF_INST/O
                         net (fo=1, routed)           0.000     0.565    clk_IBUF_inst/OUT
    AJ20                 IBUFCTRL (Prop_IBUFCTRL_HPIOB_M_I_O)
                                                      0.000     0.565 r  clk_IBUF_inst/IBUFCTRL_INST/O
                         net (fo=1, estimated)        0.336     0.901    clk_IBUF
    BUFGCE_X1Y71         BUFGCE (Prop_BUFCE_BUFGCE_I_O)
                                                      0.028     0.929 r  clk_IBUF_BUFG_inst/O
    X2Y2 (CLOCK_ROOT)    net (fo=185587, estimated)
                                                      1.481     2.410    u_system/u_replay/clk_IBUF_BUFG
    SLICE_X54Y221        FDCE                                         r  u_system/u_replay/array_clr_reg/C
  -------------------------------------------------------------------    -------------------
    SLICE_X54Y221        FDCE (Prop_DFF_SLICEM_C_Q)
                                                      0.078     2.488 r  u_system/u_replay/array_clr_reg/Q
                         net (fo=20949, estimated)    2.260     4.748    u_system/u_replay/g_array.u_array/u_array/u_ref/g_row[0].g_col[39].u_pe/array_clr
    SLICE_X99Y324        LUT3 (Prop_H6LUT_SLICEL_I2_O)
                                                      0.051     4.799 r  u_system/u_replay/g_array.u_array/u_array/u_ref/g_row[0].g_col[39].u_pe/acc0_r[26]_i_1__458/O
                         net (fo=54, estimated)       0.797     5.596    u_system/u_replay/g_array.u_array/u_array/u_ref/g_row[0].g_col[39].u_pe/acc1_r
    SLICE_X103Y330       FDCE                                         r  u_system/u_replay/g_array.u_array/u_array/u_ref/g_row[0].g_col[39].u_pe/acc0_r_reg[20]/CE
  -------------------------------------------------------------------    -------------------

                         (clock clk rise edge)        4.000     4.000 r  
    AJ20                                              0.000     4.000 r  clk (IN)
                         net (fo=0)                   0.000     4.000    clk_IBUF_inst/I
    AJ20                 INBUF (Prop_INBUF_HPIOB_M_PAD_O)
                                                      0.315     4.315 r  clk_IBUF_inst/INBUF_INST/O
                         net (fo=1, routed)           0.000     4.315    clk_IBUF_inst/OUT
    AJ20                 IBUFCTRL (Prop_IBUFCTRL_HPIOB_M_I_O)
                                                      0.000     4.315 r  clk_IBUF_inst/IBUFCTRL_INST/O
                         net (fo=1, estimated)        0.301     4.616    clk_IBUF
    BUFGCE_X1Y71         BUFGCE (Prop_BUFCE_BUFGCE_I_O)
                                                      0.024     4.640 r  clk_IBUF_BUFG_inst/O
    X2Y2 (CLOCK_ROOT)    net (fo=185587, estimated)
                                                      1.314     5.954    u_system/u_replay/g_array.u_array/u_array/u_ref/g_row[0].g_col[39].u_pe/clk_IBUF_BUFG
    SLICE_X103Y330       FDCE                                         r  u_system/u_replay/g_array.u_array/u_array/u_ref/g_row[0].g_col[39].u_pe/acc0_r_reg[20]/C
                         clock pessimism              0.309     6.263    
                         clock uncertainty           -0.085     6.178    
    SLICE_X103Y330       FDCE (Setup_CFF_SLICEL_C_CE)
                                                     -0.060     6.118    u_system/u_replay/g_array.u_array/u_array/u_ref/g_row[0].g_col[39].u_pe/acc0_r_reg[20]
  -------------------------------------------------------------------
                         required time                          6.118    
                         arrival time                          -5.596    
  -------------------------------------------------------------------
                         slack                                  0.522    

Slack (MET) :             0.522ns  (required time - arrival time)
  Source:                 u_system/u_replay/array_clr_reg/C
                            (rising edge-triggered cell FDCE clocked by clk  {rise@0.000ns fall@2.000ns period=4.000ns})
  Destination:            u_system/u_replay/g_array.u_array/u_array/u_ref/g_row[0].g_col[39].u_pe/acc0_r_reg[22]/CE
                            (rising edge-triggered cell FDCE clocked by clk  {rise@0.000ns fall@2.000ns period=4.000ns})
  Path Group:             clk
  Path Type:              Setup (Max at Slow Process Corner)
  Requirement:            4.000ns  (clk rise@4.000ns - clk rise@0.000ns)
  Data Path Delay:        3.186ns  (logic 0.129ns (4.049%)  route 3.057ns (95.951%))
  Logic Levels:           1  (LUT3=1)
  Clock Path Skew:        -0.147ns (DCD - SCD + CPR)
    Destination Clock Delay (DCD):    1.954ns = ( 5.954 - 4.000 ) 
    Source Clock Delay      (SCD):    2.410ns
    Clock Pessimism Removal (CPR):    0.309ns
  Clock Uncertainty:      0.085ns  ((TSJ^2 + TIJ^2)^1/2 + DJ) / 2 + PE + UU
    Total System Jitter     (TSJ):    0.071ns
    Total Input Jitter      (TIJ):    0.000ns
    Discrete Jitter          (DJ):    0.000ns
    Phase Error              (PE):    0.000ns
    User Uncertainty         (UU):    0.050ns
  Clock Net Delay (Source):      1.481ns (routing 0.210ns, distribution 1.271ns)
  Clock Net Delay (Destination): 1.314ns (routing 0.190ns, distribution 1.124ns)

    Location             Delay type                Incr(ns)  Path(ns)    Netlist Resource(s)
  -------------------------------------------------------------------    -------------------
                         (clock clk rise edge)        0.000     0.000 r  
    AJ20                                              0.000     0.000 r  clk (IN)
                         net (fo=0)                   0.000     0.000    clk_IBUF_inst/I
    AJ20                 INBUF (Prop_INBUF_HPIOB_M_PAD_O)
                                                      0.565     0.565 r  clk_IBUF_inst/INBUF_INST/O
                         net (fo=1, routed)           0.000     0.565    clk_IBUF_inst/OUT
    AJ20                 IBUFCTRL (Prop_IBUFCTRL_HPIOB_M_I_O)
                                                      0.000     0.565 r  clk_IBUF_inst/IBUFCTRL_INST/O
                         net (fo=1, estimated)        0.336     0.901    clk_IBUF
    BUFGCE_X1Y71         BUFGCE (Prop_BUFCE_BUFGCE_I_O)
                                                      0.028     0.929 r  clk_IBUF_BUFG_inst/O
    X2Y2 (CLOCK_ROOT)    net (fo=185587, estimated)
                                                      1.481     2.410    u_system/u_replay/clk_IBUF_BUFG
    SLICE_X54Y221        FDCE                                         r  u_system/u_replay/array_clr_reg/C
  -------------------------------------------------------------------    -------------------
    SLICE_X54Y221        FDCE (Prop_DFF_SLICEM_C_Q)
                                                      0.078     2.488 r  u_system/u_replay/array_clr_reg/Q
                         net (fo=20949, estimated)    2.260     4.748    u_system/u_replay/g_array.u_array/u_array/u_ref/g_row[0].g_col[39].u_pe/array_clr
    SLICE_X99Y324        LUT3 (Prop_H6LUT_SLICEL_I2_O)
                                                      0.051     4.799 r  u_system/u_replay/g_array.u_array/u_array/u_ref/g_row[0].g_col[39].u_pe/acc0_r[26]_i_1__458/O
                         net (fo=54, estimated)       0.797     5.596    u_system/u_replay/g_array.u_array/u_array/u_ref/g_row[0].g_col[39].u_pe/acc1_r
    SLICE_X103Y330       FDCE                                         r  u_system/u_replay/g_array.u_array/u_array/u_ref/g_row[0].g_col[39].u_pe/acc0_r_reg[22]/CE
  -------------------------------------------------------------------    -------------------

                         (clock clk rise edge)        4.000     4.000 r  
    AJ20                                              0.000     4.000 r  clk (IN)
                         net (fo=0)                   0.000     4.000    clk_IBUF_inst/I
    AJ20                 INBUF (Prop_INBUF_HPIOB_M_PAD_O)
                                                      0.315     4.315 r  clk_IBUF_inst/INBUF_INST/O
                         net (fo=1, routed)           0.000     4.315    clk_IBUF_inst/OUT
    AJ20                 IBUFCTRL (Prop_IBUFCTRL_HPIOB_M_I_O)
                                                      0.000     4.315 r  clk_IBUF_inst/IBUFCTRL_INST/O
                         net (fo=1, estimated)        0.301     4.616    clk_IBUF
    BUFGCE_X1Y71         BUFGCE (Prop_BUFCE_BUFGCE_I_O)
                                                      0.024     4.640 r  clk_IBUF_BUFG_inst/O
    X2Y2 (CLOCK_ROOT)    net (fo=185587, estimated)
                                                      1.314     5.954    u_system/u_replay/g_array.u_array/u_array/u_ref/g_row[0].g_col[39].u_pe/clk_IBUF_BUFG
    SLICE_X103Y330       FDCE                                         r  u_system/u_replay/g_array.u_array/u_array/u_ref/g_row[0].g_col[39].u_pe/acc0_r_reg[22]/C
                         clock pessimism              0.309     6.263    
                         clock uncertainty           -0.085     6.178    
    SLICE_X103Y330       FDCE (Setup_BFF_SLICEL_C_CE)
                                                     -0.060     6.118    u_system/u_replay/g_array.u_array/u_array/u_ref/g_row[0].g_col[39].u_pe/acc0_r_reg[22]
  -------------------------------------------------------------------
                         required time                          6.118    
                         arrival time                          -5.596    
  -------------------------------------------------------------------
                         slack                                  0.522    





Pulse Width Checks
--------------------------------------------------------------------------------------
Clock Name:         clk
Waveform(ns):       { 0.000 2.000 }
Period(ns):         4.000
Sources:            { clk }

Check Type        Corner  Lib Pin     Reference Pin  Required(ns)  Actual(ns)  Slack(ns)  Location       Pin
Min Period        n/a     BUFGCE/I    n/a            1.290         4.000       2.710      BUFGCE_X1Y71   clk_IBUF_BUFG_inst/I
Min Period        n/a     SRL16E/CLK  n/a            1.064         4.000       2.936      SLICE_X53Y341  u_system/u_replay/g_array.u_array/u_array/u_ref/adly_reg[10][10][0]_srl8/CLK
Min Period        n/a     SRL16E/CLK  n/a            1.064         4.000       2.936      SLICE_X53Y341  u_system/u_replay/g_array.u_array/u_array/u_ref/adly_reg[10][10][1]_srl8/CLK
Min Period        n/a     SRL16E/CLK  n/a            1.064         4.000       2.936      SLICE_X53Y341  u_system/u_replay/g_array.u_array/u_array/u_ref/adly_reg[10][10][2]_srl8/CLK
Min Period        n/a     SRL16E/CLK  n/a            1.064         4.000       2.936      SLICE_X53Y341  u_system/u_replay/g_array.u_array/u_array/u_ref/adly_reg[10][10][3]_srl8/CLK
Min Period        n/a     SRL16E/CLK  n/a            1.064         4.000       2.936      SLICE_X53Y341  u_system/u_replay/g_array.u_array/u_array/u_ref/adly_reg[10][10][4]_srl8/CLK
Min Period        n/a     SRL16E/CLK  n/a            1.064         4.000       2.936      SLICE_X53Y341  u_system/u_replay/g_array.u_array/u_array/u_ref/adly_reg[10][10][5]_srl8/CLK
Min Period        n/a     SRL16E/CLK  n/a            1.064         4.000       2.936      SLICE_X53Y341  u_system/u_replay/g_array.u_array/u_array/u_ref/adly_reg[10][10][6]_srl8/CLK
Min Period        n/a     SRL16E/CLK  n/a            1.064         4.000       2.936      SLICE_X53Y341  u_system/u_replay/g_array.u_array/u_array/u_ref/adly_reg[10][10][7]_srl8/CLK
Min Period        n/a     SRL16E/CLK  n/a            1.064         4.000       2.936      SLICE_X53Y345  u_system/u_replay/g_array.u_array/u_array/u_ref/adly_reg[11][11][0]_srl8/CLK
Min Period        n/a     SRL16E/CLK  n/a            1.064         4.000       2.936      SLICE_X53Y345  u_system/u_replay/g_array.u_array/u_array/u_ref/adly_reg[11][11][1]_srl8/CLK
Min Period        n/a     SRL16E/CLK  n/a            1.064         4.000       2.936      SLICE_X53Y345  u_system/u_replay/g_array.u_array/u_array/u_ref/adly_reg[11][11][2]_srl8/CLK
Min Period        n/a     SRL16E/CLK  n/a            1.064         4.000       2.936      SLICE_X53Y345  u_system/u_replay/g_array.u_array/u_array/u_ref/adly_reg[11][11][3]_srl8/CLK
Min Period        n/a     SRL16E/CLK  n/a            1.064         4.000       2.936      SLICE_X53Y345  u_system/u_replay/g_array.u_array/u_array/u_ref/adly_reg[11][11][4]_srl8/CLK
Min Period        n/a     SRL16E/CLK  n/a            1.064         4.000       2.936      SLICE_X53Y345  u_system/u_replay/g_array.u_array/u_array/u_ref/adly_reg[11][11][5]_srl8/CLK
Min Period        n/a     SRL16E/CLK  n/a            1.064         4.000       2.936      SLICE_X53Y345  u_system/u_replay/g_array.u_array/u_array/u_ref/adly_reg[11][11][6]_srl8/CLK
Min Period        n/a     SRL16E/CLK  n/a            1.064         4.000       2.936      SLICE_X53Y345  u_system/u_replay/g_array.u_array/u_array/u_ref/adly_reg[11][11][7]_srl8/CLK
Min Period        n/a     SRL16E/CLK  n/a            1.064         4.000       2.936      SLICE_X54Y350  u_system/u_replay/g_array.u_array/u_array/u_ref/adly_reg[12][12][0]_srl8/CLK
Min Period        n/a     SRL16E/CLK  n/a            1.064         4.000       2.936      SLICE_X54Y350  u_system/u_replay/g_array.u_array/u_array/u_ref/adly_reg[12][12][1]_srl8/CLK
Min Period        n/a     SRL16E/CLK  n/a            1.064         4.000       2.936      SLICE_X54Y350  u_system/u_replay/g_array.u_array/u_array/u_ref/adly_reg[12][12][2]_srl8/CLK
Low Pulse Width   Slow    SRL16E/CLK  n/a            0.532         2.000       1.468      SLICE_X53Y341  u_system/u_replay/g_array.u_array/u_array/u_ref/adly_reg[10][10][0]_srl8/CLK
Low Pulse Width   Fast    SRL16E/CLK  n/a            0.532         2.000       1.468      SLICE_X53Y341  u_system/u_replay/g_array.u_array/u_array/u_ref/adly_reg[10][10][0]_srl8/CLK
Low Pulse Width   Slow    SRL16E/CLK  n/a            0.532         2.000       1.468      SLICE_X53Y341  u_system/u_replay/g_array.u_array/u_array/u_ref/adly_reg[10][10][1]_srl8/CLK
Low Pulse Width   Fast    SRL16E/CLK  n/a            0.532         2.000       1.468      SLICE_X53Y341  u_system/u_replay/g_array.u_array/u_array/u_ref/adly_reg[10][10][1]_srl8/CLK
Low Pulse Width   Slow    SRL16E/CLK  n/a            0.532         2.000       1.468      SLICE_X53Y341  u_system/u_replay/g_array.u_array/u_array/u_ref/adly_reg[10][10][2]_srl8/CLK
Low Pulse Width   Fast    SRL16E/CLK  n/a            0.532         2.000       1.468      SLICE_X53Y341  u_system/u_replay/g_array.u_array/u_array/u_ref/adly_reg[10][10][2]_srl8/CLK
Low Pulse Width   Slow    SRL16E/CLK  n/a            0.532         2.000       1.468      SLICE_X53Y341  u_system/u_replay/g_array.u_array/u_array/u_ref/adly_reg[10][10][3]_srl8/CLK
Low Pulse Width   Fast    SRL16E/CLK  n/a            0.532         2.000       1.468      SLICE_X53Y341  u_system/u_replay/g_array.u_array/u_array/u_ref/adly_reg[10][10][3]_srl8/CLK
Low Pulse Width   Slow    SRL16E/CLK  n/a            0.532         2.000       1.468      SLICE_X53Y341  u_system/u_replay/g_array.u_array/u_array/u_ref/adly_reg[10][10][4]_srl8/CLK
Low Pulse Width   Fast    SRL16E/CLK  n/a            0.532         2.000       1.468      SLICE_X53Y341  u_system/u_replay/g_array.u_array/u_array/u_ref/adly_reg[10][10][4]_srl8/CLK
Low Pulse Width   Slow    SRL16E/CLK  n/a            0.532         2.000       1.468      SLICE_X53Y341  u_system/u_replay/g_array.u_array/u_array/u_ref/adly_reg[10][10][5]_srl8/CLK
Low Pulse Width   Fast    SRL16E/CLK  n/a            0.532         2.000       1.468      SLICE_X53Y341  u_system/u_replay/g_array.u_array/u_array/u_ref/adly_reg[10][10][5]_srl8/CLK
Low Pulse Width   Slow    SRL16E/CLK  n/a            0.532         2.000       1.468      SLICE_X53Y341  u_system/u_replay/g_array.u_array/u_array/u_ref/adly_reg[10][10][6]_srl8/CLK
Low Pulse Width   Fast    SRL16E/CLK  n/a            0.532         2.000       1.468      SLICE_X53Y341  u_system/u_replay/g_array.u_array/u_array/u_ref/adly_reg[10][10][6]_srl8/CLK
Low Pulse Width   Slow    SRL16E/CLK  n/a            0.532         2.000       1.468      SLICE_X53Y341  u_system/u_replay/g_array.u_array/u_array/u_ref/adly_reg[10][10][7]_srl8/CLK
Low Pulse Width   Fast    SRL16E/CLK  n/a            0.532         2.000       1.468      SLICE_X53Y341  u_system/u_replay/g_array.u_array/u_array/u_ref/adly_reg[10][10][7]_srl8/CLK
Low Pulse Width   Slow    SRL16E/CLK  n/a            0.532         2.000       1.468      SLICE_X53Y345  u_system/u_replay/g_array.u_array/u_array/u_ref/adly_reg[11][11][0]_srl8/CLK
Low Pulse Width   Fast    SRL16E/CLK  n/a            0.532         2.000       1.468      SLICE_X53Y345  u_system/u_replay/g_array.u_array/u_array/u_ref/adly_reg[11][11][0]_srl8/CLK
Low Pulse Width   Slow    SRL16E/CLK  n/a            0.532         2.000       1.468      SLICE_X53Y345  u_system/u_replay/g_array.u_array/u_array/u_ref/adly_reg[11][11][1]_srl8/CLK
Low Pulse Width   Fast    SRL16E/CLK  n/a            0.532         2.000       1.468      SLICE_X53Y345  u_system/u_replay/g_array.u_array/u_array/u_ref/adly_reg[11][11][1]_srl8/CLK
High Pulse Width  Slow    SRL16E/CLK  n/a            0.532         2.000       1.468      SLICE_X53Y341  u_system/u_replay/g_array.u_array/u_array/u_ref/adly_reg[10][10][0]_srl8/CLK
High Pulse Width  Fast    SRL16E/CLK  n/a            0.532         2.000       1.468      SLICE_X53Y341  u_system/u_replay/g_array.u_array/u_array/u_ref/adly_reg[10][10][0]_srl8/CLK
High Pulse Width  Slow    SRL16E/CLK  n/a            0.532         2.000       1.468      SLICE_X53Y341  u_system/u_replay/g_array.u_array/u_array/u_ref/adly_reg[10][10][1]_srl8/CLK
High Pulse Width  Fast    SRL16E/CLK  n/a            0.532         2.000       1.468      SLICE_X53Y341  u_system/u_replay/g_array.u_array/u_array/u_ref/adly_reg[10][10][1]_srl8/CLK
High Pulse Width  Slow    SRL16E/CLK  n/a            0.532         2.000       1.468      SLICE_X53Y341  u_system/u_replay/g_array.u_array/u_array/u_ref/adly_reg[10][10][2]_srl8/CLK
High Pulse Width  Fast    SRL16E/CLK  n/a            0.532         2.000       1.468      SLICE_X53Y341  u_system/u_replay/g_array.u_array/u_array/u_ref/adly_reg[10][10][2]_srl8/CLK
High Pulse Width  Slow    SRL16E/CLK  n/a            0.532         2.000       1.468      SLICE_X53Y341  u_system/u_replay/g_array.u_array/u_array/u_ref/adly_reg[10][10][3]_srl8/CLK
High Pulse Width  Fast    SRL16E/CLK  n/a            0.532         2.000       1.468      SLICE_X53Y341  u_system/u_replay/g_array.u_array/u_array/u_ref/adly_reg[10][10][3]_srl8/CLK
High Pulse Width  Slow    SRL16E/CLK  n/a            0.532         2.000       1.468      SLICE_X53Y341  u_system/u_replay/g_array.u_array/u_array/u_ref/adly_reg[10][10][4]_srl8/CLK
High Pulse Width  Fast    SRL16E/CLK  n/a            0.532         2.000       1.468      SLICE_X53Y341  u_system/u_replay/g_array.u_array/u_array/u_ref/adly_reg[10][10][4]_srl8/CLK
High Pulse Width  Slow    SRL16E/CLK  n/a            0.532         2.000       1.468      SLICE_X53Y341  u_system/u_replay/g_array.u_array/u_array/u_ref/adly_reg[10][10][5]_srl8/CLK
High Pulse Width  Fast    SRL16E/CLK  n/a            0.532         2.000       1.468      SLICE_X53Y341  u_system/u_replay/g_array.u_array/u_array/u_ref/adly_reg[10][10][5]_srl8/CLK
High Pulse Width  Slow    SRL16E/CLK  n/a            0.532         2.000       1.468      SLICE_X53Y341  u_system/u_replay/g_array.u_array/u_array/u_ref/adly_reg[10][10][6]_srl8/CLK
High Pulse Width  Fast    SRL16E/CLK  n/a            0.532         2.000       1.468      SLICE_X53Y341  u_system/u_replay/g_array.u_array/u_array/u_ref/adly_reg[10][10][6]_srl8/CLK
High Pulse Width  Slow    SRL16E/CLK  n/a            0.532         2.000       1.468      SLICE_X53Y341  u_system/u_replay/g_array.u_array/u_array/u_ref/adly_reg[10][10][7]_srl8/CLK
High Pulse Width  Fast    SRL16E/CLK  n/a            0.532         2.000       1.468      SLICE_X53Y341  u_system/u_replay/g_array.u_array/u_array/u_ref/adly_reg[10][10][7]_srl8/CLK
High Pulse Width  Slow    SRL16E/CLK  n/a            0.532         2.000       1.468      SLICE_X53Y345  u_system/u_replay/g_array.u_array/u_array/u_ref/adly_reg[11][11][0]_srl8/CLK
High Pulse Width  Fast    SRL16E/CLK  n/a            0.532         2.000       1.468      SLICE_X53Y345  u_system/u_replay/g_array.u_array/u_array/u_ref/adly_reg[11][11][0]_srl8/CLK
High Pulse Width  Slow    SRL16E/CLK  n/a            0.532         2.000       1.468      SLICE_X53Y345  u_system/u_replay/g_array.u_array/u_array/u_ref/adly_reg[11][11][1]_srl8/CLK
High Pulse Width  Fast    SRL16E/CLK  n/a            0.532         2.000       1.468      SLICE_X53Y345  u_system/u_replay/g_array.u_array/u_array/u_ref/adly_reg[11][11][1]_srl8/CLK



