Copyright 1986-2021 Xilinx, Inc. All Rights Reserved.
----------------------------------------------------------------------------------------------------------------------------------------------------------------------------------------------------------------------------
| Tool Version      : Vivado v.2021.2 (win64) Build 3367213 Tue Oct 19 02:48:09 MDT 2021
| Date              : Tue Sep 15 18:24:18 2026
| Host              : nc23 running 64-bit major release  (build 9200)
| Command           : report_timing_summary -delay_type max -max_paths 20 -file {E:/GPU ARCH/vector_core_sim/turbovla_w8a8_pack2/hw/v3_2026-09-15_174639_vivado_impl/reports/250MHz_real4/reports/synth_timing_summary.rpt}
| Design            : tvla_w8a8_pack2_impl_top
| Device            : xczu7ev-ffvc1156
| Speed File        : -2  PRODUCTION 1.29 08-03-2020
| Temperature Grade : E
----------------------------------------------------------------------------------------------------------------------------------------------------------------------------------------------------------------------------

Timing Summary Report

------------------------------------------------------------------------------------------------
| Timer Settings
| --------------
------------------------------------------------------------------------------------------------

  Enable Multi Corner Analysis               :  Yes
  Enable Pessimism Removal                   :  Yes
  Pessimism Removal Resolution               :  Nearest Common Node
  Enable Input Delay Default Clock           :  No
  Enable Preset / Clear Arcs                 :  No
  Disable Flight Delays                      :  No
  Ignore I/O Paths                           :  No
  Timing Early Launch at Borrowing Latches   :  No
  Borrow Time for Max Delay Exceptions       :  Yes
  Merge Timing Exceptions                    :  Yes

  Corner  Analyze    Analyze    
  Name    Max Paths  Min Paths  
  ------  ---------  ---------  
  Slow    Yes        Yes        
  Fast    Yes        Yes        


------------------------------------------------------------------------------------------------
| Report Methodology
| ------------------
------------------------------------------------------------------------------------------------

No report available as report_methodology has not been run prior. Run report_methodology on the current design for the summary of methodology violations.



check_timing report

Table of Contents
-----------------
1. checking no_clock (0)
2. checking constant_clock (0)
3. checking pulse_width_clock (0)
4. checking unconstrained_internal_endpoints (0)
5. checking no_input_delay (163)
6. checking no_output_delay (109)
7. checking multiple_clock (0)
8. checking generated_clocks (0)
9. checking loops (0)
10. checking partial_input_delay (0)
11. checking partial_output_delay (0)
12. checking latch_loops (0)

1. checking no_clock (0)
------------------------
 There are 0 register/latch pins with no clock.


2. checking constant_clock (0)
------------------------------
 There are 0 register/latch pins with constant_clock.


3. checking pulse_width_clock (0)
---------------------------------
 There are 0 register/latch pins which need pulse_width check


4. checking unconstrained_internal_endpoints (0)
------------------------------------------------
 There are 0 pins that are not constrained for maximum delay.

 There are 0 pins that are not constrained for maximum delay due to constant clock.


5. checking no_input_delay (163)
--------------------------------
 There are 163 input ports with no input delay specified. (HIGH)

 There are 0 input ports with no input delay but user has a false path constraint.


6. checking no_output_delay (109)
---------------------------------
 There are 109 ports with no output delay specified. (HIGH)

 There are 0 ports with no output delay but user has a false path constraint

 There are 0 ports with no output delay but with a timing clock defined on it or propagating through it


7. checking multiple_clock (0)
------------------------------
 There are 0 register/latch pins with multiple clocks.


8. checking generated_clocks (0)
--------------------------------
 There are 0 generated clocks that are not connected to a clock source.


9. checking loops (0)
---------------------
 There are 0 combinational loops in the design.


10. checking partial_input_delay (0)
------------------------------------
 There are 0 input ports with partial input delay specified.


11. checking partial_output_delay (0)
-------------------------------------
 There are 0 ports with partial output delay specified.


12. checking latch_loops (0)
----------------------------
 There are 0 combinational latch loops in the design through latch input



------------------------------------------------------------------------------------------------
| Design Timing Summary
| ---------------------
------------------------------------------------------------------------------------------------

    WNS(ns)      TNS(ns)  TNS Failing Endpoints  TNS Total Endpoints     WPWS(ns)     TPWS(ns)  TPWS Failing Endpoints  TPWS Total Endpoints  
    -------      -------  ---------------------  -------------------     --------     --------  ----------------------  --------------------  
      1.940        0.000                      0               368387        1.468        0.000                       0                181551  


All user specified timing constraints are met.


------------------------------------------------------------------------------------------------
| Clock Summary
| -------------
------------------------------------------------------------------------------------------------

Clock  Waveform(ns)         Period(ns)      Frequency(MHz)
-----  ------------         ----------      --------------
clk    {0.000 2.000}        4.000           250.000         


------------------------------------------------------------------------------------------------
| Intra Clock Table
| -----------------
------------------------------------------------------------------------------------------------

Clock             WNS(ns)      TNS(ns)  TNS Failing Endpoints  TNS Total Endpoints     WPWS(ns)     TPWS(ns)  TPWS Failing Endpoints  TPWS Total Endpoints  
-----             -------      -------  ---------------------  -------------------     --------     --------  ----------------------  --------------------  
clk                 1.940        0.000                      0               368387        1.468        0.000                       0                181551  


------------------------------------------------------------------------------------------------
| Inter Clock Table
| -----------------
------------------------------------------------------------------------------------------------

From Clock    To Clock          WNS(ns)      TNS(ns)  TNS Failing Endpoints  TNS Total Endpoints  
----------    --------          -------      -------  ---------------------  -------------------  


------------------------------------------------------------------------------------------------
| Other Path Groups Table
| -----------------------
------------------------------------------------------------------------------------------------

Path Group    From Clock    To Clock          WNS(ns)      TNS(ns)  TNS Failing Endpoints  TNS Total Endpoints  
----------    ----------    --------          -------      -------  ---------------------  -------------------  


------------------------------------------------------------------------------------------------
| Timing Details
| --------------
------------------------------------------------------------------------------------------------


---------------------------------------------------------------------------------------------------
From Clock:  clk
  To Clock:  clk

Setup :            0  Failing Endpoints,  Worst Slack        1.940ns,  Total Violation        0.000ns
Hold  :           NA  Failing Endpoints,  Worst Slack           NA  ,  Total Violation           NA
PW    :            0  Failing Endpoints,  Worst Slack        1.468ns,  Total Violation        0.000ns
---------------------------------------------------------------------------------------------------


Max Delay Paths
--------------------------------------------------------------------------------------
Slack (MET) :             1.940ns  (required time - arrival time)
  Source:                 u_system/u_replay/g_array.u_array/u_array/u_ref/g_row[0].g_col[0].u_pe/u_mul/w1_s0_reg[7]/C
                            (rising edge-triggered cell FDRE clocked by clk  {rise@0.000ns fall@2.000ns period=4.000ns})
  Destination:            u_system/u_replay/g_array.u_array/u_array/u_ref/g_row[0].g_col[0].u_pe/u_mul/u_dsp/DSP_M_DATA_INST/U[24]
                            (rising edge-triggered cell DSP_M_DATA clocked by clk  {rise@0.000ns fall@2.000ns period=4.000ns})
  Path Group:             clk
  Path Type:              Setup (Max at Slow Process Corner)
  Requirement:            4.000ns  (clk rise@4.000ns - clk rise@0.000ns)
  Data Path Delay:        1.845ns  (logic 1.541ns (83.523%)  route 0.304ns (16.477%))
  Logic Levels:           5  (DSP_MULTIPLIER=1 DSP_PREADD=1 DSP_PREADD_DATA=2 LUT1=1)
  Clock Path Skew:        -0.145ns (DCD - SCD + CPR)
    Destination Clock Delay (DCD):    2.927ns = ( 6.927 - 4.000 ) 
    Source Clock Delay      (SCD):    3.355ns
    Clock Pessimism Removal (CPR):    0.283ns
  Clock Uncertainty:      0.085ns  ((TSJ^2 + TIJ^2)^1/2 + DJ) / 2 + PE + UU
    Total System Jitter     (TSJ):    0.071ns
    Total Input Jitter      (TIJ):    0.000ns
    Discrete Jitter          (DJ):    0.000ns
    Phase Error              (PE):    0.000ns
    User Uncertainty         (UU):    0.050ns

    Location             Delay type                Incr(ns)  Path(ns)    Netlist Resource(s)
  -------------------------------------------------------------------    -------------------
                         (clock clk rise edge)        0.000     0.000 r  
                                                      0.000     0.000 r  clk (IN)
                         net (fo=0)                   0.000     0.000    clk_IBUF_inst/I
                         INBUF (Prop_INBUF_PAD_O)     0.582     0.582 r  clk_IBUF_inst/INBUF_INST/O
                         net (fo=1, unplaced)         0.000     0.582    clk_IBUF_inst/OUT
                         IBUFCTRL (Prop_IBUFCTRL_I_O)
                                                      0.000     0.582 r  clk_IBUF_inst/IBUFCTRL_INST/O
                         net (fo=1, unplaced)         0.161     0.743    clk_IBUF
                         BUFGCE (Prop_BUFGCE_I_O)     0.028     0.771 r  clk_IBUF_BUFG_inst/O
                         net (fo=185390, unplaced)    2.584     3.355    u_system/u_replay/g_array.u_array/u_array/u_ref/g_row[0].g_col[0].u_pe/u_mul/clk_IBUF_BUFG
                         FDRE                                         r  u_system/u_replay/g_array.u_array/u_array/u_ref/g_row[0].g_col[0].u_pe/u_mul/w1_s0_reg[7]/C
  -------------------------------------------------------------------    -------------------
                         FDRE (Prop_FDRE_C_Q)         0.077     3.432 r  u_system/u_replay/g_array.u_array/u_array/u_ref/g_row[0].g_col[0].u_pe/u_mul/w1_s0_reg[7]/Q
                         net (fo=1, unplaced)         0.137     3.569    u_system/u_replay/g_array.u_array/u_array/u_ref/g_row[0].g_col[0].u_pe/u_mul/w1_s0[7]
                         LUT1 (Prop_LUT1_I0_O)        0.038     3.607 f  u_system/u_replay/g_array.u_array/u_array/u_ref/g_row[0].g_col[0].u_pe/u_mul/u_dsp_i_1/O
                         net (fo=1, unplaced)         0.167     3.774    u_system/u_replay/g_array.u_array/u_array/u_ref/g_row[0].g_col[0].u_pe/u_mul/u_dsp/D[23]
                         DSP_PREADD_DATA (Prop_DSP_PREADD_DATA_DIN[23]_D_DATA[23])
                                                      0.240     4.014 r  u_system/u_replay/g_array.u_array/u_array/u_ref/g_row[0].g_col[0].u_pe/u_mul/u_dsp/DSP_PREADD_DATA_INST/D_DATA[23]
                         net (fo=1, unplaced)         0.000     4.014    u_system/u_replay/g_array.u_array/u_array/u_ref/g_row[0].g_col[0].u_pe/u_mul/u_dsp/DSP_PREADD_DATA.D_DATA<23>
                         DSP_PREADD (Prop_DSP_PREADD_D_DATA[23]_AD[23])
                                                      0.524     4.538 f  u_system/u_replay/g_array.u_array/u_array/u_ref/g_row[0].g_col[0].u_pe/u_mul/u_dsp/DSP_PREADD_INST/AD[23]
                         net (fo=1, unplaced)         0.000     4.538    u_system/u_replay/g_array.u_array/u_array/u_ref/g_row[0].g_col[0].u_pe/u_mul/u_dsp/DSP_PREADD.AD<23>
                         DSP_PREADD_DATA (Prop_DSP_PREADD_DATA_AD[23]_AD_DATA[23])
                                                      0.050     4.588 r  u_system/u_replay/g_array.u_array/u_array/u_ref/g_row[0].g_col[0].u_pe/u_mul/u_dsp/DSP_PREADD_DATA_INST/AD_DATA[23]
                         net (fo=1, unplaced)         0.000     4.588    u_system/u_replay/g_array.u_array/u_array/u_ref/g_row[0].g_col[0].u_pe/u_mul/u_dsp/DSP_PREADD_DATA.AD_DATA<23>
                         DSP_MULTIPLIER (Prop_DSP_MULTIPLIER_AD_DATA[23]_U[24])
                                                      0.612     5.200 r  u_system/u_replay/g_array.u_array/u_array/u_ref/g_row[0].g_col[0].u_pe/u_mul/u_dsp/DSP_MULTIPLIER_INST/U[24]
                         net (fo=1, unplaced)         0.000     5.200    u_system/u_replay/g_array.u_array/u_array/u_ref/g_row[0].g_col[0].u_pe/u_mul/u_dsp/DSP_MULTIPLIER.U<24>
                         DSP_M_DATA                                   r  u_system/u_replay/g_array.u_array/u_array/u_ref/g_row[0].g_col[0].u_pe/u_mul/u_dsp/DSP_M_DATA_INST/U[24]
  -------------------------------------------------------------------    -------------------

                         (clock clk rise edge)        4.000     4.000 r  
                                                      0.000     4.000 r  clk (IN)
                         net (fo=0)                   0.000     4.000    clk_IBUF_inst/I
                         INBUF (Prop_INBUF_PAD_O)     0.331     4.331 r  clk_IBUF_inst/INBUF_INST/O
                         net (fo=1, unplaced)         0.000     4.331    clk_IBUF_inst/OUT
                         IBUFCTRL (Prop_IBUFCTRL_I_O)
                                                      0.000     4.331 r  clk_IBUF_inst/IBUFCTRL_INST/O
                         net (fo=1, unplaced)         0.133     4.464    clk_IBUF
                         BUFGCE (Prop_BUFGCE_I_O)     0.024     4.488 r  clk_IBUF_BUFG_inst/O
                         net (fo=185390, unplaced)    2.439     6.927    u_system/u_replay/g_array.u_array/u_array/u_ref/g_row[0].g_col[0].u_pe/u_mul/u_dsp/CLK
                         DSP_M_DATA                                   r  u_system/u_replay/g_array.u_array/u_array/u_ref/g_row[0].g_col[0].u_pe/u_mul/u_dsp/DSP_M_DATA_INST/CLK
                         clock pessimism              0.283     7.210    
                         clock uncertainty           -0.085     7.125    
                         DSP_M_DATA (Setup_DSP_M_DATA_CLK_U[24])
                                                      0.015     7.140    u_system/u_replay/g_array.u_array/u_array/u_ref/g_row[0].g_col[0].u_pe/u_mul/u_dsp/DSP_M_DATA_INST
  -------------------------------------------------------------------
                         required time                          7.140    
                         arrival time                          -5.200    
  -------------------------------------------------------------------
                         slack                                  1.940    

Slack (MET) :             1.940ns  (required time - arrival time)
  Source:                 u_system/u_replay/g_array.u_array/u_array/u_ref/g_row[0].g_col[0].u_pe/u_mul/w1_s0_reg[7]/C
                            (rising edge-triggered cell FDRE clocked by clk  {rise@0.000ns fall@2.000ns period=4.000ns})
  Destination:            u_system/u_replay/g_array.u_array/u_array/u_ref/g_row[0].g_col[0].u_pe/u_mul/u_dsp/DSP_M_DATA_INST/U[25]
                            (rising edge-triggered cell DSP_M_DATA clocked by clk  {rise@0.000ns fall@2.000ns period=4.000ns})
  Path Group:             clk
  Path Type:              Setup (Max at Slow Process Corner)
  Requirement:            4.000ns  (clk rise@4.000ns - clk rise@0.000ns)
  Data Path Delay:        1.845ns  (logic 1.541ns (83.523%)  route 0.304ns (16.477%))
  Logic Levels:           5  (DSP_MULTIPLIER=1 DSP_PREADD=1 DSP_PREADD_DATA=2 LUT1=1)
  Clock Path Skew:        -0.145ns (DCD - SCD + CPR)
    Destination Clock Delay (DCD):    2.927ns = ( 6.927 - 4.000 ) 
    Source Clock Delay      (SCD):    3.355ns
    Clock Pessimism Removal (CPR):    0.283ns
  Clock Uncertainty:      0.085ns  ((TSJ^2 + TIJ^2)^1/2 + DJ) / 2 + PE + UU
    Total System Jitter     (TSJ):    0.071ns
    Total Input Jitter      (TIJ):    0.000ns
    Discrete Jitter          (DJ):    0.000ns
    Phase Error              (PE):    0.000ns
    User Uncertainty         (UU):    0.050ns

    Location             Delay type                Incr(ns)  Path(ns)    Netlist Resource(s)
  -------------------------------------------------------------------    -------------------
                         (clock clk rise edge)        0.000     0.000 r  
                                                      0.000     0.000 r  clk (IN)
                         net (fo=0)                   0.000     0.000    clk_IBUF_inst/I
                         INBUF (Prop_INBUF_PAD_O)     0.582     0.582 r  clk_IBUF_inst/INBUF_INST/O
                         net (fo=1, unplaced)         0.000     0.582    clk_IBUF_inst/OUT
                         IBUFCTRL (Prop_IBUFCTRL_I_O)
                                                      0.000     0.582 r  clk_IBUF_inst/IBUFCTRL_INST/O
                         net (fo=1, unplaced)         0.161     0.743    clk_IBUF
                         BUFGCE (Prop_BUFGCE_I_O)     0.028     0.771 r  clk_IBUF_BUFG_inst/O
                         net (fo=185390, unplaced)    2.584     3.355    u_system/u_replay/g_array.u_array/u_array/u_ref/g_row[0].g_col[0].u_pe/u_mul/clk_IBUF_BUFG
                         FDRE                                         r  u_system/u_replay/g_array.u_array/u_array/u_ref/g_row[0].g_col[0].u_pe/u_mul/w1_s0_reg[7]/C
  -------------------------------------------------------------------    -------------------
                         FDRE (Prop_FDRE_C_Q)         0.077     3.432 r  u_system/u_replay/g_array.u_array/u_array/u_ref/g_row[0].g_col[0].u_pe/u_mul/w1_s0_reg[7]/Q
                         net (fo=1, unplaced)         0.137     3.569    u_system/u_replay/g_array.u_array/u_array/u_ref/g_row[0].g_col[0].u_pe/u_mul/w1_s0[7]
                         LUT1 (Prop_LUT1_I0_O)        0.038     3.607 f  u_system/u_replay/g_array.u_array/u_array/u_ref/g_row[0].g_col[0].u_pe/u_mul/u_dsp_i_1/O
                         net (fo=1, unplaced)         0.167     3.774    u_system/u_replay/g_array.u_array/u_array/u_ref/g_row[0].g_col[0].u_pe/u_mul/u_dsp/D[23]
                         DSP_PREADD_DATA (Prop_DSP_PREADD_DATA_DIN[23]_D_DATA[23])
                                                      0.240     4.014 r  u_system/u_replay/g_array.u_array/u_array/u_ref/g_row[0].g_col[0].u_pe/u_mul/u_dsp/DSP_PREADD_DATA_INST/D_DATA[23]
                         net (fo=1, unplaced)         0.000     4.014    u_system/u_replay/g_array.u_array/u_array/u_ref/g_row[0].g_col[0].u_pe/u_mul/u_dsp/DSP_PREADD_DATA.D_DATA<23>
                         DSP_PREADD (Prop_DSP_PREADD_D_DATA[23]_AD[24])
                                                      0.524     4.538 f  u_system/u_replay/g_array.u_array/u_array/u_ref/g_row[0].g_col[0].u_pe/u_mul/u_dsp/DSP_PREADD_INST/AD[24]
                         net (fo=1, unplaced)         0.000     4.538    u_system/u_replay/g_array.u_array/u_array/u_ref/g_row[0].g_col[0].u_pe/u_mul/u_dsp/DSP_PREADD.AD<24>
                         DSP_PREADD_DATA (Prop_DSP_PREADD_DATA_AD[24]_AD_DATA[24])
                                                      0.050     4.588 r  u_system/u_replay/g_array.u_array/u_array/u_ref/g_row[0].g_col[0].u_pe/u_mul/u_dsp/DSP_PREADD_DATA_INST/AD_DATA[24]
                         net (fo=1, unplaced)         0.000     4.588    u_system/u_replay/g_array.u_array/u_array/u_ref/g_row[0].g_col[0].u_pe/u_mul/u_dsp/DSP_PREADD_DATA.AD_DATA<24>
                         DSP_MULTIPLIER (Prop_DSP_MULTIPLIER_AD_DATA[24]_U[25])
                                                      0.612     5.200 r  u_system/u_replay/g_array.u_array/u_array/u_ref/g_row[0].g_col[0].u_pe/u_mul/u_dsp/DSP_MULTIPLIER_INST/U[25]
                         net (fo=1, unplaced)         0.000     5.200    u_system/u_replay/g_array.u_array/u_array/u_ref/g_row[0].g_col[0].u_pe/u_mul/u_dsp/DSP_MULTIPLIER.U<25>
                         DSP_M_DATA                                   r  u_system/u_replay/g_array.u_array/u_array/u_ref/g_row[0].g_col[0].u_pe/u_mul/u_dsp/DSP_M_DATA_INST/U[25]
  -------------------------------------------------------------------    -------------------

                         (clock clk rise edge)        4.000     4.000 r  
                                                      0.000     4.000 r  clk (IN)
                         net (fo=0)                   0.000     4.000    clk_IBUF_inst/I
                         INBUF (Prop_INBUF_PAD_O)     0.331     4.331 r  clk_IBUF_inst/INBUF_INST/O
                         net (fo=1, unplaced)         0.000     4.331    clk_IBUF_inst/OUT
                         IBUFCTRL (Prop_IBUFCTRL_I_O)
                                                      0.000     4.331 r  clk_IBUF_inst/IBUFCTRL_INST/O
                         net (fo=1, unplaced)         0.133     4.464    clk_IBUF
                         BUFGCE (Prop_BUFGCE_I_O)     0.024     4.488 r  clk_IBUF_BUFG_inst/O
                         net (fo=185390, unplaced)    2.439     6.927    u_system/u_replay/g_array.u_array/u_array/u_ref/g_row[0].g_col[0].u_pe/u_mul/u_dsp/CLK
                         DSP_M_DATA                                   r  u_system/u_replay/g_array.u_array/u_array/u_ref/g_row[0].g_col[0].u_pe/u_mul/u_dsp/DSP_M_DATA_INST/CLK
                         clock pessimism              0.283     7.210    
                         clock uncertainty           -0.085     7.125    
                         DSP_M_DATA (Setup_DSP_M_DATA_CLK_U[25])
                                                      0.015     7.140    u_system/u_replay/g_array.u_array/u_array/u_ref/g_row[0].g_col[0].u_pe/u_mul/u_dsp/DSP_M_DATA_INST
  -------------------------------------------------------------------
                         required time                          7.140    
                         arrival time                          -5.200    
  -------------------------------------------------------------------
                         slack                                  1.940    

Slack (MET) :             1.940ns  (required time - arrival time)
  Source:                 u_system/u_replay/g_array.u_array/u_array/u_ref/g_row[0].g_col[0].u_pe/u_mul/w1_s0_reg[7]/C
                            (rising edge-triggered cell FDRE clocked by clk  {rise@0.000ns fall@2.000ns period=4.000ns})
  Destination:            u_system/u_replay/g_array.u_array/u_array/u_ref/g_row[0].g_col[0].u_pe/u_mul/u_dsp/DSP_M_DATA_INST/U[26]
                            (rising edge-triggered cell DSP_M_DATA clocked by clk  {rise@0.000ns fall@2.000ns period=4.000ns})
  Path Group:             clk
  Path Type:              Setup (Max at Slow Process Corner)
  Requirement:            4.000ns  (clk rise@4.000ns - clk rise@0.000ns)
  Data Path Delay:        1.845ns  (logic 1.541ns (83.523%)  route 0.304ns (16.477%))
  Logic Levels:           5  (DSP_MULTIPLIER=1 DSP_PREADD=1 DSP_PREADD_DATA=2 LUT1=1)
  Clock Path Skew:        -0.145ns (DCD - SCD + CPR)
    Destination Clock Delay (DCD):    2.927ns = ( 6.927 - 4.000 ) 
    Source Clock Delay      (SCD):    3.355ns
    Clock Pessimism Removal (CPR):    0.283ns
  Clock Uncertainty:      0.085ns  ((TSJ^2 + TIJ^2)^1/2 + DJ) / 2 + PE + UU
    Total System Jitter     (TSJ):    0.071ns
    Total Input Jitter      (TIJ):    0.000ns
    Discrete Jitter          (DJ):    0.000ns
    Phase Error              (PE):    0.000ns
    User Uncertainty         (UU):    0.050ns

    Location             Delay type                Incr(ns)  Path(ns)    Netlist Resource(s)
  -------------------------------------------------------------------    -------------------
                         (clock clk rise edge)        0.000     0.000 r  
                                                      0.000     0.000 r  clk (IN)
                         net (fo=0)                   0.000     0.000    clk_IBUF_inst/I
                         INBUF (Prop_INBUF_PAD_O)     0.582     0.582 r  clk_IBUF_inst/INBUF_INST/O
                         net (fo=1, unplaced)         0.000     0.582    clk_IBUF_inst/OUT
                         IBUFCTRL (Prop_IBUFCTRL_I_O)
                                                      0.000     0.582 r  clk_IBUF_inst/IBUFCTRL_INST/O
                         net (fo=1, unplaced)         0.161     0.743    clk_IBUF
                         BUFGCE (Prop_BUFGCE_I_O)     0.028     0.771 r  clk_IBUF_BUFG_inst/O
                         net (fo=185390, unplaced)    2.584     3.355    u_system/u_replay/g_array.u_array/u_array/u_ref/g_row[0].g_col[0].u_pe/u_mul/clk_IBUF_BUFG
                         FDRE                                         r  u_system/u_replay/g_array.u_array/u_array/u_ref/g_row[0].g_col[0].u_pe/u_mul/w1_s0_reg[7]/C
  -------------------------------------------------------------------    -------------------
                         FDRE (Prop_FDRE_C_Q)         0.077     3.432 r  u_system/u_replay/g_array.u_array/u_array/u_ref/g_row[0].g_col[0].u_pe/u_mul/w1_s0_reg[7]/Q
                         net (fo=1, unplaced)         0.137     3.569    u_system/u_replay/g_array.u_array/u_array/u_ref/g_row[0].g_col[0].u_pe/u_mul/w1_s0[7]
                         LUT1 (Prop_LUT1_I0_O)        0.038     3.607 f  u_system/u_replay/g_array.u_array/u_array/u_ref/g_row[0].g_col[0].u_pe/u_mul/u_dsp_i_1/O
                         net (fo=1, unplaced)         0.167     3.774    u_system/u_replay/g_array.u_array/u_array/u_ref/g_row[0].g_col[0].u_pe/u_mul/u_dsp/D[23]
                         DSP_PREADD_DATA (Prop_DSP_PREADD_DATA_DIN[23]_D_DATA[23])
                                                      0.240     4.014 r  u_system/u_replay/g_array.u_array/u_array/u_ref/g_row[0].g_col[0].u_pe/u_mul/u_dsp/DSP_PREADD_DATA_INST/D_DATA[23]
                         net (fo=1, unplaced)         0.000     4.014    u_system/u_replay/g_array.u_array/u_array/u_ref/g_row[0].g_col[0].u_pe/u_mul/u_dsp/DSP_PREADD_DATA.D_DATA<23>
                         DSP_PREADD (Prop_DSP_PREADD_D_DATA[23]_AD[25])
                                                      0.524     4.538 f  u_system/u_replay/g_array.u_array/u_array/u_ref/g_row[0].g_col[0].u_pe/u_mul/u_dsp/DSP_PREADD_INST/AD[25]
                         net (fo=1, unplaced)         0.000     4.538    u_system/u_replay/g_array.u_array/u_array/u_ref/g_row[0].g_col[0].u_pe/u_mul/u_dsp/DSP_PREADD.AD<25>
                         DSP_PREADD_DATA (Prop_DSP_PREADD_DATA_AD[25]_AD_DATA[25])
                                                      0.050     4.588 r  u_system/u_replay/g_array.u_array/u_array/u_ref/g_row[0].g_col[0].u_pe/u_mul/u_dsp/DSP_PREADD_DATA_INST/AD_DATA[25]
                         net (fo=1, unplaced)         0.000     4.588    u_system/u_replay/g_array.u_array/u_array/u_ref/g_row[0].g_col[0].u_pe/u_mul/u_dsp/DSP_PREADD_DATA.AD_DATA<25>
                         DSP_MULTIPLIER (Prop_DSP_MULTIPLIER_AD_DATA[25]_U[26])
                                                      0.612     5.200 r  u_system/u_replay/g_array.u_array/u_array/u_ref/g_row[0].g_col[0].u_pe/u_mul/u_dsp/DSP_MULTIPLIER_INST/U[26]
                         net (fo=1, unplaced)         0.000     5.200    u_system/u_replay/g_array.u_array/u_array/u_ref/g_row[0].g_col[0].u_pe/u_mul/u_dsp/DSP_MULTIPLIER.U<26>
                         DSP_M_DATA                                   r  u_system/u_replay/g_array.u_array/u_array/u_ref/g_row[0].g_col[0].u_pe/u_mul/u_dsp/DSP_M_DATA_INST/U[26]
  -------------------------------------------------------------------    -------------------

                         (clock clk rise edge)        4.000     4.000 r  
                                                      0.000     4.000 r  clk (IN)
                         net (fo=0)                   0.000     4.000    clk_IBUF_inst/I
                         INBUF (Prop_INBUF_PAD_O)     0.331     4.331 r  clk_IBUF_inst/INBUF_INST/O
                         net (fo=1, unplaced)         0.000     4.331    clk_IBUF_inst/OUT
                         IBUFCTRL (Prop_IBUFCTRL_I_O)
                                                      0.000     4.331 r  clk_IBUF_inst/IBUFCTRL_INST/O
                         net (fo=1, unplaced)         0.133     4.464    clk_IBUF
                         BUFGCE (Prop_BUFGCE_I_O)     0.024     4.488 r  clk_IBUF_BUFG_inst/O
                         net (fo=185390, unplaced)    2.439     6.927    u_system/u_replay/g_array.u_array/u_array/u_ref/g_row[0].g_col[0].u_pe/u_mul/u_dsp/CLK
                         DSP_M_DATA                                   r  u_system/u_replay/g_array.u_array/u_array/u_ref/g_row[0].g_col[0].u_pe/u_mul/u_dsp/DSP_M_DATA_INST/CLK
                         clock pessimism              0.283     7.210    
                         clock uncertainty           -0.085     7.125    
                         DSP_M_DATA (Setup_DSP_M_DATA_CLK_U[26])
                                                      0.015     7.140    u_system/u_replay/g_array.u_array/u_array/u_ref/g_row[0].g_col[0].u_pe/u_mul/u_dsp/DSP_M_DATA_INST
  -------------------------------------------------------------------
                         required time                          7.140    
                         arrival time                          -5.200    
  -------------------------------------------------------------------
                         slack                                  1.940    

Slack (MET) :             1.940ns  (required time - arrival time)
  Source:                 u_system/u_replay/g_array.u_array/u_array/u_ref/g_row[0].g_col[0].u_pe/u_mul/w1_s0_reg[7]/C
                            (rising edge-triggered cell FDRE clocked by clk  {rise@0.000ns fall@2.000ns period=4.000ns})
  Destination:            u_system/u_replay/g_array.u_array/u_array/u_ref/g_row[0].g_col[0].u_pe/u_mul/u_dsp/DSP_M_DATA_INST/U[27]
                            (rising edge-triggered cell DSP_M_DATA clocked by clk  {rise@0.000ns fall@2.000ns period=4.000ns})
  Path Group:             clk
  Path Type:              Setup (Max at Slow Process Corner)
  Requirement:            4.000ns  (clk rise@4.000ns - clk rise@0.000ns)
  Data Path Delay:        1.845ns  (logic 1.541ns (83.523%)  route 0.304ns (16.477%))
  Logic Levels:           5  (DSP_MULTIPLIER=1 DSP_PREADD=1 DSP_PREADD_DATA=2 LUT1=1)
  Clock Path Skew:        -0.145ns (DCD - SCD + CPR)
    Destination Clock Delay (DCD):    2.927ns = ( 6.927 - 4.000 ) 
    Source Clock Delay      (SCD):    3.355ns
    Clock Pessimism Removal (CPR):    0.283ns
  Clock Uncertainty:      0.085ns  ((TSJ^2 + TIJ^2)^1/2 + DJ) / 2 + PE + UU
    Total System Jitter     (TSJ):    0.071ns
    Total Input Jitter      (TIJ):    0.000ns
    Discrete Jitter          (DJ):    0.000ns
    Phase Error              (PE):    0.000ns
    User Uncertainty         (UU):    0.050ns

    Location             Delay type                Incr(ns)  Path(ns)    Netlist Resource(s)
  -------------------------------------------------------------------    -------------------
                         (clock clk rise edge)        0.000     0.000 r  
                                                      0.000     0.000 r  clk (IN)
                         net (fo=0)                   0.000     0.000    clk_IBUF_inst/I
                         INBUF (Prop_INBUF_PAD_O)     0.582     0.582 r  clk_IBUF_inst/INBUF_INST/O
                         net (fo=1, unplaced)         0.000     0.582    clk_IBUF_inst/OUT
                         IBUFCTRL (Prop_IBUFCTRL_I_O)
                                                      0.000     0.582 r  clk_IBUF_inst/IBUFCTRL_INST/O
                         net (fo=1, unplaced)         0.161     0.743    clk_IBUF
                         BUFGCE (Prop_BUFGCE_I_O)     0.028     0.771 r  clk_IBUF_BUFG_inst/O
                         net (fo=185390, unplaced)    2.584     3.355    u_system/u_replay/g_array.u_array/u_array/u_ref/g_row[0].g_col[0].u_pe/u_mul/clk_IBUF_BUFG
                         FDRE                                         r  u_system/u_replay/g_array.u_array/u_array/u_ref/g_row[0].g_col[0].u_pe/u_mul/w1_s0_reg[7]/C
  -------------------------------------------------------------------    -------------------
                         FDRE (Prop_FDRE_C_Q)         0.077     3.432 r  u_system/u_replay/g_array.u_array/u_array/u_ref/g_row[0].g_col[0].u_pe/u_mul/w1_s0_reg[7]/Q
                         net (fo=1, unplaced)         0.137     3.569    u_system/u_replay/g_array.u_array/u_array/u_ref/g_row[0].g_col[0].u_pe/u_mul/w1_s0[7]
                         LUT1 (Prop_LUT1_I0_O)        0.038     3.607 f  u_system/u_replay/g_array.u_array/u_array/u_ref/g_row[0].g_col[0].u_pe/u_mul/u_dsp_i_1/O
                         net (fo=1, unplaced)         0.167     3.774    u_system/u_replay/g_array.u_array/u_array/u_ref/g_row[0].g_col[0].u_pe/u_mul/u_dsp/D[23]
                         DSP_PREADD_DATA (Prop_DSP_PREADD_DATA_DIN[23]_D_DATA[23])
                                                      0.240     4.014 r  u_system/u_replay/g_array.u_array/u_array/u_ref/g_row[0].g_col[0].u_pe/u_mul/u_dsp/DSP_PREADD_DATA_INST/D_DATA[23]
                         net (fo=1, unplaced)         0.000     4.014    u_system/u_replay/g_array.u_array/u_array/u_ref/g_row[0].g_col[0].u_pe/u_mul/u_dsp/DSP_PREADD_DATA.D_DATA<23>
                         DSP_PREADD (Prop_DSP_PREADD_D_DATA[23]_AD[26])
                                                      0.524     4.538 f  u_system/u_replay/g_array.u_array/u_array/u_ref/g_row[0].g_col[0].u_pe/u_mul/u_dsp/DSP_PREADD_INST/AD[26]
                         net (fo=1, unplaced)         0.000     4.538    u_system/u_replay/g_array.u_array/u_array/u_ref/g_row[0].g_col[0].u_pe/u_mul/u_dsp/DSP_PREADD.AD<26>
                         DSP_PREADD_DATA (Prop_DSP_PREADD_DATA_AD[26]_AD_DATA[26])
                                                      0.050     4.588 r  u_system/u_replay/g_array.u_array/u_array/u_ref/g_row[0].g_col[0].u_pe/u_mul/u_dsp/DSP_PREADD_DATA_INST/AD_DATA[26]
                         net (fo=1, unplaced)         0.000     4.588    u_system/u_replay/g_array.u_array/u_array/u_ref/g_row[0].g_col[0].u_pe/u_mul/u_dsp/DSP_PREADD_DATA.AD_DATA<26>
                         DSP_MULTIPLIER (Prop_DSP_MULTIPLIER_AD_DATA[26]_U[27])
                                                      0.612     5.200 r  u_system/u_replay/g_array.u_array/u_array/u_ref/g_row[0].g_col[0].u_pe/u_mul/u_dsp/DSP_MULTIPLIER_INST/U[27]
                         net (fo=1, unplaced)         0.000     5.200    u_system/u_replay/g_array.u_array/u_array/u_ref/g_row[0].g_col[0].u_pe/u_mul/u_dsp/DSP_MULTIPLIER.U<27>
                         DSP_M_DATA                                   r  u_system/u_replay/g_array.u_array/u_array/u_ref/g_row[0].g_col[0].u_pe/u_mul/u_dsp/DSP_M_DATA_INST/U[27]
  -------------------------------------------------------------------    -------------------

                         (clock clk rise edge)        4.000     4.000 r  
                                                      0.000     4.000 r  clk (IN)
                         net (fo=0)                   0.000     4.000    clk_IBUF_inst/I
                         INBUF (Prop_INBUF_PAD_O)     0.331     4.331 r  clk_IBUF_inst/INBUF_INST/O
                         net (fo=1, unplaced)         0.000     4.331    clk_IBUF_inst/OUT
                         IBUFCTRL (Prop_IBUFCTRL_I_O)
                                                      0.000     4.331 r  clk_IBUF_inst/IBUFCTRL_INST/O
                         net (fo=1, unplaced)         0.133     4.464    clk_IBUF
                         BUFGCE (Prop_BUFGCE_I_O)     0.024     4.488 r  clk_IBUF_BUFG_inst/O
                         net (fo=185390, unplaced)    2.439     6.927    u_system/u_replay/g_array.u_array/u_array/u_ref/g_row[0].g_col[0].u_pe/u_mul/u_dsp/CLK
                         DSP_M_DATA                                   r  u_system/u_replay/g_array.u_array/u_array/u_ref/g_row[0].g_col[0].u_pe/u_mul/u_dsp/DSP_M_DATA_INST/CLK
                         clock pessimism              0.283     7.210    
                         clock uncertainty           -0.085     7.125    
                         DSP_M_DATA (Setup_DSP_M_DATA_CLK_U[27])
                                                      0.015     7.140    u_system/u_replay/g_array.u_array/u_array/u_ref/g_row[0].g_col[0].u_pe/u_mul/u_dsp/DSP_M_DATA_INST
  -------------------------------------------------------------------
                         required time                          7.140    
                         arrival time                          -5.200    
  -------------------------------------------------------------------
                         slack                                  1.940    

Slack (MET) :             1.940ns  (required time - arrival time)
  Source:                 u_system/u_replay/g_array.u_array/u_array/u_ref/g_row[0].g_col[0].u_pe/u_mul/w1_s0_reg[7]/C
                            (rising edge-triggered cell FDRE clocked by clk  {rise@0.000ns fall@2.000ns period=4.000ns})
  Destination:            u_system/u_replay/g_array.u_array/u_array/u_ref/g_row[0].g_col[0].u_pe/u_mul/u_dsp/DSP_M_DATA_INST/U[28]
                            (rising edge-triggered cell DSP_M_DATA clocked by clk  {rise@0.000ns fall@2.000ns period=4.000ns})
  Path Group:             clk
  Path Type:              Setup (Max at Slow Process Corner)
  Requirement:            4.000ns  (clk rise@4.000ns - clk rise@0.000ns)
  Data Path Delay:        1.845ns  (logic 1.541ns (83.523%)  route 0.304ns (16.477%))
  Logic Levels:           5  (DSP_MULTIPLIER=1 DSP_PREADD=1 DSP_PREADD_DATA=2 LUT1=1)
  Clock Path Skew:        -0.145ns (DCD - SCD + CPR)
    Destination Clock Delay (DCD):    2.927ns = ( 6.927 - 4.000 ) 
    Source Clock Delay      (SCD):    3.355ns
    Clock Pessimism Removal (CPR):    0.283ns
  Clock Uncertainty:      0.085ns  ((TSJ^2 + TIJ^2)^1/2 + DJ) / 2 + PE + UU
    Total System Jitter     (TSJ):    0.071ns
    Total Input Jitter      (TIJ):    0.000ns
    Discrete Jitter          (DJ):    0.000ns
    Phase Error              (PE):    0.000ns
    User Uncertainty         (UU):    0.050ns

    Location             Delay type                Incr(ns)  Path(ns)    Netlist Resource(s)
  -------------------------------------------------------------------    -------------------
                         (clock clk rise edge)        0.000     0.000 r  
                                                      0.000     0.000 r  clk (IN)
                         net (fo=0)                   0.000     0.000    clk_IBUF_inst/I
                         INBUF (Prop_INBUF_PAD_O)     0.582     0.582 r  clk_IBUF_inst/INBUF_INST/O
                         net (fo=1, unplaced)         0.000     0.582    clk_IBUF_inst/OUT
                         IBUFCTRL (Prop_IBUFCTRL_I_O)
                                                      0.000     0.582 r  clk_IBUF_inst/IBUFCTRL_INST/O
                         net (fo=1, unplaced)         0.161     0.743    clk_IBUF
                         BUFGCE (Prop_BUFGCE_I_O)     0.028     0.771 r  clk_IBUF_BUFG_inst/O
                         net (fo=185390, unplaced)    2.584     3.355    u_system/u_replay/g_array.u_array/u_array/u_ref/g_row[0].g_col[0].u_pe/u_mul/clk_IBUF_BUFG
                         FDRE                                         r  u_system/u_replay/g_array.u_array/u_array/u_ref/g_row[0].g_col[0].u_pe/u_mul/w1_s0_reg[7]/C
  -------------------------------------------------------------------    -------------------
                         FDRE (Prop_FDRE_C_Q)         0.077     3.432 r  u_system/u_replay/g_array.u_array/u_array/u_ref/g_row[0].g_col[0].u_pe/u_mul/w1_s0_reg[7]/Q
                         net (fo=1, unplaced)         0.137     3.569    u_system/u_replay/g_array.u_array/u_array/u_ref/g_row[0].g_col[0].u_pe/u_mul/w1_s0[7]
                         LUT1 (Prop_LUT1_I0_O)        0.038     3.607 f  u_system/u_replay/g_array.u_array/u_array/u_ref/g_row[0].g_col[0].u_pe/u_mul/u_dsp_i_1/O
                         net (fo=1, unplaced)         0.167     3.774    u_system/u_replay/g_array.u_array/u_array/u_ref/g_row[0].g_col[0].u_pe/u_mul/u_dsp/D[23]
                         DSP_PREADD_DATA (Prop_DSP_PREADD_DATA_DIN[23]_D_DATA[23])
                                                      0.240     4.014 r  u_system/u_replay/g_array.u_array/u_array/u_ref/g_row[0].g_col[0].u_pe/u_mul/u_dsp/DSP_PREADD_DATA_INST/D_DATA[23]
                         net (fo=1, unplaced)         0.000     4.014    u_system/u_replay/g_array.u_array/u_array/u_ref/g_row[0].g_col[0].u_pe/u_mul/u_dsp/DSP_PREADD_DATA.D_DATA<23>
                         DSP_PREADD (Prop_DSP_PREADD_D_DATA[23]_AD[26])
                                                      0.524     4.538 f  u_system/u_replay/g_array.u_array/u_array/u_ref/g_row[0].g_col[0].u_pe/u_mul/u_dsp/DSP_PREADD_INST/AD[26]
                         net (fo=1, unplaced)         0.000     4.538    u_system/u_replay/g_array.u_array/u_array/u_ref/g_row[0].g_col[0].u_pe/u_mul/u_dsp/DSP_PREADD.AD<26>
                         DSP_PREADD_DATA (Prop_DSP_PREADD_DATA_AD[26]_AD_DATA[26])
                                                      0.050     4.588 r  u_system/u_replay/g_array.u_array/u_array/u_ref/g_row[0].g_col[0].u_pe/u_mul/u_dsp/DSP_PREADD_DATA_INST/AD_DATA[26]
                         net (fo=1, unplaced)         0.000     4.588    u_system/u_replay/g_array.u_array/u_array/u_ref/g_row[0].g_col[0].u_pe/u_mul/u_dsp/DSP_PREADD_DATA.AD_DATA<26>
                         DSP_MULTIPLIER (Prop_DSP_MULTIPLIER_AD_DATA[26]_U[28])
                                                      0.612     5.200 r  u_system/u_replay/g_array.u_array/u_array/u_ref/g_row[0].g_col[0].u_pe/u_mul/u_dsp/DSP_MULTIPLIER_INST/U[28]
                         net (fo=1, unplaced)         0.000     5.200    u_system/u_replay/g_array.u_array/u_array/u_ref/g_row[0].g_col[0].u_pe/u_mul/u_dsp/DSP_MULTIPLIER.U<28>
                         DSP_M_DATA                                   r  u_system/u_replay/g_array.u_array/u_array/u_ref/g_row[0].g_col[0].u_pe/u_mul/u_dsp/DSP_M_DATA_INST/U[28]
  -------------------------------------------------------------------    -------------------

                         (clock clk rise edge)        4.000     4.000 r  
                                                      0.000     4.000 r  clk (IN)
                         net (fo=0)                   0.000     4.000    clk_IBUF_inst/I
                         INBUF (Prop_INBUF_PAD_O)     0.331     4.331 r  clk_IBUF_inst/INBUF_INST/O
                         net (fo=1, unplaced)         0.000     4.331    clk_IBUF_inst/OUT
                         IBUFCTRL (Prop_IBUFCTRL_I_O)
                                                      0.000     4.331 r  clk_IBUF_inst/IBUFCTRL_INST/O
                         net (fo=1, unplaced)         0.133     4.464    clk_IBUF
                         BUFGCE (Prop_BUFGCE_I_O)     0.024     4.488 r  clk_IBUF_BUFG_inst/O
                         net (fo=185390, unplaced)    2.439     6.927    u_system/u_replay/g_array.u_array/u_array/u_ref/g_row[0].g_col[0].u_pe/u_mul/u_dsp/CLK
                         DSP_M_DATA                                   r  u_system/u_replay/g_array.u_array/u_array/u_ref/g_row[0].g_col[0].u_pe/u_mul/u_dsp/DSP_M_DATA_INST/CLK
                         clock pessimism              0.283     7.210    
                         clock uncertainty           -0.085     7.125    
                         DSP_M_DATA (Setup_DSP_M_DATA_CLK_U[28])
                                                      0.015     7.140    u_system/u_replay/g_array.u_array/u_array/u_ref/g_row[0].g_col[0].u_pe/u_mul/u_dsp/DSP_M_DATA_INST
  -------------------------------------------------------------------
                         required time                          7.140    
                         arrival time                          -5.200    
  -------------------------------------------------------------------
                         slack                                  1.940    

Slack (MET) :             1.940ns  (required time - arrival time)
  Source:                 u_system/u_replay/g_array.u_array/u_array/u_ref/g_row[0].g_col[0].u_pe/u_mul/w1_s0_reg[7]/C
                            (rising edge-triggered cell FDRE clocked by clk  {rise@0.000ns fall@2.000ns period=4.000ns})
  Destination:            u_system/u_replay/g_array.u_array/u_array/u_ref/g_row[0].g_col[0].u_pe/u_mul/u_dsp/DSP_M_DATA_INST/U[29]
                            (rising edge-triggered cell DSP_M_DATA clocked by clk  {rise@0.000ns fall@2.000ns period=4.000ns})
  Path Group:             clk
  Path Type:              Setup (Max at Slow Process Corner)
  Requirement:            4.000ns  (clk rise@4.000ns - clk rise@0.000ns)
  Data Path Delay:        1.845ns  (logic 1.541ns (83.523%)  route 0.304ns (16.477%))
  Logic Levels:           5  (DSP_MULTIPLIER=1 DSP_PREADD=1 DSP_PREADD_DATA=2 LUT1=1)
  Clock Path Skew:        -0.145ns (DCD - SCD + CPR)
    Destination Clock Delay (DCD):    2.927ns = ( 6.927 - 4.000 ) 
    Source Clock Delay      (SCD):    3.355ns
    Clock Pessimism Removal (CPR):    0.283ns
  Clock Uncertainty:      0.085ns  ((TSJ^2 + TIJ^2)^1/2 + DJ) / 2 + PE + UU
    Total System Jitter     (TSJ):    0.071ns
    Total Input Jitter      (TIJ):    0.000ns
    Discrete Jitter          (DJ):    0.000ns
    Phase Error              (PE):    0.000ns
    User Uncertainty         (UU):    0.050ns

    Location             Delay type                Incr(ns)  Path(ns)    Netlist Resource(s)
  -------------------------------------------------------------------    -------------------
                         (clock clk rise edge)        0.000     0.000 r  
                                                      0.000     0.000 r  clk (IN)
                         net (fo=0)                   0.000     0.000    clk_IBUF_inst/I
                         INBUF (Prop_INBUF_PAD_O)     0.582     0.582 r  clk_IBUF_inst/INBUF_INST/O
                         net (fo=1, unplaced)         0.000     0.582    clk_IBUF_inst/OUT
                         IBUFCTRL (Prop_IBUFCTRL_I_O)
                                                      0.000     0.582 r  clk_IBUF_inst/IBUFCTRL_INST/O
                         net (fo=1, unplaced)         0.161     0.743    clk_IBUF
                         BUFGCE (Prop_BUFGCE_I_O)     0.028     0.771 r  clk_IBUF_BUFG_inst/O
                         net (fo=185390, unplaced)    2.584     3.355    u_system/u_replay/g_array.u_array/u_array/u_ref/g_row[0].g_col[0].u_pe/u_mul/clk_IBUF_BUFG
                         FDRE                                         r  u_system/u_replay/g_array.u_array/u_array/u_ref/g_row[0].g_col[0].u_pe/u_mul/w1_s0_reg[7]/C
  -------------------------------------------------------------------    -------------------
                         FDRE (Prop_FDRE_C_Q)         0.077     3.432 r  u_system/u_replay/g_array.u_array/u_array/u_ref/g_row[0].g_col[0].u_pe/u_mul/w1_s0_reg[7]/Q
                         net (fo=1, unplaced)         0.137     3.569    u_system/u_replay/g_array.u_array/u_array/u_ref/g_row[0].g_col[0].u_pe/u_mul/w1_s0[7]
                         LUT1 (Prop_LUT1_I0_O)        0.038     3.607 f  u_system/u_replay/g_array.u_array/u_array/u_ref/g_row[0].g_col[0].u_pe/u_mul/u_dsp_i_1/O
                         net (fo=1, unplaced)         0.167     3.774    u_system/u_replay/g_array.u_array/u_array/u_ref/g_row[0].g_col[0].u_pe/u_mul/u_dsp/D[23]
                         DSP_PREADD_DATA (Prop_DSP_PREADD_DATA_DIN[23]_D_DATA[23])
                                                      0.240     4.014 r  u_system/u_replay/g_array.u_array/u_array/u_ref/g_row[0].g_col[0].u_pe/u_mul/u_dsp/DSP_PREADD_DATA_INST/D_DATA[23]
                         net (fo=1, unplaced)         0.000     4.014    u_system/u_replay/g_array.u_array/u_array/u_ref/g_row[0].g_col[0].u_pe/u_mul/u_dsp/DSP_PREADD_DATA.D_DATA<23>
                         DSP_PREADD (Prop_DSP_PREADD_D_DATA[23]_AD[26])
                                                      0.524     4.538 f  u_system/u_replay/g_array.u_array/u_array/u_ref/g_row[0].g_col[0].u_pe/u_mul/u_dsp/DSP_PREADD_INST/AD[26]
                         net (fo=1, unplaced)         0.000     4.538    u_system/u_replay/g_array.u_array/u_array/u_ref/g_row[0].g_col[0].u_pe/u_mul/u_dsp/DSP_PREADD.AD<26>
                         DSP_PREADD_DATA (Prop_DSP_PREADD_DATA_AD[26]_AD_DATA[26])
                                                      0.050     4.588 r  u_system/u_replay/g_array.u_array/u_array/u_ref/g_row[0].g_col[0].u_pe/u_mul/u_dsp/DSP_PREADD_DATA_INST/AD_DATA[26]
                         net (fo=1, unplaced)         0.000     4.588    u_system/u_replay/g_array.u_array/u_array/u_ref/g_row[0].g_col[0].u_pe/u_mul/u_dsp/DSP_PREADD_DATA.AD_DATA<26>
                         DSP_MULTIPLIER (Prop_DSP_MULTIPLIER_AD_DATA[26]_U[29])
                                                      0.612     5.200 r  u_system/u_replay/g_array.u_array/u_array/u_ref/g_row[0].g_col[0].u_pe/u_mul/u_dsp/DSP_MULTIPLIER_INST/U[29]
                         net (fo=1, unplaced)         0.000     5.200    u_system/u_replay/g_array.u_array/u_array/u_ref/g_row[0].g_col[0].u_pe/u_mul/u_dsp/DSP_MULTIPLIER.U<29>
                         DSP_M_DATA                                   r  u_system/u_replay/g_array.u_array/u_array/u_ref/g_row[0].g_col[0].u_pe/u_mul/u_dsp/DSP_M_DATA_INST/U[29]
  -------------------------------------------------------------------    -------------------

                         (clock clk rise edge)        4.000     4.000 r  
                                                      0.000     4.000 r  clk (IN)
                         net (fo=0)                   0.000     4.000    clk_IBUF_inst/I
                         INBUF (Prop_INBUF_PAD_O)     0.331     4.331 r  clk_IBUF_inst/INBUF_INST/O
                         net (fo=1, unplaced)         0.000     4.331    clk_IBUF_inst/OUT
                         IBUFCTRL (Prop_IBUFCTRL_I_O)
                                                      0.000     4.331 r  clk_IBUF_inst/IBUFCTRL_INST/O
                         net (fo=1, unplaced)         0.133     4.464    clk_IBUF
                         BUFGCE (Prop_BUFGCE_I_O)     0.024     4.488 r  clk_IBUF_BUFG_inst/O
                         net (fo=185390, unplaced)    2.439     6.927    u_system/u_replay/g_array.u_array/u_array/u_ref/g_row[0].g_col[0].u_pe/u_mul/u_dsp/CLK
                         DSP_M_DATA                                   r  u_system/u_replay/g_array.u_array/u_array/u_ref/g_row[0].g_col[0].u_pe/u_mul/u_dsp/DSP_M_DATA_INST/CLK
                         clock pessimism              0.283     7.210    
                         clock uncertainty           -0.085     7.125    
                         DSP_M_DATA (Setup_DSP_M_DATA_CLK_U[29])
                                                      0.015     7.140    u_system/u_replay/g_array.u_array/u_array/u_ref/g_row[0].g_col[0].u_pe/u_mul/u_dsp/DSP_M_DATA_INST
  -------------------------------------------------------------------
                         required time                          7.140    
                         arrival time                          -5.200    
  -------------------------------------------------------------------
                         slack                                  1.940    

Slack (MET) :             1.940ns  (required time - arrival time)
  Source:                 u_system/u_replay/g_array.u_array/u_array/u_ref/g_row[0].g_col[0].u_pe/u_mul/w1_s0_reg[7]/C
                            (rising edge-triggered cell FDRE clocked by clk  {rise@0.000ns fall@2.000ns period=4.000ns})
  Destination:            u_system/u_replay/g_array.u_array/u_array/u_ref/g_row[0].g_col[0].u_pe/u_mul/u_dsp/DSP_M_DATA_INST/U[30]
                            (rising edge-triggered cell DSP_M_DATA clocked by clk  {rise@0.000ns fall@2.000ns period=4.000ns})
  Path Group:             clk
  Path Type:              Setup (Max at Slow Process Corner)
  Requirement:            4.000ns  (clk rise@4.000ns - clk rise@0.000ns)
  Data Path Delay:        1.845ns  (logic 1.541ns (83.523%)  route 0.304ns (16.477%))
  Logic Levels:           5  (DSP_MULTIPLIER=1 DSP_PREADD=1 DSP_PREADD_DATA=2 LUT1=1)
  Clock Path Skew:        -0.145ns (DCD - SCD + CPR)
    Destination Clock Delay (DCD):    2.927ns = ( 6.927 - 4.000 ) 
    Source Clock Delay      (SCD):    3.355ns
    Clock Pessimism Removal (CPR):    0.283ns
  Clock Uncertainty:      0.085ns  ((TSJ^2 + TIJ^2)^1/2 + DJ) / 2 + PE + UU
    Total System Jitter     (TSJ):    0.071ns
    Total Input Jitter      (TIJ):    0.000ns
    Discrete Jitter          (DJ):    0.000ns
    Phase Error              (PE):    0.000ns
    User Uncertainty         (UU):    0.050ns

    Location             Delay type                Incr(ns)  Path(ns)    Netlist Resource(s)
  -------------------------------------------------------------------    -------------------
                         (clock clk rise edge)        0.000     0.000 r  
                                                      0.000     0.000 r  clk (IN)
                         net (fo=0)                   0.000     0.000    clk_IBUF_inst/I
                         INBUF (Prop_INBUF_PAD_O)     0.582     0.582 r  clk_IBUF_inst/INBUF_INST/O
                         net (fo=1, unplaced)         0.000     0.582    clk_IBUF_inst/OUT
                         IBUFCTRL (Prop_IBUFCTRL_I_O)
                                                      0.000     0.582 r  clk_IBUF_inst/IBUFCTRL_INST/O
                         net (fo=1, unplaced)         0.161     0.743    clk_IBUF
                         BUFGCE (Prop_BUFGCE_I_O)     0.028     0.771 r  clk_IBUF_BUFG_inst/O
                         net (fo=185390, unplaced)    2.584     3.355    u_system/u_replay/g_array.u_array/u_array/u_ref/g_row[0].g_col[0].u_pe/u_mul/clk_IBUF_BUFG
                         FDRE                                         r  u_system/u_replay/g_array.u_array/u_array/u_ref/g_row[0].g_col[0].u_pe/u_mul/w1_s0_reg[7]/C
  -------------------------------------------------------------------    -------------------
                         FDRE (Prop_FDRE_C_Q)         0.077     3.432 r  u_system/u_replay/g_array.u_array/u_array/u_ref/g_row[0].g_col[0].u_pe/u_mul/w1_s0_reg[7]/Q
                         net (fo=1, unplaced)         0.137     3.569    u_system/u_replay/g_array.u_array/u_array/u_ref/g_row[0].g_col[0].u_pe/u_mul/w1_s0[7]
                         LUT1 (Prop_LUT1_I0_O)        0.038     3.607 f  u_system/u_replay/g_array.u_array/u_array/u_ref/g_row[0].g_col[0].u_pe/u_mul/u_dsp_i_1/O
                         net (fo=1, unplaced)         0.167     3.774    u_system/u_replay/g_array.u_array/u_array/u_ref/g_row[0].g_col[0].u_pe/u_mul/u_dsp/D[23]
                         DSP_PREADD_DATA (Prop_DSP_PREADD_DATA_DIN[23]_D_DATA[23])
                                                      0.240     4.014 r  u_system/u_replay/g_array.u_array/u_array/u_ref/g_row[0].g_col[0].u_pe/u_mul/u_dsp/DSP_PREADD_DATA_INST/D_DATA[23]
                         net (fo=1, unplaced)         0.000     4.014    u_system/u_replay/g_array.u_array/u_array/u_ref/g_row[0].g_col[0].u_pe/u_mul/u_dsp/DSP_PREADD_DATA.D_DATA<23>
                         DSP_PREADD (Prop_DSP_PREADD_D_DATA[23]_AD[26])
                                                      0.524     4.538 f  u_system/u_replay/g_array.u_array/u_array/u_ref/g_row[0].g_col[0].u_pe/u_mul/u_dsp/DSP_PREADD_INST/AD[26]
                         net (fo=1, unplaced)         0.000     4.538    u_system/u_replay/g_array.u_array/u_array/u_ref/g_row[0].g_col[0].u_pe/u_mul/u_dsp/DSP_PREADD.AD<26>
                         DSP_PREADD_DATA (Prop_DSP_PREADD_DATA_AD[26]_AD_DATA[26])
                                                      0.050     4.588 r  u_system/u_replay/g_array.u_array/u_array/u_ref/g_row[0].g_col[0].u_pe/u_mul/u_dsp/DSP_PREADD_DATA_INST/AD_DATA[26]
                         net (fo=1, unplaced)         0.000     4.588    u_system/u_replay/g_array.u_array/u_array/u_ref/g_row[0].g_col[0].u_pe/u_mul/u_dsp/DSP_PREADD_DATA.AD_DATA<26>
                         DSP_MULTIPLIER (Prop_DSP_MULTIPLIER_AD_DATA[26]_U[30])
                                                      0.612     5.200 r  u_system/u_replay/g_array.u_array/u_array/u_ref/g_row[0].g_col[0].u_pe/u_mul/u_dsp/DSP_MULTIPLIER_INST/U[30]
                         net (fo=1, unplaced)         0.000     5.200    u_system/u_replay/g_array.u_array/u_array/u_ref/g_row[0].g_col[0].u_pe/u_mul/u_dsp/DSP_MULTIPLIER.U<30>
                         DSP_M_DATA                                   r  u_system/u_replay/g_array.u_array/u_array/u_ref/g_row[0].g_col[0].u_pe/u_mul/u_dsp/DSP_M_DATA_INST/U[30]
  -------------------------------------------------------------------    -------------------

                         (clock clk rise edge)        4.000     4.000 r  
                                                      0.000     4.000 r  clk (IN)
                         net (fo=0)                   0.000     4.000    clk_IBUF_inst/I
                         INBUF (Prop_INBUF_PAD_O)     0.331     4.331 r  clk_IBUF_inst/INBUF_INST/O
                         net (fo=1, unplaced)         0.000     4.331    clk_IBUF_inst/OUT
                         IBUFCTRL (Prop_IBUFCTRL_I_O)
                                                      0.000     4.331 r  clk_IBUF_inst/IBUFCTRL_INST/O
                         net (fo=1, unplaced)         0.133     4.464    clk_IBUF
                         BUFGCE (Prop_BUFGCE_I_O)     0.024     4.488 r  clk_IBUF_BUFG_inst/O
                         net (fo=185390, unplaced)    2.439     6.927    u_system/u_replay/g_array.u_array/u_array/u_ref/g_row[0].g_col[0].u_pe/u_mul/u_dsp/CLK
                         DSP_M_DATA                                   r  u_system/u_replay/g_array.u_array/u_array/u_ref/g_row[0].g_col[0].u_pe/u_mul/u_dsp/DSP_M_DATA_INST/CLK
                         clock pessimism              0.283     7.210    
                         clock uncertainty           -0.085     7.125    
                         DSP_M_DATA (Setup_DSP_M_DATA_CLK_U[30])
                                                      0.015     7.140    u_system/u_replay/g_array.u_array/u_array/u_ref/g_row[0].g_col[0].u_pe/u_mul/u_dsp/DSP_M_DATA_INST
  -------------------------------------------------------------------
                         required time                          7.140    
                         arrival time                          -5.200    
  -------------------------------------------------------------------
                         slack                                  1.940    

Slack (MET) :             1.940ns  (required time - arrival time)
  Source:                 u_system/u_replay/g_array.u_array/u_array/u_ref/g_row[0].g_col[0].u_pe/u_mul/w1_s0_reg[7]/C
                            (rising edge-triggered cell FDRE clocked by clk  {rise@0.000ns fall@2.000ns period=4.000ns})
  Destination:            u_system/u_replay/g_array.u_array/u_array/u_ref/g_row[0].g_col[0].u_pe/u_mul/u_dsp/DSP_M_DATA_INST/U[31]
                            (rising edge-triggered cell DSP_M_DATA clocked by clk  {rise@0.000ns fall@2.000ns period=4.000ns})
  Path Group:             clk
  Path Type:              Setup (Max at Slow Process Corner)
  Requirement:            4.000ns  (clk rise@4.000ns - clk rise@0.000ns)
  Data Path Delay:        1.845ns  (logic 1.541ns (83.523%)  route 0.304ns (16.477%))
  Logic Levels:           5  (DSP_MULTIPLIER=1 DSP_PREADD=1 DSP_PREADD_DATA=2 LUT1=1)
  Clock Path Skew:        -0.145ns (DCD - SCD + CPR)
    Destination Clock Delay (DCD):    2.927ns = ( 6.927 - 4.000 ) 
    Source Clock Delay      (SCD):    3.355ns
    Clock Pessimism Removal (CPR):    0.283ns
  Clock Uncertainty:      0.085ns  ((TSJ^2 + TIJ^2)^1/2 + DJ) / 2 + PE + UU
    Total System Jitter     (TSJ):    0.071ns
    Total Input Jitter      (TIJ):    0.000ns
    Discrete Jitter          (DJ):    0.000ns
    Phase Error              (PE):    0.000ns
    User Uncertainty         (UU):    0.050ns

    Location             Delay type                Incr(ns)  Path(ns)    Netlist Resource(s)
  -------------------------------------------------------------------    -------------------
                         (clock clk rise edge)        0.000     0.000 r  
                                                      0.000     0.000 r  clk (IN)
                         net (fo=0)                   0.000     0.000    clk_IBUF_inst/I
                         INBUF (Prop_INBUF_PAD_O)     0.582     0.582 r  clk_IBUF_inst/INBUF_INST/O
                         net (fo=1, unplaced)         0.000     0.582    clk_IBUF_inst/OUT
                         IBUFCTRL (Prop_IBUFCTRL_I_O)
                                                      0.000     0.582 r  clk_IBUF_inst/IBUFCTRL_INST/O
                         net (fo=1, unplaced)         0.161     0.743    clk_IBUF
                         BUFGCE (Prop_BUFGCE_I_O)     0.028     0.771 r  clk_IBUF_BUFG_inst/O
                         net (fo=185390, unplaced)    2.584     3.355    u_system/u_replay/g_array.u_array/u_array/u_ref/g_row[0].g_col[0].u_pe/u_mul/clk_IBUF_BUFG
                         FDRE                                         r  u_system/u_replay/g_array.u_array/u_array/u_ref/g_row[0].g_col[0].u_pe/u_mul/w1_s0_reg[7]/C
  -------------------------------------------------------------------    -------------------
                         FDRE (Prop_FDRE_C_Q)         0.077     3.432 r  u_system/u_replay/g_array.u_array/u_array/u_ref/g_row[0].g_col[0].u_pe/u_mul/w1_s0_reg[7]/Q
                         net (fo=1, unplaced)         0.137     3.569    u_system/u_replay/g_array.u_array/u_array/u_ref/g_row[0].g_col[0].u_pe/u_mul/w1_s0[7]
                         LUT1 (Prop_LUT1_I0_O)        0.038     3.607 f  u_system/u_replay/g_array.u_array/u_array/u_ref/g_row[0].g_col[0].u_pe/u_mul/u_dsp_i_1/O
                         net (fo=1, unplaced)         0.167     3.774    u_system/u_replay/g_array.u_array/u_array/u_ref/g_row[0].g_col[0].u_pe/u_mul/u_dsp/D[23]
                         DSP_PREADD_DATA (Prop_DSP_PREADD_DATA_DIN[23]_D_DATA[23])
                                                      0.240     4.014 r  u_system/u_replay/g_array.u_array/u_array/u_ref/g_row[0].g_col[0].u_pe/u_mul/u_dsp/DSP_PREADD_DATA_INST/D_DATA[23]
                         net (fo=1, unplaced)         0.000     4.014    u_system/u_replay/g_array.u_array/u_array/u_ref/g_row[0].g_col[0].u_pe/u_mul/u_dsp/DSP_PREADD_DATA.D_DATA<23>
                         DSP_PREADD (Prop_DSP_PREADD_D_DATA[23]_AD[26])
                                                      0.524     4.538 f  u_system/u_replay/g_array.u_array/u_array/u_ref/g_row[0].g_col[0].u_pe/u_mul/u_dsp/DSP_PREADD_INST/AD[26]
                         net (fo=1, unplaced)         0.000     4.538    u_system/u_replay/g_array.u_array/u_array/u_ref/g_row[0].g_col[0].u_pe/u_mul/u_dsp/DSP_PREADD.AD<26>
                         DSP_PREADD_DATA (Prop_DSP_PREADD_DATA_AD[26]_AD_DATA[26])
                                                      0.050     4.588 r  u_system/u_replay/g_array.u_array/u_array/u_ref/g_row[0].g_col[0].u_pe/u_mul/u_dsp/DSP_PREADD_DATA_INST/AD_DATA[26]
                         net (fo=1, unplaced)         0.000     4.588    u_system/u_replay/g_array.u_array/u_array/u_ref/g_row[0].g_col[0].u_pe/u_mul/u_dsp/DSP_PREADD_DATA.AD_DATA<26>
                         DSP_MULTIPLIER (Prop_DSP_MULTIPLIER_AD_DATA[26]_U[31])
                                                      0.612     5.200 r  u_system/u_replay/g_array.u_array/u_array/u_ref/g_row[0].g_col[0].u_pe/u_mul/u_dsp/DSP_MULTIPLIER_INST/U[31]
                         net (fo=1, unplaced)         0.000     5.200    u_system/u_replay/g_array.u_array/u_array/u_ref/g_row[0].g_col[0].u_pe/u_mul/u_dsp/DSP_MULTIPLIER.U<31>
                         DSP_M_DATA                                   r  u_system/u_replay/g_array.u_array/u_array/u_ref/g_row[0].g_col[0].u_pe/u_mul/u_dsp/DSP_M_DATA_INST/U[31]
  -------------------------------------------------------------------    -------------------

                         (clock clk rise edge)        4.000     4.000 r  
                                                      0.000     4.000 r  clk (IN)
                         net (fo=0)                   0.000     4.000    clk_IBUF_inst/I
                         INBUF (Prop_INBUF_PAD_O)     0.331     4.331 r  clk_IBUF_inst/INBUF_INST/O
                         net (fo=1, unplaced)         0.000     4.331    clk_IBUF_inst/OUT
                         IBUFCTRL (Prop_IBUFCTRL_I_O)
                                                      0.000     4.331 r  clk_IBUF_inst/IBUFCTRL_INST/O
                         net (fo=1, unplaced)         0.133     4.464    clk_IBUF
                         BUFGCE (Prop_BUFGCE_I_O)     0.024     4.488 r  clk_IBUF_BUFG_inst/O
                         net (fo=185390, unplaced)    2.439     6.927    u_system/u_replay/g_array.u_array/u_array/u_ref/g_row[0].g_col[0].u_pe/u_mul/u_dsp/CLK
                         DSP_M_DATA                                   r  u_system/u_replay/g_array.u_array/u_array/u_ref/g_row[0].g_col[0].u_pe/u_mul/u_dsp/DSP_M_DATA_INST/CLK
                         clock pessimism              0.283     7.210    
                         clock uncertainty           -0.085     7.125    
                         DSP_M_DATA (Setup_DSP_M_DATA_CLK_U[31])
                                                      0.015     7.140    u_system/u_replay/g_array.u_array/u_array/u_ref/g_row[0].g_col[0].u_pe/u_mul/u_dsp/DSP_M_DATA_INST
  -------------------------------------------------------------------
                         required time                          7.140    
                         arrival time                          -5.200    
  -------------------------------------------------------------------
                         slack                                  1.940    

Slack (MET) :             1.940ns  (required time - arrival time)
  Source:                 u_system/u_replay/g_array.u_array/u_array/u_ref/g_row[0].g_col[0].u_pe/u_mul/w1_s0_reg[7]/C
                            (rising edge-triggered cell FDRE clocked by clk  {rise@0.000ns fall@2.000ns period=4.000ns})
  Destination:            u_system/u_replay/g_array.u_array/u_array/u_ref/g_row[0].g_col[0].u_pe/u_mul/u_dsp/DSP_M_DATA_INST/U[32]
                            (rising edge-triggered cell DSP_M_DATA clocked by clk  {rise@0.000ns fall@2.000ns period=4.000ns})
  Path Group:             clk
  Path Type:              Setup (Max at Slow Process Corner)
  Requirement:            4.000ns  (clk rise@4.000ns - clk rise@0.000ns)
  Data Path Delay:        1.845ns  (logic 1.541ns (83.523%)  route 0.304ns (16.477%))
  Logic Levels:           5  (DSP_MULTIPLIER=1 DSP_PREADD=1 DSP_PREADD_DATA=2 LUT1=1)
  Clock Path Skew:        -0.145ns (DCD - SCD + CPR)
    Destination Clock Delay (DCD):    2.927ns = ( 6.927 - 4.000 ) 
    Source Clock Delay      (SCD):    3.355ns
    Clock Pessimism Removal (CPR):    0.283ns
  Clock Uncertainty:      0.085ns  ((TSJ^2 + TIJ^2)^1/2 + DJ) / 2 + PE + UU
    Total System Jitter     (TSJ):    0.071ns
    Total Input Jitter      (TIJ):    0.000ns
    Discrete Jitter          (DJ):    0.000ns
    Phase Error              (PE):    0.000ns
    User Uncertainty         (UU):    0.050ns

    Location             Delay type                Incr(ns)  Path(ns)    Netlist Resource(s)
  -------------------------------------------------------------------    -------------------
                         (clock clk rise edge)        0.000     0.000 r  
                                                      0.000     0.000 r  clk (IN)
                         net (fo=0)                   0.000     0.000    clk_IBUF_inst/I
                         INBUF (Prop_INBUF_PAD_O)     0.582     0.582 r  clk_IBUF_inst/INBUF_INST/O
                         net (fo=1, unplaced)         0.000     0.582    clk_IBUF_inst/OUT
                         IBUFCTRL (Prop_IBUFCTRL_I_O)
                                                      0.000     0.582 r  clk_IBUF_inst/IBUFCTRL_INST/O
                         net (fo=1, unplaced)         0.161     0.743    clk_IBUF
                         BUFGCE (Prop_BUFGCE_I_O)     0.028     0.771 r  clk_IBUF_BUFG_inst/O
                         net (fo=185390, unplaced)    2.584     3.355    u_system/u_replay/g_array.u_array/u_array/u_ref/g_row[0].g_col[0].u_pe/u_mul/clk_IBUF_BUFG
                         FDRE                                         r  u_system/u_replay/g_array.u_array/u_array/u_ref/g_row[0].g_col[0].u_pe/u_mul/w1_s0_reg[7]/C
  -------------------------------------------------------------------    -------------------
                         FDRE (Prop_FDRE_C_Q)         0.077     3.432 r  u_system/u_replay/g_array.u_array/u_array/u_ref/g_row[0].g_col[0].u_pe/u_mul/w1_s0_reg[7]/Q
                         net (fo=1, unplaced)         0.137     3.569    u_system/u_replay/g_array.u_array/u_array/u_ref/g_row[0].g_col[0].u_pe/u_mul/w1_s0[7]
                         LUT1 (Prop_LUT1_I0_O)        0.038     3.607 f  u_system/u_replay/g_array.u_array/u_array/u_ref/g_row[0].g_col[0].u_pe/u_mul/u_dsp_i_1/O
                         net (fo=1, unplaced)         0.167     3.774    u_system/u_replay/g_array.u_array/u_array/u_ref/g_row[0].g_col[0].u_pe/u_mul/u_dsp/D[23]
                         DSP_PREADD_DATA (Prop_DSP_PREADD_DATA_DIN[23]_D_DATA[23])
                                                      0.240     4.014 r  u_system/u_replay/g_array.u_array/u_array/u_ref/g_row[0].g_col[0].u_pe/u_mul/u_dsp/DSP_PREADD_DATA_INST/D_DATA[23]
                         net (fo=1, unplaced)         0.000     4.014    u_system/u_replay/g_array.u_array/u_array/u_ref/g_row[0].g_col[0].u_pe/u_mul/u_dsp/DSP_PREADD_DATA.D_DATA<23>
                         DSP_PREADD (Prop_DSP_PREADD_D_DATA[23]_AD[26])
                                                      0.524     4.538 f  u_system/u_replay/g_array.u_array/u_array/u_ref/g_row[0].g_col[0].u_pe/u_mul/u_dsp/DSP_PREADD_INST/AD[26]
                         net (fo=1, unplaced)         0.000     4.538    u_system/u_replay/g_array.u_array/u_array/u_ref/g_row[0].g_col[0].u_pe/u_mul/u_dsp/DSP_PREADD.AD<26>
                         DSP_PREADD_DATA (Prop_DSP_PREADD_DATA_AD[26]_AD_DATA[26])
                                                      0.050     4.588 r  u_system/u_replay/g_array.u_array/u_array/u_ref/g_row[0].g_col[0].u_pe/u_mul/u_dsp/DSP_PREADD_DATA_INST/AD_DATA[26]
                         net (fo=1, unplaced)         0.000     4.588    u_system/u_replay/g_array.u_array/u_array/u_ref/g_row[0].g_col[0].u_pe/u_mul/u_dsp/DSP_PREADD_DATA.AD_DATA<26>
                         DSP_MULTIPLIER (Prop_DSP_MULTIPLIER_AD_DATA[26]_U[32])
                                                      0.612     5.200 r  u_system/u_replay/g_array.u_array/u_array/u_ref/g_row[0].g_col[0].u_pe/u_mul/u_dsp/DSP_MULTIPLIER_INST/U[32]
                         net (fo=1, unplaced)         0.000     5.200    u_system/u_replay/g_array.u_array/u_array/u_ref/g_row[0].g_col[0].u_pe/u_mul/u_dsp/DSP_MULTIPLIER.U<32>
                         DSP_M_DATA                                   r  u_system/u_replay/g_array.u_array/u_array/u_ref/g_row[0].g_col[0].u_pe/u_mul/u_dsp/DSP_M_DATA_INST/U[32]
  -------------------------------------------------------------------    -------------------

                         (clock clk rise edge)        4.000     4.000 r  
                                                      0.000     4.000 r  clk (IN)
                         net (fo=0)                   0.000     4.000    clk_IBUF_inst/I
                         INBUF (Prop_INBUF_PAD_O)     0.331     4.331 r  clk_IBUF_inst/INBUF_INST/O
                         net (fo=1, unplaced)         0.000     4.331    clk_IBUF_inst/OUT
                         IBUFCTRL (Prop_IBUFCTRL_I_O)
                                                      0.000     4.331 r  clk_IBUF_inst/IBUFCTRL_INST/O
                         net (fo=1, unplaced)         0.133     4.464    clk_IBUF
                         BUFGCE (Prop_BUFGCE_I_O)     0.024     4.488 r  clk_IBUF_BUFG_inst/O
                         net (fo=185390, unplaced)    2.439     6.927    u_system/u_replay/g_array.u_array/u_array/u_ref/g_row[0].g_col[0].u_pe/u_mul/u_dsp/CLK
                         DSP_M_DATA                                   r  u_system/u_replay/g_array.u_array/u_array/u_ref/g_row[0].g_col[0].u_pe/u_mul/u_dsp/DSP_M_DATA_INST/CLK
                         clock pessimism              0.283     7.210    
                         clock uncertainty           -0.085     7.125    
                         DSP_M_DATA (Setup_DSP_M_DATA_CLK_U[32])
                                                      0.015     7.140    u_system/u_replay/g_array.u_array/u_array/u_ref/g_row[0].g_col[0].u_pe/u_mul/u_dsp/DSP_M_DATA_INST
  -------------------------------------------------------------------
                         required time                          7.140    
                         arrival time                          -5.200    
  -------------------------------------------------------------------
                         slack                                  1.940    

Slack (MET) :             1.940ns  (required time - arrival time)
  Source:                 u_system/u_replay/g_array.u_array/u_array/u_ref/g_row[0].g_col[0].u_pe/u_mul/w1_s0_reg[7]/C
                            (rising edge-triggered cell FDRE clocked by clk  {rise@0.000ns fall@2.000ns period=4.000ns})
  Destination:            u_system/u_replay/g_array.u_array/u_array/u_ref/g_row[0].g_col[0].u_pe/u_mul/u_dsp/DSP_M_DATA_INST/U[33]
                            (rising edge-triggered cell DSP_M_DATA clocked by clk  {rise@0.000ns fall@2.000ns period=4.000ns})
  Path Group:             clk
  Path Type:              Setup (Max at Slow Process Corner)
  Requirement:            4.000ns  (clk rise@4.000ns - clk rise@0.000ns)
  Data Path Delay:        1.845ns  (logic 1.541ns (83.523%)  route 0.304ns (16.477%))
  Logic Levels:           5  (DSP_MULTIPLIER=1 DSP_PREADD=1 DSP_PREADD_DATA=2 LUT1=1)
  Clock Path Skew:        -0.145ns (DCD - SCD + CPR)
    Destination Clock Delay (DCD):    2.927ns = ( 6.927 - 4.000 ) 
    Source Clock Delay      (SCD):    3.355ns
    Clock Pessimism Removal (CPR):    0.283ns
  Clock Uncertainty:      0.085ns  ((TSJ^2 + TIJ^2)^1/2 + DJ) / 2 + PE + UU
    Total System Jitter     (TSJ):    0.071ns
    Total Input Jitter      (TIJ):    0.000ns
    Discrete Jitter          (DJ):    0.000ns
    Phase Error              (PE):    0.000ns
    User Uncertainty         (UU):    0.050ns

    Location             Delay type                Incr(ns)  Path(ns)    Netlist Resource(s)
  -------------------------------------------------------------------    -------------------
                         (clock clk rise edge)        0.000     0.000 r  
                                                      0.000     0.000 r  clk (IN)
                         net (fo=0)                   0.000     0.000    clk_IBUF_inst/I
                         INBUF (Prop_INBUF_PAD_O)     0.582     0.582 r  clk_IBUF_inst/INBUF_INST/O
                         net (fo=1, unplaced)         0.000     0.582    clk_IBUF_inst/OUT
                         IBUFCTRL (Prop_IBUFCTRL_I_O)
                                                      0.000     0.582 r  clk_IBUF_inst/IBUFCTRL_INST/O
                         net (fo=1, unplaced)         0.161     0.743    clk_IBUF
                         BUFGCE (Prop_BUFGCE_I_O)     0.028     0.771 r  clk_IBUF_BUFG_inst/O
                         net (fo=185390, unplaced)    2.584     3.355    u_system/u_replay/g_array.u_array/u_array/u_ref/g_row[0].g_col[0].u_pe/u_mul/clk_IBUF_BUFG
                         FDRE                                         r  u_system/u_replay/g_array.u_array/u_array/u_ref/g_row[0].g_col[0].u_pe/u_mul/w1_s0_reg[7]/C
  -------------------------------------------------------------------    -------------------
                         FDRE (Prop_FDRE_C_Q)         0.077     3.432 r  u_system/u_replay/g_array.u_array/u_array/u_ref/g_row[0].g_col[0].u_pe/u_mul/w1_s0_reg[7]/Q
                         net (fo=1, unplaced)         0.137     3.569    u_system/u_replay/g_array.u_array/u_array/u_ref/g_row[0].g_col[0].u_pe/u_mul/w1_s0[7]
                         LUT1 (Prop_LUT1_I0_O)        0.038     3.607 f  u_system/u_replay/g_array.u_array/u_array/u_ref/g_row[0].g_col[0].u_pe/u_mul/u_dsp_i_1/O
                         net (fo=1, unplaced)         0.167     3.774    u_system/u_replay/g_array.u_array/u_array/u_ref/g_row[0].g_col[0].u_pe/u_mul/u_dsp/D[23]
                         DSP_PREADD_DATA (Prop_DSP_PREADD_DATA_DIN[23]_D_DATA[23])
                                                      0.240     4.014 r  u_system/u_replay/g_array.u_array/u_array/u_ref/g_row[0].g_col[0].u_pe/u_mul/u_dsp/DSP_PREADD_DATA_INST/D_DATA[23]
                         net (fo=1, unplaced)         0.000     4.014    u_system/u_replay/g_array.u_array/u_array/u_ref/g_row[0].g_col[0].u_pe/u_mul/u_dsp/DSP_PREADD_DATA.D_DATA<23>
                         DSP_PREADD (Prop_DSP_PREADD_D_DATA[23]_AD[26])
                                                      0.524     4.538 f  u_system/u_replay/g_array.u_array/u_array/u_ref/g_row[0].g_col[0].u_pe/u_mul/u_dsp/DSP_PREADD_INST/AD[26]
                         net (fo=1, unplaced)         0.000     4.538    u_system/u_replay/g_array.u_array/u_array/u_ref/g_row[0].g_col[0].u_pe/u_mul/u_dsp/DSP_PREADD.AD<26>
                         DSP_PREADD_DATA (Prop_DSP_PREADD_DATA_AD[26]_AD_DATA[26])
                                                      0.050     4.588 r  u_system/u_replay/g_array.u_array/u_array/u_ref/g_row[0].g_col[0].u_pe/u_mul/u_dsp/DSP_PREADD_DATA_INST/AD_DATA[26]
                         net (fo=1, unplaced)         0.000     4.588    u_system/u_replay/g_array.u_array/u_array/u_ref/g_row[0].g_col[0].u_pe/u_mul/u_dsp/DSP_PREADD_DATA.AD_DATA<26>
                         DSP_MULTIPLIER (Prop_DSP_MULTIPLIER_AD_DATA[26]_U[33])
                                                      0.612     5.200 r  u_system/u_replay/g_array.u_array/u_array/u_ref/g_row[0].g_col[0].u_pe/u_mul/u_dsp/DSP_MULTIPLIER_INST/U[33]
                         net (fo=1, unplaced)         0.000     5.200    u_system/u_replay/g_array.u_array/u_array/u_ref/g_row[0].g_col[0].u_pe/u_mul/u_dsp/DSP_MULTIPLIER.U<33>
                         DSP_M_DATA                                   r  u_system/u_replay/g_array.u_array/u_array/u_ref/g_row[0].g_col[0].u_pe/u_mul/u_dsp/DSP_M_DATA_INST/U[33]
  -------------------------------------------------------------------    -------------------

                         (clock clk rise edge)        4.000     4.000 r  
                                                      0.000     4.000 r  clk (IN)
                         net (fo=0)                   0.000     4.000    clk_IBUF_inst/I
                         INBUF (Prop_INBUF_PAD_O)     0.331     4.331 r  clk_IBUF_inst/INBUF_INST/O
                         net (fo=1, unplaced)         0.000     4.331    clk_IBUF_inst/OUT
                         IBUFCTRL (Prop_IBUFCTRL_I_O)
                                                      0.000     4.331 r  clk_IBUF_inst/IBUFCTRL_INST/O
                         net (fo=1, unplaced)         0.133     4.464    clk_IBUF
                         BUFGCE (Prop_BUFGCE_I_O)     0.024     4.488 r  clk_IBUF_BUFG_inst/O
                         net (fo=185390, unplaced)    2.439     6.927    u_system/u_replay/g_array.u_array/u_array/u_ref/g_row[0].g_col[0].u_pe/u_mul/u_dsp/CLK
                         DSP_M_DATA                                   r  u_system/u_replay/g_array.u_array/u_array/u_ref/g_row[0].g_col[0].u_pe/u_mul/u_dsp/DSP_M_DATA_INST/CLK
                         clock pessimism              0.283     7.210    
                         clock uncertainty           -0.085     7.125    
                         DSP_M_DATA (Setup_DSP_M_DATA_CLK_U[33])
                                                      0.015     7.140    u_system/u_replay/g_array.u_array/u_array/u_ref/g_row[0].g_col[0].u_pe/u_mul/u_dsp/DSP_M_DATA_INST
  -------------------------------------------------------------------
                         required time                          7.140    
                         arrival time                          -5.200    
  -------------------------------------------------------------------
                         slack                                  1.940    

Slack (MET) :             1.940ns  (required time - arrival time)
  Source:                 u_system/u_replay/g_array.u_array/u_array/u_ref/g_row[0].g_col[0].u_pe/u_mul/w1_s0_reg[7]/C
                            (rising edge-triggered cell FDRE clocked by clk  {rise@0.000ns fall@2.000ns period=4.000ns})
  Destination:            u_system/u_replay/g_array.u_array/u_array/u_ref/g_row[0].g_col[0].u_pe/u_mul/u_dsp/DSP_M_DATA_INST/U[34]
                            (rising edge-triggered cell DSP_M_DATA clocked by clk  {rise@0.000ns fall@2.000ns period=4.000ns})
  Path Group:             clk
  Path Type:              Setup (Max at Slow Process Corner)
  Requirement:            4.000ns  (clk rise@4.000ns - clk rise@0.000ns)
  Data Path Delay:        1.845ns  (logic 1.541ns (83.523%)  route 0.304ns (16.477%))
  Logic Levels:           5  (DSP_MULTIPLIER=1 DSP_PREADD=1 DSP_PREADD_DATA=2 LUT1=1)
  Clock Path Skew:        -0.145ns (DCD - SCD + CPR)
    Destination Clock Delay (DCD):    2.927ns = ( 6.927 - 4.000 ) 
    Source Clock Delay      (SCD):    3.355ns
    Clock Pessimism Removal (CPR):    0.283ns
  Clock Uncertainty:      0.085ns  ((TSJ^2 + TIJ^2)^1/2 + DJ) / 2 + PE + UU
    Total System Jitter     (TSJ):    0.071ns
    Total Input Jitter      (TIJ):    0.000ns
    Discrete Jitter          (DJ):    0.000ns
    Phase Error              (PE):    0.000ns
    User Uncertainty         (UU):    0.050ns

    Location             Delay type                Incr(ns)  Path(ns)    Netlist Resource(s)
  -------------------------------------------------------------------    -------------------
                         (clock clk rise edge)        0.000     0.000 r  
                                                      0.000     0.000 r  clk (IN)
                         net (fo=0)                   0.000     0.000    clk_IBUF_inst/I
                         INBUF (Prop_INBUF_PAD_O)     0.582     0.582 r  clk_IBUF_inst/INBUF_INST/O
                         net (fo=1, unplaced)         0.000     0.582    clk_IBUF_inst/OUT
                         IBUFCTRL (Prop_IBUFCTRL_I_O)
                                                      0.000     0.582 r  clk_IBUF_inst/IBUFCTRL_INST/O
                         net (fo=1, unplaced)         0.161     0.743    clk_IBUF
                         BUFGCE (Prop_BUFGCE_I_O)     0.028     0.771 r  clk_IBUF_BUFG_inst/O
                         net (fo=185390, unplaced)    2.584     3.355    u_system/u_replay/g_array.u_array/u_array/u_ref/g_row[0].g_col[0].u_pe/u_mul/clk_IBUF_BUFG
                         FDRE                                         r  u_system/u_replay/g_array.u_array/u_array/u_ref/g_row[0].g_col[0].u_pe/u_mul/w1_s0_reg[7]/C
  -------------------------------------------------------------------    -------------------
                         FDRE (Prop_FDRE_C_Q)         0.077     3.432 r  u_system/u_replay/g_array.u_array/u_array/u_ref/g_row[0].g_col[0].u_pe/u_mul/w1_s0_reg[7]/Q
                         net (fo=1, unplaced)         0.137     3.569    u_system/u_replay/g_array.u_array/u_array/u_ref/g_row[0].g_col[0].u_pe/u_mul/w1_s0[7]
                         LUT1 (Prop_LUT1_I0_O)        0.038     3.607 f  u_system/u_replay/g_array.u_array/u_array/u_ref/g_row[0].g_col[0].u_pe/u_mul/u_dsp_i_1/O
                         net (fo=1, unplaced)         0.167     3.774    u_system/u_replay/g_array.u_array/u_array/u_ref/g_row[0].g_col[0].u_pe/u_mul/u_dsp/D[23]
                         DSP_PREADD_DATA (Prop_DSP_PREADD_DATA_DIN[23]_D_DATA[23])
                                                      0.240     4.014 r  u_system/u_replay/g_array.u_array/u_array/u_ref/g_row[0].g_col[0].u_pe/u_mul/u_dsp/DSP_PREADD_DATA_INST/D_DATA[23]
                         net (fo=1, unplaced)         0.000     4.014    u_system/u_replay/g_array.u_array/u_array/u_ref/g_row[0].g_col[0].u_pe/u_mul/u_dsp/DSP_PREADD_DATA.D_DATA<23>
                         DSP_PREADD (Prop_DSP_PREADD_D_DATA[23]_AD[26])
                                                      0.524     4.538 f  u_system/u_replay/g_array.u_array/u_array/u_ref/g_row[0].g_col[0].u_pe/u_mul/u_dsp/DSP_PREADD_INST/AD[26]
                         net (fo=1, unplaced)         0.000     4.538    u_system/u_replay/g_array.u_array/u_array/u_ref/g_row[0].g_col[0].u_pe/u_mul/u_dsp/DSP_PREADD.AD<26>
                         DSP_PREADD_DATA (Prop_DSP_PREADD_DATA_AD[26]_AD_DATA[26])
                                                      0.050     4.588 r  u_system/u_replay/g_array.u_array/u_array/u_ref/g_row[0].g_col[0].u_pe/u_mul/u_dsp/DSP_PREADD_DATA_INST/AD_DATA[26]
                         net (fo=1, unplaced)         0.000     4.588    u_system/u_replay/g_array.u_array/u_array/u_ref/g_row[0].g_col[0].u_pe/u_mul/u_dsp/DSP_PREADD_DATA.AD_DATA<26>
                         DSP_MULTIPLIER (Prop_DSP_MULTIPLIER_AD_DATA[26]_U[34])
                                                      0.612     5.200 r  u_system/u_replay/g_array.u_array/u_array/u_ref/g_row[0].g_col[0].u_pe/u_mul/u_dsp/DSP_MULTIPLIER_INST/U[34]
                         net (fo=1, unplaced)         0.000     5.200    u_system/u_replay/g_array.u_array/u_array/u_ref/g_row[0].g_col[0].u_pe/u_mul/u_dsp/DSP_MULTIPLIER.U<34>
                         DSP_M_DATA                                   r  u_system/u_replay/g_array.u_array/u_array/u_ref/g_row[0].g_col[0].u_pe/u_mul/u_dsp/DSP_M_DATA_INST/U[34]
  -------------------------------------------------------------------    -------------------

                         (clock clk rise edge)        4.000     4.000 r  
                                                      0.000     4.000 r  clk (IN)
                         net (fo=0)                   0.000     4.000    clk_IBUF_inst/I
                         INBUF (Prop_INBUF_PAD_O)     0.331     4.331 r  clk_IBUF_inst/INBUF_INST/O
                         net (fo=1, unplaced)         0.000     4.331    clk_IBUF_inst/OUT
                         IBUFCTRL (Prop_IBUFCTRL_I_O)
                                                      0.000     4.331 r  clk_IBUF_inst/IBUFCTRL_INST/O
                         net (fo=1, unplaced)         0.133     4.464    clk_IBUF
                         BUFGCE (Prop_BUFGCE_I_O)     0.024     4.488 r  clk_IBUF_BUFG_inst/O
                         net (fo=185390, unplaced)    2.439     6.927    u_system/u_replay/g_array.u_array/u_array/u_ref/g_row[0].g_col[0].u_pe/u_mul/u_dsp/CLK
                         DSP_M_DATA                                   r  u_system/u_replay/g_array.u_array/u_array/u_ref/g_row[0].g_col[0].u_pe/u_mul/u_dsp/DSP_M_DATA_INST/CLK
                         clock pessimism              0.283     7.210    
                         clock uncertainty           -0.085     7.125    
                         DSP_M_DATA (Setup_DSP_M_DATA_CLK_U[34])
                                                      0.015     7.140    u_system/u_replay/g_array.u_array/u_array/u_ref/g_row[0].g_col[0].u_pe/u_mul/u_dsp/DSP_M_DATA_INST
  -------------------------------------------------------------------
                         required time                          7.140    
                         arrival time                          -5.200    
  -------------------------------------------------------------------
                         slack                                  1.940    

Slack (MET) :             1.940ns  (required time - arrival time)
  Source:                 u_system/u_replay/g_array.u_array/u_array/u_ref/g_row[0].g_col[0].u_pe/u_mul/w1_s0_reg[7]/C
                            (rising edge-triggered cell FDRE clocked by clk  {rise@0.000ns fall@2.000ns period=4.000ns})
  Destination:            u_system/u_replay/g_array.u_array/u_array/u_ref/g_row[0].g_col[0].u_pe/u_mul/u_dsp/DSP_M_DATA_INST/U[35]
                            (rising edge-triggered cell DSP_M_DATA clocked by clk  {rise@0.000ns fall@2.000ns period=4.000ns})
  Path Group:             clk
  Path Type:              Setup (Max at Slow Process Corner)
  Requirement:            4.000ns  (clk rise@4.000ns - clk rise@0.000ns)
  Data Path Delay:        1.845ns  (logic 1.541ns (83.523%)  route 0.304ns (16.477%))
  Logic Levels:           5  (DSP_MULTIPLIER=1 DSP_PREADD=1 DSP_PREADD_DATA=2 LUT1=1)
  Clock Path Skew:        -0.145ns (DCD - SCD + CPR)
    Destination Clock Delay (DCD):    2.927ns = ( 6.927 - 4.000 ) 
    Source Clock Delay      (SCD):    3.355ns
    Clock Pessimism Removal (CPR):    0.283ns
  Clock Uncertainty:      0.085ns  ((TSJ^2 + TIJ^2)^1/2 + DJ) / 2 + PE + UU
    Total System Jitter     (TSJ):    0.071ns
    Total Input Jitter      (TIJ):    0.000ns
    Discrete Jitter          (DJ):    0.000ns
    Phase Error              (PE):    0.000ns
    User Uncertainty         (UU):    0.050ns

    Location             Delay type                Incr(ns)  Path(ns)    Netlist Resource(s)
  -------------------------------------------------------------------    -------------------
                         (clock clk rise edge)        0.000     0.000 r  
                                                      0.000     0.000 r  clk (IN)
                         net (fo=0)                   0.000     0.000    clk_IBUF_inst/I
                         INBUF (Prop_INBUF_PAD_O)     0.582     0.582 r  clk_IBUF_inst/INBUF_INST/O
                         net (fo=1, unplaced)         0.000     0.582    clk_IBUF_inst/OUT
                         IBUFCTRL (Prop_IBUFCTRL_I_O)
                                                      0.000     0.582 r  clk_IBUF_inst/IBUFCTRL_INST/O
                         net (fo=1, unplaced)         0.161     0.743    clk_IBUF
                         BUFGCE (Prop_BUFGCE_I_O)     0.028     0.771 r  clk_IBUF_BUFG_inst/O
                         net (fo=185390, unplaced)    2.584     3.355    u_system/u_replay/g_array.u_array/u_array/u_ref/g_row[0].g_col[0].u_pe/u_mul/clk_IBUF_BUFG
                         FDRE                                         r  u_system/u_replay/g_array.u_array/u_array/u_ref/g_row[0].g_col[0].u_pe/u_mul/w1_s0_reg[7]/C
  -------------------------------------------------------------------    -------------------
                         FDRE (Prop_FDRE_C_Q)         0.077     3.432 r  u_system/u_replay/g_array.u_array/u_array/u_ref/g_row[0].g_col[0].u_pe/u_mul/w1_s0_reg[7]/Q
                         net (fo=1, unplaced)         0.137     3.569    u_system/u_replay/g_array.u_array/u_array/u_ref/g_row[0].g_col[0].u_pe/u_mul/w1_s0[7]
                         LUT1 (Prop_LUT1_I0_O)        0.038     3.607 f  u_system/u_replay/g_array.u_array/u_array/u_ref/g_row[0].g_col[0].u_pe/u_mul/u_dsp_i_1/O
                         net (fo=1, unplaced)         0.167     3.774    u_system/u_replay/g_array.u_array/u_array/u_ref/g_row[0].g_col[0].u_pe/u_mul/u_dsp/D[23]
                         DSP_PREADD_DATA (Prop_DSP_PREADD_DATA_DIN[23]_D_DATA[23])
                                                      0.240     4.014 r  u_system/u_replay/g_array.u_array/u_array/u_ref/g_row[0].g_col[0].u_pe/u_mul/u_dsp/DSP_PREADD_DATA_INST/D_DATA[23]
                         net (fo=1, unplaced)         0.000     4.014    u_system/u_replay/g_array.u_array/u_array/u_ref/g_row[0].g_col[0].u_pe/u_mul/u_dsp/DSP_PREADD_DATA.D_DATA<23>
                         DSP_PREADD (Prop_DSP_PREADD_D_DATA[23]_AD[26])
                                                      0.524     4.538 f  u_system/u_replay/g_array.u_array/u_array/u_ref/g_row[0].g_col[0].u_pe/u_mul/u_dsp/DSP_PREADD_INST/AD[26]
                         net (fo=1, unplaced)         0.000     4.538    u_system/u_replay/g_array.u_array/u_array/u_ref/g_row[0].g_col[0].u_pe/u_mul/u_dsp/DSP_PREADD.AD<26>
                         DSP_PREADD_DATA (Prop_DSP_PREADD_DATA_AD[26]_AD_DATA[26])
                                                      0.050     4.588 r  u_system/u_replay/g_array.u_array/u_array/u_ref/g_row[0].g_col[0].u_pe/u_mul/u_dsp/DSP_PREADD_DATA_INST/AD_DATA[26]
                         net (fo=1, unplaced)         0.000     4.588    u_system/u_replay/g_array.u_array/u_array/u_ref/g_row[0].g_col[0].u_pe/u_mul/u_dsp/DSP_PREADD_DATA.AD_DATA<26>
                         DSP_MULTIPLIER (Prop_DSP_MULTIPLIER_AD_DATA[26]_U[35])
                                                      0.612     5.200 r  u_system/u_replay/g_array.u_array/u_array/u_ref/g_row[0].g_col[0].u_pe/u_mul/u_dsp/DSP_MULTIPLIER_INST/U[35]
                         net (fo=1, unplaced)         0.000     5.200    u_system/u_replay/g_array.u_array/u_array/u_ref/g_row[0].g_col[0].u_pe/u_mul/u_dsp/DSP_MULTIPLIER.U<35>
                         DSP_M_DATA                                   r  u_system/u_replay/g_array.u_array/u_array/u_ref/g_row[0].g_col[0].u_pe/u_mul/u_dsp/DSP_M_DATA_INST/U[35]
  -------------------------------------------------------------------    -------------------

                         (clock clk rise edge)        4.000     4.000 r  
                                                      0.000     4.000 r  clk (IN)
                         net (fo=0)                   0.000     4.000    clk_IBUF_inst/I
                         INBUF (Prop_INBUF_PAD_O)     0.331     4.331 r  clk_IBUF_inst/INBUF_INST/O
                         net (fo=1, unplaced)         0.000     4.331    clk_IBUF_inst/OUT
                         IBUFCTRL (Prop_IBUFCTRL_I_O)
                                                      0.000     4.331 r  clk_IBUF_inst/IBUFCTRL_INST/O
                         net (fo=1, unplaced)         0.133     4.464    clk_IBUF
                         BUFGCE (Prop_BUFGCE_I_O)     0.024     4.488 r  clk_IBUF_BUFG_inst/O
                         net (fo=185390, unplaced)    2.439     6.927    u_system/u_replay/g_array.u_array/u_array/u_ref/g_row[0].g_col[0].u_pe/u_mul/u_dsp/CLK
                         DSP_M_DATA                                   r  u_system/u_replay/g_array.u_array/u_array/u_ref/g_row[0].g_col[0].u_pe/u_mul/u_dsp/DSP_M_DATA_INST/CLK
                         clock pessimism              0.283     7.210    
                         clock uncertainty           -0.085     7.125    
                         DSP_M_DATA (Setup_DSP_M_DATA_CLK_U[35])
                                                      0.015     7.140    u_system/u_replay/g_array.u_array/u_array/u_ref/g_row[0].g_col[0].u_pe/u_mul/u_dsp/DSP_M_DATA_INST
  -------------------------------------------------------------------
                         required time                          7.140    
                         arrival time                          -5.200    
  -------------------------------------------------------------------
                         slack                                  1.940    

Slack (MET) :             1.940ns  (required time - arrival time)
  Source:                 u_system/u_replay/g_array.u_array/u_array/u_ref/g_row[0].g_col[0].u_pe/u_mul/w1_s0_reg[7]/C
                            (rising edge-triggered cell FDRE clocked by clk  {rise@0.000ns fall@2.000ns period=4.000ns})
  Destination:            u_system/u_replay/g_array.u_array/u_array/u_ref/g_row[0].g_col[0].u_pe/u_mul/u_dsp/DSP_M_DATA_INST/U[36]
                            (rising edge-triggered cell DSP_M_DATA clocked by clk  {rise@0.000ns fall@2.000ns period=4.000ns})
  Path Group:             clk
  Path Type:              Setup (Max at Slow Process Corner)
  Requirement:            4.000ns  (clk rise@4.000ns - clk rise@0.000ns)
  Data Path Delay:        1.845ns  (logic 1.541ns (83.523%)  route 0.304ns (16.477%))
  Logic Levels:           5  (DSP_MULTIPLIER=1 DSP_PREADD=1 DSP_PREADD_DATA=2 LUT1=1)
  Clock Path Skew:        -0.145ns (DCD - SCD + CPR)
    Destination Clock Delay (DCD):    2.927ns = ( 6.927 - 4.000 ) 
    Source Clock Delay      (SCD):    3.355ns
    Clock Pessimism Removal (CPR):    0.283ns
  Clock Uncertainty:      0.085ns  ((TSJ^2 + TIJ^2)^1/2 + DJ) / 2 + PE + UU
    Total System Jitter     (TSJ):    0.071ns
    Total Input Jitter      (TIJ):    0.000ns
    Discrete Jitter          (DJ):    0.000ns
    Phase Error              (PE):    0.000ns
    User Uncertainty         (UU):    0.050ns

    Location             Delay type                Incr(ns)  Path(ns)    Netlist Resource(s)
  -------------------------------------------------------------------    -------------------
                         (clock clk rise edge)        0.000     0.000 r  
                                                      0.000     0.000 r  clk (IN)
                         net (fo=0)                   0.000     0.000    clk_IBUF_inst/I
                         INBUF (Prop_INBUF_PAD_O)     0.582     0.582 r  clk_IBUF_inst/INBUF_INST/O
                         net (fo=1, unplaced)         0.000     0.582    clk_IBUF_inst/OUT
                         IBUFCTRL (Prop_IBUFCTRL_I_O)
                                                      0.000     0.582 r  clk_IBUF_inst/IBUFCTRL_INST/O
                         net (fo=1, unplaced)         0.161     0.743    clk_IBUF
                         BUFGCE (Prop_BUFGCE_I_O)     0.028     0.771 r  clk_IBUF_BUFG_inst/O
                         net (fo=185390, unplaced)    2.584     3.355    u_system/u_replay/g_array.u_array/u_array/u_ref/g_row[0].g_col[0].u_pe/u_mul/clk_IBUF_BUFG
                         FDRE                                         r  u_system/u_replay/g_array.u_array/u_array/u_ref/g_row[0].g_col[0].u_pe/u_mul/w1_s0_reg[7]/C
  -------------------------------------------------------------------    -------------------
                         FDRE (Prop_FDRE_C_Q)         0.077     3.432 r  u_system/u_replay/g_array.u_array/u_array/u_ref/g_row[0].g_col[0].u_pe/u_mul/w1_s0_reg[7]/Q
                         net (fo=1, unplaced)         0.137     3.569    u_system/u_replay/g_array.u_array/u_array/u_ref/g_row[0].g_col[0].u_pe/u_mul/w1_s0[7]
                         LUT1 (Prop_LUT1_I0_O)        0.038     3.607 f  u_system/u_replay/g_array.u_array/u_array/u_ref/g_row[0].g_col[0].u_pe/u_mul/u_dsp_i_1/O
                         net (fo=1, unplaced)         0.167     3.774    u_system/u_replay/g_array.u_array/u_array/u_ref/g_row[0].g_col[0].u_pe/u_mul/u_dsp/D[23]
                         DSP_PREADD_DATA (Prop_DSP_PREADD_DATA_DIN[23]_D_DATA[23])
                                                      0.240     4.014 r  u_system/u_replay/g_array.u_array/u_array/u_ref/g_row[0].g_col[0].u_pe/u_mul/u_dsp/DSP_PREADD_DATA_INST/D_DATA[23]
                         net (fo=1, unplaced)         0.000     4.014    u_system/u_replay/g_array.u_array/u_array/u_ref/g_row[0].g_col[0].u_pe/u_mul/u_dsp/DSP_PREADD_DATA.D_DATA<23>
                         DSP_PREADD (Prop_DSP_PREADD_D_DATA[23]_AD[26])
                                                      0.524     4.538 f  u_system/u_replay/g_array.u_array/u_array/u_ref/g_row[0].g_col[0].u_pe/u_mul/u_dsp/DSP_PREADD_INST/AD[26]
                         net (fo=1, unplaced)         0.000     4.538    u_system/u_replay/g_array.u_array/u_array/u_ref/g_row[0].g_col[0].u_pe/u_mul/u_dsp/DSP_PREADD.AD<26>
                         DSP_PREADD_DATA (Prop_DSP_PREADD_DATA_AD[26]_AD_DATA[26])
                                                      0.050     4.588 r  u_system/u_replay/g_array.u_array/u_array/u_ref/g_row[0].g_col[0].u_pe/u_mul/u_dsp/DSP_PREADD_DATA_INST/AD_DATA[26]
                         net (fo=1, unplaced)         0.000     4.588    u_system/u_replay/g_array.u_array/u_array/u_ref/g_row[0].g_col[0].u_pe/u_mul/u_dsp/DSP_PREADD_DATA.AD_DATA<26>
                         DSP_MULTIPLIER (Prop_DSP_MULTIPLIER_AD_DATA[26]_U[36])
                                                      0.612     5.200 r  u_system/u_replay/g_array.u_array/u_array/u_ref/g_row[0].g_col[0].u_pe/u_mul/u_dsp/DSP_MULTIPLIER_INST/U[36]
                         net (fo=1, unplaced)         0.000     5.200    u_system/u_replay/g_array.u_array/u_array/u_ref/g_row[0].g_col[0].u_pe/u_mul/u_dsp/DSP_MULTIPLIER.U<36>
                         DSP_M_DATA                                   r  u_system/u_replay/g_array.u_array/u_array/u_ref/g_row[0].g_col[0].u_pe/u_mul/u_dsp/DSP_M_DATA_INST/U[36]
  -------------------------------------------------------------------    -------------------

                         (clock clk rise edge)        4.000     4.000 r  
                                                      0.000     4.000 r  clk (IN)
                         net (fo=0)                   0.000     4.000    clk_IBUF_inst/I
                         INBUF (Prop_INBUF_PAD_O)     0.331     4.331 r  clk_IBUF_inst/INBUF_INST/O
                         net (fo=1, unplaced)         0.000     4.331    clk_IBUF_inst/OUT
                         IBUFCTRL (Prop_IBUFCTRL_I_O)
                                                      0.000     4.331 r  clk_IBUF_inst/IBUFCTRL_INST/O
                         net (fo=1, unplaced)         0.133     4.464    clk_IBUF
                         BUFGCE (Prop_BUFGCE_I_O)     0.024     4.488 r  clk_IBUF_BUFG_inst/O
                         net (fo=185390, unplaced)    2.439     6.927    u_system/u_replay/g_array.u_array/u_array/u_ref/g_row[0].g_col[0].u_pe/u_mul/u_dsp/CLK
                         DSP_M_DATA                                   r  u_system/u_replay/g_array.u_array/u_array/u_ref/g_row[0].g_col[0].u_pe/u_mul/u_dsp/DSP_M_DATA_INST/CLK
                         clock pessimism              0.283     7.210    
                         clock uncertainty           -0.085     7.125    
                         DSP_M_DATA (Setup_DSP_M_DATA_CLK_U[36])
                                                      0.015     7.140    u_system/u_replay/g_array.u_array/u_array/u_ref/g_row[0].g_col[0].u_pe/u_mul/u_dsp/DSP_M_DATA_INST
  -------------------------------------------------------------------
                         required time                          7.140    
                         arrival time                          -5.200    
  -------------------------------------------------------------------
                         slack                                  1.940    

Slack (MET) :             1.940ns  (required time - arrival time)
  Source:                 u_system/u_replay/g_array.u_array/u_array/u_ref/g_row[0].g_col[0].u_pe/u_mul/w1_s0_reg[7]/C
                            (rising edge-triggered cell FDRE clocked by clk  {rise@0.000ns fall@2.000ns period=4.000ns})
  Destination:            u_system/u_replay/g_array.u_array/u_array/u_ref/g_row[0].g_col[0].u_pe/u_mul/u_dsp/DSP_M_DATA_INST/U[37]
                            (rising edge-triggered cell DSP_M_DATA clocked by clk  {rise@0.000ns fall@2.000ns period=4.000ns})
  Path Group:             clk
  Path Type:              Setup (Max at Slow Process Corner)
  Requirement:            4.000ns  (clk rise@4.000ns - clk rise@0.000ns)
  Data Path Delay:        1.845ns  (logic 1.541ns (83.523%)  route 0.304ns (16.477%))
  Logic Levels:           5  (DSP_MULTIPLIER=1 DSP_PREADD=1 DSP_PREADD_DATA=2 LUT1=1)
  Clock Path Skew:        -0.145ns (DCD - SCD + CPR)
    Destination Clock Delay (DCD):    2.927ns = ( 6.927 - 4.000 ) 
    Source Clock Delay      (SCD):    3.355ns
    Clock Pessimism Removal (CPR):    0.283ns
  Clock Uncertainty:      0.085ns  ((TSJ^2 + TIJ^2)^1/2 + DJ) / 2 + PE + UU
    Total System Jitter     (TSJ):    0.071ns
    Total Input Jitter      (TIJ):    0.000ns
    Discrete Jitter          (DJ):    0.000ns
    Phase Error              (PE):    0.000ns
    User Uncertainty         (UU):    0.050ns

    Location             Delay type                Incr(ns)  Path(ns)    Netlist Resource(s)
  -------------------------------------------------------------------    -------------------
                         (clock clk rise edge)        0.000     0.000 r  
                                                      0.000     0.000 r  clk (IN)
                         net (fo=0)                   0.000     0.000    clk_IBUF_inst/I
                         INBUF (Prop_INBUF_PAD_O)     0.582     0.582 r  clk_IBUF_inst/INBUF_INST/O
                         net (fo=1, unplaced)         0.000     0.582    clk_IBUF_inst/OUT
                         IBUFCTRL (Prop_IBUFCTRL_I_O)
                                                      0.000     0.582 r  clk_IBUF_inst/IBUFCTRL_INST/O
                         net (fo=1, unplaced)         0.161     0.743    clk_IBUF
                         BUFGCE (Prop_BUFGCE_I_O)     0.028     0.771 r  clk_IBUF_BUFG_inst/O
                         net (fo=185390, unplaced)    2.584     3.355    u_system/u_replay/g_array.u_array/u_array/u_ref/g_row[0].g_col[0].u_pe/u_mul/clk_IBUF_BUFG
                         FDRE                                         r  u_system/u_replay/g_array.u_array/u_array/u_ref/g_row[0].g_col[0].u_pe/u_mul/w1_s0_reg[7]/C
  -------------------------------------------------------------------    -------------------
                         FDRE (Prop_FDRE_C_Q)         0.077     3.432 r  u_system/u_replay/g_array.u_array/u_array/u_ref/g_row[0].g_col[0].u_pe/u_mul/w1_s0_reg[7]/Q
                         net (fo=1, unplaced)         0.137     3.569    u_system/u_replay/g_array.u_array/u_array/u_ref/g_row[0].g_col[0].u_pe/u_mul/w1_s0[7]
                         LUT1 (Prop_LUT1_I0_O)        0.038     3.607 f  u_system/u_replay/g_array.u_array/u_array/u_ref/g_row[0].g_col[0].u_pe/u_mul/u_dsp_i_1/O
                         net (fo=1, unplaced)         0.167     3.774    u_system/u_replay/g_array.u_array/u_array/u_ref/g_row[0].g_col[0].u_pe/u_mul/u_dsp/D[23]
                         DSP_PREADD_DATA (Prop_DSP_PREADD_DATA_DIN[23]_D_DATA[23])
                                                      0.240     4.014 r  u_system/u_replay/g_array.u_array/u_array/u_ref/g_row[0].g_col[0].u_pe/u_mul/u_dsp/DSP_PREADD_DATA_INST/D_DATA[23]
                         net (fo=1, unplaced)         0.000     4.014    u_system/u_replay/g_array.u_array/u_array/u_ref/g_row[0].g_col[0].u_pe/u_mul/u_dsp/DSP_PREADD_DATA.D_DATA<23>
                         DSP_PREADD (Prop_DSP_PREADD_D_DATA[23]_AD[26])
                                                      0.524     4.538 f  u_system/u_replay/g_array.u_array/u_array/u_ref/g_row[0].g_col[0].u_pe/u_mul/u_dsp/DSP_PREADD_INST/AD[26]
                         net (fo=1, unplaced)         0.000     4.538    u_system/u_replay/g_array.u_array/u_array/u_ref/g_row[0].g_col[0].u_pe/u_mul/u_dsp/DSP_PREADD.AD<26>
                         DSP_PREADD_DATA (Prop_DSP_PREADD_DATA_AD[26]_AD_DATA[26])
                                                      0.050     4.588 r  u_system/u_replay/g_array.u_array/u_array/u_ref/g_row[0].g_col[0].u_pe/u_mul/u_dsp/DSP_PREADD_DATA_INST/AD_DATA[26]
                         net (fo=1, unplaced)         0.000     4.588    u_system/u_replay/g_array.u_array/u_array/u_ref/g_row[0].g_col[0].u_pe/u_mul/u_dsp/DSP_PREADD_DATA.AD_DATA<26>
                         DSP_MULTIPLIER (Prop_DSP_MULTIPLIER_AD_DATA[26]_U[37])
                                                      0.612     5.200 r  u_system/u_replay/g_array.u_array/u_array/u_ref/g_row[0].g_col[0].u_pe/u_mul/u_dsp/DSP_MULTIPLIER_INST/U[37]
                         net (fo=1, unplaced)         0.000     5.200    u_system/u_replay/g_array.u_array/u_array/u_ref/g_row[0].g_col[0].u_pe/u_mul/u_dsp/DSP_MULTIPLIER.U<37>
                         DSP_M_DATA                                   r  u_system/u_replay/g_array.u_array/u_array/u_ref/g_row[0].g_col[0].u_pe/u_mul/u_dsp/DSP_M_DATA_INST/U[37]
  -------------------------------------------------------------------    -------------------

                         (clock clk rise edge)        4.000     4.000 r  
                                                      0.000     4.000 r  clk (IN)
                         net (fo=0)                   0.000     4.000    clk_IBUF_inst/I
                         INBUF (Prop_INBUF_PAD_O)     0.331     4.331 r  clk_IBUF_inst/INBUF_INST/O
                         net (fo=1, unplaced)         0.000     4.331    clk_IBUF_inst/OUT
                         IBUFCTRL (Prop_IBUFCTRL_I_O)
                                                      0.000     4.331 r  clk_IBUF_inst/IBUFCTRL_INST/O
                         net (fo=1, unplaced)         0.133     4.464    clk_IBUF
                         BUFGCE (Prop_BUFGCE_I_O)     0.024     4.488 r  clk_IBUF_BUFG_inst/O
                         net (fo=185390, unplaced)    2.439     6.927    u_system/u_replay/g_array.u_array/u_array/u_ref/g_row[0].g_col[0].u_pe/u_mul/u_dsp/CLK
                         DSP_M_DATA                                   r  u_system/u_replay/g_array.u_array/u_array/u_ref/g_row[0].g_col[0].u_pe/u_mul/u_dsp/DSP_M_DATA_INST/CLK
                         clock pessimism              0.283     7.210    
                         clock uncertainty           -0.085     7.125    
                         DSP_M_DATA (Setup_DSP_M_DATA_CLK_U[37])
                                                      0.015     7.140    u_system/u_replay/g_array.u_array/u_array/u_ref/g_row[0].g_col[0].u_pe/u_mul/u_dsp/DSP_M_DATA_INST
  -------------------------------------------------------------------
                         required time                          7.140    
                         arrival time                          -5.200    
  -------------------------------------------------------------------
                         slack                                  1.940    

Slack (MET) :             1.940ns  (required time - arrival time)
  Source:                 u_system/u_replay/g_array.u_array/u_array/u_ref/g_row[0].g_col[0].u_pe/u_mul/w1_s0_reg[7]/C
                            (rising edge-triggered cell FDRE clocked by clk  {rise@0.000ns fall@2.000ns period=4.000ns})
  Destination:            u_system/u_replay/g_array.u_array/u_array/u_ref/g_row[0].g_col[0].u_pe/u_mul/u_dsp/DSP_M_DATA_INST/U[38]
                            (rising edge-triggered cell DSP_M_DATA clocked by clk  {rise@0.000ns fall@2.000ns period=4.000ns})
  Path Group:             clk
  Path Type:              Setup (Max at Slow Process Corner)
  Requirement:            4.000ns  (clk rise@4.000ns - clk rise@0.000ns)
  Data Path Delay:        1.845ns  (logic 1.541ns (83.523%)  route 0.304ns (16.477%))
  Logic Levels:           5  (DSP_MULTIPLIER=1 DSP_PREADD=1 DSP_PREADD_DATA=2 LUT1=1)
  Clock Path Skew:        -0.145ns (DCD - SCD + CPR)
    Destination Clock Delay (DCD):    2.927ns = ( 6.927 - 4.000 ) 
    Source Clock Delay      (SCD):    3.355ns
    Clock Pessimism Removal (CPR):    0.283ns
  Clock Uncertainty:      0.085ns  ((TSJ^2 + TIJ^2)^1/2 + DJ) / 2 + PE + UU
    Total System Jitter     (TSJ):    0.071ns
    Total Input Jitter      (TIJ):    0.000ns
    Discrete Jitter          (DJ):    0.000ns
    Phase Error              (PE):    0.000ns
    User Uncertainty         (UU):    0.050ns

    Location             Delay type                Incr(ns)  Path(ns)    Netlist Resource(s)
  -------------------------------------------------------------------    -------------------
                         (clock clk rise edge)        0.000     0.000 r  
                                                      0.000     0.000 r  clk (IN)
                         net (fo=0)                   0.000     0.000    clk_IBUF_inst/I
                         INBUF (Prop_INBUF_PAD_O)     0.582     0.582 r  clk_IBUF_inst/INBUF_INST/O
                         net (fo=1, unplaced)         0.000     0.582    clk_IBUF_inst/OUT
                         IBUFCTRL (Prop_IBUFCTRL_I_O)
                                                      0.000     0.582 r  clk_IBUF_inst/IBUFCTRL_INST/O
                         net (fo=1, unplaced)         0.161     0.743    clk_IBUF
                         BUFGCE (Prop_BUFGCE_I_O)     0.028     0.771 r  clk_IBUF_BUFG_inst/O
                         net (fo=185390, unplaced)    2.584     3.355    u_system/u_replay/g_array.u_array/u_array/u_ref/g_row[0].g_col[0].u_pe/u_mul/clk_IBUF_BUFG
                         FDRE                                         r  u_system/u_replay/g_array.u_array/u_array/u_ref/g_row[0].g_col[0].u_pe/u_mul/w1_s0_reg[7]/C
  -------------------------------------------------------------------    -------------------
                         FDRE (Prop_FDRE_C_Q)         0.077     3.432 r  u_system/u_replay/g_array.u_array/u_array/u_ref/g_row[0].g_col[0].u_pe/u_mul/w1_s0_reg[7]/Q
                         net (fo=1, unplaced)         0.137     3.569    u_system/u_replay/g_array.u_array/u_array/u_ref/g_row[0].g_col[0].u_pe/u_mul/w1_s0[7]
                         LUT1 (Prop_LUT1_I0_O)        0.038     3.607 f  u_system/u_replay/g_array.u_array/u_array/u_ref/g_row[0].g_col[0].u_pe/u_mul/u_dsp_i_1/O
                         net (fo=1, unplaced)         0.167     3.774    u_system/u_replay/g_array.u_array/u_array/u_ref/g_row[0].g_col[0].u_pe/u_mul/u_dsp/D[23]
                         DSP_PREADD_DATA (Prop_DSP_PREADD_DATA_DIN[23]_D_DATA[23])
                                                      0.240     4.014 r  u_system/u_replay/g_array.u_array/u_array/u_ref/g_row[0].g_col[0].u_pe/u_mul/u_dsp/DSP_PREADD_DATA_INST/D_DATA[23]
                         net (fo=1, unplaced)         0.000     4.014    u_system/u_replay/g_array.u_array/u_array/u_ref/g_row[0].g_col[0].u_pe/u_mul/u_dsp/DSP_PREADD_DATA.D_DATA<23>
                         DSP_PREADD (Prop_DSP_PREADD_D_DATA[23]_AD[26])
                                                      0.524     4.538 f  u_system/u_replay/g_array.u_array/u_array/u_ref/g_row[0].g_col[0].u_pe/u_mul/u_dsp/DSP_PREADD_INST/AD[26]
                         net (fo=1, unplaced)         0.000     4.538    u_system/u_replay/g_array.u_array/u_array/u_ref/g_row[0].g_col[0].u_pe/u_mul/u_dsp/DSP_PREADD.AD<26>
                         DSP_PREADD_DATA (Prop_DSP_PREADD_DATA_AD[26]_AD_DATA[26])
                                                      0.050     4.588 r  u_system/u_replay/g_array.u_array/u_array/u_ref/g_row[0].g_col[0].u_pe/u_mul/u_dsp/DSP_PREADD_DATA_INST/AD_DATA[26]
                         net (fo=1, unplaced)         0.000     4.588    u_system/u_replay/g_array.u_array/u_array/u_ref/g_row[0].g_col[0].u_pe/u_mul/u_dsp/DSP_PREADD_DATA.AD_DATA<26>
                         DSP_MULTIPLIER (Prop_DSP_MULTIPLIER_AD_DATA[26]_U[38])
                                                      0.612     5.200 r  u_system/u_replay/g_array.u_array/u_array/u_ref/g_row[0].g_col[0].u_pe/u_mul/u_dsp/DSP_MULTIPLIER_INST/U[38]
                         net (fo=1, unplaced)         0.000     5.200    u_system/u_replay/g_array.u_array/u_array/u_ref/g_row[0].g_col[0].u_pe/u_mul/u_dsp/DSP_MULTIPLIER.U<38>
                         DSP_M_DATA                                   r  u_system/u_replay/g_array.u_array/u_array/u_ref/g_row[0].g_col[0].u_pe/u_mul/u_dsp/DSP_M_DATA_INST/U[38]
  -------------------------------------------------------------------    -------------------

                         (clock clk rise edge)        4.000     4.000 r  
                                                      0.000     4.000 r  clk (IN)
                         net (fo=0)                   0.000     4.000    clk_IBUF_inst/I
                         INBUF (Prop_INBUF_PAD_O)     0.331     4.331 r  clk_IBUF_inst/INBUF_INST/O
                         net (fo=1, unplaced)         0.000     4.331    clk_IBUF_inst/OUT
                         IBUFCTRL (Prop_IBUFCTRL_I_O)
                                                      0.000     4.331 r  clk_IBUF_inst/IBUFCTRL_INST/O
                         net (fo=1, unplaced)         0.133     4.464    clk_IBUF
                         BUFGCE (Prop_BUFGCE_I_O)     0.024     4.488 r  clk_IBUF_BUFG_inst/O
                         net (fo=185390, unplaced)    2.439     6.927    u_system/u_replay/g_array.u_array/u_array/u_ref/g_row[0].g_col[0].u_pe/u_mul/u_dsp/CLK
                         DSP_M_DATA                                   r  u_system/u_replay/g_array.u_array/u_array/u_ref/g_row[0].g_col[0].u_pe/u_mul/u_dsp/DSP_M_DATA_INST/CLK
                         clock pessimism              0.283     7.210    
                         clock uncertainty           -0.085     7.125    
                         DSP_M_DATA (Setup_DSP_M_DATA_CLK_U[38])
                                                      0.015     7.140    u_system/u_replay/g_array.u_array/u_array/u_ref/g_row[0].g_col[0].u_pe/u_mul/u_dsp/DSP_M_DATA_INST
  -------------------------------------------------------------------
                         required time                          7.140    
                         arrival time                          -5.200    
  -------------------------------------------------------------------
                         slack                                  1.940    

Slack (MET) :             1.940ns  (required time - arrival time)
  Source:                 u_system/u_replay/g_array.u_array/u_array/u_ref/g_row[0].g_col[0].u_pe/u_mul/w1_s0_reg[7]/C
                            (rising edge-triggered cell FDRE clocked by clk  {rise@0.000ns fall@2.000ns period=4.000ns})
  Destination:            u_system/u_replay/g_array.u_array/u_array/u_ref/g_row[0].g_col[0].u_pe/u_mul/u_dsp/DSP_M_DATA_INST/U[39]
                            (rising edge-triggered cell DSP_M_DATA clocked by clk  {rise@0.000ns fall@2.000ns period=4.000ns})
  Path Group:             clk
  Path Type:              Setup (Max at Slow Process Corner)
  Requirement:            4.000ns  (clk rise@4.000ns - clk rise@0.000ns)
  Data Path Delay:        1.845ns  (logic 1.541ns (83.523%)  route 0.304ns (16.477%))
  Logic Levels:           5  (DSP_MULTIPLIER=1 DSP_PREADD=1 DSP_PREADD_DATA=2 LUT1=1)
  Clock Path Skew:        -0.145ns (DCD - SCD + CPR)
    Destination Clock Delay (DCD):    2.927ns = ( 6.927 - 4.000 ) 
    Source Clock Delay      (SCD):    3.355ns
    Clock Pessimism Removal (CPR):    0.283ns
  Clock Uncertainty:      0.085ns  ((TSJ^2 + TIJ^2)^1/2 + DJ) / 2 + PE + UU
    Total System Jitter     (TSJ):    0.071ns
    Total Input Jitter      (TIJ):    0.000ns
    Discrete Jitter          (DJ):    0.000ns
    Phase Error              (PE):    0.000ns
    User Uncertainty         (UU):    0.050ns

    Location             Delay type                Incr(ns)  Path(ns)    Netlist Resource(s)
  -------------------------------------------------------------------    -------------------
                         (clock clk rise edge)        0.000     0.000 r  
                                                      0.000     0.000 r  clk (IN)
                         net (fo=0)                   0.000     0.000    clk_IBUF_inst/I
                         INBUF (Prop_INBUF_PAD_O)     0.582     0.582 r  clk_IBUF_inst/INBUF_INST/O
                         net (fo=1, unplaced)         0.000     0.582    clk_IBUF_inst/OUT
                         IBUFCTRL (Prop_IBUFCTRL_I_O)
                                                      0.000     0.582 r  clk_IBUF_inst/IBUFCTRL_INST/O
                         net (fo=1, unplaced)         0.161     0.743    clk_IBUF
                         BUFGCE (Prop_BUFGCE_I_O)     0.028     0.771 r  clk_IBUF_BUFG_inst/O
                         net (fo=185390, unplaced)    2.584     3.355    u_system/u_replay/g_array.u_array/u_array/u_ref/g_row[0].g_col[0].u_pe/u_mul/clk_IBUF_BUFG
                         FDRE                                         r  u_system/u_replay/g_array.u_array/u_array/u_ref/g_row[0].g_col[0].u_pe/u_mul/w1_s0_reg[7]/C
  -------------------------------------------------------------------    -------------------
                         FDRE (Prop_FDRE_C_Q)         0.077     3.432 r  u_system/u_replay/g_array.u_array/u_array/u_ref/g_row[0].g_col[0].u_pe/u_mul/w1_s0_reg[7]/Q
                         net (fo=1, unplaced)         0.137     3.569    u_system/u_replay/g_array.u_array/u_array/u_ref/g_row[0].g_col[0].u_pe/u_mul/w1_s0[7]
                         LUT1 (Prop_LUT1_I0_O)        0.038     3.607 f  u_system/u_replay/g_array.u_array/u_array/u_ref/g_row[0].g_col[0].u_pe/u_mul/u_dsp_i_1/O
                         net (fo=1, unplaced)         0.167     3.774    u_system/u_replay/g_array.u_array/u_array/u_ref/g_row[0].g_col[0].u_pe/u_mul/u_dsp/D[23]
                         DSP_PREADD_DATA (Prop_DSP_PREADD_DATA_DIN[23]_D_DATA[23])
                                                      0.240     4.014 r  u_system/u_replay/g_array.u_array/u_array/u_ref/g_row[0].g_col[0].u_pe/u_mul/u_dsp/DSP_PREADD_DATA_INST/D_DATA[23]
                         net (fo=1, unplaced)         0.000     4.014    u_system/u_replay/g_array.u_array/u_array/u_ref/g_row[0].g_col[0].u_pe/u_mul/u_dsp/DSP_PREADD_DATA.D_DATA<23>
                         DSP_PREADD (Prop_DSP_PREADD_D_DATA[23]_AD[26])
                                                      0.524     4.538 f  u_system/u_replay/g_array.u_array/u_array/u_ref/g_row[0].g_col[0].u_pe/u_mul/u_dsp/DSP_PREADD_INST/AD[26]
                         net (fo=1, unplaced)         0.000     4.538    u_system/u_replay/g_array.u_array/u_array/u_ref/g_row[0].g_col[0].u_pe/u_mul/u_dsp/DSP_PREADD.AD<26>
                         DSP_PREADD_DATA (Prop_DSP_PREADD_DATA_AD[26]_AD_DATA[26])
                                                      0.050     4.588 r  u_system/u_replay/g_array.u_array/u_array/u_ref/g_row[0].g_col[0].u_pe/u_mul/u_dsp/DSP_PREADD_DATA_INST/AD_DATA[26]
                         net (fo=1, unplaced)         0.000     4.588    u_system/u_replay/g_array.u_array/u_array/u_ref/g_row[0].g_col[0].u_pe/u_mul/u_dsp/DSP_PREADD_DATA.AD_DATA<26>
                         DSP_MULTIPLIER (Prop_DSP_MULTIPLIER_AD_DATA[26]_U[39])
                                                      0.612     5.200 r  u_system/u_replay/g_array.u_array/u_array/u_ref/g_row[0].g_col[0].u_pe/u_mul/u_dsp/DSP_MULTIPLIER_INST/U[39]
                         net (fo=1, unplaced)         0.000     5.200    u_system/u_replay/g_array.u_array/u_array/u_ref/g_row[0].g_col[0].u_pe/u_mul/u_dsp/DSP_MULTIPLIER.U<39>
                         DSP_M_DATA                                   r  u_system/u_replay/g_array.u_array/u_array/u_ref/g_row[0].g_col[0].u_pe/u_mul/u_dsp/DSP_M_DATA_INST/U[39]
  -------------------------------------------------------------------    -------------------

                         (clock clk rise edge)        4.000     4.000 r  
                                                      0.000     4.000 r  clk (IN)
                         net (fo=0)                   0.000     4.000    clk_IBUF_inst/I
                         INBUF (Prop_INBUF_PAD_O)     0.331     4.331 r  clk_IBUF_inst/INBUF_INST/O
                         net (fo=1, unplaced)         0.000     4.331    clk_IBUF_inst/OUT
                         IBUFCTRL (Prop_IBUFCTRL_I_O)
                                                      0.000     4.331 r  clk_IBUF_inst/IBUFCTRL_INST/O
                         net (fo=1, unplaced)         0.133     4.464    clk_IBUF
                         BUFGCE (Prop_BUFGCE_I_O)     0.024     4.488 r  clk_IBUF_BUFG_inst/O
                         net (fo=185390, unplaced)    2.439     6.927    u_system/u_replay/g_array.u_array/u_array/u_ref/g_row[0].g_col[0].u_pe/u_mul/u_dsp/CLK
                         DSP_M_DATA                                   r  u_system/u_replay/g_array.u_array/u_array/u_ref/g_row[0].g_col[0].u_pe/u_mul/u_dsp/DSP_M_DATA_INST/CLK
                         clock pessimism              0.283     7.210    
                         clock uncertainty           -0.085     7.125    
                         DSP_M_DATA (Setup_DSP_M_DATA_CLK_U[39])
                                                      0.015     7.140    u_system/u_replay/g_array.u_array/u_array/u_ref/g_row[0].g_col[0].u_pe/u_mul/u_dsp/DSP_M_DATA_INST
  -------------------------------------------------------------------
                         required time                          7.140    
                         arrival time                          -5.200    
  -------------------------------------------------------------------
                         slack                                  1.940    

Slack (MET) :             1.940ns  (required time - arrival time)
  Source:                 u_system/u_replay/g_array.u_array/u_array/u_ref/g_row[0].g_col[0].u_pe/u_mul/w1_s0_reg[7]/C
                            (rising edge-triggered cell FDRE clocked by clk  {rise@0.000ns fall@2.000ns period=4.000ns})
  Destination:            u_system/u_replay/g_array.u_array/u_array/u_ref/g_row[0].g_col[0].u_pe/u_mul/u_dsp/DSP_M_DATA_INST/U[40]
                            (rising edge-triggered cell DSP_M_DATA clocked by clk  {rise@0.000ns fall@2.000ns period=4.000ns})
  Path Group:             clk
  Path Type:              Setup (Max at Slow Process Corner)
  Requirement:            4.000ns  (clk rise@4.000ns - clk rise@0.000ns)
  Data Path Delay:        1.845ns  (logic 1.541ns (83.523%)  route 0.304ns (16.477%))
  Logic Levels:           5  (DSP_MULTIPLIER=1 DSP_PREADD=1 DSP_PREADD_DATA=2 LUT1=1)
  Clock Path Skew:        -0.145ns (DCD - SCD + CPR)
    Destination Clock Delay (DCD):    2.927ns = ( 6.927 - 4.000 ) 
    Source Clock Delay      (SCD):    3.355ns
    Clock Pessimism Removal (CPR):    0.283ns
  Clock Uncertainty:      0.085ns  ((TSJ^2 + TIJ^2)^1/2 + DJ) / 2 + PE + UU
    Total System Jitter     (TSJ):    0.071ns
    Total Input Jitter      (TIJ):    0.000ns
    Discrete Jitter          (DJ):    0.000ns
    Phase Error              (PE):    0.000ns
    User Uncertainty         (UU):    0.050ns

    Location             Delay type                Incr(ns)  Path(ns)    Netlist Resource(s)
  -------------------------------------------------------------------    -------------------
                         (clock clk rise edge)        0.000     0.000 r  
                                                      0.000     0.000 r  clk (IN)
                         net (fo=0)                   0.000     0.000    clk_IBUF_inst/I
                         INBUF (Prop_INBUF_PAD_O)     0.582     0.582 r  clk_IBUF_inst/INBUF_INST/O
                         net (fo=1, unplaced)         0.000     0.582    clk_IBUF_inst/OUT
                         IBUFCTRL (Prop_IBUFCTRL_I_O)
                                                      0.000     0.582 r  clk_IBUF_inst/IBUFCTRL_INST/O
                         net (fo=1, unplaced)         0.161     0.743    clk_IBUF
                         BUFGCE (Prop_BUFGCE_I_O)     0.028     0.771 r  clk_IBUF_BUFG_inst/O
                         net (fo=185390, unplaced)    2.584     3.355    u_system/u_replay/g_array.u_array/u_array/u_ref/g_row[0].g_col[0].u_pe/u_mul/clk_IBUF_BUFG
                         FDRE                                         r  u_system/u_replay/g_array.u_array/u_array/u_ref/g_row[0].g_col[0].u_pe/u_mul/w1_s0_reg[7]/C
  -------------------------------------------------------------------    -------------------
                         FDRE (Prop_FDRE_C_Q)         0.077     3.432 r  u_system/u_replay/g_array.u_array/u_array/u_ref/g_row[0].g_col[0].u_pe/u_mul/w1_s0_reg[7]/Q
                         net (fo=1, unplaced)         0.137     3.569    u_system/u_replay/g_array.u_array/u_array/u_ref/g_row[0].g_col[0].u_pe/u_mul/w1_s0[7]
                         LUT1 (Prop_LUT1_I0_O)        0.038     3.607 f  u_system/u_replay/g_array.u_array/u_array/u_ref/g_row[0].g_col[0].u_pe/u_mul/u_dsp_i_1/O
                         net (fo=1, unplaced)         0.167     3.774    u_system/u_replay/g_array.u_array/u_array/u_ref/g_row[0].g_col[0].u_pe/u_mul/u_dsp/D[23]
                         DSP_PREADD_DATA (Prop_DSP_PREADD_DATA_DIN[23]_D_DATA[23])
                                                      0.240     4.014 r  u_system/u_replay/g_array.u_array/u_array/u_ref/g_row[0].g_col[0].u_pe/u_mul/u_dsp/DSP_PREADD_DATA_INST/D_DATA[23]
                         net (fo=1, unplaced)         0.000     4.014    u_system/u_replay/g_array.u_array/u_array/u_ref/g_row[0].g_col[0].u_pe/u_mul/u_dsp/DSP_PREADD_DATA.D_DATA<23>
                         DSP_PREADD (Prop_DSP_PREADD_D_DATA[23]_AD[26])
                                                      0.524     4.538 f  u_system/u_replay/g_array.u_array/u_array/u_ref/g_row[0].g_col[0].u_pe/u_mul/u_dsp/DSP_PREADD_INST/AD[26]
                         net (fo=1, unplaced)         0.000     4.538    u_system/u_replay/g_array.u_array/u_array/u_ref/g_row[0].g_col[0].u_pe/u_mul/u_dsp/DSP_PREADD.AD<26>
                         DSP_PREADD_DATA (Prop_DSP_PREADD_DATA_AD[26]_AD_DATA[26])
                                                      0.050     4.588 r  u_system/u_replay/g_array.u_array/u_array/u_ref/g_row[0].g_col[0].u_pe/u_mul/u_dsp/DSP_PREADD_DATA_INST/AD_DATA[26]
                         net (fo=1, unplaced)         0.000     4.588    u_system/u_replay/g_array.u_array/u_array/u_ref/g_row[0].g_col[0].u_pe/u_mul/u_dsp/DSP_PREADD_DATA.AD_DATA<26>
                         DSP_MULTIPLIER (Prop_DSP_MULTIPLIER_AD_DATA[26]_U[40])
                                                      0.612     5.200 r  u_system/u_replay/g_array.u_array/u_array/u_ref/g_row[0].g_col[0].u_pe/u_mul/u_dsp/DSP_MULTIPLIER_INST/U[40]
                         net (fo=1, unplaced)         0.000     5.200    u_system/u_replay/g_array.u_array/u_array/u_ref/g_row[0].g_col[0].u_pe/u_mul/u_dsp/DSP_MULTIPLIER.U<40>
                         DSP_M_DATA                                   r  u_system/u_replay/g_array.u_array/u_array/u_ref/g_row[0].g_col[0].u_pe/u_mul/u_dsp/DSP_M_DATA_INST/U[40]
  -------------------------------------------------------------------    -------------------

                         (clock clk rise edge)        4.000     4.000 r  
                                                      0.000     4.000 r  clk (IN)
                         net (fo=0)                   0.000     4.000    clk_IBUF_inst/I
                         INBUF (Prop_INBUF_PAD_O)     0.331     4.331 r  clk_IBUF_inst/INBUF_INST/O
                         net (fo=1, unplaced)         0.000     4.331    clk_IBUF_inst/OUT
                         IBUFCTRL (Prop_IBUFCTRL_I_O)
                                                      0.000     4.331 r  clk_IBUF_inst/IBUFCTRL_INST/O
                         net (fo=1, unplaced)         0.133     4.464    clk_IBUF
                         BUFGCE (Prop_BUFGCE_I_O)     0.024     4.488 r  clk_IBUF_BUFG_inst/O
                         net (fo=185390, unplaced)    2.439     6.927    u_system/u_replay/g_array.u_array/u_array/u_ref/g_row[0].g_col[0].u_pe/u_mul/u_dsp/CLK
                         DSP_M_DATA                                   r  u_system/u_replay/g_array.u_array/u_array/u_ref/g_row[0].g_col[0].u_pe/u_mul/u_dsp/DSP_M_DATA_INST/CLK
                         clock pessimism              0.283     7.210    
                         clock uncertainty           -0.085     7.125    
                         DSP_M_DATA (Setup_DSP_M_DATA_CLK_U[40])
                                                      0.015     7.140    u_system/u_replay/g_array.u_array/u_array/u_ref/g_row[0].g_col[0].u_pe/u_mul/u_dsp/DSP_M_DATA_INST
  -------------------------------------------------------------------
                         required time                          7.140    
                         arrival time                          -5.200    
  -------------------------------------------------------------------
                         slack                                  1.940    

Slack (MET) :             1.940ns  (required time - arrival time)
  Source:                 u_system/u_replay/g_array.u_array/u_array/u_ref/g_row[0].g_col[0].u_pe/u_mul/w1_s0_reg[7]/C
                            (rising edge-triggered cell FDRE clocked by clk  {rise@0.000ns fall@2.000ns period=4.000ns})
  Destination:            u_system/u_replay/g_array.u_array/u_array/u_ref/g_row[0].g_col[0].u_pe/u_mul/u_dsp/DSP_M_DATA_INST/U[41]
                            (rising edge-triggered cell DSP_M_DATA clocked by clk  {rise@0.000ns fall@2.000ns period=4.000ns})
  Path Group:             clk
  Path Type:              Setup (Max at Slow Process Corner)
  Requirement:            4.000ns  (clk rise@4.000ns - clk rise@0.000ns)
  Data Path Delay:        1.845ns  (logic 1.541ns (83.523%)  route 0.304ns (16.477%))
  Logic Levels:           5  (DSP_MULTIPLIER=1 DSP_PREADD=1 DSP_PREADD_DATA=2 LUT1=1)
  Clock Path Skew:        -0.145ns (DCD - SCD + CPR)
    Destination Clock Delay (DCD):    2.927ns = ( 6.927 - 4.000 ) 
    Source Clock Delay      (SCD):    3.355ns
    Clock Pessimism Removal (CPR):    0.283ns
  Clock Uncertainty:      0.085ns  ((TSJ^2 + TIJ^2)^1/2 + DJ) / 2 + PE + UU
    Total System Jitter     (TSJ):    0.071ns
    Total Input Jitter      (TIJ):    0.000ns
    Discrete Jitter          (DJ):    0.000ns
    Phase Error              (PE):    0.000ns
    User Uncertainty         (UU):    0.050ns

    Location             Delay type                Incr(ns)  Path(ns)    Netlist Resource(s)
  -------------------------------------------------------------------    -------------------
                         (clock clk rise edge)        0.000     0.000 r  
                                                      0.000     0.000 r  clk (IN)
                         net (fo=0)                   0.000     0.000    clk_IBUF_inst/I
                         INBUF (Prop_INBUF_PAD_O)     0.582     0.582 r  clk_IBUF_inst/INBUF_INST/O
                         net (fo=1, unplaced)         0.000     0.582    clk_IBUF_inst/OUT
                         IBUFCTRL (Prop_IBUFCTRL_I_O)
                                                      0.000     0.582 r  clk_IBUF_inst/IBUFCTRL_INST/O
                         net (fo=1, unplaced)         0.161     0.743    clk_IBUF
                         BUFGCE (Prop_BUFGCE_I_O)     0.028     0.771 r  clk_IBUF_BUFG_inst/O
                         net (fo=185390, unplaced)    2.584     3.355    u_system/u_replay/g_array.u_array/u_array/u_ref/g_row[0].g_col[0].u_pe/u_mul/clk_IBUF_BUFG
                         FDRE                                         r  u_system/u_replay/g_array.u_array/u_array/u_ref/g_row[0].g_col[0].u_pe/u_mul/w1_s0_reg[7]/C
  -------------------------------------------------------------------    -------------------
                         FDRE (Prop_FDRE_C_Q)         0.077     3.432 r  u_system/u_replay/g_array.u_array/u_array/u_ref/g_row[0].g_col[0].u_pe/u_mul/w1_s0_reg[7]/Q
                         net (fo=1, unplaced)         0.137     3.569    u_system/u_replay/g_array.u_array/u_array/u_ref/g_row[0].g_col[0].u_pe/u_mul/w1_s0[7]
                         LUT1 (Prop_LUT1_I0_O)        0.038     3.607 f  u_system/u_replay/g_array.u_array/u_array/u_ref/g_row[0].g_col[0].u_pe/u_mul/u_dsp_i_1/O
                         net (fo=1, unplaced)         0.167     3.774    u_system/u_replay/g_array.u_array/u_array/u_ref/g_row[0].g_col[0].u_pe/u_mul/u_dsp/D[23]
                         DSP_PREADD_DATA (Prop_DSP_PREADD_DATA_DIN[23]_D_DATA[23])
                                                      0.240     4.014 r  u_system/u_replay/g_array.u_array/u_array/u_ref/g_row[0].g_col[0].u_pe/u_mul/u_dsp/DSP_PREADD_DATA_INST/D_DATA[23]
                         net (fo=1, unplaced)         0.000     4.014    u_system/u_replay/g_array.u_array/u_array/u_ref/g_row[0].g_col[0].u_pe/u_mul/u_dsp/DSP_PREADD_DATA.D_DATA<23>
                         DSP_PREADD (Prop_DSP_PREADD_D_DATA[23]_AD[26])
                                                      0.524     4.538 f  u_system/u_replay/g_array.u_array/u_array/u_ref/g_row[0].g_col[0].u_pe/u_mul/u_dsp/DSP_PREADD_INST/AD[26]
                         net (fo=1, unplaced)         0.000     4.538    u_system/u_replay/g_array.u_array/u_array/u_ref/g_row[0].g_col[0].u_pe/u_mul/u_dsp/DSP_PREADD.AD<26>
                         DSP_PREADD_DATA (Prop_DSP_PREADD_DATA_AD[26]_AD_DATA[26])
                                                      0.050     4.588 r  u_system/u_replay/g_array.u_array/u_array/u_ref/g_row[0].g_col[0].u_pe/u_mul/u_dsp/DSP_PREADD_DATA_INST/AD_DATA[26]
                         net (fo=1, unplaced)         0.000     4.588    u_system/u_replay/g_array.u_array/u_array/u_ref/g_row[0].g_col[0].u_pe/u_mul/u_dsp/DSP_PREADD_DATA.AD_DATA<26>
                         DSP_MULTIPLIER (Prop_DSP_MULTIPLIER_AD_DATA[26]_U[41])
                                                      0.612     5.200 r  u_system/u_replay/g_array.u_array/u_array/u_ref/g_row[0].g_col[0].u_pe/u_mul/u_dsp/DSP_MULTIPLIER_INST/U[41]
                         net (fo=1, unplaced)         0.000     5.200    u_system/u_replay/g_array.u_array/u_array/u_ref/g_row[0].g_col[0].u_pe/u_mul/u_dsp/DSP_MULTIPLIER.U<41>
                         DSP_M_DATA                                   r  u_system/u_replay/g_array.u_array/u_array/u_ref/g_row[0].g_col[0].u_pe/u_mul/u_dsp/DSP_M_DATA_INST/U[41]
  -------------------------------------------------------------------    -------------------

                         (clock clk rise edge)        4.000     4.000 r  
                                                      0.000     4.000 r  clk (IN)
                         net (fo=0)                   0.000     4.000    clk_IBUF_inst/I
                         INBUF (Prop_INBUF_PAD_O)     0.331     4.331 r  clk_IBUF_inst/INBUF_INST/O
                         net (fo=1, unplaced)         0.000     4.331    clk_IBUF_inst/OUT
                         IBUFCTRL (Prop_IBUFCTRL_I_O)
                                                      0.000     4.331 r  clk_IBUF_inst/IBUFCTRL_INST/O
                         net (fo=1, unplaced)         0.133     4.464    clk_IBUF
                         BUFGCE (Prop_BUFGCE_I_O)     0.024     4.488 r  clk_IBUF_BUFG_inst/O
                         net (fo=185390, unplaced)    2.439     6.927    u_system/u_replay/g_array.u_array/u_array/u_ref/g_row[0].g_col[0].u_pe/u_mul/u_dsp/CLK
                         DSP_M_DATA                                   r  u_system/u_replay/g_array.u_array/u_array/u_ref/g_row[0].g_col[0].u_pe/u_mul/u_dsp/DSP_M_DATA_INST/CLK
                         clock pessimism              0.283     7.210    
                         clock uncertainty           -0.085     7.125    
                         DSP_M_DATA (Setup_DSP_M_DATA_CLK_U[41])
                                                      0.015     7.140    u_system/u_replay/g_array.u_array/u_array/u_ref/g_row[0].g_col[0].u_pe/u_mul/u_dsp/DSP_M_DATA_INST
  -------------------------------------------------------------------
                         required time                          7.140    
                         arrival time                          -5.200    
  -------------------------------------------------------------------
                         slack                                  1.940    

Slack (MET) :             1.940ns  (required time - arrival time)
  Source:                 u_system/u_replay/g_array.u_array/u_array/u_ref/g_row[0].g_col[0].u_pe/u_mul/w1_s0_reg[7]/C
                            (rising edge-triggered cell FDRE clocked by clk  {rise@0.000ns fall@2.000ns period=4.000ns})
  Destination:            u_system/u_replay/g_array.u_array/u_array/u_ref/g_row[0].g_col[0].u_pe/u_mul/u_dsp/DSP_M_DATA_INST/U[42]
                            (rising edge-triggered cell DSP_M_DATA clocked by clk  {rise@0.000ns fall@2.000ns period=4.000ns})
  Path Group:             clk
  Path Type:              Setup (Max at Slow Process Corner)
  Requirement:            4.000ns  (clk rise@4.000ns - clk rise@0.000ns)
  Data Path Delay:        1.845ns  (logic 1.541ns (83.523%)  route 0.304ns (16.477%))
  Logic Levels:           5  (DSP_MULTIPLIER=1 DSP_PREADD=1 DSP_PREADD_DATA=2 LUT1=1)
  Clock Path Skew:        -0.145ns (DCD - SCD + CPR)
    Destination Clock Delay (DCD):    2.927ns = ( 6.927 - 4.000 ) 
    Source Clock Delay      (SCD):    3.355ns
    Clock Pessimism Removal (CPR):    0.283ns
  Clock Uncertainty:      0.085ns  ((TSJ^2 + TIJ^2)^1/2 + DJ) / 2 + PE + UU
    Total System Jitter     (TSJ):    0.071ns
    Total Input Jitter      (TIJ):    0.000ns
    Discrete Jitter          (DJ):    0.000ns
    Phase Error              (PE):    0.000ns
    User Uncertainty         (UU):    0.050ns

    Location             Delay type                Incr(ns)  Path(ns)    Netlist Resource(s)
  -------------------------------------------------------------------    -------------------
                         (clock clk rise edge)        0.000     0.000 r  
                                                      0.000     0.000 r  clk (IN)
                         net (fo=0)                   0.000     0.000    clk_IBUF_inst/I
                         INBUF (Prop_INBUF_PAD_O)     0.582     0.582 r  clk_IBUF_inst/INBUF_INST/O
                         net (fo=1, unplaced)         0.000     0.582    clk_IBUF_inst/OUT
                         IBUFCTRL (Prop_IBUFCTRL_I_O)
                                                      0.000     0.582 r  clk_IBUF_inst/IBUFCTRL_INST/O
                         net (fo=1, unplaced)         0.161     0.743    clk_IBUF
                         BUFGCE (Prop_BUFGCE_I_O)     0.028     0.771 r  clk_IBUF_BUFG_inst/O
                         net (fo=185390, unplaced)    2.584     3.355    u_system/u_replay/g_array.u_array/u_array/u_ref/g_row[0].g_col[0].u_pe/u_mul/clk_IBUF_BUFG
                         FDRE                                         r  u_system/u_replay/g_array.u_array/u_array/u_ref/g_row[0].g_col[0].u_pe/u_mul/w1_s0_reg[7]/C
  -------------------------------------------------------------------    -------------------
                         FDRE (Prop_FDRE_C_Q)         0.077     3.432 r  u_system/u_replay/g_array.u_array/u_array/u_ref/g_row[0].g_col[0].u_pe/u_mul/w1_s0_reg[7]/Q
                         net (fo=1, unplaced)         0.137     3.569    u_system/u_replay/g_array.u_array/u_array/u_ref/g_row[0].g_col[0].u_pe/u_mul/w1_s0[7]
                         LUT1 (Prop_LUT1_I0_O)        0.038     3.607 f  u_system/u_replay/g_array.u_array/u_array/u_ref/g_row[0].g_col[0].u_pe/u_mul/u_dsp_i_1/O
                         net (fo=1, unplaced)         0.167     3.774    u_system/u_replay/g_array.u_array/u_array/u_ref/g_row[0].g_col[0].u_pe/u_mul/u_dsp/D[23]
                         DSP_PREADD_DATA (Prop_DSP_PREADD_DATA_DIN[23]_D_DATA[23])
                                                      0.240     4.014 r  u_system/u_replay/g_array.u_array/u_array/u_ref/g_row[0].g_col[0].u_pe/u_mul/u_dsp/DSP_PREADD_DATA_INST/D_DATA[23]
                         net (fo=1, unplaced)         0.000     4.014    u_system/u_replay/g_array.u_array/u_array/u_ref/g_row[0].g_col[0].u_pe/u_mul/u_dsp/DSP_PREADD_DATA.D_DATA<23>
                         DSP_PREADD (Prop_DSP_PREADD_D_DATA[23]_AD[26])
                                                      0.524     4.538 f  u_system/u_replay/g_array.u_array/u_array/u_ref/g_row[0].g_col[0].u_pe/u_mul/u_dsp/DSP_PREADD_INST/AD[26]
                         net (fo=1, unplaced)         0.000     4.538    u_system/u_replay/g_array.u_array/u_array/u_ref/g_row[0].g_col[0].u_pe/u_mul/u_dsp/DSP_PREADD.AD<26>
                         DSP_PREADD_DATA (Prop_DSP_PREADD_DATA_AD[26]_AD_DATA[26])
                                                      0.050     4.588 r  u_system/u_replay/g_array.u_array/u_array/u_ref/g_row[0].g_col[0].u_pe/u_mul/u_dsp/DSP_PREADD_DATA_INST/AD_DATA[26]
                         net (fo=1, unplaced)         0.000     4.588    u_system/u_replay/g_array.u_array/u_array/u_ref/g_row[0].g_col[0].u_pe/u_mul/u_dsp/DSP_PREADD_DATA.AD_DATA<26>
                         DSP_MULTIPLIER (Prop_DSP_MULTIPLIER_AD_DATA[26]_U[42])
                                                      0.612     5.200 r  u_system/u_replay/g_array.u_array/u_array/u_ref/g_row[0].g_col[0].u_pe/u_mul/u_dsp/DSP_MULTIPLIER_INST/U[42]
                         net (fo=1, unplaced)         0.000     5.200    u_system/u_replay/g_array.u_array/u_array/u_ref/g_row[0].g_col[0].u_pe/u_mul/u_dsp/DSP_MULTIPLIER.U<42>
                         DSP_M_DATA                                   r  u_system/u_replay/g_array.u_array/u_array/u_ref/g_row[0].g_col[0].u_pe/u_mul/u_dsp/DSP_M_DATA_INST/U[42]
  -------------------------------------------------------------------    -------------------

                         (clock clk rise edge)        4.000     4.000 r  
                                                      0.000     4.000 r  clk (IN)
                         net (fo=0)                   0.000     4.000    clk_IBUF_inst/I
                         INBUF (Prop_INBUF_PAD_O)     0.331     4.331 r  clk_IBUF_inst/INBUF_INST/O
                         net (fo=1, unplaced)         0.000     4.331    clk_IBUF_inst/OUT
                         IBUFCTRL (Prop_IBUFCTRL_I_O)
                                                      0.000     4.331 r  clk_IBUF_inst/IBUFCTRL_INST/O
                         net (fo=1, unplaced)         0.133     4.464    clk_IBUF
                         BUFGCE (Prop_BUFGCE_I_O)     0.024     4.488 r  clk_IBUF_BUFG_inst/O
                         net (fo=185390, unplaced)    2.439     6.927    u_system/u_replay/g_array.u_array/u_array/u_ref/g_row[0].g_col[0].u_pe/u_mul/u_dsp/CLK
                         DSP_M_DATA                                   r  u_system/u_replay/g_array.u_array/u_array/u_ref/g_row[0].g_col[0].u_pe/u_mul/u_dsp/DSP_M_DATA_INST/CLK
                         clock pessimism              0.283     7.210    
                         clock uncertainty           -0.085     7.125    
                         DSP_M_DATA (Setup_DSP_M_DATA_CLK_U[42])
                                                      0.015     7.140    u_system/u_replay/g_array.u_array/u_array/u_ref/g_row[0].g_col[0].u_pe/u_mul/u_dsp/DSP_M_DATA_INST
  -------------------------------------------------------------------
                         required time                          7.140    
                         arrival time                          -5.200    
  -------------------------------------------------------------------
                         slack                                  1.940    

Slack (MET) :             1.940ns  (required time - arrival time)
  Source:                 u_system/u_replay/g_array.u_array/u_array/u_ref/g_row[0].g_col[0].u_pe/u_mul/w1_s0_reg[7]/C
                            (rising edge-triggered cell FDRE clocked by clk  {rise@0.000ns fall@2.000ns period=4.000ns})
  Destination:            u_system/u_replay/g_array.u_array/u_array/u_ref/g_row[0].g_col[0].u_pe/u_mul/u_dsp/DSP_M_DATA_INST/U[43]
                            (rising edge-triggered cell DSP_M_DATA clocked by clk  {rise@0.000ns fall@2.000ns period=4.000ns})
  Path Group:             clk
  Path Type:              Setup (Max at Slow Process Corner)
  Requirement:            4.000ns  (clk rise@4.000ns - clk rise@0.000ns)
  Data Path Delay:        1.845ns  (logic 1.541ns (83.523%)  route 0.304ns (16.477%))
  Logic Levels:           5  (DSP_MULTIPLIER=1 DSP_PREADD=1 DSP_PREADD_DATA=2 LUT1=1)
  Clock Path Skew:        -0.145ns (DCD - SCD + CPR)
    Destination Clock Delay (DCD):    2.927ns = ( 6.927 - 4.000 ) 
    Source Clock Delay      (SCD):    3.355ns
    Clock Pessimism Removal (CPR):    0.283ns
  Clock Uncertainty:      0.085ns  ((TSJ^2 + TIJ^2)^1/2 + DJ) / 2 + PE + UU
    Total System Jitter     (TSJ):    0.071ns
    Total Input Jitter      (TIJ):    0.000ns
    Discrete Jitter          (DJ):    0.000ns
    Phase Error              (PE):    0.000ns
    User Uncertainty         (UU):    0.050ns

    Location             Delay type                Incr(ns)  Path(ns)    Netlist Resource(s)
  -------------------------------------------------------------------    -------------------
                         (clock clk rise edge)        0.000     0.000 r  
                                                      0.000     0.000 r  clk (IN)
                         net (fo=0)                   0.000     0.000    clk_IBUF_inst/I
                         INBUF (Prop_INBUF_PAD_O)     0.582     0.582 r  clk_IBUF_inst/INBUF_INST/O
                         net (fo=1, unplaced)         0.000     0.582    clk_IBUF_inst/OUT
                         IBUFCTRL (Prop_IBUFCTRL_I_O)
                                                      0.000     0.582 r  clk_IBUF_inst/IBUFCTRL_INST/O
                         net (fo=1, unplaced)         0.161     0.743    clk_IBUF
                         BUFGCE (Prop_BUFGCE_I_O)     0.028     0.771 r  clk_IBUF_BUFG_inst/O
                         net (fo=185390, unplaced)    2.584     3.355    u_system/u_replay/g_array.u_array/u_array/u_ref/g_row[0].g_col[0].u_pe/u_mul/clk_IBUF_BUFG
                         FDRE                                         r  u_system/u_replay/g_array.u_array/u_array/u_ref/g_row[0].g_col[0].u_pe/u_mul/w1_s0_reg[7]/C
  -------------------------------------------------------------------    -------------------
                         FDRE (Prop_FDRE_C_Q)         0.077     3.432 r  u_system/u_replay/g_array.u_array/u_array/u_ref/g_row[0].g_col[0].u_pe/u_mul/w1_s0_reg[7]/Q
                         net (fo=1, unplaced)         0.137     3.569    u_system/u_replay/g_array.u_array/u_array/u_ref/g_row[0].g_col[0].u_pe/u_mul/w1_s0[7]
                         LUT1 (Prop_LUT1_I0_O)        0.038     3.607 f  u_system/u_replay/g_array.u_array/u_array/u_ref/g_row[0].g_col[0].u_pe/u_mul/u_dsp_i_1/O
                         net (fo=1, unplaced)         0.167     3.774    u_system/u_replay/g_array.u_array/u_array/u_ref/g_row[0].g_col[0].u_pe/u_mul/u_dsp/D[23]
                         DSP_PREADD_DATA (Prop_DSP_PREADD_DATA_DIN[23]_D_DATA[23])
                                                      0.240     4.014 r  u_system/u_replay/g_array.u_array/u_array/u_ref/g_row[0].g_col[0].u_pe/u_mul/u_dsp/DSP_PREADD_DATA_INST/D_DATA[23]
                         net (fo=1, unplaced)         0.000     4.014    u_system/u_replay/g_array.u_array/u_array/u_ref/g_row[0].g_col[0].u_pe/u_mul/u_dsp/DSP_PREADD_DATA.D_DATA<23>
                         DSP_PREADD (Prop_DSP_PREADD_D_DATA[23]_AD[26])
                                                      0.524     4.538 f  u_system/u_replay/g_array.u_array/u_array/u_ref/g_row[0].g_col[0].u_pe/u_mul/u_dsp/DSP_PREADD_INST/AD[26]
                         net (fo=1, unplaced)         0.000     4.538    u_system/u_replay/g_array.u_array/u_array/u_ref/g_row[0].g_col[0].u_pe/u_mul/u_dsp/DSP_PREADD.AD<26>
                         DSP_PREADD_DATA (Prop_DSP_PREADD_DATA_AD[26]_AD_DATA[26])
                                                      0.050     4.588 r  u_system/u_replay/g_array.u_array/u_array/u_ref/g_row[0].g_col[0].u_pe/u_mul/u_dsp/DSP_PREADD_DATA_INST/AD_DATA[26]
                         net (fo=1, unplaced)         0.000     4.588    u_system/u_replay/g_array.u_array/u_array/u_ref/g_row[0].g_col[0].u_pe/u_mul/u_dsp/DSP_PREADD_DATA.AD_DATA<26>
                         DSP_MULTIPLIER (Prop_DSP_MULTIPLIER_AD_DATA[26]_U[43])
                                                      0.612     5.200 r  u_system/u_replay/g_array.u_array/u_array/u_ref/g_row[0].g_col[0].u_pe/u_mul/u_dsp/DSP_MULTIPLIER_INST/U[43]
                         net (fo=1, unplaced)         0.000     5.200    u_system/u_replay/g_array.u_array/u_array/u_ref/g_row[0].g_col[0].u_pe/u_mul/u_dsp/DSP_MULTIPLIER.U<43>
                         DSP_M_DATA                                   r  u_system/u_replay/g_array.u_array/u_array/u_ref/g_row[0].g_col[0].u_pe/u_mul/u_dsp/DSP_M_DATA_INST/U[43]
  -------------------------------------------------------------------    -------------------

                         (clock clk rise edge)        4.000     4.000 r  
                                                      0.000     4.000 r  clk (IN)
                         net (fo=0)                   0.000     4.000    clk_IBUF_inst/I
                         INBUF (Prop_INBUF_PAD_O)     0.331     4.331 r  clk_IBUF_inst/INBUF_INST/O
                         net (fo=1, unplaced)         0.000     4.331    clk_IBUF_inst/OUT
                         IBUFCTRL (Prop_IBUFCTRL_I_O)
                                                      0.000     4.331 r  clk_IBUF_inst/IBUFCTRL_INST/O
                         net (fo=1, unplaced)         0.133     4.464    clk_IBUF
                         BUFGCE (Prop_BUFGCE_I_O)     0.024     4.488 r  clk_IBUF_BUFG_inst/O
                         net (fo=185390, unplaced)    2.439     6.927    u_system/u_replay/g_array.u_array/u_array/u_ref/g_row[0].g_col[0].u_pe/u_mul/u_dsp/CLK
                         DSP_M_DATA                                   r  u_system/u_replay/g_array.u_array/u_array/u_ref/g_row[0].g_col[0].u_pe/u_mul/u_dsp/DSP_M_DATA_INST/CLK
                         clock pessimism              0.283     7.210    
                         clock uncertainty           -0.085     7.125    
                         DSP_M_DATA (Setup_DSP_M_DATA_CLK_U[43])
                                                      0.015     7.140    u_system/u_replay/g_array.u_array/u_array/u_ref/g_row[0].g_col[0].u_pe/u_mul/u_dsp/DSP_M_DATA_INST
  -------------------------------------------------------------------
                         required time                          7.140    
                         arrival time                          -5.200    
  -------------------------------------------------------------------
                         slack                                  1.940    





Pulse Width Checks
--------------------------------------------------------------------------------------
Clock Name:         clk
Waveform(ns):       { 0.000 2.000 }
Period(ns):         4.000
Sources:            { clk }

Check Type        Corner  Lib Pin     Reference Pin  Required(ns)  Actual(ns)  Slack(ns)  Location  Pin
Min Period        n/a     BUFGCE/I    n/a            1.290         4.000       2.710                clk_IBUF_BUFG_inst/I
Min Period        n/a     SRL16E/CLK  n/a            1.064         4.000       2.936                u_system/u_replay/g_array.u_array/u_array/u_ref/adly_reg[10][10][0]_srl8/CLK
Min Period        n/a     SRL16E/CLK  n/a            1.064         4.000       2.936                u_system/u_replay/g_array.u_array/u_array/u_ref/adly_reg[10][10][1]_srl8/CLK
Min Period        n/a     SRL16E/CLK  n/a            1.064         4.000       2.936                u_system/u_replay/g_array.u_array/u_array/u_ref/adly_reg[10][10][2]_srl8/CLK
Min Period        n/a     SRL16E/CLK  n/a            1.064         4.000       2.936                u_system/u_replay/g_array.u_array/u_array/u_ref/adly_reg[10][10][3]_srl8/CLK
Min Period        n/a     SRL16E/CLK  n/a            1.064         4.000       2.936                u_system/u_replay/g_array.u_array/u_array/u_ref/adly_reg[10][10][4]_srl8/CLK
Min Period        n/a     SRL16E/CLK  n/a            1.064         4.000       2.936                u_system/u_replay/g_array.u_array/u_array/u_ref/adly_reg[10][10][5]_srl8/CLK
Min Period        n/a     SRL16E/CLK  n/a            1.064         4.000       2.936                u_system/u_replay/g_array.u_array/u_array/u_ref/adly_reg[10][10][6]_srl8/CLK
Min Period        n/a     SRL16E/CLK  n/a            1.064         4.000       2.936                u_system/u_replay/g_array.u_array/u_array/u_ref/adly_reg[10][10][7]_srl8/CLK
Min Period        n/a     SRL16E/CLK  n/a            1.064         4.000       2.936                u_system/u_replay/g_array.u_array/u_array/u_ref/adly_reg[11][11][0]_srl8/CLK
Min Period        n/a     SRL16E/CLK  n/a            1.064         4.000       2.936                u_system/u_replay/g_array.u_array/u_array/u_ref/adly_reg[11][11][1]_srl8/CLK
Min Period        n/a     SRL16E/CLK  n/a            1.064         4.000       2.936                u_system/u_replay/g_array.u_array/u_array/u_ref/adly_reg[11][11][2]_srl8/CLK
Min Period        n/a     SRL16E/CLK  n/a            1.064         4.000       2.936                u_system/u_replay/g_array.u_array/u_array/u_ref/adly_reg[11][11][3]_srl8/CLK
Min Period        n/a     SRL16E/CLK  n/a            1.064         4.000       2.936                u_system/u_replay/g_array.u_array/u_array/u_ref/adly_reg[11][11][4]_srl8/CLK
Min Period        n/a     SRL16E/CLK  n/a            1.064         4.000       2.936                u_system/u_replay/g_array.u_array/u_array/u_ref/adly_reg[11][11][5]_srl8/CLK
Min Period        n/a     SRL16E/CLK  n/a            1.064         4.000       2.936                u_system/u_replay/g_array.u_array/u_array/u_ref/adly_reg[11][11][6]_srl8/CLK
Min Period        n/a     SRL16E/CLK  n/a            1.064         4.000       2.936                u_system/u_replay/g_array.u_array/u_array/u_ref/adly_reg[11][11][7]_srl8/CLK
Min Period        n/a     SRL16E/CLK  n/a            1.064         4.000       2.936                u_system/u_replay/g_array.u_array/u_array/u_ref/adly_reg[12][12][0]_srl8/CLK
Min Period        n/a     SRL16E/CLK  n/a            1.064         4.000       2.936                u_system/u_replay/g_array.u_array/u_array/u_ref/adly_reg[12][12][1]_srl8/CLK
Min Period        n/a     SRL16E/CLK  n/a            1.064         4.000       2.936                u_system/u_replay/g_array.u_array/u_array/u_ref/adly_reg[12][12][2]_srl8/CLK
Low Pulse Width   Slow    SRL16E/CLK  n/a            0.532         2.000       1.468                u_system/u_replay/g_array.u_array/u_array/u_ref/adly_reg[10][10][0]_srl8/CLK
Low Pulse Width   Fast    SRL16E/CLK  n/a            0.532         2.000       1.468                u_system/u_replay/g_array.u_array/u_array/u_ref/adly_reg[10][10][0]_srl8/CLK
Low Pulse Width   Slow    SRL16E/CLK  n/a            0.532         2.000       1.468                u_system/u_replay/g_array.u_array/u_array/u_ref/adly_reg[10][10][1]_srl8/CLK
Low Pulse Width   Fast    SRL16E/CLK  n/a            0.532         2.000       1.468                u_system/u_replay/g_array.u_array/u_array/u_ref/adly_reg[10][10][1]_srl8/CLK
Low Pulse Width   Slow    SRL16E/CLK  n/a            0.532         2.000       1.468                u_system/u_replay/g_array.u_array/u_array/u_ref/adly_reg[10][10][2]_srl8/CLK
Low Pulse Width   Fast    SRL16E/CLK  n/a            0.532         2.000       1.468                u_system/u_replay/g_array.u_array/u_array/u_ref/adly_reg[10][10][2]_srl8/CLK
Low Pulse Width   Slow    SRL16E/CLK  n/a            0.532         2.000       1.468                u_system/u_replay/g_array.u_array/u_array/u_ref/adly_reg[10][10][3]_srl8/CLK
Low Pulse Width   Fast    SRL16E/CLK  n/a            0.532         2.000       1.468                u_system/u_replay/g_array.u_array/u_array/u_ref/adly_reg[10][10][3]_srl8/CLK
Low Pulse Width   Slow    SRL16E/CLK  n/a            0.532         2.000       1.468                u_system/u_replay/g_array.u_array/u_array/u_ref/adly_reg[10][10][4]_srl8/CLK
Low Pulse Width   Fast    SRL16E/CLK  n/a            0.532         2.000       1.468                u_system/u_replay/g_array.u_array/u_array/u_ref/adly_reg[10][10][4]_srl8/CLK
Low Pulse Width   Slow    SRL16E/CLK  n/a            0.532         2.000       1.468                u_system/u_replay/g_array.u_array/u_array/u_ref/adly_reg[10][10][5]_srl8/CLK
Low Pulse Width   Fast    SRL16E/CLK  n/a            0.532         2.000       1.468                u_system/u_replay/g_array.u_array/u_array/u_ref/adly_reg[10][10][5]_srl8/CLK
Low Pulse Width   Slow    SRL16E/CLK  n/a            0.532         2.000       1.468                u_system/u_replay/g_array.u_array/u_array/u_ref/adly_reg[10][10][6]_srl8/CLK
Low Pulse Width   Fast    SRL16E/CLK  n/a            0.532         2.000       1.468                u_system/u_replay/g_array.u_array/u_array/u_ref/adly_reg[10][10][6]_srl8/CLK
Low Pulse Width   Slow    SRL16E/CLK  n/a            0.532         2.000       1.468                u_system/u_replay/g_array.u_array/u_array/u_ref/adly_reg[10][10][7]_srl8/CLK
Low Pulse Width   Fast    SRL16E/CLK  n/a            0.532         2.000       1.468                u_system/u_replay/g_array.u_array/u_array/u_ref/adly_reg[10][10][7]_srl8/CLK
Low Pulse Width   Slow    SRL16E/CLK  n/a            0.532         2.000       1.468                u_system/u_replay/g_array.u_array/u_array/u_ref/adly_reg[11][11][0]_srl8/CLK
Low Pulse Width   Fast    SRL16E/CLK  n/a            0.532         2.000       1.468                u_system/u_replay/g_array.u_array/u_array/u_ref/adly_reg[11][11][0]_srl8/CLK
Low Pulse Width   Slow    SRL16E/CLK  n/a            0.532         2.000       1.468                u_system/u_replay/g_array.u_array/u_array/u_ref/adly_reg[11][11][1]_srl8/CLK
Low Pulse Width   Fast    SRL16E/CLK  n/a            0.532         2.000       1.468                u_system/u_replay/g_array.u_array/u_array/u_ref/adly_reg[11][11][1]_srl8/CLK
High Pulse Width  Slow    SRL16E/CLK  n/a            0.532         2.000       1.468                u_system/u_replay/g_array.u_array/u_array/u_ref/adly_reg[10][10][0]_srl8/CLK
High Pulse Width  Fast    SRL16E/CLK  n/a            0.532         2.000       1.468                u_system/u_replay/g_array.u_array/u_array/u_ref/adly_reg[10][10][0]_srl8/CLK
High Pulse Width  Slow    SRL16E/CLK  n/a            0.532         2.000       1.468                u_system/u_replay/g_array.u_array/u_array/u_ref/adly_reg[10][10][1]_srl8/CLK
High Pulse Width  Fast    SRL16E/CLK  n/a            0.532         2.000       1.468                u_system/u_replay/g_array.u_array/u_array/u_ref/adly_reg[10][10][1]_srl8/CLK
High Pulse Width  Slow    SRL16E/CLK  n/a            0.532         2.000       1.468                u_system/u_replay/g_array.u_array/u_array/u_ref/adly_reg[10][10][2]_srl8/CLK
High Pulse Width  Fast    SRL16E/CLK  n/a            0.532         2.000       1.468                u_system/u_replay/g_array.u_array/u_array/u_ref/adly_reg[10][10][2]_srl8/CLK
High Pulse Width  Slow    SRL16E/CLK  n/a            0.532         2.000       1.468                u_system/u_replay/g_array.u_array/u_array/u_ref/adly_reg[10][10][3]_srl8/CLK
High Pulse Width  Fast    SRL16E/CLK  n/a            0.532         2.000       1.468                u_system/u_replay/g_array.u_array/u_array/u_ref/adly_reg[10][10][3]_srl8/CLK
High Pulse Width  Slow    SRL16E/CLK  n/a            0.532         2.000       1.468                u_system/u_replay/g_array.u_array/u_array/u_ref/adly_reg[10][10][4]_srl8/CLK
High Pulse Width  Fast    SRL16E/CLK  n/a            0.532         2.000       1.468                u_system/u_replay/g_array.u_array/u_array/u_ref/adly_reg[10][10][4]_srl8/CLK
High Pulse Width  Slow    SRL16E/CLK  n/a            0.532         2.000       1.468                u_system/u_replay/g_array.u_array/u_array/u_ref/adly_reg[10][10][5]_srl8/CLK
High Pulse Width  Fast    SRL16E/CLK  n/a            0.532         2.000       1.468                u_system/u_replay/g_array.u_array/u_array/u_ref/adly_reg[10][10][5]_srl8/CLK
High Pulse Width  Slow    SRL16E/CLK  n/a            0.532         2.000       1.468                u_system/u_replay/g_array.u_array/u_array/u_ref/adly_reg[10][10][6]_srl8/CLK
High Pulse Width  Fast    SRL16E/CLK  n/a            0.532         2.000       1.468                u_system/u_replay/g_array.u_array/u_array/u_ref/adly_reg[10][10][6]_srl8/CLK
High Pulse Width  Slow    SRL16E/CLK  n/a            0.532         2.000       1.468                u_system/u_replay/g_array.u_array/u_array/u_ref/adly_reg[10][10][7]_srl8/CLK
High Pulse Width  Fast    SRL16E/CLK  n/a            0.532         2.000       1.468                u_system/u_replay/g_array.u_array/u_array/u_ref/adly_reg[10][10][7]_srl8/CLK
High Pulse Width  Slow    SRL16E/CLK  n/a            0.532         2.000       1.468                u_system/u_replay/g_array.u_array/u_array/u_ref/adly_reg[11][11][0]_srl8/CLK
High Pulse Width  Fast    SRL16E/CLK  n/a            0.532         2.000       1.468                u_system/u_replay/g_array.u_array/u_array/u_ref/adly_reg[11][11][0]_srl8/CLK
High Pulse Width  Slow    SRL16E/CLK  n/a            0.532         2.000       1.468                u_system/u_replay/g_array.u_array/u_array/u_ref/adly_reg[11][11][1]_srl8/CLK
High Pulse Width  Fast    SRL16E/CLK  n/a            0.532         2.000       1.468                u_system/u_replay/g_array.u_array/u_array/u_ref/adly_reg[11][11][1]_srl8/CLK



